round,client_i,client_j,model_name,dataset,alpha,layer_index,layer_name,cka_diagonal
1,0,1,vit_tiny,cifar10,0.03,0,base.patch_embed,0.989701
1,0,1,vit_tiny,cifar10,0.03,1,base.blocks.0,0.988300
1,0,1,vit_tiny,cifar10,0.03,2,base.blocks.1,0.987504
1,0,1,vit_tiny,cifar10,0.03,3,base.blocks.2,0.986645
1,0,1,vit_tiny,cifar10,0.03,4,base.blocks.3,0.985398
1,0,1,vit_tiny,cifar10,0.03,5,base.blocks.4,0.982445
1,0,1,vit_tiny,cifar10,0.03,6,base.blocks.5,0.979637
1,0,1,vit_tiny,cifar10,0.03,7,base.blocks.6,0.976119
1,0,1,vit_tiny,cifar10,0.03,8,base.blocks.7,0.972228
1,0,1,vit_tiny,cifar10,0.03,9,base.blocks.8,0.969096
1,0,1,vit_tiny,cifar10,0.03,10,base.blocks.9,0.966612
1,0,1,vit_tiny,cifar10,0.03,11,base.blocks.10,0.962338
1,0,1,vit_tiny,cifar10,0.03,12,base.blocks.11,0.956618
1,0,1,vit_tiny,cifar10,0.03,13,base.norm,0.924598
1,0,1,vit_tiny,cifar10,0.03,14,classifier,0.661408
1,0,2,vit_tiny,cifar10,0.03,0,base.patch_embed,0.992831
1,0,2,vit_tiny,cifar10,0.03,1,base.blocks.0,0.992512
1,0,2,vit_tiny,cifar10,0.03,2,base.blocks.1,0.990337
1,0,2,vit_tiny,cifar10,0.03,3,base.blocks.2,0.988996
1,0,2,vit_tiny,cifar10,0.03,4,base.blocks.3,0.986728
1,0,2,vit_tiny,cifar10,0.03,5,base.blocks.4,0.983545
1,0,2,vit_tiny,cifar10,0.03,6,base.blocks.5,0.979823
1,0,2,vit_tiny,cifar10,0.03,7,base.blocks.6,0.975941
1,0,2,vit_tiny,cifar10,0.03,8,base.blocks.7,0.971183
1,0,2,vit_tiny,cifar10,0.03,9,base.blocks.8,0.967342
1,0,2,vit_tiny,cifar10,0.03,10,base.blocks.9,0.963544
1,0,2,vit_tiny,cifar10,0.03,11,base.blocks.10,0.958433
1,0,2,vit_tiny,cifar10,0.03,12,base.blocks.11,0.953293
1,0,2,vit_tiny,cifar10,0.03,13,base.norm,0.905729
1,0,2,vit_tiny,cifar10,0.03,14,classifier,0.312879
1,0,3,vit_tiny,cifar10,0.03,0,base.patch_embed,0.963365
1,0,3,vit_tiny,cifar10,0.03,1,base.blocks.0,0.951736
1,0,3,vit_tiny,cifar10,0.03,2,base.blocks.1,0.950756
1,0,3,vit_tiny,cifar10,0.03,3,base.blocks.2,0.947635
1,0,3,vit_tiny,cifar10,0.03,4,base.blocks.3,0.948052
1,0,3,vit_tiny,cifar10,0.03,5,base.blocks.4,0.945917
1,0,3,vit_tiny,cifar10,0.03,6,base.blocks.5,0.943062
1,0,3,vit_tiny,cifar10,0.03,7,base.blocks.6,0.939781
1,0,3,vit_tiny,cifar10,0.03,8,base.blocks.7,0.938181
1,0,3,vit_tiny,cifar10,0.03,9,base.blocks.8,0.937951
1,0,3,vit_tiny,cifar10,0.03,10,base.blocks.9,0.936479
1,0,3,vit_tiny,cifar10,0.03,11,base.blocks.10,0.933456
1,0,3,vit_tiny,cifar10,0.03,12,base.blocks.11,0.928407
1,0,3,vit_tiny,cifar10,0.03,13,base.norm,0.897467
1,0,3,vit_tiny,cifar10,0.03,14,classifier,0.523352
1,0,4,vit_tiny,cifar10,0.03,0,base.patch_embed,0.990774
1,0,4,vit_tiny,cifar10,0.03,1,base.blocks.0,0.981453
1,0,4,vit_tiny,cifar10,0.03,2,base.blocks.1,0.971161
1,0,4,vit_tiny,cifar10,0.03,3,base.blocks.2,0.957398
1,0,4,vit_tiny,cifar10,0.03,4,base.blocks.3,0.943692
1,0,4,vit_tiny,cifar10,0.03,5,base.blocks.4,0.927383
1,0,4,vit_tiny,cifar10,0.03,6,base.blocks.5,0.904617
1,0,4,vit_tiny,cifar10,0.03,7,base.blocks.6,0.888547
1,0,4,vit_tiny,cifar10,0.03,8,base.blocks.7,0.870648
1,0,4,vit_tiny,cifar10,0.03,9,base.blocks.8,0.856740
1,0,4,vit_tiny,cifar10,0.03,10,base.blocks.9,0.840004
1,0,4,vit_tiny,cifar10,0.03,11,base.blocks.10,0.825316
1,0,4,vit_tiny,cifar10,0.03,12,base.blocks.11,0.806134
1,0,4,vit_tiny,cifar10,0.03,13,base.norm,0.731789
1,0,4,vit_tiny,cifar10,0.03,14,classifier,0.552497
1,0,5,vit_tiny,cifar10,0.03,0,base.patch_embed,0.999018
1,0,5,vit_tiny,cifar10,0.03,1,base.blocks.0,0.998772
1,0,5,vit_tiny,cifar10,0.03,2,base.blocks.1,0.998125
1,0,5,vit_tiny,cifar10,0.03,3,base.blocks.2,0.997184
1,0,5,vit_tiny,cifar10,0.03,4,base.blocks.3,0.995137
1,0,5,vit_tiny,cifar10,0.03,5,base.blocks.4,0.993000
1,0,5,vit_tiny,cifar10,0.03,6,base.blocks.5,0.989248
1,0,5,vit_tiny,cifar10,0.03,7,base.blocks.6,0.985991
1,0,5,vit_tiny,cifar10,0.03,8,base.blocks.7,0.984518
1,0,5,vit_tiny,cifar10,0.03,9,base.blocks.8,0.981357
1,0,5,vit_tiny,cifar10,0.03,10,base.blocks.9,0.977454
1,0,5,vit_tiny,cifar10,0.03,11,base.blocks.10,0.973435
1,0,5,vit_tiny,cifar10,0.03,12,base.blocks.11,0.967522
1,0,5,vit_tiny,cifar10,0.03,13,base.norm,0.936359
1,0,5,vit_tiny,cifar10,0.03,14,classifier,0.338374
1,0,6,vit_tiny,cifar10,0.03,0,base.patch_embed,0.918897
1,0,6,vit_tiny,cifar10,0.03,1,base.blocks.0,0.911465
1,0,6,vit_tiny,cifar10,0.03,2,base.blocks.1,0.903449
1,0,6,vit_tiny,cifar10,0.03,3,base.blocks.2,0.892023
1,0,6,vit_tiny,cifar10,0.03,4,base.blocks.3,0.880044
1,0,6,vit_tiny,cifar10,0.03,5,base.blocks.4,0.871371
1,0,6,vit_tiny,cifar10,0.03,6,base.blocks.5,0.868705
1,0,6,vit_tiny,cifar10,0.03,7,base.blocks.6,0.864933
1,0,6,vit_tiny,cifar10,0.03,8,base.blocks.7,0.858675
1,0,6,vit_tiny,cifar10,0.03,9,base.blocks.8,0.854805
1,0,6,vit_tiny,cifar10,0.03,10,base.blocks.9,0.851370
1,0,6,vit_tiny,cifar10,0.03,11,base.blocks.10,0.846637
1,0,6,vit_tiny,cifar10,0.03,12,base.blocks.11,0.842783
1,0,6,vit_tiny,cifar10,0.03,13,base.norm,0.808637
1,0,6,vit_tiny,cifar10,0.03,14,classifier,0.576646
1,0,7,vit_tiny,cifar10,0.03,0,base.patch_embed,0.978761
1,0,7,vit_tiny,cifar10,0.03,1,base.blocks.0,0.978714
1,0,7,vit_tiny,cifar10,0.03,2,base.blocks.1,0.978934
1,0,7,vit_tiny,cifar10,0.03,3,base.blocks.2,0.976638
1,0,7,vit_tiny,cifar10,0.03,4,base.blocks.3,0.973558
1,0,7,vit_tiny,cifar10,0.03,5,base.blocks.4,0.970290
1,0,7,vit_tiny,cifar10,0.03,6,base.blocks.5,0.963949
1,0,7,vit_tiny,cifar10,0.03,7,base.blocks.6,0.955729
1,0,7,vit_tiny,cifar10,0.03,8,base.blocks.7,0.945182
1,0,7,vit_tiny,cifar10,0.03,9,base.blocks.8,0.935370
1,0,7,vit_tiny,cifar10,0.03,10,base.blocks.9,0.924493
1,0,7,vit_tiny,cifar10,0.03,11,base.blocks.10,0.913543
1,0,7,vit_tiny,cifar10,0.03,12,base.blocks.11,0.899565
1,0,7,vit_tiny,cifar10,0.03,13,base.norm,0.872523
1,0,7,vit_tiny,cifar10,0.03,14,classifier,0.585268
1,0,8,vit_tiny,cifar10,0.03,0,base.patch_embed,0.998312
1,0,8,vit_tiny,cifar10,0.03,1,base.blocks.0,0.998251
1,0,8,vit_tiny,cifar10,0.03,2,base.blocks.1,0.997680
1,0,8,vit_tiny,cifar10,0.03,3,base.blocks.2,0.996917
1,0,8,vit_tiny,cifar10,0.03,4,base.blocks.3,0.995644
1,0,8,vit_tiny,cifar10,0.03,5,base.blocks.4,0.993800
1,0,8,vit_tiny,cifar10,0.03,6,base.blocks.5,0.991569
1,0,8,vit_tiny,cifar10,0.03,7,base.blocks.6,0.989546
1,0,8,vit_tiny,cifar10,0.03,8,base.blocks.7,0.985980
1,0,8,vit_tiny,cifar10,0.03,9,base.blocks.8,0.982771
1,0,8,vit_tiny,cifar10,0.03,10,base.blocks.9,0.979564
1,0,8,vit_tiny,cifar10,0.03,11,base.blocks.10,0.975134
1,0,8,vit_tiny,cifar10,0.03,12,base.blocks.11,0.969611
1,0,8,vit_tiny,cifar10,0.03,13,base.norm,0.941381
1,0,8,vit_tiny,cifar10,0.03,14,classifier,0.365373
1,0,9,vit_tiny,cifar10,0.03,0,base.patch_embed,0.988836
1,0,9,vit_tiny,cifar10,0.03,1,base.blocks.0,0.978826
1,0,9,vit_tiny,cifar10,0.03,2,base.blocks.1,0.970750
1,0,9,vit_tiny,cifar10,0.03,3,base.blocks.2,0.959969
1,0,9,vit_tiny,cifar10,0.03,4,base.blocks.3,0.942237
1,0,9,vit_tiny,cifar10,0.03,5,base.blocks.4,0.927071
1,0,9,vit_tiny,cifar10,0.03,6,base.blocks.5,0.911098
1,0,9,vit_tiny,cifar10,0.03,7,base.blocks.6,0.894112
1,0,9,vit_tiny,cifar10,0.03,8,base.blocks.7,0.875653
1,0,9,vit_tiny,cifar10,0.03,9,base.blocks.8,0.855227
1,0,9,vit_tiny,cifar10,0.03,10,base.blocks.9,0.836545
1,0,9,vit_tiny,cifar10,0.03,11,base.blocks.10,0.820381
1,0,9,vit_tiny,cifar10,0.03,12,base.blocks.11,0.803788
1,0,9,vit_tiny,cifar10,0.03,13,base.norm,0.784166
1,0,9,vit_tiny,cifar10,0.03,14,classifier,0.643019
1,1,2,vit_tiny,cifar10,0.03,0,base.patch_embed,0.987254
1,1,2,vit_tiny,cifar10,0.03,1,base.blocks.0,0.985930
1,1,2,vit_tiny,cifar10,0.03,2,base.blocks.1,0.985003
1,1,2,vit_tiny,cifar10,0.03,3,base.blocks.2,0.984394
1,1,2,vit_tiny,cifar10,0.03,4,base.blocks.3,0.983856
1,1,2,vit_tiny,cifar10,0.03,5,base.blocks.4,0.984076
1,1,2,vit_tiny,cifar10,0.03,6,base.blocks.5,0.983989
1,1,2,vit_tiny,cifar10,0.03,7,base.blocks.6,0.983693
1,1,2,vit_tiny,cifar10,0.03,8,base.blocks.7,0.983174
1,1,2,vit_tiny,cifar10,0.03,9,base.blocks.8,0.982540
1,1,2,vit_tiny,cifar10,0.03,10,base.blocks.9,0.982776
1,1,2,vit_tiny,cifar10,0.03,11,base.blocks.10,0.982714
1,1,2,vit_tiny,cifar10,0.03,12,base.blocks.11,0.982662
1,1,2,vit_tiny,cifar10,0.03,13,base.norm,0.976229
1,1,2,vit_tiny,cifar10,0.03,14,classifier,0.686635
1,1,3,vit_tiny,cifar10,0.03,0,base.patch_embed,0.981208
1,1,3,vit_tiny,cifar10,0.03,1,base.blocks.0,0.974911
1,1,3,vit_tiny,cifar10,0.03,2,base.blocks.1,0.971685
1,1,3,vit_tiny,cifar10,0.03,3,base.blocks.2,0.968800
1,1,3,vit_tiny,cifar10,0.03,4,base.blocks.3,0.967710
1,1,3,vit_tiny,cifar10,0.03,5,base.blocks.4,0.964853
1,1,3,vit_tiny,cifar10,0.03,6,base.blocks.5,0.962013
1,1,3,vit_tiny,cifar10,0.03,7,base.blocks.6,0.961231
1,1,3,vit_tiny,cifar10,0.03,8,base.blocks.7,0.961768
1,1,3,vit_tiny,cifar10,0.03,9,base.blocks.8,0.963336
1,1,3,vit_tiny,cifar10,0.03,10,base.blocks.9,0.962748
1,1,3,vit_tiny,cifar10,0.03,11,base.blocks.10,0.962027
1,1,3,vit_tiny,cifar10,0.03,12,base.blocks.11,0.962689
1,1,3,vit_tiny,cifar10,0.03,13,base.norm,0.958143
1,1,3,vit_tiny,cifar10,0.03,14,classifier,0.532518
1,1,4,vit_tiny,cifar10,0.03,0,base.patch_embed,0.980472
1,1,4,vit_tiny,cifar10,0.03,1,base.blocks.0,0.970729
1,1,4,vit_tiny,cifar10,0.03,2,base.blocks.1,0.957975
1,1,4,vit_tiny,cifar10,0.03,3,base.blocks.2,0.942759
1,1,4,vit_tiny,cifar10,0.03,4,base.blocks.3,0.926178
1,1,4,vit_tiny,cifar10,0.03,5,base.blocks.4,0.905145
1,1,4,vit_tiny,cifar10,0.03,6,base.blocks.5,0.878248
1,1,4,vit_tiny,cifar10,0.03,7,base.blocks.6,0.857718
1,1,4,vit_tiny,cifar10,0.03,8,base.blocks.7,0.838005
1,1,4,vit_tiny,cifar10,0.03,9,base.blocks.8,0.821974
1,1,4,vit_tiny,cifar10,0.03,10,base.blocks.9,0.802677
1,1,4,vit_tiny,cifar10,0.03,11,base.blocks.10,0.788456
1,1,4,vit_tiny,cifar10,0.03,12,base.blocks.11,0.770281
1,1,4,vit_tiny,cifar10,0.03,13,base.norm,0.698010
1,1,4,vit_tiny,cifar10,0.03,14,classifier,0.603409
1,1,5,vit_tiny,cifar10,0.03,0,base.patch_embed,0.993485
1,1,5,vit_tiny,cifar10,0.03,1,base.blocks.0,0.992426
1,1,5,vit_tiny,cifar10,0.03,2,base.blocks.1,0.990925
1,1,5,vit_tiny,cifar10,0.03,3,base.blocks.2,0.989779
1,1,5,vit_tiny,cifar10,0.03,4,base.blocks.3,0.986921
1,1,5,vit_tiny,cifar10,0.03,5,base.blocks.4,0.984583
1,1,5,vit_tiny,cifar10,0.03,6,base.blocks.5,0.981651
1,1,5,vit_tiny,cifar10,0.03,7,base.blocks.6,0.979157
1,1,5,vit_tiny,cifar10,0.03,8,base.blocks.7,0.978612
1,1,5,vit_tiny,cifar10,0.03,9,base.blocks.8,0.977780
1,1,5,vit_tiny,cifar10,0.03,10,base.blocks.9,0.976982
1,1,5,vit_tiny,cifar10,0.03,11,base.blocks.10,0.978380
1,1,5,vit_tiny,cifar10,0.03,12,base.blocks.11,0.976401
1,1,5,vit_tiny,cifar10,0.03,13,base.norm,0.949219
1,1,5,vit_tiny,cifar10,0.03,14,classifier,0.625152
1,1,6,vit_tiny,cifar10,0.03,0,base.patch_embed,0.915199
1,1,6,vit_tiny,cifar10,0.03,1,base.blocks.0,0.912524
1,1,6,vit_tiny,cifar10,0.03,2,base.blocks.1,0.899813
1,1,6,vit_tiny,cifar10,0.03,3,base.blocks.2,0.888159
1,1,6,vit_tiny,cifar10,0.03,4,base.blocks.3,0.873635
1,1,6,vit_tiny,cifar10,0.03,5,base.blocks.4,0.859886
1,1,6,vit_tiny,cifar10,0.03,6,base.blocks.5,0.853584
1,1,6,vit_tiny,cifar10,0.03,7,base.blocks.6,0.849855
1,1,6,vit_tiny,cifar10,0.03,8,base.blocks.7,0.843831
1,1,6,vit_tiny,cifar10,0.03,9,base.blocks.8,0.842303
1,1,6,vit_tiny,cifar10,0.03,10,base.blocks.9,0.840552
1,1,6,vit_tiny,cifar10,0.03,11,base.blocks.10,0.836829
1,1,6,vit_tiny,cifar10,0.03,12,base.blocks.11,0.838962
1,1,6,vit_tiny,cifar10,0.03,13,base.norm,0.827454
1,1,6,vit_tiny,cifar10,0.03,14,classifier,0.722369
1,1,7,vit_tiny,cifar10,0.03,0,base.patch_embed,0.983859
1,1,7,vit_tiny,cifar10,0.03,1,base.blocks.0,0.983764
1,1,7,vit_tiny,cifar10,0.03,2,base.blocks.1,0.981552
1,1,7,vit_tiny,cifar10,0.03,3,base.blocks.2,0.978767
1,1,7,vit_tiny,cifar10,0.03,4,base.blocks.3,0.973605
1,1,7,vit_tiny,cifar10,0.03,5,base.blocks.4,0.968618
1,1,7,vit_tiny,cifar10,0.03,6,base.blocks.5,0.962496
1,1,7,vit_tiny,cifar10,0.03,7,base.blocks.6,0.954294
1,1,7,vit_tiny,cifar10,0.03,8,base.blocks.7,0.944205
1,1,7,vit_tiny,cifar10,0.03,9,base.blocks.8,0.936288
1,1,7,vit_tiny,cifar10,0.03,10,base.blocks.9,0.926813
1,1,7,vit_tiny,cifar10,0.03,11,base.blocks.10,0.918379
1,1,7,vit_tiny,cifar10,0.03,12,base.blocks.11,0.909573
1,1,7,vit_tiny,cifar10,0.03,13,base.norm,0.892072
1,1,7,vit_tiny,cifar10,0.03,14,classifier,0.836701
1,1,8,vit_tiny,cifar10,0.03,0,base.patch_embed,0.983432
1,1,8,vit_tiny,cifar10,0.03,1,base.blocks.0,0.983142
1,1,8,vit_tiny,cifar10,0.03,2,base.blocks.1,0.981885
1,1,8,vit_tiny,cifar10,0.03,3,base.blocks.2,0.981538
1,1,8,vit_tiny,cifar10,0.03,4,base.blocks.3,0.980722
1,1,8,vit_tiny,cifar10,0.03,5,base.blocks.4,0.979697
1,1,8,vit_tiny,cifar10,0.03,6,base.blocks.5,0.979208
1,1,8,vit_tiny,cifar10,0.03,7,base.blocks.6,0.979334
1,1,8,vit_tiny,cifar10,0.03,8,base.blocks.7,0.977546
1,1,8,vit_tiny,cifar10,0.03,9,base.blocks.8,0.977483
1,1,8,vit_tiny,cifar10,0.03,10,base.blocks.9,0.976916
1,1,8,vit_tiny,cifar10,0.03,11,base.blocks.10,0.977306
1,1,8,vit_tiny,cifar10,0.03,12,base.blocks.11,0.977119
1,1,8,vit_tiny,cifar10,0.03,13,base.norm,0.966499
1,1,8,vit_tiny,cifar10,0.03,14,classifier,0.756220
1,1,9,vit_tiny,cifar10,0.03,0,base.patch_embed,0.971199
1,1,9,vit_tiny,cifar10,0.03,1,base.blocks.0,0.957160
1,1,9,vit_tiny,cifar10,0.03,2,base.blocks.1,0.941317
1,1,9,vit_tiny,cifar10,0.03,3,base.blocks.2,0.925097
1,1,9,vit_tiny,cifar10,0.03,4,base.blocks.3,0.900273
1,1,9,vit_tiny,cifar10,0.03,5,base.blocks.4,0.877132
1,1,9,vit_tiny,cifar10,0.03,6,base.blocks.5,0.855158
1,1,9,vit_tiny,cifar10,0.03,7,base.blocks.6,0.832557
1,1,9,vit_tiny,cifar10,0.03,8,base.blocks.7,0.809123
1,1,9,vit_tiny,cifar10,0.03,9,base.blocks.8,0.786880
1,1,9,vit_tiny,cifar10,0.03,10,base.blocks.9,0.769183
1,1,9,vit_tiny,cifar10,0.03,11,base.blocks.10,0.754022
1,1,9,vit_tiny,cifar10,0.03,12,base.blocks.11,0.741176
1,1,9,vit_tiny,cifar10,0.03,13,base.norm,0.748450
1,1,9,vit_tiny,cifar10,0.03,14,classifier,0.662448
1,2,3,vit_tiny,cifar10,0.03,0,base.patch_embed,0.953802
1,2,3,vit_tiny,cifar10,0.03,1,base.blocks.0,0.940417
1,2,3,vit_tiny,cifar10,0.03,2,base.blocks.1,0.933791
1,2,3,vit_tiny,cifar10,0.03,3,base.blocks.2,0.927772
1,2,3,vit_tiny,cifar10,0.03,4,base.blocks.3,0.924858
1,2,3,vit_tiny,cifar10,0.03,5,base.blocks.4,0.922484
1,2,3,vit_tiny,cifar10,0.03,6,base.blocks.5,0.918490
1,2,3,vit_tiny,cifar10,0.03,7,base.blocks.6,0.916037
1,2,3,vit_tiny,cifar10,0.03,8,base.blocks.7,0.914933
1,2,3,vit_tiny,cifar10,0.03,9,base.blocks.8,0.916157
1,2,3,vit_tiny,cifar10,0.03,10,base.blocks.9,0.915635
1,2,3,vit_tiny,cifar10,0.03,11,base.blocks.10,0.913548
1,2,3,vit_tiny,cifar10,0.03,12,base.blocks.11,0.914753
1,2,3,vit_tiny,cifar10,0.03,13,base.norm,0.894713
1,2,3,vit_tiny,cifar10,0.03,14,classifier,0.371075
1,2,4,vit_tiny,cifar10,0.03,0,base.patch_embed,0.975874
1,2,4,vit_tiny,cifar10,0.03,1,base.blocks.0,0.962576
1,2,4,vit_tiny,cifar10,0.03,2,base.blocks.1,0.944531
1,2,4,vit_tiny,cifar10,0.03,3,base.blocks.2,0.925070
1,2,4,vit_tiny,cifar10,0.03,4,base.blocks.3,0.904325
1,2,4,vit_tiny,cifar10,0.03,5,base.blocks.4,0.880103
1,2,4,vit_tiny,cifar10,0.03,6,base.blocks.5,0.849072
1,2,4,vit_tiny,cifar10,0.03,7,base.blocks.6,0.825910
1,2,4,vit_tiny,cifar10,0.03,8,base.blocks.7,0.800848
1,2,4,vit_tiny,cifar10,0.03,9,base.blocks.8,0.784104
1,2,4,vit_tiny,cifar10,0.03,10,base.blocks.9,0.764812
1,2,4,vit_tiny,cifar10,0.03,11,base.blocks.10,0.747731
1,2,4,vit_tiny,cifar10,0.03,12,base.blocks.11,0.729545
1,2,4,vit_tiny,cifar10,0.03,13,base.norm,0.626978
1,2,4,vit_tiny,cifar10,0.03,14,classifier,0.118701
1,2,5,vit_tiny,cifar10,0.03,0,base.patch_embed,0.991534
1,2,5,vit_tiny,cifar10,0.03,1,base.blocks.0,0.991747
1,2,5,vit_tiny,cifar10,0.03,2,base.blocks.1,0.991634
1,2,5,vit_tiny,cifar10,0.03,3,base.blocks.2,0.991466
1,2,5,vit_tiny,cifar10,0.03,4,base.blocks.3,0.990782
1,2,5,vit_tiny,cifar10,0.03,5,base.blocks.4,0.989909
1,2,5,vit_tiny,cifar10,0.03,6,base.blocks.5,0.988398
1,2,5,vit_tiny,cifar10,0.03,7,base.blocks.6,0.986246
1,2,5,vit_tiny,cifar10,0.03,8,base.blocks.7,0.984236
1,2,5,vit_tiny,cifar10,0.03,9,base.blocks.8,0.982767
1,2,5,vit_tiny,cifar10,0.03,10,base.blocks.9,0.982761
1,2,5,vit_tiny,cifar10,0.03,11,base.blocks.10,0.982965
1,2,5,vit_tiny,cifar10,0.03,12,base.blocks.11,0.981698
1,2,5,vit_tiny,cifar10,0.03,13,base.norm,0.939633
1,2,5,vit_tiny,cifar10,0.03,14,classifier,0.430837
1,2,6,vit_tiny,cifar10,0.03,0,base.patch_embed,0.892160
1,2,6,vit_tiny,cifar10,0.03,1,base.blocks.0,0.885369
1,2,6,vit_tiny,cifar10,0.03,2,base.blocks.1,0.867554
1,2,6,vit_tiny,cifar10,0.03,3,base.blocks.2,0.850639
1,2,6,vit_tiny,cifar10,0.03,4,base.blocks.3,0.829807
1,2,6,vit_tiny,cifar10,0.03,5,base.blocks.4,0.815472
1,2,6,vit_tiny,cifar10,0.03,6,base.blocks.5,0.808502
1,2,6,vit_tiny,cifar10,0.03,7,base.blocks.6,0.802853
1,2,6,vit_tiny,cifar10,0.03,8,base.blocks.7,0.792972
1,2,6,vit_tiny,cifar10,0.03,9,base.blocks.8,0.789468
1,2,6,vit_tiny,cifar10,0.03,10,base.blocks.9,0.788736
1,2,6,vit_tiny,cifar10,0.03,11,base.blocks.10,0.782856
1,2,6,vit_tiny,cifar10,0.03,12,base.blocks.11,0.787073
1,2,6,vit_tiny,cifar10,0.03,13,base.norm,0.753352
1,2,6,vit_tiny,cifar10,0.03,14,classifier,0.274748
1,2,7,vit_tiny,cifar10,0.03,0,base.patch_embed,0.966167
1,2,7,vit_tiny,cifar10,0.03,1,base.blocks.0,0.965851
1,2,7,vit_tiny,cifar10,0.03,2,base.blocks.1,0.961742
1,2,7,vit_tiny,cifar10,0.03,3,base.blocks.2,0.956702
1,2,7,vit_tiny,cifar10,0.03,4,base.blocks.3,0.948957
1,2,7,vit_tiny,cifar10,0.03,5,base.blocks.4,0.943291
1,2,7,vit_tiny,cifar10,0.03,6,base.blocks.5,0.933829
1,2,7,vit_tiny,cifar10,0.03,7,base.blocks.6,0.921752
1,2,7,vit_tiny,cifar10,0.03,8,base.blocks.7,0.906466
1,2,7,vit_tiny,cifar10,0.03,9,base.blocks.8,0.894214
1,2,7,vit_tiny,cifar10,0.03,10,base.blocks.9,0.882131
1,2,7,vit_tiny,cifar10,0.03,11,base.blocks.10,0.869728
1,2,7,vit_tiny,cifar10,0.03,12,base.blocks.11,0.858991
1,2,7,vit_tiny,cifar10,0.03,13,base.norm,0.817796
1,2,7,vit_tiny,cifar10,0.03,14,classifier,0.496928
1,2,8,vit_tiny,cifar10,0.03,0,base.patch_embed,0.987955
1,2,8,vit_tiny,cifar10,0.03,1,base.blocks.0,0.988832
1,2,8,vit_tiny,cifar10,0.03,2,base.blocks.1,0.988650
1,2,8,vit_tiny,cifar10,0.03,3,base.blocks.2,0.988298
1,2,8,vit_tiny,cifar10,0.03,4,base.blocks.3,0.987758
1,2,8,vit_tiny,cifar10,0.03,5,base.blocks.4,0.987271
1,2,8,vit_tiny,cifar10,0.03,6,base.blocks.5,0.986453
1,2,8,vit_tiny,cifar10,0.03,7,base.blocks.6,0.986936
1,2,8,vit_tiny,cifar10,0.03,8,base.blocks.7,0.986047
1,2,8,vit_tiny,cifar10,0.03,9,base.blocks.8,0.985897
1,2,8,vit_tiny,cifar10,0.03,10,base.blocks.9,0.984952
1,2,8,vit_tiny,cifar10,0.03,11,base.blocks.10,0.984704
1,2,8,vit_tiny,cifar10,0.03,12,base.blocks.11,0.984718
1,2,8,vit_tiny,cifar10,0.03,13,base.norm,0.961381
1,2,8,vit_tiny,cifar10,0.03,14,classifier,0.690008
1,2,9,vit_tiny,cifar10,0.03,0,base.patch_embed,0.971086
1,2,9,vit_tiny,cifar10,0.03,1,base.blocks.0,0.955307
1,2,9,vit_tiny,cifar10,0.03,2,base.blocks.1,0.938217
1,2,9,vit_tiny,cifar10,0.03,3,base.blocks.2,0.920464
1,2,9,vit_tiny,cifar10,0.03,4,base.blocks.3,0.891731
1,2,9,vit_tiny,cifar10,0.03,5,base.blocks.4,0.865367
1,2,9,vit_tiny,cifar10,0.03,6,base.blocks.5,0.839321
1,2,9,vit_tiny,cifar10,0.03,7,base.blocks.6,0.812688
1,2,9,vit_tiny,cifar10,0.03,8,base.blocks.7,0.784154
1,2,9,vit_tiny,cifar10,0.03,9,base.blocks.8,0.758265
1,2,9,vit_tiny,cifar10,0.03,10,base.blocks.9,0.738835
1,2,9,vit_tiny,cifar10,0.03,11,base.blocks.10,0.720045
1,2,9,vit_tiny,cifar10,0.03,12,base.blocks.11,0.705729
1,2,9,vit_tiny,cifar10,0.03,13,base.norm,0.691602
1,2,9,vit_tiny,cifar10,0.03,14,classifier,0.235744
1,3,4,vit_tiny,cifar10,0.03,0,base.patch_embed,0.977254
1,3,4,vit_tiny,cifar10,0.03,1,base.blocks.0,0.968794
1,3,4,vit_tiny,cifar10,0.03,2,base.blocks.1,0.965918
1,3,4,vit_tiny,cifar10,0.03,3,base.blocks.2,0.958015
1,3,4,vit_tiny,cifar10,0.03,4,base.blocks.3,0.949797
1,3,4,vit_tiny,cifar10,0.03,5,base.blocks.4,0.940086
1,3,4,vit_tiny,cifar10,0.03,6,base.blocks.5,0.924075
1,3,4,vit_tiny,cifar10,0.03,7,base.blocks.6,0.910603
1,3,4,vit_tiny,cifar10,0.03,8,base.blocks.7,0.898725
1,3,4,vit_tiny,cifar10,0.03,9,base.blocks.8,0.882939
1,3,4,vit_tiny,cifar10,0.03,10,base.blocks.9,0.869249
1,3,4,vit_tiny,cifar10,0.03,11,base.blocks.10,0.857783
1,3,4,vit_tiny,cifar10,0.03,12,base.blocks.11,0.840021
1,3,4,vit_tiny,cifar10,0.03,13,base.norm,0.768090
1,3,4,vit_tiny,cifar10,0.03,14,classifier,0.432779
1,3,5,vit_tiny,cifar10,0.03,0,base.patch_embed,0.966725
1,3,5,vit_tiny,cifar10,0.03,1,base.blocks.0,0.954727
1,3,5,vit_tiny,cifar10,0.03,2,base.blocks.1,0.947835
1,3,5,vit_tiny,cifar10,0.03,3,base.blocks.2,0.941185
1,3,5,vit_tiny,cifar10,0.03,4,base.blocks.3,0.934846
1,3,5,vit_tiny,cifar10,0.03,5,base.blocks.4,0.929879
1,3,5,vit_tiny,cifar10,0.03,6,base.blocks.5,0.921210
1,3,5,vit_tiny,cifar10,0.03,7,base.blocks.6,0.915784
1,3,5,vit_tiny,cifar10,0.03,8,base.blocks.7,0.919407
1,3,5,vit_tiny,cifar10,0.03,9,base.blocks.8,0.920690
1,3,5,vit_tiny,cifar10,0.03,10,base.blocks.9,0.917476
1,3,5,vit_tiny,cifar10,0.03,11,base.blocks.10,0.918799
1,3,5,vit_tiny,cifar10,0.03,12,base.blocks.11,0.915846
1,3,5,vit_tiny,cifar10,0.03,13,base.norm,0.889914
1,3,5,vit_tiny,cifar10,0.03,14,classifier,0.258917
1,3,6,vit_tiny,cifar10,0.03,0,base.patch_embed,0.964903
1,3,6,vit_tiny,cifar10,0.03,1,base.blocks.0,0.967939
1,3,6,vit_tiny,cifar10,0.03,2,base.blocks.1,0.964883
1,3,6,vit_tiny,cifar10,0.03,3,base.blocks.2,0.961345
1,3,6,vit_tiny,cifar10,0.03,4,base.blocks.3,0.955580
1,3,6,vit_tiny,cifar10,0.03,5,base.blocks.4,0.950929
1,3,6,vit_tiny,cifar10,0.03,6,base.blocks.5,0.949310
1,3,6,vit_tiny,cifar10,0.03,7,base.blocks.6,0.947174
1,3,6,vit_tiny,cifar10,0.03,8,base.blocks.7,0.942609
1,3,6,vit_tiny,cifar10,0.03,9,base.blocks.8,0.939594
1,3,6,vit_tiny,cifar10,0.03,10,base.blocks.9,0.937305
1,3,6,vit_tiny,cifar10,0.03,11,base.blocks.10,0.934024
1,3,6,vit_tiny,cifar10,0.03,12,base.blocks.11,0.932399
1,3,6,vit_tiny,cifar10,0.03,13,base.norm,0.906243
1,3,6,vit_tiny,cifar10,0.03,14,classifier,0.372745
1,3,7,vit_tiny,cifar10,0.03,0,base.patch_embed,0.995513
1,3,7,vit_tiny,cifar10,0.03,1,base.blocks.0,0.990660
1,3,7,vit_tiny,cifar10,0.03,2,base.blocks.1,0.989220
1,3,7,vit_tiny,cifar10,0.03,3,base.blocks.2,0.987111
1,3,7,vit_tiny,cifar10,0.03,4,base.blocks.3,0.985799
1,3,7,vit_tiny,cifar10,0.03,5,base.blocks.4,0.985267
1,3,7,vit_tiny,cifar10,0.03,6,base.blocks.5,0.984964
1,3,7,vit_tiny,cifar10,0.03,7,base.blocks.6,0.983738
1,3,7,vit_tiny,cifar10,0.03,8,base.blocks.7,0.981894
1,3,7,vit_tiny,cifar10,0.03,9,base.blocks.8,0.979571
1,3,7,vit_tiny,cifar10,0.03,10,base.blocks.9,0.976738
1,3,7,vit_tiny,cifar10,0.03,11,base.blocks.10,0.973396
1,3,7,vit_tiny,cifar10,0.03,12,base.blocks.11,0.968666
1,3,7,vit_tiny,cifar10,0.03,13,base.norm,0.952727
1,3,7,vit_tiny,cifar10,0.03,14,classifier,0.564521
1,3,8,vit_tiny,cifar10,0.03,0,base.patch_embed,0.958313
1,3,8,vit_tiny,cifar10,0.03,1,base.blocks.0,0.947983
1,3,8,vit_tiny,cifar10,0.03,2,base.blocks.1,0.942559
1,3,8,vit_tiny,cifar10,0.03,3,base.blocks.2,0.938416
1,3,8,vit_tiny,cifar10,0.03,4,base.blocks.3,0.936748
1,3,8,vit_tiny,cifar10,0.03,5,base.blocks.4,0.933092
1,3,8,vit_tiny,cifar10,0.03,6,base.blocks.5,0.930337
1,3,8,vit_tiny,cifar10,0.03,7,base.blocks.6,0.928645
1,3,8,vit_tiny,cifar10,0.03,8,base.blocks.7,0.926031
1,3,8,vit_tiny,cifar10,0.03,9,base.blocks.8,0.927691
1,3,8,vit_tiny,cifar10,0.03,10,base.blocks.9,0.927938
1,3,8,vit_tiny,cifar10,0.03,11,base.blocks.10,0.928180
1,3,8,vit_tiny,cifar10,0.03,12,base.blocks.11,0.928320
1,3,8,vit_tiny,cifar10,0.03,13,base.norm,0.917319
1,3,8,vit_tiny,cifar10,0.03,14,classifier,0.309505
1,3,9,vit_tiny,cifar10,0.03,0,base.patch_embed,0.966908
1,3,9,vit_tiny,cifar10,0.03,1,base.blocks.0,0.952807
1,3,9,vit_tiny,cifar10,0.03,2,base.blocks.1,0.941813
1,3,9,vit_tiny,cifar10,0.03,3,base.blocks.2,0.928158
1,3,9,vit_tiny,cifar10,0.03,4,base.blocks.3,0.912698
1,3,9,vit_tiny,cifar10,0.03,5,base.blocks.4,0.902455
1,3,9,vit_tiny,cifar10,0.03,6,base.blocks.5,0.890945
1,3,9,vit_tiny,cifar10,0.03,7,base.blocks.6,0.877496
1,3,9,vit_tiny,cifar10,0.03,8,base.blocks.7,0.863232
1,3,9,vit_tiny,cifar10,0.03,9,base.blocks.8,0.847770
1,3,9,vit_tiny,cifar10,0.03,10,base.blocks.9,0.837785
1,3,9,vit_tiny,cifar10,0.03,11,base.blocks.10,0.827912
1,3,9,vit_tiny,cifar10,0.03,12,base.blocks.11,0.818031
1,3,9,vit_tiny,cifar10,0.03,13,base.norm,0.801821
1,3,9,vit_tiny,cifar10,0.03,14,classifier,0.282148
1,4,5,vit_tiny,cifar10,0.03,0,base.patch_embed,0.989626
1,4,5,vit_tiny,cifar10,0.03,1,base.blocks.0,0.980355
1,4,5,vit_tiny,cifar10,0.03,2,base.blocks.1,0.967079
1,4,5,vit_tiny,cifar10,0.03,3,base.blocks.2,0.951545
1,4,5,vit_tiny,cifar10,0.03,4,base.blocks.3,0.935400
1,4,5,vit_tiny,cifar10,0.03,5,base.blocks.4,0.917477
1,4,5,vit_tiny,cifar10,0.03,6,base.blocks.5,0.890970
1,4,5,vit_tiny,cifar10,0.03,7,base.blocks.6,0.870613
1,4,5,vit_tiny,cifar10,0.03,8,base.blocks.7,0.857229
1,4,5,vit_tiny,cifar10,0.03,9,base.blocks.8,0.844749
1,4,5,vit_tiny,cifar10,0.03,10,base.blocks.9,0.822701
1,4,5,vit_tiny,cifar10,0.03,11,base.blocks.10,0.808555
1,4,5,vit_tiny,cifar10,0.03,12,base.blocks.11,0.790319
1,4,5,vit_tiny,cifar10,0.03,13,base.norm,0.773869
1,4,5,vit_tiny,cifar10,0.03,14,classifier,0.433163
1,4,6,vit_tiny,cifar10,0.03,0,base.patch_embed,0.957321
1,4,6,vit_tiny,cifar10,0.03,1,base.blocks.0,0.957801
1,4,6,vit_tiny,cifar10,0.03,2,base.blocks.1,0.956071
1,4,6,vit_tiny,cifar10,0.03,3,base.blocks.2,0.951237
1,4,6,vit_tiny,cifar10,0.03,4,base.blocks.3,0.942984
1,4,6,vit_tiny,cifar10,0.03,5,base.blocks.4,0.937663
1,4,6,vit_tiny,cifar10,0.03,6,base.blocks.5,0.930224
1,4,6,vit_tiny,cifar10,0.03,7,base.blocks.6,0.923353
1,4,6,vit_tiny,cifar10,0.03,8,base.blocks.7,0.917450
1,4,6,vit_tiny,cifar10,0.03,9,base.blocks.8,0.904376
1,4,6,vit_tiny,cifar10,0.03,10,base.blocks.9,0.895156
1,4,6,vit_tiny,cifar10,0.03,11,base.blocks.10,0.889055
1,4,6,vit_tiny,cifar10,0.03,12,base.blocks.11,0.875393
1,4,6,vit_tiny,cifar10,0.03,13,base.norm,0.849851
1,4,6,vit_tiny,cifar10,0.03,14,classifier,0.724657
1,4,7,vit_tiny,cifar10,0.03,0,base.patch_embed,0.991428
1,4,7,vit_tiny,cifar10,0.03,1,base.blocks.0,0.990082
1,4,7,vit_tiny,cifar10,0.03,2,base.blocks.1,0.987082
1,4,7,vit_tiny,cifar10,0.03,3,base.blocks.2,0.981657
1,4,7,vit_tiny,cifar10,0.03,4,base.blocks.3,0.977031
1,4,7,vit_tiny,cifar10,0.03,5,base.blocks.4,0.969175
1,4,7,vit_tiny,cifar10,0.03,6,base.blocks.5,0.956813
1,4,7,vit_tiny,cifar10,0.03,7,base.blocks.6,0.949887
1,4,7,vit_tiny,cifar10,0.03,8,base.blocks.7,0.944140
1,4,7,vit_tiny,cifar10,0.03,9,base.blocks.8,0.935284
1,4,7,vit_tiny,cifar10,0.03,10,base.blocks.9,0.927382
1,4,7,vit_tiny,cifar10,0.03,11,base.blocks.10,0.920756
1,4,7,vit_tiny,cifar10,0.03,12,base.blocks.11,0.909698
1,4,7,vit_tiny,cifar10,0.03,13,base.norm,0.854928
1,4,7,vit_tiny,cifar10,0.03,14,classifier,0.614974
1,4,8,vit_tiny,cifar10,0.03,0,base.patch_embed,0.992763
1,4,8,vit_tiny,cifar10,0.03,1,base.blocks.0,0.985504
1,4,8,vit_tiny,cifar10,0.03,2,base.blocks.1,0.973370
1,4,8,vit_tiny,cifar10,0.03,3,base.blocks.2,0.960499
1,4,8,vit_tiny,cifar10,0.03,4,base.blocks.3,0.946449
1,4,8,vit_tiny,cifar10,0.03,5,base.blocks.4,0.927553
1,4,8,vit_tiny,cifar10,0.03,6,base.blocks.5,0.904432
1,4,8,vit_tiny,cifar10,0.03,7,base.blocks.6,0.883911
1,4,8,vit_tiny,cifar10,0.03,8,base.blocks.7,0.862793
1,4,8,vit_tiny,cifar10,0.03,9,base.blocks.8,0.848231
1,4,8,vit_tiny,cifar10,0.03,10,base.blocks.9,0.833699
1,4,8,vit_tiny,cifar10,0.03,11,base.blocks.10,0.820491
1,4,8,vit_tiny,cifar10,0.03,12,base.blocks.11,0.803005
1,4,8,vit_tiny,cifar10,0.03,13,base.norm,0.757595
1,4,8,vit_tiny,cifar10,0.03,14,classifier,0.375073
1,4,9,vit_tiny,cifar10,0.03,0,base.patch_embed,0.995648
1,4,9,vit_tiny,cifar10,0.03,1,base.blocks.0,0.989808
1,4,9,vit_tiny,cifar10,0.03,2,base.blocks.1,0.983019
1,4,9,vit_tiny,cifar10,0.03,3,base.blocks.2,0.975225
1,4,9,vit_tiny,cifar10,0.03,4,base.blocks.3,0.966335
1,4,9,vit_tiny,cifar10,0.03,5,base.blocks.4,0.958297
1,4,9,vit_tiny,cifar10,0.03,6,base.blocks.5,0.947887
1,4,9,vit_tiny,cifar10,0.03,7,base.blocks.6,0.937792
1,4,9,vit_tiny,cifar10,0.03,8,base.blocks.7,0.927734
1,4,9,vit_tiny,cifar10,0.03,9,base.blocks.8,0.916084
1,4,9,vit_tiny,cifar10,0.03,10,base.blocks.9,0.908205
1,4,9,vit_tiny,cifar10,0.03,11,base.blocks.10,0.899624
1,4,9,vit_tiny,cifar10,0.03,12,base.blocks.11,0.888240
1,4,9,vit_tiny,cifar10,0.03,13,base.norm,0.848110
1,4,9,vit_tiny,cifar10,0.03,14,classifier,0.625535
1,5,6,vit_tiny,cifar10,0.03,0,base.patch_embed,0.914569
1,5,6,vit_tiny,cifar10,0.03,1,base.blocks.0,0.905388
1,5,6,vit_tiny,cifar10,0.03,2,base.blocks.1,0.887770
1,5,6,vit_tiny,cifar10,0.03,3,base.blocks.2,0.870410
1,5,6,vit_tiny,cifar10,0.03,4,base.blocks.3,0.847837
1,5,6,vit_tiny,cifar10,0.03,5,base.blocks.4,0.833483
1,5,6,vit_tiny,cifar10,0.03,6,base.blocks.5,0.820571
1,5,6,vit_tiny,cifar10,0.03,7,base.blocks.6,0.811252
1,5,6,vit_tiny,cifar10,0.03,8,base.blocks.7,0.810656
1,5,6,vit_tiny,cifar10,0.03,9,base.blocks.8,0.806936
1,5,6,vit_tiny,cifar10,0.03,10,base.blocks.9,0.800046
1,5,6,vit_tiny,cifar10,0.03,11,base.blocks.10,0.798923
1,5,6,vit_tiny,cifar10,0.03,12,base.blocks.11,0.797387
1,5,6,vit_tiny,cifar10,0.03,13,base.norm,0.805776
1,5,6,vit_tiny,cifar10,0.03,14,classifier,0.673654
1,5,7,vit_tiny,cifar10,0.03,0,base.patch_embed,0.979386
1,5,7,vit_tiny,cifar10,0.03,1,base.blocks.0,0.978712
1,5,7,vit_tiny,cifar10,0.03,2,base.blocks.1,0.974968
1,5,7,vit_tiny,cifar10,0.03,3,base.blocks.2,0.970652
1,5,7,vit_tiny,cifar10,0.03,4,base.blocks.3,0.963106
1,5,7,vit_tiny,cifar10,0.03,5,base.blocks.4,0.957643
1,5,7,vit_tiny,cifar10,0.03,6,base.blocks.5,0.945785
1,5,7,vit_tiny,cifar10,0.03,7,base.blocks.6,0.933070
1,5,7,vit_tiny,cifar10,0.03,8,base.blocks.7,0.925109
1,5,7,vit_tiny,cifar10,0.03,9,base.blocks.8,0.914394
1,5,7,vit_tiny,cifar10,0.03,10,base.blocks.9,0.898821
1,5,7,vit_tiny,cifar10,0.03,11,base.blocks.10,0.889976
1,5,7,vit_tiny,cifar10,0.03,12,base.blocks.11,0.875219
1,5,7,vit_tiny,cifar10,0.03,13,base.norm,0.863281
1,5,7,vit_tiny,cifar10,0.03,14,classifier,0.669775
1,5,8,vit_tiny,cifar10,0.03,0,base.patch_embed,0.996707
1,5,8,vit_tiny,cifar10,0.03,1,base.blocks.0,0.996717
1,5,8,vit_tiny,cifar10,0.03,2,base.blocks.1,0.996972
1,5,8,vit_tiny,cifar10,0.03,3,base.blocks.2,0.996972
1,5,8,vit_tiny,cifar10,0.03,4,base.blocks.3,0.997169
1,5,8,vit_tiny,cifar10,0.03,5,base.blocks.4,0.997648
1,5,8,vit_tiny,cifar10,0.03,6,base.blocks.5,0.997008
1,5,8,vit_tiny,cifar10,0.03,7,base.blocks.6,0.996451
1,5,8,vit_tiny,cifar10,0.03,8,base.blocks.7,0.996884
1,5,8,vit_tiny,cifar10,0.03,9,base.blocks.8,0.996448
1,5,8,vit_tiny,cifar10,0.03,10,base.blocks.9,0.995454
1,5,8,vit_tiny,cifar10,0.03,11,base.blocks.10,0.995076
1,5,8,vit_tiny,cifar10,0.03,12,base.blocks.11,0.994269
1,5,8,vit_tiny,cifar10,0.03,13,base.norm,0.977220
1,5,8,vit_tiny,cifar10,0.03,14,classifier,0.481159
1,5,9,vit_tiny,cifar10,0.03,0,base.patch_embed,0.984607
1,5,9,vit_tiny,cifar10,0.03,1,base.blocks.0,0.972739
1,5,9,vit_tiny,cifar10,0.03,2,base.blocks.1,0.959418
1,5,9,vit_tiny,cifar10,0.03,3,base.blocks.2,0.945225
1,5,9,vit_tiny,cifar10,0.03,4,base.blocks.3,0.922505
1,5,9,vit_tiny,cifar10,0.03,5,base.blocks.4,0.901799
1,5,9,vit_tiny,cifar10,0.03,6,base.blocks.5,0.877000
1,5,9,vit_tiny,cifar10,0.03,7,base.blocks.6,0.851710
1,5,9,vit_tiny,cifar10,0.03,8,base.blocks.7,0.834565
1,5,9,vit_tiny,cifar10,0.03,9,base.blocks.8,0.811139
1,5,9,vit_tiny,cifar10,0.03,10,base.blocks.9,0.785215
1,5,9,vit_tiny,cifar10,0.03,11,base.blocks.10,0.767970
1,5,9,vit_tiny,cifar10,0.03,12,base.blocks.11,0.748828
1,5,9,vit_tiny,cifar10,0.03,13,base.norm,0.779872
1,5,9,vit_tiny,cifar10,0.03,14,classifier,0.604205
1,6,7,vit_tiny,cifar10,0.03,0,base.patch_embed,0.971979
1,6,7,vit_tiny,cifar10,0.03,1,base.blocks.0,0.969369
1,6,7,vit_tiny,cifar10,0.03,2,base.blocks.1,0.963192
1,6,7,vit_tiny,cifar10,0.03,3,base.blocks.2,0.957651
1,6,7,vit_tiny,cifar10,0.03,4,base.blocks.3,0.952459
1,6,7,vit_tiny,cifar10,0.03,5,base.blocks.4,0.948708
1,6,7,vit_tiny,cifar10,0.03,6,base.blocks.5,0.951071
1,6,7,vit_tiny,cifar10,0.03,7,base.blocks.6,0.955048
1,6,7,vit_tiny,cifar10,0.03,8,base.blocks.7,0.958175
1,6,7,vit_tiny,cifar10,0.03,9,base.blocks.8,0.960551
1,6,7,vit_tiny,cifar10,0.03,10,base.blocks.9,0.962899
1,6,7,vit_tiny,cifar10,0.03,11,base.blocks.10,0.963575
1,6,7,vit_tiny,cifar10,0.03,12,base.blocks.11,0.964390
1,6,7,vit_tiny,cifar10,0.03,13,base.norm,0.948578
1,6,7,vit_tiny,cifar10,0.03,14,classifier,0.850809
1,6,8,vit_tiny,cifar10,0.03,0,base.patch_embed,0.922820
1,6,8,vit_tiny,cifar10,0.03,1,base.blocks.0,0.914953
1,6,8,vit_tiny,cifar10,0.03,2,base.blocks.1,0.898998
1,6,8,vit_tiny,cifar10,0.03,3,base.blocks.2,0.885168
1,6,8,vit_tiny,cifar10,0.03,4,base.blocks.3,0.868324
1,6,8,vit_tiny,cifar10,0.03,5,base.blocks.4,0.853708
1,6,8,vit_tiny,cifar10,0.03,6,base.blocks.5,0.848924
1,6,8,vit_tiny,cifar10,0.03,7,base.blocks.6,0.843673
1,6,8,vit_tiny,cifar10,0.03,8,base.blocks.7,0.833656
1,6,8,vit_tiny,cifar10,0.03,9,base.blocks.8,0.830275
1,6,8,vit_tiny,cifar10,0.03,10,base.blocks.9,0.831351
1,6,8,vit_tiny,cifar10,0.03,11,base.blocks.10,0.829830
1,6,8,vit_tiny,cifar10,0.03,12,base.blocks.11,0.832177
1,6,8,vit_tiny,cifar10,0.03,13,base.norm,0.837978
1,6,8,vit_tiny,cifar10,0.03,14,classifier,0.506471
1,6,9,vit_tiny,cifar10,0.03,0,base.patch_embed,0.960317
1,6,9,vit_tiny,cifar10,0.03,1,base.blocks.0,0.960729
1,6,9,vit_tiny,cifar10,0.03,2,base.blocks.1,0.954142
1,6,9,vit_tiny,cifar10,0.03,3,base.blocks.2,0.944582
1,6,9,vit_tiny,cifar10,0.03,4,base.blocks.3,0.935414
1,6,9,vit_tiny,cifar10,0.03,5,base.blocks.4,0.934391
1,6,9,vit_tiny,cifar10,0.03,6,base.blocks.5,0.934528
1,6,9,vit_tiny,cifar10,0.03,7,base.blocks.6,0.932240
1,6,9,vit_tiny,cifar10,0.03,8,base.blocks.7,0.928117
1,6,9,vit_tiny,cifar10,0.03,9,base.blocks.8,0.921771
1,6,9,vit_tiny,cifar10,0.03,10,base.blocks.9,0.919592
1,6,9,vit_tiny,cifar10,0.03,11,base.blocks.10,0.917291
1,6,9,vit_tiny,cifar10,0.03,12,base.blocks.11,0.912592
1,6,9,vit_tiny,cifar10,0.03,13,base.norm,0.892528
1,6,9,vit_tiny,cifar10,0.03,14,classifier,0.895064
1,7,8,vit_tiny,cifar10,0.03,0,base.patch_embed,0.977474
1,7,8,vit_tiny,cifar10,0.03,1,base.blocks.0,0.978675
1,7,8,vit_tiny,cifar10,0.03,2,base.blocks.1,0.975900
1,7,8,vit_tiny,cifar10,0.03,3,base.blocks.2,0.973808
1,7,8,vit_tiny,cifar10,0.03,4,base.blocks.3,0.970191
1,7,8,vit_tiny,cifar10,0.03,5,base.blocks.4,0.965270
1,7,8,vit_tiny,cifar10,0.03,6,base.blocks.5,0.958830
1,7,8,vit_tiny,cifar10,0.03,7,base.blocks.6,0.949963
1,7,8,vit_tiny,cifar10,0.03,8,base.blocks.7,0.937126
1,7,8,vit_tiny,cifar10,0.03,9,base.blocks.8,0.927241
1,7,8,vit_tiny,cifar10,0.03,10,base.blocks.9,0.918345
1,7,8,vit_tiny,cifar10,0.03,11,base.blocks.10,0.910001
1,7,8,vit_tiny,cifar10,0.03,12,base.blocks.11,0.899620
1,7,8,vit_tiny,cifar10,0.03,13,base.norm,0.891224
1,7,8,vit_tiny,cifar10,0.03,14,classifier,0.520022
1,7,9,vit_tiny,cifar10,0.03,0,base.patch_embed,0.986146
1,7,9,vit_tiny,cifar10,0.03,1,base.blocks.0,0.982728
1,7,9,vit_tiny,cifar10,0.03,2,base.blocks.1,0.975937
1,7,9,vit_tiny,cifar10,0.03,3,base.blocks.2,0.968216
1,7,9,vit_tiny,cifar10,0.03,4,base.blocks.3,0.958721
1,7,9,vit_tiny,cifar10,0.03,5,base.blocks.4,0.950882
1,7,9,vit_tiny,cifar10,0.03,6,base.blocks.5,0.942747
1,7,9,vit_tiny,cifar10,0.03,7,base.blocks.6,0.936555
1,7,9,vit_tiny,cifar10,0.03,8,base.blocks.7,0.930408
1,7,9,vit_tiny,cifar10,0.03,9,base.blocks.8,0.922774
1,7,9,vit_tiny,cifar10,0.03,10,base.blocks.9,0.919516
1,7,9,vit_tiny,cifar10,0.03,11,base.blocks.10,0.916343
1,7,9,vit_tiny,cifar10,0.03,12,base.blocks.11,0.915140
1,7,9,vit_tiny,cifar10,0.03,13,base.norm,0.913273
1,7,9,vit_tiny,cifar10,0.03,14,classifier,0.771118
1,8,9,vit_tiny,cifar10,0.03,0,base.patch_embed,0.991834
1,8,9,vit_tiny,cifar10,0.03,1,base.blocks.0,0.983164
1,8,9,vit_tiny,cifar10,0.03,2,base.blocks.1,0.972250
1,8,9,vit_tiny,cifar10,0.03,3,base.blocks.2,0.961491
1,8,9,vit_tiny,cifar10,0.03,4,base.blocks.3,0.942474
1,8,9,vit_tiny,cifar10,0.03,5,base.blocks.4,0.921578
1,8,9,vit_tiny,cifar10,0.03,6,base.blocks.5,0.902177
1,8,9,vit_tiny,cifar10,0.03,7,base.blocks.6,0.878624
1,8,9,vit_tiny,cifar10,0.03,8,base.blocks.7,0.855115
1,8,9,vit_tiny,cifar10,0.03,9,base.blocks.8,0.832331
1,8,9,vit_tiny,cifar10,0.03,10,base.blocks.9,0.817082
1,8,9,vit_tiny,cifar10,0.03,11,base.blocks.10,0.802069
1,8,9,vit_tiny,cifar10,0.03,12,base.blocks.11,0.786701
1,8,9,vit_tiny,cifar10,0.03,13,base.norm,0.809334
1,8,9,vit_tiny,cifar10,0.03,14,classifier,0.440435
2,0,1,vit_tiny,cifar10,0.03,0,base.patch_embed,0.986196
2,0,1,vit_tiny,cifar10,0.03,1,base.blocks.0,0.986583
2,0,1,vit_tiny,cifar10,0.03,2,base.blocks.1,0.983430
2,0,1,vit_tiny,cifar10,0.03,3,base.blocks.2,0.980269
2,0,1,vit_tiny,cifar10,0.03,4,base.blocks.3,0.974708
2,0,1,vit_tiny,cifar10,0.03,5,base.blocks.4,0.968364
2,0,1,vit_tiny,cifar10,0.03,6,base.blocks.5,0.962957
2,0,1,vit_tiny,cifar10,0.03,7,base.blocks.6,0.957700
2,0,1,vit_tiny,cifar10,0.03,8,base.blocks.7,0.951722
2,0,1,vit_tiny,cifar10,0.03,9,base.blocks.8,0.947503
2,0,1,vit_tiny,cifar10,0.03,10,base.blocks.9,0.947169
2,0,1,vit_tiny,cifar10,0.03,11,base.blocks.10,0.941675
2,0,1,vit_tiny,cifar10,0.03,12,base.blocks.11,0.936250
2,0,1,vit_tiny,cifar10,0.03,13,base.norm,0.905561
2,0,1,vit_tiny,cifar10,0.03,14,classifier,0.522822
2,0,2,vit_tiny,cifar10,0.03,0,base.patch_embed,0.981125
2,0,2,vit_tiny,cifar10,0.03,1,base.blocks.0,0.979931
2,0,2,vit_tiny,cifar10,0.03,2,base.blocks.1,0.980229
2,0,2,vit_tiny,cifar10,0.03,3,base.blocks.2,0.978487
2,0,2,vit_tiny,cifar10,0.03,4,base.blocks.3,0.976570
2,0,2,vit_tiny,cifar10,0.03,5,base.blocks.4,0.972444
2,0,2,vit_tiny,cifar10,0.03,6,base.blocks.5,0.968193
2,0,2,vit_tiny,cifar10,0.03,7,base.blocks.6,0.964003
2,0,2,vit_tiny,cifar10,0.03,8,base.blocks.7,0.958749
2,0,2,vit_tiny,cifar10,0.03,9,base.blocks.8,0.952959
2,0,2,vit_tiny,cifar10,0.03,10,base.blocks.9,0.950063
2,0,2,vit_tiny,cifar10,0.03,11,base.blocks.10,0.944223
2,0,2,vit_tiny,cifar10,0.03,12,base.blocks.11,0.936968
2,0,2,vit_tiny,cifar10,0.03,13,base.norm,0.910411
2,0,2,vit_tiny,cifar10,0.03,14,classifier,0.539788
2,0,3,vit_tiny,cifar10,0.03,0,base.patch_embed,0.979128
2,0,3,vit_tiny,cifar10,0.03,1,base.blocks.0,0.979963
2,0,3,vit_tiny,cifar10,0.03,2,base.blocks.1,0.979896
2,0,3,vit_tiny,cifar10,0.03,3,base.blocks.2,0.978011
2,0,3,vit_tiny,cifar10,0.03,4,base.blocks.3,0.974588
2,0,3,vit_tiny,cifar10,0.03,5,base.blocks.4,0.969057
2,0,3,vit_tiny,cifar10,0.03,6,base.blocks.5,0.963795
2,0,3,vit_tiny,cifar10,0.03,7,base.blocks.6,0.959007
2,0,3,vit_tiny,cifar10,0.03,8,base.blocks.7,0.952642
2,0,3,vit_tiny,cifar10,0.03,9,base.blocks.8,0.946866
2,0,3,vit_tiny,cifar10,0.03,10,base.blocks.9,0.944632
2,0,3,vit_tiny,cifar10,0.03,11,base.blocks.10,0.937346
2,0,3,vit_tiny,cifar10,0.03,12,base.blocks.11,0.929677
2,0,3,vit_tiny,cifar10,0.03,13,base.norm,0.894598
2,0,3,vit_tiny,cifar10,0.03,14,classifier,0.685442
2,0,4,vit_tiny,cifar10,0.03,0,base.patch_embed,0.940352
2,0,4,vit_tiny,cifar10,0.03,1,base.blocks.0,0.907679
2,0,4,vit_tiny,cifar10,0.03,2,base.blocks.1,0.880545
2,0,4,vit_tiny,cifar10,0.03,3,base.blocks.2,0.851363
2,0,4,vit_tiny,cifar10,0.03,4,base.blocks.3,0.823174
2,0,4,vit_tiny,cifar10,0.03,5,base.blocks.4,0.793122
2,0,4,vit_tiny,cifar10,0.03,6,base.blocks.5,0.765204
2,0,4,vit_tiny,cifar10,0.03,7,base.blocks.6,0.742039
2,0,4,vit_tiny,cifar10,0.03,8,base.blocks.7,0.720713
2,0,4,vit_tiny,cifar10,0.03,9,base.blocks.8,0.706023
2,0,4,vit_tiny,cifar10,0.03,10,base.blocks.9,0.687732
2,0,4,vit_tiny,cifar10,0.03,11,base.blocks.10,0.673854
2,0,4,vit_tiny,cifar10,0.03,12,base.blocks.11,0.652882
2,0,4,vit_tiny,cifar10,0.03,13,base.norm,0.652028
2,0,4,vit_tiny,cifar10,0.03,14,classifier,0.501544
2,0,5,vit_tiny,cifar10,0.03,0,base.patch_embed,0.986517
2,0,5,vit_tiny,cifar10,0.03,1,base.blocks.0,0.984507
2,0,5,vit_tiny,cifar10,0.03,2,base.blocks.1,0.983734
2,0,5,vit_tiny,cifar10,0.03,3,base.blocks.2,0.982778
2,0,5,vit_tiny,cifar10,0.03,4,base.blocks.3,0.976961
2,0,5,vit_tiny,cifar10,0.03,5,base.blocks.4,0.969457
2,0,5,vit_tiny,cifar10,0.03,6,base.blocks.5,0.963184
2,0,5,vit_tiny,cifar10,0.03,7,base.blocks.6,0.956097
2,0,5,vit_tiny,cifar10,0.03,8,base.blocks.7,0.944838
2,0,5,vit_tiny,cifar10,0.03,9,base.blocks.8,0.940284
2,0,5,vit_tiny,cifar10,0.03,10,base.blocks.9,0.932941
2,0,5,vit_tiny,cifar10,0.03,11,base.blocks.10,0.922061
2,0,5,vit_tiny,cifar10,0.03,12,base.blocks.11,0.909874
2,0,5,vit_tiny,cifar10,0.03,13,base.norm,0.861851
2,0,5,vit_tiny,cifar10,0.03,14,classifier,0.510585
2,0,6,vit_tiny,cifar10,0.03,0,base.patch_embed,0.915005
2,0,6,vit_tiny,cifar10,0.03,1,base.blocks.0,0.897520
2,0,6,vit_tiny,cifar10,0.03,2,base.blocks.1,0.884809
2,0,6,vit_tiny,cifar10,0.03,3,base.blocks.2,0.876789
2,0,6,vit_tiny,cifar10,0.03,4,base.blocks.3,0.862020
2,0,6,vit_tiny,cifar10,0.03,5,base.blocks.4,0.849021
2,0,6,vit_tiny,cifar10,0.03,6,base.blocks.5,0.840548
2,0,6,vit_tiny,cifar10,0.03,7,base.blocks.6,0.829082
2,0,6,vit_tiny,cifar10,0.03,8,base.blocks.7,0.817705
2,0,6,vit_tiny,cifar10,0.03,9,base.blocks.8,0.811048
2,0,6,vit_tiny,cifar10,0.03,10,base.blocks.9,0.795563
2,0,6,vit_tiny,cifar10,0.03,11,base.blocks.10,0.784006
2,0,6,vit_tiny,cifar10,0.03,12,base.blocks.11,0.773534
2,0,6,vit_tiny,cifar10,0.03,13,base.norm,0.768831
2,0,6,vit_tiny,cifar10,0.03,14,classifier,0.548366
2,0,7,vit_tiny,cifar10,0.03,0,base.patch_embed,0.973272
2,0,7,vit_tiny,cifar10,0.03,1,base.blocks.0,0.970368
2,0,7,vit_tiny,cifar10,0.03,2,base.blocks.1,0.961518
2,0,7,vit_tiny,cifar10,0.03,3,base.blocks.2,0.953669
2,0,7,vit_tiny,cifar10,0.03,4,base.blocks.3,0.933463
2,0,7,vit_tiny,cifar10,0.03,5,base.blocks.4,0.920555
2,0,7,vit_tiny,cifar10,0.03,6,base.blocks.5,0.912196
2,0,7,vit_tiny,cifar10,0.03,7,base.blocks.6,0.900552
2,0,7,vit_tiny,cifar10,0.03,8,base.blocks.7,0.886366
2,0,7,vit_tiny,cifar10,0.03,9,base.blocks.8,0.885240
2,0,7,vit_tiny,cifar10,0.03,10,base.blocks.9,0.878477
2,0,7,vit_tiny,cifar10,0.03,11,base.blocks.10,0.867940
2,0,7,vit_tiny,cifar10,0.03,12,base.blocks.11,0.858321
2,0,7,vit_tiny,cifar10,0.03,13,base.norm,0.833440
2,0,7,vit_tiny,cifar10,0.03,14,classifier,0.674553
2,0,8,vit_tiny,cifar10,0.03,0,base.patch_embed,0.971786
2,0,8,vit_tiny,cifar10,0.03,1,base.blocks.0,0.980902
2,0,8,vit_tiny,cifar10,0.03,2,base.blocks.1,0.976076
2,0,8,vit_tiny,cifar10,0.03,3,base.blocks.2,0.974743
2,0,8,vit_tiny,cifar10,0.03,4,base.blocks.3,0.968202
2,0,8,vit_tiny,cifar10,0.03,5,base.blocks.4,0.965058
2,0,8,vit_tiny,cifar10,0.03,6,base.blocks.5,0.959837
2,0,8,vit_tiny,cifar10,0.03,7,base.blocks.6,0.957036
2,0,8,vit_tiny,cifar10,0.03,8,base.blocks.7,0.951601
2,0,8,vit_tiny,cifar10,0.03,9,base.blocks.8,0.948147
2,0,8,vit_tiny,cifar10,0.03,10,base.blocks.9,0.948540
2,0,8,vit_tiny,cifar10,0.03,11,base.blocks.10,0.943846
2,0,8,vit_tiny,cifar10,0.03,12,base.blocks.11,0.938489
2,0,8,vit_tiny,cifar10,0.03,13,base.norm,0.909266
2,0,8,vit_tiny,cifar10,0.03,14,classifier,0.623926
2,0,9,vit_tiny,cifar10,0.03,0,base.patch_embed,0.977971
2,0,9,vit_tiny,cifar10,0.03,1,base.blocks.0,0.959101
2,0,9,vit_tiny,cifar10,0.03,2,base.blocks.1,0.955840
2,0,9,vit_tiny,cifar10,0.03,3,base.blocks.2,0.948174
2,0,9,vit_tiny,cifar10,0.03,4,base.blocks.3,0.935872
2,0,9,vit_tiny,cifar10,0.03,5,base.blocks.4,0.920357
2,0,9,vit_tiny,cifar10,0.03,6,base.blocks.5,0.907907
2,0,9,vit_tiny,cifar10,0.03,7,base.blocks.6,0.893137
2,0,9,vit_tiny,cifar10,0.03,8,base.blocks.7,0.871430
2,0,9,vit_tiny,cifar10,0.03,9,base.blocks.8,0.855853
2,0,9,vit_tiny,cifar10,0.03,10,base.blocks.9,0.834028
2,0,9,vit_tiny,cifar10,0.03,11,base.blocks.10,0.821133
2,0,9,vit_tiny,cifar10,0.03,12,base.blocks.11,0.805153
2,0,9,vit_tiny,cifar10,0.03,13,base.norm,0.812512
2,0,9,vit_tiny,cifar10,0.03,14,classifier,0.680118
2,1,2,vit_tiny,cifar10,0.03,0,base.patch_embed,0.989922
2,1,2,vit_tiny,cifar10,0.03,1,base.blocks.0,0.990757
2,1,2,vit_tiny,cifar10,0.03,2,base.blocks.1,0.991345
2,1,2,vit_tiny,cifar10,0.03,3,base.blocks.2,0.991793
2,1,2,vit_tiny,cifar10,0.03,4,base.blocks.3,0.990612
2,1,2,vit_tiny,cifar10,0.03,5,base.blocks.4,0.988376
2,1,2,vit_tiny,cifar10,0.03,6,base.blocks.5,0.988605
2,1,2,vit_tiny,cifar10,0.03,7,base.blocks.6,0.988436
2,1,2,vit_tiny,cifar10,0.03,8,base.blocks.7,0.987373
2,1,2,vit_tiny,cifar10,0.03,9,base.blocks.8,0.987749
2,1,2,vit_tiny,cifar10,0.03,10,base.blocks.9,0.987494
2,1,2,vit_tiny,cifar10,0.03,11,base.blocks.10,0.987623
2,1,2,vit_tiny,cifar10,0.03,12,base.blocks.11,0.987318
2,1,2,vit_tiny,cifar10,0.03,13,base.norm,0.982439
2,1,2,vit_tiny,cifar10,0.03,14,classifier,0.961714
2,1,3,vit_tiny,cifar10,0.03,0,base.patch_embed,0.991060
2,1,3,vit_tiny,cifar10,0.03,1,base.blocks.0,0.992752
2,1,3,vit_tiny,cifar10,0.03,2,base.blocks.1,0.992866
2,1,3,vit_tiny,cifar10,0.03,3,base.blocks.2,0.992871
2,1,3,vit_tiny,cifar10,0.03,4,base.blocks.3,0.991481
2,1,3,vit_tiny,cifar10,0.03,5,base.blocks.4,0.990450
2,1,3,vit_tiny,cifar10,0.03,6,base.blocks.5,0.989376
2,1,3,vit_tiny,cifar10,0.03,7,base.blocks.6,0.988646
2,1,3,vit_tiny,cifar10,0.03,8,base.blocks.7,0.986886
2,1,3,vit_tiny,cifar10,0.03,9,base.blocks.8,0.986606
2,1,3,vit_tiny,cifar10,0.03,10,base.blocks.9,0.986836
2,1,3,vit_tiny,cifar10,0.03,11,base.blocks.10,0.987177
2,1,3,vit_tiny,cifar10,0.03,12,base.blocks.11,0.986471
2,1,3,vit_tiny,cifar10,0.03,13,base.norm,0.977474
2,1,3,vit_tiny,cifar10,0.03,14,classifier,0.382698
2,1,4,vit_tiny,cifar10,0.03,0,base.patch_embed,0.892508
2,1,4,vit_tiny,cifar10,0.03,1,base.blocks.0,0.854657
2,1,4,vit_tiny,cifar10,0.03,2,base.blocks.1,0.806494
2,1,4,vit_tiny,cifar10,0.03,3,base.blocks.2,0.763682
2,1,4,vit_tiny,cifar10,0.03,4,base.blocks.3,0.713844
2,1,4,vit_tiny,cifar10,0.03,5,base.blocks.4,0.665848
2,1,4,vit_tiny,cifar10,0.03,6,base.blocks.5,0.629249
2,1,4,vit_tiny,cifar10,0.03,7,base.blocks.6,0.595423
2,1,4,vit_tiny,cifar10,0.03,8,base.blocks.7,0.566194
2,1,4,vit_tiny,cifar10,0.03,9,base.blocks.8,0.549827
2,1,4,vit_tiny,cifar10,0.03,10,base.blocks.9,0.535816
2,1,4,vit_tiny,cifar10,0.03,11,base.blocks.10,0.520757
2,1,4,vit_tiny,cifar10,0.03,12,base.blocks.11,0.502417
2,1,4,vit_tiny,cifar10,0.03,13,base.norm,0.517422
2,1,4,vit_tiny,cifar10,0.03,14,classifier,0.256911
2,1,5,vit_tiny,cifar10,0.03,0,base.patch_embed,0.954994
2,1,5,vit_tiny,cifar10,0.03,1,base.blocks.0,0.956228
2,1,5,vit_tiny,cifar10,0.03,2,base.blocks.1,0.951084
2,1,5,vit_tiny,cifar10,0.03,3,base.blocks.2,0.949943
2,1,5,vit_tiny,cifar10,0.03,4,base.blocks.3,0.938956
2,1,5,vit_tiny,cifar10,0.03,5,base.blocks.4,0.926243
2,1,5,vit_tiny,cifar10,0.03,6,base.blocks.5,0.920735
2,1,5,vit_tiny,cifar10,0.03,7,base.blocks.6,0.911940
2,1,5,vit_tiny,cifar10,0.03,8,base.blocks.7,0.894004
2,1,5,vit_tiny,cifar10,0.03,9,base.blocks.8,0.892255
2,1,5,vit_tiny,cifar10,0.03,10,base.blocks.9,0.884539
2,1,5,vit_tiny,cifar10,0.03,11,base.blocks.10,0.871137
2,1,5,vit_tiny,cifar10,0.03,12,base.blocks.11,0.864074
2,1,5,vit_tiny,cifar10,0.03,13,base.norm,0.793698
2,1,5,vit_tiny,cifar10,0.03,14,classifier,0.293680
2,1,6,vit_tiny,cifar10,0.03,0,base.patch_embed,0.860931
2,1,6,vit_tiny,cifar10,0.03,1,base.blocks.0,0.845968
2,1,6,vit_tiny,cifar10,0.03,2,base.blocks.1,0.816555
2,1,6,vit_tiny,cifar10,0.03,3,base.blocks.2,0.800872
2,1,6,vit_tiny,cifar10,0.03,4,base.blocks.3,0.765720
2,1,6,vit_tiny,cifar10,0.03,5,base.blocks.4,0.737302
2,1,6,vit_tiny,cifar10,0.03,6,base.blocks.5,0.722899
2,1,6,vit_tiny,cifar10,0.03,7,base.blocks.6,0.703251
2,1,6,vit_tiny,cifar10,0.03,8,base.blocks.7,0.686043
2,1,6,vit_tiny,cifar10,0.03,9,base.blocks.8,0.683149
2,1,6,vit_tiny,cifar10,0.03,10,base.blocks.9,0.674830
2,1,6,vit_tiny,cifar10,0.03,11,base.blocks.10,0.662933
2,1,6,vit_tiny,cifar10,0.03,12,base.blocks.11,0.659705
2,1,6,vit_tiny,cifar10,0.03,13,base.norm,0.666668
2,1,6,vit_tiny,cifar10,0.03,14,classifier,0.262536
2,1,7,vit_tiny,cifar10,0.03,0,base.patch_embed,0.933109
2,1,7,vit_tiny,cifar10,0.03,1,base.blocks.0,0.930791
2,1,7,vit_tiny,cifar10,0.03,2,base.blocks.1,0.918763
2,1,7,vit_tiny,cifar10,0.03,3,base.blocks.2,0.908535
2,1,7,vit_tiny,cifar10,0.03,4,base.blocks.3,0.884913
2,1,7,vit_tiny,cifar10,0.03,5,base.blocks.4,0.868275
2,1,7,vit_tiny,cifar10,0.03,6,base.blocks.5,0.860408
2,1,7,vit_tiny,cifar10,0.03,7,base.blocks.6,0.844115
2,1,7,vit_tiny,cifar10,0.03,8,base.blocks.7,0.825359
2,1,7,vit_tiny,cifar10,0.03,9,base.blocks.8,0.825833
2,1,7,vit_tiny,cifar10,0.03,10,base.blocks.9,0.819394
2,1,7,vit_tiny,cifar10,0.03,11,base.blocks.10,0.812272
2,1,7,vit_tiny,cifar10,0.03,12,base.blocks.11,0.807951
2,1,7,vit_tiny,cifar10,0.03,13,base.norm,0.791758
2,1,7,vit_tiny,cifar10,0.03,14,classifier,0.580635
2,1,8,vit_tiny,cifar10,0.03,0,base.patch_embed,0.973133
2,1,8,vit_tiny,cifar10,0.03,1,base.blocks.0,0.978676
2,1,8,vit_tiny,cifar10,0.03,2,base.blocks.1,0.977269
2,1,8,vit_tiny,cifar10,0.03,3,base.blocks.2,0.978734
2,1,8,vit_tiny,cifar10,0.03,4,base.blocks.3,0.977118
2,1,8,vit_tiny,cifar10,0.03,5,base.blocks.4,0.976459
2,1,8,vit_tiny,cifar10,0.03,6,base.blocks.5,0.975581
2,1,8,vit_tiny,cifar10,0.03,7,base.blocks.6,0.974310
2,1,8,vit_tiny,cifar10,0.03,8,base.blocks.7,0.970986
2,1,8,vit_tiny,cifar10,0.03,9,base.blocks.8,0.969601
2,1,8,vit_tiny,cifar10,0.03,10,base.blocks.9,0.967940
2,1,8,vit_tiny,cifar10,0.03,11,base.blocks.10,0.962826
2,1,8,vit_tiny,cifar10,0.03,12,base.blocks.11,0.962330
2,1,8,vit_tiny,cifar10,0.03,13,base.norm,0.909689
2,1,8,vit_tiny,cifar10,0.03,14,classifier,0.653491
2,1,9,vit_tiny,cifar10,0.03,0,base.patch_embed,0.944363
2,1,9,vit_tiny,cifar10,0.03,1,base.blocks.0,0.920817
2,1,9,vit_tiny,cifar10,0.03,2,base.blocks.1,0.906474
2,1,9,vit_tiny,cifar10,0.03,3,base.blocks.2,0.891574
2,1,9,vit_tiny,cifar10,0.03,4,base.blocks.3,0.865054
2,1,9,vit_tiny,cifar10,0.03,5,base.blocks.4,0.836147
2,1,9,vit_tiny,cifar10,0.03,6,base.blocks.5,0.817821
2,1,9,vit_tiny,cifar10,0.03,7,base.blocks.6,0.796272
2,1,9,vit_tiny,cifar10,0.03,8,base.blocks.7,0.764864
2,1,9,vit_tiny,cifar10,0.03,9,base.blocks.8,0.748250
2,1,9,vit_tiny,cifar10,0.03,10,base.blocks.9,0.729568
2,1,9,vit_tiny,cifar10,0.03,11,base.blocks.10,0.716555
2,1,9,vit_tiny,cifar10,0.03,12,base.blocks.11,0.704325
2,1,9,vit_tiny,cifar10,0.03,13,base.norm,0.745782
2,1,9,vit_tiny,cifar10,0.03,14,classifier,0.585182
2,2,3,vit_tiny,cifar10,0.03,0,base.patch_embed,0.998494
2,2,3,vit_tiny,cifar10,0.03,1,base.blocks.0,0.997831
2,2,3,vit_tiny,cifar10,0.03,2,base.blocks.1,0.997498
2,2,3,vit_tiny,cifar10,0.03,3,base.blocks.2,0.997265
2,2,3,vit_tiny,cifar10,0.03,4,base.blocks.3,0.996825
2,2,3,vit_tiny,cifar10,0.03,5,base.blocks.4,0.996483
2,2,3,vit_tiny,cifar10,0.03,6,base.blocks.5,0.996033
2,2,3,vit_tiny,cifar10,0.03,7,base.blocks.6,0.995721
2,2,3,vit_tiny,cifar10,0.03,8,base.blocks.7,0.994446
2,2,3,vit_tiny,cifar10,0.03,9,base.blocks.8,0.993172
2,2,3,vit_tiny,cifar10,0.03,10,base.blocks.9,0.991969
2,2,3,vit_tiny,cifar10,0.03,11,base.blocks.10,0.990839
2,2,3,vit_tiny,cifar10,0.03,12,base.blocks.11,0.989484
2,2,3,vit_tiny,cifar10,0.03,13,base.norm,0.983033
2,2,3,vit_tiny,cifar10,0.03,14,classifier,0.405537
2,2,4,vit_tiny,cifar10,0.03,0,base.patch_embed,0.927364
2,2,4,vit_tiny,cifar10,0.03,1,base.blocks.0,0.892305
2,2,4,vit_tiny,cifar10,0.03,2,base.blocks.1,0.846728
2,2,4,vit_tiny,cifar10,0.03,3,base.blocks.2,0.805084
2,2,4,vit_tiny,cifar10,0.03,4,base.blocks.3,0.759557
2,2,4,vit_tiny,cifar10,0.03,5,base.blocks.4,0.718448
2,2,4,vit_tiny,cifar10,0.03,6,base.blocks.5,0.680073
2,2,4,vit_tiny,cifar10,0.03,7,base.blocks.6,0.646988
2,2,4,vit_tiny,cifar10,0.03,8,base.blocks.7,0.619723
2,2,4,vit_tiny,cifar10,0.03,9,base.blocks.8,0.600279
2,2,4,vit_tiny,cifar10,0.03,10,base.blocks.9,0.586012
2,2,4,vit_tiny,cifar10,0.03,11,base.blocks.10,0.568333
2,2,4,vit_tiny,cifar10,0.03,12,base.blocks.11,0.548252
2,2,4,vit_tiny,cifar10,0.03,13,base.norm,0.575375
2,2,4,vit_tiny,cifar10,0.03,14,classifier,0.284666
2,2,5,vit_tiny,cifar10,0.03,0,base.patch_embed,0.967366
2,2,5,vit_tiny,cifar10,0.03,1,base.blocks.0,0.965641
2,2,5,vit_tiny,cifar10,0.03,2,base.blocks.1,0.960956
2,2,5,vit_tiny,cifar10,0.03,3,base.blocks.2,0.957950
2,2,5,vit_tiny,cifar10,0.03,4,base.blocks.3,0.947748
2,2,5,vit_tiny,cifar10,0.03,5,base.blocks.4,0.934839
2,2,5,vit_tiny,cifar10,0.03,6,base.blocks.5,0.928425
2,2,5,vit_tiny,cifar10,0.03,7,base.blocks.6,0.919764
2,2,5,vit_tiny,cifar10,0.03,8,base.blocks.7,0.904845
2,2,5,vit_tiny,cifar10,0.03,9,base.blocks.8,0.902962
2,2,5,vit_tiny,cifar10,0.03,10,base.blocks.9,0.898005
2,2,5,vit_tiny,cifar10,0.03,11,base.blocks.10,0.887763
2,2,5,vit_tiny,cifar10,0.03,12,base.blocks.11,0.879120
2,2,5,vit_tiny,cifar10,0.03,13,base.norm,0.819655
2,2,5,vit_tiny,cifar10,0.03,14,classifier,0.322004
2,2,6,vit_tiny,cifar10,0.03,0,base.patch_embed,0.905655
2,2,6,vit_tiny,cifar10,0.03,1,base.blocks.0,0.889453
2,2,6,vit_tiny,cifar10,0.03,2,base.blocks.1,0.861186
2,2,6,vit_tiny,cifar10,0.03,3,base.blocks.2,0.845252
2,2,6,vit_tiny,cifar10,0.03,4,base.blocks.3,0.816289
2,2,6,vit_tiny,cifar10,0.03,5,base.blocks.4,0.795412
2,2,6,vit_tiny,cifar10,0.03,6,base.blocks.5,0.780865
2,2,6,vit_tiny,cifar10,0.03,7,base.blocks.6,0.763087
2,2,6,vit_tiny,cifar10,0.03,8,base.blocks.7,0.748550
2,2,6,vit_tiny,cifar10,0.03,9,base.blocks.8,0.743359
2,2,6,vit_tiny,cifar10,0.03,10,base.blocks.9,0.734585
2,2,6,vit_tiny,cifar10,0.03,11,base.blocks.10,0.720943
2,2,6,vit_tiny,cifar10,0.03,12,base.blocks.11,0.716250
2,2,6,vit_tiny,cifar10,0.03,13,base.norm,0.730165
2,2,6,vit_tiny,cifar10,0.03,14,classifier,0.313698
2,2,7,vit_tiny,cifar10,0.03,0,base.patch_embed,0.916622
2,2,7,vit_tiny,cifar10,0.03,1,base.blocks.0,0.912009
2,2,7,vit_tiny,cifar10,0.03,2,base.blocks.1,0.901668
2,2,7,vit_tiny,cifar10,0.03,3,base.blocks.2,0.892702
2,2,7,vit_tiny,cifar10,0.03,4,base.blocks.3,0.871267
2,2,7,vit_tiny,cifar10,0.03,5,base.blocks.4,0.856854
2,2,7,vit_tiny,cifar10,0.03,6,base.blocks.5,0.852480
2,2,7,vit_tiny,cifar10,0.03,7,base.blocks.6,0.839810
2,2,7,vit_tiny,cifar10,0.03,8,base.blocks.7,0.824832
2,2,7,vit_tiny,cifar10,0.03,9,base.blocks.8,0.826779
2,2,7,vit_tiny,cifar10,0.03,10,base.blocks.9,0.822719
2,2,7,vit_tiny,cifar10,0.03,11,base.blocks.10,0.817507
2,2,7,vit_tiny,cifar10,0.03,12,base.blocks.11,0.814305
2,2,7,vit_tiny,cifar10,0.03,13,base.norm,0.818591
2,2,7,vit_tiny,cifar10,0.03,14,classifier,0.625069
2,2,8,vit_tiny,cifar10,0.03,0,base.patch_embed,0.936810
2,2,8,vit_tiny,cifar10,0.03,1,base.blocks.0,0.949921
2,2,8,vit_tiny,cifar10,0.03,2,base.blocks.1,0.950895
2,2,8,vit_tiny,cifar10,0.03,3,base.blocks.2,0.955936
2,2,8,vit_tiny,cifar10,0.03,4,base.blocks.3,0.954093
2,2,8,vit_tiny,cifar10,0.03,5,base.blocks.4,0.952775
2,2,8,vit_tiny,cifar10,0.03,6,base.blocks.5,0.953348
2,2,8,vit_tiny,cifar10,0.03,7,base.blocks.6,0.954202
2,2,8,vit_tiny,cifar10,0.03,8,base.blocks.7,0.951429
2,2,8,vit_tiny,cifar10,0.03,9,base.blocks.8,0.952236
2,2,8,vit_tiny,cifar10,0.03,10,base.blocks.9,0.953581
2,2,8,vit_tiny,cifar10,0.03,11,base.blocks.10,0.952074
2,2,8,vit_tiny,cifar10,0.03,12,base.blocks.11,0.953058
2,2,8,vit_tiny,cifar10,0.03,13,base.norm,0.910540
2,2,8,vit_tiny,cifar10,0.03,14,classifier,0.678245
2,2,9,vit_tiny,cifar10,0.03,0,base.patch_embed,0.965100
2,2,9,vit_tiny,cifar10,0.03,1,base.blocks.0,0.944275
2,2,9,vit_tiny,cifar10,0.03,2,base.blocks.1,0.929544
2,2,9,vit_tiny,cifar10,0.03,3,base.blocks.2,0.914016
2,2,9,vit_tiny,cifar10,0.03,4,base.blocks.3,0.890224
2,2,9,vit_tiny,cifar10,0.03,5,base.blocks.4,0.866543
2,2,9,vit_tiny,cifar10,0.03,6,base.blocks.5,0.848742
2,2,9,vit_tiny,cifar10,0.03,7,base.blocks.6,0.828189
2,2,9,vit_tiny,cifar10,0.03,8,base.blocks.7,0.800620
2,2,9,vit_tiny,cifar10,0.03,9,base.blocks.8,0.784580
2,2,9,vit_tiny,cifar10,0.03,10,base.blocks.9,0.766528
2,2,9,vit_tiny,cifar10,0.03,11,base.blocks.10,0.753711
2,2,9,vit_tiny,cifar10,0.03,12,base.blocks.11,0.742048
2,2,9,vit_tiny,cifar10,0.03,13,base.norm,0.791738
2,2,9,vit_tiny,cifar10,0.03,14,classifier,0.636314
2,3,4,vit_tiny,cifar10,0.03,0,base.patch_embed,0.916349
2,3,4,vit_tiny,cifar10,0.03,1,base.blocks.0,0.878590
2,3,4,vit_tiny,cifar10,0.03,2,base.blocks.1,0.833237
2,3,4,vit_tiny,cifar10,0.03,3,base.blocks.2,0.792925
2,3,4,vit_tiny,cifar10,0.03,4,base.blocks.3,0.747553
2,3,4,vit_tiny,cifar10,0.03,5,base.blocks.4,0.703402
2,3,4,vit_tiny,cifar10,0.03,6,base.blocks.5,0.668171
2,3,4,vit_tiny,cifar10,0.03,7,base.blocks.6,0.636307
2,3,4,vit_tiny,cifar10,0.03,8,base.blocks.7,0.610280
2,3,4,vit_tiny,cifar10,0.03,9,base.blocks.8,0.591284
2,3,4,vit_tiny,cifar10,0.03,10,base.blocks.9,0.575975
2,3,4,vit_tiny,cifar10,0.03,11,base.blocks.10,0.556373
2,3,4,vit_tiny,cifar10,0.03,12,base.blocks.11,0.538168
2,3,4,vit_tiny,cifar10,0.03,13,base.norm,0.557819
2,3,4,vit_tiny,cifar10,0.03,14,classifier,0.323939
2,3,5,vit_tiny,cifar10,0.03,0,base.patch_embed,0.960692
2,3,5,vit_tiny,cifar10,0.03,1,base.blocks.0,0.958571
2,3,5,vit_tiny,cifar10,0.03,2,base.blocks.1,0.953501
2,3,5,vit_tiny,cifar10,0.03,3,base.blocks.2,0.950600
2,3,5,vit_tiny,cifar10,0.03,4,base.blocks.3,0.939110
2,3,5,vit_tiny,cifar10,0.03,5,base.blocks.4,0.924959
2,3,5,vit_tiny,cifar10,0.03,6,base.blocks.5,0.917353
2,3,5,vit_tiny,cifar10,0.03,7,base.blocks.6,0.907536
2,3,5,vit_tiny,cifar10,0.03,8,base.blocks.7,0.890359
2,3,5,vit_tiny,cifar10,0.03,9,base.blocks.8,0.887289
2,3,5,vit_tiny,cifar10,0.03,10,base.blocks.9,0.880869
2,3,5,vit_tiny,cifar10,0.03,11,base.blocks.10,0.868144
2,3,5,vit_tiny,cifar10,0.03,12,base.blocks.11,0.858123
2,3,5,vit_tiny,cifar10,0.03,13,base.norm,0.786099
2,3,5,vit_tiny,cifar10,0.03,14,classifier,0.202549
2,3,6,vit_tiny,cifar10,0.03,0,base.patch_embed,0.891642
2,3,6,vit_tiny,cifar10,0.03,1,base.blocks.0,0.871897
2,3,6,vit_tiny,cifar10,0.03,2,base.blocks.1,0.843142
2,3,6,vit_tiny,cifar10,0.03,3,base.blocks.2,0.827788
2,3,6,vit_tiny,cifar10,0.03,4,base.blocks.3,0.798141
2,3,6,vit_tiny,cifar10,0.03,5,base.blocks.4,0.773664
2,3,6,vit_tiny,cifar10,0.03,6,base.blocks.5,0.760923
2,3,6,vit_tiny,cifar10,0.03,7,base.blocks.6,0.743500
2,3,6,vit_tiny,cifar10,0.03,8,base.blocks.7,0.729029
2,3,6,vit_tiny,cifar10,0.03,9,base.blocks.8,0.723540
2,3,6,vit_tiny,cifar10,0.03,10,base.blocks.9,0.713339
2,3,6,vit_tiny,cifar10,0.03,11,base.blocks.10,0.698231
2,3,6,vit_tiny,cifar10,0.03,12,base.blocks.11,0.694134
2,3,6,vit_tiny,cifar10,0.03,13,base.norm,0.703822
2,3,6,vit_tiny,cifar10,0.03,14,classifier,0.259428
2,3,7,vit_tiny,cifar10,0.03,0,base.patch_embed,0.915974
2,3,7,vit_tiny,cifar10,0.03,1,base.blocks.0,0.915340
2,3,7,vit_tiny,cifar10,0.03,2,base.blocks.1,0.905907
2,3,7,vit_tiny,cifar10,0.03,3,base.blocks.2,0.897348
2,3,7,vit_tiny,cifar10,0.03,4,base.blocks.3,0.875666
2,3,7,vit_tiny,cifar10,0.03,5,base.blocks.4,0.860764
2,3,7,vit_tiny,cifar10,0.03,6,base.blocks.5,0.856099
2,3,7,vit_tiny,cifar10,0.03,7,base.blocks.6,0.842870
2,3,7,vit_tiny,cifar10,0.03,8,base.blocks.7,0.828208
2,3,7,vit_tiny,cifar10,0.03,9,base.blocks.8,0.831750
2,3,7,vit_tiny,cifar10,0.03,10,base.blocks.9,0.828714
2,3,7,vit_tiny,cifar10,0.03,11,base.blocks.10,0.823993
2,3,7,vit_tiny,cifar10,0.03,12,base.blocks.11,0.822473
2,3,7,vit_tiny,cifar10,0.03,13,base.norm,0.813554
2,3,7,vit_tiny,cifar10,0.03,14,classifier,0.453473
2,3,8,vit_tiny,cifar10,0.03,0,base.patch_embed,0.937696
2,3,8,vit_tiny,cifar10,0.03,1,base.blocks.0,0.951966
2,3,8,vit_tiny,cifar10,0.03,2,base.blocks.1,0.951934
2,3,8,vit_tiny,cifar10,0.03,3,base.blocks.2,0.955600
2,3,8,vit_tiny,cifar10,0.03,4,base.blocks.3,0.952623
2,3,8,vit_tiny,cifar10,0.03,5,base.blocks.4,0.952177
2,3,8,vit_tiny,cifar10,0.03,6,base.blocks.5,0.950067
2,3,8,vit_tiny,cifar10,0.03,7,base.blocks.6,0.949201
2,3,8,vit_tiny,cifar10,0.03,8,base.blocks.7,0.943766
2,3,8,vit_tiny,cifar10,0.03,9,base.blocks.8,0.942808
2,3,8,vit_tiny,cifar10,0.03,10,base.blocks.9,0.942532
2,3,8,vit_tiny,cifar10,0.03,11,base.blocks.10,0.938320
2,3,8,vit_tiny,cifar10,0.03,12,base.blocks.11,0.937340
2,3,8,vit_tiny,cifar10,0.03,13,base.norm,0.878926
2,3,8,vit_tiny,cifar10,0.03,14,classifier,0.449048
2,3,9,vit_tiny,cifar10,0.03,0,base.patch_embed,0.956372
2,3,9,vit_tiny,cifar10,0.03,1,base.blocks.0,0.932470
2,3,9,vit_tiny,cifar10,0.03,2,base.blocks.1,0.916890
2,3,9,vit_tiny,cifar10,0.03,3,base.blocks.2,0.900984
2,3,9,vit_tiny,cifar10,0.03,4,base.blocks.3,0.875163
2,3,9,vit_tiny,cifar10,0.03,5,base.blocks.4,0.848014
2,3,9,vit_tiny,cifar10,0.03,6,base.blocks.5,0.829501
2,3,9,vit_tiny,cifar10,0.03,7,base.blocks.6,0.807375
2,3,9,vit_tiny,cifar10,0.03,8,base.blocks.7,0.776969
2,3,9,vit_tiny,cifar10,0.03,9,base.blocks.8,0.758546
2,3,9,vit_tiny,cifar10,0.03,10,base.blocks.9,0.737463
2,3,9,vit_tiny,cifar10,0.03,11,base.blocks.10,0.721296
2,3,9,vit_tiny,cifar10,0.03,12,base.blocks.11,0.708161
2,3,9,vit_tiny,cifar10,0.03,13,base.norm,0.739945
2,3,9,vit_tiny,cifar10,0.03,14,classifier,0.274091
2,4,5,vit_tiny,cifar10,0.03,0,base.patch_embed,0.981915
2,4,5,vit_tiny,cifar10,0.03,1,base.blocks.0,0.963032
2,4,5,vit_tiny,cifar10,0.03,2,base.blocks.1,0.942365
2,4,5,vit_tiny,cifar10,0.03,3,base.blocks.2,0.915644
2,4,5,vit_tiny,cifar10,0.03,4,base.blocks.3,0.896031
2,4,5,vit_tiny,cifar10,0.03,5,base.blocks.4,0.876332
2,4,5,vit_tiny,cifar10,0.03,6,base.blocks.5,0.856757
2,4,5,vit_tiny,cifar10,0.03,7,base.blocks.6,0.841772
2,4,5,vit_tiny,cifar10,0.03,8,base.blocks.7,0.842056
2,4,5,vit_tiny,cifar10,0.03,9,base.blocks.8,0.833122
2,4,5,vit_tiny,cifar10,0.03,10,base.blocks.9,0.833039
2,4,5,vit_tiny,cifar10,0.03,11,base.blocks.10,0.839451
2,4,5,vit_tiny,cifar10,0.03,12,base.blocks.11,0.829519
2,4,5,vit_tiny,cifar10,0.03,13,base.norm,0.866569
2,4,5,vit_tiny,cifar10,0.03,14,classifier,0.688500
2,4,6,vit_tiny,cifar10,0.03,0,base.patch_embed,0.994404
2,4,6,vit_tiny,cifar10,0.03,1,base.blocks.0,0.994240
2,4,6,vit_tiny,cifar10,0.03,2,base.blocks.1,0.991618
2,4,6,vit_tiny,cifar10,0.03,3,base.blocks.2,0.986939
2,4,6,vit_tiny,cifar10,0.03,4,base.blocks.3,0.982469
2,4,6,vit_tiny,cifar10,0.03,5,base.blocks.4,0.977618
2,4,6,vit_tiny,cifar10,0.03,6,base.blocks.5,0.969015
2,4,6,vit_tiny,cifar10,0.03,7,base.blocks.6,0.961954
2,4,6,vit_tiny,cifar10,0.03,8,base.blocks.7,0.957329
2,4,6,vit_tiny,cifar10,0.03,9,base.blocks.8,0.951400
2,4,6,vit_tiny,cifar10,0.03,10,base.blocks.9,0.949399
2,4,6,vit_tiny,cifar10,0.03,11,base.blocks.10,0.947096
2,4,6,vit_tiny,cifar10,0.03,12,base.blocks.11,0.940843
2,4,6,vit_tiny,cifar10,0.03,13,base.norm,0.933837
2,4,6,vit_tiny,cifar10,0.03,14,classifier,0.757971
2,4,7,vit_tiny,cifar10,0.03,0,base.patch_embed,0.925261
2,4,7,vit_tiny,cifar10,0.03,1,base.blocks.0,0.901712
2,4,7,vit_tiny,cifar10,0.03,2,base.blocks.1,0.885545
2,4,7,vit_tiny,cifar10,0.03,3,base.blocks.2,0.869880
2,4,7,vit_tiny,cifar10,0.03,4,base.blocks.3,0.867640
2,4,7,vit_tiny,cifar10,0.03,5,base.blocks.4,0.863050
2,4,7,vit_tiny,cifar10,0.03,6,base.blocks.5,0.858604
2,4,7,vit_tiny,cifar10,0.03,7,base.blocks.6,0.855591
2,4,7,vit_tiny,cifar10,0.03,8,base.blocks.7,0.859208
2,4,7,vit_tiny,cifar10,0.03,9,base.blocks.8,0.853063
2,4,7,vit_tiny,cifar10,0.03,10,base.blocks.9,0.853317
2,4,7,vit_tiny,cifar10,0.03,11,base.blocks.10,0.852189
2,4,7,vit_tiny,cifar10,0.03,12,base.blocks.11,0.845652
2,4,7,vit_tiny,cifar10,0.03,13,base.norm,0.827435
2,4,7,vit_tiny,cifar10,0.03,14,classifier,0.597267
2,4,8,vit_tiny,cifar10,0.03,0,base.patch_embed,0.851354
2,4,8,vit_tiny,cifar10,0.03,1,base.blocks.0,0.839009
2,4,8,vit_tiny,cifar10,0.03,2,base.blocks.1,0.805506
2,4,8,vit_tiny,cifar10,0.03,3,base.blocks.2,0.778456
2,4,8,vit_tiny,cifar10,0.03,4,base.blocks.3,0.748405
2,4,8,vit_tiny,cifar10,0.03,5,base.blocks.4,0.721124
2,4,8,vit_tiny,cifar10,0.03,6,base.blocks.5,0.695293
2,4,8,vit_tiny,cifar10,0.03,7,base.blocks.6,0.675679
2,4,8,vit_tiny,cifar10,0.03,8,base.blocks.7,0.659078
2,4,8,vit_tiny,cifar10,0.03,9,base.blocks.8,0.647327
2,4,8,vit_tiny,cifar10,0.03,10,base.blocks.9,0.640958
2,4,8,vit_tiny,cifar10,0.03,11,base.blocks.10,0.642803
2,4,8,vit_tiny,cifar10,0.03,12,base.blocks.11,0.626151
2,4,8,vit_tiny,cifar10,0.03,13,base.norm,0.698475
2,4,8,vit_tiny,cifar10,0.03,14,classifier,0.564985
2,4,9,vit_tiny,cifar10,0.03,0,base.patch_embed,0.986041
2,4,9,vit_tiny,cifar10,0.03,1,base.blocks.0,0.979480
2,4,9,vit_tiny,cifar10,0.03,2,base.blocks.1,0.965787
2,4,9,vit_tiny,cifar10,0.03,3,base.blocks.2,0.950935
2,4,9,vit_tiny,cifar10,0.03,4,base.blocks.3,0.939106
2,4,9,vit_tiny,cifar10,0.03,5,base.blocks.4,0.930047
2,4,9,vit_tiny,cifar10,0.03,6,base.blocks.5,0.917662
2,4,9,vit_tiny,cifar10,0.03,7,base.blocks.6,0.905565
2,4,9,vit_tiny,cifar10,0.03,8,base.blocks.7,0.900733
2,4,9,vit_tiny,cifar10,0.03,9,base.blocks.8,0.895159
2,4,9,vit_tiny,cifar10,0.03,10,base.blocks.9,0.891103
2,4,9,vit_tiny,cifar10,0.03,11,base.blocks.10,0.886053
2,4,9,vit_tiny,cifar10,0.03,12,base.blocks.11,0.875435
2,4,9,vit_tiny,cifar10,0.03,13,base.norm,0.833863
2,4,9,vit_tiny,cifar10,0.03,14,classifier,0.563410
2,5,6,vit_tiny,cifar10,0.03,0,base.patch_embed,0.966665
2,5,6,vit_tiny,cifar10,0.03,1,base.blocks.0,0.956896
2,5,6,vit_tiny,cifar10,0.03,2,base.blocks.1,0.946259
2,5,6,vit_tiny,cifar10,0.03,3,base.blocks.2,0.935576
2,5,6,vit_tiny,cifar10,0.03,4,base.blocks.3,0.923402
2,5,6,vit_tiny,cifar10,0.03,5,base.blocks.4,0.914181
2,5,6,vit_tiny,cifar10,0.03,6,base.blocks.5,0.906944
2,5,6,vit_tiny,cifar10,0.03,7,base.blocks.6,0.899350
2,5,6,vit_tiny,cifar10,0.03,8,base.blocks.7,0.904361
2,5,6,vit_tiny,cifar10,0.03,9,base.blocks.8,0.902092
2,5,6,vit_tiny,cifar10,0.03,10,base.blocks.9,0.905348
2,5,6,vit_tiny,cifar10,0.03,11,base.blocks.10,0.911885
2,5,6,vit_tiny,cifar10,0.03,12,base.blocks.11,0.908938
2,5,6,vit_tiny,cifar10,0.03,13,base.norm,0.923674
2,5,6,vit_tiny,cifar10,0.03,14,classifier,0.867343
2,5,7,vit_tiny,cifar10,0.03,0,base.patch_embed,0.970044
2,5,7,vit_tiny,cifar10,0.03,1,base.blocks.0,0.967591
2,5,7,vit_tiny,cifar10,0.03,2,base.blocks.1,0.965218
2,5,7,vit_tiny,cifar10,0.03,3,base.blocks.2,0.965283
2,5,7,vit_tiny,cifar10,0.03,4,base.blocks.3,0.963015
2,5,7,vit_tiny,cifar10,0.03,5,base.blocks.4,0.964711
2,5,7,vit_tiny,cifar10,0.03,6,base.blocks.5,0.964419
2,5,7,vit_tiny,cifar10,0.03,7,base.blocks.6,0.961931
2,5,7,vit_tiny,cifar10,0.03,8,base.blocks.7,0.961501
2,5,7,vit_tiny,cifar10,0.03,9,base.blocks.8,0.959718
2,5,7,vit_tiny,cifar10,0.03,10,base.blocks.9,0.958072
2,5,7,vit_tiny,cifar10,0.03,11,base.blocks.10,0.955353
2,5,7,vit_tiny,cifar10,0.03,12,base.blocks.11,0.951836
2,5,7,vit_tiny,cifar10,0.03,13,base.norm,0.926424
2,5,7,vit_tiny,cifar10,0.03,14,classifier,0.717933
2,5,8,vit_tiny,cifar10,0.03,0,base.patch_embed,0.932516
2,5,8,vit_tiny,cifar10,0.03,1,base.blocks.0,0.951895
2,5,8,vit_tiny,cifar10,0.03,2,base.blocks.1,0.953073
2,5,8,vit_tiny,cifar10,0.03,3,base.blocks.2,0.960890
2,5,8,vit_tiny,cifar10,0.03,4,base.blocks.3,0.960352
2,5,8,vit_tiny,cifar10,0.03,5,base.blocks.4,0.960974
2,5,8,vit_tiny,cifar10,0.03,6,base.blocks.5,0.960974
2,5,8,vit_tiny,cifar10,0.03,7,base.blocks.6,0.960909
2,5,8,vit_tiny,cifar10,0.03,8,base.blocks.7,0.953680
2,5,8,vit_tiny,cifar10,0.03,9,base.blocks.8,0.953829
2,5,8,vit_tiny,cifar10,0.03,10,base.blocks.9,0.951271
2,5,8,vit_tiny,cifar10,0.03,11,base.blocks.10,0.947747
2,5,8,vit_tiny,cifar10,0.03,12,base.blocks.11,0.945350
2,5,8,vit_tiny,cifar10,0.03,13,base.norm,0.938038
2,5,8,vit_tiny,cifar10,0.03,14,classifier,0.626676
2,5,9,vit_tiny,cifar10,0.03,0,base.patch_embed,0.997062
2,5,9,vit_tiny,cifar10,0.03,1,base.blocks.0,0.990423
2,5,9,vit_tiny,cifar10,0.03,2,base.blocks.1,0.988195
2,5,9,vit_tiny,cifar10,0.03,3,base.blocks.2,0.982441
2,5,9,vit_tiny,cifar10,0.03,4,base.blocks.3,0.977268
2,5,9,vit_tiny,cifar10,0.03,5,base.blocks.4,0.970754
2,5,9,vit_tiny,cifar10,0.03,6,base.blocks.5,0.964440
2,5,9,vit_tiny,cifar10,0.03,7,base.blocks.6,0.958990
2,5,9,vit_tiny,cifar10,0.03,8,base.blocks.7,0.955291
2,5,9,vit_tiny,cifar10,0.03,9,base.blocks.8,0.947409
2,5,9,vit_tiny,cifar10,0.03,10,base.blocks.9,0.944338
2,5,9,vit_tiny,cifar10,0.03,11,base.blocks.10,0.945649
2,5,9,vit_tiny,cifar10,0.03,12,base.blocks.11,0.940629
2,5,9,vit_tiny,cifar10,0.03,13,base.norm,0.920839
2,5,9,vit_tiny,cifar10,0.03,14,classifier,0.713515
2,6,7,vit_tiny,cifar10,0.03,0,base.patch_embed,0.898962
2,6,7,vit_tiny,cifar10,0.03,1,base.blocks.0,0.885339
2,6,7,vit_tiny,cifar10,0.03,2,base.blocks.1,0.876228
2,6,7,vit_tiny,cifar10,0.03,3,base.blocks.2,0.872694
2,6,7,vit_tiny,cifar10,0.03,4,base.blocks.3,0.870679
2,6,7,vit_tiny,cifar10,0.03,5,base.blocks.4,0.873248
2,6,7,vit_tiny,cifar10,0.03,6,base.blocks.5,0.876378
2,6,7,vit_tiny,cifar10,0.03,7,base.blocks.6,0.878061
2,6,7,vit_tiny,cifar10,0.03,8,base.blocks.7,0.886544
2,6,7,vit_tiny,cifar10,0.03,9,base.blocks.8,0.888813
2,6,7,vit_tiny,cifar10,0.03,10,base.blocks.9,0.893679
2,6,7,vit_tiny,cifar10,0.03,11,base.blocks.10,0.895805
2,6,7,vit_tiny,cifar10,0.03,12,base.blocks.11,0.899729
2,6,7,vit_tiny,cifar10,0.03,13,base.norm,0.902200
2,6,7,vit_tiny,cifar10,0.03,14,classifier,0.778394
2,6,8,vit_tiny,cifar10,0.03,0,base.patch_embed,0.811231
2,6,8,vit_tiny,cifar10,0.03,1,base.blocks.0,0.824670
2,6,8,vit_tiny,cifar10,0.03,2,base.blocks.1,0.807996
2,6,8,vit_tiny,cifar10,0.03,3,base.blocks.2,0.805481
2,6,8,vit_tiny,cifar10,0.03,4,base.blocks.3,0.785126
2,6,8,vit_tiny,cifar10,0.03,5,base.blocks.4,0.774354
2,6,8,vit_tiny,cifar10,0.03,6,base.blocks.5,0.766016
2,6,8,vit_tiny,cifar10,0.03,7,base.blocks.6,0.758389
2,6,8,vit_tiny,cifar10,0.03,8,base.blocks.7,0.752032
2,6,8,vit_tiny,cifar10,0.03,9,base.blocks.8,0.750866
2,6,8,vit_tiny,cifar10,0.03,10,base.blocks.9,0.750706
2,6,8,vit_tiny,cifar10,0.03,11,base.blocks.10,0.753823
2,6,8,vit_tiny,cifar10,0.03,12,base.blocks.11,0.752173
2,6,8,vit_tiny,cifar10,0.03,13,base.norm,0.803376
2,6,8,vit_tiny,cifar10,0.03,14,classifier,0.701396
2,6,9,vit_tiny,cifar10,0.03,0,base.patch_embed,0.978136
2,6,9,vit_tiny,cifar10,0.03,1,base.blocks.0,0.983044
2,6,9,vit_tiny,cifar10,0.03,2,base.blocks.1,0.977846
2,6,9,vit_tiny,cifar10,0.03,3,base.blocks.2,0.975457
2,6,9,vit_tiny,cifar10,0.03,4,base.blocks.3,0.970189
2,6,9,vit_tiny,cifar10,0.03,5,base.blocks.4,0.969036
2,6,9,vit_tiny,cifar10,0.03,6,base.blocks.5,0.966935
2,6,9,vit_tiny,cifar10,0.03,7,base.blocks.6,0.962206
2,6,9,vit_tiny,cifar10,0.03,8,base.blocks.7,0.961501
2,6,9,vit_tiny,cifar10,0.03,9,base.blocks.8,0.960092
2,6,9,vit_tiny,cifar10,0.03,10,base.blocks.9,0.955890
2,6,9,vit_tiny,cifar10,0.03,11,base.blocks.10,0.952394
2,6,9,vit_tiny,cifar10,0.03,12,base.blocks.11,0.949861
2,6,9,vit_tiny,cifar10,0.03,13,base.norm,0.923681
2,6,9,vit_tiny,cifar10,0.03,14,classifier,0.742504
2,7,8,vit_tiny,cifar10,0.03,0,base.patch_embed,0.959620
2,7,8,vit_tiny,cifar10,0.03,1,base.blocks.0,0.965606
2,7,8,vit_tiny,cifar10,0.03,2,base.blocks.1,0.960720
2,7,8,vit_tiny,cifar10,0.03,3,base.blocks.2,0.954855
2,7,8,vit_tiny,cifar10,0.03,4,base.blocks.3,0.941165
2,7,8,vit_tiny,cifar10,0.03,5,base.blocks.4,0.931784
2,7,8,vit_tiny,cifar10,0.03,6,base.blocks.5,0.924439
2,7,8,vit_tiny,cifar10,0.03,7,base.blocks.6,0.914006
2,7,8,vit_tiny,cifar10,0.03,8,base.blocks.7,0.901335
2,7,8,vit_tiny,cifar10,0.03,9,base.blocks.8,0.897216
2,7,8,vit_tiny,cifar10,0.03,10,base.blocks.9,0.889967
2,7,8,vit_tiny,cifar10,0.03,11,base.blocks.10,0.885058
2,7,8,vit_tiny,cifar10,0.03,12,base.blocks.11,0.876045
2,7,8,vit_tiny,cifar10,0.03,13,base.norm,0.873409
2,7,8,vit_tiny,cifar10,0.03,14,classifier,0.750557
2,7,9,vit_tiny,cifar10,0.03,0,base.patch_embed,0.954315
2,7,9,vit_tiny,cifar10,0.03,1,base.blocks.0,0.942948
2,7,9,vit_tiny,cifar10,0.03,2,base.blocks.1,0.941860
2,7,9,vit_tiny,cifar10,0.03,3,base.blocks.2,0.941289
2,7,9,vit_tiny,cifar10,0.03,4,base.blocks.3,0.941017
2,7,9,vit_tiny,cifar10,0.03,5,base.blocks.4,0.938897
2,7,9,vit_tiny,cifar10,0.03,6,base.blocks.5,0.938877
2,7,9,vit_tiny,cifar10,0.03,7,base.blocks.6,0.938260
2,7,9,vit_tiny,cifar10,0.03,8,base.blocks.7,0.935736
2,7,9,vit_tiny,cifar10,0.03,9,base.blocks.8,0.929894
2,7,9,vit_tiny,cifar10,0.03,10,base.blocks.9,0.926175
2,7,9,vit_tiny,cifar10,0.03,11,base.blocks.10,0.920875
2,7,9,vit_tiny,cifar10,0.03,12,base.blocks.11,0.916078
2,7,9,vit_tiny,cifar10,0.03,13,base.norm,0.913805
2,7,9,vit_tiny,cifar10,0.03,14,classifier,0.857720
2,8,9,vit_tiny,cifar10,0.03,0,base.patch_embed,0.910541
2,8,9,vit_tiny,cifar10,0.03,1,base.blocks.0,0.908630
2,8,9,vit_tiny,cifar10,0.03,2,base.blocks.1,0.906273
2,8,9,vit_tiny,cifar10,0.03,3,base.blocks.2,0.905119
2,8,9,vit_tiny,cifar10,0.03,4,base.blocks.3,0.894801
2,8,9,vit_tiny,cifar10,0.03,5,base.blocks.4,0.881890
2,8,9,vit_tiny,cifar10,0.03,6,base.blocks.5,0.871379
2,8,9,vit_tiny,cifar10,0.03,7,base.blocks.6,0.863239
2,8,9,vit_tiny,cifar10,0.03,8,base.blocks.7,0.845589
2,8,9,vit_tiny,cifar10,0.03,9,base.blocks.8,0.833857
2,8,9,vit_tiny,cifar10,0.03,10,base.blocks.9,0.825645
2,8,9,vit_tiny,cifar10,0.03,11,base.blocks.10,0.826303
2,8,9,vit_tiny,cifar10,0.03,12,base.blocks.11,0.815558
2,8,9,vit_tiny,cifar10,0.03,13,base.norm,0.853519
2,8,9,vit_tiny,cifar10,0.03,14,classifier,0.664670
5,0,1,vit_tiny,cifar10,0.03,0,base.patch_embed,0.987596
5,0,1,vit_tiny,cifar10,0.03,1,base.blocks.0,0.969796
5,0,1,vit_tiny,cifar10,0.03,2,base.blocks.1,0.950003
5,0,1,vit_tiny,cifar10,0.03,3,base.blocks.2,0.931044
5,0,1,vit_tiny,cifar10,0.03,4,base.blocks.3,0.918668
5,0,1,vit_tiny,cifar10,0.03,5,base.blocks.4,0.903757
5,0,1,vit_tiny,cifar10,0.03,6,base.blocks.5,0.887013
5,0,1,vit_tiny,cifar10,0.03,7,base.blocks.6,0.874394
5,0,1,vit_tiny,cifar10,0.03,8,base.blocks.7,0.866517
5,0,1,vit_tiny,cifar10,0.03,9,base.blocks.8,0.855666
5,0,1,vit_tiny,cifar10,0.03,10,base.blocks.9,0.849263
5,0,1,vit_tiny,cifar10,0.03,11,base.blocks.10,0.848792
5,0,1,vit_tiny,cifar10,0.03,12,base.blocks.11,0.840782
5,0,1,vit_tiny,cifar10,0.03,13,base.norm,0.776394
5,0,1,vit_tiny,cifar10,0.03,14,classifier,0.514801
5,0,2,vit_tiny,cifar10,0.03,0,base.patch_embed,0.975615
5,0,2,vit_tiny,cifar10,0.03,1,base.blocks.0,0.961847
5,0,2,vit_tiny,cifar10,0.03,2,base.blocks.1,0.960603
5,0,2,vit_tiny,cifar10,0.03,3,base.blocks.2,0.950376
5,0,2,vit_tiny,cifar10,0.03,4,base.blocks.3,0.943047
5,0,2,vit_tiny,cifar10,0.03,5,base.blocks.4,0.936957
5,0,2,vit_tiny,cifar10,0.03,6,base.blocks.5,0.925648
5,0,2,vit_tiny,cifar10,0.03,7,base.blocks.6,0.918143
5,0,2,vit_tiny,cifar10,0.03,8,base.blocks.7,0.906382
5,0,2,vit_tiny,cifar10,0.03,9,base.blocks.8,0.895052
5,0,2,vit_tiny,cifar10,0.03,10,base.blocks.9,0.890527
5,0,2,vit_tiny,cifar10,0.03,11,base.blocks.10,0.886238
5,0,2,vit_tiny,cifar10,0.03,12,base.blocks.11,0.878729
5,0,2,vit_tiny,cifar10,0.03,13,base.norm,0.894786
5,0,2,vit_tiny,cifar10,0.03,14,classifier,0.415176
5,0,3,vit_tiny,cifar10,0.03,0,base.patch_embed,0.992805
5,0,3,vit_tiny,cifar10,0.03,1,base.blocks.0,0.985124
5,0,3,vit_tiny,cifar10,0.03,2,base.blocks.1,0.980698
5,0,3,vit_tiny,cifar10,0.03,3,base.blocks.2,0.975182
5,0,3,vit_tiny,cifar10,0.03,4,base.blocks.3,0.960116
5,0,3,vit_tiny,cifar10,0.03,5,base.blocks.4,0.951296
5,0,3,vit_tiny,cifar10,0.03,6,base.blocks.5,0.941205
5,0,3,vit_tiny,cifar10,0.03,7,base.blocks.6,0.931010
5,0,3,vit_tiny,cifar10,0.03,8,base.blocks.7,0.920040
5,0,3,vit_tiny,cifar10,0.03,9,base.blocks.8,0.912168
5,0,3,vit_tiny,cifar10,0.03,10,base.blocks.9,0.909254
5,0,3,vit_tiny,cifar10,0.03,11,base.blocks.10,0.903131
5,0,3,vit_tiny,cifar10,0.03,12,base.blocks.11,0.895582
5,0,3,vit_tiny,cifar10,0.03,13,base.norm,0.889503
5,0,3,vit_tiny,cifar10,0.03,14,classifier,0.455409
5,0,4,vit_tiny,cifar10,0.03,0,base.patch_embed,0.980248
5,0,4,vit_tiny,cifar10,0.03,1,base.blocks.0,0.970178
5,0,4,vit_tiny,cifar10,0.03,2,base.blocks.1,0.971078
5,0,4,vit_tiny,cifar10,0.03,3,base.blocks.2,0.963967
5,0,4,vit_tiny,cifar10,0.03,4,base.blocks.3,0.954478
5,0,4,vit_tiny,cifar10,0.03,5,base.blocks.4,0.948063
5,0,4,vit_tiny,cifar10,0.03,6,base.blocks.5,0.940957
5,0,4,vit_tiny,cifar10,0.03,7,base.blocks.6,0.935999
5,0,4,vit_tiny,cifar10,0.03,8,base.blocks.7,0.927014
5,0,4,vit_tiny,cifar10,0.03,9,base.blocks.8,0.919365
5,0,4,vit_tiny,cifar10,0.03,10,base.blocks.9,0.915242
5,0,4,vit_tiny,cifar10,0.03,11,base.blocks.10,0.910240
5,0,4,vit_tiny,cifar10,0.03,12,base.blocks.11,0.904912
5,0,4,vit_tiny,cifar10,0.03,13,base.norm,0.904870
5,0,4,vit_tiny,cifar10,0.03,14,classifier,0.259867
5,0,5,vit_tiny,cifar10,0.03,0,base.patch_embed,0.992953
5,0,5,vit_tiny,cifar10,0.03,1,base.blocks.0,0.981123
5,0,5,vit_tiny,cifar10,0.03,2,base.blocks.1,0.975627
5,0,5,vit_tiny,cifar10,0.03,3,base.blocks.2,0.967769
5,0,5,vit_tiny,cifar10,0.03,4,base.blocks.3,0.961492
5,0,5,vit_tiny,cifar10,0.03,5,base.blocks.4,0.953380
5,0,5,vit_tiny,cifar10,0.03,6,base.blocks.5,0.944662
5,0,5,vit_tiny,cifar10,0.03,7,base.blocks.6,0.938377
5,0,5,vit_tiny,cifar10,0.03,8,base.blocks.7,0.928161
5,0,5,vit_tiny,cifar10,0.03,9,base.blocks.8,0.920199
5,0,5,vit_tiny,cifar10,0.03,10,base.blocks.9,0.912268
5,0,5,vit_tiny,cifar10,0.03,11,base.blocks.10,0.905913
5,0,5,vit_tiny,cifar10,0.03,12,base.blocks.11,0.899737
5,0,5,vit_tiny,cifar10,0.03,13,base.norm,0.907785
5,0,5,vit_tiny,cifar10,0.03,14,classifier,0.429302
5,0,6,vit_tiny,cifar10,0.03,0,base.patch_embed,0.968802
5,0,6,vit_tiny,cifar10,0.03,1,base.blocks.0,0.948695
5,0,6,vit_tiny,cifar10,0.03,2,base.blocks.1,0.941566
5,0,6,vit_tiny,cifar10,0.03,3,base.blocks.2,0.930639
5,0,6,vit_tiny,cifar10,0.03,4,base.blocks.3,0.927864
5,0,6,vit_tiny,cifar10,0.03,5,base.blocks.4,0.922878
5,0,6,vit_tiny,cifar10,0.03,6,base.blocks.5,0.913277
5,0,6,vit_tiny,cifar10,0.03,7,base.blocks.6,0.907204
5,0,6,vit_tiny,cifar10,0.03,8,base.blocks.7,0.899301
5,0,6,vit_tiny,cifar10,0.03,9,base.blocks.8,0.891941
5,0,6,vit_tiny,cifar10,0.03,10,base.blocks.9,0.883272
5,0,6,vit_tiny,cifar10,0.03,11,base.blocks.10,0.878226
5,0,6,vit_tiny,cifar10,0.03,12,base.blocks.11,0.871876
5,0,6,vit_tiny,cifar10,0.03,13,base.norm,0.897460
5,0,6,vit_tiny,cifar10,0.03,14,classifier,0.346930
5,0,7,vit_tiny,cifar10,0.03,0,base.patch_embed,0.946663
5,0,7,vit_tiny,cifar10,0.03,1,base.blocks.0,0.936295
5,0,7,vit_tiny,cifar10,0.03,2,base.blocks.1,0.934645
5,0,7,vit_tiny,cifar10,0.03,3,base.blocks.2,0.923914
5,0,7,vit_tiny,cifar10,0.03,4,base.blocks.3,0.899555
5,0,7,vit_tiny,cifar10,0.03,5,base.blocks.4,0.883984
5,0,7,vit_tiny,cifar10,0.03,6,base.blocks.5,0.869460
5,0,7,vit_tiny,cifar10,0.03,7,base.blocks.6,0.856013
5,0,7,vit_tiny,cifar10,0.03,8,base.blocks.7,0.842151
5,0,7,vit_tiny,cifar10,0.03,9,base.blocks.8,0.833256
5,0,7,vit_tiny,cifar10,0.03,10,base.blocks.9,0.834907
5,0,7,vit_tiny,cifar10,0.03,11,base.blocks.10,0.828672
5,0,7,vit_tiny,cifar10,0.03,12,base.blocks.11,0.820062
5,0,7,vit_tiny,cifar10,0.03,13,base.norm,0.823788
5,0,7,vit_tiny,cifar10,0.03,14,classifier,0.571460
5,0,8,vit_tiny,cifar10,0.03,0,base.patch_embed,0.968439
5,0,8,vit_tiny,cifar10,0.03,1,base.blocks.0,0.936337
5,0,8,vit_tiny,cifar10,0.03,2,base.blocks.1,0.928150
5,0,8,vit_tiny,cifar10,0.03,3,base.blocks.2,0.916904
5,0,8,vit_tiny,cifar10,0.03,4,base.blocks.3,0.911799
5,0,8,vit_tiny,cifar10,0.03,5,base.blocks.4,0.901055
5,0,8,vit_tiny,cifar10,0.03,6,base.blocks.5,0.892472
5,0,8,vit_tiny,cifar10,0.03,7,base.blocks.6,0.884594
5,0,8,vit_tiny,cifar10,0.03,8,base.blocks.7,0.875453
5,0,8,vit_tiny,cifar10,0.03,9,base.blocks.8,0.867159
5,0,8,vit_tiny,cifar10,0.03,10,base.blocks.9,0.860412
5,0,8,vit_tiny,cifar10,0.03,11,base.blocks.10,0.857279
5,0,8,vit_tiny,cifar10,0.03,12,base.blocks.11,0.849354
5,0,8,vit_tiny,cifar10,0.03,13,base.norm,0.843930
5,0,8,vit_tiny,cifar10,0.03,14,classifier,0.455833
5,0,9,vit_tiny,cifar10,0.03,0,base.patch_embed,0.988831
5,0,9,vit_tiny,cifar10,0.03,1,base.blocks.0,0.985649
5,0,9,vit_tiny,cifar10,0.03,2,base.blocks.1,0.977752
5,0,9,vit_tiny,cifar10,0.03,3,base.blocks.2,0.965109
5,0,9,vit_tiny,cifar10,0.03,4,base.blocks.3,0.953454
5,0,9,vit_tiny,cifar10,0.03,5,base.blocks.4,0.941154
5,0,9,vit_tiny,cifar10,0.03,6,base.blocks.5,0.925791
5,0,9,vit_tiny,cifar10,0.03,7,base.blocks.6,0.910344
5,0,9,vit_tiny,cifar10,0.03,8,base.blocks.7,0.887946
5,0,9,vit_tiny,cifar10,0.03,9,base.blocks.8,0.866375
5,0,9,vit_tiny,cifar10,0.03,10,base.blocks.9,0.853244
5,0,9,vit_tiny,cifar10,0.03,11,base.blocks.10,0.836214
5,0,9,vit_tiny,cifar10,0.03,12,base.blocks.11,0.820619
5,0,9,vit_tiny,cifar10,0.03,13,base.norm,0.848320
5,0,9,vit_tiny,cifar10,0.03,14,classifier,0.128407
5,1,2,vit_tiny,cifar10,0.03,0,base.patch_embed,0.963113
5,1,2,vit_tiny,cifar10,0.03,1,base.blocks.0,0.934926
5,1,2,vit_tiny,cifar10,0.03,2,base.blocks.1,0.917100
5,1,2,vit_tiny,cifar10,0.03,3,base.blocks.2,0.896088
5,1,2,vit_tiny,cifar10,0.03,4,base.blocks.3,0.886407
5,1,2,vit_tiny,cifar10,0.03,5,base.blocks.4,0.882462
5,1,2,vit_tiny,cifar10,0.03,6,base.blocks.5,0.871112
5,1,2,vit_tiny,cifar10,0.03,7,base.blocks.6,0.862648
5,1,2,vit_tiny,cifar10,0.03,8,base.blocks.7,0.863647
5,1,2,vit_tiny,cifar10,0.03,9,base.blocks.8,0.864607
5,1,2,vit_tiny,cifar10,0.03,10,base.blocks.9,0.870685
5,1,2,vit_tiny,cifar10,0.03,11,base.blocks.10,0.877065
5,1,2,vit_tiny,cifar10,0.03,12,base.blocks.11,0.871334
5,1,2,vit_tiny,cifar10,0.03,13,base.norm,0.886186
5,1,2,vit_tiny,cifar10,0.03,14,classifier,0.356746
5,1,3,vit_tiny,cifar10,0.03,0,base.patch_embed,0.996850
5,1,3,vit_tiny,cifar10,0.03,1,base.blocks.0,0.987999
5,1,3,vit_tiny,cifar10,0.03,2,base.blocks.1,0.976448
5,1,3,vit_tiny,cifar10,0.03,3,base.blocks.2,0.960418
5,1,3,vit_tiny,cifar10,0.03,4,base.blocks.3,0.950358
5,1,3,vit_tiny,cifar10,0.03,5,base.blocks.4,0.938255
5,1,3,vit_tiny,cifar10,0.03,6,base.blocks.5,0.924399
5,1,3,vit_tiny,cifar10,0.03,7,base.blocks.6,0.912513
5,1,3,vit_tiny,cifar10,0.03,8,base.blocks.7,0.903970
5,1,3,vit_tiny,cifar10,0.03,9,base.blocks.8,0.897682
5,1,3,vit_tiny,cifar10,0.03,10,base.blocks.9,0.890065
5,1,3,vit_tiny,cifar10,0.03,11,base.blocks.10,0.887526
5,1,3,vit_tiny,cifar10,0.03,12,base.blocks.11,0.877190
5,1,3,vit_tiny,cifar10,0.03,13,base.norm,0.854209
5,1,3,vit_tiny,cifar10,0.03,14,classifier,0.440938
5,1,4,vit_tiny,cifar10,0.03,0,base.patch_embed,0.965221
5,1,4,vit_tiny,cifar10,0.03,1,base.blocks.0,0.948932
5,1,4,vit_tiny,cifar10,0.03,2,base.blocks.1,0.939080
5,1,4,vit_tiny,cifar10,0.03,3,base.blocks.2,0.924636
5,1,4,vit_tiny,cifar10,0.03,4,base.blocks.3,0.917953
5,1,4,vit_tiny,cifar10,0.03,5,base.blocks.4,0.912016
5,1,4,vit_tiny,cifar10,0.03,6,base.blocks.5,0.900561
5,1,4,vit_tiny,cifar10,0.03,7,base.blocks.6,0.894388
5,1,4,vit_tiny,cifar10,0.03,8,base.blocks.7,0.891481
5,1,4,vit_tiny,cifar10,0.03,9,base.blocks.8,0.884812
5,1,4,vit_tiny,cifar10,0.03,10,base.blocks.9,0.885669
5,1,4,vit_tiny,cifar10,0.03,11,base.blocks.10,0.885657
5,1,4,vit_tiny,cifar10,0.03,12,base.blocks.11,0.881431
5,1,4,vit_tiny,cifar10,0.03,13,base.norm,0.832692
5,1,4,vit_tiny,cifar10,0.03,14,classifier,0.321916
5,1,5,vit_tiny,cifar10,0.03,0,base.patch_embed,0.996503
5,1,5,vit_tiny,cifar10,0.03,1,base.blocks.0,0.990552
5,1,5,vit_tiny,cifar10,0.03,2,base.blocks.1,0.985058
5,1,5,vit_tiny,cifar10,0.03,3,base.blocks.2,0.976947
5,1,5,vit_tiny,cifar10,0.03,4,base.blocks.3,0.969484
5,1,5,vit_tiny,cifar10,0.03,5,base.blocks.4,0.963840
5,1,5,vit_tiny,cifar10,0.03,6,base.blocks.5,0.955357
5,1,5,vit_tiny,cifar10,0.03,7,base.blocks.6,0.948235
5,1,5,vit_tiny,cifar10,0.03,8,base.blocks.7,0.944264
5,1,5,vit_tiny,cifar10,0.03,9,base.blocks.8,0.937775
5,1,5,vit_tiny,cifar10,0.03,10,base.blocks.9,0.935139
5,1,5,vit_tiny,cifar10,0.03,11,base.blocks.10,0.933186
5,1,5,vit_tiny,cifar10,0.03,12,base.blocks.11,0.927204
5,1,5,vit_tiny,cifar10,0.03,13,base.norm,0.858011
5,1,5,vit_tiny,cifar10,0.03,14,classifier,0.540005
5,1,6,vit_tiny,cifar10,0.03,0,base.patch_embed,0.985323
5,1,6,vit_tiny,cifar10,0.03,1,base.blocks.0,0.971871
5,1,6,vit_tiny,cifar10,0.03,2,base.blocks.1,0.963933
5,1,6,vit_tiny,cifar10,0.03,3,base.blocks.2,0.948409
5,1,6,vit_tiny,cifar10,0.03,4,base.blocks.3,0.935773
5,1,6,vit_tiny,cifar10,0.03,5,base.blocks.4,0.924704
5,1,6,vit_tiny,cifar10,0.03,6,base.blocks.5,0.905545
5,1,6,vit_tiny,cifar10,0.03,7,base.blocks.6,0.889945
5,1,6,vit_tiny,cifar10,0.03,8,base.blocks.7,0.879397
5,1,6,vit_tiny,cifar10,0.03,9,base.blocks.8,0.866843
5,1,6,vit_tiny,cifar10,0.03,10,base.blocks.9,0.862630
5,1,6,vit_tiny,cifar10,0.03,11,base.blocks.10,0.859065
5,1,6,vit_tiny,cifar10,0.03,12,base.blocks.11,0.842575
5,1,6,vit_tiny,cifar10,0.03,13,base.norm,0.799657
5,1,6,vit_tiny,cifar10,0.03,14,classifier,0.452526
5,1,7,vit_tiny,cifar10,0.03,0,base.patch_embed,0.908723
5,1,7,vit_tiny,cifar10,0.03,1,base.blocks.0,0.869944
5,1,7,vit_tiny,cifar10,0.03,2,base.blocks.1,0.836936
5,1,7,vit_tiny,cifar10,0.03,3,base.blocks.2,0.801432
5,1,7,vit_tiny,cifar10,0.03,4,base.blocks.3,0.783128
5,1,7,vit_tiny,cifar10,0.03,5,base.blocks.4,0.762427
5,1,7,vit_tiny,cifar10,0.03,6,base.blocks.5,0.742033
5,1,7,vit_tiny,cifar10,0.03,7,base.blocks.6,0.731807
5,1,7,vit_tiny,cifar10,0.03,8,base.blocks.7,0.727184
5,1,7,vit_tiny,cifar10,0.03,9,base.blocks.8,0.725544
5,1,7,vit_tiny,cifar10,0.03,10,base.blocks.9,0.728648
5,1,7,vit_tiny,cifar10,0.03,11,base.blocks.10,0.730995
5,1,7,vit_tiny,cifar10,0.03,12,base.blocks.11,0.727011
5,1,7,vit_tiny,cifar10,0.03,13,base.norm,0.785809
5,1,7,vit_tiny,cifar10,0.03,14,classifier,0.673039
5,1,8,vit_tiny,cifar10,0.03,0,base.patch_embed,0.992179
5,1,8,vit_tiny,cifar10,0.03,1,base.blocks.0,0.979337
5,1,8,vit_tiny,cifar10,0.03,2,base.blocks.1,0.980617
5,1,8,vit_tiny,cifar10,0.03,3,base.blocks.2,0.977164
5,1,8,vit_tiny,cifar10,0.03,4,base.blocks.3,0.968166
5,1,8,vit_tiny,cifar10,0.03,5,base.blocks.4,0.962440
5,1,8,vit_tiny,cifar10,0.03,6,base.blocks.5,0.954674
5,1,8,vit_tiny,cifar10,0.03,7,base.blocks.6,0.946897
5,1,8,vit_tiny,cifar10,0.03,8,base.blocks.7,0.937573
5,1,8,vit_tiny,cifar10,0.03,9,base.blocks.8,0.929846
5,1,8,vit_tiny,cifar10,0.03,10,base.blocks.9,0.923728
5,1,8,vit_tiny,cifar10,0.03,11,base.blocks.10,0.916487
5,1,8,vit_tiny,cifar10,0.03,12,base.blocks.11,0.907714
5,1,8,vit_tiny,cifar10,0.03,13,base.norm,0.807154
5,1,8,vit_tiny,cifar10,0.03,14,classifier,0.392579
5,1,9,vit_tiny,cifar10,0.03,0,base.patch_embed,0.967399
5,1,9,vit_tiny,cifar10,0.03,1,base.blocks.0,0.947179
5,1,9,vit_tiny,cifar10,0.03,2,base.blocks.1,0.915557
5,1,9,vit_tiny,cifar10,0.03,3,base.blocks.2,0.885648
5,1,9,vit_tiny,cifar10,0.03,4,base.blocks.3,0.863356
5,1,9,vit_tiny,cifar10,0.03,5,base.blocks.4,0.846182
5,1,9,vit_tiny,cifar10,0.03,6,base.blocks.5,0.831669
5,1,9,vit_tiny,cifar10,0.03,7,base.blocks.6,0.819563
5,1,9,vit_tiny,cifar10,0.03,8,base.blocks.7,0.812192
5,1,9,vit_tiny,cifar10,0.03,9,base.blocks.8,0.805752
5,1,9,vit_tiny,cifar10,0.03,10,base.blocks.9,0.808953
5,1,9,vit_tiny,cifar10,0.03,11,base.blocks.10,0.807180
5,1,9,vit_tiny,cifar10,0.03,12,base.blocks.11,0.800978
5,1,9,vit_tiny,cifar10,0.03,13,base.norm,0.809398
5,1,9,vit_tiny,cifar10,0.03,14,classifier,0.230916
5,2,3,vit_tiny,cifar10,0.03,0,base.patch_embed,0.959067
5,2,3,vit_tiny,cifar10,0.03,1,base.blocks.0,0.954736
5,2,3,vit_tiny,cifar10,0.03,2,base.blocks.1,0.955996
5,2,3,vit_tiny,cifar10,0.03,3,base.blocks.2,0.954319
5,2,3,vit_tiny,cifar10,0.03,4,base.blocks.3,0.952736
5,2,3,vit_tiny,cifar10,0.03,5,base.blocks.4,0.954122
5,2,3,vit_tiny,cifar10,0.03,6,base.blocks.5,0.952043
5,2,3,vit_tiny,cifar10,0.03,7,base.blocks.6,0.950009
5,2,3,vit_tiny,cifar10,0.03,8,base.blocks.7,0.950099
5,2,3,vit_tiny,cifar10,0.03,9,base.blocks.8,0.951262
5,2,3,vit_tiny,cifar10,0.03,10,base.blocks.9,0.951353
5,2,3,vit_tiny,cifar10,0.03,11,base.blocks.10,0.951611
5,2,3,vit_tiny,cifar10,0.03,12,base.blocks.11,0.949507
5,2,3,vit_tiny,cifar10,0.03,13,base.norm,0.938224
5,2,3,vit_tiny,cifar10,0.03,14,classifier,0.497132
5,2,4,vit_tiny,cifar10,0.03,0,base.patch_embed,0.995651
5,2,4,vit_tiny,cifar10,0.03,1,base.blocks.0,0.993280
5,2,4,vit_tiny,cifar10,0.03,2,base.blocks.1,0.991498
5,2,4,vit_tiny,cifar10,0.03,3,base.blocks.2,0.990207
5,2,4,vit_tiny,cifar10,0.03,4,base.blocks.3,0.989418
5,2,4,vit_tiny,cifar10,0.03,5,base.blocks.4,0.989214
5,2,4,vit_tiny,cifar10,0.03,6,base.blocks.5,0.989350
5,2,4,vit_tiny,cifar10,0.03,7,base.blocks.6,0.988125
5,2,4,vit_tiny,cifar10,0.03,8,base.blocks.7,0.987255
5,2,4,vit_tiny,cifar10,0.03,9,base.blocks.8,0.987327
5,2,4,vit_tiny,cifar10,0.03,10,base.blocks.9,0.985941
5,2,4,vit_tiny,cifar10,0.03,11,base.blocks.10,0.984508
5,2,4,vit_tiny,cifar10,0.03,12,base.blocks.11,0.982415
5,2,4,vit_tiny,cifar10,0.03,13,base.norm,0.957196
5,2,4,vit_tiny,cifar10,0.03,14,classifier,0.373191
5,2,5,vit_tiny,cifar10,0.03,0,base.patch_embed,0.981734
5,2,5,vit_tiny,cifar10,0.03,1,base.blocks.0,0.972524
5,2,5,vit_tiny,cifar10,0.03,2,base.blocks.1,0.969156
5,2,5,vit_tiny,cifar10,0.03,3,base.blocks.2,0.964772
5,2,5,vit_tiny,cifar10,0.03,4,base.blocks.3,0.964162
5,2,5,vit_tiny,cifar10,0.03,5,base.blocks.4,0.963536
5,2,5,vit_tiny,cifar10,0.03,6,base.blocks.5,0.960998
5,2,5,vit_tiny,cifar10,0.03,7,base.blocks.6,0.958851
5,2,5,vit_tiny,cifar10,0.03,8,base.blocks.7,0.957354
5,2,5,vit_tiny,cifar10,0.03,9,base.blocks.8,0.956729
5,2,5,vit_tiny,cifar10,0.03,10,base.blocks.9,0.958029
5,2,5,vit_tiny,cifar10,0.03,11,base.blocks.10,0.958653
5,2,5,vit_tiny,cifar10,0.03,12,base.blocks.11,0.954676
5,2,5,vit_tiny,cifar10,0.03,13,base.norm,0.940587
5,2,5,vit_tiny,cifar10,0.03,14,classifier,0.388114
5,2,6,vit_tiny,cifar10,0.03,0,base.patch_embed,0.980378
5,2,6,vit_tiny,cifar10,0.03,1,base.blocks.0,0.973879
5,2,6,vit_tiny,cifar10,0.03,2,base.blocks.1,0.971161
5,2,6,vit_tiny,cifar10,0.03,3,base.blocks.2,0.970628
5,2,6,vit_tiny,cifar10,0.03,4,base.blocks.3,0.969351
5,2,6,vit_tiny,cifar10,0.03,5,base.blocks.4,0.969710
5,2,6,vit_tiny,cifar10,0.03,6,base.blocks.5,0.968431
5,2,6,vit_tiny,cifar10,0.03,7,base.blocks.6,0.965697
5,2,6,vit_tiny,cifar10,0.03,8,base.blocks.7,0.964298
5,2,6,vit_tiny,cifar10,0.03,9,base.blocks.8,0.962470
5,2,6,vit_tiny,cifar10,0.03,10,base.blocks.9,0.959573
5,2,6,vit_tiny,cifar10,0.03,11,base.blocks.10,0.957290
5,2,6,vit_tiny,cifar10,0.03,12,base.blocks.11,0.953262
5,2,6,vit_tiny,cifar10,0.03,13,base.norm,0.943560
5,2,6,vit_tiny,cifar10,0.03,14,classifier,0.394678
5,2,7,vit_tiny,cifar10,0.03,0,base.patch_embed,0.961474
5,2,7,vit_tiny,cifar10,0.03,1,base.blocks.0,0.953525
5,2,7,vit_tiny,cifar10,0.03,2,base.blocks.1,0.944725
5,2,7,vit_tiny,cifar10,0.03,3,base.blocks.2,0.935557
5,2,7,vit_tiny,cifar10,0.03,4,base.blocks.3,0.925542
5,2,7,vit_tiny,cifar10,0.03,5,base.blocks.4,0.911263
5,2,7,vit_tiny,cifar10,0.03,6,base.blocks.5,0.902953
5,2,7,vit_tiny,cifar10,0.03,7,base.blocks.6,0.894491
5,2,7,vit_tiny,cifar10,0.03,8,base.blocks.7,0.883997
5,2,7,vit_tiny,cifar10,0.03,9,base.blocks.8,0.877645
5,2,7,vit_tiny,cifar10,0.03,10,base.blocks.9,0.868508
5,2,7,vit_tiny,cifar10,0.03,11,base.blocks.10,0.856026
5,2,7,vit_tiny,cifar10,0.03,12,base.blocks.11,0.850749
5,2,7,vit_tiny,cifar10,0.03,13,base.norm,0.871578
5,2,7,vit_tiny,cifar10,0.03,14,classifier,0.330944
5,2,8,vit_tiny,cifar10,0.03,0,base.patch_embed,0.960395
5,2,8,vit_tiny,cifar10,0.03,1,base.blocks.0,0.944596
5,2,8,vit_tiny,cifar10,0.03,2,base.blocks.1,0.937549
5,2,8,vit_tiny,cifar10,0.03,3,base.blocks.2,0.930486
5,2,8,vit_tiny,cifar10,0.03,4,base.blocks.3,0.931550
5,2,8,vit_tiny,cifar10,0.03,5,base.blocks.4,0.931447
5,2,8,vit_tiny,cifar10,0.03,6,base.blocks.5,0.931579
5,2,8,vit_tiny,cifar10,0.03,7,base.blocks.6,0.928628
5,2,8,vit_tiny,cifar10,0.03,8,base.blocks.7,0.930217
5,2,8,vit_tiny,cifar10,0.03,9,base.blocks.8,0.932056
5,2,8,vit_tiny,cifar10,0.03,10,base.blocks.9,0.932837
5,2,8,vit_tiny,cifar10,0.03,11,base.blocks.10,0.932889
5,2,8,vit_tiny,cifar10,0.03,12,base.blocks.11,0.927037
5,2,8,vit_tiny,cifar10,0.03,13,base.norm,0.886558
5,2,8,vit_tiny,cifar10,0.03,14,classifier,0.580249
5,2,9,vit_tiny,cifar10,0.03,0,base.patch_embed,0.987843
5,2,9,vit_tiny,cifar10,0.03,1,base.blocks.0,0.981942
5,2,9,vit_tiny,cifar10,0.03,2,base.blocks.1,0.977269
5,2,9,vit_tiny,cifar10,0.03,3,base.blocks.2,0.973545
5,2,9,vit_tiny,cifar10,0.03,4,base.blocks.3,0.971110
5,2,9,vit_tiny,cifar10,0.03,5,base.blocks.4,0.966249
5,2,9,vit_tiny,cifar10,0.03,6,base.blocks.5,0.963772
5,2,9,vit_tiny,cifar10,0.03,7,base.blocks.6,0.962708
5,2,9,vit_tiny,cifar10,0.03,8,base.blocks.7,0.957233
5,2,9,vit_tiny,cifar10,0.03,9,base.blocks.8,0.952652
5,2,9,vit_tiny,cifar10,0.03,10,base.blocks.9,0.950048
5,2,9,vit_tiny,cifar10,0.03,11,base.blocks.10,0.947005
5,2,9,vit_tiny,cifar10,0.03,12,base.blocks.11,0.945477
5,2,9,vit_tiny,cifar10,0.03,13,base.norm,0.944365
5,2,9,vit_tiny,cifar10,0.03,14,classifier,0.294761
5,3,4,vit_tiny,cifar10,0.03,0,base.patch_embed,0.963379
5,3,4,vit_tiny,cifar10,0.03,1,base.blocks.0,0.972789
5,3,4,vit_tiny,cifar10,0.03,2,base.blocks.1,0.977547
5,3,4,vit_tiny,cifar10,0.03,3,base.blocks.2,0.978119
5,3,4,vit_tiny,cifar10,0.03,4,base.blocks.3,0.977708
5,3,4,vit_tiny,cifar10,0.03,5,base.blocks.4,0.977456
5,3,4,vit_tiny,cifar10,0.03,6,base.blocks.5,0.974062
5,3,4,vit_tiny,cifar10,0.03,7,base.blocks.6,0.971901
5,3,4,vit_tiny,cifar10,0.03,8,base.blocks.7,0.969203
5,3,4,vit_tiny,cifar10,0.03,9,base.blocks.8,0.965533
5,3,4,vit_tiny,cifar10,0.03,10,base.blocks.9,0.963957
5,3,4,vit_tiny,cifar10,0.03,11,base.blocks.10,0.961807
5,3,4,vit_tiny,cifar10,0.03,12,base.blocks.11,0.956700
5,3,4,vit_tiny,cifar10,0.03,13,base.norm,0.922740
5,3,4,vit_tiny,cifar10,0.03,14,classifier,0.314897
5,3,5,vit_tiny,cifar10,0.03,0,base.patch_embed,0.993815
5,3,5,vit_tiny,cifar10,0.03,1,base.blocks.0,0.990535
5,3,5,vit_tiny,cifar10,0.03,2,base.blocks.1,0.987323
5,3,5,vit_tiny,cifar10,0.03,3,base.blocks.2,0.981985
5,3,5,vit_tiny,cifar10,0.03,4,base.blocks.3,0.978362
5,3,5,vit_tiny,cifar10,0.03,5,base.blocks.4,0.972167
5,3,5,vit_tiny,cifar10,0.03,6,base.blocks.5,0.965431
5,3,5,vit_tiny,cifar10,0.03,7,base.blocks.6,0.958871
5,3,5,vit_tiny,cifar10,0.03,8,base.blocks.7,0.953076
5,3,5,vit_tiny,cifar10,0.03,9,base.blocks.8,0.949189
5,3,5,vit_tiny,cifar10,0.03,10,base.blocks.9,0.943381
5,3,5,vit_tiny,cifar10,0.03,11,base.blocks.10,0.939043
5,3,5,vit_tiny,cifar10,0.03,12,base.blocks.11,0.930568
5,3,5,vit_tiny,cifar10,0.03,13,base.norm,0.912771
5,3,5,vit_tiny,cifar10,0.03,14,classifier,0.453067
5,3,6,vit_tiny,cifar10,0.03,0,base.patch_embed,0.973656
5,3,6,vit_tiny,cifar10,0.03,1,base.blocks.0,0.963123
5,3,6,vit_tiny,cifar10,0.03,2,base.blocks.1,0.956518
5,3,6,vit_tiny,cifar10,0.03,3,base.blocks.2,0.946416
5,3,6,vit_tiny,cifar10,0.03,4,base.blocks.3,0.940194
5,3,6,vit_tiny,cifar10,0.03,5,base.blocks.4,0.931042
5,3,6,vit_tiny,cifar10,0.03,6,base.blocks.5,0.918229
5,3,6,vit_tiny,cifar10,0.03,7,base.blocks.6,0.904698
5,3,6,vit_tiny,cifar10,0.03,8,base.blocks.7,0.895192
5,3,6,vit_tiny,cifar10,0.03,9,base.blocks.8,0.890027
5,3,6,vit_tiny,cifar10,0.03,10,base.blocks.9,0.879266
5,3,6,vit_tiny,cifar10,0.03,11,base.blocks.10,0.871893
5,3,6,vit_tiny,cifar10,0.03,12,base.blocks.11,0.859451
5,3,6,vit_tiny,cifar10,0.03,13,base.norm,0.851406
5,3,6,vit_tiny,cifar10,0.03,14,classifier,0.383875
5,3,7,vit_tiny,cifar10,0.03,0,base.patch_embed,0.915774
5,3,7,vit_tiny,cifar10,0.03,1,base.blocks.0,0.926736
5,3,7,vit_tiny,cifar10,0.03,2,base.blocks.1,0.926488
5,3,7,vit_tiny,cifar10,0.03,3,base.blocks.2,0.925528
5,3,7,vit_tiny,cifar10,0.03,4,base.blocks.3,0.916887
5,3,7,vit_tiny,cifar10,0.03,5,base.blocks.4,0.913307
5,3,7,vit_tiny,cifar10,0.03,6,base.blocks.5,0.911658
5,3,7,vit_tiny,cifar10,0.03,7,base.blocks.6,0.913504
5,3,7,vit_tiny,cifar10,0.03,8,base.blocks.7,0.912732
5,3,7,vit_tiny,cifar10,0.03,9,base.blocks.8,0.911545
5,3,7,vit_tiny,cifar10,0.03,10,base.blocks.9,0.915790
5,3,7,vit_tiny,cifar10,0.03,11,base.blocks.10,0.912873
5,3,7,vit_tiny,cifar10,0.03,12,base.blocks.11,0.913429
5,3,7,vit_tiny,cifar10,0.03,13,base.norm,0.920441
5,3,7,vit_tiny,cifar10,0.03,14,classifier,0.453091
5,3,8,vit_tiny,cifar10,0.03,0,base.patch_embed,0.980974
5,3,8,vit_tiny,cifar10,0.03,1,base.blocks.0,0.971792
5,3,8,vit_tiny,cifar10,0.03,2,base.blocks.1,0.970128
5,3,8,vit_tiny,cifar10,0.03,3,base.blocks.2,0.965938
5,3,8,vit_tiny,cifar10,0.03,4,base.blocks.3,0.970856
5,3,8,vit_tiny,cifar10,0.03,5,base.blocks.4,0.967563
5,3,8,vit_tiny,cifar10,0.03,6,base.blocks.5,0.965125
5,3,8,vit_tiny,cifar10,0.03,7,base.blocks.6,0.961848
5,3,8,vit_tiny,cifar10,0.03,8,base.blocks.7,0.959279
5,3,8,vit_tiny,cifar10,0.03,9,base.blocks.8,0.957530
5,3,8,vit_tiny,cifar10,0.03,10,base.blocks.9,0.950378
5,3,8,vit_tiny,cifar10,0.03,11,base.blocks.10,0.948231
5,3,8,vit_tiny,cifar10,0.03,12,base.blocks.11,0.941526
5,3,8,vit_tiny,cifar10,0.03,13,base.norm,0.915290
5,3,8,vit_tiny,cifar10,0.03,14,classifier,0.577386
5,3,9,vit_tiny,cifar10,0.03,0,base.patch_embed,0.973672
5,3,9,vit_tiny,cifar10,0.03,1,base.blocks.0,0.971236
5,3,9,vit_tiny,cifar10,0.03,2,base.blocks.1,0.962043
5,3,9,vit_tiny,cifar10,0.03,3,base.blocks.2,0.954985
5,3,9,vit_tiny,cifar10,0.03,4,base.blocks.3,0.941760
5,3,9,vit_tiny,cifar10,0.03,5,base.blocks.4,0.935520
5,3,9,vit_tiny,cifar10,0.03,6,base.blocks.5,0.931961
5,3,9,vit_tiny,cifar10,0.03,7,base.blocks.6,0.928907
5,3,9,vit_tiny,cifar10,0.03,8,base.blocks.7,0.924158
5,3,9,vit_tiny,cifar10,0.03,9,base.blocks.8,0.922120
5,3,9,vit_tiny,cifar10,0.03,10,base.blocks.9,0.921960
5,3,9,vit_tiny,cifar10,0.03,11,base.blocks.10,0.920396
5,3,9,vit_tiny,cifar10,0.03,12,base.blocks.11,0.920193
5,3,9,vit_tiny,cifar10,0.03,13,base.norm,0.916942
5,3,9,vit_tiny,cifar10,0.03,14,classifier,0.243899
5,4,5,vit_tiny,cifar10,0.03,0,base.patch_embed,0.981564
5,4,5,vit_tiny,cifar10,0.03,1,base.blocks.0,0.979766
5,4,5,vit_tiny,cifar10,0.03,2,base.blocks.1,0.978465
5,4,5,vit_tiny,cifar10,0.03,3,base.blocks.2,0.976148
5,4,5,vit_tiny,cifar10,0.03,4,base.blocks.3,0.975604
5,4,5,vit_tiny,cifar10,0.03,5,base.blocks.4,0.973136
5,4,5,vit_tiny,cifar10,0.03,6,base.blocks.5,0.971197
5,4,5,vit_tiny,cifar10,0.03,7,base.blocks.6,0.970527
5,4,5,vit_tiny,cifar10,0.03,8,base.blocks.7,0.968716
5,4,5,vit_tiny,cifar10,0.03,9,base.blocks.8,0.967321
5,4,5,vit_tiny,cifar10,0.03,10,base.blocks.9,0.967191
5,4,5,vit_tiny,cifar10,0.03,11,base.blocks.10,0.965673
5,4,5,vit_tiny,cifar10,0.03,12,base.blocks.11,0.965091
5,4,5,vit_tiny,cifar10,0.03,13,base.norm,0.972807
5,4,5,vit_tiny,cifar10,0.03,14,classifier,0.844130
5,4,6,vit_tiny,cifar10,0.03,0,base.patch_embed,0.973688
5,4,6,vit_tiny,cifar10,0.03,1,base.blocks.0,0.970888
5,4,6,vit_tiny,cifar10,0.03,2,base.blocks.1,0.967254
5,4,6,vit_tiny,cifar10,0.03,3,base.blocks.2,0.965513
5,4,6,vit_tiny,cifar10,0.03,4,base.blocks.3,0.962669
5,4,6,vit_tiny,cifar10,0.03,5,base.blocks.4,0.959818
5,4,6,vit_tiny,cifar10,0.03,6,base.blocks.5,0.957966
5,4,6,vit_tiny,cifar10,0.03,7,base.blocks.6,0.954467
5,4,6,vit_tiny,cifar10,0.03,8,base.blocks.7,0.952336
5,4,6,vit_tiny,cifar10,0.03,9,base.blocks.8,0.952746
5,4,6,vit_tiny,cifar10,0.03,10,base.blocks.9,0.947964
5,4,6,vit_tiny,cifar10,0.03,11,base.blocks.10,0.943415
5,4,6,vit_tiny,cifar10,0.03,12,base.blocks.11,0.940862
5,4,6,vit_tiny,cifar10,0.03,13,base.norm,0.953050
5,4,6,vit_tiny,cifar10,0.03,14,classifier,0.876930
5,4,7,vit_tiny,cifar10,0.03,0,base.patch_embed,0.978288
5,4,7,vit_tiny,cifar10,0.03,1,base.blocks.0,0.967836
5,4,7,vit_tiny,cifar10,0.03,2,base.blocks.1,0.958956
5,4,7,vit_tiny,cifar10,0.03,3,base.blocks.2,0.949586
5,4,7,vit_tiny,cifar10,0.03,4,base.blocks.3,0.939435
5,4,7,vit_tiny,cifar10,0.03,5,base.blocks.4,0.926795
5,4,7,vit_tiny,cifar10,0.03,6,base.blocks.5,0.917230
5,4,7,vit_tiny,cifar10,0.03,7,base.blocks.6,0.907796
5,4,7,vit_tiny,cifar10,0.03,8,base.blocks.7,0.896514
5,4,7,vit_tiny,cifar10,0.03,9,base.blocks.8,0.887654
5,4,7,vit_tiny,cifar10,0.03,10,base.blocks.9,0.880165
5,4,7,vit_tiny,cifar10,0.03,11,base.blocks.10,0.869558
5,4,7,vit_tiny,cifar10,0.03,12,base.blocks.11,0.858364
5,4,7,vit_tiny,cifar10,0.03,13,base.norm,0.816530
5,4,7,vit_tiny,cifar10,0.03,14,classifier,0.455280
5,4,8,vit_tiny,cifar10,0.03,0,base.patch_embed,0.963661
5,4,8,vit_tiny,cifar10,0.03,1,base.blocks.0,0.959819
5,4,8,vit_tiny,cifar10,0.03,2,base.blocks.1,0.957875
5,4,8,vit_tiny,cifar10,0.03,3,base.blocks.2,0.955143
5,4,8,vit_tiny,cifar10,0.03,4,base.blocks.3,0.957941
5,4,8,vit_tiny,cifar10,0.03,5,base.blocks.4,0.956579
5,4,8,vit_tiny,cifar10,0.03,6,base.blocks.5,0.954916
5,4,8,vit_tiny,cifar10,0.03,7,base.blocks.6,0.954012
5,4,8,vit_tiny,cifar10,0.03,8,base.blocks.7,0.954712
5,4,8,vit_tiny,cifar10,0.03,9,base.blocks.8,0.953004
5,4,8,vit_tiny,cifar10,0.03,10,base.blocks.9,0.953826
5,4,8,vit_tiny,cifar10,0.03,11,base.blocks.10,0.954654
5,4,8,vit_tiny,cifar10,0.03,12,base.blocks.11,0.952560
5,4,8,vit_tiny,cifar10,0.03,13,base.norm,0.947129
5,4,8,vit_tiny,cifar10,0.03,14,classifier,0.522275
5,4,9,vit_tiny,cifar10,0.03,0,base.patch_embed,0.984690
5,4,9,vit_tiny,cifar10,0.03,1,base.blocks.0,0.979851
5,4,9,vit_tiny,cifar10,0.03,2,base.blocks.1,0.970474
5,4,9,vit_tiny,cifar10,0.03,3,base.blocks.2,0.963551
5,4,9,vit_tiny,cifar10,0.03,4,base.blocks.3,0.956979
5,4,9,vit_tiny,cifar10,0.03,5,base.blocks.4,0.949828
5,4,9,vit_tiny,cifar10,0.03,6,base.blocks.5,0.947771
5,4,9,vit_tiny,cifar10,0.03,7,base.blocks.6,0.944602
5,4,9,vit_tiny,cifar10,0.03,8,base.blocks.7,0.936369
5,4,9,vit_tiny,cifar10,0.03,9,base.blocks.8,0.931462
5,4,9,vit_tiny,cifar10,0.03,10,base.blocks.9,0.926775
5,4,9,vit_tiny,cifar10,0.03,11,base.blocks.10,0.920532
5,4,9,vit_tiny,cifar10,0.03,12,base.blocks.11,0.916537
5,4,9,vit_tiny,cifar10,0.03,13,base.norm,0.912775
5,4,9,vit_tiny,cifar10,0.03,14,classifier,0.890997
5,5,6,vit_tiny,cifar10,0.03,0,base.patch_embed,0.990240
5,5,6,vit_tiny,cifar10,0.03,1,base.blocks.0,0.988869
5,5,6,vit_tiny,cifar10,0.03,2,base.blocks.1,0.987796
5,5,6,vit_tiny,cifar10,0.03,3,base.blocks.2,0.985826
5,5,6,vit_tiny,cifar10,0.03,4,base.blocks.3,0.985012
5,5,6,vit_tiny,cifar10,0.03,5,base.blocks.4,0.983829
5,5,6,vit_tiny,cifar10,0.03,6,base.blocks.5,0.980456
5,5,6,vit_tiny,cifar10,0.03,7,base.blocks.6,0.976808
5,5,6,vit_tiny,cifar10,0.03,8,base.blocks.7,0.973263
5,5,6,vit_tiny,cifar10,0.03,9,base.blocks.8,0.970792
5,5,6,vit_tiny,cifar10,0.03,10,base.blocks.9,0.967952
5,5,6,vit_tiny,cifar10,0.03,11,base.blocks.10,0.965713
5,5,6,vit_tiny,cifar10,0.03,12,base.blocks.11,0.959493
5,5,6,vit_tiny,cifar10,0.03,13,base.norm,0.962754
5,5,6,vit_tiny,cifar10,0.03,14,classifier,0.959126
5,5,7,vit_tiny,cifar10,0.03,0,base.patch_embed,0.931904
5,5,7,vit_tiny,cifar10,0.03,1,base.blocks.0,0.911965
5,5,7,vit_tiny,cifar10,0.03,2,base.blocks.1,0.894600
5,5,7,vit_tiny,cifar10,0.03,3,base.blocks.2,0.876644
5,5,7,vit_tiny,cifar10,0.03,4,base.blocks.3,0.860805
5,5,7,vit_tiny,cifar10,0.03,5,base.blocks.4,0.838215
5,5,7,vit_tiny,cifar10,0.03,6,base.blocks.5,0.821733
5,5,7,vit_tiny,cifar10,0.03,7,base.blocks.6,0.809005
5,5,7,vit_tiny,cifar10,0.03,8,base.blocks.7,0.793693
5,5,7,vit_tiny,cifar10,0.03,9,base.blocks.8,0.783904
5,5,7,vit_tiny,cifar10,0.03,10,base.blocks.9,0.777126
5,5,7,vit_tiny,cifar10,0.03,11,base.blocks.10,0.764625
5,5,7,vit_tiny,cifar10,0.03,12,base.blocks.11,0.753081
5,5,7,vit_tiny,cifar10,0.03,13,base.norm,0.767210
5,5,7,vit_tiny,cifar10,0.03,14,classifier,0.718867
5,5,8,vit_tiny,cifar10,0.03,0,base.patch_embed,0.988470
5,5,8,vit_tiny,cifar10,0.03,1,base.blocks.0,0.983913
5,5,8,vit_tiny,cifar10,0.03,2,base.blocks.1,0.981842
5,5,8,vit_tiny,cifar10,0.03,3,base.blocks.2,0.979358
5,5,8,vit_tiny,cifar10,0.03,4,base.blocks.3,0.980753
5,5,8,vit_tiny,cifar10,0.03,5,base.blocks.4,0.979043
5,5,8,vit_tiny,cifar10,0.03,6,base.blocks.5,0.978922
5,5,8,vit_tiny,cifar10,0.03,7,base.blocks.6,0.977796
5,5,8,vit_tiny,cifar10,0.03,8,base.blocks.7,0.977665
5,5,8,vit_tiny,cifar10,0.03,9,base.blocks.8,0.976184
5,5,8,vit_tiny,cifar10,0.03,10,base.blocks.9,0.976939
5,5,8,vit_tiny,cifar10,0.03,11,base.blocks.10,0.975787
5,5,8,vit_tiny,cifar10,0.03,12,base.blocks.11,0.972738
5,5,8,vit_tiny,cifar10,0.03,13,base.norm,0.960237
5,5,8,vit_tiny,cifar10,0.03,14,classifier,0.554279
5,5,9,vit_tiny,cifar10,0.03,0,base.patch_embed,0.982428
5,5,9,vit_tiny,cifar10,0.03,1,base.blocks.0,0.972815
5,5,9,vit_tiny,cifar10,0.03,2,base.blocks.1,0.961981
5,5,9,vit_tiny,cifar10,0.03,3,base.blocks.2,0.954137
5,5,9,vit_tiny,cifar10,0.03,4,base.blocks.3,0.945661
5,5,9,vit_tiny,cifar10,0.03,5,base.blocks.4,0.938509
5,5,9,vit_tiny,cifar10,0.03,6,base.blocks.5,0.935967
5,5,9,vit_tiny,cifar10,0.03,7,base.blocks.6,0.932261
5,5,9,vit_tiny,cifar10,0.03,8,base.blocks.7,0.925721
5,5,9,vit_tiny,cifar10,0.03,9,base.blocks.8,0.921718
5,5,9,vit_tiny,cifar10,0.03,10,base.blocks.9,0.920448
5,5,9,vit_tiny,cifar10,0.03,11,base.blocks.10,0.915583
5,5,9,vit_tiny,cifar10,0.03,12,base.blocks.11,0.910324
5,5,9,vit_tiny,cifar10,0.03,13,base.norm,0.911446
5,5,9,vit_tiny,cifar10,0.03,14,classifier,0.746077
5,6,7,vit_tiny,cifar10,0.03,0,base.patch_embed,0.907566
5,6,7,vit_tiny,cifar10,0.03,1,base.blocks.0,0.881415
5,6,7,vit_tiny,cifar10,0.03,2,base.blocks.1,0.859382
5,6,7,vit_tiny,cifar10,0.03,3,base.blocks.2,0.842119
5,6,7,vit_tiny,cifar10,0.03,4,base.blocks.3,0.822798
5,6,7,vit_tiny,cifar10,0.03,5,base.blocks.4,0.800556
5,6,7,vit_tiny,cifar10,0.03,6,base.blocks.5,0.784525
5,6,7,vit_tiny,cifar10,0.03,7,base.blocks.6,0.766726
5,6,7,vit_tiny,cifar10,0.03,8,base.blocks.7,0.751033
5,6,7,vit_tiny,cifar10,0.03,9,base.blocks.8,0.741861
5,6,7,vit_tiny,cifar10,0.03,10,base.blocks.9,0.725393
5,6,7,vit_tiny,cifar10,0.03,11,base.blocks.10,0.705693
5,6,7,vit_tiny,cifar10,0.03,12,base.blocks.11,0.693236
5,6,7,vit_tiny,cifar10,0.03,13,base.norm,0.721971
5,6,7,vit_tiny,cifar10,0.03,14,classifier,0.620729
5,6,8,vit_tiny,cifar10,0.03,0,base.patch_embed,0.990949
5,6,8,vit_tiny,cifar10,0.03,1,base.blocks.0,0.984910
5,6,8,vit_tiny,cifar10,0.03,2,base.blocks.1,0.978217
5,6,8,vit_tiny,cifar10,0.03,3,base.blocks.2,0.968997
5,6,8,vit_tiny,cifar10,0.03,4,base.blocks.3,0.963931
5,6,8,vit_tiny,cifar10,0.03,5,base.blocks.4,0.955221
5,6,8,vit_tiny,cifar10,0.03,6,base.blocks.5,0.946903
5,6,8,vit_tiny,cifar10,0.03,7,base.blocks.6,0.936907
5,6,8,vit_tiny,cifar10,0.03,8,base.blocks.7,0.928750
5,6,8,vit_tiny,cifar10,0.03,9,base.blocks.8,0.921817
5,6,8,vit_tiny,cifar10,0.03,10,base.blocks.9,0.917316
5,6,8,vit_tiny,cifar10,0.03,11,base.blocks.10,0.909977
5,6,8,vit_tiny,cifar10,0.03,12,base.blocks.11,0.895636
5,6,8,vit_tiny,cifar10,0.03,13,base.norm,0.888867
5,6,8,vit_tiny,cifar10,0.03,14,classifier,0.487129
5,6,9,vit_tiny,cifar10,0.03,0,base.patch_embed,0.966571
5,6,9,vit_tiny,cifar10,0.03,1,base.blocks.0,0.955187
5,6,9,vit_tiny,cifar10,0.03,2,base.blocks.1,0.945636
5,6,9,vit_tiny,cifar10,0.03,3,base.blocks.2,0.942554
5,6,9,vit_tiny,cifar10,0.03,4,base.blocks.3,0.936957
5,6,9,vit_tiny,cifar10,0.03,5,base.blocks.4,0.934044
5,6,9,vit_tiny,cifar10,0.03,6,base.blocks.5,0.935014
5,6,9,vit_tiny,cifar10,0.03,7,base.blocks.6,0.931861
5,6,9,vit_tiny,cifar10,0.03,8,base.blocks.7,0.927191
5,6,9,vit_tiny,cifar10,0.03,9,base.blocks.8,0.923487
5,6,9,vit_tiny,cifar10,0.03,10,base.blocks.9,0.917070
5,6,9,vit_tiny,cifar10,0.03,11,base.blocks.10,0.910271
5,6,9,vit_tiny,cifar10,0.03,12,base.blocks.11,0.901900
5,6,9,vit_tiny,cifar10,0.03,13,base.norm,0.903758
5,6,9,vit_tiny,cifar10,0.03,14,classifier,0.817191
5,7,8,vit_tiny,cifar10,0.03,0,base.patch_embed,0.902953
5,7,8,vit_tiny,cifar10,0.03,1,base.blocks.0,0.873175
5,7,8,vit_tiny,cifar10,0.03,2,base.blocks.1,0.853984
5,7,8,vit_tiny,cifar10,0.03,3,base.blocks.2,0.836846
5,7,8,vit_tiny,cifar10,0.03,4,base.blocks.3,0.829257
5,7,8,vit_tiny,cifar10,0.03,5,base.blocks.4,0.813580
5,7,8,vit_tiny,cifar10,0.03,6,base.blocks.5,0.805127
5,7,8,vit_tiny,cifar10,0.03,7,base.blocks.6,0.799221
5,7,8,vit_tiny,cifar10,0.03,8,base.blocks.7,0.793628
5,7,8,vit_tiny,cifar10,0.03,9,base.blocks.8,0.791485
5,7,8,vit_tiny,cifar10,0.03,10,base.blocks.9,0.784490
5,7,8,vit_tiny,cifar10,0.03,11,base.blocks.10,0.780483
5,7,8,vit_tiny,cifar10,0.03,12,base.blocks.11,0.774540
5,7,8,vit_tiny,cifar10,0.03,13,base.norm,0.765259
5,7,8,vit_tiny,cifar10,0.03,14,classifier,0.410672
5,7,9,vit_tiny,cifar10,0.03,0,base.patch_embed,0.951993
5,7,9,vit_tiny,cifar10,0.03,1,base.blocks.0,0.949177
5,7,9,vit_tiny,cifar10,0.03,2,base.blocks.1,0.936174
5,7,9,vit_tiny,cifar10,0.03,3,base.blocks.2,0.922638
5,7,9,vit_tiny,cifar10,0.03,4,base.blocks.3,0.908704
5,7,9,vit_tiny,cifar10,0.03,5,base.blocks.4,0.887048
5,7,9,vit_tiny,cifar10,0.03,6,base.blocks.5,0.869837
5,7,9,vit_tiny,cifar10,0.03,7,base.blocks.6,0.855903
5,7,9,vit_tiny,cifar10,0.03,8,base.blocks.7,0.833457
5,7,9,vit_tiny,cifar10,0.03,9,base.blocks.8,0.815972
5,7,9,vit_tiny,cifar10,0.03,10,base.blocks.9,0.801743
5,7,9,vit_tiny,cifar10,0.03,11,base.blocks.10,0.783725
5,7,9,vit_tiny,cifar10,0.03,12,base.blocks.11,0.775125
5,7,9,vit_tiny,cifar10,0.03,13,base.norm,0.800201
5,7,9,vit_tiny,cifar10,0.03,14,classifier,0.399327
5,8,9,vit_tiny,cifar10,0.03,0,base.patch_embed,0.948021
5,8,9,vit_tiny,cifar10,0.03,1,base.blocks.0,0.926750
5,8,9,vit_tiny,cifar10,0.03,2,base.blocks.1,0.907705
5,8,9,vit_tiny,cifar10,0.03,3,base.blocks.2,0.894860
5,8,9,vit_tiny,cifar10,0.03,4,base.blocks.3,0.889452
5,8,9,vit_tiny,cifar10,0.03,5,base.blocks.4,0.881153
5,8,9,vit_tiny,cifar10,0.03,6,base.blocks.5,0.884412
5,8,9,vit_tiny,cifar10,0.03,7,base.blocks.6,0.883523
5,8,9,vit_tiny,cifar10,0.03,8,base.blocks.7,0.881564
5,8,9,vit_tiny,cifar10,0.03,9,base.blocks.8,0.881220
5,8,9,vit_tiny,cifar10,0.03,10,base.blocks.9,0.883634
5,8,9,vit_tiny,cifar10,0.03,11,base.blocks.10,0.879782
5,8,9,vit_tiny,cifar10,0.03,12,base.blocks.11,0.875892
5,8,9,vit_tiny,cifar10,0.03,13,base.norm,0.857749
5,8,9,vit_tiny,cifar10,0.03,14,classifier,0.441344
10,0,1,vit_tiny,cifar10,0.03,0,base.patch_embed,0.972960
10,0,1,vit_tiny,cifar10,0.03,1,base.blocks.0,0.950370
10,0,1,vit_tiny,cifar10,0.03,2,base.blocks.1,0.944789
10,0,1,vit_tiny,cifar10,0.03,3,base.blocks.2,0.935288
10,0,1,vit_tiny,cifar10,0.03,4,base.blocks.3,0.935235
10,0,1,vit_tiny,cifar10,0.03,5,base.blocks.4,0.934135
10,0,1,vit_tiny,cifar10,0.03,6,base.blocks.5,0.931208
10,0,1,vit_tiny,cifar10,0.03,7,base.blocks.6,0.930398
10,0,1,vit_tiny,cifar10,0.03,8,base.blocks.7,0.929714
10,0,1,vit_tiny,cifar10,0.03,9,base.blocks.8,0.932147
10,0,1,vit_tiny,cifar10,0.03,10,base.blocks.9,0.930425
10,0,1,vit_tiny,cifar10,0.03,11,base.blocks.10,0.930604
10,0,1,vit_tiny,cifar10,0.03,12,base.blocks.11,0.932561
10,0,1,vit_tiny,cifar10,0.03,13,base.norm,0.947600
10,0,1,vit_tiny,cifar10,0.03,14,classifier,0.530249
10,0,2,vit_tiny,cifar10,0.03,0,base.patch_embed,0.893971
10,0,2,vit_tiny,cifar10,0.03,1,base.blocks.0,0.872555
10,0,2,vit_tiny,cifar10,0.03,2,base.blocks.1,0.868569
10,0,2,vit_tiny,cifar10,0.03,3,base.blocks.2,0.846406
10,0,2,vit_tiny,cifar10,0.03,4,base.blocks.3,0.836739
10,0,2,vit_tiny,cifar10,0.03,5,base.blocks.4,0.823483
10,0,2,vit_tiny,cifar10,0.03,6,base.blocks.5,0.806980
10,0,2,vit_tiny,cifar10,0.03,7,base.blocks.6,0.796335
10,0,2,vit_tiny,cifar10,0.03,8,base.blocks.7,0.775926
10,0,2,vit_tiny,cifar10,0.03,9,base.blocks.8,0.762219
10,0,2,vit_tiny,cifar10,0.03,10,base.blocks.9,0.751516
10,0,2,vit_tiny,cifar10,0.03,11,base.blocks.10,0.741647
10,0,2,vit_tiny,cifar10,0.03,12,base.blocks.11,0.737460
10,0,2,vit_tiny,cifar10,0.03,13,base.norm,0.839359
10,0,2,vit_tiny,cifar10,0.03,14,classifier,0.366497
10,0,3,vit_tiny,cifar10,0.03,0,base.patch_embed,0.978481
10,0,3,vit_tiny,cifar10,0.03,1,base.blocks.0,0.940042
10,0,3,vit_tiny,cifar10,0.03,2,base.blocks.1,0.915105
10,0,3,vit_tiny,cifar10,0.03,3,base.blocks.2,0.887344
10,0,3,vit_tiny,cifar10,0.03,4,base.blocks.3,0.864778
10,0,3,vit_tiny,cifar10,0.03,5,base.blocks.4,0.843993
10,0,3,vit_tiny,cifar10,0.03,6,base.blocks.5,0.815268
10,0,3,vit_tiny,cifar10,0.03,7,base.blocks.6,0.795605
10,0,3,vit_tiny,cifar10,0.03,8,base.blocks.7,0.771049
10,0,3,vit_tiny,cifar10,0.03,9,base.blocks.8,0.758307
10,0,3,vit_tiny,cifar10,0.03,10,base.blocks.9,0.739867
10,0,3,vit_tiny,cifar10,0.03,11,base.blocks.10,0.726240
10,0,3,vit_tiny,cifar10,0.03,12,base.blocks.11,0.715906
10,0,3,vit_tiny,cifar10,0.03,13,base.norm,0.779274
10,0,3,vit_tiny,cifar10,0.03,14,classifier,0.418469
10,0,4,vit_tiny,cifar10,0.03,0,base.patch_embed,0.921371
10,0,4,vit_tiny,cifar10,0.03,1,base.blocks.0,0.872752
10,0,4,vit_tiny,cifar10,0.03,2,base.blocks.1,0.860082
10,0,4,vit_tiny,cifar10,0.03,3,base.blocks.2,0.835474
10,0,4,vit_tiny,cifar10,0.03,4,base.blocks.3,0.802198
10,0,4,vit_tiny,cifar10,0.03,5,base.blocks.4,0.779822
10,0,4,vit_tiny,cifar10,0.03,6,base.blocks.5,0.752286
10,0,4,vit_tiny,cifar10,0.03,7,base.blocks.6,0.726837
10,0,4,vit_tiny,cifar10,0.03,8,base.blocks.7,0.693399
10,0,4,vit_tiny,cifar10,0.03,9,base.blocks.8,0.667707
10,0,4,vit_tiny,cifar10,0.03,10,base.blocks.9,0.642279
10,0,4,vit_tiny,cifar10,0.03,11,base.blocks.10,0.615618
10,0,4,vit_tiny,cifar10,0.03,12,base.blocks.11,0.588795
10,0,4,vit_tiny,cifar10,0.03,13,base.norm,0.643286
10,0,4,vit_tiny,cifar10,0.03,14,classifier,0.600556
10,0,5,vit_tiny,cifar10,0.03,0,base.patch_embed,0.985839
10,0,5,vit_tiny,cifar10,0.03,1,base.blocks.0,0.964065
10,0,5,vit_tiny,cifar10,0.03,2,base.blocks.1,0.950220
10,0,5,vit_tiny,cifar10,0.03,3,base.blocks.2,0.937001
10,0,5,vit_tiny,cifar10,0.03,4,base.blocks.3,0.918604
10,0,5,vit_tiny,cifar10,0.03,5,base.blocks.4,0.908831
10,0,5,vit_tiny,cifar10,0.03,6,base.blocks.5,0.895153
10,0,5,vit_tiny,cifar10,0.03,7,base.blocks.6,0.884395
10,0,5,vit_tiny,cifar10,0.03,8,base.blocks.7,0.870342
10,0,5,vit_tiny,cifar10,0.03,9,base.blocks.8,0.862092
10,0,5,vit_tiny,cifar10,0.03,10,base.blocks.9,0.849478
10,0,5,vit_tiny,cifar10,0.03,11,base.blocks.10,0.836928
10,0,5,vit_tiny,cifar10,0.03,12,base.blocks.11,0.830783
10,0,5,vit_tiny,cifar10,0.03,13,base.norm,0.868321
10,0,5,vit_tiny,cifar10,0.03,14,classifier,0.609403
10,0,6,vit_tiny,cifar10,0.03,0,base.patch_embed,0.886859
10,0,6,vit_tiny,cifar10,0.03,1,base.blocks.0,0.839974
10,0,6,vit_tiny,cifar10,0.03,2,base.blocks.1,0.827663
10,0,6,vit_tiny,cifar10,0.03,3,base.blocks.2,0.815256
10,0,6,vit_tiny,cifar10,0.03,4,base.blocks.3,0.793431
10,0,6,vit_tiny,cifar10,0.03,5,base.blocks.4,0.773338
10,0,6,vit_tiny,cifar10,0.03,6,base.blocks.5,0.748096
10,0,6,vit_tiny,cifar10,0.03,7,base.blocks.6,0.724651
10,0,6,vit_tiny,cifar10,0.03,8,base.blocks.7,0.701655
10,0,6,vit_tiny,cifar10,0.03,9,base.blocks.8,0.676544
10,0,6,vit_tiny,cifar10,0.03,10,base.blocks.9,0.652780
10,0,6,vit_tiny,cifar10,0.03,11,base.blocks.10,0.630468
10,0,6,vit_tiny,cifar10,0.03,12,base.blocks.11,0.603989
10,0,6,vit_tiny,cifar10,0.03,13,base.norm,0.651199
10,0,6,vit_tiny,cifar10,0.03,14,classifier,0.456032
10,0,7,vit_tiny,cifar10,0.03,0,base.patch_embed,0.960046
10,0,7,vit_tiny,cifar10,0.03,1,base.blocks.0,0.954255
10,0,7,vit_tiny,cifar10,0.03,2,base.blocks.1,0.937264
10,0,7,vit_tiny,cifar10,0.03,3,base.blocks.2,0.909661
10,0,7,vit_tiny,cifar10,0.03,4,base.blocks.3,0.885420
10,0,7,vit_tiny,cifar10,0.03,5,base.blocks.4,0.864359
10,0,7,vit_tiny,cifar10,0.03,6,base.blocks.5,0.833449
10,0,7,vit_tiny,cifar10,0.03,7,base.blocks.6,0.807080
10,0,7,vit_tiny,cifar10,0.03,8,base.blocks.7,0.769499
10,0,7,vit_tiny,cifar10,0.03,9,base.blocks.8,0.742307
10,0,7,vit_tiny,cifar10,0.03,10,base.blocks.9,0.715010
10,0,7,vit_tiny,cifar10,0.03,11,base.blocks.10,0.687242
10,0,7,vit_tiny,cifar10,0.03,12,base.blocks.11,0.661639
10,0,7,vit_tiny,cifar10,0.03,13,base.norm,0.719387
10,0,7,vit_tiny,cifar10,0.03,14,classifier,0.419891
10,0,8,vit_tiny,cifar10,0.03,0,base.patch_embed,0.889327
10,0,8,vit_tiny,cifar10,0.03,1,base.blocks.0,0.814713
10,0,8,vit_tiny,cifar10,0.03,2,base.blocks.1,0.789094
10,0,8,vit_tiny,cifar10,0.03,3,base.blocks.2,0.754268
10,0,8,vit_tiny,cifar10,0.03,4,base.blocks.3,0.748871
10,0,8,vit_tiny,cifar10,0.03,5,base.blocks.4,0.729140
10,0,8,vit_tiny,cifar10,0.03,6,base.blocks.5,0.707124
10,0,8,vit_tiny,cifar10,0.03,7,base.blocks.6,0.687013
10,0,8,vit_tiny,cifar10,0.03,8,base.blocks.7,0.665839
10,0,8,vit_tiny,cifar10,0.03,9,base.blocks.8,0.647442
10,0,8,vit_tiny,cifar10,0.03,10,base.blocks.9,0.630069
10,0,8,vit_tiny,cifar10,0.03,11,base.blocks.10,0.611460
10,0,8,vit_tiny,cifar10,0.03,12,base.blocks.11,0.594801
10,0,8,vit_tiny,cifar10,0.03,13,base.norm,0.699501
10,0,8,vit_tiny,cifar10,0.03,14,classifier,0.315617
10,0,9,vit_tiny,cifar10,0.03,0,base.patch_embed,0.948251
10,0,9,vit_tiny,cifar10,0.03,1,base.blocks.0,0.922721
10,0,9,vit_tiny,cifar10,0.03,2,base.blocks.1,0.919020
10,0,9,vit_tiny,cifar10,0.03,3,base.blocks.2,0.901807
10,0,9,vit_tiny,cifar10,0.03,4,base.blocks.3,0.880914
10,0,9,vit_tiny,cifar10,0.03,5,base.blocks.4,0.869019
10,0,9,vit_tiny,cifar10,0.03,6,base.blocks.5,0.853225
10,0,9,vit_tiny,cifar10,0.03,7,base.blocks.6,0.841467
10,0,9,vit_tiny,cifar10,0.03,8,base.blocks.7,0.823043
10,0,9,vit_tiny,cifar10,0.03,9,base.blocks.8,0.808232
10,0,9,vit_tiny,cifar10,0.03,10,base.blocks.9,0.794587
10,0,9,vit_tiny,cifar10,0.03,11,base.blocks.10,0.783376
10,0,9,vit_tiny,cifar10,0.03,12,base.blocks.11,0.774130
10,0,9,vit_tiny,cifar10,0.03,13,base.norm,0.843525
10,0,9,vit_tiny,cifar10,0.03,14,classifier,0.539991
10,1,2,vit_tiny,cifar10,0.03,0,base.patch_embed,0.961220
10,1,2,vit_tiny,cifar10,0.03,1,base.blocks.0,0.967702
10,1,2,vit_tiny,cifar10,0.03,2,base.blocks.1,0.968606
10,1,2,vit_tiny,cifar10,0.03,3,base.blocks.2,0.965578
10,1,2,vit_tiny,cifar10,0.03,4,base.blocks.3,0.963385
10,1,2,vit_tiny,cifar10,0.03,5,base.blocks.4,0.958800
10,1,2,vit_tiny,cifar10,0.03,6,base.blocks.5,0.952562
10,1,2,vit_tiny,cifar10,0.03,7,base.blocks.6,0.948613
10,1,2,vit_tiny,cifar10,0.03,8,base.blocks.7,0.938422
10,1,2,vit_tiny,cifar10,0.03,9,base.blocks.8,0.927809
10,1,2,vit_tiny,cifar10,0.03,10,base.blocks.9,0.922791
10,1,2,vit_tiny,cifar10,0.03,11,base.blocks.10,0.914927
10,1,2,vit_tiny,cifar10,0.03,12,base.blocks.11,0.908341
10,1,2,vit_tiny,cifar10,0.03,13,base.norm,0.940956
10,1,2,vit_tiny,cifar10,0.03,14,classifier,0.500755
10,1,3,vit_tiny,cifar10,0.03,0,base.patch_embed,0.986789
10,1,3,vit_tiny,cifar10,0.03,1,base.blocks.0,0.989328
10,1,3,vit_tiny,cifar10,0.03,2,base.blocks.1,0.986910
10,1,3,vit_tiny,cifar10,0.03,3,base.blocks.2,0.981008
10,1,3,vit_tiny,cifar10,0.03,4,base.blocks.3,0.970383
10,1,3,vit_tiny,cifar10,0.03,5,base.blocks.4,0.962439
10,1,3,vit_tiny,cifar10,0.03,6,base.blocks.5,0.950815
10,1,3,vit_tiny,cifar10,0.03,7,base.blocks.6,0.940545
10,1,3,vit_tiny,cifar10,0.03,8,base.blocks.7,0.926320
10,1,3,vit_tiny,cifar10,0.03,9,base.blocks.8,0.914106
10,1,3,vit_tiny,cifar10,0.03,10,base.blocks.9,0.903798
10,1,3,vit_tiny,cifar10,0.03,11,base.blocks.10,0.892808
10,1,3,vit_tiny,cifar10,0.03,12,base.blocks.11,0.880039
10,1,3,vit_tiny,cifar10,0.03,13,base.norm,0.893120
10,1,3,vit_tiny,cifar10,0.03,14,classifier,0.195978
10,1,4,vit_tiny,cifar10,0.03,0,base.patch_embed,0.983026
10,1,4,vit_tiny,cifar10,0.03,1,base.blocks.0,0.977104
10,1,4,vit_tiny,cifar10,0.03,2,base.blocks.1,0.976036
10,1,4,vit_tiny,cifar10,0.03,3,base.blocks.2,0.970162
10,1,4,vit_tiny,cifar10,0.03,4,base.blocks.3,0.951414
10,1,4,vit_tiny,cifar10,0.03,5,base.blocks.4,0.936700
10,1,4,vit_tiny,cifar10,0.03,6,base.blocks.5,0.919490
10,1,4,vit_tiny,cifar10,0.03,7,base.blocks.6,0.898679
10,1,4,vit_tiny,cifar10,0.03,8,base.blocks.7,0.870922
10,1,4,vit_tiny,cifar10,0.03,9,base.blocks.8,0.843625
10,1,4,vit_tiny,cifar10,0.03,10,base.blocks.9,0.821119
10,1,4,vit_tiny,cifar10,0.03,11,base.blocks.10,0.794377
10,1,4,vit_tiny,cifar10,0.03,12,base.blocks.11,0.759753
10,1,4,vit_tiny,cifar10,0.03,13,base.norm,0.776735
10,1,4,vit_tiny,cifar10,0.03,14,classifier,0.389514
10,1,5,vit_tiny,cifar10,0.03,0,base.patch_embed,0.988227
10,1,5,vit_tiny,cifar10,0.03,1,base.blocks.0,0.987435
10,1,5,vit_tiny,cifar10,0.03,2,base.blocks.1,0.988279
10,1,5,vit_tiny,cifar10,0.03,3,base.blocks.2,0.988234
10,1,5,vit_tiny,cifar10,0.03,4,base.blocks.3,0.982610
10,1,5,vit_tiny,cifar10,0.03,5,base.blocks.4,0.979499
10,1,5,vit_tiny,cifar10,0.03,6,base.blocks.5,0.976369
10,1,5,vit_tiny,cifar10,0.03,7,base.blocks.6,0.971314
10,1,5,vit_tiny,cifar10,0.03,8,base.blocks.7,0.964312
10,1,5,vit_tiny,cifar10,0.03,9,base.blocks.8,0.958421
10,1,5,vit_tiny,cifar10,0.03,10,base.blocks.9,0.951457
10,1,5,vit_tiny,cifar10,0.03,11,base.blocks.10,0.943004
10,1,5,vit_tiny,cifar10,0.03,12,base.blocks.11,0.934698
10,1,5,vit_tiny,cifar10,0.03,13,base.norm,0.944184
10,1,5,vit_tiny,cifar10,0.03,14,classifier,0.536556
10,1,6,vit_tiny,cifar10,0.03,0,base.patch_embed,0.886278
10,1,6,vit_tiny,cifar10,0.03,1,base.blocks.0,0.877974
10,1,6,vit_tiny,cifar10,0.03,2,base.blocks.1,0.876391
10,1,6,vit_tiny,cifar10,0.03,3,base.blocks.2,0.872832
10,1,6,vit_tiny,cifar10,0.03,4,base.blocks.3,0.866083
10,1,6,vit_tiny,cifar10,0.03,5,base.blocks.4,0.852029
10,1,6,vit_tiny,cifar10,0.03,6,base.blocks.5,0.835633
10,1,6,vit_tiny,cifar10,0.03,7,base.blocks.6,0.812883
10,1,6,vit_tiny,cifar10,0.03,8,base.blocks.7,0.794688
10,1,6,vit_tiny,cifar10,0.03,9,base.blocks.8,0.771784
10,1,6,vit_tiny,cifar10,0.03,10,base.blocks.9,0.751726
10,1,6,vit_tiny,cifar10,0.03,11,base.blocks.10,0.732769
10,1,6,vit_tiny,cifar10,0.03,12,base.blocks.11,0.703805
10,1,6,vit_tiny,cifar10,0.03,13,base.norm,0.751431
10,1,6,vit_tiny,cifar10,0.03,14,classifier,0.213807
10,1,7,vit_tiny,cifar10,0.03,0,base.patch_embed,0.952349
10,1,7,vit_tiny,cifar10,0.03,1,base.blocks.0,0.962395
10,1,7,vit_tiny,cifar10,0.03,2,base.blocks.1,0.966918
10,1,7,vit_tiny,cifar10,0.03,3,base.blocks.2,0.963971
10,1,7,vit_tiny,cifar10,0.03,4,base.blocks.3,0.955712
10,1,7,vit_tiny,cifar10,0.03,5,base.blocks.4,0.947611
10,1,7,vit_tiny,cifar10,0.03,6,base.blocks.5,0.936071
10,1,7,vit_tiny,cifar10,0.03,7,base.blocks.6,0.924264
10,1,7,vit_tiny,cifar10,0.03,8,base.blocks.7,0.903431
10,1,7,vit_tiny,cifar10,0.03,9,base.blocks.8,0.882593
10,1,7,vit_tiny,cifar10,0.03,10,base.blocks.9,0.865141
10,1,7,vit_tiny,cifar10,0.03,11,base.blocks.10,0.842873
10,1,7,vit_tiny,cifar10,0.03,12,base.blocks.11,0.816378
10,1,7,vit_tiny,cifar10,0.03,13,base.norm,0.824913
10,1,7,vit_tiny,cifar10,0.03,14,classifier,0.147130
10,1,8,vit_tiny,cifar10,0.03,0,base.patch_embed,0.947225
10,1,8,vit_tiny,cifar10,0.03,1,base.blocks.0,0.932025
10,1,8,vit_tiny,cifar10,0.03,2,base.blocks.1,0.924060
10,1,8,vit_tiny,cifar10,0.03,3,base.blocks.2,0.913533
10,1,8,vit_tiny,cifar10,0.03,4,base.blocks.3,0.905375
10,1,8,vit_tiny,cifar10,0.03,5,base.blocks.4,0.893691
10,1,8,vit_tiny,cifar10,0.03,6,base.blocks.5,0.883288
10,1,8,vit_tiny,cifar10,0.03,7,base.blocks.6,0.868530
10,1,8,vit_tiny,cifar10,0.03,8,base.blocks.7,0.853258
10,1,8,vit_tiny,cifar10,0.03,9,base.blocks.8,0.837212
10,1,8,vit_tiny,cifar10,0.03,10,base.blocks.9,0.824215
10,1,8,vit_tiny,cifar10,0.03,11,base.blocks.10,0.809316
10,1,8,vit_tiny,cifar10,0.03,12,base.blocks.11,0.789488
10,1,8,vit_tiny,cifar10,0.03,13,base.norm,0.840227
10,1,8,vit_tiny,cifar10,0.03,14,classifier,0.204250
10,1,9,vit_tiny,cifar10,0.03,0,base.patch_embed,0.984961
10,1,9,vit_tiny,cifar10,0.03,1,base.blocks.0,0.984544
10,1,9,vit_tiny,cifar10,0.03,2,base.blocks.1,0.984000
10,1,9,vit_tiny,cifar10,0.03,3,base.blocks.2,0.981579
10,1,9,vit_tiny,cifar10,0.03,4,base.blocks.3,0.977237
10,1,9,vit_tiny,cifar10,0.03,5,base.blocks.4,0.974282
10,1,9,vit_tiny,cifar10,0.03,6,base.blocks.5,0.969153
10,1,9,vit_tiny,cifar10,0.03,7,base.blocks.6,0.965368
10,1,9,vit_tiny,cifar10,0.03,8,base.blocks.7,0.956983
10,1,9,vit_tiny,cifar10,0.03,9,base.blocks.8,0.948205
10,1,9,vit_tiny,cifar10,0.03,10,base.blocks.9,0.941837
10,1,9,vit_tiny,cifar10,0.03,11,base.blocks.10,0.935549
10,1,9,vit_tiny,cifar10,0.03,12,base.blocks.11,0.928645
10,1,9,vit_tiny,cifar10,0.03,13,base.norm,0.936707
10,1,9,vit_tiny,cifar10,0.03,14,classifier,0.261671
10,2,3,vit_tiny,cifar10,0.03,0,base.patch_embed,0.912820
10,2,3,vit_tiny,cifar10,0.03,1,base.blocks.0,0.941847
10,2,3,vit_tiny,cifar10,0.03,2,base.blocks.1,0.947649
10,2,3,vit_tiny,cifar10,0.03,3,base.blocks.2,0.947316
10,2,3,vit_tiny,cifar10,0.03,4,base.blocks.3,0.938734
10,2,3,vit_tiny,cifar10,0.03,5,base.blocks.4,0.937935
10,2,3,vit_tiny,cifar10,0.03,6,base.blocks.5,0.933321
10,2,3,vit_tiny,cifar10,0.03,7,base.blocks.6,0.930108
10,2,3,vit_tiny,cifar10,0.03,8,base.blocks.7,0.926703
10,2,3,vit_tiny,cifar10,0.03,9,base.blocks.8,0.922718
10,2,3,vit_tiny,cifar10,0.03,10,base.blocks.9,0.924028
10,2,3,vit_tiny,cifar10,0.03,11,base.blocks.10,0.923126
10,2,3,vit_tiny,cifar10,0.03,12,base.blocks.11,0.921990
10,2,3,vit_tiny,cifar10,0.03,13,base.norm,0.937335
10,2,3,vit_tiny,cifar10,0.03,14,classifier,0.185592
10,2,4,vit_tiny,cifar10,0.03,0,base.patch_embed,0.975222
10,2,4,vit_tiny,cifar10,0.03,1,base.blocks.0,0.968800
10,2,4,vit_tiny,cifar10,0.03,2,base.blocks.1,0.969069
10,2,4,vit_tiny,cifar10,0.03,3,base.blocks.2,0.963400
10,2,4,vit_tiny,cifar10,0.03,4,base.blocks.3,0.952721
10,2,4,vit_tiny,cifar10,0.03,5,base.blocks.4,0.941692
10,2,4,vit_tiny,cifar10,0.03,6,base.blocks.5,0.927523
10,2,4,vit_tiny,cifar10,0.03,7,base.blocks.6,0.909469
10,2,4,vit_tiny,cifar10,0.03,8,base.blocks.7,0.891424
10,2,4,vit_tiny,cifar10,0.03,9,base.blocks.8,0.872813
10,2,4,vit_tiny,cifar10,0.03,10,base.blocks.9,0.858591
10,2,4,vit_tiny,cifar10,0.03,11,base.blocks.10,0.841267
10,2,4,vit_tiny,cifar10,0.03,12,base.blocks.11,0.815357
10,2,4,vit_tiny,cifar10,0.03,13,base.norm,0.844607
10,2,4,vit_tiny,cifar10,0.03,14,classifier,0.243060
10,2,5,vit_tiny,cifar10,0.03,0,base.patch_embed,0.910706
10,2,5,vit_tiny,cifar10,0.03,1,base.blocks.0,0.921519
10,2,5,vit_tiny,cifar10,0.03,2,base.blocks.1,0.928681
10,2,5,vit_tiny,cifar10,0.03,3,base.blocks.2,0.928479
10,2,5,vit_tiny,cifar10,0.03,4,base.blocks.3,0.924014
10,2,5,vit_tiny,cifar10,0.03,5,base.blocks.4,0.919131
10,2,5,vit_tiny,cifar10,0.03,6,base.blocks.5,0.915775
10,2,5,vit_tiny,cifar10,0.03,7,base.blocks.6,0.911867
10,2,5,vit_tiny,cifar10,0.03,8,base.blocks.7,0.904483
10,2,5,vit_tiny,cifar10,0.03,9,base.blocks.8,0.896712
10,2,5,vit_tiny,cifar10,0.03,10,base.blocks.9,0.894273
10,2,5,vit_tiny,cifar10,0.03,11,base.blocks.10,0.886963
10,2,5,vit_tiny,cifar10,0.03,12,base.blocks.11,0.880303
10,2,5,vit_tiny,cifar10,0.03,13,base.norm,0.936930
10,2,5,vit_tiny,cifar10,0.03,14,classifier,0.359706
10,2,6,vit_tiny,cifar10,0.03,0,base.patch_embed,0.760411
10,2,6,vit_tiny,cifar10,0.03,1,base.blocks.0,0.769139
10,2,6,vit_tiny,cifar10,0.03,2,base.blocks.1,0.771898
10,2,6,vit_tiny,cifar10,0.03,3,base.blocks.2,0.767770
10,2,6,vit_tiny,cifar10,0.03,4,base.blocks.3,0.773559
10,2,6,vit_tiny,cifar10,0.03,5,base.blocks.4,0.759396
10,2,6,vit_tiny,cifar10,0.03,6,base.blocks.5,0.742201
10,2,6,vit_tiny,cifar10,0.03,7,base.blocks.6,0.720875
10,2,6,vit_tiny,cifar10,0.03,8,base.blocks.7,0.708140
10,2,6,vit_tiny,cifar10,0.03,9,base.blocks.8,0.686296
10,2,6,vit_tiny,cifar10,0.03,10,base.blocks.9,0.676271
10,2,6,vit_tiny,cifar10,0.03,11,base.blocks.10,0.660879
10,2,6,vit_tiny,cifar10,0.03,12,base.blocks.11,0.638424
10,2,6,vit_tiny,cifar10,0.03,13,base.norm,0.765835
10,2,6,vit_tiny,cifar10,0.03,14,classifier,0.221462
10,2,7,vit_tiny,cifar10,0.03,0,base.patch_embed,0.897975
10,2,7,vit_tiny,cifar10,0.03,1,base.blocks.0,0.918708
10,2,7,vit_tiny,cifar10,0.03,2,base.blocks.1,0.929544
10,2,7,vit_tiny,cifar10,0.03,3,base.blocks.2,0.932611
10,2,7,vit_tiny,cifar10,0.03,4,base.blocks.3,0.920071
10,2,7,vit_tiny,cifar10,0.03,5,base.blocks.4,0.914682
10,2,7,vit_tiny,cifar10,0.03,6,base.blocks.5,0.910678
10,2,7,vit_tiny,cifar10,0.03,7,base.blocks.6,0.904939
10,2,7,vit_tiny,cifar10,0.03,8,base.blocks.7,0.895607
10,2,7,vit_tiny,cifar10,0.03,9,base.blocks.8,0.888631
10,2,7,vit_tiny,cifar10,0.03,10,base.blocks.9,0.882069
10,2,7,vit_tiny,cifar10,0.03,11,base.blocks.10,0.874283
10,2,7,vit_tiny,cifar10,0.03,12,base.blocks.11,0.864493
10,2,7,vit_tiny,cifar10,0.03,13,base.norm,0.874895
10,2,7,vit_tiny,cifar10,0.03,14,classifier,0.252550
10,2,8,vit_tiny,cifar10,0.03,0,base.patch_embed,0.904081
10,2,8,vit_tiny,cifar10,0.03,1,base.blocks.0,0.903990
10,2,8,vit_tiny,cifar10,0.03,2,base.blocks.1,0.899943
10,2,8,vit_tiny,cifar10,0.03,3,base.blocks.2,0.893442
10,2,8,vit_tiny,cifar10,0.03,4,base.blocks.3,0.889612
10,2,8,vit_tiny,cifar10,0.03,5,base.blocks.4,0.883412
10,2,8,vit_tiny,cifar10,0.03,6,base.blocks.5,0.878731
10,2,8,vit_tiny,cifar10,0.03,7,base.blocks.6,0.871260
10,2,8,vit_tiny,cifar10,0.03,8,base.blocks.7,0.867615
10,2,8,vit_tiny,cifar10,0.03,9,base.blocks.8,0.861819
10,2,8,vit_tiny,cifar10,0.03,10,base.blocks.9,0.858493
10,2,8,vit_tiny,cifar10,0.03,11,base.blocks.10,0.852142
10,2,8,vit_tiny,cifar10,0.03,12,base.blocks.11,0.841020
10,2,8,vit_tiny,cifar10,0.03,13,base.norm,0.891496
10,2,8,vit_tiny,cifar10,0.03,14,classifier,0.420735
10,2,9,vit_tiny,cifar10,0.03,0,base.patch_embed,0.988910
10,2,9,vit_tiny,cifar10,0.03,1,base.blocks.0,0.992049
10,2,9,vit_tiny,cifar10,0.03,2,base.blocks.1,0.991419
10,2,9,vit_tiny,cifar10,0.03,3,base.blocks.2,0.989869
10,2,9,vit_tiny,cifar10,0.03,4,base.blocks.3,0.990234
10,2,9,vit_tiny,cifar10,0.03,5,base.blocks.4,0.988640
10,2,9,vit_tiny,cifar10,0.03,6,base.blocks.5,0.986645
10,2,9,vit_tiny,cifar10,0.03,7,base.blocks.6,0.985066
10,2,9,vit_tiny,cifar10,0.03,8,base.blocks.7,0.981869
10,2,9,vit_tiny,cifar10,0.03,9,base.blocks.8,0.979290
10,2,9,vit_tiny,cifar10,0.03,10,base.blocks.9,0.977076
10,2,9,vit_tiny,cifar10,0.03,11,base.blocks.10,0.973737
10,2,9,vit_tiny,cifar10,0.03,12,base.blocks.11,0.971544
10,2,9,vit_tiny,cifar10,0.03,13,base.norm,0.974890
10,2,9,vit_tiny,cifar10,0.03,14,classifier,0.286406
10,3,4,vit_tiny,cifar10,0.03,0,base.patch_embed,0.948658
10,3,4,vit_tiny,cifar10,0.03,1,base.blocks.0,0.959801
10,3,4,vit_tiny,cifar10,0.03,2,base.blocks.1,0.972464
10,3,4,vit_tiny,cifar10,0.03,3,base.blocks.2,0.975334
10,3,4,vit_tiny,cifar10,0.03,4,base.blocks.3,0.971854
10,3,4,vit_tiny,cifar10,0.03,5,base.blocks.4,0.972529
10,3,4,vit_tiny,cifar10,0.03,6,base.blocks.5,0.973556
10,3,4,vit_tiny,cifar10,0.03,7,base.blocks.6,0.971582
10,3,4,vit_tiny,cifar10,0.03,8,base.blocks.7,0.965743
10,3,4,vit_tiny,cifar10,0.03,9,base.blocks.8,0.958643
10,3,4,vit_tiny,cifar10,0.03,10,base.blocks.9,0.952711
10,3,4,vit_tiny,cifar10,0.03,11,base.blocks.10,0.944147
10,3,4,vit_tiny,cifar10,0.03,12,base.blocks.11,0.931631
10,3,4,vit_tiny,cifar10,0.03,13,base.norm,0.917669
10,3,4,vit_tiny,cifar10,0.03,14,classifier,0.588016
10,3,5,vit_tiny,cifar10,0.03,0,base.patch_embed,0.991396
10,3,5,vit_tiny,cifar10,0.03,1,base.blocks.0,0.981468
10,3,5,vit_tiny,cifar10,0.03,2,base.blocks.1,0.978763
10,3,5,vit_tiny,cifar10,0.03,3,base.blocks.2,0.974668
10,3,5,vit_tiny,cifar10,0.03,4,base.blocks.3,0.971654
10,3,5,vit_tiny,cifar10,0.03,5,base.blocks.4,0.968075
10,3,5,vit_tiny,cifar10,0.03,6,base.blocks.5,0.964681
10,3,5,vit_tiny,cifar10,0.03,7,base.blocks.6,0.962164
10,3,5,vit_tiny,cifar10,0.03,8,base.blocks.7,0.957702
10,3,5,vit_tiny,cifar10,0.03,9,base.blocks.8,0.955528
10,3,5,vit_tiny,cifar10,0.03,10,base.blocks.9,0.952457
10,3,5,vit_tiny,cifar10,0.03,11,base.blocks.10,0.949904
10,3,5,vit_tiny,cifar10,0.03,12,base.blocks.11,0.945964
10,3,5,vit_tiny,cifar10,0.03,13,base.norm,0.952212
10,3,5,vit_tiny,cifar10,0.03,14,classifier,0.778688
10,3,6,vit_tiny,cifar10,0.03,0,base.patch_embed,0.898675
10,3,6,vit_tiny,cifar10,0.03,1,base.blocks.0,0.878405
10,3,6,vit_tiny,cifar10,0.03,2,base.blocks.1,0.879068
10,3,6,vit_tiny,cifar10,0.03,3,base.blocks.2,0.873133
10,3,6,vit_tiny,cifar10,0.03,4,base.blocks.3,0.884766
10,3,6,vit_tiny,cifar10,0.03,5,base.blocks.4,0.877660
10,3,6,vit_tiny,cifar10,0.03,6,base.blocks.5,0.871477
10,3,6,vit_tiny,cifar10,0.03,7,base.blocks.6,0.860744
10,3,6,vit_tiny,cifar10,0.03,8,base.blocks.7,0.852639
10,3,6,vit_tiny,cifar10,0.03,9,base.blocks.8,0.842665
10,3,6,vit_tiny,cifar10,0.03,10,base.blocks.9,0.832325
10,3,6,vit_tiny,cifar10,0.03,11,base.blocks.10,0.823886
10,3,6,vit_tiny,cifar10,0.03,12,base.blocks.11,0.808837
10,3,6,vit_tiny,cifar10,0.03,13,base.norm,0.837642
10,3,6,vit_tiny,cifar10,0.03,14,classifier,0.675988
10,3,7,vit_tiny,cifar10,0.03,0,base.patch_embed,0.971301
10,3,7,vit_tiny,cifar10,0.03,1,base.blocks.0,0.976620
10,3,7,vit_tiny,cifar10,0.03,2,base.blocks.1,0.978183
10,3,7,vit_tiny,cifar10,0.03,3,base.blocks.2,0.980731
10,3,7,vit_tiny,cifar10,0.03,4,base.blocks.3,0.981938
10,3,7,vit_tiny,cifar10,0.03,5,base.blocks.4,0.981984
10,3,7,vit_tiny,cifar10,0.03,6,base.blocks.5,0.981974
10,3,7,vit_tiny,cifar10,0.03,7,base.blocks.6,0.983846
10,3,7,vit_tiny,cifar10,0.03,8,base.blocks.7,0.984985
10,3,7,vit_tiny,cifar10,0.03,9,base.blocks.8,0.984626
10,3,7,vit_tiny,cifar10,0.03,10,base.blocks.9,0.983591
10,3,7,vit_tiny,cifar10,0.03,11,base.blocks.10,0.980983
10,3,7,vit_tiny,cifar10,0.03,12,base.blocks.11,0.977072
10,3,7,vit_tiny,cifar10,0.03,13,base.norm,0.959894
10,3,7,vit_tiny,cifar10,0.03,14,classifier,0.817035
10,3,8,vit_tiny,cifar10,0.03,0,base.patch_embed,0.921579
10,3,8,vit_tiny,cifar10,0.03,1,base.blocks.0,0.917404
10,3,8,vit_tiny,cifar10,0.03,2,base.blocks.1,0.923541
10,3,8,vit_tiny,cifar10,0.03,3,base.blocks.2,0.922539
10,3,8,vit_tiny,cifar10,0.03,4,base.blocks.3,0.917784
10,3,8,vit_tiny,cifar10,0.03,5,base.blocks.4,0.915834
10,3,8,vit_tiny,cifar10,0.03,6,base.blocks.5,0.917225
10,3,8,vit_tiny,cifar10,0.03,7,base.blocks.6,0.914985
10,3,8,vit_tiny,cifar10,0.03,8,base.blocks.7,0.910343
10,3,8,vit_tiny,cifar10,0.03,9,base.blocks.8,0.906683
10,3,8,vit_tiny,cifar10,0.03,10,base.blocks.9,0.903681
10,3,8,vit_tiny,cifar10,0.03,11,base.blocks.10,0.900481
10,3,8,vit_tiny,cifar10,0.03,12,base.blocks.11,0.896195
10,3,8,vit_tiny,cifar10,0.03,13,base.norm,0.895728
10,3,8,vit_tiny,cifar10,0.03,14,classifier,0.325333
10,3,9,vit_tiny,cifar10,0.03,0,base.patch_embed,0.952753
10,3,9,vit_tiny,cifar10,0.03,1,base.blocks.0,0.958189
10,3,9,vit_tiny,cifar10,0.03,2,base.blocks.1,0.955350
10,3,9,vit_tiny,cifar10,0.03,3,base.blocks.2,0.948214
10,3,9,vit_tiny,cifar10,0.03,4,base.blocks.3,0.936534
10,3,9,vit_tiny,cifar10,0.03,5,base.blocks.4,0.933433
10,3,9,vit_tiny,cifar10,0.03,6,base.blocks.5,0.925447
10,3,9,vit_tiny,cifar10,0.03,7,base.blocks.6,0.920356
10,3,9,vit_tiny,cifar10,0.03,8,base.blocks.7,0.913083
10,3,9,vit_tiny,cifar10,0.03,9,base.blocks.8,0.906314
10,3,9,vit_tiny,cifar10,0.03,10,base.blocks.9,0.904142
10,3,9,vit_tiny,cifar10,0.03,11,base.blocks.10,0.901342
10,3,9,vit_tiny,cifar10,0.03,12,base.blocks.11,0.897617
10,3,9,vit_tiny,cifar10,0.03,13,base.norm,0.902120
10,3,9,vit_tiny,cifar10,0.03,14,classifier,0.501647
10,4,5,vit_tiny,cifar10,0.03,0,base.patch_embed,0.958428
10,4,5,vit_tiny,cifar10,0.03,1,base.blocks.0,0.957263
10,4,5,vit_tiny,cifar10,0.03,2,base.blocks.1,0.960762
10,4,5,vit_tiny,cifar10,0.03,3,base.blocks.2,0.959857
10,4,5,vit_tiny,cifar10,0.03,4,base.blocks.3,0.952761
10,4,5,vit_tiny,cifar10,0.03,5,base.blocks.4,0.948288
10,4,5,vit_tiny,cifar10,0.03,6,base.blocks.5,0.944391
10,4,5,vit_tiny,cifar10,0.03,7,base.blocks.6,0.939553
10,4,5,vit_tiny,cifar10,0.03,8,base.blocks.7,0.931409
10,4,5,vit_tiny,cifar10,0.03,9,base.blocks.8,0.923511
10,4,5,vit_tiny,cifar10,0.03,10,base.blocks.9,0.918521
10,4,5,vit_tiny,cifar10,0.03,11,base.blocks.10,0.911626
10,4,5,vit_tiny,cifar10,0.03,12,base.blocks.11,0.899983
10,4,5,vit_tiny,cifar10,0.03,13,base.norm,0.908236
10,4,5,vit_tiny,cifar10,0.03,14,classifier,0.741167
10,4,6,vit_tiny,cifar10,0.03,0,base.patch_embed,0.878555
10,4,6,vit_tiny,cifar10,0.03,1,base.blocks.0,0.889320
10,4,6,vit_tiny,cifar10,0.03,2,base.blocks.1,0.881708
10,4,6,vit_tiny,cifar10,0.03,3,base.blocks.2,0.881021
10,4,6,vit_tiny,cifar10,0.03,4,base.blocks.3,0.889370
10,4,6,vit_tiny,cifar10,0.03,5,base.blocks.4,0.888944
10,4,6,vit_tiny,cifar10,0.03,6,base.blocks.5,0.887245
10,4,6,vit_tiny,cifar10,0.03,7,base.blocks.6,0.885522
10,4,6,vit_tiny,cifar10,0.03,8,base.blocks.7,0.887225
10,4,6,vit_tiny,cifar10,0.03,9,base.blocks.8,0.886926
10,4,6,vit_tiny,cifar10,0.03,10,base.blocks.9,0.888882
10,4,6,vit_tiny,cifar10,0.03,11,base.blocks.10,0.889129
10,4,6,vit_tiny,cifar10,0.03,12,base.blocks.11,0.890026
10,4,6,vit_tiny,cifar10,0.03,13,base.norm,0.928361
10,4,6,vit_tiny,cifar10,0.03,14,classifier,0.709754
10,4,7,vit_tiny,cifar10,0.03,0,base.patch_embed,0.889267
10,4,7,vit_tiny,cifar10,0.03,1,base.blocks.0,0.895286
10,4,7,vit_tiny,cifar10,0.03,2,base.blocks.1,0.918684
10,4,7,vit_tiny,cifar10,0.03,3,base.blocks.2,0.927984
10,4,7,vit_tiny,cifar10,0.03,4,base.blocks.3,0.926763
10,4,7,vit_tiny,cifar10,0.03,5,base.blocks.4,0.929688
10,4,7,vit_tiny,cifar10,0.03,6,base.blocks.5,0.935275
10,4,7,vit_tiny,cifar10,0.03,7,base.blocks.6,0.940755
10,4,7,vit_tiny,cifar10,0.03,8,base.blocks.7,0.943296
10,4,7,vit_tiny,cifar10,0.03,9,base.blocks.8,0.943585
10,4,7,vit_tiny,cifar10,0.03,10,base.blocks.9,0.944408
10,4,7,vit_tiny,cifar10,0.03,11,base.blocks.10,0.944340
10,4,7,vit_tiny,cifar10,0.03,12,base.blocks.11,0.941792
10,4,7,vit_tiny,cifar10,0.03,13,base.norm,0.940711
10,4,7,vit_tiny,cifar10,0.03,14,classifier,0.660083
10,4,8,vit_tiny,cifar10,0.03,0,base.patch_embed,0.974977
10,4,8,vit_tiny,cifar10,0.03,1,base.blocks.0,0.979476
10,4,8,vit_tiny,cifar10,0.03,2,base.blocks.1,0.972889
10,4,8,vit_tiny,cifar10,0.03,3,base.blocks.2,0.970813
10,4,8,vit_tiny,cifar10,0.03,4,base.blocks.3,0.965441
10,4,8,vit_tiny,cifar10,0.03,5,base.blocks.4,0.962346
10,4,8,vit_tiny,cifar10,0.03,6,base.blocks.5,0.958465
10,4,8,vit_tiny,cifar10,0.03,7,base.blocks.6,0.954140
10,4,8,vit_tiny,cifar10,0.03,8,base.blocks.7,0.948756
10,4,8,vit_tiny,cifar10,0.03,9,base.blocks.8,0.944207
10,4,8,vit_tiny,cifar10,0.03,10,base.blocks.9,0.939404
10,4,8,vit_tiny,cifar10,0.03,11,base.blocks.10,0.934548
10,4,8,vit_tiny,cifar10,0.03,12,base.blocks.11,0.927773
10,4,8,vit_tiny,cifar10,0.03,13,base.norm,0.912678
10,4,8,vit_tiny,cifar10,0.03,14,classifier,0.461044
10,4,9,vit_tiny,cifar10,0.03,0,base.patch_embed,0.974515
10,4,9,vit_tiny,cifar10,0.03,1,base.blocks.0,0.965393
10,4,9,vit_tiny,cifar10,0.03,2,base.blocks.1,0.961679
10,4,9,vit_tiny,cifar10,0.03,3,base.blocks.2,0.952286
10,4,9,vit_tiny,cifar10,0.03,4,base.blocks.3,0.942811
10,4,9,vit_tiny,cifar10,0.03,5,base.blocks.4,0.930786
10,4,9,vit_tiny,cifar10,0.03,6,base.blocks.5,0.915446
10,4,9,vit_tiny,cifar10,0.03,7,base.blocks.6,0.897844
10,4,9,vit_tiny,cifar10,0.03,8,base.blocks.7,0.877948
10,4,9,vit_tiny,cifar10,0.03,9,base.blocks.8,0.858474
10,4,9,vit_tiny,cifar10,0.03,10,base.blocks.9,0.844713
10,4,9,vit_tiny,cifar10,0.03,11,base.blocks.10,0.828347
10,4,9,vit_tiny,cifar10,0.03,12,base.blocks.11,0.803911
10,4,9,vit_tiny,cifar10,0.03,13,base.norm,0.834619
10,4,9,vit_tiny,cifar10,0.03,14,classifier,0.726772
10,5,6,vit_tiny,cifar10,0.03,0,base.patch_embed,0.934878
10,5,6,vit_tiny,cifar10,0.03,1,base.blocks.0,0.930186
10,5,6,vit_tiny,cifar10,0.03,2,base.blocks.1,0.932362
10,5,6,vit_tiny,cifar10,0.03,3,base.blocks.2,0.930766
10,5,6,vit_tiny,cifar10,0.03,4,base.blocks.3,0.937136
10,5,6,vit_tiny,cifar10,0.03,5,base.blocks.4,0.932436
10,5,6,vit_tiny,cifar10,0.03,6,base.blocks.5,0.925605
10,5,6,vit_tiny,cifar10,0.03,7,base.blocks.6,0.917626
10,5,6,vit_tiny,cifar10,0.03,8,base.blocks.7,0.914619
10,5,6,vit_tiny,cifar10,0.03,9,base.blocks.8,0.906563
10,5,6,vit_tiny,cifar10,0.03,10,base.blocks.9,0.902044
10,5,6,vit_tiny,cifar10,0.03,11,base.blocks.10,0.899570
10,5,6,vit_tiny,cifar10,0.03,12,base.blocks.11,0.889883
10,5,6,vit_tiny,cifar10,0.03,13,base.norm,0.903895
10,5,6,vit_tiny,cifar10,0.03,14,classifier,0.817877
10,5,7,vit_tiny,cifar10,0.03,0,base.patch_embed,0.942999
10,5,7,vit_tiny,cifar10,0.03,1,base.blocks.0,0.949742
10,5,7,vit_tiny,cifar10,0.03,2,base.blocks.1,0.951571
10,5,7,vit_tiny,cifar10,0.03,3,base.blocks.2,0.949941
10,5,7,vit_tiny,cifar10,0.03,4,base.blocks.3,0.945468
10,5,7,vit_tiny,cifar10,0.03,5,base.blocks.4,0.943721
10,5,7,vit_tiny,cifar10,0.03,6,base.blocks.5,0.940394
10,5,7,vit_tiny,cifar10,0.03,7,base.blocks.6,0.940497
10,5,7,vit_tiny,cifar10,0.03,8,base.blocks.7,0.935755
10,5,7,vit_tiny,cifar10,0.03,9,base.blocks.8,0.929336
10,5,7,vit_tiny,cifar10,0.03,10,base.blocks.9,0.926322
10,5,7,vit_tiny,cifar10,0.03,11,base.blocks.10,0.920910
10,5,7,vit_tiny,cifar10,0.03,12,base.blocks.11,0.912902
10,5,7,vit_tiny,cifar10,0.03,13,base.norm,0.931352
10,5,7,vit_tiny,cifar10,0.03,14,classifier,0.832826
10,5,8,vit_tiny,cifar10,0.03,0,base.patch_embed,0.947549
10,5,8,vit_tiny,cifar10,0.03,1,base.blocks.0,0.932373
10,5,8,vit_tiny,cifar10,0.03,2,base.blocks.1,0.933242
10,5,8,vit_tiny,cifar10,0.03,3,base.blocks.2,0.926952
10,5,8,vit_tiny,cifar10,0.03,4,base.blocks.3,0.936884
10,5,8,vit_tiny,cifar10,0.03,5,base.blocks.4,0.932425
10,5,8,vit_tiny,cifar10,0.03,6,base.blocks.5,0.930088
10,5,8,vit_tiny,cifar10,0.03,7,base.blocks.6,0.925338
10,5,8,vit_tiny,cifar10,0.03,8,base.blocks.7,0.921046
10,5,8,vit_tiny,cifar10,0.03,9,base.blocks.8,0.914597
10,5,8,vit_tiny,cifar10,0.03,10,base.blocks.9,0.911646
10,5,8,vit_tiny,cifar10,0.03,11,base.blocks.10,0.907069
10,5,8,vit_tiny,cifar10,0.03,12,base.blocks.11,0.897931
10,5,8,vit_tiny,cifar10,0.03,13,base.norm,0.917210
10,5,8,vit_tiny,cifar10,0.03,14,classifier,0.469683
10,5,9,vit_tiny,cifar10,0.03,0,base.patch_embed,0.951461
10,5,9,vit_tiny,cifar10,0.03,1,base.blocks.0,0.951742
10,5,9,vit_tiny,cifar10,0.03,2,base.blocks.1,0.955151
10,5,9,vit_tiny,cifar10,0.03,3,base.blocks.2,0.954203
10,5,9,vit_tiny,cifar10,0.03,4,base.blocks.3,0.947212
10,5,9,vit_tiny,cifar10,0.03,5,base.blocks.4,0.944202
10,5,9,vit_tiny,cifar10,0.03,6,base.blocks.5,0.941940
10,5,9,vit_tiny,cifar10,0.03,7,base.blocks.6,0.938981
10,5,9,vit_tiny,cifar10,0.03,8,base.blocks.7,0.933482
10,5,9,vit_tiny,cifar10,0.03,9,base.blocks.8,0.926636
10,5,9,vit_tiny,cifar10,0.03,10,base.blocks.9,0.924024
10,5,9,vit_tiny,cifar10,0.03,11,base.blocks.10,0.919070
10,5,9,vit_tiny,cifar10,0.03,12,base.blocks.11,0.912364
10,5,9,vit_tiny,cifar10,0.03,13,base.norm,0.945217
10,5,9,vit_tiny,cifar10,0.03,14,classifier,0.676010
10,6,7,vit_tiny,cifar10,0.03,0,base.patch_embed,0.776507
10,6,7,vit_tiny,cifar10,0.03,1,base.blocks.0,0.787086
10,6,7,vit_tiny,cifar10,0.03,2,base.blocks.1,0.800678
10,6,7,vit_tiny,cifar10,0.03,3,base.blocks.2,0.801869
10,6,7,vit_tiny,cifar10,0.03,4,base.blocks.3,0.821912
10,6,7,vit_tiny,cifar10,0.03,5,base.blocks.4,0.822854
10,6,7,vit_tiny,cifar10,0.03,6,base.blocks.5,0.819137
10,6,7,vit_tiny,cifar10,0.03,7,base.blocks.6,0.820397
10,6,7,vit_tiny,cifar10,0.03,8,base.blocks.7,0.823778
10,6,7,vit_tiny,cifar10,0.03,9,base.blocks.8,0.816285
10,6,7,vit_tiny,cifar10,0.03,10,base.blocks.9,0.817628
10,6,7,vit_tiny,cifar10,0.03,11,base.blocks.10,0.817475
10,6,7,vit_tiny,cifar10,0.03,12,base.blocks.11,0.810321
10,6,7,vit_tiny,cifar10,0.03,13,base.norm,0.870209
10,6,7,vit_tiny,cifar10,0.03,14,classifier,0.818454
10,6,8,vit_tiny,cifar10,0.03,0,base.patch_embed,0.947276
10,6,8,vit_tiny,cifar10,0.03,1,base.blocks.0,0.938585
10,6,8,vit_tiny,cifar10,0.03,2,base.blocks.1,0.933938
10,6,8,vit_tiny,cifar10,0.03,3,base.blocks.2,0.927750
10,6,8,vit_tiny,cifar10,0.03,4,base.blocks.3,0.934745
10,6,8,vit_tiny,cifar10,0.03,5,base.blocks.4,0.927454
10,6,8,vit_tiny,cifar10,0.03,6,base.blocks.5,0.918650
10,6,8,vit_tiny,cifar10,0.03,7,base.blocks.6,0.907095
10,6,8,vit_tiny,cifar10,0.03,8,base.blocks.7,0.897775
10,6,8,vit_tiny,cifar10,0.03,9,base.blocks.8,0.886610
10,6,8,vit_tiny,cifar10,0.03,10,base.blocks.9,0.880110
10,6,8,vit_tiny,cifar10,0.03,11,base.blocks.10,0.871895
10,6,8,vit_tiny,cifar10,0.03,12,base.blocks.11,0.862844
10,6,8,vit_tiny,cifar10,0.03,13,base.norm,0.889612
10,6,8,vit_tiny,cifar10,0.03,14,classifier,0.536643
10,6,9,vit_tiny,cifar10,0.03,0,base.patch_embed,0.803941
10,6,9,vit_tiny,cifar10,0.03,1,base.blocks.0,0.801131
10,6,9,vit_tiny,cifar10,0.03,2,base.blocks.1,0.804221
10,6,9,vit_tiny,cifar10,0.03,3,base.blocks.2,0.801332
10,6,9,vit_tiny,cifar10,0.03,4,base.blocks.3,0.807918
10,6,9,vit_tiny,cifar10,0.03,5,base.blocks.4,0.797247
10,6,9,vit_tiny,cifar10,0.03,6,base.blocks.5,0.784267
10,6,9,vit_tiny,cifar10,0.03,7,base.blocks.6,0.767298
10,6,9,vit_tiny,cifar10,0.03,8,base.blocks.7,0.758151
10,6,9,vit_tiny,cifar10,0.03,9,base.blocks.8,0.738936
10,6,9,vit_tiny,cifar10,0.03,10,base.blocks.9,0.731306
10,6,9,vit_tiny,cifar10,0.03,11,base.blocks.10,0.720718
10,6,9,vit_tiny,cifar10,0.03,12,base.blocks.11,0.700578
10,6,9,vit_tiny,cifar10,0.03,13,base.norm,0.800627
10,6,9,vit_tiny,cifar10,0.03,14,classifier,0.725674
10,7,8,vit_tiny,cifar10,0.03,0,base.patch_embed,0.816154
10,7,8,vit_tiny,cifar10,0.03,1,base.blocks.0,0.818827
10,7,8,vit_tiny,cifar10,0.03,2,base.blocks.1,0.831574
10,7,8,vit_tiny,cifar10,0.03,3,base.blocks.2,0.836828
10,7,8,vit_tiny,cifar10,0.03,4,base.blocks.3,0.839334
10,7,8,vit_tiny,cifar10,0.03,5,base.blocks.4,0.839528
10,7,8,vit_tiny,cifar10,0.03,6,base.blocks.5,0.843242
10,7,8,vit_tiny,cifar10,0.03,7,base.blocks.6,0.849727
10,7,8,vit_tiny,cifar10,0.03,8,base.blocks.7,0.853601
10,7,8,vit_tiny,cifar10,0.03,9,base.blocks.8,0.854179
10,7,8,vit_tiny,cifar10,0.03,10,base.blocks.9,0.856171
10,7,8,vit_tiny,cifar10,0.03,11,base.blocks.10,0.857149
10,7,8,vit_tiny,cifar10,0.03,12,base.blocks.11,0.856463
10,7,8,vit_tiny,cifar10,0.03,13,base.norm,0.853906
10,7,8,vit_tiny,cifar10,0.03,14,classifier,0.469314
10,7,9,vit_tiny,cifar10,0.03,0,base.patch_embed,0.943542
10,7,9,vit_tiny,cifar10,0.03,1,base.blocks.0,0.943928
10,7,9,vit_tiny,cifar10,0.03,2,base.blocks.1,0.944717
10,7,9,vit_tiny,cifar10,0.03,3,base.blocks.2,0.938302
10,7,9,vit_tiny,cifar10,0.03,4,base.blocks.3,0.915629
10,7,9,vit_tiny,cifar10,0.03,5,base.blocks.4,0.906734
10,7,9,vit_tiny,cifar10,0.03,6,base.blocks.5,0.896217
10,7,9,vit_tiny,cifar10,0.03,7,base.blocks.6,0.887191
10,7,9,vit_tiny,cifar10,0.03,8,base.blocks.7,0.872102
10,7,9,vit_tiny,cifar10,0.03,9,base.blocks.8,0.858677
10,7,9,vit_tiny,cifar10,0.03,10,base.blocks.9,0.848610
10,7,9,vit_tiny,cifar10,0.03,11,base.blocks.10,0.836972
10,7,9,vit_tiny,cifar10,0.03,12,base.blocks.11,0.823148
10,7,9,vit_tiny,cifar10,0.03,13,base.norm,0.846550
10,7,9,vit_tiny,cifar10,0.03,14,classifier,0.608095
10,8,9,vit_tiny,cifar10,0.03,0,base.patch_embed,0.907670
10,8,9,vit_tiny,cifar10,0.03,1,base.blocks.0,0.900361
10,8,9,vit_tiny,cifar10,0.03,2,base.blocks.1,0.894456
10,8,9,vit_tiny,cifar10,0.03,3,base.blocks.2,0.885097
10,8,9,vit_tiny,cifar10,0.03,4,base.blocks.3,0.894183
10,8,9,vit_tiny,cifar10,0.03,5,base.blocks.4,0.889561
10,8,9,vit_tiny,cifar10,0.03,6,base.blocks.5,0.887357
10,8,9,vit_tiny,cifar10,0.03,7,base.blocks.6,0.882170
10,8,9,vit_tiny,cifar10,0.03,8,base.blocks.7,0.879748
10,8,9,vit_tiny,cifar10,0.03,9,base.blocks.8,0.874600
10,8,9,vit_tiny,cifar10,0.03,10,base.blocks.9,0.873037
10,8,9,vit_tiny,cifar10,0.03,11,base.blocks.10,0.869199
10,8,9,vit_tiny,cifar10,0.03,12,base.blocks.11,0.859403
10,8,9,vit_tiny,cifar10,0.03,13,base.norm,0.888608
10,8,9,vit_tiny,cifar10,0.03,14,classifier,0.586708
20,0,1,vit_tiny,cifar10,0.03,0,base.patch_embed,0.990167
20,0,1,vit_tiny,cifar10,0.03,1,base.blocks.0,0.903775
20,0,1,vit_tiny,cifar10,0.03,2,base.blocks.1,0.878473
20,0,1,vit_tiny,cifar10,0.03,3,base.blocks.2,0.860303
20,0,1,vit_tiny,cifar10,0.03,4,base.blocks.3,0.878941
20,0,1,vit_tiny,cifar10,0.03,5,base.blocks.4,0.859140
20,0,1,vit_tiny,cifar10,0.03,6,base.blocks.5,0.840482
20,0,1,vit_tiny,cifar10,0.03,7,base.blocks.6,0.822709
20,0,1,vit_tiny,cifar10,0.03,8,base.blocks.7,0.799590
20,0,1,vit_tiny,cifar10,0.03,9,base.blocks.8,0.772498
20,0,1,vit_tiny,cifar10,0.03,10,base.blocks.9,0.747867
20,0,1,vit_tiny,cifar10,0.03,11,base.blocks.10,0.727553
20,0,1,vit_tiny,cifar10,0.03,12,base.blocks.11,0.686861
20,0,1,vit_tiny,cifar10,0.03,13,base.norm,0.803816
20,0,1,vit_tiny,cifar10,0.03,14,classifier,0.392456
20,0,2,vit_tiny,cifar10,0.03,0,base.patch_embed,0.948937
20,0,2,vit_tiny,cifar10,0.03,1,base.blocks.0,0.911838
20,0,2,vit_tiny,cifar10,0.03,2,base.blocks.1,0.895269
20,0,2,vit_tiny,cifar10,0.03,3,base.blocks.2,0.868740
20,0,2,vit_tiny,cifar10,0.03,4,base.blocks.3,0.853463
20,0,2,vit_tiny,cifar10,0.03,5,base.blocks.4,0.838744
20,0,2,vit_tiny,cifar10,0.03,6,base.blocks.5,0.819945
20,0,2,vit_tiny,cifar10,0.03,7,base.blocks.6,0.801246
20,0,2,vit_tiny,cifar10,0.03,8,base.blocks.7,0.775372
20,0,2,vit_tiny,cifar10,0.03,9,base.blocks.8,0.757780
20,0,2,vit_tiny,cifar10,0.03,10,base.blocks.9,0.741109
20,0,2,vit_tiny,cifar10,0.03,11,base.blocks.10,0.721501
20,0,2,vit_tiny,cifar10,0.03,12,base.blocks.11,0.695100
20,0,2,vit_tiny,cifar10,0.03,13,base.norm,0.865102
20,0,2,vit_tiny,cifar10,0.03,14,classifier,0.383012
20,0,3,vit_tiny,cifar10,0.03,0,base.patch_embed,0.979659
20,0,3,vit_tiny,cifar10,0.03,1,base.blocks.0,0.892258
20,0,3,vit_tiny,cifar10,0.03,2,base.blocks.1,0.852849
20,0,3,vit_tiny,cifar10,0.03,3,base.blocks.2,0.824177
20,0,3,vit_tiny,cifar10,0.03,4,base.blocks.3,0.820794
20,0,3,vit_tiny,cifar10,0.03,5,base.blocks.4,0.809686
20,0,3,vit_tiny,cifar10,0.03,6,base.blocks.5,0.794864
20,0,3,vit_tiny,cifar10,0.03,7,base.blocks.6,0.789644
20,0,3,vit_tiny,cifar10,0.03,8,base.blocks.7,0.781363
20,0,3,vit_tiny,cifar10,0.03,9,base.blocks.8,0.779843
20,0,3,vit_tiny,cifar10,0.03,10,base.blocks.9,0.781268
20,0,3,vit_tiny,cifar10,0.03,11,base.blocks.10,0.781190
20,0,3,vit_tiny,cifar10,0.03,12,base.blocks.11,0.780169
20,0,3,vit_tiny,cifar10,0.03,13,base.norm,0.827108
20,0,3,vit_tiny,cifar10,0.03,14,classifier,0.740193
20,0,4,vit_tiny,cifar10,0.03,0,base.patch_embed,0.955410
20,0,4,vit_tiny,cifar10,0.03,1,base.blocks.0,0.892687
20,0,4,vit_tiny,cifar10,0.03,2,base.blocks.1,0.873791
20,0,4,vit_tiny,cifar10,0.03,3,base.blocks.2,0.855435
20,0,4,vit_tiny,cifar10,0.03,4,base.blocks.3,0.841372
20,0,4,vit_tiny,cifar10,0.03,5,base.blocks.4,0.830969
20,0,4,vit_tiny,cifar10,0.03,6,base.blocks.5,0.817581
20,0,4,vit_tiny,cifar10,0.03,7,base.blocks.6,0.806045
20,0,4,vit_tiny,cifar10,0.03,8,base.blocks.7,0.785855
20,0,4,vit_tiny,cifar10,0.03,9,base.blocks.8,0.769084
20,0,4,vit_tiny,cifar10,0.03,10,base.blocks.9,0.747596
20,0,4,vit_tiny,cifar10,0.03,11,base.blocks.10,0.723061
20,0,4,vit_tiny,cifar10,0.03,12,base.blocks.11,0.692725
20,0,4,vit_tiny,cifar10,0.03,13,base.norm,0.779437
20,0,4,vit_tiny,cifar10,0.03,14,classifier,0.641318
20,0,5,vit_tiny,cifar10,0.03,0,base.patch_embed,0.987191
20,0,5,vit_tiny,cifar10,0.03,1,base.blocks.0,0.967891
20,0,5,vit_tiny,cifar10,0.03,2,base.blocks.1,0.962361
20,0,5,vit_tiny,cifar10,0.03,3,base.blocks.2,0.960263
20,0,5,vit_tiny,cifar10,0.03,4,base.blocks.3,0.941352
20,0,5,vit_tiny,cifar10,0.03,5,base.blocks.4,0.934153
20,0,5,vit_tiny,cifar10,0.03,6,base.blocks.5,0.926959
20,0,5,vit_tiny,cifar10,0.03,7,base.blocks.6,0.918150
20,0,5,vit_tiny,cifar10,0.03,8,base.blocks.7,0.904945
20,0,5,vit_tiny,cifar10,0.03,9,base.blocks.8,0.892327
20,0,5,vit_tiny,cifar10,0.03,10,base.blocks.9,0.882176
20,0,5,vit_tiny,cifar10,0.03,11,base.blocks.10,0.868042
20,0,5,vit_tiny,cifar10,0.03,12,base.blocks.11,0.857142
20,0,5,vit_tiny,cifar10,0.03,13,base.norm,0.904429
20,0,5,vit_tiny,cifar10,0.03,14,classifier,0.820136
20,0,6,vit_tiny,cifar10,0.03,0,base.patch_embed,0.921601
20,0,6,vit_tiny,cifar10,0.03,1,base.blocks.0,0.863576
20,0,6,vit_tiny,cifar10,0.03,2,base.blocks.1,0.851165
20,0,6,vit_tiny,cifar10,0.03,3,base.blocks.2,0.846323
20,0,6,vit_tiny,cifar10,0.03,4,base.blocks.3,0.806926
20,0,6,vit_tiny,cifar10,0.03,5,base.blocks.4,0.782940
20,0,6,vit_tiny,cifar10,0.03,6,base.blocks.5,0.756514
20,0,6,vit_tiny,cifar10,0.03,7,base.blocks.6,0.731288
20,0,6,vit_tiny,cifar10,0.03,8,base.blocks.7,0.698841
20,0,6,vit_tiny,cifar10,0.03,9,base.blocks.8,0.662707
20,0,6,vit_tiny,cifar10,0.03,10,base.blocks.9,0.626641
20,0,6,vit_tiny,cifar10,0.03,11,base.blocks.10,0.592134
20,0,6,vit_tiny,cifar10,0.03,12,base.blocks.11,0.557986
20,0,6,vit_tiny,cifar10,0.03,13,base.norm,0.676592
20,0,6,vit_tiny,cifar10,0.03,14,classifier,0.621418
20,0,7,vit_tiny,cifar10,0.03,0,base.patch_embed,0.970668
20,0,7,vit_tiny,cifar10,0.03,1,base.blocks.0,0.988520
20,0,7,vit_tiny,cifar10,0.03,2,base.blocks.1,0.975944
20,0,7,vit_tiny,cifar10,0.03,3,base.blocks.2,0.957994
20,0,7,vit_tiny,cifar10,0.03,4,base.blocks.3,0.937233
20,0,7,vit_tiny,cifar10,0.03,5,base.blocks.4,0.924381
20,0,7,vit_tiny,cifar10,0.03,6,base.blocks.5,0.907752
20,0,7,vit_tiny,cifar10,0.03,7,base.blocks.6,0.890485
20,0,7,vit_tiny,cifar10,0.03,8,base.blocks.7,0.864043
20,0,7,vit_tiny,cifar10,0.03,9,base.blocks.8,0.842112
20,0,7,vit_tiny,cifar10,0.03,10,base.blocks.9,0.816802
20,0,7,vit_tiny,cifar10,0.03,11,base.blocks.10,0.787227
20,0,7,vit_tiny,cifar10,0.03,12,base.blocks.11,0.755470
20,0,7,vit_tiny,cifar10,0.03,13,base.norm,0.865396
20,0,7,vit_tiny,cifar10,0.03,14,classifier,0.684381
20,0,8,vit_tiny,cifar10,0.03,0,base.patch_embed,0.936919
20,0,8,vit_tiny,cifar10,0.03,1,base.blocks.0,0.825761
20,0,8,vit_tiny,cifar10,0.03,2,base.blocks.1,0.782535
20,0,8,vit_tiny,cifar10,0.03,3,base.blocks.2,0.738665
20,0,8,vit_tiny,cifar10,0.03,4,base.blocks.3,0.717384
20,0,8,vit_tiny,cifar10,0.03,5,base.blocks.4,0.693574
20,0,8,vit_tiny,cifar10,0.03,6,base.blocks.5,0.664211
20,0,8,vit_tiny,cifar10,0.03,7,base.blocks.6,0.638965
20,0,8,vit_tiny,cifar10,0.03,8,base.blocks.7,0.608109
20,0,8,vit_tiny,cifar10,0.03,9,base.blocks.8,0.581881
20,0,8,vit_tiny,cifar10,0.03,10,base.blocks.9,0.560146
20,0,8,vit_tiny,cifar10,0.03,11,base.blocks.10,0.537090
20,0,8,vit_tiny,cifar10,0.03,12,base.blocks.11,0.513777
20,0,8,vit_tiny,cifar10,0.03,13,base.norm,0.669740
20,0,8,vit_tiny,cifar10,0.03,14,classifier,0.484034
20,0,9,vit_tiny,cifar10,0.03,0,base.patch_embed,0.995703
20,0,9,vit_tiny,cifar10,0.03,1,base.blocks.0,0.968760
20,0,9,vit_tiny,cifar10,0.03,2,base.blocks.1,0.951392
20,0,9,vit_tiny,cifar10,0.03,3,base.blocks.2,0.934116
20,0,9,vit_tiny,cifar10,0.03,4,base.blocks.3,0.919070
20,0,9,vit_tiny,cifar10,0.03,5,base.blocks.4,0.907323
20,0,9,vit_tiny,cifar10,0.03,6,base.blocks.5,0.893156
20,0,9,vit_tiny,cifar10,0.03,7,base.blocks.6,0.880292
20,0,9,vit_tiny,cifar10,0.03,8,base.blocks.7,0.860834
20,0,9,vit_tiny,cifar10,0.03,9,base.blocks.8,0.844832
20,0,9,vit_tiny,cifar10,0.03,10,base.blocks.9,0.830904
20,0,9,vit_tiny,cifar10,0.03,11,base.blocks.10,0.814994
20,0,9,vit_tiny,cifar10,0.03,12,base.blocks.11,0.792929
20,0,9,vit_tiny,cifar10,0.03,13,base.norm,0.890592
20,0,9,vit_tiny,cifar10,0.03,14,classifier,0.671027
20,1,2,vit_tiny,cifar10,0.03,0,base.patch_embed,0.904234
20,1,2,vit_tiny,cifar10,0.03,1,base.blocks.0,0.828868
20,1,2,vit_tiny,cifar10,0.03,2,base.blocks.1,0.808669
20,1,2,vit_tiny,cifar10,0.03,3,base.blocks.2,0.795528
20,1,2,vit_tiny,cifar10,0.03,4,base.blocks.3,0.839499
20,1,2,vit_tiny,cifar10,0.03,5,base.blocks.4,0.840786
20,1,2,vit_tiny,cifar10,0.03,6,base.blocks.5,0.839693
20,1,2,vit_tiny,cifar10,0.03,7,base.blocks.6,0.843245
20,1,2,vit_tiny,cifar10,0.03,8,base.blocks.7,0.845433
20,1,2,vit_tiny,cifar10,0.03,9,base.blocks.8,0.850225
20,1,2,vit_tiny,cifar10,0.03,10,base.blocks.9,0.859339
20,1,2,vit_tiny,cifar10,0.03,11,base.blocks.10,0.871928
20,1,2,vit_tiny,cifar10,0.03,12,base.blocks.11,0.878415
20,1,2,vit_tiny,cifar10,0.03,13,base.norm,0.865202
20,1,2,vit_tiny,cifar10,0.03,14,classifier,0.837473
20,1,3,vit_tiny,cifar10,0.03,0,base.patch_embed,0.979098
20,1,3,vit_tiny,cifar10,0.03,1,base.blocks.0,0.979075
20,1,3,vit_tiny,cifar10,0.03,2,base.blocks.1,0.973965
20,1,3,vit_tiny,cifar10,0.03,3,base.blocks.2,0.970692
20,1,3,vit_tiny,cifar10,0.03,4,base.blocks.3,0.959440
20,1,3,vit_tiny,cifar10,0.03,5,base.blocks.4,0.950346
20,1,3,vit_tiny,cifar10,0.03,6,base.blocks.5,0.936537
20,1,3,vit_tiny,cifar10,0.03,7,base.blocks.6,0.916339
20,1,3,vit_tiny,cifar10,0.03,8,base.blocks.7,0.888301
20,1,3,vit_tiny,cifar10,0.03,9,base.blocks.8,0.861612
20,1,3,vit_tiny,cifar10,0.03,10,base.blocks.9,0.839316
20,1,3,vit_tiny,cifar10,0.03,11,base.blocks.10,0.815187
20,1,3,vit_tiny,cifar10,0.03,12,base.blocks.11,0.792519
20,1,3,vit_tiny,cifar10,0.03,13,base.norm,0.888466
20,1,3,vit_tiny,cifar10,0.03,14,classifier,0.323788
20,1,4,vit_tiny,cifar10,0.03,0,base.patch_embed,0.951530
20,1,4,vit_tiny,cifar10,0.03,1,base.blocks.0,0.970946
20,1,4,vit_tiny,cifar10,0.03,2,base.blocks.1,0.965631
20,1,4,vit_tiny,cifar10,0.03,3,base.blocks.2,0.959791
20,1,4,vit_tiny,cifar10,0.03,4,base.blocks.3,0.945952
20,1,4,vit_tiny,cifar10,0.03,5,base.blocks.4,0.932643
20,1,4,vit_tiny,cifar10,0.03,6,base.blocks.5,0.912655
20,1,4,vit_tiny,cifar10,0.03,7,base.blocks.6,0.884887
20,1,4,vit_tiny,cifar10,0.03,8,base.blocks.7,0.848811
20,1,4,vit_tiny,cifar10,0.03,9,base.blocks.8,0.810034
20,1,4,vit_tiny,cifar10,0.03,10,base.blocks.9,0.775849
20,1,4,vit_tiny,cifar10,0.03,11,base.blocks.10,0.734885
20,1,4,vit_tiny,cifar10,0.03,12,base.blocks.11,0.689290
20,1,4,vit_tiny,cifar10,0.03,13,base.norm,0.785475
20,1,4,vit_tiny,cifar10,0.03,14,classifier,0.195367
20,1,5,vit_tiny,cifar10,0.03,0,base.patch_embed,0.994162
20,1,5,vit_tiny,cifar10,0.03,1,base.blocks.0,0.968290
20,1,5,vit_tiny,cifar10,0.03,2,base.blocks.1,0.960953
20,1,5,vit_tiny,cifar10,0.03,3,base.blocks.2,0.953242
20,1,5,vit_tiny,cifar10,0.03,4,base.blocks.3,0.944378
20,1,5,vit_tiny,cifar10,0.03,5,base.blocks.4,0.925370
20,1,5,vit_tiny,cifar10,0.03,6,base.blocks.5,0.906788
20,1,5,vit_tiny,cifar10,0.03,7,base.blocks.6,0.882114
20,1,5,vit_tiny,cifar10,0.03,8,base.blocks.7,0.852740
20,1,5,vit_tiny,cifar10,0.03,9,base.blocks.8,0.820794
20,1,5,vit_tiny,cifar10,0.03,10,base.blocks.9,0.793283
20,1,5,vit_tiny,cifar10,0.03,11,base.blocks.10,0.763504
20,1,5,vit_tiny,cifar10,0.03,12,base.blocks.11,0.726829
20,1,5,vit_tiny,cifar10,0.03,13,base.norm,0.823866
20,1,5,vit_tiny,cifar10,0.03,14,classifier,0.257454
20,1,6,vit_tiny,cifar10,0.03,0,base.patch_embed,0.952091
20,1,6,vit_tiny,cifar10,0.03,1,base.blocks.0,0.946940
20,1,6,vit_tiny,cifar10,0.03,2,base.blocks.1,0.937064
20,1,6,vit_tiny,cifar10,0.03,3,base.blocks.2,0.933243
20,1,6,vit_tiny,cifar10,0.03,4,base.blocks.3,0.869166
20,1,6,vit_tiny,cifar10,0.03,5,base.blocks.4,0.833343
20,1,6,vit_tiny,cifar10,0.03,6,base.blocks.5,0.799247
20,1,6,vit_tiny,cifar10,0.03,7,base.blocks.6,0.756073
20,1,6,vit_tiny,cifar10,0.03,8,base.blocks.7,0.707976
20,1,6,vit_tiny,cifar10,0.03,9,base.blocks.8,0.657257
20,1,6,vit_tiny,cifar10,0.03,10,base.blocks.9,0.608057
20,1,6,vit_tiny,cifar10,0.03,11,base.blocks.10,0.557357
20,1,6,vit_tiny,cifar10,0.03,12,base.blocks.11,0.509774
20,1,6,vit_tiny,cifar10,0.03,13,base.norm,0.680760
20,1,6,vit_tiny,cifar10,0.03,14,classifier,0.147514
20,1,7,vit_tiny,cifar10,0.03,0,base.patch_embed,0.970328
20,1,7,vit_tiny,cifar10,0.03,1,base.blocks.0,0.918896
20,1,7,vit_tiny,cifar10,0.03,2,base.blocks.1,0.913352
20,1,7,vit_tiny,cifar10,0.03,3,base.blocks.2,0.899423
20,1,7,vit_tiny,cifar10,0.03,4,base.blocks.3,0.924029
20,1,7,vit_tiny,cifar10,0.03,5,base.blocks.4,0.911345
20,1,7,vit_tiny,cifar10,0.03,6,base.blocks.5,0.895796
20,1,7,vit_tiny,cifar10,0.03,7,base.blocks.6,0.880897
20,1,7,vit_tiny,cifar10,0.03,8,base.blocks.7,0.859261
20,1,7,vit_tiny,cifar10,0.03,9,base.blocks.8,0.839402
20,1,7,vit_tiny,cifar10,0.03,10,base.blocks.9,0.822308
20,1,7,vit_tiny,cifar10,0.03,11,base.blocks.10,0.809023
20,1,7,vit_tiny,cifar10,0.03,12,base.blocks.11,0.787811
20,1,7,vit_tiny,cifar10,0.03,13,base.norm,0.859972
20,1,7,vit_tiny,cifar10,0.03,14,classifier,0.295729
20,1,8,vit_tiny,cifar10,0.03,0,base.patch_embed,0.936064
20,1,8,vit_tiny,cifar10,0.03,1,base.blocks.0,0.956559
20,1,8,vit_tiny,cifar10,0.03,2,base.blocks.1,0.944199
20,1,8,vit_tiny,cifar10,0.03,3,base.blocks.2,0.938020
20,1,8,vit_tiny,cifar10,0.03,4,base.blocks.3,0.916074
20,1,8,vit_tiny,cifar10,0.03,5,base.blocks.4,0.910637
20,1,8,vit_tiny,cifar10,0.03,6,base.blocks.5,0.897453
20,1,8,vit_tiny,cifar10,0.03,7,base.blocks.6,0.876935
20,1,8,vit_tiny,cifar10,0.03,8,base.blocks.7,0.847885
20,1,8,vit_tiny,cifar10,0.03,9,base.blocks.8,0.817928
20,1,8,vit_tiny,cifar10,0.03,10,base.blocks.9,0.785805
20,1,8,vit_tiny,cifar10,0.03,11,base.blocks.10,0.747850
20,1,8,vit_tiny,cifar10,0.03,12,base.blocks.11,0.709575
20,1,8,vit_tiny,cifar10,0.03,13,base.norm,0.827156
20,1,8,vit_tiny,cifar10,0.03,14,classifier,0.187001
20,1,9,vit_tiny,cifar10,0.03,0,base.patch_embed,0.981497
20,1,9,vit_tiny,cifar10,0.03,1,base.blocks.0,0.938830
20,1,9,vit_tiny,cifar10,0.03,2,base.blocks.1,0.929023
20,1,9,vit_tiny,cifar10,0.03,3,base.blocks.2,0.921581
20,1,9,vit_tiny,cifar10,0.03,4,base.blocks.3,0.941753
20,1,9,vit_tiny,cifar10,0.03,5,base.blocks.4,0.937782
20,1,9,vit_tiny,cifar10,0.03,6,base.blocks.5,0.932719
20,1,9,vit_tiny,cifar10,0.03,7,base.blocks.6,0.928598
20,1,9,vit_tiny,cifar10,0.03,8,base.blocks.7,0.919285
20,1,9,vit_tiny,cifar10,0.03,9,base.blocks.8,0.912229
20,1,9,vit_tiny,cifar10,0.03,10,base.blocks.9,0.906267
20,1,9,vit_tiny,cifar10,0.03,11,base.blocks.10,0.901430
20,1,9,vit_tiny,cifar10,0.03,12,base.blocks.11,0.892681
20,1,9,vit_tiny,cifar10,0.03,13,base.norm,0.868272
20,1,9,vit_tiny,cifar10,0.03,14,classifier,0.337388
20,2,3,vit_tiny,cifar10,0.03,0,base.patch_embed,0.930329
20,2,3,vit_tiny,cifar10,0.03,1,base.blocks.0,0.893278
20,2,3,vit_tiny,cifar10,0.03,2,base.blocks.1,0.873595
20,2,3,vit_tiny,cifar10,0.03,3,base.blocks.2,0.858332
20,2,3,vit_tiny,cifar10,0.03,4,base.blocks.3,0.841973
20,2,3,vit_tiny,cifar10,0.03,5,base.blocks.4,0.836338
20,2,3,vit_tiny,cifar10,0.03,6,base.blocks.5,0.828033
20,2,3,vit_tiny,cifar10,0.03,7,base.blocks.6,0.819396
20,2,3,vit_tiny,cifar10,0.03,8,base.blocks.7,0.808185
20,2,3,vit_tiny,cifar10,0.03,9,base.blocks.8,0.790746
20,2,3,vit_tiny,cifar10,0.03,10,base.blocks.9,0.775060
20,2,3,vit_tiny,cifar10,0.03,11,base.blocks.10,0.754425
20,2,3,vit_tiny,cifar10,0.03,12,base.blocks.11,0.734514
20,2,3,vit_tiny,cifar10,0.03,13,base.norm,0.817388
20,2,3,vit_tiny,cifar10,0.03,14,classifier,0.302478
20,2,4,vit_tiny,cifar10,0.03,0,base.patch_embed,0.923431
20,2,4,vit_tiny,cifar10,0.03,1,base.blocks.0,0.895054
20,2,4,vit_tiny,cifar10,0.03,2,base.blocks.1,0.889782
20,2,4,vit_tiny,cifar10,0.03,3,base.blocks.2,0.880503
20,2,4,vit_tiny,cifar10,0.03,4,base.blocks.3,0.869352
20,2,4,vit_tiny,cifar10,0.03,5,base.blocks.4,0.862387
20,2,4,vit_tiny,cifar10,0.03,6,base.blocks.5,0.852903
20,2,4,vit_tiny,cifar10,0.03,7,base.blocks.6,0.840078
20,2,4,vit_tiny,cifar10,0.03,8,base.blocks.7,0.823934
20,2,4,vit_tiny,cifar10,0.03,9,base.blocks.8,0.802243
20,2,4,vit_tiny,cifar10,0.03,10,base.blocks.9,0.773929
20,2,4,vit_tiny,cifar10,0.03,11,base.blocks.10,0.735569
20,2,4,vit_tiny,cifar10,0.03,12,base.blocks.11,0.692632
20,2,4,vit_tiny,cifar10,0.03,13,base.norm,0.760682
20,2,4,vit_tiny,cifar10,0.03,14,classifier,0.197241
20,2,5,vit_tiny,cifar10,0.03,0,base.patch_embed,0.897571
20,2,5,vit_tiny,cifar10,0.03,1,base.blocks.0,0.883342
20,2,5,vit_tiny,cifar10,0.03,2,base.blocks.1,0.882428
20,2,5,vit_tiny,cifar10,0.03,3,base.blocks.2,0.871498
20,2,5,vit_tiny,cifar10,0.03,4,base.blocks.3,0.851203
20,2,5,vit_tiny,cifar10,0.03,5,base.blocks.4,0.840388
20,2,5,vit_tiny,cifar10,0.03,6,base.blocks.5,0.828282
20,2,5,vit_tiny,cifar10,0.03,7,base.blocks.6,0.812602
20,2,5,vit_tiny,cifar10,0.03,8,base.blocks.7,0.793627
20,2,5,vit_tiny,cifar10,0.03,9,base.blocks.8,0.773208
20,2,5,vit_tiny,cifar10,0.03,10,base.blocks.9,0.753869
20,2,5,vit_tiny,cifar10,0.03,11,base.blocks.10,0.728043
20,2,5,vit_tiny,cifar10,0.03,12,base.blocks.11,0.700963
20,2,5,vit_tiny,cifar10,0.03,13,base.norm,0.842069
20,2,5,vit_tiny,cifar10,0.03,14,classifier,0.267411
20,2,6,vit_tiny,cifar10,0.03,0,base.patch_embed,0.776912
20,2,6,vit_tiny,cifar10,0.03,1,base.blocks.0,0.731414
20,2,6,vit_tiny,cifar10,0.03,2,base.blocks.1,0.717431
20,2,6,vit_tiny,cifar10,0.03,3,base.blocks.2,0.705459
20,2,6,vit_tiny,cifar10,0.03,4,base.blocks.3,0.640448
20,2,6,vit_tiny,cifar10,0.03,5,base.blocks.4,0.615603
20,2,6,vit_tiny,cifar10,0.03,6,base.blocks.5,0.589745
20,2,6,vit_tiny,cifar10,0.03,7,base.blocks.6,0.563344
20,2,6,vit_tiny,cifar10,0.03,8,base.blocks.7,0.538892
20,2,6,vit_tiny,cifar10,0.03,9,base.blocks.8,0.511792
20,2,6,vit_tiny,cifar10,0.03,10,base.blocks.9,0.482893
20,2,6,vit_tiny,cifar10,0.03,11,base.blocks.10,0.451718
20,2,6,vit_tiny,cifar10,0.03,12,base.blocks.11,0.421911
20,2,6,vit_tiny,cifar10,0.03,13,base.norm,0.603145
20,2,6,vit_tiny,cifar10,0.03,14,classifier,0.142652
20,2,7,vit_tiny,cifar10,0.03,0,base.patch_embed,0.888201
20,2,7,vit_tiny,cifar10,0.03,1,base.blocks.0,0.917413
20,2,7,vit_tiny,cifar10,0.03,2,base.blocks.1,0.930370
20,2,7,vit_tiny,cifar10,0.03,3,base.blocks.2,0.937487
20,2,7,vit_tiny,cifar10,0.03,4,base.blocks.3,0.921591
20,2,7,vit_tiny,cifar10,0.03,5,base.blocks.4,0.921319
20,2,7,vit_tiny,cifar10,0.03,6,base.blocks.5,0.919450
20,2,7,vit_tiny,cifar10,0.03,7,base.blocks.6,0.911263
20,2,7,vit_tiny,cifar10,0.03,8,base.blocks.7,0.900285
20,2,7,vit_tiny,cifar10,0.03,9,base.blocks.8,0.886339
20,2,7,vit_tiny,cifar10,0.03,10,base.blocks.9,0.867321
20,2,7,vit_tiny,cifar10,0.03,11,base.blocks.10,0.843455
20,2,7,vit_tiny,cifar10,0.03,12,base.blocks.11,0.815653
20,2,7,vit_tiny,cifar10,0.03,13,base.norm,0.885477
20,2,7,vit_tiny,cifar10,0.03,14,classifier,0.313267
20,2,8,vit_tiny,cifar10,0.03,0,base.patch_embed,0.898468
20,2,8,vit_tiny,cifar10,0.03,1,base.blocks.0,0.856815
20,2,8,vit_tiny,cifar10,0.03,2,base.blocks.1,0.842162
20,2,8,vit_tiny,cifar10,0.03,3,base.blocks.2,0.824043
20,2,8,vit_tiny,cifar10,0.03,4,base.blocks.3,0.816535
20,2,8,vit_tiny,cifar10,0.03,5,base.blocks.4,0.806783
20,2,8,vit_tiny,cifar10,0.03,6,base.blocks.5,0.796906
20,2,8,vit_tiny,cifar10,0.03,7,base.blocks.6,0.783910
20,2,8,vit_tiny,cifar10,0.03,8,base.blocks.7,0.771262
20,2,8,vit_tiny,cifar10,0.03,9,base.blocks.8,0.753307
20,2,8,vit_tiny,cifar10,0.03,10,base.blocks.9,0.730527
20,2,8,vit_tiny,cifar10,0.03,11,base.blocks.10,0.702926
20,2,8,vit_tiny,cifar10,0.03,12,base.blocks.11,0.672463
20,2,8,vit_tiny,cifar10,0.03,13,base.norm,0.768847
20,2,8,vit_tiny,cifar10,0.03,14,classifier,0.271757
20,2,9,vit_tiny,cifar10,0.03,0,base.patch_embed,0.960489
20,2,9,vit_tiny,cifar10,0.03,1,base.blocks.0,0.956869
20,2,9,vit_tiny,cifar10,0.03,2,base.blocks.1,0.954707
20,2,9,vit_tiny,cifar10,0.03,3,base.blocks.2,0.951074
20,2,9,vit_tiny,cifar10,0.03,4,base.blocks.3,0.951527
20,2,9,vit_tiny,cifar10,0.03,5,base.blocks.4,0.951566
20,2,9,vit_tiny,cifar10,0.03,6,base.blocks.5,0.949509
20,2,9,vit_tiny,cifar10,0.03,7,base.blocks.6,0.949431
20,2,9,vit_tiny,cifar10,0.03,8,base.blocks.7,0.948418
20,2,9,vit_tiny,cifar10,0.03,9,base.blocks.8,0.947380
20,2,9,vit_tiny,cifar10,0.03,10,base.blocks.9,0.948508
20,2,9,vit_tiny,cifar10,0.03,11,base.blocks.10,0.947987
20,2,9,vit_tiny,cifar10,0.03,12,base.blocks.11,0.948758
20,2,9,vit_tiny,cifar10,0.03,13,base.norm,0.950567
20,2,9,vit_tiny,cifar10,0.03,14,classifier,0.420715
20,3,4,vit_tiny,cifar10,0.03,0,base.patch_embed,0.991824
20,3,4,vit_tiny,cifar10,0.03,1,base.blocks.0,0.995371
20,3,4,vit_tiny,cifar10,0.03,2,base.blocks.1,0.992206
20,3,4,vit_tiny,cifar10,0.03,3,base.blocks.2,0.988908
20,3,4,vit_tiny,cifar10,0.03,4,base.blocks.3,0.983266
20,3,4,vit_tiny,cifar10,0.03,5,base.blocks.4,0.981069
20,3,4,vit_tiny,cifar10,0.03,6,base.blocks.5,0.977843
20,3,4,vit_tiny,cifar10,0.03,7,base.blocks.6,0.974350
20,3,4,vit_tiny,cifar10,0.03,8,base.blocks.7,0.967507
20,3,4,vit_tiny,cifar10,0.03,9,base.blocks.8,0.957653
20,3,4,vit_tiny,cifar10,0.03,10,base.blocks.9,0.945270
20,3,4,vit_tiny,cifar10,0.03,11,base.blocks.10,0.930342
20,3,4,vit_tiny,cifar10,0.03,12,base.blocks.11,0.909002
20,3,4,vit_tiny,cifar10,0.03,13,base.norm,0.911444
20,3,4,vit_tiny,cifar10,0.03,14,classifier,0.703308
20,3,5,vit_tiny,cifar10,0.03,0,base.patch_embed,0.983034
20,3,5,vit_tiny,cifar10,0.03,1,base.blocks.0,0.954346
20,3,5,vit_tiny,cifar10,0.03,2,base.blocks.1,0.943860
20,3,5,vit_tiny,cifar10,0.03,3,base.blocks.2,0.932748
20,3,5,vit_tiny,cifar10,0.03,4,base.blocks.3,0.942097
20,3,5,vit_tiny,cifar10,0.03,5,base.blocks.4,0.936861
20,3,5,vit_tiny,cifar10,0.03,6,base.blocks.5,0.930058
20,3,5,vit_tiny,cifar10,0.03,7,base.blocks.6,0.928332
20,3,5,vit_tiny,cifar10,0.03,8,base.blocks.7,0.924355
20,3,5,vit_tiny,cifar10,0.03,9,base.blocks.8,0.923151
20,3,5,vit_tiny,cifar10,0.03,10,base.blocks.9,0.924334
20,3,5,vit_tiny,cifar10,0.03,11,base.blocks.10,0.924607
20,3,5,vit_tiny,cifar10,0.03,12,base.blocks.11,0.923451
20,3,5,vit_tiny,cifar10,0.03,13,base.norm,0.917787
20,3,5,vit_tiny,cifar10,0.03,14,classifier,0.805849
20,3,6,vit_tiny,cifar10,0.03,0,base.patch_embed,0.938139
20,3,6,vit_tiny,cifar10,0.03,1,base.blocks.0,0.905055
20,3,6,vit_tiny,cifar10,0.03,2,base.blocks.1,0.890099
20,3,6,vit_tiny,cifar10,0.03,3,base.blocks.2,0.884542
20,3,6,vit_tiny,cifar10,0.03,4,base.blocks.3,0.868225
20,3,6,vit_tiny,cifar10,0.03,5,base.blocks.4,0.855723
20,3,6,vit_tiny,cifar10,0.03,6,base.blocks.5,0.844548
20,3,6,vit_tiny,cifar10,0.03,7,base.blocks.6,0.832811
20,3,6,vit_tiny,cifar10,0.03,8,base.blocks.7,0.819450
20,3,6,vit_tiny,cifar10,0.03,9,base.blocks.8,0.806773
20,3,6,vit_tiny,cifar10,0.03,10,base.blocks.9,0.788809
20,3,6,vit_tiny,cifar10,0.03,11,base.blocks.10,0.767562
20,3,6,vit_tiny,cifar10,0.03,12,base.blocks.11,0.744771
20,3,6,vit_tiny,cifar10,0.03,13,base.norm,0.800425
20,3,6,vit_tiny,cifar10,0.03,14,classifier,0.573529
20,3,7,vit_tiny,cifar10,0.03,0,base.patch_embed,0.914078
20,3,7,vit_tiny,cifar10,0.03,1,base.blocks.0,0.910101
20,3,7,vit_tiny,cifar10,0.03,2,base.blocks.1,0.910733
20,3,7,vit_tiny,cifar10,0.03,3,base.blocks.2,0.909574
20,3,7,vit_tiny,cifar10,0.03,4,base.blocks.3,0.926545
20,3,7,vit_tiny,cifar10,0.03,5,base.blocks.4,0.926402
20,3,7,vit_tiny,cifar10,0.03,6,base.blocks.5,0.921823
20,3,7,vit_tiny,cifar10,0.03,7,base.blocks.6,0.922377
20,3,7,vit_tiny,cifar10,0.03,8,base.blocks.7,0.917819
20,3,7,vit_tiny,cifar10,0.03,9,base.blocks.8,0.911396
20,3,7,vit_tiny,cifar10,0.03,10,base.blocks.9,0.906875
20,3,7,vit_tiny,cifar10,0.03,11,base.blocks.10,0.898342
20,3,7,vit_tiny,cifar10,0.03,12,base.blocks.11,0.890876
20,3,7,vit_tiny,cifar10,0.03,13,base.norm,0.923805
20,3,7,vit_tiny,cifar10,0.03,14,classifier,0.656232
20,3,8,vit_tiny,cifar10,0.03,0,base.patch_embed,0.985820
20,3,8,vit_tiny,cifar10,0.03,1,base.blocks.0,0.986325
20,3,8,vit_tiny,cifar10,0.03,2,base.blocks.1,0.983249
20,3,8,vit_tiny,cifar10,0.03,3,base.blocks.2,0.978976
20,3,8,vit_tiny,cifar10,0.03,4,base.blocks.3,0.964917
20,3,8,vit_tiny,cifar10,0.03,5,base.blocks.4,0.959343
20,3,8,vit_tiny,cifar10,0.03,6,base.blocks.5,0.953559
20,3,8,vit_tiny,cifar10,0.03,7,base.blocks.6,0.943416
20,3,8,vit_tiny,cifar10,0.03,8,base.blocks.7,0.929067
20,3,8,vit_tiny,cifar10,0.03,9,base.blocks.8,0.911105
20,3,8,vit_tiny,cifar10,0.03,10,base.blocks.9,0.890483
20,3,8,vit_tiny,cifar10,0.03,11,base.blocks.10,0.866269
20,3,8,vit_tiny,cifar10,0.03,12,base.blocks.11,0.836862
20,3,8,vit_tiny,cifar10,0.03,13,base.norm,0.893356
20,3,8,vit_tiny,cifar10,0.03,14,classifier,0.449289
20,3,9,vit_tiny,cifar10,0.03,0,base.patch_embed,0.970189
20,3,9,vit_tiny,cifar10,0.03,1,base.blocks.0,0.955145
20,3,9,vit_tiny,cifar10,0.03,2,base.blocks.1,0.945180
20,3,9,vit_tiny,cifar10,0.03,3,base.blocks.2,0.934658
20,3,9,vit_tiny,cifar10,0.03,4,base.blocks.3,0.930855
20,3,9,vit_tiny,cifar10,0.03,5,base.blocks.4,0.922562
20,3,9,vit_tiny,cifar10,0.03,6,base.blocks.5,0.910230
20,3,9,vit_tiny,cifar10,0.03,7,base.blocks.6,0.899495
20,3,9,vit_tiny,cifar10,0.03,8,base.blocks.7,0.882440
20,3,9,vit_tiny,cifar10,0.03,9,base.blocks.8,0.864012
20,3,9,vit_tiny,cifar10,0.03,10,base.blocks.9,0.845697
20,3,9,vit_tiny,cifar10,0.03,11,base.blocks.10,0.824774
20,3,9,vit_tiny,cifar10,0.03,12,base.blocks.11,0.805059
20,3,9,vit_tiny,cifar10,0.03,13,base.norm,0.851364
20,3,9,vit_tiny,cifar10,0.03,14,classifier,0.524605
20,4,5,vit_tiny,cifar10,0.03,0,base.patch_embed,0.955157
20,4,5,vit_tiny,cifar10,0.03,1,base.blocks.0,0.943819
20,4,5,vit_tiny,cifar10,0.03,2,base.blocks.1,0.945994
20,4,5,vit_tiny,cifar10,0.03,3,base.blocks.2,0.941751
20,4,5,vit_tiny,cifar10,0.03,4,base.blocks.3,0.934589
20,4,5,vit_tiny,cifar10,0.03,5,base.blocks.4,0.929227
20,4,5,vit_tiny,cifar10,0.03,6,base.blocks.5,0.923428
20,4,5,vit_tiny,cifar10,0.03,7,base.blocks.6,0.920340
20,4,5,vit_tiny,cifar10,0.03,8,base.blocks.7,0.913369
20,4,5,vit_tiny,cifar10,0.03,9,base.blocks.8,0.907804
20,4,5,vit_tiny,cifar10,0.03,10,base.blocks.9,0.899673
20,4,5,vit_tiny,cifar10,0.03,11,base.blocks.10,0.893711
20,4,5,vit_tiny,cifar10,0.03,12,base.blocks.11,0.883831
20,4,5,vit_tiny,cifar10,0.03,13,base.norm,0.905701
20,4,5,vit_tiny,cifar10,0.03,14,classifier,0.845683
20,4,6,vit_tiny,cifar10,0.03,0,base.patch_embed,0.904107
20,4,6,vit_tiny,cifar10,0.03,1,base.blocks.0,0.878597
20,4,6,vit_tiny,cifar10,0.03,2,base.blocks.1,0.870250
20,4,6,vit_tiny,cifar10,0.03,3,base.blocks.2,0.869630
20,4,6,vit_tiny,cifar10,0.03,4,base.blocks.3,0.832100
20,4,6,vit_tiny,cifar10,0.03,5,base.blocks.4,0.821855
20,4,6,vit_tiny,cifar10,0.03,6,base.blocks.5,0.813197
20,4,6,vit_tiny,cifar10,0.03,7,base.blocks.6,0.806284
20,4,6,vit_tiny,cifar10,0.03,8,base.blocks.7,0.801220
20,4,6,vit_tiny,cifar10,0.03,9,base.blocks.8,0.795119
20,4,6,vit_tiny,cifar10,0.03,10,base.blocks.9,0.782000
20,4,6,vit_tiny,cifar10,0.03,11,base.blocks.10,0.774013
20,4,6,vit_tiny,cifar10,0.03,12,base.blocks.11,0.764047
20,4,6,vit_tiny,cifar10,0.03,13,base.norm,0.831336
20,4,6,vit_tiny,cifar10,0.03,14,classifier,0.794239
20,4,7,vit_tiny,cifar10,0.03,0,base.patch_embed,0.866614
20,4,7,vit_tiny,cifar10,0.03,1,base.blocks.0,0.906721
20,4,7,vit_tiny,cifar10,0.03,2,base.blocks.1,0.926309
20,4,7,vit_tiny,cifar10,0.03,3,base.blocks.2,0.932572
20,4,7,vit_tiny,cifar10,0.03,4,base.blocks.3,0.947280
20,4,7,vit_tiny,cifar10,0.03,5,base.blocks.4,0.947146
20,4,7,vit_tiny,cifar10,0.03,6,base.blocks.5,0.943992
20,4,7,vit_tiny,cifar10,0.03,7,base.blocks.6,0.941036
20,4,7,vit_tiny,cifar10,0.03,8,base.blocks.7,0.934109
20,4,7,vit_tiny,cifar10,0.03,9,base.blocks.8,0.925943
20,4,7,vit_tiny,cifar10,0.03,10,base.blocks.9,0.918287
20,4,7,vit_tiny,cifar10,0.03,11,base.blocks.10,0.906127
20,4,7,vit_tiny,cifar10,0.03,12,base.blocks.11,0.895440
20,4,7,vit_tiny,cifar10,0.03,13,base.norm,0.898800
20,4,7,vit_tiny,cifar10,0.03,14,classifier,0.676148
20,4,8,vit_tiny,cifar10,0.03,0,base.patch_embed,0.994641
20,4,8,vit_tiny,cifar10,0.03,1,base.blocks.0,0.979763
20,4,8,vit_tiny,cifar10,0.03,2,base.blocks.1,0.966903
20,4,8,vit_tiny,cifar10,0.03,3,base.blocks.2,0.956876
20,4,8,vit_tiny,cifar10,0.03,4,base.blocks.3,0.938916
20,4,8,vit_tiny,cifar10,0.03,5,base.blocks.4,0.930011
20,4,8,vit_tiny,cifar10,0.03,6,base.blocks.5,0.919105
20,4,8,vit_tiny,cifar10,0.03,7,base.blocks.6,0.907550
20,4,8,vit_tiny,cifar10,0.03,8,base.blocks.7,0.891454
20,4,8,vit_tiny,cifar10,0.03,9,base.blocks.8,0.872838
20,4,8,vit_tiny,cifar10,0.03,10,base.blocks.9,0.852038
20,4,8,vit_tiny,cifar10,0.03,11,base.blocks.10,0.827707
20,4,8,vit_tiny,cifar10,0.03,12,base.blocks.11,0.794662
20,4,8,vit_tiny,cifar10,0.03,13,base.norm,0.825409
20,4,8,vit_tiny,cifar10,0.03,14,classifier,0.507212
20,4,9,vit_tiny,cifar10,0.03,0,base.patch_embed,0.949835
20,4,9,vit_tiny,cifar10,0.03,1,base.blocks.0,0.954060
20,4,9,vit_tiny,cifar10,0.03,2,base.blocks.1,0.951449
20,4,9,vit_tiny,cifar10,0.03,3,base.blocks.2,0.942510
20,4,9,vit_tiny,cifar10,0.03,4,base.blocks.3,0.935005
20,4,9,vit_tiny,cifar10,0.03,5,base.blocks.4,0.923129
20,4,9,vit_tiny,cifar10,0.03,6,base.blocks.5,0.905828
20,4,9,vit_tiny,cifar10,0.03,7,base.blocks.6,0.889516
20,4,9,vit_tiny,cifar10,0.03,8,base.blocks.7,0.865135
20,4,9,vit_tiny,cifar10,0.03,9,base.blocks.8,0.838816
20,4,9,vit_tiny,cifar10,0.03,10,base.blocks.9,0.808111
20,4,9,vit_tiny,cifar10,0.03,11,base.blocks.10,0.771480
20,4,9,vit_tiny,cifar10,0.03,12,base.blocks.11,0.730820
20,4,9,vit_tiny,cifar10,0.03,13,base.norm,0.781539
20,4,9,vit_tiny,cifar10,0.03,14,classifier,0.653873
20,5,6,vit_tiny,cifar10,0.03,0,base.patch_embed,0.971253
20,5,6,vit_tiny,cifar10,0.03,1,base.blocks.0,0.954987
20,5,6,vit_tiny,cifar10,0.03,2,base.blocks.1,0.947185
20,5,6,vit_tiny,cifar10,0.03,3,base.blocks.2,0.943610
20,5,6,vit_tiny,cifar10,0.03,4,base.blocks.3,0.923743
20,5,6,vit_tiny,cifar10,0.03,5,base.blocks.4,0.913617
20,5,6,vit_tiny,cifar10,0.03,6,base.blocks.5,0.902992
20,5,6,vit_tiny,cifar10,0.03,7,base.blocks.6,0.892296
20,5,6,vit_tiny,cifar10,0.03,8,base.blocks.7,0.880449
20,5,6,vit_tiny,cifar10,0.03,9,base.blocks.8,0.867486
20,5,6,vit_tiny,cifar10,0.03,10,base.blocks.9,0.850771
20,5,6,vit_tiny,cifar10,0.03,11,base.blocks.10,0.837340
20,5,6,vit_tiny,cifar10,0.03,12,base.blocks.11,0.820268
20,5,6,vit_tiny,cifar10,0.03,13,base.norm,0.853232
20,5,6,vit_tiny,cifar10,0.03,14,classifier,0.800160
20,5,7,vit_tiny,cifar10,0.03,0,base.patch_embed,0.957427
20,5,7,vit_tiny,cifar10,0.03,1,base.blocks.0,0.975809
20,5,7,vit_tiny,cifar10,0.03,2,base.blocks.1,0.973605
20,5,7,vit_tiny,cifar10,0.03,3,base.blocks.2,0.966240
20,5,7,vit_tiny,cifar10,0.03,4,base.blocks.3,0.955672
20,5,7,vit_tiny,cifar10,0.03,5,base.blocks.4,0.949242
20,5,7,vit_tiny,cifar10,0.03,6,base.blocks.5,0.941827
20,5,7,vit_tiny,cifar10,0.03,7,base.blocks.6,0.936899
20,5,7,vit_tiny,cifar10,0.03,8,base.blocks.7,0.926837
20,5,7,vit_tiny,cifar10,0.03,9,base.blocks.8,0.916718
20,5,7,vit_tiny,cifar10,0.03,10,base.blocks.9,0.907247
20,5,7,vit_tiny,cifar10,0.03,11,base.blocks.10,0.894733
20,5,7,vit_tiny,cifar10,0.03,12,base.blocks.11,0.883141
20,5,7,vit_tiny,cifar10,0.03,13,base.norm,0.925716
20,5,7,vit_tiny,cifar10,0.03,14,classifier,0.855556
20,5,8,vit_tiny,cifar10,0.03,0,base.patch_embed,0.948712
20,5,8,vit_tiny,cifar10,0.03,1,base.blocks.0,0.912985
20,5,8,vit_tiny,cifar10,0.03,2,base.blocks.1,0.901118
20,5,8,vit_tiny,cifar10,0.03,3,base.blocks.2,0.878541
20,5,8,vit_tiny,cifar10,0.03,4,base.blocks.3,0.874667
20,5,8,vit_tiny,cifar10,0.03,5,base.blocks.4,0.860398
20,5,8,vit_tiny,cifar10,0.03,6,base.blocks.5,0.841005
20,5,8,vit_tiny,cifar10,0.03,7,base.blocks.6,0.822436
20,5,8,vit_tiny,cifar10,0.03,8,base.blocks.7,0.801083
20,5,8,vit_tiny,cifar10,0.03,9,base.blocks.8,0.778109
20,5,8,vit_tiny,cifar10,0.03,10,base.blocks.9,0.758287
20,5,8,vit_tiny,cifar10,0.03,11,base.blocks.10,0.738932
20,5,8,vit_tiny,cifar10,0.03,12,base.blocks.11,0.714535
20,5,8,vit_tiny,cifar10,0.03,13,base.norm,0.822934
20,5,8,vit_tiny,cifar10,0.03,14,classifier,0.569141
20,5,9,vit_tiny,cifar10,0.03,0,base.patch_embed,0.972374
20,5,9,vit_tiny,cifar10,0.03,1,base.blocks.0,0.970552
20,5,9,vit_tiny,cifar10,0.03,2,base.blocks.1,0.969160
20,5,9,vit_tiny,cifar10,0.03,3,base.blocks.2,0.962075
20,5,9,vit_tiny,cifar10,0.03,4,base.blocks.3,0.948698
20,5,9,vit_tiny,cifar10,0.03,5,base.blocks.4,0.938396
20,5,9,vit_tiny,cifar10,0.03,6,base.blocks.5,0.927202
20,5,9,vit_tiny,cifar10,0.03,7,base.blocks.6,0.913510
20,5,9,vit_tiny,cifar10,0.03,8,base.blocks.7,0.897062
20,5,9,vit_tiny,cifar10,0.03,9,base.blocks.8,0.879124
20,5,9,vit_tiny,cifar10,0.03,10,base.blocks.9,0.861985
20,5,9,vit_tiny,cifar10,0.03,11,base.blocks.10,0.841554
20,5,9,vit_tiny,cifar10,0.03,12,base.blocks.11,0.818352
20,5,9,vit_tiny,cifar10,0.03,13,base.norm,0.906637
20,5,9,vit_tiny,cifar10,0.03,14,classifier,0.784920
20,6,7,vit_tiny,cifar10,0.03,0,base.patch_embed,0.892793
20,6,7,vit_tiny,cifar10,0.03,1,base.blocks.0,0.878314
20,6,7,vit_tiny,cifar10,0.03,2,base.blocks.1,0.859449
20,6,7,vit_tiny,cifar10,0.03,3,base.blocks.2,0.839240
20,6,7,vit_tiny,cifar10,0.03,4,base.blocks.3,0.814889
20,6,7,vit_tiny,cifar10,0.03,5,base.blocks.4,0.796554
20,6,7,vit_tiny,cifar10,0.03,6,base.blocks.5,0.774356
20,6,7,vit_tiny,cifar10,0.03,7,base.blocks.6,0.758101
20,6,7,vit_tiny,cifar10,0.03,8,base.blocks.7,0.740527
20,6,7,vit_tiny,cifar10,0.03,9,base.blocks.8,0.718066
20,6,7,vit_tiny,cifar10,0.03,10,base.blocks.9,0.697427
20,6,7,vit_tiny,cifar10,0.03,11,base.blocks.10,0.676498
20,6,7,vit_tiny,cifar10,0.03,12,base.blocks.11,0.656164
20,6,7,vit_tiny,cifar10,0.03,13,base.norm,0.743089
20,6,7,vit_tiny,cifar10,0.03,14,classifier,0.751219
20,6,8,vit_tiny,cifar10,0.03,0,base.patch_embed,0.916108
20,6,8,vit_tiny,cifar10,0.03,1,base.blocks.0,0.884418
20,6,8,vit_tiny,cifar10,0.03,2,base.blocks.1,0.870537
20,6,8,vit_tiny,cifar10,0.03,3,base.blocks.2,0.858468
20,6,8,vit_tiny,cifar10,0.03,4,base.blocks.3,0.808202
20,6,8,vit_tiny,cifar10,0.03,5,base.blocks.4,0.791876
20,6,8,vit_tiny,cifar10,0.03,6,base.blocks.5,0.775279
20,6,8,vit_tiny,cifar10,0.03,7,base.blocks.6,0.759734
20,6,8,vit_tiny,cifar10,0.03,8,base.blocks.7,0.746950
20,6,8,vit_tiny,cifar10,0.03,9,base.blocks.8,0.733557
20,6,8,vit_tiny,cifar10,0.03,10,base.blocks.9,0.725264
20,6,8,vit_tiny,cifar10,0.03,11,base.blocks.10,0.714611
20,6,8,vit_tiny,cifar10,0.03,12,base.blocks.11,0.711378
20,6,8,vit_tiny,cifar10,0.03,13,base.norm,0.799392
20,6,8,vit_tiny,cifar10,0.03,14,classifier,0.586658
20,6,9,vit_tiny,cifar10,0.03,0,base.patch_embed,0.889483
20,6,9,vit_tiny,cifar10,0.03,1,base.blocks.0,0.866317
20,6,9,vit_tiny,cifar10,0.03,2,base.blocks.1,0.856986
20,6,9,vit_tiny,cifar10,0.03,3,base.blocks.2,0.847378
20,6,9,vit_tiny,cifar10,0.03,4,base.blocks.3,0.794878
20,6,9,vit_tiny,cifar10,0.03,5,base.blocks.4,0.769338
20,6,9,vit_tiny,cifar10,0.03,6,base.blocks.5,0.744260
20,6,9,vit_tiny,cifar10,0.03,7,base.blocks.6,0.717020
20,6,9,vit_tiny,cifar10,0.03,8,base.blocks.7,0.689364
20,6,9,vit_tiny,cifar10,0.03,9,base.blocks.8,0.659956
20,6,9,vit_tiny,cifar10,0.03,10,base.blocks.9,0.627308
20,6,9,vit_tiny,cifar10,0.03,11,base.blocks.10,0.595847
20,6,9,vit_tiny,cifar10,0.03,12,base.blocks.11,0.562741
20,6,9,vit_tiny,cifar10,0.03,13,base.norm,0.712478
20,6,9,vit_tiny,cifar10,0.03,14,classifier,0.683798
20,7,8,vit_tiny,cifar10,0.03,0,base.patch_embed,0.837059
20,7,8,vit_tiny,cifar10,0.03,1,base.blocks.0,0.849382
20,7,8,vit_tiny,cifar10,0.03,2,base.blocks.1,0.851378
20,7,8,vit_tiny,cifar10,0.03,3,base.blocks.2,0.841852
20,7,8,vit_tiny,cifar10,0.03,4,base.blocks.3,0.846255
20,7,8,vit_tiny,cifar10,0.03,5,base.blocks.4,0.839052
20,7,8,vit_tiny,cifar10,0.03,6,base.blocks.5,0.827345
20,7,8,vit_tiny,cifar10,0.03,7,base.blocks.6,0.816603
20,7,8,vit_tiny,cifar10,0.03,8,base.blocks.7,0.797672
20,7,8,vit_tiny,cifar10,0.03,9,base.blocks.8,0.775556
20,7,8,vit_tiny,cifar10,0.03,10,base.blocks.9,0.753992
20,7,8,vit_tiny,cifar10,0.03,11,base.blocks.10,0.725494
20,7,8,vit_tiny,cifar10,0.03,12,base.blocks.11,0.696081
20,7,8,vit_tiny,cifar10,0.03,13,base.norm,0.808618
20,7,8,vit_tiny,cifar10,0.03,14,classifier,0.554316
20,7,9,vit_tiny,cifar10,0.03,0,base.patch_embed,0.970174
20,7,9,vit_tiny,cifar10,0.03,1,base.blocks.0,0.980717
20,7,9,vit_tiny,cifar10,0.03,2,base.blocks.1,0.980973
20,7,9,vit_tiny,cifar10,0.03,3,base.blocks.2,0.976087
20,7,9,vit_tiny,cifar10,0.03,4,base.blocks.3,0.964966
20,7,9,vit_tiny,cifar10,0.03,5,base.blocks.4,0.956787
20,7,9,vit_tiny,cifar10,0.03,6,base.blocks.5,0.945232
20,7,9,vit_tiny,cifar10,0.03,7,base.blocks.6,0.935417
20,7,9,vit_tiny,cifar10,0.03,8,base.blocks.7,0.917736
20,7,9,vit_tiny,cifar10,0.03,9,base.blocks.8,0.899704
20,7,9,vit_tiny,cifar10,0.03,10,base.blocks.9,0.879776
20,7,9,vit_tiny,cifar10,0.03,11,base.blocks.10,0.855424
20,7,9,vit_tiny,cifar10,0.03,12,base.blocks.11,0.829586
20,7,9,vit_tiny,cifar10,0.03,13,base.norm,0.889304
20,7,9,vit_tiny,cifar10,0.03,14,classifier,0.820928
20,8,9,vit_tiny,cifar10,0.03,0,base.patch_embed,0.924984
20,8,9,vit_tiny,cifar10,0.03,1,base.blocks.0,0.917286
20,8,9,vit_tiny,cifar10,0.03,2,base.blocks.1,0.912689
20,8,9,vit_tiny,cifar10,0.03,3,base.blocks.2,0.899725
20,8,9,vit_tiny,cifar10,0.03,4,base.blocks.3,0.899848
20,8,9,vit_tiny,cifar10,0.03,5,base.blocks.4,0.890108
20,8,9,vit_tiny,cifar10,0.03,6,base.blocks.5,0.876360
20,8,9,vit_tiny,cifar10,0.03,7,base.blocks.6,0.859254
20,8,9,vit_tiny,cifar10,0.03,8,base.blocks.7,0.838245
20,8,9,vit_tiny,cifar10,0.03,9,base.blocks.8,0.813439
20,8,9,vit_tiny,cifar10,0.03,10,base.blocks.9,0.782595
20,8,9,vit_tiny,cifar10,0.03,11,base.blocks.10,0.747844
20,8,9,vit_tiny,cifar10,0.03,12,base.blocks.11,0.711156
20,8,9,vit_tiny,cifar10,0.03,13,base.norm,0.818795
20,8,9,vit_tiny,cifar10,0.03,14,classifier,0.542814
30,0,1,vit_tiny,cifar10,0.03,0,base.patch_embed,0.961302
30,0,1,vit_tiny,cifar10,0.03,1,base.blocks.0,0.877002
30,0,1,vit_tiny,cifar10,0.03,2,base.blocks.1,0.840426
30,0,1,vit_tiny,cifar10,0.03,3,base.blocks.2,0.823611
30,0,1,vit_tiny,cifar10,0.03,4,base.blocks.3,0.827927
30,0,1,vit_tiny,cifar10,0.03,5,base.blocks.4,0.817034
30,0,1,vit_tiny,cifar10,0.03,6,base.blocks.5,0.803362
30,0,1,vit_tiny,cifar10,0.03,7,base.blocks.6,0.794571
30,0,1,vit_tiny,cifar10,0.03,8,base.blocks.7,0.775805
30,0,1,vit_tiny,cifar10,0.03,9,base.blocks.8,0.758037
30,0,1,vit_tiny,cifar10,0.03,10,base.blocks.9,0.737138
30,0,1,vit_tiny,cifar10,0.03,11,base.blocks.10,0.715872
30,0,1,vit_tiny,cifar10,0.03,12,base.blocks.11,0.683387
30,0,1,vit_tiny,cifar10,0.03,13,base.norm,0.732717
30,0,1,vit_tiny,cifar10,0.03,14,classifier,0.314966
30,0,2,vit_tiny,cifar10,0.03,0,base.patch_embed,0.989600
30,0,2,vit_tiny,cifar10,0.03,1,base.blocks.0,0.953651
30,0,2,vit_tiny,cifar10,0.03,2,base.blocks.1,0.928951
30,0,2,vit_tiny,cifar10,0.03,3,base.blocks.2,0.910184
30,0,2,vit_tiny,cifar10,0.03,4,base.blocks.3,0.883980
30,0,2,vit_tiny,cifar10,0.03,5,base.blocks.4,0.865235
30,0,2,vit_tiny,cifar10,0.03,6,base.blocks.5,0.845732
30,0,2,vit_tiny,cifar10,0.03,7,base.blocks.6,0.827622
30,0,2,vit_tiny,cifar10,0.03,8,base.blocks.7,0.801025
30,0,2,vit_tiny,cifar10,0.03,9,base.blocks.8,0.785171
30,0,2,vit_tiny,cifar10,0.03,10,base.blocks.9,0.774130
30,0,2,vit_tiny,cifar10,0.03,11,base.blocks.10,0.762373
30,0,2,vit_tiny,cifar10,0.03,12,base.blocks.11,0.756273
30,0,2,vit_tiny,cifar10,0.03,13,base.norm,0.859727
30,0,2,vit_tiny,cifar10,0.03,14,classifier,0.558938
30,0,3,vit_tiny,cifar10,0.03,0,base.patch_embed,0.972060
30,0,3,vit_tiny,cifar10,0.03,1,base.blocks.0,0.917673
30,0,3,vit_tiny,cifar10,0.03,2,base.blocks.1,0.902128
30,0,3,vit_tiny,cifar10,0.03,3,base.blocks.2,0.893071
30,0,3,vit_tiny,cifar10,0.03,4,base.blocks.3,0.869683
30,0,3,vit_tiny,cifar10,0.03,5,base.blocks.4,0.857462
30,0,3,vit_tiny,cifar10,0.03,6,base.blocks.5,0.841257
30,0,3,vit_tiny,cifar10,0.03,7,base.blocks.6,0.828430
30,0,3,vit_tiny,cifar10,0.03,8,base.blocks.7,0.804153
30,0,3,vit_tiny,cifar10,0.03,9,base.blocks.8,0.776899
30,0,3,vit_tiny,cifar10,0.03,10,base.blocks.9,0.743533
30,0,3,vit_tiny,cifar10,0.03,11,base.blocks.10,0.711753
30,0,3,vit_tiny,cifar10,0.03,12,base.blocks.11,0.674725
30,0,3,vit_tiny,cifar10,0.03,13,base.norm,0.831806
30,0,3,vit_tiny,cifar10,0.03,14,classifier,0.519880
30,0,4,vit_tiny,cifar10,0.03,0,base.patch_embed,0.967381
30,0,4,vit_tiny,cifar10,0.03,1,base.blocks.0,0.919517
30,0,4,vit_tiny,cifar10,0.03,2,base.blocks.1,0.897702
30,0,4,vit_tiny,cifar10,0.03,3,base.blocks.2,0.879295
30,0,4,vit_tiny,cifar10,0.03,4,base.blocks.3,0.850490
30,0,4,vit_tiny,cifar10,0.03,5,base.blocks.4,0.841710
30,0,4,vit_tiny,cifar10,0.03,6,base.blocks.5,0.829215
30,0,4,vit_tiny,cifar10,0.03,7,base.blocks.6,0.817820
30,0,4,vit_tiny,cifar10,0.03,8,base.blocks.7,0.795469
30,0,4,vit_tiny,cifar10,0.03,9,base.blocks.8,0.777219
30,0,4,vit_tiny,cifar10,0.03,10,base.blocks.9,0.753873
30,0,4,vit_tiny,cifar10,0.03,11,base.blocks.10,0.724191
30,0,4,vit_tiny,cifar10,0.03,12,base.blocks.11,0.690258
30,0,4,vit_tiny,cifar10,0.03,13,base.norm,0.771042
30,0,4,vit_tiny,cifar10,0.03,14,classifier,0.332526
30,0,5,vit_tiny,cifar10,0.03,0,base.patch_embed,0.974519
30,0,5,vit_tiny,cifar10,0.03,1,base.blocks.0,0.973457
30,0,5,vit_tiny,cifar10,0.03,2,base.blocks.1,0.976593
30,0,5,vit_tiny,cifar10,0.03,3,base.blocks.2,0.978837
30,0,5,vit_tiny,cifar10,0.03,4,base.blocks.3,0.959593
30,0,5,vit_tiny,cifar10,0.03,5,base.blocks.4,0.952171
30,0,5,vit_tiny,cifar10,0.03,6,base.blocks.5,0.944027
30,0,5,vit_tiny,cifar10,0.03,7,base.blocks.6,0.934954
30,0,5,vit_tiny,cifar10,0.03,8,base.blocks.7,0.920026
30,0,5,vit_tiny,cifar10,0.03,9,base.blocks.8,0.905873
30,0,5,vit_tiny,cifar10,0.03,10,base.blocks.9,0.890273
30,0,5,vit_tiny,cifar10,0.03,11,base.blocks.10,0.873730
30,0,5,vit_tiny,cifar10,0.03,12,base.blocks.11,0.857176
30,0,5,vit_tiny,cifar10,0.03,13,base.norm,0.916050
30,0,5,vit_tiny,cifar10,0.03,14,classifier,0.635312
30,0,6,vit_tiny,cifar10,0.03,0,base.patch_embed,0.965040
30,0,6,vit_tiny,cifar10,0.03,1,base.blocks.0,0.892935
30,0,6,vit_tiny,cifar10,0.03,2,base.blocks.1,0.865208
30,0,6,vit_tiny,cifar10,0.03,3,base.blocks.2,0.843386
30,0,6,vit_tiny,cifar10,0.03,4,base.blocks.3,0.828727
30,0,6,vit_tiny,cifar10,0.03,5,base.blocks.4,0.809713
30,0,6,vit_tiny,cifar10,0.03,6,base.blocks.5,0.787720
30,0,6,vit_tiny,cifar10,0.03,7,base.blocks.6,0.769450
30,0,6,vit_tiny,cifar10,0.03,8,base.blocks.7,0.739661
30,0,6,vit_tiny,cifar10,0.03,9,base.blocks.8,0.717489
30,0,6,vit_tiny,cifar10,0.03,10,base.blocks.9,0.693447
30,0,6,vit_tiny,cifar10,0.03,11,base.blocks.10,0.668126
30,0,6,vit_tiny,cifar10,0.03,12,base.blocks.11,0.644597
30,0,6,vit_tiny,cifar10,0.03,13,base.norm,0.770682
30,0,6,vit_tiny,cifar10,0.03,14,classifier,0.292129
30,0,7,vit_tiny,cifar10,0.03,0,base.patch_embed,0.976106
30,0,7,vit_tiny,cifar10,0.03,1,base.blocks.0,0.984046
30,0,7,vit_tiny,cifar10,0.03,2,base.blocks.1,0.982383
30,0,7,vit_tiny,cifar10,0.03,3,base.blocks.2,0.971602
30,0,7,vit_tiny,cifar10,0.03,4,base.blocks.3,0.947040
30,0,7,vit_tiny,cifar10,0.03,5,base.blocks.4,0.928345
30,0,7,vit_tiny,cifar10,0.03,6,base.blocks.5,0.905249
30,0,7,vit_tiny,cifar10,0.03,7,base.blocks.6,0.878306
30,0,7,vit_tiny,cifar10,0.03,8,base.blocks.7,0.839893
30,0,7,vit_tiny,cifar10,0.03,9,base.blocks.8,0.808329
30,0,7,vit_tiny,cifar10,0.03,10,base.blocks.9,0.764830
30,0,7,vit_tiny,cifar10,0.03,11,base.blocks.10,0.722423
30,0,7,vit_tiny,cifar10,0.03,12,base.blocks.11,0.682038
30,0,7,vit_tiny,cifar10,0.03,13,base.norm,0.870724
30,0,7,vit_tiny,cifar10,0.03,14,classifier,0.362755
30,0,8,vit_tiny,cifar10,0.03,0,base.patch_embed,0.940421
30,0,8,vit_tiny,cifar10,0.03,1,base.blocks.0,0.911879
30,0,8,vit_tiny,cifar10,0.03,2,base.blocks.1,0.882063
30,0,8,vit_tiny,cifar10,0.03,3,base.blocks.2,0.852018
30,0,8,vit_tiny,cifar10,0.03,4,base.blocks.3,0.824877
30,0,8,vit_tiny,cifar10,0.03,5,base.blocks.4,0.807808
30,0,8,vit_tiny,cifar10,0.03,6,base.blocks.5,0.787363
30,0,8,vit_tiny,cifar10,0.03,7,base.blocks.6,0.771009
30,0,8,vit_tiny,cifar10,0.03,8,base.blocks.7,0.742366
30,0,8,vit_tiny,cifar10,0.03,9,base.blocks.8,0.722403
30,0,8,vit_tiny,cifar10,0.03,10,base.blocks.9,0.702745
30,0,8,vit_tiny,cifar10,0.03,11,base.blocks.10,0.675550
30,0,8,vit_tiny,cifar10,0.03,12,base.blocks.11,0.653963
30,0,8,vit_tiny,cifar10,0.03,13,base.norm,0.772981
30,0,8,vit_tiny,cifar10,0.03,14,classifier,0.184265
30,0,9,vit_tiny,cifar10,0.03,0,base.patch_embed,0.992897
30,0,9,vit_tiny,cifar10,0.03,1,base.blocks.0,0.984551
30,0,9,vit_tiny,cifar10,0.03,2,base.blocks.1,0.968898
30,0,9,vit_tiny,cifar10,0.03,3,base.blocks.2,0.957249
30,0,9,vit_tiny,cifar10,0.03,4,base.blocks.3,0.935240
30,0,9,vit_tiny,cifar10,0.03,5,base.blocks.4,0.920371
30,0,9,vit_tiny,cifar10,0.03,6,base.blocks.5,0.902317
30,0,9,vit_tiny,cifar10,0.03,7,base.blocks.6,0.886516
30,0,9,vit_tiny,cifar10,0.03,8,base.blocks.7,0.860659
30,0,9,vit_tiny,cifar10,0.03,9,base.blocks.8,0.842686
30,0,9,vit_tiny,cifar10,0.03,10,base.blocks.9,0.823649
30,0,9,vit_tiny,cifar10,0.03,11,base.blocks.10,0.806058
30,0,9,vit_tiny,cifar10,0.03,12,base.blocks.11,0.787774
30,0,9,vit_tiny,cifar10,0.03,13,base.norm,0.878568
30,0,9,vit_tiny,cifar10,0.03,14,classifier,0.432223
30,1,2,vit_tiny,cifar10,0.03,0,base.patch_embed,0.923906
30,1,2,vit_tiny,cifar10,0.03,1,base.blocks.0,0.837778
30,1,2,vit_tiny,cifar10,0.03,2,base.blocks.1,0.780553
30,1,2,vit_tiny,cifar10,0.03,3,base.blocks.2,0.763388
30,1,2,vit_tiny,cifar10,0.03,4,base.blocks.3,0.784400
30,1,2,vit_tiny,cifar10,0.03,5,base.blocks.4,0.783103
30,1,2,vit_tiny,cifar10,0.03,6,base.blocks.5,0.782827
30,1,2,vit_tiny,cifar10,0.03,7,base.blocks.6,0.786119
30,1,2,vit_tiny,cifar10,0.03,8,base.blocks.7,0.783178
30,1,2,vit_tiny,cifar10,0.03,9,base.blocks.8,0.783354
30,1,2,vit_tiny,cifar10,0.03,10,base.blocks.9,0.780980
30,1,2,vit_tiny,cifar10,0.03,11,base.blocks.10,0.774175
30,1,2,vit_tiny,cifar10,0.03,12,base.blocks.11,0.763395
30,1,2,vit_tiny,cifar10,0.03,13,base.norm,0.779101
30,1,2,vit_tiny,cifar10,0.03,14,classifier,0.375989
30,1,3,vit_tiny,cifar10,0.03,0,base.patch_embed,0.990712
30,1,3,vit_tiny,cifar10,0.03,1,base.blocks.0,0.963827
30,1,3,vit_tiny,cifar10,0.03,2,base.blocks.1,0.946992
30,1,3,vit_tiny,cifar10,0.03,3,base.blocks.2,0.947422
30,1,3,vit_tiny,cifar10,0.03,4,base.blocks.3,0.943965
30,1,3,vit_tiny,cifar10,0.03,5,base.blocks.4,0.939833
30,1,3,vit_tiny,cifar10,0.03,6,base.blocks.5,0.934256
30,1,3,vit_tiny,cifar10,0.03,7,base.blocks.6,0.928719
30,1,3,vit_tiny,cifar10,0.03,8,base.blocks.7,0.914442
30,1,3,vit_tiny,cifar10,0.03,9,base.blocks.8,0.901112
30,1,3,vit_tiny,cifar10,0.03,10,base.blocks.9,0.883461
30,1,3,vit_tiny,cifar10,0.03,11,base.blocks.10,0.861856
30,1,3,vit_tiny,cifar10,0.03,12,base.blocks.11,0.839765
30,1,3,vit_tiny,cifar10,0.03,13,base.norm,0.837821
30,1,3,vit_tiny,cifar10,0.03,14,classifier,0.444997
30,1,4,vit_tiny,cifar10,0.03,0,base.patch_embed,0.973658
30,1,4,vit_tiny,cifar10,0.03,1,base.blocks.0,0.973137
30,1,4,vit_tiny,cifar10,0.03,2,base.blocks.1,0.949553
30,1,4,vit_tiny,cifar10,0.03,3,base.blocks.2,0.944744
30,1,4,vit_tiny,cifar10,0.03,4,base.blocks.3,0.944202
30,1,4,vit_tiny,cifar10,0.03,5,base.blocks.4,0.937806
30,1,4,vit_tiny,cifar10,0.03,6,base.blocks.5,0.929829
30,1,4,vit_tiny,cifar10,0.03,7,base.blocks.6,0.919802
30,1,4,vit_tiny,cifar10,0.03,8,base.blocks.7,0.902692
30,1,4,vit_tiny,cifar10,0.03,9,base.blocks.8,0.885522
30,1,4,vit_tiny,cifar10,0.03,10,base.blocks.9,0.865035
30,1,4,vit_tiny,cifar10,0.03,11,base.blocks.10,0.831406
30,1,4,vit_tiny,cifar10,0.03,12,base.blocks.11,0.790543
30,1,4,vit_tiny,cifar10,0.03,13,base.norm,0.801584
30,1,4,vit_tiny,cifar10,0.03,14,classifier,0.243123
30,1,5,vit_tiny,cifar10,0.03,0,base.patch_embed,0.994707
30,1,5,vit_tiny,cifar10,0.03,1,base.blocks.0,0.936695
30,1,5,vit_tiny,cifar10,0.03,2,base.blocks.1,0.905567
30,1,5,vit_tiny,cifar10,0.03,3,base.blocks.2,0.888822
30,1,5,vit_tiny,cifar10,0.03,4,base.blocks.3,0.887706
30,1,5,vit_tiny,cifar10,0.03,5,base.blocks.4,0.872328
30,1,5,vit_tiny,cifar10,0.03,6,base.blocks.5,0.857011
30,1,5,vit_tiny,cifar10,0.03,7,base.blocks.6,0.847092
30,1,5,vit_tiny,cifar10,0.03,8,base.blocks.7,0.826744
30,1,5,vit_tiny,cifar10,0.03,9,base.blocks.8,0.810700
30,1,5,vit_tiny,cifar10,0.03,10,base.blocks.9,0.791743
30,1,5,vit_tiny,cifar10,0.03,11,base.blocks.10,0.768977
30,1,5,vit_tiny,cifar10,0.03,12,base.blocks.11,0.741290
30,1,5,vit_tiny,cifar10,0.03,13,base.norm,0.756379
30,1,5,vit_tiny,cifar10,0.03,14,classifier,0.294257
30,1,6,vit_tiny,cifar10,0.03,0,base.patch_embed,0.990066
30,1,6,vit_tiny,cifar10,0.03,1,base.blocks.0,0.944172
30,1,6,vit_tiny,cifar10,0.03,2,base.blocks.1,0.901056
30,1,6,vit_tiny,cifar10,0.03,3,base.blocks.2,0.886181
30,1,6,vit_tiny,cifar10,0.03,4,base.blocks.3,0.896995
30,1,6,vit_tiny,cifar10,0.03,5,base.blocks.4,0.888449
30,1,6,vit_tiny,cifar10,0.03,6,base.blocks.5,0.877653
30,1,6,vit_tiny,cifar10,0.03,7,base.blocks.6,0.867327
30,1,6,vit_tiny,cifar10,0.03,8,base.blocks.7,0.852821
30,1,6,vit_tiny,cifar10,0.03,9,base.blocks.8,0.839120
30,1,6,vit_tiny,cifar10,0.03,10,base.blocks.9,0.821996
30,1,6,vit_tiny,cifar10,0.03,11,base.blocks.10,0.805406
30,1,6,vit_tiny,cifar10,0.03,12,base.blocks.11,0.782139
30,1,6,vit_tiny,cifar10,0.03,13,base.norm,0.814279
30,1,6,vit_tiny,cifar10,0.03,14,classifier,0.240824
30,1,7,vit_tiny,cifar10,0.03,0,base.patch_embed,0.986226
30,1,7,vit_tiny,cifar10,0.03,1,base.blocks.0,0.918367
30,1,7,vit_tiny,cifar10,0.03,2,base.blocks.1,0.873577
30,1,7,vit_tiny,cifar10,0.03,3,base.blocks.2,0.845624
30,1,7,vit_tiny,cifar10,0.03,4,base.blocks.3,0.858328
30,1,7,vit_tiny,cifar10,0.03,5,base.blocks.4,0.856276
30,1,7,vit_tiny,cifar10,0.03,6,base.blocks.5,0.849022
30,1,7,vit_tiny,cifar10,0.03,7,base.blocks.6,0.847549
30,1,7,vit_tiny,cifar10,0.03,8,base.blocks.7,0.837654
30,1,7,vit_tiny,cifar10,0.03,9,base.blocks.8,0.834616
30,1,7,vit_tiny,cifar10,0.03,10,base.blocks.9,0.831381
30,1,7,vit_tiny,cifar10,0.03,11,base.blocks.10,0.823412
30,1,7,vit_tiny,cifar10,0.03,12,base.blocks.11,0.819529
30,1,7,vit_tiny,cifar10,0.03,13,base.norm,0.757346
30,1,7,vit_tiny,cifar10,0.03,14,classifier,0.231562
30,1,8,vit_tiny,cifar10,0.03,0,base.patch_embed,0.901029
30,1,8,vit_tiny,cifar10,0.03,1,base.blocks.0,0.924494
30,1,8,vit_tiny,cifar10,0.03,2,base.blocks.1,0.898638
30,1,8,vit_tiny,cifar10,0.03,3,base.blocks.2,0.881934
30,1,8,vit_tiny,cifar10,0.03,4,base.blocks.3,0.886486
30,1,8,vit_tiny,cifar10,0.03,5,base.blocks.4,0.880124
30,1,8,vit_tiny,cifar10,0.03,6,base.blocks.5,0.871788
30,1,8,vit_tiny,cifar10,0.03,7,base.blocks.6,0.864962
30,1,8,vit_tiny,cifar10,0.03,8,base.blocks.7,0.852068
30,1,8,vit_tiny,cifar10,0.03,9,base.blocks.8,0.842523
30,1,8,vit_tiny,cifar10,0.03,10,base.blocks.9,0.832035
30,1,8,vit_tiny,cifar10,0.03,11,base.blocks.10,0.820113
30,1,8,vit_tiny,cifar10,0.03,12,base.blocks.11,0.807378
30,1,8,vit_tiny,cifar10,0.03,13,base.norm,0.846864
30,1,8,vit_tiny,cifar10,0.03,14,classifier,0.358597
30,1,9,vit_tiny,cifar10,0.03,0,base.patch_embed,0.969260
30,1,9,vit_tiny,cifar10,0.03,1,base.blocks.0,0.894381
30,1,9,vit_tiny,cifar10,0.03,2,base.blocks.1,0.847537
30,1,9,vit_tiny,cifar10,0.03,3,base.blocks.2,0.823492
30,1,9,vit_tiny,cifar10,0.03,4,base.blocks.3,0.840061
30,1,9,vit_tiny,cifar10,0.03,5,base.blocks.4,0.825869
30,1,9,vit_tiny,cifar10,0.03,6,base.blocks.5,0.812018
30,1,9,vit_tiny,cifar10,0.03,7,base.blocks.6,0.805172
30,1,9,vit_tiny,cifar10,0.03,8,base.blocks.7,0.787991
30,1,9,vit_tiny,cifar10,0.03,9,base.blocks.8,0.779859
30,1,9,vit_tiny,cifar10,0.03,10,base.blocks.9,0.769715
30,1,9,vit_tiny,cifar10,0.03,11,base.blocks.10,0.757262
30,1,9,vit_tiny,cifar10,0.03,12,base.blocks.11,0.746944
30,1,9,vit_tiny,cifar10,0.03,13,base.norm,0.734501
30,1,9,vit_tiny,cifar10,0.03,14,classifier,0.193114
30,2,3,vit_tiny,cifar10,0.03,0,base.patch_embed,0.950316
30,2,3,vit_tiny,cifar10,0.03,1,base.blocks.0,0.916122
30,2,3,vit_tiny,cifar10,0.03,2,base.blocks.1,0.905156
30,2,3,vit_tiny,cifar10,0.03,3,base.blocks.2,0.896446
30,2,3,vit_tiny,cifar10,0.03,4,base.blocks.3,0.882268
30,2,3,vit_tiny,cifar10,0.03,5,base.blocks.4,0.878340
30,2,3,vit_tiny,cifar10,0.03,6,base.blocks.5,0.875620
30,2,3,vit_tiny,cifar10,0.03,7,base.blocks.6,0.869656
30,2,3,vit_tiny,cifar10,0.03,8,base.blocks.7,0.853928
30,2,3,vit_tiny,cifar10,0.03,9,base.blocks.8,0.831438
30,2,3,vit_tiny,cifar10,0.03,10,base.blocks.9,0.800411
30,2,3,vit_tiny,cifar10,0.03,11,base.blocks.10,0.764606
30,2,3,vit_tiny,cifar10,0.03,12,base.blocks.11,0.723987
30,2,3,vit_tiny,cifar10,0.03,13,base.norm,0.814358
30,2,3,vit_tiny,cifar10,0.03,14,classifier,0.470016
30,2,4,vit_tiny,cifar10,0.03,0,base.patch_embed,0.961293
30,2,4,vit_tiny,cifar10,0.03,1,base.blocks.0,0.921220
30,2,4,vit_tiny,cifar10,0.03,2,base.blocks.1,0.912451
30,2,4,vit_tiny,cifar10,0.03,3,base.blocks.2,0.905317
30,2,4,vit_tiny,cifar10,0.03,4,base.blocks.3,0.897929
30,2,4,vit_tiny,cifar10,0.03,5,base.blocks.4,0.899979
30,2,4,vit_tiny,cifar10,0.03,6,base.blocks.5,0.903257
30,2,4,vit_tiny,cifar10,0.03,7,base.blocks.6,0.906771
30,2,4,vit_tiny,cifar10,0.03,8,base.blocks.7,0.904070
30,2,4,vit_tiny,cifar10,0.03,9,base.blocks.8,0.897131
30,2,4,vit_tiny,cifar10,0.03,10,base.blocks.9,0.884424
30,2,4,vit_tiny,cifar10,0.03,11,base.blocks.10,0.866490
30,2,4,vit_tiny,cifar10,0.03,12,base.blocks.11,0.836161
30,2,4,vit_tiny,cifar10,0.03,13,base.norm,0.859883
30,2,4,vit_tiny,cifar10,0.03,14,classifier,0.495186
30,2,5,vit_tiny,cifar10,0.03,0,base.patch_embed,0.937609
30,2,5,vit_tiny,cifar10,0.03,1,base.blocks.0,0.915542
30,2,5,vit_tiny,cifar10,0.03,2,base.blocks.1,0.907966
30,2,5,vit_tiny,cifar10,0.03,3,base.blocks.2,0.903889
30,2,5,vit_tiny,cifar10,0.03,4,base.blocks.3,0.904417
30,2,5,vit_tiny,cifar10,0.03,5,base.blocks.4,0.897245
30,2,5,vit_tiny,cifar10,0.03,6,base.blocks.5,0.889267
30,2,5,vit_tiny,cifar10,0.03,7,base.blocks.6,0.878543
30,2,5,vit_tiny,cifar10,0.03,8,base.blocks.7,0.862737
30,2,5,vit_tiny,cifar10,0.03,9,base.blocks.8,0.842740
30,2,5,vit_tiny,cifar10,0.03,10,base.blocks.9,0.824759
30,2,5,vit_tiny,cifar10,0.03,11,base.blocks.10,0.803586
30,2,5,vit_tiny,cifar10,0.03,12,base.blocks.11,0.784752
30,2,5,vit_tiny,cifar10,0.03,13,base.norm,0.869440
30,2,5,vit_tiny,cifar10,0.03,14,classifier,0.651478
30,2,6,vit_tiny,cifar10,0.03,0,base.patch_embed,0.944192
30,2,6,vit_tiny,cifar10,0.03,1,base.blocks.0,0.934412
30,2,6,vit_tiny,cifar10,0.03,2,base.blocks.1,0.933418
30,2,6,vit_tiny,cifar10,0.03,3,base.blocks.2,0.935707
30,2,6,vit_tiny,cifar10,0.03,4,base.blocks.3,0.934984
30,2,6,vit_tiny,cifar10,0.03,5,base.blocks.4,0.936975
30,2,6,vit_tiny,cifar10,0.03,6,base.blocks.5,0.940966
30,2,6,vit_tiny,cifar10,0.03,7,base.blocks.6,0.944351
30,2,6,vit_tiny,cifar10,0.03,8,base.blocks.7,0.944413
30,2,6,vit_tiny,cifar10,0.03,9,base.blocks.8,0.944535
30,2,6,vit_tiny,cifar10,0.03,10,base.blocks.9,0.943167
30,2,6,vit_tiny,cifar10,0.03,11,base.blocks.10,0.937929
30,2,6,vit_tiny,cifar10,0.03,12,base.blocks.11,0.932086
30,2,6,vit_tiny,cifar10,0.03,13,base.norm,0.902708
30,2,6,vit_tiny,cifar10,0.03,14,classifier,0.398396
30,2,7,vit_tiny,cifar10,0.03,0,base.patch_embed,0.936815
30,2,7,vit_tiny,cifar10,0.03,1,base.blocks.0,0.944197
30,2,7,vit_tiny,cifar10,0.03,2,base.blocks.1,0.954584
30,2,7,vit_tiny,cifar10,0.03,3,base.blocks.2,0.964280
30,2,7,vit_tiny,cifar10,0.03,4,base.blocks.3,0.963327
30,2,7,vit_tiny,cifar10,0.03,5,base.blocks.4,0.961696
30,2,7,vit_tiny,cifar10,0.03,6,base.blocks.5,0.958218
30,2,7,vit_tiny,cifar10,0.03,7,base.blocks.6,0.951576
30,2,7,vit_tiny,cifar10,0.03,8,base.blocks.7,0.939413
30,2,7,vit_tiny,cifar10,0.03,9,base.blocks.8,0.921306
30,2,7,vit_tiny,cifar10,0.03,10,base.blocks.9,0.894534
30,2,7,vit_tiny,cifar10,0.03,11,base.blocks.10,0.861689
30,2,7,vit_tiny,cifar10,0.03,12,base.blocks.11,0.823972
30,2,7,vit_tiny,cifar10,0.03,13,base.norm,0.867907
30,2,7,vit_tiny,cifar10,0.03,14,classifier,0.486517
30,2,8,vit_tiny,cifar10,0.03,0,base.patch_embed,0.947706
30,2,8,vit_tiny,cifar10,0.03,1,base.blocks.0,0.940322
30,2,8,vit_tiny,cifar10,0.03,2,base.blocks.1,0.939061
30,2,8,vit_tiny,cifar10,0.03,3,base.blocks.2,0.939418
30,2,8,vit_tiny,cifar10,0.03,4,base.blocks.3,0.937195
30,2,8,vit_tiny,cifar10,0.03,5,base.blocks.4,0.937619
30,2,8,vit_tiny,cifar10,0.03,6,base.blocks.5,0.938776
30,2,8,vit_tiny,cifar10,0.03,7,base.blocks.6,0.940429
30,2,8,vit_tiny,cifar10,0.03,8,base.blocks.7,0.940236
30,2,8,vit_tiny,cifar10,0.03,9,base.blocks.8,0.939011
30,2,8,vit_tiny,cifar10,0.03,10,base.blocks.9,0.936724
30,2,8,vit_tiny,cifar10,0.03,11,base.blocks.10,0.931158
30,2,8,vit_tiny,cifar10,0.03,12,base.blocks.11,0.923921
30,2,8,vit_tiny,cifar10,0.03,13,base.norm,0.904366
30,2,8,vit_tiny,cifar10,0.03,14,classifier,0.311218
30,2,9,vit_tiny,cifar10,0.03,0,base.patch_embed,0.972185
30,2,9,vit_tiny,cifar10,0.03,1,base.blocks.0,0.975404
30,2,9,vit_tiny,cifar10,0.03,2,base.blocks.1,0.973595
30,2,9,vit_tiny,cifar10,0.03,3,base.blocks.2,0.972838
30,2,9,vit_tiny,cifar10,0.03,4,base.blocks.3,0.974202
30,2,9,vit_tiny,cifar10,0.03,5,base.blocks.4,0.971803
30,2,9,vit_tiny,cifar10,0.03,6,base.blocks.5,0.968026
30,2,9,vit_tiny,cifar10,0.03,7,base.blocks.6,0.962833
30,2,9,vit_tiny,cifar10,0.03,8,base.blocks.7,0.955242
30,2,9,vit_tiny,cifar10,0.03,9,base.blocks.8,0.943326
30,2,9,vit_tiny,cifar10,0.03,10,base.blocks.9,0.925673
30,2,9,vit_tiny,cifar10,0.03,11,base.blocks.10,0.903739
30,2,9,vit_tiny,cifar10,0.03,12,base.blocks.11,0.881868
30,2,9,vit_tiny,cifar10,0.03,13,base.norm,0.921950
30,2,9,vit_tiny,cifar10,0.03,14,classifier,0.571742
30,3,4,vit_tiny,cifar10,0.03,0,base.patch_embed,0.986908
30,3,4,vit_tiny,cifar10,0.03,1,base.blocks.0,0.986080
30,3,4,vit_tiny,cifar10,0.03,2,base.blocks.1,0.988558
30,3,4,vit_tiny,cifar10,0.03,3,base.blocks.2,0.988002
30,3,4,vit_tiny,cifar10,0.03,4,base.blocks.3,0.971049
30,3,4,vit_tiny,cifar10,0.03,5,base.blocks.4,0.967635
30,3,4,vit_tiny,cifar10,0.03,6,base.blocks.5,0.962509
30,3,4,vit_tiny,cifar10,0.03,7,base.blocks.6,0.953831
30,3,4,vit_tiny,cifar10,0.03,8,base.blocks.7,0.939713
30,3,4,vit_tiny,cifar10,0.03,9,base.blocks.8,0.922245
30,3,4,vit_tiny,cifar10,0.03,10,base.blocks.9,0.901379
30,3,4,vit_tiny,cifar10,0.03,11,base.blocks.10,0.869725
30,3,4,vit_tiny,cifar10,0.03,12,base.blocks.11,0.836052
30,3,4,vit_tiny,cifar10,0.03,13,base.norm,0.852044
30,3,4,vit_tiny,cifar10,0.03,14,classifier,0.449274
30,3,5,vit_tiny,cifar10,0.03,0,base.patch_embed,0.987947
30,3,5,vit_tiny,cifar10,0.03,1,base.blocks.0,0.960034
30,3,5,vit_tiny,cifar10,0.03,2,base.blocks.1,0.950379
30,3,5,vit_tiny,cifar10,0.03,3,base.blocks.2,0.943742
30,3,5,vit_tiny,cifar10,0.03,4,base.blocks.3,0.948661
30,3,5,vit_tiny,cifar10,0.03,5,base.blocks.4,0.942903
30,3,5,vit_tiny,cifar10,0.03,6,base.blocks.5,0.935375
30,3,5,vit_tiny,cifar10,0.03,7,base.blocks.6,0.930639
30,3,5,vit_tiny,cifar10,0.03,8,base.blocks.7,0.921660
30,3,5,vit_tiny,cifar10,0.03,9,base.blocks.8,0.909854
30,3,5,vit_tiny,cifar10,0.03,10,base.blocks.9,0.894720
30,3,5,vit_tiny,cifar10,0.03,11,base.blocks.10,0.880448
30,3,5,vit_tiny,cifar10,0.03,12,base.blocks.11,0.863032
30,3,5,vit_tiny,cifar10,0.03,13,base.norm,0.903496
30,3,5,vit_tiny,cifar10,0.03,14,classifier,0.684751
30,3,6,vit_tiny,cifar10,0.03,0,base.patch_embed,0.995756
30,3,6,vit_tiny,cifar10,0.03,1,base.blocks.0,0.981234
30,3,6,vit_tiny,cifar10,0.03,2,base.blocks.1,0.971787
30,3,6,vit_tiny,cifar10,0.03,3,base.blocks.2,0.960402
30,3,6,vit_tiny,cifar10,0.03,4,base.blocks.3,0.954829
30,3,6,vit_tiny,cifar10,0.03,5,base.blocks.4,0.945187
30,3,6,vit_tiny,cifar10,0.03,6,base.blocks.5,0.932027
30,3,6,vit_tiny,cifar10,0.03,7,base.blocks.6,0.912519
30,3,6,vit_tiny,cifar10,0.03,8,base.blocks.7,0.882579
30,3,6,vit_tiny,cifar10,0.03,9,base.blocks.8,0.844380
30,3,6,vit_tiny,cifar10,0.03,10,base.blocks.9,0.792566
30,3,6,vit_tiny,cifar10,0.03,11,base.blocks.10,0.739896
30,3,6,vit_tiny,cifar10,0.03,12,base.blocks.11,0.678338
30,3,6,vit_tiny,cifar10,0.03,13,base.norm,0.819780
30,3,6,vit_tiny,cifar10,0.03,14,classifier,0.364672
30,3,7,vit_tiny,cifar10,0.03,0,base.patch_embed,0.974271
30,3,7,vit_tiny,cifar10,0.03,1,base.blocks.0,0.952367
30,3,7,vit_tiny,cifar10,0.03,2,base.blocks.1,0.943190
30,3,7,vit_tiny,cifar10,0.03,3,base.blocks.2,0.934786
30,3,7,vit_tiny,cifar10,0.03,4,base.blocks.3,0.926476
30,3,7,vit_tiny,cifar10,0.03,5,base.blocks.4,0.929150
30,3,7,vit_tiny,cifar10,0.03,6,base.blocks.5,0.928893
30,3,7,vit_tiny,cifar10,0.03,7,base.blocks.6,0.931326
30,3,7,vit_tiny,cifar10,0.03,8,base.blocks.7,0.928122
30,3,7,vit_tiny,cifar10,0.03,9,base.blocks.8,0.925286
30,3,7,vit_tiny,cifar10,0.03,10,base.blocks.9,0.921735
30,3,7,vit_tiny,cifar10,0.03,11,base.blocks.10,0.916771
30,3,7,vit_tiny,cifar10,0.03,12,base.blocks.11,0.913246
30,3,7,vit_tiny,cifar10,0.03,13,base.norm,0.909056
30,3,7,vit_tiny,cifar10,0.03,14,classifier,0.455887
30,3,8,vit_tiny,cifar10,0.03,0,base.patch_embed,0.903272
30,3,8,vit_tiny,cifar10,0.03,1,base.blocks.0,0.939368
30,3,8,vit_tiny,cifar10,0.03,2,base.blocks.1,0.951544
30,3,8,vit_tiny,cifar10,0.03,3,base.blocks.2,0.946936
30,3,8,vit_tiny,cifar10,0.03,4,base.blocks.3,0.929915
30,3,8,vit_tiny,cifar10,0.03,5,base.blocks.4,0.924650
30,3,8,vit_tiny,cifar10,0.03,6,base.blocks.5,0.916078
30,3,8,vit_tiny,cifar10,0.03,7,base.blocks.6,0.903194
30,3,8,vit_tiny,cifar10,0.03,8,base.blocks.7,0.879913
30,3,8,vit_tiny,cifar10,0.03,9,base.blocks.8,0.851281
30,3,8,vit_tiny,cifar10,0.03,10,base.blocks.9,0.814401
30,3,8,vit_tiny,cifar10,0.03,11,base.blocks.10,0.772974
30,3,8,vit_tiny,cifar10,0.03,12,base.blocks.11,0.727971
30,3,8,vit_tiny,cifar10,0.03,13,base.norm,0.823940
30,3,8,vit_tiny,cifar10,0.03,14,classifier,0.195116
30,3,9,vit_tiny,cifar10,0.03,0,base.patch_embed,0.966922
30,3,9,vit_tiny,cifar10,0.03,1,base.blocks.0,0.942500
30,3,9,vit_tiny,cifar10,0.03,2,base.blocks.1,0.937287
30,3,9,vit_tiny,cifar10,0.03,3,base.blocks.2,0.926295
30,3,9,vit_tiny,cifar10,0.03,4,base.blocks.3,0.922146
30,3,9,vit_tiny,cifar10,0.03,5,base.blocks.4,0.913118
30,3,9,vit_tiny,cifar10,0.03,6,base.blocks.5,0.904126
30,3,9,vit_tiny,cifar10,0.03,7,base.blocks.6,0.895059
30,3,9,vit_tiny,cifar10,0.03,8,base.blocks.7,0.874486
30,3,9,vit_tiny,cifar10,0.03,9,base.blocks.8,0.852081
30,3,9,vit_tiny,cifar10,0.03,10,base.blocks.9,0.824154
30,3,9,vit_tiny,cifar10,0.03,11,base.blocks.10,0.793366
30,3,9,vit_tiny,cifar10,0.03,12,base.blocks.11,0.761542
30,3,9,vit_tiny,cifar10,0.03,13,base.norm,0.825464
30,3,9,vit_tiny,cifar10,0.03,14,classifier,0.390519
30,4,5,vit_tiny,cifar10,0.03,0,base.patch_embed,0.963883
30,4,5,vit_tiny,cifar10,0.03,1,base.blocks.0,0.947410
30,4,5,vit_tiny,cifar10,0.03,2,base.blocks.1,0.934539
30,4,5,vit_tiny,cifar10,0.03,3,base.blocks.2,0.923919
30,4,5,vit_tiny,cifar10,0.03,4,base.blocks.3,0.921998
30,4,5,vit_tiny,cifar10,0.03,5,base.blocks.4,0.915962
30,4,5,vit_tiny,cifar10,0.03,6,base.blocks.5,0.907682
30,4,5,vit_tiny,cifar10,0.03,7,base.blocks.6,0.900959
30,4,5,vit_tiny,cifar10,0.03,8,base.blocks.7,0.888584
30,4,5,vit_tiny,cifar10,0.03,9,base.blocks.8,0.878235
30,4,5,vit_tiny,cifar10,0.03,10,base.blocks.9,0.866826
30,4,5,vit_tiny,cifar10,0.03,11,base.blocks.10,0.853495
30,4,5,vit_tiny,cifar10,0.03,12,base.blocks.11,0.842160
30,4,5,vit_tiny,cifar10,0.03,13,base.norm,0.866973
30,4,5,vit_tiny,cifar10,0.03,14,classifier,0.714562
30,4,6,vit_tiny,cifar10,0.03,0,base.patch_embed,0.991574
30,4,6,vit_tiny,cifar10,0.03,1,base.blocks.0,0.979174
30,4,6,vit_tiny,cifar10,0.03,2,base.blocks.1,0.972950
30,4,6,vit_tiny,cifar10,0.03,3,base.blocks.2,0.968400
30,4,6,vit_tiny,cifar10,0.03,4,base.blocks.3,0.964961
30,4,6,vit_tiny,cifar10,0.03,5,base.blocks.4,0.960937
30,4,6,vit_tiny,cifar10,0.03,6,base.blocks.5,0.956156
30,4,6,vit_tiny,cifar10,0.03,7,base.blocks.6,0.950173
30,4,6,vit_tiny,cifar10,0.03,8,base.blocks.7,0.941936
30,4,6,vit_tiny,cifar10,0.03,9,base.blocks.8,0.930889
30,4,6,vit_tiny,cifar10,0.03,10,base.blocks.9,0.909498
30,4,6,vit_tiny,cifar10,0.03,11,base.blocks.10,0.889686
30,4,6,vit_tiny,cifar10,0.03,12,base.blocks.11,0.856027
30,4,6,vit_tiny,cifar10,0.03,13,base.norm,0.885375
30,4,6,vit_tiny,cifar10,0.03,14,classifier,0.692172
30,4,7,vit_tiny,cifar10,0.03,0,base.patch_embed,0.947830
30,4,7,vit_tiny,cifar10,0.03,1,base.blocks.0,0.946988
30,4,7,vit_tiny,cifar10,0.03,2,base.blocks.1,0.941233
30,4,7,vit_tiny,cifar10,0.03,3,base.blocks.2,0.933431
30,4,7,vit_tiny,cifar10,0.03,4,base.blocks.3,0.929686
30,4,7,vit_tiny,cifar10,0.03,5,base.blocks.4,0.934521
30,4,7,vit_tiny,cifar10,0.03,6,base.blocks.5,0.934820
30,4,7,vit_tiny,cifar10,0.03,7,base.blocks.6,0.934659
30,4,7,vit_tiny,cifar10,0.03,8,base.blocks.7,0.924824
30,4,7,vit_tiny,cifar10,0.03,9,base.blocks.8,0.910529
30,4,7,vit_tiny,cifar10,0.03,10,base.blocks.9,0.893734
30,4,7,vit_tiny,cifar10,0.03,11,base.blocks.10,0.862532
30,4,7,vit_tiny,cifar10,0.03,12,base.blocks.11,0.831552
30,4,7,vit_tiny,cifar10,0.03,13,base.norm,0.870657
30,4,7,vit_tiny,cifar10,0.03,14,classifier,0.753428
30,4,8,vit_tiny,cifar10,0.03,0,base.patch_embed,0.938189
30,4,8,vit_tiny,cifar10,0.03,1,base.blocks.0,0.973603
30,4,8,vit_tiny,cifar10,0.03,2,base.blocks.1,0.976749
30,4,8,vit_tiny,cifar10,0.03,3,base.blocks.2,0.973619
30,4,8,vit_tiny,cifar10,0.03,4,base.blocks.3,0.974695
30,4,8,vit_tiny,cifar10,0.03,5,base.blocks.4,0.973311
30,4,8,vit_tiny,cifar10,0.03,6,base.blocks.5,0.971389
30,4,8,vit_tiny,cifar10,0.03,7,base.blocks.6,0.969429
30,4,8,vit_tiny,cifar10,0.03,8,base.blocks.7,0.962453
30,4,8,vit_tiny,cifar10,0.03,9,base.blocks.8,0.951980
30,4,8,vit_tiny,cifar10,0.03,10,base.blocks.9,0.935329
30,4,8,vit_tiny,cifar10,0.03,11,base.blocks.10,0.913997
30,4,8,vit_tiny,cifar10,0.03,12,base.blocks.11,0.883391
30,4,8,vit_tiny,cifar10,0.03,13,base.norm,0.902336
30,4,8,vit_tiny,cifar10,0.03,14,classifier,0.682118
30,4,9,vit_tiny,cifar10,0.03,0,base.patch_embed,0.958594
30,4,9,vit_tiny,cifar10,0.03,1,base.blocks.0,0.942508
30,4,9,vit_tiny,cifar10,0.03,2,base.blocks.1,0.932695
30,4,9,vit_tiny,cifar10,0.03,3,base.blocks.2,0.920201
30,4,9,vit_tiny,cifar10,0.03,4,base.blocks.3,0.918788
30,4,9,vit_tiny,cifar10,0.03,5,base.blocks.4,0.911723
30,4,9,vit_tiny,cifar10,0.03,6,base.blocks.5,0.903368
30,4,9,vit_tiny,cifar10,0.03,7,base.blocks.6,0.895751
30,4,9,vit_tiny,cifar10,0.03,8,base.blocks.7,0.878471
30,4,9,vit_tiny,cifar10,0.03,9,base.blocks.8,0.859857
30,4,9,vit_tiny,cifar10,0.03,10,base.blocks.9,0.833798
30,4,9,vit_tiny,cifar10,0.03,11,base.blocks.10,0.801605
30,4,9,vit_tiny,cifar10,0.03,12,base.blocks.11,0.764539
30,4,9,vit_tiny,cifar10,0.03,13,base.norm,0.835040
30,4,9,vit_tiny,cifar10,0.03,14,classifier,0.631720
30,5,6,vit_tiny,cifar10,0.03,0,base.patch_embed,0.983711
30,5,6,vit_tiny,cifar10,0.03,1,base.blocks.0,0.929441
30,5,6,vit_tiny,cifar10,0.03,2,base.blocks.1,0.915185
30,5,6,vit_tiny,cifar10,0.03,3,base.blocks.2,0.901199
30,5,6,vit_tiny,cifar10,0.03,4,base.blocks.3,0.915514
30,5,6,vit_tiny,cifar10,0.03,5,base.blocks.4,0.903803
30,5,6,vit_tiny,cifar10,0.03,6,base.blocks.5,0.887895
30,5,6,vit_tiny,cifar10,0.03,7,base.blocks.6,0.872210
30,5,6,vit_tiny,cifar10,0.03,8,base.blocks.7,0.846896
30,5,6,vit_tiny,cifar10,0.03,9,base.blocks.8,0.817469
30,5,6,vit_tiny,cifar10,0.03,10,base.blocks.9,0.782552
30,5,6,vit_tiny,cifar10,0.03,11,base.blocks.10,0.747379
30,5,6,vit_tiny,cifar10,0.03,12,base.blocks.11,0.710517
30,5,6,vit_tiny,cifar10,0.03,13,base.norm,0.827837
30,5,6,vit_tiny,cifar10,0.03,14,classifier,0.600075
30,5,7,vit_tiny,cifar10,0.03,0,base.patch_embed,0.996193
30,5,7,vit_tiny,cifar10,0.03,1,base.blocks.0,0.989080
30,5,7,vit_tiny,cifar10,0.03,2,base.blocks.1,0.979239
30,5,7,vit_tiny,cifar10,0.03,3,base.blocks.2,0.968560
30,5,7,vit_tiny,cifar10,0.03,4,base.blocks.3,0.960570
30,5,7,vit_tiny,cifar10,0.03,5,base.blocks.4,0.953088
30,5,7,vit_tiny,cifar10,0.03,6,base.blocks.5,0.943504
30,5,7,vit_tiny,cifar10,0.03,7,base.blocks.6,0.931382
30,5,7,vit_tiny,cifar10,0.03,8,base.blocks.7,0.912761
30,5,7,vit_tiny,cifar10,0.03,9,base.blocks.8,0.894074
30,5,7,vit_tiny,cifar10,0.03,10,base.blocks.9,0.869606
30,5,7,vit_tiny,cifar10,0.03,11,base.blocks.10,0.846018
30,5,7,vit_tiny,cifar10,0.03,12,base.blocks.11,0.825435
30,5,7,vit_tiny,cifar10,0.03,13,base.norm,0.937930
30,5,7,vit_tiny,cifar10,0.03,14,classifier,0.804720
30,5,8,vit_tiny,cifar10,0.03,0,base.patch_embed,0.898890
30,5,8,vit_tiny,cifar10,0.03,1,base.blocks.0,0.907941
30,5,8,vit_tiny,cifar10,0.03,2,base.blocks.1,0.899346
30,5,8,vit_tiny,cifar10,0.03,3,base.blocks.2,0.884102
30,5,8,vit_tiny,cifar10,0.03,4,base.blocks.3,0.886760
30,5,8,vit_tiny,cifar10,0.03,5,base.blocks.4,0.875761
30,5,8,vit_tiny,cifar10,0.03,6,base.blocks.5,0.861346
30,5,8,vit_tiny,cifar10,0.03,7,base.blocks.6,0.848741
30,5,8,vit_tiny,cifar10,0.03,8,base.blocks.7,0.825896
30,5,8,vit_tiny,cifar10,0.03,9,base.blocks.8,0.801796
30,5,8,vit_tiny,cifar10,0.03,10,base.blocks.9,0.776436
30,5,8,vit_tiny,cifar10,0.03,11,base.blocks.10,0.745679
30,5,8,vit_tiny,cifar10,0.03,12,base.blocks.11,0.718268
30,5,8,vit_tiny,cifar10,0.03,13,base.norm,0.819005
30,5,8,vit_tiny,cifar10,0.03,14,classifier,0.401727
30,5,9,vit_tiny,cifar10,0.03,0,base.patch_embed,0.981972
30,5,9,vit_tiny,cifar10,0.03,1,base.blocks.0,0.974841
30,5,9,vit_tiny,cifar10,0.03,2,base.blocks.1,0.970864
30,5,9,vit_tiny,cifar10,0.03,3,base.blocks.2,0.965618
30,5,9,vit_tiny,cifar10,0.03,4,base.blocks.3,0.964762
30,5,9,vit_tiny,cifar10,0.03,5,base.blocks.4,0.959390
30,5,9,vit_tiny,cifar10,0.03,6,base.blocks.5,0.952735
30,5,9,vit_tiny,cifar10,0.03,7,base.blocks.6,0.944687
30,5,9,vit_tiny,cifar10,0.03,8,base.blocks.7,0.932677
30,5,9,vit_tiny,cifar10,0.03,9,base.blocks.8,0.918911
30,5,9,vit_tiny,cifar10,0.03,10,base.blocks.9,0.904411
30,5,9,vit_tiny,cifar10,0.03,11,base.blocks.10,0.888171
30,5,9,vit_tiny,cifar10,0.03,12,base.blocks.11,0.869579
30,5,9,vit_tiny,cifar10,0.03,13,base.norm,0.936305
30,5,9,vit_tiny,cifar10,0.03,14,classifier,0.786311
30,6,7,vit_tiny,cifar10,0.03,0,base.patch_embed,0.968238
30,6,7,vit_tiny,cifar10,0.03,1,base.blocks.0,0.930202
30,6,7,vit_tiny,cifar10,0.03,2,base.blocks.1,0.924444
30,6,7,vit_tiny,cifar10,0.03,3,base.blocks.2,0.920858
30,6,7,vit_tiny,cifar10,0.03,4,base.blocks.3,0.922267
30,6,7,vit_tiny,cifar10,0.03,5,base.blocks.4,0.921434
30,6,7,vit_tiny,cifar10,0.03,6,base.blocks.5,0.914927
30,6,7,vit_tiny,cifar10,0.03,7,base.blocks.6,0.905685
30,6,7,vit_tiny,cifar10,0.03,8,base.blocks.7,0.884915
30,6,7,vit_tiny,cifar10,0.03,9,base.blocks.8,0.859248
30,6,7,vit_tiny,cifar10,0.03,10,base.blocks.9,0.823499
30,6,7,vit_tiny,cifar10,0.03,11,base.blocks.10,0.781357
30,6,7,vit_tiny,cifar10,0.03,12,base.blocks.11,0.735651
30,6,7,vit_tiny,cifar10,0.03,13,base.norm,0.802020
30,6,7,vit_tiny,cifar10,0.03,14,classifier,0.745942
30,6,8,vit_tiny,cifar10,0.03,0,base.patch_embed,0.910474
30,6,8,vit_tiny,cifar10,0.03,1,base.blocks.0,0.953458
30,6,8,vit_tiny,cifar10,0.03,2,base.blocks.1,0.967846
30,6,8,vit_tiny,cifar10,0.03,3,base.blocks.2,0.974553
30,6,8,vit_tiny,cifar10,0.03,4,base.blocks.3,0.973634
30,6,8,vit_tiny,cifar10,0.03,5,base.blocks.4,0.974563
30,6,8,vit_tiny,cifar10,0.03,6,base.blocks.5,0.974379
30,6,8,vit_tiny,cifar10,0.03,7,base.blocks.6,0.972280
30,6,8,vit_tiny,cifar10,0.03,8,base.blocks.7,0.969940
30,6,8,vit_tiny,cifar10,0.03,9,base.blocks.8,0.968010
30,6,8,vit_tiny,cifar10,0.03,10,base.blocks.9,0.963347
30,6,8,vit_tiny,cifar10,0.03,11,base.blocks.10,0.959286
30,6,8,vit_tiny,cifar10,0.03,12,base.blocks.11,0.952522
30,6,8,vit_tiny,cifar10,0.03,13,base.norm,0.908548
30,6,8,vit_tiny,cifar10,0.03,14,classifier,0.661761
30,6,9,vit_tiny,cifar10,0.03,0,base.patch_embed,0.962556
30,6,9,vit_tiny,cifar10,0.03,1,base.blocks.0,0.938650
30,6,9,vit_tiny,cifar10,0.03,2,base.blocks.1,0.942343
30,6,9,vit_tiny,cifar10,0.03,3,base.blocks.2,0.937266
30,6,9,vit_tiny,cifar10,0.03,4,base.blocks.3,0.942673
30,6,9,vit_tiny,cifar10,0.03,5,base.blocks.4,0.934606
30,6,9,vit_tiny,cifar10,0.03,6,base.blocks.5,0.925339
30,6,9,vit_tiny,cifar10,0.03,7,base.blocks.6,0.914945
30,6,9,vit_tiny,cifar10,0.03,8,base.blocks.7,0.897400
30,6,9,vit_tiny,cifar10,0.03,9,base.blocks.8,0.875902
30,6,9,vit_tiny,cifar10,0.03,10,base.blocks.9,0.845520
30,6,9,vit_tiny,cifar10,0.03,11,base.blocks.10,0.811211
30,6,9,vit_tiny,cifar10,0.03,12,base.blocks.11,0.776666
30,6,9,vit_tiny,cifar10,0.03,13,base.norm,0.839500
30,6,9,vit_tiny,cifar10,0.03,14,classifier,0.608151
30,7,8,vit_tiny,cifar10,0.03,0,base.patch_embed,0.906307
30,7,8,vit_tiny,cifar10,0.03,1,base.blocks.0,0.932311
30,7,8,vit_tiny,cifar10,0.03,2,base.blocks.1,0.938829
30,7,8,vit_tiny,cifar10,0.03,3,base.blocks.2,0.936053
30,7,8,vit_tiny,cifar10,0.03,4,base.blocks.3,0.934127
30,7,8,vit_tiny,cifar10,0.03,5,base.blocks.4,0.933883
30,7,8,vit_tiny,cifar10,0.03,6,base.blocks.5,0.929087
30,7,8,vit_tiny,cifar10,0.03,7,base.blocks.6,0.923968
30,7,8,vit_tiny,cifar10,0.03,8,base.blocks.7,0.910277
30,7,8,vit_tiny,cifar10,0.03,9,base.blocks.8,0.891267
30,7,8,vit_tiny,cifar10,0.03,10,base.blocks.9,0.868443
30,7,8,vit_tiny,cifar10,0.03,11,base.blocks.10,0.836766
30,7,8,vit_tiny,cifar10,0.03,12,base.blocks.11,0.805413
30,7,8,vit_tiny,cifar10,0.03,13,base.norm,0.868254
30,7,8,vit_tiny,cifar10,0.03,14,classifier,0.633114
30,7,9,vit_tiny,cifar10,0.03,0,base.patch_embed,0.988605
30,7,9,vit_tiny,cifar10,0.03,1,base.blocks.0,0.989666
30,7,9,vit_tiny,cifar10,0.03,2,base.blocks.1,0.989618
30,7,9,vit_tiny,cifar10,0.03,3,base.blocks.2,0.986136
30,7,9,vit_tiny,cifar10,0.03,4,base.blocks.3,0.979840
30,7,9,vit_tiny,cifar10,0.03,5,base.blocks.4,0.975595
30,7,9,vit_tiny,cifar10,0.03,6,base.blocks.5,0.969175
30,7,9,vit_tiny,cifar10,0.03,7,base.blocks.6,0.962883
30,7,9,vit_tiny,cifar10,0.03,8,base.blocks.7,0.948831
30,7,9,vit_tiny,cifar10,0.03,9,base.blocks.8,0.934353
30,7,9,vit_tiny,cifar10,0.03,10,base.blocks.9,0.914717
30,7,9,vit_tiny,cifar10,0.03,11,base.blocks.10,0.892048
30,7,9,vit_tiny,cifar10,0.03,12,base.blocks.11,0.867707
30,7,9,vit_tiny,cifar10,0.03,13,base.norm,0.919686
30,7,9,vit_tiny,cifar10,0.03,14,classifier,0.791248
30,8,9,vit_tiny,cifar10,0.03,0,base.patch_embed,0.950915
30,8,9,vit_tiny,cifar10,0.03,1,base.blocks.0,0.944293
30,8,9,vit_tiny,cifar10,0.03,2,base.blocks.1,0.937182
30,8,9,vit_tiny,cifar10,0.03,3,base.blocks.2,0.927094
30,8,9,vit_tiny,cifar10,0.03,4,base.blocks.3,0.929864
30,8,9,vit_tiny,cifar10,0.03,5,base.blocks.4,0.921296
30,8,9,vit_tiny,cifar10,0.03,6,base.blocks.5,0.911233
30,8,9,vit_tiny,cifar10,0.03,7,base.blocks.6,0.902325
30,8,9,vit_tiny,cifar10,0.03,8,base.blocks.7,0.886880
30,8,9,vit_tiny,cifar10,0.03,9,base.blocks.8,0.869295
30,8,9,vit_tiny,cifar10,0.03,10,base.blocks.9,0.846964
30,8,9,vit_tiny,cifar10,0.03,11,base.blocks.10,0.819545
30,8,9,vit_tiny,cifar10,0.03,12,base.blocks.11,0.794250
30,8,9,vit_tiny,cifar10,0.03,13,base.norm,0.864210
30,8,9,vit_tiny,cifar10,0.03,14,classifier,0.545909
40,0,1,vit_tiny,cifar10,0.03,0,base.patch_embed,0.969586
40,0,1,vit_tiny,cifar10,0.03,1,base.blocks.0,0.900615
40,0,1,vit_tiny,cifar10,0.03,2,base.blocks.1,0.848809
40,0,1,vit_tiny,cifar10,0.03,3,base.blocks.2,0.821941
40,0,1,vit_tiny,cifar10,0.03,4,base.blocks.3,0.809759
40,0,1,vit_tiny,cifar10,0.03,5,base.blocks.4,0.789457
40,0,1,vit_tiny,cifar10,0.03,6,base.blocks.5,0.767937
40,0,1,vit_tiny,cifar10,0.03,7,base.blocks.6,0.754015
40,0,1,vit_tiny,cifar10,0.03,8,base.blocks.7,0.728872
40,0,1,vit_tiny,cifar10,0.03,9,base.blocks.8,0.706176
40,0,1,vit_tiny,cifar10,0.03,10,base.blocks.9,0.681573
40,0,1,vit_tiny,cifar10,0.03,11,base.blocks.10,0.654927
40,0,1,vit_tiny,cifar10,0.03,12,base.blocks.11,0.622159
40,0,1,vit_tiny,cifar10,0.03,13,base.norm,0.687520
40,0,1,vit_tiny,cifar10,0.03,14,classifier,0.241985
40,0,2,vit_tiny,cifar10,0.03,0,base.patch_embed,0.972903
40,0,2,vit_tiny,cifar10,0.03,1,base.blocks.0,0.966763
40,0,2,vit_tiny,cifar10,0.03,2,base.blocks.1,0.956164
40,0,2,vit_tiny,cifar10,0.03,3,base.blocks.2,0.941960
40,0,2,vit_tiny,cifar10,0.03,4,base.blocks.3,0.899987
40,0,2,vit_tiny,cifar10,0.03,5,base.blocks.4,0.883901
40,0,2,vit_tiny,cifar10,0.03,6,base.blocks.5,0.862703
40,0,2,vit_tiny,cifar10,0.03,7,base.blocks.6,0.845493
40,0,2,vit_tiny,cifar10,0.03,8,base.blocks.7,0.822484
40,0,2,vit_tiny,cifar10,0.03,9,base.blocks.8,0.804828
40,0,2,vit_tiny,cifar10,0.03,10,base.blocks.9,0.787952
40,0,2,vit_tiny,cifar10,0.03,11,base.blocks.10,0.774348
40,0,2,vit_tiny,cifar10,0.03,12,base.blocks.11,0.761799
40,0,2,vit_tiny,cifar10,0.03,13,base.norm,0.879285
40,0,2,vit_tiny,cifar10,0.03,14,classifier,0.584546
40,0,3,vit_tiny,cifar10,0.03,0,base.patch_embed,0.983400
40,0,3,vit_tiny,cifar10,0.03,1,base.blocks.0,0.943272
40,0,3,vit_tiny,cifar10,0.03,2,base.blocks.1,0.921780
40,0,3,vit_tiny,cifar10,0.03,3,base.blocks.2,0.908644
40,0,3,vit_tiny,cifar10,0.03,4,base.blocks.3,0.875776
40,0,3,vit_tiny,cifar10,0.03,5,base.blocks.4,0.862778
40,0,3,vit_tiny,cifar10,0.03,6,base.blocks.5,0.844393
40,0,3,vit_tiny,cifar10,0.03,7,base.blocks.6,0.830092
40,0,3,vit_tiny,cifar10,0.03,8,base.blocks.7,0.809346
40,0,3,vit_tiny,cifar10,0.03,9,base.blocks.8,0.791502
40,0,3,vit_tiny,cifar10,0.03,10,base.blocks.9,0.770058
40,0,3,vit_tiny,cifar10,0.03,11,base.blocks.10,0.748632
40,0,3,vit_tiny,cifar10,0.03,12,base.blocks.11,0.724382
40,0,3,vit_tiny,cifar10,0.03,13,base.norm,0.804006
40,0,3,vit_tiny,cifar10,0.03,14,classifier,0.463570
40,0,4,vit_tiny,cifar10,0.03,0,base.patch_embed,0.973235
40,0,4,vit_tiny,cifar10,0.03,1,base.blocks.0,0.956717
40,0,4,vit_tiny,cifar10,0.03,2,base.blocks.1,0.946603
40,0,4,vit_tiny,cifar10,0.03,3,base.blocks.2,0.931954
40,0,4,vit_tiny,cifar10,0.03,4,base.blocks.3,0.878054
40,0,4,vit_tiny,cifar10,0.03,5,base.blocks.4,0.862508
40,0,4,vit_tiny,cifar10,0.03,6,base.blocks.5,0.839328
40,0,4,vit_tiny,cifar10,0.03,7,base.blocks.6,0.821070
40,0,4,vit_tiny,cifar10,0.03,8,base.blocks.7,0.794216
40,0,4,vit_tiny,cifar10,0.03,9,base.blocks.8,0.769624
40,0,4,vit_tiny,cifar10,0.03,10,base.blocks.9,0.737535
40,0,4,vit_tiny,cifar10,0.03,11,base.blocks.10,0.703594
40,0,4,vit_tiny,cifar10,0.03,12,base.blocks.11,0.663008
40,0,4,vit_tiny,cifar10,0.03,13,base.norm,0.782518
40,0,4,vit_tiny,cifar10,0.03,14,classifier,0.576484
40,0,5,vit_tiny,cifar10,0.03,0,base.patch_embed,0.977162
40,0,5,vit_tiny,cifar10,0.03,1,base.blocks.0,0.976491
40,0,5,vit_tiny,cifar10,0.03,2,base.blocks.1,0.979709
40,0,5,vit_tiny,cifar10,0.03,3,base.blocks.2,0.981604
40,0,5,vit_tiny,cifar10,0.03,4,base.blocks.3,0.951456
40,0,5,vit_tiny,cifar10,0.03,5,base.blocks.4,0.940064
40,0,5,vit_tiny,cifar10,0.03,6,base.blocks.5,0.925787
40,0,5,vit_tiny,cifar10,0.03,7,base.blocks.6,0.911040
40,0,5,vit_tiny,cifar10,0.03,8,base.blocks.7,0.889742
40,0,5,vit_tiny,cifar10,0.03,9,base.blocks.8,0.868688
40,0,5,vit_tiny,cifar10,0.03,10,base.blocks.9,0.841328
40,0,5,vit_tiny,cifar10,0.03,11,base.blocks.10,0.809845
40,0,5,vit_tiny,cifar10,0.03,12,base.blocks.11,0.777104
40,0,5,vit_tiny,cifar10,0.03,13,base.norm,0.880664
40,0,5,vit_tiny,cifar10,0.03,14,classifier,0.715353
40,0,6,vit_tiny,cifar10,0.03,0,base.patch_embed,0.944959
40,0,6,vit_tiny,cifar10,0.03,1,base.blocks.0,0.925669
40,0,6,vit_tiny,cifar10,0.03,2,base.blocks.1,0.937154
40,0,6,vit_tiny,cifar10,0.03,3,base.blocks.2,0.938272
40,0,6,vit_tiny,cifar10,0.03,4,base.blocks.3,0.888629
40,0,6,vit_tiny,cifar10,0.03,5,base.blocks.4,0.858076
40,0,6,vit_tiny,cifar10,0.03,6,base.blocks.5,0.818895
40,0,6,vit_tiny,cifar10,0.03,7,base.blocks.6,0.780036
40,0,6,vit_tiny,cifar10,0.03,8,base.blocks.7,0.725564
40,0,6,vit_tiny,cifar10,0.03,9,base.blocks.8,0.669851
40,0,6,vit_tiny,cifar10,0.03,10,base.blocks.9,0.607752
40,0,6,vit_tiny,cifar10,0.03,11,base.blocks.10,0.543426
40,0,6,vit_tiny,cifar10,0.03,12,base.blocks.11,0.486416
40,0,6,vit_tiny,cifar10,0.03,13,base.norm,0.715563
40,0,6,vit_tiny,cifar10,0.03,14,classifier,0.384051
40,0,7,vit_tiny,cifar10,0.03,0,base.patch_embed,0.941129
40,0,7,vit_tiny,cifar10,0.03,1,base.blocks.0,0.974181
40,0,7,vit_tiny,cifar10,0.03,2,base.blocks.1,0.982654
40,0,7,vit_tiny,cifar10,0.03,3,base.blocks.2,0.980062
40,0,7,vit_tiny,cifar10,0.03,4,base.blocks.3,0.933048
40,0,7,vit_tiny,cifar10,0.03,5,base.blocks.4,0.912801
40,0,7,vit_tiny,cifar10,0.03,6,base.blocks.5,0.883521
40,0,7,vit_tiny,cifar10,0.03,7,base.blocks.6,0.858147
40,0,7,vit_tiny,cifar10,0.03,8,base.blocks.7,0.823544
40,0,7,vit_tiny,cifar10,0.03,9,base.blocks.8,0.791648
40,0,7,vit_tiny,cifar10,0.03,10,base.blocks.9,0.744769
40,0,7,vit_tiny,cifar10,0.03,11,base.blocks.10,0.709611
40,0,7,vit_tiny,cifar10,0.03,12,base.blocks.11,0.671792
40,0,7,vit_tiny,cifar10,0.03,13,base.norm,0.845632
40,0,7,vit_tiny,cifar10,0.03,14,classifier,0.541782
40,0,8,vit_tiny,cifar10,0.03,0,base.patch_embed,0.937777
40,0,8,vit_tiny,cifar10,0.03,1,base.blocks.0,0.932869
40,0,8,vit_tiny,cifar10,0.03,2,base.blocks.1,0.925317
40,0,8,vit_tiny,cifar10,0.03,3,base.blocks.2,0.913343
40,0,8,vit_tiny,cifar10,0.03,4,base.blocks.3,0.880503
40,0,8,vit_tiny,cifar10,0.03,5,base.blocks.4,0.866764
40,0,8,vit_tiny,cifar10,0.03,6,base.blocks.5,0.843441
40,0,8,vit_tiny,cifar10,0.03,7,base.blocks.6,0.824336
40,0,8,vit_tiny,cifar10,0.03,8,base.blocks.7,0.797111
40,0,8,vit_tiny,cifar10,0.03,9,base.blocks.8,0.770924
40,0,8,vit_tiny,cifar10,0.03,10,base.blocks.9,0.736026
40,0,8,vit_tiny,cifar10,0.03,11,base.blocks.10,0.705009
40,0,8,vit_tiny,cifar10,0.03,12,base.blocks.11,0.668149
40,0,8,vit_tiny,cifar10,0.03,13,base.norm,0.792634
40,0,8,vit_tiny,cifar10,0.03,14,classifier,0.356640
40,0,9,vit_tiny,cifar10,0.03,0,base.patch_embed,0.976369
40,0,9,vit_tiny,cifar10,0.03,1,base.blocks.0,0.987903
40,0,9,vit_tiny,cifar10,0.03,2,base.blocks.1,0.983916
40,0,9,vit_tiny,cifar10,0.03,3,base.blocks.2,0.975823
40,0,9,vit_tiny,cifar10,0.03,4,base.blocks.3,0.929888
40,0,9,vit_tiny,cifar10,0.03,5,base.blocks.4,0.912326
40,0,9,vit_tiny,cifar10,0.03,6,base.blocks.5,0.887850
40,0,9,vit_tiny,cifar10,0.03,7,base.blocks.6,0.864507
40,0,9,vit_tiny,cifar10,0.03,8,base.blocks.7,0.834030
40,0,9,vit_tiny,cifar10,0.03,9,base.blocks.8,0.807259
40,0,9,vit_tiny,cifar10,0.03,10,base.blocks.9,0.771518
40,0,9,vit_tiny,cifar10,0.03,11,base.blocks.10,0.741481
40,0,9,vit_tiny,cifar10,0.03,12,base.blocks.11,0.705352
40,0,9,vit_tiny,cifar10,0.03,13,base.norm,0.857583
40,0,9,vit_tiny,cifar10,0.03,14,classifier,0.644972
40,1,2,vit_tiny,cifar10,0.03,0,base.patch_embed,0.915515
40,1,2,vit_tiny,cifar10,0.03,1,base.blocks.0,0.885879
40,1,2,vit_tiny,cifar10,0.03,2,base.blocks.1,0.825888
40,1,2,vit_tiny,cifar10,0.03,3,base.blocks.2,0.790591
40,1,2,vit_tiny,cifar10,0.03,4,base.blocks.3,0.794246
40,1,2,vit_tiny,cifar10,0.03,5,base.blocks.4,0.775347
40,1,2,vit_tiny,cifar10,0.03,6,base.blocks.5,0.759361
40,1,2,vit_tiny,cifar10,0.03,7,base.blocks.6,0.750528
40,1,2,vit_tiny,cifar10,0.03,8,base.blocks.7,0.736199
40,1,2,vit_tiny,cifar10,0.03,9,base.blocks.8,0.724453
40,1,2,vit_tiny,cifar10,0.03,10,base.blocks.9,0.714240
40,1,2,vit_tiny,cifar10,0.03,11,base.blocks.10,0.700827
40,1,2,vit_tiny,cifar10,0.03,12,base.blocks.11,0.688394
40,1,2,vit_tiny,cifar10,0.03,13,base.norm,0.747734
40,1,2,vit_tiny,cifar10,0.03,14,classifier,0.235003
40,1,3,vit_tiny,cifar10,0.03,0,base.patch_embed,0.991023
40,1,3,vit_tiny,cifar10,0.03,1,base.blocks.0,0.975379
40,1,3,vit_tiny,cifar10,0.03,2,base.blocks.1,0.942500
40,1,3,vit_tiny,cifar10,0.03,3,base.blocks.2,0.931320
40,1,3,vit_tiny,cifar10,0.03,4,base.blocks.3,0.903660
40,1,3,vit_tiny,cifar10,0.03,5,base.blocks.4,0.883364
40,1,3,vit_tiny,cifar10,0.03,6,base.blocks.5,0.864689
40,1,3,vit_tiny,cifar10,0.03,7,base.blocks.6,0.851418
40,1,3,vit_tiny,cifar10,0.03,8,base.blocks.7,0.834683
40,1,3,vit_tiny,cifar10,0.03,9,base.blocks.8,0.820232
40,1,3,vit_tiny,cifar10,0.03,10,base.blocks.9,0.802296
40,1,3,vit_tiny,cifar10,0.03,11,base.blocks.10,0.786995
40,1,3,vit_tiny,cifar10,0.03,12,base.blocks.11,0.766966
40,1,3,vit_tiny,cifar10,0.03,13,base.norm,0.815163
40,1,3,vit_tiny,cifar10,0.03,14,classifier,0.588299
40,1,4,vit_tiny,cifar10,0.03,0,base.patch_embed,0.952739
40,1,4,vit_tiny,cifar10,0.03,1,base.blocks.0,0.941655
40,1,4,vit_tiny,cifar10,0.03,2,base.blocks.1,0.898832
40,1,4,vit_tiny,cifar10,0.03,3,base.blocks.2,0.877006
40,1,4,vit_tiny,cifar10,0.03,4,base.blocks.3,0.856473
40,1,4,vit_tiny,cifar10,0.03,5,base.blocks.4,0.835627
40,1,4,vit_tiny,cifar10,0.03,6,base.blocks.5,0.817414
40,1,4,vit_tiny,cifar10,0.03,7,base.blocks.6,0.806916
40,1,4,vit_tiny,cifar10,0.03,8,base.blocks.7,0.788543
40,1,4,vit_tiny,cifar10,0.03,9,base.blocks.8,0.771503
40,1,4,vit_tiny,cifar10,0.03,10,base.blocks.9,0.755268
40,1,4,vit_tiny,cifar10,0.03,11,base.blocks.10,0.722943
40,1,4,vit_tiny,cifar10,0.03,12,base.blocks.11,0.685394
40,1,4,vit_tiny,cifar10,0.03,13,base.norm,0.697725
40,1,4,vit_tiny,cifar10,0.03,14,classifier,0.273331
40,1,5,vit_tiny,cifar10,0.03,0,base.patch_embed,0.978754
40,1,5,vit_tiny,cifar10,0.03,1,base.blocks.0,0.953549
40,1,5,vit_tiny,cifar10,0.03,2,base.blocks.1,0.913873
40,1,5,vit_tiny,cifar10,0.03,3,base.blocks.2,0.886050
40,1,5,vit_tiny,cifar10,0.03,4,base.blocks.3,0.866920
40,1,5,vit_tiny,cifar10,0.03,5,base.blocks.4,0.845323
40,1,5,vit_tiny,cifar10,0.03,6,base.blocks.5,0.825474
40,1,5,vit_tiny,cifar10,0.03,7,base.blocks.6,0.812778
40,1,5,vit_tiny,cifar10,0.03,8,base.blocks.7,0.788588
40,1,5,vit_tiny,cifar10,0.03,9,base.blocks.8,0.769513
40,1,5,vit_tiny,cifar10,0.03,10,base.blocks.9,0.748466
40,1,5,vit_tiny,cifar10,0.03,11,base.blocks.10,0.718642
40,1,5,vit_tiny,cifar10,0.03,12,base.blocks.11,0.686788
40,1,5,vit_tiny,cifar10,0.03,13,base.norm,0.722365
40,1,5,vit_tiny,cifar10,0.03,14,classifier,0.371768
40,1,6,vit_tiny,cifar10,0.03,0,base.patch_embed,0.967139
40,1,6,vit_tiny,cifar10,0.03,1,base.blocks.0,0.956112
40,1,6,vit_tiny,cifar10,0.03,2,base.blocks.1,0.928965
40,1,6,vit_tiny,cifar10,0.03,3,base.blocks.2,0.913676
40,1,6,vit_tiny,cifar10,0.03,4,base.blocks.3,0.862562
40,1,6,vit_tiny,cifar10,0.03,5,base.blocks.4,0.836781
40,1,6,vit_tiny,cifar10,0.03,6,base.blocks.5,0.816900
40,1,6,vit_tiny,cifar10,0.03,7,base.blocks.6,0.795670
40,1,6,vit_tiny,cifar10,0.03,8,base.blocks.7,0.757695
40,1,6,vit_tiny,cifar10,0.03,9,base.blocks.8,0.721747
40,1,6,vit_tiny,cifar10,0.03,10,base.blocks.9,0.685493
40,1,6,vit_tiny,cifar10,0.03,11,base.blocks.10,0.637136
40,1,6,vit_tiny,cifar10,0.03,12,base.blocks.11,0.593152
40,1,6,vit_tiny,cifar10,0.03,13,base.norm,0.634350
40,1,6,vit_tiny,cifar10,0.03,14,classifier,0.369654
40,1,7,vit_tiny,cifar10,0.03,0,base.patch_embed,0.931114
40,1,7,vit_tiny,cifar10,0.03,1,base.blocks.0,0.912686
40,1,7,vit_tiny,cifar10,0.03,2,base.blocks.1,0.859914
40,1,7,vit_tiny,cifar10,0.03,3,base.blocks.2,0.817897
40,1,7,vit_tiny,cifar10,0.03,4,base.blocks.3,0.841956
40,1,7,vit_tiny,cifar10,0.03,5,base.blocks.4,0.823014
40,1,7,vit_tiny,cifar10,0.03,6,base.blocks.5,0.804679
40,1,7,vit_tiny,cifar10,0.03,7,base.blocks.6,0.796950
40,1,7,vit_tiny,cifar10,0.03,8,base.blocks.7,0.774064
40,1,7,vit_tiny,cifar10,0.03,9,base.blocks.8,0.756227
40,1,7,vit_tiny,cifar10,0.03,10,base.blocks.9,0.739915
40,1,7,vit_tiny,cifar10,0.03,11,base.blocks.10,0.715226
40,1,7,vit_tiny,cifar10,0.03,12,base.blocks.11,0.690149
40,1,7,vit_tiny,cifar10,0.03,13,base.norm,0.716354
40,1,7,vit_tiny,cifar10,0.03,14,classifier,0.270010
40,1,8,vit_tiny,cifar10,0.03,0,base.patch_embed,0.894287
40,1,8,vit_tiny,cifar10,0.03,1,base.blocks.0,0.917915
40,1,8,vit_tiny,cifar10,0.03,2,base.blocks.1,0.894549
40,1,8,vit_tiny,cifar10,0.03,3,base.blocks.2,0.874364
40,1,8,vit_tiny,cifar10,0.03,4,base.blocks.3,0.843746
40,1,8,vit_tiny,cifar10,0.03,5,base.blocks.4,0.822847
40,1,8,vit_tiny,cifar10,0.03,6,base.blocks.5,0.802915
40,1,8,vit_tiny,cifar10,0.03,7,base.blocks.6,0.788252
40,1,8,vit_tiny,cifar10,0.03,8,base.blocks.7,0.768285
40,1,8,vit_tiny,cifar10,0.03,9,base.blocks.8,0.751383
40,1,8,vit_tiny,cifar10,0.03,10,base.blocks.9,0.733251
40,1,8,vit_tiny,cifar10,0.03,11,base.blocks.10,0.716845
40,1,8,vit_tiny,cifar10,0.03,12,base.blocks.11,0.703151
40,1,8,vit_tiny,cifar10,0.03,13,base.norm,0.746640
40,1,8,vit_tiny,cifar10,0.03,14,classifier,0.243191
40,1,9,vit_tiny,cifar10,0.03,0,base.patch_embed,0.934015
40,1,9,vit_tiny,cifar10,0.03,1,base.blocks.0,0.922596
40,1,9,vit_tiny,cifar10,0.03,2,base.blocks.1,0.865784
40,1,9,vit_tiny,cifar10,0.03,3,base.blocks.2,0.828832
40,1,9,vit_tiny,cifar10,0.03,4,base.blocks.3,0.820950
40,1,9,vit_tiny,cifar10,0.03,5,base.blocks.4,0.796853
40,1,9,vit_tiny,cifar10,0.03,6,base.blocks.5,0.777211
40,1,9,vit_tiny,cifar10,0.03,7,base.blocks.6,0.768468
40,1,9,vit_tiny,cifar10,0.03,8,base.blocks.7,0.751853
40,1,9,vit_tiny,cifar10,0.03,9,base.blocks.8,0.744556
40,1,9,vit_tiny,cifar10,0.03,10,base.blocks.9,0.738528
40,1,9,vit_tiny,cifar10,0.03,11,base.blocks.10,0.734439
40,1,9,vit_tiny,cifar10,0.03,12,base.blocks.11,0.731974
40,1,9,vit_tiny,cifar10,0.03,13,base.norm,0.717835
40,1,9,vit_tiny,cifar10,0.03,14,classifier,0.196752
40,2,3,vit_tiny,cifar10,0.03,0,base.patch_embed,0.951404
40,2,3,vit_tiny,cifar10,0.03,1,base.blocks.0,0.945454
40,2,3,vit_tiny,cifar10,0.03,2,base.blocks.1,0.942588
40,2,3,vit_tiny,cifar10,0.03,3,base.blocks.2,0.935106
40,2,3,vit_tiny,cifar10,0.03,4,base.blocks.3,0.946337
40,2,3,vit_tiny,cifar10,0.03,5,base.blocks.4,0.948243
40,2,3,vit_tiny,cifar10,0.03,6,base.blocks.5,0.947978
40,2,3,vit_tiny,cifar10,0.03,7,base.blocks.6,0.944063
40,2,3,vit_tiny,cifar10,0.03,8,base.blocks.7,0.930589
40,2,3,vit_tiny,cifar10,0.03,9,base.blocks.8,0.915547
40,2,3,vit_tiny,cifar10,0.03,10,base.blocks.9,0.894548
40,2,3,vit_tiny,cifar10,0.03,11,base.blocks.10,0.864853
40,2,3,vit_tiny,cifar10,0.03,12,base.blocks.11,0.833045
40,2,3,vit_tiny,cifar10,0.03,13,base.norm,0.878488
40,2,3,vit_tiny,cifar10,0.03,14,classifier,0.364648
40,2,4,vit_tiny,cifar10,0.03,0,base.patch_embed,0.987975
40,2,4,vit_tiny,cifar10,0.03,1,base.blocks.0,0.986088
40,2,4,vit_tiny,cifar10,0.03,2,base.blocks.1,0.983779
40,2,4,vit_tiny,cifar10,0.03,3,base.blocks.2,0.980192
40,2,4,vit_tiny,cifar10,0.03,4,base.blocks.3,0.978292
40,2,4,vit_tiny,cifar10,0.03,5,base.blocks.4,0.977664
40,2,4,vit_tiny,cifar10,0.03,6,base.blocks.5,0.976655
40,2,4,vit_tiny,cifar10,0.03,7,base.blocks.6,0.973806
40,2,4,vit_tiny,cifar10,0.03,8,base.blocks.7,0.966121
40,2,4,vit_tiny,cifar10,0.03,9,base.blocks.8,0.955081
40,2,4,vit_tiny,cifar10,0.03,10,base.blocks.9,0.938015
40,2,4,vit_tiny,cifar10,0.03,11,base.blocks.10,0.906911
40,2,4,vit_tiny,cifar10,0.03,12,base.blocks.11,0.867525
40,2,4,vit_tiny,cifar10,0.03,13,base.norm,0.885459
40,2,4,vit_tiny,cifar10,0.03,14,classifier,0.533664
40,2,5,vit_tiny,cifar10,0.03,0,base.patch_embed,0.932556
40,2,5,vit_tiny,cifar10,0.03,1,base.blocks.0,0.935121
40,2,5,vit_tiny,cifar10,0.03,2,base.blocks.1,0.929652
40,2,5,vit_tiny,cifar10,0.03,3,base.blocks.2,0.923733
40,2,5,vit_tiny,cifar10,0.03,4,base.blocks.3,0.933823
40,2,5,vit_tiny,cifar10,0.03,5,base.blocks.4,0.929008
40,2,5,vit_tiny,cifar10,0.03,6,base.blocks.5,0.923706
40,2,5,vit_tiny,cifar10,0.03,7,base.blocks.6,0.915576
40,2,5,vit_tiny,cifar10,0.03,8,base.blocks.7,0.899521
40,2,5,vit_tiny,cifar10,0.03,9,base.blocks.8,0.879663
40,2,5,vit_tiny,cifar10,0.03,10,base.blocks.9,0.857535
40,2,5,vit_tiny,cifar10,0.03,11,base.blocks.10,0.829287
40,2,5,vit_tiny,cifar10,0.03,12,base.blocks.11,0.804127
40,2,5,vit_tiny,cifar10,0.03,13,base.norm,0.880800
40,2,5,vit_tiny,cifar10,0.03,14,classifier,0.651020
40,2,6,vit_tiny,cifar10,0.03,0,base.patch_embed,0.879681
40,2,6,vit_tiny,cifar10,0.03,1,base.blocks.0,0.865790
40,2,6,vit_tiny,cifar10,0.03,2,base.blocks.1,0.879107
40,2,6,vit_tiny,cifar10,0.03,3,base.blocks.2,0.879667
40,2,6,vit_tiny,cifar10,0.03,4,base.blocks.3,0.859087
40,2,6,vit_tiny,cifar10,0.03,5,base.blocks.4,0.843107
40,2,6,vit_tiny,cifar10,0.03,6,base.blocks.5,0.822521
40,2,6,vit_tiny,cifar10,0.03,7,base.blocks.6,0.798124
40,2,6,vit_tiny,cifar10,0.03,8,base.blocks.7,0.759815
40,2,6,vit_tiny,cifar10,0.03,9,base.blocks.8,0.717286
40,2,6,vit_tiny,cifar10,0.03,10,base.blocks.9,0.672577
40,2,6,vit_tiny,cifar10,0.03,11,base.blocks.10,0.617403
40,2,6,vit_tiny,cifar10,0.03,12,base.blocks.11,0.573621
40,2,6,vit_tiny,cifar10,0.03,13,base.norm,0.754230
40,2,6,vit_tiny,cifar10,0.03,14,classifier,0.450450
40,2,7,vit_tiny,cifar10,0.03,0,base.patch_embed,0.902607
40,2,7,vit_tiny,cifar10,0.03,1,base.blocks.0,0.924464
40,2,7,vit_tiny,cifar10,0.03,2,base.blocks.1,0.934936
40,2,7,vit_tiny,cifar10,0.03,3,base.blocks.2,0.940122
40,2,7,vit_tiny,cifar10,0.03,4,base.blocks.3,0.955527
40,2,7,vit_tiny,cifar10,0.03,5,base.blocks.4,0.953717
40,2,7,vit_tiny,cifar10,0.03,6,base.blocks.5,0.948423
40,2,7,vit_tiny,cifar10,0.03,7,base.blocks.6,0.940071
40,2,7,vit_tiny,cifar10,0.03,8,base.blocks.7,0.927686
40,2,7,vit_tiny,cifar10,0.03,9,base.blocks.8,0.911390
40,2,7,vit_tiny,cifar10,0.03,10,base.blocks.9,0.887557
40,2,7,vit_tiny,cifar10,0.03,11,base.blocks.10,0.860053
40,2,7,vit_tiny,cifar10,0.03,12,base.blocks.11,0.829664
40,2,7,vit_tiny,cifar10,0.03,13,base.norm,0.909882
40,2,7,vit_tiny,cifar10,0.03,14,classifier,0.428459
40,2,8,vit_tiny,cifar10,0.03,0,base.patch_embed,0.973418
40,2,8,vit_tiny,cifar10,0.03,1,base.blocks.0,0.973491
40,2,8,vit_tiny,cifar10,0.03,2,base.blocks.1,0.969402
40,2,8,vit_tiny,cifar10,0.03,3,base.blocks.2,0.970486
40,2,8,vit_tiny,cifar10,0.03,4,base.blocks.3,0.978821
40,2,8,vit_tiny,cifar10,0.03,5,base.blocks.4,0.978537
40,2,8,vit_tiny,cifar10,0.03,6,base.blocks.5,0.976863
40,2,8,vit_tiny,cifar10,0.03,7,base.blocks.6,0.974269
40,2,8,vit_tiny,cifar10,0.03,8,base.blocks.7,0.968620
40,2,8,vit_tiny,cifar10,0.03,9,base.blocks.8,0.960523
40,2,8,vit_tiny,cifar10,0.03,10,base.blocks.9,0.945761
40,2,8,vit_tiny,cifar10,0.03,11,base.blocks.10,0.927884
40,2,8,vit_tiny,cifar10,0.03,12,base.blocks.11,0.902263
40,2,8,vit_tiny,cifar10,0.03,13,base.norm,0.906089
40,2,8,vit_tiny,cifar10,0.03,14,classifier,0.303792
40,2,9,vit_tiny,cifar10,0.03,0,base.patch_embed,0.970607
40,2,9,vit_tiny,cifar10,0.03,1,base.blocks.0,0.979904
40,2,9,vit_tiny,cifar10,0.03,2,base.blocks.1,0.974302
40,2,9,vit_tiny,cifar10,0.03,3,base.blocks.2,0.972141
40,2,9,vit_tiny,cifar10,0.03,4,base.blocks.3,0.979160
40,2,9,vit_tiny,cifar10,0.03,5,base.blocks.4,0.976941
40,2,9,vit_tiny,cifar10,0.03,6,base.blocks.5,0.973800
40,2,9,vit_tiny,cifar10,0.03,7,base.blocks.6,0.970250
40,2,9,vit_tiny,cifar10,0.03,8,base.blocks.7,0.963163
40,2,9,vit_tiny,cifar10,0.03,9,base.blocks.8,0.952491
40,2,9,vit_tiny,cifar10,0.03,10,base.blocks.9,0.934580
40,2,9,vit_tiny,cifar10,0.03,11,base.blocks.10,0.913287
40,2,9,vit_tiny,cifar10,0.03,12,base.blocks.11,0.888018
40,2,9,vit_tiny,cifar10,0.03,13,base.norm,0.934432
40,2,9,vit_tiny,cifar10,0.03,14,classifier,0.693710
40,3,4,vit_tiny,cifar10,0.03,0,base.patch_embed,0.976720
40,3,4,vit_tiny,cifar10,0.03,1,base.blocks.0,0.974327
40,3,4,vit_tiny,cifar10,0.03,2,base.blocks.1,0.978746
40,3,4,vit_tiny,cifar10,0.03,3,base.blocks.2,0.978254
40,3,4,vit_tiny,cifar10,0.03,4,base.blocks.3,0.974048
40,3,4,vit_tiny,cifar10,0.03,5,base.blocks.4,0.972963
40,3,4,vit_tiny,cifar10,0.03,6,base.blocks.5,0.970647
40,3,4,vit_tiny,cifar10,0.03,7,base.blocks.6,0.965729
40,3,4,vit_tiny,cifar10,0.03,8,base.blocks.7,0.954166
40,3,4,vit_tiny,cifar10,0.03,9,base.blocks.8,0.941215
40,3,4,vit_tiny,cifar10,0.03,10,base.blocks.9,0.923040
40,3,4,vit_tiny,cifar10,0.03,11,base.blocks.10,0.891108
40,3,4,vit_tiny,cifar10,0.03,12,base.blocks.11,0.855739
40,3,4,vit_tiny,cifar10,0.03,13,base.norm,0.841950
40,3,4,vit_tiny,cifar10,0.03,14,classifier,0.537694
40,3,5,vit_tiny,cifar10,0.03,0,base.patch_embed,0.990235
40,3,5,vit_tiny,cifar10,0.03,1,base.blocks.0,0.967018
40,3,5,vit_tiny,cifar10,0.03,2,base.blocks.1,0.952777
40,3,5,vit_tiny,cifar10,0.03,3,base.blocks.2,0.945455
40,3,5,vit_tiny,cifar10,0.03,4,base.blocks.3,0.952872
40,3,5,vit_tiny,cifar10,0.03,5,base.blocks.4,0.949678
40,3,5,vit_tiny,cifar10,0.03,6,base.blocks.5,0.946268
40,3,5,vit_tiny,cifar10,0.03,7,base.blocks.6,0.943733
40,3,5,vit_tiny,cifar10,0.03,8,base.blocks.7,0.938783
40,3,5,vit_tiny,cifar10,0.03,9,base.blocks.8,0.933057
40,3,5,vit_tiny,cifar10,0.03,10,base.blocks.9,0.927889
40,3,5,vit_tiny,cifar10,0.03,11,base.blocks.10,0.918978
40,3,5,vit_tiny,cifar10,0.03,12,base.blocks.11,0.910011
40,3,5,vit_tiny,cifar10,0.03,13,base.norm,0.887123
40,3,5,vit_tiny,cifar10,0.03,14,classifier,0.666455
40,3,6,vit_tiny,cifar10,0.03,0,base.patch_embed,0.970937
40,3,6,vit_tiny,cifar10,0.03,1,base.blocks.0,0.944723
40,3,6,vit_tiny,cifar10,0.03,2,base.blocks.1,0.934733
40,3,6,vit_tiny,cifar10,0.03,3,base.blocks.2,0.938455
40,3,6,vit_tiny,cifar10,0.03,4,base.blocks.3,0.921406
40,3,6,vit_tiny,cifar10,0.03,5,base.blocks.4,0.909992
40,3,6,vit_tiny,cifar10,0.03,6,base.blocks.5,0.895007
40,3,6,vit_tiny,cifar10,0.03,7,base.blocks.6,0.876559
40,3,6,vit_tiny,cifar10,0.03,8,base.blocks.7,0.847547
40,3,6,vit_tiny,cifar10,0.03,9,base.blocks.8,0.812849
40,3,6,vit_tiny,cifar10,0.03,10,base.blocks.9,0.769349
40,3,6,vit_tiny,cifar10,0.03,11,base.blocks.10,0.719768
40,3,6,vit_tiny,cifar10,0.03,12,base.blocks.11,0.673165
40,3,6,vit_tiny,cifar10,0.03,13,base.norm,0.773051
40,3,6,vit_tiny,cifar10,0.03,14,classifier,0.529502
40,3,7,vit_tiny,cifar10,0.03,0,base.patch_embed,0.954285
40,3,7,vit_tiny,cifar10,0.03,1,base.blocks.0,0.932944
40,3,7,vit_tiny,cifar10,0.03,2,base.blocks.1,0.928770
40,3,7,vit_tiny,cifar10,0.03,3,base.blocks.2,0.921147
40,3,7,vit_tiny,cifar10,0.03,4,base.blocks.3,0.946936
40,3,7,vit_tiny,cifar10,0.03,5,base.blocks.4,0.947826
40,3,7,vit_tiny,cifar10,0.03,6,base.blocks.5,0.946537
40,3,7,vit_tiny,cifar10,0.03,7,base.blocks.6,0.943362
40,3,7,vit_tiny,cifar10,0.03,8,base.blocks.7,0.933653
40,3,7,vit_tiny,cifar10,0.03,9,base.blocks.8,0.922203
40,3,7,vit_tiny,cifar10,0.03,10,base.blocks.9,0.903836
40,3,7,vit_tiny,cifar10,0.03,11,base.blocks.10,0.884062
40,3,7,vit_tiny,cifar10,0.03,12,base.blocks.11,0.859262
40,3,7,vit_tiny,cifar10,0.03,13,base.norm,0.870011
40,3,7,vit_tiny,cifar10,0.03,14,classifier,0.430425
40,3,8,vit_tiny,cifar10,0.03,0,base.patch_embed,0.940758
40,3,8,vit_tiny,cifar10,0.03,1,base.blocks.0,0.943275
40,3,8,vit_tiny,cifar10,0.03,2,base.blocks.1,0.953857
40,3,8,vit_tiny,cifar10,0.03,3,base.blocks.2,0.958672
40,3,8,vit_tiny,cifar10,0.03,4,base.blocks.3,0.954412
40,3,8,vit_tiny,cifar10,0.03,5,base.blocks.4,0.954719
40,3,8,vit_tiny,cifar10,0.03,6,base.blocks.5,0.950601
40,3,8,vit_tiny,cifar10,0.03,7,base.blocks.6,0.942141
40,3,8,vit_tiny,cifar10,0.03,8,base.blocks.7,0.922642
40,3,8,vit_tiny,cifar10,0.03,9,base.blocks.8,0.902142
40,3,8,vit_tiny,cifar10,0.03,10,base.blocks.9,0.867214
40,3,8,vit_tiny,cifar10,0.03,11,base.blocks.10,0.827863
40,3,8,vit_tiny,cifar10,0.03,12,base.blocks.11,0.778879
40,3,8,vit_tiny,cifar10,0.03,13,base.norm,0.830098
40,3,8,vit_tiny,cifar10,0.03,14,classifier,0.248191
40,3,9,vit_tiny,cifar10,0.03,0,base.patch_embed,0.968305
40,3,9,vit_tiny,cifar10,0.03,1,base.blocks.0,0.961980
40,3,9,vit_tiny,cifar10,0.03,2,base.blocks.1,0.952307
40,3,9,vit_tiny,cifar10,0.03,3,base.blocks.2,0.942746
40,3,9,vit_tiny,cifar10,0.03,4,base.blocks.3,0.952598
40,3,9,vit_tiny,cifar10,0.03,5,base.blocks.4,0.950530
40,3,9,vit_tiny,cifar10,0.03,6,base.blocks.5,0.948132
40,3,9,vit_tiny,cifar10,0.03,7,base.blocks.6,0.945320
40,3,9,vit_tiny,cifar10,0.03,8,base.blocks.7,0.933176
40,3,9,vit_tiny,cifar10,0.03,9,base.blocks.8,0.919983
40,3,9,vit_tiny,cifar10,0.03,10,base.blocks.9,0.900129
40,3,9,vit_tiny,cifar10,0.03,11,base.blocks.10,0.880897
40,3,9,vit_tiny,cifar10,0.03,12,base.blocks.11,0.856400
40,3,9,vit_tiny,cifar10,0.03,13,base.norm,0.868231
40,3,9,vit_tiny,cifar10,0.03,14,classifier,0.479816
40,4,5,vit_tiny,cifar10,0.03,0,base.patch_embed,0.954689
40,4,5,vit_tiny,cifar10,0.03,1,base.blocks.0,0.953603
40,4,5,vit_tiny,cifar10,0.03,2,base.blocks.1,0.948158
40,4,5,vit_tiny,cifar10,0.03,3,base.blocks.2,0.942332
40,4,5,vit_tiny,cifar10,0.03,4,base.blocks.3,0.944717
40,4,5,vit_tiny,cifar10,0.03,5,base.blocks.4,0.941894
40,4,5,vit_tiny,cifar10,0.03,6,base.blocks.5,0.937618
40,4,5,vit_tiny,cifar10,0.03,7,base.blocks.6,0.933159
40,4,5,vit_tiny,cifar10,0.03,8,base.blocks.7,0.923434
40,4,5,vit_tiny,cifar10,0.03,9,base.blocks.8,0.911944
40,4,5,vit_tiny,cifar10,0.03,10,base.blocks.9,0.897408
40,4,5,vit_tiny,cifar10,0.03,11,base.blocks.10,0.881311
40,4,5,vit_tiny,cifar10,0.03,12,base.blocks.11,0.865690
40,4,5,vit_tiny,cifar10,0.03,13,base.norm,0.887889
40,4,5,vit_tiny,cifar10,0.03,14,classifier,0.812481
40,4,6,vit_tiny,cifar10,0.03,0,base.patch_embed,0.913948
40,4,6,vit_tiny,cifar10,0.03,1,base.blocks.0,0.902858
40,4,6,vit_tiny,cifar10,0.03,2,base.blocks.1,0.913177
40,4,6,vit_tiny,cifar10,0.03,3,base.blocks.2,0.917505
40,4,6,vit_tiny,cifar10,0.03,4,base.blocks.3,0.890035
40,4,6,vit_tiny,cifar10,0.03,5,base.blocks.4,0.879079
40,4,6,vit_tiny,cifar10,0.03,6,base.blocks.5,0.866615
40,4,6,vit_tiny,cifar10,0.03,7,base.blocks.6,0.852382
40,4,6,vit_tiny,cifar10,0.03,8,base.blocks.7,0.831571
40,4,6,vit_tiny,cifar10,0.03,9,base.blocks.8,0.810049
40,4,6,vit_tiny,cifar10,0.03,10,base.blocks.9,0.787963
40,4,6,vit_tiny,cifar10,0.03,11,base.blocks.10,0.764443
40,4,6,vit_tiny,cifar10,0.03,12,base.blocks.11,0.749807
40,4,6,vit_tiny,cifar10,0.03,13,base.norm,0.835455
40,4,6,vit_tiny,cifar10,0.03,14,classifier,0.686303
40,4,7,vit_tiny,cifar10,0.03,0,base.patch_embed,0.920097
40,4,7,vit_tiny,cifar10,0.03,1,base.blocks.0,0.930219
40,4,7,vit_tiny,cifar10,0.03,2,base.blocks.1,0.936521
40,4,7,vit_tiny,cifar10,0.03,3,base.blocks.2,0.937326
40,4,7,vit_tiny,cifar10,0.03,4,base.blocks.3,0.960713
40,4,7,vit_tiny,cifar10,0.03,5,base.blocks.4,0.961707
40,4,7,vit_tiny,cifar10,0.03,6,base.blocks.5,0.959438
40,4,7,vit_tiny,cifar10,0.03,7,base.blocks.6,0.954596
40,4,7,vit_tiny,cifar10,0.03,8,base.blocks.7,0.943381
40,4,7,vit_tiny,cifar10,0.03,9,base.blocks.8,0.928546
40,4,7,vit_tiny,cifar10,0.03,10,base.blocks.9,0.906807
40,4,7,vit_tiny,cifar10,0.03,11,base.blocks.10,0.876239
40,4,7,vit_tiny,cifar10,0.03,12,base.blocks.11,0.842179
40,4,7,vit_tiny,cifar10,0.03,13,base.norm,0.900165
40,4,7,vit_tiny,cifar10,0.03,14,classifier,0.770555
40,4,8,vit_tiny,cifar10,0.03,0,base.patch_embed,0.973997
40,4,8,vit_tiny,cifar10,0.03,1,base.blocks.0,0.985391
40,4,8,vit_tiny,cifar10,0.03,2,base.blocks.1,0.982941
40,4,8,vit_tiny,cifar10,0.03,3,base.blocks.2,0.984009
40,4,8,vit_tiny,cifar10,0.03,4,base.blocks.3,0.982953
40,4,8,vit_tiny,cifar10,0.03,5,base.blocks.4,0.980731
40,4,8,vit_tiny,cifar10,0.03,6,base.blocks.5,0.977468
40,4,8,vit_tiny,cifar10,0.03,7,base.blocks.6,0.972319
40,4,8,vit_tiny,cifar10,0.03,8,base.blocks.7,0.960759
40,4,8,vit_tiny,cifar10,0.03,9,base.blocks.8,0.945936
40,4,8,vit_tiny,cifar10,0.03,10,base.blocks.9,0.922822
40,4,8,vit_tiny,cifar10,0.03,11,base.blocks.10,0.883388
40,4,8,vit_tiny,cifar10,0.03,12,base.blocks.11,0.834409
40,4,8,vit_tiny,cifar10,0.03,13,base.norm,0.867956
40,4,8,vit_tiny,cifar10,0.03,14,classifier,0.630427
40,4,9,vit_tiny,cifar10,0.03,0,base.patch_embed,0.968237
40,4,9,vit_tiny,cifar10,0.03,1,base.blocks.0,0.975677
40,4,9,vit_tiny,cifar10,0.03,2,base.blocks.1,0.969092
40,4,9,vit_tiny,cifar10,0.03,3,base.blocks.2,0.965158
40,4,9,vit_tiny,cifar10,0.03,4,base.blocks.3,0.967275
40,4,9,vit_tiny,cifar10,0.03,5,base.blocks.4,0.964677
40,4,9,vit_tiny,cifar10,0.03,6,base.blocks.5,0.961781
40,4,9,vit_tiny,cifar10,0.03,7,base.blocks.6,0.957830
40,4,9,vit_tiny,cifar10,0.03,8,base.blocks.7,0.947164
40,4,9,vit_tiny,cifar10,0.03,9,base.blocks.8,0.934197
40,4,9,vit_tiny,cifar10,0.03,10,base.blocks.9,0.914451
40,4,9,vit_tiny,cifar10,0.03,11,base.blocks.10,0.884085
40,4,9,vit_tiny,cifar10,0.03,12,base.blocks.11,0.848186
40,4,9,vit_tiny,cifar10,0.03,13,base.norm,0.880101
40,4,9,vit_tiny,cifar10,0.03,14,classifier,0.725870
40,5,6,vit_tiny,cifar10,0.03,0,base.patch_embed,0.991676
40,5,6,vit_tiny,cifar10,0.03,1,base.blocks.0,0.980958
40,5,6,vit_tiny,cifar10,0.03,2,base.blocks.1,0.980648
40,5,6,vit_tiny,cifar10,0.03,3,base.blocks.2,0.977079
40,5,6,vit_tiny,cifar10,0.03,4,base.blocks.3,0.958678
40,5,6,vit_tiny,cifar10,0.03,5,base.blocks.4,0.944350
40,5,6,vit_tiny,cifar10,0.03,6,base.blocks.5,0.927142
40,5,6,vit_tiny,cifar10,0.03,7,base.blocks.6,0.908622
40,5,6,vit_tiny,cifar10,0.03,8,base.blocks.7,0.880077
40,5,6,vit_tiny,cifar10,0.03,9,base.blocks.8,0.849166
40,5,6,vit_tiny,cifar10,0.03,10,base.blocks.9,0.811722
40,5,6,vit_tiny,cifar10,0.03,11,base.blocks.10,0.772429
40,5,6,vit_tiny,cifar10,0.03,12,base.blocks.11,0.737624
40,5,6,vit_tiny,cifar10,0.03,13,base.norm,0.839339
40,5,6,vit_tiny,cifar10,0.03,14,classifier,0.712501
40,5,7,vit_tiny,cifar10,0.03,0,base.patch_embed,0.984112
40,5,7,vit_tiny,cifar10,0.03,1,base.blocks.0,0.990103
40,5,7,vit_tiny,cifar10,0.03,2,base.blocks.1,0.989232
40,5,7,vit_tiny,cifar10,0.03,3,base.blocks.2,0.984589
40,5,7,vit_tiny,cifar10,0.03,4,base.blocks.3,0.981472
40,5,7,vit_tiny,cifar10,0.03,5,base.blocks.4,0.975969
40,5,7,vit_tiny,cifar10,0.03,6,base.blocks.5,0.968440
40,5,7,vit_tiny,cifar10,0.03,7,base.blocks.6,0.959457
40,5,7,vit_tiny,cifar10,0.03,8,base.blocks.7,0.944488
40,5,7,vit_tiny,cifar10,0.03,9,base.blocks.8,0.927119
40,5,7,vit_tiny,cifar10,0.03,10,base.blocks.9,0.900873
40,5,7,vit_tiny,cifar10,0.03,11,base.blocks.10,0.880056
40,5,7,vit_tiny,cifar10,0.03,12,base.blocks.11,0.859706
40,5,7,vit_tiny,cifar10,0.03,13,base.norm,0.923634
40,5,7,vit_tiny,cifar10,0.03,14,classifier,0.738421
40,5,8,vit_tiny,cifar10,0.03,0,base.patch_embed,0.936650
40,5,8,vit_tiny,cifar10,0.03,1,base.blocks.0,0.930259
40,5,8,vit_tiny,cifar10,0.03,2,base.blocks.1,0.925634
40,5,8,vit_tiny,cifar10,0.03,3,base.blocks.2,0.917725
40,5,8,vit_tiny,cifar10,0.03,4,base.blocks.3,0.924321
40,5,8,vit_tiny,cifar10,0.03,5,base.blocks.4,0.917046
40,5,8,vit_tiny,cifar10,0.03,6,base.blocks.5,0.906611
40,5,8,vit_tiny,cifar10,0.03,7,base.blocks.6,0.893705
40,5,8,vit_tiny,cifar10,0.03,8,base.blocks.7,0.869473
40,5,8,vit_tiny,cifar10,0.03,9,base.blocks.8,0.841326
40,5,8,vit_tiny,cifar10,0.03,10,base.blocks.9,0.800446
40,5,8,vit_tiny,cifar10,0.03,11,base.blocks.10,0.755616
40,5,8,vit_tiny,cifar10,0.03,12,base.blocks.11,0.705574
40,5,8,vit_tiny,cifar10,0.03,13,base.norm,0.818281
40,5,8,vit_tiny,cifar10,0.03,14,classifier,0.429469
40,5,9,vit_tiny,cifar10,0.03,0,base.patch_embed,0.978848
40,5,9,vit_tiny,cifar10,0.03,1,base.blocks.0,0.981449
40,5,9,vit_tiny,cifar10,0.03,2,base.blocks.1,0.979117
40,5,9,vit_tiny,cifar10,0.03,3,base.blocks.2,0.974059
40,5,9,vit_tiny,cifar10,0.03,4,base.blocks.3,0.971278
40,5,9,vit_tiny,cifar10,0.03,5,base.blocks.4,0.966460
40,5,9,vit_tiny,cifar10,0.03,6,base.blocks.5,0.960823
40,5,9,vit_tiny,cifar10,0.03,7,base.blocks.6,0.952514
40,5,9,vit_tiny,cifar10,0.03,8,base.blocks.7,0.938723
40,5,9,vit_tiny,cifar10,0.03,9,base.blocks.8,0.923140
40,5,9,vit_tiny,cifar10,0.03,10,base.blocks.9,0.902922
40,5,9,vit_tiny,cifar10,0.03,11,base.blocks.10,0.884274
40,5,9,vit_tiny,cifar10,0.03,12,base.blocks.11,0.863446
40,5,9,vit_tiny,cifar10,0.03,13,base.norm,0.925718
40,5,9,vit_tiny,cifar10,0.03,14,classifier,0.848863
40,6,7,vit_tiny,cifar10,0.03,0,base.patch_embed,0.984792
40,6,7,vit_tiny,cifar10,0.03,1,base.blocks.0,0.968560
40,6,7,vit_tiny,cifar10,0.03,2,base.blocks.1,0.960315
40,6,7,vit_tiny,cifar10,0.03,3,base.blocks.2,0.947371
40,6,7,vit_tiny,cifar10,0.03,4,base.blocks.3,0.926078
40,6,7,vit_tiny,cifar10,0.03,5,base.blocks.4,0.901764
40,6,7,vit_tiny,cifar10,0.03,6,base.blocks.5,0.872967
40,6,7,vit_tiny,cifar10,0.03,7,base.blocks.6,0.842316
40,6,7,vit_tiny,cifar10,0.03,8,base.blocks.7,0.794581
40,6,7,vit_tiny,cifar10,0.03,9,base.blocks.8,0.743957
40,6,7,vit_tiny,cifar10,0.03,10,base.blocks.9,0.683728
40,6,7,vit_tiny,cifar10,0.03,11,base.blocks.10,0.624162
40,6,7,vit_tiny,cifar10,0.03,12,base.blocks.11,0.573177
40,6,7,vit_tiny,cifar10,0.03,13,base.norm,0.754922
40,6,7,vit_tiny,cifar10,0.03,14,classifier,0.550061
40,6,8,vit_tiny,cifar10,0.03,0,base.patch_embed,0.899371
40,6,8,vit_tiny,cifar10,0.03,1,base.blocks.0,0.878983
40,6,8,vit_tiny,cifar10,0.03,2,base.blocks.1,0.902325
40,6,8,vit_tiny,cifar10,0.03,3,base.blocks.2,0.901883
40,6,8,vit_tiny,cifar10,0.03,4,base.blocks.3,0.867554
40,6,8,vit_tiny,cifar10,0.03,5,base.blocks.4,0.850272
40,6,8,vit_tiny,cifar10,0.03,6,base.blocks.5,0.827634
40,6,8,vit_tiny,cifar10,0.03,7,base.blocks.6,0.801651
40,6,8,vit_tiny,cifar10,0.03,8,base.blocks.7,0.764682
40,6,8,vit_tiny,cifar10,0.03,9,base.blocks.8,0.727180
40,6,8,vit_tiny,cifar10,0.03,10,base.blocks.9,0.686413
40,6,8,vit_tiny,cifar10,0.03,11,base.blocks.10,0.643421
40,6,8,vit_tiny,cifar10,0.03,12,base.blocks.11,0.608142
40,6,8,vit_tiny,cifar10,0.03,13,base.norm,0.749090
40,6,8,vit_tiny,cifar10,0.03,14,classifier,0.430084
40,6,9,vit_tiny,cifar10,0.03,0,base.patch_embed,0.952650
40,6,9,vit_tiny,cifar10,0.03,1,base.blocks.0,0.939277
40,6,9,vit_tiny,cifar10,0.03,2,base.blocks.1,0.948192
40,6,9,vit_tiny,cifar10,0.03,3,base.blocks.2,0.945901
40,6,9,vit_tiny,cifar10,0.03,4,base.blocks.3,0.916920
40,6,9,vit_tiny,cifar10,0.03,5,base.blocks.4,0.899390
40,6,9,vit_tiny,cifar10,0.03,6,base.blocks.5,0.878100
40,6,9,vit_tiny,cifar10,0.03,7,base.blocks.6,0.856197
40,6,9,vit_tiny,cifar10,0.03,8,base.blocks.7,0.823089
40,6,9,vit_tiny,cifar10,0.03,9,base.blocks.8,0.791160
40,6,9,vit_tiny,cifar10,0.03,10,base.blocks.9,0.758650
40,6,9,vit_tiny,cifar10,0.03,11,base.blocks.10,0.725589
40,6,9,vit_tiny,cifar10,0.03,12,base.blocks.11,0.698912
40,6,9,vit_tiny,cifar10,0.03,13,base.norm,0.791172
40,6,9,vit_tiny,cifar10,0.03,14,classifier,0.609299
40,7,8,vit_tiny,cifar10,0.03,0,base.patch_embed,0.938597
40,7,8,vit_tiny,cifar10,0.03,1,base.blocks.0,0.915362
40,7,8,vit_tiny,cifar10,0.03,2,base.blocks.1,0.907963
40,7,8,vit_tiny,cifar10,0.03,3,base.blocks.2,0.904766
40,7,8,vit_tiny,cifar10,0.03,4,base.blocks.3,0.944186
40,7,8,vit_tiny,cifar10,0.03,5,base.blocks.4,0.942341
40,7,8,vit_tiny,cifar10,0.03,6,base.blocks.5,0.935216
40,7,8,vit_tiny,cifar10,0.03,7,base.blocks.6,0.926808
40,7,8,vit_tiny,cifar10,0.03,8,base.blocks.7,0.911039
40,7,8,vit_tiny,cifar10,0.03,9,base.blocks.8,0.892872
40,7,8,vit_tiny,cifar10,0.03,10,base.blocks.9,0.864344
40,7,8,vit_tiny,cifar10,0.03,11,base.blocks.10,0.830149
40,7,8,vit_tiny,cifar10,0.03,12,base.blocks.11,0.789835
40,7,8,vit_tiny,cifar10,0.03,13,base.norm,0.865278
40,7,8,vit_tiny,cifar10,0.03,14,classifier,0.617597
40,7,9,vit_tiny,cifar10,0.03,0,base.patch_embed,0.977498
40,7,9,vit_tiny,cifar10,0.03,1,base.blocks.0,0.977256
40,7,9,vit_tiny,cifar10,0.03,2,base.blocks.1,0.985416
40,7,9,vit_tiny,cifar10,0.03,3,base.blocks.2,0.986584
40,7,9,vit_tiny,cifar10,0.03,4,base.blocks.3,0.984949
40,7,9,vit_tiny,cifar10,0.03,5,base.blocks.4,0.980550
40,7,9,vit_tiny,cifar10,0.03,6,base.blocks.5,0.973645
40,7,9,vit_tiny,cifar10,0.03,7,base.blocks.6,0.964074
40,7,9,vit_tiny,cifar10,0.03,8,base.blocks.7,0.950143
40,7,9,vit_tiny,cifar10,0.03,9,base.blocks.8,0.933791
40,7,9,vit_tiny,cifar10,0.03,10,base.blocks.9,0.908817
40,7,9,vit_tiny,cifar10,0.03,11,base.blocks.10,0.884356
40,7,9,vit_tiny,cifar10,0.03,12,base.blocks.11,0.856061
40,7,9,vit_tiny,cifar10,0.03,13,base.norm,0.911613
40,7,9,vit_tiny,cifar10,0.03,14,classifier,0.643096
40,8,9,vit_tiny,cifar10,0.03,0,base.patch_embed,0.978622
40,8,9,vit_tiny,cifar10,0.03,1,base.blocks.0,0.957376
40,8,9,vit_tiny,cifar10,0.03,2,base.blocks.1,0.944172
40,8,9,vit_tiny,cifar10,0.03,3,base.blocks.2,0.939542
40,8,9,vit_tiny,cifar10,0.03,4,base.blocks.3,0.953995
40,8,9,vit_tiny,cifar10,0.03,5,base.blocks.4,0.949869
40,8,9,vit_tiny,cifar10,0.03,6,base.blocks.5,0.943824
40,8,9,vit_tiny,cifar10,0.03,7,base.blocks.6,0.939656
40,8,9,vit_tiny,cifar10,0.03,8,base.blocks.7,0.929241
40,8,9,vit_tiny,cifar10,0.03,9,base.blocks.8,0.919553
40,8,9,vit_tiny,cifar10,0.03,10,base.blocks.9,0.904727
40,8,9,vit_tiny,cifar10,0.03,11,base.blocks.10,0.889267
40,8,9,vit_tiny,cifar10,0.03,12,base.blocks.11,0.869836
40,8,9,vit_tiny,cifar10,0.03,13,base.norm,0.887357
40,8,9,vit_tiny,cifar10,0.03,14,classifier,0.460682
50,0,1,vit_tiny,cifar10,0.03,0,base.patch_embed,0.980499
50,0,1,vit_tiny,cifar10,0.03,1,base.blocks.0,0.937585
50,0,1,vit_tiny,cifar10,0.03,2,base.blocks.1,0.880022
50,0,1,vit_tiny,cifar10,0.03,3,base.blocks.2,0.850942
50,0,1,vit_tiny,cifar10,0.03,4,base.blocks.3,0.877124
50,0,1,vit_tiny,cifar10,0.03,5,base.blocks.4,0.869867
50,0,1,vit_tiny,cifar10,0.03,6,base.blocks.5,0.860828
50,0,1,vit_tiny,cifar10,0.03,7,base.blocks.6,0.854282
50,0,1,vit_tiny,cifar10,0.03,8,base.blocks.7,0.835893
50,0,1,vit_tiny,cifar10,0.03,9,base.blocks.8,0.816899
50,0,1,vit_tiny,cifar10,0.03,10,base.blocks.9,0.795644
50,0,1,vit_tiny,cifar10,0.03,11,base.blocks.10,0.760504
50,0,1,vit_tiny,cifar10,0.03,12,base.blocks.11,0.721743
50,0,1,vit_tiny,cifar10,0.03,13,base.norm,0.759090
50,0,1,vit_tiny,cifar10,0.03,14,classifier,0.292447
50,0,2,vit_tiny,cifar10,0.03,0,base.patch_embed,0.982087
50,0,2,vit_tiny,cifar10,0.03,1,base.blocks.0,0.970193
50,0,2,vit_tiny,cifar10,0.03,2,base.blocks.1,0.963047
50,0,2,vit_tiny,cifar10,0.03,3,base.blocks.2,0.951520
50,0,2,vit_tiny,cifar10,0.03,4,base.blocks.3,0.912890
50,0,2,vit_tiny,cifar10,0.03,5,base.blocks.4,0.898936
50,0,2,vit_tiny,cifar10,0.03,6,base.blocks.5,0.882531
50,0,2,vit_tiny,cifar10,0.03,7,base.blocks.6,0.865946
50,0,2,vit_tiny,cifar10,0.03,8,base.blocks.7,0.842221
50,0,2,vit_tiny,cifar10,0.03,9,base.blocks.8,0.823413
50,0,2,vit_tiny,cifar10,0.03,10,base.blocks.9,0.808540
50,0,2,vit_tiny,cifar10,0.03,11,base.blocks.10,0.791493
50,0,2,vit_tiny,cifar10,0.03,12,base.blocks.11,0.776613
50,0,2,vit_tiny,cifar10,0.03,13,base.norm,0.845826
50,0,2,vit_tiny,cifar10,0.03,14,classifier,0.556395
50,0,3,vit_tiny,cifar10,0.03,0,base.patch_embed,0.988901
50,0,3,vit_tiny,cifar10,0.03,1,base.blocks.0,0.961028
50,0,3,vit_tiny,cifar10,0.03,2,base.blocks.1,0.950121
50,0,3,vit_tiny,cifar10,0.03,3,base.blocks.2,0.943821
50,0,3,vit_tiny,cifar10,0.03,4,base.blocks.3,0.904052
50,0,3,vit_tiny,cifar10,0.03,5,base.blocks.4,0.892812
50,0,3,vit_tiny,cifar10,0.03,6,base.blocks.5,0.876802
50,0,3,vit_tiny,cifar10,0.03,7,base.blocks.6,0.859972
50,0,3,vit_tiny,cifar10,0.03,8,base.blocks.7,0.839290
50,0,3,vit_tiny,cifar10,0.03,9,base.blocks.8,0.820376
50,0,3,vit_tiny,cifar10,0.03,10,base.blocks.9,0.801166
50,0,3,vit_tiny,cifar10,0.03,11,base.blocks.10,0.784527
50,0,3,vit_tiny,cifar10,0.03,12,base.blocks.11,0.765146
50,0,3,vit_tiny,cifar10,0.03,13,base.norm,0.798838
50,0,3,vit_tiny,cifar10,0.03,14,classifier,0.539945
50,0,4,vit_tiny,cifar10,0.03,0,base.patch_embed,0.965773
50,0,4,vit_tiny,cifar10,0.03,1,base.blocks.0,0.957799
50,0,4,vit_tiny,cifar10,0.03,2,base.blocks.1,0.955402
50,0,4,vit_tiny,cifar10,0.03,3,base.blocks.2,0.942950
50,0,4,vit_tiny,cifar10,0.03,4,base.blocks.3,0.889141
50,0,4,vit_tiny,cifar10,0.03,5,base.blocks.4,0.877698
50,0,4,vit_tiny,cifar10,0.03,6,base.blocks.5,0.858075
50,0,4,vit_tiny,cifar10,0.03,7,base.blocks.6,0.835157
50,0,4,vit_tiny,cifar10,0.03,8,base.blocks.7,0.799494
50,0,4,vit_tiny,cifar10,0.03,9,base.blocks.8,0.760958
50,0,4,vit_tiny,cifar10,0.03,10,base.blocks.9,0.713868
50,0,4,vit_tiny,cifar10,0.03,11,base.blocks.10,0.644955
50,0,4,vit_tiny,cifar10,0.03,12,base.blocks.11,0.576109
50,0,4,vit_tiny,cifar10,0.03,13,base.norm,0.648075
50,0,4,vit_tiny,cifar10,0.03,14,classifier,0.491708
50,0,5,vit_tiny,cifar10,0.03,0,base.patch_embed,0.967546
50,0,5,vit_tiny,cifar10,0.03,1,base.blocks.0,0.948167
50,0,5,vit_tiny,cifar10,0.03,2,base.blocks.1,0.951018
50,0,5,vit_tiny,cifar10,0.03,3,base.blocks.2,0.951102
50,0,5,vit_tiny,cifar10,0.03,4,base.blocks.3,0.947663
50,0,5,vit_tiny,cifar10,0.03,5,base.blocks.4,0.938384
50,0,5,vit_tiny,cifar10,0.03,6,base.blocks.5,0.925889
50,0,5,vit_tiny,cifar10,0.03,7,base.blocks.6,0.907766
50,0,5,vit_tiny,cifar10,0.03,8,base.blocks.7,0.876374
50,0,5,vit_tiny,cifar10,0.03,9,base.blocks.8,0.839090
50,0,5,vit_tiny,cifar10,0.03,10,base.blocks.9,0.789428
50,0,5,vit_tiny,cifar10,0.03,11,base.blocks.10,0.729389
50,0,5,vit_tiny,cifar10,0.03,12,base.blocks.11,0.673304
50,0,5,vit_tiny,cifar10,0.03,13,base.norm,0.788701
50,0,5,vit_tiny,cifar10,0.03,14,classifier,0.648846
50,0,6,vit_tiny,cifar10,0.03,0,base.patch_embed,0.961791
50,0,6,vit_tiny,cifar10,0.03,1,base.blocks.0,0.948334
50,0,6,vit_tiny,cifar10,0.03,2,base.blocks.1,0.952262
50,0,6,vit_tiny,cifar10,0.03,3,base.blocks.2,0.948158
50,0,6,vit_tiny,cifar10,0.03,4,base.blocks.3,0.920322
50,0,6,vit_tiny,cifar10,0.03,5,base.blocks.4,0.905148
50,0,6,vit_tiny,cifar10,0.03,6,base.blocks.5,0.884141
50,0,6,vit_tiny,cifar10,0.03,7,base.blocks.6,0.859237
50,0,6,vit_tiny,cifar10,0.03,8,base.blocks.7,0.819270
50,0,6,vit_tiny,cifar10,0.03,9,base.blocks.8,0.774002
50,0,6,vit_tiny,cifar10,0.03,10,base.blocks.9,0.722749
50,0,6,vit_tiny,cifar10,0.03,11,base.blocks.10,0.648993
50,0,6,vit_tiny,cifar10,0.03,12,base.blocks.11,0.584717
50,0,6,vit_tiny,cifar10,0.03,13,base.norm,0.736692
50,0,6,vit_tiny,cifar10,0.03,14,classifier,0.474572
50,0,7,vit_tiny,cifar10,0.03,0,base.patch_embed,0.940565
50,0,7,vit_tiny,cifar10,0.03,1,base.blocks.0,0.923069
50,0,7,vit_tiny,cifar10,0.03,2,base.blocks.1,0.916089
50,0,7,vit_tiny,cifar10,0.03,3,base.blocks.2,0.910881
50,0,7,vit_tiny,cifar10,0.03,4,base.blocks.3,0.898612
50,0,7,vit_tiny,cifar10,0.03,5,base.blocks.4,0.879743
50,0,7,vit_tiny,cifar10,0.03,6,base.blocks.5,0.853265
50,0,7,vit_tiny,cifar10,0.03,7,base.blocks.6,0.826608
50,0,7,vit_tiny,cifar10,0.03,8,base.blocks.7,0.781394
50,0,7,vit_tiny,cifar10,0.03,9,base.blocks.8,0.740307
50,0,7,vit_tiny,cifar10,0.03,10,base.blocks.9,0.686767
50,0,7,vit_tiny,cifar10,0.03,11,base.blocks.10,0.629298
50,0,7,vit_tiny,cifar10,0.03,12,base.blocks.11,0.573818
50,0,7,vit_tiny,cifar10,0.03,13,base.norm,0.720513
50,0,7,vit_tiny,cifar10,0.03,14,classifier,0.462422
50,0,8,vit_tiny,cifar10,0.03,0,base.patch_embed,0.908613
50,0,8,vit_tiny,cifar10,0.03,1,base.blocks.0,0.900491
50,0,8,vit_tiny,cifar10,0.03,2,base.blocks.1,0.887173
50,0,8,vit_tiny,cifar10,0.03,3,base.blocks.2,0.873975
50,0,8,vit_tiny,cifar10,0.03,4,base.blocks.3,0.894813
50,0,8,vit_tiny,cifar10,0.03,5,base.blocks.4,0.893256
50,0,8,vit_tiny,cifar10,0.03,6,base.blocks.5,0.881047
50,0,8,vit_tiny,cifar10,0.03,7,base.blocks.6,0.867080
50,0,8,vit_tiny,cifar10,0.03,8,base.blocks.7,0.843302
50,0,8,vit_tiny,cifar10,0.03,9,base.blocks.8,0.814878
50,0,8,vit_tiny,cifar10,0.03,10,base.blocks.9,0.776232
50,0,8,vit_tiny,cifar10,0.03,11,base.blocks.10,0.736504
50,0,8,vit_tiny,cifar10,0.03,12,base.blocks.11,0.691195
50,0,8,vit_tiny,cifar10,0.03,13,base.norm,0.775889
50,0,8,vit_tiny,cifar10,0.03,14,classifier,0.360644
50,0,9,vit_tiny,cifar10,0.03,0,base.patch_embed,0.987741
50,0,9,vit_tiny,cifar10,0.03,1,base.blocks.0,0.960743
50,0,9,vit_tiny,cifar10,0.03,2,base.blocks.1,0.935476
50,0,9,vit_tiny,cifar10,0.03,3,base.blocks.2,0.918962
50,0,9,vit_tiny,cifar10,0.03,4,base.blocks.3,0.880042
50,0,9,vit_tiny,cifar10,0.03,5,base.blocks.4,0.860531
50,0,9,vit_tiny,cifar10,0.03,6,base.blocks.5,0.835932
50,0,9,vit_tiny,cifar10,0.03,7,base.blocks.6,0.814691
50,0,9,vit_tiny,cifar10,0.03,8,base.blocks.7,0.780611
50,0,9,vit_tiny,cifar10,0.03,9,base.blocks.8,0.750481
50,0,9,vit_tiny,cifar10,0.03,10,base.blocks.9,0.719339
50,0,9,vit_tiny,cifar10,0.03,11,base.blocks.10,0.691944
50,0,9,vit_tiny,cifar10,0.03,12,base.blocks.11,0.662302
50,0,9,vit_tiny,cifar10,0.03,13,base.norm,0.736863
50,0,9,vit_tiny,cifar10,0.03,14,classifier,0.581358
50,1,2,vit_tiny,cifar10,0.03,0,base.patch_embed,0.948871
50,1,2,vit_tiny,cifar10,0.03,1,base.blocks.0,0.933545
50,1,2,vit_tiny,cifar10,0.03,2,base.blocks.1,0.854684
50,1,2,vit_tiny,cifar10,0.03,3,base.blocks.2,0.815822
50,1,2,vit_tiny,cifar10,0.03,4,base.blocks.3,0.820178
50,1,2,vit_tiny,cifar10,0.03,5,base.blocks.4,0.801836
50,1,2,vit_tiny,cifar10,0.03,6,base.blocks.5,0.786986
50,1,2,vit_tiny,cifar10,0.03,7,base.blocks.6,0.781982
50,1,2,vit_tiny,cifar10,0.03,8,base.blocks.7,0.771913
50,1,2,vit_tiny,cifar10,0.03,9,base.blocks.8,0.760596
50,1,2,vit_tiny,cifar10,0.03,10,base.blocks.9,0.748793
50,1,2,vit_tiny,cifar10,0.03,11,base.blocks.10,0.726943
50,1,2,vit_tiny,cifar10,0.03,12,base.blocks.11,0.703019
50,1,2,vit_tiny,cifar10,0.03,13,base.norm,0.757141
50,1,2,vit_tiny,cifar10,0.03,14,classifier,0.207961
50,1,3,vit_tiny,cifar10,0.03,0,base.patch_embed,0.994037
50,1,3,vit_tiny,cifar10,0.03,1,base.blocks.0,0.962787
50,1,3,vit_tiny,cifar10,0.03,2,base.blocks.1,0.901956
50,1,3,vit_tiny,cifar10,0.03,3,base.blocks.2,0.880372
50,1,3,vit_tiny,cifar10,0.03,4,base.blocks.3,0.871973
50,1,3,vit_tiny,cifar10,0.03,5,base.blocks.4,0.853320
50,1,3,vit_tiny,cifar10,0.03,6,base.blocks.5,0.836711
50,1,3,vit_tiny,cifar10,0.03,7,base.blocks.6,0.829421
50,1,3,vit_tiny,cifar10,0.03,8,base.blocks.7,0.819778
50,1,3,vit_tiny,cifar10,0.03,9,base.blocks.8,0.810932
50,1,3,vit_tiny,cifar10,0.03,10,base.blocks.9,0.800093
50,1,3,vit_tiny,cifar10,0.03,11,base.blocks.10,0.783712
50,1,3,vit_tiny,cifar10,0.03,12,base.blocks.11,0.759330
50,1,3,vit_tiny,cifar10,0.03,13,base.norm,0.774111
50,1,3,vit_tiny,cifar10,0.03,14,classifier,0.507334
50,1,4,vit_tiny,cifar10,0.03,0,base.patch_embed,0.958789
50,1,4,vit_tiny,cifar10,0.03,1,base.blocks.0,0.969245
50,1,4,vit_tiny,cifar10,0.03,2,base.blocks.1,0.932745
50,1,4,vit_tiny,cifar10,0.03,3,base.blocks.2,0.912411
50,1,4,vit_tiny,cifar10,0.03,4,base.blocks.3,0.869478
50,1,4,vit_tiny,cifar10,0.03,5,base.blocks.4,0.847949
50,1,4,vit_tiny,cifar10,0.03,6,base.blocks.5,0.828188
50,1,4,vit_tiny,cifar10,0.03,7,base.blocks.6,0.815153
50,1,4,vit_tiny,cifar10,0.03,8,base.blocks.7,0.790487
50,1,4,vit_tiny,cifar10,0.03,9,base.blocks.8,0.762054
50,1,4,vit_tiny,cifar10,0.03,10,base.blocks.9,0.731401
50,1,4,vit_tiny,cifar10,0.03,11,base.blocks.10,0.670285
50,1,4,vit_tiny,cifar10,0.03,12,base.blocks.11,0.606241
50,1,4,vit_tiny,cifar10,0.03,13,base.norm,0.624093
50,1,4,vit_tiny,cifar10,0.03,14,classifier,0.190560
50,1,5,vit_tiny,cifar10,0.03,0,base.patch_embed,0.992248
50,1,5,vit_tiny,cifar10,0.03,1,base.blocks.0,0.976543
50,1,5,vit_tiny,cifar10,0.03,2,base.blocks.1,0.951244
50,1,5,vit_tiny,cifar10,0.03,3,base.blocks.2,0.931359
50,1,5,vit_tiny,cifar10,0.03,4,base.blocks.3,0.908489
50,1,5,vit_tiny,cifar10,0.03,5,base.blocks.4,0.888757
50,1,5,vit_tiny,cifar10,0.03,6,base.blocks.5,0.873120
50,1,5,vit_tiny,cifar10,0.03,7,base.blocks.6,0.861072
50,1,5,vit_tiny,cifar10,0.03,8,base.blocks.7,0.836053
50,1,5,vit_tiny,cifar10,0.03,9,base.blocks.8,0.812196
50,1,5,vit_tiny,cifar10,0.03,10,base.blocks.9,0.787323
50,1,5,vit_tiny,cifar10,0.03,11,base.blocks.10,0.743720
50,1,5,vit_tiny,cifar10,0.03,12,base.blocks.11,0.705099
50,1,5,vit_tiny,cifar10,0.03,13,base.norm,0.709214
50,1,5,vit_tiny,cifar10,0.03,14,classifier,0.361990
50,1,6,vit_tiny,cifar10,0.03,0,base.patch_embed,0.992521
50,1,6,vit_tiny,cifar10,0.03,1,base.blocks.0,0.985422
50,1,6,vit_tiny,cifar10,0.03,2,base.blocks.1,0.962037
50,1,6,vit_tiny,cifar10,0.03,3,base.blocks.2,0.941715
50,1,6,vit_tiny,cifar10,0.03,4,base.blocks.3,0.883972
50,1,6,vit_tiny,cifar10,0.03,5,base.blocks.4,0.861284
50,1,6,vit_tiny,cifar10,0.03,6,base.blocks.5,0.843408
50,1,6,vit_tiny,cifar10,0.03,7,base.blocks.6,0.828173
50,1,6,vit_tiny,cifar10,0.03,8,base.blocks.7,0.799793
50,1,6,vit_tiny,cifar10,0.03,9,base.blocks.8,0.768485
50,1,6,vit_tiny,cifar10,0.03,10,base.blocks.9,0.737523
50,1,6,vit_tiny,cifar10,0.03,11,base.blocks.10,0.686559
50,1,6,vit_tiny,cifar10,0.03,12,base.blocks.11,0.638313
50,1,6,vit_tiny,cifar10,0.03,13,base.norm,0.687295
50,1,6,vit_tiny,cifar10,0.03,14,classifier,0.302965
50,1,7,vit_tiny,cifar10,0.03,0,base.patch_embed,0.978997
50,1,7,vit_tiny,cifar10,0.03,1,base.blocks.0,0.955766
50,1,7,vit_tiny,cifar10,0.03,2,base.blocks.1,0.892685
50,1,7,vit_tiny,cifar10,0.03,3,base.blocks.2,0.866383
50,1,7,vit_tiny,cifar10,0.03,4,base.blocks.3,0.863736
50,1,7,vit_tiny,cifar10,0.03,5,base.blocks.4,0.836352
50,1,7,vit_tiny,cifar10,0.03,6,base.blocks.5,0.810644
50,1,7,vit_tiny,cifar10,0.03,7,base.blocks.6,0.796943
50,1,7,vit_tiny,cifar10,0.03,8,base.blocks.7,0.763724
50,1,7,vit_tiny,cifar10,0.03,9,base.blocks.8,0.735234
50,1,7,vit_tiny,cifar10,0.03,10,base.blocks.9,0.706971
50,1,7,vit_tiny,cifar10,0.03,11,base.blocks.10,0.665807
50,1,7,vit_tiny,cifar10,0.03,12,base.blocks.11,0.626564
50,1,7,vit_tiny,cifar10,0.03,13,base.norm,0.672776
50,1,7,vit_tiny,cifar10,0.03,14,classifier,0.246219
50,1,8,vit_tiny,cifar10,0.03,0,base.patch_embed,0.924640
50,1,8,vit_tiny,cifar10,0.03,1,base.blocks.0,0.960877
50,1,8,vit_tiny,cifar10,0.03,2,base.blocks.1,0.956267
50,1,8,vit_tiny,cifar10,0.03,3,base.blocks.2,0.949368
50,1,8,vit_tiny,cifar10,0.03,4,base.blocks.3,0.913462
50,1,8,vit_tiny,cifar10,0.03,5,base.blocks.4,0.899019
50,1,8,vit_tiny,cifar10,0.03,6,base.blocks.5,0.882764
50,1,8,vit_tiny,cifar10,0.03,7,base.blocks.6,0.870215
50,1,8,vit_tiny,cifar10,0.03,8,base.blocks.7,0.852275
50,1,8,vit_tiny,cifar10,0.03,9,base.blocks.8,0.833458
50,1,8,vit_tiny,cifar10,0.03,10,base.blocks.9,0.812262
50,1,8,vit_tiny,cifar10,0.03,11,base.blocks.10,0.793683
50,1,8,vit_tiny,cifar10,0.03,12,base.blocks.11,0.774062
50,1,8,vit_tiny,cifar10,0.03,13,base.norm,0.796745
50,1,8,vit_tiny,cifar10,0.03,14,classifier,0.259009
50,1,9,vit_tiny,cifar10,0.03,0,base.patch_embed,0.992133
50,1,9,vit_tiny,cifar10,0.03,1,base.blocks.0,0.956830
50,1,9,vit_tiny,cifar10,0.03,2,base.blocks.1,0.871542
50,1,9,vit_tiny,cifar10,0.03,3,base.blocks.2,0.837324
50,1,9,vit_tiny,cifar10,0.03,4,base.blocks.3,0.829265
50,1,9,vit_tiny,cifar10,0.03,5,base.blocks.4,0.804939
50,1,9,vit_tiny,cifar10,0.03,6,base.blocks.5,0.786301
50,1,9,vit_tiny,cifar10,0.03,7,base.blocks.6,0.784210
50,1,9,vit_tiny,cifar10,0.03,8,base.blocks.7,0.772344
50,1,9,vit_tiny,cifar10,0.03,9,base.blocks.8,0.764777
50,1,9,vit_tiny,cifar10,0.03,10,base.blocks.9,0.757919
50,1,9,vit_tiny,cifar10,0.03,11,base.blocks.10,0.753664
50,1,9,vit_tiny,cifar10,0.03,12,base.blocks.11,0.747373
50,1,9,vit_tiny,cifar10,0.03,13,base.norm,0.727967
50,1,9,vit_tiny,cifar10,0.03,14,classifier,0.193691
50,2,3,vit_tiny,cifar10,0.03,0,base.patch_embed,0.972367
50,2,3,vit_tiny,cifar10,0.03,1,base.blocks.0,0.953553
50,2,3,vit_tiny,cifar10,0.03,2,base.blocks.1,0.960047
50,2,3,vit_tiny,cifar10,0.03,3,base.blocks.2,0.953732
50,2,3,vit_tiny,cifar10,0.03,4,base.blocks.3,0.949601
50,2,3,vit_tiny,cifar10,0.03,5,base.blocks.4,0.948647
50,2,3,vit_tiny,cifar10,0.03,6,base.blocks.5,0.945902
50,2,3,vit_tiny,cifar10,0.03,7,base.blocks.6,0.937376
50,2,3,vit_tiny,cifar10,0.03,8,base.blocks.7,0.919205
50,2,3,vit_tiny,cifar10,0.03,9,base.blocks.8,0.901064
50,2,3,vit_tiny,cifar10,0.03,10,base.blocks.9,0.878597
50,2,3,vit_tiny,cifar10,0.03,11,base.blocks.10,0.837471
50,2,3,vit_tiny,cifar10,0.03,12,base.blocks.11,0.800884
50,2,3,vit_tiny,cifar10,0.03,13,base.norm,0.821565
50,2,3,vit_tiny,cifar10,0.03,14,classifier,0.317848
50,2,4,vit_tiny,cifar10,0.03,0,base.patch_embed,0.983137
50,2,4,vit_tiny,cifar10,0.03,1,base.blocks.0,0.982508
50,2,4,vit_tiny,cifar10,0.03,2,base.blocks.1,0.976186
50,2,4,vit_tiny,cifar10,0.03,3,base.blocks.2,0.970322
50,2,4,vit_tiny,cifar10,0.03,4,base.blocks.3,0.964802
50,2,4,vit_tiny,cifar10,0.03,5,base.blocks.4,0.963597
50,2,4,vit_tiny,cifar10,0.03,6,base.blocks.5,0.960602
50,2,4,vit_tiny,cifar10,0.03,7,base.blocks.6,0.954798
50,2,4,vit_tiny,cifar10,0.03,8,base.blocks.7,0.942255
50,2,4,vit_tiny,cifar10,0.03,9,base.blocks.8,0.922398
50,2,4,vit_tiny,cifar10,0.03,10,base.blocks.9,0.893212
50,2,4,vit_tiny,cifar10,0.03,11,base.blocks.10,0.836359
50,2,4,vit_tiny,cifar10,0.03,12,base.blocks.11,0.773722
50,2,4,vit_tiny,cifar10,0.03,13,base.norm,0.790016
50,2,4,vit_tiny,cifar10,0.03,14,classifier,0.539481
50,2,5,vit_tiny,cifar10,0.03,0,base.patch_embed,0.934371
50,2,5,vit_tiny,cifar10,0.03,1,base.blocks.0,0.914546
50,2,5,vit_tiny,cifar10,0.03,2,base.blocks.1,0.890405
50,2,5,vit_tiny,cifar10,0.03,3,base.blocks.2,0.874612
50,2,5,vit_tiny,cifar10,0.03,4,base.blocks.3,0.895679
50,2,5,vit_tiny,cifar10,0.03,5,base.blocks.4,0.888177
50,2,5,vit_tiny,cifar10,0.03,6,base.blocks.5,0.879699
50,2,5,vit_tiny,cifar10,0.03,7,base.blocks.6,0.868143
50,2,5,vit_tiny,cifar10,0.03,8,base.blocks.7,0.844985
50,2,5,vit_tiny,cifar10,0.03,9,base.blocks.8,0.811188
50,2,5,vit_tiny,cifar10,0.03,10,base.blocks.9,0.771244
50,2,5,vit_tiny,cifar10,0.03,11,base.blocks.10,0.716750
50,2,5,vit_tiny,cifar10,0.03,12,base.blocks.11,0.668653
50,2,5,vit_tiny,cifar10,0.03,13,base.norm,0.778780
50,2,5,vit_tiny,cifar10,0.03,14,classifier,0.580068
50,2,6,vit_tiny,cifar10,0.03,0,base.patch_embed,0.926422
50,2,6,vit_tiny,cifar10,0.03,1,base.blocks.0,0.936257
50,2,6,vit_tiny,cifar10,0.03,2,base.blocks.1,0.929377
50,2,6,vit_tiny,cifar10,0.03,3,base.blocks.2,0.928436
50,2,6,vit_tiny,cifar10,0.03,4,base.blocks.3,0.920499
50,2,6,vit_tiny,cifar10,0.03,5,base.blocks.4,0.913929
50,2,6,vit_tiny,cifar10,0.03,6,base.blocks.5,0.906660
50,2,6,vit_tiny,cifar10,0.03,7,base.blocks.6,0.896334
50,2,6,vit_tiny,cifar10,0.03,8,base.blocks.7,0.875147
50,2,6,vit_tiny,cifar10,0.03,9,base.blocks.8,0.844204
50,2,6,vit_tiny,cifar10,0.03,10,base.blocks.9,0.808161
50,2,6,vit_tiny,cifar10,0.03,11,base.blocks.10,0.747304
50,2,6,vit_tiny,cifar10,0.03,12,base.blocks.11,0.691156
50,2,6,vit_tiny,cifar10,0.03,13,base.norm,0.802678
50,2,6,vit_tiny,cifar10,0.03,14,classifier,0.427381
50,2,7,vit_tiny,cifar10,0.03,0,base.patch_embed,0.900664
50,2,7,vit_tiny,cifar10,0.03,1,base.blocks.0,0.874018
50,2,7,vit_tiny,cifar10,0.03,2,base.blocks.1,0.842632
50,2,7,vit_tiny,cifar10,0.03,3,base.blocks.2,0.825512
50,2,7,vit_tiny,cifar10,0.03,4,base.blocks.3,0.879423
50,2,7,vit_tiny,cifar10,0.03,5,base.blocks.4,0.876004
50,2,7,vit_tiny,cifar10,0.03,6,base.blocks.5,0.869079
50,2,7,vit_tiny,cifar10,0.03,7,base.blocks.6,0.859410
50,2,7,vit_tiny,cifar10,0.03,8,base.blocks.7,0.837270
50,2,7,vit_tiny,cifar10,0.03,9,base.blocks.8,0.812261
50,2,7,vit_tiny,cifar10,0.03,10,base.blocks.9,0.780980
50,2,7,vit_tiny,cifar10,0.03,11,base.blocks.10,0.729718
50,2,7,vit_tiny,cifar10,0.03,12,base.blocks.11,0.682097
50,2,7,vit_tiny,cifar10,0.03,13,base.norm,0.764829
50,2,7,vit_tiny,cifar10,0.03,14,classifier,0.432880
50,2,8,vit_tiny,cifar10,0.03,0,base.patch_embed,0.924548
50,2,8,vit_tiny,cifar10,0.03,1,base.blocks.0,0.931312
50,2,8,vit_tiny,cifar10,0.03,2,base.blocks.1,0.908330
50,2,8,vit_tiny,cifar10,0.03,3,base.blocks.2,0.897954
50,2,8,vit_tiny,cifar10,0.03,4,base.blocks.3,0.919940
50,2,8,vit_tiny,cifar10,0.03,5,base.blocks.4,0.920129
50,2,8,vit_tiny,cifar10,0.03,6,base.blocks.5,0.919293
50,2,8,vit_tiny,cifar10,0.03,7,base.blocks.6,0.919362
50,2,8,vit_tiny,cifar10,0.03,8,base.blocks.7,0.915195
50,2,8,vit_tiny,cifar10,0.03,9,base.blocks.8,0.906486
50,2,8,vit_tiny,cifar10,0.03,10,base.blocks.9,0.891375
50,2,8,vit_tiny,cifar10,0.03,11,base.blocks.10,0.870000
50,2,8,vit_tiny,cifar10,0.03,12,base.blocks.11,0.837308
50,2,8,vit_tiny,cifar10,0.03,13,base.norm,0.828735
50,2,8,vit_tiny,cifar10,0.03,14,classifier,0.294266
50,2,9,vit_tiny,cifar10,0.03,0,base.patch_embed,0.962811
50,2,9,vit_tiny,cifar10,0.03,1,base.blocks.0,0.965932
50,2,9,vit_tiny,cifar10,0.03,2,base.blocks.1,0.950276
50,2,9,vit_tiny,cifar10,0.03,3,base.blocks.2,0.947054
50,2,9,vit_tiny,cifar10,0.03,4,base.blocks.3,0.957351
50,2,9,vit_tiny,cifar10,0.03,5,base.blocks.4,0.954261
50,2,9,vit_tiny,cifar10,0.03,6,base.blocks.5,0.949398
50,2,9,vit_tiny,cifar10,0.03,7,base.blocks.6,0.944688
50,2,9,vit_tiny,cifar10,0.03,8,base.blocks.7,0.936643
50,2,9,vit_tiny,cifar10,0.03,9,base.blocks.8,0.924273
50,2,9,vit_tiny,cifar10,0.03,10,base.blocks.9,0.906151
50,2,9,vit_tiny,cifar10,0.03,11,base.blocks.10,0.884688
50,2,9,vit_tiny,cifar10,0.03,12,base.blocks.11,0.860761
50,2,9,vit_tiny,cifar10,0.03,13,base.norm,0.890091
50,2,9,vit_tiny,cifar10,0.03,14,classifier,0.654147
50,3,4,vit_tiny,cifar10,0.03,0,base.patch_embed,0.980653
50,3,4,vit_tiny,cifar10,0.03,1,base.blocks.0,0.953093
50,3,4,vit_tiny,cifar10,0.03,2,base.blocks.1,0.971520
50,3,4,vit_tiny,cifar10,0.03,3,base.blocks.2,0.974082
50,3,4,vit_tiny,cifar10,0.03,4,base.blocks.3,0.957945
50,3,4,vit_tiny,cifar10,0.03,5,base.blocks.4,0.955097
50,3,4,vit_tiny,cifar10,0.03,6,base.blocks.5,0.949403
50,3,4,vit_tiny,cifar10,0.03,7,base.blocks.6,0.936339
50,3,4,vit_tiny,cifar10,0.03,8,base.blocks.7,0.913765
50,3,4,vit_tiny,cifar10,0.03,9,base.blocks.8,0.889749
50,3,4,vit_tiny,cifar10,0.03,10,base.blocks.9,0.858009
50,3,4,vit_tiny,cifar10,0.03,11,base.blocks.10,0.796795
50,3,4,vit_tiny,cifar10,0.03,12,base.blocks.11,0.736766
50,3,4,vit_tiny,cifar10,0.03,13,base.norm,0.688036
50,3,4,vit_tiny,cifar10,0.03,14,classifier,0.527441
50,3,5,vit_tiny,cifar10,0.03,0,base.patch_embed,0.989496
50,3,5,vit_tiny,cifar10,0.03,1,base.blocks.0,0.944392
50,3,5,vit_tiny,cifar10,0.03,2,base.blocks.1,0.933831
50,3,5,vit_tiny,cifar10,0.03,3,base.blocks.2,0.932406
50,3,5,vit_tiny,cifar10,0.03,4,base.blocks.3,0.935224
50,3,5,vit_tiny,cifar10,0.03,5,base.blocks.4,0.928325
50,3,5,vit_tiny,cifar10,0.03,6,base.blocks.5,0.921068
50,3,5,vit_tiny,cifar10,0.03,7,base.blocks.6,0.913861
50,3,5,vit_tiny,cifar10,0.03,8,base.blocks.7,0.904183
50,3,5,vit_tiny,cifar10,0.03,9,base.blocks.8,0.888447
50,3,5,vit_tiny,cifar10,0.03,10,base.blocks.9,0.870371
50,3,5,vit_tiny,cifar10,0.03,11,base.blocks.10,0.849659
50,3,5,vit_tiny,cifar10,0.03,12,base.blocks.11,0.823460
50,3,5,vit_tiny,cifar10,0.03,13,base.norm,0.796927
50,3,5,vit_tiny,cifar10,0.03,14,classifier,0.620476
50,3,6,vit_tiny,cifar10,0.03,0,base.patch_embed,0.986025
50,3,6,vit_tiny,cifar10,0.03,1,base.blocks.0,0.961034
50,3,6,vit_tiny,cifar10,0.03,2,base.blocks.1,0.956698
50,3,6,vit_tiny,cifar10,0.03,3,base.blocks.2,0.960243
50,3,6,vit_tiny,cifar10,0.03,4,base.blocks.3,0.951352
50,3,6,vit_tiny,cifar10,0.03,5,base.blocks.4,0.945280
50,3,6,vit_tiny,cifar10,0.03,6,base.blocks.5,0.937373
50,3,6,vit_tiny,cifar10,0.03,7,base.blocks.6,0.925714
50,3,6,vit_tiny,cifar10,0.03,8,base.blocks.7,0.902914
50,3,6,vit_tiny,cifar10,0.03,9,base.blocks.8,0.875036
50,3,6,vit_tiny,cifar10,0.03,10,base.blocks.9,0.840236
50,3,6,vit_tiny,cifar10,0.03,11,base.blocks.10,0.782750
50,3,6,vit_tiny,cifar10,0.03,12,base.blocks.11,0.727763
50,3,6,vit_tiny,cifar10,0.03,13,base.norm,0.752222
50,3,6,vit_tiny,cifar10,0.03,14,classifier,0.559416
50,3,7,vit_tiny,cifar10,0.03,0,base.patch_embed,0.971811
50,3,7,vit_tiny,cifar10,0.03,1,base.blocks.0,0.938033
50,3,7,vit_tiny,cifar10,0.03,2,base.blocks.1,0.921865
50,3,7,vit_tiny,cifar10,0.03,3,base.blocks.2,0.919225
50,3,7,vit_tiny,cifar10,0.03,4,base.blocks.3,0.932999
50,3,7,vit_tiny,cifar10,0.03,5,base.blocks.4,0.924854
50,3,7,vit_tiny,cifar10,0.03,6,base.blocks.5,0.914332
50,3,7,vit_tiny,cifar10,0.03,7,base.blocks.6,0.900442
50,3,7,vit_tiny,cifar10,0.03,8,base.blocks.7,0.874747
50,3,7,vit_tiny,cifar10,0.03,9,base.blocks.8,0.848584
50,3,7,vit_tiny,cifar10,0.03,10,base.blocks.9,0.815572
50,3,7,vit_tiny,cifar10,0.03,11,base.blocks.10,0.771356
50,3,7,vit_tiny,cifar10,0.03,12,base.blocks.11,0.723528
50,3,7,vit_tiny,cifar10,0.03,13,base.norm,0.770893
50,3,7,vit_tiny,cifar10,0.03,14,classifier,0.415409
50,3,8,vit_tiny,cifar10,0.03,0,base.patch_embed,0.947640
50,3,8,vit_tiny,cifar10,0.03,1,base.blocks.0,0.907091
50,3,8,vit_tiny,cifar10,0.03,2,base.blocks.1,0.904952
50,3,8,vit_tiny,cifar10,0.03,3,base.blocks.2,0.904268
50,3,8,vit_tiny,cifar10,0.03,4,base.blocks.3,0.914926
50,3,8,vit_tiny,cifar10,0.03,5,base.blocks.4,0.914053
50,3,8,vit_tiny,cifar10,0.03,6,base.blocks.5,0.907556
50,3,8,vit_tiny,cifar10,0.03,7,base.blocks.6,0.896151
50,3,8,vit_tiny,cifar10,0.03,8,base.blocks.7,0.875519
50,3,8,vit_tiny,cifar10,0.03,9,base.blocks.8,0.854599
50,3,8,vit_tiny,cifar10,0.03,10,base.blocks.9,0.823739
50,3,8,vit_tiny,cifar10,0.03,11,base.blocks.10,0.780035
50,3,8,vit_tiny,cifar10,0.03,12,base.blocks.11,0.727241
50,3,8,vit_tiny,cifar10,0.03,13,base.norm,0.753706
50,3,8,vit_tiny,cifar10,0.03,14,classifier,0.406370
50,3,9,vit_tiny,cifar10,0.03,0,base.patch_embed,0.996331
50,3,9,vit_tiny,cifar10,0.03,1,base.blocks.0,0.978311
50,3,9,vit_tiny,cifar10,0.03,2,base.blocks.1,0.974226
50,3,9,vit_tiny,cifar10,0.03,3,base.blocks.2,0.965310
50,3,9,vit_tiny,cifar10,0.03,4,base.blocks.3,0.960054
50,3,9,vit_tiny,cifar10,0.03,5,base.blocks.4,0.953807
50,3,9,vit_tiny,cifar10,0.03,6,base.blocks.5,0.946927
50,3,9,vit_tiny,cifar10,0.03,7,base.blocks.6,0.938578
50,3,9,vit_tiny,cifar10,0.03,8,base.blocks.7,0.919178
50,3,9,vit_tiny,cifar10,0.03,9,base.blocks.8,0.899325
50,3,9,vit_tiny,cifar10,0.03,10,base.blocks.9,0.873926
50,3,9,vit_tiny,cifar10,0.03,11,base.blocks.10,0.842349
50,3,9,vit_tiny,cifar10,0.03,12,base.blocks.11,0.807318
50,3,9,vit_tiny,cifar10,0.03,13,base.norm,0.810375
50,3,9,vit_tiny,cifar10,0.03,14,classifier,0.433826
50,4,5,vit_tiny,cifar10,0.03,0,base.patch_embed,0.961256
50,4,5,vit_tiny,cifar10,0.03,1,base.blocks.0,0.954214
50,4,5,vit_tiny,cifar10,0.03,2,base.blocks.1,0.941134
50,4,5,vit_tiny,cifar10,0.03,3,base.blocks.2,0.932526
50,4,5,vit_tiny,cifar10,0.03,4,base.blocks.3,0.921848
50,4,5,vit_tiny,cifar10,0.03,5,base.blocks.4,0.915644
50,4,5,vit_tiny,cifar10,0.03,6,base.blocks.5,0.908172
50,4,5,vit_tiny,cifar10,0.03,7,base.blocks.6,0.899507
50,4,5,vit_tiny,cifar10,0.03,8,base.blocks.7,0.882409
50,4,5,vit_tiny,cifar10,0.03,9,base.blocks.8,0.859535
50,4,5,vit_tiny,cifar10,0.03,10,base.blocks.9,0.833853
50,4,5,vit_tiny,cifar10,0.03,11,base.blocks.10,0.798991
50,4,5,vit_tiny,cifar10,0.03,12,base.blocks.11,0.768676
50,4,5,vit_tiny,cifar10,0.03,13,base.norm,0.813135
50,4,5,vit_tiny,cifar10,0.03,14,classifier,0.808492
50,4,6,vit_tiny,cifar10,0.03,0,base.patch_embed,0.954757
50,4,6,vit_tiny,cifar10,0.03,1,base.blocks.0,0.966748
50,4,6,vit_tiny,cifar10,0.03,2,base.blocks.1,0.971190
50,4,6,vit_tiny,cifar10,0.03,3,base.blocks.2,0.973961
50,4,6,vit_tiny,cifar10,0.03,4,base.blocks.3,0.942263
50,4,6,vit_tiny,cifar10,0.03,5,base.blocks.4,0.936977
50,4,6,vit_tiny,cifar10,0.03,6,base.blocks.5,0.935460
50,4,6,vit_tiny,cifar10,0.03,7,base.blocks.6,0.931643
50,4,6,vit_tiny,cifar10,0.03,8,base.blocks.7,0.921125
50,4,6,vit_tiny,cifar10,0.03,9,base.blocks.8,0.907148
50,4,6,vit_tiny,cifar10,0.03,10,base.blocks.9,0.894273
50,4,6,vit_tiny,cifar10,0.03,11,base.blocks.10,0.864340
50,4,6,vit_tiny,cifar10,0.03,12,base.blocks.11,0.841677
50,4,6,vit_tiny,cifar10,0.03,13,base.norm,0.834383
50,4,6,vit_tiny,cifar10,0.03,14,classifier,0.728532
50,4,7,vit_tiny,cifar10,0.03,0,base.patch_embed,0.941778
50,4,7,vit_tiny,cifar10,0.03,1,base.blocks.0,0.915018
50,4,7,vit_tiny,cifar10,0.03,2,base.blocks.1,0.889499
50,4,7,vit_tiny,cifar10,0.03,3,base.blocks.2,0.884873
50,4,7,vit_tiny,cifar10,0.03,4,base.blocks.3,0.912617
50,4,7,vit_tiny,cifar10,0.03,5,base.blocks.4,0.909116
50,4,7,vit_tiny,cifar10,0.03,6,base.blocks.5,0.902010
50,4,7,vit_tiny,cifar10,0.03,7,base.blocks.6,0.891158
50,4,7,vit_tiny,cifar10,0.03,8,base.blocks.7,0.865846
50,4,7,vit_tiny,cifar10,0.03,9,base.blocks.8,0.840212
50,4,7,vit_tiny,cifar10,0.03,10,base.blocks.9,0.811377
50,4,7,vit_tiny,cifar10,0.03,11,base.blocks.10,0.754145
50,4,7,vit_tiny,cifar10,0.03,12,base.blocks.11,0.704630
50,4,7,vit_tiny,cifar10,0.03,13,base.norm,0.745045
50,4,7,vit_tiny,cifar10,0.03,14,classifier,0.689464
50,4,8,vit_tiny,cifar10,0.03,0,base.patch_embed,0.976823
50,4,8,vit_tiny,cifar10,0.03,1,base.blocks.0,0.976796
50,4,8,vit_tiny,cifar10,0.03,2,base.blocks.1,0.964206
50,4,8,vit_tiny,cifar10,0.03,3,base.blocks.2,0.958801
50,4,8,vit_tiny,cifar10,0.03,4,base.blocks.3,0.963734
50,4,8,vit_tiny,cifar10,0.03,5,base.blocks.4,0.960293
50,4,8,vit_tiny,cifar10,0.03,6,base.blocks.5,0.956769
50,4,8,vit_tiny,cifar10,0.03,7,base.blocks.6,0.953191
50,4,8,vit_tiny,cifar10,0.03,8,base.blocks.7,0.940073
50,4,8,vit_tiny,cifar10,0.03,9,base.blocks.8,0.922727
50,4,8,vit_tiny,cifar10,0.03,10,base.blocks.9,0.900484
50,4,8,vit_tiny,cifar10,0.03,11,base.blocks.10,0.844918
50,4,8,vit_tiny,cifar10,0.03,12,base.blocks.11,0.783004
50,4,8,vit_tiny,cifar10,0.03,13,base.norm,0.782284
50,4,8,vit_tiny,cifar10,0.03,14,classifier,0.671874
50,4,9,vit_tiny,cifar10,0.03,0,base.patch_embed,0.973321
50,4,9,vit_tiny,cifar10,0.03,1,base.blocks.0,0.959013
50,4,9,vit_tiny,cifar10,0.03,2,base.blocks.1,0.943817
50,4,9,vit_tiny,cifar10,0.03,3,base.blocks.2,0.945794
50,4,9,vit_tiny,cifar10,0.03,4,base.blocks.3,0.944416
50,4,9,vit_tiny,cifar10,0.03,5,base.blocks.4,0.940671
50,4,9,vit_tiny,cifar10,0.03,6,base.blocks.5,0.935715
50,4,9,vit_tiny,cifar10,0.03,7,base.blocks.6,0.931362
50,4,9,vit_tiny,cifar10,0.03,8,base.blocks.7,0.919042
50,4,9,vit_tiny,cifar10,0.03,9,base.blocks.8,0.902933
50,4,9,vit_tiny,cifar10,0.03,10,base.blocks.9,0.878911
50,4,9,vit_tiny,cifar10,0.03,11,base.blocks.10,0.842942
50,4,9,vit_tiny,cifar10,0.03,12,base.blocks.11,0.799366
50,4,9,vit_tiny,cifar10,0.03,13,base.norm,0.843917
50,4,9,vit_tiny,cifar10,0.03,14,classifier,0.783687
50,5,6,vit_tiny,cifar10,0.03,0,base.patch_embed,0.998950
50,5,6,vit_tiny,cifar10,0.03,1,base.blocks.0,0.990375
50,5,6,vit_tiny,cifar10,0.03,2,base.blocks.1,0.981629
50,5,6,vit_tiny,cifar10,0.03,3,base.blocks.2,0.972640
50,5,6,vit_tiny,cifar10,0.03,4,base.blocks.3,0.954130
50,5,6,vit_tiny,cifar10,0.03,5,base.blocks.4,0.944851
50,5,6,vit_tiny,cifar10,0.03,6,base.blocks.5,0.936865
50,5,6,vit_tiny,cifar10,0.03,7,base.blocks.6,0.927896
50,5,6,vit_tiny,cifar10,0.03,8,base.blocks.7,0.910727
50,5,6,vit_tiny,cifar10,0.03,9,base.blocks.8,0.889274
50,5,6,vit_tiny,cifar10,0.03,10,base.blocks.9,0.864351
50,5,6,vit_tiny,cifar10,0.03,11,base.blocks.10,0.832988
50,5,6,vit_tiny,cifar10,0.03,12,base.blocks.11,0.807826
50,5,6,vit_tiny,cifar10,0.03,13,base.norm,0.859096
50,5,6,vit_tiny,cifar10,0.03,14,classifier,0.799477
50,5,7,vit_tiny,cifar10,0.03,0,base.patch_embed,0.995090
50,5,7,vit_tiny,cifar10,0.03,1,base.blocks.0,0.987883
50,5,7,vit_tiny,cifar10,0.03,2,base.blocks.1,0.970761
50,5,7,vit_tiny,cifar10,0.03,3,base.blocks.2,0.968440
50,5,7,vit_tiny,cifar10,0.03,4,base.blocks.3,0.964260
50,5,7,vit_tiny,cifar10,0.03,5,base.blocks.4,0.956047
50,5,7,vit_tiny,cifar10,0.03,6,base.blocks.5,0.945980
50,5,7,vit_tiny,cifar10,0.03,7,base.blocks.6,0.937088
50,5,7,vit_tiny,cifar10,0.03,8,base.blocks.7,0.918504
50,5,7,vit_tiny,cifar10,0.03,9,base.blocks.8,0.899723
50,5,7,vit_tiny,cifar10,0.03,10,base.blocks.9,0.878702
50,5,7,vit_tiny,cifar10,0.03,11,base.blocks.10,0.857118
50,5,7,vit_tiny,cifar10,0.03,12,base.blocks.11,0.837273
50,5,7,vit_tiny,cifar10,0.03,13,base.norm,0.886040
50,5,7,vit_tiny,cifar10,0.03,14,classifier,0.785735
50,5,8,vit_tiny,cifar10,0.03,0,base.patch_embed,0.947888
50,5,8,vit_tiny,cifar10,0.03,1,base.blocks.0,0.939561
50,5,8,vit_tiny,cifar10,0.03,2,base.blocks.1,0.912930
50,5,8,vit_tiny,cifar10,0.03,3,base.blocks.2,0.896825
50,5,8,vit_tiny,cifar10,0.03,4,base.blocks.3,0.911715
50,5,8,vit_tiny,cifar10,0.03,5,base.blocks.4,0.902947
50,5,8,vit_tiny,cifar10,0.03,6,base.blocks.5,0.892612
50,5,8,vit_tiny,cifar10,0.03,7,base.blocks.6,0.882971
50,5,8,vit_tiny,cifar10,0.03,8,base.blocks.7,0.859033
50,5,8,vit_tiny,cifar10,0.03,9,base.blocks.8,0.829903
50,5,8,vit_tiny,cifar10,0.03,10,base.blocks.9,0.793633
50,5,8,vit_tiny,cifar10,0.03,11,base.blocks.10,0.744597
50,5,8,vit_tiny,cifar10,0.03,12,base.blocks.11,0.698358
50,5,8,vit_tiny,cifar10,0.03,13,base.norm,0.759988
50,5,8,vit_tiny,cifar10,0.03,14,classifier,0.523778
50,5,9,vit_tiny,cifar10,0.03,0,base.patch_embed,0.994165
50,5,9,vit_tiny,cifar10,0.03,1,base.blocks.0,0.951424
50,5,9,vit_tiny,cifar10,0.03,2,base.blocks.1,0.920174
50,5,9,vit_tiny,cifar10,0.03,3,base.blocks.2,0.905274
50,5,9,vit_tiny,cifar10,0.03,4,base.blocks.3,0.913399
50,5,9,vit_tiny,cifar10,0.03,5,base.blocks.4,0.905718
50,5,9,vit_tiny,cifar10,0.03,6,base.blocks.5,0.896617
50,5,9,vit_tiny,cifar10,0.03,7,base.blocks.6,0.889918
50,5,9,vit_tiny,cifar10,0.03,8,base.blocks.7,0.873887
50,5,9,vit_tiny,cifar10,0.03,9,base.blocks.8,0.855906
50,5,9,vit_tiny,cifar10,0.03,10,base.blocks.9,0.840880
50,5,9,vit_tiny,cifar10,0.03,11,base.blocks.10,0.825313
50,5,9,vit_tiny,cifar10,0.03,12,base.blocks.11,0.811206
50,5,9,vit_tiny,cifar10,0.03,13,base.norm,0.841352
50,5,9,vit_tiny,cifar10,0.03,14,classifier,0.819225
50,6,7,vit_tiny,cifar10,0.03,0,base.patch_embed,0.995355
50,6,7,vit_tiny,cifar10,0.03,1,base.blocks.0,0.977110
50,6,7,vit_tiny,cifar10,0.03,2,base.blocks.1,0.941963
50,6,7,vit_tiny,cifar10,0.03,3,base.blocks.2,0.929594
50,6,7,vit_tiny,cifar10,0.03,4,base.blocks.3,0.918874
50,6,7,vit_tiny,cifar10,0.03,5,base.blocks.4,0.905025
50,6,7,vit_tiny,cifar10,0.03,6,base.blocks.5,0.891158
50,6,7,vit_tiny,cifar10,0.03,7,base.blocks.6,0.875144
50,6,7,vit_tiny,cifar10,0.03,8,base.blocks.7,0.838916
50,6,7,vit_tiny,cifar10,0.03,9,base.blocks.8,0.801417
50,6,7,vit_tiny,cifar10,0.03,10,base.blocks.9,0.760763
50,6,7,vit_tiny,cifar10,0.03,11,base.blocks.10,0.693241
50,6,7,vit_tiny,cifar10,0.03,12,base.blocks.11,0.639779
50,6,7,vit_tiny,cifar10,0.03,13,base.norm,0.735319
50,6,7,vit_tiny,cifar10,0.03,14,classifier,0.600796
50,6,8,vit_tiny,cifar10,0.03,0,base.patch_embed,0.939917
50,6,8,vit_tiny,cifar10,0.03,1,base.blocks.0,0.945454
50,6,8,vit_tiny,cifar10,0.03,2,base.blocks.1,0.946063
50,6,8,vit_tiny,cifar10,0.03,3,base.blocks.2,0.942416
50,6,8,vit_tiny,cifar10,0.03,4,base.blocks.3,0.927201
50,6,8,vit_tiny,cifar10,0.03,5,base.blocks.4,0.921656
50,6,8,vit_tiny,cifar10,0.03,6,base.blocks.5,0.917746
50,6,8,vit_tiny,cifar10,0.03,7,base.blocks.6,0.911329
50,6,8,vit_tiny,cifar10,0.03,8,base.blocks.7,0.893837
50,6,8,vit_tiny,cifar10,0.03,9,base.blocks.8,0.871708
50,6,8,vit_tiny,cifar10,0.03,10,base.blocks.9,0.847305
50,6,8,vit_tiny,cifar10,0.03,11,base.blocks.10,0.802298
50,6,8,vit_tiny,cifar10,0.03,12,base.blocks.11,0.762284
50,6,8,vit_tiny,cifar10,0.03,13,base.norm,0.807963
50,6,8,vit_tiny,cifar10,0.03,14,classifier,0.627867
50,6,9,vit_tiny,cifar10,0.03,0,base.patch_embed,0.990318
50,6,9,vit_tiny,cifar10,0.03,1,base.blocks.0,0.972710
50,6,9,vit_tiny,cifar10,0.03,2,base.blocks.1,0.948915
50,6,9,vit_tiny,cifar10,0.03,3,base.blocks.2,0.947977
50,6,9,vit_tiny,cifar10,0.03,4,base.blocks.3,0.930464
50,6,9,vit_tiny,cifar10,0.03,5,base.blocks.4,0.921535
50,6,9,vit_tiny,cifar10,0.03,6,base.blocks.5,0.913498
50,6,9,vit_tiny,cifar10,0.03,7,base.blocks.6,0.905505
50,6,9,vit_tiny,cifar10,0.03,8,base.blocks.7,0.885956
50,6,9,vit_tiny,cifar10,0.03,9,base.blocks.8,0.863097
50,6,9,vit_tiny,cifar10,0.03,10,base.blocks.9,0.838120
50,6,9,vit_tiny,cifar10,0.03,11,base.blocks.10,0.805573
50,6,9,vit_tiny,cifar10,0.03,12,base.blocks.11,0.772313
50,6,9,vit_tiny,cifar10,0.03,13,base.norm,0.833847
50,6,9,vit_tiny,cifar10,0.03,14,classifier,0.688984
50,7,8,vit_tiny,cifar10,0.03,0,base.patch_embed,0.945248
50,7,8,vit_tiny,cifar10,0.03,1,base.blocks.0,0.894216
50,7,8,vit_tiny,cifar10,0.03,2,base.blocks.1,0.824716
50,7,8,vit_tiny,cifar10,0.03,3,base.blocks.2,0.808743
50,7,8,vit_tiny,cifar10,0.03,4,base.blocks.3,0.875015
50,7,8,vit_tiny,cifar10,0.03,5,base.blocks.4,0.866858
50,7,8,vit_tiny,cifar10,0.03,6,base.blocks.5,0.853856
50,7,8,vit_tiny,cifar10,0.03,7,base.blocks.6,0.845389
50,7,8,vit_tiny,cifar10,0.03,8,base.blocks.7,0.817277
50,7,8,vit_tiny,cifar10,0.03,9,base.blocks.8,0.793814
50,7,8,vit_tiny,cifar10,0.03,10,base.blocks.9,0.767018
50,7,8,vit_tiny,cifar10,0.03,11,base.blocks.10,0.717799
50,7,8,vit_tiny,cifar10,0.03,12,base.blocks.11,0.670124
50,7,8,vit_tiny,cifar10,0.03,13,base.norm,0.731084
50,7,8,vit_tiny,cifar10,0.03,14,classifier,0.554396
50,7,9,vit_tiny,cifar10,0.03,0,base.patch_embed,0.980282
50,7,9,vit_tiny,cifar10,0.03,1,base.blocks.0,0.939566
50,7,9,vit_tiny,cifar10,0.03,2,base.blocks.1,0.913008
50,7,9,vit_tiny,cifar10,0.03,3,base.blocks.2,0.890666
50,7,9,vit_tiny,cifar10,0.03,4,base.blocks.3,0.912308
50,7,9,vit_tiny,cifar10,0.03,5,base.blocks.4,0.908411
50,7,9,vit_tiny,cifar10,0.03,6,base.blocks.5,0.901991
50,7,9,vit_tiny,cifar10,0.03,7,base.blocks.6,0.896815
50,7,9,vit_tiny,cifar10,0.03,8,base.blocks.7,0.880304
50,7,9,vit_tiny,cifar10,0.03,9,base.blocks.8,0.863020
50,7,9,vit_tiny,cifar10,0.03,10,base.blocks.9,0.843867
50,7,9,vit_tiny,cifar10,0.03,11,base.blocks.10,0.815711
50,7,9,vit_tiny,cifar10,0.03,12,base.blocks.11,0.788278
50,7,9,vit_tiny,cifar10,0.03,13,base.norm,0.824842
50,7,9,vit_tiny,cifar10,0.03,14,classifier,0.679263
50,8,9,vit_tiny,cifar10,0.03,0,base.patch_embed,0.944007
50,8,9,vit_tiny,cifar10,0.03,1,base.blocks.0,0.910553
50,8,9,vit_tiny,cifar10,0.03,2,base.blocks.1,0.867723
50,8,9,vit_tiny,cifar10,0.03,3,base.blocks.2,0.861824
50,8,9,vit_tiny,cifar10,0.03,4,base.blocks.3,0.881982
50,8,9,vit_tiny,cifar10,0.03,5,base.blocks.4,0.874355
50,8,9,vit_tiny,cifar10,0.03,6,base.blocks.5,0.866195
50,8,9,vit_tiny,cifar10,0.03,7,base.blocks.6,0.864083
50,8,9,vit_tiny,cifar10,0.03,8,base.blocks.7,0.850245
50,8,9,vit_tiny,cifar10,0.03,9,base.blocks.8,0.835907
50,8,9,vit_tiny,cifar10,0.03,10,base.blocks.9,0.816576
50,8,9,vit_tiny,cifar10,0.03,11,base.blocks.10,0.799621
50,8,9,vit_tiny,cifar10,0.03,12,base.blocks.11,0.774172
50,8,9,vit_tiny,cifar10,0.03,13,base.norm,0.782721
50,8,9,vit_tiny,cifar10,0.03,14,classifier,0.550509
