[FedLateGram] _detect_late_layers: 17 units (expanded from 6 depth-1 children), cutoff=9 → 9 late prefixes                                                  
[FedLateGram] Late layers (9): ['base.layers.5', 'base.layers.6', 'base.layers.7', 'base.layers.8', 'base.layers.9', 'base.layers.10', 'base.layers.11',    
'base.norm_f', 'classifier']                                                                                                                                
==================== FedLateGram ====================                                                                                                       
Experiment Arguments:                                                                                                                                       
{
│   'method': 'fedlategram',
│   'dataset': {
│   │   'name': 'cifar10',
│   │   'partition_dir': 'partitions/alpha_0.3/seed_42',
│   │   'client_num': 10,
│   │   'test_ratio': 0.25,
│   │   'val_ratio': 0.0,
│   │   'seed': 42,
│   │   'split': 'sample',
│   │   'IID_ratio': 0.0,
│   │   'alpha': 0.3,
│   │   'min_samples_per_client': 10,
│   │   'sample_fraction': 0.1,
│   │   'subset_seed': 42,
│   │   'monitor_window_name_suffix': 'cifar10-10clients-0%IID-Dir(0.3)-seed42-10pct'
│   },
│   'model': {
│   │   'name': 'vim_tiny',
│   │   'use_torchvision_pretrained_weights': False,
│   │   'external_model_weights_path': None
│   },
│   'optimizer': {
│   │   'lr': 0.01,
│   │   'dampening': 0,
│   │   'weight_decay': 0.0001,
│   │   'momentum': 0.9,
│   │   'nesterov': False,
│   │   'name': 'sgd'
│   },
│   'mode': 'serial',
│   'parallel': {
│   │   'ray_cluster_addr': None,
│   │   'num_cpus': None,
│   │   'num_gpus': None,
│   │   'num_workers': 4
│   },
│   'common': {
│   │   'seed': 42,
│   │   'join_ratio': 1.0,
│   │   'global_epoch': 50,
│   │   'local_epoch': 5,
│   │   'batch_size': 32,
│   │   'reset_optimizer_on_global_epoch': True,
│   │   'straggler_ratio': 0,
│   │   'straggler_min_local_epoch': 0,
│   │   'buffers': 'global',
│   │   'client_side_evaluation': True,
│   │   'test': {
│   │   │   'client': {
│   │   │   │   'interval': 1,
│   │   │   │   'finetune_epoch': 0,
│   │   │   │   'train': False,
│   │   │   │   'val': False,
│   │   │   │   'test': True
│   │   │   },
│   │   │   'server': {
│   │   │   │   'interval': 1,
│   │   │   │   'train': False,
│   │   │   │   'val': False,
│   │   │   │   'test': True,
│   │   │   │   'model_in_train_mode': False
│   │   │   }
│   │   },
│   │   'verbose_gap': 10,
│   │   'monitor': 'tensorboard',
│   │   'use_cuda': True,
│   │   'save_log': True,
│   │   'save_model': False,
│   │   'save_learning_curve_plot': True,
│   │   'save_metrics': True,
│   │   'delete_useless_run': True,
│   │   'dataloader_num_workers': 2,
│   │   'resume_checkpoint': None
│   },
│   'fedlategram': {
│   │   'lam': 0.15,
│   │   'tau_cka': 0.85,
│   │   'late_fraction': 0.45,
│   │   'freeze_strategy': 'slow_update',
│   │   'T_warm': 15,
│   │   'alpha_early_lr': 0.05,
│   │   'freq_early': 5,
│   │   'gram_ref': 'proxy',
│   │   'proxy_size': 256,
│   │   'lam_adaptive': True
│   },
│   'cka': {
│   │   'rounds': [
│   │   │   1,
│   │   │   2,
│   │   │   5,
│   │   │   10,
│   │   │   20,
│   │   │   30,
│   │   │   40,
│   │   │   50
│   │   ],
│   │   'client_sample': 10,
│   │   'probe_batches': 20,
│   │   'probe_batch_size': 16
│   },
│   'ckadriftfedavg': {}
}
---------------------------- ROUND 1/50 START ----------------------------                                                                                  
Selected clients: [1, 0, 4, 9, 6, 5, 8, 2, 3, 7]                                                                                                            
  [Client 1] Starting local training...                                                                                                                     
  [Client 1] Finished training in 18.19s                                                                                                                    
  [Client 0] Starting local training...                                                                                                                     
  [Client 0] Finished training in 14.81s                                                                                                                    
  [Client 4] Starting local training...                                                                                                                     
  [Client 4] Finished training in 3.29s                                                                                                                     
  [Client 9] Starting local training...                                                                                                                     
  [Client 9] Finished training in 6.45s                                                                                                                     
  [Client 6] Starting local training...                                                                                                                     
  [Client 6] Finished training in 6.72s                                                                                                                     
  [Client 5] Starting local training...                                                                                                                     
  [Client 5] Finished training in 11.42s                                                                                                                    
  [Client 8] Starting local training...                                                                                                                     
  [Client 8] Finished training in 12.05s                                                                                                                    
  [Client 2] Starting local training...                                                                                                                     
  [Client 2] Finished training in 8.38s                                                                                                                     
  [Client 3] Starting local training...                                                                                                                     
  [Client 3] Finished training in 3.73s                                                                                                                     
  [Client 7] Starting local training...                                                                                                                     
  [Client 7] Finished training in 4.49s                                                                                                                     
[Round 0] layer_lambdas: 5=0.0221, 6=0.0198, 7=0.0216, 8=0.0225, 9=0.0225, 10=0.0199, 11=0.0216, norm_f=0.0000, classifier=0.1500                           
[FedLateGram Round 1] avg task: 1.5259 | avg gram: 0.0936                                                                                                   
  [CKA] Saved checkpoints for round 1 (10 clients) → /home/luis.mendezl/Thesis/logs/runs/cifar10/fedlategram/vim_tiny/alpha0.3/seed42/checkpoints/round_0001
ROUND 1 FINISHED in 95.65s (Avg: 95.65s)                                                                                                                    
  [FedLateGram] Saved checkpoint after round 1 →                                                                                                            
/home/luis.mendezl/Thesis/logs/runs/cifar10/fedlategram/vim_tiny/alpha0.3/seed42/checkpoints/training_state.pt                                              
---------------------------- ROUND 2/50 START ----------------------------                                                                                  
Selected clients: [0, 9, 1, 7, 6, 4, 8, 2, 3, 5]                                                                                                            
  [Client 0] Starting local training...                                                                                                                     
  [Client 0] Finished training in 12.37s                                                                                                                    
  [Client 9] Starting local training...                                                                                                                     
  [Client 9] Finished training in 6.84s                                                                                                                     
  [Client 1] Starting local training...                                                                                                                     
  [Client 1] Finished training in 15.18s                                                                                                                    
  [Client 7] Starting local training...                                                                                                                     
  [Client 7] Finished training in 4.45s                                                                                                                     
  [Client 6] Starting local training...                                                                                                                     
  [Client 6] Finished training in 6.94s                                                                                                                     
  [Client 4] Starting local training...                                                                                                                     
  [Client 4] Finished training in 3.82s                                                                                                                     
  [Client 8] Starting local training...                                                                                                                     
  [Client 8] Finished training in 12.08s                                                                                                                    
  [Client 2] Starting local training...                                                                                                                     
  [Client 2] Finished training in 8.29s                                                                                                                     
  [Client 3] Starting local training...                                                                                                                     
  [Client 3] Finished training in 3.83s                                                                                                                     
  [Client 5] Starting local training...                                                                                                                     
  [Client 5] Finished training in 11.26s                                                                                                                    
[Round 1] layer_lambdas: 5=0.0238, 6=0.0201, 7=0.0217, 8=0.0181, 9=0.0245, 10=0.0207, 11=0.0211, norm_f=0.0000, classifier=0.1500                           
[FedLateGram Round 2] avg task: 1.4495 | avg gram: 0.0084                                                                                                   
  [CKA] Saved checkpoints for round 2 (10 clients) → /home/luis.mendezl/Thesis/logs/runs/cifar10/fedlategram/vim_tiny/alpha0.3/seed42/checkpoints/round_0002
ROUND 2 FINISHED in 88.15s (Avg: 91.90s)                                                                                                                    
  [FedLateGram] Saved checkpoint after round 2 →                                                                                                            
/home/luis.mendezl/Thesis/logs/runs/cifar10/fedlategram/vim_tiny/alpha0.3/seed42/checkpoints/training_state.pt                                              
---------------------------- ROUND 3/50 START ----------------------------                                                                                  
Selected clients: [3, 7, 4, 6, 0, 1, 9, 8, 2, 5]                                                                                                            
  [Client 3] Starting local training...                                                                                                                     
  [Client 3] Finished training in 4.32s                                                                                                                     
  [Client 7] Starting local training...                                                                                                                     
  [Client 7] Finished training in 4.07s                                                                                                                     
  [Client 4] Starting local training...                                                                                                                     
  [Client 4] Finished training in 3.40s                                                                                                                     
  [Client 6] Starting local training...                                                                                                                     
  [Client 6] Finished training in 7.45s                                                                                                                     
  [Client 0] Starting local training...                                                                                                                     
  [Client 0] Finished training in 15.76s                                                                                                                    
  [Client 1] Starting local training...                                                                                                                     
  [Client 1] Finished training in 16.44s                                                                                                                    
  [Client 9] Starting local training...                                                                                                                     
  [Client 9] Finished training in 6.76s                                                                                                                     
  [Client 8] Starting local training...                                                                                                                     
  [Client 8] Finished training in 10.34s                                                                                                                    
  [Client 2] Starting local training...                                                                                                                     
  [Client 2] Finished training in 6.99s                                                                                                                     
  [Client 5] Starting local training...                                                                                                                     
  [Client 5] Finished training in 12.28s                                                                                                                    
[Round 2] layer_lambdas: 5=0.0227, 6=0.0195, 7=0.0215, 8=0.0204, 9=0.0244, 10=0.0207, 11=0.0210, norm_f=0.0000, classifier=0.1500                           
[FedLateGram Round 3] avg task: 1.4370 | avg gram: 0.0076                                                                                                   
ROUND 3 FINISHED in 88.85s (Avg: 90.88s)                                                                                                                    
  [FedLateGram] Saved checkpoint after round 3 →                                                                                                            
/home/luis.mendezl/Thesis/logs/runs/cifar10/fedlategram/vim_tiny/alpha0.3/seed42/checkpoints/training_state.pt                                              
---------------------------- ROUND 4/50 START ----------------------------                                                                                  
Selected clients: [3, 5, 1, 0, 9, 6, 2, 7, 8, 4]                                                                                                            
  [Client 3] Starting local training...                                                                                                                     
  [Client 3] Finished training in 4.56s                                                                                                                     
  [Client 5] Starting local training...                                                                                                                     
  [Client 5] Finished training in 12.06s                                                                                                                    
  [Client 1] Starting local training...                                                                                                                     
  [Client 1] Finished training in 15.19s                                                                                                                    
  [Client 0] Starting local training...                                                                                                                     
  [Client 0] Finished training in 14.87s                                                                                                                    
  [Client 9] Starting local training...                                                                                                                     
  [Client 9] Finished training in 7.10s                                                                                                                     
  [Client 6] Starting local training...                                                                                                                     
  [Client 6] Finished training in 6.82s                                                                                                                     
  [Client 2] Starting local training...                                                                                                                     
  [Client 2] Finished training in 8.36s                                                                                                                     
  [Client 7] Starting local training...                                                                                                                     
  [Client 7] Finished training in 3.82s                                                                                                                     
  [Client 8] Starting local training...                                                                                                                     
  [Client 8] Finished training in 12.16s                                                                                                                    
  [Client 4] Starting local training...                                                                                                                     
  [Client 4] Finished training in 3.20s                                                                                                                     
[Round 3] layer_lambdas: 5=0.0265, 6=0.0197, 7=0.0257, 8=0.0158, 9=0.0248, 10=0.0198, 11=0.0176, norm_f=0.0000, classifier=0.1500                           
[FedLateGram Round 4] avg task: 1.4092 | avg gram: 0.0068                                                                                                   
ROUND 4 FINISHED in 89.26s (Avg: 90.47s)                                                                                                                    
  [FedLateGram] Saved checkpoint after round 4 →                                                                                                            
/home/luis.mendezl/Thesis/logs/runs/cifar10/fedlategram/vim_tiny/alpha0.3/seed42/checkpoints/training_state.pt                                              
---------------------------- ROUND 5/50 START ----------------------------                                                                                  
Selected clients: [7, 8, 1, 3, 0, 4, 2, 6, 9, 5]                                                                                                            
  [Client 7] Starting local training...                                                                                                                     
  [Client 7] Finished training in 4.20s                                                                                                                     
  [Client 8] Starting local training...                                                                                                                     
  [Client 8] Finished training in 11.71s                                                                                                                    
  [Client 1] Starting local training...                                                                                                                     
  [Client 1] Finished training in 13.16s                                                                                                                    
  [Client 3] Starting local training...                                                                                                                     
  [Client 3] Finished training in 3.61s                                                                                                                     
  [Client 0] Starting local training...                                                                                                                     
  [Client 0] Finished training in 10.59s                                                                                                                    
  [Client 4] Starting local training...                                                                                                                     
  [Client 4] Finished training in 2.63s                                                                                                                     
  [Client 2] Starting local training...                                                                                                                     
  [Client 2] Finished training in 5.50s                                                                                                                     
  [Client 6] Starting local training...                                                                                                                     
  [Client 6] Finished training in 4.65s                                                                                                                     
  [Client 9] Starting local training...                                                                                                                     
  [Client 9] Finished training in 7.65s                                                                                                                     
  [Client 5] Starting local training...                                                                                                                     
  [Client 5] Finished training in 12.68s                                                                                                                    
[Round 4] layer_lambdas: 5=0.0286, 6=0.0214, 7=0.0279, 8=0.0135, 9=0.0204, 10=0.0223, 11=0.0158, norm_f=0.0000, classifier=0.1500                           
[FedLateGram Round 5] avg task: 1.3828 | avg gram: 0.0061                                                                                                   
  [CKA] Saved checkpoints for round 5 (10 clients) → /home/luis.mendezl/Thesis/logs/runs/cifar10/fedlategram/vim_tiny/alpha0.3/seed42/checkpoints/round_0005
ROUND 5 FINISHED in 79.26s (Avg: 88.23s)                                                                                                                    
  [FedLateGram] Saved checkpoint after round 5 →                                                                                                            
/home/luis.mendezl/Thesis/logs/runs/cifar10/fedlategram/vim_tiny/alpha0.3/seed42/checkpoints/training_state.pt                                              
---------------------------- ROUND 6/50 START ----------------------------                                                                                  
Selected clients: [1, 0, 3, 6, 2, 8, 9, 4, 7, 5]                                                                                                            
  [Client 1] Starting local training...                                                                                                                     
  [Client 1] Finished training in 17.93s                                                                                                                    
  [Client 0] Starting local training...                                                                                                                     
  [Client 0] Finished training in 16.72s                                                                                                                    
  [Client 3] Starting local training...                                                                                                                     
  [Client 3] Finished training in 4.72s                                                                                                                     
  [Client 6] Starting local training...                                                                                                                     
  [Client 6] Finished training in 7.70s                                                                                                                     
  [Client 2] Starting local training...                                                                                                                     
  [Client 2] Finished training in 8.82s                                                                                                                     
  [Client 8] Starting local training...                                                                                                                     
  [Client 8] Finished training in 12.39s                                                                                                                    
  [Client 9] Starting local training...                                                                                                                     
  [Client 9] Finished training in 7.69s                                                                                                                     
  [Client 4] Starting local training...                                                                                                                     
  [Client 4] Finished training in 3.68s                                                                                                                     
  [Client 7] Starting local training...                                                                                                                     
  [Client 7] Finished training in 4.29s                                                                                                                     
  [Client 5] Starting local training...                                                                                                                     
  [Client 5] Finished training in 9.31s                                                                                                                     
[Round 5] layer_lambdas: 5=0.0293, 6=0.0223, 7=0.0334, 8=0.0122, 9=0.0170, 10=0.0225, 11=0.0133, norm_f=0.0000, classifier=0.1500                           
[FedLateGram Round 6] avg task: 1.3350 | avg gram: 0.0055                                                                                                   
ROUND 6 FINISHED in 94.33s (Avg: 89.25s)                                                                                                                    
  [FedLateGram] Saved checkpoint after round 6 →                                                                                                            
/home/luis.mendezl/Thesis/logs/runs/cifar10/fedlategram/vim_tiny/alpha0.3/seed42/checkpoints/training_state.pt                                              
---------------------------- ROUND 7/50 START ----------------------------                                                                                  
Selected clients: [7, 5, 2, 9, 6, 1, 8, 3, 0, 4]                                                                                                            
  [Client 7] Starting local training...                                                                                                                     
  [Client 7] Finished training in 4.73s                                                                                                                     
  [Client 5] Starting local training...                                                                                                                     
  [Client 5] Finished training in 13.36s                                                                                                                    
  [Client 2] Starting local training...                                                                                                                     
  [Client 2] Finished training in 9.90s                                                                                                                     
  [Client 9] Starting local training...                                                                                                                     
  [Client 9] Finished training in 8.01s                                                                                                                     
  [Client 6] Starting local training...                                                                                                                     
  [Client 6] Finished training in 7.26s                                                                                                                     
  [Client 1] Starting local training...                                                                                                                     
  [Client 1] Finished training in 16.75s                                                                                                                    
  [Client 8] Starting local training...                                                                                                                     
  [Client 8] Finished training in 12.26s                                                                                                                    
  [Client 3] Starting local training...                                                                                                                     
  [Client 3] Finished training in 4.13s                                                                                                                     
  [Client 0] Starting local training...                                                                                                                     
  [Client 0] Finished training in 15.58s                                                                                                                    
  [Client 4] Starting local training...                                                                                                                     
  [Client 4] Finished training in 3.93s                                                                                                                     
[Round 6] layer_lambdas: 5=0.0303, 6=0.0228, 7=0.0295, 8=0.0144, 9=0.0163, 10=0.0242, 11=0.0125, norm_f=0.0000, classifier=0.1500                           
[FedLateGram Round 7] avg task: 1.2717 | avg gram: 0.0050                                                                                                   
ROUND 7 FINISHED in 97.06s (Avg: 90.36s)                                                                                                                    
  [FedLateGram] Saved checkpoint after round 7 →                                                                                                            
/home/luis.mendezl/Thesis/logs/runs/cifar10/fedlategram/vim_tiny/alpha0.3/seed42/checkpoints/training_state.pt                                              
---------------------------- ROUND 8/50 START ----------------------------                                                                                  
Selected clients: [8, 3, 2, 9, 6, 7, 1, 4, 5, 0]                                                                                                            
  [Client 8] Starting local training...                                                                                                                     
  [Client 8] Finished training in 12.70s                                                                                                                    
  [Client 3] Starting local training...                                                                                                                     
  [Client 3] Finished training in 3.39s                                                                                                                     
  [Client 2] Starting local training...                                                                                                                     
  [Client 2] Finished training in 7.53s                                                                                                                     
  [Client 9] Starting local training...                                                                                                                     
  [Client 9] Finished training in 7.79s                                                                                                                     
  [Client 6] Starting local training...                                                                                                                     
  [Client 6] Finished training in 7.86s                                                                                                                     
  [Client 7] Starting local training...                                                                                                                     
  [Client 7] Finished training in 4.64s                                                                                                                     
  [Client 1] Starting local training...                                                                                                                     
  [Client 1] Finished training in 17.15s                                                                                                                    
  [Client 4] Starting local training...                                                                                                                     
  [Client 4] Finished training in 3.34s                                                                                                                     
  [Client 5] Starting local training...                                                                                                                     
  [Client 5] Finished training in 12.28s                                                                                                                    
  [Client 0] Starting local training...                                                                                                                     
  [Client 0] Finished training in 16.32s                                                                                                                    
[Round 7] layer_lambdas: 5=0.0310, 6=0.0290, 7=0.0239, 8=0.0126, 9=0.0136, 10=0.0269, 11=0.0131, norm_f=0.0000, classifier=0.1500                           
[FedLateGram Round 8] avg task: 1.2429 | avg gram: 0.0038                                                                                                   
ROUND 8 FINISHED in 93.99s (Avg: 90.82s)                                                                                                                    
  [FedLateGram] Saved checkpoint after round 8 →                                                                                                            
/home/luis.mendezl/Thesis/logs/runs/cifar10/fedlategram/vim_tiny/alpha0.3/seed42/checkpoints/training_state.pt                                              
---------------------------- ROUND 9/50 START ----------------------------                                                                                  
Selected clients: [3, 0, 5, 9, 2, 8, 1, 7, 6, 4]                                                                                                            
  [Client 3] Starting local training...                                                                                                                     
  [Client 3] Finished training in 4.90s                                                                                                                     
  [Client 0] Starting local training...                                                                                                                     
  [Client 0] Finished training in 16.15s                                                                                                                    
  [Client 5] Starting local training...                                                                                                                     
  [Client 5] Finished training in 12.58s                                                                                                                    
  [Client 9] Starting local training...                                                                                                                     
  [Client 9] Finished training in 7.47s                                                                                                                     
  [Client 2] Starting local training...                                                                                                                     
  [Client 2] Finished training in 7.75s                                                                                                                     
  [Client 8] Starting local training...                                                                                                                     
  [Client 8] Finished training in 10.92s                                                                                                                    
  [Client 1] Starting local training...                                                                                                                     
  [Client 1] Finished training in 16.99s                                                                                                                    
  [Client 7] Starting local training...                                                                                                                     
  [Client 7] Finished training in 4.54s                                                                                                                     
  [Client 6] Starting local training...                                                                                                                     
  [Client 6] Finished training in 7.67s                                                                                                                     
  [Client 4] Starting local training...                                                                                                                     
  [Client 4] Finished training in 4.06s                                                                                                                     
[Round 8] layer_lambdas: 5=0.0276, 6=0.0284, 7=0.0242, 8=0.0141, 9=0.0155, 10=0.0276, 11=0.0127, norm_f=0.0000, classifier=0.1500                           
[FedLateGram Round 9] avg task: 1.2154 | avg gram: 0.0031                                                                                                   
ROUND 9 FINISHED in 94.35s (Avg: 91.21s)                                                                                                                    
  [FedLateGram] Saved checkpoint after round 9 →                                                                                                            
/home/luis.mendezl/Thesis/logs/runs/cifar10/fedlategram/vim_tiny/alpha0.3/seed42/checkpoints/training_state.pt                                              
---------------------------- ROUND 10/50 START ----------------------------                                                                                 
Selected clients: [7, 6, 9, 1, 2, 8, 4, 5, 3, 0]                                                                                                            
  [Client 7] Starting local training...                                                                                                                     
  [Client 7] Finished training in 4.61s                                                                                                                     
client [7]  (testset)   loss: 2.1333 -> 1.1050  accuracy: 26.00% -> 56.00%                                                                                  
  [Client 6] Starting local training...                                                                                                                     
  [Client 6] Finished training in 8.04s                                                                                                                     
client [6]  (testset)   loss: 1.5486 -> 1.3562  accuracy: 40.00% -> 38.26%                                                                                  
  [Client 9] Starting local training...                                                                                                                     
  [Client 9] Finished training in 8.35s                                                                                                                     
client [9]  (testset)   loss: 2.0174 -> 1.7966  accuracy: 22.73% -> 45.45%                                                                                  
  [Client 1] Starting local training...                                                                                                                     
  [Client 1] Finished training in 16.06s                                                                                                                    
client [1]  (testset)   loss: 2.0219 -> 1.5058  accuracy: 23.39% -> 45.42%                                                                                  
  [Client 2] Starting local training...                                                                                                                     
  [Client 2] Finished training in 9.54s                                                                                                                     
client [2]  (testset)   loss: 1.7323 -> 1.8444  accuracy: 45.71% -> 39.29%                                                                                  
  [Client 8] Starting local training...                                                                                                                     
  [Client 8] Finished training in 12.70s                                                                                                                    
client [8]  (testset)   loss: 1.8651 -> 1.3687  accuracy: 32.87% -> 53.70%                                                                                  
  [Client 4] Starting local training...                                                                                                                     
  [Client 4] Finished training in 3.94s                                                                                                                     
client [4]  (testset)   loss: 1.8448 -> 0.7559  accuracy: 27.03% -> 75.68%                                                                                  
  [Client 5] Starting local training...                                                                                                                     
  [Client 5] Finished training in 11.77s                                                                                                                    
client [5]  (testset)   loss: 2.1713 -> 0.8805  accuracy: 17.14% -> 65.24%                                                                                  
  [Client 3] Starting local training...                                                                                                                     
  [Client 3] Finished training in 4.24s                                                                                                                     
client [3]  (testset)   loss: 2.0569 -> 1.9429  accuracy: 25.58% -> 51.16%                                                                                  
  [Client 0] Starting local training...                                                                                                                     
  [Client 0] Finished training in 16.96s                                                                                                                    
client [0]  (testset)   loss: 1.9049 -> 1.0768  accuracy: 29.18% -> 58.36%                                                                                  
[Round 9] layer_lambdas: 5=0.0279, 6=0.0223, 7=0.0257, 8=0.0164, 9=0.0186, 10=0.0247, 11=0.0143, norm_f=0.0000, classifier=0.1500                           
[FedLateGram Round 10] avg task: 1.1809 | avg gram: 0.0027                                                                                                  
  [CKA] Saved checkpoints for round 10 (10 clients) →                                                                                                       
/home/luis.mendezl/Thesis/logs/runs/cifar10/fedlategram/vim_tiny/alpha0.3/seed42/checkpoints/round_0010                                                     
ROUND 10 FINISHED in 99.28s (Avg: 92.02s)                                                                                                                   
  [FedLateGram] Saved checkpoint after round 10 →                                                                                                           
/home/luis.mendezl/Thesis/logs/runs/cifar10/fedlategram/vim_tiny/alpha0.3/seed42/checkpoints/training_state.pt                                              
---------------------------- ROUND 11/50 START ----------------------------                                                                                 
Selected clients: [9, 6, 5, 1, 8, 4, 3, 0, 2, 7]                                                                                                            
  [Client 9] Starting local training...                                                                                                                     
  [Client 9] Finished training in 7.36s                                                                                                                     
  [Client 6] Starting local training...                                                                                                                     
  [Client 6] Finished training in 7.27s                                                                                                                     
  [Client 5] Starting local training...                                                                                                                     
  [Client 5] Finished training in 13.24s                                                                                                                    
  [Client 1] Starting local training...                                                                                                                     
  [Client 1] Finished training in 16.79s                                                                                                                    
  [Client 8] Starting local training...                                                                                                                     
  [Client 8] Finished training in 12.38s                                                                                                                    
  [Client 4] Starting local training...                                                                                                                     
  [Client 4] Finished training in 4.35s                                                                                                                     
  [Client 3] Starting local training...                                                                                                                     
  [Client 3] Finished training in 4.84s                                                                                                                     
  [Client 0] Starting local training...                                                                                                                     
  [Client 0] Finished training in 17.45s                                                                                                                    
  [Client 2] Starting local training...                                                                                                                     
  [Client 2] Finished training in 9.33s                                                                                                                     
  [Client 7] Starting local training...                                                                                                                     
  [Client 7] Finished training in 4.08s                                                                                                                     
[Round 10] layer_lambdas: 5=0.0261, 6=0.0284, 7=0.0278, 8=0.0137, 9=0.0140, 10=0.0280, 11=0.0121, norm_f=0.0000, classifier=0.1500                          
[FedLateGram Round 11] avg task: 1.1512 | avg gram: 0.0027                                                                                                  
ROUND 11 FINISHED in 98.21s (Avg: 92.58s)                                                                                                                   
  [FedLateGram] Saved checkpoint after round 11 →                                                                                                           
/home/luis.mendezl/Thesis/logs/runs/cifar10/fedlategram/vim_tiny/alpha0.3/seed42/checkpoints/training_state.pt                                              
---------------------------- ROUND 12/50 START ----------------------------                                                                                 
Selected clients: [2, 9, 6, 4, 0, 3, 7, 8, 1, 5]                                                                                                            
  [Client 2] Starting local training...                                                                                                                     
  [Client 2] Finished training in 8.50s                                                                                                                     
  [Client 9] Starting local training...                                                                                                                     
  [Client 9] Finished training in 7.74s                                                                                                                     
  [Client 6] Starting local training...                                                                                                                     
  [Client 6] Finished training in 7.74s                                                                                                                     
  [Client 4] Starting local training...                                                                                                                     
  [Client 4] Finished training in 3.88s                                                                                                                     
  [Client 0] Starting local training...                                                                                                                     
  [Client 0] Finished training in 14.86s                                                                                                                    
  [Client 3] Starting local training...                                                                                                                     
  [Client 3] Finished training in 4.68s                                                                                                                     
  [Client 7] Starting local training...                                                                                                                     
  [Client 7] Finished training in 4.12s                                                                                                                     
  [Client 8] Starting local training...                                                                                                                     
  [Client 8] Finished training in 13.30s                                                                                                                    
  [Client 1] Starting local training...                                                                                                                     
  [Client 1] Finished training in 18.61s                                                                                                                    
  [Client 5] Starting local training...                                                                                                                     
  [Client 5] Finished training in 12.74s                                                                                                                    
[Round 11] layer_lambdas: 5=0.0283, 6=0.0289, 7=0.0226, 8=0.0151, 9=0.0151, 10=0.0276, 11=0.0124, norm_f=0.0000, classifier=0.1500                          
[FedLateGram Round 12] avg task: 1.1190 | avg gram: 0.0029                                                                                                  
ROUND 12 FINISHED in 97.47s (Avg: 92.99s)                                                                                                                   
  [FedLateGram] Saved checkpoint after round 12 →                                                                                                           
/home/luis.mendezl/Thesis/logs/runs/cifar10/fedlategram/vim_tiny/alpha0.3/seed42/checkpoints/training_state.pt                                              
---------------------------- ROUND 13/50 START ----------------------------                                                                                 
Selected clients: [8, 0, 1, 5, 4, 2, 6, 9, 7, 3]                                                                                                            
  [Client 8] Starting local training...                                                                                                                     
  [Client 8] Finished training in 13.22s                                                                                                                    
  [Client 0] Starting local training...                                                                                                                     
  [Client 0] Finished training in 13.50s                                                                                                                    
  [Client 1] Starting local training...                                                                                                                     
  [Client 1] Finished training in 16.09s                                                                                                                    
  [Client 5] Starting local training...                                                                                                                     
  [Client 5] Finished training in 12.69s                                                                                                                    
  [Client 4] Starting local training...                                                                                                                     
  [Client 4] Finished training in 4.43s                                                                                                                     
  [Client 2] Starting local training...                                                                                                                     
  [Client 2] Finished training in 9.04s                                                                                                                     
  [Client 6] Starting local training...                                                                                                                     
  [Client 6] Finished training in 8.07s                                                                                                                     
  [Client 9] Starting local training...                                                                                                                     
  [Client 9] Finished training in 8.02s                                                                                                                     
  [Client 7] Starting local training...                                                                                                                     
  [Client 7] Finished training in 4.73s                                                                                                                     
  [Client 3] Starting local training...                                                                                                                     
  [Client 3] Finished training in 4.85s                                                                                                                     
[Round 12] layer_lambdas: 5=0.0308, 6=0.0281, 7=0.0255, 8=0.0154, 9=0.0162, 10=0.0229, 11=0.0111, norm_f=0.0000, classifier=0.1500                          
[FedLateGram Round 13] avg task: 1.0928 | avg gram: 0.0030                                                                                                  
ROUND 13 FINISHED in 96.05s (Avg: 93.22s)                                                                                                                   
  [FedLateGram] Saved checkpoint after round 13 →                                                                                                           
/home/luis.mendezl/Thesis/logs/runs/cifar10/fedlategram/vim_tiny/alpha0.3/seed42/checkpoints/training_state.pt                                              
---------------------------- ROUND 14/50 START ----------------------------                                                                                 
Selected clients: [2, 7, 0, 5, 6, 9, 1, 4, 8, 3]                                                                                                            
  [Client 2] Starting local training...                                                                                                                     
  [Client 2] Finished training in 9.78s                                                                                                                     
  [Client 7] Starting local training...                                                                                                                     
  [Client 7] Finished training in 3.86s                                                                                                                     
  [Client 0] Starting local training...                                                                                                                     
  [Client 0] Finished training in 16.63s                                                                                                                    
  [Client 5] Starting local training...                                                                                                                     
  [Client 5] Finished training in 12.40s                                                                                                                    
  [Client 6] Starting local training...                                                                                                                     
  [Client 6] Finished training in 6.59s                                                                                                                     
  [Client 9] Starting local training...                                                                                                                     
  [Client 9] Finished training in 6.05s                                                                                                                     
  [Client 1] Starting local training...                                                                                                                     
  [Client 1] Finished training in 15.70s                                                                                                                    
  [Client 4] Starting local training...                                                                                                                     
  [Client 4] Finished training in 4.43s                                                                                                                     
  [Client 8] Starting local training...                                                                                                                     
  [Client 8] Finished training in 13.47s                                                                                                                    
  [Client 3] Starting local training...                                                                                                                     
  [Client 3] Finished training in 4.78s                                                                                                                     
[Round 13] layer_lambdas: 5=0.0306, 6=0.0286, 7=0.0246, 8=0.0160, 9=0.0162, 10=0.0208, 11=0.0132, norm_f=0.0000, classifier=0.1500                          
[FedLateGram Round 14] avg task: 1.0820 | avg gram: 0.0032                                                                                                  
ROUND 14 FINISHED in 94.97s (Avg: 93.35s)                                                                                                                   
  [FedLateGram] Saved checkpoint after round 14 →                                                                                                           
/home/luis.mendezl/Thesis/logs/runs/cifar10/fedlategram/vim_tiny/alpha0.3/seed42/checkpoints/training_state.pt                                              
---------------------------- ROUND 15/50 START ----------------------------                                                                                 
Selected clients: [8, 3, 2, 7, 1, 4, 0, 6, 5, 9]                                                                                                            
  [Client 8] Starting local training...                                                                                                                     
  [Client 8] Finished training in 12.82s                                                                                                                    
  [Client 3] Starting local training...                                                                                                                     
  [Client 3] Finished training in 4.75s                                                                                                                     
  [Client 2] Starting local training...                                                                                                                     
  [Client 2] Finished training in 8.95s                                                                                                                     
  [Client 7] Starting local training...                                                                                                                     
  [Client 7] Finished training in 4.73s                                                                                                                     
  [Client 1] Starting local training...                                                                                                                     
  [Client 1] Finished training in 16.58s                                                                                                                    
  [Client 4] Starting local training...                                                                                                                     
  [Client 4] Finished training in 4.36s                                                                                                                     
  [Client 0] Starting local training...                                                                                                                     
  [Client 0] Finished training in 15.87s                                                                                                                    
  [Client 6] Starting local training...                                                                                                                     
  [Client 6] Finished training in 6.57s                                                                                                                     
  [Client 5] Starting local training...                                                                                                                     
  [Client 5] Finished training in 9.94s                                                                                                                     
  [Client 9] Starting local training...                                                                                                                     
  [Client 9] Finished training in 7.38s                                                                                                                     
[Round 14] layer_lambdas: 5=0.0249, 6=0.0298, 7=0.0269, 8=0.0170, 9=0.0180, 10=0.0212, 11=0.0122, norm_f=0.0000, classifier=0.1500                          
[FedLateGram Round 15] avg task: 1.0531 | avg gram: 0.0031                                                                                                  
ROUND 15 FINISHED in 93.06s (Avg: 93.33s)                                                                                                                   
  [FedLateGram] Saved checkpoint after round 15 →                                                                                                           
/home/luis.mendezl/Thesis/logs/runs/cifar10/fedlategram/vim_tiny/alpha0.3/seed42/checkpoints/training_state.pt                                              
---------------------------- ROUND 16/50 START ----------------------------                                                                                 
Selected clients: [0, 1, 5, 6, 2, 8, 9, 3, 7, 4]                                                                                                            
  [Client 0] Starting local training...                                                                                                                     
  [Client 0] Finished training in 16.94s                                                                                                                    
  [Client 1] Starting local training...                                                                                                                     
  [Client 1] Finished training in 18.45s                                                                                                                    
  [Client 5] Starting local training...                                                                                                                     
  [Client 5] Finished training in 12.87s                                                                                                                    
  [Client 6] Starting local training...                                                                                                                     
  [Client 6] Finished training in 7.72s                                                                                                                     
  [Client 2] Starting local training...                                                                                                                     
  [Client 2] Finished training in 8.56s                                                                                                                     
  [Client 8] Starting local training...                                                                                                                     
  [Client 8] Finished training in 12.82s                                                                                                                    
  [Client 9] Starting local training...                                                                                                                     
  [Client 9] Finished training in 7.92s                                                                                                                     
  [Client 3] Starting local training...                                                                                                                     
  [Client 3] Finished training in 4.22s                                                                                                                     
  [Client 7] Starting local training...                                                                                                                     
  [Client 7] Finished training in 3.88s                                                                                                                     
  [Client 4] Starting local training...                                                                                                                     
  [Client 4] Finished training in 4.08s                                                                                                                     
[Round 15] layer_lambdas: 5=0.0304, 6=0.0273, 7=0.0257, 8=0.0187, 9=0.0190, 10=0.0166, 11=0.0123, norm_f=0.0000, classifier=0.1500                          
[FedLateGram Round 16] avg task: 1.0575 | avg gram: 0.0036                                                                                                  
ROUND 16 FINISHED in 98.47s (Avg: 93.65s)                                                                                                                   
  [FedLateGram] Saved checkpoint after round 16 →                                                                                                           
/home/luis.mendezl/Thesis/logs/runs/cifar10/fedlategram/vim_tiny/alpha0.3/seed42/checkpoints/training_state.pt                                              
---------------------------- ROUND 17/50 START ----------------------------                                                                                 
Selected clients: [7, 1, 2, 8, 5, 3, 6, 4, 9, 0]                                                                                                            
  [Client 7] Starting local training...                                                                                                                     
  [Client 7] Finished training in 3.82s                                                                                                                     
  [Client 1] Starting local training...                                                                                                                     
  [Client 1] Finished training in 17.44s                                                                                                                    
  [Client 2] Starting local training...                                                                                                                     
  [Client 2] Finished training in 8.40s                                                                                                                     
  [Client 8] Starting local training...                                                                                                                     
  [Client 8] Finished training in 13.99s                                                                                                                    
  [Client 5] Starting local training...                                                                                                                     
  [Client 5] Finished training in 13.69s                                                                                                                    
  [Client 3] Starting local training...                                                                                                                     
  [Client 3] Finished training in 4.91s                                                                                                                     
  [Client 6] Starting local training...                                                                                                                     
  [Client 6] Finished training in 7.91s                                                                                                                     
  [Client 4] Starting local training...                                                                                                                     
  [Client 4] Finished training in 3.58s                                                                                                                     
  [Client 9] Starting local training...                                                                                                                     
  [Client 9] Finished training in 7.67s                                                                                                                     
  [Client 0] Starting local training...                                                                                                                     
  [Client 0] Finished training in 15.36s                                                                                                                    
[Round 16] layer_lambdas: 5=0.0274, 6=0.0301, 7=0.0267, 8=0.0160, 9=0.0174, 10=0.0184, 11=0.0141, norm_f=0.0000, classifier=0.1500                          
[FedLateGram Round 17] avg task: 1.0351 | avg gram: 0.0036                                                                                                  
ROUND 17 FINISHED in 97.66s (Avg: 93.89s)                                                                                                                   
  [FedLateGram] Saved checkpoint after round 17 →                                                                                                           
/home/luis.mendezl/Thesis/logs/runs/cifar10/fedlategram/vim_tiny/alpha0.3/seed42/checkpoints/training_state.pt                                              
---------------------------- ROUND 18/50 START ----------------------------                                                                                 
Selected clients: [8, 3, 4, 9, 5, 2, 6, 7, 1, 0]                                                                                                            
  [Client 8] Starting local training...                                                                                                                     
  [Client 8] Finished training in 12.46s                                                                                                                    
  [Client 3] Starting local training...                                                                                                                     
  [Client 3] Finished training in 4.14s                                                                                                                     
  [Client 4] Starting local training...                                                                                                                     
  [Client 4] Finished training in 3.59s                                                                                                                     
  [Client 9] Starting local training...                                                                                                                     
  [Client 9] Finished training in 5.29s                                                                                                                     
  [Client 5] Starting local training...                                                                                                                     
  [Client 5] Finished training in 9.56s                                                                                                                     
  [Client 2] Starting local training...                                                                                                                     
  [Client 2] Finished training in 10.06s                                                                                                                    
  [Client 6] Starting local training...                                                                                                                     
  [Client 6] Finished training in 8.19s                                                                                                                     
  [Client 7] Starting local training...                                                                                                                     
  [Client 7] Finished training in 4.90s                                                                                                                     
  [Client 1] Starting local training...                                                                                                                     
  [Client 1] Finished training in 15.92s                                                                                                                    
  [Client 0] Starting local training...                                                                                                                     
  [Client 0] Finished training in 16.21s                                                                                                                    
[Round 17] layer_lambdas: 5=0.0303, 6=0.0281, 7=0.0266, 8=0.0204, 9=0.0184, 10=0.0149, 11=0.0113, norm_f=0.0000, classifier=0.1500                          
[FedLateGram Round 18] avg task: 1.0100 | avg gram: 0.0040                                                                                                  
ROUND 18 FINISHED in 91.66s (Avg: 93.76s)                                                                                                                   
  [FedLateGram] Saved checkpoint after round 18 →                                                                                                           
/home/luis.mendezl/Thesis/logs/runs/cifar10/fedlategram/vim_tiny/alpha0.3/seed42/checkpoints/training_state.pt                                              
---------------------------- ROUND 19/50 START ----------------------------                                                                                 
Selected clients: [3, 9, 1, 2, 0, 4, 7, 6, 5, 8]                                                                                                            
  [Client 3] Starting local training...                                                                                                                     
  [Client 3] Finished training in 4.61s                                                                                                                     
  [Client 9] Starting local training...                                                                                                                     
  [Client 9] Finished training in 7.58s                                                                                                                     
  [Client 1] Starting local training...                                                                                                                     
  [Client 1] Finished training in 16.02s                                                                                                                    
  [Client 2] Starting local training...                                                                                                                     
  [Client 2] Finished training in 9.31s                                                                                                                     
  [Client 0] Starting local training...                                                                                                                     
  [Client 0] Finished training in 16.55s                                                                                                                    
  [Client 4] Starting local training...                                                                                                                     
  [Client 4] Finished training in 4.01s                                                                                                                     
  [Client 7] Starting local training...                                                                                                                     
  [Client 7] Finished training in 3.65s                                                                                                                     
  [Client 6] Starting local training...                                                                                                                     
  [Client 6] Finished training in 5.82s                                                                                                                     
  [Client 5] Starting local training...                                                                                                                     
  [Client 5] Finished training in 12.74s                                                                                                                    
  [Client 8] Starting local training...                                                                                                                     
  [Client 8] Finished training in 14.27s                                                                                                                    
[Round 18] layer_lambdas: 5=0.0263, 6=0.0355, 7=0.0245, 8=0.0192, 9=0.0173, 10=0.0152, 11=0.0120, norm_f=0.0000, classifier=0.1500                          
[FedLateGram Round 19] avg task: 0.9897 | avg gram: 0.0038                                                                                                  
ROUND 19 FINISHED in 95.96s (Avg: 93.88s)                                                                                                                   
  [FedLateGram] Saved checkpoint after round 19 →                                                                                                           
/home/luis.mendezl/Thesis/logs/runs/cifar10/fedlategram/vim_tiny/alpha0.3/seed42/checkpoints/training_state.pt                                              
---------------------------- ROUND 20/50 START ----------------------------                                                                                 
Selected clients: [1, 0, 3, 8, 6, 2, 5, 4, 7, 9]                                                                                                            
  [Client 1] Starting local training...                                                                                                                     
  [Client 1] Finished training in 16.02s                                                                                                                    
client [1]  (testset)   loss: 1.8465 -> 1.5827  accuracy: 31.53% -> 49.49%                                                                                  
  [Client 0] Starting local training...                                                                                                                     
  [Client 0] Finished training in 15.87s                                                                                                                    
client [0]  (testset)   loss: 1.7161 -> 1.1302  accuracy: 38.79% -> 66.19%                                                                                  
  [Client 3] Starting local training...                                                                                                                     
  [Client 3] Finished training in 4.15s                                                                                                                     
client [3]  (testset)   loss: 1.9316 -> 1.8398  accuracy: 34.88% -> 48.84%                                                                                  
  [Client 8] Starting local training...                                                                                                                     
  [Client 8] Finished training in 13.02s                                                                                                                    
client [8]  (testset)   loss: 1.7401 -> 1.3539  accuracy: 41.20% -> 58.80%                                                                                  
  [Client 6] Starting local training...                                                                                                                     
  [Client 6] Finished training in 8.29s                                                                                                                     
client [6]  (testset)   loss: 1.3241 -> 1.2722  accuracy: 53.91% -> 51.30%                                                                                  
  [Client 2] Starting local training...                                                                                                                     
  [Client 2] Finished training in 8.54s                                                                                                                     
client [2]  (testset)   loss: 1.5724 -> 1.7281  accuracy: 49.29% -> 50.71%                                                                                  
  [Client 5] Starting local training...                                                                                                                     
  [Client 5] Finished training in 12.56s                                                                                                                    
client [5]  (testset)   loss: 2.0335 -> 0.9798  accuracy: 30.48% -> 65.71%                                                                                  
  [Client 4] Starting local training...                                                                                                                     
  [Client 4] Finished training in 4.12s                                                                                                                     
client [4]  (testset)   loss: 1.7384 -> 0.8455  accuracy: 40.54% -> 78.38%                                                                                  
  [Client 7] Starting local training...                                                                                                                     
  [Client 7] Finished training in 3.94s                                                                                                                     
client [7]  (testset)   loss: 1.9273 -> 1.3554  accuracy: 36.00% -> 46.00%                                                                                  
  [Client 9] Starting local training...                                                                                                                     
  [Client 9] Finished training in 6.15s                                                                                                                     
client [9]  (testset)   loss: 1.8100 -> 1.7226  accuracy: 37.27% -> 43.64%                                                                                  
[Round 19] layer_lambdas: 5=0.0283, 6=0.0266, 7=0.0295, 8=0.0180, 9=0.0210, 10=0.0139, 11=0.0129, norm_f=0.0000, classifier=0.1500                          
[FedLateGram Round 20] avg task: 0.9817 | avg gram: 0.0041                                                                                                  
  [CKA] Saved checkpoints for round 20 (10 clients) →                                                                                                       
/home/luis.mendezl/Thesis/logs/runs/cifar10/fedlategram/vim_tiny/alpha0.3/seed42/checkpoints/round_0020                                                     
ROUND 20 FINISHED in 97.27s (Avg: 94.05s)                                                                                                                   
  [FedLateGram] Saved checkpoint after round 20 →                                                                                                           
/home/luis.mendezl/Thesis/logs/runs/cifar10/fedlategram/vim_tiny/alpha0.3/seed42/checkpoints/training_state.pt                                              
---------------------------- ROUND 21/50 START ----------------------------                                                                                 
Selected clients: [7, 3, 2, 5, 4, 6, 8, 0, 1, 9]                                                                                                            
  [Client 7] Starting local training...                                                                                                                     
  [Client 7] Finished training in 4.55s                                                                                                                     
  [Client 3] Starting local training...                                                                                                                     
  [Client 3] Finished training in 4.91s                                                                                                                     
  [Client 2] Starting local training...                                                                                                                     
  [Client 2] Finished training in 9.60s                                                                                                                     
  [Client 5] Starting local training...                                                                                                                     
  [Client 5] Finished training in 12.95s                                                                                                                    
  [Client 4] Starting local training...                                                                                                                     
  [Client 4] Finished training in 3.85s                                                                                                                     
  [Client 6] Starting local training...                                                                                                                     
  [Client 6] Finished training in 7.77s                                                                                                                     
  [Client 8] Starting local training...                                                                                                                     
  [Client 8] Finished training in 12.54s                                                                                                                    
  [Client 0] Starting local training...                                                                                                                     
  [Client 0] Finished training in 17.59s                                                                                                                    
  [Client 1] Starting local training...                                                                                                                     
  [Client 1] Finished training in 17.90s                                                                                                                    
  [Client 9] Starting local training...                                                                                                                     
  [Client 9] Finished training in 8.22s                                                                                                                     
[Round 20] layer_lambdas: 5=0.0264, 6=0.0276, 7=0.0298, 8=0.0199, 9=0.0208, 10=0.0134, 11=0.0120, norm_f=0.0000, classifier=0.1500                          
[FedLateGram Round 21] avg task: 0.9811 | avg gram: 0.0042                                                                                                  
ROUND 21 FINISHED in 101.32s (Avg: 94.40s)                                                                                                                  
  [FedLateGram] Saved checkpoint after round 21 →                                                                                                           
/home/luis.mendezl/Thesis/logs/runs/cifar10/fedlategram/vim_tiny/alpha0.3/seed42/checkpoints/training_state.pt                                              
---------------------------- ROUND 22/50 START ----------------------------                                                                                 
Selected clients: [3, 1, 8, 5, 9, 2, 6, 7, 4, 0]                                                                                                            
  [Client 3] Starting local training...                                                                                                                     
  [Client 3] Finished training in 4.28s                                                                                                                     
  [Client 1] Starting local training...                                                                                                                     
  [Client 1] Finished training in 14.90s                                                                                                                    
  [Client 8] Starting local training...                                                                                                                     
  [Client 8] Finished training in 13.26s                                                                                                                    
  [Client 5] Starting local training...                                                                                                                     
  [Client 5] Finished training in 12.92s                                                                                                                    
  [Client 9] Starting local training...                                                                                                                     
  [Client 9] Finished training in 7.41s                                                                                                                     
  [Client 2] Starting local training...                                                                                                                     
  [Client 2] Finished training in 9.45s                                                                                                                     
  [Client 6] Starting local training...                                                                                                                     
  [Client 6] Finished training in 6.95s                                                                                                                     
  [Client 7] Starting local training...                                                                                                                     
  [Client 7] Finished training in 4.43s                                                                                                                     
  [Client 4] Starting local training...                                                                                                                     
  [Client 4] Finished training in 4.24s                                                                                                                     
  [Client 0] Starting local training...                                                                                                                     
  [Client 0] Finished training in 17.61s                                                                                                                    
[Round 21] layer_lambdas: 5=0.0307, 6=0.0275, 7=0.0273, 8=0.0199, 9=0.0186, 10=0.0160, 11=0.0100, norm_f=0.0000, classifier=0.1500                          
[FedLateGram Round 22] avg task: 0.9402 | avg gram: 0.0047                                                                                                  
ROUND 22 FINISHED in 96.78s (Avg: 94.50s)                                                                                                                   
  [FedLateGram] Saved checkpoint after round 22 →                                                                                                           
/home/luis.mendezl/Thesis/logs/runs/cifar10/fedlategram/vim_tiny/alpha0.3/seed42/checkpoints/training_state.pt                                              
---------------------------- ROUND 23/50 START ----------------------------                                                                                 
Selected clients: [1, 0, 6, 5, 2, 8, 9, 4, 7, 3]                                                                                                            
  [Client 1] Starting local training...                                                                                                                     
  [Client 1] Finished training in 15.85s                                                                                                                    
  [Client 0] Starting local training...                                                                                                                     
  [Client 0] Finished training in 14.30s                                                                                                                    
  [Client 6] Starting local training...                                                                                                                     
  [Client 6] Finished training in 6.18s                                                                                                                     
  [Client 5] Starting local training...                                                                                                                     
  [Client 5] Finished training in 11.10s                                                                                                                    
  [Client 2] Starting local training...                                                                                                                     
  [Client 2] Finished training in 9.32s                                                                                                                     
  [Client 8] Starting local training...                                                                                                                     
  [Client 8] Finished training in 13.09s                                                                                                                    
  [Client 9] Starting local training...                                                                                                                     
  [Client 9] Finished training in 7.87s                                                                                                                     
  [Client 4] Starting local training...                                                                                                                     
  [Client 4] Finished training in 3.74s                                                                                                                     
  [Client 7] Starting local training...                                                                                                                     
  [Client 7] Finished training in 4.33s                                                                                                                     
  [Client 3] Starting local training...                                                                                                                     
  [Client 3] Finished training in 4.25s                                                                                                                     
[Round 22] layer_lambdas: 5=0.0255, 6=0.0316, 7=0.0291, 8=0.0196, 9=0.0192, 10=0.0146, 11=0.0104, norm_f=0.0000, classifier=0.1500                          
[FedLateGram Round 23] avg task: 0.9363 | avg gram: 0.0044                                                                                                  
ROUND 23 FINISHED in 91.01s (Avg: 94.35s)                                                                                                                   
  [FedLateGram] Saved checkpoint after round 23 →                                                                                                           
/home/luis.mendezl/Thesis/logs/runs/cifar10/fedlategram/vim_tiny/alpha0.3/seed42/checkpoints/training_state.pt                                              
---------------------------- ROUND 24/50 START ----------------------------                                                                                 
Selected clients: [2, 6, 9, 7, 3, 1, 0, 4, 5, 8]                                                                                                            
  [Client 2] Starting local training...                                                                                                                     
  [Client 2] Finished training in 8.91s                                                                                                                     
  [Client 6] Starting local training...                                                                                                                     
  [Client 6] Finished training in 6.63s                                                                                                                     
  [Client 9] Starting local training...                                                                                                                     
  [Client 9] Finished training in 7.46s                                                                                                                     
  [Client 7] Starting local training...                                                                                                                     
  [Client 7] Finished training in 3.86s                                                                                                                     
  [Client 3] Starting local training...                                                                                                                     
  [Client 3] Finished training in 4.85s                                                                                                                     
  [Client 1] Starting local training...                                                                                                                     
  [Client 1] Finished training in 17.72s                                                                                                                    
  [Client 0] Starting local training...                                                                                                                     
  [Client 0] Finished training in 14.12s                                                                                                                    
  [Client 4] Starting local training...                                                                                                                     
  [Client 4] Finished training in 4.16s                                                                                                                     
  [Client 5] Starting local training...                                                                                                                     
  [Client 5] Finished training in 11.72s                                                                                                                    
  [Client 8] Starting local training...                                                                                                                     
  [Client 8] Finished training in 12.15s                                                                                                                    
[Round 23] layer_lambdas: 5=0.0266, 6=0.0267, 7=0.0302, 8=0.0217, 9=0.0190, 10=0.0146, 11=0.0112, norm_f=0.0000, classifier=0.1500                          
[FedLateGram Round 24] avg task: 0.9193 | avg gram: 0.0049                                                                                                  
ROUND 24 FINISHED in 92.48s (Avg: 94.27s)                                                                                                                   
  [FedLateGram] Saved checkpoint after round 24 →                                                                                                           
/home/luis.mendezl/Thesis/logs/runs/cifar10/fedlategram/vim_tiny/alpha0.3/seed42/checkpoints/training_state.pt                                              
---------------------------- ROUND 25/50 START ----------------------------                                                                                 
Selected clients: [8, 0, 1, 6, 7, 5, 3, 4, 2, 9]                                                                                                            
  [Client 8] Starting local training...                                                                                                                     
  [Client 8] Finished training in 14.57s                                                                                                                    
  [Client 0] Starting local training...                                                                                                                     
  [Client 0] Finished training in 15.46s                                                                                                                    
  [Client 1] Starting local training...                                                                                                                     
  [Client 1] Finished training in 15.87s                                                                                                                    
  [Client 6] Starting local training...                                                                                                                     
  [Client 6] Finished training in 7.95s                                                                                                                     
  [Client 7] Starting local training...                                                                                                                     
  [Client 7] Finished training in 4.45s                                                                                                                     
  [Client 5] Starting local training...                                                                                                                     
  [Client 5] Finished training in 12.33s                                                                                                                    
  [Client 3] Starting local training...                                                                                                                     
  [Client 3] Finished training in 4.17s                                                                                                                     
  [Client 4] Starting local training...                                                                                                                     
  [Client 4] Finished training in 3.89s                                                                                                                     
  [Client 2] Starting local training...                                                                                                                     
  [Client 2] Finished training in 9.05s                                                                                                                     
  [Client 9] Starting local training...                                                                                                                     
  [Client 9] Finished training in 7.80s                                                                                                                     
[Round 24] layer_lambdas: 5=0.0276, 6=0.0316, 7=0.0273, 8=0.0207, 9=0.0186, 10=0.0143, 11=0.0098, norm_f=0.0000, classifier=0.1500                          
[FedLateGram Round 25] avg task: 0.9070 | avg gram: 0.0046                                                                                                  
ROUND 25 FINISHED in 96.45s (Avg: 94.36s)                                                                                                                   
  [FedLateGram] Saved checkpoint after round 25 →                                                                                                           
/home/luis.mendezl/Thesis/logs/runs/cifar10/fedlategram/vim_tiny/alpha0.3/seed42/checkpoints/training_state.pt                                              
---------------------------- ROUND 26/50 START ----------------------------                                                                                 
Selected clients: [6, 0, 2, 3, 8, 9, 7, 1, 4, 5]                                                                                                            
  [Client 6] Starting local training...                                                                                                                     
  [Client 6] Finished training in 6.48s                                                                                                                     
  [Client 0] Starting local training...                                                                                                                     
  [Client 0] Finished training in 12.17s                                                                                                                    
  [Client 2] Starting local training...                                                                                                                     
  [Client 2] Finished training in 8.90s                                                                                                                     
  [Client 3] Starting local training...                                                                                                                     
  [Client 3] Finished training in 4.39s                                                                                                                     
  [Client 8] Starting local training...                                                                                                                     
  [Client 8] Finished training in 12.42s                                                                                                                    
  [Client 9] Starting local training...                                                                                                                     
  [Client 9] Finished training in 7.77s                                                                                                                     
  [Client 7] Starting local training...                                                                                                                     
  [Client 7] Finished training in 4.45s                                                                                                                     
  [Client 1] Starting local training...                                                                                                                     
  [Client 1] Finished training in 14.78s                                                                                                                    
  [Client 4] Starting local training...                                                                                                                     
  [Client 4] Finished training in 3.85s                                                                                                                     
  [Client 5] Starting local training...                                                                                                                     
  [Client 5] Finished training in 11.84s                                                                                                                    
[Round 25] layer_lambdas: 5=0.0277, 6=0.0265, 7=0.0273, 8=0.0241, 9=0.0197, 10=0.0135, 11=0.0112, norm_f=0.0000, classifier=0.1500                          
[FedLateGram Round 26] avg task: 0.8939 | avg gram: 0.0054                                                                                                  
ROUND 26 FINISHED in 88.13s (Avg: 94.12s)                                                                                                                   
  [FedLateGram] Saved checkpoint after round 26 →                                                                                                           
/home/luis.mendezl/Thesis/logs/runs/cifar10/fedlategram/vim_tiny/alpha0.3/seed42/checkpoints/training_state.pt                                              
---------------------------- ROUND 27/50 START ----------------------------                                                                                 
Selected clients: [8, 7, 2, 1, 9, 6, 0, 5, 3, 4]                                                                                                            
  [Client 8] Starting local training...                                                                                                                     
  [Client 8] Finished training in 12.04s                                                                                                                    
  [Client 7] Starting local training...                                                                                                                     
  [Client 7] Finished training in 4.14s                                                                                                                     
  [Client 2] Starting local training...                                                                                                                     
  [Client 2] Finished training in 9.37s                                                                                                                     
  [Client 1] Starting local training...                                                                                                                     
  [Client 1] Finished training in 17.07s                                                                                                                    
  [Client 9] Starting local training...                                                                                                                     
  [Client 9] Finished training in 7.67s                                                                                                                     
  [Client 6] Starting local training...                                                                                                                     
  [Client 6] Finished training in 7.24s                                                                                                                     
  [Client 0] Starting local training...                                                                                                                     
  [Client 0] Finished training in 15.04s                                                                                                                    
  [Client 5] Starting local training...                                                                                                                     
  [Client 5] Finished training in 8.94s                                                                                                                     
  [Client 3] Starting local training...                                                                                                                     
  [Client 3] Finished training in 4.01s                                                                                                                     
  [Client 4] Starting local training...                                                                                                                     
  [Client 4] Finished training in 3.53s                                                                                                                     
[Round 26] layer_lambdas: 5=0.0235, 6=0.0319, 7=0.0248, 8=0.0220, 9=0.0199, 10=0.0169, 11=0.0109, norm_f=0.0000, classifier=0.1500                          
[FedLateGram Round 27] avg task: 0.8881 | avg gram: 0.0054                                                                                                  
ROUND 27 FINISHED in 90.29s (Avg: 93.98s)                                                                                                                   
  [FedLateGram] Saved checkpoint after round 27 →                                                                                                           
/home/luis.mendezl/Thesis/logs/runs/cifar10/fedlategram/vim_tiny/alpha0.3/seed42/checkpoints/training_state.pt                                              
---------------------------- ROUND 28/50 START ----------------------------                                                                                 
Selected clients: [0, 9, 7, 4, 6, 1, 8, 2, 3, 5]                                                                                                            
  [Client 0] Starting local training...                                                                                                                     
  [Client 0] Finished training in 16.35s                                                                                                                    
  [Client 9] Starting local training...                                                                                                                     
  [Client 9] Finished training in 7.96s                                                                                                                     
  [Client 7] Starting local training...                                                                                                                     
  [Client 7] Finished training in 4.50s                                                                                                                     
  [Client 4] Starting local training...                                                                                                                     
  [Client 4] Finished training in 3.86s                                                                                                                     
  [Client 6] Starting local training...                                                                                                                     
  [Client 6] Finished training in 7.45s                                                                                                                     
  [Client 1] Starting local training...                                                                                                                     
  [Client 1] Finished training in 15.90s                                                                                                                    
  [Client 8] Starting local training...                                                                                                                     
  [Client 8] Finished training in 12.54s                                                                                                                    
  [Client 2] Starting local training...                                                                                                                     
  [Client 2] Finished training in 8.04s                                                                                                                     
  [Client 3] Starting local training...                                                                                                                     
  [Client 3] Finished training in 4.08s                                                                                                                     
  [Client 5] Starting local training...                                                                                                                     
  [Client 5] Finished training in 12.49s                                                                                                                    
[Round 27] layer_lambdas: 5=0.0252, 6=0.0318, 7=0.0269, 8=0.0201, 9=0.0224, 10=0.0133, 11=0.0104, norm_f=0.0000, classifier=0.1500                          
[FedLateGram Round 28] avg task: 0.8481 | avg gram: 0.0055                                                                                                  
ROUND 28 FINISHED in 94.28s (Avg: 93.99s)                                                                                                                   
  [FedLateGram] Saved checkpoint after round 28 →                                                                                                           
/home/luis.mendezl/Thesis/logs/runs/cifar10/fedlategram/vim_tiny/alpha0.3/seed42/checkpoints/training_state.pt                                              
---------------------------- ROUND 29/50 START ----------------------------                                                                                 
Selected clients: [1, 9, 3, 7, 0, 4, 8, 2, 5, 6]                                                                                                            
  [Client 1] Starting local training...                                                                                                                     
  [Client 1] Finished training in 16.15s                                                                                                                    
  [Client 9] Starting local training...                                                                                                                     
  [Client 9] Finished training in 6.72s                                                                                                                     
  [Client 3] Starting local training...                                                                                                                     
  [Client 3] Finished training in 3.67s                                                                                                                     
  [Client 7] Starting local training...                                                                                                                     
  [Client 7] Finished training in 4.35s                                                                                                                     
  [Client 0] Starting local training...                                                                                                                     
  [Client 0] Finished training in 15.20s                                                                                                                    
  [Client 4] Starting local training...                                                                                                                     
  [Client 4] Finished training in 4.04s                                                                                                                     
  [Client 8] Starting local training...                                                                                                                     
  [Client 8] Finished training in 13.20s                                                                                                                    
  [Client 2] Starting local training...                                                                                                                     
  [Client 2] Finished training in 9.35s                                                                                                                     
  [Client 5] Starting local training...                                                                                                                     
  [Client 5] Finished training in 12.02s                                                                                                                    
  [Client 6] Starting local training...                                                                                                                     
  [Client 6] Finished training in 7.51s                                                                                                                     
[Round 28] layer_lambdas: 5=0.0257, 6=0.0278, 7=0.0272, 8=0.0217, 9=0.0203, 10=0.0160, 11=0.0114, norm_f=0.0000, classifier=0.1500                          
[FedLateGram Round 29] avg task: 0.8409 | avg gram: 0.0058                                                                                                  
ROUND 29 FINISHED in 93.38s (Avg: 93.97s)                                                                                                                   
  [FedLateGram] Saved checkpoint after round 29 →                                                                                                           
/home/luis.mendezl/Thesis/logs/runs/cifar10/fedlategram/vim_tiny/alpha0.3/seed42/checkpoints/training_state.pt                                              
---------------------------- ROUND 30/50 START ----------------------------                                                                                 
Selected clients: [6, 8, 5, 2, 1, 9, 7, 3, 4, 0]                                                                                                            
  [Client 6] Starting local training...                                                                                                                     
  [Client 6] Finished training in 7.56s                                                                                                                     
client [6]  (testset)   loss: 1.3330 -> 1.4319  accuracy: 50.43% -> 52.17%                                                                                  
  [Client 8] Starting local training...                                                                                                                     
  [Client 8] Finished training in 12.59s                                                                                                                    
client [8]  (testset)   loss: 1.7661 -> 1.4981  accuracy: 40.74% -> 56.48%                                                                                  
  [Client 5] Starting local training...                                                                                                                     
  [Client 5] Finished training in 12.09s                                                                                                                    
client [5]  (testset)   loss: 2.0713 -> 0.8610  accuracy: 29.52% -> 70.00%                                                                                  
  [Client 2] Starting local training...                                                                                                                     
  [Client 2] Finished training in 8.58s                                                                                                                     
client [2]  (testset)   loss: 1.5788 -> 1.7909  accuracy: 52.86% -> 50.71%                                                                                  
  [Client 1] Starting local training...                                                                                                                     
  [Client 1] Finished training in 16.54s                                                                                                                    
client [1]  (testset)   loss: 1.8441 -> 1.5907  accuracy: 33.22% -> 50.85%                                                                                  
  [Client 9] Starting local training...                                                                                                                     
  [Client 9] Finished training in 6.77s                                                                                                                     
client [9]  (testset)   loss: 1.8170 -> 1.8072  accuracy: 34.55% -> 49.09%                                                                                  
  [Client 7] Starting local training...                                                                                                                     
  [Client 7] Finished training in 4.16s                                                                                                                     
client [7]  (testset)   loss: 1.8961 -> 1.3679  accuracy: 32.00% -> 56.00%                                                                                  
  [Client 3] Starting local training...                                                                                                                     
  [Client 3] Finished training in 4.09s                                                                                                                     
client [3]  (testset)   loss: 2.2008 -> 1.9681  accuracy: 30.23% -> 46.51%                                                                                  
  [Client 4] Starting local training...                                                                                                                     
  [Client 4] Finished training in 3.75s                                                                                                                     
client [4]  (testset)   loss: 1.8436 -> 1.0599  accuracy: 48.65% -> 70.27%                                                                                  
  [Client 0] Starting local training...                                                                                                                     
  [Client 0] Finished training in 12.07s                                                                                                                    
client [0]  (testset)   loss: 1.7343 -> 1.2171  accuracy: 41.64% -> 62.99%                                                                                  
[Round 29] layer_lambdas: 5=0.0249, 6=0.0292, 7=0.0269, 8=0.0206, 9=0.0197, 10=0.0177, 11=0.0110, norm_f=0.0000, classifier=0.1500                          
[FedLateGram Round 30] avg task: 0.8379 | avg gram: 0.0052                                                                                                  
  [CKA] Saved checkpoints for round 30 (10 clients) →                                                                                                       
/home/luis.mendezl/Thesis/logs/runs/cifar10/fedlategram/vim_tiny/alpha0.3/seed42/checkpoints/round_0030                                                     
ROUND 30 FINISHED in 93.07s (Avg: 93.94s)                                                                                                                   
  [FedLateGram] Saved checkpoint after round 30 →                                                                                                           
/home/luis.mendezl/Thesis/logs/runs/cifar10/fedlategram/vim_tiny/alpha0.3/seed42/checkpoints/training_state.pt                                              
---------------------------- ROUND 31/50 START ----------------------------                                                                                 
Selected clients: [4, 7, 5, 6, 0, 8, 3, 2, 9, 1]                                                                                                            
  [Client 4] Starting local training...                                                                                                                     
  [Client 4] Finished training in 3.76s                                                                                                                     
  [Client 7] Starting local training...                                                                                                                     
  [Client 7] Finished training in 4.64s                                                                                                                     
  [Client 5] Starting local training...                                                                                                                     
  [Client 5] Finished training in 11.75s                                                                                                                    
  [Client 6] Starting local training...                                                                                                                     
  [Client 6] Finished training in 6.71s                                                                                                                     
  [Client 0] Starting local training...                                                                                                                     
  [Client 0] Finished training in 14.45s                                                                                                                    
  [Client 8] Starting local training...                                                                                                                     
  [Client 8] Finished training in 12.31s                                                                                                                    
  [Client 3] Starting local training...                                                                                                                     
  [Client 3] Finished training in 4.44s                                                                                                                     
  [Client 2] Starting local training...                                                                                                                     
  [Client 2] Finished training in 8.46s                                                                                                                     
  [Client 9] Starting local training...                                                                                                                     
  [Client 9] Finished training in 7.14s                                                                                                                     
  [Client 1] Starting local training...                                                                                                                     
  [Client 1] Finished training in 16.23s                                                                                                                    
[Round 30] layer_lambdas: 5=0.0221, 6=0.0283, 7=0.0271, 8=0.0266, 9=0.0224, 10=0.0132, 11=0.0103, norm_f=0.0000, classifier=0.1500                          
[FedLateGram Round 31] avg task: 0.8049 | avg gram: 0.0052                                                                                                  
ROUND 31 FINISHED in 91.05s (Avg: 93.85s)                                                                                                                   
  [FedLateGram] Saved checkpoint after round 31 →                                                                                                           
/home/luis.mendezl/Thesis/logs/runs/cifar10/fedlategram/vim_tiny/alpha0.3/seed42/checkpoints/training_state.pt                                              
---------------------------- ROUND 32/50 START ----------------------------                                                                                 
Selected clients: [8, 3, 4, 1, 2, 0, 6, 9, 5, 7]                                                                                                            
  [Client 8] Starting local training...                                                                                                                     
  [Client 8] Finished training in 13.11s                                                                                                                    
  [Client 3] Starting local training...                                                                                                                     
  [Client 3] Finished training in 4.44s                                                                                                                     
  [Client 4] Starting local training...                                                                                                                     
  [Client 4] Finished training in 3.83s                                                                                                                     
  [Client 1] Starting local training...                                                                                                                     
  [Client 1] Finished training in 14.45s                                                                                                                    
  [Client 2] Starting local training...                                                                                                                     
  [Client 2] Finished training in 7.36s                                                                                                                     
  [Client 0] Starting local training...                                                                                                                     
  [Client 0] Finished training in 13.92s                                                                                                                    
  [Client 6] Starting local training...                                                                                                                     
  [Client 6] Finished training in 7.51s                                                                                                                     
  [Client 9] Starting local training...                                                                                                                     
  [Client 9] Finished training in 7.13s                                                                                                                     
  [Client 5] Starting local training...                                                                                                                     
  [Client 5] Finished training in 11.35s                                                                                                                    
  [Client 7] Starting local training...                                                                                                                     
  [Client 7] Finished training in 4.42s                                                                                                                     
[Round 31] layer_lambdas: 5=0.0254, 6=0.0317, 7=0.0255, 8=0.0213, 9=0.0198, 10=0.0171, 11=0.0092, norm_f=0.0000, classifier=0.1500                          
[FedLateGram Round 32] avg task: 0.8040 | avg gram: 0.0060                                                                                                  
ROUND 32 FINISHED in 88.52s (Avg: 93.68s)                                                                                                                   
  [FedLateGram] Saved checkpoint after round 32 →                                                                                                           
/home/luis.mendezl/Thesis/logs/runs/cifar10/fedlategram/vim_tiny/alpha0.3/seed42/checkpoints/training_state.pt                                              
---------------------------- ROUND 33/50 START ----------------------------                                                                                 
Selected clients: [7, 8, 4, 9, 5, 6, 0, 2, 1, 3]                                                                                                            
  [Client 7] Starting local training...                                                                                                                     
  [Client 7] Finished training in 4.40s                                                                                                                     
  [Client 8] Starting local training...                                                                                                                     
  [Client 8] Finished training in 12.38s                                                                                                                    
  [Client 4] Starting local training...                                                                                                                     
  [Client 4] Finished training in 3.72s                                                                                                                     
  [Client 9] Starting local training...                                                                                                                     
  [Client 9] Finished training in 6.98s                                                                                                                     
  [Client 5] Starting local training...                                                                                                                     
  [Client 5] Finished training in 11.45s                                                                                                                    
  [Client 6] Starting local training...                                                                                                                     
  [Client 6] Finished training in 7.37s                                                                                                                     
  [Client 0] Starting local training...                                                                                                                     
  [Client 0] Finished training in 16.09s                                                                                                                    
  [Client 2] Starting local training...                                                                                                                     
  [Client 2] Finished training in 9.39s                                                                                                                     
  [Client 1] Starting local training...                                                                                                                     
  [Client 1] Finished training in 17.30s                                                                                                                    
  [Client 3] Starting local training...                                                                                                                     
  [Client 3] Finished training in 4.42s                                                                                                                     
[Round 32] layer_lambdas: 5=0.0270, 6=0.0338, 7=0.0245, 8=0.0203, 9=0.0179, 10=0.0162, 11=0.0103, norm_f=0.0000, classifier=0.1500                          
[FedLateGram Round 33] avg task: 0.7904 | avg gram: 0.0059                                                                                                  
ROUND 33 FINISHED in 94.64s (Avg: 93.71s)                                                                                                                   
  [FedLateGram] Saved checkpoint after round 33 →                                                                                                           
/home/luis.mendezl/Thesis/logs/runs/cifar10/fedlategram/vim_tiny/alpha0.3/seed42/checkpoints/training_state.pt                                              
---------------------------- ROUND 34/50 START ----------------------------                                                                                 
Selected clients: [2, 4, 1, 0, 5, 8, 7, 3, 9, 6]                                                                                                            
  [Client 2] Starting local training...                                                                                                                     
  [Client 2] Finished training in 7.89s                                                                                                                     
  [Client 4] Starting local training...                                                                                                                     
  [Client 4] Finished training in 3.75s                                                                                                                     
  [Client 1] Starting local training...                                                                                                                     
  [Client 1] Finished training in 16.71s                                                                                                                    
  [Client 0] Starting local training...                                                                                                                     
  [Client 0] Finished training in 14.49s                                                                                                                    
  [Client 5] Starting local training...                                                                                                                     
  [Client 5] Finished training in 12.23s                                                                                                                    
  [Client 8] Starting local training...                                                                                                                     
  [Client 8] Finished training in 13.38s                                                                                                                    
  [Client 7] Starting local training...                                                                                                                     
  [Client 7] Finished training in 4.37s                                                                                                                     
  [Client 3] Starting local training...                                                                                                                     
  [Client 3] Finished training in 4.52s                                                                                                                     
  [Client 9] Starting local training...                                                                                                                     
  [Client 9] Finished training in 7.47s                                                                                                                     
  [Client 6] Starting local training...                                                                                                                     
  [Client 6] Finished training in 7.24s                                                                                                                     
[Round 33] layer_lambdas: 5=0.0266, 6=0.0335, 7=0.0270, 8=0.0186, 9=0.0214, 10=0.0140, 11=0.0090, norm_f=0.0000, classifier=0.1500                          
[FedLateGram Round 34] avg task: 0.8007 | avg gram: 0.0061                                                                                                  
ROUND 34 FINISHED in 93.27s (Avg: 93.70s)                                                                                                                   
  [FedLateGram] Saved checkpoint after round 34 →                                                                                                           
/home/luis.mendezl/Thesis/logs/runs/cifar10/fedlategram/vim_tiny/alpha0.3/seed42/checkpoints/training_state.pt                                              
---------------------------- ROUND 35/50 START ----------------------------                                                                                 
Selected clients: [5, 3, 4, 7, 8, 2, 0, 9, 1, 6]                                                                                                            
  [Client 5] Starting local training...                                                                                                                     
  [Client 5] Finished training in 12.22s                                                                                                                    
  [Client 3] Starting local training...                                                                                                                     
  [Client 3] Finished training in 4.29s                                                                                                                     
  [Client 4] Starting local training...                                                                                                                     
  [Client 4] Finished training in 3.69s                                                                                                                     
  [Client 7] Starting local training...                                                                                                                     
  [Client 7] Finished training in 4.21s                                                                                                                     
  [Client 8] Starting local training...                                                                                                                     
  [Client 8] Finished training in 12.31s                                                                                                                    
  [Client 2] Starting local training...                                                                                                                     
  [Client 2] Finished training in 9.00s                                                                                                                     
  [Client 0] Starting local training...                                                                                                                     
  [Client 0] Finished training in 13.12s                                                                                                                    
  [Client 9] Starting local training...                                                                                                                     
  [Client 9] Finished training in 7.91s                                                                                                                     
  [Client 1] Starting local training...                                                                                                                     
  [Client 1] Finished training in 16.17s                                                                                                                    
  [Client 6] Starting local training...                                                                                                                     
  [Client 6] Finished training in 7.45s                                                                                                                     
[Round 34] layer_lambdas: 5=0.0242, 6=0.0357, 7=0.0251, 8=0.0208, 9=0.0191, 10=0.0167, 11=0.0084, norm_f=0.0000, classifier=0.1500                          
[FedLateGram Round 35] avg task: 0.7651 | avg gram: 0.0057                                                                                                  
ROUND 35 FINISHED in 91.26s (Avg: 93.63s)                                                                                                                   
  [FedLateGram] Saved checkpoint after round 35 →                                                                                                           
/home/luis.mendezl/Thesis/logs/runs/cifar10/fedlategram/vim_tiny/alpha0.3/seed42/checkpoints/training_state.pt                                              
---------------------------- ROUND 36/50 START ----------------------------                                                                                 
Selected clients: [0, 9, 5, 6, 1, 2, 7, 4, 3, 8]                                                                                                            
  [Client 0] Starting local training...                                                                                                                     
  [Client 0] Finished training in 15.39s                                                                                                                    
  [Client 9] Starting local training...                                                                                                                     
  [Client 9] Finished training in 7.55s                                                                                                                     
  [Client 5] Starting local training...                                                                                                                     
  [Client 5] Finished training in 11.50s                                                                                                                    
  [Client 6] Starting local training...                                                                                                                     
  [Client 6] Finished training in 7.64s                                                                                                                     
  [Client 1] Starting local training...                                                                                                                     
  [Client 1] Finished training in 16.99s                                                                                                                    
  [Client 2] Starting local training...                                                                                                                     
  [Client 2] Finished training in 8.93s                                                                                                                     
  [Client 7] Starting local training...                                                                                                                     
  [Client 7] Finished training in 4.31s                                                                                                                     
  [Client 4] Starting local training...                                                                                                                     
  [Client 4] Finished training in 3.86s                                                                                                                     
  [Client 3] Starting local training...                                                                                                                     
  [Client 3] Finished training in 4.10s                                                                                                                     
  [Client 8] Starting local training...                                                                                                                     
  [Client 8] Finished training in 13.15s                                                                                                                    
[Round 35] layer_lambdas: 5=0.0247, 6=0.0300, 7=0.0268, 8=0.0215, 9=0.0206, 10=0.0158, 11=0.0106, norm_f=0.0000, classifier=0.1500                          
[FedLateGram Round 36] avg task: 0.7593 | avg gram: 0.0056                                                                                                  
ROUND 36 FINISHED in 94.46s (Avg: 93.65s)                                                                                                                   
  [FedLateGram] Saved checkpoint after round 36 →                                                                                                           
/home/luis.mendezl/Thesis/logs/runs/cifar10/fedlategram/vim_tiny/alpha0.3/seed42/checkpoints/training_state.pt                                              
---------------------------- ROUND 37/50 START ----------------------------                                                                                 
Selected clients: [8, 0, 1, 9, 5, 7, 6, 4, 3, 2]                                                                                                            
  [Client 8] Starting local training...                                                                                                                     
  [Client 8] Finished training in 10.15s                                                                                                                    
  [Client 0] Starting local training...                                                                                                                     
  [Client 0] Finished training in 14.62s                                                                                                                    
  [Client 1] Starting local training...                                                                                                                     
  [Client 1] Finished training in 15.10s                                                                                                                    
  [Client 9] Starting local training...                                                                                                                     
  [Client 9] Finished training in 7.90s                                                                                                                     
  [Client 5] Starting local training...                                                                                                                     
  [Client 5] Finished training in 12.59s                                                                                                                    
  [Client 7] Starting local training...                                                                                                                     
  [Client 7] Finished training in 4.34s                                                                                                                     
  [Client 6] Starting local training...                                                                                                                     
  [Client 6] Finished training in 7.49s                                                                                                                     
  [Client 4] Starting local training...                                                                                                                     
  [Client 4] Finished training in 3.64s                                                                                                                     
  [Client 3] Starting local training...                                                                                                                     
  [Client 3] Finished training in 4.11s                                                                                                                     
  [Client 2] Starting local training...                                                                                                                     
  [Client 2] Finished training in 9.39s                                                                                                                     
[Round 36] layer_lambdas: 5=0.0264, 6=0.0309, 7=0.0260, 8=0.0190, 9=0.0212, 10=0.0173, 11=0.0092, norm_f=0.0000, classifier=0.1500                          
[FedLateGram Round 37] avg task: 0.7446 | avg gram: 0.0059                                                                                                  
ROUND 37 FINISHED in 90.48s (Avg: 93.56s)                                                                                                                   
  [FedLateGram] Saved checkpoint after round 37 →                                                                                                           
/home/luis.mendezl/Thesis/logs/runs/cifar10/fedlategram/vim_tiny/alpha0.3/seed42/checkpoints/training_state.pt                                              
---------------------------- ROUND 38/50 START ----------------------------                                                                                 
Selected clients: [2, 0, 4, 9, 8, 6, 1, 7, 5, 3]                                                                                                            
  [Client 2] Starting local training...                                                                                                                     
  [Client 2] Finished training in 9.15s                                                                                                                     
  [Client 0] Starting local training...                                                                                                                     
  [Client 0] Finished training in 15.61s                                                                                                                    
  [Client 4] Starting local training...                                                                                                                     
  [Client 4] Finished training in 3.67s                                                                                                                     
  [Client 9] Starting local training...                                                                                                                     
  [Client 9] Finished training in 7.28s                                                                                                                     
  [Client 8] Starting local training...                                                                                                                     
  [Client 8] Finished training in 12.32s                                                                                                                    
  [Client 6] Starting local training...                                                                                                                     
  [Client 6] Finished training in 7.23s                                                                                                                     
  [Client 1] Starting local training...                                                                                                                     
  [Client 1] Finished training in 12.77s                                                                                                                    
  [Client 7] Starting local training...                                                                                                                     
  [Client 7] Finished training in 4.26s                                                                                                                     
  [Client 5] Starting local training...                                                                                                                     
  [Client 5] Finished training in 11.28s                                                                                                                    
  [Client 3] Starting local training...                                                                                                                     
  [Client 3] Finished training in 4.10s                                                                                                                     
[Round 37] layer_lambdas: 5=0.0255, 6=0.0328, 7=0.0250, 8=0.0202, 9=0.0203, 10=0.0161, 11=0.0102, norm_f=0.0000, classifier=0.1500                          
[FedLateGram Round 38] avg task: 0.7282 | avg gram: 0.0056                                                                                                  
ROUND 38 FINISHED in 88.52s (Avg: 93.43s)                                                                                                                   
  [FedLateGram] Saved checkpoint after round 38 →                                                                                                           
/home/luis.mendezl/Thesis/logs/runs/cifar10/fedlategram/vim_tiny/alpha0.3/seed42/checkpoints/training_state.pt                                              
---------------------------- ROUND 39/50 START ----------------------------                                                                                 
Selected clients: [5, 8, 6, 4, 9, 1, 7, 0, 2, 3]                                                                                                            
  [Client 5] Starting local training...                                                                                                                     
  [Client 5] Finished training in 10.99s                                                                                                                    
  [Client 8] Starting local training...                                                                                                                     
  [Client 8] Finished training in 13.09s                                                                                                                    
  [Client 6] Starting local training...                                                                                                                     
  [Client 6] Finished training in 7.32s                                                                                                                     
  [Client 4] Starting local training...                                                                                                                     
  [Client 4] Finished training in 3.72s                                                                                                                     
  [Client 9] Starting local training...                                                                                                                     
  [Client 9] Finished training in 7.62s                                                                                                                     
  [Client 1] Starting local training...                                                                                                                     
  [Client 1] Finished training in 15.46s                                                                                                                    
  [Client 7] Starting local training...                                                                                                                     
  [Client 7] Finished training in 4.24s                                                                                                                     
  [Client 0] Starting local training...                                                                                                                     
  [Client 0] Finished training in 15.70s                                                                                                                    
  [Client 2] Starting local training...                                                                                                                     
  [Client 2] Finished training in 8.73s                                                                                                                     
  [Client 3] Starting local training...                                                                                                                     
  [Client 3] Finished training in 4.53s                                                                                                                     
[Round 38] layer_lambdas: 5=0.0257, 6=0.0349, 7=0.0252, 8=0.0194, 9=0.0203, 10=0.0145, 11=0.0098, norm_f=0.0000, classifier=0.1500                          
[FedLateGram Round 39] avg task: 0.7162 | avg gram: 0.0055                                                                                                  
ROUND 39 FINISHED in 92.35s (Avg: 93.40s)                                                                                                                   
  [FedLateGram] Saved checkpoint after round 39 →                                                                                                           
/home/luis.mendezl/Thesis/logs/runs/cifar10/fedlategram/vim_tiny/alpha0.3/seed42/checkpoints/training_state.pt                                              
---------------------------- ROUND 40/50 START ----------------------------                                                                                 
Selected clients: [0, 2, 5, 6, 3, 1, 8, 9, 7, 4]                                                                                                            
  [Client 0] Starting local training...                                                                                                                     
  [Client 0] Finished training in 15.88s                                                                                                                    
client [0]  (testset)   loss: 1.7295 -> 1.3769  accuracy: 41.28% -> 64.41%                                                                                  
  [Client 2] Starting local training...                                                                                                                     
  [Client 2] Finished training in 7.36s                                                                                                                     
client [2]  (testset)   loss: 1.5878 -> 2.0235  accuracy: 48.57% -> 55.00%                                                                                  
  [Client 5] Starting local training...                                                                                                                     
  [Client 5] Finished training in 10.42s                                                                                                                    
client [5]  (testset)   loss: 2.1370 -> 1.0540  accuracy: 34.29% -> 67.62%                                                                                  
  [Client 6] Starting local training...                                                                                                                     
  [Client 6] Finished training in 6.82s                                                                                                                     
client [6]  (testset)   loss: 1.3567 -> 1.7028  accuracy: 57.39% -> 48.70%                                                                                  
  [Client 3] Starting local training...                                                                                                                     
  [Client 3] Finished training in 4.12s                                                                                                                     
client [3]  (testset)   loss: 2.0316 -> 2.0742  accuracy: 37.21% -> 51.16%                                                                                  
  [Client 1] Starting local training...                                                                                                                     
  [Client 1] Finished training in 16.80s                                                                                                                    
client [1]  (testset)   loss: 1.9079 -> 1.8932  accuracy: 32.88% -> 45.42%                                                                                  
  [Client 8] Starting local training...                                                                                                                     
  [Client 8] Finished training in 12.31s                                                                                                                    
client [8]  (testset)   loss: 1.7859 -> 1.4258  accuracy: 42.59% -> 57.41%                                                                                  
  [Client 9] Starting local training...                                                                                                                     
  [Client 9] Finished training in 6.42s                                                                                                                     
client [9]  (testset)   loss: 1.7222 -> 1.8294  accuracy: 45.45% -> 53.64%                                                                                  
  [Client 7] Starting local training...                                                                                                                     
  [Client 7] Finished training in 4.50s                                                                                                                     
client [7]  (testset)   loss: 1.8862 -> 1.1958  accuracy: 34.00% -> 66.00%                                                                                  
  [Client 4] Starting local training...                                                                                                                     
  [Client 4] Finished training in 4.03s                                                                                                                     
client [4]  (testset)   loss: 1.7545 -> 0.9722  accuracy: 40.54% -> 72.97%                                                                                  
[Round 39] layer_lambdas: 5=0.0260, 6=0.0310, 7=0.0264, 8=0.0180, 9=0.0207, 10=0.0176, 11=0.0102, norm_f=0.0000, classifier=0.1500                          
[FedLateGram Round 40] avg task: 0.6977 | avg gram: 0.0057                                                                                                  
  [CKA] Saved checkpoints for round 40 (10 clients) →                                                                                                       
/home/luis.mendezl/Thesis/logs/runs/cifar10/fedlategram/vim_tiny/alpha0.3/seed42/checkpoints/round_0040                                                     
ROUND 40 FINISHED in 91.77s (Avg: 93.36s)                                                                                                                   
  [FedLateGram] Saved checkpoint after round 40 →                                                                                                           
/home/luis.mendezl/Thesis/logs/runs/cifar10/fedlategram/vim_tiny/alpha0.3/seed42/checkpoints/training_state.pt                                              
---------------------------- ROUND 41/50 START ----------------------------                                                                                 
Selected clients: [0, 7, 3, 1, 8, 2, 4, 9, 5, 6]                                                                                                            
  [Client 0] Starting local training...                                                                                                                     
  [Client 0] Finished training in 16.04s                                                                                                                    
  [Client 7] Starting local training...                                                                                                                     
  [Client 7] Finished training in 4.26s                                                                                                                     
  [Client 3] Starting local training...                                                                                                                     
  [Client 3] Finished training in 4.05s                                                                                                                     
  [Client 1] Starting local training...                                                                                                                     
  [Client 1] Finished training in 15.75s                                                                                                                    
  [Client 8] Starting local training...                                                                                                                     
  [Client 8] Finished training in 12.59s                                                                                                                    
  [Client 2] Starting local training...                                                                                                                     
  [Client 2] Finished training in 8.88s                                                                                                                     
  [Client 4] Starting local training...                                                                                                                     
  [Client 4] Finished training in 3.89s                                                                                                                     
  [Client 9] Starting local training...                                                                                                                     
  [Client 9] Finished training in 7.00s                                                                                                                     
  [Client 5] Starting local training...                                                                                                                     
  [Client 5] Finished training in 9.26s                                                                                                                     
  [Client 6] Starting local training...                                                                                                                     
  [Client 6] Finished training in 6.38s                                                                                                                     
[Round 40] layer_lambdas: 5=0.0231, 6=0.0319, 7=0.0265, 8=0.0260, 9=0.0186, 10=0.0140, 11=0.0100, norm_f=0.0000, classifier=0.1500                          
[FedLateGram Round 41] avg task: 0.7007 | avg gram: 0.0055                                                                                                  
ROUND 41 FINISHED in 89.23s (Avg: 93.26s)                                                                                                                   
  [FedLateGram] Saved checkpoint after round 41 →                                                                                                           
/home/luis.mendezl/Thesis/logs/runs/cifar10/fedlategram/vim_tiny/alpha0.3/seed42/checkpoints/training_state.pt                                              
---------------------------- ROUND 42/50 START ----------------------------                                                                                 
Selected clients: [3, 6, 5, 2, 0, 8, 4, 9, 1, 7]                                                                                                            
  [Client 3] Starting local training...                                                                                                                     
  [Client 3] Finished training in 3.97s                                                                                                                     
  [Client 6] Starting local training...                                                                                                                     
  [Client 6] Finished training in 7.47s                                                                                                                     
  [Client 5] Starting local training...                                                                                                                     
  [Client 5] Finished training in 11.78s                                                                                                                    
  [Client 2] Starting local training...                                                                                                                     
  [Client 2] Finished training in 8.68s                                                                                                                     
  [Client 0] Starting local training...                                                                                                                     
  [Client 0] Finished training in 16.47s                                                                                                                    
  [Client 8] Starting local training...                                                                                                                     
  [Client 8] Finished training in 13.70s                                                                                                                    
  [Client 4] Starting local training...                                                                                                                     
  [Client 4] Finished training in 3.93s                                                                                                                     
  [Client 9] Starting local training...                                                                                                                     
  [Client 9] Finished training in 5.76s                                                                                                                     
  [Client 1] Starting local training...                                                                                                                     
  [Client 1] Finished training in 15.62s                                                                                                                    
  [Client 7] Starting local training...                                                                                                                     
  [Client 7] Finished training in 3.95s                                                                                                                     
[Round 41] layer_lambdas: 5=0.0327, 6=0.0318, 7=0.0233, 8=0.0168, 9=0.0198, 10=0.0168, 11=0.0089, norm_f=0.0000, classifier=0.1500                          
[FedLateGram Round 42] avg task: 0.6799 | avg gram: 0.0056                                                                                                  
ROUND 42 FINISHED in 92.43s (Avg: 93.24s)                                                                                                                   
  [FedLateGram] Saved checkpoint after round 42 →                                                                                                           
/home/luis.mendezl/Thesis/logs/runs/cifar10/fedlategram/vim_tiny/alpha0.3/seed42/checkpoints/training_state.pt                                              
---------------------------- ROUND 43/50 START ----------------------------                                                                                 
Selected clients: [0, 1, 4, 8, 7, 2, 9, 3, 6, 5]                                                                                                            
  [Client 0] Starting local training...                                                                                                                     
  [Client 0] Finished training in 15.10s                                                                                                                    
  [Client 1] Starting local training...                                                                                                                     
  [Client 1] Finished training in 14.55s                                                                                                                    
  [Client 4] Starting local training...                                                                                                                     
  [Client 4] Finished training in 3.14s                                                                                                                     
  [Client 8] Starting local training...                                                                                                                     
  [Client 8] Finished training in 10.87s                                                                                                                    
  [Client 7] Starting local training...                                                                                                                     
  [Client 7] Finished training in 4.31s                                                                                                                     
  [Client 2] Starting local training...                                                                                                                     
  [Client 2] Finished training in 8.99s                                                                                                                     
  [Client 9] Starting local training...                                                                                                                     
  [Client 9] Finished training in 7.76s                                                                                                                     
  [Client 3] Starting local training...                                                                                                                     
  [Client 3] Finished training in 4.41s                                                                                                                     
  [Client 6] Starting local training...                                                                                                                     
  [Client 6] Finished training in 7.71s                                                                                                                     
  [Client 5] Starting local training...                                                                                                                     
  [Client 5] Finished training in 12.16s                                                                                                                    
[Round 42] layer_lambdas: 5=0.0250, 6=0.0372, 7=0.0267, 8=0.0193, 9=0.0178, 10=0.0153, 11=0.0087, norm_f=0.0000, classifier=0.1500                          
[FedLateGram Round 43] avg task: 0.6712 | avg gram: 0.0058                                                                                                  
ROUND 43 FINISHED in 90.11s (Avg: 93.17s)                                                                                                                   
  [FedLateGram] Saved checkpoint after round 43 →                                                                                                           
/home/luis.mendezl/Thesis/logs/runs/cifar10/fedlategram/vim_tiny/alpha0.3/seed42/checkpoints/training_state.pt                                              
---------------------------- ROUND 44/50 START ----------------------------                                                                                 
Selected clients: [5, 6, 1, 3, 4, 7, 2, 0, 9, 8]                                                                                                            
  [Client 5] Starting local training...                                                                                                                     
  [Client 5] Finished training in 11.87s                                                                                                                    
  [Client 6] Starting local training...                                                                                                                     
  [Client 6] Finished training in 6.92s                                                                                                                     
  [Client 1] Starting local training...                                                                                                                     
  [Client 1] Finished training in 15.18s                                                                                                                    
  [Client 3] Starting local training...                                                                                                                     
  [Client 3] Finished training in 4.36s                                                                                                                     
  [Client 4] Starting local training...                                                                                                                     
  [Client 4] Finished training in 3.32s                                                                                                                     
  [Client 7] Starting local training...                                                                                                                     
  [Client 7] Finished training in 4.25s                                                                                                                     
  [Client 2] Starting local training...                                                                                                                     
  [Client 2] Finished training in 8.67s                                                                                                                     
  [Client 0] Starting local training...                                                                                                                     
  [Client 0] Finished training in 15.12s                                                                                                                    
  [Client 9] Starting local training...                                                                                                                     
  [Client 9] Finished training in 7.45s                                                                                                                     
  [Client 8] Starting local training...                                                                                                                     
  [Client 8] Finished training in 11.16s                                                                                                                    
[Round 43] layer_lambdas: 5=0.0307, 6=0.0292, 7=0.0223, 8=0.0197, 9=0.0194, 10=0.0187, 11=0.0101, norm_f=0.0000, classifier=0.1500                          
[FedLateGram Round 44] avg task: 0.6728 | avg gram: 0.0055                                                                                                  
ROUND 44 FINISHED in 89.25s (Avg: 93.08s)                                                                                                                   
  [FedLateGram] Saved checkpoint after round 44 →                                                                                                           
/home/luis.mendezl/Thesis/logs/runs/cifar10/fedlategram/vim_tiny/alpha0.3/seed42/checkpoints/training_state.pt                                              
---------------------------- ROUND 45/50 START ----------------------------                                                                                 
Selected clients: [8, 9, 3, 2, 7, 0, 6, 5, 1, 4]                                                                                                            
  [Client 8] Starting local training...                                                                                                                     
  [Client 8] Finished training in 12.27s                                                                                                                    
  [Client 9] Starting local training...                                                                                                                     
  [Client 9] Finished training in 7.84s                                                                                                                     
  [Client 3] Starting local training...                                                                                                                     
  [Client 3] Finished training in 4.50s                                                                                                                     
  [Client 2] Starting local training...                                                                                                                     
  [Client 2] Finished training in 9.55s                                                                                                                     
  [Client 7] Starting local training...                                                                                                                     
  [Client 7] Finished training in 4.43s                                                                                                                     
  [Client 0] Starting local training...                                                                                                                     
  [Client 0] Finished training in 15.01s                                                                                                                    
  [Client 6] Starting local training...                                                                                                                     
  [Client 6] Finished training in 7.13s                                                                                                                     
  [Client 5] Starting local training...                                                                                                                     
  [Client 5] Finished training in 12.04s                                                                                                                    
  [Client 1] Starting local training...                                                                                                                     
  [Client 1] Finished training in 15.64s                                                                                                                    
  [Client 4] Starting local training...                                                                                                                     
  [Client 4] Finished training in 3.47s                                                                                                                     
[Round 44] layer_lambdas: 5=0.0265, 6=0.0308, 7=0.0257, 8=0.0201, 9=0.0185, 10=0.0193, 11=0.0091, norm_f=0.0000, classifier=0.1500                          
[FedLateGram Round 45] avg task: 0.6537 | avg gram: 0.0053                                                                                                  
ROUND 45 FINISHED in 92.89s (Avg: 93.08s)                                                                                                                   
  [FedLateGram] Saved checkpoint after round 45 →                                                                                                           
/home/luis.mendezl/Thesis/logs/runs/cifar10/fedlategram/vim_tiny/alpha0.3/seed42/checkpoints/training_state.pt                                              
---------------------------- ROUND 46/50 START ----------------------------                                                                                 
Selected clients: [4, 8, 9, 5, 3, 2, 6, 7, 1, 0]                                                                                                            
  [Client 4] Starting local training...                                                                                                                     
  [Client 4] Finished training in 3.48s                                                                                                                     
  [Client 8] Starting local training...                                                                                                                     
  [Client 8] Finished training in 12.15s                                                                                                                    
  [Client 9] Starting local training...                                                                                                                     
  [Client 9] Finished training in 7.16s                                                                                                                     
  [Client 5] Starting local training...                                                                                                                     
  [Client 5] Finished training in 11.17s                                                                                                                    
  [Client 3] Starting local training...                                                                                                                     
  [Client 3] Finished training in 3.58s                                                                                                                     
  [Client 2] Starting local training...                                                                                                                     
  [Client 2] Finished training in 7.20s                                                                                                                     
  [Client 6] Starting local training...                                                                                                                     
  [Client 6] Finished training in 6.22s                                                                                                                     
  [Client 7] Starting local training...                                                                                                                     
  [Client 7] Finished training in 3.71s                                                                                                                     
  [Client 1] Starting local training...                                                                                                                     
  [Client 1] Finished training in 14.66s                                                                                                                    
  [Client 0] Starting local training...                                                                                                                     
  [Client 0] Finished training in 15.41s                                                                                                                    
[Round 45] layer_lambdas: 5=0.0291, 6=0.0304, 7=0.0221, 8=0.0199, 9=0.0209, 10=0.0180, 11=0.0096, norm_f=0.0000, classifier=0.1500                          
[FedLateGram Round 46] avg task: 0.6357 | avg gram: 0.0051                                                                                                  
ROUND 46 FINISHED in 85.67s (Avg: 92.91s)                                                                                                                   
  [FedLateGram] Saved checkpoint after round 46 →                                                                                                           
/home/luis.mendezl/Thesis/logs/runs/cifar10/fedlategram/vim_tiny/alpha0.3/seed42/checkpoints/training_state.pt                                              
---------------------------- ROUND 47/50 START ----------------------------                                                                                 
Selected clients: [3, 6, 8, 5, 7, 1, 2, 4, 0, 9]                                                                                                            
  [Client 3] Starting local training...                                                                                                                     
  [Client 3] Finished training in 4.11s                                                                                                                     
  [Client 6] Starting local training...                                                                                                                     
  [Client 6] Finished training in 7.55s                                                                                                                     
  [Client 8] Starting local training...                                                                                                                     
  [Client 8] Finished training in 13.49s                                                                                                                    
  [Client 5] Starting local training...                                                                                                                     
  [Client 5] Finished training in 12.83s                                                                                                                    
  [Client 7] Starting local training...                                                                                                                     
  [Client 7] Finished training in 4.38s                                                                                                                     
  [Client 1] Starting local training...                                                                                                                     
  [Client 1] Finished training in 16.68s                                                                                                                    
  [Client 2] Starting local training...                                                                                                                     
  [Client 2] Finished training in 8.53s                                                                                                                     
  [Client 4] Starting local training...                                                                                                                     
  [Client 4] Finished training in 3.94s                                                                                                                     
  [Client 0] Starting local training...                                                                                                                     
  [Client 0] Finished training in 15.21s                                                                                                                    
  [Client 9] Starting local training...                                                                                                                     
  [Client 9] Finished training in 7.32s                                                                                                                     
[Round 46] layer_lambdas: 5=0.0271, 6=0.0305, 7=0.0291, 8=0.0198, 9=0.0189, 10=0.0161, 11=0.0085, norm_f=0.0000, classifier=0.1500                          
[FedLateGram Round 47] avg task: 0.6346 | avg gram: 0.0056                                                                                                  
ROUND 47 FINISHED in 95.12s (Avg: 92.96s)                                                                                                                   
  [FedLateGram] Saved checkpoint after round 47 →                                                                                                           
/home/luis.mendezl/Thesis/logs/runs/cifar10/fedlategram/vim_tiny/alpha0.3/seed42/checkpoints/training_state.pt                                              
---------------------------- ROUND 48/50 START ----------------------------                                                                                 
Selected clients: [4, 3, 6, 7, 9, 5, 2, 1, 8, 0]                                                                                                            
  [Client 4] Starting local training...                                                                                                                     
  [Client 4] Finished training in 3.17s                                                                                                                     
  [Client 3] Starting local training...                                                                                                                     
  [Client 3] Finished training in 3.37s                                                                                                                     
  [Client 6] Starting local training...                                                                                                                     
  [Client 6] Finished training in 6.68s                                                                                                                     
  [Client 7] Starting local training...                                                                                                                     
  [Client 7] Finished training in 4.09s                                                                                                                     
  [Client 9] Starting local training...                                                                                                                     
  [Client 9] Finished training in 7.47s                                                                                                                     
  [Client 5] Starting local training...                                                                                                                     
  [Client 5] Finished training in 12.08s                                                                                                                    
  [Client 2] Starting local training...                                                                                                                     
  [Client 2] Finished training in 9.10s                                                                                                                     
  [Client 1] Starting local training...                                                                                                                     
  [Client 1] Finished training in 15.84s                                                                                                                    
  [Client 8] Starting local training...                                                                                                                     
  [Client 8] Finished training in 10.81s                                                                                                                    
  [Client 0] Starting local training...                                                                                                                     
  [Client 0] Finished training in 13.98s                                                                                                                    
[Round 47] layer_lambdas: 5=0.0275, 6=0.0300, 7=0.0226, 8=0.0190, 9=0.0219, 10=0.0192, 11=0.0097, norm_f=0.0000, classifier=0.1500                          
[FedLateGram Round 48] avg task: 0.6277 | avg gram: 0.0049                                                                                                  
ROUND 48 FINISHED in 87.80s (Avg: 92.85s)                                                                                                                   
  [FedLateGram] Saved checkpoint after round 48 →                                                                                                           
/home/luis.mendezl/Thesis/logs/runs/cifar10/fedlategram/vim_tiny/alpha0.3/seed42/checkpoints/training_state.pt                                              
---------------------------- ROUND 49/50 START ----------------------------                                                                                 
Selected clients: [3, 8, 7, 6, 5, 1, 0, 4, 2, 9]                                                                                                            
  [Client 3] Starting local training...                                                                                                                     
  [Client 3] Finished training in 4.22s                                                                                                                     
  [Client 8] Starting local training...                                                                                                                     
  [Client 8] Finished training in 12.66s                                                                                                                    
  [Client 7] Starting local training...                                                                                                                     
  [Client 7] Finished training in 4.41s                                                                                                                     
  [Client 6] Starting local training...                                                                                                                     
  [Client 6] Finished training in 7.69s                                                                                                                     
  [Client 5] Starting local training...                                                                                                                     
  [Client 5] Finished training in 12.51s                                                                                                                    
  [Client 1] Starting local training...                                                                                                                     
  [Client 1] Finished training in 17.33s                                                                                                                    
  [Client 0] Starting local training...                                                                                                                     
  [Client 0] Finished training in 12.35s                                                                                                                    
  [Client 4] Starting local training...                                                                                                                     
  [Client 4] Finished training in 4.49s                                                                                                                     
  [Client 2] Starting local training...                                                                                                                     
  [Client 2] Finished training in 8.23s                                                                                                                     
  [Client 9] Starting local training...                                                                                                                     
  [Client 9] Finished training in 7.12s                                                                                                                     
[Round 48] layer_lambdas: 5=0.0283, 6=0.0324, 7=0.0239, 8=0.0205, 9=0.0170, 10=0.0176, 11=0.0103, norm_f=0.0000, classifier=0.1500                          
[FedLateGram Round 49] avg task: 0.6331 | avg gram: 0.0054                                                                                                  
ROUND 49 FINISHED in 92.13s (Avg: 92.84s)                                                                                                                   
  [FedLateGram] Saved checkpoint after round 49 →                                                                                                           
/home/luis.mendezl/Thesis/logs/runs/cifar10/fedlategram/vim_tiny/alpha0.3/seed42/checkpoints/training_state.pt                                              
---------------------------- ROUND 50/50 START ----------------------------                                                                                 
Selected clients: [3, 4, 9, 6, 1, 5, 0, 7, 2, 8]                                                                                                            
  [Client 3] Starting local training...                                                                                                                     
  [Client 3] Finished training in 4.36s                                                                                                                     
client [3]  (testset)   loss: 2.1873 -> 2.2326  accuracy: 34.88% -> 46.51%                                                                                  
  [Client 4] Starting local training...                                                                                                                     
  [Client 4] Finished training in 3.74s                                                                                                                     
client [4]  (testset)   loss: 1.9183 -> 1.1151  accuracy: 37.84% -> 64.86%                                                                                  
  [Client 9] Starting local training...                                                                                                                     
  [Client 9] Finished training in 6.94s                                                                                                                     
client [9]  (testset)   loss: 1.7915 -> 1.9418  accuracy: 41.82% -> 45.45%                                                                                  
  [Client 6] Starting local training...                                                                                                                     
  [Client 6] Finished training in 7.18s                                                                                                                     
client [6]  (testset)   loss: 1.3230 -> 1.7985  accuracy: 53.04% -> 48.70%                                                                                  
  [Client 1] Starting local training...                                                                                                                     
  [Client 1] Finished training in 16.91s                                                                                                                    
client [1]  (testset)   loss: 1.9568 -> 1.9875  accuracy: 34.92% -> 48.81%                                                                                  
  [Client 5] Starting local training...                                                                                                                     
  [Client 5] Finished training in 11.49s                                                                                                                    
client [5]  (testset)   loss: 2.0708 -> 1.0095  accuracy: 36.19% -> 70.00%                                                                                  
  [Client 0] Starting local training...                                                                                                                     
  [Client 0] Finished training in 16.46s                                                                                                                    
client [0]  (testset)   loss: 1.7957 -> 1.1764  accuracy: 43.77% -> 67.97%                                                                                  
  [Client 7] Starting local training...                                                                                                                     
  [Client 7] Finished training in 4.40s                                                                                                                     
client [7]  (testset)   loss: 2.0376 -> 1.4072  accuracy: 38.00% -> 64.00%                                                                                  
  [Client 2] Starting local training...                                                                                                                     
  [Client 2] Finished training in 9.41s                                                                                                                     
client [2]  (testset)   loss: 1.6743 -> 2.1903  accuracy: 46.43% -> 50.00%                                                                                  
  [Client 8] Starting local training...                                                                                                                     
  [Client 8] Finished training in 12.01s                                                                                                                    
client [8]  (testset)   loss: 1.7525 -> 1.6532  accuracy: 43.98% -> 56.94%                                                                                  
[Round 49] layer_lambdas: 5=0.0300, 6=0.0317, 7=0.0241, 8=0.0207, 9=0.0193, 10=0.0167, 11=0.0074, norm_f=0.0000, classifier=0.1500                          
[FedLateGram Round 50] avg task: 0.5984 | avg gram: 0.0053                                                                                                  
  [CKA] Saved checkpoints for round 50 (10 clients) →                                                                                                       
/home/luis.mendezl/Thesis/logs/runs/cifar10/fedlategram/vim_tiny/alpha0.3/seed42/checkpoints/round_0050                                                     
ROUND 50 FINISHED in 95.81s (Avg: 92.90s)                                                                                                                   
  [FedLateGram] Saved checkpoint after round 50 →                                                                                                           
/home/luis.mendezl/Thesis/logs/runs/cifar10/fedlategram/vim_tiny/alpha0.3/seed42/checkpoints/training_state.pt                                              
FedLateGram's average time taken by each global epoch: 1 min 32.90 sec.                                                                                     
FedLateGram's total running time: 1 h 25 m 35 s.                                                                                                            
==================== FedLateGram Experiment Results: ====================                                                                                   
Display format: (before local fine-tuning) -> (after local fine-tuning)                                                                                     
 So if finetune_epoch = 0, x.xx% -> 0.00% is normal.                                                                                                        
 Centralized testing ONLY happens after model aggregation, so the stats between '->' are the same.                                                          
{                                                                                                                                                           
    "1": {                                                                                                                                                  
        "centralized": {                                                                                                                                    
            "test": {                                                                                                                                       
                "loss": "2.3000 -> 2.3000",                                                                                                                 
                "accuracy": "16.37% -> 16.37%"                                                                                                              
            }                                                                                                                                               
        },                                                                                                                                                  
        "all_clients": {                                                                                                                                    
            "test": {                                                                                                                                       
                "loss": "2.3000 -> 0.0000",                                                                                                                 
                "accuracy": "16.37% -> 0.00%"                                                                                                               
            }                                                                                                                                               
        }                                                                                                                                                   
    },                                                                                                                                                      
    "2": {                                                                                                                                                  
        "centralized": {                                                                                                                                    
            "test": {                                                                                                                                       
                "loss": "2.2048 -> 2.2048",                                                                                                                 
                "accuracy": "18.64% -> 18.64%"                                                                                                              
            }                                                                                                                                               
        },                                                                                                                                                  
        "all_clients": {                                                                                                                                    
            "test": {                                                                                                                                       
                "loss": "2.2048 -> 0.0000",                                                                                                                 
                "accuracy": "18.64% -> 0.00%"                                                                                                               
            }                                                                                                                                               
        }                                                                                                                                                   
    },                                                                                                                                                      
    "3": {                                                                                                                                                  
        "centralized": {                                                                                                                                    
            "test": {                                                                                                                                       
                "loss": "2.1424 -> 2.1424",                                                                                                                 
                "accuracy": "18.97% -> 18.97%"                                                                                                              
            }                                                                                                                                               
        },                                                                                                                                                  
        "all_clients": {                                                                                                                                    
            "test": {                                                                                                                                       
                "loss": "2.1424 -> 0.0000",                                                                                                                 
                "accuracy": "18.97% -> 0.00%"                                                                                                               
            }                                                                                                                                               
        }                                                                                                                                                   
    },                                                                                                                                                      
    "4": {                                                                                                                                                  
        "centralized": {                                                                                                                                    
            "test": {                                                                                                                                       
                "loss": "2.1352 -> 2.1352",                                                                                                                 
                "accuracy": "20.84% -> 20.84%"                                                                                                              
            }                                                                                                                                               
        },                                                                                                                                                  
        "all_clients": {                                                                                                                                    
            "test": {                                                                                                                                       
                "loss": "2.1352 -> 0.0000",                                                                                                                 
                "accuracy": "20.84% -> 0.00%"                                                                                                               
            }                                                                                                                                               
        }                                                                                                                                                   
    },                                                                                                                                                      
    "5": {                                                                                                                                                  
        "centralized": {                                                                                                                                    
            "test": {                                                                                                                                       
                "loss": "2.0912 -> 2.0912",                                                                                                                 
                "accuracy": "20.91% -> 20.91%"                                                                                                              
            }                                                                                                                                               
        },                                                                                                                                                  
        "all_clients": {                                                                                                                                    
            "test": {                                                                                                                                       
                "loss": "2.0912 -> 0.0000",                                                                                                                 
                "accuracy": "20.91% -> 0.00%"                                                                                                               
            }                                                                                                                                               
        }                                                                                                                                                   
    },                                                                                                                                                      
    "6": {                                                                                                                                                  
        "centralized": {                                                                                                                                    
            "test": {                                                                                                                                       
                "loss": "2.0519 -> 2.0519",                                                                                                                 
                "accuracy": "23.78% -> 23.78%"                                                                                                              
            }                                                                                                                                               
        },                                                                                                                                                  
        "all_clients": {                                                                                                                                    
            "test": {                                                                                                                                       
                "loss": "2.0519 -> 0.0000",                                                                                                                 
                "accuracy": "23.78% -> 0.00%"                                                                                                               
            }                                                                                                                                               
        }                                                                                                                                                   
    },                                                                                                                                                      
    "7": {                                                                                                                                                  
        "centralized": {                                                                                                                                    
            "test": {                                                                                                                                       
                "loss": "1.9999 -> 1.9999",                                                                                                                 
                "accuracy": "24.45% -> 24.45%"                                                                                                              
            }                                                                                                                                               
        },                                                                                                                                                  
        "all_clients": {                                                                                                                                    
            "test": {                                                                                                                                       
                "loss": "1.9999 -> 0.0000",                                                                                                                 
                "accuracy": "24.45% -> 0.00%"                                                                                                               
            }                                                                                                                                               
        }                                                                                                                                                   
    },                                                                                                                                                      
    "8": {                                                                                                                                                  
        "centralized": {                                                                                                                                    
            "test": {                                                                                                                                       
                "loss": "1.9646 -> 1.9646",                                                                                                                 
                "accuracy": "24.92% -> 24.92%"                                                                                                              
            }                                                                                                                                               
        },                                                                                                                                                  
        "all_clients": {                                                                                                                                    
            "test": {                                                                                                                                       
                "loss": "1.9646 -> 0.0000",                                                                                                                 
                "accuracy": "24.92% -> 0.00%"                                                                                                               
            }                                                                                                                                               
        }                                                                                                                                                   
    },                                                                                                                                                      
    "9": {                                                                                                                                                  
        "centralized": {                                                                                                                                    
            "test": {                                                                                                                                       
                "loss": "1.9348 -> 1.9348",                                                                                                                 
                "accuracy": "28.52% -> 28.52%"                                                                                                              
            }                                                                                                                                               
        },                                                                                                                                                  
        "all_clients": {                                                                                                                                    
            "test": {                                                                                                                                       
                "loss": "1.9348 -> 0.0000",                                                                                                                 
                "accuracy": "28.52% -> 0.00%"                                                                                                               
            }                                                                                                                                               
        }                                                                                                                                                   
    },                                                                                                                                                      
    "10": {                                                                                                                                                 
        "centralized": {                                                                                                                                    
            "test": {                                                                                                                                       
                "loss": "1.8812 -> 1.8812",                                                                                                                 
                "accuracy": "30.06% -> 30.06%"                                                                                                              
            }                                                                                                                                               
        },                                                                                                                                                  
        "all_clients": {                                                                                                                                    
            "test": {                                                                                                                                       
                "loss": "1.8812 -> 0.0000",                                                                                                                 
                "accuracy": "30.06% -> 0.00%"                                                                                                               
            }                                                                                                                                               
        }                                                                                                                                                   
    },                                                                                                                                                      
    "11": {                                                                                                                                                 
        "centralized": {                                                                                                                                    
            "test": {                                                                                                                                       
                "loss": "1.8606 -> 1.8606",                                                                                                                 
                "accuracy": "31.40% -> 31.40%"                                                                                                              
            }                                                                                                                                               
        },                                                                                                                                                  
        "all_clients": {                                                                                                                                    
            "test": {                                                                                                                                       
                "loss": "1.8606 -> 0.0000",                                                                                                                 
                "accuracy": "31.40% -> 0.00%"                                                                                                               
            }                                                                                                                                               
        }                                                                                                                                                   
    },                                                                                                                                                      
    "12": {                                                                                                                                                 
        "centralized": {                                                                                                                                    
            "test": {                                                                                                                                       
                "loss": "1.8393 -> 1.8393",                                                                                                                 
                "accuracy": "31.60% -> 31.60%"                                                                                                              
            }                                                                                                                                               
        },                                                                                                                                                  
        "all_clients": {                                                                                                                                    
            "test": {                                                                                                                                       
                "loss": "1.8393 -> 0.0000",                                                                                                                 
                "accuracy": "31.60% -> 0.00%"                                                                                                               
            }                                                                                                                                               
        }                                                                                                                                                   
    },                                                                                                                                                      
    "13": {                                                                                                                                                 
        "centralized": {                                                                                                                                    
            "test": {                                                                                                                                       
                "loss": "1.8254 -> 1.8254",                                                                                                                 
                "accuracy": "32.60% -> 32.60%"                                                                                                              
            }                                                                                                                                               
        },                                                                                                                                                  
        "all_clients": {                                                                                                                                    
            "test": {                                                                                                                                       
                "loss": "1.8254 -> 0.0000",                                                                                                                 
                "accuracy": "32.60% -> 0.00%"                                                                                                               
            }                                                                                                                                               
        }                                                                                                                                                   
    },                                                                                                                                                      
    "14": {                                                                                                                                                 
        "centralized": {                                                                                                                                    
            "test": {                                                                                                                                       
                "loss": "1.8259 -> 1.8259",                                                                                                                 
                "accuracy": "34.34% -> 34.34%"                                                                                                              
            }                                                                                                                                               
        },                                                                                                                                                  
        "all_clients": {                                                                                                                                    
            "test": {                                                                                                                                       
                "loss": "1.8259 -> 0.0000",                                                                                                                 
                "accuracy": "34.34% -> 0.00%"                                                                                                               
            }                                                                                                                                               
        }                                                                                                                                                   
    },                                                                                                                                                      
    "15": {                                                                                                                                                 
        "centralized": {                                                                                                                                    
            "test": {                                                                                                                                       
                "loss": "1.8154 -> 1.8154",                                                                                                                 
                "accuracy": "33.13% -> 33.13%"                                                                                                              
            }                                                                                                                                               
        },                                                                                                                                                  
        "all_clients": {                                                                                                                                    
            "test": {                                                                                                                                       
                "loss": "1.8154 -> 0.0000",                                                                                                                 
                "accuracy": "33.13% -> 0.00%"                                                                                                               
            }                                                                                                                                               
        }                                                                                                                                                   
    },                                                                                                                                                      
    "16": {                                                                                                                                                 
        "centralized": {                                                                                                                                    
            "test": {                                                                                                                                       
                "loss": "1.7796 -> 1.7796",                                                                                                                 
                "accuracy": "36.21% -> 36.21%"                                                                                                              
            }                                                                                                                                               
        },                                                                                                                                                  
        "all_clients": {                                                                                                                                    
            "test": {                                                                                                                                       
                "loss": "1.7796 -> 0.0000",                                                                                                                 
                "accuracy": "36.21% -> 0.00%"                                                                                                               
            }                                                                                                                                               
        }                                                                                                                                                   
    },                                                                                                                                                      
    "17": {                                                                                                                                                 
        "centralized": {                                                                                                                                    
            "test": {                                                                                                                                       
                "loss": "1.7758 -> 1.7758",                                                                                                                 
                "accuracy": "36.61% -> 36.61%"                                                                                                              
            }                                                                                                                                               
        },                                                                                                                                                  
        "all_clients": {                                                                                                                                    
            "test": {                                                                                                                                       
                "loss": "1.7758 -> 0.0000",                                                                                                                 
                "accuracy": "36.61% -> 0.00%"                                                                                                               
            }                                                                                                                                               
        }                                                                                                                                                   
    },                                                                                                                                                      
    "18": {                                                                                                                                                 
        "centralized": {                                                                                                                                    
            "test": {                                                                                                                                       
                "loss": "1.7660 -> 1.7660",                                                                                                                 
                "accuracy": "36.94% -> 36.94%"                                                                                                              
            }                                                                                                                                               
        },                                                                                                                                                  
        "all_clients": {                                                                                                                                    
            "test": {                                                                                                                                       
                "loss": "1.7660 -> 0.0000",                                                                                                                 
                "accuracy": "36.94% -> 0.00%"                                                                                                               
            }                                                                                                                                               
        }                                                                                                                                                   
    },                                                                                                                                                      
    "19": {                                                                                                                                                 
        "centralized": {                                                                                                                                    
            "test": {                                                                                                                                       
                "loss": "1.7669 -> 1.7669",                                                                                                                 
                "accuracy": "38.41% -> 38.41%"                                                                                                              
            }                                                                                                                                               
        },                                                                                                                                                  
        "all_clients": {                                                                                                                                    
            "test": {                                                                                                                                       
                "loss": "1.7669 -> 0.0000",                                                                                                                 
                "accuracy": "38.41% -> 0.00%"                                                                                                               
            }                                                                                                                                               
        }                                                                                                                                                   
    },                                                                                                                                                      
    "20": {                                                                                                                                                 
        "centralized": {                                                                                                                                    
            "test": {                                                                                                                                       
                "loss": "1.7693 -> 1.7693",                                                                                                                 
                "accuracy": "37.74% -> 37.74%"                                                                                                              
            }                                                                                                                                               
        },                                                                                                                                                  
        "all_clients": {                                                                                                                                    
            "test": {                                                                                                                                       
                "loss": "1.7693 -> 0.0000",                                                                                                                 
                "accuracy": "37.74% -> 0.00%"                                                                                                               
            }                                                                                                                                               
        }                                                                                                                                                   
    },                                                                                                                                                      
    "21": {                                                                                                                                                 
        "centralized": {                                                                                                                                    
            "test": {                                                                                                                                       
                "loss": "1.7697 -> 1.7697",                                                                                                                 
                "accuracy": "38.41% -> 38.41%"                                                                                                              
            }                                                                                                                                               
        },                                                                                                                                                  
        "all_clients": {                                                                                                                                    
            "test": {                                                                                                                                       
                "loss": "1.7697 -> 0.0000",                                                                                                                 
                "accuracy": "38.41% -> 0.00%"                                                                                                               
            }                                                                                                                                               
        }                                                                                                                                                   
    },                                                                                                                                                      
    "22": {                                                                                                                                                 
        "centralized": {                                                                                                                                    
            "test": {                                                                                                                                       
                "loss": "1.7959 -> 1.7959",                                                                                                                 
                "accuracy": "38.21% -> 38.21%"                                                                                                              
            }                                                                                                                                               
        },                                                                                                                                                  
        "all_clients": {                                                                                                                                    
            "test": {                                                                                                                                       
                "loss": "1.7959 -> 0.0000",                                                                                                                 
                "accuracy": "38.21% -> 0.00%"                                                                                                               
            }                                                                                                                                               
        }                                                                                                                                                   
    },                                                                                                                                                      
    "23": {                                                                                                                                                 
        "centralized": {                                                                                                                                    
            "test": {                                                                                                                                       
                "loss": "1.7830 -> 1.7830",                                                                                                                 
                "accuracy": "38.01% -> 38.01%"                                                                                                              
            }                                                                                                                                               
        },                                                                                                                                                  
        "all_clients": {                                                                                                                                    
            "test": {                                                                                                                                       
                "loss": "1.7830 -> 0.0000",                                                                                                                 
                "accuracy": "38.01% -> 0.00%"                                                                                                               
            }                                                                                                                                               
        }                                                                                                                                                   
    },                                                                                                                                                      
    "24": {                                                                                                                                                 
        "centralized": {                                                                                                                                    
            "test": {                                                                                                                                       
                "loss": "1.7689 -> 1.7689",                                                                                                                 
                "accuracy": "39.01% -> 39.01%"                                                                                                              
            }                                                                                                                                               
        },                                                                                                                                                  
        "all_clients": {                                                                                                                                    
            "test": {                                                                                                                                       
                "loss": "1.7689 -> 0.0000",                                                                                                                 
                "accuracy": "39.01% -> 0.00%"                                                                                                               
            }                                                                                                                                               
        }                                                                                                                                                   
    },                                                                                                                                                      
    "25": {                                                                                                                                                 
        "centralized": {                                                                                                                                    
            "test": {                                                                                                                                       
                "loss": "1.7789 -> 1.7789",                                                                                                                 
                "accuracy": "38.88% -> 38.88%"                                                                                                              
            }                                                                                                                                               
        },                                                                                                                                                  
        "all_clients": {                                                                                                                                    
            "test": {                                                                                                                                       
                "loss": "1.7789 -> 0.0000",                                                                                                                 
                "accuracy": "38.88% -> 0.00%"                                                                                                               
            }                                                                                                                                               
        }                                                                                                                                                   
    },                                                                                                                                                      
    "26": {                                                                                                                                                 
        "centralized": {                                                                                                                                    
            "test": {                                                                                                                                       
                "loss": "1.7778 -> 1.7778",                                                                                                                 
                "accuracy": "38.08% -> 38.08%"                                                                                                              
            }                                                                                                                                               
        },                                                                                                                                                  
        "all_clients": {                                                                                                                                    
            "test": {                                                                                                                                       
                "loss": "1.7778 -> 0.0000",                                                                                                                 
                "accuracy": "38.08% -> 0.00%"                                                                                                               
            }                                                                                                                                               
        }                                                                                                                                                   
    },                                                                                                                                                      
    "27": {                                                                                                                                                 
        "centralized": {                                                                                                                                    
            "test": {                                                                                                                                       
                "loss": "1.7715 -> 1.7715",                                                                                                                 
                "accuracy": "37.68% -> 37.68%"                                                                                                              
            }                                                                                                                                               
        },                                                                                                                                                  
        "all_clients": {                                                                                                                                    
            "test": {                                                                                                                                       
                "loss": "1.7715 -> 0.0000",                                                                                                                 
                "accuracy": "37.68% -> 0.00%"                                                                                                               
            }                                                                                                                                               
        }                                                                                                                                                   
    },                                                                                                                                                      
    "28": {                                                                                                                                                 
        "centralized": {                                                                                                                                    
            "test": {                                                                                                                                       
                "loss": "1.7903 -> 1.7903",                                                                                                                 
                "accuracy": "38.74% -> 38.74%"                                                                                                              
            }                                                                                                                                               
        },                                                                                                                                                  
        "all_clients": {                                                                                                                                    
            "test": {                                                                                                                                       
                "loss": "1.7903 -> 0.0000",                                                                                                                 
                "accuracy": "38.74% -> 0.00%"                                                                                                               
            }                                                                                                                                               
        }                                                                                                                                                   
    },                                                                                                                                                      
    "29": {                                                                                                                                                 
        "centralized": {                                                                                                                                    
            "test": {                                                                                                                                       
                "loss": "1.7900 -> 1.7900",                                                                                                                 
                "accuracy": "38.88% -> 38.88%"                                                                                                              
            }                                                                                                                                               
        },                                                                                                                                                  
        "all_clients": {                                                                                                                                    
            "test": {                                                                                                                                       
                "loss": "1.7900 -> 0.0000",                                                                                                                 
                "accuracy": "38.88% -> 0.00%"                                                                                                               
            }                                                                                                                                               
        }                                                                                                                                                   
    },                                                                                                                                                      
    "30": {                                                                                                                                                 
        "centralized": {                                                                                                                                    
            "test": {                                                                                                                                       
                "loss": "1.7770 -> 1.7770",                                                                                                                 
                "accuracy": "38.94% -> 38.94%"                                                                                                              
            }                                                                                                                                               
        },                                                                                                                                                  
        "all_clients": {                                                                                                                                    
            "test": {                                                                                                                                       
                "loss": "1.7770 -> 0.0000",                                                                                                                 
                "accuracy": "38.94% -> 0.00%"                                                                                                               
            }                                                                                                                                               
        }                                                                                                                                                   
    },                                                                                                                                                      
    "31": {                                                                                                                                                 
        "centralized": {                                                                                                                                    
            "test": {                                                                                                                                       
                "loss": "1.7964 -> 1.7964",                                                                                                                 
                "accuracy": "38.68% -> 38.68%"                                                                                                              
            }                                                                                                                                               
        },                                                                                                                                                  
        "all_clients": {                                                                                                                                    
            "test": {                                                                                                                                       
                "loss": "1.7964 -> 0.0000",                                                                                                                 
                "accuracy": "38.68% -> 0.00%"                                                                                                               
            }                                                                                                                                               
        }                                                                                                                                                   
    },                                                                                                                                                      
    "32": {                                                                                                                                                 
        "centralized": {                                                                                                                                    
            "test": {                                                                                                                                       
                "loss": "1.7737 -> 1.7737",                                                                                                                 
                "accuracy": "39.81% -> 39.81%"                                                                                                              
            }                                                                                                                                               
        },                                                                                                                                                  
        "all_clients": {                                                                                                                                    
            "test": {                                                                                                                                       
                "loss": "1.7737 -> 0.0000",                                                                                                                 
                "accuracy": "39.81% -> 0.00%"                                                                                                               
            }                                                                                                                                               
        }                                                                                                                                                   
    },                                                                                                                                                      
    "33": {                                                                                                                                                 
        "centralized": {                                                                                                                                    
            "test": {                                                                                                                                       
                "loss": "1.8222 -> 1.8222",                                                                                                                 
                "accuracy": "37.34% -> 37.34%"                                                                                                              
            }                                                                                                                                               
        },                                                                                                                                                  
        "all_clients": {                                                                                                                                    
            "test": {                                                                                                                                       
                "loss": "1.8222 -> 0.0000",                                                                                                                 
                "accuracy": "37.34% -> 0.00%"                                                                                                               
            }                                                                                                                                               
        }                                                                                                                                                   
    },                                                                                                                                                      
    "34": {                                                                                                                                                 
        "centralized": {                                                                                                                                    
            "test": {                                                                                                                                       
                "loss": "1.7800 -> 1.7800",                                                                                                                 
                "accuracy": "39.68% -> 39.68%"                                                                                                              
            }                                                                                                                                               
        },                                                                                                                                                  
        "all_clients": {                                                                                                                                    
            "test": {                                                                                                                                       
                "loss": "1.7800 -> 0.0000",                                                                                                                 
                "accuracy": "39.68% -> 0.00%"                                                                                                               
            }                                                                                                                                               
        }                                                                                                                                                   
    },                                                                                                                                                      
    "35": {                                                                                                                                                 
        "centralized": {                                                                                                                                    
            "test": {                                                                                                                                       
                "loss": "1.7918 -> 1.7918",                                                                                                                 
                "accuracy": "39.55% -> 39.55%"                                                                                                              
            }                                                                                                                                               
        },                                                                                                                                                  
        "all_clients": {                                                                                                                                    
            "test": {                                                                                                                                       
                "loss": "1.7918 -> 0.0000",                                                                                                                 
                "accuracy": "39.55% -> 0.00%"                                                                                                               
            }                                                                                                                                               
        }                                                                                                                                                   
    },                                                                                                                                                      
    "36": {                                                                                                                                                 
        "centralized": {                                                                                                                                    
            "test": {                                                                                                                                       
                "loss": "1.8186 -> 1.8186",                                                                                                                 
                "accuracy": "38.74% -> 38.74%"                                                                                                              
            }                                                                                                                                               
        },                                                                                                                                                  
        "all_clients": {                                                                                                                                    
            "test": {                                                                                                                                       
                "loss": "1.8186 -> 0.0000",                                                                                                                 
                "accuracy": "38.74% -> 0.00%"                                                                                                               
            }                                                                                                                                               
        }                                                                                                                                                   
    },                                                                                                                                                      
    "37": {                                                                                                                                                 
        "centralized": {                                                                                                                                    
            "test": {                                                                                                                                       
                "loss": "1.8184 -> 1.8184",                                                                                                                 
                "accuracy": "38.61% -> 38.61%"                                                                                                              
            }                                                                                                                                               
        },                                                                                                                                                  
        "all_clients": {                                                                                                                                    
            "test": {                                                                                                                                       
                "loss": "1.8184 -> 0.0000",                                                                                                                 
                "accuracy": "38.61% -> 0.00%"                                                                                                               
            }                                                                                                                                               
        }                                                                                                                                                   
    },                                                                                                                                                      
    "38": {                                                                                                                                                 
        "centralized": {                                                                                                                                    
            "test": {                                                                                                                                       
                "loss": "1.8375 -> 1.8375",                                                                                                                 
                "accuracy": "39.14% -> 39.14%"                                                                                                              
            }                                                                                                                                               
        },                                                                                                                                                  
        "all_clients": {                                                                                                                                    
            "test": {                                                                                                                                       
                "loss": "1.8375 -> 0.0000",                                                                                                                 
                "accuracy": "39.14% -> 0.00%"                                                                                                               
            }                                                                                                                                               
        }                                                                                                                                                   
    },                                                                                                                                                      
    "39": {                                                                                                                                                 
        "centralized": {                                                                                                                                    
            "test": {                                                                                                                                       
                "loss": "1.8021 -> 1.8021",                                                                                                                 
                "accuracy": "40.68% -> 40.68%"                                                                                                              
            }                                                                                                                                               
        },                                                                                                                                                  
        "all_clients": {                                                                                                                                    
            "test": {                                                                                                                                       
                "loss": "1.8021 -> 0.0000",                                                                                                                 
                "accuracy": "40.68% -> 0.00%"                                                                                                               
            }                                                                                                                                               
        }                                                                                                                                                   
    },                                                                                                                                                      
    "40": {                                                                                                                                                 
        "centralized": {                                                                                                                                    
            "test": {                                                                                                                                       
                "loss": "1.7989 -> 1.7989",                                                                                                                 
                "accuracy": "40.55% -> 40.55%"                                                                                                              
            }                                                                                                                                               
        },                                                                                                                                                  
        "all_clients": {                                                                                                                                    
            "test": {                                                                                                                                       
                "loss": "1.7989 -> 0.0000",                                                                                                                 
                "accuracy": "40.55% -> 0.00%"                                                                                                               
            }                                                                                                                                               
        }                                                                                                                                                   
    },                                                                                                                                                      
    "41": {                                                                                                                                                 
        "centralized": {                                                                                                                                    
            "test": {                                                                                                                                       
                "loss": "1.8103 -> 1.8103",                                                                                                                 
                "accuracy": "39.68% -> 39.68%"                                                                                                              
            }                                                                                                                                               
        },                                                                                                                                                  
        "all_clients": {                                                                                                                                    
            "test": {                                                                                                                                       
                "loss": "1.8103 -> 0.0000",                                                                                                                 
                "accuracy": "39.68% -> 0.00%"                                                                                                               
            }                                                                                                                                               
        }                                                                                                                                                   
    },                                                                                                                                                      
    "42": {                                                                                                                                                 
        "centralized": {                                                                                                                                    
            "test": {                                                                                                                                       
                "loss": "1.8102 -> 1.8102",                                                                                                                 
                "accuracy": "40.08% -> 40.08%"                                                                                                              
            }                                                                                                                                               
        },                                                                                                                                                  
        "all_clients": {                                                                                                                                    
            "test": {                                                                                                                                       
                "loss": "1.8102 -> 0.0000",                                                                                                                 
                "accuracy": "40.08% -> 0.00%"                                                                                                               
            }                                                                                                                                               
        }                                                                                                                                                   
    },                                                                                                                                                      
    "43": {                                                                                                                                                 
        "centralized": {                                                                                                                                    
            "test": {                                                                                                                                       
                "loss": "1.8087 -> 1.8087",                                                                                                                 
                "accuracy": "39.88% -> 39.88%"                                                                                                              
            }                                                                                                                                               
        },                                                                                                                                                  
        "all_clients": {                                                                                                                                    
            "test": {                                                                                                                                       
                "loss": "1.8087 -> 0.0000",                                                                                                                 
                "accuracy": "39.88% -> 0.00%"                                                                                                               
            }                                                                                                                                               
        }                                                                                                                                                   
    },                                                                                                                                                      
    "44": {                                                                                                                                                 
        "centralized": {                                                                                                                                    
            "test": {                                                                                                                                       
                "loss": "1.8384 -> 1.8384",                                                                                                                 
                "accuracy": "39.61% -> 39.61%"                                                                                                              
            }                                                                                                                                               
        },                                                                                                                                                  
        "all_clients": {                                                                                                                                    
            "test": {                                                                                                                                       
                "loss": "1.8384 -> 0.0000",                                                                                                                 
                "accuracy": "39.61% -> 0.00%"                                                                                                               
            }                                                                                                                                               
        }                                                                                                                                                   
    },                                                                                                                                                      
    "45": {                                                                                                                                                 
        "centralized": {                                                                                                                                    
            "test": {                                                                                                                                       
                "loss": "1.8383 -> 1.8383",                                                                                                                 
                "accuracy": "39.28% -> 39.28%"                                                                                                              
            }                                                                                                                                               
        },                                                                                                                                                  
        "all_clients": {                                                                                                                                    
            "test": {                                                                                                                                       
                "loss": "1.8383 -> 0.0000",                                                                                                                 
                "accuracy": "39.28% -> 0.00%"                                                                                                               
            }                                                                                                                                               
        }                                                                                                                                                   
    },                                                                                                                                                      
    "46": {                                                                                                                                                 
        "centralized": {                                                                                                                                    
            "test": {                                                                                                                                       
                "loss": "1.8588 -> 1.8588",                                                                                                                 
                "accuracy": "40.61% -> 40.61%"                                                                                                              
            }                                                                                                                                               
        },                                                                                                                                                  
        "all_clients": {                                                                                                                                    
            "test": {                                                                                                                                       
                "loss": "1.8588 -> 0.0000",                                                                                                                 
                "accuracy": "40.61% -> 0.00%"                                                                                                               
            }                                                                                                                                               
        }                                                                                                                                                   
    },                                                                                                                                                      
    "47": {                                                                                                                                                 
        "centralized": {                                                                                                                                    
            "test": {                                                                                                                                       
                "loss": "1.8531 -> 1.8531",                                                                                                                 
                "accuracy": "40.95% -> 40.95%"                                                                                                              
            }                                                                                                                                               
        },                                                                                                                                                  
        "all_clients": {                                                                                                                                    
            "test": {                                                                                                                                       
                "loss": "1.8531 -> 0.0000",                                                                                                                 
                "accuracy": "40.95% -> 0.00%"                                                                                                               
            }                                                                                                                                               
        }                                                                                                                                                   
    },                                                                                                                                                      
    "48": {                                                                                                                                                 
        "centralized": {                                                                                                                                    
            "test": {                                                                                                                                       
                "loss": "1.8587 -> 1.8587",                                                                                                                 
                "accuracy": "40.28% -> 40.28%"                                                                                                              
            }                                                                                                                                               
        },                                                                                                                                                  
        "all_clients": {                                                                                                                                    
            "test": {                                                                                                                                       
                "loss": "1.8587 -> 0.0000",                                                                                                                 
                "accuracy": "40.28% -> 0.00%"                                                                                                               
            }                                                                                                                                               
        }                                                                                                                                                   
    },                                                                                                                                                      
    "49": {                                                                                                                                                 
        "centralized": {                                                                                                                                    
            "test": {                                                                                                                                       
                "loss": "1.8342 -> 1.8342",                                                                                                                 
                "accuracy": "41.22% -> 41.22%"                                                                                                              
            }                                                                                                                                               
        },                                                                                                                                                  
        "all_clients": {                                                                                                                                    
            "test": {                                                                                                                                       
                "loss": "1.8342 -> 0.0000",                                                                                                                 
                "accuracy": "41.22% -> 0.00%"                                                                                                               
            }                                                                                                                                               
        }                                                                                                                                                   
    },                                                                                                                                                      
    "50": {                                                                                                                                                 
        "centralized": {                                                                                                                                    
            "test": {                                                                                                                                       
                "loss": "1.8586 -> 1.8586",                                                                                                                 
                "accuracy": "40.21% -> 40.21%"                                                                                                              
            }                                                                                                                                               
        },                                                                                                                                                  
        "all_clients": {                                                                                                                                    
            "test": {                                                                                                                                       
                "loss": "1.8586 -> 0.0000",                                                                                                                 
                "accuracy": "40.21% -> 0.00%"                                                                                                               
            }                                                                                                                                               
        }                                                                                                                                                   
    }                                                                                                                                                       
}                                                                                                                                                           
==================== FedLateGram Max Accuracy ====================                                                                                          
all_clients:                                                                                                                                                
(test) before fine-tuning: 41.22% at epoch 49                                                                                                               
(test) after fine-tuning: 0.00% at epoch 1                                                                                                                  
centralized:                                                                                                                                                
(test) before fine-tuning: 41.22% at epoch 49                                                                                                               
(test) after fine-tuning: 41.22% at epoch 49                                                                                                                
