==================== CKADriftFedAvg ====================                                                                                                    
Experiment Arguments:                                                                                                                                       
{
│   'method': 'ckadriftfedavg',
│   'dataset': {
│   │   'name': 'cifar10',
│   │   'partition_dir': 'partitions/alpha_0.1/seed_42',
│   │   'client_num': 10,
│   │   'test_ratio': 0.25,
│   │   'val_ratio': 0.0,
│   │   'seed': 42,
│   │   'split': 'sample',
│   │   'IID_ratio': 0.0,
│   │   'alpha': 0.1,
│   │   'min_samples_per_client': 10,
│   │   'sample_fraction': 0.1,
│   │   'subset_seed': 42,
│   │   'monitor_window_name_suffix': 'cifar10-10clients-0%IID-Dir(0.1)-seed42-10pct'
│   },
│   'model': {
│   │   'name': 'vit_tiny',
│   │   'use_torchvision_pretrained_weights': False,
│   │   'external_model_weights_path': None
│   },
│   'optimizer': {
│   │   'lr': 0.01,
│   │   'dampening': 0,
│   │   'weight_decay': 0.0001,
│   │   'momentum': 0.9,
│   │   'nesterov': False,
│   │   'name': 'sgd'
│   },
│   'mode': 'serial',
│   'parallel': {
│   │   'ray_cluster_addr': None,
│   │   'num_cpus': 40,
│   │   'num_gpus': 0,
│   │   'num_workers': 5
│   },
│   'common': {
│   │   'seed': 42,
│   │   'join_ratio': 1.0,
│   │   'global_epoch': 50,
│   │   'local_epoch': 5,
│   │   'batch_size': 32,
│   │   'reset_optimizer_on_global_epoch': True,
│   │   'straggler_ratio': 0,
│   │   'straggler_min_local_epoch': 0,
│   │   'buffers': 'global',
│   │   'client_side_evaluation': True,
│   │   'test': {
│   │   │   'client': {
│   │   │   │   'interval': 1,
│   │   │   │   'finetune_epoch': 0,
│   │   │   │   'train': False,
│   │   │   │   'val': False,
│   │   │   │   'test': True
│   │   │   },
│   │   │   'server': {
│   │   │   │   'interval': 1,
│   │   │   │   'train': False,
│   │   │   │   'val': False,
│   │   │   │   'test': True,
│   │   │   │   'model_in_train_mode': False
│   │   │   }
│   │   },
│   │   'verbose_gap': 10,
│   │   'monitor': 'tensorboard',
│   │   'use_cuda': True,
│   │   'save_log': True,
│   │   'save_model': False,
│   │   'save_learning_curve_plot': True,
│   │   'save_metrics': True,
│   │   'delete_useless_run': True,
│   │   'dataloader_num_workers': 2,
│   │   'resume_checkpoint': None
│   },
│   'cka': {
│   │   'rounds': [
│   │   │   1,
│   │   │   2,
│   │   │   5,
│   │   │   10,
│   │   │   20,
│   │   │   30,
│   │   │   40,
│   │   │   50
│   │   ],
│   │   'client_sample': 10,
│   │   'probe_batches': 20,
│   │   'probe_batch_size': 16
│   },
│   'ckadriftfedavg': {},
│   'driftfedavg': {}
}
---------------------------- ROUND 1/50 START ----------------------------                                                                                  
Selected clients: [1, 0, 4, 9, 6, 5, 8, 2, 3, 7]                                                                                                            
  [Client 1] Starting local training...                                                                                                                     
  [Client 1] Finished training in 7.21s                                                                                                                     
  [Client 0] Starting local training...                                                                                                                     
  [Client 0] Finished training in 9.79s                                                                                                                     
  [Client 4] Starting local training...                                                                                                                     
  [Client 4] Finished training in 2.39s                                                                                                                     
  [Client 9] Starting local training...                                                                                                                     
  [Client 9] Finished training in 9.31s                                                                                                                     
  [Client 6] Starting local training...                                                                                                                     
  [Client 6] Finished training in 5.51s                                                                                                                     
  [Client 5] Starting local training...                                                                                                                     
  [Client 5] Finished training in 5.78s                                                                                                                     
  [Client 8] Starting local training...                                                                                                                     
  [Client 8] Finished training in 6.74s                                                                                                                     
  [Client 2] Starting local training...                                                                                                                     
  [Client 2] Finished training in 3.15s                                                                                                                     
  [Client 3] Starting local training...                                                                                                                     
  [Client 3] Finished training in 0.95s                                                                                                                     
  [Client 7] Starting local training...                                                                                                                     
  [Client 7] Finished training in 1.79s                                                                                                                     
  [CKA] Saved checkpoints for round 1 (10 clients) → /home/luis.mendezl/Thesis/logs/runs/cifar10/fedavg/vit_tiny/alpha0.1/seed42/checkpoints/round_0001     
  Starting weight aggregation...                                                                                                                            
  Aggregation completed in 0.05s                                                                                                                            
ROUND 1 FINISHED in 55.58s (Avg: 55.58s)                                                                                                                    
  [Resume] Saved training checkpoint after round 1 →                                                                                                        
/home/luis.mendezl/Thesis/logs/runs/cifar10/fedavg/vit_tiny/alpha0.1/seed42/checkpoints/training_state.pt                                                   
---------------------------- ROUND 2/50 START ----------------------------                                                                                  
Selected clients: [0, 9, 1, 7, 6, 4, 8, 2, 3, 5]                                                                                                            
  [Client 0] Starting local training...                                                                                                                     
  [Client 0] Finished training in 9.86s                                                                                                                     
  [Client 9] Starting local training...                                                                                                                     
  [Client 9] Finished training in 9.81s                                                                                                                     
  [Client 1] Starting local training...                                                                                                                     
  [Client 1] Finished training in 6.93s                                                                                                                     
  [Client 7] Starting local training...                                                                                                                     
  [Client 7] Finished training in 1.84s                                                                                                                     
  [Client 6] Starting local training...                                                                                                                     
  [Client 6] Finished training in 6.30s                                                                                                                     
  [Client 4] Starting local training...                                                                                                                     
  [Client 4] Finished training in 2.48s                                                                                                                     
  [Client 8] Starting local training...                                                                                                                     
  [Client 8] Finished training in 6.72s                                                                                                                     
  [Client 2] Starting local training...                                                                                                                     
  [Client 2] Finished training in 3.37s                                                                                                                     
  [Client 3] Starting local training...                                                                                                                     
  [Client 3] Finished training in 1.06s                                                                                                                     
  [Client 5] Starting local training...                                                                                                                     
  [Client 5] Finished training in 5.88s                                                                                                                     
  [CKA] Saved checkpoints for round 2 (10 clients) → /home/luis.mendezl/Thesis/logs/runs/cifar10/fedavg/vit_tiny/alpha0.1/seed42/checkpoints/round_0002     
  Starting weight aggregation...                                                                                                                            
  Aggregation completed in 0.09s                                                                                                                            
ROUND 2 FINISHED in 57.27s (Avg: 56.43s)                                                                                                                    
  [Resume] Saved training checkpoint after round 2 →                                                                                                        
/home/luis.mendezl/Thesis/logs/runs/cifar10/fedavg/vit_tiny/alpha0.1/seed42/checkpoints/training_state.pt                                                   
---------------------------- ROUND 3/50 START ----------------------------                                                                                  
Selected clients: [3, 7, 4, 6, 0, 1, 9, 8, 2, 5]                                                                                                            
  [Client 3] Starting local training...                                                                                                                     
  [Client 3] Finished training in 1.09s                                                                                                                     
  [Client 7] Starting local training...                                                                                                                     
  [Client 7] Finished training in 1.98s                                                                                                                     
  [Client 4] Starting local training...                                                                                                                     
  [Client 4] Finished training in 2.65s                                                                                                                     
  [Client 6] Starting local training...                                                                                                                     
  [Client 6] Finished training in 5.41s                                                                                                                     
  [Client 0] Starting local training...                                                                                                                     
  [Client 0] Finished training in 10.12s                                                                                                                    
  [Client 1] Starting local training...                                                                                                                     
  [Client 1] Finished training in 7.10s                                                                                                                     
  [Client 9] Starting local training...                                                                                                                     
  [Client 9] Finished training in 10.28s                                                                                                                    
  [Client 8] Starting local training...                                                                                                                     
  [Client 8] Finished training in 6.93s                                                                                                                     
  [Client 2] Starting local training...                                                                                                                     
  [Client 2] Finished training in 3.34s                                                                                                                     
  [Client 5] Starting local training...                                                                                                                     
  [Client 5] Finished training in 5.81s                                                                                                                     
  Starting weight aggregation...                                                                                                                            
  Aggregation completed in 0.07s                                                                                                                            
ROUND 3 FINISHED in 55.29s (Avg: 56.05s)                                                                                                                    
  [Resume] Saved training checkpoint after round 3 →                                                                                                        
/home/luis.mendezl/Thesis/logs/runs/cifar10/fedavg/vit_tiny/alpha0.1/seed42/checkpoints/training_state.pt                                                   
---------------------------- ROUND 4/50 START ----------------------------                                                                                  
Selected clients: [3, 5, 1, 0, 9, 6, 2, 7, 8, 4]                                                                                                            
  [Client 3] Starting local training...                                                                                                                     
  [Client 3] Finished training in 1.12s                                                                                                                     
  [Client 5] Starting local training...                                                                                                                     
  [Client 5] Finished training in 5.83s                                                                                                                     
  [Client 1] Starting local training...                                                                                                                     
  [Client 1] Finished training in 7.34s                                                                                                                     
  [Client 0] Starting local training...                                                                                                                     
  [Client 0] Finished training in 9.74s                                                                                                                     
  [Client 9] Starting local training...                                                                                                                     
  [Client 9] Finished training in 10.23s                                                                                                                    
  [Client 6] Starting local training...                                                                                                                     
  [Client 6] Finished training in 5.39s                                                                                                                     
  [Client 2] Starting local training...                                                                                                                     
  [Client 2] Finished training in 3.33s                                                                                                                     
  [Client 7] Starting local training...                                                                                                                     
  [Client 7] Finished training in 1.87s                                                                                                                     
  [Client 8] Starting local training...                                                                                                                     
  [Client 8] Finished training in 6.82s                                                                                                                     
  [Client 4] Starting local training...                                                                                                                     
  [Client 4] Finished training in 2.53s                                                                                                                     
  Starting weight aggregation...                                                                                                                            
  Aggregation completed in 0.12s                                                                                                                            
ROUND 4 FINISHED in 54.90s (Avg: 55.76s)                                                                                                                    
  [Resume] Saved training checkpoint after round 4 →                                                                                                        
/home/luis.mendezl/Thesis/logs/runs/cifar10/fedavg/vit_tiny/alpha0.1/seed42/checkpoints/training_state.pt                                                   
---------------------------- ROUND 5/50 START ----------------------------                                                                                  
Selected clients: [7, 8, 1, 3, 0, 4, 2, 6, 9, 5]                                                                                                            
  [Client 7] Starting local training...                                                                                                                     
  [Client 7] Finished training in 1.87s                                                                                                                     
  [Client 8] Starting local training...                                                                                                                     
  [Client 8] Finished training in 7.32s                                                                                                                     
  [Client 1] Starting local training...                                                                                                                     
  [Client 1] Finished training in 7.31s                                                                                                                     
  [Client 3] Starting local training...                                                                                                                     
  [Client 3] Finished training in 1.08s                                                                                                                     
  [Client 0] Starting local training...                                                                                                                     
  [Client 0] Finished training in 9.86s                                                                                                                     
  [Client 4] Starting local training...                                                                                                                     
  [Client 4] Finished training in 2.62s                                                                                                                     
  [Client 2] Starting local training...                                                                                                                     
  [Client 2] Finished training in 3.57s                                                                                                                     
  [Client 6] Starting local training...                                                                                                                     
  [Client 6] Finished training in 5.39s                                                                                                                     
  [Client 9] Starting local training...                                                                                                                     
  [Client 9] Finished training in 9.87s                                                                                                                     
  [Client 5] Starting local training...                                                                                                                     
  [Client 5] Finished training in 5.74s                                                                                                                     
  [CKA] Saved checkpoints for round 5 (10 clients) → /home/luis.mendezl/Thesis/logs/runs/cifar10/fedavg/vit_tiny/alpha0.1/seed42/checkpoints/round_0005     
  Starting weight aggregation...                                                                                                                            
  Aggregation completed in 0.05s                                                                                                                            
ROUND 5 FINISHED in 57.64s (Avg: 56.14s)                                                                                                                    
  [Resume] Saved training checkpoint after round 5 →                                                                                                        
/home/luis.mendezl/Thesis/logs/runs/cifar10/fedavg/vit_tiny/alpha0.1/seed42/checkpoints/training_state.pt                                                   
---------------------------- ROUND 6/50 START ----------------------------                                                                                  
Selected clients: [1, 0, 3, 6, 2, 8, 9, 4, 7, 5]                                                                                                            
  [Client 1] Starting local training...                                                                                                                     
  [Client 1] Finished training in 7.40s                                                                                                                     
  [Client 0] Starting local training...                                                                                                                     
  [Client 0] Finished training in 9.82s                                                                                                                     
  [Client 3] Starting local training...                                                                                                                     
  [Client 3] Finished training in 1.12s                                                                                                                     
  [Client 6] Starting local training...                                                                                                                     
  [Client 6] Finished training in 5.67s                                                                                                                     
  [Client 2] Starting local training...                                                                                                                     
  [Client 2] Finished training in 3.69s                                                                                                                     
  [Client 8] Starting local training...                                                                                                                     
  [Client 8] Finished training in 7.06s                                                                                                                     
  [Client 9] Starting local training...                                                                                                                     
  [Client 9] Finished training in 9.95s                                                                                                                     
  [Client 4] Starting local training...                                                                                                                     
  [Client 4] Finished training in 2.56s                                                                                                                     
  [Client 7] Starting local training...                                                                                                                     
  [Client 7] Finished training in 1.93s                                                                                                                     
  [Client 5] Starting local training...                                                                                                                     
  [Client 5] Finished training in 5.85s                                                                                                                     
  Starting weight aggregation...                                                                                                                            
  Aggregation completed in 0.05s                                                                                                                            
ROUND 6 FINISHED in 55.68s (Avg: 56.06s)                                                                                                                    
  [Resume] Saved training checkpoint after round 6 →                                                                                                        
/home/luis.mendezl/Thesis/logs/runs/cifar10/fedavg/vit_tiny/alpha0.1/seed42/checkpoints/training_state.pt                                                   
---------------------------- ROUND 7/50 START ----------------------------                                                                                  
Selected clients: [7, 5, 2, 9, 6, 1, 8, 3, 0, 4]                                                                                                            
  [Client 7] Starting local training...                                                                                                                     
  [Client 7] Finished training in 1.95s                                                                                                                     
  [Client 5] Starting local training...                                                                                                                     
  [Client 5] Finished training in 5.89s                                                                                                                     
  [Client 2] Starting local training...                                                                                                                     
  [Client 2] Finished training in 3.44s                                                                                                                     
  [Client 9] Starting local training...                                                                                                                     
  [Client 9] Finished training in 9.93s                                                                                                                     
  [Client 6] Starting local training...                                                                                                                     
  [Client 6] Finished training in 5.75s                                                                                                                     
  [Client 1] Starting local training...                                                                                                                     
  [Client 1] Finished training in 7.78s                                                                                                                     
  [Client 8] Starting local training...                                                                                                                     
  [Client 8] Finished training in 6.83s                                                                                                                     
  [Client 3] Starting local training...                                                                                                                     
  [Client 3] Finished training in 1.19s                                                                                                                     
  [Client 0] Starting local training...                                                                                                                     
  [Client 0] Finished training in 9.99s                                                                                                                     
  [Client 4] Starting local training...                                                                                                                     
  [Client 4] Finished training in 2.58s                                                                                                                     
  Starting weight aggregation...                                                                                                                            
  Aggregation completed in 0.10s                                                                                                                            
ROUND 7 FINISHED in 56.01s (Avg: 56.05s)                                                                                                                    
  [Resume] Saved training checkpoint after round 7 →                                                                                                        
/home/luis.mendezl/Thesis/logs/runs/cifar10/fedavg/vit_tiny/alpha0.1/seed42/checkpoints/training_state.pt                                                   
---------------------------- ROUND 8/50 START ----------------------------                                                                                  
Selected clients: [8, 3, 2, 9, 6, 7, 1, 4, 5, 0]                                                                                                            
  [Client 8] Starting local training...                                                                                                                     
  [Client 8] Finished training in 6.94s                                                                                                                     
  [Client 3] Starting local training...                                                                                                                     
  [Client 3] Finished training in 1.15s                                                                                                                     
  [Client 2] Starting local training...                                                                                                                     
  [Client 2] Finished training in 3.40s                                                                                                                     
  [Client 9] Starting local training...                                                                                                                     
  [Client 9] Finished training in 9.62s                                                                                                                     
  [Client 6] Starting local training...                                                                                                                     
  [Client 6] Finished training in 5.99s                                                                                                                     
  [Client 7] Starting local training...                                                                                                                     
  [Client 7] Finished training in 1.87s                                                                                                                     
  [Client 1] Starting local training...                                                                                                                     
  [Client 1] Finished training in 6.78s                                                                                                                     
  [Client 4] Starting local training...                                                                                                                     
  [Client 4] Finished training in 2.46s                                                                                                                     
  [Client 5] Starting local training...                                                                                                                     
  [Client 5] Finished training in 5.98s                                                                                                                     
  [Client 0] Starting local training...                                                                                                                     
  [Client 0] Finished training in 10.25s                                                                                                                    
  Starting weight aggregation...                                                                                                                            
  Aggregation completed in 0.05s                                                                                                                            
ROUND 8 FINISHED in 55.06s (Avg: 55.93s)                                                                                                                    
  [Resume] Saved training checkpoint after round 8 →                                                                                                        
/home/luis.mendezl/Thesis/logs/runs/cifar10/fedavg/vit_tiny/alpha0.1/seed42/checkpoints/training_state.pt                                                   
---------------------------- ROUND 9/50 START ----------------------------                                                                                  
Selected clients: [3, 0, 5, 9, 2, 8, 1, 7, 6, 4]                                                                                                            
  [Client 3] Starting local training...                                                                                                                     
  [Client 3] Finished training in 1.12s                                                                                                                     
  [Client 0] Starting local training...                                                                                                                     
  [Client 0] Finished training in 10.26s                                                                                                                    
  [Client 5] Starting local training...                                                                                                                     
  [Client 5] Finished training in 6.09s                                                                                                                     
  [Client 9] Starting local training...                                                                                                                     
  [Client 9] Finished training in 9.70s                                                                                                                     
  [Client 2] Starting local training...                                                                                                                     
  [Client 2] Finished training in 3.74s                                                                                                                     
  [Client 8] Starting local training...                                                                                                                     
  [Client 8] Finished training in 7.44s                                                                                                                     
  [Client 1] Starting local training...                                                                                                                     
  [Client 1] Finished training in 7.52s                                                                                                                     
  [Client 7] Starting local training...                                                                                                                     
  [Client 7] Finished training in 1.95s                                                                                                                     
  [Client 6] Starting local training...                                                                                                                     
  [Client 6] Finished training in 5.42s                                                                                                                     
  [Client 4] Starting local training...                                                                                                                     
  [Client 4] Finished training in 2.53s                                                                                                                     
  Starting weight aggregation...                                                                                                                            
  Aggregation completed in 0.08s                                                                                                                            
ROUND 9 FINISHED in 56.41s (Avg: 55.98s)                                                                                                                    
  [Resume] Saved training checkpoint after round 9 →                                                                                                        
/home/luis.mendezl/Thesis/logs/runs/cifar10/fedavg/vit_tiny/alpha0.1/seed42/checkpoints/training_state.pt                                                   
---------------------------- ROUND 10/50 START ----------------------------                                                                                 
Selected clients: [7, 6, 9, 1, 2, 8, 4, 5, 3, 0]                                                                                                            
  [Client 7] Starting local training...                                                                                                                     
  [Client 7] Finished training in 1.98s                                                                                                                     
client [7]  (testset)   loss: 2.4527 -> 1.6054  accuracy: 0.00% -> 57.89%                                                                                   
  [Client 6] Starting local training...                                                                                                                     
  [Client 6] Finished training in 5.42s                                                                                                                     
client [6]  (testset)   loss: 1.8005 -> 0.9848  accuracy: 27.34% -> 69.78%                                                                                  
  [Client 9] Starting local training...                                                                                                                     
  [Client 9] Finished training in 10.03s                                                                                                                    
client [9]  (testset)   loss: 2.0760 -> 1.1571  accuracy: 25.39% -> 58.82%                                                                                  
  [Client 1] Starting local training...                                                                                                                     
  [Client 1] Finished training in 7.61s                                                                                                                     
client [1]  (testset)   loss: 1.6807 -> 1.0841  accuracy: 39.72% -> 58.41%                                                                                  
  [Client 2] Starting local training...                                                                                                                     
  [Client 2] Finished training in 3.58s                                                                                                                     
client [2]  (testset)   loss: 1.9299 -> 0.9746  accuracy: 23.81% -> 63.49%                                                                                  
  [Client 8] Starting local training...                                                                                                                     
  [Client 8] Finished training in 7.28s                                                                                                                     
client [8]  (testset)   loss: 1.8615 -> 1.2879  accuracy: 33.50% -> 50.25%                                                                                  
  [Client 4] Starting local training...                                                                                                                     
  [Client 4] Finished training in 2.42s                                                                                                                     
client [4]  (testset)   loss: 2.4616 -> 1.4696  accuracy: 0.00% -> 45.45%                                                                                   
  [Client 5] Starting local training...                                                                                                                     
  [Client 5] Finished training in 5.71s                                                                                                                     
client [5]  (testset)   loss: 2.1752 -> 0.9005  accuracy: 3.64% -> 59.39%                                                                                   
  [Client 3] Starting local training...                                                                                                                     
  [Client 3] Finished training in 1.07s                                                                                                                     
client [3]  (testset)   loss: 2.2477 -> 2.2477  accuracy: 0.00% -> 0.00%                                                                                    
  [Client 0] Starting local training...                                                                                                                     
  [Client 0] Finished training in 10.08s                                                                                                                    
client [0]  (testset)   loss: 2.4230 -> 1.0414  accuracy: 4.85% -> 63.33%                                                                                   
  [CKA] Saved checkpoints for round 10 (10 clients) → /home/luis.mendezl/Thesis/logs/runs/cifar10/fedavg/vit_tiny/alpha0.1/seed42/checkpoints/round_0010    
  Starting weight aggregation...                                                                                                                            
  Aggregation completed in 0.07s                                                                                                                            
ROUND 10 FINISHED in 58.18s (Avg: 56.20s)                                                                                                                   
  [Resume] Saved training checkpoint after round 10 →                                                                                                       
/home/luis.mendezl/Thesis/logs/runs/cifar10/fedavg/vit_tiny/alpha0.1/seed42/checkpoints/training_state.pt                                                   
---------------------------- ROUND 11/50 START ----------------------------                                                                                 
Selected clients: [9, 6, 5, 1, 8, 4, 3, 0, 2, 7]                                                                                                            
  [Client 9] Starting local training...                                                                                                                     
  [Client 9] Finished training in 10.06s                                                                                                                    
  [Client 6] Starting local training...                                                                                                                     
  [Client 6] Finished training in 5.53s                                                                                                                     
  [Client 5] Starting local training...                                                                                                                     
  [Client 5] Finished training in 6.08s                                                                                                                     
  [Client 1] Starting local training...                                                                                                                     
  [Client 1] Finished training in 7.69s                                                                                                                     
  [Client 8] Starting local training...                                                                                                                     
  [Client 8] Finished training in 7.02s                                                                                                                     
  [Client 4] Starting local training...                                                                                                                     
  [Client 4] Finished training in 2.65s                                                                                                                     
  [Client 3] Starting local training...                                                                                                                     
  [Client 3] Finished training in 1.08s                                                                                                                     
  [Client 0] Starting local training...                                                                                                                     
  [Client 0] Finished training in 10.74s                                                                                                                    
  [Client 2] Starting local training...                                                                                                                     
  [Client 2] Finished training in 3.51s                                                                                                                     
  [Client 7] Starting local training...                                                                                                                     
  [Client 7] Finished training in 1.89s                                                                                                                     
  Starting weight aggregation...                                                                                                                            
  Aggregation completed in 0.11s                                                                                                                            
ROUND 11 FINISHED in 56.95s (Avg: 56.27s)                                                                                                                   
  [Resume] Saved training checkpoint after round 11 →                                                                                                       
/home/luis.mendezl/Thesis/logs/runs/cifar10/fedavg/vit_tiny/alpha0.1/seed42/checkpoints/training_state.pt                                                   
---------------------------- ROUND 12/50 START ----------------------------                                                                                 
Selected clients: [2, 9, 6, 4, 0, 3, 7, 8, 1, 5]                                                                                                            
  [Client 2] Starting local training...                                                                                                                     
  [Client 2] Finished training in 3.49s                                                                                                                     
  [Client 9] Starting local training...                                                                                                                     
  [Client 9] Finished training in 10.16s                                                                                                                    
  [Client 6] Starting local training...                                                                                                                     
  [Client 6] Finished training in 5.17s                                                                                                                     
  [Client 4] Starting local training...                                                                                                                     
  [Client 4] Finished training in 2.79s                                                                                                                     
  [Client 0] Starting local training...                                                                                                                     
  [Client 0] Finished training in 10.74s                                                                                                                    
  [Client 3] Starting local training...                                                                                                                     
  [Client 3] Finished training in 1.16s                                                                                                                     
  [Client 7] Starting local training...                                                                                                                     
  [Client 7] Finished training in 2.00s                                                                                                                     
  [Client 8] Starting local training...                                                                                                                     
  [Client 8] Finished training in 7.16s                                                                                                                     
  [Client 1] Starting local training...                                                                                                                     
  [Client 1] Finished training in 7.47s                                                                                                                     
  [Client 5] Starting local training...                                                                                                                     
  [Client 5] Finished training in 5.80s                                                                                                                     
  Starting weight aggregation...                                                                                                                            
  Aggregation completed in 0.05s                                                                                                                            
ROUND 12 FINISHED in 56.58s (Avg: 56.30s)                                                                                                                   
  [Resume] Saved training checkpoint after round 12 →                                                                                                       
/home/luis.mendezl/Thesis/logs/runs/cifar10/fedavg/vit_tiny/alpha0.1/seed42/checkpoints/training_state.pt                                                   
---------------------------- ROUND 13/50 START ----------------------------                                                                                 
Selected clients: [8, 0, 1, 5, 4, 2, 6, 9, 7, 3]                                                                                                            
  [Client 8] Starting local training...                                                                                                                     
  [Client 8] Finished training in 7.00s                                                                                                                     
  [Client 0] Starting local training...                                                                                                                     
  [Client 0] Finished training in 10.00s                                                                                                                    
  [Client 1] Starting local training...                                                                                                                     
  [Client 1] Finished training in 7.45s                                                                                                                     
  [Client 5] Starting local training...                                                                                                                     
  [Client 5] Finished training in 6.12s                                                                                                                     
  [Client 4] Starting local training...                                                                                                                     
  [Client 4] Finished training in 2.59s                                                                                                                     
  [Client 2] Starting local training...                                                                                                                     
  [Client 2] Finished training in 3.53s                                                                                                                     
  [Client 6] Starting local training...                                                                                                                     
  [Client 6] Finished training in 5.39s                                                                                                                     
  [Client 9] Starting local training...                                                                                                                     
  [Client 9] Finished training in 9.88s                                                                                                                     
  [Client 7] Starting local training...                                                                                                                     
  [Client 7] Finished training in 1.86s                                                                                                                     
  [Client 3] Starting local training...                                                                                                                     
  [Client 3] Finished training in 1.12s                                                                                                                     
  Starting weight aggregation...                                                                                                                            
  Aggregation completed in 0.08s                                                                                                                            
ROUND 13 FINISHED in 55.61s (Avg: 56.24s)                                                                                                                   
  [Resume] Saved training checkpoint after round 13 →                                                                                                       
/home/luis.mendezl/Thesis/logs/runs/cifar10/fedavg/vit_tiny/alpha0.1/seed42/checkpoints/training_state.pt                                                   
---------------------------- ROUND 14/50 START ----------------------------                                                                                 
Selected clients: [2, 7, 0, 5, 6, 9, 1, 4, 8, 3]                                                                                                            
  [Client 2] Starting local training...                                                                                                                     
  [Client 2] Finished training in 3.36s                                                                                                                     
  [Client 7] Starting local training...                                                                                                                     
  [Client 7] Finished training in 1.92s                                                                                                                     
  [Client 0] Starting local training...                                                                                                                     
  [Client 0] Finished training in 9.97s                                                                                                                     
  [Client 5] Starting local training...                                                                                                                     
  [Client 5] Finished training in 6.42s                                                                                                                     
  [Client 6] Starting local training...                                                                                                                     
  [Client 6] Finished training in 5.45s                                                                                                                     
  [Client 9] Starting local training...                                                                                                                     
  [Client 9] Finished training in 9.86s                                                                                                                     
  [Client 1] Starting local training...                                                                                                                     
  [Client 1] Finished training in 7.28s                                                                                                                     
  [Client 4] Starting local training...                                                                                                                     
  [Client 4] Finished training in 2.61s                                                                                                                     
  [Client 8] Starting local training...                                                                                                                     
  [Client 8] Finished training in 7.17s                                                                                                                     
  [Client 3] Starting local training...                                                                                                                     
  [Client 3] Finished training in 1.09s                                                                                                                     
  Starting weight aggregation...                                                                                                                            
  Aggregation completed in 0.11s                                                                                                                            
ROUND 14 FINISHED in 55.82s (Avg: 56.21s)                                                                                                                   
  [Resume] Saved training checkpoint after round 14 →                                                                                                       
/home/luis.mendezl/Thesis/logs/runs/cifar10/fedavg/vit_tiny/alpha0.1/seed42/checkpoints/training_state.pt                                                   
---------------------------- ROUND 15/50 START ----------------------------                                                                                 
Selected clients: [8, 3, 2, 7, 1, 4, 0, 6, 5, 9]                                                                                                            
  [Client 8] Starting local training...                                                                                                                     
  [Client 8] Finished training in 7.20s                                                                                                                     
  [Client 3] Starting local training...                                                                                                                     
  [Client 3] Finished training in 1.11s                                                                                                                     
  [Client 2] Starting local training...                                                                                                                     
  [Client 2] Finished training in 3.24s                                                                                                                     
  [Client 7] Starting local training...                                                                                                                     
  [Client 7] Finished training in 2.84s                                                                                                                     
  [Client 1] Starting local training...                                                                                                                     
  [Client 1] Finished training in 7.80s                                                                                                                     
  [Client 4] Starting local training...                                                                                                                     
  [Client 4] Finished training in 2.43s                                                                                                                     
  [Client 0] Starting local training...                                                                                                                     
  [Client 0] Finished training in 9.71s                                                                                                                     
  [Client 6] Starting local training...                                                                                                                     
  [Client 6] Finished training in 5.27s                                                                                                                     
  [Client 5] Starting local training...                                                                                                                     
  [Client 5] Finished training in 6.20s                                                                                                                     
  [Client 9] Starting local training...                                                                                                                     
  [Client 9] Finished training in 10.08s                                                                                                                    
  Starting weight aggregation...                                                                                                                            
  Aggregation completed in 0.07s                                                                                                                            
ROUND 15 FINISHED in 56.52s (Avg: 56.23s)                                                                                                                   
  [Resume] Saved training checkpoint after round 15 →                                                                                                       
/home/luis.mendezl/Thesis/logs/runs/cifar10/fedavg/vit_tiny/alpha0.1/seed42/checkpoints/training_state.pt                                                   
---------------------------- ROUND 16/50 START ----------------------------                                                                                 
Selected clients: [0, 1, 5, 6, 2, 8, 9, 3, 7, 4]                                                                                                            
  [Client 0] Starting local training...                                                                                                                     
  [Client 0] Finished training in 10.03s                                                                                                                    
  [Client 1] Starting local training...                                                                                                                     
  [Client 1] Finished training in 7.98s                                                                                                                     
  [Client 5] Starting local training...                                                                                                                     
  [Client 5] Finished training in 6.11s                                                                                                                     
  [Client 6] Starting local training...                                                                                                                     
  [Client 6] Finished training in 5.41s                                                                                                                     
  [Client 2] Starting local training...                                                                                                                     
  [Client 2] Finished training in 3.44s                                                                                                                     
  [Client 8] Starting local training...                                                                                                                     
  [Client 8] Finished training in 7.13s                                                                                                                     
  [Client 9] Starting local training...                                                                                                                     
  [Client 9] Finished training in 10.28s                                                                                                                    
  [Client 3] Starting local training...                                                                                                                     
  [Client 3] Finished training in 1.07s                                                                                                                     
  [Client 7] Starting local training...                                                                                                                     
  [Client 7] Finished training in 1.97s                                                                                                                     
  [Client 4] Starting local training...                                                                                                                     
  [Client 4] Finished training in 2.53s                                                                                                                     
  Starting weight aggregation...                                                                                                                            
  Aggregation completed in 0.05s                                                                                                                            
ROUND 16 FINISHED in 56.58s (Avg: 56.26s)                                                                                                                   
  [Resume] Saved training checkpoint after round 16 →                                                                                                       
/home/luis.mendezl/Thesis/logs/runs/cifar10/fedavg/vit_tiny/alpha0.1/seed42/checkpoints/training_state.pt                                                   
---------------------------- ROUND 17/50 START ----------------------------                                                                                 
Selected clients: [7, 1, 2, 8, 5, 3, 6, 4, 9, 0]                                                                                                            
  [Client 7] Starting local training...                                                                                                                     
  [Client 7] Finished training in 2.02s                                                                                                                     
  [Client 1] Starting local training...                                                                                                                     
  [Client 1] Finished training in 7.37s                                                                                                                     
  [Client 2] Starting local training...                                                                                                                     
  [Client 2] Finished training in 3.41s                                                                                                                     
  [Client 8] Starting local training...                                                                                                                     
  [Client 8] Finished training in 6.96s                                                                                                                     
  [Client 5] Starting local training...                                                                                                                     
  [Client 5] Finished training in 5.97s                                                                                                                     
  [Client 3] Starting local training...                                                                                                                     
  [Client 3] Finished training in 1.09s                                                                                                                     
  [Client 6] Starting local training...                                                                                                                     
  [Client 6] Finished training in 5.20s                                                                                                                     
  [Client 4] Starting local training...                                                                                                                     
  [Client 4] Finished training in 2.56s                                                                                                                     
  [Client 9] Starting local training...                                                                                                                     
  [Client 9] Finished training in 10.05s                                                                                                                    
  [Client 0] Starting local training...                                                                                                                     
  [Client 0] Finished training in 10.13s                                                                                                                    
  Starting weight aggregation...                                                                                                                            
  Aggregation completed in 0.05s                                                                                                                            
ROUND 17 FINISHED in 55.42s (Avg: 56.21s)                                                                                                                   
  [Resume] Saved training checkpoint after round 17 →                                                                                                       
/home/luis.mendezl/Thesis/logs/runs/cifar10/fedavg/vit_tiny/alpha0.1/seed42/checkpoints/training_state.pt                                                   
---------------------------- ROUND 18/50 START ----------------------------                                                                                 
Selected clients: [8, 3, 4, 9, 5, 2, 6, 7, 1, 0]                                                                                                            
  [Client 8] Starting local training...                                                                                                                     
  [Client 8] Finished training in 7.42s                                                                                                                     
  [Client 3] Starting local training...                                                                                                                     
  [Client 3] Finished training in 1.11s                                                                                                                     
  [Client 4] Starting local training...                                                                                                                     
  [Client 4] Finished training in 2.59s                                                                                                                     
  [Client 9] Starting local training...                                                                                                                     
  [Client 9] Finished training in 9.88s                                                                                                                     
  [Client 5] Starting local training...                                                                                                                     
  [Client 5] Finished training in 6.09s                                                                                                                     
  [Client 2] Starting local training...                                                                                                                     
  [Client 2] Finished training in 3.53s                                                                                                                     
  [Client 6] Starting local training...                                                                                                                     
  [Client 6] Finished training in 5.43s                                                                                                                     
  [Client 7] Starting local training...                                                                                                                     
  [Client 7] Finished training in 2.27s                                                                                                                     
  [Client 1] Starting local training...                                                                                                                     
  [Client 1] Finished training in 7.21s                                                                                                                     
  [Client 0] Starting local training...                                                                                                                     
  [Client 0] Finished training in 10.03s                                                                                                                    
  Starting weight aggregation...                                                                                                                            
  Aggregation completed in 0.05s                                                                                                                            
ROUND 18 FINISHED in 56.14s (Avg: 56.20s)                                                                                                                   
  [Resume] Saved training checkpoint after round 18 →                                                                                                       
/home/luis.mendezl/Thesis/logs/runs/cifar10/fedavg/vit_tiny/alpha0.1/seed42/checkpoints/training_state.pt                                                   
---------------------------- ROUND 19/50 START ----------------------------                                                                                 
Selected clients: [3, 9, 1, 2, 0, 4, 7, 6, 5, 8]                                                                                                            
  [Client 3] Starting local training...                                                                                                                     
  [Client 3] Finished training in 1.15s                                                                                                                     
  [Client 9] Starting local training...                                                                                                                     
  [Client 9] Finished training in 10.12s                                                                                                                    
  [Client 1] Starting local training...                                                                                                                     
  [Client 1] Finished training in 7.11s                                                                                                                     
  [Client 2] Starting local training...                                                                                                                     
  [Client 2] Finished training in 3.37s                                                                                                                     
  [Client 0] Starting local training...                                                                                                                     
  [Client 0] Finished training in 10.02s                                                                                                                    
  [Client 4] Starting local training...                                                                                                                     
  [Client 4] Finished training in 2.49s                                                                                                                     
  [Client 7] Starting local training...                                                                                                                     
  [Client 7] Finished training in 1.94s                                                                                                                     
  [Client 6] Starting local training...                                                                                                                     
  [Client 6] Finished training in 5.52s                                                                                                                     
  [Client 5] Starting local training...                                                                                                                     
  [Client 5] Finished training in 6.31s                                                                                                                     
  [Client 8] Starting local training...                                                                                                                     
  [Client 8] Finished training in 6.91s                                                                                                                     
  Starting weight aggregation...                                                                                                                            
  Aggregation completed in 0.07s                                                                                                                            
ROUND 19 FINISHED in 55.53s (Avg: 56.17s)                                                                                                                   
  [Resume] Saved training checkpoint after round 19 →                                                                                                       
/home/luis.mendezl/Thesis/logs/runs/cifar10/fedavg/vit_tiny/alpha0.1/seed42/checkpoints/training_state.pt                                                   
---------------------------- ROUND 20/50 START ----------------------------                                                                                 
Selected clients: [1, 0, 3, 8, 6, 2, 5, 4, 7, 9]                                                                                                            
  [Client 1] Starting local training...                                                                                                                     
  [Client 1] Finished training in 7.80s                                                                                                                     
client [1]  (testset)   loss: 1.5573 -> 0.9536  accuracy: 41.12% -> 61.21%                                                                                  
  [Client 0] Starting local training...                                                                                                                     
  [Client 0] Finished training in 10.28s                                                                                                                    
client [0]  (testset)   loss: 2.1130 -> 1.0246  accuracy: 15.76% -> 60.91%                                                                                  
  [Client 3] Starting local training...                                                                                                                     
  [Client 3] Finished training in 1.15s                                                                                                                     
client [3]  (testset)   loss: 2.2006 -> 2.2006  accuracy: 12.50% -> 12.50%                                                                                  
  [Client 8] Starting local training...                                                                                                                     
  [Client 8] Finished training in 7.17s                                                                                                                     
client [8]  (testset)   loss: 1.7596 -> 1.2723  accuracy: 42.36% -> 51.72%                                                                                  
  [Client 6] Starting local training...                                                                                                                     
  [Client 6] Finished training in 5.48s                                                                                                                     
client [6]  (testset)   loss: 1.6863 -> 0.8657  accuracy: 33.81% -> 72.66%                                                                                  
  [Client 2] Starting local training...                                                                                                                     
  [Client 2] Finished training in 3.33s                                                                                                                     
client [2]  (testset)   loss: 1.7251 -> 0.9273  accuracy: 36.51% -> 58.73%                                                                                  
  [Client 5] Starting local training...                                                                                                                     
  [Client 5] Finished training in 5.82s                                                                                                                     
client [5]  (testset)   loss: 2.1306 -> 0.8669  accuracy: 9.70% -> 61.21%                                                                                   
  [Client 4] Starting local training...                                                                                                                     
  [Client 4] Finished training in 2.55s                                                                                                                     
client [4]  (testset)   loss: 2.6053 -> 1.3411  accuracy: 9.09% -> 54.55%                                                                                   
  [Client 7] Starting local training...                                                                                                                     
  [Client 7] Finished training in 1.91s                                                                                                                     
client [7]  (testset)   loss: 2.4769 -> 1.7913  accuracy: 5.26% -> 36.84%                                                                                   
  [Client 9] Starting local training...                                                                                                                     
  [Client 9] Finished training in 9.45s                                                                                                                     
client [9]  (testset)   loss: 1.8998 -> 0.9480  accuracy: 32.51% -> 65.33%                                                                                  
  [CKA] Saved checkpoints for round 20 (10 clients) → /home/luis.mendezl/Thesis/logs/runs/cifar10/fedavg/vit_tiny/alpha0.1/seed42/checkpoints/round_0020    
  Starting weight aggregation...                                                                                                                            
  Aggregation completed in 0.06s                                                                                                                            
ROUND 20 FINISHED in 58.01s (Avg: 56.26s)                                                                                                                   
  [Resume] Saved training checkpoint after round 20 →                                                                                                       
/home/luis.mendezl/Thesis/logs/runs/cifar10/fedavg/vit_tiny/alpha0.1/seed42/checkpoints/training_state.pt                                                   
---------------------------- ROUND 21/50 START ----------------------------                                                                                 
Selected clients: [7, 3, 2, 5, 4, 6, 8, 0, 1, 9]                                                                                                            
  [Client 7] Starting local training...                                                                                                                     
  [Client 7] Finished training in 1.97s                                                                                                                     
  [Client 3] Starting local training...                                                                                                                     
  [Client 3] Finished training in 1.11s                                                                                                                     
  [Client 2] Starting local training...                                                                                                                     
  [Client 2] Finished training in 3.46s                                                                                                                     
  [Client 5] Starting local training...                                                                                                                     
  [Client 5] Finished training in 6.17s                                                                                                                     
  [Client 4] Starting local training...                                                                                                                     
  [Client 4] Finished training in 2.61s                                                                                                                     
  [Client 6] Starting local training...                                                                                                                     
  [Client 6] Finished training in 5.32s                                                                                                                     
  [Client 8] Starting local training...                                                                                                                     
  [Client 8] Finished training in 7.04s                                                                                                                     
  [Client 0] Starting local training...                                                                                                                     
  [Client 0] Finished training in 9.96s                                                                                                                     
  [Client 1] Starting local training...                                                                                                                     
  [Client 1] Finished training in 7.27s                                                                                                                     
  [Client 9] Starting local training...                                                                                                                     
  [Client 9] Finished training in 9.99s                                                                                                                     
  Starting weight aggregation...                                                                                                                            
  Aggregation completed in 0.05s                                                                                                                            
ROUND 21 FINISHED in 55.54s (Avg: 56.22s)                                                                                                                   
  [Resume] Saved training checkpoint after round 21 →                                                                                                       
/home/luis.mendezl/Thesis/logs/runs/cifar10/fedavg/vit_tiny/alpha0.1/seed42/checkpoints/training_state.pt                                                   
---------------------------- ROUND 22/50 START ----------------------------                                                                                 
Selected clients: [3, 1, 8, 5, 9, 2, 6, 7, 4, 0]                                                                                                            
  [Client 3] Starting local training...                                                                                                                     
  [Client 3] Finished training in 1.12s                                                                                                                     
  [Client 1] Starting local training...                                                                                                                     
  [Client 1] Finished training in 7.32s                                                                                                                     
  [Client 8] Starting local training...                                                                                                                     
  [Client 8] Finished training in 7.40s                                                                                                                     
  [Client 5] Starting local training...                                                                                                                     
  [Client 5] Finished training in 5.88s                                                                                                                     
  [Client 9] Starting local training...                                                                                                                     
  [Client 9] Finished training in 10.26s                                                                                                                    
  [Client 2] Starting local training...                                                                                                                     
  [Client 2] Finished training in 3.48s                                                                                                                     
  [Client 6] Starting local training...                                                                                                                     
  [Client 6] Finished training in 5.51s                                                                                                                     
  [Client 7] Starting local training...                                                                                                                     
  [Client 7] Finished training in 1.96s                                                                                                                     
  [Client 4] Starting local training...                                                                                                                     
  [Client 4] Finished training in 2.56s                                                                                                                     
  [Client 0] Starting local training...                                                                                                                     
  [Client 0] Finished training in 10.25s                                                                                                                    
  Starting weight aggregation...                                                                                                                            
  Aggregation completed in 0.05s                                                                                                                            
ROUND 22 FINISHED in 56.38s (Avg: 56.23s)                                                                                                                   
  [Resume] Saved training checkpoint after round 22 →                                                                                                       
/home/luis.mendezl/Thesis/logs/runs/cifar10/fedavg/vit_tiny/alpha0.1/seed42/checkpoints/training_state.pt                                                   
---------------------------- ROUND 23/50 START ----------------------------                                                                                 
Selected clients: [1, 0, 6, 5, 2, 8, 9, 4, 7, 3]                                                                                                            
  [Client 1] Starting local training...                                                                                                                     
  [Client 1] Finished training in 7.57s                                                                                                                     
  [Client 0] Starting local training...                                                                                                                     
  [Client 0] Finished training in 10.03s                                                                                                                    
  [Client 6] Starting local training...                                                                                                                     
  [Client 6] Finished training in 5.58s                                                                                                                     
  [Client 5] Starting local training...                                                                                                                     
  [Client 5] Finished training in 5.99s                                                                                                                     
  [Client 2] Starting local training...                                                                                                                     
  [Client 2] Finished training in 3.41s                                                                                                                     
  [Client 8] Starting local training...                                                                                                                     
  [Client 8] Finished training in 6.71s                                                                                                                     
  [Client 9] Starting local training...                                                                                                                     
  [Client 9] Finished training in 9.94s                                                                                                                     
  [Client 4] Starting local training...                                                                                                                     
  [Client 4] Finished training in 2.55s                                                                                                                     
  [Client 7] Starting local training...                                                                                                                     
  [Client 7] Finished training in 1.94s                                                                                                                     
  [Client 3] Starting local training...                                                                                                                     
  [Client 3] Finished training in 1.11s                                                                                                                     
  Starting weight aggregation...                                                                                                                            
  Aggregation completed in 0.07s                                                                                                                            
ROUND 23 FINISHED in 55.50s (Avg: 56.20s)                                                                                                                   
  [Resume] Saved training checkpoint after round 23 →                                                                                                       
/home/luis.mendezl/Thesis/logs/runs/cifar10/fedavg/vit_tiny/alpha0.1/seed42/checkpoints/training_state.pt                                                   
---------------------------- ROUND 24/50 START ----------------------------                                                                                 
Selected clients: [2, 6, 9, 7, 3, 1, 0, 4, 5, 8]                                                                                                            
  [Client 2] Starting local training...                                                                                                                     
  [Client 2] Finished training in 3.37s                                                                                                                     
  [Client 6] Starting local training...                                                                                                                     
  [Client 6] Finished training in 5.33s                                                                                                                     
  [Client 9] Starting local training...                                                                                                                     
  [Client 9] Finished training in 9.96s                                                                                                                     
  [Client 7] Starting local training...                                                                                                                     
  [Client 7] Finished training in 1.86s                                                                                                                     
  [Client 3] Starting local training...                                                                                                                     
  [Client 3] Finished training in 0.97s                                                                                                                     
  [Client 1] Starting local training...                                                                                                                     
  [Client 1] Finished training in 6.99s                                                                                                                     
  [Client 0] Starting local training...                                                                                                                     
  [Client 0] Finished training in 10.19s                                                                                                                    
  [Client 4] Starting local training...                                                                                                                     
  [Client 4] Finished training in 2.43s                                                                                                                     
  [Client 5] Starting local training...                                                                                                                     
  [Client 5] Finished training in 6.38s                                                                                                                     
  [Client 8] Starting local training...                                                                                                                     
  [Client 8] Finished training in 6.70s                                                                                                                     
  Starting weight aggregation...                                                                                                                            
  Aggregation completed in 0.05s                                                                                                                            
ROUND 24 FINISHED in 54.84s (Avg: 56.14s)                                                                                                                   
  [Resume] Saved training checkpoint after round 24 →                                                                                                       
/home/luis.mendezl/Thesis/logs/runs/cifar10/fedavg/vit_tiny/alpha0.1/seed42/checkpoints/training_state.pt                                                   
---------------------------- ROUND 25/50 START ----------------------------                                                                                 
Selected clients: [8, 0, 1, 6, 7, 5, 3, 4, 2, 9]                                                                                                            
  [Client 8] Starting local training...                                                                                                                     
  [Client 8] Finished training in 7.14s                                                                                                                     
  [Client 0] Starting local training...                                                                                                                     
  [Client 0] Finished training in 9.97s                                                                                                                     
  [Client 1] Starting local training...                                                                                                                     
  [Client 1] Finished training in 7.58s                                                                                                                     
  [Client 6] Starting local training...                                                                                                                     
  [Client 6] Finished training in 5.54s                                                                                                                     
  [Client 7] Starting local training...                                                                                                                     
  [Client 7] Finished training in 1.98s                                                                                                                     
  [Client 5] Starting local training...                                                                                                                     
  [Client 5] Finished training in 5.86s                                                                                                                     
  [Client 3] Starting local training...                                                                                                                     
  [Client 3] Finished training in 1.15s                                                                                                                     
  [Client 4] Starting local training...                                                                                                                     
  [Client 4] Finished training in 3.52s                                                                                                                     
  [Client 2] Starting local training...                                                                                                                     
  [Client 2] Finished training in 3.28s                                                                                                                     
  [Client 9] Starting local training...                                                                                                                     
  [Client 9] Finished training in 10.12s                                                                                                                    
  Starting weight aggregation...                                                                                                                            
  Aggregation completed in 0.07s                                                                                                                            
ROUND 25 FINISHED in 56.82s (Avg: 56.17s)                                                                                                                   
  [Resume] Saved training checkpoint after round 25 →                                                                                                       
/home/luis.mendezl/Thesis/logs/runs/cifar10/fedavg/vit_tiny/alpha0.1/seed42/checkpoints/training_state.pt                                                   
---------------------------- ROUND 26/50 START ----------------------------                                                                                 
Selected clients: [6, 0, 2, 3, 8, 9, 7, 1, 4, 5]                                                                                                            
  [Client 6] Starting local training...                                                                                                                     
  [Client 6] Finished training in 5.58s                                                                                                                     
  [Client 0] Starting local training...                                                                                                                     
  [Client 0] Finished training in 10.01s                                                                                                                    
  [Client 2] Starting local training...                                                                                                                     
  [Client 2] Finished training in 3.57s                                                                                                                     
  [Client 3] Starting local training...                                                                                                                     
  [Client 3] Finished training in 1.14s                                                                                                                     
  [Client 8] Starting local training...                                                                                                                     
  [Client 8] Finished training in 7.33s                                                                                                                     
  [Client 9] Starting local training...                                                                                                                     
  [Client 9] Finished training in 10.10s                                                                                                                    
  [Client 7] Starting local training...                                                                                                                     
  [Client 7] Finished training in 2.22s                                                                                                                     
  [Client 1] Starting local training...                                                                                                                     
  [Client 1] Finished training in 7.50s                                                                                                                     
  [Client 4] Starting local training...                                                                                                                     
  [Client 4] Finished training in 2.68s                                                                                                                     
  [Client 5] Starting local training...                                                                                                                     
  [Client 5] Finished training in 6.10s                                                                                                                     
  Starting weight aggregation...                                                                                                                            
  Aggregation completed in 0.05s                                                                                                                            
ROUND 26 FINISHED in 56.88s (Avg: 56.20s)                                                                                                                   
  [Resume] Saved training checkpoint after round 26 →                                                                                                       
/home/luis.mendezl/Thesis/logs/runs/cifar10/fedavg/vit_tiny/alpha0.1/seed42/checkpoints/training_state.pt                                                   
---------------------------- ROUND 27/50 START ----------------------------                                                                                 
Selected clients: [8, 7, 2, 1, 9, 6, 0, 5, 3, 4]                                                                                                            
  [Client 8] Starting local training...                                                                                                                     
  [Client 8] Finished training in 7.02s                                                                                                                     
  [Client 7] Starting local training...                                                                                                                     
  [Client 7] Finished training in 2.00s                                                                                                                     
  [Client 2] Starting local training...                                                                                                                     
  [Client 2] Finished training in 3.45s                                                                                                                     
  [Client 1] Starting local training...                                                                                                                     
  [Client 1] Finished training in 7.19s                                                                                                                     
  [Client 9] Starting local training...                                                                                                                     
  [Client 9] Finished training in 10.07s                                                                                                                    
  [Client 6] Starting local training...                                                                                                                     
  [Client 6] Finished training in 5.95s                                                                                                                     
  [Client 0] Starting local training...                                                                                                                     
  [Client 0] Finished training in 9.82s                                                                                                                     
  [Client 5] Starting local training...                                                                                                                     
  [Client 5] Finished training in 6.18s                                                                                                                     
  [Client 3] Starting local training...                                                                                                                     
  [Client 3] Finished training in 1.18s                                                                                                                     
  [Client 4] Starting local training...                                                                                                                     
  [Client 4] Finished training in 2.64s                                                                                                                     
  Starting weight aggregation...                                                                                                                            
  Aggregation completed in 0.10s                                                                                                                            
ROUND 27 FINISHED in 56.20s (Avg: 56.20s)                                                                                                                   
  [Resume] Saved training checkpoint after round 27 →                                                                                                       
/home/luis.mendezl/Thesis/logs/runs/cifar10/fedavg/vit_tiny/alpha0.1/seed42/checkpoints/training_state.pt                                                   
---------------------------- ROUND 28/50 START ----------------------------                                                                                 
Selected clients: [0, 9, 7, 4, 6, 1, 8, 2, 3, 5]                                                                                                            
  [Client 0] Starting local training...                                                                                                                     
  [Client 0] Finished training in 10.21s                                                                                                                    
  [Client 9] Starting local training...                                                                                                                     
  [Client 9] Finished training in 10.30s                                                                                                                    
  [Client 7] Starting local training...                                                                                                                     
  [Client 7] Finished training in 1.97s                                                                                                                     
  [Client 4] Starting local training...                                                                                                                     
  [Client 4] Finished training in 2.54s                                                                                                                     
  [Client 6] Starting local training...                                                                                                                     
  [Client 6] Finished training in 5.58s                                                                                                                     
  [Client 1] Starting local training...                                                                                                                     
  [Client 1] Finished training in 8.32s                                                                                                                     
  [Client 8] Starting local training...                                                                                                                     
  [Client 8] Finished training in 7.05s                                                                                                                     
  [Client 2] Starting local training...                                                                                                                     
  [Client 2] Finished training in 3.41s                                                                                                                     
  [Client 3] Starting local training...                                                                                                                     
  [Client 3] Finished training in 1.18s                                                                                                                     
  [Client 5] Starting local training...                                                                                                                     
  [Client 5] Finished training in 6.25s                                                                                                                     
  Starting weight aggregation...                                                                                                                            
  Aggregation completed in 0.09s                                                                                                                            
ROUND 28 FINISHED in 57.51s (Avg: 56.24s)                                                                                                                   
  [Resume] Saved training checkpoint after round 28 →                                                                                                       
/home/luis.mendezl/Thesis/logs/runs/cifar10/fedavg/vit_tiny/alpha0.1/seed42/checkpoints/training_state.pt                                                   
---------------------------- ROUND 29/50 START ----------------------------                                                                                 
Selected clients: [1, 9, 3, 7, 0, 4, 8, 2, 5, 6]                                                                                                            
  [Client 1] Starting local training...                                                                                                                     
  [Client 1] Finished training in 7.07s                                                                                                                     
  [Client 9] Starting local training...                                                                                                                     
  [Client 9] Finished training in 10.27s                                                                                                                    
  [Client 3] Starting local training...                                                                                                                     
  [Client 3] Finished training in 1.10s                                                                                                                     
  [Client 7] Starting local training...                                                                                                                     
  [Client 7] Finished training in 1.95s                                                                                                                     
  [Client 0] Starting local training...                                                                                                                     
  [Client 0] Finished training in 10.59s                                                                                                                    
  [Client 4] Starting local training...                                                                                                                     
  [Client 4] Finished training in 2.60s                                                                                                                     
  [Client 8] Starting local training...                                                                                                                     
  [Client 8] Finished training in 7.42s                                                                                                                     
  [Client 2] Starting local training...                                                                                                                     
  [Client 2] Finished training in 3.51s                                                                                                                     
  [Client 5] Starting local training...                                                                                                                     
  [Client 5] Finished training in 5.99s                                                                                                                     
  [Client 6] Starting local training...                                                                                                                     
  [Client 6] Finished training in 5.47s                                                                                                                     
  Starting weight aggregation...                                                                                                                            
  Aggregation completed in 0.09s                                                                                                                            
ROUND 29 FINISHED in 56.73s (Avg: 56.26s)                                                                                                                   
  [Resume] Saved training checkpoint after round 29 →                                                                                                       
/home/luis.mendezl/Thesis/logs/runs/cifar10/fedavg/vit_tiny/alpha0.1/seed42/checkpoints/training_state.pt                                                   
---------------------------- ROUND 30/50 START ----------------------------                                                                                 
Selected clients: [6, 8, 5, 2, 1, 9, 7, 3, 4, 0]                                                                                                            
  [Client 6] Starting local training...                                                                                                                     
  [Client 6] Finished training in 5.47s                                                                                                                     
client [6]  (testset)   loss: 1.6323 -> 0.9046  accuracy: 40.29% -> 74.82%                                                                                  
  [Client 8] Starting local training...                                                                                                                     
  [Client 8] Finished training in 6.90s                                                                                                                     
client [8]  (testset)   loss: 1.8362 -> 1.3023  accuracy: 41.38% -> 49.75%                                                                                  
  [Client 5] Starting local training...                                                                                                                     
  [Client 5] Finished training in 5.82s                                                                                                                     
client [5]  (testset)   loss: 2.1242 -> 0.8537  accuracy: 14.55% -> 63.03%                                                                                  
  [Client 2] Starting local training...                                                                                                                     
  [Client 2] Finished training in 4.26s                                                                                                                     
client [2]  (testset)   loss: 1.7118 -> 0.8872  accuracy: 34.92% -> 61.90%                                                                                  
  [Client 1] Starting local training...                                                                                                                     
  [Client 1] Finished training in 7.27s                                                                                                                     
client [1]  (testset)   loss: 1.5738 -> 0.9964  accuracy: 43.93% -> 65.89%                                                                                  
  [Client 9] Starting local training...                                                                                                                     
  [Client 9] Finished training in 9.83s                                                                                                                     
client [9]  (testset)   loss: 1.8265 -> 0.9770  accuracy: 32.51% -> 60.68%                                                                                  
  [Client 7] Starting local training...                                                                                                                     
  [Client 7] Finished training in 2.03s                                                                                                                     
client [7]  (testset)   loss: 2.3718 -> 1.7624  accuracy: 15.79% -> 31.58%                                                                                  
  [Client 3] Starting local training...                                                                                                                     
  [Client 3] Finished training in 1.21s                                                                                                                     
client [3]  (testset)   loss: 2.0205 -> 2.0205  accuracy: 12.50% -> 12.50%                                                                                  
  [Client 4] Starting local training...                                                                                                                     
  [Client 4] Finished training in 2.63s                                                                                                                     
client [4]  (testset)   loss: 2.7023 -> 1.5490  accuracy: 12.12% -> 48.48%                                                                                  
  [Client 0] Starting local training...                                                                                                                     
  [Client 0] Finished training in 10.26s                                                                                                                    
client [0]  (testset)   loss: 1.8194 -> 0.9384  accuracy: 26.06% -> 68.48%                                                                                  
  [CKA] Saved checkpoints for round 30 (10 clients) → /home/luis.mendezl/Thesis/logs/runs/cifar10/fedavg/vit_tiny/alpha0.1/seed42/checkpoints/round_0030    
  Starting weight aggregation...                                                                                                                            
  Aggregation completed in 0.05s                                                                                                                            
ROUND 30 FINISHED in 59.15s (Avg: 56.36s)                                                                                                                   
  [Resume] Saved training checkpoint after round 30 →                                                                                                       
/home/luis.mendezl/Thesis/logs/runs/cifar10/fedavg/vit_tiny/alpha0.1/seed42/checkpoints/training_state.pt                                                   
---------------------------- ROUND 31/50 START ----------------------------                                                                                 
Selected clients: [4, 7, 5, 6, 0, 8, 3, 2, 9, 1]                                                                                                            
  [Client 4] Starting local training...                                                                                                                     
  [Client 4] Finished training in 2.70s                                                                                                                     
  [Client 7] Starting local training...                                                                                                                     
  [Client 7] Finished training in 2.06s                                                                                                                     
  [Client 5] Starting local training...                                                                                                                     
  [Client 5] Finished training in 5.86s                                                                                                                     
  [Client 6] Starting local training...                                                                                                                     
  [Client 6] Finished training in 5.79s                                                                                                                     
  [Client 0] Starting local training...                                                                                                                     
  [Client 0] Finished training in 10.19s                                                                                                                    
  [Client 8] Starting local training...                                                                                                                     
  [Client 8] Finished training in 7.30s                                                                                                                     
  [Client 3] Starting local training...                                                                                                                     
  [Client 3] Finished training in 1.18s                                                                                                                     
  [Client 2] Starting local training...                                                                                                                     
  [Client 2] Finished training in 3.56s                                                                                                                     
  [Client 9] Starting local training...                                                                                                                     
  [Client 9] Finished training in 9.85s                                                                                                                     
  [Client 1] Starting local training...                                                                                                                     
  [Client 1] Finished training in 7.40s                                                                                                                     
  Starting weight aggregation...                                                                                                                            
  Aggregation completed in 0.08s                                                                                                                            
ROUND 31 FINISHED in 56.57s (Avg: 56.36s)                                                                                                                   
  [Resume] Saved training checkpoint after round 31 →                                                                                                       
/home/luis.mendezl/Thesis/logs/runs/cifar10/fedavg/vit_tiny/alpha0.1/seed42/checkpoints/training_state.pt                                                   
---------------------------- ROUND 32/50 START ----------------------------                                                                                 
Selected clients: [8, 3, 4, 1, 2, 0, 6, 9, 5, 7]                                                                                                            
  [Client 8] Starting local training...                                                                                                                     
  [Client 8] Finished training in 6.87s                                                                                                                     
  [Client 3] Starting local training...                                                                                                                     
  [Client 3] Finished training in 1.18s                                                                                                                     
  [Client 4] Starting local training...                                                                                                                     
  [Client 4] Finished training in 3.60s                                                                                                                     
  [Client 1] Starting local training...                                                                                                                     
  [Client 1] Finished training in 7.45s                                                                                                                     
  [Client 2] Starting local training...                                                                                                                     
  [Client 2] Finished training in 3.56s                                                                                                                     
  [Client 0] Starting local training...                                                                                                                     
  [Client 0] Finished training in 9.87s                                                                                                                     
  [Client 6] Starting local training...                                                                                                                     
  [Client 6] Finished training in 5.49s                                                                                                                     
  [Client 9] Starting local training...                                                                                                                     
  [Client 9] Finished training in 10.02s                                                                                                                    
  [Client 5] Starting local training...                                                                                                                     
  [Client 5] Finished training in 6.04s                                                                                                                     
  [Client 7] Starting local training...                                                                                                                     
  [Client 7] Finished training in 1.97s                                                                                                                     
  Starting weight aggregation...                                                                                                                            
  Aggregation completed in 0.05s                                                                                                                            
ROUND 32 FINISHED in 56.70s (Avg: 56.37s)                                                                                                                   
  [Resume] Saved training checkpoint after round 32 →                                                                                                       
/home/luis.mendezl/Thesis/logs/runs/cifar10/fedavg/vit_tiny/alpha0.1/seed42/checkpoints/training_state.pt                                                   
---------------------------- ROUND 33/50 START ----------------------------                                                                                 
Selected clients: [7, 8, 4, 9, 5, 6, 0, 2, 1, 3]                                                                                                            
  [Client 7] Starting local training...                                                                                                                     
  [Client 7] Finished training in 1.96s                                                                                                                     
  [Client 8] Starting local training...                                                                                                                     
  [Client 8] Finished training in 7.63s                                                                                                                     
  [Client 4] Starting local training...                                                                                                                     
  [Client 4] Finished training in 2.65s                                                                                                                     
  [Client 9] Starting local training...                                                                                                                     
  [Client 9] Finished training in 10.18s                                                                                                                    
  [Client 5] Starting local training...                                                                                                                     
  [Client 5] Finished training in 6.25s                                                                                                                     
  [Client 6] Starting local training...                                                                                                                     
  [Client 6] Finished training in 5.33s                                                                                                                     
  [Client 0] Starting local training...                                                                                                                     
  [Client 0] Finished training in 10.30s                                                                                                                    
  [Client 2] Starting local training...                                                                                                                     
  [Client 2] Finished training in 3.46s                                                                                                                     
  [Client 1] Starting local training...                                                                                                                     
  [Client 1] Finished training in 7.57s                                                                                                                     
  [Client 3] Starting local training...                                                                                                                     
  [Client 3] Finished training in 1.14s                                                                                                                     
  Starting weight aggregation...                                                                                                                            
  Aggregation completed in 0.05s                                                                                                                            
ROUND 33 FINISHED in 57.15s (Avg: 56.40s)                                                                                                                   
  [Resume] Saved training checkpoint after round 33 →                                                                                                       
/home/luis.mendezl/Thesis/logs/runs/cifar10/fedavg/vit_tiny/alpha0.1/seed42/checkpoints/training_state.pt                                                   
---------------------------- ROUND 34/50 START ----------------------------                                                                                 
Selected clients: [2, 4, 1, 0, 5, 8, 7, 3, 9, 6]                                                                                                            
  [Client 2] Starting local training...                                                                                                                     
  [Client 2] Finished training in 5.15s                                                                                                                     
  [Client 4] Starting local training...                                                                                                                     
  [Client 4] Finished training in 2.64s                                                                                                                     
  [Client 1] Starting local training...                                                                                                                     
  [Client 1] Finished training in 7.46s                                                                                                                     
  [Client 0] Starting local training...                                                                                                                     
  [Client 0] Finished training in 9.72s                                                                                                                     
  [Client 5] Starting local training...                                                                                                                     
  [Client 5] Finished training in 6.20s                                                                                                                     
  [Client 8] Starting local training...                                                                                                                     
  [Client 8] Finished training in 7.59s                                                                                                                     
  [Client 7] Starting local training...                                                                                                                     
  [Client 7] Finished training in 1.98s                                                                                                                     
  [Client 3] Starting local training...                                                                                                                     
  [Client 3] Finished training in 1.20s                                                                                                                     
  [Client 9] Starting local training...                                                                                                                     
  [Client 9] Finished training in 10.12s                                                                                                                    
  [Client 6] Starting local training...                                                                                                                     
  [Client 6] Finished training in 5.39s                                                                                                                     
  Starting weight aggregation...                                                                                                                            
  Aggregation completed in 0.05s                                                                                                                            
ROUND 34 FINISHED in 58.11s (Avg: 56.45s)                                                                                                                   
  [Resume] Saved training checkpoint after round 34 →                                                                                                       
/home/luis.mendezl/Thesis/logs/runs/cifar10/fedavg/vit_tiny/alpha0.1/seed42/checkpoints/training_state.pt                                                   
---------------------------- ROUND 35/50 START ----------------------------                                                                                 
Selected clients: [5, 3, 4, 7, 8, 2, 0, 9, 1, 6]                                                                                                            
  [Client 5] Starting local training...                                                                                                                     
  [Client 5] Finished training in 6.22s                                                                                                                     
  [Client 3] Starting local training...                                                                                                                     
  [Client 3] Finished training in 1.18s                                                                                                                     
  [Client 4] Starting local training...                                                                                                                     
  [Client 4] Finished training in 2.61s                                                                                                                     
  [Client 7] Starting local training...                                                                                                                     
  [Client 7] Finished training in 1.98s                                                                                                                     
  [Client 8] Starting local training...                                                                                                                     
  [Client 8] Finished training in 7.16s                                                                                                                     
  [Client 2] Starting local training...                                                                                                                     
  [Client 2] Finished training in 3.53s                                                                                                                     
  [Client 0] Starting local training...                                                                                                                     
  [Client 0] Finished training in 10.04s                                                                                                                    
  [Client 9] Starting local training...                                                                                                                     
  [Client 9] Finished training in 10.12s                                                                                                                    
  [Client 1] Starting local training...                                                                                                                     
  [Client 1] Finished training in 7.16s                                                                                                                     
  [Client 6] Starting local training...                                                                                                                     
  [Client 6] Finished training in 5.14s                                                                                                                     
  Starting weight aggregation...                                                                                                                            
  Aggregation completed in 0.05s                                                                                                                            
ROUND 35 FINISHED in 55.77s (Avg: 56.43s)                                                                                                                   
  [Resume] Saved training checkpoint after round 35 →                                                                                                       
/home/luis.mendezl/Thesis/logs/runs/cifar10/fedavg/vit_tiny/alpha0.1/seed42/checkpoints/training_state.pt                                                   
---------------------------- ROUND 36/50 START ----------------------------                                                                                 
Selected clients: [0, 9, 5, 6, 1, 2, 7, 4, 3, 8]                                                                                                            
  [Client 0] Starting local training...                                                                                                                     
  [Client 0] Finished training in 10.42s                                                                                                                    
  [Client 9] Starting local training...                                                                                                                     
  [Client 9] Finished training in 10.14s                                                                                                                    
  [Client 5] Starting local training...                                                                                                                     
  [Client 5] Finished training in 6.25s                                                                                                                     
  [Client 6] Starting local training...                                                                                                                     
  [Client 6] Finished training in 5.34s                                                                                                                     
  [Client 1] Starting local training...                                                                                                                     
  [Client 1] Finished training in 7.12s                                                                                                                     
  [Client 2] Starting local training...                                                                                                                     
  [Client 2] Finished training in 3.56s                                                                                                                     
  [Client 7] Starting local training...                                                                                                                     
  [Client 7] Finished training in 1.99s                                                                                                                     
  [Client 4] Starting local training...                                                                                                                     
  [Client 4] Finished training in 2.77s                                                                                                                     
  [Client 3] Starting local training...                                                                                                                     
  [Client 3] Finished training in 1.38s                                                                                                                     
  [Client 8] Starting local training...                                                                                                                     
  [Client 8] Finished training in 7.08s                                                                                                                     
  Starting weight aggregation...                                                                                                                            
  Aggregation completed in 0.06s                                                                                                                            
ROUND 36 FINISHED in 56.70s (Avg: 56.44s)                                                                                                                   
  [Resume] Saved training checkpoint after round 36 →                                                                                                       
/home/luis.mendezl/Thesis/logs/runs/cifar10/fedavg/vit_tiny/alpha0.1/seed42/checkpoints/training_state.pt                                                   
---------------------------- ROUND 37/50 START ----------------------------                                                                                 
Selected clients: [8, 0, 1, 9, 5, 7, 6, 4, 3, 2]                                                                                                            
  [Client 8] Starting local training...                                                                                                                     
  [Client 8] Finished training in 7.09s                                                                                                                     
  [Client 0] Starting local training...                                                                                                                     
  [Client 0] Finished training in 10.40s                                                                                                                    
  [Client 1] Starting local training...                                                                                                                     
  [Client 1] Finished training in 7.07s                                                                                                                     
  [Client 9] Starting local training...                                                                                                                     
  [Client 9] Finished training in 9.97s                                                                                                                     
  [Client 5] Starting local training...                                                                                                                     
  [Client 5] Finished training in 6.12s                                                                                                                     
  [Client 7] Starting local training...                                                                                                                     
  [Client 7] Finished training in 2.04s                                                                                                                     
  [Client 6] Starting local training...                                                                                                                     
  [Client 6] Finished training in 5.36s                                                                                                                     
  [Client 4] Starting local training...                                                                                                                     
  [Client 4] Finished training in 2.50s                                                                                                                     
  [Client 3] Starting local training...                                                                                                                     
  [Client 3] Finished training in 2.78s                                                                                                                     
  [Client 2] Starting local training...                                                                                                                     
  [Client 2] Finished training in 3.44s                                                                                                                     
  Starting weight aggregation...                                                                                                                            
  Aggregation completed in 0.05s                                                                                                                            
ROUND 37 FINISHED in 57.42s (Avg: 56.46s)                                                                                                                   
  [Resume] Saved training checkpoint after round 37 →                                                                                                       
/home/luis.mendezl/Thesis/logs/runs/cifar10/fedavg/vit_tiny/alpha0.1/seed42/checkpoints/training_state.pt                                                   
---------------------------- ROUND 38/50 START ----------------------------                                                                                 
Selected clients: [2, 0, 4, 9, 8, 6, 1, 7, 5, 3]                                                                                                            
  [Client 2] Starting local training...                                                                                                                     
  [Client 2] Finished training in 3.55s                                                                                                                     
  [Client 0] Starting local training...                                                                                                                     
  [Client 0] Finished training in 10.19s                                                                                                                    
  [Client 4] Starting local training...                                                                                                                     
  [Client 4] Finished training in 2.68s                                                                                                                     
  [Client 9] Starting local training...                                                                                                                     
  [Client 9] Finished training in 10.38s                                                                                                                    
  [Client 8] Starting local training...                                                                                                                     
  [Client 8] Finished training in 7.02s                                                                                                                     
  [Client 6] Starting local training...                                                                                                                     
  [Client 6] Finished training in 5.48s                                                                                                                     
  [Client 1] Starting local training...                                                                                                                     
  [Client 1] Finished training in 6.95s                                                                                                                     
  [Client 7] Starting local training...                                                                                                                     
  [Client 7] Finished training in 3.44s                                                                                                                     
  [Client 5] Starting local training...                                                                                                                     
  [Client 5] Finished training in 6.12s                                                                                                                     
  [Client 3] Starting local training...                                                                                                                     
  [Client 3] Finished training in 1.30s                                                                                                                     
  Starting weight aggregation...                                                                                                                            
  Aggregation completed in 0.05s                                                                                                                            
ROUND 38 FINISHED in 57.76s (Avg: 56.50s)                                                                                                                   
  [Resume] Saved training checkpoint after round 38 →                                                                                                       
/home/luis.mendezl/Thesis/logs/runs/cifar10/fedavg/vit_tiny/alpha0.1/seed42/checkpoints/training_state.pt                                                   
---------------------------- ROUND 39/50 START ----------------------------                                                                                 
Selected clients: [5, 8, 6, 4, 9, 1, 7, 0, 2, 3]                                                                                                            
  [Client 5] Starting local training...                                                                                                                     
  [Client 5] Finished training in 6.27s                                                                                                                     
  [Client 8] Starting local training...                                                                                                                     
  [Client 8] Finished training in 7.05s                                                                                                                     
  [Client 6] Starting local training...                                                                                                                     
  [Client 6] Finished training in 5.66s                                                                                                                     
  [Client 4] Starting local training...                                                                                                                     
  [Client 4] Finished training in 2.71s                                                                                                                     
  [Client 9] Starting local training...                                                                                                                     
  [Client 9] Finished training in 10.55s                                                                                                                    
  [Client 1] Starting local training...                                                                                                                     
  [Client 1] Finished training in 6.94s                                                                                                                     
  [Client 7] Starting local training...                                                                                                                     
  [Client 7] Finished training in 1.98s                                                                                                                     
  [Client 0] Starting local training...                                                                                                                     
  [Client 0] Finished training in 10.27s                                                                                                                    
  [Client 2] Starting local training...                                                                                                                     
  [Client 2] Finished training in 3.48s                                                                                                                     
  [Client 3] Starting local training...                                                                                                                     
  [Client 3] Finished training in 1.17s                                                                                                                     
  Starting weight aggregation...                                                                                                                            
  Aggregation completed in 0.05s                                                                                                                            
ROUND 39 FINISHED in 56.73s (Avg: 56.50s)                                                                                                                   
  [Resume] Saved training checkpoint after round 39 →                                                                                                       
/home/luis.mendezl/Thesis/logs/runs/cifar10/fedavg/vit_tiny/alpha0.1/seed42/checkpoints/training_state.pt                                                   
---------------------------- ROUND 40/50 START ----------------------------                                                                                 
Selected clients: [0, 2, 5, 6, 3, 1, 8, 9, 7, 4]                                                                                                            
  [Client 0] Starting local training...                                                                                                                     
  [Client 0] Finished training in 10.74s                                                                                                                    
client [0]  (testset)   loss: 1.9190 -> 0.9171  accuracy: 25.76% -> 65.45%                                                                                  
  [Client 2] Starting local training...                                                                                                                     
  [Client 2] Finished training in 3.37s                                                                                                                     
client [2]  (testset)   loss: 1.6707 -> 0.9530  accuracy: 26.98% -> 58.73%                                                                                  
  [Client 5] Starting local training...                                                                                                                     
  [Client 5] Finished training in 6.18s                                                                                                                     
client [5]  (testset)   loss: 2.1280 -> 0.8583  accuracy: 21.21% -> 63.64%                                                                                  
  [Client 6] Starting local training...                                                                                                                     
  [Client 6] Finished training in 5.43s                                                                                                                     
client [6]  (testset)   loss: 1.6644 -> 0.9601  accuracy: 44.60% -> 71.94%                                                                                  
  [Client 3] Starting local training...                                                                                                                     
  [Client 3] Finished training in 1.17s                                                                                                                     
client [3]  (testset)   loss: 1.9059 -> 1.9059  accuracy: 0.00% -> 0.00%                                                                                    
  [Client 1] Starting local training...                                                                                                                     
  [Client 1] Finished training in 7.27s                                                                                                                     
client [1]  (testset)   loss: 1.4273 -> 0.9616  accuracy: 49.07% -> 68.22%                                                                                  
  [Client 8] Starting local training...                                                                                                                     
  [Client 8] Finished training in 7.45s                                                                                                                     
client [8]  (testset)   loss: 1.7970 -> 1.2292  accuracy: 39.90% -> 52.71%                                                                                  
  [Client 9] Starting local training...                                                                                                                     
  [Client 9] Finished training in 9.83s                                                                                                                     
client [9]  (testset)   loss: 1.9503 -> 0.9809  accuracy: 32.51% -> 61.30%                                                                                  
  [Client 7] Starting local training...                                                                                                                     
  [Client 7] Finished training in 1.93s                                                                                                                     
client [7]  (testset)   loss: 2.5855 -> 1.5931  accuracy: 10.53% -> 42.11%                                                                                  
  [Client 4] Starting local training...                                                                                                                     
  [Client 4] Finished training in 2.73s                                                                                                                     
client [4]  (testset)   loss: 2.7601 -> 1.5312  accuracy: 9.09% -> 51.52%                                                                                   
  [CKA] Saved checkpoints for round 40 (10 clients) → /home/luis.mendezl/Thesis/logs/runs/cifar10/fedavg/vit_tiny/alpha0.1/seed42/checkpoints/round_0040    
  Starting weight aggregation...                                                                                                                            
  Aggregation completed in 0.08s                                                                                                                            
ROUND 40 FINISHED in 59.24s (Avg: 56.57s)                                                                                                                   
  [Resume] Saved training checkpoint after round 40 →                                                                                                       
/home/luis.mendezl/Thesis/logs/runs/cifar10/fedavg/vit_tiny/alpha0.1/seed42/checkpoints/training_state.pt                                                   
---------------------------- ROUND 41/50 START ----------------------------                                                                                 
Selected clients: [0, 7, 3, 1, 8, 2, 4, 9, 5, 6]                                                                                                            
  [Client 0] Starting local training...                                                                                                                     
  [Client 0] Finished training in 10.51s                                                                                                                    
  [Client 7] Starting local training...                                                                                                                     
  [Client 7] Finished training in 1.96s                                                                                                                     
  [Client 3] Starting local training...                                                                                                                     
  [Client 3] Finished training in 1.14s                                                                                                                     
  [Client 1] Starting local training...                                                                                                                     
  [Client 1] Finished training in 7.58s                                                                                                                     
  [Client 8] Starting local training...                                                                                                                     
  [Client 8] Finished training in 6.85s                                                                                                                     
  [Client 2] Starting local training...                                                                                                                     
  [Client 2] Finished training in 3.26s                                                                                                                     
  [Client 4] Starting local training...                                                                                                                     
  [Client 4] Finished training in 3.66s                                                                                                                     
  [Client 9] Starting local training...                                                                                                                     
  [Client 9] Finished training in 10.47s                                                                                                                    
  [Client 5] Starting local training...                                                                                                                     
  [Client 5] Finished training in 6.07s                                                                                                                     
  [Client 6] Starting local training...                                                                                                                     
  [Client 6] Finished training in 5.41s                                                                                                                     
  Starting weight aggregation...                                                                                                                            
  Aggregation completed in 0.11s                                                                                                                            
ROUND 41 FINISHED in 57.63s (Avg: 56.60s)                                                                                                                   
  [Resume] Saved training checkpoint after round 41 →                                                                                                       
/home/luis.mendezl/Thesis/logs/runs/cifar10/fedavg/vit_tiny/alpha0.1/seed42/checkpoints/training_state.pt                                                   
---------------------------- ROUND 42/50 START ----------------------------                                                                                 
Selected clients: [3, 6, 5, 2, 0, 8, 4, 9, 1, 7]                                                                                                            
  [Client 3] Starting local training...                                                                                                                     
  [Client 3] Finished training in 1.11s                                                                                                                     
  [Client 6] Starting local training...                                                                                                                     
  [Client 6] Finished training in 5.60s                                                                                                                     
  [Client 5] Starting local training...                                                                                                                     
  [Client 5] Finished training in 5.83s                                                                                                                     
  [Client 2] Starting local training...                                                                                                                     
  [Client 2] Finished training in 3.43s                                                                                                                     
  [Client 0] Starting local training...                                                                                                                     
  [Client 0] Finished training in 9.84s                                                                                                                     
  [Client 8] Starting local training...                                                                                                                     
  [Client 8] Finished training in 7.86s                                                                                                                     
  [Client 4] Starting local training...                                                                                                                     
  [Client 4] Finished training in 2.61s                                                                                                                     
  [Client 9] Starting local training...                                                                                                                     
  [Client 9] Finished training in 10.06s                                                                                                                    
  [Client 1] Starting local training...                                                                                                                     
  [Client 1] Finished training in 7.64s                                                                                                                     
  [Client 7] Starting local training...                                                                                                                     
  [Client 7] Finished training in 1.99s                                                                                                                     
  Starting weight aggregation...                                                                                                                            
  Aggregation completed in 0.05s                                                                                                                            
ROUND 42 FINISHED in 56.63s (Avg: 56.60s)                                                                                                                   
  [Resume] Saved training checkpoint after round 42 →                                                                                                       
/home/luis.mendezl/Thesis/logs/runs/cifar10/fedavg/vit_tiny/alpha0.1/seed42/checkpoints/training_state.pt                                                   
---------------------------- ROUND 43/50 START ----------------------------                                                                                 
Selected clients: [0, 1, 4, 8, 7, 2, 9, 3, 6, 5]                                                                                                            
  [Client 0] Starting local training...                                                                                                                     
  [Client 0] Finished training in 9.87s                                                                                                                     
  [Client 1] Starting local training...                                                                                                                     
  [Client 1] Finished training in 7.23s                                                                                                                     
  [Client 4] Starting local training...                                                                                                                     
  [Client 4] Finished training in 2.62s                                                                                                                     
  [Client 8] Starting local training...                                                                                                                     
  [Client 8] Finished training in 7.57s                                                                                                                     
  [Client 7] Starting local training...                                                                                                                     
  [Client 7] Finished training in 1.98s                                                                                                                     
  [Client 2] Starting local training...                                                                                                                     
  [Client 2] Finished training in 3.51s                                                                                                                     
  [Client 9] Starting local training...                                                                                                                     
  [Client 9] Finished training in 10.12s                                                                                                                    
  [Client 3] Starting local training...                                                                                                                     
  [Client 3] Finished training in 1.15s                                                                                                                     
  [Client 6] Starting local training...                                                                                                                     
  [Client 6] Finished training in 5.39s                                                                                                                     
  [Client 5] Starting local training...                                                                                                                     
  [Client 5] Finished training in 6.04s                                                                                                                     
  Starting weight aggregation...                                                                                                                            
  Aggregation completed in 0.11s                                                                                                                            
ROUND 43 FINISHED in 56.19s (Avg: 56.59s)                                                                                                                   
  [Resume] Saved training checkpoint after round 43 →                                                                                                       
/home/luis.mendezl/Thesis/logs/runs/cifar10/fedavg/vit_tiny/alpha0.1/seed42/checkpoints/training_state.pt                                                   
---------------------------- ROUND 44/50 START ----------------------------                                                                                 
Selected clients: [5, 6, 1, 3, 4, 7, 2, 0, 9, 8]                                                                                                            
  [Client 5] Starting local training...                                                                                                                     
  [Client 5] Finished training in 6.07s                                                                                                                     
  [Client 6] Starting local training...                                                                                                                     
  [Client 6] Finished training in 5.62s                                                                                                                     
  [Client 1] Starting local training...                                                                                                                     
  [Client 1] Finished training in 7.03s                                                                                                                     
  [Client 3] Starting local training...                                                                                                                     
  [Client 3] Finished training in 1.15s                                                                                                                     
  [Client 4] Starting local training...                                                                                                                     
  [Client 4] Finished training in 3.81s                                                                                                                     
  [Client 7] Starting local training...                                                                                                                     
  [Client 7] Finished training in 2.06s                                                                                                                     
  [Client 2] Starting local training...                                                                                                                     
  [Client 2] Finished training in 3.34s                                                                                                                     
  [Client 0] Starting local training...                                                                                                                     
  [Client 0] Finished training in 10.04s                                                                                                                    
  [Client 9] Starting local training...                                                                                                                     
  [Client 9] Finished training in 9.89s                                                                                                                     
  [Client 8] Starting local training...                                                                                                                     
  [Client 8] Finished training in 7.23s                                                                                                                     
  Starting weight aggregation...                                                                                                                            
  Aggregation completed in 0.05s                                                                                                                            
ROUND 44 FINISHED in 56.88s (Avg: 56.60s)                                                                                                                   
  [Resume] Saved training checkpoint after round 44 →                                                                                                       
/home/luis.mendezl/Thesis/logs/runs/cifar10/fedavg/vit_tiny/alpha0.1/seed42/checkpoints/training_state.pt                                                   
---------------------------- ROUND 45/50 START ----------------------------                                                                                 
Selected clients: [8, 9, 3, 2, 7, 0, 6, 5, 1, 4]                                                                                                            
  [Client 8] Starting local training...                                                                                                                     
  [Client 8] Finished training in 7.25s                                                                                                                     
  [Client 9] Starting local training...                                                                                                                     
  [Client 9] Finished training in 9.92s                                                                                                                     
  [Client 3] Starting local training...                                                                                                                     
  [Client 3] Finished training in 1.94s                                                                                                                     
  [Client 2] Starting local training...                                                                                                                     
  [Client 2] Finished training in 3.65s                                                                                                                     
  [Client 7] Starting local training...                                                                                                                     
  [Client 7] Finished training in 2.03s                                                                                                                     
  [Client 0] Starting local training...                                                                                                                     
  [Client 0] Finished training in 10.07s                                                                                                                    
  [Client 6] Starting local training...                                                                                                                     
  [Client 6] Finished training in 5.57s                                                                                                                     
  [Client 5] Starting local training...                                                                                                                     
  [Client 5] Finished training in 5.75s                                                                                                                     
  [Client 1] Starting local training...                                                                                                                     
  [Client 1] Finished training in 7.76s                                                                                                                     
  [Client 4] Starting local training...                                                                                                                     
  [Client 4] Finished training in 2.66s                                                                                                                     
  Starting weight aggregation...                                                                                                                            
  Aggregation completed in 0.05s                                                                                                                            
ROUND 45 FINISHED in 57.26s (Avg: 56.61s)                                                                                                                   
  [Resume] Saved training checkpoint after round 45 →                                                                                                       
/home/luis.mendezl/Thesis/logs/runs/cifar10/fedavg/vit_tiny/alpha0.1/seed42/checkpoints/training_state.pt                                                   
---------------------------- ROUND 46/50 START ----------------------------                                                                                 
Selected clients: [4, 8, 9, 5, 3, 2, 6, 7, 1, 0]                                                                                                            
  [Client 4] Starting local training...                                                                                                                     
  [Client 4] Finished training in 2.51s                                                                                                                     
  [Client 8] Starting local training...                                                                                                                     
  [Client 8] Finished training in 6.89s                                                                                                                     
  [Client 9] Starting local training...                                                                                                                     
  [Client 9] Finished training in 10.35s                                                                                                                    
  [Client 5] Starting local training...                                                                                                                     
  [Client 5] Finished training in 6.00s                                                                                                                     
  [Client 3] Starting local training...                                                                                                                     
  [Client 3] Finished training in 1.14s                                                                                                                     
  [Client 2] Starting local training...                                                                                                                     
  [Client 2] Finished training in 3.30s                                                                                                                     
  [Client 6] Starting local training...                                                                                                                     
  [Client 6] Finished training in 5.56s                                                                                                                     
  [Client 7] Starting local training...                                                                                                                     
  [Client 7] Finished training in 1.93s                                                                                                                     
  [Client 1] Starting local training...                                                                                                                     
  [Client 1] Finished training in 7.84s                                                                                                                     
  [Client 0] Starting local training...                                                                                                                     
  [Client 0] Finished training in 9.81s                                                                                                                     
  Starting weight aggregation...                                                                                                                            
  Aggregation completed in 0.10s                                                                                                                            
ROUND 46 FINISHED in 56.00s (Avg: 56.60s)                                                                                                                   
  [Resume] Saved training checkpoint after round 46 →                                                                                                       
/home/luis.mendezl/Thesis/logs/runs/cifar10/fedavg/vit_tiny/alpha0.1/seed42/checkpoints/training_state.pt                                                   
---------------------------- ROUND 47/50 START ----------------------------                                                                                 
Selected clients: [3, 6, 8, 5, 7, 1, 2, 4, 0, 9]                                                                                                            
  [Client 3] Starting local training...                                                                                                                     
  [Client 3] Finished training in 1.14s                                                                                                                     
  [Client 6] Starting local training...                                                                                                                     
  [Client 6] Finished training in 5.26s                                                                                                                     
  [Client 8] Starting local training...                                                                                                                     
  [Client 8] Finished training in 7.37s                                                                                                                     
  [Client 5] Starting local training...                                                                                                                     
  [Client 5] Finished training in 5.90s                                                                                                                     
  [Client 7] Starting local training...                                                                                                                     
  [Client 7] Finished training in 2.02s                                                                                                                     
  [Client 1] Starting local training...                                                                                                                     
  [Client 1] Finished training in 7.63s                                                                                                                     
  [Client 2] Starting local training...                                                                                                                     
  [Client 2] Finished training in 3.47s                                                                                                                     
  [Client 4] Starting local training...                                                                                                                     
  [Client 4] Finished training in 2.64s                                                                                                                     
  [Client 0] Starting local training...                                                                                                                     
  [Client 0] Finished training in 10.55s                                                                                                                    
  [Client 9] Starting local training...                                                                                                                     
  [Client 9] Finished training in 9.81s                                                                                                                     
  Starting weight aggregation...                                                                                                                            
  Aggregation completed in 0.07s                                                                                                                            
ROUND 47 FINISHED in 56.44s (Avg: 56.59s)                                                                                                                   
  [Resume] Saved training checkpoint after round 47 →                                                                                                       
/home/luis.mendezl/Thesis/logs/runs/cifar10/fedavg/vit_tiny/alpha0.1/seed42/checkpoints/training_state.pt                                                   
---------------------------- ROUND 48/50 START ----------------------------                                                                                 
Selected clients: [4, 3, 6, 7, 9, 5, 2, 1, 8, 0]                                                                                                            
  [Client 4] Starting local training...                                                                                                                     
  [Client 4] Finished training in 2.39s                                                                                                                     
  [Client 3] Starting local training...                                                                                                                     
  [Client 3] Finished training in 1.01s                                                                                                                     
  [Client 6] Starting local training...                                                                                                                     
  [Client 6] Finished training in 5.58s                                                                                                                     
  [Client 7] Starting local training...                                                                                                                     
  [Client 7] Finished training in 1.94s                                                                                                                     
  [Client 9] Starting local training...                                                                                                                     
  [Client 9] Finished training in 9.94s                                                                                                                     
  [Client 5] Starting local training...                                                                                                                     
  [Client 5] Finished training in 6.04s                                                                                                                     
  [Client 2] Starting local training...                                                                                                                     
  [Client 2] Finished training in 3.14s                                                                                                                     
  [Client 1] Starting local training...                                                                                                                     
  [Client 1] Finished training in 7.64s                                                                                                                     
  [Client 8] Starting local training...                                                                                                                     
  [Client 8] Finished training in 6.71s                                                                                                                     
  [Client 0] Starting local training...                                                                                                                     
  [Client 0] Finished training in 9.77s                                                                                                                     
  Starting weight aggregation...                                                                                                                            
  Aggregation completed in 0.10s                                                                                                                            
ROUND 48 FINISHED in 54.85s (Avg: 56.56s)                                                                                                                   
  [Resume] Saved training checkpoint after round 48 →                                                                                                       
/home/luis.mendezl/Thesis/logs/runs/cifar10/fedavg/vit_tiny/alpha0.1/seed42/checkpoints/training_state.pt                                                   
---------------------------- ROUND 49/50 START ----------------------------                                                                                 
Selected clients: [3, 8, 7, 6, 5, 1, 0, 4, 2, 9]                                                                                                            
  [Client 3] Starting local training...                                                                                                                     
  [Client 3] Finished training in 1.17s                                                                                                                     
  [Client 8] Starting local training...                                                                                                                     
  [Client 8] Finished training in 7.71s                                                                                                                     
  [Client 7] Starting local training...                                                                                                                     
  [Client 7] Finished training in 2.04s                                                                                                                     
  [Client 6] Starting local training...                                                                                                                     
  [Client 6] Finished training in 5.38s                                                                                                                     
  [Client 5] Starting local training...                                                                                                                     
  [Client 5] Finished training in 6.04s                                                                                                                     
  [Client 1] Starting local training...                                                                                                                     
  [Client 1] Finished training in 7.27s                                                                                                                     
  [Client 0] Starting local training...                                                                                                                     
  [Client 0] Finished training in 9.84s                                                                                                                     
  [Client 4] Starting local training...                                                                                                                     
  [Client 4] Finished training in 2.63s                                                                                                                     
  [Client 2] Starting local training...                                                                                                                     
  [Client 2] Finished training in 3.49s                                                                                                                     
  [Client 9] Starting local training...                                                                                                                     
  [Client 9] Finished training in 10.12s                                                                                                                    
  Starting weight aggregation...                                                                                                                            
  Aggregation completed in 0.05s                                                                                                                            
ROUND 49 FINISHED in 56.33s (Avg: 56.55s)                                                                                                                   
  [Resume] Saved training checkpoint after round 49 →                                                                                                       
/home/luis.mendezl/Thesis/logs/runs/cifar10/fedavg/vit_tiny/alpha0.1/seed42/checkpoints/training_state.pt                                                   
---------------------------- ROUND 50/50 START ----------------------------                                                                                 
Selected clients: [3, 4, 9, 6, 1, 5, 0, 7, 2, 8]                                                                                                            
  [Client 3] Starting local training...                                                                                                                     
  [Client 3] Finished training in 1.17s                                                                                                                     
client [3]  (testset)   loss: 1.5215 -> 1.5215  accuracy: 37.50% -> 37.50%                                                                                  
  [Client 4] Starting local training...                                                                                                                     
  [Client 4] Finished training in 3.59s                                                                                                                     
client [4]  (testset)   loss: 2.6953 -> 1.5376  accuracy: 9.09% -> 45.45%                                                                                   
  [Client 9] Starting local training...                                                                                                                     
  [Client 9] Finished training in 10.08s                                                                                                                    
client [9]  (testset)   loss: 1.9318 -> 0.9324  accuracy: 33.13% -> 62.85%                                                                                  
  [Client 6] Starting local training...                                                                                                                     
  [Client 6] Finished training in 5.39s                                                                                                                     
client [6]  (testset)   loss: 1.6667 -> 0.9388  accuracy: 44.60% -> 73.38%                                                                                  
  [Client 1] Starting local training...                                                                                                                     
  [Client 1] Finished training in 7.21s                                                                                                                     
client [1]  (testset)   loss: 1.5244 -> 0.9962  accuracy: 43.93% -> 66.82%                                                                                  
  [Client 5] Starting local training...                                                                                                                     
  [Client 5] Finished training in 6.30s                                                                                                                     
client [5]  (testset)   loss: 2.0025 -> 0.7532  accuracy: 24.24% -> 68.48%                                                                                  
  [Client 0] Starting local training...                                                                                                                     
  [Client 0] Finished training in 9.92s                                                                                                                     
client [0]  (testset)   loss: 1.8919 -> 0.8923  accuracy: 26.67% -> 68.48%                                                                                  
  [Client 7] Starting local training...                                                                                                                     
  [Client 7] Finished training in 1.95s                                                                                                                     
client [7]  (testset)   loss: 2.6131 -> 1.6005  accuracy: 10.53% -> 42.11%                                                                                  
  [Client 2] Starting local training...                                                                                                                     
  [Client 2] Finished training in 3.50s                                                                                                                     
client [2]  (testset)   loss: 1.5418 -> 0.9521  accuracy: 36.51% -> 65.08%                                                                                  
  [Client 8] Starting local training...                                                                                                                     
  [Client 8] Finished training in 6.94s                                                                                                                     
client [8]  (testset)   loss: 1.6907 -> 1.2075  accuracy: 42.36% -> 55.17%                                                                                  
  [CKA] Saved checkpoints for round 50 (10 clients) → /home/luis.mendezl/Thesis/logs/runs/cifar10/fedavg/vit_tiny/alpha0.1/seed42/checkpoints/round_0050    
  Starting weight aggregation...                                                                                                                            
  Aggregation completed in 0.05s                                                                                                                            
ROUND 50 FINISHED in 59.11s (Avg: 56.60s)                                                                                                                   
  [Resume] Saved training checkpoint after round 50 →                                                                                                       
/home/luis.mendezl/Thesis/logs/runs/cifar10/fedavg/vit_tiny/alpha0.1/seed42/checkpoints/training_state.pt                                                   
CKADriftFedAvg's average time taken by each global epoch: 0 min 56.60 sec.                                                                                  
CKADriftFedAvg's total running time: 0 h 53 m 26 s.                                                                                                         
==================== CKADriftFedAvg Experiment Results: ====================                                                                                
Display format: (before local fine-tuning) -> (after local fine-tuning)                                                                                     
 So if finetune_epoch = 0, x.xx% -> 0.00% is normal.                                                                                                        
 Centralized testing ONLY happens after model aggregation, so the stats between '->' are the same.                                                          
{                                                                                                                                                           
    "1": {                                                                                                                                                  
        "centralized": {                                                                                                                                    
            "test": {                                                                                                                                       
                "loss": "2.6615 -> 2.6615",                                                                                                                 
                "accuracy": "18.77% -> 18.77%"                                                                                                              
            }                                                                                                                                               
        },                                                                                                                                                  
        "all_clients": {                                                                                                                                    
            "test": {                                                                                                                                       
                "loss": "2.6615 -> 0.0000",                                                                                                                 
                "accuracy": "18.77% -> 0.00%"                                                                                                               
            }                                                                                                                                               
        }                                                                                                                                                   
    },                                                                                                                                                      
    "2": {                                                                                                                                                  
        "centralized": {                                                                                                                                    
            "test": {                                                                                                                                       
                "loss": "2.6196 -> 2.6196",                                                                                                                 
                "accuracy": "16.03% -> 16.03%"                                                                                                              
            }                                                                                                                                               
        },                                                                                                                                                  
        "all_clients": {                                                                                                                                    
            "test": {                                                                                                                                       
                "loss": "2.6196 -> 0.0000",                                                                                                                 
                "accuracy": "16.03% -> 0.00%"                                                                                                               
            }                                                                                                                                               
        }                                                                                                                                                   
    },                                                                                                                                                      
    "3": {                                                                                                                                                  
        "centralized": {                                                                                                                                    
            "test": {                                                                                                                                       
                "loss": "3.0650 -> 3.0650",                                                                                                                 
                "accuracy": "17.43% -> 17.43%"                                                                                                              
            }                                                                                                                                               
        },                                                                                                                                                  
        "all_clients": {                                                                                                                                    
            "test": {                                                                                                                                       
                "loss": "3.0650 -> 0.0000",                                                                                                                 
                "accuracy": "17.43% -> 0.00%"                                                                                                               
            }                                                                                                                                               
        }                                                                                                                                                   
    },                                                                                                                                                      
    "4": {                                                                                                                                                  
        "centralized": {                                                                                                                                    
            "test": {                                                                                                                                       
                "loss": "2.3165 -> 2.3165",                                                                                                                 
                "accuracy": "20.57% -> 20.57%"                                                                                                              
            }                                                                                                                                               
        },                                                                                                                                                  
        "all_clients": {                                                                                                                                    
            "test": {                                                                                                                                       
                "loss": "2.3165 -> 0.0000",                                                                                                                 
                "accuracy": "20.57% -> 0.00%"                                                                                                               
            }                                                                                                                                               
        }                                                                                                                                                   
    },                                                                                                                                                      
    "5": {                                                                                                                                                  
        "centralized": {                                                                                                                                    
            "test": {                                                                                                                                       
                "loss": "2.5259 -> 2.5259",                                                                                                                 
                "accuracy": "16.83% -> 16.83%"                                                                                                              
            }                                                                                                                                               
        },                                                                                                                                                  
        "all_clients": {                                                                                                                                    
            "test": {                                                                                                                                       
                "loss": "2.5259 -> 0.0000",                                                                                                                 
                "accuracy": "16.83% -> 0.00%"                                                                                                               
            }                                                                                                                                               
        }                                                                                                                                                   
    },                                                                                                                                                      
    "6": {                                                                                                                                                  
        "centralized": {                                                                                                                                    
            "test": {                                                                                                                                       
                "loss": "2.1944 -> 2.1944",                                                                                                                 
                "accuracy": "21.31% -> 21.31%"                                                                                                              
            }                                                                                                                                               
        },                                                                                                                                                  
        "all_clients": {                                                                                                                                    
            "test": {                                                                                                                                       
                "loss": "2.1944 -> 0.0000",                                                                                                                 
                "accuracy": "21.31% -> 0.00%"                                                                                                               
            }                                                                                                                                               
        }                                                                                                                                                   
    },                                                                                                                                                      
    "7": {                                                                                                                                                  
        "centralized": {                                                                                                                                    
            "test": {                                                                                                                                       
                "loss": "2.3014 -> 2.3014",                                                                                                                 
                "accuracy": "17.30% -> 17.30%"                                                                                                              
            }                                                                                                                                               
        },                                                                                                                                                  
        "all_clients": {                                                                                                                                    
            "test": {                                                                                                                                       
                "loss": "2.3014 -> 0.0000",                                                                                                                 
                "accuracy": "17.30% -> 0.00%"                                                                                                               
            }                                                                                                                                               
        }                                                                                                                                                   
    },                                                                                                                                                      
    "8": {                                                                                                                                                  
        "centralized": {                                                                                                                                    
            "test": {                                                                                                                                       
                "loss": "2.0062 -> 2.0062",                                                                                                                 
                "accuracy": "27.19% -> 27.19%"                                                                                                              
            }                                                                                                                                               
        },                                                                                                                                                  
        "all_clients": {                                                                                                                                    
            "test": {                                                                                                                                       
                "loss": "2.0062 -> 0.0000",                                                                                                                 
                "accuracy": "27.19% -> 0.00%"                                                                                                               
            }                                                                                                                                               
        }                                                                                                                                                   
    },                                                                                                                                                      
    "9": {                                                                                                                                                  
        "centralized": {                                                                                                                                    
            "test": {                                                                                                                                       
                "loss": "2.0603 -> 2.0603",                                                                                                                 
                "accuracy": "20.71% -> 20.71%"                                                                                                              
            }                                                                                                                                               
        },                                                                                                                                                  
        "all_clients": {                                                                                                                                    
            "test": {                                                                                                                                       
                "loss": "2.0603 -> 0.0000",                                                                                                                 
                "accuracy": "20.71% -> 0.00%"                                                                                                               
            }                                                                                                                                               
        }                                                                                                                                                   
    },                                                                                                                                                      
    "10": {                                                                                                                                                 
        "centralized": {                                                                                                                                    
            "test": {                                                                                                                                       
                "loss": "1.9476 -> 1.9476",                                                                                                                 
                "accuracy": "27.12% -> 27.12%"                                                                                                              
            }                                                                                                                                               
        },                                                                                                                                                  
        "all_clients": {                                                                                                                                    
            "test": {                                                                                                                                       
                "loss": "1.9476 -> 0.0000",                                                                                                                 
                "accuracy": "27.12% -> 0.00%"                                                                                                               
            }                                                                                                                                               
        }                                                                                                                                                   
    },                                                                                                                                                      
    "11": {                                                                                                                                                 
        "centralized": {                                                                                                                                    
            "test": {                                                                                                                                       
                "loss": "2.0499 -> 2.0499",                                                                                                                 
                "accuracy": "22.85% -> 22.85%"                                                                                                              
            }                                                                                                                                               
        },                                                                                                                                                  
        "all_clients": {                                                                                                                                    
            "test": {                                                                                                                                       
                "loss": "2.0499 -> 0.0000",                                                                                                                 
                "accuracy": "22.85% -> 0.00%"                                                                                                               
            }                                                                                                                                               
        }                                                                                                                                                   
    },                                                                                                                                                      
    "12": {                                                                                                                                                 
        "centralized": {                                                                                                                                    
            "test": {                                                                                                                                       
                "loss": "1.9245 -> 1.9245",                                                                                                                 
                "accuracy": "27.52% -> 27.52%"                                                                                                              
            }                                                                                                                                               
        },                                                                                                                                                  
        "all_clients": {                                                                                                                                    
            "test": {                                                                                                                                       
                "loss": "1.9245 -> 0.0000",                                                                                                                 
                "accuracy": "27.52% -> 0.00%"                                                                                                               
            }                                                                                                                                               
        }                                                                                                                                                   
    },                                                                                                                                                      
    "13": {                                                                                                                                                 
        "centralized": {                                                                                                                                    
            "test": {                                                                                                                                       
                "loss": "2.0357 -> 2.0357",                                                                                                                 
                "accuracy": "22.38% -> 22.38%"                                                                                                              
            }                                                                                                                                               
        },                                                                                                                                                  
        "all_clients": {                                                                                                                                    
            "test": {                                                                                                                                       
                "loss": "2.0357 -> 0.0000",                                                                                                                 
                "accuracy": "22.38% -> 0.00%"                                                                                                               
            }                                                                                                                                               
        }                                                                                                                                                   
    },                                                                                                                                                      
    "14": {                                                                                                                                                 
        "centralized": {                                                                                                                                    
            "test": {                                                                                                                                       
                "loss": "1.9139 -> 1.9139",                                                                                                                 
                "accuracy": "29.06% -> 29.06%"                                                                                                              
            }                                                                                                                                               
        },                                                                                                                                                  
        "all_clients": {                                                                                                                                    
            "test": {                                                                                                                                       
                "loss": "1.9139 -> 0.0000",                                                                                                                 
                "accuracy": "29.06% -> 0.00%"                                                                                                               
            }                                                                                                                                               
        }                                                                                                                                                   
    },                                                                                                                                                      
    "15": {                                                                                                                                                 
        "centralized": {                                                                                                                                    
            "test": {                                                                                                                                       
                "loss": "2.0205 -> 2.0205",                                                                                                                 
                "accuracy": "24.05% -> 24.05%"                                                                                                              
            }                                                                                                                                               
        },                                                                                                                                                  
        "all_clients": {                                                                                                                                    
            "test": {                                                                                                                                       
                "loss": "2.0205 -> 0.0000",                                                                                                                 
                "accuracy": "24.05% -> 0.00%"                                                                                                               
            }                                                                                                                                               
        }                                                                                                                                                   
    },                                                                                                                                                      
    "16": {                                                                                                                                                 
        "centralized": {                                                                                                                                    
            "test": {                                                                                                                                       
                "loss": "1.8662 -> 1.8662",                                                                                                                 
                "accuracy": "30.39% -> 30.39%"                                                                                                              
            }                                                                                                                                               
        },                                                                                                                                                  
        "all_clients": {                                                                                                                                    
            "test": {                                                                                                                                       
                "loss": "1.8662 -> 0.0000",                                                                                                                 
                "accuracy": "30.39% -> 0.00%"                                                                                                               
            }                                                                                                                                               
        }                                                                                                                                                   
    },                                                                                                                                                      
    "17": {                                                                                                                                                 
        "centralized": {                                                                                                                                    
            "test": {                                                                                                                                       
                "loss": "1.9560 -> 1.9560",                                                                                                                 
                "accuracy": "25.78% -> 25.78%"                                                                                                              
            }                                                                                                                                               
        },                                                                                                                                                  
        "all_clients": {                                                                                                                                    
            "test": {                                                                                                                                       
                "loss": "1.9560 -> 0.0000",                                                                                                                 
                "accuracy": "25.78% -> 0.00%"                                                                                                               
            }                                                                                                                                               
        }                                                                                                                                                   
    },                                                                                                                                                      
    "18": {                                                                                                                                                 
        "centralized": {                                                                                                                                    
            "test": {                                                                                                                                       
                "loss": "1.8490 -> 1.8490",                                                                                                                 
                "accuracy": "30.79% -> 30.79%"                                                                                                              
            }                                                                                                                                               
        },                                                                                                                                                  
        "all_clients": {                                                                                                                                    
            "test": {                                                                                                                                       
                "loss": "1.8490 -> 0.0000",                                                                                                                 
                "accuracy": "30.79% -> 0.00%"                                                                                                               
            }                                                                                                                                               
        }                                                                                                                                                   
    },                                                                                                                                                      
    "19": {                                                                                                                                                 
        "centralized": {                                                                                                                                    
            "test": {                                                                                                                                       
                "loss": "1.9015 -> 1.9015",                                                                                                                 
                "accuracy": "28.19% -> 28.19%"                                                                                                              
            }                                                                                                                                               
        },                                                                                                                                                  
        "all_clients": {                                                                                                                                    
            "test": {                                                                                                                                       
                "loss": "1.9015 -> 0.0000",                                                                                                                 
                "accuracy": "28.19% -> 0.00%"                                                                                                               
            }                                                                                                                                               
        }                                                                                                                                                   
    },                                                                                                                                                      
    "20": {                                                                                                                                                 
        "centralized": {                                                                                                                                    
            "test": {                                                                                                                                       
                "loss": "1.8476 -> 1.8476",                                                                                                                 
                "accuracy": "31.46% -> 31.46%"                                                                                                              
            }                                                                                                                                               
        },                                                                                                                                                  
        "all_clients": {                                                                                                                                    
            "test": {                                                                                                                                       
                "loss": "1.8476 -> 0.0000",                                                                                                                 
                "accuracy": "31.46% -> 0.00%"                                                                                                               
            }                                                                                                                                               
        }                                                                                                                                                   
    },                                                                                                                                                      
    "21": {                                                                                                                                                 
        "centralized": {                                                                                                                                    
            "test": {                                                                                                                                       
                "loss": "1.9046 -> 1.9046",                                                                                                                 
                "accuracy": "29.12% -> 29.12%"                                                                                                              
            }                                                                                                                                               
        },                                                                                                                                                  
        "all_clients": {                                                                                                                                    
            "test": {                                                                                                                                       
                "loss": "1.9046 -> 0.0000",                                                                                                                 
                "accuracy": "29.12% -> 0.00%"                                                                                                               
            }                                                                                                                                               
        }                                                                                                                                                   
    },                                                                                                                                                      
    "22": {                                                                                                                                                 
        "centralized": {                                                                                                                                    
            "test": {                                                                                                                                       
                "loss": "1.8933 -> 1.8933",                                                                                                                 
                "accuracy": "29.12% -> 29.12%"                                                                                                              
            }                                                                                                                                               
        },                                                                                                                                                  
        "all_clients": {                                                                                                                                    
            "test": {                                                                                                                                       
                "loss": "1.8933 -> 0.0000",                                                                                                                 
                "accuracy": "29.12% -> 0.00%"                                                                                                               
            }                                                                                                                                               
        }                                                                                                                                                   
    },                                                                                                                                                      
    "23": {                                                                                                                                                 
        "centralized": {                                                                                                                                    
            "test": {                                                                                                                                       
                "loss": "1.8444 -> 1.8444",                                                                                                                 
                "accuracy": "30.86% -> 30.86%"                                                                                                              
            }                                                                                                                                               
        },                                                                                                                                                  
        "all_clients": {                                                                                                                                    
            "test": {                                                                                                                                       
                "loss": "1.8444 -> 0.0000",                                                                                                                 
                "accuracy": "30.86% -> 0.00%"                                                                                                               
            }                                                                                                                                               
        }                                                                                                                                                   
    },                                                                                                                                                      
    "24": {                                                                                                                                                 
        "centralized": {                                                                                                                                    
            "test": {                                                                                                                                       
                "loss": "1.9107 -> 1.9107",                                                                                                                 
                "accuracy": "28.99% -> 28.99%"                                                                                                              
            }                                                                                                                                               
        },                                                                                                                                                  
        "all_clients": {                                                                                                                                    
            "test": {                                                                                                                                       
                "loss": "1.9107 -> 0.0000",                                                                                                                 
                "accuracy": "28.99% -> 0.00%"                                                                                                               
            }                                                                                                                                               
        }                                                                                                                                                   
    },                                                                                                                                                      
    "25": {                                                                                                                                                 
        "centralized": {                                                                                                                                    
            "test": {                                                                                                                                       
                "loss": "1.8310 -> 1.8310",                                                                                                                 
                "accuracy": "31.73% -> 31.73%"                                                                                                              
            }                                                                                                                                               
        },                                                                                                                                                  
        "all_clients": {                                                                                                                                    
            "test": {                                                                                                                                       
                "loss": "1.8310 -> 0.0000",                                                                                                                 
                "accuracy": "31.73% -> 0.00%"                                                                                                               
            }                                                                                                                                               
        }                                                                                                                                                   
    },                                                                                                                                                      
    "26": {                                                                                                                                                 
        "centralized": {                                                                                                                                    
            "test": {                                                                                                                                       
                "loss": "1.8919 -> 1.8919",                                                                                                                 
                "accuracy": "29.53% -> 29.53%"                                                                                                              
            }                                                                                                                                               
        },                                                                                                                                                  
        "all_clients": {                                                                                                                                    
            "test": {                                                                                                                                       
                "loss": "1.8919 -> 0.0000",                                                                                                                 
                "accuracy": "29.53% -> 0.00%"                                                                                                               
            }                                                                                                                                               
        }                                                                                                                                                   
    },                                                                                                                                                      
    "27": {                                                                                                                                                 
        "centralized": {                                                                                                                                    
            "test": {                                                                                                                                       
                "loss": "1.8392 -> 1.8392",                                                                                                                 
                "accuracy": "30.79% -> 30.79%"                                                                                                              
            }                                                                                                                                               
        },                                                                                                                                                  
        "all_clients": {                                                                                                                                    
            "test": {                                                                                                                                       
                "loss": "1.8392 -> 0.0000",                                                                                                                 
                "accuracy": "30.79% -> 0.00%"                                                                                                               
            }                                                                                                                                               
        }                                                                                                                                                   
    },                                                                                                                                                      
    "28": {                                                                                                                                                 
        "centralized": {                                                                                                                                    
            "test": {                                                                                                                                       
                "loss": "1.8670 -> 1.8670",                                                                                                                 
                "accuracy": "31.06% -> 31.06%"                                                                                                              
            }                                                                                                                                               
        },                                                                                                                                                  
        "all_clients": {                                                                                                                                    
            "test": {                                                                                                                                       
                "loss": "1.8670 -> 0.0000",                                                                                                                 
                "accuracy": "31.06% -> 0.00%"                                                                                                               
            }                                                                                                                                               
        }                                                                                                                                                   
    },                                                                                                                                                      
    "29": {                                                                                                                                                 
        "centralized": {                                                                                                                                    
            "test": {                                                                                                                                       
                "loss": "1.8273 -> 1.8273",                                                                                                                 
                "accuracy": "32.00% -> 32.00%"                                                                                                              
            }                                                                                                                                               
        },                                                                                                                                                  
        "all_clients": {                                                                                                                                    
            "test": {                                                                                                                                       
                "loss": "1.8273 -> 0.0000",                                                                                                                 
                "accuracy": "32.00% -> 0.00%"                                                                                                               
            }                                                                                                                                               
        }                                                                                                                                                   
    },                                                                                                                                                      
    "30": {                                                                                                                                                 
        "centralized": {                                                                                                                                    
            "test": {                                                                                                                                       
                "loss": "1.8591 -> 1.8591",                                                                                                                 
                "accuracy": "31.60% -> 31.60%"                                                                                                              
            }                                                                                                                                               
        },                                                                                                                                                  
        "all_clients": {                                                                                                                                    
            "test": {                                                                                                                                       
                "loss": "1.8591 -> 0.0000",                                                                                                                 
                "accuracy": "31.60% -> 0.00%"                                                                                                               
            }                                                                                                                                               
        }                                                                                                                                                   
    },                                                                                                                                                      
    "31": {                                                                                                                                                 
        "centralized": {                                                                                                                                    
            "test": {                                                                                                                                       
                "loss": "1.8797 -> 1.8797",                                                                                                                 
                "accuracy": "30.73% -> 30.73%"                                                                                                              
            }                                                                                                                                               
        },                                                                                                                                                  
        "all_clients": {                                                                                                                                    
            "test": {                                                                                                                                       
                "loss": "1.8797 -> 0.0000",                                                                                                                 
                "accuracy": "30.73% -> 0.00%"                                                                                                               
            }                                                                                                                                               
        }                                                                                                                                                   
    },                                                                                                                                                      
    "32": {                                                                                                                                                 
        "centralized": {                                                                                                                                    
            "test": {                                                                                                                                       
                "loss": "1.8400 -> 1.8400",                                                                                                                 
                "accuracy": "32.60% -> 32.60%"                                                                                                              
            }                                                                                                                                               
        },                                                                                                                                                  
        "all_clients": {                                                                                                                                    
            "test": {                                                                                                                                       
                "loss": "1.8400 -> 0.0000",                                                                                                                 
                "accuracy": "32.60% -> 0.00%"                                                                                                               
            }                                                                                                                                               
        }                                                                                                                                                   
    },                                                                                                                                                      
    "33": {                                                                                                                                                 
        "centralized": {                                                                                                                                    
            "test": {                                                                                                                                       
                "loss": "1.8723 -> 1.8723",                                                                                                                 
                "accuracy": "30.53% -> 30.53%"                                                                                                              
            }                                                                                                                                               
        },                                                                                                                                                  
        "all_clients": {                                                                                                                                    
            "test": {                                                                                                                                       
                "loss": "1.8723 -> 0.0000",                                                                                                                 
                "accuracy": "30.53% -> 0.00%"                                                                                                               
            }                                                                                                                                               
        }                                                                                                                                                   
    },                                                                                                                                                      
    "34": {                                                                                                                                                 
        "centralized": {                                                                                                                                    
            "test": {                                                                                                                                       
                "loss": "1.8257 -> 1.8257",                                                                                                                 
                "accuracy": "32.87% -> 32.87%"                                                                                                              
            }                                                                                                                                               
        },                                                                                                                                                  
        "all_clients": {                                                                                                                                    
            "test": {                                                                                                                                       
                "loss": "1.8257 -> 0.0000",                                                                                                                 
                "accuracy": "32.87% -> 0.00%"                                                                                                               
            }                                                                                                                                               
        }                                                                                                                                                   
    },                                                                                                                                                      
    "35": {                                                                                                                                                 
        "centralized": {                                                                                                                                    
            "test": {                                                                                                                                       
                "loss": "1.9098 -> 1.9098",                                                                                                                 
                "accuracy": "31.26% -> 31.26%"                                                                                                              
            }                                                                                                                                               
        },                                                                                                                                                  
        "all_clients": {                                                                                                                                    
            "test": {                                                                                                                                       
                "loss": "1.9098 -> 0.0000",                                                                                                                 
                "accuracy": "31.26% -> 0.00%"                                                                                                               
            }                                                                                                                                               
        }                                                                                                                                                   
    },                                                                                                                                                      
    "36": {                                                                                                                                                 
        "centralized": {                                                                                                                                    
            "test": {                                                                                                                                       
                "loss": "1.8251 -> 1.8251",                                                                                                                 
                "accuracy": "33.40% -> 33.40%"                                                                                                              
            }                                                                                                                                               
        },                                                                                                                                                  
        "all_clients": {                                                                                                                                    
            "test": {                                                                                                                                       
                "loss": "1.8251 -> 0.0000",                                                                                                                 
                "accuracy": "33.40% -> 0.00%"                                                                                                               
            }                                                                                                                                               
        }                                                                                                                                                   
    },                                                                                                                                                      
    "37": {                                                                                                                                                 
        "centralized": {                                                                                                                                    
            "test": {                                                                                                                                       
                "loss": "1.9093 -> 1.9093",                                                                                                                 
                "accuracy": "31.33% -> 31.33%"                                                                                                              
            }                                                                                                                                               
        },                                                                                                                                                  
        "all_clients": {                                                                                                                                    
            "test": {                                                                                                                                       
                "loss": "1.9093 -> 0.0000",                                                                                                                 
                "accuracy": "31.33% -> 0.00%"                                                                                                               
            }                                                                                                                                               
        }                                                                                                                                                   
    },                                                                                                                                                      
    "38": {                                                                                                                                                 
        "centralized": {                                                                                                                                    
            "test": {                                                                                                                                       
                "loss": "1.8160 -> 1.8160",                                                                                                                 
                "accuracy": "33.53% -> 33.53%"                                                                                                              
            }                                                                                                                                               
        },                                                                                                                                                  
        "all_clients": {                                                                                                                                    
            "test": {                                                                                                                                       
                "loss": "1.8160 -> 0.0000",                                                                                                                 
                "accuracy": "33.53% -> 0.00%"                                                                                                               
            }                                                                                                                                               
        }                                                                                                                                                   
    },                                                                                                                                                      
    "39": {                                                                                                                                                 
        "centralized": {                                                                                                                                    
            "test": {                                                                                                                                       
                "loss": "1.8548 -> 1.8548",                                                                                                                 
                "accuracy": "33.07% -> 33.07%"                                                                                                              
            }                                                                                                                                               
        },                                                                                                                                                  
        "all_clients": {                                                                                                                                    
            "test": {                                                                                                                                       
                "loss": "1.8548 -> 0.0000",                                                                                                                 
                "accuracy": "33.07% -> 0.00%"                                                                                                               
            }                                                                                                                                               
        }                                                                                                                                                   
    },                                                                                                                                                      
    "40": {                                                                                                                                                 
        "centralized": {                                                                                                                                    
            "test": {                                                                                                                                       
                "loss": "1.8494 -> 1.8494",                                                                                                                 
                "accuracy": "32.53% -> 32.53%"                                                                                                              
            }                                                                                                                                               
        },                                                                                                                                                  
        "all_clients": {                                                                                                                                    
            "test": {                                                                                                                                       
                "loss": "1.8494 -> 0.0000",                                                                                                                 
                "accuracy": "32.53% -> 0.00%"                                                                                                               
            }                                                                                                                                               
        }                                                                                                                                                   
    },                                                                                                                                                      
    "41": {                                                                                                                                                 
        "centralized": {                                                                                                                                    
            "test": {                                                                                                                                       
                "loss": "1.8260 -> 1.8260",                                                                                                                 
                "accuracy": "33.07% -> 33.07%"                                                                                                              
            }                                                                                                                                               
        },                                                                                                                                                  
        "all_clients": {                                                                                                                                    
            "test": {                                                                                                                                       
                "loss": "1.8260 -> 0.0000",                                                                                                                 
                "accuracy": "33.07% -> 0.00%"                                                                                                               
            }                                                                                                                                               
        }                                                                                                                                                   
    },                                                                                                                                                      
    "42": {                                                                                                                                                 
        "centralized": {                                                                                                                                    
            "test": {                                                                                                                                       
                "loss": "1.8120 -> 1.8120",                                                                                                                 
                "accuracy": "33.93% -> 33.93%"                                                                                                              
            }                                                                                                                                               
        },                                                                                                                                                  
        "all_clients": {                                                                                                                                    
            "test": {                                                                                                                                       
                "loss": "1.8120 -> 0.0000",                                                                                                                 
                "accuracy": "33.93% -> 0.00%"                                                                                                               
            }                                                                                                                                               
        }                                                                                                                                                   
    },                                                                                                                                                      
    "43": {                                                                                                                                                 
        "centralized": {                                                                                                                                    
            "test": {                                                                                                                                       
                "loss": "1.8378 -> 1.8378",                                                                                                                 
                "accuracy": "33.47% -> 33.47%"                                                                                                              
            }                                                                                                                                               
        },                                                                                                                                                  
        "all_clients": {                                                                                                                                    
            "test": {                                                                                                                                       
                "loss": "1.8378 -> 0.0000",                                                                                                                 
                "accuracy": "33.47% -> 0.00%"                                                                                                               
            }                                                                                                                                               
        }                                                                                                                                                   
    },                                                                                                                                                      
    "44": {                                                                                                                                                 
        "centralized": {                                                                                                                                    
            "test": {                                                                                                                                       
                "loss": "1.8098 -> 1.8098",                                                                                                                 
                "accuracy": "34.60% -> 34.60%"                                                                                                              
            }                                                                                                                                               
        },                                                                                                                                                  
        "all_clients": {                                                                                                                                    
            "test": {                                                                                                                                       
                "loss": "1.8098 -> 0.0000",                                                                                                                 
                "accuracy": "34.60% -> 0.00%"                                                                                                               
            }                                                                                                                                               
        }                                                                                                                                                   
    },                                                                                                                                                      
    "45": {                                                                                                                                                 
        "centralized": {                                                                                                                                    
            "test": {                                                                                                                                       
                "loss": "1.8394 -> 1.8394",                                                                                                                 
                "accuracy": "34.54% -> 34.54%"                                                                                                              
            }                                                                                                                                               
        },                                                                                                                                                  
        "all_clients": {                                                                                                                                    
            "test": {                                                                                                                                       
                "loss": "1.8394 -> 0.0000",                                                                                                                 
                "accuracy": "34.54% -> 0.00%"                                                                                                               
            }                                                                                                                                               
        }                                                                                                                                                   
    },                                                                                                                                                      
    "46": {                                                                                                                                                 
        "centralized": {                                                                                                                                    
            "test": {                                                                                                                                       
                "loss": "1.8501 -> 1.8501",                                                                                                                 
                "accuracy": "33.80% -> 33.80%"                                                                                                              
            }                                                                                                                                               
        },                                                                                                                                                  
        "all_clients": {                                                                                                                                    
            "test": {                                                                                                                                       
                "loss": "1.8501 -> 0.0000",                                                                                                                 
                "accuracy": "33.80% -> 0.00%"                                                                                                               
            }                                                                                                                                               
        }                                                                                                                                                   
    },                                                                                                                                                      
    "47": {                                                                                                                                                 
        "centralized": {                                                                                                                                    
            "test": {                                                                                                                                       
                "loss": "1.8471 -> 1.8471",                                                                                                                 
                "accuracy": "33.87% -> 33.87%"                                                                                                              
            }                                                                                                                                               
        },                                                                                                                                                  
        "all_clients": {                                                                                                                                    
            "test": {                                                                                                                                       
                "loss": "1.8471 -> 0.0000",                                                                                                                 
                "accuracy": "33.87% -> 0.00%"                                                                                                               
            }                                                                                                                                               
        }                                                                                                                                                   
    },                                                                                                                                                      
    "48": {                                                                                                                                                 
        "centralized": {                                                                                                                                    
            "test": {                                                                                                                                       
                "loss": "1.7887 -> 1.7887",                                                                                                                 
                "accuracy": "35.67% -> 35.67%"                                                                                                              
            }                                                                                                                                               
        },                                                                                                                                                  
        "all_clients": {                                                                                                                                    
            "test": {                                                                                                                                       
                "loss": "1.7887 -> 0.0000",                                                                                                                 
                "accuracy": "35.67% -> 0.00%"                                                                                                               
            }                                                                                                                                               
        }                                                                                                                                                   
    },                                                                                                                                                      
    "49": {                                                                                                                                                 
        "centralized": {                                                                                                                                    
            "test": {                                                                                                                                       
                "loss": "1.8221 -> 1.8221",                                                                                                                 
                "accuracy": "33.93% -> 33.93%"                                                                                                              
            }                                                                                                                                               
        },                                                                                                                                                  
        "all_clients": {                                                                                                                                    
            "test": {                                                                                                                                       
                "loss": "1.8221 -> 0.0000",                                                                                                                 
                "accuracy": "33.93% -> 0.00%"                                                                                                               
            }                                                                                                                                               
        }                                                                                                                                                   
    },                                                                                                                                                      
    "50": {                                                                                                                                                 
        "centralized": {                                                                                                                                    
            "test": {                                                                                                                                       
                "loss": "1.8234 -> 1.8234",                                                                                                                 
                "accuracy": "34.74% -> 34.74%"                                                                                                              
            }                                                                                                                                               
        },                                                                                                                                                  
        "all_clients": {                                                                                                                                    
            "test": {                                                                                                                                       
                "loss": "1.8234 -> 0.0000",                                                                                                                 
                "accuracy": "34.74% -> 0.00%"                                                                                                               
            }                                                                                                                                               
        }                                                                                                                                                   
    }                                                                                                                                                       
}                                                                                                                                                           
==================== CKADriftFedAvg Max Accuracy ====================                                                                                       
all_clients:                                                                                                                                                
(test) before fine-tuning: 35.67% at epoch 48                                                                                                               
(test) after fine-tuning: 0.00% at epoch 1                                                                                                                  
centralized:                                                                                                                                                
(test) before fine-tuning: 35.67% at epoch 48                                                                                                               
(test) after fine-tuning: 35.67% at epoch 48                                                                                                                
