round,client_i,client_j,model_name,dataset,alpha,layer_index,layer_name,cka_diagonal
1,0,1,vit_tiny,cifar10,1.0,0,base.patch_embed,0.981622
1,0,1,vit_tiny,cifar10,1.0,1,base.blocks.0,0.974285
1,0,1,vit_tiny,cifar10,1.0,2,base.blocks.1,0.966572
1,0,1,vit_tiny,cifar10,1.0,3,base.blocks.2,0.953766
1,0,1,vit_tiny,cifar10,1.0,4,base.blocks.3,0.935907
1,0,1,vit_tiny,cifar10,1.0,5,base.blocks.4,0.921250
1,0,1,vit_tiny,cifar10,1.0,6,base.blocks.5,0.912236
1,0,1,vit_tiny,cifar10,1.0,7,base.blocks.6,0.900863
1,0,1,vit_tiny,cifar10,1.0,8,base.blocks.7,0.891218
1,0,1,vit_tiny,cifar10,1.0,9,base.blocks.8,0.881218
1,0,1,vit_tiny,cifar10,1.0,10,base.blocks.9,0.875787
1,0,1,vit_tiny,cifar10,1.0,11,base.blocks.10,0.866401
1,0,1,vit_tiny,cifar10,1.0,12,base.blocks.11,0.863915
1,0,1,vit_tiny,cifar10,1.0,13,base.norm,0.856455
1,0,1,vit_tiny,cifar10,1.0,14,classifier,0.803960
1,0,2,vit_tiny,cifar10,1.0,0,base.patch_embed,0.990918
1,0,2,vit_tiny,cifar10,1.0,1,base.blocks.0,0.982883
1,0,2,vit_tiny,cifar10,1.0,2,base.blocks.1,0.975535
1,0,2,vit_tiny,cifar10,1.0,3,base.blocks.2,0.961308
1,0,2,vit_tiny,cifar10,1.0,4,base.blocks.3,0.938864
1,0,2,vit_tiny,cifar10,1.0,5,base.blocks.4,0.917835
1,0,2,vit_tiny,cifar10,1.0,6,base.blocks.5,0.898751
1,0,2,vit_tiny,cifar10,1.0,7,base.blocks.6,0.872855
1,0,2,vit_tiny,cifar10,1.0,8,base.blocks.7,0.846437
1,0,2,vit_tiny,cifar10,1.0,9,base.blocks.8,0.823758
1,0,2,vit_tiny,cifar10,1.0,10,base.blocks.9,0.807591
1,0,2,vit_tiny,cifar10,1.0,11,base.blocks.10,0.794896
1,0,2,vit_tiny,cifar10,1.0,12,base.blocks.11,0.786999
1,0,2,vit_tiny,cifar10,1.0,13,base.norm,0.799568
1,0,2,vit_tiny,cifar10,1.0,14,classifier,0.907468
1,0,3,vit_tiny,cifar10,1.0,0,base.patch_embed,0.988871
1,0,3,vit_tiny,cifar10,1.0,1,base.blocks.0,0.977450
1,0,3,vit_tiny,cifar10,1.0,2,base.blocks.1,0.963220
1,0,3,vit_tiny,cifar10,1.0,3,base.blocks.2,0.943637
1,0,3,vit_tiny,cifar10,1.0,4,base.blocks.3,0.917030
1,0,3,vit_tiny,cifar10,1.0,5,base.blocks.4,0.892790
1,0,3,vit_tiny,cifar10,1.0,6,base.blocks.5,0.871193
1,0,3,vit_tiny,cifar10,1.0,7,base.blocks.6,0.843140
1,0,3,vit_tiny,cifar10,1.0,8,base.blocks.7,0.819519
1,0,3,vit_tiny,cifar10,1.0,9,base.blocks.8,0.799287
1,0,3,vit_tiny,cifar10,1.0,10,base.blocks.9,0.787988
1,0,3,vit_tiny,cifar10,1.0,11,base.blocks.10,0.774141
1,0,3,vit_tiny,cifar10,1.0,12,base.blocks.11,0.764959
1,0,3,vit_tiny,cifar10,1.0,13,base.norm,0.783640
1,0,3,vit_tiny,cifar10,1.0,14,classifier,0.809683
1,0,4,vit_tiny,cifar10,1.0,0,base.patch_embed,0.988487
1,0,4,vit_tiny,cifar10,1.0,1,base.blocks.0,0.987346
1,0,4,vit_tiny,cifar10,1.0,2,base.blocks.1,0.983843
1,0,4,vit_tiny,cifar10,1.0,3,base.blocks.2,0.976167
1,0,4,vit_tiny,cifar10,1.0,4,base.blocks.3,0.964662
1,0,4,vit_tiny,cifar10,1.0,5,base.blocks.4,0.956222
1,0,4,vit_tiny,cifar10,1.0,6,base.blocks.5,0.952744
1,0,4,vit_tiny,cifar10,1.0,7,base.blocks.6,0.942968
1,0,4,vit_tiny,cifar10,1.0,8,base.blocks.7,0.932190
1,0,4,vit_tiny,cifar10,1.0,9,base.blocks.8,0.929714
1,0,4,vit_tiny,cifar10,1.0,10,base.blocks.9,0.923081
1,0,4,vit_tiny,cifar10,1.0,11,base.blocks.10,0.920510
1,0,4,vit_tiny,cifar10,1.0,12,base.blocks.11,0.925036
1,0,4,vit_tiny,cifar10,1.0,13,base.norm,0.912464
1,0,4,vit_tiny,cifar10,1.0,14,classifier,0.933994
1,0,5,vit_tiny,cifar10,1.0,0,base.patch_embed,0.992851
1,0,5,vit_tiny,cifar10,1.0,1,base.blocks.0,0.988508
1,0,5,vit_tiny,cifar10,1.0,2,base.blocks.1,0.981649
1,0,5,vit_tiny,cifar10,1.0,3,base.blocks.2,0.972187
1,0,5,vit_tiny,cifar10,1.0,4,base.blocks.3,0.958589
1,0,5,vit_tiny,cifar10,1.0,5,base.blocks.4,0.943459
1,0,5,vit_tiny,cifar10,1.0,6,base.blocks.5,0.934368
1,0,5,vit_tiny,cifar10,1.0,7,base.blocks.6,0.923665
1,0,5,vit_tiny,cifar10,1.0,8,base.blocks.7,0.911709
1,0,5,vit_tiny,cifar10,1.0,9,base.blocks.8,0.902412
1,0,5,vit_tiny,cifar10,1.0,10,base.blocks.9,0.900073
1,0,5,vit_tiny,cifar10,1.0,11,base.blocks.10,0.899513
1,0,5,vit_tiny,cifar10,1.0,12,base.blocks.11,0.899048
1,0,5,vit_tiny,cifar10,1.0,13,base.norm,0.894183
1,0,5,vit_tiny,cifar10,1.0,14,classifier,0.878220
1,0,6,vit_tiny,cifar10,1.0,0,base.patch_embed,0.981614
1,0,6,vit_tiny,cifar10,1.0,1,base.blocks.0,0.970368
1,0,6,vit_tiny,cifar10,1.0,2,base.blocks.1,0.958259
1,0,6,vit_tiny,cifar10,1.0,3,base.blocks.2,0.941450
1,0,6,vit_tiny,cifar10,1.0,4,base.blocks.3,0.915284
1,0,6,vit_tiny,cifar10,1.0,5,base.blocks.4,0.888429
1,0,6,vit_tiny,cifar10,1.0,6,base.blocks.5,0.869531
1,0,6,vit_tiny,cifar10,1.0,7,base.blocks.6,0.843863
1,0,6,vit_tiny,cifar10,1.0,8,base.blocks.7,0.821975
1,0,6,vit_tiny,cifar10,1.0,9,base.blocks.8,0.805082
1,0,6,vit_tiny,cifar10,1.0,10,base.blocks.9,0.798964
1,0,6,vit_tiny,cifar10,1.0,11,base.blocks.10,0.787454
1,0,6,vit_tiny,cifar10,1.0,12,base.blocks.11,0.778676
1,0,6,vit_tiny,cifar10,1.0,13,base.norm,0.792587
1,0,6,vit_tiny,cifar10,1.0,14,classifier,0.823904
1,0,7,vit_tiny,cifar10,1.0,0,base.patch_embed,0.993548
1,0,7,vit_tiny,cifar10,1.0,1,base.blocks.0,0.989782
1,0,7,vit_tiny,cifar10,1.0,2,base.blocks.1,0.987640
1,0,7,vit_tiny,cifar10,1.0,3,base.blocks.2,0.982343
1,0,7,vit_tiny,cifar10,1.0,4,base.blocks.3,0.973193
1,0,7,vit_tiny,cifar10,1.0,5,base.blocks.4,0.965399
1,0,7,vit_tiny,cifar10,1.0,6,base.blocks.5,0.959969
1,0,7,vit_tiny,cifar10,1.0,7,base.blocks.6,0.952102
1,0,7,vit_tiny,cifar10,1.0,8,base.blocks.7,0.944193
1,0,7,vit_tiny,cifar10,1.0,9,base.blocks.8,0.937248
1,0,7,vit_tiny,cifar10,1.0,10,base.blocks.9,0.934023
1,0,7,vit_tiny,cifar10,1.0,11,base.blocks.10,0.925992
1,0,7,vit_tiny,cifar10,1.0,12,base.blocks.11,0.926833
1,0,7,vit_tiny,cifar10,1.0,13,base.norm,0.941425
1,0,7,vit_tiny,cifar10,1.0,14,classifier,0.934169
1,0,8,vit_tiny,cifar10,1.0,0,base.patch_embed,0.961833
1,0,8,vit_tiny,cifar10,1.0,1,base.blocks.0,0.959742
1,0,8,vit_tiny,cifar10,1.0,2,base.blocks.1,0.952259
1,0,8,vit_tiny,cifar10,1.0,3,base.blocks.2,0.940643
1,0,8,vit_tiny,cifar10,1.0,4,base.blocks.3,0.921871
1,0,8,vit_tiny,cifar10,1.0,5,base.blocks.4,0.906725
1,0,8,vit_tiny,cifar10,1.0,6,base.blocks.5,0.898083
1,0,8,vit_tiny,cifar10,1.0,7,base.blocks.6,0.886755
1,0,8,vit_tiny,cifar10,1.0,8,base.blocks.7,0.876460
1,0,8,vit_tiny,cifar10,1.0,9,base.blocks.8,0.865813
1,0,8,vit_tiny,cifar10,1.0,10,base.blocks.9,0.858025
1,0,8,vit_tiny,cifar10,1.0,11,base.blocks.10,0.841728
1,0,8,vit_tiny,cifar10,1.0,12,base.blocks.11,0.841274
1,0,8,vit_tiny,cifar10,1.0,13,base.norm,0.842238
1,0,8,vit_tiny,cifar10,1.0,14,classifier,0.794962
1,0,9,vit_tiny,cifar10,1.0,0,base.patch_embed,0.974650
1,0,9,vit_tiny,cifar10,1.0,1,base.blocks.0,0.974506
1,0,9,vit_tiny,cifar10,1.0,2,base.blocks.1,0.974831
1,0,9,vit_tiny,cifar10,1.0,3,base.blocks.2,0.971973
1,0,9,vit_tiny,cifar10,1.0,4,base.blocks.3,0.968727
1,0,9,vit_tiny,cifar10,1.0,5,base.blocks.4,0.968573
1,0,9,vit_tiny,cifar10,1.0,6,base.blocks.5,0.967557
1,0,9,vit_tiny,cifar10,1.0,7,base.blocks.6,0.965396
1,0,9,vit_tiny,cifar10,1.0,8,base.blocks.7,0.962541
1,0,9,vit_tiny,cifar10,1.0,9,base.blocks.8,0.960291
1,0,9,vit_tiny,cifar10,1.0,10,base.blocks.9,0.958671
1,0,9,vit_tiny,cifar10,1.0,11,base.blocks.10,0.954585
1,0,9,vit_tiny,cifar10,1.0,12,base.blocks.11,0.958338
1,0,9,vit_tiny,cifar10,1.0,13,base.norm,0.955451
1,0,9,vit_tiny,cifar10,1.0,14,classifier,0.944887
1,1,2,vit_tiny,cifar10,1.0,0,base.patch_embed,0.969910
1,1,2,vit_tiny,cifar10,1.0,1,base.blocks.0,0.967216
1,1,2,vit_tiny,cifar10,1.0,2,base.blocks.1,0.966932
1,1,2,vit_tiny,cifar10,1.0,3,base.blocks.2,0.964473
1,1,2,vit_tiny,cifar10,1.0,4,base.blocks.3,0.961957
1,1,2,vit_tiny,cifar10,1.0,5,base.blocks.4,0.961405
1,1,2,vit_tiny,cifar10,1.0,6,base.blocks.5,0.956610
1,1,2,vit_tiny,cifar10,1.0,7,base.blocks.6,0.953839
1,1,2,vit_tiny,cifar10,1.0,8,base.blocks.7,0.948170
1,1,2,vit_tiny,cifar10,1.0,9,base.blocks.8,0.943380
1,1,2,vit_tiny,cifar10,1.0,10,base.blocks.9,0.934508
1,1,2,vit_tiny,cifar10,1.0,11,base.blocks.10,0.931285
1,1,2,vit_tiny,cifar10,1.0,12,base.blocks.11,0.928005
1,1,2,vit_tiny,cifar10,1.0,13,base.norm,0.900022
1,1,2,vit_tiny,cifar10,1.0,14,classifier,0.827737
1,1,3,vit_tiny,cifar10,1.0,0,base.patch_embed,0.996165
1,1,3,vit_tiny,cifar10,1.0,1,base.blocks.0,0.994261
1,1,3,vit_tiny,cifar10,1.0,2,base.blocks.1,0.992084
1,1,3,vit_tiny,cifar10,1.0,3,base.blocks.2,0.988359
1,1,3,vit_tiny,cifar10,1.0,4,base.blocks.3,0.985423
1,1,3,vit_tiny,cifar10,1.0,5,base.blocks.4,0.982186
1,1,3,vit_tiny,cifar10,1.0,6,base.blocks.5,0.976165
1,1,3,vit_tiny,cifar10,1.0,7,base.blocks.6,0.968567
1,1,3,vit_tiny,cifar10,1.0,8,base.blocks.7,0.961323
1,1,3,vit_tiny,cifar10,1.0,9,base.blocks.8,0.956227
1,1,3,vit_tiny,cifar10,1.0,10,base.blocks.9,0.949685
1,1,3,vit_tiny,cifar10,1.0,11,base.blocks.10,0.944409
1,1,3,vit_tiny,cifar10,1.0,12,base.blocks.11,0.938562
1,1,3,vit_tiny,cifar10,1.0,13,base.norm,0.879922
1,1,3,vit_tiny,cifar10,1.0,14,classifier,0.795692
1,1,4,vit_tiny,cifar10,1.0,0,base.patch_embed,0.996233
1,1,4,vit_tiny,cifar10,1.0,1,base.blocks.0,0.992708
1,1,4,vit_tiny,cifar10,1.0,2,base.blocks.1,0.989689
1,1,4,vit_tiny,cifar10,1.0,3,base.blocks.2,0.986901
1,1,4,vit_tiny,cifar10,1.0,4,base.blocks.3,0.982413
1,1,4,vit_tiny,cifar10,1.0,5,base.blocks.4,0.978092
1,1,4,vit_tiny,cifar10,1.0,6,base.blocks.5,0.971936
1,1,4,vit_tiny,cifar10,1.0,7,base.blocks.6,0.968763
1,1,4,vit_tiny,cifar10,1.0,8,base.blocks.7,0.964304
1,1,4,vit_tiny,cifar10,1.0,9,base.blocks.8,0.958414
1,1,4,vit_tiny,cifar10,1.0,10,base.blocks.9,0.957366
1,1,4,vit_tiny,cifar10,1.0,11,base.blocks.10,0.953527
1,1,4,vit_tiny,cifar10,1.0,12,base.blocks.11,0.947864
1,1,4,vit_tiny,cifar10,1.0,13,base.norm,0.917990
1,1,4,vit_tiny,cifar10,1.0,14,classifier,0.875786
1,1,5,vit_tiny,cifar10,1.0,0,base.patch_embed,0.988146
1,1,5,vit_tiny,cifar10,1.0,1,base.blocks.0,0.976851
1,1,5,vit_tiny,cifar10,1.0,2,base.blocks.1,0.967374
1,1,5,vit_tiny,cifar10,1.0,3,base.blocks.2,0.957796
1,1,5,vit_tiny,cifar10,1.0,4,base.blocks.3,0.950850
1,1,5,vit_tiny,cifar10,1.0,5,base.blocks.4,0.941728
1,1,5,vit_tiny,cifar10,1.0,6,base.blocks.5,0.930803
1,1,5,vit_tiny,cifar10,1.0,7,base.blocks.6,0.931711
1,1,5,vit_tiny,cifar10,1.0,8,base.blocks.7,0.929910
1,1,5,vit_tiny,cifar10,1.0,9,base.blocks.8,0.925168
1,1,5,vit_tiny,cifar10,1.0,10,base.blocks.9,0.915649
1,1,5,vit_tiny,cifar10,1.0,11,base.blocks.10,0.913152
1,1,5,vit_tiny,cifar10,1.0,12,base.blocks.11,0.908242
1,1,5,vit_tiny,cifar10,1.0,13,base.norm,0.900973
1,1,5,vit_tiny,cifar10,1.0,14,classifier,0.846330
1,1,6,vit_tiny,cifar10,1.0,0,base.patch_embed,0.989393
1,1,6,vit_tiny,cifar10,1.0,1,base.blocks.0,0.984038
1,1,6,vit_tiny,cifar10,1.0,2,base.blocks.1,0.980588
1,1,6,vit_tiny,cifar10,1.0,3,base.blocks.2,0.975511
1,1,6,vit_tiny,cifar10,1.0,4,base.blocks.3,0.971571
1,1,6,vit_tiny,cifar10,1.0,5,base.blocks.4,0.967176
1,1,6,vit_tiny,cifar10,1.0,6,base.blocks.5,0.961126
1,1,6,vit_tiny,cifar10,1.0,7,base.blocks.6,0.958410
1,1,6,vit_tiny,cifar10,1.0,8,base.blocks.7,0.956381
1,1,6,vit_tiny,cifar10,1.0,9,base.blocks.8,0.954649
1,1,6,vit_tiny,cifar10,1.0,10,base.blocks.9,0.950695
1,1,6,vit_tiny,cifar10,1.0,11,base.blocks.10,0.947462
1,1,6,vit_tiny,cifar10,1.0,12,base.blocks.11,0.946521
1,1,6,vit_tiny,cifar10,1.0,13,base.norm,0.930806
1,1,6,vit_tiny,cifar10,1.0,14,classifier,0.881677
1,1,7,vit_tiny,cifar10,1.0,0,base.patch_embed,0.990494
1,1,7,vit_tiny,cifar10,1.0,1,base.blocks.0,0.987404
1,1,7,vit_tiny,cifar10,1.0,2,base.blocks.1,0.985314
1,1,7,vit_tiny,cifar10,1.0,3,base.blocks.2,0.982455
1,1,7,vit_tiny,cifar10,1.0,4,base.blocks.3,0.981181
1,1,7,vit_tiny,cifar10,1.0,5,base.blocks.4,0.980025
1,1,7,vit_tiny,cifar10,1.0,6,base.blocks.5,0.979087
1,1,7,vit_tiny,cifar10,1.0,7,base.blocks.6,0.979245
1,1,7,vit_tiny,cifar10,1.0,8,base.blocks.7,0.978838
1,1,7,vit_tiny,cifar10,1.0,9,base.blocks.8,0.977776
1,1,7,vit_tiny,cifar10,1.0,10,base.blocks.9,0.975833
1,1,7,vit_tiny,cifar10,1.0,11,base.blocks.10,0.975041
1,1,7,vit_tiny,cifar10,1.0,12,base.blocks.11,0.973222
1,1,7,vit_tiny,cifar10,1.0,13,base.norm,0.955033
1,1,7,vit_tiny,cifar10,1.0,14,classifier,0.904207
1,1,8,vit_tiny,cifar10,1.0,0,base.patch_embed,0.991579
1,1,8,vit_tiny,cifar10,1.0,1,base.blocks.0,0.990484
1,1,8,vit_tiny,cifar10,1.0,2,base.blocks.1,0.986971
1,1,8,vit_tiny,cifar10,1.0,3,base.blocks.2,0.985190
1,1,8,vit_tiny,cifar10,1.0,4,base.blocks.3,0.983936
1,1,8,vit_tiny,cifar10,1.0,5,base.blocks.4,0.981986
1,1,8,vit_tiny,cifar10,1.0,6,base.blocks.5,0.981831
1,1,8,vit_tiny,cifar10,1.0,7,base.blocks.6,0.980756
1,1,8,vit_tiny,cifar10,1.0,8,base.blocks.7,0.979232
1,1,8,vit_tiny,cifar10,1.0,9,base.blocks.8,0.979402
1,1,8,vit_tiny,cifar10,1.0,10,base.blocks.9,0.982406
1,1,8,vit_tiny,cifar10,1.0,11,base.blocks.10,0.982144
1,1,8,vit_tiny,cifar10,1.0,12,base.blocks.11,0.981284
1,1,8,vit_tiny,cifar10,1.0,13,base.norm,0.967224
1,1,8,vit_tiny,cifar10,1.0,14,classifier,0.902733
1,1,9,vit_tiny,cifar10,1.0,0,base.patch_embed,0.994081
1,1,9,vit_tiny,cifar10,1.0,1,base.blocks.0,0.990600
1,1,9,vit_tiny,cifar10,1.0,2,base.blocks.1,0.985337
1,1,9,vit_tiny,cifar10,1.0,3,base.blocks.2,0.980435
1,1,9,vit_tiny,cifar10,1.0,4,base.blocks.3,0.972920
1,1,9,vit_tiny,cifar10,1.0,5,base.blocks.4,0.965934
1,1,9,vit_tiny,cifar10,1.0,6,base.blocks.5,0.959495
1,1,9,vit_tiny,cifar10,1.0,7,base.blocks.6,0.953603
1,1,9,vit_tiny,cifar10,1.0,8,base.blocks.7,0.946615
1,1,9,vit_tiny,cifar10,1.0,9,base.blocks.8,0.941213
1,1,9,vit_tiny,cifar10,1.0,10,base.blocks.9,0.936356
1,1,9,vit_tiny,cifar10,1.0,11,base.blocks.10,0.930578
1,1,9,vit_tiny,cifar10,1.0,12,base.blocks.11,0.922133
1,1,9,vit_tiny,cifar10,1.0,13,base.norm,0.897118
1,1,9,vit_tiny,cifar10,1.0,14,classifier,0.851711
1,2,3,vit_tiny,cifar10,1.0,0,base.patch_embed,0.975017
1,2,3,vit_tiny,cifar10,1.0,1,base.blocks.0,0.970663
1,2,3,vit_tiny,cifar10,1.0,2,base.blocks.1,0.966132
1,2,3,vit_tiny,cifar10,1.0,3,base.blocks.2,0.968477
1,2,3,vit_tiny,cifar10,1.0,4,base.blocks.3,0.966386
1,2,3,vit_tiny,cifar10,1.0,5,base.blocks.4,0.968583
1,2,3,vit_tiny,cifar10,1.0,6,base.blocks.5,0.969096
1,2,3,vit_tiny,cifar10,1.0,7,base.blocks.6,0.970603
1,2,3,vit_tiny,cifar10,1.0,8,base.blocks.7,0.968528
1,2,3,vit_tiny,cifar10,1.0,9,base.blocks.8,0.965857
1,2,3,vit_tiny,cifar10,1.0,10,base.blocks.9,0.963154
1,2,3,vit_tiny,cifar10,1.0,11,base.blocks.10,0.961776
1,2,3,vit_tiny,cifar10,1.0,12,base.blocks.11,0.959373
1,2,3,vit_tiny,cifar10,1.0,13,base.norm,0.928586
1,2,3,vit_tiny,cifar10,1.0,14,classifier,0.815082
1,2,4,vit_tiny,cifar10,1.0,0,base.patch_embed,0.973571
1,2,4,vit_tiny,cifar10,1.0,1,base.blocks.0,0.975056
1,2,4,vit_tiny,cifar10,1.0,2,base.blocks.1,0.974057
1,2,4,vit_tiny,cifar10,1.0,3,base.blocks.2,0.972950
1,2,4,vit_tiny,cifar10,1.0,4,base.blocks.3,0.966367
1,2,4,vit_tiny,cifar10,1.0,5,base.blocks.4,0.964075
1,2,4,vit_tiny,cifar10,1.0,6,base.blocks.5,0.959240
1,2,4,vit_tiny,cifar10,1.0,7,base.blocks.6,0.952010
1,2,4,vit_tiny,cifar10,1.0,8,base.blocks.7,0.945877
1,2,4,vit_tiny,cifar10,1.0,9,base.blocks.8,0.934265
1,2,4,vit_tiny,cifar10,1.0,10,base.blocks.9,0.930621
1,2,4,vit_tiny,cifar10,1.0,11,base.blocks.10,0.924159
1,2,4,vit_tiny,cifar10,1.0,12,base.blocks.11,0.913369
1,2,4,vit_tiny,cifar10,1.0,13,base.norm,0.902290
1,2,4,vit_tiny,cifar10,1.0,14,classifier,0.913067
1,2,5,vit_tiny,cifar10,1.0,0,base.patch_embed,0.992161
1,2,5,vit_tiny,cifar10,1.0,1,base.blocks.0,0.994501
1,2,5,vit_tiny,cifar10,1.0,2,base.blocks.1,0.992928
1,2,5,vit_tiny,cifar10,1.0,3,base.blocks.2,0.988490
1,2,5,vit_tiny,cifar10,1.0,4,base.blocks.3,0.982914
1,2,5,vit_tiny,cifar10,1.0,5,base.blocks.4,0.975326
1,2,5,vit_tiny,cifar10,1.0,6,base.blocks.5,0.962549
1,2,5,vit_tiny,cifar10,1.0,7,base.blocks.6,0.951825
1,2,5,vit_tiny,cifar10,1.0,8,base.blocks.7,0.941572
1,2,5,vit_tiny,cifar10,1.0,9,base.blocks.8,0.930022
1,2,5,vit_tiny,cifar10,1.0,10,base.blocks.9,0.916123
1,2,5,vit_tiny,cifar10,1.0,11,base.blocks.10,0.908333
1,2,5,vit_tiny,cifar10,1.0,12,base.blocks.11,0.895225
1,2,5,vit_tiny,cifar10,1.0,13,base.norm,0.891749
1,2,5,vit_tiny,cifar10,1.0,14,classifier,0.917141
1,2,6,vit_tiny,cifar10,1.0,0,base.patch_embed,0.987851
1,2,6,vit_tiny,cifar10,1.0,1,base.blocks.0,0.990525
1,2,6,vit_tiny,cifar10,1.0,2,base.blocks.1,0.990420
1,2,6,vit_tiny,cifar10,1.0,3,base.blocks.2,0.990411
1,2,6,vit_tiny,cifar10,1.0,4,base.blocks.3,0.988572
1,2,6,vit_tiny,cifar10,1.0,5,base.blocks.4,0.986577
1,2,6,vit_tiny,cifar10,1.0,6,base.blocks.5,0.983889
1,2,6,vit_tiny,cifar10,1.0,7,base.blocks.6,0.980800
1,2,6,vit_tiny,cifar10,1.0,8,base.blocks.7,0.978116
1,2,6,vit_tiny,cifar10,1.0,9,base.blocks.8,0.974629
1,2,6,vit_tiny,cifar10,1.0,10,base.blocks.9,0.971678
1,2,6,vit_tiny,cifar10,1.0,11,base.blocks.10,0.969820
1,2,6,vit_tiny,cifar10,1.0,12,base.blocks.11,0.967345
1,2,6,vit_tiny,cifar10,1.0,13,base.norm,0.957636
1,2,6,vit_tiny,cifar10,1.0,14,classifier,0.885801
1,2,7,vit_tiny,cifar10,1.0,0,base.patch_embed,0.992474
1,2,7,vit_tiny,cifar10,1.0,1,base.blocks.0,0.993401
1,2,7,vit_tiny,cifar10,1.0,2,base.blocks.1,0.992828
1,2,7,vit_tiny,cifar10,1.0,3,base.blocks.2,0.990939
1,2,7,vit_tiny,cifar10,1.0,4,base.blocks.3,0.986985
1,2,7,vit_tiny,cifar10,1.0,5,base.blocks.4,0.983509
1,2,7,vit_tiny,cifar10,1.0,6,base.blocks.5,0.978625
1,2,7,vit_tiny,cifar10,1.0,7,base.blocks.6,0.972377
1,2,7,vit_tiny,cifar10,1.0,8,base.blocks.7,0.964953
1,2,7,vit_tiny,cifar10,1.0,9,base.blocks.8,0.959523
1,2,7,vit_tiny,cifar10,1.0,10,base.blocks.9,0.953193
1,2,7,vit_tiny,cifar10,1.0,11,base.blocks.10,0.951764
1,2,7,vit_tiny,cifar10,1.0,12,base.blocks.11,0.945755
1,2,7,vit_tiny,cifar10,1.0,13,base.norm,0.934879
1,2,7,vit_tiny,cifar10,1.0,14,classifier,0.934550
1,2,8,vit_tiny,cifar10,1.0,0,base.patch_embed,0.936116
1,2,8,vit_tiny,cifar10,1.0,1,base.blocks.0,0.932426
1,2,8,vit_tiny,cifar10,1.0,2,base.blocks.1,0.926907
1,2,8,vit_tiny,cifar10,1.0,3,base.blocks.2,0.922000
1,2,8,vit_tiny,cifar10,1.0,4,base.blocks.3,0.918421
1,2,8,vit_tiny,cifar10,1.0,5,base.blocks.4,0.916407
1,2,8,vit_tiny,cifar10,1.0,6,base.blocks.5,0.915669
1,2,8,vit_tiny,cifar10,1.0,7,base.blocks.6,0.918255
1,2,8,vit_tiny,cifar10,1.0,8,base.blocks.7,0.917304
1,2,8,vit_tiny,cifar10,1.0,9,base.blocks.8,0.920619
1,2,8,vit_tiny,cifar10,1.0,10,base.blocks.9,0.924771
1,2,8,vit_tiny,cifar10,1.0,11,base.blocks.10,0.929781
1,2,8,vit_tiny,cifar10,1.0,12,base.blocks.11,0.930685
1,2,8,vit_tiny,cifar10,1.0,13,base.norm,0.931614
1,2,8,vit_tiny,cifar10,1.0,14,classifier,0.895242
1,2,9,vit_tiny,cifar10,1.0,0,base.patch_embed,0.956263
1,2,9,vit_tiny,cifar10,1.0,1,base.blocks.0,0.953027
1,2,9,vit_tiny,cifar10,1.0,2,base.blocks.1,0.952173
1,2,9,vit_tiny,cifar10,1.0,3,base.blocks.2,0.949000
1,2,9,vit_tiny,cifar10,1.0,4,base.blocks.3,0.941105
1,2,9,vit_tiny,cifar10,1.0,5,base.blocks.4,0.936932
1,2,9,vit_tiny,cifar10,1.0,6,base.blocks.5,0.926859
1,2,9,vit_tiny,cifar10,1.0,7,base.blocks.6,0.920154
1,2,9,vit_tiny,cifar10,1.0,8,base.blocks.7,0.909244
1,2,9,vit_tiny,cifar10,1.0,9,base.blocks.8,0.901687
1,2,9,vit_tiny,cifar10,1.0,10,base.blocks.9,0.891928
1,2,9,vit_tiny,cifar10,1.0,11,base.blocks.10,0.886404
1,2,9,vit_tiny,cifar10,1.0,12,base.blocks.11,0.875565
1,2,9,vit_tiny,cifar10,1.0,13,base.norm,0.881370
1,2,9,vit_tiny,cifar10,1.0,14,classifier,0.904544
1,3,4,vit_tiny,cifar10,1.0,0,base.patch_embed,0.999172
1,3,4,vit_tiny,cifar10,1.0,1,base.blocks.0,0.997981
1,3,4,vit_tiny,cifar10,1.0,2,base.blocks.1,0.994448
1,3,4,vit_tiny,cifar10,1.0,3,base.blocks.2,0.990706
1,3,4,vit_tiny,cifar10,1.0,4,base.blocks.3,0.984928
1,3,4,vit_tiny,cifar10,1.0,5,base.blocks.4,0.978153
1,3,4,vit_tiny,cifar10,1.0,6,base.blocks.5,0.968721
1,3,4,vit_tiny,cifar10,1.0,7,base.blocks.6,0.959809
1,3,4,vit_tiny,cifar10,1.0,8,base.blocks.7,0.952935
1,3,4,vit_tiny,cifar10,1.0,9,base.blocks.8,0.941198
1,3,4,vit_tiny,cifar10,1.0,10,base.blocks.9,0.938450
1,3,4,vit_tiny,cifar10,1.0,11,base.blocks.10,0.929475
1,3,4,vit_tiny,cifar10,1.0,12,base.blocks.11,0.916816
1,3,4,vit_tiny,cifar10,1.0,13,base.norm,0.901859
1,3,4,vit_tiny,cifar10,1.0,14,classifier,0.818523
1,3,5,vit_tiny,cifar10,1.0,0,base.patch_embed,0.991150
1,3,5,vit_tiny,cifar10,1.0,1,base.blocks.0,0.981328
1,3,5,vit_tiny,cifar10,1.0,2,base.blocks.1,0.967327
1,3,5,vit_tiny,cifar10,1.0,3,base.blocks.2,0.958822
1,3,5,vit_tiny,cifar10,1.0,4,base.blocks.3,0.948560
1,3,5,vit_tiny,cifar10,1.0,5,base.blocks.4,0.938823
1,3,5,vit_tiny,cifar10,1.0,6,base.blocks.5,0.924416
1,3,5,vit_tiny,cifar10,1.0,7,base.blocks.6,0.917269
1,3,5,vit_tiny,cifar10,1.0,8,base.blocks.7,0.908828
1,3,5,vit_tiny,cifar10,1.0,9,base.blocks.8,0.898069
1,3,5,vit_tiny,cifar10,1.0,10,base.blocks.9,0.886768
1,3,5,vit_tiny,cifar10,1.0,11,base.blocks.10,0.880248
1,3,5,vit_tiny,cifar10,1.0,12,base.blocks.11,0.868011
1,3,5,vit_tiny,cifar10,1.0,13,base.norm,0.867235
1,3,5,vit_tiny,cifar10,1.0,14,classifier,0.822259
1,3,6,vit_tiny,cifar10,1.0,0,base.patch_embed,0.987326
1,3,6,vit_tiny,cifar10,1.0,1,base.blocks.0,0.982188
1,3,6,vit_tiny,cifar10,1.0,2,base.blocks.1,0.975045
1,3,6,vit_tiny,cifar10,1.0,3,base.blocks.2,0.972935
1,3,6,vit_tiny,cifar10,1.0,4,base.blocks.3,0.967985
1,3,6,vit_tiny,cifar10,1.0,5,base.blocks.4,0.966696
1,3,6,vit_tiny,cifar10,1.0,6,base.blocks.5,0.966398
1,3,6,vit_tiny,cifar10,1.0,7,base.blocks.6,0.966221
1,3,6,vit_tiny,cifar10,1.0,8,base.blocks.7,0.964995
1,3,6,vit_tiny,cifar10,1.0,9,base.blocks.8,0.964590
1,3,6,vit_tiny,cifar10,1.0,10,base.blocks.9,0.964709
1,3,6,vit_tiny,cifar10,1.0,11,base.blocks.10,0.964925
1,3,6,vit_tiny,cifar10,1.0,12,base.blocks.11,0.966836
1,3,6,vit_tiny,cifar10,1.0,13,base.norm,0.949364
1,3,6,vit_tiny,cifar10,1.0,14,classifier,0.801081
1,3,7,vit_tiny,cifar10,1.0,0,base.patch_embed,0.991849
1,3,7,vit_tiny,cifar10,1.0,1,base.blocks.0,0.987221
1,3,7,vit_tiny,cifar10,1.0,2,base.blocks.1,0.980515
1,3,7,vit_tiny,cifar10,1.0,3,base.blocks.2,0.976424
1,3,7,vit_tiny,cifar10,1.0,4,base.blocks.3,0.971602
1,3,7,vit_tiny,cifar10,1.0,5,base.blocks.4,0.967786
1,3,7,vit_tiny,cifar10,1.0,6,base.blocks.5,0.963072
1,3,7,vit_tiny,cifar10,1.0,7,base.blocks.6,0.956590
1,3,7,vit_tiny,cifar10,1.0,8,base.blocks.7,0.950131
1,3,7,vit_tiny,cifar10,1.0,9,base.blocks.8,0.944444
1,3,7,vit_tiny,cifar10,1.0,10,base.blocks.9,0.939672
1,3,7,vit_tiny,cifar10,1.0,11,base.blocks.10,0.937346
1,3,7,vit_tiny,cifar10,1.0,12,base.blocks.11,0.927642
1,3,7,vit_tiny,cifar10,1.0,13,base.norm,0.903336
1,3,7,vit_tiny,cifar10,1.0,14,classifier,0.856763
1,3,8,vit_tiny,cifar10,1.0,0,base.patch_embed,0.986930
1,3,8,vit_tiny,cifar10,1.0,1,base.blocks.0,0.985332
1,3,8,vit_tiny,cifar10,1.0,2,base.blocks.1,0.981903
1,3,8,vit_tiny,cifar10,1.0,3,base.blocks.2,0.972854
1,3,8,vit_tiny,cifar10,1.0,4,base.blocks.3,0.969697
1,3,8,vit_tiny,cifar10,1.0,5,base.blocks.4,0.962326
1,3,8,vit_tiny,cifar10,1.0,6,base.blocks.5,0.953877
1,3,8,vit_tiny,cifar10,1.0,7,base.blocks.6,0.946589
1,3,8,vit_tiny,cifar10,1.0,8,base.blocks.7,0.940271
1,3,8,vit_tiny,cifar10,1.0,9,base.blocks.8,0.938029
1,3,8,vit_tiny,cifar10,1.0,10,base.blocks.9,0.939418
1,3,8,vit_tiny,cifar10,1.0,11,base.blocks.10,0.940564
1,3,8,vit_tiny,cifar10,1.0,12,base.blocks.11,0.935179
1,3,8,vit_tiny,cifar10,1.0,13,base.norm,0.920141
1,3,8,vit_tiny,cifar10,1.0,14,classifier,0.797408
1,3,9,vit_tiny,cifar10,1.0,0,base.patch_embed,0.992729
1,3,9,vit_tiny,cifar10,1.0,1,base.blocks.0,0.991054
1,3,9,vit_tiny,cifar10,1.0,2,base.blocks.1,0.986063
1,3,9,vit_tiny,cifar10,1.0,3,base.blocks.2,0.976303
1,3,9,vit_tiny,cifar10,1.0,4,base.blocks.3,0.964795
1,3,9,vit_tiny,cifar10,1.0,5,base.blocks.4,0.952009
1,3,9,vit_tiny,cifar10,1.0,6,base.blocks.5,0.935834
1,3,9,vit_tiny,cifar10,1.0,7,base.blocks.6,0.921324
1,3,9,vit_tiny,cifar10,1.0,8,base.blocks.7,0.907326
1,3,9,vit_tiny,cifar10,1.0,9,base.blocks.8,0.896492
1,3,9,vit_tiny,cifar10,1.0,10,base.blocks.9,0.886229
1,3,9,vit_tiny,cifar10,1.0,11,base.blocks.10,0.876167
1,3,9,vit_tiny,cifar10,1.0,12,base.blocks.11,0.859236
1,3,9,vit_tiny,cifar10,1.0,13,base.norm,0.861211
1,3,9,vit_tiny,cifar10,1.0,14,classifier,0.876186
1,4,5,vit_tiny,cifar10,1.0,0,base.patch_embed,0.991799
1,4,5,vit_tiny,cifar10,1.0,1,base.blocks.0,0.985038
1,4,5,vit_tiny,cifar10,1.0,2,base.blocks.1,0.976620
1,4,5,vit_tiny,cifar10,1.0,3,base.blocks.2,0.969160
1,4,5,vit_tiny,cifar10,1.0,4,base.blocks.3,0.957780
1,4,5,vit_tiny,cifar10,1.0,5,base.blocks.4,0.948202
1,4,5,vit_tiny,cifar10,1.0,6,base.blocks.5,0.939845
1,4,5,vit_tiny,cifar10,1.0,7,base.blocks.6,0.931988
1,4,5,vit_tiny,cifar10,1.0,8,base.blocks.7,0.925989
1,4,5,vit_tiny,cifar10,1.0,9,base.blocks.8,0.916436
1,4,5,vit_tiny,cifar10,1.0,10,base.blocks.9,0.911288
1,4,5,vit_tiny,cifar10,1.0,11,base.blocks.10,0.909481
1,4,5,vit_tiny,cifar10,1.0,12,base.blocks.11,0.904643
1,4,5,vit_tiny,cifar10,1.0,13,base.norm,0.905101
1,4,5,vit_tiny,cifar10,1.0,14,classifier,0.904914
1,4,6,vit_tiny,cifar10,1.0,0,base.patch_embed,0.985424
1,4,6,vit_tiny,cifar10,1.0,1,base.blocks.0,0.980644
1,4,6,vit_tiny,cifar10,1.0,2,base.blocks.1,0.974384
1,4,6,vit_tiny,cifar10,1.0,3,base.blocks.2,0.969318
1,4,6,vit_tiny,cifar10,1.0,4,base.blocks.3,0.958612
1,4,6,vit_tiny,cifar10,1.0,5,base.blocks.4,0.951307
1,4,6,vit_tiny,cifar10,1.0,6,base.blocks.5,0.944731
1,4,6,vit_tiny,cifar10,1.0,7,base.blocks.6,0.935783
1,4,6,vit_tiny,cifar10,1.0,8,base.blocks.7,0.931499
1,4,6,vit_tiny,cifar10,1.0,9,base.blocks.8,0.920451
1,4,6,vit_tiny,cifar10,1.0,10,base.blocks.9,0.922425
1,4,6,vit_tiny,cifar10,1.0,11,base.blocks.10,0.916101
1,4,6,vit_tiny,cifar10,1.0,12,base.blocks.11,0.907397
1,4,6,vit_tiny,cifar10,1.0,13,base.norm,0.903279
1,4,6,vit_tiny,cifar10,1.0,14,classifier,0.866381
1,4,7,vit_tiny,cifar10,1.0,0,base.patch_embed,0.990902
1,4,7,vit_tiny,cifar10,1.0,1,base.blocks.0,0.990795
1,4,7,vit_tiny,cifar10,1.0,2,base.blocks.1,0.989759
1,4,7,vit_tiny,cifar10,1.0,3,base.blocks.2,0.989077
1,4,7,vit_tiny,cifar10,1.0,4,base.blocks.3,0.987136
1,4,7,vit_tiny,cifar10,1.0,5,base.blocks.4,0.986935
1,4,7,vit_tiny,cifar10,1.0,6,base.blocks.5,0.986622
1,4,7,vit_tiny,cifar10,1.0,7,base.blocks.6,0.985162
1,4,7,vit_tiny,cifar10,1.0,8,base.blocks.7,0.983457
1,4,7,vit_tiny,cifar10,1.0,9,base.blocks.8,0.981672
1,4,7,vit_tiny,cifar10,1.0,10,base.blocks.9,0.981665
1,4,7,vit_tiny,cifar10,1.0,11,base.blocks.10,0.980489
1,4,7,vit_tiny,cifar10,1.0,12,base.blocks.11,0.977602
1,4,7,vit_tiny,cifar10,1.0,13,base.norm,0.963019
1,4,7,vit_tiny,cifar10,1.0,14,classifier,0.931875
1,4,8,vit_tiny,cifar10,1.0,0,base.patch_embed,0.989281
1,4,8,vit_tiny,cifar10,1.0,1,base.blocks.0,0.984424
1,4,8,vit_tiny,cifar10,1.0,2,base.blocks.1,0.979855
1,4,8,vit_tiny,cifar10,1.0,3,base.blocks.2,0.975549
1,4,8,vit_tiny,cifar10,1.0,4,base.blocks.3,0.972932
1,4,8,vit_tiny,cifar10,1.0,5,base.blocks.4,0.965750
1,4,8,vit_tiny,cifar10,1.0,6,base.blocks.5,0.957191
1,4,8,vit_tiny,cifar10,1.0,7,base.blocks.6,0.956356
1,4,8,vit_tiny,cifar10,1.0,8,base.blocks.7,0.951170
1,4,8,vit_tiny,cifar10,1.0,9,base.blocks.8,0.948471
1,4,8,vit_tiny,cifar10,1.0,10,base.blocks.9,0.948882
1,4,8,vit_tiny,cifar10,1.0,11,base.blocks.10,0.944069
1,4,8,vit_tiny,cifar10,1.0,12,base.blocks.11,0.937059
1,4,8,vit_tiny,cifar10,1.0,13,base.norm,0.919244
1,4,8,vit_tiny,cifar10,1.0,14,classifier,0.864804
1,4,9,vit_tiny,cifar10,1.0,0,base.patch_embed,0.994893
1,4,9,vit_tiny,cifar10,1.0,1,base.blocks.0,0.992906
1,4,9,vit_tiny,cifar10,1.0,2,base.blocks.1,0.992147
1,4,9,vit_tiny,cifar10,1.0,3,base.blocks.2,0.990764
1,4,9,vit_tiny,cifar10,1.0,4,base.blocks.3,0.989899
1,4,9,vit_tiny,cifar10,1.0,5,base.blocks.4,0.986942
1,4,9,vit_tiny,cifar10,1.0,6,base.blocks.5,0.982308
1,4,9,vit_tiny,cifar10,1.0,7,base.blocks.6,0.981226
1,4,9,vit_tiny,cifar10,1.0,8,base.blocks.7,0.976643
1,4,9,vit_tiny,cifar10,1.0,9,base.blocks.8,0.977880
1,4,9,vit_tiny,cifar10,1.0,10,base.blocks.9,0.974250
1,4,9,vit_tiny,cifar10,1.0,11,base.blocks.10,0.972448
1,4,9,vit_tiny,cifar10,1.0,12,base.blocks.11,0.969395
1,4,9,vit_tiny,cifar10,1.0,13,base.norm,0.957363
1,4,9,vit_tiny,cifar10,1.0,14,classifier,0.931764
1,5,6,vit_tiny,cifar10,1.0,0,base.patch_embed,0.991880
1,5,6,vit_tiny,cifar10,1.0,1,base.blocks.0,0.986231
1,5,6,vit_tiny,cifar10,1.0,2,base.blocks.1,0.979544
1,5,6,vit_tiny,cifar10,1.0,3,base.blocks.2,0.974057
1,5,6,vit_tiny,cifar10,1.0,4,base.blocks.3,0.968684
1,5,6,vit_tiny,cifar10,1.0,5,base.blocks.4,0.960699
1,5,6,vit_tiny,cifar10,1.0,6,base.blocks.5,0.949477
1,5,6,vit_tiny,cifar10,1.0,7,base.blocks.6,0.941769
1,5,6,vit_tiny,cifar10,1.0,8,base.blocks.7,0.934585
1,5,6,vit_tiny,cifar10,1.0,9,base.blocks.8,0.927178
1,5,6,vit_tiny,cifar10,1.0,10,base.blocks.9,0.917528
1,5,6,vit_tiny,cifar10,1.0,11,base.blocks.10,0.911136
1,5,6,vit_tiny,cifar10,1.0,12,base.blocks.11,0.898685
1,5,6,vit_tiny,cifar10,1.0,13,base.norm,0.892410
1,5,6,vit_tiny,cifar10,1.0,14,classifier,0.901759
1,5,7,vit_tiny,cifar10,1.0,0,base.patch_embed,0.995128
1,5,7,vit_tiny,cifar10,1.0,1,base.blocks.0,0.992146
1,5,7,vit_tiny,cifar10,1.0,2,base.blocks.1,0.987869
1,5,7,vit_tiny,cifar10,1.0,3,base.blocks.2,0.984043
1,5,7,vit_tiny,cifar10,1.0,4,base.blocks.3,0.980027
1,5,7,vit_tiny,cifar10,1.0,5,base.blocks.4,0.973600
1,5,7,vit_tiny,cifar10,1.0,6,base.blocks.5,0.965678
1,5,7,vit_tiny,cifar10,1.0,7,base.blocks.6,0.961282
1,5,7,vit_tiny,cifar10,1.0,8,base.blocks.7,0.954506
1,5,7,vit_tiny,cifar10,1.0,9,base.blocks.8,0.949615
1,5,7,vit_tiny,cifar10,1.0,10,base.blocks.9,0.943224
1,5,7,vit_tiny,cifar10,1.0,11,base.blocks.10,0.940172
1,5,7,vit_tiny,cifar10,1.0,12,base.blocks.11,0.931846
1,5,7,vit_tiny,cifar10,1.0,13,base.norm,0.932753
1,5,7,vit_tiny,cifar10,1.0,14,classifier,0.905604
1,5,8,vit_tiny,cifar10,1.0,0,base.patch_embed,0.966610
1,5,8,vit_tiny,cifar10,1.0,1,base.blocks.0,0.949966
1,5,8,vit_tiny,cifar10,1.0,2,base.blocks.1,0.932475
1,5,8,vit_tiny,cifar10,1.0,3,base.blocks.2,0.917401
1,5,8,vit_tiny,cifar10,1.0,4,base.blocks.3,0.903988
1,5,8,vit_tiny,cifar10,1.0,5,base.blocks.4,0.886660
1,5,8,vit_tiny,cifar10,1.0,6,base.blocks.5,0.873573
1,5,8,vit_tiny,cifar10,1.0,7,base.blocks.6,0.873819
1,5,8,vit_tiny,cifar10,1.0,8,base.blocks.7,0.870133
1,5,8,vit_tiny,cifar10,1.0,9,base.blocks.8,0.866823
1,5,8,vit_tiny,cifar10,1.0,10,base.blocks.9,0.864894
1,5,8,vit_tiny,cifar10,1.0,11,base.blocks.10,0.863250
1,5,8,vit_tiny,cifar10,1.0,12,base.blocks.11,0.858948
1,5,8,vit_tiny,cifar10,1.0,13,base.norm,0.869722
1,5,8,vit_tiny,cifar10,1.0,14,classifier,0.884318
1,5,9,vit_tiny,cifar10,1.0,0,base.patch_embed,0.978905
1,5,9,vit_tiny,cifar10,1.0,1,base.blocks.0,0.964540
1,5,9,vit_tiny,cifar10,1.0,2,base.blocks.1,0.953743
1,5,9,vit_tiny,cifar10,1.0,3,base.blocks.2,0.944362
1,5,9,vit_tiny,cifar10,1.0,4,base.blocks.3,0.934861
1,5,9,vit_tiny,cifar10,1.0,5,base.blocks.4,0.925809
1,5,9,vit_tiny,cifar10,1.0,6,base.blocks.5,0.914187
1,5,9,vit_tiny,cifar10,1.0,7,base.blocks.6,0.912584
1,5,9,vit_tiny,cifar10,1.0,8,base.blocks.7,0.905989
1,5,9,vit_tiny,cifar10,1.0,9,base.blocks.8,0.901811
1,5,9,vit_tiny,cifar10,1.0,10,base.blocks.9,0.897017
1,5,9,vit_tiny,cifar10,1.0,11,base.blocks.10,0.895397
1,5,9,vit_tiny,cifar10,1.0,12,base.blocks.11,0.890574
1,5,9,vit_tiny,cifar10,1.0,13,base.norm,0.887188
1,5,9,vit_tiny,cifar10,1.0,14,classifier,0.855786
1,6,7,vit_tiny,cifar10,1.0,0,base.patch_embed,0.996155
1,6,7,vit_tiny,cifar10,1.0,1,base.blocks.0,0.994138
1,6,7,vit_tiny,cifar10,1.0,2,base.blocks.1,0.990277
1,6,7,vit_tiny,cifar10,1.0,3,base.blocks.2,0.986386
1,6,7,vit_tiny,cifar10,1.0,4,base.blocks.3,0.980476
1,6,7,vit_tiny,cifar10,1.0,5,base.blocks.4,0.973027
1,6,7,vit_tiny,cifar10,1.0,6,base.blocks.5,0.966516
1,6,7,vit_tiny,cifar10,1.0,7,base.blocks.6,0.958187
1,6,7,vit_tiny,cifar10,1.0,8,base.blocks.7,0.950477
1,6,7,vit_tiny,cifar10,1.0,9,base.blocks.8,0.946770
1,6,7,vit_tiny,cifar10,1.0,10,base.blocks.9,0.943699
1,6,7,vit_tiny,cifar10,1.0,11,base.blocks.10,0.940584
1,6,7,vit_tiny,cifar10,1.0,12,base.blocks.11,0.931378
1,6,7,vit_tiny,cifar10,1.0,13,base.norm,0.925704
1,6,7,vit_tiny,cifar10,1.0,14,classifier,0.917717
1,6,8,vit_tiny,cifar10,1.0,0,base.patch_embed,0.965144
1,6,8,vit_tiny,cifar10,1.0,1,base.blocks.0,0.952862
1,6,8,vit_tiny,cifar10,1.0,2,base.blocks.1,0.939582
1,6,8,vit_tiny,cifar10,1.0,3,base.blocks.2,0.927813
1,6,8,vit_tiny,cifar10,1.0,4,base.blocks.3,0.919473
1,6,8,vit_tiny,cifar10,1.0,5,base.blocks.4,0.908976
1,6,8,vit_tiny,cifar10,1.0,6,base.blocks.5,0.902221
1,6,8,vit_tiny,cifar10,1.0,7,base.blocks.6,0.900109
1,6,8,vit_tiny,cifar10,1.0,8,base.blocks.7,0.899676
1,6,8,vit_tiny,cifar10,1.0,9,base.blocks.8,0.902471
1,6,8,vit_tiny,cifar10,1.0,10,base.blocks.9,0.911251
1,6,8,vit_tiny,cifar10,1.0,11,base.blocks.10,0.915257
1,6,8,vit_tiny,cifar10,1.0,12,base.blocks.11,0.916944
1,6,8,vit_tiny,cifar10,1.0,13,base.norm,0.942293
1,6,8,vit_tiny,cifar10,1.0,14,classifier,0.958777
1,6,9,vit_tiny,cifar10,1.0,0,base.patch_embed,0.978306
1,6,9,vit_tiny,cifar10,1.0,1,base.blocks.0,0.965400
1,6,9,vit_tiny,cifar10,1.0,2,base.blocks.1,0.953966
1,6,9,vit_tiny,cifar10,1.0,3,base.blocks.2,0.942960
1,6,9,vit_tiny,cifar10,1.0,4,base.blocks.3,0.927704
1,6,9,vit_tiny,cifar10,1.0,5,base.blocks.4,0.913904
1,6,9,vit_tiny,cifar10,1.0,6,base.blocks.5,0.898469
1,6,9,vit_tiny,cifar10,1.0,7,base.blocks.6,0.887107
1,6,9,vit_tiny,cifar10,1.0,8,base.blocks.7,0.875806
1,6,9,vit_tiny,cifar10,1.0,9,base.blocks.8,0.868613
1,6,9,vit_tiny,cifar10,1.0,10,base.blocks.9,0.863177
1,6,9,vit_tiny,cifar10,1.0,11,base.blocks.10,0.854295
1,6,9,vit_tiny,cifar10,1.0,12,base.blocks.11,0.841568
1,6,9,vit_tiny,cifar10,1.0,13,base.norm,0.853576
1,6,9,vit_tiny,cifar10,1.0,14,classifier,0.837605
1,7,8,vit_tiny,cifar10,1.0,0,base.patch_embed,0.969798
1,7,8,vit_tiny,cifar10,1.0,1,base.blocks.0,0.964899
1,7,8,vit_tiny,cifar10,1.0,2,base.blocks.1,0.958775
1,7,8,vit_tiny,cifar10,1.0,3,base.blocks.2,0.954140
1,7,8,vit_tiny,cifar10,1.0,4,base.blocks.3,0.952280
1,7,8,vit_tiny,cifar10,1.0,5,base.blocks.4,0.949981
1,7,8,vit_tiny,cifar10,1.0,6,base.blocks.5,0.951259
1,7,8,vit_tiny,cifar10,1.0,7,base.blocks.6,0.954806
1,7,8,vit_tiny,cifar10,1.0,8,base.blocks.7,0.958093
1,7,8,vit_tiny,cifar10,1.0,9,base.blocks.8,0.959510
1,7,8,vit_tiny,cifar10,1.0,10,base.blocks.9,0.962922
1,7,8,vit_tiny,cifar10,1.0,11,base.blocks.10,0.964109
1,7,8,vit_tiny,cifar10,1.0,12,base.blocks.11,0.966437
1,7,8,vit_tiny,cifar10,1.0,13,base.norm,0.960943
1,7,8,vit_tiny,cifar10,1.0,14,classifier,0.916243
1,7,9,vit_tiny,cifar10,1.0,0,base.patch_embed,0.983349
1,7,9,vit_tiny,cifar10,1.0,1,base.blocks.0,0.979141
1,7,9,vit_tiny,cifar10,1.0,2,base.blocks.1,0.977415
1,7,9,vit_tiny,cifar10,1.0,3,base.blocks.2,0.976384
1,7,9,vit_tiny,cifar10,1.0,4,base.blocks.3,0.975955
1,7,9,vit_tiny,cifar10,1.0,5,base.blocks.4,0.977174
1,7,9,vit_tiny,cifar10,1.0,6,base.blocks.5,0.976125
1,7,9,vit_tiny,cifar10,1.0,7,base.blocks.6,0.977880
1,7,9,vit_tiny,cifar10,1.0,8,base.blocks.7,0.978491
1,7,9,vit_tiny,cifar10,1.0,9,base.blocks.8,0.977858
1,7,9,vit_tiny,cifar10,1.0,10,base.blocks.9,0.977191
1,7,9,vit_tiny,cifar10,1.0,11,base.blocks.10,0.975337
1,7,9,vit_tiny,cifar10,1.0,12,base.blocks.11,0.974843
1,7,9,vit_tiny,cifar10,1.0,13,base.norm,0.976229
1,7,9,vit_tiny,cifar10,1.0,14,classifier,0.957617
1,8,9,vit_tiny,cifar10,1.0,0,base.patch_embed,0.996187
1,8,9,vit_tiny,cifar10,1.0,1,base.blocks.0,0.994811
1,8,9,vit_tiny,cifar10,1.0,2,base.blocks.1,0.991192
1,8,9,vit_tiny,cifar10,1.0,3,base.blocks.2,0.987400
1,8,9,vit_tiny,cifar10,1.0,4,base.blocks.3,0.981081
1,8,9,vit_tiny,cifar10,1.0,5,base.blocks.4,0.972980
1,8,9,vit_tiny,cifar10,1.0,6,base.blocks.5,0.967639
1,8,9,vit_tiny,cifar10,1.0,7,base.blocks.6,0.962294
1,8,9,vit_tiny,cifar10,1.0,8,base.blocks.7,0.956521
1,8,9,vit_tiny,cifar10,1.0,9,base.blocks.8,0.951062
1,8,9,vit_tiny,cifar10,1.0,10,base.blocks.9,0.945307
1,8,9,vit_tiny,cifar10,1.0,11,base.blocks.10,0.937649
1,8,9,vit_tiny,cifar10,1.0,12,base.blocks.11,0.930838
1,8,9,vit_tiny,cifar10,1.0,13,base.norm,0.917685
1,8,9,vit_tiny,cifar10,1.0,14,classifier,0.848267
2,0,1,vit_tiny,cifar10,1.0,0,base.patch_embed,0.955146
2,0,1,vit_tiny,cifar10,1.0,1,base.blocks.0,0.955442
2,0,1,vit_tiny,cifar10,1.0,2,base.blocks.1,0.951367
2,0,1,vit_tiny,cifar10,1.0,3,base.blocks.2,0.949527
2,0,1,vit_tiny,cifar10,1.0,4,base.blocks.3,0.945616
2,0,1,vit_tiny,cifar10,1.0,5,base.blocks.4,0.944230
2,0,1,vit_tiny,cifar10,1.0,6,base.blocks.5,0.944331
2,0,1,vit_tiny,cifar10,1.0,7,base.blocks.6,0.943464
2,0,1,vit_tiny,cifar10,1.0,8,base.blocks.7,0.940602
2,0,1,vit_tiny,cifar10,1.0,9,base.blocks.8,0.942412
2,0,1,vit_tiny,cifar10,1.0,10,base.blocks.9,0.942487
2,0,1,vit_tiny,cifar10,1.0,11,base.blocks.10,0.939507
2,0,1,vit_tiny,cifar10,1.0,12,base.blocks.11,0.936354
2,0,1,vit_tiny,cifar10,1.0,13,base.norm,0.932483
2,0,1,vit_tiny,cifar10,1.0,14,classifier,0.869310
2,0,2,vit_tiny,cifar10,1.0,0,base.patch_embed,0.988979
2,0,2,vit_tiny,cifar10,1.0,1,base.blocks.0,0.985744
2,0,2,vit_tiny,cifar10,1.0,2,base.blocks.1,0.982684
2,0,2,vit_tiny,cifar10,1.0,3,base.blocks.2,0.981295
2,0,2,vit_tiny,cifar10,1.0,4,base.blocks.3,0.978020
2,0,2,vit_tiny,cifar10,1.0,5,base.blocks.4,0.974903
2,0,2,vit_tiny,cifar10,1.0,6,base.blocks.5,0.969809
2,0,2,vit_tiny,cifar10,1.0,7,base.blocks.6,0.966640
2,0,2,vit_tiny,cifar10,1.0,8,base.blocks.7,0.959261
2,0,2,vit_tiny,cifar10,1.0,9,base.blocks.8,0.952683
2,0,2,vit_tiny,cifar10,1.0,10,base.blocks.9,0.946550
2,0,2,vit_tiny,cifar10,1.0,11,base.blocks.10,0.941982
2,0,2,vit_tiny,cifar10,1.0,12,base.blocks.11,0.939832
2,0,2,vit_tiny,cifar10,1.0,13,base.norm,0.934610
2,0,2,vit_tiny,cifar10,1.0,14,classifier,0.748470
2,0,3,vit_tiny,cifar10,1.0,0,base.patch_embed,0.995379
2,0,3,vit_tiny,cifar10,1.0,1,base.blocks.0,0.996651
2,0,3,vit_tiny,cifar10,1.0,2,base.blocks.1,0.996305
2,0,3,vit_tiny,cifar10,1.0,3,base.blocks.2,0.995379
2,0,3,vit_tiny,cifar10,1.0,4,base.blocks.3,0.993982
2,0,3,vit_tiny,cifar10,1.0,5,base.blocks.4,0.992965
2,0,3,vit_tiny,cifar10,1.0,6,base.blocks.5,0.991121
2,0,3,vit_tiny,cifar10,1.0,7,base.blocks.6,0.989201
2,0,3,vit_tiny,cifar10,1.0,8,base.blocks.7,0.986217
2,0,3,vit_tiny,cifar10,1.0,9,base.blocks.8,0.983419
2,0,3,vit_tiny,cifar10,1.0,10,base.blocks.9,0.980692
2,0,3,vit_tiny,cifar10,1.0,11,base.blocks.10,0.978857
2,0,3,vit_tiny,cifar10,1.0,12,base.blocks.11,0.976865
2,0,3,vit_tiny,cifar10,1.0,13,base.norm,0.970882
2,0,3,vit_tiny,cifar10,1.0,14,classifier,0.852890
2,0,4,vit_tiny,cifar10,1.0,0,base.patch_embed,0.996696
2,0,4,vit_tiny,cifar10,1.0,1,base.blocks.0,0.995008
2,0,4,vit_tiny,cifar10,1.0,2,base.blocks.1,0.993471
2,0,4,vit_tiny,cifar10,1.0,3,base.blocks.2,0.992176
2,0,4,vit_tiny,cifar10,1.0,4,base.blocks.3,0.990325
2,0,4,vit_tiny,cifar10,1.0,5,base.blocks.4,0.988659
2,0,4,vit_tiny,cifar10,1.0,6,base.blocks.5,0.986274
2,0,4,vit_tiny,cifar10,1.0,7,base.blocks.6,0.985187
2,0,4,vit_tiny,cifar10,1.0,8,base.blocks.7,0.981670
2,0,4,vit_tiny,cifar10,1.0,9,base.blocks.8,0.980897
2,0,4,vit_tiny,cifar10,1.0,10,base.blocks.9,0.978021
2,0,4,vit_tiny,cifar10,1.0,11,base.blocks.10,0.977363
2,0,4,vit_tiny,cifar10,1.0,12,base.blocks.11,0.975743
2,0,4,vit_tiny,cifar10,1.0,13,base.norm,0.969770
2,0,4,vit_tiny,cifar10,1.0,14,classifier,0.842701
2,0,5,vit_tiny,cifar10,1.0,0,base.patch_embed,0.993220
2,0,5,vit_tiny,cifar10,1.0,1,base.blocks.0,0.990000
2,0,5,vit_tiny,cifar10,1.0,2,base.blocks.1,0.986766
2,0,5,vit_tiny,cifar10,1.0,3,base.blocks.2,0.984104
2,0,5,vit_tiny,cifar10,1.0,4,base.blocks.3,0.981426
2,0,5,vit_tiny,cifar10,1.0,5,base.blocks.4,0.979912
2,0,5,vit_tiny,cifar10,1.0,6,base.blocks.5,0.978339
2,0,5,vit_tiny,cifar10,1.0,7,base.blocks.6,0.976329
2,0,5,vit_tiny,cifar10,1.0,8,base.blocks.7,0.973793
2,0,5,vit_tiny,cifar10,1.0,9,base.blocks.8,0.972464
2,0,5,vit_tiny,cifar10,1.0,10,base.blocks.9,0.971891
2,0,5,vit_tiny,cifar10,1.0,11,base.blocks.10,0.973404
2,0,5,vit_tiny,cifar10,1.0,12,base.blocks.11,0.973659
2,0,5,vit_tiny,cifar10,1.0,13,base.norm,0.975182
2,0,5,vit_tiny,cifar10,1.0,14,classifier,0.836577
2,0,6,vit_tiny,cifar10,1.0,0,base.patch_embed,0.998075
2,0,6,vit_tiny,cifar10,1.0,1,base.blocks.0,0.996337
2,0,6,vit_tiny,cifar10,1.0,2,base.blocks.1,0.993994
2,0,6,vit_tiny,cifar10,1.0,3,base.blocks.2,0.991342
2,0,6,vit_tiny,cifar10,1.0,4,base.blocks.3,0.988139
2,0,6,vit_tiny,cifar10,1.0,5,base.blocks.4,0.984193
2,0,6,vit_tiny,cifar10,1.0,6,base.blocks.5,0.978443
2,0,6,vit_tiny,cifar10,1.0,7,base.blocks.6,0.973839
2,0,6,vit_tiny,cifar10,1.0,8,base.blocks.7,0.966706
2,0,6,vit_tiny,cifar10,1.0,9,base.blocks.8,0.960865
2,0,6,vit_tiny,cifar10,1.0,10,base.blocks.9,0.959390
2,0,6,vit_tiny,cifar10,1.0,11,base.blocks.10,0.954092
2,0,6,vit_tiny,cifar10,1.0,12,base.blocks.11,0.945860
2,0,6,vit_tiny,cifar10,1.0,13,base.norm,0.944276
2,0,6,vit_tiny,cifar10,1.0,14,classifier,0.887662
2,0,7,vit_tiny,cifar10,1.0,0,base.patch_embed,0.997334
2,0,7,vit_tiny,cifar10,1.0,1,base.blocks.0,0.995978
2,0,7,vit_tiny,cifar10,1.0,2,base.blocks.1,0.994457
2,0,7,vit_tiny,cifar10,1.0,3,base.blocks.2,0.992448
2,0,7,vit_tiny,cifar10,1.0,4,base.blocks.3,0.990022
2,0,7,vit_tiny,cifar10,1.0,5,base.blocks.4,0.986750
2,0,7,vit_tiny,cifar10,1.0,6,base.blocks.5,0.983942
2,0,7,vit_tiny,cifar10,1.0,7,base.blocks.6,0.980865
2,0,7,vit_tiny,cifar10,1.0,8,base.blocks.7,0.978132
2,0,7,vit_tiny,cifar10,1.0,9,base.blocks.8,0.975450
2,0,7,vit_tiny,cifar10,1.0,10,base.blocks.9,0.971963
2,0,7,vit_tiny,cifar10,1.0,11,base.blocks.10,0.970840
2,0,7,vit_tiny,cifar10,1.0,12,base.blocks.11,0.968851
2,0,7,vit_tiny,cifar10,1.0,13,base.norm,0.971281
2,0,7,vit_tiny,cifar10,1.0,14,classifier,0.924043
2,0,8,vit_tiny,cifar10,1.0,0,base.patch_embed,0.940076
2,0,8,vit_tiny,cifar10,1.0,1,base.blocks.0,0.952731
2,0,8,vit_tiny,cifar10,1.0,2,base.blocks.1,0.957484
2,0,8,vit_tiny,cifar10,1.0,3,base.blocks.2,0.958896
2,0,8,vit_tiny,cifar10,1.0,4,base.blocks.3,0.959647
2,0,8,vit_tiny,cifar10,1.0,5,base.blocks.4,0.960969
2,0,8,vit_tiny,cifar10,1.0,6,base.blocks.5,0.965335
2,0,8,vit_tiny,cifar10,1.0,7,base.blocks.6,0.966578
2,0,8,vit_tiny,cifar10,1.0,8,base.blocks.7,0.971563
2,0,8,vit_tiny,cifar10,1.0,9,base.blocks.8,0.975375
2,0,8,vit_tiny,cifar10,1.0,10,base.blocks.9,0.977357
2,0,8,vit_tiny,cifar10,1.0,11,base.blocks.10,0.978262
2,0,8,vit_tiny,cifar10,1.0,12,base.blocks.11,0.977433
2,0,8,vit_tiny,cifar10,1.0,13,base.norm,0.974799
2,0,8,vit_tiny,cifar10,1.0,14,classifier,0.752710
2,0,9,vit_tiny,cifar10,1.0,0,base.patch_embed,0.980427
2,0,9,vit_tiny,cifar10,1.0,1,base.blocks.0,0.978823
2,0,9,vit_tiny,cifar10,1.0,2,base.blocks.1,0.973979
2,0,9,vit_tiny,cifar10,1.0,3,base.blocks.2,0.967151
2,0,9,vit_tiny,cifar10,1.0,4,base.blocks.3,0.960926
2,0,9,vit_tiny,cifar10,1.0,5,base.blocks.4,0.955020
2,0,9,vit_tiny,cifar10,1.0,6,base.blocks.5,0.950710
2,0,9,vit_tiny,cifar10,1.0,7,base.blocks.6,0.945025
2,0,9,vit_tiny,cifar10,1.0,8,base.blocks.7,0.939555
2,0,9,vit_tiny,cifar10,1.0,9,base.blocks.8,0.937863
2,0,9,vit_tiny,cifar10,1.0,10,base.blocks.9,0.937420
2,0,9,vit_tiny,cifar10,1.0,11,base.blocks.10,0.936474
2,0,9,vit_tiny,cifar10,1.0,12,base.blocks.11,0.932243
2,0,9,vit_tiny,cifar10,1.0,13,base.norm,0.932611
2,0,9,vit_tiny,cifar10,1.0,14,classifier,0.882136
2,1,2,vit_tiny,cifar10,1.0,0,base.patch_embed,0.907923
2,1,2,vit_tiny,cifar10,1.0,1,base.blocks.0,0.900981
2,1,2,vit_tiny,cifar10,1.0,2,base.blocks.1,0.889234
2,1,2,vit_tiny,cifar10,1.0,3,base.blocks.2,0.885274
2,1,2,vit_tiny,cifar10,1.0,4,base.blocks.3,0.873151
2,1,2,vit_tiny,cifar10,1.0,5,base.blocks.4,0.865528
2,1,2,vit_tiny,cifar10,1.0,6,base.blocks.5,0.858056
2,1,2,vit_tiny,cifar10,1.0,7,base.blocks.6,0.853390
2,1,2,vit_tiny,cifar10,1.0,8,base.blocks.7,0.837685
2,1,2,vit_tiny,cifar10,1.0,9,base.blocks.8,0.831512
2,1,2,vit_tiny,cifar10,1.0,10,base.blocks.9,0.822680
2,1,2,vit_tiny,cifar10,1.0,11,base.blocks.10,0.813687
2,1,2,vit_tiny,cifar10,1.0,12,base.blocks.11,0.809485
2,1,2,vit_tiny,cifar10,1.0,13,base.norm,0.837904
2,1,2,vit_tiny,cifar10,1.0,14,classifier,0.792789
2,1,3,vit_tiny,cifar10,1.0,0,base.patch_embed,0.974691
2,1,3,vit_tiny,cifar10,1.0,1,base.blocks.0,0.965010
2,1,3,vit_tiny,cifar10,1.0,2,base.blocks.1,0.953621
2,1,3,vit_tiny,cifar10,1.0,3,base.blocks.2,0.947279
2,1,3,vit_tiny,cifar10,1.0,4,base.blocks.3,0.940993
2,1,3,vit_tiny,cifar10,1.0,5,base.blocks.4,0.931036
2,1,3,vit_tiny,cifar10,1.0,6,base.blocks.5,0.924199
2,1,3,vit_tiny,cifar10,1.0,7,base.blocks.6,0.916778
2,1,3,vit_tiny,cifar10,1.0,8,base.blocks.7,0.902868
2,1,3,vit_tiny,cifar10,1.0,9,base.blocks.8,0.896493
2,1,3,vit_tiny,cifar10,1.0,10,base.blocks.9,0.889090
2,1,3,vit_tiny,cifar10,1.0,11,base.blocks.10,0.879807
2,1,3,vit_tiny,cifar10,1.0,12,base.blocks.11,0.871302
2,1,3,vit_tiny,cifar10,1.0,13,base.norm,0.872275
2,1,3,vit_tiny,cifar10,1.0,14,classifier,0.853244
2,1,4,vit_tiny,cifar10,1.0,0,base.patch_embed,0.954918
2,1,4,vit_tiny,cifar10,1.0,1,base.blocks.0,0.947439
2,1,4,vit_tiny,cifar10,1.0,2,base.blocks.1,0.936563
2,1,4,vit_tiny,cifar10,1.0,3,base.blocks.2,0.931609
2,1,4,vit_tiny,cifar10,1.0,4,base.blocks.3,0.921151
2,1,4,vit_tiny,cifar10,1.0,5,base.blocks.4,0.912959
2,1,4,vit_tiny,cifar10,1.0,6,base.blocks.5,0.907943
2,1,4,vit_tiny,cifar10,1.0,7,base.blocks.6,0.903521
2,1,4,vit_tiny,cifar10,1.0,8,base.blocks.7,0.890969
2,1,4,vit_tiny,cifar10,1.0,9,base.blocks.8,0.891261
2,1,4,vit_tiny,cifar10,1.0,10,base.blocks.9,0.884327
2,1,4,vit_tiny,cifar10,1.0,11,base.blocks.10,0.880663
2,1,4,vit_tiny,cifar10,1.0,12,base.blocks.11,0.875185
2,1,4,vit_tiny,cifar10,1.0,13,base.norm,0.893653
2,1,4,vit_tiny,cifar10,1.0,14,classifier,0.814163
2,1,5,vit_tiny,cifar10,1.0,0,base.patch_embed,0.957512
2,1,5,vit_tiny,cifar10,1.0,1,base.blocks.0,0.942829
2,1,5,vit_tiny,cifar10,1.0,2,base.blocks.1,0.929756
2,1,5,vit_tiny,cifar10,1.0,3,base.blocks.2,0.922213
2,1,5,vit_tiny,cifar10,1.0,4,base.blocks.3,0.912126
2,1,5,vit_tiny,cifar10,1.0,5,base.blocks.4,0.906284
2,1,5,vit_tiny,cifar10,1.0,6,base.blocks.5,0.901759
2,1,5,vit_tiny,cifar10,1.0,7,base.blocks.6,0.896964
2,1,5,vit_tiny,cifar10,1.0,8,base.blocks.7,0.885664
2,1,5,vit_tiny,cifar10,1.0,9,base.blocks.8,0.883248
2,1,5,vit_tiny,cifar10,1.0,10,base.blocks.9,0.879618
2,1,5,vit_tiny,cifar10,1.0,11,base.blocks.10,0.878348
2,1,5,vit_tiny,cifar10,1.0,12,base.blocks.11,0.875178
2,1,5,vit_tiny,cifar10,1.0,13,base.norm,0.885670
2,1,5,vit_tiny,cifar10,1.0,14,classifier,0.869968
2,1,6,vit_tiny,cifar10,1.0,0,base.patch_embed,0.962139
2,1,6,vit_tiny,cifar10,1.0,1,base.blocks.0,0.944040
2,1,6,vit_tiny,cifar10,1.0,2,base.blocks.1,0.929851
2,1,6,vit_tiny,cifar10,1.0,3,base.blocks.2,0.920844
2,1,6,vit_tiny,cifar10,1.0,4,base.blocks.3,0.908180
2,1,6,vit_tiny,cifar10,1.0,5,base.blocks.4,0.897940
2,1,6,vit_tiny,cifar10,1.0,6,base.blocks.5,0.887700
2,1,6,vit_tiny,cifar10,1.0,7,base.blocks.6,0.882408
2,1,6,vit_tiny,cifar10,1.0,8,base.blocks.7,0.869149
2,1,6,vit_tiny,cifar10,1.0,9,base.blocks.8,0.865935
2,1,6,vit_tiny,cifar10,1.0,10,base.blocks.9,0.868960
2,1,6,vit_tiny,cifar10,1.0,11,base.blocks.10,0.862701
2,1,6,vit_tiny,cifar10,1.0,12,base.blocks.11,0.851865
2,1,6,vit_tiny,cifar10,1.0,13,base.norm,0.871575
2,1,6,vit_tiny,cifar10,1.0,14,classifier,0.913546
2,1,7,vit_tiny,cifar10,1.0,0,base.patch_embed,0.948704
2,1,7,vit_tiny,cifar10,1.0,1,base.blocks.0,0.939752
2,1,7,vit_tiny,cifar10,1.0,2,base.blocks.1,0.927554
2,1,7,vit_tiny,cifar10,1.0,3,base.blocks.2,0.919582
2,1,7,vit_tiny,cifar10,1.0,4,base.blocks.3,0.909859
2,1,7,vit_tiny,cifar10,1.0,5,base.blocks.4,0.901080
2,1,7,vit_tiny,cifar10,1.0,6,base.blocks.5,0.896203
2,1,7,vit_tiny,cifar10,1.0,7,base.blocks.6,0.892767
2,1,7,vit_tiny,cifar10,1.0,8,base.blocks.7,0.887497
2,1,7,vit_tiny,cifar10,1.0,9,base.blocks.8,0.889632
2,1,7,vit_tiny,cifar10,1.0,10,base.blocks.9,0.890207
2,1,7,vit_tiny,cifar10,1.0,11,base.blocks.10,0.891909
2,1,7,vit_tiny,cifar10,1.0,12,base.blocks.11,0.889878
2,1,7,vit_tiny,cifar10,1.0,13,base.norm,0.897023
2,1,7,vit_tiny,cifar10,1.0,14,classifier,0.909029
2,1,8,vit_tiny,cifar10,1.0,0,base.patch_embed,0.996023
2,1,8,vit_tiny,cifar10,1.0,1,base.blocks.0,0.996834
2,1,8,vit_tiny,cifar10,1.0,2,base.blocks.1,0.996079
2,1,8,vit_tiny,cifar10,1.0,3,base.blocks.2,0.995506
2,1,8,vit_tiny,cifar10,1.0,4,base.blocks.3,0.994288
2,1,8,vit_tiny,cifar10,1.0,5,base.blocks.4,0.993429
2,1,8,vit_tiny,cifar10,1.0,6,base.blocks.5,0.992060
2,1,8,vit_tiny,cifar10,1.0,7,base.blocks.6,0.991375
2,1,8,vit_tiny,cifar10,1.0,8,base.blocks.7,0.988383
2,1,8,vit_tiny,cifar10,1.0,9,base.blocks.8,0.987140
2,1,8,vit_tiny,cifar10,1.0,10,base.blocks.9,0.985267
2,1,8,vit_tiny,cifar10,1.0,11,base.blocks.10,0.983227
2,1,8,vit_tiny,cifar10,1.0,12,base.blocks.11,0.982263
2,1,8,vit_tiny,cifar10,1.0,13,base.norm,0.977931
2,1,8,vit_tiny,cifar10,1.0,14,classifier,0.855695
2,1,9,vit_tiny,cifar10,1.0,0,base.patch_embed,0.985478
2,1,9,vit_tiny,cifar10,1.0,1,base.blocks.0,0.982851
2,1,9,vit_tiny,cifar10,1.0,2,base.blocks.1,0.978587
2,1,9,vit_tiny,cifar10,1.0,3,base.blocks.2,0.975407
2,1,9,vit_tiny,cifar10,1.0,4,base.blocks.3,0.968435
2,1,9,vit_tiny,cifar10,1.0,5,base.blocks.4,0.962436
2,1,9,vit_tiny,cifar10,1.0,6,base.blocks.5,0.955368
2,1,9,vit_tiny,cifar10,1.0,7,base.blocks.6,0.947673
2,1,9,vit_tiny,cifar10,1.0,8,base.blocks.7,0.937558
2,1,9,vit_tiny,cifar10,1.0,9,base.blocks.8,0.932489
2,1,9,vit_tiny,cifar10,1.0,10,base.blocks.9,0.927239
2,1,9,vit_tiny,cifar10,1.0,11,base.blocks.10,0.922334
2,1,9,vit_tiny,cifar10,1.0,12,base.blocks.11,0.916842
2,1,9,vit_tiny,cifar10,1.0,13,base.norm,0.907956
2,1,9,vit_tiny,cifar10,1.0,14,classifier,0.889827
2,2,3,vit_tiny,cifar10,1.0,0,base.patch_embed,0.973358
2,2,3,vit_tiny,cifar10,1.0,1,base.blocks.0,0.974057
2,2,3,vit_tiny,cifar10,1.0,2,base.blocks.1,0.973008
2,2,3,vit_tiny,cifar10,1.0,3,base.blocks.2,0.972213
2,2,3,vit_tiny,cifar10,1.0,4,base.blocks.3,0.967484
2,2,3,vit_tiny,cifar10,1.0,5,base.blocks.4,0.966595
2,2,3,vit_tiny,cifar10,1.0,6,base.blocks.5,0.961455
2,2,3,vit_tiny,cifar10,1.0,7,base.blocks.6,0.958147
2,2,3,vit_tiny,cifar10,1.0,8,base.blocks.7,0.952518
2,2,3,vit_tiny,cifar10,1.0,9,base.blocks.8,0.946784
2,2,3,vit_tiny,cifar10,1.0,10,base.blocks.9,0.942445
2,2,3,vit_tiny,cifar10,1.0,11,base.blocks.10,0.940055
2,2,3,vit_tiny,cifar10,1.0,12,base.blocks.11,0.937495
2,2,3,vit_tiny,cifar10,1.0,13,base.norm,0.925807
2,2,3,vit_tiny,cifar10,1.0,14,classifier,0.850532
2,2,4,vit_tiny,cifar10,1.0,0,base.patch_embed,0.985259
2,2,4,vit_tiny,cifar10,1.0,1,base.blocks.0,0.984568
2,2,4,vit_tiny,cifar10,1.0,2,base.blocks.1,0.984856
2,2,4,vit_tiny,cifar10,1.0,3,base.blocks.2,0.985129
2,2,4,vit_tiny,cifar10,1.0,4,base.blocks.3,0.984976
2,2,4,vit_tiny,cifar10,1.0,5,base.blocks.4,0.985037
2,2,4,vit_tiny,cifar10,1.0,6,base.blocks.5,0.982937
2,2,4,vit_tiny,cifar10,1.0,7,base.blocks.6,0.982244
2,2,4,vit_tiny,cifar10,1.0,8,base.blocks.7,0.980396
2,2,4,vit_tiny,cifar10,1.0,9,base.blocks.8,0.978476
2,2,4,vit_tiny,cifar10,1.0,10,base.blocks.9,0.977780
2,2,4,vit_tiny,cifar10,1.0,11,base.blocks.10,0.975612
2,2,4,vit_tiny,cifar10,1.0,12,base.blocks.11,0.974691
2,2,4,vit_tiny,cifar10,1.0,13,base.norm,0.961895
2,2,4,vit_tiny,cifar10,1.0,14,classifier,0.797892
2,2,5,vit_tiny,cifar10,1.0,0,base.patch_embed,0.983260
2,2,5,vit_tiny,cifar10,1.0,1,base.blocks.0,0.985009
2,2,5,vit_tiny,cifar10,1.0,2,base.blocks.1,0.984650
2,2,5,vit_tiny,cifar10,1.0,3,base.blocks.2,0.984998
2,2,5,vit_tiny,cifar10,1.0,4,base.blocks.3,0.983310
2,2,5,vit_tiny,cifar10,1.0,5,base.blocks.4,0.981855
2,2,5,vit_tiny,cifar10,1.0,6,base.blocks.5,0.980019
2,2,5,vit_tiny,cifar10,1.0,7,base.blocks.6,0.978216
2,2,5,vit_tiny,cifar10,1.0,8,base.blocks.7,0.975758
2,2,5,vit_tiny,cifar10,1.0,9,base.blocks.8,0.973717
2,2,5,vit_tiny,cifar10,1.0,10,base.blocks.9,0.970963
2,2,5,vit_tiny,cifar10,1.0,11,base.blocks.10,0.966811
2,2,5,vit_tiny,cifar10,1.0,12,base.blocks.11,0.964377
2,2,5,vit_tiny,cifar10,1.0,13,base.norm,0.946328
2,2,5,vit_tiny,cifar10,1.0,14,classifier,0.866619
2,2,6,vit_tiny,cifar10,1.0,0,base.patch_embed,0.985124
2,2,6,vit_tiny,cifar10,1.0,1,base.blocks.0,0.988299
2,2,6,vit_tiny,cifar10,1.0,2,base.blocks.1,0.987632
2,2,6,vit_tiny,cifar10,1.0,3,base.blocks.2,0.985926
2,2,6,vit_tiny,cifar10,1.0,4,base.blocks.3,0.983048
2,2,6,vit_tiny,cifar10,1.0,5,base.blocks.4,0.980295
2,2,6,vit_tiny,cifar10,1.0,6,base.blocks.5,0.976989
2,2,6,vit_tiny,cifar10,1.0,7,base.blocks.6,0.970705
2,2,6,vit_tiny,cifar10,1.0,8,base.blocks.7,0.963718
2,2,6,vit_tiny,cifar10,1.0,9,base.blocks.8,0.957606
2,2,6,vit_tiny,cifar10,1.0,10,base.blocks.9,0.951491
2,2,6,vit_tiny,cifar10,1.0,11,base.blocks.10,0.946292
2,2,6,vit_tiny,cifar10,1.0,12,base.blocks.11,0.939975
2,2,6,vit_tiny,cifar10,1.0,13,base.norm,0.928769
2,2,6,vit_tiny,cifar10,1.0,14,classifier,0.804011
2,2,7,vit_tiny,cifar10,1.0,0,base.patch_embed,0.985969
2,2,7,vit_tiny,cifar10,1.0,1,base.blocks.0,0.985496
2,2,7,vit_tiny,cifar10,1.0,2,base.blocks.1,0.984602
2,2,7,vit_tiny,cifar10,1.0,3,base.blocks.2,0.982816
2,2,7,vit_tiny,cifar10,1.0,4,base.blocks.3,0.979085
2,2,7,vit_tiny,cifar10,1.0,5,base.blocks.4,0.975470
2,2,7,vit_tiny,cifar10,1.0,6,base.blocks.5,0.971078
2,2,7,vit_tiny,cifar10,1.0,7,base.blocks.6,0.964158
2,2,7,vit_tiny,cifar10,1.0,8,base.blocks.7,0.956068
2,2,7,vit_tiny,cifar10,1.0,9,base.blocks.8,0.947015
2,2,7,vit_tiny,cifar10,1.0,10,base.blocks.9,0.937374
2,2,7,vit_tiny,cifar10,1.0,11,base.blocks.10,0.929564
2,2,7,vit_tiny,cifar10,1.0,12,base.blocks.11,0.923855
2,2,7,vit_tiny,cifar10,1.0,13,base.norm,0.915836
2,2,7,vit_tiny,cifar10,1.0,14,classifier,0.786730
2,2,8,vit_tiny,cifar10,1.0,0,base.patch_embed,0.887324
2,2,8,vit_tiny,cifar10,1.0,1,base.blocks.0,0.897253
2,2,8,vit_tiny,cifar10,1.0,2,base.blocks.1,0.899170
2,2,8,vit_tiny,cifar10,1.0,3,base.blocks.2,0.900489
2,2,8,vit_tiny,cifar10,1.0,4,base.blocks.3,0.895775
2,2,8,vit_tiny,cifar10,1.0,5,base.blocks.4,0.892257
2,2,8,vit_tiny,cifar10,1.0,6,base.blocks.5,0.891277
2,2,8,vit_tiny,cifar10,1.0,7,base.blocks.6,0.889494
2,2,8,vit_tiny,cifar10,1.0,8,base.blocks.7,0.887017
2,2,8,vit_tiny,cifar10,1.0,9,base.blocks.8,0.885212
2,2,8,vit_tiny,cifar10,1.0,10,base.blocks.9,0.880973
2,2,8,vit_tiny,cifar10,1.0,11,base.blocks.10,0.877178
2,2,8,vit_tiny,cifar10,1.0,12,base.blocks.11,0.874620
2,2,8,vit_tiny,cifar10,1.0,13,base.norm,0.893152
2,2,8,vit_tiny,cifar10,1.0,14,classifier,0.756763
2,2,9,vit_tiny,cifar10,1.0,0,base.patch_embed,0.946372
2,2,9,vit_tiny,cifar10,1.0,1,base.blocks.0,0.940932
2,2,9,vit_tiny,cifar10,1.0,2,base.blocks.1,0.932035
2,2,9,vit_tiny,cifar10,1.0,3,base.blocks.2,0.923786
2,2,9,vit_tiny,cifar10,1.0,4,base.blocks.3,0.913755
2,2,9,vit_tiny,cifar10,1.0,5,base.blocks.4,0.903457
2,2,9,vit_tiny,cifar10,1.0,6,base.blocks.5,0.895185
2,2,9,vit_tiny,cifar10,1.0,7,base.blocks.6,0.888855
2,2,9,vit_tiny,cifar10,1.0,8,base.blocks.7,0.877663
2,2,9,vit_tiny,cifar10,1.0,9,base.blocks.8,0.870756
2,2,9,vit_tiny,cifar10,1.0,10,base.blocks.9,0.865045
2,2,9,vit_tiny,cifar10,1.0,11,base.blocks.10,0.860374
2,2,9,vit_tiny,cifar10,1.0,12,base.blocks.11,0.855948
2,2,9,vit_tiny,cifar10,1.0,13,base.norm,0.863334
2,2,9,vit_tiny,cifar10,1.0,14,classifier,0.861378
2,3,4,vit_tiny,cifar10,1.0,0,base.patch_embed,0.991971
2,3,4,vit_tiny,cifar10,1.0,1,base.blocks.0,0.989794
2,3,4,vit_tiny,cifar10,1.0,2,base.blocks.1,0.987978
2,3,4,vit_tiny,cifar10,1.0,3,base.blocks.2,0.987166
2,3,4,vit_tiny,cifar10,1.0,4,base.blocks.3,0.985765
2,3,4,vit_tiny,cifar10,1.0,5,base.blocks.4,0.984878
2,3,4,vit_tiny,cifar10,1.0,6,base.blocks.5,0.981707
2,3,4,vit_tiny,cifar10,1.0,7,base.blocks.6,0.979719
2,3,4,vit_tiny,cifar10,1.0,8,base.blocks.7,0.976328
2,3,4,vit_tiny,cifar10,1.0,9,base.blocks.8,0.974681
2,3,4,vit_tiny,cifar10,1.0,10,base.blocks.9,0.971867
2,3,4,vit_tiny,cifar10,1.0,11,base.blocks.10,0.970971
2,3,4,vit_tiny,cifar10,1.0,12,base.blocks.11,0.968664
2,3,4,vit_tiny,cifar10,1.0,13,base.norm,0.960003
2,3,4,vit_tiny,cifar10,1.0,14,classifier,0.858069
2,3,5,vit_tiny,cifar10,1.0,0,base.patch_embed,0.989796
2,3,5,vit_tiny,cifar10,1.0,1,base.blocks.0,0.985822
2,3,5,vit_tiny,cifar10,1.0,2,base.blocks.1,0.983012
2,3,5,vit_tiny,cifar10,1.0,3,base.blocks.2,0.981999
2,3,5,vit_tiny,cifar10,1.0,4,base.blocks.3,0.980721
2,3,5,vit_tiny,cifar10,1.0,5,base.blocks.4,0.979992
2,3,5,vit_tiny,cifar10,1.0,6,base.blocks.5,0.977930
2,3,5,vit_tiny,cifar10,1.0,7,base.blocks.6,0.975123
2,3,5,vit_tiny,cifar10,1.0,8,base.blocks.7,0.972214
2,3,5,vit_tiny,cifar10,1.0,9,base.blocks.8,0.970024
2,3,5,vit_tiny,cifar10,1.0,10,base.blocks.9,0.969044
2,3,5,vit_tiny,cifar10,1.0,11,base.blocks.10,0.969011
2,3,5,vit_tiny,cifar10,1.0,12,base.blocks.11,0.966508
2,3,5,vit_tiny,cifar10,1.0,13,base.norm,0.962555
2,3,5,vit_tiny,cifar10,1.0,14,classifier,0.869664
2,3,6,vit_tiny,cifar10,1.0,0,base.patch_embed,0.995981
2,3,6,vit_tiny,cifar10,1.0,1,base.blocks.0,0.990950
2,3,6,vit_tiny,cifar10,1.0,2,base.blocks.1,0.987413
2,3,6,vit_tiny,cifar10,1.0,3,base.blocks.2,0.982538
2,3,6,vit_tiny,cifar10,1.0,4,base.blocks.3,0.975095
2,3,6,vit_tiny,cifar10,1.0,5,base.blocks.4,0.970957
2,3,6,vit_tiny,cifar10,1.0,6,base.blocks.5,0.964183
2,3,6,vit_tiny,cifar10,1.0,7,base.blocks.6,0.957919
2,3,6,vit_tiny,cifar10,1.0,8,base.blocks.7,0.950553
2,3,6,vit_tiny,cifar10,1.0,9,base.blocks.8,0.944871
2,3,6,vit_tiny,cifar10,1.0,10,base.blocks.9,0.943088
2,3,6,vit_tiny,cifar10,1.0,11,base.blocks.10,0.940249
2,3,6,vit_tiny,cifar10,1.0,12,base.blocks.11,0.934337
2,3,6,vit_tiny,cifar10,1.0,13,base.norm,0.932046
2,3,6,vit_tiny,cifar10,1.0,14,classifier,0.852036
2,3,7,vit_tiny,cifar10,1.0,0,base.patch_embed,0.992792
2,3,7,vit_tiny,cifar10,1.0,1,base.blocks.0,0.991163
2,3,7,vit_tiny,cifar10,1.0,2,base.blocks.1,0.989257
2,3,7,vit_tiny,cifar10,1.0,3,base.blocks.2,0.985777
2,3,7,vit_tiny,cifar10,1.0,4,base.blocks.3,0.980560
2,3,7,vit_tiny,cifar10,1.0,5,base.blocks.4,0.977898
2,3,7,vit_tiny,cifar10,1.0,6,base.blocks.5,0.975287
2,3,7,vit_tiny,cifar10,1.0,7,base.blocks.6,0.971735
2,3,7,vit_tiny,cifar10,1.0,8,base.blocks.7,0.969196
2,3,7,vit_tiny,cifar10,1.0,9,base.blocks.8,0.966823
2,3,7,vit_tiny,cifar10,1.0,10,base.blocks.9,0.963367
2,3,7,vit_tiny,cifar10,1.0,11,base.blocks.10,0.962801
2,3,7,vit_tiny,cifar10,1.0,12,base.blocks.11,0.961430
2,3,7,vit_tiny,cifar10,1.0,13,base.norm,0.959882
2,3,7,vit_tiny,cifar10,1.0,14,classifier,0.882859
2,3,8,vit_tiny,cifar10,1.0,0,base.patch_embed,0.960544
2,3,8,vit_tiny,cifar10,1.0,1,base.blocks.0,0.961752
2,3,8,vit_tiny,cifar10,1.0,2,base.blocks.1,0.959391
2,3,8,vit_tiny,cifar10,1.0,3,base.blocks.2,0.957817
2,3,8,vit_tiny,cifar10,1.0,4,base.blocks.3,0.957939
2,3,8,vit_tiny,cifar10,1.0,5,base.blocks.4,0.952442
2,3,8,vit_tiny,cifar10,1.0,6,base.blocks.5,0.951567
2,3,8,vit_tiny,cifar10,1.0,7,base.blocks.6,0.947855
2,3,8,vit_tiny,cifar10,1.0,8,base.blocks.7,0.945417
2,3,8,vit_tiny,cifar10,1.0,9,base.blocks.8,0.943851
2,3,8,vit_tiny,cifar10,1.0,10,base.blocks.9,0.941433
2,3,8,vit_tiny,cifar10,1.0,11,base.blocks.10,0.938587
2,3,8,vit_tiny,cifar10,1.0,12,base.blocks.11,0.934173
2,3,8,vit_tiny,cifar10,1.0,13,base.norm,0.936568
2,3,8,vit_tiny,cifar10,1.0,14,classifier,0.801764
2,3,9,vit_tiny,cifar10,1.0,0,base.patch_embed,0.987006
2,3,9,vit_tiny,cifar10,1.0,1,base.blocks.0,0.981074
2,3,9,vit_tiny,cifar10,1.0,2,base.blocks.1,0.973138
2,3,9,vit_tiny,cifar10,1.0,3,base.blocks.2,0.966177
2,3,9,vit_tiny,cifar10,1.0,4,base.blocks.3,0.962889
2,3,9,vit_tiny,cifar10,1.0,5,base.blocks.4,0.952945
2,3,9,vit_tiny,cifar10,1.0,6,base.blocks.5,0.946205
2,3,9,vit_tiny,cifar10,1.0,7,base.blocks.6,0.938496
2,3,9,vit_tiny,cifar10,1.0,8,base.blocks.7,0.928349
2,3,9,vit_tiny,cifar10,1.0,9,base.blocks.8,0.922047
2,3,9,vit_tiny,cifar10,1.0,10,base.blocks.9,0.917612
2,3,9,vit_tiny,cifar10,1.0,11,base.blocks.10,0.911571
2,3,9,vit_tiny,cifar10,1.0,12,base.blocks.11,0.901497
2,3,9,vit_tiny,cifar10,1.0,13,base.norm,0.895422
2,3,9,vit_tiny,cifar10,1.0,14,classifier,0.878130
2,4,5,vit_tiny,cifar10,1.0,0,base.patch_embed,0.997192
2,4,5,vit_tiny,cifar10,1.0,1,base.blocks.0,0.996295
2,4,5,vit_tiny,cifar10,1.0,2,base.blocks.1,0.996267
2,4,5,vit_tiny,cifar10,1.0,3,base.blocks.2,0.995997
2,4,5,vit_tiny,cifar10,1.0,4,base.blocks.3,0.996163
2,4,5,vit_tiny,cifar10,1.0,5,base.blocks.4,0.996009
2,4,5,vit_tiny,cifar10,1.0,6,base.blocks.5,0.996296
2,4,5,vit_tiny,cifar10,1.0,7,base.blocks.6,0.995640
2,4,5,vit_tiny,cifar10,1.0,8,base.blocks.7,0.995525
2,4,5,vit_tiny,cifar10,1.0,9,base.blocks.8,0.994824
2,4,5,vit_tiny,cifar10,1.0,10,base.blocks.9,0.994262
2,4,5,vit_tiny,cifar10,1.0,11,base.blocks.10,0.992580
2,4,5,vit_tiny,cifar10,1.0,12,base.blocks.11,0.990655
2,4,5,vit_tiny,cifar10,1.0,13,base.norm,0.976414
2,4,5,vit_tiny,cifar10,1.0,14,classifier,0.850046
2,4,6,vit_tiny,cifar10,1.0,0,base.patch_embed,0.991952
2,4,6,vit_tiny,cifar10,1.0,1,base.blocks.0,0.985760
2,4,6,vit_tiny,cifar10,1.0,2,base.blocks.1,0.981702
2,4,6,vit_tiny,cifar10,1.0,3,base.blocks.2,0.976555
2,4,6,vit_tiny,cifar10,1.0,4,base.blocks.3,0.971684
2,4,6,vit_tiny,cifar10,1.0,5,base.blocks.4,0.967300
2,4,6,vit_tiny,cifar10,1.0,6,base.blocks.5,0.960289
2,4,6,vit_tiny,cifar10,1.0,7,base.blocks.6,0.954185
2,4,6,vit_tiny,cifar10,1.0,8,base.blocks.7,0.946040
2,4,6,vit_tiny,cifar10,1.0,9,base.blocks.8,0.943100
2,4,6,vit_tiny,cifar10,1.0,10,base.blocks.9,0.942057
2,4,6,vit_tiny,cifar10,1.0,11,base.blocks.10,0.940144
2,4,6,vit_tiny,cifar10,1.0,12,base.blocks.11,0.935216
2,4,6,vit_tiny,cifar10,1.0,13,base.norm,0.930157
2,4,6,vit_tiny,cifar10,1.0,14,classifier,0.837690
2,4,7,vit_tiny,cifar10,1.0,0,base.patch_embed,0.989290
2,4,7,vit_tiny,cifar10,1.0,1,base.blocks.0,0.984140
2,4,7,vit_tiny,cifar10,1.0,2,base.blocks.1,0.981081
2,4,7,vit_tiny,cifar10,1.0,3,base.blocks.2,0.976590
2,4,7,vit_tiny,cifar10,1.0,4,base.blocks.3,0.971458
2,4,7,vit_tiny,cifar10,1.0,5,base.blocks.4,0.966730
2,4,7,vit_tiny,cifar10,1.0,6,base.blocks.5,0.961303
2,4,7,vit_tiny,cifar10,1.0,7,base.blocks.6,0.955877
2,4,7,vit_tiny,cifar10,1.0,8,base.blocks.7,0.949867
2,4,7,vit_tiny,cifar10,1.0,9,base.blocks.8,0.947450
2,4,7,vit_tiny,cifar10,1.0,10,base.blocks.9,0.942034
2,4,7,vit_tiny,cifar10,1.0,11,base.blocks.10,0.941287
2,4,7,vit_tiny,cifar10,1.0,12,base.blocks.11,0.939178
2,4,7,vit_tiny,cifar10,1.0,13,base.norm,0.938429
2,4,7,vit_tiny,cifar10,1.0,14,classifier,0.842299
2,4,8,vit_tiny,cifar10,1.0,0,base.patch_embed,0.942953
2,4,8,vit_tiny,cifar10,1.0,1,base.blocks.0,0.949119
2,4,8,vit_tiny,cifar10,1.0,2,base.blocks.1,0.948666
2,4,8,vit_tiny,cifar10,1.0,3,base.blocks.2,0.947665
2,4,8,vit_tiny,cifar10,1.0,4,base.blocks.3,0.943817
2,4,8,vit_tiny,cifar10,1.0,5,base.blocks.4,0.939346
2,4,8,vit_tiny,cifar10,1.0,6,base.blocks.5,0.939614
2,4,8,vit_tiny,cifar10,1.0,7,base.blocks.6,0.937786
2,4,8,vit_tiny,cifar10,1.0,8,base.blocks.7,0.935459
2,4,8,vit_tiny,cifar10,1.0,9,base.blocks.8,0.937939
2,4,8,vit_tiny,cifar10,1.0,10,base.blocks.9,0.935635
2,4,8,vit_tiny,cifar10,1.0,11,base.blocks.10,0.935338
2,4,8,vit_tiny,cifar10,1.0,12,base.blocks.11,0.931836
2,4,8,vit_tiny,cifar10,1.0,13,base.norm,0.940828
2,4,8,vit_tiny,cifar10,1.0,14,classifier,0.786946
2,4,9,vit_tiny,cifar10,1.0,0,base.patch_embed,0.984759
2,4,9,vit_tiny,cifar10,1.0,1,base.blocks.0,0.980703
2,4,9,vit_tiny,cifar10,1.0,2,base.blocks.1,0.973745
2,4,9,vit_tiny,cifar10,1.0,3,base.blocks.2,0.966924
2,4,9,vit_tiny,cifar10,1.0,4,base.blocks.3,0.959996
2,4,9,vit_tiny,cifar10,1.0,5,base.blocks.4,0.951300
2,4,9,vit_tiny,cifar10,1.0,6,base.blocks.5,0.947051
2,4,9,vit_tiny,cifar10,1.0,7,base.blocks.6,0.941399
2,4,9,vit_tiny,cifar10,1.0,8,base.blocks.7,0.933564
2,4,9,vit_tiny,cifar10,1.0,9,base.blocks.8,0.931087
2,4,9,vit_tiny,cifar10,1.0,10,base.blocks.9,0.926010
2,4,9,vit_tiny,cifar10,1.0,11,base.blocks.10,0.922697
2,4,9,vit_tiny,cifar10,1.0,12,base.blocks.11,0.915270
2,4,9,vit_tiny,cifar10,1.0,13,base.norm,0.917587
2,4,9,vit_tiny,cifar10,1.0,14,classifier,0.859106
2,5,6,vit_tiny,cifar10,1.0,0,base.patch_embed,0.988762
2,5,6,vit_tiny,cifar10,1.0,1,base.blocks.0,0.980262
2,5,6,vit_tiny,cifar10,1.0,2,base.blocks.1,0.974021
2,5,6,vit_tiny,cifar10,1.0,3,base.blocks.2,0.967452
2,5,6,vit_tiny,cifar10,1.0,4,base.blocks.3,0.960101
2,5,6,vit_tiny,cifar10,1.0,5,base.blocks.4,0.954138
2,5,6,vit_tiny,cifar10,1.0,6,base.blocks.5,0.947781
2,5,6,vit_tiny,cifar10,1.0,7,base.blocks.6,0.938082
2,5,6,vit_tiny,cifar10,1.0,8,base.blocks.7,0.928776
2,5,6,vit_tiny,cifar10,1.0,9,base.blocks.8,0.923570
2,5,6,vit_tiny,cifar10,1.0,10,base.blocks.9,0.921711
2,5,6,vit_tiny,cifar10,1.0,11,base.blocks.10,0.917237
2,5,6,vit_tiny,cifar10,1.0,12,base.blocks.11,0.908159
2,5,6,vit_tiny,cifar10,1.0,13,base.norm,0.904718
2,5,6,vit_tiny,cifar10,1.0,14,classifier,0.902854
2,5,7,vit_tiny,cifar10,1.0,0,base.patch_embed,0.982397
2,5,7,vit_tiny,cifar10,1.0,1,base.blocks.0,0.976437
2,5,7,vit_tiny,cifar10,1.0,2,base.blocks.1,0.971736
2,5,7,vit_tiny,cifar10,1.0,3,base.blocks.2,0.966105
2,5,7,vit_tiny,cifar10,1.0,4,base.blocks.3,0.959067
2,5,7,vit_tiny,cifar10,1.0,5,base.blocks.4,0.952972
2,5,7,vit_tiny,cifar10,1.0,6,base.blocks.5,0.948618
2,5,7,vit_tiny,cifar10,1.0,7,base.blocks.6,0.939619
2,5,7,vit_tiny,cifar10,1.0,8,base.blocks.7,0.933450
2,5,7,vit_tiny,cifar10,1.0,9,base.blocks.8,0.928973
2,5,7,vit_tiny,cifar10,1.0,10,base.blocks.9,0.923487
2,5,7,vit_tiny,cifar10,1.0,11,base.blocks.10,0.922224
2,5,7,vit_tiny,cifar10,1.0,12,base.blocks.11,0.918516
2,5,7,vit_tiny,cifar10,1.0,13,base.norm,0.922202
2,5,7,vit_tiny,cifar10,1.0,14,classifier,0.906129
2,5,8,vit_tiny,cifar10,1.0,0,base.patch_embed,0.948370
2,5,8,vit_tiny,cifar10,1.0,1,base.blocks.0,0.945975
2,5,8,vit_tiny,cifar10,1.0,2,base.blocks.1,0.943645
2,5,8,vit_tiny,cifar10,1.0,3,base.blocks.2,0.940550
2,5,8,vit_tiny,cifar10,1.0,4,base.blocks.3,0.937092
2,5,8,vit_tiny,cifar10,1.0,5,base.blocks.4,0.934644
2,5,8,vit_tiny,cifar10,1.0,6,base.blocks.5,0.935203
2,5,8,vit_tiny,cifar10,1.0,7,base.blocks.6,0.933616
2,5,8,vit_tiny,cifar10,1.0,8,base.blocks.7,0.932047
2,5,8,vit_tiny,cifar10,1.0,9,base.blocks.8,0.932594
2,5,8,vit_tiny,cifar10,1.0,10,base.blocks.9,0.933862
2,5,8,vit_tiny,cifar10,1.0,11,base.blocks.10,0.936122
2,5,8,vit_tiny,cifar10,1.0,12,base.blocks.11,0.934530
2,5,8,vit_tiny,cifar10,1.0,13,base.norm,0.944489
2,5,8,vit_tiny,cifar10,1.0,14,classifier,0.890300
2,5,9,vit_tiny,cifar10,1.0,0,base.patch_embed,0.985315
2,5,9,vit_tiny,cifar10,1.0,1,base.blocks.0,0.978068
2,5,9,vit_tiny,cifar10,1.0,2,base.blocks.1,0.971836
2,5,9,vit_tiny,cifar10,1.0,3,base.blocks.2,0.965024
2,5,9,vit_tiny,cifar10,1.0,4,base.blocks.3,0.960276
2,5,9,vit_tiny,cifar10,1.0,5,base.blocks.4,0.954879
2,5,9,vit_tiny,cifar10,1.0,6,base.blocks.5,0.950997
2,5,9,vit_tiny,cifar10,1.0,7,base.blocks.6,0.947195
2,5,9,vit_tiny,cifar10,1.0,8,base.blocks.7,0.940163
2,5,9,vit_tiny,cifar10,1.0,9,base.blocks.8,0.936415
2,5,9,vit_tiny,cifar10,1.0,10,base.blocks.9,0.934307
2,5,9,vit_tiny,cifar10,1.0,11,base.blocks.10,0.933994
2,5,9,vit_tiny,cifar10,1.0,12,base.blocks.11,0.929127
2,5,9,vit_tiny,cifar10,1.0,13,base.norm,0.927234
2,5,9,vit_tiny,cifar10,1.0,14,classifier,0.909340
2,6,7,vit_tiny,cifar10,1.0,0,base.patch_embed,0.997609
2,6,7,vit_tiny,cifar10,1.0,1,base.blocks.0,0.998527
2,6,7,vit_tiny,cifar10,1.0,2,base.blocks.1,0.998325
2,6,7,vit_tiny,cifar10,1.0,3,base.blocks.2,0.997944
2,6,7,vit_tiny,cifar10,1.0,4,base.blocks.3,0.997384
2,6,7,vit_tiny,cifar10,1.0,5,base.blocks.4,0.996622
2,6,7,vit_tiny,cifar10,1.0,6,base.blocks.5,0.995504
2,6,7,vit_tiny,cifar10,1.0,7,base.blocks.6,0.994331
2,6,7,vit_tiny,cifar10,1.0,8,base.blocks.7,0.992429
2,6,7,vit_tiny,cifar10,1.0,9,base.blocks.8,0.990523
2,6,7,vit_tiny,cifar10,1.0,10,base.blocks.9,0.990112
2,6,7,vit_tiny,cifar10,1.0,11,base.blocks.10,0.987917
2,6,7,vit_tiny,cifar10,1.0,12,base.blocks.11,0.985112
2,6,7,vit_tiny,cifar10,1.0,13,base.norm,0.979739
2,6,7,vit_tiny,cifar10,1.0,14,classifier,0.950842
2,6,8,vit_tiny,cifar10,1.0,0,base.patch_embed,0.944817
2,6,8,vit_tiny,cifar10,1.0,1,base.blocks.0,0.936589
2,6,8,vit_tiny,cifar10,1.0,2,base.blocks.1,0.931986
2,6,8,vit_tiny,cifar10,1.0,3,base.blocks.2,0.926448
2,6,8,vit_tiny,cifar10,1.0,4,base.blocks.3,0.918938
2,6,8,vit_tiny,cifar10,1.0,5,base.blocks.4,0.911787
2,6,8,vit_tiny,cifar10,1.0,6,base.blocks.5,0.907438
2,6,8,vit_tiny,cifar10,1.0,7,base.blocks.6,0.904254
2,6,8,vit_tiny,cifar10,1.0,8,base.blocks.7,0.903804
2,6,8,vit_tiny,cifar10,1.0,9,base.blocks.8,0.904854
2,6,8,vit_tiny,cifar10,1.0,10,base.blocks.9,0.908017
2,6,8,vit_tiny,cifar10,1.0,11,base.blocks.10,0.906786
2,6,8,vit_tiny,cifar10,1.0,12,base.blocks.11,0.900967
2,6,8,vit_tiny,cifar10,1.0,13,base.norm,0.918398
2,6,8,vit_tiny,cifar10,1.0,14,classifier,0.881622
2,6,9,vit_tiny,cifar10,1.0,0,base.patch_embed,0.978272
2,6,9,vit_tiny,cifar10,1.0,1,base.blocks.0,0.962401
2,6,9,vit_tiny,cifar10,1.0,2,base.blocks.1,0.948160
2,6,9,vit_tiny,cifar10,1.0,3,base.blocks.2,0.931920
2,6,9,vit_tiny,cifar10,1.0,4,base.blocks.3,0.914309
2,6,9,vit_tiny,cifar10,1.0,5,base.blocks.4,0.895898
2,6,9,vit_tiny,cifar10,1.0,6,base.blocks.5,0.878877
2,6,9,vit_tiny,cifar10,1.0,7,base.blocks.6,0.861625
2,6,9,vit_tiny,cifar10,1.0,8,base.blocks.7,0.841692
2,6,9,vit_tiny,cifar10,1.0,9,base.blocks.8,0.832061
2,6,9,vit_tiny,cifar10,1.0,10,base.blocks.9,0.831842
2,6,9,vit_tiny,cifar10,1.0,11,base.blocks.10,0.825003
2,6,9,vit_tiny,cifar10,1.0,12,base.blocks.11,0.807376
2,6,9,vit_tiny,cifar10,1.0,13,base.norm,0.810072
2,6,9,vit_tiny,cifar10,1.0,14,classifier,0.866169
2,7,8,vit_tiny,cifar10,1.0,0,base.patch_embed,0.929293
2,7,8,vit_tiny,cifar10,1.0,1,base.blocks.0,0.933281
2,7,8,vit_tiny,cifar10,1.0,2,base.blocks.1,0.931449
2,7,8,vit_tiny,cifar10,1.0,3,base.blocks.2,0.927280
2,7,8,vit_tiny,cifar10,1.0,4,base.blocks.3,0.922325
2,7,8,vit_tiny,cifar10,1.0,5,base.blocks.4,0.916546
2,7,8,vit_tiny,cifar10,1.0,6,base.blocks.5,0.917600
2,7,8,vit_tiny,cifar10,1.0,7,base.blocks.6,0.916040
2,7,8,vit_tiny,cifar10,1.0,8,base.blocks.7,0.922126
2,7,8,vit_tiny,cifar10,1.0,9,base.blocks.8,0.927352
2,7,8,vit_tiny,cifar10,1.0,10,base.blocks.9,0.927807
2,7,8,vit_tiny,cifar10,1.0,11,base.blocks.10,0.933074
2,7,8,vit_tiny,cifar10,1.0,12,base.blocks.11,0.934878
2,7,8,vit_tiny,cifar10,1.0,13,base.norm,0.943827
2,7,8,vit_tiny,cifar10,1.0,14,classifier,0.861842
2,7,9,vit_tiny,cifar10,1.0,0,base.patch_embed,0.970233
2,7,9,vit_tiny,cifar10,1.0,1,base.blocks.0,0.961201
2,7,9,vit_tiny,cifar10,1.0,2,base.blocks.1,0.949634
2,7,9,vit_tiny,cifar10,1.0,3,base.blocks.2,0.935399
2,7,9,vit_tiny,cifar10,1.0,4,base.blocks.3,0.921264
2,7,9,vit_tiny,cifar10,1.0,5,base.blocks.4,0.905145
2,7,9,vit_tiny,cifar10,1.0,6,base.blocks.5,0.894090
2,7,9,vit_tiny,cifar10,1.0,7,base.blocks.6,0.879942
2,7,9,vit_tiny,cifar10,1.0,8,base.blocks.7,0.868622
2,7,9,vit_tiny,cifar10,1.0,9,base.blocks.8,0.863909
2,7,9,vit_tiny,cifar10,1.0,10,base.blocks.9,0.859716
2,7,9,vit_tiny,cifar10,1.0,11,base.blocks.10,0.858903
2,7,9,vit_tiny,cifar10,1.0,12,base.blocks.11,0.850625
2,7,9,vit_tiny,cifar10,1.0,13,base.norm,0.857430
2,7,9,vit_tiny,cifar10,1.0,14,classifier,0.863589
2,8,9,vit_tiny,cifar10,1.0,0,base.patch_embed,0.984315
2,8,9,vit_tiny,cifar10,1.0,1,base.blocks.0,0.989280
2,8,9,vit_tiny,cifar10,1.0,2,base.blocks.1,0.990270
2,8,9,vit_tiny,cifar10,1.0,3,base.blocks.2,0.989206
2,8,9,vit_tiny,cifar10,1.0,4,base.blocks.3,0.985249
2,8,9,vit_tiny,cifar10,1.0,5,base.blocks.4,0.980981
2,8,9,vit_tiny,cifar10,1.0,6,base.blocks.5,0.975981
2,8,9,vit_tiny,cifar10,1.0,7,base.blocks.6,0.968753
2,8,9,vit_tiny,cifar10,1.0,8,base.blocks.7,0.959213
2,8,9,vit_tiny,cifar10,1.0,9,base.blocks.8,0.953604
2,8,9,vit_tiny,cifar10,1.0,10,base.blocks.9,0.950136
2,8,9,vit_tiny,cifar10,1.0,11,base.blocks.10,0.944005
2,8,9,vit_tiny,cifar10,1.0,12,base.blocks.11,0.936875
2,8,9,vit_tiny,cifar10,1.0,13,base.norm,0.926858
2,8,9,vit_tiny,cifar10,1.0,14,classifier,0.803784
5,0,1,vit_tiny,cifar10,1.0,0,base.patch_embed,0.944160
5,0,1,vit_tiny,cifar10,1.0,1,base.blocks.0,0.915085
5,0,1,vit_tiny,cifar10,1.0,2,base.blocks.1,0.900123
5,0,1,vit_tiny,cifar10,1.0,3,base.blocks.2,0.883589
5,0,1,vit_tiny,cifar10,1.0,4,base.blocks.3,0.898132
5,0,1,vit_tiny,cifar10,1.0,5,base.blocks.4,0.892612
5,0,1,vit_tiny,cifar10,1.0,6,base.blocks.5,0.887210
5,0,1,vit_tiny,cifar10,1.0,7,base.blocks.6,0.889739
5,0,1,vit_tiny,cifar10,1.0,8,base.blocks.7,0.882124
5,0,1,vit_tiny,cifar10,1.0,9,base.blocks.8,0.876764
5,0,1,vit_tiny,cifar10,1.0,10,base.blocks.9,0.874447
5,0,1,vit_tiny,cifar10,1.0,11,base.blocks.10,0.874026
5,0,1,vit_tiny,cifar10,1.0,12,base.blocks.11,0.870214
5,0,1,vit_tiny,cifar10,1.0,13,base.norm,0.880440
5,0,1,vit_tiny,cifar10,1.0,14,classifier,0.813908
5,0,2,vit_tiny,cifar10,1.0,0,base.patch_embed,0.962494
5,0,2,vit_tiny,cifar10,1.0,1,base.blocks.0,0.957636
5,0,2,vit_tiny,cifar10,1.0,2,base.blocks.1,0.957047
5,0,2,vit_tiny,cifar10,1.0,3,base.blocks.2,0.955926
5,0,2,vit_tiny,cifar10,1.0,4,base.blocks.3,0.952258
5,0,2,vit_tiny,cifar10,1.0,5,base.blocks.4,0.950099
5,0,2,vit_tiny,cifar10,1.0,6,base.blocks.5,0.951199
5,0,2,vit_tiny,cifar10,1.0,7,base.blocks.6,0.951838
5,0,2,vit_tiny,cifar10,1.0,8,base.blocks.7,0.952240
5,0,2,vit_tiny,cifar10,1.0,9,base.blocks.8,0.952822
5,0,2,vit_tiny,cifar10,1.0,10,base.blocks.9,0.953912
5,0,2,vit_tiny,cifar10,1.0,11,base.blocks.10,0.954009
5,0,2,vit_tiny,cifar10,1.0,12,base.blocks.11,0.952536
5,0,2,vit_tiny,cifar10,1.0,13,base.norm,0.951986
5,0,2,vit_tiny,cifar10,1.0,14,classifier,0.879171
5,0,3,vit_tiny,cifar10,1.0,0,base.patch_embed,0.947602
5,0,3,vit_tiny,cifar10,1.0,1,base.blocks.0,0.939095
5,0,3,vit_tiny,cifar10,1.0,2,base.blocks.1,0.939557
5,0,3,vit_tiny,cifar10,1.0,3,base.blocks.2,0.937546
5,0,3,vit_tiny,cifar10,1.0,4,base.blocks.3,0.930735
5,0,3,vit_tiny,cifar10,1.0,5,base.blocks.4,0.922753
5,0,3,vit_tiny,cifar10,1.0,6,base.blocks.5,0.918492
5,0,3,vit_tiny,cifar10,1.0,7,base.blocks.6,0.911181
5,0,3,vit_tiny,cifar10,1.0,8,base.blocks.7,0.905545
5,0,3,vit_tiny,cifar10,1.0,9,base.blocks.8,0.900242
5,0,3,vit_tiny,cifar10,1.0,10,base.blocks.9,0.897699
5,0,3,vit_tiny,cifar10,1.0,11,base.blocks.10,0.897558
5,0,3,vit_tiny,cifar10,1.0,12,base.blocks.11,0.890010
5,0,3,vit_tiny,cifar10,1.0,13,base.norm,0.896745
5,0,3,vit_tiny,cifar10,1.0,14,classifier,0.881447
5,0,4,vit_tiny,cifar10,1.0,0,base.patch_embed,0.954633
5,0,4,vit_tiny,cifar10,1.0,1,base.blocks.0,0.945972
5,0,4,vit_tiny,cifar10,1.0,2,base.blocks.1,0.946397
5,0,4,vit_tiny,cifar10,1.0,3,base.blocks.2,0.943198
5,0,4,vit_tiny,cifar10,1.0,4,base.blocks.3,0.951298
5,0,4,vit_tiny,cifar10,1.0,5,base.blocks.4,0.950150
5,0,4,vit_tiny,cifar10,1.0,6,base.blocks.5,0.951114
5,0,4,vit_tiny,cifar10,1.0,7,base.blocks.6,0.955063
5,0,4,vit_tiny,cifar10,1.0,8,base.blocks.7,0.953443
5,0,4,vit_tiny,cifar10,1.0,9,base.blocks.8,0.955111
5,0,4,vit_tiny,cifar10,1.0,10,base.blocks.9,0.958163
5,0,4,vit_tiny,cifar10,1.0,11,base.blocks.10,0.959290
5,0,4,vit_tiny,cifar10,1.0,12,base.blocks.11,0.959199
5,0,4,vit_tiny,cifar10,1.0,13,base.norm,0.952170
5,0,4,vit_tiny,cifar10,1.0,14,classifier,0.911143
5,0,5,vit_tiny,cifar10,1.0,0,base.patch_embed,0.967924
5,0,5,vit_tiny,cifar10,1.0,1,base.blocks.0,0.968543
5,0,5,vit_tiny,cifar10,1.0,2,base.blocks.1,0.970640
5,0,5,vit_tiny,cifar10,1.0,3,base.blocks.2,0.971711
5,0,5,vit_tiny,cifar10,1.0,4,base.blocks.3,0.959985
5,0,5,vit_tiny,cifar10,1.0,5,base.blocks.4,0.951642
5,0,5,vit_tiny,cifar10,1.0,6,base.blocks.5,0.943559
5,0,5,vit_tiny,cifar10,1.0,7,base.blocks.6,0.931963
5,0,5,vit_tiny,cifar10,1.0,8,base.blocks.7,0.919812
5,0,5,vit_tiny,cifar10,1.0,9,base.blocks.8,0.909398
5,0,5,vit_tiny,cifar10,1.0,10,base.blocks.9,0.900417
5,0,5,vit_tiny,cifar10,1.0,11,base.blocks.10,0.891871
5,0,5,vit_tiny,cifar10,1.0,12,base.blocks.11,0.878126
5,0,5,vit_tiny,cifar10,1.0,13,base.norm,0.874247
5,0,5,vit_tiny,cifar10,1.0,14,classifier,0.720017
5,0,6,vit_tiny,cifar10,1.0,0,base.patch_embed,0.961641
5,0,6,vit_tiny,cifar10,1.0,1,base.blocks.0,0.942303
5,0,6,vit_tiny,cifar10,1.0,2,base.blocks.1,0.936793
5,0,6,vit_tiny,cifar10,1.0,3,base.blocks.2,0.929685
5,0,6,vit_tiny,cifar10,1.0,4,base.blocks.3,0.930068
5,0,6,vit_tiny,cifar10,1.0,5,base.blocks.4,0.927014
5,0,6,vit_tiny,cifar10,1.0,6,base.blocks.5,0.923907
5,0,6,vit_tiny,cifar10,1.0,7,base.blocks.6,0.924979
5,0,6,vit_tiny,cifar10,1.0,8,base.blocks.7,0.921621
5,0,6,vit_tiny,cifar10,1.0,9,base.blocks.8,0.918392
5,0,6,vit_tiny,cifar10,1.0,10,base.blocks.9,0.919153
5,0,6,vit_tiny,cifar10,1.0,11,base.blocks.10,0.918864
5,0,6,vit_tiny,cifar10,1.0,12,base.blocks.11,0.917011
5,0,6,vit_tiny,cifar10,1.0,13,base.norm,0.930336
5,0,6,vit_tiny,cifar10,1.0,14,classifier,0.868782
5,0,7,vit_tiny,cifar10,1.0,0,base.patch_embed,0.975889
5,0,7,vit_tiny,cifar10,1.0,1,base.blocks.0,0.961589
5,0,7,vit_tiny,cifar10,1.0,2,base.blocks.1,0.950915
5,0,7,vit_tiny,cifar10,1.0,3,base.blocks.2,0.941040
5,0,7,vit_tiny,cifar10,1.0,4,base.blocks.3,0.935955
5,0,7,vit_tiny,cifar10,1.0,5,base.blocks.4,0.927865
5,0,7,vit_tiny,cifar10,1.0,6,base.blocks.5,0.922232
5,0,7,vit_tiny,cifar10,1.0,7,base.blocks.6,0.915441
5,0,7,vit_tiny,cifar10,1.0,8,base.blocks.7,0.905681
5,0,7,vit_tiny,cifar10,1.0,9,base.blocks.8,0.899618
5,0,7,vit_tiny,cifar10,1.0,10,base.blocks.9,0.896526
5,0,7,vit_tiny,cifar10,1.0,11,base.blocks.10,0.889868
5,0,7,vit_tiny,cifar10,1.0,12,base.blocks.11,0.881778
5,0,7,vit_tiny,cifar10,1.0,13,base.norm,0.909918
5,0,7,vit_tiny,cifar10,1.0,14,classifier,0.890344
5,0,8,vit_tiny,cifar10,1.0,0,base.patch_embed,0.968328
5,0,8,vit_tiny,cifar10,1.0,1,base.blocks.0,0.932822
5,0,8,vit_tiny,cifar10,1.0,2,base.blocks.1,0.924754
5,0,8,vit_tiny,cifar10,1.0,3,base.blocks.2,0.915736
5,0,8,vit_tiny,cifar10,1.0,4,base.blocks.3,0.926325
5,0,8,vit_tiny,cifar10,1.0,5,base.blocks.4,0.924793
5,0,8,vit_tiny,cifar10,1.0,6,base.blocks.5,0.921853
5,0,8,vit_tiny,cifar10,1.0,7,base.blocks.6,0.924898
5,0,8,vit_tiny,cifar10,1.0,8,base.blocks.7,0.919136
5,0,8,vit_tiny,cifar10,1.0,9,base.blocks.8,0.915362
5,0,8,vit_tiny,cifar10,1.0,10,base.blocks.9,0.914660
5,0,8,vit_tiny,cifar10,1.0,11,base.blocks.10,0.914414
5,0,8,vit_tiny,cifar10,1.0,12,base.blocks.11,0.912822
5,0,8,vit_tiny,cifar10,1.0,13,base.norm,0.912571
5,0,8,vit_tiny,cifar10,1.0,14,classifier,0.853503
5,0,9,vit_tiny,cifar10,1.0,0,base.patch_embed,0.989386
5,0,9,vit_tiny,cifar10,1.0,1,base.blocks.0,0.987296
5,0,9,vit_tiny,cifar10,1.0,2,base.blocks.1,0.980400
5,0,9,vit_tiny,cifar10,1.0,3,base.blocks.2,0.969330
5,0,9,vit_tiny,cifar10,1.0,4,base.blocks.3,0.954395
5,0,9,vit_tiny,cifar10,1.0,5,base.blocks.4,0.937292
5,0,9,vit_tiny,cifar10,1.0,6,base.blocks.5,0.920396
5,0,9,vit_tiny,cifar10,1.0,7,base.blocks.6,0.894170
5,0,9,vit_tiny,cifar10,1.0,8,base.blocks.7,0.875642
5,0,9,vit_tiny,cifar10,1.0,9,base.blocks.8,0.855389
5,0,9,vit_tiny,cifar10,1.0,10,base.blocks.9,0.836429
5,0,9,vit_tiny,cifar10,1.0,11,base.blocks.10,0.818550
5,0,9,vit_tiny,cifar10,1.0,12,base.blocks.11,0.804934
5,0,9,vit_tiny,cifar10,1.0,13,base.norm,0.825586
5,0,9,vit_tiny,cifar10,1.0,14,classifier,0.855372
5,1,2,vit_tiny,cifar10,1.0,0,base.patch_embed,0.916178
5,1,2,vit_tiny,cifar10,1.0,1,base.blocks.0,0.888529
5,1,2,vit_tiny,cifar10,1.0,2,base.blocks.1,0.873745
5,1,2,vit_tiny,cifar10,1.0,3,base.blocks.2,0.860635
5,1,2,vit_tiny,cifar10,1.0,4,base.blocks.3,0.860238
5,1,2,vit_tiny,cifar10,1.0,5,base.blocks.4,0.851332
5,1,2,vit_tiny,cifar10,1.0,6,base.blocks.5,0.847643
5,1,2,vit_tiny,cifar10,1.0,7,base.blocks.6,0.846437
5,1,2,vit_tiny,cifar10,1.0,8,base.blocks.7,0.841368
5,1,2,vit_tiny,cifar10,1.0,9,base.blocks.8,0.841807
5,1,2,vit_tiny,cifar10,1.0,10,base.blocks.9,0.840659
5,1,2,vit_tiny,cifar10,1.0,11,base.blocks.10,0.842588
5,1,2,vit_tiny,cifar10,1.0,12,base.blocks.11,0.840014
5,1,2,vit_tiny,cifar10,1.0,13,base.norm,0.869366
5,1,2,vit_tiny,cifar10,1.0,14,classifier,0.796849
5,1,3,vit_tiny,cifar10,1.0,0,base.patch_embed,0.940778
5,1,3,vit_tiny,cifar10,1.0,1,base.blocks.0,0.922425
5,1,3,vit_tiny,cifar10,1.0,2,base.blocks.1,0.908551
5,1,3,vit_tiny,cifar10,1.0,3,base.blocks.2,0.898152
5,1,3,vit_tiny,cifar10,1.0,4,base.blocks.3,0.883946
5,1,3,vit_tiny,cifar10,1.0,5,base.blocks.4,0.870585
5,1,3,vit_tiny,cifar10,1.0,6,base.blocks.5,0.866232
5,1,3,vit_tiny,cifar10,1.0,7,base.blocks.6,0.859189
5,1,3,vit_tiny,cifar10,1.0,8,base.blocks.7,0.852929
5,1,3,vit_tiny,cifar10,1.0,9,base.blocks.8,0.852728
5,1,3,vit_tiny,cifar10,1.0,10,base.blocks.9,0.854301
5,1,3,vit_tiny,cifar10,1.0,11,base.blocks.10,0.854589
5,1,3,vit_tiny,cifar10,1.0,12,base.blocks.11,0.846674
5,1,3,vit_tiny,cifar10,1.0,13,base.norm,0.857163
5,1,3,vit_tiny,cifar10,1.0,14,classifier,0.847740
5,1,4,vit_tiny,cifar10,1.0,0,base.patch_embed,0.986824
5,1,4,vit_tiny,cifar10,1.0,1,base.blocks.0,0.981012
5,1,4,vit_tiny,cifar10,1.0,2,base.blocks.1,0.975977
5,1,4,vit_tiny,cifar10,1.0,3,base.blocks.2,0.971522
5,1,4,vit_tiny,cifar10,1.0,4,base.blocks.3,0.966354
5,1,4,vit_tiny,cifar10,1.0,5,base.blocks.4,0.961142
5,1,4,vit_tiny,cifar10,1.0,6,base.blocks.5,0.954337
5,1,4,vit_tiny,cifar10,1.0,7,base.blocks.6,0.945210
5,1,4,vit_tiny,cifar10,1.0,8,base.blocks.7,0.935021
5,1,4,vit_tiny,cifar10,1.0,9,base.blocks.8,0.927741
5,1,4,vit_tiny,cifar10,1.0,10,base.blocks.9,0.919341
5,1,4,vit_tiny,cifar10,1.0,11,base.blocks.10,0.915236
5,1,4,vit_tiny,cifar10,1.0,12,base.blocks.11,0.909577
5,1,4,vit_tiny,cifar10,1.0,13,base.norm,0.918283
5,1,4,vit_tiny,cifar10,1.0,14,classifier,0.774971
5,1,5,vit_tiny,cifar10,1.0,0,base.patch_embed,0.962136
5,1,5,vit_tiny,cifar10,1.0,1,base.blocks.0,0.930970
5,1,5,vit_tiny,cifar10,1.0,2,base.blocks.1,0.910435
5,1,5,vit_tiny,cifar10,1.0,3,base.blocks.2,0.897917
5,1,5,vit_tiny,cifar10,1.0,4,base.blocks.3,0.875525
5,1,5,vit_tiny,cifar10,1.0,5,base.blocks.4,0.860159
5,1,5,vit_tiny,cifar10,1.0,6,base.blocks.5,0.850597
5,1,5,vit_tiny,cifar10,1.0,7,base.blocks.6,0.841952
5,1,5,vit_tiny,cifar10,1.0,8,base.blocks.7,0.831941
5,1,5,vit_tiny,cifar10,1.0,9,base.blocks.8,0.828147
5,1,5,vit_tiny,cifar10,1.0,10,base.blocks.9,0.828699
5,1,5,vit_tiny,cifar10,1.0,11,base.blocks.10,0.829463
5,1,5,vit_tiny,cifar10,1.0,12,base.blocks.11,0.823006
5,1,5,vit_tiny,cifar10,1.0,13,base.norm,0.836694
5,1,5,vit_tiny,cifar10,1.0,14,classifier,0.835309
5,1,6,vit_tiny,cifar10,1.0,0,base.patch_embed,0.953826
5,1,6,vit_tiny,cifar10,1.0,1,base.blocks.0,0.938340
5,1,6,vit_tiny,cifar10,1.0,2,base.blocks.1,0.933098
5,1,6,vit_tiny,cifar10,1.0,3,base.blocks.2,0.928195
5,1,6,vit_tiny,cifar10,1.0,4,base.blocks.3,0.933125
5,1,6,vit_tiny,cifar10,1.0,5,base.blocks.4,0.928196
5,1,6,vit_tiny,cifar10,1.0,6,base.blocks.5,0.925566
5,1,6,vit_tiny,cifar10,1.0,7,base.blocks.6,0.924560
5,1,6,vit_tiny,cifar10,1.0,8,base.blocks.7,0.921873
5,1,6,vit_tiny,cifar10,1.0,9,base.blocks.8,0.919727
5,1,6,vit_tiny,cifar10,1.0,10,base.blocks.9,0.921512
5,1,6,vit_tiny,cifar10,1.0,11,base.blocks.10,0.921324
5,1,6,vit_tiny,cifar10,1.0,12,base.blocks.11,0.918662
5,1,6,vit_tiny,cifar10,1.0,13,base.norm,0.935971
5,1,6,vit_tiny,cifar10,1.0,14,classifier,0.878971
5,1,7,vit_tiny,cifar10,1.0,0,base.patch_embed,0.965074
5,1,7,vit_tiny,cifar10,1.0,1,base.blocks.0,0.935380
5,1,7,vit_tiny,cifar10,1.0,2,base.blocks.1,0.912305
5,1,7,vit_tiny,cifar10,1.0,3,base.blocks.2,0.893063
5,1,7,vit_tiny,cifar10,1.0,4,base.blocks.3,0.886999
5,1,7,vit_tiny,cifar10,1.0,5,base.blocks.4,0.874818
5,1,7,vit_tiny,cifar10,1.0,6,base.blocks.5,0.867478
5,1,7,vit_tiny,cifar10,1.0,7,base.blocks.6,0.860953
5,1,7,vit_tiny,cifar10,1.0,8,base.blocks.7,0.848725
5,1,7,vit_tiny,cifar10,1.0,9,base.blocks.8,0.844590
5,1,7,vit_tiny,cifar10,1.0,10,base.blocks.9,0.840780
5,1,7,vit_tiny,cifar10,1.0,11,base.blocks.10,0.833215
5,1,7,vit_tiny,cifar10,1.0,12,base.blocks.11,0.822150
5,1,7,vit_tiny,cifar10,1.0,13,base.norm,0.843894
5,1,7,vit_tiny,cifar10,1.0,14,classifier,0.873554
5,1,8,vit_tiny,cifar10,1.0,0,base.patch_embed,0.972221
5,1,8,vit_tiny,cifar10,1.0,1,base.blocks.0,0.979390
5,1,8,vit_tiny,cifar10,1.0,2,base.blocks.1,0.976069
5,1,8,vit_tiny,cifar10,1.0,3,base.blocks.2,0.971007
5,1,8,vit_tiny,cifar10,1.0,4,base.blocks.3,0.973676
5,1,8,vit_tiny,cifar10,1.0,5,base.blocks.4,0.971937
5,1,8,vit_tiny,cifar10,1.0,6,base.blocks.5,0.969713
5,1,8,vit_tiny,cifar10,1.0,7,base.blocks.6,0.967340
5,1,8,vit_tiny,cifar10,1.0,8,base.blocks.7,0.963778
5,1,8,vit_tiny,cifar10,1.0,9,base.blocks.8,0.961570
5,1,8,vit_tiny,cifar10,1.0,10,base.blocks.9,0.960458
5,1,8,vit_tiny,cifar10,1.0,11,base.blocks.10,0.957589
5,1,8,vit_tiny,cifar10,1.0,12,base.blocks.11,0.952852
5,1,8,vit_tiny,cifar10,1.0,13,base.norm,0.954392
5,1,8,vit_tiny,cifar10,1.0,14,classifier,0.852600
5,1,9,vit_tiny,cifar10,1.0,0,base.patch_embed,0.927134
5,1,9,vit_tiny,cifar10,1.0,1,base.blocks.0,0.915596
5,1,9,vit_tiny,cifar10,1.0,2,base.blocks.1,0.890850
5,1,9,vit_tiny,cifar10,1.0,3,base.blocks.2,0.867628
5,1,9,vit_tiny,cifar10,1.0,4,base.blocks.3,0.852925
5,1,9,vit_tiny,cifar10,1.0,5,base.blocks.4,0.828943
5,1,9,vit_tiny,cifar10,1.0,6,base.blocks.5,0.814199
5,1,9,vit_tiny,cifar10,1.0,7,base.blocks.6,0.802737
5,1,9,vit_tiny,cifar10,1.0,8,base.blocks.7,0.790964
5,1,9,vit_tiny,cifar10,1.0,9,base.blocks.8,0.781878
5,1,9,vit_tiny,cifar10,1.0,10,base.blocks.9,0.776355
5,1,9,vit_tiny,cifar10,1.0,11,base.blocks.10,0.767804
5,1,9,vit_tiny,cifar10,1.0,12,base.blocks.11,0.761123
5,1,9,vit_tiny,cifar10,1.0,13,base.norm,0.769135
5,1,9,vit_tiny,cifar10,1.0,14,classifier,0.718491
5,2,3,vit_tiny,cifar10,1.0,0,base.patch_embed,0.989896
5,2,3,vit_tiny,cifar10,1.0,1,base.blocks.0,0.988981
5,2,3,vit_tiny,cifar10,1.0,2,base.blocks.1,0.989201
5,2,3,vit_tiny,cifar10,1.0,3,base.blocks.2,0.988137
5,2,3,vit_tiny,cifar10,1.0,4,base.blocks.3,0.987097
5,2,3,vit_tiny,cifar10,1.0,5,base.blocks.4,0.984319
5,2,3,vit_tiny,cifar10,1.0,6,base.blocks.5,0.979665
5,2,3,vit_tiny,cifar10,1.0,7,base.blocks.6,0.973934
5,2,3,vit_tiny,cifar10,1.0,8,base.blocks.7,0.967940
5,2,3,vit_tiny,cifar10,1.0,9,base.blocks.8,0.962272
5,2,3,vit_tiny,cifar10,1.0,10,base.blocks.9,0.956195
5,2,3,vit_tiny,cifar10,1.0,11,base.blocks.10,0.953335
5,2,3,vit_tiny,cifar10,1.0,12,base.blocks.11,0.948170
5,2,3,vit_tiny,cifar10,1.0,13,base.norm,0.943278
5,2,3,vit_tiny,cifar10,1.0,14,classifier,0.850765
5,2,4,vit_tiny,cifar10,1.0,0,base.patch_embed,0.960024
5,2,4,vit_tiny,cifar10,1.0,1,base.blocks.0,0.948317
5,2,4,vit_tiny,cifar10,1.0,2,base.blocks.1,0.944938
5,2,4,vit_tiny,cifar10,1.0,3,base.blocks.2,0.939776
5,2,4,vit_tiny,cifar10,1.0,4,base.blocks.3,0.939408
5,2,4,vit_tiny,cifar10,1.0,5,base.blocks.4,0.934817
5,2,4,vit_tiny,cifar10,1.0,6,base.blocks.5,0.934240
5,2,4,vit_tiny,cifar10,1.0,7,base.blocks.6,0.936584
5,2,4,vit_tiny,cifar10,1.0,8,base.blocks.7,0.935400
5,2,4,vit_tiny,cifar10,1.0,9,base.blocks.8,0.938468
5,2,4,vit_tiny,cifar10,1.0,10,base.blocks.9,0.940810
5,2,4,vit_tiny,cifar10,1.0,11,base.blocks.10,0.942322
5,2,4,vit_tiny,cifar10,1.0,12,base.blocks.11,0.941066
5,2,4,vit_tiny,cifar10,1.0,13,base.norm,0.941303
5,2,4,vit_tiny,cifar10,1.0,14,classifier,0.917993
5,2,5,vit_tiny,cifar10,1.0,0,base.patch_embed,0.985621
5,2,5,vit_tiny,cifar10,1.0,1,base.blocks.0,0.987113
5,2,5,vit_tiny,cifar10,1.0,2,base.blocks.1,0.987578
5,2,5,vit_tiny,cifar10,1.0,3,base.blocks.2,0.985993
5,2,5,vit_tiny,cifar10,1.0,4,base.blocks.3,0.988785
5,2,5,vit_tiny,cifar10,1.0,5,base.blocks.4,0.988012
5,2,5,vit_tiny,cifar10,1.0,6,base.blocks.5,0.984743
5,2,5,vit_tiny,cifar10,1.0,7,base.blocks.6,0.978566
5,2,5,vit_tiny,cifar10,1.0,8,base.blocks.7,0.971592
5,2,5,vit_tiny,cifar10,1.0,9,base.blocks.8,0.964792
5,2,5,vit_tiny,cifar10,1.0,10,base.blocks.9,0.956642
5,2,5,vit_tiny,cifar10,1.0,11,base.blocks.10,0.951695
5,2,5,vit_tiny,cifar10,1.0,12,base.blocks.11,0.944766
5,2,5,vit_tiny,cifar10,1.0,13,base.norm,0.946590
5,2,5,vit_tiny,cifar10,1.0,14,classifier,0.655206
5,2,6,vit_tiny,cifar10,1.0,0,base.patch_embed,0.990752
5,2,6,vit_tiny,cifar10,1.0,1,base.blocks.0,0.985075
5,2,6,vit_tiny,cifar10,1.0,2,base.blocks.1,0.981886
5,2,6,vit_tiny,cifar10,1.0,3,base.blocks.2,0.979030
5,2,6,vit_tiny,cifar10,1.0,4,base.blocks.3,0.974280
5,2,6,vit_tiny,cifar10,1.0,5,base.blocks.4,0.972383
5,2,6,vit_tiny,cifar10,1.0,6,base.blocks.5,0.970051
5,2,6,vit_tiny,cifar10,1.0,7,base.blocks.6,0.967486
5,2,6,vit_tiny,cifar10,1.0,8,base.blocks.7,0.964026
5,2,6,vit_tiny,cifar10,1.0,9,base.blocks.8,0.962780
5,2,6,vit_tiny,cifar10,1.0,10,base.blocks.9,0.958757
5,2,6,vit_tiny,cifar10,1.0,11,base.blocks.10,0.957251
5,2,6,vit_tiny,cifar10,1.0,12,base.blocks.11,0.955090
5,2,6,vit_tiny,cifar10,1.0,13,base.norm,0.959239
5,2,6,vit_tiny,cifar10,1.0,14,classifier,0.874099
5,2,7,vit_tiny,cifar10,1.0,0,base.patch_embed,0.987507
5,2,7,vit_tiny,cifar10,1.0,1,base.blocks.0,0.990269
5,2,7,vit_tiny,cifar10,1.0,2,base.blocks.1,0.991928
5,2,7,vit_tiny,cifar10,1.0,3,base.blocks.2,0.991889
5,2,7,vit_tiny,cifar10,1.0,4,base.blocks.3,0.990075
5,2,7,vit_tiny,cifar10,1.0,5,base.blocks.4,0.987743
5,2,7,vit_tiny,cifar10,1.0,6,base.blocks.5,0.984133
5,2,7,vit_tiny,cifar10,1.0,7,base.blocks.6,0.979856
5,2,7,vit_tiny,cifar10,1.0,8,base.blocks.7,0.974264
5,2,7,vit_tiny,cifar10,1.0,9,base.blocks.8,0.969496
5,2,7,vit_tiny,cifar10,1.0,10,base.blocks.9,0.964284
5,2,7,vit_tiny,cifar10,1.0,11,base.blocks.10,0.959488
5,2,7,vit_tiny,cifar10,1.0,12,base.blocks.11,0.953655
5,2,7,vit_tiny,cifar10,1.0,13,base.norm,0.961051
5,2,7,vit_tiny,cifar10,1.0,14,classifier,0.850778
5,2,8,vit_tiny,cifar10,1.0,0,base.patch_embed,0.915103
5,2,8,vit_tiny,cifar10,1.0,1,base.blocks.0,0.906718
5,2,8,vit_tiny,cifar10,1.0,2,base.blocks.1,0.912606
5,2,8,vit_tiny,cifar10,1.0,3,base.blocks.2,0.913727
5,2,8,vit_tiny,cifar10,1.0,4,base.blocks.3,0.910294
5,2,8,vit_tiny,cifar10,1.0,5,base.blocks.4,0.910681
5,2,8,vit_tiny,cifar10,1.0,6,base.blocks.5,0.912006
5,2,8,vit_tiny,cifar10,1.0,7,base.blocks.6,0.916542
5,2,8,vit_tiny,cifar10,1.0,8,base.blocks.7,0.917429
5,2,8,vit_tiny,cifar10,1.0,9,base.blocks.8,0.921837
5,2,8,vit_tiny,cifar10,1.0,10,base.blocks.9,0.922118
5,2,8,vit_tiny,cifar10,1.0,11,base.blocks.10,0.925295
5,2,8,vit_tiny,cifar10,1.0,12,base.blocks.11,0.926911
5,2,8,vit_tiny,cifar10,1.0,13,base.norm,0.927533
5,2,8,vit_tiny,cifar10,1.0,14,classifier,0.887142
5,2,9,vit_tiny,cifar10,1.0,0,base.patch_embed,0.984463
5,2,9,vit_tiny,cifar10,1.0,1,base.blocks.0,0.971689
5,2,9,vit_tiny,cifar10,1.0,2,base.blocks.1,0.956351
5,2,9,vit_tiny,cifar10,1.0,3,base.blocks.2,0.937866
5,2,9,vit_tiny,cifar10,1.0,4,base.blocks.3,0.918146
5,2,9,vit_tiny,cifar10,1.0,5,base.blocks.4,0.902560
5,2,9,vit_tiny,cifar10,1.0,6,base.blocks.5,0.887598
5,2,9,vit_tiny,cifar10,1.0,7,base.blocks.6,0.867522
5,2,9,vit_tiny,cifar10,1.0,8,base.blocks.7,0.850552
5,2,9,vit_tiny,cifar10,1.0,9,base.blocks.8,0.832567
5,2,9,vit_tiny,cifar10,1.0,10,base.blocks.9,0.818539
5,2,9,vit_tiny,cifar10,1.0,11,base.blocks.10,0.805482
5,2,9,vit_tiny,cifar10,1.0,12,base.blocks.11,0.799341
5,2,9,vit_tiny,cifar10,1.0,13,base.norm,0.837894
5,2,9,vit_tiny,cifar10,1.0,14,classifier,0.707082
5,3,4,vit_tiny,cifar10,1.0,0,base.patch_embed,0.978691
5,3,4,vit_tiny,cifar10,1.0,1,base.blocks.0,0.972684
5,3,4,vit_tiny,cifar10,1.0,2,base.blocks.1,0.967700
5,3,4,vit_tiny,cifar10,1.0,3,base.blocks.2,0.962490
5,3,4,vit_tiny,cifar10,1.0,4,base.blocks.3,0.948011
5,3,4,vit_tiny,cifar10,1.0,5,base.blocks.4,0.938036
5,3,4,vit_tiny,cifar10,1.0,6,base.blocks.5,0.931438
5,3,4,vit_tiny,cifar10,1.0,7,base.blocks.6,0.922526
5,3,4,vit_tiny,cifar10,1.0,8,base.blocks.7,0.914117
5,3,4,vit_tiny,cifar10,1.0,9,base.blocks.8,0.909883
5,3,4,vit_tiny,cifar10,1.0,10,base.blocks.9,0.906809
5,3,4,vit_tiny,cifar10,1.0,11,base.blocks.10,0.905196
5,3,4,vit_tiny,cifar10,1.0,12,base.blocks.11,0.896352
5,3,4,vit_tiny,cifar10,1.0,13,base.norm,0.891878
5,3,4,vit_tiny,cifar10,1.0,14,classifier,0.824803
5,3,5,vit_tiny,cifar10,1.0,0,base.patch_embed,0.992090
5,3,5,vit_tiny,cifar10,1.0,1,base.blocks.0,0.990874
5,3,5,vit_tiny,cifar10,1.0,2,base.blocks.1,0.989144
5,3,5,vit_tiny,cifar10,1.0,3,base.blocks.2,0.986951
5,3,5,vit_tiny,cifar10,1.0,4,base.blocks.3,0.987610
5,3,5,vit_tiny,cifar10,1.0,5,base.blocks.4,0.987565
5,3,5,vit_tiny,cifar10,1.0,6,base.blocks.5,0.986679
5,3,5,vit_tiny,cifar10,1.0,7,base.blocks.6,0.983222
5,3,5,vit_tiny,cifar10,1.0,8,base.blocks.7,0.979997
5,3,5,vit_tiny,cifar10,1.0,9,base.blocks.8,0.976595
5,3,5,vit_tiny,cifar10,1.0,10,base.blocks.9,0.972259
5,3,5,vit_tiny,cifar10,1.0,11,base.blocks.10,0.969115
5,3,5,vit_tiny,cifar10,1.0,12,base.blocks.11,0.963855
5,3,5,vit_tiny,cifar10,1.0,13,base.norm,0.964159
5,3,5,vit_tiny,cifar10,1.0,14,classifier,0.743141
5,3,6,vit_tiny,cifar10,1.0,0,base.patch_embed,0.998465
5,3,6,vit_tiny,cifar10,1.0,1,base.blocks.0,0.998074
5,3,6,vit_tiny,cifar10,1.0,2,base.blocks.1,0.996447
5,3,6,vit_tiny,cifar10,1.0,3,base.blocks.2,0.994070
5,3,6,vit_tiny,cifar10,1.0,4,base.blocks.3,0.986322
5,3,6,vit_tiny,cifar10,1.0,5,base.blocks.4,0.982974
5,3,6,vit_tiny,cifar10,1.0,6,base.blocks.5,0.979482
5,3,6,vit_tiny,cifar10,1.0,7,base.blocks.6,0.972964
5,3,6,vit_tiny,cifar10,1.0,8,base.blocks.7,0.967489
5,3,6,vit_tiny,cifar10,1.0,9,base.blocks.8,0.964486
5,3,6,vit_tiny,cifar10,1.0,10,base.blocks.9,0.959766
5,3,6,vit_tiny,cifar10,1.0,11,base.blocks.10,0.957146
5,3,6,vit_tiny,cifar10,1.0,12,base.blocks.11,0.952949
5,3,6,vit_tiny,cifar10,1.0,13,base.norm,0.943754
5,3,6,vit_tiny,cifar10,1.0,14,classifier,0.866318
5,3,7,vit_tiny,cifar10,1.0,0,base.patch_embed,0.991940
5,3,7,vit_tiny,cifar10,1.0,1,base.blocks.0,0.995703
5,3,7,vit_tiny,cifar10,1.0,2,base.blocks.1,0.996929
5,3,7,vit_tiny,cifar10,1.0,3,base.blocks.2,0.995511
5,3,7,vit_tiny,cifar10,1.0,4,base.blocks.3,0.993606
5,3,7,vit_tiny,cifar10,1.0,5,base.blocks.4,0.991508
5,3,7,vit_tiny,cifar10,1.0,6,base.blocks.5,0.988867
5,3,7,vit_tiny,cifar10,1.0,7,base.blocks.6,0.985857
5,3,7,vit_tiny,cifar10,1.0,8,base.blocks.7,0.982183
5,3,7,vit_tiny,cifar10,1.0,9,base.blocks.8,0.979323
5,3,7,vit_tiny,cifar10,1.0,10,base.blocks.9,0.975810
5,3,7,vit_tiny,cifar10,1.0,11,base.blocks.10,0.971967
5,3,7,vit_tiny,cifar10,1.0,12,base.blocks.11,0.968344
5,3,7,vit_tiny,cifar10,1.0,13,base.norm,0.964852
5,3,7,vit_tiny,cifar10,1.0,14,classifier,0.862267
5,3,8,vit_tiny,cifar10,1.0,0,base.patch_embed,0.924902
5,3,8,vit_tiny,cifar10,1.0,1,base.blocks.0,0.926216
5,3,8,vit_tiny,cifar10,1.0,2,base.blocks.1,0.933174
5,3,8,vit_tiny,cifar10,1.0,3,base.blocks.2,0.935287
5,3,8,vit_tiny,cifar10,1.0,4,base.blocks.3,0.925221
5,3,8,vit_tiny,cifar10,1.0,5,base.blocks.4,0.921758
5,3,8,vit_tiny,cifar10,1.0,6,base.blocks.5,0.922077
5,3,8,vit_tiny,cifar10,1.0,7,base.blocks.6,0.920948
5,3,8,vit_tiny,cifar10,1.0,8,base.blocks.7,0.920371
5,3,8,vit_tiny,cifar10,1.0,9,base.blocks.8,0.923715
5,3,8,vit_tiny,cifar10,1.0,10,base.blocks.9,0.923309
5,3,8,vit_tiny,cifar10,1.0,11,base.blocks.10,0.924548
5,3,8,vit_tiny,cifar10,1.0,12,base.blocks.11,0.921601
5,3,8,vit_tiny,cifar10,1.0,13,base.norm,0.905701
5,3,8,vit_tiny,cifar10,1.0,14,classifier,0.837308
5,3,9,vit_tiny,cifar10,1.0,0,base.patch_embed,0.973049
5,3,9,vit_tiny,cifar10,1.0,1,base.blocks.0,0.964813
5,3,9,vit_tiny,cifar10,1.0,2,base.blocks.1,0.952443
5,3,9,vit_tiny,cifar10,1.0,3,base.blocks.2,0.937400
5,3,9,vit_tiny,cifar10,1.0,4,base.blocks.3,0.918335
5,3,9,vit_tiny,cifar10,1.0,5,base.blocks.4,0.901461
5,3,9,vit_tiny,cifar10,1.0,6,base.blocks.5,0.889444
5,3,9,vit_tiny,cifar10,1.0,7,base.blocks.6,0.870692
5,3,9,vit_tiny,cifar10,1.0,8,base.blocks.7,0.853948
5,3,9,vit_tiny,cifar10,1.0,9,base.blocks.8,0.839854
5,3,9,vit_tiny,cifar10,1.0,10,base.blocks.9,0.829059
5,3,9,vit_tiny,cifar10,1.0,11,base.blocks.10,0.817581
5,3,9,vit_tiny,cifar10,1.0,12,base.blocks.11,0.807046
5,3,9,vit_tiny,cifar10,1.0,13,base.norm,0.848568
5,3,9,vit_tiny,cifar10,1.0,14,classifier,0.809201
5,4,5,vit_tiny,cifar10,1.0,0,base.patch_embed,0.991422
5,4,5,vit_tiny,cifar10,1.0,1,base.blocks.0,0.979611
5,4,5,vit_tiny,cifar10,1.0,2,base.blocks.1,0.973866
5,4,5,vit_tiny,cifar10,1.0,3,base.blocks.2,0.970631
5,4,5,vit_tiny,cifar10,1.0,4,base.blocks.3,0.956200
5,4,5,vit_tiny,cifar10,1.0,5,base.blocks.4,0.945822
5,4,5,vit_tiny,cifar10,1.0,6,base.blocks.5,0.936592
5,4,5,vit_tiny,cifar10,1.0,7,base.blocks.6,0.925960
5,4,5,vit_tiny,cifar10,1.0,8,base.blocks.7,0.912642
5,4,5,vit_tiny,cifar10,1.0,9,base.blocks.8,0.904888
5,4,5,vit_tiny,cifar10,1.0,10,base.blocks.9,0.898388
5,4,5,vit_tiny,cifar10,1.0,11,base.blocks.10,0.892194
5,4,5,vit_tiny,cifar10,1.0,12,base.blocks.11,0.879572
5,4,5,vit_tiny,cifar10,1.0,13,base.norm,0.867888
5,4,5,vit_tiny,cifar10,1.0,14,classifier,0.643258
5,4,6,vit_tiny,cifar10,1.0,0,base.patch_embed,0.984913
5,4,6,vit_tiny,cifar10,1.0,1,base.blocks.0,0.977888
5,4,6,vit_tiny,cifar10,1.0,2,base.blocks.1,0.976672
5,4,6,vit_tiny,cifar10,1.0,3,base.blocks.2,0.972958
5,4,6,vit_tiny,cifar10,1.0,4,base.blocks.3,0.969162
5,4,6,vit_tiny,cifar10,1.0,5,base.blocks.4,0.964139
5,4,6,vit_tiny,cifar10,1.0,6,base.blocks.5,0.958943
5,4,6,vit_tiny,cifar10,1.0,7,base.blocks.6,0.954763
5,4,6,vit_tiny,cifar10,1.0,8,base.blocks.7,0.949256
5,4,6,vit_tiny,cifar10,1.0,9,base.blocks.8,0.945475
5,4,6,vit_tiny,cifar10,1.0,10,base.blocks.9,0.944448
5,4,6,vit_tiny,cifar10,1.0,11,base.blocks.10,0.942713
5,4,6,vit_tiny,cifar10,1.0,12,base.blocks.11,0.938376
5,4,6,vit_tiny,cifar10,1.0,13,base.norm,0.938467
5,4,6,vit_tiny,cifar10,1.0,14,classifier,0.845152
5,4,7,vit_tiny,cifar10,1.0,0,base.patch_embed,0.989131
5,4,7,vit_tiny,cifar10,1.0,1,base.blocks.0,0.978035
5,4,7,vit_tiny,cifar10,1.0,2,base.blocks.1,0.969673
5,4,7,vit_tiny,cifar10,1.0,3,base.blocks.2,0.959016
5,4,7,vit_tiny,cifar10,1.0,4,base.blocks.3,0.949645
5,4,7,vit_tiny,cifar10,1.0,5,base.blocks.4,0.940095
5,4,7,vit_tiny,cifar10,1.0,6,base.blocks.5,0.932471
5,4,7,vit_tiny,cifar10,1.0,7,base.blocks.6,0.925210
5,4,7,vit_tiny,cifar10,1.0,8,base.blocks.7,0.913101
5,4,7,vit_tiny,cifar10,1.0,9,base.blocks.8,0.909500
5,4,7,vit_tiny,cifar10,1.0,10,base.blocks.9,0.906649
5,4,7,vit_tiny,cifar10,1.0,11,base.blocks.10,0.901103
5,4,7,vit_tiny,cifar10,1.0,12,base.blocks.11,0.892263
5,4,7,vit_tiny,cifar10,1.0,13,base.norm,0.905181
5,4,7,vit_tiny,cifar10,1.0,14,classifier,0.836024
5,4,8,vit_tiny,cifar10,1.0,0,base.patch_embed,0.952788
5,4,8,vit_tiny,cifar10,1.0,1,base.blocks.0,0.959337
5,4,8,vit_tiny,cifar10,1.0,2,base.blocks.1,0.960923
5,4,8,vit_tiny,cifar10,1.0,3,base.blocks.2,0.957545
5,4,8,vit_tiny,cifar10,1.0,4,base.blocks.3,0.951669
5,4,8,vit_tiny,cifar10,1.0,5,base.blocks.4,0.948704
5,4,8,vit_tiny,cifar10,1.0,6,base.blocks.5,0.943250
5,4,8,vit_tiny,cifar10,1.0,7,base.blocks.6,0.937864
5,4,8,vit_tiny,cifar10,1.0,8,base.blocks.7,0.929852
5,4,8,vit_tiny,cifar10,1.0,9,base.blocks.8,0.928165
5,4,8,vit_tiny,cifar10,1.0,10,base.blocks.9,0.926700
5,4,8,vit_tiny,cifar10,1.0,11,base.blocks.10,0.925912
5,4,8,vit_tiny,cifar10,1.0,12,base.blocks.11,0.922766
5,4,8,vit_tiny,cifar10,1.0,13,base.norm,0.916584
5,4,8,vit_tiny,cifar10,1.0,14,classifier,0.854846
5,4,9,vit_tiny,cifar10,1.0,0,base.patch_embed,0.956554
5,4,9,vit_tiny,cifar10,1.0,1,base.blocks.0,0.953404
5,4,9,vit_tiny,cifar10,1.0,2,base.blocks.1,0.939065
5,4,9,vit_tiny,cifar10,1.0,3,base.blocks.2,0.922898
5,4,9,vit_tiny,cifar10,1.0,4,base.blocks.3,0.901815
5,4,9,vit_tiny,cifar10,1.0,5,base.blocks.4,0.879742
5,4,9,vit_tiny,cifar10,1.0,6,base.blocks.5,0.865083
5,4,9,vit_tiny,cifar10,1.0,7,base.blocks.6,0.842068
5,4,9,vit_tiny,cifar10,1.0,8,base.blocks.7,0.823495
5,4,9,vit_tiny,cifar10,1.0,9,base.blocks.8,0.810042
5,4,9,vit_tiny,cifar10,1.0,10,base.blocks.9,0.795207
5,4,9,vit_tiny,cifar10,1.0,11,base.blocks.10,0.778000
5,4,9,vit_tiny,cifar10,1.0,12,base.blocks.11,0.766509
5,4,9,vit_tiny,cifar10,1.0,13,base.norm,0.781269
5,4,9,vit_tiny,cifar10,1.0,14,classifier,0.774243
5,5,6,vit_tiny,cifar10,1.0,0,base.patch_embed,0.995427
5,5,6,vit_tiny,cifar10,1.0,1,base.blocks.0,0.988466
5,5,6,vit_tiny,cifar10,1.0,2,base.blocks.1,0.982822
5,5,6,vit_tiny,cifar10,1.0,3,base.blocks.2,0.977375
5,5,6,vit_tiny,cifar10,1.0,4,base.blocks.3,0.969728
5,5,6,vit_tiny,cifar10,1.0,5,base.blocks.4,0.966741
5,5,6,vit_tiny,cifar10,1.0,6,base.blocks.5,0.961833
5,5,6,vit_tiny,cifar10,1.0,7,base.blocks.6,0.951834
5,5,6,vit_tiny,cifar10,1.0,8,base.blocks.7,0.942506
5,5,6,vit_tiny,cifar10,1.0,9,base.blocks.8,0.935588
5,5,6,vit_tiny,cifar10,1.0,10,base.blocks.9,0.925989
5,5,6,vit_tiny,cifar10,1.0,11,base.blocks.10,0.921478
5,5,6,vit_tiny,cifar10,1.0,12,base.blocks.11,0.913920
5,5,6,vit_tiny,cifar10,1.0,13,base.norm,0.920845
5,5,6,vit_tiny,cifar10,1.0,14,classifier,0.675110
5,5,7,vit_tiny,cifar10,1.0,0,base.patch_embed,0.996565
5,5,7,vit_tiny,cifar10,1.0,1,base.blocks.0,0.994059
5,5,7,vit_tiny,cifar10,1.0,2,base.blocks.1,0.990833
5,5,7,vit_tiny,cifar10,1.0,3,base.blocks.2,0.985738
5,5,7,vit_tiny,cifar10,1.0,4,base.blocks.3,0.984803
5,5,7,vit_tiny,cifar10,1.0,5,base.blocks.4,0.983498
5,5,7,vit_tiny,cifar10,1.0,6,base.blocks.5,0.981156
5,5,7,vit_tiny,cifar10,1.0,7,base.blocks.6,0.975784
5,5,7,vit_tiny,cifar10,1.0,8,base.blocks.7,0.970353
5,5,7,vit_tiny,cifar10,1.0,9,base.blocks.8,0.964774
5,5,7,vit_tiny,cifar10,1.0,10,base.blocks.9,0.957707
5,5,7,vit_tiny,cifar10,1.0,11,base.blocks.10,0.951576
5,5,7,vit_tiny,cifar10,1.0,12,base.blocks.11,0.944589
5,5,7,vit_tiny,cifar10,1.0,13,base.norm,0.948858
5,5,7,vit_tiny,cifar10,1.0,14,classifier,0.758612
5,5,8,vit_tiny,cifar10,1.0,0,base.patch_embed,0.942506
5,5,8,vit_tiny,cifar10,1.0,1,base.blocks.0,0.930592
5,5,8,vit_tiny,cifar10,1.0,2,base.blocks.1,0.926511
5,5,8,vit_tiny,cifar10,1.0,3,base.blocks.2,0.923954
5,5,8,vit_tiny,cifar10,1.0,4,base.blocks.3,0.910821
5,5,8,vit_tiny,cifar10,1.0,5,base.blocks.4,0.908643
5,5,8,vit_tiny,cifar10,1.0,6,base.blocks.5,0.907392
5,5,8,vit_tiny,cifar10,1.0,7,base.blocks.6,0.905526
5,5,8,vit_tiny,cifar10,1.0,8,base.blocks.7,0.901772
5,5,8,vit_tiny,cifar10,1.0,9,base.blocks.8,0.900730
5,5,8,vit_tiny,cifar10,1.0,10,base.blocks.9,0.895899
5,5,8,vit_tiny,cifar10,1.0,11,base.blocks.10,0.894166
5,5,8,vit_tiny,cifar10,1.0,12,base.blocks.11,0.888492
5,5,8,vit_tiny,cifar10,1.0,13,base.norm,0.884010
5,5,8,vit_tiny,cifar10,1.0,14,classifier,0.660089
5,5,9,vit_tiny,cifar10,1.0,0,base.patch_embed,0.979443
5,5,9,vit_tiny,cifar10,1.0,1,base.blocks.0,0.979563
5,5,9,vit_tiny,cifar10,1.0,2,base.blocks.1,0.967553
5,5,9,vit_tiny,cifar10,1.0,3,base.blocks.2,0.955802
5,5,9,vit_tiny,cifar10,1.0,4,base.blocks.3,0.938228
5,5,9,vit_tiny,cifar10,1.0,5,base.blocks.4,0.926299
5,5,9,vit_tiny,cifar10,1.0,6,base.blocks.5,0.919768
5,5,9,vit_tiny,cifar10,1.0,7,base.blocks.6,0.910810
5,5,9,vit_tiny,cifar10,1.0,8,base.blocks.7,0.900948
5,5,9,vit_tiny,cifar10,1.0,9,base.blocks.8,0.892729
5,5,9,vit_tiny,cifar10,1.0,10,base.blocks.9,0.888506
5,5,9,vit_tiny,cifar10,1.0,11,base.blocks.10,0.880488
5,5,9,vit_tiny,cifar10,1.0,12,base.blocks.11,0.876913
5,5,9,vit_tiny,cifar10,1.0,13,base.norm,0.879049
5,5,9,vit_tiny,cifar10,1.0,14,classifier,0.689825
5,6,7,vit_tiny,cifar10,1.0,0,base.patch_embed,0.997152
5,6,7,vit_tiny,cifar10,1.0,1,base.blocks.0,0.996668
5,6,7,vit_tiny,cifar10,1.0,2,base.blocks.1,0.995379
5,6,7,vit_tiny,cifar10,1.0,3,base.blocks.2,0.993033
5,6,7,vit_tiny,cifar10,1.0,4,base.blocks.3,0.988528
5,6,7,vit_tiny,cifar10,1.0,5,base.blocks.4,0.986476
5,6,7,vit_tiny,cifar10,1.0,6,base.blocks.5,0.984069
5,6,7,vit_tiny,cifar10,1.0,7,base.blocks.6,0.980832
5,6,7,vit_tiny,cifar10,1.0,8,base.blocks.7,0.976009
5,6,7,vit_tiny,cifar10,1.0,9,base.blocks.8,0.974400
5,6,7,vit_tiny,cifar10,1.0,10,base.blocks.9,0.970326
5,6,7,vit_tiny,cifar10,1.0,11,base.blocks.10,0.967417
5,6,7,vit_tiny,cifar10,1.0,12,base.blocks.11,0.963317
5,6,7,vit_tiny,cifar10,1.0,13,base.norm,0.958219
5,6,7,vit_tiny,cifar10,1.0,14,classifier,0.900037
5,6,8,vit_tiny,cifar10,1.0,0,base.patch_embed,0.941516
5,6,8,vit_tiny,cifar10,1.0,1,base.blocks.0,0.945216
5,6,8,vit_tiny,cifar10,1.0,2,base.blocks.1,0.954681
5,6,8,vit_tiny,cifar10,1.0,3,base.blocks.2,0.958473
5,6,8,vit_tiny,cifar10,1.0,4,base.blocks.3,0.960161
5,6,8,vit_tiny,cifar10,1.0,5,base.blocks.4,0.961313
5,6,8,vit_tiny,cifar10,1.0,6,base.blocks.5,0.961429
5,6,8,vit_tiny,cifar10,1.0,7,base.blocks.6,0.963338
5,6,8,vit_tiny,cifar10,1.0,8,base.blocks.7,0.963904
5,6,8,vit_tiny,cifar10,1.0,9,base.blocks.8,0.965789
5,6,8,vit_tiny,cifar10,1.0,10,base.blocks.9,0.966725
5,6,8,vit_tiny,cifar10,1.0,11,base.blocks.10,0.968489
5,6,8,vit_tiny,cifar10,1.0,12,base.blocks.11,0.968659
5,6,8,vit_tiny,cifar10,1.0,13,base.norm,0.967755
5,6,8,vit_tiny,cifar10,1.0,14,classifier,0.896375
5,6,9,vit_tiny,cifar10,1.0,0,base.patch_embed,0.979551
5,6,9,vit_tiny,cifar10,1.0,1,base.blocks.0,0.967073
5,6,9,vit_tiny,cifar10,1.0,2,base.blocks.1,0.947809
5,6,9,vit_tiny,cifar10,1.0,3,base.blocks.2,0.924768
5,6,9,vit_tiny,cifar10,1.0,4,base.blocks.3,0.897249
5,6,9,vit_tiny,cifar10,1.0,5,base.blocks.4,0.876680
5,6,9,vit_tiny,cifar10,1.0,6,base.blocks.5,0.855671
5,6,9,vit_tiny,cifar10,1.0,7,base.blocks.6,0.828596
5,6,9,vit_tiny,cifar10,1.0,8,base.blocks.7,0.803695
5,6,9,vit_tiny,cifar10,1.0,9,base.blocks.8,0.781713
5,6,9,vit_tiny,cifar10,1.0,10,base.blocks.9,0.762699
5,6,9,vit_tiny,cifar10,1.0,11,base.blocks.10,0.745275
5,6,9,vit_tiny,cifar10,1.0,12,base.blocks.11,0.734600
5,6,9,vit_tiny,cifar10,1.0,13,base.norm,0.789004
5,6,9,vit_tiny,cifar10,1.0,14,classifier,0.761696
5,7,8,vit_tiny,cifar10,1.0,0,base.patch_embed,0.954084
5,7,8,vit_tiny,cifar10,1.0,1,base.blocks.0,0.941682
5,7,8,vit_tiny,cifar10,1.0,2,base.blocks.1,0.937371
5,7,8,vit_tiny,cifar10,1.0,3,base.blocks.2,0.933555
5,7,8,vit_tiny,cifar10,1.0,4,base.blocks.3,0.930975
5,7,8,vit_tiny,cifar10,1.0,5,base.blocks.4,0.929054
5,7,8,vit_tiny,cifar10,1.0,6,base.blocks.5,0.927322
5,7,8,vit_tiny,cifar10,1.0,7,base.blocks.6,0.926260
5,7,8,vit_tiny,cifar10,1.0,8,base.blocks.7,0.921929
5,7,8,vit_tiny,cifar10,1.0,9,base.blocks.8,0.921560
5,7,8,vit_tiny,cifar10,1.0,10,base.blocks.9,0.916993
5,7,8,vit_tiny,cifar10,1.0,11,base.blocks.10,0.913323
5,7,8,vit_tiny,cifar10,1.0,12,base.blocks.11,0.908020
5,7,8,vit_tiny,cifar10,1.0,13,base.norm,0.904437
5,7,8,vit_tiny,cifar10,1.0,14,classifier,0.861492
5,7,9,vit_tiny,cifar10,1.0,0,base.patch_embed,0.984938
5,7,9,vit_tiny,cifar10,1.0,1,base.blocks.0,0.979741
5,7,9,vit_tiny,cifar10,1.0,2,base.blocks.1,0.959360
5,7,9,vit_tiny,cifar10,1.0,3,base.blocks.2,0.935546
5,7,9,vit_tiny,cifar10,1.0,4,base.blocks.3,0.918891
5,7,9,vit_tiny,cifar10,1.0,5,base.blocks.4,0.901239
5,7,9,vit_tiny,cifar10,1.0,6,base.blocks.5,0.885020
5,7,9,vit_tiny,cifar10,1.0,7,base.blocks.6,0.860251
5,7,9,vit_tiny,cifar10,1.0,8,base.blocks.7,0.837125
5,7,9,vit_tiny,cifar10,1.0,9,base.blocks.8,0.814282
5,7,9,vit_tiny,cifar10,1.0,10,base.blocks.9,0.794693
5,7,9,vit_tiny,cifar10,1.0,11,base.blocks.10,0.770002
5,7,9,vit_tiny,cifar10,1.0,12,base.blocks.11,0.755352
5,7,9,vit_tiny,cifar10,1.0,13,base.norm,0.817995
5,7,9,vit_tiny,cifar10,1.0,14,classifier,0.787131
5,8,9,vit_tiny,cifar10,1.0,0,base.patch_embed,0.945562
5,8,9,vit_tiny,cifar10,1.0,1,base.blocks.0,0.938046
5,8,9,vit_tiny,cifar10,1.0,2,base.blocks.1,0.928108
5,8,9,vit_tiny,cifar10,1.0,3,base.blocks.2,0.912386
5,8,9,vit_tiny,cifar10,1.0,4,base.blocks.3,0.898876
5,8,9,vit_tiny,cifar10,1.0,5,base.blocks.4,0.882401
5,8,9,vit_tiny,cifar10,1.0,6,base.blocks.5,0.867354
5,8,9,vit_tiny,cifar10,1.0,7,base.blocks.6,0.851578
5,8,9,vit_tiny,cifar10,1.0,8,base.blocks.7,0.833162
5,8,9,vit_tiny,cifar10,1.0,9,base.blocks.8,0.813570
5,8,9,vit_tiny,cifar10,1.0,10,base.blocks.9,0.795387
5,8,9,vit_tiny,cifar10,1.0,11,base.blocks.10,0.777041
5,8,9,vit_tiny,cifar10,1.0,12,base.blocks.11,0.765472
5,8,9,vit_tiny,cifar10,1.0,13,base.norm,0.778534
5,8,9,vit_tiny,cifar10,1.0,14,classifier,0.742914
10,0,1,vit_tiny,cifar10,1.0,0,base.patch_embed,0.978062
10,0,1,vit_tiny,cifar10,1.0,1,base.blocks.0,0.963316
10,0,1,vit_tiny,cifar10,1.0,2,base.blocks.1,0.944102
10,0,1,vit_tiny,cifar10,1.0,3,base.blocks.2,0.933610
10,0,1,vit_tiny,cifar10,1.0,4,base.blocks.3,0.938651
10,0,1,vit_tiny,cifar10,1.0,5,base.blocks.4,0.937395
10,0,1,vit_tiny,cifar10,1.0,6,base.blocks.5,0.932284
10,0,1,vit_tiny,cifar10,1.0,7,base.blocks.6,0.930194
10,0,1,vit_tiny,cifar10,1.0,8,base.blocks.7,0.925031
10,0,1,vit_tiny,cifar10,1.0,9,base.blocks.8,0.917980
10,0,1,vit_tiny,cifar10,1.0,10,base.blocks.9,0.911960
10,0,1,vit_tiny,cifar10,1.0,11,base.blocks.10,0.909543
10,0,1,vit_tiny,cifar10,1.0,12,base.blocks.11,0.906502
10,0,1,vit_tiny,cifar10,1.0,13,base.norm,0.909919
10,0,1,vit_tiny,cifar10,1.0,14,classifier,0.867071
10,0,2,vit_tiny,cifar10,1.0,0,base.patch_embed,0.950442
10,0,2,vit_tiny,cifar10,1.0,1,base.blocks.0,0.936103
10,0,2,vit_tiny,cifar10,1.0,2,base.blocks.1,0.929633
10,0,2,vit_tiny,cifar10,1.0,3,base.blocks.2,0.929326
10,0,2,vit_tiny,cifar10,1.0,4,base.blocks.3,0.914235
10,0,2,vit_tiny,cifar10,1.0,5,base.blocks.4,0.906925
10,0,2,vit_tiny,cifar10,1.0,6,base.blocks.5,0.900053
10,0,2,vit_tiny,cifar10,1.0,7,base.blocks.6,0.886408
10,0,2,vit_tiny,cifar10,1.0,8,base.blocks.7,0.873498
10,0,2,vit_tiny,cifar10,1.0,9,base.blocks.8,0.862271
10,0,2,vit_tiny,cifar10,1.0,10,base.blocks.9,0.851142
10,0,2,vit_tiny,cifar10,1.0,11,base.blocks.10,0.839913
10,0,2,vit_tiny,cifar10,1.0,12,base.blocks.11,0.829486
10,0,2,vit_tiny,cifar10,1.0,13,base.norm,0.858692
10,0,2,vit_tiny,cifar10,1.0,14,classifier,0.761834
10,0,3,vit_tiny,cifar10,1.0,0,base.patch_embed,0.975215
10,0,3,vit_tiny,cifar10,1.0,1,base.blocks.0,0.971281
10,0,3,vit_tiny,cifar10,1.0,2,base.blocks.1,0.960319
10,0,3,vit_tiny,cifar10,1.0,3,base.blocks.2,0.953961
10,0,3,vit_tiny,cifar10,1.0,4,base.blocks.3,0.962763
10,0,3,vit_tiny,cifar10,1.0,5,base.blocks.4,0.961362
10,0,3,vit_tiny,cifar10,1.0,6,base.blocks.5,0.959514
10,0,3,vit_tiny,cifar10,1.0,7,base.blocks.6,0.953936
10,0,3,vit_tiny,cifar10,1.0,8,base.blocks.7,0.947225
10,0,3,vit_tiny,cifar10,1.0,9,base.blocks.8,0.941222
10,0,3,vit_tiny,cifar10,1.0,10,base.blocks.9,0.931658
10,0,3,vit_tiny,cifar10,1.0,11,base.blocks.10,0.924312
10,0,3,vit_tiny,cifar10,1.0,12,base.blocks.11,0.917946
10,0,3,vit_tiny,cifar10,1.0,13,base.norm,0.917340
10,0,3,vit_tiny,cifar10,1.0,14,classifier,0.842614
10,0,4,vit_tiny,cifar10,1.0,0,base.patch_embed,0.995749
10,0,4,vit_tiny,cifar10,1.0,1,base.blocks.0,0.987909
10,0,4,vit_tiny,cifar10,1.0,2,base.blocks.1,0.981008
10,0,4,vit_tiny,cifar10,1.0,3,base.blocks.2,0.974858
10,0,4,vit_tiny,cifar10,1.0,4,base.blocks.3,0.971270
10,0,4,vit_tiny,cifar10,1.0,5,base.blocks.4,0.965837
10,0,4,vit_tiny,cifar10,1.0,6,base.blocks.5,0.958597
10,0,4,vit_tiny,cifar10,1.0,7,base.blocks.6,0.952332
10,0,4,vit_tiny,cifar10,1.0,8,base.blocks.7,0.944540
10,0,4,vit_tiny,cifar10,1.0,9,base.blocks.8,0.938146
10,0,4,vit_tiny,cifar10,1.0,10,base.blocks.9,0.932246
10,0,4,vit_tiny,cifar10,1.0,11,base.blocks.10,0.926606
10,0,4,vit_tiny,cifar10,1.0,12,base.blocks.11,0.922276
10,0,4,vit_tiny,cifar10,1.0,13,base.norm,0.932527
10,0,4,vit_tiny,cifar10,1.0,14,classifier,0.855843
10,0,5,vit_tiny,cifar10,1.0,0,base.patch_embed,0.981159
10,0,5,vit_tiny,cifar10,1.0,1,base.blocks.0,0.966534
10,0,5,vit_tiny,cifar10,1.0,2,base.blocks.1,0.959822
10,0,5,vit_tiny,cifar10,1.0,3,base.blocks.2,0.952958
10,0,5,vit_tiny,cifar10,1.0,4,base.blocks.3,0.932915
10,0,5,vit_tiny,cifar10,1.0,5,base.blocks.4,0.922216
10,0,5,vit_tiny,cifar10,1.0,6,base.blocks.5,0.909024
10,0,5,vit_tiny,cifar10,1.0,7,base.blocks.6,0.886689
10,0,5,vit_tiny,cifar10,1.0,8,base.blocks.7,0.867815
10,0,5,vit_tiny,cifar10,1.0,9,base.blocks.8,0.854097
10,0,5,vit_tiny,cifar10,1.0,10,base.blocks.9,0.837400
10,0,5,vit_tiny,cifar10,1.0,11,base.blocks.10,0.824440
10,0,5,vit_tiny,cifar10,1.0,12,base.blocks.11,0.811830
10,0,5,vit_tiny,cifar10,1.0,13,base.norm,0.821417
10,0,5,vit_tiny,cifar10,1.0,14,classifier,0.693142
10,0,6,vit_tiny,cifar10,1.0,0,base.patch_embed,0.993683
10,0,6,vit_tiny,cifar10,1.0,1,base.blocks.0,0.970357
10,0,6,vit_tiny,cifar10,1.0,2,base.blocks.1,0.947170
10,0,6,vit_tiny,cifar10,1.0,3,base.blocks.2,0.935463
10,0,6,vit_tiny,cifar10,1.0,4,base.blocks.3,0.922419
10,0,6,vit_tiny,cifar10,1.0,5,base.blocks.4,0.914685
10,0,6,vit_tiny,cifar10,1.0,6,base.blocks.5,0.909193
10,0,6,vit_tiny,cifar10,1.0,7,base.blocks.6,0.901771
10,0,6,vit_tiny,cifar10,1.0,8,base.blocks.7,0.891126
10,0,6,vit_tiny,cifar10,1.0,9,base.blocks.8,0.885341
10,0,6,vit_tiny,cifar10,1.0,10,base.blocks.9,0.883044
10,0,6,vit_tiny,cifar10,1.0,11,base.blocks.10,0.878856
10,0,6,vit_tiny,cifar10,1.0,12,base.blocks.11,0.872769
10,0,6,vit_tiny,cifar10,1.0,13,base.norm,0.891015
10,0,6,vit_tiny,cifar10,1.0,14,classifier,0.847704
10,0,7,vit_tiny,cifar10,1.0,0,base.patch_embed,0.964664
10,0,7,vit_tiny,cifar10,1.0,1,base.blocks.0,0.917735
10,0,7,vit_tiny,cifar10,1.0,2,base.blocks.1,0.897274
10,0,7,vit_tiny,cifar10,1.0,3,base.blocks.2,0.885425
10,0,7,vit_tiny,cifar10,1.0,4,base.blocks.3,0.880786
10,0,7,vit_tiny,cifar10,1.0,5,base.blocks.4,0.870570
10,0,7,vit_tiny,cifar10,1.0,6,base.blocks.5,0.862179
10,0,7,vit_tiny,cifar10,1.0,7,base.blocks.6,0.857579
10,0,7,vit_tiny,cifar10,1.0,8,base.blocks.7,0.844264
10,0,7,vit_tiny,cifar10,1.0,9,base.blocks.8,0.835205
10,0,7,vit_tiny,cifar10,1.0,10,base.blocks.9,0.830052
10,0,7,vit_tiny,cifar10,1.0,11,base.blocks.10,0.824286
10,0,7,vit_tiny,cifar10,1.0,12,base.blocks.11,0.814866
10,0,7,vit_tiny,cifar10,1.0,13,base.norm,0.845317
10,0,7,vit_tiny,cifar10,1.0,14,classifier,0.774469
10,0,8,vit_tiny,cifar10,1.0,0,base.patch_embed,0.978523
10,0,8,vit_tiny,cifar10,1.0,1,base.blocks.0,0.957617
10,0,8,vit_tiny,cifar10,1.0,2,base.blocks.1,0.951171
10,0,8,vit_tiny,cifar10,1.0,3,base.blocks.2,0.944735
10,0,8,vit_tiny,cifar10,1.0,4,base.blocks.3,0.950481
10,0,8,vit_tiny,cifar10,1.0,5,base.blocks.4,0.943285
10,0,8,vit_tiny,cifar10,1.0,6,base.blocks.5,0.929575
10,0,8,vit_tiny,cifar10,1.0,7,base.blocks.6,0.913523
10,0,8,vit_tiny,cifar10,1.0,8,base.blocks.7,0.899255
10,0,8,vit_tiny,cifar10,1.0,9,base.blocks.8,0.886629
10,0,8,vit_tiny,cifar10,1.0,10,base.blocks.9,0.875133
10,0,8,vit_tiny,cifar10,1.0,11,base.blocks.10,0.868384
10,0,8,vit_tiny,cifar10,1.0,12,base.blocks.11,0.862431
10,0,8,vit_tiny,cifar10,1.0,13,base.norm,0.869520
10,0,8,vit_tiny,cifar10,1.0,14,classifier,0.779538
10,0,9,vit_tiny,cifar10,1.0,0,base.patch_embed,0.980273
10,0,9,vit_tiny,cifar10,1.0,1,base.blocks.0,0.970665
10,0,9,vit_tiny,cifar10,1.0,2,base.blocks.1,0.960384
10,0,9,vit_tiny,cifar10,1.0,3,base.blocks.2,0.948400
10,0,9,vit_tiny,cifar10,1.0,4,base.blocks.3,0.942213
10,0,9,vit_tiny,cifar10,1.0,5,base.blocks.4,0.936597
10,0,9,vit_tiny,cifar10,1.0,6,base.blocks.5,0.933532
10,0,9,vit_tiny,cifar10,1.0,7,base.blocks.6,0.925950
10,0,9,vit_tiny,cifar10,1.0,8,base.blocks.7,0.918194
10,0,9,vit_tiny,cifar10,1.0,9,base.blocks.8,0.911743
10,0,9,vit_tiny,cifar10,1.0,10,base.blocks.9,0.907437
10,0,9,vit_tiny,cifar10,1.0,11,base.blocks.10,0.901430
10,0,9,vit_tiny,cifar10,1.0,12,base.blocks.11,0.897018
10,0,9,vit_tiny,cifar10,1.0,13,base.norm,0.897245
10,0,9,vit_tiny,cifar10,1.0,14,classifier,0.859640
10,1,2,vit_tiny,cifar10,1.0,0,base.patch_embed,0.937063
10,1,2,vit_tiny,cifar10,1.0,1,base.blocks.0,0.949828
10,1,2,vit_tiny,cifar10,1.0,2,base.blocks.1,0.948833
10,1,2,vit_tiny,cifar10,1.0,3,base.blocks.2,0.947724
10,1,2,vit_tiny,cifar10,1.0,4,base.blocks.3,0.918319
10,1,2,vit_tiny,cifar10,1.0,5,base.blocks.4,0.907070
10,1,2,vit_tiny,cifar10,1.0,6,base.blocks.5,0.892197
10,1,2,vit_tiny,cifar10,1.0,7,base.blocks.6,0.863029
10,1,2,vit_tiny,cifar10,1.0,8,base.blocks.7,0.840438
10,1,2,vit_tiny,cifar10,1.0,9,base.blocks.8,0.818291
10,1,2,vit_tiny,cifar10,1.0,10,base.blocks.9,0.789675
10,1,2,vit_tiny,cifar10,1.0,11,base.blocks.10,0.773262
10,1,2,vit_tiny,cifar10,1.0,12,base.blocks.11,0.751624
10,1,2,vit_tiny,cifar10,1.0,13,base.norm,0.820810
10,1,2,vit_tiny,cifar10,1.0,14,classifier,0.748989
10,1,3,vit_tiny,cifar10,1.0,0,base.patch_embed,0.993506
10,1,3,vit_tiny,cifar10,1.0,1,base.blocks.0,0.981508
10,1,3,vit_tiny,cifar10,1.0,2,base.blocks.1,0.973486
10,1,3,vit_tiny,cifar10,1.0,3,base.blocks.2,0.964472
10,1,3,vit_tiny,cifar10,1.0,4,base.blocks.3,0.950018
10,1,3,vit_tiny,cifar10,1.0,5,base.blocks.4,0.940853
10,1,3,vit_tiny,cifar10,1.0,6,base.blocks.5,0.929536
10,1,3,vit_tiny,cifar10,1.0,7,base.blocks.6,0.915252
10,1,3,vit_tiny,cifar10,1.0,8,base.blocks.7,0.899738
10,1,3,vit_tiny,cifar10,1.0,9,base.blocks.8,0.886924
10,1,3,vit_tiny,cifar10,1.0,10,base.blocks.9,0.869792
10,1,3,vit_tiny,cifar10,1.0,11,base.blocks.10,0.857397
10,1,3,vit_tiny,cifar10,1.0,12,base.blocks.11,0.845411
10,1,3,vit_tiny,cifar10,1.0,13,base.norm,0.848869
10,1,3,vit_tiny,cifar10,1.0,14,classifier,0.871965
10,1,4,vit_tiny,cifar10,1.0,0,base.patch_embed,0.976033
10,1,4,vit_tiny,cifar10,1.0,1,base.blocks.0,0.971314
10,1,4,vit_tiny,cifar10,1.0,2,base.blocks.1,0.964544
10,1,4,vit_tiny,cifar10,1.0,3,base.blocks.2,0.956354
10,1,4,vit_tiny,cifar10,1.0,4,base.blocks.3,0.947510
10,1,4,vit_tiny,cifar10,1.0,5,base.blocks.4,0.938009
10,1,4,vit_tiny,cifar10,1.0,6,base.blocks.5,0.925194
10,1,4,vit_tiny,cifar10,1.0,7,base.blocks.6,0.910192
10,1,4,vit_tiny,cifar10,1.0,8,base.blocks.7,0.891587
10,1,4,vit_tiny,cifar10,1.0,9,base.blocks.8,0.874004
10,1,4,vit_tiny,cifar10,1.0,10,base.blocks.9,0.858239
10,1,4,vit_tiny,cifar10,1.0,11,base.blocks.10,0.844867
10,1,4,vit_tiny,cifar10,1.0,12,base.blocks.11,0.831567
10,1,4,vit_tiny,cifar10,1.0,13,base.norm,0.865189
10,1,4,vit_tiny,cifar10,1.0,14,classifier,0.864475
10,1,5,vit_tiny,cifar10,1.0,0,base.patch_embed,0.961068
10,1,5,vit_tiny,cifar10,1.0,1,base.blocks.0,0.924792
10,1,5,vit_tiny,cifar10,1.0,2,base.blocks.1,0.910164
10,1,5,vit_tiny,cifar10,1.0,3,base.blocks.2,0.902361
10,1,5,vit_tiny,cifar10,1.0,4,base.blocks.3,0.879092
10,1,5,vit_tiny,cifar10,1.0,5,base.blocks.4,0.868700
10,1,5,vit_tiny,cifar10,1.0,6,base.blocks.5,0.855641
10,1,5,vit_tiny,cifar10,1.0,7,base.blocks.6,0.829547
10,1,5,vit_tiny,cifar10,1.0,8,base.blocks.7,0.807810
10,1,5,vit_tiny,cifar10,1.0,9,base.blocks.8,0.791928
10,1,5,vit_tiny,cifar10,1.0,10,base.blocks.9,0.772379
10,1,5,vit_tiny,cifar10,1.0,11,base.blocks.10,0.761017
10,1,5,vit_tiny,cifar10,1.0,12,base.blocks.11,0.746870
10,1,5,vit_tiny,cifar10,1.0,13,base.norm,0.779483
10,1,5,vit_tiny,cifar10,1.0,14,classifier,0.758403
10,1,6,vit_tiny,cifar10,1.0,0,base.patch_embed,0.973137
10,1,6,vit_tiny,cifar10,1.0,1,base.blocks.0,0.961595
10,1,6,vit_tiny,cifar10,1.0,2,base.blocks.1,0.952282
10,1,6,vit_tiny,cifar10,1.0,3,base.blocks.2,0.949069
10,1,6,vit_tiny,cifar10,1.0,4,base.blocks.3,0.929020
10,1,6,vit_tiny,cifar10,1.0,5,base.blocks.4,0.920076
10,1,6,vit_tiny,cifar10,1.0,6,base.blocks.5,0.911674
10,1,6,vit_tiny,cifar10,1.0,7,base.blocks.6,0.896540
10,1,6,vit_tiny,cifar10,1.0,8,base.blocks.7,0.880972
10,1,6,vit_tiny,cifar10,1.0,9,base.blocks.8,0.869095
10,1,6,vit_tiny,cifar10,1.0,10,base.blocks.9,0.857930
10,1,6,vit_tiny,cifar10,1.0,11,base.blocks.10,0.849433
10,1,6,vit_tiny,cifar10,1.0,12,base.blocks.11,0.836132
10,1,6,vit_tiny,cifar10,1.0,13,base.norm,0.877119
10,1,6,vit_tiny,cifar10,1.0,14,classifier,0.890474
10,1,7,vit_tiny,cifar10,1.0,0,base.patch_embed,0.945726
10,1,7,vit_tiny,cifar10,1.0,1,base.blocks.0,0.927825
10,1,7,vit_tiny,cifar10,1.0,2,base.blocks.1,0.928250
10,1,7,vit_tiny,cifar10,1.0,3,base.blocks.2,0.929298
10,1,7,vit_tiny,cifar10,1.0,4,base.blocks.3,0.931426
10,1,7,vit_tiny,cifar10,1.0,5,base.blocks.4,0.928812
10,1,7,vit_tiny,cifar10,1.0,6,base.blocks.5,0.927822
10,1,7,vit_tiny,cifar10,1.0,7,base.blocks.6,0.921720
10,1,7,vit_tiny,cifar10,1.0,8,base.blocks.7,0.913085
10,1,7,vit_tiny,cifar10,1.0,9,base.blocks.8,0.905158
10,1,7,vit_tiny,cifar10,1.0,10,base.blocks.9,0.896086
10,1,7,vit_tiny,cifar10,1.0,11,base.blocks.10,0.886019
10,1,7,vit_tiny,cifar10,1.0,12,base.blocks.11,0.872344
10,1,7,vit_tiny,cifar10,1.0,13,base.norm,0.909369
10,1,7,vit_tiny,cifar10,1.0,14,classifier,0.828968
10,1,8,vit_tiny,cifar10,1.0,0,base.patch_embed,0.973489
10,1,8,vit_tiny,cifar10,1.0,1,base.blocks.0,0.948422
10,1,8,vit_tiny,cifar10,1.0,2,base.blocks.1,0.940807
10,1,8,vit_tiny,cifar10,1.0,3,base.blocks.2,0.934855
10,1,8,vit_tiny,cifar10,1.0,4,base.blocks.3,0.948773
10,1,8,vit_tiny,cifar10,1.0,5,base.blocks.4,0.942132
10,1,8,vit_tiny,cifar10,1.0,6,base.blocks.5,0.929506
10,1,8,vit_tiny,cifar10,1.0,7,base.blocks.6,0.909255
10,1,8,vit_tiny,cifar10,1.0,8,base.blocks.7,0.890126
10,1,8,vit_tiny,cifar10,1.0,9,base.blocks.8,0.872587
10,1,8,vit_tiny,cifar10,1.0,10,base.blocks.9,0.856845
10,1,8,vit_tiny,cifar10,1.0,11,base.blocks.10,0.844392
10,1,8,vit_tiny,cifar10,1.0,12,base.blocks.11,0.832058
10,1,8,vit_tiny,cifar10,1.0,13,base.norm,0.862135
10,1,8,vit_tiny,cifar10,1.0,14,classifier,0.818584
10,1,9,vit_tiny,cifar10,1.0,0,base.patch_embed,0.987887
10,1,9,vit_tiny,cifar10,1.0,1,base.blocks.0,0.971700
10,1,9,vit_tiny,cifar10,1.0,2,base.blocks.1,0.950023
10,1,9,vit_tiny,cifar10,1.0,3,base.blocks.2,0.929473
10,1,9,vit_tiny,cifar10,1.0,4,base.blocks.3,0.909978
10,1,9,vit_tiny,cifar10,1.0,5,base.blocks.4,0.895937
10,1,9,vit_tiny,cifar10,1.0,6,base.blocks.5,0.883052
10,1,9,vit_tiny,cifar10,1.0,7,base.blocks.6,0.866405
10,1,9,vit_tiny,cifar10,1.0,8,base.blocks.7,0.849163
10,1,9,vit_tiny,cifar10,1.0,9,base.blocks.8,0.837186
10,1,9,vit_tiny,cifar10,1.0,10,base.blocks.9,0.829255
10,1,9,vit_tiny,cifar10,1.0,11,base.blocks.10,0.820286
10,1,9,vit_tiny,cifar10,1.0,12,base.blocks.11,0.810161
10,1,9,vit_tiny,cifar10,1.0,13,base.norm,0.826022
10,1,9,vit_tiny,cifar10,1.0,14,classifier,0.818384
10,2,3,vit_tiny,cifar10,1.0,0,base.patch_embed,0.918946
10,2,3,vit_tiny,cifar10,1.0,1,base.blocks.0,0.931187
10,2,3,vit_tiny,cifar10,1.0,2,base.blocks.1,0.936215
10,2,3,vit_tiny,cifar10,1.0,3,base.blocks.2,0.935740
10,2,3,vit_tiny,cifar10,1.0,4,base.blocks.3,0.931211
10,2,3,vit_tiny,cifar10,1.0,5,base.blocks.4,0.927958
10,2,3,vit_tiny,cifar10,1.0,6,base.blocks.5,0.922412
10,2,3,vit_tiny,cifar10,1.0,7,base.blocks.6,0.914432
10,2,3,vit_tiny,cifar10,1.0,8,base.blocks.7,0.909374
10,2,3,vit_tiny,cifar10,1.0,9,base.blocks.8,0.900367
10,2,3,vit_tiny,cifar10,1.0,10,base.blocks.9,0.886451
10,2,3,vit_tiny,cifar10,1.0,11,base.blocks.10,0.880832
10,2,3,vit_tiny,cifar10,1.0,12,base.blocks.11,0.876819
10,2,3,vit_tiny,cifar10,1.0,13,base.norm,0.890189
10,2,3,vit_tiny,cifar10,1.0,14,classifier,0.836193
10,2,4,vit_tiny,cifar10,1.0,0,base.patch_embed,0.925772
10,2,4,vit_tiny,cifar10,1.0,1,base.blocks.0,0.931752
10,2,4,vit_tiny,cifar10,1.0,2,base.blocks.1,0.933901
10,2,4,vit_tiny,cifar10,1.0,3,base.blocks.2,0.931161
10,2,4,vit_tiny,cifar10,1.0,4,base.blocks.3,0.907629
10,2,4,vit_tiny,cifar10,1.0,5,base.blocks.4,0.897770
10,2,4,vit_tiny,cifar10,1.0,6,base.blocks.5,0.888802
10,2,4,vit_tiny,cifar10,1.0,7,base.blocks.6,0.881067
10,2,4,vit_tiny,cifar10,1.0,8,base.blocks.7,0.877983
10,2,4,vit_tiny,cifar10,1.0,9,base.blocks.8,0.870486
10,2,4,vit_tiny,cifar10,1.0,10,base.blocks.9,0.862997
10,2,4,vit_tiny,cifar10,1.0,11,base.blocks.10,0.858531
10,2,4,vit_tiny,cifar10,1.0,12,base.blocks.11,0.857501
10,2,4,vit_tiny,cifar10,1.0,13,base.norm,0.886343
10,2,4,vit_tiny,cifar10,1.0,14,classifier,0.815657
10,2,5,vit_tiny,cifar10,1.0,0,base.patch_embed,0.943232
10,2,5,vit_tiny,cifar10,1.0,1,base.blocks.0,0.937727
10,2,5,vit_tiny,cifar10,1.0,2,base.blocks.1,0.937742
10,2,5,vit_tiny,cifar10,1.0,3,base.blocks.2,0.937754
10,2,5,vit_tiny,cifar10,1.0,4,base.blocks.3,0.932557
10,2,5,vit_tiny,cifar10,1.0,5,base.blocks.4,0.922669
10,2,5,vit_tiny,cifar10,1.0,6,base.blocks.5,0.910596
10,2,5,vit_tiny,cifar10,1.0,7,base.blocks.6,0.891192
10,2,5,vit_tiny,cifar10,1.0,8,base.blocks.7,0.876144
10,2,5,vit_tiny,cifar10,1.0,9,base.blocks.8,0.859057
10,2,5,vit_tiny,cifar10,1.0,10,base.blocks.9,0.837117
10,2,5,vit_tiny,cifar10,1.0,11,base.blocks.10,0.823645
10,2,5,vit_tiny,cifar10,1.0,12,base.blocks.11,0.803125
10,2,5,vit_tiny,cifar10,1.0,13,base.norm,0.860577
10,2,5,vit_tiny,cifar10,1.0,14,classifier,0.776340
10,2,6,vit_tiny,cifar10,1.0,0,base.patch_embed,0.975876
10,2,6,vit_tiny,cifar10,1.0,1,base.blocks.0,0.988167
10,2,6,vit_tiny,cifar10,1.0,2,base.blocks.1,0.993450
10,2,6,vit_tiny,cifar10,1.0,3,base.blocks.2,0.992282
10,2,6,vit_tiny,cifar10,1.0,4,base.blocks.3,0.987017
10,2,6,vit_tiny,cifar10,1.0,5,base.blocks.4,0.981119
10,2,6,vit_tiny,cifar10,1.0,6,base.blocks.5,0.973385
10,2,6,vit_tiny,cifar10,1.0,7,base.blocks.6,0.961147
10,2,6,vit_tiny,cifar10,1.0,8,base.blocks.7,0.949194
10,2,6,vit_tiny,cifar10,1.0,9,base.blocks.8,0.938354
10,2,6,vit_tiny,cifar10,1.0,10,base.blocks.9,0.925285
10,2,6,vit_tiny,cifar10,1.0,11,base.blocks.10,0.915703
10,2,6,vit_tiny,cifar10,1.0,12,base.blocks.11,0.902938
10,2,6,vit_tiny,cifar10,1.0,13,base.norm,0.933581
10,2,6,vit_tiny,cifar10,1.0,14,classifier,0.790536
10,2,7,vit_tiny,cifar10,1.0,0,base.patch_embed,0.987638
10,2,7,vit_tiny,cifar10,1.0,1,base.blocks.0,0.978963
10,2,7,vit_tiny,cifar10,1.0,2,base.blocks.1,0.975674
10,2,7,vit_tiny,cifar10,1.0,3,base.blocks.2,0.969005
10,2,7,vit_tiny,cifar10,1.0,4,base.blocks.3,0.954546
10,2,7,vit_tiny,cifar10,1.0,5,base.blocks.4,0.945253
10,2,7,vit_tiny,cifar10,1.0,6,base.blocks.5,0.933955
10,2,7,vit_tiny,cifar10,1.0,7,base.blocks.6,0.920586
10,2,7,vit_tiny,cifar10,1.0,8,base.blocks.7,0.906937
10,2,7,vit_tiny,cifar10,1.0,9,base.blocks.8,0.894524
10,2,7,vit_tiny,cifar10,1.0,10,base.blocks.9,0.879670
10,2,7,vit_tiny,cifar10,1.0,11,base.blocks.10,0.873482
10,2,7,vit_tiny,cifar10,1.0,12,base.blocks.11,0.859591
10,2,7,vit_tiny,cifar10,1.0,13,base.norm,0.900476
10,2,7,vit_tiny,cifar10,1.0,14,classifier,0.833641
10,2,8,vit_tiny,cifar10,1.0,0,base.patch_embed,0.882810
10,2,8,vit_tiny,cifar10,1.0,1,base.blocks.0,0.871946
10,2,8,vit_tiny,cifar10,1.0,2,base.blocks.1,0.892840
10,2,8,vit_tiny,cifar10,1.0,3,base.blocks.2,0.902515
10,2,8,vit_tiny,cifar10,1.0,4,base.blocks.3,0.901430
10,2,8,vit_tiny,cifar10,1.0,5,base.blocks.4,0.897195
10,2,8,vit_tiny,cifar10,1.0,6,base.blocks.5,0.884214
10,2,8,vit_tiny,cifar10,1.0,7,base.blocks.6,0.860334
10,2,8,vit_tiny,cifar10,1.0,8,base.blocks.7,0.849679
10,2,8,vit_tiny,cifar10,1.0,9,base.blocks.8,0.832549
10,2,8,vit_tiny,cifar10,1.0,10,base.blocks.9,0.808421
10,2,8,vit_tiny,cifar10,1.0,11,base.blocks.10,0.793560
10,2,8,vit_tiny,cifar10,1.0,12,base.blocks.11,0.782113
10,2,8,vit_tiny,cifar10,1.0,13,base.norm,0.823675
10,2,8,vit_tiny,cifar10,1.0,14,classifier,0.806718
10,2,9,vit_tiny,cifar10,1.0,0,base.patch_embed,0.943262
10,2,9,vit_tiny,cifar10,1.0,1,base.blocks.0,0.922420
10,2,9,vit_tiny,cifar10,1.0,2,base.blocks.1,0.900805
10,2,9,vit_tiny,cifar10,1.0,3,base.blocks.2,0.884682
10,2,9,vit_tiny,cifar10,1.0,4,base.blocks.3,0.858930
10,2,9,vit_tiny,cifar10,1.0,5,base.blocks.4,0.846931
10,2,9,vit_tiny,cifar10,1.0,6,base.blocks.5,0.839754
10,2,9,vit_tiny,cifar10,1.0,7,base.blocks.6,0.826604
10,2,9,vit_tiny,cifar10,1.0,8,base.blocks.7,0.818575
10,2,9,vit_tiny,cifar10,1.0,9,base.blocks.8,0.805788
10,2,9,vit_tiny,cifar10,1.0,10,base.blocks.9,0.794342
10,2,9,vit_tiny,cifar10,1.0,11,base.blocks.10,0.786158
10,2,9,vit_tiny,cifar10,1.0,12,base.blocks.11,0.777017
10,2,9,vit_tiny,cifar10,1.0,13,base.norm,0.823193
10,2,9,vit_tiny,cifar10,1.0,14,classifier,0.769556
10,3,4,vit_tiny,cifar10,1.0,0,base.patch_embed,0.980571
10,3,4,vit_tiny,cifar10,1.0,1,base.blocks.0,0.985450
10,3,4,vit_tiny,cifar10,1.0,2,base.blocks.1,0.985607
10,3,4,vit_tiny,cifar10,1.0,3,base.blocks.2,0.984577
10,3,4,vit_tiny,cifar10,1.0,4,base.blocks.3,0.984362
10,3,4,vit_tiny,cifar10,1.0,5,base.blocks.4,0.980344
10,3,4,vit_tiny,cifar10,1.0,6,base.blocks.5,0.973641
10,3,4,vit_tiny,cifar10,1.0,7,base.blocks.6,0.962057
10,3,4,vit_tiny,cifar10,1.0,8,base.blocks.7,0.951346
10,3,4,vit_tiny,cifar10,1.0,9,base.blocks.8,0.939663
10,3,4,vit_tiny,cifar10,1.0,10,base.blocks.9,0.926763
10,3,4,vit_tiny,cifar10,1.0,11,base.blocks.10,0.917728
10,3,4,vit_tiny,cifar10,1.0,12,base.blocks.11,0.908768
10,3,4,vit_tiny,cifar10,1.0,13,base.norm,0.925083
10,3,4,vit_tiny,cifar10,1.0,14,classifier,0.873030
10,3,5,vit_tiny,cifar10,1.0,0,base.patch_embed,0.955177
10,3,5,vit_tiny,cifar10,1.0,1,base.blocks.0,0.939417
10,3,5,vit_tiny,cifar10,1.0,2,base.blocks.1,0.935036
10,3,5,vit_tiny,cifar10,1.0,3,base.blocks.2,0.931236
10,3,5,vit_tiny,cifar10,1.0,4,base.blocks.3,0.928002
10,3,5,vit_tiny,cifar10,1.0,5,base.blocks.4,0.919377
10,3,5,vit_tiny,cifar10,1.0,6,base.blocks.5,0.901522
10,3,5,vit_tiny,cifar10,1.0,7,base.blocks.6,0.874146
10,3,5,vit_tiny,cifar10,1.0,8,base.blocks.7,0.852922
10,3,5,vit_tiny,cifar10,1.0,9,base.blocks.8,0.830453
10,3,5,vit_tiny,cifar10,1.0,10,base.blocks.9,0.800349
10,3,5,vit_tiny,cifar10,1.0,11,base.blocks.10,0.783904
10,3,5,vit_tiny,cifar10,1.0,12,base.blocks.11,0.766863
10,3,5,vit_tiny,cifar10,1.0,13,base.norm,0.773874
10,3,5,vit_tiny,cifar10,1.0,14,classifier,0.696077
10,3,6,vit_tiny,cifar10,1.0,0,base.patch_embed,0.963588
10,3,6,vit_tiny,cifar10,1.0,1,base.blocks.0,0.952239
10,3,6,vit_tiny,cifar10,1.0,2,base.blocks.1,0.941924
10,3,6,vit_tiny,cifar10,1.0,3,base.blocks.2,0.931734
10,3,6,vit_tiny,cifar10,1.0,4,base.blocks.3,0.925329
10,3,6,vit_tiny,cifar10,1.0,5,base.blocks.4,0.919883
10,3,6,vit_tiny,cifar10,1.0,6,base.blocks.5,0.915472
10,3,6,vit_tiny,cifar10,1.0,7,base.blocks.6,0.911717
10,3,6,vit_tiny,cifar10,1.0,8,base.blocks.7,0.907836
10,3,6,vit_tiny,cifar10,1.0,9,base.blocks.8,0.903673
10,3,6,vit_tiny,cifar10,1.0,10,base.blocks.9,0.897930
10,3,6,vit_tiny,cifar10,1.0,11,base.blocks.10,0.896015
10,3,6,vit_tiny,cifar10,1.0,12,base.blocks.11,0.893763
10,3,6,vit_tiny,cifar10,1.0,13,base.norm,0.899876
10,3,6,vit_tiny,cifar10,1.0,14,classifier,0.855973
10,3,7,vit_tiny,cifar10,1.0,0,base.patch_embed,0.928925
10,3,7,vit_tiny,cifar10,1.0,1,base.blocks.0,0.909218
10,3,7,vit_tiny,cifar10,1.0,2,base.blocks.1,0.907424
10,3,7,vit_tiny,cifar10,1.0,3,base.blocks.2,0.897616
10,3,7,vit_tiny,cifar10,1.0,4,base.blocks.3,0.901062
10,3,7,vit_tiny,cifar10,1.0,5,base.blocks.4,0.894507
10,3,7,vit_tiny,cifar10,1.0,6,base.blocks.5,0.889331
10,3,7,vit_tiny,cifar10,1.0,7,base.blocks.6,0.884272
10,3,7,vit_tiny,cifar10,1.0,8,base.blocks.7,0.875052
10,3,7,vit_tiny,cifar10,1.0,9,base.blocks.8,0.865915
10,3,7,vit_tiny,cifar10,1.0,10,base.blocks.9,0.852118
10,3,7,vit_tiny,cifar10,1.0,11,base.blocks.10,0.844019
10,3,7,vit_tiny,cifar10,1.0,12,base.blocks.11,0.834216
10,3,7,vit_tiny,cifar10,1.0,13,base.norm,0.843174
10,3,7,vit_tiny,cifar10,1.0,14,classifier,0.771487
10,3,8,vit_tiny,cifar10,1.0,0,base.patch_embed,0.981563
10,3,8,vit_tiny,cifar10,1.0,1,base.blocks.0,0.959345
10,3,8,vit_tiny,cifar10,1.0,2,base.blocks.1,0.950708
10,3,8,vit_tiny,cifar10,1.0,3,base.blocks.2,0.943005
10,3,8,vit_tiny,cifar10,1.0,4,base.blocks.3,0.965873
10,3,8,vit_tiny,cifar10,1.0,5,base.blocks.4,0.963667
10,3,8,vit_tiny,cifar10,1.0,6,base.blocks.5,0.952969
10,3,8,vit_tiny,cifar10,1.0,7,base.blocks.6,0.934425
10,3,8,vit_tiny,cifar10,1.0,8,base.blocks.7,0.920248
10,3,8,vit_tiny,cifar10,1.0,9,base.blocks.8,0.907108
10,3,8,vit_tiny,cifar10,1.0,10,base.blocks.9,0.894602
10,3,8,vit_tiny,cifar10,1.0,11,base.blocks.10,0.886050
10,3,8,vit_tiny,cifar10,1.0,12,base.blocks.11,0.878833
10,3,8,vit_tiny,cifar10,1.0,13,base.norm,0.852672
10,3,8,vit_tiny,cifar10,1.0,14,classifier,0.782177
10,3,9,vit_tiny,cifar10,1.0,0,base.patch_embed,0.987103
10,3,9,vit_tiny,cifar10,1.0,1,base.blocks.0,0.987158
10,3,9,vit_tiny,cifar10,1.0,2,base.blocks.1,0.980653
10,3,9,vit_tiny,cifar10,1.0,3,base.blocks.2,0.976215
10,3,9,vit_tiny,cifar10,1.0,4,base.blocks.3,0.958922
10,3,9,vit_tiny,cifar10,1.0,5,base.blocks.4,0.948767
10,3,9,vit_tiny,cifar10,1.0,6,base.blocks.5,0.936064
10,3,9,vit_tiny,cifar10,1.0,7,base.blocks.6,0.913926
10,3,9,vit_tiny,cifar10,1.0,8,base.blocks.7,0.893865
10,3,9,vit_tiny,cifar10,1.0,9,base.blocks.8,0.875617
10,3,9,vit_tiny,cifar10,1.0,10,base.blocks.9,0.859375
10,3,9,vit_tiny,cifar10,1.0,11,base.blocks.10,0.846671
10,3,9,vit_tiny,cifar10,1.0,12,base.blocks.11,0.834789
10,3,9,vit_tiny,cifar10,1.0,13,base.norm,0.849394
10,3,9,vit_tiny,cifar10,1.0,14,classifier,0.806395
10,4,5,vit_tiny,cifar10,1.0,0,base.patch_embed,0.967624
10,4,5,vit_tiny,cifar10,1.0,1,base.blocks.0,0.935855
10,4,5,vit_tiny,cifar10,1.0,2,base.blocks.1,0.928877
10,4,5,vit_tiny,cifar10,1.0,3,base.blocks.2,0.923913
10,4,5,vit_tiny,cifar10,1.0,4,base.blocks.3,0.912549
10,4,5,vit_tiny,cifar10,1.0,5,base.blocks.4,0.902075
10,4,5,vit_tiny,cifar10,1.0,6,base.blocks.5,0.890666
10,4,5,vit_tiny,cifar10,1.0,7,base.blocks.6,0.881917
10,4,5,vit_tiny,cifar10,1.0,8,base.blocks.7,0.874207
10,4,5,vit_tiny,cifar10,1.0,9,base.blocks.8,0.868366
10,4,5,vit_tiny,cifar10,1.0,10,base.blocks.9,0.862107
10,4,5,vit_tiny,cifar10,1.0,11,base.blocks.10,0.855875
10,4,5,vit_tiny,cifar10,1.0,12,base.blocks.11,0.852486
10,4,5,vit_tiny,cifar10,1.0,13,base.norm,0.849415
10,4,5,vit_tiny,cifar10,1.0,14,classifier,0.815243
10,4,6,vit_tiny,cifar10,1.0,0,base.patch_embed,0.982564
10,4,6,vit_tiny,cifar10,1.0,1,base.blocks.0,0.966083
10,4,6,vit_tiny,cifar10,1.0,2,base.blocks.1,0.949734
10,4,6,vit_tiny,cifar10,1.0,3,base.blocks.2,0.936292
10,4,6,vit_tiny,cifar10,1.0,4,base.blocks.3,0.910284
10,4,6,vit_tiny,cifar10,1.0,5,base.blocks.4,0.895448
10,4,6,vit_tiny,cifar10,1.0,6,base.blocks.5,0.883269
10,4,6,vit_tiny,cifar10,1.0,7,base.blocks.6,0.874415
10,4,6,vit_tiny,cifar10,1.0,8,base.blocks.7,0.865087
10,4,6,vit_tiny,cifar10,1.0,9,base.blocks.8,0.856667
10,4,6,vit_tiny,cifar10,1.0,10,base.blocks.9,0.853547
10,4,6,vit_tiny,cifar10,1.0,11,base.blocks.10,0.849965
10,4,6,vit_tiny,cifar10,1.0,12,base.blocks.11,0.849087
10,4,6,vit_tiny,cifar10,1.0,13,base.norm,0.867604
10,4,6,vit_tiny,cifar10,1.0,14,classifier,0.842523
10,4,7,vit_tiny,cifar10,1.0,0,base.patch_embed,0.946633
10,4,7,vit_tiny,cifar10,1.0,1,base.blocks.0,0.925313
10,4,7,vit_tiny,cifar10,1.0,2,base.blocks.1,0.916313
10,4,7,vit_tiny,cifar10,1.0,3,base.blocks.2,0.902348
10,4,7,vit_tiny,cifar10,1.0,4,base.blocks.3,0.892953
10,4,7,vit_tiny,cifar10,1.0,5,base.blocks.4,0.880368
10,4,7,vit_tiny,cifar10,1.0,6,base.blocks.5,0.871622
10,4,7,vit_tiny,cifar10,1.0,7,base.blocks.6,0.866035
10,4,7,vit_tiny,cifar10,1.0,8,base.blocks.7,0.855560
10,4,7,vit_tiny,cifar10,1.0,9,base.blocks.8,0.845961
10,4,7,vit_tiny,cifar10,1.0,10,base.blocks.9,0.839998
10,4,7,vit_tiny,cifar10,1.0,11,base.blocks.10,0.835368
10,4,7,vit_tiny,cifar10,1.0,12,base.blocks.11,0.829788
10,4,7,vit_tiny,cifar10,1.0,13,base.norm,0.880699
10,4,7,vit_tiny,cifar10,1.0,14,classifier,0.835905
10,4,8,vit_tiny,cifar10,1.0,0,base.patch_embed,0.991560
10,4,8,vit_tiny,cifar10,1.0,1,base.blocks.0,0.982971
10,4,8,vit_tiny,cifar10,1.0,2,base.blocks.1,0.982257
10,4,8,vit_tiny,cifar10,1.0,3,base.blocks.2,0.978604
10,4,8,vit_tiny,cifar10,1.0,4,base.blocks.3,0.984848
10,4,8,vit_tiny,cifar10,1.0,5,base.blocks.4,0.981100
10,4,8,vit_tiny,cifar10,1.0,6,base.blocks.5,0.972336
10,4,8,vit_tiny,cifar10,1.0,7,base.blocks.6,0.960253
10,4,8,vit_tiny,cifar10,1.0,8,base.blocks.7,0.950476
10,4,8,vit_tiny,cifar10,1.0,9,base.blocks.8,0.940367
10,4,8,vit_tiny,cifar10,1.0,10,base.blocks.9,0.931716
10,4,8,vit_tiny,cifar10,1.0,11,base.blocks.10,0.925907
10,4,8,vit_tiny,cifar10,1.0,12,base.blocks.11,0.919800
10,4,8,vit_tiny,cifar10,1.0,13,base.norm,0.923674
10,4,8,vit_tiny,cifar10,1.0,14,classifier,0.880236
10,4,9,vit_tiny,cifar10,1.0,0,base.patch_embed,0.972969
10,4,9,vit_tiny,cifar10,1.0,1,base.blocks.0,0.965034
10,4,9,vit_tiny,cifar10,1.0,2,base.blocks.1,0.961295
10,4,9,vit_tiny,cifar10,1.0,3,base.blocks.2,0.958313
10,4,9,vit_tiny,cifar10,1.0,4,base.blocks.3,0.953975
10,4,9,vit_tiny,cifar10,1.0,5,base.blocks.4,0.949577
10,4,9,vit_tiny,cifar10,1.0,6,base.blocks.5,0.946398
10,4,9,vit_tiny,cifar10,1.0,7,base.blocks.6,0.942412
10,4,9,vit_tiny,cifar10,1.0,8,base.blocks.7,0.937797
10,4,9,vit_tiny,cifar10,1.0,9,base.blocks.8,0.935072
10,4,9,vit_tiny,cifar10,1.0,10,base.blocks.9,0.931418
10,4,9,vit_tiny,cifar10,1.0,11,base.blocks.10,0.928473
10,4,9,vit_tiny,cifar10,1.0,12,base.blocks.11,0.925339
10,4,9,vit_tiny,cifar10,1.0,13,base.norm,0.921529
10,4,9,vit_tiny,cifar10,1.0,14,classifier,0.868282
10,5,6,vit_tiny,cifar10,1.0,0,base.patch_embed,0.980934
10,5,6,vit_tiny,cifar10,1.0,1,base.blocks.0,0.958763
10,5,6,vit_tiny,cifar10,1.0,2,base.blocks.1,0.949012
10,5,6,vit_tiny,cifar10,1.0,3,base.blocks.2,0.946282
10,5,6,vit_tiny,cifar10,1.0,4,base.blocks.3,0.935093
10,5,6,vit_tiny,cifar10,1.0,5,base.blocks.4,0.929906
10,5,6,vit_tiny,cifar10,1.0,6,base.blocks.5,0.924506
10,5,6,vit_tiny,cifar10,1.0,7,base.blocks.6,0.910885
10,5,6,vit_tiny,cifar10,1.0,8,base.blocks.7,0.904604
10,5,6,vit_tiny,cifar10,1.0,9,base.blocks.8,0.897244
10,5,6,vit_tiny,cifar10,1.0,10,base.blocks.9,0.885454
10,5,6,vit_tiny,cifar10,1.0,11,base.blocks.10,0.880198
10,5,6,vit_tiny,cifar10,1.0,12,base.blocks.11,0.873632
10,5,6,vit_tiny,cifar10,1.0,13,base.norm,0.868429
10,5,6,vit_tiny,cifar10,1.0,14,classifier,0.793188
10,5,7,vit_tiny,cifar10,1.0,0,base.patch_embed,0.946828
10,5,7,vit_tiny,cifar10,1.0,1,base.blocks.0,0.906346
10,5,7,vit_tiny,cifar10,1.0,2,base.blocks.1,0.892225
10,5,7,vit_tiny,cifar10,1.0,3,base.blocks.2,0.885724
10,5,7,vit_tiny,cifar10,1.0,4,base.blocks.3,0.871524
10,5,7,vit_tiny,cifar10,1.0,5,base.blocks.4,0.862573
10,5,7,vit_tiny,cifar10,1.0,6,base.blocks.5,0.855649
10,5,7,vit_tiny,cifar10,1.0,7,base.blocks.6,0.847973
10,5,7,vit_tiny,cifar10,1.0,8,base.blocks.7,0.842639
10,5,7,vit_tiny,cifar10,1.0,9,base.blocks.8,0.836982
10,5,7,vit_tiny,cifar10,1.0,10,base.blocks.9,0.829523
10,5,7,vit_tiny,cifar10,1.0,11,base.blocks.10,0.831372
10,5,7,vit_tiny,cifar10,1.0,12,base.blocks.11,0.824805
10,5,7,vit_tiny,cifar10,1.0,13,base.norm,0.844937
10,5,7,vit_tiny,cifar10,1.0,14,classifier,0.812886
10,5,8,vit_tiny,cifar10,1.0,0,base.patch_embed,0.939392
10,5,8,vit_tiny,cifar10,1.0,1,base.blocks.0,0.863346
10,5,8,vit_tiny,cifar10,1.0,2,base.blocks.1,0.855382
10,5,8,vit_tiny,cifar10,1.0,3,base.blocks.2,0.852127
10,5,8,vit_tiny,cifar10,1.0,4,base.blocks.3,0.876673
10,5,8,vit_tiny,cifar10,1.0,5,base.blocks.4,0.880333
10,5,8,vit_tiny,cifar10,1.0,6,base.blocks.5,0.880363
10,5,8,vit_tiny,cifar10,1.0,7,base.blocks.6,0.875104
10,5,8,vit_tiny,cifar10,1.0,8,base.blocks.7,0.872822
10,5,8,vit_tiny,cifar10,1.0,9,base.blocks.8,0.867016
10,5,8,vit_tiny,cifar10,1.0,10,base.blocks.9,0.855960
10,5,8,vit_tiny,cifar10,1.0,11,base.blocks.10,0.849699
10,5,8,vit_tiny,cifar10,1.0,12,base.blocks.11,0.843114
10,5,8,vit_tiny,cifar10,1.0,13,base.norm,0.830739
10,5,8,vit_tiny,cifar10,1.0,14,classifier,0.883687
10,5,9,vit_tiny,cifar10,1.0,0,base.patch_embed,0.984467
10,5,9,vit_tiny,cifar10,1.0,1,base.blocks.0,0.963690
10,5,9,vit_tiny,cifar10,1.0,2,base.blocks.1,0.953511
10,5,9,vit_tiny,cifar10,1.0,3,base.blocks.2,0.940133
10,5,9,vit_tiny,cifar10,1.0,4,base.blocks.3,0.932233
10,5,9,vit_tiny,cifar10,1.0,5,base.blocks.4,0.926687
10,5,9,vit_tiny,cifar10,1.0,6,base.blocks.5,0.922377
10,5,9,vit_tiny,cifar10,1.0,7,base.blocks.6,0.917316
10,5,9,vit_tiny,cifar10,1.0,8,base.blocks.7,0.911974
10,5,9,vit_tiny,cifar10,1.0,9,base.blocks.8,0.909820
10,5,9,vit_tiny,cifar10,1.0,10,base.blocks.9,0.905995
10,5,9,vit_tiny,cifar10,1.0,11,base.blocks.10,0.904449
10,5,9,vit_tiny,cifar10,1.0,12,base.blocks.11,0.903012
10,5,9,vit_tiny,cifar10,1.0,13,base.norm,0.893526
10,5,9,vit_tiny,cifar10,1.0,14,classifier,0.733015
10,6,7,vit_tiny,cifar10,1.0,0,base.patch_embed,0.985216
10,6,7,vit_tiny,cifar10,1.0,1,base.blocks.0,0.982324
10,6,7,vit_tiny,cifar10,1.0,2,base.blocks.1,0.982596
10,6,7,vit_tiny,cifar10,1.0,3,base.blocks.2,0.979669
10,6,7,vit_tiny,cifar10,1.0,4,base.blocks.3,0.972193
10,6,7,vit_tiny,cifar10,1.0,5,base.blocks.4,0.966563
10,6,7,vit_tiny,cifar10,1.0,6,base.blocks.5,0.960149
10,6,7,vit_tiny,cifar10,1.0,7,base.blocks.6,0.955671
10,6,7,vit_tiny,cifar10,1.0,8,base.blocks.7,0.948475
10,6,7,vit_tiny,cifar10,1.0,9,base.blocks.8,0.943133
10,6,7,vit_tiny,cifar10,1.0,10,base.blocks.9,0.938540
10,6,7,vit_tiny,cifar10,1.0,11,base.blocks.10,0.936281
10,6,7,vit_tiny,cifar10,1.0,12,base.blocks.11,0.931868
10,6,7,vit_tiny,cifar10,1.0,13,base.norm,0.926348
10,6,7,vit_tiny,cifar10,1.0,14,classifier,0.794380
10,6,8,vit_tiny,cifar10,1.0,0,base.patch_embed,0.955507
10,6,8,vit_tiny,cifar10,1.0,1,base.blocks.0,0.916117
10,6,8,vit_tiny,cifar10,1.0,2,base.blocks.1,0.912631
10,6,8,vit_tiny,cifar10,1.0,3,base.blocks.2,0.911498
10,6,8,vit_tiny,cifar10,1.0,4,base.blocks.3,0.911637
10,6,8,vit_tiny,cifar10,1.0,5,base.blocks.4,0.906132
10,6,8,vit_tiny,cifar10,1.0,6,base.blocks.5,0.897580
10,6,8,vit_tiny,cifar10,1.0,7,base.blocks.6,0.882710
10,6,8,vit_tiny,cifar10,1.0,8,base.blocks.7,0.873167
10,6,8,vit_tiny,cifar10,1.0,9,base.blocks.8,0.863334
10,6,8,vit_tiny,cifar10,1.0,10,base.blocks.9,0.850701
10,6,8,vit_tiny,cifar10,1.0,11,base.blocks.10,0.841560
10,6,8,vit_tiny,cifar10,1.0,12,base.blocks.11,0.835488
10,6,8,vit_tiny,cifar10,1.0,13,base.norm,0.806262
10,6,8,vit_tiny,cifar10,1.0,14,classifier,0.809684
10,6,9,vit_tiny,cifar10,1.0,0,base.patch_embed,0.975275
10,6,9,vit_tiny,cifar10,1.0,1,base.blocks.0,0.940578
10,6,9,vit_tiny,cifar10,1.0,2,base.blocks.1,0.907324
10,6,9,vit_tiny,cifar10,1.0,3,base.blocks.2,0.881248
10,6,9,vit_tiny,cifar10,1.0,4,base.blocks.3,0.850196
10,6,9,vit_tiny,cifar10,1.0,5,base.blocks.4,0.835056
10,6,9,vit_tiny,cifar10,1.0,6,base.blocks.5,0.828160
10,6,9,vit_tiny,cifar10,1.0,7,base.blocks.6,0.816789
10,6,9,vit_tiny,cifar10,1.0,8,base.blocks.7,0.807482
10,6,9,vit_tiny,cifar10,1.0,9,base.blocks.8,0.802232
10,6,9,vit_tiny,cifar10,1.0,10,base.blocks.9,0.801813
10,6,9,vit_tiny,cifar10,1.0,11,base.blocks.10,0.800269
10,6,9,vit_tiny,cifar10,1.0,12,base.blocks.11,0.798131
10,6,9,vit_tiny,cifar10,1.0,13,base.norm,0.807049
10,6,9,vit_tiny,cifar10,1.0,14,classifier,0.840571
10,7,8,vit_tiny,cifar10,1.0,0,base.patch_embed,0.908124
10,7,8,vit_tiny,cifar10,1.0,1,base.blocks.0,0.870769
10,7,8,vit_tiny,cifar10,1.0,2,base.blocks.1,0.886439
10,7,8,vit_tiny,cifar10,1.0,3,base.blocks.2,0.888419
10,7,8,vit_tiny,cifar10,1.0,4,base.blocks.3,0.898211
10,7,8,vit_tiny,cifar10,1.0,5,base.blocks.4,0.891106
10,7,8,vit_tiny,cifar10,1.0,6,base.blocks.5,0.882213
10,7,8,vit_tiny,cifar10,1.0,7,base.blocks.6,0.867858
10,7,8,vit_tiny,cifar10,1.0,8,base.blocks.7,0.856707
10,7,8,vit_tiny,cifar10,1.0,9,base.blocks.8,0.844470
10,7,8,vit_tiny,cifar10,1.0,10,base.blocks.9,0.827639
10,7,8,vit_tiny,cifar10,1.0,11,base.blocks.10,0.816027
10,7,8,vit_tiny,cifar10,1.0,12,base.blocks.11,0.803889
10,7,8,vit_tiny,cifar10,1.0,13,base.norm,0.836588
10,7,8,vit_tiny,cifar10,1.0,14,classifier,0.819051
10,7,9,vit_tiny,cifar10,1.0,0,base.patch_embed,0.941421
10,7,9,vit_tiny,cifar10,1.0,1,base.blocks.0,0.881458
10,7,9,vit_tiny,cifar10,1.0,2,base.blocks.1,0.849548
10,7,9,vit_tiny,cifar10,1.0,3,base.blocks.2,0.820694
10,7,9,vit_tiny,cifar10,1.0,4,base.blocks.3,0.806931
10,7,9,vit_tiny,cifar10,1.0,5,base.blocks.4,0.791925
10,7,9,vit_tiny,cifar10,1.0,6,base.blocks.5,0.786755
10,7,9,vit_tiny,cifar10,1.0,7,base.blocks.6,0.782218
10,7,9,vit_tiny,cifar10,1.0,8,base.blocks.7,0.774904
10,7,9,vit_tiny,cifar10,1.0,9,base.blocks.8,0.770728
10,7,9,vit_tiny,cifar10,1.0,10,base.blocks.9,0.769955
10,7,9,vit_tiny,cifar10,1.0,11,base.blocks.10,0.770130
10,7,9,vit_tiny,cifar10,1.0,12,base.blocks.11,0.761989
10,7,9,vit_tiny,cifar10,1.0,13,base.norm,0.805570
10,7,9,vit_tiny,cifar10,1.0,14,classifier,0.707533
10,8,9,vit_tiny,cifar10,1.0,0,base.patch_embed,0.959163
10,8,9,vit_tiny,cifar10,1.0,1,base.blocks.0,0.924327
10,8,9,vit_tiny,cifar10,1.0,2,base.blocks.1,0.906649
10,8,9,vit_tiny,cifar10,1.0,3,base.blocks.2,0.891479
10,8,9,vit_tiny,cifar10,1.0,4,base.blocks.3,0.910783
10,8,9,vit_tiny,cifar10,1.0,5,base.blocks.4,0.909526
10,8,9,vit_tiny,cifar10,1.0,6,base.blocks.5,0.905328
10,8,9,vit_tiny,cifar10,1.0,7,base.blocks.6,0.897637
10,8,9,vit_tiny,cifar10,1.0,8,base.blocks.7,0.890488
10,8,9,vit_tiny,cifar10,1.0,9,base.blocks.8,0.882098
10,8,9,vit_tiny,cifar10,1.0,10,base.blocks.9,0.874108
10,8,9,vit_tiny,cifar10,1.0,11,base.blocks.10,0.871109
10,8,9,vit_tiny,cifar10,1.0,12,base.blocks.11,0.865061
10,8,9,vit_tiny,cifar10,1.0,13,base.norm,0.863115
10,8,9,vit_tiny,cifar10,1.0,14,classifier,0.767324
20,0,1,vit_tiny,cifar10,1.0,0,base.patch_embed,0.967689
20,0,1,vit_tiny,cifar10,1.0,1,base.blocks.0,0.973640
20,0,1,vit_tiny,cifar10,1.0,2,base.blocks.1,0.975238
20,0,1,vit_tiny,cifar10,1.0,3,base.blocks.2,0.967779
20,0,1,vit_tiny,cifar10,1.0,4,base.blocks.3,0.950781
20,0,1,vit_tiny,cifar10,1.0,5,base.blocks.4,0.939043
20,0,1,vit_tiny,cifar10,1.0,6,base.blocks.5,0.921114
20,0,1,vit_tiny,cifar10,1.0,7,base.blocks.6,0.900131
20,0,1,vit_tiny,cifar10,1.0,8,base.blocks.7,0.882440
20,0,1,vit_tiny,cifar10,1.0,9,base.blocks.8,0.868699
20,0,1,vit_tiny,cifar10,1.0,10,base.blocks.9,0.856945
20,0,1,vit_tiny,cifar10,1.0,11,base.blocks.10,0.845681
20,0,1,vit_tiny,cifar10,1.0,12,base.blocks.11,0.840456
20,0,1,vit_tiny,cifar10,1.0,13,base.norm,0.840799
20,0,1,vit_tiny,cifar10,1.0,14,classifier,0.872630
20,0,2,vit_tiny,cifar10,1.0,0,base.patch_embed,0.989867
20,0,2,vit_tiny,cifar10,1.0,1,base.blocks.0,0.978958
20,0,2,vit_tiny,cifar10,1.0,2,base.blocks.1,0.969780
20,0,2,vit_tiny,cifar10,1.0,3,base.blocks.2,0.967899
20,0,2,vit_tiny,cifar10,1.0,4,base.blocks.3,0.954630
20,0,2,vit_tiny,cifar10,1.0,5,base.blocks.4,0.946988
20,0,2,vit_tiny,cifar10,1.0,6,base.blocks.5,0.937382
20,0,2,vit_tiny,cifar10,1.0,7,base.blocks.6,0.921136
20,0,2,vit_tiny,cifar10,1.0,8,base.blocks.7,0.907986
20,0,2,vit_tiny,cifar10,1.0,9,base.blocks.8,0.895499
20,0,2,vit_tiny,cifar10,1.0,10,base.blocks.9,0.884788
20,0,2,vit_tiny,cifar10,1.0,11,base.blocks.10,0.880187
20,0,2,vit_tiny,cifar10,1.0,12,base.blocks.11,0.879446
20,0,2,vit_tiny,cifar10,1.0,13,base.norm,0.842143
20,0,2,vit_tiny,cifar10,1.0,14,classifier,0.810700
20,0,3,vit_tiny,cifar10,1.0,0,base.patch_embed,0.987497
20,0,3,vit_tiny,cifar10,1.0,1,base.blocks.0,0.965480
20,0,3,vit_tiny,cifar10,1.0,2,base.blocks.1,0.965990
20,0,3,vit_tiny,cifar10,1.0,3,base.blocks.2,0.952129
20,0,3,vit_tiny,cifar10,1.0,4,base.blocks.3,0.939759
20,0,3,vit_tiny,cifar10,1.0,5,base.blocks.4,0.930271
20,0,3,vit_tiny,cifar10,1.0,6,base.blocks.5,0.920269
20,0,3,vit_tiny,cifar10,1.0,7,base.blocks.6,0.910203
20,0,3,vit_tiny,cifar10,1.0,8,base.blocks.7,0.901209
20,0,3,vit_tiny,cifar10,1.0,9,base.blocks.8,0.896694
20,0,3,vit_tiny,cifar10,1.0,10,base.blocks.9,0.896044
20,0,3,vit_tiny,cifar10,1.0,11,base.blocks.10,0.895367
20,0,3,vit_tiny,cifar10,1.0,12,base.blocks.11,0.896906
20,0,3,vit_tiny,cifar10,1.0,13,base.norm,0.906023
20,0,3,vit_tiny,cifar10,1.0,14,classifier,0.894596
20,0,4,vit_tiny,cifar10,1.0,0,base.patch_embed,0.996148
20,0,4,vit_tiny,cifar10,1.0,1,base.blocks.0,0.986838
20,0,4,vit_tiny,cifar10,1.0,2,base.blocks.1,0.982720
20,0,4,vit_tiny,cifar10,1.0,3,base.blocks.2,0.977149
20,0,4,vit_tiny,cifar10,1.0,4,base.blocks.3,0.968247
20,0,4,vit_tiny,cifar10,1.0,5,base.blocks.4,0.959291
20,0,4,vit_tiny,cifar10,1.0,6,base.blocks.5,0.950224
20,0,4,vit_tiny,cifar10,1.0,7,base.blocks.6,0.939377
20,0,4,vit_tiny,cifar10,1.0,8,base.blocks.7,0.924778
20,0,4,vit_tiny,cifar10,1.0,9,base.blocks.8,0.916600
20,0,4,vit_tiny,cifar10,1.0,10,base.blocks.9,0.907709
20,0,4,vit_tiny,cifar10,1.0,11,base.blocks.10,0.903996
20,0,4,vit_tiny,cifar10,1.0,12,base.blocks.11,0.899360
20,0,4,vit_tiny,cifar10,1.0,13,base.norm,0.904053
20,0,4,vit_tiny,cifar10,1.0,14,classifier,0.891709
20,0,5,vit_tiny,cifar10,1.0,0,base.patch_embed,0.989661
20,0,5,vit_tiny,cifar10,1.0,1,base.blocks.0,0.969858
20,0,5,vit_tiny,cifar10,1.0,2,base.blocks.1,0.972630
20,0,5,vit_tiny,cifar10,1.0,3,base.blocks.2,0.972664
20,0,5,vit_tiny,cifar10,1.0,4,base.blocks.3,0.956823
20,0,5,vit_tiny,cifar10,1.0,5,base.blocks.4,0.940828
20,0,5,vit_tiny,cifar10,1.0,6,base.blocks.5,0.916407
20,0,5,vit_tiny,cifar10,1.0,7,base.blocks.6,0.875476
20,0,5,vit_tiny,cifar10,1.0,8,base.blocks.7,0.846895
20,0,5,vit_tiny,cifar10,1.0,9,base.blocks.8,0.806895
20,0,5,vit_tiny,cifar10,1.0,10,base.blocks.9,0.773838
20,0,5,vit_tiny,cifar10,1.0,11,base.blocks.10,0.756595
20,0,5,vit_tiny,cifar10,1.0,12,base.blocks.11,0.741655
20,0,5,vit_tiny,cifar10,1.0,13,base.norm,0.733037
20,0,5,vit_tiny,cifar10,1.0,14,classifier,0.773152
20,0,6,vit_tiny,cifar10,1.0,0,base.patch_embed,0.983749
20,0,6,vit_tiny,cifar10,1.0,1,base.blocks.0,0.978515
20,0,6,vit_tiny,cifar10,1.0,2,base.blocks.1,0.976393
20,0,6,vit_tiny,cifar10,1.0,3,base.blocks.2,0.968530
20,0,6,vit_tiny,cifar10,1.0,4,base.blocks.3,0.964580
20,0,6,vit_tiny,cifar10,1.0,5,base.blocks.4,0.959999
20,0,6,vit_tiny,cifar10,1.0,6,base.blocks.5,0.953217
20,0,6,vit_tiny,cifar10,1.0,7,base.blocks.6,0.946880
20,0,6,vit_tiny,cifar10,1.0,8,base.blocks.7,0.935516
20,0,6,vit_tiny,cifar10,1.0,9,base.blocks.8,0.929210
20,0,6,vit_tiny,cifar10,1.0,10,base.blocks.9,0.925762
20,0,6,vit_tiny,cifar10,1.0,11,base.blocks.10,0.920808
20,0,6,vit_tiny,cifar10,1.0,12,base.blocks.11,0.919555
20,0,6,vit_tiny,cifar10,1.0,13,base.norm,0.888886
20,0,6,vit_tiny,cifar10,1.0,14,classifier,0.873198
20,0,7,vit_tiny,cifar10,1.0,0,base.patch_embed,0.987776
20,0,7,vit_tiny,cifar10,1.0,1,base.blocks.0,0.971049
20,0,7,vit_tiny,cifar10,1.0,2,base.blocks.1,0.953624
20,0,7,vit_tiny,cifar10,1.0,3,base.blocks.2,0.942983
20,0,7,vit_tiny,cifar10,1.0,4,base.blocks.3,0.934809
20,0,7,vit_tiny,cifar10,1.0,5,base.blocks.4,0.925099
20,0,7,vit_tiny,cifar10,1.0,6,base.blocks.5,0.911104
20,0,7,vit_tiny,cifar10,1.0,7,base.blocks.6,0.891340
20,0,7,vit_tiny,cifar10,1.0,8,base.blocks.7,0.873850
20,0,7,vit_tiny,cifar10,1.0,9,base.blocks.8,0.856377
20,0,7,vit_tiny,cifar10,1.0,10,base.blocks.9,0.836513
20,0,7,vit_tiny,cifar10,1.0,11,base.blocks.10,0.827302
20,0,7,vit_tiny,cifar10,1.0,12,base.blocks.11,0.821113
20,0,7,vit_tiny,cifar10,1.0,13,base.norm,0.820391
20,0,7,vit_tiny,cifar10,1.0,14,classifier,0.862487
20,0,8,vit_tiny,cifar10,1.0,0,base.patch_embed,0.975792
20,0,8,vit_tiny,cifar10,1.0,1,base.blocks.0,0.973087
20,0,8,vit_tiny,cifar10,1.0,2,base.blocks.1,0.980080
20,0,8,vit_tiny,cifar10,1.0,3,base.blocks.2,0.983690
20,0,8,vit_tiny,cifar10,1.0,4,base.blocks.3,0.973420
20,0,8,vit_tiny,cifar10,1.0,5,base.blocks.4,0.964991
20,0,8,vit_tiny,cifar10,1.0,6,base.blocks.5,0.948434
20,0,8,vit_tiny,cifar10,1.0,7,base.blocks.6,0.920845
20,0,8,vit_tiny,cifar10,1.0,8,base.blocks.7,0.901937
20,0,8,vit_tiny,cifar10,1.0,9,base.blocks.8,0.877585
20,0,8,vit_tiny,cifar10,1.0,10,base.blocks.9,0.860799
20,0,8,vit_tiny,cifar10,1.0,11,base.blocks.10,0.850705
20,0,8,vit_tiny,cifar10,1.0,12,base.blocks.11,0.852492
20,0,8,vit_tiny,cifar10,1.0,13,base.norm,0.812313
20,0,8,vit_tiny,cifar10,1.0,14,classifier,0.814816
20,0,9,vit_tiny,cifar10,1.0,0,base.patch_embed,0.981729
20,0,9,vit_tiny,cifar10,1.0,1,base.blocks.0,0.958967
20,0,9,vit_tiny,cifar10,1.0,2,base.blocks.1,0.951049
20,0,9,vit_tiny,cifar10,1.0,3,base.blocks.2,0.949291
20,0,9,vit_tiny,cifar10,1.0,4,base.blocks.3,0.948819
20,0,9,vit_tiny,cifar10,1.0,5,base.blocks.4,0.941907
20,0,9,vit_tiny,cifar10,1.0,6,base.blocks.5,0.934472
20,0,9,vit_tiny,cifar10,1.0,7,base.blocks.6,0.922036
20,0,9,vit_tiny,cifar10,1.0,8,base.blocks.7,0.911354
20,0,9,vit_tiny,cifar10,1.0,9,base.blocks.8,0.896606
20,0,9,vit_tiny,cifar10,1.0,10,base.blocks.9,0.880124
20,0,9,vit_tiny,cifar10,1.0,11,base.blocks.10,0.872787
20,0,9,vit_tiny,cifar10,1.0,12,base.blocks.11,0.865687
20,0,9,vit_tiny,cifar10,1.0,13,base.norm,0.847791
20,0,9,vit_tiny,cifar10,1.0,14,classifier,0.882777
20,1,2,vit_tiny,cifar10,1.0,0,base.patch_embed,0.923814
20,1,2,vit_tiny,cifar10,1.0,1,base.blocks.0,0.916699
20,1,2,vit_tiny,cifar10,1.0,2,base.blocks.1,0.916840
20,1,2,vit_tiny,cifar10,1.0,3,base.blocks.2,0.921480
20,1,2,vit_tiny,cifar10,1.0,4,base.blocks.3,0.915332
20,1,2,vit_tiny,cifar10,1.0,5,base.blocks.4,0.908717
20,1,2,vit_tiny,cifar10,1.0,6,base.blocks.5,0.893783
20,1,2,vit_tiny,cifar10,1.0,7,base.blocks.6,0.870408
20,1,2,vit_tiny,cifar10,1.0,8,base.blocks.7,0.853736
20,1,2,vit_tiny,cifar10,1.0,9,base.blocks.8,0.832621
20,1,2,vit_tiny,cifar10,1.0,10,base.blocks.9,0.813588
20,1,2,vit_tiny,cifar10,1.0,11,base.blocks.10,0.795103
20,1,2,vit_tiny,cifar10,1.0,12,base.blocks.11,0.785669
20,1,2,vit_tiny,cifar10,1.0,13,base.norm,0.828134
20,1,2,vit_tiny,cifar10,1.0,14,classifier,0.782001
20,1,3,vit_tiny,cifar10,1.0,0,base.patch_embed,0.985294
20,1,3,vit_tiny,cifar10,1.0,1,base.blocks.0,0.971598
20,1,3,vit_tiny,cifar10,1.0,2,base.blocks.1,0.959990
20,1,3,vit_tiny,cifar10,1.0,3,base.blocks.2,0.952485
20,1,3,vit_tiny,cifar10,1.0,4,base.blocks.3,0.946083
20,1,3,vit_tiny,cifar10,1.0,5,base.blocks.4,0.943258
20,1,3,vit_tiny,cifar10,1.0,6,base.blocks.5,0.938504
20,1,3,vit_tiny,cifar10,1.0,7,base.blocks.6,0.930609
20,1,3,vit_tiny,cifar10,1.0,8,base.blocks.7,0.924408
20,1,3,vit_tiny,cifar10,1.0,9,base.blocks.8,0.920135
20,1,3,vit_tiny,cifar10,1.0,10,base.blocks.9,0.916041
20,1,3,vit_tiny,cifar10,1.0,11,base.blocks.10,0.912628
20,1,3,vit_tiny,cifar10,1.0,12,base.blocks.11,0.911176
20,1,3,vit_tiny,cifar10,1.0,13,base.norm,0.846236
20,1,3,vit_tiny,cifar10,1.0,14,classifier,0.910181
20,1,4,vit_tiny,cifar10,1.0,0,base.patch_embed,0.948337
20,1,4,vit_tiny,cifar10,1.0,1,base.blocks.0,0.945357
20,1,4,vit_tiny,cifar10,1.0,2,base.blocks.1,0.944166
20,1,4,vit_tiny,cifar10,1.0,3,base.blocks.2,0.944752
20,1,4,vit_tiny,cifar10,1.0,4,base.blocks.3,0.929645
20,1,4,vit_tiny,cifar10,1.0,5,base.blocks.4,0.923116
20,1,4,vit_tiny,cifar10,1.0,6,base.blocks.5,0.909856
20,1,4,vit_tiny,cifar10,1.0,7,base.blocks.6,0.892127
20,1,4,vit_tiny,cifar10,1.0,8,base.blocks.7,0.879341
20,1,4,vit_tiny,cifar10,1.0,9,base.blocks.8,0.869254
20,1,4,vit_tiny,cifar10,1.0,10,base.blocks.9,0.858590
20,1,4,vit_tiny,cifar10,1.0,11,base.blocks.10,0.849525
20,1,4,vit_tiny,cifar10,1.0,12,base.blocks.11,0.847525
20,1,4,vit_tiny,cifar10,1.0,13,base.norm,0.810527
20,1,4,vit_tiny,cifar10,1.0,14,classifier,0.864400
20,1,5,vit_tiny,cifar10,1.0,0,base.patch_embed,0.983319
20,1,5,vit_tiny,cifar10,1.0,1,base.blocks.0,0.944440
20,1,5,vit_tiny,cifar10,1.0,2,base.blocks.1,0.920140
20,1,5,vit_tiny,cifar10,1.0,3,base.blocks.2,0.909408
20,1,5,vit_tiny,cifar10,1.0,4,base.blocks.3,0.890844
20,1,5,vit_tiny,cifar10,1.0,5,base.blocks.4,0.874038
20,1,5,vit_tiny,cifar10,1.0,6,base.blocks.5,0.844433
20,1,5,vit_tiny,cifar10,1.0,7,base.blocks.6,0.806626
20,1,5,vit_tiny,cifar10,1.0,8,base.blocks.7,0.779021
20,1,5,vit_tiny,cifar10,1.0,9,base.blocks.8,0.742812
20,1,5,vit_tiny,cifar10,1.0,10,base.blocks.9,0.725065
20,1,5,vit_tiny,cifar10,1.0,11,base.blocks.10,0.707307
20,1,5,vit_tiny,cifar10,1.0,12,base.blocks.11,0.696016
20,1,5,vit_tiny,cifar10,1.0,13,base.norm,0.721962
20,1,5,vit_tiny,cifar10,1.0,14,classifier,0.811016
20,1,6,vit_tiny,cifar10,1.0,0,base.patch_embed,0.995323
20,1,6,vit_tiny,cifar10,1.0,1,base.blocks.0,0.988005
20,1,6,vit_tiny,cifar10,1.0,2,base.blocks.1,0.973919
20,1,6,vit_tiny,cifar10,1.0,3,base.blocks.2,0.967909
20,1,6,vit_tiny,cifar10,1.0,4,base.blocks.3,0.955392
20,1,6,vit_tiny,cifar10,1.0,5,base.blocks.4,0.948058
20,1,6,vit_tiny,cifar10,1.0,6,base.blocks.5,0.934744
20,1,6,vit_tiny,cifar10,1.0,7,base.blocks.6,0.917383
20,1,6,vit_tiny,cifar10,1.0,8,base.blocks.7,0.904823
20,1,6,vit_tiny,cifar10,1.0,9,base.blocks.8,0.891047
20,1,6,vit_tiny,cifar10,1.0,10,base.blocks.9,0.879286
20,1,6,vit_tiny,cifar10,1.0,11,base.blocks.10,0.875288
20,1,6,vit_tiny,cifar10,1.0,12,base.blocks.11,0.874149
20,1,6,vit_tiny,cifar10,1.0,13,base.norm,0.826820
20,1,6,vit_tiny,cifar10,1.0,14,classifier,0.833625
20,1,7,vit_tiny,cifar10,1.0,0,base.patch_embed,0.956072
20,1,7,vit_tiny,cifar10,1.0,1,base.blocks.0,0.924600
20,1,7,vit_tiny,cifar10,1.0,2,base.blocks.1,0.904962
20,1,7,vit_tiny,cifar10,1.0,3,base.blocks.2,0.900680
20,1,7,vit_tiny,cifar10,1.0,4,base.blocks.3,0.899548
20,1,7,vit_tiny,cifar10,1.0,5,base.blocks.4,0.888464
20,1,7,vit_tiny,cifar10,1.0,6,base.blocks.5,0.873149
20,1,7,vit_tiny,cifar10,1.0,7,base.blocks.6,0.855003
20,1,7,vit_tiny,cifar10,1.0,8,base.blocks.7,0.835360
20,1,7,vit_tiny,cifar10,1.0,9,base.blocks.8,0.817512
20,1,7,vit_tiny,cifar10,1.0,10,base.blocks.9,0.807398
20,1,7,vit_tiny,cifar10,1.0,11,base.blocks.10,0.790379
20,1,7,vit_tiny,cifar10,1.0,12,base.blocks.11,0.780492
20,1,7,vit_tiny,cifar10,1.0,13,base.norm,0.824044
20,1,7,vit_tiny,cifar10,1.0,14,classifier,0.859677
20,1,8,vit_tiny,cifar10,1.0,0,base.patch_embed,0.996068
20,1,8,vit_tiny,cifar10,1.0,1,base.blocks.0,0.980321
20,1,8,vit_tiny,cifar10,1.0,2,base.blocks.1,0.966837
20,1,8,vit_tiny,cifar10,1.0,3,base.blocks.2,0.961453
20,1,8,vit_tiny,cifar10,1.0,4,base.blocks.3,0.951695
20,1,8,vit_tiny,cifar10,1.0,5,base.blocks.4,0.939362
20,1,8,vit_tiny,cifar10,1.0,6,base.blocks.5,0.919149
20,1,8,vit_tiny,cifar10,1.0,7,base.blocks.6,0.889803
20,1,8,vit_tiny,cifar10,1.0,8,base.blocks.7,0.867485
20,1,8,vit_tiny,cifar10,1.0,9,base.blocks.8,0.841017
20,1,8,vit_tiny,cifar10,1.0,10,base.blocks.9,0.831080
20,1,8,vit_tiny,cifar10,1.0,11,base.blocks.10,0.816795
20,1,8,vit_tiny,cifar10,1.0,12,base.blocks.11,0.809683
20,1,8,vit_tiny,cifar10,1.0,13,base.norm,0.825929
20,1,8,vit_tiny,cifar10,1.0,14,classifier,0.863979
20,1,9,vit_tiny,cifar10,1.0,0,base.patch_embed,0.934105
20,1,9,vit_tiny,cifar10,1.0,1,base.blocks.0,0.894849
20,1,9,vit_tiny,cifar10,1.0,2,base.blocks.1,0.873733
20,1,9,vit_tiny,cifar10,1.0,3,base.blocks.2,0.864895
20,1,9,vit_tiny,cifar10,1.0,4,base.blocks.3,0.856904
20,1,9,vit_tiny,cifar10,1.0,5,base.blocks.4,0.844718
20,1,9,vit_tiny,cifar10,1.0,6,base.blocks.5,0.824567
20,1,9,vit_tiny,cifar10,1.0,7,base.blocks.6,0.797784
20,1,9,vit_tiny,cifar10,1.0,8,base.blocks.7,0.776494
20,1,9,vit_tiny,cifar10,1.0,9,base.blocks.8,0.753256
20,1,9,vit_tiny,cifar10,1.0,10,base.blocks.9,0.736765
20,1,9,vit_tiny,cifar10,1.0,11,base.blocks.10,0.716679
20,1,9,vit_tiny,cifar10,1.0,12,base.blocks.11,0.708093
20,1,9,vit_tiny,cifar10,1.0,13,base.norm,0.762302
20,1,9,vit_tiny,cifar10,1.0,14,classifier,0.855612
20,2,3,vit_tiny,cifar10,1.0,0,base.patch_embed,0.963683
20,2,3,vit_tiny,cifar10,1.0,1,base.blocks.0,0.941524
20,2,3,vit_tiny,cifar10,1.0,2,base.blocks.1,0.954752
20,2,3,vit_tiny,cifar10,1.0,3,base.blocks.2,0.949697
20,2,3,vit_tiny,cifar10,1.0,4,base.blocks.3,0.946502
20,2,3,vit_tiny,cifar10,1.0,5,base.blocks.4,0.937480
20,2,3,vit_tiny,cifar10,1.0,6,base.blocks.5,0.924233
20,2,3,vit_tiny,cifar10,1.0,7,base.blocks.6,0.904318
20,2,3,vit_tiny,cifar10,1.0,8,base.blocks.7,0.888958
20,2,3,vit_tiny,cifar10,1.0,9,base.blocks.8,0.873477
20,2,3,vit_tiny,cifar10,1.0,10,base.blocks.9,0.858727
20,2,3,vit_tiny,cifar10,1.0,11,base.blocks.10,0.854542
20,2,3,vit_tiny,cifar10,1.0,12,base.blocks.11,0.852120
20,2,3,vit_tiny,cifar10,1.0,13,base.norm,0.806859
20,2,3,vit_tiny,cifar10,1.0,14,classifier,0.808250
20,2,4,vit_tiny,cifar10,1.0,0,base.patch_embed,0.995676
20,2,4,vit_tiny,cifar10,1.0,1,base.blocks.0,0.982198
20,2,4,vit_tiny,cifar10,1.0,2,base.blocks.1,0.977645
20,2,4,vit_tiny,cifar10,1.0,3,base.blocks.2,0.976764
20,2,4,vit_tiny,cifar10,1.0,4,base.blocks.3,0.961311
20,2,4,vit_tiny,cifar10,1.0,5,base.blocks.4,0.951034
20,2,4,vit_tiny,cifar10,1.0,6,base.blocks.5,0.938443
20,2,4,vit_tiny,cifar10,1.0,7,base.blocks.6,0.921579
20,2,4,vit_tiny,cifar10,1.0,8,base.blocks.7,0.904583
20,2,4,vit_tiny,cifar10,1.0,9,base.blocks.8,0.890733
20,2,4,vit_tiny,cifar10,1.0,10,base.blocks.9,0.878563
20,2,4,vit_tiny,cifar10,1.0,11,base.blocks.10,0.870112
20,2,4,vit_tiny,cifar10,1.0,12,base.blocks.11,0.865241
20,2,4,vit_tiny,cifar10,1.0,13,base.norm,0.843710
20,2,4,vit_tiny,cifar10,1.0,14,classifier,0.785540
20,2,5,vit_tiny,cifar10,1.0,0,base.patch_embed,0.962590
20,2,5,vit_tiny,cifar10,1.0,1,base.blocks.0,0.945498
20,2,5,vit_tiny,cifar10,1.0,2,base.blocks.1,0.952334
20,2,5,vit_tiny,cifar10,1.0,3,base.blocks.2,0.958960
20,2,5,vit_tiny,cifar10,1.0,4,base.blocks.3,0.959401
20,2,5,vit_tiny,cifar10,1.0,5,base.blocks.4,0.957357
20,2,5,vit_tiny,cifar10,1.0,6,base.blocks.5,0.948947
20,2,5,vit_tiny,cifar10,1.0,7,base.blocks.6,0.933779
20,2,5,vit_tiny,cifar10,1.0,8,base.blocks.7,0.919282
20,2,5,vit_tiny,cifar10,1.0,9,base.blocks.8,0.900107
20,2,5,vit_tiny,cifar10,1.0,10,base.blocks.9,0.877094
20,2,5,vit_tiny,cifar10,1.0,11,base.blocks.10,0.857794
20,2,5,vit_tiny,cifar10,1.0,12,base.blocks.11,0.832133
20,2,5,vit_tiny,cifar10,1.0,13,base.norm,0.872029
20,2,5,vit_tiny,cifar10,1.0,14,classifier,0.826100
20,2,6,vit_tiny,cifar10,1.0,0,base.patch_embed,0.949294
20,2,6,vit_tiny,cifar10,1.0,1,base.blocks.0,0.926440
20,2,6,vit_tiny,cifar10,1.0,2,base.blocks.1,0.913161
20,2,6,vit_tiny,cifar10,1.0,3,base.blocks.2,0.905197
20,2,6,vit_tiny,cifar10,1.0,4,base.blocks.3,0.897233
20,2,6,vit_tiny,cifar10,1.0,5,base.blocks.4,0.891737
20,2,6,vit_tiny,cifar10,1.0,6,base.blocks.5,0.884503
20,2,6,vit_tiny,cifar10,1.0,7,base.blocks.6,0.871723
20,2,6,vit_tiny,cifar10,1.0,8,base.blocks.7,0.859462
20,2,6,vit_tiny,cifar10,1.0,9,base.blocks.8,0.846740
20,2,6,vit_tiny,cifar10,1.0,10,base.blocks.9,0.836376
20,2,6,vit_tiny,cifar10,1.0,11,base.blocks.10,0.830071
20,2,6,vit_tiny,cifar10,1.0,12,base.blocks.11,0.831586
20,2,6,vit_tiny,cifar10,1.0,13,base.norm,0.820081
20,2,6,vit_tiny,cifar10,1.0,14,classifier,0.827588
20,2,7,vit_tiny,cifar10,1.0,0,base.patch_embed,0.980138
20,2,7,vit_tiny,cifar10,1.0,1,base.blocks.0,0.978755
20,2,7,vit_tiny,cifar10,1.0,2,base.blocks.1,0.975610
20,2,7,vit_tiny,cifar10,1.0,3,base.blocks.2,0.974509
20,2,7,vit_tiny,cifar10,1.0,4,base.blocks.3,0.968655
20,2,7,vit_tiny,cifar10,1.0,5,base.blocks.4,0.963497
20,2,7,vit_tiny,cifar10,1.0,6,base.blocks.5,0.959115
20,2,7,vit_tiny,cifar10,1.0,7,base.blocks.6,0.951671
20,2,7,vit_tiny,cifar10,1.0,8,base.blocks.7,0.942467
20,2,7,vit_tiny,cifar10,1.0,9,base.blocks.8,0.932479
20,2,7,vit_tiny,cifar10,1.0,10,base.blocks.9,0.919623
20,2,7,vit_tiny,cifar10,1.0,11,base.blocks.10,0.909685
20,2,7,vit_tiny,cifar10,1.0,12,base.blocks.11,0.896752
20,2,7,vit_tiny,cifar10,1.0,13,base.norm,0.907761
20,2,7,vit_tiny,cifar10,1.0,14,classifier,0.881951
20,2,8,vit_tiny,cifar10,1.0,0,base.patch_embed,0.935142
20,2,8,vit_tiny,cifar10,1.0,1,base.blocks.0,0.919144
20,2,8,vit_tiny,cifar10,1.0,2,base.blocks.1,0.918415
20,2,8,vit_tiny,cifar10,1.0,3,base.blocks.2,0.928590
20,2,8,vit_tiny,cifar10,1.0,4,base.blocks.3,0.935822
20,2,8,vit_tiny,cifar10,1.0,5,base.blocks.4,0.942089
20,2,8,vit_tiny,cifar10,1.0,6,base.blocks.5,0.939009
20,2,8,vit_tiny,cifar10,1.0,7,base.blocks.6,0.932120
20,2,8,vit_tiny,cifar10,1.0,8,base.blocks.7,0.926804
20,2,8,vit_tiny,cifar10,1.0,9,base.blocks.8,0.916421
20,2,8,vit_tiny,cifar10,1.0,10,base.blocks.9,0.904347
20,2,8,vit_tiny,cifar10,1.0,11,base.blocks.10,0.897008
20,2,8,vit_tiny,cifar10,1.0,12,base.blocks.11,0.896755
20,2,8,vit_tiny,cifar10,1.0,13,base.norm,0.908527
20,2,8,vit_tiny,cifar10,1.0,14,classifier,0.857980
20,2,9,vit_tiny,cifar10,1.0,0,base.patch_embed,0.979865
20,2,9,vit_tiny,cifar10,1.0,1,base.blocks.0,0.969156
20,2,9,vit_tiny,cifar10,1.0,2,base.blocks.1,0.968459
20,2,9,vit_tiny,cifar10,1.0,3,base.blocks.2,0.970105
20,2,9,vit_tiny,cifar10,1.0,4,base.blocks.3,0.963977
20,2,9,vit_tiny,cifar10,1.0,5,base.blocks.4,0.959219
20,2,9,vit_tiny,cifar10,1.0,6,base.blocks.5,0.953431
20,2,9,vit_tiny,cifar10,1.0,7,base.blocks.6,0.944259
20,2,9,vit_tiny,cifar10,1.0,8,base.blocks.7,0.933718
20,2,9,vit_tiny,cifar10,1.0,9,base.blocks.8,0.921626
20,2,9,vit_tiny,cifar10,1.0,10,base.blocks.9,0.908945
20,2,9,vit_tiny,cifar10,1.0,11,base.blocks.10,0.899931
20,2,9,vit_tiny,cifar10,1.0,12,base.blocks.11,0.887714
20,2,9,vit_tiny,cifar10,1.0,13,base.norm,0.889218
20,2,9,vit_tiny,cifar10,1.0,14,classifier,0.838774
20,3,4,vit_tiny,cifar10,1.0,0,base.patch_embed,0.977448
20,3,4,vit_tiny,cifar10,1.0,1,base.blocks.0,0.956788
20,3,4,vit_tiny,cifar10,1.0,2,base.blocks.1,0.964174
20,3,4,vit_tiny,cifar10,1.0,3,base.blocks.2,0.957431
20,3,4,vit_tiny,cifar10,1.0,4,base.blocks.3,0.946599
20,3,4,vit_tiny,cifar10,1.0,5,base.blocks.4,0.937940
20,3,4,vit_tiny,cifar10,1.0,6,base.blocks.5,0.928097
20,3,4,vit_tiny,cifar10,1.0,7,base.blocks.6,0.915278
20,3,4,vit_tiny,cifar10,1.0,8,base.blocks.7,0.904383
20,3,4,vit_tiny,cifar10,1.0,9,base.blocks.8,0.897526
20,3,4,vit_tiny,cifar10,1.0,10,base.blocks.9,0.890975
20,3,4,vit_tiny,cifar10,1.0,11,base.blocks.10,0.887557
20,3,4,vit_tiny,cifar10,1.0,12,base.blocks.11,0.884567
20,3,4,vit_tiny,cifar10,1.0,13,base.norm,0.867883
20,3,4,vit_tiny,cifar10,1.0,14,classifier,0.892756
20,3,5,vit_tiny,cifar10,1.0,0,base.patch_embed,0.984619
20,3,5,vit_tiny,cifar10,1.0,1,base.blocks.0,0.947515
20,3,5,vit_tiny,cifar10,1.0,2,base.blocks.1,0.937765
20,3,5,vit_tiny,cifar10,1.0,3,base.blocks.2,0.926178
20,3,5,vit_tiny,cifar10,1.0,4,base.blocks.3,0.918670
20,3,5,vit_tiny,cifar10,1.0,5,base.blocks.4,0.900650
20,3,5,vit_tiny,cifar10,1.0,6,base.blocks.5,0.871129
20,3,5,vit_tiny,cifar10,1.0,7,base.blocks.6,0.832781
20,3,5,vit_tiny,cifar10,1.0,8,base.blocks.7,0.809402
20,3,5,vit_tiny,cifar10,1.0,9,base.blocks.8,0.778418
20,3,5,vit_tiny,cifar10,1.0,10,base.blocks.9,0.755889
20,3,5,vit_tiny,cifar10,1.0,11,base.blocks.10,0.753963
20,3,5,vit_tiny,cifar10,1.0,12,base.blocks.11,0.759230
20,3,5,vit_tiny,cifar10,1.0,13,base.norm,0.655078
20,3,5,vit_tiny,cifar10,1.0,14,classifier,0.765996
20,3,6,vit_tiny,cifar10,1.0,0,base.patch_embed,0.987475
20,3,6,vit_tiny,cifar10,1.0,1,base.blocks.0,0.961190
20,3,6,vit_tiny,cifar10,1.0,2,base.blocks.1,0.945037
20,3,6,vit_tiny,cifar10,1.0,3,base.blocks.2,0.927585
20,3,6,vit_tiny,cifar10,1.0,4,base.blocks.3,0.921530
20,3,6,vit_tiny,cifar10,1.0,5,base.blocks.4,0.913792
20,3,6,vit_tiny,cifar10,1.0,6,base.blocks.5,0.904400
20,3,6,vit_tiny,cifar10,1.0,7,base.blocks.6,0.892999
20,3,6,vit_tiny,cifar10,1.0,8,base.blocks.7,0.882903
20,3,6,vit_tiny,cifar10,1.0,9,base.blocks.8,0.873730
20,3,6,vit_tiny,cifar10,1.0,10,base.blocks.9,0.867461
20,3,6,vit_tiny,cifar10,1.0,11,base.blocks.10,0.865209
20,3,6,vit_tiny,cifar10,1.0,12,base.blocks.11,0.864098
20,3,6,vit_tiny,cifar10,1.0,13,base.norm,0.854322
20,3,6,vit_tiny,cifar10,1.0,14,classifier,0.845790
20,3,7,vit_tiny,cifar10,1.0,0,base.patch_embed,0.973006
20,3,7,vit_tiny,cifar10,1.0,1,base.blocks.0,0.940301
20,3,7,vit_tiny,cifar10,1.0,2,base.blocks.1,0.932759
20,3,7,vit_tiny,cifar10,1.0,3,base.blocks.2,0.913327
20,3,7,vit_tiny,cifar10,1.0,4,base.blocks.3,0.911494
20,3,7,vit_tiny,cifar10,1.0,5,base.blocks.4,0.900178
20,3,7,vit_tiny,cifar10,1.0,6,base.blocks.5,0.887813
20,3,7,vit_tiny,cifar10,1.0,7,base.blocks.6,0.872583
20,3,7,vit_tiny,cifar10,1.0,8,base.blocks.7,0.857084
20,3,7,vit_tiny,cifar10,1.0,9,base.blocks.8,0.846103
20,3,7,vit_tiny,cifar10,1.0,10,base.blocks.9,0.836221
20,3,7,vit_tiny,cifar10,1.0,11,base.blocks.10,0.836235
20,3,7,vit_tiny,cifar10,1.0,12,base.blocks.11,0.839797
20,3,7,vit_tiny,cifar10,1.0,13,base.norm,0.788508
20,3,7,vit_tiny,cifar10,1.0,14,classifier,0.878425
20,3,8,vit_tiny,cifar10,1.0,0,base.patch_embed,0.984026
20,3,8,vit_tiny,cifar10,1.0,1,base.blocks.0,0.955589
20,3,8,vit_tiny,cifar10,1.0,2,base.blocks.1,0.942364
20,3,8,vit_tiny,cifar10,1.0,3,base.blocks.2,0.932578
20,3,8,vit_tiny,cifar10,1.0,4,base.blocks.3,0.935535
20,3,8,vit_tiny,cifar10,1.0,5,base.blocks.4,0.925952
20,3,8,vit_tiny,cifar10,1.0,6,base.blocks.5,0.910075
20,3,8,vit_tiny,cifar10,1.0,7,base.blocks.6,0.882623
20,3,8,vit_tiny,cifar10,1.0,8,base.blocks.7,0.866000
20,3,8,vit_tiny,cifar10,1.0,9,base.blocks.8,0.843167
20,3,8,vit_tiny,cifar10,1.0,10,base.blocks.9,0.831750
20,3,8,vit_tiny,cifar10,1.0,11,base.blocks.10,0.826926
20,3,8,vit_tiny,cifar10,1.0,12,base.blocks.11,0.828918
20,3,8,vit_tiny,cifar10,1.0,13,base.norm,0.770611
20,3,8,vit_tiny,cifar10,1.0,14,classifier,0.833468
20,3,9,vit_tiny,cifar10,1.0,0,base.patch_embed,0.951370
20,3,9,vit_tiny,cifar10,1.0,1,base.blocks.0,0.897685
20,3,9,vit_tiny,cifar10,1.0,2,base.blocks.1,0.895862
20,3,9,vit_tiny,cifar10,1.0,3,base.blocks.2,0.884046
20,3,9,vit_tiny,cifar10,1.0,4,base.blocks.3,0.881615
20,3,9,vit_tiny,cifar10,1.0,5,base.blocks.4,0.866937
20,3,9,vit_tiny,cifar10,1.0,6,base.blocks.5,0.849866
20,3,9,vit_tiny,cifar10,1.0,7,base.blocks.6,0.829499
20,3,9,vit_tiny,cifar10,1.0,8,base.blocks.7,0.813851
20,3,9,vit_tiny,cifar10,1.0,9,base.blocks.8,0.795954
20,3,9,vit_tiny,cifar10,1.0,10,base.blocks.9,0.781877
20,3,9,vit_tiny,cifar10,1.0,11,base.blocks.10,0.780539
20,3,9,vit_tiny,cifar10,1.0,12,base.blocks.11,0.782894
20,3,9,vit_tiny,cifar10,1.0,13,base.norm,0.756295
20,3,9,vit_tiny,cifar10,1.0,14,classifier,0.856784
20,4,5,vit_tiny,cifar10,1.0,0,base.patch_embed,0.979372
20,4,5,vit_tiny,cifar10,1.0,1,base.blocks.0,0.974018
20,4,5,vit_tiny,cifar10,1.0,2,base.blocks.1,0.978532
20,4,5,vit_tiny,cifar10,1.0,3,base.blocks.2,0.974953
20,4,5,vit_tiny,cifar10,1.0,4,base.blocks.3,0.959258
20,4,5,vit_tiny,cifar10,1.0,5,base.blocks.4,0.934928
20,4,5,vit_tiny,cifar10,1.0,6,base.blocks.5,0.902184
20,4,5,vit_tiny,cifar10,1.0,7,base.blocks.6,0.857507
20,4,5,vit_tiny,cifar10,1.0,8,base.blocks.7,0.821638
20,4,5,vit_tiny,cifar10,1.0,9,base.blocks.8,0.781938
20,4,5,vit_tiny,cifar10,1.0,10,base.blocks.9,0.746801
20,4,5,vit_tiny,cifar10,1.0,11,base.blocks.10,0.722212
20,4,5,vit_tiny,cifar10,1.0,12,base.blocks.11,0.697692
20,4,5,vit_tiny,cifar10,1.0,13,base.norm,0.749408
20,4,5,vit_tiny,cifar10,1.0,14,classifier,0.761000
20,4,6,vit_tiny,cifar10,1.0,0,base.patch_embed,0.969994
20,4,6,vit_tiny,cifar10,1.0,1,base.blocks.0,0.967206
20,4,6,vit_tiny,cifar10,1.0,2,base.blocks.1,0.961226
20,4,6,vit_tiny,cifar10,1.0,3,base.blocks.2,0.949728
20,4,6,vit_tiny,cifar10,1.0,4,base.blocks.3,0.951164
20,4,6,vit_tiny,cifar10,1.0,5,base.blocks.4,0.946197
20,4,6,vit_tiny,cifar10,1.0,6,base.blocks.5,0.938317
20,4,6,vit_tiny,cifar10,1.0,7,base.blocks.6,0.930082
20,4,6,vit_tiny,cifar10,1.0,8,base.blocks.7,0.919665
20,4,6,vit_tiny,cifar10,1.0,9,base.blocks.8,0.909957
20,4,6,vit_tiny,cifar10,1.0,10,base.blocks.9,0.901922
20,4,6,vit_tiny,cifar10,1.0,11,base.blocks.10,0.901818
20,4,6,vit_tiny,cifar10,1.0,12,base.blocks.11,0.902824
20,4,6,vit_tiny,cifar10,1.0,13,base.norm,0.874309
20,4,6,vit_tiny,cifar10,1.0,14,classifier,0.869056
20,4,7,vit_tiny,cifar10,1.0,0,base.patch_embed,0.989331
20,4,7,vit_tiny,cifar10,1.0,1,base.blocks.0,0.981809
20,4,7,vit_tiny,cifar10,1.0,2,base.blocks.1,0.962808
20,4,7,vit_tiny,cifar10,1.0,3,base.blocks.2,0.949408
20,4,7,vit_tiny,cifar10,1.0,4,base.blocks.3,0.932433
20,4,7,vit_tiny,cifar10,1.0,5,base.blocks.4,0.915106
20,4,7,vit_tiny,cifar10,1.0,6,base.blocks.5,0.897124
20,4,7,vit_tiny,cifar10,1.0,7,base.blocks.6,0.877482
20,4,7,vit_tiny,cifar10,1.0,8,base.blocks.7,0.854134
20,4,7,vit_tiny,cifar10,1.0,9,base.blocks.8,0.836938
20,4,7,vit_tiny,cifar10,1.0,10,base.blocks.9,0.822193
20,4,7,vit_tiny,cifar10,1.0,11,base.blocks.10,0.809637
20,4,7,vit_tiny,cifar10,1.0,12,base.blocks.11,0.798539
20,4,7,vit_tiny,cifar10,1.0,13,base.norm,0.825036
20,4,7,vit_tiny,cifar10,1.0,14,classifier,0.858109
20,4,8,vit_tiny,cifar10,1.0,0,base.patch_embed,0.957602
20,4,8,vit_tiny,cifar10,1.0,1,base.blocks.0,0.958302
20,4,8,vit_tiny,cifar10,1.0,2,base.blocks.1,0.965448
20,4,8,vit_tiny,cifar10,1.0,3,base.blocks.2,0.969285
20,4,8,vit_tiny,cifar10,1.0,4,base.blocks.3,0.967419
20,4,8,vit_tiny,cifar10,1.0,5,base.blocks.4,0.958867
20,4,8,vit_tiny,cifar10,1.0,6,base.blocks.5,0.938630
20,4,8,vit_tiny,cifar10,1.0,7,base.blocks.6,0.907752
20,4,8,vit_tiny,cifar10,1.0,8,base.blocks.7,0.886559
20,4,8,vit_tiny,cifar10,1.0,9,base.blocks.8,0.861167
20,4,8,vit_tiny,cifar10,1.0,10,base.blocks.9,0.842436
20,4,8,vit_tiny,cifar10,1.0,11,base.blocks.10,0.830556
20,4,8,vit_tiny,cifar10,1.0,12,base.blocks.11,0.828206
20,4,8,vit_tiny,cifar10,1.0,13,base.norm,0.808775
20,4,8,vit_tiny,cifar10,1.0,14,classifier,0.809052
20,4,9,vit_tiny,cifar10,1.0,0,base.patch_embed,0.982582
20,4,9,vit_tiny,cifar10,1.0,1,base.blocks.0,0.964813
20,4,9,vit_tiny,cifar10,1.0,2,base.blocks.1,0.952132
20,4,9,vit_tiny,cifar10,1.0,3,base.blocks.2,0.944780
20,4,9,vit_tiny,cifar10,1.0,4,base.blocks.3,0.935877
20,4,9,vit_tiny,cifar10,1.0,5,base.blocks.4,0.920517
20,4,9,vit_tiny,cifar10,1.0,6,base.blocks.5,0.906245
20,4,9,vit_tiny,cifar10,1.0,7,base.blocks.6,0.890859
20,4,9,vit_tiny,cifar10,1.0,8,base.blocks.7,0.870633
20,4,9,vit_tiny,cifar10,1.0,9,base.blocks.8,0.852348
20,4,9,vit_tiny,cifar10,1.0,10,base.blocks.9,0.834326
20,4,9,vit_tiny,cifar10,1.0,11,base.blocks.10,0.821064
20,4,9,vit_tiny,cifar10,1.0,12,base.blocks.11,0.807362
20,4,9,vit_tiny,cifar10,1.0,13,base.norm,0.840755
20,4,9,vit_tiny,cifar10,1.0,14,classifier,0.844761
20,5,6,vit_tiny,cifar10,1.0,0,base.patch_embed,0.994477
20,5,6,vit_tiny,cifar10,1.0,1,base.blocks.0,0.969451
20,5,6,vit_tiny,cifar10,1.0,2,base.blocks.1,0.952953
20,5,6,vit_tiny,cifar10,1.0,3,base.blocks.2,0.931994
20,5,6,vit_tiny,cifar10,1.0,4,base.blocks.3,0.909114
20,5,6,vit_tiny,cifar10,1.0,5,base.blocks.4,0.885059
20,5,6,vit_tiny,cifar10,1.0,6,base.blocks.5,0.852670
20,5,6,vit_tiny,cifar10,1.0,7,base.blocks.6,0.806352
20,5,6,vit_tiny,cifar10,1.0,8,base.blocks.7,0.768616
20,5,6,vit_tiny,cifar10,1.0,9,base.blocks.8,0.723040
20,5,6,vit_tiny,cifar10,1.0,10,base.blocks.9,0.687118
20,5,6,vit_tiny,cifar10,1.0,11,base.blocks.10,0.662470
20,5,6,vit_tiny,cifar10,1.0,12,base.blocks.11,0.643505
20,5,6,vit_tiny,cifar10,1.0,13,base.norm,0.694300
20,5,6,vit_tiny,cifar10,1.0,14,classifier,0.720348
20,5,7,vit_tiny,cifar10,1.0,0,base.patch_embed,0.980119
20,5,7,vit_tiny,cifar10,1.0,1,base.blocks.0,0.942682
20,5,7,vit_tiny,cifar10,1.0,2,base.blocks.1,0.933230
20,5,7,vit_tiny,cifar10,1.0,3,base.blocks.2,0.933882
20,5,7,vit_tiny,cifar10,1.0,4,base.blocks.3,0.933884
20,5,7,vit_tiny,cifar10,1.0,5,base.blocks.4,0.939898
20,5,7,vit_tiny,cifar10,1.0,6,base.blocks.5,0.944913
20,5,7,vit_tiny,cifar10,1.0,7,base.blocks.6,0.944785
20,5,7,vit_tiny,cifar10,1.0,8,base.blocks.7,0.943165
20,5,7,vit_tiny,cifar10,1.0,9,base.blocks.8,0.939258
20,5,7,vit_tiny,cifar10,1.0,10,base.blocks.9,0.935090
20,5,7,vit_tiny,cifar10,1.0,11,base.blocks.10,0.932554
20,5,7,vit_tiny,cifar10,1.0,12,base.blocks.11,0.929486
20,5,7,vit_tiny,cifar10,1.0,13,base.norm,0.905497
20,5,7,vit_tiny,cifar10,1.0,14,classifier,0.862535
20,5,8,vit_tiny,cifar10,1.0,0,base.patch_embed,0.993147
20,5,8,vit_tiny,cifar10,1.0,1,base.blocks.0,0.982888
20,5,8,vit_tiny,cifar10,1.0,2,base.blocks.1,0.976664
20,5,8,vit_tiny,cifar10,1.0,3,base.blocks.2,0.973044
20,5,8,vit_tiny,cifar10,1.0,4,base.blocks.3,0.964143
20,5,8,vit_tiny,cifar10,1.0,5,base.blocks.4,0.957241
20,5,8,vit_tiny,cifar10,1.0,6,base.blocks.5,0.943891
20,5,8,vit_tiny,cifar10,1.0,7,base.blocks.6,0.926369
20,5,8,vit_tiny,cifar10,1.0,8,base.blocks.7,0.909932
20,5,8,vit_tiny,cifar10,1.0,9,base.blocks.8,0.890583
20,5,8,vit_tiny,cifar10,1.0,10,base.blocks.9,0.866528
20,5,8,vit_tiny,cifar10,1.0,11,base.blocks.10,0.853858
20,5,8,vit_tiny,cifar10,1.0,12,base.blocks.11,0.839045
20,5,8,vit_tiny,cifar10,1.0,13,base.norm,0.856805
20,5,8,vit_tiny,cifar10,1.0,14,classifier,0.851764
20,5,9,vit_tiny,cifar10,1.0,0,base.patch_embed,0.974887
20,5,9,vit_tiny,cifar10,1.0,1,base.blocks.0,0.961051
20,5,9,vit_tiny,cifar10,1.0,2,base.blocks.1,0.965834
20,5,9,vit_tiny,cifar10,1.0,3,base.blocks.2,0.968855
20,5,9,vit_tiny,cifar10,1.0,4,base.blocks.3,0.960184
20,5,9,vit_tiny,cifar10,1.0,5,base.blocks.4,0.955104
20,5,9,vit_tiny,cifar10,1.0,6,base.blocks.5,0.947805
20,5,9,vit_tiny,cifar10,1.0,7,base.blocks.6,0.932928
20,5,9,vit_tiny,cifar10,1.0,8,base.blocks.7,0.918469
20,5,9,vit_tiny,cifar10,1.0,9,base.blocks.8,0.904655
20,5,9,vit_tiny,cifar10,1.0,10,base.blocks.9,0.893634
20,5,9,vit_tiny,cifar10,1.0,11,base.blocks.10,0.883626
20,5,9,vit_tiny,cifar10,1.0,12,base.blocks.11,0.874587
20,5,9,vit_tiny,cifar10,1.0,13,base.norm,0.892969
20,5,9,vit_tiny,cifar10,1.0,14,classifier,0.821410
20,6,7,vit_tiny,cifar10,1.0,0,base.patch_embed,0.972500
20,6,7,vit_tiny,cifar10,1.0,1,base.blocks.0,0.944502
20,6,7,vit_tiny,cifar10,1.0,2,base.blocks.1,0.920609
20,6,7,vit_tiny,cifar10,1.0,3,base.blocks.2,0.898876
20,6,7,vit_tiny,cifar10,1.0,4,base.blocks.3,0.891115
20,6,7,vit_tiny,cifar10,1.0,5,base.blocks.4,0.875072
20,6,7,vit_tiny,cifar10,1.0,6,base.blocks.5,0.859455
20,6,7,vit_tiny,cifar10,1.0,7,base.blocks.6,0.835463
20,6,7,vit_tiny,cifar10,1.0,8,base.blocks.7,0.812369
20,6,7,vit_tiny,cifar10,1.0,9,base.blocks.8,0.788290
20,6,7,vit_tiny,cifar10,1.0,10,base.blocks.9,0.769839
20,6,7,vit_tiny,cifar10,1.0,11,base.blocks.10,0.755662
20,6,7,vit_tiny,cifar10,1.0,12,base.blocks.11,0.746500
20,6,7,vit_tiny,cifar10,1.0,13,base.norm,0.774370
20,6,7,vit_tiny,cifar10,1.0,14,classifier,0.836813
20,6,8,vit_tiny,cifar10,1.0,0,base.patch_embed,0.997753
20,6,8,vit_tiny,cifar10,1.0,1,base.blocks.0,0.990545
20,6,8,vit_tiny,cifar10,1.0,2,base.blocks.1,0.985067
20,6,8,vit_tiny,cifar10,1.0,3,base.blocks.2,0.977201
20,6,8,vit_tiny,cifar10,1.0,4,base.blocks.3,0.969779
20,6,8,vit_tiny,cifar10,1.0,5,base.blocks.4,0.958452
20,6,8,vit_tiny,cifar10,1.0,6,base.blocks.5,0.941538
20,6,8,vit_tiny,cifar10,1.0,7,base.blocks.6,0.916514
20,6,8,vit_tiny,cifar10,1.0,8,base.blocks.7,0.898930
20,6,8,vit_tiny,cifar10,1.0,9,base.blocks.8,0.877521
20,6,8,vit_tiny,cifar10,1.0,10,base.blocks.9,0.858344
20,6,8,vit_tiny,cifar10,1.0,11,base.blocks.10,0.842988
20,6,8,vit_tiny,cifar10,1.0,12,base.blocks.11,0.842500
20,6,8,vit_tiny,cifar10,1.0,13,base.norm,0.834399
20,6,8,vit_tiny,cifar10,1.0,14,classifier,0.802861
20,6,9,vit_tiny,cifar10,1.0,0,base.patch_embed,0.958438
20,6,9,vit_tiny,cifar10,1.0,1,base.blocks.0,0.924840
20,6,9,vit_tiny,cifar10,1.0,2,base.blocks.1,0.899864
20,6,9,vit_tiny,cifar10,1.0,3,base.blocks.2,0.875487
20,6,9,vit_tiny,cifar10,1.0,4,base.blocks.3,0.874945
20,6,9,vit_tiny,cifar10,1.0,5,base.blocks.4,0.862322
20,6,9,vit_tiny,cifar10,1.0,6,base.blocks.5,0.850554
20,6,9,vit_tiny,cifar10,1.0,7,base.blocks.6,0.835080
20,6,9,vit_tiny,cifar10,1.0,8,base.blocks.7,0.816306
20,6,9,vit_tiny,cifar10,1.0,9,base.blocks.8,0.794996
20,6,9,vit_tiny,cifar10,1.0,10,base.blocks.9,0.779014
20,6,9,vit_tiny,cifar10,1.0,11,base.blocks.10,0.764523
20,6,9,vit_tiny,cifar10,1.0,12,base.blocks.11,0.754949
20,6,9,vit_tiny,cifar10,1.0,13,base.norm,0.785237
20,6,9,vit_tiny,cifar10,1.0,14,classifier,0.854308
20,7,8,vit_tiny,cifar10,1.0,0,base.patch_embed,0.960193
20,7,8,vit_tiny,cifar10,1.0,1,base.blocks.0,0.921736
20,7,8,vit_tiny,cifar10,1.0,2,base.blocks.1,0.903107
20,7,8,vit_tiny,cifar10,1.0,3,base.blocks.2,0.902772
20,7,8,vit_tiny,cifar10,1.0,4,base.blocks.3,0.913187
20,7,8,vit_tiny,cifar10,1.0,5,base.blocks.4,0.916925
20,7,8,vit_tiny,cifar10,1.0,6,base.blocks.5,0.914413
20,7,8,vit_tiny,cifar10,1.0,7,base.blocks.6,0.911251
20,7,8,vit_tiny,cifar10,1.0,8,base.blocks.7,0.905818
20,7,8,vit_tiny,cifar10,1.0,9,base.blocks.8,0.899465
20,7,8,vit_tiny,cifar10,1.0,10,base.blocks.9,0.890028
20,7,8,vit_tiny,cifar10,1.0,11,base.blocks.10,0.887178
20,7,8,vit_tiny,cifar10,1.0,12,base.blocks.11,0.887303
20,7,8,vit_tiny,cifar10,1.0,13,base.norm,0.883445
20,7,8,vit_tiny,cifar10,1.0,14,classifier,0.853466
20,7,9,vit_tiny,cifar10,1.0,0,base.patch_embed,0.986258
20,7,9,vit_tiny,cifar10,1.0,1,base.blocks.0,0.968567
20,7,9,vit_tiny,cifar10,1.0,2,base.blocks.1,0.957560
20,7,9,vit_tiny,cifar10,1.0,3,base.blocks.2,0.956248
20,7,9,vit_tiny,cifar10,1.0,4,base.blocks.3,0.959243
20,7,9,vit_tiny,cifar10,1.0,5,base.blocks.4,0.959133
20,7,9,vit_tiny,cifar10,1.0,6,base.blocks.5,0.956048
20,7,9,vit_tiny,cifar10,1.0,7,base.blocks.6,0.951472
20,7,9,vit_tiny,cifar10,1.0,8,base.blocks.7,0.947087
20,7,9,vit_tiny,cifar10,1.0,9,base.blocks.8,0.942744
20,7,9,vit_tiny,cifar10,1.0,10,base.blocks.9,0.936400
20,7,9,vit_tiny,cifar10,1.0,11,base.blocks.10,0.932789
20,7,9,vit_tiny,cifar10,1.0,12,base.blocks.11,0.930568
20,7,9,vit_tiny,cifar10,1.0,13,base.norm,0.935987
20,7,9,vit_tiny,cifar10,1.0,14,classifier,0.868011
20,8,9,vit_tiny,cifar10,1.0,0,base.patch_embed,0.948608
20,8,9,vit_tiny,cifar10,1.0,1,base.blocks.0,0.925810
20,8,9,vit_tiny,cifar10,1.0,2,base.blocks.1,0.918064
20,8,9,vit_tiny,cifar10,1.0,3,base.blocks.2,0.917798
20,8,9,vit_tiny,cifar10,1.0,4,base.blocks.3,0.916989
20,8,9,vit_tiny,cifar10,1.0,5,base.blocks.4,0.919086
20,8,9,vit_tiny,cifar10,1.0,6,base.blocks.5,0.910539
20,8,9,vit_tiny,cifar10,1.0,7,base.blocks.6,0.897543
20,8,9,vit_tiny,cifar10,1.0,8,base.blocks.7,0.886163
20,8,9,vit_tiny,cifar10,1.0,9,base.blocks.8,0.870011
20,8,9,vit_tiny,cifar10,1.0,10,base.blocks.9,0.853284
20,8,9,vit_tiny,cifar10,1.0,11,base.blocks.10,0.845682
20,8,9,vit_tiny,cifar10,1.0,12,base.blocks.11,0.845344
20,8,9,vit_tiny,cifar10,1.0,13,base.norm,0.867373
20,8,9,vit_tiny,cifar10,1.0,14,classifier,0.853501
30,0,1,vit_tiny,cifar10,1.0,0,base.patch_embed,0.964887
30,0,1,vit_tiny,cifar10,1.0,1,base.blocks.0,0.986000
30,0,1,vit_tiny,cifar10,1.0,2,base.blocks.1,0.985667
30,0,1,vit_tiny,cifar10,1.0,3,base.blocks.2,0.980920
30,0,1,vit_tiny,cifar10,1.0,4,base.blocks.3,0.973027
30,0,1,vit_tiny,cifar10,1.0,5,base.blocks.4,0.964416
30,0,1,vit_tiny,cifar10,1.0,6,base.blocks.5,0.952622
30,0,1,vit_tiny,cifar10,1.0,7,base.blocks.6,0.938452
30,0,1,vit_tiny,cifar10,1.0,8,base.blocks.7,0.925668
30,0,1,vit_tiny,cifar10,1.0,9,base.blocks.8,0.901002
30,0,1,vit_tiny,cifar10,1.0,10,base.blocks.9,0.889756
30,0,1,vit_tiny,cifar10,1.0,11,base.blocks.10,0.882092
30,0,1,vit_tiny,cifar10,1.0,12,base.blocks.11,0.869960
30,0,1,vit_tiny,cifar10,1.0,13,base.norm,0.867912
30,0,1,vit_tiny,cifar10,1.0,14,classifier,0.787047
30,0,2,vit_tiny,cifar10,1.0,0,base.patch_embed,0.995170
30,0,2,vit_tiny,cifar10,1.0,1,base.blocks.0,0.976957
30,0,2,vit_tiny,cifar10,1.0,2,base.blocks.1,0.972806
30,0,2,vit_tiny,cifar10,1.0,3,base.blocks.2,0.969974
30,0,2,vit_tiny,cifar10,1.0,4,base.blocks.3,0.970072
30,0,2,vit_tiny,cifar10,1.0,5,base.blocks.4,0.965749
30,0,2,vit_tiny,cifar10,1.0,6,base.blocks.5,0.961538
30,0,2,vit_tiny,cifar10,1.0,7,base.blocks.6,0.957600
30,0,2,vit_tiny,cifar10,1.0,8,base.blocks.7,0.951009
30,0,2,vit_tiny,cifar10,1.0,9,base.blocks.8,0.945192
30,0,2,vit_tiny,cifar10,1.0,10,base.blocks.9,0.942601
30,0,2,vit_tiny,cifar10,1.0,11,base.blocks.10,0.940500
30,0,2,vit_tiny,cifar10,1.0,12,base.blocks.11,0.937028
30,0,2,vit_tiny,cifar10,1.0,13,base.norm,0.914810
30,0,2,vit_tiny,cifar10,1.0,14,classifier,0.887599
30,0,3,vit_tiny,cifar10,1.0,0,base.patch_embed,0.961126
30,0,3,vit_tiny,cifar10,1.0,1,base.blocks.0,0.934889
30,0,3,vit_tiny,cifar10,1.0,2,base.blocks.1,0.973648
30,0,3,vit_tiny,cifar10,1.0,3,base.blocks.2,0.972756
30,0,3,vit_tiny,cifar10,1.0,4,base.blocks.3,0.966406
30,0,3,vit_tiny,cifar10,1.0,5,base.blocks.4,0.958209
30,0,3,vit_tiny,cifar10,1.0,6,base.blocks.5,0.945853
30,0,3,vit_tiny,cifar10,1.0,7,base.blocks.6,0.928085
30,0,3,vit_tiny,cifar10,1.0,8,base.blocks.7,0.912892
30,0,3,vit_tiny,cifar10,1.0,9,base.blocks.8,0.894264
30,0,3,vit_tiny,cifar10,1.0,10,base.blocks.9,0.877908
30,0,3,vit_tiny,cifar10,1.0,11,base.blocks.10,0.867745
30,0,3,vit_tiny,cifar10,1.0,12,base.blocks.11,0.860299
30,0,3,vit_tiny,cifar10,1.0,13,base.norm,0.870589
30,0,3,vit_tiny,cifar10,1.0,14,classifier,0.773300
30,0,4,vit_tiny,cifar10,1.0,0,base.patch_embed,0.986256
30,0,4,vit_tiny,cifar10,1.0,1,base.blocks.0,0.978517
30,0,4,vit_tiny,cifar10,1.0,2,base.blocks.1,0.979492
30,0,4,vit_tiny,cifar10,1.0,3,base.blocks.2,0.976288
30,0,4,vit_tiny,cifar10,1.0,4,base.blocks.3,0.970609
30,0,4,vit_tiny,cifar10,1.0,5,base.blocks.4,0.963746
30,0,4,vit_tiny,cifar10,1.0,6,base.blocks.5,0.955258
30,0,4,vit_tiny,cifar10,1.0,7,base.blocks.6,0.941845
30,0,4,vit_tiny,cifar10,1.0,8,base.blocks.7,0.929454
30,0,4,vit_tiny,cifar10,1.0,9,base.blocks.8,0.906475
30,0,4,vit_tiny,cifar10,1.0,10,base.blocks.9,0.892699
30,0,4,vit_tiny,cifar10,1.0,11,base.blocks.10,0.883417
30,0,4,vit_tiny,cifar10,1.0,12,base.blocks.11,0.876359
30,0,4,vit_tiny,cifar10,1.0,13,base.norm,0.877597
30,0,4,vit_tiny,cifar10,1.0,14,classifier,0.786605
30,0,5,vit_tiny,cifar10,1.0,0,base.patch_embed,0.990737
30,0,5,vit_tiny,cifar10,1.0,1,base.blocks.0,0.976587
30,0,5,vit_tiny,cifar10,1.0,2,base.blocks.1,0.964766
30,0,5,vit_tiny,cifar10,1.0,3,base.blocks.2,0.957072
30,0,5,vit_tiny,cifar10,1.0,4,base.blocks.3,0.950721
30,0,5,vit_tiny,cifar10,1.0,5,base.blocks.4,0.944928
30,0,5,vit_tiny,cifar10,1.0,6,base.blocks.5,0.939036
30,0,5,vit_tiny,cifar10,1.0,7,base.blocks.6,0.931984
30,0,5,vit_tiny,cifar10,1.0,8,base.blocks.7,0.923780
30,0,5,vit_tiny,cifar10,1.0,9,base.blocks.8,0.913775
30,0,5,vit_tiny,cifar10,1.0,10,base.blocks.9,0.909661
30,0,5,vit_tiny,cifar10,1.0,11,base.blocks.10,0.907559
30,0,5,vit_tiny,cifar10,1.0,12,base.blocks.11,0.906367
30,0,5,vit_tiny,cifar10,1.0,13,base.norm,0.888747
30,0,5,vit_tiny,cifar10,1.0,14,classifier,0.857432
30,0,6,vit_tiny,cifar10,1.0,0,base.patch_embed,0.986517
30,0,6,vit_tiny,cifar10,1.0,1,base.blocks.0,0.978056
30,0,6,vit_tiny,cifar10,1.0,2,base.blocks.1,0.978257
30,0,6,vit_tiny,cifar10,1.0,3,base.blocks.2,0.976197
30,0,6,vit_tiny,cifar10,1.0,4,base.blocks.3,0.962549
30,0,6,vit_tiny,cifar10,1.0,5,base.blocks.4,0.958351
30,0,6,vit_tiny,cifar10,1.0,6,base.blocks.5,0.951150
30,0,6,vit_tiny,cifar10,1.0,7,base.blocks.6,0.940789
30,0,6,vit_tiny,cifar10,1.0,8,base.blocks.7,0.932374
30,0,6,vit_tiny,cifar10,1.0,9,base.blocks.8,0.926951
30,0,6,vit_tiny,cifar10,1.0,10,base.blocks.9,0.915344
30,0,6,vit_tiny,cifar10,1.0,11,base.blocks.10,0.910183
30,0,6,vit_tiny,cifar10,1.0,12,base.blocks.11,0.903611
30,0,6,vit_tiny,cifar10,1.0,13,base.norm,0.888236
30,0,6,vit_tiny,cifar10,1.0,14,classifier,0.821371
30,0,7,vit_tiny,cifar10,1.0,0,base.patch_embed,0.974141
30,0,7,vit_tiny,cifar10,1.0,1,base.blocks.0,0.975217
30,0,7,vit_tiny,cifar10,1.0,2,base.blocks.1,0.969389
30,0,7,vit_tiny,cifar10,1.0,3,base.blocks.2,0.960801
30,0,7,vit_tiny,cifar10,1.0,4,base.blocks.3,0.956995
30,0,7,vit_tiny,cifar10,1.0,5,base.blocks.4,0.952274
30,0,7,vit_tiny,cifar10,1.0,6,base.blocks.5,0.945002
30,0,7,vit_tiny,cifar10,1.0,7,base.blocks.6,0.937879
30,0,7,vit_tiny,cifar10,1.0,8,base.blocks.7,0.930466
30,0,7,vit_tiny,cifar10,1.0,9,base.blocks.8,0.929873
30,0,7,vit_tiny,cifar10,1.0,10,base.blocks.9,0.925857
30,0,7,vit_tiny,cifar10,1.0,11,base.blocks.10,0.927777
30,0,7,vit_tiny,cifar10,1.0,12,base.blocks.11,0.932298
30,0,7,vit_tiny,cifar10,1.0,13,base.norm,0.902821
30,0,7,vit_tiny,cifar10,1.0,14,classifier,0.847301
30,0,8,vit_tiny,cifar10,1.0,0,base.patch_embed,0.992232
30,0,8,vit_tiny,cifar10,1.0,1,base.blocks.0,0.981612
30,0,8,vit_tiny,cifar10,1.0,2,base.blocks.1,0.980625
30,0,8,vit_tiny,cifar10,1.0,3,base.blocks.2,0.979117
30,0,8,vit_tiny,cifar10,1.0,4,base.blocks.3,0.972244
30,0,8,vit_tiny,cifar10,1.0,5,base.blocks.4,0.966806
30,0,8,vit_tiny,cifar10,1.0,6,base.blocks.5,0.961789
30,0,8,vit_tiny,cifar10,1.0,7,base.blocks.6,0.951223
30,0,8,vit_tiny,cifar10,1.0,8,base.blocks.7,0.939711
30,0,8,vit_tiny,cifar10,1.0,9,base.blocks.8,0.928012
30,0,8,vit_tiny,cifar10,1.0,10,base.blocks.9,0.912979
30,0,8,vit_tiny,cifar10,1.0,11,base.blocks.10,0.906742
30,0,8,vit_tiny,cifar10,1.0,12,base.blocks.11,0.902138
30,0,8,vit_tiny,cifar10,1.0,13,base.norm,0.874420
30,0,8,vit_tiny,cifar10,1.0,14,classifier,0.874717
30,0,9,vit_tiny,cifar10,1.0,0,base.patch_embed,0.994472
30,0,9,vit_tiny,cifar10,1.0,1,base.blocks.0,0.974043
30,0,9,vit_tiny,cifar10,1.0,2,base.blocks.1,0.962960
30,0,9,vit_tiny,cifar10,1.0,3,base.blocks.2,0.957559
30,0,9,vit_tiny,cifar10,1.0,4,base.blocks.3,0.946183
30,0,9,vit_tiny,cifar10,1.0,5,base.blocks.4,0.936927
30,0,9,vit_tiny,cifar10,1.0,6,base.blocks.5,0.928120
30,0,9,vit_tiny,cifar10,1.0,7,base.blocks.6,0.916986
30,0,9,vit_tiny,cifar10,1.0,8,base.blocks.7,0.905906
30,0,9,vit_tiny,cifar10,1.0,9,base.blocks.8,0.887393
30,0,9,vit_tiny,cifar10,1.0,10,base.blocks.9,0.882982
30,0,9,vit_tiny,cifar10,1.0,11,base.blocks.10,0.878490
30,0,9,vit_tiny,cifar10,1.0,12,base.blocks.11,0.868752
30,0,9,vit_tiny,cifar10,1.0,13,base.norm,0.854006
30,0,9,vit_tiny,cifar10,1.0,14,classifier,0.832869
30,1,2,vit_tiny,cifar10,1.0,0,base.patch_embed,0.955875
30,1,2,vit_tiny,cifar10,1.0,1,base.blocks.0,0.964043
30,1,2,vit_tiny,cifar10,1.0,2,base.blocks.1,0.975504
30,1,2,vit_tiny,cifar10,1.0,3,base.blocks.2,0.972236
30,1,2,vit_tiny,cifar10,1.0,4,base.blocks.3,0.963273
30,1,2,vit_tiny,cifar10,1.0,5,base.blocks.4,0.957635
30,1,2,vit_tiny,cifar10,1.0,6,base.blocks.5,0.949602
30,1,2,vit_tiny,cifar10,1.0,7,base.blocks.6,0.939468
30,1,2,vit_tiny,cifar10,1.0,8,base.blocks.7,0.928532
30,1,2,vit_tiny,cifar10,1.0,9,base.blocks.8,0.911444
30,1,2,vit_tiny,cifar10,1.0,10,base.blocks.9,0.899831
30,1,2,vit_tiny,cifar10,1.0,11,base.blocks.10,0.892387
30,1,2,vit_tiny,cifar10,1.0,12,base.blocks.11,0.879111
30,1,2,vit_tiny,cifar10,1.0,13,base.norm,0.891223
30,1,2,vit_tiny,cifar10,1.0,14,classifier,0.861010
30,1,3,vit_tiny,cifar10,1.0,0,base.patch_embed,0.997980
30,1,3,vit_tiny,cifar10,1.0,1,base.blocks.0,0.962110
30,1,3,vit_tiny,cifar10,1.0,2,base.blocks.1,0.971424
30,1,3,vit_tiny,cifar10,1.0,3,base.blocks.2,0.972056
30,1,3,vit_tiny,cifar10,1.0,4,base.blocks.3,0.962882
30,1,3,vit_tiny,cifar10,1.0,5,base.blocks.4,0.960004
30,1,3,vit_tiny,cifar10,1.0,6,base.blocks.5,0.955094
30,1,3,vit_tiny,cifar10,1.0,7,base.blocks.6,0.945831
30,1,3,vit_tiny,cifar10,1.0,8,base.blocks.7,0.937974
30,1,3,vit_tiny,cifar10,1.0,9,base.blocks.8,0.928391
30,1,3,vit_tiny,cifar10,1.0,10,base.blocks.9,0.918184
30,1,3,vit_tiny,cifar10,1.0,11,base.blocks.10,0.914034
30,1,3,vit_tiny,cifar10,1.0,12,base.blocks.11,0.909765
30,1,3,vit_tiny,cifar10,1.0,13,base.norm,0.872706
30,1,3,vit_tiny,cifar10,1.0,14,classifier,0.816275
30,1,4,vit_tiny,cifar10,1.0,0,base.patch_embed,0.989696
30,1,4,vit_tiny,cifar10,1.0,1,base.blocks.0,0.988956
30,1,4,vit_tiny,cifar10,1.0,2,base.blocks.1,0.983569
30,1,4,vit_tiny,cifar10,1.0,3,base.blocks.2,0.977813
30,1,4,vit_tiny,cifar10,1.0,4,base.blocks.3,0.967755
30,1,4,vit_tiny,cifar10,1.0,5,base.blocks.4,0.962743
30,1,4,vit_tiny,cifar10,1.0,6,base.blocks.5,0.955051
30,1,4,vit_tiny,cifar10,1.0,7,base.blocks.6,0.947261
30,1,4,vit_tiny,cifar10,1.0,8,base.blocks.7,0.940835
30,1,4,vit_tiny,cifar10,1.0,9,base.blocks.8,0.933172
30,1,4,vit_tiny,cifar10,1.0,10,base.blocks.9,0.929648
30,1,4,vit_tiny,cifar10,1.0,11,base.blocks.10,0.927400
30,1,4,vit_tiny,cifar10,1.0,12,base.blocks.11,0.925440
30,1,4,vit_tiny,cifar10,1.0,13,base.norm,0.898734
30,1,4,vit_tiny,cifar10,1.0,14,classifier,0.811291
30,1,5,vit_tiny,cifar10,1.0,0,base.patch_embed,0.989046
30,1,5,vit_tiny,cifar10,1.0,1,base.blocks.0,0.984231
30,1,5,vit_tiny,cifar10,1.0,2,base.blocks.1,0.968498
30,1,5,vit_tiny,cifar10,1.0,3,base.blocks.2,0.956258
30,1,5,vit_tiny,cifar10,1.0,4,base.blocks.3,0.940433
30,1,5,vit_tiny,cifar10,1.0,5,base.blocks.4,0.931208
30,1,5,vit_tiny,cifar10,1.0,6,base.blocks.5,0.917284
30,1,5,vit_tiny,cifar10,1.0,7,base.blocks.6,0.894796
30,1,5,vit_tiny,cifar10,1.0,8,base.blocks.7,0.871232
30,1,5,vit_tiny,cifar10,1.0,9,base.blocks.8,0.827976
30,1,5,vit_tiny,cifar10,1.0,10,base.blocks.9,0.810452
30,1,5,vit_tiny,cifar10,1.0,11,base.blocks.10,0.793404
30,1,5,vit_tiny,cifar10,1.0,12,base.blocks.11,0.770564
30,1,5,vit_tiny,cifar10,1.0,13,base.norm,0.800404
30,1,5,vit_tiny,cifar10,1.0,14,classifier,0.814205
30,1,6,vit_tiny,cifar10,1.0,0,base.patch_embed,0.993806
30,1,6,vit_tiny,cifar10,1.0,1,base.blocks.0,0.987372
30,1,6,vit_tiny,cifar10,1.0,2,base.blocks.1,0.971789
30,1,6,vit_tiny,cifar10,1.0,3,base.blocks.2,0.964819
30,1,6,vit_tiny,cifar10,1.0,4,base.blocks.3,0.954554
30,1,6,vit_tiny,cifar10,1.0,5,base.blocks.4,0.944573
30,1,6,vit_tiny,cifar10,1.0,6,base.blocks.5,0.931841
30,1,6,vit_tiny,cifar10,1.0,7,base.blocks.6,0.923927
30,1,6,vit_tiny,cifar10,1.0,8,base.blocks.7,0.915046
30,1,6,vit_tiny,cifar10,1.0,9,base.blocks.8,0.901201
30,1,6,vit_tiny,cifar10,1.0,10,base.blocks.9,0.892400
30,1,6,vit_tiny,cifar10,1.0,11,base.blocks.10,0.887190
30,1,6,vit_tiny,cifar10,1.0,12,base.blocks.11,0.881576
30,1,6,vit_tiny,cifar10,1.0,13,base.norm,0.836898
30,1,6,vit_tiny,cifar10,1.0,14,classifier,0.829739
30,1,7,vit_tiny,cifar10,1.0,0,base.patch_embed,0.992963
30,1,7,vit_tiny,cifar10,1.0,1,base.blocks.0,0.978789
30,1,7,vit_tiny,cifar10,1.0,2,base.blocks.1,0.963635
30,1,7,vit_tiny,cifar10,1.0,3,base.blocks.2,0.959084
30,1,7,vit_tiny,cifar10,1.0,4,base.blocks.3,0.954583
30,1,7,vit_tiny,cifar10,1.0,5,base.blocks.4,0.946945
30,1,7,vit_tiny,cifar10,1.0,6,base.blocks.5,0.938896
30,1,7,vit_tiny,cifar10,1.0,7,base.blocks.6,0.927260
30,1,7,vit_tiny,cifar10,1.0,8,base.blocks.7,0.913275
30,1,7,vit_tiny,cifar10,1.0,9,base.blocks.8,0.901707
30,1,7,vit_tiny,cifar10,1.0,10,base.blocks.9,0.895393
30,1,7,vit_tiny,cifar10,1.0,11,base.blocks.10,0.888318
30,1,7,vit_tiny,cifar10,1.0,12,base.blocks.11,0.879571
30,1,7,vit_tiny,cifar10,1.0,13,base.norm,0.873253
30,1,7,vit_tiny,cifar10,1.0,14,classifier,0.801772
30,1,8,vit_tiny,cifar10,1.0,0,base.patch_embed,0.983272
30,1,8,vit_tiny,cifar10,1.0,1,base.blocks.0,0.984113
30,1,8,vit_tiny,cifar10,1.0,2,base.blocks.1,0.983513
30,1,8,vit_tiny,cifar10,1.0,3,base.blocks.2,0.981813
30,1,8,vit_tiny,cifar10,1.0,4,base.blocks.3,0.973924
30,1,8,vit_tiny,cifar10,1.0,5,base.blocks.4,0.964318
30,1,8,vit_tiny,cifar10,1.0,6,base.blocks.5,0.952262
30,1,8,vit_tiny,cifar10,1.0,7,base.blocks.6,0.937086
30,1,8,vit_tiny,cifar10,1.0,8,base.blocks.7,0.917711
30,1,8,vit_tiny,cifar10,1.0,9,base.blocks.8,0.887485
30,1,8,vit_tiny,cifar10,1.0,10,base.blocks.9,0.872781
30,1,8,vit_tiny,cifar10,1.0,11,base.blocks.10,0.858259
30,1,8,vit_tiny,cifar10,1.0,12,base.blocks.11,0.837530
30,1,8,vit_tiny,cifar10,1.0,13,base.norm,0.868244
30,1,8,vit_tiny,cifar10,1.0,14,classifier,0.877750
30,1,9,vit_tiny,cifar10,1.0,0,base.patch_embed,0.983712
30,1,9,vit_tiny,cifar10,1.0,1,base.blocks.0,0.969141
30,1,9,vit_tiny,cifar10,1.0,2,base.blocks.1,0.965080
30,1,9,vit_tiny,cifar10,1.0,3,base.blocks.2,0.956148
30,1,9,vit_tiny,cifar10,1.0,4,base.blocks.3,0.945531
30,1,9,vit_tiny,cifar10,1.0,5,base.blocks.4,0.934145
30,1,9,vit_tiny,cifar10,1.0,6,base.blocks.5,0.920899
30,1,9,vit_tiny,cifar10,1.0,7,base.blocks.6,0.906272
30,1,9,vit_tiny,cifar10,1.0,8,base.blocks.7,0.889624
30,1,9,vit_tiny,cifar10,1.0,9,base.blocks.8,0.864889
30,1,9,vit_tiny,cifar10,1.0,10,base.blocks.9,0.850062
30,1,9,vit_tiny,cifar10,1.0,11,base.blocks.10,0.834968
30,1,9,vit_tiny,cifar10,1.0,12,base.blocks.11,0.808949
30,1,9,vit_tiny,cifar10,1.0,13,base.norm,0.820101
30,1,9,vit_tiny,cifar10,1.0,14,classifier,0.703800
30,2,3,vit_tiny,cifar10,1.0,0,base.patch_embed,0.948028
30,2,3,vit_tiny,cifar10,1.0,1,base.blocks.0,0.906784
30,2,3,vit_tiny,cifar10,1.0,2,base.blocks.1,0.965333
30,2,3,vit_tiny,cifar10,1.0,3,base.blocks.2,0.978257
30,2,3,vit_tiny,cifar10,1.0,4,base.blocks.3,0.967781
30,2,3,vit_tiny,cifar10,1.0,5,base.blocks.4,0.959840
30,2,3,vit_tiny,cifar10,1.0,6,base.blocks.5,0.948543
30,2,3,vit_tiny,cifar10,1.0,7,base.blocks.6,0.930420
30,2,3,vit_tiny,cifar10,1.0,8,base.blocks.7,0.914454
30,2,3,vit_tiny,cifar10,1.0,9,base.blocks.8,0.896282
30,2,3,vit_tiny,cifar10,1.0,10,base.blocks.9,0.874778
30,2,3,vit_tiny,cifar10,1.0,11,base.blocks.10,0.862124
30,2,3,vit_tiny,cifar10,1.0,12,base.blocks.11,0.845068
30,2,3,vit_tiny,cifar10,1.0,13,base.norm,0.846227
30,2,3,vit_tiny,cifar10,1.0,14,classifier,0.845100
30,2,4,vit_tiny,cifar10,1.0,0,base.patch_embed,0.984779
30,2,4,vit_tiny,cifar10,1.0,1,base.blocks.0,0.978775
30,2,4,vit_tiny,cifar10,1.0,2,base.blocks.1,0.983038
30,2,4,vit_tiny,cifar10,1.0,3,base.blocks.2,0.987240
30,2,4,vit_tiny,cifar10,1.0,4,base.blocks.3,0.976947
30,2,4,vit_tiny,cifar10,1.0,5,base.blocks.4,0.968827
30,2,4,vit_tiny,cifar10,1.0,6,base.blocks.5,0.957876
30,2,4,vit_tiny,cifar10,1.0,7,base.blocks.6,0.945031
30,2,4,vit_tiny,cifar10,1.0,8,base.blocks.7,0.932030
30,2,4,vit_tiny,cifar10,1.0,9,base.blocks.8,0.911691
30,2,4,vit_tiny,cifar10,1.0,10,base.blocks.9,0.896408
30,2,4,vit_tiny,cifar10,1.0,11,base.blocks.10,0.885651
30,2,4,vit_tiny,cifar10,1.0,12,base.blocks.11,0.875996
30,2,4,vit_tiny,cifar10,1.0,13,base.norm,0.863486
30,2,4,vit_tiny,cifar10,1.0,14,classifier,0.815325
30,2,5,vit_tiny,cifar10,1.0,0,base.patch_embed,0.985799
30,2,5,vit_tiny,cifar10,1.0,1,base.blocks.0,0.977696
30,2,5,vit_tiny,cifar10,1.0,2,base.blocks.1,0.982760
30,2,5,vit_tiny,cifar10,1.0,3,base.blocks.2,0.983729
30,2,5,vit_tiny,cifar10,1.0,4,base.blocks.3,0.978067
30,2,5,vit_tiny,cifar10,1.0,5,base.blocks.4,0.970056
30,2,5,vit_tiny,cifar10,1.0,6,base.blocks.5,0.960577
30,2,5,vit_tiny,cifar10,1.0,7,base.blocks.6,0.950381
30,2,5,vit_tiny,cifar10,1.0,8,base.blocks.7,0.937721
30,2,5,vit_tiny,cifar10,1.0,9,base.blocks.8,0.918063
30,2,5,vit_tiny,cifar10,1.0,10,base.blocks.9,0.907120
30,2,5,vit_tiny,cifar10,1.0,11,base.blocks.10,0.897091
30,2,5,vit_tiny,cifar10,1.0,12,base.blocks.11,0.885117
30,2,5,vit_tiny,cifar10,1.0,13,base.norm,0.864710
30,2,5,vit_tiny,cifar10,1.0,14,classifier,0.888091
30,2,6,vit_tiny,cifar10,1.0,0,base.patch_embed,0.980680
30,2,6,vit_tiny,cifar10,1.0,1,base.blocks.0,0.950887
30,2,6,vit_tiny,cifar10,1.0,2,base.blocks.1,0.948892
30,2,6,vit_tiny,cifar10,1.0,3,base.blocks.2,0.939271
30,2,6,vit_tiny,cifar10,1.0,4,base.blocks.3,0.927448
30,2,6,vit_tiny,cifar10,1.0,5,base.blocks.4,0.919366
30,2,6,vit_tiny,cifar10,1.0,6,base.blocks.5,0.910961
30,2,6,vit_tiny,cifar10,1.0,7,base.blocks.6,0.903759
30,2,6,vit_tiny,cifar10,1.0,8,base.blocks.7,0.896866
30,2,6,vit_tiny,cifar10,1.0,9,base.blocks.8,0.894862
30,2,6,vit_tiny,cifar10,1.0,10,base.blocks.9,0.882903
30,2,6,vit_tiny,cifar10,1.0,11,base.blocks.10,0.877200
30,2,6,vit_tiny,cifar10,1.0,12,base.blocks.11,0.871136
30,2,6,vit_tiny,cifar10,1.0,13,base.norm,0.836108
30,2,6,vit_tiny,cifar10,1.0,14,classifier,0.883798
30,2,7,vit_tiny,cifar10,1.0,0,base.patch_embed,0.964885
30,2,7,vit_tiny,cifar10,1.0,1,base.blocks.0,0.951412
30,2,7,vit_tiny,cifar10,1.0,2,base.blocks.1,0.943095
30,2,7,vit_tiny,cifar10,1.0,3,base.blocks.2,0.938849
30,2,7,vit_tiny,cifar10,1.0,4,base.blocks.3,0.934321
30,2,7,vit_tiny,cifar10,1.0,5,base.blocks.4,0.930027
30,2,7,vit_tiny,cifar10,1.0,6,base.blocks.5,0.924256
30,2,7,vit_tiny,cifar10,1.0,7,base.blocks.6,0.921283
30,2,7,vit_tiny,cifar10,1.0,8,base.blocks.7,0.912652
30,2,7,vit_tiny,cifar10,1.0,9,base.blocks.8,0.916907
30,2,7,vit_tiny,cifar10,1.0,10,base.blocks.9,0.912189
30,2,7,vit_tiny,cifar10,1.0,11,base.blocks.10,0.912037
30,2,7,vit_tiny,cifar10,1.0,12,base.blocks.11,0.914411
30,2,7,vit_tiny,cifar10,1.0,13,base.norm,0.877484
30,2,7,vit_tiny,cifar10,1.0,14,classifier,0.865395
30,2,8,vit_tiny,cifar10,1.0,0,base.patch_embed,0.987920
30,2,8,vit_tiny,cifar10,1.0,1,base.blocks.0,0.973127
30,2,8,vit_tiny,cifar10,1.0,2,base.blocks.1,0.972530
30,2,8,vit_tiny,cifar10,1.0,3,base.blocks.2,0.970490
30,2,8,vit_tiny,cifar10,1.0,4,base.blocks.3,0.964826
30,2,8,vit_tiny,cifar10,1.0,5,base.blocks.4,0.961580
30,2,8,vit_tiny,cifar10,1.0,6,base.blocks.5,0.956370
30,2,8,vit_tiny,cifar10,1.0,7,base.blocks.6,0.948803
30,2,8,vit_tiny,cifar10,1.0,8,base.blocks.7,0.939832
30,2,8,vit_tiny,cifar10,1.0,9,base.blocks.8,0.929790
30,2,8,vit_tiny,cifar10,1.0,10,base.blocks.9,0.917104
30,2,8,vit_tiny,cifar10,1.0,11,base.blocks.10,0.907879
30,2,8,vit_tiny,cifar10,1.0,12,base.blocks.11,0.899703
30,2,8,vit_tiny,cifar10,1.0,13,base.norm,0.895405
30,2,8,vit_tiny,cifar10,1.0,14,classifier,0.894576
30,2,9,vit_tiny,cifar10,1.0,0,base.patch_embed,0.991650
30,2,9,vit_tiny,cifar10,1.0,1,base.blocks.0,0.987542
30,2,9,vit_tiny,cifar10,1.0,2,base.blocks.1,0.974870
30,2,9,vit_tiny,cifar10,1.0,3,base.blocks.2,0.964480
30,2,9,vit_tiny,cifar10,1.0,4,base.blocks.3,0.953400
30,2,9,vit_tiny,cifar10,1.0,5,base.blocks.4,0.944079
30,2,9,vit_tiny,cifar10,1.0,6,base.blocks.5,0.935339
30,2,9,vit_tiny,cifar10,1.0,7,base.blocks.6,0.925025
30,2,9,vit_tiny,cifar10,1.0,8,base.blocks.7,0.915753
30,2,9,vit_tiny,cifar10,1.0,9,base.blocks.8,0.896003
30,2,9,vit_tiny,cifar10,1.0,10,base.blocks.9,0.884733
30,2,9,vit_tiny,cifar10,1.0,11,base.blocks.10,0.876470
30,2,9,vit_tiny,cifar10,1.0,12,base.blocks.11,0.864026
30,2,9,vit_tiny,cifar10,1.0,13,base.norm,0.812693
30,2,9,vit_tiny,cifar10,1.0,14,classifier,0.798410
30,3,4,vit_tiny,cifar10,1.0,0,base.patch_embed,0.983977
30,3,4,vit_tiny,cifar10,1.0,1,base.blocks.0,0.952259
30,3,4,vit_tiny,cifar10,1.0,2,base.blocks.1,0.974893
30,3,4,vit_tiny,cifar10,1.0,3,base.blocks.2,0.980447
30,3,4,vit_tiny,cifar10,1.0,4,base.blocks.3,0.965962
30,3,4,vit_tiny,cifar10,1.0,5,base.blocks.4,0.958773
30,3,4,vit_tiny,cifar10,1.0,6,base.blocks.5,0.949428
30,3,4,vit_tiny,cifar10,1.0,7,base.blocks.6,0.934143
30,3,4,vit_tiny,cifar10,1.0,8,base.blocks.7,0.923771
30,3,4,vit_tiny,cifar10,1.0,9,base.blocks.8,0.916917
30,3,4,vit_tiny,cifar10,1.0,10,base.blocks.9,0.909283
30,3,4,vit_tiny,cifar10,1.0,11,base.blocks.10,0.906905
30,3,4,vit_tiny,cifar10,1.0,12,base.blocks.11,0.908286
30,3,4,vit_tiny,cifar10,1.0,13,base.norm,0.884910
30,3,4,vit_tiny,cifar10,1.0,14,classifier,0.795849
30,3,5,vit_tiny,cifar10,1.0,0,base.patch_embed,0.985779
30,3,5,vit_tiny,cifar10,1.0,1,base.blocks.0,0.957487
30,3,5,vit_tiny,cifar10,1.0,2,base.blocks.1,0.973758
30,3,5,vit_tiny,cifar10,1.0,3,base.blocks.2,0.973952
30,3,5,vit_tiny,cifar10,1.0,4,base.blocks.3,0.960395
30,3,5,vit_tiny,cifar10,1.0,5,base.blocks.4,0.946683
30,3,5,vit_tiny,cifar10,1.0,6,base.blocks.5,0.929658
30,3,5,vit_tiny,cifar10,1.0,7,base.blocks.6,0.902360
30,3,5,vit_tiny,cifar10,1.0,8,base.blocks.7,0.877067
30,3,5,vit_tiny,cifar10,1.0,9,base.blocks.8,0.841605
30,3,5,vit_tiny,cifar10,1.0,10,base.blocks.9,0.817759
30,3,5,vit_tiny,cifar10,1.0,11,base.blocks.10,0.795954
30,3,5,vit_tiny,cifar10,1.0,12,base.blocks.11,0.769395
30,3,5,vit_tiny,cifar10,1.0,13,base.norm,0.839406
30,3,5,vit_tiny,cifar10,1.0,14,classifier,0.794159
30,3,6,vit_tiny,cifar10,1.0,0,base.patch_embed,0.989841
30,3,6,vit_tiny,cifar10,1.0,1,base.blocks.0,0.949570
30,3,6,vit_tiny,cifar10,1.0,2,base.blocks.1,0.954554
30,3,6,vit_tiny,cifar10,1.0,3,base.blocks.2,0.945325
30,3,6,vit_tiny,cifar10,1.0,4,base.blocks.3,0.924477
30,3,6,vit_tiny,cifar10,1.0,5,base.blocks.4,0.919958
30,3,6,vit_tiny,cifar10,1.0,6,base.blocks.5,0.910418
30,3,6,vit_tiny,cifar10,1.0,7,base.blocks.6,0.899860
30,3,6,vit_tiny,cifar10,1.0,8,base.blocks.7,0.893652
30,3,6,vit_tiny,cifar10,1.0,9,base.blocks.8,0.890906
30,3,6,vit_tiny,cifar10,1.0,10,base.blocks.9,0.883919
30,3,6,vit_tiny,cifar10,1.0,11,base.blocks.10,0.883806
30,3,6,vit_tiny,cifar10,1.0,12,base.blocks.11,0.887760
30,3,6,vit_tiny,cifar10,1.0,13,base.norm,0.858251
30,3,6,vit_tiny,cifar10,1.0,14,classifier,0.839508
30,3,7,vit_tiny,cifar10,1.0,0,base.patch_embed,0.993824
30,3,7,vit_tiny,cifar10,1.0,1,base.blocks.0,0.950276
30,3,7,vit_tiny,cifar10,1.0,2,base.blocks.1,0.954956
30,3,7,vit_tiny,cifar10,1.0,3,base.blocks.2,0.948869
30,3,7,vit_tiny,cifar10,1.0,4,base.blocks.3,0.946104
30,3,7,vit_tiny,cifar10,1.0,5,base.blocks.4,0.941517
30,3,7,vit_tiny,cifar10,1.0,6,base.blocks.5,0.929223
30,3,7,vit_tiny,cifar10,1.0,7,base.blocks.6,0.914553
30,3,7,vit_tiny,cifar10,1.0,8,base.blocks.7,0.898637
30,3,7,vit_tiny,cifar10,1.0,9,base.blocks.8,0.892349
30,3,7,vit_tiny,cifar10,1.0,10,base.blocks.9,0.880707
30,3,7,vit_tiny,cifar10,1.0,11,base.blocks.10,0.872954
30,3,7,vit_tiny,cifar10,1.0,12,base.blocks.11,0.866226
30,3,7,vit_tiny,cifar10,1.0,13,base.norm,0.862585
30,3,7,vit_tiny,cifar10,1.0,14,classifier,0.817272
30,3,8,vit_tiny,cifar10,1.0,0,base.patch_embed,0.977863
30,3,8,vit_tiny,cifar10,1.0,1,base.blocks.0,0.922436
30,3,8,vit_tiny,cifar10,1.0,2,base.blocks.1,0.950310
30,3,8,vit_tiny,cifar10,1.0,3,base.blocks.2,0.955322
30,3,8,vit_tiny,cifar10,1.0,4,base.blocks.3,0.939609
30,3,8,vit_tiny,cifar10,1.0,5,base.blocks.4,0.932880
30,3,8,vit_tiny,cifar10,1.0,6,base.blocks.5,0.922148
30,3,8,vit_tiny,cifar10,1.0,7,base.blocks.6,0.901436
30,3,8,vit_tiny,cifar10,1.0,8,base.blocks.7,0.883499
30,3,8,vit_tiny,cifar10,1.0,9,base.blocks.8,0.857377
30,3,8,vit_tiny,cifar10,1.0,10,base.blocks.9,0.838908
30,3,8,vit_tiny,cifar10,1.0,11,base.blocks.10,0.822885
30,3,8,vit_tiny,cifar10,1.0,12,base.blocks.11,0.799849
30,3,8,vit_tiny,cifar10,1.0,13,base.norm,0.834209
30,3,8,vit_tiny,cifar10,1.0,14,classifier,0.792136
30,3,9,vit_tiny,cifar10,1.0,0,base.patch_embed,0.978340
30,3,9,vit_tiny,cifar10,1.0,1,base.blocks.0,0.912192
30,3,9,vit_tiny,cifar10,1.0,2,base.blocks.1,0.952761
30,3,9,vit_tiny,cifar10,1.0,3,base.blocks.2,0.959450
30,3,9,vit_tiny,cifar10,1.0,4,base.blocks.3,0.938095
30,3,9,vit_tiny,cifar10,1.0,5,base.blocks.4,0.930808
30,3,9,vit_tiny,cifar10,1.0,6,base.blocks.5,0.918579
30,3,9,vit_tiny,cifar10,1.0,7,base.blocks.6,0.895815
30,3,9,vit_tiny,cifar10,1.0,8,base.blocks.7,0.875638
30,3,9,vit_tiny,cifar10,1.0,9,base.blocks.8,0.855268
30,3,9,vit_tiny,cifar10,1.0,10,base.blocks.9,0.836809
30,3,9,vit_tiny,cifar10,1.0,11,base.blocks.10,0.819843
30,3,9,vit_tiny,cifar10,1.0,12,base.blocks.11,0.792977
30,3,9,vit_tiny,cifar10,1.0,13,base.norm,0.853302
30,3,9,vit_tiny,cifar10,1.0,14,classifier,0.771719
30,4,5,vit_tiny,cifar10,1.0,0,base.patch_embed,0.997455
30,4,5,vit_tiny,cifar10,1.0,1,base.blocks.0,0.994363
30,4,5,vit_tiny,cifar10,1.0,2,base.blocks.1,0.989161
30,4,5,vit_tiny,cifar10,1.0,3,base.blocks.2,0.985681
30,4,5,vit_tiny,cifar10,1.0,4,base.blocks.3,0.969403
30,4,5,vit_tiny,cifar10,1.0,5,base.blocks.4,0.957626
30,4,5,vit_tiny,cifar10,1.0,6,base.blocks.5,0.942681
30,4,5,vit_tiny,cifar10,1.0,7,base.blocks.6,0.920411
30,4,5,vit_tiny,cifar10,1.0,8,base.blocks.7,0.896875
30,4,5,vit_tiny,cifar10,1.0,9,base.blocks.8,0.857843
30,4,5,vit_tiny,cifar10,1.0,10,base.blocks.9,0.837485
30,4,5,vit_tiny,cifar10,1.0,11,base.blocks.10,0.815394
30,4,5,vit_tiny,cifar10,1.0,12,base.blocks.11,0.796905
30,4,5,vit_tiny,cifar10,1.0,13,base.norm,0.847395
30,4,5,vit_tiny,cifar10,1.0,14,classifier,0.827565
30,4,6,vit_tiny,cifar10,1.0,0,base.patch_embed,0.996853
30,4,6,vit_tiny,cifar10,1.0,1,base.blocks.0,0.983504
30,4,6,vit_tiny,cifar10,1.0,2,base.blocks.1,0.973985
30,4,6,vit_tiny,cifar10,1.0,3,base.blocks.2,0.962857
30,4,6,vit_tiny,cifar10,1.0,4,base.blocks.3,0.957395
30,4,6,vit_tiny,cifar10,1.0,5,base.blocks.4,0.950234
30,4,6,vit_tiny,cifar10,1.0,6,base.blocks.5,0.942408
30,4,6,vit_tiny,cifar10,1.0,7,base.blocks.6,0.934473
30,4,6,vit_tiny,cifar10,1.0,8,base.blocks.7,0.927110
30,4,6,vit_tiny,cifar10,1.0,9,base.blocks.8,0.918258
30,4,6,vit_tiny,cifar10,1.0,10,base.blocks.9,0.910074
30,4,6,vit_tiny,cifar10,1.0,11,base.blocks.10,0.906062
30,4,6,vit_tiny,cifar10,1.0,12,base.blocks.11,0.903136
30,4,6,vit_tiny,cifar10,1.0,13,base.norm,0.876077
30,4,6,vit_tiny,cifar10,1.0,14,classifier,0.820805
30,4,7,vit_tiny,cifar10,1.0,0,base.patch_embed,0.987139
30,4,7,vit_tiny,cifar10,1.0,1,base.blocks.0,0.976953
30,4,7,vit_tiny,cifar10,1.0,2,base.blocks.1,0.966188
30,4,7,vit_tiny,cifar10,1.0,3,base.blocks.2,0.957176
30,4,7,vit_tiny,cifar10,1.0,4,base.blocks.3,0.952778
30,4,7,vit_tiny,cifar10,1.0,5,base.blocks.4,0.947613
30,4,7,vit_tiny,cifar10,1.0,6,base.blocks.5,0.938042
30,4,7,vit_tiny,cifar10,1.0,7,base.blocks.6,0.925407
30,4,7,vit_tiny,cifar10,1.0,8,base.blocks.7,0.914263
30,4,7,vit_tiny,cifar10,1.0,9,base.blocks.8,0.903285
30,4,7,vit_tiny,cifar10,1.0,10,base.blocks.9,0.896591
30,4,7,vit_tiny,cifar10,1.0,11,base.blocks.10,0.893461
30,4,7,vit_tiny,cifar10,1.0,12,base.blocks.11,0.889283
30,4,7,vit_tiny,cifar10,1.0,13,base.norm,0.865611
30,4,7,vit_tiny,cifar10,1.0,14,classifier,0.823098
30,4,8,vit_tiny,cifar10,1.0,0,base.patch_embed,0.991743
30,4,8,vit_tiny,cifar10,1.0,1,base.blocks.0,0.987859
30,4,8,vit_tiny,cifar10,1.0,2,base.blocks.1,0.983361
30,4,8,vit_tiny,cifar10,1.0,3,base.blocks.2,0.978527
30,4,8,vit_tiny,cifar10,1.0,4,base.blocks.3,0.970576
30,4,8,vit_tiny,cifar10,1.0,5,base.blocks.4,0.960782
30,4,8,vit_tiny,cifar10,1.0,6,base.blocks.5,0.947328
30,4,8,vit_tiny,cifar10,1.0,7,base.blocks.6,0.923948
30,4,8,vit_tiny,cifar10,1.0,8,base.blocks.7,0.901708
30,4,8,vit_tiny,cifar10,1.0,9,base.blocks.8,0.865443
30,4,8,vit_tiny,cifar10,1.0,10,base.blocks.9,0.839124
30,4,8,vit_tiny,cifar10,1.0,11,base.blocks.10,0.817669
30,4,8,vit_tiny,cifar10,1.0,12,base.blocks.11,0.800882
30,4,8,vit_tiny,cifar10,1.0,13,base.norm,0.821972
30,4,8,vit_tiny,cifar10,1.0,14,classifier,0.815848
30,4,9,vit_tiny,cifar10,1.0,0,base.patch_embed,0.997325
30,4,9,vit_tiny,cifar10,1.0,1,base.blocks.0,0.981965
30,4,9,vit_tiny,cifar10,1.0,2,base.blocks.1,0.976496
30,4,9,vit_tiny,cifar10,1.0,3,base.blocks.2,0.972659
30,4,9,vit_tiny,cifar10,1.0,4,base.blocks.3,0.965680
30,4,9,vit_tiny,cifar10,1.0,5,base.blocks.4,0.958375
30,4,9,vit_tiny,cifar10,1.0,6,base.blocks.5,0.952164
30,4,9,vit_tiny,cifar10,1.0,7,base.blocks.6,0.944087
30,4,9,vit_tiny,cifar10,1.0,8,base.blocks.7,0.932833
30,4,9,vit_tiny,cifar10,1.0,9,base.blocks.8,0.917714
30,4,9,vit_tiny,cifar10,1.0,10,base.blocks.9,0.902165
30,4,9,vit_tiny,cifar10,1.0,11,base.blocks.10,0.883933
30,4,9,vit_tiny,cifar10,1.0,12,base.blocks.11,0.858834
30,4,9,vit_tiny,cifar10,1.0,13,base.norm,0.887365
30,4,9,vit_tiny,cifar10,1.0,14,classifier,0.789750
30,5,6,vit_tiny,cifar10,1.0,0,base.patch_embed,0.996744
30,5,6,vit_tiny,cifar10,1.0,1,base.blocks.0,0.970100
30,5,6,vit_tiny,cifar10,1.0,2,base.blocks.1,0.942175
30,5,6,vit_tiny,cifar10,1.0,3,base.blocks.2,0.926491
30,5,6,vit_tiny,cifar10,1.0,4,base.blocks.3,0.903735
30,5,6,vit_tiny,cifar10,1.0,5,base.blocks.4,0.896447
30,5,6,vit_tiny,cifar10,1.0,6,base.blocks.5,0.886301
30,5,6,vit_tiny,cifar10,1.0,7,base.blocks.6,0.874898
30,5,6,vit_tiny,cifar10,1.0,8,base.blocks.7,0.865049
30,5,6,vit_tiny,cifar10,1.0,9,base.blocks.8,0.860088
30,5,6,vit_tiny,cifar10,1.0,10,base.blocks.9,0.848057
30,5,6,vit_tiny,cifar10,1.0,11,base.blocks.10,0.839239
30,5,6,vit_tiny,cifar10,1.0,12,base.blocks.11,0.830397
30,5,6,vit_tiny,cifar10,1.0,13,base.norm,0.849641
30,5,6,vit_tiny,cifar10,1.0,14,classifier,0.875783
30,5,7,vit_tiny,cifar10,1.0,0,base.patch_embed,0.993341
30,5,7,vit_tiny,cifar10,1.0,1,base.blocks.0,0.972536
30,5,7,vit_tiny,cifar10,1.0,2,base.blocks.1,0.943209
30,5,7,vit_tiny,cifar10,1.0,3,base.blocks.2,0.925557
30,5,7,vit_tiny,cifar10,1.0,4,base.blocks.3,0.925244
30,5,7,vit_tiny,cifar10,1.0,5,base.blocks.4,0.924763
30,5,7,vit_tiny,cifar10,1.0,6,base.blocks.5,0.920597
30,5,7,vit_tiny,cifar10,1.0,7,base.blocks.6,0.915128
30,5,7,vit_tiny,cifar10,1.0,8,base.blocks.7,0.909437
30,5,7,vit_tiny,cifar10,1.0,9,base.blocks.8,0.902766
30,5,7,vit_tiny,cifar10,1.0,10,base.blocks.9,0.896045
30,5,7,vit_tiny,cifar10,1.0,11,base.blocks.10,0.892172
30,5,7,vit_tiny,cifar10,1.0,12,base.blocks.11,0.891604
30,5,7,vit_tiny,cifar10,1.0,13,base.norm,0.876447
30,5,7,vit_tiny,cifar10,1.0,14,classifier,0.875353
30,5,8,vit_tiny,cifar10,1.0,0,base.patch_embed,0.994693
30,5,8,vit_tiny,cifar10,1.0,1,base.blocks.0,0.976555
30,5,8,vit_tiny,cifar10,1.0,2,base.blocks.1,0.958986
30,5,8,vit_tiny,cifar10,1.0,3,base.blocks.2,0.950665
30,5,8,vit_tiny,cifar10,1.0,4,base.blocks.3,0.938798
30,5,8,vit_tiny,cifar10,1.0,5,base.blocks.4,0.936793
30,5,8,vit_tiny,cifar10,1.0,6,base.blocks.5,0.931880
30,5,8,vit_tiny,cifar10,1.0,7,base.blocks.6,0.926835
30,5,8,vit_tiny,cifar10,1.0,8,base.blocks.7,0.923188
30,5,8,vit_tiny,cifar10,1.0,9,base.blocks.8,0.920086
30,5,8,vit_tiny,cifar10,1.0,10,base.blocks.9,0.912041
30,5,8,vit_tiny,cifar10,1.0,11,base.blocks.10,0.911713
30,5,8,vit_tiny,cifar10,1.0,12,base.blocks.11,0.914448
30,5,8,vit_tiny,cifar10,1.0,13,base.norm,0.858670
30,5,8,vit_tiny,cifar10,1.0,14,classifier,0.845613
30,5,9,vit_tiny,cifar10,1.0,0,base.patch_embed,0.996829
30,5,9,vit_tiny,cifar10,1.0,1,base.blocks.0,0.969674
30,5,9,vit_tiny,cifar10,1.0,2,base.blocks.1,0.955679
30,5,9,vit_tiny,cifar10,1.0,3,base.blocks.2,0.948567
30,5,9,vit_tiny,cifar10,1.0,4,base.blocks.3,0.931825
30,5,9,vit_tiny,cifar10,1.0,5,base.blocks.4,0.924315
30,5,9,vit_tiny,cifar10,1.0,6,base.blocks.5,0.916300
30,5,9,vit_tiny,cifar10,1.0,7,base.blocks.6,0.907369
30,5,9,vit_tiny,cifar10,1.0,8,base.blocks.7,0.898674
30,5,9,vit_tiny,cifar10,1.0,9,base.blocks.8,0.878007
30,5,9,vit_tiny,cifar10,1.0,10,base.blocks.9,0.877375
30,5,9,vit_tiny,cifar10,1.0,11,base.blocks.10,0.876908
30,5,9,vit_tiny,cifar10,1.0,12,base.blocks.11,0.876890
30,5,9,vit_tiny,cifar10,1.0,13,base.norm,0.866785
30,5,9,vit_tiny,cifar10,1.0,14,classifier,0.810561
30,6,7,vit_tiny,cifar10,1.0,0,base.patch_embed,0.991179
30,6,7,vit_tiny,cifar10,1.0,1,base.blocks.0,0.981409
30,6,7,vit_tiny,cifar10,1.0,2,base.blocks.1,0.971770
30,6,7,vit_tiny,cifar10,1.0,3,base.blocks.2,0.966622
30,6,7,vit_tiny,cifar10,1.0,4,base.blocks.3,0.960848
30,6,7,vit_tiny,cifar10,1.0,5,base.blocks.4,0.956058
30,6,7,vit_tiny,cifar10,1.0,6,base.blocks.5,0.944636
30,6,7,vit_tiny,cifar10,1.0,7,base.blocks.6,0.932674
30,6,7,vit_tiny,cifar10,1.0,8,base.blocks.7,0.926292
30,6,7,vit_tiny,cifar10,1.0,9,base.blocks.8,0.925847
30,6,7,vit_tiny,cifar10,1.0,10,base.blocks.9,0.920244
30,6,7,vit_tiny,cifar10,1.0,11,base.blocks.10,0.917840
30,6,7,vit_tiny,cifar10,1.0,12,base.blocks.11,0.915463
30,6,7,vit_tiny,cifar10,1.0,13,base.norm,0.895554
30,6,7,vit_tiny,cifar10,1.0,14,classifier,0.865676
30,6,8,vit_tiny,cifar10,1.0,0,base.patch_embed,0.996243
30,6,8,vit_tiny,cifar10,1.0,1,base.blocks.0,0.988685
30,6,8,vit_tiny,cifar10,1.0,2,base.blocks.1,0.985728
30,6,8,vit_tiny,cifar10,1.0,3,base.blocks.2,0.982253
30,6,8,vit_tiny,cifar10,1.0,4,base.blocks.3,0.977048
30,6,8,vit_tiny,cifar10,1.0,5,base.blocks.4,0.970549
30,6,8,vit_tiny,cifar10,1.0,6,base.blocks.5,0.962002
30,6,8,vit_tiny,cifar10,1.0,7,base.blocks.6,0.947553
30,6,8,vit_tiny,cifar10,1.0,8,base.blocks.7,0.935136
30,6,8,vit_tiny,cifar10,1.0,9,base.blocks.8,0.920967
30,6,8,vit_tiny,cifar10,1.0,10,base.blocks.9,0.900919
30,6,8,vit_tiny,cifar10,1.0,11,base.blocks.10,0.885351
30,6,8,vit_tiny,cifar10,1.0,12,base.blocks.11,0.872552
30,6,8,vit_tiny,cifar10,1.0,13,base.norm,0.895680
30,6,8,vit_tiny,cifar10,1.0,14,classifier,0.839824
30,6,9,vit_tiny,cifar10,1.0,0,base.patch_embed,0.996806
30,6,9,vit_tiny,cifar10,1.0,1,base.blocks.0,0.972766
30,6,9,vit_tiny,cifar10,1.0,2,base.blocks.1,0.978140
30,6,9,vit_tiny,cifar10,1.0,3,base.blocks.2,0.973784
30,6,9,vit_tiny,cifar10,1.0,4,base.blocks.3,0.969542
30,6,9,vit_tiny,cifar10,1.0,5,base.blocks.4,0.963865
30,6,9,vit_tiny,cifar10,1.0,6,base.blocks.5,0.958230
30,6,9,vit_tiny,cifar10,1.0,7,base.blocks.6,0.948543
30,6,9,vit_tiny,cifar10,1.0,8,base.blocks.7,0.935613
30,6,9,vit_tiny,cifar10,1.0,9,base.blocks.8,0.921408
30,6,9,vit_tiny,cifar10,1.0,10,base.blocks.9,0.905696
30,6,9,vit_tiny,cifar10,1.0,11,base.blocks.10,0.886539
30,6,9,vit_tiny,cifar10,1.0,12,base.blocks.11,0.861321
30,6,9,vit_tiny,cifar10,1.0,13,base.norm,0.906453
30,6,9,vit_tiny,cifar10,1.0,14,classifier,0.808166
30,7,8,vit_tiny,cifar10,1.0,0,base.patch_embed,0.986989
30,7,8,vit_tiny,cifar10,1.0,1,base.blocks.0,0.978826
30,7,8,vit_tiny,cifar10,1.0,2,base.blocks.1,0.973063
30,7,8,vit_tiny,cifar10,1.0,3,base.blocks.2,0.969644
30,7,8,vit_tiny,cifar10,1.0,4,base.blocks.3,0.958824
30,7,8,vit_tiny,cifar10,1.0,5,base.blocks.4,0.953005
30,7,8,vit_tiny,cifar10,1.0,6,base.blocks.5,0.945404
30,7,8,vit_tiny,cifar10,1.0,7,base.blocks.6,0.936030
30,7,8,vit_tiny,cifar10,1.0,8,base.blocks.7,0.928059
30,7,8,vit_tiny,cifar10,1.0,9,base.blocks.8,0.923407
30,7,8,vit_tiny,cifar10,1.0,10,base.blocks.9,0.908712
30,7,8,vit_tiny,cifar10,1.0,11,base.blocks.10,0.898767
30,7,8,vit_tiny,cifar10,1.0,12,base.blocks.11,0.897152
30,7,8,vit_tiny,cifar10,1.0,13,base.norm,0.874577
30,7,8,vit_tiny,cifar10,1.0,14,classifier,0.809300
30,7,9,vit_tiny,cifar10,1.0,0,base.patch_embed,0.983732
30,7,9,vit_tiny,cifar10,1.0,1,base.blocks.0,0.958505
30,7,9,vit_tiny,cifar10,1.0,2,base.blocks.1,0.955778
30,7,9,vit_tiny,cifar10,1.0,3,base.blocks.2,0.956067
30,7,9,vit_tiny,cifar10,1.0,4,base.blocks.3,0.951431
30,7,9,vit_tiny,cifar10,1.0,5,base.blocks.4,0.945139
30,7,9,vit_tiny,cifar10,1.0,6,base.blocks.5,0.933325
30,7,9,vit_tiny,cifar10,1.0,7,base.blocks.6,0.920097
30,7,9,vit_tiny,cifar10,1.0,8,base.blocks.7,0.910310
30,7,9,vit_tiny,cifar10,1.0,9,base.blocks.8,0.889592
30,7,9,vit_tiny,cifar10,1.0,10,base.blocks.9,0.886391
30,7,9,vit_tiny,cifar10,1.0,11,base.blocks.10,0.880511
30,7,9,vit_tiny,cifar10,1.0,12,base.blocks.11,0.867133
30,7,9,vit_tiny,cifar10,1.0,13,base.norm,0.878600
30,7,9,vit_tiny,cifar10,1.0,14,classifier,0.795804
30,8,9,vit_tiny,cifar10,1.0,0,base.patch_embed,0.995772
30,8,9,vit_tiny,cifar10,1.0,1,base.blocks.0,0.982437
30,8,9,vit_tiny,cifar10,1.0,2,base.blocks.1,0.979335
30,8,9,vit_tiny,cifar10,1.0,3,base.blocks.2,0.972868
30,8,9,vit_tiny,cifar10,1.0,4,base.blocks.3,0.966120
30,8,9,vit_tiny,cifar10,1.0,5,base.blocks.4,0.958685
30,8,9,vit_tiny,cifar10,1.0,6,base.blocks.5,0.945996
30,8,9,vit_tiny,cifar10,1.0,7,base.blocks.6,0.927367
30,8,9,vit_tiny,cifar10,1.0,8,base.blocks.7,0.912062
30,8,9,vit_tiny,cifar10,1.0,9,base.blocks.8,0.884758
30,8,9,vit_tiny,cifar10,1.0,10,base.blocks.9,0.866586
30,8,9,vit_tiny,cifar10,1.0,11,base.blocks.10,0.854573
30,8,9,vit_tiny,cifar10,1.0,12,base.blocks.11,0.844911
30,8,9,vit_tiny,cifar10,1.0,13,base.norm,0.828999
30,8,9,vit_tiny,cifar10,1.0,14,classifier,0.794790
40,0,1,vit_tiny,cifar10,1.0,0,base.patch_embed,0.995670
40,0,1,vit_tiny,cifar10,1.0,1,base.blocks.0,0.975898
40,0,1,vit_tiny,cifar10,1.0,2,base.blocks.1,0.954216
40,0,1,vit_tiny,cifar10,1.0,3,base.blocks.2,0.947201
40,0,1,vit_tiny,cifar10,1.0,4,base.blocks.3,0.926286
40,0,1,vit_tiny,cifar10,1.0,5,base.blocks.4,0.920881
40,0,1,vit_tiny,cifar10,1.0,6,base.blocks.5,0.906421
40,0,1,vit_tiny,cifar10,1.0,7,base.blocks.6,0.891314
40,0,1,vit_tiny,cifar10,1.0,8,base.blocks.7,0.880436
40,0,1,vit_tiny,cifar10,1.0,9,base.blocks.8,0.851060
40,0,1,vit_tiny,cifar10,1.0,10,base.blocks.9,0.838571
40,0,1,vit_tiny,cifar10,1.0,11,base.blocks.10,0.831755
40,0,1,vit_tiny,cifar10,1.0,12,base.blocks.11,0.823500
40,0,1,vit_tiny,cifar10,1.0,13,base.norm,0.762940
40,0,1,vit_tiny,cifar10,1.0,14,classifier,0.815933
40,0,2,vit_tiny,cifar10,1.0,0,base.patch_embed,0.995714
40,0,2,vit_tiny,cifar10,1.0,1,base.blocks.0,0.977691
40,0,2,vit_tiny,cifar10,1.0,2,base.blocks.1,0.972904
40,0,2,vit_tiny,cifar10,1.0,3,base.blocks.2,0.968955
40,0,2,vit_tiny,cifar10,1.0,4,base.blocks.3,0.955769
40,0,2,vit_tiny,cifar10,1.0,5,base.blocks.4,0.944505
40,0,2,vit_tiny,cifar10,1.0,6,base.blocks.5,0.928668
40,0,2,vit_tiny,cifar10,1.0,7,base.blocks.6,0.905518
40,0,2,vit_tiny,cifar10,1.0,8,base.blocks.7,0.888967
40,0,2,vit_tiny,cifar10,1.0,9,base.blocks.8,0.834012
40,0,2,vit_tiny,cifar10,1.0,10,base.blocks.9,0.824597
40,0,2,vit_tiny,cifar10,1.0,11,base.blocks.10,0.818164
40,0,2,vit_tiny,cifar10,1.0,12,base.blocks.11,0.801924
40,0,2,vit_tiny,cifar10,1.0,13,base.norm,0.780128
40,0,2,vit_tiny,cifar10,1.0,14,classifier,0.813301
40,0,3,vit_tiny,cifar10,1.0,0,base.patch_embed,0.994095
40,0,3,vit_tiny,cifar10,1.0,1,base.blocks.0,0.981763
40,0,3,vit_tiny,cifar10,1.0,2,base.blocks.1,0.982501
40,0,3,vit_tiny,cifar10,1.0,3,base.blocks.2,0.978512
40,0,3,vit_tiny,cifar10,1.0,4,base.blocks.3,0.966628
40,0,3,vit_tiny,cifar10,1.0,5,base.blocks.4,0.959941
40,0,3,vit_tiny,cifar10,1.0,6,base.blocks.5,0.952213
40,0,3,vit_tiny,cifar10,1.0,7,base.blocks.6,0.944171
40,0,3,vit_tiny,cifar10,1.0,8,base.blocks.7,0.936297
40,0,3,vit_tiny,cifar10,1.0,9,base.blocks.8,0.931779
40,0,3,vit_tiny,cifar10,1.0,10,base.blocks.9,0.923891
40,0,3,vit_tiny,cifar10,1.0,11,base.blocks.10,0.917867
40,0,3,vit_tiny,cifar10,1.0,12,base.blocks.11,0.913840
40,0,3,vit_tiny,cifar10,1.0,13,base.norm,0.882567
40,0,3,vit_tiny,cifar10,1.0,14,classifier,0.838262
40,0,4,vit_tiny,cifar10,1.0,0,base.patch_embed,0.993101
40,0,4,vit_tiny,cifar10,1.0,1,base.blocks.0,0.945473
40,0,4,vit_tiny,cifar10,1.0,2,base.blocks.1,0.926935
40,0,4,vit_tiny,cifar10,1.0,3,base.blocks.2,0.927193
40,0,4,vit_tiny,cifar10,1.0,4,base.blocks.3,0.920422
40,0,4,vit_tiny,cifar10,1.0,5,base.blocks.4,0.917259
40,0,4,vit_tiny,cifar10,1.0,6,base.blocks.5,0.909311
40,0,4,vit_tiny,cifar10,1.0,7,base.blocks.6,0.901694
40,0,4,vit_tiny,cifar10,1.0,8,base.blocks.7,0.891800
40,0,4,vit_tiny,cifar10,1.0,9,base.blocks.8,0.870354
40,0,4,vit_tiny,cifar10,1.0,10,base.blocks.9,0.859316
40,0,4,vit_tiny,cifar10,1.0,11,base.blocks.10,0.852429
40,0,4,vit_tiny,cifar10,1.0,12,base.blocks.11,0.835431
40,0,4,vit_tiny,cifar10,1.0,13,base.norm,0.793047
40,0,4,vit_tiny,cifar10,1.0,14,classifier,0.822308
40,0,5,vit_tiny,cifar10,1.0,0,base.patch_embed,0.997654
40,0,5,vit_tiny,cifar10,1.0,1,base.blocks.0,0.992470
40,0,5,vit_tiny,cifar10,1.0,2,base.blocks.1,0.989430
40,0,5,vit_tiny,cifar10,1.0,3,base.blocks.2,0.988428
40,0,5,vit_tiny,cifar10,1.0,4,base.blocks.3,0.976346
40,0,5,vit_tiny,cifar10,1.0,5,base.blocks.4,0.966527
40,0,5,vit_tiny,cifar10,1.0,6,base.blocks.5,0.951944
40,0,5,vit_tiny,cifar10,1.0,7,base.blocks.6,0.922044
40,0,5,vit_tiny,cifar10,1.0,8,base.blocks.7,0.899097
40,0,5,vit_tiny,cifar10,1.0,9,base.blocks.8,0.840163
40,0,5,vit_tiny,cifar10,1.0,10,base.blocks.9,0.816468
40,0,5,vit_tiny,cifar10,1.0,11,base.blocks.10,0.794890
40,0,5,vit_tiny,cifar10,1.0,12,base.blocks.11,0.767554
40,0,5,vit_tiny,cifar10,1.0,13,base.norm,0.779042
40,0,5,vit_tiny,cifar10,1.0,14,classifier,0.786364
40,0,6,vit_tiny,cifar10,1.0,0,base.patch_embed,0.993031
40,0,6,vit_tiny,cifar10,1.0,1,base.blocks.0,0.951596
40,0,6,vit_tiny,cifar10,1.0,2,base.blocks.1,0.928664
40,0,6,vit_tiny,cifar10,1.0,3,base.blocks.2,0.922342
40,0,6,vit_tiny,cifar10,1.0,4,base.blocks.3,0.891746
40,0,6,vit_tiny,cifar10,1.0,5,base.blocks.4,0.879148
40,0,6,vit_tiny,cifar10,1.0,6,base.blocks.5,0.864234
40,0,6,vit_tiny,cifar10,1.0,7,base.blocks.6,0.846657
40,0,6,vit_tiny,cifar10,1.0,8,base.blocks.7,0.834025
40,0,6,vit_tiny,cifar10,1.0,9,base.blocks.8,0.809886
40,0,6,vit_tiny,cifar10,1.0,10,base.blocks.9,0.807165
40,0,6,vit_tiny,cifar10,1.0,11,base.blocks.10,0.807284
40,0,6,vit_tiny,cifar10,1.0,12,base.blocks.11,0.801248
40,0,6,vit_tiny,cifar10,1.0,13,base.norm,0.757398
40,0,6,vit_tiny,cifar10,1.0,14,classifier,0.819071
40,0,7,vit_tiny,cifar10,1.0,0,base.patch_embed,0.997159
40,0,7,vit_tiny,cifar10,1.0,1,base.blocks.0,0.956466
40,0,7,vit_tiny,cifar10,1.0,2,base.blocks.1,0.933602
40,0,7,vit_tiny,cifar10,1.0,3,base.blocks.2,0.933436
40,0,7,vit_tiny,cifar10,1.0,4,base.blocks.3,0.913822
40,0,7,vit_tiny,cifar10,1.0,5,base.blocks.4,0.906640
40,0,7,vit_tiny,cifar10,1.0,6,base.blocks.5,0.892838
40,0,7,vit_tiny,cifar10,1.0,7,base.blocks.6,0.876753
40,0,7,vit_tiny,cifar10,1.0,8,base.blocks.7,0.861594
40,0,7,vit_tiny,cifar10,1.0,9,base.blocks.8,0.845585
40,0,7,vit_tiny,cifar10,1.0,10,base.blocks.9,0.845194
40,0,7,vit_tiny,cifar10,1.0,11,base.blocks.10,0.846364
40,0,7,vit_tiny,cifar10,1.0,12,base.blocks.11,0.845533
40,0,7,vit_tiny,cifar10,1.0,13,base.norm,0.791225
40,0,7,vit_tiny,cifar10,1.0,14,classifier,0.864833
40,0,8,vit_tiny,cifar10,1.0,0,base.patch_embed,0.993265
40,0,8,vit_tiny,cifar10,1.0,1,base.blocks.0,0.989980
40,0,8,vit_tiny,cifar10,1.0,2,base.blocks.1,0.985932
40,0,8,vit_tiny,cifar10,1.0,3,base.blocks.2,0.982994
40,0,8,vit_tiny,cifar10,1.0,4,base.blocks.3,0.971183
40,0,8,vit_tiny,cifar10,1.0,5,base.blocks.4,0.962009
40,0,8,vit_tiny,cifar10,1.0,6,base.blocks.5,0.951267
40,0,8,vit_tiny,cifar10,1.0,7,base.blocks.6,0.935770
40,0,8,vit_tiny,cifar10,1.0,8,base.blocks.7,0.924616
40,0,8,vit_tiny,cifar10,1.0,9,base.blocks.8,0.895512
40,0,8,vit_tiny,cifar10,1.0,10,base.blocks.9,0.879825
40,0,8,vit_tiny,cifar10,1.0,11,base.blocks.10,0.869426
40,0,8,vit_tiny,cifar10,1.0,12,base.blocks.11,0.859252
40,0,8,vit_tiny,cifar10,1.0,13,base.norm,0.810811
40,0,8,vit_tiny,cifar10,1.0,14,classifier,0.828526
40,0,9,vit_tiny,cifar10,1.0,0,base.patch_embed,0.990531
40,0,9,vit_tiny,cifar10,1.0,1,base.blocks.0,0.967571
40,0,9,vit_tiny,cifar10,1.0,2,base.blocks.1,0.944915
40,0,9,vit_tiny,cifar10,1.0,3,base.blocks.2,0.924846
40,0,9,vit_tiny,cifar10,1.0,4,base.blocks.3,0.911800
40,0,9,vit_tiny,cifar10,1.0,5,base.blocks.4,0.905491
40,0,9,vit_tiny,cifar10,1.0,6,base.blocks.5,0.896033
40,0,9,vit_tiny,cifar10,1.0,7,base.blocks.6,0.882013
40,0,9,vit_tiny,cifar10,1.0,8,base.blocks.7,0.868696
40,0,9,vit_tiny,cifar10,1.0,9,base.blocks.8,0.837805
40,0,9,vit_tiny,cifar10,1.0,10,base.blocks.9,0.826088
40,0,9,vit_tiny,cifar10,1.0,11,base.blocks.10,0.818621
40,0,9,vit_tiny,cifar10,1.0,12,base.blocks.11,0.804806
40,0,9,vit_tiny,cifar10,1.0,13,base.norm,0.774817
40,0,9,vit_tiny,cifar10,1.0,14,classifier,0.813058
40,1,2,vit_tiny,cifar10,1.0,0,base.patch_embed,0.991398
40,1,2,vit_tiny,cifar10,1.0,1,base.blocks.0,0.978434
40,1,2,vit_tiny,cifar10,1.0,2,base.blocks.1,0.979738
40,1,2,vit_tiny,cifar10,1.0,3,base.blocks.2,0.966986
40,1,2,vit_tiny,cifar10,1.0,4,base.blocks.3,0.954644
40,1,2,vit_tiny,cifar10,1.0,5,base.blocks.4,0.948478
40,1,2,vit_tiny,cifar10,1.0,6,base.blocks.5,0.942767
40,1,2,vit_tiny,cifar10,1.0,7,base.blocks.6,0.933076
40,1,2,vit_tiny,cifar10,1.0,8,base.blocks.7,0.922285
40,1,2,vit_tiny,cifar10,1.0,9,base.blocks.8,0.898661
40,1,2,vit_tiny,cifar10,1.0,10,base.blocks.9,0.889948
40,1,2,vit_tiny,cifar10,1.0,11,base.blocks.10,0.882439
40,1,2,vit_tiny,cifar10,1.0,12,base.blocks.11,0.866213
40,1,2,vit_tiny,cifar10,1.0,13,base.norm,0.882673
40,1,2,vit_tiny,cifar10,1.0,14,classifier,0.826900
40,1,3,vit_tiny,cifar10,1.0,0,base.patch_embed,0.996776
40,1,3,vit_tiny,cifar10,1.0,1,base.blocks.0,0.974967
40,1,3,vit_tiny,cifar10,1.0,2,base.blocks.1,0.975277
40,1,3,vit_tiny,cifar10,1.0,3,base.blocks.2,0.975250
40,1,3,vit_tiny,cifar10,1.0,4,base.blocks.3,0.970635
40,1,3,vit_tiny,cifar10,1.0,5,base.blocks.4,0.964991
40,1,3,vit_tiny,cifar10,1.0,6,base.blocks.5,0.956367
40,1,3,vit_tiny,cifar10,1.0,7,base.blocks.6,0.944621
40,1,3,vit_tiny,cifar10,1.0,8,base.blocks.7,0.933585
40,1,3,vit_tiny,cifar10,1.0,9,base.blocks.8,0.915699
40,1,3,vit_tiny,cifar10,1.0,10,base.blocks.9,0.902375
40,1,3,vit_tiny,cifar10,1.0,11,base.blocks.10,0.897505
40,1,3,vit_tiny,cifar10,1.0,12,base.blocks.11,0.889275
40,1,3,vit_tiny,cifar10,1.0,13,base.norm,0.853499
40,1,3,vit_tiny,cifar10,1.0,14,classifier,0.790177
40,1,4,vit_tiny,cifar10,1.0,0,base.patch_embed,0.978920
40,1,4,vit_tiny,cifar10,1.0,1,base.blocks.0,0.945409
40,1,4,vit_tiny,cifar10,1.0,2,base.blocks.1,0.936236
40,1,4,vit_tiny,cifar10,1.0,3,base.blocks.2,0.922186
40,1,4,vit_tiny,cifar10,1.0,4,base.blocks.3,0.918810
40,1,4,vit_tiny,cifar10,1.0,5,base.blocks.4,0.921529
40,1,4,vit_tiny,cifar10,1.0,6,base.blocks.5,0.915768
40,1,4,vit_tiny,cifar10,1.0,7,base.blocks.6,0.908091
40,1,4,vit_tiny,cifar10,1.0,8,base.blocks.7,0.905681
40,1,4,vit_tiny,cifar10,1.0,9,base.blocks.8,0.897078
40,1,4,vit_tiny,cifar10,1.0,10,base.blocks.9,0.895887
40,1,4,vit_tiny,cifar10,1.0,11,base.blocks.10,0.895887
40,1,4,vit_tiny,cifar10,1.0,12,base.blocks.11,0.889517
40,1,4,vit_tiny,cifar10,1.0,13,base.norm,0.839789
40,1,4,vit_tiny,cifar10,1.0,14,classifier,0.810007
40,1,5,vit_tiny,cifar10,1.0,0,base.patch_embed,0.997090
40,1,5,vit_tiny,cifar10,1.0,1,base.blocks.0,0.989939
40,1,5,vit_tiny,cifar10,1.0,2,base.blocks.1,0.975324
40,1,5,vit_tiny,cifar10,1.0,3,base.blocks.2,0.968482
40,1,5,vit_tiny,cifar10,1.0,4,base.blocks.3,0.958170
40,1,5,vit_tiny,cifar10,1.0,5,base.blocks.4,0.958137
40,1,5,vit_tiny,cifar10,1.0,6,base.blocks.5,0.950858
40,1,5,vit_tiny,cifar10,1.0,7,base.blocks.6,0.939427
40,1,5,vit_tiny,cifar10,1.0,8,base.blocks.7,0.927625
40,1,5,vit_tiny,cifar10,1.0,9,base.blocks.8,0.899029
40,1,5,vit_tiny,cifar10,1.0,10,base.blocks.9,0.881779
40,1,5,vit_tiny,cifar10,1.0,11,base.blocks.10,0.869315
40,1,5,vit_tiny,cifar10,1.0,12,base.blocks.11,0.848988
40,1,5,vit_tiny,cifar10,1.0,13,base.norm,0.847753
40,1,5,vit_tiny,cifar10,1.0,14,classifier,0.811894
40,1,6,vit_tiny,cifar10,1.0,0,base.patch_embed,0.996213
40,1,6,vit_tiny,cifar10,1.0,1,base.blocks.0,0.984976
40,1,6,vit_tiny,cifar10,1.0,2,base.blocks.1,0.978684
40,1,6,vit_tiny,cifar10,1.0,3,base.blocks.2,0.974716
40,1,6,vit_tiny,cifar10,1.0,4,base.blocks.3,0.963005
40,1,6,vit_tiny,cifar10,1.0,5,base.blocks.4,0.951874
40,1,6,vit_tiny,cifar10,1.0,6,base.blocks.5,0.944184
40,1,6,vit_tiny,cifar10,1.0,7,base.blocks.6,0.937509
40,1,6,vit_tiny,cifar10,1.0,8,base.blocks.7,0.929305
40,1,6,vit_tiny,cifar10,1.0,9,base.blocks.8,0.917395
40,1,6,vit_tiny,cifar10,1.0,10,base.blocks.9,0.910226
40,1,6,vit_tiny,cifar10,1.0,11,base.blocks.10,0.904907
40,1,6,vit_tiny,cifar10,1.0,12,base.blocks.11,0.894281
40,1,6,vit_tiny,cifar10,1.0,13,base.norm,0.889871
40,1,6,vit_tiny,cifar10,1.0,14,classifier,0.806038
40,1,7,vit_tiny,cifar10,1.0,0,base.patch_embed,0.995683
40,1,7,vit_tiny,cifar10,1.0,1,base.blocks.0,0.982995
40,1,7,vit_tiny,cifar10,1.0,2,base.blocks.1,0.972478
40,1,7,vit_tiny,cifar10,1.0,3,base.blocks.2,0.970792
40,1,7,vit_tiny,cifar10,1.0,4,base.blocks.3,0.960561
40,1,7,vit_tiny,cifar10,1.0,5,base.blocks.4,0.947644
40,1,7,vit_tiny,cifar10,1.0,6,base.blocks.5,0.935426
40,1,7,vit_tiny,cifar10,1.0,7,base.blocks.6,0.920820
40,1,7,vit_tiny,cifar10,1.0,8,base.blocks.7,0.909030
40,1,7,vit_tiny,cifar10,1.0,9,base.blocks.8,0.898003
40,1,7,vit_tiny,cifar10,1.0,10,base.blocks.9,0.893443
40,1,7,vit_tiny,cifar10,1.0,11,base.blocks.10,0.889958
40,1,7,vit_tiny,cifar10,1.0,12,base.blocks.11,0.885598
40,1,7,vit_tiny,cifar10,1.0,13,base.norm,0.818317
40,1,7,vit_tiny,cifar10,1.0,14,classifier,0.843595
40,1,8,vit_tiny,cifar10,1.0,0,base.patch_embed,0.994529
40,1,8,vit_tiny,cifar10,1.0,1,base.blocks.0,0.975884
40,1,8,vit_tiny,cifar10,1.0,2,base.blocks.1,0.969035
40,1,8,vit_tiny,cifar10,1.0,3,base.blocks.2,0.966105
40,1,8,vit_tiny,cifar10,1.0,4,base.blocks.3,0.955498
40,1,8,vit_tiny,cifar10,1.0,5,base.blocks.4,0.951698
40,1,8,vit_tiny,cifar10,1.0,6,base.blocks.5,0.940842
40,1,8,vit_tiny,cifar10,1.0,7,base.blocks.6,0.934026
40,1,8,vit_tiny,cifar10,1.0,8,base.blocks.7,0.923059
40,1,8,vit_tiny,cifar10,1.0,9,base.blocks.8,0.910656
40,1,8,vit_tiny,cifar10,1.0,10,base.blocks.9,0.898665
40,1,8,vit_tiny,cifar10,1.0,11,base.blocks.10,0.889634
40,1,8,vit_tiny,cifar10,1.0,12,base.blocks.11,0.875332
40,1,8,vit_tiny,cifar10,1.0,13,base.norm,0.879575
40,1,8,vit_tiny,cifar10,1.0,14,classifier,0.880441
40,1,9,vit_tiny,cifar10,1.0,0,base.patch_embed,0.997688
40,1,9,vit_tiny,cifar10,1.0,1,base.blocks.0,0.972045
40,1,9,vit_tiny,cifar10,1.0,2,base.blocks.1,0.953287
40,1,9,vit_tiny,cifar10,1.0,3,base.blocks.2,0.946179
40,1,9,vit_tiny,cifar10,1.0,4,base.blocks.3,0.933447
40,1,9,vit_tiny,cifar10,1.0,5,base.blocks.4,0.926430
40,1,9,vit_tiny,cifar10,1.0,6,base.blocks.5,0.917278
40,1,9,vit_tiny,cifar10,1.0,7,base.blocks.6,0.911866
40,1,9,vit_tiny,cifar10,1.0,8,base.blocks.7,0.905362
40,1,9,vit_tiny,cifar10,1.0,9,base.blocks.8,0.904975
40,1,9,vit_tiny,cifar10,1.0,10,base.blocks.9,0.901229
40,1,9,vit_tiny,cifar10,1.0,11,base.blocks.10,0.900346
40,1,9,vit_tiny,cifar10,1.0,12,base.blocks.11,0.898935
40,1,9,vit_tiny,cifar10,1.0,13,base.norm,0.871806
40,1,9,vit_tiny,cifar10,1.0,14,classifier,0.769143
40,2,3,vit_tiny,cifar10,1.0,0,base.patch_embed,0.987586
40,2,3,vit_tiny,cifar10,1.0,1,base.blocks.0,0.950762
40,2,3,vit_tiny,cifar10,1.0,2,base.blocks.1,0.974118
40,2,3,vit_tiny,cifar10,1.0,3,base.blocks.2,0.975999
40,2,3,vit_tiny,cifar10,1.0,4,base.blocks.3,0.962007
40,2,3,vit_tiny,cifar10,1.0,5,base.blocks.4,0.948004
40,2,3,vit_tiny,cifar10,1.0,6,base.blocks.5,0.935554
40,2,3,vit_tiny,cifar10,1.0,7,base.blocks.6,0.917148
40,2,3,vit_tiny,cifar10,1.0,8,base.blocks.7,0.898269
40,2,3,vit_tiny,cifar10,1.0,9,base.blocks.8,0.865129
40,2,3,vit_tiny,cifar10,1.0,10,base.blocks.9,0.857684
40,2,3,vit_tiny,cifar10,1.0,11,base.blocks.10,0.852770
40,2,3,vit_tiny,cifar10,1.0,12,base.blocks.11,0.836899
40,2,3,vit_tiny,cifar10,1.0,13,base.norm,0.836801
40,2,3,vit_tiny,cifar10,1.0,14,classifier,0.834325
40,2,4,vit_tiny,cifar10,1.0,0,base.patch_embed,0.987777
40,2,4,vit_tiny,cifar10,1.0,1,base.blocks.0,0.972828
40,2,4,vit_tiny,cifar10,1.0,2,base.blocks.1,0.963390
40,2,4,vit_tiny,cifar10,1.0,3,base.blocks.2,0.958346
40,2,4,vit_tiny,cifar10,1.0,4,base.blocks.3,0.952238
40,2,4,vit_tiny,cifar10,1.0,5,base.blocks.4,0.944329
40,2,4,vit_tiny,cifar10,1.0,6,base.blocks.5,0.936065
40,2,4,vit_tiny,cifar10,1.0,7,base.blocks.6,0.918338
40,2,4,vit_tiny,cifar10,1.0,8,base.blocks.7,0.909165
40,2,4,vit_tiny,cifar10,1.0,9,base.blocks.8,0.875868
40,2,4,vit_tiny,cifar10,1.0,10,base.blocks.9,0.870241
40,2,4,vit_tiny,cifar10,1.0,11,base.blocks.10,0.866812
40,2,4,vit_tiny,cifar10,1.0,12,base.blocks.11,0.864204
40,2,4,vit_tiny,cifar10,1.0,13,base.norm,0.815564
40,2,4,vit_tiny,cifar10,1.0,14,classifier,0.803811
40,2,5,vit_tiny,cifar10,1.0,0,base.patch_embed,0.997543
40,2,5,vit_tiny,cifar10,1.0,1,base.blocks.0,0.979949
40,2,5,vit_tiny,cifar10,1.0,2,base.blocks.1,0.976231
40,2,5,vit_tiny,cifar10,1.0,3,base.blocks.2,0.976922
40,2,5,vit_tiny,cifar10,1.0,4,base.blocks.3,0.971409
40,2,5,vit_tiny,cifar10,1.0,5,base.blocks.4,0.965164
40,2,5,vit_tiny,cifar10,1.0,6,base.blocks.5,0.960001
40,2,5,vit_tiny,cifar10,1.0,7,base.blocks.6,0.954195
40,2,5,vit_tiny,cifar10,1.0,8,base.blocks.7,0.948892
40,2,5,vit_tiny,cifar10,1.0,9,base.blocks.8,0.933602
40,2,5,vit_tiny,cifar10,1.0,10,base.blocks.9,0.927629
40,2,5,vit_tiny,cifar10,1.0,11,base.blocks.10,0.923463
40,2,5,vit_tiny,cifar10,1.0,12,base.blocks.11,0.920584
40,2,5,vit_tiny,cifar10,1.0,13,base.norm,0.855400
40,2,5,vit_tiny,cifar10,1.0,14,classifier,0.831241
40,2,6,vit_tiny,cifar10,1.0,0,base.patch_embed,0.985512
40,2,6,vit_tiny,cifar10,1.0,1,base.blocks.0,0.948114
40,2,6,vit_tiny,cifar10,1.0,2,base.blocks.1,0.951075
40,2,6,vit_tiny,cifar10,1.0,3,base.blocks.2,0.943182
40,2,6,vit_tiny,cifar10,1.0,4,base.blocks.3,0.935314
40,2,6,vit_tiny,cifar10,1.0,5,base.blocks.4,0.926739
40,2,6,vit_tiny,cifar10,1.0,6,base.blocks.5,0.922714
40,2,6,vit_tiny,cifar10,1.0,7,base.blocks.6,0.923023
40,2,6,vit_tiny,cifar10,1.0,8,base.blocks.7,0.919244
40,2,6,vit_tiny,cifar10,1.0,9,base.blocks.8,0.925753
40,2,6,vit_tiny,cifar10,1.0,10,base.blocks.9,0.925075
40,2,6,vit_tiny,cifar10,1.0,11,base.blocks.10,0.925605
40,2,6,vit_tiny,cifar10,1.0,12,base.blocks.11,0.925346
40,2,6,vit_tiny,cifar10,1.0,13,base.norm,0.902189
40,2,6,vit_tiny,cifar10,1.0,14,classifier,0.845340
40,2,7,vit_tiny,cifar10,1.0,0,base.patch_embed,0.994573
40,2,7,vit_tiny,cifar10,1.0,1,base.blocks.0,0.971266
40,2,7,vit_tiny,cifar10,1.0,2,base.blocks.1,0.963312
40,2,7,vit_tiny,cifar10,1.0,3,base.blocks.2,0.950571
40,2,7,vit_tiny,cifar10,1.0,4,base.blocks.3,0.931144
40,2,7,vit_tiny,cifar10,1.0,5,base.blocks.4,0.913919
40,2,7,vit_tiny,cifar10,1.0,6,base.blocks.5,0.897615
40,2,7,vit_tiny,cifar10,1.0,7,base.blocks.6,0.869306
40,2,7,vit_tiny,cifar10,1.0,8,base.blocks.7,0.847492
40,2,7,vit_tiny,cifar10,1.0,9,base.blocks.8,0.820495
40,2,7,vit_tiny,cifar10,1.0,10,base.blocks.9,0.824374
40,2,7,vit_tiny,cifar10,1.0,11,base.blocks.10,0.826397
40,2,7,vit_tiny,cifar10,1.0,12,base.blocks.11,0.828533
40,2,7,vit_tiny,cifar10,1.0,13,base.norm,0.792234
40,2,7,vit_tiny,cifar10,1.0,14,classifier,0.815279
40,2,8,vit_tiny,cifar10,1.0,0,base.patch_embed,0.984448
40,2,8,vit_tiny,cifar10,1.0,1,base.blocks.0,0.971049
40,2,8,vit_tiny,cifar10,1.0,2,base.blocks.1,0.975502
40,2,8,vit_tiny,cifar10,1.0,3,base.blocks.2,0.974002
40,2,8,vit_tiny,cifar10,1.0,4,base.blocks.3,0.957641
40,2,8,vit_tiny,cifar10,1.0,5,base.blocks.4,0.946809
40,2,8,vit_tiny,cifar10,1.0,6,base.blocks.5,0.935363
40,2,8,vit_tiny,cifar10,1.0,7,base.blocks.6,0.923867
40,2,8,vit_tiny,cifar10,1.0,8,base.blocks.7,0.915117
40,2,8,vit_tiny,cifar10,1.0,9,base.blocks.8,0.901268
40,2,8,vit_tiny,cifar10,1.0,10,base.blocks.9,0.897489
40,2,8,vit_tiny,cifar10,1.0,11,base.blocks.10,0.894303
40,2,8,vit_tiny,cifar10,1.0,12,base.blocks.11,0.885409
40,2,8,vit_tiny,cifar10,1.0,13,base.norm,0.869223
40,2,8,vit_tiny,cifar10,1.0,14,classifier,0.863514
40,2,9,vit_tiny,cifar10,1.0,0,base.patch_embed,0.984118
40,2,9,vit_tiny,cifar10,1.0,1,base.blocks.0,0.963644
40,2,9,vit_tiny,cifar10,1.0,2,base.blocks.1,0.944539
40,2,9,vit_tiny,cifar10,1.0,3,base.blocks.2,0.922469
40,2,9,vit_tiny,cifar10,1.0,4,base.blocks.3,0.901878
40,2,9,vit_tiny,cifar10,1.0,5,base.blocks.4,0.889472
40,2,9,vit_tiny,cifar10,1.0,6,base.blocks.5,0.873285
40,2,9,vit_tiny,cifar10,1.0,7,base.blocks.6,0.858943
40,2,9,vit_tiny,cifar10,1.0,8,base.blocks.7,0.841329
40,2,9,vit_tiny,cifar10,1.0,9,base.blocks.8,0.814784
40,2,9,vit_tiny,cifar10,1.0,10,base.blocks.9,0.802717
40,2,9,vit_tiny,cifar10,1.0,11,base.blocks.10,0.796578
40,2,9,vit_tiny,cifar10,1.0,12,base.blocks.11,0.785194
40,2,9,vit_tiny,cifar10,1.0,13,base.norm,0.778618
40,2,9,vit_tiny,cifar10,1.0,14,classifier,0.818045
40,3,4,vit_tiny,cifar10,1.0,0,base.patch_embed,0.980840
40,3,4,vit_tiny,cifar10,1.0,1,base.blocks.0,0.906955
40,3,4,vit_tiny,cifar10,1.0,2,base.blocks.1,0.939153
40,3,4,vit_tiny,cifar10,1.0,3,base.blocks.2,0.948559
40,3,4,vit_tiny,cifar10,1.0,4,base.blocks.3,0.935246
40,3,4,vit_tiny,cifar10,1.0,5,base.blocks.4,0.931534
40,3,4,vit_tiny,cifar10,1.0,6,base.blocks.5,0.923489
40,3,4,vit_tiny,cifar10,1.0,7,base.blocks.6,0.908269
40,3,4,vit_tiny,cifar10,1.0,8,base.blocks.7,0.897918
40,3,4,vit_tiny,cifar10,1.0,9,base.blocks.8,0.880102
40,3,4,vit_tiny,cifar10,1.0,10,base.blocks.9,0.870099
40,3,4,vit_tiny,cifar10,1.0,11,base.blocks.10,0.866684
40,3,4,vit_tiny,cifar10,1.0,12,base.blocks.11,0.854397
40,3,4,vit_tiny,cifar10,1.0,13,base.norm,0.828584
40,3,4,vit_tiny,cifar10,1.0,14,classifier,0.758641
40,3,5,vit_tiny,cifar10,1.0,0,base.patch_embed,0.994872
40,3,5,vit_tiny,cifar10,1.0,1,base.blocks.0,0.987602
40,3,5,vit_tiny,cifar10,1.0,2,base.blocks.1,0.988774
40,3,5,vit_tiny,cifar10,1.0,3,base.blocks.2,0.983291
40,3,5,vit_tiny,cifar10,1.0,4,base.blocks.3,0.974599
40,3,5,vit_tiny,cifar10,1.0,5,base.blocks.4,0.967225
40,3,5,vit_tiny,cifar10,1.0,6,base.blocks.5,0.955432
40,3,5,vit_tiny,cifar10,1.0,7,base.blocks.6,0.933058
40,3,5,vit_tiny,cifar10,1.0,8,base.blocks.7,0.909621
40,3,5,vit_tiny,cifar10,1.0,9,base.blocks.8,0.873550
40,3,5,vit_tiny,cifar10,1.0,10,base.blocks.9,0.854942
40,3,5,vit_tiny,cifar10,1.0,11,base.blocks.10,0.840710
40,3,5,vit_tiny,cifar10,1.0,12,base.blocks.11,0.822046
40,3,5,vit_tiny,cifar10,1.0,13,base.norm,0.855032
40,3,5,vit_tiny,cifar10,1.0,14,classifier,0.781359
40,3,6,vit_tiny,cifar10,1.0,0,base.patch_embed,0.999430
40,3,6,vit_tiny,cifar10,1.0,1,base.blocks.0,0.968084
40,3,6,vit_tiny,cifar10,1.0,2,base.blocks.1,0.961197
40,3,6,vit_tiny,cifar10,1.0,3,base.blocks.2,0.958166
40,3,6,vit_tiny,cifar10,1.0,4,base.blocks.3,0.945096
40,3,6,vit_tiny,cifar10,1.0,5,base.blocks.4,0.931907
40,3,6,vit_tiny,cifar10,1.0,6,base.blocks.5,0.919459
40,3,6,vit_tiny,cifar10,1.0,7,base.blocks.6,0.904803
40,3,6,vit_tiny,cifar10,1.0,8,base.blocks.7,0.888582
40,3,6,vit_tiny,cifar10,1.0,9,base.blocks.8,0.875153
40,3,6,vit_tiny,cifar10,1.0,10,base.blocks.9,0.864986
40,3,6,vit_tiny,cifar10,1.0,11,base.blocks.10,0.864786
40,3,6,vit_tiny,cifar10,1.0,12,base.blocks.11,0.855138
40,3,6,vit_tiny,cifar10,1.0,13,base.norm,0.830837
40,3,6,vit_tiny,cifar10,1.0,14,classifier,0.820897
40,3,7,vit_tiny,cifar10,1.0,0,base.patch_embed,0.996591
40,3,7,vit_tiny,cifar10,1.0,1,base.blocks.0,0.957915
40,3,7,vit_tiny,cifar10,1.0,2,base.blocks.1,0.967146
40,3,7,vit_tiny,cifar10,1.0,3,base.blocks.2,0.968083
40,3,7,vit_tiny,cifar10,1.0,4,base.blocks.3,0.957907
40,3,7,vit_tiny,cifar10,1.0,5,base.blocks.4,0.949613
40,3,7,vit_tiny,cifar10,1.0,6,base.blocks.5,0.937936
40,3,7,vit_tiny,cifar10,1.0,7,base.blocks.6,0.917001
40,3,7,vit_tiny,cifar10,1.0,8,base.blocks.7,0.900686
40,3,7,vit_tiny,cifar10,1.0,9,base.blocks.8,0.885361
40,3,7,vit_tiny,cifar10,1.0,10,base.blocks.9,0.873448
40,3,7,vit_tiny,cifar10,1.0,11,base.blocks.10,0.872006
40,3,7,vit_tiny,cifar10,1.0,12,base.blocks.11,0.867663
40,3,7,vit_tiny,cifar10,1.0,13,base.norm,0.821008
40,3,7,vit_tiny,cifar10,1.0,14,classifier,0.793052
40,3,8,vit_tiny,cifar10,1.0,0,base.patch_embed,0.997038
40,3,8,vit_tiny,cifar10,1.0,1,base.blocks.0,0.987455
40,3,8,vit_tiny,cifar10,1.0,2,base.blocks.1,0.990072
40,3,8,vit_tiny,cifar10,1.0,3,base.blocks.2,0.986098
40,3,8,vit_tiny,cifar10,1.0,4,base.blocks.3,0.976934
40,3,8,vit_tiny,cifar10,1.0,5,base.blocks.4,0.968923
40,3,8,vit_tiny,cifar10,1.0,6,base.blocks.5,0.960644
40,3,8,vit_tiny,cifar10,1.0,7,base.blocks.6,0.952784
40,3,8,vit_tiny,cifar10,1.0,8,base.blocks.7,0.941783
40,3,8,vit_tiny,cifar10,1.0,9,base.blocks.8,0.925083
40,3,8,vit_tiny,cifar10,1.0,10,base.blocks.9,0.915672
40,3,8,vit_tiny,cifar10,1.0,11,base.blocks.10,0.905775
40,3,8,vit_tiny,cifar10,1.0,12,base.blocks.11,0.892866
40,3,8,vit_tiny,cifar10,1.0,13,base.norm,0.875531
40,3,8,vit_tiny,cifar10,1.0,14,classifier,0.835022
40,3,9,vit_tiny,cifar10,1.0,0,base.patch_embed,0.997717
40,3,9,vit_tiny,cifar10,1.0,1,base.blocks.0,0.980781
40,3,9,vit_tiny,cifar10,1.0,2,base.blocks.1,0.961187
40,3,9,vit_tiny,cifar10,1.0,3,base.blocks.2,0.936773
40,3,9,vit_tiny,cifar10,1.0,4,base.blocks.3,0.939559
40,3,9,vit_tiny,cifar10,1.0,5,base.blocks.4,0.932420
40,3,9,vit_tiny,cifar10,1.0,6,base.blocks.5,0.920876
40,3,9,vit_tiny,cifar10,1.0,7,base.blocks.6,0.904143
40,3,9,vit_tiny,cifar10,1.0,8,base.blocks.7,0.887181
40,3,9,vit_tiny,cifar10,1.0,9,base.blocks.8,0.872566
40,3,9,vit_tiny,cifar10,1.0,10,base.blocks.9,0.854712
40,3,9,vit_tiny,cifar10,1.0,11,base.blocks.10,0.848512
40,3,9,vit_tiny,cifar10,1.0,12,base.blocks.11,0.839959
40,3,9,vit_tiny,cifar10,1.0,13,base.norm,0.825634
40,3,9,vit_tiny,cifar10,1.0,14,classifier,0.793472
40,4,5,vit_tiny,cifar10,1.0,0,base.patch_embed,0.986482
40,4,5,vit_tiny,cifar10,1.0,1,base.blocks.0,0.940355
40,4,5,vit_tiny,cifar10,1.0,2,base.blocks.1,0.924388
40,4,5,vit_tiny,cifar10,1.0,3,base.blocks.2,0.924980
40,4,5,vit_tiny,cifar10,1.0,4,base.blocks.3,0.924476
40,4,5,vit_tiny,cifar10,1.0,5,base.blocks.4,0.926013
40,4,5,vit_tiny,cifar10,1.0,6,base.blocks.5,0.916192
40,4,5,vit_tiny,cifar10,1.0,7,base.blocks.6,0.901922
40,4,5,vit_tiny,cifar10,1.0,8,base.blocks.7,0.891571
40,4,5,vit_tiny,cifar10,1.0,9,base.blocks.8,0.864267
40,4,5,vit_tiny,cifar10,1.0,10,base.blocks.9,0.853290
40,4,5,vit_tiny,cifar10,1.0,11,base.blocks.10,0.850476
40,4,5,vit_tiny,cifar10,1.0,12,base.blocks.11,0.846254
40,4,5,vit_tiny,cifar10,1.0,13,base.norm,0.798605
40,4,5,vit_tiny,cifar10,1.0,14,classifier,0.756428
40,4,6,vit_tiny,cifar10,1.0,0,base.patch_embed,0.979534
40,4,6,vit_tiny,cifar10,1.0,1,base.blocks.0,0.923209
40,4,6,vit_tiny,cifar10,1.0,2,base.blocks.1,0.930171
40,4,6,vit_tiny,cifar10,1.0,3,base.blocks.2,0.923113
40,4,6,vit_tiny,cifar10,1.0,4,base.blocks.3,0.914470
40,4,6,vit_tiny,cifar10,1.0,5,base.blocks.4,0.907953
40,4,6,vit_tiny,cifar10,1.0,6,base.blocks.5,0.896965
40,4,6,vit_tiny,cifar10,1.0,7,base.blocks.6,0.877940
40,4,6,vit_tiny,cifar10,1.0,8,base.blocks.7,0.866883
40,4,6,vit_tiny,cifar10,1.0,9,base.blocks.8,0.850745
40,4,6,vit_tiny,cifar10,1.0,10,base.blocks.9,0.845443
40,4,6,vit_tiny,cifar10,1.0,11,base.blocks.10,0.842957
40,4,6,vit_tiny,cifar10,1.0,12,base.blocks.11,0.837093
40,4,6,vit_tiny,cifar10,1.0,13,base.norm,0.790013
40,4,6,vit_tiny,cifar10,1.0,14,classifier,0.767487
40,4,7,vit_tiny,cifar10,1.0,0,base.patch_embed,0.987061
40,4,7,vit_tiny,cifar10,1.0,1,base.blocks.0,0.960415
40,4,7,vit_tiny,cifar10,1.0,2,base.blocks.1,0.958376
40,4,7,vit_tiny,cifar10,1.0,3,base.blocks.2,0.943973
40,4,7,vit_tiny,cifar10,1.0,4,base.blocks.3,0.928386
40,4,7,vit_tiny,cifar10,1.0,5,base.blocks.4,0.923107
40,4,7,vit_tiny,cifar10,1.0,6,base.blocks.5,0.908872
40,4,7,vit_tiny,cifar10,1.0,7,base.blocks.6,0.892280
40,4,7,vit_tiny,cifar10,1.0,8,base.blocks.7,0.884968
40,4,7,vit_tiny,cifar10,1.0,9,base.blocks.8,0.867517
40,4,7,vit_tiny,cifar10,1.0,10,base.blocks.9,0.868725
40,4,7,vit_tiny,cifar10,1.0,11,base.blocks.10,0.873378
40,4,7,vit_tiny,cifar10,1.0,12,base.blocks.11,0.873924
40,4,7,vit_tiny,cifar10,1.0,13,base.norm,0.806759
40,4,7,vit_tiny,cifar10,1.0,14,classifier,0.821619
40,4,8,vit_tiny,cifar10,1.0,0,base.patch_embed,0.982665
40,4,8,vit_tiny,cifar10,1.0,1,base.blocks.0,0.946240
40,4,8,vit_tiny,cifar10,1.0,2,base.blocks.1,0.943624
40,4,8,vit_tiny,cifar10,1.0,3,base.blocks.2,0.944643
40,4,8,vit_tiny,cifar10,1.0,4,base.blocks.3,0.927355
40,4,8,vit_tiny,cifar10,1.0,5,base.blocks.4,0.920881
40,4,8,vit_tiny,cifar10,1.0,6,base.blocks.5,0.907181
40,4,8,vit_tiny,cifar10,1.0,7,base.blocks.6,0.890686
40,4,8,vit_tiny,cifar10,1.0,8,base.blocks.7,0.878788
40,4,8,vit_tiny,cifar10,1.0,9,base.blocks.8,0.851381
40,4,8,vit_tiny,cifar10,1.0,10,base.blocks.9,0.842905
40,4,8,vit_tiny,cifar10,1.0,11,base.blocks.10,0.836624
40,4,8,vit_tiny,cifar10,1.0,12,base.blocks.11,0.824185
40,4,8,vit_tiny,cifar10,1.0,13,base.norm,0.785222
40,4,8,vit_tiny,cifar10,1.0,14,classifier,0.823519
40,4,9,vit_tiny,cifar10,1.0,0,base.patch_embed,0.971512
40,4,9,vit_tiny,cifar10,1.0,1,base.blocks.0,0.911457
40,4,9,vit_tiny,cifar10,1.0,2,base.blocks.1,0.871743
40,4,9,vit_tiny,cifar10,1.0,3,base.blocks.2,0.846233
40,4,9,vit_tiny,cifar10,1.0,4,base.blocks.3,0.845294
40,4,9,vit_tiny,cifar10,1.0,5,base.blocks.4,0.849538
40,4,9,vit_tiny,cifar10,1.0,6,base.blocks.5,0.845221
40,4,9,vit_tiny,cifar10,1.0,7,base.blocks.6,0.843494
40,4,9,vit_tiny,cifar10,1.0,8,base.blocks.7,0.840577
40,4,9,vit_tiny,cifar10,1.0,9,base.blocks.8,0.839819
40,4,9,vit_tiny,cifar10,1.0,10,base.blocks.9,0.833814
40,4,9,vit_tiny,cifar10,1.0,11,base.blocks.10,0.833421
40,4,9,vit_tiny,cifar10,1.0,12,base.blocks.11,0.821950
40,4,9,vit_tiny,cifar10,1.0,13,base.norm,0.792303
40,4,9,vit_tiny,cifar10,1.0,14,classifier,0.784834
40,5,6,vit_tiny,cifar10,1.0,0,base.patch_embed,0.994041
40,5,6,vit_tiny,cifar10,1.0,1,base.blocks.0,0.972363
40,5,6,vit_tiny,cifar10,1.0,2,base.blocks.1,0.955117
40,5,6,vit_tiny,cifar10,1.0,3,base.blocks.2,0.942188
40,5,6,vit_tiny,cifar10,1.0,4,base.blocks.3,0.924813
40,5,6,vit_tiny,cifar10,1.0,5,base.blocks.4,0.923805
40,5,6,vit_tiny,cifar10,1.0,6,base.blocks.5,0.921037
40,5,6,vit_tiny,cifar10,1.0,7,base.blocks.6,0.924217
40,5,6,vit_tiny,cifar10,1.0,8,base.blocks.7,0.923165
40,5,6,vit_tiny,cifar10,1.0,9,base.blocks.8,0.921117
40,5,6,vit_tiny,cifar10,1.0,10,base.blocks.9,0.915479
40,5,6,vit_tiny,cifar10,1.0,11,base.blocks.10,0.912744
40,5,6,vit_tiny,cifar10,1.0,12,base.blocks.11,0.909021
40,5,6,vit_tiny,cifar10,1.0,13,base.norm,0.883000
40,5,6,vit_tiny,cifar10,1.0,14,classifier,0.833162
40,5,7,vit_tiny,cifar10,1.0,0,base.patch_embed,0.996933
40,5,7,vit_tiny,cifar10,1.0,1,base.blocks.0,0.972321
40,5,7,vit_tiny,cifar10,1.0,2,base.blocks.1,0.952941
40,5,7,vit_tiny,cifar10,1.0,3,base.blocks.2,0.948160
40,5,7,vit_tiny,cifar10,1.0,4,base.blocks.3,0.935199
40,5,7,vit_tiny,cifar10,1.0,5,base.blocks.4,0.926423
40,5,7,vit_tiny,cifar10,1.0,6,base.blocks.5,0.909867
40,5,7,vit_tiny,cifar10,1.0,7,base.blocks.6,0.878959
40,5,7,vit_tiny,cifar10,1.0,8,base.blocks.7,0.851212
40,5,7,vit_tiny,cifar10,1.0,9,base.blocks.8,0.816191
40,5,7,vit_tiny,cifar10,1.0,10,base.blocks.9,0.803286
40,5,7,vit_tiny,cifar10,1.0,11,base.blocks.10,0.794757
40,5,7,vit_tiny,cifar10,1.0,12,base.blocks.11,0.791659
40,5,7,vit_tiny,cifar10,1.0,13,base.norm,0.759109
40,5,7,vit_tiny,cifar10,1.0,14,classifier,0.795612
40,5,8,vit_tiny,cifar10,1.0,0,base.patch_embed,0.993202
40,5,8,vit_tiny,cifar10,1.0,1,base.blocks.0,0.989565
40,5,8,vit_tiny,cifar10,1.0,2,base.blocks.1,0.988535
40,5,8,vit_tiny,cifar10,1.0,3,base.blocks.2,0.985180
40,5,8,vit_tiny,cifar10,1.0,4,base.blocks.3,0.974510
40,5,8,vit_tiny,cifar10,1.0,5,base.blocks.4,0.967904
40,5,8,vit_tiny,cifar10,1.0,6,base.blocks.5,0.957634
40,5,8,vit_tiny,cifar10,1.0,7,base.blocks.6,0.943260
40,5,8,vit_tiny,cifar10,1.0,8,base.blocks.7,0.930148
40,5,8,vit_tiny,cifar10,1.0,9,base.blocks.8,0.913912
40,5,8,vit_tiny,cifar10,1.0,10,base.blocks.9,0.900614
40,5,8,vit_tiny,cifar10,1.0,11,base.blocks.10,0.889773
40,5,8,vit_tiny,cifar10,1.0,12,base.blocks.11,0.878740
40,5,8,vit_tiny,cifar10,1.0,13,base.norm,0.859026
40,5,8,vit_tiny,cifar10,1.0,14,classifier,0.817762
40,5,9,vit_tiny,cifar10,1.0,0,base.patch_embed,0.993336
40,5,9,vit_tiny,cifar10,1.0,1,base.blocks.0,0.980733
40,5,9,vit_tiny,cifar10,1.0,2,base.blocks.1,0.962569
40,5,9,vit_tiny,cifar10,1.0,3,base.blocks.2,0.942681
40,5,9,vit_tiny,cifar10,1.0,4,base.blocks.3,0.929118
40,5,9,vit_tiny,cifar10,1.0,5,base.blocks.4,0.921134
40,5,9,vit_tiny,cifar10,1.0,6,base.blocks.5,0.909644
40,5,9,vit_tiny,cifar10,1.0,7,base.blocks.6,0.890587
40,5,9,vit_tiny,cifar10,1.0,8,base.blocks.7,0.871185
40,5,9,vit_tiny,cifar10,1.0,9,base.blocks.8,0.852354
40,5,9,vit_tiny,cifar10,1.0,10,base.blocks.9,0.837197
40,5,9,vit_tiny,cifar10,1.0,11,base.blocks.10,0.827557
40,5,9,vit_tiny,cifar10,1.0,12,base.blocks.11,0.811434
40,5,9,vit_tiny,cifar10,1.0,13,base.norm,0.852502
40,5,9,vit_tiny,cifar10,1.0,14,classifier,0.832838
40,6,7,vit_tiny,cifar10,1.0,0,base.patch_embed,0.995837
40,6,7,vit_tiny,cifar10,1.0,1,base.blocks.0,0.980047
40,6,7,vit_tiny,cifar10,1.0,2,base.blocks.1,0.976395
40,6,7,vit_tiny,cifar10,1.0,3,base.blocks.2,0.971485
40,6,7,vit_tiny,cifar10,1.0,4,base.blocks.3,0.950034
40,6,7,vit_tiny,cifar10,1.0,5,base.blocks.4,0.929711
40,6,7,vit_tiny,cifar10,1.0,6,base.blocks.5,0.908601
40,6,7,vit_tiny,cifar10,1.0,7,base.blocks.6,0.878370
40,6,7,vit_tiny,cifar10,1.0,8,base.blocks.7,0.857371
40,6,7,vit_tiny,cifar10,1.0,9,base.blocks.8,0.836545
40,6,7,vit_tiny,cifar10,1.0,10,base.blocks.9,0.834819
40,6,7,vit_tiny,cifar10,1.0,11,base.blocks.10,0.833466
40,6,7,vit_tiny,cifar10,1.0,12,base.blocks.11,0.833513
40,6,7,vit_tiny,cifar10,1.0,13,base.norm,0.781027
40,6,7,vit_tiny,cifar10,1.0,14,classifier,0.812749
40,6,8,vit_tiny,cifar10,1.0,0,base.patch_embed,0.996535
40,6,8,vit_tiny,cifar10,1.0,1,base.blocks.0,0.964887
40,6,8,vit_tiny,cifar10,1.0,2,base.blocks.1,0.958617
40,6,8,vit_tiny,cifar10,1.0,3,base.blocks.2,0.956179
40,6,8,vit_tiny,cifar10,1.0,4,base.blocks.3,0.931282
40,6,8,vit_tiny,cifar10,1.0,5,base.blocks.4,0.915512
40,6,8,vit_tiny,cifar10,1.0,6,base.blocks.5,0.901516
40,6,8,vit_tiny,cifar10,1.0,7,base.blocks.6,0.896387
40,6,8,vit_tiny,cifar10,1.0,8,base.blocks.7,0.884423
40,6,8,vit_tiny,cifar10,1.0,9,base.blocks.8,0.889137
40,6,8,vit_tiny,cifar10,1.0,10,base.blocks.9,0.884448
40,6,8,vit_tiny,cifar10,1.0,11,base.blocks.10,0.882070
40,6,8,vit_tiny,cifar10,1.0,12,base.blocks.11,0.877510
40,6,8,vit_tiny,cifar10,1.0,13,base.norm,0.847318
40,6,8,vit_tiny,cifar10,1.0,14,classifier,0.830367
40,6,9,vit_tiny,cifar10,1.0,0,base.patch_embed,0.997263
40,6,9,vit_tiny,cifar10,1.0,1,base.blocks.0,0.967647
40,6,9,vit_tiny,cifar10,1.0,2,base.blocks.1,0.946290
40,6,9,vit_tiny,cifar10,1.0,3,base.blocks.2,0.936766
40,6,9,vit_tiny,cifar10,1.0,4,base.blocks.3,0.918850
40,6,9,vit_tiny,cifar10,1.0,5,base.blocks.4,0.907177
40,6,9,vit_tiny,cifar10,1.0,6,base.blocks.5,0.892567
40,6,9,vit_tiny,cifar10,1.0,7,base.blocks.6,0.880017
40,6,9,vit_tiny,cifar10,1.0,8,base.blocks.7,0.869894
40,6,9,vit_tiny,cifar10,1.0,9,base.blocks.8,0.862275
40,6,9,vit_tiny,cifar10,1.0,10,base.blocks.9,0.856694
40,6,9,vit_tiny,cifar10,1.0,11,base.blocks.10,0.856001
40,6,9,vit_tiny,cifar10,1.0,12,base.blocks.11,0.854951
40,6,9,vit_tiny,cifar10,1.0,13,base.norm,0.863848
40,6,9,vit_tiny,cifar10,1.0,14,classifier,0.821404
40,7,8,vit_tiny,cifar10,1.0,0,base.patch_embed,0.990786
40,7,8,vit_tiny,cifar10,1.0,1,base.blocks.0,0.963761
40,7,8,vit_tiny,cifar10,1.0,2,base.blocks.1,0.959582
40,7,8,vit_tiny,cifar10,1.0,3,base.blocks.2,0.956312
40,7,8,vit_tiny,cifar10,1.0,4,base.blocks.3,0.935552
40,7,8,vit_tiny,cifar10,1.0,5,base.blocks.4,0.923175
40,7,8,vit_tiny,cifar10,1.0,6,base.blocks.5,0.907475
40,7,8,vit_tiny,cifar10,1.0,7,base.blocks.6,0.889503
40,7,8,vit_tiny,cifar10,1.0,8,base.blocks.7,0.868246
40,7,8,vit_tiny,cifar10,1.0,9,base.blocks.8,0.857941
40,7,8,vit_tiny,cifar10,1.0,10,base.blocks.9,0.847202
40,7,8,vit_tiny,cifar10,1.0,11,base.blocks.10,0.840106
40,7,8,vit_tiny,cifar10,1.0,12,base.blocks.11,0.835210
40,7,8,vit_tiny,cifar10,1.0,13,base.norm,0.803822
40,7,8,vit_tiny,cifar10,1.0,14,classifier,0.830521
40,7,9,vit_tiny,cifar10,1.0,0,base.patch_embed,0.991668
40,7,9,vit_tiny,cifar10,1.0,1,base.blocks.0,0.970112
40,7,9,vit_tiny,cifar10,1.0,2,base.blocks.1,0.948583
40,7,9,vit_tiny,cifar10,1.0,3,base.blocks.2,0.946564
40,7,9,vit_tiny,cifar10,1.0,4,base.blocks.3,0.928995
40,7,9,vit_tiny,cifar10,1.0,5,base.blocks.4,0.913588
40,7,9,vit_tiny,cifar10,1.0,6,base.blocks.5,0.897932
40,7,9,vit_tiny,cifar10,1.0,7,base.blocks.6,0.882441
40,7,9,vit_tiny,cifar10,1.0,8,base.blocks.7,0.861500
40,7,9,vit_tiny,cifar10,1.0,9,base.blocks.8,0.845582
40,7,9,vit_tiny,cifar10,1.0,10,base.blocks.9,0.838465
40,7,9,vit_tiny,cifar10,1.0,11,base.blocks.10,0.835741
40,7,9,vit_tiny,cifar10,1.0,12,base.blocks.11,0.825152
40,7,9,vit_tiny,cifar10,1.0,13,base.norm,0.772292
40,7,9,vit_tiny,cifar10,1.0,14,classifier,0.806285
40,8,9,vit_tiny,cifar10,1.0,0,base.patch_embed,0.996780
40,8,9,vit_tiny,cifar10,1.0,1,base.blocks.0,0.976593
40,8,9,vit_tiny,cifar10,1.0,2,base.blocks.1,0.958580
40,8,9,vit_tiny,cifar10,1.0,3,base.blocks.2,0.934356
40,8,9,vit_tiny,cifar10,1.0,4,base.blocks.3,0.928519
40,8,9,vit_tiny,cifar10,1.0,5,base.blocks.4,0.917016
40,8,9,vit_tiny,cifar10,1.0,6,base.blocks.5,0.901139
40,8,9,vit_tiny,cifar10,1.0,7,base.blocks.6,0.880048
40,8,9,vit_tiny,cifar10,1.0,8,base.blocks.7,0.855804
40,8,9,vit_tiny,cifar10,1.0,9,base.blocks.8,0.841313
40,8,9,vit_tiny,cifar10,1.0,10,base.blocks.9,0.825577
40,8,9,vit_tiny,cifar10,1.0,11,base.blocks.10,0.816214
40,8,9,vit_tiny,cifar10,1.0,12,base.blocks.11,0.803502
40,8,9,vit_tiny,cifar10,1.0,13,base.norm,0.797160
40,8,9,vit_tiny,cifar10,1.0,14,classifier,0.821176
50,0,1,vit_tiny,cifar10,1.0,0,base.patch_embed,0.995425
50,0,1,vit_tiny,cifar10,1.0,1,base.blocks.0,0.985880
50,0,1,vit_tiny,cifar10,1.0,2,base.blocks.1,0.982663
50,0,1,vit_tiny,cifar10,1.0,3,base.blocks.2,0.980841
50,0,1,vit_tiny,cifar10,1.0,4,base.blocks.3,0.965410
50,0,1,vit_tiny,cifar10,1.0,5,base.blocks.4,0.953727
50,0,1,vit_tiny,cifar10,1.0,6,base.blocks.5,0.944396
50,0,1,vit_tiny,cifar10,1.0,7,base.blocks.6,0.931246
50,0,1,vit_tiny,cifar10,1.0,8,base.blocks.7,0.920924
50,0,1,vit_tiny,cifar10,1.0,9,base.blocks.8,0.898009
50,0,1,vit_tiny,cifar10,1.0,10,base.blocks.9,0.881807
50,0,1,vit_tiny,cifar10,1.0,11,base.blocks.10,0.873282
50,0,1,vit_tiny,cifar10,1.0,12,base.blocks.11,0.860063
50,0,1,vit_tiny,cifar10,1.0,13,base.norm,0.828996
50,0,1,vit_tiny,cifar10,1.0,14,classifier,0.859350
50,0,2,vit_tiny,cifar10,1.0,0,base.patch_embed,0.997388
50,0,2,vit_tiny,cifar10,1.0,1,base.blocks.0,0.966887
50,0,2,vit_tiny,cifar10,1.0,2,base.blocks.1,0.960269
50,0,2,vit_tiny,cifar10,1.0,3,base.blocks.2,0.960054
50,0,2,vit_tiny,cifar10,1.0,4,base.blocks.3,0.955271
50,0,2,vit_tiny,cifar10,1.0,5,base.blocks.4,0.949157
50,0,2,vit_tiny,cifar10,1.0,6,base.blocks.5,0.939188
50,0,2,vit_tiny,cifar10,1.0,7,base.blocks.6,0.927778
50,0,2,vit_tiny,cifar10,1.0,8,base.blocks.7,0.913826
50,0,2,vit_tiny,cifar10,1.0,9,base.blocks.8,0.894883
50,0,2,vit_tiny,cifar10,1.0,10,base.blocks.9,0.886314
50,0,2,vit_tiny,cifar10,1.0,11,base.blocks.10,0.875853
50,0,2,vit_tiny,cifar10,1.0,12,base.blocks.11,0.864455
50,0,2,vit_tiny,cifar10,1.0,13,base.norm,0.810150
50,0,2,vit_tiny,cifar10,1.0,14,classifier,0.827248
50,0,3,vit_tiny,cifar10,1.0,0,base.patch_embed,0.993842
50,0,3,vit_tiny,cifar10,1.0,1,base.blocks.0,0.986441
50,0,3,vit_tiny,cifar10,1.0,2,base.blocks.1,0.965089
50,0,3,vit_tiny,cifar10,1.0,3,base.blocks.2,0.963790
50,0,3,vit_tiny,cifar10,1.0,4,base.blocks.3,0.952402
50,0,3,vit_tiny,cifar10,1.0,5,base.blocks.4,0.939281
50,0,3,vit_tiny,cifar10,1.0,6,base.blocks.5,0.930808
50,0,3,vit_tiny,cifar10,1.0,7,base.blocks.6,0.917543
50,0,3,vit_tiny,cifar10,1.0,8,base.blocks.7,0.903675
50,0,3,vit_tiny,cifar10,1.0,9,base.blocks.8,0.888588
50,0,3,vit_tiny,cifar10,1.0,10,base.blocks.9,0.877126
50,0,3,vit_tiny,cifar10,1.0,11,base.blocks.10,0.868047
50,0,3,vit_tiny,cifar10,1.0,12,base.blocks.11,0.852968
50,0,3,vit_tiny,cifar10,1.0,13,base.norm,0.819509
50,0,3,vit_tiny,cifar10,1.0,14,classifier,0.844455
50,0,4,vit_tiny,cifar10,1.0,0,base.patch_embed,0.992614
50,0,4,vit_tiny,cifar10,1.0,1,base.blocks.0,0.972347
50,0,4,vit_tiny,cifar10,1.0,2,base.blocks.1,0.971582
50,0,4,vit_tiny,cifar10,1.0,3,base.blocks.2,0.968238
50,0,4,vit_tiny,cifar10,1.0,4,base.blocks.3,0.967133
50,0,4,vit_tiny,cifar10,1.0,5,base.blocks.4,0.961818
50,0,4,vit_tiny,cifar10,1.0,6,base.blocks.5,0.952002
50,0,4,vit_tiny,cifar10,1.0,7,base.blocks.6,0.937144
50,0,4,vit_tiny,cifar10,1.0,8,base.blocks.7,0.924730
50,0,4,vit_tiny,cifar10,1.0,9,base.blocks.8,0.903440
50,0,4,vit_tiny,cifar10,1.0,10,base.blocks.9,0.888864
50,0,4,vit_tiny,cifar10,1.0,11,base.blocks.10,0.881103
50,0,4,vit_tiny,cifar10,1.0,12,base.blocks.11,0.868362
50,0,4,vit_tiny,cifar10,1.0,13,base.norm,0.835365
50,0,4,vit_tiny,cifar10,1.0,14,classifier,0.803775
50,0,5,vit_tiny,cifar10,1.0,0,base.patch_embed,0.996310
50,0,5,vit_tiny,cifar10,1.0,1,base.blocks.0,0.976735
50,0,5,vit_tiny,cifar10,1.0,2,base.blocks.1,0.962601
50,0,5,vit_tiny,cifar10,1.0,3,base.blocks.2,0.960394
50,0,5,vit_tiny,cifar10,1.0,4,base.blocks.3,0.939986
50,0,5,vit_tiny,cifar10,1.0,5,base.blocks.4,0.926533
50,0,5,vit_tiny,cifar10,1.0,6,base.blocks.5,0.910089
50,0,5,vit_tiny,cifar10,1.0,7,base.blocks.6,0.880151
50,0,5,vit_tiny,cifar10,1.0,8,base.blocks.7,0.854828
50,0,5,vit_tiny,cifar10,1.0,9,base.blocks.8,0.793084
50,0,5,vit_tiny,cifar10,1.0,10,base.blocks.9,0.767075
50,0,5,vit_tiny,cifar10,1.0,11,base.blocks.10,0.743292
50,0,5,vit_tiny,cifar10,1.0,12,base.blocks.11,0.716284
50,0,5,vit_tiny,cifar10,1.0,13,base.norm,0.737481
50,0,5,vit_tiny,cifar10,1.0,14,classifier,0.787225
50,0,6,vit_tiny,cifar10,1.0,0,base.patch_embed,0.998151
50,0,6,vit_tiny,cifar10,1.0,1,base.blocks.0,0.987989
50,0,6,vit_tiny,cifar10,1.0,2,base.blocks.1,0.974933
50,0,6,vit_tiny,cifar10,1.0,3,base.blocks.2,0.973546
50,0,6,vit_tiny,cifar10,1.0,4,base.blocks.3,0.962118
50,0,6,vit_tiny,cifar10,1.0,5,base.blocks.4,0.949130
50,0,6,vit_tiny,cifar10,1.0,6,base.blocks.5,0.941389
50,0,6,vit_tiny,cifar10,1.0,7,base.blocks.6,0.932640
50,0,6,vit_tiny,cifar10,1.0,8,base.blocks.7,0.922021
50,0,6,vit_tiny,cifar10,1.0,9,base.blocks.8,0.914526
50,0,6,vit_tiny,cifar10,1.0,10,base.blocks.9,0.906466
50,0,6,vit_tiny,cifar10,1.0,11,base.blocks.10,0.901770
50,0,6,vit_tiny,cifar10,1.0,12,base.blocks.11,0.891258
50,0,6,vit_tiny,cifar10,1.0,13,base.norm,0.847053
50,0,6,vit_tiny,cifar10,1.0,14,classifier,0.820252
50,0,7,vit_tiny,cifar10,1.0,0,base.patch_embed,0.987864
50,0,7,vit_tiny,cifar10,1.0,1,base.blocks.0,0.973983
50,0,7,vit_tiny,cifar10,1.0,2,base.blocks.1,0.940854
50,0,7,vit_tiny,cifar10,1.0,3,base.blocks.2,0.945907
50,0,7,vit_tiny,cifar10,1.0,4,base.blocks.3,0.937712
50,0,7,vit_tiny,cifar10,1.0,5,base.blocks.4,0.925642
50,0,7,vit_tiny,cifar10,1.0,6,base.blocks.5,0.913849
50,0,7,vit_tiny,cifar10,1.0,7,base.blocks.6,0.894758
50,0,7,vit_tiny,cifar10,1.0,8,base.blocks.7,0.876665
50,0,7,vit_tiny,cifar10,1.0,9,base.blocks.8,0.838201
50,0,7,vit_tiny,cifar10,1.0,10,base.blocks.9,0.818584
50,0,7,vit_tiny,cifar10,1.0,11,base.blocks.10,0.809429
50,0,7,vit_tiny,cifar10,1.0,12,base.blocks.11,0.798446
50,0,7,vit_tiny,cifar10,1.0,13,base.norm,0.761698
50,0,7,vit_tiny,cifar10,1.0,14,classifier,0.817053
50,0,8,vit_tiny,cifar10,1.0,0,base.patch_embed,0.992183
50,0,8,vit_tiny,cifar10,1.0,1,base.blocks.0,0.965991
50,0,8,vit_tiny,cifar10,1.0,2,base.blocks.1,0.947700
50,0,8,vit_tiny,cifar10,1.0,3,base.blocks.2,0.952504
50,0,8,vit_tiny,cifar10,1.0,4,base.blocks.3,0.947444
50,0,8,vit_tiny,cifar10,1.0,5,base.blocks.4,0.942742
50,0,8,vit_tiny,cifar10,1.0,6,base.blocks.5,0.934968
50,0,8,vit_tiny,cifar10,1.0,7,base.blocks.6,0.925449
50,0,8,vit_tiny,cifar10,1.0,8,base.blocks.7,0.915694
50,0,8,vit_tiny,cifar10,1.0,9,base.blocks.8,0.899335
50,0,8,vit_tiny,cifar10,1.0,10,base.blocks.9,0.887810
50,0,8,vit_tiny,cifar10,1.0,11,base.blocks.10,0.879864
50,0,8,vit_tiny,cifar10,1.0,12,base.blocks.11,0.868386
50,0,8,vit_tiny,cifar10,1.0,13,base.norm,0.838825
50,0,8,vit_tiny,cifar10,1.0,14,classifier,0.834818
50,0,9,vit_tiny,cifar10,1.0,0,base.patch_embed,0.989618
50,0,9,vit_tiny,cifar10,1.0,1,base.blocks.0,0.970977
50,0,9,vit_tiny,cifar10,1.0,2,base.blocks.1,0.971748
50,0,9,vit_tiny,cifar10,1.0,3,base.blocks.2,0.976524
50,0,9,vit_tiny,cifar10,1.0,4,base.blocks.3,0.970175
50,0,9,vit_tiny,cifar10,1.0,5,base.blocks.4,0.963848
50,0,9,vit_tiny,cifar10,1.0,6,base.blocks.5,0.956409
50,0,9,vit_tiny,cifar10,1.0,7,base.blocks.6,0.942782
50,0,9,vit_tiny,cifar10,1.0,8,base.blocks.7,0.930994
50,0,9,vit_tiny,cifar10,1.0,9,base.blocks.8,0.904952
50,0,9,vit_tiny,cifar10,1.0,10,base.blocks.9,0.885576
50,0,9,vit_tiny,cifar10,1.0,11,base.blocks.10,0.869783
50,0,9,vit_tiny,cifar10,1.0,12,base.blocks.11,0.838766
50,0,9,vit_tiny,cifar10,1.0,13,base.norm,0.835765
50,0,9,vit_tiny,cifar10,1.0,14,classifier,0.788539
50,1,2,vit_tiny,cifar10,1.0,0,base.patch_embed,0.995113
50,1,2,vit_tiny,cifar10,1.0,1,base.blocks.0,0.983000
50,1,2,vit_tiny,cifar10,1.0,2,base.blocks.1,0.974773
50,1,2,vit_tiny,cifar10,1.0,3,base.blocks.2,0.966896
50,1,2,vit_tiny,cifar10,1.0,4,base.blocks.3,0.959292
50,1,2,vit_tiny,cifar10,1.0,5,base.blocks.4,0.949178
50,1,2,vit_tiny,cifar10,1.0,6,base.blocks.5,0.940736
50,1,2,vit_tiny,cifar10,1.0,7,base.blocks.6,0.928732
50,1,2,vit_tiny,cifar10,1.0,8,base.blocks.7,0.915567
50,1,2,vit_tiny,cifar10,1.0,9,base.blocks.8,0.890493
50,1,2,vit_tiny,cifar10,1.0,10,base.blocks.9,0.885037
50,1,2,vit_tiny,cifar10,1.0,11,base.blocks.10,0.878931
50,1,2,vit_tiny,cifar10,1.0,12,base.blocks.11,0.869277
50,1,2,vit_tiny,cifar10,1.0,13,base.norm,0.824151
50,1,2,vit_tiny,cifar10,1.0,14,classifier,0.791620
50,1,3,vit_tiny,cifar10,1.0,0,base.patch_embed,0.993515
50,1,3,vit_tiny,cifar10,1.0,1,base.blocks.0,0.977737
50,1,3,vit_tiny,cifar10,1.0,2,base.blocks.1,0.976496
50,1,3,vit_tiny,cifar10,1.0,3,base.blocks.2,0.976464
50,1,3,vit_tiny,cifar10,1.0,4,base.blocks.3,0.965111
50,1,3,vit_tiny,cifar10,1.0,5,base.blocks.4,0.948189
50,1,3,vit_tiny,cifar10,1.0,6,base.blocks.5,0.933800
50,1,3,vit_tiny,cifar10,1.0,7,base.blocks.6,0.910181
50,1,3,vit_tiny,cifar10,1.0,8,base.blocks.7,0.891266
50,1,3,vit_tiny,cifar10,1.0,9,base.blocks.8,0.861256
50,1,3,vit_tiny,cifar10,1.0,10,base.blocks.9,0.844575
50,1,3,vit_tiny,cifar10,1.0,11,base.blocks.10,0.834689
50,1,3,vit_tiny,cifar10,1.0,12,base.blocks.11,0.826569
50,1,3,vit_tiny,cifar10,1.0,13,base.norm,0.767648
50,1,3,vit_tiny,cifar10,1.0,14,classifier,0.763978
50,1,4,vit_tiny,cifar10,1.0,0,base.patch_embed,0.992535
50,1,4,vit_tiny,cifar10,1.0,1,base.blocks.0,0.989441
50,1,4,vit_tiny,cifar10,1.0,2,base.blocks.1,0.985305
50,1,4,vit_tiny,cifar10,1.0,3,base.blocks.2,0.976138
50,1,4,vit_tiny,cifar10,1.0,4,base.blocks.3,0.967217
50,1,4,vit_tiny,cifar10,1.0,5,base.blocks.4,0.957018
50,1,4,vit_tiny,cifar10,1.0,6,base.blocks.5,0.945348
50,1,4,vit_tiny,cifar10,1.0,7,base.blocks.6,0.930633
50,1,4,vit_tiny,cifar10,1.0,8,base.blocks.7,0.919787
50,1,4,vit_tiny,cifar10,1.0,9,base.blocks.8,0.896695
50,1,4,vit_tiny,cifar10,1.0,10,base.blocks.9,0.882767
50,1,4,vit_tiny,cifar10,1.0,11,base.blocks.10,0.874657
50,1,4,vit_tiny,cifar10,1.0,12,base.blocks.11,0.868931
50,1,4,vit_tiny,cifar10,1.0,13,base.norm,0.818853
50,1,4,vit_tiny,cifar10,1.0,14,classifier,0.798817
50,1,5,vit_tiny,cifar10,1.0,0,base.patch_embed,0.998905
50,1,5,vit_tiny,cifar10,1.0,1,base.blocks.0,0.991038
50,1,5,vit_tiny,cifar10,1.0,2,base.blocks.1,0.980237
50,1,5,vit_tiny,cifar10,1.0,3,base.blocks.2,0.976052
50,1,5,vit_tiny,cifar10,1.0,4,base.blocks.3,0.962955
50,1,5,vit_tiny,cifar10,1.0,5,base.blocks.4,0.951658
50,1,5,vit_tiny,cifar10,1.0,6,base.blocks.5,0.936018
50,1,5,vit_tiny,cifar10,1.0,7,base.blocks.6,0.907980
50,1,5,vit_tiny,cifar10,1.0,8,base.blocks.7,0.886395
50,1,5,vit_tiny,cifar10,1.0,9,base.blocks.8,0.828616
50,1,5,vit_tiny,cifar10,1.0,10,base.blocks.9,0.811518
50,1,5,vit_tiny,cifar10,1.0,11,base.blocks.10,0.792520
50,1,5,vit_tiny,cifar10,1.0,12,base.blocks.11,0.772420
50,1,5,vit_tiny,cifar10,1.0,13,base.norm,0.786161
50,1,5,vit_tiny,cifar10,1.0,14,classifier,0.814571
50,1,6,vit_tiny,cifar10,1.0,0,base.patch_embed,0.997444
50,1,6,vit_tiny,cifar10,1.0,1,base.blocks.0,0.983020
50,1,6,vit_tiny,cifar10,1.0,2,base.blocks.1,0.979542
50,1,6,vit_tiny,cifar10,1.0,3,base.blocks.2,0.976599
50,1,6,vit_tiny,cifar10,1.0,4,base.blocks.3,0.960411
50,1,6,vit_tiny,cifar10,1.0,5,base.blocks.4,0.946983
50,1,6,vit_tiny,cifar10,1.0,6,base.blocks.5,0.936291
50,1,6,vit_tiny,cifar10,1.0,7,base.blocks.6,0.923728
50,1,6,vit_tiny,cifar10,1.0,8,base.blocks.7,0.912609
50,1,6,vit_tiny,cifar10,1.0,9,base.blocks.8,0.893616
50,1,6,vit_tiny,cifar10,1.0,10,base.blocks.9,0.879308
50,1,6,vit_tiny,cifar10,1.0,11,base.blocks.10,0.872386
50,1,6,vit_tiny,cifar10,1.0,12,base.blocks.11,0.860886
50,1,6,vit_tiny,cifar10,1.0,13,base.norm,0.795338
50,1,6,vit_tiny,cifar10,1.0,14,classifier,0.745541
50,1,7,vit_tiny,cifar10,1.0,0,base.patch_embed,0.995103
50,1,7,vit_tiny,cifar10,1.0,1,base.blocks.0,0.982806
50,1,7,vit_tiny,cifar10,1.0,2,base.blocks.1,0.966515
50,1,7,vit_tiny,cifar10,1.0,3,base.blocks.2,0.965818
50,1,7,vit_tiny,cifar10,1.0,4,base.blocks.3,0.961877
50,1,7,vit_tiny,cifar10,1.0,5,base.blocks.4,0.951358
50,1,7,vit_tiny,cifar10,1.0,6,base.blocks.5,0.940951
50,1,7,vit_tiny,cifar10,1.0,7,base.blocks.6,0.928202
50,1,7,vit_tiny,cifar10,1.0,8,base.blocks.7,0.915865
50,1,7,vit_tiny,cifar10,1.0,9,base.blocks.8,0.883957
50,1,7,vit_tiny,cifar10,1.0,10,base.blocks.9,0.871404
50,1,7,vit_tiny,cifar10,1.0,11,base.blocks.10,0.863427
50,1,7,vit_tiny,cifar10,1.0,12,base.blocks.11,0.854216
50,1,7,vit_tiny,cifar10,1.0,13,base.norm,0.821771
50,1,7,vit_tiny,cifar10,1.0,14,classifier,0.826337
50,1,8,vit_tiny,cifar10,1.0,0,base.patch_embed,0.995260
50,1,8,vit_tiny,cifar10,1.0,1,base.blocks.0,0.988416
50,1,8,vit_tiny,cifar10,1.0,2,base.blocks.1,0.979519
50,1,8,vit_tiny,cifar10,1.0,3,base.blocks.2,0.977228
50,1,8,vit_tiny,cifar10,1.0,4,base.blocks.3,0.966912
50,1,8,vit_tiny,cifar10,1.0,5,base.blocks.4,0.959436
50,1,8,vit_tiny,cifar10,1.0,6,base.blocks.5,0.948830
50,1,8,vit_tiny,cifar10,1.0,7,base.blocks.6,0.936696
50,1,8,vit_tiny,cifar10,1.0,8,base.blocks.7,0.925220
50,1,8,vit_tiny,cifar10,1.0,9,base.blocks.8,0.903835
50,1,8,vit_tiny,cifar10,1.0,10,base.blocks.9,0.892542
50,1,8,vit_tiny,cifar10,1.0,11,base.blocks.10,0.882552
50,1,8,vit_tiny,cifar10,1.0,12,base.blocks.11,0.861313
50,1,8,vit_tiny,cifar10,1.0,13,base.norm,0.848560
50,1,8,vit_tiny,cifar10,1.0,14,classifier,0.841837
50,1,9,vit_tiny,cifar10,1.0,0,base.patch_embed,0.997427
50,1,9,vit_tiny,cifar10,1.0,1,base.blocks.0,0.986151
50,1,9,vit_tiny,cifar10,1.0,2,base.blocks.1,0.979025
50,1,9,vit_tiny,cifar10,1.0,3,base.blocks.2,0.978637
50,1,9,vit_tiny,cifar10,1.0,4,base.blocks.3,0.968497
50,1,9,vit_tiny,cifar10,1.0,5,base.blocks.4,0.960938
50,1,9,vit_tiny,cifar10,1.0,6,base.blocks.5,0.953048
50,1,9,vit_tiny,cifar10,1.0,7,base.blocks.6,0.942739
50,1,9,vit_tiny,cifar10,1.0,8,base.blocks.7,0.933300
50,1,9,vit_tiny,cifar10,1.0,9,base.blocks.8,0.914892
50,1,9,vit_tiny,cifar10,1.0,10,base.blocks.9,0.906532
50,1,9,vit_tiny,cifar10,1.0,11,base.blocks.10,0.900339
50,1,9,vit_tiny,cifar10,1.0,12,base.blocks.11,0.884240
50,1,9,vit_tiny,cifar10,1.0,13,base.norm,0.858784
50,1,9,vit_tiny,cifar10,1.0,14,classifier,0.764560
50,2,3,vit_tiny,cifar10,1.0,0,base.patch_embed,0.990283
50,2,3,vit_tiny,cifar10,1.0,1,base.blocks.0,0.953112
50,2,3,vit_tiny,cifar10,1.0,2,base.blocks.1,0.949256
50,2,3,vit_tiny,cifar10,1.0,3,base.blocks.2,0.950657
50,2,3,vit_tiny,cifar10,1.0,4,base.blocks.3,0.931823
50,2,3,vit_tiny,cifar10,1.0,5,base.blocks.4,0.916164
50,2,3,vit_tiny,cifar10,1.0,6,base.blocks.5,0.905713
50,2,3,vit_tiny,cifar10,1.0,7,base.blocks.6,0.897559
50,2,3,vit_tiny,cifar10,1.0,8,base.blocks.7,0.884794
50,2,3,vit_tiny,cifar10,1.0,9,base.blocks.8,0.879934
50,2,3,vit_tiny,cifar10,1.0,10,base.blocks.9,0.878146
50,2,3,vit_tiny,cifar10,1.0,11,base.blocks.10,0.879393
50,2,3,vit_tiny,cifar10,1.0,12,base.blocks.11,0.885744
50,2,3,vit_tiny,cifar10,1.0,13,base.norm,0.801903
50,2,3,vit_tiny,cifar10,1.0,14,classifier,0.835528
50,2,4,vit_tiny,cifar10,1.0,0,base.patch_embed,0.998106
50,2,4,vit_tiny,cifar10,1.0,1,base.blocks.0,0.993030
50,2,4,vit_tiny,cifar10,1.0,2,base.blocks.1,0.983504
50,2,4,vit_tiny,cifar10,1.0,3,base.blocks.2,0.977970
50,2,4,vit_tiny,cifar10,1.0,4,base.blocks.3,0.970053
50,2,4,vit_tiny,cifar10,1.0,5,base.blocks.4,0.958336
50,2,4,vit_tiny,cifar10,1.0,6,base.blocks.5,0.945709
50,2,4,vit_tiny,cifar10,1.0,7,base.blocks.6,0.932209
50,2,4,vit_tiny,cifar10,1.0,8,base.blocks.7,0.917493
50,2,4,vit_tiny,cifar10,1.0,9,base.blocks.8,0.901213
50,2,4,vit_tiny,cifar10,1.0,10,base.blocks.9,0.889453
50,2,4,vit_tiny,cifar10,1.0,11,base.blocks.10,0.882714
50,2,4,vit_tiny,cifar10,1.0,12,base.blocks.11,0.879218
50,2,4,vit_tiny,cifar10,1.0,13,base.norm,0.819396
50,2,4,vit_tiny,cifar10,1.0,14,classifier,0.794983
50,2,5,vit_tiny,cifar10,1.0,0,base.patch_embed,0.997375
50,2,5,vit_tiny,cifar10,1.0,1,base.blocks.0,0.991745
50,2,5,vit_tiny,cifar10,1.0,2,base.blocks.1,0.986622
50,2,5,vit_tiny,cifar10,1.0,3,base.blocks.2,0.983488
50,2,5,vit_tiny,cifar10,1.0,4,base.blocks.3,0.972151
50,2,5,vit_tiny,cifar10,1.0,5,base.blocks.4,0.956304
50,2,5,vit_tiny,cifar10,1.0,6,base.blocks.5,0.942599
50,2,5,vit_tiny,cifar10,1.0,7,base.blocks.6,0.925198
50,2,5,vit_tiny,cifar10,1.0,8,base.blocks.7,0.908458
50,2,5,vit_tiny,cifar10,1.0,9,base.blocks.8,0.879575
50,2,5,vit_tiny,cifar10,1.0,10,base.blocks.9,0.864357
50,2,5,vit_tiny,cifar10,1.0,11,base.blocks.10,0.851364
50,2,5,vit_tiny,cifar10,1.0,12,base.blocks.11,0.831677
50,2,5,vit_tiny,cifar10,1.0,13,base.norm,0.824200
50,2,5,vit_tiny,cifar10,1.0,14,classifier,0.833016
50,2,6,vit_tiny,cifar10,1.0,0,base.patch_embed,0.998119
50,2,6,vit_tiny,cifar10,1.0,1,base.blocks.0,0.952590
50,2,6,vit_tiny,cifar10,1.0,2,base.blocks.1,0.939410
50,2,6,vit_tiny,cifar10,1.0,3,base.blocks.2,0.930843
50,2,6,vit_tiny,cifar10,1.0,4,base.blocks.3,0.912233
50,2,6,vit_tiny,cifar10,1.0,5,base.blocks.4,0.891113
50,2,6,vit_tiny,cifar10,1.0,6,base.blocks.5,0.875676
50,2,6,vit_tiny,cifar10,1.0,7,base.blocks.6,0.870871
50,2,6,vit_tiny,cifar10,1.0,8,base.blocks.7,0.853980
50,2,6,vit_tiny,cifar10,1.0,9,base.blocks.8,0.863500
50,2,6,vit_tiny,cifar10,1.0,10,base.blocks.9,0.862893
50,2,6,vit_tiny,cifar10,1.0,11,base.blocks.10,0.857729
50,2,6,vit_tiny,cifar10,1.0,12,base.blocks.11,0.857810
50,2,6,vit_tiny,cifar10,1.0,13,base.norm,0.797398
50,2,6,vit_tiny,cifar10,1.0,14,classifier,0.816360
50,2,7,vit_tiny,cifar10,1.0,0,base.patch_embed,0.991282
50,2,7,vit_tiny,cifar10,1.0,1,base.blocks.0,0.972542
50,2,7,vit_tiny,cifar10,1.0,2,base.blocks.1,0.960054
50,2,7,vit_tiny,cifar10,1.0,3,base.blocks.2,0.953068
50,2,7,vit_tiny,cifar10,1.0,4,base.blocks.3,0.948202
50,2,7,vit_tiny,cifar10,1.0,5,base.blocks.4,0.940771
50,2,7,vit_tiny,cifar10,1.0,6,base.blocks.5,0.933740
50,2,7,vit_tiny,cifar10,1.0,7,base.blocks.6,0.926441
50,2,7,vit_tiny,cifar10,1.0,8,base.blocks.7,0.916383
50,2,7,vit_tiny,cifar10,1.0,9,base.blocks.8,0.900528
50,2,7,vit_tiny,cifar10,1.0,10,base.blocks.9,0.890936
50,2,7,vit_tiny,cifar10,1.0,11,base.blocks.10,0.890333
50,2,7,vit_tiny,cifar10,1.0,12,base.blocks.11,0.883067
50,2,7,vit_tiny,cifar10,1.0,13,base.norm,0.837068
50,2,7,vit_tiny,cifar10,1.0,14,classifier,0.852197
50,2,8,vit_tiny,cifar10,1.0,0,base.patch_embed,0.994606
50,2,8,vit_tiny,cifar10,1.0,1,base.blocks.0,0.980544
50,2,8,vit_tiny,cifar10,1.0,2,base.blocks.1,0.972927
50,2,8,vit_tiny,cifar10,1.0,3,base.blocks.2,0.963283
50,2,8,vit_tiny,cifar10,1.0,4,base.blocks.3,0.957610
50,2,8,vit_tiny,cifar10,1.0,5,base.blocks.4,0.951414
50,2,8,vit_tiny,cifar10,1.0,6,base.blocks.5,0.947026
50,2,8,vit_tiny,cifar10,1.0,7,base.blocks.6,0.940892
50,2,8,vit_tiny,cifar10,1.0,8,base.blocks.7,0.934074
50,2,8,vit_tiny,cifar10,1.0,9,base.blocks.8,0.924684
50,2,8,vit_tiny,cifar10,1.0,10,base.blocks.9,0.917278
50,2,8,vit_tiny,cifar10,1.0,11,base.blocks.10,0.911282
50,2,8,vit_tiny,cifar10,1.0,12,base.blocks.11,0.898670
50,2,8,vit_tiny,cifar10,1.0,13,base.norm,0.860857
50,2,8,vit_tiny,cifar10,1.0,14,classifier,0.841473
50,2,9,vit_tiny,cifar10,1.0,0,base.patch_embed,0.993984
50,2,9,vit_tiny,cifar10,1.0,1,base.blocks.0,0.981847
50,2,9,vit_tiny,cifar10,1.0,2,base.blocks.1,0.983578
50,2,9,vit_tiny,cifar10,1.0,3,base.blocks.2,0.976176
50,2,9,vit_tiny,cifar10,1.0,4,base.blocks.3,0.970150
50,2,9,vit_tiny,cifar10,1.0,5,base.blocks.4,0.959882
50,2,9,vit_tiny,cifar10,1.0,6,base.blocks.5,0.951910
50,2,9,vit_tiny,cifar10,1.0,7,base.blocks.6,0.948206
50,2,9,vit_tiny,cifar10,1.0,8,base.blocks.7,0.937645
50,2,9,vit_tiny,cifar10,1.0,9,base.blocks.8,0.930536
50,2,9,vit_tiny,cifar10,1.0,10,base.blocks.9,0.926126
50,2,9,vit_tiny,cifar10,1.0,11,base.blocks.10,0.919823
50,2,9,vit_tiny,cifar10,1.0,12,base.blocks.11,0.904537
50,2,9,vit_tiny,cifar10,1.0,13,base.norm,0.860854
50,2,9,vit_tiny,cifar10,1.0,14,classifier,0.820454
50,3,4,vit_tiny,cifar10,1.0,0,base.patch_embed,0.985012
50,3,4,vit_tiny,cifar10,1.0,1,base.blocks.0,0.962605
50,3,4,vit_tiny,cifar10,1.0,2,base.blocks.1,0.977405
50,3,4,vit_tiny,cifar10,1.0,3,base.blocks.2,0.980596
50,3,4,vit_tiny,cifar10,1.0,4,base.blocks.3,0.969402
50,3,4,vit_tiny,cifar10,1.0,5,base.blocks.4,0.961765
50,3,4,vit_tiny,cifar10,1.0,6,base.blocks.5,0.956087
50,3,4,vit_tiny,cifar10,1.0,7,base.blocks.6,0.942782
50,3,4,vit_tiny,cifar10,1.0,8,base.blocks.7,0.931914
50,3,4,vit_tiny,cifar10,1.0,9,base.blocks.8,0.921847
50,3,4,vit_tiny,cifar10,1.0,10,base.blocks.9,0.907789
50,3,4,vit_tiny,cifar10,1.0,11,base.blocks.10,0.900096
50,3,4,vit_tiny,cifar10,1.0,12,base.blocks.11,0.889613
50,3,4,vit_tiny,cifar10,1.0,13,base.norm,0.849704
50,3,4,vit_tiny,cifar10,1.0,14,classifier,0.785614
50,3,5,vit_tiny,cifar10,1.0,0,base.patch_embed,0.994643
50,3,5,vit_tiny,cifar10,1.0,1,base.blocks.0,0.968558
50,3,5,vit_tiny,cifar10,1.0,2,base.blocks.1,0.959674
50,3,5,vit_tiny,cifar10,1.0,3,base.blocks.2,0.958683
50,3,5,vit_tiny,cifar10,1.0,4,base.blocks.3,0.938372
50,3,5,vit_tiny,cifar10,1.0,5,base.blocks.4,0.922410
50,3,5,vit_tiny,cifar10,1.0,6,base.blocks.5,0.907452
50,3,5,vit_tiny,cifar10,1.0,7,base.blocks.6,0.883556
50,3,5,vit_tiny,cifar10,1.0,8,base.blocks.7,0.862284
50,3,5,vit_tiny,cifar10,1.0,9,base.blocks.8,0.822161
50,3,5,vit_tiny,cifar10,1.0,10,base.blocks.9,0.800590
50,3,5,vit_tiny,cifar10,1.0,11,base.blocks.10,0.790709
50,3,5,vit_tiny,cifar10,1.0,12,base.blocks.11,0.776901
50,3,5,vit_tiny,cifar10,1.0,13,base.norm,0.789555
50,3,5,vit_tiny,cifar10,1.0,14,classifier,0.749595
50,3,6,vit_tiny,cifar10,1.0,0,base.patch_embed,0.995062
50,3,6,vit_tiny,cifar10,1.0,1,base.blocks.0,0.992538
50,3,6,vit_tiny,cifar10,1.0,2,base.blocks.1,0.979935
50,3,6,vit_tiny,cifar10,1.0,3,base.blocks.2,0.973157
50,3,6,vit_tiny,cifar10,1.0,4,base.blocks.3,0.963730
50,3,6,vit_tiny,cifar10,1.0,5,base.blocks.4,0.950351
50,3,6,vit_tiny,cifar10,1.0,6,base.blocks.5,0.940843
50,3,6,vit_tiny,cifar10,1.0,7,base.blocks.6,0.926814
50,3,6,vit_tiny,cifar10,1.0,8,base.blocks.7,0.913047
50,3,6,vit_tiny,cifar10,1.0,9,base.blocks.8,0.894198
50,3,6,vit_tiny,cifar10,1.0,10,base.blocks.9,0.878964
50,3,6,vit_tiny,cifar10,1.0,11,base.blocks.10,0.864292
50,3,6,vit_tiny,cifar10,1.0,12,base.blocks.11,0.851804
50,3,6,vit_tiny,cifar10,1.0,13,base.norm,0.852329
50,3,6,vit_tiny,cifar10,1.0,14,classifier,0.804917
50,3,7,vit_tiny,cifar10,1.0,0,base.patch_embed,0.992194
50,3,7,vit_tiny,cifar10,1.0,1,base.blocks.0,0.984909
50,3,7,vit_tiny,cifar10,1.0,2,base.blocks.1,0.980525
50,3,7,vit_tiny,cifar10,1.0,3,base.blocks.2,0.979971
50,3,7,vit_tiny,cifar10,1.0,4,base.blocks.3,0.963634
50,3,7,vit_tiny,cifar10,1.0,5,base.blocks.4,0.946514
50,3,7,vit_tiny,cifar10,1.0,6,base.blocks.5,0.930542
50,3,7,vit_tiny,cifar10,1.0,7,base.blocks.6,0.908575
50,3,7,vit_tiny,cifar10,1.0,8,base.blocks.7,0.893258
50,3,7,vit_tiny,cifar10,1.0,9,base.blocks.8,0.856764
50,3,7,vit_tiny,cifar10,1.0,10,base.blocks.9,0.842515
50,3,7,vit_tiny,cifar10,1.0,11,base.blocks.10,0.843621
50,3,7,vit_tiny,cifar10,1.0,12,base.blocks.11,0.844685
50,3,7,vit_tiny,cifar10,1.0,13,base.norm,0.806332
50,3,7,vit_tiny,cifar10,1.0,14,classifier,0.820154
50,3,8,vit_tiny,cifar10,1.0,0,base.patch_embed,0.993933
50,3,8,vit_tiny,cifar10,1.0,1,base.blocks.0,0.968470
50,3,8,vit_tiny,cifar10,1.0,2,base.blocks.1,0.972689
50,3,8,vit_tiny,cifar10,1.0,3,base.blocks.2,0.977322
50,3,8,vit_tiny,cifar10,1.0,4,base.blocks.3,0.961483
50,3,8,vit_tiny,cifar10,1.0,5,base.blocks.4,0.950241
50,3,8,vit_tiny,cifar10,1.0,6,base.blocks.5,0.940658
50,3,8,vit_tiny,cifar10,1.0,7,base.blocks.6,0.931761
50,3,8,vit_tiny,cifar10,1.0,8,base.blocks.7,0.921088
50,3,8,vit_tiny,cifar10,1.0,9,base.blocks.8,0.912027
50,3,8,vit_tiny,cifar10,1.0,10,base.blocks.9,0.903593
50,3,8,vit_tiny,cifar10,1.0,11,base.blocks.10,0.898744
50,3,8,vit_tiny,cifar10,1.0,12,base.blocks.11,0.891117
50,3,8,vit_tiny,cifar10,1.0,13,base.norm,0.859170
50,3,8,vit_tiny,cifar10,1.0,14,classifier,0.814097
50,3,9,vit_tiny,cifar10,1.0,0,base.patch_embed,0.987966
50,3,9,vit_tiny,cifar10,1.0,1,base.blocks.0,0.965050
50,3,9,vit_tiny,cifar10,1.0,2,base.blocks.1,0.962338
50,3,9,vit_tiny,cifar10,1.0,3,base.blocks.2,0.967444
50,3,9,vit_tiny,cifar10,1.0,4,base.blocks.3,0.953782
50,3,9,vit_tiny,cifar10,1.0,5,base.blocks.4,0.944321
50,3,9,vit_tiny,cifar10,1.0,6,base.blocks.5,0.936002
50,3,9,vit_tiny,cifar10,1.0,7,base.blocks.6,0.927263
50,3,9,vit_tiny,cifar10,1.0,8,base.blocks.7,0.915992
50,3,9,vit_tiny,cifar10,1.0,9,base.blocks.8,0.906975
50,3,9,vit_tiny,cifar10,1.0,10,base.blocks.9,0.893068
50,3,9,vit_tiny,cifar10,1.0,11,base.blocks.10,0.884249
50,3,9,vit_tiny,cifar10,1.0,12,base.blocks.11,0.872797
50,3,9,vit_tiny,cifar10,1.0,13,base.norm,0.850207
50,3,9,vit_tiny,cifar10,1.0,14,classifier,0.784611
50,4,5,vit_tiny,cifar10,1.0,0,base.patch_embed,0.995043
50,4,5,vit_tiny,cifar10,1.0,1,base.blocks.0,0.988796
50,4,5,vit_tiny,cifar10,1.0,2,base.blocks.1,0.981475
50,4,5,vit_tiny,cifar10,1.0,3,base.blocks.2,0.977612
50,4,5,vit_tiny,cifar10,1.0,4,base.blocks.3,0.961995
50,4,5,vit_tiny,cifar10,1.0,5,base.blocks.4,0.943586
50,4,5,vit_tiny,cifar10,1.0,6,base.blocks.5,0.922182
50,4,5,vit_tiny,cifar10,1.0,7,base.blocks.6,0.886046
50,4,5,vit_tiny,cifar10,1.0,8,base.blocks.7,0.855041
50,4,5,vit_tiny,cifar10,1.0,9,base.blocks.8,0.800457
50,4,5,vit_tiny,cifar10,1.0,10,base.blocks.9,0.762215
50,4,5,vit_tiny,cifar10,1.0,11,base.blocks.10,0.734773
50,4,5,vit_tiny,cifar10,1.0,12,base.blocks.11,0.710499
50,4,5,vit_tiny,cifar10,1.0,13,base.norm,0.757737
50,4,5,vit_tiny,cifar10,1.0,14,classifier,0.750177
50,4,6,vit_tiny,cifar10,1.0,0,base.patch_embed,0.996367
50,4,6,vit_tiny,cifar10,1.0,1,base.blocks.0,0.965803
50,4,6,vit_tiny,cifar10,1.0,2,base.blocks.1,0.970273
50,4,6,vit_tiny,cifar10,1.0,3,base.blocks.2,0.963976
50,4,6,vit_tiny,cifar10,1.0,4,base.blocks.3,0.948960
50,4,6,vit_tiny,cifar10,1.0,5,base.blocks.4,0.934777
50,4,6,vit_tiny,cifar10,1.0,6,base.blocks.5,0.921484
50,4,6,vit_tiny,cifar10,1.0,7,base.blocks.6,0.903825
50,4,6,vit_tiny,cifar10,1.0,8,base.blocks.7,0.888267
50,4,6,vit_tiny,cifar10,1.0,9,base.blocks.8,0.867568
50,4,6,vit_tiny,cifar10,1.0,10,base.blocks.9,0.848668
50,4,6,vit_tiny,cifar10,1.0,11,base.blocks.10,0.835707
50,4,6,vit_tiny,cifar10,1.0,12,base.blocks.11,0.826432
50,4,6,vit_tiny,cifar10,1.0,13,base.norm,0.780138
50,4,6,vit_tiny,cifar10,1.0,14,classifier,0.767765
50,4,7,vit_tiny,cifar10,1.0,0,base.patch_embed,0.992389
50,4,7,vit_tiny,cifar10,1.0,1,base.blocks.0,0.979828
50,4,7,vit_tiny,cifar10,1.0,2,base.blocks.1,0.980078
50,4,7,vit_tiny,cifar10,1.0,3,base.blocks.2,0.976705
50,4,7,vit_tiny,cifar10,1.0,4,base.blocks.3,0.961528
50,4,7,vit_tiny,cifar10,1.0,5,base.blocks.4,0.947156
50,4,7,vit_tiny,cifar10,1.0,6,base.blocks.5,0.932389
50,4,7,vit_tiny,cifar10,1.0,7,base.blocks.6,0.908544
50,4,7,vit_tiny,cifar10,1.0,8,base.blocks.7,0.889857
50,4,7,vit_tiny,cifar10,1.0,9,base.blocks.8,0.841549
50,4,7,vit_tiny,cifar10,1.0,10,base.blocks.9,0.813682
50,4,7,vit_tiny,cifar10,1.0,11,base.blocks.10,0.800772
50,4,7,vit_tiny,cifar10,1.0,12,base.blocks.11,0.793098
50,4,7,vit_tiny,cifar10,1.0,13,base.norm,0.758920
50,4,7,vit_tiny,cifar10,1.0,14,classifier,0.811001
50,4,8,vit_tiny,cifar10,1.0,0,base.patch_embed,0.995444
50,4,8,vit_tiny,cifar10,1.0,1,base.blocks.0,0.990488
50,4,8,vit_tiny,cifar10,1.0,2,base.blocks.1,0.988568
50,4,8,vit_tiny,cifar10,1.0,3,base.blocks.2,0.985455
50,4,8,vit_tiny,cifar10,1.0,4,base.blocks.3,0.971905
50,4,8,vit_tiny,cifar10,1.0,5,base.blocks.4,0.961635
50,4,8,vit_tiny,cifar10,1.0,6,base.blocks.5,0.950323
50,4,8,vit_tiny,cifar10,1.0,7,base.blocks.6,0.934729
50,4,8,vit_tiny,cifar10,1.0,8,base.blocks.7,0.920607
50,4,8,vit_tiny,cifar10,1.0,9,base.blocks.8,0.896556
50,4,8,vit_tiny,cifar10,1.0,10,base.blocks.9,0.875807
50,4,8,vit_tiny,cifar10,1.0,11,base.blocks.10,0.859295
50,4,8,vit_tiny,cifar10,1.0,12,base.blocks.11,0.837345
50,4,8,vit_tiny,cifar10,1.0,13,base.norm,0.828120
50,4,8,vit_tiny,cifar10,1.0,14,classifier,0.790734
50,4,9,vit_tiny,cifar10,1.0,0,base.patch_embed,0.995275
50,4,9,vit_tiny,cifar10,1.0,1,base.blocks.0,0.984292
50,4,9,vit_tiny,cifar10,1.0,2,base.blocks.1,0.987395
50,4,9,vit_tiny,cifar10,1.0,3,base.blocks.2,0.987565
50,4,9,vit_tiny,cifar10,1.0,4,base.blocks.3,0.979424
50,4,9,vit_tiny,cifar10,1.0,5,base.blocks.4,0.972513
50,4,9,vit_tiny,cifar10,1.0,6,base.blocks.5,0.964445
50,4,9,vit_tiny,cifar10,1.0,7,base.blocks.6,0.952169
50,4,9,vit_tiny,cifar10,1.0,8,base.blocks.7,0.940533
50,4,9,vit_tiny,cifar10,1.0,9,base.blocks.8,0.923480
50,4,9,vit_tiny,cifar10,1.0,10,base.blocks.9,0.902074
50,4,9,vit_tiny,cifar10,1.0,11,base.blocks.10,0.885263
50,4,9,vit_tiny,cifar10,1.0,12,base.blocks.11,0.859099
50,4,9,vit_tiny,cifar10,1.0,13,base.norm,0.847886
50,4,9,vit_tiny,cifar10,1.0,14,classifier,0.773643
50,5,6,vit_tiny,cifar10,1.0,0,base.patch_embed,0.998554
50,5,6,vit_tiny,cifar10,1.0,1,base.blocks.0,0.969756
50,5,6,vit_tiny,cifar10,1.0,2,base.blocks.1,0.954942
50,5,6,vit_tiny,cifar10,1.0,3,base.blocks.2,0.946400
50,5,6,vit_tiny,cifar10,1.0,4,base.blocks.3,0.921874
50,5,6,vit_tiny,cifar10,1.0,5,base.blocks.4,0.905191
50,5,6,vit_tiny,cifar10,1.0,6,base.blocks.5,0.891138
50,5,6,vit_tiny,cifar10,1.0,7,base.blocks.6,0.874097
50,5,6,vit_tiny,cifar10,1.0,8,base.blocks.7,0.855403
50,5,6,vit_tiny,cifar10,1.0,9,base.blocks.8,0.831400
50,5,6,vit_tiny,cifar10,1.0,10,base.blocks.9,0.813317
50,5,6,vit_tiny,cifar10,1.0,11,base.blocks.10,0.797125
50,5,6,vit_tiny,cifar10,1.0,12,base.blocks.11,0.791080
50,5,6,vit_tiny,cifar10,1.0,13,base.norm,0.809821
50,5,6,vit_tiny,cifar10,1.0,14,classifier,0.791782
50,5,7,vit_tiny,cifar10,1.0,0,base.patch_embed,0.996032
50,5,7,vit_tiny,cifar10,1.0,1,base.blocks.0,0.983924
50,5,7,vit_tiny,cifar10,1.0,2,base.blocks.1,0.968327
50,5,7,vit_tiny,cifar10,1.0,3,base.blocks.2,0.963686
50,5,7,vit_tiny,cifar10,1.0,4,base.blocks.3,0.958703
50,5,7,vit_tiny,cifar10,1.0,5,base.blocks.4,0.954722
50,5,7,vit_tiny,cifar10,1.0,6,base.blocks.5,0.948433
50,5,7,vit_tiny,cifar10,1.0,7,base.blocks.6,0.941704
50,5,7,vit_tiny,cifar10,1.0,8,base.blocks.7,0.936287
50,5,7,vit_tiny,cifar10,1.0,9,base.blocks.8,0.924764
50,5,7,vit_tiny,cifar10,1.0,10,base.blocks.9,0.915908
50,5,7,vit_tiny,cifar10,1.0,11,base.blocks.10,0.912332
50,5,7,vit_tiny,cifar10,1.0,12,base.blocks.11,0.899784
50,5,7,vit_tiny,cifar10,1.0,13,base.norm,0.888029
50,5,7,vit_tiny,cifar10,1.0,14,classifier,0.870098
50,5,8,vit_tiny,cifar10,1.0,0,base.patch_embed,0.997315
50,5,8,vit_tiny,cifar10,1.0,1,base.blocks.0,0.984189
50,5,8,vit_tiny,cifar10,1.0,2,base.blocks.1,0.977929
50,5,8,vit_tiny,cifar10,1.0,3,base.blocks.2,0.973895
50,5,8,vit_tiny,cifar10,1.0,4,base.blocks.3,0.966443
50,5,8,vit_tiny,cifar10,1.0,5,base.blocks.4,0.961590
50,5,8,vit_tiny,cifar10,1.0,6,base.blocks.5,0.954435
50,5,8,vit_tiny,cifar10,1.0,7,base.blocks.6,0.940650
50,5,8,vit_tiny,cifar10,1.0,8,base.blocks.7,0.928444
50,5,8,vit_tiny,cifar10,1.0,9,base.blocks.8,0.900520
50,5,8,vit_tiny,cifar10,1.0,10,base.blocks.9,0.886153
50,5,8,vit_tiny,cifar10,1.0,11,base.blocks.10,0.879798
50,5,8,vit_tiny,cifar10,1.0,12,base.blocks.11,0.870627
50,5,8,vit_tiny,cifar10,1.0,13,base.norm,0.864296
50,5,8,vit_tiny,cifar10,1.0,14,classifier,0.837128
50,5,9,vit_tiny,cifar10,1.0,0,base.patch_embed,0.997096
50,5,9,vit_tiny,cifar10,1.0,1,base.blocks.0,0.987351
50,5,9,vit_tiny,cifar10,1.0,2,base.blocks.1,0.984616
50,5,9,vit_tiny,cifar10,1.0,3,base.blocks.2,0.977547
50,5,9,vit_tiny,cifar10,1.0,4,base.blocks.3,0.963234
50,5,9,vit_tiny,cifar10,1.0,5,base.blocks.4,0.947911
50,5,9,vit_tiny,cifar10,1.0,6,base.blocks.5,0.932882
50,5,9,vit_tiny,cifar10,1.0,7,base.blocks.6,0.921558
50,5,9,vit_tiny,cifar10,1.0,8,base.blocks.7,0.905791
50,5,9,vit_tiny,cifar10,1.0,9,base.blocks.8,0.880949
50,5,9,vit_tiny,cifar10,1.0,10,base.blocks.9,0.872643
50,5,9,vit_tiny,cifar10,1.0,11,base.blocks.10,0.866467
50,5,9,vit_tiny,cifar10,1.0,12,base.blocks.11,0.872231
50,5,9,vit_tiny,cifar10,1.0,13,base.norm,0.867249
50,5,9,vit_tiny,cifar10,1.0,14,classifier,0.788765
50,6,7,vit_tiny,cifar10,1.0,0,base.patch_embed,0.995017
50,6,7,vit_tiny,cifar10,1.0,1,base.blocks.0,0.981278
50,6,7,vit_tiny,cifar10,1.0,2,base.blocks.1,0.958165
50,6,7,vit_tiny,cifar10,1.0,3,base.blocks.2,0.951573
50,6,7,vit_tiny,cifar10,1.0,4,base.blocks.3,0.936962
50,6,7,vit_tiny,cifar10,1.0,5,base.blocks.4,0.919767
50,6,7,vit_tiny,cifar10,1.0,6,base.blocks.5,0.907014
50,6,7,vit_tiny,cifar10,1.0,7,base.blocks.6,0.897977
50,6,7,vit_tiny,cifar10,1.0,8,base.blocks.7,0.885290
50,6,7,vit_tiny,cifar10,1.0,9,base.blocks.8,0.878003
50,6,7,vit_tiny,cifar10,1.0,10,base.blocks.9,0.871078
50,6,7,vit_tiny,cifar10,1.0,11,base.blocks.10,0.867488
50,6,7,vit_tiny,cifar10,1.0,12,base.blocks.11,0.871696
50,6,7,vit_tiny,cifar10,1.0,13,base.norm,0.847376
50,6,7,vit_tiny,cifar10,1.0,14,classifier,0.836763
50,6,8,vit_tiny,cifar10,1.0,0,base.patch_embed,0.997520
50,6,8,vit_tiny,cifar10,1.0,1,base.blocks.0,0.974589
50,6,8,vit_tiny,cifar10,1.0,2,base.blocks.1,0.966856
50,6,8,vit_tiny,cifar10,1.0,3,base.blocks.2,0.967069
50,6,8,vit_tiny,cifar10,1.0,4,base.blocks.3,0.951666
50,6,8,vit_tiny,cifar10,1.0,5,base.blocks.4,0.938261
50,6,8,vit_tiny,cifar10,1.0,6,base.blocks.5,0.925058
50,6,8,vit_tiny,cifar10,1.0,7,base.blocks.6,0.916964
50,6,8,vit_tiny,cifar10,1.0,8,base.blocks.7,0.903621
50,6,8,vit_tiny,cifar10,1.0,9,base.blocks.8,0.903088
50,6,8,vit_tiny,cifar10,1.0,10,base.blocks.9,0.893898
50,6,8,vit_tiny,cifar10,1.0,11,base.blocks.10,0.885481
50,6,8,vit_tiny,cifar10,1.0,12,base.blocks.11,0.879448
50,6,8,vit_tiny,cifar10,1.0,13,base.norm,0.857411
50,6,8,vit_tiny,cifar10,1.0,14,classifier,0.827872
50,6,9,vit_tiny,cifar10,1.0,0,base.patch_embed,0.995277
50,6,9,vit_tiny,cifar10,1.0,1,base.blocks.0,0.972415
50,6,9,vit_tiny,cifar10,1.0,2,base.blocks.1,0.966863
50,6,9,vit_tiny,cifar10,1.0,3,base.blocks.2,0.971462
50,6,9,vit_tiny,cifar10,1.0,4,base.blocks.3,0.954546
50,6,9,vit_tiny,cifar10,1.0,5,base.blocks.4,0.942808
50,6,9,vit_tiny,cifar10,1.0,6,base.blocks.5,0.931716
50,6,9,vit_tiny,cifar10,1.0,7,base.blocks.6,0.920394
50,6,9,vit_tiny,cifar10,1.0,8,base.blocks.7,0.907473
50,6,9,vit_tiny,cifar10,1.0,9,base.blocks.8,0.900776
50,6,9,vit_tiny,cifar10,1.0,10,base.blocks.9,0.888812
50,6,9,vit_tiny,cifar10,1.0,11,base.blocks.10,0.881234
50,6,9,vit_tiny,cifar10,1.0,12,base.blocks.11,0.873257
50,6,9,vit_tiny,cifar10,1.0,13,base.norm,0.853630
50,6,9,vit_tiny,cifar10,1.0,14,classifier,0.806902
50,7,8,vit_tiny,cifar10,1.0,0,base.patch_embed,0.997851
50,7,8,vit_tiny,cifar10,1.0,1,base.blocks.0,0.985926
50,7,8,vit_tiny,cifar10,1.0,2,base.blocks.1,0.983282
50,7,8,vit_tiny,cifar10,1.0,3,base.blocks.2,0.974842
50,7,8,vit_tiny,cifar10,1.0,4,base.blocks.3,0.965550
50,7,8,vit_tiny,cifar10,1.0,5,base.blocks.4,0.958385
50,7,8,vit_tiny,cifar10,1.0,6,base.blocks.5,0.952766
50,7,8,vit_tiny,cifar10,1.0,7,base.blocks.6,0.947420
50,7,8,vit_tiny,cifar10,1.0,8,base.blocks.7,0.940734
50,7,8,vit_tiny,cifar10,1.0,9,base.blocks.8,0.930489
50,7,8,vit_tiny,cifar10,1.0,10,base.blocks.9,0.920389
50,7,8,vit_tiny,cifar10,1.0,11,base.blocks.10,0.920010
50,7,8,vit_tiny,cifar10,1.0,12,base.blocks.11,0.913710
50,7,8,vit_tiny,cifar10,1.0,13,base.norm,0.893557
50,7,8,vit_tiny,cifar10,1.0,14,classifier,0.871850
50,7,9,vit_tiny,cifar10,1.0,0,base.patch_embed,0.997493
50,7,9,vit_tiny,cifar10,1.0,1,base.blocks.0,0.975942
50,7,9,vit_tiny,cifar10,1.0,2,base.blocks.1,0.964136
50,7,9,vit_tiny,cifar10,1.0,3,base.blocks.2,0.961300
50,7,9,vit_tiny,cifar10,1.0,4,base.blocks.3,0.952138
50,7,9,vit_tiny,cifar10,1.0,5,base.blocks.4,0.940650
50,7,9,vit_tiny,cifar10,1.0,6,base.blocks.5,0.928001
50,7,9,vit_tiny,cifar10,1.0,7,base.blocks.6,0.923780
50,7,9,vit_tiny,cifar10,1.0,8,base.blocks.7,0.915312
50,7,9,vit_tiny,cifar10,1.0,9,base.blocks.8,0.904173
50,7,9,vit_tiny,cifar10,1.0,10,base.blocks.9,0.900264
50,7,9,vit_tiny,cifar10,1.0,11,base.blocks.10,0.903064
50,7,9,vit_tiny,cifar10,1.0,12,base.blocks.11,0.903353
50,7,9,vit_tiny,cifar10,1.0,13,base.norm,0.873654
50,7,9,vit_tiny,cifar10,1.0,14,classifier,0.814449
50,8,9,vit_tiny,cifar10,1.0,0,base.patch_embed,0.996322
50,8,9,vit_tiny,cifar10,1.0,1,base.blocks.0,0.981530
50,8,9,vit_tiny,cifar10,1.0,2,base.blocks.1,0.976503
50,8,9,vit_tiny,cifar10,1.0,3,base.blocks.2,0.976785
50,8,9,vit_tiny,cifar10,1.0,4,base.blocks.3,0.965550
50,8,9,vit_tiny,cifar10,1.0,5,base.blocks.4,0.958381
50,8,9,vit_tiny,cifar10,1.0,6,base.blocks.5,0.950675
50,8,9,vit_tiny,cifar10,1.0,7,base.blocks.6,0.947707
50,8,9,vit_tiny,cifar10,1.0,8,base.blocks.7,0.940997
50,8,9,vit_tiny,cifar10,1.0,9,base.blocks.8,0.935354
50,8,9,vit_tiny,cifar10,1.0,10,base.blocks.9,0.928333
50,8,9,vit_tiny,cifar10,1.0,11,base.blocks.10,0.922131
50,8,9,vit_tiny,cifar10,1.0,12,base.blocks.11,0.908831
50,8,9,vit_tiny,cifar10,1.0,13,base.norm,0.900721
50,8,9,vit_tiny,cifar10,1.0,14,classifier,0.803150
