round,client_i,client_j,model_name,dataset,alpha,layer_index,layer_name,cka_diagonal
1,0,1,vig_tiny,cifar10,0.3,0,_vig_stem,0.892150
1,0,1,vig_tiny,cifar10,0.3,1,_vig_blocks.0,0.875930
1,0,1,vig_tiny,cifar10,0.3,2,_vig_blocks.1,0.889081
1,0,1,vig_tiny,cifar10,0.3,3,_vig_blocks.2,0.878986
1,0,1,vig_tiny,cifar10,0.3,4,_vig_blocks.3,0.873045
1,0,1,vig_tiny,cifar10,0.3,5,_vig_blocks.4,0.877141
1,0,1,vig_tiny,cifar10,0.3,6,_vig_blocks.5,0.864549
1,0,1,vig_tiny,cifar10,0.3,7,_vig_blocks.6,0.851196
1,0,1,vig_tiny,cifar10,0.3,8,_vig_blocks.7,0.842038
1,0,1,vig_tiny,cifar10,0.3,9,_vig_blocks.8,0.856702
1,0,1,vig_tiny,cifar10,0.3,10,_vig_blocks.9,0.853332
1,0,1,vig_tiny,cifar10,0.3,11,_vig_blocks.10,0.834156
1,0,1,vig_tiny,cifar10,0.3,12,_vig_blocks.11,0.826314
1,0,1,vig_tiny,cifar10,0.3,13,classifier,0.622475
1,0,2,vig_tiny,cifar10,0.3,0,_vig_stem,0.779909
1,0,2,vig_tiny,cifar10,0.3,1,_vig_blocks.0,0.743710
1,0,2,vig_tiny,cifar10,0.3,2,_vig_blocks.1,0.740448
1,0,2,vig_tiny,cifar10,0.3,3,_vig_blocks.2,0.729991
1,0,2,vig_tiny,cifar10,0.3,4,_vig_blocks.3,0.693680
1,0,2,vig_tiny,cifar10,0.3,5,_vig_blocks.4,0.687381
1,0,2,vig_tiny,cifar10,0.3,6,_vig_blocks.5,0.681471
1,0,2,vig_tiny,cifar10,0.3,7,_vig_blocks.6,0.654871
1,0,2,vig_tiny,cifar10,0.3,8,_vig_blocks.7,0.640435
1,0,2,vig_tiny,cifar10,0.3,9,_vig_blocks.8,0.652806
1,0,2,vig_tiny,cifar10,0.3,10,_vig_blocks.9,0.640427
1,0,2,vig_tiny,cifar10,0.3,11,_vig_blocks.10,0.627755
1,0,2,vig_tiny,cifar10,0.3,12,_vig_blocks.11,0.636251
1,0,2,vig_tiny,cifar10,0.3,13,classifier,0.337118
1,0,3,vig_tiny,cifar10,0.3,0,_vig_stem,0.800345
1,0,3,vig_tiny,cifar10,0.3,1,_vig_blocks.0,0.754606
1,0,3,vig_tiny,cifar10,0.3,2,_vig_blocks.1,0.769086
1,0,3,vig_tiny,cifar10,0.3,3,_vig_blocks.2,0.735350
1,0,3,vig_tiny,cifar10,0.3,4,_vig_blocks.3,0.732853
1,0,3,vig_tiny,cifar10,0.3,5,_vig_blocks.4,0.717339
1,0,3,vig_tiny,cifar10,0.3,6,_vig_blocks.5,0.727316
1,0,3,vig_tiny,cifar10,0.3,7,_vig_blocks.6,0.709515
1,0,3,vig_tiny,cifar10,0.3,8,_vig_blocks.7,0.718286
1,0,3,vig_tiny,cifar10,0.3,9,_vig_blocks.8,0.721939
1,0,3,vig_tiny,cifar10,0.3,10,_vig_blocks.9,0.718126
1,0,3,vig_tiny,cifar10,0.3,11,_vig_blocks.10,0.723072
1,0,3,vig_tiny,cifar10,0.3,12,_vig_blocks.11,0.708784
1,0,3,vig_tiny,cifar10,0.3,13,classifier,0.340701
1,0,4,vig_tiny,cifar10,0.3,0,_vig_stem,0.825266
1,0,4,vig_tiny,cifar10,0.3,1,_vig_blocks.0,0.828394
1,0,4,vig_tiny,cifar10,0.3,2,_vig_blocks.1,0.807707
1,0,4,vig_tiny,cifar10,0.3,3,_vig_blocks.2,0.803431
1,0,4,vig_tiny,cifar10,0.3,4,_vig_blocks.3,0.804684
1,0,4,vig_tiny,cifar10,0.3,5,_vig_blocks.4,0.814784
1,0,4,vig_tiny,cifar10,0.3,6,_vig_blocks.5,0.807796
1,0,4,vig_tiny,cifar10,0.3,7,_vig_blocks.6,0.793015
1,0,4,vig_tiny,cifar10,0.3,8,_vig_blocks.7,0.806135
1,0,4,vig_tiny,cifar10,0.3,9,_vig_blocks.8,0.822292
1,0,4,vig_tiny,cifar10,0.3,10,_vig_blocks.9,0.831722
1,0,4,vig_tiny,cifar10,0.3,11,_vig_blocks.10,0.822265
1,0,4,vig_tiny,cifar10,0.3,12,_vig_blocks.11,0.806540
1,0,4,vig_tiny,cifar10,0.3,13,classifier,0.445786
1,0,5,vig_tiny,cifar10,0.3,0,_vig_stem,0.767117
1,0,5,vig_tiny,cifar10,0.3,1,_vig_blocks.0,0.745726
1,0,5,vig_tiny,cifar10,0.3,2,_vig_blocks.1,0.714243
1,0,5,vig_tiny,cifar10,0.3,3,_vig_blocks.2,0.664538
1,0,5,vig_tiny,cifar10,0.3,4,_vig_blocks.3,0.655008
1,0,5,vig_tiny,cifar10,0.3,5,_vig_blocks.4,0.623224
1,0,5,vig_tiny,cifar10,0.3,6,_vig_blocks.5,0.617632
1,0,5,vig_tiny,cifar10,0.3,7,_vig_blocks.6,0.609473
1,0,5,vig_tiny,cifar10,0.3,8,_vig_blocks.7,0.604011
1,0,5,vig_tiny,cifar10,0.3,9,_vig_blocks.8,0.611683
1,0,5,vig_tiny,cifar10,0.3,10,_vig_blocks.9,0.608854
1,0,5,vig_tiny,cifar10,0.3,11,_vig_blocks.10,0.592602
1,0,5,vig_tiny,cifar10,0.3,12,_vig_blocks.11,0.608088
1,0,5,vig_tiny,cifar10,0.3,13,classifier,0.392878
1,0,6,vig_tiny,cifar10,0.3,0,_vig_stem,0.433229
1,0,6,vig_tiny,cifar10,0.3,1,_vig_blocks.0,0.443734
1,0,6,vig_tiny,cifar10,0.3,2,_vig_blocks.1,0.432160
1,0,6,vig_tiny,cifar10,0.3,3,_vig_blocks.2,0.414710
1,0,6,vig_tiny,cifar10,0.3,4,_vig_blocks.3,0.409593
1,0,6,vig_tiny,cifar10,0.3,5,_vig_blocks.4,0.400430
1,0,6,vig_tiny,cifar10,0.3,6,_vig_blocks.5,0.373658
1,0,6,vig_tiny,cifar10,0.3,7,_vig_blocks.6,0.358682
1,0,6,vig_tiny,cifar10,0.3,8,_vig_blocks.7,0.361710
1,0,6,vig_tiny,cifar10,0.3,9,_vig_blocks.8,0.346997
1,0,6,vig_tiny,cifar10,0.3,10,_vig_blocks.9,0.362695
1,0,6,vig_tiny,cifar10,0.3,11,_vig_blocks.10,0.367529
1,0,6,vig_tiny,cifar10,0.3,12,_vig_blocks.11,0.390296
1,0,6,vig_tiny,cifar10,0.3,13,classifier,0.315814
1,0,7,vig_tiny,cifar10,0.3,0,_vig_stem,0.868298
1,0,7,vig_tiny,cifar10,0.3,1,_vig_blocks.0,0.811046
1,0,7,vig_tiny,cifar10,0.3,2,_vig_blocks.1,0.821415
1,0,7,vig_tiny,cifar10,0.3,3,_vig_blocks.2,0.804880
1,0,7,vig_tiny,cifar10,0.3,4,_vig_blocks.3,0.798764
1,0,7,vig_tiny,cifar10,0.3,5,_vig_blocks.4,0.781262
1,0,7,vig_tiny,cifar10,0.3,6,_vig_blocks.5,0.779014
1,0,7,vig_tiny,cifar10,0.3,7,_vig_blocks.6,0.755985
1,0,7,vig_tiny,cifar10,0.3,8,_vig_blocks.7,0.728778
1,0,7,vig_tiny,cifar10,0.3,9,_vig_blocks.8,0.726250
1,0,7,vig_tiny,cifar10,0.3,10,_vig_blocks.9,0.720151
1,0,7,vig_tiny,cifar10,0.3,11,_vig_blocks.10,0.712168
1,0,7,vig_tiny,cifar10,0.3,12,_vig_blocks.11,0.705839
1,0,7,vig_tiny,cifar10,0.3,13,classifier,0.443489
1,0,8,vig_tiny,cifar10,0.3,0,_vig_stem,0.760564
1,0,8,vig_tiny,cifar10,0.3,1,_vig_blocks.0,0.757224
1,0,8,vig_tiny,cifar10,0.3,2,_vig_blocks.1,0.751470
1,0,8,vig_tiny,cifar10,0.3,3,_vig_blocks.2,0.710393
1,0,8,vig_tiny,cifar10,0.3,4,_vig_blocks.3,0.704678
1,0,8,vig_tiny,cifar10,0.3,5,_vig_blocks.4,0.694977
1,0,8,vig_tiny,cifar10,0.3,6,_vig_blocks.5,0.641591
1,0,8,vig_tiny,cifar10,0.3,7,_vig_blocks.6,0.631661
1,0,8,vig_tiny,cifar10,0.3,8,_vig_blocks.7,0.598565
1,0,8,vig_tiny,cifar10,0.3,9,_vig_blocks.8,0.591379
1,0,8,vig_tiny,cifar10,0.3,10,_vig_blocks.9,0.543297
1,0,8,vig_tiny,cifar10,0.3,11,_vig_blocks.10,0.535327
1,0,8,vig_tiny,cifar10,0.3,12,_vig_blocks.11,0.517325
1,0,8,vig_tiny,cifar10,0.3,13,classifier,0.172183
1,0,9,vig_tiny,cifar10,0.3,0,_vig_stem,0.651879
1,0,9,vig_tiny,cifar10,0.3,1,_vig_blocks.0,0.636037
1,0,9,vig_tiny,cifar10,0.3,2,_vig_blocks.1,0.641310
1,0,9,vig_tiny,cifar10,0.3,3,_vig_blocks.2,0.626885
1,0,9,vig_tiny,cifar10,0.3,4,_vig_blocks.3,0.627941
1,0,9,vig_tiny,cifar10,0.3,5,_vig_blocks.4,0.646918
1,0,9,vig_tiny,cifar10,0.3,6,_vig_blocks.5,0.613954
1,0,9,vig_tiny,cifar10,0.3,7,_vig_blocks.6,0.575137
1,0,9,vig_tiny,cifar10,0.3,8,_vig_blocks.7,0.587695
1,0,9,vig_tiny,cifar10,0.3,9,_vig_blocks.8,0.592785
1,0,9,vig_tiny,cifar10,0.3,10,_vig_blocks.9,0.604328
1,0,9,vig_tiny,cifar10,0.3,11,_vig_blocks.10,0.593391
1,0,9,vig_tiny,cifar10,0.3,12,_vig_blocks.11,0.602690
1,0,9,vig_tiny,cifar10,0.3,13,classifier,0.342553
1,1,2,vig_tiny,cifar10,0.3,0,_vig_stem,0.842815
1,1,2,vig_tiny,cifar10,0.3,1,_vig_blocks.0,0.814026
1,1,2,vig_tiny,cifar10,0.3,2,_vig_blocks.1,0.795564
1,1,2,vig_tiny,cifar10,0.3,3,_vig_blocks.2,0.775733
1,1,2,vig_tiny,cifar10,0.3,4,_vig_blocks.3,0.739420
1,1,2,vig_tiny,cifar10,0.3,5,_vig_blocks.4,0.720615
1,1,2,vig_tiny,cifar10,0.3,6,_vig_blocks.5,0.708946
1,1,2,vig_tiny,cifar10,0.3,7,_vig_blocks.6,0.707725
1,1,2,vig_tiny,cifar10,0.3,8,_vig_blocks.7,0.702574
1,1,2,vig_tiny,cifar10,0.3,9,_vig_blocks.8,0.719847
1,1,2,vig_tiny,cifar10,0.3,10,_vig_blocks.9,0.704199
1,1,2,vig_tiny,cifar10,0.3,11,_vig_blocks.10,0.687686
1,1,2,vig_tiny,cifar10,0.3,12,_vig_blocks.11,0.701239
1,1,2,vig_tiny,cifar10,0.3,13,classifier,0.396442
1,1,3,vig_tiny,cifar10,0.3,0,_vig_stem,0.909286
1,1,3,vig_tiny,cifar10,0.3,1,_vig_blocks.0,0.848683
1,1,3,vig_tiny,cifar10,0.3,2,_vig_blocks.1,0.821012
1,1,3,vig_tiny,cifar10,0.3,3,_vig_blocks.2,0.773221
1,1,3,vig_tiny,cifar10,0.3,4,_vig_blocks.3,0.770416
1,1,3,vig_tiny,cifar10,0.3,5,_vig_blocks.4,0.756449
1,1,3,vig_tiny,cifar10,0.3,6,_vig_blocks.5,0.751120
1,1,3,vig_tiny,cifar10,0.3,7,_vig_blocks.6,0.758208
1,1,3,vig_tiny,cifar10,0.3,8,_vig_blocks.7,0.782835
1,1,3,vig_tiny,cifar10,0.3,9,_vig_blocks.8,0.791389
1,1,3,vig_tiny,cifar10,0.3,10,_vig_blocks.9,0.785929
1,1,3,vig_tiny,cifar10,0.3,11,_vig_blocks.10,0.792975
1,1,3,vig_tiny,cifar10,0.3,12,_vig_blocks.11,0.762285
1,1,3,vig_tiny,cifar10,0.3,13,classifier,0.493268
1,1,4,vig_tiny,cifar10,0.3,0,_vig_stem,0.720980
1,1,4,vig_tiny,cifar10,0.3,1,_vig_blocks.0,0.774985
1,1,4,vig_tiny,cifar10,0.3,2,_vig_blocks.1,0.779870
1,1,4,vig_tiny,cifar10,0.3,3,_vig_blocks.2,0.779576
1,1,4,vig_tiny,cifar10,0.3,4,_vig_blocks.3,0.764614
1,1,4,vig_tiny,cifar10,0.3,5,_vig_blocks.4,0.764976
1,1,4,vig_tiny,cifar10,0.3,6,_vig_blocks.5,0.749808
1,1,4,vig_tiny,cifar10,0.3,7,_vig_blocks.6,0.751477
1,1,4,vig_tiny,cifar10,0.3,8,_vig_blocks.7,0.753542
1,1,4,vig_tiny,cifar10,0.3,9,_vig_blocks.8,0.760797
1,1,4,vig_tiny,cifar10,0.3,10,_vig_blocks.9,0.767391
1,1,4,vig_tiny,cifar10,0.3,11,_vig_blocks.10,0.726582
1,1,4,vig_tiny,cifar10,0.3,12,_vig_blocks.11,0.723326
1,1,4,vig_tiny,cifar10,0.3,13,classifier,0.347238
1,1,5,vig_tiny,cifar10,0.3,0,_vig_stem,0.808850
1,1,5,vig_tiny,cifar10,0.3,1,_vig_blocks.0,0.822218
1,1,5,vig_tiny,cifar10,0.3,2,_vig_blocks.1,0.791213
1,1,5,vig_tiny,cifar10,0.3,3,_vig_blocks.2,0.747312
1,1,5,vig_tiny,cifar10,0.3,4,_vig_blocks.3,0.733880
1,1,5,vig_tiny,cifar10,0.3,5,_vig_blocks.4,0.695371
1,1,5,vig_tiny,cifar10,0.3,6,_vig_blocks.5,0.680163
1,1,5,vig_tiny,cifar10,0.3,7,_vig_blocks.6,0.689112
1,1,5,vig_tiny,cifar10,0.3,8,_vig_blocks.7,0.689461
1,1,5,vig_tiny,cifar10,0.3,9,_vig_blocks.8,0.695143
1,1,5,vig_tiny,cifar10,0.3,10,_vig_blocks.9,0.696872
1,1,5,vig_tiny,cifar10,0.3,11,_vig_blocks.10,0.696982
1,1,5,vig_tiny,cifar10,0.3,12,_vig_blocks.11,0.697086
1,1,5,vig_tiny,cifar10,0.3,13,classifier,0.524826
1,1,6,vig_tiny,cifar10,0.3,0,_vig_stem,0.510415
1,1,6,vig_tiny,cifar10,0.3,1,_vig_blocks.0,0.556483
1,1,6,vig_tiny,cifar10,0.3,2,_vig_blocks.1,0.546570
1,1,6,vig_tiny,cifar10,0.3,3,_vig_blocks.2,0.513884
1,1,6,vig_tiny,cifar10,0.3,4,_vig_blocks.3,0.483488
1,1,6,vig_tiny,cifar10,0.3,5,_vig_blocks.4,0.454036
1,1,6,vig_tiny,cifar10,0.3,6,_vig_blocks.5,0.426026
1,1,6,vig_tiny,cifar10,0.3,7,_vig_blocks.6,0.426498
1,1,6,vig_tiny,cifar10,0.3,8,_vig_blocks.7,0.438932
1,1,6,vig_tiny,cifar10,0.3,9,_vig_blocks.8,0.429435
1,1,6,vig_tiny,cifar10,0.3,10,_vig_blocks.9,0.452303
1,1,6,vig_tiny,cifar10,0.3,11,_vig_blocks.10,0.452732
1,1,6,vig_tiny,cifar10,0.3,12,_vig_blocks.11,0.473193
1,1,6,vig_tiny,cifar10,0.3,13,classifier,0.324400
1,1,7,vig_tiny,cifar10,0.3,0,_vig_stem,0.917500
1,1,7,vig_tiny,cifar10,0.3,1,_vig_blocks.0,0.861059
1,1,7,vig_tiny,cifar10,0.3,2,_vig_blocks.1,0.826624
1,1,7,vig_tiny,cifar10,0.3,3,_vig_blocks.2,0.785845
1,1,7,vig_tiny,cifar10,0.3,4,_vig_blocks.3,0.771113
1,1,7,vig_tiny,cifar10,0.3,5,_vig_blocks.4,0.766512
1,1,7,vig_tiny,cifar10,0.3,6,_vig_blocks.5,0.751665
1,1,7,vig_tiny,cifar10,0.3,7,_vig_blocks.6,0.751488
1,1,7,vig_tiny,cifar10,0.3,8,_vig_blocks.7,0.750510
1,1,7,vig_tiny,cifar10,0.3,9,_vig_blocks.8,0.747928
1,1,7,vig_tiny,cifar10,0.3,10,_vig_blocks.9,0.745685
1,1,7,vig_tiny,cifar10,0.3,11,_vig_blocks.10,0.765080
1,1,7,vig_tiny,cifar10,0.3,12,_vig_blocks.11,0.741431
1,1,7,vig_tiny,cifar10,0.3,13,classifier,0.447005
1,1,8,vig_tiny,cifar10,0.3,0,_vig_stem,0.799319
1,1,8,vig_tiny,cifar10,0.3,1,_vig_blocks.0,0.815415
1,1,8,vig_tiny,cifar10,0.3,2,_vig_blocks.1,0.806748
1,1,8,vig_tiny,cifar10,0.3,3,_vig_blocks.2,0.767445
1,1,8,vig_tiny,cifar10,0.3,4,_vig_blocks.3,0.747737
1,1,8,vig_tiny,cifar10,0.3,5,_vig_blocks.4,0.717085
1,1,8,vig_tiny,cifar10,0.3,6,_vig_blocks.5,0.662279
1,1,8,vig_tiny,cifar10,0.3,7,_vig_blocks.6,0.664377
1,1,8,vig_tiny,cifar10,0.3,8,_vig_blocks.7,0.629574
1,1,8,vig_tiny,cifar10,0.3,9,_vig_blocks.8,0.622256
1,1,8,vig_tiny,cifar10,0.3,10,_vig_blocks.9,0.580358
1,1,8,vig_tiny,cifar10,0.3,11,_vig_blocks.10,0.534350
1,1,8,vig_tiny,cifar10,0.3,12,_vig_blocks.11,0.525925
1,1,8,vig_tiny,cifar10,0.3,13,classifier,0.132985
1,1,9,vig_tiny,cifar10,0.3,0,_vig_stem,0.650406
1,1,9,vig_tiny,cifar10,0.3,1,_vig_blocks.0,0.679082
1,1,9,vig_tiny,cifar10,0.3,2,_vig_blocks.1,0.673125
1,1,9,vig_tiny,cifar10,0.3,3,_vig_blocks.2,0.663118
1,1,9,vig_tiny,cifar10,0.3,4,_vig_blocks.3,0.651794
1,1,9,vig_tiny,cifar10,0.3,5,_vig_blocks.4,0.654674
1,1,9,vig_tiny,cifar10,0.3,6,_vig_blocks.5,0.660486
1,1,9,vig_tiny,cifar10,0.3,7,_vig_blocks.6,0.637764
1,1,9,vig_tiny,cifar10,0.3,8,_vig_blocks.7,0.649089
1,1,9,vig_tiny,cifar10,0.3,9,_vig_blocks.8,0.644751
1,1,9,vig_tiny,cifar10,0.3,10,_vig_blocks.9,0.637987
1,1,9,vig_tiny,cifar10,0.3,11,_vig_blocks.10,0.622952
1,1,9,vig_tiny,cifar10,0.3,12,_vig_blocks.11,0.645524
1,1,9,vig_tiny,cifar10,0.3,13,classifier,0.538328
1,2,3,vig_tiny,cifar10,0.3,0,_vig_stem,0.799082
1,2,3,vig_tiny,cifar10,0.3,1,_vig_blocks.0,0.763358
1,2,3,vig_tiny,cifar10,0.3,2,_vig_blocks.1,0.755417
1,2,3,vig_tiny,cifar10,0.3,3,_vig_blocks.2,0.754367
1,2,3,vig_tiny,cifar10,0.3,4,_vig_blocks.3,0.711999
1,2,3,vig_tiny,cifar10,0.3,5,_vig_blocks.4,0.709686
1,2,3,vig_tiny,cifar10,0.3,6,_vig_blocks.5,0.711504
1,2,3,vig_tiny,cifar10,0.3,7,_vig_blocks.6,0.712312
1,2,3,vig_tiny,cifar10,0.3,8,_vig_blocks.7,0.699760
1,2,3,vig_tiny,cifar10,0.3,9,_vig_blocks.8,0.722296
1,2,3,vig_tiny,cifar10,0.3,10,_vig_blocks.9,0.697325
1,2,3,vig_tiny,cifar10,0.3,11,_vig_blocks.10,0.676689
1,2,3,vig_tiny,cifar10,0.3,12,_vig_blocks.11,0.680405
1,2,3,vig_tiny,cifar10,0.3,13,classifier,0.278478
1,2,4,vig_tiny,cifar10,0.3,0,_vig_stem,0.678054
1,2,4,vig_tiny,cifar10,0.3,1,_vig_blocks.0,0.640119
1,2,4,vig_tiny,cifar10,0.3,2,_vig_blocks.1,0.628634
1,2,4,vig_tiny,cifar10,0.3,3,_vig_blocks.2,0.590380
1,2,4,vig_tiny,cifar10,0.3,4,_vig_blocks.3,0.558300
1,2,4,vig_tiny,cifar10,0.3,5,_vig_blocks.4,0.554314
1,2,4,vig_tiny,cifar10,0.3,6,_vig_blocks.5,0.553431
1,2,4,vig_tiny,cifar10,0.3,7,_vig_blocks.6,0.538713
1,2,4,vig_tiny,cifar10,0.3,8,_vig_blocks.7,0.568446
1,2,4,vig_tiny,cifar10,0.3,9,_vig_blocks.8,0.578175
1,2,4,vig_tiny,cifar10,0.3,10,_vig_blocks.9,0.601836
1,2,4,vig_tiny,cifar10,0.3,11,_vig_blocks.10,0.600385
1,2,4,vig_tiny,cifar10,0.3,12,_vig_blocks.11,0.611335
1,2,4,vig_tiny,cifar10,0.3,13,classifier,0.581427
1,2,5,vig_tiny,cifar10,0.3,0,_vig_stem,0.789079
1,2,5,vig_tiny,cifar10,0.3,1,_vig_blocks.0,0.777451
1,2,5,vig_tiny,cifar10,0.3,2,_vig_blocks.1,0.765809
1,2,5,vig_tiny,cifar10,0.3,3,_vig_blocks.2,0.768226
1,2,5,vig_tiny,cifar10,0.3,4,_vig_blocks.3,0.756486
1,2,5,vig_tiny,cifar10,0.3,5,_vig_blocks.4,0.749103
1,2,5,vig_tiny,cifar10,0.3,6,_vig_blocks.5,0.756677
1,2,5,vig_tiny,cifar10,0.3,7,_vig_blocks.6,0.760654
1,2,5,vig_tiny,cifar10,0.3,8,_vig_blocks.7,0.755131
1,2,5,vig_tiny,cifar10,0.3,9,_vig_blocks.8,0.765767
1,2,5,vig_tiny,cifar10,0.3,10,_vig_blocks.9,0.753341
1,2,5,vig_tiny,cifar10,0.3,11,_vig_blocks.10,0.744009
1,2,5,vig_tiny,cifar10,0.3,12,_vig_blocks.11,0.743340
1,2,5,vig_tiny,cifar10,0.3,13,classifier,0.566294
1,2,6,vig_tiny,cifar10,0.3,0,_vig_stem,0.653704
1,2,6,vig_tiny,cifar10,0.3,1,_vig_blocks.0,0.681359
1,2,6,vig_tiny,cifar10,0.3,2,_vig_blocks.1,0.662556
1,2,6,vig_tiny,cifar10,0.3,3,_vig_blocks.2,0.646644
1,2,6,vig_tiny,cifar10,0.3,4,_vig_blocks.3,0.655248
1,2,6,vig_tiny,cifar10,0.3,5,_vig_blocks.4,0.644606
1,2,6,vig_tiny,cifar10,0.3,6,_vig_blocks.5,0.628490
1,2,6,vig_tiny,cifar10,0.3,7,_vig_blocks.6,0.623736
1,2,6,vig_tiny,cifar10,0.3,8,_vig_blocks.7,0.631549
1,2,6,vig_tiny,cifar10,0.3,9,_vig_blocks.8,0.631767
1,2,6,vig_tiny,cifar10,0.3,10,_vig_blocks.9,0.636763
1,2,6,vig_tiny,cifar10,0.3,11,_vig_blocks.10,0.629757
1,2,6,vig_tiny,cifar10,0.3,12,_vig_blocks.11,0.621927
1,2,6,vig_tiny,cifar10,0.3,13,classifier,0.295147
1,2,7,vig_tiny,cifar10,0.3,0,_vig_stem,0.807756
1,2,7,vig_tiny,cifar10,0.3,1,_vig_blocks.0,0.766178
1,2,7,vig_tiny,cifar10,0.3,2,_vig_blocks.1,0.748337
1,2,7,vig_tiny,cifar10,0.3,3,_vig_blocks.2,0.762588
1,2,7,vig_tiny,cifar10,0.3,4,_vig_blocks.3,0.732621
1,2,7,vig_tiny,cifar10,0.3,5,_vig_blocks.4,0.747935
1,2,7,vig_tiny,cifar10,0.3,6,_vig_blocks.5,0.754535
1,2,7,vig_tiny,cifar10,0.3,7,_vig_blocks.6,0.753184
1,2,7,vig_tiny,cifar10,0.3,8,_vig_blocks.7,0.730342
1,2,7,vig_tiny,cifar10,0.3,9,_vig_blocks.8,0.737565
1,2,7,vig_tiny,cifar10,0.3,10,_vig_blocks.9,0.717703
1,2,7,vig_tiny,cifar10,0.3,11,_vig_blocks.10,0.698267
1,2,7,vig_tiny,cifar10,0.3,12,_vig_blocks.11,0.718897
1,2,7,vig_tiny,cifar10,0.3,13,classifier,0.351855
1,2,8,vig_tiny,cifar10,0.3,0,_vig_stem,0.798714
1,2,8,vig_tiny,cifar10,0.3,1,_vig_blocks.0,0.786964
1,2,8,vig_tiny,cifar10,0.3,2,_vig_blocks.1,0.775139
1,2,8,vig_tiny,cifar10,0.3,3,_vig_blocks.2,0.754397
1,2,8,vig_tiny,cifar10,0.3,4,_vig_blocks.3,0.754281
1,2,8,vig_tiny,cifar10,0.3,5,_vig_blocks.4,0.731784
1,2,8,vig_tiny,cifar10,0.3,6,_vig_blocks.5,0.712628
1,2,8,vig_tiny,cifar10,0.3,7,_vig_blocks.6,0.715614
1,2,8,vig_tiny,cifar10,0.3,8,_vig_blocks.7,0.686046
1,2,8,vig_tiny,cifar10,0.3,9,_vig_blocks.8,0.713859
1,2,8,vig_tiny,cifar10,0.3,10,_vig_blocks.9,0.693758
1,2,8,vig_tiny,cifar10,0.3,11,_vig_blocks.10,0.676828
1,2,8,vig_tiny,cifar10,0.3,12,_vig_blocks.11,0.630875
1,2,8,vig_tiny,cifar10,0.3,13,classifier,0.196609
1,2,9,vig_tiny,cifar10,0.3,0,_vig_stem,0.607075
1,2,9,vig_tiny,cifar10,0.3,1,_vig_blocks.0,0.583456
1,2,9,vig_tiny,cifar10,0.3,2,_vig_blocks.1,0.559448
1,2,9,vig_tiny,cifar10,0.3,3,_vig_blocks.2,0.525685
1,2,9,vig_tiny,cifar10,0.3,4,_vig_blocks.3,0.527873
1,2,9,vig_tiny,cifar10,0.3,5,_vig_blocks.4,0.503767
1,2,9,vig_tiny,cifar10,0.3,6,_vig_blocks.5,0.485731
1,2,9,vig_tiny,cifar10,0.3,7,_vig_blocks.6,0.471328
1,2,9,vig_tiny,cifar10,0.3,8,_vig_blocks.7,0.469507
1,2,9,vig_tiny,cifar10,0.3,9,_vig_blocks.8,0.473063
1,2,9,vig_tiny,cifar10,0.3,10,_vig_blocks.9,0.476093
1,2,9,vig_tiny,cifar10,0.3,11,_vig_blocks.10,0.485309
1,2,9,vig_tiny,cifar10,0.3,12,_vig_blocks.11,0.481863
1,2,9,vig_tiny,cifar10,0.3,13,classifier,0.309585
1,3,4,vig_tiny,cifar10,0.3,0,_vig_stem,0.526981
1,3,4,vig_tiny,cifar10,0.3,1,_vig_blocks.0,0.512122
1,3,4,vig_tiny,cifar10,0.3,2,_vig_blocks.1,0.480664
1,3,4,vig_tiny,cifar10,0.3,3,_vig_blocks.2,0.425764
1,3,4,vig_tiny,cifar10,0.3,4,_vig_blocks.3,0.426027
1,3,4,vig_tiny,cifar10,0.3,5,_vig_blocks.4,0.429492
1,3,4,vig_tiny,cifar10,0.3,6,_vig_blocks.5,0.451377
1,3,4,vig_tiny,cifar10,0.3,7,_vig_blocks.6,0.435687
1,3,4,vig_tiny,cifar10,0.3,8,_vig_blocks.7,0.485167
1,3,4,vig_tiny,cifar10,0.3,9,_vig_blocks.8,0.514967
1,3,4,vig_tiny,cifar10,0.3,10,_vig_blocks.9,0.540223
1,3,4,vig_tiny,cifar10,0.3,11,_vig_blocks.10,0.538247
1,3,4,vig_tiny,cifar10,0.3,12,_vig_blocks.11,0.544148
1,3,4,vig_tiny,cifar10,0.3,13,classifier,0.226173
1,3,5,vig_tiny,cifar10,0.3,0,_vig_stem,0.693292
1,3,5,vig_tiny,cifar10,0.3,1,_vig_blocks.0,0.695439
1,3,5,vig_tiny,cifar10,0.3,2,_vig_blocks.1,0.655841
1,3,5,vig_tiny,cifar10,0.3,3,_vig_blocks.2,0.608500
1,3,5,vig_tiny,cifar10,0.3,4,_vig_blocks.3,0.596073
1,3,5,vig_tiny,cifar10,0.3,5,_vig_blocks.4,0.554637
1,3,5,vig_tiny,cifar10,0.3,6,_vig_blocks.5,0.554810
1,3,5,vig_tiny,cifar10,0.3,7,_vig_blocks.6,0.572166
1,3,5,vig_tiny,cifar10,0.3,8,_vig_blocks.7,0.592593
1,3,5,vig_tiny,cifar10,0.3,9,_vig_blocks.8,0.626310
1,3,5,vig_tiny,cifar10,0.3,10,_vig_blocks.9,0.614001
1,3,5,vig_tiny,cifar10,0.3,11,_vig_blocks.10,0.599589
1,3,5,vig_tiny,cifar10,0.3,12,_vig_blocks.11,0.612760
1,3,5,vig_tiny,cifar10,0.3,13,classifier,0.451496
1,3,6,vig_tiny,cifar10,0.3,0,_vig_stem,0.303562
1,3,6,vig_tiny,cifar10,0.3,1,_vig_blocks.0,0.326151
1,3,6,vig_tiny,cifar10,0.3,2,_vig_blocks.1,0.303813
1,3,6,vig_tiny,cifar10,0.3,3,_vig_blocks.2,0.302433
1,3,6,vig_tiny,cifar10,0.3,4,_vig_blocks.3,0.312856
1,3,6,vig_tiny,cifar10,0.3,5,_vig_blocks.4,0.309179
1,3,6,vig_tiny,cifar10,0.3,6,_vig_blocks.5,0.294164
1,3,6,vig_tiny,cifar10,0.3,7,_vig_blocks.6,0.307685
1,3,6,vig_tiny,cifar10,0.3,8,_vig_blocks.7,0.316802
1,3,6,vig_tiny,cifar10,0.3,9,_vig_blocks.8,0.308111
1,3,6,vig_tiny,cifar10,0.3,10,_vig_blocks.9,0.310816
1,3,6,vig_tiny,cifar10,0.3,11,_vig_blocks.10,0.323825
1,3,6,vig_tiny,cifar10,0.3,12,_vig_blocks.11,0.342716
1,3,6,vig_tiny,cifar10,0.3,13,classifier,0.251079
1,3,7,vig_tiny,cifar10,0.3,0,_vig_stem,0.945034
1,3,7,vig_tiny,cifar10,0.3,1,_vig_blocks.0,0.924916
1,3,7,vig_tiny,cifar10,0.3,2,_vig_blocks.1,0.908546
1,3,7,vig_tiny,cifar10,0.3,3,_vig_blocks.2,0.888341
1,3,7,vig_tiny,cifar10,0.3,4,_vig_blocks.3,0.880420
1,3,7,vig_tiny,cifar10,0.3,5,_vig_blocks.4,0.880020
1,3,7,vig_tiny,cifar10,0.3,6,_vig_blocks.5,0.866183
1,3,7,vig_tiny,cifar10,0.3,7,_vig_blocks.6,0.854798
1,3,7,vig_tiny,cifar10,0.3,8,_vig_blocks.7,0.846502
1,3,7,vig_tiny,cifar10,0.3,9,_vig_blocks.8,0.833879
1,3,7,vig_tiny,cifar10,0.3,10,_vig_blocks.9,0.816035
1,3,7,vig_tiny,cifar10,0.3,11,_vig_blocks.10,0.812557
1,3,7,vig_tiny,cifar10,0.3,12,_vig_blocks.11,0.788717
1,3,7,vig_tiny,cifar10,0.3,13,classifier,0.448436
1,3,8,vig_tiny,cifar10,0.3,0,_vig_stem,0.620038
1,3,8,vig_tiny,cifar10,0.3,1,_vig_blocks.0,0.613457
1,3,8,vig_tiny,cifar10,0.3,2,_vig_blocks.1,0.643318
1,3,8,vig_tiny,cifar10,0.3,3,_vig_blocks.2,0.575441
1,3,8,vig_tiny,cifar10,0.3,4,_vig_blocks.3,0.579024
1,3,8,vig_tiny,cifar10,0.3,5,_vig_blocks.4,0.558165
1,3,8,vig_tiny,cifar10,0.3,6,_vig_blocks.5,0.531908
1,3,8,vig_tiny,cifar10,0.3,7,_vig_blocks.6,0.529912
1,3,8,vig_tiny,cifar10,0.3,8,_vig_blocks.7,0.488561
1,3,8,vig_tiny,cifar10,0.3,9,_vig_blocks.8,0.494131
1,3,8,vig_tiny,cifar10,0.3,10,_vig_blocks.9,0.445297
1,3,8,vig_tiny,cifar10,0.3,11,_vig_blocks.10,0.424671
1,3,8,vig_tiny,cifar10,0.3,12,_vig_blocks.11,0.407311
1,3,8,vig_tiny,cifar10,0.3,13,classifier,0.098308
1,3,9,vig_tiny,cifar10,0.3,0,_vig_stem,0.405622
1,3,9,vig_tiny,cifar10,0.3,1,_vig_blocks.0,0.379726
1,3,9,vig_tiny,cifar10,0.3,2,_vig_blocks.1,0.354730
1,3,9,vig_tiny,cifar10,0.3,3,_vig_blocks.2,0.337668
1,3,9,vig_tiny,cifar10,0.3,4,_vig_blocks.3,0.328793
1,3,9,vig_tiny,cifar10,0.3,5,_vig_blocks.4,0.312382
1,3,9,vig_tiny,cifar10,0.3,6,_vig_blocks.5,0.319812
1,3,9,vig_tiny,cifar10,0.3,7,_vig_blocks.6,0.322890
1,3,9,vig_tiny,cifar10,0.3,8,_vig_blocks.7,0.347502
1,3,9,vig_tiny,cifar10,0.3,9,_vig_blocks.8,0.380465
1,3,9,vig_tiny,cifar10,0.3,10,_vig_blocks.9,0.388429
1,3,9,vig_tiny,cifar10,0.3,11,_vig_blocks.10,0.405970
1,3,9,vig_tiny,cifar10,0.3,12,_vig_blocks.11,0.426678
1,3,9,vig_tiny,cifar10,0.3,13,classifier,0.328783
1,4,5,vig_tiny,cifar10,0.3,0,_vig_stem,0.699454
1,4,5,vig_tiny,cifar10,0.3,1,_vig_blocks.0,0.647783
1,4,5,vig_tiny,cifar10,0.3,2,_vig_blocks.1,0.614807
1,4,5,vig_tiny,cifar10,0.3,3,_vig_blocks.2,0.569255
1,4,5,vig_tiny,cifar10,0.3,4,_vig_blocks.3,0.563964
1,4,5,vig_tiny,cifar10,0.3,5,_vig_blocks.4,0.549169
1,4,5,vig_tiny,cifar10,0.3,6,_vig_blocks.5,0.553915
1,4,5,vig_tiny,cifar10,0.3,7,_vig_blocks.6,0.543614
1,4,5,vig_tiny,cifar10,0.3,8,_vig_blocks.7,0.582781
1,4,5,vig_tiny,cifar10,0.3,9,_vig_blocks.8,0.589288
1,4,5,vig_tiny,cifar10,0.3,10,_vig_blocks.9,0.606488
1,4,5,vig_tiny,cifar10,0.3,11,_vig_blocks.10,0.590902
1,4,5,vig_tiny,cifar10,0.3,12,_vig_blocks.11,0.595339
1,4,5,vig_tiny,cifar10,0.3,13,classifier,0.529759
1,4,6,vig_tiny,cifar10,0.3,0,_vig_stem,0.544622
1,4,6,vig_tiny,cifar10,0.3,1,_vig_blocks.0,0.503685
1,4,6,vig_tiny,cifar10,0.3,2,_vig_blocks.1,0.526474
1,4,6,vig_tiny,cifar10,0.3,3,_vig_blocks.2,0.484800
1,4,6,vig_tiny,cifar10,0.3,4,_vig_blocks.3,0.431221
1,4,6,vig_tiny,cifar10,0.3,5,_vig_blocks.4,0.413719
1,4,6,vig_tiny,cifar10,0.3,6,_vig_blocks.5,0.407592
1,4,6,vig_tiny,cifar10,0.3,7,_vig_blocks.6,0.399706
1,4,6,vig_tiny,cifar10,0.3,8,_vig_blocks.7,0.426045
1,4,6,vig_tiny,cifar10,0.3,9,_vig_blocks.8,0.407796
1,4,6,vig_tiny,cifar10,0.3,10,_vig_blocks.9,0.442300
1,4,6,vig_tiny,cifar10,0.3,11,_vig_blocks.10,0.444718
1,4,6,vig_tiny,cifar10,0.3,12,_vig_blocks.11,0.468410
1,4,6,vig_tiny,cifar10,0.3,13,classifier,0.432926
1,4,7,vig_tiny,cifar10,0.3,0,_vig_stem,0.583129
1,4,7,vig_tiny,cifar10,0.3,1,_vig_blocks.0,0.536586
1,4,7,vig_tiny,cifar10,0.3,2,_vig_blocks.1,0.518033
1,4,7,vig_tiny,cifar10,0.3,3,_vig_blocks.2,0.504287
1,4,7,vig_tiny,cifar10,0.3,4,_vig_blocks.3,0.505426
1,4,7,vig_tiny,cifar10,0.3,5,_vig_blocks.4,0.518280
1,4,7,vig_tiny,cifar10,0.3,6,_vig_blocks.5,0.528567
1,4,7,vig_tiny,cifar10,0.3,7,_vig_blocks.6,0.507099
1,4,7,vig_tiny,cifar10,0.3,8,_vig_blocks.7,0.534540
1,4,7,vig_tiny,cifar10,0.3,9,_vig_blocks.8,0.531818
1,4,7,vig_tiny,cifar10,0.3,10,_vig_blocks.9,0.562625
1,4,7,vig_tiny,cifar10,0.3,11,_vig_blocks.10,0.546625
1,4,7,vig_tiny,cifar10,0.3,12,_vig_blocks.11,0.555464
1,4,7,vig_tiny,cifar10,0.3,13,classifier,0.501132
1,4,8,vig_tiny,cifar10,0.3,0,_vig_stem,0.811012
1,4,8,vig_tiny,cifar10,0.3,1,_vig_blocks.0,0.763755
1,4,8,vig_tiny,cifar10,0.3,2,_vig_blocks.1,0.725144
1,4,8,vig_tiny,cifar10,0.3,3,_vig_blocks.2,0.690567
1,4,8,vig_tiny,cifar10,0.3,4,_vig_blocks.3,0.646583
1,4,8,vig_tiny,cifar10,0.3,5,_vig_blocks.4,0.629368
1,4,8,vig_tiny,cifar10,0.3,6,_vig_blocks.5,0.599881
1,4,8,vig_tiny,cifar10,0.3,7,_vig_blocks.6,0.613151
1,4,8,vig_tiny,cifar10,0.3,8,_vig_blocks.7,0.599206
1,4,8,vig_tiny,cifar10,0.3,9,_vig_blocks.8,0.586727
1,4,8,vig_tiny,cifar10,0.3,10,_vig_blocks.9,0.574217
1,4,8,vig_tiny,cifar10,0.3,11,_vig_blocks.10,0.562229
1,4,8,vig_tiny,cifar10,0.3,12,_vig_blocks.11,0.555185
1,4,8,vig_tiny,cifar10,0.3,13,classifier,0.148857
1,4,9,vig_tiny,cifar10,0.3,0,_vig_stem,0.698945
1,4,9,vig_tiny,cifar10,0.3,1,_vig_blocks.0,0.668909
1,4,9,vig_tiny,cifar10,0.3,2,_vig_blocks.1,0.693277
1,4,9,vig_tiny,cifar10,0.3,3,_vig_blocks.2,0.676964
1,4,9,vig_tiny,cifar10,0.3,4,_vig_blocks.3,0.655959
1,4,9,vig_tiny,cifar10,0.3,5,_vig_blocks.4,0.681343
1,4,9,vig_tiny,cifar10,0.3,6,_vig_blocks.5,0.663558
1,4,9,vig_tiny,cifar10,0.3,7,_vig_blocks.6,0.670888
1,4,9,vig_tiny,cifar10,0.3,8,_vig_blocks.7,0.680714
1,4,9,vig_tiny,cifar10,0.3,9,_vig_blocks.8,0.660681
1,4,9,vig_tiny,cifar10,0.3,10,_vig_blocks.9,0.659718
1,4,9,vig_tiny,cifar10,0.3,11,_vig_blocks.10,0.658808
1,4,9,vig_tiny,cifar10,0.3,12,_vig_blocks.11,0.656116
1,4,9,vig_tiny,cifar10,0.3,13,classifier,0.296104
1,5,6,vig_tiny,cifar10,0.3,0,_vig_stem,0.709190
1,5,6,vig_tiny,cifar10,0.3,1,_vig_blocks.0,0.642257
1,5,6,vig_tiny,cifar10,0.3,2,_vig_blocks.1,0.617462
1,5,6,vig_tiny,cifar10,0.3,3,_vig_blocks.2,0.664663
1,5,6,vig_tiny,cifar10,0.3,4,_vig_blocks.3,0.676071
1,5,6,vig_tiny,cifar10,0.3,5,_vig_blocks.4,0.646135
1,5,6,vig_tiny,cifar10,0.3,6,_vig_blocks.5,0.646357
1,5,6,vig_tiny,cifar10,0.3,7,_vig_blocks.6,0.637406
1,5,6,vig_tiny,cifar10,0.3,8,_vig_blocks.7,0.642469
1,5,6,vig_tiny,cifar10,0.3,9,_vig_blocks.8,0.612757
1,5,6,vig_tiny,cifar10,0.3,10,_vig_blocks.9,0.609910
1,5,6,vig_tiny,cifar10,0.3,11,_vig_blocks.10,0.600179
1,5,6,vig_tiny,cifar10,0.3,12,_vig_blocks.11,0.581657
1,5,6,vig_tiny,cifar10,0.3,13,classifier,0.478141
1,5,7,vig_tiny,cifar10,0.3,0,_vig_stem,0.760232
1,5,7,vig_tiny,cifar10,0.3,1,_vig_blocks.0,0.756407
1,5,7,vig_tiny,cifar10,0.3,2,_vig_blocks.1,0.753265
1,5,7,vig_tiny,cifar10,0.3,3,_vig_blocks.2,0.735999
1,5,7,vig_tiny,cifar10,0.3,4,_vig_blocks.3,0.725435
1,5,7,vig_tiny,cifar10,0.3,5,_vig_blocks.4,0.715695
1,5,7,vig_tiny,cifar10,0.3,6,_vig_blocks.5,0.725340
1,5,7,vig_tiny,cifar10,0.3,7,_vig_blocks.6,0.742990
1,5,7,vig_tiny,cifar10,0.3,8,_vig_blocks.7,0.746328
1,5,7,vig_tiny,cifar10,0.3,9,_vig_blocks.8,0.747058
1,5,7,vig_tiny,cifar10,0.3,10,_vig_blocks.9,0.744088
1,5,7,vig_tiny,cifar10,0.3,11,_vig_blocks.10,0.719522
1,5,7,vig_tiny,cifar10,0.3,12,_vig_blocks.11,0.730756
1,5,7,vig_tiny,cifar10,0.3,13,classifier,0.454654
1,5,8,vig_tiny,cifar10,0.3,0,_vig_stem,0.827679
1,5,8,vig_tiny,cifar10,0.3,1,_vig_blocks.0,0.745221
1,5,8,vig_tiny,cifar10,0.3,2,_vig_blocks.1,0.718170
1,5,8,vig_tiny,cifar10,0.3,3,_vig_blocks.2,0.696378
1,5,8,vig_tiny,cifar10,0.3,4,_vig_blocks.3,0.686665
1,5,8,vig_tiny,cifar10,0.3,5,_vig_blocks.4,0.650059
1,5,8,vig_tiny,cifar10,0.3,6,_vig_blocks.5,0.642123
1,5,8,vig_tiny,cifar10,0.3,7,_vig_blocks.6,0.632182
1,5,8,vig_tiny,cifar10,0.3,8,_vig_blocks.7,0.613351
1,5,8,vig_tiny,cifar10,0.3,9,_vig_blocks.8,0.616790
1,5,8,vig_tiny,cifar10,0.3,10,_vig_blocks.9,0.584472
1,5,8,vig_tiny,cifar10,0.3,11,_vig_blocks.10,0.561224
1,5,8,vig_tiny,cifar10,0.3,12,_vig_blocks.11,0.533333
1,5,8,vig_tiny,cifar10,0.3,13,classifier,0.161348
1,5,9,vig_tiny,cifar10,0.3,0,_vig_stem,0.640848
1,5,9,vig_tiny,cifar10,0.3,1,_vig_blocks.0,0.584898
1,5,9,vig_tiny,cifar10,0.3,2,_vig_blocks.1,0.538109
1,5,9,vig_tiny,cifar10,0.3,3,_vig_blocks.2,0.515863
1,5,9,vig_tiny,cifar10,0.3,4,_vig_blocks.3,0.507148
1,5,9,vig_tiny,cifar10,0.3,5,_vig_blocks.4,0.483960
1,5,9,vig_tiny,cifar10,0.3,6,_vig_blocks.5,0.470143
1,5,9,vig_tiny,cifar10,0.3,7,_vig_blocks.6,0.453146
1,5,9,vig_tiny,cifar10,0.3,8,_vig_blocks.7,0.457956
1,5,9,vig_tiny,cifar10,0.3,9,_vig_blocks.8,0.468637
1,5,9,vig_tiny,cifar10,0.3,10,_vig_blocks.9,0.462273
1,5,9,vig_tiny,cifar10,0.3,11,_vig_blocks.10,0.481150
1,5,9,vig_tiny,cifar10,0.3,12,_vig_blocks.11,0.480963
1,5,9,vig_tiny,cifar10,0.3,13,classifier,0.539679
1,6,7,vig_tiny,cifar10,0.3,0,_vig_stem,0.376967
1,6,7,vig_tiny,cifar10,0.3,1,_vig_blocks.0,0.432419
1,6,7,vig_tiny,cifar10,0.3,2,_vig_blocks.1,0.405790
1,6,7,vig_tiny,cifar10,0.3,3,_vig_blocks.2,0.429273
1,6,7,vig_tiny,cifar10,0.3,4,_vig_blocks.3,0.451048
1,6,7,vig_tiny,cifar10,0.3,5,_vig_blocks.4,0.453182
1,6,7,vig_tiny,cifar10,0.3,6,_vig_blocks.5,0.441575
1,6,7,vig_tiny,cifar10,0.3,7,_vig_blocks.6,0.464626
1,6,7,vig_tiny,cifar10,0.3,8,_vig_blocks.7,0.468532
1,6,7,vig_tiny,cifar10,0.3,9,_vig_blocks.8,0.438074
1,6,7,vig_tiny,cifar10,0.3,10,_vig_blocks.9,0.440269
1,6,7,vig_tiny,cifar10,0.3,11,_vig_blocks.10,0.431100
1,6,7,vig_tiny,cifar10,0.3,12,_vig_blocks.11,0.446536
1,6,7,vig_tiny,cifar10,0.3,13,classifier,0.391929
1,6,8,vig_tiny,cifar10,0.3,0,_vig_stem,0.818043
1,6,8,vig_tiny,cifar10,0.3,1,_vig_blocks.0,0.789411
1,6,8,vig_tiny,cifar10,0.3,2,_vig_blocks.1,0.775401
1,6,8,vig_tiny,cifar10,0.3,3,_vig_blocks.2,0.799451
1,6,8,vig_tiny,cifar10,0.3,4,_vig_blocks.3,0.789788
1,6,8,vig_tiny,cifar10,0.3,5,_vig_blocks.4,0.771989
1,6,8,vig_tiny,cifar10,0.3,6,_vig_blocks.5,0.778122
1,6,8,vig_tiny,cifar10,0.3,7,_vig_blocks.6,0.779413
1,6,8,vig_tiny,cifar10,0.3,8,_vig_blocks.7,0.772743
1,6,8,vig_tiny,cifar10,0.3,9,_vig_blocks.8,0.789405
1,6,8,vig_tiny,cifar10,0.3,10,_vig_blocks.9,0.809756
1,6,8,vig_tiny,cifar10,0.3,11,_vig_blocks.10,0.791684
1,6,8,vig_tiny,cifar10,0.3,12,_vig_blocks.11,0.793830
1,6,8,vig_tiny,cifar10,0.3,13,classifier,0.536907
1,6,9,vig_tiny,cifar10,0.3,0,_vig_stem,0.669665
1,6,9,vig_tiny,cifar10,0.3,1,_vig_blocks.0,0.623840
1,6,9,vig_tiny,cifar10,0.3,2,_vig_blocks.1,0.618042
1,6,9,vig_tiny,cifar10,0.3,3,_vig_blocks.2,0.539272
1,6,9,vig_tiny,cifar10,0.3,4,_vig_blocks.3,0.506787
1,6,9,vig_tiny,cifar10,0.3,5,_vig_blocks.4,0.459513
1,6,9,vig_tiny,cifar10,0.3,6,_vig_blocks.5,0.438847
1,6,9,vig_tiny,cifar10,0.3,7,_vig_blocks.6,0.415559
1,6,9,vig_tiny,cifar10,0.3,8,_vig_blocks.7,0.404975
1,6,9,vig_tiny,cifar10,0.3,9,_vig_blocks.8,0.388485
1,6,9,vig_tiny,cifar10,0.3,10,_vig_blocks.9,0.386451
1,6,9,vig_tiny,cifar10,0.3,11,_vig_blocks.10,0.386188
1,6,9,vig_tiny,cifar10,0.3,12,_vig_blocks.11,0.405332
1,6,9,vig_tiny,cifar10,0.3,13,classifier,0.324138
1,7,8,vig_tiny,cifar10,0.3,0,_vig_stem,0.670357
1,7,8,vig_tiny,cifar10,0.3,1,_vig_blocks.0,0.646776
1,7,8,vig_tiny,cifar10,0.3,2,_vig_blocks.1,0.677271
1,7,8,vig_tiny,cifar10,0.3,3,_vig_blocks.2,0.638821
1,7,8,vig_tiny,cifar10,0.3,4,_vig_blocks.3,0.648492
1,7,8,vig_tiny,cifar10,0.3,5,_vig_blocks.4,0.641726
1,7,8,vig_tiny,cifar10,0.3,6,_vig_blocks.5,0.615601
1,7,8,vig_tiny,cifar10,0.3,7,_vig_blocks.6,0.614708
1,7,8,vig_tiny,cifar10,0.3,8,_vig_blocks.7,0.553778
1,7,8,vig_tiny,cifar10,0.3,9,_vig_blocks.8,0.533280
1,7,8,vig_tiny,cifar10,0.3,10,_vig_blocks.9,0.493076
1,7,8,vig_tiny,cifar10,0.3,11,_vig_blocks.10,0.455769
1,7,8,vig_tiny,cifar10,0.3,12,_vig_blocks.11,0.436266
1,7,8,vig_tiny,cifar10,0.3,13,classifier,0.196235
1,7,9,vig_tiny,cifar10,0.3,0,_vig_stem,0.483300
1,7,9,vig_tiny,cifar10,0.3,1,_vig_blocks.0,0.466208
1,7,9,vig_tiny,cifar10,0.3,2,_vig_blocks.1,0.450917
1,7,9,vig_tiny,cifar10,0.3,3,_vig_blocks.2,0.465792
1,7,9,vig_tiny,cifar10,0.3,4,_vig_blocks.3,0.451234
1,7,9,vig_tiny,cifar10,0.3,5,_vig_blocks.4,0.438219
1,7,9,vig_tiny,cifar10,0.3,6,_vig_blocks.5,0.441818
1,7,9,vig_tiny,cifar10,0.3,7,_vig_blocks.6,0.435662
1,7,9,vig_tiny,cifar10,0.3,8,_vig_blocks.7,0.431766
1,7,9,vig_tiny,cifar10,0.3,9,_vig_blocks.8,0.440374
1,7,9,vig_tiny,cifar10,0.3,10,_vig_blocks.9,0.450680
1,7,9,vig_tiny,cifar10,0.3,11,_vig_blocks.10,0.452562
1,7,9,vig_tiny,cifar10,0.3,12,_vig_blocks.11,0.471670
1,7,9,vig_tiny,cifar10,0.3,13,classifier,0.289271
1,8,9,vig_tiny,cifar10,0.3,0,_vig_stem,0.743040
1,8,9,vig_tiny,cifar10,0.3,1,_vig_blocks.0,0.711644
1,8,9,vig_tiny,cifar10,0.3,2,_vig_blocks.1,0.669325
1,8,9,vig_tiny,cifar10,0.3,3,_vig_blocks.2,0.626294
1,8,9,vig_tiny,cifar10,0.3,4,_vig_blocks.3,0.612430
1,8,9,vig_tiny,cifar10,0.3,5,_vig_blocks.4,0.588879
1,8,9,vig_tiny,cifar10,0.3,6,_vig_blocks.5,0.556325
1,8,9,vig_tiny,cifar10,0.3,7,_vig_blocks.6,0.546425
1,8,9,vig_tiny,cifar10,0.3,8,_vig_blocks.7,0.522861
1,8,9,vig_tiny,cifar10,0.3,9,_vig_blocks.8,0.483449
1,8,9,vig_tiny,cifar10,0.3,10,_vig_blocks.9,0.457956
1,8,9,vig_tiny,cifar10,0.3,11,_vig_blocks.10,0.439961
1,8,9,vig_tiny,cifar10,0.3,12,_vig_blocks.11,0.420761
1,8,9,vig_tiny,cifar10,0.3,13,classifier,0.162268
2,0,1,vig_tiny,cifar10,0.3,0,_vig_stem,0.861720
2,0,1,vig_tiny,cifar10,0.3,1,_vig_blocks.0,0.843865
2,0,1,vig_tiny,cifar10,0.3,2,_vig_blocks.1,0.833913
2,0,1,vig_tiny,cifar10,0.3,3,_vig_blocks.2,0.852576
2,0,1,vig_tiny,cifar10,0.3,4,_vig_blocks.3,0.843381
2,0,1,vig_tiny,cifar10,0.3,5,_vig_blocks.4,0.852738
2,0,1,vig_tiny,cifar10,0.3,6,_vig_blocks.5,0.836806
2,0,1,vig_tiny,cifar10,0.3,7,_vig_blocks.6,0.845394
2,0,1,vig_tiny,cifar10,0.3,8,_vig_blocks.7,0.824010
2,0,1,vig_tiny,cifar10,0.3,9,_vig_blocks.8,0.811404
2,0,1,vig_tiny,cifar10,0.3,10,_vig_blocks.9,0.791404
2,0,1,vig_tiny,cifar10,0.3,11,_vig_blocks.10,0.788939
2,0,1,vig_tiny,cifar10,0.3,12,_vig_blocks.11,0.775779
2,0,1,vig_tiny,cifar10,0.3,13,classifier,0.714116
2,0,2,vig_tiny,cifar10,0.3,0,_vig_stem,0.788887
2,0,2,vig_tiny,cifar10,0.3,1,_vig_blocks.0,0.754794
2,0,2,vig_tiny,cifar10,0.3,2,_vig_blocks.1,0.746615
2,0,2,vig_tiny,cifar10,0.3,3,_vig_blocks.2,0.767101
2,0,2,vig_tiny,cifar10,0.3,4,_vig_blocks.3,0.742622
2,0,2,vig_tiny,cifar10,0.3,5,_vig_blocks.4,0.729021
2,0,2,vig_tiny,cifar10,0.3,6,_vig_blocks.5,0.720973
2,0,2,vig_tiny,cifar10,0.3,7,_vig_blocks.6,0.745600
2,0,2,vig_tiny,cifar10,0.3,8,_vig_blocks.7,0.757260
2,0,2,vig_tiny,cifar10,0.3,9,_vig_blocks.8,0.759521
2,0,2,vig_tiny,cifar10,0.3,10,_vig_blocks.9,0.755269
2,0,2,vig_tiny,cifar10,0.3,11,_vig_blocks.10,0.754189
2,0,2,vig_tiny,cifar10,0.3,12,_vig_blocks.11,0.746232
2,0,2,vig_tiny,cifar10,0.3,13,classifier,0.657198
2,0,3,vig_tiny,cifar10,0.3,0,_vig_stem,0.822152
2,0,3,vig_tiny,cifar10,0.3,1,_vig_blocks.0,0.846010
2,0,3,vig_tiny,cifar10,0.3,2,_vig_blocks.1,0.860346
2,0,3,vig_tiny,cifar10,0.3,3,_vig_blocks.2,0.862417
2,0,3,vig_tiny,cifar10,0.3,4,_vig_blocks.3,0.843231
2,0,3,vig_tiny,cifar10,0.3,5,_vig_blocks.4,0.837053
2,0,3,vig_tiny,cifar10,0.3,6,_vig_blocks.5,0.833777
2,0,3,vig_tiny,cifar10,0.3,7,_vig_blocks.6,0.824317
2,0,3,vig_tiny,cifar10,0.3,8,_vig_blocks.7,0.814754
2,0,3,vig_tiny,cifar10,0.3,9,_vig_blocks.8,0.810004
2,0,3,vig_tiny,cifar10,0.3,10,_vig_blocks.9,0.784829
2,0,3,vig_tiny,cifar10,0.3,11,_vig_blocks.10,0.753372
2,0,3,vig_tiny,cifar10,0.3,12,_vig_blocks.11,0.735125
2,0,3,vig_tiny,cifar10,0.3,13,classifier,0.378338
2,0,4,vig_tiny,cifar10,0.3,0,_vig_stem,0.889789
2,0,4,vig_tiny,cifar10,0.3,1,_vig_blocks.0,0.821007
2,0,4,vig_tiny,cifar10,0.3,2,_vig_blocks.1,0.785549
2,0,4,vig_tiny,cifar10,0.3,3,_vig_blocks.2,0.801048
2,0,4,vig_tiny,cifar10,0.3,4,_vig_blocks.3,0.786291
2,0,4,vig_tiny,cifar10,0.3,5,_vig_blocks.4,0.794415
2,0,4,vig_tiny,cifar10,0.3,6,_vig_blocks.5,0.781656
2,0,4,vig_tiny,cifar10,0.3,7,_vig_blocks.6,0.789795
2,0,4,vig_tiny,cifar10,0.3,8,_vig_blocks.7,0.781627
2,0,4,vig_tiny,cifar10,0.3,9,_vig_blocks.8,0.760461
2,0,4,vig_tiny,cifar10,0.3,10,_vig_blocks.9,0.738419
2,0,4,vig_tiny,cifar10,0.3,11,_vig_blocks.10,0.723587
2,0,4,vig_tiny,cifar10,0.3,12,_vig_blocks.11,0.721967
2,0,4,vig_tiny,cifar10,0.3,13,classifier,0.571239
2,0,5,vig_tiny,cifar10,0.3,0,_vig_stem,0.715389
2,0,5,vig_tiny,cifar10,0.3,1,_vig_blocks.0,0.663051
2,0,5,vig_tiny,cifar10,0.3,2,_vig_blocks.1,0.633142
2,0,5,vig_tiny,cifar10,0.3,3,_vig_blocks.2,0.646287
2,0,5,vig_tiny,cifar10,0.3,4,_vig_blocks.3,0.637898
2,0,5,vig_tiny,cifar10,0.3,5,_vig_blocks.4,0.658718
2,0,5,vig_tiny,cifar10,0.3,6,_vig_blocks.5,0.664151
2,0,5,vig_tiny,cifar10,0.3,7,_vig_blocks.6,0.665113
2,0,5,vig_tiny,cifar10,0.3,8,_vig_blocks.7,0.676189
2,0,5,vig_tiny,cifar10,0.3,9,_vig_blocks.8,0.679456
2,0,5,vig_tiny,cifar10,0.3,10,_vig_blocks.9,0.667265
2,0,5,vig_tiny,cifar10,0.3,11,_vig_blocks.10,0.665513
2,0,5,vig_tiny,cifar10,0.3,12,_vig_blocks.11,0.664899
2,0,5,vig_tiny,cifar10,0.3,13,classifier,0.602742
2,0,6,vig_tiny,cifar10,0.3,0,_vig_stem,0.617842
2,0,6,vig_tiny,cifar10,0.3,1,_vig_blocks.0,0.595951
2,0,6,vig_tiny,cifar10,0.3,2,_vig_blocks.1,0.566710
2,0,6,vig_tiny,cifar10,0.3,3,_vig_blocks.2,0.589186
2,0,6,vig_tiny,cifar10,0.3,4,_vig_blocks.3,0.552496
2,0,6,vig_tiny,cifar10,0.3,5,_vig_blocks.4,0.570353
2,0,6,vig_tiny,cifar10,0.3,6,_vig_blocks.5,0.585212
2,0,6,vig_tiny,cifar10,0.3,7,_vig_blocks.6,0.590078
2,0,6,vig_tiny,cifar10,0.3,8,_vig_blocks.7,0.592525
2,0,6,vig_tiny,cifar10,0.3,9,_vig_blocks.8,0.582640
2,0,6,vig_tiny,cifar10,0.3,10,_vig_blocks.9,0.570339
2,0,6,vig_tiny,cifar10,0.3,11,_vig_blocks.10,0.562653
2,0,6,vig_tiny,cifar10,0.3,12,_vig_blocks.11,0.594750
2,0,6,vig_tiny,cifar10,0.3,13,classifier,0.459267
2,0,7,vig_tiny,cifar10,0.3,0,_vig_stem,0.893442
2,0,7,vig_tiny,cifar10,0.3,1,_vig_blocks.0,0.865170
2,0,7,vig_tiny,cifar10,0.3,2,_vig_blocks.1,0.855292
2,0,7,vig_tiny,cifar10,0.3,3,_vig_blocks.2,0.878176
2,0,7,vig_tiny,cifar10,0.3,4,_vig_blocks.3,0.872588
2,0,7,vig_tiny,cifar10,0.3,5,_vig_blocks.4,0.870815
2,0,7,vig_tiny,cifar10,0.3,6,_vig_blocks.5,0.864285
2,0,7,vig_tiny,cifar10,0.3,7,_vig_blocks.6,0.868492
2,0,7,vig_tiny,cifar10,0.3,8,_vig_blocks.7,0.866446
2,0,7,vig_tiny,cifar10,0.3,9,_vig_blocks.8,0.859358
2,0,7,vig_tiny,cifar10,0.3,10,_vig_blocks.9,0.832271
2,0,7,vig_tiny,cifar10,0.3,11,_vig_blocks.10,0.824742
2,0,7,vig_tiny,cifar10,0.3,12,_vig_blocks.11,0.801799
2,0,7,vig_tiny,cifar10,0.3,13,classifier,0.580061
2,0,8,vig_tiny,cifar10,0.3,0,_vig_stem,0.913222
2,0,8,vig_tiny,cifar10,0.3,1,_vig_blocks.0,0.807828
2,0,8,vig_tiny,cifar10,0.3,2,_vig_blocks.1,0.783338
2,0,8,vig_tiny,cifar10,0.3,3,_vig_blocks.2,0.741229
2,0,8,vig_tiny,cifar10,0.3,4,_vig_blocks.3,0.739292
2,0,8,vig_tiny,cifar10,0.3,5,_vig_blocks.4,0.743073
2,0,8,vig_tiny,cifar10,0.3,6,_vig_blocks.5,0.761371
2,0,8,vig_tiny,cifar10,0.3,7,_vig_blocks.6,0.765659
2,0,8,vig_tiny,cifar10,0.3,8,_vig_blocks.7,0.762664
2,0,8,vig_tiny,cifar10,0.3,9,_vig_blocks.8,0.759551
2,0,8,vig_tiny,cifar10,0.3,10,_vig_blocks.9,0.747616
2,0,8,vig_tiny,cifar10,0.3,11,_vig_blocks.10,0.728110
2,0,8,vig_tiny,cifar10,0.3,12,_vig_blocks.11,0.734744
2,0,8,vig_tiny,cifar10,0.3,13,classifier,0.647652
2,0,9,vig_tiny,cifar10,0.3,0,_vig_stem,0.605380
2,0,9,vig_tiny,cifar10,0.3,1,_vig_blocks.0,0.532983
2,0,9,vig_tiny,cifar10,0.3,2,_vig_blocks.1,0.512186
2,0,9,vig_tiny,cifar10,0.3,3,_vig_blocks.2,0.495710
2,0,9,vig_tiny,cifar10,0.3,4,_vig_blocks.3,0.481153
2,0,9,vig_tiny,cifar10,0.3,5,_vig_blocks.4,0.512146
2,0,9,vig_tiny,cifar10,0.3,6,_vig_blocks.5,0.507127
2,0,9,vig_tiny,cifar10,0.3,7,_vig_blocks.6,0.504639
2,0,9,vig_tiny,cifar10,0.3,8,_vig_blocks.7,0.506663
2,0,9,vig_tiny,cifar10,0.3,9,_vig_blocks.8,0.498409
2,0,9,vig_tiny,cifar10,0.3,10,_vig_blocks.9,0.485260
2,0,9,vig_tiny,cifar10,0.3,11,_vig_blocks.10,0.498901
2,0,9,vig_tiny,cifar10,0.3,12,_vig_blocks.11,0.510553
2,0,9,vig_tiny,cifar10,0.3,13,classifier,0.206928
2,1,2,vig_tiny,cifar10,0.3,0,_vig_stem,0.839481
2,1,2,vig_tiny,cifar10,0.3,1,_vig_blocks.0,0.784591
2,1,2,vig_tiny,cifar10,0.3,2,_vig_blocks.1,0.765780
2,1,2,vig_tiny,cifar10,0.3,3,_vig_blocks.2,0.775826
2,1,2,vig_tiny,cifar10,0.3,4,_vig_blocks.3,0.758317
2,1,2,vig_tiny,cifar10,0.3,5,_vig_blocks.4,0.737262
2,1,2,vig_tiny,cifar10,0.3,6,_vig_blocks.5,0.737414
2,1,2,vig_tiny,cifar10,0.3,7,_vig_blocks.6,0.757834
2,1,2,vig_tiny,cifar10,0.3,8,_vig_blocks.7,0.773620
2,1,2,vig_tiny,cifar10,0.3,9,_vig_blocks.8,0.770460
2,1,2,vig_tiny,cifar10,0.3,10,_vig_blocks.9,0.761800
2,1,2,vig_tiny,cifar10,0.3,11,_vig_blocks.10,0.757487
2,1,2,vig_tiny,cifar10,0.3,12,_vig_blocks.11,0.742749
2,1,2,vig_tiny,cifar10,0.3,13,classifier,0.683747
2,1,3,vig_tiny,cifar10,0.3,0,_vig_stem,0.831617
2,1,3,vig_tiny,cifar10,0.3,1,_vig_blocks.0,0.805703
2,1,3,vig_tiny,cifar10,0.3,2,_vig_blocks.1,0.812139
2,1,3,vig_tiny,cifar10,0.3,3,_vig_blocks.2,0.816972
2,1,3,vig_tiny,cifar10,0.3,4,_vig_blocks.3,0.818345
2,1,3,vig_tiny,cifar10,0.3,5,_vig_blocks.4,0.806483
2,1,3,vig_tiny,cifar10,0.3,6,_vig_blocks.5,0.791435
2,1,3,vig_tiny,cifar10,0.3,7,_vig_blocks.6,0.798152
2,1,3,vig_tiny,cifar10,0.3,8,_vig_blocks.7,0.786266
2,1,3,vig_tiny,cifar10,0.3,9,_vig_blocks.8,0.763235
2,1,3,vig_tiny,cifar10,0.3,10,_vig_blocks.9,0.756950
2,1,3,vig_tiny,cifar10,0.3,11,_vig_blocks.10,0.748297
2,1,3,vig_tiny,cifar10,0.3,12,_vig_blocks.11,0.718411
2,1,3,vig_tiny,cifar10,0.3,13,classifier,0.531640
2,1,4,vig_tiny,cifar10,0.3,0,_vig_stem,0.866977
2,1,4,vig_tiny,cifar10,0.3,1,_vig_blocks.0,0.785542
2,1,4,vig_tiny,cifar10,0.3,2,_vig_blocks.1,0.786356
2,1,4,vig_tiny,cifar10,0.3,3,_vig_blocks.2,0.813165
2,1,4,vig_tiny,cifar10,0.3,4,_vig_blocks.3,0.802321
2,1,4,vig_tiny,cifar10,0.3,5,_vig_blocks.4,0.788620
2,1,4,vig_tiny,cifar10,0.3,6,_vig_blocks.5,0.774226
2,1,4,vig_tiny,cifar10,0.3,7,_vig_blocks.6,0.783680
2,1,4,vig_tiny,cifar10,0.3,8,_vig_blocks.7,0.772622
2,1,4,vig_tiny,cifar10,0.3,9,_vig_blocks.8,0.761605
2,1,4,vig_tiny,cifar10,0.3,10,_vig_blocks.9,0.745250
2,1,4,vig_tiny,cifar10,0.3,11,_vig_blocks.10,0.741768
2,1,4,vig_tiny,cifar10,0.3,12,_vig_blocks.11,0.719323
2,1,4,vig_tiny,cifar10,0.3,13,classifier,0.447375
2,1,5,vig_tiny,cifar10,0.3,0,_vig_stem,0.766351
2,1,5,vig_tiny,cifar10,0.3,1,_vig_blocks.0,0.737253
2,1,5,vig_tiny,cifar10,0.3,2,_vig_blocks.1,0.690821
2,1,5,vig_tiny,cifar10,0.3,3,_vig_blocks.2,0.707292
2,1,5,vig_tiny,cifar10,0.3,4,_vig_blocks.3,0.698197
2,1,5,vig_tiny,cifar10,0.3,5,_vig_blocks.4,0.675833
2,1,5,vig_tiny,cifar10,0.3,6,_vig_blocks.5,0.668802
2,1,5,vig_tiny,cifar10,0.3,7,_vig_blocks.6,0.668827
2,1,5,vig_tiny,cifar10,0.3,8,_vig_blocks.7,0.666982
2,1,5,vig_tiny,cifar10,0.3,9,_vig_blocks.8,0.667246
2,1,5,vig_tiny,cifar10,0.3,10,_vig_blocks.9,0.671994
2,1,5,vig_tiny,cifar10,0.3,11,_vig_blocks.10,0.666758
2,1,5,vig_tiny,cifar10,0.3,12,_vig_blocks.11,0.645540
2,1,5,vig_tiny,cifar10,0.3,13,classifier,0.552873
2,1,6,vig_tiny,cifar10,0.3,0,_vig_stem,0.691557
2,1,6,vig_tiny,cifar10,0.3,1,_vig_blocks.0,0.686837
2,1,6,vig_tiny,cifar10,0.3,2,_vig_blocks.1,0.649661
2,1,6,vig_tiny,cifar10,0.3,3,_vig_blocks.2,0.655492
2,1,6,vig_tiny,cifar10,0.3,4,_vig_blocks.3,0.610706
2,1,6,vig_tiny,cifar10,0.3,5,_vig_blocks.4,0.594889
2,1,6,vig_tiny,cifar10,0.3,6,_vig_blocks.5,0.593179
2,1,6,vig_tiny,cifar10,0.3,7,_vig_blocks.6,0.609017
2,1,6,vig_tiny,cifar10,0.3,8,_vig_blocks.7,0.615928
2,1,6,vig_tiny,cifar10,0.3,9,_vig_blocks.8,0.611298
2,1,6,vig_tiny,cifar10,0.3,10,_vig_blocks.9,0.609033
2,1,6,vig_tiny,cifar10,0.3,11,_vig_blocks.10,0.600924
2,1,6,vig_tiny,cifar10,0.3,12,_vig_blocks.11,0.622927
2,1,6,vig_tiny,cifar10,0.3,13,classifier,0.388248
2,1,7,vig_tiny,cifar10,0.3,0,_vig_stem,0.896044
2,1,7,vig_tiny,cifar10,0.3,1,_vig_blocks.0,0.863115
2,1,7,vig_tiny,cifar10,0.3,2,_vig_blocks.1,0.859111
2,1,7,vig_tiny,cifar10,0.3,3,_vig_blocks.2,0.888425
2,1,7,vig_tiny,cifar10,0.3,4,_vig_blocks.3,0.876562
2,1,7,vig_tiny,cifar10,0.3,5,_vig_blocks.4,0.876353
2,1,7,vig_tiny,cifar10,0.3,6,_vig_blocks.5,0.869708
2,1,7,vig_tiny,cifar10,0.3,7,_vig_blocks.6,0.875693
2,1,7,vig_tiny,cifar10,0.3,8,_vig_blocks.7,0.873595
2,1,7,vig_tiny,cifar10,0.3,9,_vig_blocks.8,0.861807
2,1,7,vig_tiny,cifar10,0.3,10,_vig_blocks.9,0.827079
2,1,7,vig_tiny,cifar10,0.3,11,_vig_blocks.10,0.811276
2,1,7,vig_tiny,cifar10,0.3,12,_vig_blocks.11,0.772616
2,1,7,vig_tiny,cifar10,0.3,13,classifier,0.596682
2,1,8,vig_tiny,cifar10,0.3,0,_vig_stem,0.885270
2,1,8,vig_tiny,cifar10,0.3,1,_vig_blocks.0,0.771689
2,1,8,vig_tiny,cifar10,0.3,2,_vig_blocks.1,0.718630
2,1,8,vig_tiny,cifar10,0.3,3,_vig_blocks.2,0.704509
2,1,8,vig_tiny,cifar10,0.3,4,_vig_blocks.3,0.722000
2,1,8,vig_tiny,cifar10,0.3,5,_vig_blocks.4,0.710063
2,1,8,vig_tiny,cifar10,0.3,6,_vig_blocks.5,0.709657
2,1,8,vig_tiny,cifar10,0.3,7,_vig_blocks.6,0.727758
2,1,8,vig_tiny,cifar10,0.3,8,_vig_blocks.7,0.719525
2,1,8,vig_tiny,cifar10,0.3,9,_vig_blocks.8,0.705604
2,1,8,vig_tiny,cifar10,0.3,10,_vig_blocks.9,0.688034
2,1,8,vig_tiny,cifar10,0.3,11,_vig_blocks.10,0.682435
2,1,8,vig_tiny,cifar10,0.3,12,_vig_blocks.11,0.652797
2,1,8,vig_tiny,cifar10,0.3,13,classifier,0.450914
2,1,9,vig_tiny,cifar10,0.3,0,_vig_stem,0.695078
2,1,9,vig_tiny,cifar10,0.3,1,_vig_blocks.0,0.678584
2,1,9,vig_tiny,cifar10,0.3,2,_vig_blocks.1,0.653234
2,1,9,vig_tiny,cifar10,0.3,3,_vig_blocks.2,0.624557
2,1,9,vig_tiny,cifar10,0.3,4,_vig_blocks.3,0.613440
2,1,9,vig_tiny,cifar10,0.3,5,_vig_blocks.4,0.587472
2,1,9,vig_tiny,cifar10,0.3,6,_vig_blocks.5,0.572080
2,1,9,vig_tiny,cifar10,0.3,7,_vig_blocks.6,0.576956
2,1,9,vig_tiny,cifar10,0.3,8,_vig_blocks.7,0.583622
2,1,9,vig_tiny,cifar10,0.3,9,_vig_blocks.8,0.570081
2,1,9,vig_tiny,cifar10,0.3,10,_vig_blocks.9,0.563777
2,1,9,vig_tiny,cifar10,0.3,11,_vig_blocks.10,0.581400
2,1,9,vig_tiny,cifar10,0.3,12,_vig_blocks.11,0.580850
2,1,9,vig_tiny,cifar10,0.3,13,classifier,0.378270
2,2,3,vig_tiny,cifar10,0.3,0,_vig_stem,0.791433
2,2,3,vig_tiny,cifar10,0.3,1,_vig_blocks.0,0.845788
2,2,3,vig_tiny,cifar10,0.3,2,_vig_blocks.1,0.824491
2,2,3,vig_tiny,cifar10,0.3,3,_vig_blocks.2,0.820067
2,2,3,vig_tiny,cifar10,0.3,4,_vig_blocks.3,0.817200
2,2,3,vig_tiny,cifar10,0.3,5,_vig_blocks.4,0.770271
2,2,3,vig_tiny,cifar10,0.3,6,_vig_blocks.5,0.742384
2,2,3,vig_tiny,cifar10,0.3,7,_vig_blocks.6,0.753949
2,2,3,vig_tiny,cifar10,0.3,8,_vig_blocks.7,0.756245
2,2,3,vig_tiny,cifar10,0.3,9,_vig_blocks.8,0.745890
2,2,3,vig_tiny,cifar10,0.3,10,_vig_blocks.9,0.734531
2,2,3,vig_tiny,cifar10,0.3,11,_vig_blocks.10,0.724161
2,2,3,vig_tiny,cifar10,0.3,12,_vig_blocks.11,0.708054
2,2,3,vig_tiny,cifar10,0.3,13,classifier,0.316222
2,2,4,vig_tiny,cifar10,0.3,0,_vig_stem,0.769036
2,2,4,vig_tiny,cifar10,0.3,1,_vig_blocks.0,0.708871
2,2,4,vig_tiny,cifar10,0.3,2,_vig_blocks.1,0.721398
2,2,4,vig_tiny,cifar10,0.3,3,_vig_blocks.2,0.751133
2,2,4,vig_tiny,cifar10,0.3,4,_vig_blocks.3,0.750128
2,2,4,vig_tiny,cifar10,0.3,5,_vig_blocks.4,0.728382
2,2,4,vig_tiny,cifar10,0.3,6,_vig_blocks.5,0.733593
2,2,4,vig_tiny,cifar10,0.3,7,_vig_blocks.6,0.751384
2,2,4,vig_tiny,cifar10,0.3,8,_vig_blocks.7,0.754687
2,2,4,vig_tiny,cifar10,0.3,9,_vig_blocks.8,0.753649
2,2,4,vig_tiny,cifar10,0.3,10,_vig_blocks.9,0.730141
2,2,4,vig_tiny,cifar10,0.3,11,_vig_blocks.10,0.730225
2,2,4,vig_tiny,cifar10,0.3,12,_vig_blocks.11,0.716299
2,2,4,vig_tiny,cifar10,0.3,13,classifier,0.607642
2,2,5,vig_tiny,cifar10,0.3,0,_vig_stem,0.833033
2,2,5,vig_tiny,cifar10,0.3,1,_vig_blocks.0,0.766836
2,2,5,vig_tiny,cifar10,0.3,2,_vig_blocks.1,0.706152
2,2,5,vig_tiny,cifar10,0.3,3,_vig_blocks.2,0.713739
2,2,5,vig_tiny,cifar10,0.3,4,_vig_blocks.3,0.715091
2,2,5,vig_tiny,cifar10,0.3,5,_vig_blocks.4,0.707532
2,2,5,vig_tiny,cifar10,0.3,6,_vig_blocks.5,0.714724
2,2,5,vig_tiny,cifar10,0.3,7,_vig_blocks.6,0.728051
2,2,5,vig_tiny,cifar10,0.3,8,_vig_blocks.7,0.728065
2,2,5,vig_tiny,cifar10,0.3,9,_vig_blocks.8,0.738524
2,2,5,vig_tiny,cifar10,0.3,10,_vig_blocks.9,0.740043
2,2,5,vig_tiny,cifar10,0.3,11,_vig_blocks.10,0.733766
2,2,5,vig_tiny,cifar10,0.3,12,_vig_blocks.11,0.743091
2,2,5,vig_tiny,cifar10,0.3,13,classifier,0.657884
2,2,6,vig_tiny,cifar10,0.3,0,_vig_stem,0.706807
2,2,6,vig_tiny,cifar10,0.3,1,_vig_blocks.0,0.691098
2,2,6,vig_tiny,cifar10,0.3,2,_vig_blocks.1,0.640147
2,2,6,vig_tiny,cifar10,0.3,3,_vig_blocks.2,0.649695
2,2,6,vig_tiny,cifar10,0.3,4,_vig_blocks.3,0.609331
2,2,6,vig_tiny,cifar10,0.3,5,_vig_blocks.4,0.608834
2,2,6,vig_tiny,cifar10,0.3,6,_vig_blocks.5,0.611615
2,2,6,vig_tiny,cifar10,0.3,7,_vig_blocks.6,0.638005
2,2,6,vig_tiny,cifar10,0.3,8,_vig_blocks.7,0.641701
2,2,6,vig_tiny,cifar10,0.3,9,_vig_blocks.8,0.658671
2,2,6,vig_tiny,cifar10,0.3,10,_vig_blocks.9,0.655757
2,2,6,vig_tiny,cifar10,0.3,11,_vig_blocks.10,0.642357
2,2,6,vig_tiny,cifar10,0.3,12,_vig_blocks.11,0.662433
2,2,6,vig_tiny,cifar10,0.3,13,classifier,0.410074
2,2,7,vig_tiny,cifar10,0.3,0,_vig_stem,0.838978
2,2,7,vig_tiny,cifar10,0.3,1,_vig_blocks.0,0.820782
2,2,7,vig_tiny,cifar10,0.3,2,_vig_blocks.1,0.780740
2,2,7,vig_tiny,cifar10,0.3,3,_vig_blocks.2,0.778792
2,2,7,vig_tiny,cifar10,0.3,4,_vig_blocks.3,0.775367
2,2,7,vig_tiny,cifar10,0.3,5,_vig_blocks.4,0.751619
2,2,7,vig_tiny,cifar10,0.3,6,_vig_blocks.5,0.748377
2,2,7,vig_tiny,cifar10,0.3,7,_vig_blocks.6,0.774979
2,2,7,vig_tiny,cifar10,0.3,8,_vig_blocks.7,0.783733
2,2,7,vig_tiny,cifar10,0.3,9,_vig_blocks.8,0.793366
2,2,7,vig_tiny,cifar10,0.3,10,_vig_blocks.9,0.783230
2,2,7,vig_tiny,cifar10,0.3,11,_vig_blocks.10,0.756565
2,2,7,vig_tiny,cifar10,0.3,12,_vig_blocks.11,0.733973
2,2,7,vig_tiny,cifar10,0.3,13,classifier,0.452459
2,2,8,vig_tiny,cifar10,0.3,0,_vig_stem,0.836486
2,2,8,vig_tiny,cifar10,0.3,1,_vig_blocks.0,0.769980
2,2,8,vig_tiny,cifar10,0.3,2,_vig_blocks.1,0.732840
2,2,8,vig_tiny,cifar10,0.3,3,_vig_blocks.2,0.721511
2,2,8,vig_tiny,cifar10,0.3,4,_vig_blocks.3,0.699089
2,2,8,vig_tiny,cifar10,0.3,5,_vig_blocks.4,0.689117
2,2,8,vig_tiny,cifar10,0.3,6,_vig_blocks.5,0.711142
2,2,8,vig_tiny,cifar10,0.3,7,_vig_blocks.6,0.715954
2,2,8,vig_tiny,cifar10,0.3,8,_vig_blocks.7,0.704240
2,2,8,vig_tiny,cifar10,0.3,9,_vig_blocks.8,0.708829
2,2,8,vig_tiny,cifar10,0.3,10,_vig_blocks.9,0.679680
2,2,8,vig_tiny,cifar10,0.3,11,_vig_blocks.10,0.652656
2,2,8,vig_tiny,cifar10,0.3,12,_vig_blocks.11,0.653423
2,2,8,vig_tiny,cifar10,0.3,13,classifier,0.511791
2,2,9,vig_tiny,cifar10,0.3,0,_vig_stem,0.667318
2,2,9,vig_tiny,cifar10,0.3,1,_vig_blocks.0,0.564045
2,2,9,vig_tiny,cifar10,0.3,2,_vig_blocks.1,0.531244
2,2,9,vig_tiny,cifar10,0.3,3,_vig_blocks.2,0.555291
2,2,9,vig_tiny,cifar10,0.3,4,_vig_blocks.3,0.543696
2,2,9,vig_tiny,cifar10,0.3,5,_vig_blocks.4,0.539054
2,2,9,vig_tiny,cifar10,0.3,6,_vig_blocks.5,0.531941
2,2,9,vig_tiny,cifar10,0.3,7,_vig_blocks.6,0.525353
2,2,9,vig_tiny,cifar10,0.3,8,_vig_blocks.7,0.530216
2,2,9,vig_tiny,cifar10,0.3,9,_vig_blocks.8,0.531819
2,2,9,vig_tiny,cifar10,0.3,10,_vig_blocks.9,0.520614
2,2,9,vig_tiny,cifar10,0.3,11,_vig_blocks.10,0.521998
2,2,9,vig_tiny,cifar10,0.3,12,_vig_blocks.11,0.512943
2,2,9,vig_tiny,cifar10,0.3,13,classifier,0.158356
2,3,4,vig_tiny,cifar10,0.3,0,_vig_stem,0.715277
2,3,4,vig_tiny,cifar10,0.3,1,_vig_blocks.0,0.730198
2,3,4,vig_tiny,cifar10,0.3,2,_vig_blocks.1,0.766540
2,3,4,vig_tiny,cifar10,0.3,3,_vig_blocks.2,0.769969
2,3,4,vig_tiny,cifar10,0.3,4,_vig_blocks.3,0.770684
2,3,4,vig_tiny,cifar10,0.3,5,_vig_blocks.4,0.736617
2,3,4,vig_tiny,cifar10,0.3,6,_vig_blocks.5,0.734698
2,3,4,vig_tiny,cifar10,0.3,7,_vig_blocks.6,0.739851
2,3,4,vig_tiny,cifar10,0.3,8,_vig_blocks.7,0.754763
2,3,4,vig_tiny,cifar10,0.3,9,_vig_blocks.8,0.758401
2,3,4,vig_tiny,cifar10,0.3,10,_vig_blocks.9,0.776160
2,3,4,vig_tiny,cifar10,0.3,11,_vig_blocks.10,0.783148
2,3,4,vig_tiny,cifar10,0.3,12,_vig_blocks.11,0.770229
2,3,4,vig_tiny,cifar10,0.3,13,classifier,0.409304
2,3,5,vig_tiny,cifar10,0.3,0,_vig_stem,0.626984
2,3,5,vig_tiny,cifar10,0.3,1,_vig_blocks.0,0.652304
2,3,5,vig_tiny,cifar10,0.3,2,_vig_blocks.1,0.631836
2,3,5,vig_tiny,cifar10,0.3,3,_vig_blocks.2,0.649529
2,3,5,vig_tiny,cifar10,0.3,4,_vig_blocks.3,0.676742
2,3,5,vig_tiny,cifar10,0.3,5,_vig_blocks.4,0.650634
2,3,5,vig_tiny,cifar10,0.3,6,_vig_blocks.5,0.645654
2,3,5,vig_tiny,cifar10,0.3,7,_vig_blocks.6,0.639607
2,3,5,vig_tiny,cifar10,0.3,8,_vig_blocks.7,0.650716
2,3,5,vig_tiny,cifar10,0.3,9,_vig_blocks.8,0.658177
2,3,5,vig_tiny,cifar10,0.3,10,_vig_blocks.9,0.673342
2,3,5,vig_tiny,cifar10,0.3,11,_vig_blocks.10,0.684422
2,3,5,vig_tiny,cifar10,0.3,12,_vig_blocks.11,0.668637
2,3,5,vig_tiny,cifar10,0.3,13,classifier,0.536380
2,3,6,vig_tiny,cifar10,0.3,0,_vig_stem,0.530410
2,3,6,vig_tiny,cifar10,0.3,1,_vig_blocks.0,0.612577
2,3,6,vig_tiny,cifar10,0.3,2,_vig_blocks.1,0.612633
2,3,6,vig_tiny,cifar10,0.3,3,_vig_blocks.2,0.612296
2,3,6,vig_tiny,cifar10,0.3,4,_vig_blocks.3,0.613086
2,3,6,vig_tiny,cifar10,0.3,5,_vig_blocks.4,0.605308
2,3,6,vig_tiny,cifar10,0.3,6,_vig_blocks.5,0.600320
2,3,6,vig_tiny,cifar10,0.3,7,_vig_blocks.6,0.598811
2,3,6,vig_tiny,cifar10,0.3,8,_vig_blocks.7,0.605151
2,3,6,vig_tiny,cifar10,0.3,9,_vig_blocks.8,0.603838
2,3,6,vig_tiny,cifar10,0.3,10,_vig_blocks.9,0.611539
2,3,6,vig_tiny,cifar10,0.3,11,_vig_blocks.10,0.608882
2,3,6,vig_tiny,cifar10,0.3,12,_vig_blocks.11,0.610805
2,3,6,vig_tiny,cifar10,0.3,13,classifier,0.336271
2,3,7,vig_tiny,cifar10,0.3,0,_vig_stem,0.835486
2,3,7,vig_tiny,cifar10,0.3,1,_vig_blocks.0,0.856031
2,3,7,vig_tiny,cifar10,0.3,2,_vig_blocks.1,0.856098
2,3,7,vig_tiny,cifar10,0.3,3,_vig_blocks.2,0.850520
2,3,7,vig_tiny,cifar10,0.3,4,_vig_blocks.3,0.865418
2,3,7,vig_tiny,cifar10,0.3,5,_vig_blocks.4,0.848494
2,3,7,vig_tiny,cifar10,0.3,6,_vig_blocks.5,0.832294
2,3,7,vig_tiny,cifar10,0.3,7,_vig_blocks.6,0.813369
2,3,7,vig_tiny,cifar10,0.3,8,_vig_blocks.7,0.815914
2,3,7,vig_tiny,cifar10,0.3,9,_vig_blocks.8,0.807516
2,3,7,vig_tiny,cifar10,0.3,10,_vig_blocks.9,0.802245
2,3,7,vig_tiny,cifar10,0.3,11,_vig_blocks.10,0.790514
2,3,7,vig_tiny,cifar10,0.3,12,_vig_blocks.11,0.775968
2,3,7,vig_tiny,cifar10,0.3,13,classifier,0.568840
2,3,8,vig_tiny,cifar10,0.3,0,_vig_stem,0.800803
2,3,8,vig_tiny,cifar10,0.3,1,_vig_blocks.0,0.790429
2,3,8,vig_tiny,cifar10,0.3,2,_vig_blocks.1,0.812681
2,3,8,vig_tiny,cifar10,0.3,3,_vig_blocks.2,0.769429
2,3,8,vig_tiny,cifar10,0.3,4,_vig_blocks.3,0.783866
2,3,8,vig_tiny,cifar10,0.3,5,_vig_blocks.4,0.762579
2,3,8,vig_tiny,cifar10,0.3,6,_vig_blocks.5,0.791703
2,3,8,vig_tiny,cifar10,0.3,7,_vig_blocks.6,0.808752
2,3,8,vig_tiny,cifar10,0.3,8,_vig_blocks.7,0.807535
2,3,8,vig_tiny,cifar10,0.3,9,_vig_blocks.8,0.804233
2,3,8,vig_tiny,cifar10,0.3,10,_vig_blocks.9,0.783172
2,3,8,vig_tiny,cifar10,0.3,11,_vig_blocks.10,0.766450
2,3,8,vig_tiny,cifar10,0.3,12,_vig_blocks.11,0.730982
2,3,8,vig_tiny,cifar10,0.3,13,classifier,0.380402
2,3,9,vig_tiny,cifar10,0.3,0,_vig_stem,0.439408
2,3,9,vig_tiny,cifar10,0.3,1,_vig_blocks.0,0.506095
2,3,9,vig_tiny,cifar10,0.3,2,_vig_blocks.1,0.540633
2,3,9,vig_tiny,cifar10,0.3,3,_vig_blocks.2,0.527199
2,3,9,vig_tiny,cifar10,0.3,4,_vig_blocks.3,0.559781
2,3,9,vig_tiny,cifar10,0.3,5,_vig_blocks.4,0.542674
2,3,9,vig_tiny,cifar10,0.3,6,_vig_blocks.5,0.530361
2,3,9,vig_tiny,cifar10,0.3,7,_vig_blocks.6,0.513384
2,3,9,vig_tiny,cifar10,0.3,8,_vig_blocks.7,0.525568
2,3,9,vig_tiny,cifar10,0.3,9,_vig_blocks.8,0.535332
2,3,9,vig_tiny,cifar10,0.3,10,_vig_blocks.9,0.566741
2,3,9,vig_tiny,cifar10,0.3,11,_vig_blocks.10,0.584843
2,3,9,vig_tiny,cifar10,0.3,12,_vig_blocks.11,0.580258
2,3,9,vig_tiny,cifar10,0.3,13,classifier,0.690455
2,4,5,vig_tiny,cifar10,0.3,0,_vig_stem,0.748350
2,4,5,vig_tiny,cifar10,0.3,1,_vig_blocks.0,0.726558
2,4,5,vig_tiny,cifar10,0.3,2,_vig_blocks.1,0.698004
2,4,5,vig_tiny,cifar10,0.3,3,_vig_blocks.2,0.708039
2,4,5,vig_tiny,cifar10,0.3,4,_vig_blocks.3,0.702442
2,4,5,vig_tiny,cifar10,0.3,5,_vig_blocks.4,0.724263
2,4,5,vig_tiny,cifar10,0.3,6,_vig_blocks.5,0.714536
2,4,5,vig_tiny,cifar10,0.3,7,_vig_blocks.6,0.692775
2,4,5,vig_tiny,cifar10,0.3,8,_vig_blocks.7,0.699687
2,4,5,vig_tiny,cifar10,0.3,9,_vig_blocks.8,0.693080
2,4,5,vig_tiny,cifar10,0.3,10,_vig_blocks.9,0.705976
2,4,5,vig_tiny,cifar10,0.3,11,_vig_blocks.10,0.713502
2,4,5,vig_tiny,cifar10,0.3,12,_vig_blocks.11,0.714023
2,4,5,vig_tiny,cifar10,0.3,13,classifier,0.706171
2,4,6,vig_tiny,cifar10,0.3,0,_vig_stem,0.689325
2,4,6,vig_tiny,cifar10,0.3,1,_vig_blocks.0,0.667160
2,4,6,vig_tiny,cifar10,0.3,2,_vig_blocks.1,0.639055
2,4,6,vig_tiny,cifar10,0.3,3,_vig_blocks.2,0.631188
2,4,6,vig_tiny,cifar10,0.3,4,_vig_blocks.3,0.589935
2,4,6,vig_tiny,cifar10,0.3,5,_vig_blocks.4,0.593206
2,4,6,vig_tiny,cifar10,0.3,6,_vig_blocks.5,0.592535
2,4,6,vig_tiny,cifar10,0.3,7,_vig_blocks.6,0.584785
2,4,6,vig_tiny,cifar10,0.3,8,_vig_blocks.7,0.585886
2,4,6,vig_tiny,cifar10,0.3,9,_vig_blocks.8,0.589260
2,4,6,vig_tiny,cifar10,0.3,10,_vig_blocks.9,0.589119
2,4,6,vig_tiny,cifar10,0.3,11,_vig_blocks.10,0.576502
2,4,6,vig_tiny,cifar10,0.3,12,_vig_blocks.11,0.571004
2,4,6,vig_tiny,cifar10,0.3,13,classifier,0.433577
2,4,7,vig_tiny,cifar10,0.3,0,_vig_stem,0.875512
2,4,7,vig_tiny,cifar10,0.3,1,_vig_blocks.0,0.818383
2,4,7,vig_tiny,cifar10,0.3,2,_vig_blocks.1,0.800564
2,4,7,vig_tiny,cifar10,0.3,3,_vig_blocks.2,0.813023
2,4,7,vig_tiny,cifar10,0.3,4,_vig_blocks.3,0.811362
2,4,7,vig_tiny,cifar10,0.3,5,_vig_blocks.4,0.805790
2,4,7,vig_tiny,cifar10,0.3,6,_vig_blocks.5,0.803822
2,4,7,vig_tiny,cifar10,0.3,7,_vig_blocks.6,0.808102
2,4,7,vig_tiny,cifar10,0.3,8,_vig_blocks.7,0.796658
2,4,7,vig_tiny,cifar10,0.3,9,_vig_blocks.8,0.796187
2,4,7,vig_tiny,cifar10,0.3,10,_vig_blocks.9,0.773207
2,4,7,vig_tiny,cifar10,0.3,11,_vig_blocks.10,0.765805
2,4,7,vig_tiny,cifar10,0.3,12,_vig_blocks.11,0.736043
2,4,7,vig_tiny,cifar10,0.3,13,classifier,0.464447
2,4,8,vig_tiny,cifar10,0.3,0,_vig_stem,0.913469
2,4,8,vig_tiny,cifar10,0.3,1,_vig_blocks.0,0.883926
2,4,8,vig_tiny,cifar10,0.3,2,_vig_blocks.1,0.859054
2,4,8,vig_tiny,cifar10,0.3,3,_vig_blocks.2,0.803527
2,4,8,vig_tiny,cifar10,0.3,4,_vig_blocks.3,0.793389
2,4,8,vig_tiny,cifar10,0.3,5,_vig_blocks.4,0.791844
2,4,8,vig_tiny,cifar10,0.3,6,_vig_blocks.5,0.798634
2,4,8,vig_tiny,cifar10,0.3,7,_vig_blocks.6,0.771317
2,4,8,vig_tiny,cifar10,0.3,8,_vig_blocks.7,0.770355
2,4,8,vig_tiny,cifar10,0.3,9,_vig_blocks.8,0.771609
2,4,8,vig_tiny,cifar10,0.3,10,_vig_blocks.9,0.769557
2,4,8,vig_tiny,cifar10,0.3,11,_vig_blocks.10,0.746513
2,4,8,vig_tiny,cifar10,0.3,12,_vig_blocks.11,0.748718
2,4,8,vig_tiny,cifar10,0.3,13,classifier,0.721234
2,4,9,vig_tiny,cifar10,0.3,0,_vig_stem,0.695916
2,4,9,vig_tiny,cifar10,0.3,1,_vig_blocks.0,0.674104
2,4,9,vig_tiny,cifar10,0.3,2,_vig_blocks.1,0.657570
2,4,9,vig_tiny,cifar10,0.3,3,_vig_blocks.2,0.633448
2,4,9,vig_tiny,cifar10,0.3,4,_vig_blocks.3,0.614578
2,4,9,vig_tiny,cifar10,0.3,5,_vig_blocks.4,0.622297
2,4,9,vig_tiny,cifar10,0.3,6,_vig_blocks.5,0.611987
2,4,9,vig_tiny,cifar10,0.3,7,_vig_blocks.6,0.591636
2,4,9,vig_tiny,cifar10,0.3,8,_vig_blocks.7,0.594716
2,4,9,vig_tiny,cifar10,0.3,9,_vig_blocks.8,0.597577
2,4,9,vig_tiny,cifar10,0.3,10,_vig_blocks.9,0.601346
2,4,9,vig_tiny,cifar10,0.3,11,_vig_blocks.10,0.607041
2,4,9,vig_tiny,cifar10,0.3,12,_vig_blocks.11,0.602429
2,4,9,vig_tiny,cifar10,0.3,13,classifier,0.294660
2,5,6,vig_tiny,cifar10,0.3,0,_vig_stem,0.921707
2,5,6,vig_tiny,cifar10,0.3,1,_vig_blocks.0,0.870268
2,5,6,vig_tiny,cifar10,0.3,2,_vig_blocks.1,0.826019
2,5,6,vig_tiny,cifar10,0.3,3,_vig_blocks.2,0.818980
2,5,6,vig_tiny,cifar10,0.3,4,_vig_blocks.3,0.779205
2,5,6,vig_tiny,cifar10,0.3,5,_vig_blocks.4,0.752881
2,5,6,vig_tiny,cifar10,0.3,6,_vig_blocks.5,0.765596
2,5,6,vig_tiny,cifar10,0.3,7,_vig_blocks.6,0.768252
2,5,6,vig_tiny,cifar10,0.3,8,_vig_blocks.7,0.766903
2,5,6,vig_tiny,cifar10,0.3,9,_vig_blocks.8,0.776585
2,5,6,vig_tiny,cifar10,0.3,10,_vig_blocks.9,0.780520
2,5,6,vig_tiny,cifar10,0.3,11,_vig_blocks.10,0.744497
2,5,6,vig_tiny,cifar10,0.3,12,_vig_blocks.11,0.705729
2,5,6,vig_tiny,cifar10,0.3,13,classifier,0.493178
2,5,7,vig_tiny,cifar10,0.3,0,_vig_stem,0.787366
2,5,7,vig_tiny,cifar10,0.3,1,_vig_blocks.0,0.766667
2,5,7,vig_tiny,cifar10,0.3,2,_vig_blocks.1,0.721859
2,5,7,vig_tiny,cifar10,0.3,3,_vig_blocks.2,0.724958
2,5,7,vig_tiny,cifar10,0.3,4,_vig_blocks.3,0.700179
2,5,7,vig_tiny,cifar10,0.3,5,_vig_blocks.4,0.704335
2,5,7,vig_tiny,cifar10,0.3,6,_vig_blocks.5,0.708339
2,5,7,vig_tiny,cifar10,0.3,7,_vig_blocks.6,0.688670
2,5,7,vig_tiny,cifar10,0.3,8,_vig_blocks.7,0.686015
2,5,7,vig_tiny,cifar10,0.3,9,_vig_blocks.8,0.688299
2,5,7,vig_tiny,cifar10,0.3,10,_vig_blocks.9,0.709328
2,5,7,vig_tiny,cifar10,0.3,11,_vig_blocks.10,0.692769
2,5,7,vig_tiny,cifar10,0.3,12,_vig_blocks.11,0.667195
2,5,7,vig_tiny,cifar10,0.3,13,classifier,0.513225
2,5,8,vig_tiny,cifar10,0.3,0,_vig_stem,0.831339
2,5,8,vig_tiny,cifar10,0.3,1,_vig_blocks.0,0.800422
2,5,8,vig_tiny,cifar10,0.3,2,_vig_blocks.1,0.722641
2,5,8,vig_tiny,cifar10,0.3,3,_vig_blocks.2,0.686336
2,5,8,vig_tiny,cifar10,0.3,4,_vig_blocks.3,0.701987
2,5,8,vig_tiny,cifar10,0.3,5,_vig_blocks.4,0.684408
2,5,8,vig_tiny,cifar10,0.3,6,_vig_blocks.5,0.714224
2,5,8,vig_tiny,cifar10,0.3,7,_vig_blocks.6,0.717082
2,5,8,vig_tiny,cifar10,0.3,8,_vig_blocks.7,0.711026
2,5,8,vig_tiny,cifar10,0.3,9,_vig_blocks.8,0.718661
2,5,8,vig_tiny,cifar10,0.3,10,_vig_blocks.9,0.719958
2,5,8,vig_tiny,cifar10,0.3,11,_vig_blocks.10,0.709679
2,5,8,vig_tiny,cifar10,0.3,12,_vig_blocks.11,0.704553
2,5,8,vig_tiny,cifar10,0.3,13,classifier,0.549307
2,5,9,vig_tiny,cifar10,0.3,0,_vig_stem,0.842927
2,5,9,vig_tiny,cifar10,0.3,1,_vig_blocks.0,0.799329
2,5,9,vig_tiny,cifar10,0.3,2,_vig_blocks.1,0.756324
2,5,9,vig_tiny,cifar10,0.3,3,_vig_blocks.2,0.733420
2,5,9,vig_tiny,cifar10,0.3,4,_vig_blocks.3,0.726743
2,5,9,vig_tiny,cifar10,0.3,5,_vig_blocks.4,0.679195
2,5,9,vig_tiny,cifar10,0.3,6,_vig_blocks.5,0.665898
2,5,9,vig_tiny,cifar10,0.3,7,_vig_blocks.6,0.645849
2,5,9,vig_tiny,cifar10,0.3,8,_vig_blocks.7,0.636485
2,5,9,vig_tiny,cifar10,0.3,9,_vig_blocks.8,0.628372
2,5,9,vig_tiny,cifar10,0.3,10,_vig_blocks.9,0.629227
2,5,9,vig_tiny,cifar10,0.3,11,_vig_blocks.10,0.630549
2,5,9,vig_tiny,cifar10,0.3,12,_vig_blocks.11,0.615090
2,5,9,vig_tiny,cifar10,0.3,13,classifier,0.402733
2,6,7,vig_tiny,cifar10,0.3,0,_vig_stem,0.743494
2,6,7,vig_tiny,cifar10,0.3,1,_vig_blocks.0,0.771002
2,6,7,vig_tiny,cifar10,0.3,2,_vig_blocks.1,0.769079
2,6,7,vig_tiny,cifar10,0.3,3,_vig_blocks.2,0.736106
2,6,7,vig_tiny,cifar10,0.3,4,_vig_blocks.3,0.697528
2,6,7,vig_tiny,cifar10,0.3,5,_vig_blocks.4,0.720877
2,6,7,vig_tiny,cifar10,0.3,6,_vig_blocks.5,0.732441
2,6,7,vig_tiny,cifar10,0.3,7,_vig_blocks.6,0.718183
2,6,7,vig_tiny,cifar10,0.3,8,_vig_blocks.7,0.708320
2,6,7,vig_tiny,cifar10,0.3,9,_vig_blocks.8,0.691546
2,6,7,vig_tiny,cifar10,0.3,10,_vig_blocks.9,0.724017
2,6,7,vig_tiny,cifar10,0.3,11,_vig_blocks.10,0.715604
2,6,7,vig_tiny,cifar10,0.3,12,_vig_blocks.11,0.719199
2,6,7,vig_tiny,cifar10,0.3,13,classifier,0.602599
2,6,8,vig_tiny,cifar10,0.3,0,_vig_stem,0.768584
2,6,8,vig_tiny,cifar10,0.3,1,_vig_blocks.0,0.773327
2,6,8,vig_tiny,cifar10,0.3,2,_vig_blocks.1,0.676257
2,6,8,vig_tiny,cifar10,0.3,3,_vig_blocks.2,0.643213
2,6,8,vig_tiny,cifar10,0.3,4,_vig_blocks.3,0.632861
2,6,8,vig_tiny,cifar10,0.3,5,_vig_blocks.4,0.617572
2,6,8,vig_tiny,cifar10,0.3,6,_vig_blocks.5,0.625059
2,6,8,vig_tiny,cifar10,0.3,7,_vig_blocks.6,0.631636
2,6,8,vig_tiny,cifar10,0.3,8,_vig_blocks.7,0.618228
2,6,8,vig_tiny,cifar10,0.3,9,_vig_blocks.8,0.625447
2,6,8,vig_tiny,cifar10,0.3,10,_vig_blocks.9,0.613958
2,6,8,vig_tiny,cifar10,0.3,11,_vig_blocks.10,0.600549
2,6,8,vig_tiny,cifar10,0.3,12,_vig_blocks.11,0.603130
2,6,8,vig_tiny,cifar10,0.3,13,classifier,0.488928
2,6,9,vig_tiny,cifar10,0.3,0,_vig_stem,0.851943
2,6,9,vig_tiny,cifar10,0.3,1,_vig_blocks.0,0.803178
2,6,9,vig_tiny,cifar10,0.3,2,_vig_blocks.1,0.788997
2,6,9,vig_tiny,cifar10,0.3,3,_vig_blocks.2,0.757504
2,6,9,vig_tiny,cifar10,0.3,4,_vig_blocks.3,0.742374
2,6,9,vig_tiny,cifar10,0.3,5,_vig_blocks.4,0.734425
2,6,9,vig_tiny,cifar10,0.3,6,_vig_blocks.5,0.732614
2,6,9,vig_tiny,cifar10,0.3,7,_vig_blocks.6,0.716155
2,6,9,vig_tiny,cifar10,0.3,8,_vig_blocks.7,0.714226
2,6,9,vig_tiny,cifar10,0.3,9,_vig_blocks.8,0.696383
2,6,9,vig_tiny,cifar10,0.3,10,_vig_blocks.9,0.675531
2,6,9,vig_tiny,cifar10,0.3,11,_vig_blocks.10,0.672422
2,6,9,vig_tiny,cifar10,0.3,12,_vig_blocks.11,0.668962
2,6,9,vig_tiny,cifar10,0.3,13,classifier,0.331244
2,7,8,vig_tiny,cifar10,0.3,0,_vig_stem,0.906377
2,7,8,vig_tiny,cifar10,0.3,1,_vig_blocks.0,0.843822
2,7,8,vig_tiny,cifar10,0.3,2,_vig_blocks.1,0.779757
2,7,8,vig_tiny,cifar10,0.3,3,_vig_blocks.2,0.720824
2,7,8,vig_tiny,cifar10,0.3,4,_vig_blocks.3,0.742558
2,7,8,vig_tiny,cifar10,0.3,5,_vig_blocks.4,0.742301
2,7,8,vig_tiny,cifar10,0.3,6,_vig_blocks.5,0.754827
2,7,8,vig_tiny,cifar10,0.3,7,_vig_blocks.6,0.738303
2,7,8,vig_tiny,cifar10,0.3,8,_vig_blocks.7,0.734904
2,7,8,vig_tiny,cifar10,0.3,9,_vig_blocks.8,0.753575
2,7,8,vig_tiny,cifar10,0.3,10,_vig_blocks.9,0.738496
2,7,8,vig_tiny,cifar10,0.3,11,_vig_blocks.10,0.723238
2,7,8,vig_tiny,cifar10,0.3,12,_vig_blocks.11,0.700573
2,7,8,vig_tiny,cifar10,0.3,13,classifier,0.534474
2,7,9,vig_tiny,cifar10,0.3,0,_vig_stem,0.649647
2,7,9,vig_tiny,cifar10,0.3,1,_vig_blocks.0,0.623032
2,7,9,vig_tiny,cifar10,0.3,2,_vig_blocks.1,0.642704
2,7,9,vig_tiny,cifar10,0.3,3,_vig_blocks.2,0.600686
2,7,9,vig_tiny,cifar10,0.3,4,_vig_blocks.3,0.572075
2,7,9,vig_tiny,cifar10,0.3,5,_vig_blocks.4,0.599812
2,7,9,vig_tiny,cifar10,0.3,6,_vig_blocks.5,0.607882
2,7,9,vig_tiny,cifar10,0.3,7,_vig_blocks.6,0.576151
2,7,9,vig_tiny,cifar10,0.3,8,_vig_blocks.7,0.562714
2,7,9,vig_tiny,cifar10,0.3,9,_vig_blocks.8,0.552069
2,7,9,vig_tiny,cifar10,0.3,10,_vig_blocks.9,0.557911
2,7,9,vig_tiny,cifar10,0.3,11,_vig_blocks.10,0.559071
2,7,9,vig_tiny,cifar10,0.3,12,_vig_blocks.11,0.532603
2,7,9,vig_tiny,cifar10,0.3,13,classifier,0.484506
2,8,9,vig_tiny,cifar10,0.3,0,_vig_stem,0.757444
2,8,9,vig_tiny,cifar10,0.3,1,_vig_blocks.0,0.731088
2,8,9,vig_tiny,cifar10,0.3,2,_vig_blocks.1,0.663848
2,8,9,vig_tiny,cifar10,0.3,3,_vig_blocks.2,0.637891
2,8,9,vig_tiny,cifar10,0.3,4,_vig_blocks.3,0.640555
2,8,9,vig_tiny,cifar10,0.3,5,_vig_blocks.4,0.626263
2,8,9,vig_tiny,cifar10,0.3,6,_vig_blocks.5,0.620725
2,8,9,vig_tiny,cifar10,0.3,7,_vig_blocks.6,0.595490
2,8,9,vig_tiny,cifar10,0.3,8,_vig_blocks.7,0.587721
2,8,9,vig_tiny,cifar10,0.3,9,_vig_blocks.8,0.592006
2,8,9,vig_tiny,cifar10,0.3,10,_vig_blocks.9,0.589172
2,8,9,vig_tiny,cifar10,0.3,11,_vig_blocks.10,0.589000
2,8,9,vig_tiny,cifar10,0.3,12,_vig_blocks.11,0.580823
2,8,9,vig_tiny,cifar10,0.3,13,classifier,0.235141
5,0,1,vig_tiny,cifar10,0.3,0,_vig_stem,0.891733
5,0,1,vig_tiny,cifar10,0.3,1,_vig_blocks.0,0.825052
5,0,1,vig_tiny,cifar10,0.3,2,_vig_blocks.1,0.801315
5,0,1,vig_tiny,cifar10,0.3,3,_vig_blocks.2,0.786772
5,0,1,vig_tiny,cifar10,0.3,4,_vig_blocks.3,0.759924
5,0,1,vig_tiny,cifar10,0.3,5,_vig_blocks.4,0.774189
5,0,1,vig_tiny,cifar10,0.3,6,_vig_blocks.5,0.774458
5,0,1,vig_tiny,cifar10,0.3,7,_vig_blocks.6,0.775330
5,0,1,vig_tiny,cifar10,0.3,8,_vig_blocks.7,0.777568
5,0,1,vig_tiny,cifar10,0.3,9,_vig_blocks.8,0.763654
5,0,1,vig_tiny,cifar10,0.3,10,_vig_blocks.9,0.761013
5,0,1,vig_tiny,cifar10,0.3,11,_vig_blocks.10,0.755304
5,0,1,vig_tiny,cifar10,0.3,12,_vig_blocks.11,0.747555
5,0,1,vig_tiny,cifar10,0.3,13,classifier,0.658660
5,0,2,vig_tiny,cifar10,0.3,0,_vig_stem,0.878094
5,0,2,vig_tiny,cifar10,0.3,1,_vig_blocks.0,0.818435
5,0,2,vig_tiny,cifar10,0.3,2,_vig_blocks.1,0.782283
5,0,2,vig_tiny,cifar10,0.3,3,_vig_blocks.2,0.761094
5,0,2,vig_tiny,cifar10,0.3,4,_vig_blocks.3,0.740816
5,0,2,vig_tiny,cifar10,0.3,5,_vig_blocks.4,0.734805
5,0,2,vig_tiny,cifar10,0.3,6,_vig_blocks.5,0.720735
5,0,2,vig_tiny,cifar10,0.3,7,_vig_blocks.6,0.707099
5,0,2,vig_tiny,cifar10,0.3,8,_vig_blocks.7,0.710142
5,0,2,vig_tiny,cifar10,0.3,9,_vig_blocks.8,0.706617
5,0,2,vig_tiny,cifar10,0.3,10,_vig_blocks.9,0.708099
5,0,2,vig_tiny,cifar10,0.3,11,_vig_blocks.10,0.718470
5,0,2,vig_tiny,cifar10,0.3,12,_vig_blocks.11,0.716355
5,0,2,vig_tiny,cifar10,0.3,13,classifier,0.612028
5,0,3,vig_tiny,cifar10,0.3,0,_vig_stem,0.905574
5,0,3,vig_tiny,cifar10,0.3,1,_vig_blocks.0,0.876351
5,0,3,vig_tiny,cifar10,0.3,2,_vig_blocks.1,0.850161
5,0,3,vig_tiny,cifar10,0.3,3,_vig_blocks.2,0.845224
5,0,3,vig_tiny,cifar10,0.3,4,_vig_blocks.3,0.831163
5,0,3,vig_tiny,cifar10,0.3,5,_vig_blocks.4,0.828006
5,0,3,vig_tiny,cifar10,0.3,6,_vig_blocks.5,0.815163
5,0,3,vig_tiny,cifar10,0.3,7,_vig_blocks.6,0.809072
5,0,3,vig_tiny,cifar10,0.3,8,_vig_blocks.7,0.788693
5,0,3,vig_tiny,cifar10,0.3,9,_vig_blocks.8,0.775124
5,0,3,vig_tiny,cifar10,0.3,10,_vig_blocks.9,0.754928
5,0,3,vig_tiny,cifar10,0.3,11,_vig_blocks.10,0.733978
5,0,3,vig_tiny,cifar10,0.3,12,_vig_blocks.11,0.711205
5,0,3,vig_tiny,cifar10,0.3,13,classifier,0.458659
5,0,4,vig_tiny,cifar10,0.3,0,_vig_stem,0.879550
5,0,4,vig_tiny,cifar10,0.3,1,_vig_blocks.0,0.798849
5,0,4,vig_tiny,cifar10,0.3,2,_vig_blocks.1,0.807801
5,0,4,vig_tiny,cifar10,0.3,3,_vig_blocks.2,0.772754
5,0,4,vig_tiny,cifar10,0.3,4,_vig_blocks.3,0.779678
5,0,4,vig_tiny,cifar10,0.3,5,_vig_blocks.4,0.790199
5,0,4,vig_tiny,cifar10,0.3,6,_vig_blocks.5,0.772593
5,0,4,vig_tiny,cifar10,0.3,7,_vig_blocks.6,0.776948
5,0,4,vig_tiny,cifar10,0.3,8,_vig_blocks.7,0.767762
5,0,4,vig_tiny,cifar10,0.3,9,_vig_blocks.8,0.746185
5,0,4,vig_tiny,cifar10,0.3,10,_vig_blocks.9,0.739397
5,0,4,vig_tiny,cifar10,0.3,11,_vig_blocks.10,0.743524
5,0,4,vig_tiny,cifar10,0.3,12,_vig_blocks.11,0.737633
5,0,4,vig_tiny,cifar10,0.3,13,classifier,0.726681
5,0,5,vig_tiny,cifar10,0.3,0,_vig_stem,0.895939
5,0,5,vig_tiny,cifar10,0.3,1,_vig_blocks.0,0.864849
5,0,5,vig_tiny,cifar10,0.3,2,_vig_blocks.1,0.843229
5,0,5,vig_tiny,cifar10,0.3,3,_vig_blocks.2,0.797977
5,0,5,vig_tiny,cifar10,0.3,4,_vig_blocks.3,0.756787
5,0,5,vig_tiny,cifar10,0.3,5,_vig_blocks.4,0.779412
5,0,5,vig_tiny,cifar10,0.3,6,_vig_blocks.5,0.784982
5,0,5,vig_tiny,cifar10,0.3,7,_vig_blocks.6,0.782593
5,0,5,vig_tiny,cifar10,0.3,8,_vig_blocks.7,0.774049
5,0,5,vig_tiny,cifar10,0.3,9,_vig_blocks.8,0.769539
5,0,5,vig_tiny,cifar10,0.3,10,_vig_blocks.9,0.775042
5,0,5,vig_tiny,cifar10,0.3,11,_vig_blocks.10,0.768826
5,0,5,vig_tiny,cifar10,0.3,12,_vig_blocks.11,0.766764
5,0,5,vig_tiny,cifar10,0.3,13,classifier,0.807224
5,0,6,vig_tiny,cifar10,0.3,0,_vig_stem,0.823126
5,0,6,vig_tiny,cifar10,0.3,1,_vig_blocks.0,0.830398
5,0,6,vig_tiny,cifar10,0.3,2,_vig_blocks.1,0.803360
5,0,6,vig_tiny,cifar10,0.3,3,_vig_blocks.2,0.799672
5,0,6,vig_tiny,cifar10,0.3,4,_vig_blocks.3,0.786647
5,0,6,vig_tiny,cifar10,0.3,5,_vig_blocks.4,0.785457
5,0,6,vig_tiny,cifar10,0.3,6,_vig_blocks.5,0.788690
5,0,6,vig_tiny,cifar10,0.3,7,_vig_blocks.6,0.789513
5,0,6,vig_tiny,cifar10,0.3,8,_vig_blocks.7,0.765493
5,0,6,vig_tiny,cifar10,0.3,9,_vig_blocks.8,0.740955
5,0,6,vig_tiny,cifar10,0.3,10,_vig_blocks.9,0.735939
5,0,6,vig_tiny,cifar10,0.3,11,_vig_blocks.10,0.729190
5,0,6,vig_tiny,cifar10,0.3,12,_vig_blocks.11,0.725682
5,0,6,vig_tiny,cifar10,0.3,13,classifier,0.583011
5,0,7,vig_tiny,cifar10,0.3,0,_vig_stem,0.891793
5,0,7,vig_tiny,cifar10,0.3,1,_vig_blocks.0,0.858684
5,0,7,vig_tiny,cifar10,0.3,2,_vig_blocks.1,0.835542
5,0,7,vig_tiny,cifar10,0.3,3,_vig_blocks.2,0.797064
5,0,7,vig_tiny,cifar10,0.3,4,_vig_blocks.3,0.799530
5,0,7,vig_tiny,cifar10,0.3,5,_vig_blocks.4,0.806819
5,0,7,vig_tiny,cifar10,0.3,6,_vig_blocks.5,0.815300
5,0,7,vig_tiny,cifar10,0.3,7,_vig_blocks.6,0.798217
5,0,7,vig_tiny,cifar10,0.3,8,_vig_blocks.7,0.788687
5,0,7,vig_tiny,cifar10,0.3,9,_vig_blocks.8,0.779440
5,0,7,vig_tiny,cifar10,0.3,10,_vig_blocks.9,0.773500
5,0,7,vig_tiny,cifar10,0.3,11,_vig_blocks.10,0.770712
5,0,7,vig_tiny,cifar10,0.3,12,_vig_blocks.11,0.767836
5,0,7,vig_tiny,cifar10,0.3,13,classifier,0.789360
5,0,8,vig_tiny,cifar10,0.3,0,_vig_stem,0.941298
5,0,8,vig_tiny,cifar10,0.3,1,_vig_blocks.0,0.901717
5,0,8,vig_tiny,cifar10,0.3,2,_vig_blocks.1,0.871243
5,0,8,vig_tiny,cifar10,0.3,3,_vig_blocks.2,0.849193
5,0,8,vig_tiny,cifar10,0.3,4,_vig_blocks.3,0.821209
5,0,8,vig_tiny,cifar10,0.3,5,_vig_blocks.4,0.805924
5,0,8,vig_tiny,cifar10,0.3,6,_vig_blocks.5,0.787402
5,0,8,vig_tiny,cifar10,0.3,7,_vig_blocks.6,0.768496
5,0,8,vig_tiny,cifar10,0.3,8,_vig_blocks.7,0.739111
5,0,8,vig_tiny,cifar10,0.3,9,_vig_blocks.8,0.700715
5,0,8,vig_tiny,cifar10,0.3,10,_vig_blocks.9,0.673947
5,0,8,vig_tiny,cifar10,0.3,11,_vig_blocks.10,0.634011
5,0,8,vig_tiny,cifar10,0.3,12,_vig_blocks.11,0.616953
5,0,8,vig_tiny,cifar10,0.3,13,classifier,0.655275
5,0,9,vig_tiny,cifar10,0.3,0,_vig_stem,0.853230
5,0,9,vig_tiny,cifar10,0.3,1,_vig_blocks.0,0.784045
5,0,9,vig_tiny,cifar10,0.3,2,_vig_blocks.1,0.768659
5,0,9,vig_tiny,cifar10,0.3,3,_vig_blocks.2,0.759796
5,0,9,vig_tiny,cifar10,0.3,4,_vig_blocks.3,0.738009
5,0,9,vig_tiny,cifar10,0.3,5,_vig_blocks.4,0.740774
5,0,9,vig_tiny,cifar10,0.3,6,_vig_blocks.5,0.738216
5,0,9,vig_tiny,cifar10,0.3,7,_vig_blocks.6,0.730508
5,0,9,vig_tiny,cifar10,0.3,8,_vig_blocks.7,0.724942
5,0,9,vig_tiny,cifar10,0.3,9,_vig_blocks.8,0.709327
5,0,9,vig_tiny,cifar10,0.3,10,_vig_blocks.9,0.705193
5,0,9,vig_tiny,cifar10,0.3,11,_vig_blocks.10,0.708670
5,0,9,vig_tiny,cifar10,0.3,12,_vig_blocks.11,0.694521
5,0,9,vig_tiny,cifar10,0.3,13,classifier,0.659174
5,1,2,vig_tiny,cifar10,0.3,0,_vig_stem,0.872630
5,1,2,vig_tiny,cifar10,0.3,1,_vig_blocks.0,0.794068
5,1,2,vig_tiny,cifar10,0.3,2,_vig_blocks.1,0.734041
5,1,2,vig_tiny,cifar10,0.3,3,_vig_blocks.2,0.691216
5,1,2,vig_tiny,cifar10,0.3,4,_vig_blocks.3,0.692100
5,1,2,vig_tiny,cifar10,0.3,5,_vig_blocks.4,0.693362
5,1,2,vig_tiny,cifar10,0.3,6,_vig_blocks.5,0.681882
5,1,2,vig_tiny,cifar10,0.3,7,_vig_blocks.6,0.679356
5,1,2,vig_tiny,cifar10,0.3,8,_vig_blocks.7,0.687802
5,1,2,vig_tiny,cifar10,0.3,9,_vig_blocks.8,0.692521
5,1,2,vig_tiny,cifar10,0.3,10,_vig_blocks.9,0.690485
5,1,2,vig_tiny,cifar10,0.3,11,_vig_blocks.10,0.701395
5,1,2,vig_tiny,cifar10,0.3,12,_vig_blocks.11,0.701970
5,1,2,vig_tiny,cifar10,0.3,13,classifier,0.511185
5,1,3,vig_tiny,cifar10,0.3,0,_vig_stem,0.928174
5,1,3,vig_tiny,cifar10,0.3,1,_vig_blocks.0,0.871834
5,1,3,vig_tiny,cifar10,0.3,2,_vig_blocks.1,0.834743
5,1,3,vig_tiny,cifar10,0.3,3,_vig_blocks.2,0.831519
5,1,3,vig_tiny,cifar10,0.3,4,_vig_blocks.3,0.828940
5,1,3,vig_tiny,cifar10,0.3,5,_vig_blocks.4,0.796244
5,1,3,vig_tiny,cifar10,0.3,6,_vig_blocks.5,0.795597
5,1,3,vig_tiny,cifar10,0.3,7,_vig_blocks.6,0.807877
5,1,3,vig_tiny,cifar10,0.3,8,_vig_blocks.7,0.787464
5,1,3,vig_tiny,cifar10,0.3,9,_vig_blocks.8,0.777669
5,1,3,vig_tiny,cifar10,0.3,10,_vig_blocks.9,0.759511
5,1,3,vig_tiny,cifar10,0.3,11,_vig_blocks.10,0.728982
5,1,3,vig_tiny,cifar10,0.3,12,_vig_blocks.11,0.693051
5,1,3,vig_tiny,cifar10,0.3,13,classifier,0.563473
5,1,4,vig_tiny,cifar10,0.3,0,_vig_stem,0.820556
5,1,4,vig_tiny,cifar10,0.3,1,_vig_blocks.0,0.720287
5,1,4,vig_tiny,cifar10,0.3,2,_vig_blocks.1,0.679148
5,1,4,vig_tiny,cifar10,0.3,3,_vig_blocks.2,0.642385
5,1,4,vig_tiny,cifar10,0.3,4,_vig_blocks.3,0.649313
5,1,4,vig_tiny,cifar10,0.3,5,_vig_blocks.4,0.658136
5,1,4,vig_tiny,cifar10,0.3,6,_vig_blocks.5,0.632582
5,1,4,vig_tiny,cifar10,0.3,7,_vig_blocks.6,0.654404
5,1,4,vig_tiny,cifar10,0.3,8,_vig_blocks.7,0.660184
5,1,4,vig_tiny,cifar10,0.3,9,_vig_blocks.8,0.650227
5,1,4,vig_tiny,cifar10,0.3,10,_vig_blocks.9,0.639996
5,1,4,vig_tiny,cifar10,0.3,11,_vig_blocks.10,0.647482
5,1,4,vig_tiny,cifar10,0.3,12,_vig_blocks.11,0.649106
5,1,4,vig_tiny,cifar10,0.3,13,classifier,0.611254
5,1,5,vig_tiny,cifar10,0.3,0,_vig_stem,0.879443
5,1,5,vig_tiny,cifar10,0.3,1,_vig_blocks.0,0.828939
5,1,5,vig_tiny,cifar10,0.3,2,_vig_blocks.1,0.829997
5,1,5,vig_tiny,cifar10,0.3,3,_vig_blocks.2,0.817829
5,1,5,vig_tiny,cifar10,0.3,4,_vig_blocks.3,0.817340
5,1,5,vig_tiny,cifar10,0.3,5,_vig_blocks.4,0.833012
5,1,5,vig_tiny,cifar10,0.3,6,_vig_blocks.5,0.838489
5,1,5,vig_tiny,cifar10,0.3,7,_vig_blocks.6,0.830413
5,1,5,vig_tiny,cifar10,0.3,8,_vig_blocks.7,0.814272
5,1,5,vig_tiny,cifar10,0.3,9,_vig_blocks.8,0.816154
5,1,5,vig_tiny,cifar10,0.3,10,_vig_blocks.9,0.799902
5,1,5,vig_tiny,cifar10,0.3,11,_vig_blocks.10,0.784052
5,1,5,vig_tiny,cifar10,0.3,12,_vig_blocks.11,0.760198
5,1,5,vig_tiny,cifar10,0.3,13,classifier,0.659051
5,1,6,vig_tiny,cifar10,0.3,0,_vig_stem,0.915266
5,1,6,vig_tiny,cifar10,0.3,1,_vig_blocks.0,0.885491
5,1,6,vig_tiny,cifar10,0.3,2,_vig_blocks.1,0.862165
5,1,6,vig_tiny,cifar10,0.3,3,_vig_blocks.2,0.844232
5,1,6,vig_tiny,cifar10,0.3,4,_vig_blocks.3,0.846915
5,1,6,vig_tiny,cifar10,0.3,5,_vig_blocks.4,0.818974
5,1,6,vig_tiny,cifar10,0.3,6,_vig_blocks.5,0.821854
5,1,6,vig_tiny,cifar10,0.3,7,_vig_blocks.6,0.827373
5,1,6,vig_tiny,cifar10,0.3,8,_vig_blocks.7,0.814376
5,1,6,vig_tiny,cifar10,0.3,9,_vig_blocks.8,0.790002
5,1,6,vig_tiny,cifar10,0.3,10,_vig_blocks.9,0.778988
5,1,6,vig_tiny,cifar10,0.3,11,_vig_blocks.10,0.769460
5,1,6,vig_tiny,cifar10,0.3,12,_vig_blocks.11,0.762084
5,1,6,vig_tiny,cifar10,0.3,13,classifier,0.525063
5,1,7,vig_tiny,cifar10,0.3,0,_vig_stem,0.835742
5,1,7,vig_tiny,cifar10,0.3,1,_vig_blocks.0,0.801435
5,1,7,vig_tiny,cifar10,0.3,2,_vig_blocks.1,0.808265
5,1,7,vig_tiny,cifar10,0.3,3,_vig_blocks.2,0.789765
5,1,7,vig_tiny,cifar10,0.3,4,_vig_blocks.3,0.775486
5,1,7,vig_tiny,cifar10,0.3,5,_vig_blocks.4,0.793706
5,1,7,vig_tiny,cifar10,0.3,6,_vig_blocks.5,0.796612
5,1,7,vig_tiny,cifar10,0.3,7,_vig_blocks.6,0.789058
5,1,7,vig_tiny,cifar10,0.3,8,_vig_blocks.7,0.784586
5,1,7,vig_tiny,cifar10,0.3,9,_vig_blocks.8,0.774730
5,1,7,vig_tiny,cifar10,0.3,10,_vig_blocks.9,0.752144
5,1,7,vig_tiny,cifar10,0.3,11,_vig_blocks.10,0.740419
5,1,7,vig_tiny,cifar10,0.3,12,_vig_blocks.11,0.722171
5,1,7,vig_tiny,cifar10,0.3,13,classifier,0.666756
5,1,8,vig_tiny,cifar10,0.3,0,_vig_stem,0.910951
5,1,8,vig_tiny,cifar10,0.3,1,_vig_blocks.0,0.831085
5,1,8,vig_tiny,cifar10,0.3,2,_vig_blocks.1,0.776270
5,1,8,vig_tiny,cifar10,0.3,3,_vig_blocks.2,0.772378
5,1,8,vig_tiny,cifar10,0.3,4,_vig_blocks.3,0.761516
5,1,8,vig_tiny,cifar10,0.3,5,_vig_blocks.4,0.768119
5,1,8,vig_tiny,cifar10,0.3,6,_vig_blocks.5,0.755109
5,1,8,vig_tiny,cifar10,0.3,7,_vig_blocks.6,0.759272
5,1,8,vig_tiny,cifar10,0.3,8,_vig_blocks.7,0.738645
5,1,8,vig_tiny,cifar10,0.3,9,_vig_blocks.8,0.722274
5,1,8,vig_tiny,cifar10,0.3,10,_vig_blocks.9,0.685931
5,1,8,vig_tiny,cifar10,0.3,11,_vig_blocks.10,0.665703
5,1,8,vig_tiny,cifar10,0.3,12,_vig_blocks.11,0.645095
5,1,8,vig_tiny,cifar10,0.3,13,classifier,0.473491
5,1,9,vig_tiny,cifar10,0.3,0,_vig_stem,0.885756
5,1,9,vig_tiny,cifar10,0.3,1,_vig_blocks.0,0.831595
5,1,9,vig_tiny,cifar10,0.3,2,_vig_blocks.1,0.846359
5,1,9,vig_tiny,cifar10,0.3,3,_vig_blocks.2,0.836360
5,1,9,vig_tiny,cifar10,0.3,4,_vig_blocks.3,0.817934
5,1,9,vig_tiny,cifar10,0.3,5,_vig_blocks.4,0.795651
5,1,9,vig_tiny,cifar10,0.3,6,_vig_blocks.5,0.779095
5,1,9,vig_tiny,cifar10,0.3,7,_vig_blocks.6,0.773895
5,1,9,vig_tiny,cifar10,0.3,8,_vig_blocks.7,0.756466
5,1,9,vig_tiny,cifar10,0.3,9,_vig_blocks.8,0.737204
5,1,9,vig_tiny,cifar10,0.3,10,_vig_blocks.9,0.727928
5,1,9,vig_tiny,cifar10,0.3,11,_vig_blocks.10,0.744463
5,1,9,vig_tiny,cifar10,0.3,12,_vig_blocks.11,0.731193
5,1,9,vig_tiny,cifar10,0.3,13,classifier,0.656293
5,2,3,vig_tiny,cifar10,0.3,0,_vig_stem,0.868423
5,2,3,vig_tiny,cifar10,0.3,1,_vig_blocks.0,0.827178
5,2,3,vig_tiny,cifar10,0.3,2,_vig_blocks.1,0.789939
5,2,3,vig_tiny,cifar10,0.3,3,_vig_blocks.2,0.765035
5,2,3,vig_tiny,cifar10,0.3,4,_vig_blocks.3,0.759482
5,2,3,vig_tiny,cifar10,0.3,5,_vig_blocks.4,0.746715
5,2,3,vig_tiny,cifar10,0.3,6,_vig_blocks.5,0.730572
5,2,3,vig_tiny,cifar10,0.3,7,_vig_blocks.6,0.717544
5,2,3,vig_tiny,cifar10,0.3,8,_vig_blocks.7,0.714851
5,2,3,vig_tiny,cifar10,0.3,9,_vig_blocks.8,0.713922
5,2,3,vig_tiny,cifar10,0.3,10,_vig_blocks.9,0.693598
5,2,3,vig_tiny,cifar10,0.3,11,_vig_blocks.10,0.697896
5,2,3,vig_tiny,cifar10,0.3,12,_vig_blocks.11,0.674366
5,2,3,vig_tiny,cifar10,0.3,13,classifier,0.410405
5,2,4,vig_tiny,cifar10,0.3,0,_vig_stem,0.809536
5,2,4,vig_tiny,cifar10,0.3,1,_vig_blocks.0,0.731072
5,2,4,vig_tiny,cifar10,0.3,2,_vig_blocks.1,0.716318
5,2,4,vig_tiny,cifar10,0.3,3,_vig_blocks.2,0.707771
5,2,4,vig_tiny,cifar10,0.3,4,_vig_blocks.3,0.694747
5,2,4,vig_tiny,cifar10,0.3,5,_vig_blocks.4,0.739465
5,2,4,vig_tiny,cifar10,0.3,6,_vig_blocks.5,0.715646
5,2,4,vig_tiny,cifar10,0.3,7,_vig_blocks.6,0.712290
5,2,4,vig_tiny,cifar10,0.3,8,_vig_blocks.7,0.699778
5,2,4,vig_tiny,cifar10,0.3,9,_vig_blocks.8,0.688397
5,2,4,vig_tiny,cifar10,0.3,10,_vig_blocks.9,0.686744
5,2,4,vig_tiny,cifar10,0.3,11,_vig_blocks.10,0.705844
5,2,4,vig_tiny,cifar10,0.3,12,_vig_blocks.11,0.711003
5,2,4,vig_tiny,cifar10,0.3,13,classifier,0.634443
5,2,5,vig_tiny,cifar10,0.3,0,_vig_stem,0.780033
5,2,5,vig_tiny,cifar10,0.3,1,_vig_blocks.0,0.754552
5,2,5,vig_tiny,cifar10,0.3,2,_vig_blocks.1,0.731284
5,2,5,vig_tiny,cifar10,0.3,3,_vig_blocks.2,0.696763
5,2,5,vig_tiny,cifar10,0.3,4,_vig_blocks.3,0.685432
5,2,5,vig_tiny,cifar10,0.3,5,_vig_blocks.4,0.700837
5,2,5,vig_tiny,cifar10,0.3,6,_vig_blocks.5,0.702709
5,2,5,vig_tiny,cifar10,0.3,7,_vig_blocks.6,0.698545
5,2,5,vig_tiny,cifar10,0.3,8,_vig_blocks.7,0.685275
5,2,5,vig_tiny,cifar10,0.3,9,_vig_blocks.8,0.704123
5,2,5,vig_tiny,cifar10,0.3,10,_vig_blocks.9,0.694787
5,2,5,vig_tiny,cifar10,0.3,11,_vig_blocks.10,0.682439
5,2,5,vig_tiny,cifar10,0.3,12,_vig_blocks.11,0.683247
5,2,5,vig_tiny,cifar10,0.3,13,classifier,0.648905
5,2,6,vig_tiny,cifar10,0.3,0,_vig_stem,0.821584
5,2,6,vig_tiny,cifar10,0.3,1,_vig_blocks.0,0.824243
5,2,6,vig_tiny,cifar10,0.3,2,_vig_blocks.1,0.782249
5,2,6,vig_tiny,cifar10,0.3,3,_vig_blocks.2,0.777930
5,2,6,vig_tiny,cifar10,0.3,4,_vig_blocks.3,0.782009
5,2,6,vig_tiny,cifar10,0.3,5,_vig_blocks.4,0.791572
5,2,6,vig_tiny,cifar10,0.3,6,_vig_blocks.5,0.786880
5,2,6,vig_tiny,cifar10,0.3,7,_vig_blocks.6,0.768624
5,2,6,vig_tiny,cifar10,0.3,8,_vig_blocks.7,0.769282
5,2,6,vig_tiny,cifar10,0.3,9,_vig_blocks.8,0.772655
5,2,6,vig_tiny,cifar10,0.3,10,_vig_blocks.9,0.784121
5,2,6,vig_tiny,cifar10,0.3,11,_vig_blocks.10,0.777758
5,2,6,vig_tiny,cifar10,0.3,12,_vig_blocks.11,0.776362
5,2,6,vig_tiny,cifar10,0.3,13,classifier,0.740117
5,2,7,vig_tiny,cifar10,0.3,0,_vig_stem,0.744756
5,2,7,vig_tiny,cifar10,0.3,1,_vig_blocks.0,0.695418
5,2,7,vig_tiny,cifar10,0.3,2,_vig_blocks.1,0.653048
5,2,7,vig_tiny,cifar10,0.3,3,_vig_blocks.2,0.610990
5,2,7,vig_tiny,cifar10,0.3,4,_vig_blocks.3,0.649262
5,2,7,vig_tiny,cifar10,0.3,5,_vig_blocks.4,0.664606
5,2,7,vig_tiny,cifar10,0.3,6,_vig_blocks.5,0.661555
5,2,7,vig_tiny,cifar10,0.3,7,_vig_blocks.6,0.652462
5,2,7,vig_tiny,cifar10,0.3,8,_vig_blocks.7,0.647227
5,2,7,vig_tiny,cifar10,0.3,9,_vig_blocks.8,0.663024
5,2,7,vig_tiny,cifar10,0.3,10,_vig_blocks.9,0.647045
5,2,7,vig_tiny,cifar10,0.3,11,_vig_blocks.10,0.615767
5,2,7,vig_tiny,cifar10,0.3,12,_vig_blocks.11,0.622517
5,2,7,vig_tiny,cifar10,0.3,13,classifier,0.603719
5,2,8,vig_tiny,cifar10,0.3,0,_vig_stem,0.921485
5,2,8,vig_tiny,cifar10,0.3,1,_vig_blocks.0,0.879701
5,2,8,vig_tiny,cifar10,0.3,2,_vig_blocks.1,0.874942
5,2,8,vig_tiny,cifar10,0.3,3,_vig_blocks.2,0.878160
5,2,8,vig_tiny,cifar10,0.3,4,_vig_blocks.3,0.875019
5,2,8,vig_tiny,cifar10,0.3,5,_vig_blocks.4,0.875979
5,2,8,vig_tiny,cifar10,0.3,6,_vig_blocks.5,0.870413
5,2,8,vig_tiny,cifar10,0.3,7,_vig_blocks.6,0.849097
5,2,8,vig_tiny,cifar10,0.3,8,_vig_blocks.7,0.826231
5,2,8,vig_tiny,cifar10,0.3,9,_vig_blocks.8,0.810622
5,2,8,vig_tiny,cifar10,0.3,10,_vig_blocks.9,0.796442
5,2,8,vig_tiny,cifar10,0.3,11,_vig_blocks.10,0.727982
5,2,8,vig_tiny,cifar10,0.3,12,_vig_blocks.11,0.695021
5,2,8,vig_tiny,cifar10,0.3,13,classifier,0.682839
5,2,9,vig_tiny,cifar10,0.3,0,_vig_stem,0.792914
5,2,9,vig_tiny,cifar10,0.3,1,_vig_blocks.0,0.710283
5,2,9,vig_tiny,cifar10,0.3,2,_vig_blocks.1,0.688209
5,2,9,vig_tiny,cifar10,0.3,3,_vig_blocks.2,0.683426
5,2,9,vig_tiny,cifar10,0.3,4,_vig_blocks.3,0.698179
5,2,9,vig_tiny,cifar10,0.3,5,_vig_blocks.4,0.733707
5,2,9,vig_tiny,cifar10,0.3,6,_vig_blocks.5,0.714653
5,2,9,vig_tiny,cifar10,0.3,7,_vig_blocks.6,0.688155
5,2,9,vig_tiny,cifar10,0.3,8,_vig_blocks.7,0.684002
5,2,9,vig_tiny,cifar10,0.3,9,_vig_blocks.8,0.658992
5,2,9,vig_tiny,cifar10,0.3,10,_vig_blocks.9,0.669284
5,2,9,vig_tiny,cifar10,0.3,11,_vig_blocks.10,0.682545
5,2,9,vig_tiny,cifar10,0.3,12,_vig_blocks.11,0.668182
5,2,9,vig_tiny,cifar10,0.3,13,classifier,0.492874
5,3,4,vig_tiny,cifar10,0.3,0,_vig_stem,0.846117
5,3,4,vig_tiny,cifar10,0.3,1,_vig_blocks.0,0.741022
5,3,4,vig_tiny,cifar10,0.3,2,_vig_blocks.1,0.721698
5,3,4,vig_tiny,cifar10,0.3,3,_vig_blocks.2,0.679191
5,3,4,vig_tiny,cifar10,0.3,4,_vig_blocks.3,0.665218
5,3,4,vig_tiny,cifar10,0.3,5,_vig_blocks.4,0.682226
5,3,4,vig_tiny,cifar10,0.3,6,_vig_blocks.5,0.665596
5,3,4,vig_tiny,cifar10,0.3,7,_vig_blocks.6,0.672294
5,3,4,vig_tiny,cifar10,0.3,8,_vig_blocks.7,0.660314
5,3,4,vig_tiny,cifar10,0.3,9,_vig_blocks.8,0.639992
5,3,4,vig_tiny,cifar10,0.3,10,_vig_blocks.9,0.610780
5,3,4,vig_tiny,cifar10,0.3,11,_vig_blocks.10,0.613510
5,3,4,vig_tiny,cifar10,0.3,12,_vig_blocks.11,0.589724
5,3,4,vig_tiny,cifar10,0.3,13,classifier,0.397856
5,3,5,vig_tiny,cifar10,0.3,0,_vig_stem,0.894411
5,3,5,vig_tiny,cifar10,0.3,1,_vig_blocks.0,0.831621
5,3,5,vig_tiny,cifar10,0.3,2,_vig_blocks.1,0.813662
5,3,5,vig_tiny,cifar10,0.3,3,_vig_blocks.2,0.802558
5,3,5,vig_tiny,cifar10,0.3,4,_vig_blocks.3,0.802351
5,3,5,vig_tiny,cifar10,0.3,5,_vig_blocks.4,0.789595
5,3,5,vig_tiny,cifar10,0.3,6,_vig_blocks.5,0.790839
5,3,5,vig_tiny,cifar10,0.3,7,_vig_blocks.6,0.793914
5,3,5,vig_tiny,cifar10,0.3,8,_vig_blocks.7,0.759400
5,3,5,vig_tiny,cifar10,0.3,9,_vig_blocks.8,0.751123
5,3,5,vig_tiny,cifar10,0.3,10,_vig_blocks.9,0.742355
5,3,5,vig_tiny,cifar10,0.3,11,_vig_blocks.10,0.696216
5,3,5,vig_tiny,cifar10,0.3,12,_vig_blocks.11,0.673101
5,3,5,vig_tiny,cifar10,0.3,13,classifier,0.395850
5,3,6,vig_tiny,cifar10,0.3,0,_vig_stem,0.877822
5,3,6,vig_tiny,cifar10,0.3,1,_vig_blocks.0,0.875597
5,3,6,vig_tiny,cifar10,0.3,2,_vig_blocks.1,0.880653
5,3,6,vig_tiny,cifar10,0.3,3,_vig_blocks.2,0.878336
5,3,6,vig_tiny,cifar10,0.3,4,_vig_blocks.3,0.879405
5,3,6,vig_tiny,cifar10,0.3,5,_vig_blocks.4,0.866043
5,3,6,vig_tiny,cifar10,0.3,6,_vig_blocks.5,0.870664
5,3,6,vig_tiny,cifar10,0.3,7,_vig_blocks.6,0.861158
5,3,6,vig_tiny,cifar10,0.3,8,_vig_blocks.7,0.847621
5,3,6,vig_tiny,cifar10,0.3,9,_vig_blocks.8,0.834926
5,3,6,vig_tiny,cifar10,0.3,10,_vig_blocks.9,0.797410
5,3,6,vig_tiny,cifar10,0.3,11,_vig_blocks.10,0.770674
5,3,6,vig_tiny,cifar10,0.3,12,_vig_blocks.11,0.736304
5,3,6,vig_tiny,cifar10,0.3,13,classifier,0.431528
5,3,7,vig_tiny,cifar10,0.3,0,_vig_stem,0.874640
5,3,7,vig_tiny,cifar10,0.3,1,_vig_blocks.0,0.845571
5,3,7,vig_tiny,cifar10,0.3,2,_vig_blocks.1,0.809597
5,3,7,vig_tiny,cifar10,0.3,3,_vig_blocks.2,0.787120
5,3,7,vig_tiny,cifar10,0.3,4,_vig_blocks.3,0.805966
5,3,7,vig_tiny,cifar10,0.3,5,_vig_blocks.4,0.785453
5,3,7,vig_tiny,cifar10,0.3,6,_vig_blocks.5,0.786398
5,3,7,vig_tiny,cifar10,0.3,7,_vig_blocks.6,0.770190
5,3,7,vig_tiny,cifar10,0.3,8,_vig_blocks.7,0.746756
5,3,7,vig_tiny,cifar10,0.3,9,_vig_blocks.8,0.735907
5,3,7,vig_tiny,cifar10,0.3,10,_vig_blocks.9,0.701965
5,3,7,vig_tiny,cifar10,0.3,11,_vig_blocks.10,0.661023
5,3,7,vig_tiny,cifar10,0.3,12,_vig_blocks.11,0.646884
5,3,7,vig_tiny,cifar10,0.3,13,classifier,0.427286
5,3,8,vig_tiny,cifar10,0.3,0,_vig_stem,0.951309
5,3,8,vig_tiny,cifar10,0.3,1,_vig_blocks.0,0.906664
5,3,8,vig_tiny,cifar10,0.3,2,_vig_blocks.1,0.856757
5,3,8,vig_tiny,cifar10,0.3,3,_vig_blocks.2,0.851603
5,3,8,vig_tiny,cifar10,0.3,4,_vig_blocks.3,0.837276
5,3,8,vig_tiny,cifar10,0.3,5,_vig_blocks.4,0.822760
5,3,8,vig_tiny,cifar10,0.3,6,_vig_blocks.5,0.797607
5,3,8,vig_tiny,cifar10,0.3,7,_vig_blocks.6,0.786599
5,3,8,vig_tiny,cifar10,0.3,8,_vig_blocks.7,0.745641
5,3,8,vig_tiny,cifar10,0.3,9,_vig_blocks.8,0.707115
5,3,8,vig_tiny,cifar10,0.3,10,_vig_blocks.9,0.622513
5,3,8,vig_tiny,cifar10,0.3,11,_vig_blocks.10,0.545460
5,3,8,vig_tiny,cifar10,0.3,12,_vig_blocks.11,0.453677
5,3,8,vig_tiny,cifar10,0.3,13,classifier,0.209189
5,3,9,vig_tiny,cifar10,0.3,0,_vig_stem,0.872636
5,3,9,vig_tiny,cifar10,0.3,1,_vig_blocks.0,0.823274
5,3,9,vig_tiny,cifar10,0.3,2,_vig_blocks.1,0.795815
5,3,9,vig_tiny,cifar10,0.3,3,_vig_blocks.2,0.789694
5,3,9,vig_tiny,cifar10,0.3,4,_vig_blocks.3,0.778352
5,3,9,vig_tiny,cifar10,0.3,5,_vig_blocks.4,0.751914
5,3,9,vig_tiny,cifar10,0.3,6,_vig_blocks.5,0.740615
5,3,9,vig_tiny,cifar10,0.3,7,_vig_blocks.6,0.747403
5,3,9,vig_tiny,cifar10,0.3,8,_vig_blocks.7,0.744042
5,3,9,vig_tiny,cifar10,0.3,9,_vig_blocks.8,0.753797
5,3,9,vig_tiny,cifar10,0.3,10,_vig_blocks.9,0.742198
5,3,9,vig_tiny,cifar10,0.3,11,_vig_blocks.10,0.745025
5,3,9,vig_tiny,cifar10,0.3,12,_vig_blocks.11,0.734173
5,3,9,vig_tiny,cifar10,0.3,13,classifier,0.671821
5,4,5,vig_tiny,cifar10,0.3,0,_vig_stem,0.863880
5,4,5,vig_tiny,cifar10,0.3,1,_vig_blocks.0,0.845702
5,4,5,vig_tiny,cifar10,0.3,2,_vig_blocks.1,0.794749
5,4,5,vig_tiny,cifar10,0.3,3,_vig_blocks.2,0.756315
5,4,5,vig_tiny,cifar10,0.3,4,_vig_blocks.3,0.700456
5,4,5,vig_tiny,cifar10,0.3,5,_vig_blocks.4,0.709805
5,4,5,vig_tiny,cifar10,0.3,6,_vig_blocks.5,0.684720
5,4,5,vig_tiny,cifar10,0.3,7,_vig_blocks.6,0.705253
5,4,5,vig_tiny,cifar10,0.3,8,_vig_blocks.7,0.693951
5,4,5,vig_tiny,cifar10,0.3,9,_vig_blocks.8,0.688329
5,4,5,vig_tiny,cifar10,0.3,10,_vig_blocks.9,0.683252
5,4,5,vig_tiny,cifar10,0.3,11,_vig_blocks.10,0.681931
5,4,5,vig_tiny,cifar10,0.3,12,_vig_blocks.11,0.688258
5,4,5,vig_tiny,cifar10,0.3,13,classifier,0.667846
5,4,6,vig_tiny,cifar10,0.3,0,_vig_stem,0.769429
5,4,6,vig_tiny,cifar10,0.3,1,_vig_blocks.0,0.730609
5,4,6,vig_tiny,cifar10,0.3,2,_vig_blocks.1,0.689300
5,4,6,vig_tiny,cifar10,0.3,3,_vig_blocks.2,0.685776
5,4,6,vig_tiny,cifar10,0.3,4,_vig_blocks.3,0.684830
5,4,6,vig_tiny,cifar10,0.3,5,_vig_blocks.4,0.703902
5,4,6,vig_tiny,cifar10,0.3,6,_vig_blocks.5,0.680755
5,4,6,vig_tiny,cifar10,0.3,7,_vig_blocks.6,0.696396
5,4,6,vig_tiny,cifar10,0.3,8,_vig_blocks.7,0.678802
5,4,6,vig_tiny,cifar10,0.3,9,_vig_blocks.8,0.653562
5,4,6,vig_tiny,cifar10,0.3,10,_vig_blocks.9,0.655711
5,4,6,vig_tiny,cifar10,0.3,11,_vig_blocks.10,0.656372
5,4,6,vig_tiny,cifar10,0.3,12,_vig_blocks.11,0.654640
5,4,6,vig_tiny,cifar10,0.3,13,classifier,0.620979
5,4,7,vig_tiny,cifar10,0.3,0,_vig_stem,0.832231
5,4,7,vig_tiny,cifar10,0.3,1,_vig_blocks.0,0.742375
5,4,7,vig_tiny,cifar10,0.3,2,_vig_blocks.1,0.726994
5,4,7,vig_tiny,cifar10,0.3,3,_vig_blocks.2,0.688690
5,4,7,vig_tiny,cifar10,0.3,4,_vig_blocks.3,0.691177
5,4,7,vig_tiny,cifar10,0.3,5,_vig_blocks.4,0.709833
5,4,7,vig_tiny,cifar10,0.3,6,_vig_blocks.5,0.694967
5,4,7,vig_tiny,cifar10,0.3,7,_vig_blocks.6,0.693527
5,4,7,vig_tiny,cifar10,0.3,8,_vig_blocks.7,0.688890
5,4,7,vig_tiny,cifar10,0.3,9,_vig_blocks.8,0.674516
5,4,7,vig_tiny,cifar10,0.3,10,_vig_blocks.9,0.657470
5,4,7,vig_tiny,cifar10,0.3,11,_vig_blocks.10,0.632242
5,4,7,vig_tiny,cifar10,0.3,12,_vig_blocks.11,0.634297
5,4,7,vig_tiny,cifar10,0.3,13,classifier,0.658460
5,4,8,vig_tiny,cifar10,0.3,0,_vig_stem,0.891732
5,4,8,vig_tiny,cifar10,0.3,1,_vig_blocks.0,0.828913
5,4,8,vig_tiny,cifar10,0.3,2,_vig_blocks.1,0.842803
5,4,8,vig_tiny,cifar10,0.3,3,_vig_blocks.2,0.807506
5,4,8,vig_tiny,cifar10,0.3,4,_vig_blocks.3,0.791572
5,4,8,vig_tiny,cifar10,0.3,5,_vig_blocks.4,0.785894
5,4,8,vig_tiny,cifar10,0.3,6,_vig_blocks.5,0.753422
5,4,8,vig_tiny,cifar10,0.3,7,_vig_blocks.6,0.747880
5,4,8,vig_tiny,cifar10,0.3,8,_vig_blocks.7,0.732177
5,4,8,vig_tiny,cifar10,0.3,9,_vig_blocks.8,0.697974
5,4,8,vig_tiny,cifar10,0.3,10,_vig_blocks.9,0.677888
5,4,8,vig_tiny,cifar10,0.3,11,_vig_blocks.10,0.645472
5,4,8,vig_tiny,cifar10,0.3,12,_vig_blocks.11,0.660580
5,4,8,vig_tiny,cifar10,0.3,13,classifier,0.708487
5,4,9,vig_tiny,cifar10,0.3,0,_vig_stem,0.892505
5,4,9,vig_tiny,cifar10,0.3,1,_vig_blocks.0,0.830556
5,4,9,vig_tiny,cifar10,0.3,2,_vig_blocks.1,0.790550
5,4,9,vig_tiny,cifar10,0.3,3,_vig_blocks.2,0.783976
5,4,9,vig_tiny,cifar10,0.3,4,_vig_blocks.3,0.775074
5,4,9,vig_tiny,cifar10,0.3,5,_vig_blocks.4,0.789964
5,4,9,vig_tiny,cifar10,0.3,6,_vig_blocks.5,0.776235
5,4,9,vig_tiny,cifar10,0.3,7,_vig_blocks.6,0.771937
5,4,9,vig_tiny,cifar10,0.3,8,_vig_blocks.7,0.763312
5,4,9,vig_tiny,cifar10,0.3,9,_vig_blocks.8,0.747721
5,4,9,vig_tiny,cifar10,0.3,10,_vig_blocks.9,0.743812
5,4,9,vig_tiny,cifar10,0.3,11,_vig_blocks.10,0.726589
5,4,9,vig_tiny,cifar10,0.3,12,_vig_blocks.11,0.731299
5,4,9,vig_tiny,cifar10,0.3,13,classifier,0.609494
5,5,6,vig_tiny,cifar10,0.3,0,_vig_stem,0.798164
5,5,6,vig_tiny,cifar10,0.3,1,_vig_blocks.0,0.801547
5,5,6,vig_tiny,cifar10,0.3,2,_vig_blocks.1,0.797317
5,5,6,vig_tiny,cifar10,0.3,3,_vig_blocks.2,0.802119
5,5,6,vig_tiny,cifar10,0.3,4,_vig_blocks.3,0.800409
5,5,6,vig_tiny,cifar10,0.3,5,_vig_blocks.4,0.801008
5,5,6,vig_tiny,cifar10,0.3,6,_vig_blocks.5,0.796475
5,5,6,vig_tiny,cifar10,0.3,7,_vig_blocks.6,0.791281
5,5,6,vig_tiny,cifar10,0.3,8,_vig_blocks.7,0.758623
5,5,6,vig_tiny,cifar10,0.3,9,_vig_blocks.8,0.741442
5,5,6,vig_tiny,cifar10,0.3,10,_vig_blocks.9,0.737758
5,5,6,vig_tiny,cifar10,0.3,11,_vig_blocks.10,0.720132
5,5,6,vig_tiny,cifar10,0.3,12,_vig_blocks.11,0.707936
5,5,6,vig_tiny,cifar10,0.3,13,classifier,0.659630
5,5,7,vig_tiny,cifar10,0.3,0,_vig_stem,0.872831
5,5,7,vig_tiny,cifar10,0.3,1,_vig_blocks.0,0.849359
5,5,7,vig_tiny,cifar10,0.3,2,_vig_blocks.1,0.842119
5,5,7,vig_tiny,cifar10,0.3,3,_vig_blocks.2,0.835910
5,5,7,vig_tiny,cifar10,0.3,4,_vig_blocks.3,0.826916
5,5,7,vig_tiny,cifar10,0.3,5,_vig_blocks.4,0.849006
5,5,7,vig_tiny,cifar10,0.3,6,_vig_blocks.5,0.852223
5,5,7,vig_tiny,cifar10,0.3,7,_vig_blocks.6,0.845486
5,5,7,vig_tiny,cifar10,0.3,8,_vig_blocks.7,0.835471
5,5,7,vig_tiny,cifar10,0.3,9,_vig_blocks.8,0.826307
5,5,7,vig_tiny,cifar10,0.3,10,_vig_blocks.9,0.808408
5,5,7,vig_tiny,cifar10,0.3,11,_vig_blocks.10,0.802735
5,5,7,vig_tiny,cifar10,0.3,12,_vig_blocks.11,0.784151
5,5,7,vig_tiny,cifar10,0.3,13,classifier,0.782986
5,5,8,vig_tiny,cifar10,0.3,0,_vig_stem,0.885247
5,5,8,vig_tiny,cifar10,0.3,1,_vig_blocks.0,0.858277
5,5,8,vig_tiny,cifar10,0.3,2,_vig_blocks.1,0.827594
5,5,8,vig_tiny,cifar10,0.3,3,_vig_blocks.2,0.804019
5,5,8,vig_tiny,cifar10,0.3,4,_vig_blocks.3,0.772342
5,5,8,vig_tiny,cifar10,0.3,5,_vig_blocks.4,0.787070
5,5,8,vig_tiny,cifar10,0.3,6,_vig_blocks.5,0.781759
5,5,8,vig_tiny,cifar10,0.3,7,_vig_blocks.6,0.780294
5,5,8,vig_tiny,cifar10,0.3,8,_vig_blocks.7,0.746314
5,5,8,vig_tiny,cifar10,0.3,9,_vig_blocks.8,0.751350
5,5,8,vig_tiny,cifar10,0.3,10,_vig_blocks.9,0.703589
5,5,8,vig_tiny,cifar10,0.3,11,_vig_blocks.10,0.658903
5,5,8,vig_tiny,cifar10,0.3,12,_vig_blocks.11,0.625063
5,5,8,vig_tiny,cifar10,0.3,13,classifier,0.644622
5,5,9,vig_tiny,cifar10,0.3,0,_vig_stem,0.862941
5,5,9,vig_tiny,cifar10,0.3,1,_vig_blocks.0,0.800779
5,5,9,vig_tiny,cifar10,0.3,2,_vig_blocks.1,0.788967
5,5,9,vig_tiny,cifar10,0.3,3,_vig_blocks.2,0.794834
5,5,9,vig_tiny,cifar10,0.3,4,_vig_blocks.3,0.763207
5,5,9,vig_tiny,cifar10,0.3,5,_vig_blocks.4,0.760683
5,5,9,vig_tiny,cifar10,0.3,6,_vig_blocks.5,0.752535
5,5,9,vig_tiny,cifar10,0.3,7,_vig_blocks.6,0.740840
5,5,9,vig_tiny,cifar10,0.3,8,_vig_blocks.7,0.728430
5,5,9,vig_tiny,cifar10,0.3,9,_vig_blocks.8,0.706606
5,5,9,vig_tiny,cifar10,0.3,10,_vig_blocks.9,0.715210
5,5,9,vig_tiny,cifar10,0.3,11,_vig_blocks.10,0.716711
5,5,9,vig_tiny,cifar10,0.3,12,_vig_blocks.11,0.693917
5,5,9,vig_tiny,cifar10,0.3,13,classifier,0.611993
5,6,7,vig_tiny,cifar10,0.3,0,_vig_stem,0.771246
5,6,7,vig_tiny,cifar10,0.3,1,_vig_blocks.0,0.782427
5,6,7,vig_tiny,cifar10,0.3,2,_vig_blocks.1,0.776207
5,6,7,vig_tiny,cifar10,0.3,3,_vig_blocks.2,0.772942
5,6,7,vig_tiny,cifar10,0.3,4,_vig_blocks.3,0.770917
5,6,7,vig_tiny,cifar10,0.3,5,_vig_blocks.4,0.779527
5,6,7,vig_tiny,cifar10,0.3,6,_vig_blocks.5,0.777358
5,6,7,vig_tiny,cifar10,0.3,7,_vig_blocks.6,0.771724
5,6,7,vig_tiny,cifar10,0.3,8,_vig_blocks.7,0.746499
5,6,7,vig_tiny,cifar10,0.3,9,_vig_blocks.8,0.727435
5,6,7,vig_tiny,cifar10,0.3,10,_vig_blocks.9,0.712000
5,6,7,vig_tiny,cifar10,0.3,11,_vig_blocks.10,0.686914
5,6,7,vig_tiny,cifar10,0.3,12,_vig_blocks.11,0.690901
5,6,7,vig_tiny,cifar10,0.3,13,classifier,0.632273
5,6,8,vig_tiny,cifar10,0.3,0,_vig_stem,0.858006
5,6,8,vig_tiny,cifar10,0.3,1,_vig_blocks.0,0.841252
5,6,8,vig_tiny,cifar10,0.3,2,_vig_blocks.1,0.806609
5,6,8,vig_tiny,cifar10,0.3,3,_vig_blocks.2,0.845937
5,6,8,vig_tiny,cifar10,0.3,4,_vig_blocks.3,0.843681
5,6,8,vig_tiny,cifar10,0.3,5,_vig_blocks.4,0.849620
5,6,8,vig_tiny,cifar10,0.3,6,_vig_blocks.5,0.833059
5,6,8,vig_tiny,cifar10,0.3,7,_vig_blocks.6,0.817191
5,6,8,vig_tiny,cifar10,0.3,8,_vig_blocks.7,0.791983
5,6,8,vig_tiny,cifar10,0.3,9,_vig_blocks.8,0.747498
5,6,8,vig_tiny,cifar10,0.3,10,_vig_blocks.9,0.722122
5,6,8,vig_tiny,cifar10,0.3,11,_vig_blocks.10,0.674942
5,6,8,vig_tiny,cifar10,0.3,12,_vig_blocks.11,0.652926
5,6,8,vig_tiny,cifar10,0.3,13,classifier,0.720415
5,6,9,vig_tiny,cifar10,0.3,0,_vig_stem,0.861430
5,6,9,vig_tiny,cifar10,0.3,1,_vig_blocks.0,0.828208
5,6,9,vig_tiny,cifar10,0.3,2,_vig_blocks.1,0.814536
5,6,9,vig_tiny,cifar10,0.3,3,_vig_blocks.2,0.800928
5,6,9,vig_tiny,cifar10,0.3,4,_vig_blocks.3,0.788685
5,6,9,vig_tiny,cifar10,0.3,5,_vig_blocks.4,0.763402
5,6,9,vig_tiny,cifar10,0.3,6,_vig_blocks.5,0.760990
5,6,9,vig_tiny,cifar10,0.3,7,_vig_blocks.6,0.750179
5,6,9,vig_tiny,cifar10,0.3,8,_vig_blocks.7,0.735057
5,6,9,vig_tiny,cifar10,0.3,9,_vig_blocks.8,0.706491
5,6,9,vig_tiny,cifar10,0.3,10,_vig_blocks.9,0.714788
5,6,9,vig_tiny,cifar10,0.3,11,_vig_blocks.10,0.720363
5,6,9,vig_tiny,cifar10,0.3,12,_vig_blocks.11,0.703671
5,6,9,vig_tiny,cifar10,0.3,13,classifier,0.431960
5,7,8,vig_tiny,cifar10,0.3,0,_vig_stem,0.872967
5,7,8,vig_tiny,cifar10,0.3,1,_vig_blocks.0,0.814893
5,7,8,vig_tiny,cifar10,0.3,2,_vig_blocks.1,0.794409
5,7,8,vig_tiny,cifar10,0.3,3,_vig_blocks.2,0.782684
5,7,8,vig_tiny,cifar10,0.3,4,_vig_blocks.3,0.798505
5,7,8,vig_tiny,cifar10,0.3,5,_vig_blocks.4,0.802401
5,7,8,vig_tiny,cifar10,0.3,6,_vig_blocks.5,0.784927
5,7,8,vig_tiny,cifar10,0.3,7,_vig_blocks.6,0.775519
5,7,8,vig_tiny,cifar10,0.3,8,_vig_blocks.7,0.748509
5,7,8,vig_tiny,cifar10,0.3,9,_vig_blocks.8,0.717682
5,7,8,vig_tiny,cifar10,0.3,10,_vig_blocks.9,0.674654
5,7,8,vig_tiny,cifar10,0.3,11,_vig_blocks.10,0.610328
5,7,8,vig_tiny,cifar10,0.3,12,_vig_blocks.11,0.585880
5,7,8,vig_tiny,cifar10,0.3,13,classifier,0.609799
5,7,9,vig_tiny,cifar10,0.3,0,_vig_stem,0.828317
5,7,9,vig_tiny,cifar10,0.3,1,_vig_blocks.0,0.763181
5,7,9,vig_tiny,cifar10,0.3,2,_vig_blocks.1,0.763113
5,7,9,vig_tiny,cifar10,0.3,3,_vig_blocks.2,0.755040
5,7,9,vig_tiny,cifar10,0.3,4,_vig_blocks.3,0.732505
5,7,9,vig_tiny,cifar10,0.3,5,_vig_blocks.4,0.738761
5,7,9,vig_tiny,cifar10,0.3,6,_vig_blocks.5,0.730310
5,7,9,vig_tiny,cifar10,0.3,7,_vig_blocks.6,0.713102
5,7,9,vig_tiny,cifar10,0.3,8,_vig_blocks.7,0.701865
5,7,9,vig_tiny,cifar10,0.3,9,_vig_blocks.8,0.676655
5,7,9,vig_tiny,cifar10,0.3,10,_vig_blocks.9,0.665550
5,7,9,vig_tiny,cifar10,0.3,11,_vig_blocks.10,0.665394
5,7,9,vig_tiny,cifar10,0.3,12,_vig_blocks.11,0.644262
5,7,9,vig_tiny,cifar10,0.3,13,classifier,0.578186
5,8,9,vig_tiny,cifar10,0.3,0,_vig_stem,0.880941
5,8,9,vig_tiny,cifar10,0.3,1,_vig_blocks.0,0.809708
5,8,9,vig_tiny,cifar10,0.3,2,_vig_blocks.1,0.779765
5,8,9,vig_tiny,cifar10,0.3,3,_vig_blocks.2,0.786218
5,8,9,vig_tiny,cifar10,0.3,4,_vig_blocks.3,0.782543
5,8,9,vig_tiny,cifar10,0.3,5,_vig_blocks.4,0.776071
5,8,9,vig_tiny,cifar10,0.3,6,_vig_blocks.5,0.756631
5,8,9,vig_tiny,cifar10,0.3,7,_vig_blocks.6,0.730409
5,8,9,vig_tiny,cifar10,0.3,8,_vig_blocks.7,0.698062
5,8,9,vig_tiny,cifar10,0.3,9,_vig_blocks.8,0.634229
5,8,9,vig_tiny,cifar10,0.3,10,_vig_blocks.9,0.629270
5,8,9,vig_tiny,cifar10,0.3,11,_vig_blocks.10,0.616316
5,8,9,vig_tiny,cifar10,0.3,12,_vig_blocks.11,0.578989
5,8,9,vig_tiny,cifar10,0.3,13,classifier,0.349188
10,0,1,vig_tiny,cifar10,0.3,0,_vig_stem,0.871007
10,0,1,vig_tiny,cifar10,0.3,1,_vig_blocks.0,0.804303
10,0,1,vig_tiny,cifar10,0.3,2,_vig_blocks.1,0.818963
10,0,1,vig_tiny,cifar10,0.3,3,_vig_blocks.2,0.807760
10,0,1,vig_tiny,cifar10,0.3,4,_vig_blocks.3,0.823360
10,0,1,vig_tiny,cifar10,0.3,5,_vig_blocks.4,0.799204
10,0,1,vig_tiny,cifar10,0.3,6,_vig_blocks.5,0.799912
10,0,1,vig_tiny,cifar10,0.3,7,_vig_blocks.6,0.792930
10,0,1,vig_tiny,cifar10,0.3,8,_vig_blocks.7,0.779048
10,0,1,vig_tiny,cifar10,0.3,9,_vig_blocks.8,0.749127
10,0,1,vig_tiny,cifar10,0.3,10,_vig_blocks.9,0.722339
10,0,1,vig_tiny,cifar10,0.3,11,_vig_blocks.10,0.690081
10,0,1,vig_tiny,cifar10,0.3,12,_vig_blocks.11,0.674225
10,0,1,vig_tiny,cifar10,0.3,13,classifier,0.653380
10,0,2,vig_tiny,cifar10,0.3,0,_vig_stem,0.905680
10,0,2,vig_tiny,cifar10,0.3,1,_vig_blocks.0,0.847781
10,0,2,vig_tiny,cifar10,0.3,2,_vig_blocks.1,0.840026
10,0,2,vig_tiny,cifar10,0.3,3,_vig_blocks.2,0.786045
10,0,2,vig_tiny,cifar10,0.3,4,_vig_blocks.3,0.795626
10,0,2,vig_tiny,cifar10,0.3,5,_vig_blocks.4,0.773815
10,0,2,vig_tiny,cifar10,0.3,6,_vig_blocks.5,0.773329
10,0,2,vig_tiny,cifar10,0.3,7,_vig_blocks.6,0.762623
10,0,2,vig_tiny,cifar10,0.3,8,_vig_blocks.7,0.755404
10,0,2,vig_tiny,cifar10,0.3,9,_vig_blocks.8,0.757770
10,0,2,vig_tiny,cifar10,0.3,10,_vig_blocks.9,0.754207
10,0,2,vig_tiny,cifar10,0.3,11,_vig_blocks.10,0.739812
10,0,2,vig_tiny,cifar10,0.3,12,_vig_blocks.11,0.752289
10,0,2,vig_tiny,cifar10,0.3,13,classifier,0.743245
10,0,3,vig_tiny,cifar10,0.3,0,_vig_stem,0.873286
10,0,3,vig_tiny,cifar10,0.3,1,_vig_blocks.0,0.829587
10,0,3,vig_tiny,cifar10,0.3,2,_vig_blocks.1,0.832590
10,0,3,vig_tiny,cifar10,0.3,3,_vig_blocks.2,0.818648
10,0,3,vig_tiny,cifar10,0.3,4,_vig_blocks.3,0.823705
10,0,3,vig_tiny,cifar10,0.3,5,_vig_blocks.4,0.822949
10,0,3,vig_tiny,cifar10,0.3,6,_vig_blocks.5,0.836250
10,0,3,vig_tiny,cifar10,0.3,7,_vig_blocks.6,0.825298
10,0,3,vig_tiny,cifar10,0.3,8,_vig_blocks.7,0.816229
10,0,3,vig_tiny,cifar10,0.3,9,_vig_blocks.8,0.794505
10,0,3,vig_tiny,cifar10,0.3,10,_vig_blocks.9,0.782535
10,0,3,vig_tiny,cifar10,0.3,11,_vig_blocks.10,0.753450
10,0,3,vig_tiny,cifar10,0.3,12,_vig_blocks.11,0.715427
10,0,3,vig_tiny,cifar10,0.3,13,classifier,0.695720
10,0,4,vig_tiny,cifar10,0.3,0,_vig_stem,0.932740
10,0,4,vig_tiny,cifar10,0.3,1,_vig_blocks.0,0.842815
10,0,4,vig_tiny,cifar10,0.3,2,_vig_blocks.1,0.834829
10,0,4,vig_tiny,cifar10,0.3,3,_vig_blocks.2,0.831748
10,0,4,vig_tiny,cifar10,0.3,4,_vig_blocks.3,0.829466
10,0,4,vig_tiny,cifar10,0.3,5,_vig_blocks.4,0.835425
10,0,4,vig_tiny,cifar10,0.3,6,_vig_blocks.5,0.835433
10,0,4,vig_tiny,cifar10,0.3,7,_vig_blocks.6,0.832522
10,0,4,vig_tiny,cifar10,0.3,8,_vig_blocks.7,0.824715
10,0,4,vig_tiny,cifar10,0.3,9,_vig_blocks.8,0.803546
10,0,4,vig_tiny,cifar10,0.3,10,_vig_blocks.9,0.782334
10,0,4,vig_tiny,cifar10,0.3,11,_vig_blocks.10,0.755594
10,0,4,vig_tiny,cifar10,0.3,12,_vig_blocks.11,0.736775
10,0,4,vig_tiny,cifar10,0.3,13,classifier,0.681408
10,0,5,vig_tiny,cifar10,0.3,0,_vig_stem,0.905210
10,0,5,vig_tiny,cifar10,0.3,1,_vig_blocks.0,0.821919
10,0,5,vig_tiny,cifar10,0.3,2,_vig_blocks.1,0.804610
10,0,5,vig_tiny,cifar10,0.3,3,_vig_blocks.2,0.789213
10,0,5,vig_tiny,cifar10,0.3,4,_vig_blocks.3,0.779405
10,0,5,vig_tiny,cifar10,0.3,5,_vig_blocks.4,0.786986
10,0,5,vig_tiny,cifar10,0.3,6,_vig_blocks.5,0.788419
10,0,5,vig_tiny,cifar10,0.3,7,_vig_blocks.6,0.777040
10,0,5,vig_tiny,cifar10,0.3,8,_vig_blocks.7,0.765703
10,0,5,vig_tiny,cifar10,0.3,9,_vig_blocks.8,0.757810
10,0,5,vig_tiny,cifar10,0.3,10,_vig_blocks.9,0.750770
10,0,5,vig_tiny,cifar10,0.3,11,_vig_blocks.10,0.728188
10,0,5,vig_tiny,cifar10,0.3,12,_vig_blocks.11,0.717380
10,0,5,vig_tiny,cifar10,0.3,13,classifier,0.695714
10,0,6,vig_tiny,cifar10,0.3,0,_vig_stem,0.860038
10,0,6,vig_tiny,cifar10,0.3,1,_vig_blocks.0,0.819803
10,0,6,vig_tiny,cifar10,0.3,2,_vig_blocks.1,0.803114
10,0,6,vig_tiny,cifar10,0.3,3,_vig_blocks.2,0.758839
10,0,6,vig_tiny,cifar10,0.3,4,_vig_blocks.3,0.790686
10,0,6,vig_tiny,cifar10,0.3,5,_vig_blocks.4,0.787013
10,0,6,vig_tiny,cifar10,0.3,6,_vig_blocks.5,0.788690
10,0,6,vig_tiny,cifar10,0.3,7,_vig_blocks.6,0.783872
10,0,6,vig_tiny,cifar10,0.3,8,_vig_blocks.7,0.757446
10,0,6,vig_tiny,cifar10,0.3,9,_vig_blocks.8,0.755962
10,0,6,vig_tiny,cifar10,0.3,10,_vig_blocks.9,0.737648
10,0,6,vig_tiny,cifar10,0.3,11,_vig_blocks.10,0.710477
10,0,6,vig_tiny,cifar10,0.3,12,_vig_blocks.11,0.699550
10,0,6,vig_tiny,cifar10,0.3,13,classifier,0.594232
10,0,7,vig_tiny,cifar10,0.3,0,_vig_stem,0.916641
10,0,7,vig_tiny,cifar10,0.3,1,_vig_blocks.0,0.883534
10,0,7,vig_tiny,cifar10,0.3,2,_vig_blocks.1,0.882679
10,0,7,vig_tiny,cifar10,0.3,3,_vig_blocks.2,0.875277
10,0,7,vig_tiny,cifar10,0.3,4,_vig_blocks.3,0.885774
10,0,7,vig_tiny,cifar10,0.3,5,_vig_blocks.4,0.885393
10,0,7,vig_tiny,cifar10,0.3,6,_vig_blocks.5,0.885340
10,0,7,vig_tiny,cifar10,0.3,7,_vig_blocks.6,0.879177
10,0,7,vig_tiny,cifar10,0.3,8,_vig_blocks.7,0.869675
10,0,7,vig_tiny,cifar10,0.3,9,_vig_blocks.8,0.848883
10,0,7,vig_tiny,cifar10,0.3,10,_vig_blocks.9,0.828914
10,0,7,vig_tiny,cifar10,0.3,11,_vig_blocks.10,0.810289
10,0,7,vig_tiny,cifar10,0.3,12,_vig_blocks.11,0.791859
10,0,7,vig_tiny,cifar10,0.3,13,classifier,0.704328
10,0,8,vig_tiny,cifar10,0.3,0,_vig_stem,0.946410
10,0,8,vig_tiny,cifar10,0.3,1,_vig_blocks.0,0.899547
10,0,8,vig_tiny,cifar10,0.3,2,_vig_blocks.1,0.891621
10,0,8,vig_tiny,cifar10,0.3,3,_vig_blocks.2,0.876847
10,0,8,vig_tiny,cifar10,0.3,4,_vig_blocks.3,0.885447
10,0,8,vig_tiny,cifar10,0.3,5,_vig_blocks.4,0.878145
10,0,8,vig_tiny,cifar10,0.3,6,_vig_blocks.5,0.864355
10,0,8,vig_tiny,cifar10,0.3,7,_vig_blocks.6,0.847365
10,0,8,vig_tiny,cifar10,0.3,8,_vig_blocks.7,0.819630
10,0,8,vig_tiny,cifar10,0.3,9,_vig_blocks.8,0.791520
10,0,8,vig_tiny,cifar10,0.3,10,_vig_blocks.9,0.746668
10,0,8,vig_tiny,cifar10,0.3,11,_vig_blocks.10,0.687703
10,0,8,vig_tiny,cifar10,0.3,12,_vig_blocks.11,0.641191
10,0,8,vig_tiny,cifar10,0.3,13,classifier,0.496291
10,0,9,vig_tiny,cifar10,0.3,0,_vig_stem,0.905253
10,0,9,vig_tiny,cifar10,0.3,1,_vig_blocks.0,0.822196
10,0,9,vig_tiny,cifar10,0.3,2,_vig_blocks.1,0.800538
10,0,9,vig_tiny,cifar10,0.3,3,_vig_blocks.2,0.757968
10,0,9,vig_tiny,cifar10,0.3,4,_vig_blocks.3,0.736345
10,0,9,vig_tiny,cifar10,0.3,5,_vig_blocks.4,0.723477
10,0,9,vig_tiny,cifar10,0.3,6,_vig_blocks.5,0.720369
10,0,9,vig_tiny,cifar10,0.3,7,_vig_blocks.6,0.714317
10,0,9,vig_tiny,cifar10,0.3,8,_vig_blocks.7,0.703739
10,0,9,vig_tiny,cifar10,0.3,9,_vig_blocks.8,0.703141
10,0,9,vig_tiny,cifar10,0.3,10,_vig_blocks.9,0.685795
10,0,9,vig_tiny,cifar10,0.3,11,_vig_blocks.10,0.681568
10,0,9,vig_tiny,cifar10,0.3,12,_vig_blocks.11,0.667591
10,0,9,vig_tiny,cifar10,0.3,13,classifier,0.650163
10,1,2,vig_tiny,cifar10,0.3,0,_vig_stem,0.834901
10,1,2,vig_tiny,cifar10,0.3,1,_vig_blocks.0,0.760280
10,1,2,vig_tiny,cifar10,0.3,2,_vig_blocks.1,0.768655
10,1,2,vig_tiny,cifar10,0.3,3,_vig_blocks.2,0.748428
10,1,2,vig_tiny,cifar10,0.3,4,_vig_blocks.3,0.758308
10,1,2,vig_tiny,cifar10,0.3,5,_vig_blocks.4,0.760360
10,1,2,vig_tiny,cifar10,0.3,6,_vig_blocks.5,0.768886
10,1,2,vig_tiny,cifar10,0.3,7,_vig_blocks.6,0.758651
10,1,2,vig_tiny,cifar10,0.3,8,_vig_blocks.7,0.764876
10,1,2,vig_tiny,cifar10,0.3,9,_vig_blocks.8,0.772464
10,1,2,vig_tiny,cifar10,0.3,10,_vig_blocks.9,0.760868
10,1,2,vig_tiny,cifar10,0.3,11,_vig_blocks.10,0.722412
10,1,2,vig_tiny,cifar10,0.3,12,_vig_blocks.11,0.704648
10,1,2,vig_tiny,cifar10,0.3,13,classifier,0.559730
10,1,3,vig_tiny,cifar10,0.3,0,_vig_stem,0.904092
10,1,3,vig_tiny,cifar10,0.3,1,_vig_blocks.0,0.879281
10,1,3,vig_tiny,cifar10,0.3,2,_vig_blocks.1,0.867959
10,1,3,vig_tiny,cifar10,0.3,3,_vig_blocks.2,0.862099
10,1,3,vig_tiny,cifar10,0.3,4,_vig_blocks.3,0.859828
10,1,3,vig_tiny,cifar10,0.3,5,_vig_blocks.4,0.857195
10,1,3,vig_tiny,cifar10,0.3,6,_vig_blocks.5,0.856342
10,1,3,vig_tiny,cifar10,0.3,7,_vig_blocks.6,0.854396
10,1,3,vig_tiny,cifar10,0.3,8,_vig_blocks.7,0.839503
10,1,3,vig_tiny,cifar10,0.3,9,_vig_blocks.8,0.816382
10,1,3,vig_tiny,cifar10,0.3,10,_vig_blocks.9,0.786385
10,1,3,vig_tiny,cifar10,0.3,11,_vig_blocks.10,0.760270
10,1,3,vig_tiny,cifar10,0.3,12,_vig_blocks.11,0.718343
10,1,3,vig_tiny,cifar10,0.3,13,classifier,0.516252
10,1,4,vig_tiny,cifar10,0.3,0,_vig_stem,0.836635
10,1,4,vig_tiny,cifar10,0.3,1,_vig_blocks.0,0.736910
10,1,4,vig_tiny,cifar10,0.3,2,_vig_blocks.1,0.711738
10,1,4,vig_tiny,cifar10,0.3,3,_vig_blocks.2,0.727301
10,1,4,vig_tiny,cifar10,0.3,4,_vig_blocks.3,0.748609
10,1,4,vig_tiny,cifar10,0.3,5,_vig_blocks.4,0.760092
10,1,4,vig_tiny,cifar10,0.3,6,_vig_blocks.5,0.757843
10,1,4,vig_tiny,cifar10,0.3,7,_vig_blocks.6,0.753210
10,1,4,vig_tiny,cifar10,0.3,8,_vig_blocks.7,0.744541
10,1,4,vig_tiny,cifar10,0.3,9,_vig_blocks.8,0.722288
10,1,4,vig_tiny,cifar10,0.3,10,_vig_blocks.9,0.689068
10,1,4,vig_tiny,cifar10,0.3,11,_vig_blocks.10,0.652992
10,1,4,vig_tiny,cifar10,0.3,12,_vig_blocks.11,0.646852
10,1,4,vig_tiny,cifar10,0.3,13,classifier,0.647634
10,1,5,vig_tiny,cifar10,0.3,0,_vig_stem,0.918189
10,1,5,vig_tiny,cifar10,0.3,1,_vig_blocks.0,0.862040
10,1,5,vig_tiny,cifar10,0.3,2,_vig_blocks.1,0.835500
10,1,5,vig_tiny,cifar10,0.3,3,_vig_blocks.2,0.814399
10,1,5,vig_tiny,cifar10,0.3,4,_vig_blocks.3,0.787880
10,1,5,vig_tiny,cifar10,0.3,5,_vig_blocks.4,0.790370
10,1,5,vig_tiny,cifar10,0.3,6,_vig_blocks.5,0.786684
10,1,5,vig_tiny,cifar10,0.3,7,_vig_blocks.6,0.775567
10,1,5,vig_tiny,cifar10,0.3,8,_vig_blocks.7,0.765624
10,1,5,vig_tiny,cifar10,0.3,9,_vig_blocks.8,0.751117
10,1,5,vig_tiny,cifar10,0.3,10,_vig_blocks.9,0.730570
10,1,5,vig_tiny,cifar10,0.3,11,_vig_blocks.10,0.720170
10,1,5,vig_tiny,cifar10,0.3,12,_vig_blocks.11,0.711521
10,1,5,vig_tiny,cifar10,0.3,13,classifier,0.642997
10,1,6,vig_tiny,cifar10,0.3,0,_vig_stem,0.839691
10,1,6,vig_tiny,cifar10,0.3,1,_vig_blocks.0,0.770628
10,1,6,vig_tiny,cifar10,0.3,2,_vig_blocks.1,0.731065
10,1,6,vig_tiny,cifar10,0.3,3,_vig_blocks.2,0.699679
10,1,6,vig_tiny,cifar10,0.3,4,_vig_blocks.3,0.726999
10,1,6,vig_tiny,cifar10,0.3,5,_vig_blocks.4,0.715798
10,1,6,vig_tiny,cifar10,0.3,6,_vig_blocks.5,0.722925
10,1,6,vig_tiny,cifar10,0.3,7,_vig_blocks.6,0.720626
10,1,6,vig_tiny,cifar10,0.3,8,_vig_blocks.7,0.696869
10,1,6,vig_tiny,cifar10,0.3,9,_vig_blocks.8,0.682990
10,1,6,vig_tiny,cifar10,0.3,10,_vig_blocks.9,0.668275
10,1,6,vig_tiny,cifar10,0.3,11,_vig_blocks.10,0.642251
10,1,6,vig_tiny,cifar10,0.3,12,_vig_blocks.11,0.618251
10,1,6,vig_tiny,cifar10,0.3,13,classifier,0.444468
10,1,7,vig_tiny,cifar10,0.3,0,_vig_stem,0.860475
10,1,7,vig_tiny,cifar10,0.3,1,_vig_blocks.0,0.857688
10,1,7,vig_tiny,cifar10,0.3,2,_vig_blocks.1,0.843807
10,1,7,vig_tiny,cifar10,0.3,3,_vig_blocks.2,0.849896
10,1,7,vig_tiny,cifar10,0.3,4,_vig_blocks.3,0.849403
10,1,7,vig_tiny,cifar10,0.3,5,_vig_blocks.4,0.848260
10,1,7,vig_tiny,cifar10,0.3,6,_vig_blocks.5,0.843224
10,1,7,vig_tiny,cifar10,0.3,7,_vig_blocks.6,0.838122
10,1,7,vig_tiny,cifar10,0.3,8,_vig_blocks.7,0.822337
10,1,7,vig_tiny,cifar10,0.3,9,_vig_blocks.8,0.797619
10,1,7,vig_tiny,cifar10,0.3,10,_vig_blocks.9,0.763030
10,1,7,vig_tiny,cifar10,0.3,11,_vig_blocks.10,0.736916
10,1,7,vig_tiny,cifar10,0.3,12,_vig_blocks.11,0.697431
10,1,7,vig_tiny,cifar10,0.3,13,classifier,0.563760
10,1,8,vig_tiny,cifar10,0.3,0,_vig_stem,0.903019
10,1,8,vig_tiny,cifar10,0.3,1,_vig_blocks.0,0.845659
10,1,8,vig_tiny,cifar10,0.3,2,_vig_blocks.1,0.815094
10,1,8,vig_tiny,cifar10,0.3,3,_vig_blocks.2,0.808517
10,1,8,vig_tiny,cifar10,0.3,4,_vig_blocks.3,0.819368
10,1,8,vig_tiny,cifar10,0.3,5,_vig_blocks.4,0.821176
10,1,8,vig_tiny,cifar10,0.3,6,_vig_blocks.5,0.815294
10,1,8,vig_tiny,cifar10,0.3,7,_vig_blocks.6,0.799706
10,1,8,vig_tiny,cifar10,0.3,8,_vig_blocks.7,0.779777
10,1,8,vig_tiny,cifar10,0.3,9,_vig_blocks.8,0.751954
10,1,8,vig_tiny,cifar10,0.3,10,_vig_blocks.9,0.723627
10,1,8,vig_tiny,cifar10,0.3,11,_vig_blocks.10,0.677428
10,1,8,vig_tiny,cifar10,0.3,12,_vig_blocks.11,0.637023
10,1,8,vig_tiny,cifar10,0.3,13,classifier,0.563832
10,1,9,vig_tiny,cifar10,0.3,0,_vig_stem,0.902782
10,1,9,vig_tiny,cifar10,0.3,1,_vig_blocks.0,0.818126
10,1,9,vig_tiny,cifar10,0.3,2,_vig_blocks.1,0.781639
10,1,9,vig_tiny,cifar10,0.3,3,_vig_blocks.2,0.763753
10,1,9,vig_tiny,cifar10,0.3,4,_vig_blocks.3,0.744767
10,1,9,vig_tiny,cifar10,0.3,5,_vig_blocks.4,0.738481
10,1,9,vig_tiny,cifar10,0.3,6,_vig_blocks.5,0.739357
10,1,9,vig_tiny,cifar10,0.3,7,_vig_blocks.6,0.730111
10,1,9,vig_tiny,cifar10,0.3,8,_vig_blocks.7,0.729125
10,1,9,vig_tiny,cifar10,0.3,9,_vig_blocks.8,0.716871
10,1,9,vig_tiny,cifar10,0.3,10,_vig_blocks.9,0.705072
10,1,9,vig_tiny,cifar10,0.3,11,_vig_blocks.10,0.697881
10,1,9,vig_tiny,cifar10,0.3,12,_vig_blocks.11,0.680369
10,1,9,vig_tiny,cifar10,0.3,13,classifier,0.581523
10,2,3,vig_tiny,cifar10,0.3,0,_vig_stem,0.801383
10,2,3,vig_tiny,cifar10,0.3,1,_vig_blocks.0,0.710868
10,2,3,vig_tiny,cifar10,0.3,2,_vig_blocks.1,0.705984
10,2,3,vig_tiny,cifar10,0.3,3,_vig_blocks.2,0.681345
10,2,3,vig_tiny,cifar10,0.3,4,_vig_blocks.3,0.700750
10,2,3,vig_tiny,cifar10,0.3,5,_vig_blocks.4,0.714170
10,2,3,vig_tiny,cifar10,0.3,6,_vig_blocks.5,0.721042
10,2,3,vig_tiny,cifar10,0.3,7,_vig_blocks.6,0.716736
10,2,3,vig_tiny,cifar10,0.3,8,_vig_blocks.7,0.697773
10,2,3,vig_tiny,cifar10,0.3,9,_vig_blocks.8,0.691573
10,2,3,vig_tiny,cifar10,0.3,10,_vig_blocks.9,0.680925
10,2,3,vig_tiny,cifar10,0.3,11,_vig_blocks.10,0.654228
10,2,3,vig_tiny,cifar10,0.3,12,_vig_blocks.11,0.655235
10,2,3,vig_tiny,cifar10,0.3,13,classifier,0.600106
10,2,4,vig_tiny,cifar10,0.3,0,_vig_stem,0.883343
10,2,4,vig_tiny,cifar10,0.3,1,_vig_blocks.0,0.809222
10,2,4,vig_tiny,cifar10,0.3,2,_vig_blocks.1,0.786865
10,2,4,vig_tiny,cifar10,0.3,3,_vig_blocks.2,0.748987
10,2,4,vig_tiny,cifar10,0.3,4,_vig_blocks.3,0.761195
10,2,4,vig_tiny,cifar10,0.3,5,_vig_blocks.4,0.752485
10,2,4,vig_tiny,cifar10,0.3,6,_vig_blocks.5,0.763209
10,2,4,vig_tiny,cifar10,0.3,7,_vig_blocks.6,0.761422
10,2,4,vig_tiny,cifar10,0.3,8,_vig_blocks.7,0.737725
10,2,4,vig_tiny,cifar10,0.3,9,_vig_blocks.8,0.730013
10,2,4,vig_tiny,cifar10,0.3,10,_vig_blocks.9,0.727706
10,2,4,vig_tiny,cifar10,0.3,11,_vig_blocks.10,0.704168
10,2,4,vig_tiny,cifar10,0.3,12,_vig_blocks.11,0.700063
10,2,4,vig_tiny,cifar10,0.3,13,classifier,0.636243
10,2,5,vig_tiny,cifar10,0.3,0,_vig_stem,0.885918
10,2,5,vig_tiny,cifar10,0.3,1,_vig_blocks.0,0.825330
10,2,5,vig_tiny,cifar10,0.3,2,_vig_blocks.1,0.795983
10,2,5,vig_tiny,cifar10,0.3,3,_vig_blocks.2,0.775421
10,2,5,vig_tiny,cifar10,0.3,4,_vig_blocks.3,0.768801
10,2,5,vig_tiny,cifar10,0.3,5,_vig_blocks.4,0.762115
10,2,5,vig_tiny,cifar10,0.3,6,_vig_blocks.5,0.748780
10,2,5,vig_tiny,cifar10,0.3,7,_vig_blocks.6,0.729421
10,2,5,vig_tiny,cifar10,0.3,8,_vig_blocks.7,0.712516
10,2,5,vig_tiny,cifar10,0.3,9,_vig_blocks.8,0.707572
10,2,5,vig_tiny,cifar10,0.3,10,_vig_blocks.9,0.695269
10,2,5,vig_tiny,cifar10,0.3,11,_vig_blocks.10,0.678122
10,2,5,vig_tiny,cifar10,0.3,12,_vig_blocks.11,0.676325
10,2,5,vig_tiny,cifar10,0.3,13,classifier,0.686805
10,2,6,vig_tiny,cifar10,0.3,0,_vig_stem,0.751117
10,2,6,vig_tiny,cifar10,0.3,1,_vig_blocks.0,0.702510
10,2,6,vig_tiny,cifar10,0.3,2,_vig_blocks.1,0.720766
10,2,6,vig_tiny,cifar10,0.3,3,_vig_blocks.2,0.720331
10,2,6,vig_tiny,cifar10,0.3,4,_vig_blocks.3,0.743902
10,2,6,vig_tiny,cifar10,0.3,5,_vig_blocks.4,0.738420
10,2,6,vig_tiny,cifar10,0.3,6,_vig_blocks.5,0.731270
10,2,6,vig_tiny,cifar10,0.3,7,_vig_blocks.6,0.724290
10,2,6,vig_tiny,cifar10,0.3,8,_vig_blocks.7,0.696956
10,2,6,vig_tiny,cifar10,0.3,9,_vig_blocks.8,0.687486
10,2,6,vig_tiny,cifar10,0.3,10,_vig_blocks.9,0.686633
10,2,6,vig_tiny,cifar10,0.3,11,_vig_blocks.10,0.658567
10,2,6,vig_tiny,cifar10,0.3,12,_vig_blocks.11,0.653633
10,2,6,vig_tiny,cifar10,0.3,13,classifier,0.545849
10,2,7,vig_tiny,cifar10,0.3,0,_vig_stem,0.819783
10,2,7,vig_tiny,cifar10,0.3,1,_vig_blocks.0,0.739401
10,2,7,vig_tiny,cifar10,0.3,2,_vig_blocks.1,0.763908
10,2,7,vig_tiny,cifar10,0.3,3,_vig_blocks.2,0.739683
10,2,7,vig_tiny,cifar10,0.3,4,_vig_blocks.3,0.783270
10,2,7,vig_tiny,cifar10,0.3,5,_vig_blocks.4,0.753111
10,2,7,vig_tiny,cifar10,0.3,6,_vig_blocks.5,0.754628
10,2,7,vig_tiny,cifar10,0.3,7,_vig_blocks.6,0.740743
10,2,7,vig_tiny,cifar10,0.3,8,_vig_blocks.7,0.722731
10,2,7,vig_tiny,cifar10,0.3,9,_vig_blocks.8,0.715018
10,2,7,vig_tiny,cifar10,0.3,10,_vig_blocks.9,0.706723
10,2,7,vig_tiny,cifar10,0.3,11,_vig_blocks.10,0.676823
10,2,7,vig_tiny,cifar10,0.3,12,_vig_blocks.11,0.685748
10,2,7,vig_tiny,cifar10,0.3,13,classifier,0.596946
10,2,8,vig_tiny,cifar10,0.3,0,_vig_stem,0.924440
10,2,8,vig_tiny,cifar10,0.3,1,_vig_blocks.0,0.873926
10,2,8,vig_tiny,cifar10,0.3,2,_vig_blocks.1,0.882663
10,2,8,vig_tiny,cifar10,0.3,3,_vig_blocks.2,0.867766
10,2,8,vig_tiny,cifar10,0.3,4,_vig_blocks.3,0.858798
10,2,8,vig_tiny,cifar10,0.3,5,_vig_blocks.4,0.846823
10,2,8,vig_tiny,cifar10,0.3,6,_vig_blocks.5,0.850669
10,2,8,vig_tiny,cifar10,0.3,7,_vig_blocks.6,0.842309
10,2,8,vig_tiny,cifar10,0.3,8,_vig_blocks.7,0.815992
10,2,8,vig_tiny,cifar10,0.3,9,_vig_blocks.8,0.800367
10,2,8,vig_tiny,cifar10,0.3,10,_vig_blocks.9,0.775272
10,2,8,vig_tiny,cifar10,0.3,11,_vig_blocks.10,0.716944
10,2,8,vig_tiny,cifar10,0.3,12,_vig_blocks.11,0.656946
10,2,8,vig_tiny,cifar10,0.3,13,classifier,0.529190
10,2,9,vig_tiny,cifar10,0.3,0,_vig_stem,0.839813
10,2,9,vig_tiny,cifar10,0.3,1,_vig_blocks.0,0.798578
10,2,9,vig_tiny,cifar10,0.3,2,_vig_blocks.1,0.794759
10,2,9,vig_tiny,cifar10,0.3,3,_vig_blocks.2,0.755206
10,2,9,vig_tiny,cifar10,0.3,4,_vig_blocks.3,0.724072
10,2,9,vig_tiny,cifar10,0.3,5,_vig_blocks.4,0.723070
10,2,9,vig_tiny,cifar10,0.3,6,_vig_blocks.5,0.717019
10,2,9,vig_tiny,cifar10,0.3,7,_vig_blocks.6,0.704772
10,2,9,vig_tiny,cifar10,0.3,8,_vig_blocks.7,0.689158
10,2,9,vig_tiny,cifar10,0.3,9,_vig_blocks.8,0.684962
10,2,9,vig_tiny,cifar10,0.3,10,_vig_blocks.9,0.657555
10,2,9,vig_tiny,cifar10,0.3,11,_vig_blocks.10,0.651757
10,2,9,vig_tiny,cifar10,0.3,12,_vig_blocks.11,0.647657
10,2,9,vig_tiny,cifar10,0.3,13,classifier,0.467902
10,3,4,vig_tiny,cifar10,0.3,0,_vig_stem,0.859536
10,3,4,vig_tiny,cifar10,0.3,1,_vig_blocks.0,0.765416
10,3,4,vig_tiny,cifar10,0.3,2,_vig_blocks.1,0.734461
10,3,4,vig_tiny,cifar10,0.3,3,_vig_blocks.2,0.750037
10,3,4,vig_tiny,cifar10,0.3,4,_vig_blocks.3,0.760835
10,3,4,vig_tiny,cifar10,0.3,5,_vig_blocks.4,0.791110
10,3,4,vig_tiny,cifar10,0.3,6,_vig_blocks.5,0.790088
10,3,4,vig_tiny,cifar10,0.3,7,_vig_blocks.6,0.779754
10,3,4,vig_tiny,cifar10,0.3,8,_vig_blocks.7,0.772301
10,3,4,vig_tiny,cifar10,0.3,9,_vig_blocks.8,0.747588
10,3,4,vig_tiny,cifar10,0.3,10,_vig_blocks.9,0.718564
10,3,4,vig_tiny,cifar10,0.3,11,_vig_blocks.10,0.669290
10,3,4,vig_tiny,cifar10,0.3,12,_vig_blocks.11,0.626477
10,3,4,vig_tiny,cifar10,0.3,13,classifier,0.437181
10,3,5,vig_tiny,cifar10,0.3,0,_vig_stem,0.891186
10,3,5,vig_tiny,cifar10,0.3,1,_vig_blocks.0,0.821706
10,3,5,vig_tiny,cifar10,0.3,2,_vig_blocks.1,0.814358
10,3,5,vig_tiny,cifar10,0.3,3,_vig_blocks.2,0.817975
10,3,5,vig_tiny,cifar10,0.3,4,_vig_blocks.3,0.805636
10,3,5,vig_tiny,cifar10,0.3,5,_vig_blocks.4,0.818655
10,3,5,vig_tiny,cifar10,0.3,6,_vig_blocks.5,0.822489
10,3,5,vig_tiny,cifar10,0.3,7,_vig_blocks.6,0.813206
10,3,5,vig_tiny,cifar10,0.3,8,_vig_blocks.7,0.804032
10,3,5,vig_tiny,cifar10,0.3,9,_vig_blocks.8,0.785752
10,3,5,vig_tiny,cifar10,0.3,10,_vig_blocks.9,0.772376
10,3,5,vig_tiny,cifar10,0.3,11,_vig_blocks.10,0.737717
10,3,5,vig_tiny,cifar10,0.3,12,_vig_blocks.11,0.696671
10,3,5,vig_tiny,cifar10,0.3,13,classifier,0.450277
10,3,6,vig_tiny,cifar10,0.3,0,_vig_stem,0.872790
10,3,6,vig_tiny,cifar10,0.3,1,_vig_blocks.0,0.810753
10,3,6,vig_tiny,cifar10,0.3,2,_vig_blocks.1,0.790682
10,3,6,vig_tiny,cifar10,0.3,3,_vig_blocks.2,0.748128
10,3,6,vig_tiny,cifar10,0.3,4,_vig_blocks.3,0.776685
10,3,6,vig_tiny,cifar10,0.3,5,_vig_blocks.4,0.783594
10,3,6,vig_tiny,cifar10,0.3,6,_vig_blocks.5,0.787947
10,3,6,vig_tiny,cifar10,0.3,7,_vig_blocks.6,0.787870
10,3,6,vig_tiny,cifar10,0.3,8,_vig_blocks.7,0.757633
10,3,6,vig_tiny,cifar10,0.3,9,_vig_blocks.8,0.748381
10,3,6,vig_tiny,cifar10,0.3,10,_vig_blocks.9,0.736661
10,3,6,vig_tiny,cifar10,0.3,11,_vig_blocks.10,0.705195
10,3,6,vig_tiny,cifar10,0.3,12,_vig_blocks.11,0.657303
10,3,6,vig_tiny,cifar10,0.3,13,classifier,0.449555
10,3,7,vig_tiny,cifar10,0.3,0,_vig_stem,0.908403
10,3,7,vig_tiny,cifar10,0.3,1,_vig_blocks.0,0.902684
10,3,7,vig_tiny,cifar10,0.3,2,_vig_blocks.1,0.873736
10,3,7,vig_tiny,cifar10,0.3,3,_vig_blocks.2,0.866319
10,3,7,vig_tiny,cifar10,0.3,4,_vig_blocks.3,0.853675
10,3,7,vig_tiny,cifar10,0.3,5,_vig_blocks.4,0.856871
10,3,7,vig_tiny,cifar10,0.3,6,_vig_blocks.5,0.864069
10,3,7,vig_tiny,cifar10,0.3,7,_vig_blocks.6,0.862385
10,3,7,vig_tiny,cifar10,0.3,8,_vig_blocks.7,0.851779
10,3,7,vig_tiny,cifar10,0.3,9,_vig_blocks.8,0.831657
10,3,7,vig_tiny,cifar10,0.3,10,_vig_blocks.9,0.816221
10,3,7,vig_tiny,cifar10,0.3,11,_vig_blocks.10,0.773600
10,3,7,vig_tiny,cifar10,0.3,12,_vig_blocks.11,0.722249
10,3,7,vig_tiny,cifar10,0.3,13,classifier,0.533248
10,3,8,vig_tiny,cifar10,0.3,0,_vig_stem,0.859343
10,3,8,vig_tiny,cifar10,0.3,1,_vig_blocks.0,0.818953
10,3,8,vig_tiny,cifar10,0.3,2,_vig_blocks.1,0.785336
10,3,8,vig_tiny,cifar10,0.3,3,_vig_blocks.2,0.781037
10,3,8,vig_tiny,cifar10,0.3,4,_vig_blocks.3,0.803476
10,3,8,vig_tiny,cifar10,0.3,5,_vig_blocks.4,0.820949
10,3,8,vig_tiny,cifar10,0.3,6,_vig_blocks.5,0.819702
10,3,8,vig_tiny,cifar10,0.3,7,_vig_blocks.6,0.808147
10,3,8,vig_tiny,cifar10,0.3,8,_vig_blocks.7,0.780943
10,3,8,vig_tiny,cifar10,0.3,9,_vig_blocks.8,0.740845
10,3,8,vig_tiny,cifar10,0.3,10,_vig_blocks.9,0.702651
10,3,8,vig_tiny,cifar10,0.3,11,_vig_blocks.10,0.614793
10,3,8,vig_tiny,cifar10,0.3,12,_vig_blocks.11,0.503524
10,3,8,vig_tiny,cifar10,0.3,13,classifier,0.307095
10,3,9,vig_tiny,cifar10,0.3,0,_vig_stem,0.881086
10,3,9,vig_tiny,cifar10,0.3,1,_vig_blocks.0,0.800119
10,3,9,vig_tiny,cifar10,0.3,2,_vig_blocks.1,0.749839
10,3,9,vig_tiny,cifar10,0.3,3,_vig_blocks.2,0.717518
10,3,9,vig_tiny,cifar10,0.3,4,_vig_blocks.3,0.717857
10,3,9,vig_tiny,cifar10,0.3,5,_vig_blocks.4,0.713227
10,3,9,vig_tiny,cifar10,0.3,6,_vig_blocks.5,0.716238
10,3,9,vig_tiny,cifar10,0.3,7,_vig_blocks.6,0.703703
10,3,9,vig_tiny,cifar10,0.3,8,_vig_blocks.7,0.700184
10,3,9,vig_tiny,cifar10,0.3,9,_vig_blocks.8,0.695719
10,3,9,vig_tiny,cifar10,0.3,10,_vig_blocks.9,0.676643
10,3,9,vig_tiny,cifar10,0.3,11,_vig_blocks.10,0.672136
10,3,9,vig_tiny,cifar10,0.3,12,_vig_blocks.11,0.656288
10,3,9,vig_tiny,cifar10,0.3,13,classifier,0.598883
10,4,5,vig_tiny,cifar10,0.3,0,_vig_stem,0.884891
10,4,5,vig_tiny,cifar10,0.3,1,_vig_blocks.0,0.777532
10,4,5,vig_tiny,cifar10,0.3,2,_vig_blocks.1,0.753015
10,4,5,vig_tiny,cifar10,0.3,3,_vig_blocks.2,0.759909
10,4,5,vig_tiny,cifar10,0.3,4,_vig_blocks.3,0.744601
10,4,5,vig_tiny,cifar10,0.3,5,_vig_blocks.4,0.756764
10,4,5,vig_tiny,cifar10,0.3,6,_vig_blocks.5,0.745238
10,4,5,vig_tiny,cifar10,0.3,7,_vig_blocks.6,0.748567
10,4,5,vig_tiny,cifar10,0.3,8,_vig_blocks.7,0.737947
10,4,5,vig_tiny,cifar10,0.3,9,_vig_blocks.8,0.722973
10,4,5,vig_tiny,cifar10,0.3,10,_vig_blocks.9,0.690594
10,4,5,vig_tiny,cifar10,0.3,11,_vig_blocks.10,0.655736
10,4,5,vig_tiny,cifar10,0.3,12,_vig_blocks.11,0.660067
10,4,5,vig_tiny,cifar10,0.3,13,classifier,0.679693
10,4,6,vig_tiny,cifar10,0.3,0,_vig_stem,0.855975
10,4,6,vig_tiny,cifar10,0.3,1,_vig_blocks.0,0.758478
10,4,6,vig_tiny,cifar10,0.3,2,_vig_blocks.1,0.712542
10,4,6,vig_tiny,cifar10,0.3,3,_vig_blocks.2,0.704926
10,4,6,vig_tiny,cifar10,0.3,4,_vig_blocks.3,0.709929
10,4,6,vig_tiny,cifar10,0.3,5,_vig_blocks.4,0.724481
10,4,6,vig_tiny,cifar10,0.3,6,_vig_blocks.5,0.728204
10,4,6,vig_tiny,cifar10,0.3,7,_vig_blocks.6,0.739379
10,4,6,vig_tiny,cifar10,0.3,8,_vig_blocks.7,0.726376
10,4,6,vig_tiny,cifar10,0.3,9,_vig_blocks.8,0.720073
10,4,6,vig_tiny,cifar10,0.3,10,_vig_blocks.9,0.715607
10,4,6,vig_tiny,cifar10,0.3,11,_vig_blocks.10,0.682802
10,4,6,vig_tiny,cifar10,0.3,12,_vig_blocks.11,0.674601
10,4,6,vig_tiny,cifar10,0.3,13,classifier,0.592151
10,4,7,vig_tiny,cifar10,0.3,0,_vig_stem,0.892476
10,4,7,vig_tiny,cifar10,0.3,1,_vig_blocks.0,0.809163
10,4,7,vig_tiny,cifar10,0.3,2,_vig_blocks.1,0.810843
10,4,7,vig_tiny,cifar10,0.3,3,_vig_blocks.2,0.802529
10,4,7,vig_tiny,cifar10,0.3,4,_vig_blocks.3,0.825984
10,4,7,vig_tiny,cifar10,0.3,5,_vig_blocks.4,0.833103
10,4,7,vig_tiny,cifar10,0.3,6,_vig_blocks.5,0.820209
10,4,7,vig_tiny,cifar10,0.3,7,_vig_blocks.6,0.817844
10,4,7,vig_tiny,cifar10,0.3,8,_vig_blocks.7,0.806179
10,4,7,vig_tiny,cifar10,0.3,9,_vig_blocks.8,0.791249
10,4,7,vig_tiny,cifar10,0.3,10,_vig_blocks.9,0.759789
10,4,7,vig_tiny,cifar10,0.3,11,_vig_blocks.10,0.725996
10,4,7,vig_tiny,cifar10,0.3,12,_vig_blocks.11,0.690256
10,4,7,vig_tiny,cifar10,0.3,13,classifier,0.593827
10,4,8,vig_tiny,cifar10,0.3,0,_vig_stem,0.936108
10,4,8,vig_tiny,cifar10,0.3,1,_vig_blocks.0,0.893316
10,4,8,vig_tiny,cifar10,0.3,2,_vig_blocks.1,0.864850
10,4,8,vig_tiny,cifar10,0.3,3,_vig_blocks.2,0.860998
10,4,8,vig_tiny,cifar10,0.3,4,_vig_blocks.3,0.868377
10,4,8,vig_tiny,cifar10,0.3,5,_vig_blocks.4,0.869416
10,4,8,vig_tiny,cifar10,0.3,6,_vig_blocks.5,0.855771
10,4,8,vig_tiny,cifar10,0.3,7,_vig_blocks.6,0.844708
10,4,8,vig_tiny,cifar10,0.3,8,_vig_blocks.7,0.826840
10,4,8,vig_tiny,cifar10,0.3,9,_vig_blocks.8,0.803834
10,4,8,vig_tiny,cifar10,0.3,10,_vig_blocks.9,0.769088
10,4,8,vig_tiny,cifar10,0.3,11,_vig_blocks.10,0.700827
10,4,8,vig_tiny,cifar10,0.3,12,_vig_blocks.11,0.677872
10,4,8,vig_tiny,cifar10,0.3,13,classifier,0.649374
10,4,9,vig_tiny,cifar10,0.3,0,_vig_stem,0.874354
10,4,9,vig_tiny,cifar10,0.3,1,_vig_blocks.0,0.781749
10,4,9,vig_tiny,cifar10,0.3,2,_vig_blocks.1,0.728174
10,4,9,vig_tiny,cifar10,0.3,3,_vig_blocks.2,0.705844
10,4,9,vig_tiny,cifar10,0.3,4,_vig_blocks.3,0.671568
10,4,9,vig_tiny,cifar10,0.3,5,_vig_blocks.4,0.677446
10,4,9,vig_tiny,cifar10,0.3,6,_vig_blocks.5,0.695027
10,4,9,vig_tiny,cifar10,0.3,7,_vig_blocks.6,0.690331
10,4,9,vig_tiny,cifar10,0.3,8,_vig_blocks.7,0.680645
10,4,9,vig_tiny,cifar10,0.3,9,_vig_blocks.8,0.657732
10,4,9,vig_tiny,cifar10,0.3,10,_vig_blocks.9,0.628003
10,4,9,vig_tiny,cifar10,0.3,11,_vig_blocks.10,0.607335
10,4,9,vig_tiny,cifar10,0.3,12,_vig_blocks.11,0.594086
10,4,9,vig_tiny,cifar10,0.3,13,classifier,0.449491
10,5,6,vig_tiny,cifar10,0.3,0,_vig_stem,0.817327
10,5,6,vig_tiny,cifar10,0.3,1,_vig_blocks.0,0.770625
10,5,6,vig_tiny,cifar10,0.3,2,_vig_blocks.1,0.766652
10,5,6,vig_tiny,cifar10,0.3,3,_vig_blocks.2,0.749366
10,5,6,vig_tiny,cifar10,0.3,4,_vig_blocks.3,0.762688
10,5,6,vig_tiny,cifar10,0.3,5,_vig_blocks.4,0.768619
10,5,6,vig_tiny,cifar10,0.3,6,_vig_blocks.5,0.761140
10,5,6,vig_tiny,cifar10,0.3,7,_vig_blocks.6,0.758411
10,5,6,vig_tiny,cifar10,0.3,8,_vig_blocks.7,0.734394
10,5,6,vig_tiny,cifar10,0.3,9,_vig_blocks.8,0.731852
10,5,6,vig_tiny,cifar10,0.3,10,_vig_blocks.9,0.723214
10,5,6,vig_tiny,cifar10,0.3,11,_vig_blocks.10,0.699427
10,5,6,vig_tiny,cifar10,0.3,12,_vig_blocks.11,0.692799
10,5,6,vig_tiny,cifar10,0.3,13,classifier,0.629013
10,5,7,vig_tiny,cifar10,0.3,0,_vig_stem,0.905354
10,5,7,vig_tiny,cifar10,0.3,1,_vig_blocks.0,0.839069
10,5,7,vig_tiny,cifar10,0.3,2,_vig_blocks.1,0.832536
10,5,7,vig_tiny,cifar10,0.3,3,_vig_blocks.2,0.826323
10,5,7,vig_tiny,cifar10,0.3,4,_vig_blocks.3,0.806575
10,5,7,vig_tiny,cifar10,0.3,5,_vig_blocks.4,0.813112
10,5,7,vig_tiny,cifar10,0.3,6,_vig_blocks.5,0.806794
10,5,7,vig_tiny,cifar10,0.3,7,_vig_blocks.6,0.803619
10,5,7,vig_tiny,cifar10,0.3,8,_vig_blocks.7,0.783726
10,5,7,vig_tiny,cifar10,0.3,9,_vig_blocks.8,0.770670
10,5,7,vig_tiny,cifar10,0.3,10,_vig_blocks.9,0.751046
10,5,7,vig_tiny,cifar10,0.3,11,_vig_blocks.10,0.731175
10,5,7,vig_tiny,cifar10,0.3,12,_vig_blocks.11,0.708324
10,5,7,vig_tiny,cifar10,0.3,13,classifier,0.686472
10,5,8,vig_tiny,cifar10,0.3,0,_vig_stem,0.915623
10,5,8,vig_tiny,cifar10,0.3,1,_vig_blocks.0,0.858518
10,5,8,vig_tiny,cifar10,0.3,2,_vig_blocks.1,0.855001
10,5,8,vig_tiny,cifar10,0.3,3,_vig_blocks.2,0.840794
10,5,8,vig_tiny,cifar10,0.3,4,_vig_blocks.3,0.831899
10,5,8,vig_tiny,cifar10,0.3,5,_vig_blocks.4,0.836562
10,5,8,vig_tiny,cifar10,0.3,6,_vig_blocks.5,0.832114
10,5,8,vig_tiny,cifar10,0.3,7,_vig_blocks.6,0.829730
10,5,8,vig_tiny,cifar10,0.3,8,_vig_blocks.7,0.813442
10,5,8,vig_tiny,cifar10,0.3,9,_vig_blocks.8,0.789808
10,5,8,vig_tiny,cifar10,0.3,10,_vig_blocks.9,0.753470
10,5,8,vig_tiny,cifar10,0.3,11,_vig_blocks.10,0.707593
10,5,8,vig_tiny,cifar10,0.3,12,_vig_blocks.11,0.662474
10,5,8,vig_tiny,cifar10,0.3,13,classifier,0.572260
10,5,9,vig_tiny,cifar10,0.3,0,_vig_stem,0.856739
10,5,9,vig_tiny,cifar10,0.3,1,_vig_blocks.0,0.794466
10,5,9,vig_tiny,cifar10,0.3,2,_vig_blocks.1,0.764971
10,5,9,vig_tiny,cifar10,0.3,3,_vig_blocks.2,0.729768
10,5,9,vig_tiny,cifar10,0.3,4,_vig_blocks.3,0.702861
10,5,9,vig_tiny,cifar10,0.3,5,_vig_blocks.4,0.685002
10,5,9,vig_tiny,cifar10,0.3,6,_vig_blocks.5,0.675541
10,5,9,vig_tiny,cifar10,0.3,7,_vig_blocks.6,0.661712
10,5,9,vig_tiny,cifar10,0.3,8,_vig_blocks.7,0.659580
10,5,9,vig_tiny,cifar10,0.3,9,_vig_blocks.8,0.645546
10,5,9,vig_tiny,cifar10,0.3,10,_vig_blocks.9,0.632525
10,5,9,vig_tiny,cifar10,0.3,11,_vig_blocks.10,0.625265
10,5,9,vig_tiny,cifar10,0.3,12,_vig_blocks.11,0.605845
10,5,9,vig_tiny,cifar10,0.3,13,classifier,0.425842
10,6,7,vig_tiny,cifar10,0.3,0,_vig_stem,0.838702
10,6,7,vig_tiny,cifar10,0.3,1,_vig_blocks.0,0.789089
10,6,7,vig_tiny,cifar10,0.3,2,_vig_blocks.1,0.750647
10,6,7,vig_tiny,cifar10,0.3,3,_vig_blocks.2,0.724527
10,6,7,vig_tiny,cifar10,0.3,4,_vig_blocks.3,0.746172
10,6,7,vig_tiny,cifar10,0.3,5,_vig_blocks.4,0.748030
10,6,7,vig_tiny,cifar10,0.3,6,_vig_blocks.5,0.744464
10,6,7,vig_tiny,cifar10,0.3,7,_vig_blocks.6,0.750456
10,6,7,vig_tiny,cifar10,0.3,8,_vig_blocks.7,0.719843
10,6,7,vig_tiny,cifar10,0.3,9,_vig_blocks.8,0.721135
10,6,7,vig_tiny,cifar10,0.3,10,_vig_blocks.9,0.708684
10,6,7,vig_tiny,cifar10,0.3,11,_vig_blocks.10,0.692390
10,6,7,vig_tiny,cifar10,0.3,12,_vig_blocks.11,0.665706
10,6,7,vig_tiny,cifar10,0.3,13,classifier,0.575690
10,6,8,vig_tiny,cifar10,0.3,0,_vig_stem,0.861351
10,6,8,vig_tiny,cifar10,0.3,1,_vig_blocks.0,0.818157
10,6,8,vig_tiny,cifar10,0.3,2,_vig_blocks.1,0.791263
10,6,8,vig_tiny,cifar10,0.3,3,_vig_blocks.2,0.786190
10,6,8,vig_tiny,cifar10,0.3,4,_vig_blocks.3,0.801798
10,6,8,vig_tiny,cifar10,0.3,5,_vig_blocks.4,0.827346
10,6,8,vig_tiny,cifar10,0.3,6,_vig_blocks.5,0.827203
10,6,8,vig_tiny,cifar10,0.3,7,_vig_blocks.6,0.825638
10,6,8,vig_tiny,cifar10,0.3,8,_vig_blocks.7,0.808469
10,6,8,vig_tiny,cifar10,0.3,9,_vig_blocks.8,0.784637
10,6,8,vig_tiny,cifar10,0.3,10,_vig_blocks.9,0.754683
10,6,8,vig_tiny,cifar10,0.3,11,_vig_blocks.10,0.706429
10,6,8,vig_tiny,cifar10,0.3,12,_vig_blocks.11,0.673152
10,6,8,vig_tiny,cifar10,0.3,13,classifier,0.655660
10,6,9,vig_tiny,cifar10,0.3,0,_vig_stem,0.887075
10,6,9,vig_tiny,cifar10,0.3,1,_vig_blocks.0,0.813986
10,6,9,vig_tiny,cifar10,0.3,2,_vig_blocks.1,0.786074
10,6,9,vig_tiny,cifar10,0.3,3,_vig_blocks.2,0.765666
10,6,9,vig_tiny,cifar10,0.3,4,_vig_blocks.3,0.761798
10,6,9,vig_tiny,cifar10,0.3,5,_vig_blocks.4,0.760760
10,6,9,vig_tiny,cifar10,0.3,6,_vig_blocks.5,0.755691
10,6,9,vig_tiny,cifar10,0.3,7,_vig_blocks.6,0.743033
10,6,9,vig_tiny,cifar10,0.3,8,_vig_blocks.7,0.725818
10,6,9,vig_tiny,cifar10,0.3,9,_vig_blocks.8,0.700898
10,6,9,vig_tiny,cifar10,0.3,10,_vig_blocks.9,0.664951
10,6,9,vig_tiny,cifar10,0.3,11,_vig_blocks.10,0.643245
10,6,9,vig_tiny,cifar10,0.3,12,_vig_blocks.11,0.626984
10,6,9,vig_tiny,cifar10,0.3,13,classifier,0.364652
10,7,8,vig_tiny,cifar10,0.3,0,_vig_stem,0.876973
10,7,8,vig_tiny,cifar10,0.3,1,_vig_blocks.0,0.829733
10,7,8,vig_tiny,cifar10,0.3,2,_vig_blocks.1,0.833429
10,7,8,vig_tiny,cifar10,0.3,3,_vig_blocks.2,0.829251
10,7,8,vig_tiny,cifar10,0.3,4,_vig_blocks.3,0.865484
10,7,8,vig_tiny,cifar10,0.3,5,_vig_blocks.4,0.860118
10,7,8,vig_tiny,cifar10,0.3,6,_vig_blocks.5,0.845312
10,7,8,vig_tiny,cifar10,0.3,7,_vig_blocks.6,0.834994
10,7,8,vig_tiny,cifar10,0.3,8,_vig_blocks.7,0.807385
10,7,8,vig_tiny,cifar10,0.3,9,_vig_blocks.8,0.771564
10,7,8,vig_tiny,cifar10,0.3,10,_vig_blocks.9,0.736712
10,7,8,vig_tiny,cifar10,0.3,11,_vig_blocks.10,0.670012
10,7,8,vig_tiny,cifar10,0.3,12,_vig_blocks.11,0.592501
10,7,8,vig_tiny,cifar10,0.3,13,classifier,0.446153
10,7,9,vig_tiny,cifar10,0.3,0,_vig_stem,0.857857
10,7,9,vig_tiny,cifar10,0.3,1,_vig_blocks.0,0.797319
10,7,9,vig_tiny,cifar10,0.3,2,_vig_blocks.1,0.769101
10,7,9,vig_tiny,cifar10,0.3,3,_vig_blocks.2,0.737757
10,7,9,vig_tiny,cifar10,0.3,4,_vig_blocks.3,0.711844
10,7,9,vig_tiny,cifar10,0.3,5,_vig_blocks.4,0.705348
10,7,9,vig_tiny,cifar10,0.3,6,_vig_blocks.5,0.695187
10,7,9,vig_tiny,cifar10,0.3,7,_vig_blocks.6,0.686420
10,7,9,vig_tiny,cifar10,0.3,8,_vig_blocks.7,0.681888
10,7,9,vig_tiny,cifar10,0.3,9,_vig_blocks.8,0.681107
10,7,9,vig_tiny,cifar10,0.3,10,_vig_blocks.9,0.658076
10,7,9,vig_tiny,cifar10,0.3,11,_vig_blocks.10,0.648542
10,7,9,vig_tiny,cifar10,0.3,12,_vig_blocks.11,0.623053
10,7,9,vig_tiny,cifar10,0.3,13,classifier,0.514030
10,8,9,vig_tiny,cifar10,0.3,0,_vig_stem,0.910431
10,8,9,vig_tiny,cifar10,0.3,1,_vig_blocks.0,0.863209
10,8,9,vig_tiny,cifar10,0.3,2,_vig_blocks.1,0.845871
10,8,9,vig_tiny,cifar10,0.3,3,_vig_blocks.2,0.815209
10,8,9,vig_tiny,cifar10,0.3,4,_vig_blocks.3,0.778244
10,8,9,vig_tiny,cifar10,0.3,5,_vig_blocks.4,0.774835
10,8,9,vig_tiny,cifar10,0.3,6,_vig_blocks.5,0.773879
10,8,9,vig_tiny,cifar10,0.3,7,_vig_blocks.6,0.757367
10,8,9,vig_tiny,cifar10,0.3,8,_vig_blocks.7,0.736504
10,8,9,vig_tiny,cifar10,0.3,9,_vig_blocks.8,0.685269
10,8,9,vig_tiny,cifar10,0.3,10,_vig_blocks.9,0.632277
10,8,9,vig_tiny,cifar10,0.3,11,_vig_blocks.10,0.601970
10,8,9,vig_tiny,cifar10,0.3,12,_vig_blocks.11,0.564846
10,8,9,vig_tiny,cifar10,0.3,13,classifier,0.316048
20,0,1,vig_tiny,cifar10,0.3,0,_vig_stem,0.843347
20,0,1,vig_tiny,cifar10,0.3,1,_vig_blocks.0,0.783554
20,0,1,vig_tiny,cifar10,0.3,2,_vig_blocks.1,0.784713
20,0,1,vig_tiny,cifar10,0.3,3,_vig_blocks.2,0.745436
20,0,1,vig_tiny,cifar10,0.3,4,_vig_blocks.3,0.735720
20,0,1,vig_tiny,cifar10,0.3,5,_vig_blocks.4,0.750382
20,0,1,vig_tiny,cifar10,0.3,6,_vig_blocks.5,0.751453
20,0,1,vig_tiny,cifar10,0.3,7,_vig_blocks.6,0.739140
20,0,1,vig_tiny,cifar10,0.3,8,_vig_blocks.7,0.739197
20,0,1,vig_tiny,cifar10,0.3,9,_vig_blocks.8,0.730407
20,0,1,vig_tiny,cifar10,0.3,10,_vig_blocks.9,0.718497
20,0,1,vig_tiny,cifar10,0.3,11,_vig_blocks.10,0.708203
20,0,1,vig_tiny,cifar10,0.3,12,_vig_blocks.11,0.702969
20,0,1,vig_tiny,cifar10,0.3,13,classifier,0.652553
20,0,2,vig_tiny,cifar10,0.3,0,_vig_stem,0.846924
20,0,2,vig_tiny,cifar10,0.3,1,_vig_blocks.0,0.808822
20,0,2,vig_tiny,cifar10,0.3,2,_vig_blocks.1,0.813669
20,0,2,vig_tiny,cifar10,0.3,3,_vig_blocks.2,0.798077
20,0,2,vig_tiny,cifar10,0.3,4,_vig_blocks.3,0.783027
20,0,2,vig_tiny,cifar10,0.3,5,_vig_blocks.4,0.771874
20,0,2,vig_tiny,cifar10,0.3,6,_vig_blocks.5,0.743626
20,0,2,vig_tiny,cifar10,0.3,7,_vig_blocks.6,0.741832
20,0,2,vig_tiny,cifar10,0.3,8,_vig_blocks.7,0.736876
20,0,2,vig_tiny,cifar10,0.3,9,_vig_blocks.8,0.714457
20,0,2,vig_tiny,cifar10,0.3,10,_vig_blocks.9,0.684050
20,0,2,vig_tiny,cifar10,0.3,11,_vig_blocks.10,0.653657
20,0,2,vig_tiny,cifar10,0.3,12,_vig_blocks.11,0.655903
20,0,2,vig_tiny,cifar10,0.3,13,classifier,0.644460
20,0,3,vig_tiny,cifar10,0.3,0,_vig_stem,0.857553
20,0,3,vig_tiny,cifar10,0.3,1,_vig_blocks.0,0.800234
20,0,3,vig_tiny,cifar10,0.3,2,_vig_blocks.1,0.814292
20,0,3,vig_tiny,cifar10,0.3,3,_vig_blocks.2,0.823510
20,0,3,vig_tiny,cifar10,0.3,4,_vig_blocks.3,0.830414
20,0,3,vig_tiny,cifar10,0.3,5,_vig_blocks.4,0.817159
20,0,3,vig_tiny,cifar10,0.3,6,_vig_blocks.5,0.816694
20,0,3,vig_tiny,cifar10,0.3,7,_vig_blocks.6,0.811012
20,0,3,vig_tiny,cifar10,0.3,8,_vig_blocks.7,0.791442
20,0,3,vig_tiny,cifar10,0.3,9,_vig_blocks.8,0.759343
20,0,3,vig_tiny,cifar10,0.3,10,_vig_blocks.9,0.731077
20,0,3,vig_tiny,cifar10,0.3,11,_vig_blocks.10,0.694618
20,0,3,vig_tiny,cifar10,0.3,12,_vig_blocks.11,0.660307
20,0,3,vig_tiny,cifar10,0.3,13,classifier,0.602769
20,0,4,vig_tiny,cifar10,0.3,0,_vig_stem,0.876665
20,0,4,vig_tiny,cifar10,0.3,1,_vig_blocks.0,0.811336
20,0,4,vig_tiny,cifar10,0.3,2,_vig_blocks.1,0.833967
20,0,4,vig_tiny,cifar10,0.3,3,_vig_blocks.2,0.831833
20,0,4,vig_tiny,cifar10,0.3,4,_vig_blocks.3,0.835103
20,0,4,vig_tiny,cifar10,0.3,5,_vig_blocks.4,0.839610
20,0,4,vig_tiny,cifar10,0.3,6,_vig_blocks.5,0.823561
20,0,4,vig_tiny,cifar10,0.3,7,_vig_blocks.6,0.814363
20,0,4,vig_tiny,cifar10,0.3,8,_vig_blocks.7,0.799105
20,0,4,vig_tiny,cifar10,0.3,9,_vig_blocks.8,0.765252
20,0,4,vig_tiny,cifar10,0.3,10,_vig_blocks.9,0.733590
20,0,4,vig_tiny,cifar10,0.3,11,_vig_blocks.10,0.712588
20,0,4,vig_tiny,cifar10,0.3,12,_vig_blocks.11,0.706371
20,0,4,vig_tiny,cifar10,0.3,13,classifier,0.670063
20,0,5,vig_tiny,cifar10,0.3,0,_vig_stem,0.855121
20,0,5,vig_tiny,cifar10,0.3,1,_vig_blocks.0,0.822398
20,0,5,vig_tiny,cifar10,0.3,2,_vig_blocks.1,0.841582
20,0,5,vig_tiny,cifar10,0.3,3,_vig_blocks.2,0.838178
20,0,5,vig_tiny,cifar10,0.3,4,_vig_blocks.3,0.823728
20,0,5,vig_tiny,cifar10,0.3,5,_vig_blocks.4,0.822508
20,0,5,vig_tiny,cifar10,0.3,6,_vig_blocks.5,0.838773
20,0,5,vig_tiny,cifar10,0.3,7,_vig_blocks.6,0.844049
20,0,5,vig_tiny,cifar10,0.3,8,_vig_blocks.7,0.842209
20,0,5,vig_tiny,cifar10,0.3,9,_vig_blocks.8,0.816014
20,0,5,vig_tiny,cifar10,0.3,10,_vig_blocks.9,0.798862
20,0,5,vig_tiny,cifar10,0.3,11,_vig_blocks.10,0.780812
20,0,5,vig_tiny,cifar10,0.3,12,_vig_blocks.11,0.763242
20,0,5,vig_tiny,cifar10,0.3,13,classifier,0.663101
20,0,6,vig_tiny,cifar10,0.3,0,_vig_stem,0.839003
20,0,6,vig_tiny,cifar10,0.3,1,_vig_blocks.0,0.794834
20,0,6,vig_tiny,cifar10,0.3,2,_vig_blocks.1,0.814005
20,0,6,vig_tiny,cifar10,0.3,3,_vig_blocks.2,0.801686
20,0,6,vig_tiny,cifar10,0.3,4,_vig_blocks.3,0.805468
20,0,6,vig_tiny,cifar10,0.3,5,_vig_blocks.4,0.813653
20,0,6,vig_tiny,cifar10,0.3,6,_vig_blocks.5,0.797233
20,0,6,vig_tiny,cifar10,0.3,7,_vig_blocks.6,0.782449
20,0,6,vig_tiny,cifar10,0.3,8,_vig_blocks.7,0.756471
20,0,6,vig_tiny,cifar10,0.3,9,_vig_blocks.8,0.744857
20,0,6,vig_tiny,cifar10,0.3,10,_vig_blocks.9,0.725103
20,0,6,vig_tiny,cifar10,0.3,11,_vig_blocks.10,0.690917
20,0,6,vig_tiny,cifar10,0.3,12,_vig_blocks.11,0.666902
20,0,6,vig_tiny,cifar10,0.3,13,classifier,0.491771
20,0,7,vig_tiny,cifar10,0.3,0,_vig_stem,0.896779
20,0,7,vig_tiny,cifar10,0.3,1,_vig_blocks.0,0.859187
20,0,7,vig_tiny,cifar10,0.3,2,_vig_blocks.1,0.852506
20,0,7,vig_tiny,cifar10,0.3,3,_vig_blocks.2,0.837449
20,0,7,vig_tiny,cifar10,0.3,4,_vig_blocks.3,0.827500
20,0,7,vig_tiny,cifar10,0.3,5,_vig_blocks.4,0.821002
20,0,7,vig_tiny,cifar10,0.3,6,_vig_blocks.5,0.817711
20,0,7,vig_tiny,cifar10,0.3,7,_vig_blocks.6,0.817538
20,0,7,vig_tiny,cifar10,0.3,8,_vig_blocks.7,0.812269
20,0,7,vig_tiny,cifar10,0.3,9,_vig_blocks.8,0.789950
20,0,7,vig_tiny,cifar10,0.3,10,_vig_blocks.9,0.776471
20,0,7,vig_tiny,cifar10,0.3,11,_vig_blocks.10,0.767746
20,0,7,vig_tiny,cifar10,0.3,12,_vig_blocks.11,0.759514
20,0,7,vig_tiny,cifar10,0.3,13,classifier,0.704593
20,0,8,vig_tiny,cifar10,0.3,0,_vig_stem,0.889160
20,0,8,vig_tiny,cifar10,0.3,1,_vig_blocks.0,0.864561
20,0,8,vig_tiny,cifar10,0.3,2,_vig_blocks.1,0.871087
20,0,8,vig_tiny,cifar10,0.3,3,_vig_blocks.2,0.847981
20,0,8,vig_tiny,cifar10,0.3,4,_vig_blocks.3,0.840619
20,0,8,vig_tiny,cifar10,0.3,5,_vig_blocks.4,0.824889
20,0,8,vig_tiny,cifar10,0.3,6,_vig_blocks.5,0.804447
20,0,8,vig_tiny,cifar10,0.3,7,_vig_blocks.6,0.796536
20,0,8,vig_tiny,cifar10,0.3,8,_vig_blocks.7,0.771169
20,0,8,vig_tiny,cifar10,0.3,9,_vig_blocks.8,0.714839
20,0,8,vig_tiny,cifar10,0.3,10,_vig_blocks.9,0.655548
20,0,8,vig_tiny,cifar10,0.3,11,_vig_blocks.10,0.598823
20,0,8,vig_tiny,cifar10,0.3,12,_vig_blocks.11,0.546628
20,0,8,vig_tiny,cifar10,0.3,13,classifier,0.478442
20,0,9,vig_tiny,cifar10,0.3,0,_vig_stem,0.853368
20,0,9,vig_tiny,cifar10,0.3,1,_vig_blocks.0,0.732587
20,0,9,vig_tiny,cifar10,0.3,2,_vig_blocks.1,0.747050
20,0,9,vig_tiny,cifar10,0.3,3,_vig_blocks.2,0.751211
20,0,9,vig_tiny,cifar10,0.3,4,_vig_blocks.3,0.740167
20,0,9,vig_tiny,cifar10,0.3,5,_vig_blocks.4,0.748395
20,0,9,vig_tiny,cifar10,0.3,6,_vig_blocks.5,0.753300
20,0,9,vig_tiny,cifar10,0.3,7,_vig_blocks.6,0.746751
20,0,9,vig_tiny,cifar10,0.3,8,_vig_blocks.7,0.729806
20,0,9,vig_tiny,cifar10,0.3,9,_vig_blocks.8,0.707176
20,0,9,vig_tiny,cifar10,0.3,10,_vig_blocks.9,0.682374
20,0,9,vig_tiny,cifar10,0.3,11,_vig_blocks.10,0.659432
20,0,9,vig_tiny,cifar10,0.3,12,_vig_blocks.11,0.631752
20,0,9,vig_tiny,cifar10,0.3,13,classifier,0.522298
20,1,2,vig_tiny,cifar10,0.3,0,_vig_stem,0.835019
20,1,2,vig_tiny,cifar10,0.3,1,_vig_blocks.0,0.779991
20,1,2,vig_tiny,cifar10,0.3,2,_vig_blocks.1,0.750363
20,1,2,vig_tiny,cifar10,0.3,3,_vig_blocks.2,0.731369
20,1,2,vig_tiny,cifar10,0.3,4,_vig_blocks.3,0.718136
20,1,2,vig_tiny,cifar10,0.3,5,_vig_blocks.4,0.740317
20,1,2,vig_tiny,cifar10,0.3,6,_vig_blocks.5,0.728939
20,1,2,vig_tiny,cifar10,0.3,7,_vig_blocks.6,0.709506
20,1,2,vig_tiny,cifar10,0.3,8,_vig_blocks.7,0.692017
20,1,2,vig_tiny,cifar10,0.3,9,_vig_blocks.8,0.683585
20,1,2,vig_tiny,cifar10,0.3,10,_vig_blocks.9,0.645814
20,1,2,vig_tiny,cifar10,0.3,11,_vig_blocks.10,0.624462
20,1,2,vig_tiny,cifar10,0.3,12,_vig_blocks.11,0.617684
20,1,2,vig_tiny,cifar10,0.3,13,classifier,0.634925
20,1,3,vig_tiny,cifar10,0.3,0,_vig_stem,0.852425
20,1,3,vig_tiny,cifar10,0.3,1,_vig_blocks.0,0.777626
20,1,3,vig_tiny,cifar10,0.3,2,_vig_blocks.1,0.783248
20,1,3,vig_tiny,cifar10,0.3,3,_vig_blocks.2,0.772978
20,1,3,vig_tiny,cifar10,0.3,4,_vig_blocks.3,0.747080
20,1,3,vig_tiny,cifar10,0.3,5,_vig_blocks.4,0.775640
20,1,3,vig_tiny,cifar10,0.3,6,_vig_blocks.5,0.774111
20,1,3,vig_tiny,cifar10,0.3,7,_vig_blocks.6,0.759743
20,1,3,vig_tiny,cifar10,0.3,8,_vig_blocks.7,0.751554
20,1,3,vig_tiny,cifar10,0.3,9,_vig_blocks.8,0.728419
20,1,3,vig_tiny,cifar10,0.3,10,_vig_blocks.9,0.701674
20,1,3,vig_tiny,cifar10,0.3,11,_vig_blocks.10,0.685013
20,1,3,vig_tiny,cifar10,0.3,12,_vig_blocks.11,0.668251
20,1,3,vig_tiny,cifar10,0.3,13,classifier,0.615441
20,1,4,vig_tiny,cifar10,0.3,0,_vig_stem,0.860072
20,1,4,vig_tiny,cifar10,0.3,1,_vig_blocks.0,0.778833
20,1,4,vig_tiny,cifar10,0.3,2,_vig_blocks.1,0.766856
20,1,4,vig_tiny,cifar10,0.3,3,_vig_blocks.2,0.766043
20,1,4,vig_tiny,cifar10,0.3,4,_vig_blocks.3,0.757370
20,1,4,vig_tiny,cifar10,0.3,5,_vig_blocks.4,0.773788
20,1,4,vig_tiny,cifar10,0.3,6,_vig_blocks.5,0.773769
20,1,4,vig_tiny,cifar10,0.3,7,_vig_blocks.6,0.764360
20,1,4,vig_tiny,cifar10,0.3,8,_vig_blocks.7,0.739808
20,1,4,vig_tiny,cifar10,0.3,9,_vig_blocks.8,0.724912
20,1,4,vig_tiny,cifar10,0.3,10,_vig_blocks.9,0.687852
20,1,4,vig_tiny,cifar10,0.3,11,_vig_blocks.10,0.654977
20,1,4,vig_tiny,cifar10,0.3,12,_vig_blocks.11,0.635799
20,1,4,vig_tiny,cifar10,0.3,13,classifier,0.670704
20,1,5,vig_tiny,cifar10,0.3,0,_vig_stem,0.910652
20,1,5,vig_tiny,cifar10,0.3,1,_vig_blocks.0,0.835771
20,1,5,vig_tiny,cifar10,0.3,2,_vig_blocks.1,0.815235
20,1,5,vig_tiny,cifar10,0.3,3,_vig_blocks.2,0.782699
20,1,5,vig_tiny,cifar10,0.3,4,_vig_blocks.3,0.778675
20,1,5,vig_tiny,cifar10,0.3,5,_vig_blocks.4,0.763029
20,1,5,vig_tiny,cifar10,0.3,6,_vig_blocks.5,0.771584
20,1,5,vig_tiny,cifar10,0.3,7,_vig_blocks.6,0.757938
20,1,5,vig_tiny,cifar10,0.3,8,_vig_blocks.7,0.746865
20,1,5,vig_tiny,cifar10,0.3,9,_vig_blocks.8,0.741380
20,1,5,vig_tiny,cifar10,0.3,10,_vig_blocks.9,0.721189
20,1,5,vig_tiny,cifar10,0.3,11,_vig_blocks.10,0.708665
20,1,5,vig_tiny,cifar10,0.3,12,_vig_blocks.11,0.689252
20,1,5,vig_tiny,cifar10,0.3,13,classifier,0.652557
20,1,6,vig_tiny,cifar10,0.3,0,_vig_stem,0.831721
20,1,6,vig_tiny,cifar10,0.3,1,_vig_blocks.0,0.764349
20,1,6,vig_tiny,cifar10,0.3,2,_vig_blocks.1,0.771936
20,1,6,vig_tiny,cifar10,0.3,3,_vig_blocks.2,0.760884
20,1,6,vig_tiny,cifar10,0.3,4,_vig_blocks.3,0.750960
20,1,6,vig_tiny,cifar10,0.3,5,_vig_blocks.4,0.767634
20,1,6,vig_tiny,cifar10,0.3,6,_vig_blocks.5,0.751041
20,1,6,vig_tiny,cifar10,0.3,7,_vig_blocks.6,0.719379
20,1,6,vig_tiny,cifar10,0.3,8,_vig_blocks.7,0.712370
20,1,6,vig_tiny,cifar10,0.3,9,_vig_blocks.8,0.713502
20,1,6,vig_tiny,cifar10,0.3,10,_vig_blocks.9,0.695716
20,1,6,vig_tiny,cifar10,0.3,11,_vig_blocks.10,0.677093
20,1,6,vig_tiny,cifar10,0.3,12,_vig_blocks.11,0.647096
20,1,6,vig_tiny,cifar10,0.3,13,classifier,0.468798
20,1,7,vig_tiny,cifar10,0.3,0,_vig_stem,0.861059
20,1,7,vig_tiny,cifar10,0.3,1,_vig_blocks.0,0.804347
20,1,7,vig_tiny,cifar10,0.3,2,_vig_blocks.1,0.776488
20,1,7,vig_tiny,cifar10,0.3,3,_vig_blocks.2,0.773432
20,1,7,vig_tiny,cifar10,0.3,4,_vig_blocks.3,0.754707
20,1,7,vig_tiny,cifar10,0.3,5,_vig_blocks.4,0.776328
20,1,7,vig_tiny,cifar10,0.3,6,_vig_blocks.5,0.771741
20,1,7,vig_tiny,cifar10,0.3,7,_vig_blocks.6,0.757482
20,1,7,vig_tiny,cifar10,0.3,8,_vig_blocks.7,0.759229
20,1,7,vig_tiny,cifar10,0.3,9,_vig_blocks.8,0.748513
20,1,7,vig_tiny,cifar10,0.3,10,_vig_blocks.9,0.721761
20,1,7,vig_tiny,cifar10,0.3,11,_vig_blocks.10,0.706090
20,1,7,vig_tiny,cifar10,0.3,12,_vig_blocks.11,0.688442
20,1,7,vig_tiny,cifar10,0.3,13,classifier,0.605679
20,1,8,vig_tiny,cifar10,0.3,0,_vig_stem,0.872907
20,1,8,vig_tiny,cifar10,0.3,1,_vig_blocks.0,0.841195
20,1,8,vig_tiny,cifar10,0.3,2,_vig_blocks.1,0.831337
20,1,8,vig_tiny,cifar10,0.3,3,_vig_blocks.2,0.823154
20,1,8,vig_tiny,cifar10,0.3,4,_vig_blocks.3,0.819566
20,1,8,vig_tiny,cifar10,0.3,5,_vig_blocks.4,0.844460
20,1,8,vig_tiny,cifar10,0.3,6,_vig_blocks.5,0.829853
20,1,8,vig_tiny,cifar10,0.3,7,_vig_blocks.6,0.812322
20,1,8,vig_tiny,cifar10,0.3,8,_vig_blocks.7,0.788634
20,1,8,vig_tiny,cifar10,0.3,9,_vig_blocks.8,0.759418
20,1,8,vig_tiny,cifar10,0.3,10,_vig_blocks.9,0.706605
20,1,8,vig_tiny,cifar10,0.3,11,_vig_blocks.10,0.655975
20,1,8,vig_tiny,cifar10,0.3,12,_vig_blocks.11,0.582241
20,1,8,vig_tiny,cifar10,0.3,13,classifier,0.531034
20,1,9,vig_tiny,cifar10,0.3,0,_vig_stem,0.886635
20,1,9,vig_tiny,cifar10,0.3,1,_vig_blocks.0,0.782317
20,1,9,vig_tiny,cifar10,0.3,2,_vig_blocks.1,0.741898
20,1,9,vig_tiny,cifar10,0.3,3,_vig_blocks.2,0.751042
20,1,9,vig_tiny,cifar10,0.3,4,_vig_blocks.3,0.726898
20,1,9,vig_tiny,cifar10,0.3,5,_vig_blocks.4,0.749694
20,1,9,vig_tiny,cifar10,0.3,6,_vig_blocks.5,0.749149
20,1,9,vig_tiny,cifar10,0.3,7,_vig_blocks.6,0.729410
20,1,9,vig_tiny,cifar10,0.3,8,_vig_blocks.7,0.710823
20,1,9,vig_tiny,cifar10,0.3,9,_vig_blocks.8,0.692166
20,1,9,vig_tiny,cifar10,0.3,10,_vig_blocks.9,0.670296
20,1,9,vig_tiny,cifar10,0.3,11,_vig_blocks.10,0.654882
20,1,9,vig_tiny,cifar10,0.3,12,_vig_blocks.11,0.638245
20,1,9,vig_tiny,cifar10,0.3,13,classifier,0.658358
20,2,3,vig_tiny,cifar10,0.3,0,_vig_stem,0.854142
20,2,3,vig_tiny,cifar10,0.3,1,_vig_blocks.0,0.800616
20,2,3,vig_tiny,cifar10,0.3,2,_vig_blocks.1,0.778122
20,2,3,vig_tiny,cifar10,0.3,3,_vig_blocks.2,0.776993
20,2,3,vig_tiny,cifar10,0.3,4,_vig_blocks.3,0.763942
20,2,3,vig_tiny,cifar10,0.3,5,_vig_blocks.4,0.768931
20,2,3,vig_tiny,cifar10,0.3,6,_vig_blocks.5,0.756151
20,2,3,vig_tiny,cifar10,0.3,7,_vig_blocks.6,0.755863
20,2,3,vig_tiny,cifar10,0.3,8,_vig_blocks.7,0.750357
20,2,3,vig_tiny,cifar10,0.3,9,_vig_blocks.8,0.716722
20,2,3,vig_tiny,cifar10,0.3,10,_vig_blocks.9,0.681628
20,2,3,vig_tiny,cifar10,0.3,11,_vig_blocks.10,0.635845
20,2,3,vig_tiny,cifar10,0.3,12,_vig_blocks.11,0.617076
20,2,3,vig_tiny,cifar10,0.3,13,classifier,0.490216
20,2,4,vig_tiny,cifar10,0.3,0,_vig_stem,0.875146
20,2,4,vig_tiny,cifar10,0.3,1,_vig_blocks.0,0.835844
20,2,4,vig_tiny,cifar10,0.3,2,_vig_blocks.1,0.833223
20,2,4,vig_tiny,cifar10,0.3,3,_vig_blocks.2,0.820275
20,2,4,vig_tiny,cifar10,0.3,4,_vig_blocks.3,0.837367
20,2,4,vig_tiny,cifar10,0.3,5,_vig_blocks.4,0.831791
20,2,4,vig_tiny,cifar10,0.3,6,_vig_blocks.5,0.809907
20,2,4,vig_tiny,cifar10,0.3,7,_vig_blocks.6,0.808446
20,2,4,vig_tiny,cifar10,0.3,8,_vig_blocks.7,0.793833
20,2,4,vig_tiny,cifar10,0.3,9,_vig_blocks.8,0.777403
20,2,4,vig_tiny,cifar10,0.3,10,_vig_blocks.9,0.750391
20,2,4,vig_tiny,cifar10,0.3,11,_vig_blocks.10,0.705499
20,2,4,vig_tiny,cifar10,0.3,12,_vig_blocks.11,0.705544
20,2,4,vig_tiny,cifar10,0.3,13,classifier,0.648999
20,2,5,vig_tiny,cifar10,0.3,0,_vig_stem,0.840655
20,2,5,vig_tiny,cifar10,0.3,1,_vig_blocks.0,0.824113
20,2,5,vig_tiny,cifar10,0.3,2,_vig_blocks.1,0.828864
20,2,5,vig_tiny,cifar10,0.3,3,_vig_blocks.2,0.812825
20,2,5,vig_tiny,cifar10,0.3,4,_vig_blocks.3,0.805318
20,2,5,vig_tiny,cifar10,0.3,5,_vig_blocks.4,0.808508
20,2,5,vig_tiny,cifar10,0.3,6,_vig_blocks.5,0.782465
20,2,5,vig_tiny,cifar10,0.3,7,_vig_blocks.6,0.768453
20,2,5,vig_tiny,cifar10,0.3,8,_vig_blocks.7,0.755007
20,2,5,vig_tiny,cifar10,0.3,9,_vig_blocks.8,0.742526
20,2,5,vig_tiny,cifar10,0.3,10,_vig_blocks.9,0.703662
20,2,5,vig_tiny,cifar10,0.3,11,_vig_blocks.10,0.658043
20,2,5,vig_tiny,cifar10,0.3,12,_vig_blocks.11,0.632595
20,2,5,vig_tiny,cifar10,0.3,13,classifier,0.627335
20,2,6,vig_tiny,cifar10,0.3,0,_vig_stem,0.828292
20,2,6,vig_tiny,cifar10,0.3,1,_vig_blocks.0,0.768693
20,2,6,vig_tiny,cifar10,0.3,2,_vig_blocks.1,0.770419
20,2,6,vig_tiny,cifar10,0.3,3,_vig_blocks.2,0.764715
20,2,6,vig_tiny,cifar10,0.3,4,_vig_blocks.3,0.773601
20,2,6,vig_tiny,cifar10,0.3,5,_vig_blocks.4,0.770003
20,2,6,vig_tiny,cifar10,0.3,6,_vig_blocks.5,0.747002
20,2,6,vig_tiny,cifar10,0.3,7,_vig_blocks.6,0.731729
20,2,6,vig_tiny,cifar10,0.3,8,_vig_blocks.7,0.727542
20,2,6,vig_tiny,cifar10,0.3,9,_vig_blocks.8,0.718686
20,2,6,vig_tiny,cifar10,0.3,10,_vig_blocks.9,0.709663
20,2,6,vig_tiny,cifar10,0.3,11,_vig_blocks.10,0.684353
20,2,6,vig_tiny,cifar10,0.3,12,_vig_blocks.11,0.685183
20,2,6,vig_tiny,cifar10,0.3,13,classifier,0.638839
20,2,7,vig_tiny,cifar10,0.3,0,_vig_stem,0.806638
20,2,7,vig_tiny,cifar10,0.3,1,_vig_blocks.0,0.785182
20,2,7,vig_tiny,cifar10,0.3,2,_vig_blocks.1,0.792435
20,2,7,vig_tiny,cifar10,0.3,3,_vig_blocks.2,0.789131
20,2,7,vig_tiny,cifar10,0.3,4,_vig_blocks.3,0.803668
20,2,7,vig_tiny,cifar10,0.3,5,_vig_blocks.4,0.786711
20,2,7,vig_tiny,cifar10,0.3,6,_vig_blocks.5,0.762266
20,2,7,vig_tiny,cifar10,0.3,7,_vig_blocks.6,0.764796
20,2,7,vig_tiny,cifar10,0.3,8,_vig_blocks.7,0.763398
20,2,7,vig_tiny,cifar10,0.3,9,_vig_blocks.8,0.743771
20,2,7,vig_tiny,cifar10,0.3,10,_vig_blocks.9,0.716516
20,2,7,vig_tiny,cifar10,0.3,11,_vig_blocks.10,0.679443
20,2,7,vig_tiny,cifar10,0.3,12,_vig_blocks.11,0.686806
20,2,7,vig_tiny,cifar10,0.3,13,classifier,0.669763
20,2,8,vig_tiny,cifar10,0.3,0,_vig_stem,0.915281
20,2,8,vig_tiny,cifar10,0.3,1,_vig_blocks.0,0.893267
20,2,8,vig_tiny,cifar10,0.3,2,_vig_blocks.1,0.881180
20,2,8,vig_tiny,cifar10,0.3,3,_vig_blocks.2,0.871121
20,2,8,vig_tiny,cifar10,0.3,4,_vig_blocks.3,0.875464
20,2,8,vig_tiny,cifar10,0.3,5,_vig_blocks.4,0.869098
20,2,8,vig_tiny,cifar10,0.3,6,_vig_blocks.5,0.842704
20,2,8,vig_tiny,cifar10,0.3,7,_vig_blocks.6,0.835554
20,2,8,vig_tiny,cifar10,0.3,8,_vig_blocks.7,0.820238
20,2,8,vig_tiny,cifar10,0.3,9,_vig_blocks.8,0.792683
20,2,8,vig_tiny,cifar10,0.3,10,_vig_blocks.9,0.741358
20,2,8,vig_tiny,cifar10,0.3,11,_vig_blocks.10,0.695058
20,2,8,vig_tiny,cifar10,0.3,12,_vig_blocks.11,0.668410
20,2,8,vig_tiny,cifar10,0.3,13,classifier,0.704267
20,2,9,vig_tiny,cifar10,0.3,0,_vig_stem,0.839826
20,2,9,vig_tiny,cifar10,0.3,1,_vig_blocks.0,0.719401
20,2,9,vig_tiny,cifar10,0.3,2,_vig_blocks.1,0.718610
20,2,9,vig_tiny,cifar10,0.3,3,_vig_blocks.2,0.732953
20,2,9,vig_tiny,cifar10,0.3,4,_vig_blocks.3,0.731562
20,2,9,vig_tiny,cifar10,0.3,5,_vig_blocks.4,0.742146
20,2,9,vig_tiny,cifar10,0.3,6,_vig_blocks.5,0.735373
20,2,9,vig_tiny,cifar10,0.3,7,_vig_blocks.6,0.728192
20,2,9,vig_tiny,cifar10,0.3,8,_vig_blocks.7,0.716150
20,2,9,vig_tiny,cifar10,0.3,9,_vig_blocks.8,0.689439
20,2,9,vig_tiny,cifar10,0.3,10,_vig_blocks.9,0.654365
20,2,9,vig_tiny,cifar10,0.3,11,_vig_blocks.10,0.620348
20,2,9,vig_tiny,cifar10,0.3,12,_vig_blocks.11,0.585755
20,2,9,vig_tiny,cifar10,0.3,13,classifier,0.432570
20,3,4,vig_tiny,cifar10,0.3,0,_vig_stem,0.882496
20,3,4,vig_tiny,cifar10,0.3,1,_vig_blocks.0,0.808676
20,3,4,vig_tiny,cifar10,0.3,2,_vig_blocks.1,0.808056
20,3,4,vig_tiny,cifar10,0.3,3,_vig_blocks.2,0.819342
20,3,4,vig_tiny,cifar10,0.3,4,_vig_blocks.3,0.832115
20,3,4,vig_tiny,cifar10,0.3,5,_vig_blocks.4,0.824300
20,3,4,vig_tiny,cifar10,0.3,6,_vig_blocks.5,0.829103
20,3,4,vig_tiny,cifar10,0.3,7,_vig_blocks.6,0.825688
20,3,4,vig_tiny,cifar10,0.3,8,_vig_blocks.7,0.801609
20,3,4,vig_tiny,cifar10,0.3,9,_vig_blocks.8,0.764680
20,3,4,vig_tiny,cifar10,0.3,10,_vig_blocks.9,0.735827
20,3,4,vig_tiny,cifar10,0.3,11,_vig_blocks.10,0.685807
20,3,4,vig_tiny,cifar10,0.3,12,_vig_blocks.11,0.647799
20,3,4,vig_tiny,cifar10,0.3,13,classifier,0.496061
20,3,5,vig_tiny,cifar10,0.3,0,_vig_stem,0.880688
20,3,5,vig_tiny,cifar10,0.3,1,_vig_blocks.0,0.814855
20,3,5,vig_tiny,cifar10,0.3,2,_vig_blocks.1,0.810006
20,3,5,vig_tiny,cifar10,0.3,3,_vig_blocks.2,0.805600
20,3,5,vig_tiny,cifar10,0.3,4,_vig_blocks.3,0.793487
20,3,5,vig_tiny,cifar10,0.3,5,_vig_blocks.4,0.772849
20,3,5,vig_tiny,cifar10,0.3,6,_vig_blocks.5,0.796445
20,3,5,vig_tiny,cifar10,0.3,7,_vig_blocks.6,0.793972
20,3,5,vig_tiny,cifar10,0.3,8,_vig_blocks.7,0.779820
20,3,5,vig_tiny,cifar10,0.3,9,_vig_blocks.8,0.747292
20,3,5,vig_tiny,cifar10,0.3,10,_vig_blocks.9,0.715408
20,3,5,vig_tiny,cifar10,0.3,11,_vig_blocks.10,0.680534
20,3,5,vig_tiny,cifar10,0.3,12,_vig_blocks.11,0.644403
20,3,5,vig_tiny,cifar10,0.3,13,classifier,0.518947
20,3,6,vig_tiny,cifar10,0.3,0,_vig_stem,0.864855
20,3,6,vig_tiny,cifar10,0.3,1,_vig_blocks.0,0.805584
20,3,6,vig_tiny,cifar10,0.3,2,_vig_blocks.1,0.820704
20,3,6,vig_tiny,cifar10,0.3,3,_vig_blocks.2,0.808873
20,3,6,vig_tiny,cifar10,0.3,4,_vig_blocks.3,0.798600
20,3,6,vig_tiny,cifar10,0.3,5,_vig_blocks.4,0.812487
20,3,6,vig_tiny,cifar10,0.3,6,_vig_blocks.5,0.799633
20,3,6,vig_tiny,cifar10,0.3,7,_vig_blocks.6,0.789645
20,3,6,vig_tiny,cifar10,0.3,8,_vig_blocks.7,0.777227
20,3,6,vig_tiny,cifar10,0.3,9,_vig_blocks.8,0.768996
20,3,6,vig_tiny,cifar10,0.3,10,_vig_blocks.9,0.762319
20,3,6,vig_tiny,cifar10,0.3,11,_vig_blocks.10,0.730944
20,3,6,vig_tiny,cifar10,0.3,12,_vig_blocks.11,0.694860
20,3,6,vig_tiny,cifar10,0.3,13,classifier,0.426875
20,3,7,vig_tiny,cifar10,0.3,0,_vig_stem,0.902588
20,3,7,vig_tiny,cifar10,0.3,1,_vig_blocks.0,0.822894
20,3,7,vig_tiny,cifar10,0.3,2,_vig_blocks.1,0.831776
20,3,7,vig_tiny,cifar10,0.3,3,_vig_blocks.2,0.829441
20,3,7,vig_tiny,cifar10,0.3,4,_vig_blocks.3,0.817708
20,3,7,vig_tiny,cifar10,0.3,5,_vig_blocks.4,0.817716
20,3,7,vig_tiny,cifar10,0.3,6,_vig_blocks.5,0.815722
20,3,7,vig_tiny,cifar10,0.3,7,_vig_blocks.6,0.813083
20,3,7,vig_tiny,cifar10,0.3,8,_vig_blocks.7,0.809206
20,3,7,vig_tiny,cifar10,0.3,9,_vig_blocks.8,0.784792
20,3,7,vig_tiny,cifar10,0.3,10,_vig_blocks.9,0.758436
20,3,7,vig_tiny,cifar10,0.3,11,_vig_blocks.10,0.707954
20,3,7,vig_tiny,cifar10,0.3,12,_vig_blocks.11,0.660835
20,3,7,vig_tiny,cifar10,0.3,13,classifier,0.487665
20,3,8,vig_tiny,cifar10,0.3,0,_vig_stem,0.949206
20,3,8,vig_tiny,cifar10,0.3,1,_vig_blocks.0,0.892674
20,3,8,vig_tiny,cifar10,0.3,2,_vig_blocks.1,0.882267
20,3,8,vig_tiny,cifar10,0.3,3,_vig_blocks.2,0.876276
20,3,8,vig_tiny,cifar10,0.3,4,_vig_blocks.3,0.858871
20,3,8,vig_tiny,cifar10,0.3,5,_vig_blocks.4,0.862338
20,3,8,vig_tiny,cifar10,0.3,6,_vig_blocks.5,0.847831
20,3,8,vig_tiny,cifar10,0.3,7,_vig_blocks.6,0.845259
20,3,8,vig_tiny,cifar10,0.3,8,_vig_blocks.7,0.817792
20,3,8,vig_tiny,cifar10,0.3,9,_vig_blocks.8,0.761810
20,3,8,vig_tiny,cifar10,0.3,10,_vig_blocks.9,0.711975
20,3,8,vig_tiny,cifar10,0.3,11,_vig_blocks.10,0.650205
20,3,8,vig_tiny,cifar10,0.3,12,_vig_blocks.11,0.578021
20,3,8,vig_tiny,cifar10,0.3,13,classifier,0.365953
20,3,9,vig_tiny,cifar10,0.3,0,_vig_stem,0.843321
20,3,9,vig_tiny,cifar10,0.3,1,_vig_blocks.0,0.729806
20,3,9,vig_tiny,cifar10,0.3,2,_vig_blocks.1,0.723125
20,3,9,vig_tiny,cifar10,0.3,3,_vig_blocks.2,0.741901
20,3,9,vig_tiny,cifar10,0.3,4,_vig_blocks.3,0.741890
20,3,9,vig_tiny,cifar10,0.3,5,_vig_blocks.4,0.748261
20,3,9,vig_tiny,cifar10,0.3,6,_vig_blocks.5,0.754953
20,3,9,vig_tiny,cifar10,0.3,7,_vig_blocks.6,0.758164
20,3,9,vig_tiny,cifar10,0.3,8,_vig_blocks.7,0.749754
20,3,9,vig_tiny,cifar10,0.3,9,_vig_blocks.8,0.728697
20,3,9,vig_tiny,cifar10,0.3,10,_vig_blocks.9,0.700075
20,3,9,vig_tiny,cifar10,0.3,11,_vig_blocks.10,0.673964
20,3,9,vig_tiny,cifar10,0.3,12,_vig_blocks.11,0.646880
20,3,9,vig_tiny,cifar10,0.3,13,classifier,0.594905
20,4,5,vig_tiny,cifar10,0.3,0,_vig_stem,0.855330
20,4,5,vig_tiny,cifar10,0.3,1,_vig_blocks.0,0.799737
20,4,5,vig_tiny,cifar10,0.3,2,_vig_blocks.1,0.809542
20,4,5,vig_tiny,cifar10,0.3,3,_vig_blocks.2,0.809612
20,4,5,vig_tiny,cifar10,0.3,4,_vig_blocks.3,0.810173
20,4,5,vig_tiny,cifar10,0.3,5,_vig_blocks.4,0.821182
20,4,5,vig_tiny,cifar10,0.3,6,_vig_blocks.5,0.817827
20,4,5,vig_tiny,cifar10,0.3,7,_vig_blocks.6,0.814089
20,4,5,vig_tiny,cifar10,0.3,8,_vig_blocks.7,0.799750
20,4,5,vig_tiny,cifar10,0.3,9,_vig_blocks.8,0.773536
20,4,5,vig_tiny,cifar10,0.3,10,_vig_blocks.9,0.735271
20,4,5,vig_tiny,cifar10,0.3,11,_vig_blocks.10,0.706137
20,4,5,vig_tiny,cifar10,0.3,12,_vig_blocks.11,0.683416
20,4,5,vig_tiny,cifar10,0.3,13,classifier,0.693517
20,4,6,vig_tiny,cifar10,0.3,0,_vig_stem,0.863824
20,4,6,vig_tiny,cifar10,0.3,1,_vig_blocks.0,0.785494
20,4,6,vig_tiny,cifar10,0.3,2,_vig_blocks.1,0.797504
20,4,6,vig_tiny,cifar10,0.3,3,_vig_blocks.2,0.790148
20,4,6,vig_tiny,cifar10,0.3,4,_vig_blocks.3,0.785075
20,4,6,vig_tiny,cifar10,0.3,5,_vig_blocks.4,0.795432
20,4,6,vig_tiny,cifar10,0.3,6,_vig_blocks.5,0.782421
20,4,6,vig_tiny,cifar10,0.3,7,_vig_blocks.6,0.771777
20,4,6,vig_tiny,cifar10,0.3,8,_vig_blocks.7,0.751262
20,4,6,vig_tiny,cifar10,0.3,9,_vig_blocks.8,0.739889
20,4,6,vig_tiny,cifar10,0.3,10,_vig_blocks.9,0.730876
20,4,6,vig_tiny,cifar10,0.3,11,_vig_blocks.10,0.696466
20,4,6,vig_tiny,cifar10,0.3,12,_vig_blocks.11,0.685079
20,4,6,vig_tiny,cifar10,0.3,13,classifier,0.575434
20,4,7,vig_tiny,cifar10,0.3,0,_vig_stem,0.873155
20,4,7,vig_tiny,cifar10,0.3,1,_vig_blocks.0,0.797665
20,4,7,vig_tiny,cifar10,0.3,2,_vig_blocks.1,0.810020
20,4,7,vig_tiny,cifar10,0.3,3,_vig_blocks.2,0.813803
20,4,7,vig_tiny,cifar10,0.3,4,_vig_blocks.3,0.827490
20,4,7,vig_tiny,cifar10,0.3,5,_vig_blocks.4,0.835237
20,4,7,vig_tiny,cifar10,0.3,6,_vig_blocks.5,0.827881
20,4,7,vig_tiny,cifar10,0.3,7,_vig_blocks.6,0.826710
20,4,7,vig_tiny,cifar10,0.3,8,_vig_blocks.7,0.814760
20,4,7,vig_tiny,cifar10,0.3,9,_vig_blocks.8,0.792453
20,4,7,vig_tiny,cifar10,0.3,10,_vig_blocks.9,0.765679
20,4,7,vig_tiny,cifar10,0.3,11,_vig_blocks.10,0.725126
20,4,7,vig_tiny,cifar10,0.3,12,_vig_blocks.11,0.698999
20,4,7,vig_tiny,cifar10,0.3,13,classifier,0.617546
20,4,8,vig_tiny,cifar10,0.3,0,_vig_stem,0.917296
20,4,8,vig_tiny,cifar10,0.3,1,_vig_blocks.0,0.892636
20,4,8,vig_tiny,cifar10,0.3,2,_vig_blocks.1,0.885731
20,4,8,vig_tiny,cifar10,0.3,3,_vig_blocks.2,0.880960
20,4,8,vig_tiny,cifar10,0.3,4,_vig_blocks.3,0.886281
20,4,8,vig_tiny,cifar10,0.3,5,_vig_blocks.4,0.876223
20,4,8,vig_tiny,cifar10,0.3,6,_vig_blocks.5,0.865609
20,4,8,vig_tiny,cifar10,0.3,7,_vig_blocks.6,0.863247
20,4,8,vig_tiny,cifar10,0.3,8,_vig_blocks.7,0.833955
20,4,8,vig_tiny,cifar10,0.3,9,_vig_blocks.8,0.786429
20,4,8,vig_tiny,cifar10,0.3,10,_vig_blocks.9,0.748460
20,4,8,vig_tiny,cifar10,0.3,11,_vig_blocks.10,0.691475
20,4,8,vig_tiny,cifar10,0.3,12,_vig_blocks.11,0.647084
20,4,8,vig_tiny,cifar10,0.3,13,classifier,0.589973
20,4,9,vig_tiny,cifar10,0.3,0,_vig_stem,0.894126
20,4,9,vig_tiny,cifar10,0.3,1,_vig_blocks.0,0.803941
20,4,9,vig_tiny,cifar10,0.3,2,_vig_blocks.1,0.795984
20,4,9,vig_tiny,cifar10,0.3,3,_vig_blocks.2,0.800443
20,4,9,vig_tiny,cifar10,0.3,4,_vig_blocks.3,0.791189
20,4,9,vig_tiny,cifar10,0.3,5,_vig_blocks.4,0.800199
20,4,9,vig_tiny,cifar10,0.3,6,_vig_blocks.5,0.805526
20,4,9,vig_tiny,cifar10,0.3,7,_vig_blocks.6,0.800876
20,4,9,vig_tiny,cifar10,0.3,8,_vig_blocks.7,0.785354
20,4,9,vig_tiny,cifar10,0.3,9,_vig_blocks.8,0.761730
20,4,9,vig_tiny,cifar10,0.3,10,_vig_blocks.9,0.734790
20,4,9,vig_tiny,cifar10,0.3,11,_vig_blocks.10,0.696117
20,4,9,vig_tiny,cifar10,0.3,12,_vig_blocks.11,0.663377
20,4,9,vig_tiny,cifar10,0.3,13,classifier,0.572634
20,5,6,vig_tiny,cifar10,0.3,0,_vig_stem,0.824438
20,5,6,vig_tiny,cifar10,0.3,1,_vig_blocks.0,0.753401
20,5,6,vig_tiny,cifar10,0.3,2,_vig_blocks.1,0.770690
20,5,6,vig_tiny,cifar10,0.3,3,_vig_blocks.2,0.755983
20,5,6,vig_tiny,cifar10,0.3,4,_vig_blocks.3,0.770938
20,5,6,vig_tiny,cifar10,0.3,5,_vig_blocks.4,0.770049
20,5,6,vig_tiny,cifar10,0.3,6,_vig_blocks.5,0.762588
20,5,6,vig_tiny,cifar10,0.3,7,_vig_blocks.6,0.744966
20,5,6,vig_tiny,cifar10,0.3,8,_vig_blocks.7,0.727942
20,5,6,vig_tiny,cifar10,0.3,9,_vig_blocks.8,0.728969
20,5,6,vig_tiny,cifar10,0.3,10,_vig_blocks.9,0.718667
20,5,6,vig_tiny,cifar10,0.3,11,_vig_blocks.10,0.688141
20,5,6,vig_tiny,cifar10,0.3,12,_vig_blocks.11,0.660044
20,5,6,vig_tiny,cifar10,0.3,13,classifier,0.543527
20,5,7,vig_tiny,cifar10,0.3,0,_vig_stem,0.874036
20,5,7,vig_tiny,cifar10,0.3,1,_vig_blocks.0,0.821009
20,5,7,vig_tiny,cifar10,0.3,2,_vig_blocks.1,0.801717
20,5,7,vig_tiny,cifar10,0.3,3,_vig_blocks.2,0.803405
20,5,7,vig_tiny,cifar10,0.3,4,_vig_blocks.3,0.795071
20,5,7,vig_tiny,cifar10,0.3,5,_vig_blocks.4,0.800981
20,5,7,vig_tiny,cifar10,0.3,6,_vig_blocks.5,0.799739
20,5,7,vig_tiny,cifar10,0.3,7,_vig_blocks.6,0.797953
20,5,7,vig_tiny,cifar10,0.3,8,_vig_blocks.7,0.786639
20,5,7,vig_tiny,cifar10,0.3,9,_vig_blocks.8,0.766322
20,5,7,vig_tiny,cifar10,0.3,10,_vig_blocks.9,0.741546
20,5,7,vig_tiny,cifar10,0.3,11,_vig_blocks.10,0.711241
20,5,7,vig_tiny,cifar10,0.3,12,_vig_blocks.11,0.681088
20,5,7,vig_tiny,cifar10,0.3,13,classifier,0.604846
20,5,8,vig_tiny,cifar10,0.3,0,_vig_stem,0.874426
20,5,8,vig_tiny,cifar10,0.3,1,_vig_blocks.0,0.835999
20,5,8,vig_tiny,cifar10,0.3,2,_vig_blocks.1,0.839342
20,5,8,vig_tiny,cifar10,0.3,3,_vig_blocks.2,0.819180
20,5,8,vig_tiny,cifar10,0.3,4,_vig_blocks.3,0.817285
20,5,8,vig_tiny,cifar10,0.3,5,_vig_blocks.4,0.805011
20,5,8,vig_tiny,cifar10,0.3,6,_vig_blocks.5,0.793696
20,5,8,vig_tiny,cifar10,0.3,7,_vig_blocks.6,0.780627
20,5,8,vig_tiny,cifar10,0.3,8,_vig_blocks.7,0.752499
20,5,8,vig_tiny,cifar10,0.3,9,_vig_blocks.8,0.709004
20,5,8,vig_tiny,cifar10,0.3,10,_vig_blocks.9,0.650332
20,5,8,vig_tiny,cifar10,0.3,11,_vig_blocks.10,0.594277
20,5,8,vig_tiny,cifar10,0.3,12,_vig_blocks.11,0.531461
20,5,8,vig_tiny,cifar10,0.3,13,classifier,0.580743
20,5,9,vig_tiny,cifar10,0.3,0,_vig_stem,0.879772
20,5,9,vig_tiny,cifar10,0.3,1,_vig_blocks.0,0.767474
20,5,9,vig_tiny,cifar10,0.3,2,_vig_blocks.1,0.753435
20,5,9,vig_tiny,cifar10,0.3,3,_vig_blocks.2,0.763147
20,5,9,vig_tiny,cifar10,0.3,4,_vig_blocks.3,0.753353
20,5,9,vig_tiny,cifar10,0.3,5,_vig_blocks.4,0.762809
20,5,9,vig_tiny,cifar10,0.3,6,_vig_blocks.5,0.775943
20,5,9,vig_tiny,cifar10,0.3,7,_vig_blocks.6,0.759789
20,5,9,vig_tiny,cifar10,0.3,8,_vig_blocks.7,0.745707
20,5,9,vig_tiny,cifar10,0.3,9,_vig_blocks.8,0.718595
20,5,9,vig_tiny,cifar10,0.3,10,_vig_blocks.9,0.688345
20,5,9,vig_tiny,cifar10,0.3,11,_vig_blocks.10,0.660960
20,5,9,vig_tiny,cifar10,0.3,12,_vig_blocks.11,0.631860
20,5,9,vig_tiny,cifar10,0.3,13,classifier,0.544086
20,6,7,vig_tiny,cifar10,0.3,0,_vig_stem,0.839502
20,6,7,vig_tiny,cifar10,0.3,1,_vig_blocks.0,0.784593
20,6,7,vig_tiny,cifar10,0.3,2,_vig_blocks.1,0.806474
20,6,7,vig_tiny,cifar10,0.3,3,_vig_blocks.2,0.810272
20,6,7,vig_tiny,cifar10,0.3,4,_vig_blocks.3,0.806202
20,6,7,vig_tiny,cifar10,0.3,5,_vig_blocks.4,0.819262
20,6,7,vig_tiny,cifar10,0.3,6,_vig_blocks.5,0.813029
20,6,7,vig_tiny,cifar10,0.3,7,_vig_blocks.6,0.798883
20,6,7,vig_tiny,cifar10,0.3,8,_vig_blocks.7,0.794013
20,6,7,vig_tiny,cifar10,0.3,9,_vig_blocks.8,0.776053
20,6,7,vig_tiny,cifar10,0.3,10,_vig_blocks.9,0.764524
20,6,7,vig_tiny,cifar10,0.3,11,_vig_blocks.10,0.730908
20,6,7,vig_tiny,cifar10,0.3,12,_vig_blocks.11,0.692176
20,6,7,vig_tiny,cifar10,0.3,13,classifier,0.558396
20,6,8,vig_tiny,cifar10,0.3,0,_vig_stem,0.883865
20,6,8,vig_tiny,cifar10,0.3,1,_vig_blocks.0,0.836824
20,6,8,vig_tiny,cifar10,0.3,2,_vig_blocks.1,0.839037
20,6,8,vig_tiny,cifar10,0.3,3,_vig_blocks.2,0.830909
20,6,8,vig_tiny,cifar10,0.3,4,_vig_blocks.3,0.821727
20,6,8,vig_tiny,cifar10,0.3,5,_vig_blocks.4,0.825506
20,6,8,vig_tiny,cifar10,0.3,6,_vig_blocks.5,0.822456
20,6,8,vig_tiny,cifar10,0.3,7,_vig_blocks.6,0.814920
20,6,8,vig_tiny,cifar10,0.3,8,_vig_blocks.7,0.802668
20,6,8,vig_tiny,cifar10,0.3,9,_vig_blocks.8,0.778712
20,6,8,vig_tiny,cifar10,0.3,10,_vig_blocks.9,0.756130
20,6,8,vig_tiny,cifar10,0.3,11,_vig_blocks.10,0.732584
20,6,8,vig_tiny,cifar10,0.3,12,_vig_blocks.11,0.699959
20,6,8,vig_tiny,cifar10,0.3,13,classifier,0.797170
20,6,9,vig_tiny,cifar10,0.3,0,_vig_stem,0.847998
20,6,9,vig_tiny,cifar10,0.3,1,_vig_blocks.0,0.742808
20,6,9,vig_tiny,cifar10,0.3,2,_vig_blocks.1,0.756376
20,6,9,vig_tiny,cifar10,0.3,3,_vig_blocks.2,0.782069
20,6,9,vig_tiny,cifar10,0.3,4,_vig_blocks.3,0.787842
20,6,9,vig_tiny,cifar10,0.3,5,_vig_blocks.4,0.792569
20,6,9,vig_tiny,cifar10,0.3,6,_vig_blocks.5,0.790471
20,6,9,vig_tiny,cifar10,0.3,7,_vig_blocks.6,0.770147
20,6,9,vig_tiny,cifar10,0.3,8,_vig_blocks.7,0.754974
20,6,9,vig_tiny,cifar10,0.3,9,_vig_blocks.8,0.737413
20,6,9,vig_tiny,cifar10,0.3,10,_vig_blocks.9,0.720529
20,6,9,vig_tiny,cifar10,0.3,11,_vig_blocks.10,0.690792
20,6,9,vig_tiny,cifar10,0.3,12,_vig_blocks.11,0.661192
20,6,9,vig_tiny,cifar10,0.3,13,classifier,0.401924
20,7,8,vig_tiny,cifar10,0.3,0,_vig_stem,0.891183
20,7,8,vig_tiny,cifar10,0.3,1,_vig_blocks.0,0.857663
20,7,8,vig_tiny,cifar10,0.3,2,_vig_blocks.1,0.870682
20,7,8,vig_tiny,cifar10,0.3,3,_vig_blocks.2,0.862485
20,7,8,vig_tiny,cifar10,0.3,4,_vig_blocks.3,0.869143
20,7,8,vig_tiny,cifar10,0.3,5,_vig_blocks.4,0.853279
20,7,8,vig_tiny,cifar10,0.3,6,_vig_blocks.5,0.855290
20,7,8,vig_tiny,cifar10,0.3,7,_vig_blocks.6,0.848600
20,7,8,vig_tiny,cifar10,0.3,8,_vig_blocks.7,0.842091
20,7,8,vig_tiny,cifar10,0.3,9,_vig_blocks.8,0.801545
20,7,8,vig_tiny,cifar10,0.3,10,_vig_blocks.9,0.766335
20,7,8,vig_tiny,cifar10,0.3,11,_vig_blocks.10,0.697801
20,7,8,vig_tiny,cifar10,0.3,12,_vig_blocks.11,0.633347
20,7,8,vig_tiny,cifar10,0.3,13,classifier,0.602013
20,7,9,vig_tiny,cifar10,0.3,0,_vig_stem,0.846206
20,7,9,vig_tiny,cifar10,0.3,1,_vig_blocks.0,0.727279
20,7,9,vig_tiny,cifar10,0.3,2,_vig_blocks.1,0.722187
20,7,9,vig_tiny,cifar10,0.3,3,_vig_blocks.2,0.737793
20,7,9,vig_tiny,cifar10,0.3,4,_vig_blocks.3,0.721619
20,7,9,vig_tiny,cifar10,0.3,5,_vig_blocks.4,0.743487
20,7,9,vig_tiny,cifar10,0.3,6,_vig_blocks.5,0.745840
20,7,9,vig_tiny,cifar10,0.3,7,_vig_blocks.6,0.733766
20,7,9,vig_tiny,cifar10,0.3,8,_vig_blocks.7,0.723185
20,7,9,vig_tiny,cifar10,0.3,9,_vig_blocks.8,0.697918
20,7,9,vig_tiny,cifar10,0.3,10,_vig_blocks.9,0.655282
20,7,9,vig_tiny,cifar10,0.3,11,_vig_blocks.10,0.620884
20,7,9,vig_tiny,cifar10,0.3,12,_vig_blocks.11,0.583065
20,7,9,vig_tiny,cifar10,0.3,13,classifier,0.409776
20,8,9,vig_tiny,cifar10,0.3,0,_vig_stem,0.892767
20,8,9,vig_tiny,cifar10,0.3,1,_vig_blocks.0,0.800343
20,8,9,vig_tiny,cifar10,0.3,2,_vig_blocks.1,0.787083
20,8,9,vig_tiny,cifar10,0.3,3,_vig_blocks.2,0.797286
20,8,9,vig_tiny,cifar10,0.3,4,_vig_blocks.3,0.778507
20,8,9,vig_tiny,cifar10,0.3,5,_vig_blocks.4,0.788736
20,8,9,vig_tiny,cifar10,0.3,6,_vig_blocks.5,0.790139
20,8,9,vig_tiny,cifar10,0.3,7,_vig_blocks.6,0.781199
20,8,9,vig_tiny,cifar10,0.3,8,_vig_blocks.7,0.749087
20,8,9,vig_tiny,cifar10,0.3,9,_vig_blocks.8,0.691273
20,8,9,vig_tiny,cifar10,0.3,10,_vig_blocks.9,0.632500
20,8,9,vig_tiny,cifar10,0.3,11,_vig_blocks.10,0.568991
20,8,9,vig_tiny,cifar10,0.3,12,_vig_blocks.11,0.481118
20,8,9,vig_tiny,cifar10,0.3,13,classifier,0.341457
30,0,1,vig_tiny,cifar10,0.3,0,_vig_stem,0.838770
30,0,1,vig_tiny,cifar10,0.3,1,_vig_blocks.0,0.782894
30,0,1,vig_tiny,cifar10,0.3,2,_vig_blocks.1,0.780908
30,0,1,vig_tiny,cifar10,0.3,3,_vig_blocks.2,0.766259
30,0,1,vig_tiny,cifar10,0.3,4,_vig_blocks.3,0.746555
30,0,1,vig_tiny,cifar10,0.3,5,_vig_blocks.4,0.739451
30,0,1,vig_tiny,cifar10,0.3,6,_vig_blocks.5,0.744042
30,0,1,vig_tiny,cifar10,0.3,7,_vig_blocks.6,0.737684
30,0,1,vig_tiny,cifar10,0.3,8,_vig_blocks.7,0.736023
30,0,1,vig_tiny,cifar10,0.3,9,_vig_blocks.8,0.746198
30,0,1,vig_tiny,cifar10,0.3,10,_vig_blocks.9,0.736191
30,0,1,vig_tiny,cifar10,0.3,11,_vig_blocks.10,0.720965
30,0,1,vig_tiny,cifar10,0.3,12,_vig_blocks.11,0.712603
30,0,1,vig_tiny,cifar10,0.3,13,classifier,0.686770
30,0,2,vig_tiny,cifar10,0.3,0,_vig_stem,0.867485
30,0,2,vig_tiny,cifar10,0.3,1,_vig_blocks.0,0.811777
30,0,2,vig_tiny,cifar10,0.3,2,_vig_blocks.1,0.783240
30,0,2,vig_tiny,cifar10,0.3,3,_vig_blocks.2,0.740068
30,0,2,vig_tiny,cifar10,0.3,4,_vig_blocks.3,0.709996
30,0,2,vig_tiny,cifar10,0.3,5,_vig_blocks.4,0.736823
30,0,2,vig_tiny,cifar10,0.3,6,_vig_blocks.5,0.716506
30,0,2,vig_tiny,cifar10,0.3,7,_vig_blocks.6,0.714655
30,0,2,vig_tiny,cifar10,0.3,8,_vig_blocks.7,0.708710
30,0,2,vig_tiny,cifar10,0.3,9,_vig_blocks.8,0.687790
30,0,2,vig_tiny,cifar10,0.3,10,_vig_blocks.9,0.680340
30,0,2,vig_tiny,cifar10,0.3,11,_vig_blocks.10,0.673327
30,0,2,vig_tiny,cifar10,0.3,12,_vig_blocks.11,0.690786
30,0,2,vig_tiny,cifar10,0.3,13,classifier,0.717162
30,0,3,vig_tiny,cifar10,0.3,0,_vig_stem,0.872721
30,0,3,vig_tiny,cifar10,0.3,1,_vig_blocks.0,0.831014
30,0,3,vig_tiny,cifar10,0.3,2,_vig_blocks.1,0.832490
30,0,3,vig_tiny,cifar10,0.3,3,_vig_blocks.2,0.847251
30,0,3,vig_tiny,cifar10,0.3,4,_vig_blocks.3,0.852005
30,0,3,vig_tiny,cifar10,0.3,5,_vig_blocks.4,0.851949
30,0,3,vig_tiny,cifar10,0.3,6,_vig_blocks.5,0.854358
30,0,3,vig_tiny,cifar10,0.3,7,_vig_blocks.6,0.849247
30,0,3,vig_tiny,cifar10,0.3,8,_vig_blocks.7,0.841053
30,0,3,vig_tiny,cifar10,0.3,9,_vig_blocks.8,0.817991
30,0,3,vig_tiny,cifar10,0.3,10,_vig_blocks.9,0.796716
30,0,3,vig_tiny,cifar10,0.3,11,_vig_blocks.10,0.771330
30,0,3,vig_tiny,cifar10,0.3,12,_vig_blocks.11,0.738032
30,0,3,vig_tiny,cifar10,0.3,13,classifier,0.621219
30,0,4,vig_tiny,cifar10,0.3,0,_vig_stem,0.865924
30,0,4,vig_tiny,cifar10,0.3,1,_vig_blocks.0,0.813495
30,0,4,vig_tiny,cifar10,0.3,2,_vig_blocks.1,0.792731
30,0,4,vig_tiny,cifar10,0.3,3,_vig_blocks.2,0.781387
30,0,4,vig_tiny,cifar10,0.3,4,_vig_blocks.3,0.786020
30,0,4,vig_tiny,cifar10,0.3,5,_vig_blocks.4,0.803659
30,0,4,vig_tiny,cifar10,0.3,6,_vig_blocks.5,0.786522
30,0,4,vig_tiny,cifar10,0.3,7,_vig_blocks.6,0.778733
30,0,4,vig_tiny,cifar10,0.3,8,_vig_blocks.7,0.754753
30,0,4,vig_tiny,cifar10,0.3,9,_vig_blocks.8,0.713563
30,0,4,vig_tiny,cifar10,0.3,10,_vig_blocks.9,0.668163
30,0,4,vig_tiny,cifar10,0.3,11,_vig_blocks.10,0.637793
30,0,4,vig_tiny,cifar10,0.3,12,_vig_blocks.11,0.629645
30,0,4,vig_tiny,cifar10,0.3,13,classifier,0.589255
30,0,5,vig_tiny,cifar10,0.3,0,_vig_stem,0.924601
30,0,5,vig_tiny,cifar10,0.3,1,_vig_blocks.0,0.901635
30,0,5,vig_tiny,cifar10,0.3,2,_vig_blocks.1,0.887847
30,0,5,vig_tiny,cifar10,0.3,3,_vig_blocks.2,0.868172
30,0,5,vig_tiny,cifar10,0.3,4,_vig_blocks.3,0.855848
30,0,5,vig_tiny,cifar10,0.3,5,_vig_blocks.4,0.851298
30,0,5,vig_tiny,cifar10,0.3,6,_vig_blocks.5,0.843736
30,0,5,vig_tiny,cifar10,0.3,7,_vig_blocks.6,0.842107
30,0,5,vig_tiny,cifar10,0.3,8,_vig_blocks.7,0.833313
30,0,5,vig_tiny,cifar10,0.3,9,_vig_blocks.8,0.810464
30,0,5,vig_tiny,cifar10,0.3,10,_vig_blocks.9,0.790921
30,0,5,vig_tiny,cifar10,0.3,11,_vig_blocks.10,0.755609
30,0,5,vig_tiny,cifar10,0.3,12,_vig_blocks.11,0.728801
30,0,5,vig_tiny,cifar10,0.3,13,classifier,0.710906
30,0,6,vig_tiny,cifar10,0.3,0,_vig_stem,0.822704
30,0,6,vig_tiny,cifar10,0.3,1,_vig_blocks.0,0.757208
30,0,6,vig_tiny,cifar10,0.3,2,_vig_blocks.1,0.725400
30,0,6,vig_tiny,cifar10,0.3,3,_vig_blocks.2,0.706005
30,0,6,vig_tiny,cifar10,0.3,4,_vig_blocks.3,0.725649
30,0,6,vig_tiny,cifar10,0.3,5,_vig_blocks.4,0.738254
30,0,6,vig_tiny,cifar10,0.3,6,_vig_blocks.5,0.741212
30,0,6,vig_tiny,cifar10,0.3,7,_vig_blocks.6,0.736570
30,0,6,vig_tiny,cifar10,0.3,8,_vig_blocks.7,0.721426
30,0,6,vig_tiny,cifar10,0.3,9,_vig_blocks.8,0.694120
30,0,6,vig_tiny,cifar10,0.3,10,_vig_blocks.9,0.666487
30,0,6,vig_tiny,cifar10,0.3,11,_vig_blocks.10,0.638423
30,0,6,vig_tiny,cifar10,0.3,12,_vig_blocks.11,0.622768
30,0,6,vig_tiny,cifar10,0.3,13,classifier,0.623973
30,0,7,vig_tiny,cifar10,0.3,0,_vig_stem,0.884201
30,0,7,vig_tiny,cifar10,0.3,1,_vig_blocks.0,0.870587
30,0,7,vig_tiny,cifar10,0.3,2,_vig_blocks.1,0.873951
30,0,7,vig_tiny,cifar10,0.3,3,_vig_blocks.2,0.854293
30,0,7,vig_tiny,cifar10,0.3,4,_vig_blocks.3,0.836553
30,0,7,vig_tiny,cifar10,0.3,5,_vig_blocks.4,0.841025
30,0,7,vig_tiny,cifar10,0.3,6,_vig_blocks.5,0.831314
30,0,7,vig_tiny,cifar10,0.3,7,_vig_blocks.6,0.822073
30,0,7,vig_tiny,cifar10,0.3,8,_vig_blocks.7,0.804542
30,0,7,vig_tiny,cifar10,0.3,9,_vig_blocks.8,0.783958
30,0,7,vig_tiny,cifar10,0.3,10,_vig_blocks.9,0.772953
30,0,7,vig_tiny,cifar10,0.3,11,_vig_blocks.10,0.762616
30,0,7,vig_tiny,cifar10,0.3,12,_vig_blocks.11,0.762387
30,0,7,vig_tiny,cifar10,0.3,13,classifier,0.732853
30,0,8,vig_tiny,cifar10,0.3,0,_vig_stem,0.902805
30,0,8,vig_tiny,cifar10,0.3,1,_vig_blocks.0,0.878664
30,0,8,vig_tiny,cifar10,0.3,2,_vig_blocks.1,0.847591
30,0,8,vig_tiny,cifar10,0.3,3,_vig_blocks.2,0.819091
30,0,8,vig_tiny,cifar10,0.3,4,_vig_blocks.3,0.803566
30,0,8,vig_tiny,cifar10,0.3,5,_vig_blocks.4,0.802931
30,0,8,vig_tiny,cifar10,0.3,6,_vig_blocks.5,0.790618
30,0,8,vig_tiny,cifar10,0.3,7,_vig_blocks.6,0.784537
30,0,8,vig_tiny,cifar10,0.3,8,_vig_blocks.7,0.763985
30,0,8,vig_tiny,cifar10,0.3,9,_vig_blocks.8,0.708899
30,0,8,vig_tiny,cifar10,0.3,10,_vig_blocks.9,0.644921
30,0,8,vig_tiny,cifar10,0.3,11,_vig_blocks.10,0.591398
30,0,8,vig_tiny,cifar10,0.3,12,_vig_blocks.11,0.541758
30,0,8,vig_tiny,cifar10,0.3,13,classifier,0.449387
30,0,9,vig_tiny,cifar10,0.3,0,_vig_stem,0.849753
30,0,9,vig_tiny,cifar10,0.3,1,_vig_blocks.0,0.751416
30,0,9,vig_tiny,cifar10,0.3,2,_vig_blocks.1,0.726375
30,0,9,vig_tiny,cifar10,0.3,3,_vig_blocks.2,0.710504
30,0,9,vig_tiny,cifar10,0.3,4,_vig_blocks.3,0.698832
30,0,9,vig_tiny,cifar10,0.3,5,_vig_blocks.4,0.681144
30,0,9,vig_tiny,cifar10,0.3,6,_vig_blocks.5,0.688434
30,0,9,vig_tiny,cifar10,0.3,7,_vig_blocks.6,0.676771
30,0,9,vig_tiny,cifar10,0.3,8,_vig_blocks.7,0.661744
30,0,9,vig_tiny,cifar10,0.3,9,_vig_blocks.8,0.647296
30,0,9,vig_tiny,cifar10,0.3,10,_vig_blocks.9,0.623313
30,0,9,vig_tiny,cifar10,0.3,11,_vig_blocks.10,0.598869
30,0,9,vig_tiny,cifar10,0.3,12,_vig_blocks.11,0.592270
30,0,9,vig_tiny,cifar10,0.3,13,classifier,0.640317
30,1,2,vig_tiny,cifar10,0.3,0,_vig_stem,0.837689
30,1,2,vig_tiny,cifar10,0.3,1,_vig_blocks.0,0.737564
30,1,2,vig_tiny,cifar10,0.3,2,_vig_blocks.1,0.697068
30,1,2,vig_tiny,cifar10,0.3,3,_vig_blocks.2,0.682359
30,1,2,vig_tiny,cifar10,0.3,4,_vig_blocks.3,0.666771
30,1,2,vig_tiny,cifar10,0.3,5,_vig_blocks.4,0.674979
30,1,2,vig_tiny,cifar10,0.3,6,_vig_blocks.5,0.654491
30,1,2,vig_tiny,cifar10,0.3,7,_vig_blocks.6,0.645640
30,1,2,vig_tiny,cifar10,0.3,8,_vig_blocks.7,0.637685
30,1,2,vig_tiny,cifar10,0.3,9,_vig_blocks.8,0.628301
30,1,2,vig_tiny,cifar10,0.3,10,_vig_blocks.9,0.615698
30,1,2,vig_tiny,cifar10,0.3,11,_vig_blocks.10,0.597798
30,1,2,vig_tiny,cifar10,0.3,12,_vig_blocks.11,0.599326
30,1,2,vig_tiny,cifar10,0.3,13,classifier,0.552557
30,1,3,vig_tiny,cifar10,0.3,0,_vig_stem,0.893222
30,1,3,vig_tiny,cifar10,0.3,1,_vig_blocks.0,0.814772
30,1,3,vig_tiny,cifar10,0.3,2,_vig_blocks.1,0.796279
30,1,3,vig_tiny,cifar10,0.3,3,_vig_blocks.2,0.789865
30,1,3,vig_tiny,cifar10,0.3,4,_vig_blocks.3,0.801570
30,1,3,vig_tiny,cifar10,0.3,5,_vig_blocks.4,0.794546
30,1,3,vig_tiny,cifar10,0.3,6,_vig_blocks.5,0.792555
30,1,3,vig_tiny,cifar10,0.3,7,_vig_blocks.6,0.788913
30,1,3,vig_tiny,cifar10,0.3,8,_vig_blocks.7,0.784476
30,1,3,vig_tiny,cifar10,0.3,9,_vig_blocks.8,0.782327
30,1,3,vig_tiny,cifar10,0.3,10,_vig_blocks.9,0.765777
30,1,3,vig_tiny,cifar10,0.3,11,_vig_blocks.10,0.733843
30,1,3,vig_tiny,cifar10,0.3,12,_vig_blocks.11,0.692377
30,1,3,vig_tiny,cifar10,0.3,13,classifier,0.653613
30,1,4,vig_tiny,cifar10,0.3,0,_vig_stem,0.825914
30,1,4,vig_tiny,cifar10,0.3,1,_vig_blocks.0,0.742973
30,1,4,vig_tiny,cifar10,0.3,2,_vig_blocks.1,0.684064
30,1,4,vig_tiny,cifar10,0.3,3,_vig_blocks.2,0.696709
30,1,4,vig_tiny,cifar10,0.3,4,_vig_blocks.3,0.716217
30,1,4,vig_tiny,cifar10,0.3,5,_vig_blocks.4,0.729355
30,1,4,vig_tiny,cifar10,0.3,6,_vig_blocks.5,0.722771
30,1,4,vig_tiny,cifar10,0.3,7,_vig_blocks.6,0.714806
30,1,4,vig_tiny,cifar10,0.3,8,_vig_blocks.7,0.694528
30,1,4,vig_tiny,cifar10,0.3,9,_vig_blocks.8,0.671976
30,1,4,vig_tiny,cifar10,0.3,10,_vig_blocks.9,0.623975
30,1,4,vig_tiny,cifar10,0.3,11,_vig_blocks.10,0.595252
30,1,4,vig_tiny,cifar10,0.3,12,_vig_blocks.11,0.575987
30,1,4,vig_tiny,cifar10,0.3,13,classifier,0.557653
30,1,5,vig_tiny,cifar10,0.3,0,_vig_stem,0.858228
30,1,5,vig_tiny,cifar10,0.3,1,_vig_blocks.0,0.811145
30,1,5,vig_tiny,cifar10,0.3,2,_vig_blocks.1,0.799458
30,1,5,vig_tiny,cifar10,0.3,3,_vig_blocks.2,0.811753
30,1,5,vig_tiny,cifar10,0.3,4,_vig_blocks.3,0.827256
30,1,5,vig_tiny,cifar10,0.3,5,_vig_blocks.4,0.825822
30,1,5,vig_tiny,cifar10,0.3,6,_vig_blocks.5,0.826593
30,1,5,vig_tiny,cifar10,0.3,7,_vig_blocks.6,0.816794
30,1,5,vig_tiny,cifar10,0.3,8,_vig_blocks.7,0.805249
30,1,5,vig_tiny,cifar10,0.3,9,_vig_blocks.8,0.807734
30,1,5,vig_tiny,cifar10,0.3,10,_vig_blocks.9,0.783673
30,1,5,vig_tiny,cifar10,0.3,11,_vig_blocks.10,0.764602
30,1,5,vig_tiny,cifar10,0.3,12,_vig_blocks.11,0.741016
30,1,5,vig_tiny,cifar10,0.3,13,classifier,0.645201
30,1,6,vig_tiny,cifar10,0.3,0,_vig_stem,0.809033
30,1,6,vig_tiny,cifar10,0.3,1,_vig_blocks.0,0.734453
30,1,6,vig_tiny,cifar10,0.3,2,_vig_blocks.1,0.703511
30,1,6,vig_tiny,cifar10,0.3,3,_vig_blocks.2,0.687777
30,1,6,vig_tiny,cifar10,0.3,4,_vig_blocks.3,0.704288
30,1,6,vig_tiny,cifar10,0.3,5,_vig_blocks.4,0.690185
30,1,6,vig_tiny,cifar10,0.3,6,_vig_blocks.5,0.680561
30,1,6,vig_tiny,cifar10,0.3,7,_vig_blocks.6,0.677332
30,1,6,vig_tiny,cifar10,0.3,8,_vig_blocks.7,0.668335
30,1,6,vig_tiny,cifar10,0.3,9,_vig_blocks.8,0.660303
30,1,6,vig_tiny,cifar10,0.3,10,_vig_blocks.9,0.631111
30,1,6,vig_tiny,cifar10,0.3,11,_vig_blocks.10,0.604456
30,1,6,vig_tiny,cifar10,0.3,12,_vig_blocks.11,0.581255
30,1,6,vig_tiny,cifar10,0.3,13,classifier,0.572930
30,1,7,vig_tiny,cifar10,0.3,0,_vig_stem,0.821794
30,1,7,vig_tiny,cifar10,0.3,1,_vig_blocks.0,0.740668
30,1,7,vig_tiny,cifar10,0.3,2,_vig_blocks.1,0.720493
30,1,7,vig_tiny,cifar10,0.3,3,_vig_blocks.2,0.738258
30,1,7,vig_tiny,cifar10,0.3,4,_vig_blocks.3,0.737630
30,1,7,vig_tiny,cifar10,0.3,5,_vig_blocks.4,0.743021
30,1,7,vig_tiny,cifar10,0.3,6,_vig_blocks.5,0.738573
30,1,7,vig_tiny,cifar10,0.3,7,_vig_blocks.6,0.722538
30,1,7,vig_tiny,cifar10,0.3,8,_vig_blocks.7,0.706319
30,1,7,vig_tiny,cifar10,0.3,9,_vig_blocks.8,0.702465
30,1,7,vig_tiny,cifar10,0.3,10,_vig_blocks.9,0.682907
30,1,7,vig_tiny,cifar10,0.3,11,_vig_blocks.10,0.673727
30,1,7,vig_tiny,cifar10,0.3,12,_vig_blocks.11,0.661111
30,1,7,vig_tiny,cifar10,0.3,13,classifier,0.663316
30,1,8,vig_tiny,cifar10,0.3,0,_vig_stem,0.855733
30,1,8,vig_tiny,cifar10,0.3,1,_vig_blocks.0,0.779348
30,1,8,vig_tiny,cifar10,0.3,2,_vig_blocks.1,0.744617
30,1,8,vig_tiny,cifar10,0.3,3,_vig_blocks.2,0.755090
30,1,8,vig_tiny,cifar10,0.3,4,_vig_blocks.3,0.766016
30,1,8,vig_tiny,cifar10,0.3,5,_vig_blocks.4,0.783273
30,1,8,vig_tiny,cifar10,0.3,6,_vig_blocks.5,0.768807
30,1,8,vig_tiny,cifar10,0.3,7,_vig_blocks.6,0.752524
30,1,8,vig_tiny,cifar10,0.3,8,_vig_blocks.7,0.734395
30,1,8,vig_tiny,cifar10,0.3,9,_vig_blocks.8,0.706625
30,1,8,vig_tiny,cifar10,0.3,10,_vig_blocks.9,0.642599
30,1,8,vig_tiny,cifar10,0.3,11,_vig_blocks.10,0.595686
30,1,8,vig_tiny,cifar10,0.3,12,_vig_blocks.11,0.527097
30,1,8,vig_tiny,cifar10,0.3,13,classifier,0.405036
30,1,9,vig_tiny,cifar10,0.3,0,_vig_stem,0.828423
30,1,9,vig_tiny,cifar10,0.3,1,_vig_blocks.0,0.757135
30,1,9,vig_tiny,cifar10,0.3,2,_vig_blocks.1,0.732204
30,1,9,vig_tiny,cifar10,0.3,3,_vig_blocks.2,0.743647
30,1,9,vig_tiny,cifar10,0.3,4,_vig_blocks.3,0.738728
30,1,9,vig_tiny,cifar10,0.3,5,_vig_blocks.4,0.733271
30,1,9,vig_tiny,cifar10,0.3,6,_vig_blocks.5,0.723926
30,1,9,vig_tiny,cifar10,0.3,7,_vig_blocks.6,0.706664
30,1,9,vig_tiny,cifar10,0.3,8,_vig_blocks.7,0.693644
30,1,9,vig_tiny,cifar10,0.3,9,_vig_blocks.8,0.680891
30,1,9,vig_tiny,cifar10,0.3,10,_vig_blocks.9,0.661132
30,1,9,vig_tiny,cifar10,0.3,11,_vig_blocks.10,0.640822
30,1,9,vig_tiny,cifar10,0.3,12,_vig_blocks.11,0.625586
30,1,9,vig_tiny,cifar10,0.3,13,classifier,0.645818
30,2,3,vig_tiny,cifar10,0.3,0,_vig_stem,0.854927
30,2,3,vig_tiny,cifar10,0.3,1,_vig_blocks.0,0.744846
30,2,3,vig_tiny,cifar10,0.3,2,_vig_blocks.1,0.739089
30,2,3,vig_tiny,cifar10,0.3,3,_vig_blocks.2,0.715864
30,2,3,vig_tiny,cifar10,0.3,4,_vig_blocks.3,0.719544
30,2,3,vig_tiny,cifar10,0.3,5,_vig_blocks.4,0.736015
30,2,3,vig_tiny,cifar10,0.3,6,_vig_blocks.5,0.719178
30,2,3,vig_tiny,cifar10,0.3,7,_vig_blocks.6,0.719592
30,2,3,vig_tiny,cifar10,0.3,8,_vig_blocks.7,0.712823
30,2,3,vig_tiny,cifar10,0.3,9,_vig_blocks.8,0.690193
30,2,3,vig_tiny,cifar10,0.3,10,_vig_blocks.9,0.676449
30,2,3,vig_tiny,cifar10,0.3,11,_vig_blocks.10,0.645852
30,2,3,vig_tiny,cifar10,0.3,12,_vig_blocks.11,0.628007
30,2,3,vig_tiny,cifar10,0.3,13,classifier,0.456153
30,2,4,vig_tiny,cifar10,0.3,0,_vig_stem,0.909604
30,2,4,vig_tiny,cifar10,0.3,1,_vig_blocks.0,0.847157
30,2,4,vig_tiny,cifar10,0.3,2,_vig_blocks.1,0.832896
30,2,4,vig_tiny,cifar10,0.3,3,_vig_blocks.2,0.796067
30,2,4,vig_tiny,cifar10,0.3,4,_vig_blocks.3,0.806635
30,2,4,vig_tiny,cifar10,0.3,5,_vig_blocks.4,0.809004
30,2,4,vig_tiny,cifar10,0.3,6,_vig_blocks.5,0.796601
30,2,4,vig_tiny,cifar10,0.3,7,_vig_blocks.6,0.777559
30,2,4,vig_tiny,cifar10,0.3,8,_vig_blocks.7,0.757051
30,2,4,vig_tiny,cifar10,0.3,9,_vig_blocks.8,0.730257
30,2,4,vig_tiny,cifar10,0.3,10,_vig_blocks.9,0.719114
30,2,4,vig_tiny,cifar10,0.3,11,_vig_blocks.10,0.687597
30,2,4,vig_tiny,cifar10,0.3,12,_vig_blocks.11,0.693368
30,2,4,vig_tiny,cifar10,0.3,13,classifier,0.672775
30,2,5,vig_tiny,cifar10,0.3,0,_vig_stem,0.876247
30,2,5,vig_tiny,cifar10,0.3,1,_vig_blocks.0,0.831902
30,2,5,vig_tiny,cifar10,0.3,2,_vig_blocks.1,0.832936
30,2,5,vig_tiny,cifar10,0.3,3,_vig_blocks.2,0.786016
30,2,5,vig_tiny,cifar10,0.3,4,_vig_blocks.3,0.758886
30,2,5,vig_tiny,cifar10,0.3,5,_vig_blocks.4,0.765545
30,2,5,vig_tiny,cifar10,0.3,6,_vig_blocks.5,0.756886
30,2,5,vig_tiny,cifar10,0.3,7,_vig_blocks.6,0.748831
30,2,5,vig_tiny,cifar10,0.3,8,_vig_blocks.7,0.742733
30,2,5,vig_tiny,cifar10,0.3,9,_vig_blocks.8,0.731342
30,2,5,vig_tiny,cifar10,0.3,10,_vig_blocks.9,0.734136
30,2,5,vig_tiny,cifar10,0.3,11,_vig_blocks.10,0.703740
30,2,5,vig_tiny,cifar10,0.3,12,_vig_blocks.11,0.699516
30,2,5,vig_tiny,cifar10,0.3,13,classifier,0.720212
30,2,6,vig_tiny,cifar10,0.3,0,_vig_stem,0.858410
30,2,6,vig_tiny,cifar10,0.3,1,_vig_blocks.0,0.778619
30,2,6,vig_tiny,cifar10,0.3,2,_vig_blocks.1,0.754422
30,2,6,vig_tiny,cifar10,0.3,3,_vig_blocks.2,0.727826
30,2,6,vig_tiny,cifar10,0.3,4,_vig_blocks.3,0.731970
30,2,6,vig_tiny,cifar10,0.3,5,_vig_blocks.4,0.731519
30,2,6,vig_tiny,cifar10,0.3,6,_vig_blocks.5,0.733086
30,2,6,vig_tiny,cifar10,0.3,7,_vig_blocks.6,0.734091
30,2,6,vig_tiny,cifar10,0.3,8,_vig_blocks.7,0.734877
30,2,6,vig_tiny,cifar10,0.3,9,_vig_blocks.8,0.720434
30,2,6,vig_tiny,cifar10,0.3,10,_vig_blocks.9,0.716356
30,2,6,vig_tiny,cifar10,0.3,11,_vig_blocks.10,0.702816
30,2,6,vig_tiny,cifar10,0.3,12,_vig_blocks.11,0.699732
30,2,6,vig_tiny,cifar10,0.3,13,classifier,0.668440
30,2,7,vig_tiny,cifar10,0.3,0,_vig_stem,0.851838
30,2,7,vig_tiny,cifar10,0.3,1,_vig_blocks.0,0.800310
30,2,7,vig_tiny,cifar10,0.3,2,_vig_blocks.1,0.811721
30,2,7,vig_tiny,cifar10,0.3,3,_vig_blocks.2,0.779993
30,2,7,vig_tiny,cifar10,0.3,4,_vig_blocks.3,0.788811
30,2,7,vig_tiny,cifar10,0.3,5,_vig_blocks.4,0.784894
30,2,7,vig_tiny,cifar10,0.3,6,_vig_blocks.5,0.760460
30,2,7,vig_tiny,cifar10,0.3,7,_vig_blocks.6,0.754870
30,2,7,vig_tiny,cifar10,0.3,8,_vig_blocks.7,0.742206
30,2,7,vig_tiny,cifar10,0.3,9,_vig_blocks.8,0.721085
30,2,7,vig_tiny,cifar10,0.3,10,_vig_blocks.9,0.714846
30,2,7,vig_tiny,cifar10,0.3,11,_vig_blocks.10,0.697122
30,2,7,vig_tiny,cifar10,0.3,12,_vig_blocks.11,0.691193
30,2,7,vig_tiny,cifar10,0.3,13,classifier,0.688512
30,2,8,vig_tiny,cifar10,0.3,0,_vig_stem,0.959844
30,2,8,vig_tiny,cifar10,0.3,1,_vig_blocks.0,0.901244
30,2,8,vig_tiny,cifar10,0.3,2,_vig_blocks.1,0.878140
30,2,8,vig_tiny,cifar10,0.3,3,_vig_blocks.2,0.840210
30,2,8,vig_tiny,cifar10,0.3,4,_vig_blocks.3,0.832691
30,2,8,vig_tiny,cifar10,0.3,5,_vig_blocks.4,0.828380
30,2,8,vig_tiny,cifar10,0.3,6,_vig_blocks.5,0.813411
30,2,8,vig_tiny,cifar10,0.3,7,_vig_blocks.6,0.802741
30,2,8,vig_tiny,cifar10,0.3,8,_vig_blocks.7,0.788598
30,2,8,vig_tiny,cifar10,0.3,9,_vig_blocks.8,0.747022
30,2,8,vig_tiny,cifar10,0.3,10,_vig_blocks.9,0.718363
30,2,8,vig_tiny,cifar10,0.3,11,_vig_blocks.10,0.670357
30,2,8,vig_tiny,cifar10,0.3,12,_vig_blocks.11,0.620266
30,2,8,vig_tiny,cifar10,0.3,13,classifier,0.620612
30,2,9,vig_tiny,cifar10,0.3,0,_vig_stem,0.859091
30,2,9,vig_tiny,cifar10,0.3,1,_vig_blocks.0,0.796081
30,2,9,vig_tiny,cifar10,0.3,2,_vig_blocks.1,0.725560
30,2,9,vig_tiny,cifar10,0.3,3,_vig_blocks.2,0.705227
30,2,9,vig_tiny,cifar10,0.3,4,_vig_blocks.3,0.687553
30,2,9,vig_tiny,cifar10,0.3,5,_vig_blocks.4,0.682092
30,2,9,vig_tiny,cifar10,0.3,6,_vig_blocks.5,0.680388
30,2,9,vig_tiny,cifar10,0.3,7,_vig_blocks.6,0.672747
30,2,9,vig_tiny,cifar10,0.3,8,_vig_blocks.7,0.668588
30,2,9,vig_tiny,cifar10,0.3,9,_vig_blocks.8,0.662603
30,2,9,vig_tiny,cifar10,0.3,10,_vig_blocks.9,0.652153
30,2,9,vig_tiny,cifar10,0.3,11,_vig_blocks.10,0.642338
30,2,9,vig_tiny,cifar10,0.3,12,_vig_blocks.11,0.624834
30,2,9,vig_tiny,cifar10,0.3,13,classifier,0.508761
30,3,4,vig_tiny,cifar10,0.3,0,_vig_stem,0.851920
30,3,4,vig_tiny,cifar10,0.3,1,_vig_blocks.0,0.772815
30,3,4,vig_tiny,cifar10,0.3,2,_vig_blocks.1,0.762195
30,3,4,vig_tiny,cifar10,0.3,3,_vig_blocks.2,0.774651
30,3,4,vig_tiny,cifar10,0.3,4,_vig_blocks.3,0.799353
30,3,4,vig_tiny,cifar10,0.3,5,_vig_blocks.4,0.822912
30,3,4,vig_tiny,cifar10,0.3,6,_vig_blocks.5,0.822371
30,3,4,vig_tiny,cifar10,0.3,7,_vig_blocks.6,0.826084
30,3,4,vig_tiny,cifar10,0.3,8,_vig_blocks.7,0.808776
30,3,4,vig_tiny,cifar10,0.3,9,_vig_blocks.8,0.771456
30,3,4,vig_tiny,cifar10,0.3,10,_vig_blocks.9,0.719564
30,3,4,vig_tiny,cifar10,0.3,11,_vig_blocks.10,0.641155
30,3,4,vig_tiny,cifar10,0.3,12,_vig_blocks.11,0.581743
30,3,4,vig_tiny,cifar10,0.3,13,classifier,0.400777
30,3,5,vig_tiny,cifar10,0.3,0,_vig_stem,0.882770
30,3,5,vig_tiny,cifar10,0.3,1,_vig_blocks.0,0.833083
30,3,5,vig_tiny,cifar10,0.3,2,_vig_blocks.1,0.828651
30,3,5,vig_tiny,cifar10,0.3,3,_vig_blocks.2,0.818582
30,3,5,vig_tiny,cifar10,0.3,4,_vig_blocks.3,0.830196
30,3,5,vig_tiny,cifar10,0.3,5,_vig_blocks.4,0.822042
30,3,5,vig_tiny,cifar10,0.3,6,_vig_blocks.5,0.826690
30,3,5,vig_tiny,cifar10,0.3,7,_vig_blocks.6,0.831217
30,3,5,vig_tiny,cifar10,0.3,8,_vig_blocks.7,0.820429
30,3,5,vig_tiny,cifar10,0.3,9,_vig_blocks.8,0.796377
30,3,5,vig_tiny,cifar10,0.3,10,_vig_blocks.9,0.774986
30,3,5,vig_tiny,cifar10,0.3,11,_vig_blocks.10,0.717591
30,3,5,vig_tiny,cifar10,0.3,12,_vig_blocks.11,0.655323
30,3,5,vig_tiny,cifar10,0.3,13,classifier,0.501932
30,3,6,vig_tiny,cifar10,0.3,0,_vig_stem,0.825314
30,3,6,vig_tiny,cifar10,0.3,1,_vig_blocks.0,0.758445
30,3,6,vig_tiny,cifar10,0.3,2,_vig_blocks.1,0.753329
30,3,6,vig_tiny,cifar10,0.3,3,_vig_blocks.2,0.734641
30,3,6,vig_tiny,cifar10,0.3,4,_vig_blocks.3,0.750688
30,3,6,vig_tiny,cifar10,0.3,5,_vig_blocks.4,0.755148
30,3,6,vig_tiny,cifar10,0.3,6,_vig_blocks.5,0.754218
30,3,6,vig_tiny,cifar10,0.3,7,_vig_blocks.6,0.754072
30,3,6,vig_tiny,cifar10,0.3,8,_vig_blocks.7,0.742958
30,3,6,vig_tiny,cifar10,0.3,9,_vig_blocks.8,0.726455
30,3,6,vig_tiny,cifar10,0.3,10,_vig_blocks.9,0.703470
30,3,6,vig_tiny,cifar10,0.3,11,_vig_blocks.10,0.654465
30,3,6,vig_tiny,cifar10,0.3,12,_vig_blocks.11,0.603821
30,3,6,vig_tiny,cifar10,0.3,13,classifier,0.486175
30,3,7,vig_tiny,cifar10,0.3,0,_vig_stem,0.877982
30,3,7,vig_tiny,cifar10,0.3,1,_vig_blocks.0,0.827743
30,3,7,vig_tiny,cifar10,0.3,2,_vig_blocks.1,0.831983
30,3,7,vig_tiny,cifar10,0.3,3,_vig_blocks.2,0.844489
30,3,7,vig_tiny,cifar10,0.3,4,_vig_blocks.3,0.849645
30,3,7,vig_tiny,cifar10,0.3,5,_vig_blocks.4,0.851128
30,3,7,vig_tiny,cifar10,0.3,6,_vig_blocks.5,0.840995
30,3,7,vig_tiny,cifar10,0.3,7,_vig_blocks.6,0.838990
30,3,7,vig_tiny,cifar10,0.3,8,_vig_blocks.7,0.822751
30,3,7,vig_tiny,cifar10,0.3,9,_vig_blocks.8,0.805547
30,3,7,vig_tiny,cifar10,0.3,10,_vig_blocks.9,0.782216
30,3,7,vig_tiny,cifar10,0.3,11,_vig_blocks.10,0.729746
30,3,7,vig_tiny,cifar10,0.3,12,_vig_blocks.11,0.682833
30,3,7,vig_tiny,cifar10,0.3,13,classifier,0.590411
30,3,8,vig_tiny,cifar10,0.3,0,_vig_stem,0.887444
30,3,8,vig_tiny,cifar10,0.3,1,_vig_blocks.0,0.819978
30,3,8,vig_tiny,cifar10,0.3,2,_vig_blocks.1,0.815828
30,3,8,vig_tiny,cifar10,0.3,3,_vig_blocks.2,0.817604
30,3,8,vig_tiny,cifar10,0.3,4,_vig_blocks.3,0.834177
30,3,8,vig_tiny,cifar10,0.3,5,_vig_blocks.4,0.842251
30,3,8,vig_tiny,cifar10,0.3,6,_vig_blocks.5,0.836032
30,3,8,vig_tiny,cifar10,0.3,7,_vig_blocks.6,0.836313
30,3,8,vig_tiny,cifar10,0.3,8,_vig_blocks.7,0.822131
30,3,8,vig_tiny,cifar10,0.3,9,_vig_blocks.8,0.776602
30,3,8,vig_tiny,cifar10,0.3,10,_vig_blocks.9,0.718599
30,3,8,vig_tiny,cifar10,0.3,11,_vig_blocks.10,0.618465
30,3,8,vig_tiny,cifar10,0.3,12,_vig_blocks.11,0.479590
30,3,8,vig_tiny,cifar10,0.3,13,classifier,0.194225
30,3,9,vig_tiny,cifar10,0.3,0,_vig_stem,0.798337
30,3,9,vig_tiny,cifar10,0.3,1,_vig_blocks.0,0.720102
30,3,9,vig_tiny,cifar10,0.3,2,_vig_blocks.1,0.701743
30,3,9,vig_tiny,cifar10,0.3,3,_vig_blocks.2,0.688133
30,3,9,vig_tiny,cifar10,0.3,4,_vig_blocks.3,0.691446
30,3,9,vig_tiny,cifar10,0.3,5,_vig_blocks.4,0.688052
30,3,9,vig_tiny,cifar10,0.3,6,_vig_blocks.5,0.690440
30,3,9,vig_tiny,cifar10,0.3,7,_vig_blocks.6,0.680080
30,3,9,vig_tiny,cifar10,0.3,8,_vig_blocks.7,0.675444
30,3,9,vig_tiny,cifar10,0.3,9,_vig_blocks.8,0.646807
30,3,9,vig_tiny,cifar10,0.3,10,_vig_blocks.9,0.625198
30,3,9,vig_tiny,cifar10,0.3,11,_vig_blocks.10,0.588826
30,3,9,vig_tiny,cifar10,0.3,12,_vig_blocks.11,0.555149
30,3,9,vig_tiny,cifar10,0.3,13,classifier,0.548224
30,4,5,vig_tiny,cifar10,0.3,0,_vig_stem,0.828683
30,4,5,vig_tiny,cifar10,0.3,1,_vig_blocks.0,0.807495
30,4,5,vig_tiny,cifar10,0.3,2,_vig_blocks.1,0.799073
30,4,5,vig_tiny,cifar10,0.3,3,_vig_blocks.2,0.796883
30,4,5,vig_tiny,cifar10,0.3,4,_vig_blocks.3,0.806400
30,4,5,vig_tiny,cifar10,0.3,5,_vig_blocks.4,0.815925
30,4,5,vig_tiny,cifar10,0.3,6,_vig_blocks.5,0.814878
30,4,5,vig_tiny,cifar10,0.3,7,_vig_blocks.6,0.817511
30,4,5,vig_tiny,cifar10,0.3,8,_vig_blocks.7,0.796030
30,4,5,vig_tiny,cifar10,0.3,9,_vig_blocks.8,0.762952
30,4,5,vig_tiny,cifar10,0.3,10,_vig_blocks.9,0.730596
30,4,5,vig_tiny,cifar10,0.3,11,_vig_blocks.10,0.683933
30,4,5,vig_tiny,cifar10,0.3,12,_vig_blocks.11,0.667063
30,4,5,vig_tiny,cifar10,0.3,13,classifier,0.689448
30,4,6,vig_tiny,cifar10,0.3,0,_vig_stem,0.834005
30,4,6,vig_tiny,cifar10,0.3,1,_vig_blocks.0,0.755441
30,4,6,vig_tiny,cifar10,0.3,2,_vig_blocks.1,0.734117
30,4,6,vig_tiny,cifar10,0.3,3,_vig_blocks.2,0.741003
30,4,6,vig_tiny,cifar10,0.3,4,_vig_blocks.3,0.766611
30,4,6,vig_tiny,cifar10,0.3,5,_vig_blocks.4,0.780966
30,4,6,vig_tiny,cifar10,0.3,6,_vig_blocks.5,0.782670
30,4,6,vig_tiny,cifar10,0.3,7,_vig_blocks.6,0.779684
30,4,6,vig_tiny,cifar10,0.3,8,_vig_blocks.7,0.757434
30,4,6,vig_tiny,cifar10,0.3,9,_vig_blocks.8,0.739769
30,4,6,vig_tiny,cifar10,0.3,10,_vig_blocks.9,0.711562
30,4,6,vig_tiny,cifar10,0.3,11,_vig_blocks.10,0.670552
30,4,6,vig_tiny,cifar10,0.3,12,_vig_blocks.11,0.655973
30,4,6,vig_tiny,cifar10,0.3,13,classifier,0.639258
30,4,7,vig_tiny,cifar10,0.3,0,_vig_stem,0.828705
30,4,7,vig_tiny,cifar10,0.3,1,_vig_blocks.0,0.796577
30,4,7,vig_tiny,cifar10,0.3,2,_vig_blocks.1,0.820693
30,4,7,vig_tiny,cifar10,0.3,3,_vig_blocks.2,0.811869
30,4,7,vig_tiny,cifar10,0.3,4,_vig_blocks.3,0.840512
30,4,7,vig_tiny,cifar10,0.3,5,_vig_blocks.4,0.846471
30,4,7,vig_tiny,cifar10,0.3,6,_vig_blocks.5,0.848271
30,4,7,vig_tiny,cifar10,0.3,7,_vig_blocks.6,0.841235
30,4,7,vig_tiny,cifar10,0.3,8,_vig_blocks.7,0.833412
30,4,7,vig_tiny,cifar10,0.3,9,_vig_blocks.8,0.802337
30,4,7,vig_tiny,cifar10,0.3,10,_vig_blocks.9,0.759360
30,4,7,vig_tiny,cifar10,0.3,11,_vig_blocks.10,0.706585
30,4,7,vig_tiny,cifar10,0.3,12,_vig_blocks.11,0.677511
30,4,7,vig_tiny,cifar10,0.3,13,classifier,0.590475
30,4,8,vig_tiny,cifar10,0.3,0,_vig_stem,0.938629
30,4,8,vig_tiny,cifar10,0.3,1,_vig_blocks.0,0.894532
30,4,8,vig_tiny,cifar10,0.3,2,_vig_blocks.1,0.873987
30,4,8,vig_tiny,cifar10,0.3,3,_vig_blocks.2,0.867260
30,4,8,vig_tiny,cifar10,0.3,4,_vig_blocks.3,0.870516
30,4,8,vig_tiny,cifar10,0.3,5,_vig_blocks.4,0.866286
30,4,8,vig_tiny,cifar10,0.3,6,_vig_blocks.5,0.862296
30,4,8,vig_tiny,cifar10,0.3,7,_vig_blocks.6,0.859172
30,4,8,vig_tiny,cifar10,0.3,8,_vig_blocks.7,0.842806
30,4,8,vig_tiny,cifar10,0.3,9,_vig_blocks.8,0.808029
30,4,8,vig_tiny,cifar10,0.3,10,_vig_blocks.9,0.769288
30,4,8,vig_tiny,cifar10,0.3,11,_vig_blocks.10,0.699303
30,4,8,vig_tiny,cifar10,0.3,12,_vig_blocks.11,0.648632
30,4,8,vig_tiny,cifar10,0.3,13,classifier,0.605385
30,4,9,vig_tiny,cifar10,0.3,0,_vig_stem,0.896360
30,4,9,vig_tiny,cifar10,0.3,1,_vig_blocks.0,0.821981
30,4,9,vig_tiny,cifar10,0.3,2,_vig_blocks.1,0.760501
30,4,9,vig_tiny,cifar10,0.3,3,_vig_blocks.2,0.765289
30,4,9,vig_tiny,cifar10,0.3,4,_vig_blocks.3,0.749318
30,4,9,vig_tiny,cifar10,0.3,5,_vig_blocks.4,0.746495
30,4,9,vig_tiny,cifar10,0.3,6,_vig_blocks.5,0.750580
30,4,9,vig_tiny,cifar10,0.3,7,_vig_blocks.6,0.744472
30,4,9,vig_tiny,cifar10,0.3,8,_vig_blocks.7,0.731649
30,4,9,vig_tiny,cifar10,0.3,9,_vig_blocks.8,0.702595
30,4,9,vig_tiny,cifar10,0.3,10,_vig_blocks.9,0.677502
30,4,9,vig_tiny,cifar10,0.3,11,_vig_blocks.10,0.650830
30,4,9,vig_tiny,cifar10,0.3,12,_vig_blocks.11,0.629162
30,4,9,vig_tiny,cifar10,0.3,13,classifier,0.552929
30,5,6,vig_tiny,cifar10,0.3,0,_vig_stem,0.851436
30,5,6,vig_tiny,cifar10,0.3,1,_vig_blocks.0,0.826538
30,5,6,vig_tiny,cifar10,0.3,2,_vig_blocks.1,0.801031
30,5,6,vig_tiny,cifar10,0.3,3,_vig_blocks.2,0.779770
30,5,6,vig_tiny,cifar10,0.3,4,_vig_blocks.3,0.795971
30,5,6,vig_tiny,cifar10,0.3,5,_vig_blocks.4,0.780306
30,5,6,vig_tiny,cifar10,0.3,6,_vig_blocks.5,0.788246
30,5,6,vig_tiny,cifar10,0.3,7,_vig_blocks.6,0.782291
30,5,6,vig_tiny,cifar10,0.3,8,_vig_blocks.7,0.767284
30,5,6,vig_tiny,cifar10,0.3,9,_vig_blocks.8,0.752007
30,5,6,vig_tiny,cifar10,0.3,10,_vig_blocks.9,0.742446
30,5,6,vig_tiny,cifar10,0.3,11,_vig_blocks.10,0.712456
30,5,6,vig_tiny,cifar10,0.3,12,_vig_blocks.11,0.701300
30,5,6,vig_tiny,cifar10,0.3,13,classifier,0.730987
30,5,7,vig_tiny,cifar10,0.3,0,_vig_stem,0.865423
30,5,7,vig_tiny,cifar10,0.3,1,_vig_blocks.0,0.830992
30,5,7,vig_tiny,cifar10,0.3,2,_vig_blocks.1,0.825706
30,5,7,vig_tiny,cifar10,0.3,3,_vig_blocks.2,0.812561
30,5,7,vig_tiny,cifar10,0.3,4,_vig_blocks.3,0.813237
30,5,7,vig_tiny,cifar10,0.3,5,_vig_blocks.4,0.807401
30,5,7,vig_tiny,cifar10,0.3,6,_vig_blocks.5,0.808428
30,5,7,vig_tiny,cifar10,0.3,7,_vig_blocks.6,0.804999
30,5,7,vig_tiny,cifar10,0.3,8,_vig_blocks.7,0.784065
30,5,7,vig_tiny,cifar10,0.3,9,_vig_blocks.8,0.760599
30,5,7,vig_tiny,cifar10,0.3,10,_vig_blocks.9,0.743196
30,5,7,vig_tiny,cifar10,0.3,11,_vig_blocks.10,0.708868
30,5,7,vig_tiny,cifar10,0.3,12,_vig_blocks.11,0.678362
30,5,7,vig_tiny,cifar10,0.3,13,classifier,0.668058
30,5,8,vig_tiny,cifar10,0.3,0,_vig_stem,0.895269
30,5,8,vig_tiny,cifar10,0.3,1,_vig_blocks.0,0.877274
30,5,8,vig_tiny,cifar10,0.3,2,_vig_blocks.1,0.869438
30,5,8,vig_tiny,cifar10,0.3,3,_vig_blocks.2,0.855843
30,5,8,vig_tiny,cifar10,0.3,4,_vig_blocks.3,0.854814
30,5,8,vig_tiny,cifar10,0.3,5,_vig_blocks.4,0.863650
30,5,8,vig_tiny,cifar10,0.3,6,_vig_blocks.5,0.869184
30,5,8,vig_tiny,cifar10,0.3,7,_vig_blocks.6,0.863204
30,5,8,vig_tiny,cifar10,0.3,8,_vig_blocks.7,0.851895
30,5,8,vig_tiny,cifar10,0.3,9,_vig_blocks.8,0.824790
30,5,8,vig_tiny,cifar10,0.3,10,_vig_blocks.9,0.779366
30,5,8,vig_tiny,cifar10,0.3,11,_vig_blocks.10,0.744914
30,5,8,vig_tiny,cifar10,0.3,12,_vig_blocks.11,0.692528
30,5,8,vig_tiny,cifar10,0.3,13,classifier,0.672736
30,5,9,vig_tiny,cifar10,0.3,0,_vig_stem,0.827590
30,5,9,vig_tiny,cifar10,0.3,1,_vig_blocks.0,0.760713
30,5,9,vig_tiny,cifar10,0.3,2,_vig_blocks.1,0.748362
30,5,9,vig_tiny,cifar10,0.3,3,_vig_blocks.2,0.746124
30,5,9,vig_tiny,cifar10,0.3,4,_vig_blocks.3,0.745203
30,5,9,vig_tiny,cifar10,0.3,5,_vig_blocks.4,0.736911
30,5,9,vig_tiny,cifar10,0.3,6,_vig_blocks.5,0.742194
30,5,9,vig_tiny,cifar10,0.3,7,_vig_blocks.6,0.725163
30,5,9,vig_tiny,cifar10,0.3,8,_vig_blocks.7,0.723692
30,5,9,vig_tiny,cifar10,0.3,9,_vig_blocks.8,0.706106
30,5,9,vig_tiny,cifar10,0.3,10,_vig_blocks.9,0.693777
30,5,9,vig_tiny,cifar10,0.3,11,_vig_blocks.10,0.681640
30,5,9,vig_tiny,cifar10,0.3,12,_vig_blocks.11,0.671025
30,5,9,vig_tiny,cifar10,0.3,13,classifier,0.654125
30,6,7,vig_tiny,cifar10,0.3,0,_vig_stem,0.761729
30,6,7,vig_tiny,cifar10,0.3,1,_vig_blocks.0,0.705704
30,6,7,vig_tiny,cifar10,0.3,2,_vig_blocks.1,0.713745
30,6,7,vig_tiny,cifar10,0.3,3,_vig_blocks.2,0.714973
30,6,7,vig_tiny,cifar10,0.3,4,_vig_blocks.3,0.744871
30,6,7,vig_tiny,cifar10,0.3,5,_vig_blocks.4,0.746071
30,6,7,vig_tiny,cifar10,0.3,6,_vig_blocks.5,0.748397
30,6,7,vig_tiny,cifar10,0.3,7,_vig_blocks.6,0.741297
30,6,7,vig_tiny,cifar10,0.3,8,_vig_blocks.7,0.733634
30,6,7,vig_tiny,cifar10,0.3,9,_vig_blocks.8,0.719688
30,6,7,vig_tiny,cifar10,0.3,10,_vig_blocks.9,0.700102
30,6,7,vig_tiny,cifar10,0.3,11,_vig_blocks.10,0.662908
30,6,7,vig_tiny,cifar10,0.3,12,_vig_blocks.11,0.622857
30,6,7,vig_tiny,cifar10,0.3,13,classifier,0.585095
30,6,8,vig_tiny,cifar10,0.3,0,_vig_stem,0.879709
30,6,8,vig_tiny,cifar10,0.3,1,_vig_blocks.0,0.809273
30,6,8,vig_tiny,cifar10,0.3,2,_vig_blocks.1,0.788260
30,6,8,vig_tiny,cifar10,0.3,3,_vig_blocks.2,0.779603
30,6,8,vig_tiny,cifar10,0.3,4,_vig_blocks.3,0.796691
30,6,8,vig_tiny,cifar10,0.3,5,_vig_blocks.4,0.793837
30,6,8,vig_tiny,cifar10,0.3,6,_vig_blocks.5,0.798627
30,6,8,vig_tiny,cifar10,0.3,7,_vig_blocks.6,0.797117
30,6,8,vig_tiny,cifar10,0.3,8,_vig_blocks.7,0.784916
30,6,8,vig_tiny,cifar10,0.3,9,_vig_blocks.8,0.772104
30,6,8,vig_tiny,cifar10,0.3,10,_vig_blocks.9,0.747751
30,6,8,vig_tiny,cifar10,0.3,11,_vig_blocks.10,0.713052
30,6,8,vig_tiny,cifar10,0.3,12,_vig_blocks.11,0.683148
30,6,8,vig_tiny,cifar10,0.3,13,classifier,0.685569
30,6,9,vig_tiny,cifar10,0.3,0,_vig_stem,0.852034
30,6,9,vig_tiny,cifar10,0.3,1,_vig_blocks.0,0.779920
30,6,9,vig_tiny,cifar10,0.3,2,_vig_blocks.1,0.731671
30,6,9,vig_tiny,cifar10,0.3,3,_vig_blocks.2,0.729635
30,6,9,vig_tiny,cifar10,0.3,4,_vig_blocks.3,0.729573
30,6,9,vig_tiny,cifar10,0.3,5,_vig_blocks.4,0.727448
30,6,9,vig_tiny,cifar10,0.3,6,_vig_blocks.5,0.731065
30,6,9,vig_tiny,cifar10,0.3,7,_vig_blocks.6,0.728030
30,6,9,vig_tiny,cifar10,0.3,8,_vig_blocks.7,0.720714
30,6,9,vig_tiny,cifar10,0.3,9,_vig_blocks.8,0.695209
30,6,9,vig_tiny,cifar10,0.3,10,_vig_blocks.9,0.673575
30,6,9,vig_tiny,cifar10,0.3,11,_vig_blocks.10,0.656595
30,6,9,vig_tiny,cifar10,0.3,12,_vig_blocks.11,0.644733
30,6,9,vig_tiny,cifar10,0.3,13,classifier,0.632046
30,7,8,vig_tiny,cifar10,0.3,0,_vig_stem,0.880625
30,7,8,vig_tiny,cifar10,0.3,1,_vig_blocks.0,0.851283
30,7,8,vig_tiny,cifar10,0.3,2,_vig_blocks.1,0.866244
30,7,8,vig_tiny,cifar10,0.3,3,_vig_blocks.2,0.848979
30,7,8,vig_tiny,cifar10,0.3,4,_vig_blocks.3,0.869508
30,7,8,vig_tiny,cifar10,0.3,5,_vig_blocks.4,0.845459
30,7,8,vig_tiny,cifar10,0.3,6,_vig_blocks.5,0.841834
30,7,8,vig_tiny,cifar10,0.3,7,_vig_blocks.6,0.838104
30,7,8,vig_tiny,cifar10,0.3,8,_vig_blocks.7,0.827672
30,7,8,vig_tiny,cifar10,0.3,9,_vig_blocks.8,0.799991
30,7,8,vig_tiny,cifar10,0.3,10,_vig_blocks.9,0.754995
30,7,8,vig_tiny,cifar10,0.3,11,_vig_blocks.10,0.676513
30,7,8,vig_tiny,cifar10,0.3,12,_vig_blocks.11,0.579390
30,7,8,vig_tiny,cifar10,0.3,13,classifier,0.406692
30,7,9,vig_tiny,cifar10,0.3,0,_vig_stem,0.731232
30,7,9,vig_tiny,cifar10,0.3,1,_vig_blocks.0,0.661393
30,7,9,vig_tiny,cifar10,0.3,2,_vig_blocks.1,0.645744
30,7,9,vig_tiny,cifar10,0.3,3,_vig_blocks.2,0.658777
30,7,9,vig_tiny,cifar10,0.3,4,_vig_blocks.3,0.666436
30,7,9,vig_tiny,cifar10,0.3,5,_vig_blocks.4,0.662117
30,7,9,vig_tiny,cifar10,0.3,6,_vig_blocks.5,0.672566
30,7,9,vig_tiny,cifar10,0.3,7,_vig_blocks.6,0.661157
30,7,9,vig_tiny,cifar10,0.3,8,_vig_blocks.7,0.649951
30,7,9,vig_tiny,cifar10,0.3,9,_vig_blocks.8,0.627052
30,7,9,vig_tiny,cifar10,0.3,10,_vig_blocks.9,0.609923
30,7,9,vig_tiny,cifar10,0.3,11,_vig_blocks.10,0.587877
30,7,9,vig_tiny,cifar10,0.3,12,_vig_blocks.11,0.550850
30,7,9,vig_tiny,cifar10,0.3,13,classifier,0.567864
30,8,9,vig_tiny,cifar10,0.3,0,_vig_stem,0.877343
30,8,9,vig_tiny,cifar10,0.3,1,_vig_blocks.0,0.805935
30,8,9,vig_tiny,cifar10,0.3,2,_vig_blocks.1,0.749745
30,8,9,vig_tiny,cifar10,0.3,3,_vig_blocks.2,0.752661
30,8,9,vig_tiny,cifar10,0.3,4,_vig_blocks.3,0.731924
30,8,9,vig_tiny,cifar10,0.3,5,_vig_blocks.4,0.736986
30,8,9,vig_tiny,cifar10,0.3,6,_vig_blocks.5,0.734616
30,8,9,vig_tiny,cifar10,0.3,7,_vig_blocks.6,0.718325
30,8,9,vig_tiny,cifar10,0.3,8,_vig_blocks.7,0.703554
30,8,9,vig_tiny,cifar10,0.3,9,_vig_blocks.8,0.665597
30,8,9,vig_tiny,cifar10,0.3,10,_vig_blocks.9,0.623987
30,8,9,vig_tiny,cifar10,0.3,11,_vig_blocks.10,0.593216
30,8,9,vig_tiny,cifar10,0.3,12,_vig_blocks.11,0.533930
30,8,9,vig_tiny,cifar10,0.3,13,classifier,0.395053
40,0,1,vig_tiny,cifar10,0.3,0,_vig_stem,0.887939
40,0,1,vig_tiny,cifar10,0.3,1,_vig_blocks.0,0.825381
40,0,1,vig_tiny,cifar10,0.3,2,_vig_blocks.1,0.823841
40,0,1,vig_tiny,cifar10,0.3,3,_vig_blocks.2,0.801713
40,0,1,vig_tiny,cifar10,0.3,4,_vig_blocks.3,0.806904
40,0,1,vig_tiny,cifar10,0.3,5,_vig_blocks.4,0.803920
40,0,1,vig_tiny,cifar10,0.3,6,_vig_blocks.5,0.797378
40,0,1,vig_tiny,cifar10,0.3,7,_vig_blocks.6,0.792676
40,0,1,vig_tiny,cifar10,0.3,8,_vig_blocks.7,0.780512
40,0,1,vig_tiny,cifar10,0.3,9,_vig_blocks.8,0.746001
40,0,1,vig_tiny,cifar10,0.3,10,_vig_blocks.9,0.706053
40,0,1,vig_tiny,cifar10,0.3,11,_vig_blocks.10,0.687115
40,0,1,vig_tiny,cifar10,0.3,12,_vig_blocks.11,0.667793
40,0,1,vig_tiny,cifar10,0.3,13,classifier,0.609493
40,0,2,vig_tiny,cifar10,0.3,0,_vig_stem,0.777212
40,0,2,vig_tiny,cifar10,0.3,1,_vig_blocks.0,0.720667
40,0,2,vig_tiny,cifar10,0.3,2,_vig_blocks.1,0.732637
40,0,2,vig_tiny,cifar10,0.3,3,_vig_blocks.2,0.685785
40,0,2,vig_tiny,cifar10,0.3,4,_vig_blocks.3,0.691000
40,0,2,vig_tiny,cifar10,0.3,5,_vig_blocks.4,0.686883
40,0,2,vig_tiny,cifar10,0.3,6,_vig_blocks.5,0.690258
40,0,2,vig_tiny,cifar10,0.3,7,_vig_blocks.6,0.684109
40,0,2,vig_tiny,cifar10,0.3,8,_vig_blocks.7,0.671319
40,0,2,vig_tiny,cifar10,0.3,9,_vig_blocks.8,0.614534
40,0,2,vig_tiny,cifar10,0.3,10,_vig_blocks.9,0.569255
40,0,2,vig_tiny,cifar10,0.3,11,_vig_blocks.10,0.560694
40,0,2,vig_tiny,cifar10,0.3,12,_vig_blocks.11,0.565908
40,0,2,vig_tiny,cifar10,0.3,13,classifier,0.583520
40,0,3,vig_tiny,cifar10,0.3,0,_vig_stem,0.837005
40,0,3,vig_tiny,cifar10,0.3,1,_vig_blocks.0,0.788646
40,0,3,vig_tiny,cifar10,0.3,2,_vig_blocks.1,0.779280
40,0,3,vig_tiny,cifar10,0.3,3,_vig_blocks.2,0.761378
40,0,3,vig_tiny,cifar10,0.3,4,_vig_blocks.3,0.756420
40,0,3,vig_tiny,cifar10,0.3,5,_vig_blocks.4,0.751957
40,0,3,vig_tiny,cifar10,0.3,6,_vig_blocks.5,0.753110
40,0,3,vig_tiny,cifar10,0.3,7,_vig_blocks.6,0.735327
40,0,3,vig_tiny,cifar10,0.3,8,_vig_blocks.7,0.726761
40,0,3,vig_tiny,cifar10,0.3,9,_vig_blocks.8,0.673820
40,0,3,vig_tiny,cifar10,0.3,10,_vig_blocks.9,0.633231
40,0,3,vig_tiny,cifar10,0.3,11,_vig_blocks.10,0.619365
40,0,3,vig_tiny,cifar10,0.3,12,_vig_blocks.11,0.603263
40,0,3,vig_tiny,cifar10,0.3,13,classifier,0.632645
40,0,4,vig_tiny,cifar10,0.3,0,_vig_stem,0.878101
40,0,4,vig_tiny,cifar10,0.3,1,_vig_blocks.0,0.833825
40,0,4,vig_tiny,cifar10,0.3,2,_vig_blocks.1,0.828483
40,0,4,vig_tiny,cifar10,0.3,3,_vig_blocks.2,0.809031
40,0,4,vig_tiny,cifar10,0.3,4,_vig_blocks.3,0.802609
40,0,4,vig_tiny,cifar10,0.3,5,_vig_blocks.4,0.795224
40,0,4,vig_tiny,cifar10,0.3,6,_vig_blocks.5,0.790320
40,0,4,vig_tiny,cifar10,0.3,7,_vig_blocks.6,0.789841
40,0,4,vig_tiny,cifar10,0.3,8,_vig_blocks.7,0.773989
40,0,4,vig_tiny,cifar10,0.3,9,_vig_blocks.8,0.722712
40,0,4,vig_tiny,cifar10,0.3,10,_vig_blocks.9,0.677228
40,0,4,vig_tiny,cifar10,0.3,11,_vig_blocks.10,0.658091
40,0,4,vig_tiny,cifar10,0.3,12,_vig_blocks.11,0.632214
40,0,4,vig_tiny,cifar10,0.3,13,classifier,0.666146
40,0,5,vig_tiny,cifar10,0.3,0,_vig_stem,0.938614
40,0,5,vig_tiny,cifar10,0.3,1,_vig_blocks.0,0.885105
40,0,5,vig_tiny,cifar10,0.3,2,_vig_blocks.1,0.853155
40,0,5,vig_tiny,cifar10,0.3,3,_vig_blocks.2,0.825775
40,0,5,vig_tiny,cifar10,0.3,4,_vig_blocks.3,0.813008
40,0,5,vig_tiny,cifar10,0.3,5,_vig_blocks.4,0.807867
40,0,5,vig_tiny,cifar10,0.3,6,_vig_blocks.5,0.800086
40,0,5,vig_tiny,cifar10,0.3,7,_vig_blocks.6,0.799727
40,0,5,vig_tiny,cifar10,0.3,8,_vig_blocks.7,0.788396
40,0,5,vig_tiny,cifar10,0.3,9,_vig_blocks.8,0.752918
40,0,5,vig_tiny,cifar10,0.3,10,_vig_blocks.9,0.727546
40,0,5,vig_tiny,cifar10,0.3,11,_vig_blocks.10,0.723075
40,0,5,vig_tiny,cifar10,0.3,12,_vig_blocks.11,0.702707
40,0,5,vig_tiny,cifar10,0.3,13,classifier,0.700786
40,0,6,vig_tiny,cifar10,0.3,0,_vig_stem,0.818000
40,0,6,vig_tiny,cifar10,0.3,1,_vig_blocks.0,0.736963
40,0,6,vig_tiny,cifar10,0.3,2,_vig_blocks.1,0.740648
40,0,6,vig_tiny,cifar10,0.3,3,_vig_blocks.2,0.705795
40,0,6,vig_tiny,cifar10,0.3,4,_vig_blocks.3,0.717239
40,0,6,vig_tiny,cifar10,0.3,5,_vig_blocks.4,0.726890
40,0,6,vig_tiny,cifar10,0.3,6,_vig_blocks.5,0.720199
40,0,6,vig_tiny,cifar10,0.3,7,_vig_blocks.6,0.727704
40,0,6,vig_tiny,cifar10,0.3,8,_vig_blocks.7,0.707306
40,0,6,vig_tiny,cifar10,0.3,9,_vig_blocks.8,0.662474
40,0,6,vig_tiny,cifar10,0.3,10,_vig_blocks.9,0.617910
40,0,6,vig_tiny,cifar10,0.3,11,_vig_blocks.10,0.607363
40,0,6,vig_tiny,cifar10,0.3,12,_vig_blocks.11,0.589783
40,0,6,vig_tiny,cifar10,0.3,13,classifier,0.589068
40,0,7,vig_tiny,cifar10,0.3,0,_vig_stem,0.926139
40,0,7,vig_tiny,cifar10,0.3,1,_vig_blocks.0,0.885513
40,0,7,vig_tiny,cifar10,0.3,2,_vig_blocks.1,0.854960
40,0,7,vig_tiny,cifar10,0.3,3,_vig_blocks.2,0.830733
40,0,7,vig_tiny,cifar10,0.3,4,_vig_blocks.3,0.832185
40,0,7,vig_tiny,cifar10,0.3,5,_vig_blocks.4,0.831444
40,0,7,vig_tiny,cifar10,0.3,6,_vig_blocks.5,0.825462
40,0,7,vig_tiny,cifar10,0.3,7,_vig_blocks.6,0.827319
40,0,7,vig_tiny,cifar10,0.3,8,_vig_blocks.7,0.819157
40,0,7,vig_tiny,cifar10,0.3,9,_vig_blocks.8,0.785129
40,0,7,vig_tiny,cifar10,0.3,10,_vig_blocks.9,0.747994
40,0,7,vig_tiny,cifar10,0.3,11,_vig_blocks.10,0.726266
40,0,7,vig_tiny,cifar10,0.3,12,_vig_blocks.11,0.699522
40,0,7,vig_tiny,cifar10,0.3,13,classifier,0.581356
40,0,8,vig_tiny,cifar10,0.3,0,_vig_stem,0.894649
40,0,8,vig_tiny,cifar10,0.3,1,_vig_blocks.0,0.880512
40,0,8,vig_tiny,cifar10,0.3,2,_vig_blocks.1,0.862642
40,0,8,vig_tiny,cifar10,0.3,3,_vig_blocks.2,0.823661
40,0,8,vig_tiny,cifar10,0.3,4,_vig_blocks.3,0.810218
40,0,8,vig_tiny,cifar10,0.3,5,_vig_blocks.4,0.807982
40,0,8,vig_tiny,cifar10,0.3,6,_vig_blocks.5,0.800719
40,0,8,vig_tiny,cifar10,0.3,7,_vig_blocks.6,0.791141
40,0,8,vig_tiny,cifar10,0.3,8,_vig_blocks.7,0.767534
40,0,8,vig_tiny,cifar10,0.3,9,_vig_blocks.8,0.705340
40,0,8,vig_tiny,cifar10,0.3,10,_vig_blocks.9,0.635966
40,0,8,vig_tiny,cifar10,0.3,11,_vig_blocks.10,0.602048
40,0,8,vig_tiny,cifar10,0.3,12,_vig_blocks.11,0.566697
40,0,8,vig_tiny,cifar10,0.3,13,classifier,0.566768
40,0,9,vig_tiny,cifar10,0.3,0,_vig_stem,0.767627
40,0,9,vig_tiny,cifar10,0.3,1,_vig_blocks.0,0.701827
40,0,9,vig_tiny,cifar10,0.3,2,_vig_blocks.1,0.680417
40,0,9,vig_tiny,cifar10,0.3,3,_vig_blocks.2,0.658955
40,0,9,vig_tiny,cifar10,0.3,4,_vig_blocks.3,0.647670
40,0,9,vig_tiny,cifar10,0.3,5,_vig_blocks.4,0.657510
40,0,9,vig_tiny,cifar10,0.3,6,_vig_blocks.5,0.633967
40,0,9,vig_tiny,cifar10,0.3,7,_vig_blocks.6,0.644081
40,0,9,vig_tiny,cifar10,0.3,8,_vig_blocks.7,0.624152
40,0,9,vig_tiny,cifar10,0.3,9,_vig_blocks.8,0.580760
40,0,9,vig_tiny,cifar10,0.3,10,_vig_blocks.9,0.545168
40,0,9,vig_tiny,cifar10,0.3,11,_vig_blocks.10,0.525178
40,0,9,vig_tiny,cifar10,0.3,12,_vig_blocks.11,0.518244
40,0,9,vig_tiny,cifar10,0.3,13,classifier,0.490671
40,1,2,vig_tiny,cifar10,0.3,0,_vig_stem,0.860626
40,1,2,vig_tiny,cifar10,0.3,1,_vig_blocks.0,0.715405
40,1,2,vig_tiny,cifar10,0.3,2,_vig_blocks.1,0.712769
40,1,2,vig_tiny,cifar10,0.3,3,_vig_blocks.2,0.700603
40,1,2,vig_tiny,cifar10,0.3,4,_vig_blocks.3,0.709527
40,1,2,vig_tiny,cifar10,0.3,5,_vig_blocks.4,0.700467
40,1,2,vig_tiny,cifar10,0.3,6,_vig_blocks.5,0.724630
40,1,2,vig_tiny,cifar10,0.3,7,_vig_blocks.6,0.722072
40,1,2,vig_tiny,cifar10,0.3,8,_vig_blocks.7,0.707225
40,1,2,vig_tiny,cifar10,0.3,9,_vig_blocks.8,0.685889
40,1,2,vig_tiny,cifar10,0.3,10,_vig_blocks.9,0.673013
40,1,2,vig_tiny,cifar10,0.3,11,_vig_blocks.10,0.651122
40,1,2,vig_tiny,cifar10,0.3,12,_vig_blocks.11,0.618138
40,1,2,vig_tiny,cifar10,0.3,13,classifier,0.457128
40,1,3,vig_tiny,cifar10,0.3,0,_vig_stem,0.888550
40,1,3,vig_tiny,cifar10,0.3,1,_vig_blocks.0,0.802321
40,1,3,vig_tiny,cifar10,0.3,2,_vig_blocks.1,0.826888
40,1,3,vig_tiny,cifar10,0.3,3,_vig_blocks.2,0.808682
40,1,3,vig_tiny,cifar10,0.3,4,_vig_blocks.3,0.819957
40,1,3,vig_tiny,cifar10,0.3,5,_vig_blocks.4,0.820773
40,1,3,vig_tiny,cifar10,0.3,6,_vig_blocks.5,0.833203
40,1,3,vig_tiny,cifar10,0.3,7,_vig_blocks.6,0.824563
40,1,3,vig_tiny,cifar10,0.3,8,_vig_blocks.7,0.812504
40,1,3,vig_tiny,cifar10,0.3,9,_vig_blocks.8,0.779121
40,1,3,vig_tiny,cifar10,0.3,10,_vig_blocks.9,0.748065
40,1,3,vig_tiny,cifar10,0.3,11,_vig_blocks.10,0.712804
40,1,3,vig_tiny,cifar10,0.3,12,_vig_blocks.11,0.669369
40,1,3,vig_tiny,cifar10,0.3,13,classifier,0.685046
40,1,4,vig_tiny,cifar10,0.3,0,_vig_stem,0.908307
40,1,4,vig_tiny,cifar10,0.3,1,_vig_blocks.0,0.846708
40,1,4,vig_tiny,cifar10,0.3,2,_vig_blocks.1,0.840182
40,1,4,vig_tiny,cifar10,0.3,3,_vig_blocks.2,0.812039
40,1,4,vig_tiny,cifar10,0.3,4,_vig_blocks.3,0.818763
40,1,4,vig_tiny,cifar10,0.3,5,_vig_blocks.4,0.796554
40,1,4,vig_tiny,cifar10,0.3,6,_vig_blocks.5,0.804787
40,1,4,vig_tiny,cifar10,0.3,7,_vig_blocks.6,0.795132
40,1,4,vig_tiny,cifar10,0.3,8,_vig_blocks.7,0.776205
40,1,4,vig_tiny,cifar10,0.3,9,_vig_blocks.8,0.743825
40,1,4,vig_tiny,cifar10,0.3,10,_vig_blocks.9,0.726478
40,1,4,vig_tiny,cifar10,0.3,11,_vig_blocks.10,0.688241
40,1,4,vig_tiny,cifar10,0.3,12,_vig_blocks.11,0.632618
40,1,4,vig_tiny,cifar10,0.3,13,classifier,0.519985
40,1,5,vig_tiny,cifar10,0.3,0,_vig_stem,0.909811
40,1,5,vig_tiny,cifar10,0.3,1,_vig_blocks.0,0.793697
40,1,5,vig_tiny,cifar10,0.3,2,_vig_blocks.1,0.814044
40,1,5,vig_tiny,cifar10,0.3,3,_vig_blocks.2,0.798739
40,1,5,vig_tiny,cifar10,0.3,4,_vig_blocks.3,0.801648
40,1,5,vig_tiny,cifar10,0.3,5,_vig_blocks.4,0.811113
40,1,5,vig_tiny,cifar10,0.3,6,_vig_blocks.5,0.822772
40,1,5,vig_tiny,cifar10,0.3,7,_vig_blocks.6,0.822595
40,1,5,vig_tiny,cifar10,0.3,8,_vig_blocks.7,0.816978
40,1,5,vig_tiny,cifar10,0.3,9,_vig_blocks.8,0.803885
40,1,5,vig_tiny,cifar10,0.3,10,_vig_blocks.9,0.780062
40,1,5,vig_tiny,cifar10,0.3,11,_vig_blocks.10,0.753920
40,1,5,vig_tiny,cifar10,0.3,12,_vig_blocks.11,0.719992
40,1,5,vig_tiny,cifar10,0.3,13,classifier,0.705895
40,1,6,vig_tiny,cifar10,0.3,0,_vig_stem,0.854720
40,1,6,vig_tiny,cifar10,0.3,1,_vig_blocks.0,0.776689
40,1,6,vig_tiny,cifar10,0.3,2,_vig_blocks.1,0.749244
40,1,6,vig_tiny,cifar10,0.3,3,_vig_blocks.2,0.723045
40,1,6,vig_tiny,cifar10,0.3,4,_vig_blocks.3,0.731919
40,1,6,vig_tiny,cifar10,0.3,5,_vig_blocks.4,0.746170
40,1,6,vig_tiny,cifar10,0.3,6,_vig_blocks.5,0.741657
40,1,6,vig_tiny,cifar10,0.3,7,_vig_blocks.6,0.747303
40,1,6,vig_tiny,cifar10,0.3,8,_vig_blocks.7,0.719838
40,1,6,vig_tiny,cifar10,0.3,9,_vig_blocks.8,0.707417
40,1,6,vig_tiny,cifar10,0.3,10,_vig_blocks.9,0.692772
40,1,6,vig_tiny,cifar10,0.3,11,_vig_blocks.10,0.660646
40,1,6,vig_tiny,cifar10,0.3,12,_vig_blocks.11,0.623543
40,1,6,vig_tiny,cifar10,0.3,13,classifier,0.523616
40,1,7,vig_tiny,cifar10,0.3,0,_vig_stem,0.894415
40,1,7,vig_tiny,cifar10,0.3,1,_vig_blocks.0,0.831549
40,1,7,vig_tiny,cifar10,0.3,2,_vig_blocks.1,0.837340
40,1,7,vig_tiny,cifar10,0.3,3,_vig_blocks.2,0.831592
40,1,7,vig_tiny,cifar10,0.3,4,_vig_blocks.3,0.843859
40,1,7,vig_tiny,cifar10,0.3,5,_vig_blocks.4,0.839234
40,1,7,vig_tiny,cifar10,0.3,6,_vig_blocks.5,0.848597
40,1,7,vig_tiny,cifar10,0.3,7,_vig_blocks.6,0.842589
40,1,7,vig_tiny,cifar10,0.3,8,_vig_blocks.7,0.836384
40,1,7,vig_tiny,cifar10,0.3,9,_vig_blocks.8,0.810025
40,1,7,vig_tiny,cifar10,0.3,10,_vig_blocks.9,0.777132
40,1,7,vig_tiny,cifar10,0.3,11,_vig_blocks.10,0.725770
40,1,7,vig_tiny,cifar10,0.3,12,_vig_blocks.11,0.674225
40,1,7,vig_tiny,cifar10,0.3,13,classifier,0.535069
40,1,8,vig_tiny,cifar10,0.3,0,_vig_stem,0.927617
40,1,8,vig_tiny,cifar10,0.3,1,_vig_blocks.0,0.856547
40,1,8,vig_tiny,cifar10,0.3,2,_vig_blocks.1,0.860802
40,1,8,vig_tiny,cifar10,0.3,3,_vig_blocks.2,0.853352
40,1,8,vig_tiny,cifar10,0.3,4,_vig_blocks.3,0.853299
40,1,8,vig_tiny,cifar10,0.3,5,_vig_blocks.4,0.866701
40,1,8,vig_tiny,cifar10,0.3,6,_vig_blocks.5,0.874212
40,1,8,vig_tiny,cifar10,0.3,7,_vig_blocks.6,0.870325
40,1,8,vig_tiny,cifar10,0.3,8,_vig_blocks.7,0.852873
40,1,8,vig_tiny,cifar10,0.3,9,_vig_blocks.8,0.820290
40,1,8,vig_tiny,cifar10,0.3,10,_vig_blocks.9,0.763054
40,1,8,vig_tiny,cifar10,0.3,11,_vig_blocks.10,0.703581
40,1,8,vig_tiny,cifar10,0.3,12,_vig_blocks.11,0.595138
40,1,8,vig_tiny,cifar10,0.3,13,classifier,0.428230
40,1,9,vig_tiny,cifar10,0.3,0,_vig_stem,0.842766
40,1,9,vig_tiny,cifar10,0.3,1,_vig_blocks.0,0.802384
40,1,9,vig_tiny,cifar10,0.3,2,_vig_blocks.1,0.759303
40,1,9,vig_tiny,cifar10,0.3,3,_vig_blocks.2,0.734294
40,1,9,vig_tiny,cifar10,0.3,4,_vig_blocks.3,0.723778
40,1,9,vig_tiny,cifar10,0.3,5,_vig_blocks.4,0.716636
40,1,9,vig_tiny,cifar10,0.3,6,_vig_blocks.5,0.699077
40,1,9,vig_tiny,cifar10,0.3,7,_vig_blocks.6,0.703729
40,1,9,vig_tiny,cifar10,0.3,8,_vig_blocks.7,0.674664
40,1,9,vig_tiny,cifar10,0.3,9,_vig_blocks.8,0.632837
40,1,9,vig_tiny,cifar10,0.3,10,_vig_blocks.9,0.600182
40,1,9,vig_tiny,cifar10,0.3,11,_vig_blocks.10,0.543840
40,1,9,vig_tiny,cifar10,0.3,12,_vig_blocks.11,0.504080
40,1,9,vig_tiny,cifar10,0.3,13,classifier,0.436969
40,2,3,vig_tiny,cifar10,0.3,0,_vig_stem,0.856145
40,2,3,vig_tiny,cifar10,0.3,1,_vig_blocks.0,0.714131
40,2,3,vig_tiny,cifar10,0.3,2,_vig_blocks.1,0.706960
40,2,3,vig_tiny,cifar10,0.3,3,_vig_blocks.2,0.678246
40,2,3,vig_tiny,cifar10,0.3,4,_vig_blocks.3,0.711324
40,2,3,vig_tiny,cifar10,0.3,5,_vig_blocks.4,0.697457
40,2,3,vig_tiny,cifar10,0.3,6,_vig_blocks.5,0.710868
40,2,3,vig_tiny,cifar10,0.3,7,_vig_blocks.6,0.696766
40,2,3,vig_tiny,cifar10,0.3,8,_vig_blocks.7,0.691165
40,2,3,vig_tiny,cifar10,0.3,9,_vig_blocks.8,0.674901
40,2,3,vig_tiny,cifar10,0.3,10,_vig_blocks.9,0.669115
40,2,3,vig_tiny,cifar10,0.3,11,_vig_blocks.10,0.646083
40,2,3,vig_tiny,cifar10,0.3,12,_vig_blocks.11,0.600936
40,2,3,vig_tiny,cifar10,0.3,13,classifier,0.576503
40,2,4,vig_tiny,cifar10,0.3,0,_vig_stem,0.854919
40,2,4,vig_tiny,cifar10,0.3,1,_vig_blocks.0,0.758803
40,2,4,vig_tiny,cifar10,0.3,2,_vig_blocks.1,0.767279
40,2,4,vig_tiny,cifar10,0.3,3,_vig_blocks.2,0.773283
40,2,4,vig_tiny,cifar10,0.3,4,_vig_blocks.3,0.785355
40,2,4,vig_tiny,cifar10,0.3,5,_vig_blocks.4,0.776231
40,2,4,vig_tiny,cifar10,0.3,6,_vig_blocks.5,0.768917
40,2,4,vig_tiny,cifar10,0.3,7,_vig_blocks.6,0.754323
40,2,4,vig_tiny,cifar10,0.3,8,_vig_blocks.7,0.739631
40,2,4,vig_tiny,cifar10,0.3,9,_vig_blocks.8,0.706388
40,2,4,vig_tiny,cifar10,0.3,10,_vig_blocks.9,0.682903
40,2,4,vig_tiny,cifar10,0.3,11,_vig_blocks.10,0.642724
40,2,4,vig_tiny,cifar10,0.3,12,_vig_blocks.11,0.621761
40,2,4,vig_tiny,cifar10,0.3,13,classifier,0.558186
40,2,5,vig_tiny,cifar10,0.3,0,_vig_stem,0.839578
40,2,5,vig_tiny,cifar10,0.3,1,_vig_blocks.0,0.735306
40,2,5,vig_tiny,cifar10,0.3,2,_vig_blocks.1,0.722621
40,2,5,vig_tiny,cifar10,0.3,3,_vig_blocks.2,0.722593
40,2,5,vig_tiny,cifar10,0.3,4,_vig_blocks.3,0.752678
40,2,5,vig_tiny,cifar10,0.3,5,_vig_blocks.4,0.741151
40,2,5,vig_tiny,cifar10,0.3,6,_vig_blocks.5,0.733340
40,2,5,vig_tiny,cifar10,0.3,7,_vig_blocks.6,0.727138
40,2,5,vig_tiny,cifar10,0.3,8,_vig_blocks.7,0.711313
40,2,5,vig_tiny,cifar10,0.3,9,_vig_blocks.8,0.693381
40,2,5,vig_tiny,cifar10,0.3,10,_vig_blocks.9,0.681950
40,2,5,vig_tiny,cifar10,0.3,11,_vig_blocks.10,0.660913
40,2,5,vig_tiny,cifar10,0.3,12,_vig_blocks.11,0.650755
40,2,5,vig_tiny,cifar10,0.3,13,classifier,0.622113
40,2,6,vig_tiny,cifar10,0.3,0,_vig_stem,0.821930
40,2,6,vig_tiny,cifar10,0.3,1,_vig_blocks.0,0.725328
40,2,6,vig_tiny,cifar10,0.3,2,_vig_blocks.1,0.726566
40,2,6,vig_tiny,cifar10,0.3,3,_vig_blocks.2,0.733960
40,2,6,vig_tiny,cifar10,0.3,4,_vig_blocks.3,0.748019
40,2,6,vig_tiny,cifar10,0.3,5,_vig_blocks.4,0.750921
40,2,6,vig_tiny,cifar10,0.3,6,_vig_blocks.5,0.761323
40,2,6,vig_tiny,cifar10,0.3,7,_vig_blocks.6,0.760711
40,2,6,vig_tiny,cifar10,0.3,8,_vig_blocks.7,0.745982
40,2,6,vig_tiny,cifar10,0.3,9,_vig_blocks.8,0.726564
40,2,6,vig_tiny,cifar10,0.3,10,_vig_blocks.9,0.711312
40,2,6,vig_tiny,cifar10,0.3,11,_vig_blocks.10,0.681921
40,2,6,vig_tiny,cifar10,0.3,12,_vig_blocks.11,0.663546
40,2,6,vig_tiny,cifar10,0.3,13,classifier,0.613393
40,2,7,vig_tiny,cifar10,0.3,0,_vig_stem,0.788661
40,2,7,vig_tiny,cifar10,0.3,1,_vig_blocks.0,0.746888
40,2,7,vig_tiny,cifar10,0.3,2,_vig_blocks.1,0.750998
40,2,7,vig_tiny,cifar10,0.3,3,_vig_blocks.2,0.739149
40,2,7,vig_tiny,cifar10,0.3,4,_vig_blocks.3,0.753223
40,2,7,vig_tiny,cifar10,0.3,5,_vig_blocks.4,0.748873
40,2,7,vig_tiny,cifar10,0.3,6,_vig_blocks.5,0.752082
40,2,7,vig_tiny,cifar10,0.3,7,_vig_blocks.6,0.739858
40,2,7,vig_tiny,cifar10,0.3,8,_vig_blocks.7,0.721035
40,2,7,vig_tiny,cifar10,0.3,9,_vig_blocks.8,0.684721
40,2,7,vig_tiny,cifar10,0.3,10,_vig_blocks.9,0.668288
40,2,7,vig_tiny,cifar10,0.3,11,_vig_blocks.10,0.634469
40,2,7,vig_tiny,cifar10,0.3,12,_vig_blocks.11,0.616311
40,2,7,vig_tiny,cifar10,0.3,13,classifier,0.554203
40,2,8,vig_tiny,cifar10,0.3,0,_vig_stem,0.916111
40,2,8,vig_tiny,cifar10,0.3,1,_vig_blocks.0,0.824777
40,2,8,vig_tiny,cifar10,0.3,2,_vig_blocks.1,0.807252
40,2,8,vig_tiny,cifar10,0.3,3,_vig_blocks.2,0.794293
40,2,8,vig_tiny,cifar10,0.3,4,_vig_blocks.3,0.804308
40,2,8,vig_tiny,cifar10,0.3,5,_vig_blocks.4,0.786021
40,2,8,vig_tiny,cifar10,0.3,6,_vig_blocks.5,0.782136
40,2,8,vig_tiny,cifar10,0.3,7,_vig_blocks.6,0.769404
40,2,8,vig_tiny,cifar10,0.3,8,_vig_blocks.7,0.746705
40,2,8,vig_tiny,cifar10,0.3,9,_vig_blocks.8,0.704495
40,2,8,vig_tiny,cifar10,0.3,10,_vig_blocks.9,0.669605
40,2,8,vig_tiny,cifar10,0.3,11,_vig_blocks.10,0.630867
40,2,8,vig_tiny,cifar10,0.3,12,_vig_blocks.11,0.612286
40,2,8,vig_tiny,cifar10,0.3,13,classifier,0.679368
40,2,9,vig_tiny,cifar10,0.3,0,_vig_stem,0.858765
40,2,9,vig_tiny,cifar10,0.3,1,_vig_blocks.0,0.739726
40,2,9,vig_tiny,cifar10,0.3,2,_vig_blocks.1,0.679279
40,2,9,vig_tiny,cifar10,0.3,3,_vig_blocks.2,0.673821
40,2,9,vig_tiny,cifar10,0.3,4,_vig_blocks.3,0.662876
40,2,9,vig_tiny,cifar10,0.3,5,_vig_blocks.4,0.646304
40,2,9,vig_tiny,cifar10,0.3,6,_vig_blocks.5,0.653867
40,2,9,vig_tiny,cifar10,0.3,7,_vig_blocks.6,0.667373
40,2,9,vig_tiny,cifar10,0.3,8,_vig_blocks.7,0.653193
40,2,9,vig_tiny,cifar10,0.3,9,_vig_blocks.8,0.628537
40,2,9,vig_tiny,cifar10,0.3,10,_vig_blocks.9,0.622521
40,2,9,vig_tiny,cifar10,0.3,11,_vig_blocks.10,0.593220
40,2,9,vig_tiny,cifar10,0.3,12,_vig_blocks.11,0.589448
40,2,9,vig_tiny,cifar10,0.3,13,classifier,0.599016
40,3,4,vig_tiny,cifar10,0.3,0,_vig_stem,0.897437
40,3,4,vig_tiny,cifar10,0.3,1,_vig_blocks.0,0.818579
40,3,4,vig_tiny,cifar10,0.3,2,_vig_blocks.1,0.814750
40,3,4,vig_tiny,cifar10,0.3,3,_vig_blocks.2,0.797368
40,3,4,vig_tiny,cifar10,0.3,4,_vig_blocks.3,0.824391
40,3,4,vig_tiny,cifar10,0.3,5,_vig_blocks.4,0.806279
40,3,4,vig_tiny,cifar10,0.3,6,_vig_blocks.5,0.796811
40,3,4,vig_tiny,cifar10,0.3,7,_vig_blocks.6,0.779648
40,3,4,vig_tiny,cifar10,0.3,8,_vig_blocks.7,0.769070
40,3,4,vig_tiny,cifar10,0.3,9,_vig_blocks.8,0.737901
40,3,4,vig_tiny,cifar10,0.3,10,_vig_blocks.9,0.725130
40,3,4,vig_tiny,cifar10,0.3,11,_vig_blocks.10,0.665673
40,3,4,vig_tiny,cifar10,0.3,12,_vig_blocks.11,0.612225
40,3,4,vig_tiny,cifar10,0.3,13,classifier,0.587022
40,3,5,vig_tiny,cifar10,0.3,0,_vig_stem,0.888586
40,3,5,vig_tiny,cifar10,0.3,1,_vig_blocks.0,0.809422
40,3,5,vig_tiny,cifar10,0.3,2,_vig_blocks.1,0.830085
40,3,5,vig_tiny,cifar10,0.3,3,_vig_blocks.2,0.847261
40,3,5,vig_tiny,cifar10,0.3,4,_vig_blocks.3,0.866765
40,3,5,vig_tiny,cifar10,0.3,5,_vig_blocks.4,0.876452
40,3,5,vig_tiny,cifar10,0.3,6,_vig_blocks.5,0.872335
40,3,5,vig_tiny,cifar10,0.3,7,_vig_blocks.6,0.864745
40,3,5,vig_tiny,cifar10,0.3,8,_vig_blocks.7,0.851511
40,3,5,vig_tiny,cifar10,0.3,9,_vig_blocks.8,0.827218
40,3,5,vig_tiny,cifar10,0.3,10,_vig_blocks.9,0.788658
40,3,5,vig_tiny,cifar10,0.3,11,_vig_blocks.10,0.739496
40,3,5,vig_tiny,cifar10,0.3,12,_vig_blocks.11,0.685334
40,3,5,vig_tiny,cifar10,0.3,13,classifier,0.679150
40,3,6,vig_tiny,cifar10,0.3,0,_vig_stem,0.822337
40,3,6,vig_tiny,cifar10,0.3,1,_vig_blocks.0,0.719461
40,3,6,vig_tiny,cifar10,0.3,2,_vig_blocks.1,0.724095
40,3,6,vig_tiny,cifar10,0.3,3,_vig_blocks.2,0.695087
40,3,6,vig_tiny,cifar10,0.3,4,_vig_blocks.3,0.724954
40,3,6,vig_tiny,cifar10,0.3,5,_vig_blocks.4,0.727895
40,3,6,vig_tiny,cifar10,0.3,6,_vig_blocks.5,0.725988
40,3,6,vig_tiny,cifar10,0.3,7,_vig_blocks.6,0.712882
40,3,6,vig_tiny,cifar10,0.3,8,_vig_blocks.7,0.696826
40,3,6,vig_tiny,cifar10,0.3,9,_vig_blocks.8,0.669982
40,3,6,vig_tiny,cifar10,0.3,10,_vig_blocks.9,0.660632
40,3,6,vig_tiny,cifar10,0.3,11,_vig_blocks.10,0.637164
40,3,6,vig_tiny,cifar10,0.3,12,_vig_blocks.11,0.607990
40,3,6,vig_tiny,cifar10,0.3,13,classifier,0.600066
40,3,7,vig_tiny,cifar10,0.3,0,_vig_stem,0.845038
40,3,7,vig_tiny,cifar10,0.3,1,_vig_blocks.0,0.826941
40,3,7,vig_tiny,cifar10,0.3,2,_vig_blocks.1,0.843787
40,3,7,vig_tiny,cifar10,0.3,3,_vig_blocks.2,0.830118
40,3,7,vig_tiny,cifar10,0.3,4,_vig_blocks.3,0.854927
40,3,7,vig_tiny,cifar10,0.3,5,_vig_blocks.4,0.852861
40,3,7,vig_tiny,cifar10,0.3,6,_vig_blocks.5,0.854893
40,3,7,vig_tiny,cifar10,0.3,7,_vig_blocks.6,0.843215
40,3,7,vig_tiny,cifar10,0.3,8,_vig_blocks.7,0.832738
40,3,7,vig_tiny,cifar10,0.3,9,_vig_blocks.8,0.789628
40,3,7,vig_tiny,cifar10,0.3,10,_vig_blocks.9,0.742369
40,3,7,vig_tiny,cifar10,0.3,11,_vig_blocks.10,0.673704
40,3,7,vig_tiny,cifar10,0.3,12,_vig_blocks.11,0.604579
40,3,7,vig_tiny,cifar10,0.3,13,classifier,0.505130
40,3,8,vig_tiny,cifar10,0.3,0,_vig_stem,0.931781
40,3,8,vig_tiny,cifar10,0.3,1,_vig_blocks.0,0.869575
40,3,8,vig_tiny,cifar10,0.3,2,_vig_blocks.1,0.873564
40,3,8,vig_tiny,cifar10,0.3,3,_vig_blocks.2,0.865218
40,3,8,vig_tiny,cifar10,0.3,4,_vig_blocks.3,0.879367
40,3,8,vig_tiny,cifar10,0.3,5,_vig_blocks.4,0.878659
40,3,8,vig_tiny,cifar10,0.3,6,_vig_blocks.5,0.873178
40,3,8,vig_tiny,cifar10,0.3,7,_vig_blocks.6,0.867284
40,3,8,vig_tiny,cifar10,0.3,8,_vig_blocks.7,0.855874
40,3,8,vig_tiny,cifar10,0.3,9,_vig_blocks.8,0.826636
40,3,8,vig_tiny,cifar10,0.3,10,_vig_blocks.9,0.785585
40,3,8,vig_tiny,cifar10,0.3,11,_vig_blocks.10,0.711597
40,3,8,vig_tiny,cifar10,0.3,12,_vig_blocks.11,0.621415
40,3,8,vig_tiny,cifar10,0.3,13,classifier,0.500185
40,3,9,vig_tiny,cifar10,0.3,0,_vig_stem,0.841336
40,3,9,vig_tiny,cifar10,0.3,1,_vig_blocks.0,0.744950
40,3,9,vig_tiny,cifar10,0.3,2,_vig_blocks.1,0.737687
40,3,9,vig_tiny,cifar10,0.3,3,_vig_blocks.2,0.718622
40,3,9,vig_tiny,cifar10,0.3,4,_vig_blocks.3,0.696941
40,3,9,vig_tiny,cifar10,0.3,5,_vig_blocks.4,0.698134
40,3,9,vig_tiny,cifar10,0.3,6,_vig_blocks.5,0.685714
40,3,9,vig_tiny,cifar10,0.3,7,_vig_blocks.6,0.684554
40,3,9,vig_tiny,cifar10,0.3,8,_vig_blocks.7,0.664977
40,3,9,vig_tiny,cifar10,0.3,9,_vig_blocks.8,0.632783
40,3,9,vig_tiny,cifar10,0.3,10,_vig_blocks.9,0.605728
40,3,9,vig_tiny,cifar10,0.3,11,_vig_blocks.10,0.563990
40,3,9,vig_tiny,cifar10,0.3,12,_vig_blocks.11,0.533815
40,3,9,vig_tiny,cifar10,0.3,13,classifier,0.561421
40,4,5,vig_tiny,cifar10,0.3,0,_vig_stem,0.923766
40,4,5,vig_tiny,cifar10,0.3,1,_vig_blocks.0,0.854823
40,4,5,vig_tiny,cifar10,0.3,2,_vig_blocks.1,0.861800
40,4,5,vig_tiny,cifar10,0.3,3,_vig_blocks.2,0.839683
40,4,5,vig_tiny,cifar10,0.3,4,_vig_blocks.3,0.847416
40,4,5,vig_tiny,cifar10,0.3,5,_vig_blocks.4,0.836424
40,4,5,vig_tiny,cifar10,0.3,6,_vig_blocks.5,0.834270
40,4,5,vig_tiny,cifar10,0.3,7,_vig_blocks.6,0.837186
40,4,5,vig_tiny,cifar10,0.3,8,_vig_blocks.7,0.825542
40,4,5,vig_tiny,cifar10,0.3,9,_vig_blocks.8,0.795072
40,4,5,vig_tiny,cifar10,0.3,10,_vig_blocks.9,0.778784
40,4,5,vig_tiny,cifar10,0.3,11,_vig_blocks.10,0.723642
40,4,5,vig_tiny,cifar10,0.3,12,_vig_blocks.11,0.689508
40,4,5,vig_tiny,cifar10,0.3,13,classifier,0.683204
40,4,6,vig_tiny,cifar10,0.3,0,_vig_stem,0.888077
40,4,6,vig_tiny,cifar10,0.3,1,_vig_blocks.0,0.808381
40,4,6,vig_tiny,cifar10,0.3,2,_vig_blocks.1,0.813442
40,4,6,vig_tiny,cifar10,0.3,3,_vig_blocks.2,0.786645
40,4,6,vig_tiny,cifar10,0.3,4,_vig_blocks.3,0.797340
40,4,6,vig_tiny,cifar10,0.3,5,_vig_blocks.4,0.791994
40,4,6,vig_tiny,cifar10,0.3,6,_vig_blocks.5,0.798554
40,4,6,vig_tiny,cifar10,0.3,7,_vig_blocks.6,0.800560
40,4,6,vig_tiny,cifar10,0.3,8,_vig_blocks.7,0.768173
40,4,6,vig_tiny,cifar10,0.3,9,_vig_blocks.8,0.735252
40,4,6,vig_tiny,cifar10,0.3,10,_vig_blocks.9,0.720674
40,4,6,vig_tiny,cifar10,0.3,11,_vig_blocks.10,0.684955
40,4,6,vig_tiny,cifar10,0.3,12,_vig_blocks.11,0.662441
40,4,6,vig_tiny,cifar10,0.3,13,classifier,0.604594
40,4,7,vig_tiny,cifar10,0.3,0,_vig_stem,0.853770
40,4,7,vig_tiny,cifar10,0.3,1,_vig_blocks.0,0.812489
40,4,7,vig_tiny,cifar10,0.3,2,_vig_blocks.1,0.827288
40,4,7,vig_tiny,cifar10,0.3,3,_vig_blocks.2,0.815022
40,4,7,vig_tiny,cifar10,0.3,4,_vig_blocks.3,0.836999
40,4,7,vig_tiny,cifar10,0.3,5,_vig_blocks.4,0.832504
40,4,7,vig_tiny,cifar10,0.3,6,_vig_blocks.5,0.831461
40,4,7,vig_tiny,cifar10,0.3,7,_vig_blocks.6,0.827613
40,4,7,vig_tiny,cifar10,0.3,8,_vig_blocks.7,0.814150
40,4,7,vig_tiny,cifar10,0.3,9,_vig_blocks.8,0.773819
40,4,7,vig_tiny,cifar10,0.3,10,_vig_blocks.9,0.735746
40,4,7,vig_tiny,cifar10,0.3,11,_vig_blocks.10,0.685555
40,4,7,vig_tiny,cifar10,0.3,12,_vig_blocks.11,0.650218
40,4,7,vig_tiny,cifar10,0.3,13,classifier,0.530615
40,4,8,vig_tiny,cifar10,0.3,0,_vig_stem,0.945180
40,4,8,vig_tiny,cifar10,0.3,1,_vig_blocks.0,0.894621
40,4,8,vig_tiny,cifar10,0.3,2,_vig_blocks.1,0.900217
40,4,8,vig_tiny,cifar10,0.3,3,_vig_blocks.2,0.875673
40,4,8,vig_tiny,cifar10,0.3,4,_vig_blocks.3,0.886878
40,4,8,vig_tiny,cifar10,0.3,5,_vig_blocks.4,0.874222
40,4,8,vig_tiny,cifar10,0.3,6,_vig_blocks.5,0.853165
40,4,8,vig_tiny,cifar10,0.3,7,_vig_blocks.6,0.837461
40,4,8,vig_tiny,cifar10,0.3,8,_vig_blocks.7,0.822995
40,4,8,vig_tiny,cifar10,0.3,9,_vig_blocks.8,0.764177
40,4,8,vig_tiny,cifar10,0.3,10,_vig_blocks.9,0.737613
40,4,8,vig_tiny,cifar10,0.3,11,_vig_blocks.10,0.675030
40,4,8,vig_tiny,cifar10,0.3,12,_vig_blocks.11,0.626657
40,4,8,vig_tiny,cifar10,0.3,13,classifier,0.602377
40,4,9,vig_tiny,cifar10,0.3,0,_vig_stem,0.832663
40,4,9,vig_tiny,cifar10,0.3,1,_vig_blocks.0,0.765203
40,4,9,vig_tiny,cifar10,0.3,2,_vig_blocks.1,0.732344
40,4,9,vig_tiny,cifar10,0.3,3,_vig_blocks.2,0.702308
40,4,9,vig_tiny,cifar10,0.3,4,_vig_blocks.3,0.690769
40,4,9,vig_tiny,cifar10,0.3,5,_vig_blocks.4,0.680969
40,4,9,vig_tiny,cifar10,0.3,6,_vig_blocks.5,0.654454
40,4,9,vig_tiny,cifar10,0.3,7,_vig_blocks.6,0.667113
40,4,9,vig_tiny,cifar10,0.3,8,_vig_blocks.7,0.640262
40,4,9,vig_tiny,cifar10,0.3,9,_vig_blocks.8,0.605273
40,4,9,vig_tiny,cifar10,0.3,10,_vig_blocks.9,0.585881
40,4,9,vig_tiny,cifar10,0.3,11,_vig_blocks.10,0.546579
40,4,9,vig_tiny,cifar10,0.3,12,_vig_blocks.11,0.525016
40,4,9,vig_tiny,cifar10,0.3,13,classifier,0.461509
40,5,6,vig_tiny,cifar10,0.3,0,_vig_stem,0.839892
40,5,6,vig_tiny,cifar10,0.3,1,_vig_blocks.0,0.748718
40,5,6,vig_tiny,cifar10,0.3,2,_vig_blocks.1,0.751125
40,5,6,vig_tiny,cifar10,0.3,3,_vig_blocks.2,0.724952
40,5,6,vig_tiny,cifar10,0.3,4,_vig_blocks.3,0.757363
40,5,6,vig_tiny,cifar10,0.3,5,_vig_blocks.4,0.758932
40,5,6,vig_tiny,cifar10,0.3,6,_vig_blocks.5,0.753173
40,5,6,vig_tiny,cifar10,0.3,7,_vig_blocks.6,0.759897
40,5,6,vig_tiny,cifar10,0.3,8,_vig_blocks.7,0.738119
40,5,6,vig_tiny,cifar10,0.3,9,_vig_blocks.8,0.715699
40,5,6,vig_tiny,cifar10,0.3,10,_vig_blocks.9,0.710715
40,5,6,vig_tiny,cifar10,0.3,11,_vig_blocks.10,0.697742
40,5,6,vig_tiny,cifar10,0.3,12,_vig_blocks.11,0.691063
40,5,6,vig_tiny,cifar10,0.3,13,classifier,0.722295
40,5,7,vig_tiny,cifar10,0.3,0,_vig_stem,0.904565
40,5,7,vig_tiny,cifar10,0.3,1,_vig_blocks.0,0.840437
40,5,7,vig_tiny,cifar10,0.3,2,_vig_blocks.1,0.846380
40,5,7,vig_tiny,cifar10,0.3,3,_vig_blocks.2,0.845335
40,5,7,vig_tiny,cifar10,0.3,4,_vig_blocks.3,0.857958
40,5,7,vig_tiny,cifar10,0.3,5,_vig_blocks.4,0.857371
40,5,7,vig_tiny,cifar10,0.3,6,_vig_blocks.5,0.857379
40,5,7,vig_tiny,cifar10,0.3,7,_vig_blocks.6,0.858589
40,5,7,vig_tiny,cifar10,0.3,8,_vig_blocks.7,0.850923
40,5,7,vig_tiny,cifar10,0.3,9,_vig_blocks.8,0.822378
40,5,7,vig_tiny,cifar10,0.3,10,_vig_blocks.9,0.781709
40,5,7,vig_tiny,cifar10,0.3,11,_vig_blocks.10,0.734397
40,5,7,vig_tiny,cifar10,0.3,12,_vig_blocks.11,0.688209
40,5,7,vig_tiny,cifar10,0.3,13,classifier,0.609593
40,5,8,vig_tiny,cifar10,0.3,0,_vig_stem,0.944699
40,5,8,vig_tiny,cifar10,0.3,1,_vig_blocks.0,0.895907
40,5,8,vig_tiny,cifar10,0.3,2,_vig_blocks.1,0.899199
40,5,8,vig_tiny,cifar10,0.3,3,_vig_blocks.2,0.891610
40,5,8,vig_tiny,cifar10,0.3,4,_vig_blocks.3,0.898438
40,5,8,vig_tiny,cifar10,0.3,5,_vig_blocks.4,0.898380
40,5,8,vig_tiny,cifar10,0.3,6,_vig_blocks.5,0.887358
40,5,8,vig_tiny,cifar10,0.3,7,_vig_blocks.6,0.881369
40,5,8,vig_tiny,cifar10,0.3,8,_vig_blocks.7,0.868998
40,5,8,vig_tiny,cifar10,0.3,9,_vig_blocks.8,0.844095
40,5,8,vig_tiny,cifar10,0.3,10,_vig_blocks.9,0.804317
40,5,8,vig_tiny,cifar10,0.3,11,_vig_blocks.10,0.765048
40,5,8,vig_tiny,cifar10,0.3,12,_vig_blocks.11,0.705739
40,5,8,vig_tiny,cifar10,0.3,13,classifier,0.656641
40,5,9,vig_tiny,cifar10,0.3,0,_vig_stem,0.782626
40,5,9,vig_tiny,cifar10,0.3,1,_vig_blocks.0,0.679115
40,5,9,vig_tiny,cifar10,0.3,2,_vig_blocks.1,0.677595
40,5,9,vig_tiny,cifar10,0.3,3,_vig_blocks.2,0.662558
40,5,9,vig_tiny,cifar10,0.3,4,_vig_blocks.3,0.649222
40,5,9,vig_tiny,cifar10,0.3,5,_vig_blocks.4,0.653466
40,5,9,vig_tiny,cifar10,0.3,6,_vig_blocks.5,0.636246
40,5,9,vig_tiny,cifar10,0.3,7,_vig_blocks.6,0.648845
40,5,9,vig_tiny,cifar10,0.3,8,_vig_blocks.7,0.633440
40,5,9,vig_tiny,cifar10,0.3,9,_vig_blocks.8,0.605973
40,5,9,vig_tiny,cifar10,0.3,10,_vig_blocks.9,0.574799
40,5,9,vig_tiny,cifar10,0.3,11,_vig_blocks.10,0.539636
40,5,9,vig_tiny,cifar10,0.3,12,_vig_blocks.11,0.527597
40,5,9,vig_tiny,cifar10,0.3,13,classifier,0.529320
40,6,7,vig_tiny,cifar10,0.3,0,_vig_stem,0.772901
40,6,7,vig_tiny,cifar10,0.3,1,_vig_blocks.0,0.735308
40,6,7,vig_tiny,cifar10,0.3,2,_vig_blocks.1,0.755897
40,6,7,vig_tiny,cifar10,0.3,3,_vig_blocks.2,0.747247
40,6,7,vig_tiny,cifar10,0.3,4,_vig_blocks.3,0.761767
40,6,7,vig_tiny,cifar10,0.3,5,_vig_blocks.4,0.766386
40,6,7,vig_tiny,cifar10,0.3,6,_vig_blocks.5,0.761244
40,6,7,vig_tiny,cifar10,0.3,7,_vig_blocks.6,0.763237
40,6,7,vig_tiny,cifar10,0.3,8,_vig_blocks.7,0.737803
40,6,7,vig_tiny,cifar10,0.3,9,_vig_blocks.8,0.705250
40,6,7,vig_tiny,cifar10,0.3,10,_vig_blocks.9,0.671808
40,6,7,vig_tiny,cifar10,0.3,11,_vig_blocks.10,0.638090
40,6,7,vig_tiny,cifar10,0.3,12,_vig_blocks.11,0.617230
40,6,7,vig_tiny,cifar10,0.3,13,classifier,0.573742
40,6,8,vig_tiny,cifar10,0.3,0,_vig_stem,0.886778
40,6,8,vig_tiny,cifar10,0.3,1,_vig_blocks.0,0.805192
40,6,8,vig_tiny,cifar10,0.3,2,_vig_blocks.1,0.795278
40,6,8,vig_tiny,cifar10,0.3,3,_vig_blocks.2,0.767575
40,6,8,vig_tiny,cifar10,0.3,4,_vig_blocks.3,0.784394
40,6,8,vig_tiny,cifar10,0.3,5,_vig_blocks.4,0.787999
40,6,8,vig_tiny,cifar10,0.3,6,_vig_blocks.5,0.780851
40,6,8,vig_tiny,cifar10,0.3,7,_vig_blocks.6,0.782417
40,6,8,vig_tiny,cifar10,0.3,8,_vig_blocks.7,0.749838
40,6,8,vig_tiny,cifar10,0.3,9,_vig_blocks.8,0.705314
40,6,8,vig_tiny,cifar10,0.3,10,_vig_blocks.9,0.669078
40,6,8,vig_tiny,cifar10,0.3,11,_vig_blocks.10,0.631718
40,6,8,vig_tiny,cifar10,0.3,12,_vig_blocks.11,0.618499
40,6,8,vig_tiny,cifar10,0.3,13,classifier,0.704291
40,6,9,vig_tiny,cifar10,0.3,0,_vig_stem,0.856360
40,6,9,vig_tiny,cifar10,0.3,1,_vig_blocks.0,0.785716
40,6,9,vig_tiny,cifar10,0.3,2,_vig_blocks.1,0.762366
40,6,9,vig_tiny,cifar10,0.3,3,_vig_blocks.2,0.725625
40,6,9,vig_tiny,cifar10,0.3,4,_vig_blocks.3,0.720569
40,6,9,vig_tiny,cifar10,0.3,5,_vig_blocks.4,0.722532
40,6,9,vig_tiny,cifar10,0.3,6,_vig_blocks.5,0.706792
40,6,9,vig_tiny,cifar10,0.3,7,_vig_blocks.6,0.715040
40,6,9,vig_tiny,cifar10,0.3,8,_vig_blocks.7,0.705302
40,6,9,vig_tiny,cifar10,0.3,9,_vig_blocks.8,0.692274
40,6,9,vig_tiny,cifar10,0.3,10,_vig_blocks.9,0.674107
40,6,9,vig_tiny,cifar10,0.3,11,_vig_blocks.10,0.644643
40,6,9,vig_tiny,cifar10,0.3,12,_vig_blocks.11,0.638002
40,6,9,vig_tiny,cifar10,0.3,13,classifier,0.555431
40,7,8,vig_tiny,cifar10,0.3,0,_vig_stem,0.887524
40,7,8,vig_tiny,cifar10,0.3,1,_vig_blocks.0,0.890353
40,7,8,vig_tiny,cifar10,0.3,2,_vig_blocks.1,0.899903
40,7,8,vig_tiny,cifar10,0.3,3,_vig_blocks.2,0.888654
40,7,8,vig_tiny,cifar10,0.3,4,_vig_blocks.3,0.899346
40,7,8,vig_tiny,cifar10,0.3,5,_vig_blocks.4,0.894983
40,7,8,vig_tiny,cifar10,0.3,6,_vig_blocks.5,0.892409
40,7,8,vig_tiny,cifar10,0.3,7,_vig_blocks.6,0.885853
40,7,8,vig_tiny,cifar10,0.3,8,_vig_blocks.7,0.879451
40,7,8,vig_tiny,cifar10,0.3,9,_vig_blocks.8,0.846185
40,7,8,vig_tiny,cifar10,0.3,10,_vig_blocks.9,0.799797
40,7,8,vig_tiny,cifar10,0.3,11,_vig_blocks.10,0.749846
40,7,8,vig_tiny,cifar10,0.3,12,_vig_blocks.11,0.676832
40,7,8,vig_tiny,cifar10,0.3,13,classifier,0.573666
40,7,9,vig_tiny,cifar10,0.3,0,_vig_stem,0.761718
40,7,9,vig_tiny,cifar10,0.3,1,_vig_blocks.0,0.704311
40,7,9,vig_tiny,cifar10,0.3,2,_vig_blocks.1,0.692727
40,7,9,vig_tiny,cifar10,0.3,3,_vig_blocks.2,0.685818
40,7,9,vig_tiny,cifar10,0.3,4,_vig_blocks.3,0.681279
40,7,9,vig_tiny,cifar10,0.3,5,_vig_blocks.4,0.680918
40,7,9,vig_tiny,cifar10,0.3,6,_vig_blocks.5,0.663100
40,7,9,vig_tiny,cifar10,0.3,7,_vig_blocks.6,0.671899
40,7,9,vig_tiny,cifar10,0.3,8,_vig_blocks.7,0.654651
40,7,9,vig_tiny,cifar10,0.3,9,_vig_blocks.8,0.617742
40,7,9,vig_tiny,cifar10,0.3,10,_vig_blocks.9,0.591203
40,7,9,vig_tiny,cifar10,0.3,11,_vig_blocks.10,0.560880
40,7,9,vig_tiny,cifar10,0.3,12,_vig_blocks.11,0.534454
40,7,9,vig_tiny,cifar10,0.3,13,classifier,0.439124
40,8,9,vig_tiny,cifar10,0.3,0,_vig_stem,0.857604
40,8,9,vig_tiny,cifar10,0.3,1,_vig_blocks.0,0.780332
40,8,9,vig_tiny,cifar10,0.3,2,_vig_blocks.1,0.739805
40,8,9,vig_tiny,cifar10,0.3,3,_vig_blocks.2,0.716163
40,8,9,vig_tiny,cifar10,0.3,4,_vig_blocks.3,0.688736
40,8,9,vig_tiny,cifar10,0.3,5,_vig_blocks.4,0.690079
40,8,9,vig_tiny,cifar10,0.3,6,_vig_blocks.5,0.670763
40,8,9,vig_tiny,cifar10,0.3,7,_vig_blocks.6,0.681201
40,8,9,vig_tiny,cifar10,0.3,8,_vig_blocks.7,0.655858
40,8,9,vig_tiny,cifar10,0.3,9,_vig_blocks.8,0.614608
40,8,9,vig_tiny,cifar10,0.3,10,_vig_blocks.9,0.574198
40,8,9,vig_tiny,cifar10,0.3,11,_vig_blocks.10,0.527894
40,8,9,vig_tiny,cifar10,0.3,12,_vig_blocks.11,0.495194
40,8,9,vig_tiny,cifar10,0.3,13,classifier,0.364520
50,0,1,vig_tiny,cifar10,0.3,0,_vig_stem,0.885818
50,0,1,vig_tiny,cifar10,0.3,1,_vig_blocks.0,0.815822
50,0,1,vig_tiny,cifar10,0.3,2,_vig_blocks.1,0.816795
50,0,1,vig_tiny,cifar10,0.3,3,_vig_blocks.2,0.807382
50,0,1,vig_tiny,cifar10,0.3,4,_vig_blocks.3,0.806590
50,0,1,vig_tiny,cifar10,0.3,5,_vig_blocks.4,0.799137
50,0,1,vig_tiny,cifar10,0.3,6,_vig_blocks.5,0.805521
50,0,1,vig_tiny,cifar10,0.3,7,_vig_blocks.6,0.803896
50,0,1,vig_tiny,cifar10,0.3,8,_vig_blocks.7,0.805591
50,0,1,vig_tiny,cifar10,0.3,9,_vig_blocks.8,0.785023
50,0,1,vig_tiny,cifar10,0.3,10,_vig_blocks.9,0.775139
50,0,1,vig_tiny,cifar10,0.3,11,_vig_blocks.10,0.755784
50,0,1,vig_tiny,cifar10,0.3,12,_vig_blocks.11,0.728728
50,0,1,vig_tiny,cifar10,0.3,13,classifier,0.658931
50,0,2,vig_tiny,cifar10,0.3,0,_vig_stem,0.834456
50,0,2,vig_tiny,cifar10,0.3,1,_vig_blocks.0,0.822481
50,0,2,vig_tiny,cifar10,0.3,2,_vig_blocks.1,0.828968
50,0,2,vig_tiny,cifar10,0.3,3,_vig_blocks.2,0.814137
50,0,2,vig_tiny,cifar10,0.3,4,_vig_blocks.3,0.807634
50,0,2,vig_tiny,cifar10,0.3,5,_vig_blocks.4,0.805564
50,0,2,vig_tiny,cifar10,0.3,6,_vig_blocks.5,0.780973
50,0,2,vig_tiny,cifar10,0.3,7,_vig_blocks.6,0.780232
50,0,2,vig_tiny,cifar10,0.3,8,_vig_blocks.7,0.772779
50,0,2,vig_tiny,cifar10,0.3,9,_vig_blocks.8,0.725587
50,0,2,vig_tiny,cifar10,0.3,10,_vig_blocks.9,0.690382
50,0,2,vig_tiny,cifar10,0.3,11,_vig_blocks.10,0.676816
50,0,2,vig_tiny,cifar10,0.3,12,_vig_blocks.11,0.692766
50,0,2,vig_tiny,cifar10,0.3,13,classifier,0.802975
50,0,3,vig_tiny,cifar10,0.3,0,_vig_stem,0.904078
50,0,3,vig_tiny,cifar10,0.3,1,_vig_blocks.0,0.860511
50,0,3,vig_tiny,cifar10,0.3,2,_vig_blocks.1,0.846704
50,0,3,vig_tiny,cifar10,0.3,3,_vig_blocks.2,0.841836
50,0,3,vig_tiny,cifar10,0.3,4,_vig_blocks.3,0.847498
50,0,3,vig_tiny,cifar10,0.3,5,_vig_blocks.4,0.841992
50,0,3,vig_tiny,cifar10,0.3,6,_vig_blocks.5,0.844103
50,0,3,vig_tiny,cifar10,0.3,7,_vig_blocks.6,0.841497
50,0,3,vig_tiny,cifar10,0.3,8,_vig_blocks.7,0.823341
50,0,3,vig_tiny,cifar10,0.3,9,_vig_blocks.8,0.786173
50,0,3,vig_tiny,cifar10,0.3,10,_vig_blocks.9,0.749403
50,0,3,vig_tiny,cifar10,0.3,11,_vig_blocks.10,0.706879
50,0,3,vig_tiny,cifar10,0.3,12,_vig_blocks.11,0.642238
50,0,3,vig_tiny,cifar10,0.3,13,classifier,0.560370
50,0,4,vig_tiny,cifar10,0.3,0,_vig_stem,0.851702
50,0,4,vig_tiny,cifar10,0.3,1,_vig_blocks.0,0.803260
50,0,4,vig_tiny,cifar10,0.3,2,_vig_blocks.1,0.799853
50,0,4,vig_tiny,cifar10,0.3,3,_vig_blocks.2,0.805816
50,0,4,vig_tiny,cifar10,0.3,4,_vig_blocks.3,0.808788
50,0,4,vig_tiny,cifar10,0.3,5,_vig_blocks.4,0.811964
50,0,4,vig_tiny,cifar10,0.3,6,_vig_blocks.5,0.807632
50,0,4,vig_tiny,cifar10,0.3,7,_vig_blocks.6,0.805506
50,0,4,vig_tiny,cifar10,0.3,8,_vig_blocks.7,0.792559
50,0,4,vig_tiny,cifar10,0.3,9,_vig_blocks.8,0.753019
50,0,4,vig_tiny,cifar10,0.3,10,_vig_blocks.9,0.714608
50,0,4,vig_tiny,cifar10,0.3,11,_vig_blocks.10,0.686257
50,0,4,vig_tiny,cifar10,0.3,12,_vig_blocks.11,0.668838
50,0,4,vig_tiny,cifar10,0.3,13,classifier,0.755261
50,0,5,vig_tiny,cifar10,0.3,0,_vig_stem,0.917860
50,0,5,vig_tiny,cifar10,0.3,1,_vig_blocks.0,0.871511
50,0,5,vig_tiny,cifar10,0.3,2,_vig_blocks.1,0.852300
50,0,5,vig_tiny,cifar10,0.3,3,_vig_blocks.2,0.855080
50,0,5,vig_tiny,cifar10,0.3,4,_vig_blocks.3,0.861430
50,0,5,vig_tiny,cifar10,0.3,5,_vig_blocks.4,0.873767
50,0,5,vig_tiny,cifar10,0.3,6,_vig_blocks.5,0.875394
50,0,5,vig_tiny,cifar10,0.3,7,_vig_blocks.6,0.866958
50,0,5,vig_tiny,cifar10,0.3,8,_vig_blocks.7,0.859512
50,0,5,vig_tiny,cifar10,0.3,9,_vig_blocks.8,0.831824
50,0,5,vig_tiny,cifar10,0.3,10,_vig_blocks.9,0.798021
50,0,5,vig_tiny,cifar10,0.3,11,_vig_blocks.10,0.770199
50,0,5,vig_tiny,cifar10,0.3,12,_vig_blocks.11,0.757860
50,0,5,vig_tiny,cifar10,0.3,13,classifier,0.807718
50,0,6,vig_tiny,cifar10,0.3,0,_vig_stem,0.822303
50,0,6,vig_tiny,cifar10,0.3,1,_vig_blocks.0,0.718432
50,0,6,vig_tiny,cifar10,0.3,2,_vig_blocks.1,0.689464
50,0,6,vig_tiny,cifar10,0.3,3,_vig_blocks.2,0.647246
50,0,6,vig_tiny,cifar10,0.3,4,_vig_blocks.3,0.645529
50,0,6,vig_tiny,cifar10,0.3,5,_vig_blocks.4,0.644725
50,0,6,vig_tiny,cifar10,0.3,6,_vig_blocks.5,0.653694
50,0,6,vig_tiny,cifar10,0.3,7,_vig_blocks.6,0.653657
50,0,6,vig_tiny,cifar10,0.3,8,_vig_blocks.7,0.646901
50,0,6,vig_tiny,cifar10,0.3,9,_vig_blocks.8,0.605912
50,0,6,vig_tiny,cifar10,0.3,10,_vig_blocks.9,0.575107
50,0,6,vig_tiny,cifar10,0.3,11,_vig_blocks.10,0.529948
50,0,6,vig_tiny,cifar10,0.3,12,_vig_blocks.11,0.504660
50,0,6,vig_tiny,cifar10,0.3,13,classifier,0.530921
50,0,7,vig_tiny,cifar10,0.3,0,_vig_stem,0.896392
50,0,7,vig_tiny,cifar10,0.3,1,_vig_blocks.0,0.880204
50,0,7,vig_tiny,cifar10,0.3,2,_vig_blocks.1,0.878198
50,0,7,vig_tiny,cifar10,0.3,3,_vig_blocks.2,0.870922
50,0,7,vig_tiny,cifar10,0.3,4,_vig_blocks.3,0.861289
50,0,7,vig_tiny,cifar10,0.3,5,_vig_blocks.4,0.864480
50,0,7,vig_tiny,cifar10,0.3,6,_vig_blocks.5,0.871802
50,0,7,vig_tiny,cifar10,0.3,7,_vig_blocks.6,0.869281
50,0,7,vig_tiny,cifar10,0.3,8,_vig_blocks.7,0.866852
50,0,7,vig_tiny,cifar10,0.3,9,_vig_blocks.8,0.848385
50,0,7,vig_tiny,cifar10,0.3,10,_vig_blocks.9,0.830562
50,0,7,vig_tiny,cifar10,0.3,11,_vig_blocks.10,0.802144
50,0,7,vig_tiny,cifar10,0.3,12,_vig_blocks.11,0.751500
50,0,7,vig_tiny,cifar10,0.3,13,classifier,0.685146
50,0,8,vig_tiny,cifar10,0.3,0,_vig_stem,0.904096
50,0,8,vig_tiny,cifar10,0.3,1,_vig_blocks.0,0.867608
50,0,8,vig_tiny,cifar10,0.3,2,_vig_blocks.1,0.856380
50,0,8,vig_tiny,cifar10,0.3,3,_vig_blocks.2,0.846376
50,0,8,vig_tiny,cifar10,0.3,4,_vig_blocks.3,0.842188
50,0,8,vig_tiny,cifar10,0.3,5,_vig_blocks.4,0.835701
50,0,8,vig_tiny,cifar10,0.3,6,_vig_blocks.5,0.832474
50,0,8,vig_tiny,cifar10,0.3,7,_vig_blocks.6,0.830423
50,0,8,vig_tiny,cifar10,0.3,8,_vig_blocks.7,0.813100
50,0,8,vig_tiny,cifar10,0.3,9,_vig_blocks.8,0.765056
50,0,8,vig_tiny,cifar10,0.3,10,_vig_blocks.9,0.705291
50,0,8,vig_tiny,cifar10,0.3,11,_vig_blocks.10,0.665128
50,0,8,vig_tiny,cifar10,0.3,12,_vig_blocks.11,0.624311
50,0,8,vig_tiny,cifar10,0.3,13,classifier,0.687862
50,0,9,vig_tiny,cifar10,0.3,0,_vig_stem,0.815044
50,0,9,vig_tiny,cifar10,0.3,1,_vig_blocks.0,0.734644
50,0,9,vig_tiny,cifar10,0.3,2,_vig_blocks.1,0.705923
50,0,9,vig_tiny,cifar10,0.3,3,_vig_blocks.2,0.677821
50,0,9,vig_tiny,cifar10,0.3,4,_vig_blocks.3,0.667940
50,0,9,vig_tiny,cifar10,0.3,5,_vig_blocks.4,0.687793
50,0,9,vig_tiny,cifar10,0.3,6,_vig_blocks.5,0.687312
50,0,9,vig_tiny,cifar10,0.3,7,_vig_blocks.6,0.677174
50,0,9,vig_tiny,cifar10,0.3,8,_vig_blocks.7,0.673609
50,0,9,vig_tiny,cifar10,0.3,9,_vig_blocks.8,0.643545
50,0,9,vig_tiny,cifar10,0.3,10,_vig_blocks.9,0.597870
50,0,9,vig_tiny,cifar10,0.3,11,_vig_blocks.10,0.556731
50,0,9,vig_tiny,cifar10,0.3,12,_vig_blocks.11,0.519642
50,0,9,vig_tiny,cifar10,0.3,13,classifier,0.438172
50,1,2,vig_tiny,cifar10,0.3,0,_vig_stem,0.806823
50,1,2,vig_tiny,cifar10,0.3,1,_vig_blocks.0,0.760273
50,1,2,vig_tiny,cifar10,0.3,2,_vig_blocks.1,0.798718
50,1,2,vig_tiny,cifar10,0.3,3,_vig_blocks.2,0.792145
50,1,2,vig_tiny,cifar10,0.3,4,_vig_blocks.3,0.812530
50,1,2,vig_tiny,cifar10,0.3,5,_vig_blocks.4,0.804475
50,1,2,vig_tiny,cifar10,0.3,6,_vig_blocks.5,0.793783
50,1,2,vig_tiny,cifar10,0.3,7,_vig_blocks.6,0.780002
50,1,2,vig_tiny,cifar10,0.3,8,_vig_blocks.7,0.771981
50,1,2,vig_tiny,cifar10,0.3,9,_vig_blocks.8,0.734277
50,1,2,vig_tiny,cifar10,0.3,10,_vig_blocks.9,0.692554
50,1,2,vig_tiny,cifar10,0.3,11,_vig_blocks.10,0.677516
50,1,2,vig_tiny,cifar10,0.3,12,_vig_blocks.11,0.649776
50,1,2,vig_tiny,cifar10,0.3,13,classifier,0.595873
50,1,3,vig_tiny,cifar10,0.3,0,_vig_stem,0.879906
50,1,3,vig_tiny,cifar10,0.3,1,_vig_blocks.0,0.825388
50,1,3,vig_tiny,cifar10,0.3,2,_vig_blocks.1,0.835218
50,1,3,vig_tiny,cifar10,0.3,3,_vig_blocks.2,0.832393
50,1,3,vig_tiny,cifar10,0.3,4,_vig_blocks.3,0.838626
50,1,3,vig_tiny,cifar10,0.3,5,_vig_blocks.4,0.822417
50,1,3,vig_tiny,cifar10,0.3,6,_vig_blocks.5,0.818836
50,1,3,vig_tiny,cifar10,0.3,7,_vig_blocks.6,0.816694
50,1,3,vig_tiny,cifar10,0.3,8,_vig_blocks.7,0.799782
50,1,3,vig_tiny,cifar10,0.3,9,_vig_blocks.8,0.780085
50,1,3,vig_tiny,cifar10,0.3,10,_vig_blocks.9,0.748726
50,1,3,vig_tiny,cifar10,0.3,11,_vig_blocks.10,0.705282
50,1,3,vig_tiny,cifar10,0.3,12,_vig_blocks.11,0.649309
50,1,3,vig_tiny,cifar10,0.3,13,classifier,0.636114
50,1,4,vig_tiny,cifar10,0.3,0,_vig_stem,0.811322
50,1,4,vig_tiny,cifar10,0.3,1,_vig_blocks.0,0.768129
50,1,4,vig_tiny,cifar10,0.3,2,_vig_blocks.1,0.767146
50,1,4,vig_tiny,cifar10,0.3,3,_vig_blocks.2,0.778318
50,1,4,vig_tiny,cifar10,0.3,4,_vig_blocks.3,0.814141
50,1,4,vig_tiny,cifar10,0.3,5,_vig_blocks.4,0.826943
50,1,4,vig_tiny,cifar10,0.3,6,_vig_blocks.5,0.819600
50,1,4,vig_tiny,cifar10,0.3,7,_vig_blocks.6,0.817576
50,1,4,vig_tiny,cifar10,0.3,8,_vig_blocks.7,0.809179
50,1,4,vig_tiny,cifar10,0.3,9,_vig_blocks.8,0.779776
50,1,4,vig_tiny,cifar10,0.3,10,_vig_blocks.9,0.722016
50,1,4,vig_tiny,cifar10,0.3,11,_vig_blocks.10,0.682522
50,1,4,vig_tiny,cifar10,0.3,12,_vig_blocks.11,0.638493
50,1,4,vig_tiny,cifar10,0.3,13,classifier,0.600776
50,1,5,vig_tiny,cifar10,0.3,0,_vig_stem,0.892878
50,1,5,vig_tiny,cifar10,0.3,1,_vig_blocks.0,0.833923
50,1,5,vig_tiny,cifar10,0.3,2,_vig_blocks.1,0.839427
50,1,5,vig_tiny,cifar10,0.3,3,_vig_blocks.2,0.838666
50,1,5,vig_tiny,cifar10,0.3,4,_vig_blocks.3,0.852329
50,1,5,vig_tiny,cifar10,0.3,5,_vig_blocks.4,0.839851
50,1,5,vig_tiny,cifar10,0.3,6,_vig_blocks.5,0.838279
50,1,5,vig_tiny,cifar10,0.3,7,_vig_blocks.6,0.832278
50,1,5,vig_tiny,cifar10,0.3,8,_vig_blocks.7,0.825103
50,1,5,vig_tiny,cifar10,0.3,9,_vig_blocks.8,0.801022
50,1,5,vig_tiny,cifar10,0.3,10,_vig_blocks.9,0.762724
50,1,5,vig_tiny,cifar10,0.3,11,_vig_blocks.10,0.723898
50,1,5,vig_tiny,cifar10,0.3,12,_vig_blocks.11,0.667772
50,1,5,vig_tiny,cifar10,0.3,13,classifier,0.597534
50,1,6,vig_tiny,cifar10,0.3,0,_vig_stem,0.796427
50,1,6,vig_tiny,cifar10,0.3,1,_vig_blocks.0,0.763854
50,1,6,vig_tiny,cifar10,0.3,2,_vig_blocks.1,0.758994
50,1,6,vig_tiny,cifar10,0.3,3,_vig_blocks.2,0.720850
50,1,6,vig_tiny,cifar10,0.3,4,_vig_blocks.3,0.725121
50,1,6,vig_tiny,cifar10,0.3,5,_vig_blocks.4,0.716785
50,1,6,vig_tiny,cifar10,0.3,6,_vig_blocks.5,0.723205
50,1,6,vig_tiny,cifar10,0.3,7,_vig_blocks.6,0.714272
50,1,6,vig_tiny,cifar10,0.3,8,_vig_blocks.7,0.704557
50,1,6,vig_tiny,cifar10,0.3,9,_vig_blocks.8,0.677776
50,1,6,vig_tiny,cifar10,0.3,10,_vig_blocks.9,0.647359
50,1,6,vig_tiny,cifar10,0.3,11,_vig_blocks.10,0.604131
50,1,6,vig_tiny,cifar10,0.3,12,_vig_blocks.11,0.571442
50,1,6,vig_tiny,cifar10,0.3,13,classifier,0.513269
50,1,7,vig_tiny,cifar10,0.3,0,_vig_stem,0.869229
50,1,7,vig_tiny,cifar10,0.3,1,_vig_blocks.0,0.830820
50,1,7,vig_tiny,cifar10,0.3,2,_vig_blocks.1,0.844647
50,1,7,vig_tiny,cifar10,0.3,3,_vig_blocks.2,0.844882
50,1,7,vig_tiny,cifar10,0.3,4,_vig_blocks.3,0.866481
50,1,7,vig_tiny,cifar10,0.3,5,_vig_blocks.4,0.866630
50,1,7,vig_tiny,cifar10,0.3,6,_vig_blocks.5,0.864660
50,1,7,vig_tiny,cifar10,0.3,7,_vig_blocks.6,0.852249
50,1,7,vig_tiny,cifar10,0.3,8,_vig_blocks.7,0.843905
50,1,7,vig_tiny,cifar10,0.3,9,_vig_blocks.8,0.807368
50,1,7,vig_tiny,cifar10,0.3,10,_vig_blocks.9,0.770658
50,1,7,vig_tiny,cifar10,0.3,11,_vig_blocks.10,0.716891
50,1,7,vig_tiny,cifar10,0.3,12,_vig_blocks.11,0.667572
50,1,7,vig_tiny,cifar10,0.3,13,classifier,0.574571
50,1,8,vig_tiny,cifar10,0.3,0,_vig_stem,0.883022
50,1,8,vig_tiny,cifar10,0.3,1,_vig_blocks.0,0.838499
50,1,8,vig_tiny,cifar10,0.3,2,_vig_blocks.1,0.862166
50,1,8,vig_tiny,cifar10,0.3,3,_vig_blocks.2,0.856230
50,1,8,vig_tiny,cifar10,0.3,4,_vig_blocks.3,0.877562
50,1,8,vig_tiny,cifar10,0.3,5,_vig_blocks.4,0.871927
50,1,8,vig_tiny,cifar10,0.3,6,_vig_blocks.5,0.867832
50,1,8,vig_tiny,cifar10,0.3,7,_vig_blocks.6,0.851969
50,1,8,vig_tiny,cifar10,0.3,8,_vig_blocks.7,0.842056
50,1,8,vig_tiny,cifar10,0.3,9,_vig_blocks.8,0.808891
50,1,8,vig_tiny,cifar10,0.3,10,_vig_blocks.9,0.732851
50,1,8,vig_tiny,cifar10,0.3,11,_vig_blocks.10,0.667722
50,1,8,vig_tiny,cifar10,0.3,12,_vig_blocks.11,0.551333
50,1,8,vig_tiny,cifar10,0.3,13,classifier,0.355656
50,1,9,vig_tiny,cifar10,0.3,0,_vig_stem,0.787862
50,1,9,vig_tiny,cifar10,0.3,1,_vig_blocks.0,0.726186
50,1,9,vig_tiny,cifar10,0.3,2,_vig_blocks.1,0.707235
50,1,9,vig_tiny,cifar10,0.3,3,_vig_blocks.2,0.692350
50,1,9,vig_tiny,cifar10,0.3,4,_vig_blocks.3,0.688578
50,1,9,vig_tiny,cifar10,0.3,5,_vig_blocks.4,0.694901
50,1,9,vig_tiny,cifar10,0.3,6,_vig_blocks.5,0.701481
50,1,9,vig_tiny,cifar10,0.3,7,_vig_blocks.6,0.692757
50,1,9,vig_tiny,cifar10,0.3,8,_vig_blocks.7,0.686459
50,1,9,vig_tiny,cifar10,0.3,9,_vig_blocks.8,0.669451
50,1,9,vig_tiny,cifar10,0.3,10,_vig_blocks.9,0.630466
50,1,9,vig_tiny,cifar10,0.3,11,_vig_blocks.10,0.582475
50,1,9,vig_tiny,cifar10,0.3,12,_vig_blocks.11,0.532880
50,1,9,vig_tiny,cifar10,0.3,13,classifier,0.490744
50,2,3,vig_tiny,cifar10,0.3,0,_vig_stem,0.790802
50,2,3,vig_tiny,cifar10,0.3,1,_vig_blocks.0,0.770390
50,2,3,vig_tiny,cifar10,0.3,2,_vig_blocks.1,0.790367
50,2,3,vig_tiny,cifar10,0.3,3,_vig_blocks.2,0.784357
50,2,3,vig_tiny,cifar10,0.3,4,_vig_blocks.3,0.789634
50,2,3,vig_tiny,cifar10,0.3,5,_vig_blocks.4,0.786734
50,2,3,vig_tiny,cifar10,0.3,6,_vig_blocks.5,0.772077
50,2,3,vig_tiny,cifar10,0.3,7,_vig_blocks.6,0.773736
50,2,3,vig_tiny,cifar10,0.3,8,_vig_blocks.7,0.752668
50,2,3,vig_tiny,cifar10,0.3,9,_vig_blocks.8,0.718037
50,2,3,vig_tiny,cifar10,0.3,10,_vig_blocks.9,0.672905
50,2,3,vig_tiny,cifar10,0.3,11,_vig_blocks.10,0.628207
50,2,3,vig_tiny,cifar10,0.3,12,_vig_blocks.11,0.580761
50,2,3,vig_tiny,cifar10,0.3,13,classifier,0.529274
50,2,4,vig_tiny,cifar10,0.3,0,_vig_stem,0.887783
50,2,4,vig_tiny,cifar10,0.3,1,_vig_blocks.0,0.851779
50,2,4,vig_tiny,cifar10,0.3,2,_vig_blocks.1,0.868681
50,2,4,vig_tiny,cifar10,0.3,3,_vig_blocks.2,0.858795
50,2,4,vig_tiny,cifar10,0.3,4,_vig_blocks.3,0.871119
50,2,4,vig_tiny,cifar10,0.3,5,_vig_blocks.4,0.858621
50,2,4,vig_tiny,cifar10,0.3,6,_vig_blocks.5,0.846849
50,2,4,vig_tiny,cifar10,0.3,7,_vig_blocks.6,0.841882
50,2,4,vig_tiny,cifar10,0.3,8,_vig_blocks.7,0.823543
50,2,4,vig_tiny,cifar10,0.3,9,_vig_blocks.8,0.786087
50,2,4,vig_tiny,cifar10,0.3,10,_vig_blocks.9,0.756989
50,2,4,vig_tiny,cifar10,0.3,11,_vig_blocks.10,0.724696
50,2,4,vig_tiny,cifar10,0.3,12,_vig_blocks.11,0.729016
50,2,4,vig_tiny,cifar10,0.3,13,classifier,0.786023
50,2,5,vig_tiny,cifar10,0.3,0,_vig_stem,0.862446
50,2,5,vig_tiny,cifar10,0.3,1,_vig_blocks.0,0.821234
50,2,5,vig_tiny,cifar10,0.3,2,_vig_blocks.1,0.854335
50,2,5,vig_tiny,cifar10,0.3,3,_vig_blocks.2,0.849756
50,2,5,vig_tiny,cifar10,0.3,4,_vig_blocks.3,0.853821
50,2,5,vig_tiny,cifar10,0.3,5,_vig_blocks.4,0.834305
50,2,5,vig_tiny,cifar10,0.3,6,_vig_blocks.5,0.820944
50,2,5,vig_tiny,cifar10,0.3,7,_vig_blocks.6,0.811499
50,2,5,vig_tiny,cifar10,0.3,8,_vig_blocks.7,0.803402
50,2,5,vig_tiny,cifar10,0.3,9,_vig_blocks.8,0.770284
50,2,5,vig_tiny,cifar10,0.3,10,_vig_blocks.9,0.745176
50,2,5,vig_tiny,cifar10,0.3,11,_vig_blocks.10,0.732070
50,2,5,vig_tiny,cifar10,0.3,12,_vig_blocks.11,0.743733
50,2,5,vig_tiny,cifar10,0.3,13,classifier,0.780355
50,2,6,vig_tiny,cifar10,0.3,0,_vig_stem,0.835802
50,2,6,vig_tiny,cifar10,0.3,1,_vig_blocks.0,0.765735
50,2,6,vig_tiny,cifar10,0.3,2,_vig_blocks.1,0.765300
50,2,6,vig_tiny,cifar10,0.3,3,_vig_blocks.2,0.744888
50,2,6,vig_tiny,cifar10,0.3,4,_vig_blocks.3,0.751694
50,2,6,vig_tiny,cifar10,0.3,5,_vig_blocks.4,0.740430
50,2,6,vig_tiny,cifar10,0.3,6,_vig_blocks.5,0.745108
50,2,6,vig_tiny,cifar10,0.3,7,_vig_blocks.6,0.745937
50,2,6,vig_tiny,cifar10,0.3,8,_vig_blocks.7,0.734653
50,2,6,vig_tiny,cifar10,0.3,9,_vig_blocks.8,0.702274
50,2,6,vig_tiny,cifar10,0.3,10,_vig_blocks.9,0.656469
50,2,6,vig_tiny,cifar10,0.3,11,_vig_blocks.10,0.608738
50,2,6,vig_tiny,cifar10,0.3,12,_vig_blocks.11,0.582041
50,2,6,vig_tiny,cifar10,0.3,13,classifier,0.597364
50,2,7,vig_tiny,cifar10,0.3,0,_vig_stem,0.798087
50,2,7,vig_tiny,cifar10,0.3,1,_vig_blocks.0,0.763123
50,2,7,vig_tiny,cifar10,0.3,2,_vig_blocks.1,0.824431
50,2,7,vig_tiny,cifar10,0.3,3,_vig_blocks.2,0.811104
50,2,7,vig_tiny,cifar10,0.3,4,_vig_blocks.3,0.825569
50,2,7,vig_tiny,cifar10,0.3,5,_vig_blocks.4,0.798646
50,2,7,vig_tiny,cifar10,0.3,6,_vig_blocks.5,0.781715
50,2,7,vig_tiny,cifar10,0.3,7,_vig_blocks.6,0.768929
50,2,7,vig_tiny,cifar10,0.3,8,_vig_blocks.7,0.752725
50,2,7,vig_tiny,cifar10,0.3,9,_vig_blocks.8,0.684892
50,2,7,vig_tiny,cifar10,0.3,10,_vig_blocks.9,0.621484
50,2,7,vig_tiny,cifar10,0.3,11,_vig_blocks.10,0.559713
50,2,7,vig_tiny,cifar10,0.3,12,_vig_blocks.11,0.518081
50,2,7,vig_tiny,cifar10,0.3,13,classifier,0.527106
50,2,8,vig_tiny,cifar10,0.3,0,_vig_stem,0.903182
50,2,8,vig_tiny,cifar10,0.3,1,_vig_blocks.0,0.875581
50,2,8,vig_tiny,cifar10,0.3,2,_vig_blocks.1,0.886728
50,2,8,vig_tiny,cifar10,0.3,3,_vig_blocks.2,0.880092
50,2,8,vig_tiny,cifar10,0.3,4,_vig_blocks.3,0.877955
50,2,8,vig_tiny,cifar10,0.3,5,_vig_blocks.4,0.862025
50,2,8,vig_tiny,cifar10,0.3,6,_vig_blocks.5,0.854514
50,2,8,vig_tiny,cifar10,0.3,7,_vig_blocks.6,0.845404
50,2,8,vig_tiny,cifar10,0.3,8,_vig_blocks.7,0.829315
50,2,8,vig_tiny,cifar10,0.3,9,_vig_blocks.8,0.779622
50,2,8,vig_tiny,cifar10,0.3,10,_vig_blocks.9,0.728083
50,2,8,vig_tiny,cifar10,0.3,11,_vig_blocks.10,0.684306
50,2,8,vig_tiny,cifar10,0.3,12,_vig_blocks.11,0.648002
50,2,8,vig_tiny,cifar10,0.3,13,classifier,0.687119
50,2,9,vig_tiny,cifar10,0.3,0,_vig_stem,0.817382
50,2,9,vig_tiny,cifar10,0.3,1,_vig_blocks.0,0.757779
50,2,9,vig_tiny,cifar10,0.3,2,_vig_blocks.1,0.751090
50,2,9,vig_tiny,cifar10,0.3,3,_vig_blocks.2,0.735938
50,2,9,vig_tiny,cifar10,0.3,4,_vig_blocks.3,0.731205
50,2,9,vig_tiny,cifar10,0.3,5,_vig_blocks.4,0.729353
50,2,9,vig_tiny,cifar10,0.3,6,_vig_blocks.5,0.726529
50,2,9,vig_tiny,cifar10,0.3,7,_vig_blocks.6,0.723265
50,2,9,vig_tiny,cifar10,0.3,8,_vig_blocks.7,0.709363
50,2,9,vig_tiny,cifar10,0.3,9,_vig_blocks.8,0.671724
50,2,9,vig_tiny,cifar10,0.3,10,_vig_blocks.9,0.612331
50,2,9,vig_tiny,cifar10,0.3,11,_vig_blocks.10,0.549085
50,2,9,vig_tiny,cifar10,0.3,12,_vig_blocks.11,0.493808
50,2,9,vig_tiny,cifar10,0.3,13,classifier,0.423373
50,3,4,vig_tiny,cifar10,0.3,0,_vig_stem,0.829052
50,3,4,vig_tiny,cifar10,0.3,1,_vig_blocks.0,0.758834
50,3,4,vig_tiny,cifar10,0.3,2,_vig_blocks.1,0.762625
50,3,4,vig_tiny,cifar10,0.3,3,_vig_blocks.2,0.766101
50,3,4,vig_tiny,cifar10,0.3,4,_vig_blocks.3,0.785591
50,3,4,vig_tiny,cifar10,0.3,5,_vig_blocks.4,0.805599
50,3,4,vig_tiny,cifar10,0.3,6,_vig_blocks.5,0.804443
50,3,4,vig_tiny,cifar10,0.3,7,_vig_blocks.6,0.810598
50,3,4,vig_tiny,cifar10,0.3,8,_vig_blocks.7,0.798034
50,3,4,vig_tiny,cifar10,0.3,9,_vig_blocks.8,0.771581
50,3,4,vig_tiny,cifar10,0.3,10,_vig_blocks.9,0.721010
50,3,4,vig_tiny,cifar10,0.3,11,_vig_blocks.10,0.652984
50,3,4,vig_tiny,cifar10,0.3,12,_vig_blocks.11,0.568681
50,3,4,vig_tiny,cifar10,0.3,13,classifier,0.494315
50,3,5,vig_tiny,cifar10,0.3,0,_vig_stem,0.901213
50,3,5,vig_tiny,cifar10,0.3,1,_vig_blocks.0,0.854161
50,3,5,vig_tiny,cifar10,0.3,2,_vig_blocks.1,0.840594
50,3,5,vig_tiny,cifar10,0.3,3,_vig_blocks.2,0.838004
50,3,5,vig_tiny,cifar10,0.3,4,_vig_blocks.3,0.852285
50,3,5,vig_tiny,cifar10,0.3,5,_vig_blocks.4,0.861221
50,3,5,vig_tiny,cifar10,0.3,6,_vig_blocks.5,0.861608
50,3,5,vig_tiny,cifar10,0.3,7,_vig_blocks.6,0.863438
50,3,5,vig_tiny,cifar10,0.3,8,_vig_blocks.7,0.842091
50,3,5,vig_tiny,cifar10,0.3,9,_vig_blocks.8,0.812104
50,3,5,vig_tiny,cifar10,0.3,10,_vig_blocks.9,0.759615
50,3,5,vig_tiny,cifar10,0.3,11,_vig_blocks.10,0.693458
50,3,5,vig_tiny,cifar10,0.3,12,_vig_blocks.11,0.613598
50,3,5,vig_tiny,cifar10,0.3,13,classifier,0.545292
50,3,6,vig_tiny,cifar10,0.3,0,_vig_stem,0.816456
50,3,6,vig_tiny,cifar10,0.3,1,_vig_blocks.0,0.742352
50,3,6,vig_tiny,cifar10,0.3,2,_vig_blocks.1,0.721237
50,3,6,vig_tiny,cifar10,0.3,3,_vig_blocks.2,0.690000
50,3,6,vig_tiny,cifar10,0.3,4,_vig_blocks.3,0.696052
50,3,6,vig_tiny,cifar10,0.3,5,_vig_blocks.4,0.686175
50,3,6,vig_tiny,cifar10,0.3,6,_vig_blocks.5,0.693004
50,3,6,vig_tiny,cifar10,0.3,7,_vig_blocks.6,0.701932
50,3,6,vig_tiny,cifar10,0.3,8,_vig_blocks.7,0.683928
50,3,6,vig_tiny,cifar10,0.3,9,_vig_blocks.8,0.662224
50,3,6,vig_tiny,cifar10,0.3,10,_vig_blocks.9,0.636218
50,3,6,vig_tiny,cifar10,0.3,11,_vig_blocks.10,0.590944
50,3,6,vig_tiny,cifar10,0.3,12,_vig_blocks.11,0.564887
50,3,6,vig_tiny,cifar10,0.3,13,classifier,0.537997
50,3,7,vig_tiny,cifar10,0.3,0,_vig_stem,0.893445
50,3,7,vig_tiny,cifar10,0.3,1,_vig_blocks.0,0.870579
50,3,7,vig_tiny,cifar10,0.3,2,_vig_blocks.1,0.867946
50,3,7,vig_tiny,cifar10,0.3,3,_vig_blocks.2,0.853610
50,3,7,vig_tiny,cifar10,0.3,4,_vig_blocks.3,0.867072
50,3,7,vig_tiny,cifar10,0.3,5,_vig_blocks.4,0.858980
50,3,7,vig_tiny,cifar10,0.3,6,_vig_blocks.5,0.854438
50,3,7,vig_tiny,cifar10,0.3,7,_vig_blocks.6,0.852233
50,3,7,vig_tiny,cifar10,0.3,8,_vig_blocks.7,0.833100
50,3,7,vig_tiny,cifar10,0.3,9,_vig_blocks.8,0.805168
50,3,7,vig_tiny,cifar10,0.3,10,_vig_blocks.9,0.750633
50,3,7,vig_tiny,cifar10,0.3,11,_vig_blocks.10,0.694653
50,3,7,vig_tiny,cifar10,0.3,12,_vig_blocks.11,0.624313
50,3,7,vig_tiny,cifar10,0.3,13,classifier,0.478601
50,3,8,vig_tiny,cifar10,0.3,0,_vig_stem,0.881595
50,3,8,vig_tiny,cifar10,0.3,1,_vig_blocks.0,0.855667
50,3,8,vig_tiny,cifar10,0.3,2,_vig_blocks.1,0.861748
50,3,8,vig_tiny,cifar10,0.3,3,_vig_blocks.2,0.854791
50,3,8,vig_tiny,cifar10,0.3,4,_vig_blocks.3,0.862518
50,3,8,vig_tiny,cifar10,0.3,5,_vig_blocks.4,0.863515
50,3,8,vig_tiny,cifar10,0.3,6,_vig_blocks.5,0.855953
50,3,8,vig_tiny,cifar10,0.3,7,_vig_blocks.6,0.856460
50,3,8,vig_tiny,cifar10,0.3,8,_vig_blocks.7,0.837917
50,3,8,vig_tiny,cifar10,0.3,9,_vig_blocks.8,0.798751
50,3,8,vig_tiny,cifar10,0.3,10,_vig_blocks.9,0.731956
50,3,8,vig_tiny,cifar10,0.3,11,_vig_blocks.10,0.649711
50,3,8,vig_tiny,cifar10,0.3,12,_vig_blocks.11,0.520661
50,3,8,vig_tiny,cifar10,0.3,13,classifier,0.374915
50,3,9,vig_tiny,cifar10,0.3,0,_vig_stem,0.811513
50,3,9,vig_tiny,cifar10,0.3,1,_vig_blocks.0,0.749559
50,3,9,vig_tiny,cifar10,0.3,2,_vig_blocks.1,0.739703
50,3,9,vig_tiny,cifar10,0.3,3,_vig_blocks.2,0.710423
50,3,9,vig_tiny,cifar10,0.3,4,_vig_blocks.3,0.692887
50,3,9,vig_tiny,cifar10,0.3,5,_vig_blocks.4,0.698726
50,3,9,vig_tiny,cifar10,0.3,6,_vig_blocks.5,0.700862
50,3,9,vig_tiny,cifar10,0.3,7,_vig_blocks.6,0.700396
50,3,9,vig_tiny,cifar10,0.3,8,_vig_blocks.7,0.695796
50,3,9,vig_tiny,cifar10,0.3,9,_vig_blocks.8,0.690013
50,3,9,vig_tiny,cifar10,0.3,10,_vig_blocks.9,0.644777
50,3,9,vig_tiny,cifar10,0.3,11,_vig_blocks.10,0.594625
50,3,9,vig_tiny,cifar10,0.3,12,_vig_blocks.11,0.550318
50,3,9,vig_tiny,cifar10,0.3,13,classifier,0.535977
50,4,5,vig_tiny,cifar10,0.3,0,_vig_stem,0.895609
50,4,5,vig_tiny,cifar10,0.3,1,_vig_blocks.0,0.811249
50,4,5,vig_tiny,cifar10,0.3,2,_vig_blocks.1,0.818965
50,4,5,vig_tiny,cifar10,0.3,3,_vig_blocks.2,0.833470
50,4,5,vig_tiny,cifar10,0.3,4,_vig_blocks.3,0.849980
50,4,5,vig_tiny,cifar10,0.3,5,_vig_blocks.4,0.849403
50,4,5,vig_tiny,cifar10,0.3,6,_vig_blocks.5,0.844575
50,4,5,vig_tiny,cifar10,0.3,7,_vig_blocks.6,0.839069
50,4,5,vig_tiny,cifar10,0.3,8,_vig_blocks.7,0.831396
50,4,5,vig_tiny,cifar10,0.3,9,_vig_blocks.8,0.798136
50,4,5,vig_tiny,cifar10,0.3,10,_vig_blocks.9,0.769579
50,4,5,vig_tiny,cifar10,0.3,11,_vig_blocks.10,0.744959
50,4,5,vig_tiny,cifar10,0.3,12,_vig_blocks.11,0.723335
50,4,5,vig_tiny,cifar10,0.3,13,classifier,0.765405
50,4,6,vig_tiny,cifar10,0.3,0,_vig_stem,0.832592
50,4,6,vig_tiny,cifar10,0.3,1,_vig_blocks.0,0.769915
50,4,6,vig_tiny,cifar10,0.3,2,_vig_blocks.1,0.764590
50,4,6,vig_tiny,cifar10,0.3,3,_vig_blocks.2,0.751464
50,4,6,vig_tiny,cifar10,0.3,4,_vig_blocks.3,0.767387
50,4,6,vig_tiny,cifar10,0.3,5,_vig_blocks.4,0.759088
50,4,6,vig_tiny,cifar10,0.3,6,_vig_blocks.5,0.750850
50,4,6,vig_tiny,cifar10,0.3,7,_vig_blocks.6,0.753109
50,4,6,vig_tiny,cifar10,0.3,8,_vig_blocks.7,0.727395
50,4,6,vig_tiny,cifar10,0.3,9,_vig_blocks.8,0.690023
50,4,6,vig_tiny,cifar10,0.3,10,_vig_blocks.9,0.653311
50,4,6,vig_tiny,cifar10,0.3,11,_vig_blocks.10,0.601220
50,4,6,vig_tiny,cifar10,0.3,12,_vig_blocks.11,0.558255
50,4,6,vig_tiny,cifar10,0.3,13,classifier,0.554312
50,4,7,vig_tiny,cifar10,0.3,0,_vig_stem,0.780936
50,4,7,vig_tiny,cifar10,0.3,1,_vig_blocks.0,0.752453
50,4,7,vig_tiny,cifar10,0.3,2,_vig_blocks.1,0.794321
50,4,7,vig_tiny,cifar10,0.3,3,_vig_blocks.2,0.786144
50,4,7,vig_tiny,cifar10,0.3,4,_vig_blocks.3,0.812831
50,4,7,vig_tiny,cifar10,0.3,5,_vig_blocks.4,0.806562
50,4,7,vig_tiny,cifar10,0.3,6,_vig_blocks.5,0.805688
50,4,7,vig_tiny,cifar10,0.3,7,_vig_blocks.6,0.796792
50,4,7,vig_tiny,cifar10,0.3,8,_vig_blocks.7,0.788464
50,4,7,vig_tiny,cifar10,0.3,9,_vig_blocks.8,0.739560
50,4,7,vig_tiny,cifar10,0.3,10,_vig_blocks.9,0.670661
50,4,7,vig_tiny,cifar10,0.3,11,_vig_blocks.10,0.604455
50,4,7,vig_tiny,cifar10,0.3,12,_vig_blocks.11,0.542244
50,4,7,vig_tiny,cifar10,0.3,13,classifier,0.492479
50,4,8,vig_tiny,cifar10,0.3,0,_vig_stem,0.888781
50,4,8,vig_tiny,cifar10,0.3,1,_vig_blocks.0,0.839349
50,4,8,vig_tiny,cifar10,0.3,2,_vig_blocks.1,0.854592
50,4,8,vig_tiny,cifar10,0.3,3,_vig_blocks.2,0.863404
50,4,8,vig_tiny,cifar10,0.3,4,_vig_blocks.3,0.869580
50,4,8,vig_tiny,cifar10,0.3,5,_vig_blocks.4,0.873610
50,4,8,vig_tiny,cifar10,0.3,6,_vig_blocks.5,0.866153
50,4,8,vig_tiny,cifar10,0.3,7,_vig_blocks.6,0.856893
50,4,8,vig_tiny,cifar10,0.3,8,_vig_blocks.7,0.848319
50,4,8,vig_tiny,cifar10,0.3,9,_vig_blocks.8,0.825125
50,4,8,vig_tiny,cifar10,0.3,10,_vig_blocks.9,0.788417
50,4,8,vig_tiny,cifar10,0.3,11,_vig_blocks.10,0.746472
50,4,8,vig_tiny,cifar10,0.3,12,_vig_blocks.11,0.709254
50,4,8,vig_tiny,cifar10,0.3,13,classifier,0.700676
50,4,9,vig_tiny,cifar10,0.3,0,_vig_stem,0.883060
50,4,9,vig_tiny,cifar10,0.3,1,_vig_blocks.0,0.805601
50,4,9,vig_tiny,cifar10,0.3,2,_vig_blocks.1,0.777643
50,4,9,vig_tiny,cifar10,0.3,3,_vig_blocks.2,0.753520
50,4,9,vig_tiny,cifar10,0.3,4,_vig_blocks.3,0.748512
50,4,9,vig_tiny,cifar10,0.3,5,_vig_blocks.4,0.752244
50,4,9,vig_tiny,cifar10,0.3,6,_vig_blocks.5,0.759070
50,4,9,vig_tiny,cifar10,0.3,7,_vig_blocks.6,0.749256
50,4,9,vig_tiny,cifar10,0.3,8,_vig_blocks.7,0.735635
50,4,9,vig_tiny,cifar10,0.3,9,_vig_blocks.8,0.710989
50,4,9,vig_tiny,cifar10,0.3,10,_vig_blocks.9,0.667529
50,4,9,vig_tiny,cifar10,0.3,11,_vig_blocks.10,0.608285
50,4,9,vig_tiny,cifar10,0.3,12,_vig_blocks.11,0.546831
50,4,9,vig_tiny,cifar10,0.3,13,classifier,0.387160
50,5,6,vig_tiny,cifar10,0.3,0,_vig_stem,0.855066
50,5,6,vig_tiny,cifar10,0.3,1,_vig_blocks.0,0.792102
50,5,6,vig_tiny,cifar10,0.3,2,_vig_blocks.1,0.777350
50,5,6,vig_tiny,cifar10,0.3,3,_vig_blocks.2,0.752122
50,5,6,vig_tiny,cifar10,0.3,4,_vig_blocks.3,0.757454
50,5,6,vig_tiny,cifar10,0.3,5,_vig_blocks.4,0.733745
50,5,6,vig_tiny,cifar10,0.3,6,_vig_blocks.5,0.733782
50,5,6,vig_tiny,cifar10,0.3,7,_vig_blocks.6,0.726214
50,5,6,vig_tiny,cifar10,0.3,8,_vig_blocks.7,0.703731
50,5,6,vig_tiny,cifar10,0.3,9,_vig_blocks.8,0.674290
50,5,6,vig_tiny,cifar10,0.3,10,_vig_blocks.9,0.638657
50,5,6,vig_tiny,cifar10,0.3,11,_vig_blocks.10,0.593131
50,5,6,vig_tiny,cifar10,0.3,12,_vig_blocks.11,0.566998
50,5,6,vig_tiny,cifar10,0.3,13,classifier,0.551569
50,5,7,vig_tiny,cifar10,0.3,0,_vig_stem,0.859825
50,5,7,vig_tiny,cifar10,0.3,1,_vig_blocks.0,0.841617
50,5,7,vig_tiny,cifar10,0.3,2,_vig_blocks.1,0.855560
50,5,7,vig_tiny,cifar10,0.3,3,_vig_blocks.2,0.846895
50,5,7,vig_tiny,cifar10,0.3,4,_vig_blocks.3,0.850936
50,5,7,vig_tiny,cifar10,0.3,5,_vig_blocks.4,0.848277
50,5,7,vig_tiny,cifar10,0.3,6,_vig_blocks.5,0.853305
50,5,7,vig_tiny,cifar10,0.3,7,_vig_blocks.6,0.846500
50,5,7,vig_tiny,cifar10,0.3,8,_vig_blocks.7,0.835632
50,5,7,vig_tiny,cifar10,0.3,9,_vig_blocks.8,0.801059
50,5,7,vig_tiny,cifar10,0.3,10,_vig_blocks.9,0.749670
50,5,7,vig_tiny,cifar10,0.3,11,_vig_blocks.10,0.681969
50,5,7,vig_tiny,cifar10,0.3,12,_vig_blocks.11,0.616831
50,5,7,vig_tiny,cifar10,0.3,13,classifier,0.554534
50,5,8,vig_tiny,cifar10,0.3,0,_vig_stem,0.914939
50,5,8,vig_tiny,cifar10,0.3,1,_vig_blocks.0,0.877230
50,5,8,vig_tiny,cifar10,0.3,2,_vig_blocks.1,0.883968
50,5,8,vig_tiny,cifar10,0.3,3,_vig_blocks.2,0.890283
50,5,8,vig_tiny,cifar10,0.3,4,_vig_blocks.3,0.896749
50,5,8,vig_tiny,cifar10,0.3,5,_vig_blocks.4,0.890099
50,5,8,vig_tiny,cifar10,0.3,6,_vig_blocks.5,0.887926
50,5,8,vig_tiny,cifar10,0.3,7,_vig_blocks.6,0.881557
50,5,8,vig_tiny,cifar10,0.3,8,_vig_blocks.7,0.868279
50,5,8,vig_tiny,cifar10,0.3,9,_vig_blocks.8,0.831246
50,5,8,vig_tiny,cifar10,0.3,10,_vig_blocks.9,0.780253
50,5,8,vig_tiny,cifar10,0.3,11,_vig_blocks.10,0.744276
50,5,8,vig_tiny,cifar10,0.3,12,_vig_blocks.11,0.686707
50,5,8,vig_tiny,cifar10,0.3,13,classifier,0.652862
50,5,9,vig_tiny,cifar10,0.3,0,_vig_stem,0.849926
50,5,9,vig_tiny,cifar10,0.3,1,_vig_blocks.0,0.765479
50,5,9,vig_tiny,cifar10,0.3,2,_vig_blocks.1,0.755329
50,5,9,vig_tiny,cifar10,0.3,3,_vig_blocks.2,0.736002
50,5,9,vig_tiny,cifar10,0.3,4,_vig_blocks.3,0.735087
50,5,9,vig_tiny,cifar10,0.3,5,_vig_blocks.4,0.738034
50,5,9,vig_tiny,cifar10,0.3,6,_vig_blocks.5,0.738215
50,5,9,vig_tiny,cifar10,0.3,7,_vig_blocks.6,0.719645
50,5,9,vig_tiny,cifar10,0.3,8,_vig_blocks.7,0.708211
50,5,9,vig_tiny,cifar10,0.3,9,_vig_blocks.8,0.686729
50,5,9,vig_tiny,cifar10,0.3,10,_vig_blocks.9,0.634195
50,5,9,vig_tiny,cifar10,0.3,11,_vig_blocks.10,0.579246
50,5,9,vig_tiny,cifar10,0.3,12,_vig_blocks.11,0.535724
50,5,9,vig_tiny,cifar10,0.3,13,classifier,0.455847
50,6,7,vig_tiny,cifar10,0.3,0,_vig_stem,0.739065
50,6,7,vig_tiny,cifar10,0.3,1,_vig_blocks.0,0.685610
50,6,7,vig_tiny,cifar10,0.3,2,_vig_blocks.1,0.682946
50,6,7,vig_tiny,cifar10,0.3,3,_vig_blocks.2,0.656616
50,6,7,vig_tiny,cifar10,0.3,4,_vig_blocks.3,0.677375
50,6,7,vig_tiny,cifar10,0.3,5,_vig_blocks.4,0.658840
50,6,7,vig_tiny,cifar10,0.3,6,_vig_blocks.5,0.658295
50,6,7,vig_tiny,cifar10,0.3,7,_vig_blocks.6,0.659111
50,6,7,vig_tiny,cifar10,0.3,8,_vig_blocks.7,0.643826
50,6,7,vig_tiny,cifar10,0.3,9,_vig_blocks.8,0.601809
50,6,7,vig_tiny,cifar10,0.3,10,_vig_blocks.9,0.559722
50,6,7,vig_tiny,cifar10,0.3,11,_vig_blocks.10,0.493544
50,6,7,vig_tiny,cifar10,0.3,12,_vig_blocks.11,0.446828
50,6,7,vig_tiny,cifar10,0.3,13,classifier,0.385174
50,6,8,vig_tiny,cifar10,0.3,0,_vig_stem,0.889588
50,6,8,vig_tiny,cifar10,0.3,1,_vig_blocks.0,0.814225
50,6,8,vig_tiny,cifar10,0.3,2,_vig_blocks.1,0.783330
50,6,8,vig_tiny,cifar10,0.3,3,_vig_blocks.2,0.766981
50,6,8,vig_tiny,cifar10,0.3,4,_vig_blocks.3,0.770463
50,6,8,vig_tiny,cifar10,0.3,5,_vig_blocks.4,0.768897
50,6,8,vig_tiny,cifar10,0.3,6,_vig_blocks.5,0.776925
50,6,8,vig_tiny,cifar10,0.3,7,_vig_blocks.6,0.768363
50,6,8,vig_tiny,cifar10,0.3,8,_vig_blocks.7,0.746243
50,6,8,vig_tiny,cifar10,0.3,9,_vig_blocks.8,0.704948
50,6,8,vig_tiny,cifar10,0.3,10,_vig_blocks.9,0.662459
50,6,8,vig_tiny,cifar10,0.3,11,_vig_blocks.10,0.605065
50,6,8,vig_tiny,cifar10,0.3,12,_vig_blocks.11,0.535819
50,6,8,vig_tiny,cifar10,0.3,13,classifier,0.501303
50,6,9,vig_tiny,cifar10,0.3,0,_vig_stem,0.872854
50,6,9,vig_tiny,cifar10,0.3,1,_vig_blocks.0,0.805055
50,6,9,vig_tiny,cifar10,0.3,2,_vig_blocks.1,0.778680
50,6,9,vig_tiny,cifar10,0.3,3,_vig_blocks.2,0.770178
50,6,9,vig_tiny,cifar10,0.3,4,_vig_blocks.3,0.755419
50,6,9,vig_tiny,cifar10,0.3,5,_vig_blocks.4,0.768370
50,6,9,vig_tiny,cifar10,0.3,6,_vig_blocks.5,0.767436
50,6,9,vig_tiny,cifar10,0.3,7,_vig_blocks.6,0.773709
50,6,9,vig_tiny,cifar10,0.3,8,_vig_blocks.7,0.760856
50,6,9,vig_tiny,cifar10,0.3,9,_vig_blocks.8,0.740202
50,6,9,vig_tiny,cifar10,0.3,10,_vig_blocks.9,0.717361
50,6,9,vig_tiny,cifar10,0.3,11,_vig_blocks.10,0.682614
50,6,9,vig_tiny,cifar10,0.3,12,_vig_blocks.11,0.641760
50,6,9,vig_tiny,cifar10,0.3,13,classifier,0.541671
50,7,8,vig_tiny,cifar10,0.3,0,_vig_stem,0.852618
50,7,8,vig_tiny,cifar10,0.3,1,_vig_blocks.0,0.835340
50,7,8,vig_tiny,cifar10,0.3,2,_vig_blocks.1,0.878171
50,7,8,vig_tiny,cifar10,0.3,3,_vig_blocks.2,0.858063
50,7,8,vig_tiny,cifar10,0.3,4,_vig_blocks.3,0.872071
50,7,8,vig_tiny,cifar10,0.3,5,_vig_blocks.4,0.857067
50,7,8,vig_tiny,cifar10,0.3,6,_vig_blocks.5,0.853193
50,7,8,vig_tiny,cifar10,0.3,7,_vig_blocks.6,0.847673
50,7,8,vig_tiny,cifar10,0.3,8,_vig_blocks.7,0.841058
50,7,8,vig_tiny,cifar10,0.3,9,_vig_blocks.8,0.792688
50,7,8,vig_tiny,cifar10,0.3,10,_vig_blocks.9,0.717412
50,7,8,vig_tiny,cifar10,0.3,11,_vig_blocks.10,0.633062
50,7,8,vig_tiny,cifar10,0.3,12,_vig_blocks.11,0.540966
50,7,8,vig_tiny,cifar10,0.3,13,classifier,0.413846
50,7,9,vig_tiny,cifar10,0.3,0,_vig_stem,0.737718
50,7,9,vig_tiny,cifar10,0.3,1,_vig_blocks.0,0.705316
50,7,9,vig_tiny,cifar10,0.3,2,_vig_blocks.1,0.709961
50,7,9,vig_tiny,cifar10,0.3,3,_vig_blocks.2,0.680277
50,7,9,vig_tiny,cifar10,0.3,4,_vig_blocks.3,0.675646
50,7,9,vig_tiny,cifar10,0.3,5,_vig_blocks.4,0.679623
50,7,9,vig_tiny,cifar10,0.3,6,_vig_blocks.5,0.674482
50,7,9,vig_tiny,cifar10,0.3,7,_vig_blocks.6,0.663360
50,7,9,vig_tiny,cifar10,0.3,8,_vig_blocks.7,0.665309
50,7,9,vig_tiny,cifar10,0.3,9,_vig_blocks.8,0.642543
50,7,9,vig_tiny,cifar10,0.3,10,_vig_blocks.9,0.583207
50,7,9,vig_tiny,cifar10,0.3,11,_vig_blocks.10,0.523552
50,7,9,vig_tiny,cifar10,0.3,12,_vig_blocks.11,0.471494
50,7,9,vig_tiny,cifar10,0.3,13,classifier,0.343881
50,8,9,vig_tiny,cifar10,0.3,0,_vig_stem,0.872827
50,8,9,vig_tiny,cifar10,0.3,1,_vig_blocks.0,0.797803
50,8,9,vig_tiny,cifar10,0.3,2,_vig_blocks.1,0.766537
50,8,9,vig_tiny,cifar10,0.3,3,_vig_blocks.2,0.746192
50,8,9,vig_tiny,cifar10,0.3,4,_vig_blocks.3,0.729638
50,8,9,vig_tiny,cifar10,0.3,5,_vig_blocks.4,0.736796
50,8,9,vig_tiny,cifar10,0.3,6,_vig_blocks.5,0.740765
50,8,9,vig_tiny,cifar10,0.3,7,_vig_blocks.6,0.732883
50,8,9,vig_tiny,cifar10,0.3,8,_vig_blocks.7,0.722848
50,8,9,vig_tiny,cifar10,0.3,9,_vig_blocks.8,0.692312
50,8,9,vig_tiny,cifar10,0.3,10,_vig_blocks.9,0.638872
50,8,9,vig_tiny,cifar10,0.3,11,_vig_blocks.10,0.562716
50,8,9,vig_tiny,cifar10,0.3,12,_vig_blocks.11,0.492010
50,8,9,vig_tiny,cifar10,0.3,13,classifier,0.323997
