round,client_i,client_j,model_name,dataset,alpha,layer_index,layer_name,cka_diagonal
1,0,1,res9,brain_tumor,0.03,0,base.2,0.987485
1,0,1,res9,brain_tumor,0.03,1,base.6,0.981199
1,0,1,res9,brain_tumor,0.03,2,base.7,0.957260
1,0,1,res9,brain_tumor,0.03,3,base.11,0.912294
1,0,1,res9,brain_tumor,0.03,4,base.15,0.811613
1,0,1,res9,brain_tumor,0.03,5,base.16,0.743002
1,0,1,res9,brain_tumor,0.03,6,base.17,0.743002
1,0,1,res9,brain_tumor,0.03,7,base.18,0.743002
1,0,1,res9,brain_tumor,0.03,8,classifier,0.722907
1,0,2,res9,brain_tumor,0.03,0,base.2,0.999696
1,0,2,res9,brain_tumor,0.03,1,base.6,0.998991
1,0,2,res9,brain_tumor,0.03,2,base.7,0.998824
1,0,2,res9,brain_tumor,0.03,3,base.11,0.997279
1,0,2,res9,brain_tumor,0.03,4,base.15,0.998086
1,0,2,res9,brain_tumor,0.03,5,base.16,0.996961
1,0,2,res9,brain_tumor,0.03,6,base.17,0.996961
1,0,2,res9,brain_tumor,0.03,7,base.18,0.996961
1,0,2,res9,brain_tumor,0.03,8,classifier,0.994811
1,0,3,res9,brain_tumor,0.03,0,base.2,0.948004
1,0,3,res9,brain_tumor,0.03,1,base.6,0.907260
1,0,3,res9,brain_tumor,0.03,2,base.7,0.889304
1,0,3,res9,brain_tumor,0.03,3,base.11,0.865374
1,0,3,res9,brain_tumor,0.03,4,base.15,0.821537
1,0,3,res9,brain_tumor,0.03,5,base.16,0.801242
1,0,3,res9,brain_tumor,0.03,6,base.17,0.801242
1,0,3,res9,brain_tumor,0.03,7,base.18,0.801242
1,0,3,res9,brain_tumor,0.03,8,classifier,0.267828
1,0,4,res9,brain_tumor,0.03,0,base.2,0.983755
1,0,4,res9,brain_tumor,0.03,1,base.6,0.980146
1,0,4,res9,brain_tumor,0.03,2,base.7,0.891839
1,0,4,res9,brain_tumor,0.03,3,base.11,0.910102
1,0,4,res9,brain_tumor,0.03,4,base.15,0.700749
1,0,4,res9,brain_tumor,0.03,5,base.16,0.483791
1,0,4,res9,brain_tumor,0.03,6,base.17,0.483791
1,0,4,res9,brain_tumor,0.03,7,base.18,0.483791
1,0,4,res9,brain_tumor,0.03,8,classifier,0.030577
1,0,5,res9,brain_tumor,0.03,0,base.2,0.977257
1,0,5,res9,brain_tumor,0.03,1,base.6,0.948479
1,0,5,res9,brain_tumor,0.03,2,base.7,0.941033
1,0,5,res9,brain_tumor,0.03,3,base.11,0.840579
1,0,5,res9,brain_tumor,0.03,4,base.15,0.473226
1,0,5,res9,brain_tumor,0.03,5,base.16,0.374066
1,0,5,res9,brain_tumor,0.03,6,base.17,0.374066
1,0,5,res9,brain_tumor,0.03,7,base.18,0.374066
1,0,5,res9,brain_tumor,0.03,8,classifier,0.050166
1,0,6,res9,brain_tumor,0.03,0,base.2,0.998906
1,0,6,res9,brain_tumor,0.03,1,base.6,0.994756
1,0,6,res9,brain_tumor,0.03,2,base.7,0.921201
1,0,6,res9,brain_tumor,0.03,3,base.11,0.799803
1,0,6,res9,brain_tumor,0.03,4,base.15,0.488235
1,0,6,res9,brain_tumor,0.03,5,base.16,0.713075
1,0,6,res9,brain_tumor,0.03,6,base.17,0.713075
1,0,6,res9,brain_tumor,0.03,7,base.18,0.713075
1,0,6,res9,brain_tumor,0.03,8,classifier,0.549305
1,0,7,res9,brain_tumor,0.03,0,base.2,0.958642
1,0,7,res9,brain_tumor,0.03,1,base.6,0.938213
1,0,7,res9,brain_tumor,0.03,2,base.7,0.929980
1,0,7,res9,brain_tumor,0.03,3,base.11,0.904969
1,0,7,res9,brain_tumor,0.03,4,base.15,0.881640
1,0,7,res9,brain_tumor,0.03,5,base.16,0.866260
1,0,7,res9,brain_tumor,0.03,6,base.17,0.866260
1,0,7,res9,brain_tumor,0.03,7,base.18,0.866260
1,0,7,res9,brain_tumor,0.03,8,classifier,0.669767
1,0,8,res9,brain_tumor,0.03,0,base.2,0.992713
1,0,8,res9,brain_tumor,0.03,1,base.6,0.973955
1,0,8,res9,brain_tumor,0.03,2,base.7,0.969840
1,0,8,res9,brain_tumor,0.03,3,base.11,0.932445
1,0,8,res9,brain_tumor,0.03,4,base.15,0.919403
1,0,8,res9,brain_tumor,0.03,5,base.16,0.929239
1,0,8,res9,brain_tumor,0.03,6,base.17,0.929239
1,0,8,res9,brain_tumor,0.03,7,base.18,0.929239
1,0,8,res9,brain_tumor,0.03,8,classifier,0.695077
1,0,9,res9,brain_tumor,0.03,0,base.2,0.973560
1,0,9,res9,brain_tumor,0.03,1,base.6,0.943278
1,0,9,res9,brain_tumor,0.03,2,base.7,0.947870
1,0,9,res9,brain_tumor,0.03,3,base.11,0.931045
1,0,9,res9,brain_tumor,0.03,4,base.15,0.923573
1,0,9,res9,brain_tumor,0.03,5,base.16,0.915670
1,0,9,res9,brain_tumor,0.03,6,base.17,0.915670
1,0,9,res9,brain_tumor,0.03,7,base.18,0.915670
1,0,9,res9,brain_tumor,0.03,8,classifier,0.768788
1,1,2,res9,brain_tumor,0.03,0,base.2,0.990582
1,1,2,res9,brain_tumor,0.03,1,base.6,0.985551
1,1,2,res9,brain_tumor,0.03,2,base.7,0.963339
1,1,2,res9,brain_tumor,0.03,3,base.11,0.913264
1,1,2,res9,brain_tumor,0.03,4,base.15,0.806869
1,1,2,res9,brain_tumor,0.03,5,base.16,0.736802
1,1,2,res9,brain_tumor,0.03,6,base.17,0.736802
1,1,2,res9,brain_tumor,0.03,7,base.18,0.736802
1,1,2,res9,brain_tumor,0.03,8,classifier,0.754201
1,1,3,res9,brain_tumor,0.03,0,base.2,0.983275
1,1,3,res9,brain_tumor,0.03,1,base.6,0.923872
1,1,3,res9,brain_tumor,0.03,2,base.7,0.908940
1,1,3,res9,brain_tumor,0.03,3,base.11,0.830969
1,1,3,res9,brain_tumor,0.03,4,base.15,0.675793
1,1,3,res9,brain_tumor,0.03,5,base.16,0.626259
1,1,3,res9,brain_tumor,0.03,6,base.17,0.626259
1,1,3,res9,brain_tumor,0.03,7,base.18,0.626259
1,1,3,res9,brain_tumor,0.03,8,classifier,0.402793
1,1,4,res9,brain_tumor,0.03,0,base.2,0.999291
1,1,4,res9,brain_tumor,0.03,1,base.6,0.989743
1,1,4,res9,brain_tumor,0.03,2,base.7,0.944108
1,1,4,res9,brain_tumor,0.03,3,base.11,0.956626
1,1,4,res9,brain_tumor,0.03,4,base.15,0.873288
1,1,4,res9,brain_tumor,0.03,5,base.16,0.643942
1,1,4,res9,brain_tumor,0.03,6,base.17,0.643942
1,1,4,res9,brain_tumor,0.03,7,base.18,0.643942
1,1,4,res9,brain_tumor,0.03,8,classifier,0.254341
1,1,5,res9,brain_tumor,0.03,0,base.2,0.997730
1,1,5,res9,brain_tumor,0.03,1,base.6,0.967643
1,1,5,res9,brain_tumor,0.03,2,base.7,0.958180
1,1,5,res9,brain_tumor,0.03,3,base.11,0.904038
1,1,5,res9,brain_tumor,0.03,4,base.15,0.670100
1,1,5,res9,brain_tumor,0.03,5,base.16,0.601772
1,1,5,res9,brain_tumor,0.03,6,base.17,0.601772
1,1,5,res9,brain_tumor,0.03,7,base.18,0.601772
1,1,5,res9,brain_tumor,0.03,8,classifier,0.315726
1,1,6,res9,brain_tumor,0.03,0,base.2,0.990051
1,1,6,res9,brain_tumor,0.03,1,base.6,0.984559
1,1,6,res9,brain_tumor,0.03,2,base.7,0.904112
1,1,6,res9,brain_tumor,0.03,3,base.11,0.746091
1,1,6,res9,brain_tumor,0.03,4,base.15,0.411756
1,1,6,res9,brain_tumor,0.03,5,base.16,0.455044
1,1,6,res9,brain_tumor,0.03,6,base.17,0.455044
1,1,6,res9,brain_tumor,0.03,7,base.18,0.455044
1,1,6,res9,brain_tumor,0.03,8,classifier,0.240286
1,1,7,res9,brain_tumor,0.03,0,base.2,0.989668
1,1,7,res9,brain_tumor,0.03,1,base.6,0.964104
1,1,7,res9,brain_tumor,0.03,2,base.7,0.963626
1,1,7,res9,brain_tumor,0.03,3,base.11,0.916573
1,1,7,res9,brain_tumor,0.03,4,base.15,0.889680
1,1,7,res9,brain_tumor,0.03,5,base.16,0.863521
1,1,7,res9,brain_tumor,0.03,6,base.17,0.863521
1,1,7,res9,brain_tumor,0.03,7,base.18,0.863521
1,1,7,res9,brain_tumor,0.03,8,classifier,0.957583
1,1,8,res9,brain_tumor,0.03,0,base.2,0.974520
1,1,8,res9,brain_tumor,0.03,1,base.6,0.938139
1,1,8,res9,brain_tumor,0.03,2,base.7,0.897705
1,1,8,res9,brain_tumor,0.03,3,base.11,0.827869
1,1,8,res9,brain_tumor,0.03,4,base.15,0.731234
1,1,8,res9,brain_tumor,0.03,5,base.16,0.670837
1,1,8,res9,brain_tumor,0.03,6,base.17,0.670837
1,1,8,res9,brain_tumor,0.03,7,base.18,0.670837
1,1,8,res9,brain_tumor,0.03,8,classifier,0.403549
1,1,9,res9,brain_tumor,0.03,0,base.2,0.980170
1,1,9,res9,brain_tumor,0.03,1,base.6,0.924709
1,1,9,res9,brain_tumor,0.03,2,base.7,0.911314
1,1,9,res9,brain_tumor,0.03,3,base.11,0.880647
1,1,9,res9,brain_tumor,0.03,4,base.15,0.847985
1,1,9,res9,brain_tumor,0.03,5,base.16,0.809281
1,1,9,res9,brain_tumor,0.03,6,base.17,0.809281
1,1,9,res9,brain_tumor,0.03,7,base.18,0.809281
1,1,9,res9,brain_tumor,0.03,8,classifier,0.714935
1,2,3,res9,brain_tumor,0.03,0,base.2,0.953052
1,2,3,res9,brain_tumor,0.03,1,base.6,0.913639
1,2,3,res9,brain_tumor,0.03,2,base.7,0.893853
1,2,3,res9,brain_tumor,0.03,3,base.11,0.868772
1,2,3,res9,brain_tumor,0.03,4,base.15,0.818978
1,2,3,res9,brain_tumor,0.03,5,base.16,0.803743
1,2,3,res9,brain_tumor,0.03,6,base.17,0.803743
1,2,3,res9,brain_tumor,0.03,7,base.18,0.803743
1,2,3,res9,brain_tumor,0.03,8,classifier,0.317131
1,2,4,res9,brain_tumor,0.03,0,base.2,0.987335
1,2,4,res9,brain_tumor,0.03,1,base.6,0.985566
1,2,4,res9,brain_tumor,0.03,2,base.7,0.907373
1,2,4,res9,brain_tumor,0.03,3,base.11,0.922478
1,2,4,res9,brain_tumor,0.03,4,base.15,0.709028
1,2,4,res9,brain_tumor,0.03,5,base.16,0.504388
1,2,4,res9,brain_tumor,0.03,6,base.17,0.504388
1,2,4,res9,brain_tumor,0.03,7,base.18,0.504388
1,2,4,res9,brain_tumor,0.03,8,classifier,0.037974
1,2,5,res9,brain_tumor,0.03,0,base.2,0.980957
1,2,5,res9,brain_tumor,0.03,1,base.6,0.956446
1,2,5,res9,brain_tumor,0.03,2,base.7,0.951476
1,2,5,res9,brain_tumor,0.03,3,base.11,0.854742
1,2,5,res9,brain_tumor,0.03,4,base.15,0.481467
1,2,5,res9,brain_tumor,0.03,5,base.16,0.385362
1,2,5,res9,brain_tumor,0.03,6,base.17,0.385362
1,2,5,res9,brain_tumor,0.03,7,base.18,0.385362
1,2,5,res9,brain_tumor,0.03,8,classifier,0.055348
1,2,6,res9,brain_tumor,0.03,0,base.2,0.998638
1,2,6,res9,brain_tumor,0.03,1,base.6,0.996256
1,2,6,res9,brain_tumor,0.03,2,base.7,0.933868
1,2,6,res9,brain_tumor,0.03,3,base.11,0.821738
1,2,6,res9,brain_tumor,0.03,4,base.15,0.515239
1,2,6,res9,brain_tumor,0.03,5,base.16,0.719063
1,2,6,res9,brain_tumor,0.03,6,base.17,0.719063
1,2,6,res9,brain_tumor,0.03,7,base.18,0.719063
1,2,6,res9,brain_tumor,0.03,8,classifier,0.547317
1,2,7,res9,brain_tumor,0.03,0,base.2,0.963410
1,2,7,res9,brain_tumor,0.03,1,base.6,0.944509
1,2,7,res9,brain_tumor,0.03,2,base.7,0.936316
1,2,7,res9,brain_tumor,0.03,3,base.11,0.912673
1,2,7,res9,brain_tumor,0.03,4,base.15,0.882453
1,2,7,res9,brain_tumor,0.03,5,base.16,0.874533
1,2,7,res9,brain_tumor,0.03,6,base.17,0.874533
1,2,7,res9,brain_tumor,0.03,7,base.18,0.874533
1,2,7,res9,brain_tumor,0.03,8,classifier,0.709294
1,2,8,res9,brain_tumor,0.03,0,base.2,0.990323
1,2,8,res9,brain_tumor,0.03,1,base.6,0.963423
1,2,8,res9,brain_tumor,0.03,2,base.7,0.957924
1,2,8,res9,brain_tumor,0.03,3,base.11,0.912187
1,2,8,res9,brain_tumor,0.03,4,base.15,0.909638
1,2,8,res9,brain_tumor,0.03,5,base.16,0.912712
1,2,8,res9,brain_tumor,0.03,6,base.17,0.912712
1,2,8,res9,brain_tumor,0.03,7,base.18,0.912712
1,2,8,res9,brain_tumor,0.03,8,classifier,0.669180
1,2,9,res9,brain_tumor,0.03,0,base.2,0.973788
1,2,9,res9,brain_tumor,0.03,1,base.6,0.935770
1,2,9,res9,brain_tumor,0.03,2,base.7,0.937153
1,2,9,res9,brain_tumor,0.03,3,base.11,0.906971
1,2,9,res9,brain_tumor,0.03,4,base.15,0.902634
1,2,9,res9,brain_tumor,0.03,5,base.16,0.890066
1,2,9,res9,brain_tumor,0.03,6,base.17,0.890066
1,2,9,res9,brain_tumor,0.03,7,base.18,0.890066
1,2,9,res9,brain_tumor,0.03,8,classifier,0.803913
1,3,4,res9,brain_tumor,0.03,0,base.2,0.984902
1,3,4,res9,brain_tumor,0.03,1,base.6,0.959724
1,3,4,res9,brain_tumor,0.03,2,base.7,0.955581
1,3,4,res9,brain_tumor,0.03,3,base.11,0.898256
1,3,4,res9,brain_tumor,0.03,4,base.15,0.733762
1,3,4,res9,brain_tumor,0.03,5,base.16,0.549846
1,3,4,res9,brain_tumor,0.03,6,base.17,0.549846
1,3,4,res9,brain_tumor,0.03,7,base.18,0.549846
1,3,4,res9,brain_tumor,0.03,8,classifier,0.097777
1,3,5,res9,brain_tumor,0.03,0,base.2,0.992869
1,3,5,res9,brain_tumor,0.03,1,base.6,0.985273
1,3,5,res9,brain_tumor,0.03,2,base.7,0.920802
1,3,5,res9,brain_tumor,0.03,3,base.11,0.867595
1,3,5,res9,brain_tumor,0.03,4,base.15,0.504384
1,3,5,res9,brain_tumor,0.03,5,base.16,0.407283
1,3,5,res9,brain_tumor,0.03,6,base.17,0.407283
1,3,5,res9,brain_tumor,0.03,7,base.18,0.407283
1,3,5,res9,brain_tumor,0.03,8,classifier,0.014614
1,3,6,res9,brain_tumor,0.03,0,base.2,0.957239
1,3,6,res9,brain_tumor,0.03,1,base.6,0.926449
1,3,6,res9,brain_tumor,0.03,2,base.7,0.819752
1,3,6,res9,brain_tumor,0.03,3,base.11,0.590195
1,3,6,res9,brain_tumor,0.03,4,base.15,0.323958
1,3,6,res9,brain_tumor,0.03,5,base.16,0.479230
1,3,6,res9,brain_tumor,0.03,6,base.17,0.479230
1,3,6,res9,brain_tumor,0.03,7,base.18,0.479230
1,3,6,res9,brain_tumor,0.03,8,classifier,0.317286
1,3,7,res9,brain_tumor,0.03,0,base.2,0.999148
1,3,7,res9,brain_tumor,0.03,1,base.6,0.987636
1,3,7,res9,brain_tumor,0.03,2,base.7,0.981854
1,3,7,res9,brain_tumor,0.03,3,base.11,0.976441
1,3,7,res9,brain_tumor,0.03,4,base.15,0.923725
1,3,7,res9,brain_tumor,0.03,5,base.16,0.910827
1,3,7,res9,brain_tumor,0.03,6,base.17,0.910827
1,3,7,res9,brain_tumor,0.03,7,base.18,0.910827
1,3,7,res9,brain_tumor,0.03,8,classifier,0.464481
1,3,8,res9,brain_tumor,0.03,0,base.2,0.939937
1,3,8,res9,brain_tumor,0.03,1,base.6,0.854752
1,3,8,res9,brain_tumor,0.03,2,base.7,0.810948
1,3,8,res9,brain_tumor,0.03,3,base.11,0.678710
1,3,8,res9,brain_tumor,0.03,4,base.15,0.572977
1,3,8,res9,brain_tumor,0.03,5,base.16,0.565250
1,3,8,res9,brain_tumor,0.03,6,base.17,0.565250
1,3,8,res9,brain_tumor,0.03,7,base.18,0.565250
1,3,8,res9,brain_tumor,0.03,8,classifier,0.213271
1,3,9,res9,brain_tumor,0.03,0,base.2,0.973598
1,3,9,res9,brain_tumor,0.03,1,base.6,0.930489
1,3,9,res9,brain_tumor,0.03,2,base.7,0.911690
1,3,9,res9,brain_tumor,0.03,3,base.11,0.859573
1,3,9,res9,brain_tumor,0.03,4,base.15,0.800487
1,3,9,res9,brain_tumor,0.03,5,base.16,0.801202
1,3,9,res9,brain_tumor,0.03,6,base.17,0.801202
1,3,9,res9,brain_tumor,0.03,7,base.18,0.801202
1,3,9,res9,brain_tumor,0.03,8,classifier,0.667777
1,4,5,res9,brain_tumor,0.03,0,base.2,0.997846
1,4,5,res9,brain_tumor,0.03,1,base.6,0.988519
1,4,5,res9,brain_tumor,0.03,2,base.7,0.953222
1,4,5,res9,brain_tumor,0.03,3,base.11,0.920293
1,4,5,res9,brain_tumor,0.03,4,base.15,0.765490
1,4,5,res9,brain_tumor,0.03,5,base.16,0.719777
1,4,5,res9,brain_tumor,0.03,6,base.17,0.719777
1,4,5,res9,brain_tumor,0.03,7,base.18,0.719777
1,4,5,res9,brain_tumor,0.03,8,classifier,0.439516
1,4,6,res9,brain_tumor,0.03,0,base.2,0.986723
1,4,6,res9,brain_tumor,0.03,1,base.6,0.988056
1,4,6,res9,brain_tumor,0.03,2,base.7,0.899377
1,4,6,res9,brain_tumor,0.03,3,base.11,0.750867
1,4,6,res9,brain_tumor,0.03,4,base.15,0.500855
1,4,6,res9,brain_tumor,0.03,5,base.16,0.489112
1,4,6,res9,brain_tumor,0.03,6,base.17,0.489112
1,4,6,res9,brain_tumor,0.03,7,base.18,0.489112
1,4,6,res9,brain_tumor,0.03,8,classifier,0.078465
1,4,7,res9,brain_tumor,0.03,0,base.2,0.990698
1,4,7,res9,brain_tumor,0.03,1,base.6,0.980238
1,4,7,res9,brain_tumor,0.03,2,base.7,0.972995
1,4,7,res9,brain_tumor,0.03,3,base.11,0.962973
1,4,7,res9,brain_tumor,0.03,4,base.15,0.889611
1,4,7,res9,brain_tumor,0.03,5,base.16,0.677495
1,4,7,res9,brain_tumor,0.03,6,base.17,0.677495
1,4,7,res9,brain_tumor,0.03,7,base.18,0.677495
1,4,7,res9,brain_tumor,0.03,8,classifier,0.329620
1,4,8,res9,brain_tumor,0.03,0,base.2,0.968961
1,4,8,res9,brain_tumor,0.03,1,base.6,0.929317
1,4,8,res9,brain_tumor,0.03,2,base.7,0.773486
1,4,8,res9,brain_tumor,0.03,3,base.11,0.763929
1,4,8,res9,brain_tumor,0.03,4,base.15,0.524867
1,4,8,res9,brain_tumor,0.03,5,base.16,0.339688
1,4,8,res9,brain_tumor,0.03,6,base.17,0.339688
1,4,8,res9,brain_tumor,0.03,7,base.18,0.339688
1,4,8,res9,brain_tumor,0.03,8,classifier,0.019485
1,4,9,res9,brain_tumor,0.03,0,base.2,0.977932
1,4,9,res9,brain_tumor,0.03,1,base.6,0.940070
1,4,9,res9,brain_tumor,0.03,2,base.7,0.838596
1,4,9,res9,brain_tumor,0.03,3,base.11,0.840642
1,4,9,res9,brain_tumor,0.03,4,base.15,0.676138
1,4,9,res9,brain_tumor,0.03,5,base.16,0.423249
1,4,9,res9,brain_tumor,0.03,6,base.17,0.423249
1,4,9,res9,brain_tumor,0.03,7,base.18,0.423249
1,4,9,res9,brain_tumor,0.03,8,classifier,0.044059
1,5,6,res9,brain_tumor,0.03,0,base.2,0.982474
1,5,6,res9,brain_tumor,0.03,1,base.6,0.962865
1,5,6,res9,brain_tumor,0.03,2,base.7,0.935608
1,5,6,res9,brain_tumor,0.03,3,base.11,0.782361
1,5,6,res9,brain_tumor,0.03,4,base.15,0.622786
1,5,6,res9,brain_tumor,0.03,5,base.16,0.490218
1,5,6,res9,brain_tumor,0.03,6,base.17,0.490218
1,5,6,res9,brain_tumor,0.03,7,base.18,0.490218
1,5,6,res9,brain_tumor,0.03,8,classifier,0.074901
1,5,7,res9,brain_tumor,0.03,0,base.2,0.996703
1,5,7,res9,brain_tumor,0.03,1,base.6,0.995216
1,5,7,res9,brain_tumor,0.03,2,base.7,0.966435
1,5,7,res9,brain_tumor,0.03,3,base.11,0.932111
1,5,7,res9,brain_tumor,0.03,4,base.15,0.647953
1,5,7,res9,brain_tumor,0.03,5,base.16,0.553134
1,5,7,res9,brain_tumor,0.03,6,base.17,0.553134
1,5,7,res9,brain_tumor,0.03,7,base.18,0.553134
1,5,7,res9,brain_tumor,0.03,8,classifier,0.318872
1,5,8,res9,brain_tumor,0.03,0,base.2,0.967099
1,5,8,res9,brain_tumor,0.03,1,base.6,0.888145
1,5,8,res9,brain_tumor,0.03,2,base.7,0.861553
1,5,8,res9,brain_tumor,0.03,3,base.11,0.697608
1,5,8,res9,brain_tumor,0.03,4,base.15,0.363772
1,5,8,res9,brain_tumor,0.03,5,base.16,0.290080
1,5,8,res9,brain_tumor,0.03,6,base.17,0.290080
1,5,8,res9,brain_tumor,0.03,7,base.18,0.290080
1,5,8,res9,brain_tumor,0.03,8,classifier,0.011971
1,5,9,res9,brain_tumor,0.03,0,base.2,0.983557
1,5,9,res9,brain_tumor,0.03,1,base.6,0.925543
1,5,9,res9,brain_tumor,0.03,2,base.7,0.860232
1,5,9,res9,brain_tumor,0.03,3,base.11,0.756243
1,5,9,res9,brain_tumor,0.03,4,base.15,0.440292
1,5,9,res9,brain_tumor,0.03,5,base.16,0.354446
1,5,9,res9,brain_tumor,0.03,6,base.17,0.354446
1,5,9,res9,brain_tumor,0.03,7,base.18,0.354446
1,5,9,res9,brain_tumor,0.03,8,classifier,0.054654
1,6,7,res9,brain_tumor,0.03,0,base.2,0.966322
1,6,7,res9,brain_tumor,0.03,1,base.6,0.951898
1,6,7,res9,brain_tumor,0.03,2,base.7,0.873442
1,6,7,res9,brain_tumor,0.03,3,base.11,0.683248
1,6,7,res9,brain_tumor,0.03,4,base.15,0.426510
1,6,7,res9,brain_tumor,0.03,5,base.16,0.538158
1,6,7,res9,brain_tumor,0.03,6,base.17,0.538158
1,6,7,res9,brain_tumor,0.03,7,base.18,0.538158
1,6,7,res9,brain_tumor,0.03,8,classifier,0.258812
1,6,8,res9,brain_tumor,0.03,0,base.2,0.994981
1,6,8,res9,brain_tumor,0.03,1,base.6,0.954822
1,6,8,res9,brain_tumor,0.03,2,base.7,0.827252
1,6,8,res9,brain_tumor,0.03,3,base.11,0.720524
1,6,8,res9,brain_tumor,0.03,4,base.15,0.412737
1,6,8,res9,brain_tumor,0.03,5,base.16,0.676782
1,6,8,res9,brain_tumor,0.03,6,base.17,0.676782
1,6,8,res9,brain_tumor,0.03,7,base.18,0.676782
1,6,8,res9,brain_tumor,0.03,8,classifier,0.698178
1,6,9,res9,brain_tumor,0.03,0,base.2,0.982450
1,6,9,res9,brain_tumor,0.03,1,base.6,0.936200
1,6,9,res9,brain_tumor,0.03,2,base.7,0.780813
1,6,9,res9,brain_tumor,0.03,3,base.11,0.589998
1,6,9,res9,brain_tumor,0.03,4,base.15,0.275046
1,6,9,res9,brain_tumor,0.03,5,base.16,0.573535
1,6,9,res9,brain_tumor,0.03,6,base.17,0.573535
1,6,9,res9,brain_tumor,0.03,7,base.18,0.573535
1,6,9,res9,brain_tumor,0.03,8,classifier,0.661177
1,7,8,res9,brain_tumor,0.03,0,base.2,0.948959
1,7,8,res9,brain_tumor,0.03,1,base.6,0.889420
1,7,8,res9,brain_tumor,0.03,2,base.7,0.856737
1,7,8,res9,brain_tumor,0.03,3,base.11,0.737648
1,7,8,res9,brain_tumor,0.03,4,base.15,0.684958
1,7,8,res9,brain_tumor,0.03,5,base.16,0.678087
1,7,8,res9,brain_tumor,0.03,6,base.17,0.678087
1,7,8,res9,brain_tumor,0.03,7,base.18,0.678087
1,7,8,res9,brain_tumor,0.03,8,classifier,0.365871
1,7,9,res9,brain_tumor,0.03,0,base.2,0.976778
1,7,9,res9,brain_tumor,0.03,1,base.6,0.933970
1,7,9,res9,brain_tumor,0.03,2,base.7,0.916064
1,7,9,res9,brain_tumor,0.03,3,base.11,0.865952
1,7,9,res9,brain_tumor,0.03,4,base.15,0.861259
1,7,9,res9,brain_tumor,0.03,5,base.16,0.849937
1,7,9,res9,brain_tumor,0.03,6,base.17,0.849937
1,7,9,res9,brain_tumor,0.03,7,base.18,0.849937
1,7,9,res9,brain_tumor,0.03,8,classifier,0.727573
1,8,9,res9,brain_tumor,0.03,0,base.2,0.982899
1,8,9,res9,brain_tumor,0.03,1,base.6,0.957613
1,8,9,res9,brain_tumor,0.03,2,base.7,0.950612
1,8,9,res9,brain_tumor,0.03,3,base.11,0.897535
1,8,9,res9,brain_tumor,0.03,4,base.15,0.861148
1,8,9,res9,brain_tumor,0.03,5,base.16,0.853175
1,8,9,res9,brain_tumor,0.03,6,base.17,0.853175
1,8,9,res9,brain_tumor,0.03,7,base.18,0.853175
1,8,9,res9,brain_tumor,0.03,8,classifier,0.692006
2,0,1,res9,brain_tumor,0.03,0,base.2,0.989165
2,0,1,res9,brain_tumor,0.03,1,base.6,0.880154
2,0,1,res9,brain_tumor,0.03,2,base.7,0.696716
2,0,1,res9,brain_tumor,0.03,3,base.11,0.459985
2,0,1,res9,brain_tumor,0.03,4,base.15,0.362075
2,0,1,res9,brain_tumor,0.03,5,base.16,0.316582
2,0,1,res9,brain_tumor,0.03,6,base.17,0.316582
2,0,1,res9,brain_tumor,0.03,7,base.18,0.316582
2,0,1,res9,brain_tumor,0.03,8,classifier,0.441906
2,0,2,res9,brain_tumor,0.03,0,base.2,0.999890
2,0,2,res9,brain_tumor,0.03,1,base.6,0.999870
2,0,2,res9,brain_tumor,0.03,2,base.7,0.999811
2,0,2,res9,brain_tumor,0.03,3,base.11,0.999814
2,0,2,res9,brain_tumor,0.03,4,base.15,0.999807
2,0,2,res9,brain_tumor,0.03,5,base.16,0.999760
2,0,2,res9,brain_tumor,0.03,6,base.17,0.999760
2,0,2,res9,brain_tumor,0.03,7,base.18,0.999760
2,0,2,res9,brain_tumor,0.03,8,classifier,0.973864
2,0,3,res9,brain_tumor,0.03,0,base.2,0.993689
2,0,3,res9,brain_tumor,0.03,1,base.6,0.982856
2,0,3,res9,brain_tumor,0.03,2,base.7,0.975248
2,0,3,res9,brain_tumor,0.03,3,base.11,0.950743
2,0,3,res9,brain_tumor,0.03,4,base.15,0.866228
2,0,3,res9,brain_tumor,0.03,5,base.16,0.851427
2,0,3,res9,brain_tumor,0.03,6,base.17,0.851427
2,0,3,res9,brain_tumor,0.03,7,base.18,0.851427
2,0,3,res9,brain_tumor,0.03,8,classifier,0.255668
2,0,4,res9,brain_tumor,0.03,0,base.2,0.991865
2,0,4,res9,brain_tumor,0.03,1,base.6,0.985144
2,0,4,res9,brain_tumor,0.03,2,base.7,0.968466
2,0,4,res9,brain_tumor,0.03,3,base.11,0.679342
2,0,4,res9,brain_tumor,0.03,4,base.15,0.535882
2,0,4,res9,brain_tumor,0.03,5,base.16,0.555977
2,0,4,res9,brain_tumor,0.03,6,base.17,0.555977
2,0,4,res9,brain_tumor,0.03,7,base.18,0.555977
2,0,4,res9,brain_tumor,0.03,8,classifier,0.250788
2,0,5,res9,brain_tumor,0.03,0,base.2,0.997924
2,0,5,res9,brain_tumor,0.03,1,base.6,0.997293
2,0,5,res9,brain_tumor,0.03,2,base.7,0.942054
2,0,5,res9,brain_tumor,0.03,3,base.11,0.845877
2,0,5,res9,brain_tumor,0.03,4,base.15,0.649730
2,0,5,res9,brain_tumor,0.03,5,base.16,0.495431
2,0,5,res9,brain_tumor,0.03,6,base.17,0.495431
2,0,5,res9,brain_tumor,0.03,7,base.18,0.495431
2,0,5,res9,brain_tumor,0.03,8,classifier,0.297783
2,0,6,res9,brain_tumor,0.03,0,base.2,0.974840
2,0,6,res9,brain_tumor,0.03,1,base.6,0.897216
2,0,6,res9,brain_tumor,0.03,2,base.7,0.871951
2,0,6,res9,brain_tumor,0.03,3,base.11,0.710102
2,0,6,res9,brain_tumor,0.03,4,base.15,0.435253
2,0,6,res9,brain_tumor,0.03,5,base.16,0.472902
2,0,6,res9,brain_tumor,0.03,6,base.17,0.472902
2,0,6,res9,brain_tumor,0.03,7,base.18,0.472902
2,0,6,res9,brain_tumor,0.03,8,classifier,0.397446
2,0,7,res9,brain_tumor,0.03,0,base.2,0.996507
2,0,7,res9,brain_tumor,0.03,1,base.6,0.988166
2,0,7,res9,brain_tumor,0.03,2,base.7,0.983728
2,0,7,res9,brain_tumor,0.03,3,base.11,0.977774
2,0,7,res9,brain_tumor,0.03,4,base.15,0.963819
2,0,7,res9,brain_tumor,0.03,5,base.16,0.975050
2,0,7,res9,brain_tumor,0.03,6,base.17,0.975050
2,0,7,res9,brain_tumor,0.03,7,base.18,0.975050
2,0,7,res9,brain_tumor,0.03,8,classifier,0.632429
2,0,8,res9,brain_tumor,0.03,0,base.2,0.992198
2,0,8,res9,brain_tumor,0.03,1,base.6,0.973115
2,0,8,res9,brain_tumor,0.03,2,base.7,0.988141
2,0,8,res9,brain_tumor,0.03,3,base.11,0.949778
2,0,8,res9,brain_tumor,0.03,4,base.15,0.868888
2,0,8,res9,brain_tumor,0.03,5,base.16,0.711037
2,0,8,res9,brain_tumor,0.03,6,base.17,0.711037
2,0,8,res9,brain_tumor,0.03,7,base.18,0.711037
2,0,8,res9,brain_tumor,0.03,8,classifier,0.332553
2,0,9,res9,brain_tumor,0.03,0,base.2,0.985584
2,0,9,res9,brain_tumor,0.03,1,base.6,0.968194
2,0,9,res9,brain_tumor,0.03,2,base.7,0.954984
2,0,9,res9,brain_tumor,0.03,3,base.11,0.954595
2,0,9,res9,brain_tumor,0.03,4,base.15,0.970142
2,0,9,res9,brain_tumor,0.03,5,base.16,0.963887
2,0,9,res9,brain_tumor,0.03,6,base.17,0.963887
2,0,9,res9,brain_tumor,0.03,7,base.18,0.963887
2,0,9,res9,brain_tumor,0.03,8,classifier,0.891575
2,1,2,res9,brain_tumor,0.03,0,base.2,0.987018
2,1,2,res9,brain_tumor,0.03,1,base.6,0.876504
2,1,2,res9,brain_tumor,0.03,2,base.7,0.685853
2,1,2,res9,brain_tumor,0.03,3,base.11,0.450581
2,1,2,res9,brain_tumor,0.03,4,base.15,0.355685
2,1,2,res9,brain_tumor,0.03,5,base.16,0.309757
2,1,2,res9,brain_tumor,0.03,6,base.17,0.309757
2,1,2,res9,brain_tumor,0.03,7,base.18,0.309757
2,1,2,res9,brain_tumor,0.03,8,classifier,0.443347
2,1,3,res9,brain_tumor,0.03,0,base.2,0.968213
2,1,3,res9,brain_tumor,0.03,1,base.6,0.806921
2,1,3,res9,brain_tumor,0.03,2,base.7,0.569900
2,1,3,res9,brain_tumor,0.03,3,base.11,0.377487
2,1,3,res9,brain_tumor,0.03,4,base.15,0.271206
2,1,3,res9,brain_tumor,0.03,5,base.16,0.220413
2,1,3,res9,brain_tumor,0.03,6,base.17,0.220413
2,1,3,res9,brain_tumor,0.03,7,base.18,0.220413
2,1,3,res9,brain_tumor,0.03,8,classifier,0.039829
2,1,4,res9,brain_tumor,0.03,0,base.2,0.999095
2,1,4,res9,brain_tumor,0.03,1,base.6,0.935314
2,1,4,res9,brain_tumor,0.03,2,base.7,0.747818
2,1,4,res9,brain_tumor,0.03,3,base.11,0.435021
2,1,4,res9,brain_tumor,0.03,4,base.15,0.209445
2,1,4,res9,brain_tumor,0.03,5,base.16,0.182155
2,1,4,res9,brain_tumor,0.03,6,base.17,0.182155
2,1,4,res9,brain_tumor,0.03,7,base.18,0.182155
2,1,4,res9,brain_tumor,0.03,8,classifier,0.036334
2,1,5,res9,brain_tumor,0.03,0,base.2,0.995715
2,1,5,res9,brain_tumor,0.03,1,base.6,0.871343
2,1,5,res9,brain_tumor,0.03,2,base.7,0.543014
2,1,5,res9,brain_tumor,0.03,3,base.11,0.408123
2,1,5,res9,brain_tumor,0.03,4,base.15,0.372412
2,1,5,res9,brain_tumor,0.03,5,base.16,0.286603
2,1,5,res9,brain_tumor,0.03,6,base.17,0.286603
2,1,5,res9,brain_tumor,0.03,7,base.18,0.286603
2,1,5,res9,brain_tumor,0.03,8,classifier,0.179139
2,1,6,res9,brain_tumor,0.03,0,base.2,0.994836
2,1,6,res9,brain_tumor,0.03,1,base.6,0.983388
2,1,6,res9,brain_tumor,0.03,2,base.7,0.913370
2,1,6,res9,brain_tumor,0.03,3,base.11,0.719469
2,1,6,res9,brain_tumor,0.03,4,base.15,0.431900
2,1,6,res9,brain_tumor,0.03,5,base.16,0.535586
2,1,6,res9,brain_tumor,0.03,6,base.17,0.535586
2,1,6,res9,brain_tumor,0.03,7,base.18,0.535586
2,1,6,res9,brain_tumor,0.03,8,classifier,0.355647
2,1,7,res9,brain_tumor,0.03,0,base.2,0.974327
2,1,7,res9,brain_tumor,0.03,1,base.6,0.807630
2,1,7,res9,brain_tumor,0.03,2,base.7,0.581865
2,1,7,res9,brain_tumor,0.03,3,base.11,0.384564
2,1,7,res9,brain_tumor,0.03,4,base.15,0.281471
2,1,7,res9,brain_tumor,0.03,5,base.16,0.227119
2,1,7,res9,brain_tumor,0.03,6,base.17,0.227119
2,1,7,res9,brain_tumor,0.03,7,base.18,0.227119
2,1,7,res9,brain_tumor,0.03,8,classifier,0.053990
2,1,8,res9,brain_tumor,0.03,0,base.2,0.999702
2,1,8,res9,brain_tumor,0.03,1,base.6,0.955381
2,1,8,res9,brain_tumor,0.03,2,base.7,0.740218
2,1,8,res9,brain_tumor,0.03,3,base.11,0.581176
2,1,8,res9,brain_tumor,0.03,4,base.15,0.651291
2,1,8,res9,brain_tumor,0.03,5,base.16,0.697068
2,1,8,res9,brain_tumor,0.03,6,base.17,0.697068
2,1,8,res9,brain_tumor,0.03,7,base.18,0.697068
2,1,8,res9,brain_tumor,0.03,8,classifier,0.667405
2,1,9,res9,brain_tumor,0.03,0,base.2,0.999603
2,1,9,res9,brain_tumor,0.03,1,base.6,0.957837
2,1,9,res9,brain_tumor,0.03,2,base.7,0.822653
2,1,9,res9,brain_tumor,0.03,3,base.11,0.653320
2,1,9,res9,brain_tumor,0.03,4,base.15,0.516080
2,1,9,res9,brain_tumor,0.03,5,base.16,0.486610
2,1,9,res9,brain_tumor,0.03,6,base.17,0.486610
2,1,9,res9,brain_tumor,0.03,7,base.18,0.486610
2,1,9,res9,brain_tumor,0.03,8,classifier,0.560654
2,2,3,res9,brain_tumor,0.03,0,base.2,0.995203
2,2,3,res9,brain_tumor,0.03,1,base.6,0.985332
2,2,3,res9,brain_tumor,0.03,2,base.7,0.978125
2,2,3,res9,brain_tumor,0.03,3,base.11,0.953271
2,2,3,res9,brain_tumor,0.03,4,base.15,0.867759
2,2,3,res9,brain_tumor,0.03,5,base.16,0.853716
2,2,3,res9,brain_tumor,0.03,6,base.17,0.853716
2,2,3,res9,brain_tumor,0.03,7,base.18,0.853716
2,2,3,res9,brain_tumor,0.03,8,classifier,0.319136
2,2,4,res9,brain_tumor,0.03,0,base.2,0.990053
2,2,4,res9,brain_tumor,0.03,1,base.6,0.983903
2,2,4,res9,brain_tumor,0.03,2,base.7,0.965983
2,2,4,res9,brain_tumor,0.03,3,base.11,0.679340
2,2,4,res9,brain_tumor,0.03,4,base.15,0.535623
2,2,4,res9,brain_tumor,0.03,5,base.16,0.559294
2,2,4,res9,brain_tumor,0.03,6,base.17,0.559294
2,2,4,res9,brain_tumor,0.03,7,base.18,0.559294
2,2,4,res9,brain_tumor,0.03,8,classifier,0.251236
2,2,5,res9,brain_tumor,0.03,0,base.2,0.997053
2,2,5,res9,brain_tumor,0.03,1,base.6,0.997029
2,2,5,res9,brain_tumor,0.03,2,base.7,0.945605
2,2,5,res9,brain_tumor,0.03,3,base.11,0.847156
2,2,5,res9,brain_tumor,0.03,4,base.15,0.652198
2,2,5,res9,brain_tumor,0.03,5,base.16,0.498933
2,2,5,res9,brain_tumor,0.03,6,base.17,0.498933
2,2,5,res9,brain_tumor,0.03,7,base.18,0.498933
2,2,5,res9,brain_tumor,0.03,8,classifier,0.385221
2,2,6,res9,brain_tumor,0.03,0,base.2,0.972165
2,2,6,res9,brain_tumor,0.03,1,base.6,0.894836
2,2,6,res9,brain_tumor,0.03,2,base.7,0.864279
2,2,6,res9,brain_tumor,0.03,3,base.11,0.704792
2,2,6,res9,brain_tumor,0.03,4,base.15,0.429476
2,2,6,res9,brain_tumor,0.03,5,base.16,0.468304
2,2,6,res9,brain_tumor,0.03,6,base.17,0.468304
2,2,6,res9,brain_tumor,0.03,7,base.18,0.468304
2,2,6,res9,brain_tumor,0.03,8,classifier,0.408008
2,2,7,res9,brain_tumor,0.03,0,base.2,0.997613
2,2,7,res9,brain_tumor,0.03,1,base.6,0.989856
2,2,7,res9,brain_tumor,0.03,2,base.7,0.986466
2,2,7,res9,brain_tumor,0.03,3,base.11,0.978772
2,2,7,res9,brain_tumor,0.03,4,base.15,0.964070
2,2,7,res9,brain_tumor,0.03,5,base.16,0.975389
2,2,7,res9,brain_tumor,0.03,6,base.17,0.975389
2,2,7,res9,brain_tumor,0.03,7,base.18,0.975389
2,2,7,res9,brain_tumor,0.03,8,classifier,0.537857
2,2,8,res9,brain_tumor,0.03,0,base.2,0.990367
2,2,8,res9,brain_tumor,0.03,1,base.6,0.971436
2,2,8,res9,brain_tumor,0.03,2,base.7,0.986389
2,2,8,res9,brain_tumor,0.03,3,base.11,0.944768
2,2,8,res9,brain_tumor,0.03,4,base.15,0.862842
2,2,8,res9,brain_tumor,0.03,5,base.16,0.702213
2,2,8,res9,brain_tumor,0.03,6,base.17,0.702213
2,2,8,res9,brain_tumor,0.03,7,base.18,0.702213
2,2,8,res9,brain_tumor,0.03,8,classifier,0.358621
2,2,9,res9,brain_tumor,0.03,0,base.2,0.983181
2,2,9,res9,brain_tumor,0.03,1,base.6,0.965890
2,2,9,res9,brain_tumor,0.03,2,base.7,0.949957
2,2,9,res9,brain_tumor,0.03,3,base.11,0.950531
2,2,9,res9,brain_tumor,0.03,4,base.15,0.966902
2,2,9,res9,brain_tumor,0.03,5,base.16,0.959925
2,2,9,res9,brain_tumor,0.03,6,base.17,0.959925
2,2,9,res9,brain_tumor,0.03,7,base.18,0.959925
2,2,9,res9,brain_tumor,0.03,8,classifier,0.854322
2,3,4,res9,brain_tumor,0.03,0,base.2,0.973955
2,3,4,res9,brain_tumor,0.03,1,base.6,0.955026
2,3,4,res9,brain_tumor,0.03,2,base.7,0.950031
2,3,4,res9,brain_tumor,0.03,3,base.11,0.794193
2,3,4,res9,brain_tumor,0.03,4,base.15,0.781366
2,3,4,res9,brain_tumor,0.03,5,base.16,0.788537
2,3,4,res9,brain_tumor,0.03,6,base.17,0.788537
2,3,4,res9,brain_tumor,0.03,7,base.18,0.788537
2,3,4,res9,brain_tumor,0.03,8,classifier,0.513877
2,3,5,res9,brain_tumor,0.03,0,base.2,0.986446
2,3,5,res9,brain_tumor,0.03,1,base.6,0.979995
2,3,5,res9,brain_tumor,0.03,2,base.7,0.947738
2,3,5,res9,brain_tumor,0.03,3,base.11,0.783372
2,3,5,res9,brain_tumor,0.03,4,base.15,0.576337
2,3,5,res9,brain_tumor,0.03,5,base.16,0.565330
2,3,5,res9,brain_tumor,0.03,6,base.17,0.565330
2,3,5,res9,brain_tumor,0.03,7,base.18,0.565330
2,3,5,res9,brain_tumor,0.03,8,classifier,0.620599
2,3,6,res9,brain_tumor,0.03,0,base.2,0.951242
2,3,6,res9,brain_tumor,0.03,1,base.6,0.846936
2,3,6,res9,brain_tumor,0.03,2,base.7,0.795264
2,3,6,res9,brain_tumor,0.03,3,base.11,0.736349
2,3,6,res9,brain_tumor,0.03,4,base.15,0.591972
2,3,6,res9,brain_tumor,0.03,5,base.16,0.570788
2,3,6,res9,brain_tumor,0.03,6,base.17,0.570788
2,3,6,res9,brain_tumor,0.03,7,base.18,0.570788
2,3,6,res9,brain_tumor,0.03,8,classifier,0.381271
2,3,7,res9,brain_tumor,0.03,0,base.2,0.999539
2,3,7,res9,brain_tumor,0.03,1,base.6,0.996542
2,3,7,res9,brain_tumor,0.03,2,base.7,0.991646
2,3,7,res9,brain_tumor,0.03,3,base.11,0.984118
2,3,7,res9,brain_tumor,0.03,4,base.15,0.949985
2,3,7,res9,brain_tumor,0.03,5,base.16,0.911225
2,3,7,res9,brain_tumor,0.03,6,base.17,0.911225
2,3,7,res9,brain_tumor,0.03,7,base.18,0.911225
2,3,7,res9,brain_tumor,0.03,8,classifier,0.343628
2,3,8,res9,brain_tumor,0.03,0,base.2,0.973650
2,3,8,res9,brain_tumor,0.03,1,base.6,0.935435
2,3,8,res9,brain_tumor,0.03,2,base.7,0.941037
2,3,8,res9,brain_tumor,0.03,3,base.11,0.852039
2,3,8,res9,brain_tumor,0.03,4,base.15,0.731519
2,3,8,res9,brain_tumor,0.03,5,base.16,0.578994
2,3,8,res9,brain_tumor,0.03,6,base.17,0.578994
2,3,8,res9,brain_tumor,0.03,7,base.18,0.578994
2,3,8,res9,brain_tumor,0.03,8,classifier,0.087650
2,3,9,res9,brain_tumor,0.03,0,base.2,0.963077
2,3,9,res9,brain_tumor,0.03,1,base.6,0.924686
2,3,9,res9,brain_tumor,0.03,2,base.7,0.900580
2,3,9,res9,brain_tumor,0.03,3,base.11,0.885703
2,3,9,res9,brain_tumor,0.03,4,base.15,0.814141
2,3,9,res9,brain_tumor,0.03,5,base.16,0.797844
2,3,9,res9,brain_tumor,0.03,6,base.17,0.797844
2,3,9,res9,brain_tumor,0.03,7,base.18,0.797844
2,3,9,res9,brain_tumor,0.03,8,classifier,0.194718
2,4,5,res9,brain_tumor,0.03,0,base.2,0.997494
2,4,5,res9,brain_tumor,0.03,1,base.6,0.983397
2,4,5,res9,brain_tumor,0.03,2,base.7,0.903358
2,4,5,res9,brain_tumor,0.03,3,base.11,0.650852
2,4,5,res9,brain_tumor,0.03,4,base.15,0.391728
2,4,5,res9,brain_tumor,0.03,5,base.16,0.399243
2,4,5,res9,brain_tumor,0.03,6,base.17,0.399243
2,4,5,res9,brain_tumor,0.03,7,base.18,0.399243
2,4,5,res9,brain_tumor,0.03,8,classifier,0.226618
2,4,6,res9,brain_tumor,0.03,0,base.2,0.993606
2,4,6,res9,brain_tumor,0.03,1,base.6,0.952692
2,4,6,res9,brain_tumor,0.03,2,base.7,0.928500
2,4,6,res9,brain_tumor,0.03,3,base.11,0.842419
2,4,6,res9,brain_tumor,0.03,4,base.15,0.729347
2,4,6,res9,brain_tumor,0.03,5,base.16,0.554441
2,4,6,res9,brain_tumor,0.03,6,base.17,0.554441
2,4,6,res9,brain_tumor,0.03,7,base.18,0.554441
2,4,6,res9,brain_tumor,0.03,8,classifier,0.365498
2,4,7,res9,brain_tumor,0.03,0,base.2,0.979320
2,4,7,res9,brain_tumor,0.03,1,base.6,0.956170
2,4,7,res9,brain_tumor,0.03,2,base.7,0.934818
2,4,7,res9,brain_tumor,0.03,3,base.11,0.728793
2,4,7,res9,brain_tumor,0.03,4,base.15,0.641244
2,4,7,res9,brain_tumor,0.03,5,base.16,0.626050
2,4,7,res9,brain_tumor,0.03,6,base.17,0.626050
2,4,7,res9,brain_tumor,0.03,7,base.18,0.626050
2,4,7,res9,brain_tumor,0.03,8,classifier,0.460828
2,4,8,res9,brain_tumor,0.03,0,base.2,0.999585
2,4,8,res9,brain_tumor,0.03,1,base.6,0.995372
2,4,8,res9,brain_tumor,0.03,2,base.7,0.957011
2,4,8,res9,brain_tumor,0.03,3,base.11,0.640282
2,4,8,res9,brain_tumor,0.03,4,base.15,0.497707
2,4,8,res9,brain_tumor,0.03,5,base.16,0.377990
2,4,8,res9,brain_tumor,0.03,6,base.17,0.377990
2,4,8,res9,brain_tumor,0.03,7,base.18,0.377990
2,4,8,res9,brain_tumor,0.03,8,classifier,0.045174
2,4,9,res9,brain_tumor,0.03,0,base.2,0.998640
2,4,9,res9,brain_tumor,0.03,1,base.6,0.992737
2,4,9,res9,brain_tumor,0.03,2,base.7,0.981051
2,4,9,res9,brain_tumor,0.03,3,base.11,0.698386
2,4,9,res9,brain_tumor,0.03,4,base.15,0.516562
2,4,9,res9,brain_tumor,0.03,5,base.16,0.529842
2,4,9,res9,brain_tumor,0.03,6,base.17,0.529842
2,4,9,res9,brain_tumor,0.03,7,base.18,0.529842
2,4,9,res9,brain_tumor,0.03,8,classifier,0.178411
2,5,6,res9,brain_tumor,0.03,0,base.2,0.986281
2,5,6,res9,brain_tumor,0.03,1,base.6,0.886904
2,5,6,res9,brain_tumor,0.03,2,base.7,0.761638
2,5,6,res9,brain_tumor,0.03,3,base.11,0.669757
2,5,6,res9,brain_tumor,0.03,4,base.15,0.520092
2,5,6,res9,brain_tumor,0.03,5,base.16,0.687528
2,5,6,res9,brain_tumor,0.03,6,base.17,0.687528
2,5,6,res9,brain_tumor,0.03,7,base.18,0.687528
2,5,6,res9,brain_tumor,0.03,8,classifier,0.429191
2,5,7,res9,brain_tumor,0.03,0,base.2,0.990286
2,5,7,res9,brain_tumor,0.03,1,base.6,0.985890
2,5,7,res9,brain_tumor,0.03,2,base.7,0.951403
2,5,7,res9,brain_tumor,0.03,3,base.11,0.789975
2,5,7,res9,brain_tumor,0.03,4,base.15,0.584213
2,5,7,res9,brain_tumor,0.03,5,base.16,0.480430
2,5,7,res9,brain_tumor,0.03,6,base.17,0.480430
2,5,7,res9,brain_tumor,0.03,7,base.18,0.480430
2,5,7,res9,brain_tumor,0.03,8,classifier,0.052630
2,5,8,res9,brain_tumor,0.03,0,base.2,0.997597
2,5,8,res9,brain_tumor,0.03,1,base.6,0.969040
2,5,8,res9,brain_tumor,0.03,2,base.7,0.928601
2,5,8,res9,brain_tumor,0.03,3,base.11,0.809478
2,5,8,res9,brain_tumor,0.03,4,base.15,0.599352
2,5,8,res9,brain_tumor,0.03,5,base.16,0.349472
2,5,8,res9,brain_tumor,0.03,6,base.17,0.349472
2,5,8,res9,brain_tumor,0.03,7,base.18,0.349472
2,5,8,res9,brain_tumor,0.03,8,classifier,0.014212
2,5,9,res9,brain_tumor,0.03,0,base.2,0.993721
2,5,9,res9,brain_tumor,0.03,1,base.6,0.963663
2,5,9,res9,brain_tumor,0.03,2,base.7,0.853149
2,5,9,res9,brain_tumor,0.03,3,base.11,0.822725
2,5,9,res9,brain_tumor,0.03,4,base.15,0.657360
2,5,9,res9,brain_tumor,0.03,5,base.16,0.494426
2,5,9,res9,brain_tumor,0.03,6,base.17,0.494426
2,5,9,res9,brain_tumor,0.03,7,base.18,0.494426
2,5,9,res9,brain_tumor,0.03,8,classifier,0.226674
2,6,7,res9,brain_tumor,0.03,0,base.2,0.957427
2,6,7,res9,brain_tumor,0.03,1,base.6,0.839606
2,6,7,res9,brain_tumor,0.03,2,base.7,0.790969
2,6,7,res9,brain_tumor,0.03,3,base.11,0.722211
2,6,7,res9,brain_tumor,0.03,4,base.15,0.492705
2,6,7,res9,brain_tumor,0.03,5,base.16,0.465357
2,6,7,res9,brain_tumor,0.03,6,base.17,0.465357
2,6,7,res9,brain_tumor,0.03,7,base.18,0.465357
2,6,7,res9,brain_tumor,0.03,8,classifier,0.251361
2,6,8,res9,brain_tumor,0.03,0,base.2,0.993445
2,6,8,res9,brain_tumor,0.03,1,base.6,0.970461
2,6,8,res9,brain_tumor,0.03,2,base.7,0.884430
2,6,8,res9,brain_tumor,0.03,3,base.11,0.730567
2,6,8,res9,brain_tumor,0.03,4,base.15,0.483427
2,6,8,res9,brain_tumor,0.03,5,base.16,0.446529
2,6,8,res9,brain_tumor,0.03,6,base.17,0.446529
2,6,8,res9,brain_tumor,0.03,7,base.18,0.446529
2,6,8,res9,brain_tumor,0.03,8,classifier,0.161300
2,6,9,res9,brain_tumor,0.03,0,base.2,0.996843
2,6,9,res9,brain_tumor,0.03,1,base.6,0.971064
2,6,9,res9,brain_tumor,0.03,2,base.7,0.959711
2,6,9,res9,brain_tumor,0.03,3,base.11,0.796683
2,6,9,res9,brain_tumor,0.03,4,base.15,0.485589
2,6,9,res9,brain_tumor,0.03,5,base.16,0.554673
2,6,9,res9,brain_tumor,0.03,6,base.17,0.554673
2,6,9,res9,brain_tumor,0.03,7,base.18,0.554673
2,6,9,res9,brain_tumor,0.03,8,classifier,0.350366
2,7,8,res9,brain_tumor,0.03,0,base.2,0.979197
2,7,8,res9,brain_tumor,0.03,1,base.6,0.933902
2,7,8,res9,brain_tumor,0.03,2,base.7,0.959100
2,7,8,res9,brain_tumor,0.03,3,base.11,0.901541
2,7,8,res9,brain_tumor,0.03,4,base.15,0.816238
2,7,8,res9,brain_tumor,0.03,5,base.16,0.663020
2,7,8,res9,brain_tumor,0.03,6,base.17,0.663020
2,7,8,res9,brain_tumor,0.03,7,base.18,0.663020
2,7,8,res9,brain_tumor,0.03,8,classifier,0.094403
2,7,9,res9,brain_tumor,0.03,0,base.2,0.969454
2,7,9,res9,brain_tumor,0.03,1,base.6,0.925135
2,7,9,res9,brain_tumor,0.03,2,base.7,0.894740
2,7,9,res9,brain_tumor,0.03,3,base.11,0.907618
2,7,9,res9,brain_tumor,0.03,4,base.15,0.912155
2,7,9,res9,brain_tumor,0.03,5,base.16,0.916476
2,7,9,res9,brain_tumor,0.03,6,base.17,0.916476
2,7,9,res9,brain_tumor,0.03,7,base.18,0.916476
2,7,9,res9,brain_tumor,0.03,8,classifier,0.485240
2,8,9,res9,brain_tumor,0.03,0,base.2,0.998956
2,8,9,res9,brain_tumor,0.03,1,base.6,0.998715
2,8,9,res9,brain_tumor,0.03,2,base.7,0.955164
2,8,9,res9,brain_tumor,0.03,3,base.11,0.961466
2,8,9,res9,brain_tumor,0.03,4,base.15,0.928509
2,8,9,res9,brain_tumor,0.03,5,base.16,0.802780
2,8,9,res9,brain_tumor,0.03,6,base.17,0.802780
2,8,9,res9,brain_tumor,0.03,7,base.18,0.802780
2,8,9,res9,brain_tumor,0.03,8,classifier,0.413559
5,0,1,res9,brain_tumor,0.03,0,base.2,0.993440
5,0,1,res9,brain_tumor,0.03,1,base.6,0.914524
5,0,1,res9,brain_tumor,0.03,2,base.7,0.792875
5,0,1,res9,brain_tumor,0.03,3,base.11,0.634488
5,0,1,res9,brain_tumor,0.03,4,base.15,0.829299
5,0,1,res9,brain_tumor,0.03,5,base.16,0.691534
5,0,1,res9,brain_tumor,0.03,6,base.17,0.691534
5,0,1,res9,brain_tumor,0.03,7,base.18,0.691534
5,0,1,res9,brain_tumor,0.03,8,classifier,0.481297
5,0,2,res9,brain_tumor,0.03,0,base.2,0.999723
5,0,2,res9,brain_tumor,0.03,1,base.6,0.998433
5,0,2,res9,brain_tumor,0.03,2,base.7,0.997238
5,0,2,res9,brain_tumor,0.03,3,base.11,0.991138
5,0,2,res9,brain_tumor,0.03,4,base.15,0.997014
5,0,2,res9,brain_tumor,0.03,5,base.16,0.997763
5,0,2,res9,brain_tumor,0.03,6,base.17,0.997763
5,0,2,res9,brain_tumor,0.03,7,base.18,0.997763
5,0,2,res9,brain_tumor,0.03,8,classifier,0.988798
5,0,3,res9,brain_tumor,0.03,0,base.2,0.997178
5,0,3,res9,brain_tumor,0.03,1,base.6,0.989651
5,0,3,res9,brain_tumor,0.03,2,base.7,0.970034
5,0,3,res9,brain_tumor,0.03,3,base.11,0.890340
5,0,3,res9,brain_tumor,0.03,4,base.15,0.693131
5,0,3,res9,brain_tumor,0.03,5,base.16,0.768874
5,0,3,res9,brain_tumor,0.03,6,base.17,0.768874
5,0,3,res9,brain_tumor,0.03,7,base.18,0.768874
5,0,3,res9,brain_tumor,0.03,8,classifier,0.396605
5,0,4,res9,brain_tumor,0.03,0,base.2,0.987982
5,0,4,res9,brain_tumor,0.03,1,base.6,0.941510
5,0,4,res9,brain_tumor,0.03,2,base.7,0.805160
5,0,4,res9,brain_tumor,0.03,3,base.11,0.469930
5,0,4,res9,brain_tumor,0.03,4,base.15,0.522034
5,0,4,res9,brain_tumor,0.03,5,base.16,0.473212
5,0,4,res9,brain_tumor,0.03,6,base.17,0.473212
5,0,4,res9,brain_tumor,0.03,7,base.18,0.473212
5,0,4,res9,brain_tumor,0.03,8,classifier,0.421628
5,0,5,res9,brain_tumor,0.03,0,base.2,0.997438
5,0,5,res9,brain_tumor,0.03,1,base.6,0.980976
5,0,5,res9,brain_tumor,0.03,2,base.7,0.929625
5,0,5,res9,brain_tumor,0.03,3,base.11,0.678184
5,0,5,res9,brain_tumor,0.03,4,base.15,0.737526
5,0,5,res9,brain_tumor,0.03,5,base.16,0.444688
5,0,5,res9,brain_tumor,0.03,6,base.17,0.444688
5,0,5,res9,brain_tumor,0.03,7,base.18,0.444688
5,0,5,res9,brain_tumor,0.03,8,classifier,0.037621
5,0,6,res9,brain_tumor,0.03,0,base.2,0.959112
5,0,6,res9,brain_tumor,0.03,1,base.6,0.850572
5,0,6,res9,brain_tumor,0.03,2,base.7,0.713382
5,0,6,res9,brain_tumor,0.03,3,base.11,0.596673
5,0,6,res9,brain_tumor,0.03,4,base.15,0.381373
5,0,6,res9,brain_tumor,0.03,5,base.16,0.350065
5,0,6,res9,brain_tumor,0.03,6,base.17,0.350065
5,0,6,res9,brain_tumor,0.03,7,base.18,0.350065
5,0,6,res9,brain_tumor,0.03,8,classifier,0.019652
5,0,7,res9,brain_tumor,0.03,0,base.2,0.998881
5,0,7,res9,brain_tumor,0.03,1,base.6,0.986203
5,0,7,res9,brain_tumor,0.03,2,base.7,0.952676
5,0,7,res9,brain_tumor,0.03,3,base.11,0.852663
5,0,7,res9,brain_tumor,0.03,4,base.15,0.967006
5,0,7,res9,brain_tumor,0.03,5,base.16,0.914332
5,0,7,res9,brain_tumor,0.03,6,base.17,0.914332
5,0,7,res9,brain_tumor,0.03,7,base.18,0.914332
5,0,7,res9,brain_tumor,0.03,8,classifier,0.514556
5,0,8,res9,brain_tumor,0.03,0,base.2,0.997950
5,0,8,res9,brain_tumor,0.03,1,base.6,0.976362
5,0,8,res9,brain_tumor,0.03,2,base.7,0.939086
5,0,8,res9,brain_tumor,0.03,3,base.11,0.914313
5,0,8,res9,brain_tumor,0.03,4,base.15,0.763664
5,0,8,res9,brain_tumor,0.03,5,base.16,0.886022
5,0,8,res9,brain_tumor,0.03,6,base.17,0.886022
5,0,8,res9,brain_tumor,0.03,7,base.18,0.886022
5,0,8,res9,brain_tumor,0.03,8,classifier,0.618623
5,0,9,res9,brain_tumor,0.03,0,base.2,0.994397
5,0,9,res9,brain_tumor,0.03,1,base.6,0.943325
5,0,9,res9,brain_tumor,0.03,2,base.7,0.884390
5,0,9,res9,brain_tumor,0.03,3,base.11,0.817777
5,0,9,res9,brain_tumor,0.03,4,base.15,0.654364
5,0,9,res9,brain_tumor,0.03,5,base.16,0.668030
5,0,9,res9,brain_tumor,0.03,6,base.17,0.668030
5,0,9,res9,brain_tumor,0.03,7,base.18,0.668030
5,0,9,res9,brain_tumor,0.03,8,classifier,0.541170
5,1,2,res9,brain_tumor,0.03,0,base.2,0.990664
5,1,2,res9,brain_tumor,0.03,1,base.6,0.902593
5,1,2,res9,brain_tumor,0.03,2,base.7,0.814391
5,1,2,res9,brain_tumor,0.03,3,base.11,0.658608
5,1,2,res9,brain_tumor,0.03,4,base.15,0.819381
5,1,2,res9,brain_tumor,0.03,5,base.16,0.693184
5,1,2,res9,brain_tumor,0.03,6,base.17,0.693184
5,1,2,res9,brain_tumor,0.03,7,base.18,0.693184
5,1,2,res9,brain_tumor,0.03,8,classifier,0.494651
5,1,3,res9,brain_tumor,0.03,0,base.2,0.983088
5,1,3,res9,brain_tumor,0.03,1,base.6,0.889729
5,1,3,res9,brain_tumor,0.03,2,base.7,0.806209
5,1,3,res9,brain_tumor,0.03,3,base.11,0.634965
5,1,3,res9,brain_tumor,0.03,4,base.15,0.726467
5,1,3,res9,brain_tumor,0.03,5,base.16,0.714189
5,1,3,res9,brain_tumor,0.03,6,base.17,0.714189
5,1,3,res9,brain_tumor,0.03,7,base.18,0.714189
5,1,3,res9,brain_tumor,0.03,8,classifier,0.047126
5,1,4,res9,brain_tumor,0.03,0,base.2,0.998974
5,1,4,res9,brain_tumor,0.03,1,base.6,0.994002
5,1,4,res9,brain_tumor,0.03,2,base.7,0.859734
5,1,4,res9,brain_tumor,0.03,3,base.11,0.547980
5,1,4,res9,brain_tumor,0.03,4,base.15,0.679959
5,1,4,res9,brain_tumor,0.03,5,base.16,0.622132
5,1,4,res9,brain_tumor,0.03,6,base.17,0.622132
5,1,4,res9,brain_tumor,0.03,7,base.18,0.622132
5,1,4,res9,brain_tumor,0.03,8,classifier,0.552515
5,1,5,res9,brain_tumor,0.03,0,base.2,0.998613
5,1,5,res9,brain_tumor,0.03,1,base.6,0.974068
5,1,5,res9,brain_tumor,0.03,2,base.7,0.860329
5,1,5,res9,brain_tumor,0.03,3,base.11,0.616701
5,1,5,res9,brain_tumor,0.03,4,base.15,0.660962
5,1,5,res9,brain_tumor,0.03,5,base.16,0.435984
5,1,5,res9,brain_tumor,0.03,6,base.17,0.435984
5,1,5,res9,brain_tumor,0.03,7,base.18,0.435984
5,1,5,res9,brain_tumor,0.03,8,classifier,0.088533
5,1,6,res9,brain_tumor,0.03,0,base.2,0.982430
5,1,6,res9,brain_tumor,0.03,1,base.6,0.981167
5,1,6,res9,brain_tumor,0.03,2,base.7,0.947444
5,1,6,res9,brain_tumor,0.03,3,base.11,0.806207
5,1,6,res9,brain_tumor,0.03,4,base.15,0.408742
5,1,6,res9,brain_tumor,0.03,5,base.16,0.353314
5,1,6,res9,brain_tumor,0.03,6,base.17,0.353314
5,1,6,res9,brain_tumor,0.03,7,base.18,0.353314
5,1,6,res9,brain_tumor,0.03,8,classifier,0.089867
5,1,7,res9,brain_tumor,0.03,0,base.2,0.987210
5,1,7,res9,brain_tumor,0.03,1,base.6,0.843625
5,1,7,res9,brain_tumor,0.03,2,base.7,0.717640
5,1,7,res9,brain_tumor,0.03,3,base.11,0.607179
5,1,7,res9,brain_tumor,0.03,4,base.15,0.825714
5,1,7,res9,brain_tumor,0.03,5,base.16,0.677067
5,1,7,res9,brain_tumor,0.03,6,base.17,0.677067
5,1,7,res9,brain_tumor,0.03,7,base.18,0.677067
5,1,7,res9,brain_tumor,0.03,8,classifier,0.460130
5,1,8,res9,brain_tumor,0.03,0,base.2,0.998693
5,1,8,res9,brain_tumor,0.03,1,base.6,0.978369
5,1,8,res9,brain_tumor,0.03,2,base.7,0.943092
5,1,8,res9,brain_tumor,0.03,3,base.11,0.787021
5,1,8,res9,brain_tumor,0.03,4,base.15,0.739519
5,1,8,res9,brain_tumor,0.03,5,base.16,0.704393
5,1,8,res9,brain_tumor,0.03,6,base.17,0.704393
5,1,8,res9,brain_tumor,0.03,7,base.18,0.704393
5,1,8,res9,brain_tumor,0.03,8,classifier,0.305808
5,1,9,res9,brain_tumor,0.03,0,base.2,0.999850
5,1,9,res9,brain_tumor,0.03,1,base.6,0.994208
5,1,9,res9,brain_tumor,0.03,2,base.7,0.971810
5,1,9,res9,brain_tumor,0.03,3,base.11,0.811391
5,1,9,res9,brain_tumor,0.03,4,base.15,0.672634
5,1,9,res9,brain_tumor,0.03,5,base.16,0.540822
5,1,9,res9,brain_tumor,0.03,6,base.17,0.540822
5,1,9,res9,brain_tumor,0.03,7,base.18,0.540822
5,1,9,res9,brain_tumor,0.03,8,classifier,0.286963
5,2,3,res9,brain_tumor,0.03,0,base.2,0.998648
5,2,3,res9,brain_tumor,0.03,1,base.6,0.995819
5,2,3,res9,brain_tumor,0.03,2,base.7,0.982368
5,2,3,res9,brain_tumor,0.03,3,base.11,0.920690
5,2,3,res9,brain_tumor,0.03,4,base.15,0.693528
5,2,3,res9,brain_tumor,0.03,5,base.16,0.772759
5,2,3,res9,brain_tumor,0.03,6,base.17,0.772759
5,2,3,res9,brain_tumor,0.03,7,base.18,0.772759
5,2,3,res9,brain_tumor,0.03,8,classifier,0.366174
5,2,4,res9,brain_tumor,0.03,0,base.2,0.984527
5,2,4,res9,brain_tumor,0.03,1,base.6,0.931988
5,2,4,res9,brain_tumor,0.03,2,base.7,0.804153
5,2,4,res9,brain_tumor,0.03,3,base.11,0.443577
5,2,4,res9,brain_tumor,0.03,4,base.15,0.488281
5,2,4,res9,brain_tumor,0.03,5,base.16,0.457534
5,2,4,res9,brain_tumor,0.03,6,base.17,0.457534
5,2,4,res9,brain_tumor,0.03,7,base.18,0.457534
5,2,4,res9,brain_tumor,0.03,8,classifier,0.433084
5,2,5,res9,brain_tumor,0.03,0,base.2,0.995819
5,2,5,res9,brain_tumor,0.03,1,base.6,0.973713
5,2,5,res9,brain_tumor,0.03,2,base.7,0.950345
5,2,5,res9,brain_tumor,0.03,3,base.11,0.746552
5,2,5,res9,brain_tumor,0.03,4,base.15,0.757074
5,2,5,res9,brain_tumor,0.03,5,base.16,0.461637
5,2,5,res9,brain_tumor,0.03,6,base.17,0.461637
5,2,5,res9,brain_tumor,0.03,7,base.18,0.461637
5,2,5,res9,brain_tumor,0.03,8,classifier,0.031380
5,2,6,res9,brain_tumor,0.03,0,base.2,0.954066
5,2,6,res9,brain_tumor,0.03,1,base.6,0.842570
5,2,6,res9,brain_tumor,0.03,2,base.7,0.753010
5,2,6,res9,brain_tumor,0.03,3,base.11,0.667806
5,2,6,res9,brain_tumor,0.03,4,base.15,0.414608
5,2,6,res9,brain_tumor,0.03,5,base.16,0.378234
5,2,6,res9,brain_tumor,0.03,6,base.17,0.378234
5,2,6,res9,brain_tumor,0.03,7,base.18,0.378234
5,2,6,res9,brain_tumor,0.03,8,classifier,0.017822
5,2,7,res9,brain_tumor,0.03,0,base.2,0.999696
5,2,7,res9,brain_tumor,0.03,1,base.6,0.991806
5,2,7,res9,brain_tumor,0.03,2,base.7,0.952045
5,2,7,res9,brain_tumor,0.03,3,base.11,0.858629
5,2,7,res9,brain_tumor,0.03,4,base.15,0.977851
5,2,7,res9,brain_tumor,0.03,5,base.16,0.924936
5,2,7,res9,brain_tumor,0.03,6,base.17,0.924936
5,2,7,res9,brain_tumor,0.03,7,base.18,0.924936
5,2,7,res9,brain_tumor,0.03,8,classifier,0.543473
5,2,8,res9,brain_tumor,0.03,0,base.2,0.996241
5,2,8,res9,brain_tumor,0.03,1,base.6,0.967649
5,2,8,res9,brain_tumor,0.03,2,base.7,0.953259
5,2,8,res9,brain_tumor,0.03,3,base.11,0.929198
5,2,8,res9,brain_tumor,0.03,4,base.15,0.737772
5,2,8,res9,brain_tumor,0.03,5,base.16,0.876263
5,2,8,res9,brain_tumor,0.03,6,base.17,0.876263
5,2,8,res9,brain_tumor,0.03,7,base.18,0.876263
5,2,8,res9,brain_tumor,0.03,8,classifier,0.548443
5,2,9,res9,brain_tumor,0.03,0,base.2,0.991815
5,2,9,res9,brain_tumor,0.03,1,base.6,0.931627
5,2,9,res9,brain_tumor,0.03,2,base.7,0.904417
5,2,9,res9,brain_tumor,0.03,3,base.11,0.845527
5,2,9,res9,brain_tumor,0.03,4,base.15,0.626236
5,2,9,res9,brain_tumor,0.03,5,base.16,0.644636
5,2,9,res9,brain_tumor,0.03,6,base.17,0.644636
5,2,9,res9,brain_tumor,0.03,7,base.18,0.644636
5,2,9,res9,brain_tumor,0.03,8,classifier,0.461586
5,3,4,res9,brain_tumor,0.03,0,base.2,0.975774
5,3,4,res9,brain_tumor,0.03,1,base.6,0.921196
5,3,4,res9,brain_tumor,0.03,2,base.7,0.764542
5,3,4,res9,brain_tumor,0.03,3,base.11,0.374817
5,3,4,res9,brain_tumor,0.03,4,base.15,0.540480
5,3,4,res9,brain_tumor,0.03,5,base.16,0.545981
5,3,4,res9,brain_tumor,0.03,6,base.17,0.545981
5,3,4,res9,brain_tumor,0.03,7,base.18,0.545981
5,3,4,res9,brain_tumor,0.03,8,classifier,0.039167
5,3,5,res9,brain_tumor,0.03,0,base.2,0.990674
5,3,5,res9,brain_tumor,0.03,1,base.6,0.961777
5,3,5,res9,brain_tumor,0.03,2,base.7,0.978420
5,3,5,res9,brain_tumor,0.03,3,base.11,0.840669
5,3,5,res9,brain_tumor,0.03,4,base.15,0.652127
5,3,5,res9,brain_tumor,0.03,5,base.16,0.440739
5,3,5,res9,brain_tumor,0.03,6,base.17,0.440739
5,3,5,res9,brain_tumor,0.03,7,base.18,0.440739
5,3,5,res9,brain_tumor,0.03,8,classifier,0.031002
5,3,6,res9,brain_tumor,0.03,0,base.2,0.942833
5,3,6,res9,brain_tumor,0.03,1,base.6,0.840800
5,3,6,res9,brain_tumor,0.03,2,base.7,0.787991
5,3,6,res9,brain_tumor,0.03,3,base.11,0.772871
5,3,6,res9,brain_tumor,0.03,4,base.15,0.511681
5,3,6,res9,brain_tumor,0.03,5,base.16,0.315563
5,3,6,res9,brain_tumor,0.03,6,base.17,0.315563
5,3,6,res9,brain_tumor,0.03,7,base.18,0.315563
5,3,6,res9,brain_tumor,0.03,8,classifier,0.051794
5,3,7,res9,brain_tumor,0.03,0,base.2,0.999502
5,3,7,res9,brain_tumor,0.03,1,base.6,0.990376
5,3,7,res9,brain_tumor,0.03,2,base.7,0.919281
5,3,7,res9,brain_tumor,0.03,3,base.11,0.795669
5,3,7,res9,brain_tumor,0.03,4,base.15,0.694388
5,3,7,res9,brain_tumor,0.03,5,base.16,0.715096
5,3,7,res9,brain_tumor,0.03,6,base.17,0.715096
5,3,7,res9,brain_tumor,0.03,7,base.18,0.715096
5,3,7,res9,brain_tumor,0.03,8,classifier,0.108298
5,3,8,res9,brain_tumor,0.03,0,base.2,0.990777
5,3,8,res9,brain_tumor,0.03,1,base.6,0.953556
5,3,8,res9,brain_tumor,0.03,2,base.7,0.944761
5,3,8,res9,brain_tumor,0.03,3,base.11,0.847968
5,3,8,res9,brain_tumor,0.03,4,base.15,0.537993
5,3,8,res9,brain_tumor,0.03,5,base.16,0.785911
5,3,8,res9,brain_tumor,0.03,6,base.17,0.785911
5,3,8,res9,brain_tumor,0.03,7,base.18,0.785911
5,3,8,res9,brain_tumor,0.03,8,classifier,0.287821
5,3,9,res9,brain_tumor,0.03,0,base.2,0.984632
5,3,9,res9,brain_tumor,0.03,1,base.6,0.916667
5,3,9,res9,brain_tumor,0.03,2,base.7,0.901860
5,3,9,res9,brain_tumor,0.03,3,base.11,0.769683
5,3,9,res9,brain_tumor,0.03,4,base.15,0.444666
5,3,9,res9,brain_tumor,0.03,5,base.16,0.483146
5,3,9,res9,brain_tumor,0.03,6,base.17,0.483146
5,3,9,res9,brain_tumor,0.03,7,base.18,0.483146
5,3,9,res9,brain_tumor,0.03,8,classifier,0.273705
5,4,5,res9,brain_tumor,0.03,0,base.2,0.996012
5,4,5,res9,brain_tumor,0.03,1,base.6,0.986498
5,4,5,res9,brain_tumor,0.03,2,base.7,0.811036
5,4,5,res9,brain_tumor,0.03,3,base.11,0.282815
5,4,5,res9,brain_tumor,0.03,4,base.15,0.458783
5,4,5,res9,brain_tumor,0.03,5,base.16,0.538957
5,4,5,res9,brain_tumor,0.03,6,base.17,0.538957
5,4,5,res9,brain_tumor,0.03,7,base.18,0.538957
5,4,5,res9,brain_tumor,0.03,8,classifier,0.507205
5,4,6,res9,brain_tumor,0.03,0,base.2,0.989264
5,4,6,res9,brain_tumor,0.03,1,base.6,0.972625
5,4,6,res9,brain_tumor,0.03,2,base.7,0.761515
5,4,6,res9,brain_tumor,0.03,3,base.11,0.394448
5,4,6,res9,brain_tumor,0.03,4,base.15,0.266070
5,4,6,res9,brain_tumor,0.03,5,base.16,0.240050
5,4,6,res9,brain_tumor,0.03,6,base.17,0.240050
5,4,6,res9,brain_tumor,0.03,7,base.18,0.240050
5,4,6,res9,brain_tumor,0.03,8,classifier,0.108662
5,4,7,res9,brain_tumor,0.03,0,base.2,0.980269
5,4,7,res9,brain_tumor,0.03,1,base.6,0.882089
5,4,7,res9,brain_tumor,0.03,2,base.7,0.685137
5,4,7,res9,brain_tumor,0.03,3,base.11,0.256558
5,4,7,res9,brain_tumor,0.03,4,base.15,0.449721
5,4,7,res9,brain_tumor,0.03,5,base.16,0.440073
5,4,7,res9,brain_tumor,0.03,6,base.17,0.440073
5,4,7,res9,brain_tumor,0.03,7,base.18,0.440073
5,4,7,res9,brain_tumor,0.03,8,classifier,0.142030
5,4,8,res9,brain_tumor,0.03,0,base.2,0.995631
5,4,8,res9,brain_tumor,0.03,1,base.6,0.989423
5,4,8,res9,brain_tumor,0.03,2,base.7,0.885730
5,4,8,res9,brain_tumor,0.03,3,base.11,0.607239
5,4,8,res9,brain_tumor,0.03,4,base.15,0.764167
5,4,8,res9,brain_tumor,0.03,5,base.16,0.632506
5,4,8,res9,brain_tumor,0.03,6,base.17,0.632506
5,4,8,res9,brain_tumor,0.03,7,base.18,0.632506
5,4,8,res9,brain_tumor,0.03,8,classifier,0.424128
5,4,9,res9,brain_tumor,0.03,0,base.2,0.998568
5,4,9,res9,brain_tumor,0.03,1,base.6,0.998092
5,4,9,res9,brain_tumor,0.03,2,base.7,0.889384
5,4,9,res9,brain_tumor,0.03,3,base.11,0.624946
5,4,9,res9,brain_tumor,0.03,4,base.15,0.763973
5,4,9,res9,brain_tumor,0.03,5,base.16,0.526029
5,4,9,res9,brain_tumor,0.03,6,base.17,0.526029
5,4,9,res9,brain_tumor,0.03,7,base.18,0.526029
5,4,9,res9,brain_tumor,0.03,8,classifier,0.236406
5,5,6,res9,brain_tumor,0.03,0,base.2,0.976241
5,5,6,res9,brain_tumor,0.03,1,base.6,0.928747
5,5,6,res9,brain_tumor,0.03,2,base.7,0.867757
5,5,6,res9,brain_tumor,0.03,3,base.11,0.857872
5,5,6,res9,brain_tumor,0.03,4,base.15,0.682021
5,5,6,res9,brain_tumor,0.03,5,base.16,0.741617
5,5,6,res9,brain_tumor,0.03,6,base.17,0.741617
5,5,6,res9,brain_tumor,0.03,7,base.18,0.741617
5,5,6,res9,brain_tumor,0.03,8,classifier,0.499395
5,5,7,res9,brain_tumor,0.03,0,base.2,0.993503
5,5,7,res9,brain_tumor,0.03,1,base.6,0.938557
5,5,7,res9,brain_tumor,0.03,2,base.7,0.862579
5,5,7,res9,brain_tumor,0.03,3,base.11,0.685292
5,5,7,res9,brain_tumor,0.03,4,base.15,0.783525
5,5,7,res9,brain_tumor,0.03,5,base.16,0.549636
5,5,7,res9,brain_tumor,0.03,6,base.17,0.549636
5,5,7,res9,brain_tumor,0.03,7,base.18,0.549636
5,5,7,res9,brain_tumor,0.03,8,classifier,0.091790
5,5,8,res9,brain_tumor,0.03,0,base.2,0.999624
5,5,8,res9,brain_tumor,0.03,1,base.6,0.999181
5,5,8,res9,brain_tumor,0.03,2,base.7,0.964292
5,5,8,res9,brain_tumor,0.03,3,base.11,0.738860
5,5,8,res9,brain_tumor,0.03,4,base.15,0.558042
5,5,8,res9,brain_tumor,0.03,5,base.16,0.461688
5,5,8,res9,brain_tumor,0.03,6,base.17,0.461688
5,5,8,res9,brain_tumor,0.03,7,base.18,0.461688
5,5,8,res9,brain_tumor,0.03,8,classifier,0.232349
5,5,9,res9,brain_tumor,0.03,0,base.2,0.998777
5,5,9,res9,brain_tumor,0.03,1,base.6,0.988711
5,5,9,res9,brain_tumor,0.03,2,base.7,0.942167
5,5,9,res9,brain_tumor,0.03,3,base.11,0.717113
5,5,9,res9,brain_tumor,0.03,4,base.15,0.481461
5,5,9,res9,brain_tumor,0.03,5,base.16,0.331202
5,5,9,res9,brain_tumor,0.03,6,base.17,0.331202
5,5,9,res9,brain_tumor,0.03,7,base.18,0.331202
5,5,9,res9,brain_tumor,0.03,8,classifier,0.054526
5,6,7,res9,brain_tumor,0.03,0,base.2,0.947840
5,6,7,res9,brain_tumor,0.03,1,base.6,0.774754
5,6,7,res9,brain_tumor,0.03,2,base.7,0.673792
5,6,7,res9,brain_tumor,0.03,3,base.11,0.609680
5,6,7,res9,brain_tumor,0.03,4,base.15,0.460147
5,6,7,res9,brain_tumor,0.03,5,base.16,0.445910
5,6,7,res9,brain_tumor,0.03,6,base.17,0.445910
5,6,7,res9,brain_tumor,0.03,7,base.18,0.445910
5,6,7,res9,brain_tumor,0.03,8,classifier,0.334682
5,6,8,res9,brain_tumor,0.03,0,base.2,0.973202
5,6,8,res9,brain_tumor,0.03,1,base.6,0.933200
5,6,8,res9,brain_tumor,0.03,2,base.7,0.898539
5,6,8,res9,brain_tumor,0.03,3,base.11,0.749912
5,6,8,res9,brain_tumor,0.03,4,base.15,0.296389
5,6,8,res9,brain_tumor,0.03,5,base.16,0.297489
5,6,8,res9,brain_tumor,0.03,6,base.17,0.297489
5,6,8,res9,brain_tumor,0.03,7,base.18,0.297489
5,6,8,res9,brain_tumor,0.03,8,classifier,0.145063
5,6,9,res9,brain_tumor,0.03,0,base.2,0.980491
5,6,9,res9,brain_tumor,0.03,1,base.6,0.964730
5,6,9,res9,brain_tumor,0.03,2,base.7,0.937333
5,6,9,res9,brain_tumor,0.03,3,base.11,0.772795
5,6,9,res9,brain_tumor,0.03,4,base.15,0.265296
5,6,9,res9,brain_tumor,0.03,5,base.16,0.212305
5,6,9,res9,brain_tumor,0.03,6,base.17,0.212305
5,6,9,res9,brain_tumor,0.03,7,base.18,0.212305
5,6,9,res9,brain_tumor,0.03,8,classifier,0.002990
5,7,8,res9,brain_tumor,0.03,0,base.2,0.993918
5,7,8,res9,brain_tumor,0.03,1,base.6,0.930516
5,7,8,res9,brain_tumor,0.03,2,base.7,0.869692
5,7,8,res9,brain_tumor,0.03,3,base.11,0.726553
5,7,8,res9,brain_tumor,0.03,4,base.15,0.676332
5,7,8,res9,brain_tumor,0.03,5,base.16,0.822992
5,7,8,res9,brain_tumor,0.03,6,base.17,0.822992
5,7,8,res9,brain_tumor,0.03,7,base.18,0.822992
5,7,8,res9,brain_tumor,0.03,8,classifier,0.117572
5,7,9,res9,brain_tumor,0.03,0,base.2,0.988540
5,7,9,res9,brain_tumor,0.03,1,base.6,0.881168
5,7,9,res9,brain_tumor,0.03,2,base.7,0.806326
5,7,9,res9,brain_tumor,0.03,3,base.11,0.634292
5,7,9,res9,brain_tumor,0.03,4,base.15,0.565801
5,7,9,res9,brain_tumor,0.03,5,base.16,0.649507
5,7,9,res9,brain_tumor,0.03,6,base.17,0.649507
5,7,9,res9,brain_tumor,0.03,7,base.18,0.649507
5,7,9,res9,brain_tumor,0.03,8,classifier,0.158806
5,8,9,res9,brain_tumor,0.03,0,base.2,0.999068
5,8,9,res9,brain_tumor,0.03,1,base.6,0.992299
5,8,9,res9,brain_tumor,0.03,2,base.7,0.990167
5,8,9,res9,brain_tumor,0.03,3,base.11,0.978757
5,8,9,res9,brain_tumor,0.03,4,base.15,0.985918
5,8,9,res9,brain_tumor,0.03,5,base.16,0.801890
5,8,9,res9,brain_tumor,0.03,6,base.17,0.801890
5,8,9,res9,brain_tumor,0.03,7,base.18,0.801890
5,8,9,res9,brain_tumor,0.03,8,classifier,0.887554
10,0,1,res9,brain_tumor,0.03,0,base.2,0.996069
10,0,1,res9,brain_tumor,0.03,1,base.6,0.985603
10,0,1,res9,brain_tumor,0.03,2,base.7,0.930834
10,0,1,res9,brain_tumor,0.03,3,base.11,0.556314
10,0,1,res9,brain_tumor,0.03,4,base.15,0.418256
10,0,1,res9,brain_tumor,0.03,5,base.16,0.400031
10,0,1,res9,brain_tumor,0.03,6,base.17,0.400031
10,0,1,res9,brain_tumor,0.03,7,base.18,0.400031
10,0,1,res9,brain_tumor,0.03,8,classifier,0.137597
10,0,2,res9,brain_tumor,0.03,0,base.2,0.999309
10,0,2,res9,brain_tumor,0.03,1,base.6,0.998273
10,0,2,res9,brain_tumor,0.03,2,base.7,0.998512
10,0,2,res9,brain_tumor,0.03,3,base.11,0.997903
10,0,2,res9,brain_tumor,0.03,4,base.15,0.997084
10,0,2,res9,brain_tumor,0.03,5,base.16,0.990975
10,0,2,res9,brain_tumor,0.03,6,base.17,0.990975
10,0,2,res9,brain_tumor,0.03,7,base.18,0.990975
10,0,2,res9,brain_tumor,0.03,8,classifier,0.993829
10,0,3,res9,brain_tumor,0.03,0,base.2,0.993386
10,0,3,res9,brain_tumor,0.03,1,base.6,0.982244
10,0,3,res9,brain_tumor,0.03,2,base.7,0.983630
10,0,3,res9,brain_tumor,0.03,3,base.11,0.967168
10,0,3,res9,brain_tumor,0.03,4,base.15,0.953888
10,0,3,res9,brain_tumor,0.03,5,base.16,0.941913
10,0,3,res9,brain_tumor,0.03,6,base.17,0.941913
10,0,3,res9,brain_tumor,0.03,7,base.18,0.941913
10,0,3,res9,brain_tumor,0.03,8,classifier,0.887485
10,0,4,res9,brain_tumor,0.03,0,base.2,0.986550
10,0,4,res9,brain_tumor,0.03,1,base.6,0.970423
10,0,4,res9,brain_tumor,0.03,2,base.7,0.828871
10,0,4,res9,brain_tumor,0.03,3,base.11,0.716595
10,0,4,res9,brain_tumor,0.03,4,base.15,0.598606
10,0,4,res9,brain_tumor,0.03,5,base.16,0.531557
10,0,4,res9,brain_tumor,0.03,6,base.17,0.531557
10,0,4,res9,brain_tumor,0.03,7,base.18,0.531557
10,0,4,res9,brain_tumor,0.03,8,classifier,0.495480
10,0,5,res9,brain_tumor,0.03,0,base.2,0.999598
10,0,5,res9,brain_tumor,0.03,1,base.6,0.991977
10,0,5,res9,brain_tumor,0.03,2,base.7,0.961170
10,0,5,res9,brain_tumor,0.03,3,base.11,0.767820
10,0,5,res9,brain_tumor,0.03,4,base.15,0.730987
10,0,5,res9,brain_tumor,0.03,5,base.16,0.574516
10,0,5,res9,brain_tumor,0.03,6,base.17,0.574516
10,0,5,res9,brain_tumor,0.03,7,base.18,0.574516
10,0,5,res9,brain_tumor,0.03,8,classifier,0.210927
10,0,6,res9,brain_tumor,0.03,0,base.2,0.977232
10,0,6,res9,brain_tumor,0.03,1,base.6,0.925351
10,0,6,res9,brain_tumor,0.03,2,base.7,0.867974
10,0,6,res9,brain_tumor,0.03,3,base.11,0.716584
10,0,6,res9,brain_tumor,0.03,4,base.15,0.671275
10,0,6,res9,brain_tumor,0.03,5,base.16,0.579393
10,0,6,res9,brain_tumor,0.03,6,base.17,0.579393
10,0,6,res9,brain_tumor,0.03,7,base.18,0.579393
10,0,6,res9,brain_tumor,0.03,8,classifier,0.486121
10,0,7,res9,brain_tumor,0.03,0,base.2,0.997964
10,0,7,res9,brain_tumor,0.03,1,base.6,0.994173
10,0,7,res9,brain_tumor,0.03,2,base.7,0.991253
10,0,7,res9,brain_tumor,0.03,3,base.11,0.979783
10,0,7,res9,brain_tumor,0.03,4,base.15,0.976181
10,0,7,res9,brain_tumor,0.03,5,base.16,0.962998
10,0,7,res9,brain_tumor,0.03,6,base.17,0.962998
10,0,7,res9,brain_tumor,0.03,7,base.18,0.962998
10,0,7,res9,brain_tumor,0.03,8,classifier,0.875751
10,0,8,res9,brain_tumor,0.03,0,base.2,0.996816
10,0,8,res9,brain_tumor,0.03,1,base.6,0.987321
10,0,8,res9,brain_tumor,0.03,2,base.7,0.961141
10,0,8,res9,brain_tumor,0.03,3,base.11,0.802525
10,0,8,res9,brain_tumor,0.03,4,base.15,0.904157
10,0,8,res9,brain_tumor,0.03,5,base.16,0.861258
10,0,8,res9,brain_tumor,0.03,6,base.17,0.861258
10,0,8,res9,brain_tumor,0.03,7,base.18,0.861258
10,0,8,res9,brain_tumor,0.03,8,classifier,0.773724
10,0,9,res9,brain_tumor,0.03,0,base.2,0.991773
10,0,9,res9,brain_tumor,0.03,1,base.6,0.964129
10,0,9,res9,brain_tumor,0.03,2,base.7,0.940669
10,0,9,res9,brain_tumor,0.03,3,base.11,0.913341
10,0,9,res9,brain_tumor,0.03,4,base.15,0.902443
10,0,9,res9,brain_tumor,0.03,5,base.16,0.791483
10,0,9,res9,brain_tumor,0.03,6,base.17,0.791483
10,0,9,res9,brain_tumor,0.03,7,base.18,0.791483
10,0,9,res9,brain_tumor,0.03,8,classifier,0.871045
10,1,2,res9,brain_tumor,0.03,0,base.2,0.992285
10,1,2,res9,brain_tumor,0.03,1,base.6,0.976024
10,1,2,res9,brain_tumor,0.03,2,base.7,0.927746
10,1,2,res9,brain_tumor,0.03,3,base.11,0.544865
10,1,2,res9,brain_tumor,0.03,4,base.15,0.388643
10,1,2,res9,brain_tumor,0.03,5,base.16,0.388521
10,1,2,res9,brain_tumor,0.03,6,base.17,0.388521
10,1,2,res9,brain_tumor,0.03,7,base.18,0.388521
10,1,2,res9,brain_tumor,0.03,8,classifier,0.146264
10,1,3,res9,brain_tumor,0.03,0,base.2,0.980561
10,1,3,res9,brain_tumor,0.03,1,base.6,0.949925
10,1,3,res9,brain_tumor,0.03,2,base.7,0.923700
10,1,3,res9,brain_tumor,0.03,3,base.11,0.651450
10,1,3,res9,brain_tumor,0.03,4,base.15,0.379395
10,1,3,res9,brain_tumor,0.03,5,base.16,0.443000
10,1,3,res9,brain_tumor,0.03,6,base.17,0.443000
10,1,3,res9,brain_tumor,0.03,7,base.18,0.443000
10,1,3,res9,brain_tumor,0.03,8,classifier,0.189810
10,1,4,res9,brain_tumor,0.03,0,base.2,0.996728
10,1,4,res9,brain_tumor,0.03,1,base.6,0.993708
10,1,4,res9,brain_tumor,0.03,2,base.7,0.760494
10,1,4,res9,brain_tumor,0.03,3,base.11,0.287585
10,1,4,res9,brain_tumor,0.03,4,base.15,0.314081
10,1,4,res9,brain_tumor,0.03,5,base.16,0.582083
10,1,4,res9,brain_tumor,0.03,6,base.17,0.582083
10,1,4,res9,brain_tumor,0.03,7,base.18,0.582083
10,1,4,res9,brain_tumor,0.03,8,classifier,0.252760
10,1,5,res9,brain_tumor,0.03,0,base.2,0.995261
10,1,5,res9,brain_tumor,0.03,1,base.6,0.978035
10,1,5,res9,brain_tumor,0.03,2,base.7,0.947066
10,1,5,res9,brain_tumor,0.03,3,base.11,0.754566
10,1,5,res9,brain_tumor,0.03,4,base.15,0.638362
10,1,5,res9,brain_tumor,0.03,5,base.16,0.667211
10,1,5,res9,brain_tumor,0.03,6,base.17,0.667211
10,1,5,res9,brain_tumor,0.03,7,base.18,0.667211
10,1,5,res9,brain_tumor,0.03,8,classifier,0.009421
10,1,6,res9,brain_tumor,0.03,0,base.2,0.990145
10,1,6,res9,brain_tumor,0.03,1,base.6,0.969308
10,1,6,res9,brain_tumor,0.03,2,base.7,0.878728
10,1,6,res9,brain_tumor,0.03,3,base.11,0.721586
10,1,6,res9,brain_tumor,0.03,4,base.15,0.657754
10,1,6,res9,brain_tumor,0.03,5,base.16,0.589218
10,1,6,res9,brain_tumor,0.03,6,base.17,0.589218
10,1,6,res9,brain_tumor,0.03,7,base.18,0.589218
10,1,6,res9,brain_tumor,0.03,8,classifier,0.133202
10,1,7,res9,brain_tumor,0.03,0,base.2,0.988945
10,1,7,res9,brain_tumor,0.03,1,base.6,0.966601
10,1,7,res9,brain_tumor,0.03,2,base.7,0.915342
10,1,7,res9,brain_tumor,0.03,3,base.11,0.599643
10,1,7,res9,brain_tumor,0.03,4,base.15,0.369412
10,1,7,res9,brain_tumor,0.03,5,base.16,0.388964
10,1,7,res9,brain_tumor,0.03,6,base.17,0.388964
10,1,7,res9,brain_tumor,0.03,7,base.18,0.388964
10,1,7,res9,brain_tumor,0.03,8,classifier,0.055607
10,1,8,res9,brain_tumor,0.03,0,base.2,0.999886
10,1,8,res9,brain_tumor,0.03,1,base.6,0.998550
10,1,8,res9,brain_tumor,0.03,2,base.7,0.969618
10,1,8,res9,brain_tumor,0.03,3,base.11,0.885914
10,1,8,res9,brain_tumor,0.03,4,base.15,0.617875
10,1,8,res9,brain_tumor,0.03,5,base.16,0.426099
10,1,8,res9,brain_tumor,0.03,6,base.17,0.426099
10,1,8,res9,brain_tumor,0.03,7,base.18,0.426099
10,1,8,res9,brain_tumor,0.03,8,classifier,0.056693
10,1,9,res9,brain_tumor,0.03,0,base.2,0.999028
10,1,9,res9,brain_tumor,0.03,1,base.6,0.990954
10,1,9,res9,brain_tumor,0.03,2,base.7,0.913011
10,1,9,res9,brain_tumor,0.03,3,base.11,0.726116
10,1,9,res9,brain_tumor,0.03,4,base.15,0.656522
10,1,9,res9,brain_tumor,0.03,5,base.16,0.555294
10,1,9,res9,brain_tumor,0.03,6,base.17,0.555294
10,1,9,res9,brain_tumor,0.03,7,base.18,0.555294
10,1,9,res9,brain_tumor,0.03,8,classifier,0.093992
10,2,3,res9,brain_tumor,0.03,0,base.2,0.996887
10,2,3,res9,brain_tumor,0.03,1,base.6,0.990867
10,2,3,res9,brain_tumor,0.03,2,base.7,0.989641
10,2,3,res9,brain_tumor,0.03,3,base.11,0.973429
10,2,3,res9,brain_tumor,0.03,4,base.15,0.968613
10,2,3,res9,brain_tumor,0.03,5,base.16,0.963233
10,2,3,res9,brain_tumor,0.03,6,base.17,0.963233
10,2,3,res9,brain_tumor,0.03,7,base.18,0.963233
10,2,3,res9,brain_tumor,0.03,8,classifier,0.883467
10,2,4,res9,brain_tumor,0.03,0,base.2,0.980362
10,2,4,res9,brain_tumor,0.03,1,base.6,0.955913
10,2,4,res9,brain_tumor,0.03,2,base.7,0.803655
10,2,4,res9,brain_tumor,0.03,3,base.11,0.692621
10,2,4,res9,brain_tumor,0.03,4,base.15,0.592192
10,2,4,res9,brain_tumor,0.03,5,base.16,0.541157
10,2,4,res9,brain_tumor,0.03,6,base.17,0.541157
10,2,4,res9,brain_tumor,0.03,7,base.18,0.541157
10,2,4,res9,brain_tumor,0.03,8,classifier,0.516990
10,2,5,res9,brain_tumor,0.03,0,base.2,0.999002
10,2,5,res9,brain_tumor,0.03,1,base.6,0.986891
10,2,5,res9,brain_tumor,0.03,2,base.7,0.949330
10,2,5,res9,brain_tumor,0.03,3,base.11,0.746567
10,2,5,res9,brain_tumor,0.03,4,base.15,0.718608
10,2,5,res9,brain_tumor,0.03,5,base.16,0.532916
10,2,5,res9,brain_tumor,0.03,6,base.17,0.532916
10,2,5,res9,brain_tumor,0.03,7,base.18,0.532916
10,2,5,res9,brain_tumor,0.03,8,classifier,0.203966
10,2,6,res9,brain_tumor,0.03,0,base.2,0.970478
10,2,6,res9,brain_tumor,0.03,1,base.6,0.908710
10,2,6,res9,brain_tumor,0.03,2,base.7,0.853553
10,2,6,res9,brain_tumor,0.03,3,base.11,0.691143
10,2,6,res9,brain_tumor,0.03,4,base.15,0.638291
10,2,6,res9,brain_tumor,0.03,5,base.16,0.528237
10,2,6,res9,brain_tumor,0.03,6,base.17,0.528237
10,2,6,res9,brain_tumor,0.03,7,base.18,0.528237
10,2,6,res9,brain_tumor,0.03,8,classifier,0.458428
10,2,7,res9,brain_tumor,0.03,0,base.2,0.999627
10,2,7,res9,brain_tumor,0.03,1,base.6,0.998686
10,2,7,res9,brain_tumor,0.03,2,base.7,0.995174
10,2,7,res9,brain_tumor,0.03,3,base.11,0.987663
10,2,7,res9,brain_tumor,0.03,4,base.15,0.987452
10,2,7,res9,brain_tumor,0.03,5,base.16,0.984191
10,2,7,res9,brain_tumor,0.03,6,base.17,0.984191
10,2,7,res9,brain_tumor,0.03,7,base.18,0.984191
10,2,7,res9,brain_tumor,0.03,8,classifier,0.869147
10,2,8,res9,brain_tumor,0.03,0,base.2,0.993281
10,2,8,res9,brain_tumor,0.03,1,base.6,0.977088
10,2,8,res9,brain_tumor,0.03,2,base.7,0.951924
10,2,8,res9,brain_tumor,0.03,3,base.11,0.785675
10,2,8,res9,brain_tumor,0.03,4,base.15,0.893610
10,2,8,res9,brain_tumor,0.03,5,base.16,0.829430
10,2,8,res9,brain_tumor,0.03,6,base.17,0.829430
10,2,8,res9,brain_tumor,0.03,7,base.18,0.829430
10,2,8,res9,brain_tumor,0.03,8,classifier,0.767866
10,2,9,res9,brain_tumor,0.03,0,base.2,0.986658
10,2,9,res9,brain_tumor,0.03,1,base.6,0.948301
10,2,9,res9,brain_tumor,0.03,2,base.7,0.924593
10,2,9,res9,brain_tumor,0.03,3,base.11,0.893603
10,2,9,res9,brain_tumor,0.03,4,base.15,0.872526
10,2,9,res9,brain_tumor,0.03,5,base.16,0.722470
10,2,9,res9,brain_tumor,0.03,6,base.17,0.722470
10,2,9,res9,brain_tumor,0.03,7,base.18,0.722470
10,2,9,res9,brain_tumor,0.03,8,classifier,0.848615
10,3,4,res9,brain_tumor,0.03,0,base.2,0.964548
10,3,4,res9,brain_tumor,0.03,1,base.6,0.920263
10,3,4,res9,brain_tumor,0.03,2,base.7,0.760311
10,3,4,res9,brain_tumor,0.03,3,base.11,0.647093
10,3,4,res9,brain_tumor,0.03,4,base.15,0.626391
10,3,4,res9,brain_tumor,0.03,5,base.16,0.595032
10,3,4,res9,brain_tumor,0.03,6,base.17,0.595032
10,3,4,res9,brain_tumor,0.03,7,base.18,0.595032
10,3,4,res9,brain_tumor,0.03,8,classifier,0.631295
10,3,5,res9,brain_tumor,0.03,0,base.2,0.993080
10,3,5,res9,brain_tumor,0.03,1,base.6,0.958799
10,3,5,res9,brain_tumor,0.03,2,base.7,0.922889
10,3,5,res9,brain_tumor,0.03,3,base.11,0.791858
10,3,5,res9,brain_tumor,0.03,4,base.15,0.756820
10,3,5,res9,brain_tumor,0.03,5,base.16,0.574561
10,3,5,res9,brain_tumor,0.03,6,base.17,0.574561
10,3,5,res9,brain_tumor,0.03,7,base.18,0.574561
10,3,5,res9,brain_tumor,0.03,8,classifier,0.151317
10,3,6,res9,brain_tumor,0.03,0,base.2,0.954612
10,3,6,res9,brain_tumor,0.03,1,base.6,0.879316
10,3,6,res9,brain_tumor,0.03,2,base.7,0.853876
10,3,6,res9,brain_tumor,0.03,3,base.11,0.708808
10,3,6,res9,brain_tumor,0.03,4,base.15,0.601337
10,3,6,res9,brain_tumor,0.03,5,base.16,0.555476
10,3,6,res9,brain_tumor,0.03,6,base.17,0.555476
10,3,6,res9,brain_tumor,0.03,7,base.18,0.555476
10,3,6,res9,brain_tumor,0.03,8,classifier,0.485060
10,3,7,res9,brain_tumor,0.03,0,base.2,0.998614
10,3,7,res9,brain_tumor,0.03,1,base.6,0.996117
10,3,7,res9,brain_tumor,0.03,2,base.7,0.997004
10,3,7,res9,brain_tumor,0.03,3,base.11,0.990695
10,3,7,res9,brain_tumor,0.03,4,base.15,0.987693
10,3,7,res9,brain_tumor,0.03,5,base.16,0.972451
10,3,7,res9,brain_tumor,0.03,6,base.17,0.972451
10,3,7,res9,brain_tumor,0.03,7,base.18,0.972451
10,3,7,res9,brain_tumor,0.03,8,classifier,0.690962
10,3,8,res9,brain_tumor,0.03,0,base.2,0.982003
10,3,8,res9,brain_tumor,0.03,1,base.6,0.947883
10,3,8,res9,brain_tumor,0.03,2,base.7,0.936865
10,3,8,res9,brain_tumor,0.03,3,base.11,0.840053
10,3,8,res9,brain_tumor,0.03,4,base.15,0.896941
10,3,8,res9,brain_tumor,0.03,5,base.16,0.824304
10,3,8,res9,brain_tumor,0.03,6,base.17,0.824304
10,3,8,res9,brain_tumor,0.03,7,base.18,0.824304
10,3,8,res9,brain_tumor,0.03,8,classifier,0.768305
10,3,9,res9,brain_tumor,0.03,0,base.2,0.972629
10,3,9,res9,brain_tumor,0.03,1,base.6,0.910602
10,3,9,res9,brain_tumor,0.03,2,base.7,0.901736
10,3,9,res9,brain_tumor,0.03,3,base.11,0.893262
10,3,9,res9,brain_tumor,0.03,4,base.15,0.795824
10,3,9,res9,brain_tumor,0.03,5,base.16,0.692764
10,3,9,res9,brain_tumor,0.03,6,base.17,0.692764
10,3,9,res9,brain_tumor,0.03,7,base.18,0.692764
10,3,9,res9,brain_tumor,0.03,8,classifier,0.796840
10,4,5,res9,brain_tumor,0.03,0,base.2,0.984755
10,4,5,res9,brain_tumor,0.03,1,base.6,0.969558
10,4,5,res9,brain_tumor,0.03,2,base.7,0.905044
10,4,5,res9,brain_tumor,0.03,3,base.11,0.799684
10,4,5,res9,brain_tumor,0.03,4,base.15,0.773616
10,4,5,res9,brain_tumor,0.03,5,base.16,0.562673
10,4,5,res9,brain_tumor,0.03,6,base.17,0.562673
10,4,5,res9,brain_tumor,0.03,7,base.18,0.562673
10,4,5,res9,brain_tumor,0.03,8,classifier,0.266535
10,4,6,res9,brain_tumor,0.03,0,base.2,0.997385
10,4,6,res9,brain_tumor,0.03,1,base.6,0.976655
10,4,6,res9,brain_tumor,0.03,2,base.7,0.875153
10,4,6,res9,brain_tumor,0.03,3,base.11,0.696706
10,4,6,res9,brain_tumor,0.03,4,base.15,0.760636
10,4,6,res9,brain_tumor,0.03,5,base.16,0.726547
10,4,6,res9,brain_tumor,0.03,6,base.17,0.726547
10,4,6,res9,brain_tumor,0.03,7,base.18,0.726547
10,4,6,res9,brain_tumor,0.03,8,classifier,0.431683
10,4,7,res9,brain_tumor,0.03,0,base.2,0.975587
10,4,7,res9,brain_tumor,0.03,1,base.6,0.943113
10,4,7,res9,brain_tumor,0.03,2,base.7,0.778963
10,4,7,res9,brain_tumor,0.03,3,base.11,0.627283
10,4,7,res9,brain_tumor,0.03,4,base.15,0.572725
10,4,7,res9,brain_tumor,0.03,5,base.16,0.538105
10,4,7,res9,brain_tumor,0.03,6,base.17,0.538105
10,4,7,res9,brain_tumor,0.03,7,base.18,0.538105
10,4,7,res9,brain_tumor,0.03,8,classifier,0.257852
10,4,8,res9,brain_tumor,0.03,0,base.2,0.996160
10,4,8,res9,brain_tumor,0.03,1,base.6,0.995379
10,4,8,res9,brain_tumor,0.03,2,base.7,0.876650
10,4,8,res9,brain_tumor,0.03,3,base.11,0.643449
10,4,8,res9,brain_tumor,0.03,4,base.15,0.638962
10,4,8,res9,brain_tumor,0.03,5,base.16,0.370922
10,4,8,res9,brain_tumor,0.03,6,base.17,0.370922
10,4,8,res9,brain_tumor,0.03,7,base.18,0.370922
10,4,8,res9,brain_tumor,0.03,8,classifier,0.569317
10,4,9,res9,brain_tumor,0.03,0,base.2,0.999292
10,4,9,res9,brain_tumor,0.03,1,base.6,0.998111
10,4,9,res9,brain_tumor,0.03,2,base.7,0.937431
10,4,9,res9,brain_tumor,0.03,3,base.11,0.787216
10,4,9,res9,brain_tumor,0.03,4,base.15,0.613788
10,4,9,res9,brain_tumor,0.03,5,base.16,0.516270
10,4,9,res9,brain_tumor,0.03,6,base.17,0.516270
10,4,9,res9,brain_tumor,0.03,7,base.18,0.516270
10,4,9,res9,brain_tumor,0.03,8,classifier,0.548006
10,5,6,res9,brain_tumor,0.03,0,base.2,0.974129
10,5,6,res9,brain_tumor,0.03,1,base.6,0.904640
10,5,6,res9,brain_tumor,0.03,2,base.7,0.903745
10,5,6,res9,brain_tumor,0.03,3,base.11,0.874343
10,5,6,res9,brain_tumor,0.03,4,base.15,0.802192
10,5,6,res9,brain_tumor,0.03,5,base.16,0.785256
10,5,6,res9,brain_tumor,0.03,6,base.17,0.785256
10,5,6,res9,brain_tumor,0.03,7,base.18,0.785256
10,5,6,res9,brain_tumor,0.03,8,classifier,0.762243
10,5,7,res9,brain_tumor,0.03,0,base.2,0.997574
10,5,7,res9,brain_tumor,0.03,1,base.6,0.978910
10,5,7,res9,brain_tumor,0.03,2,base.7,0.930185
10,5,7,res9,brain_tumor,0.03,3,base.11,0.742928
10,5,7,res9,brain_tumor,0.03,4,base.15,0.720459
10,5,7,res9,brain_tumor,0.03,5,base.16,0.511453
10,5,7,res9,brain_tumor,0.03,6,base.17,0.511453
10,5,7,res9,brain_tumor,0.03,7,base.18,0.511453
10,5,7,res9,brain_tumor,0.03,8,classifier,0.152459
10,5,8,res9,brain_tumor,0.03,0,base.2,0.996075
10,5,8,res9,brain_tumor,0.03,1,base.6,0.982625
10,5,8,res9,brain_tumor,0.03,2,base.7,0.983677
10,5,8,res9,brain_tumor,0.03,3,base.11,0.924285
10,5,8,res9,brain_tumor,0.03,4,base.15,0.832657
10,5,8,res9,brain_tumor,0.03,5,base.16,0.674234
10,5,8,res9,brain_tumor,0.03,6,base.17,0.674234
10,5,8,res9,brain_tumor,0.03,7,base.18,0.674234
10,5,8,res9,brain_tumor,0.03,8,classifier,0.438593
10,5,9,res9,brain_tumor,0.03,0,base.2,0.990477
10,5,9,res9,brain_tumor,0.03,1,base.6,0.960609
10,5,9,res9,brain_tumor,0.03,2,base.7,0.973185
10,5,9,res9,brain_tumor,0.03,3,base.11,0.915642
10,5,9,res9,brain_tumor,0.03,4,base.15,0.792761
10,5,9,res9,brain_tumor,0.03,5,base.16,0.803594
10,5,9,res9,brain_tumor,0.03,6,base.17,0.803594
10,5,9,res9,brain_tumor,0.03,7,base.18,0.803594
10,5,9,res9,brain_tumor,0.03,8,classifier,0.501047
10,6,7,res9,brain_tumor,0.03,0,base.2,0.965691
10,6,7,res9,brain_tumor,0.03,1,base.6,0.896566
10,6,7,res9,brain_tumor,0.03,2,base.7,0.853565
10,6,7,res9,brain_tumor,0.03,3,base.11,0.663751
10,6,7,res9,brain_tumor,0.03,4,base.15,0.578619
10,6,7,res9,brain_tumor,0.03,5,base.16,0.469068
10,6,7,res9,brain_tumor,0.03,6,base.17,0.469068
10,6,7,res9,brain_tumor,0.03,7,base.18,0.469068
10,6,7,res9,brain_tumor,0.03,8,classifier,0.327368
10,6,8,res9,brain_tumor,0.03,0,base.2,0.989160
10,6,8,res9,brain_tumor,0.03,1,base.6,0.966511
10,6,8,res9,brain_tumor,0.03,2,base.7,0.939987
10,6,8,res9,brain_tumor,0.03,3,base.11,0.901381
10,6,8,res9,brain_tumor,0.03,4,base.15,0.794472
10,6,8,res9,brain_tumor,0.03,5,base.16,0.610709
10,6,8,res9,brain_tumor,0.03,6,base.17,0.610709
10,6,8,res9,brain_tumor,0.03,7,base.18,0.610709
10,6,8,res9,brain_tumor,0.03,8,classifier,0.629775
10,6,9,res9,brain_tumor,0.03,0,base.2,0.994668
10,6,9,res9,brain_tumor,0.03,1,base.6,0.983259
10,6,9,res9,brain_tumor,0.03,2,base.7,0.963074
10,6,9,res9,brain_tumor,0.03,3,base.11,0.911827
10,6,9,res9,brain_tumor,0.03,4,base.15,0.847122
10,6,9,res9,brain_tumor,0.03,5,base.16,0.849173
10,6,9,res9,brain_tumor,0.03,6,base.17,0.849173
10,6,9,res9,brain_tumor,0.03,7,base.18,0.849173
10,6,9,res9,brain_tumor,0.03,8,classifier,0.773130
10,7,8,res9,brain_tumor,0.03,0,base.2,0.990063
10,7,8,res9,brain_tumor,0.03,1,base.6,0.967018
10,7,8,res9,brain_tumor,0.03,2,base.7,0.937249
10,7,8,res9,brain_tumor,0.03,3,base.11,0.792589
10,7,8,res9,brain_tumor,0.03,4,base.15,0.875841
10,7,8,res9,brain_tumor,0.03,5,base.16,0.781030
10,7,8,res9,brain_tumor,0.03,6,base.17,0.781030
10,7,8,res9,brain_tumor,0.03,7,base.18,0.781030
10,7,8,res9,brain_tumor,0.03,8,classifier,0.592345
10,7,9,res9,brain_tumor,0.03,0,base.2,0.982496
10,7,9,res9,brain_tumor,0.03,1,base.6,0.934630
10,7,9,res9,brain_tumor,0.03,2,base.7,0.910970
10,7,9,res9,brain_tumor,0.03,3,base.11,0.868718
10,7,9,res9,brain_tumor,0.03,4,base.15,0.818031
10,7,9,res9,brain_tumor,0.03,5,base.16,0.652412
10,7,9,res9,brain_tumor,0.03,6,base.17,0.652412
10,7,9,res9,brain_tumor,0.03,7,base.18,0.652412
10,7,9,res9,brain_tumor,0.03,8,classifier,0.678302
10,8,9,res9,brain_tumor,0.03,0,base.2,0.998730
10,8,9,res9,brain_tumor,0.03,1,base.6,0.993326
10,8,9,res9,brain_tumor,0.03,2,base.7,0.980449
10,8,9,res9,brain_tumor,0.03,3,base.11,0.944562
10,8,9,res9,brain_tumor,0.03,4,base.15,0.918097
10,8,9,res9,brain_tumor,0.03,5,base.16,0.847683
10,8,9,res9,brain_tumor,0.03,6,base.17,0.847683
10,8,9,res9,brain_tumor,0.03,7,base.18,0.847683
10,8,9,res9,brain_tumor,0.03,8,classifier,0.904810
20,0,1,res9,brain_tumor,0.03,0,base.2,0.998940
20,0,1,res9,brain_tumor,0.03,1,base.6,0.992361
20,0,1,res9,brain_tumor,0.03,2,base.7,0.977806
20,0,1,res9,brain_tumor,0.03,3,base.11,0.892417
20,0,1,res9,brain_tumor,0.03,4,base.15,0.885621
20,0,1,res9,brain_tumor,0.03,5,base.16,0.730449
20,0,1,res9,brain_tumor,0.03,6,base.17,0.730449
20,0,1,res9,brain_tumor,0.03,7,base.18,0.730449
20,0,1,res9,brain_tumor,0.03,8,classifier,0.197010
20,0,2,res9,brain_tumor,0.03,0,base.2,0.999494
20,0,2,res9,brain_tumor,0.03,1,base.6,0.999098
20,0,2,res9,brain_tumor,0.03,2,base.7,0.996663
20,0,2,res9,brain_tumor,0.03,3,base.11,0.993529
20,0,2,res9,brain_tumor,0.03,4,base.15,0.997399
20,0,2,res9,brain_tumor,0.03,5,base.16,0.992566
20,0,2,res9,brain_tumor,0.03,6,base.17,0.992566
20,0,2,res9,brain_tumor,0.03,7,base.18,0.992566
20,0,2,res9,brain_tumor,0.03,8,classifier,0.936151
20,0,3,res9,brain_tumor,0.03,0,base.2,0.996799
20,0,3,res9,brain_tumor,0.03,1,base.6,0.995488
20,0,3,res9,brain_tumor,0.03,2,base.7,0.988350
20,0,3,res9,brain_tumor,0.03,3,base.11,0.966231
20,0,3,res9,brain_tumor,0.03,4,base.15,0.966236
20,0,3,res9,brain_tumor,0.03,5,base.16,0.958195
20,0,3,res9,brain_tumor,0.03,6,base.17,0.958195
20,0,3,res9,brain_tumor,0.03,7,base.18,0.958195
20,0,3,res9,brain_tumor,0.03,8,classifier,0.792161
20,0,4,res9,brain_tumor,0.03,0,base.2,0.983162
20,0,4,res9,brain_tumor,0.03,1,base.6,0.990073
20,0,4,res9,brain_tumor,0.03,2,base.7,0.842213
20,0,4,res9,brain_tumor,0.03,3,base.11,0.421411
20,0,4,res9,brain_tumor,0.03,4,base.15,0.344925
20,0,4,res9,brain_tumor,0.03,5,base.16,0.278369
20,0,4,res9,brain_tumor,0.03,6,base.17,0.278369
20,0,4,res9,brain_tumor,0.03,7,base.18,0.278369
20,0,4,res9,brain_tumor,0.03,8,classifier,0.434866
20,0,5,res9,brain_tumor,0.03,0,base.2,0.998143
20,0,5,res9,brain_tumor,0.03,1,base.6,0.973729
20,0,5,res9,brain_tumor,0.03,2,base.7,0.956810
20,0,5,res9,brain_tumor,0.03,3,base.11,0.886707
20,0,5,res9,brain_tumor,0.03,4,base.15,0.774799
20,0,5,res9,brain_tumor,0.03,5,base.16,0.645380
20,0,5,res9,brain_tumor,0.03,6,base.17,0.645380
20,0,5,res9,brain_tumor,0.03,7,base.18,0.645380
20,0,5,res9,brain_tumor,0.03,8,classifier,0.596411
20,0,6,res9,brain_tumor,0.03,0,base.2,0.969097
20,0,6,res9,brain_tumor,0.03,1,base.6,0.982939
20,0,6,res9,brain_tumor,0.03,2,base.7,0.946207
20,0,6,res9,brain_tumor,0.03,3,base.11,0.441687
20,0,6,res9,brain_tumor,0.03,4,base.15,0.622155
20,0,6,res9,brain_tumor,0.03,5,base.16,0.298731
20,0,6,res9,brain_tumor,0.03,6,base.17,0.298731
20,0,6,res9,brain_tumor,0.03,7,base.18,0.298731
20,0,6,res9,brain_tumor,0.03,8,classifier,0.319205
20,0,7,res9,brain_tumor,0.03,0,base.2,0.999185
20,0,7,res9,brain_tumor,0.03,1,base.6,0.998386
20,0,7,res9,brain_tumor,0.03,2,base.7,0.981510
20,0,7,res9,brain_tumor,0.03,3,base.11,0.960649
20,0,7,res9,brain_tumor,0.03,4,base.15,0.969580
20,0,7,res9,brain_tumor,0.03,5,base.16,0.988282
20,0,7,res9,brain_tumor,0.03,6,base.17,0.988282
20,0,7,res9,brain_tumor,0.03,7,base.18,0.988282
20,0,7,res9,brain_tumor,0.03,8,classifier,0.806713
20,0,8,res9,brain_tumor,0.03,0,base.2,0.997129
20,0,8,res9,brain_tumor,0.03,1,base.6,0.996843
20,0,8,res9,brain_tumor,0.03,2,base.7,0.988772
20,0,8,res9,brain_tumor,0.03,3,base.11,0.990217
20,0,8,res9,brain_tumor,0.03,4,base.15,0.936809
20,0,8,res9,brain_tumor,0.03,5,base.16,0.941910
20,0,8,res9,brain_tumor,0.03,6,base.17,0.941910
20,0,8,res9,brain_tumor,0.03,7,base.18,0.941910
20,0,8,res9,brain_tumor,0.03,8,classifier,0.779870
20,0,9,res9,brain_tumor,0.03,0,base.2,0.992770
20,0,9,res9,brain_tumor,0.03,1,base.6,0.993514
20,0,9,res9,brain_tumor,0.03,2,base.7,0.988273
20,0,9,res9,brain_tumor,0.03,3,base.11,0.978060
20,0,9,res9,brain_tumor,0.03,4,base.15,0.893375
20,0,9,res9,brain_tumor,0.03,5,base.16,0.851868
20,0,9,res9,brain_tumor,0.03,6,base.17,0.851868
20,0,9,res9,brain_tumor,0.03,7,base.18,0.851868
20,0,9,res9,brain_tumor,0.03,8,classifier,0.703134
20,1,2,res9,brain_tumor,0.03,0,base.2,0.997351
20,1,2,res9,brain_tumor,0.03,1,base.6,0.990379
20,1,2,res9,brain_tumor,0.03,2,base.7,0.980800
20,1,2,res9,brain_tumor,0.03,3,base.11,0.877211
20,1,2,res9,brain_tumor,0.03,4,base.15,0.866279
20,1,2,res9,brain_tumor,0.03,5,base.16,0.750355
20,1,2,res9,brain_tumor,0.03,6,base.17,0.750355
20,1,2,res9,brain_tumor,0.03,7,base.18,0.750355
20,1,2,res9,brain_tumor,0.03,8,classifier,0.347662
20,1,3,res9,brain_tumor,0.03,0,base.2,0.993079
20,1,3,res9,brain_tumor,0.03,1,base.6,0.980456
20,1,3,res9,brain_tumor,0.03,2,base.7,0.942780
20,1,3,res9,brain_tumor,0.03,3,base.11,0.791330
20,1,3,res9,brain_tumor,0.03,4,base.15,0.794137
20,1,3,res9,brain_tumor,0.03,5,base.16,0.738548
20,1,3,res9,brain_tumor,0.03,6,base.17,0.738548
20,1,3,res9,brain_tumor,0.03,7,base.18,0.738548
20,1,3,res9,brain_tumor,0.03,8,classifier,0.071271
20,1,4,res9,brain_tumor,0.03,0,base.2,0.987261
20,1,4,res9,brain_tumor,0.03,1,base.6,0.996786
20,1,4,res9,brain_tumor,0.03,2,base.7,0.823267
20,1,4,res9,brain_tumor,0.03,3,base.11,0.378587
20,1,4,res9,brain_tumor,0.03,4,base.15,0.496246
20,1,4,res9,brain_tumor,0.03,5,base.16,0.482516
20,1,4,res9,brain_tumor,0.03,6,base.17,0.482516
20,1,4,res9,brain_tumor,0.03,7,base.18,0.482516
20,1,4,res9,brain_tumor,0.03,8,classifier,0.259840
20,1,5,res9,brain_tumor,0.03,0,base.2,0.998916
20,1,5,res9,brain_tumor,0.03,1,base.6,0.981320
20,1,5,res9,brain_tumor,0.03,2,base.7,0.960444
20,1,5,res9,brain_tumor,0.03,3,base.11,0.825354
20,1,5,res9,brain_tumor,0.03,4,base.15,0.843078
20,1,5,res9,brain_tumor,0.03,5,base.16,0.738703
20,1,5,res9,brain_tumor,0.03,6,base.17,0.738703
20,1,5,res9,brain_tumor,0.03,7,base.18,0.738703
20,1,5,res9,brain_tumor,0.03,8,classifier,0.206002
20,1,6,res9,brain_tumor,0.03,0,base.2,0.973661
20,1,6,res9,brain_tumor,0.03,1,base.6,0.990385
20,1,6,res9,brain_tumor,0.03,2,base.7,0.942405
20,1,6,res9,brain_tumor,0.03,3,base.11,0.511038
20,1,6,res9,brain_tumor,0.03,4,base.15,0.781849
20,1,6,res9,brain_tumor,0.03,5,base.16,0.457821
20,1,6,res9,brain_tumor,0.03,6,base.17,0.457821
20,1,6,res9,brain_tumor,0.03,7,base.18,0.457821
20,1,6,res9,brain_tumor,0.03,8,classifier,0.081806
20,1,7,res9,brain_tumor,0.03,0,base.2,0.996617
20,1,7,res9,brain_tumor,0.03,1,base.6,0.985332
20,1,7,res9,brain_tumor,0.03,2,base.7,0.927165
20,1,7,res9,brain_tumor,0.03,3,base.11,0.781151
20,1,7,res9,brain_tumor,0.03,4,base.15,0.790649
20,1,7,res9,brain_tumor,0.03,5,base.16,0.753511
20,1,7,res9,brain_tumor,0.03,6,base.17,0.753511
20,1,7,res9,brain_tumor,0.03,7,base.18,0.753511
20,1,7,res9,brain_tumor,0.03,8,classifier,0.259705
20,1,8,res9,brain_tumor,0.03,0,base.2,0.998536
20,1,8,res9,brain_tumor,0.03,1,base.6,0.995306
20,1,8,res9,brain_tumor,0.03,2,base.7,0.983955
20,1,8,res9,brain_tumor,0.03,3,base.11,0.900106
20,1,8,res9,brain_tumor,0.03,4,base.15,0.927040
20,1,8,res9,brain_tumor,0.03,5,base.16,0.796571
20,1,8,res9,brain_tumor,0.03,6,base.17,0.796571
20,1,8,res9,brain_tumor,0.03,7,base.18,0.796571
20,1,8,res9,brain_tumor,0.03,8,classifier,0.222879
20,1,9,res9,brain_tumor,0.03,0,base.2,0.995676
20,1,9,res9,brain_tumor,0.03,1,base.6,0.993966
20,1,9,res9,brain_tumor,0.03,2,base.7,0.986524
20,1,9,res9,brain_tumor,0.03,3,base.11,0.922018
20,1,9,res9,brain_tumor,0.03,4,base.15,0.939683
20,1,9,res9,brain_tumor,0.03,5,base.16,0.841823
20,1,9,res9,brain_tumor,0.03,6,base.17,0.841823
20,1,9,res9,brain_tumor,0.03,7,base.18,0.841823
20,1,9,res9,brain_tumor,0.03,8,classifier,0.177780
20,2,3,res9,brain_tumor,0.03,0,base.2,0.998801
20,2,3,res9,brain_tumor,0.03,1,base.6,0.997330
20,2,3,res9,brain_tumor,0.03,2,base.7,0.981649
20,2,3,res9,brain_tumor,0.03,3,base.11,0.953172
20,2,3,res9,brain_tumor,0.03,4,base.15,0.970933
20,2,3,res9,brain_tumor,0.03,5,base.16,0.940783
20,2,3,res9,brain_tumor,0.03,6,base.17,0.940783
20,2,3,res9,brain_tumor,0.03,7,base.18,0.940783
20,2,3,res9,brain_tumor,0.03,8,classifier,0.741728
20,2,4,res9,brain_tumor,0.03,0,base.2,0.977621
20,2,4,res9,brain_tumor,0.03,1,base.6,0.986345
20,2,4,res9,brain_tumor,0.03,2,base.7,0.818429
20,2,4,res9,brain_tumor,0.03,3,base.11,0.329761
20,2,4,res9,brain_tumor,0.03,4,base.15,0.312315
20,2,4,res9,brain_tumor,0.03,5,base.16,0.244140
20,2,4,res9,brain_tumor,0.03,6,base.17,0.244140
20,2,4,res9,brain_tumor,0.03,7,base.18,0.244140
20,2,4,res9,brain_tumor,0.03,8,classifier,0.437803
20,2,5,res9,brain_tumor,0.03,0,base.2,0.995783
20,2,5,res9,brain_tumor,0.03,1,base.6,0.973728
20,2,5,res9,brain_tumor,0.03,2,base.7,0.953402
20,2,5,res9,brain_tumor,0.03,3,base.11,0.848991
20,2,5,res9,brain_tumor,0.03,4,base.15,0.745502
20,2,5,res9,brain_tumor,0.03,5,base.16,0.644019
20,2,5,res9,brain_tumor,0.03,6,base.17,0.644019
20,2,5,res9,brain_tumor,0.03,7,base.18,0.644019
20,2,5,res9,brain_tumor,0.03,8,classifier,0.577949
20,2,6,res9,brain_tumor,0.03,0,base.2,0.962909
20,2,6,res9,brain_tumor,0.03,1,base.6,0.976832
20,2,6,res9,brain_tumor,0.03,2,base.7,0.936658
20,2,6,res9,brain_tumor,0.03,3,base.11,0.347966
20,2,6,res9,brain_tumor,0.03,4,base.15,0.585360
20,2,6,res9,brain_tumor,0.03,5,base.16,0.255554
20,2,6,res9,brain_tumor,0.03,6,base.17,0.255554
20,2,6,res9,brain_tumor,0.03,7,base.18,0.255554
20,2,6,res9,brain_tumor,0.03,8,classifier,0.325437
20,2,7,res9,brain_tumor,0.03,0,base.2,0.999938
20,2,7,res9,brain_tumor,0.03,1,base.6,0.998200
20,2,7,res9,brain_tumor,0.03,2,base.7,0.968873
20,2,7,res9,brain_tumor,0.03,3,base.11,0.945099
20,2,7,res9,brain_tumor,0.03,4,base.15,0.978140
20,2,7,res9,brain_tumor,0.03,5,base.16,0.985697
20,2,7,res9,brain_tumor,0.03,6,base.17,0.985697
20,2,7,res9,brain_tumor,0.03,7,base.18,0.985697
20,2,7,res9,brain_tumor,0.03,8,classifier,0.770662
20,2,8,res9,brain_tumor,0.03,0,base.2,0.994357
20,2,8,res9,brain_tumor,0.03,1,base.6,0.993151
20,2,8,res9,brain_tumor,0.03,2,base.7,0.987042
20,2,8,res9,brain_tumor,0.03,3,base.11,0.977422
20,2,8,res9,brain_tumor,0.03,4,base.15,0.915108
20,2,8,res9,brain_tumor,0.03,5,base.16,0.920624
20,2,8,res9,brain_tumor,0.03,6,base.17,0.920624
20,2,8,res9,brain_tumor,0.03,7,base.18,0.920624
20,2,8,res9,brain_tumor,0.03,8,classifier,0.733132
20,2,9,res9,brain_tumor,0.03,0,base.2,0.988793
20,2,9,res9,brain_tumor,0.03,1,base.6,0.988424
20,2,9,res9,brain_tumor,0.03,2,base.7,0.986079
20,2,9,res9,brain_tumor,0.03,3,base.11,0.962064
20,2,9,res9,brain_tumor,0.03,4,base.15,0.866655
20,2,9,res9,brain_tumor,0.03,5,base.16,0.846343
20,2,9,res9,brain_tumor,0.03,6,base.17,0.846343
20,2,9,res9,brain_tumor,0.03,7,base.18,0.846343
20,2,9,res9,brain_tumor,0.03,8,classifier,0.647562
20,3,4,res9,brain_tumor,0.03,0,base.2,0.968375
20,3,4,res9,brain_tumor,0.03,1,base.6,0.975221
20,3,4,res9,brain_tumor,0.03,2,base.7,0.817727
20,3,4,res9,brain_tumor,0.03,3,base.11,0.520952
20,3,4,res9,brain_tumor,0.03,4,base.15,0.381702
20,3,4,res9,brain_tumor,0.03,5,base.16,0.451788
20,3,4,res9,brain_tumor,0.03,6,base.17,0.451788
20,3,4,res9,brain_tumor,0.03,7,base.18,0.451788
20,3,4,res9,brain_tumor,0.03,8,classifier,0.506703
20,3,5,res9,brain_tumor,0.03,0,base.2,0.990498
20,3,5,res9,brain_tumor,0.03,1,base.6,0.958767
20,3,5,res9,brain_tumor,0.03,2,base.7,0.916439
20,3,5,res9,brain_tumor,0.03,3,base.11,0.860887
20,3,5,res9,brain_tumor,0.03,4,base.15,0.707826
20,3,5,res9,brain_tumor,0.03,5,base.16,0.700473
20,3,5,res9,brain_tumor,0.03,6,base.17,0.700473
20,3,5,res9,brain_tumor,0.03,7,base.18,0.700473
20,3,5,res9,brain_tumor,0.03,8,classifier,0.510206
20,3,6,res9,brain_tumor,0.03,0,base.2,0.953331
20,3,6,res9,brain_tumor,0.03,1,base.6,0.969320
20,3,6,res9,brain_tumor,0.03,2,base.7,0.928428
20,3,6,res9,brain_tumor,0.03,3,base.11,0.491471
20,3,6,res9,brain_tumor,0.03,4,base.15,0.600524
20,3,6,res9,brain_tumor,0.03,5,base.16,0.484901
20,3,6,res9,brain_tumor,0.03,6,base.17,0.484901
20,3,6,res9,brain_tumor,0.03,7,base.18,0.484901
20,3,6,res9,brain_tumor,0.03,8,classifier,0.393571
20,3,7,res9,brain_tumor,0.03,0,base.2,0.999168
20,3,7,res9,brain_tumor,0.03,1,base.6,0.998542
20,3,7,res9,brain_tumor,0.03,2,base.7,0.996453
20,3,7,res9,brain_tumor,0.03,3,base.11,0.994665
20,3,7,res9,brain_tumor,0.03,4,base.15,0.990017
20,3,7,res9,brain_tumor,0.03,5,base.16,0.966971
20,3,7,res9,brain_tumor,0.03,6,base.17,0.966971
20,3,7,res9,brain_tumor,0.03,7,base.18,0.966971
20,3,7,res9,brain_tumor,0.03,8,classifier,0.538851
20,3,8,res9,brain_tumor,0.03,0,base.2,0.988556
20,3,8,res9,brain_tumor,0.03,1,base.6,0.985648
20,3,8,res9,brain_tumor,0.03,2,base.7,0.962228
20,3,8,res9,brain_tumor,0.03,3,base.11,0.945624
20,3,8,res9,brain_tumor,0.03,4,base.15,0.877687
20,3,8,res9,brain_tumor,0.03,5,base.16,0.940557
20,3,8,res9,brain_tumor,0.03,6,base.17,0.940557
20,3,8,res9,brain_tumor,0.03,7,base.18,0.940557
20,3,8,res9,brain_tumor,0.03,8,classifier,0.813005
20,3,9,res9,brain_tumor,0.03,0,base.2,0.981457
20,3,9,res9,brain_tumor,0.03,1,base.6,0.981075
20,3,9,res9,brain_tumor,0.03,2,base.7,0.962124
20,3,9,res9,brain_tumor,0.03,3,base.11,0.919604
20,3,9,res9,brain_tumor,0.03,4,base.15,0.810858
20,3,9,res9,brain_tumor,0.03,5,base.16,0.856422
20,3,9,res9,brain_tumor,0.03,6,base.17,0.856422
20,3,9,res9,brain_tumor,0.03,7,base.18,0.856422
20,3,9,res9,brain_tumor,0.03,8,classifier,0.630415
20,4,5,res9,brain_tumor,0.03,0,base.2,0.991986
20,4,5,res9,brain_tumor,0.03,1,base.6,0.985268
20,4,5,res9,brain_tumor,0.03,2,base.7,0.908973
20,4,5,res9,brain_tumor,0.03,3,base.11,0.652549
20,4,5,res9,brain_tumor,0.03,4,base.15,0.645589
20,4,5,res9,brain_tumor,0.03,5,base.16,0.639603
20,4,5,res9,brain_tumor,0.03,6,base.17,0.639603
20,4,5,res9,brain_tumor,0.03,7,base.18,0.639603
20,4,5,res9,brain_tumor,0.03,8,classifier,0.478314
20,4,6,res9,brain_tumor,0.03,0,base.2,0.996252
20,4,6,res9,brain_tumor,0.03,1,base.6,0.990707
20,4,6,res9,brain_tumor,0.03,2,base.7,0.933742
20,4,6,res9,brain_tumor,0.03,3,base.11,0.912011
20,4,6,res9,brain_tumor,0.03,4,base.15,0.839868
20,4,6,res9,brain_tumor,0.03,5,base.16,0.918854
20,4,6,res9,brain_tumor,0.03,6,base.17,0.918854
20,4,6,res9,brain_tumor,0.03,7,base.18,0.918854
20,4,6,res9,brain_tumor,0.03,8,classifier,0.759417
20,4,7,res9,brain_tumor,0.03,0,base.2,0.976507
20,4,7,res9,brain_tumor,0.03,1,base.6,0.982294
20,4,7,res9,brain_tumor,0.03,2,base.7,0.829677
20,4,7,res9,brain_tumor,0.03,3,base.11,0.516633
20,4,7,res9,brain_tumor,0.03,4,base.15,0.324665
20,4,7,res9,brain_tumor,0.03,5,base.16,0.304015
20,4,7,res9,brain_tumor,0.03,6,base.17,0.304015
20,4,7,res9,brain_tumor,0.03,7,base.18,0.304015
20,4,7,res9,brain_tumor,0.03,8,classifier,0.283615
20,4,8,res9,brain_tumor,0.03,0,base.2,0.993900
20,4,8,res9,brain_tumor,0.03,1,base.6,0.996125
20,4,8,res9,brain_tumor,0.03,2,base.7,0.869767
20,4,8,res9,brain_tumor,0.03,3,base.11,0.467175
20,4,8,res9,brain_tumor,0.03,4,base.15,0.526353
20,4,8,res9,brain_tumor,0.03,5,base.16,0.482469
20,4,8,res9,brain_tumor,0.03,6,base.17,0.482469
20,4,8,res9,brain_tumor,0.03,7,base.18,0.482469
20,4,8,res9,brain_tumor,0.03,8,classifier,0.462038
20,4,9,res9,brain_tumor,0.03,0,base.2,0.997746
20,4,9,res9,brain_tumor,0.03,1,base.6,0.995022
20,4,9,res9,brain_tumor,0.03,2,base.7,0.861887
20,4,9,res9,brain_tumor,0.03,3,base.11,0.479364
20,4,9,res9,brain_tumor,0.03,4,base.15,0.525730
20,4,9,res9,brain_tumor,0.03,5,base.16,0.505529
20,4,9,res9,brain_tumor,0.03,6,base.17,0.505529
20,4,9,res9,brain_tumor,0.03,7,base.18,0.505529
20,4,9,res9,brain_tumor,0.03,8,classifier,0.406461
20,5,6,res9,brain_tumor,0.03,0,base.2,0.980252
20,5,6,res9,brain_tumor,0.03,1,base.6,0.955275
20,5,6,res9,brain_tumor,0.03,2,base.7,0.950683
20,5,6,res9,brain_tumor,0.03,3,base.11,0.614439
20,5,6,res9,brain_tumor,0.03,4,base.15,0.799007
20,5,6,res9,brain_tumor,0.03,5,base.16,0.539490
20,5,6,res9,brain_tumor,0.03,6,base.17,0.539490
20,5,6,res9,brain_tumor,0.03,7,base.18,0.539490
20,5,6,res9,brain_tumor,0.03,8,classifier,0.264078
20,5,7,res9,brain_tumor,0.03,0,base.2,0.995124
20,5,7,res9,brain_tumor,0.03,1,base.6,0.964505
20,5,7,res9,brain_tumor,0.03,2,base.7,0.910854
20,5,7,res9,brain_tumor,0.03,3,base.11,0.859941
20,5,7,res9,brain_tumor,0.03,4,base.15,0.688122
20,5,7,res9,brain_tumor,0.03,5,base.16,0.660901
20,5,7,res9,brain_tumor,0.03,6,base.17,0.660901
20,5,7,res9,brain_tumor,0.03,7,base.18,0.660901
20,5,7,res9,brain_tumor,0.03,8,classifier,0.663157
20,5,8,res9,brain_tumor,0.03,0,base.2,0.999825
20,5,8,res9,brain_tumor,0.03,1,base.6,0.976860
20,5,8,res9,brain_tumor,0.03,2,base.7,0.980747
20,5,8,res9,brain_tumor,0.03,3,base.11,0.930224
20,5,8,res9,brain_tumor,0.03,4,base.15,0.918843
20,5,8,res9,brain_tumor,0.03,5,base.16,0.805112
20,5,8,res9,brain_tumor,0.03,6,base.17,0.805112
20,5,8,res9,brain_tumor,0.03,7,base.18,0.805112
20,5,8,res9,brain_tumor,0.03,8,classifier,0.756855
20,5,9,res9,brain_tumor,0.03,0,base.2,0.998002
20,5,9,res9,brain_tumor,0.03,1,base.6,0.968136
20,5,9,res9,brain_tumor,0.03,2,base.7,0.975354
20,5,9,res9,brain_tumor,0.03,3,base.11,0.940664
20,5,9,res9,brain_tumor,0.03,4,base.15,0.941354
20,5,9,res9,brain_tumor,0.03,5,base.16,0.902687
20,5,9,res9,brain_tumor,0.03,6,base.17,0.902687
20,5,9,res9,brain_tumor,0.03,7,base.18,0.902687
20,5,9,res9,brain_tumor,0.03,8,classifier,0.865039
20,6,7,res9,brain_tumor,0.03,0,base.2,0.961918
20,6,7,res9,brain_tumor,0.03,1,base.6,0.977028
20,6,7,res9,brain_tumor,0.03,2,base.7,0.924807
20,6,7,res9,brain_tumor,0.03,3,base.11,0.489587
20,6,7,res9,brain_tumor,0.03,4,base.15,0.546917
20,6,7,res9,brain_tumor,0.03,5,base.16,0.317097
20,6,7,res9,brain_tumor,0.03,6,base.17,0.317097
20,6,7,res9,brain_tumor,0.03,7,base.18,0.317097
20,6,7,res9,brain_tumor,0.03,8,classifier,0.112987
20,6,8,res9,brain_tumor,0.03,0,base.2,0.983207
20,6,8,res9,brain_tumor,0.03,1,base.6,0.990680
20,6,8,res9,brain_tumor,0.03,2,base.7,0.958026
20,6,8,res9,brain_tumor,0.03,3,base.11,0.476312
20,6,8,res9,brain_tumor,0.03,4,base.15,0.778228
20,6,8,res9,brain_tumor,0.03,5,base.16,0.468358
20,6,8,res9,brain_tumor,0.03,6,base.17,0.468358
20,6,8,res9,brain_tumor,0.03,7,base.18,0.468358
20,6,8,res9,brain_tumor,0.03,8,classifier,0.301675
20,6,9,res9,brain_tumor,0.03,0,base.2,0.989619
20,6,9,res9,brain_tumor,0.03,1,base.6,0.995451
20,6,9,res9,brain_tumor,0.03,2,base.7,0.958036
20,6,9,res9,brain_tumor,0.03,3,base.11,0.503367
20,6,9,res9,brain_tumor,0.03,4,base.15,0.790625
20,6,9,res9,brain_tumor,0.03,5,base.16,0.454264
20,6,9,res9,brain_tumor,0.03,6,base.17,0.454264
20,6,9,res9,brain_tumor,0.03,7,base.18,0.454264
20,6,9,res9,brain_tumor,0.03,8,classifier,0.235664
20,7,8,res9,brain_tumor,0.03,0,base.2,0.993593
20,7,8,res9,brain_tumor,0.03,1,base.6,0.992233
20,7,8,res9,brain_tumor,0.03,2,base.7,0.953277
20,7,8,res9,brain_tumor,0.03,3,base.11,0.939573
20,7,8,res9,brain_tumor,0.03,4,base.15,0.855882
20,7,8,res9,brain_tumor,0.03,5,base.16,0.928021
20,7,8,res9,brain_tumor,0.03,6,base.17,0.928021
20,7,8,res9,brain_tumor,0.03,7,base.18,0.928021
20,7,8,res9,brain_tumor,0.03,8,classifier,0.634788
20,7,9,res9,brain_tumor,0.03,0,base.2,0.987804
20,7,9,res9,brain_tumor,0.03,1,base.6,0.988581
20,7,9,res9,brain_tumor,0.03,2,base.7,0.952968
20,7,9,res9,brain_tumor,0.03,3,base.11,0.912771
20,7,9,res9,brain_tumor,0.03,4,base.15,0.795046
20,7,9,res9,brain_tumor,0.03,5,base.16,0.849585
20,7,9,res9,brain_tumor,0.03,6,base.17,0.849585
20,7,9,res9,brain_tumor,0.03,7,base.18,0.849585
20,7,9,res9,brain_tumor,0.03,8,classifier,0.681868
20,8,9,res9,brain_tumor,0.03,0,base.2,0.998952
20,8,9,res9,brain_tumor,0.03,1,base.6,0.998743
20,8,9,res9,brain_tumor,0.03,2,base.7,0.998753
20,8,9,res9,brain_tumor,0.03,3,base.11,0.995191
20,8,9,res9,brain_tumor,0.03,4,base.15,0.982885
20,8,9,res9,brain_tumor,0.03,5,base.16,0.947157
20,8,9,res9,brain_tumor,0.03,6,base.17,0.947157
20,8,9,res9,brain_tumor,0.03,7,base.18,0.947157
20,8,9,res9,brain_tumor,0.03,8,classifier,0.917939
30,0,1,res9,brain_tumor,0.03,0,base.2,0.996369
30,0,1,res9,brain_tumor,0.03,1,base.6,0.974100
30,0,1,res9,brain_tumor,0.03,2,base.7,0.904802
30,0,1,res9,brain_tumor,0.03,3,base.11,0.372649
30,0,1,res9,brain_tumor,0.03,4,base.15,0.562782
30,0,1,res9,brain_tumor,0.03,5,base.16,0.437284
30,0,1,res9,brain_tumor,0.03,6,base.17,0.437284
30,0,1,res9,brain_tumor,0.03,7,base.18,0.437284
30,0,1,res9,brain_tumor,0.03,8,classifier,0.331061
30,0,2,res9,brain_tumor,0.03,0,base.2,0.999648
30,0,2,res9,brain_tumor,0.03,1,base.6,0.999684
30,0,2,res9,brain_tumor,0.03,2,base.7,0.999465
30,0,2,res9,brain_tumor,0.03,3,base.11,0.997884
30,0,2,res9,brain_tumor,0.03,4,base.15,0.998021
30,0,2,res9,brain_tumor,0.03,5,base.16,0.991243
30,0,2,res9,brain_tumor,0.03,6,base.17,0.991243
30,0,2,res9,brain_tumor,0.03,7,base.18,0.991243
30,0,2,res9,brain_tumor,0.03,8,classifier,0.977942
30,0,3,res9,brain_tumor,0.03,0,base.2,0.993653
30,0,3,res9,brain_tumor,0.03,1,base.6,0.989829
30,0,3,res9,brain_tumor,0.03,2,base.7,0.943695
30,0,3,res9,brain_tumor,0.03,3,base.11,0.913029
30,0,3,res9,brain_tumor,0.03,4,base.15,0.897994
30,0,3,res9,brain_tumor,0.03,5,base.16,0.818036
30,0,3,res9,brain_tumor,0.03,6,base.17,0.818036
30,0,3,res9,brain_tumor,0.03,7,base.18,0.818036
30,0,3,res9,brain_tumor,0.03,8,classifier,0.665835
30,0,4,res9,brain_tumor,0.03,0,base.2,0.998133
30,0,4,res9,brain_tumor,0.03,1,base.6,0.974272
30,0,4,res9,brain_tumor,0.03,2,base.7,0.963050
30,0,4,res9,brain_tumor,0.03,3,base.11,0.748978
30,0,4,res9,brain_tumor,0.03,4,base.15,0.689841
30,0,4,res9,brain_tumor,0.03,5,base.16,0.598428
30,0,4,res9,brain_tumor,0.03,6,base.17,0.598428
30,0,4,res9,brain_tumor,0.03,7,base.18,0.598428
30,0,4,res9,brain_tumor,0.03,8,classifier,0.547150
30,0,5,res9,brain_tumor,0.03,0,base.2,0.998267
30,0,5,res9,brain_tumor,0.03,1,base.6,0.957826
30,0,5,res9,brain_tumor,0.03,2,base.7,0.968725
30,0,5,res9,brain_tumor,0.03,3,base.11,0.893736
30,0,5,res9,brain_tumor,0.03,4,base.15,0.849557
30,0,5,res9,brain_tumor,0.03,5,base.16,0.780293
30,0,5,res9,brain_tumor,0.03,6,base.17,0.780293
30,0,5,res9,brain_tumor,0.03,7,base.18,0.780293
30,0,5,res9,brain_tumor,0.03,8,classifier,0.775569
30,0,6,res9,brain_tumor,0.03,0,base.2,0.992118
30,0,6,res9,brain_tumor,0.03,1,base.6,0.983186
30,0,6,res9,brain_tumor,0.03,2,base.7,0.880068
30,0,6,res9,brain_tumor,0.03,3,base.11,0.801239
30,0,6,res9,brain_tumor,0.03,4,base.15,0.811720
30,0,6,res9,brain_tumor,0.03,5,base.16,0.600252
30,0,6,res9,brain_tumor,0.03,6,base.17,0.600252
30,0,6,res9,brain_tumor,0.03,7,base.18,0.600252
30,0,6,res9,brain_tumor,0.03,8,classifier,0.586206
30,0,7,res9,brain_tumor,0.03,0,base.2,0.996400
30,0,7,res9,brain_tumor,0.03,1,base.6,0.992592
30,0,7,res9,brain_tumor,0.03,2,base.7,0.932464
30,0,7,res9,brain_tumor,0.03,3,base.11,0.921336
30,0,7,res9,brain_tumor,0.03,4,base.15,0.889122
30,0,7,res9,brain_tumor,0.03,5,base.16,0.790623
30,0,7,res9,brain_tumor,0.03,6,base.17,0.790623
30,0,7,res9,brain_tumor,0.03,7,base.18,0.790623
30,0,7,res9,brain_tumor,0.03,8,classifier,0.509819
30,0,8,res9,brain_tumor,0.03,0,base.2,0.999164
30,0,8,res9,brain_tumor,0.03,1,base.6,0.993473
30,0,8,res9,brain_tumor,0.03,2,base.7,0.975020
30,0,8,res9,brain_tumor,0.03,3,base.11,0.924893
30,0,8,res9,brain_tumor,0.03,4,base.15,0.880901
30,0,8,res9,brain_tumor,0.03,5,base.16,0.747142
30,0,8,res9,brain_tumor,0.03,6,base.17,0.747142
30,0,8,res9,brain_tumor,0.03,7,base.18,0.747142
30,0,8,res9,brain_tumor,0.03,8,classifier,0.828066
30,0,9,res9,brain_tumor,0.03,0,base.2,0.998098
30,0,9,res9,brain_tumor,0.03,1,base.6,0.991743
30,0,9,res9,brain_tumor,0.03,2,base.7,0.962109
30,0,9,res9,brain_tumor,0.03,3,base.11,0.776460
30,0,9,res9,brain_tumor,0.03,4,base.15,0.749147
30,0,9,res9,brain_tumor,0.03,5,base.16,0.689526
30,0,9,res9,brain_tumor,0.03,6,base.17,0.689526
30,0,9,res9,brain_tumor,0.03,7,base.18,0.689526
30,0,9,res9,brain_tumor,0.03,8,classifier,0.572176
30,1,2,res9,brain_tumor,0.03,0,base.2,0.997344
30,1,2,res9,brain_tumor,0.03,1,base.6,0.975198
30,1,2,res9,brain_tumor,0.03,2,base.7,0.905967
30,1,2,res9,brain_tumor,0.03,3,base.11,0.353080
30,1,2,res9,brain_tumor,0.03,4,base.15,0.573458
30,1,2,res9,brain_tumor,0.03,5,base.16,0.415409
30,1,2,res9,brain_tumor,0.03,6,base.17,0.415409
30,1,2,res9,brain_tumor,0.03,7,base.18,0.415409
30,1,2,res9,brain_tumor,0.03,8,classifier,0.273379
30,1,3,res9,brain_tumor,0.03,0,base.2,0.996209
30,1,3,res9,brain_tumor,0.03,1,base.6,0.981587
30,1,3,res9,brain_tumor,0.03,2,base.7,0.788959
30,1,3,res9,brain_tumor,0.03,3,base.11,0.303681
30,1,3,res9,brain_tumor,0.03,4,base.15,0.486880
30,1,3,res9,brain_tumor,0.03,5,base.16,0.350533
30,1,3,res9,brain_tumor,0.03,6,base.17,0.350533
30,1,3,res9,brain_tumor,0.03,7,base.18,0.350533
30,1,3,res9,brain_tumor,0.03,8,classifier,0.116815
30,1,4,res9,brain_tumor,0.03,0,base.2,0.996469
30,1,4,res9,brain_tumor,0.03,1,base.6,0.978073
30,1,4,res9,brain_tumor,0.03,2,base.7,0.899939
30,1,4,res9,brain_tumor,0.03,3,base.11,0.490553
30,1,4,res9,brain_tumor,0.03,4,base.15,0.860172
30,1,4,res9,brain_tumor,0.03,5,base.16,0.577335
30,1,4,res9,brain_tumor,0.03,6,base.17,0.577335
30,1,4,res9,brain_tumor,0.03,7,base.18,0.577335
30,1,4,res9,brain_tumor,0.03,8,classifier,0.054433
30,1,5,res9,brain_tumor,0.03,0,base.2,0.999222
30,1,5,res9,brain_tumor,0.03,1,base.6,0.981835
30,1,5,res9,brain_tumor,0.03,2,base.7,0.868691
30,1,5,res9,brain_tumor,0.03,3,base.11,0.570009
30,1,5,res9,brain_tumor,0.03,4,base.15,0.731467
30,1,5,res9,brain_tumor,0.03,5,base.16,0.759541
30,1,5,res9,brain_tumor,0.03,6,base.17,0.759541
30,1,5,res9,brain_tumor,0.03,7,base.18,0.759541
30,1,5,res9,brain_tumor,0.03,8,classifier,0.472594
30,1,6,res9,brain_tumor,0.03,0,base.2,0.982526
30,1,6,res9,brain_tumor,0.03,1,base.6,0.960720
30,1,6,res9,brain_tumor,0.03,2,base.7,0.807215
30,1,6,res9,brain_tumor,0.03,3,base.11,0.605670
30,1,6,res9,brain_tumor,0.03,4,base.15,0.585458
30,1,6,res9,brain_tumor,0.03,5,base.16,0.410099
30,1,6,res9,brain_tumor,0.03,6,base.17,0.410099
30,1,6,res9,brain_tumor,0.03,7,base.18,0.410099
30,1,6,res9,brain_tumor,0.03,8,classifier,0.043376
30,1,7,res9,brain_tumor,0.03,0,base.2,0.998028
30,1,7,res9,brain_tumor,0.03,1,base.6,0.981167
30,1,7,res9,brain_tumor,0.03,2,base.7,0.742233
30,1,7,res9,brain_tumor,0.03,3,base.11,0.272595
30,1,7,res9,brain_tumor,0.03,4,base.15,0.465074
30,1,7,res9,brain_tumor,0.03,5,base.16,0.263065
30,1,7,res9,brain_tumor,0.03,6,base.17,0.263065
30,1,7,res9,brain_tumor,0.03,7,base.18,0.263065
30,1,7,res9,brain_tumor,0.03,8,classifier,0.155125
30,1,8,res9,brain_tumor,0.03,0,base.2,0.998579
30,1,8,res9,brain_tumor,0.03,1,base.6,0.992239
30,1,8,res9,brain_tumor,0.03,2,base.7,0.930943
30,1,8,res9,brain_tumor,0.03,3,base.11,0.528600
30,1,8,res9,brain_tumor,0.03,4,base.15,0.780038
30,1,8,res9,brain_tumor,0.03,5,base.16,0.337728
30,1,8,res9,brain_tumor,0.03,6,base.17,0.337728
30,1,8,res9,brain_tumor,0.03,7,base.18,0.337728
30,1,8,res9,brain_tumor,0.03,8,classifier,0.039416
30,1,9,res9,brain_tumor,0.03,0,base.2,0.994926
30,1,9,res9,brain_tumor,0.03,1,base.6,0.993311
30,1,9,res9,brain_tumor,0.03,2,base.7,0.936961
30,1,9,res9,brain_tumor,0.03,3,base.11,0.780566
30,1,9,res9,brain_tumor,0.03,4,base.15,0.885279
30,1,9,res9,brain_tumor,0.03,5,base.16,0.688154
30,1,9,res9,brain_tumor,0.03,6,base.17,0.688154
30,1,9,res9,brain_tumor,0.03,7,base.18,0.688154
30,1,9,res9,brain_tumor,0.03,8,classifier,0.224020
30,2,3,res9,brain_tumor,0.03,0,base.2,0.996229
30,2,3,res9,brain_tumor,0.03,1,base.6,0.992320
30,2,3,res9,brain_tumor,0.03,2,base.7,0.950043
30,2,3,res9,brain_tumor,0.03,3,base.11,0.925001
30,2,3,res9,brain_tumor,0.03,4,base.15,0.904085
30,2,3,res9,brain_tumor,0.03,5,base.16,0.859192
30,2,3,res9,brain_tumor,0.03,6,base.17,0.859192
30,2,3,res9,brain_tumor,0.03,7,base.18,0.859192
30,2,3,res9,brain_tumor,0.03,8,classifier,0.751202
30,2,4,res9,brain_tumor,0.03,0,base.2,0.997096
30,2,4,res9,brain_tumor,0.03,1,base.6,0.971066
30,2,4,res9,brain_tumor,0.03,2,base.7,0.962082
30,2,4,res9,brain_tumor,0.03,3,base.11,0.761945
30,2,4,res9,brain_tumor,0.03,4,base.15,0.699368
30,2,4,res9,brain_tumor,0.03,5,base.16,0.608887
30,2,4,res9,brain_tumor,0.03,6,base.17,0.608887
30,2,4,res9,brain_tumor,0.03,7,base.18,0.608887
30,2,4,res9,brain_tumor,0.03,8,classifier,0.606346
30,2,5,res9,brain_tumor,0.03,0,base.2,0.998736
30,2,5,res9,brain_tumor,0.03,1,base.6,0.958841
30,2,5,res9,brain_tumor,0.03,2,base.7,0.972511
30,2,5,res9,brain_tumor,0.03,3,base.11,0.893349
30,2,5,res9,brain_tumor,0.03,4,base.15,0.853887
30,2,5,res9,brain_tumor,0.03,5,base.16,0.750121
30,2,5,res9,brain_tumor,0.03,6,base.17,0.750121
30,2,5,res9,brain_tumor,0.03,7,base.18,0.750121
30,2,5,res9,brain_tumor,0.03,8,classifier,0.677264
30,2,6,res9,brain_tumor,0.03,0,base.2,0.989021
30,2,6,res9,brain_tumor,0.03,1,base.6,0.980522
30,2,6,res9,brain_tumor,0.03,2,base.7,0.873237
30,2,6,res9,brain_tumor,0.03,3,base.11,0.801612
30,2,6,res9,brain_tumor,0.03,4,base.15,0.815683
30,2,6,res9,brain_tumor,0.03,5,base.16,0.611445
30,2,6,res9,brain_tumor,0.03,6,base.17,0.611445
30,2,6,res9,brain_tumor,0.03,7,base.18,0.611445
30,2,6,res9,brain_tumor,0.03,8,classifier,0.627797
30,2,7,res9,brain_tumor,0.03,0,base.2,0.998167
30,2,7,res9,brain_tumor,0.03,1,base.6,0.994388
30,2,7,res9,brain_tumor,0.03,2,base.7,0.937619
30,2,7,res9,brain_tumor,0.03,3,base.11,0.931341
30,2,7,res9,brain_tumor,0.03,4,base.15,0.891852
30,2,7,res9,brain_tumor,0.03,5,base.16,0.831290
30,2,7,res9,brain_tumor,0.03,6,base.17,0.831290
30,2,7,res9,brain_tumor,0.03,7,base.18,0.831290
30,2,7,res9,brain_tumor,0.03,8,classifier,0.542560
30,2,8,res9,brain_tumor,0.03,0,base.2,0.999040
30,2,8,res9,brain_tumor,0.03,1,base.6,0.994385
30,2,8,res9,brain_tumor,0.03,2,base.7,0.973647
30,2,8,res9,brain_tumor,0.03,3,base.11,0.926780
30,2,8,res9,brain_tumor,0.03,4,base.15,0.888387
30,2,8,res9,brain_tumor,0.03,5,base.16,0.784759
30,2,8,res9,brain_tumor,0.03,6,base.17,0.784759
30,2,8,res9,brain_tumor,0.03,7,base.18,0.784759
30,2,8,res9,brain_tumor,0.03,8,classifier,0.878714
30,2,9,res9,brain_tumor,0.03,0,base.2,0.996569
30,2,9,res9,brain_tumor,0.03,1,base.6,0.991294
30,2,9,res9,brain_tumor,0.03,2,base.7,0.958966
30,2,9,res9,brain_tumor,0.03,3,base.11,0.766191
30,2,9,res9,brain_tumor,0.03,4,base.15,0.753418
30,2,9,res9,brain_tumor,0.03,5,base.16,0.683173
30,2,9,res9,brain_tumor,0.03,6,base.17,0.683173
30,2,9,res9,brain_tumor,0.03,7,base.18,0.683173
30,2,9,res9,brain_tumor,0.03,8,classifier,0.541070
30,3,4,res9,brain_tumor,0.03,0,base.2,0.989354
30,3,4,res9,brain_tumor,0.03,1,base.6,0.966137
30,3,4,res9,brain_tumor,0.03,2,base.7,0.866607
30,3,4,res9,brain_tumor,0.03,3,base.11,0.682146
30,3,4,res9,brain_tumor,0.03,4,base.15,0.564991
30,3,4,res9,brain_tumor,0.03,5,base.16,0.466550
30,3,4,res9,brain_tumor,0.03,6,base.17,0.466550
30,3,4,res9,brain_tumor,0.03,7,base.18,0.466550
30,3,4,res9,brain_tumor,0.03,8,classifier,0.644367
30,3,5,res9,brain_tumor,0.03,0,base.2,0.995960
30,3,5,res9,brain_tumor,0.03,1,base.6,0.976635
30,3,5,res9,brain_tumor,0.03,2,base.7,0.946415
30,3,5,res9,brain_tumor,0.03,3,base.11,0.804731
30,3,5,res9,brain_tumor,0.03,4,base.15,0.765906
30,3,5,res9,brain_tumor,0.03,5,base.16,0.575477
30,3,5,res9,brain_tumor,0.03,6,base.17,0.575477
30,3,5,res9,brain_tumor,0.03,7,base.18,0.575477
30,3,5,res9,brain_tumor,0.03,8,classifier,0.330378
30,3,6,res9,brain_tumor,0.03,0,base.2,0.974065
30,3,6,res9,brain_tumor,0.03,1,base.6,0.957927
30,3,6,res9,brain_tumor,0.03,2,base.7,0.752012
30,3,6,res9,brain_tumor,0.03,3,base.11,0.637160
30,3,6,res9,brain_tumor,0.03,4,base.15,0.686357
30,3,6,res9,brain_tumor,0.03,5,base.16,0.462512
30,3,6,res9,brain_tumor,0.03,6,base.17,0.462512
30,3,6,res9,brain_tumor,0.03,7,base.18,0.462512
30,3,6,res9,brain_tumor,0.03,8,classifier,0.578110
30,3,7,res9,brain_tumor,0.03,0,base.2,0.999389
30,3,7,res9,brain_tumor,0.03,1,base.6,0.999352
30,3,7,res9,brain_tumor,0.03,2,base.7,0.992962
30,3,7,res9,brain_tumor,0.03,3,base.11,0.991769
30,3,7,res9,brain_tumor,0.03,4,base.15,0.990624
30,3,7,res9,brain_tumor,0.03,5,base.16,0.972743
30,3,7,res9,brain_tumor,0.03,6,base.17,0.972743
30,3,7,res9,brain_tumor,0.03,7,base.18,0.972743
30,3,7,res9,brain_tumor,0.03,8,classifier,0.731603
30,3,8,res9,brain_tumor,0.03,0,base.2,0.994197
30,3,8,res9,brain_tumor,0.03,1,base.6,0.994067
30,3,8,res9,brain_tumor,0.03,2,base.7,0.870713
30,3,8,res9,brain_tumor,0.03,3,base.11,0.784615
30,3,8,res9,brain_tumor,0.03,4,base.15,0.714872
30,3,8,res9,brain_tumor,0.03,5,base.16,0.656022
30,3,8,res9,brain_tumor,0.03,6,base.17,0.656022
30,3,8,res9,brain_tumor,0.03,7,base.18,0.656022
30,3,8,res9,brain_tumor,0.03,8,classifier,0.769817
30,3,9,res9,brain_tumor,0.03,0,base.2,0.987192
30,3,9,res9,brain_tumor,0.03,1,base.6,0.987768
30,3,9,res9,brain_tumor,0.03,2,base.7,0.841222
30,3,9,res9,brain_tumor,0.03,3,base.11,0.621498
30,3,9,res9,brain_tumor,0.03,4,base.15,0.599056
30,3,9,res9,brain_tumor,0.03,5,base.16,0.525008
30,3,9,res9,brain_tumor,0.03,6,base.17,0.525008
30,3,9,res9,brain_tumor,0.03,7,base.18,0.525008
30,3,9,res9,brain_tumor,0.03,8,classifier,0.430121
30,4,5,res9,brain_tumor,0.03,0,base.2,0.997533
30,4,5,res9,brain_tumor,0.03,1,base.6,0.977700
30,4,5,res9,brain_tumor,0.03,2,base.7,0.948230
30,4,5,res9,brain_tumor,0.03,3,base.11,0.793741
30,4,5,res9,brain_tumor,0.03,4,base.15,0.836264
30,4,5,res9,brain_tumor,0.03,5,base.16,0.715292
30,4,5,res9,brain_tumor,0.03,6,base.17,0.715292
30,4,5,res9,brain_tumor,0.03,7,base.18,0.715292
30,4,5,res9,brain_tumor,0.03,8,classifier,0.276781
30,4,6,res9,brain_tumor,0.03,0,base.2,0.993878
30,4,6,res9,brain_tumor,0.03,1,base.6,0.966290
30,4,6,res9,brain_tumor,0.03,2,base.7,0.941348
30,4,6,res9,brain_tumor,0.03,3,base.11,0.877376
30,4,6,res9,brain_tumor,0.03,4,base.15,0.750533
30,4,6,res9,brain_tumor,0.03,5,base.16,0.782281
30,4,6,res9,brain_tumor,0.03,6,base.17,0.782281
30,4,6,res9,brain_tumor,0.03,7,base.18,0.782281
30,4,6,res9,brain_tumor,0.03,8,classifier,0.596215
30,4,7,res9,brain_tumor,0.03,0,base.2,0.993105
30,4,7,res9,brain_tumor,0.03,1,base.6,0.971090
30,4,7,res9,brain_tumor,0.03,2,base.7,0.852264
30,4,7,res9,brain_tumor,0.03,3,base.11,0.653605
30,4,7,res9,brain_tumor,0.03,4,base.15,0.538948
30,4,7,res9,brain_tumor,0.03,5,base.16,0.413136
30,4,7,res9,brain_tumor,0.03,6,base.17,0.413136
30,4,7,res9,brain_tumor,0.03,7,base.18,0.413136
30,4,7,res9,brain_tumor,0.03,8,classifier,0.374391
30,4,8,res9,brain_tumor,0.03,0,base.2,0.998836
30,4,8,res9,brain_tumor,0.03,1,base.6,0.978784
30,4,8,res9,brain_tumor,0.03,2,base.7,0.983593
30,4,8,res9,brain_tumor,0.03,3,base.11,0.860544
30,4,8,res9,brain_tumor,0.03,4,base.15,0.910067
30,4,8,res9,brain_tumor,0.03,5,base.16,0.845235
30,4,8,res9,brain_tumor,0.03,6,base.17,0.845235
30,4,8,res9,brain_tumor,0.03,7,base.18,0.845235
30,4,8,res9,brain_tumor,0.03,8,classifier,0.753747
30,4,9,res9,brain_tumor,0.03,0,base.2,0.999671
30,4,9,res9,brain_tumor,0.03,1,base.6,0.988297
30,4,9,res9,brain_tumor,0.03,2,base.7,0.982231
30,4,9,res9,brain_tumor,0.03,3,base.11,0.767096
30,4,9,res9,brain_tumor,0.03,4,base.15,0.934540
30,4,9,res9,brain_tumor,0.03,5,base.16,0.827692
30,4,9,res9,brain_tumor,0.03,6,base.17,0.827692
30,4,9,res9,brain_tumor,0.03,7,base.18,0.827692
30,4,9,res9,brain_tumor,0.03,8,classifier,0.554615
30,5,6,res9,brain_tumor,0.03,0,base.2,0.985589
30,5,6,res9,brain_tumor,0.03,1,base.6,0.920611
30,5,6,res9,brain_tumor,0.03,2,base.7,0.841218
30,5,6,res9,brain_tumor,0.03,3,base.11,0.876043
30,5,6,res9,brain_tumor,0.03,4,base.15,0.902537
30,5,6,res9,brain_tumor,0.03,5,base.16,0.676065
30,5,6,res9,brain_tumor,0.03,6,base.17,0.676065
30,5,6,res9,brain_tumor,0.03,7,base.18,0.676065
30,5,6,res9,brain_tumor,0.03,8,classifier,0.469648
30,5,7,res9,brain_tumor,0.03,0,base.2,0.998369
30,5,7,res9,brain_tumor,0.03,1,base.6,0.978074
30,5,7,res9,brain_tumor,0.03,2,base.7,0.939497
30,5,7,res9,brain_tumor,0.03,3,base.11,0.814983
30,5,7,res9,brain_tumor,0.03,4,base.15,0.766830
30,5,7,res9,brain_tumor,0.03,5,base.16,0.509938
30,5,7,res9,brain_tumor,0.03,6,base.17,0.509938
30,5,7,res9,brain_tumor,0.03,7,base.18,0.509938
30,5,7,res9,brain_tumor,0.03,8,classifier,0.279944
30,5,8,res9,brain_tumor,0.03,0,base.2,0.999639
30,5,8,res9,brain_tumor,0.03,1,base.6,0.975836
30,5,8,res9,brain_tumor,0.03,2,base.7,0.948585
30,5,8,res9,brain_tumor,0.03,3,base.11,0.947284
30,5,8,res9,brain_tumor,0.03,4,base.15,0.901434
30,5,8,res9,brain_tumor,0.03,5,base.16,0.652528
30,5,8,res9,brain_tumor,0.03,6,base.17,0.652528
30,5,8,res9,brain_tumor,0.03,7,base.18,0.652528
30,5,8,res9,brain_tumor,0.03,8,classifier,0.558524
30,5,9,res9,brain_tumor,0.03,0,base.2,0.996725
30,5,9,res9,brain_tumor,0.03,1,base.6,0.976262
30,5,9,res9,brain_tumor,0.03,2,base.7,0.933689
30,5,9,res9,brain_tumor,0.03,3,base.11,0.920084
30,5,9,res9,brain_tumor,0.03,4,base.15,0.850981
30,5,9,res9,brain_tumor,0.03,5,base.16,0.812581
30,5,9,res9,brain_tumor,0.03,6,base.17,0.812581
30,5,9,res9,brain_tumor,0.03,7,base.18,0.812581
30,5,9,res9,brain_tumor,0.03,8,classifier,0.590006
30,6,7,res9,brain_tumor,0.03,0,base.2,0.979205
30,6,7,res9,brain_tumor,0.03,1,base.6,0.961488
30,6,7,res9,brain_tumor,0.03,2,base.7,0.747130
30,6,7,res9,brain_tumor,0.03,3,base.11,0.627697
30,6,7,res9,brain_tumor,0.03,4,base.15,0.702587
30,6,7,res9,brain_tumor,0.03,5,base.16,0.433776
30,6,7,res9,brain_tumor,0.03,6,base.17,0.433776
30,6,7,res9,brain_tumor,0.03,7,base.18,0.433776
30,6,7,res9,brain_tumor,0.03,8,classifier,0.362142
30,6,8,res9,brain_tumor,0.03,0,base.2,0.989498
30,6,8,res9,brain_tumor,0.03,1,base.6,0.975277
30,6,8,res9,brain_tumor,0.03,2,base.7,0.911172
30,6,8,res9,brain_tumor,0.03,3,base.11,0.942320
30,6,8,res9,brain_tumor,0.03,4,base.15,0.853202
30,6,8,res9,brain_tumor,0.03,5,base.16,0.810448
30,6,8,res9,brain_tumor,0.03,6,base.17,0.810448
30,6,8,res9,brain_tumor,0.03,7,base.18,0.810448
30,6,8,res9,brain_tumor,0.03,8,classifier,0.709932
30,6,9,res9,brain_tumor,0.03,0,base.2,0.994993
30,6,9,res9,brain_tumor,0.03,1,base.6,0.981147
30,6,9,res9,brain_tumor,0.03,2,base.7,0.938540
30,6,9,res9,brain_tumor,0.03,3,base.11,0.927807
30,6,9,res9,brain_tumor,0.03,4,base.15,0.776009
30,6,9,res9,brain_tumor,0.03,5,base.16,0.808658
30,6,9,res9,brain_tumor,0.03,6,base.17,0.808658
30,6,9,res9,brain_tumor,0.03,7,base.18,0.808658
30,6,9,res9,brain_tumor,0.03,8,classifier,0.675104
30,7,8,res9,brain_tumor,0.03,0,base.2,0.997140
30,7,8,res9,brain_tumor,0.03,1,base.6,0.994747
30,7,8,res9,brain_tumor,0.03,2,base.7,0.854088
30,7,8,res9,brain_tumor,0.03,3,base.11,0.783235
30,7,8,res9,brain_tumor,0.03,4,base.15,0.693357
30,7,8,res9,brain_tumor,0.03,5,base.16,0.642168
30,7,8,res9,brain_tumor,0.03,6,base.17,0.642168
30,7,8,res9,brain_tumor,0.03,7,base.18,0.642168
30,7,8,res9,brain_tumor,0.03,8,classifier,0.480340
30,7,9,res9,brain_tumor,0.03,0,base.2,0.991606
30,7,9,res9,brain_tumor,0.03,1,base.6,0.989546
30,7,9,res9,brain_tumor,0.03,2,base.7,0.824356
30,7,9,res9,brain_tumor,0.03,3,base.11,0.622766
30,7,9,res9,brain_tumor,0.03,4,base.15,0.587487
30,7,9,res9,brain_tumor,0.03,5,base.16,0.499298
30,7,9,res9,brain_tumor,0.03,6,base.17,0.499298
30,7,9,res9,brain_tumor,0.03,7,base.18,0.499298
30,7,9,res9,brain_tumor,0.03,8,classifier,0.426512
30,8,9,res9,brain_tumor,0.03,0,base.2,0.998410
30,8,9,res9,brain_tumor,0.03,1,base.6,0.997885
30,8,9,res9,brain_tumor,0.03,2,base.7,0.992982
30,8,9,res9,brain_tumor,0.03,3,base.11,0.914382
30,8,9,res9,brain_tumor,0.03,4,base.15,0.945163
30,8,9,res9,brain_tumor,0.03,5,base.16,0.780976
30,8,9,res9,brain_tumor,0.03,6,base.17,0.780976
30,8,9,res9,brain_tumor,0.03,7,base.18,0.780976
30,8,9,res9,brain_tumor,0.03,8,classifier,0.638778
40,0,1,res9,brain_tumor,0.03,0,base.2,0.998047
40,0,1,res9,brain_tumor,0.03,1,base.6,0.964837
40,0,1,res9,brain_tumor,0.03,2,base.7,0.874792
40,0,1,res9,brain_tumor,0.03,3,base.11,0.277913
40,0,1,res9,brain_tumor,0.03,4,base.15,0.352227
40,0,1,res9,brain_tumor,0.03,5,base.16,0.420457
40,0,1,res9,brain_tumor,0.03,6,base.17,0.420457
40,0,1,res9,brain_tumor,0.03,7,base.18,0.420457
40,0,1,res9,brain_tumor,0.03,8,classifier,0.034936
40,0,2,res9,brain_tumor,0.03,0,base.2,0.999907
40,0,2,res9,brain_tumor,0.03,1,base.6,0.999801
40,0,2,res9,brain_tumor,0.03,2,base.7,0.997590
40,0,2,res9,brain_tumor,0.03,3,base.11,0.994800
40,0,2,res9,brain_tumor,0.03,4,base.15,0.990104
40,0,2,res9,brain_tumor,0.03,5,base.16,0.990894
40,0,2,res9,brain_tumor,0.03,6,base.17,0.990894
40,0,2,res9,brain_tumor,0.03,7,base.18,0.990894
40,0,2,res9,brain_tumor,0.03,8,classifier,0.969476
40,0,3,res9,brain_tumor,0.03,0,base.2,0.995139
40,0,3,res9,brain_tumor,0.03,1,base.6,0.987333
40,0,3,res9,brain_tumor,0.03,2,base.7,0.940654
40,0,3,res9,brain_tumor,0.03,3,base.11,0.916707
40,0,3,res9,brain_tumor,0.03,4,base.15,0.906085
40,0,3,res9,brain_tumor,0.03,5,base.16,0.897895
40,0,3,res9,brain_tumor,0.03,6,base.17,0.897895
40,0,3,res9,brain_tumor,0.03,7,base.18,0.897895
40,0,3,res9,brain_tumor,0.03,8,classifier,0.857296
40,0,4,res9,brain_tumor,0.03,0,base.2,0.993525
40,0,4,res9,brain_tumor,0.03,1,base.6,0.988547
40,0,4,res9,brain_tumor,0.03,2,base.7,0.927423
40,0,4,res9,brain_tumor,0.03,3,base.11,0.832265
40,0,4,res9,brain_tumor,0.03,4,base.15,0.757515
40,0,4,res9,brain_tumor,0.03,5,base.16,0.641513
40,0,4,res9,brain_tumor,0.03,6,base.17,0.641513
40,0,4,res9,brain_tumor,0.03,7,base.18,0.641513
40,0,4,res9,brain_tumor,0.03,8,classifier,0.722617
40,0,5,res9,brain_tumor,0.03,0,base.2,0.998866
40,0,5,res9,brain_tumor,0.03,1,base.6,0.946341
40,0,5,res9,brain_tumor,0.03,2,base.7,0.958877
40,0,5,res9,brain_tumor,0.03,3,base.11,0.792412
40,0,5,res9,brain_tumor,0.03,4,base.15,0.609070
40,0,5,res9,brain_tumor,0.03,5,base.16,0.665333
40,0,5,res9,brain_tumor,0.03,6,base.17,0.665333
40,0,5,res9,brain_tumor,0.03,7,base.18,0.665333
40,0,5,res9,brain_tumor,0.03,8,classifier,0.555087
40,0,6,res9,brain_tumor,0.03,0,base.2,0.986503
40,0,6,res9,brain_tumor,0.03,1,base.6,0.979983
40,0,6,res9,brain_tumor,0.03,2,base.7,0.870567
40,0,6,res9,brain_tumor,0.03,3,base.11,0.686055
40,0,6,res9,brain_tumor,0.03,4,base.15,0.656370
40,0,6,res9,brain_tumor,0.03,5,base.16,0.460763
40,0,6,res9,brain_tumor,0.03,6,base.17,0.460763
40,0,6,res9,brain_tumor,0.03,7,base.18,0.460763
40,0,6,res9,brain_tumor,0.03,8,classifier,0.331136
40,0,7,res9,brain_tumor,0.03,0,base.2,0.996545
40,0,7,res9,brain_tumor,0.03,1,base.6,0.985603
40,0,7,res9,brain_tumor,0.03,2,base.7,0.883951
40,0,7,res9,brain_tumor,0.03,3,base.11,0.873683
40,0,7,res9,brain_tumor,0.03,4,base.15,0.825645
40,0,7,res9,brain_tumor,0.03,5,base.16,0.811809
40,0,7,res9,brain_tumor,0.03,6,base.17,0.811809
40,0,7,res9,brain_tumor,0.03,7,base.18,0.811809
40,0,7,res9,brain_tumor,0.03,8,classifier,0.654216
40,0,8,res9,brain_tumor,0.03,0,base.2,0.999381
40,0,8,res9,brain_tumor,0.03,1,base.6,0.996300
40,0,8,res9,brain_tumor,0.03,2,base.7,0.963999
40,0,8,res9,brain_tumor,0.03,3,base.11,0.905317
40,0,8,res9,brain_tumor,0.03,4,base.15,0.785339
40,0,8,res9,brain_tumor,0.03,5,base.16,0.888008
40,0,8,res9,brain_tumor,0.03,6,base.17,0.888008
40,0,8,res9,brain_tumor,0.03,7,base.18,0.888008
40,0,8,res9,brain_tumor,0.03,8,classifier,0.923249
40,0,9,res9,brain_tumor,0.03,0,base.2,0.997631
40,0,9,res9,brain_tumor,0.03,1,base.6,0.990954
40,0,9,res9,brain_tumor,0.03,2,base.7,0.927025
40,0,9,res9,brain_tumor,0.03,3,base.11,0.625722
40,0,9,res9,brain_tumor,0.03,4,base.15,0.464140
40,0,9,res9,brain_tumor,0.03,5,base.16,0.486324
40,0,9,res9,brain_tumor,0.03,6,base.17,0.486324
40,0,9,res9,brain_tumor,0.03,7,base.18,0.486324
40,0,9,res9,brain_tumor,0.03,8,classifier,0.235183
40,1,2,res9,brain_tumor,0.03,0,base.2,0.997919
40,1,2,res9,brain_tumor,0.03,1,base.6,0.961777
40,1,2,res9,brain_tumor,0.03,2,base.7,0.859759
40,1,2,res9,brain_tumor,0.03,3,base.11,0.253171
40,1,2,res9,brain_tumor,0.03,4,base.15,0.310371
40,1,2,res9,brain_tumor,0.03,5,base.16,0.466630
40,1,2,res9,brain_tumor,0.03,6,base.17,0.466630
40,1,2,res9,brain_tumor,0.03,7,base.18,0.466630
40,1,2,res9,brain_tumor,0.03,8,classifier,0.076227
40,1,3,res9,brain_tumor,0.03,0,base.2,0.994478
40,1,3,res9,brain_tumor,0.03,1,base.6,0.972649
40,1,3,res9,brain_tumor,0.03,2,base.7,0.789614
40,1,3,res9,brain_tumor,0.03,3,base.11,0.277154
40,1,3,res9,brain_tumor,0.03,4,base.15,0.323269
40,1,3,res9,brain_tumor,0.03,5,base.16,0.401326
40,1,3,res9,brain_tumor,0.03,6,base.17,0.401326
40,1,3,res9,brain_tumor,0.03,7,base.18,0.401326
40,1,3,res9,brain_tumor,0.03,8,classifier,0.041927
40,1,4,res9,brain_tumor,0.03,0,base.2,0.991014
40,1,4,res9,brain_tumor,0.03,1,base.6,0.953939
40,1,4,res9,brain_tumor,0.03,2,base.7,0.863892
40,1,4,res9,brain_tumor,0.03,3,base.11,0.420528
40,1,4,res9,brain_tumor,0.03,4,base.15,0.659891
40,1,4,res9,brain_tumor,0.03,5,base.16,0.356151
40,1,4,res9,brain_tumor,0.03,6,base.17,0.356151
40,1,4,res9,brain_tumor,0.03,7,base.18,0.356151
40,1,4,res9,brain_tumor,0.03,8,classifier,0.037519
40,1,5,res9,brain_tumor,0.03,0,base.2,0.999604
40,1,5,res9,brain_tumor,0.03,1,base.6,0.965317
40,1,5,res9,brain_tumor,0.03,2,base.7,0.890508
40,1,5,res9,brain_tumor,0.03,3,base.11,0.661154
40,1,5,res9,brain_tumor,0.03,4,base.15,0.872395
40,1,5,res9,brain_tumor,0.03,5,base.16,0.672445
40,1,5,res9,brain_tumor,0.03,6,base.17,0.672445
40,1,5,res9,brain_tumor,0.03,7,base.18,0.672445
40,1,5,res9,brain_tumor,0.03,8,classifier,0.311845
40,1,6,res9,brain_tumor,0.03,0,base.2,0.981626
40,1,6,res9,brain_tumor,0.03,1,base.6,0.969624
40,1,6,res9,brain_tumor,0.03,2,base.7,0.884607
40,1,6,res9,brain_tumor,0.03,3,base.11,0.726962
40,1,6,res9,brain_tumor,0.03,4,base.15,0.754919
40,1,6,res9,brain_tumor,0.03,5,base.16,0.645229
40,1,6,res9,brain_tumor,0.03,6,base.17,0.645229
40,1,6,res9,brain_tumor,0.03,7,base.18,0.645229
40,1,6,res9,brain_tumor,0.03,8,classifier,0.125742
40,1,7,res9,brain_tumor,0.03,0,base.2,0.996145
40,1,7,res9,brain_tumor,0.03,1,base.6,0.969474
40,1,7,res9,brain_tumor,0.03,2,base.7,0.670276
40,1,7,res9,brain_tumor,0.03,3,base.11,0.279465
40,1,7,res9,brain_tumor,0.03,4,base.15,0.338891
40,1,7,res9,brain_tumor,0.03,5,base.16,0.414047
40,1,7,res9,brain_tumor,0.03,6,base.17,0.414047
40,1,7,res9,brain_tumor,0.03,7,base.18,0.414047
40,1,7,res9,brain_tumor,0.03,8,classifier,0.127716
40,1,8,res9,brain_tumor,0.03,0,base.2,0.998721
40,1,8,res9,brain_tumor,0.03,1,base.6,0.981068
40,1,8,res9,brain_tumor,0.03,2,base.7,0.909191
40,1,8,res9,brain_tumor,0.03,3,base.11,0.492446
40,1,8,res9,brain_tumor,0.03,4,base.15,0.695807
40,1,8,res9,brain_tumor,0.03,5,base.16,0.403347
40,1,8,res9,brain_tumor,0.03,6,base.17,0.403347
40,1,8,res9,brain_tumor,0.03,7,base.18,0.403347
40,1,8,res9,brain_tumor,0.03,8,classifier,0.024755
40,1,9,res9,brain_tumor,0.03,0,base.2,0.997311
40,1,9,res9,brain_tumor,0.03,1,base.6,0.983788
40,1,9,res9,brain_tumor,0.03,2,base.7,0.942214
40,1,9,res9,brain_tumor,0.03,3,base.11,0.823511
40,1,9,res9,brain_tumor,0.03,4,base.15,0.903900
40,1,9,res9,brain_tumor,0.03,5,base.16,0.685571
40,1,9,res9,brain_tumor,0.03,6,base.17,0.685571
40,1,9,res9,brain_tumor,0.03,7,base.18,0.685571
40,1,9,res9,brain_tumor,0.03,8,classifier,0.551051
40,2,3,res9,brain_tumor,0.03,0,base.2,0.996206
40,2,3,res9,brain_tumor,0.03,1,base.6,0.987436
40,2,3,res9,brain_tumor,0.03,2,base.7,0.952081
40,2,3,res9,brain_tumor,0.03,3,base.11,0.936010
40,2,3,res9,brain_tumor,0.03,4,base.15,0.932823
40,2,3,res9,brain_tumor,0.03,5,base.16,0.926145
40,2,3,res9,brain_tumor,0.03,6,base.17,0.926145
40,2,3,res9,brain_tumor,0.03,7,base.18,0.926145
40,2,3,res9,brain_tumor,0.03,8,classifier,0.819327
40,2,4,res9,brain_tumor,0.03,0,base.2,0.992061
40,2,4,res9,brain_tumor,0.03,1,base.6,0.986305
40,2,4,res9,brain_tumor,0.03,2,base.7,0.910194
40,2,4,res9,brain_tumor,0.03,3,base.11,0.810025
40,2,4,res9,brain_tumor,0.03,4,base.15,0.696587
40,2,4,res9,brain_tumor,0.03,5,base.16,0.598009
40,2,4,res9,brain_tumor,0.03,6,base.17,0.598009
40,2,4,res9,brain_tumor,0.03,7,base.18,0.598009
40,2,4,res9,brain_tumor,0.03,8,classifier,0.708215
40,2,5,res9,brain_tumor,0.03,0,base.2,0.998797
40,2,5,res9,brain_tumor,0.03,1,base.6,0.942715
40,2,5,res9,brain_tumor,0.03,2,base.7,0.953854
40,2,5,res9,brain_tumor,0.03,3,base.11,0.776180
40,2,5,res9,brain_tumor,0.03,4,base.15,0.562068
40,2,5,res9,brain_tumor,0.03,5,base.16,0.660063
40,2,5,res9,brain_tumor,0.03,6,base.17,0.660063
40,2,5,res9,brain_tumor,0.03,7,base.18,0.660063
40,2,5,res9,brain_tumor,0.03,8,classifier,0.491111
40,2,6,res9,brain_tumor,0.03,0,base.2,0.984643
40,2,6,res9,brain_tumor,0.03,1,base.6,0.977124
40,2,6,res9,brain_tumor,0.03,2,base.7,0.847365
40,2,6,res9,brain_tumor,0.03,3,base.11,0.656769
40,2,6,res9,brain_tumor,0.03,4,base.15,0.609160
40,2,6,res9,brain_tumor,0.03,5,base.16,0.459592
40,2,6,res9,brain_tumor,0.03,6,base.17,0.459592
40,2,6,res9,brain_tumor,0.03,7,base.18,0.459592
40,2,6,res9,brain_tumor,0.03,8,classifier,0.295139
40,2,7,res9,brain_tumor,0.03,0,base.2,0.997407
40,2,7,res9,brain_tumor,0.03,1,base.6,0.985626
40,2,7,res9,brain_tumor,0.03,2,base.7,0.905694
40,2,7,res9,brain_tumor,0.03,3,base.11,0.898839
40,2,7,res9,brain_tumor,0.03,4,base.15,0.866711
40,2,7,res9,brain_tumor,0.03,5,base.16,0.851284
40,2,7,res9,brain_tumor,0.03,6,base.17,0.851284
40,2,7,res9,brain_tumor,0.03,7,base.18,0.851284
40,2,7,res9,brain_tumor,0.03,8,classifier,0.580824
40,2,8,res9,brain_tumor,0.03,0,base.2,0.998926
40,2,8,res9,brain_tumor,0.03,1,base.6,0.994657
40,2,8,res9,brain_tumor,0.03,2,base.7,0.948047
40,2,8,res9,brain_tumor,0.03,3,base.11,0.878879
40,2,8,res9,brain_tumor,0.03,4,base.15,0.724760
40,2,8,res9,brain_tumor,0.03,5,base.16,0.849854
40,2,8,res9,brain_tumor,0.03,6,base.17,0.849854
40,2,8,res9,brain_tumor,0.03,7,base.18,0.849854
40,2,8,res9,brain_tumor,0.03,8,classifier,0.860260
40,2,9,res9,brain_tumor,0.03,0,base.2,0.996769
40,2,9,res9,brain_tumor,0.03,1,base.6,0.988443
40,2,9,res9,brain_tumor,0.03,2,base.7,0.906773
40,2,9,res9,brain_tumor,0.03,3,base.11,0.597527
40,2,9,res9,brain_tumor,0.03,4,base.15,0.407777
40,2,9,res9,brain_tumor,0.03,5,base.16,0.483272
40,2,9,res9,brain_tumor,0.03,6,base.17,0.483272
40,2,9,res9,brain_tumor,0.03,7,base.18,0.483272
40,2,9,res9,brain_tumor,0.03,8,classifier,0.162731
40,3,4,res9,brain_tumor,0.03,0,base.2,0.978174
40,3,4,res9,brain_tumor,0.03,1,base.6,0.961675
40,3,4,res9,brain_tumor,0.03,2,base.7,0.810620
40,3,4,res9,brain_tumor,0.03,3,base.11,0.719355
40,3,4,res9,brain_tumor,0.03,4,base.15,0.585787
40,3,4,res9,brain_tumor,0.03,5,base.16,0.495830
40,3,4,res9,brain_tumor,0.03,6,base.17,0.495830
40,3,4,res9,brain_tumor,0.03,7,base.18,0.495830
40,3,4,res9,brain_tumor,0.03,8,classifier,0.654213
40,3,5,res9,brain_tumor,0.03,0,base.2,0.995114
40,3,5,res9,brain_tumor,0.03,1,base.6,0.966300
40,3,5,res9,brain_tumor,0.03,2,base.7,0.894667
40,3,5,res9,brain_tumor,0.03,3,base.11,0.711540
40,3,5,res9,brain_tumor,0.03,4,base.15,0.522451
40,3,5,res9,brain_tumor,0.03,5,base.16,0.584385
40,3,5,res9,brain_tumor,0.03,6,base.17,0.584385
40,3,5,res9,brain_tumor,0.03,7,base.18,0.584385
40,3,5,res9,brain_tumor,0.03,8,classifier,0.433675
40,3,6,res9,brain_tumor,0.03,0,base.2,0.967305
40,3,6,res9,brain_tumor,0.03,1,base.6,0.956006
40,3,6,res9,brain_tumor,0.03,2,base.7,0.760711
40,3,6,res9,brain_tumor,0.03,3,base.11,0.573341
40,3,6,res9,brain_tumor,0.03,4,base.15,0.502789
40,3,6,res9,brain_tumor,0.03,5,base.16,0.369858
40,3,6,res9,brain_tumor,0.03,6,base.17,0.369858
40,3,6,res9,brain_tumor,0.03,7,base.18,0.369858
40,3,6,res9,brain_tumor,0.03,8,classifier,0.309829
40,3,7,res9,brain_tumor,0.03,0,base.2,0.999795
40,3,7,res9,brain_tumor,0.03,1,base.6,0.999311
40,3,7,res9,brain_tumor,0.03,2,base.7,0.975927
40,3,7,res9,brain_tumor,0.03,3,base.11,0.978538
40,3,7,res9,brain_tumor,0.03,4,base.15,0.952983
40,3,7,res9,brain_tumor,0.03,5,base.16,0.947339
40,3,7,res9,brain_tumor,0.03,6,base.17,0.947339
40,3,7,res9,brain_tumor,0.03,7,base.18,0.947339
40,3,7,res9,brain_tumor,0.03,8,classifier,0.796058
40,3,8,res9,brain_tumor,0.03,0,base.2,0.992453
40,3,8,res9,brain_tumor,0.03,1,base.6,0.986836
40,3,8,res9,brain_tumor,0.03,2,base.7,0.851185
40,3,8,res9,brain_tumor,0.03,3,base.11,0.757407
40,3,8,res9,brain_tumor,0.03,4,base.15,0.617880
40,3,8,res9,brain_tumor,0.03,5,base.16,0.717136
40,3,8,res9,brain_tumor,0.03,6,base.17,0.717136
40,3,8,res9,brain_tumor,0.03,7,base.18,0.717136
40,3,8,res9,brain_tumor,0.03,8,classifier,0.720867
40,3,9,res9,brain_tumor,0.03,0,base.2,0.987560
40,3,9,res9,brain_tumor,0.03,1,base.6,0.979589
40,3,9,res9,brain_tumor,0.03,2,base.7,0.803234
40,3,9,res9,brain_tumor,0.03,3,base.11,0.518940
40,3,9,res9,brain_tumor,0.03,4,base.15,0.370383
40,3,9,res9,brain_tumor,0.03,5,base.16,0.403246
40,3,9,res9,brain_tumor,0.03,6,base.17,0.403246
40,3,9,res9,brain_tumor,0.03,7,base.18,0.403246
40,3,9,res9,brain_tumor,0.03,8,classifier,0.249759
40,4,5,res9,brain_tumor,0.03,0,base.2,0.991826
40,4,5,res9,brain_tumor,0.03,1,base.6,0.937301
40,4,5,res9,brain_tumor,0.03,2,base.7,0.920706
40,4,5,res9,brain_tumor,0.03,3,base.11,0.703397
40,4,5,res9,brain_tumor,0.03,4,base.15,0.823323
40,4,5,res9,brain_tumor,0.03,5,base.16,0.742087
40,4,5,res9,brain_tumor,0.03,6,base.17,0.742087
40,4,5,res9,brain_tumor,0.03,7,base.18,0.742087
40,4,5,res9,brain_tumor,0.03,8,classifier,0.463884
40,4,6,res9,brain_tumor,0.03,0,base.2,0.997451
40,4,6,res9,brain_tumor,0.03,1,base.6,0.992920
40,4,6,res9,brain_tumor,0.03,2,base.7,0.963595
40,4,6,res9,brain_tumor,0.03,3,base.11,0.835020
40,4,6,res9,brain_tumor,0.03,4,base.15,0.877450
40,4,6,res9,brain_tumor,0.03,5,base.16,0.675020
40,4,6,res9,brain_tumor,0.03,6,base.17,0.675020
40,4,6,res9,brain_tumor,0.03,7,base.18,0.675020
40,4,6,res9,brain_tumor,0.03,8,classifier,0.408949
40,4,7,res9,brain_tumor,0.03,0,base.2,0.981385
40,4,7,res9,brain_tumor,0.03,1,base.6,0.960211
40,4,7,res9,brain_tumor,0.03,2,base.7,0.709478
40,4,7,res9,brain_tumor,0.03,3,base.11,0.629856
40,4,7,res9,brain_tumor,0.03,4,base.15,0.495321
40,4,7,res9,brain_tumor,0.03,5,base.16,0.383021
40,4,7,res9,brain_tumor,0.03,6,base.17,0.383021
40,4,7,res9,brain_tumor,0.03,7,base.18,0.383021
40,4,7,res9,brain_tumor,0.03,8,classifier,0.479499
40,4,8,res9,brain_tumor,0.03,0,base.2,0.995839
40,4,8,res9,brain_tumor,0.03,1,base.6,0.990104
40,4,8,res9,brain_tumor,0.03,2,base.7,0.975028
40,4,8,res9,brain_tumor,0.03,3,base.11,0.897876
40,4,8,res9,brain_tumor,0.03,4,base.15,0.956995
40,4,8,res9,brain_tumor,0.03,5,base.16,0.829113
40,4,8,res9,brain_tumor,0.03,6,base.17,0.829113
40,4,8,res9,brain_tumor,0.03,7,base.18,0.829113
40,4,8,res9,brain_tumor,0.03,8,classifier,0.698734
40,4,9,res9,brain_tumor,0.03,0,base.2,0.998091
40,4,9,res9,brain_tumor,0.03,1,base.6,0.991597
40,4,9,res9,brain_tumor,0.03,2,base.7,0.966155
40,4,9,res9,brain_tumor,0.03,3,base.11,0.702606
40,4,9,res9,brain_tumor,0.03,4,base.15,0.805089
40,4,9,res9,brain_tumor,0.03,5,base.16,0.724346
40,4,9,res9,brain_tumor,0.03,6,base.17,0.724346
40,4,9,res9,brain_tumor,0.03,7,base.18,0.724346
40,4,9,res9,brain_tumor,0.03,8,classifier,0.236093
40,5,6,res9,brain_tumor,0.03,0,base.2,0.982377
40,5,6,res9,brain_tumor,0.03,1,base.6,0.936167
40,5,6,res9,brain_tumor,0.03,2,base.7,0.885420
40,5,6,res9,brain_tumor,0.03,3,base.11,0.873492
40,5,6,res9,brain_tumor,0.03,4,base.15,0.928089
40,5,6,res9,brain_tumor,0.03,5,base.16,0.706332
40,5,6,res9,brain_tumor,0.03,6,base.17,0.706332
40,5,6,res9,brain_tumor,0.03,7,base.18,0.706332
40,5,6,res9,brain_tumor,0.03,8,classifier,0.524066
40,5,7,res9,brain_tumor,0.03,0,base.2,0.996798
40,5,7,res9,brain_tumor,0.03,1,base.6,0.971958
40,5,7,res9,brain_tumor,0.03,2,base.7,0.839873
40,5,7,res9,brain_tumor,0.03,3,base.11,0.726994
40,5,7,res9,brain_tumor,0.03,4,base.15,0.545924
40,5,7,res9,brain_tumor,0.03,5,base.16,0.570610
40,5,7,res9,brain_tumor,0.03,6,base.17,0.570610
40,5,7,res9,brain_tumor,0.03,7,base.18,0.570610
40,5,7,res9,brain_tumor,0.03,8,classifier,0.427534
40,5,8,res9,brain_tumor,0.03,0,base.2,0.999167
40,5,8,res9,brain_tumor,0.03,1,base.6,0.961875
40,5,8,res9,brain_tumor,0.03,2,base.7,0.967109
40,5,8,res9,brain_tumor,0.03,3,base.11,0.900668
40,5,8,res9,brain_tumor,0.03,4,base.15,0.882293
40,5,8,res9,brain_tumor,0.03,5,base.16,0.778860
40,5,8,res9,brain_tumor,0.03,6,base.17,0.778860
40,5,8,res9,brain_tumor,0.03,7,base.18,0.778860
40,5,8,res9,brain_tumor,0.03,8,classifier,0.635261
40,5,9,res9,brain_tumor,0.03,0,base.2,0.997621
40,5,9,res9,brain_tumor,0.03,1,base.6,0.964464
40,5,9,res9,brain_tumor,0.03,2,base.7,0.948366
40,5,9,res9,brain_tumor,0.03,3,base.11,0.921314
40,5,9,res9,brain_tumor,0.03,4,base.15,0.948531
40,5,9,res9,brain_tumor,0.03,5,base.16,0.903254
40,5,9,res9,brain_tumor,0.03,6,base.17,0.903254
40,5,9,res9,brain_tumor,0.03,7,base.18,0.903254
40,5,9,res9,brain_tumor,0.03,8,classifier,0.612693
40,6,7,res9,brain_tumor,0.03,0,base.2,0.970667
40,6,7,res9,brain_tumor,0.03,1,base.6,0.952958
40,6,7,res9,brain_tumor,0.03,2,base.7,0.635992
40,6,7,res9,brain_tumor,0.03,3,base.11,0.524731
40,6,7,res9,brain_tumor,0.03,4,base.15,0.492110
40,6,7,res9,brain_tumor,0.03,5,base.16,0.337196
40,6,7,res9,brain_tumor,0.03,6,base.17,0.337196
40,6,7,res9,brain_tumor,0.03,7,base.18,0.337196
40,6,7,res9,brain_tumor,0.03,8,classifier,0.254913
40,6,8,res9,brain_tumor,0.03,0,base.2,0.988890
40,6,8,res9,brain_tumor,0.03,1,base.6,0.987788
40,6,8,res9,brain_tumor,0.03,2,base.7,0.947389
40,6,8,res9,brain_tumor,0.03,3,base.11,0.896188
40,6,8,res9,brain_tumor,0.03,4,base.15,0.920667
40,6,8,res9,brain_tumor,0.03,5,base.16,0.589060
40,6,8,res9,brain_tumor,0.03,6,base.17,0.589060
40,6,8,res9,brain_tumor,0.03,7,base.18,0.589060
40,6,8,res9,brain_tumor,0.03,8,classifier,0.384802
40,6,9,res9,brain_tumor,0.03,0,base.2,0.992095
40,6,9,res9,brain_tumor,0.03,1,base.6,0.992739
40,6,9,res9,brain_tumor,0.03,2,base.7,0.966276
40,6,9,res9,brain_tumor,0.03,3,base.11,0.953886
40,6,9,res9,brain_tumor,0.03,4,base.15,0.892839
40,6,9,res9,brain_tumor,0.03,5,base.16,0.715387
40,6,9,res9,brain_tumor,0.03,6,base.17,0.715387
40,6,9,res9,brain_tumor,0.03,7,base.18,0.715387
40,6,9,res9,brain_tumor,0.03,8,classifier,0.393804
40,7,8,res9,brain_tumor,0.03,0,base.2,0.994426
40,7,8,res9,brain_tumor,0.03,1,base.6,0.985235
40,7,8,res9,brain_tumor,0.03,2,base.7,0.762391
40,7,8,res9,brain_tumor,0.03,3,base.11,0.711383
40,7,8,res9,brain_tumor,0.03,4,base.15,0.546739
40,7,8,res9,brain_tumor,0.03,5,base.16,0.630695
40,7,8,res9,brain_tumor,0.03,6,base.17,0.630695
40,7,8,res9,brain_tumor,0.03,7,base.18,0.630695
40,7,8,res9,brain_tumor,0.03,8,classifier,0.514534
40,7,9,res9,brain_tumor,0.03,0,base.2,0.990117
40,7,9,res9,brain_tumor,0.03,1,base.6,0.978065
40,7,9,res9,brain_tumor,0.03,2,base.7,0.693456
40,7,9,res9,brain_tumor,0.03,3,base.11,0.506398
40,7,9,res9,brain_tumor,0.03,4,base.15,0.370210
40,7,9,res9,brain_tumor,0.03,5,base.16,0.382232
40,7,9,res9,brain_tumor,0.03,6,base.17,0.382232
40,7,9,res9,brain_tumor,0.03,7,base.18,0.382232
40,7,9,res9,brain_tumor,0.03,8,classifier,0.352068
40,8,9,res9,brain_tumor,0.03,0,base.2,0.999297
40,8,9,res9,brain_tumor,0.03,1,base.6,0.998362
40,8,9,res9,brain_tumor,0.03,2,base.7,0.988845
40,8,9,res9,brain_tumor,0.03,3,base.11,0.853626
40,8,9,res9,brain_tumor,0.03,4,base.15,0.859457
40,8,9,res9,brain_tumor,0.03,5,base.16,0.654289
40,8,9,res9,brain_tumor,0.03,6,base.17,0.654289
40,8,9,res9,brain_tumor,0.03,7,base.18,0.654289
40,8,9,res9,brain_tumor,0.03,8,classifier,0.343700
50,0,1,res9,brain_tumor,0.03,0,base.2,0.998406
50,0,1,res9,brain_tumor,0.03,1,base.6,0.961521
50,0,1,res9,brain_tumor,0.03,2,base.7,0.804853
50,0,1,res9,brain_tumor,0.03,3,base.11,0.289705
50,0,1,res9,brain_tumor,0.03,4,base.15,0.425780
50,0,1,res9,brain_tumor,0.03,5,base.16,0.721230
50,0,1,res9,brain_tumor,0.03,6,base.17,0.721230
50,0,1,res9,brain_tumor,0.03,7,base.18,0.721230
50,0,1,res9,brain_tumor,0.03,8,classifier,0.701685
50,0,2,res9,brain_tumor,0.03,0,base.2,0.999614
50,0,2,res9,brain_tumor,0.03,1,base.6,0.999401
50,0,2,res9,brain_tumor,0.03,2,base.7,0.997244
50,0,2,res9,brain_tumor,0.03,3,base.11,0.996112
50,0,2,res9,brain_tumor,0.03,4,base.15,0.995231
50,0,2,res9,brain_tumor,0.03,5,base.16,0.997333
50,0,2,res9,brain_tumor,0.03,6,base.17,0.997333
50,0,2,res9,brain_tumor,0.03,7,base.18,0.997333
50,0,2,res9,brain_tumor,0.03,8,classifier,0.987331
50,0,3,res9,brain_tumor,0.03,0,base.2,0.995769
50,0,3,res9,brain_tumor,0.03,1,base.6,0.973771
50,0,3,res9,brain_tumor,0.03,2,base.7,0.946365
50,0,3,res9,brain_tumor,0.03,3,base.11,0.936210
50,0,3,res9,brain_tumor,0.03,4,base.15,0.938323
50,0,3,res9,brain_tumor,0.03,5,base.16,0.891430
50,0,3,res9,brain_tumor,0.03,6,base.17,0.891430
50,0,3,res9,brain_tumor,0.03,7,base.18,0.891430
50,0,3,res9,brain_tumor,0.03,8,classifier,0.489363
50,0,4,res9,brain_tumor,0.03,0,base.2,0.992656
50,0,4,res9,brain_tumor,0.03,1,base.6,0.989001
50,0,4,res9,brain_tumor,0.03,2,base.7,0.896156
50,0,4,res9,brain_tumor,0.03,3,base.11,0.770800
50,0,4,res9,brain_tumor,0.03,4,base.15,0.749629
50,0,4,res9,brain_tumor,0.03,5,base.16,0.452277
50,0,4,res9,brain_tumor,0.03,6,base.17,0.452277
50,0,4,res9,brain_tumor,0.03,7,base.18,0.452277
50,0,4,res9,brain_tumor,0.03,8,classifier,0.229985
50,0,5,res9,brain_tumor,0.03,0,base.2,0.997691
50,0,5,res9,brain_tumor,0.03,1,base.6,0.984595
50,0,5,res9,brain_tumor,0.03,2,base.7,0.944905
50,0,5,res9,brain_tumor,0.03,3,base.11,0.851626
50,0,5,res9,brain_tumor,0.03,4,base.15,0.766376
50,0,5,res9,brain_tumor,0.03,5,base.16,0.886665
50,0,5,res9,brain_tumor,0.03,6,base.17,0.886665
50,0,5,res9,brain_tumor,0.03,7,base.18,0.886665
50,0,5,res9,brain_tumor,0.03,8,classifier,0.762549
50,0,6,res9,brain_tumor,0.03,0,base.2,0.985867
50,0,6,res9,brain_tumor,0.03,1,base.6,0.964312
50,0,6,res9,brain_tumor,0.03,2,base.7,0.802109
50,0,6,res9,brain_tumor,0.03,3,base.11,0.770532
50,0,6,res9,brain_tumor,0.03,4,base.15,0.548790
50,0,6,res9,brain_tumor,0.03,5,base.16,0.689311
50,0,6,res9,brain_tumor,0.03,6,base.17,0.689311
50,0,6,res9,brain_tumor,0.03,7,base.18,0.689311
50,0,6,res9,brain_tumor,0.03,8,classifier,0.165802
50,0,7,res9,brain_tumor,0.03,0,base.2,0.995531
50,0,7,res9,brain_tumor,0.03,1,base.6,0.981303
50,0,7,res9,brain_tumor,0.03,2,base.7,0.927464
50,0,7,res9,brain_tumor,0.03,3,base.11,0.896907
50,0,7,res9,brain_tumor,0.03,4,base.15,0.889146
50,0,7,res9,brain_tumor,0.03,5,base.16,0.837698
50,0,7,res9,brain_tumor,0.03,6,base.17,0.837698
50,0,7,res9,brain_tumor,0.03,7,base.18,0.837698
50,0,7,res9,brain_tumor,0.03,8,classifier,0.508113
50,0,8,res9,brain_tumor,0.03,0,base.2,0.998928
50,0,8,res9,brain_tumor,0.03,1,base.6,0.997801
50,0,8,res9,brain_tumor,0.03,2,base.7,0.980601
50,0,8,res9,brain_tumor,0.03,3,base.11,0.939942
50,0,8,res9,brain_tumor,0.03,4,base.15,0.926284
50,0,8,res9,brain_tumor,0.03,5,base.16,0.918170
50,0,8,res9,brain_tumor,0.03,6,base.17,0.918170
50,0,8,res9,brain_tumor,0.03,7,base.18,0.918170
50,0,8,res9,brain_tumor,0.03,8,classifier,0.942355
50,0,9,res9,brain_tumor,0.03,0,base.2,0.996601
50,0,9,res9,brain_tumor,0.03,1,base.6,0.989783
50,0,9,res9,brain_tumor,0.03,2,base.7,0.893918
50,0,9,res9,brain_tumor,0.03,3,base.11,0.873792
50,0,9,res9,brain_tumor,0.03,4,base.15,0.667208
50,0,9,res9,brain_tumor,0.03,5,base.16,0.767588
50,0,9,res9,brain_tumor,0.03,6,base.17,0.767588
50,0,9,res9,brain_tumor,0.03,7,base.18,0.767588
50,0,9,res9,brain_tumor,0.03,8,classifier,0.812003
50,1,2,res9,brain_tumor,0.03,0,base.2,0.998389
50,1,2,res9,brain_tumor,0.03,1,base.6,0.959508
50,1,2,res9,brain_tumor,0.03,2,base.7,0.783307
50,1,2,res9,brain_tumor,0.03,3,base.11,0.286745
50,1,2,res9,brain_tumor,0.03,4,base.15,0.418482
50,1,2,res9,brain_tumor,0.03,5,base.16,0.738262
50,1,2,res9,brain_tumor,0.03,6,base.17,0.738262
50,1,2,res9,brain_tumor,0.03,7,base.18,0.738262
50,1,2,res9,brain_tumor,0.03,8,classifier,0.754376
50,1,3,res9,brain_tumor,0.03,0,base.2,0.995605
50,1,3,res9,brain_tumor,0.03,1,base.6,0.964872
50,1,3,res9,brain_tumor,0.03,2,base.7,0.810375
50,1,3,res9,brain_tumor,0.03,3,base.11,0.325776
50,1,3,res9,brain_tumor,0.03,4,base.15,0.446037
50,1,3,res9,brain_tumor,0.03,5,base.16,0.587416
50,1,3,res9,brain_tumor,0.03,6,base.17,0.587416
50,1,3,res9,brain_tumor,0.03,7,base.18,0.587416
50,1,3,res9,brain_tumor,0.03,8,classifier,0.417379
50,1,4,res9,brain_tumor,0.03,0,base.2,0.988910
50,1,4,res9,brain_tumor,0.03,1,base.6,0.979002
50,1,4,res9,brain_tumor,0.03,2,base.7,0.887306
50,1,4,res9,brain_tumor,0.03,3,base.11,0.677656
50,1,4,res9,brain_tumor,0.03,4,base.15,0.726572
50,1,4,res9,brain_tumor,0.03,5,base.16,0.301249
50,1,4,res9,brain_tumor,0.03,6,base.17,0.301249
50,1,4,res9,brain_tumor,0.03,7,base.18,0.301249
50,1,4,res9,brain_tumor,0.03,8,classifier,0.008613
50,1,5,res9,brain_tumor,0.03,0,base.2,0.998994
50,1,5,res9,brain_tumor,0.03,1,base.6,0.977067
50,1,5,res9,brain_tumor,0.03,2,base.7,0.858262
50,1,5,res9,brain_tumor,0.03,3,base.11,0.558451
50,1,5,res9,brain_tumor,0.03,4,base.15,0.741711
50,1,5,res9,brain_tumor,0.03,5,base.16,0.793234
50,1,5,res9,brain_tumor,0.03,6,base.17,0.793234
50,1,5,res9,brain_tumor,0.03,7,base.18,0.793234
50,1,5,res9,brain_tumor,0.03,8,classifier,0.587812
50,1,6,res9,brain_tumor,0.03,0,base.2,0.980819
50,1,6,res9,brain_tumor,0.03,1,base.6,0.972665
50,1,6,res9,brain_tumor,0.03,2,base.7,0.851954
50,1,6,res9,brain_tumor,0.03,3,base.11,0.681864
50,1,6,res9,brain_tumor,0.03,4,base.15,0.848217
50,1,6,res9,brain_tumor,0.03,5,base.16,0.645803
50,1,6,res9,brain_tumor,0.03,6,base.17,0.645803
50,1,6,res9,brain_tumor,0.03,7,base.18,0.645803
50,1,6,res9,brain_tumor,0.03,8,classifier,0.169858
50,1,7,res9,brain_tumor,0.03,0,base.2,0.996013
50,1,7,res9,brain_tumor,0.03,1,base.6,0.966484
50,1,7,res9,brain_tumor,0.03,2,base.7,0.809016
50,1,7,res9,brain_tumor,0.03,3,base.11,0.325025
50,1,7,res9,brain_tumor,0.03,4,base.15,0.471096
50,1,7,res9,brain_tumor,0.03,5,base.16,0.541120
50,1,7,res9,brain_tumor,0.03,6,base.17,0.541120
50,1,7,res9,brain_tumor,0.03,7,base.18,0.541120
50,1,7,res9,brain_tumor,0.03,8,classifier,0.457017
50,1,8,res9,brain_tumor,0.03,0,base.2,0.996851
50,1,8,res9,brain_tumor,0.03,1,base.6,0.966371
50,1,8,res9,brain_tumor,0.03,2,base.7,0.879982
50,1,8,res9,brain_tumor,0.03,3,base.11,0.457453
50,1,8,res9,brain_tumor,0.03,4,base.15,0.518472
50,1,8,res9,brain_tumor,0.03,5,base.16,0.801111
50,1,8,res9,brain_tumor,0.03,6,base.17,0.801111
50,1,8,res9,brain_tumor,0.03,7,base.18,0.801111
50,1,8,res9,brain_tumor,0.03,8,classifier,0.688501
50,1,9,res9,brain_tumor,0.03,0,base.2,0.994506
50,1,9,res9,brain_tumor,0.03,1,base.6,0.976234
50,1,9,res9,brain_tumor,0.03,2,base.7,0.836811
50,1,9,res9,brain_tumor,0.03,3,base.11,0.397714
50,1,9,res9,brain_tumor,0.03,4,base.15,0.718258
50,1,9,res9,brain_tumor,0.03,5,base.16,0.684433
50,1,9,res9,brain_tumor,0.03,6,base.17,0.684433
50,1,9,res9,brain_tumor,0.03,7,base.18,0.684433
50,1,9,res9,brain_tumor,0.03,8,classifier,0.484201
50,2,3,res9,brain_tumor,0.03,0,base.2,0.997884
50,2,3,res9,brain_tumor,0.03,1,base.6,0.978685
50,2,3,res9,brain_tumor,0.03,2,base.7,0.954860
50,2,3,res9,brain_tumor,0.03,3,base.11,0.948907
50,2,3,res9,brain_tumor,0.03,4,base.15,0.951880
50,2,3,res9,brain_tumor,0.03,5,base.16,0.885077
50,2,3,res9,brain_tumor,0.03,6,base.17,0.885077
50,2,3,res9,brain_tumor,0.03,7,base.18,0.885077
50,2,3,res9,brain_tumor,0.03,8,classifier,0.439242
50,2,4,res9,brain_tumor,0.03,0,base.2,0.989245
50,2,4,res9,brain_tumor,0.03,1,base.6,0.984771
50,2,4,res9,brain_tumor,0.03,2,base.7,0.883241
50,2,4,res9,brain_tumor,0.03,3,base.11,0.760466
50,2,4,res9,brain_tumor,0.03,4,base.15,0.739824
50,2,4,res9,brain_tumor,0.03,5,base.16,0.433598
50,2,4,res9,brain_tumor,0.03,6,base.17,0.433598
50,2,4,res9,brain_tumor,0.03,7,base.18,0.433598
50,2,4,res9,brain_tumor,0.03,8,classifier,0.158579
50,2,5,res9,brain_tumor,0.03,0,base.2,0.998576
50,2,5,res9,brain_tumor,0.03,1,base.6,0.985269
50,2,5,res9,brain_tumor,0.03,2,base.7,0.947946
50,2,5,res9,brain_tumor,0.03,3,base.11,0.858191
50,2,5,res9,brain_tumor,0.03,4,base.15,0.762788
50,2,5,res9,brain_tumor,0.03,5,base.16,0.891159
50,2,5,res9,brain_tumor,0.03,6,base.17,0.891159
50,2,5,res9,brain_tumor,0.03,7,base.18,0.891159
50,2,5,res9,brain_tumor,0.03,8,classifier,0.779351
50,2,6,res9,brain_tumor,0.03,0,base.2,0.981966
50,2,6,res9,brain_tumor,0.03,1,base.6,0.959308
50,2,6,res9,brain_tumor,0.03,2,base.7,0.784994
50,2,6,res9,brain_tumor,0.03,3,base.11,0.768826
50,2,6,res9,brain_tumor,0.03,4,base.15,0.539525
50,2,6,res9,brain_tumor,0.03,5,base.16,0.690121
50,2,6,res9,brain_tumor,0.03,6,base.17,0.690121
50,2,6,res9,brain_tumor,0.03,7,base.18,0.690121
50,2,6,res9,brain_tumor,0.03,8,classifier,0.135571
50,2,7,res9,brain_tumor,0.03,0,base.2,0.997684
50,2,7,res9,brain_tumor,0.03,1,base.6,0.985442
50,2,7,res9,brain_tumor,0.03,2,base.7,0.938379
50,2,7,res9,brain_tumor,0.03,3,base.11,0.915827
50,2,7,res9,brain_tumor,0.03,4,base.15,0.910717
50,2,7,res9,brain_tumor,0.03,5,base.16,0.832350
50,2,7,res9,brain_tumor,0.03,6,base.17,0.832350
50,2,7,res9,brain_tumor,0.03,7,base.18,0.832350
50,2,7,res9,brain_tumor,0.03,8,classifier,0.478946
50,2,8,res9,brain_tumor,0.03,0,base.2,0.997282
50,2,8,res9,brain_tumor,0.03,1,base.6,0.995209
50,2,8,res9,brain_tumor,0.03,2,base.7,0.970174
50,2,8,res9,brain_tumor,0.03,3,base.11,0.929897
50,2,8,res9,brain_tumor,0.03,4,base.15,0.908553
50,2,8,res9,brain_tumor,0.03,5,base.16,0.921404
50,2,8,res9,brain_tumor,0.03,6,base.17,0.921404
50,2,8,res9,brain_tumor,0.03,7,base.18,0.921404
50,2,8,res9,brain_tumor,0.03,8,classifier,0.953962
50,2,9,res9,brain_tumor,0.03,0,base.2,0.994037
50,2,9,res9,brain_tumor,0.03,1,base.6,0.985491
50,2,9,res9,brain_tumor,0.03,2,base.7,0.879673
50,2,9,res9,brain_tumor,0.03,3,base.11,0.865572
50,2,9,res9,brain_tumor,0.03,4,base.15,0.650471
50,2,9,res9,brain_tumor,0.03,5,base.16,0.764407
50,2,9,res9,brain_tumor,0.03,6,base.17,0.764407
50,2,9,res9,brain_tumor,0.03,7,base.18,0.764407
50,2,9,res9,brain_tumor,0.03,8,classifier,0.813215
50,3,4,res9,brain_tumor,0.03,0,base.2,0.978324
50,3,4,res9,brain_tumor,0.03,1,base.6,0.956280
50,3,4,res9,brain_tumor,0.03,2,base.7,0.849564
50,3,4,res9,brain_tumor,0.03,3,base.11,0.718717
50,3,4,res9,brain_tumor,0.03,4,base.15,0.667517
50,3,4,res9,brain_tumor,0.03,5,base.16,0.411286
50,3,4,res9,brain_tumor,0.03,6,base.17,0.411286
50,3,4,res9,brain_tumor,0.03,7,base.18,0.411286
50,3,4,res9,brain_tumor,0.03,8,classifier,0.359435
50,3,5,res9,brain_tumor,0.03,0,base.2,0.998021
50,3,5,res9,brain_tumor,0.03,1,base.6,0.987064
50,3,5,res9,brain_tumor,0.03,2,base.7,0.933576
50,3,5,res9,brain_tumor,0.03,3,base.11,0.814633
50,3,5,res9,brain_tumor,0.03,4,base.15,0.723799
50,3,5,res9,brain_tumor,0.03,5,base.16,0.725867
50,3,5,res9,brain_tumor,0.03,6,base.17,0.725867
50,3,5,res9,brain_tumor,0.03,7,base.18,0.725867
50,3,5,res9,brain_tumor,0.03,8,classifier,0.320010
50,3,6,res9,brain_tumor,0.03,0,base.2,0.969524
50,3,6,res9,brain_tumor,0.03,1,base.6,0.926726
50,3,6,res9,brain_tumor,0.03,2,base.7,0.758172
50,3,6,res9,brain_tumor,0.03,3,base.11,0.711984
50,3,6,res9,brain_tumor,0.03,4,base.15,0.491481
50,3,6,res9,brain_tumor,0.03,5,base.16,0.588633
50,3,6,res9,brain_tumor,0.03,6,base.17,0.588633
50,3,6,res9,brain_tumor,0.03,7,base.18,0.588633
50,3,6,res9,brain_tumor,0.03,8,classifier,0.347080
50,3,7,res9,brain_tumor,0.03,0,base.2,0.999905
50,3,7,res9,brain_tumor,0.03,1,base.6,0.999116
50,3,7,res9,brain_tumor,0.03,2,base.7,0.996403
50,3,7,res9,brain_tumor,0.03,3,base.11,0.990834
50,3,7,res9,brain_tumor,0.03,4,base.15,0.987801
50,3,7,res9,brain_tumor,0.03,5,base.16,0.989286
50,3,7,res9,brain_tumor,0.03,6,base.17,0.989286
50,3,7,res9,brain_tumor,0.03,7,base.18,0.989286
50,3,7,res9,brain_tumor,0.03,8,classifier,0.932187
50,3,8,res9,brain_tumor,0.03,0,base.2,0.990637
50,3,8,res9,brain_tumor,0.03,1,base.6,0.962938
50,3,8,res9,brain_tumor,0.03,2,base.7,0.930762
50,3,8,res9,brain_tumor,0.03,3,base.11,0.883485
50,3,8,res9,brain_tumor,0.03,4,base.15,0.847178
50,3,8,res9,brain_tumor,0.03,5,base.16,0.720830
50,3,8,res9,brain_tumor,0.03,6,base.17,0.720830
50,3,8,res9,brain_tumor,0.03,7,base.18,0.720830
50,3,8,res9,brain_tumor,0.03,8,classifier,0.313811
50,3,9,res9,brain_tumor,0.03,0,base.2,0.985271
50,3,9,res9,brain_tumor,0.03,1,base.6,0.952924
50,3,9,res9,brain_tumor,0.03,2,base.7,0.816737
50,3,9,res9,brain_tumor,0.03,3,base.11,0.786897
50,3,9,res9,brain_tumor,0.03,4,base.15,0.584947
50,3,9,res9,brain_tumor,0.03,5,base.16,0.529623
50,3,9,res9,brain_tumor,0.03,6,base.17,0.529623
50,3,9,res9,brain_tumor,0.03,7,base.18,0.529623
50,3,9,res9,brain_tumor,0.03,8,classifier,0.286913
50,4,5,res9,brain_tumor,0.03,0,base.2,0.983650
50,4,5,res9,brain_tumor,0.03,1,base.6,0.976889
50,4,5,res9,brain_tumor,0.03,2,base.7,0.943702
50,4,5,res9,brain_tumor,0.03,3,base.11,0.891271
50,4,5,res9,brain_tumor,0.03,4,base.15,0.926869
50,4,5,res9,brain_tumor,0.03,5,base.16,0.472641
50,4,5,res9,brain_tumor,0.03,6,base.17,0.472641
50,4,5,res9,brain_tumor,0.03,7,base.18,0.472641
50,4,5,res9,brain_tumor,0.03,8,classifier,0.191781
50,4,6,res9,brain_tumor,0.03,0,base.2,0.998032
50,4,6,res9,brain_tumor,0.03,1,base.6,0.986645
50,4,6,res9,brain_tumor,0.03,2,base.7,0.968228
50,4,6,res9,brain_tumor,0.03,3,base.11,0.933364
50,4,6,res9,brain_tumor,0.03,4,base.15,0.875161
50,4,6,res9,brain_tumor,0.03,5,base.16,0.693833
50,4,6,res9,brain_tumor,0.03,6,base.17,0.693833
50,4,6,res9,brain_tumor,0.03,7,base.18,0.693833
50,4,6,res9,brain_tumor,0.03,8,classifier,0.552979
50,4,7,res9,brain_tumor,0.03,0,base.2,0.977592
50,4,7,res9,brain_tumor,0.03,1,base.6,0.963628
50,4,7,res9,brain_tumor,0.03,2,base.7,0.849963
50,4,7,res9,brain_tumor,0.03,3,base.11,0.705971
50,4,7,res9,brain_tumor,0.03,4,base.15,0.643418
50,4,7,res9,brain_tumor,0.03,5,base.16,0.365900
50,4,7,res9,brain_tumor,0.03,6,base.17,0.365900
50,4,7,res9,brain_tumor,0.03,7,base.18,0.365900
50,4,7,res9,brain_tumor,0.03,8,classifier,0.237652
50,4,8,res9,brain_tumor,0.03,0,base.2,0.996865
50,4,8,res9,brain_tumor,0.03,1,base.6,0.995445
50,4,8,res9,brain_tumor,0.03,2,base.7,0.945886
50,4,8,res9,brain_tumor,0.03,3,base.11,0.911721
50,4,8,res9,brain_tumor,0.03,4,base.15,0.870809
50,4,8,res9,brain_tumor,0.03,5,base.16,0.447815
50,4,8,res9,brain_tumor,0.03,6,base.17,0.447815
50,4,8,res9,brain_tumor,0.03,7,base.18,0.447815
50,4,8,res9,brain_tumor,0.03,8,classifier,0.185502
50,4,9,res9,brain_tumor,0.03,0,base.2,0.998761
50,4,9,res9,brain_tumor,0.03,1,base.6,0.999203
50,4,9,res9,brain_tumor,0.03,2,base.7,0.978109
50,4,9,res9,brain_tumor,0.03,3,base.11,0.921246
50,4,9,res9,brain_tumor,0.03,4,base.15,0.924870
50,4,9,res9,brain_tumor,0.03,5,base.16,0.445871
50,4,9,res9,brain_tumor,0.03,6,base.17,0.445871
50,4,9,res9,brain_tumor,0.03,7,base.18,0.445871
50,4,9,res9,brain_tumor,0.03,8,classifier,0.279914
50,5,6,res9,brain_tumor,0.03,0,base.2,0.973961
50,5,6,res9,brain_tumor,0.03,1,base.6,0.942669
50,5,6,res9,brain_tumor,0.03,2,base.7,0.881481
50,5,6,res9,brain_tumor,0.03,3,base.11,0.902423
50,5,6,res9,brain_tumor,0.03,4,base.15,0.853091
50,5,6,res9,brain_tumor,0.03,5,base.16,0.722053
50,5,6,res9,brain_tumor,0.03,6,base.17,0.722053
50,5,6,res9,brain_tumor,0.03,7,base.18,0.722053
50,5,6,res9,brain_tumor,0.03,8,classifier,0.186570
50,5,7,res9,brain_tumor,0.03,0,base.2,0.998383
50,5,7,res9,brain_tumor,0.03,1,base.6,0.991052
50,5,7,res9,brain_tumor,0.03,2,base.7,0.931572
50,5,7,res9,brain_tumor,0.03,3,base.11,0.787718
50,5,7,res9,brain_tumor,0.03,4,base.15,0.702015
50,5,7,res9,brain_tumor,0.03,5,base.16,0.666285
50,5,7,res9,brain_tumor,0.03,6,base.17,0.666285
50,5,7,res9,brain_tumor,0.03,7,base.18,0.666285
50,5,7,res9,brain_tumor,0.03,8,classifier,0.355940
50,5,8,res9,brain_tumor,0.03,0,base.2,0.994480
50,5,8,res9,brain_tumor,0.03,1,base.6,0.979872
50,5,8,res9,brain_tumor,0.03,2,base.7,0.963010
50,5,8,res9,brain_tumor,0.03,3,base.11,0.910195
50,5,8,res9,brain_tumor,0.03,4,base.15,0.839449
50,5,8,res9,brain_tumor,0.03,5,base.16,0.931822
50,5,8,res9,brain_tumor,0.03,6,base.17,0.931822
50,5,8,res9,brain_tumor,0.03,7,base.18,0.931822
50,5,8,res9,brain_tumor,0.03,8,classifier,0.790133
50,5,9,res9,brain_tumor,0.03,0,base.2,0.990705
50,5,9,res9,brain_tumor,0.03,1,base.6,0.973718
50,5,9,res9,brain_tumor,0.03,2,base.7,0.936412
50,5,9,res9,brain_tumor,0.03,3,base.11,0.907244
50,5,9,res9,brain_tumor,0.03,4,base.15,0.888906
50,5,9,res9,brain_tumor,0.03,5,base.16,0.887151
50,5,9,res9,brain_tumor,0.03,6,base.17,0.887151
50,5,9,res9,brain_tumor,0.03,7,base.18,0.887151
50,5,9,res9,brain_tumor,0.03,8,classifier,0.873454
50,6,7,res9,brain_tumor,0.03,0,base.2,0.968389
50,6,7,res9,brain_tumor,0.03,1,base.6,0.933733
50,6,7,res9,brain_tumor,0.03,2,base.7,0.764954
50,6,7,res9,brain_tumor,0.03,3,base.11,0.693478
50,6,7,res9,brain_tumor,0.03,4,base.15,0.479226
50,6,7,res9,brain_tumor,0.03,5,base.16,0.536791
50,6,7,res9,brain_tumor,0.03,6,base.17,0.536791
50,6,7,res9,brain_tumor,0.03,7,base.18,0.536791
50,6,7,res9,brain_tumor,0.03,8,classifier,0.293208
50,6,8,res9,brain_tumor,0.03,0,base.2,0.991184
50,6,8,res9,brain_tumor,0.03,1,base.6,0.976161
50,6,8,res9,brain_tumor,0.03,2,base.7,0.871422
50,6,8,res9,brain_tumor,0.03,3,base.11,0.853370
50,6,8,res9,brain_tumor,0.03,4,base.15,0.657965
50,6,8,res9,brain_tumor,0.03,5,base.16,0.709382
50,6,8,res9,brain_tumor,0.03,6,base.17,0.709382
50,6,8,res9,brain_tumor,0.03,7,base.18,0.709382
50,6,8,res9,brain_tumor,0.03,8,classifier,0.084310
50,6,9,res9,brain_tumor,0.03,0,base.2,0.994155
50,6,9,res9,brain_tumor,0.03,1,base.6,0.988198
50,6,9,res9,brain_tumor,0.03,2,base.7,0.964264
50,6,9,res9,brain_tumor,0.03,3,base.11,0.876586
50,6,9,res9,brain_tumor,0.03,4,base.15,0.927199
50,6,9,res9,brain_tumor,0.03,5,base.16,0.652803
50,6,9,res9,brain_tumor,0.03,6,base.17,0.652803
50,6,9,res9,brain_tumor,0.03,7,base.18,0.652803
50,6,9,res9,brain_tumor,0.03,8,classifier,0.157360
50,7,8,res9,brain_tumor,0.03,0,base.2,0.990334
50,7,8,res9,brain_tumor,0.03,1,base.6,0.971411
50,7,8,res9,brain_tumor,0.03,2,base.7,0.916235
50,7,8,res9,brain_tumor,0.03,3,base.11,0.854969
50,7,8,res9,brain_tumor,0.03,4,base.15,0.804779
50,7,8,res9,brain_tumor,0.03,5,base.16,0.652197
50,7,8,res9,brain_tumor,0.03,6,base.17,0.652197
50,7,8,res9,brain_tumor,0.03,7,base.18,0.652197
50,7,8,res9,brain_tumor,0.03,8,classifier,0.337968
50,7,9,res9,brain_tumor,0.03,0,base.2,0.984932
50,7,9,res9,brain_tumor,0.03,1,base.6,0.960917
50,7,9,res9,brain_tumor,0.03,2,base.7,0.810118
50,7,9,res9,brain_tumor,0.03,3,base.11,0.761523
50,7,9,res9,brain_tumor,0.03,4,base.15,0.558516
50,7,9,res9,brain_tumor,0.03,5,base.16,0.465868
50,7,9,res9,brain_tumor,0.03,6,base.17,0.465868
50,7,9,res9,brain_tumor,0.03,7,base.18,0.465868
50,7,9,res9,brain_tumor,0.03,8,classifier,0.288502
50,8,9,res9,brain_tumor,0.03,0,base.2,0.999252
50,8,9,res9,brain_tumor,0.03,1,base.6,0.996357
50,8,9,res9,brain_tumor,0.03,2,base.7,0.939230
50,8,9,res9,brain_tumor,0.03,3,base.11,0.961921
50,8,9,res9,brain_tumor,0.03,4,base.15,0.818630
50,8,9,res9,brain_tumor,0.03,5,base.16,0.917027
50,8,9,res9,brain_tumor,0.03,6,base.17,0.917027
50,8,9,res9,brain_tumor,0.03,7,base.18,0.917027
50,8,9,res9,brain_tumor,0.03,8,classifier,0.881546
