round,client_i,client_j,model_name,dataset,alpha,layer_index,layer_name,cka_diagonal
1,0,1,vit_tiny,cifar10,0.03,0,base.patch_embed,0.892066
1,0,1,vit_tiny,cifar10,0.03,1,base.blocks.0,0.892759
1,0,1,vit_tiny,cifar10,0.03,2,base.blocks.1,0.893950
1,0,1,vit_tiny,cifar10,0.03,3,base.blocks.2,0.888691
1,0,1,vit_tiny,cifar10,0.03,4,base.blocks.3,0.888759
1,0,1,vit_tiny,cifar10,0.03,5,base.blocks.4,0.893144
1,0,1,vit_tiny,cifar10,0.03,6,base.blocks.5,0.890438
1,0,1,vit_tiny,cifar10,0.03,7,base.blocks.6,0.891642
1,0,1,vit_tiny,cifar10,0.03,8,base.blocks.7,0.892637
1,0,1,vit_tiny,cifar10,0.03,9,base.blocks.8,0.894034
1,0,1,vit_tiny,cifar10,0.03,10,base.blocks.9,0.893710
1,0,1,vit_tiny,cifar10,0.03,11,base.blocks.10,0.892883
1,0,1,vit_tiny,cifar10,0.03,12,base.blocks.11,0.887575
1,0,1,vit_tiny,cifar10,0.03,13,base.norm,0.885251
1,0,1,vit_tiny,cifar10,0.03,14,classifier,0.642207
1,0,2,vit_tiny,cifar10,0.03,0,base.patch_embed,0.966161
1,0,2,vit_tiny,cifar10,0.03,1,base.blocks.0,0.965152
1,0,2,vit_tiny,cifar10,0.03,2,base.blocks.1,0.963119
1,0,2,vit_tiny,cifar10,0.03,3,base.blocks.2,0.961146
1,0,2,vit_tiny,cifar10,0.03,4,base.blocks.3,0.959506
1,0,2,vit_tiny,cifar10,0.03,5,base.blocks.4,0.957603
1,0,2,vit_tiny,cifar10,0.03,6,base.blocks.5,0.957240
1,0,2,vit_tiny,cifar10,0.03,7,base.blocks.6,0.955812
1,0,2,vit_tiny,cifar10,0.03,8,base.blocks.7,0.954692
1,0,2,vit_tiny,cifar10,0.03,9,base.blocks.8,0.954686
1,0,2,vit_tiny,cifar10,0.03,10,base.blocks.9,0.953453
1,0,2,vit_tiny,cifar10,0.03,11,base.blocks.10,0.953550
1,0,2,vit_tiny,cifar10,0.03,12,base.blocks.11,0.954482
1,0,2,vit_tiny,cifar10,0.03,13,base.norm,0.936195
1,0,2,vit_tiny,cifar10,0.03,14,classifier,0.506160
1,0,3,vit_tiny,cifar10,0.03,0,base.patch_embed,0.991047
1,0,3,vit_tiny,cifar10,0.03,1,base.blocks.0,0.991346
1,0,3,vit_tiny,cifar10,0.03,2,base.blocks.1,0.990016
1,0,3,vit_tiny,cifar10,0.03,3,base.blocks.2,0.989151
1,0,3,vit_tiny,cifar10,0.03,4,base.blocks.3,0.987782
1,0,3,vit_tiny,cifar10,0.03,5,base.blocks.4,0.985530
1,0,3,vit_tiny,cifar10,0.03,6,base.blocks.5,0.984996
1,0,3,vit_tiny,cifar10,0.03,7,base.blocks.6,0.983978
1,0,3,vit_tiny,cifar10,0.03,8,base.blocks.7,0.983061
1,0,3,vit_tiny,cifar10,0.03,9,base.blocks.8,0.982332
1,0,3,vit_tiny,cifar10,0.03,10,base.blocks.9,0.981060
1,0,3,vit_tiny,cifar10,0.03,11,base.blocks.10,0.980938
1,0,3,vit_tiny,cifar10,0.03,12,base.blocks.11,0.981041
1,0,3,vit_tiny,cifar10,0.03,13,base.norm,0.967323
1,0,3,vit_tiny,cifar10,0.03,14,classifier,0.738907
1,0,4,vit_tiny,cifar10,0.03,0,base.patch_embed,0.987933
1,0,4,vit_tiny,cifar10,0.03,1,base.blocks.0,0.987430
1,0,4,vit_tiny,cifar10,0.03,2,base.blocks.1,0.986824
1,0,4,vit_tiny,cifar10,0.03,3,base.blocks.2,0.985225
1,0,4,vit_tiny,cifar10,0.03,4,base.blocks.3,0.984718
1,0,4,vit_tiny,cifar10,0.03,5,base.blocks.4,0.983096
1,0,4,vit_tiny,cifar10,0.03,6,base.blocks.5,0.982760
1,0,4,vit_tiny,cifar10,0.03,7,base.blocks.6,0.981950
1,0,4,vit_tiny,cifar10,0.03,8,base.blocks.7,0.980759
1,0,4,vit_tiny,cifar10,0.03,9,base.blocks.8,0.980664
1,0,4,vit_tiny,cifar10,0.03,10,base.blocks.9,0.979513
1,0,4,vit_tiny,cifar10,0.03,11,base.blocks.10,0.978925
1,0,4,vit_tiny,cifar10,0.03,12,base.blocks.11,0.979554
1,0,4,vit_tiny,cifar10,0.03,13,base.norm,0.961802
1,0,4,vit_tiny,cifar10,0.03,14,classifier,0.778863
1,0,5,vit_tiny,cifar10,0.03,0,base.patch_embed,0.989862
1,0,5,vit_tiny,cifar10,0.03,1,base.blocks.0,0.988870
1,0,5,vit_tiny,cifar10,0.03,2,base.blocks.1,0.988791
1,0,5,vit_tiny,cifar10,0.03,3,base.blocks.2,0.988475
1,0,5,vit_tiny,cifar10,0.03,4,base.blocks.3,0.987969
1,0,5,vit_tiny,cifar10,0.03,5,base.blocks.4,0.988229
1,0,5,vit_tiny,cifar10,0.03,6,base.blocks.5,0.987300
1,0,5,vit_tiny,cifar10,0.03,7,base.blocks.6,0.987095
1,0,5,vit_tiny,cifar10,0.03,8,base.blocks.7,0.986936
1,0,5,vit_tiny,cifar10,0.03,9,base.blocks.8,0.986977
1,0,5,vit_tiny,cifar10,0.03,10,base.blocks.9,0.987025
1,0,5,vit_tiny,cifar10,0.03,11,base.blocks.10,0.986835
1,0,5,vit_tiny,cifar10,0.03,12,base.blocks.11,0.986124
1,0,5,vit_tiny,cifar10,0.03,13,base.norm,0.954929
1,0,5,vit_tiny,cifar10,0.03,14,classifier,0.902371
1,0,6,vit_tiny,cifar10,0.03,0,base.patch_embed,0.963610
1,0,6,vit_tiny,cifar10,0.03,1,base.blocks.0,0.961721
1,0,6,vit_tiny,cifar10,0.03,2,base.blocks.1,0.959555
1,0,6,vit_tiny,cifar10,0.03,3,base.blocks.2,0.955965
1,0,6,vit_tiny,cifar10,0.03,4,base.blocks.3,0.953313
1,0,6,vit_tiny,cifar10,0.03,5,base.blocks.4,0.949260
1,0,6,vit_tiny,cifar10,0.03,6,base.blocks.5,0.947204
1,0,6,vit_tiny,cifar10,0.03,7,base.blocks.6,0.944941
1,0,6,vit_tiny,cifar10,0.03,8,base.blocks.7,0.942782
1,0,6,vit_tiny,cifar10,0.03,9,base.blocks.8,0.941278
1,0,6,vit_tiny,cifar10,0.03,10,base.blocks.9,0.937649
1,0,6,vit_tiny,cifar10,0.03,11,base.blocks.10,0.936307
1,0,6,vit_tiny,cifar10,0.03,12,base.blocks.11,0.935875
1,0,6,vit_tiny,cifar10,0.03,13,base.norm,0.881333
1,0,6,vit_tiny,cifar10,0.03,14,classifier,0.165497
1,0,7,vit_tiny,cifar10,0.03,0,base.patch_embed,0.994439
1,0,7,vit_tiny,cifar10,0.03,1,base.blocks.0,0.992292
1,0,7,vit_tiny,cifar10,0.03,2,base.blocks.1,0.990415
1,0,7,vit_tiny,cifar10,0.03,3,base.blocks.2,0.988367
1,0,7,vit_tiny,cifar10,0.03,4,base.blocks.3,0.986750
1,0,7,vit_tiny,cifar10,0.03,5,base.blocks.4,0.984734
1,0,7,vit_tiny,cifar10,0.03,6,base.blocks.5,0.981745
1,0,7,vit_tiny,cifar10,0.03,7,base.blocks.6,0.979216
1,0,7,vit_tiny,cifar10,0.03,8,base.blocks.7,0.977006
1,0,7,vit_tiny,cifar10,0.03,9,base.blocks.8,0.975418
1,0,7,vit_tiny,cifar10,0.03,10,base.blocks.9,0.973558
1,0,7,vit_tiny,cifar10,0.03,11,base.blocks.10,0.970336
1,0,7,vit_tiny,cifar10,0.03,12,base.blocks.11,0.968793
1,0,7,vit_tiny,cifar10,0.03,13,base.norm,0.925030
1,0,7,vit_tiny,cifar10,0.03,14,classifier,0.523737
1,0,8,vit_tiny,cifar10,0.03,0,base.patch_embed,0.989709
1,0,8,vit_tiny,cifar10,0.03,1,base.blocks.0,0.990065
1,0,8,vit_tiny,cifar10,0.03,2,base.blocks.1,0.991595
1,0,8,vit_tiny,cifar10,0.03,3,base.blocks.2,0.992837
1,0,8,vit_tiny,cifar10,0.03,4,base.blocks.3,0.992291
1,0,8,vit_tiny,cifar10,0.03,5,base.blocks.4,0.991767
1,0,8,vit_tiny,cifar10,0.03,6,base.blocks.5,0.989549
1,0,8,vit_tiny,cifar10,0.03,7,base.blocks.6,0.989026
1,0,8,vit_tiny,cifar10,0.03,8,base.blocks.7,0.987112
1,0,8,vit_tiny,cifar10,0.03,9,base.blocks.8,0.987238
1,0,8,vit_tiny,cifar10,0.03,10,base.blocks.9,0.985101
1,0,8,vit_tiny,cifar10,0.03,11,base.blocks.10,0.984763
1,0,8,vit_tiny,cifar10,0.03,12,base.blocks.11,0.982448
1,0,8,vit_tiny,cifar10,0.03,13,base.norm,0.966266
1,0,8,vit_tiny,cifar10,0.03,14,classifier,0.801212
1,0,9,vit_tiny,cifar10,0.03,0,base.patch_embed,0.956507
1,0,9,vit_tiny,cifar10,0.03,1,base.blocks.0,0.943240
1,0,9,vit_tiny,cifar10,0.03,2,base.blocks.1,0.927693
1,0,9,vit_tiny,cifar10,0.03,3,base.blocks.2,0.911368
1,0,9,vit_tiny,cifar10,0.03,4,base.blocks.3,0.892233
1,0,9,vit_tiny,cifar10,0.03,5,base.blocks.4,0.866859
1,0,9,vit_tiny,cifar10,0.03,6,base.blocks.5,0.845255
1,0,9,vit_tiny,cifar10,0.03,7,base.blocks.6,0.832757
1,0,9,vit_tiny,cifar10,0.03,8,base.blocks.7,0.819480
1,0,9,vit_tiny,cifar10,0.03,9,base.blocks.8,0.804846
1,0,9,vit_tiny,cifar10,0.03,10,base.blocks.9,0.784145
1,0,9,vit_tiny,cifar10,0.03,11,base.blocks.10,0.770314
1,0,9,vit_tiny,cifar10,0.03,12,base.blocks.11,0.756098
1,0,9,vit_tiny,cifar10,0.03,13,base.norm,0.708813
1,0,9,vit_tiny,cifar10,0.03,14,classifier,0.341702
1,1,2,vit_tiny,cifar10,0.03,0,base.patch_embed,0.865111
1,1,2,vit_tiny,cifar10,0.03,1,base.blocks.0,0.859419
1,1,2,vit_tiny,cifar10,0.03,2,base.blocks.1,0.852350
1,1,2,vit_tiny,cifar10,0.03,3,base.blocks.2,0.840516
1,1,2,vit_tiny,cifar10,0.03,4,base.blocks.3,0.835011
1,1,2,vit_tiny,cifar10,0.03,5,base.blocks.4,0.830312
1,1,2,vit_tiny,cifar10,0.03,6,base.blocks.5,0.826037
1,1,2,vit_tiny,cifar10,0.03,7,base.blocks.6,0.825075
1,1,2,vit_tiny,cifar10,0.03,8,base.blocks.7,0.822252
1,1,2,vit_tiny,cifar10,0.03,9,base.blocks.8,0.819509
1,1,2,vit_tiny,cifar10,0.03,10,base.blocks.9,0.815601
1,1,2,vit_tiny,cifar10,0.03,11,base.blocks.10,0.812169
1,1,2,vit_tiny,cifar10,0.03,12,base.blocks.11,0.808231
1,1,2,vit_tiny,cifar10,0.03,13,base.norm,0.772432
1,1,2,vit_tiny,cifar10,0.03,14,classifier,0.120354
1,1,3,vit_tiny,cifar10,0.03,0,base.patch_embed,0.880527
1,1,3,vit_tiny,cifar10,0.03,1,base.blocks.0,0.879301
1,1,3,vit_tiny,cifar10,0.03,2,base.blocks.1,0.875006
1,1,3,vit_tiny,cifar10,0.03,3,base.blocks.2,0.865420
1,1,3,vit_tiny,cifar10,0.03,4,base.blocks.3,0.861243
1,1,3,vit_tiny,cifar10,0.03,5,base.blocks.4,0.859736
1,1,3,vit_tiny,cifar10,0.03,6,base.blocks.5,0.856321
1,1,3,vit_tiny,cifar10,0.03,7,base.blocks.6,0.855863
1,1,3,vit_tiny,cifar10,0.03,8,base.blocks.7,0.853888
1,1,3,vit_tiny,cifar10,0.03,9,base.blocks.8,0.852413
1,1,3,vit_tiny,cifar10,0.03,10,base.blocks.9,0.849439
1,1,3,vit_tiny,cifar10,0.03,11,base.blocks.10,0.847315
1,1,3,vit_tiny,cifar10,0.03,12,base.blocks.11,0.843311
1,1,3,vit_tiny,cifar10,0.03,13,base.norm,0.835193
1,1,3,vit_tiny,cifar10,0.03,14,classifier,0.741977
1,1,4,vit_tiny,cifar10,0.03,0,base.patch_embed,0.876589
1,1,4,vit_tiny,cifar10,0.03,1,base.blocks.0,0.872937
1,1,4,vit_tiny,cifar10,0.03,2,base.blocks.1,0.868480
1,1,4,vit_tiny,cifar10,0.03,3,base.blocks.2,0.858461
1,1,4,vit_tiny,cifar10,0.03,4,base.blocks.3,0.854380
1,1,4,vit_tiny,cifar10,0.03,5,base.blocks.4,0.851939
1,1,4,vit_tiny,cifar10,0.03,6,base.blocks.5,0.847650
1,1,4,vit_tiny,cifar10,0.03,7,base.blocks.6,0.846765
1,1,4,vit_tiny,cifar10,0.03,8,base.blocks.7,0.843933
1,1,4,vit_tiny,cifar10,0.03,9,base.blocks.8,0.842091
1,1,4,vit_tiny,cifar10,0.03,10,base.blocks.9,0.838330
1,1,4,vit_tiny,cifar10,0.03,11,base.blocks.10,0.835132
1,1,4,vit_tiny,cifar10,0.03,12,base.blocks.11,0.830785
1,1,4,vit_tiny,cifar10,0.03,13,base.norm,0.814197
1,1,4,vit_tiny,cifar10,0.03,14,classifier,0.220316
1,1,5,vit_tiny,cifar10,0.03,0,base.patch_embed,0.873952
1,1,5,vit_tiny,cifar10,0.03,1,base.blocks.0,0.876909
1,1,5,vit_tiny,cifar10,0.03,2,base.blocks.1,0.881611
1,1,5,vit_tiny,cifar10,0.03,3,base.blocks.2,0.876335
1,1,5,vit_tiny,cifar10,0.03,4,base.blocks.3,0.877272
1,1,5,vit_tiny,cifar10,0.03,5,base.blocks.4,0.886106
1,1,5,vit_tiny,cifar10,0.03,6,base.blocks.5,0.883930
1,1,5,vit_tiny,cifar10,0.03,7,base.blocks.6,0.884769
1,1,5,vit_tiny,cifar10,0.03,8,base.blocks.7,0.885532
1,1,5,vit_tiny,cifar10,0.03,9,base.blocks.8,0.888147
1,1,5,vit_tiny,cifar10,0.03,10,base.blocks.9,0.888388
1,1,5,vit_tiny,cifar10,0.03,11,base.blocks.10,0.887965
1,1,5,vit_tiny,cifar10,0.03,12,base.blocks.11,0.882316
1,1,5,vit_tiny,cifar10,0.03,13,base.norm,0.889520
1,1,5,vit_tiny,cifar10,0.03,14,classifier,0.651528
1,1,6,vit_tiny,cifar10,0.03,0,base.patch_embed,0.859683
1,1,6,vit_tiny,cifar10,0.03,1,base.blocks.0,0.852478
1,1,6,vit_tiny,cifar10,0.03,2,base.blocks.1,0.843719
1,1,6,vit_tiny,cifar10,0.03,3,base.blocks.2,0.830623
1,1,6,vit_tiny,cifar10,0.03,4,base.blocks.3,0.823628
1,1,6,vit_tiny,cifar10,0.03,5,base.blocks.4,0.816605
1,1,6,vit_tiny,cifar10,0.03,6,base.blocks.5,0.811294
1,1,6,vit_tiny,cifar10,0.03,7,base.blocks.6,0.810019
1,1,6,vit_tiny,cifar10,0.03,8,base.blocks.7,0.806116
1,1,6,vit_tiny,cifar10,0.03,9,base.blocks.8,0.802073
1,1,6,vit_tiny,cifar10,0.03,10,base.blocks.9,0.796495
1,1,6,vit_tiny,cifar10,0.03,11,base.blocks.10,0.792470
1,1,6,vit_tiny,cifar10,0.03,12,base.blocks.11,0.788254
1,1,6,vit_tiny,cifar10,0.03,13,base.norm,0.725455
1,1,6,vit_tiny,cifar10,0.03,14,classifier,0.039144
1,1,7,vit_tiny,cifar10,0.03,0,base.patch_embed,0.872341
1,1,7,vit_tiny,cifar10,0.03,1,base.blocks.0,0.869786
1,1,7,vit_tiny,cifar10,0.03,2,base.blocks.1,0.868793
1,1,7,vit_tiny,cifar10,0.03,3,base.blocks.2,0.861025
1,1,7,vit_tiny,cifar10,0.03,4,base.blocks.3,0.859273
1,1,7,vit_tiny,cifar10,0.03,5,base.blocks.4,0.862403
1,1,7,vit_tiny,cifar10,0.03,6,base.blocks.5,0.858434
1,1,7,vit_tiny,cifar10,0.03,7,base.blocks.6,0.857691
1,1,7,vit_tiny,cifar10,0.03,8,base.blocks.7,0.856191
1,1,7,vit_tiny,cifar10,0.03,9,base.blocks.8,0.856856
1,1,7,vit_tiny,cifar10,0.03,10,base.blocks.9,0.854899
1,1,7,vit_tiny,cifar10,0.03,11,base.blocks.10,0.852449
1,1,7,vit_tiny,cifar10,0.03,12,base.blocks.11,0.847870
1,1,7,vit_tiny,cifar10,0.03,13,base.norm,0.832556
1,1,7,vit_tiny,cifar10,0.03,14,classifier,0.544831
1,1,8,vit_tiny,cifar10,0.03,0,base.patch_embed,0.921100
1,1,8,vit_tiny,cifar10,0.03,1,base.blocks.0,0.922718
1,1,8,vit_tiny,cifar10,0.03,2,base.blocks.1,0.920567
1,1,8,vit_tiny,cifar10,0.03,3,base.blocks.2,0.914648
1,1,8,vit_tiny,cifar10,0.03,4,base.blocks.3,0.916582
1,1,8,vit_tiny,cifar10,0.03,5,base.blocks.4,0.915561
1,1,8,vit_tiny,cifar10,0.03,6,base.blocks.5,0.911544
1,1,8,vit_tiny,cifar10,0.03,7,base.blocks.6,0.909999
1,1,8,vit_tiny,cifar10,0.03,8,base.blocks.7,0.905737
1,1,8,vit_tiny,cifar10,0.03,9,base.blocks.8,0.905243
1,1,8,vit_tiny,cifar10,0.03,10,base.blocks.9,0.903307
1,1,8,vit_tiny,cifar10,0.03,11,base.blocks.10,0.902616
1,1,8,vit_tiny,cifar10,0.03,12,base.blocks.11,0.902000
1,1,8,vit_tiny,cifar10,0.03,13,base.norm,0.900456
1,1,8,vit_tiny,cifar10,0.03,14,classifier,0.587464
1,1,9,vit_tiny,cifar10,0.03,0,base.patch_embed,0.932344
1,1,9,vit_tiny,cifar10,0.03,1,base.blocks.0,0.925273
1,1,9,vit_tiny,cifar10,0.03,2,base.blocks.1,0.907629
1,1,9,vit_tiny,cifar10,0.03,3,base.blocks.2,0.888560
1,1,9,vit_tiny,cifar10,0.03,4,base.blocks.3,0.873421
1,1,9,vit_tiny,cifar10,0.03,5,base.blocks.4,0.849783
1,1,9,vit_tiny,cifar10,0.03,6,base.blocks.5,0.832257
1,1,9,vit_tiny,cifar10,0.03,7,base.blocks.6,0.822519
1,1,9,vit_tiny,cifar10,0.03,8,base.blocks.7,0.809655
1,1,9,vit_tiny,cifar10,0.03,9,base.blocks.8,0.795652
1,1,9,vit_tiny,cifar10,0.03,10,base.blocks.9,0.774611
1,1,9,vit_tiny,cifar10,0.03,11,base.blocks.10,0.760559
1,1,9,vit_tiny,cifar10,0.03,12,base.blocks.11,0.747107
1,1,9,vit_tiny,cifar10,0.03,13,base.norm,0.660218
1,1,9,vit_tiny,cifar10,0.03,14,classifier,0.243249
1,2,3,vit_tiny,cifar10,0.03,0,base.patch_embed,0.988677
1,2,3,vit_tiny,cifar10,0.03,1,base.blocks.0,0.988212
1,2,3,vit_tiny,cifar10,0.03,2,base.blocks.1,0.988363
1,2,3,vit_tiny,cifar10,0.03,3,base.blocks.2,0.988462
1,2,3,vit_tiny,cifar10,0.03,4,base.blocks.3,0.988719
1,2,3,vit_tiny,cifar10,0.03,5,base.blocks.4,0.989794
1,2,3,vit_tiny,cifar10,0.03,6,base.blocks.5,0.989879
1,2,3,vit_tiny,cifar10,0.03,7,base.blocks.6,0.990049
1,2,3,vit_tiny,cifar10,0.03,8,base.blocks.7,0.990031
1,2,3,vit_tiny,cifar10,0.03,9,base.blocks.8,0.990368
1,2,3,vit_tiny,cifar10,0.03,10,base.blocks.9,0.990597
1,2,3,vit_tiny,cifar10,0.03,11,base.blocks.10,0.990610
1,2,3,vit_tiny,cifar10,0.03,12,base.blocks.11,0.990659
1,2,3,vit_tiny,cifar10,0.03,13,base.norm,0.980965
1,2,3,vit_tiny,cifar10,0.03,14,classifier,0.303094
1,2,4,vit_tiny,cifar10,0.03,0,base.patch_embed,0.991962
1,2,4,vit_tiny,cifar10,0.03,1,base.blocks.0,0.991740
1,2,4,vit_tiny,cifar10,0.03,2,base.blocks.1,0.991057
1,2,4,vit_tiny,cifar10,0.03,3,base.blocks.2,0.991255
1,2,4,vit_tiny,cifar10,0.03,4,base.blocks.3,0.990776
1,2,4,vit_tiny,cifar10,0.03,5,base.blocks.4,0.990799
1,2,4,vit_tiny,cifar10,0.03,6,base.blocks.5,0.990504
1,2,4,vit_tiny,cifar10,0.03,7,base.blocks.6,0.990321
1,2,4,vit_tiny,cifar10,0.03,8,base.blocks.7,0.990402
1,2,4,vit_tiny,cifar10,0.03,9,base.blocks.8,0.990348
1,2,4,vit_tiny,cifar10,0.03,10,base.blocks.9,0.990277
1,2,4,vit_tiny,cifar10,0.03,11,base.blocks.10,0.990562
1,2,4,vit_tiny,cifar10,0.03,12,base.blocks.11,0.990283
1,2,4,vit_tiny,cifar10,0.03,13,base.norm,0.983948
1,2,4,vit_tiny,cifar10,0.03,14,classifier,0.758854
1,2,5,vit_tiny,cifar10,0.03,0,base.patch_embed,0.920263
1,2,5,vit_tiny,cifar10,0.03,1,base.blocks.0,0.916181
1,2,5,vit_tiny,cifar10,0.03,2,base.blocks.1,0.912956
1,2,5,vit_tiny,cifar10,0.03,3,base.blocks.2,0.909394
1,2,5,vit_tiny,cifar10,0.03,4,base.blocks.3,0.905828
1,2,5,vit_tiny,cifar10,0.03,5,base.blocks.4,0.904047
1,2,5,vit_tiny,cifar10,0.03,6,base.blocks.5,0.901382
1,2,5,vit_tiny,cifar10,0.03,7,base.blocks.6,0.899050
1,2,5,vit_tiny,cifar10,0.03,8,base.blocks.7,0.897629
1,2,5,vit_tiny,cifar10,0.03,9,base.blocks.8,0.898359
1,2,5,vit_tiny,cifar10,0.03,10,base.blocks.9,0.897491
1,2,5,vit_tiny,cifar10,0.03,11,base.blocks.10,0.897617
1,2,5,vit_tiny,cifar10,0.03,12,base.blocks.11,0.897580
1,2,5,vit_tiny,cifar10,0.03,13,base.norm,0.864652
1,2,5,vit_tiny,cifar10,0.03,14,classifier,0.631510
1,2,6,vit_tiny,cifar10,0.03,0,base.patch_embed,0.998480
1,2,6,vit_tiny,cifar10,0.03,1,base.blocks.0,0.998482
1,2,6,vit_tiny,cifar10,0.03,2,base.blocks.1,0.998289
1,2,6,vit_tiny,cifar10,0.03,3,base.blocks.2,0.998134
1,2,6,vit_tiny,cifar10,0.03,4,base.blocks.3,0.997815
1,2,6,vit_tiny,cifar10,0.03,5,base.blocks.4,0.997223
1,2,6,vit_tiny,cifar10,0.03,6,base.blocks.5,0.996759
1,2,6,vit_tiny,cifar10,0.03,7,base.blocks.6,0.996414
1,2,6,vit_tiny,cifar10,0.03,8,base.blocks.7,0.995857
1,2,6,vit_tiny,cifar10,0.03,9,base.blocks.8,0.995367
1,2,6,vit_tiny,cifar10,0.03,10,base.blocks.9,0.994640
1,2,6,vit_tiny,cifar10,0.03,11,base.blocks.10,0.994196
1,2,6,vit_tiny,cifar10,0.03,12,base.blocks.11,0.993173
1,2,6,vit_tiny,cifar10,0.03,13,base.norm,0.959132
1,2,6,vit_tiny,cifar10,0.03,14,classifier,0.054464
1,2,7,vit_tiny,cifar10,0.03,0,base.patch_embed,0.971538
1,2,7,vit_tiny,cifar10,0.03,1,base.blocks.0,0.961291
1,2,7,vit_tiny,cifar10,0.03,2,base.blocks.1,0.954150
1,2,7,vit_tiny,cifar10,0.03,3,base.blocks.2,0.948815
1,2,7,vit_tiny,cifar10,0.03,4,base.blocks.3,0.944496
1,2,7,vit_tiny,cifar10,0.03,5,base.blocks.4,0.939917
1,2,7,vit_tiny,cifar10,0.03,6,base.blocks.5,0.934639
1,2,7,vit_tiny,cifar10,0.03,7,base.blocks.6,0.930213
1,2,7,vit_tiny,cifar10,0.03,8,base.blocks.7,0.927396
1,2,7,vit_tiny,cifar10,0.03,9,base.blocks.8,0.926069
1,2,7,vit_tiny,cifar10,0.03,10,base.blocks.9,0.924028
1,2,7,vit_tiny,cifar10,0.03,11,base.blocks.10,0.920103
1,2,7,vit_tiny,cifar10,0.03,12,base.blocks.11,0.918175
1,2,7,vit_tiny,cifar10,0.03,13,base.norm,0.874444
1,2,7,vit_tiny,cifar10,0.03,14,classifier,0.273793
1,2,8,vit_tiny,cifar10,0.03,0,base.patch_embed,0.985205
1,2,8,vit_tiny,cifar10,0.03,1,base.blocks.0,0.982736
1,2,8,vit_tiny,cifar10,0.03,2,base.blocks.1,0.979850
1,2,8,vit_tiny,cifar10,0.03,3,base.blocks.2,0.976584
1,2,8,vit_tiny,cifar10,0.03,4,base.blocks.3,0.974304
1,2,8,vit_tiny,cifar10,0.03,5,base.blocks.4,0.974772
1,2,8,vit_tiny,cifar10,0.03,6,base.blocks.5,0.977416
1,2,8,vit_tiny,cifar10,0.03,7,base.blocks.6,0.977410
1,2,8,vit_tiny,cifar10,0.03,8,base.blocks.7,0.979276
1,2,8,vit_tiny,cifar10,0.03,9,base.blocks.8,0.978858
1,2,8,vit_tiny,cifar10,0.03,10,base.blocks.9,0.979584
1,2,8,vit_tiny,cifar10,0.03,11,base.blocks.10,0.978962
1,2,8,vit_tiny,cifar10,0.03,12,base.blocks.11,0.978653
1,2,8,vit_tiny,cifar10,0.03,13,base.norm,0.941399
1,2,8,vit_tiny,cifar10,0.03,14,classifier,0.567800
1,2,9,vit_tiny,cifar10,0.03,0,base.patch_embed,0.970576
1,2,9,vit_tiny,cifar10,0.03,1,base.blocks.0,0.960483
1,2,9,vit_tiny,cifar10,0.03,2,base.blocks.1,0.949865
1,2,9,vit_tiny,cifar10,0.03,3,base.blocks.2,0.934806
1,2,9,vit_tiny,cifar10,0.03,4,base.blocks.3,0.912900
1,2,9,vit_tiny,cifar10,0.03,5,base.blocks.4,0.887308
1,2,9,vit_tiny,cifar10,0.03,6,base.blocks.5,0.864073
1,2,9,vit_tiny,cifar10,0.03,7,base.blocks.6,0.851791
1,2,9,vit_tiny,cifar10,0.03,8,base.blocks.7,0.840218
1,2,9,vit_tiny,cifar10,0.03,9,base.blocks.8,0.823895
1,2,9,vit_tiny,cifar10,0.03,10,base.blocks.9,0.803208
1,2,9,vit_tiny,cifar10,0.03,11,base.blocks.10,0.788613
1,2,9,vit_tiny,cifar10,0.03,12,base.blocks.11,0.775669
1,2,9,vit_tiny,cifar10,0.03,13,base.norm,0.726005
1,2,9,vit_tiny,cifar10,0.03,14,classifier,0.229796
1,3,4,vit_tiny,cifar10,0.03,0,base.patch_embed,0.999573
1,3,4,vit_tiny,cifar10,0.03,1,base.blocks.0,0.999448
1,3,4,vit_tiny,cifar10,0.03,2,base.blocks.1,0.999558
1,3,4,vit_tiny,cifar10,0.03,3,base.blocks.2,0.999452
1,3,4,vit_tiny,cifar10,0.03,4,base.blocks.3,0.999487
1,3,4,vit_tiny,cifar10,0.03,5,base.blocks.4,0.999536
1,3,4,vit_tiny,cifar10,0.03,6,base.blocks.5,0.999471
1,3,4,vit_tiny,cifar10,0.03,7,base.blocks.6,0.999327
1,3,4,vit_tiny,cifar10,0.03,8,base.blocks.7,0.999215
1,3,4,vit_tiny,cifar10,0.03,9,base.blocks.8,0.999133
1,3,4,vit_tiny,cifar10,0.03,10,base.blocks.9,0.998992
1,3,4,vit_tiny,cifar10,0.03,11,base.blocks.10,0.998895
1,3,4,vit_tiny,cifar10,0.03,12,base.blocks.11,0.998682
1,3,4,vit_tiny,cifar10,0.03,13,base.norm,0.992184
1,3,4,vit_tiny,cifar10,0.03,14,classifier,0.478560
1,3,5,vit_tiny,cifar10,0.03,0,base.patch_embed,0.963905
1,3,5,vit_tiny,cifar10,0.03,1,base.blocks.0,0.962641
1,3,5,vit_tiny,cifar10,0.03,2,base.blocks.1,0.959961
1,3,5,vit_tiny,cifar10,0.03,3,base.blocks.2,0.957847
1,3,5,vit_tiny,cifar10,0.03,4,base.blocks.3,0.954639
1,3,5,vit_tiny,cifar10,0.03,5,base.blocks.4,0.951001
1,3,5,vit_tiny,cifar10,0.03,6,base.blocks.5,0.948681
1,3,5,vit_tiny,cifar10,0.03,7,base.blocks.6,0.946691
1,3,5,vit_tiny,cifar10,0.03,8,base.blocks.7,0.945405
1,3,5,vit_tiny,cifar10,0.03,9,base.blocks.8,0.944996
1,3,5,vit_tiny,cifar10,0.03,10,base.blocks.9,0.943646
1,3,5,vit_tiny,cifar10,0.03,11,base.blocks.10,0.943814
1,3,5,vit_tiny,cifar10,0.03,12,base.blocks.11,0.943232
1,3,5,vit_tiny,cifar10,0.03,13,base.norm,0.927063
1,3,5,vit_tiny,cifar10,0.03,14,classifier,0.712268
1,3,6,vit_tiny,cifar10,0.03,0,base.patch_embed,0.989536
1,3,6,vit_tiny,cifar10,0.03,1,base.blocks.0,0.988258
1,3,6,vit_tiny,cifar10,0.03,2,base.blocks.1,0.988579
1,3,6,vit_tiny,cifar10,0.03,3,base.blocks.2,0.987715
1,3,6,vit_tiny,cifar10,0.03,4,base.blocks.3,0.987683
1,3,6,vit_tiny,cifar10,0.03,5,base.blocks.4,0.987893
1,3,6,vit_tiny,cifar10,0.03,6,base.blocks.5,0.987225
1,3,6,vit_tiny,cifar10,0.03,7,base.blocks.6,0.987009
1,3,6,vit_tiny,cifar10,0.03,8,base.blocks.7,0.986677
1,3,6,vit_tiny,cifar10,0.03,9,base.blocks.8,0.986371
1,3,6,vit_tiny,cifar10,0.03,10,base.blocks.9,0.985619
1,3,6,vit_tiny,cifar10,0.03,11,base.blocks.10,0.984873
1,3,6,vit_tiny,cifar10,0.03,12,base.blocks.11,0.984324
1,3,6,vit_tiny,cifar10,0.03,13,base.norm,0.955465
1,3,6,vit_tiny,cifar10,0.03,14,classifier,0.213531
1,3,7,vit_tiny,cifar10,0.03,0,base.patch_embed,0.995592
1,3,7,vit_tiny,cifar10,0.03,1,base.blocks.0,0.991083
1,3,7,vit_tiny,cifar10,0.03,2,base.blocks.1,0.987051
1,3,7,vit_tiny,cifar10,0.03,3,base.blocks.2,0.983674
1,3,7,vit_tiny,cifar10,0.03,4,base.blocks.3,0.980519
1,3,7,vit_tiny,cifar10,0.03,5,base.blocks.4,0.975909
1,3,7,vit_tiny,cifar10,0.03,6,base.blocks.5,0.972123
1,3,7,vit_tiny,cifar10,0.03,7,base.blocks.6,0.968278
1,3,7,vit_tiny,cifar10,0.03,8,base.blocks.7,0.965827
1,3,7,vit_tiny,cifar10,0.03,9,base.blocks.8,0.963973
1,3,7,vit_tiny,cifar10,0.03,10,base.blocks.9,0.961754
1,3,7,vit_tiny,cifar10,0.03,11,base.blocks.10,0.958406
1,3,7,vit_tiny,cifar10,0.03,12,base.blocks.11,0.956451
1,3,7,vit_tiny,cifar10,0.03,13,base.norm,0.924573
1,3,7,vit_tiny,cifar10,0.03,14,classifier,0.764651
1,3,8,vit_tiny,cifar10,0.03,0,base.patch_embed,0.994128
1,3,8,vit_tiny,cifar10,0.03,1,base.blocks.0,0.993379
1,3,8,vit_tiny,cifar10,0.03,2,base.blocks.1,0.993089
1,3,8,vit_tiny,cifar10,0.03,3,base.blocks.2,0.992515
1,3,8,vit_tiny,cifar10,0.03,4,base.blocks.3,0.990289
1,3,8,vit_tiny,cifar10,0.03,5,base.blocks.4,0.990295
1,3,8,vit_tiny,cifar10,0.03,6,base.blocks.5,0.991085
1,3,8,vit_tiny,cifar10,0.03,7,base.blocks.6,0.991661
1,3,8,vit_tiny,cifar10,0.03,8,base.blocks.7,0.992583
1,3,8,vit_tiny,cifar10,0.03,9,base.blocks.8,0.992387
1,3,8,vit_tiny,cifar10,0.03,10,base.blocks.9,0.991805
1,3,8,vit_tiny,cifar10,0.03,11,base.blocks.10,0.991042
1,3,8,vit_tiny,cifar10,0.03,12,base.blocks.11,0.989646
1,3,8,vit_tiny,cifar10,0.03,13,base.norm,0.963248
1,3,8,vit_tiny,cifar10,0.03,14,classifier,0.604569
1,3,9,vit_tiny,cifar10,0.03,0,base.patch_embed,0.965499
1,3,9,vit_tiny,cifar10,0.03,1,base.blocks.0,0.955091
1,3,9,vit_tiny,cifar10,0.03,2,base.blocks.1,0.943054
1,3,9,vit_tiny,cifar10,0.03,3,base.blocks.2,0.928282
1,3,9,vit_tiny,cifar10,0.03,4,base.blocks.3,0.907609
1,3,9,vit_tiny,cifar10,0.03,5,base.blocks.4,0.883892
1,3,9,vit_tiny,cifar10,0.03,6,base.blocks.5,0.862034
1,3,9,vit_tiny,cifar10,0.03,7,base.blocks.6,0.850393
1,3,9,vit_tiny,cifar10,0.03,8,base.blocks.7,0.839321
1,3,9,vit_tiny,cifar10,0.03,9,base.blocks.8,0.823937
1,3,9,vit_tiny,cifar10,0.03,10,base.blocks.9,0.803480
1,3,9,vit_tiny,cifar10,0.03,11,base.blocks.10,0.788408
1,3,9,vit_tiny,cifar10,0.03,12,base.blocks.11,0.775237
1,3,9,vit_tiny,cifar10,0.03,13,base.norm,0.725736
1,3,9,vit_tiny,cifar10,0.03,14,classifier,0.266519
1,4,5,vit_tiny,cifar10,0.03,0,base.patch_embed,0.957308
1,4,5,vit_tiny,cifar10,0.03,1,base.blocks.0,0.954579
1,4,5,vit_tiny,cifar10,0.03,2,base.blocks.1,0.953593
1,4,5,vit_tiny,cifar10,0.03,3,base.blocks.2,0.950433
1,4,5,vit_tiny,cifar10,0.03,4,base.blocks.3,0.948966
1,4,5,vit_tiny,cifar10,0.03,5,base.blocks.4,0.946909
1,4,5,vit_tiny,cifar10,0.03,6,base.blocks.5,0.945001
1,4,5,vit_tiny,cifar10,0.03,7,base.blocks.6,0.943488
1,4,5,vit_tiny,cifar10,0.03,8,base.blocks.7,0.941815
1,4,5,vit_tiny,cifar10,0.03,9,base.blocks.8,0.942423
1,4,5,vit_tiny,cifar10,0.03,10,base.blocks.9,0.941519
1,4,5,vit_tiny,cifar10,0.03,11,base.blocks.10,0.940723
1,4,5,vit_tiny,cifar10,0.03,12,base.blocks.11,0.941069
1,4,5,vit_tiny,cifar10,0.03,13,base.norm,0.919914
1,4,5,vit_tiny,cifar10,0.03,14,classifier,0.802799
1,4,6,vit_tiny,cifar10,0.03,0,base.patch_embed,0.992890
1,4,6,vit_tiny,cifar10,0.03,1,base.blocks.0,0.992259
1,4,6,vit_tiny,cifar10,0.03,2,base.blocks.1,0.991630
1,4,6,vit_tiny,cifar10,0.03,3,base.blocks.2,0.991059
1,4,6,vit_tiny,cifar10,0.03,4,base.blocks.3,0.990026
1,4,6,vit_tiny,cifar10,0.03,5,base.blocks.4,0.989275
1,4,6,vit_tiny,cifar10,0.03,6,base.blocks.5,0.988285
1,4,6,vit_tiny,cifar10,0.03,7,base.blocks.6,0.987555
1,4,6,vit_tiny,cifar10,0.03,8,base.blocks.7,0.987233
1,4,6,vit_tiny,cifar10,0.03,9,base.blocks.8,0.986388
1,4,6,vit_tiny,cifar10,0.03,10,base.blocks.9,0.985190
1,4,6,vit_tiny,cifar10,0.03,11,base.blocks.10,0.984966
1,4,6,vit_tiny,cifar10,0.03,12,base.blocks.11,0.983658
1,4,6,vit_tiny,cifar10,0.03,13,base.norm,0.954559
1,4,6,vit_tiny,cifar10,0.03,14,classifier,0.111029
1,4,7,vit_tiny,cifar10,0.03,0,base.patch_embed,0.992762
1,4,7,vit_tiny,cifar10,0.03,1,base.blocks.0,0.986872
1,4,7,vit_tiny,cifar10,0.03,2,base.blocks.1,0.983014
1,4,7,vit_tiny,cifar10,0.03,3,base.blocks.2,0.978974
1,4,7,vit_tiny,cifar10,0.03,4,base.blocks.3,0.976353
1,4,7,vit_tiny,cifar10,0.03,5,base.blocks.4,0.972725
1,4,7,vit_tiny,cifar10,0.03,6,base.blocks.5,0.968915
1,4,7,vit_tiny,cifar10,0.03,7,base.blocks.6,0.965313
1,4,7,vit_tiny,cifar10,0.03,8,base.blocks.7,0.962415
1,4,7,vit_tiny,cifar10,0.03,9,base.blocks.8,0.960686
1,4,7,vit_tiny,cifar10,0.03,10,base.blocks.9,0.958415
1,4,7,vit_tiny,cifar10,0.03,11,base.blocks.10,0.954181
1,4,7,vit_tiny,cifar10,0.03,12,base.blocks.11,0.952589
1,4,7,vit_tiny,cifar10,0.03,13,base.norm,0.910934
1,4,7,vit_tiny,cifar10,0.03,14,classifier,0.375928
1,4,8,vit_tiny,cifar10,0.03,0,base.patch_embed,0.993188
1,4,8,vit_tiny,cifar10,0.03,1,base.blocks.0,0.991546
1,4,8,vit_tiny,cifar10,0.03,2,base.blocks.1,0.990932
1,4,8,vit_tiny,cifar10,0.03,3,base.blocks.2,0.989820
1,4,8,vit_tiny,cifar10,0.03,4,base.blocks.3,0.987831
1,4,8,vit_tiny,cifar10,0.03,5,base.blocks.4,0.987639
1,4,8,vit_tiny,cifar10,0.03,6,base.blocks.5,0.988248
1,4,8,vit_tiny,cifar10,0.03,7,base.blocks.6,0.988533
1,4,8,vit_tiny,cifar10,0.03,8,base.blocks.7,0.989437
1,4,8,vit_tiny,cifar10,0.03,9,base.blocks.8,0.989152
1,4,8,vit_tiny,cifar10,0.03,10,base.blocks.9,0.988079
1,4,8,vit_tiny,cifar10,0.03,11,base.blocks.10,0.987016
1,4,8,vit_tiny,cifar10,0.03,12,base.blocks.11,0.985233
1,4,8,vit_tiny,cifar10,0.03,13,base.norm,0.960545
1,4,8,vit_tiny,cifar10,0.03,14,classifier,0.667102
1,4,9,vit_tiny,cifar10,0.03,0,base.patch_embed,0.967098
1,4,9,vit_tiny,cifar10,0.03,1,base.blocks.0,0.955917
1,4,9,vit_tiny,cifar10,0.03,2,base.blocks.1,0.943510
1,4,9,vit_tiny,cifar10,0.03,3,base.blocks.2,0.929084
1,4,9,vit_tiny,cifar10,0.03,4,base.blocks.3,0.907534
1,4,9,vit_tiny,cifar10,0.03,5,base.blocks.4,0.882240
1,4,9,vit_tiny,cifar10,0.03,6,base.blocks.5,0.859697
1,4,9,vit_tiny,cifar10,0.03,7,base.blocks.6,0.847651
1,4,9,vit_tiny,cifar10,0.03,8,base.blocks.7,0.836607
1,4,9,vit_tiny,cifar10,0.03,9,base.blocks.8,0.820295
1,4,9,vit_tiny,cifar10,0.03,10,base.blocks.9,0.799035
1,4,9,vit_tiny,cifar10,0.03,11,base.blocks.10,0.783592
1,4,9,vit_tiny,cifar10,0.03,12,base.blocks.11,0.769895
1,4,9,vit_tiny,cifar10,0.03,13,base.norm,0.724310
1,4,9,vit_tiny,cifar10,0.03,14,classifier,0.189575
1,5,6,vit_tiny,cifar10,0.03,0,base.patch_embed,0.916746
1,5,6,vit_tiny,cifar10,0.03,1,base.blocks.0,0.911183
1,5,6,vit_tiny,cifar10,0.03,2,base.blocks.1,0.907951
1,5,6,vit_tiny,cifar10,0.03,3,base.blocks.2,0.902147
1,5,6,vit_tiny,cifar10,0.03,4,base.blocks.3,0.897310
1,5,6,vit_tiny,cifar10,0.03,5,base.blocks.4,0.892596
1,5,6,vit_tiny,cifar10,0.03,6,base.blocks.5,0.887512
1,5,6,vit_tiny,cifar10,0.03,7,base.blocks.6,0.884168
1,5,6,vit_tiny,cifar10,0.03,8,base.blocks.7,0.881573
1,5,6,vit_tiny,cifar10,0.03,9,base.blocks.8,0.880591
1,5,6,vit_tiny,cifar10,0.03,10,base.blocks.9,0.876875
1,5,6,vit_tiny,cifar10,0.03,11,base.blocks.10,0.875383
1,5,6,vit_tiny,cifar10,0.03,12,base.blocks.11,0.873648
1,5,6,vit_tiny,cifar10,0.03,13,base.norm,0.810305
1,5,6,vit_tiny,cifar10,0.03,14,classifier,0.059746
1,5,7,vit_tiny,cifar10,0.03,0,base.patch_embed,0.978904
1,5,7,vit_tiny,cifar10,0.03,1,base.blocks.0,0.980039
1,5,7,vit_tiny,cifar10,0.03,2,base.blocks.1,0.980711
1,5,7,vit_tiny,cifar10,0.03,3,base.blocks.2,0.979839
1,5,7,vit_tiny,cifar10,0.03,4,base.blocks.3,0.979233
1,5,7,vit_tiny,cifar10,0.03,5,base.blocks.4,0.978308
1,5,7,vit_tiny,cifar10,0.03,6,base.blocks.5,0.976504
1,5,7,vit_tiny,cifar10,0.03,7,base.blocks.6,0.974625
1,5,7,vit_tiny,cifar10,0.03,8,base.blocks.7,0.972835
1,5,7,vit_tiny,cifar10,0.03,9,base.blocks.8,0.971886
1,5,7,vit_tiny,cifar10,0.03,10,base.blocks.9,0.970444
1,5,7,vit_tiny,cifar10,0.03,11,base.blocks.10,0.968681
1,5,7,vit_tiny,cifar10,0.03,12,base.blocks.11,0.968226
1,5,7,vit_tiny,cifar10,0.03,13,base.norm,0.951994
1,5,7,vit_tiny,cifar10,0.03,14,classifier,0.634051
1,5,8,vit_tiny,cifar10,0.03,0,base.patch_embed,0.962858
1,5,8,vit_tiny,cifar10,0.03,1,base.blocks.0,0.962813
1,5,8,vit_tiny,cifar10,0.03,2,base.blocks.1,0.965982
1,5,8,vit_tiny,cifar10,0.03,3,base.blocks.2,0.968133
1,5,8,vit_tiny,cifar10,0.03,4,base.blocks.3,0.966988
1,5,8,vit_tiny,cifar10,0.03,5,base.blocks.4,0.965778
1,5,8,vit_tiny,cifar10,0.03,6,base.blocks.5,0.959559
1,5,8,vit_tiny,cifar10,0.03,7,base.blocks.6,0.958082
1,5,8,vit_tiny,cifar10,0.03,8,base.blocks.7,0.953658
1,5,8,vit_tiny,cifar10,0.03,9,base.blocks.8,0.954545
1,5,8,vit_tiny,cifar10,0.03,10,base.blocks.9,0.950876
1,5,8,vit_tiny,cifar10,0.03,11,base.blocks.10,0.950416
1,5,8,vit_tiny,cifar10,0.03,12,base.blocks.11,0.946102
1,5,8,vit_tiny,cifar10,0.03,13,base.norm,0.923792
1,5,8,vit_tiny,cifar10,0.03,14,classifier,0.841961
1,5,9,vit_tiny,cifar10,0.03,0,base.patch_embed,0.918251
1,5,9,vit_tiny,cifar10,0.03,1,base.blocks.0,0.901316
1,5,9,vit_tiny,cifar10,0.03,2,base.blocks.1,0.883058
1,5,9,vit_tiny,cifar10,0.03,3,base.blocks.2,0.864807
1,5,9,vit_tiny,cifar10,0.03,4,base.blocks.3,0.845692
1,5,9,vit_tiny,cifar10,0.03,5,base.blocks.4,0.821718
1,5,9,vit_tiny,cifar10,0.03,6,base.blocks.5,0.799062
1,5,9,vit_tiny,cifar10,0.03,7,base.blocks.6,0.785861
1,5,9,vit_tiny,cifar10,0.03,8,base.blocks.7,0.771198
1,5,9,vit_tiny,cifar10,0.03,9,base.blocks.8,0.757541
1,5,9,vit_tiny,cifar10,0.03,10,base.blocks.9,0.737233
1,5,9,vit_tiny,cifar10,0.03,11,base.blocks.10,0.723413
1,5,9,vit_tiny,cifar10,0.03,12,base.blocks.11,0.708045
1,5,9,vit_tiny,cifar10,0.03,13,base.norm,0.645492
1,5,9,vit_tiny,cifar10,0.03,14,classifier,0.311006
1,6,7,vit_tiny,cifar10,0.03,0,base.patch_embed,0.973168
1,6,7,vit_tiny,cifar10,0.03,1,base.blocks.0,0.962222
1,6,7,vit_tiny,cifar10,0.03,2,base.blocks.1,0.955035
1,6,7,vit_tiny,cifar10,0.03,3,base.blocks.2,0.948108
1,6,7,vit_tiny,cifar10,0.03,4,base.blocks.3,0.942663
1,6,7,vit_tiny,cifar10,0.03,5,base.blocks.4,0.935958
1,6,7,vit_tiny,cifar10,0.03,6,base.blocks.5,0.929081
1,6,7,vit_tiny,cifar10,0.03,7,base.blocks.6,0.923397
1,6,7,vit_tiny,cifar10,0.03,8,base.blocks.7,0.919723
1,6,7,vit_tiny,cifar10,0.03,9,base.blocks.8,0.916515
1,6,7,vit_tiny,cifar10,0.03,10,base.blocks.9,0.911964
1,6,7,vit_tiny,cifar10,0.03,11,base.blocks.10,0.906406
1,6,7,vit_tiny,cifar10,0.03,12,base.blocks.11,0.902790
1,6,7,vit_tiny,cifar10,0.03,13,base.norm,0.811560
1,6,7,vit_tiny,cifar10,0.03,14,classifier,0.041582
1,6,8,vit_tiny,cifar10,0.03,0,base.patch_embed,0.982671
1,6,8,vit_tiny,cifar10,0.03,1,base.blocks.0,0.979109
1,6,8,vit_tiny,cifar10,0.03,2,base.blocks.1,0.975932
1,6,8,vit_tiny,cifar10,0.03,3,base.blocks.2,0.971611
1,6,8,vit_tiny,cifar10,0.03,4,base.blocks.3,0.967723
1,6,8,vit_tiny,cifar10,0.03,5,base.blocks.4,0.966929
1,6,8,vit_tiny,cifar10,0.03,6,base.blocks.5,0.969397
1,6,8,vit_tiny,cifar10,0.03,7,base.blocks.6,0.969881
1,6,8,vit_tiny,cifar10,0.03,8,base.blocks.7,0.972449
1,6,8,vit_tiny,cifar10,0.03,9,base.blocks.8,0.971197
1,6,8,vit_tiny,cifar10,0.03,10,base.blocks.9,0.970929
1,6,8,vit_tiny,cifar10,0.03,11,base.blocks.10,0.969447
1,6,8,vit_tiny,cifar10,0.03,12,base.blocks.11,0.968533
1,6,8,vit_tiny,cifar10,0.03,13,base.norm,0.907096
1,6,8,vit_tiny,cifar10,0.03,14,classifier,0.051756
1,6,9,vit_tiny,cifar10,0.03,0,base.patch_embed,0.965808
1,6,9,vit_tiny,cifar10,0.03,1,base.blocks.0,0.955829
1,6,9,vit_tiny,cifar10,0.03,2,base.blocks.1,0.945076
1,6,9,vit_tiny,cifar10,0.03,3,base.blocks.2,0.930100
1,6,9,vit_tiny,cifar10,0.03,4,base.blocks.3,0.906916
1,6,9,vit_tiny,cifar10,0.03,5,base.blocks.4,0.880658
1,6,9,vit_tiny,cifar10,0.03,6,base.blocks.5,0.857666
1,6,9,vit_tiny,cifar10,0.03,7,base.blocks.6,0.845533
1,6,9,vit_tiny,cifar10,0.03,8,base.blocks.7,0.835059
1,6,9,vit_tiny,cifar10,0.03,9,base.blocks.8,0.818119
1,6,9,vit_tiny,cifar10,0.03,10,base.blocks.9,0.796776
1,6,9,vit_tiny,cifar10,0.03,11,base.blocks.10,0.781136
1,6,9,vit_tiny,cifar10,0.03,12,base.blocks.11,0.768109
1,6,9,vit_tiny,cifar10,0.03,13,base.norm,0.691522
1,6,9,vit_tiny,cifar10,0.03,14,classifier,0.063509
1,7,8,vit_tiny,cifar10,0.03,0,base.patch_embed,0.988177
1,7,8,vit_tiny,cifar10,0.03,1,base.blocks.0,0.983140
1,7,8,vit_tiny,cifar10,0.03,2,base.blocks.1,0.982330
1,7,8,vit_tiny,cifar10,0.03,3,base.blocks.2,0.981656
1,7,8,vit_tiny,cifar10,0.03,4,base.blocks.3,0.978046
1,7,8,vit_tiny,cifar10,0.03,5,base.blocks.4,0.975565
1,7,8,vit_tiny,cifar10,0.03,6,base.blocks.5,0.970287
1,7,8,vit_tiny,cifar10,0.03,7,base.blocks.6,0.968874
1,7,8,vit_tiny,cifar10,0.03,8,base.blocks.7,0.966129
1,7,8,vit_tiny,cifar10,0.03,9,base.blocks.8,0.965817
1,7,8,vit_tiny,cifar10,0.03,10,base.blocks.9,0.961221
1,7,8,vit_tiny,cifar10,0.03,11,base.blocks.10,0.957418
1,7,8,vit_tiny,cifar10,0.03,12,base.blocks.11,0.953179
1,7,8,vit_tiny,cifar10,0.03,13,base.norm,0.912700
1,7,8,vit_tiny,cifar10,0.03,14,classifier,0.463489
1,7,9,vit_tiny,cifar10,0.03,0,base.patch_embed,0.951652
1,7,9,vit_tiny,cifar10,0.03,1,base.blocks.0,0.934107
1,7,9,vit_tiny,cifar10,0.03,2,base.blocks.1,0.918598
1,7,9,vit_tiny,cifar10,0.03,3,base.blocks.2,0.902573
1,7,9,vit_tiny,cifar10,0.03,4,base.blocks.3,0.882832
1,7,9,vit_tiny,cifar10,0.03,5,base.blocks.4,0.860507
1,7,9,vit_tiny,cifar10,0.03,6,base.blocks.5,0.839954
1,7,9,vit_tiny,cifar10,0.03,7,base.blocks.6,0.829478
1,7,9,vit_tiny,cifar10,0.03,8,base.blocks.7,0.820683
1,7,9,vit_tiny,cifar10,0.03,9,base.blocks.8,0.808406
1,7,9,vit_tiny,cifar10,0.03,10,base.blocks.9,0.790570
1,7,9,vit_tiny,cifar10,0.03,11,base.blocks.10,0.775390
1,7,9,vit_tiny,cifar10,0.03,12,base.blocks.11,0.763856
1,7,9,vit_tiny,cifar10,0.03,13,base.norm,0.717636
1,7,9,vit_tiny,cifar10,0.03,14,classifier,0.318274
1,8,9,vit_tiny,cifar10,0.03,0,base.patch_embed,0.983005
1,8,9,vit_tiny,cifar10,0.03,1,base.blocks.0,0.974527
1,8,9,vit_tiny,cifar10,0.03,2,base.blocks.1,0.960584
1,8,9,vit_tiny,cifar10,0.03,3,base.blocks.2,0.945397
1,8,9,vit_tiny,cifar10,0.03,4,base.blocks.3,0.929754
1,8,9,vit_tiny,cifar10,0.03,5,base.blocks.4,0.907898
1,8,9,vit_tiny,cifar10,0.03,6,base.blocks.5,0.890176
1,8,9,vit_tiny,cifar10,0.03,7,base.blocks.6,0.878106
1,8,9,vit_tiny,cifar10,0.03,8,base.blocks.7,0.867396
1,8,9,vit_tiny,cifar10,0.03,9,base.blocks.8,0.852605
1,8,9,vit_tiny,cifar10,0.03,10,base.blocks.9,0.834751
1,8,9,vit_tiny,cifar10,0.03,11,base.blocks.10,0.821609
1,8,9,vit_tiny,cifar10,0.03,12,base.blocks.11,0.812607
1,8,9,vit_tiny,cifar10,0.03,13,base.norm,0.771752
1,8,9,vit_tiny,cifar10,0.03,14,classifier,0.424327
2,0,1,vit_tiny,cifar10,0.03,0,base.patch_embed,0.987451
2,0,1,vit_tiny,cifar10,0.03,1,base.blocks.0,0.987213
2,0,1,vit_tiny,cifar10,0.03,2,base.blocks.1,0.982918
2,0,1,vit_tiny,cifar10,0.03,3,base.blocks.2,0.977826
2,0,1,vit_tiny,cifar10,0.03,4,base.blocks.3,0.970029
2,0,1,vit_tiny,cifar10,0.03,5,base.blocks.4,0.959387
2,0,1,vit_tiny,cifar10,0.03,6,base.blocks.5,0.944245
2,0,1,vit_tiny,cifar10,0.03,7,base.blocks.6,0.934407
2,0,1,vit_tiny,cifar10,0.03,8,base.blocks.7,0.923600
2,0,1,vit_tiny,cifar10,0.03,9,base.blocks.8,0.911694
2,0,1,vit_tiny,cifar10,0.03,10,base.blocks.9,0.899649
2,0,1,vit_tiny,cifar10,0.03,11,base.blocks.10,0.886944
2,0,1,vit_tiny,cifar10,0.03,12,base.blocks.11,0.875998
2,0,1,vit_tiny,cifar10,0.03,13,base.norm,0.888884
2,0,1,vit_tiny,cifar10,0.03,14,classifier,0.839210
2,0,2,vit_tiny,cifar10,0.03,0,base.patch_embed,0.959692
2,0,2,vit_tiny,cifar10,0.03,1,base.blocks.0,0.948325
2,0,2,vit_tiny,cifar10,0.03,2,base.blocks.1,0.945031
2,0,2,vit_tiny,cifar10,0.03,3,base.blocks.2,0.936870
2,0,2,vit_tiny,cifar10,0.03,4,base.blocks.3,0.934142
2,0,2,vit_tiny,cifar10,0.03,5,base.blocks.4,0.934090
2,0,2,vit_tiny,cifar10,0.03,6,base.blocks.5,0.937955
2,0,2,vit_tiny,cifar10,0.03,7,base.blocks.6,0.937665
2,0,2,vit_tiny,cifar10,0.03,8,base.blocks.7,0.936624
2,0,2,vit_tiny,cifar10,0.03,9,base.blocks.8,0.937548
2,0,2,vit_tiny,cifar10,0.03,10,base.blocks.9,0.934013
2,0,2,vit_tiny,cifar10,0.03,11,base.blocks.10,0.934559
2,0,2,vit_tiny,cifar10,0.03,12,base.blocks.11,0.931490
2,0,2,vit_tiny,cifar10,0.03,13,base.norm,0.908373
2,0,2,vit_tiny,cifar10,0.03,14,classifier,0.441715
2,0,3,vit_tiny,cifar10,0.03,0,base.patch_embed,0.969416
2,0,3,vit_tiny,cifar10,0.03,1,base.blocks.0,0.960972
2,0,3,vit_tiny,cifar10,0.03,2,base.blocks.1,0.957873
2,0,3,vit_tiny,cifar10,0.03,3,base.blocks.2,0.949714
2,0,3,vit_tiny,cifar10,0.03,4,base.blocks.3,0.943429
2,0,3,vit_tiny,cifar10,0.03,5,base.blocks.4,0.941421
2,0,3,vit_tiny,cifar10,0.03,6,base.blocks.5,0.943284
2,0,3,vit_tiny,cifar10,0.03,7,base.blocks.6,0.940723
2,0,3,vit_tiny,cifar10,0.03,8,base.blocks.7,0.939245
2,0,3,vit_tiny,cifar10,0.03,9,base.blocks.8,0.938813
2,0,3,vit_tiny,cifar10,0.03,10,base.blocks.9,0.934937
2,0,3,vit_tiny,cifar10,0.03,11,base.blocks.10,0.935057
2,0,3,vit_tiny,cifar10,0.03,12,base.blocks.11,0.931422
2,0,3,vit_tiny,cifar10,0.03,13,base.norm,0.913074
2,0,3,vit_tiny,cifar10,0.03,14,classifier,0.281939
2,0,4,vit_tiny,cifar10,0.03,0,base.patch_embed,0.970113
2,0,4,vit_tiny,cifar10,0.03,1,base.blocks.0,0.960492
2,0,4,vit_tiny,cifar10,0.03,2,base.blocks.1,0.955471
2,0,4,vit_tiny,cifar10,0.03,3,base.blocks.2,0.946606
2,0,4,vit_tiny,cifar10,0.03,4,base.blocks.3,0.940648
2,0,4,vit_tiny,cifar10,0.03,5,base.blocks.4,0.940656
2,0,4,vit_tiny,cifar10,0.03,6,base.blocks.5,0.942042
2,0,4,vit_tiny,cifar10,0.03,7,base.blocks.6,0.939508
2,0,4,vit_tiny,cifar10,0.03,8,base.blocks.7,0.937445
2,0,4,vit_tiny,cifar10,0.03,9,base.blocks.8,0.935281
2,0,4,vit_tiny,cifar10,0.03,10,base.blocks.9,0.931465
2,0,4,vit_tiny,cifar10,0.03,11,base.blocks.10,0.932891
2,0,4,vit_tiny,cifar10,0.03,12,base.blocks.11,0.929654
2,0,4,vit_tiny,cifar10,0.03,13,base.norm,0.909847
2,0,4,vit_tiny,cifar10,0.03,14,classifier,0.453968
2,0,5,vit_tiny,cifar10,0.03,0,base.patch_embed,0.963454
2,0,5,vit_tiny,cifar10,0.03,1,base.blocks.0,0.954984
2,0,5,vit_tiny,cifar10,0.03,2,base.blocks.1,0.950315
2,0,5,vit_tiny,cifar10,0.03,3,base.blocks.2,0.943114
2,0,5,vit_tiny,cifar10,0.03,4,base.blocks.3,0.938193
2,0,5,vit_tiny,cifar10,0.03,5,base.blocks.4,0.940221
2,0,5,vit_tiny,cifar10,0.03,6,base.blocks.5,0.941176
2,0,5,vit_tiny,cifar10,0.03,7,base.blocks.6,0.936611
2,0,5,vit_tiny,cifar10,0.03,8,base.blocks.7,0.935644
2,0,5,vit_tiny,cifar10,0.03,9,base.blocks.8,0.934523
2,0,5,vit_tiny,cifar10,0.03,10,base.blocks.9,0.931793
2,0,5,vit_tiny,cifar10,0.03,11,base.blocks.10,0.933190
2,0,5,vit_tiny,cifar10,0.03,12,base.blocks.11,0.930301
2,0,5,vit_tiny,cifar10,0.03,13,base.norm,0.889349
2,0,5,vit_tiny,cifar10,0.03,14,classifier,0.522670
2,0,6,vit_tiny,cifar10,0.03,0,base.patch_embed,0.978145
2,0,6,vit_tiny,cifar10,0.03,1,base.blocks.0,0.969876
2,0,6,vit_tiny,cifar10,0.03,2,base.blocks.1,0.966692
2,0,6,vit_tiny,cifar10,0.03,3,base.blocks.2,0.959718
2,0,6,vit_tiny,cifar10,0.03,4,base.blocks.3,0.953659
2,0,6,vit_tiny,cifar10,0.03,5,base.blocks.4,0.951563
2,0,6,vit_tiny,cifar10,0.03,6,base.blocks.5,0.951007
2,0,6,vit_tiny,cifar10,0.03,7,base.blocks.6,0.946857
2,0,6,vit_tiny,cifar10,0.03,8,base.blocks.7,0.943513
2,0,6,vit_tiny,cifar10,0.03,9,base.blocks.8,0.940017
2,0,6,vit_tiny,cifar10,0.03,10,base.blocks.9,0.933882
2,0,6,vit_tiny,cifar10,0.03,11,base.blocks.10,0.930558
2,0,6,vit_tiny,cifar10,0.03,12,base.blocks.11,0.922313
2,0,6,vit_tiny,cifar10,0.03,13,base.norm,0.899948
2,0,6,vit_tiny,cifar10,0.03,14,classifier,0.365223
2,0,7,vit_tiny,cifar10,0.03,0,base.patch_embed,0.980602
2,0,7,vit_tiny,cifar10,0.03,1,base.blocks.0,0.975896
2,0,7,vit_tiny,cifar10,0.03,2,base.blocks.1,0.971741
2,0,7,vit_tiny,cifar10,0.03,3,base.blocks.2,0.966080
2,0,7,vit_tiny,cifar10,0.03,4,base.blocks.3,0.961339
2,0,7,vit_tiny,cifar10,0.03,5,base.blocks.4,0.960644
2,0,7,vit_tiny,cifar10,0.03,6,base.blocks.5,0.958432
2,0,7,vit_tiny,cifar10,0.03,7,base.blocks.6,0.952683
2,0,7,vit_tiny,cifar10,0.03,8,base.blocks.7,0.947869
2,0,7,vit_tiny,cifar10,0.03,9,base.blocks.8,0.942080
2,0,7,vit_tiny,cifar10,0.03,10,base.blocks.9,0.936629
2,0,7,vit_tiny,cifar10,0.03,11,base.blocks.10,0.934567
2,0,7,vit_tiny,cifar10,0.03,12,base.blocks.11,0.928569
2,0,7,vit_tiny,cifar10,0.03,13,base.norm,0.900878
2,0,7,vit_tiny,cifar10,0.03,14,classifier,0.500489
2,0,8,vit_tiny,cifar10,0.03,0,base.patch_embed,0.995567
2,0,8,vit_tiny,cifar10,0.03,1,base.blocks.0,0.993258
2,0,8,vit_tiny,cifar10,0.03,2,base.blocks.1,0.991308
2,0,8,vit_tiny,cifar10,0.03,3,base.blocks.2,0.988865
2,0,8,vit_tiny,cifar10,0.03,4,base.blocks.3,0.986321
2,0,8,vit_tiny,cifar10,0.03,5,base.blocks.4,0.986984
2,0,8,vit_tiny,cifar10,0.03,6,base.blocks.5,0.986307
2,0,8,vit_tiny,cifar10,0.03,7,base.blocks.6,0.984217
2,0,8,vit_tiny,cifar10,0.03,8,base.blocks.7,0.982092
2,0,8,vit_tiny,cifar10,0.03,9,base.blocks.8,0.981195
2,0,8,vit_tiny,cifar10,0.03,10,base.blocks.9,0.977998
2,0,8,vit_tiny,cifar10,0.03,11,base.blocks.10,0.976460
2,0,8,vit_tiny,cifar10,0.03,12,base.blocks.11,0.972110
2,0,8,vit_tiny,cifar10,0.03,13,base.norm,0.942542
2,0,8,vit_tiny,cifar10,0.03,14,classifier,0.885412
2,0,9,vit_tiny,cifar10,0.03,0,base.patch_embed,0.973917
2,0,9,vit_tiny,cifar10,0.03,1,base.blocks.0,0.964569
2,0,9,vit_tiny,cifar10,0.03,2,base.blocks.1,0.951655
2,0,9,vit_tiny,cifar10,0.03,3,base.blocks.2,0.936013
2,0,9,vit_tiny,cifar10,0.03,4,base.blocks.3,0.924290
2,0,9,vit_tiny,cifar10,0.03,5,base.blocks.4,0.914784
2,0,9,vit_tiny,cifar10,0.03,6,base.blocks.5,0.908688
2,0,9,vit_tiny,cifar10,0.03,7,base.blocks.6,0.903365
2,0,9,vit_tiny,cifar10,0.03,8,base.blocks.7,0.894044
2,0,9,vit_tiny,cifar10,0.03,9,base.blocks.8,0.887039
2,0,9,vit_tiny,cifar10,0.03,10,base.blocks.9,0.875496
2,0,9,vit_tiny,cifar10,0.03,11,base.blocks.10,0.869770
2,0,9,vit_tiny,cifar10,0.03,12,base.blocks.11,0.861590
2,0,9,vit_tiny,cifar10,0.03,13,base.norm,0.779340
2,0,9,vit_tiny,cifar10,0.03,14,classifier,0.403958
2,1,2,vit_tiny,cifar10,0.03,0,base.patch_embed,0.914036
2,1,2,vit_tiny,cifar10,0.03,1,base.blocks.0,0.897650
2,1,2,vit_tiny,cifar10,0.03,2,base.blocks.1,0.881558
2,1,2,vit_tiny,cifar10,0.03,3,base.blocks.2,0.858090
2,1,2,vit_tiny,cifar10,0.03,4,base.blocks.3,0.837126
2,1,2,vit_tiny,cifar10,0.03,5,base.blocks.4,0.818245
2,1,2,vit_tiny,cifar10,0.03,6,base.blocks.5,0.798475
2,1,2,vit_tiny,cifar10,0.03,7,base.blocks.6,0.780097
2,1,2,vit_tiny,cifar10,0.03,8,base.blocks.7,0.766497
2,1,2,vit_tiny,cifar10,0.03,9,base.blocks.8,0.749883
2,1,2,vit_tiny,cifar10,0.03,10,base.blocks.9,0.726643
2,1,2,vit_tiny,cifar10,0.03,11,base.blocks.10,0.708664
2,1,2,vit_tiny,cifar10,0.03,12,base.blocks.11,0.691474
2,1,2,vit_tiny,cifar10,0.03,13,base.norm,0.693398
2,1,2,vit_tiny,cifar10,0.03,14,classifier,0.127794
2,1,3,vit_tiny,cifar10,0.03,0,base.patch_embed,0.923210
2,1,3,vit_tiny,cifar10,0.03,1,base.blocks.0,0.909411
2,1,3,vit_tiny,cifar10,0.03,2,base.blocks.1,0.893462
2,1,3,vit_tiny,cifar10,0.03,3,base.blocks.2,0.869989
2,1,3,vit_tiny,cifar10,0.03,4,base.blocks.3,0.844140
2,1,3,vit_tiny,cifar10,0.03,5,base.blocks.4,0.820869
2,1,3,vit_tiny,cifar10,0.03,6,base.blocks.5,0.795991
2,1,3,vit_tiny,cifar10,0.03,7,base.blocks.6,0.774005
2,1,3,vit_tiny,cifar10,0.03,8,base.blocks.7,0.756614
2,1,3,vit_tiny,cifar10,0.03,9,base.blocks.8,0.736680
2,1,3,vit_tiny,cifar10,0.03,10,base.blocks.9,0.711766
2,1,3,vit_tiny,cifar10,0.03,11,base.blocks.10,0.693588
2,1,3,vit_tiny,cifar10,0.03,12,base.blocks.11,0.673085
2,1,3,vit_tiny,cifar10,0.03,13,base.norm,0.685083
2,1,3,vit_tiny,cifar10,0.03,14,classifier,0.249701
2,1,4,vit_tiny,cifar10,0.03,0,base.patch_embed,0.922275
2,1,4,vit_tiny,cifar10,0.03,1,base.blocks.0,0.908904
2,1,4,vit_tiny,cifar10,0.03,2,base.blocks.1,0.893008
2,1,4,vit_tiny,cifar10,0.03,3,base.blocks.2,0.870402
2,1,4,vit_tiny,cifar10,0.03,4,base.blocks.3,0.847123
2,1,4,vit_tiny,cifar10,0.03,5,base.blocks.4,0.826247
2,1,4,vit_tiny,cifar10,0.03,6,base.blocks.5,0.801318
2,1,4,vit_tiny,cifar10,0.03,7,base.blocks.6,0.782782
2,1,4,vit_tiny,cifar10,0.03,8,base.blocks.7,0.768865
2,1,4,vit_tiny,cifar10,0.03,9,base.blocks.8,0.746920
2,1,4,vit_tiny,cifar10,0.03,10,base.blocks.9,0.722373
2,1,4,vit_tiny,cifar10,0.03,11,base.blocks.10,0.704183
2,1,4,vit_tiny,cifar10,0.03,12,base.blocks.11,0.686784
2,1,4,vit_tiny,cifar10,0.03,13,base.norm,0.695896
2,1,4,vit_tiny,cifar10,0.03,14,classifier,0.441840
2,1,5,vit_tiny,cifar10,0.03,0,base.patch_embed,0.923188
2,1,5,vit_tiny,cifar10,0.03,1,base.blocks.0,0.911773
2,1,5,vit_tiny,cifar10,0.03,2,base.blocks.1,0.899044
2,1,5,vit_tiny,cifar10,0.03,3,base.blocks.2,0.878690
2,1,5,vit_tiny,cifar10,0.03,4,base.blocks.3,0.858112
2,1,5,vit_tiny,cifar10,0.03,5,base.blocks.4,0.838416
2,1,5,vit_tiny,cifar10,0.03,6,base.blocks.5,0.812724
2,1,5,vit_tiny,cifar10,0.03,7,base.blocks.6,0.794144
2,1,5,vit_tiny,cifar10,0.03,8,base.blocks.7,0.779719
2,1,5,vit_tiny,cifar10,0.03,9,base.blocks.8,0.758961
2,1,5,vit_tiny,cifar10,0.03,10,base.blocks.9,0.735118
2,1,5,vit_tiny,cifar10,0.03,11,base.blocks.10,0.714831
2,1,5,vit_tiny,cifar10,0.03,12,base.blocks.11,0.697243
2,1,5,vit_tiny,cifar10,0.03,13,base.norm,0.688959
2,1,5,vit_tiny,cifar10,0.03,14,classifier,0.666475
2,1,6,vit_tiny,cifar10,0.03,0,base.patch_embed,0.935048
2,1,6,vit_tiny,cifar10,0.03,1,base.blocks.0,0.922096
2,1,6,vit_tiny,cifar10,0.03,2,base.blocks.1,0.907270
2,1,6,vit_tiny,cifar10,0.03,3,base.blocks.2,0.886900
2,1,6,vit_tiny,cifar10,0.03,4,base.blocks.3,0.863057
2,1,6,vit_tiny,cifar10,0.03,5,base.blocks.4,0.841346
2,1,6,vit_tiny,cifar10,0.03,6,base.blocks.5,0.814343
2,1,6,vit_tiny,cifar10,0.03,7,base.blocks.6,0.792372
2,1,6,vit_tiny,cifar10,0.03,8,base.blocks.7,0.774598
2,1,6,vit_tiny,cifar10,0.03,9,base.blocks.8,0.752737
2,1,6,vit_tiny,cifar10,0.03,10,base.blocks.9,0.727198
2,1,6,vit_tiny,cifar10,0.03,11,base.blocks.10,0.704912
2,1,6,vit_tiny,cifar10,0.03,12,base.blocks.11,0.680192
2,1,6,vit_tiny,cifar10,0.03,13,base.norm,0.684079
2,1,6,vit_tiny,cifar10,0.03,14,classifier,0.296520
2,1,7,vit_tiny,cifar10,0.03,0,base.patch_embed,0.950451
2,1,7,vit_tiny,cifar10,0.03,1,base.blocks.0,0.940035
2,1,7,vit_tiny,cifar10,0.03,2,base.blocks.1,0.927549
2,1,7,vit_tiny,cifar10,0.03,3,base.blocks.2,0.910663
2,1,7,vit_tiny,cifar10,0.03,4,base.blocks.3,0.892274
2,1,7,vit_tiny,cifar10,0.03,5,base.blocks.4,0.872229
2,1,7,vit_tiny,cifar10,0.03,6,base.blocks.5,0.848921
2,1,7,vit_tiny,cifar10,0.03,7,base.blocks.6,0.831009
2,1,7,vit_tiny,cifar10,0.03,8,base.blocks.7,0.816038
2,1,7,vit_tiny,cifar10,0.03,9,base.blocks.8,0.797497
2,1,7,vit_tiny,cifar10,0.03,10,base.blocks.9,0.774191
2,1,7,vit_tiny,cifar10,0.03,11,base.blocks.10,0.754017
2,1,7,vit_tiny,cifar10,0.03,12,base.blocks.11,0.736103
2,1,7,vit_tiny,cifar10,0.03,13,base.norm,0.726204
2,1,7,vit_tiny,cifar10,0.03,14,classifier,0.443154
2,1,8,vit_tiny,cifar10,0.03,0,base.patch_embed,0.970733
2,1,8,vit_tiny,cifar10,0.03,1,base.blocks.0,0.966055
2,1,8,vit_tiny,cifar10,0.03,2,base.blocks.1,0.957210
2,1,8,vit_tiny,cifar10,0.03,3,base.blocks.2,0.948662
2,1,8,vit_tiny,cifar10,0.03,4,base.blocks.3,0.936451
2,1,8,vit_tiny,cifar10,0.03,5,base.blocks.4,0.925922
2,1,8,vit_tiny,cifar10,0.03,6,base.blocks.5,0.909769
2,1,8,vit_tiny,cifar10,0.03,7,base.blocks.6,0.899090
2,1,8,vit_tiny,cifar10,0.03,8,base.blocks.7,0.892337
2,1,8,vit_tiny,cifar10,0.03,9,base.blocks.8,0.881528
2,1,8,vit_tiny,cifar10,0.03,10,base.blocks.9,0.869886
2,1,8,vit_tiny,cifar10,0.03,11,base.blocks.10,0.854980
2,1,8,vit_tiny,cifar10,0.03,12,base.blocks.11,0.848351
2,1,8,vit_tiny,cifar10,0.03,13,base.norm,0.874372
2,1,8,vit_tiny,cifar10,0.03,14,classifier,0.723812
2,1,9,vit_tiny,cifar10,0.03,0,base.patch_embed,0.947916
2,1,9,vit_tiny,cifar10,0.03,1,base.blocks.0,0.929859
2,1,9,vit_tiny,cifar10,0.03,2,base.blocks.1,0.905891
2,1,9,vit_tiny,cifar10,0.03,3,base.blocks.2,0.880416
2,1,9,vit_tiny,cifar10,0.03,4,base.blocks.3,0.856924
2,1,9,vit_tiny,cifar10,0.03,5,base.blocks.4,0.835277
2,1,9,vit_tiny,cifar10,0.03,6,base.blocks.5,0.813474
2,1,9,vit_tiny,cifar10,0.03,7,base.blocks.6,0.797369
2,1,9,vit_tiny,cifar10,0.03,8,base.blocks.7,0.783890
2,1,9,vit_tiny,cifar10,0.03,9,base.blocks.8,0.763068
2,1,9,vit_tiny,cifar10,0.03,10,base.blocks.9,0.738817
2,1,9,vit_tiny,cifar10,0.03,11,base.blocks.10,0.720605
2,1,9,vit_tiny,cifar10,0.03,12,base.blocks.11,0.704799
2,1,9,vit_tiny,cifar10,0.03,13,base.norm,0.652522
2,1,9,vit_tiny,cifar10,0.03,14,classifier,0.360559
2,2,3,vit_tiny,cifar10,0.03,0,base.patch_embed,0.996865
2,2,3,vit_tiny,cifar10,0.03,1,base.blocks.0,0.995289
2,2,3,vit_tiny,cifar10,0.03,2,base.blocks.1,0.994470
2,2,3,vit_tiny,cifar10,0.03,3,base.blocks.2,0.993818
2,2,3,vit_tiny,cifar10,0.03,4,base.blocks.3,0.993722
2,2,3,vit_tiny,cifar10,0.03,5,base.blocks.4,0.993209
2,2,3,vit_tiny,cifar10,0.03,6,base.blocks.5,0.992614
2,2,3,vit_tiny,cifar10,0.03,7,base.blocks.6,0.992754
2,2,3,vit_tiny,cifar10,0.03,8,base.blocks.7,0.991782
2,2,3,vit_tiny,cifar10,0.03,9,base.blocks.8,0.991062
2,2,3,vit_tiny,cifar10,0.03,10,base.blocks.9,0.989949
2,2,3,vit_tiny,cifar10,0.03,11,base.blocks.10,0.989315
2,2,3,vit_tiny,cifar10,0.03,12,base.blocks.11,0.987776
2,2,3,vit_tiny,cifar10,0.03,13,base.norm,0.964533
2,2,3,vit_tiny,cifar10,0.03,14,classifier,0.297796
2,2,4,vit_tiny,cifar10,0.03,0,base.patch_embed,0.984993
2,2,4,vit_tiny,cifar10,0.03,1,base.blocks.0,0.982559
2,2,4,vit_tiny,cifar10,0.03,2,base.blocks.1,0.982092
2,2,4,vit_tiny,cifar10,0.03,3,base.blocks.2,0.982121
2,2,4,vit_tiny,cifar10,0.03,4,base.blocks.3,0.983409
2,2,4,vit_tiny,cifar10,0.03,5,base.blocks.4,0.983313
2,2,4,vit_tiny,cifar10,0.03,6,base.blocks.5,0.984471
2,2,4,vit_tiny,cifar10,0.03,7,base.blocks.6,0.984655
2,2,4,vit_tiny,cifar10,0.03,8,base.blocks.7,0.984744
2,2,4,vit_tiny,cifar10,0.03,9,base.blocks.8,0.985081
2,2,4,vit_tiny,cifar10,0.03,10,base.blocks.9,0.983912
2,2,4,vit_tiny,cifar10,0.03,11,base.blocks.10,0.982223
2,2,4,vit_tiny,cifar10,0.03,12,base.blocks.11,0.981551
2,2,4,vit_tiny,cifar10,0.03,13,base.norm,0.962184
2,2,4,vit_tiny,cifar10,0.03,14,classifier,0.750719
2,2,5,vit_tiny,cifar10,0.03,0,base.patch_embed,0.940634
2,2,5,vit_tiny,cifar10,0.03,1,base.blocks.0,0.932292
2,2,5,vit_tiny,cifar10,0.03,2,base.blocks.1,0.933320
2,2,5,vit_tiny,cifar10,0.03,3,base.blocks.2,0.936096
2,2,5,vit_tiny,cifar10,0.03,4,base.blocks.3,0.939617
2,2,5,vit_tiny,cifar10,0.03,5,base.blocks.4,0.942288
2,2,5,vit_tiny,cifar10,0.03,6,base.blocks.5,0.946401
2,2,5,vit_tiny,cifar10,0.03,7,base.blocks.6,0.948053
2,2,5,vit_tiny,cifar10,0.03,8,base.blocks.7,0.952161
2,2,5,vit_tiny,cifar10,0.03,9,base.blocks.8,0.954289
2,2,5,vit_tiny,cifar10,0.03,10,base.blocks.9,0.954750
2,2,5,vit_tiny,cifar10,0.03,11,base.blocks.10,0.953653
2,2,5,vit_tiny,cifar10,0.03,12,base.blocks.11,0.953037
2,2,5,vit_tiny,cifar10,0.03,13,base.norm,0.881454
2,2,5,vit_tiny,cifar10,0.03,14,classifier,0.424857
2,2,6,vit_tiny,cifar10,0.03,0,base.patch_embed,0.992421
2,2,6,vit_tiny,cifar10,0.03,1,base.blocks.0,0.991299
2,2,6,vit_tiny,cifar10,0.03,2,base.blocks.1,0.990454
2,2,6,vit_tiny,cifar10,0.03,3,base.blocks.2,0.990515
2,2,6,vit_tiny,cifar10,0.03,4,base.blocks.3,0.991866
2,2,6,vit_tiny,cifar10,0.03,5,base.blocks.4,0.992307
2,2,6,vit_tiny,cifar10,0.03,6,base.blocks.5,0.992160
2,2,6,vit_tiny,cifar10,0.03,7,base.blocks.6,0.991610
2,2,6,vit_tiny,cifar10,0.03,8,base.blocks.7,0.989839
2,2,6,vit_tiny,cifar10,0.03,9,base.blocks.8,0.987360
2,2,6,vit_tiny,cifar10,0.03,10,base.blocks.9,0.984119
2,2,6,vit_tiny,cifar10,0.03,11,base.blocks.10,0.980136
2,2,6,vit_tiny,cifar10,0.03,12,base.blocks.11,0.974916
2,2,6,vit_tiny,cifar10,0.03,13,base.norm,0.953007
2,2,6,vit_tiny,cifar10,0.03,14,classifier,0.683912
2,2,7,vit_tiny,cifar10,0.03,0,base.patch_embed,0.955999
2,2,7,vit_tiny,cifar10,0.03,1,base.blocks.0,0.951960
2,2,7,vit_tiny,cifar10,0.03,2,base.blocks.1,0.949825
2,2,7,vit_tiny,cifar10,0.03,3,base.blocks.2,0.945502
2,2,7,vit_tiny,cifar10,0.03,4,base.blocks.3,0.942796
2,2,7,vit_tiny,cifar10,0.03,5,base.blocks.4,0.944437
2,2,7,vit_tiny,cifar10,0.03,6,base.blocks.5,0.944614
2,2,7,vit_tiny,cifar10,0.03,7,base.blocks.6,0.945344
2,2,7,vit_tiny,cifar10,0.03,8,base.blocks.7,0.945346
2,2,7,vit_tiny,cifar10,0.03,9,base.blocks.8,0.942626
2,2,7,vit_tiny,cifar10,0.03,10,base.blocks.9,0.939195
2,2,7,vit_tiny,cifar10,0.03,11,base.blocks.10,0.934701
2,2,7,vit_tiny,cifar10,0.03,12,base.blocks.11,0.930935
2,2,7,vit_tiny,cifar10,0.03,13,base.norm,0.867517
2,2,7,vit_tiny,cifar10,0.03,14,classifier,0.219932
2,2,8,vit_tiny,cifar10,0.03,0,base.patch_embed,0.975286
2,2,8,vit_tiny,cifar10,0.03,1,base.blocks.0,0.969247
2,2,8,vit_tiny,cifar10,0.03,2,base.blocks.1,0.965350
2,2,8,vit_tiny,cifar10,0.03,3,base.blocks.2,0.957766
2,2,8,vit_tiny,cifar10,0.03,4,base.blocks.3,0.956541
2,2,8,vit_tiny,cifar10,0.03,5,base.blocks.4,0.954833
2,2,8,vit_tiny,cifar10,0.03,6,base.blocks.5,0.955392
2,2,8,vit_tiny,cifar10,0.03,7,base.blocks.6,0.954153
2,2,8,vit_tiny,cifar10,0.03,8,base.blocks.7,0.952623
2,2,8,vit_tiny,cifar10,0.03,9,base.blocks.8,0.951203
2,2,8,vit_tiny,cifar10,0.03,10,base.blocks.9,0.946100
2,2,8,vit_tiny,cifar10,0.03,11,base.blocks.10,0.944048
2,2,8,vit_tiny,cifar10,0.03,12,base.blocks.11,0.937635
2,2,8,vit_tiny,cifar10,0.03,13,base.norm,0.882268
2,2,8,vit_tiny,cifar10,0.03,14,classifier,0.298805
2,2,9,vit_tiny,cifar10,0.03,0,base.patch_embed,0.969190
2,2,9,vit_tiny,cifar10,0.03,1,base.blocks.0,0.970501
2,2,9,vit_tiny,cifar10,0.03,2,base.blocks.1,0.964217
2,2,9,vit_tiny,cifar10,0.03,3,base.blocks.2,0.954462
2,2,9,vit_tiny,cifar10,0.03,4,base.blocks.3,0.945493
2,2,9,vit_tiny,cifar10,0.03,5,base.blocks.4,0.933768
2,2,9,vit_tiny,cifar10,0.03,6,base.blocks.5,0.925952
2,2,9,vit_tiny,cifar10,0.03,7,base.blocks.6,0.922475
2,2,9,vit_tiny,cifar10,0.03,8,base.blocks.7,0.919241
2,2,9,vit_tiny,cifar10,0.03,9,base.blocks.8,0.916073
2,2,9,vit_tiny,cifar10,0.03,10,base.blocks.9,0.910089
2,2,9,vit_tiny,cifar10,0.03,11,base.blocks.10,0.906054
2,2,9,vit_tiny,cifar10,0.03,12,base.blocks.11,0.902930
2,2,9,vit_tiny,cifar10,0.03,13,base.norm,0.849694
2,2,9,vit_tiny,cifar10,0.03,14,classifier,0.295206
2,3,4,vit_tiny,cifar10,0.03,0,base.patch_embed,0.992052
2,3,4,vit_tiny,cifar10,0.03,1,base.blocks.0,0.992230
2,3,4,vit_tiny,cifar10,0.03,2,base.blocks.1,0.992512
2,3,4,vit_tiny,cifar10,0.03,3,base.blocks.2,0.992067
2,3,4,vit_tiny,cifar10,0.03,4,base.blocks.3,0.991611
2,3,4,vit_tiny,cifar10,0.03,5,base.blocks.4,0.990332
2,3,4,vit_tiny,cifar10,0.03,6,base.blocks.5,0.989445
2,3,4,vit_tiny,cifar10,0.03,7,base.blocks.6,0.987902
2,3,4,vit_tiny,cifar10,0.03,8,base.blocks.7,0.986879
2,3,4,vit_tiny,cifar10,0.03,9,base.blocks.8,0.986229
2,3,4,vit_tiny,cifar10,0.03,10,base.blocks.9,0.985086
2,3,4,vit_tiny,cifar10,0.03,11,base.blocks.10,0.983161
2,3,4,vit_tiny,cifar10,0.03,12,base.blocks.11,0.981244
2,3,4,vit_tiny,cifar10,0.03,13,base.norm,0.963808
2,3,4,vit_tiny,cifar10,0.03,14,classifier,0.454491
2,3,5,vit_tiny,cifar10,0.03,0,base.patch_embed,0.955702
2,3,5,vit_tiny,cifar10,0.03,1,base.blocks.0,0.953419
2,3,5,vit_tiny,cifar10,0.03,2,base.blocks.1,0.956886
2,3,5,vit_tiny,cifar10,0.03,3,base.blocks.2,0.959447
2,3,5,vit_tiny,cifar10,0.03,4,base.blocks.3,0.960686
2,3,5,vit_tiny,cifar10,0.03,5,base.blocks.4,0.960950
2,3,5,vit_tiny,cifar10,0.03,6,base.blocks.5,0.962389
2,3,5,vit_tiny,cifar10,0.03,7,base.blocks.6,0.961131
2,3,5,vit_tiny,cifar10,0.03,8,base.blocks.7,0.963901
2,3,5,vit_tiny,cifar10,0.03,9,base.blocks.8,0.964722
2,3,5,vit_tiny,cifar10,0.03,10,base.blocks.9,0.964658
2,3,5,vit_tiny,cifar10,0.03,11,base.blocks.10,0.963412
2,3,5,vit_tiny,cifar10,0.03,12,base.blocks.11,0.961684
2,3,5,vit_tiny,cifar10,0.03,13,base.norm,0.935685
2,3,5,vit_tiny,cifar10,0.03,14,classifier,0.533321
2,3,6,vit_tiny,cifar10,0.03,0,base.patch_embed,0.997972
2,3,6,vit_tiny,cifar10,0.03,1,base.blocks.0,0.998482
2,3,6,vit_tiny,cifar10,0.03,2,base.blocks.1,0.998425
2,3,6,vit_tiny,cifar10,0.03,3,base.blocks.2,0.998137
2,3,6,vit_tiny,cifar10,0.03,4,base.blocks.3,0.997946
2,3,6,vit_tiny,cifar10,0.03,5,base.blocks.4,0.997600
2,3,6,vit_tiny,cifar10,0.03,6,base.blocks.5,0.997738
2,3,6,vit_tiny,cifar10,0.03,7,base.blocks.6,0.997385
2,3,6,vit_tiny,cifar10,0.03,8,base.blocks.7,0.996936
2,3,6,vit_tiny,cifar10,0.03,9,base.blocks.8,0.995952
2,3,6,vit_tiny,cifar10,0.03,10,base.blocks.9,0.994603
2,3,6,vit_tiny,cifar10,0.03,11,base.blocks.10,0.993165
2,3,6,vit_tiny,cifar10,0.03,12,base.blocks.11,0.991455
2,3,6,vit_tiny,cifar10,0.03,13,base.norm,0.988884
2,3,6,vit_tiny,cifar10,0.03,14,classifier,0.213224
2,3,7,vit_tiny,cifar10,0.03,0,base.patch_embed,0.965328
2,3,7,vit_tiny,cifar10,0.03,1,base.blocks.0,0.966332
2,3,7,vit_tiny,cifar10,0.03,2,base.blocks.1,0.965798
2,3,7,vit_tiny,cifar10,0.03,3,base.blocks.2,0.961609
2,3,7,vit_tiny,cifar10,0.03,4,base.blocks.3,0.956231
2,3,7,vit_tiny,cifar10,0.03,5,base.blocks.4,0.954122
2,3,7,vit_tiny,cifar10,0.03,6,base.blocks.5,0.951466
2,3,7,vit_tiny,cifar10,0.03,7,base.blocks.6,0.950175
2,3,7,vit_tiny,cifar10,0.03,8,base.blocks.7,0.948654
2,3,7,vit_tiny,cifar10,0.03,9,base.blocks.8,0.945473
2,3,7,vit_tiny,cifar10,0.03,10,base.blocks.9,0.943298
2,3,7,vit_tiny,cifar10,0.03,11,base.blocks.10,0.941890
2,3,7,vit_tiny,cifar10,0.03,12,base.blocks.11,0.939996
2,3,7,vit_tiny,cifar10,0.03,13,base.norm,0.916118
2,3,7,vit_tiny,cifar10,0.03,14,classifier,0.695099
2,3,8,vit_tiny,cifar10,0.03,0,base.patch_embed,0.982902
2,3,8,vit_tiny,cifar10,0.03,1,base.blocks.0,0.979764
2,3,8,vit_tiny,cifar10,0.03,2,base.blocks.1,0.977493
2,3,8,vit_tiny,cifar10,0.03,3,base.blocks.2,0.970535
2,3,8,vit_tiny,cifar10,0.03,4,base.blocks.3,0.966070
2,3,8,vit_tiny,cifar10,0.03,5,base.blocks.4,0.961038
2,3,8,vit_tiny,cifar10,0.03,6,base.blocks.5,0.958589
2,3,8,vit_tiny,cifar10,0.03,7,base.blocks.6,0.955603
2,3,8,vit_tiny,cifar10,0.03,8,base.blocks.7,0.952406
2,3,8,vit_tiny,cifar10,0.03,9,base.blocks.8,0.949578
2,3,8,vit_tiny,cifar10,0.03,10,base.blocks.9,0.942931
2,3,8,vit_tiny,cifar10,0.03,11,base.blocks.10,0.941004
2,3,8,vit_tiny,cifar10,0.03,12,base.blocks.11,0.932345
2,3,8,vit_tiny,cifar10,0.03,13,base.norm,0.895241
2,3,8,vit_tiny,cifar10,0.03,14,classifier,0.296117
2,3,9,vit_tiny,cifar10,0.03,0,base.patch_embed,0.970210
2,3,9,vit_tiny,cifar10,0.03,1,base.blocks.0,0.975196
2,3,9,vit_tiny,cifar10,0.03,2,base.blocks.1,0.968476
2,3,9,vit_tiny,cifar10,0.03,3,base.blocks.2,0.957793
2,3,9,vit_tiny,cifar10,0.03,4,base.blocks.3,0.947341
2,3,9,vit_tiny,cifar10,0.03,5,base.blocks.4,0.934039
2,3,9,vit_tiny,cifar10,0.03,6,base.blocks.5,0.924797
2,3,9,vit_tiny,cifar10,0.03,7,base.blocks.6,0.921235
2,3,9,vit_tiny,cifar10,0.03,8,base.blocks.7,0.916593
2,3,9,vit_tiny,cifar10,0.03,9,base.blocks.8,0.913258
2,3,9,vit_tiny,cifar10,0.03,10,base.blocks.9,0.905480
2,3,9,vit_tiny,cifar10,0.03,11,base.blocks.10,0.901195
2,3,9,vit_tiny,cifar10,0.03,12,base.blocks.11,0.895801
2,3,9,vit_tiny,cifar10,0.03,13,base.norm,0.812028
2,3,9,vit_tiny,cifar10,0.03,14,classifier,0.515866
2,4,5,vit_tiny,cifar10,0.03,0,base.patch_embed,0.982844
2,4,5,vit_tiny,cifar10,0.03,1,base.blocks.0,0.980302
2,4,5,vit_tiny,cifar10,0.03,2,base.blocks.1,0.980901
2,4,5,vit_tiny,cifar10,0.03,3,base.blocks.2,0.982038
2,4,5,vit_tiny,cifar10,0.03,4,base.blocks.3,0.981611
2,4,5,vit_tiny,cifar10,0.03,5,base.blocks.4,0.982482
2,4,5,vit_tiny,cifar10,0.03,6,base.blocks.5,0.982608
2,4,5,vit_tiny,cifar10,0.03,7,base.blocks.6,0.982732
2,4,5,vit_tiny,cifar10,0.03,8,base.blocks.7,0.984356
2,4,5,vit_tiny,cifar10,0.03,9,base.blocks.8,0.984417
2,4,5,vit_tiny,cifar10,0.03,10,base.blocks.9,0.985276
2,4,5,vit_tiny,cifar10,0.03,11,base.blocks.10,0.985717
2,4,5,vit_tiny,cifar10,0.03,12,base.blocks.11,0.985324
2,4,5,vit_tiny,cifar10,0.03,13,base.norm,0.950091
2,4,5,vit_tiny,cifar10,0.03,14,classifier,0.769195
2,4,6,vit_tiny,cifar10,0.03,0,base.patch_embed,0.996803
2,4,6,vit_tiny,cifar10,0.03,1,base.blocks.0,0.995832
2,4,6,vit_tiny,cifar10,0.03,2,base.blocks.1,0.995826
2,4,6,vit_tiny,cifar10,0.03,3,base.blocks.2,0.995314
2,4,6,vit_tiny,cifar10,0.03,4,base.blocks.3,0.994707
2,4,6,vit_tiny,cifar10,0.03,5,base.blocks.4,0.993346
2,4,6,vit_tiny,cifar10,0.03,6,base.blocks.5,0.991901
2,4,6,vit_tiny,cifar10,0.03,7,base.blocks.6,0.989786
2,4,6,vit_tiny,cifar10,0.03,8,base.blocks.7,0.988370
2,4,6,vit_tiny,cifar10,0.03,9,base.blocks.8,0.986333
2,4,6,vit_tiny,cifar10,0.03,10,base.blocks.9,0.984301
2,4,6,vit_tiny,cifar10,0.03,11,base.blocks.10,0.980475
2,4,6,vit_tiny,cifar10,0.03,12,base.blocks.11,0.976159
2,4,6,vit_tiny,cifar10,0.03,13,base.norm,0.964207
2,4,6,vit_tiny,cifar10,0.03,14,classifier,0.781610
2,4,7,vit_tiny,cifar10,0.03,0,base.patch_embed,0.984370
2,4,7,vit_tiny,cifar10,0.03,1,base.blocks.0,0.982306
2,4,7,vit_tiny,cifar10,0.03,2,base.blocks.1,0.978571
2,4,7,vit_tiny,cifar10,0.03,3,base.blocks.2,0.972933
2,4,7,vit_tiny,cifar10,0.03,4,base.blocks.3,0.966872
2,4,7,vit_tiny,cifar10,0.03,5,base.blocks.4,0.964261
2,4,7,vit_tiny,cifar10,0.03,6,base.blocks.5,0.959919
2,4,7,vit_tiny,cifar10,0.03,7,base.blocks.6,0.956998
2,4,7,vit_tiny,cifar10,0.03,8,base.blocks.7,0.955126
2,4,7,vit_tiny,cifar10,0.03,9,base.blocks.8,0.949617
2,4,7,vit_tiny,cifar10,0.03,10,base.blocks.9,0.945800
2,4,7,vit_tiny,cifar10,0.03,11,base.blocks.10,0.942639
2,4,7,vit_tiny,cifar10,0.03,12,base.blocks.11,0.940661
2,4,7,vit_tiny,cifar10,0.03,13,base.norm,0.887981
2,4,7,vit_tiny,cifar10,0.03,14,classifier,0.331735
2,4,8,vit_tiny,cifar10,0.03,0,base.patch_embed,0.987047
2,4,8,vit_tiny,cifar10,0.03,1,base.blocks.0,0.983849
2,4,8,vit_tiny,cifar10,0.03,2,base.blocks.1,0.982140
2,4,8,vit_tiny,cifar10,0.03,3,base.blocks.2,0.977115
2,4,8,vit_tiny,cifar10,0.03,4,base.blocks.3,0.974083
2,4,8,vit_tiny,cifar10,0.03,5,base.blocks.4,0.970828
2,4,8,vit_tiny,cifar10,0.03,6,base.blocks.5,0.968578
2,4,8,vit_tiny,cifar10,0.03,7,base.blocks.6,0.967136
2,4,8,vit_tiny,cifar10,0.03,8,base.blocks.7,0.965289
2,4,8,vit_tiny,cifar10,0.03,9,base.blocks.8,0.961165
2,4,8,vit_tiny,cifar10,0.03,10,base.blocks.9,0.956114
2,4,8,vit_tiny,cifar10,0.03,11,base.blocks.10,0.955341
2,4,8,vit_tiny,cifar10,0.03,12,base.blocks.11,0.949802
2,4,8,vit_tiny,cifar10,0.03,13,base.norm,0.900533
2,4,8,vit_tiny,cifar10,0.03,14,classifier,0.268664
2,4,9,vit_tiny,cifar10,0.03,0,base.patch_embed,0.976016
2,4,9,vit_tiny,cifar10,0.03,1,base.blocks.0,0.975653
2,4,9,vit_tiny,cifar10,0.03,2,base.blocks.1,0.966677
2,4,9,vit_tiny,cifar10,0.03,3,base.blocks.2,0.955381
2,4,9,vit_tiny,cifar10,0.03,4,base.blocks.3,0.945683
2,4,9,vit_tiny,cifar10,0.03,5,base.blocks.4,0.933139
2,4,9,vit_tiny,cifar10,0.03,6,base.blocks.5,0.924606
2,4,9,vit_tiny,cifar10,0.03,7,base.blocks.6,0.921092
2,4,9,vit_tiny,cifar10,0.03,8,base.blocks.7,0.916632
2,4,9,vit_tiny,cifar10,0.03,9,base.blocks.8,0.912828
2,4,9,vit_tiny,cifar10,0.03,10,base.blocks.9,0.903741
2,4,9,vit_tiny,cifar10,0.03,11,base.blocks.10,0.898255
2,4,9,vit_tiny,cifar10,0.03,12,base.blocks.11,0.893477
2,4,9,vit_tiny,cifar10,0.03,13,base.norm,0.825683
2,4,9,vit_tiny,cifar10,0.03,14,classifier,0.529615
2,5,6,vit_tiny,cifar10,0.03,0,base.patch_embed,0.971052
2,5,6,vit_tiny,cifar10,0.03,1,base.blocks.0,0.965607
2,5,6,vit_tiny,cifar10,0.03,2,base.blocks.1,0.968059
2,5,6,vit_tiny,cifar10,0.03,3,base.blocks.2,0.968992
2,5,6,vit_tiny,cifar10,0.03,4,base.blocks.3,0.968239
2,5,6,vit_tiny,cifar10,0.03,5,base.blocks.4,0.967140
2,5,6,vit_tiny,cifar10,0.03,6,base.blocks.5,0.966933
2,5,6,vit_tiny,cifar10,0.03,7,base.blocks.6,0.964472
2,5,6,vit_tiny,cifar10,0.03,8,base.blocks.7,0.966933
2,5,6,vit_tiny,cifar10,0.03,9,base.blocks.8,0.966209
2,5,6,vit_tiny,cifar10,0.03,10,base.blocks.9,0.965342
2,5,6,vit_tiny,cifar10,0.03,11,base.blocks.10,0.961728
2,5,6,vit_tiny,cifar10,0.03,12,base.blocks.11,0.957401
2,5,6,vit_tiny,cifar10,0.03,13,base.norm,0.941372
2,5,6,vit_tiny,cifar10,0.03,14,classifier,0.584548
2,5,7,vit_tiny,cifar10,0.03,0,base.patch_embed,0.992303
2,5,7,vit_tiny,cifar10,0.03,1,base.blocks.0,0.990187
2,5,7,vit_tiny,cifar10,0.03,2,base.blocks.1,0.987210
2,5,7,vit_tiny,cifar10,0.03,3,base.blocks.2,0.982919
2,5,7,vit_tiny,cifar10,0.03,4,base.blocks.3,0.978580
2,5,7,vit_tiny,cifar10,0.03,5,base.blocks.4,0.973736
2,5,7,vit_tiny,cifar10,0.03,6,base.blocks.5,0.968894
2,5,7,vit_tiny,cifar10,0.03,7,base.blocks.6,0.963467
2,5,7,vit_tiny,cifar10,0.03,8,base.blocks.7,0.960420
2,5,7,vit_tiny,cifar10,0.03,9,base.blocks.8,0.954823
2,5,7,vit_tiny,cifar10,0.03,10,base.blocks.9,0.950263
2,5,7,vit_tiny,cifar10,0.03,11,base.blocks.10,0.944963
2,5,7,vit_tiny,cifar10,0.03,12,base.blocks.11,0.941511
2,5,7,vit_tiny,cifar10,0.03,13,base.norm,0.893856
2,5,7,vit_tiny,cifar10,0.03,14,classifier,0.472817
2,5,8,vit_tiny,cifar10,0.03,0,base.patch_embed,0.977045
2,5,8,vit_tiny,cifar10,0.03,1,base.blocks.0,0.974172
2,5,8,vit_tiny,cifar10,0.03,2,base.blocks.1,0.976231
2,5,8,vit_tiny,cifar10,0.03,3,base.blocks.2,0.975513
2,5,8,vit_tiny,cifar10,0.03,4,base.blocks.3,0.973876
2,5,8,vit_tiny,cifar10,0.03,5,base.blocks.4,0.970839
2,5,8,vit_tiny,cifar10,0.03,6,base.blocks.5,0.969122
2,5,8,vit_tiny,cifar10,0.03,7,base.blocks.6,0.967638
2,5,8,vit_tiny,cifar10,0.03,8,base.blocks.7,0.966478
2,5,8,vit_tiny,cifar10,0.03,9,base.blocks.8,0.963826
2,5,8,vit_tiny,cifar10,0.03,10,base.blocks.9,0.959148
2,5,8,vit_tiny,cifar10,0.03,11,base.blocks.10,0.956680
2,5,8,vit_tiny,cifar10,0.03,12,base.blocks.11,0.951669
2,5,8,vit_tiny,cifar10,0.03,13,base.norm,0.876571
2,5,8,vit_tiny,cifar10,0.03,14,classifier,0.374916
2,5,9,vit_tiny,cifar10,0.03,0,base.patch_embed,0.957163
2,5,9,vit_tiny,cifar10,0.03,1,base.blocks.0,0.948310
2,5,9,vit_tiny,cifar10,0.03,2,base.blocks.1,0.936348
2,5,9,vit_tiny,cifar10,0.03,3,base.blocks.2,0.924423
2,5,9,vit_tiny,cifar10,0.03,4,base.blocks.3,0.914637
2,5,9,vit_tiny,cifar10,0.03,5,base.blocks.4,0.903399
2,5,9,vit_tiny,cifar10,0.03,6,base.blocks.5,0.895744
2,5,9,vit_tiny,cifar10,0.03,7,base.blocks.6,0.892860
2,5,9,vit_tiny,cifar10,0.03,8,base.blocks.7,0.889597
2,5,9,vit_tiny,cifar10,0.03,9,base.blocks.8,0.887113
2,5,9,vit_tiny,cifar10,0.03,10,base.blocks.9,0.877713
2,5,9,vit_tiny,cifar10,0.03,11,base.blocks.10,0.870819
2,5,9,vit_tiny,cifar10,0.03,12,base.blocks.11,0.864816
2,5,9,vit_tiny,cifar10,0.03,13,base.norm,0.720265
2,5,9,vit_tiny,cifar10,0.03,14,classifier,0.381721
2,6,7,vit_tiny,cifar10,0.03,0,base.patch_embed,0.979491
2,6,7,vit_tiny,cifar10,0.03,1,base.blocks.0,0.977973
2,6,7,vit_tiny,cifar10,0.03,2,base.blocks.1,0.977301
2,6,7,vit_tiny,cifar10,0.03,3,base.blocks.2,0.973488
2,6,7,vit_tiny,cifar10,0.03,4,base.blocks.3,0.968100
2,6,7,vit_tiny,cifar10,0.03,5,base.blocks.4,0.965764
2,6,7,vit_tiny,cifar10,0.03,6,base.blocks.5,0.961854
2,6,7,vit_tiny,cifar10,0.03,7,base.blocks.6,0.959178
2,6,7,vit_tiny,cifar10,0.03,8,base.blocks.7,0.957396
2,6,7,vit_tiny,cifar10,0.03,9,base.blocks.8,0.953098
2,6,7,vit_tiny,cifar10,0.03,10,base.blocks.9,0.950694
2,6,7,vit_tiny,cifar10,0.03,11,base.blocks.10,0.947652
2,6,7,vit_tiny,cifar10,0.03,12,base.blocks.11,0.944246
2,6,7,vit_tiny,cifar10,0.03,13,base.norm,0.908564
2,6,7,vit_tiny,cifar10,0.03,14,classifier,0.283644
2,6,8,vit_tiny,cifar10,0.03,0,base.patch_embed,0.991019
2,6,8,vit_tiny,cifar10,0.03,1,base.blocks.0,0.987954
2,6,8,vit_tiny,cifar10,0.03,2,base.blocks.1,0.986397
2,6,8,vit_tiny,cifar10,0.03,3,base.blocks.2,0.981546
2,6,8,vit_tiny,cifar10,0.03,4,base.blocks.3,0.977972
2,6,8,vit_tiny,cifar10,0.03,5,base.blocks.4,0.973989
2,6,8,vit_tiny,cifar10,0.03,6,base.blocks.5,0.970245
2,6,8,vit_tiny,cifar10,0.03,7,base.blocks.6,0.966336
2,6,8,vit_tiny,cifar10,0.03,8,base.blocks.7,0.962238
2,6,8,vit_tiny,cifar10,0.03,9,base.blocks.8,0.956901
2,6,8,vit_tiny,cifar10,0.03,10,base.blocks.9,0.949849
2,6,8,vit_tiny,cifar10,0.03,11,base.blocks.10,0.945049
2,6,8,vit_tiny,cifar10,0.03,12,base.blocks.11,0.932709
2,6,8,vit_tiny,cifar10,0.03,13,base.norm,0.882087
2,6,8,vit_tiny,cifar10,0.03,14,classifier,0.184387
2,6,9,vit_tiny,cifar10,0.03,0,base.patch_embed,0.978808
2,6,9,vit_tiny,cifar10,0.03,1,base.blocks.0,0.982294
2,6,9,vit_tiny,cifar10,0.03,2,base.blocks.1,0.975959
2,6,9,vit_tiny,cifar10,0.03,3,base.blocks.2,0.967798
2,6,9,vit_tiny,cifar10,0.03,4,base.blocks.3,0.959828
2,6,9,vit_tiny,cifar10,0.03,5,base.blocks.4,0.949034
2,6,9,vit_tiny,cifar10,0.03,6,base.blocks.5,0.939855
2,6,9,vit_tiny,cifar10,0.03,7,base.blocks.6,0.936107
2,6,9,vit_tiny,cifar10,0.03,8,base.blocks.7,0.929721
2,6,9,vit_tiny,cifar10,0.03,9,base.blocks.8,0.924072
2,6,9,vit_tiny,cifar10,0.03,10,base.blocks.9,0.914864
2,6,9,vit_tiny,cifar10,0.03,11,base.blocks.10,0.906917
2,6,9,vit_tiny,cifar10,0.03,12,base.blocks.11,0.897588
2,6,9,vit_tiny,cifar10,0.03,13,base.norm,0.806069
2,6,9,vit_tiny,cifar10,0.03,14,classifier,0.453090
2,7,8,vit_tiny,cifar10,0.03,0,base.patch_embed,0.991309
2,7,8,vit_tiny,cifar10,0.03,1,base.blocks.0,0.991117
2,7,8,vit_tiny,cifar10,0.03,2,base.blocks.1,0.991311
2,7,8,vit_tiny,cifar10,0.03,3,base.blocks.2,0.989747
2,7,8,vit_tiny,cifar10,0.03,4,base.blocks.3,0.987645
2,7,8,vit_tiny,cifar10,0.03,5,base.blocks.4,0.985614
2,7,8,vit_tiny,cifar10,0.03,6,base.blocks.5,0.983977
2,7,8,vit_tiny,cifar10,0.03,7,base.blocks.6,0.981540
2,7,8,vit_tiny,cifar10,0.03,8,base.blocks.7,0.979069
2,7,8,vit_tiny,cifar10,0.03,9,base.blocks.8,0.976286
2,7,8,vit_tiny,cifar10,0.03,10,base.blocks.9,0.972477
2,7,8,vit_tiny,cifar10,0.03,11,base.blocks.10,0.969402
2,7,8,vit_tiny,cifar10,0.03,12,base.blocks.11,0.964814
2,7,8,vit_tiny,cifar10,0.03,13,base.norm,0.915363
2,7,8,vit_tiny,cifar10,0.03,14,classifier,0.518532
2,7,9,vit_tiny,cifar10,0.03,0,base.patch_embed,0.981853
2,7,9,vit_tiny,cifar10,0.03,1,base.blocks.0,0.975041
2,7,9,vit_tiny,cifar10,0.03,2,base.blocks.1,0.965683
2,7,9,vit_tiny,cifar10,0.03,3,base.blocks.2,0.955063
2,7,9,vit_tiny,cifar10,0.03,4,base.blocks.3,0.946604
2,7,9,vit_tiny,cifar10,0.03,5,base.blocks.4,0.941983
2,7,9,vit_tiny,cifar10,0.03,6,base.blocks.5,0.936058
2,7,9,vit_tiny,cifar10,0.03,7,base.blocks.6,0.934177
2,7,9,vit_tiny,cifar10,0.03,8,base.blocks.7,0.928942
2,7,9,vit_tiny,cifar10,0.03,9,base.blocks.8,0.923677
2,7,9,vit_tiny,cifar10,0.03,10,base.blocks.9,0.914340
2,7,9,vit_tiny,cifar10,0.03,11,base.blocks.10,0.905380
2,7,9,vit_tiny,cifar10,0.03,12,base.blocks.11,0.896496
2,7,9,vit_tiny,cifar10,0.03,13,base.norm,0.773901
2,7,9,vit_tiny,cifar10,0.03,14,classifier,0.561565
2,8,9,vit_tiny,cifar10,0.03,0,base.patch_embed,0.986440
2,8,9,vit_tiny,cifar10,0.03,1,base.blocks.0,0.983646
2,8,9,vit_tiny,cifar10,0.03,2,base.blocks.1,0.974141
2,8,9,vit_tiny,cifar10,0.03,3,base.blocks.2,0.962836
2,8,9,vit_tiny,cifar10,0.03,4,base.blocks.3,0.956007
2,8,9,vit_tiny,cifar10,0.03,5,base.blocks.4,0.949207
2,8,9,vit_tiny,cifar10,0.03,6,base.blocks.5,0.944240
2,8,9,vit_tiny,cifar10,0.03,7,base.blocks.6,0.941375
2,8,9,vit_tiny,cifar10,0.03,8,base.blocks.7,0.935729
2,8,9,vit_tiny,cifar10,0.03,9,base.blocks.8,0.930257
2,8,9,vit_tiny,cifar10,0.03,10,base.blocks.9,0.922611
2,8,9,vit_tiny,cifar10,0.03,11,base.blocks.10,0.919572
2,8,9,vit_tiny,cifar10,0.03,12,base.blocks.11,0.912122
2,8,9,vit_tiny,cifar10,0.03,13,base.norm,0.827460
2,8,9,vit_tiny,cifar10,0.03,14,classifier,0.352035
5,0,1,vit_tiny,cifar10,0.03,0,base.patch_embed,0.826912
5,0,1,vit_tiny,cifar10,0.03,1,base.blocks.0,0.822293
5,0,1,vit_tiny,cifar10,0.03,2,base.blocks.1,0.811329
5,0,1,vit_tiny,cifar10,0.03,3,base.blocks.2,0.781173
5,0,1,vit_tiny,cifar10,0.03,4,base.blocks.3,0.749903
5,0,1,vit_tiny,cifar10,0.03,5,base.blocks.4,0.717078
5,0,1,vit_tiny,cifar10,0.03,6,base.blocks.5,0.693803
5,0,1,vit_tiny,cifar10,0.03,7,base.blocks.6,0.676947
5,0,1,vit_tiny,cifar10,0.03,8,base.blocks.7,0.659202
5,0,1,vit_tiny,cifar10,0.03,9,base.blocks.8,0.645268
5,0,1,vit_tiny,cifar10,0.03,10,base.blocks.9,0.633310
5,0,1,vit_tiny,cifar10,0.03,11,base.blocks.10,0.616581
5,0,1,vit_tiny,cifar10,0.03,12,base.blocks.11,0.601412
5,0,1,vit_tiny,cifar10,0.03,13,base.norm,0.642643
5,0,1,vit_tiny,cifar10,0.03,14,classifier,0.384900
5,0,2,vit_tiny,cifar10,0.03,0,base.patch_embed,0.992163
5,0,2,vit_tiny,cifar10,0.03,1,base.blocks.0,0.986960
5,0,2,vit_tiny,cifar10,0.03,2,base.blocks.1,0.984110
5,0,2,vit_tiny,cifar10,0.03,3,base.blocks.2,0.982042
5,0,2,vit_tiny,cifar10,0.03,4,base.blocks.3,0.979987
5,0,2,vit_tiny,cifar10,0.03,5,base.blocks.4,0.978201
5,0,2,vit_tiny,cifar10,0.03,6,base.blocks.5,0.976671
5,0,2,vit_tiny,cifar10,0.03,7,base.blocks.6,0.976338
5,0,2,vit_tiny,cifar10,0.03,8,base.blocks.7,0.974531
5,0,2,vit_tiny,cifar10,0.03,9,base.blocks.8,0.972424
5,0,2,vit_tiny,cifar10,0.03,10,base.blocks.9,0.968851
5,0,2,vit_tiny,cifar10,0.03,11,base.blocks.10,0.966893
5,0,2,vit_tiny,cifar10,0.03,12,base.blocks.11,0.964127
5,0,2,vit_tiny,cifar10,0.03,13,base.norm,0.914674
5,0,2,vit_tiny,cifar10,0.03,14,classifier,0.226980
5,0,3,vit_tiny,cifar10,0.03,0,base.patch_embed,0.985707
5,0,3,vit_tiny,cifar10,0.03,1,base.blocks.0,0.980722
5,0,3,vit_tiny,cifar10,0.03,2,base.blocks.1,0.975477
5,0,3,vit_tiny,cifar10,0.03,3,base.blocks.2,0.971100
5,0,3,vit_tiny,cifar10,0.03,4,base.blocks.3,0.967831
5,0,3,vit_tiny,cifar10,0.03,5,base.blocks.4,0.963555
5,0,3,vit_tiny,cifar10,0.03,6,base.blocks.5,0.959311
5,0,3,vit_tiny,cifar10,0.03,7,base.blocks.6,0.958000
5,0,3,vit_tiny,cifar10,0.03,8,base.blocks.7,0.954961
5,0,3,vit_tiny,cifar10,0.03,9,base.blocks.8,0.952286
5,0,3,vit_tiny,cifar10,0.03,10,base.blocks.9,0.948778
5,0,3,vit_tiny,cifar10,0.03,11,base.blocks.10,0.948059
5,0,3,vit_tiny,cifar10,0.03,12,base.blocks.11,0.947040
5,0,3,vit_tiny,cifar10,0.03,13,base.norm,0.917971
5,0,3,vit_tiny,cifar10,0.03,14,classifier,0.121899
5,0,4,vit_tiny,cifar10,0.03,0,base.patch_embed,0.982038
5,0,4,vit_tiny,cifar10,0.03,1,base.blocks.0,0.971315
5,0,4,vit_tiny,cifar10,0.03,2,base.blocks.1,0.965700
5,0,4,vit_tiny,cifar10,0.03,3,base.blocks.2,0.960002
5,0,4,vit_tiny,cifar10,0.03,4,base.blocks.3,0.955432
5,0,4,vit_tiny,cifar10,0.03,5,base.blocks.4,0.951803
5,0,4,vit_tiny,cifar10,0.03,6,base.blocks.5,0.947448
5,0,4,vit_tiny,cifar10,0.03,7,base.blocks.6,0.945685
5,0,4,vit_tiny,cifar10,0.03,8,base.blocks.7,0.945365
5,0,4,vit_tiny,cifar10,0.03,9,base.blocks.8,0.944523
5,0,4,vit_tiny,cifar10,0.03,10,base.blocks.9,0.942291
5,0,4,vit_tiny,cifar10,0.03,11,base.blocks.10,0.942270
5,0,4,vit_tiny,cifar10,0.03,12,base.blocks.11,0.942565
5,0,4,vit_tiny,cifar10,0.03,13,base.norm,0.902523
5,0,4,vit_tiny,cifar10,0.03,14,classifier,0.742088
5,0,5,vit_tiny,cifar10,0.03,0,base.patch_embed,0.983024
5,0,5,vit_tiny,cifar10,0.03,1,base.blocks.0,0.979569
5,0,5,vit_tiny,cifar10,0.03,2,base.blocks.1,0.974923
5,0,5,vit_tiny,cifar10,0.03,3,base.blocks.2,0.970088
5,0,5,vit_tiny,cifar10,0.03,4,base.blocks.3,0.966111
5,0,5,vit_tiny,cifar10,0.03,5,base.blocks.4,0.961067
5,0,5,vit_tiny,cifar10,0.03,6,base.blocks.5,0.954832
5,0,5,vit_tiny,cifar10,0.03,7,base.blocks.6,0.948724
5,0,5,vit_tiny,cifar10,0.03,8,base.blocks.7,0.943600
5,0,5,vit_tiny,cifar10,0.03,9,base.blocks.8,0.937536
5,0,5,vit_tiny,cifar10,0.03,10,base.blocks.9,0.932173
5,0,5,vit_tiny,cifar10,0.03,11,base.blocks.10,0.925486
5,0,5,vit_tiny,cifar10,0.03,12,base.blocks.11,0.918996
5,0,5,vit_tiny,cifar10,0.03,13,base.norm,0.847126
5,0,5,vit_tiny,cifar10,0.03,14,classifier,0.392307
5,0,6,vit_tiny,cifar10,0.03,0,base.patch_embed,0.967408
5,0,6,vit_tiny,cifar10,0.03,1,base.blocks.0,0.951038
5,0,6,vit_tiny,cifar10,0.03,2,base.blocks.1,0.940036
5,0,6,vit_tiny,cifar10,0.03,3,base.blocks.2,0.927890
5,0,6,vit_tiny,cifar10,0.03,4,base.blocks.3,0.919443
5,0,6,vit_tiny,cifar10,0.03,5,base.blocks.4,0.907182
5,0,6,vit_tiny,cifar10,0.03,6,base.blocks.5,0.897054
5,0,6,vit_tiny,cifar10,0.03,7,base.blocks.6,0.890696
5,0,6,vit_tiny,cifar10,0.03,8,base.blocks.7,0.883934
5,0,6,vit_tiny,cifar10,0.03,9,base.blocks.8,0.876374
5,0,6,vit_tiny,cifar10,0.03,10,base.blocks.9,0.870137
5,0,6,vit_tiny,cifar10,0.03,11,base.blocks.10,0.866249
5,0,6,vit_tiny,cifar10,0.03,12,base.blocks.11,0.861908
5,0,6,vit_tiny,cifar10,0.03,13,base.norm,0.853910
5,0,6,vit_tiny,cifar10,0.03,14,classifier,0.300066
5,0,7,vit_tiny,cifar10,0.03,0,base.patch_embed,0.970884
5,0,7,vit_tiny,cifar10,0.03,1,base.blocks.0,0.962694
5,0,7,vit_tiny,cifar10,0.03,2,base.blocks.1,0.951375
5,0,7,vit_tiny,cifar10,0.03,3,base.blocks.2,0.941687
5,0,7,vit_tiny,cifar10,0.03,4,base.blocks.3,0.931254
5,0,7,vit_tiny,cifar10,0.03,5,base.blocks.4,0.925848
5,0,7,vit_tiny,cifar10,0.03,6,base.blocks.5,0.921205
5,0,7,vit_tiny,cifar10,0.03,7,base.blocks.6,0.921283
5,0,7,vit_tiny,cifar10,0.03,8,base.blocks.7,0.920016
5,0,7,vit_tiny,cifar10,0.03,9,base.blocks.8,0.919165
5,0,7,vit_tiny,cifar10,0.03,10,base.blocks.9,0.914603
5,0,7,vit_tiny,cifar10,0.03,11,base.blocks.10,0.911856
5,0,7,vit_tiny,cifar10,0.03,12,base.blocks.11,0.913102
5,0,7,vit_tiny,cifar10,0.03,13,base.norm,0.850637
5,0,7,vit_tiny,cifar10,0.03,14,classifier,0.368392
5,0,8,vit_tiny,cifar10,0.03,0,base.patch_embed,0.984362
5,0,8,vit_tiny,cifar10,0.03,1,base.blocks.0,0.978298
5,0,8,vit_tiny,cifar10,0.03,2,base.blocks.1,0.972322
5,0,8,vit_tiny,cifar10,0.03,3,base.blocks.2,0.967007
5,0,8,vit_tiny,cifar10,0.03,4,base.blocks.3,0.961975
5,0,8,vit_tiny,cifar10,0.03,5,base.blocks.4,0.954514
5,0,8,vit_tiny,cifar10,0.03,6,base.blocks.5,0.949476
5,0,8,vit_tiny,cifar10,0.03,7,base.blocks.6,0.946186
5,0,8,vit_tiny,cifar10,0.03,8,base.blocks.7,0.943912
5,0,8,vit_tiny,cifar10,0.03,9,base.blocks.8,0.940276
5,0,8,vit_tiny,cifar10,0.03,10,base.blocks.9,0.935100
5,0,8,vit_tiny,cifar10,0.03,11,base.blocks.10,0.931665
5,0,8,vit_tiny,cifar10,0.03,12,base.blocks.11,0.928563
5,0,8,vit_tiny,cifar10,0.03,13,base.norm,0.902646
5,0,8,vit_tiny,cifar10,0.03,14,classifier,0.301019
5,0,9,vit_tiny,cifar10,0.03,0,base.patch_embed,0.840676
5,0,9,vit_tiny,cifar10,0.03,1,base.blocks.0,0.847825
5,0,9,vit_tiny,cifar10,0.03,2,base.blocks.1,0.837058
5,0,9,vit_tiny,cifar10,0.03,3,base.blocks.2,0.824077
5,0,9,vit_tiny,cifar10,0.03,4,base.blocks.3,0.817646
5,0,9,vit_tiny,cifar10,0.03,5,base.blocks.4,0.808372
5,0,9,vit_tiny,cifar10,0.03,6,base.blocks.5,0.805492
5,0,9,vit_tiny,cifar10,0.03,7,base.blocks.6,0.811854
5,0,9,vit_tiny,cifar10,0.03,8,base.blocks.7,0.811219
5,0,9,vit_tiny,cifar10,0.03,9,base.blocks.8,0.814428
5,0,9,vit_tiny,cifar10,0.03,10,base.blocks.9,0.812994
5,0,9,vit_tiny,cifar10,0.03,11,base.blocks.10,0.814920
5,0,9,vit_tiny,cifar10,0.03,12,base.blocks.11,0.813289
5,0,9,vit_tiny,cifar10,0.03,13,base.norm,0.749039
5,0,9,vit_tiny,cifar10,0.03,14,classifier,0.373922
5,1,2,vit_tiny,cifar10,0.03,0,base.patch_embed,0.877531
5,1,2,vit_tiny,cifar10,0.03,1,base.blocks.0,0.861967
5,1,2,vit_tiny,cifar10,0.03,2,base.blocks.1,0.846756
5,1,2,vit_tiny,cifar10,0.03,3,base.blocks.2,0.815941
5,1,2,vit_tiny,cifar10,0.03,4,base.blocks.3,0.783198
5,1,2,vit_tiny,cifar10,0.03,5,base.blocks.4,0.750126
5,1,2,vit_tiny,cifar10,0.03,6,base.blocks.5,0.722923
5,1,2,vit_tiny,cifar10,0.03,7,base.blocks.6,0.703795
5,1,2,vit_tiny,cifar10,0.03,8,base.blocks.7,0.686415
5,1,2,vit_tiny,cifar10,0.03,9,base.blocks.8,0.668269
5,1,2,vit_tiny,cifar10,0.03,10,base.blocks.9,0.652620
5,1,2,vit_tiny,cifar10,0.03,11,base.blocks.10,0.630434
5,1,2,vit_tiny,cifar10,0.03,12,base.blocks.11,0.610422
5,1,2,vit_tiny,cifar10,0.03,13,base.norm,0.640103
5,1,2,vit_tiny,cifar10,0.03,14,classifier,0.475355
5,1,3,vit_tiny,cifar10,0.03,0,base.patch_embed,0.900459
5,1,3,vit_tiny,cifar10,0.03,1,base.blocks.0,0.886171
5,1,3,vit_tiny,cifar10,0.03,2,base.blocks.1,0.873634
5,1,3,vit_tiny,cifar10,0.03,3,base.blocks.2,0.848031
5,1,3,vit_tiny,cifar10,0.03,4,base.blocks.3,0.818493
5,1,3,vit_tiny,cifar10,0.03,5,base.blocks.4,0.786439
5,1,3,vit_tiny,cifar10,0.03,6,base.blocks.5,0.760438
5,1,3,vit_tiny,cifar10,0.03,7,base.blocks.6,0.740906
5,1,3,vit_tiny,cifar10,0.03,8,base.blocks.7,0.722319
5,1,3,vit_tiny,cifar10,0.03,9,base.blocks.8,0.707308
5,1,3,vit_tiny,cifar10,0.03,10,base.blocks.9,0.691046
5,1,3,vit_tiny,cifar10,0.03,11,base.blocks.10,0.670169
5,1,3,vit_tiny,cifar10,0.03,12,base.blocks.11,0.653975
5,1,3,vit_tiny,cifar10,0.03,13,base.norm,0.680678
5,1,3,vit_tiny,cifar10,0.03,14,classifier,0.178599
5,1,4,vit_tiny,cifar10,0.03,0,base.patch_embed,0.859049
5,1,4,vit_tiny,cifar10,0.03,1,base.blocks.0,0.855972
5,1,4,vit_tiny,cifar10,0.03,2,base.blocks.1,0.851403
5,1,4,vit_tiny,cifar10,0.03,3,base.blocks.2,0.828850
5,1,4,vit_tiny,cifar10,0.03,4,base.blocks.3,0.806283
5,1,4,vit_tiny,cifar10,0.03,5,base.blocks.4,0.785680
5,1,4,vit_tiny,cifar10,0.03,6,base.blocks.5,0.767691
5,1,4,vit_tiny,cifar10,0.03,7,base.blocks.6,0.755218
5,1,4,vit_tiny,cifar10,0.03,8,base.blocks.7,0.742327
5,1,4,vit_tiny,cifar10,0.03,9,base.blocks.8,0.731311
5,1,4,vit_tiny,cifar10,0.03,10,base.blocks.9,0.725375
5,1,4,vit_tiny,cifar10,0.03,11,base.blocks.10,0.710371
5,1,4,vit_tiny,cifar10,0.03,12,base.blocks.11,0.697131
5,1,4,vit_tiny,cifar10,0.03,13,base.norm,0.740445
5,1,4,vit_tiny,cifar10,0.03,14,classifier,0.237657
5,1,5,vit_tiny,cifar10,0.03,0,base.patch_embed,0.899219
5,1,5,vit_tiny,cifar10,0.03,1,base.blocks.0,0.889682
5,1,5,vit_tiny,cifar10,0.03,2,base.blocks.1,0.877602
5,1,5,vit_tiny,cifar10,0.03,3,base.blocks.2,0.848246
5,1,5,vit_tiny,cifar10,0.03,4,base.blocks.3,0.815194
5,1,5,vit_tiny,cifar10,0.03,5,base.blocks.4,0.780213
5,1,5,vit_tiny,cifar10,0.03,6,base.blocks.5,0.749953
5,1,5,vit_tiny,cifar10,0.03,7,base.blocks.6,0.724712
5,1,5,vit_tiny,cifar10,0.03,8,base.blocks.7,0.699637
5,1,5,vit_tiny,cifar10,0.03,9,base.blocks.8,0.679881
5,1,5,vit_tiny,cifar10,0.03,10,base.blocks.9,0.660878
5,1,5,vit_tiny,cifar10,0.03,11,base.blocks.10,0.634437
5,1,5,vit_tiny,cifar10,0.03,12,base.blocks.11,0.608938
5,1,5,vit_tiny,cifar10,0.03,13,base.norm,0.614023
5,1,5,vit_tiny,cifar10,0.03,14,classifier,0.369650
5,1,6,vit_tiny,cifar10,0.03,0,base.patch_embed,0.886613
5,1,6,vit_tiny,cifar10,0.03,1,base.blocks.0,0.870419
5,1,6,vit_tiny,cifar10,0.03,2,base.blocks.1,0.857802
5,1,6,vit_tiny,cifar10,0.03,3,base.blocks.2,0.836450
5,1,6,vit_tiny,cifar10,0.03,4,base.blocks.3,0.815871
5,1,6,vit_tiny,cifar10,0.03,5,base.blocks.4,0.792750
5,1,6,vit_tiny,cifar10,0.03,6,base.blocks.5,0.776965
5,1,6,vit_tiny,cifar10,0.03,7,base.blocks.6,0.764263
5,1,6,vit_tiny,cifar10,0.03,8,base.blocks.7,0.756574
5,1,6,vit_tiny,cifar10,0.03,9,base.blocks.8,0.746032
5,1,6,vit_tiny,cifar10,0.03,10,base.blocks.9,0.734891
5,1,6,vit_tiny,cifar10,0.03,11,base.blocks.10,0.717389
5,1,6,vit_tiny,cifar10,0.03,12,base.blocks.11,0.705535
5,1,6,vit_tiny,cifar10,0.03,13,base.norm,0.701502
5,1,6,vit_tiny,cifar10,0.03,14,classifier,0.084299
5,1,7,vit_tiny,cifar10,0.03,0,base.patch_embed,0.870279
5,1,7,vit_tiny,cifar10,0.03,1,base.blocks.0,0.873388
5,1,7,vit_tiny,cifar10,0.03,2,base.blocks.1,0.865243
5,1,7,vit_tiny,cifar10,0.03,3,base.blocks.2,0.834577
5,1,7,vit_tiny,cifar10,0.03,4,base.blocks.3,0.802133
5,1,7,vit_tiny,cifar10,0.03,5,base.blocks.4,0.762021
5,1,7,vit_tiny,cifar10,0.03,6,base.blocks.5,0.733310
5,1,7,vit_tiny,cifar10,0.03,7,base.blocks.6,0.708004
5,1,7,vit_tiny,cifar10,0.03,8,base.blocks.7,0.684195
5,1,7,vit_tiny,cifar10,0.03,9,base.blocks.8,0.661125
5,1,7,vit_tiny,cifar10,0.03,10,base.blocks.9,0.638886
5,1,7,vit_tiny,cifar10,0.03,11,base.blocks.10,0.611123
5,1,7,vit_tiny,cifar10,0.03,12,base.blocks.11,0.583646
5,1,7,vit_tiny,cifar10,0.03,13,base.norm,0.639803
5,1,7,vit_tiny,cifar10,0.03,14,classifier,0.361902
5,1,8,vit_tiny,cifar10,0.03,0,base.patch_embed,0.889386
5,1,8,vit_tiny,cifar10,0.03,1,base.blocks.0,0.868632
5,1,8,vit_tiny,cifar10,0.03,2,base.blocks.1,0.853438
5,1,8,vit_tiny,cifar10,0.03,3,base.blocks.2,0.828732
5,1,8,vit_tiny,cifar10,0.03,4,base.blocks.3,0.802728
5,1,8,vit_tiny,cifar10,0.03,5,base.blocks.4,0.777315
5,1,8,vit_tiny,cifar10,0.03,6,base.blocks.5,0.758457
5,1,8,vit_tiny,cifar10,0.03,7,base.blocks.6,0.745911
5,1,8,vit_tiny,cifar10,0.03,8,base.blocks.7,0.734346
5,1,8,vit_tiny,cifar10,0.03,9,base.blocks.8,0.722665
5,1,8,vit_tiny,cifar10,0.03,10,base.blocks.9,0.714419
5,1,8,vit_tiny,cifar10,0.03,11,base.blocks.10,0.699741
5,1,8,vit_tiny,cifar10,0.03,12,base.blocks.11,0.691552
5,1,8,vit_tiny,cifar10,0.03,13,base.norm,0.698582
5,1,8,vit_tiny,cifar10,0.03,14,classifier,0.385712
5,1,9,vit_tiny,cifar10,0.03,0,base.patch_embed,0.937290
5,1,9,vit_tiny,cifar10,0.03,1,base.blocks.0,0.880018
5,1,9,vit_tiny,cifar10,0.03,2,base.blocks.1,0.836327
5,1,9,vit_tiny,cifar10,0.03,3,base.blocks.2,0.805923
5,1,9,vit_tiny,cifar10,0.03,4,base.blocks.3,0.781426
5,1,9,vit_tiny,cifar10,0.03,5,base.blocks.4,0.757488
5,1,9,vit_tiny,cifar10,0.03,6,base.blocks.5,0.740848
5,1,9,vit_tiny,cifar10,0.03,7,base.blocks.6,0.732541
5,1,9,vit_tiny,cifar10,0.03,8,base.blocks.7,0.718195
5,1,9,vit_tiny,cifar10,0.03,9,base.blocks.8,0.707035
5,1,9,vit_tiny,cifar10,0.03,10,base.blocks.9,0.697623
5,1,9,vit_tiny,cifar10,0.03,11,base.blocks.10,0.684041
5,1,9,vit_tiny,cifar10,0.03,12,base.blocks.11,0.674842
5,1,9,vit_tiny,cifar10,0.03,13,base.norm,0.624796
5,1,9,vit_tiny,cifar10,0.03,14,classifier,0.512768
5,2,3,vit_tiny,cifar10,0.03,0,base.patch_embed,0.998168
5,2,3,vit_tiny,cifar10,0.03,1,base.blocks.0,0.997988
5,2,3,vit_tiny,cifar10,0.03,2,base.blocks.1,0.996914
5,2,3,vit_tiny,cifar10,0.03,3,base.blocks.2,0.995410
5,2,3,vit_tiny,cifar10,0.03,4,base.blocks.3,0.993217
5,2,3,vit_tiny,cifar10,0.03,5,base.blocks.4,0.990972
5,2,3,vit_tiny,cifar10,0.03,6,base.blocks.5,0.987800
5,2,3,vit_tiny,cifar10,0.03,7,base.blocks.6,0.985800
5,2,3,vit_tiny,cifar10,0.03,8,base.blocks.7,0.982576
5,2,3,vit_tiny,cifar10,0.03,9,base.blocks.8,0.978777
5,2,3,vit_tiny,cifar10,0.03,10,base.blocks.9,0.974812
5,2,3,vit_tiny,cifar10,0.03,11,base.blocks.10,0.972844
5,2,3,vit_tiny,cifar10,0.03,12,base.blocks.11,0.968709
5,2,3,vit_tiny,cifar10,0.03,13,base.norm,0.950005
5,2,3,vit_tiny,cifar10,0.03,14,classifier,0.535752
5,2,4,vit_tiny,cifar10,0.03,0,base.patch_embed,0.992211
5,2,4,vit_tiny,cifar10,0.03,1,base.blocks.0,0.989860
5,2,4,vit_tiny,cifar10,0.03,2,base.blocks.1,0.986278
5,2,4,vit_tiny,cifar10,0.03,3,base.blocks.2,0.982826
5,2,4,vit_tiny,cifar10,0.03,4,base.blocks.3,0.978891
5,2,4,vit_tiny,cifar10,0.03,5,base.blocks.4,0.974809
5,2,4,vit_tiny,cifar10,0.03,6,base.blocks.5,0.970771
5,2,4,vit_tiny,cifar10,0.03,7,base.blocks.6,0.967626
5,2,4,vit_tiny,cifar10,0.03,8,base.blocks.7,0.966466
5,2,4,vit_tiny,cifar10,0.03,9,base.blocks.8,0.965387
5,2,4,vit_tiny,cifar10,0.03,10,base.blocks.9,0.962158
5,2,4,vit_tiny,cifar10,0.03,11,base.blocks.10,0.959024
5,2,4,vit_tiny,cifar10,0.03,12,base.blocks.11,0.955597
5,2,4,vit_tiny,cifar10,0.03,13,base.norm,0.920170
5,2,4,vit_tiny,cifar10,0.03,14,classifier,0.119576
5,2,5,vit_tiny,cifar10,0.03,0,base.patch_embed,0.994319
5,2,5,vit_tiny,cifar10,0.03,1,base.blocks.0,0.986072
5,2,5,vit_tiny,cifar10,0.03,2,base.blocks.1,0.978783
5,2,5,vit_tiny,cifar10,0.03,3,base.blocks.2,0.971311
5,2,5,vit_tiny,cifar10,0.03,4,base.blocks.3,0.962529
5,2,5,vit_tiny,cifar10,0.03,5,base.blocks.4,0.952272
5,2,5,vit_tiny,cifar10,0.03,6,base.blocks.5,0.941880
5,2,5,vit_tiny,cifar10,0.03,7,base.blocks.6,0.934209
5,2,5,vit_tiny,cifar10,0.03,8,base.blocks.7,0.924462
5,2,5,vit_tiny,cifar10,0.03,9,base.blocks.8,0.914741
5,2,5,vit_tiny,cifar10,0.03,10,base.blocks.9,0.902838
5,2,5,vit_tiny,cifar10,0.03,11,base.blocks.10,0.891600
5,2,5,vit_tiny,cifar10,0.03,12,base.blocks.11,0.877920
5,2,5,vit_tiny,cifar10,0.03,13,base.norm,0.781496
5,2,5,vit_tiny,cifar10,0.03,14,classifier,0.609681
5,2,6,vit_tiny,cifar10,0.03,0,base.patch_embed,0.985744
5,2,6,vit_tiny,cifar10,0.03,1,base.blocks.0,0.983638
5,2,6,vit_tiny,cifar10,0.03,2,base.blocks.1,0.981211
5,2,6,vit_tiny,cifar10,0.03,3,base.blocks.2,0.976745
5,2,6,vit_tiny,cifar10,0.03,4,base.blocks.3,0.974143
5,2,6,vit_tiny,cifar10,0.03,5,base.blocks.4,0.969332
5,2,6,vit_tiny,cifar10,0.03,6,base.blocks.5,0.963988
5,2,6,vit_tiny,cifar10,0.03,7,base.blocks.6,0.959089
5,2,6,vit_tiny,cifar10,0.03,8,base.blocks.7,0.954597
5,2,6,vit_tiny,cifar10,0.03,9,base.blocks.8,0.948307
5,2,6,vit_tiny,cifar10,0.03,10,base.blocks.9,0.944223
5,2,6,vit_tiny,cifar10,0.03,11,base.blocks.10,0.940077
5,2,6,vit_tiny,cifar10,0.03,12,base.blocks.11,0.934261
5,2,6,vit_tiny,cifar10,0.03,13,base.norm,0.939461
5,2,6,vit_tiny,cifar10,0.03,14,classifier,0.209878
5,2,7,vit_tiny,cifar10,0.03,0,base.patch_embed,0.989973
5,2,7,vit_tiny,cifar10,0.03,1,base.blocks.0,0.989708
5,2,7,vit_tiny,cifar10,0.03,2,base.blocks.1,0.982719
5,2,7,vit_tiny,cifar10,0.03,3,base.blocks.2,0.976424
5,2,7,vit_tiny,cifar10,0.03,4,base.blocks.3,0.967569
5,2,7,vit_tiny,cifar10,0.03,5,base.blocks.4,0.960716
5,2,7,vit_tiny,cifar10,0.03,6,base.blocks.5,0.953631
5,2,7,vit_tiny,cifar10,0.03,7,base.blocks.6,0.950141
5,2,7,vit_tiny,cifar10,0.03,8,base.blocks.7,0.944545
5,2,7,vit_tiny,cifar10,0.03,9,base.blocks.8,0.941153
5,2,7,vit_tiny,cifar10,0.03,10,base.blocks.9,0.930786
5,2,7,vit_tiny,cifar10,0.03,11,base.blocks.10,0.924198
5,2,7,vit_tiny,cifar10,0.03,12,base.blocks.11,0.918255
5,2,7,vit_tiny,cifar10,0.03,13,base.norm,0.833075
5,2,7,vit_tiny,cifar10,0.03,14,classifier,0.634296
5,2,8,vit_tiny,cifar10,0.03,0,base.patch_embed,0.994198
5,2,8,vit_tiny,cifar10,0.03,1,base.blocks.0,0.991743
5,2,8,vit_tiny,cifar10,0.03,2,base.blocks.1,0.990098
5,2,8,vit_tiny,cifar10,0.03,3,base.blocks.2,0.987599
5,2,8,vit_tiny,cifar10,0.03,4,base.blocks.3,0.984744
5,2,8,vit_tiny,cifar10,0.03,5,base.blocks.4,0.981098
5,2,8,vit_tiny,cifar10,0.03,6,base.blocks.5,0.978129
5,2,8,vit_tiny,cifar10,0.03,7,base.blocks.6,0.976020
5,2,8,vit_tiny,cifar10,0.03,8,base.blocks.7,0.974203
5,2,8,vit_tiny,cifar10,0.03,9,base.blocks.8,0.969439
5,2,8,vit_tiny,cifar10,0.03,10,base.blocks.9,0.964032
5,2,8,vit_tiny,cifar10,0.03,11,base.blocks.10,0.959763
5,2,8,vit_tiny,cifar10,0.03,12,base.blocks.11,0.954816
5,2,8,vit_tiny,cifar10,0.03,13,base.norm,0.953231
5,2,8,vit_tiny,cifar10,0.03,14,classifier,0.521093
5,2,9,vit_tiny,cifar10,0.03,0,base.patch_embed,0.877675
5,2,9,vit_tiny,cifar10,0.03,1,base.blocks.0,0.882648
5,2,9,vit_tiny,cifar10,0.03,2,base.blocks.1,0.875871
5,2,9,vit_tiny,cifar10,0.03,3,base.blocks.2,0.865508
5,2,9,vit_tiny,cifar10,0.03,4,base.blocks.3,0.861303
5,2,9,vit_tiny,cifar10,0.03,5,base.blocks.4,0.856900
5,2,9,vit_tiny,cifar10,0.03,6,base.blocks.5,0.854433
5,2,9,vit_tiny,cifar10,0.03,7,base.blocks.6,0.858883
5,2,9,vit_tiny,cifar10,0.03,8,base.blocks.7,0.857254
5,2,9,vit_tiny,cifar10,0.03,9,base.blocks.8,0.855854
5,2,9,vit_tiny,cifar10,0.03,10,base.blocks.9,0.852693
5,2,9,vit_tiny,cifar10,0.03,11,base.blocks.10,0.852054
5,2,9,vit_tiny,cifar10,0.03,12,base.blocks.11,0.848095
5,2,9,vit_tiny,cifar10,0.03,13,base.norm,0.828026
5,2,9,vit_tiny,cifar10,0.03,14,classifier,0.388008
5,3,4,vit_tiny,cifar10,0.03,0,base.patch_embed,0.986036
5,3,4,vit_tiny,cifar10,0.03,1,base.blocks.0,0.986476
5,3,4,vit_tiny,cifar10,0.03,2,base.blocks.1,0.983993
5,3,4,vit_tiny,cifar10,0.03,3,base.blocks.2,0.982040
5,3,4,vit_tiny,cifar10,0.03,4,base.blocks.3,0.979791
5,3,4,vit_tiny,cifar10,0.03,5,base.blocks.4,0.978306
5,3,4,vit_tiny,cifar10,0.03,6,base.blocks.5,0.976533
5,3,4,vit_tiny,cifar10,0.03,7,base.blocks.6,0.975763
5,3,4,vit_tiny,cifar10,0.03,8,base.blocks.7,0.976015
5,3,4,vit_tiny,cifar10,0.03,9,base.blocks.8,0.974263
5,3,4,vit_tiny,cifar10,0.03,10,base.blocks.9,0.972665
5,3,4,vit_tiny,cifar10,0.03,11,base.blocks.10,0.971060
5,3,4,vit_tiny,cifar10,0.03,12,base.blocks.11,0.969847
5,3,4,vit_tiny,cifar10,0.03,13,base.norm,0.951418
5,3,4,vit_tiny,cifar10,0.03,14,classifier,0.065221
5,3,5,vit_tiny,cifar10,0.03,0,base.patch_embed,0.994344
5,3,5,vit_tiny,cifar10,0.03,1,base.blocks.0,0.990197
5,3,5,vit_tiny,cifar10,0.03,2,base.blocks.1,0.985305
5,3,5,vit_tiny,cifar10,0.03,3,base.blocks.2,0.981348
5,3,5,vit_tiny,cifar10,0.03,4,base.blocks.3,0.977910
5,3,5,vit_tiny,cifar10,0.03,5,base.blocks.4,0.971796
5,3,5,vit_tiny,cifar10,0.03,6,base.blocks.5,0.966619
5,3,5,vit_tiny,cifar10,0.03,7,base.blocks.6,0.962661
5,3,5,vit_tiny,cifar10,0.03,8,base.blocks.7,0.957197
5,3,5,vit_tiny,cifar10,0.03,9,base.blocks.8,0.952922
5,3,5,vit_tiny,cifar10,0.03,10,base.blocks.9,0.946316
5,3,5,vit_tiny,cifar10,0.03,11,base.blocks.10,0.938712
5,3,5,vit_tiny,cifar10,0.03,12,base.blocks.11,0.930425
5,3,5,vit_tiny,cifar10,0.03,13,base.norm,0.894912
5,3,5,vit_tiny,cifar10,0.03,14,classifier,0.636760
5,3,6,vit_tiny,cifar10,0.03,0,base.patch_embed,0.987972
5,3,6,vit_tiny,cifar10,0.03,1,base.blocks.0,0.983001
5,3,6,vit_tiny,cifar10,0.03,2,base.blocks.1,0.979935
5,3,6,vit_tiny,cifar10,0.03,3,base.blocks.2,0.974653
5,3,6,vit_tiny,cifar10,0.03,4,base.blocks.3,0.970201
5,3,6,vit_tiny,cifar10,0.03,5,base.blocks.4,0.965576
5,3,6,vit_tiny,cifar10,0.03,6,base.blocks.5,0.961569
5,3,6,vit_tiny,cifar10,0.03,7,base.blocks.6,0.958130
5,3,6,vit_tiny,cifar10,0.03,8,base.blocks.7,0.955139
5,3,6,vit_tiny,cifar10,0.03,9,base.blocks.8,0.949759
5,3,6,vit_tiny,cifar10,0.03,10,base.blocks.9,0.947589
5,3,6,vit_tiny,cifar10,0.03,11,base.blocks.10,0.945797
5,3,6,vit_tiny,cifar10,0.03,12,base.blocks.11,0.943670
5,3,6,vit_tiny,cifar10,0.03,13,base.norm,0.945689
5,3,6,vit_tiny,cifar10,0.03,14,classifier,0.480695
5,3,7,vit_tiny,cifar10,0.03,0,base.patch_embed,0.987598
5,3,7,vit_tiny,cifar10,0.03,1,base.blocks.0,0.993580
5,3,7,vit_tiny,cifar10,0.03,2,base.blocks.1,0.991368
5,3,7,vit_tiny,cifar10,0.03,3,base.blocks.2,0.989218
5,3,7,vit_tiny,cifar10,0.03,4,base.blocks.3,0.986538
5,3,7,vit_tiny,cifar10,0.03,5,base.blocks.4,0.984647
5,3,7,vit_tiny,cifar10,0.03,6,base.blocks.5,0.983419
5,3,7,vit_tiny,cifar10,0.03,7,base.blocks.6,0.982252
5,3,7,vit_tiny,cifar10,0.03,8,base.blocks.7,0.981174
5,3,7,vit_tiny,cifar10,0.03,9,base.blocks.8,0.979523
5,3,7,vit_tiny,cifar10,0.03,10,base.blocks.9,0.975383
5,3,7,vit_tiny,cifar10,0.03,11,base.blocks.10,0.970836
5,3,7,vit_tiny,cifar10,0.03,12,base.blocks.11,0.966151
5,3,7,vit_tiny,cifar10,0.03,13,base.norm,0.943598
5,3,7,vit_tiny,cifar10,0.03,14,classifier,0.454515
5,3,8,vit_tiny,cifar10,0.03,0,base.patch_embed,0.996408
5,3,8,vit_tiny,cifar10,0.03,1,base.blocks.0,0.990399
5,3,8,vit_tiny,cifar10,0.03,2,base.blocks.1,0.986400
5,3,8,vit_tiny,cifar10,0.03,3,base.blocks.2,0.981522
5,3,8,vit_tiny,cifar10,0.03,4,base.blocks.3,0.975356
5,3,8,vit_tiny,cifar10,0.03,5,base.blocks.4,0.968556
5,3,8,vit_tiny,cifar10,0.03,6,base.blocks.5,0.962825
5,3,8,vit_tiny,cifar10,0.03,7,base.blocks.6,0.959505
5,3,8,vit_tiny,cifar10,0.03,8,base.blocks.7,0.955316
5,3,8,vit_tiny,cifar10,0.03,9,base.blocks.8,0.950400
5,3,8,vit_tiny,cifar10,0.03,10,base.blocks.9,0.943209
5,3,8,vit_tiny,cifar10,0.03,11,base.blocks.10,0.940726
5,3,8,vit_tiny,cifar10,0.03,12,base.blocks.11,0.938594
5,3,8,vit_tiny,cifar10,0.03,13,base.norm,0.925445
5,3,8,vit_tiny,cifar10,0.03,14,classifier,0.509211
5,3,9,vit_tiny,cifar10,0.03,0,base.patch_embed,0.901661
5,3,9,vit_tiny,cifar10,0.03,1,base.blocks.0,0.894157
5,3,9,vit_tiny,cifar10,0.03,2,base.blocks.1,0.881305
5,3,9,vit_tiny,cifar10,0.03,3,base.blocks.2,0.865676
5,3,9,vit_tiny,cifar10,0.03,4,base.blocks.3,0.854487
5,3,9,vit_tiny,cifar10,0.03,5,base.blocks.4,0.843980
5,3,9,vit_tiny,cifar10,0.03,6,base.blocks.5,0.835815
5,3,9,vit_tiny,cifar10,0.03,7,base.blocks.6,0.836405
5,3,9,vit_tiny,cifar10,0.03,8,base.blocks.7,0.827839
5,3,9,vit_tiny,cifar10,0.03,9,base.blocks.8,0.826226
5,3,9,vit_tiny,cifar10,0.03,10,base.blocks.9,0.818543
5,3,9,vit_tiny,cifar10,0.03,11,base.blocks.10,0.819250
5,3,9,vit_tiny,cifar10,0.03,12,base.blocks.11,0.816460
5,3,9,vit_tiny,cifar10,0.03,13,base.norm,0.770184
5,3,9,vit_tiny,cifar10,0.03,14,classifier,0.282419
5,4,5,vit_tiny,cifar10,0.03,0,base.patch_embed,0.987970
5,4,5,vit_tiny,cifar10,0.03,1,base.blocks.0,0.981048
5,4,5,vit_tiny,cifar10,0.03,2,base.blocks.1,0.978612
5,4,5,vit_tiny,cifar10,0.03,3,base.blocks.2,0.973990
5,4,5,vit_tiny,cifar10,0.03,4,base.blocks.3,0.968787
5,4,5,vit_tiny,cifar10,0.03,5,base.blocks.4,0.962716
5,4,5,vit_tiny,cifar10,0.03,6,base.blocks.5,0.955899
5,4,5,vit_tiny,cifar10,0.03,7,base.blocks.6,0.952211
5,4,5,vit_tiny,cifar10,0.03,8,base.blocks.7,0.945470
5,4,5,vit_tiny,cifar10,0.03,9,base.blocks.8,0.940032
5,4,5,vit_tiny,cifar10,0.03,10,base.blocks.9,0.933954
5,4,5,vit_tiny,cifar10,0.03,11,base.blocks.10,0.929768
5,4,5,vit_tiny,cifar10,0.03,12,base.blocks.11,0.923750
5,4,5,vit_tiny,cifar10,0.03,13,base.norm,0.873672
5,4,5,vit_tiny,cifar10,0.03,14,classifier,0.213158
5,4,6,vit_tiny,cifar10,0.03,0,base.patch_embed,0.977701
5,4,6,vit_tiny,cifar10,0.03,1,base.blocks.0,0.972171
5,4,6,vit_tiny,cifar10,0.03,2,base.blocks.1,0.964469
5,4,6,vit_tiny,cifar10,0.03,3,base.blocks.2,0.957159
5,4,6,vit_tiny,cifar10,0.03,4,base.blocks.3,0.951064
5,4,6,vit_tiny,cifar10,0.03,5,base.blocks.4,0.945434
5,4,6,vit_tiny,cifar10,0.03,6,base.blocks.5,0.939946
5,4,6,vit_tiny,cifar10,0.03,7,base.blocks.6,0.936955
5,4,6,vit_tiny,cifar10,0.03,8,base.blocks.7,0.936248
5,4,6,vit_tiny,cifar10,0.03,9,base.blocks.8,0.930618
5,4,6,vit_tiny,cifar10,0.03,10,base.blocks.9,0.927633
5,4,6,vit_tiny,cifar10,0.03,11,base.blocks.10,0.922311
5,4,6,vit_tiny,cifar10,0.03,12,base.blocks.11,0.918320
5,4,6,vit_tiny,cifar10,0.03,13,base.norm,0.904765
5,4,6,vit_tiny,cifar10,0.03,14,classifier,0.529715
5,4,7,vit_tiny,cifar10,0.03,0,base.patch_embed,0.992929
5,4,7,vit_tiny,cifar10,0.03,1,base.blocks.0,0.982248
5,4,7,vit_tiny,cifar10,0.03,2,base.blocks.1,0.974724
5,4,7,vit_tiny,cifar10,0.03,3,base.blocks.2,0.969003
5,4,7,vit_tiny,cifar10,0.03,4,base.blocks.3,0.963917
5,4,7,vit_tiny,cifar10,0.03,5,base.blocks.4,0.961648
5,4,7,vit_tiny,cifar10,0.03,6,base.blocks.5,0.959043
5,4,7,vit_tiny,cifar10,0.03,7,base.blocks.6,0.959468
5,4,7,vit_tiny,cifar10,0.03,8,base.blocks.7,0.957546
5,4,7,vit_tiny,cifar10,0.03,9,base.blocks.8,0.955962
5,4,7,vit_tiny,cifar10,0.03,10,base.blocks.9,0.951334
5,4,7,vit_tiny,cifar10,0.03,11,base.blocks.10,0.949458
5,4,7,vit_tiny,cifar10,0.03,12,base.blocks.11,0.947192
5,4,7,vit_tiny,cifar10,0.03,13,base.norm,0.888583
5,4,7,vit_tiny,cifar10,0.03,14,classifier,0.241914
5,4,8,vit_tiny,cifar10,0.03,0,base.patch_embed,0.979753
5,4,8,vit_tiny,cifar10,0.03,1,base.blocks.0,0.972323
5,4,8,vit_tiny,cifar10,0.03,2,base.blocks.1,0.964716
5,4,8,vit_tiny,cifar10,0.03,3,base.blocks.2,0.956575
5,4,8,vit_tiny,cifar10,0.03,4,base.blocks.3,0.947326
5,4,8,vit_tiny,cifar10,0.03,5,base.blocks.4,0.938192
5,4,8,vit_tiny,cifar10,0.03,6,base.blocks.5,0.930732
5,4,8,vit_tiny,cifar10,0.03,7,base.blocks.6,0.926158
5,4,8,vit_tiny,cifar10,0.03,8,base.blocks.7,0.924727
5,4,8,vit_tiny,cifar10,0.03,9,base.blocks.8,0.920048
5,4,8,vit_tiny,cifar10,0.03,10,base.blocks.9,0.913336
5,4,8,vit_tiny,cifar10,0.03,11,base.blocks.10,0.907226
5,4,8,vit_tiny,cifar10,0.03,12,base.blocks.11,0.904240
5,4,8,vit_tiny,cifar10,0.03,13,base.norm,0.878389
5,4,8,vit_tiny,cifar10,0.03,14,classifier,0.401095
5,4,9,vit_tiny,cifar10,0.03,0,base.patch_embed,0.844313
5,4,9,vit_tiny,cifar10,0.03,1,base.blocks.0,0.845205
5,4,9,vit_tiny,cifar10,0.03,2,base.blocks.1,0.827335
5,4,9,vit_tiny,cifar10,0.03,3,base.blocks.2,0.808468
5,4,9,vit_tiny,cifar10,0.03,4,base.blocks.3,0.796083
5,4,9,vit_tiny,cifar10,0.03,5,base.blocks.4,0.784739
5,4,9,vit_tiny,cifar10,0.03,6,base.blocks.5,0.776568
5,4,9,vit_tiny,cifar10,0.03,7,base.blocks.6,0.777658
5,4,9,vit_tiny,cifar10,0.03,8,base.blocks.7,0.773547
5,4,9,vit_tiny,cifar10,0.03,9,base.blocks.8,0.773715
5,4,9,vit_tiny,cifar10,0.03,10,base.blocks.9,0.769447
5,4,9,vit_tiny,cifar10,0.03,11,base.blocks.10,0.767322
5,4,9,vit_tiny,cifar10,0.03,12,base.blocks.11,0.763925
5,4,9,vit_tiny,cifar10,0.03,13,base.norm,0.701653
5,4,9,vit_tiny,cifar10,0.03,14,classifier,0.322700
5,5,6,vit_tiny,cifar10,0.03,0,base.patch_embed,0.969614
5,5,6,vit_tiny,cifar10,0.03,1,base.blocks.0,0.950600
5,5,6,vit_tiny,cifar10,0.03,2,base.blocks.1,0.936182
5,5,6,vit_tiny,cifar10,0.03,3,base.blocks.2,0.919703
5,5,6,vit_tiny,cifar10,0.03,4,base.blocks.3,0.906489
5,5,6,vit_tiny,cifar10,0.03,5,base.blocks.4,0.888228
5,5,6,vit_tiny,cifar10,0.03,6,base.blocks.5,0.873327
5,5,6,vit_tiny,cifar10,0.03,7,base.blocks.6,0.861030
5,5,6,vit_tiny,cifar10,0.03,8,base.blocks.7,0.848583
5,5,6,vit_tiny,cifar10,0.03,9,base.blocks.8,0.833895
5,5,6,vit_tiny,cifar10,0.03,10,base.blocks.9,0.821918
5,5,6,vit_tiny,cifar10,0.03,11,base.blocks.10,0.807982
5,5,6,vit_tiny,cifar10,0.03,12,base.blocks.11,0.793468
5,5,6,vit_tiny,cifar10,0.03,13,base.norm,0.764202
5,5,6,vit_tiny,cifar10,0.03,14,classifier,0.209711
5,5,7,vit_tiny,cifar10,0.03,0,base.patch_embed,0.982397
5,5,7,vit_tiny,cifar10,0.03,1,base.blocks.0,0.982770
5,5,7,vit_tiny,cifar10,0.03,2,base.blocks.1,0.979863
5,5,7,vit_tiny,cifar10,0.03,3,base.blocks.2,0.975146
5,5,7,vit_tiny,cifar10,0.03,4,base.blocks.3,0.970889
5,5,7,vit_tiny,cifar10,0.03,5,base.blocks.4,0.967935
5,5,7,vit_tiny,cifar10,0.03,6,base.blocks.5,0.967289
5,5,7,vit_tiny,cifar10,0.03,7,base.blocks.6,0.968283
5,5,7,vit_tiny,cifar10,0.03,8,base.blocks.7,0.967877
5,5,7,vit_tiny,cifar10,0.03,9,base.blocks.8,0.966839
5,5,7,vit_tiny,cifar10,0.03,10,base.blocks.9,0.967711
5,5,7,vit_tiny,cifar10,0.03,11,base.blocks.10,0.966186
5,5,7,vit_tiny,cifar10,0.03,12,base.blocks.11,0.965908
5,5,7,vit_tiny,cifar10,0.03,13,base.norm,0.933835
5,5,7,vit_tiny,cifar10,0.03,14,classifier,0.714578
5,5,8,vit_tiny,cifar10,0.03,0,base.patch_embed,0.983919
5,5,8,vit_tiny,cifar10,0.03,1,base.blocks.0,0.969476
5,5,8,vit_tiny,cifar10,0.03,2,base.blocks.1,0.956536
5,5,8,vit_tiny,cifar10,0.03,3,base.blocks.2,0.944139
5,5,8,vit_tiny,cifar10,0.03,4,base.blocks.3,0.931003
5,5,8,vit_tiny,cifar10,0.03,5,base.blocks.4,0.914146
5,5,8,vit_tiny,cifar10,0.03,6,base.blocks.5,0.899577
5,5,8,vit_tiny,cifar10,0.03,7,base.blocks.6,0.886699
5,5,8,vit_tiny,cifar10,0.03,8,base.blocks.7,0.876521
5,5,8,vit_tiny,cifar10,0.03,9,base.blocks.8,0.863273
5,5,8,vit_tiny,cifar10,0.03,10,base.blocks.9,0.848085
5,5,8,vit_tiny,cifar10,0.03,11,base.blocks.10,0.833004
5,5,8,vit_tiny,cifar10,0.03,12,base.blocks.11,0.818508
5,5,8,vit_tiny,cifar10,0.03,13,base.norm,0.757592
5,5,8,vit_tiny,cifar10,0.03,14,classifier,0.496920
5,5,9,vit_tiny,cifar10,0.03,0,base.patch_embed,0.873537
5,5,9,vit_tiny,cifar10,0.03,1,base.blocks.0,0.855218
5,5,9,vit_tiny,cifar10,0.03,2,base.blocks.1,0.825351
5,5,9,vit_tiny,cifar10,0.03,3,base.blocks.2,0.799001
5,5,9,vit_tiny,cifar10,0.03,4,base.blocks.3,0.781046
5,5,9,vit_tiny,cifar10,0.03,5,base.blocks.4,0.760360
5,5,9,vit_tiny,cifar10,0.03,6,base.blocks.5,0.743673
5,5,9,vit_tiny,cifar10,0.03,7,base.blocks.6,0.737103
5,5,9,vit_tiny,cifar10,0.03,8,base.blocks.7,0.724695
5,5,9,vit_tiny,cifar10,0.03,9,base.blocks.8,0.716790
5,5,9,vit_tiny,cifar10,0.03,10,base.blocks.9,0.702972
5,5,9,vit_tiny,cifar10,0.03,11,base.blocks.10,0.690494
5,5,9,vit_tiny,cifar10,0.03,12,base.blocks.11,0.673963
5,5,9,vit_tiny,cifar10,0.03,13,base.norm,0.548572
5,5,9,vit_tiny,cifar10,0.03,14,classifier,0.427094
5,6,7,vit_tiny,cifar10,0.03,0,base.patch_embed,0.987393
5,6,7,vit_tiny,cifar10,0.03,1,base.blocks.0,0.977841
5,6,7,vit_tiny,cifar10,0.03,2,base.blocks.1,0.966840
5,6,7,vit_tiny,cifar10,0.03,3,base.blocks.2,0.956648
5,6,7,vit_tiny,cifar10,0.03,4,base.blocks.3,0.946544
5,6,7,vit_tiny,cifar10,0.03,5,base.blocks.4,0.935219
5,6,7,vit_tiny,cifar10,0.03,6,base.blocks.5,0.925637
5,6,7,vit_tiny,cifar10,0.03,7,base.blocks.6,0.918498
5,6,7,vit_tiny,cifar10,0.03,8,base.blocks.7,0.910370
5,6,7,vit_tiny,cifar10,0.03,9,base.blocks.8,0.901714
5,6,7,vit_tiny,cifar10,0.03,10,base.blocks.9,0.889294
5,6,7,vit_tiny,cifar10,0.03,11,base.blocks.10,0.880033
5,6,7,vit_tiny,cifar10,0.03,12,base.blocks.11,0.870460
5,6,7,vit_tiny,cifar10,0.03,13,base.norm,0.855546
5,6,7,vit_tiny,cifar10,0.03,14,classifier,0.361068
5,6,8,vit_tiny,cifar10,0.03,0,base.patch_embed,0.993292
5,6,8,vit_tiny,cifar10,0.03,1,base.blocks.0,0.990350
5,6,8,vit_tiny,cifar10,0.03,2,base.blocks.1,0.988724
5,6,8,vit_tiny,cifar10,0.03,3,base.blocks.2,0.985286
5,6,8,vit_tiny,cifar10,0.03,4,base.blocks.3,0.982775
5,6,8,vit_tiny,cifar10,0.03,5,base.blocks.4,0.977894
5,6,8,vit_tiny,cifar10,0.03,6,base.blocks.5,0.974710
5,6,8,vit_tiny,cifar10,0.03,7,base.blocks.6,0.971134
5,6,8,vit_tiny,cifar10,0.03,8,base.blocks.7,0.967033
5,6,8,vit_tiny,cifar10,0.03,9,base.blocks.8,0.963817
5,6,8,vit_tiny,cifar10,0.03,10,base.blocks.9,0.958869
5,6,8,vit_tiny,cifar10,0.03,11,base.blocks.10,0.955340
5,6,8,vit_tiny,cifar10,0.03,12,base.blocks.11,0.952526
5,6,8,vit_tiny,cifar10,0.03,13,base.norm,0.955993
5,6,8,vit_tiny,cifar10,0.03,14,classifier,0.761467
5,6,9,vit_tiny,cifar10,0.03,0,base.patch_embed,0.916871
5,6,9,vit_tiny,cifar10,0.03,1,base.blocks.0,0.928242
5,6,9,vit_tiny,cifar10,0.03,2,base.blocks.1,0.926452
5,6,9,vit_tiny,cifar10,0.03,3,base.blocks.2,0.920318
5,6,9,vit_tiny,cifar10,0.03,4,base.blocks.3,0.917349
5,6,9,vit_tiny,cifar10,0.03,5,base.blocks.4,0.909938
5,6,9,vit_tiny,cifar10,0.03,6,base.blocks.5,0.906648
5,6,9,vit_tiny,cifar10,0.03,7,base.blocks.6,0.901518
5,6,9,vit_tiny,cifar10,0.03,8,base.blocks.7,0.891575
5,6,9,vit_tiny,cifar10,0.03,9,base.blocks.8,0.888879
5,6,9,vit_tiny,cifar10,0.03,10,base.blocks.9,0.879489
5,6,9,vit_tiny,cifar10,0.03,11,base.blocks.10,0.874161
5,6,9,vit_tiny,cifar10,0.03,12,base.blocks.11,0.867054
5,6,9,vit_tiny,cifar10,0.03,13,base.norm,0.856643
5,6,9,vit_tiny,cifar10,0.03,14,classifier,0.542974
5,7,8,vit_tiny,cifar10,0.03,0,base.patch_embed,0.981891
5,7,8,vit_tiny,cifar10,0.03,1,base.blocks.0,0.976570
5,7,8,vit_tiny,cifar10,0.03,2,base.blocks.1,0.964390
5,7,8,vit_tiny,cifar10,0.03,3,base.blocks.2,0.952397
5,7,8,vit_tiny,cifar10,0.03,4,base.blocks.3,0.936701
5,7,8,vit_tiny,cifar10,0.03,5,base.blocks.4,0.920628
5,7,8,vit_tiny,cifar10,0.03,6,base.blocks.5,0.908402
5,7,8,vit_tiny,cifar10,0.03,7,base.blocks.6,0.899982
5,7,8,vit_tiny,cifar10,0.03,8,base.blocks.7,0.892024
5,7,8,vit_tiny,cifar10,0.03,9,base.blocks.8,0.883028
5,7,8,vit_tiny,cifar10,0.03,10,base.blocks.9,0.864836
5,7,8,vit_tiny,cifar10,0.03,11,base.blocks.10,0.852091
5,7,8,vit_tiny,cifar10,0.03,12,base.blocks.11,0.843081
5,7,8,vit_tiny,cifar10,0.03,13,base.norm,0.806277
5,7,8,vit_tiny,cifar10,0.03,14,classifier,0.665267
5,7,9,vit_tiny,cifar10,0.03,0,base.patch_embed,0.864369
5,7,9,vit_tiny,cifar10,0.03,1,base.blocks.0,0.876364
5,7,9,vit_tiny,cifar10,0.03,2,base.blocks.1,0.853211
5,7,9,vit_tiny,cifar10,0.03,3,base.blocks.2,0.826140
5,7,9,vit_tiny,cifar10,0.03,4,base.blocks.3,0.801335
5,7,9,vit_tiny,cifar10,0.03,5,base.blocks.4,0.774611
5,7,9,vit_tiny,cifar10,0.03,6,base.blocks.5,0.755554
5,7,9,vit_tiny,cifar10,0.03,7,base.blocks.6,0.747109
5,7,9,vit_tiny,cifar10,0.03,8,base.blocks.7,0.732742
5,7,9,vit_tiny,cifar10,0.03,9,base.blocks.8,0.725083
5,7,9,vit_tiny,cifar10,0.03,10,base.blocks.9,0.705018
5,7,9,vit_tiny,cifar10,0.03,11,base.blocks.10,0.693139
5,7,9,vit_tiny,cifar10,0.03,12,base.blocks.11,0.681374
5,7,9,vit_tiny,cifar10,0.03,13,base.norm,0.606953
5,7,9,vit_tiny,cifar10,0.03,14,classifier,0.630692
5,8,9,vit_tiny,cifar10,0.03,0,base.patch_embed,0.917711
5,8,9,vit_tiny,cifar10,0.03,1,base.blocks.0,0.930136
5,8,9,vit_tiny,cifar10,0.03,2,base.blocks.1,0.931003
5,8,9,vit_tiny,cifar10,0.03,3,base.blocks.2,0.929739
5,8,9,vit_tiny,cifar10,0.03,4,base.blocks.3,0.932695
5,8,9,vit_tiny,cifar10,0.03,5,base.blocks.4,0.935960
5,8,9,vit_tiny,cifar10,0.03,6,base.blocks.5,0.938656
5,8,9,vit_tiny,cifar10,0.03,7,base.blocks.6,0.943759
5,8,9,vit_tiny,cifar10,0.03,8,base.blocks.7,0.943721
5,8,9,vit_tiny,cifar10,0.03,9,base.blocks.8,0.947156
5,8,9,vit_tiny,cifar10,0.03,10,base.blocks.9,0.949468
5,8,9,vit_tiny,cifar10,0.03,11,base.blocks.10,0.951714
5,8,9,vit_tiny,cifar10,0.03,12,base.blocks.11,0.950778
5,8,9,vit_tiny,cifar10,0.03,13,base.norm,0.931492
5,8,9,vit_tiny,cifar10,0.03,14,classifier,0.819024
10,0,1,vit_tiny,cifar10,0.03,0,base.patch_embed,0.833289
10,0,1,vit_tiny,cifar10,0.03,1,base.blocks.0,0.816340
10,0,1,vit_tiny,cifar10,0.03,2,base.blocks.1,0.804669
10,0,1,vit_tiny,cifar10,0.03,3,base.blocks.2,0.784694
10,0,1,vit_tiny,cifar10,0.03,4,base.blocks.3,0.762461
10,0,1,vit_tiny,cifar10,0.03,5,base.blocks.4,0.745947
10,0,1,vit_tiny,cifar10,0.03,6,base.blocks.5,0.728424
10,0,1,vit_tiny,cifar10,0.03,7,base.blocks.6,0.722362
10,0,1,vit_tiny,cifar10,0.03,8,base.blocks.7,0.707383
10,0,1,vit_tiny,cifar10,0.03,9,base.blocks.8,0.703025
10,0,1,vit_tiny,cifar10,0.03,10,base.blocks.9,0.702989
10,0,1,vit_tiny,cifar10,0.03,11,base.blocks.10,0.699496
10,0,1,vit_tiny,cifar10,0.03,12,base.blocks.11,0.694301
10,0,1,vit_tiny,cifar10,0.03,13,base.norm,0.706752
10,0,1,vit_tiny,cifar10,0.03,14,classifier,0.458650
10,0,2,vit_tiny,cifar10,0.03,0,base.patch_embed,0.913764
10,0,2,vit_tiny,cifar10,0.03,1,base.blocks.0,0.931263
10,0,2,vit_tiny,cifar10,0.03,2,base.blocks.1,0.928267
10,0,2,vit_tiny,cifar10,0.03,3,base.blocks.2,0.923747
10,0,2,vit_tiny,cifar10,0.03,4,base.blocks.3,0.916442
10,0,2,vit_tiny,cifar10,0.03,5,base.blocks.4,0.912729
10,0,2,vit_tiny,cifar10,0.03,6,base.blocks.5,0.909825
10,0,2,vit_tiny,cifar10,0.03,7,base.blocks.6,0.910581
10,0,2,vit_tiny,cifar10,0.03,8,base.blocks.7,0.907269
10,0,2,vit_tiny,cifar10,0.03,9,base.blocks.8,0.903484
10,0,2,vit_tiny,cifar10,0.03,10,base.blocks.9,0.898975
10,0,2,vit_tiny,cifar10,0.03,11,base.blocks.10,0.890105
10,0,2,vit_tiny,cifar10,0.03,12,base.blocks.11,0.882329
10,0,2,vit_tiny,cifar10,0.03,13,base.norm,0.841771
10,0,2,vit_tiny,cifar10,0.03,14,classifier,0.505489
10,0,3,vit_tiny,cifar10,0.03,0,base.patch_embed,0.936238
10,0,3,vit_tiny,cifar10,0.03,1,base.blocks.0,0.928333
10,0,3,vit_tiny,cifar10,0.03,2,base.blocks.1,0.918537
10,0,3,vit_tiny,cifar10,0.03,3,base.blocks.2,0.909178
10,0,3,vit_tiny,cifar10,0.03,4,base.blocks.3,0.898707
10,0,3,vit_tiny,cifar10,0.03,5,base.blocks.4,0.891404
10,0,3,vit_tiny,cifar10,0.03,6,base.blocks.5,0.885777
10,0,3,vit_tiny,cifar10,0.03,7,base.blocks.6,0.884097
10,0,3,vit_tiny,cifar10,0.03,8,base.blocks.7,0.877919
10,0,3,vit_tiny,cifar10,0.03,9,base.blocks.8,0.870563
10,0,3,vit_tiny,cifar10,0.03,10,base.blocks.9,0.863906
10,0,3,vit_tiny,cifar10,0.03,11,base.blocks.10,0.853120
10,0,3,vit_tiny,cifar10,0.03,12,base.blocks.11,0.842350
10,0,3,vit_tiny,cifar10,0.03,13,base.norm,0.824155
10,0,3,vit_tiny,cifar10,0.03,14,classifier,0.490846
10,0,4,vit_tiny,cifar10,0.03,0,base.patch_embed,0.924676
10,0,4,vit_tiny,cifar10,0.03,1,base.blocks.0,0.935034
10,0,4,vit_tiny,cifar10,0.03,2,base.blocks.1,0.931916
10,0,4,vit_tiny,cifar10,0.03,3,base.blocks.2,0.925186
10,0,4,vit_tiny,cifar10,0.03,4,base.blocks.3,0.915212
10,0,4,vit_tiny,cifar10,0.03,5,base.blocks.4,0.908720
10,0,4,vit_tiny,cifar10,0.03,6,base.blocks.5,0.904008
10,0,4,vit_tiny,cifar10,0.03,7,base.blocks.6,0.903731
10,0,4,vit_tiny,cifar10,0.03,8,base.blocks.7,0.899316
10,0,4,vit_tiny,cifar10,0.03,9,base.blocks.8,0.895485
10,0,4,vit_tiny,cifar10,0.03,10,base.blocks.9,0.892814
10,0,4,vit_tiny,cifar10,0.03,11,base.blocks.10,0.886092
10,0,4,vit_tiny,cifar10,0.03,12,base.blocks.11,0.880773
10,0,4,vit_tiny,cifar10,0.03,13,base.norm,0.831849
10,0,4,vit_tiny,cifar10,0.03,14,classifier,0.278457
10,0,5,vit_tiny,cifar10,0.03,0,base.patch_embed,0.956326
10,0,5,vit_tiny,cifar10,0.03,1,base.blocks.0,0.956554
10,0,5,vit_tiny,cifar10,0.03,2,base.blocks.1,0.945370
10,0,5,vit_tiny,cifar10,0.03,3,base.blocks.2,0.940911
10,0,5,vit_tiny,cifar10,0.03,4,base.blocks.3,0.937868
10,0,5,vit_tiny,cifar10,0.03,5,base.blocks.4,0.930111
10,0,5,vit_tiny,cifar10,0.03,6,base.blocks.5,0.919894
10,0,5,vit_tiny,cifar10,0.03,7,base.blocks.6,0.920523
10,0,5,vit_tiny,cifar10,0.03,8,base.blocks.7,0.922553
10,0,5,vit_tiny,cifar10,0.03,9,base.blocks.8,0.924146
10,0,5,vit_tiny,cifar10,0.03,10,base.blocks.9,0.931324
10,0,5,vit_tiny,cifar10,0.03,11,base.blocks.10,0.936000
10,0,5,vit_tiny,cifar10,0.03,12,base.blocks.11,0.942289
10,0,5,vit_tiny,cifar10,0.03,13,base.norm,0.934749
10,0,5,vit_tiny,cifar10,0.03,14,classifier,0.442978
10,0,6,vit_tiny,cifar10,0.03,0,base.patch_embed,0.944815
10,0,6,vit_tiny,cifar10,0.03,1,base.blocks.0,0.942025
10,0,6,vit_tiny,cifar10,0.03,2,base.blocks.1,0.931812
10,0,6,vit_tiny,cifar10,0.03,3,base.blocks.2,0.921014
10,0,6,vit_tiny,cifar10,0.03,4,base.blocks.3,0.908185
10,0,6,vit_tiny,cifar10,0.03,5,base.blocks.4,0.898275
10,0,6,vit_tiny,cifar10,0.03,6,base.blocks.5,0.889974
10,0,6,vit_tiny,cifar10,0.03,7,base.blocks.6,0.885519
10,0,6,vit_tiny,cifar10,0.03,8,base.blocks.7,0.878478
10,0,6,vit_tiny,cifar10,0.03,9,base.blocks.8,0.868869
10,0,6,vit_tiny,cifar10,0.03,10,base.blocks.9,0.860090
10,0,6,vit_tiny,cifar10,0.03,11,base.blocks.10,0.846321
10,0,6,vit_tiny,cifar10,0.03,12,base.blocks.11,0.833146
10,0,6,vit_tiny,cifar10,0.03,13,base.norm,0.836571
10,0,6,vit_tiny,cifar10,0.03,14,classifier,0.374826
10,0,7,vit_tiny,cifar10,0.03,0,base.patch_embed,0.989417
10,0,7,vit_tiny,cifar10,0.03,1,base.blocks.0,0.982366
10,0,7,vit_tiny,cifar10,0.03,2,base.blocks.1,0.976977
10,0,7,vit_tiny,cifar10,0.03,3,base.blocks.2,0.971594
10,0,7,vit_tiny,cifar10,0.03,4,base.blocks.3,0.968206
10,0,7,vit_tiny,cifar10,0.03,5,base.blocks.4,0.963744
10,0,7,vit_tiny,cifar10,0.03,6,base.blocks.5,0.958858
10,0,7,vit_tiny,cifar10,0.03,7,base.blocks.6,0.954319
10,0,7,vit_tiny,cifar10,0.03,8,base.blocks.7,0.952097
10,0,7,vit_tiny,cifar10,0.03,9,base.blocks.8,0.949044
10,0,7,vit_tiny,cifar10,0.03,10,base.blocks.9,0.945946
10,0,7,vit_tiny,cifar10,0.03,11,base.blocks.10,0.940129
10,0,7,vit_tiny,cifar10,0.03,12,base.blocks.11,0.932587
10,0,7,vit_tiny,cifar10,0.03,13,base.norm,0.940840
10,0,7,vit_tiny,cifar10,0.03,14,classifier,0.234983
10,0,8,vit_tiny,cifar10,0.03,0,base.patch_embed,0.955969
10,0,8,vit_tiny,cifar10,0.03,1,base.blocks.0,0.952598
10,0,8,vit_tiny,cifar10,0.03,2,base.blocks.1,0.947260
10,0,8,vit_tiny,cifar10,0.03,3,base.blocks.2,0.937042
10,0,8,vit_tiny,cifar10,0.03,4,base.blocks.3,0.928476
10,0,8,vit_tiny,cifar10,0.03,5,base.blocks.4,0.918429
10,0,8,vit_tiny,cifar10,0.03,6,base.blocks.5,0.912454
10,0,8,vit_tiny,cifar10,0.03,7,base.blocks.6,0.908377
10,0,8,vit_tiny,cifar10,0.03,8,base.blocks.7,0.906029
10,0,8,vit_tiny,cifar10,0.03,9,base.blocks.8,0.895020
10,0,8,vit_tiny,cifar10,0.03,10,base.blocks.9,0.891818
10,0,8,vit_tiny,cifar10,0.03,11,base.blocks.10,0.883113
10,0,8,vit_tiny,cifar10,0.03,12,base.blocks.11,0.877969
10,0,8,vit_tiny,cifar10,0.03,13,base.norm,0.857095
10,0,8,vit_tiny,cifar10,0.03,14,classifier,0.271870
10,0,9,vit_tiny,cifar10,0.03,0,base.patch_embed,0.973120
10,0,9,vit_tiny,cifar10,0.03,1,base.blocks.0,0.969302
10,0,9,vit_tiny,cifar10,0.03,2,base.blocks.1,0.961715
10,0,9,vit_tiny,cifar10,0.03,3,base.blocks.2,0.952742
10,0,9,vit_tiny,cifar10,0.03,4,base.blocks.3,0.946911
10,0,9,vit_tiny,cifar10,0.03,5,base.blocks.4,0.940209
10,0,9,vit_tiny,cifar10,0.03,6,base.blocks.5,0.931955
10,0,9,vit_tiny,cifar10,0.03,7,base.blocks.6,0.920105
10,0,9,vit_tiny,cifar10,0.03,8,base.blocks.7,0.905998
10,0,9,vit_tiny,cifar10,0.03,9,base.blocks.8,0.884472
10,0,9,vit_tiny,cifar10,0.03,10,base.blocks.9,0.856731
10,0,9,vit_tiny,cifar10,0.03,11,base.blocks.10,0.819702
10,0,9,vit_tiny,cifar10,0.03,12,base.blocks.11,0.775598
10,0,9,vit_tiny,cifar10,0.03,13,base.norm,0.817208
10,0,9,vit_tiny,cifar10,0.03,14,classifier,0.250019
10,1,2,vit_tiny,cifar10,0.03,0,base.patch_embed,0.657016
10,1,2,vit_tiny,cifar10,0.03,1,base.blocks.0,0.698807
10,1,2,vit_tiny,cifar10,0.03,2,base.blocks.1,0.687405
10,1,2,vit_tiny,cifar10,0.03,3,base.blocks.2,0.661541
10,1,2,vit_tiny,cifar10,0.03,4,base.blocks.3,0.634902
10,1,2,vit_tiny,cifar10,0.03,5,base.blocks.4,0.624589
10,1,2,vit_tiny,cifar10,0.03,6,base.blocks.5,0.607913
10,1,2,vit_tiny,cifar10,0.03,7,base.blocks.6,0.602067
10,1,2,vit_tiny,cifar10,0.03,8,base.blocks.7,0.587897
10,1,2,vit_tiny,cifar10,0.03,9,base.blocks.8,0.582756
10,1,2,vit_tiny,cifar10,0.03,10,base.blocks.9,0.576146
10,1,2,vit_tiny,cifar10,0.03,11,base.blocks.10,0.564072
10,1,2,vit_tiny,cifar10,0.03,12,base.blocks.11,0.551557
10,1,2,vit_tiny,cifar10,0.03,13,base.norm,0.661000
10,1,2,vit_tiny,cifar10,0.03,14,classifier,0.239207
10,1,3,vit_tiny,cifar10,0.03,0,base.patch_embed,0.788356
10,1,3,vit_tiny,cifar10,0.03,1,base.blocks.0,0.799891
10,1,3,vit_tiny,cifar10,0.03,2,base.blocks.1,0.782168
10,1,3,vit_tiny,cifar10,0.03,3,base.blocks.2,0.759095
10,1,3,vit_tiny,cifar10,0.03,4,base.blocks.3,0.737966
10,1,3,vit_tiny,cifar10,0.03,5,base.blocks.4,0.731984
10,1,3,vit_tiny,cifar10,0.03,6,base.blocks.5,0.718661
10,1,3,vit_tiny,cifar10,0.03,7,base.blocks.6,0.711496
10,1,3,vit_tiny,cifar10,0.03,8,base.blocks.7,0.698465
10,1,3,vit_tiny,cifar10,0.03,9,base.blocks.8,0.698479
10,1,3,vit_tiny,cifar10,0.03,10,base.blocks.9,0.691072
10,1,3,vit_tiny,cifar10,0.03,11,base.blocks.10,0.679743
10,1,3,vit_tiny,cifar10,0.03,12,base.blocks.11,0.667773
10,1,3,vit_tiny,cifar10,0.03,13,base.norm,0.763593
10,1,3,vit_tiny,cifar10,0.03,14,classifier,0.531328
10,1,4,vit_tiny,cifar10,0.03,0,base.patch_embed,0.731149
10,1,4,vit_tiny,cifar10,0.03,1,base.blocks.0,0.761216
10,1,4,vit_tiny,cifar10,0.03,2,base.blocks.1,0.753848
10,1,4,vit_tiny,cifar10,0.03,3,base.blocks.2,0.734044
10,1,4,vit_tiny,cifar10,0.03,4,base.blocks.3,0.714611
10,1,4,vit_tiny,cifar10,0.03,5,base.blocks.4,0.708057
10,1,4,vit_tiny,cifar10,0.03,6,base.blocks.5,0.693733
10,1,4,vit_tiny,cifar10,0.03,7,base.blocks.6,0.688935
10,1,4,vit_tiny,cifar10,0.03,8,base.blocks.7,0.676360
10,1,4,vit_tiny,cifar10,0.03,9,base.blocks.8,0.674044
10,1,4,vit_tiny,cifar10,0.03,10,base.blocks.9,0.667632
10,1,4,vit_tiny,cifar10,0.03,11,base.blocks.10,0.656385
10,1,4,vit_tiny,cifar10,0.03,12,base.blocks.11,0.645184
10,1,4,vit_tiny,cifar10,0.03,13,base.norm,0.696586
10,1,4,vit_tiny,cifar10,0.03,14,classifier,0.287684
10,1,5,vit_tiny,cifar10,0.03,0,base.patch_embed,0.776750
10,1,5,vit_tiny,cifar10,0.03,1,base.blocks.0,0.836316
10,1,5,vit_tiny,cifar10,0.03,2,base.blocks.1,0.827783
10,1,5,vit_tiny,cifar10,0.03,3,base.blocks.2,0.817324
10,1,5,vit_tiny,cifar10,0.03,4,base.blocks.3,0.803951
10,1,5,vit_tiny,cifar10,0.03,5,base.blocks.4,0.789945
10,1,5,vit_tiny,cifar10,0.03,6,base.blocks.5,0.777487
10,1,5,vit_tiny,cifar10,0.03,7,base.blocks.6,0.764897
10,1,5,vit_tiny,cifar10,0.03,8,base.blocks.7,0.761448
10,1,5,vit_tiny,cifar10,0.03,9,base.blocks.8,0.759088
10,1,5,vit_tiny,cifar10,0.03,10,base.blocks.9,0.760600
10,1,5,vit_tiny,cifar10,0.03,11,base.blocks.10,0.757650
10,1,5,vit_tiny,cifar10,0.03,12,base.blocks.11,0.754085
10,1,5,vit_tiny,cifar10,0.03,13,base.norm,0.758837
10,1,5,vit_tiny,cifar10,0.03,14,classifier,0.314181
10,1,6,vit_tiny,cifar10,0.03,0,base.patch_embed,0.833238
10,1,6,vit_tiny,cifar10,0.03,1,base.blocks.0,0.832548
10,1,6,vit_tiny,cifar10,0.03,2,base.blocks.1,0.814862
10,1,6,vit_tiny,cifar10,0.03,3,base.blocks.2,0.794404
10,1,6,vit_tiny,cifar10,0.03,4,base.blocks.3,0.776397
10,1,6,vit_tiny,cifar10,0.03,5,base.blocks.4,0.770516
10,1,6,vit_tiny,cifar10,0.03,6,base.blocks.5,0.760366
10,1,6,vit_tiny,cifar10,0.03,7,base.blocks.6,0.753581
10,1,6,vit_tiny,cifar10,0.03,8,base.blocks.7,0.740529
10,1,6,vit_tiny,cifar10,0.03,9,base.blocks.8,0.742339
10,1,6,vit_tiny,cifar10,0.03,10,base.blocks.9,0.736667
10,1,6,vit_tiny,cifar10,0.03,11,base.blocks.10,0.727083
10,1,6,vit_tiny,cifar10,0.03,12,base.blocks.11,0.715523
10,1,6,vit_tiny,cifar10,0.03,13,base.norm,0.800642
10,1,6,vit_tiny,cifar10,0.03,14,classifier,0.413379
10,1,7,vit_tiny,cifar10,0.03,0,base.patch_embed,0.812239
10,1,7,vit_tiny,cifar10,0.03,1,base.blocks.0,0.794270
10,1,7,vit_tiny,cifar10,0.03,2,base.blocks.1,0.773000
10,1,7,vit_tiny,cifar10,0.03,3,base.blocks.2,0.744936
10,1,7,vit_tiny,cifar10,0.03,4,base.blocks.3,0.714630
10,1,7,vit_tiny,cifar10,0.03,5,base.blocks.4,0.693711
10,1,7,vit_tiny,cifar10,0.03,6,base.blocks.5,0.675941
10,1,7,vit_tiny,cifar10,0.03,7,base.blocks.6,0.672743
10,1,7,vit_tiny,cifar10,0.03,8,base.blocks.7,0.664337
10,1,7,vit_tiny,cifar10,0.03,9,base.blocks.8,0.665731
10,1,7,vit_tiny,cifar10,0.03,10,base.blocks.9,0.673345
10,1,7,vit_tiny,cifar10,0.03,11,base.blocks.10,0.673780
10,1,7,vit_tiny,cifar10,0.03,12,base.blocks.11,0.672514
10,1,7,vit_tiny,cifar10,0.03,13,base.norm,0.707375
10,1,7,vit_tiny,cifar10,0.03,14,classifier,0.288425
10,1,8,vit_tiny,cifar10,0.03,0,base.patch_embed,0.929139
10,1,8,vit_tiny,cifar10,0.03,1,base.blocks.0,0.924086
10,1,8,vit_tiny,cifar10,0.03,2,base.blocks.1,0.910936
10,1,8,vit_tiny,cifar10,0.03,3,base.blocks.2,0.898383
10,1,8,vit_tiny,cifar10,0.03,4,base.blocks.3,0.885673
10,1,8,vit_tiny,cifar10,0.03,5,base.blocks.4,0.881163
10,1,8,vit_tiny,cifar10,0.03,6,base.blocks.5,0.873578
10,1,8,vit_tiny,cifar10,0.03,7,base.blocks.6,0.868782
10,1,8,vit_tiny,cifar10,0.03,8,base.blocks.7,0.861372
10,1,8,vit_tiny,cifar10,0.03,9,base.blocks.8,0.864112
10,1,8,vit_tiny,cifar10,0.03,10,base.blocks.9,0.861696
10,1,8,vit_tiny,cifar10,0.03,11,base.blocks.10,0.859046
10,1,8,vit_tiny,cifar10,0.03,12,base.blocks.11,0.853487
10,1,8,vit_tiny,cifar10,0.03,13,base.norm,0.901552
10,1,8,vit_tiny,cifar10,0.03,14,classifier,0.657535
10,1,9,vit_tiny,cifar10,0.03,0,base.patch_embed,0.906914
10,1,9,vit_tiny,cifar10,0.03,1,base.blocks.0,0.848487
10,1,9,vit_tiny,cifar10,0.03,2,base.blocks.1,0.818598
10,1,9,vit_tiny,cifar10,0.03,3,base.blocks.2,0.794248
10,1,9,vit_tiny,cifar10,0.03,4,base.blocks.3,0.775690
10,1,9,vit_tiny,cifar10,0.03,5,base.blocks.4,0.765691
10,1,9,vit_tiny,cifar10,0.03,6,base.blocks.5,0.756781
10,1,9,vit_tiny,cifar10,0.03,7,base.blocks.6,0.751900
10,1,9,vit_tiny,cifar10,0.03,8,base.blocks.7,0.736507
10,1,9,vit_tiny,cifar10,0.03,9,base.blocks.8,0.733849
10,1,9,vit_tiny,cifar10,0.03,10,base.blocks.9,0.726576
10,1,9,vit_tiny,cifar10,0.03,11,base.blocks.10,0.712586
10,1,9,vit_tiny,cifar10,0.03,12,base.blocks.11,0.682384
10,1,9,vit_tiny,cifar10,0.03,13,base.norm,0.748564
10,1,9,vit_tiny,cifar10,0.03,14,classifier,0.350014
10,2,3,vit_tiny,cifar10,0.03,0,base.patch_embed,0.977689
10,2,3,vit_tiny,cifar10,0.03,1,base.blocks.0,0.981431
10,2,3,vit_tiny,cifar10,0.03,2,base.blocks.1,0.980877
10,2,3,vit_tiny,cifar10,0.03,3,base.blocks.2,0.978690
10,2,3,vit_tiny,cifar10,0.03,4,base.blocks.3,0.976457
10,2,3,vit_tiny,cifar10,0.03,5,base.blocks.4,0.974356
10,2,3,vit_tiny,cifar10,0.03,6,base.blocks.5,0.972603
10,2,3,vit_tiny,cifar10,0.03,7,base.blocks.6,0.971667
10,2,3,vit_tiny,cifar10,0.03,8,base.blocks.7,0.971249
10,2,3,vit_tiny,cifar10,0.03,9,base.blocks.8,0.969041
10,2,3,vit_tiny,cifar10,0.03,10,base.blocks.9,0.968176
10,2,3,vit_tiny,cifar10,0.03,11,base.blocks.10,0.967111
10,2,3,vit_tiny,cifar10,0.03,12,base.blocks.11,0.965236
10,2,3,vit_tiny,cifar10,0.03,13,base.norm,0.966748
10,2,3,vit_tiny,cifar10,0.03,14,classifier,0.664427
10,2,4,vit_tiny,cifar10,0.03,0,base.patch_embed,0.990677
10,2,4,vit_tiny,cifar10,0.03,1,base.blocks.0,0.990813
10,2,4,vit_tiny,cifar10,0.03,2,base.blocks.1,0.989925
10,2,4,vit_tiny,cifar10,0.03,3,base.blocks.2,0.988337
10,2,4,vit_tiny,cifar10,0.03,4,base.blocks.3,0.986582
10,2,4,vit_tiny,cifar10,0.03,5,base.blocks.4,0.985472
10,2,4,vit_tiny,cifar10,0.03,6,base.blocks.5,0.984768
10,2,4,vit_tiny,cifar10,0.03,7,base.blocks.6,0.984568
10,2,4,vit_tiny,cifar10,0.03,8,base.blocks.7,0.984037
10,2,4,vit_tiny,cifar10,0.03,9,base.blocks.8,0.982744
10,2,4,vit_tiny,cifar10,0.03,10,base.blocks.9,0.981794
10,2,4,vit_tiny,cifar10,0.03,11,base.blocks.10,0.980881
10,2,4,vit_tiny,cifar10,0.03,12,base.blocks.11,0.979546
10,2,4,vit_tiny,cifar10,0.03,13,base.norm,0.979183
10,2,4,vit_tiny,cifar10,0.03,14,classifier,0.740765
10,2,5,vit_tiny,cifar10,0.03,0,base.patch_embed,0.821281
10,2,5,vit_tiny,cifar10,0.03,1,base.blocks.0,0.840794
10,2,5,vit_tiny,cifar10,0.03,2,base.blocks.1,0.818748
10,2,5,vit_tiny,cifar10,0.03,3,base.blocks.2,0.804629
10,2,5,vit_tiny,cifar10,0.03,4,base.blocks.3,0.786458
10,2,5,vit_tiny,cifar10,0.03,5,base.blocks.4,0.771468
10,2,5,vit_tiny,cifar10,0.03,6,base.blocks.5,0.753965
10,2,5,vit_tiny,cifar10,0.03,7,base.blocks.6,0.755833
10,2,5,vit_tiny,cifar10,0.03,8,base.blocks.7,0.756590
10,2,5,vit_tiny,cifar10,0.03,9,base.blocks.8,0.755917
10,2,5,vit_tiny,cifar10,0.03,10,base.blocks.9,0.761377
10,2,5,vit_tiny,cifar10,0.03,11,base.blocks.10,0.761696
10,2,5,vit_tiny,cifar10,0.03,12,base.blocks.11,0.766955
10,2,5,vit_tiny,cifar10,0.03,13,base.norm,0.751077
10,2,5,vit_tiny,cifar10,0.03,14,classifier,0.208099
10,2,6,vit_tiny,cifar10,0.03,0,base.patch_embed,0.959382
10,2,6,vit_tiny,cifar10,0.03,1,base.blocks.0,0.970515
10,2,6,vit_tiny,cifar10,0.03,2,base.blocks.1,0.968885
10,2,6,vit_tiny,cifar10,0.03,3,base.blocks.2,0.963500
10,2,6,vit_tiny,cifar10,0.03,4,base.blocks.3,0.956988
10,2,6,vit_tiny,cifar10,0.03,5,base.blocks.4,0.950961
10,2,6,vit_tiny,cifar10,0.03,6,base.blocks.5,0.944308
10,2,6,vit_tiny,cifar10,0.03,7,base.blocks.6,0.940122
10,2,6,vit_tiny,cifar10,0.03,8,base.blocks.7,0.937751
10,2,6,vit_tiny,cifar10,0.03,9,base.blocks.8,0.932805
10,2,6,vit_tiny,cifar10,0.03,10,base.blocks.9,0.928959
10,2,6,vit_tiny,cifar10,0.03,11,base.blocks.10,0.924456
10,2,6,vit_tiny,cifar10,0.03,12,base.blocks.11,0.918632
10,2,6,vit_tiny,cifar10,0.03,13,base.norm,0.920873
10,2,6,vit_tiny,cifar10,0.03,14,classifier,0.418424
10,2,7,vit_tiny,cifar10,0.03,0,base.patch_embed,0.906838
10,2,7,vit_tiny,cifar10,0.03,1,base.blocks.0,0.879459
10,2,7,vit_tiny,cifar10,0.03,2,base.blocks.1,0.857011
10,2,7,vit_tiny,cifar10,0.03,3,base.blocks.2,0.839195
10,2,7,vit_tiny,cifar10,0.03,4,base.blocks.3,0.823857
10,2,7,vit_tiny,cifar10,0.03,5,base.blocks.4,0.810597
10,2,7,vit_tiny,cifar10,0.03,6,base.blocks.5,0.798609
10,2,7,vit_tiny,cifar10,0.03,7,base.blocks.6,0.794746
10,2,7,vit_tiny,cifar10,0.03,8,base.blocks.7,0.788648
10,2,7,vit_tiny,cifar10,0.03,9,base.blocks.8,0.786179
10,2,7,vit_tiny,cifar10,0.03,10,base.blocks.9,0.783786
10,2,7,vit_tiny,cifar10,0.03,11,base.blocks.10,0.780440
10,2,7,vit_tiny,cifar10,0.03,12,base.blocks.11,0.778753
10,2,7,vit_tiny,cifar10,0.03,13,base.norm,0.773380
10,2,7,vit_tiny,cifar10,0.03,14,classifier,0.143529
10,2,8,vit_tiny,cifar10,0.03,0,base.patch_embed,0.883819
10,2,8,vit_tiny,cifar10,0.03,1,base.blocks.0,0.902717
10,2,8,vit_tiny,cifar10,0.03,2,base.blocks.1,0.894801
10,2,8,vit_tiny,cifar10,0.03,3,base.blocks.2,0.878574
10,2,8,vit_tiny,cifar10,0.03,4,base.blocks.3,0.866469
10,2,8,vit_tiny,cifar10,0.03,5,base.blocks.4,0.855850
10,2,8,vit_tiny,cifar10,0.03,6,base.blocks.5,0.846483
10,2,8,vit_tiny,cifar10,0.03,7,base.blocks.6,0.842321
10,2,8,vit_tiny,cifar10,0.03,8,base.blocks.7,0.839965
10,2,8,vit_tiny,cifar10,0.03,9,base.blocks.8,0.834426
10,2,8,vit_tiny,cifar10,0.03,10,base.blocks.9,0.832998
10,2,8,vit_tiny,cifar10,0.03,11,base.blocks.10,0.828300
10,2,8,vit_tiny,cifar10,0.03,12,base.blocks.11,0.823528
10,2,8,vit_tiny,cifar10,0.03,13,base.norm,0.830060
10,2,8,vit_tiny,cifar10,0.03,14,classifier,0.257447
10,2,9,vit_tiny,cifar10,0.03,0,base.patch_embed,0.839306
10,2,9,vit_tiny,cifar10,0.03,1,base.blocks.0,0.885620
10,2,9,vit_tiny,cifar10,0.03,2,base.blocks.1,0.883371
10,2,9,vit_tiny,cifar10,0.03,3,base.blocks.2,0.867337
10,2,9,vit_tiny,cifar10,0.03,4,base.blocks.3,0.857923
10,2,9,vit_tiny,cifar10,0.03,5,base.blocks.4,0.846643
10,2,9,vit_tiny,cifar10,0.03,6,base.blocks.5,0.835147
10,2,9,vit_tiny,cifar10,0.03,7,base.blocks.6,0.824978
10,2,9,vit_tiny,cifar10,0.03,8,base.blocks.7,0.816785
10,2,9,vit_tiny,cifar10,0.03,9,base.blocks.8,0.807549
10,2,9,vit_tiny,cifar10,0.03,10,base.blocks.9,0.793429
10,2,9,vit_tiny,cifar10,0.03,11,base.blocks.10,0.774578
10,2,9,vit_tiny,cifar10,0.03,12,base.blocks.11,0.746257
10,2,9,vit_tiny,cifar10,0.03,13,base.norm,0.773530
10,2,9,vit_tiny,cifar10,0.03,14,classifier,0.281341
10,3,4,vit_tiny,cifar10,0.03,0,base.patch_embed,0.991713
10,3,4,vit_tiny,cifar10,0.03,1,base.blocks.0,0.990529
10,3,4,vit_tiny,cifar10,0.03,2,base.blocks.1,0.989305
10,3,4,vit_tiny,cifar10,0.03,3,base.blocks.2,0.987886
10,3,4,vit_tiny,cifar10,0.03,4,base.blocks.3,0.986990
10,3,4,vit_tiny,cifar10,0.03,5,base.blocks.4,0.985462
10,3,4,vit_tiny,cifar10,0.03,6,base.blocks.5,0.984154
10,3,4,vit_tiny,cifar10,0.03,7,base.blocks.6,0.983078
10,3,4,vit_tiny,cifar10,0.03,8,base.blocks.7,0.981824
10,3,4,vit_tiny,cifar10,0.03,9,base.blocks.8,0.980427
10,3,4,vit_tiny,cifar10,0.03,10,base.blocks.9,0.978426
10,3,4,vit_tiny,cifar10,0.03,11,base.blocks.10,0.976715
10,3,4,vit_tiny,cifar10,0.03,12,base.blocks.11,0.973751
10,3,4,vit_tiny,cifar10,0.03,13,base.norm,0.964076
10,3,4,vit_tiny,cifar10,0.03,14,classifier,0.392645
10,3,5,vit_tiny,cifar10,0.03,0,base.patch_embed,0.842703
10,3,5,vit_tiny,cifar10,0.03,1,base.blocks.0,0.861730
10,3,5,vit_tiny,cifar10,0.03,2,base.blocks.1,0.834296
10,3,5,vit_tiny,cifar10,0.03,3,base.blocks.2,0.817131
10,3,5,vit_tiny,cifar10,0.03,4,base.blocks.3,0.795802
10,3,5,vit_tiny,cifar10,0.03,5,base.blocks.4,0.778029
10,3,5,vit_tiny,cifar10,0.03,6,base.blocks.5,0.757887
10,3,5,vit_tiny,cifar10,0.03,7,base.blocks.6,0.753529
10,3,5,vit_tiny,cifar10,0.03,8,base.blocks.7,0.753283
10,3,5,vit_tiny,cifar10,0.03,9,base.blocks.8,0.752750
10,3,5,vit_tiny,cifar10,0.03,10,base.blocks.9,0.755545
10,3,5,vit_tiny,cifar10,0.03,11,base.blocks.10,0.755021
10,3,5,vit_tiny,cifar10,0.03,12,base.blocks.11,0.758908
10,3,5,vit_tiny,cifar10,0.03,13,base.norm,0.761356
10,3,5,vit_tiny,cifar10,0.03,14,classifier,0.417499
10,3,6,vit_tiny,cifar10,0.03,0,base.patch_embed,0.996397
10,3,6,vit_tiny,cifar10,0.03,1,base.blocks.0,0.996953
10,3,6,vit_tiny,cifar10,0.03,2,base.blocks.1,0.996345
10,3,6,vit_tiny,cifar10,0.03,3,base.blocks.2,0.995249
10,3,6,vit_tiny,cifar10,0.03,4,base.blocks.3,0.993980
10,3,6,vit_tiny,cifar10,0.03,5,base.blocks.4,0.992517
10,3,6,vit_tiny,cifar10,0.03,6,base.blocks.5,0.990580
10,3,6,vit_tiny,cifar10,0.03,7,base.blocks.6,0.989044
10,3,6,vit_tiny,cifar10,0.03,8,base.blocks.7,0.987704
10,3,6,vit_tiny,cifar10,0.03,9,base.blocks.8,0.986655
10,3,6,vit_tiny,cifar10,0.03,10,base.blocks.9,0.985220
10,3,6,vit_tiny,cifar10,0.03,11,base.blocks.10,0.983576
10,3,6,vit_tiny,cifar10,0.03,12,base.blocks.11,0.981709
10,3,6,vit_tiny,cifar10,0.03,13,base.norm,0.979372
10,3,6,vit_tiny,cifar10,0.03,14,classifier,0.838916
10,3,7,vit_tiny,cifar10,0.03,0,base.patch_embed,0.920362
10,3,7,vit_tiny,cifar10,0.03,1,base.blocks.0,0.870413
10,3,7,vit_tiny,cifar10,0.03,2,base.blocks.1,0.838141
10,3,7,vit_tiny,cifar10,0.03,3,base.blocks.2,0.813227
10,3,7,vit_tiny,cifar10,0.03,4,base.blocks.3,0.793044
10,3,7,vit_tiny,cifar10,0.03,5,base.blocks.4,0.777055
10,3,7,vit_tiny,cifar10,0.03,6,base.blocks.5,0.763647
10,3,7,vit_tiny,cifar10,0.03,7,base.blocks.6,0.759109
10,3,7,vit_tiny,cifar10,0.03,8,base.blocks.7,0.753845
10,3,7,vit_tiny,cifar10,0.03,9,base.blocks.8,0.752370
10,3,7,vit_tiny,cifar10,0.03,10,base.blocks.9,0.750697
10,3,7,vit_tiny,cifar10,0.03,11,base.blocks.10,0.747748
10,3,7,vit_tiny,cifar10,0.03,12,base.blocks.11,0.747230
10,3,7,vit_tiny,cifar10,0.03,13,base.norm,0.773811
10,3,7,vit_tiny,cifar10,0.03,14,classifier,0.324137
10,3,8,vit_tiny,cifar10,0.03,0,base.patch_embed,0.953859
10,3,8,vit_tiny,cifar10,0.03,1,base.blocks.0,0.953867
10,3,8,vit_tiny,cifar10,0.03,2,base.blocks.1,0.944985
10,3,8,vit_tiny,cifar10,0.03,3,base.blocks.2,0.934071
10,3,8,vit_tiny,cifar10,0.03,4,base.blocks.3,0.927202
10,3,8,vit_tiny,cifar10,0.03,5,base.blocks.4,0.921890
10,3,8,vit_tiny,cifar10,0.03,6,base.blocks.5,0.915811
10,3,8,vit_tiny,cifar10,0.03,7,base.blocks.6,0.912495
10,3,8,vit_tiny,cifar10,0.03,8,base.blocks.7,0.908734
10,3,8,vit_tiny,cifar10,0.03,9,base.blocks.8,0.908389
10,3,8,vit_tiny,cifar10,0.03,10,base.blocks.9,0.906792
10,3,8,vit_tiny,cifar10,0.03,11,base.blocks.10,0.904013
10,3,8,vit_tiny,cifar10,0.03,12,base.blocks.11,0.900491
10,3,8,vit_tiny,cifar10,0.03,13,base.norm,0.907063
10,3,8,vit_tiny,cifar10,0.03,14,classifier,0.507489
10,3,9,vit_tiny,cifar10,0.03,0,base.patch_embed,0.902333
10,3,9,vit_tiny,cifar10,0.03,1,base.blocks.0,0.912099
10,3,9,vit_tiny,cifar10,0.03,2,base.blocks.1,0.904989
10,3,9,vit_tiny,cifar10,0.03,3,base.blocks.2,0.889722
10,3,9,vit_tiny,cifar10,0.03,4,base.blocks.3,0.884275
10,3,9,vit_tiny,cifar10,0.03,5,base.blocks.4,0.877151
10,3,9,vit_tiny,cifar10,0.03,6,base.blocks.5,0.870890
10,3,9,vit_tiny,cifar10,0.03,7,base.blocks.6,0.864656
10,3,9,vit_tiny,cifar10,0.03,8,base.blocks.7,0.858599
10,3,9,vit_tiny,cifar10,0.03,9,base.blocks.8,0.853966
10,3,9,vit_tiny,cifar10,0.03,10,base.blocks.9,0.845477
10,3,9,vit_tiny,cifar10,0.03,11,base.blocks.10,0.831419
10,3,9,vit_tiny,cifar10,0.03,12,base.blocks.11,0.808853
10,3,9,vit_tiny,cifar10,0.03,13,base.norm,0.840939
10,3,9,vit_tiny,cifar10,0.03,14,classifier,0.271076
10,4,5,vit_tiny,cifar10,0.03,0,base.patch_embed,0.811364
10,4,5,vit_tiny,cifar10,0.03,1,base.blocks.0,0.840835
10,4,5,vit_tiny,cifar10,0.03,2,base.blocks.1,0.821830
10,4,5,vit_tiny,cifar10,0.03,3,base.blocks.2,0.809267
10,4,5,vit_tiny,cifar10,0.03,4,base.blocks.3,0.793706
10,4,5,vit_tiny,cifar10,0.03,5,base.blocks.4,0.780092
10,4,5,vit_tiny,cifar10,0.03,6,base.blocks.5,0.765462
10,4,5,vit_tiny,cifar10,0.03,7,base.blocks.6,0.765586
10,4,5,vit_tiny,cifar10,0.03,8,base.blocks.7,0.769127
10,4,5,vit_tiny,cifar10,0.03,9,base.blocks.8,0.770434
10,4,5,vit_tiny,cifar10,0.03,10,base.blocks.9,0.775784
10,4,5,vit_tiny,cifar10,0.03,11,base.blocks.10,0.777020
10,4,5,vit_tiny,cifar10,0.03,12,base.blocks.11,0.782403
10,4,5,vit_tiny,cifar10,0.03,13,base.norm,0.755868
10,4,5,vit_tiny,cifar10,0.03,14,classifier,0.046492
10,4,6,vit_tiny,cifar10,0.03,0,base.patch_embed,0.983351
10,4,6,vit_tiny,cifar10,0.03,1,base.blocks.0,0.984245
10,4,6,vit_tiny,cifar10,0.03,2,base.blocks.1,0.981898
10,4,6,vit_tiny,cifar10,0.03,3,base.blocks.2,0.977591
10,4,6,vit_tiny,cifar10,0.03,4,base.blocks.3,0.973636
10,4,6,vit_tiny,cifar10,0.03,5,base.blocks.4,0.968359
10,4,6,vit_tiny,cifar10,0.03,6,base.blocks.5,0.962997
10,4,6,vit_tiny,cifar10,0.03,7,base.blocks.6,0.959027
10,4,6,vit_tiny,cifar10,0.03,8,base.blocks.7,0.955029
10,4,6,vit_tiny,cifar10,0.03,9,base.blocks.8,0.951111
10,4,6,vit_tiny,cifar10,0.03,10,base.blocks.9,0.946381
10,4,6,vit_tiny,cifar10,0.03,11,base.blocks.10,0.941639
10,4,6,vit_tiny,cifar10,0.03,12,base.blocks.11,0.935163
10,4,6,vit_tiny,cifar10,0.03,13,base.norm,0.918348
10,4,6,vit_tiny,cifar10,0.03,14,classifier,0.110084
10,4,7,vit_tiny,cifar10,0.03,0,base.patch_embed,0.920414
10,4,7,vit_tiny,cifar10,0.03,1,base.blocks.0,0.888266
10,4,7,vit_tiny,cifar10,0.03,2,base.blocks.1,0.862974
10,4,7,vit_tiny,cifar10,0.03,3,base.blocks.2,0.841151
10,4,7,vit_tiny,cifar10,0.03,4,base.blocks.3,0.821244
10,4,7,vit_tiny,cifar10,0.03,5,base.blocks.4,0.805290
10,4,7,vit_tiny,cifar10,0.03,6,base.blocks.5,0.791635
10,4,7,vit_tiny,cifar10,0.03,7,base.blocks.6,0.787019
10,4,7,vit_tiny,cifar10,0.03,8,base.blocks.7,0.781789
10,4,7,vit_tiny,cifar10,0.03,9,base.blocks.8,0.779469
10,4,7,vit_tiny,cifar10,0.03,10,base.blocks.9,0.778653
10,4,7,vit_tiny,cifar10,0.03,11,base.blocks.10,0.775826
10,4,7,vit_tiny,cifar10,0.03,12,base.blocks.11,0.774206
10,4,7,vit_tiny,cifar10,0.03,13,base.norm,0.776778
10,4,7,vit_tiny,cifar10,0.03,14,classifier,0.213772
10,4,8,vit_tiny,cifar10,0.03,0,base.patch_embed,0.927199
10,4,8,vit_tiny,cifar10,0.03,1,base.blocks.0,0.933249
10,4,8,vit_tiny,cifar10,0.03,2,base.blocks.1,0.925548
10,4,8,vit_tiny,cifar10,0.03,3,base.blocks.2,0.911583
10,4,8,vit_tiny,cifar10,0.03,4,base.blocks.3,0.903647
10,4,8,vit_tiny,cifar10,0.03,5,base.blocks.4,0.895318
10,4,8,vit_tiny,cifar10,0.03,6,base.blocks.5,0.888269
10,4,8,vit_tiny,cifar10,0.03,7,base.blocks.6,0.884646
10,4,8,vit_tiny,cifar10,0.03,8,base.blocks.7,0.882036
10,4,8,vit_tiny,cifar10,0.03,9,base.blocks.8,0.879215
10,4,8,vit_tiny,cifar10,0.03,10,base.blocks.9,0.878739
10,4,8,vit_tiny,cifar10,0.03,11,base.blocks.10,0.876545
10,4,8,vit_tiny,cifar10,0.03,12,base.blocks.11,0.874195
10,4,8,vit_tiny,cifar10,0.03,13,base.norm,0.859576
10,4,8,vit_tiny,cifar10,0.03,14,classifier,0.418056
10,4,9,vit_tiny,cifar10,0.03,0,base.patch_embed,0.866507
10,4,9,vit_tiny,cifar10,0.03,1,base.blocks.0,0.891931
10,4,9,vit_tiny,cifar10,0.03,2,base.blocks.1,0.886788
10,4,9,vit_tiny,cifar10,0.03,3,base.blocks.2,0.868240
10,4,9,vit_tiny,cifar10,0.03,4,base.blocks.3,0.859415
10,4,9,vit_tiny,cifar10,0.03,5,base.blocks.4,0.848230
10,4,9,vit_tiny,cifar10,0.03,6,base.blocks.5,0.838707
10,4,9,vit_tiny,cifar10,0.03,7,base.blocks.6,0.830447
10,4,9,vit_tiny,cifar10,0.03,8,base.blocks.7,0.821723
10,4,9,vit_tiny,cifar10,0.03,9,base.blocks.8,0.812743
10,4,9,vit_tiny,cifar10,0.03,10,base.blocks.9,0.800263
10,4,9,vit_tiny,cifar10,0.03,11,base.blocks.10,0.783625
10,4,9,vit_tiny,cifar10,0.03,12,base.blocks.11,0.756506
10,4,9,vit_tiny,cifar10,0.03,13,base.norm,0.773802
10,4,9,vit_tiny,cifar10,0.03,14,classifier,0.275640
10,5,6,vit_tiny,cifar10,0.03,0,base.patch_embed,0.848455
10,5,6,vit_tiny,cifar10,0.03,1,base.blocks.0,0.886940
10,5,6,vit_tiny,cifar10,0.03,2,base.blocks.1,0.863266
10,5,6,vit_tiny,cifar10,0.03,3,base.blocks.2,0.847362
10,5,6,vit_tiny,cifar10,0.03,4,base.blocks.3,0.824942
10,5,6,vit_tiny,cifar10,0.03,5,base.blocks.4,0.805301
10,5,6,vit_tiny,cifar10,0.03,6,base.blocks.5,0.783297
10,5,6,vit_tiny,cifar10,0.03,7,base.blocks.6,0.775216
10,5,6,vit_tiny,cifar10,0.03,8,base.blocks.7,0.772820
10,5,6,vit_tiny,cifar10,0.03,9,base.blocks.8,0.770543
10,5,6,vit_tiny,cifar10,0.03,10,base.blocks.9,0.771846
10,5,6,vit_tiny,cifar10,0.03,11,base.blocks.10,0.768597
10,5,6,vit_tiny,cifar10,0.03,12,base.blocks.11,0.771555
10,5,6,vit_tiny,cifar10,0.03,13,base.norm,0.777121
10,5,6,vit_tiny,cifar10,0.03,14,classifier,0.310857
10,5,7,vit_tiny,cifar10,0.03,0,base.patch_embed,0.930580
10,5,7,vit_tiny,cifar10,0.03,1,base.blocks.0,0.949723
10,5,7,vit_tiny,cifar10,0.03,2,base.blocks.1,0.956176
10,5,7,vit_tiny,cifar10,0.03,3,base.blocks.2,0.959274
10,5,7,vit_tiny,cifar10,0.03,4,base.blocks.3,0.963049
10,5,7,vit_tiny,cifar10,0.03,5,base.blocks.4,0.962663
10,5,7,vit_tiny,cifar10,0.03,6,base.blocks.5,0.961134
10,5,7,vit_tiny,cifar10,0.03,7,base.blocks.6,0.963635
10,5,7,vit_tiny,cifar10,0.03,8,base.blocks.7,0.960640
10,5,7,vit_tiny,cifar10,0.03,9,base.blocks.8,0.957596
10,5,7,vit_tiny,cifar10,0.03,10,base.blocks.9,0.955938
10,5,7,vit_tiny,cifar10,0.03,11,base.blocks.10,0.949416
10,5,7,vit_tiny,cifar10,0.03,12,base.blocks.11,0.941768
10,5,7,vit_tiny,cifar10,0.03,13,base.norm,0.937740
10,5,7,vit_tiny,cifar10,0.03,14,classifier,0.327988
10,5,8,vit_tiny,cifar10,0.03,0,base.patch_embed,0.872025
10,5,8,vit_tiny,cifar10,0.03,1,base.blocks.0,0.930462
10,5,8,vit_tiny,cifar10,0.03,2,base.blocks.1,0.923256
10,5,8,vit_tiny,cifar10,0.03,3,base.blocks.2,0.915583
10,5,8,vit_tiny,cifar10,0.03,4,base.blocks.3,0.901205
10,5,8,vit_tiny,cifar10,0.03,5,base.blocks.4,0.884722
10,5,8,vit_tiny,cifar10,0.03,6,base.blocks.5,0.869922
10,5,8,vit_tiny,cifar10,0.03,7,base.blocks.6,0.860692
10,5,8,vit_tiny,cifar10,0.03,8,base.blocks.7,0.863517
10,5,8,vit_tiny,cifar10,0.03,9,base.blocks.8,0.857091
10,5,8,vit_tiny,cifar10,0.03,10,base.blocks.9,0.857817
10,5,8,vit_tiny,cifar10,0.03,11,base.blocks.10,0.854497
10,5,8,vit_tiny,cifar10,0.03,12,base.blocks.11,0.857898
10,5,8,vit_tiny,cifar10,0.03,13,base.norm,0.837496
10,5,8,vit_tiny,cifar10,0.03,14,classifier,0.331533
10,5,9,vit_tiny,cifar10,0.03,0,base.patch_embed,0.947534
10,5,9,vit_tiny,cifar10,0.03,1,base.blocks.0,0.962909
10,5,9,vit_tiny,cifar10,0.03,2,base.blocks.1,0.941572
10,5,9,vit_tiny,cifar10,0.03,3,base.blocks.2,0.925228
10,5,9,vit_tiny,cifar10,0.03,4,base.blocks.3,0.902951
10,5,9,vit_tiny,cifar10,0.03,5,base.blocks.4,0.882284
10,5,9,vit_tiny,cifar10,0.03,6,base.blocks.5,0.855752
10,5,9,vit_tiny,cifar10,0.03,7,base.blocks.6,0.841948
10,5,9,vit_tiny,cifar10,0.03,8,base.blocks.7,0.825406
10,5,9,vit_tiny,cifar10,0.03,9,base.blocks.8,0.808313
10,5,9,vit_tiny,cifar10,0.03,10,base.blocks.9,0.789996
10,5,9,vit_tiny,cifar10,0.03,11,base.blocks.10,0.763210
10,5,9,vit_tiny,cifar10,0.03,12,base.blocks.11,0.736549
10,5,9,vit_tiny,cifar10,0.03,13,base.norm,0.731646
10,5,9,vit_tiny,cifar10,0.03,14,classifier,0.292574
10,6,7,vit_tiny,cifar10,0.03,0,base.patch_embed,0.929078
10,6,7,vit_tiny,cifar10,0.03,1,base.blocks.0,0.888513
10,6,7,vit_tiny,cifar10,0.03,2,base.blocks.1,0.858268
10,6,7,vit_tiny,cifar10,0.03,3,base.blocks.2,0.832944
10,6,7,vit_tiny,cifar10,0.03,4,base.blocks.3,0.810542
10,6,7,vit_tiny,cifar10,0.03,5,base.blocks.4,0.793395
10,6,7,vit_tiny,cifar10,0.03,6,base.blocks.5,0.779168
10,6,7,vit_tiny,cifar10,0.03,7,base.blocks.6,0.773755
10,6,7,vit_tiny,cifar10,0.03,8,base.blocks.7,0.769927
10,6,7,vit_tiny,cifar10,0.03,9,base.blocks.8,0.768688
10,6,7,vit_tiny,cifar10,0.03,10,base.blocks.9,0.767205
10,6,7,vit_tiny,cifar10,0.03,11,base.blocks.10,0.762517
10,6,7,vit_tiny,cifar10,0.03,12,base.blocks.11,0.762466
10,6,7,vit_tiny,cifar10,0.03,13,base.norm,0.795328
10,6,7,vit_tiny,cifar10,0.03,14,classifier,0.233835
10,6,8,vit_tiny,cifar10,0.03,0,base.patch_embed,0.974823
10,6,8,vit_tiny,cifar10,0.03,1,base.blocks.0,0.972810
10,6,8,vit_tiny,cifar10,0.03,2,base.blocks.1,0.967191
10,6,8,vit_tiny,cifar10,0.03,3,base.blocks.2,0.960873
10,6,8,vit_tiny,cifar10,0.03,4,base.blocks.3,0.957388
10,6,8,vit_tiny,cifar10,0.03,5,base.blocks.4,0.954891
10,6,8,vit_tiny,cifar10,0.03,6,base.blocks.5,0.952186
10,6,8,vit_tiny,cifar10,0.03,7,base.blocks.6,0.950717
10,6,8,vit_tiny,cifar10,0.03,8,base.blocks.7,0.947684
10,6,8,vit_tiny,cifar10,0.03,9,base.blocks.8,0.948359
10,6,8,vit_tiny,cifar10,0.03,10,base.blocks.9,0.947347
10,6,8,vit_tiny,cifar10,0.03,11,base.blocks.10,0.945186
10,6,8,vit_tiny,cifar10,0.03,12,base.blocks.11,0.942144
10,6,8,vit_tiny,cifar10,0.03,13,base.norm,0.941608
10,6,8,vit_tiny,cifar10,0.03,14,classifier,0.388837
10,6,9,vit_tiny,cifar10,0.03,0,base.patch_embed,0.924041
10,6,9,vit_tiny,cifar10,0.03,1,base.blocks.0,0.935545
10,6,9,vit_tiny,cifar10,0.03,2,base.blocks.1,0.930444
10,6,9,vit_tiny,cifar10,0.03,3,base.blocks.2,0.919481
10,6,9,vit_tiny,cifar10,0.03,4,base.blocks.3,0.915971
10,6,9,vit_tiny,cifar10,0.03,5,base.blocks.4,0.912132
10,6,9,vit_tiny,cifar10,0.03,6,base.blocks.5,0.909655
10,6,9,vit_tiny,cifar10,0.03,7,base.blocks.6,0.906464
10,6,9,vit_tiny,cifar10,0.03,8,base.blocks.7,0.903659
10,6,9,vit_tiny,cifar10,0.03,9,base.blocks.8,0.900946
10,6,9,vit_tiny,cifar10,0.03,10,base.blocks.9,0.895037
10,6,9,vit_tiny,cifar10,0.03,11,base.blocks.10,0.883192
10,6,9,vit_tiny,cifar10,0.03,12,base.blocks.11,0.865022
10,6,9,vit_tiny,cifar10,0.03,13,base.norm,0.894027
10,6,9,vit_tiny,cifar10,0.03,14,classifier,0.194262
10,7,8,vit_tiny,cifar10,0.03,0,base.patch_embed,0.941696
10,7,8,vit_tiny,cifar10,0.03,1,base.blocks.0,0.918956
10,7,8,vit_tiny,cifar10,0.03,2,base.blocks.1,0.901850
10,7,8,vit_tiny,cifar10,0.03,3,base.blocks.2,0.883012
10,7,8,vit_tiny,cifar10,0.03,4,base.blocks.3,0.867429
10,7,8,vit_tiny,cifar10,0.03,5,base.blocks.4,0.853763
10,7,8,vit_tiny,cifar10,0.03,6,base.blocks.5,0.846590
10,7,8,vit_tiny,cifar10,0.03,7,base.blocks.6,0.843801
10,7,8,vit_tiny,cifar10,0.03,8,base.blocks.7,0.847944
10,7,8,vit_tiny,cifar10,0.03,9,base.blocks.8,0.842548
10,7,8,vit_tiny,cifar10,0.03,10,base.blocks.9,0.843587
10,7,8,vit_tiny,cifar10,0.03,11,base.blocks.10,0.840338
10,7,8,vit_tiny,cifar10,0.03,12,base.blocks.11,0.840106
10,7,8,vit_tiny,cifar10,0.03,13,base.norm,0.860739
10,7,8,vit_tiny,cifar10,0.03,14,classifier,0.734062
10,7,9,vit_tiny,cifar10,0.03,0,base.patch_embed,0.940541
10,7,9,vit_tiny,cifar10,0.03,1,base.blocks.0,0.929850
10,7,9,vit_tiny,cifar10,0.03,2,base.blocks.1,0.918411
10,7,9,vit_tiny,cifar10,0.03,3,base.blocks.2,0.905371
10,7,9,vit_tiny,cifar10,0.03,4,base.blocks.3,0.893898
10,7,9,vit_tiny,cifar10,0.03,5,base.blocks.4,0.885195
10,7,9,vit_tiny,cifar10,0.03,6,base.blocks.5,0.875145
10,7,9,vit_tiny,cifar10,0.03,7,base.blocks.6,0.868214
10,7,9,vit_tiny,cifar10,0.03,8,base.blocks.7,0.860872
10,7,9,vit_tiny,cifar10,0.03,9,base.blocks.8,0.851562
10,7,9,vit_tiny,cifar10,0.03,10,base.blocks.9,0.835198
10,7,9,vit_tiny,cifar10,0.03,11,base.blocks.10,0.817262
10,7,9,vit_tiny,cifar10,0.03,12,base.blocks.11,0.797028
10,7,9,vit_tiny,cifar10,0.03,13,base.norm,0.823896
10,7,9,vit_tiny,cifar10,0.03,14,classifier,0.459460
10,8,9,vit_tiny,cifar10,0.03,0,base.patch_embed,0.965871
10,8,9,vit_tiny,cifar10,0.03,1,base.blocks.0,0.963055
10,8,9,vit_tiny,cifar10,0.03,2,base.blocks.1,0.962138
10,8,9,vit_tiny,cifar10,0.03,3,base.blocks.2,0.958389
10,8,9,vit_tiny,cifar10,0.03,4,base.blocks.3,0.957550
10,8,9,vit_tiny,cifar10,0.03,5,base.blocks.4,0.955622
10,8,9,vit_tiny,cifar10,0.03,6,base.blocks.5,0.954965
10,8,9,vit_tiny,cifar10,0.03,7,base.blocks.6,0.954242
10,8,9,vit_tiny,cifar10,0.03,8,base.blocks.7,0.950591
10,8,9,vit_tiny,cifar10,0.03,9,base.blocks.8,0.944139
10,8,9,vit_tiny,cifar10,0.03,10,base.blocks.9,0.936399
10,8,9,vit_tiny,cifar10,0.03,11,base.blocks.10,0.923138
10,8,9,vit_tiny,cifar10,0.03,12,base.blocks.11,0.900955
10,8,9,vit_tiny,cifar10,0.03,13,base.norm,0.911633
10,8,9,vit_tiny,cifar10,0.03,14,classifier,0.466042
20,0,1,vit_tiny,cifar10,0.03,0,base.patch_embed,0.914338
20,0,1,vit_tiny,cifar10,0.03,1,base.blocks.0,0.916463
20,0,1,vit_tiny,cifar10,0.03,2,base.blocks.1,0.917412
20,0,1,vit_tiny,cifar10,0.03,3,base.blocks.2,0.918214
20,0,1,vit_tiny,cifar10,0.03,4,base.blocks.3,0.911973
20,0,1,vit_tiny,cifar10,0.03,5,base.blocks.4,0.901605
20,0,1,vit_tiny,cifar10,0.03,6,base.blocks.5,0.887895
20,0,1,vit_tiny,cifar10,0.03,7,base.blocks.6,0.872070
20,0,1,vit_tiny,cifar10,0.03,8,base.blocks.7,0.859319
20,0,1,vit_tiny,cifar10,0.03,9,base.blocks.8,0.850285
20,0,1,vit_tiny,cifar10,0.03,10,base.blocks.9,0.845233
20,0,1,vit_tiny,cifar10,0.03,11,base.blocks.10,0.835691
20,0,1,vit_tiny,cifar10,0.03,12,base.blocks.11,0.829678
20,0,1,vit_tiny,cifar10,0.03,13,base.norm,0.834852
20,0,1,vit_tiny,cifar10,0.03,14,classifier,0.377336
20,0,2,vit_tiny,cifar10,0.03,0,base.patch_embed,0.963567
20,0,2,vit_tiny,cifar10,0.03,1,base.blocks.0,0.972673
20,0,2,vit_tiny,cifar10,0.03,2,base.blocks.1,0.967597
20,0,2,vit_tiny,cifar10,0.03,3,base.blocks.2,0.963151
20,0,2,vit_tiny,cifar10,0.03,4,base.blocks.3,0.958737
20,0,2,vit_tiny,cifar10,0.03,5,base.blocks.4,0.954936
20,0,2,vit_tiny,cifar10,0.03,6,base.blocks.5,0.951607
20,0,2,vit_tiny,cifar10,0.03,7,base.blocks.6,0.947868
20,0,2,vit_tiny,cifar10,0.03,8,base.blocks.7,0.942166
20,0,2,vit_tiny,cifar10,0.03,9,base.blocks.8,0.935045
20,0,2,vit_tiny,cifar10,0.03,10,base.blocks.9,0.922060
20,0,2,vit_tiny,cifar10,0.03,11,base.blocks.10,0.903809
20,0,2,vit_tiny,cifar10,0.03,12,base.blocks.11,0.879923
20,0,2,vit_tiny,cifar10,0.03,13,base.norm,0.770380
20,0,2,vit_tiny,cifar10,0.03,14,classifier,0.337883
20,0,3,vit_tiny,cifar10,0.03,0,base.patch_embed,0.910827
20,0,3,vit_tiny,cifar10,0.03,1,base.blocks.0,0.926212
20,0,3,vit_tiny,cifar10,0.03,2,base.blocks.1,0.930844
20,0,3,vit_tiny,cifar10,0.03,3,base.blocks.2,0.921646
20,0,3,vit_tiny,cifar10,0.03,4,base.blocks.3,0.912280
20,0,3,vit_tiny,cifar10,0.03,5,base.blocks.4,0.903267
20,0,3,vit_tiny,cifar10,0.03,6,base.blocks.5,0.894398
20,0,3,vit_tiny,cifar10,0.03,7,base.blocks.6,0.879892
20,0,3,vit_tiny,cifar10,0.03,8,base.blocks.7,0.866035
20,0,3,vit_tiny,cifar10,0.03,9,base.blocks.8,0.853824
20,0,3,vit_tiny,cifar10,0.03,10,base.blocks.9,0.831739
20,0,3,vit_tiny,cifar10,0.03,11,base.blocks.10,0.800939
20,0,3,vit_tiny,cifar10,0.03,12,base.blocks.11,0.760231
20,0,3,vit_tiny,cifar10,0.03,13,base.norm,0.723162
20,0,3,vit_tiny,cifar10,0.03,14,classifier,0.465152
20,0,4,vit_tiny,cifar10,0.03,0,base.patch_embed,0.933467
20,0,4,vit_tiny,cifar10,0.03,1,base.blocks.0,0.971361
20,0,4,vit_tiny,cifar10,0.03,2,base.blocks.1,0.977090
20,0,4,vit_tiny,cifar10,0.03,3,base.blocks.2,0.979702
20,0,4,vit_tiny,cifar10,0.03,4,base.blocks.3,0.981514
20,0,4,vit_tiny,cifar10,0.03,5,base.blocks.4,0.982444
20,0,4,vit_tiny,cifar10,0.03,6,base.blocks.5,0.982275
20,0,4,vit_tiny,cifar10,0.03,7,base.blocks.6,0.980021
20,0,4,vit_tiny,cifar10,0.03,8,base.blocks.7,0.976245
20,0,4,vit_tiny,cifar10,0.03,9,base.blocks.8,0.970794
20,0,4,vit_tiny,cifar10,0.03,10,base.blocks.9,0.962178
20,0,4,vit_tiny,cifar10,0.03,11,base.blocks.10,0.948711
20,0,4,vit_tiny,cifar10,0.03,12,base.blocks.11,0.930348
20,0,4,vit_tiny,cifar10,0.03,13,base.norm,0.870167
20,0,4,vit_tiny,cifar10,0.03,14,classifier,0.287341
20,0,5,vit_tiny,cifar10,0.03,0,base.patch_embed,0.970458
20,0,5,vit_tiny,cifar10,0.03,1,base.blocks.0,0.927547
20,0,5,vit_tiny,cifar10,0.03,2,base.blocks.1,0.919418
20,0,5,vit_tiny,cifar10,0.03,3,base.blocks.2,0.924996
20,0,5,vit_tiny,cifar10,0.03,4,base.blocks.3,0.928286
20,0,5,vit_tiny,cifar10,0.03,5,base.blocks.4,0.926209
20,0,5,vit_tiny,cifar10,0.03,6,base.blocks.5,0.921440
20,0,5,vit_tiny,cifar10,0.03,7,base.blocks.6,0.914974
20,0,5,vit_tiny,cifar10,0.03,8,base.blocks.7,0.907370
20,0,5,vit_tiny,cifar10,0.03,9,base.blocks.8,0.897534
20,0,5,vit_tiny,cifar10,0.03,10,base.blocks.9,0.895988
20,0,5,vit_tiny,cifar10,0.03,11,base.blocks.10,0.886128
20,0,5,vit_tiny,cifar10,0.03,12,base.blocks.11,0.873630
20,0,5,vit_tiny,cifar10,0.03,13,base.norm,0.823940
20,0,5,vit_tiny,cifar10,0.03,14,classifier,0.278141
20,0,6,vit_tiny,cifar10,0.03,0,base.patch_embed,0.912027
20,0,6,vit_tiny,cifar10,0.03,1,base.blocks.0,0.920450
20,0,6,vit_tiny,cifar10,0.03,2,base.blocks.1,0.918244
20,0,6,vit_tiny,cifar10,0.03,3,base.blocks.2,0.905800
20,0,6,vit_tiny,cifar10,0.03,4,base.blocks.3,0.892268
20,0,6,vit_tiny,cifar10,0.03,5,base.blocks.4,0.879576
20,0,6,vit_tiny,cifar10,0.03,6,base.blocks.5,0.866779
20,0,6,vit_tiny,cifar10,0.03,7,base.blocks.6,0.849204
20,0,6,vit_tiny,cifar10,0.03,8,base.blocks.7,0.832642
20,0,6,vit_tiny,cifar10,0.03,9,base.blocks.8,0.821657
20,0,6,vit_tiny,cifar10,0.03,10,base.blocks.9,0.798168
20,0,6,vit_tiny,cifar10,0.03,11,base.blocks.10,0.766210
20,0,6,vit_tiny,cifar10,0.03,12,base.blocks.11,0.730038
20,0,6,vit_tiny,cifar10,0.03,13,base.norm,0.755940
20,0,6,vit_tiny,cifar10,0.03,14,classifier,0.384372
20,0,7,vit_tiny,cifar10,0.03,0,base.patch_embed,0.964911
20,0,7,vit_tiny,cifar10,0.03,1,base.blocks.0,0.949812
20,0,7,vit_tiny,cifar10,0.03,2,base.blocks.1,0.937574
20,0,7,vit_tiny,cifar10,0.03,3,base.blocks.2,0.935714
20,0,7,vit_tiny,cifar10,0.03,4,base.blocks.3,0.933442
20,0,7,vit_tiny,cifar10,0.03,5,base.blocks.4,0.932252
20,0,7,vit_tiny,cifar10,0.03,6,base.blocks.5,0.928485
20,0,7,vit_tiny,cifar10,0.03,7,base.blocks.6,0.929102
20,0,7,vit_tiny,cifar10,0.03,8,base.blocks.7,0.930237
20,0,7,vit_tiny,cifar10,0.03,9,base.blocks.8,0.927920
20,0,7,vit_tiny,cifar10,0.03,10,base.blocks.9,0.925625
20,0,7,vit_tiny,cifar10,0.03,11,base.blocks.10,0.915919
20,0,7,vit_tiny,cifar10,0.03,12,base.blocks.11,0.900137
20,0,7,vit_tiny,cifar10,0.03,13,base.norm,0.876455
20,0,7,vit_tiny,cifar10,0.03,14,classifier,0.266312
20,0,8,vit_tiny,cifar10,0.03,0,base.patch_embed,0.954805
20,0,8,vit_tiny,cifar10,0.03,1,base.blocks.0,0.949198
20,0,8,vit_tiny,cifar10,0.03,2,base.blocks.1,0.943720
20,0,8,vit_tiny,cifar10,0.03,3,base.blocks.2,0.940049
20,0,8,vit_tiny,cifar10,0.03,4,base.blocks.3,0.934092
20,0,8,vit_tiny,cifar10,0.03,5,base.blocks.4,0.927082
20,0,8,vit_tiny,cifar10,0.03,6,base.blocks.5,0.914683
20,0,8,vit_tiny,cifar10,0.03,7,base.blocks.6,0.897405
20,0,8,vit_tiny,cifar10,0.03,8,base.blocks.7,0.880244
20,0,8,vit_tiny,cifar10,0.03,9,base.blocks.8,0.859443
20,0,8,vit_tiny,cifar10,0.03,10,base.blocks.9,0.839503
20,0,8,vit_tiny,cifar10,0.03,11,base.blocks.10,0.810536
20,0,8,vit_tiny,cifar10,0.03,12,base.blocks.11,0.771318
20,0,8,vit_tiny,cifar10,0.03,13,base.norm,0.792771
20,0,8,vit_tiny,cifar10,0.03,14,classifier,0.375034
20,0,9,vit_tiny,cifar10,0.03,0,base.patch_embed,0.969565
20,0,9,vit_tiny,cifar10,0.03,1,base.blocks.0,0.951664
20,0,9,vit_tiny,cifar10,0.03,2,base.blocks.1,0.939804
20,0,9,vit_tiny,cifar10,0.03,3,base.blocks.2,0.932849
20,0,9,vit_tiny,cifar10,0.03,4,base.blocks.3,0.922340
20,0,9,vit_tiny,cifar10,0.03,5,base.blocks.4,0.912490
20,0,9,vit_tiny,cifar10,0.03,6,base.blocks.5,0.894474
20,0,9,vit_tiny,cifar10,0.03,7,base.blocks.6,0.871159
20,0,9,vit_tiny,cifar10,0.03,8,base.blocks.7,0.846040
20,0,9,vit_tiny,cifar10,0.03,9,base.blocks.8,0.816210
20,0,9,vit_tiny,cifar10,0.03,10,base.blocks.9,0.778843
20,0,9,vit_tiny,cifar10,0.03,11,base.blocks.10,0.728137
20,0,9,vit_tiny,cifar10,0.03,12,base.blocks.11,0.663609
20,0,9,vit_tiny,cifar10,0.03,13,base.norm,0.685815
20,0,9,vit_tiny,cifar10,0.03,14,classifier,0.284143
20,1,2,vit_tiny,cifar10,0.03,0,base.patch_embed,0.789624
20,1,2,vit_tiny,cifar10,0.03,1,base.blocks.0,0.832496
20,1,2,vit_tiny,cifar10,0.03,2,base.blocks.1,0.835645
20,1,2,vit_tiny,cifar10,0.03,3,base.blocks.2,0.825853
20,1,2,vit_tiny,cifar10,0.03,4,base.blocks.3,0.805387
20,1,2,vit_tiny,cifar10,0.03,5,base.blocks.4,0.781526
20,1,2,vit_tiny,cifar10,0.03,6,base.blocks.5,0.759469
20,1,2,vit_tiny,cifar10,0.03,7,base.blocks.6,0.738742
20,1,2,vit_tiny,cifar10,0.03,8,base.blocks.7,0.720944
20,1,2,vit_tiny,cifar10,0.03,9,base.blocks.8,0.708355
20,1,2,vit_tiny,cifar10,0.03,10,base.blocks.9,0.690202
20,1,2,vit_tiny,cifar10,0.03,11,base.blocks.10,0.664864
20,1,2,vit_tiny,cifar10,0.03,12,base.blocks.11,0.636513
20,1,2,vit_tiny,cifar10,0.03,13,base.norm,0.686638
20,1,2,vit_tiny,cifar10,0.03,14,classifier,0.435841
20,1,3,vit_tiny,cifar10,0.03,0,base.patch_embed,0.821818
20,1,3,vit_tiny,cifar10,0.03,1,base.blocks.0,0.806099
20,1,3,vit_tiny,cifar10,0.03,2,base.blocks.1,0.790832
20,1,3,vit_tiny,cifar10,0.03,3,base.blocks.2,0.781717
20,1,3,vit_tiny,cifar10,0.03,4,base.blocks.3,0.771799
20,1,3,vit_tiny,cifar10,0.03,5,base.blocks.4,0.771452
20,1,3,vit_tiny,cifar10,0.03,6,base.blocks.5,0.761968
20,1,3,vit_tiny,cifar10,0.03,7,base.blocks.6,0.751385
20,1,3,vit_tiny,cifar10,0.03,8,base.blocks.7,0.740638
20,1,3,vit_tiny,cifar10,0.03,9,base.blocks.8,0.736479
20,1,3,vit_tiny,cifar10,0.03,10,base.blocks.9,0.713218
20,1,3,vit_tiny,cifar10,0.03,11,base.blocks.10,0.678488
20,1,3,vit_tiny,cifar10,0.03,12,base.blocks.11,0.629621
20,1,3,vit_tiny,cifar10,0.03,13,base.norm,0.757226
20,1,3,vit_tiny,cifar10,0.03,14,classifier,0.247375
20,1,4,vit_tiny,cifar10,0.03,0,base.patch_embed,0.800299
20,1,4,vit_tiny,cifar10,0.03,1,base.blocks.0,0.847955
20,1,4,vit_tiny,cifar10,0.03,2,base.blocks.1,0.861649
20,1,4,vit_tiny,cifar10,0.03,3,base.blocks.2,0.864242
20,1,4,vit_tiny,cifar10,0.03,4,base.blocks.3,0.856831
20,1,4,vit_tiny,cifar10,0.03,5,base.blocks.4,0.850611
20,1,4,vit_tiny,cifar10,0.03,6,base.blocks.5,0.843711
20,1,4,vit_tiny,cifar10,0.03,7,base.blocks.6,0.838252
20,1,4,vit_tiny,cifar10,0.03,8,base.blocks.7,0.833950
20,1,4,vit_tiny,cifar10,0.03,9,base.blocks.8,0.835474
20,1,4,vit_tiny,cifar10,0.03,10,base.blocks.9,0.831932
20,1,4,vit_tiny,cifar10,0.03,11,base.blocks.10,0.820037
20,1,4,vit_tiny,cifar10,0.03,12,base.blocks.11,0.805384
20,1,4,vit_tiny,cifar10,0.03,13,base.norm,0.828552
20,1,4,vit_tiny,cifar10,0.03,14,classifier,0.257857
20,1,5,vit_tiny,cifar10,0.03,0,base.patch_embed,0.915632
20,1,5,vit_tiny,cifar10,0.03,1,base.blocks.0,0.956363
20,1,5,vit_tiny,cifar10,0.03,2,base.blocks.1,0.958088
20,1,5,vit_tiny,cifar10,0.03,3,base.blocks.2,0.956477
20,1,5,vit_tiny,cifar10,0.03,4,base.blocks.3,0.951242
20,1,5,vit_tiny,cifar10,0.03,5,base.blocks.4,0.943101
20,1,5,vit_tiny,cifar10,0.03,6,base.blocks.5,0.937295
20,1,5,vit_tiny,cifar10,0.03,7,base.blocks.6,0.934035
20,1,5,vit_tiny,cifar10,0.03,8,base.blocks.7,0.936062
20,1,5,vit_tiny,cifar10,0.03,9,base.blocks.8,0.938174
20,1,5,vit_tiny,cifar10,0.03,10,base.blocks.9,0.940069
20,1,5,vit_tiny,cifar10,0.03,11,base.blocks.10,0.934084
20,1,5,vit_tiny,cifar10,0.03,12,base.blocks.11,0.921759
20,1,5,vit_tiny,cifar10,0.03,13,base.norm,0.902719
20,1,5,vit_tiny,cifar10,0.03,14,classifier,0.535511
20,1,6,vit_tiny,cifar10,0.03,0,base.patch_embed,0.848068
20,1,6,vit_tiny,cifar10,0.03,1,base.blocks.0,0.812717
20,1,6,vit_tiny,cifar10,0.03,2,base.blocks.1,0.797458
20,1,6,vit_tiny,cifar10,0.03,3,base.blocks.2,0.793193
20,1,6,vit_tiny,cifar10,0.03,4,base.blocks.3,0.787677
20,1,6,vit_tiny,cifar10,0.03,5,base.blocks.4,0.790164
20,1,6,vit_tiny,cifar10,0.03,6,base.blocks.5,0.785967
20,1,6,vit_tiny,cifar10,0.03,7,base.blocks.6,0.782040
20,1,6,vit_tiny,cifar10,0.03,8,base.blocks.7,0.776982
20,1,6,vit_tiny,cifar10,0.03,9,base.blocks.8,0.778399
20,1,6,vit_tiny,cifar10,0.03,10,base.blocks.9,0.765476
20,1,6,vit_tiny,cifar10,0.03,11,base.blocks.10,0.743337
20,1,6,vit_tiny,cifar10,0.03,12,base.blocks.11,0.717248
20,1,6,vit_tiny,cifar10,0.03,13,base.norm,0.787535
20,1,6,vit_tiny,cifar10,0.03,14,classifier,0.389628
20,1,7,vit_tiny,cifar10,0.03,0,base.patch_embed,0.975245
20,1,7,vit_tiny,cifar10,0.03,1,base.blocks.0,0.970927
20,1,7,vit_tiny,cifar10,0.03,2,base.blocks.1,0.968518
20,1,7,vit_tiny,cifar10,0.03,3,base.blocks.2,0.964337
20,1,7,vit_tiny,cifar10,0.03,4,base.blocks.3,0.959266
20,1,7,vit_tiny,cifar10,0.03,5,base.blocks.4,0.948442
20,1,7,vit_tiny,cifar10,0.03,6,base.blocks.5,0.944052
20,1,7,vit_tiny,cifar10,0.03,7,base.blocks.6,0.939814
20,1,7,vit_tiny,cifar10,0.03,8,base.blocks.7,0.935898
20,1,7,vit_tiny,cifar10,0.03,9,base.blocks.8,0.934093
20,1,7,vit_tiny,cifar10,0.03,10,base.blocks.9,0.929085
20,1,7,vit_tiny,cifar10,0.03,11,base.blocks.10,0.919106
20,1,7,vit_tiny,cifar10,0.03,12,base.blocks.11,0.903149
20,1,7,vit_tiny,cifar10,0.03,13,base.norm,0.917449
20,1,7,vit_tiny,cifar10,0.03,14,classifier,0.592623
20,1,8,vit_tiny,cifar10,0.03,0,base.patch_embed,0.970167
20,1,8,vit_tiny,cifar10,0.03,1,base.blocks.0,0.966048
20,1,8,vit_tiny,cifar10,0.03,2,base.blocks.1,0.960774
20,1,8,vit_tiny,cifar10,0.03,3,base.blocks.2,0.958207
20,1,8,vit_tiny,cifar10,0.03,4,base.blocks.3,0.955264
20,1,8,vit_tiny,cifar10,0.03,5,base.blocks.4,0.952025
20,1,8,vit_tiny,cifar10,0.03,6,base.blocks.5,0.948311
20,1,8,vit_tiny,cifar10,0.03,7,base.blocks.6,0.941528
20,1,8,vit_tiny,cifar10,0.03,8,base.blocks.7,0.935529
20,1,8,vit_tiny,cifar10,0.03,9,base.blocks.8,0.927757
20,1,8,vit_tiny,cifar10,0.03,10,base.blocks.9,0.912138
20,1,8,vit_tiny,cifar10,0.03,11,base.blocks.10,0.890646
20,1,8,vit_tiny,cifar10,0.03,12,base.blocks.11,0.854951
20,1,8,vit_tiny,cifar10,0.03,13,base.norm,0.919662
20,1,8,vit_tiny,cifar10,0.03,14,classifier,0.787257
20,1,9,vit_tiny,cifar10,0.03,0,base.patch_embed,0.934767
20,1,9,vit_tiny,cifar10,0.03,1,base.blocks.0,0.888881
20,1,9,vit_tiny,cifar10,0.03,2,base.blocks.1,0.875235
20,1,9,vit_tiny,cifar10,0.03,3,base.blocks.2,0.871622
20,1,9,vit_tiny,cifar10,0.03,4,base.blocks.3,0.863585
20,1,9,vit_tiny,cifar10,0.03,5,base.blocks.4,0.857622
20,1,9,vit_tiny,cifar10,0.03,6,base.blocks.5,0.848909
20,1,9,vit_tiny,cifar10,0.03,7,base.blocks.6,0.838476
20,1,9,vit_tiny,cifar10,0.03,8,base.blocks.7,0.822653
20,1,9,vit_tiny,cifar10,0.03,9,base.blocks.8,0.808077
20,1,9,vit_tiny,cifar10,0.03,10,base.blocks.9,0.776448
20,1,9,vit_tiny,cifar10,0.03,11,base.blocks.10,0.735436
20,1,9,vit_tiny,cifar10,0.03,12,base.blocks.11,0.677303
20,1,9,vit_tiny,cifar10,0.03,13,base.norm,0.759585
20,1,9,vit_tiny,cifar10,0.03,14,classifier,0.381531
20,2,3,vit_tiny,cifar10,0.03,0,base.patch_embed,0.915740
20,2,3,vit_tiny,cifar10,0.03,1,base.blocks.0,0.880661
20,2,3,vit_tiny,cifar10,0.03,2,base.blocks.1,0.882650
20,2,3,vit_tiny,cifar10,0.03,3,base.blocks.2,0.874830
20,2,3,vit_tiny,cifar10,0.03,4,base.blocks.3,0.869804
20,2,3,vit_tiny,cifar10,0.03,5,base.blocks.4,0.857174
20,2,3,vit_tiny,cifar10,0.03,6,base.blocks.5,0.855746
20,2,3,vit_tiny,cifar10,0.03,7,base.blocks.6,0.852295
20,2,3,vit_tiny,cifar10,0.03,8,base.blocks.7,0.852671
20,2,3,vit_tiny,cifar10,0.03,9,base.blocks.8,0.858160
20,2,3,vit_tiny,cifar10,0.03,10,base.blocks.9,0.863056
20,2,3,vit_tiny,cifar10,0.03,11,base.blocks.10,0.866332
20,2,3,vit_tiny,cifar10,0.03,12,base.blocks.11,0.867815
20,2,3,vit_tiny,cifar10,0.03,13,base.norm,0.820820
20,2,3,vit_tiny,cifar10,0.03,14,classifier,0.553785
20,2,4,vit_tiny,cifar10,0.03,0,base.patch_embed,0.965921
20,2,4,vit_tiny,cifar10,0.03,1,base.blocks.0,0.982505
20,2,4,vit_tiny,cifar10,0.03,2,base.blocks.1,0.982715
20,2,4,vit_tiny,cifar10,0.03,3,base.blocks.2,0.978994
20,2,4,vit_tiny,cifar10,0.03,4,base.blocks.3,0.973939
20,2,4,vit_tiny,cifar10,0.03,5,base.blocks.4,0.965197
20,2,4,vit_tiny,cifar10,0.03,6,base.blocks.5,0.959469
20,2,4,vit_tiny,cifar10,0.03,7,base.blocks.6,0.952983
20,2,4,vit_tiny,cifar10,0.03,8,base.blocks.7,0.948257
20,2,4,vit_tiny,cifar10,0.03,9,base.blocks.8,0.942253
20,2,4,vit_tiny,cifar10,0.03,10,base.blocks.9,0.936006
20,2,4,vit_tiny,cifar10,0.03,11,base.blocks.10,0.929621
20,2,4,vit_tiny,cifar10,0.03,12,base.blocks.11,0.921277
20,2,4,vit_tiny,cifar10,0.03,13,base.norm,0.913979
20,2,4,vit_tiny,cifar10,0.03,14,classifier,0.140512
20,2,5,vit_tiny,cifar10,0.03,0,base.patch_embed,0.928691
20,2,5,vit_tiny,cifar10,0.03,1,base.blocks.0,0.896374
20,2,5,vit_tiny,cifar10,0.03,2,base.blocks.1,0.883184
20,2,5,vit_tiny,cifar10,0.03,3,base.blocks.2,0.875226
20,2,5,vit_tiny,cifar10,0.03,4,base.blocks.3,0.864369
20,2,5,vit_tiny,cifar10,0.03,5,base.blocks.4,0.852741
20,2,5,vit_tiny,cifar10,0.03,6,base.blocks.5,0.839663
20,2,5,vit_tiny,cifar10,0.03,7,base.blocks.6,0.829039
20,2,5,vit_tiny,cifar10,0.03,8,base.blocks.7,0.814043
20,2,5,vit_tiny,cifar10,0.03,9,base.blocks.8,0.802438
20,2,5,vit_tiny,cifar10,0.03,10,base.blocks.9,0.803089
20,2,5,vit_tiny,cifar10,0.03,11,base.blocks.10,0.799204
20,2,5,vit_tiny,cifar10,0.03,12,base.blocks.11,0.800467
20,2,5,vit_tiny,cifar10,0.03,13,base.norm,0.772544
20,2,5,vit_tiny,cifar10,0.03,14,classifier,0.336661
20,2,6,vit_tiny,cifar10,0.03,0,base.patch_embed,0.891556
20,2,6,vit_tiny,cifar10,0.03,1,base.blocks.0,0.869341
20,2,6,vit_tiny,cifar10,0.03,2,base.blocks.1,0.862281
20,2,6,vit_tiny,cifar10,0.03,3,base.blocks.2,0.847180
20,2,6,vit_tiny,cifar10,0.03,4,base.blocks.3,0.834555
20,2,6,vit_tiny,cifar10,0.03,5,base.blocks.4,0.817692
20,2,6,vit_tiny,cifar10,0.03,6,base.blocks.5,0.809386
20,2,6,vit_tiny,cifar10,0.03,7,base.blocks.6,0.799542
20,2,6,vit_tiny,cifar10,0.03,8,base.blocks.7,0.792344
20,2,6,vit_tiny,cifar10,0.03,9,base.blocks.8,0.792517
20,2,6,vit_tiny,cifar10,0.03,10,base.blocks.9,0.783176
20,2,6,vit_tiny,cifar10,0.03,11,base.blocks.10,0.769184
20,2,6,vit_tiny,cifar10,0.03,12,base.blocks.11,0.750970
20,2,6,vit_tiny,cifar10,0.03,13,base.norm,0.802351
20,2,6,vit_tiny,cifar10,0.03,14,classifier,0.723872
20,2,7,vit_tiny,cifar10,0.03,0,base.patch_embed,0.883033
20,2,7,vit_tiny,cifar10,0.03,1,base.blocks.0,0.905067
20,2,7,vit_tiny,cifar10,0.03,2,base.blocks.1,0.894870
20,2,7,vit_tiny,cifar10,0.03,3,base.blocks.2,0.885170
20,2,7,vit_tiny,cifar10,0.03,4,base.blocks.3,0.871460
20,2,7,vit_tiny,cifar10,0.03,5,base.blocks.4,0.864316
20,2,7,vit_tiny,cifar10,0.03,6,base.blocks.5,0.850874
20,2,7,vit_tiny,cifar10,0.03,7,base.blocks.6,0.844737
20,2,7,vit_tiny,cifar10,0.03,8,base.blocks.7,0.836999
20,2,7,vit_tiny,cifar10,0.03,9,base.blocks.8,0.826069
20,2,7,vit_tiny,cifar10,0.03,10,base.blocks.9,0.807734
20,2,7,vit_tiny,cifar10,0.03,11,base.blocks.10,0.786407
20,2,7,vit_tiny,cifar10,0.03,12,base.blocks.11,0.756537
20,2,7,vit_tiny,cifar10,0.03,13,base.norm,0.747249
20,2,7,vit_tiny,cifar10,0.03,14,classifier,0.307344
20,2,8,vit_tiny,cifar10,0.03,0,base.patch_embed,0.864618
20,2,8,vit_tiny,cifar10,0.03,1,base.blocks.0,0.889451
20,2,8,vit_tiny,cifar10,0.03,2,base.blocks.1,0.894147
20,2,8,vit_tiny,cifar10,0.03,3,base.blocks.2,0.886059
20,2,8,vit_tiny,cifar10,0.03,4,base.blocks.3,0.872069
20,2,8,vit_tiny,cifar10,0.03,5,base.blocks.4,0.854072
20,2,8,vit_tiny,cifar10,0.03,6,base.blocks.5,0.838156
20,2,8,vit_tiny,cifar10,0.03,7,base.blocks.6,0.823428
20,2,8,vit_tiny,cifar10,0.03,8,base.blocks.7,0.810860
20,2,8,vit_tiny,cifar10,0.03,9,base.blocks.8,0.798112
20,2,8,vit_tiny,cifar10,0.03,10,base.blocks.9,0.785387
20,2,8,vit_tiny,cifar10,0.03,11,base.blocks.10,0.770920
20,2,8,vit_tiny,cifar10,0.03,12,base.blocks.11,0.749597
20,2,8,vit_tiny,cifar10,0.03,13,base.norm,0.801158
20,2,8,vit_tiny,cifar10,0.03,14,classifier,0.463562
20,2,9,vit_tiny,cifar10,0.03,0,base.patch_embed,0.914360
20,2,9,vit_tiny,cifar10,0.03,1,base.blocks.0,0.914396
20,2,9,vit_tiny,cifar10,0.03,2,base.blocks.1,0.909889
20,2,9,vit_tiny,cifar10,0.03,3,base.blocks.2,0.898122
20,2,9,vit_tiny,cifar10,0.03,4,base.blocks.3,0.882612
20,2,9,vit_tiny,cifar10,0.03,5,base.blocks.4,0.863026
20,2,9,vit_tiny,cifar10,0.03,6,base.blocks.5,0.842753
20,2,9,vit_tiny,cifar10,0.03,7,base.blocks.6,0.824881
20,2,9,vit_tiny,cifar10,0.03,8,base.blocks.7,0.810472
20,2,9,vit_tiny,cifar10,0.03,9,base.blocks.8,0.794621
20,2,9,vit_tiny,cifar10,0.03,10,base.blocks.9,0.772860
20,2,9,vit_tiny,cifar10,0.03,11,base.blocks.10,0.743545
20,2,9,vit_tiny,cifar10,0.03,12,base.blocks.11,0.698332
20,2,9,vit_tiny,cifar10,0.03,13,base.norm,0.749999
20,2,9,vit_tiny,cifar10,0.03,14,classifier,0.155570
20,3,4,vit_tiny,cifar10,0.03,0,base.patch_embed,0.937704
20,3,4,vit_tiny,cifar10,0.03,1,base.blocks.0,0.899529
20,3,4,vit_tiny,cifar10,0.03,2,base.blocks.1,0.898889
20,3,4,vit_tiny,cifar10,0.03,3,base.blocks.2,0.897717
20,3,4,vit_tiny,cifar10,0.03,4,base.blocks.3,0.898914
20,3,4,vit_tiny,cifar10,0.03,5,base.blocks.4,0.898392
20,3,4,vit_tiny,cifar10,0.03,6,base.blocks.5,0.899606
20,3,4,vit_tiny,cifar10,0.03,7,base.blocks.6,0.899173
20,3,4,vit_tiny,cifar10,0.03,8,base.blocks.7,0.899574
20,3,4,vit_tiny,cifar10,0.03,9,base.blocks.8,0.903927
20,3,4,vit_tiny,cifar10,0.03,10,base.blocks.9,0.904723
20,3,4,vit_tiny,cifar10,0.03,11,base.blocks.10,0.900663
20,3,4,vit_tiny,cifar10,0.03,12,base.blocks.11,0.892771
20,3,4,vit_tiny,cifar10,0.03,13,base.norm,0.883107
20,3,4,vit_tiny,cifar10,0.03,14,classifier,0.569654
20,3,5,vit_tiny,cifar10,0.03,0,base.patch_embed,0.821488
20,3,5,vit_tiny,cifar10,0.03,1,base.blocks.0,0.786143
20,3,5,vit_tiny,cifar10,0.03,2,base.blocks.1,0.766000
20,3,5,vit_tiny,cifar10,0.03,3,base.blocks.2,0.763717
20,3,5,vit_tiny,cifar10,0.03,4,base.blocks.3,0.761763
20,3,5,vit_tiny,cifar10,0.03,5,base.blocks.4,0.761821
20,3,5,vit_tiny,cifar10,0.03,6,base.blocks.5,0.757737
20,3,5,vit_tiny,cifar10,0.03,7,base.blocks.6,0.751073
20,3,5,vit_tiny,cifar10,0.03,8,base.blocks.7,0.748616
20,3,5,vit_tiny,cifar10,0.03,9,base.blocks.8,0.750580
20,3,5,vit_tiny,cifar10,0.03,10,base.blocks.9,0.759565
20,3,5,vit_tiny,cifar10,0.03,11,base.blocks.10,0.757349
20,3,5,vit_tiny,cifar10,0.03,12,base.blocks.11,0.754921
20,3,5,vit_tiny,cifar10,0.03,13,base.norm,0.769326
20,3,5,vit_tiny,cifar10,0.03,14,classifier,0.347832
20,3,6,vit_tiny,cifar10,0.03,0,base.patch_embed,0.988077
20,3,6,vit_tiny,cifar10,0.03,1,base.blocks.0,0.993055
20,3,6,vit_tiny,cifar10,0.03,2,base.blocks.1,0.992810
20,3,6,vit_tiny,cifar10,0.03,3,base.blocks.2,0.989622
20,3,6,vit_tiny,cifar10,0.03,4,base.blocks.3,0.985937
20,3,6,vit_tiny,cifar10,0.03,5,base.blocks.4,0.982110
20,3,6,vit_tiny,cifar10,0.03,6,base.blocks.5,0.977719
20,3,6,vit_tiny,cifar10,0.03,7,base.blocks.6,0.972162
20,3,6,vit_tiny,cifar10,0.03,8,base.blocks.7,0.966901
20,3,6,vit_tiny,cifar10,0.03,9,base.blocks.8,0.963164
20,3,6,vit_tiny,cifar10,0.03,10,base.blocks.9,0.954961
20,3,6,vit_tiny,cifar10,0.03,11,base.blocks.10,0.942908
20,3,6,vit_tiny,cifar10,0.03,12,base.blocks.11,0.923313
20,3,6,vit_tiny,cifar10,0.03,13,base.norm,0.964450
20,3,6,vit_tiny,cifar10,0.03,14,classifier,0.791256
20,3,7,vit_tiny,cifar10,0.03,0,base.patch_embed,0.875196
20,3,7,vit_tiny,cifar10,0.03,1,base.blocks.0,0.842185
20,3,7,vit_tiny,cifar10,0.03,2,base.blocks.1,0.818119
20,3,7,vit_tiny,cifar10,0.03,3,base.blocks.2,0.806024
20,3,7,vit_tiny,cifar10,0.03,4,base.blocks.3,0.797726
20,3,7,vit_tiny,cifar10,0.03,5,base.blocks.4,0.801689
20,3,7,vit_tiny,cifar10,0.03,6,base.blocks.5,0.796524
20,3,7,vit_tiny,cifar10,0.03,7,base.blocks.6,0.800027
20,3,7,vit_tiny,cifar10,0.03,8,base.blocks.7,0.800907
20,3,7,vit_tiny,cifar10,0.03,9,base.blocks.8,0.804478
20,3,7,vit_tiny,cifar10,0.03,10,base.blocks.9,0.794007
20,3,7,vit_tiny,cifar10,0.03,11,base.blocks.10,0.777284
20,3,7,vit_tiny,cifar10,0.03,12,base.blocks.11,0.745866
20,3,7,vit_tiny,cifar10,0.03,13,base.norm,0.765566
20,3,7,vit_tiny,cifar10,0.03,14,classifier,0.307373
20,3,8,vit_tiny,cifar10,0.03,0,base.patch_embed,0.890099
20,3,8,vit_tiny,cifar10,0.03,1,base.blocks.0,0.864125
20,3,8,vit_tiny,cifar10,0.03,2,base.blocks.1,0.858569
20,3,8,vit_tiny,cifar10,0.03,3,base.blocks.2,0.853995
20,3,8,vit_tiny,cifar10,0.03,4,base.blocks.3,0.855680
20,3,8,vit_tiny,cifar10,0.03,5,base.blocks.4,0.865349
20,3,8,vit_tiny,cifar10,0.03,6,base.blocks.5,0.865559
20,3,8,vit_tiny,cifar10,0.03,7,base.blocks.6,0.868344
20,3,8,vit_tiny,cifar10,0.03,8,base.blocks.7,0.866534
20,3,8,vit_tiny,cifar10,0.03,9,base.blocks.8,0.869474
20,3,8,vit_tiny,cifar10,0.03,10,base.blocks.9,0.867672
20,3,8,vit_tiny,cifar10,0.03,11,base.blocks.10,0.862922
20,3,8,vit_tiny,cifar10,0.03,12,base.blocks.11,0.847961
20,3,8,vit_tiny,cifar10,0.03,13,base.norm,0.895792
20,3,8,vit_tiny,cifar10,0.03,14,classifier,0.427709
20,3,9,vit_tiny,cifar10,0.03,0,base.patch_embed,0.941179
20,3,9,vit_tiny,cifar10,0.03,1,base.blocks.0,0.903929
20,3,9,vit_tiny,cifar10,0.03,2,base.blocks.1,0.912177
20,3,9,vit_tiny,cifar10,0.03,3,base.blocks.2,0.918636
20,3,9,vit_tiny,cifar10,0.03,4,base.blocks.3,0.925764
20,3,9,vit_tiny,cifar10,0.03,5,base.blocks.4,0.934169
20,3,9,vit_tiny,cifar10,0.03,6,base.blocks.5,0.934175
20,3,9,vit_tiny,cifar10,0.03,7,base.blocks.6,0.931932
20,3,9,vit_tiny,cifar10,0.03,8,base.blocks.7,0.927157
20,3,9,vit_tiny,cifar10,0.03,9,base.blocks.8,0.920261
20,3,9,vit_tiny,cifar10,0.03,10,base.blocks.9,0.907352
20,3,9,vit_tiny,cifar10,0.03,11,base.blocks.10,0.887408
20,3,9,vit_tiny,cifar10,0.03,12,base.blocks.11,0.844119
20,3,9,vit_tiny,cifar10,0.03,13,base.norm,0.904202
20,3,9,vit_tiny,cifar10,0.03,14,classifier,0.344379
20,4,5,vit_tiny,cifar10,0.03,0,base.patch_embed,0.899051
20,4,5,vit_tiny,cifar10,0.03,1,base.blocks.0,0.908474
20,4,5,vit_tiny,cifar10,0.03,2,base.blocks.1,0.904641
20,4,5,vit_tiny,cifar10,0.03,3,base.blocks.2,0.907180
20,4,5,vit_tiny,cifar10,0.03,4,base.blocks.3,0.906306
20,4,5,vit_tiny,cifar10,0.03,5,base.blocks.4,0.906268
20,4,5,vit_tiny,cifar10,0.03,6,base.blocks.5,0.904776
20,4,5,vit_tiny,cifar10,0.03,7,base.blocks.6,0.902901
20,4,5,vit_tiny,cifar10,0.03,8,base.blocks.7,0.899448
20,4,5,vit_tiny,cifar10,0.03,9,base.blocks.8,0.897445
20,4,5,vit_tiny,cifar10,0.03,10,base.blocks.9,0.903381
20,4,5,vit_tiny,cifar10,0.03,11,base.blocks.10,0.905402
20,4,5,vit_tiny,cifar10,0.03,12,base.blocks.11,0.910804
20,4,5,vit_tiny,cifar10,0.03,13,base.norm,0.903132
20,4,5,vit_tiny,cifar10,0.03,14,classifier,0.266659
20,4,6,vit_tiny,cifar10,0.03,0,base.patch_embed,0.889715
20,4,6,vit_tiny,cifar10,0.03,1,base.blocks.0,0.875004
20,4,6,vit_tiny,cifar10,0.03,2,base.blocks.1,0.871576
20,4,6,vit_tiny,cifar10,0.03,3,base.blocks.2,0.866036
20,4,6,vit_tiny,cifar10,0.03,4,base.blocks.3,0.862181
20,4,6,vit_tiny,cifar10,0.03,5,base.blocks.4,0.858722
20,4,6,vit_tiny,cifar10,0.03,6,base.blocks.5,0.856602
20,4,6,vit_tiny,cifar10,0.03,7,base.blocks.6,0.853184
20,4,6,vit_tiny,cifar10,0.03,8,base.blocks.7,0.850078
20,4,6,vit_tiny,cifar10,0.03,9,base.blocks.8,0.855302
20,4,6,vit_tiny,cifar10,0.03,10,base.blocks.9,0.852879
20,4,6,vit_tiny,cifar10,0.03,11,base.blocks.10,0.843084
20,4,6,vit_tiny,cifar10,0.03,12,base.blocks.11,0.831764
20,4,6,vit_tiny,cifar10,0.03,13,base.norm,0.857982
20,4,6,vit_tiny,cifar10,0.03,14,classifier,0.328427
20,4,7,vit_tiny,cifar10,0.03,0,base.patch_embed,0.858884
20,4,7,vit_tiny,cifar10,0.03,1,base.blocks.0,0.904411
20,4,7,vit_tiny,cifar10,0.03,2,base.blocks.1,0.903050
20,4,7,vit_tiny,cifar10,0.03,3,base.blocks.2,0.901925
20,4,7,vit_tiny,cifar10,0.03,4,base.blocks.3,0.897990
20,4,7,vit_tiny,cifar10,0.03,5,base.blocks.4,0.900075
20,4,7,vit_tiny,cifar10,0.03,6,base.blocks.5,0.899836
20,4,7,vit_tiny,cifar10,0.03,7,base.blocks.6,0.905585
20,4,7,vit_tiny,cifar10,0.03,8,base.blocks.7,0.909996
20,4,7,vit_tiny,cifar10,0.03,9,base.blocks.8,0.912207
20,4,7,vit_tiny,cifar10,0.03,10,base.blocks.9,0.908022
20,4,7,vit_tiny,cifar10,0.03,11,base.blocks.10,0.899615
20,4,7,vit_tiny,cifar10,0.03,12,base.blocks.11,0.881142
20,4,7,vit_tiny,cifar10,0.03,13,base.norm,0.879553
20,4,7,vit_tiny,cifar10,0.03,14,classifier,0.382224
20,4,8,vit_tiny,cifar10,0.03,0,base.patch_embed,0.835291
20,4,8,vit_tiny,cifar10,0.03,1,base.blocks.0,0.872029
20,4,8,vit_tiny,cifar10,0.03,2,base.blocks.1,0.886483
20,4,8,vit_tiny,cifar10,0.03,3,base.blocks.2,0.888987
20,4,8,vit_tiny,cifar10,0.03,4,base.blocks.3,0.886730
20,4,8,vit_tiny,cifar10,0.03,5,base.blocks.4,0.884231
20,4,8,vit_tiny,cifar10,0.03,6,base.blocks.5,0.881968
20,4,8,vit_tiny,cifar10,0.03,7,base.blocks.6,0.880240
20,4,8,vit_tiny,cifar10,0.03,8,base.blocks.7,0.878702
20,4,8,vit_tiny,cifar10,0.03,9,base.blocks.8,0.877387
20,4,8,vit_tiny,cifar10,0.03,10,base.blocks.9,0.876590
20,4,8,vit_tiny,cifar10,0.03,11,base.blocks.10,0.872062
20,4,8,vit_tiny,cifar10,0.03,12,base.blocks.11,0.861797
20,4,8,vit_tiny,cifar10,0.03,13,base.norm,0.895351
20,4,8,vit_tiny,cifar10,0.03,14,classifier,0.432945
20,4,9,vit_tiny,cifar10,0.03,0,base.patch_embed,0.892019
20,4,9,vit_tiny,cifar10,0.03,1,base.blocks.0,0.883111
20,4,9,vit_tiny,cifar10,0.03,2,base.blocks.1,0.889476
20,4,9,vit_tiny,cifar10,0.03,3,base.blocks.2,0.890612
20,4,9,vit_tiny,cifar10,0.03,4,base.blocks.3,0.887803
20,4,9,vit_tiny,cifar10,0.03,5,base.blocks.4,0.884763
20,4,9,vit_tiny,cifar10,0.03,6,base.blocks.5,0.877969
20,4,9,vit_tiny,cifar10,0.03,7,base.blocks.6,0.872877
20,4,9,vit_tiny,cifar10,0.03,8,base.blocks.7,0.866709
20,4,9,vit_tiny,cifar10,0.03,9,base.blocks.8,0.857917
20,4,9,vit_tiny,cifar10,0.03,10,base.blocks.9,0.844452
20,4,9,vit_tiny,cifar10,0.03,11,base.blocks.10,0.822863
20,4,9,vit_tiny,cifar10,0.03,12,base.blocks.11,0.787889
20,4,9,vit_tiny,cifar10,0.03,13,base.norm,0.812679
20,4,9,vit_tiny,cifar10,0.03,14,classifier,0.540533
20,5,6,vit_tiny,cifar10,0.03,0,base.patch_embed,0.817392
20,5,6,vit_tiny,cifar10,0.03,1,base.blocks.0,0.775738
20,5,6,vit_tiny,cifar10,0.03,2,base.blocks.1,0.757751
20,5,6,vit_tiny,cifar10,0.03,3,base.blocks.2,0.759631
20,5,6,vit_tiny,cifar10,0.03,4,base.blocks.3,0.759777
20,5,6,vit_tiny,cifar10,0.03,5,base.blocks.4,0.762433
20,5,6,vit_tiny,cifar10,0.03,6,base.blocks.5,0.761110
20,5,6,vit_tiny,cifar10,0.03,7,base.blocks.6,0.758521
20,5,6,vit_tiny,cifar10,0.03,8,base.blocks.7,0.759269
20,5,6,vit_tiny,cifar10,0.03,9,base.blocks.8,0.765317
20,5,6,vit_tiny,cifar10,0.03,10,base.blocks.9,0.775054
20,5,6,vit_tiny,cifar10,0.03,11,base.blocks.10,0.771775
20,5,6,vit_tiny,cifar10,0.03,12,base.blocks.11,0.770678
20,5,6,vit_tiny,cifar10,0.03,13,base.norm,0.777580
20,5,6,vit_tiny,cifar10,0.03,14,classifier,0.368708
20,5,7,vit_tiny,cifar10,0.03,0,base.patch_embed,0.957100
20,5,7,vit_tiny,cifar10,0.03,1,base.blocks.0,0.979010
20,5,7,vit_tiny,cifar10,0.03,2,base.blocks.1,0.980448
20,5,7,vit_tiny,cifar10,0.03,3,base.blocks.2,0.981468
20,5,7,vit_tiny,cifar10,0.03,4,base.blocks.3,0.981484
20,5,7,vit_tiny,cifar10,0.03,5,base.blocks.4,0.978269
20,5,7,vit_tiny,cifar10,0.03,6,base.blocks.5,0.976905
20,5,7,vit_tiny,cifar10,0.03,7,base.blocks.6,0.974021
20,5,7,vit_tiny,cifar10,0.03,8,base.blocks.7,0.970109
20,5,7,vit_tiny,cifar10,0.03,9,base.blocks.8,0.961327
20,5,7,vit_tiny,cifar10,0.03,10,base.blocks.9,0.948712
20,5,7,vit_tiny,cifar10,0.03,11,base.blocks.10,0.931366
20,5,7,vit_tiny,cifar10,0.03,12,base.blocks.11,0.901168
20,5,7,vit_tiny,cifar10,0.03,13,base.norm,0.937042
20,5,7,vit_tiny,cifar10,0.03,14,classifier,0.819247
20,5,8,vit_tiny,cifar10,0.03,0,base.patch_embed,0.924350
20,5,8,vit_tiny,cifar10,0.03,1,base.blocks.0,0.923698
20,5,8,vit_tiny,cifar10,0.03,2,base.blocks.1,0.914510
20,5,8,vit_tiny,cifar10,0.03,3,base.blocks.2,0.909389
20,5,8,vit_tiny,cifar10,0.03,4,base.blocks.3,0.903301
20,5,8,vit_tiny,cifar10,0.03,5,base.blocks.4,0.894662
20,5,8,vit_tiny,cifar10,0.03,6,base.blocks.5,0.887224
20,5,8,vit_tiny,cifar10,0.03,7,base.blocks.6,0.879823
20,5,8,vit_tiny,cifar10,0.03,8,base.blocks.7,0.877649
20,5,8,vit_tiny,cifar10,0.03,9,base.blocks.8,0.874421
20,5,8,vit_tiny,cifar10,0.03,10,base.blocks.9,0.877829
20,5,8,vit_tiny,cifar10,0.03,11,base.blocks.10,0.875325
20,5,8,vit_tiny,cifar10,0.03,12,base.blocks.11,0.867611
20,5,8,vit_tiny,cifar10,0.03,13,base.norm,0.882900
20,5,8,vit_tiny,cifar10,0.03,14,classifier,0.760689
20,5,9,vit_tiny,cifar10,0.03,0,base.patch_embed,0.922106
20,5,9,vit_tiny,cifar10,0.03,1,base.blocks.0,0.852587
20,5,9,vit_tiny,cifar10,0.03,2,base.blocks.1,0.825649
20,5,9,vit_tiny,cifar10,0.03,3,base.blocks.2,0.818859
20,5,9,vit_tiny,cifar10,0.03,4,base.blocks.3,0.810331
20,5,9,vit_tiny,cifar10,0.03,5,base.blocks.4,0.802971
20,5,9,vit_tiny,cifar10,0.03,6,base.blocks.5,0.791301
20,5,9,vit_tiny,cifar10,0.03,7,base.blocks.6,0.782567
20,5,9,vit_tiny,cifar10,0.03,8,base.blocks.7,0.773257
20,5,9,vit_tiny,cifar10,0.03,9,base.blocks.8,0.764069
20,5,9,vit_tiny,cifar10,0.03,10,base.blocks.9,0.759146
20,5,9,vit_tiny,cifar10,0.03,11,base.blocks.10,0.743433
20,5,9,vit_tiny,cifar10,0.03,12,base.blocks.11,0.718128
20,5,9,vit_tiny,cifar10,0.03,13,base.norm,0.721452
20,5,9,vit_tiny,cifar10,0.03,14,classifier,0.582552
20,6,7,vit_tiny,cifar10,0.03,0,base.patch_embed,0.897106
20,6,7,vit_tiny,cifar10,0.03,1,base.blocks.0,0.846186
20,6,7,vit_tiny,cifar10,0.03,2,base.blocks.1,0.822772
20,6,7,vit_tiny,cifar10,0.03,3,base.blocks.2,0.815474
20,6,7,vit_tiny,cifar10,0.03,4,base.blocks.3,0.810930
20,6,7,vit_tiny,cifar10,0.03,5,base.blocks.4,0.818936
20,6,7,vit_tiny,cifar10,0.03,6,base.blocks.5,0.817035
20,6,7,vit_tiny,cifar10,0.03,7,base.blocks.6,0.823007
20,6,7,vit_tiny,cifar10,0.03,8,base.blocks.7,0.824430
20,6,7,vit_tiny,cifar10,0.03,9,base.blocks.8,0.829620
20,6,7,vit_tiny,cifar10,0.03,10,base.blocks.9,0.822971
20,6,7,vit_tiny,cifar10,0.03,11,base.blocks.10,0.810858
20,6,7,vit_tiny,cifar10,0.03,12,base.blocks.11,0.793424
20,6,7,vit_tiny,cifar10,0.03,13,base.norm,0.807827
20,6,7,vit_tiny,cifar10,0.03,14,classifier,0.353693
20,6,8,vit_tiny,cifar10,0.03,0,base.patch_embed,0.925961
20,6,8,vit_tiny,cifar10,0.03,1,base.blocks.0,0.885533
20,6,8,vit_tiny,cifar10,0.03,2,base.blocks.1,0.874763
20,6,8,vit_tiny,cifar10,0.03,3,base.blocks.2,0.871997
20,6,8,vit_tiny,cifar10,0.03,4,base.blocks.3,0.875896
20,6,8,vit_tiny,cifar10,0.03,5,base.blocks.4,0.887450
20,6,8,vit_tiny,cifar10,0.03,6,base.blocks.5,0.890554
20,6,8,vit_tiny,cifar10,0.03,7,base.blocks.6,0.895617
20,6,8,vit_tiny,cifar10,0.03,8,base.blocks.7,0.896079
20,6,8,vit_tiny,cifar10,0.03,9,base.blocks.8,0.900929
20,6,8,vit_tiny,cifar10,0.03,10,base.blocks.9,0.904032
20,6,8,vit_tiny,cifar10,0.03,11,base.blocks.10,0.903520
20,6,8,vit_tiny,cifar10,0.03,12,base.blocks.11,0.901333
20,6,8,vit_tiny,cifar10,0.03,13,base.norm,0.915947
20,6,8,vit_tiny,cifar10,0.03,14,classifier,0.540446
20,6,9,vit_tiny,cifar10,0.03,0,base.patch_embed,0.963360
20,6,9,vit_tiny,cifar10,0.03,1,base.blocks.0,0.928065
20,6,9,vit_tiny,cifar10,0.03,2,base.blocks.1,0.926412
20,6,9,vit_tiny,cifar10,0.03,3,base.blocks.2,0.930274
20,6,9,vit_tiny,cifar10,0.03,4,base.blocks.3,0.936309
20,6,9,vit_tiny,cifar10,0.03,5,base.blocks.4,0.943087
20,6,9,vit_tiny,cifar10,0.03,6,base.blocks.5,0.943855
20,6,9,vit_tiny,cifar10,0.03,7,base.blocks.6,0.940680
20,6,9,vit_tiny,cifar10,0.03,8,base.blocks.7,0.935941
20,6,9,vit_tiny,cifar10,0.03,9,base.blocks.8,0.931336
20,6,9,vit_tiny,cifar10,0.03,10,base.blocks.9,0.924437
20,6,9,vit_tiny,cifar10,0.03,11,base.blocks.10,0.912306
20,6,9,vit_tiny,cifar10,0.03,12,base.blocks.11,0.888872
20,6,9,vit_tiny,cifar10,0.03,13,base.norm,0.921893
20,6,9,vit_tiny,cifar10,0.03,14,classifier,0.326111
20,7,8,vit_tiny,cifar10,0.03,0,base.patch_embed,0.986144
20,7,8,vit_tiny,cifar10,0.03,1,base.blocks.0,0.967594
20,7,8,vit_tiny,cifar10,0.03,2,base.blocks.1,0.956850
20,7,8,vit_tiny,cifar10,0.03,3,base.blocks.2,0.949923
20,7,8,vit_tiny,cifar10,0.03,4,base.blocks.3,0.944168
20,7,8,vit_tiny,cifar10,0.03,5,base.blocks.4,0.939279
20,7,8,vit_tiny,cifar10,0.03,6,base.blocks.5,0.933988
20,7,8,vit_tiny,cifar10,0.03,7,base.blocks.6,0.929315
20,7,8,vit_tiny,cifar10,0.03,8,base.blocks.7,0.923931
20,7,8,vit_tiny,cifar10,0.03,9,base.blocks.8,0.918449
20,7,8,vit_tiny,cifar10,0.03,10,base.blocks.9,0.905951
20,7,8,vit_tiny,cifar10,0.03,11,base.blocks.10,0.891552
20,7,8,vit_tiny,cifar10,0.03,12,base.blocks.11,0.868740
20,7,8,vit_tiny,cifar10,0.03,13,base.norm,0.907303
20,7,8,vit_tiny,cifar10,0.03,14,classifier,0.883733
20,7,9,vit_tiny,cifar10,0.03,0,base.patch_embed,0.967263
20,7,9,vit_tiny,cifar10,0.03,1,base.blocks.0,0.913278
20,7,9,vit_tiny,cifar10,0.03,2,base.blocks.1,0.886242
20,7,9,vit_tiny,cifar10,0.03,3,base.blocks.2,0.875798
20,7,9,vit_tiny,cifar10,0.03,4,base.blocks.3,0.865449
20,7,9,vit_tiny,cifar10,0.03,5,base.blocks.4,0.863978
20,7,9,vit_tiny,cifar10,0.03,6,base.blocks.5,0.854391
20,7,9,vit_tiny,cifar10,0.03,7,base.blocks.6,0.851655
20,7,9,vit_tiny,cifar10,0.03,8,base.blocks.7,0.843505
20,7,9,vit_tiny,cifar10,0.03,9,base.blocks.8,0.836287
20,7,9,vit_tiny,cifar10,0.03,10,base.blocks.9,0.814696
20,7,9,vit_tiny,cifar10,0.03,11,base.blocks.10,0.789418
20,7,9,vit_tiny,cifar10,0.03,12,base.blocks.11,0.754402
20,7,9,vit_tiny,cifar10,0.03,13,base.norm,0.779984
20,7,9,vit_tiny,cifar10,0.03,14,classifier,0.762187
20,8,9,vit_tiny,cifar10,0.03,0,base.patch_embed,0.987066
20,8,9,vit_tiny,cifar10,0.03,1,base.blocks.0,0.972911
20,8,9,vit_tiny,cifar10,0.03,2,base.blocks.1,0.969039
20,8,9,vit_tiny,cifar10,0.03,3,base.blocks.2,0.967486
20,8,9,vit_tiny,cifar10,0.03,4,base.blocks.3,0.965160
20,8,9,vit_tiny,cifar10,0.03,5,base.blocks.4,0.964242
20,8,9,vit_tiny,cifar10,0.03,6,base.blocks.5,0.962086
20,8,9,vit_tiny,cifar10,0.03,7,base.blocks.6,0.961842
20,8,9,vit_tiny,cifar10,0.03,8,base.blocks.7,0.957791
20,8,9,vit_tiny,cifar10,0.03,9,base.blocks.8,0.955902
20,8,9,vit_tiny,cifar10,0.03,10,base.blocks.9,0.950625
20,8,9,vit_tiny,cifar10,0.03,11,base.blocks.10,0.943674
20,8,9,vit_tiny,cifar10,0.03,12,base.blocks.11,0.933575
20,8,9,vit_tiny,cifar10,0.03,13,base.norm,0.933599
20,8,9,vit_tiny,cifar10,0.03,14,classifier,0.758278
30,0,1,vit_tiny,cifar10,0.03,0,base.patch_embed,0.957045
30,0,1,vit_tiny,cifar10,0.03,1,base.blocks.0,0.936386
30,0,1,vit_tiny,cifar10,0.03,2,base.blocks.1,0.935572
30,0,1,vit_tiny,cifar10,0.03,3,base.blocks.2,0.929496
30,0,1,vit_tiny,cifar10,0.03,4,base.blocks.3,0.917259
30,0,1,vit_tiny,cifar10,0.03,5,base.blocks.4,0.903093
30,0,1,vit_tiny,cifar10,0.03,6,base.blocks.5,0.876916
30,0,1,vit_tiny,cifar10,0.03,7,base.blocks.6,0.844225
30,0,1,vit_tiny,cifar10,0.03,8,base.blocks.7,0.818509
30,0,1,vit_tiny,cifar10,0.03,9,base.blocks.8,0.794295
30,0,1,vit_tiny,cifar10,0.03,10,base.blocks.9,0.778043
30,0,1,vit_tiny,cifar10,0.03,11,base.blocks.10,0.752433
30,0,1,vit_tiny,cifar10,0.03,12,base.blocks.11,0.732126
30,0,1,vit_tiny,cifar10,0.03,13,base.norm,0.752647
30,0,1,vit_tiny,cifar10,0.03,14,classifier,0.549736
30,0,2,vit_tiny,cifar10,0.03,0,base.patch_embed,0.815437
30,0,2,vit_tiny,cifar10,0.03,1,base.blocks.0,0.883870
30,0,2,vit_tiny,cifar10,0.03,2,base.blocks.1,0.885197
30,0,2,vit_tiny,cifar10,0.03,3,base.blocks.2,0.876239
30,0,2,vit_tiny,cifar10,0.03,4,base.blocks.3,0.872376
30,0,2,vit_tiny,cifar10,0.03,5,base.blocks.4,0.867869
30,0,2,vit_tiny,cifar10,0.03,6,base.blocks.5,0.870211
30,0,2,vit_tiny,cifar10,0.03,7,base.blocks.6,0.875965
30,0,2,vit_tiny,cifar10,0.03,8,base.blocks.7,0.873585
30,0,2,vit_tiny,cifar10,0.03,9,base.blocks.8,0.872811
30,0,2,vit_tiny,cifar10,0.03,10,base.blocks.9,0.860922
30,0,2,vit_tiny,cifar10,0.03,11,base.blocks.10,0.842724
30,0,2,vit_tiny,cifar10,0.03,12,base.blocks.11,0.816818
30,0,2,vit_tiny,cifar10,0.03,13,base.norm,0.708562
30,0,2,vit_tiny,cifar10,0.03,14,classifier,0.239980
30,0,3,vit_tiny,cifar10,0.03,0,base.patch_embed,0.856919
30,0,3,vit_tiny,cifar10,0.03,1,base.blocks.0,0.914649
30,0,3,vit_tiny,cifar10,0.03,2,base.blocks.1,0.919426
30,0,3,vit_tiny,cifar10,0.03,3,base.blocks.2,0.913021
30,0,3,vit_tiny,cifar10,0.03,4,base.blocks.3,0.909320
30,0,3,vit_tiny,cifar10,0.03,5,base.blocks.4,0.906402
30,0,3,vit_tiny,cifar10,0.03,6,base.blocks.5,0.905146
30,0,3,vit_tiny,cifar10,0.03,7,base.blocks.6,0.900880
30,0,3,vit_tiny,cifar10,0.03,8,base.blocks.7,0.895318
30,0,3,vit_tiny,cifar10,0.03,9,base.blocks.8,0.892878
30,0,3,vit_tiny,cifar10,0.03,10,base.blocks.9,0.879029
30,0,3,vit_tiny,cifar10,0.03,11,base.blocks.10,0.855249
30,0,3,vit_tiny,cifar10,0.03,12,base.blocks.11,0.825463
30,0,3,vit_tiny,cifar10,0.03,13,base.norm,0.797910
30,0,3,vit_tiny,cifar10,0.03,14,classifier,0.332253
30,0,4,vit_tiny,cifar10,0.03,0,base.patch_embed,0.840998
30,0,4,vit_tiny,cifar10,0.03,1,base.blocks.0,0.897593
30,0,4,vit_tiny,cifar10,0.03,2,base.blocks.1,0.899045
30,0,4,vit_tiny,cifar10,0.03,3,base.blocks.2,0.896977
30,0,4,vit_tiny,cifar10,0.03,4,base.blocks.3,0.899122
30,0,4,vit_tiny,cifar10,0.03,5,base.blocks.4,0.904104
30,0,4,vit_tiny,cifar10,0.03,6,base.blocks.5,0.911759
30,0,4,vit_tiny,cifar10,0.03,7,base.blocks.6,0.921929
30,0,4,vit_tiny,cifar10,0.03,8,base.blocks.7,0.924467
30,0,4,vit_tiny,cifar10,0.03,9,base.blocks.8,0.927333
30,0,4,vit_tiny,cifar10,0.03,10,base.blocks.9,0.921444
30,0,4,vit_tiny,cifar10,0.03,11,base.blocks.10,0.909094
30,0,4,vit_tiny,cifar10,0.03,12,base.blocks.11,0.887846
30,0,4,vit_tiny,cifar10,0.03,13,base.norm,0.808581
30,0,4,vit_tiny,cifar10,0.03,14,classifier,0.518739
30,0,5,vit_tiny,cifar10,0.03,0,base.patch_embed,0.888294
30,0,5,vit_tiny,cifar10,0.03,1,base.blocks.0,0.949370
30,0,5,vit_tiny,cifar10,0.03,2,base.blocks.1,0.954706
30,0,5,vit_tiny,cifar10,0.03,3,base.blocks.2,0.953203
30,0,5,vit_tiny,cifar10,0.03,4,base.blocks.3,0.954475
30,0,5,vit_tiny,cifar10,0.03,5,base.blocks.4,0.954018
30,0,5,vit_tiny,cifar10,0.03,6,base.blocks.5,0.955562
30,0,5,vit_tiny,cifar10,0.03,7,base.blocks.6,0.953599
30,0,5,vit_tiny,cifar10,0.03,8,base.blocks.7,0.947353
30,0,5,vit_tiny,cifar10,0.03,9,base.blocks.8,0.939433
30,0,5,vit_tiny,cifar10,0.03,10,base.blocks.9,0.924239
30,0,5,vit_tiny,cifar10,0.03,11,base.blocks.10,0.896192
30,0,5,vit_tiny,cifar10,0.03,12,base.blocks.11,0.860717
30,0,5,vit_tiny,cifar10,0.03,13,base.norm,0.835396
30,0,5,vit_tiny,cifar10,0.03,14,classifier,0.156324
30,0,6,vit_tiny,cifar10,0.03,0,base.patch_embed,0.945048
30,0,6,vit_tiny,cifar10,0.03,1,base.blocks.0,0.958273
30,0,6,vit_tiny,cifar10,0.03,2,base.blocks.1,0.955599
30,0,6,vit_tiny,cifar10,0.03,3,base.blocks.2,0.950046
30,0,6,vit_tiny,cifar10,0.03,4,base.blocks.3,0.946040
30,0,6,vit_tiny,cifar10,0.03,5,base.blocks.4,0.940960
30,0,6,vit_tiny,cifar10,0.03,6,base.blocks.5,0.934676
30,0,6,vit_tiny,cifar10,0.03,7,base.blocks.6,0.923266
30,0,6,vit_tiny,cifar10,0.03,8,base.blocks.7,0.908960
30,0,6,vit_tiny,cifar10,0.03,9,base.blocks.8,0.898151
30,0,6,vit_tiny,cifar10,0.03,10,base.blocks.9,0.876685
30,0,6,vit_tiny,cifar10,0.03,11,base.blocks.10,0.846539
30,0,6,vit_tiny,cifar10,0.03,12,base.blocks.11,0.810182
30,0,6,vit_tiny,cifar10,0.03,13,base.norm,0.832673
30,0,6,vit_tiny,cifar10,0.03,14,classifier,0.402037
30,0,7,vit_tiny,cifar10,0.03,0,base.patch_embed,0.977427
30,0,7,vit_tiny,cifar10,0.03,1,base.blocks.0,0.932316
30,0,7,vit_tiny,cifar10,0.03,2,base.blocks.1,0.916069
30,0,7,vit_tiny,cifar10,0.03,3,base.blocks.2,0.908527
30,0,7,vit_tiny,cifar10,0.03,4,base.blocks.3,0.909068
30,0,7,vit_tiny,cifar10,0.03,5,base.blocks.4,0.912052
30,0,7,vit_tiny,cifar10,0.03,6,base.blocks.5,0.918230
30,0,7,vit_tiny,cifar10,0.03,7,base.blocks.6,0.928012
30,0,7,vit_tiny,cifar10,0.03,8,base.blocks.7,0.934276
30,0,7,vit_tiny,cifar10,0.03,9,base.blocks.8,0.938133
30,0,7,vit_tiny,cifar10,0.03,10,base.blocks.9,0.941718
30,0,7,vit_tiny,cifar10,0.03,11,base.blocks.10,0.933779
30,0,7,vit_tiny,cifar10,0.03,12,base.blocks.11,0.913895
30,0,7,vit_tiny,cifar10,0.03,13,base.norm,0.916124
30,0,7,vit_tiny,cifar10,0.03,14,classifier,0.719715
30,0,8,vit_tiny,cifar10,0.03,0,base.patch_embed,0.958241
30,0,8,vit_tiny,cifar10,0.03,1,base.blocks.0,0.913928
30,0,8,vit_tiny,cifar10,0.03,2,base.blocks.1,0.901253
30,0,8,vit_tiny,cifar10,0.03,3,base.blocks.2,0.889951
30,0,8,vit_tiny,cifar10,0.03,4,base.blocks.3,0.880755
30,0,8,vit_tiny,cifar10,0.03,5,base.blocks.4,0.871020
30,0,8,vit_tiny,cifar10,0.03,6,base.blocks.5,0.854481
30,0,8,vit_tiny,cifar10,0.03,7,base.blocks.6,0.831272
30,0,8,vit_tiny,cifar10,0.03,8,base.blocks.7,0.814975
30,0,8,vit_tiny,cifar10,0.03,9,base.blocks.8,0.797000
30,0,8,vit_tiny,cifar10,0.03,10,base.blocks.9,0.784003
30,0,8,vit_tiny,cifar10,0.03,11,base.blocks.10,0.753503
30,0,8,vit_tiny,cifar10,0.03,12,base.blocks.11,0.718297
30,0,8,vit_tiny,cifar10,0.03,13,base.norm,0.765677
30,0,8,vit_tiny,cifar10,0.03,14,classifier,0.730053
30,0,9,vit_tiny,cifar10,0.03,0,base.patch_embed,0.873352
30,0,9,vit_tiny,cifar10,0.03,1,base.blocks.0,0.778536
30,0,9,vit_tiny,cifar10,0.03,2,base.blocks.1,0.751098
30,0,9,vit_tiny,cifar10,0.03,3,base.blocks.2,0.731942
30,0,9,vit_tiny,cifar10,0.03,4,base.blocks.3,0.715863
30,0,9,vit_tiny,cifar10,0.03,5,base.blocks.4,0.689907
30,0,9,vit_tiny,cifar10,0.03,6,base.blocks.5,0.654943
30,0,9,vit_tiny,cifar10,0.03,7,base.blocks.6,0.607584
30,0,9,vit_tiny,cifar10,0.03,8,base.blocks.7,0.564729
30,0,9,vit_tiny,cifar10,0.03,9,base.blocks.8,0.523278
30,0,9,vit_tiny,cifar10,0.03,10,base.blocks.9,0.477445
30,0,9,vit_tiny,cifar10,0.03,11,base.blocks.10,0.417474
30,0,9,vit_tiny,cifar10,0.03,12,base.blocks.11,0.338063
30,0,9,vit_tiny,cifar10,0.03,13,base.norm,0.456048
30,0,9,vit_tiny,cifar10,0.03,14,classifier,0.240663
30,1,2,vit_tiny,cifar10,0.03,0,base.patch_embed,0.625786
30,1,2,vit_tiny,cifar10,0.03,1,base.blocks.0,0.740790
30,1,2,vit_tiny,cifar10,0.03,2,base.blocks.1,0.763167
30,1,2,vit_tiny,cifar10,0.03,3,base.blocks.2,0.751485
30,1,2,vit_tiny,cifar10,0.03,4,base.blocks.3,0.720191
30,1,2,vit_tiny,cifar10,0.03,5,base.blocks.4,0.690310
30,1,2,vit_tiny,cifar10,0.03,6,base.blocks.5,0.656088
30,1,2,vit_tiny,cifar10,0.03,7,base.blocks.6,0.629614
30,1,2,vit_tiny,cifar10,0.03,8,base.blocks.7,0.605206
30,1,2,vit_tiny,cifar10,0.03,9,base.blocks.8,0.587340
30,1,2,vit_tiny,cifar10,0.03,10,base.blocks.9,0.567758
30,1,2,vit_tiny,cifar10,0.03,11,base.blocks.10,0.545444
30,1,2,vit_tiny,cifar10,0.03,12,base.blocks.11,0.521704
30,1,2,vit_tiny,cifar10,0.03,13,base.norm,0.574094
30,1,2,vit_tiny,cifar10,0.03,14,classifier,0.230938
30,1,3,vit_tiny,cifar10,0.03,0,base.patch_embed,0.693808
30,1,3,vit_tiny,cifar10,0.03,1,base.blocks.0,0.734803
30,1,3,vit_tiny,cifar10,0.03,2,base.blocks.1,0.754964
30,1,3,vit_tiny,cifar10,0.03,3,base.blocks.2,0.748949
30,1,3,vit_tiny,cifar10,0.03,4,base.blocks.3,0.734580
30,1,3,vit_tiny,cifar10,0.03,5,base.blocks.4,0.726434
30,1,3,vit_tiny,cifar10,0.03,6,base.blocks.5,0.706585
30,1,3,vit_tiny,cifar10,0.03,7,base.blocks.6,0.694479
30,1,3,vit_tiny,cifar10,0.03,8,base.blocks.7,0.679378
30,1,3,vit_tiny,cifar10,0.03,9,base.blocks.8,0.674578
30,1,3,vit_tiny,cifar10,0.03,10,base.blocks.9,0.666925
30,1,3,vit_tiny,cifar10,0.03,11,base.blocks.10,0.655030
30,1,3,vit_tiny,cifar10,0.03,12,base.blocks.11,0.644098
30,1,3,vit_tiny,cifar10,0.03,13,base.norm,0.694515
30,1,3,vit_tiny,cifar10,0.03,14,classifier,0.394628
30,1,4,vit_tiny,cifar10,0.03,0,base.patch_embed,0.671786
30,1,4,vit_tiny,cifar10,0.03,1,base.blocks.0,0.778436
30,1,4,vit_tiny,cifar10,0.03,2,base.blocks.1,0.801511
30,1,4,vit_tiny,cifar10,0.03,3,base.blocks.2,0.796321
30,1,4,vit_tiny,cifar10,0.03,4,base.blocks.3,0.774063
30,1,4,vit_tiny,cifar10,0.03,5,base.blocks.4,0.756986
30,1,4,vit_tiny,cifar10,0.03,6,base.blocks.5,0.732556
30,1,4,vit_tiny,cifar10,0.03,7,base.blocks.6,0.715278
30,1,4,vit_tiny,cifar10,0.03,8,base.blocks.7,0.700767
30,1,4,vit_tiny,cifar10,0.03,9,base.blocks.8,0.691683
30,1,4,vit_tiny,cifar10,0.03,10,base.blocks.9,0.681484
30,1,4,vit_tiny,cifar10,0.03,11,base.blocks.10,0.666868
30,1,4,vit_tiny,cifar10,0.03,12,base.blocks.11,0.650489
30,1,4,vit_tiny,cifar10,0.03,13,base.norm,0.698236
30,1,4,vit_tiny,cifar10,0.03,14,classifier,0.366051
30,1,5,vit_tiny,cifar10,0.03,0,base.patch_embed,0.724499
30,1,5,vit_tiny,cifar10,0.03,1,base.blocks.0,0.800512
30,1,5,vit_tiny,cifar10,0.03,2,base.blocks.1,0.816453
30,1,5,vit_tiny,cifar10,0.03,3,base.blocks.2,0.808298
30,1,5,vit_tiny,cifar10,0.03,4,base.blocks.3,0.796803
30,1,5,vit_tiny,cifar10,0.03,5,base.blocks.4,0.787918
30,1,5,vit_tiny,cifar10,0.03,6,base.blocks.5,0.770773
30,1,5,vit_tiny,cifar10,0.03,7,base.blocks.6,0.759797
30,1,5,vit_tiny,cifar10,0.03,8,base.blocks.7,0.748013
30,1,5,vit_tiny,cifar10,0.03,9,base.blocks.8,0.744839
30,1,5,vit_tiny,cifar10,0.03,10,base.blocks.9,0.740899
30,1,5,vit_tiny,cifar10,0.03,11,base.blocks.10,0.730965
30,1,5,vit_tiny,cifar10,0.03,12,base.blocks.11,0.725531
30,1,5,vit_tiny,cifar10,0.03,13,base.norm,0.743185
30,1,5,vit_tiny,cifar10,0.03,14,classifier,0.126211
30,1,6,vit_tiny,cifar10,0.03,0,base.patch_embed,0.853524
30,1,6,vit_tiny,cifar10,0.03,1,base.blocks.0,0.835512
30,1,6,vit_tiny,cifar10,0.03,2,base.blocks.1,0.836999
30,1,6,vit_tiny,cifar10,0.03,3,base.blocks.2,0.829617
30,1,6,vit_tiny,cifar10,0.03,4,base.blocks.3,0.821720
30,1,6,vit_tiny,cifar10,0.03,5,base.blocks.4,0.814973
30,1,6,vit_tiny,cifar10,0.03,6,base.blocks.5,0.801069
30,1,6,vit_tiny,cifar10,0.03,7,base.blocks.6,0.792186
30,1,6,vit_tiny,cifar10,0.03,8,base.blocks.7,0.779202
30,1,6,vit_tiny,cifar10,0.03,9,base.blocks.8,0.774208
30,1,6,vit_tiny,cifar10,0.03,10,base.blocks.9,0.769117
30,1,6,vit_tiny,cifar10,0.03,11,base.blocks.10,0.759732
30,1,6,vit_tiny,cifar10,0.03,12,base.blocks.11,0.757749
30,1,6,vit_tiny,cifar10,0.03,13,base.norm,0.769268
30,1,6,vit_tiny,cifar10,0.03,14,classifier,0.390980
30,1,7,vit_tiny,cifar10,0.03,0,base.patch_embed,0.960347
30,1,7,vit_tiny,cifar10,0.03,1,base.blocks.0,0.931586
30,1,7,vit_tiny,cifar10,0.03,2,base.blocks.1,0.923842
30,1,7,vit_tiny,cifar10,0.03,3,base.blocks.2,0.913106
30,1,7,vit_tiny,cifar10,0.03,4,base.blocks.3,0.895349
30,1,7,vit_tiny,cifar10,0.03,5,base.blocks.4,0.874664
30,1,7,vit_tiny,cifar10,0.03,6,base.blocks.5,0.858625
30,1,7,vit_tiny,cifar10,0.03,7,base.blocks.6,0.845316
30,1,7,vit_tiny,cifar10,0.03,8,base.blocks.7,0.834358
30,1,7,vit_tiny,cifar10,0.03,9,base.blocks.8,0.828518
30,1,7,vit_tiny,cifar10,0.03,10,base.blocks.9,0.815788
30,1,7,vit_tiny,cifar10,0.03,11,base.blocks.10,0.803981
30,1,7,vit_tiny,cifar10,0.03,12,base.blocks.11,0.784931
30,1,7,vit_tiny,cifar10,0.03,13,base.norm,0.830992
30,1,7,vit_tiny,cifar10,0.03,14,classifier,0.440013
30,1,8,vit_tiny,cifar10,0.03,0,base.patch_embed,0.975384
30,1,8,vit_tiny,cifar10,0.03,1,base.blocks.0,0.952040
30,1,8,vit_tiny,cifar10,0.03,2,base.blocks.1,0.944230
30,1,8,vit_tiny,cifar10,0.03,3,base.blocks.2,0.938020
30,1,8,vit_tiny,cifar10,0.03,4,base.blocks.3,0.928290
30,1,8,vit_tiny,cifar10,0.03,5,base.blocks.4,0.914215
30,1,8,vit_tiny,cifar10,0.03,6,base.blocks.5,0.907877
30,1,8,vit_tiny,cifar10,0.03,7,base.blocks.6,0.900675
30,1,8,vit_tiny,cifar10,0.03,8,base.blocks.7,0.896167
30,1,8,vit_tiny,cifar10,0.03,9,base.blocks.8,0.893411
30,1,8,vit_tiny,cifar10,0.03,10,base.blocks.9,0.889650
30,1,8,vit_tiny,cifar10,0.03,11,base.blocks.10,0.884819
30,1,8,vit_tiny,cifar10,0.03,12,base.blocks.11,0.877632
30,1,8,vit_tiny,cifar10,0.03,13,base.norm,0.897320
30,1,8,vit_tiny,cifar10,0.03,14,classifier,0.659285
30,1,9,vit_tiny,cifar10,0.03,0,base.patch_embed,0.924963
30,1,9,vit_tiny,cifar10,0.03,1,base.blocks.0,0.847593
30,1,9,vit_tiny,cifar10,0.03,2,base.blocks.1,0.829377
30,1,9,vit_tiny,cifar10,0.03,3,base.blocks.2,0.821989
30,1,9,vit_tiny,cifar10,0.03,4,base.blocks.3,0.809783
30,1,9,vit_tiny,cifar10,0.03,5,base.blocks.4,0.783816
30,1,9,vit_tiny,cifar10,0.03,6,base.blocks.5,0.769311
30,1,9,vit_tiny,cifar10,0.03,7,base.blocks.6,0.753202
30,1,9,vit_tiny,cifar10,0.03,8,base.blocks.7,0.733956
30,1,9,vit_tiny,cifar10,0.03,9,base.blocks.8,0.716639
30,1,9,vit_tiny,cifar10,0.03,10,base.blocks.9,0.690707
30,1,9,vit_tiny,cifar10,0.03,11,base.blocks.10,0.661183
30,1,9,vit_tiny,cifar10,0.03,12,base.blocks.11,0.613662
30,1,9,vit_tiny,cifar10,0.03,13,base.norm,0.663751
30,1,9,vit_tiny,cifar10,0.03,14,classifier,0.240286
30,2,3,vit_tiny,cifar10,0.03,0,base.patch_embed,0.942674
30,2,3,vit_tiny,cifar10,0.03,1,base.blocks.0,0.914114
30,2,3,vit_tiny,cifar10,0.03,2,base.blocks.1,0.918289
30,2,3,vit_tiny,cifar10,0.03,3,base.blocks.2,0.917379
30,2,3,vit_tiny,cifar10,0.03,4,base.blocks.3,0.916188
30,2,3,vit_tiny,cifar10,0.03,5,base.blocks.4,0.914497
30,2,3,vit_tiny,cifar10,0.03,6,base.blocks.5,0.913654
30,2,3,vit_tiny,cifar10,0.03,7,base.blocks.6,0.914380
30,2,3,vit_tiny,cifar10,0.03,8,base.blocks.7,0.911029
30,2,3,vit_tiny,cifar10,0.03,9,base.blocks.8,0.908306
30,2,3,vit_tiny,cifar10,0.03,10,base.blocks.9,0.907581
30,2,3,vit_tiny,cifar10,0.03,11,base.blocks.10,0.903277
30,2,3,vit_tiny,cifar10,0.03,12,base.blocks.11,0.896792
30,2,3,vit_tiny,cifar10,0.03,13,base.norm,0.900650
30,2,3,vit_tiny,cifar10,0.03,14,classifier,0.584146
30,2,4,vit_tiny,cifar10,0.03,0,base.patch_embed,0.989592
30,2,4,vit_tiny,cifar10,0.03,1,base.blocks.0,0.990511
30,2,4,vit_tiny,cifar10,0.03,2,base.blocks.1,0.989593
30,2,4,vit_tiny,cifar10,0.03,3,base.blocks.2,0.988155
30,2,4,vit_tiny,cifar10,0.03,4,base.blocks.3,0.986301
30,2,4,vit_tiny,cifar10,0.03,5,base.blocks.4,0.983739
30,2,4,vit_tiny,cifar10,0.03,6,base.blocks.5,0.981347
30,2,4,vit_tiny,cifar10,0.03,7,base.blocks.6,0.978795
30,2,4,vit_tiny,cifar10,0.03,8,base.blocks.7,0.976380
30,2,4,vit_tiny,cifar10,0.03,9,base.blocks.8,0.973840
30,2,4,vit_tiny,cifar10,0.03,10,base.blocks.9,0.971179
30,2,4,vit_tiny,cifar10,0.03,11,base.blocks.10,0.968979
30,2,4,vit_tiny,cifar10,0.03,12,base.blocks.11,0.966918
30,2,4,vit_tiny,cifar10,0.03,13,base.norm,0.948562
30,2,4,vit_tiny,cifar10,0.03,14,classifier,0.187421
30,2,5,vit_tiny,cifar10,0.03,0,base.patch_embed,0.975875
30,2,5,vit_tiny,cifar10,0.03,1,base.blocks.0,0.947266
30,2,5,vit_tiny,cifar10,0.03,2,base.blocks.1,0.943630
30,2,5,vit_tiny,cifar10,0.03,3,base.blocks.2,0.938208
30,2,5,vit_tiny,cifar10,0.03,4,base.blocks.3,0.933561
30,2,5,vit_tiny,cifar10,0.03,5,base.blocks.4,0.929215
30,2,5,vit_tiny,cifar10,0.03,6,base.blocks.5,0.924256
30,2,5,vit_tiny,cifar10,0.03,7,base.blocks.6,0.921662
30,2,5,vit_tiny,cifar10,0.03,8,base.blocks.7,0.914081
30,2,5,vit_tiny,cifar10,0.03,9,base.blocks.8,0.906124
30,2,5,vit_tiny,cifar10,0.03,10,base.blocks.9,0.902195
30,2,5,vit_tiny,cifar10,0.03,11,base.blocks.10,0.896993
30,2,5,vit_tiny,cifar10,0.03,12,base.blocks.11,0.888581
30,2,5,vit_tiny,cifar10,0.03,13,base.norm,0.867321
30,2,5,vit_tiny,cifar10,0.03,14,classifier,0.190188
30,2,6,vit_tiny,cifar10,0.03,0,base.patch_embed,0.846109
30,2,6,vit_tiny,cifar10,0.03,1,base.blocks.0,0.851089
30,2,6,vit_tiny,cifar10,0.03,2,base.blocks.1,0.849204
30,2,6,vit_tiny,cifar10,0.03,3,base.blocks.2,0.840026
30,2,6,vit_tiny,cifar10,0.03,4,base.blocks.3,0.832392
30,2,6,vit_tiny,cifar10,0.03,5,base.blocks.4,0.821287
30,2,6,vit_tiny,cifar10,0.03,6,base.blocks.5,0.815487
30,2,6,vit_tiny,cifar10,0.03,7,base.blocks.6,0.811151
30,2,6,vit_tiny,cifar10,0.03,8,base.blocks.7,0.799272
30,2,6,vit_tiny,cifar10,0.03,9,base.blocks.8,0.792610
30,2,6,vit_tiny,cifar10,0.03,10,base.blocks.9,0.781238
30,2,6,vit_tiny,cifar10,0.03,11,base.blocks.10,0.764168
30,2,6,vit_tiny,cifar10,0.03,12,base.blocks.11,0.739449
30,2,6,vit_tiny,cifar10,0.03,13,base.norm,0.799319
30,2,6,vit_tiny,cifar10,0.03,14,classifier,0.549026
30,2,7,vit_tiny,cifar10,0.03,0,base.patch_embed,0.753686
30,2,7,vit_tiny,cifar10,0.03,1,base.blocks.0,0.870765
30,2,7,vit_tiny,cifar10,0.03,2,base.blocks.1,0.873869
30,2,7,vit_tiny,cifar10,0.03,3,base.blocks.2,0.867214
30,2,7,vit_tiny,cifar10,0.03,4,base.blocks.3,0.858041
30,2,7,vit_tiny,cifar10,0.03,5,base.blocks.4,0.849463
30,2,7,vit_tiny,cifar10,0.03,6,base.blocks.5,0.842338
30,2,7,vit_tiny,cifar10,0.03,7,base.blocks.6,0.841078
30,2,7,vit_tiny,cifar10,0.03,8,base.blocks.7,0.839837
30,2,7,vit_tiny,cifar10,0.03,9,base.blocks.8,0.837274
30,2,7,vit_tiny,cifar10,0.03,10,base.blocks.9,0.827774
30,2,7,vit_tiny,cifar10,0.03,11,base.blocks.10,0.809742
30,2,7,vit_tiny,cifar10,0.03,12,base.blocks.11,0.781812
30,2,7,vit_tiny,cifar10,0.03,13,base.norm,0.706720
30,2,7,vit_tiny,cifar10,0.03,14,classifier,0.166663
30,2,8,vit_tiny,cifar10,0.03,0,base.patch_embed,0.645317
30,2,8,vit_tiny,cifar10,0.03,1,base.blocks.0,0.709839
30,2,8,vit_tiny,cifar10,0.03,2,base.blocks.1,0.720730
30,2,8,vit_tiny,cifar10,0.03,3,base.blocks.2,0.708075
30,2,8,vit_tiny,cifar10,0.03,4,base.blocks.3,0.689997
30,2,8,vit_tiny,cifar10,0.03,5,base.blocks.4,0.670953
30,2,8,vit_tiny,cifar10,0.03,6,base.blocks.5,0.653314
30,2,8,vit_tiny,cifar10,0.03,7,base.blocks.6,0.645166
30,2,8,vit_tiny,cifar10,0.03,8,base.blocks.7,0.635669
30,2,8,vit_tiny,cifar10,0.03,9,base.blocks.8,0.628860
30,2,8,vit_tiny,cifar10,0.03,10,base.blocks.9,0.620006
30,2,8,vit_tiny,cifar10,0.03,11,base.blocks.10,0.595737
30,2,8,vit_tiny,cifar10,0.03,12,base.blocks.11,0.565167
30,2,8,vit_tiny,cifar10,0.03,13,base.norm,0.626793
30,2,8,vit_tiny,cifar10,0.03,14,classifier,0.234443
30,2,9,vit_tiny,cifar10,0.03,0,base.patch_embed,0.494641
30,2,9,vit_tiny,cifar10,0.03,1,base.blocks.0,0.526949
30,2,9,vit_tiny,cifar10,0.03,2,base.blocks.1,0.538115
30,2,9,vit_tiny,cifar10,0.03,3,base.blocks.2,0.534169
30,2,9,vit_tiny,cifar10,0.03,4,base.blocks.3,0.525745
30,2,9,vit_tiny,cifar10,0.03,5,base.blocks.4,0.509223
30,2,9,vit_tiny,cifar10,0.03,6,base.blocks.5,0.489733
30,2,9,vit_tiny,cifar10,0.03,7,base.blocks.6,0.474813
30,2,9,vit_tiny,cifar10,0.03,8,base.blocks.7,0.456586
30,2,9,vit_tiny,cifar10,0.03,9,base.blocks.8,0.442453
30,2,9,vit_tiny,cifar10,0.03,10,base.blocks.9,0.422474
30,2,9,vit_tiny,cifar10,0.03,11,base.blocks.10,0.389651
30,2,9,vit_tiny,cifar10,0.03,12,base.blocks.11,0.336363
30,2,9,vit_tiny,cifar10,0.03,13,base.norm,0.487230
30,2,9,vit_tiny,cifar10,0.03,14,classifier,0.221486
30,3,4,vit_tiny,cifar10,0.03,0,base.patch_embed,0.944871
30,3,4,vit_tiny,cifar10,0.03,1,base.blocks.0,0.900418
30,3,4,vit_tiny,cifar10,0.03,2,base.blocks.1,0.900761
30,3,4,vit_tiny,cifar10,0.03,3,base.blocks.2,0.901958
30,3,4,vit_tiny,cifar10,0.03,4,base.blocks.3,0.902598
30,3,4,vit_tiny,cifar10,0.03,5,base.blocks.4,0.906620
30,3,4,vit_tiny,cifar10,0.03,6,base.blocks.5,0.907584
30,3,4,vit_tiny,cifar10,0.03,7,base.blocks.6,0.911581
30,3,4,vit_tiny,cifar10,0.03,8,base.blocks.7,0.910698
30,3,4,vit_tiny,cifar10,0.03,9,base.blocks.8,0.912818
30,3,4,vit_tiny,cifar10,0.03,10,base.blocks.9,0.915163
30,3,4,vit_tiny,cifar10,0.03,11,base.blocks.10,0.914857
30,3,4,vit_tiny,cifar10,0.03,12,base.blocks.11,0.913701
30,3,4,vit_tiny,cifar10,0.03,13,base.norm,0.904169
30,3,4,vit_tiny,cifar10,0.03,14,classifier,0.375772
30,3,5,vit_tiny,cifar10,0.03,0,base.patch_embed,0.966588
30,3,5,vit_tiny,cifar10,0.03,1,base.blocks.0,0.983057
30,3,5,vit_tiny,cifar10,0.03,2,base.blocks.1,0.979876
30,3,5,vit_tiny,cifar10,0.03,3,base.blocks.2,0.978843
30,3,5,vit_tiny,cifar10,0.03,4,base.blocks.3,0.976710
30,3,5,vit_tiny,cifar10,0.03,5,base.blocks.4,0.974320
30,3,5,vit_tiny,cifar10,0.03,6,base.blocks.5,0.971955
30,3,5,vit_tiny,cifar10,0.03,7,base.blocks.6,0.969658
30,3,5,vit_tiny,cifar10,0.03,8,base.blocks.7,0.967852
30,3,5,vit_tiny,cifar10,0.03,9,base.blocks.8,0.966959
30,3,5,vit_tiny,cifar10,0.03,10,base.blocks.9,0.965356
30,3,5,vit_tiny,cifar10,0.03,11,base.blocks.10,0.962849
30,3,5,vit_tiny,cifar10,0.03,12,base.blocks.11,0.960623
30,3,5,vit_tiny,cifar10,0.03,13,base.norm,0.925463
30,3,5,vit_tiny,cifar10,0.03,14,classifier,0.431114
30,3,6,vit_tiny,cifar10,0.03,0,base.patch_embed,0.947223
30,3,6,vit_tiny,cifar10,0.03,1,base.blocks.0,0.967844
30,3,6,vit_tiny,cifar10,0.03,2,base.blocks.1,0.967997
30,3,6,vit_tiny,cifar10,0.03,3,base.blocks.2,0.964206
30,3,6,vit_tiny,cifar10,0.03,4,base.blocks.3,0.959612
30,3,6,vit_tiny,cifar10,0.03,5,base.blocks.4,0.953176
30,3,6,vit_tiny,cifar10,0.03,6,base.blocks.5,0.948113
30,3,6,vit_tiny,cifar10,0.03,7,base.blocks.6,0.940913
30,3,6,vit_tiny,cifar10,0.03,8,base.blocks.7,0.933416
30,3,6,vit_tiny,cifar10,0.03,9,base.blocks.8,0.929342
30,3,6,vit_tiny,cifar10,0.03,10,base.blocks.9,0.921672
30,3,6,vit_tiny,cifar10,0.03,11,base.blocks.10,0.910559
30,3,6,vit_tiny,cifar10,0.03,12,base.blocks.11,0.896041
30,3,6,vit_tiny,cifar10,0.03,13,base.norm,0.922319
30,3,6,vit_tiny,cifar10,0.03,14,classifier,0.796254
30,3,7,vit_tiny,cifar10,0.03,0,base.patch_embed,0.756519
30,3,7,vit_tiny,cifar10,0.03,1,base.blocks.0,0.766979
30,3,7,vit_tiny,cifar10,0.03,2,base.blocks.1,0.760000
30,3,7,vit_tiny,cifar10,0.03,3,base.blocks.2,0.749842
30,3,7,vit_tiny,cifar10,0.03,4,base.blocks.3,0.744714
30,3,7,vit_tiny,cifar10,0.03,5,base.blocks.4,0.746852
30,3,7,vit_tiny,cifar10,0.03,6,base.blocks.5,0.751230
30,3,7,vit_tiny,cifar10,0.03,7,base.blocks.6,0.766973
30,3,7,vit_tiny,cifar10,0.03,8,base.blocks.7,0.778355
30,3,7,vit_tiny,cifar10,0.03,9,base.blocks.8,0.797051
30,3,7,vit_tiny,cifar10,0.03,10,base.blocks.9,0.807840
30,3,7,vit_tiny,cifar10,0.03,11,base.blocks.10,0.807102
30,3,7,vit_tiny,cifar10,0.03,12,base.blocks.11,0.798121
30,3,7,vit_tiny,cifar10,0.03,13,base.norm,0.735676
30,3,7,vit_tiny,cifar10,0.03,14,classifier,0.195422
30,3,8,vit_tiny,cifar10,0.03,0,base.patch_embed,0.734390
30,3,8,vit_tiny,cifar10,0.03,1,base.blocks.0,0.736094
30,3,8,vit_tiny,cifar10,0.03,2,base.blocks.1,0.743577
30,3,8,vit_tiny,cifar10,0.03,3,base.blocks.2,0.735146
30,3,8,vit_tiny,cifar10,0.03,4,base.blocks.3,0.728171
30,3,8,vit_tiny,cifar10,0.03,5,base.blocks.4,0.726467
30,3,8,vit_tiny,cifar10,0.03,6,base.blocks.5,0.719066
30,3,8,vit_tiny,cifar10,0.03,7,base.blocks.6,0.718702
30,3,8,vit_tiny,cifar10,0.03,8,base.blocks.7,0.713803
30,3,8,vit_tiny,cifar10,0.03,9,base.blocks.8,0.717664
30,3,8,vit_tiny,cifar10,0.03,10,base.blocks.9,0.717417
30,3,8,vit_tiny,cifar10,0.03,11,base.blocks.10,0.704329
30,3,8,vit_tiny,cifar10,0.03,12,base.blocks.11,0.681751
30,3,8,vit_tiny,cifar10,0.03,13,base.norm,0.730303
30,3,8,vit_tiny,cifar10,0.03,14,classifier,0.313873
30,3,9,vit_tiny,cifar10,0.03,0,base.patch_embed,0.619744
30,3,9,vit_tiny,cifar10,0.03,1,base.blocks.0,0.596457
30,3,9,vit_tiny,cifar10,0.03,2,base.blocks.1,0.601484
30,3,9,vit_tiny,cifar10,0.03,3,base.blocks.2,0.595887
30,3,9,vit_tiny,cifar10,0.03,4,base.blocks.3,0.592944
30,3,9,vit_tiny,cifar10,0.03,5,base.blocks.4,0.583257
30,3,9,vit_tiny,cifar10,0.03,6,base.blocks.5,0.569672
30,3,9,vit_tiny,cifar10,0.03,7,base.blocks.6,0.561360
30,3,9,vit_tiny,cifar10,0.03,8,base.blocks.7,0.545570
30,3,9,vit_tiny,cifar10,0.03,9,base.blocks.8,0.533875
30,3,9,vit_tiny,cifar10,0.03,10,base.blocks.9,0.515848
30,3,9,vit_tiny,cifar10,0.03,11,base.blocks.10,0.486919
30,3,9,vit_tiny,cifar10,0.03,12,base.blocks.11,0.432057
30,3,9,vit_tiny,cifar10,0.03,13,base.norm,0.524861
30,3,9,vit_tiny,cifar10,0.03,14,classifier,0.298131
30,4,5,vit_tiny,cifar10,0.03,0,base.patch_embed,0.960510
30,4,5,vit_tiny,cifar10,0.03,1,base.blocks.0,0.942631
30,4,5,vit_tiny,cifar10,0.03,2,base.blocks.1,0.938048
30,4,5,vit_tiny,cifar10,0.03,3,base.blocks.2,0.935320
30,4,5,vit_tiny,cifar10,0.03,4,base.blocks.3,0.934253
30,4,5,vit_tiny,cifar10,0.03,5,base.blocks.4,0.936726
30,4,5,vit_tiny,cifar10,0.03,6,base.blocks.5,0.935609
30,4,5,vit_tiny,cifar10,0.03,7,base.blocks.6,0.937996
30,4,5,vit_tiny,cifar10,0.03,8,base.blocks.7,0.934263
30,4,5,vit_tiny,cifar10,0.03,9,base.blocks.8,0.931654
30,4,5,vit_tiny,cifar10,0.03,10,base.blocks.9,0.932262
30,4,5,vit_tiny,cifar10,0.03,11,base.blocks.10,0.929881
30,4,5,vit_tiny,cifar10,0.03,12,base.blocks.11,0.925880
30,4,5,vit_tiny,cifar10,0.03,13,base.norm,0.905952
30,4,5,vit_tiny,cifar10,0.03,14,classifier,0.158924
30,4,6,vit_tiny,cifar10,0.03,0,base.patch_embed,0.852986
30,4,6,vit_tiny,cifar10,0.03,1,base.blocks.0,0.845616
30,4,6,vit_tiny,cifar10,0.03,2,base.blocks.1,0.839844
30,4,6,vit_tiny,cifar10,0.03,3,base.blocks.2,0.834834
30,4,6,vit_tiny,cifar10,0.03,4,base.blocks.3,0.830976
30,4,6,vit_tiny,cifar10,0.03,5,base.blocks.4,0.828958
30,4,6,vit_tiny,cifar10,0.03,6,base.blocks.5,0.827779
30,4,6,vit_tiny,cifar10,0.03,7,base.blocks.6,0.830252
30,4,6,vit_tiny,cifar10,0.03,8,base.blocks.7,0.824083
30,4,6,vit_tiny,cifar10,0.03,9,base.blocks.8,0.825381
30,4,6,vit_tiny,cifar10,0.03,10,base.blocks.9,0.820113
30,4,6,vit_tiny,cifar10,0.03,11,base.blocks.10,0.810008
30,4,6,vit_tiny,cifar10,0.03,12,base.blocks.11,0.793466
30,4,6,vit_tiny,cifar10,0.03,13,base.norm,0.839194
30,4,6,vit_tiny,cifar10,0.03,14,classifier,0.238610
30,4,7,vit_tiny,cifar10,0.03,0,base.patch_embed,0.773649
30,4,7,vit_tiny,cifar10,0.03,1,base.blocks.0,0.890230
30,4,7,vit_tiny,cifar10,0.03,2,base.blocks.1,0.897984
30,4,7,vit_tiny,cifar10,0.03,3,base.blocks.2,0.895075
30,4,7,vit_tiny,cifar10,0.03,4,base.blocks.3,0.890283
30,4,7,vit_tiny,cifar10,0.03,5,base.blocks.4,0.885580
30,4,7,vit_tiny,cifar10,0.03,6,base.blocks.5,0.884909
30,4,7,vit_tiny,cifar10,0.03,7,base.blocks.6,0.888258
30,4,7,vit_tiny,cifar10,0.03,8,base.blocks.7,0.893123
30,4,7,vit_tiny,cifar10,0.03,9,base.blocks.8,0.895441
30,4,7,vit_tiny,cifar10,0.03,10,base.blocks.9,0.891572
30,4,7,vit_tiny,cifar10,0.03,11,base.blocks.10,0.878979
30,4,7,vit_tiny,cifar10,0.03,12,base.blocks.11,0.852257
30,4,7,vit_tiny,cifar10,0.03,13,base.norm,0.812480
30,4,7,vit_tiny,cifar10,0.03,14,classifier,0.465513
30,4,8,vit_tiny,cifar10,0.03,0,base.patch_embed,0.666490
30,4,8,vit_tiny,cifar10,0.03,1,base.blocks.0,0.722689
30,4,8,vit_tiny,cifar10,0.03,2,base.blocks.1,0.737866
30,4,8,vit_tiny,cifar10,0.03,3,base.blocks.2,0.732691
30,4,8,vit_tiny,cifar10,0.03,4,base.blocks.3,0.720888
30,4,8,vit_tiny,cifar10,0.03,5,base.blocks.4,0.711987
30,4,8,vit_tiny,cifar10,0.03,6,base.blocks.5,0.703361
30,4,8,vit_tiny,cifar10,0.03,7,base.blocks.6,0.703201
30,4,8,vit_tiny,cifar10,0.03,8,base.blocks.7,0.703381
30,4,8,vit_tiny,cifar10,0.03,9,base.blocks.8,0.704378
30,4,8,vit_tiny,cifar10,0.03,10,base.blocks.9,0.703426
30,4,8,vit_tiny,cifar10,0.03,11,base.blocks.10,0.686189
30,4,8,vit_tiny,cifar10,0.03,12,base.blocks.11,0.660257
30,4,8,vit_tiny,cifar10,0.03,13,base.norm,0.721021
30,4,8,vit_tiny,cifar10,0.03,14,classifier,0.483817
30,4,9,vit_tiny,cifar10,0.03,0,base.patch_embed,0.505988
30,4,9,vit_tiny,cifar10,0.03,1,base.blocks.0,0.524704
30,4,9,vit_tiny,cifar10,0.03,2,base.blocks.1,0.539654
30,4,9,vit_tiny,cifar10,0.03,3,base.blocks.2,0.541187
30,4,9,vit_tiny,cifar10,0.03,4,base.blocks.3,0.535391
30,4,9,vit_tiny,cifar10,0.03,5,base.blocks.4,0.523366
30,4,9,vit_tiny,cifar10,0.03,6,base.blocks.5,0.508291
30,4,9,vit_tiny,cifar10,0.03,7,base.blocks.6,0.497690
30,4,9,vit_tiny,cifar10,0.03,8,base.blocks.7,0.485677
30,4,9,vit_tiny,cifar10,0.03,9,base.blocks.8,0.475997
30,4,9,vit_tiny,cifar10,0.03,10,base.blocks.9,0.460109
30,4,9,vit_tiny,cifar10,0.03,11,base.blocks.10,0.429697
30,4,9,vit_tiny,cifar10,0.03,12,base.blocks.11,0.378967
30,4,9,vit_tiny,cifar10,0.03,13,base.norm,0.503259
30,4,9,vit_tiny,cifar10,0.03,14,classifier,0.313388
30,5,6,vit_tiny,cifar10,0.03,0,base.patch_embed,0.930708
30,5,6,vit_tiny,cifar10,0.03,1,base.blocks.0,0.957892
30,5,6,vit_tiny,cifar10,0.03,2,base.blocks.1,0.954224
30,5,6,vit_tiny,cifar10,0.03,3,base.blocks.2,0.952479
30,5,6,vit_tiny,cifar10,0.03,4,base.blocks.3,0.950057
30,5,6,vit_tiny,cifar10,0.03,5,base.blocks.4,0.945044
30,5,6,vit_tiny,cifar10,0.03,6,base.blocks.5,0.943309
30,5,6,vit_tiny,cifar10,0.03,7,base.blocks.6,0.940382
30,5,6,vit_tiny,cifar10,0.03,8,base.blocks.7,0.935855
30,5,6,vit_tiny,cifar10,0.03,9,base.blocks.8,0.935615
30,5,6,vit_tiny,cifar10,0.03,10,base.blocks.9,0.929511
30,5,6,vit_tiny,cifar10,0.03,11,base.blocks.10,0.919549
30,5,6,vit_tiny,cifar10,0.03,12,base.blocks.11,0.905858
30,5,6,vit_tiny,cifar10,0.03,13,base.norm,0.914793
30,5,6,vit_tiny,cifar10,0.03,14,classifier,0.273438
30,5,7,vit_tiny,cifar10,0.03,0,base.patch_embed,0.825404
30,5,7,vit_tiny,cifar10,0.03,1,base.blocks.0,0.846353
30,5,7,vit_tiny,cifar10,0.03,2,base.blocks.1,0.838295
30,5,7,vit_tiny,cifar10,0.03,3,base.blocks.2,0.827020
30,5,7,vit_tiny,cifar10,0.03,4,base.blocks.3,0.824164
30,5,7,vit_tiny,cifar10,0.03,5,base.blocks.4,0.825219
30,5,7,vit_tiny,cifar10,0.03,6,base.blocks.5,0.829849
30,5,7,vit_tiny,cifar10,0.03,7,base.blocks.6,0.842994
30,5,7,vit_tiny,cifar10,0.03,8,base.blocks.7,0.849792
30,5,7,vit_tiny,cifar10,0.03,9,base.blocks.8,0.860741
30,5,7,vit_tiny,cifar10,0.03,10,base.blocks.9,0.864981
30,5,7,vit_tiny,cifar10,0.03,11,base.blocks.10,0.857520
30,5,7,vit_tiny,cifar10,0.03,12,base.blocks.11,0.839037
30,5,7,vit_tiny,cifar10,0.03,13,base.norm,0.810091
30,5,7,vit_tiny,cifar10,0.03,14,classifier,0.098055
30,5,8,vit_tiny,cifar10,0.03,0,base.patch_embed,0.769766
30,5,8,vit_tiny,cifar10,0.03,1,base.blocks.0,0.774549
30,5,8,vit_tiny,cifar10,0.03,2,base.blocks.1,0.773171
30,5,8,vit_tiny,cifar10,0.03,3,base.blocks.2,0.764415
30,5,8,vit_tiny,cifar10,0.03,4,base.blocks.3,0.759936
30,5,8,vit_tiny,cifar10,0.03,5,base.blocks.4,0.757176
30,5,8,vit_tiny,cifar10,0.03,6,base.blocks.5,0.753328
30,5,8,vit_tiny,cifar10,0.03,7,base.blocks.6,0.756338
30,5,8,vit_tiny,cifar10,0.03,8,base.blocks.7,0.755004
30,5,8,vit_tiny,cifar10,0.03,9,base.blocks.8,0.761427
30,5,8,vit_tiny,cifar10,0.03,10,base.blocks.9,0.764105
30,5,8,vit_tiny,cifar10,0.03,11,base.blocks.10,0.753533
30,5,8,vit_tiny,cifar10,0.03,12,base.blocks.11,0.734864
30,5,8,vit_tiny,cifar10,0.03,13,base.norm,0.781055
30,5,8,vit_tiny,cifar10,0.03,14,classifier,0.116234
30,5,9,vit_tiny,cifar10,0.03,0,base.patch_embed,0.653033
30,5,9,vit_tiny,cifar10,0.03,1,base.blocks.0,0.615335
30,5,9,vit_tiny,cifar10,0.03,2,base.blocks.1,0.605315
30,5,9,vit_tiny,cifar10,0.03,3,base.blocks.2,0.598535
30,5,9,vit_tiny,cifar10,0.03,4,base.blocks.3,0.596718
30,5,9,vit_tiny,cifar10,0.03,5,base.blocks.4,0.586859
30,5,9,vit_tiny,cifar10,0.03,6,base.blocks.5,0.576836
30,5,9,vit_tiny,cifar10,0.03,7,base.blocks.6,0.572785
30,5,9,vit_tiny,cifar10,0.03,8,base.blocks.7,0.560548
30,5,9,vit_tiny,cifar10,0.03,9,base.blocks.8,0.556035
30,5,9,vit_tiny,cifar10,0.03,10,base.blocks.9,0.542180
30,5,9,vit_tiny,cifar10,0.03,11,base.blocks.10,0.520895
30,5,9,vit_tiny,cifar10,0.03,12,base.blocks.11,0.473500
30,5,9,vit_tiny,cifar10,0.03,13,base.norm,0.583475
30,5,9,vit_tiny,cifar10,0.03,14,classifier,0.157010
30,6,7,vit_tiny,cifar10,0.03,0,base.patch_embed,0.870377
30,6,7,vit_tiny,cifar10,0.03,1,base.blocks.0,0.809223
30,6,7,vit_tiny,cifar10,0.03,2,base.blocks.1,0.785474
30,6,7,vit_tiny,cifar10,0.03,3,base.blocks.2,0.771797
30,6,7,vit_tiny,cifar10,0.03,4,base.blocks.3,0.769691
30,6,7,vit_tiny,cifar10,0.03,5,base.blocks.4,0.774543
30,6,7,vit_tiny,cifar10,0.03,6,base.blocks.5,0.783334
30,6,7,vit_tiny,cifar10,0.03,7,base.blocks.6,0.803139
30,6,7,vit_tiny,cifar10,0.03,8,base.blocks.7,0.811556
30,6,7,vit_tiny,cifar10,0.03,9,base.blocks.8,0.826803
30,6,7,vit_tiny,cifar10,0.03,10,base.blocks.9,0.828518
30,6,7,vit_tiny,cifar10,0.03,11,base.blocks.10,0.820369
30,6,7,vit_tiny,cifar10,0.03,12,base.blocks.11,0.797713
30,6,7,vit_tiny,cifar10,0.03,13,base.norm,0.791679
30,6,7,vit_tiny,cifar10,0.03,14,classifier,0.287437
30,6,8,vit_tiny,cifar10,0.03,0,base.patch_embed,0.903880
30,6,8,vit_tiny,cifar10,0.03,1,base.blocks.0,0.859694
30,6,8,vit_tiny,cifar10,0.03,2,base.blocks.1,0.854595
30,6,8,vit_tiny,cifar10,0.03,3,base.blocks.2,0.847792
30,6,8,vit_tiny,cifar10,0.03,4,base.blocks.3,0.847800
30,6,8,vit_tiny,cifar10,0.03,5,base.blocks.4,0.852548
30,6,8,vit_tiny,cifar10,0.03,6,base.blocks.5,0.850375
30,6,8,vit_tiny,cifar10,0.03,7,base.blocks.6,0.852400
30,6,8,vit_tiny,cifar10,0.03,8,base.blocks.7,0.849964
30,6,8,vit_tiny,cifar10,0.03,9,base.blocks.8,0.849566
30,6,8,vit_tiny,cifar10,0.03,10,base.blocks.9,0.848907
30,6,8,vit_tiny,cifar10,0.03,11,base.blocks.10,0.838810
30,6,8,vit_tiny,cifar10,0.03,12,base.blocks.11,0.819341
30,6,8,vit_tiny,cifar10,0.03,13,base.norm,0.835455
30,6,8,vit_tiny,cifar10,0.03,14,classifier,0.397512
30,6,9,vit_tiny,cifar10,0.03,0,base.patch_embed,0.836575
30,6,9,vit_tiny,cifar10,0.03,1,base.blocks.0,0.757567
30,6,9,vit_tiny,cifar10,0.03,2,base.blocks.1,0.747804
30,6,9,vit_tiny,cifar10,0.03,3,base.blocks.2,0.739421
30,6,9,vit_tiny,cifar10,0.03,4,base.blocks.3,0.739101
30,6,9,vit_tiny,cifar10,0.03,5,base.blocks.4,0.733925
30,6,9,vit_tiny,cifar10,0.03,6,base.blocks.5,0.723210
30,6,9,vit_tiny,cifar10,0.03,7,base.blocks.6,0.713787
30,6,9,vit_tiny,cifar10,0.03,8,base.blocks.7,0.699921
30,6,9,vit_tiny,cifar10,0.03,9,base.blocks.8,0.680989
30,6,9,vit_tiny,cifar10,0.03,10,base.blocks.9,0.660490
30,6,9,vit_tiny,cifar10,0.03,11,base.blocks.10,0.628448
30,6,9,vit_tiny,cifar10,0.03,12,base.blocks.11,0.565320
30,6,9,vit_tiny,cifar10,0.03,13,base.norm,0.627246
30,6,9,vit_tiny,cifar10,0.03,14,classifier,0.389357
30,7,8,vit_tiny,cifar10,0.03,0,base.patch_embed,0.950448
30,7,8,vit_tiny,cifar10,0.03,1,base.blocks.0,0.893866
30,7,8,vit_tiny,cifar10,0.03,2,base.blocks.1,0.880803
30,7,8,vit_tiny,cifar10,0.03,3,base.blocks.2,0.872412
30,7,8,vit_tiny,cifar10,0.03,4,base.blocks.3,0.865072
30,7,8,vit_tiny,cifar10,0.03,5,base.blocks.4,0.859877
30,7,8,vit_tiny,cifar10,0.03,6,base.blocks.5,0.858132
30,7,8,vit_tiny,cifar10,0.03,7,base.blocks.6,0.862192
30,7,8,vit_tiny,cifar10,0.03,8,base.blocks.7,0.864473
30,7,8,vit_tiny,cifar10,0.03,9,base.blocks.8,0.867729
30,7,8,vit_tiny,cifar10,0.03,10,base.blocks.9,0.866039
30,7,8,vit_tiny,cifar10,0.03,11,base.blocks.10,0.856355
30,7,8,vit_tiny,cifar10,0.03,12,base.blocks.11,0.842373
30,7,8,vit_tiny,cifar10,0.03,13,base.norm,0.853258
30,7,8,vit_tiny,cifar10,0.03,14,classifier,0.837913
30,7,9,vit_tiny,cifar10,0.03,0,base.patch_embed,0.873881
30,7,9,vit_tiny,cifar10,0.03,1,base.blocks.0,0.744706
30,7,9,vit_tiny,cifar10,0.03,2,base.blocks.1,0.717018
30,7,9,vit_tiny,cifar10,0.03,3,base.blocks.2,0.709350
30,7,9,vit_tiny,cifar10,0.03,4,base.blocks.3,0.703625
30,7,9,vit_tiny,cifar10,0.03,5,base.blocks.4,0.697003
30,7,9,vit_tiny,cifar10,0.03,6,base.blocks.5,0.684322
30,7,9,vit_tiny,cifar10,0.03,7,base.blocks.6,0.672128
30,7,9,vit_tiny,cifar10,0.03,8,base.blocks.7,0.652667
30,7,9,vit_tiny,cifar10,0.03,9,base.blocks.8,0.639729
30,7,9,vit_tiny,cifar10,0.03,10,base.blocks.9,0.607807
30,7,9,vit_tiny,cifar10,0.03,11,base.blocks.10,0.571927
30,7,9,vit_tiny,cifar10,0.03,12,base.blocks.11,0.518819
30,7,9,vit_tiny,cifar10,0.03,13,base.norm,0.582723
30,7,9,vit_tiny,cifar10,0.03,14,classifier,0.518601
30,8,9,vit_tiny,cifar10,0.03,0,base.patch_embed,0.975067
30,8,9,vit_tiny,cifar10,0.03,1,base.blocks.0,0.955867
30,8,9,vit_tiny,cifar10,0.03,2,base.blocks.1,0.949429
30,8,9,vit_tiny,cifar10,0.03,3,base.blocks.2,0.946920
30,8,9,vit_tiny,cifar10,0.03,4,base.blocks.3,0.943967
30,8,9,vit_tiny,cifar10,0.03,5,base.blocks.4,0.933599
30,8,9,vit_tiny,cifar10,0.03,6,base.blocks.5,0.923218
30,8,9,vit_tiny,cifar10,0.03,7,base.blocks.6,0.911027
30,8,9,vit_tiny,cifar10,0.03,8,base.blocks.7,0.896416
30,8,9,vit_tiny,cifar10,0.03,9,base.blocks.8,0.883273
30,8,9,vit_tiny,cifar10,0.03,10,base.blocks.9,0.863671
30,8,9,vit_tiny,cifar10,0.03,11,base.blocks.10,0.843657
30,8,9,vit_tiny,cifar10,0.03,12,base.blocks.11,0.814547
30,8,9,vit_tiny,cifar10,0.03,13,base.norm,0.826979
30,8,9,vit_tiny,cifar10,0.03,14,classifier,0.530968
40,0,1,vit_tiny,cifar10,0.03,0,base.patch_embed,0.902751
40,0,1,vit_tiny,cifar10,0.03,1,base.blocks.0,0.951401
40,0,1,vit_tiny,cifar10,0.03,2,base.blocks.1,0.955304
40,0,1,vit_tiny,cifar10,0.03,3,base.blocks.2,0.953685
40,0,1,vit_tiny,cifar10,0.03,4,base.blocks.3,0.953645
40,0,1,vit_tiny,cifar10,0.03,5,base.blocks.4,0.952958
40,0,1,vit_tiny,cifar10,0.03,6,base.blocks.5,0.954052
40,0,1,vit_tiny,cifar10,0.03,7,base.blocks.6,0.954101
40,0,1,vit_tiny,cifar10,0.03,8,base.blocks.7,0.954848
40,0,1,vit_tiny,cifar10,0.03,9,base.blocks.8,0.957028
40,0,1,vit_tiny,cifar10,0.03,10,base.blocks.9,0.958253
40,0,1,vit_tiny,cifar10,0.03,11,base.blocks.10,0.958135
40,0,1,vit_tiny,cifar10,0.03,12,base.blocks.11,0.958152
40,0,1,vit_tiny,cifar10,0.03,13,base.norm,0.951726
40,0,1,vit_tiny,cifar10,0.03,14,classifier,0.710260
40,0,2,vit_tiny,cifar10,0.03,0,base.patch_embed,0.951276
40,0,2,vit_tiny,cifar10,0.03,1,base.blocks.0,0.919657
40,0,2,vit_tiny,cifar10,0.03,2,base.blocks.1,0.916026
40,0,2,vit_tiny,cifar10,0.03,3,base.blocks.2,0.898359
40,0,2,vit_tiny,cifar10,0.03,4,base.blocks.3,0.884759
40,0,2,vit_tiny,cifar10,0.03,5,base.blocks.4,0.860796
40,0,2,vit_tiny,cifar10,0.03,6,base.blocks.5,0.849527
40,0,2,vit_tiny,cifar10,0.03,7,base.blocks.6,0.842429
40,0,2,vit_tiny,cifar10,0.03,8,base.blocks.7,0.837422
40,0,2,vit_tiny,cifar10,0.03,9,base.blocks.8,0.838436
40,0,2,vit_tiny,cifar10,0.03,10,base.blocks.9,0.838450
40,0,2,vit_tiny,cifar10,0.03,11,base.blocks.10,0.831606
40,0,2,vit_tiny,cifar10,0.03,12,base.blocks.11,0.820621
40,0,2,vit_tiny,cifar10,0.03,13,base.norm,0.761776
40,0,2,vit_tiny,cifar10,0.03,14,classifier,0.333172
40,0,3,vit_tiny,cifar10,0.03,0,base.patch_embed,0.922815
40,0,3,vit_tiny,cifar10,0.03,1,base.blocks.0,0.906654
40,0,3,vit_tiny,cifar10,0.03,2,base.blocks.1,0.916924
40,0,3,vit_tiny,cifar10,0.03,3,base.blocks.2,0.926627
40,0,3,vit_tiny,cifar10,0.03,4,base.blocks.3,0.930964
40,0,3,vit_tiny,cifar10,0.03,5,base.blocks.4,0.936310
40,0,3,vit_tiny,cifar10,0.03,6,base.blocks.5,0.936698
40,0,3,vit_tiny,cifar10,0.03,7,base.blocks.6,0.936090
40,0,3,vit_tiny,cifar10,0.03,8,base.blocks.7,0.933096
40,0,3,vit_tiny,cifar10,0.03,9,base.blocks.8,0.930992
40,0,3,vit_tiny,cifar10,0.03,10,base.blocks.9,0.924566
40,0,3,vit_tiny,cifar10,0.03,11,base.blocks.10,0.913800
40,0,3,vit_tiny,cifar10,0.03,12,base.blocks.11,0.889765
40,0,3,vit_tiny,cifar10,0.03,13,base.norm,0.884400
40,0,3,vit_tiny,cifar10,0.03,14,classifier,0.365838
40,0,4,vit_tiny,cifar10,0.03,0,base.patch_embed,0.944867
40,0,4,vit_tiny,cifar10,0.03,1,base.blocks.0,0.953468
40,0,4,vit_tiny,cifar10,0.03,2,base.blocks.1,0.961390
40,0,4,vit_tiny,cifar10,0.03,3,base.blocks.2,0.963241
40,0,4,vit_tiny,cifar10,0.03,4,base.blocks.3,0.963662
40,0,4,vit_tiny,cifar10,0.03,5,base.blocks.4,0.962381
40,0,4,vit_tiny,cifar10,0.03,6,base.blocks.5,0.962191
40,0,4,vit_tiny,cifar10,0.03,7,base.blocks.6,0.963189
40,0,4,vit_tiny,cifar10,0.03,8,base.blocks.7,0.964504
40,0,4,vit_tiny,cifar10,0.03,9,base.blocks.8,0.967884
40,0,4,vit_tiny,cifar10,0.03,10,base.blocks.9,0.970459
40,0,4,vit_tiny,cifar10,0.03,11,base.blocks.10,0.971180
40,0,4,vit_tiny,cifar10,0.03,12,base.blocks.11,0.972013
40,0,4,vit_tiny,cifar10,0.03,13,base.norm,0.960277
40,0,4,vit_tiny,cifar10,0.03,14,classifier,0.588882
40,0,5,vit_tiny,cifar10,0.03,0,base.patch_embed,0.930025
40,0,5,vit_tiny,cifar10,0.03,1,base.blocks.0,0.942166
40,0,5,vit_tiny,cifar10,0.03,2,base.blocks.1,0.942535
40,0,5,vit_tiny,cifar10,0.03,3,base.blocks.2,0.931674
40,0,5,vit_tiny,cifar10,0.03,4,base.blocks.3,0.919729
40,0,5,vit_tiny,cifar10,0.03,5,base.blocks.4,0.897953
40,0,5,vit_tiny,cifar10,0.03,6,base.blocks.5,0.888315
40,0,5,vit_tiny,cifar10,0.03,7,base.blocks.6,0.882421
40,0,5,vit_tiny,cifar10,0.03,8,base.blocks.7,0.879580
40,0,5,vit_tiny,cifar10,0.03,9,base.blocks.8,0.879629
40,0,5,vit_tiny,cifar10,0.03,10,base.blocks.9,0.879117
40,0,5,vit_tiny,cifar10,0.03,11,base.blocks.10,0.872265
40,0,5,vit_tiny,cifar10,0.03,12,base.blocks.11,0.861086
40,0,5,vit_tiny,cifar10,0.03,13,base.norm,0.763616
40,0,5,vit_tiny,cifar10,0.03,14,classifier,0.340923
40,0,6,vit_tiny,cifar10,0.03,0,base.patch_embed,0.906645
40,0,6,vit_tiny,cifar10,0.03,1,base.blocks.0,0.904759
40,0,6,vit_tiny,cifar10,0.03,2,base.blocks.1,0.907994
40,0,6,vit_tiny,cifar10,0.03,3,base.blocks.2,0.911002
40,0,6,vit_tiny,cifar10,0.03,4,base.blocks.3,0.911621
40,0,6,vit_tiny,cifar10,0.03,5,base.blocks.4,0.911720
40,0,6,vit_tiny,cifar10,0.03,6,base.blocks.5,0.910517
40,0,6,vit_tiny,cifar10,0.03,7,base.blocks.6,0.909962
40,0,6,vit_tiny,cifar10,0.03,8,base.blocks.7,0.906254
40,0,6,vit_tiny,cifar10,0.03,9,base.blocks.8,0.907966
40,0,6,vit_tiny,cifar10,0.03,10,base.blocks.9,0.904258
40,0,6,vit_tiny,cifar10,0.03,11,base.blocks.10,0.898398
40,0,6,vit_tiny,cifar10,0.03,12,base.blocks.11,0.883197
40,0,6,vit_tiny,cifar10,0.03,13,base.norm,0.898195
40,0,6,vit_tiny,cifar10,0.03,14,classifier,0.335829
40,0,7,vit_tiny,cifar10,0.03,0,base.patch_embed,0.923658
40,0,7,vit_tiny,cifar10,0.03,1,base.blocks.0,0.937058
40,0,7,vit_tiny,cifar10,0.03,2,base.blocks.1,0.931158
40,0,7,vit_tiny,cifar10,0.03,3,base.blocks.2,0.916087
40,0,7,vit_tiny,cifar10,0.03,4,base.blocks.3,0.907544
40,0,7,vit_tiny,cifar10,0.03,5,base.blocks.4,0.891309
40,0,7,vit_tiny,cifar10,0.03,6,base.blocks.5,0.887576
40,0,7,vit_tiny,cifar10,0.03,7,base.blocks.6,0.889695
40,0,7,vit_tiny,cifar10,0.03,8,base.blocks.7,0.890965
40,0,7,vit_tiny,cifar10,0.03,9,base.blocks.8,0.897569
40,0,7,vit_tiny,cifar10,0.03,10,base.blocks.9,0.904637
40,0,7,vit_tiny,cifar10,0.03,11,base.blocks.10,0.909284
40,0,7,vit_tiny,cifar10,0.03,12,base.blocks.11,0.913301
40,0,7,vit_tiny,cifar10,0.03,13,base.norm,0.903573
40,0,7,vit_tiny,cifar10,0.03,14,classifier,0.581900
40,0,8,vit_tiny,cifar10,0.03,0,base.patch_embed,0.915351
40,0,8,vit_tiny,cifar10,0.03,1,base.blocks.0,0.911234
40,0,8,vit_tiny,cifar10,0.03,2,base.blocks.1,0.909910
40,0,8,vit_tiny,cifar10,0.03,3,base.blocks.2,0.899878
40,0,8,vit_tiny,cifar10,0.03,4,base.blocks.3,0.894308
40,0,8,vit_tiny,cifar10,0.03,5,base.blocks.4,0.883237
40,0,8,vit_tiny,cifar10,0.03,6,base.blocks.5,0.875222
40,0,8,vit_tiny,cifar10,0.03,7,base.blocks.6,0.870705
40,0,8,vit_tiny,cifar10,0.03,8,base.blocks.7,0.864346
40,0,8,vit_tiny,cifar10,0.03,9,base.blocks.8,0.859365
40,0,8,vit_tiny,cifar10,0.03,10,base.blocks.9,0.854127
40,0,8,vit_tiny,cifar10,0.03,11,base.blocks.10,0.847270
40,0,8,vit_tiny,cifar10,0.03,12,base.blocks.11,0.818785
40,0,8,vit_tiny,cifar10,0.03,13,base.norm,0.857122
40,0,8,vit_tiny,cifar10,0.03,14,classifier,0.691204
40,0,9,vit_tiny,cifar10,0.03,0,base.patch_embed,0.898101
40,0,9,vit_tiny,cifar10,0.03,1,base.blocks.0,0.873080
40,0,9,vit_tiny,cifar10,0.03,2,base.blocks.1,0.882623
40,0,9,vit_tiny,cifar10,0.03,3,base.blocks.2,0.894451
40,0,9,vit_tiny,cifar10,0.03,4,base.blocks.3,0.904473
40,0,9,vit_tiny,cifar10,0.03,5,base.blocks.4,0.917469
40,0,9,vit_tiny,cifar10,0.03,6,base.blocks.5,0.914900
40,0,9,vit_tiny,cifar10,0.03,7,base.blocks.6,0.912545
40,0,9,vit_tiny,cifar10,0.03,8,base.blocks.7,0.910465
40,0,9,vit_tiny,cifar10,0.03,9,base.blocks.8,0.907302
40,0,9,vit_tiny,cifar10,0.03,10,base.blocks.9,0.901803
40,0,9,vit_tiny,cifar10,0.03,11,base.blocks.10,0.895800
40,0,9,vit_tiny,cifar10,0.03,12,base.blocks.11,0.878018
40,0,9,vit_tiny,cifar10,0.03,13,base.norm,0.874242
40,0,9,vit_tiny,cifar10,0.03,14,classifier,0.397694
40,1,2,vit_tiny,cifar10,0.03,0,base.patch_embed,0.863580
40,1,2,vit_tiny,cifar10,0.03,1,base.blocks.0,0.884606
40,1,2,vit_tiny,cifar10,0.03,2,base.blocks.1,0.880103
40,1,2,vit_tiny,cifar10,0.03,3,base.blocks.2,0.861452
40,1,2,vit_tiny,cifar10,0.03,4,base.blocks.3,0.842441
40,1,2,vit_tiny,cifar10,0.03,5,base.blocks.4,0.819691
40,1,2,vit_tiny,cifar10,0.03,6,base.blocks.5,0.808537
40,1,2,vit_tiny,cifar10,0.03,7,base.blocks.6,0.804264
40,1,2,vit_tiny,cifar10,0.03,8,base.blocks.7,0.798777
40,1,2,vit_tiny,cifar10,0.03,9,base.blocks.8,0.796368
40,1,2,vit_tiny,cifar10,0.03,10,base.blocks.9,0.787674
40,1,2,vit_tiny,cifar10,0.03,11,base.blocks.10,0.773367
40,1,2,vit_tiny,cifar10,0.03,12,base.blocks.11,0.752495
40,1,2,vit_tiny,cifar10,0.03,13,base.norm,0.732117
40,1,2,vit_tiny,cifar10,0.03,14,classifier,0.377797
40,1,3,vit_tiny,cifar10,0.03,0,base.patch_embed,0.837864
40,1,3,vit_tiny,cifar10,0.03,1,base.blocks.0,0.875555
40,1,3,vit_tiny,cifar10,0.03,2,base.blocks.1,0.898679
40,1,3,vit_tiny,cifar10,0.03,3,base.blocks.2,0.908571
40,1,3,vit_tiny,cifar10,0.03,4,base.blocks.3,0.916014
40,1,3,vit_tiny,cifar10,0.03,5,base.blocks.4,0.918275
40,1,3,vit_tiny,cifar10,0.03,6,base.blocks.5,0.917330
40,1,3,vit_tiny,cifar10,0.03,7,base.blocks.6,0.912376
40,1,3,vit_tiny,cifar10,0.03,8,base.blocks.7,0.907016
40,1,3,vit_tiny,cifar10,0.03,9,base.blocks.8,0.904854
40,1,3,vit_tiny,cifar10,0.03,10,base.blocks.9,0.899773
40,1,3,vit_tiny,cifar10,0.03,11,base.blocks.10,0.885936
40,1,3,vit_tiny,cifar10,0.03,12,base.blocks.11,0.858083
40,1,3,vit_tiny,cifar10,0.03,13,base.norm,0.865099
40,1,3,vit_tiny,cifar10,0.03,14,classifier,0.323660
40,1,4,vit_tiny,cifar10,0.03,0,base.patch_embed,0.854770
40,1,4,vit_tiny,cifar10,0.03,1,base.blocks.0,0.918016
40,1,4,vit_tiny,cifar10,0.03,2,base.blocks.1,0.924473
40,1,4,vit_tiny,cifar10,0.03,3,base.blocks.2,0.922375
40,1,4,vit_tiny,cifar10,0.03,4,base.blocks.3,0.919144
40,1,4,vit_tiny,cifar10,0.03,5,base.blocks.4,0.917442
40,1,4,vit_tiny,cifar10,0.03,6,base.blocks.5,0.918044
40,1,4,vit_tiny,cifar10,0.03,7,base.blocks.6,0.919623
40,1,4,vit_tiny,cifar10,0.03,8,base.blocks.7,0.920786
40,1,4,vit_tiny,cifar10,0.03,9,base.blocks.8,0.924392
40,1,4,vit_tiny,cifar10,0.03,10,base.blocks.9,0.924812
40,1,4,vit_tiny,cifar10,0.03,11,base.blocks.10,0.923100
40,1,4,vit_tiny,cifar10,0.03,12,base.blocks.11,0.919867
40,1,4,vit_tiny,cifar10,0.03,13,base.norm,0.920178
40,1,4,vit_tiny,cifar10,0.03,14,classifier,0.333337
40,1,5,vit_tiny,cifar10,0.03,0,base.patch_embed,0.854506
40,1,5,vit_tiny,cifar10,0.03,1,base.blocks.0,0.883218
40,1,5,vit_tiny,cifar10,0.03,2,base.blocks.1,0.891696
40,1,5,vit_tiny,cifar10,0.03,3,base.blocks.2,0.885649
40,1,5,vit_tiny,cifar10,0.03,4,base.blocks.3,0.874213
40,1,5,vit_tiny,cifar10,0.03,5,base.blocks.4,0.857425
40,1,5,vit_tiny,cifar10,0.03,6,base.blocks.5,0.850307
40,1,5,vit_tiny,cifar10,0.03,7,base.blocks.6,0.847244
40,1,5,vit_tiny,cifar10,0.03,8,base.blocks.7,0.844956
40,1,5,vit_tiny,cifar10,0.03,9,base.blocks.8,0.842785
40,1,5,vit_tiny,cifar10,0.03,10,base.blocks.9,0.835070
40,1,5,vit_tiny,cifar10,0.03,11,base.blocks.10,0.821617
40,1,5,vit_tiny,cifar10,0.03,12,base.blocks.11,0.803553
40,1,5,vit_tiny,cifar10,0.03,13,base.norm,0.748146
40,1,5,vit_tiny,cifar10,0.03,14,classifier,0.401831
40,1,6,vit_tiny,cifar10,0.03,0,base.patch_embed,0.912753
40,1,6,vit_tiny,cifar10,0.03,1,base.blocks.0,0.917560
40,1,6,vit_tiny,cifar10,0.03,2,base.blocks.1,0.927945
40,1,6,vit_tiny,cifar10,0.03,3,base.blocks.2,0.932886
40,1,6,vit_tiny,cifar10,0.03,4,base.blocks.3,0.936002
40,1,6,vit_tiny,cifar10,0.03,5,base.blocks.4,0.937417
40,1,6,vit_tiny,cifar10,0.03,6,base.blocks.5,0.933586
40,1,6,vit_tiny,cifar10,0.03,7,base.blocks.6,0.929998
40,1,6,vit_tiny,cifar10,0.03,8,base.blocks.7,0.922084
40,1,6,vit_tiny,cifar10,0.03,9,base.blocks.8,0.917646
40,1,6,vit_tiny,cifar10,0.03,10,base.blocks.9,0.909834
40,1,6,vit_tiny,cifar10,0.03,11,base.blocks.10,0.899077
40,1,6,vit_tiny,cifar10,0.03,12,base.blocks.11,0.877287
40,1,6,vit_tiny,cifar10,0.03,13,base.norm,0.914245
40,1,6,vit_tiny,cifar10,0.03,14,classifier,0.502469
40,1,7,vit_tiny,cifar10,0.03,0,base.patch_embed,0.971042
40,1,7,vit_tiny,cifar10,0.03,1,base.blocks.0,0.926208
40,1,7,vit_tiny,cifar10,0.03,2,base.blocks.1,0.911751
40,1,7,vit_tiny,cifar10,0.03,3,base.blocks.2,0.895822
40,1,7,vit_tiny,cifar10,0.03,4,base.blocks.3,0.884151
40,1,7,vit_tiny,cifar10,0.03,5,base.blocks.4,0.870857
40,1,7,vit_tiny,cifar10,0.03,6,base.blocks.5,0.868651
40,1,7,vit_tiny,cifar10,0.03,7,base.blocks.6,0.875550
40,1,7,vit_tiny,cifar10,0.03,8,base.blocks.7,0.878970
40,1,7,vit_tiny,cifar10,0.03,9,base.blocks.8,0.886367
40,1,7,vit_tiny,cifar10,0.03,10,base.blocks.9,0.888538
40,1,7,vit_tiny,cifar10,0.03,11,base.blocks.10,0.890239
40,1,7,vit_tiny,cifar10,0.03,12,base.blocks.11,0.888805
40,1,7,vit_tiny,cifar10,0.03,13,base.norm,0.884277
40,1,7,vit_tiny,cifar10,0.03,14,classifier,0.564069
40,1,8,vit_tiny,cifar10,0.03,0,base.patch_embed,0.983500
40,1,8,vit_tiny,cifar10,0.03,1,base.blocks.0,0.950779
40,1,8,vit_tiny,cifar10,0.03,2,base.blocks.1,0.936558
40,1,8,vit_tiny,cifar10,0.03,3,base.blocks.2,0.922297
40,1,8,vit_tiny,cifar10,0.03,4,base.blocks.3,0.907594
40,1,8,vit_tiny,cifar10,0.03,5,base.blocks.4,0.888609
40,1,8,vit_tiny,cifar10,0.03,6,base.blocks.5,0.875843
40,1,8,vit_tiny,cifar10,0.03,7,base.blocks.6,0.873540
40,1,8,vit_tiny,cifar10,0.03,8,base.blocks.7,0.867772
40,1,8,vit_tiny,cifar10,0.03,9,base.blocks.8,0.862498
40,1,8,vit_tiny,cifar10,0.03,10,base.blocks.9,0.854222
40,1,8,vit_tiny,cifar10,0.03,11,base.blocks.10,0.842759
40,1,8,vit_tiny,cifar10,0.03,12,base.blocks.11,0.811427
40,1,8,vit_tiny,cifar10,0.03,13,base.norm,0.846820
40,1,8,vit_tiny,cifar10,0.03,14,classifier,0.757950
40,1,9,vit_tiny,cifar10,0.03,0,base.patch_embed,0.983619
40,1,9,vit_tiny,cifar10,0.03,1,base.blocks.0,0.948245
40,1,9,vit_tiny,cifar10,0.03,2,base.blocks.1,0.941628
40,1,9,vit_tiny,cifar10,0.03,3,base.blocks.2,0.942803
40,1,9,vit_tiny,cifar10,0.03,4,base.blocks.3,0.940726
40,1,9,vit_tiny,cifar10,0.03,5,base.blocks.4,0.938052
40,1,9,vit_tiny,cifar10,0.03,6,base.blocks.5,0.929199
40,1,9,vit_tiny,cifar10,0.03,7,base.blocks.6,0.922927
40,1,9,vit_tiny,cifar10,0.03,8,base.blocks.7,0.918768
40,1,9,vit_tiny,cifar10,0.03,9,base.blocks.8,0.913842
40,1,9,vit_tiny,cifar10,0.03,10,base.blocks.9,0.908259
40,1,9,vit_tiny,cifar10,0.03,11,base.blocks.10,0.900188
40,1,9,vit_tiny,cifar10,0.03,12,base.blocks.11,0.882648
40,1,9,vit_tiny,cifar10,0.03,13,base.norm,0.885852
40,1,9,vit_tiny,cifar10,0.03,14,classifier,0.450999
40,2,3,vit_tiny,cifar10,0.03,0,base.patch_embed,0.924382
40,2,3,vit_tiny,cifar10,0.03,1,base.blocks.0,0.800656
40,2,3,vit_tiny,cifar10,0.03,2,base.blocks.1,0.802922
40,2,3,vit_tiny,cifar10,0.03,3,base.blocks.2,0.790041
40,2,3,vit_tiny,cifar10,0.03,4,base.blocks.3,0.778849
40,2,3,vit_tiny,cifar10,0.03,5,base.blocks.4,0.755877
40,2,3,vit_tiny,cifar10,0.03,6,base.blocks.5,0.749767
40,2,3,vit_tiny,cifar10,0.03,7,base.blocks.6,0.747071
40,2,3,vit_tiny,cifar10,0.03,8,base.blocks.7,0.744819
40,2,3,vit_tiny,cifar10,0.03,9,base.blocks.8,0.751951
40,2,3,vit_tiny,cifar10,0.03,10,base.blocks.9,0.765600
40,2,3,vit_tiny,cifar10,0.03,11,base.blocks.10,0.775823
40,2,3,vit_tiny,cifar10,0.03,12,base.blocks.11,0.793673
40,2,3,vit_tiny,cifar10,0.03,13,base.norm,0.751834
40,2,3,vit_tiny,cifar10,0.03,14,classifier,0.571236
40,2,4,vit_tiny,cifar10,0.03,0,base.patch_embed,0.993739
40,2,4,vit_tiny,cifar10,0.03,1,base.blocks.0,0.980430
40,2,4,vit_tiny,cifar10,0.03,2,base.blocks.1,0.973770
40,2,4,vit_tiny,cifar10,0.03,3,base.blocks.2,0.963545
40,2,4,vit_tiny,cifar10,0.03,4,base.blocks.3,0.954819
40,2,4,vit_tiny,cifar10,0.03,5,base.blocks.4,0.939625
40,2,4,vit_tiny,cifar10,0.03,6,base.blocks.5,0.931578
40,2,4,vit_tiny,cifar10,0.03,7,base.blocks.6,0.923655
40,2,4,vit_tiny,cifar10,0.03,8,base.blocks.7,0.918003
40,2,4,vit_tiny,cifar10,0.03,9,base.blocks.8,0.912198
40,2,4,vit_tiny,cifar10,0.03,10,base.blocks.9,0.908356
40,2,4,vit_tiny,cifar10,0.03,11,base.blocks.10,0.901513
40,2,4,vit_tiny,cifar10,0.03,12,base.blocks.11,0.895758
40,2,4,vit_tiny,cifar10,0.03,13,base.norm,0.838982
40,2,4,vit_tiny,cifar10,0.03,14,classifier,0.427771
40,2,5,vit_tiny,cifar10,0.03,0,base.patch_embed,0.997618
40,2,5,vit_tiny,cifar10,0.03,1,base.blocks.0,0.985316
40,2,5,vit_tiny,cifar10,0.03,2,base.blocks.1,0.984373
40,2,5,vit_tiny,cifar10,0.03,3,base.blocks.2,0.983390
40,2,5,vit_tiny,cifar10,0.03,4,base.blocks.3,0.982564
40,2,5,vit_tiny,cifar10,0.03,5,base.blocks.4,0.981501
40,2,5,vit_tiny,cifar10,0.03,6,base.blocks.5,0.980977
40,2,5,vit_tiny,cifar10,0.03,7,base.blocks.6,0.981123
40,2,5,vit_tiny,cifar10,0.03,8,base.blocks.7,0.980808
40,2,5,vit_tiny,cifar10,0.03,9,base.blocks.8,0.981620
40,2,5,vit_tiny,cifar10,0.03,10,base.blocks.9,0.982464
40,2,5,vit_tiny,cifar10,0.03,11,base.blocks.10,0.982893
40,2,5,vit_tiny,cifar10,0.03,12,base.blocks.11,0.981890
40,2,5,vit_tiny,cifar10,0.03,13,base.norm,0.959344
40,2,5,vit_tiny,cifar10,0.03,14,classifier,0.412694
40,2,6,vit_tiny,cifar10,0.03,0,base.patch_embed,0.914145
40,2,6,vit_tiny,cifar10,0.03,1,base.blocks.0,0.838562
40,2,6,vit_tiny,cifar10,0.03,2,base.blocks.1,0.834814
40,2,6,vit_tiny,cifar10,0.03,3,base.blocks.2,0.824041
40,2,6,vit_tiny,cifar10,0.03,4,base.blocks.3,0.815851
40,2,6,vit_tiny,cifar10,0.03,5,base.blocks.4,0.801281
40,2,6,vit_tiny,cifar10,0.03,6,base.blocks.5,0.797463
40,2,6,vit_tiny,cifar10,0.03,7,base.blocks.6,0.796760
40,2,6,vit_tiny,cifar10,0.03,8,base.blocks.7,0.790580
40,2,6,vit_tiny,cifar10,0.03,9,base.blocks.8,0.791281
40,2,6,vit_tiny,cifar10,0.03,10,base.blocks.9,0.792448
40,2,6,vit_tiny,cifar10,0.03,11,base.blocks.10,0.790291
40,2,6,vit_tiny,cifar10,0.03,12,base.blocks.11,0.787435
40,2,6,vit_tiny,cifar10,0.03,13,base.norm,0.786626
40,2,6,vit_tiny,cifar10,0.03,14,classifier,0.614165
40,2,7,vit_tiny,cifar10,0.03,0,base.patch_embed,0.878427
40,2,7,vit_tiny,cifar10,0.03,1,base.blocks.0,0.936987
40,2,7,vit_tiny,cifar10,0.03,2,base.blocks.1,0.934757
40,2,7,vit_tiny,cifar10,0.03,3,base.blocks.2,0.930258
40,2,7,vit_tiny,cifar10,0.03,4,base.blocks.3,0.923649
40,2,7,vit_tiny,cifar10,0.03,5,base.blocks.4,0.914489
40,2,7,vit_tiny,cifar10,0.03,6,base.blocks.5,0.904723
40,2,7,vit_tiny,cifar10,0.03,7,base.blocks.6,0.898402
40,2,7,vit_tiny,cifar10,0.03,8,base.blocks.7,0.892525
40,2,7,vit_tiny,cifar10,0.03,9,base.blocks.8,0.887112
40,2,7,vit_tiny,cifar10,0.03,10,base.blocks.9,0.872673
40,2,7,vit_tiny,cifar10,0.03,11,base.blocks.10,0.854029
40,2,7,vit_tiny,cifar10,0.03,12,base.blocks.11,0.822838
40,2,7,vit_tiny,cifar10,0.03,13,base.norm,0.784201
40,2,7,vit_tiny,cifar10,0.03,14,classifier,0.308729
40,2,8,vit_tiny,cifar10,0.03,0,base.patch_embed,0.836616
40,2,8,vit_tiny,cifar10,0.03,1,base.blocks.0,0.844392
40,2,8,vit_tiny,cifar10,0.03,2,base.blocks.1,0.855062
40,2,8,vit_tiny,cifar10,0.03,3,base.blocks.2,0.851397
40,2,8,vit_tiny,cifar10,0.03,4,base.blocks.3,0.843389
40,2,8,vit_tiny,cifar10,0.03,5,base.blocks.4,0.819348
40,2,8,vit_tiny,cifar10,0.03,6,base.blocks.5,0.803916
40,2,8,vit_tiny,cifar10,0.03,7,base.blocks.6,0.790943
40,2,8,vit_tiny,cifar10,0.03,8,base.blocks.7,0.784455
40,2,8,vit_tiny,cifar10,0.03,9,base.blocks.8,0.780117
40,2,8,vit_tiny,cifar10,0.03,10,base.blocks.9,0.775079
40,2,8,vit_tiny,cifar10,0.03,11,base.blocks.10,0.773396
40,2,8,vit_tiny,cifar10,0.03,12,base.blocks.11,0.761340
40,2,8,vit_tiny,cifar10,0.03,13,base.norm,0.795719
40,2,8,vit_tiny,cifar10,0.03,14,classifier,0.388890
40,2,9,vit_tiny,cifar10,0.03,0,base.patch_embed,0.826180
40,2,9,vit_tiny,cifar10,0.03,1,base.blocks.0,0.763941
40,2,9,vit_tiny,cifar10,0.03,2,base.blocks.1,0.774443
40,2,9,vit_tiny,cifar10,0.03,3,base.blocks.2,0.776519
40,2,9,vit_tiny,cifar10,0.03,4,base.blocks.3,0.777416
40,2,9,vit_tiny,cifar10,0.03,5,base.blocks.4,0.770667
40,2,9,vit_tiny,cifar10,0.03,6,base.blocks.5,0.754391
40,2,9,vit_tiny,cifar10,0.03,7,base.blocks.6,0.748163
40,2,9,vit_tiny,cifar10,0.03,8,base.blocks.7,0.746459
40,2,9,vit_tiny,cifar10,0.03,9,base.blocks.8,0.745095
40,2,9,vit_tiny,cifar10,0.03,10,base.blocks.9,0.742195
40,2,9,vit_tiny,cifar10,0.03,11,base.blocks.10,0.735474
40,2,9,vit_tiny,cifar10,0.03,12,base.blocks.11,0.718094
40,2,9,vit_tiny,cifar10,0.03,13,base.norm,0.707249
40,2,9,vit_tiny,cifar10,0.03,14,classifier,0.330693
40,3,4,vit_tiny,cifar10,0.03,0,base.patch_embed,0.916442
40,3,4,vit_tiny,cifar10,0.03,1,base.blocks.0,0.869389
40,3,4,vit_tiny,cifar10,0.03,2,base.blocks.1,0.884871
40,3,4,vit_tiny,cifar10,0.03,3,base.blocks.2,0.896418
40,3,4,vit_tiny,cifar10,0.03,4,base.blocks.3,0.902515
40,3,4,vit_tiny,cifar10,0.03,5,base.blocks.4,0.905800
40,3,4,vit_tiny,cifar10,0.03,6,base.blocks.5,0.905828
40,3,4,vit_tiny,cifar10,0.03,7,base.blocks.6,0.907119
40,3,4,vit_tiny,cifar10,0.03,8,base.blocks.7,0.904111
40,3,4,vit_tiny,cifar10,0.03,9,base.blocks.8,0.905252
40,3,4,vit_tiny,cifar10,0.03,10,base.blocks.9,0.905631
40,3,4,vit_tiny,cifar10,0.03,11,base.blocks.10,0.903190
40,3,4,vit_tiny,cifar10,0.03,12,base.blocks.11,0.900701
40,3,4,vit_tiny,cifar10,0.03,13,base.norm,0.871224
40,3,4,vit_tiny,cifar10,0.03,14,classifier,0.294336
40,3,5,vit_tiny,cifar10,0.03,0,base.patch_embed,0.912602
40,3,5,vit_tiny,cifar10,0.03,1,base.blocks.0,0.854421
40,3,5,vit_tiny,cifar10,0.03,2,base.blocks.1,0.848671
40,3,5,vit_tiny,cifar10,0.03,3,base.blocks.2,0.837015
40,3,5,vit_tiny,cifar10,0.03,4,base.blocks.3,0.824643
40,3,5,vit_tiny,cifar10,0.03,5,base.blocks.4,0.804638
40,3,5,vit_tiny,cifar10,0.03,6,base.blocks.5,0.799581
40,3,5,vit_tiny,cifar10,0.03,7,base.blocks.6,0.797851
40,3,5,vit_tiny,cifar10,0.03,8,base.blocks.7,0.799586
40,3,5,vit_tiny,cifar10,0.03,9,base.blocks.8,0.806460
40,3,5,vit_tiny,cifar10,0.03,10,base.blocks.9,0.819026
40,3,5,vit_tiny,cifar10,0.03,11,base.blocks.10,0.829170
40,3,5,vit_tiny,cifar10,0.03,12,base.blocks.11,0.845501
40,3,5,vit_tiny,cifar10,0.03,13,base.norm,0.786387
40,3,5,vit_tiny,cifar10,0.03,14,classifier,0.278515
40,3,6,vit_tiny,cifar10,0.03,0,base.patch_embed,0.976900
40,3,6,vit_tiny,cifar10,0.03,1,base.blocks.0,0.980384
40,3,6,vit_tiny,cifar10,0.03,2,base.blocks.1,0.979955
40,3,6,vit_tiny,cifar10,0.03,3,base.blocks.2,0.976110
40,3,6,vit_tiny,cifar10,0.03,4,base.blocks.3,0.971623
40,3,6,vit_tiny,cifar10,0.03,5,base.blocks.4,0.962579
40,3,6,vit_tiny,cifar10,0.03,6,base.blocks.5,0.958382
40,3,6,vit_tiny,cifar10,0.03,7,base.blocks.6,0.953745
40,3,6,vit_tiny,cifar10,0.03,8,base.blocks.7,0.950214
40,3,6,vit_tiny,cifar10,0.03,9,base.blocks.8,0.950151
40,3,6,vit_tiny,cifar10,0.03,10,base.blocks.9,0.950662
40,3,6,vit_tiny,cifar10,0.03,11,base.blocks.10,0.947297
40,3,6,vit_tiny,cifar10,0.03,12,base.blocks.11,0.945438
40,3,6,vit_tiny,cifar10,0.03,13,base.norm,0.909051
40,3,6,vit_tiny,cifar10,0.03,14,classifier,0.552287
40,3,7,vit_tiny,cifar10,0.03,0,base.patch_embed,0.790775
40,3,7,vit_tiny,cifar10,0.03,1,base.blocks.0,0.749719
40,3,7,vit_tiny,cifar10,0.03,2,base.blocks.1,0.751619
40,3,7,vit_tiny,cifar10,0.03,3,base.blocks.2,0.743477
40,3,7,vit_tiny,cifar10,0.03,4,base.blocks.3,0.738610
40,3,7,vit_tiny,cifar10,0.03,5,base.blocks.4,0.728513
40,3,7,vit_tiny,cifar10,0.03,6,base.blocks.5,0.725361
40,3,7,vit_tiny,cifar10,0.03,7,base.blocks.6,0.728667
40,3,7,vit_tiny,cifar10,0.03,8,base.blocks.7,0.726552
40,3,7,vit_tiny,cifar10,0.03,9,base.blocks.8,0.735230
40,3,7,vit_tiny,cifar10,0.03,10,base.blocks.9,0.738122
40,3,7,vit_tiny,cifar10,0.03,11,base.blocks.10,0.733881
40,3,7,vit_tiny,cifar10,0.03,12,base.blocks.11,0.718942
40,3,7,vit_tiny,cifar10,0.03,13,base.norm,0.713619
40,3,7,vit_tiny,cifar10,0.03,14,classifier,0.324278
40,3,8,vit_tiny,cifar10,0.03,0,base.patch_embed,0.838607
40,3,8,vit_tiny,cifar10,0.03,1,base.blocks.0,0.745155
40,3,8,vit_tiny,cifar10,0.03,2,base.blocks.1,0.757933
40,3,8,vit_tiny,cifar10,0.03,3,base.blocks.2,0.761597
40,3,8,vit_tiny,cifar10,0.03,4,base.blocks.3,0.767933
40,3,8,vit_tiny,cifar10,0.03,5,base.blocks.4,0.769644
40,3,8,vit_tiny,cifar10,0.03,6,base.blocks.5,0.770986
40,3,8,vit_tiny,cifar10,0.03,7,base.blocks.6,0.776911
40,3,8,vit_tiny,cifar10,0.03,8,base.blocks.7,0.776453
40,3,8,vit_tiny,cifar10,0.03,9,base.blocks.8,0.783511
40,3,8,vit_tiny,cifar10,0.03,10,base.blocks.9,0.789641
40,3,8,vit_tiny,cifar10,0.03,11,base.blocks.10,0.798348
40,3,8,vit_tiny,cifar10,0.03,12,base.blocks.11,0.794826
40,3,8,vit_tiny,cifar10,0.03,13,base.norm,0.809790
40,3,8,vit_tiny,cifar10,0.03,14,classifier,0.338180
40,3,9,vit_tiny,cifar10,0.03,0,base.patch_embed,0.850764
40,3,9,vit_tiny,cifar10,0.03,1,base.blocks.0,0.793738
40,3,9,vit_tiny,cifar10,0.03,2,base.blocks.1,0.828617
40,3,9,vit_tiny,cifar10,0.03,3,base.blocks.2,0.856896
40,3,9,vit_tiny,cifar10,0.03,4,base.blocks.3,0.880306
40,3,9,vit_tiny,cifar10,0.03,5,base.blocks.4,0.901199
40,3,9,vit_tiny,cifar10,0.03,6,base.blocks.5,0.904794
40,3,9,vit_tiny,cifar10,0.03,7,base.blocks.6,0.905206
40,3,9,vit_tiny,cifar10,0.03,8,base.blocks.7,0.903820
40,3,9,vit_tiny,cifar10,0.03,9,base.blocks.8,0.901549
40,3,9,vit_tiny,cifar10,0.03,10,base.blocks.9,0.895269
40,3,9,vit_tiny,cifar10,0.03,11,base.blocks.10,0.882877
40,3,9,vit_tiny,cifar10,0.03,12,base.blocks.11,0.855104
40,3,9,vit_tiny,cifar10,0.03,13,base.norm,0.870612
40,3,9,vit_tiny,cifar10,0.03,14,classifier,0.275862
40,4,5,vit_tiny,cifar10,0.03,0,base.patch_embed,0.991602
40,4,5,vit_tiny,cifar10,0.03,1,base.blocks.0,0.979851
40,4,5,vit_tiny,cifar10,0.03,2,base.blocks.1,0.977904
40,4,5,vit_tiny,cifar10,0.03,3,base.blocks.2,0.975716
40,4,5,vit_tiny,cifar10,0.03,4,base.blocks.3,0.970755
40,4,5,vit_tiny,cifar10,0.03,5,base.blocks.4,0.960575
40,4,5,vit_tiny,cifar10,0.03,6,base.blocks.5,0.954375
40,4,5,vit_tiny,cifar10,0.03,7,base.blocks.6,0.948572
40,4,5,vit_tiny,cifar10,0.03,8,base.blocks.7,0.944668
40,4,5,vit_tiny,cifar10,0.03,9,base.blocks.8,0.939194
40,4,5,vit_tiny,cifar10,0.03,10,base.blocks.9,0.935821
40,4,5,vit_tiny,cifar10,0.03,11,base.blocks.10,0.929872
40,4,5,vit_tiny,cifar10,0.03,12,base.blocks.11,0.924592
40,4,5,vit_tiny,cifar10,0.03,13,base.norm,0.830540
40,4,5,vit_tiny,cifar10,0.03,14,classifier,0.404657
40,4,6,vit_tiny,cifar10,0.03,0,base.patch_embed,0.903968
40,4,6,vit_tiny,cifar10,0.03,1,base.blocks.0,0.890722
40,4,6,vit_tiny,cifar10,0.03,2,base.blocks.1,0.893449
40,4,6,vit_tiny,cifar10,0.03,3,base.blocks.2,0.898879
40,4,6,vit_tiny,cifar10,0.03,4,base.blocks.3,0.902093
40,4,6,vit_tiny,cifar10,0.03,5,base.blocks.4,0.903019
40,4,6,vit_tiny,cifar10,0.03,6,base.blocks.5,0.902473
40,4,6,vit_tiny,cifar10,0.03,7,base.blocks.6,0.903217
40,4,6,vit_tiny,cifar10,0.03,8,base.blocks.7,0.898769
40,4,6,vit_tiny,cifar10,0.03,9,base.blocks.8,0.900357
40,4,6,vit_tiny,cifar10,0.03,10,base.blocks.9,0.898282
40,4,6,vit_tiny,cifar10,0.03,11,base.blocks.10,0.895003
40,4,6,vit_tiny,cifar10,0.03,12,base.blocks.11,0.888642
40,4,6,vit_tiny,cifar10,0.03,13,base.norm,0.895671
40,4,6,vit_tiny,cifar10,0.03,14,classifier,0.145941
40,4,7,vit_tiny,cifar10,0.03,0,base.patch_embed,0.865526
40,4,7,vit_tiny,cifar10,0.03,1,base.blocks.0,0.924534
40,4,7,vit_tiny,cifar10,0.03,2,base.blocks.1,0.921464
40,4,7,vit_tiny,cifar10,0.03,3,base.blocks.2,0.914238
40,4,7,vit_tiny,cifar10,0.03,4,base.blocks.3,0.907400
40,4,7,vit_tiny,cifar10,0.03,5,base.blocks.4,0.896612
40,4,7,vit_tiny,cifar10,0.03,6,base.blocks.5,0.893913
40,4,7,vit_tiny,cifar10,0.03,7,base.blocks.6,0.894594
40,4,7,vit_tiny,cifar10,0.03,8,base.blocks.7,0.897553
40,4,7,vit_tiny,cifar10,0.03,9,base.blocks.8,0.901837
40,4,7,vit_tiny,cifar10,0.03,10,base.blocks.9,0.905126
40,4,7,vit_tiny,cifar10,0.03,11,base.blocks.10,0.902842
40,4,7,vit_tiny,cifar10,0.03,12,base.blocks.11,0.894807
40,4,7,vit_tiny,cifar10,0.03,13,base.norm,0.884856
40,4,7,vit_tiny,cifar10,0.03,14,classifier,0.485152
40,4,8,vit_tiny,cifar10,0.03,0,base.patch_embed,0.817353
40,4,8,vit_tiny,cifar10,0.03,1,base.blocks.0,0.850705
40,4,8,vit_tiny,cifar10,0.03,2,base.blocks.1,0.864102
40,4,8,vit_tiny,cifar10,0.03,3,base.blocks.2,0.860364
40,4,8,vit_tiny,cifar10,0.03,4,base.blocks.3,0.851180
40,4,8,vit_tiny,cifar10,0.03,5,base.blocks.4,0.829241
40,4,8,vit_tiny,cifar10,0.03,6,base.blocks.5,0.815549
40,4,8,vit_tiny,cifar10,0.03,7,base.blocks.6,0.805304
40,4,8,vit_tiny,cifar10,0.03,8,base.blocks.7,0.798107
40,4,8,vit_tiny,cifar10,0.03,9,base.blocks.8,0.791977
40,4,8,vit_tiny,cifar10,0.03,10,base.blocks.9,0.787716
40,4,8,vit_tiny,cifar10,0.03,11,base.blocks.10,0.783318
40,4,8,vit_tiny,cifar10,0.03,12,base.blocks.11,0.770660
40,4,8,vit_tiny,cifar10,0.03,13,base.norm,0.795940
40,4,8,vit_tiny,cifar10,0.03,14,classifier,0.454335
40,4,9,vit_tiny,cifar10,0.03,0,base.patch_embed,0.810587
40,4,9,vit_tiny,cifar10,0.03,1,base.blocks.0,0.801626
40,4,9,vit_tiny,cifar10,0.03,2,base.blocks.1,0.824984
40,4,9,vit_tiny,cifar10,0.03,3,base.blocks.2,0.840441
40,4,9,vit_tiny,cifar10,0.03,4,base.blocks.3,0.849329
40,4,9,vit_tiny,cifar10,0.03,5,base.blocks.4,0.858060
40,4,9,vit_tiny,cifar10,0.03,6,base.blocks.5,0.849766
40,4,9,vit_tiny,cifar10,0.03,7,base.blocks.6,0.847414
40,4,9,vit_tiny,cifar10,0.03,8,base.blocks.7,0.846069
40,4,9,vit_tiny,cifar10,0.03,9,base.blocks.8,0.843317
40,4,9,vit_tiny,cifar10,0.03,10,base.blocks.9,0.840055
40,4,9,vit_tiny,cifar10,0.03,11,base.blocks.10,0.836382
40,4,9,vit_tiny,cifar10,0.03,12,base.blocks.11,0.826888
40,4,9,vit_tiny,cifar10,0.03,13,base.norm,0.814528
40,4,9,vit_tiny,cifar10,0.03,14,classifier,0.455080
40,5,6,vit_tiny,cifar10,0.03,0,base.patch_embed,0.908085
40,5,6,vit_tiny,cifar10,0.03,1,base.blocks.0,0.870161
40,5,6,vit_tiny,cifar10,0.03,2,base.blocks.1,0.860676
40,5,6,vit_tiny,cifar10,0.03,3,base.blocks.2,0.850889
40,5,6,vit_tiny,cifar10,0.03,4,base.blocks.3,0.840502
40,5,6,vit_tiny,cifar10,0.03,5,base.blocks.4,0.825691
40,5,6,vit_tiny,cifar10,0.03,6,base.blocks.5,0.822304
40,5,6,vit_tiny,cifar10,0.03,7,base.blocks.6,0.822142
40,5,6,vit_tiny,cifar10,0.03,8,base.blocks.7,0.819598
40,5,6,vit_tiny,cifar10,0.03,9,base.blocks.8,0.821331
40,5,6,vit_tiny,cifar10,0.03,10,base.blocks.9,0.823105
40,5,6,vit_tiny,cifar10,0.03,11,base.blocks.10,0.822842
40,5,6,vit_tiny,cifar10,0.03,12,base.blocks.11,0.822350
40,5,6,vit_tiny,cifar10,0.03,13,base.norm,0.789768
40,5,6,vit_tiny,cifar10,0.03,14,classifier,0.264200
40,5,7,vit_tiny,cifar10,0.03,0,base.patch_embed,0.866252
40,5,7,vit_tiny,cifar10,0.03,1,base.blocks.0,0.924407
40,5,7,vit_tiny,cifar10,0.03,2,base.blocks.1,0.931510
40,5,7,vit_tiny,cifar10,0.03,3,base.blocks.2,0.930192
40,5,7,vit_tiny,cifar10,0.03,4,base.blocks.3,0.926328
40,5,7,vit_tiny,cifar10,0.03,5,base.blocks.4,0.917768
40,5,7,vit_tiny,cifar10,0.03,6,base.blocks.5,0.909854
40,5,7,vit_tiny,cifar10,0.03,7,base.blocks.6,0.905032
40,5,7,vit_tiny,cifar10,0.03,8,base.blocks.7,0.899179
40,5,7,vit_tiny,cifar10,0.03,9,base.blocks.8,0.893498
40,5,7,vit_tiny,cifar10,0.03,10,base.blocks.9,0.878462
40,5,7,vit_tiny,cifar10,0.03,11,base.blocks.10,0.857855
40,5,7,vit_tiny,cifar10,0.03,12,base.blocks.11,0.823151
40,5,7,vit_tiny,cifar10,0.03,13,base.norm,0.765310
40,5,7,vit_tiny,cifar10,0.03,14,classifier,0.504219
40,5,8,vit_tiny,cifar10,0.03,0,base.patch_embed,0.817356
40,5,8,vit_tiny,cifar10,0.03,1,base.blocks.0,0.818713
40,5,8,vit_tiny,cifar10,0.03,2,base.blocks.1,0.837829
40,5,8,vit_tiny,cifar10,0.03,3,base.blocks.2,0.842857
40,5,8,vit_tiny,cifar10,0.03,4,base.blocks.3,0.839062
40,5,8,vit_tiny,cifar10,0.03,5,base.blocks.4,0.819780
40,5,8,vit_tiny,cifar10,0.03,6,base.blocks.5,0.807040
40,5,8,vit_tiny,cifar10,0.03,7,base.blocks.6,0.796252
40,5,8,vit_tiny,cifar10,0.03,8,base.blocks.7,0.791515
40,5,8,vit_tiny,cifar10,0.03,9,base.blocks.8,0.788417
40,5,8,vit_tiny,cifar10,0.03,10,base.blocks.9,0.782446
40,5,8,vit_tiny,cifar10,0.03,11,base.blocks.10,0.778790
40,5,8,vit_tiny,cifar10,0.03,12,base.blocks.11,0.763995
40,5,8,vit_tiny,cifar10,0.03,13,base.norm,0.798743
40,5,8,vit_tiny,cifar10,0.03,14,classifier,0.508871
40,5,9,vit_tiny,cifar10,0.03,0,base.patch_embed,0.808397
40,5,9,vit_tiny,cifar10,0.03,1,base.blocks.0,0.743290
40,5,9,vit_tiny,cifar10,0.03,2,base.blocks.1,0.764714
40,5,9,vit_tiny,cifar10,0.03,3,base.blocks.2,0.782448
40,5,9,vit_tiny,cifar10,0.03,4,base.blocks.3,0.789104
40,5,9,vit_tiny,cifar10,0.03,5,base.blocks.4,0.789658
40,5,9,vit_tiny,cifar10,0.03,6,base.blocks.5,0.776786
40,5,9,vit_tiny,cifar10,0.03,7,base.blocks.6,0.772051
40,5,9,vit_tiny,cifar10,0.03,8,base.blocks.7,0.773465
40,5,9,vit_tiny,cifar10,0.03,9,base.blocks.8,0.772567
40,5,9,vit_tiny,cifar10,0.03,10,base.blocks.9,0.768689
40,5,9,vit_tiny,cifar10,0.03,11,base.blocks.10,0.760605
40,5,9,vit_tiny,cifar10,0.03,12,base.blocks.11,0.740550
40,5,9,vit_tiny,cifar10,0.03,13,base.norm,0.721480
40,5,9,vit_tiny,cifar10,0.03,14,classifier,0.512734
40,6,7,vit_tiny,cifar10,0.03,0,base.patch_embed,0.850688
40,6,7,vit_tiny,cifar10,0.03,1,base.blocks.0,0.793892
40,6,7,vit_tiny,cifar10,0.03,2,base.blocks.1,0.785692
40,6,7,vit_tiny,cifar10,0.03,3,base.blocks.2,0.777442
40,6,7,vit_tiny,cifar10,0.03,4,base.blocks.3,0.774439
40,6,7,vit_tiny,cifar10,0.03,5,base.blocks.4,0.771641
40,6,7,vit_tiny,cifar10,0.03,6,base.blocks.5,0.771193
40,6,7,vit_tiny,cifar10,0.03,7,base.blocks.6,0.779793
40,6,7,vit_tiny,cifar10,0.03,8,base.blocks.7,0.776784
40,6,7,vit_tiny,cifar10,0.03,9,base.blocks.8,0.785142
40,6,7,vit_tiny,cifar10,0.03,10,base.blocks.9,0.784787
40,6,7,vit_tiny,cifar10,0.03,11,base.blocks.10,0.780484
40,6,7,vit_tiny,cifar10,0.03,12,base.blocks.11,0.765921
40,6,7,vit_tiny,cifar10,0.03,13,base.norm,0.805257
40,6,7,vit_tiny,cifar10,0.03,14,classifier,0.268047
40,6,8,vit_tiny,cifar10,0.03,0,base.patch_embed,0.900068
40,6,8,vit_tiny,cifar10,0.03,1,base.blocks.0,0.792607
40,6,8,vit_tiny,cifar10,0.03,2,base.blocks.1,0.793189
40,6,8,vit_tiny,cifar10,0.03,3,base.blocks.2,0.790985
40,6,8,vit_tiny,cifar10,0.03,4,base.blocks.3,0.794296
40,6,8,vit_tiny,cifar10,0.03,5,base.blocks.4,0.797026
40,6,8,vit_tiny,cifar10,0.03,6,base.blocks.5,0.795483
40,6,8,vit_tiny,cifar10,0.03,7,base.blocks.6,0.802382
40,6,8,vit_tiny,cifar10,0.03,8,base.blocks.7,0.797360
40,6,8,vit_tiny,cifar10,0.03,9,base.blocks.8,0.799458
40,6,8,vit_tiny,cifar10,0.03,10,base.blocks.9,0.800144
40,6,8,vit_tiny,cifar10,0.03,11,base.blocks.10,0.803422
40,6,8,vit_tiny,cifar10,0.03,12,base.blocks.11,0.795623
40,6,8,vit_tiny,cifar10,0.03,13,base.norm,0.833867
40,6,8,vit_tiny,cifar10,0.03,14,classifier,0.376420
40,6,9,vit_tiny,cifar10,0.03,0,base.patch_embed,0.918007
40,6,9,vit_tiny,cifar10,0.03,1,base.blocks.0,0.842568
40,6,9,vit_tiny,cifar10,0.03,2,base.blocks.1,0.860086
40,6,9,vit_tiny,cifar10,0.03,3,base.blocks.2,0.877663
40,6,9,vit_tiny,cifar10,0.03,4,base.blocks.3,0.895785
40,6,9,vit_tiny,cifar10,0.03,5,base.blocks.4,0.915290
40,6,9,vit_tiny,cifar10,0.03,6,base.blocks.5,0.915029
40,6,9,vit_tiny,cifar10,0.03,7,base.blocks.6,0.913967
40,6,9,vit_tiny,cifar10,0.03,8,base.blocks.7,0.910596
40,6,9,vit_tiny,cifar10,0.03,9,base.blocks.8,0.906342
40,6,9,vit_tiny,cifar10,0.03,10,base.blocks.9,0.900034
40,6,9,vit_tiny,cifar10,0.03,11,base.blocks.10,0.888704
40,6,9,vit_tiny,cifar10,0.03,12,base.blocks.11,0.868194
40,6,9,vit_tiny,cifar10,0.03,13,base.norm,0.889862
40,6,9,vit_tiny,cifar10,0.03,14,classifier,0.251925
40,7,8,vit_tiny,cifar10,0.03,0,base.patch_embed,0.966031
40,7,8,vit_tiny,cifar10,0.03,1,base.blocks.0,0.934121
40,7,8,vit_tiny,cifar10,0.03,2,base.blocks.1,0.929817
40,7,8,vit_tiny,cifar10,0.03,3,base.blocks.2,0.924985
40,7,8,vit_tiny,cifar10,0.03,4,base.blocks.3,0.919706
40,7,8,vit_tiny,cifar10,0.03,5,base.blocks.4,0.906021
40,7,8,vit_tiny,cifar10,0.03,6,base.blocks.5,0.895794
40,7,8,vit_tiny,cifar10,0.03,7,base.blocks.6,0.885119
40,7,8,vit_tiny,cifar10,0.03,8,base.blocks.7,0.875584
40,7,8,vit_tiny,cifar10,0.03,9,base.blocks.8,0.867296
40,7,8,vit_tiny,cifar10,0.03,10,base.blocks.9,0.851195
40,7,8,vit_tiny,cifar10,0.03,11,base.blocks.10,0.834342
40,7,8,vit_tiny,cifar10,0.03,12,base.blocks.11,0.802457
40,7,8,vit_tiny,cifar10,0.03,13,base.norm,0.856195
40,7,8,vit_tiny,cifar10,0.03,14,classifier,0.851933
40,7,9,vit_tiny,cifar10,0.03,0,base.patch_embed,0.945400
40,7,9,vit_tiny,cifar10,0.03,1,base.blocks.0,0.838785
40,7,9,vit_tiny,cifar10,0.03,2,base.blocks.1,0.821389
40,7,9,vit_tiny,cifar10,0.03,3,base.blocks.2,0.815820
40,7,9,vit_tiny,cifar10,0.03,4,base.blocks.3,0.812118
40,7,9,vit_tiny,cifar10,0.03,5,base.blocks.4,0.803891
40,7,9,vit_tiny,cifar10,0.03,6,base.blocks.5,0.792381
40,7,9,vit_tiny,cifar10,0.03,7,base.blocks.6,0.790933
40,7,9,vit_tiny,cifar10,0.03,8,base.blocks.7,0.790213
40,7,9,vit_tiny,cifar10,0.03,9,base.blocks.8,0.797726
40,7,9,vit_tiny,cifar10,0.03,10,base.blocks.9,0.800097
40,7,9,vit_tiny,cifar10,0.03,11,base.blocks.10,0.806248
40,7,9,vit_tiny,cifar10,0.03,12,base.blocks.11,0.813752
40,7,9,vit_tiny,cifar10,0.03,13,base.norm,0.786373
40,7,9,vit_tiny,cifar10,0.03,14,classifier,0.720733
40,8,9,vit_tiny,cifar10,0.03,0,base.patch_embed,0.995011
40,8,9,vit_tiny,cifar10,0.03,1,base.blocks.0,0.962369
40,8,9,vit_tiny,cifar10,0.03,2,base.blocks.1,0.953120
40,8,9,vit_tiny,cifar10,0.03,3,base.blocks.2,0.946279
40,8,9,vit_tiny,cifar10,0.03,4,base.blocks.3,0.939309
40,8,9,vit_tiny,cifar10,0.03,5,base.blocks.4,0.925551
40,8,9,vit_tiny,cifar10,0.03,6,base.blocks.5,0.918055
40,8,9,vit_tiny,cifar10,0.03,7,base.blocks.6,0.917724
40,8,9,vit_tiny,cifar10,0.03,8,base.blocks.7,0.916669
40,8,9,vit_tiny,cifar10,0.03,9,base.blocks.8,0.922647
40,8,9,vit_tiny,cifar10,0.03,10,base.blocks.9,0.927885
40,8,9,vit_tiny,cifar10,0.03,11,base.blocks.10,0.932238
40,8,9,vit_tiny,cifar10,0.03,12,base.blocks.11,0.931041
40,8,9,vit_tiny,cifar10,0.03,13,base.norm,0.920389
40,8,9,vit_tiny,cifar10,0.03,14,classifier,0.750891
50,0,1,vit_tiny,cifar10,0.03,0,base.patch_embed,0.854176
50,0,1,vit_tiny,cifar10,0.03,1,base.blocks.0,0.937260
50,0,1,vit_tiny,cifar10,0.03,2,base.blocks.1,0.946487
50,0,1,vit_tiny,cifar10,0.03,3,base.blocks.2,0.946956
50,0,1,vit_tiny,cifar10,0.03,4,base.blocks.3,0.950105
50,0,1,vit_tiny,cifar10,0.03,5,base.blocks.4,0.954000
50,0,1,vit_tiny,cifar10,0.03,6,base.blocks.5,0.955953
50,0,1,vit_tiny,cifar10,0.03,7,base.blocks.6,0.956599
50,0,1,vit_tiny,cifar10,0.03,8,base.blocks.7,0.957581
50,0,1,vit_tiny,cifar10,0.03,9,base.blocks.8,0.957495
50,0,1,vit_tiny,cifar10,0.03,10,base.blocks.9,0.959754
50,0,1,vit_tiny,cifar10,0.03,11,base.blocks.10,0.961366
50,0,1,vit_tiny,cifar10,0.03,12,base.blocks.11,0.965234
50,0,1,vit_tiny,cifar10,0.03,13,base.norm,0.944111
50,0,1,vit_tiny,cifar10,0.03,14,classifier,0.672930
50,0,2,vit_tiny,cifar10,0.03,0,base.patch_embed,0.980826
50,0,2,vit_tiny,cifar10,0.03,1,base.blocks.0,0.950164
50,0,2,vit_tiny,cifar10,0.03,2,base.blocks.1,0.959349
50,0,2,vit_tiny,cifar10,0.03,3,base.blocks.2,0.958402
50,0,2,vit_tiny,cifar10,0.03,4,base.blocks.3,0.957172
50,0,2,vit_tiny,cifar10,0.03,5,base.blocks.4,0.959629
50,0,2,vit_tiny,cifar10,0.03,6,base.blocks.5,0.960180
50,0,2,vit_tiny,cifar10,0.03,7,base.blocks.6,0.960096
50,0,2,vit_tiny,cifar10,0.03,8,base.blocks.7,0.958986
50,0,2,vit_tiny,cifar10,0.03,9,base.blocks.8,0.957350
50,0,2,vit_tiny,cifar10,0.03,10,base.blocks.9,0.956034
50,0,2,vit_tiny,cifar10,0.03,11,base.blocks.10,0.953668
50,0,2,vit_tiny,cifar10,0.03,12,base.blocks.11,0.949224
50,0,2,vit_tiny,cifar10,0.03,13,base.norm,0.924828
50,0,2,vit_tiny,cifar10,0.03,14,classifier,0.523238
50,0,3,vit_tiny,cifar10,0.03,0,base.patch_embed,0.947060
50,0,3,vit_tiny,cifar10,0.03,1,base.blocks.0,0.929776
50,0,3,vit_tiny,cifar10,0.03,2,base.blocks.1,0.935210
50,0,3,vit_tiny,cifar10,0.03,3,base.blocks.2,0.938369
50,0,3,vit_tiny,cifar10,0.03,4,base.blocks.3,0.938875
50,0,3,vit_tiny,cifar10,0.03,5,base.blocks.4,0.938948
50,0,3,vit_tiny,cifar10,0.03,6,base.blocks.5,0.939656
50,0,3,vit_tiny,cifar10,0.03,7,base.blocks.6,0.941759
50,0,3,vit_tiny,cifar10,0.03,8,base.blocks.7,0.942935
50,0,3,vit_tiny,cifar10,0.03,9,base.blocks.8,0.943797
50,0,3,vit_tiny,cifar10,0.03,10,base.blocks.9,0.942894
50,0,3,vit_tiny,cifar10,0.03,11,base.blocks.10,0.943189
50,0,3,vit_tiny,cifar10,0.03,12,base.blocks.11,0.939047
50,0,3,vit_tiny,cifar10,0.03,13,base.norm,0.904471
50,0,3,vit_tiny,cifar10,0.03,14,classifier,0.591050
50,0,4,vit_tiny,cifar10,0.03,0,base.patch_embed,0.916394
50,0,4,vit_tiny,cifar10,0.03,1,base.blocks.0,0.947076
50,0,4,vit_tiny,cifar10,0.03,2,base.blocks.1,0.956279
50,0,4,vit_tiny,cifar10,0.03,3,base.blocks.2,0.960366
50,0,4,vit_tiny,cifar10,0.03,4,base.blocks.3,0.963473
50,0,4,vit_tiny,cifar10,0.03,5,base.blocks.4,0.965599
50,0,4,vit_tiny,cifar10,0.03,6,base.blocks.5,0.966158
50,0,4,vit_tiny,cifar10,0.03,7,base.blocks.6,0.965214
50,0,4,vit_tiny,cifar10,0.03,8,base.blocks.7,0.965444
50,0,4,vit_tiny,cifar10,0.03,9,base.blocks.8,0.964877
50,0,4,vit_tiny,cifar10,0.03,10,base.blocks.9,0.964184
50,0,4,vit_tiny,cifar10,0.03,11,base.blocks.10,0.961318
50,0,4,vit_tiny,cifar10,0.03,12,base.blocks.11,0.956119
50,0,4,vit_tiny,cifar10,0.03,13,base.norm,0.939348
50,0,4,vit_tiny,cifar10,0.03,14,classifier,0.273493
50,0,5,vit_tiny,cifar10,0.03,0,base.patch_embed,0.983963
50,0,5,vit_tiny,cifar10,0.03,1,base.blocks.0,0.979211
50,0,5,vit_tiny,cifar10,0.03,2,base.blocks.1,0.973449
50,0,5,vit_tiny,cifar10,0.03,3,base.blocks.2,0.975809
50,0,5,vit_tiny,cifar10,0.03,4,base.blocks.3,0.975982
50,0,5,vit_tiny,cifar10,0.03,5,base.blocks.4,0.974938
50,0,5,vit_tiny,cifar10,0.03,6,base.blocks.5,0.973121
50,0,5,vit_tiny,cifar10,0.03,7,base.blocks.6,0.972332
50,0,5,vit_tiny,cifar10,0.03,8,base.blocks.7,0.969710
50,0,5,vit_tiny,cifar10,0.03,9,base.blocks.8,0.967138
50,0,5,vit_tiny,cifar10,0.03,10,base.blocks.9,0.963961
50,0,5,vit_tiny,cifar10,0.03,11,base.blocks.10,0.959859
50,0,5,vit_tiny,cifar10,0.03,12,base.blocks.11,0.949063
50,0,5,vit_tiny,cifar10,0.03,13,base.norm,0.944978
50,0,5,vit_tiny,cifar10,0.03,14,classifier,0.380569
50,0,6,vit_tiny,cifar10,0.03,0,base.patch_embed,0.958452
50,0,6,vit_tiny,cifar10,0.03,1,base.blocks.0,0.941284
50,0,6,vit_tiny,cifar10,0.03,2,base.blocks.1,0.941637
50,0,6,vit_tiny,cifar10,0.03,3,base.blocks.2,0.942391
50,0,6,vit_tiny,cifar10,0.03,4,base.blocks.3,0.941073
50,0,6,vit_tiny,cifar10,0.03,5,base.blocks.4,0.939492
50,0,6,vit_tiny,cifar10,0.03,6,base.blocks.5,0.940814
50,0,6,vit_tiny,cifar10,0.03,7,base.blocks.6,0.942605
50,0,6,vit_tiny,cifar10,0.03,8,base.blocks.7,0.944739
50,0,6,vit_tiny,cifar10,0.03,9,base.blocks.8,0.947144
50,0,6,vit_tiny,cifar10,0.03,10,base.blocks.9,0.949905
50,0,6,vit_tiny,cifar10,0.03,11,base.blocks.10,0.953400
50,0,6,vit_tiny,cifar10,0.03,12,base.blocks.11,0.954772
50,0,6,vit_tiny,cifar10,0.03,13,base.norm,0.917465
50,0,6,vit_tiny,cifar10,0.03,14,classifier,0.724144
50,0,7,vit_tiny,cifar10,0.03,0,base.patch_embed,0.926234
50,0,7,vit_tiny,cifar10,0.03,1,base.blocks.0,0.951919
50,0,7,vit_tiny,cifar10,0.03,2,base.blocks.1,0.963336
50,0,7,vit_tiny,cifar10,0.03,3,base.blocks.2,0.963500
50,0,7,vit_tiny,cifar10,0.03,4,base.blocks.3,0.962006
50,0,7,vit_tiny,cifar10,0.03,5,base.blocks.4,0.959088
50,0,7,vit_tiny,cifar10,0.03,6,base.blocks.5,0.958440
50,0,7,vit_tiny,cifar10,0.03,7,base.blocks.6,0.957527
50,0,7,vit_tiny,cifar10,0.03,8,base.blocks.7,0.957528
50,0,7,vit_tiny,cifar10,0.03,9,base.blocks.8,0.956490
50,0,7,vit_tiny,cifar10,0.03,10,base.blocks.9,0.955300
50,0,7,vit_tiny,cifar10,0.03,11,base.blocks.10,0.951772
50,0,7,vit_tiny,cifar10,0.03,12,base.blocks.11,0.943942
50,0,7,vit_tiny,cifar10,0.03,13,base.norm,0.950909
50,0,7,vit_tiny,cifar10,0.03,14,classifier,0.313217
50,0,8,vit_tiny,cifar10,0.03,0,base.patch_embed,0.943208
50,0,8,vit_tiny,cifar10,0.03,1,base.blocks.0,0.926921
50,0,8,vit_tiny,cifar10,0.03,2,base.blocks.1,0.929547
50,0,8,vit_tiny,cifar10,0.03,3,base.blocks.2,0.928755
50,0,8,vit_tiny,cifar10,0.03,4,base.blocks.3,0.931793
50,0,8,vit_tiny,cifar10,0.03,5,base.blocks.4,0.935284
50,0,8,vit_tiny,cifar10,0.03,6,base.blocks.5,0.937974
50,0,8,vit_tiny,cifar10,0.03,7,base.blocks.6,0.938178
50,0,8,vit_tiny,cifar10,0.03,8,base.blocks.7,0.943420
50,0,8,vit_tiny,cifar10,0.03,9,base.blocks.8,0.944896
50,0,8,vit_tiny,cifar10,0.03,10,base.blocks.9,0.948047
50,0,8,vit_tiny,cifar10,0.03,11,base.blocks.10,0.950959
50,0,8,vit_tiny,cifar10,0.03,12,base.blocks.11,0.949964
50,0,8,vit_tiny,cifar10,0.03,13,base.norm,0.941176
50,0,8,vit_tiny,cifar10,0.03,14,classifier,0.559680
50,0,9,vit_tiny,cifar10,0.03,0,base.patch_embed,0.854473
50,0,9,vit_tiny,cifar10,0.03,1,base.blocks.0,0.832899
50,0,9,vit_tiny,cifar10,0.03,2,base.blocks.1,0.831405
50,0,9,vit_tiny,cifar10,0.03,3,base.blocks.2,0.822441
50,0,9,vit_tiny,cifar10,0.03,4,base.blocks.3,0.818225
50,0,9,vit_tiny,cifar10,0.03,5,base.blocks.4,0.812638
50,0,9,vit_tiny,cifar10,0.03,6,base.blocks.5,0.811153
50,0,9,vit_tiny,cifar10,0.03,7,base.blocks.6,0.809162
50,0,9,vit_tiny,cifar10,0.03,8,base.blocks.7,0.814582
50,0,9,vit_tiny,cifar10,0.03,9,base.blocks.8,0.814602
50,0,9,vit_tiny,cifar10,0.03,10,base.blocks.9,0.815775
50,0,9,vit_tiny,cifar10,0.03,11,base.blocks.10,0.811475
50,0,9,vit_tiny,cifar10,0.03,12,base.blocks.11,0.805764
50,0,9,vit_tiny,cifar10,0.03,13,base.norm,0.835460
50,0,9,vit_tiny,cifar10,0.03,14,classifier,0.179665
50,1,2,vit_tiny,cifar10,0.03,0,base.patch_embed,0.895604
50,1,2,vit_tiny,cifar10,0.03,1,base.blocks.0,0.975108
50,1,2,vit_tiny,cifar10,0.03,2,base.blocks.1,0.974203
50,1,2,vit_tiny,cifar10,0.03,3,base.blocks.2,0.967754
50,1,2,vit_tiny,cifar10,0.03,4,base.blocks.3,0.963161
50,1,2,vit_tiny,cifar10,0.03,5,base.blocks.4,0.956594
50,1,2,vit_tiny,cifar10,0.03,6,base.blocks.5,0.953293
50,1,2,vit_tiny,cifar10,0.03,7,base.blocks.6,0.951926
50,1,2,vit_tiny,cifar10,0.03,8,base.blocks.7,0.949533
50,1,2,vit_tiny,cifar10,0.03,9,base.blocks.8,0.946524
50,1,2,vit_tiny,cifar10,0.03,10,base.blocks.9,0.942943
50,1,2,vit_tiny,cifar10,0.03,11,base.blocks.10,0.936766
50,1,2,vit_tiny,cifar10,0.03,12,base.blocks.11,0.932601
50,1,2,vit_tiny,cifar10,0.03,13,base.norm,0.917079
50,1,2,vit_tiny,cifar10,0.03,14,classifier,0.466378
50,1,3,vit_tiny,cifar10,0.03,0,base.patch_embed,0.905329
50,1,3,vit_tiny,cifar10,0.03,1,base.blocks.0,0.938919
50,1,3,vit_tiny,cifar10,0.03,2,base.blocks.1,0.944850
50,1,3,vit_tiny,cifar10,0.03,3,base.blocks.2,0.943659
50,1,3,vit_tiny,cifar10,0.03,4,base.blocks.3,0.944231
50,1,3,vit_tiny,cifar10,0.03,5,base.blocks.4,0.947312
50,1,3,vit_tiny,cifar10,0.03,6,base.blocks.5,0.948805
50,1,3,vit_tiny,cifar10,0.03,7,base.blocks.6,0.949658
50,1,3,vit_tiny,cifar10,0.03,8,base.blocks.7,0.948259
50,1,3,vit_tiny,cifar10,0.03,9,base.blocks.8,0.947244
50,1,3,vit_tiny,cifar10,0.03,10,base.blocks.9,0.946186
50,1,3,vit_tiny,cifar10,0.03,11,base.blocks.10,0.946595
50,1,3,vit_tiny,cifar10,0.03,12,base.blocks.11,0.944551
50,1,3,vit_tiny,cifar10,0.03,13,base.norm,0.934966
50,1,3,vit_tiny,cifar10,0.03,14,classifier,0.504444
50,1,4,vit_tiny,cifar10,0.03,0,base.patch_embed,0.927141
50,1,4,vit_tiny,cifar10,0.03,1,base.blocks.0,0.967480
50,1,4,vit_tiny,cifar10,0.03,2,base.blocks.1,0.967873
50,1,4,vit_tiny,cifar10,0.03,3,base.blocks.2,0.965777
50,1,4,vit_tiny,cifar10,0.03,4,base.blocks.3,0.964409
50,1,4,vit_tiny,cifar10,0.03,5,base.blocks.4,0.963182
50,1,4,vit_tiny,cifar10,0.03,6,base.blocks.5,0.962503
50,1,4,vit_tiny,cifar10,0.03,7,base.blocks.6,0.961202
50,1,4,vit_tiny,cifar10,0.03,8,base.blocks.7,0.961072
50,1,4,vit_tiny,cifar10,0.03,9,base.blocks.8,0.959863
50,1,4,vit_tiny,cifar10,0.03,10,base.blocks.9,0.960698
50,1,4,vit_tiny,cifar10,0.03,11,base.blocks.10,0.959101
50,1,4,vit_tiny,cifar10,0.03,12,base.blocks.11,0.957354
50,1,4,vit_tiny,cifar10,0.03,13,base.norm,0.937564
50,1,4,vit_tiny,cifar10,0.03,14,classifier,0.375378
50,1,5,vit_tiny,cifar10,0.03,0,base.patch_embed,0.789862
50,1,5,vit_tiny,cifar10,0.03,1,base.blocks.0,0.880593
50,1,5,vit_tiny,cifar10,0.03,2,base.blocks.1,0.885947
50,1,5,vit_tiny,cifar10,0.03,3,base.blocks.2,0.895413
50,1,5,vit_tiny,cifar10,0.03,4,base.blocks.3,0.904298
50,1,5,vit_tiny,cifar10,0.03,5,base.blocks.4,0.911629
50,1,5,vit_tiny,cifar10,0.03,6,base.blocks.5,0.913267
50,1,5,vit_tiny,cifar10,0.03,7,base.blocks.6,0.914846
50,1,5,vit_tiny,cifar10,0.03,8,base.blocks.7,0.913495
50,1,5,vit_tiny,cifar10,0.03,9,base.blocks.8,0.911616
50,1,5,vit_tiny,cifar10,0.03,10,base.blocks.9,0.912337
50,1,5,vit_tiny,cifar10,0.03,11,base.blocks.10,0.911947
50,1,5,vit_tiny,cifar10,0.03,12,base.blocks.11,0.908673
50,1,5,vit_tiny,cifar10,0.03,13,base.norm,0.892775
50,1,5,vit_tiny,cifar10,0.03,14,classifier,0.396190
50,1,6,vit_tiny,cifar10,0.03,0,base.patch_embed,0.911765
50,1,6,vit_tiny,cifar10,0.03,1,base.blocks.0,0.954393
50,1,6,vit_tiny,cifar10,0.03,2,base.blocks.1,0.955658
50,1,6,vit_tiny,cifar10,0.03,3,base.blocks.2,0.953405
50,1,6,vit_tiny,cifar10,0.03,4,base.blocks.3,0.953135
50,1,6,vit_tiny,cifar10,0.03,5,base.blocks.4,0.954799
50,1,6,vit_tiny,cifar10,0.03,6,base.blocks.5,0.956219
50,1,6,vit_tiny,cifar10,0.03,7,base.blocks.6,0.956879
50,1,6,vit_tiny,cifar10,0.03,8,base.blocks.7,0.955334
50,1,6,vit_tiny,cifar10,0.03,9,base.blocks.8,0.954666
50,1,6,vit_tiny,cifar10,0.03,10,base.blocks.9,0.955959
50,1,6,vit_tiny,cifar10,0.03,11,base.blocks.10,0.958482
50,1,6,vit_tiny,cifar10,0.03,12,base.blocks.11,0.959628
50,1,6,vit_tiny,cifar10,0.03,13,base.norm,0.947722
50,1,6,vit_tiny,cifar10,0.03,14,classifier,0.656034
50,1,7,vit_tiny,cifar10,0.03,0,base.patch_embed,0.867127
50,1,7,vit_tiny,cifar10,0.03,1,base.blocks.0,0.964146
50,1,7,vit_tiny,cifar10,0.03,2,base.blocks.1,0.967114
50,1,7,vit_tiny,cifar10,0.03,3,base.blocks.2,0.964235
50,1,7,vit_tiny,cifar10,0.03,4,base.blocks.3,0.959897
50,1,7,vit_tiny,cifar10,0.03,5,base.blocks.4,0.948643
50,1,7,vit_tiny,cifar10,0.03,6,base.blocks.5,0.944207
50,1,7,vit_tiny,cifar10,0.03,7,base.blocks.6,0.941792
50,1,7,vit_tiny,cifar10,0.03,8,base.blocks.7,0.939914
50,1,7,vit_tiny,cifar10,0.03,9,base.blocks.8,0.938679
50,1,7,vit_tiny,cifar10,0.03,10,base.blocks.9,0.936543
50,1,7,vit_tiny,cifar10,0.03,11,base.blocks.10,0.929990
50,1,7,vit_tiny,cifar10,0.03,12,base.blocks.11,0.922598
50,1,7,vit_tiny,cifar10,0.03,13,base.norm,0.917048
50,1,7,vit_tiny,cifar10,0.03,14,classifier,0.356275
50,1,8,vit_tiny,cifar10,0.03,0,base.patch_embed,0.889092
50,1,8,vit_tiny,cifar10,0.03,1,base.blocks.0,0.968286
50,1,8,vit_tiny,cifar10,0.03,2,base.blocks.1,0.969339
50,1,8,vit_tiny,cifar10,0.03,3,base.blocks.2,0.967224
50,1,8,vit_tiny,cifar10,0.03,4,base.blocks.3,0.965143
50,1,8,vit_tiny,cifar10,0.03,5,base.blocks.4,0.958702
50,1,8,vit_tiny,cifar10,0.03,6,base.blocks.5,0.955231
50,1,8,vit_tiny,cifar10,0.03,7,base.blocks.6,0.952614
50,1,8,vit_tiny,cifar10,0.03,8,base.blocks.7,0.953349
50,1,8,vit_tiny,cifar10,0.03,9,base.blocks.8,0.953567
50,1,8,vit_tiny,cifar10,0.03,10,base.blocks.9,0.955656
50,1,8,vit_tiny,cifar10,0.03,11,base.blocks.10,0.955446
50,1,8,vit_tiny,cifar10,0.03,12,base.blocks.11,0.954829
50,1,8,vit_tiny,cifar10,0.03,13,base.norm,0.940807
50,1,8,vit_tiny,cifar10,0.03,14,classifier,0.702386
50,1,9,vit_tiny,cifar10,0.03,0,base.patch_embed,0.848766
50,1,9,vit_tiny,cifar10,0.03,1,base.blocks.0,0.924716
50,1,9,vit_tiny,cifar10,0.03,2,base.blocks.1,0.925076
50,1,9,vit_tiny,cifar10,0.03,3,base.blocks.2,0.919444
50,1,9,vit_tiny,cifar10,0.03,4,base.blocks.3,0.911391
50,1,9,vit_tiny,cifar10,0.03,5,base.blocks.4,0.894241
50,1,9,vit_tiny,cifar10,0.03,6,base.blocks.5,0.884713
50,1,9,vit_tiny,cifar10,0.03,7,base.blocks.6,0.879233
50,1,9,vit_tiny,cifar10,0.03,8,base.blocks.7,0.881323
50,1,9,vit_tiny,cifar10,0.03,9,base.blocks.8,0.882244
50,1,9,vit_tiny,cifar10,0.03,10,base.blocks.9,0.882980
50,1,9,vit_tiny,cifar10,0.03,11,base.blocks.10,0.875452
50,1,9,vit_tiny,cifar10,0.03,12,base.blocks.11,0.861082
50,1,9,vit_tiny,cifar10,0.03,13,base.norm,0.868913
50,1,9,vit_tiny,cifar10,0.03,14,classifier,0.238008
50,2,3,vit_tiny,cifar10,0.03,0,base.patch_embed,0.934359
50,2,3,vit_tiny,cifar10,0.03,1,base.blocks.0,0.891702
50,2,3,vit_tiny,cifar10,0.03,2,base.blocks.1,0.901117
50,2,3,vit_tiny,cifar10,0.03,3,base.blocks.2,0.892543
50,2,3,vit_tiny,cifar10,0.03,4,base.blocks.3,0.884970
50,2,3,vit_tiny,cifar10,0.03,5,base.blocks.4,0.880319
50,2,3,vit_tiny,cifar10,0.03,6,base.blocks.5,0.877967
50,2,3,vit_tiny,cifar10,0.03,7,base.blocks.6,0.879425
50,2,3,vit_tiny,cifar10,0.03,8,base.blocks.7,0.874821
50,2,3,vit_tiny,cifar10,0.03,9,base.blocks.8,0.871660
50,2,3,vit_tiny,cifar10,0.03,10,base.blocks.9,0.865134
50,2,3,vit_tiny,cifar10,0.03,11,base.blocks.10,0.861134
50,2,3,vit_tiny,cifar10,0.03,12,base.blocks.11,0.852289
50,2,3,vit_tiny,cifar10,0.03,13,base.norm,0.872905
50,2,3,vit_tiny,cifar10,0.03,14,classifier,0.500514
50,2,4,vit_tiny,cifar10,0.03,0,base.patch_embed,0.899258
50,2,4,vit_tiny,cifar10,0.03,1,base.blocks.0,0.943520
50,2,4,vit_tiny,cifar10,0.03,2,base.blocks.1,0.951584
50,2,4,vit_tiny,cifar10,0.03,3,base.blocks.2,0.949055
50,2,4,vit_tiny,cifar10,0.03,4,base.blocks.3,0.944670
50,2,4,vit_tiny,cifar10,0.03,5,base.blocks.4,0.939311
50,2,4,vit_tiny,cifar10,0.03,6,base.blocks.5,0.932337
50,2,4,vit_tiny,cifar10,0.03,7,base.blocks.6,0.924419
50,2,4,vit_tiny,cifar10,0.03,8,base.blocks.7,0.917583
50,2,4,vit_tiny,cifar10,0.03,9,base.blocks.8,0.909965
50,2,4,vit_tiny,cifar10,0.03,10,base.blocks.9,0.903816
50,2,4,vit_tiny,cifar10,0.03,11,base.blocks.10,0.895950
50,2,4,vit_tiny,cifar10,0.03,12,base.blocks.11,0.887301
50,2,4,vit_tiny,cifar10,0.03,13,base.norm,0.877668
50,2,4,vit_tiny,cifar10,0.03,14,classifier,0.194027
50,2,5,vit_tiny,cifar10,0.03,0,base.patch_embed,0.977294
50,2,5,vit_tiny,cifar10,0.03,1,base.blocks.0,0.911768
50,2,5,vit_tiny,cifar10,0.03,2,base.blocks.1,0.916198
50,2,5,vit_tiny,cifar10,0.03,3,base.blocks.2,0.925172
50,2,5,vit_tiny,cifar10,0.03,4,base.blocks.3,0.928718
50,2,5,vit_tiny,cifar10,0.03,5,base.blocks.4,0.933893
50,2,5,vit_tiny,cifar10,0.03,6,base.blocks.5,0.930124
50,2,5,vit_tiny,cifar10,0.03,7,base.blocks.6,0.927218
50,2,5,vit_tiny,cifar10,0.03,8,base.blocks.7,0.920713
50,2,5,vit_tiny,cifar10,0.03,9,base.blocks.8,0.915016
50,2,5,vit_tiny,cifar10,0.03,10,base.blocks.9,0.909398
50,2,5,vit_tiny,cifar10,0.03,11,base.blocks.10,0.902829
50,2,5,vit_tiny,cifar10,0.03,12,base.blocks.11,0.887881
50,2,5,vit_tiny,cifar10,0.03,13,base.norm,0.862777
50,2,5,vit_tiny,cifar10,0.03,14,classifier,0.281691
50,2,6,vit_tiny,cifar10,0.03,0,base.patch_embed,0.968173
50,2,6,vit_tiny,cifar10,0.03,1,base.blocks.0,0.919414
50,2,6,vit_tiny,cifar10,0.03,2,base.blocks.1,0.919342
50,2,6,vit_tiny,cifar10,0.03,3,base.blocks.2,0.906507
50,2,6,vit_tiny,cifar10,0.03,4,base.blocks.3,0.896147
50,2,6,vit_tiny,cifar10,0.03,5,base.blocks.4,0.887709
50,2,6,vit_tiny,cifar10,0.03,6,base.blocks.5,0.886605
50,2,6,vit_tiny,cifar10,0.03,7,base.blocks.6,0.889517
50,2,6,vit_tiny,cifar10,0.03,8,base.blocks.7,0.887222
50,2,6,vit_tiny,cifar10,0.03,9,base.blocks.8,0.887392
50,2,6,vit_tiny,cifar10,0.03,10,base.blocks.9,0.887348
50,2,6,vit_tiny,cifar10,0.03,11,base.blocks.10,0.888146
50,2,6,vit_tiny,cifar10,0.03,12,base.blocks.11,0.886043
50,2,6,vit_tiny,cifar10,0.03,13,base.norm,0.897006
50,2,6,vit_tiny,cifar10,0.03,14,classifier,0.729837
50,2,7,vit_tiny,cifar10,0.03,0,base.patch_embed,0.973909
50,2,7,vit_tiny,cifar10,0.03,1,base.blocks.0,0.983077
50,2,7,vit_tiny,cifar10,0.03,2,base.blocks.1,0.987281
50,2,7,vit_tiny,cifar10,0.03,3,base.blocks.2,0.988289
50,2,7,vit_tiny,cifar10,0.03,4,base.blocks.3,0.986754
50,2,7,vit_tiny,cifar10,0.03,5,base.blocks.4,0.982230
50,2,7,vit_tiny,cifar10,0.03,6,base.blocks.5,0.980463
50,2,7,vit_tiny,cifar10,0.03,7,base.blocks.6,0.977551
50,2,7,vit_tiny,cifar10,0.03,8,base.blocks.7,0.975193
50,2,7,vit_tiny,cifar10,0.03,9,base.blocks.8,0.971899
50,2,7,vit_tiny,cifar10,0.03,10,base.blocks.9,0.968162
50,2,7,vit_tiny,cifar10,0.03,11,base.blocks.10,0.959986
50,2,7,vit_tiny,cifar10,0.03,12,base.blocks.11,0.950245
50,2,7,vit_tiny,cifar10,0.03,13,base.norm,0.927467
50,2,7,vit_tiny,cifar10,0.03,14,classifier,0.197885
50,2,8,vit_tiny,cifar10,0.03,0,base.patch_embed,0.988366
50,2,8,vit_tiny,cifar10,0.03,1,base.blocks.0,0.988996
50,2,8,vit_tiny,cifar10,0.03,2,base.blocks.1,0.985956
50,2,8,vit_tiny,cifar10,0.03,3,base.blocks.2,0.980789
50,2,8,vit_tiny,cifar10,0.03,4,base.blocks.3,0.976810
50,2,8,vit_tiny,cifar10,0.03,5,base.blocks.4,0.967283
50,2,8,vit_tiny,cifar10,0.03,6,base.blocks.5,0.964560
50,2,8,vit_tiny,cifar10,0.03,7,base.blocks.6,0.961813
50,2,8,vit_tiny,cifar10,0.03,8,base.blocks.7,0.961866
50,2,8,vit_tiny,cifar10,0.03,9,base.blocks.8,0.960425
50,2,8,vit_tiny,cifar10,0.03,10,base.blocks.9,0.959435
50,2,8,vit_tiny,cifar10,0.03,11,base.blocks.10,0.952470
50,2,8,vit_tiny,cifar10,0.03,12,base.blocks.11,0.944434
50,2,8,vit_tiny,cifar10,0.03,13,base.norm,0.931717
50,2,8,vit_tiny,cifar10,0.03,14,classifier,0.423737
50,2,9,vit_tiny,cifar10,0.03,0,base.patch_embed,0.930734
50,2,9,vit_tiny,cifar10,0.03,1,base.blocks.0,0.926624
50,2,9,vit_tiny,cifar10,0.03,2,base.blocks.1,0.922821
50,2,9,vit_tiny,cifar10,0.03,3,base.blocks.2,0.913411
50,2,9,vit_tiny,cifar10,0.03,4,base.blocks.3,0.907326
50,2,9,vit_tiny,cifar10,0.03,5,base.blocks.4,0.894408
50,2,9,vit_tiny,cifar10,0.03,6,base.blocks.5,0.890034
50,2,9,vit_tiny,cifar10,0.03,7,base.blocks.6,0.887125
50,2,9,vit_tiny,cifar10,0.03,8,base.blocks.7,0.888020
50,2,9,vit_tiny,cifar10,0.03,9,base.blocks.8,0.884938
50,2,9,vit_tiny,cifar10,0.03,10,base.blocks.9,0.879365
50,2,9,vit_tiny,cifar10,0.03,11,base.blocks.10,0.859037
50,2,9,vit_tiny,cifar10,0.03,12,base.blocks.11,0.838513
50,2,9,vit_tiny,cifar10,0.03,13,base.norm,0.850572
50,2,9,vit_tiny,cifar10,0.03,14,classifier,0.148687
50,3,4,vit_tiny,cifar10,0.03,0,base.patch_embed,0.985659
50,3,4,vit_tiny,cifar10,0.03,1,base.blocks.0,0.964683
50,3,4,vit_tiny,cifar10,0.03,2,base.blocks.1,0.964691
50,3,4,vit_tiny,cifar10,0.03,3,base.blocks.2,0.964620
50,3,4,vit_tiny,cifar10,0.03,4,base.blocks.3,0.964858
50,3,4,vit_tiny,cifar10,0.03,5,base.blocks.4,0.966876
50,3,4,vit_tiny,cifar10,0.03,6,base.blocks.5,0.970035
50,3,4,vit_tiny,cifar10,0.03,7,base.blocks.6,0.975093
50,3,4,vit_tiny,cifar10,0.03,8,base.blocks.7,0.976496
50,3,4,vit_tiny,cifar10,0.03,9,base.blocks.8,0.978771
50,3,4,vit_tiny,cifar10,0.03,10,base.blocks.9,0.979634
50,3,4,vit_tiny,cifar10,0.03,11,base.blocks.10,0.981523
50,3,4,vit_tiny,cifar10,0.03,12,base.blocks.11,0.980939
50,3,4,vit_tiny,cifar10,0.03,13,base.norm,0.949069
50,3,4,vit_tiny,cifar10,0.03,14,classifier,0.155547
50,3,5,vit_tiny,cifar10,0.03,0,base.patch_embed,0.908383
50,3,5,vit_tiny,cifar10,0.03,1,base.blocks.0,0.885976
50,3,5,vit_tiny,cifar10,0.03,2,base.blocks.1,0.885343
50,3,5,vit_tiny,cifar10,0.03,3,base.blocks.2,0.893593
50,3,5,vit_tiny,cifar10,0.03,4,base.blocks.3,0.897839
50,3,5,vit_tiny,cifar10,0.03,5,base.blocks.4,0.901627
50,3,5,vit_tiny,cifar10,0.03,6,base.blocks.5,0.906377
50,3,5,vit_tiny,cifar10,0.03,7,base.blocks.6,0.913318
50,3,5,vit_tiny,cifar10,0.03,8,base.blocks.7,0.915980
50,3,5,vit_tiny,cifar10,0.03,9,base.blocks.8,0.917220
50,3,5,vit_tiny,cifar10,0.03,10,base.blocks.9,0.917087
50,3,5,vit_tiny,cifar10,0.03,11,base.blocks.10,0.921713
50,3,5,vit_tiny,cifar10,0.03,12,base.blocks.11,0.919209
50,3,5,vit_tiny,cifar10,0.03,13,base.norm,0.863818
50,3,5,vit_tiny,cifar10,0.03,14,classifier,0.334652
50,3,6,vit_tiny,cifar10,0.03,0,base.patch_embed,0.988373
50,3,6,vit_tiny,cifar10,0.03,1,base.blocks.0,0.993528
50,3,6,vit_tiny,cifar10,0.03,2,base.blocks.1,0.994753
50,3,6,vit_tiny,cifar10,0.03,3,base.blocks.2,0.995320
50,3,6,vit_tiny,cifar10,0.03,4,base.blocks.3,0.995303
50,3,6,vit_tiny,cifar10,0.03,5,base.blocks.4,0.994959
50,3,6,vit_tiny,cifar10,0.03,6,base.blocks.5,0.994680
50,3,6,vit_tiny,cifar10,0.03,7,base.blocks.6,0.994104
50,3,6,vit_tiny,cifar10,0.03,8,base.blocks.7,0.993674
50,3,6,vit_tiny,cifar10,0.03,9,base.blocks.8,0.993439
50,3,6,vit_tiny,cifar10,0.03,10,base.blocks.9,0.993040
50,3,6,vit_tiny,cifar10,0.03,11,base.blocks.10,0.991653
50,3,6,vit_tiny,cifar10,0.03,12,base.blocks.11,0.989267
50,3,6,vit_tiny,cifar10,0.03,13,base.norm,0.988088
50,3,6,vit_tiny,cifar10,0.03,14,classifier,0.783025
50,3,7,vit_tiny,cifar10,0.03,0,base.patch_embed,0.905463
50,3,7,vit_tiny,cifar10,0.03,1,base.blocks.0,0.904091
50,3,7,vit_tiny,cifar10,0.03,2,base.blocks.1,0.909509
50,3,7,vit_tiny,cifar10,0.03,3,base.blocks.2,0.900489
50,3,7,vit_tiny,cifar10,0.03,4,base.blocks.3,0.891885
50,3,7,vit_tiny,cifar10,0.03,5,base.blocks.4,0.879075
50,3,7,vit_tiny,cifar10,0.03,6,base.blocks.5,0.875115
50,3,7,vit_tiny,cifar10,0.03,7,base.blocks.6,0.875964
50,3,7,vit_tiny,cifar10,0.03,8,base.blocks.7,0.873475
50,3,7,vit_tiny,cifar10,0.03,9,base.blocks.8,0.872970
50,3,7,vit_tiny,cifar10,0.03,10,base.blocks.9,0.868724
50,3,7,vit_tiny,cifar10,0.03,11,base.blocks.10,0.863368
50,3,7,vit_tiny,cifar10,0.03,12,base.blocks.11,0.852462
50,3,7,vit_tiny,cifar10,0.03,13,base.norm,0.851145
50,3,7,vit_tiny,cifar10,0.03,14,classifier,0.328568
50,3,8,vit_tiny,cifar10,0.03,0,base.patch_embed,0.905041
50,3,8,vit_tiny,cifar10,0.03,1,base.blocks.0,0.880938
50,3,8,vit_tiny,cifar10,0.03,2,base.blocks.1,0.884544
50,3,8,vit_tiny,cifar10,0.03,3,base.blocks.2,0.880187
50,3,8,vit_tiny,cifar10,0.03,4,base.blocks.3,0.880175
50,3,8,vit_tiny,cifar10,0.03,5,base.blocks.4,0.880517
50,3,8,vit_tiny,cifar10,0.03,6,base.blocks.5,0.880107
50,3,8,vit_tiny,cifar10,0.03,7,base.blocks.6,0.881675
50,3,8,vit_tiny,cifar10,0.03,8,base.blocks.7,0.883811
50,3,8,vit_tiny,cifar10,0.03,9,base.blocks.8,0.884558
50,3,8,vit_tiny,cifar10,0.03,10,base.blocks.9,0.884054
50,3,8,vit_tiny,cifar10,0.03,11,base.blocks.10,0.885103
50,3,8,vit_tiny,cifar10,0.03,12,base.blocks.11,0.880231
50,3,8,vit_tiny,cifar10,0.03,13,base.norm,0.877820
50,3,8,vit_tiny,cifar10,0.03,14,classifier,0.523476
50,3,9,vit_tiny,cifar10,0.03,0,base.patch_embed,0.853821
50,3,9,vit_tiny,cifar10,0.03,1,base.blocks.0,0.856732
50,3,9,vit_tiny,cifar10,0.03,2,base.blocks.1,0.848972
50,3,9,vit_tiny,cifar10,0.03,3,base.blocks.2,0.826947
50,3,9,vit_tiny,cifar10,0.03,4,base.blocks.3,0.814057
50,3,9,vit_tiny,cifar10,0.03,5,base.blocks.4,0.793318
50,3,9,vit_tiny,cifar10,0.03,6,base.blocks.5,0.782324
50,3,9,vit_tiny,cifar10,0.03,7,base.blocks.6,0.775095
50,3,9,vit_tiny,cifar10,0.03,8,base.blocks.7,0.772579
50,3,9,vit_tiny,cifar10,0.03,9,base.blocks.8,0.769237
50,3,9,vit_tiny,cifar10,0.03,10,base.blocks.9,0.764659
50,3,9,vit_tiny,cifar10,0.03,11,base.blocks.10,0.753791
50,3,9,vit_tiny,cifar10,0.03,12,base.blocks.11,0.735764
50,3,9,vit_tiny,cifar10,0.03,13,base.norm,0.792782
50,3,9,vit_tiny,cifar10,0.03,14,classifier,0.141621
50,4,5,vit_tiny,cifar10,0.03,0,base.patch_embed,0.853882
50,4,5,vit_tiny,cifar10,0.03,1,base.blocks.0,0.885434
50,4,5,vit_tiny,cifar10,0.03,2,base.blocks.1,0.893285
50,4,5,vit_tiny,cifar10,0.03,3,base.blocks.2,0.908285
50,4,5,vit_tiny,cifar10,0.03,4,base.blocks.3,0.918610
50,4,5,vit_tiny,cifar10,0.03,5,base.blocks.4,0.928922
50,4,5,vit_tiny,cifar10,0.03,6,base.blocks.5,0.933233
50,4,5,vit_tiny,cifar10,0.03,7,base.blocks.6,0.937755
50,4,5,vit_tiny,cifar10,0.03,8,base.blocks.7,0.939062
50,4,5,vit_tiny,cifar10,0.03,9,base.blocks.8,0.940062
50,4,5,vit_tiny,cifar10,0.03,10,base.blocks.9,0.939763
50,4,5,vit_tiny,cifar10,0.03,11,base.blocks.10,0.941115
50,4,5,vit_tiny,cifar10,0.03,12,base.blocks.11,0.936041
50,4,5,vit_tiny,cifar10,0.03,13,base.norm,0.941294
50,4,5,vit_tiny,cifar10,0.03,14,classifier,0.748703
50,4,6,vit_tiny,cifar10,0.03,0,base.patch_embed,0.958396
50,4,6,vit_tiny,cifar10,0.03,1,base.blocks.0,0.957960
50,4,6,vit_tiny,cifar10,0.03,2,base.blocks.1,0.955937
50,4,6,vit_tiny,cifar10,0.03,3,base.blocks.2,0.955167
50,4,6,vit_tiny,cifar10,0.03,4,base.blocks.3,0.954090
50,4,6,vit_tiny,cifar10,0.03,5,base.blocks.4,0.954075
50,4,6,vit_tiny,cifar10,0.03,6,base.blocks.5,0.956951
50,4,6,vit_tiny,cifar10,0.03,7,base.blocks.6,0.961371
50,4,6,vit_tiny,cifar10,0.03,8,base.blocks.7,0.962737
50,4,6,vit_tiny,cifar10,0.03,9,base.blocks.8,0.965826
50,4,6,vit_tiny,cifar10,0.03,10,base.blocks.9,0.968665
50,4,6,vit_tiny,cifar10,0.03,11,base.blocks.10,0.970334
50,4,6,vit_tiny,cifar10,0.03,12,base.blocks.11,0.968765
50,4,6,vit_tiny,cifar10,0.03,13,base.norm,0.936943
50,4,6,vit_tiny,cifar10,0.03,14,classifier,0.205379
50,4,7,vit_tiny,cifar10,0.03,0,base.patch_embed,0.854274
50,4,7,vit_tiny,cifar10,0.03,1,base.blocks.0,0.922358
50,4,7,vit_tiny,cifar10,0.03,2,base.blocks.1,0.935690
50,4,7,vit_tiny,cifar10,0.03,3,base.blocks.2,0.937753
50,4,7,vit_tiny,cifar10,0.03,4,base.blocks.3,0.934075
50,4,7,vit_tiny,cifar10,0.03,5,base.blocks.4,0.923877
50,4,7,vit_tiny,cifar10,0.03,6,base.blocks.5,0.918706
50,4,7,vit_tiny,cifar10,0.03,7,base.blocks.6,0.913854
50,4,7,vit_tiny,cifar10,0.03,8,base.blocks.7,0.910991
50,4,7,vit_tiny,cifar10,0.03,9,base.blocks.8,0.908472
50,4,7,vit_tiny,cifar10,0.03,10,base.blocks.9,0.905922
50,4,7,vit_tiny,cifar10,0.03,11,base.blocks.10,0.898537
50,4,7,vit_tiny,cifar10,0.03,12,base.blocks.11,0.889771
50,4,7,vit_tiny,cifar10,0.03,13,base.norm,0.897868
50,4,7,vit_tiny,cifar10,0.03,14,classifier,0.538302
50,4,8,vit_tiny,cifar10,0.03,0,base.patch_embed,0.858641
50,4,8,vit_tiny,cifar10,0.03,1,base.blocks.0,0.913006
50,4,8,vit_tiny,cifar10,0.03,2,base.blocks.1,0.919442
50,4,8,vit_tiny,cifar10,0.03,3,base.blocks.2,0.918769
50,4,8,vit_tiny,cifar10,0.03,4,base.blocks.3,0.917470
50,4,8,vit_tiny,cifar10,0.03,5,base.blocks.4,0.913097
50,4,8,vit_tiny,cifar10,0.03,6,base.blocks.5,0.909465
50,4,8,vit_tiny,cifar10,0.03,7,base.blocks.6,0.906258
50,4,8,vit_tiny,cifar10,0.03,8,base.blocks.7,0.908825
50,4,8,vit_tiny,cifar10,0.03,9,base.blocks.8,0.909102
50,4,8,vit_tiny,cifar10,0.03,10,base.blocks.9,0.911738
50,4,8,vit_tiny,cifar10,0.03,11,base.blocks.10,0.911813
50,4,8,vit_tiny,cifar10,0.03,12,base.blocks.11,0.908178
50,4,8,vit_tiny,cifar10,0.03,13,base.norm,0.900582
50,4,8,vit_tiny,cifar10,0.03,14,classifier,0.450917
50,4,9,vit_tiny,cifar10,0.03,0,base.patch_embed,0.798639
50,4,9,vit_tiny,cifar10,0.03,1,base.blocks.0,0.853295
50,4,9,vit_tiny,cifar10,0.03,2,base.blocks.1,0.857273
50,4,9,vit_tiny,cifar10,0.03,3,base.blocks.2,0.847928
50,4,9,vit_tiny,cifar10,0.03,4,base.blocks.3,0.838838
50,4,9,vit_tiny,cifar10,0.03,5,base.blocks.4,0.822992
50,4,9,vit_tiny,cifar10,0.03,6,base.blocks.5,0.811572
50,4,9,vit_tiny,cifar10,0.03,7,base.blocks.6,0.804335
50,4,9,vit_tiny,cifar10,0.03,8,base.blocks.7,0.804917
50,4,9,vit_tiny,cifar10,0.03,9,base.blocks.8,0.802093
50,4,9,vit_tiny,cifar10,0.03,10,base.blocks.9,0.803171
50,4,9,vit_tiny,cifar10,0.03,11,base.blocks.10,0.792581
50,4,9,vit_tiny,cifar10,0.03,12,base.blocks.11,0.778758
50,4,9,vit_tiny,cifar10,0.03,13,base.norm,0.805707
50,4,9,vit_tiny,cifar10,0.03,14,classifier,0.301652
50,5,6,vit_tiny,cifar10,0.03,0,base.patch_embed,0.940197
50,5,6,vit_tiny,cifar10,0.03,1,base.blocks.0,0.904551
50,5,6,vit_tiny,cifar10,0.03,2,base.blocks.1,0.896614
50,5,6,vit_tiny,cifar10,0.03,3,base.blocks.2,0.901060
50,5,6,vit_tiny,cifar10,0.03,4,base.blocks.3,0.901965
50,5,6,vit_tiny,cifar10,0.03,5,base.blocks.4,0.901790
50,5,6,vit_tiny,cifar10,0.03,6,base.blocks.5,0.906209
50,5,6,vit_tiny,cifar10,0.03,7,base.blocks.6,0.912374
50,5,6,vit_tiny,cifar10,0.03,8,base.blocks.7,0.915877
50,5,6,vit_tiny,cifar10,0.03,9,base.blocks.8,0.918995
50,5,6,vit_tiny,cifar10,0.03,10,base.blocks.9,0.922824
50,5,6,vit_tiny,cifar10,0.03,11,base.blocks.10,0.929048
50,5,6,vit_tiny,cifar10,0.03,12,base.blocks.11,0.929641
50,5,6,vit_tiny,cifar10,0.03,13,base.norm,0.870463
50,5,6,vit_tiny,cifar10,0.03,14,classifier,0.293089
50,5,7,vit_tiny,cifar10,0.03,0,base.patch_embed,0.945709
50,5,7,vit_tiny,cifar10,0.03,1,base.blocks.0,0.933835
50,5,7,vit_tiny,cifar10,0.03,2,base.blocks.1,0.938886
50,5,7,vit_tiny,cifar10,0.03,3,base.blocks.2,0.944284
50,5,7,vit_tiny,cifar10,0.03,4,base.blocks.3,0.946532
50,5,7,vit_tiny,cifar10,0.03,5,base.blocks.4,0.945129
50,5,7,vit_tiny,cifar10,0.03,6,base.blocks.5,0.940981
50,5,7,vit_tiny,cifar10,0.03,7,base.blocks.6,0.937116
50,5,7,vit_tiny,cifar10,0.03,8,base.blocks.7,0.934834
50,5,7,vit_tiny,cifar10,0.03,9,base.blocks.8,0.933180
50,5,7,vit_tiny,cifar10,0.03,10,base.blocks.9,0.933341
50,5,7,vit_tiny,cifar10,0.03,11,base.blocks.10,0.928404
50,5,7,vit_tiny,cifar10,0.03,12,base.blocks.11,0.916650
50,5,7,vit_tiny,cifar10,0.03,13,base.norm,0.925092
50,5,7,vit_tiny,cifar10,0.03,14,classifier,0.746450
50,5,8,vit_tiny,cifar10,0.03,0,base.patch_embed,0.954370
50,5,8,vit_tiny,cifar10,0.03,1,base.blocks.0,0.895202
50,5,8,vit_tiny,cifar10,0.03,2,base.blocks.1,0.887513
50,5,8,vit_tiny,cifar10,0.03,3,base.blocks.2,0.895263
50,5,8,vit_tiny,cifar10,0.03,4,base.blocks.3,0.901547
50,5,8,vit_tiny,cifar10,0.03,5,base.blocks.4,0.904707
50,5,8,vit_tiny,cifar10,0.03,6,base.blocks.5,0.903953
50,5,8,vit_tiny,cifar10,0.03,7,base.blocks.6,0.902593
50,5,8,vit_tiny,cifar10,0.03,8,base.blocks.7,0.906675
50,5,8,vit_tiny,cifar10,0.03,9,base.blocks.8,0.908204
50,5,8,vit_tiny,cifar10,0.03,10,base.blocks.9,0.912492
50,5,8,vit_tiny,cifar10,0.03,11,base.blocks.10,0.914754
50,5,8,vit_tiny,cifar10,0.03,12,base.blocks.11,0.908734
50,5,8,vit_tiny,cifar10,0.03,13,base.norm,0.901084
50,5,8,vit_tiny,cifar10,0.03,14,classifier,0.651687
50,5,9,vit_tiny,cifar10,0.03,0,base.patch_embed,0.883422
50,5,9,vit_tiny,cifar10,0.03,1,base.blocks.0,0.800162
50,5,9,vit_tiny,cifar10,0.03,2,base.blocks.1,0.780942
50,5,9,vit_tiny,cifar10,0.03,3,base.blocks.2,0.781692
50,5,9,vit_tiny,cifar10,0.03,4,base.blocks.3,0.781305
50,5,9,vit_tiny,cifar10,0.03,5,base.blocks.4,0.775570
50,5,9,vit_tiny,cifar10,0.03,6,base.blocks.5,0.766840
50,5,9,vit_tiny,cifar10,0.03,7,base.blocks.6,0.759716
50,5,9,vit_tiny,cifar10,0.03,8,base.blocks.7,0.758259
50,5,9,vit_tiny,cifar10,0.03,9,base.blocks.8,0.754320
50,5,9,vit_tiny,cifar10,0.03,10,base.blocks.9,0.751388
50,5,9,vit_tiny,cifar10,0.03,11,base.blocks.10,0.735413
50,5,9,vit_tiny,cifar10,0.03,12,base.blocks.11,0.712635
50,5,9,vit_tiny,cifar10,0.03,13,base.norm,0.751587
50,5,9,vit_tiny,cifar10,0.03,14,classifier,0.389809
50,6,7,vit_tiny,cifar10,0.03,0,base.patch_embed,0.957883
50,6,7,vit_tiny,cifar10,0.03,1,base.blocks.0,0.938405
50,6,7,vit_tiny,cifar10,0.03,2,base.blocks.1,0.933843
50,6,7,vit_tiny,cifar10,0.03,3,base.blocks.2,0.919862
50,6,7,vit_tiny,cifar10,0.03,4,base.blocks.3,0.908642
50,6,7,vit_tiny,cifar10,0.03,5,base.blocks.4,0.893283
50,6,7,vit_tiny,cifar10,0.03,6,base.blocks.5,0.890100
50,6,7,vit_tiny,cifar10,0.03,7,base.blocks.6,0.891786
50,6,7,vit_tiny,cifar10,0.03,8,base.blocks.7,0.890721
50,6,7,vit_tiny,cifar10,0.03,9,base.blocks.8,0.892946
50,6,7,vit_tiny,cifar10,0.03,10,base.blocks.9,0.894059
50,6,7,vit_tiny,cifar10,0.03,11,base.blocks.10,0.893517
50,6,7,vit_tiny,cifar10,0.03,12,base.blocks.11,0.888467
50,6,7,vit_tiny,cifar10,0.03,13,base.norm,0.874117
50,6,7,vit_tiny,cifar10,0.03,14,classifier,0.251446
50,6,8,vit_tiny,cifar10,0.03,0,base.patch_embed,0.956475
50,6,8,vit_tiny,cifar10,0.03,1,base.blocks.0,0.918669
50,6,8,vit_tiny,cifar10,0.03,2,base.blocks.1,0.913067
50,6,8,vit_tiny,cifar10,0.03,3,base.blocks.2,0.904590
50,6,8,vit_tiny,cifar10,0.03,4,base.blocks.3,0.902586
50,6,8,vit_tiny,cifar10,0.03,5,base.blocks.4,0.901340
50,6,8,vit_tiny,cifar10,0.03,6,base.blocks.5,0.901946
50,6,8,vit_tiny,cifar10,0.03,7,base.blocks.6,0.904677
50,6,8,vit_tiny,cifar10,0.03,8,base.blocks.7,0.907500
50,6,8,vit_tiny,cifar10,0.03,9,base.blocks.8,0.909788
50,6,8,vit_tiny,cifar10,0.03,10,base.blocks.9,0.912690
50,6,8,vit_tiny,cifar10,0.03,11,base.blocks.10,0.916968
50,6,8,vit_tiny,cifar10,0.03,12,base.blocks.11,0.917078
50,6,8,vit_tiny,cifar10,0.03,13,base.norm,0.905083
50,6,8,vit_tiny,cifar10,0.03,14,classifier,0.537643
50,6,9,vit_tiny,cifar10,0.03,0,base.patch_embed,0.919853
50,6,9,vit_tiny,cifar10,0.03,1,base.blocks.0,0.898040
50,6,9,vit_tiny,cifar10,0.03,2,base.blocks.1,0.882310
50,6,9,vit_tiny,cifar10,0.03,3,base.blocks.2,0.857148
50,6,9,vit_tiny,cifar10,0.03,4,base.blocks.3,0.842354
50,6,9,vit_tiny,cifar10,0.03,5,base.blocks.4,0.818768
50,6,9,vit_tiny,cifar10,0.03,6,base.blocks.5,0.808131
50,6,9,vit_tiny,cifar10,0.03,7,base.blocks.6,0.800314
50,6,9,vit_tiny,cifar10,0.03,8,base.blocks.7,0.797218
50,6,9,vit_tiny,cifar10,0.03,9,base.blocks.8,0.794252
50,6,9,vit_tiny,cifar10,0.03,10,base.blocks.9,0.792076
50,6,9,vit_tiny,cifar10,0.03,11,base.blocks.10,0.783740
50,6,9,vit_tiny,cifar10,0.03,12,base.blocks.11,0.768856
50,6,9,vit_tiny,cifar10,0.03,13,base.norm,0.808074
50,6,9,vit_tiny,cifar10,0.03,14,classifier,0.140357
50,7,8,vit_tiny,cifar10,0.03,0,base.patch_embed,0.990555
50,7,8,vit_tiny,cifar10,0.03,1,base.blocks.0,0.986990
50,7,8,vit_tiny,cifar10,0.03,2,base.blocks.1,0.984267
50,7,8,vit_tiny,cifar10,0.03,3,base.blocks.2,0.983330
50,7,8,vit_tiny,cifar10,0.03,4,base.blocks.3,0.982595
50,7,8,vit_tiny,cifar10,0.03,5,base.blocks.4,0.978936
50,7,8,vit_tiny,cifar10,0.03,6,base.blocks.5,0.977522
50,7,8,vit_tiny,cifar10,0.03,7,base.blocks.6,0.976233
50,7,8,vit_tiny,cifar10,0.03,8,base.blocks.7,0.976223
50,7,8,vit_tiny,cifar10,0.03,9,base.blocks.8,0.976429
50,7,8,vit_tiny,cifar10,0.03,10,base.blocks.9,0.975995
50,7,8,vit_tiny,cifar10,0.03,11,base.blocks.10,0.973344
50,7,8,vit_tiny,cifar10,0.03,12,base.blocks.11,0.967626
50,7,8,vit_tiny,cifar10,0.03,13,base.norm,0.969267
50,7,8,vit_tiny,cifar10,0.03,14,classifier,0.654808
50,7,9,vit_tiny,cifar10,0.03,0,base.patch_embed,0.978436
50,7,9,vit_tiny,cifar10,0.03,1,base.blocks.0,0.940949
50,7,9,vit_tiny,cifar10,0.03,2,base.blocks.1,0.925539
50,7,9,vit_tiny,cifar10,0.03,3,base.blocks.2,0.917174
50,7,9,vit_tiny,cifar10,0.03,4,base.blocks.3,0.912475
50,7,9,vit_tiny,cifar10,0.03,5,base.blocks.4,0.905356
50,7,9,vit_tiny,cifar10,0.03,6,base.blocks.5,0.901353
50,7,9,vit_tiny,cifar10,0.03,7,base.blocks.6,0.898806
50,7,9,vit_tiny,cifar10,0.03,8,base.blocks.7,0.897275
50,7,9,vit_tiny,cifar10,0.03,9,base.blocks.8,0.894363
50,7,9,vit_tiny,cifar10,0.03,10,base.blocks.9,0.886696
50,7,9,vit_tiny,cifar10,0.03,11,base.blocks.10,0.870682
50,7,9,vit_tiny,cifar10,0.03,12,base.blocks.11,0.854823
50,7,9,vit_tiny,cifar10,0.03,13,base.norm,0.891722
50,7,9,vit_tiny,cifar10,0.03,14,classifier,0.578870
50,8,9,vit_tiny,cifar10,0.03,0,base.patch_embed,0.972345
50,8,9,vit_tiny,cifar10,0.03,1,base.blocks.0,0.963291
50,8,9,vit_tiny,cifar10,0.03,2,base.blocks.1,0.964202
50,8,9,vit_tiny,cifar10,0.03,3,base.blocks.2,0.962860
50,8,9,vit_tiny,cifar10,0.03,4,base.blocks.3,0.959747
50,8,9,vit_tiny,cifar10,0.03,5,base.blocks.4,0.953445
50,8,9,vit_tiny,cifar10,0.03,6,base.blocks.5,0.948209
50,8,9,vit_tiny,cifar10,0.03,7,base.blocks.6,0.942405
50,8,9,vit_tiny,cifar10,0.03,8,base.blocks.7,0.937184
50,8,9,vit_tiny,cifar10,0.03,9,base.blocks.8,0.932538
50,8,9,vit_tiny,cifar10,0.03,10,base.blocks.9,0.925770
50,8,9,vit_tiny,cifar10,0.03,11,base.blocks.10,0.911329
50,8,9,vit_tiny,cifar10,0.03,12,base.blocks.11,0.899749
50,8,9,vit_tiny,cifar10,0.03,13,base.norm,0.916310
50,8,9,vit_tiny,cifar10,0.03,14,classifier,0.470688
