==================== CKADriftFedAvg ====================                                                                                                    
Experiment Arguments:                                                                                                                                       
{
│   'method': 'ckadriftfedavg',
│   'dataset': {
│   │   'name': 'cifar10',
│   │   'partition_dir': 'partitions/alpha_0.03/seed_42',
│   │   'client_num': 10,
│   │   'test_ratio': 0.25,
│   │   'val_ratio': 0.0,
│   │   'seed': 42,
│   │   'split': 'sample',
│   │   'IID_ratio': 0.0,
│   │   'alpha': 0.03,
│   │   'min_samples_per_client': 10,
│   │   'sample_fraction': 0.1,
│   │   'subset_seed': 42,
│   │   'monitor_window_name_suffix': 'cifar10-10clients-0%IID-Dir(0.03)-seed42-10pct'
│   },
│   'model': {
│   │   'name': 'vit_tiny',
│   │   'use_torchvision_pretrained_weights': False,
│   │   'external_model_weights_path': None
│   },
│   'optimizer': {
│   │   'lr': 0.01,
│   │   'dampening': 0,
│   │   'weight_decay': 0.0001,
│   │   'momentum': 0.9,
│   │   'nesterov': False,
│   │   'name': 'sgd'
│   },
│   'mode': 'serial',
│   'parallel': {
│   │   'ray_cluster_addr': None,
│   │   'num_cpus': 40,
│   │   'num_gpus': 0,
│   │   'num_workers': 5
│   },
│   'common': {
│   │   'seed': 42,
│   │   'join_ratio': 1.0,
│   │   'global_epoch': 50,
│   │   'local_epoch': 5,
│   │   'batch_size': 32,
│   │   'reset_optimizer_on_global_epoch': True,
│   │   'straggler_ratio': 0,
│   │   'straggler_min_local_epoch': 0,
│   │   'buffers': 'global',
│   │   'client_side_evaluation': True,
│   │   'test': {
│   │   │   'client': {
│   │   │   │   'interval': 1,
│   │   │   │   'finetune_epoch': 0,
│   │   │   │   'train': False,
│   │   │   │   'val': False,
│   │   │   │   'test': True
│   │   │   },
│   │   │   'server': {
│   │   │   │   'interval': 1,
│   │   │   │   'train': False,
│   │   │   │   'val': False,
│   │   │   │   'test': True,
│   │   │   │   'model_in_train_mode': False
│   │   │   }
│   │   },
│   │   'verbose_gap': 10,
│   │   'monitor': 'tensorboard',
│   │   'use_cuda': True,
│   │   'save_log': True,
│   │   'save_model': False,
│   │   'save_learning_curve_plot': True,
│   │   'save_metrics': True,
│   │   'delete_useless_run': True,
│   │   'dataloader_num_workers': 2,
│   │   'resume_checkpoint': None
│   },
│   'cka': {
│   │   'rounds': [
│   │   │   1,
│   │   │   2,
│   │   │   5,
│   │   │   10,
│   │   │   20,
│   │   │   30,
│   │   │   40,
│   │   │   50
│   │   ],
│   │   'client_sample': 10,
│   │   'probe_batches': 20,
│   │   'probe_batch_size': 16
│   },
│   'ckadriftfedavg': {},
│   'driftfedavg': {}
}
---------------------------- ROUND 1/50 START ----------------------------                                                                                  
Selected clients: [1, 0, 4, 9, 6, 5, 8, 2, 3, 7]                                                                                                            
  [Client 1] Starting local training...                                                                                                                     
  [Client 1] Finished training in 4.93s                                                                                                                     
  [Client 0] Starting local training...                                                                                                                     
  [Client 0] Finished training in 4.96s                                                                                                                     
  [Client 4] Starting local training...                                                                                                                     
  [Client 4] Finished training in 4.69s                                                                                                                     
  [Client 9] Starting local training...                                                                                                                     
  [Client 9] Finished training in 11.45s                                                                                                                    
  [Client 6] Starting local training...                                                                                                                     
  [Client 6] Finished training in 2.27s                                                                                                                     
  [Client 5] Starting local training...                                                                                                                     
  [Client 5] Finished training in 5.42s                                                                                                                     
  [Client 8] Starting local training...                                                                                                                     
  [Client 8] Finished training in 0.69s                                                                                                                     
  [Client 2] Starting local training...                                                                                                                     
  [Client 2] Finished training in 4.67s                                                                                                                     
  [Client 3] Starting local training...                                                                                                                     
  [Client 3] Finished training in 4.19s                                                                                                                     
  [Client 7] Starting local training...                                                                                                                     
  [Client 7] Finished training in 6.75s                                                                                                                     
  [CKA] Saved checkpoints for round 1 (10 clients) → /home/luis.mendezl/Thesis/logs/runs/cifar10/fedavg/vit_tiny/alpha0.03/seed42/checkpoints/round_0001    
  Starting weight aggregation...                                                                                                                            
  Aggregation completed in 0.06s                                                                                                                            
ROUND 1 FINISHED in 53.05s (Avg: 53.05s)                                                                                                                    
  [Resume] Saved training checkpoint after round 1 →                                                                                                        
/home/luis.mendezl/Thesis/logs/runs/cifar10/fedavg/vit_tiny/alpha0.03/seed42/checkpoints/training_state.pt                                                  
---------------------------- ROUND 2/50 START ----------------------------                                                                                  
Selected clients: [0, 9, 1, 7, 6, 4, 8, 2, 3, 5]                                                                                                            
  [Client 0] Starting local training...                                                                                                                     
  [Client 0] Finished training in 5.32s                                                                                                                     
  [Client 9] Starting local training...                                                                                                                     
  [Client 9] Finished training in 11.65s                                                                                                                    
  [Client 1] Starting local training...                                                                                                                     
  [Client 1] Finished training in 4.99s                                                                                                                     
  [Client 7] Starting local training...                                                                                                                     
  [Client 7] Finished training in 6.84s                                                                                                                     
  [Client 6] Starting local training...                                                                                                                     
  [Client 6] Finished training in 2.56s                                                                                                                     
  [Client 4] Starting local training...                                                                                                                     
  [Client 4] Finished training in 5.21s                                                                                                                     
  [Client 8] Starting local training...                                                                                                                     
  [Client 8] Finished training in 0.87s                                                                                                                     
  [Client 2] Starting local training...                                                                                                                     
  [Client 2] Finished training in 4.86s                                                                                                                     
  [Client 3] Starting local training...                                                                                                                     
  [Client 3] Finished training in 4.32s                                                                                                                     
  [Client 5] Starting local training...                                                                                                                     
  [Client 5] Finished training in 5.10s                                                                                                                     
  [CKA] Saved checkpoints for round 2 (10 clients) → /home/luis.mendezl/Thesis/logs/runs/cifar10/fedavg/vit_tiny/alpha0.03/seed42/checkpoints/round_0002    
  Starting weight aggregation...                                                                                                                            
  Aggregation completed in 0.09s                                                                                                                            
ROUND 2 FINISHED in 54.77s (Avg: 53.91s)                                                                                                                    
  [Resume] Saved training checkpoint after round 2 →                                                                                                        
/home/luis.mendezl/Thesis/logs/runs/cifar10/fedavg/vit_tiny/alpha0.03/seed42/checkpoints/training_state.pt                                                  
---------------------------- ROUND 3/50 START ----------------------------                                                                                  
Selected clients: [3, 7, 4, 6, 0, 1, 9, 8, 2, 5]                                                                                                            
  [Client 3] Starting local training...                                                                                                                     
  [Client 3] Finished training in 4.05s                                                                                                                     
  [Client 7] Starting local training...                                                                                                                     
  [Client 7] Finished training in 6.90s                                                                                                                     
  [Client 4] Starting local training...                                                                                                                     
  [Client 4] Finished training in 5.24s                                                                                                                     
  [Client 6] Starting local training...                                                                                                                     
  [Client 6] Finished training in 2.59s                                                                                                                     
  [Client 0] Starting local training...                                                                                                                     
  [Client 0] Finished training in 5.11s                                                                                                                     
  [Client 1] Starting local training...                                                                                                                     
  [Client 1] Finished training in 5.06s                                                                                                                     
  [Client 9] Starting local training...                                                                                                                     
  [Client 9] Finished training in 11.51s                                                                                                                    
  [Client 8] Starting local training...                                                                                                                     
  [Client 8] Finished training in 0.83s                                                                                                                     
  [Client 2] Starting local training...                                                                                                                     
  [Client 2] Finished training in 5.37s                                                                                                                     
  [Client 5] Starting local training...                                                                                                                     
  [Client 5] Finished training in 5.26s                                                                                                                     
  Starting weight aggregation...                                                                                                                            
  Aggregation completed in 0.05s                                                                                                                            
ROUND 3 FINISHED in 52.55s (Avg: 53.46s)                                                                                                                    
  [Resume] Saved training checkpoint after round 3 →                                                                                                        
/home/luis.mendezl/Thesis/logs/runs/cifar10/fedavg/vit_tiny/alpha0.03/seed42/checkpoints/training_state.pt                                                  
---------------------------- ROUND 4/50 START ----------------------------                                                                                  
Selected clients: [3, 5, 1, 0, 9, 6, 2, 7, 8, 4]                                                                                                            
  [Client 3] Starting local training...                                                                                                                     
  [Client 3] Finished training in 4.00s                                                                                                                     
  [Client 5] Starting local training...                                                                                                                     
  [Client 5] Finished training in 5.60s                                                                                                                     
  [Client 1] Starting local training...                                                                                                                     
  [Client 1] Finished training in 5.29s                                                                                                                     
  [Client 0] Starting local training...                                                                                                                     
  [Client 0] Finished training in 5.27s                                                                                                                     
  [Client 9] Starting local training...                                                                                                                     
  [Client 9] Finished training in 11.65s                                                                                                                    
  [Client 6] Starting local training...                                                                                                                     
  [Client 6] Finished training in 2.60s                                                                                                                     
  [Client 2] Starting local training...                                                                                                                     
  [Client 2] Finished training in 5.18s                                                                                                                     
  [Client 7] Starting local training...                                                                                                                     
  [Client 7] Finished training in 6.61s                                                                                                                     
  [Client 8] Starting local training...                                                                                                                     
  [Client 8] Finished training in 0.79s                                                                                                                     
  [Client 4] Starting local training...                                                                                                                     
  [Client 4] Finished training in 5.43s                                                                                                                     
  Starting weight aggregation...                                                                                                                            
  Aggregation completed in 0.06s                                                                                                                            
ROUND 4 FINISHED in 53.06s (Avg: 53.36s)                                                                                                                    
  [Resume] Saved training checkpoint after round 4 →                                                                                                        
/home/luis.mendezl/Thesis/logs/runs/cifar10/fedavg/vit_tiny/alpha0.03/seed42/checkpoints/training_state.pt                                                  
---------------------------- ROUND 5/50 START ----------------------------                                                                                  
Selected clients: [7, 8, 1, 3, 0, 4, 2, 6, 9, 5]                                                                                                            
  [Client 7] Starting local training...                                                                                                                     
  [Client 7] Finished training in 6.98s                                                                                                                     
  [Client 8] Starting local training...                                                                                                                     
  [Client 8] Finished training in 0.79s                                                                                                                     
  [Client 1] Starting local training...                                                                                                                     
  [Client 1] Finished training in 5.34s                                                                                                                     
  [Client 3] Starting local training...                                                                                                                     
  [Client 3] Finished training in 4.13s                                                                                                                     
  [Client 0] Starting local training...                                                                                                                     
  [Client 0] Finished training in 5.17s                                                                                                                     
  [Client 4] Starting local training...                                                                                                                     
  [Client 4] Finished training in 5.25s                                                                                                                     
  [Client 2] Starting local training...                                                                                                                     
  [Client 2] Finished training in 4.97s                                                                                                                     
  [Client 6] Starting local training...                                                                                                                     
  [Client 6] Finished training in 2.76s                                                                                                                     
  [Client 9] Starting local training...                                                                                                                     
  [Client 9] Finished training in 11.37s                                                                                                                    
  [Client 5] Starting local training...                                                                                                                     
  [Client 5] Finished training in 4.98s                                                                                                                     
  [CKA] Saved checkpoints for round 5 (10 clients) → /home/luis.mendezl/Thesis/logs/runs/cifar10/fedavg/vit_tiny/alpha0.03/seed42/checkpoints/round_0005    
  Starting weight aggregation...                                                                                                                            
  Aggregation completed in 0.05s                                                                                                                            
ROUND 5 FINISHED in 56.76s (Avg: 54.04s)                                                                                                                    
  [Resume] Saved training checkpoint after round 5 →                                                                                                        
/home/luis.mendezl/Thesis/logs/runs/cifar10/fedavg/vit_tiny/alpha0.03/seed42/checkpoints/training_state.pt                                                  
---------------------------- ROUND 6/50 START ----------------------------                                                                                  
Selected clients: [1, 0, 3, 6, 2, 8, 9, 4, 7, 5]                                                                                                            
  [Client 1] Starting local training...                                                                                                                     
  [Client 1] Finished training in 5.06s                                                                                                                     
  [Client 0] Starting local training...                                                                                                                     
  [Client 0] Finished training in 4.81s                                                                                                                     
  [Client 3] Starting local training...                                                                                                                     
  [Client 3] Finished training in 4.19s                                                                                                                     
  [Client 6] Starting local training...                                                                                                                     
  [Client 6] Finished training in 2.54s                                                                                                                     
  [Client 2] Starting local training...                                                                                                                     
  [Client 2] Finished training in 5.33s                                                                                                                     
  [Client 8] Starting local training...                                                                                                                     
  [Client 8] Finished training in 0.86s                                                                                                                     
  [Client 9] Starting local training...                                                                                                                     
  [Client 9] Finished training in 11.72s                                                                                                                    
  [Client 4] Starting local training...                                                                                                                     
  [Client 4] Finished training in 5.10s                                                                                                                     
  [Client 7] Starting local training...                                                                                                                     
  [Client 7] Finished training in 7.12s                                                                                                                     
  [Client 5] Starting local training...                                                                                                                     
  [Client 5] Finished training in 5.46s                                                                                                                     
  Starting weight aggregation...                                                                                                                            
  Aggregation completed in 0.06s                                                                                                                            
ROUND 6 FINISHED in 52.78s (Avg: 53.83s)                                                                                                                    
  [Resume] Saved training checkpoint after round 6 →                                                                                                        
/home/luis.mendezl/Thesis/logs/runs/cifar10/fedavg/vit_tiny/alpha0.03/seed42/checkpoints/training_state.pt                                                  
---------------------------- ROUND 7/50 START ----------------------------                                                                                  
Selected clients: [7, 5, 2, 9, 6, 1, 8, 3, 0, 4]                                                                                                            
  [Client 7] Starting local training...                                                                                                                     
  [Client 7] Finished training in 6.88s                                                                                                                     
  [Client 5] Starting local training...                                                                                                                     
  [Client 5] Finished training in 5.58s                                                                                                                     
  [Client 2] Starting local training...                                                                                                                     
  [Client 2] Finished training in 5.15s                                                                                                                     
  [Client 9] Starting local training...                                                                                                                     
  [Client 9] Finished training in 11.97s                                                                                                                    
  [Client 6] Starting local training...                                                                                                                     
  [Client 6] Finished training in 2.66s                                                                                                                     
  [Client 1] Starting local training...                                                                                                                     
  [Client 1] Finished training in 5.29s                                                                                                                     
  [Client 8] Starting local training...                                                                                                                     
  [Client 8] Finished training in 0.84s                                                                                                                     
  [Client 3] Starting local training...                                                                                                                     
  [Client 3] Finished training in 3.97s                                                                                                                     
  [Client 0] Starting local training...                                                                                                                     
  [Client 0] Finished training in 4.77s                                                                                                                     
  [Client 4] Starting local training...                                                                                                                     
  [Client 4] Finished training in 5.21s                                                                                                                     
  Starting weight aggregation...                                                                                                                            
  Aggregation completed in 0.05s                                                                                                                            
ROUND 7 FINISHED in 52.89s (Avg: 53.69s)                                                                                                                    
  [Resume] Saved training checkpoint after round 7 →                                                                                                        
/home/luis.mendezl/Thesis/logs/runs/cifar10/fedavg/vit_tiny/alpha0.03/seed42/checkpoints/training_state.pt                                                  
---------------------------- ROUND 8/50 START ----------------------------                                                                                  
Selected clients: [8, 3, 2, 9, 6, 7, 1, 4, 5, 0]                                                                                                            
  [Client 8] Starting local training...                                                                                                                     
  [Client 8] Finished training in 1.02s                                                                                                                     
  [Client 3] Starting local training...                                                                                                                     
  [Client 3] Finished training in 4.05s                                                                                                                     
  [Client 2] Starting local training...                                                                                                                     
  [Client 2] Finished training in 5.06s                                                                                                                     
  [Client 9] Starting local training...                                                                                                                     
  [Client 9] Finished training in 11.21s                                                                                                                    
  [Client 6] Starting local training...                                                                                                                     
  [Client 6] Finished training in 2.66s                                                                                                                     
  [Client 7] Starting local training...                                                                                                                     
  [Client 7] Finished training in 7.41s                                                                                                                     
  [Client 1] Starting local training...                                                                                                                     
  [Client 1] Finished training in 5.11s                                                                                                                     
  [Client 4] Starting local training...                                                                                                                     
  [Client 4] Finished training in 5.19s                                                                                                                     
  [Client 5] Starting local training...                                                                                                                     
  [Client 5] Finished training in 5.63s                                                                                                                     
  [Client 0] Starting local training...                                                                                                                     
  [Client 0] Finished training in 5.32s                                                                                                                     
  Starting weight aggregation...                                                                                                                            
  Aggregation completed in 0.07s                                                                                                                            
ROUND 8 FINISHED in 53.25s (Avg: 53.64s)                                                                                                                    
  [Resume] Saved training checkpoint after round 8 →                                                                                                        
/home/luis.mendezl/Thesis/logs/runs/cifar10/fedavg/vit_tiny/alpha0.03/seed42/checkpoints/training_state.pt                                                  
---------------------------- ROUND 9/50 START ----------------------------                                                                                  
Selected clients: [3, 0, 5, 9, 2, 8, 1, 7, 6, 4]                                                                                                            
  [Client 3] Starting local training...                                                                                                                     
  [Client 3] Finished training in 4.09s                                                                                                                     
  [Client 0] Starting local training...                                                                                                                     
  [Client 0] Finished training in 5.02s                                                                                                                     
  [Client 5] Starting local training...                                                                                                                     
  [Client 5] Finished training in 5.50s                                                                                                                     
  [Client 9] Starting local training...                                                                                                                     
  [Client 9] Finished training in 11.52s                                                                                                                    
  [Client 2] Starting local training...                                                                                                                     
  [Client 2] Finished training in 5.25s                                                                                                                     
  [Client 8] Starting local training...                                                                                                                     
  [Client 8] Finished training in 0.88s                                                                                                                     
  [Client 1] Starting local training...                                                                                                                     
  [Client 1] Finished training in 5.36s                                                                                                                     
  [Client 7] Starting local training...                                                                                                                     
  [Client 7] Finished training in 7.33s                                                                                                                     
  [Client 6] Starting local training...                                                                                                                     
  [Client 6] Finished training in 2.57s                                                                                                                     
  [Client 4] Starting local training...                                                                                                                     
  [Client 4] Finished training in 5.04s                                                                                                                     
  Starting weight aggregation...                                                                                                                            
  Aggregation completed in 0.05s                                                                                                                            
ROUND 9 FINISHED in 53.15s (Avg: 53.58s)                                                                                                                    
  [Resume] Saved training checkpoint after round 9 →                                                                                                        
/home/luis.mendezl/Thesis/logs/runs/cifar10/fedavg/vit_tiny/alpha0.03/seed42/checkpoints/training_state.pt                                                  
---------------------------- ROUND 10/50 START ----------------------------                                                                                 
Selected clients: [7, 6, 9, 1, 2, 8, 4, 5, 3, 0]                                                                                                            
  [Client 7] Starting local training...                                                                                                                     
  [Client 7] Finished training in 6.76s                                                                                                                     
client [7]  (testset)   loss: 2.4329 -> 0.7490  accuracy: 3.76% -> 69.95%                                                                                   
  [Client 6] Starting local training...                                                                                                                     
  [Client 6] Finished training in 2.45s                                                                                                                     
client [6]  (testset)   loss: 1.6666 -> 0.0019  accuracy: 55.32% -> 100.00%                                                                                 
  [Client 9] Starting local training...                                                                                                                     
  [Client 9] Finished training in 11.25s                                                                                                                    
client [9]  (testset)   loss: 2.6248 -> 1.0686  accuracy: 1.02% -> 49.36%                                                                                   
  [Client 1] Starting local training...                                                                                                                     
  [Client 1] Finished training in 5.32s                                                                                                                     
client [1]  (testset)   loss: 1.8496 -> 0.2339  accuracy: 8.11% -> 91.22%                                                                                   
  [Client 2] Starting local training...                                                                                                                     
  [Client 2] Finished training in 5.07s                                                                                                                     
client [2]  (testset)   loss: 2.0371 -> 0.0000  accuracy: 4.76% -> 100.00%                                                                                  
  [Client 8] Starting local training...                                                                                                                     
  [Client 8] Finished training in 0.89s                                                                                                                     
client [8]  (testset)   loss: 1.7869 -> 1.7869  accuracy: 0.00% -> 0.00%                                                                                    
  [Client 4] Starting local training...                                                                                                                     
  [Client 4] Finished training in 5.43s                                                                                                                     
client [4]  (testset)   loss: 1.9597 -> 0.0817  accuracy: 16.20% -> 99.30%                                                                                  
  [Client 5] Starting local training...                                                                                                                     
  [Client 5] Finished training in 5.25s                                                                                                                     
client [5]  (testset)   loss: 1.6361 -> 0.0000  accuracy: 63.76% -> 100.00%                                                                                 
  [Client 3] Starting local training...                                                                                                                     
  [Client 3] Finished training in 3.92s                                                                                                                     
client [3]  (testset)   loss: 1.6545 -> 0.2354  accuracy: 62.86% -> 97.14%                                                                                  
  [Client 0] Starting local training...                                                                                                                     
  [Client 0] Finished training in 5.21s                                                                                                                     
client [0]  (testset)   loss: 1.5048 -> 0.0000  accuracy: 61.11% -> 100.00%                                                                                 
  [CKA] Saved checkpoints for round 10 (10 clients) → /home/luis.mendezl/Thesis/logs/runs/cifar10/fedavg/vit_tiny/alpha0.03/seed42/checkpoints/round_0010   
  Starting weight aggregation...                                                                                                                            
  Aggregation completed in 0.08s                                                                                                                            
ROUND 10 FINISHED in 54.56s (Avg: 53.68s)                                                                                                                   
  [Resume] Saved training checkpoint after round 10 →                                                                                                       
/home/luis.mendezl/Thesis/logs/runs/cifar10/fedavg/vit_tiny/alpha0.03/seed42/checkpoints/training_state.pt                                                  
---------------------------- ROUND 11/50 START ----------------------------                                                                                 
Selected clients: [9, 6, 5, 1, 8, 4, 3, 0, 2, 7]                                                                                                            
  [Client 9] Starting local training...                                                                                                                     
  [Client 9] Finished training in 11.67s                                                                                                                    
  [Client 6] Starting local training...                                                                                                                     
  [Client 6] Finished training in 2.97s                                                                                                                     
  [Client 5] Starting local training...                                                                                                                     
  [Client 5] Finished training in 5.33s                                                                                                                     
  [Client 1] Starting local training...                                                                                                                     
  [Client 1] Finished training in 5.45s                                                                                                                     
  [Client 8] Starting local training...                                                                                                                     
  [Client 8] Finished training in 0.79s                                                                                                                     
  [Client 4] Starting local training...                                                                                                                     
  [Client 4] Finished training in 5.07s                                                                                                                     
  [Client 3] Starting local training...                                                                                                                     
  [Client 3] Finished training in 3.94s                                                                                                                     
  [Client 0] Starting local training...                                                                                                                     
  [Client 0] Finished training in 4.89s                                                                                                                     
  [Client 2] Starting local training...                                                                                                                     
  [Client 2] Finished training in 5.12s                                                                                                                     
  [Client 7] Starting local training...                                                                                                                     
  [Client 7] Finished training in 7.33s                                                                                                                     
  Starting weight aggregation...                                                                                                                            
  Aggregation completed in 0.08s                                                                                                                            
ROUND 11 FINISHED in 53.17s (Avg: 53.64s)                                                                                                                   
  [Resume] Saved training checkpoint after round 11 →                                                                                                       
/home/luis.mendezl/Thesis/logs/runs/cifar10/fedavg/vit_tiny/alpha0.03/seed42/checkpoints/training_state.pt                                                  
---------------------------- ROUND 12/50 START ----------------------------                                                                                 
Selected clients: [2, 9, 6, 4, 0, 3, 7, 8, 1, 5]                                                                                                            
  [Client 2] Starting local training...                                                                                                                     
  [Client 2] Finished training in 5.25s                                                                                                                     
  [Client 9] Starting local training...                                                                                                                     
  [Client 9] Finished training in 11.58s                                                                                                                    
  [Client 6] Starting local training...                                                                                                                     
  [Client 6] Finished training in 2.63s                                                                                                                     
  [Client 4] Starting local training...                                                                                                                     
  [Client 4] Finished training in 4.94s                                                                                                                     
  [Client 0] Starting local training...                                                                                                                     
  [Client 0] Finished training in 5.31s                                                                                                                     
  [Client 3] Starting local training...                                                                                                                     
  [Client 3] Finished training in 4.10s                                                                                                                     
  [Client 7] Starting local training...                                                                                                                     
  [Client 7] Finished training in 6.94s                                                                                                                     
  [Client 8] Starting local training...                                                                                                                     
  [Client 8] Finished training in 0.88s                                                                                                                     
  [Client 1] Starting local training...                                                                                                                     
  [Client 1] Finished training in 5.22s                                                                                                                     
  [Client 5] Starting local training...                                                                                                                     
  [Client 5] Finished training in 5.40s                                                                                                                     
  Starting weight aggregation...                                                                                                                            
  Aggregation completed in 0.05s                                                                                                                            
ROUND 12 FINISHED in 52.83s (Avg: 53.57s)                                                                                                                   
  [Resume] Saved training checkpoint after round 12 →                                                                                                       
/home/luis.mendezl/Thesis/logs/runs/cifar10/fedavg/vit_tiny/alpha0.03/seed42/checkpoints/training_state.pt                                                  
---------------------------- ROUND 13/50 START ----------------------------                                                                                 
Selected clients: [8, 0, 1, 5, 4, 2, 6, 9, 7, 3]                                                                                                            
  [Client 8] Starting local training...                                                                                                                     
  [Client 8] Finished training in 0.86s                                                                                                                     
  [Client 0] Starting local training...                                                                                                                     
  [Client 0] Finished training in 5.08s                                                                                                                     
  [Client 1] Starting local training...                                                                                                                     
  [Client 1] Finished training in 4.81s                                                                                                                     
  [Client 5] Starting local training...                                                                                                                     
  [Client 5] Finished training in 6.07s                                                                                                                     
  [Client 4] Starting local training...                                                                                                                     
  [Client 4] Finished training in 5.12s                                                                                                                     
  [Client 2] Starting local training...                                                                                                                     
  [Client 2] Finished training in 5.17s                                                                                                                     
  [Client 6] Starting local training...                                                                                                                     
  [Client 6] Finished training in 2.53s                                                                                                                     
  [Client 9] Starting local training...                                                                                                                     
  [Client 9] Finished training in 11.33s                                                                                                                    
  [Client 7] Starting local training...                                                                                                                     
  [Client 7] Finished training in 7.11s                                                                                                                     
  [Client 3] Starting local training...                                                                                                                     
  [Client 3] Finished training in 3.91s                                                                                                                     
  Starting weight aggregation...                                                                                                                            
  Aggregation completed in 0.08s                                                                                                                            
ROUND 13 FINISHED in 52.59s (Avg: 53.49s)                                                                                                                   
  [Resume] Saved training checkpoint after round 13 →                                                                                                       
/home/luis.mendezl/Thesis/logs/runs/cifar10/fedavg/vit_tiny/alpha0.03/seed42/checkpoints/training_state.pt                                                  
---------------------------- ROUND 14/50 START ----------------------------                                                                                 
Selected clients: [2, 7, 0, 5, 6, 9, 1, 4, 8, 3]                                                                                                            
  [Client 2] Starting local training...                                                                                                                     
  [Client 2] Finished training in 5.14s                                                                                                                     
  [Client 7] Starting local training...                                                                                                                     
  [Client 7] Finished training in 6.61s                                                                                                                     
  [Client 0] Starting local training...                                                                                                                     
  [Client 0] Finished training in 5.62s                                                                                                                     
  [Client 5] Starting local training...                                                                                                                     
  [Client 5] Finished training in 5.58s                                                                                                                     
  [Client 6] Starting local training...                                                                                                                     
  [Client 6] Finished training in 2.66s                                                                                                                     
  [Client 9] Starting local training...                                                                                                                     
  [Client 9] Finished training in 11.79s                                                                                                                    
  [Client 1] Starting local training...                                                                                                                     
  [Client 1] Finished training in 5.23s                                                                                                                     
  [Client 4] Starting local training...                                                                                                                     
  [Client 4] Finished training in 5.27s                                                                                                                     
  [Client 8] Starting local training...                                                                                                                     
  [Client 8] Finished training in 0.86s                                                                                                                     
  [Client 3] Starting local training...                                                                                                                     
  [Client 3] Finished training in 3.96s                                                                                                                     
  Starting weight aggregation...                                                                                                                            
  Aggregation completed in 0.09s                                                                                                                            
ROUND 14 FINISHED in 53.34s (Avg: 53.48s)                                                                                                                   
  [Resume] Saved training checkpoint after round 14 →                                                                                                       
/home/luis.mendezl/Thesis/logs/runs/cifar10/fedavg/vit_tiny/alpha0.03/seed42/checkpoints/training_state.pt                                                  
---------------------------- ROUND 15/50 START ----------------------------                                                                                 
Selected clients: [8, 3, 2, 7, 1, 4, 0, 6, 5, 9]                                                                                                            
  [Client 8] Starting local training...                                                                                                                     
  [Client 8] Finished training in 0.82s                                                                                                                     
  [Client 3] Starting local training...                                                                                                                     
  [Client 3] Finished training in 4.09s                                                                                                                     
  [Client 2] Starting local training...                                                                                                                     
  [Client 2] Finished training in 4.82s                                                                                                                     
  [Client 7] Starting local training...                                                                                                                     
  [Client 7] Finished training in 7.07s                                                                                                                     
  [Client 1] Starting local training...                                                                                                                     
  [Client 1] Finished training in 5.21s                                                                                                                     
  [Client 4] Starting local training...                                                                                                                     
  [Client 4] Finished training in 5.34s                                                                                                                     
  [Client 0] Starting local training...                                                                                                                     
  [Client 0] Finished training in 5.33s                                                                                                                     
  [Client 6] Starting local training...                                                                                                                     
  [Client 6] Finished training in 2.60s                                                                                                                     
  [Client 5] Starting local training...                                                                                                                     
  [Client 5] Finished training in 5.30s                                                                                                                     
  [Client 9] Starting local training...                                                                                                                     
  [Client 9] Finished training in 11.30s                                                                                                                    
  Starting weight aggregation...                                                                                                                            
  Aggregation completed in 0.07s                                                                                                                            
ROUND 15 FINISHED in 52.47s (Avg: 53.41s)                                                                                                                   
  [Resume] Saved training checkpoint after round 15 →                                                                                                       
/home/luis.mendezl/Thesis/logs/runs/cifar10/fedavg/vit_tiny/alpha0.03/seed42/checkpoints/training_state.pt                                                  
---------------------------- ROUND 16/50 START ----------------------------                                                                                 
Selected clients: [0, 1, 5, 6, 2, 8, 9, 3, 7, 4]                                                                                                            
  [Client 0] Starting local training...                                                                                                                     
  [Client 0] Finished training in 5.38s                                                                                                                     
  [Client 1] Starting local training...                                                                                                                     
  [Client 1] Finished training in 5.17s                                                                                                                     
  [Client 5] Starting local training...                                                                                                                     
  [Client 5] Finished training in 5.00s                                                                                                                     
  [Client 6] Starting local training...                                                                                                                     
  [Client 6] Finished training in 3.37s                                                                                                                     
  [Client 2] Starting local training...                                                                                                                     
  [Client 2] Finished training in 5.14s                                                                                                                     
  [Client 8] Starting local training...                                                                                                                     
  [Client 8] Finished training in 0.79s                                                                                                                     
  [Client 9] Starting local training...                                                                                                                     
  [Client 9] Finished training in 11.42s                                                                                                                    
  [Client 3] Starting local training...                                                                                                                     
  [Client 3] Finished training in 3.99s                                                                                                                     
  [Client 7] Starting local training...                                                                                                                     
  [Client 7] Finished training in 7.21s                                                                                                                     
  [Client 4] Starting local training...                                                                                                                     
  [Client 4] Finished training in 5.13s                                                                                                                     
  Starting weight aggregation...                                                                                                                            
  Aggregation completed in 0.07s                                                                                                                            
ROUND 16 FINISHED in 53.21s (Avg: 53.40s)                                                                                                                   
  [Resume] Saved training checkpoint after round 16 →                                                                                                       
/home/luis.mendezl/Thesis/logs/runs/cifar10/fedavg/vit_tiny/alpha0.03/seed42/checkpoints/training_state.pt                                                  
---------------------------- ROUND 17/50 START ----------------------------                                                                                 
Selected clients: [7, 1, 2, 8, 5, 3, 6, 4, 9, 0]                                                                                                            
  [Client 7] Starting local training...                                                                                                                     
  [Client 7] Finished training in 7.05s                                                                                                                     
  [Client 1] Starting local training...                                                                                                                     
  [Client 1] Finished training in 4.86s                                                                                                                     
  [Client 2] Starting local training...                                                                                                                     
  [Client 2] Finished training in 4.86s                                                                                                                     
  [Client 8] Starting local training...                                                                                                                     
  [Client 8] Finished training in 2.20s                                                                                                                     
  [Client 5] Starting local training...                                                                                                                     
  [Client 5] Finished training in 5.29s                                                                                                                     
  [Client 3] Starting local training...                                                                                                                     
  [Client 3] Finished training in 4.18s                                                                                                                     
  [Client 6] Starting local training...                                                                                                                     
  [Client 6] Finished training in 2.62s                                                                                                                     
  [Client 4] Starting local training...                                                                                                                     
  [Client 4] Finished training in 5.04s                                                                                                                     
  [Client 9] Starting local training...                                                                                                                     
  [Client 9] Finished training in 11.73s                                                                                                                    
  [Client 0] Starting local training...                                                                                                                     
  [Client 0] Finished training in 4.93s                                                                                                                     
  Starting weight aggregation...                                                                                                                            
  Aggregation completed in 0.08s                                                                                                                            
ROUND 17 FINISHED in 53.44s (Avg: 53.40s)                                                                                                                   
  [Resume] Saved training checkpoint after round 17 →                                                                                                       
/home/luis.mendezl/Thesis/logs/runs/cifar10/fedavg/vit_tiny/alpha0.03/seed42/checkpoints/training_state.pt                                                  
---------------------------- ROUND 18/50 START ----------------------------                                                                                 
Selected clients: [8, 3, 4, 9, 5, 2, 6, 7, 1, 0]                                                                                                            
  [Client 8] Starting local training...                                                                                                                     
  [Client 8] Finished training in 0.85s                                                                                                                     
  [Client 3] Starting local training...                                                                                                                     
  [Client 3] Finished training in 4.11s                                                                                                                     
  [Client 4] Starting local training...                                                                                                                     
  [Client 4] Finished training in 5.06s                                                                                                                     
  [Client 9] Starting local training...                                                                                                                     
  [Client 9] Finished training in 11.47s                                                                                                                    
  [Client 5] Starting local training...                                                                                                                     
  [Client 5] Finished training in 5.43s                                                                                                                     
  [Client 2] Starting local training...                                                                                                                     
  [Client 2] Finished training in 5.66s                                                                                                                     
  [Client 6] Starting local training...                                                                                                                     
  [Client 6] Finished training in 2.61s                                                                                                                     
  [Client 7] Starting local training...                                                                                                                     
  [Client 7] Finished training in 6.91s                                                                                                                     
  [Client 1] Starting local training...                                                                                                                     
  [Client 1] Finished training in 5.15s                                                                                                                     
  [Client 0] Starting local training...                                                                                                                     
  [Client 0] Finished training in 4.95s                                                                                                                     
  Starting weight aggregation...                                                                                                                            
  Aggregation completed in 0.08s                                                                                                                            
ROUND 18 FINISHED in 52.80s (Avg: 53.37s)                                                                                                                   
  [Resume] Saved training checkpoint after round 18 →                                                                                                       
/home/luis.mendezl/Thesis/logs/runs/cifar10/fedavg/vit_tiny/alpha0.03/seed42/checkpoints/training_state.pt                                                  
---------------------------- ROUND 19/50 START ----------------------------                                                                                 
Selected clients: [3, 9, 1, 2, 0, 4, 7, 6, 5, 8]                                                                                                            
  [Client 3] Starting local training...                                                                                                                     
  [Client 3] Finished training in 4.03s                                                                                                                     
  [Client 9] Starting local training...                                                                                                                     
  [Client 9] Finished training in 11.26s                                                                                                                    
  [Client 1] Starting local training...                                                                                                                     
  [Client 1] Finished training in 5.56s                                                                                                                     
  [Client 2] Starting local training...                                                                                                                     
  [Client 2] Finished training in 4.92s                                                                                                                     
  [Client 0] Starting local training...                                                                                                                     
  [Client 0] Finished training in 5.33s                                                                                                                     
  [Client 4] Starting local training...                                                                                                                     
  [Client 4] Finished training in 5.23s                                                                                                                     
  [Client 7] Starting local training...                                                                                                                     
  [Client 7] Finished training in 7.06s                                                                                                                     
  [Client 6] Starting local training...                                                                                                                     
  [Client 6] Finished training in 2.57s                                                                                                                     
  [Client 5] Starting local training...                                                                                                                     
  [Client 5] Finished training in 5.56s                                                                                                                     
  [Client 8] Starting local training...                                                                                                                     
  [Client 8] Finished training in 0.79s                                                                                                                     
  Starting weight aggregation...                                                                                                                            
  Aggregation completed in 0.12s                                                                                                                            
ROUND 19 FINISHED in 53.02s (Avg: 53.35s)                                                                                                                   
  [Resume] Saved training checkpoint after round 19 →                                                                                                       
/home/luis.mendezl/Thesis/logs/runs/cifar10/fedavg/vit_tiny/alpha0.03/seed42/checkpoints/training_state.pt                                                  
---------------------------- ROUND 20/50 START ----------------------------                                                                                 
Selected clients: [1, 0, 3, 8, 6, 2, 5, 4, 7, 9]                                                                                                            
  [Client 1] Starting local training...                                                                                                                     
  [Client 1] Finished training in 5.03s                                                                                                                     
client [1]  (testset)   loss: 1.1829 -> 0.2339  accuracy: 74.32% -> 92.57%                                                                                  
  [Client 0] Starting local training...                                                                                                                     
  [Client 0] Finished training in 5.21s                                                                                                                     
client [0]  (testset)   loss: 1.7128 -> 0.0001  accuracy: 14.58% -> 100.00%                                                                                 
  [Client 3] Starting local training...                                                                                                                     
  [Client 3] Finished training in 3.94s                                                                                                                     
client [3]  (testset)   loss: 2.3905 -> 0.1902  accuracy: 0.95% -> 97.14%                                                                                   
  [Client 8] Starting local training...                                                                                                                     
  [Client 8] Finished training in 0.83s                                                                                                                     
client [8]  (testset)   loss: 1.1347 -> 1.1347  accuracy: 88.89% -> 88.89%                                                                                  
  [Client 6] Starting local training...                                                                                                                     
  [Client 6] Finished training in 2.43s                                                                                                                     
client [6]  (testset)   loss: 2.4083 -> 0.0445  accuracy: 0.00% -> 100.00%                                                                                  
  [Client 2] Starting local training...                                                                                                                     
  [Client 2] Finished training in 6.08s                                                                                                                     
client [2]  (testset)   loss: 1.9726 -> 0.0000  accuracy: 4.76% -> 100.00%                                                                                  
  [Client 5] Starting local training...                                                                                                                     
  [Client 5] Finished training in 5.19s                                                                                                                     
client [5]  (testset)   loss: 1.7603 -> 0.0000  accuracy: 40.27% -> 100.00%                                                                                 
  [Client 4] Starting local training...                                                                                                                     
  [Client 4] Finished training in 4.86s                                                                                                                     
client [4]  (testset)   loss: 1.5533 -> 0.0932  accuracy: 62.68% -> 98.59%                                                                                  
  [Client 7] Starting local training...                                                                                                                     
  [Client 7] Finished training in 7.34s                                                                                                                     
client [7]  (testset)   loss: 2.2861 -> 0.6756  accuracy: 15.96% -> 71.83%                                                                                  
  [Client 9] Starting local training...                                                                                                                     
  [Client 9] Finished training in 11.70s                                                                                                                    
client [9]  (testset)   loss: 2.6216 -> 1.1240  accuracy: 4.86% -> 51.15%                                                                                   
  [CKA] Saved checkpoints for round 20 (10 clients) → /home/luis.mendezl/Thesis/logs/runs/cifar10/fedavg/vit_tiny/alpha0.03/seed42/checkpoints/round_0020   
  Starting weight aggregation...                                                                                                                            
  Aggregation completed in 0.11s                                                                                                                            
ROUND 20 FINISHED in 55.82s (Avg: 53.48s)                                                                                                                   
  [Resume] Saved training checkpoint after round 20 →                                                                                                       
/home/luis.mendezl/Thesis/logs/runs/cifar10/fedavg/vit_tiny/alpha0.03/seed42/checkpoints/training_state.pt                                                  
---------------------------- ROUND 21/50 START ----------------------------                                                                                 
Selected clients: [7, 3, 2, 5, 4, 6, 8, 0, 1, 9]                                                                                                            
  [Client 7] Starting local training...                                                                                                                     
  [Client 7] Finished training in 7.11s                                                                                                                     
  [Client 3] Starting local training...                                                                                                                     
  [Client 3] Finished training in 4.04s                                                                                                                     
  [Client 2] Starting local training...                                                                                                                     
  [Client 2] Finished training in 4.78s                                                                                                                     
  [Client 5] Starting local training...                                                                                                                     
  [Client 5] Finished training in 5.93s                                                                                                                     
  [Client 4] Starting local training...                                                                                                                     
  [Client 4] Finished training in 5.29s                                                                                                                     
  [Client 6] Starting local training...                                                                                                                     
  [Client 6] Finished training in 2.60s                                                                                                                     
  [Client 8] Starting local training...                                                                                                                     
  [Client 8] Finished training in 0.79s                                                                                                                     
  [Client 0] Starting local training...                                                                                                                     
  [Client 0] Finished training in 5.17s                                                                                                                     
  [Client 1] Starting local training...                                                                                                                     
  [Client 1] Finished training in 5.19s                                                                                                                     
  [Client 9] Starting local training...                                                                                                                     
  [Client 9] Finished training in 11.34s                                                                                                                    
  Starting weight aggregation...                                                                                                                            
  Aggregation completed in 0.10s                                                                                                                            
ROUND 21 FINISHED in 52.94s (Avg: 53.45s)                                                                                                                   
  [Resume] Saved training checkpoint after round 21 →                                                                                                       
/home/luis.mendezl/Thesis/logs/runs/cifar10/fedavg/vit_tiny/alpha0.03/seed42/checkpoints/training_state.pt                                                  
---------------------------- ROUND 22/50 START ----------------------------                                                                                 
Selected clients: [3, 1, 8, 5, 9, 2, 6, 7, 4, 0]                                                                                                            
  [Client 3] Starting local training...                                                                                                                     
  [Client 3] Finished training in 4.09s                                                                                                                     
  [Client 1] Starting local training...                                                                                                                     
  [Client 1] Finished training in 4.98s                                                                                                                     
  [Client 8] Starting local training...                                                                                                                     
  [Client 8] Finished training in 0.83s                                                                                                                     
  [Client 5] Starting local training...                                                                                                                     
  [Client 5] Finished training in 5.00s                                                                                                                     
  [Client 9] Starting local training...                                                                                                                     
  [Client 9] Finished training in 11.96s                                                                                                                    
  [Client 2] Starting local training...                                                                                                                     
  [Client 2] Finished training in 5.01s                                                                                                                     
  [Client 6] Starting local training...                                                                                                                     
  [Client 6] Finished training in 2.68s                                                                                                                     
  [Client 7] Starting local training...                                                                                                                     
  [Client 7] Finished training in 6.87s                                                                                                                     
  [Client 4] Starting local training...                                                                                                                     
  [Client 4] Finished training in 5.12s                                                                                                                     
  [Client 0] Starting local training...                                                                                                                     
  [Client 0] Finished training in 4.93s                                                                                                                     
  Starting weight aggregation...                                                                                                                            
  Aggregation completed in 0.05s                                                                                                                            
ROUND 22 FINISHED in 52.14s (Avg: 53.39s)                                                                                                                   
  [Resume] Saved training checkpoint after round 22 →                                                                                                       
/home/luis.mendezl/Thesis/logs/runs/cifar10/fedavg/vit_tiny/alpha0.03/seed42/checkpoints/training_state.pt                                                  
---------------------------- ROUND 23/50 START ----------------------------                                                                                 
Selected clients: [1, 0, 6, 5, 2, 8, 9, 4, 7, 3]                                                                                                            
  [Client 1] Starting local training...                                                                                                                     
  [Client 1] Finished training in 5.26s                                                                                                                     
  [Client 0] Starting local training...                                                                                                                     
  [Client 0] Finished training in 5.33s                                                                                                                     
  [Client 6] Starting local training...                                                                                                                     
  [Client 6] Finished training in 2.46s                                                                                                                     
  [Client 5] Starting local training...                                                                                                                     
  [Client 5] Finished training in 5.78s                                                                                                                     
  [Client 2] Starting local training...                                                                                                                     
  [Client 2] Finished training in 5.20s                                                                                                                     
  [Client 8] Starting local training...                                                                                                                     
  [Client 8] Finished training in 0.81s                                                                                                                     
  [Client 9] Starting local training...                                                                                                                     
  [Client 9] Finished training in 11.36s                                                                                                                    
  [Client 4] Starting local training...                                                                                                                     
  [Client 4] Finished training in 5.21s                                                                                                                     
  [Client 7] Starting local training...                                                                                                                     
  [Client 7] Finished training in 6.89s                                                                                                                     
  [Client 3] Starting local training...                                                                                                                     
  [Client 3] Finished training in 4.02s                                                                                                                     
  Starting weight aggregation...                                                                                                                            
  Aggregation completed in 0.06s                                                                                                                            
ROUND 23 FINISHED in 52.97s (Avg: 53.37s)                                                                                                                   
  [Resume] Saved training checkpoint after round 23 →                                                                                                       
/home/luis.mendezl/Thesis/logs/runs/cifar10/fedavg/vit_tiny/alpha0.03/seed42/checkpoints/training_state.pt                                                  
---------------------------- ROUND 24/50 START ----------------------------                                                                                 
Selected clients: [2, 6, 9, 7, 3, 1, 0, 4, 5, 8]                                                                                                            
  [Client 2] Starting local training...                                                                                                                     
  [Client 2] Finished training in 5.19s                                                                                                                     
  [Client 6] Starting local training...                                                                                                                     
  [Client 6] Finished training in 2.49s                                                                                                                     
  [Client 9] Starting local training...                                                                                                                     
  [Client 9] Finished training in 11.86s                                                                                                                    
  [Client 7] Starting local training...                                                                                                                     
  [Client 7] Finished training in 7.68s                                                                                                                     
  [Client 3] Starting local training...                                                                                                                     
  [Client 3] Finished training in 3.99s                                                                                                                     
  [Client 1] Starting local training...                                                                                                                     
  [Client 1] Finished training in 4.99s                                                                                                                     
  [Client 0] Starting local training...                                                                                                                     
  [Client 0] Finished training in 4.90s                                                                                                                     
  [Client 4] Starting local training...                                                                                                                     
  [Client 4] Finished training in 4.94s                                                                                                                     
  [Client 5] Starting local training...                                                                                                                     
  [Client 5] Finished training in 5.47s                                                                                                                     
  [Client 8] Starting local training...                                                                                                                     
  [Client 8] Finished training in 0.74s                                                                                                                     
  Starting weight aggregation...                                                                                                                            
  Aggregation completed in 0.05s                                                                                                                            
ROUND 24 FINISHED in 52.88s (Avg: 53.35s)                                                                                                                   
  [Resume] Saved training checkpoint after round 24 →                                                                                                       
/home/luis.mendezl/Thesis/logs/runs/cifar10/fedavg/vit_tiny/alpha0.03/seed42/checkpoints/training_state.pt                                                  
---------------------------- ROUND 25/50 START ----------------------------                                                                                 
Selected clients: [8, 0, 1, 6, 7, 5, 3, 4, 2, 9]                                                                                                            
  [Client 8] Starting local training...                                                                                                                     
  [Client 8] Finished training in 0.84s                                                                                                                     
  [Client 0] Starting local training...                                                                                                                     
  [Client 0] Finished training in 5.28s                                                                                                                     
  [Client 1] Starting local training...                                                                                                                     
  [Client 1] Finished training in 5.19s                                                                                                                     
  [Client 6] Starting local training...                                                                                                                     
  [Client 6] Finished training in 2.63s                                                                                                                     
  [Client 7] Starting local training...                                                                                                                     
  [Client 7] Finished training in 7.28s                                                                                                                     
  [Client 5] Starting local training...                                                                                                                     
  [Client 5] Finished training in 5.57s                                                                                                                     
  [Client 3] Starting local training...                                                                                                                     
  [Client 3] Finished training in 4.01s                                                                                                                     
  [Client 4] Starting local training...                                                                                                                     
  [Client 4] Finished training in 5.29s                                                                                                                     
  [Client 2] Starting local training...                                                                                                                     
  [Client 2] Finished training in 5.01s                                                                                                                     
  [Client 9] Starting local training...                                                                                                                     
  [Client 9] Finished training in 11.30s                                                                                                                    
  Starting weight aggregation...                                                                                                                            
  Aggregation completed in 0.05s                                                                                                                            
ROUND 25 FINISHED in 53.04s (Avg: 53.34s)                                                                                                                   
  [Resume] Saved training checkpoint after round 25 →                                                                                                       
/home/luis.mendezl/Thesis/logs/runs/cifar10/fedavg/vit_tiny/alpha0.03/seed42/checkpoints/training_state.pt                                                  
---------------------------- ROUND 26/50 START ----------------------------                                                                                 
Selected clients: [6, 0, 2, 3, 8, 9, 7, 1, 4, 5]                                                                                                            
  [Client 6] Starting local training...                                                                                                                     
  [Client 6] Finished training in 2.43s                                                                                                                     
  [Client 0] Starting local training...                                                                                                                     
  [Client 0] Finished training in 5.06s                                                                                                                     
  [Client 2] Starting local training...                                                                                                                     
  [Client 2] Finished training in 5.33s                                                                                                                     
  [Client 3] Starting local training...                                                                                                                     
  [Client 3] Finished training in 4.05s                                                                                                                     
  [Client 8] Starting local training...                                                                                                                     
  [Client 8] Finished training in 0.86s                                                                                                                     
  [Client 9] Starting local training...                                                                                                                     
  [Client 9] Finished training in 11.14s                                                                                                                    
  [Client 7] Starting local training...                                                                                                                     
  [Client 7] Finished training in 7.06s                                                                                                                     
  [Client 1] Starting local training...                                                                                                                     
  [Client 1] Finished training in 4.95s                                                                                                                     
  [Client 4] Starting local training...                                                                                                                     
  [Client 4] Finished training in 5.25s                                                                                                                     
  [Client 5] Starting local training...                                                                                                                     
  [Client 5] Finished training in 5.47s                                                                                                                     
  Starting weight aggregation...                                                                                                                            
  Aggregation completed in 0.05s                                                                                                                            
ROUND 26 FINISHED in 52.25s (Avg: 53.30s)                                                                                                                   
  [Resume] Saved training checkpoint after round 26 →                                                                                                       
/home/luis.mendezl/Thesis/logs/runs/cifar10/fedavg/vit_tiny/alpha0.03/seed42/checkpoints/training_state.pt                                                  
---------------------------- ROUND 27/50 START ----------------------------                                                                                 
Selected clients: [8, 7, 2, 1, 9, 6, 0, 5, 3, 4]                                                                                                            
  [Client 8] Starting local training...                                                                                                                     
  [Client 8] Finished training in 0.81s                                                                                                                     
  [Client 7] Starting local training...                                                                                                                     
  [Client 7] Finished training in 6.94s                                                                                                                     
  [Client 2] Starting local training...                                                                                                                     
  [Client 2] Finished training in 5.18s                                                                                                                     
  [Client 1] Starting local training...                                                                                                                     
  [Client 1] Finished training in 5.35s                                                                                                                     
  [Client 9] Starting local training...                                                                                                                     
  [Client 9] Finished training in 11.41s                                                                                                                    
  [Client 6] Starting local training...                                                                                                                     
  [Client 6] Finished training in 2.51s                                                                                                                     
  [Client 0] Starting local training...                                                                                                                     
  [Client 0] Finished training in 5.11s                                                                                                                     
  [Client 5] Starting local training...                                                                                                                     
  [Client 5] Finished training in 5.35s                                                                                                                     
  [Client 3] Starting local training...                                                                                                                     
  [Client 3] Finished training in 4.04s                                                                                                                     
  [Client 4] Starting local training...                                                                                                                     
  [Client 4] Finished training in 5.39s                                                                                                                     
  Starting weight aggregation...                                                                                                                            
  Aggregation completed in 0.08s                                                                                                                            
ROUND 27 FINISHED in 52.76s (Avg: 53.28s)                                                                                                                   
  [Resume] Saved training checkpoint after round 27 →                                                                                                       
/home/luis.mendezl/Thesis/logs/runs/cifar10/fedavg/vit_tiny/alpha0.03/seed42/checkpoints/training_state.pt                                                  
---------------------------- ROUND 28/50 START ----------------------------                                                                                 
Selected clients: [0, 9, 7, 4, 6, 1, 8, 2, 3, 5]                                                                                                            
  [Client 0] Starting local training...                                                                                                                     
  [Client 0] Finished training in 5.32s                                                                                                                     
  [Client 9] Starting local training...                                                                                                                     
  [Client 9] Finished training in 11.61s                                                                                                                    
  [Client 7] Starting local training...                                                                                                                     
  [Client 7] Finished training in 6.86s                                                                                                                     
  [Client 4] Starting local training...                                                                                                                     
  [Client 4] Finished training in 5.49s                                                                                                                     
  [Client 6] Starting local training...                                                                                                                     
  [Client 6] Finished training in 2.64s                                                                                                                     
  [Client 1] Starting local training...                                                                                                                     
  [Client 1] Finished training in 5.21s                                                                                                                     
  [Client 8] Starting local training...                                                                                                                     
  [Client 8] Finished training in 0.80s                                                                                                                     
  [Client 2] Starting local training...                                                                                                                     
  [Client 2] Finished training in 5.26s                                                                                                                     
  [Client 3] Starting local training...                                                                                                                     
  [Client 3] Finished training in 4.04s                                                                                                                     
  [Client 5] Starting local training...                                                                                                                     
  [Client 5] Finished training in 5.16s                                                                                                                     
  Starting weight aggregation...                                                                                                                            
  Aggregation completed in 0.11s                                                                                                                            
ROUND 28 FINISHED in 53.08s (Avg: 53.27s)                                                                                                                   
  [Resume] Saved training checkpoint after round 28 →                                                                                                       
/home/luis.mendezl/Thesis/logs/runs/cifar10/fedavg/vit_tiny/alpha0.03/seed42/checkpoints/training_state.pt                                                  
---------------------------- ROUND 29/50 START ----------------------------                                                                                 
Selected clients: [1, 9, 3, 7, 0, 4, 8, 2, 5, 6]                                                                                                            
  [Client 1] Starting local training...                                                                                                                     
  [Client 1] Finished training in 5.28s                                                                                                                     
  [Client 9] Starting local training...                                                                                                                     
  [Client 9] Finished training in 11.66s                                                                                                                    
  [Client 3] Starting local training...                                                                                                                     
  [Client 3] Finished training in 3.82s                                                                                                                     
  [Client 7] Starting local training...                                                                                                                     
  [Client 7] Finished training in 6.91s                                                                                                                     
  [Client 0] Starting local training...                                                                                                                     
  [Client 0] Finished training in 5.62s                                                                                                                     
  [Client 4] Starting local training...                                                                                                                     
  [Client 4] Finished training in 5.35s                                                                                                                     
  [Client 8] Starting local training...                                                                                                                     
  [Client 8] Finished training in 0.94s                                                                                                                     
  [Client 2] Starting local training...                                                                                                                     
  [Client 2] Finished training in 5.20s                                                                                                                     
  [Client 5] Starting local training...                                                                                                                     
  [Client 5] Finished training in 5.34s                                                                                                                     
  [Client 6] Starting local training...                                                                                                                     
  [Client 6] Finished training in 2.62s                                                                                                                     
  Starting weight aggregation...                                                                                                                            
  Aggregation completed in 0.10s                                                                                                                            
ROUND 29 FINISHED in 53.45s (Avg: 53.28s)                                                                                                                   
  [Resume] Saved training checkpoint after round 29 →                                                                                                       
/home/luis.mendezl/Thesis/logs/runs/cifar10/fedavg/vit_tiny/alpha0.03/seed42/checkpoints/training_state.pt                                                  
---------------------------- ROUND 30/50 START ----------------------------                                                                                 
Selected clients: [6, 8, 5, 2, 1, 9, 7, 3, 4, 0]                                                                                                            
  [Client 6] Starting local training...                                                                                                                     
  [Client 6] Finished training in 2.65s                                                                                                                     
client [6]  (testset)   loss: 1.9421 -> 0.0422  accuracy: 27.66% -> 100.00%                                                                                 
  [Client 8] Starting local training...                                                                                                                     
  [Client 8] Finished training in 0.79s                                                                                                                     
client [8]  (testset)   loss: 1.9068 -> 1.9068  accuracy: 0.00% -> 0.00%                                                                                    
  [Client 5] Starting local training...                                                                                                                     
  [Client 5] Finished training in 5.24s                                                                                                                     
client [5]  (testset)   loss: 2.2703 -> 0.0000  accuracy: 6.71% -> 100.00%                                                                                  
  [Client 2] Starting local training...                                                                                                                     
  [Client 2] Finished training in 5.29s                                                                                                                     
client [2]  (testset)   loss: 4.8867 -> 0.0001  accuracy: 0.00% -> 100.00%                                                                                  
  [Client 1] Starting local training...                                                                                                                     
  [Client 1] Finished training in 5.18s                                                                                                                     
client [1]  (testset)   loss: 1.8339 -> 0.2658  accuracy: 2.70% -> 92.57%                                                                                   
  [Client 9] Starting local training...                                                                                                                     
  [Client 9] Finished training in 11.42s                                                                                                                    
client [9]  (testset)   loss: 1.9506 -> 1.1305  accuracy: 31.97% -> 51.92%                                                                                  
  [Client 7] Starting local training...                                                                                                                     
  [Client 7] Finished training in 7.44s                                                                                                                     
client [7]  (testset)   loss: 1.5624 -> 0.6734  accuracy: 46.95% -> 77.93%                                                                                  
  [Client 3] Starting local training...                                                                                                                     
  [Client 3] Finished training in 4.43s                                                                                                                     
client [3]  (testset)   loss: 1.8958 -> 0.2436  accuracy: 26.67% -> 97.14%                                                                                  
  [Client 4] Starting local training...                                                                                                                     
  [Client 4] Finished training in 5.25s                                                                                                                     
client [4]  (testset)   loss: 2.5364 -> 0.0837  accuracy: 1.41% -> 99.30%                                                                                   
  [Client 0] Starting local training...                                                                                                                     
  [Client 0] Finished training in 5.14s                                                                                                                     
client [0]  (testset)   loss: 1.1001 -> 0.0001  accuracy: 76.39% -> 100.00%                                                                                 
  [CKA] Saved checkpoints for round 30 (10 clients) → /home/luis.mendezl/Thesis/logs/runs/cifar10/fedavg/vit_tiny/alpha0.03/seed42/checkpoints/round_0030   
  Starting weight aggregation...                                                                                                                            
  Aggregation completed in 0.05s                                                                                                                            
ROUND 30 FINISHED in 55.89s (Avg: 53.36s)                                                                                                                   
  [Resume] Saved training checkpoint after round 30 →                                                                                                       
/home/luis.mendezl/Thesis/logs/runs/cifar10/fedavg/vit_tiny/alpha0.03/seed42/checkpoints/training_state.pt                                                  
---------------------------- ROUND 31/50 START ----------------------------                                                                                 
Selected clients: [4, 7, 5, 6, 0, 8, 3, 2, 9, 1]                                                                                                            
  [Client 4] Starting local training...                                                                                                                     
  [Client 4] Finished training in 4.91s                                                                                                                     
  [Client 7] Starting local training...                                                                                                                     
  [Client 7] Finished training in 7.09s                                                                                                                     
  [Client 5] Starting local training...                                                                                                                     
  [Client 5] Finished training in 5.57s                                                                                                                     
  [Client 6] Starting local training...                                                                                                                     
  [Client 6] Finished training in 2.43s                                                                                                                     
  [Client 0] Starting local training...                                                                                                                     
  [Client 0] Finished training in 5.55s                                                                                                                     
  [Client 8] Starting local training...                                                                                                                     
  [Client 8] Finished training in 0.82s                                                                                                                     
  [Client 3] Starting local training...                                                                                                                     
  [Client 3] Finished training in 4.00s                                                                                                                     
  [Client 2] Starting local training...                                                                                                                     
  [Client 2] Finished training in 5.25s                                                                                                                     
  [Client 9] Starting local training...                                                                                                                     
  [Client 9] Finished training in 11.45s                                                                                                                    
  [Client 1] Starting local training...                                                                                                                     
  [Client 1] Finished training in 5.17s                                                                                                                     
  Starting weight aggregation...                                                                                                                            
  Aggregation completed in 0.10s                                                                                                                            
ROUND 31 FINISHED in 52.94s (Avg: 53.35s)                                                                                                                   
  [Resume] Saved training checkpoint after round 31 →                                                                                                       
/home/luis.mendezl/Thesis/logs/runs/cifar10/fedavg/vit_tiny/alpha0.03/seed42/checkpoints/training_state.pt                                                  
---------------------------- ROUND 32/50 START ----------------------------                                                                                 
Selected clients: [8, 3, 4, 1, 2, 0, 6, 9, 5, 7]                                                                                                            
  [Client 8] Starting local training...                                                                                                                     
  [Client 8] Finished training in 0.85s                                                                                                                     
  [Client 3] Starting local training...                                                                                                                     
  [Client 3] Finished training in 4.10s                                                                                                                     
  [Client 4] Starting local training...                                                                                                                     
  [Client 4] Finished training in 5.29s                                                                                                                     
  [Client 1] Starting local training...                                                                                                                     
  [Client 1] Finished training in 5.19s                                                                                                                     
  [Client 2] Starting local training...                                                                                                                     
  [Client 2] Finished training in 4.94s                                                                                                                     
  [Client 0] Starting local training...                                                                                                                     
  [Client 0] Finished training in 5.11s                                                                                                                     
  [Client 6] Starting local training...                                                                                                                     
  [Client 6] Finished training in 2.58s                                                                                                                     
  [Client 9] Starting local training...                                                                                                                     
  [Client 9] Finished training in 11.22s                                                                                                                    
  [Client 5] Starting local training...                                                                                                                     
  [Client 5] Finished training in 5.41s                                                                                                                     
  [Client 7] Starting local training...                                                                                                                     
  [Client 7] Finished training in 7.34s                                                                                                                     
  Starting weight aggregation...                                                                                                                            
  Aggregation completed in 0.08s                                                                                                                            
ROUND 32 FINISHED in 52.69s (Avg: 53.33s)                                                                                                                   
  [Resume] Saved training checkpoint after round 32 →                                                                                                       
/home/luis.mendezl/Thesis/logs/runs/cifar10/fedavg/vit_tiny/alpha0.03/seed42/checkpoints/training_state.pt                                                  
---------------------------- ROUND 33/50 START ----------------------------                                                                                 
Selected clients: [7, 8, 4, 9, 5, 6, 0, 2, 1, 3]                                                                                                            
  [Client 7] Starting local training...                                                                                                                     
  [Client 7] Finished training in 7.41s                                                                                                                     
  [Client 8] Starting local training...                                                                                                                     
  [Client 8] Finished training in 0.82s                                                                                                                     
  [Client 4] Starting local training...                                                                                                                     
  [Client 4] Finished training in 5.22s                                                                                                                     
  [Client 9] Starting local training...                                                                                                                     
  [Client 9] Finished training in 10.91s                                                                                                                    
  [Client 5] Starting local training...                                                                                                                     
  [Client 5] Finished training in 5.83s                                                                                                                     
  [Client 6] Starting local training...                                                                                                                     
  [Client 6] Finished training in 2.62s                                                                                                                     
  [Client 0] Starting local training...                                                                                                                     
  [Client 0] Finished training in 5.23s                                                                                                                     
  [Client 2] Starting local training...                                                                                                                     
  [Client 2] Finished training in 5.13s                                                                                                                     
  [Client 1] Starting local training...                                                                                                                     
  [Client 1] Finished training in 5.16s                                                                                                                     
  [Client 3] Starting local training...                                                                                                                     
  [Client 3] Finished training in 3.86s                                                                                                                     
  Starting weight aggregation...                                                                                                                            
  Aggregation completed in 0.05s                                                                                                                            
ROUND 33 FINISHED in 52.84s (Avg: 53.31s)                                                                                                                   
  [Resume] Saved training checkpoint after round 33 →                                                                                                       
/home/luis.mendezl/Thesis/logs/runs/cifar10/fedavg/vit_tiny/alpha0.03/seed42/checkpoints/training_state.pt                                                  
---------------------------- ROUND 34/50 START ----------------------------                                                                                 
Selected clients: [2, 4, 1, 0, 5, 8, 7, 3, 9, 6]                                                                                                            
  [Client 2] Starting local training...                                                                                                                     
  [Client 2] Finished training in 5.31s                                                                                                                     
  [Client 4] Starting local training...                                                                                                                     
  [Client 4] Finished training in 5.21s                                                                                                                     
  [Client 1] Starting local training...                                                                                                                     
  [Client 1] Finished training in 4.98s                                                                                                                     
  [Client 0] Starting local training...                                                                                                                     
  [Client 0] Finished training in 5.19s                                                                                                                     
  [Client 5] Starting local training...                                                                                                                     
  [Client 5] Finished training in 5.30s                                                                                                                     
  [Client 8] Starting local training...                                                                                                                     
  [Client 8] Finished training in 1.36s                                                                                                                     
  [Client 7] Starting local training...                                                                                                                     
  [Client 7] Finished training in 6.93s                                                                                                                     
  [Client 3] Starting local training...                                                                                                                     
  [Client 3] Finished training in 4.07s                                                                                                                     
  [Client 9] Starting local training...                                                                                                                     
  [Client 9] Finished training in 11.60s                                                                                                                    
  [Client 6] Starting local training...                                                                                                                     
  [Client 6] Finished training in 2.56s                                                                                                                     
  Starting weight aggregation...                                                                                                                            
  Aggregation completed in 0.09s                                                                                                                            
ROUND 34 FINISHED in 53.20s (Avg: 53.31s)                                                                                                                   
  [Resume] Saved training checkpoint after round 34 →                                                                                                       
/home/luis.mendezl/Thesis/logs/runs/cifar10/fedavg/vit_tiny/alpha0.03/seed42/checkpoints/training_state.pt                                                  
---------------------------- ROUND 35/50 START ----------------------------                                                                                 
Selected clients: [5, 3, 4, 7, 8, 2, 0, 9, 1, 6]                                                                                                            
  [Client 5] Starting local training...                                                                                                                     
  [Client 5] Finished training in 5.48s                                                                                                                     
  [Client 3] Starting local training...                                                                                                                     
  [Client 3] Finished training in 3.87s                                                                                                                     
  [Client 4] Starting local training...                                                                                                                     
  [Client 4] Finished training in 5.28s                                                                                                                     
  [Client 7] Starting local training...                                                                                                                     
  [Client 7] Finished training in 6.95s                                                                                                                     
  [Client 8] Starting local training...                                                                                                                     
  [Client 8] Finished training in 0.85s                                                                                                                     
  [Client 2] Starting local training...                                                                                                                     
  [Client 2] Finished training in 5.42s                                                                                                                     
  [Client 0] Starting local training...                                                                                                                     
  [Client 0] Finished training in 5.54s                                                                                                                     
  [Client 9] Starting local training...                                                                                                                     
  [Client 9] Finished training in 11.57s                                                                                                                    
  [Client 1] Starting local training...                                                                                                                     
  [Client 1] Finished training in 5.01s                                                                                                                     
  [Client 6] Starting local training...                                                                                                                     
  [Client 6] Finished training in 2.59s                                                                                                                     
  Starting weight aggregation...                                                                                                                            
  Aggregation completed in 0.05s                                                                                                                            
ROUND 35 FINISHED in 53.20s (Avg: 53.31s)                                                                                                                   
  [Resume] Saved training checkpoint after round 35 →                                                                                                       
/home/luis.mendezl/Thesis/logs/runs/cifar10/fedavg/vit_tiny/alpha0.03/seed42/checkpoints/training_state.pt                                                  
---------------------------- ROUND 36/50 START ----------------------------                                                                                 
Selected clients: [0, 9, 5, 6, 1, 2, 7, 4, 3, 8]                                                                                                            
  [Client 0] Starting local training...                                                                                                                     
  [Client 0] Finished training in 5.28s                                                                                                                     
  [Client 9] Starting local training...                                                                                                                     
  [Client 9] Finished training in 11.37s                                                                                                                    
  [Client 5] Starting local training...                                                                                                                     
  [Client 5] Finished training in 5.55s                                                                                                                     
  [Client 6] Starting local training...                                                                                                                     
  [Client 6] Finished training in 2.67s                                                                                                                     
  [Client 1] Starting local training...                                                                                                                     
  [Client 1] Finished training in 5.17s                                                                                                                     
  [Client 2] Starting local training...                                                                                                                     
  [Client 2] Finished training in 5.52s                                                                                                                     
  [Client 7] Starting local training...                                                                                                                     
  [Client 7] Finished training in 6.92s                                                                                                                     
  [Client 4] Starting local training...                                                                                                                     
  [Client 4] Finished training in 5.38s                                                                                                                     
  [Client 3] Starting local training...                                                                                                                     
  [Client 3] Finished training in 4.15s                                                                                                                     
  [Client 8] Starting local training...                                                                                                                     
  [Client 8] Finished training in 0.81s                                                                                                                     
  Starting weight aggregation...                                                                                                                            
  Aggregation completed in 0.05s                                                                                                                            
ROUND 36 FINISHED in 53.45s (Avg: 53.31s)                                                                                                                   
  [Resume] Saved training checkpoint after round 36 →                                                                                                       
/home/luis.mendezl/Thesis/logs/runs/cifar10/fedavg/vit_tiny/alpha0.03/seed42/checkpoints/training_state.pt                                                  
---------------------------- ROUND 37/50 START ----------------------------                                                                                 
Selected clients: [8, 0, 1, 9, 5, 7, 6, 4, 3, 2]                                                                                                            
  [Client 8] Starting local training...                                                                                                                     
  [Client 8] Finished training in 0.80s                                                                                                                     
  [Client 0] Starting local training...                                                                                                                     
  [Client 0] Finished training in 5.03s                                                                                                                     
  [Client 1] Starting local training...                                                                                                                     
  [Client 1] Finished training in 5.22s                                                                                                                     
  [Client 9] Starting local training...                                                                                                                     
  [Client 9] Finished training in 11.81s                                                                                                                    
  [Client 5] Starting local training...                                                                                                                     
  [Client 5] Finished training in 5.14s                                                                                                                     
  [Client 7] Starting local training...                                                                                                                     
  [Client 7] Finished training in 7.18s                                                                                                                     
  [Client 6] Starting local training...                                                                                                                     
  [Client 6] Finished training in 2.67s                                                                                                                     
  [Client 4] Starting local training...                                                                                                                     
  [Client 4] Finished training in 5.01s                                                                                                                     
  [Client 3] Starting local training...                                                                                                                     
  [Client 3] Finished training in 4.05s                                                                                                                     
  [Client 2] Starting local training...                                                                                                                     
  [Client 2] Finished training in 5.06s                                                                                                                     
  Starting weight aggregation...                                                                                                                            
  Aggregation completed in 0.05s                                                                                                                            
ROUND 37 FINISHED in 52.60s (Avg: 53.29s)                                                                                                                   
  [Resume] Saved training checkpoint after round 37 →                                                                                                       
/home/luis.mendezl/Thesis/logs/runs/cifar10/fedavg/vit_tiny/alpha0.03/seed42/checkpoints/training_state.pt                                                  
---------------------------- ROUND 38/50 START ----------------------------                                                                                 
Selected clients: [2, 0, 4, 9, 8, 6, 1, 7, 5, 3]                                                                                                            
  [Client 2] Starting local training...                                                                                                                     
  [Client 2] Finished training in 5.31s                                                                                                                     
  [Client 0] Starting local training...                                                                                                                     
  [Client 0] Finished training in 5.19s                                                                                                                     
  [Client 4] Starting local training...                                                                                                                     
  [Client 4] Finished training in 5.38s                                                                                                                     
  [Client 9] Starting local training...                                                                                                                     
  [Client 9] Finished training in 11.22s                                                                                                                    
  [Client 8] Starting local training...                                                                                                                     
  [Client 8] Finished training in 0.86s                                                                                                                     
  [Client 6] Starting local training...                                                                                                                     
  [Client 6] Finished training in 2.31s                                                                                                                     
  [Client 1] Starting local training...                                                                                                                     
  [Client 1] Finished training in 5.61s                                                                                                                     
  [Client 7] Starting local training...                                                                                                                     
  [Client 7] Finished training in 6.87s                                                                                                                     
  [Client 5] Starting local training...                                                                                                                     
  [Client 5] Finished training in 5.43s                                                                                                                     
  [Client 3] Starting local training...                                                                                                                     
  [Client 3] Finished training in 4.20s                                                                                                                     
  Starting weight aggregation...                                                                                                                            
  Aggregation completed in 0.05s                                                                                                                            
ROUND 38 FINISHED in 53.01s (Avg: 53.29s)                                                                                                                   
  [Resume] Saved training checkpoint after round 38 →                                                                                                       
/home/luis.mendezl/Thesis/logs/runs/cifar10/fedavg/vit_tiny/alpha0.03/seed42/checkpoints/training_state.pt                                                  
---------------------------- ROUND 39/50 START ----------------------------                                                                                 
Selected clients: [5, 8, 6, 4, 9, 1, 7, 0, 2, 3]                                                                                                            
  [Client 5] Starting local training...                                                                                                                     
  [Client 5] Finished training in 5.39s                                                                                                                     
  [Client 8] Starting local training...                                                                                                                     
  [Client 8] Finished training in 0.79s                                                                                                                     
  [Client 6] Starting local training...                                                                                                                     
  [Client 6] Finished training in 2.59s                                                                                                                     
  [Client 4] Starting local training...                                                                                                                     
  [Client 4] Finished training in 5.42s                                                                                                                     
  [Client 9] Starting local training...                                                                                                                     
  [Client 9] Finished training in 11.44s                                                                                                                    
  [Client 1] Starting local training...                                                                                                                     
  [Client 1] Finished training in 4.89s                                                                                                                     
  [Client 7] Starting local training...                                                                                                                     
  [Client 7] Finished training in 7.24s                                                                                                                     
  [Client 0] Starting local training...                                                                                                                     
  [Client 0] Finished training in 5.09s                                                                                                                     
  [Client 2] Starting local training...                                                                                                                     
  [Client 2] Finished training in 5.10s                                                                                                                     
  [Client 3] Starting local training...                                                                                                                     
  [Client 3] Finished training in 4.22s                                                                                                                     
  Starting weight aggregation...                                                                                                                            
  Aggregation completed in 0.05s                                                                                                                            
ROUND 39 FINISHED in 52.80s (Avg: 53.27s)                                                                                                                   
  [Resume] Saved training checkpoint after round 39 →                                                                                                       
/home/luis.mendezl/Thesis/logs/runs/cifar10/fedavg/vit_tiny/alpha0.03/seed42/checkpoints/training_state.pt                                                  
---------------------------- ROUND 40/50 START ----------------------------                                                                                 
Selected clients: [0, 2, 5, 6, 3, 1, 8, 9, 7, 4]                                                                                                            
  [Client 0] Starting local training...                                                                                                                     
  [Client 0] Finished training in 5.27s                                                                                                                     
client [0]  (testset)   loss: 1.0102 -> 0.0000  accuracy: 77.78% -> 100.00%                                                                                 
  [Client 2] Starting local training...                                                                                                                     
  [Client 2] Finished training in 5.07s                                                                                                                     
client [2]  (testset)   loss: 2.1935 -> 0.0000  accuracy: 15.65% -> 100.00%                                                                                 
  [Client 5] Starting local training...                                                                                                                     
  [Client 5] Finished training in 5.44s                                                                                                                     
client [5]  (testset)   loss: 3.1682 -> 0.0000  accuracy: 0.00% -> 100.00%                                                                                  
  [Client 6] Starting local training...                                                                                                                     
  [Client 6] Finished training in 2.73s                                                                                                                     
client [6]  (testset)   loss: 2.9908 -> 0.0207  accuracy: 2.13% -> 100.00%                                                                                  
  [Client 3] Starting local training...                                                                                                                     
  [Client 3] Finished training in 4.08s                                                                                                                     
client [3]  (testset)   loss: 2.9860 -> 0.2082  accuracy: 1.90% -> 97.14%                                                                                   
  [Client 1] Starting local training...                                                                                                                     
  [Client 1] Finished training in 5.23s                                                                                                                     
client [1]  (testset)   loss: 2.0287 -> 0.2250  accuracy: 0.00% -> 90.54%                                                                                   
  [Client 8] Starting local training...                                                                                                                     
  [Client 8] Finished training in 0.83s                                                                                                                     
client [8]  (testset)   loss: 1.9827 -> 1.9827  accuracy: 11.11% -> 11.11%                                                                                  
  [Client 9] Starting local training...                                                                                                                     
  [Client 9] Finished training in 11.56s                                                                                                                    
client [9]  (testset)   loss: 1.7796 -> 1.0303  accuracy: 38.11% -> 58.82%                                                                                  
  [Client 7] Starting local training...                                                                                                                     
  [Client 7] Finished training in 6.74s                                                                                                                     
client [7]  (testset)   loss: 1.7991 -> 0.6496  accuracy: 32.39% -> 77.93%                                                                                  
  [Client 4] Starting local training...                                                                                                                     
  [Client 4] Finished training in 5.27s                                                                                                                     
client [4]  (testset)   loss: 2.2146 -> 0.0828  accuracy: 0.70% -> 99.30%                                                                                   
  [CKA] Saved checkpoints for round 40 (10 clients) → /home/luis.mendezl/Thesis/logs/runs/cifar10/fedavg/vit_tiny/alpha0.03/seed42/checkpoints/round_0040   
  Starting weight aggregation...                                                                                                                            
  Aggregation completed in 0.05s                                                                                                                            
ROUND 40 FINISHED in 55.32s (Avg: 53.32s)                                                                                                                   
  [Resume] Saved training checkpoint after round 40 →                                                                                                       
/home/luis.mendezl/Thesis/logs/runs/cifar10/fedavg/vit_tiny/alpha0.03/seed42/checkpoints/training_state.pt                                                  
---------------------------- ROUND 41/50 START ----------------------------                                                                                 
Selected clients: [0, 7, 3, 1, 8, 2, 4, 9, 5, 6]                                                                                                            
  [Client 0] Starting local training...                                                                                                                     
  [Client 0] Finished training in 5.38s                                                                                                                     
  [Client 7] Starting local training...                                                                                                                     
  [Client 7] Finished training in 7.40s                                                                                                                     
  [Client 3] Starting local training...                                                                                                                     
  [Client 3] Finished training in 4.09s                                                                                                                     
  [Client 1] Starting local training...                                                                                                                     
  [Client 1] Finished training in 5.20s                                                                                                                     
  [Client 8] Starting local training...                                                                                                                     
  [Client 8] Finished training in 0.82s                                                                                                                     
  [Client 2] Starting local training...                                                                                                                     
  [Client 2] Finished training in 4.86s                                                                                                                     
  [Client 4] Starting local training...                                                                                                                     
  [Client 4] Finished training in 5.16s                                                                                                                     
  [Client 9] Starting local training...                                                                                                                     
  [Client 9] Finished training in 11.54s                                                                                                                    
  [Client 5] Starting local training...                                                                                                                     
  [Client 5] Finished training in 5.53s                                                                                                                     
  [Client 6] Starting local training...                                                                                                                     
  [Client 6] Finished training in 2.66s                                                                                                                     
  Starting weight aggregation...                                                                                                                            
  Aggregation completed in 0.05s                                                                                                                            
ROUND 41 FINISHED in 53.28s (Avg: 53.32s)                                                                                                                   
  [Resume] Saved training checkpoint after round 41 →                                                                                                       
/home/luis.mendezl/Thesis/logs/runs/cifar10/fedavg/vit_tiny/alpha0.03/seed42/checkpoints/training_state.pt                                                  
---------------------------- ROUND 42/50 START ----------------------------                                                                                 
Selected clients: [3, 6, 5, 2, 0, 8, 4, 9, 1, 7]                                                                                                            
  [Client 3] Starting local training...                                                                                                                     
  [Client 3] Finished training in 4.10s                                                                                                                     
  [Client 6] Starting local training...                                                                                                                     
  [Client 6] Finished training in 2.65s                                                                                                                     
  [Client 5] Starting local training...                                                                                                                     
  [Client 5] Finished training in 5.42s                                                                                                                     
  [Client 2] Starting local training...                                                                                                                     
  [Client 2] Finished training in 4.83s                                                                                                                     
  [Client 0] Starting local training...                                                                                                                     
  [Client 0] Finished training in 5.11s                                                                                                                     
  [Client 8] Starting local training...                                                                                                                     
  [Client 8] Finished training in 0.81s                                                                                                                     
  [Client 4] Starting local training...                                                                                                                     
  [Client 4] Finished training in 5.07s                                                                                                                     
  [Client 9] Starting local training...                                                                                                                     
  [Client 9] Finished training in 11.72s                                                                                                                    
  [Client 1] Starting local training...                                                                                                                     
  [Client 1] Finished training in 5.12s                                                                                                                     
  [Client 7] Starting local training...                                                                                                                     
  [Client 7] Finished training in 7.53s                                                                                                                     
  Starting weight aggregation...                                                                                                                            
  Aggregation completed in 0.05s                                                                                                                            
ROUND 42 FINISHED in 53.00s (Avg: 53.32s)                                                                                                                   
  [Resume] Saved training checkpoint after round 42 →                                                                                                       
/home/luis.mendezl/Thesis/logs/runs/cifar10/fedavg/vit_tiny/alpha0.03/seed42/checkpoints/training_state.pt                                                  
---------------------------- ROUND 43/50 START ----------------------------                                                                                 
Selected clients: [0, 1, 4, 8, 7, 2, 9, 3, 6, 5]                                                                                                            
  [Client 0] Starting local training...                                                                                                                     
  [Client 0] Finished training in 5.30s                                                                                                                     
  [Client 1] Starting local training...                                                                                                                     
  [Client 1] Finished training in 5.23s                                                                                                                     
  [Client 4] Starting local training...                                                                                                                     
  [Client 4] Finished training in 5.13s                                                                                                                     
  [Client 8] Starting local training...                                                                                                                     
  [Client 8] Finished training in 0.88s                                                                                                                     
  [Client 7] Starting local training...                                                                                                                     
  [Client 7] Finished training in 6.71s                                                                                                                     
  [Client 2] Starting local training...                                                                                                                     
  [Client 2] Finished training in 5.01s                                                                                                                     
  [Client 9] Starting local training...                                                                                                                     
  [Client 9] Finished training in 11.25s                                                                                                                    
  [Client 3] Starting local training...                                                                                                                     
  [Client 3] Finished training in 4.12s                                                                                                                     
  [Client 6] Starting local training...                                                                                                                     
  [Client 6] Finished training in 2.62s                                                                                                                     
  [Client 5] Starting local training...                                                                                                                     
  [Client 5] Finished training in 5.20s                                                                                                                     
  Starting weight aggregation...                                                                                                                            
  Aggregation completed in 0.05s                                                                                                                            
ROUND 43 FINISHED in 52.09s (Avg: 53.29s)                                                                                                                   
  [Resume] Saved training checkpoint after round 43 →                                                                                                       
/home/luis.mendezl/Thesis/logs/runs/cifar10/fedavg/vit_tiny/alpha0.03/seed42/checkpoints/training_state.pt                                                  
---------------------------- ROUND 44/50 START ----------------------------                                                                                 
Selected clients: [5, 6, 1, 3, 4, 7, 2, 0, 9, 8]                                                                                                            
  [Client 5] Starting local training...                                                                                                                     
  [Client 5] Finished training in 5.51s                                                                                                                     
  [Client 6] Starting local training...                                                                                                                     
  [Client 6] Finished training in 2.55s                                                                                                                     
  [Client 1] Starting local training...                                                                                                                     
  [Client 1] Finished training in 5.07s                                                                                                                     
  [Client 3] Starting local training...                                                                                                                     
  [Client 3] Finished training in 4.15s                                                                                                                     
  [Client 4] Starting local training...                                                                                                                     
  [Client 4] Finished training in 5.13s                                                                                                                     
  [Client 7] Starting local training...                                                                                                                     
  [Client 7] Finished training in 7.01s                                                                                                                     
  [Client 2] Starting local training...                                                                                                                     
  [Client 2] Finished training in 5.18s                                                                                                                     
  [Client 0] Starting local training...                                                                                                                     
  [Client 0] Finished training in 5.90s                                                                                                                     
  [Client 9] Starting local training...                                                                                                                     
  [Client 9] Finished training in 11.51s                                                                                                                    
  [Client 8] Starting local training...                                                                                                                     
  [Client 8] Finished training in 0.88s                                                                                                                     
  Starting weight aggregation...                                                                                                                            
  Aggregation completed in 0.11s                                                                                                                            
ROUND 44 FINISHED in 53.59s (Avg: 53.29s)                                                                                                                   
  [Resume] Saved training checkpoint after round 44 →                                                                                                       
/home/luis.mendezl/Thesis/logs/runs/cifar10/fedavg/vit_tiny/alpha0.03/seed42/checkpoints/training_state.pt                                                  
---------------------------- ROUND 45/50 START ----------------------------                                                                                 
Selected clients: [8, 9, 3, 2, 7, 0, 6, 5, 1, 4]                                                                                                            
  [Client 8] Starting local training...                                                                                                                     
  [Client 8] Finished training in 0.84s                                                                                                                     
  [Client 9] Starting local training...                                                                                                                     
  [Client 9] Finished training in 11.88s                                                                                                                    
  [Client 3] Starting local training...                                                                                                                     
  [Client 3] Finished training in 4.00s                                                                                                                     
  [Client 2] Starting local training...                                                                                                                     
  [Client 2] Finished training in 5.32s                                                                                                                     
  [Client 7] Starting local training...                                                                                                                     
  [Client 7] Finished training in 6.89s                                                                                                                     
  [Client 0] Starting local training...                                                                                                                     
  [Client 0] Finished training in 4.86s                                                                                                                     
  [Client 6] Starting local training...                                                                                                                     
  [Client 6] Finished training in 3.29s                                                                                                                     
  [Client 5] Starting local training...                                                                                                                     
  [Client 5] Finished training in 5.66s                                                                                                                     
  [Client 1] Starting local training...                                                                                                                     
  [Client 1] Finished training in 5.27s                                                                                                                     
  [Client 4] Starting local training...                                                                                                                     
  [Client 4] Finished training in 5.05s                                                                                                                     
  Starting weight aggregation...                                                                                                                            
  Aggregation completed in 0.09s                                                                                                                            
ROUND 45 FINISHED in 53.73s (Avg: 53.30s)                                                                                                                   
  [Resume] Saved training checkpoint after round 45 →                                                                                                       
/home/luis.mendezl/Thesis/logs/runs/cifar10/fedavg/vit_tiny/alpha0.03/seed42/checkpoints/training_state.pt                                                  
---------------------------- ROUND 46/50 START ----------------------------                                                                                 
Selected clients: [4, 8, 9, 5, 3, 2, 6, 7, 1, 0]                                                                                                            
  [Client 4] Starting local training...                                                                                                                     
  [Client 4] Finished training in 5.22s                                                                                                                     
  [Client 8] Starting local training...                                                                                                                     
  [Client 8] Finished training in 0.88s                                                                                                                     
  [Client 9] Starting local training...                                                                                                                     
  [Client 9] Finished training in 11.63s                                                                                                                    
  [Client 5] Starting local training...                                                                                                                     
  [Client 5] Finished training in 5.57s                                                                                                                     
  [Client 3] Starting local training...                                                                                                                     
  [Client 3] Finished training in 3.93s                                                                                                                     
  [Client 2] Starting local training...                                                                                                                     
  [Client 2] Finished training in 4.88s                                                                                                                     
  [Client 6] Starting local training...                                                                                                                     
  [Client 6] Finished training in 2.41s                                                                                                                     
  [Client 7] Starting local training...                                                                                                                     
  [Client 7] Finished training in 7.18s                                                                                                                     
  [Client 1] Starting local training...                                                                                                                     
  [Client 1] Finished training in 5.19s                                                                                                                     
  [Client 0] Starting local training...                                                                                                                     
  [Client 0] Finished training in 5.01s                                                                                                                     
  Starting weight aggregation...                                                                                                                            
  Aggregation completed in 0.05s                                                                                                                            
ROUND 46 FINISHED in 52.53s (Avg: 53.29s)                                                                                                                   
  [Resume] Saved training checkpoint after round 46 →                                                                                                       
/home/luis.mendezl/Thesis/logs/runs/cifar10/fedavg/vit_tiny/alpha0.03/seed42/checkpoints/training_state.pt                                                  
---------------------------- ROUND 47/50 START ----------------------------                                                                                 
Selected clients: [3, 6, 8, 5, 7, 1, 2, 4, 0, 9]                                                                                                            
  [Client 3] Starting local training...                                                                                                                     
  [Client 3] Finished training in 4.30s                                                                                                                     
  [Client 6] Starting local training...                                                                                                                     
  [Client 6] Finished training in 2.59s                                                                                                                     
  [Client 8] Starting local training...                                                                                                                     
  [Client 8] Finished training in 0.86s                                                                                                                     
  [Client 5] Starting local training...                                                                                                                     
  [Client 5] Finished training in 5.26s                                                                                                                     
  [Client 7] Starting local training...                                                                                                                     
  [Client 7] Finished training in 7.41s                                                                                                                     
  [Client 1] Starting local training...                                                                                                                     
  [Client 1] Finished training in 5.22s                                                                                                                     
  [Client 2] Starting local training...                                                                                                                     
  [Client 2] Finished training in 5.15s                                                                                                                     
  [Client 4] Starting local training...                                                                                                                     
  [Client 4] Finished training in 4.88s                                                                                                                     
  [Client 0] Starting local training...                                                                                                                     
  [Client 0] Finished training in 5.36s                                                                                                                     
  [Client 9] Starting local training...                                                                                                                     
  [Client 9] Finished training in 11.24s                                                                                                                    
  Starting weight aggregation...                                                                                                                            
  Aggregation completed in 0.11s                                                                                                                            
ROUND 47 FINISHED in 52.98s (Avg: 53.28s)                                                                                                                   
  [Resume] Saved training checkpoint after round 47 →                                                                                                       
/home/luis.mendezl/Thesis/logs/runs/cifar10/fedavg/vit_tiny/alpha0.03/seed42/checkpoints/training_state.pt                                                  
---------------------------- ROUND 48/50 START ----------------------------                                                                                 
Selected clients: [4, 3, 6, 7, 9, 5, 2, 1, 8, 0]                                                                                                            
  [Client 4] Starting local training...                                                                                                                     
  [Client 4] Finished training in 5.09s                                                                                                                     
  [Client 3] Starting local training...                                                                                                                     
  [Client 3] Finished training in 3.95s                                                                                                                     
  [Client 6] Starting local training...                                                                                                                     
  [Client 6] Finished training in 2.44s                                                                                                                     
  [Client 7] Starting local training...                                                                                                                     
  [Client 7] Finished training in 6.93s                                                                                                                     
  [Client 9] Starting local training...                                                                                                                     
  [Client 9] Finished training in 11.84s                                                                                                                    
  [Client 5] Starting local training...                                                                                                                     
  [Client 5] Finished training in 4.94s                                                                                                                     
  [Client 2] Starting local training...                                                                                                                     
  [Client 2] Finished training in 4.99s                                                                                                                     
  [Client 1] Starting local training...                                                                                                                     
  [Client 1] Finished training in 5.87s                                                                                                                     
  [Client 8] Starting local training...                                                                                                                     
  [Client 8] Finished training in 0.71s                                                                                                                     
  [Client 0] Starting local training...                                                                                                                     
  [Client 0] Finished training in 5.11s                                                                                                                     
  Starting weight aggregation...                                                                                                                            
  Aggregation completed in 0.06s                                                                                                                            
ROUND 48 FINISHED in 52.54s (Avg: 53.26s)                                                                                                                   
  [Resume] Saved training checkpoint after round 48 →                                                                                                       
/home/luis.mendezl/Thesis/logs/runs/cifar10/fedavg/vit_tiny/alpha0.03/seed42/checkpoints/training_state.pt                                                  
---------------------------- ROUND 49/50 START ----------------------------                                                                                 
Selected clients: [3, 8, 7, 6, 5, 1, 0, 4, 2, 9]                                                                                                            
  [Client 3] Starting local training...                                                                                                                     
  [Client 3] Finished training in 3.99s                                                                                                                     
  [Client 8] Starting local training...                                                                                                                     
  [Client 8] Finished training in 0.84s                                                                                                                     
  [Client 7] Starting local training...                                                                                                                     
  [Client 7] Finished training in 7.22s                                                                                                                     
  [Client 6] Starting local training...                                                                                                                     
  [Client 6] Finished training in 2.92s                                                                                                                     
  [Client 5] Starting local training...                                                                                                                     
  [Client 5] Finished training in 5.94s                                                                                                                     
  [Client 1] Starting local training...                                                                                                                     
  [Client 1] Finished training in 5.40s                                                                                                                     
  [Client 0] Starting local training...                                                                                                                     
  [Client 0] Finished training in 5.36s                                                                                                                     
  [Client 4] Starting local training...                                                                                                                     
  [Client 4] Finished training in 5.20s                                                                                                                     
  [Client 2] Starting local training...                                                                                                                     
  [Client 2] Finished training in 5.00s                                                                                                                     
  [Client 9] Starting local training...                                                                                                                     
  [Client 9] Finished training in 11.85s                                                                                                                    
  Starting weight aggregation...                                                                                                                            
  Aggregation completed in 0.06s                                                                                                                            
ROUND 49 FINISHED in 55.33s (Avg: 53.31s)                                                                                                                   
  [Resume] Saved training checkpoint after round 49 →                                                                                                       
/home/luis.mendezl/Thesis/logs/runs/cifar10/fedavg/vit_tiny/alpha0.03/seed42/checkpoints/training_state.pt                                                  
---------------------------- ROUND 50/50 START ----------------------------                                                                                 
Selected clients: [3, 4, 9, 6, 1, 5, 0, 7, 2, 8]                                                                                                            
  [Client 3] Starting local training...                                                                                                                     
  [Client 3] Finished training in 4.11s                                                                                                                     
client [3]  (testset)   loss: 1.5577 -> 0.2040  accuracy: 39.05% -> 97.14%                                                                                  
  [Client 4] Starting local training...                                                                                                                     
  [Client 4] Finished training in 5.05s                                                                                                                     
client [4]  (testset)   loss: 2.0324 -> 0.0773  accuracy: 28.17% -> 99.30%                                                                                  
  [Client 9] Starting local training...                                                                                                                     
  [Client 9] Finished training in 11.87s                                                                                                                    
client [9]  (testset)   loss: 2.2445 -> 0.9063  accuracy: 14.83% -> 61.89%                                                                                  
  [Client 6] Starting local training...                                                                                                                     
  [Client 6] Finished training in 2.65s                                                                                                                     
client [6]  (testset)   loss: 1.6698 -> 0.0606  accuracy: 25.53% -> 100.00%                                                                                 
  [Client 1] Starting local training...                                                                                                                     
  [Client 1] Finished training in 5.49s                                                                                                                     
client [1]  (testset)   loss: 1.5496 -> 0.2532  accuracy: 33.78% -> 90.54%                                                                                  
  [Client 5] Starting local training...                                                                                                                     
  [Client 5] Finished training in 5.46s                                                                                                                     
client [5]  (testset)   loss: 2.1290 -> 0.0000  accuracy: 38.93% -> 100.00%                                                                                 
  [Client 0] Starting local training...                                                                                                                     
  [Client 0] Finished training in 4.93s                                                                                                                     
client [0]  (testset)   loss: 1.4206 -> 0.0001  accuracy: 52.78% -> 100.00%                                                                                 
  [Client 7] Starting local training...                                                                                                                     
  [Client 7] Finished training in 7.05s                                                                                                                     
client [7]  (testset)   loss: 2.4449 -> 0.6943  accuracy: 18.78% -> 77.00%                                                                                  
  [Client 2] Starting local training...                                                                                                                     
  [Client 2] Finished training in 5.16s                                                                                                                     
client [2]  (testset)   loss: 1.4856 -> 0.0000  accuracy: 48.98% -> 100.00%                                                                                 
  [Client 8] Starting local training...                                                                                                                     
  [Client 8] Finished training in 0.89s                                                                                                                     
client [8]  (testset)   loss: 1.1648 -> 1.1648  accuracy: 33.33% -> 33.33%                                                                                  
  [CKA] Saved checkpoints for round 50 (10 clients) → /home/luis.mendezl/Thesis/logs/runs/cifar10/fedavg/vit_tiny/alpha0.03/seed42/checkpoints/round_0050   
  Starting weight aggregation...                                                                                                                            
  Aggregation completed in 0.06s                                                                                                                            
ROUND 50 FINISHED in 55.75s (Avg: 53.36s)                                                                                                                   
  [Resume] Saved training checkpoint after round 50 →                                                                                                       
/home/luis.mendezl/Thesis/logs/runs/cifar10/fedavg/vit_tiny/alpha0.03/seed42/checkpoints/training_state.pt                                                  
CKADriftFedAvg's average time taken by each global epoch: 0 min 53.36 sec.                                                                                  
CKADriftFedAvg's total running time: 0 h 50 m 14 s.                                                                                                         
==================== CKADriftFedAvg Experiment Results: ====================                                                                                
Display format: (before local fine-tuning) -> (after local fine-tuning)                                                                                     
 So if finetune_epoch = 0, x.xx% -> 0.00% is normal.                                                                                                        
 Centralized testing ONLY happens after model aggregation, so the stats between '->' are the same.                                                          
{                                                                                                                                                           
    "1": {                                                                                                                                                  
        "centralized": {                                                                                                                                    
            "test": {                                                                                                                                       
                "loss": "2.5683 -> 2.5683",                                                                                                                 
                "accuracy": "17.86% -> 17.86%"                                                                                                              
            }                                                                                                                                               
        },                                                                                                                                                  
        "all_clients": {                                                                                                                                    
            "test": {                                                                                                                                       
                "loss": "2.5683 -> 0.0000",                                                                                                                 
                "accuracy": "17.86% -> 0.00%"                                                                                                               
            }                                                                                                                                               
        }                                                                                                                                                   
    },                                                                                                                                                      
    "2": {                                                                                                                                                  
        "centralized": {                                                                                                                                    
            "test": {                                                                                                                                       
                "loss": "2.9568 -> 2.9568",                                                                                                                 
                "accuracy": "18.39% -> 18.39%"                                                                                                              
            }                                                                                                                                               
        },                                                                                                                                                  
        "all_clients": {                                                                                                                                    
            "test": {                                                                                                                                       
                "loss": "2.9568 -> 0.0000",                                                                                                                 
                "accuracy": "18.39% -> 0.00%"                                                                                                               
            }                                                                                                                                               
        }                                                                                                                                                   
    },                                                                                                                                                      
    "3": {                                                                                                                                                  
        "centralized": {                                                                                                                                    
            "test": {                                                                                                                                       
                "loss": "2.9359 -> 2.9359",                                                                                                                 
                "accuracy": "16.79% -> 16.79%"                                                                                                              
            }                                                                                                                                               
        },                                                                                                                                                  
        "all_clients": {                                                                                                                                    
            "test": {                                                                                                                                       
                "loss": "2.9359 -> 0.0000",                                                                                                                 
                "accuracy": "16.79% -> 0.00%"                                                                                                               
            }                                                                                                                                               
        }                                                                                                                                                   
    },                                                                                                                                                      
    "4": {                                                                                                                                                  
        "centralized": {                                                                                                                                    
            "test": {                                                                                                                                       
                "loss": "3.4520 -> 3.4520",                                                                                                                 
                "accuracy": "12.51% -> 12.51%"                                                                                                              
            }                                                                                                                                               
        },                                                                                                                                                  
        "all_clients": {                                                                                                                                    
            "test": {                                                                                                                                       
                "loss": "3.4520 -> 0.0000",                                                                                                                 
                "accuracy": "12.51% -> 0.00%"                                                                                                               
            }                                                                                                                                               
        }                                                                                                                                                   
    },                                                                                                                                                      
    "5": {                                                                                                                                                  
        "centralized": {                                                                                                                                    
            "test": {                                                                                                                                       
                "loss": "2.7348 -> 2.7348",                                                                                                                 
                "accuracy": "16.52% -> 16.52%"                                                                                                              
            }                                                                                                                                               
        },                                                                                                                                                  
        "all_clients": {                                                                                                                                    
            "test": {                                                                                                                                       
                "loss": "2.7348 -> 0.0000",                                                                                                                 
                "accuracy": "16.52% -> 0.00%"                                                                                                               
            }                                                                                                                                               
        }                                                                                                                                                   
    },                                                                                                                                                      
    "6": {                                                                                                                                                  
        "centralized": {                                                                                                                                    
            "test": {                                                                                                                                       
                "loss": "2.9409 -> 2.9409",                                                                                                                 
                "accuracy": "13.78% -> 13.78%"                                                                                                              
            }                                                                                                                                               
        },                                                                                                                                                  
        "all_clients": {                                                                                                                                    
            "test": {                                                                                                                                       
                "loss": "2.9409 -> 0.0000",                                                                                                                 
                "accuracy": "13.78% -> 0.00%"                                                                                                               
            }                                                                                                                                               
        }                                                                                                                                                   
    },                                                                                                                                                      
    "7": {                                                                                                                                                  
        "centralized": {                                                                                                                                    
            "test": {                                                                                                                                       
                "loss": "2.3591 -> 2.3591",                                                                                                                 
                "accuracy": "18.60% -> 18.60%"                                                                                                              
            }                                                                                                                                               
        },                                                                                                                                                  
        "all_clients": {                                                                                                                                    
            "test": {                                                                                                                                       
                "loss": "2.3591 -> 0.0000",                                                                                                                 
                "accuracy": "18.60% -> 0.00%"                                                                                                               
            }                                                                                                                                               
        }                                                                                                                                                   
    },                                                                                                                                                      
    "8": {                                                                                                                                                  
        "centralized": {                                                                                                                                    
            "test": {                                                                                                                                       
                "loss": "2.5943 -> 2.5943",                                                                                                                 
                "accuracy": "16.05% -> 16.05%"                                                                                                              
            }                                                                                                                                               
        },                                                                                                                                                  
        "all_clients": {                                                                                                                                    
            "test": {                                                                                                                                       
                "loss": "2.5943 -> 0.0000",                                                                                                                 
                "accuracy": "16.05% -> 0.00%"                                                                                                               
            }                                                                                                                                               
        }                                                                                                                                                   
    },                                                                                                                                                      
    "9": {                                                                                                                                                  
        "centralized": {                                                                                                                                    
            "test": {                                                                                                                                       
                "loss": "2.0900 -> 2.0900",                                                                                                                 
                "accuracy": "22.01% -> 22.01%"                                                                                                              
            }                                                                                                                                               
        },                                                                                                                                                  
        "all_clients": {                                                                                                                                    
            "test": {                                                                                                                                       
                "loss": "2.0900 -> 0.0000",                                                                                                                 
                "accuracy": "22.01% -> 0.00%"                                                                                                               
            }                                                                                                                                               
        }                                                                                                                                                   
    },                                                                                                                                                      
    "10": {                                                                                                                                                 
        "centralized": {                                                                                                                                    
            "test": {                                                                                                                                       
                "loss": "2.2898 -> 2.2898",                                                                                                                 
                "accuracy": "20.13% -> 20.13%"                                                                                                              
            }                                                                                                                                               
        },                                                                                                                                                  
        "all_clients": {                                                                                                                                    
            "test": {                                                                                                                                       
                "loss": "2.2898 -> 0.0000",                                                                                                                 
                "accuracy": "20.13% -> 0.00%"                                                                                                               
            }                                                                                                                                               
        }                                                                                                                                                   
    },                                                                                                                                                      
    "11": {                                                                                                                                                 
        "centralized": {                                                                                                                                    
            "test": {                                                                                                                                       
                "loss": "2.5965 -> 2.5965",                                                                                                                 
                "accuracy": "16.72% -> 16.72%"                                                                                                              
            }                                                                                                                                               
        },                                                                                                                                                  
        "all_clients": {                                                                                                                                    
            "test": {                                                                                                                                       
                "loss": "2.5965 -> 0.0000",                                                                                                                 
                "accuracy": "16.72% -> 0.00%"                                                                                                               
            }                                                                                                                                               
        }                                                                                                                                                   
    },                                                                                                                                                      
    "12": {                                                                                                                                                 
        "centralized": {                                                                                                                                    
            "test": {                                                                                                                                       
                "loss": "2.9708 -> 2.9708",                                                                                                                 
                "accuracy": "19.40% -> 19.40%"                                                                                                              
            }                                                                                                                                               
        },                                                                                                                                                  
        "all_clients": {                                                                                                                                    
            "test": {                                                                                                                                       
                "loss": "2.9708 -> 0.0000",                                                                                                                 
                "accuracy": "19.40% -> 0.00%"                                                                                                               
            }                                                                                                                                               
        }                                                                                                                                                   
    },                                                                                                                                                      
    "13": {                                                                                                                                                 
        "centralized": {                                                                                                                                    
            "test": {                                                                                                                                       
                "loss": "2.1853 -> 2.1853",                                                                                                                 
                "accuracy": "18.80% -> 18.80%"                                                                                                              
            }                                                                                                                                               
        },                                                                                                                                                  
        "all_clients": {                                                                                                                                    
            "test": {                                                                                                                                       
                "loss": "2.1853 -> 0.0000",                                                                                                                 
                "accuracy": "18.80% -> 0.00%"                                                                                                               
            }                                                                                                                                               
        }                                                                                                                                                   
    },                                                                                                                                                      
    "14": {                                                                                                                                                 
        "centralized": {                                                                                                                                    
            "test": {                                                                                                                                       
                "loss": "2.1071 -> 2.1071",                                                                                                                 
                "accuracy": "22.61% -> 22.61%"                                                                                                              
            }                                                                                                                                               
        },                                                                                                                                                  
        "all_clients": {                                                                                                                                    
            "test": {                                                                                                                                       
                "loss": "2.1071 -> 0.0000",                                                                                                                 
                "accuracy": "22.61% -> 0.00%"                                                                                                               
            }                                                                                                                                               
        }                                                                                                                                                   
    },                                                                                                                                                      
    "15": {                                                                                                                                                 
        "centralized": {                                                                                                                                    
            "test": {                                                                                                                                       
                "loss": "2.1235 -> 2.1235",                                                                                                                 
                "accuracy": "21.87% -> 21.87%"                                                                                                              
            }                                                                                                                                               
        },                                                                                                                                                  
        "all_clients": {                                                                                                                                    
            "test": {                                                                                                                                       
                "loss": "2.1235 -> 0.0000",                                                                                                                 
                "accuracy": "21.87% -> 0.00%"                                                                                                               
            }                                                                                                                                               
        }                                                                                                                                                   
    },                                                                                                                                                      
    "16": {                                                                                                                                                 
        "centralized": {                                                                                                                                    
            "test": {                                                                                                                                       
                "loss": "2.2465 -> 2.2465",                                                                                                                 
                "accuracy": "20.87% -> 20.87%"                                                                                                              
            }                                                                                                                                               
        },                                                                                                                                                  
        "all_clients": {                                                                                                                                    
            "test": {                                                                                                                                       
                "loss": "2.2465 -> 0.0000",                                                                                                                 
                "accuracy": "20.87% -> 0.00%"                                                                                                               
            }                                                                                                                                               
        }                                                                                                                                                   
    },                                                                                                                                                      
    "17": {                                                                                                                                                 
        "centralized": {                                                                                                                                    
            "test": {                                                                                                                                       
                "loss": "2.6630 -> 2.6630",                                                                                                                 
                "accuracy": "19.80% -> 19.80%"                                                                                                              
            }                                                                                                                                               
        },                                                                                                                                                  
        "all_clients": {                                                                                                                                    
            "test": {                                                                                                                                       
                "loss": "2.6630 -> 0.0000",                                                                                                                 
                "accuracy": "19.80% -> 0.00%"                                                                                                               
            }                                                                                                                                               
        }                                                                                                                                                   
    },                                                                                                                                                      
    "18": {                                                                                                                                                 
        "centralized": {                                                                                                                                    
            "test": {                                                                                                                                       
                "loss": "2.2664 -> 2.2664",                                                                                                                 
                "accuracy": "23.48% -> 23.48%"                                                                                                              
            }                                                                                                                                               
        },                                                                                                                                                  
        "all_clients": {                                                                                                                                    
            "test": {                                                                                                                                       
                "loss": "2.2664 -> 0.0000",                                                                                                                 
                "accuracy": "23.48% -> 0.00%"                                                                                                               
            }                                                                                                                                               
        }                                                                                                                                                   
    },                                                                                                                                                      
    "19": {                                                                                                                                                 
        "centralized": {                                                                                                                                    
            "test": {                                                                                                                                       
                "loss": "2.0608 -> 2.0608",                                                                                                                 
                "accuracy": "23.34% -> 23.34%"                                                                                                              
            }                                                                                                                                               
        },                                                                                                                                                  
        "all_clients": {                                                                                                                                    
            "test": {                                                                                                                                       
                "loss": "2.0608 -> 0.0000",                                                                                                                 
                "accuracy": "23.34% -> 0.00%"                                                                                                               
            }                                                                                                                                               
        }                                                                                                                                                   
    },                                                                                                                                                      
    "20": {                                                                                                                                                 
        "centralized": {                                                                                                                                    
            "test": {                                                                                                                                       
                "loss": "2.1705 -> 2.1705",                                                                                                                 
                "accuracy": "21.87% -> 21.87%"                                                                                                              
            }                                                                                                                                               
        },                                                                                                                                                  
        "all_clients": {                                                                                                                                    
            "test": {                                                                                                                                       
                "loss": "2.1705 -> 0.0000",                                                                                                                 
                "accuracy": "21.87% -> 0.00%"                                                                                                               
            }                                                                                                                                               
        }                                                                                                                                                   
    },                                                                                                                                                      
    "21": {                                                                                                                                                 
        "centralized": {                                                                                                                                    
            "test": {                                                                                                                                       
                "loss": "2.1541 -> 2.1541",                                                                                                                 
                "accuracy": "25.62% -> 25.62%"                                                                                                              
            }                                                                                                                                               
        },                                                                                                                                                  
        "all_clients": {                                                                                                                                    
            "test": {                                                                                                                                       
                "loss": "2.1541 -> 0.0000",                                                                                                                 
                "accuracy": "25.62% -> 0.00%"                                                                                                               
            }                                                                                                                                               
        }                                                                                                                                                   
    },                                                                                                                                                      
    "22": {                                                                                                                                                 
        "centralized": {                                                                                                                                    
            "test": {                                                                                                                                       
                "loss": "2.2915 -> 2.2915",                                                                                                                 
                "accuracy": "22.88% -> 22.88%"                                                                                                              
            }                                                                                                                                               
        },                                                                                                                                                  
        "all_clients": {                                                                                                                                    
            "test": {                                                                                                                                       
                "loss": "2.2915 -> 0.0000",                                                                                                                 
                "accuracy": "22.88% -> 0.00%"                                                                                                               
            }                                                                                                                                               
        }                                                                                                                                                   
    },                                                                                                                                                      
    "23": {                                                                                                                                                 
        "centralized": {                                                                                                                                    
            "test": {                                                                                                                                       
                "loss": "2.0828 -> 2.0828",                                                                                                                 
                "accuracy": "26.29% -> 26.29%"                                                                                                              
            }                                                                                                                                               
        },                                                                                                                                                  
        "all_clients": {                                                                                                                                    
            "test": {                                                                                                                                       
                "loss": "2.0828 -> 0.0000",                                                                                                                 
                "accuracy": "26.29% -> 0.00%"                                                                                                               
            }                                                                                                                                               
        }                                                                                                                                                   
    },                                                                                                                                                      
    "24": {                                                                                                                                                 
        "centralized": {                                                                                                                                    
            "test": {                                                                                                                                       
                "loss": "2.1340 -> 2.1340",                                                                                                                 
                "accuracy": "22.94% -> 22.94%"                                                                                                              
            }                                                                                                                                               
        },                                                                                                                                                  
        "all_clients": {                                                                                                                                    
            "test": {                                                                                                                                       
                "loss": "2.1340 -> 0.0000",                                                                                                                 
                "accuracy": "22.94% -> 0.00%"                                                                                                               
            }                                                                                                                                               
        }                                                                                                                                                   
    },                                                                                                                                                      
    "25": {                                                                                                                                                 
        "centralized": {                                                                                                                                    
            "test": {                                                                                                                                       
                "loss": "2.0255 -> 2.0255",                                                                                                                 
                "accuracy": "24.82% -> 24.82%"                                                                                                              
            }                                                                                                                                               
        },                                                                                                                                                  
        "all_clients": {                                                                                                                                    
            "test": {                                                                                                                                       
                "loss": "2.0255 -> 0.0000",                                                                                                                 
                "accuracy": "24.82% -> 0.00%"                                                                                                               
            }                                                                                                                                               
        }                                                                                                                                                   
    },                                                                                                                                                      
    "26": {                                                                                                                                                 
        "centralized": {                                                                                                                                    
            "test": {                                                                                                                                       
                "loss": "2.1042 -> 2.1042",                                                                                                                 
                "accuracy": "23.14% -> 23.14%"                                                                                                              
            }                                                                                                                                               
        },                                                                                                                                                  
        "all_clients": {                                                                                                                                    
            "test": {                                                                                                                                       
                "loss": "2.1042 -> 0.0000",                                                                                                                 
                "accuracy": "23.14% -> 0.00%"                                                                                                               
            }                                                                                                                                               
        }                                                                                                                                                   
    },                                                                                                                                                      
    "27": {                                                                                                                                                 
        "centralized": {                                                                                                                                    
            "test": {                                                                                                                                       
                "loss": "2.1720 -> 2.1720",                                                                                                                 
                "accuracy": "23.14% -> 23.14%"                                                                                                              
            }                                                                                                                                               
        },                                                                                                                                                  
        "all_clients": {                                                                                                                                    
            "test": {                                                                                                                                       
                "loss": "2.1720 -> 0.0000",                                                                                                                 
                "accuracy": "23.14% -> 0.00%"                                                                                                               
            }                                                                                                                                               
        }                                                                                                                                                   
    },                                                                                                                                                      
    "28": {                                                                                                                                                 
        "centralized": {                                                                                                                                    
            "test": {                                                                                                                                       
                "loss": "2.1665 -> 2.1665",                                                                                                                 
                "accuracy": "20.54% -> 20.54%"                                                                                                              
            }                                                                                                                                               
        },                                                                                                                                                  
        "all_clients": {                                                                                                                                    
            "test": {                                                                                                                                       
                "loss": "2.1665 -> 0.0000",                                                                                                                 
                "accuracy": "20.54% -> 0.00%"                                                                                                               
            }                                                                                                                                               
        }                                                                                                                                                   
    },                                                                                                                                                      
    "29": {                                                                                                                                                 
        "centralized": {                                                                                                                                    
            "test": {                                                                                                                                       
                "loss": "2.1737 -> 2.1737",                                                                                                                 
                "accuracy": "26.22% -> 26.22%"                                                                                                              
            }                                                                                                                                               
        },                                                                                                                                                  
        "all_clients": {                                                                                                                                    
            "test": {                                                                                                                                       
                "loss": "2.1737 -> 0.0000",                                                                                                                 
                "accuracy": "26.22% -> 0.00%"                                                                                                               
            }                                                                                                                                               
        }                                                                                                                                                   
    },                                                                                                                                                      
    "30": {                                                                                                                                                 
        "centralized": {                                                                                                                                    
            "test": {                                                                                                                                       
                "loss": "2.0412 -> 2.0412",                                                                                                                 
                "accuracy": "24.75% -> 24.75%"                                                                                                              
            }                                                                                                                                               
        },                                                                                                                                                  
        "all_clients": {                                                                                                                                    
            "test": {                                                                                                                                       
                "loss": "2.0412 -> 0.0000",                                                                                                                 
                "accuracy": "24.75% -> 0.00%"                                                                                                               
            }                                                                                                                                               
        }                                                                                                                                                   
    },                                                                                                                                                      
    "31": {                                                                                                                                                 
        "centralized": {                                                                                                                                    
            "test": {                                                                                                                                       
                "loss": "2.0518 -> 2.0518",                                                                                                                 
                "accuracy": "26.49% -> 26.49%"                                                                                                              
            }                                                                                                                                               
        },                                                                                                                                                  
        "all_clients": {                                                                                                                                    
            "test": {                                                                                                                                       
                "loss": "2.0518 -> 0.0000",                                                                                                                 
                "accuracy": "26.49% -> 0.00%"                                                                                                               
            }                                                                                                                                               
        }                                                                                                                                                   
    },                                                                                                                                                      
    "32": {                                                                                                                                                 
        "centralized": {                                                                                                                                    
            "test": {                                                                                                                                       
                "loss": "2.0797 -> 2.0797",                                                                                                                 
                "accuracy": "24.08% -> 24.08%"                                                                                                              
            }                                                                                                                                               
        },                                                                                                                                                  
        "all_clients": {                                                                                                                                    
            "test": {                                                                                                                                       
                "loss": "2.0797 -> 0.0000",                                                                                                                 
                "accuracy": "24.08% -> 0.00%"                                                                                                               
            }                                                                                                                                               
        }                                                                                                                                                   
    },                                                                                                                                                      
    "33": {                                                                                                                                                 
        "centralized": {                                                                                                                                    
            "test": {                                                                                                                                       
                "loss": "2.1727 -> 2.1727",                                                                                                                 
                "accuracy": "25.08% -> 25.08%"                                                                                                              
            }                                                                                                                                               
        },                                                                                                                                                  
        "all_clients": {                                                                                                                                    
            "test": {                                                                                                                                       
                "loss": "2.1727 -> 0.0000",                                                                                                                 
                "accuracy": "25.08% -> 0.00%"                                                                                                               
            }                                                                                                                                               
        }                                                                                                                                                   
    },                                                                                                                                                      
    "34": {                                                                                                                                                 
        "centralized": {                                                                                                                                    
            "test": {                                                                                                                                       
                "loss": "2.2058 -> 2.2058",                                                                                                                 
                "accuracy": "23.48% -> 23.48%"                                                                                                              
            }                                                                                                                                               
        },                                                                                                                                                  
        "all_clients": {                                                                                                                                    
            "test": {                                                                                                                                       
                "loss": "2.2058 -> 0.0000",                                                                                                                 
                "accuracy": "23.48% -> 0.00%"                                                                                                               
            }                                                                                                                                               
        }                                                                                                                                                   
    },                                                                                                                                                      
    "35": {                                                                                                                                                 
        "centralized": {                                                                                                                                    
            "test": {                                                                                                                                       
                "loss": "2.3372 -> 2.3372",                                                                                                                 
                "accuracy": "25.82% -> 25.82%"                                                                                                              
            }                                                                                                                                               
        },                                                                                                                                                  
        "all_clients": {                                                                                                                                    
            "test": {                                                                                                                                       
                "loss": "2.3372 -> 0.0000",                                                                                                                 
                "accuracy": "25.82% -> 0.00%"                                                                                                               
            }                                                                                                                                               
        }                                                                                                                                                   
    },                                                                                                                                                      
    "36": {                                                                                                                                                 
        "centralized": {                                                                                                                                    
            "test": {                                                                                                                                       
                "loss": "2.0930 -> 2.0930",                                                                                                                 
                "accuracy": "24.41% -> 24.41%"                                                                                                              
            }                                                                                                                                               
        },                                                                                                                                                  
        "all_clients": {                                                                                                                                    
            "test": {                                                                                                                                       
                "loss": "2.0930 -> 0.0000",                                                                                                                 
                "accuracy": "24.41% -> 0.00%"                                                                                                               
            }                                                                                                                                               
        }                                                                                                                                                   
    },                                                                                                                                                      
    "37": {                                                                                                                                                 
        "centralized": {                                                                                                                                    
            "test": {                                                                                                                                       
                "loss": "2.3924 -> 2.3924",                                                                                                                 
                "accuracy": "22.94% -> 22.94%"                                                                                                              
            }                                                                                                                                               
        },                                                                                                                                                  
        "all_clients": {                                                                                                                                    
            "test": {                                                                                                                                       
                "loss": "2.3924 -> 0.0000",                                                                                                                 
                "accuracy": "22.94% -> 0.00%"                                                                                                               
            }                                                                                                                                               
        }                                                                                                                                                   
    },                                                                                                                                                      
    "38": {                                                                                                                                                 
        "centralized": {                                                                                                                                    
            "test": {                                                                                                                                       
                "loss": "1.9248 -> 1.9248",                                                                                                                 
                "accuracy": "29.50% -> 29.50%"                                                                                                              
            }                                                                                                                                               
        },                                                                                                                                                  
        "all_clients": {                                                                                                                                    
            "test": {                                                                                                                                       
                "loss": "1.9248 -> 0.0000",                                                                                                                 
                "accuracy": "29.50% -> 0.00%"                                                                                                               
            }                                                                                                                                               
        }                                                                                                                                                   
    },                                                                                                                                                      
    "39": {                                                                                                                                                 
        "centralized": {                                                                                                                                    
            "test": {                                                                                                                                       
                "loss": "2.0774 -> 2.0774",                                                                                                                 
                "accuracy": "23.95% -> 23.95%"                                                                                                              
            }                                                                                                                                               
        },                                                                                                                                                  
        "all_clients": {                                                                                                                                    
            "test": {                                                                                                                                       
                "loss": "2.0774 -> 0.0000",                                                                                                                 
                "accuracy": "23.95% -> 0.00%"                                                                                                               
            }                                                                                                                                               
        }                                                                                                                                                   
    },                                                                                                                                                      
    "40": {                                                                                                                                                 
        "centralized": {                                                                                                                                    
            "test": {                                                                                                                                       
                "loss": "1.9159 -> 1.9159",                                                                                                                 
                "accuracy": "29.50% -> 29.50%"                                                                                                              
            }                                                                                                                                               
        },                                                                                                                                                  
        "all_clients": {                                                                                                                                    
            "test": {                                                                                                                                       
                "loss": "1.9159 -> 0.0000",                                                                                                                 
                "accuracy": "29.50% -> 0.00%"                                                                                                               
            }                                                                                                                                               
        }                                                                                                                                                   
    },                                                                                                                                                      
    "41": {                                                                                                                                                 
        "centralized": {                                                                                                                                    
            "test": {                                                                                                                                       
                "loss": "2.1492 -> 2.1492",                                                                                                                 
                "accuracy": "24.35% -> 24.35%"                                                                                                              
            }                                                                                                                                               
        },                                                                                                                                                  
        "all_clients": {                                                                                                                                    
            "test": {                                                                                                                                       
                "loss": "2.1492 -> 0.0000",                                                                                                                 
                "accuracy": "24.35% -> 0.00%"                                                                                                               
            }                                                                                                                                               
        }                                                                                                                                                   
    },                                                                                                                                                      
    "42": {                                                                                                                                                 
        "centralized": {                                                                                                                                    
            "test": {                                                                                                                                       
                "loss": "2.2621 -> 2.2621",                                                                                                                 
                "accuracy": "23.28% -> 23.28%"                                                                                                              
            }                                                                                                                                               
        },                                                                                                                                                  
        "all_clients": {                                                                                                                                    
            "test": {                                                                                                                                       
                "loss": "2.2621 -> 0.0000",                                                                                                                 
                "accuracy": "23.28% -> 0.00%"                                                                                                               
            }                                                                                                                                               
        }                                                                                                                                                   
    },                                                                                                                                                      
    "43": {                                                                                                                                                 
        "centralized": {                                                                                                                                    
            "test": {                                                                                                                                       
                "loss": "2.5050 -> 2.5050",                                                                                                                 
                "accuracy": "23.14% -> 23.14%"                                                                                                              
            }                                                                                                                                               
        },                                                                                                                                                  
        "all_clients": {                                                                                                                                    
            "test": {                                                                                                                                       
                "loss": "2.5050 -> 0.0000",                                                                                                                 
                "accuracy": "23.14% -> 0.00%"                                                                                                               
            }                                                                                                                                               
        }                                                                                                                                                   
    },                                                                                                                                                      
    "44": {                                                                                                                                                 
        "centralized": {                                                                                                                                    
            "test": {                                                                                                                                       
                "loss": "2.1949 -> 2.1949",                                                                                                                 
                "accuracy": "22.88% -> 22.88%"                                                                                                              
            }                                                                                                                                               
        },                                                                                                                                                  
        "all_clients": {                                                                                                                                    
            "test": {                                                                                                                                       
                "loss": "2.1949 -> 0.0000",                                                                                                                 
                "accuracy": "22.88% -> 0.00%"                                                                                                               
            }                                                                                                                                               
        }                                                                                                                                                   
    },                                                                                                                                                      
    "45": {                                                                                                                                                 
        "centralized": {                                                                                                                                    
            "test": {                                                                                                                                       
                "loss": "2.2137 -> 2.2137",                                                                                                                 
                "accuracy": "25.42% -> 25.42%"                                                                                                              
            }                                                                                                                                               
        },                                                                                                                                                  
        "all_clients": {                                                                                                                                    
            "test": {                                                                                                                                       
                "loss": "2.2137 -> 0.0000",                                                                                                                 
                "accuracy": "25.42% -> 0.00%"                                                                                                               
            }                                                                                                                                               
        }                                                                                                                                                   
    },                                                                                                                                                      
    "46": {                                                                                                                                                 
        "centralized": {                                                                                                                                    
            "test": {                                                                                                                                       
                "loss": "2.2616 -> 2.2616",                                                                                                                 
                "accuracy": "24.15% -> 24.15%"                                                                                                              
            }                                                                                                                                               
        },                                                                                                                                                  
        "all_clients": {                                                                                                                                    
            "test": {                                                                                                                                       
                "loss": "2.2616 -> 0.0000",                                                                                                                 
                "accuracy": "24.15% -> 0.00%"                                                                                                               
            }                                                                                                                                               
        }                                                                                                                                                   
    },                                                                                                                                                      
    "47": {                                                                                                                                                 
        "centralized": {                                                                                                                                    
            "test": {                                                                                                                                       
                "loss": "2.0923 -> 2.0923",                                                                                                                 
                "accuracy": "27.56% -> 27.56%"                                                                                                              
            }                                                                                                                                               
        },                                                                                                                                                  
        "all_clients": {                                                                                                                                    
            "test": {                                                                                                                                       
                "loss": "2.0923 -> 0.0000",                                                                                                                 
                "accuracy": "27.56% -> 0.00%"                                                                                                               
            }                                                                                                                                               
        }                                                                                                                                                   
    },                                                                                                                                                      
    "48": {                                                                                                                                                 
        "centralized": {                                                                                                                                    
            "test": {                                                                                                                                       
                "loss": "2.2205 -> 2.2205",                                                                                                                 
                "accuracy": "26.29% -> 26.29%"                                                                                                              
            }                                                                                                                                               
        },                                                                                                                                                  
        "all_clients": {                                                                                                                                    
            "test": {                                                                                                                                       
                "loss": "2.2205 -> 0.0000",                                                                                                                 
                "accuracy": "26.29% -> 0.00%"                                                                                                               
            }                                                                                                                                               
        }                                                                                                                                                   
    },                                                                                                                                                      
    "49": {                                                                                                                                                 
        "centralized": {                                                                                                                                    
            "test": {                                                                                                                                       
                "loss": "1.9458 -> 1.9458",                                                                                                                 
                "accuracy": "30.10% -> 30.10%"                                                                                                              
            }                                                                                                                                               
        },                                                                                                                                                  
        "all_clients": {                                                                                                                                    
            "test": {                                                                                                                                       
                "loss": "1.9458 -> 0.0000",                                                                                                                 
                "accuracy": "30.10% -> 0.00%"                                                                                                               
            }                                                                                                                                               
        }                                                                                                                                                   
    },                                                                                                                                                      
    "50": {                                                                                                                                                 
        "centralized": {                                                                                                                                    
            "test": {                                                                                                                                       
                "loss": "2.1550 -> 2.1550",                                                                                                                 
                "accuracy": "26.35% -> 26.35%"                                                                                                              
            }                                                                                                                                               
        },                                                                                                                                                  
        "all_clients": {                                                                                                                                    
            "test": {                                                                                                                                       
                "loss": "2.1550 -> 0.0000",                                                                                                                 
                "accuracy": "26.35% -> 0.00%"                                                                                                               
            }                                                                                                                                               
        }                                                                                                                                                   
    }                                                                                                                                                       
}                                                                                                                                                           
==================== CKADriftFedAvg Max Accuracy ====================                                                                                       
all_clients:                                                                                                                                                
(test) before fine-tuning: 30.10% at epoch 49                                                                                                               
(test) after fine-tuning: 0.00% at epoch 1                                                                                                                  
centralized:                                                                                                                                                
(test) before fine-tuning: 30.10% at epoch 49                                                                                                               
(test) after fine-tuning: 30.10% at epoch 49                                                                                                                
