==================== CKADriftFedAvg ====================                                                                                                    
Experiment Arguments:                                                                                                                                       
{
│   'method': 'ckadriftfedavg',
│   'dataset': {
│   │   'name': 'cifar10',
│   │   'partition_dir': 'partitions/alpha_1000.0/seed_42',
│   │   'client_num': 10,
│   │   'test_ratio': 0.25,
│   │   'val_ratio': 0.0,
│   │   'seed': 42,
│   │   'split': 'sample',
│   │   'IID_ratio': 0.0,
│   │   'alpha': 1000.0,
│   │   'min_samples_per_client': 10,
│   │   'sample_fraction': 0.1,
│   │   'subset_seed': 42,
│   │   'monitor_window_name_suffix': 'cifar10-10clients-0%IID-Dir(1000.0)-seed42-10pct'
│   },
│   'model': {
│   │   'name': 'res9',
│   │   'use_torchvision_pretrained_weights': False,
│   │   'external_model_weights_path': None
│   },
│   'optimizer': {
│   │   'lr': 0.01,
│   │   'dampening': 0,
│   │   'weight_decay': 0.0001,
│   │   'momentum': 0.9,
│   │   'nesterov': False,
│   │   'name': 'sgd'
│   },
│   'mode': 'serial',
│   'parallel': {
│   │   'ray_cluster_addr': None,
│   │   'num_cpus': 40,
│   │   'num_gpus': 0,
│   │   'num_workers': 5
│   },
│   'common': {
│   │   'seed': 42,
│   │   'join_ratio': 1.0,
│   │   'global_epoch': 50,
│   │   'local_epoch': 5,
│   │   'batch_size': 32,
│   │   'reset_optimizer_on_global_epoch': True,
│   │   'straggler_ratio': 0,
│   │   'straggler_min_local_epoch': 0,
│   │   'buffers': 'global',
│   │   'client_side_evaluation': True,
│   │   'test': {
│   │   │   'client': {
│   │   │   │   'interval': 1,
│   │   │   │   'finetune_epoch': 0,
│   │   │   │   'train': False,
│   │   │   │   'val': False,
│   │   │   │   'test': True
│   │   │   },
│   │   │   'server': {
│   │   │   │   'interval': 1,
│   │   │   │   'train': False,
│   │   │   │   'val': False,
│   │   │   │   'test': True,
│   │   │   │   'model_in_train_mode': False
│   │   │   }
│   │   },
│   │   'verbose_gap': 10,
│   │   'monitor': 'tensorboard',
│   │   'use_cuda': True,
│   │   'save_log': True,
│   │   'save_model': False,
│   │   'save_learning_curve_plot': True,
│   │   'save_metrics': True,
│   │   'delete_useless_run': True,
│   │   'dataloader_num_workers': 2,
│   │   'resume_checkpoint': None
│   },
│   'cka': {
│   │   'rounds': [
│   │   │   1,
│   │   │   2,
│   │   │   5,
│   │   │   10,
│   │   │   20,
│   │   │   30,
│   │   │   40,
│   │   │   50
│   │   ],
│   │   'client_sample': 10,
│   │   'probe_batches': 20,
│   │   'probe_batch_size': 16
│   },
│   'ckadriftfedavg': {},
│   'driftfedavg': {}
}
---------------------------- ROUND 1/50 START ----------------------------                                                                                  
Selected clients: [1, 0, 4, 9, 6, 5, 8, 2, 3, 7]                                                                                                            
  [Client 1] Starting local training...                                                                                                                     
  [Client 1] Finished training in 8.48s                                                                                                                     
  [Client 0] Starting local training...                                                                                                                     
  [Client 0] Finished training in 7.72s                                                                                                                     
  [Client 4] Starting local training...                                                                                                                     
  [Client 4] Finished training in 8.20s                                                                                                                     
  [Client 9] Starting local training...                                                                                                                     
  [Client 9] Finished training in 7.76s                                                                                                                     
  [Client 6] Starting local training...                                                                                                                     
  [Client 6] Finished training in 8.26s                                                                                                                     
  [Client 5] Starting local training...                                                                                                                     
  [Client 5] Finished training in 7.80s                                                                                                                     
  [Client 8] Starting local training...                                                                                                                     
  [Client 8] Finished training in 8.29s                                                                                                                     
  [Client 2] Starting local training...                                                                                                                     
  [Client 2] Finished training in 8.31s                                                                                                                     
  [Client 3] Starting local training...                                                                                                                     
  [Client 3] Finished training in 8.31s                                                                                                                     
  [Client 7] Starting local training...                                                                                                                     
  [Client 7] Finished training in 8.33s                                                                                                                     
  [CKA] Saved checkpoints for round 1 (10 clients) → /home/luis.mendezl/Thesis/logs/runs/cifar10/fedavg/res9/alpha1000.0/seed42/checkpoints/round_0001      
  Starting weight aggregation...                                                                                                                            
  Aggregation completed in 0.15s                                                                                                                            
ROUND 1 FINISHED in 85.10s (Avg: 85.10s)                                                                                                                    
  [Resume] Saved training checkpoint after round 1 →                                                                                                        
/home/luis.mendezl/Thesis/logs/runs/cifar10/fedavg/res9/alpha1000.0/seed42/checkpoints/training_state.pt                                                    
---------------------------- ROUND 2/50 START ----------------------------                                                                                  
Selected clients: [0, 9, 1, 7, 6, 4, 8, 2, 3, 5]                                                                                                            
  [Client 0] Starting local training...                                                                                                                     
  [Client 0] Finished training in 7.97s                                                                                                                     
  [Client 9] Starting local training...                                                                                                                     
  [Client 9] Finished training in 7.94s                                                                                                                     
  [Client 1] Starting local training...                                                                                                                     
  [Client 1] Finished training in 8.41s                                                                                                                     
  [Client 7] Starting local training...                                                                                                                     
  [Client 7] Finished training in 8.43s                                                                                                                     
  [Client 6] Starting local training...                                                                                                                     
  [Client 6] Finished training in 8.40s                                                                                                                     
  [Client 4] Starting local training...                                                                                                                     
  [Client 4] Finished training in 8.42s                                                                                                                     
  [Client 8] Starting local training...                                                                                                                     
  [Client 8] Finished training in 8.41s                                                                                                                     
  [Client 2] Starting local training...                                                                                                                     
  [Client 2] Finished training in 8.44s                                                                                                                     
  [Client 3] Starting local training...                                                                                                                     
  [Client 3] Finished training in 8.53s                                                                                                                     
  [Client 5] Starting local training...                                                                                                                     
  [Client 5] Finished training in 15.79s                                                                                                                    
  [CKA] Saved checkpoints for round 2 (10 clients) → /home/luis.mendezl/Thesis/logs/runs/cifar10/fedavg/res9/alpha1000.0/seed42/checkpoints/round_0002      
  Starting weight aggregation...                                                                                                                            
  Aggregation completed in 0.29s                                                                                                                            
ROUND 2 FINISHED in 94.57s (Avg: 89.84s)                                                                                                                    
  [Resume] Saved training checkpoint after round 2 →                                                                                                        
/home/luis.mendezl/Thesis/logs/runs/cifar10/fedavg/res9/alpha1000.0/seed42/checkpoints/training_state.pt                                                    
---------------------------- ROUND 3/50 START ----------------------------                                                                                  
Selected clients: [3, 7, 4, 6, 0, 1, 9, 8, 2, 5]                                                                                                            
  [Client 3] Starting local training...                                                                                                                     
  [Client 3] Finished training in 16.90s                                                                                                                    
  [Client 7] Starting local training...                                                                                                                     
  [Client 7] Finished training in 16.79s                                                                                                                    
  [Client 4] Starting local training...                                                                                                                     
  [Client 4] Finished training in 16.49s                                                                                                                    
  [Client 6] Starting local training...                                                                                                                     
  [Client 6] Finished training in 16.91s                                                                                                                    
  [Client 0] Starting local training...                                                                                                                     
  [Client 0] Finished training in 15.74s                                                                                                                    
  [Client 1] Starting local training...                                                                                                                     
  [Client 1] Finished training in 16.97s                                                                                                                    
  [Client 9] Starting local training...                                                                                                                     
  [Client 9] Finished training in 12.15s                                                                                                                    
  [Client 8] Starting local training...                                                                                                                     
  [Client 8] Finished training in 11.60s                                                                                                                    
  [Client 2] Starting local training...                                                                                                                     
  [Client 2] Finished training in 16.87s                                                                                                                    
  [Client 5] Starting local training...                                                                                                                     
  [Client 5] Finished training in 15.68s                                                                                                                    
  Starting weight aggregation...                                                                                                                            
  Aggregation completed in 0.28s                                                                                                                            
ROUND 3 FINISHED in 157.06s (Avg: 112.24s)                                                                                                                  
  [Resume] Saved training checkpoint after round 3 →                                                                                                        
/home/luis.mendezl/Thesis/logs/runs/cifar10/fedavg/res9/alpha1000.0/seed42/checkpoints/training_state.pt                                                    
---------------------------- ROUND 4/50 START ----------------------------                                                                                  
Selected clients: [3, 5, 1, 0, 9, 6, 2, 7, 8, 4]                                                                                                            
  [Client 3] Starting local training...                                                                                                                     
  [Client 3] Finished training in 16.68s                                                                                                                    
  [Client 5] Starting local training...                                                                                                                     
  [Client 5] Finished training in 15.61s                                                                                                                    
  [Client 1] Starting local training...                                                                                                                     
  [Client 1] Finished training in 16.74s                                                                                                                    
  [Client 0] Starting local training...                                                                                                                     
  [Client 0] Finished training in 15.76s                                                                                                                    
  [Client 9] Starting local training...                                                                                                                     
  [Client 9] Finished training in 15.84s                                                                                                                    
  [Client 6] Starting local training...                                                                                                                     
  [Client 6] Finished training in 16.81s                                                                                                                    
  [Client 2] Starting local training...                                                                                                                     
  [Client 2] Finished training in 11.67s                                                                                                                    
  [Client 7] Starting local training...                                                                                                                     
  [Client 7] Finished training in 13.91s                                                                                                                    
  [Client 8] Starting local training...                                                                                                                     
  [Client 8] Finished training in 16.72s                                                                                                                    
  [Client 4] Starting local training...                                                                                                                     
  [Client 4] Finished training in 16.79s                                                                                                                    
  Starting weight aggregation...                                                                                                                            
  Aggregation completed in 0.28s                                                                                                                            
ROUND 4 FINISHED in 157.50s (Avg: 123.56s)                                                                                                                  
  [Resume] Saved training checkpoint after round 4 →                                                                                                        
/home/luis.mendezl/Thesis/logs/runs/cifar10/fedavg/res9/alpha1000.0/seed42/checkpoints/training_state.pt                                                    
---------------------------- ROUND 5/50 START ----------------------------                                                                                  
Selected clients: [7, 8, 1, 3, 0, 4, 2, 6, 9, 5]                                                                                                            
  [Client 7] Starting local training...                                                                                                                     
  [Client 7] Finished training in 16.14s                                                                                                                    
  [Client 8] Starting local training...                                                                                                                     
  [Client 8] Finished training in 16.87s                                                                                                                    
  [Client 1] Starting local training...                                                                                                                     
  [Client 1] Finished training in 16.73s                                                                                                                    
  [Client 3] Starting local training...                                                                                                                     
  [Client 3] Finished training in 16.86s                                                                                                                    
  [Client 0] Starting local training...                                                                                                                     
  [Client 0] Finished training in 15.32s                                                                                                                    
  [Client 4] Starting local training...                                                                                                                     
  [Client 4] Finished training in 13.84s                                                                                                                    
  [Client 2] Starting local training...                                                                                                                     
  [Client 2] Finished training in 13.72s                                                                                                                    
  [Client 6] Starting local training...                                                                                                                     
  [Client 6] Finished training in 16.70s                                                                                                                    
  [Client 9] Starting local training...                                                                                                                     
  [Client 9] Finished training in 15.89s                                                                                                                    
  [Client 5] Starting local training...                                                                                                                     
  [Client 5] Finished training in 15.36s                                                                                                                    
  [CKA] Saved checkpoints for round 5 (10 clients) → /home/luis.mendezl/Thesis/logs/runs/cifar10/fedavg/res9/alpha1000.0/seed42/checkpoints/round_0005      
  Starting weight aggregation...                                                                                                                            
  Aggregation completed in 0.26s                                                                                                                            
ROUND 5 FINISHED in 161.89s (Avg: 131.22s)                                                                                                                  
  [Resume] Saved training checkpoint after round 5 →                                                                                                        
/home/luis.mendezl/Thesis/logs/runs/cifar10/fedavg/res9/alpha1000.0/seed42/checkpoints/training_state.pt                                                    
---------------------------- ROUND 6/50 START ----------------------------                                                                                  
Selected clients: [1, 0, 3, 6, 2, 8, 9, 4, 7, 5]                                                                                                            
  [Client 1] Starting local training...                                                                                                                     
  [Client 1] Finished training in 17.01s                                                                                                                    
  [Client 0] Starting local training...                                                                                                                     
  [Client 0] Finished training in 15.57s                                                                                                                    
  [Client 3] Starting local training...                                                                                                                     
  [Client 3] Finished training in 16.81s                                                                                                                    
  [Client 6] Starting local training...                                                                                                                     
  [Client 6] Finished training in 16.71s                                                                                                                    
  [Client 2] Starting local training...                                                                                                                     
  [Client 2] Finished training in 11.51s                                                                                                                    
  [Client 8] Starting local training...                                                                                                                     
  [Client 8] Finished training in 16.71s                                                                                                                    
  [Client 9] Starting local training...                                                                                                                     
  [Client 9] Finished training in 15.70s                                                                                                                    
  [Client 4] Starting local training...                                                                                                                     
  [Client 4] Finished training in 16.70s                                                                                                                    
  [Client 7] Starting local training...                                                                                                                     
  [Client 7] Finished training in 17.03s                                                                                                                    
  [Client 5] Starting local training...                                                                                                                     
  [Client 5] Finished training in 15.53s                                                                                                                    
  Starting weight aggregation...                                                                                                                            
  Aggregation completed in 0.28s                                                                                                                            
ROUND 6 FINISHED in 160.26s (Avg: 136.06s)                                                                                                                  
  [Resume] Saved training checkpoint after round 6 →                                                                                                        
/home/luis.mendezl/Thesis/logs/runs/cifar10/fedavg/res9/alpha1000.0/seed42/checkpoints/training_state.pt                                                    
---------------------------- ROUND 7/50 START ----------------------------                                                                                  
Selected clients: [7, 5, 2, 9, 6, 1, 8, 3, 0, 4]                                                                                                            
  [Client 7] Starting local training...                                                                                                                     
  [Client 7] Finished training in 17.20s                                                                                                                    
  [Client 5] Starting local training...                                                                                                                     
  [Client 5] Finished training in 15.64s                                                                                                                    
  [Client 2] Starting local training...                                                                                                                     
  [Client 2] Finished training in 16.95s                                                                                                                    
  [Client 9] Starting local training...                                                                                                                     
  [Client 9] Finished training in 10.69s                                                                                                                    
  [Client 6] Starting local training...                                                                                                                     
  [Client 6] Finished training in 13.93s                                                                                                                    
  [Client 1] Starting local training...                                                                                                                     
  [Client 1] Finished training in 16.67s                                                                                                                    
  [Client 8] Starting local training...                                                                                                                     
  [Client 8] Finished training in 16.93s                                                                                                                    
  [Client 3] Starting local training...                                                                                                                     
  [Client 3] Finished training in 16.77s                                                                                                                    
  [Client 0] Starting local training...                                                                                                                     
  [Client 0] Finished training in 15.55s                                                                                                                    
  [Client 4] Starting local training...                                                                                                                     
  [Client 4] Finished training in 16.68s                                                                                                                    
  Starting weight aggregation...                                                                                                                            
  Aggregation completed in 0.28s                                                                                                                            
ROUND 7 FINISHED in 157.98s (Avg: 139.19s)                                                                                                                  
  [Resume] Saved training checkpoint after round 7 →                                                                                                        
/home/luis.mendezl/Thesis/logs/runs/cifar10/fedavg/res9/alpha1000.0/seed42/checkpoints/training_state.pt                                                    
---------------------------- ROUND 8/50 START ----------------------------                                                                                  
Selected clients: [8, 3, 2, 9, 6, 7, 1, 4, 5, 0]                                                                                                            
  [Client 8] Starting local training...                                                                                                                     
  [Client 8] Finished training in 16.77s                                                                                                                    
  [Client 3] Starting local training...                                                                                                                     
  [Client 3] Finished training in 17.08s                                                                                                                    
  [Client 2] Starting local training...                                                                                                                     
  [Client 2] Finished training in 13.02s                                                                                                                    
  [Client 9] Starting local training...                                                                                                                     
  [Client 9] Finished training in 12.87s                                                                                                                    
  [Client 6] Starting local training...                                                                                                                     
  [Client 6] Finished training in 16.60s                                                                                                                    
  [Client 7] Starting local training...                                                                                                                     
  [Client 7] Finished training in 16.93s                                                                                                                    
  [Client 1] Starting local training...                                                                                                                     
  [Client 1] Finished training in 16.44s                                                                                                                    
  [Client 4] Starting local training...                                                                                                                     
  [Client 4] Finished training in 16.55s                                                                                                                    
  [Client 5] Starting local training...                                                                                                                     
  [Client 5] Finished training in 15.87s                                                                                                                    
  [Client 0] Starting local training...                                                                                                                     
  [Client 0] Finished training in 15.59s                                                                                                                    
  Starting weight aggregation...                                                                                                                            
  Aggregation completed in 0.20s                                                                                                                            
ROUND 8 FINISHED in 158.59s (Avg: 141.62s)                                                                                                                  
  [Resume] Saved training checkpoint after round 8 →                                                                                                        
/home/luis.mendezl/Thesis/logs/runs/cifar10/fedavg/res9/alpha1000.0/seed42/checkpoints/training_state.pt                                                    
---------------------------- ROUND 9/50 START ----------------------------                                                                                  
Selected clients: [3, 0, 5, 9, 2, 8, 1, 7, 6, 4]                                                                                                            
  [Client 3] Starting local training...                                                                                                                     
  [Client 3] Finished training in 16.66s                                                                                                                    
  [Client 0] Starting local training...                                                                                                                     
  [Client 0] Finished training in 13.22s                                                                                                                    
  [Client 5] Starting local training...                                                                                                                     
  [Client 5] Finished training in 12.18s                                                                                                                    
  [Client 9] Starting local training...                                                                                                                     
  [Client 9] Finished training in 15.68s                                                                                                                    
  [Client 2] Starting local training...                                                                                                                     
  [Client 2] Finished training in 16.63s                                                                                                                    
  [Client 8] Starting local training...                                                                                                                     
  [Client 8] Finished training in 16.85s                                                                                                                    
  [Client 1] Starting local training...                                                                                                                     
  [Client 1] Finished training in 16.74s                                                                                                                    
  [Client 7] Starting local training...                                                                                                                     
  [Client 7] Finished training in 16.68s                                                                                                                    
  [Client 6] Starting local training...                                                                                                                     
  [Client 6] Finished training in 16.84s                                                                                                                    
  [Client 4] Starting local training...                                                                                                                     
  [Client 4] Finished training in 16.52s                                                                                                                    
  Starting weight aggregation...                                                                                                                            
  Aggregation completed in 0.20s                                                                                                                            
ROUND 9 FINISHED in 158.88s (Avg: 143.54s)                                                                                                                  
  [Resume] Saved training checkpoint after round 9 →                                                                                                        
/home/luis.mendezl/Thesis/logs/runs/cifar10/fedavg/res9/alpha1000.0/seed42/checkpoints/training_state.pt                                                    
---------------------------- ROUND 10/50 START ----------------------------                                                                                 
Selected clients: [7, 6, 9, 1, 2, 8, 4, 5, 3, 0]                                                                                                            
  [Client 7] Starting local training...                                                                                                                     
  [Client 7] Finished training in 14.68s                                                                                                                    
client [7]  (testset)   loss: 1.5374 -> 1.6437  accuracy: 41.33% -> 42.00%                                                                                  
  [Client 6] Starting local training...                                                                                                                     
  [Client 6] Finished training in 15.47s                                                                                                                    
client [6]  (testset)   loss: 1.5234 -> 1.8274  accuracy: 43.42% -> 36.18%                                                                                  
  [Client 9] Starting local training...                                                                                                                     
  [Client 9] Finished training in 15.77s                                                                                                                    
client [9]  (testset)   loss: 1.7141 -> 2.0003  accuracy: 37.84% -> 34.46%                                                                                  
  [Client 1] Starting local training...                                                                                                                     
  [Client 1] Finished training in 16.93s                                                                                                                    
client [1]  (testset)   loss: 1.6088 -> 2.0151  accuracy: 44.00% -> 32.00%                                                                                  
  [Client 2] Starting local training...                                                                                                                     
  [Client 2] Finished training in 16.43s                                                                                                                    
client [2]  (testset)   loss: 1.4892 -> 1.9093  accuracy: 42.28% -> 34.90%                                                                                  
  [Client 8] Starting local training...                                                                                                                     
  [Client 8] Finished training in 17.13s                                                                                                                    
client [8]  (testset)   loss: 1.7473 -> 1.9461  accuracy: 35.33% -> 36.67%                                                                                  
  [Client 4] Starting local training...                                                                                                                     
  [Client 4] Finished training in 16.67s                                                                                                                    
client [4]  (testset)   loss: 1.5368 -> 2.0337  accuracy: 43.79% -> 30.07%                                                                                  
  [Client 5] Starting local training...                                                                                                                     
  [Client 5] Finished training in 15.50s                                                                                                                    
client [5]  (testset)   loss: 1.6072 -> 1.7190  accuracy: 34.46% -> 43.24%                                                                                  
  [Client 3] Starting local training...                                                                                                                     
  [Client 3] Finished training in 16.95s                                                                                                                    
client [3]  (testset)   loss: 1.6437 -> 2.0812  accuracy: 38.93% -> 35.57%                                                                                  
  [Client 0] Starting local training...                                                                                                                     
  [Client 0] Finished training in 15.62s                                                                                                                    
client [0]  (testset)   loss: 1.4207 -> 2.3276  accuracy: 51.35% -> 31.08%                                                                                  
  [CKA] Saved checkpoints for round 10 (10 clients) → /home/luis.mendezl/Thesis/logs/runs/cifar10/fedavg/res9/alpha1000.0/seed42/checkpoints/round_0010     
  Starting weight aggregation...                                                                                                                            
  Aggregation completed in 0.17s                                                                                                                            
ROUND 10 FINISHED in 165.90s (Avg: 145.77s)                                                                                                                 
  [Resume] Saved training checkpoint after round 10 →                                                                                                       
/home/luis.mendezl/Thesis/logs/runs/cifar10/fedavg/res9/alpha1000.0/seed42/checkpoints/training_state.pt                                                    
---------------------------- ROUND 11/50 START ----------------------------                                                                                 
Selected clients: [9, 6, 5, 1, 8, 4, 3, 0, 2, 7]                                                                                                            
  [Client 9] Starting local training...                                                                                                                     
  [Client 9] Finished training in 15.71s                                                                                                                    
  [Client 6] Starting local training...                                                                                                                     
  [Client 6] Finished training in 16.69s                                                                                                                    
  [Client 5] Starting local training...                                                                                                                     
  [Client 5] Finished training in 15.97s                                                                                                                    
  [Client 1] Starting local training...                                                                                                                     
  [Client 1] Finished training in 16.55s                                                                                                                    
  [Client 8] Starting local training...                                                                                                                     
  [Client 8] Finished training in 16.91s                                                                                                                    
  [Client 4] Starting local training...                                                                                                                     
  [Client 4] Finished training in 16.67s                                                                                                                    
  [Client 3] Starting local training...                                                                                                                     
  [Client 3] Finished training in 16.81s                                                                                                                    
  [Client 0] Starting local training...                                                                                                                     
  [Client 0] Finished training in 15.53s                                                                                                                    
  [Client 2] Starting local training...                                                                                                                     
  [Client 2] Finished training in 16.70s                                                                                                                    
  [Client 7] Starting local training...                                                                                                                     
  [Client 7] Finished training in 11.72s                                                                                                                    
  Starting weight aggregation...                                                                                                                            
  Aggregation completed in 0.27s                                                                                                                            
ROUND 11 FINISHED in 160.75s (Avg: 147.13s)                                                                                                                 
  [Resume] Saved training checkpoint after round 11 →                                                                                                       
/home/luis.mendezl/Thesis/logs/runs/cifar10/fedavg/res9/alpha1000.0/seed42/checkpoints/training_state.pt                                                    
---------------------------- ROUND 12/50 START ----------------------------                                                                                 
Selected clients: [2, 9, 6, 4, 0, 3, 7, 8, 1, 5]                                                                                                            
  [Client 2] Starting local training...                                                                                                                     
  [Client 2] Finished training in 16.84s                                                                                                                    
  [Client 9] Starting local training...                                                                                                                     
  [Client 9] Finished training in 15.18s                                                                                                                    
  [Client 6] Starting local training...                                                                                                                     
  [Client 6] Finished training in 16.71s                                                                                                                    
  [Client 4] Starting local training...                                                                                                                     
  [Client 4] Finished training in 16.48s                                                                                                                    
  [Client 0] Starting local training...                                                                                                                     
  [Client 0] Finished training in 15.74s                                                                                                                    
  [Client 3] Starting local training...                                                                                                                     
  [Client 3] Finished training in 16.61s                                                                                                                    
  [Client 7] Starting local training...                                                                                                                     
  [Client 7] Finished training in 16.60s                                                                                                                    
  [Client 8] Starting local training...                                                                                                                     
  [Client 8] Finished training in 16.68s                                                                                                                    
  [Client 1] Starting local training...                                                                                                                     
  [Client 1] Finished training in 12.98s                                                                                                                    
  [Client 5] Starting local training...                                                                                                                     
  [Client 5] Finished training in 12.84s                                                                                                                    
  Starting weight aggregation...                                                                                                                            
  Aggregation completed in 0.28s                                                                                                                            
ROUND 12 FINISHED in 158.14s (Avg: 148.05s)                                                                                                                 
  [Resume] Saved training checkpoint after round 12 →                                                                                                       
/home/luis.mendezl/Thesis/logs/runs/cifar10/fedavg/res9/alpha1000.0/seed42/checkpoints/training_state.pt                                                    
---------------------------- ROUND 13/50 START ----------------------------                                                                                 
Selected clients: [8, 0, 1, 5, 4, 2, 6, 9, 7, 3]                                                                                                            
  [Client 8] Starting local training...                                                                                                                     
  [Client 8] Finished training in 16.81s                                                                                                                    
  [Client 0] Starting local training...                                                                                                                     
  [Client 0] Finished training in 15.29s                                                                                                                    
  [Client 1] Starting local training...                                                                                                                     
  [Client 1] Finished training in 16.30s                                                                                                                    
  [Client 5] Starting local training...                                                                                                                     
  [Client 5] Finished training in 14.79s                                                                                                                    
  [Client 4] Starting local training...                                                                                                                     
  [Client 4] Finished training in 16.93s                                                                                                                    
  [Client 2] Starting local training...                                                                                                                     
  [Client 2] Finished training in 16.39s                                                                                                                    
  [Client 6] Starting local training...                                                                                                                     
  [Client 6] Finished training in 16.30s                                                                                                                    
  [Client 9] Starting local training...                                                                                                                     
  [Client 9] Finished training in 13.65s                                                                                                                    
  [Client 7] Starting local training...                                                                                                                     
  [Client 7] Finished training in 13.52s                                                                                                                    
  [Client 3] Starting local training...                                                                                                                     
  [Client 3] Finished training in 16.51s                                                                                                                    
  Starting weight aggregation...                                                                                                                            
  Aggregation completed in 0.28s                                                                                                                            
ROUND 13 FINISHED in 158.38s (Avg: 148.85s)                                                                                                                 
  [Resume] Saved training checkpoint after round 13 →                                                                                                       
/home/luis.mendezl/Thesis/logs/runs/cifar10/fedavg/res9/alpha1000.0/seed42/checkpoints/training_state.pt                                                    
---------------------------- ROUND 14/50 START ----------------------------                                                                                 
Selected clients: [2, 7, 0, 5, 6, 9, 1, 4, 8, 3]                                                                                                            
  [Client 2] Starting local training...                                                                                                                     
  [Client 2] Finished training in 16.26s                                                                                                                    
  [Client 7] Starting local training...                                                                                                                     
  [Client 7] Finished training in 16.77s                                                                                                                    
  [Client 0] Starting local training...                                                                                                                     
  [Client 0] Finished training in 15.62s                                                                                                                    
  [Client 5] Starting local training...                                                                                                                     
  [Client 5] Finished training in 15.53s                                                                                                                    
  [Client 6] Starting local training...                                                                                                                     
  [Client 6] Finished training in 16.90s                                                                                                                    
  [Client 9] Starting local training...                                                                                                                     
  [Client 9] Finished training in 15.49s                                                                                                                    
  [Client 1] Starting local training...                                                                                                                     
  [Client 1] Finished training in 14.20s                                                                                                                    
  [Client 4] Starting local training...                                                                                                                     
  [Client 4] Finished training in 12.64s                                                                                                                    
  [Client 8] Starting local training...                                                                                                                     
  [Client 8] Finished training in 16.89s                                                                                                                    
  [Client 3] Starting local training...                                                                                                                     
  [Client 3] Finished training in 16.83s                                                                                                                    
  Starting weight aggregation...                                                                                                                            
  Aggregation completed in 0.28s                                                                                                                            
ROUND 14 FINISHED in 158.60s (Avg: 149.54s)                                                                                                                 
  [Resume] Saved training checkpoint after round 14 →                                                                                                       
/home/luis.mendezl/Thesis/logs/runs/cifar10/fedavg/res9/alpha1000.0/seed42/checkpoints/training_state.pt                                                    
---------------------------- ROUND 15/50 START ----------------------------                                                                                 
Selected clients: [8, 3, 2, 7, 1, 4, 0, 6, 5, 9]                                                                                                            
  [Client 8] Starting local training...                                                                                                                     
  [Client 8] Finished training in 16.42s                                                                                                                    
  [Client 3] Starting local training...                                                                                                                     
  [Client 3] Finished training in 16.92s                                                                                                                    
  [Client 2] Starting local training...                                                                                                                     
  [Client 2] Finished training in 16.50s                                                                                                                    
  [Client 7] Starting local training...                                                                                                                     
  [Client 7] Finished training in 16.77s                                                                                                                    
  [Client 1] Starting local training...                                                                                                                     
  [Client 1] Finished training in 16.38s                                                                                                                    
  [Client 4] Starting local training...                                                                                                                     
  [Client 4] Finished training in 13.52s                                                                                                                    
  [Client 0] Starting local training...                                                                                                                     
  [Client 0] Finished training in 12.48s                                                                                                                    
  [Client 6] Starting local training...                                                                                                                     
  [Client 6] Finished training in 16.74s                                                                                                                    
  [Client 5] Starting local training...                                                                                                                     
  [Client 5] Finished training in 15.55s                                                                                                                    
  [Client 9] Starting local training...                                                                                                                     
  [Client 9] Finished training in 15.86s                                                                                                                    
  Starting weight aggregation...                                                                                                                            
  Aggregation completed in 0.27s                                                                                                                            
ROUND 15 FINISHED in 158.67s (Avg: 150.15s)                                                                                                                 
  [Resume] Saved training checkpoint after round 15 →                                                                                                       
/home/luis.mendezl/Thesis/logs/runs/cifar10/fedavg/res9/alpha1000.0/seed42/checkpoints/training_state.pt                                                    
---------------------------- ROUND 16/50 START ----------------------------                                                                                 
Selected clients: [0, 1, 5, 6, 2, 8, 9, 3, 7, 4]                                                                                                            
  [Client 0] Starting local training...                                                                                                                     
  [Client 0] Finished training in 15.46s                                                                                                                    
  [Client 1] Starting local training...                                                                                                                     
  [Client 1] Finished training in 16.44s                                                                                                                    
  [Client 5] Starting local training...                                                                                                                     
  [Client 5] Finished training in 15.42s                                                                                                                    
  [Client 6] Starting local training...                                                                                                                     
  [Client 6] Finished training in 16.71s                                                                                                                    
  [Client 2] Starting local training...                                                                                                                     
  [Client 2] Finished training in 14.76s                                                                                                                    
  [Client 8] Starting local training...                                                                                                                     
  [Client 8] Finished training in 12.77s                                                                                                                    
  [Client 9] Starting local training...                                                                                                                     
  [Client 9] Finished training in 15.60s                                                                                                                    
  [Client 3] Starting local training...                                                                                                                     
  [Client 3] Finished training in 16.98s                                                                                                                    
  [Client 7] Starting local training...                                                                                                                     
  [Client 7] Finished training in 17.09s                                                                                                                    
  [Client 4] Starting local training...                                                                                                                     
  [Client 4] Finished training in 16.54s                                                                                                                    
  Starting weight aggregation...                                                                                                                            
  Aggregation completed in 0.24s                                                                                                                            
ROUND 16 FINISHED in 159.10s (Avg: 150.71s)                                                                                                                 
  [Resume] Saved training checkpoint after round 16 →                                                                                                       
/home/luis.mendezl/Thesis/logs/runs/cifar10/fedavg/res9/alpha1000.0/seed42/checkpoints/training_state.pt                                                    
---------------------------- ROUND 17/50 START ----------------------------                                                                                 
Selected clients: [7, 1, 2, 8, 5, 3, 6, 4, 9, 0]                                                                                                            
  [Client 7] Starting local training...                                                                                                                     
  [Client 7] Finished training in 16.62s                                                                                                                    
  [Client 1] Starting local training...                                                                                                                     
  [Client 1] Finished training in 16.83s                                                                                                                    
  [Client 2] Starting local training...                                                                                                                     
  [Client 2] Finished training in 16.63s                                                                                                                    
  [Client 8] Starting local training...                                                                                                                     
  [Client 8] Finished training in 13.84s                                                                                                                    
  [Client 5] Starting local training...                                                                                                                     
  [Client 5] Finished training in 12.84s                                                                                                                    
  [Client 3] Starting local training...                                                                                                                     
  [Client 3] Finished training in 16.48s                                                                                                                    
  [Client 6] Starting local training...                                                                                                                     
  [Client 6] Finished training in 17.51s                                                                                                                    
  [Client 4] Starting local training...                                                                                                                     
  [Client 4] Finished training in 16.91s                                                                                                                    
  [Client 9] Starting local training...                                                                                                                     
  [Client 9] Finished training in 15.32s                                                                                                                    
  [Client 0] Starting local training...                                                                                                                     
  [Client 0] Finished training in 15.67s                                                                                                                    
  Starting weight aggregation...                                                                                                                            
  Aggregation completed in 0.27s                                                                                                                            
ROUND 17 FINISHED in 160.17s (Avg: 151.27s)                                                                                                                 
  [Resume] Saved training checkpoint after round 17 →                                                                                                       
/home/luis.mendezl/Thesis/logs/runs/cifar10/fedavg/res9/alpha1000.0/seed42/checkpoints/training_state.pt                                                    
---------------------------- ROUND 18/50 START ----------------------------                                                                                 
Selected clients: [8, 3, 4, 9, 5, 2, 6, 7, 1, 0]                                                                                                            
  [Client 8] Starting local training...                                                                                                                     
  [Client 8] Finished training in 16.53s                                                                                                                    
  [Client 3] Starting local training...                                                                                                                     
  [Client 3] Finished training in 16.59s                                                                                                                    
  [Client 4] Starting local training...                                                                                                                     
  [Client 4] Finished training in 13.80s                                                                                                                    
  [Client 9] Starting local training...                                                                                                                     
  [Client 9] Finished training in 13.05s                                                                                                                    
  [Client 5] Starting local training...                                                                                                                     
  [Client 5] Finished training in 15.63s                                                                                                                    
  [Client 2] Starting local training...                                                                                                                     
  [Client 2] Finished training in 16.60s                                                                                                                    
  [Client 6] Starting local training...                                                                                                                     
  [Client 6] Finished training in 16.90s                                                                                                                    
  [Client 7] Starting local training...                                                                                                                     
  [Client 7] Finished training in 16.39s                                                                                                                    
  [Client 1] Starting local training...                                                                                                                     
  [Client 1] Finished training in 16.43s                                                                                                                    
  [Client 0] Starting local training...                                                                                                                     
  [Client 0] Finished training in 15.82s                                                                                                                    
  Starting weight aggregation...                                                                                                                            
  Aggregation completed in 0.26s                                                                                                                            
ROUND 18 FINISHED in 158.85s (Avg: 151.69s)                                                                                                                 
  [Resume] Saved training checkpoint after round 18 →                                                                                                       
/home/luis.mendezl/Thesis/logs/runs/cifar10/fedavg/res9/alpha1000.0/seed42/checkpoints/training_state.pt                                                    
---------------------------- ROUND 19/50 START ----------------------------                                                                                 
Selected clients: [3, 9, 1, 2, 0, 4, 7, 6, 5, 8]                                                                                                            
  [Client 3] Starting local training...                                                                                                                     
  [Client 3] Finished training in 16.62s                                                                                                                    
  [Client 9] Starting local training...                                                                                                                     
  [Client 9] Finished training in 12.78s                                                                                                                    
  [Client 1] Starting local training...                                                                                                                     
  [Client 1] Finished training in 13.02s                                                                                                                    
  [Client 2] Starting local training...                                                                                                                     
  [Client 2] Finished training in 16.26s                                                                                                                    
  [Client 0] Starting local training...                                                                                                                     
  [Client 0] Finished training in 15.49s                                                                                                                    
  [Client 4] Starting local training...                                                                                                                     
  [Client 4] Finished training in 16.49s                                                                                                                    
  [Client 7] Starting local training...                                                                                                                     
  [Client 7] Finished training in 16.67s                                                                                                                    
  [Client 6] Starting local training...                                                                                                                     
  [Client 6] Finished training in 16.60s                                                                                                                    
  [Client 5] Starting local training...                                                                                                                     
  [Client 5] Finished training in 15.53s                                                                                                                    
  [Client 8] Starting local training...                                                                                                                     
  [Client 8] Finished training in 16.87s                                                                                                                    
  Starting weight aggregation...                                                                                                                            
  Aggregation completed in 0.25s                                                                                                                            
ROUND 19 FINISHED in 157.62s (Avg: 152.00s)                                                                                                                 
  [Resume] Saved training checkpoint after round 19 →                                                                                                       
/home/luis.mendezl/Thesis/logs/runs/cifar10/fedavg/res9/alpha1000.0/seed42/checkpoints/training_state.pt                                                    
---------------------------- ROUND 20/50 START ----------------------------                                                                                 
Selected clients: [1, 0, 3, 8, 6, 2, 5, 4, 7, 9]                                                                                                            
  [Client 1] Starting local training...                                                                                                                     
  [Client 1] Finished training in 14.84s                                                                                                                    
client [1]  (testset)   loss: 1.3372 -> 1.7726  accuracy: 56.00% -> 42.00%                                                                                  
  [Client 0] Starting local training...                                                                                                                     
  [Client 0] Finished training in 11.97s                                                                                                                    
client [0]  (testset)   loss: 1.1594 -> 2.3324  accuracy: 63.51% -> 40.54%                                                                                  
  [Client 3] Starting local training...                                                                                                                     
  [Client 3] Finished training in 16.77s                                                                                                                    
client [3]  (testset)   loss: 1.2917 -> 2.1225  accuracy: 49.66% -> 36.24%                                                                                  
  [Client 8] Starting local training...                                                                                                                     
  [Client 8] Finished training in 16.80s                                                                                                                    
client [8]  (testset)   loss: 1.4374 -> 2.2834  accuracy: 48.00% -> 37.33%                                                                                  
  [Client 6] Starting local training...                                                                                                                     
  [Client 6] Finished training in 16.57s                                                                                                                    
client [6]  (testset)   loss: 1.3452 -> 1.6909  accuracy: 57.24% -> 41.45%                                                                                  
  [Client 2] Starting local training...                                                                                                                     
  [Client 2] Finished training in 16.67s                                                                                                                    
client [2]  (testset)   loss: 1.1635 -> 2.1633  accuracy: 57.72% -> 26.85%                                                                                  
  [Client 5] Starting local training...                                                                                                                     
  [Client 5] Finished training in 15.56s                                                                                                                    
client [5]  (testset)   loss: 1.2209 -> 1.7696  accuracy: 54.73% -> 45.27%                                                                                  
  [Client 4] Starting local training...                                                                                                                     
  [Client 4] Finished training in 16.09s                                                                                                                    
client [4]  (testset)   loss: 1.3222 -> 2.0290  accuracy: 52.29% -> 38.56%                                                                                  
  [Client 7] Starting local training...                                                                                                                     
  [Client 7] Finished training in 16.44s                                                                                                                    
client [7]  (testset)   loss: 1.2269 -> 1.6174  accuracy: 56.00% -> 49.33%                                                                                  
  [Client 9] Starting local training...                                                                                                                     
  [Client 9] Finished training in 15.32s                                                                                                                    
client [9]  (testset)   loss: 1.3038 -> 1.8009  accuracy: 56.08% -> 39.19%                                                                                  
  [CKA] Saved checkpoints for round 20 (10 clients) → /home/luis.mendezl/Thesis/logs/runs/cifar10/fedavg/res9/alpha1000.0/seed42/checkpoints/round_0020     
  Starting weight aggregation...                                                                                                                            
  Aggregation completed in 0.27s                                                                                                                            
ROUND 20 FINISHED in 161.68s (Avg: 152.48s)                                                                                                                 
  [Resume] Saved training checkpoint after round 20 →                                                                                                       
/home/luis.mendezl/Thesis/logs/runs/cifar10/fedavg/res9/alpha1000.0/seed42/checkpoints/training_state.pt                                                    
---------------------------- ROUND 21/50 START ----------------------------                                                                                 
Selected clients: [7, 3, 2, 5, 4, 6, 8, 0, 1, 9]                                                                                                            
  [Client 7] Starting local training...                                                                                                                     
  [Client 7] Finished training in 12.87s                                                                                                                    
  [Client 3] Starting local training...                                                                                                                     
  [Client 3] Finished training in 16.61s                                                                                                                    
  [Client 2] Starting local training...                                                                                                                     
  [Client 2] Finished training in 16.69s                                                                                                                    
  [Client 5] Starting local training...                                                                                                                     
  [Client 5] Finished training in 15.82s                                                                                                                    
  [Client 4] Starting local training...                                                                                                                     
  [Client 4] Finished training in 16.77s                                                                                                                    
  [Client 6] Starting local training...                                                                                                                     
  [Client 6] Finished training in 16.60s                                                                                                                    
  [Client 8] Starting local training...                                                                                                                     
  [Client 8] Finished training in 16.70s                                                                                                                    
  [Client 0] Starting local training...                                                                                                                     
  [Client 0] Finished training in 15.99s                                                                                                                    
  [Client 1] Starting local training...                                                                                                                     
  [Client 1] Finished training in 16.63s                                                                                                                    
  [Client 9] Starting local training...                                                                                                                     
  [Client 9] Finished training in 14.03s                                                                                                                    
  Starting weight aggregation...                                                                                                                            
  Aggregation completed in 0.17s                                                                                                                            
ROUND 21 FINISHED in 159.94s (Avg: 152.84s)                                                                                                                 
  [Resume] Saved training checkpoint after round 21 →                                                                                                       
/home/luis.mendezl/Thesis/logs/runs/cifar10/fedavg/res9/alpha1000.0/seed42/checkpoints/training_state.pt                                                    
---------------------------- ROUND 22/50 START ----------------------------                                                                                 
Selected clients: [3, 1, 8, 5, 9, 2, 6, 7, 4, 0]                                                                                                            
  [Client 3] Starting local training...                                                                                                                     
  [Client 3] Finished training in 16.58s                                                                                                                    
  [Client 1] Starting local training...                                                                                                                     
  [Client 1] Finished training in 16.87s                                                                                                                    
  [Client 8] Starting local training...                                                                                                                     
  [Client 8] Finished training in 16.44s                                                                                                                    
  [Client 5] Starting local training...                                                                                                                     
  [Client 5] Finished training in 15.49s                                                                                                                    
  [Client 9] Starting local training...                                                                                                                     
  [Client 9] Finished training in 15.31s                                                                                                                    
  [Client 2] Starting local training...                                                                                                                     
  [Client 2] Finished training in 16.76s                                                                                                                    
  [Client 6] Starting local training...                                                                                                                     
  [Client 6] Finished training in 16.48s                                                                                                                    
  [Client 7] Starting local training...                                                                                                                     
  [Client 7] Finished training in 16.82s                                                                                                                    
  [Client 4] Starting local training...                                                                                                                     
  [Client 4] Finished training in 14.83s                                                                                                                    
  [Client 0] Starting local training...                                                                                                                     
  [Client 0] Finished training in 11.10s                                                                                                                    
  Starting weight aggregation...                                                                                                                            
  Aggregation completed in 0.22s                                                                                                                            
ROUND 22 FINISHED in 157.86s (Avg: 153.07s)                                                                                                                 
  [Resume] Saved training checkpoint after round 22 →                                                                                                       
/home/luis.mendezl/Thesis/logs/runs/cifar10/fedavg/res9/alpha1000.0/seed42/checkpoints/training_state.pt                                                    
---------------------------- ROUND 23/50 START ----------------------------                                                                                 
Selected clients: [1, 0, 6, 5, 2, 8, 9, 4, 7, 3]                                                                                                            
  [Client 1] Starting local training...                                                                                                                     
  [Client 1] Finished training in 16.89s                                                                                                                    
  [Client 0] Starting local training...                                                                                                                     
  [Client 0] Finished training in 15.68s                                                                                                                    
  [Client 6] Starting local training...                                                                                                                     
  [Client 6] Finished training in 16.74s                                                                                                                    
  [Client 5] Starting local training...                                                                                                                     
  [Client 5] Finished training in 15.62s                                                                                                                    
  [Client 2] Starting local training...                                                                                                                     
  [Client 2] Finished training in 16.53s                                                                                                                    
  [Client 8] Starting local training...                                                                                                                     
  [Client 8] Finished training in 17.00s                                                                                                                    
  [Client 9] Starting local training...                                                                                                                     
  [Client 9] Finished training in 15.65s                                                                                                                    
  [Client 4] Starting local training...                                                                                                                     
  [Client 4] Finished training in 15.36s                                                                                                                    
  [Client 7] Starting local training...                                                                                                                     
  [Client 7] Finished training in 12.98s                                                                                                                    
  [Client 3] Starting local training...                                                                                                                     
  [Client 3] Finished training in 16.86s                                                                                                                    
  Starting weight aggregation...                                                                                                                            
  Aggregation completed in 0.25s                                                                                                                            
ROUND 23 FINISHED in 160.53s (Avg: 153.39s)                                                                                                                 
  [Resume] Saved training checkpoint after round 23 →                                                                                                       
/home/luis.mendezl/Thesis/logs/runs/cifar10/fedavg/res9/alpha1000.0/seed42/checkpoints/training_state.pt                                                    
---------------------------- ROUND 24/50 START ----------------------------                                                                                 
Selected clients: [2, 6, 9, 7, 3, 1, 0, 4, 5, 8]                                                                                                            
  [Client 2] Starting local training...                                                                                                                     
  [Client 2] Finished training in 16.62s                                                                                                                    
  [Client 6] Starting local training...                                                                                                                     
  [Client 6] Finished training in 16.64s                                                                                                                    
  [Client 9] Starting local training...                                                                                                                     
  [Client 9] Finished training in 15.38s                                                                                                                    
  [Client 7] Starting local training...                                                                                                                     
  [Client 7] Finished training in 16.69s                                                                                                                    
  [Client 3] Starting local training...                                                                                                                     
  [Client 3] Finished training in 16.98s                                                                                                                    
  [Client 1] Starting local training...                                                                                                                     
  [Client 1] Finished training in 16.63s                                                                                                                    
  [Client 0] Starting local training...                                                                                                                     
  [Client 0] Finished training in 12.89s                                                                                                                    
  [Client 4] Starting local training...                                                                                                                     
  [Client 4] Finished training in 13.05s                                                                                                                    
  [Client 5] Starting local training...                                                                                                                     
  [Client 5] Finished training in 15.39s                                                                                                                    
  [Client 8] Starting local training...                                                                                                                     
  [Client 8] Finished training in 16.43s                                                                                                                    
  Starting weight aggregation...                                                                                                                            
  Aggregation completed in 0.17s                                                                                                                            
ROUND 24 FINISHED in 157.55s (Avg: 153.56s)                                                                                                                 
  [Resume] Saved training checkpoint after round 24 →                                                                                                       
/home/luis.mendezl/Thesis/logs/runs/cifar10/fedavg/res9/alpha1000.0/seed42/checkpoints/training_state.pt                                                    
---------------------------- ROUND 25/50 START ----------------------------                                                                                 
Selected clients: [8, 0, 1, 6, 7, 5, 3, 4, 2, 9]                                                                                                            
  [Client 8] Starting local training...                                                                                                                     
  [Client 8] Finished training in 16.57s                                                                                                                    
  [Client 0] Starting local training...                                                                                                                     
  [Client 0] Finished training in 15.59s                                                                                                                    
  [Client 1] Starting local training...                                                                                                                     
  [Client 1] Finished training in 16.47s                                                                                                                    
  [Client 6] Starting local training...                                                                                                                     
  [Client 6] Finished training in 16.88s                                                                                                                    
  [Client 7] Starting local training...                                                                                                                     
  [Client 7] Finished training in 16.64s                                                                                                                    
  [Client 5] Starting local training...                                                                                                                     
  [Client 5] Finished training in 13.87s                                                                                                                    
  [Client 3] Starting local training...                                                                                                                     
  [Client 3] Finished training in 11.97s                                                                                                                    
  [Client 4] Starting local training...                                                                                                                     
  [Client 4] Finished training in 16.54s                                                                                                                    
  [Client 2] Starting local training...                                                                                                                     
  [Client 2] Finished training in 16.52s                                                                                                                    
  [Client 9] Starting local training...                                                                                                                     
  [Client 9] Finished training in 15.50s                                                                                                                    
  Starting weight aggregation...                                                                                                                            
  Aggregation completed in 0.24s                                                                                                                            
ROUND 25 FINISHED in 157.61s (Avg: 153.73s)                                                                                                                 
  [Resume] Saved training checkpoint after round 25 →                                                                                                       
/home/luis.mendezl/Thesis/logs/runs/cifar10/fedavg/res9/alpha1000.0/seed42/checkpoints/training_state.pt                                                    
---------------------------- ROUND 26/50 START ----------------------------                                                                                 
Selected clients: [6, 0, 2, 3, 8, 9, 7, 1, 4, 5]                                                                                                            
  [Client 6] Starting local training...                                                                                                                     
  [Client 6] Finished training in 16.31s                                                                                                                    
  [Client 0] Starting local training...                                                                                                                     
  [Client 0] Finished training in 15.63s                                                                                                                    
  [Client 2] Starting local training...                                                                                                                     
  [Client 2] Finished training in 17.12s                                                                                                                    
  [Client 3] Starting local training...                                                                                                                     
  [Client 3] Finished training in 16.54s                                                                                                                    
  [Client 8] Starting local training...                                                                                                                     
  [Client 8] Finished training in 15.18s                                                                                                                    
  [Client 9] Starting local training...                                                                                                                     
  [Client 9] Finished training in 12.16s                                                                                                                    
  [Client 7] Starting local training...                                                                                                                     
  [Client 7] Finished training in 16.79s                                                                                                                    
  [Client 1] Starting local training...                                                                                                                     
  [Client 1] Finished training in 16.69s                                                                                                                    
  [Client 4] Starting local training...                                                                                                                     
  [Client 4] Finished training in 16.78s                                                                                                                    
  [Client 5] Starting local training...                                                                                                                     
  [Client 5] Finished training in 15.54s                                                                                                                    
  Starting weight aggregation...                                                                                                                            
  Aggregation completed in 0.25s                                                                                                                            
ROUND 26 FINISHED in 159.70s (Avg: 153.96s)                                                                                                                 
  [Resume] Saved training checkpoint after round 26 →                                                                                                       
/home/luis.mendezl/Thesis/logs/runs/cifar10/fedavg/res9/alpha1000.0/seed42/checkpoints/training_state.pt                                                    
---------------------------- ROUND 27/50 START ----------------------------                                                                                 
Selected clients: [8, 7, 2, 1, 9, 6, 0, 5, 3, 4]                                                                                                            
  [Client 8] Starting local training...                                                                                                                     
  [Client 8] Finished training in 16.48s                                                                                                                    
  [Client 7] Starting local training...                                                                                                                     
  [Client 7] Finished training in 16.41s                                                                                                                    
  [Client 2] Starting local training...                                                                                                                     
  [Client 2] Finished training in 17.01s                                                                                                                    
  [Client 1] Starting local training...                                                                                                                     
  [Client 1] Finished training in 14.19s                                                                                                                    
  [Client 9] Starting local training...                                                                                                                     
  [Client 9] Finished training in 12.59s                                                                                                                    
  [Client 6] Starting local training...                                                                                                                     
  [Client 6] Finished training in 16.58s                                                                                                                    
  [Client 0] Starting local training...                                                                                                                     
  [Client 0] Finished training in 15.69s                                                                                                                    
  [Client 5] Starting local training...                                                                                                                     
  [Client 5] Finished training in 15.76s                                                                                                                    
  [Client 3] Starting local training...                                                                                                                     
  [Client 3] Finished training in 16.47s                                                                                                                    
  [Client 4] Starting local training...                                                                                                                     
  [Client 4] Finished training in 16.87s                                                                                                                    
  Starting weight aggregation...                                                                                                                            
  Aggregation completed in 0.16s                                                                                                                            
ROUND 27 FINISHED in 158.92s (Avg: 154.14s)                                                                                                                 
  [Resume] Saved training checkpoint after round 27 →                                                                                                       
/home/luis.mendezl/Thesis/logs/runs/cifar10/fedavg/res9/alpha1000.0/seed42/checkpoints/training_state.pt                                                    
---------------------------- ROUND 28/50 START ----------------------------                                                                                 
Selected clients: [0, 9, 7, 4, 6, 1, 8, 2, 3, 5]                                                                                                            
  [Client 0] Starting local training...                                                                                                                     
  [Client 0] Finished training in 15.40s                                                                                                                    
  [Client 9] Starting local training...                                                                                                                     
  [Client 9] Finished training in 14.84s                                                                                                                    
  [Client 7] Starting local training...                                                                                                                     
  [Client 7] Finished training in 16.07s                                                                                                                    
  [Client 4] Starting local training...                                                                                                                     
  [Client 4] Finished training in 11.82s                                                                                                                    
  [Client 6] Starting local training...                                                                                                                     
  [Client 6] Finished training in 16.89s                                                                                                                    
  [Client 1] Starting local training...                                                                                                                     
  [Client 1] Finished training in 16.98s                                                                                                                    
  [Client 8] Starting local training...                                                                                                                     
  [Client 8] Finished training in 16.70s                                                                                                                    
  [Client 2] Starting local training...                                                                                                                     
  [Client 2] Finished training in 16.86s                                                                                                                    
  [Client 3] Starting local training...                                                                                                                     
  [Client 3] Finished training in 16.80s                                                                                                                    
  [Client 5] Starting local training...                                                                                                                     
  [Client 5] Finished training in 15.60s                                                                                                                    
  Starting weight aggregation...                                                                                                                            
  Aggregation completed in 0.23s                                                                                                                            
ROUND 28 FINISHED in 159.07s (Avg: 154.32s)                                                                                                                 
  [Resume] Saved training checkpoint after round 28 →                                                                                                       
/home/luis.mendezl/Thesis/logs/runs/cifar10/fedavg/res9/alpha1000.0/seed42/checkpoints/training_state.pt                                                    
---------------------------- ROUND 29/50 START ----------------------------                                                                                 
Selected clients: [1, 9, 3, 7, 0, 4, 8, 2, 5, 6]                                                                                                            
  [Client 1] Starting local training...                                                                                                                     
  [Client 1] Finished training in 16.35s                                                                                                                    
  [Client 9] Starting local training...                                                                                                                     
  [Client 9] Finished training in 14.82s                                                                                                                    
  [Client 3] Starting local training...                                                                                                                     
  [Client 3] Finished training in 12.31s                                                                                                                    
  [Client 7] Starting local training...                                                                                                                     
  [Client 7] Finished training in 16.79s                                                                                                                    
  [Client 0] Starting local training...                                                                                                                     
  [Client 0] Finished training in 15.22s                                                                                                                    
  [Client 4] Starting local training...                                                                                                                     
  [Client 4] Finished training in 16.74s                                                                                                                    
  [Client 8] Starting local training...                                                                                                                     
  [Client 8] Finished training in 16.95s                                                                                                                    
  [Client 2] Starting local training...                                                                                                                     
  [Client 2] Finished training in 16.64s                                                                                                                    
  [Client 5] Starting local training...                                                                                                                     
  [Client 5] Finished training in 15.89s                                                                                                                    
  [Client 6] Starting local training...                                                                                                                     
  [Client 6] Finished training in 16.64s                                                                                                                    
  Starting weight aggregation...                                                                                                                            
  Aggregation completed in 0.24s                                                                                                                            
ROUND 29 FINISHED in 159.42s (Avg: 154.49s)                                                                                                                 
  [Resume] Saved training checkpoint after round 29 →                                                                                                       
/home/luis.mendezl/Thesis/logs/runs/cifar10/fedavg/res9/alpha1000.0/seed42/checkpoints/training_state.pt                                                    
---------------------------- ROUND 30/50 START ----------------------------                                                                                 
Selected clients: [6, 8, 5, 2, 1, 9, 7, 3, 4, 0]                                                                                                            
  [Client 6] Starting local training...                                                                                                                     
  [Client 6] Finished training in 15.58s                                                                                                                    
client [6]  (testset)   loss: 1.2403 -> 1.7860  accuracy: 61.18% -> 46.71%                                                                                  
  [Client 8] Starting local training...                                                                                                                     
  [Client 8] Finished training in 11.60s                                                                                                                    
client [8]  (testset)   loss: 1.2693 -> 1.8574  accuracy: 54.00% -> 44.00%                                                                                  
  [Client 5] Starting local training...                                                                                                                     
  [Client 5] Finished training in 12.74s                                                                                                                    
client [5]  (testset)   loss: 1.0945 -> 1.7137  accuracy: 54.05% -> 45.95%                                                                                  
  [Client 2] Starting local training...                                                                                                                     
  [Client 2] Finished training in 17.03s                                                                                                                    
client [2]  (testset)   loss: 1.0388 -> 1.8956  accuracy: 63.09% -> 38.93%                                                                                  
  [Client 1] Starting local training...                                                                                                                     
  [Client 1] Finished training in 16.60s                                                                                                                    
client [1]  (testset)   loss: 1.2777 -> 1.7720  accuracy: 58.67% -> 46.67%                                                                                  
  [Client 9] Starting local training...                                                                                                                     
  [Client 9] Finished training in 15.52s                                                                                                                    
client [9]  (testset)   loss: 1.1434 -> 2.2566  accuracy: 61.49% -> 40.54%                                                                                  
  [Client 7] Starting local training...                                                                                                                     
  [Client 7] Finished training in 16.54s                                                                                                                    
client [7]  (testset)   loss: 1.1264 -> 1.7927  accuracy: 64.00% -> 42.67%                                                                                  
  [Client 3] Starting local training...                                                                                                                     
  [Client 3] Finished training in 16.51s                                                                                                                    
client [3]  (testset)   loss: 1.1073 -> 1.6344  accuracy: 61.07% -> 52.35%                                                                                  
  [Client 4] Starting local training...                                                                                                                     
  [Client 4] Finished training in 16.79s                                                                                                                    
client [4]  (testset)   loss: 1.3181 -> 1.8573  accuracy: 52.94% -> 41.83%                                                                                  
  [Client 0] Starting local training...                                                                                                                     
  [Client 0] Finished training in 15.10s                                                                                                                    
client [0]  (testset)   loss: 1.1095 -> 1.8109  accuracy: 59.46% -> 43.92%                                                                                  
  [CKA] Saved checkpoints for round 30 (10 clients) → /home/luis.mendezl/Thesis/logs/runs/cifar10/fedavg/res9/alpha1000.0/seed42/checkpoints/round_0030     
  Starting weight aggregation...                                                                                                                            
  Aggregation completed in 0.18s                                                                                                                            
ROUND 30 FINISHED in 157.87s (Avg: 154.60s)                                                                                                                 
  [Resume] Saved training checkpoint after round 30 →                                                                                                       
/home/luis.mendezl/Thesis/logs/runs/cifar10/fedavg/res9/alpha1000.0/seed42/checkpoints/training_state.pt                                                    
---------------------------- ROUND 31/50 START ----------------------------                                                                                 
Selected clients: [4, 7, 5, 6, 0, 8, 3, 2, 9, 1]                                                                                                            
  [Client 4] Starting local training...                                                                                                                     
  [Client 4] Finished training in 11.66s                                                                                                                    
  [Client 7] Starting local training...                                                                                                                     
  [Client 7] Finished training in 16.50s                                                                                                                    
  [Client 5] Starting local training...                                                                                                                     
  [Client 5] Finished training in 15.78s                                                                                                                    
  [Client 6] Starting local training...                                                                                                                     
  [Client 6] Finished training in 16.75s                                                                                                                    
  [Client 0] Starting local training...                                                                                                                     
  [Client 0] Finished training in 15.43s                                                                                                                    
  [Client 8] Starting local training...                                                                                                                     
  [Client 8] Finished training in 16.91s                                                                                                                    
  [Client 3] Starting local training...                                                                                                                     
  [Client 3] Finished training in 16.52s                                                                                                                    
  [Client 2] Starting local training...                                                                                                                     
  [Client 2] Finished training in 16.80s                                                                                                                    
  [Client 9] Starting local training...                                                                                                                     
  [Client 9] Finished training in 15.77s                                                                                                                    
  [Client 1] Starting local training...                                                                                                                     
  [Client 1] Finished training in 16.42s                                                                                                                    
  Starting weight aggregation...                                                                                                                            
  Aggregation completed in 0.27s                                                                                                                            
ROUND 31 FINISHED in 159.54s (Avg: 154.76s)                                                                                                                 
  [Resume] Saved training checkpoint after round 31 →                                                                                                       
/home/luis.mendezl/Thesis/logs/runs/cifar10/fedavg/res9/alpha1000.0/seed42/checkpoints/training_state.pt                                                    
---------------------------- ROUND 32/50 START ----------------------------                                                                                 
Selected clients: [8, 3, 4, 1, 2, 0, 6, 9, 5, 7]                                                                                                            
  [Client 8] Starting local training...                                                                                                                     
  [Client 8] Finished training in 16.51s                                                                                                                    
  [Client 3] Starting local training...                                                                                                                     
  [Client 3] Finished training in 16.54s                                                                                                                    
  [Client 4] Starting local training...                                                                                                                     
  [Client 4] Finished training in 16.41s                                                                                                                    
  [Client 1] Starting local training...                                                                                                                     
  [Client 1] Finished training in 16.95s                                                                                                                    
  [Client 2] Starting local training...                                                                                                                     
  [Client 2] Finished training in 16.64s                                                                                                                    
  [Client 0] Starting local training...                                                                                                                     
  [Client 0] Finished training in 15.58s                                                                                                                    
  [Client 6] Starting local training...                                                                                                                     
  [Client 6] Finished training in 17.01s                                                                                                                    
  [Client 9] Starting local training...                                                                                                                     
  [Client 9] Finished training in 15.25s                                                                                                                    
  [Client 5] Starting local training...                                                                                                                     
  [Client 5] Finished training in 15.74s                                                                                                                    
  [Client 7] Starting local training...                                                                                                                     
  [Client 7] Finished training in 12.52s                                                                                                                    
  Starting weight aggregation...                                                                                                                            
  Aggregation completed in 0.15s                                                                                                                            
ROUND 32 FINISHED in 160.02s (Avg: 154.93s)                                                                                                                 
  [Resume] Saved training checkpoint after round 32 →                                                                                                       
/home/luis.mendezl/Thesis/logs/runs/cifar10/fedavg/res9/alpha1000.0/seed42/checkpoints/training_state.pt                                                    
---------------------------- ROUND 33/50 START ----------------------------                                                                                 
Selected clients: [7, 8, 4, 9, 5, 6, 0, 2, 1, 3]                                                                                                            
  [Client 7] Starting local training...                                                                                                                     
  [Client 7] Finished training in 16.51s                                                                                                                    
  [Client 8] Starting local training...                                                                                                                     
  [Client 8] Finished training in 16.75s                                                                                                                    
  [Client 4] Starting local training...                                                                                                                     
  [Client 4] Finished training in 16.37s                                                                                                                    
  [Client 9] Starting local training...                                                                                                                     
  [Client 9] Finished training in 15.51s                                                                                                                    
  [Client 5] Starting local training...                                                                                                                     
  [Client 5] Finished training in 15.18s                                                                                                                    
  [Client 6] Starting local training...                                                                                                                     
  [Client 6] Finished training in 16.82s                                                                                                                    
  [Client 0] Starting local training...                                                                                                                     
  [Client 0] Finished training in 15.76s                                                                                                                    
  [Client 2] Starting local training...                                                                                                                     
  [Client 2] Finished training in 17.02s                                                                                                                    
  [Client 1] Starting local training...                                                                                                                     
  [Client 1] Finished training in 13.46s                                                                                                                    
  [Client 3] Starting local training...                                                                                                                     
  [Client 3] Finished training in 13.77s                                                                                                                    
  Starting weight aggregation...                                                                                                                            
  Aggregation completed in 0.26s                                                                                                                            
ROUND 33 FINISHED in 158.14s (Avg: 155.03s)                                                                                                                 
  [Resume] Saved training checkpoint after round 33 →                                                                                                       
/home/luis.mendezl/Thesis/logs/runs/cifar10/fedavg/res9/alpha1000.0/seed42/checkpoints/training_state.pt                                                    
---------------------------- ROUND 34/50 START ----------------------------                                                                                 
Selected clients: [2, 4, 1, 0, 5, 8, 7, 3, 9, 6]                                                                                                            
  [Client 2] Starting local training...                                                                                                                     
  [Client 2] Finished training in 16.76s                                                                                                                    
  [Client 4] Starting local training...                                                                                                                     
  [Client 4] Finished training in 16.64s                                                                                                                    
  [Client 1] Starting local training...                                                                                                                     
  [Client 1] Finished training in 16.79s                                                                                                                    
  [Client 0] Starting local training...                                                                                                                     
  [Client 0] Finished training in 15.09s                                                                                                                    
  [Client 5] Starting local training...                                                                                                                     
  [Client 5] Finished training in 15.82s                                                                                                                    
  [Client 8] Starting local training...                                                                                                                     
  [Client 8] Finished training in 16.75s                                                                                                                    
  [Client 7] Starting local training...                                                                                                                     
  [Client 7] Finished training in 16.60s                                                                                                                    
  [Client 3] Starting local training...                                                                                                                     
  [Client 3] Finished training in 12.86s                                                                                                                    
  [Client 9] Starting local training...                                                                                                                     
  [Client 9] Finished training in 12.65s                                                                                                                    
  [Client 6] Starting local training...                                                                                                                     
  [Client 6] Finished training in 16.37s                                                                                                                    
  Starting weight aggregation...                                                                                                                            
  Aggregation completed in 0.26s                                                                                                                            
ROUND 34 FINISHED in 157.32s (Avg: 155.09s)                                                                                                                 
  [Resume] Saved training checkpoint after round 34 →                                                                                                       
/home/luis.mendezl/Thesis/logs/runs/cifar10/fedavg/res9/alpha1000.0/seed42/checkpoints/training_state.pt                                                    
---------------------------- ROUND 35/50 START ----------------------------                                                                                 
Selected clients: [5, 3, 4, 7, 8, 2, 0, 9, 1, 6]                                                                                                            
  [Client 5] Starting local training...                                                                                                                     
  [Client 5] Finished training in 15.54s                                                                                                                    
  [Client 3] Starting local training...                                                                                                                     
  [Client 3] Finished training in 17.06s                                                                                                                    
  [Client 4] Starting local training...                                                                                                                     
  [Client 4] Finished training in 16.55s                                                                                                                    
  [Client 7] Starting local training...                                                                                                                     
  [Client 7] Finished training in 17.03s                                                                                                                    
  [Client 8] Starting local training...                                                                                                                     
  [Client 8] Finished training in 16.57s                                                                                                                    
  [Client 2] Starting local training...                                                                                                                     
  [Client 2] Finished training in 16.96s                                                                                                                    
  [Client 0] Starting local training...                                                                                                                     
  [Client 0] Finished training in 12.64s                                                                                                                    
  [Client 9] Starting local training...                                                                                                                     
  [Client 9] Finished training in 11.82s                                                                                                                    
  [Client 1] Starting local training...                                                                                                                     
  [Client 1] Finished training in 16.49s                                                                                                                    
  [Client 6] Starting local training...                                                                                                                     
  [Client 6] Finished training in 16.58s                                                                                                                    
  Starting weight aggregation...                                                                                                                            
  Aggregation completed in 0.23s                                                                                                                            
ROUND 35 FINISHED in 158.20s (Avg: 155.18s)                                                                                                                 
  [Resume] Saved training checkpoint after round 35 →                                                                                                       
/home/luis.mendezl/Thesis/logs/runs/cifar10/fedavg/res9/alpha1000.0/seed42/checkpoints/training_state.pt                                                    
---------------------------- ROUND 36/50 START ----------------------------                                                                                 
Selected clients: [0, 9, 5, 6, 1, 2, 7, 4, 3, 8]                                                                                                            
  [Client 0] Starting local training...                                                                                                                     
  [Client 0] Finished training in 15.30s                                                                                                                    
  [Client 9] Starting local training...                                                                                                                     
  [Client 9] Finished training in 15.09s                                                                                                                    
  [Client 5] Starting local training...                                                                                                                     
  [Client 5] Finished training in 14.78s                                                                                                                    
  [Client 6] Starting local training...                                                                                                                     
  [Client 6] Finished training in 17.04s                                                                                                                    
  [Client 1] Starting local training...                                                                                                                     
  [Client 1] Finished training in 16.57s                                                                                                                    
  [Client 2] Starting local training...                                                                                                                     
  [Client 2] Finished training in 14.85s                                                                                                                    
  [Client 7] Starting local training...                                                                                                                     
  [Client 7] Finished training in 11.35s                                                                                                                    
  [Client 4] Starting local training...                                                                                                                     
  [Client 4] Finished training in 16.55s                                                                                                                    
  [Client 3] Starting local training...                                                                                                                     
  [Client 3] Finished training in 16.60s                                                                                                                    
  [Client 8] Starting local training...                                                                                                                     
  [Client 8] Finished training in 16.80s                                                                                                                    
  Starting weight aggregation...                                                                                                                            
  Aggregation completed in 0.25s                                                                                                                            
ROUND 36 FINISHED in 155.88s (Avg: 155.20s)                                                                                                                 
  [Resume] Saved training checkpoint after round 36 →                                                                                                       
/home/luis.mendezl/Thesis/logs/runs/cifar10/fedavg/res9/alpha1000.0/seed42/checkpoints/training_state.pt                                                    
---------------------------- ROUND 37/50 START ----------------------------                                                                                 
Selected clients: [8, 0, 1, 9, 5, 7, 6, 4, 3, 2]                                                                                                            
  [Client 8] Starting local training...                                                                                                                     
  [Client 8] Finished training in 16.70s                                                                                                                    
  [Client 0] Starting local training...                                                                                                                     
  [Client 0] Finished training in 15.18s                                                                                                                    
  [Client 1] Starting local training...                                                                                                                     
  [Client 1] Finished training in 16.83s                                                                                                                    
  [Client 9] Starting local training...                                                                                                                     
  [Client 9] Finished training in 15.44s                                                                                                                    
  [Client 5] Starting local training...                                                                                                                     
  [Client 5] Finished training in 14.93s                                                                                                                    
  [Client 7] Starting local training...                                                                                                                     
  [Client 7] Finished training in 12.00s                                                                                                                    
  [Client 6] Starting local training...                                                                                                                     
  [Client 6] Finished training in 16.52s                                                                                                                    
  [Client 4] Starting local training...                                                                                                                     
  [Client 4] Finished training in 16.86s                                                                                                                    
  [Client 3] Starting local training...                                                                                                                     
  [Client 3] Finished training in 16.54s                                                                                                                    
  [Client 2] Starting local training...                                                                                                                     
  [Client 2] Finished training in 16.84s                                                                                                                    
  Starting weight aggregation...                                                                                                                            
  Aggregation completed in 0.22s                                                                                                                            
ROUND 37 FINISHED in 158.80s (Avg: 155.30s)                                                                                                                 
  [Resume] Saved training checkpoint after round 37 →                                                                                                       
/home/luis.mendezl/Thesis/logs/runs/cifar10/fedavg/res9/alpha1000.0/seed42/checkpoints/training_state.pt                                                    
---------------------------- ROUND 38/50 START ----------------------------                                                                                 
Selected clients: [2, 0, 4, 9, 8, 6, 1, 7, 5, 3]                                                                                                            
  [Client 2] Starting local training...                                                                                                                     
  [Client 2] Finished training in 16.36s                                                                                                                    
  [Client 0] Starting local training...                                                                                                                     
  [Client 0] Finished training in 15.97s                                                                                                                    
  [Client 4] Starting local training...                                                                                                                     
  [Client 4] Finished training in 16.48s                                                                                                                    
  [Client 9] Starting local training...                                                                                                                     
  [Client 9] Finished training in 14.14s                                                                                                                    
  [Client 8] Starting local training...                                                                                                                     
  [Client 8] Finished training in 11.29s                                                                                                                    
  [Client 6] Starting local training...                                                                                                                     
  [Client 6] Finished training in 16.50s                                                                                                                    
  [Client 1] Starting local training...                                                                                                                     
  [Client 1] Finished training in 16.82s                                                                                                                    
  [Client 7] Starting local training...                                                                                                                     
  [Client 7] Finished training in 16.89s                                                                                                                    
  [Client 5] Starting local training...                                                                                                                     
  [Client 5] Finished training in 15.56s                                                                                                                    
  [Client 3] Starting local training...                                                                                                                     
  [Client 3] Finished training in 16.80s                                                                                                                    
  Starting weight aggregation...                                                                                                                            
  Aggregation completed in 0.25s                                                                                                                            
ROUND 38 FINISHED in 157.77s (Avg: 155.36s)                                                                                                                 
  [Resume] Saved training checkpoint after round 38 →                                                                                                       
/home/luis.mendezl/Thesis/logs/runs/cifar10/fedavg/res9/alpha1000.0/seed42/checkpoints/training_state.pt                                                    
---------------------------- ROUND 39/50 START ----------------------------                                                                                 
Selected clients: [5, 8, 6, 4, 9, 1, 7, 0, 2, 3]                                                                                                            
  [Client 5] Starting local training...                                                                                                                     
  [Client 5] Finished training in 15.30s                                                                                                                    
  [Client 8] Starting local training...                                                                                                                     
  [Client 8] Finished training in 16.95s                                                                                                                    
  [Client 6] Starting local training...                                                                                                                     
  [Client 6] Finished training in 14.30s                                                                                                                    
  [Client 4] Starting local training...                                                                                                                     
  [Client 4] Finished training in 11.33s                                                                                                                    
  [Client 9] Starting local training...                                                                                                                     
  [Client 9] Finished training in 14.90s                                                                                                                    
  [Client 1] Starting local training...                                                                                                                     
  [Client 1] Finished training in 16.65s                                                                                                                    
  [Client 7] Starting local training...                                                                                                                     
  [Client 7] Finished training in 16.72s                                                                                                                    
  [Client 0] Starting local training...                                                                                                                     
  [Client 0] Finished training in 15.47s                                                                                                                    
  [Client 2] Starting local training...                                                                                                                     
  [Client 2] Finished training in 16.63s                                                                                                                    
  [Client 3] Starting local training...                                                                                                                     
  [Client 3] Finished training in 16.80s                                                                                                                    
  Starting weight aggregation...                                                                                                                            
  Aggregation completed in 0.15s                                                                                                                            
ROUND 39 FINISHED in 155.97s (Avg: 155.38s)                                                                                                                 
  [Resume] Saved training checkpoint after round 39 →                                                                                                       
/home/luis.mendezl/Thesis/logs/runs/cifar10/fedavg/res9/alpha1000.0/seed42/checkpoints/training_state.pt                                                    
---------------------------- ROUND 40/50 START ----------------------------                                                                                 
Selected clients: [0, 2, 5, 6, 3, 1, 8, 9, 7, 4]                                                                                                            
  [Client 0] Starting local training...                                                                                                                     
  [Client 0] Finished training in 15.70s                                                                                                                    
client [0]  (testset)   loss: 1.1419 -> 2.2197  accuracy: 60.81% -> 49.32%                                                                                  
  [Client 2] Starting local training...                                                                                                                     
  [Client 2] Finished training in 16.58s                                                                                                                    
client [2]  (testset)   loss: 1.0072 -> 1.8000  accuracy: 64.43% -> 49.66%                                                                                  
  [Client 5] Starting local training...                                                                                                                     
  [Client 5] Finished training in 10.68s                                                                                                                    
client [5]  (testset)   loss: 1.0958 -> 1.6966  accuracy: 55.41% -> 47.30%                                                                                  
  [Client 6] Starting local training...                                                                                                                     
  [Client 6] Finished training in 15.39s                                                                                                                    
client [6]  (testset)   loss: 1.2871 -> 2.0923  accuracy: 63.16% -> 42.11%                                                                                  
  [Client 3] Starting local training...                                                                                                                     
  [Client 3] Finished training in 16.78s                                                                                                                    
client [3]  (testset)   loss: 1.0652 -> 1.8013  accuracy: 65.10% -> 49.66%                                                                                  
  [Client 1] Starting local training...                                                                                                                     
  [Client 1] Finished training in 16.38s                                                                                                                    
client [1]  (testset)   loss: 1.2383 -> 1.6124  accuracy: 59.33% -> 52.00%                                                                                  
  [Client 8] Starting local training...                                                                                                                     
  [Client 8] Finished training in 16.87s                                                                                                                    
client [8]  (testset)   loss: 1.2597 -> 2.0595  accuracy: 60.67% -> 44.00%                                                                                  
  [Client 9] Starting local training...                                                                                                                     
  [Client 9] Finished training in 15.42s                                                                                                                    
client [9]  (testset)   loss: 1.1089 -> 1.7355  accuracy: 67.57% -> 46.62%                                                                                  
  [Client 7] Starting local training...                                                                                                                     
  [Client 7] Finished training in 16.86s                                                                                                                    
client [7]  (testset)   loss: 1.1172 -> 2.3220  accuracy: 62.67% -> 44.67%                                                                                  
  [Client 4] Starting local training...                                                                                                                     
  [Client 4] Finished training in 16.56s                                                                                                                    
client [4]  (testset)   loss: 1.3151 -> 2.7471  accuracy: 53.59% -> 39.22%                                                                                  
  [CKA] Saved checkpoints for round 40 (10 clients) → /home/luis.mendezl/Thesis/logs/runs/cifar10/fedavg/res9/alpha1000.0/seed42/checkpoints/round_0040     
  Starting weight aggregation...                                                                                                                            
  Aggregation completed in 0.26s                                                                                                                            
ROUND 40 FINISHED in 161.16s (Avg: 155.52s)                                                                                                                 
  [Resume] Saved training checkpoint after round 40 →                                                                                                       
/home/luis.mendezl/Thesis/logs/runs/cifar10/fedavg/res9/alpha1000.0/seed42/checkpoints/training_state.pt                                                    
---------------------------- ROUND 41/50 START ----------------------------                                                                                 
Selected clients: [0, 7, 3, 1, 8, 2, 4, 9, 5, 6]                                                                                                            
  [Client 0] Starting local training...                                                                                                                     
  [Client 0] Finished training in 14.80s                                                                                                                    
  [Client 7] Starting local training...                                                                                                                     
  [Client 7] Finished training in 10.76s                                                                                                                    
  [Client 3] Starting local training...                                                                                                                     
  [Client 3] Finished training in 16.26s                                                                                                                    
  [Client 1] Starting local training...                                                                                                                     
  [Client 1] Finished training in 16.81s                                                                                                                    
  [Client 8] Starting local training...                                                                                                                     
  [Client 8] Finished training in 17.05s                                                                                                                    
  [Client 2] Starting local training...                                                                                                                     
  [Client 2] Finished training in 16.68s                                                                                                                    
  [Client 4] Starting local training...                                                                                                                     
  [Client 4] Finished training in 16.84s                                                                                                                    
  [Client 9] Starting local training...                                                                                                                     
  [Client 9] Finished training in 15.45s                                                                                                                    
  [Client 5] Starting local training...                                                                                                                     
  [Client 5] Finished training in 15.35s                                                                                                                    
  [Client 6] Starting local training...                                                                                                                     
  [Client 6] Finished training in 16.85s                                                                                                                    
  Starting weight aggregation...                                                                                                                            
  Aggregation completed in 0.15s                                                                                                                            
ROUND 41 FINISHED in 157.76s (Avg: 155.58s)                                                                                                                 
  [Resume] Saved training checkpoint after round 41 →                                                                                                       
/home/luis.mendezl/Thesis/logs/runs/cifar10/fedavg/res9/alpha1000.0/seed42/checkpoints/training_state.pt                                                    
---------------------------- ROUND 42/50 START ----------------------------                                                                                 
Selected clients: [3, 6, 5, 2, 0, 8, 4, 9, 1, 7]                                                                                                            
  [Client 3] Starting local training...                                                                                                                     
  [Client 3] Finished training in 10.56s                                                                                                                    
  [Client 6] Starting local training...                                                                                                                     
  [Client 6] Finished training in 16.77s                                                                                                                    
  [Client 5] Starting local training...                                                                                                                     
  [Client 5] Finished training in 15.63s                                                                                                                    
  [Client 2] Starting local training...                                                                                                                     
  [Client 2] Finished training in 16.88s                                                                                                                    
  [Client 0] Starting local training...                                                                                                                     
  [Client 0] Finished training in 15.76s                                                                                                                    
  [Client 8] Starting local training...                                                                                                                     
  [Client 8] Finished training in 16.57s                                                                                                                    
  [Client 4] Starting local training...                                                                                                                     
  [Client 4] Finished training in 17.03s                                                                                                                    
  [Client 9] Starting local training...                                                                                                                     
  [Client 9] Finished training in 15.42s                                                                                                                    
  [Client 1] Starting local training...                                                                                                                     
  [Client 1] Finished training in 16.65s                                                                                                                    
  [Client 7] Starting local training...                                                                                                                     
  [Client 7] Finished training in 16.37s                                                                                                                    
  Starting weight aggregation...                                                                                                                            
  Aggregation completed in 0.22s                                                                                                                            
ROUND 42 FINISHED in 158.60s (Avg: 155.65s)                                                                                                                 
  [Resume] Saved training checkpoint after round 42 →                                                                                                       
/home/luis.mendezl/Thesis/logs/runs/cifar10/fedavg/res9/alpha1000.0/seed42/checkpoints/training_state.pt                                                    
---------------------------- ROUND 43/50 START ----------------------------                                                                                 
Selected clients: [0, 1, 4, 8, 7, 2, 9, 3, 6, 5]                                                                                                            
  [Client 0] Starting local training...                                                                                                                     
  [Client 0] Finished training in 15.55s                                                                                                                    
  [Client 1] Starting local training...                                                                                                                     
  [Client 1] Finished training in 16.74s                                                                                                                    
  [Client 4] Starting local training...                                                                                                                     
  [Client 4] Finished training in 16.56s                                                                                                                    
  [Client 8] Starting local training...                                                                                                                     
  [Client 8] Finished training in 17.08s                                                                                                                    
  [Client 7] Starting local training...                                                                                                                     
  [Client 7] Finished training in 16.46s                                                                                                                    
  [Client 2] Starting local training...                                                                                                                     
  [Client 2] Finished training in 16.66s                                                                                                                    
  [Client 9] Starting local training...                                                                                                                     
  [Client 9] Finished training in 15.72s                                                                                                                    
  [Client 3] Starting local training...                                                                                                                     
  [Client 3] Finished training in 16.64s                                                                                                                    
  [Client 6] Starting local training...                                                                                                                     
  [Client 6] Finished training in 16.50s                                                                                                                    
  [Client 5] Starting local training...                                                                                                                     
  [Client 5] Finished training in 11.50s                                                                                                                    
  Starting weight aggregation...                                                                                                                            
  Aggregation completed in 0.15s                                                                                                                            
ROUND 43 FINISHED in 160.27s (Avg: 155.76s)                                                                                                                 
  [Resume] Saved training checkpoint after round 43 →                                                                                                       
/home/luis.mendezl/Thesis/logs/runs/cifar10/fedavg/res9/alpha1000.0/seed42/checkpoints/training_state.pt                                                    
---------------------------- ROUND 44/50 START ----------------------------                                                                                 
Selected clients: [5, 6, 1, 3, 4, 7, 2, 0, 9, 8]                                                                                                            
  [Client 5] Starting local training...                                                                                                                     
  [Client 5] Finished training in 15.38s                                                                                                                    
  [Client 6] Starting local training...                                                                                                                     
  [Client 6] Finished training in 16.76s                                                                                                                    
  [Client 1] Starting local training...                                                                                                                     
  [Client 1] Finished training in 16.27s                                                                                                                    
  [Client 3] Starting local training...                                                                                                                     
  [Client 3] Finished training in 16.74s                                                                                                                    
  [Client 4] Starting local training...                                                                                                                     
  [Client 4] Finished training in 16.49s                                                                                                                    
  [Client 7] Starting local training...                                                                                                                     
  [Client 7] Finished training in 16.92s                                                                                                                    
  [Client 2] Starting local training...                                                                                                                     
  [Client 2] Finished training in 16.36s                                                                                                                    
  [Client 0] Starting local training...                                                                                                                     
  [Client 0] Finished training in 15.97s                                                                                                                    
  [Client 9] Starting local training...                                                                                                                     
  [Client 9] Finished training in 11.21s                                                                                                                    
  [Client 8] Starting local training...                                                                                                                     
  [Client 8] Finished training in 14.48s                                                                                                                    
  Starting weight aggregation...                                                                                                                            
  Aggregation completed in 0.18s                                                                                                                            
ROUND 44 FINISHED in 157.42s (Avg: 155.80s)                                                                                                                 
  [Resume] Saved training checkpoint after round 44 →                                                                                                       
/home/luis.mendezl/Thesis/logs/runs/cifar10/fedavg/res9/alpha1000.0/seed42/checkpoints/training_state.pt                                                    
---------------------------- ROUND 45/50 START ----------------------------                                                                                 
Selected clients: [8, 9, 3, 2, 7, 0, 6, 5, 1, 4]                                                                                                            
  [Client 8] Starting local training...                                                                                                                     
  [Client 8] Finished training in 16.55s                                                                                                                    
  [Client 9] Starting local training...                                                                                                                     
  [Client 9] Finished training in 15.30s                                                                                                                    
  [Client 3] Starting local training...                                                                                                                     
  [Client 3] Finished training in 16.98s                                                                                                                    
  [Client 2] Starting local training...                                                                                                                     
  [Client 2] Finished training in 16.55s                                                                                                                    
  [Client 7] Starting local training...                                                                                                                     
  [Client 7] Finished training in 17.05s                                                                                                                    
  [Client 0] Starting local training...                                                                                                                     
  [Client 0] Finished training in 15.33s                                                                                                                    
  [Client 6] Starting local training...                                                                                                                     
  [Client 6] Finished training in 16.93s                                                                                                                    
  [Client 5] Starting local training...                                                                                                                     
  [Client 5] Finished training in 12.30s                                                                                                                    
  [Client 1] Starting local training...                                                                                                                     
  [Client 1] Finished training in 13.79s                                                                                                                    
  [Client 4] Starting local training...                                                                                                                     
  [Client 4] Finished training in 16.87s                                                                                                                    
  Starting weight aggregation...                                                                                                                            
  Aggregation completed in 0.25s                                                                                                                            
ROUND 45 FINISHED in 158.56s (Avg: 155.86s)                                                                                                                 
  [Resume] Saved training checkpoint after round 45 →                                                                                                       
/home/luis.mendezl/Thesis/logs/runs/cifar10/fedavg/res9/alpha1000.0/seed42/checkpoints/training_state.pt                                                    
---------------------------- ROUND 46/50 START ----------------------------                                                                                 
Selected clients: [4, 8, 9, 5, 3, 2, 6, 7, 1, 0]                                                                                                            
  [Client 4] Starting local training...                                                                                                                     
  [Client 4] Finished training in 17.17s                                                                                                                    
  [Client 8] Starting local training...                                                                                                                     
  [Client 8] Finished training in 17.04s                                                                                                                    
  [Client 9] Starting local training...                                                                                                                     
  [Client 9] Finished training in 15.91s                                                                                                                    
  [Client 5] Starting local training...                                                                                                                     
  [Client 5] Finished training in 15.66s                                                                                                                    
  [Client 3] Starting local training...                                                                                                                     
  [Client 3] Finished training in 16.94s                                                                                                                    
  [Client 2] Starting local training...                                                                                                                     
  [Client 2] Finished training in 17.14s                                                                                                                    
  [Client 6] Starting local training...                                                                                                                     
  [Client 6] Finished training in 11.34s                                                                                                                    
  [Client 7] Starting local training...                                                                                                                     
  [Client 7] Finished training in 15.23s                                                                                                                    
  [Client 1] Starting local training...                                                                                                                     
  [Client 1] Finished training in 17.10s                                                                                                                    
  [Client 0] Starting local training...                                                                                                                     
  [Client 0] Finished training in 15.71s                                                                                                                    
  Starting weight aggregation...                                                                                                                            
  Aggregation completed in 0.23s                                                                                                                            
ROUND 46 FINISHED in 160.14s (Avg: 155.95s)                                                                                                                 
  [Resume] Saved training checkpoint after round 46 →                                                                                                       
/home/luis.mendezl/Thesis/logs/runs/cifar10/fedavg/res9/alpha1000.0/seed42/checkpoints/training_state.pt                                                    
---------------------------- ROUND 47/50 START ----------------------------                                                                                 
Selected clients: [3, 6, 8, 5, 7, 1, 2, 4, 0, 9]                                                                                                            
  [Client 3] Starting local training...                                                                                                                     
  [Client 3] Finished training in 16.83s                                                                                                                    
  [Client 6] Starting local training...                                                                                                                     
  [Client 6] Finished training in 16.65s                                                                                                                    
  [Client 8] Starting local training...                                                                                                                     
  [Client 8] Finished training in 16.67s                                                                                                                    
  [Client 5] Starting local training...                                                                                                                     
  [Client 5] Finished training in 15.84s                                                                                                                    
  [Client 7] Starting local training...                                                                                                                     
  [Client 7] Finished training in 16.47s                                                                                                                    
  [Client 1] Starting local training...                                                                                                                     
  [Client 1] Finished training in 11.62s                                                                                                                    
  [Client 2] Starting local training...                                                                                                                     
  [Client 2] Finished training in 16.45s                                                                                                                    
  [Client 4] Starting local training...                                                                                                                     
  [Client 4] Finished training in 16.78s                                                                                                                    
  [Client 0] Starting local training...                                                                                                                     
  [Client 0] Finished training in 16.22s                                                                                                                    
  [Client 9] Starting local training...                                                                                                                     
  [Client 9] Finished training in 15.62s                                                                                                                    
  Starting weight aggregation...                                                                                                                            
  Aggregation completed in 0.24s                                                                                                                            
ROUND 47 FINISHED in 160.06s (Avg: 156.04s)                                                                                                                 
  [Resume] Saved training checkpoint after round 47 →                                                                                                       
/home/luis.mendezl/Thesis/logs/runs/cifar10/fedavg/res9/alpha1000.0/seed42/checkpoints/training_state.pt                                                    
---------------------------- ROUND 48/50 START ----------------------------                                                                                 
Selected clients: [4, 3, 6, 7, 9, 5, 2, 1, 8, 0]                                                                                                            
  [Client 4] Starting local training...                                                                                                                     
  [Client 4] Finished training in 17.87s                                                                                                                    
  [Client 3] Starting local training...                                                                                                                     
  [Client 3] Finished training in 16.91s                                                                                                                    
  [Client 6] Starting local training...                                                                                                                     
  [Client 6] Finished training in 16.40s                                                                                                                    
  [Client 7] Starting local training...                                                                                                                     
  [Client 7] Finished training in 16.77s                                                                                                                    
  [Client 9] Starting local training...                                                                                                                     
  [Client 9] Finished training in 10.97s                                                                                                                    
  [Client 5] Starting local training...                                                                                                                     
  [Client 5] Finished training in 8.84s                                                                                                                     
  [Client 2] Starting local training...                                                                                                                     
  [Client 2] Finished training in 8.56s                                                                                                                     
  [Client 1] Starting local training...                                                                                                                     
  [Client 1] Finished training in 15.73s                                                                                                                    
  [Client 8] Starting local training...                                                                                                                     
  [Client 8] Finished training in 16.26s                                                                                                                    
  [Client 0] Starting local training...                                                                                                                     
  [Client 0] Finished training in 16.53s                                                                                                                    
  Starting weight aggregation...                                                                                                                            
  Aggregation completed in 0.24s                                                                                                                            
ROUND 48 FINISHED in 145.77s (Avg: 155.82s)                                                                                                                 
  [Resume] Saved training checkpoint after round 48 →                                                                                                       
/home/luis.mendezl/Thesis/logs/runs/cifar10/fedavg/res9/alpha1000.0/seed42/checkpoints/training_state.pt                                                    
---------------------------- ROUND 49/50 START ----------------------------                                                                                 
Selected clients: [3, 8, 7, 6, 5, 1, 0, 4, 2, 9]                                                                                                            
  [Client 3] Starting local training...                                                                                                                     
  [Client 3] Finished training in 17.52s                                                                                                                    
  [Client 8] Starting local training...                                                                                                                     
  [Client 8] Finished training in 18.58s                                                                                                                    
  [Client 7] Starting local training...                                                                                                                     
  [Client 7] Finished training in 16.71s                                                                                                                    
  [Client 6] Starting local training...                                                                                                                     
  [Client 6] Finished training in 17.53s                                                                                                                    
  [Client 5] Starting local training...                                                                                                                     
  [Client 5] Finished training in 12.23s                                                                                                                    
  [Client 1] Starting local training...                                                                                                                     
  [Client 1] Finished training in 14.23s                                                                                                                    
  [Client 0] Starting local training...                                                                                                                     
  [Client 0] Finished training in 15.97s                                                                                                                    
  [Client 4] Starting local training...                                                                                                                     
  [Client 4] Finished training in 17.36s                                                                                                                    
  [Client 2] Starting local training...                                                                                                                     
  [Client 2] Finished training in 17.25s                                                                                                                    
  [Client 9] Starting local training...                                                                                                                     
  [Client 9] Finished training in 16.56s                                                                                                                    
  Starting weight aggregation...                                                                                                                            
  Aggregation completed in 0.24s                                                                                                                            
ROUND 49 FINISHED in 164.86s (Avg: 156.01s)                                                                                                                 
  [Resume] Saved training checkpoint after round 49 →                                                                                                       
/home/luis.mendezl/Thesis/logs/runs/cifar10/fedavg/res9/alpha1000.0/seed42/checkpoints/training_state.pt                                                    
---------------------------- ROUND 50/50 START ----------------------------                                                                                 
Selected clients: [3, 4, 9, 6, 1, 5, 0, 7, 2, 8]                                                                                                            
  [Client 3] Starting local training...                                                                                                                     
  [Client 3] Finished training in 17.55s                                                                                                                    
client [3]  (testset)   loss: 1.0022 -> 2.1499  accuracy: 66.44% -> 48.99%                                                                                  
  [Client 4] Starting local training...                                                                                                                     
  [Client 4] Finished training in 16.83s                                                                                                                    
client [4]  (testset)   loss: 1.3034 -> 1.9158  accuracy: 56.86% -> 45.10%                                                                                  
  [Client 9] Starting local training...                                                                                                                     
  [Client 9] Finished training in 13.47s                                                                                                                    
client [9]  (testset)   loss: 1.0033 -> 1.9130  accuracy: 64.86% -> 48.65%                                                                                  
  [Client 6] Starting local training...                                                                                                                     
  [Client 6] Finished training in 14.05s                                                                                                                    
client [6]  (testset)   loss: 1.2430 -> 2.7174  accuracy: 64.47% -> 37.50%                                                                                  
  [Client 1] Starting local training...                                                                                                                     
  [Client 1] Finished training in 17.69s                                                                                                                    
client [1]  (testset)   loss: 1.2114 -> 2.0784  accuracy: 62.67% -> 48.67%                                                                                  
  [Client 5] Starting local training...                                                                                                                     
  [Client 5] Finished training in 16.84s                                                                                                                    
client [5]  (testset)   loss: 1.0375 -> 1.8894  accuracy: 58.11% -> 47.97%                                                                                  
  [Client 0] Starting local training...                                                                                                                     
  [Client 0] Finished training in 16.26s                                                                                                                    
client [0]  (testset)   loss: 1.1278 -> 1.6600  accuracy: 63.51% -> 54.05%                                                                                  
  [Client 7] Starting local training...                                                                                                                     
  [Client 7] Finished training in 17.29s                                                                                                                    
client [7]  (testset)   loss: 1.0638 -> 1.5235  accuracy: 66.67% -> 58.67%                                                                                  
  [Client 2] Starting local training...                                                                                                                     
  [Client 2] Finished training in 17.27s                                                                                                                    
client [2]  (testset)   loss: 0.9484 -> 2.1915  accuracy: 65.10% -> 44.30%                                                                                  
  [Client 8] Starting local training...                                                                                                                     
  [Client 8] Finished training in 17.08s                                                                                                                    
client [8]  (testset)   loss: 1.2274 -> 1.6930  accuracy: 62.67% -> 51.33%                                                                                  
  [CKA] Saved checkpoints for round 50 (10 clients) → /home/luis.mendezl/Thesis/logs/runs/cifar10/fedavg/res9/alpha1000.0/seed42/checkpoints/round_0050     
  Starting weight aggregation...                                                                                                                            
  Aggregation completed in 0.23s                                                                                                                            
ROUND 50 FINISHED in 168.33s (Avg: 156.25s)                                                                                                                 
  [Resume] Saved training checkpoint after round 50 →                                                                                                       
/home/luis.mendezl/Thesis/logs/runs/cifar10/fedavg/res9/alpha1000.0/seed42/checkpoints/training_state.pt                                                    
CKADriftFedAvg's average time taken by each global epoch: 2 min 36.25 sec.                                                                                  
CKADriftFedAvg's total running time: 2 h 20 m 18 s.                                                                                                         
==================== CKADriftFedAvg Experiment Results: ====================                                                                                
Display format: (before local fine-tuning) -> (after local fine-tuning)                                                                                     
 So if finetune_epoch = 0, x.xx% -> 0.00% is normal.                                                                                                        
 Centralized testing ONLY happens after model aggregation, so the stats between '->' are the same.                                                          
{                                                                                                                                                           
    "1": {                                                                                                                                                  
        "centralized": {                                                                                                                                    
            "test": {                                                                                                                                       
                "loss": "2.2270 -> 2.2270",                                                                                                                 
                "accuracy": "16.90% -> 16.90%"                                                                                                              
            }                                                                                                                                               
        },                                                                                                                                                  
        "all_clients": {                                                                                                                                    
            "test": {                                                                                                                                       
                "loss": "2.2270 -> 0.0000",                                                                                                                 
                "accuracy": "16.90% -> 0.00%"                                                                                                               
            }                                                                                                                                               
        }                                                                                                                                                   
    },                                                                                                                                                      
    "2": {                                                                                                                                                  
        "centralized": {                                                                                                                                    
            "test": {                                                                                                                                       
                "loss": "2.0772 -> 2.0772",                                                                                                                 
                "accuracy": "24.25% -> 24.25%"                                                                                                              
            }                                                                                                                                               
        },                                                                                                                                                  
        "all_clients": {                                                                                                                                    
            "test": {                                                                                                                                       
                "loss": "2.0772 -> 0.0000",                                                                                                                 
                "accuracy": "24.25% -> 0.00%"                                                                                                               
            }                                                                                                                                               
        }                                                                                                                                                   
    },                                                                                                                                                      
    "3": {                                                                                                                                                  
        "centralized": {                                                                                                                                    
            "test": {                                                                                                                                       
                "loss": "2.0175 -> 2.0175",                                                                                                                 
                "accuracy": "27.59% -> 27.59%"                                                                                                              
            }                                                                                                                                               
        },                                                                                                                                                  
        "all_clients": {                                                                                                                                    
            "test": {                                                                                                                                       
                "loss": "2.0175 -> 0.0000",                                                                                                                 
                "accuracy": "27.59% -> 0.00%"                                                                                                               
            }                                                                                                                                               
        }                                                                                                                                                   
    },                                                                                                                                                      
    "4": {                                                                                                                                                  
        "centralized": {                                                                                                                                    
            "test": {                                                                                                                                       
                "loss": "2.0251 -> 2.0251",                                                                                                                 
                "accuracy": "28.12% -> 28.12%"                                                                                                              
            }                                                                                                                                               
        },                                                                                                                                                  
        "all_clients": {                                                                                                                                    
            "test": {                                                                                                                                       
                "loss": "2.0251 -> 0.0000",                                                                                                                 
                "accuracy": "28.12% -> 0.00%"                                                                                                               
            }                                                                                                                                               
        }                                                                                                                                                   
    },                                                                                                                                                      
    "5": {                                                                                                                                                  
        "centralized": {                                                                                                                                    
            "test": {                                                                                                                                       
                "loss": "1.8607 -> 1.8607",                                                                                                                 
                "accuracy": "33.07% -> 33.07%"                                                                                                              
            }                                                                                                                                               
        },                                                                                                                                                  
        "all_clients": {                                                                                                                                    
            "test": {                                                                                                                                       
                "loss": "1.8607 -> 0.0000",                                                                                                                 
                "accuracy": "33.07% -> 0.00%"                                                                                                               
            }                                                                                                                                               
        }                                                                                                                                                   
    },                                                                                                                                                      
    "6": {                                                                                                                                                  
        "centralized": {                                                                                                                                    
            "test": {                                                                                                                                       
                "loss": "1.7580 -> 1.7580",                                                                                                                 
                "accuracy": "37.01% -> 37.01%"                                                                                                              
            }                                                                                                                                               
        },                                                                                                                                                  
        "all_clients": {                                                                                                                                    
            "test": {                                                                                                                                       
                "loss": "1.7580 -> 0.0000",                                                                                                                 
                "accuracy": "37.01% -> 0.00%"                                                                                                               
            }                                                                                                                                               
        }                                                                                                                                                   
    },                                                                                                                                                      
    "7": {                                                                                                                                                  
        "centralized": {                                                                                                                                    
            "test": {                                                                                                                                       
                "loss": "1.7469 -> 1.7469",                                                                                                                 
                "accuracy": "37.41% -> 37.41%"                                                                                                              
            }                                                                                                                                               
        },                                                                                                                                                  
        "all_clients": {                                                                                                                                    
            "test": {                                                                                                                                       
                "loss": "1.7469 -> 0.0000",                                                                                                                 
                "accuracy": "37.41% -> 0.00%"                                                                                                               
            }                                                                                                                                               
        }                                                                                                                                                   
    },                                                                                                                                                      
    "8": {                                                                                                                                                  
        "centralized": {                                                                                                                                    
            "test": {                                                                                                                                       
                "loss": "1.6487 -> 1.6487",                                                                                                                 
                "accuracy": "38.81% -> 38.81%"                                                                                                              
            }                                                                                                                                               
        },                                                                                                                                                  
        "all_clients": {                                                                                                                                    
            "test": {                                                                                                                                       
                "loss": "1.6487 -> 0.0000",                                                                                                                 
                "accuracy": "38.81% -> 0.00%"                                                                                                               
            }                                                                                                                                               
        }                                                                                                                                                   
    },                                                                                                                                                      
    "9": {                                                                                                                                                  
        "centralized": {                                                                                                                                    
            "test": {                                                                                                                                       
                "loss": "1.5827 -> 1.5827",                                                                                                                 
                "accuracy": "41.28% -> 41.28%"                                                                                                              
            }                                                                                                                                               
        },                                                                                                                                                  
        "all_clients": {                                                                                                                                    
            "test": {                                                                                                                                       
                "loss": "1.5827 -> 0.0000",                                                                                                                 
                "accuracy": "41.28% -> 0.00%"                                                                                                               
            }                                                                                                                                               
        }                                                                                                                                                   
    },                                                                                                                                                      
    "10": {                                                                                                                                                 
        "centralized": {                                                                                                                                    
            "test": {                                                                                                                                       
                "loss": "1.5203 -> 1.5203",                                                                                                                 
                "accuracy": "45.42% -> 45.42%"                                                                                                              
            }                                                                                                                                               
        },                                                                                                                                                  
        "all_clients": {                                                                                                                                    
            "test": {                                                                                                                                       
                "loss": "1.5203 -> 0.0000",                                                                                                                 
                "accuracy": "45.42% -> 0.00%"                                                                                                               
            }                                                                                                                                               
        }                                                                                                                                                   
    },                                                                                                                                                      
    "11": {                                                                                                                                                 
        "centralized": {                                                                                                                                    
            "test": {                                                                                                                                       
                "loss": "1.4874 -> 1.4874",                                                                                                                 
                "accuracy": "46.56% -> 46.56%"                                                                                                              
            }                                                                                                                                               
        },                                                                                                                                                  
        "all_clients": {                                                                                                                                    
            "test": {                                                                                                                                       
                "loss": "1.4874 -> 0.0000",                                                                                                                 
                "accuracy": "46.56% -> 0.00%"                                                                                                               
            }                                                                                                                                               
        }                                                                                                                                                   
    },                                                                                                                                                      
    "12": {                                                                                                                                                 
        "centralized": {                                                                                                                                    
            "test": {                                                                                                                                       
                "loss": "1.4391 -> 1.4391",                                                                                                                 
                "accuracy": "48.63% -> 48.63%"                                                                                                              
            }                                                                                                                                               
        },                                                                                                                                                  
        "all_clients": {                                                                                                                                    
            "test": {                                                                                                                                       
                "loss": "1.4391 -> 0.0000",                                                                                                                 
                "accuracy": "48.63% -> 0.00%"                                                                                                               
            }                                                                                                                                               
        }                                                                                                                                                   
    },                                                                                                                                                      
    "13": {                                                                                                                                                 
        "centralized": {                                                                                                                                    
            "test": {                                                                                                                                       
                "loss": "1.4318 -> 1.4318",                                                                                                                 
                "accuracy": "48.03% -> 48.03%"                                                                                                              
            }                                                                                                                                               
        },                                                                                                                                                  
        "all_clients": {                                                                                                                                    
            "test": {                                                                                                                                       
                "loss": "1.4318 -> 0.0000",                                                                                                                 
                "accuracy": "48.03% -> 0.00%"                                                                                                               
            }                                                                                                                                               
        }                                                                                                                                                   
    },                                                                                                                                                      
    "14": {                                                                                                                                                 
        "centralized": {                                                                                                                                    
            "test": {                                                                                                                                       
                "loss": "1.3919 -> 1.3919",                                                                                                                 
                "accuracy": "50.63% -> 50.63%"                                                                                                              
            }                                                                                                                                               
        },                                                                                                                                                  
        "all_clients": {                                                                                                                                    
            "test": {                                                                                                                                       
                "loss": "1.3919 -> 0.0000",                                                                                                                 
                "accuracy": "50.63% -> 0.00%"                                                                                                               
            }                                                                                                                                               
        }                                                                                                                                                   
    },                                                                                                                                                      
    "15": {                                                                                                                                                 
        "centralized": {                                                                                                                                    
            "test": {                                                                                                                                       
                "loss": "1.3691 -> 1.3691",                                                                                                                 
                "accuracy": "50.50% -> 50.50%"                                                                                                              
            }                                                                                                                                               
        },                                                                                                                                                  
        "all_clients": {                                                                                                                                    
            "test": {                                                                                                                                       
                "loss": "1.3691 -> 0.0000",                                                                                                                 
                "accuracy": "50.50% -> 0.00%"                                                                                                               
            }                                                                                                                                               
        }                                                                                                                                                   
    },                                                                                                                                                      
    "16": {                                                                                                                                                 
        "centralized": {                                                                                                                                    
            "test": {                                                                                                                                       
                "loss": "1.2959 -> 1.2959",                                                                                                                 
                "accuracy": "54.31% -> 54.31%"                                                                                                              
            }                                                                                                                                               
        },                                                                                                                                                  
        "all_clients": {                                                                                                                                    
            "test": {                                                                                                                                       
                "loss": "1.2959 -> 0.0000",                                                                                                                 
                "accuracy": "54.31% -> 0.00%"                                                                                                               
            }                                                                                                                                               
        }                                                                                                                                                   
    },                                                                                                                                                      
    "17": {                                                                                                                                                 
        "centralized": {                                                                                                                                    
            "test": {                                                                                                                                       
                "loss": "1.3186 -> 1.3186",                                                                                                                 
                "accuracy": "53.84% -> 53.84%"                                                                                                              
            }                                                                                                                                               
        },                                                                                                                                                  
        "all_clients": {                                                                                                                                    
            "test": {                                                                                                                                       
                "loss": "1.3186 -> 0.0000",                                                                                                                 
                "accuracy": "53.84% -> 0.00%"                                                                                                               
            }                                                                                                                                               
        }                                                                                                                                                   
    },                                                                                                                                                      
    "18": {                                                                                                                                                 
        "centralized": {                                                                                                                                    
            "test": {                                                                                                                                       
                "loss": "1.2740 -> 1.2740",                                                                                                                 
                "accuracy": "55.38% -> 55.38%"                                                                                                              
            }                                                                                                                                               
        },                                                                                                                                                  
        "all_clients": {                                                                                                                                    
            "test": {                                                                                                                                       
                "loss": "1.2740 -> 0.0000",                                                                                                                 
                "accuracy": "55.38% -> 0.00%"                                                                                                               
            }                                                                                                                                               
        }                                                                                                                                                   
    },                                                                                                                                                      
    "19": {                                                                                                                                                 
        "centralized": {                                                                                                                                    
            "test": {                                                                                                                                       
                "loss": "1.2813 -> 1.2813",                                                                                                                 
                "accuracy": "55.11% -> 55.11%"                                                                                                              
            }                                                                                                                                               
        },                                                                                                                                                  
        "all_clients": {                                                                                                                                    
            "test": {                                                                                                                                       
                "loss": "1.2813 -> 0.0000",                                                                                                                 
                "accuracy": "55.11% -> 0.00%"                                                                                                               
            }                                                                                                                                               
        }                                                                                                                                                   
    },                                                                                                                                                      
    "20": {                                                                                                                                                 
        "centralized": {                                                                                                                                    
            "test": {                                                                                                                                       
                "loss": "1.2711 -> 1.2711",                                                                                                                 
                "accuracy": "55.71% -> 55.71%"                                                                                                              
            }                                                                                                                                               
        },                                                                                                                                                  
        "all_clients": {                                                                                                                                    
            "test": {                                                                                                                                       
                "loss": "1.2711 -> 0.0000",                                                                                                                 
                "accuracy": "55.71% -> 0.00%"                                                                                                               
            }                                                                                                                                               
        }                                                                                                                                                   
    },                                                                                                                                                      
    "21": {                                                                                                                                                 
        "centralized": {                                                                                                                                    
            "test": {                                                                                                                                       
                "loss": "1.2614 -> 1.2614",                                                                                                                 
                "accuracy": "55.44% -> 55.44%"                                                                                                              
            }                                                                                                                                               
        },                                                                                                                                                  
        "all_clients": {                                                                                                                                    
            "test": {                                                                                                                                       
                "loss": "1.2614 -> 0.0000",                                                                                                                 
                "accuracy": "55.44% -> 0.00%"                                                                                                               
            }                                                                                                                                               
        }                                                                                                                                                   
    },                                                                                                                                                      
    "22": {                                                                                                                                                 
        "centralized": {                                                                                                                                    
            "test": {                                                                                                                                       
                "loss": "1.2595 -> 1.2595",                                                                                                                 
                "accuracy": "54.58% -> 54.58%"                                                                                                              
            }                                                                                                                                               
        },                                                                                                                                                  
        "all_clients": {                                                                                                                                    
            "test": {                                                                                                                                       
                "loss": "1.2595 -> 0.0000",                                                                                                                 
                "accuracy": "54.58% -> 0.00%"                                                                                                               
            }                                                                                                                                               
        }                                                                                                                                                   
    },                                                                                                                                                      
    "23": {                                                                                                                                                 
        "centralized": {                                                                                                                                    
            "test": {                                                                                                                                       
                "loss": "1.2494 -> 1.2494",                                                                                                                 
                "accuracy": "57.31% -> 57.31%"                                                                                                              
            }                                                                                                                                               
        },                                                                                                                                                  
        "all_clients": {                                                                                                                                    
            "test": {                                                                                                                                       
                "loss": "1.2494 -> 0.0000",                                                                                                                 
                "accuracy": "57.31% -> 0.00%"                                                                                                               
            }                                                                                                                                               
        }                                                                                                                                                   
    },                                                                                                                                                      
    "24": {                                                                                                                                                 
        "centralized": {                                                                                                                                    
            "test": {                                                                                                                                       
                "loss": "1.2338 -> 1.2338",                                                                                                                 
                "accuracy": "55.85% -> 55.85%"                                                                                                              
            }                                                                                                                                               
        },                                                                                                                                                  
        "all_clients": {                                                                                                                                    
            "test": {                                                                                                                                       
                "loss": "1.2338 -> 0.0000",                                                                                                                 
                "accuracy": "55.85% -> 0.00%"                                                                                                               
            }                                                                                                                                               
        }                                                                                                                                                   
    },                                                                                                                                                      
    "25": {                                                                                                                                                 
        "centralized": {                                                                                                                                    
            "test": {                                                                                                                                       
                "loss": "1.2101 -> 1.2101",                                                                                                                 
                "accuracy": "59.05% -> 59.05%"                                                                                                              
            }                                                                                                                                               
        },                                                                                                                                                  
        "all_clients": {                                                                                                                                    
            "test": {                                                                                                                                       
                "loss": "1.2101 -> 0.0000",                                                                                                                 
                "accuracy": "59.05% -> 0.00%"                                                                                                               
            }                                                                                                                                               
        }                                                                                                                                                   
    },                                                                                                                                                      
    "26": {                                                                                                                                                 
        "centralized": {                                                                                                                                    
            "test": {                                                                                                                                       
                "loss": "1.2018 -> 1.2018",                                                                                                                 
                "accuracy": "58.38% -> 58.38%"                                                                                                              
            }                                                                                                                                               
        },                                                                                                                                                  
        "all_clients": {                                                                                                                                    
            "test": {                                                                                                                                       
                "loss": "1.2018 -> 0.0000",                                                                                                                 
                "accuracy": "58.38% -> 0.00%"                                                                                                               
            }                                                                                                                                               
        }                                                                                                                                                   
    },                                                                                                                                                      
    "27": {                                                                                                                                                 
        "centralized": {                                                                                                                                    
            "test": {                                                                                                                                       
                "loss": "1.2786 -> 1.2786",                                                                                                                 
                "accuracy": "55.58% -> 55.58%"                                                                                                              
            }                                                                                                                                               
        },                                                                                                                                                  
        "all_clients": {                                                                                                                                    
            "test": {                                                                                                                                       
                "loss": "1.2786 -> 0.0000",                                                                                                                 
                "accuracy": "55.58% -> 0.00%"                                                                                                               
            }                                                                                                                                               
        }                                                                                                                                                   
    },                                                                                                                                                      
    "28": {                                                                                                                                                 
        "centralized": {                                                                                                                                    
            "test": {                                                                                                                                       
                "loss": "1.1941 -> 1.1941",                                                                                                                 
                "accuracy": "58.45% -> 58.45%"                                                                                                              
            }                                                                                                                                               
        },                                                                                                                                                  
        "all_clients": {                                                                                                                                    
            "test": {                                                                                                                                       
                "loss": "1.1941 -> 0.0000",                                                                                                                 
                "accuracy": "58.45% -> 0.00%"                                                                                                               
            }                                                                                                                                               
        }                                                                                                                                                   
    },                                                                                                                                                      
    "29": {                                                                                                                                                 
        "centralized": {                                                                                                                                    
            "test": {                                                                                                                                       
                "loss": "1.1733 -> 1.1733",                                                                                                                 
                "accuracy": "58.98% -> 58.98%"                                                                                                              
            }                                                                                                                                               
        },                                                                                                                                                  
        "all_clients": {                                                                                                                                    
            "test": {                                                                                                                                       
                "loss": "1.1733 -> 0.0000",                                                                                                                 
                "accuracy": "58.98% -> 0.00%"                                                                                                               
            }                                                                                                                                               
        }                                                                                                                                                   
    },                                                                                                                                                      
    "30": {                                                                                                                                                 
        "centralized": {                                                                                                                                    
            "test": {                                                                                                                                       
                "loss": "1.1832 -> 1.1832",                                                                                                                 
                "accuracy": "58.98% -> 58.98%"                                                                                                              
            }                                                                                                                                               
        },                                                                                                                                                  
        "all_clients": {                                                                                                                                    
            "test": {                                                                                                                                       
                "loss": "1.1832 -> 0.0000",                                                                                                                 
                "accuracy": "58.98% -> 0.00%"                                                                                                               
            }                                                                                                                                               
        }                                                                                                                                                   
    },                                                                                                                                                      
    "31": {                                                                                                                                                 
        "centralized": {                                                                                                                                    
            "test": {                                                                                                                                       
                "loss": "1.1716 -> 1.1716",                                                                                                                 
                "accuracy": "59.52% -> 59.52%"                                                                                                              
            }                                                                                                                                               
        },                                                                                                                                                  
        "all_clients": {                                                                                                                                    
            "test": {                                                                                                                                       
                "loss": "1.1716 -> 0.0000",                                                                                                                 
                "accuracy": "59.52% -> 0.00%"                                                                                                               
            }                                                                                                                                               
        }                                                                                                                                                   
    },                                                                                                                                                      
    "32": {                                                                                                                                                 
        "centralized": {                                                                                                                                    
            "test": {                                                                                                                                       
                "loss": "1.1762 -> 1.1762",                                                                                                                 
                "accuracy": "60.12% -> 60.12%"                                                                                                              
            }                                                                                                                                               
        },                                                                                                                                                  
        "all_clients": {                                                                                                                                    
            "test": {                                                                                                                                       
                "loss": "1.1762 -> 0.0000",                                                                                                                 
                "accuracy": "60.12% -> 0.00%"                                                                                                               
            }                                                                                                                                               
        }                                                                                                                                                   
    },                                                                                                                                                      
    "33": {                                                                                                                                                 
        "centralized": {                                                                                                                                    
            "test": {                                                                                                                                       
                "loss": "1.1631 -> 1.1631",                                                                                                                 
                "accuracy": "60.72% -> 60.72%"                                                                                                              
            }                                                                                                                                               
        },                                                                                                                                                  
        "all_clients": {                                                                                                                                    
            "test": {                                                                                                                                       
                "loss": "1.1631 -> 0.0000",                                                                                                                 
                "accuracy": "60.72% -> 0.00%"                                                                                                               
            }                                                                                                                                               
        }                                                                                                                                                   
    },                                                                                                                                                      
    "34": {                                                                                                                                                 
        "centralized": {                                                                                                                                    
            "test": {                                                                                                                                       
                "loss": "1.1703 -> 1.1703",                                                                                                                 
                "accuracy": "60.19% -> 60.19%"                                                                                                              
            }                                                                                                                                               
        },                                                                                                                                                  
        "all_clients": {                                                                                                                                    
            "test": {                                                                                                                                       
                "loss": "1.1703 -> 0.0000",                                                                                                                 
                "accuracy": "60.19% -> 0.00%"                                                                                                               
            }                                                                                                                                               
        }                                                                                                                                                   
    },                                                                                                                                                      
    "35": {                                                                                                                                                 
        "centralized": {                                                                                                                                    
            "test": {                                                                                                                                       
                "loss": "1.1976 -> 1.1976",                                                                                                                 
                "accuracy": "60.05% -> 60.05%"                                                                                                              
            }                                                                                                                                               
        },                                                                                                                                                  
        "all_clients": {                                                                                                                                    
            "test": {                                                                                                                                       
                "loss": "1.1976 -> 0.0000",                                                                                                                 
                "accuracy": "60.05% -> 0.00%"                                                                                                               
            }                                                                                                                                               
        }                                                                                                                                                   
    },                                                                                                                                                      
    "36": {                                                                                                                                                 
        "centralized": {                                                                                                                                    
            "test": {                                                                                                                                       
                "loss": "1.1359 -> 1.1359",                                                                                                                 
                "accuracy": "61.72% -> 61.72%"                                                                                                              
            }                                                                                                                                               
        },                                                                                                                                                  
        "all_clients": {                                                                                                                                    
            "test": {                                                                                                                                       
                "loss": "1.1359 -> 0.0000",                                                                                                                 
                "accuracy": "61.72% -> 0.00%"                                                                                                               
            }                                                                                                                                               
        }                                                                                                                                                   
    },                                                                                                                                                      
    "37": {                                                                                                                                                 
        "centralized": {                                                                                                                                    
            "test": {                                                                                                                                       
                "loss": "1.1988 -> 1.1988",                                                                                                                 
                "accuracy": "59.79% -> 59.79%"                                                                                                              
            }                                                                                                                                               
        },                                                                                                                                                  
        "all_clients": {                                                                                                                                    
            "test": {                                                                                                                                       
                "loss": "1.1988 -> 0.0000",                                                                                                                 
                "accuracy": "59.79% -> 0.00%"                                                                                                               
            }                                                                                                                                               
        }                                                                                                                                                   
    },                                                                                                                                                      
    "38": {                                                                                                                                                 
        "centralized": {                                                                                                                                    
            "test": {                                                                                                                                       
                "loss": "1.2156 -> 1.2156",                                                                                                                 
                "accuracy": "59.99% -> 59.99%"                                                                                                              
            }                                                                                                                                               
        },                                                                                                                                                  
        "all_clients": {                                                                                                                                    
            "test": {                                                                                                                                       
                "loss": "1.2156 -> 0.0000",                                                                                                                 
                "accuracy": "59.99% -> 0.00%"                                                                                                               
            }                                                                                                                                               
        }                                                                                                                                                   
    },                                                                                                                                                      
    "39": {                                                                                                                                                 
        "centralized": {                                                                                                                                    
            "test": {                                                                                                                                       
                "loss": "1.1645 -> 1.1645",                                                                                                                 
                "accuracy": "61.26% -> 61.26%"                                                                                                              
            }                                                                                                                                               
        },                                                                                                                                                  
        "all_clients": {                                                                                                                                    
            "test": {                                                                                                                                       
                "loss": "1.1645 -> 0.0000",                                                                                                                 
                "accuracy": "61.26% -> 0.00%"                                                                                                               
            }                                                                                                                                               
        }                                                                                                                                                   
    },                                                                                                                                                      
    "40": {                                                                                                                                                 
        "centralized": {                                                                                                                                    
            "test": {                                                                                                                                       
                "loss": "1.1619 -> 1.1619",                                                                                                                 
                "accuracy": "61.32% -> 61.32%"                                                                                                              
            }                                                                                                                                               
        },                                                                                                                                                  
        "all_clients": {                                                                                                                                    
            "test": {                                                                                                                                       
                "loss": "1.1619 -> 0.0000",                                                                                                                 
                "accuracy": "61.32% -> 0.00%"                                                                                                               
            }                                                                                                                                               
        }                                                                                                                                                   
    },                                                                                                                                                      
    "41": {                                                                                                                                                 
        "centralized": {                                                                                                                                    
            "test": {                                                                                                                                       
                "loss": "1.1936 -> 1.1936",                                                                                                                 
                "accuracy": "60.79% -> 60.79%"                                                                                                              
            }                                                                                                                                               
        },                                                                                                                                                  
        "all_clients": {                                                                                                                                    
            "test": {                                                                                                                                       
                "loss": "1.1936 -> 0.0000",                                                                                                                 
                "accuracy": "60.79% -> 0.00%"                                                                                                               
            }                                                                                                                                               
        }                                                                                                                                                   
    },                                                                                                                                                      
    "42": {                                                                                                                                                 
        "centralized": {                                                                                                                                    
            "test": {                                                                                                                                       
                "loss": "1.1618 -> 1.1618",                                                                                                                 
                "accuracy": "61.99% -> 61.99%"                                                                                                              
            }                                                                                                                                               
        },                                                                                                                                                  
        "all_clients": {                                                                                                                                    
            "test": {                                                                                                                                       
                "loss": "1.1618 -> 0.0000",                                                                                                                 
                "accuracy": "61.99% -> 0.00%"                                                                                                               
            }                                                                                                                                               
        }                                                                                                                                                   
    },                                                                                                                                                      
    "43": {                                                                                                                                                 
        "centralized": {                                                                                                                                    
            "test": {                                                                                                                                       
                "loss": "1.1460 -> 1.1460",                                                                                                                 
                "accuracy": "61.72% -> 61.72%"                                                                                                              
            }                                                                                                                                               
        },                                                                                                                                                  
        "all_clients": {                                                                                                                                    
            "test": {                                                                                                                                       
                "loss": "1.1460 -> 0.0000",                                                                                                                 
                "accuracy": "61.72% -> 0.00%"                                                                                                               
            }                                                                                                                                               
        }                                                                                                                                                   
    },                                                                                                                                                      
    "44": {                                                                                                                                                 
        "centralized": {                                                                                                                                    
            "test": {                                                                                                                                       
                "loss": "1.1770 -> 1.1770",                                                                                                                 
                "accuracy": "60.65% -> 60.65%"                                                                                                              
            }                                                                                                                                               
        },                                                                                                                                                  
        "all_clients": {                                                                                                                                    
            "test": {                                                                                                                                       
                "loss": "1.1770 -> 0.0000",                                                                                                                 
                "accuracy": "60.65% -> 0.00%"                                                                                                               
            }                                                                                                                                               
        }                                                                                                                                                   
    },                                                                                                                                                      
    "45": {                                                                                                                                                 
        "centralized": {                                                                                                                                    
            "test": {                                                                                                                                       
                "loss": "1.1719 -> 1.1719",                                                                                                                 
                "accuracy": "60.72% -> 60.72%"                                                                                                              
            }                                                                                                                                               
        },                                                                                                                                                  
        "all_clients": {                                                                                                                                    
            "test": {                                                                                                                                       
                "loss": "1.1719 -> 0.0000",                                                                                                                 
                "accuracy": "60.72% -> 0.00%"                                                                                                               
            }                                                                                                                                               
        }                                                                                                                                                   
    },                                                                                                                                                      
    "46": {                                                                                                                                                 
        "centralized": {                                                                                                                                    
            "test": {                                                                                                                                       
                "loss": "1.1540 -> 1.1540",                                                                                                                 
                "accuracy": "61.66% -> 61.66%"                                                                                                              
            }                                                                                                                                               
        },                                                                                                                                                  
        "all_clients": {                                                                                                                                    
            "test": {                                                                                                                                       
                "loss": "1.1540 -> 0.0000",                                                                                                                 
                "accuracy": "61.66% -> 0.00%"                                                                                                               
            }                                                                                                                                               
        }                                                                                                                                                   
    },                                                                                                                                                      
    "47": {                                                                                                                                                 
        "centralized": {                                                                                                                                    
            "test": {                                                                                                                                       
                "loss": "1.1182 -> 1.1182",                                                                                                                 
                "accuracy": "63.53% -> 63.53%"                                                                                                              
            }                                                                                                                                               
        },                                                                                                                                                  
        "all_clients": {                                                                                                                                    
            "test": {                                                                                                                                       
                "loss": "1.1182 -> 0.0000",                                                                                                                 
                "accuracy": "63.53% -> 0.00%"                                                                                                               
            }                                                                                                                                               
        }                                                                                                                                                   
    },                                                                                                                                                      
    "48": {                                                                                                                                                 
        "centralized": {                                                                                                                                    
            "test": {                                                                                                                                       
                "loss": "1.1442 -> 1.1442",                                                                                                                 
                "accuracy": "61.99% -> 61.99%"                                                                                                              
            }                                                                                                                                               
        },                                                                                                                                                  
        "all_clients": {                                                                                                                                    
            "test": {                                                                                                                                       
                "loss": "1.1442 -> 0.0000",                                                                                                                 
                "accuracy": "61.99% -> 0.00%"                                                                                                               
            }                                                                                                                                               
        }                                                                                                                                                   
    },                                                                                                                                                      
    "49": {                                                                                                                                                 
        "centralized": {                                                                                                                                    
            "test": {                                                                                                                                       
                "loss": "1.1178 -> 1.1178",                                                                                                                 
                "accuracy": "63.13% -> 63.13%"                                                                                                              
            }                                                                                                                                               
        },                                                                                                                                                  
        "all_clients": {                                                                                                                                    
            "test": {                                                                                                                                       
                "loss": "1.1178 -> 0.0000",                                                                                                                 
                "accuracy": "63.13% -> 0.00%"                                                                                                               
            }                                                                                                                                               
        }                                                                                                                                                   
    },                                                                                                                                                      
    "50": {                                                                                                                                                 
        "centralized": {                                                                                                                                    
            "test": {                                                                                                                                       
                "loss": "1.1486 -> 1.1486",                                                                                                                 
                "accuracy": "63.06% -> 63.06%"                                                                                                              
            }                                                                                                                                               
        },                                                                                                                                                  
        "all_clients": {                                                                                                                                    
            "test": {                                                                                                                                       
                "loss": "1.1486 -> 0.0000",                                                                                                                 
                "accuracy": "63.06% -> 0.00%"                                                                                                               
            }                                                                                                                                               
        }                                                                                                                                                   
    }                                                                                                                                                       
}                                                                                                                                                           
==================== CKADriftFedAvg Max Accuracy ====================                                                                                       
all_clients:                                                                                                                                                
(test) before fine-tuning: 63.53% at epoch 47                                                                                                               
(test) after fine-tuning: 0.00% at epoch 1                                                                                                                  
centralized:                                                                                                                                                
(test) before fine-tuning: 63.53% at epoch 47                                                                                                               
(test) after fine-tuning: 63.53% at epoch 47                                                                                                                
