round,client_i,client_j,model_name,dataset,alpha,layer_index,layer_name,cka_diagonal
1,0,1,vig_tiny,cifar10,0.1,0,_vig_stem,0.937613
1,0,1,vig_tiny,cifar10,0.1,1,_vig_blocks.0,0.872119
1,0,1,vig_tiny,cifar10,0.1,2,_vig_blocks.1,0.852361
1,0,1,vig_tiny,cifar10,0.1,3,_vig_blocks.2,0.831159
1,0,1,vig_tiny,cifar10,0.1,4,_vig_blocks.3,0.809784
1,0,1,vig_tiny,cifar10,0.1,5,_vig_blocks.4,0.764224
1,0,1,vig_tiny,cifar10,0.1,6,_vig_blocks.5,0.762311
1,0,1,vig_tiny,cifar10,0.1,7,_vig_blocks.6,0.753494
1,0,1,vig_tiny,cifar10,0.1,8,_vig_blocks.7,0.744216
1,0,1,vig_tiny,cifar10,0.1,9,_vig_blocks.8,0.716810
1,0,1,vig_tiny,cifar10,0.1,10,_vig_blocks.9,0.704291
1,0,1,vig_tiny,cifar10,0.1,11,_vig_blocks.10,0.658942
1,0,1,vig_tiny,cifar10,0.1,12,_vig_blocks.11,0.631715
1,0,1,vig_tiny,cifar10,0.1,13,classifier,0.293684
1,0,2,vig_tiny,cifar10,0.1,0,_vig_stem,0.846209
1,0,2,vig_tiny,cifar10,0.1,1,_vig_blocks.0,0.759308
1,0,2,vig_tiny,cifar10,0.1,2,_vig_blocks.1,0.708430
1,0,2,vig_tiny,cifar10,0.1,3,_vig_blocks.2,0.679347
1,0,2,vig_tiny,cifar10,0.1,4,_vig_blocks.3,0.651196
1,0,2,vig_tiny,cifar10,0.1,5,_vig_blocks.4,0.617139
1,0,2,vig_tiny,cifar10,0.1,6,_vig_blocks.5,0.620038
1,0,2,vig_tiny,cifar10,0.1,7,_vig_blocks.6,0.610713
1,0,2,vig_tiny,cifar10,0.1,8,_vig_blocks.7,0.609365
1,0,2,vig_tiny,cifar10,0.1,9,_vig_blocks.8,0.566566
1,0,2,vig_tiny,cifar10,0.1,10,_vig_blocks.9,0.573490
1,0,2,vig_tiny,cifar10,0.1,11,_vig_blocks.10,0.533467
1,0,2,vig_tiny,cifar10,0.1,12,_vig_blocks.11,0.520151
1,0,2,vig_tiny,cifar10,0.1,13,classifier,0.281132
1,0,3,vig_tiny,cifar10,0.1,0,_vig_stem,0.838603
1,0,3,vig_tiny,cifar10,0.1,1,_vig_blocks.0,0.717111
1,0,3,vig_tiny,cifar10,0.1,2,_vig_blocks.1,0.634471
1,0,3,vig_tiny,cifar10,0.1,3,_vig_blocks.2,0.591429
1,0,3,vig_tiny,cifar10,0.1,4,_vig_blocks.3,0.512782
1,0,3,vig_tiny,cifar10,0.1,5,_vig_blocks.4,0.462887
1,0,3,vig_tiny,cifar10,0.1,6,_vig_blocks.5,0.452983
1,0,3,vig_tiny,cifar10,0.1,7,_vig_blocks.6,0.427079
1,0,3,vig_tiny,cifar10,0.1,8,_vig_blocks.7,0.415634
1,0,3,vig_tiny,cifar10,0.1,9,_vig_blocks.8,0.404674
1,0,3,vig_tiny,cifar10,0.1,10,_vig_blocks.9,0.361058
1,0,3,vig_tiny,cifar10,0.1,11,_vig_blocks.10,0.308718
1,0,3,vig_tiny,cifar10,0.1,12,_vig_blocks.11,0.258819
1,0,3,vig_tiny,cifar10,0.1,13,classifier,0.125468
1,0,4,vig_tiny,cifar10,0.1,0,_vig_stem,0.822171
1,0,4,vig_tiny,cifar10,0.1,1,_vig_blocks.0,0.747294
1,0,4,vig_tiny,cifar10,0.1,2,_vig_blocks.1,0.691648
1,0,4,vig_tiny,cifar10,0.1,3,_vig_blocks.2,0.651874
1,0,4,vig_tiny,cifar10,0.1,4,_vig_blocks.3,0.629206
1,0,4,vig_tiny,cifar10,0.1,5,_vig_blocks.4,0.582564
1,0,4,vig_tiny,cifar10,0.1,6,_vig_blocks.5,0.588422
1,0,4,vig_tiny,cifar10,0.1,7,_vig_blocks.6,0.577273
1,0,4,vig_tiny,cifar10,0.1,8,_vig_blocks.7,0.576879
1,0,4,vig_tiny,cifar10,0.1,9,_vig_blocks.8,0.542489
1,0,4,vig_tiny,cifar10,0.1,10,_vig_blocks.9,0.536079
1,0,4,vig_tiny,cifar10,0.1,11,_vig_blocks.10,0.489183
1,0,4,vig_tiny,cifar10,0.1,12,_vig_blocks.11,0.468921
1,0,4,vig_tiny,cifar10,0.1,13,classifier,0.191769
1,0,5,vig_tiny,cifar10,0.1,0,_vig_stem,0.916247
1,0,5,vig_tiny,cifar10,0.1,1,_vig_blocks.0,0.838643
1,0,5,vig_tiny,cifar10,0.1,2,_vig_blocks.1,0.796960
1,0,5,vig_tiny,cifar10,0.1,3,_vig_blocks.2,0.783115
1,0,5,vig_tiny,cifar10,0.1,4,_vig_blocks.3,0.766808
1,0,5,vig_tiny,cifar10,0.1,5,_vig_blocks.4,0.739781
1,0,5,vig_tiny,cifar10,0.1,6,_vig_blocks.5,0.747389
1,0,5,vig_tiny,cifar10,0.1,7,_vig_blocks.6,0.756028
1,0,5,vig_tiny,cifar10,0.1,8,_vig_blocks.7,0.754276
1,0,5,vig_tiny,cifar10,0.1,9,_vig_blocks.8,0.717467
1,0,5,vig_tiny,cifar10,0.1,10,_vig_blocks.9,0.718974
1,0,5,vig_tiny,cifar10,0.1,11,_vig_blocks.10,0.682751
1,0,5,vig_tiny,cifar10,0.1,12,_vig_blocks.11,0.655702
1,0,5,vig_tiny,cifar10,0.1,13,classifier,0.359992
1,0,6,vig_tiny,cifar10,0.1,0,_vig_stem,0.853479
1,0,6,vig_tiny,cifar10,0.1,1,_vig_blocks.0,0.811625
1,0,6,vig_tiny,cifar10,0.1,2,_vig_blocks.1,0.799861
1,0,6,vig_tiny,cifar10,0.1,3,_vig_blocks.2,0.779706
1,0,6,vig_tiny,cifar10,0.1,4,_vig_blocks.3,0.736836
1,0,6,vig_tiny,cifar10,0.1,5,_vig_blocks.4,0.692232
1,0,6,vig_tiny,cifar10,0.1,6,_vig_blocks.5,0.657501
1,0,6,vig_tiny,cifar10,0.1,7,_vig_blocks.6,0.634847
1,0,6,vig_tiny,cifar10,0.1,8,_vig_blocks.7,0.609996
1,0,6,vig_tiny,cifar10,0.1,9,_vig_blocks.8,0.591866
1,0,6,vig_tiny,cifar10,0.1,10,_vig_blocks.9,0.631724
1,0,6,vig_tiny,cifar10,0.1,11,_vig_blocks.10,0.624029
1,0,6,vig_tiny,cifar10,0.1,12,_vig_blocks.11,0.619614
1,0,6,vig_tiny,cifar10,0.1,13,classifier,0.355145
1,0,7,vig_tiny,cifar10,0.1,0,_vig_stem,0.859409
1,0,7,vig_tiny,cifar10,0.1,1,_vig_blocks.0,0.760638
1,0,7,vig_tiny,cifar10,0.1,2,_vig_blocks.1,0.682066
1,0,7,vig_tiny,cifar10,0.1,3,_vig_blocks.2,0.644361
1,0,7,vig_tiny,cifar10,0.1,4,_vig_blocks.3,0.610905
1,0,7,vig_tiny,cifar10,0.1,5,_vig_blocks.4,0.561308
1,0,7,vig_tiny,cifar10,0.1,6,_vig_blocks.5,0.570698
1,0,7,vig_tiny,cifar10,0.1,7,_vig_blocks.6,0.556412
1,0,7,vig_tiny,cifar10,0.1,8,_vig_blocks.7,0.554025
1,0,7,vig_tiny,cifar10,0.1,9,_vig_blocks.8,0.525698
1,0,7,vig_tiny,cifar10,0.1,10,_vig_blocks.9,0.507655
1,0,7,vig_tiny,cifar10,0.1,11,_vig_blocks.10,0.433031
1,0,7,vig_tiny,cifar10,0.1,12,_vig_blocks.11,0.398846
1,0,7,vig_tiny,cifar10,0.1,13,classifier,0.157220
1,0,8,vig_tiny,cifar10,0.1,0,_vig_stem,0.842569
1,0,8,vig_tiny,cifar10,0.1,1,_vig_blocks.0,0.752886
1,0,8,vig_tiny,cifar10,0.1,2,_vig_blocks.1,0.692670
1,0,8,vig_tiny,cifar10,0.1,3,_vig_blocks.2,0.671054
1,0,8,vig_tiny,cifar10,0.1,4,_vig_blocks.3,0.666601
1,0,8,vig_tiny,cifar10,0.1,5,_vig_blocks.4,0.629678
1,0,8,vig_tiny,cifar10,0.1,6,_vig_blocks.5,0.636468
1,0,8,vig_tiny,cifar10,0.1,7,_vig_blocks.6,0.642093
1,0,8,vig_tiny,cifar10,0.1,8,_vig_blocks.7,0.643356
1,0,8,vig_tiny,cifar10,0.1,9,_vig_blocks.8,0.612759
1,0,8,vig_tiny,cifar10,0.1,10,_vig_blocks.9,0.609035
1,0,8,vig_tiny,cifar10,0.1,11,_vig_blocks.10,0.568933
1,0,8,vig_tiny,cifar10,0.1,12,_vig_blocks.11,0.545766
1,0,8,vig_tiny,cifar10,0.1,13,classifier,0.313921
1,0,9,vig_tiny,cifar10,0.1,0,_vig_stem,0.909965
1,0,9,vig_tiny,cifar10,0.1,1,_vig_blocks.0,0.827423
1,0,9,vig_tiny,cifar10,0.1,2,_vig_blocks.1,0.802216
1,0,9,vig_tiny,cifar10,0.1,3,_vig_blocks.2,0.790560
1,0,9,vig_tiny,cifar10,0.1,4,_vig_blocks.3,0.789044
1,0,9,vig_tiny,cifar10,0.1,5,_vig_blocks.4,0.764565
1,0,9,vig_tiny,cifar10,0.1,6,_vig_blocks.5,0.768829
1,0,9,vig_tiny,cifar10,0.1,7,_vig_blocks.6,0.753926
1,0,9,vig_tiny,cifar10,0.1,8,_vig_blocks.7,0.743383
1,0,9,vig_tiny,cifar10,0.1,9,_vig_blocks.8,0.738218
1,0,9,vig_tiny,cifar10,0.1,10,_vig_blocks.9,0.730358
1,0,9,vig_tiny,cifar10,0.1,11,_vig_blocks.10,0.717878
1,0,9,vig_tiny,cifar10,0.1,12,_vig_blocks.11,0.705015
1,0,9,vig_tiny,cifar10,0.1,13,classifier,0.312690
1,1,2,vig_tiny,cifar10,0.1,0,_vig_stem,0.894850
1,1,2,vig_tiny,cifar10,0.1,1,_vig_blocks.0,0.886661
1,1,2,vig_tiny,cifar10,0.1,2,_vig_blocks.1,0.866923
1,1,2,vig_tiny,cifar10,0.1,3,_vig_blocks.2,0.879857
1,1,2,vig_tiny,cifar10,0.1,4,_vig_blocks.3,0.875045
1,1,2,vig_tiny,cifar10,0.1,5,_vig_blocks.4,0.868132
1,1,2,vig_tiny,cifar10,0.1,6,_vig_blocks.5,0.857149
1,1,2,vig_tiny,cifar10,0.1,7,_vig_blocks.6,0.845295
1,1,2,vig_tiny,cifar10,0.1,8,_vig_blocks.7,0.844560
1,1,2,vig_tiny,cifar10,0.1,9,_vig_blocks.8,0.840015
1,1,2,vig_tiny,cifar10,0.1,10,_vig_blocks.9,0.845960
1,1,2,vig_tiny,cifar10,0.1,11,_vig_blocks.10,0.821467
1,1,2,vig_tiny,cifar10,0.1,12,_vig_blocks.11,0.817587
1,1,2,vig_tiny,cifar10,0.1,13,classifier,0.638836
1,1,3,vig_tiny,cifar10,0.1,0,_vig_stem,0.889255
1,1,3,vig_tiny,cifar10,0.1,1,_vig_blocks.0,0.887647
1,1,3,vig_tiny,cifar10,0.1,2,_vig_blocks.1,0.825735
1,1,3,vig_tiny,cifar10,0.1,3,_vig_blocks.2,0.801804
1,1,3,vig_tiny,cifar10,0.1,4,_vig_blocks.3,0.720834
1,1,3,vig_tiny,cifar10,0.1,5,_vig_blocks.4,0.716387
1,1,3,vig_tiny,cifar10,0.1,6,_vig_blocks.5,0.699811
1,1,3,vig_tiny,cifar10,0.1,7,_vig_blocks.6,0.671413
1,1,3,vig_tiny,cifar10,0.1,8,_vig_blocks.7,0.623737
1,1,3,vig_tiny,cifar10,0.1,9,_vig_blocks.8,0.606441
1,1,3,vig_tiny,cifar10,0.1,10,_vig_blocks.9,0.568621
1,1,3,vig_tiny,cifar10,0.1,11,_vig_blocks.10,0.538732
1,1,3,vig_tiny,cifar10,0.1,12,_vig_blocks.11,0.467387
1,1,3,vig_tiny,cifar10,0.1,13,classifier,0.358949
1,1,4,vig_tiny,cifar10,0.1,0,_vig_stem,0.861906
1,1,4,vig_tiny,cifar10,0.1,1,_vig_blocks.0,0.853408
1,1,4,vig_tiny,cifar10,0.1,2,_vig_blocks.1,0.847032
1,1,4,vig_tiny,cifar10,0.1,3,_vig_blocks.2,0.843024
1,1,4,vig_tiny,cifar10,0.1,4,_vig_blocks.3,0.839463
1,1,4,vig_tiny,cifar10,0.1,5,_vig_blocks.4,0.833198
1,1,4,vig_tiny,cifar10,0.1,6,_vig_blocks.5,0.831734
1,1,4,vig_tiny,cifar10,0.1,7,_vig_blocks.6,0.826295
1,1,4,vig_tiny,cifar10,0.1,8,_vig_blocks.7,0.811631
1,1,4,vig_tiny,cifar10,0.1,9,_vig_blocks.8,0.799824
1,1,4,vig_tiny,cifar10,0.1,10,_vig_blocks.9,0.807050
1,1,4,vig_tiny,cifar10,0.1,11,_vig_blocks.10,0.777519
1,1,4,vig_tiny,cifar10,0.1,12,_vig_blocks.11,0.758678
1,1,4,vig_tiny,cifar10,0.1,13,classifier,0.439097
1,1,5,vig_tiny,cifar10,0.1,0,_vig_stem,0.922230
1,1,5,vig_tiny,cifar10,0.1,1,_vig_blocks.0,0.914859
1,1,5,vig_tiny,cifar10,0.1,2,_vig_blocks.1,0.906052
1,1,5,vig_tiny,cifar10,0.1,3,_vig_blocks.2,0.919060
1,1,5,vig_tiny,cifar10,0.1,4,_vig_blocks.3,0.924811
1,1,5,vig_tiny,cifar10,0.1,5,_vig_blocks.4,0.921048
1,1,5,vig_tiny,cifar10,0.1,6,_vig_blocks.5,0.914981
1,1,5,vig_tiny,cifar10,0.1,7,_vig_blocks.6,0.909942
1,1,5,vig_tiny,cifar10,0.1,8,_vig_blocks.7,0.899777
1,1,5,vig_tiny,cifar10,0.1,9,_vig_blocks.8,0.900853
1,1,5,vig_tiny,cifar10,0.1,10,_vig_blocks.9,0.880146
1,1,5,vig_tiny,cifar10,0.1,11,_vig_blocks.10,0.858005
1,1,5,vig_tiny,cifar10,0.1,12,_vig_blocks.11,0.843596
1,1,5,vig_tiny,cifar10,0.1,13,classifier,0.565765
1,1,6,vig_tiny,cifar10,0.1,0,_vig_stem,0.867220
1,1,6,vig_tiny,cifar10,0.1,1,_vig_blocks.0,0.776401
1,1,6,vig_tiny,cifar10,0.1,2,_vig_blocks.1,0.809802
1,1,6,vig_tiny,cifar10,0.1,3,_vig_blocks.2,0.768272
1,1,6,vig_tiny,cifar10,0.1,4,_vig_blocks.3,0.718084
1,1,6,vig_tiny,cifar10,0.1,5,_vig_blocks.4,0.665764
1,1,6,vig_tiny,cifar10,0.1,6,_vig_blocks.5,0.653724
1,1,6,vig_tiny,cifar10,0.1,7,_vig_blocks.6,0.638062
1,1,6,vig_tiny,cifar10,0.1,8,_vig_blocks.7,0.631316
1,1,6,vig_tiny,cifar10,0.1,9,_vig_blocks.8,0.625006
1,1,6,vig_tiny,cifar10,0.1,10,_vig_blocks.9,0.623281
1,1,6,vig_tiny,cifar10,0.1,11,_vig_blocks.10,0.642851
1,1,6,vig_tiny,cifar10,0.1,12,_vig_blocks.11,0.634204
1,1,6,vig_tiny,cifar10,0.1,13,classifier,0.393409
1,1,7,vig_tiny,cifar10,0.1,0,_vig_stem,0.896424
1,1,7,vig_tiny,cifar10,0.1,1,_vig_blocks.0,0.898027
1,1,7,vig_tiny,cifar10,0.1,2,_vig_blocks.1,0.857065
1,1,7,vig_tiny,cifar10,0.1,3,_vig_blocks.2,0.842313
1,1,7,vig_tiny,cifar10,0.1,4,_vig_blocks.3,0.828184
1,1,7,vig_tiny,cifar10,0.1,5,_vig_blocks.4,0.827541
1,1,7,vig_tiny,cifar10,0.1,6,_vig_blocks.5,0.833710
1,1,7,vig_tiny,cifar10,0.1,7,_vig_blocks.6,0.821764
1,1,7,vig_tiny,cifar10,0.1,8,_vig_blocks.7,0.791129
1,1,7,vig_tiny,cifar10,0.1,9,_vig_blocks.8,0.770591
1,1,7,vig_tiny,cifar10,0.1,10,_vig_blocks.9,0.771367
1,1,7,vig_tiny,cifar10,0.1,11,_vig_blocks.10,0.722935
1,1,7,vig_tiny,cifar10,0.1,12,_vig_blocks.11,0.689571
1,1,7,vig_tiny,cifar10,0.1,13,classifier,0.490314
1,1,8,vig_tiny,cifar10,0.1,0,_vig_stem,0.887947
1,1,8,vig_tiny,cifar10,0.1,1,_vig_blocks.0,0.892409
1,1,8,vig_tiny,cifar10,0.1,2,_vig_blocks.1,0.875011
1,1,8,vig_tiny,cifar10,0.1,3,_vig_blocks.2,0.886069
1,1,8,vig_tiny,cifar10,0.1,4,_vig_blocks.3,0.907479
1,1,8,vig_tiny,cifar10,0.1,5,_vig_blocks.4,0.919985
1,1,8,vig_tiny,cifar10,0.1,6,_vig_blocks.5,0.910450
1,1,8,vig_tiny,cifar10,0.1,7,_vig_blocks.6,0.918974
1,1,8,vig_tiny,cifar10,0.1,8,_vig_blocks.7,0.906472
1,1,8,vig_tiny,cifar10,0.1,9,_vig_blocks.8,0.899621
1,1,8,vig_tiny,cifar10,0.1,10,_vig_blocks.9,0.895952
1,1,8,vig_tiny,cifar10,0.1,11,_vig_blocks.10,0.886569
1,1,8,vig_tiny,cifar10,0.1,12,_vig_blocks.11,0.868896
1,1,8,vig_tiny,cifar10,0.1,13,classifier,0.491132
1,1,9,vig_tiny,cifar10,0.1,0,_vig_stem,0.923971
1,1,9,vig_tiny,cifar10,0.1,1,_vig_blocks.0,0.887520
1,1,9,vig_tiny,cifar10,0.1,2,_vig_blocks.1,0.877398
1,1,9,vig_tiny,cifar10,0.1,3,_vig_blocks.2,0.864227
1,1,9,vig_tiny,cifar10,0.1,4,_vig_blocks.3,0.869036
1,1,9,vig_tiny,cifar10,0.1,5,_vig_blocks.4,0.854672
1,1,9,vig_tiny,cifar10,0.1,6,_vig_blocks.5,0.860354
1,1,9,vig_tiny,cifar10,0.1,7,_vig_blocks.6,0.849600
1,1,9,vig_tiny,cifar10,0.1,8,_vig_blocks.7,0.836394
1,1,9,vig_tiny,cifar10,0.1,9,_vig_blocks.8,0.829866
1,1,9,vig_tiny,cifar10,0.1,10,_vig_blocks.9,0.815967
1,1,9,vig_tiny,cifar10,0.1,11,_vig_blocks.10,0.794246
1,1,9,vig_tiny,cifar10,0.1,12,_vig_blocks.11,0.773194
1,1,9,vig_tiny,cifar10,0.1,13,classifier,0.681765
1,2,3,vig_tiny,cifar10,0.1,0,_vig_stem,0.972246
1,2,3,vig_tiny,cifar10,0.1,1,_vig_blocks.0,0.943131
1,2,3,vig_tiny,cifar10,0.1,2,_vig_blocks.1,0.884523
1,2,3,vig_tiny,cifar10,0.1,3,_vig_blocks.2,0.838667
1,2,3,vig_tiny,cifar10,0.1,4,_vig_blocks.3,0.726138
1,2,3,vig_tiny,cifar10,0.1,5,_vig_blocks.4,0.671725
1,2,3,vig_tiny,cifar10,0.1,6,_vig_blocks.5,0.643260
1,2,3,vig_tiny,cifar10,0.1,7,_vig_blocks.6,0.620143
1,2,3,vig_tiny,cifar10,0.1,8,_vig_blocks.7,0.578063
1,2,3,vig_tiny,cifar10,0.1,9,_vig_blocks.8,0.576072
1,2,3,vig_tiny,cifar10,0.1,10,_vig_blocks.9,0.546739
1,2,3,vig_tiny,cifar10,0.1,11,_vig_blocks.10,0.521294
1,2,3,vig_tiny,cifar10,0.1,12,_vig_blocks.11,0.463981
1,2,3,vig_tiny,cifar10,0.1,13,classifier,0.321951
1,2,4,vig_tiny,cifar10,0.1,0,_vig_stem,0.983369
1,2,4,vig_tiny,cifar10,0.1,1,_vig_blocks.0,0.979926
1,2,4,vig_tiny,cifar10,0.1,2,_vig_blocks.1,0.980264
1,2,4,vig_tiny,cifar10,0.1,3,_vig_blocks.2,0.972260
1,2,4,vig_tiny,cifar10,0.1,4,_vig_blocks.3,0.964382
1,2,4,vig_tiny,cifar10,0.1,5,_vig_blocks.4,0.953527
1,2,4,vig_tiny,cifar10,0.1,6,_vig_blocks.5,0.952267
1,2,4,vig_tiny,cifar10,0.1,7,_vig_blocks.6,0.951531
1,2,4,vig_tiny,cifar10,0.1,8,_vig_blocks.7,0.936861
1,2,4,vig_tiny,cifar10,0.1,9,_vig_blocks.8,0.934031
1,2,4,vig_tiny,cifar10,0.1,10,_vig_blocks.9,0.930953
1,2,4,vig_tiny,cifar10,0.1,11,_vig_blocks.10,0.923249
1,2,4,vig_tiny,cifar10,0.1,12,_vig_blocks.11,0.916060
1,2,4,vig_tiny,cifar10,0.1,13,classifier,0.585419
1,2,5,vig_tiny,cifar10,0.1,0,_vig_stem,0.958328
1,2,5,vig_tiny,cifar10,0.1,1,_vig_blocks.0,0.949875
1,2,5,vig_tiny,cifar10,0.1,2,_vig_blocks.1,0.937158
1,2,5,vig_tiny,cifar10,0.1,3,_vig_blocks.2,0.927632
1,2,5,vig_tiny,cifar10,0.1,4,_vig_blocks.3,0.925781
1,2,5,vig_tiny,cifar10,0.1,5,_vig_blocks.4,0.921416
1,2,5,vig_tiny,cifar10,0.1,6,_vig_blocks.5,0.918840
1,2,5,vig_tiny,cifar10,0.1,7,_vig_blocks.6,0.902217
1,2,5,vig_tiny,cifar10,0.1,8,_vig_blocks.7,0.894863
1,2,5,vig_tiny,cifar10,0.1,9,_vig_blocks.8,0.885194
1,2,5,vig_tiny,cifar10,0.1,10,_vig_blocks.9,0.873429
1,2,5,vig_tiny,cifar10,0.1,11,_vig_blocks.10,0.869618
1,2,5,vig_tiny,cifar10,0.1,12,_vig_blocks.11,0.860022
1,2,5,vig_tiny,cifar10,0.1,13,classifier,0.782816
1,2,6,vig_tiny,cifar10,0.1,0,_vig_stem,0.686421
1,2,6,vig_tiny,cifar10,0.1,1,_vig_blocks.0,0.619087
1,2,6,vig_tiny,cifar10,0.1,2,_vig_blocks.1,0.634251
1,2,6,vig_tiny,cifar10,0.1,3,_vig_blocks.2,0.628650
1,2,6,vig_tiny,cifar10,0.1,4,_vig_blocks.3,0.583806
1,2,6,vig_tiny,cifar10,0.1,5,_vig_blocks.4,0.558212
1,2,6,vig_tiny,cifar10,0.1,6,_vig_blocks.5,0.535391
1,2,6,vig_tiny,cifar10,0.1,7,_vig_blocks.6,0.517793
1,2,6,vig_tiny,cifar10,0.1,8,_vig_blocks.7,0.526480
1,2,6,vig_tiny,cifar10,0.1,9,_vig_blocks.8,0.493780
1,2,6,vig_tiny,cifar10,0.1,10,_vig_blocks.9,0.523868
1,2,6,vig_tiny,cifar10,0.1,11,_vig_blocks.10,0.539211
1,2,6,vig_tiny,cifar10,0.1,12,_vig_blocks.11,0.538286
1,2,6,vig_tiny,cifar10,0.1,13,classifier,0.337336
1,2,7,vig_tiny,cifar10,0.1,0,_vig_stem,0.985996
1,2,7,vig_tiny,cifar10,0.1,1,_vig_blocks.0,0.978003
1,2,7,vig_tiny,cifar10,0.1,2,_vig_blocks.1,0.961400
1,2,7,vig_tiny,cifar10,0.1,3,_vig_blocks.2,0.928388
1,2,7,vig_tiny,cifar10,0.1,4,_vig_blocks.3,0.894484
1,2,7,vig_tiny,cifar10,0.1,5,_vig_blocks.4,0.870734
1,2,7,vig_tiny,cifar10,0.1,6,_vig_blocks.5,0.868865
1,2,7,vig_tiny,cifar10,0.1,7,_vig_blocks.6,0.861159
1,2,7,vig_tiny,cifar10,0.1,8,_vig_blocks.7,0.827375
1,2,7,vig_tiny,cifar10,0.1,9,_vig_blocks.8,0.812203
1,2,7,vig_tiny,cifar10,0.1,10,_vig_blocks.9,0.803465
1,2,7,vig_tiny,cifar10,0.1,11,_vig_blocks.10,0.761369
1,2,7,vig_tiny,cifar10,0.1,12,_vig_blocks.11,0.735750
1,2,7,vig_tiny,cifar10,0.1,13,classifier,0.589196
1,2,8,vig_tiny,cifar10,0.1,0,_vig_stem,0.975659
1,2,8,vig_tiny,cifar10,0.1,1,_vig_blocks.0,0.962194
1,2,8,vig_tiny,cifar10,0.1,2,_vig_blocks.1,0.945477
1,2,8,vig_tiny,cifar10,0.1,3,_vig_blocks.2,0.926635
1,2,8,vig_tiny,cifar10,0.1,4,_vig_blocks.3,0.925411
1,2,8,vig_tiny,cifar10,0.1,5,_vig_blocks.4,0.920390
1,2,8,vig_tiny,cifar10,0.1,6,_vig_blocks.5,0.913113
1,2,8,vig_tiny,cifar10,0.1,7,_vig_blocks.6,0.900303
1,2,8,vig_tiny,cifar10,0.1,8,_vig_blocks.7,0.890323
1,2,8,vig_tiny,cifar10,0.1,9,_vig_blocks.8,0.889695
1,2,8,vig_tiny,cifar10,0.1,10,_vig_blocks.9,0.892478
1,2,8,vig_tiny,cifar10,0.1,11,_vig_blocks.10,0.894886
1,2,8,vig_tiny,cifar10,0.1,12,_vig_blocks.11,0.895690
1,2,8,vig_tiny,cifar10,0.1,13,classifier,0.573597
1,2,9,vig_tiny,cifar10,0.1,0,_vig_stem,0.924214
1,2,9,vig_tiny,cifar10,0.1,1,_vig_blocks.0,0.869748
1,2,9,vig_tiny,cifar10,0.1,2,_vig_blocks.1,0.838153
1,2,9,vig_tiny,cifar10,0.1,3,_vig_blocks.2,0.805458
1,2,9,vig_tiny,cifar10,0.1,4,_vig_blocks.3,0.789484
1,2,9,vig_tiny,cifar10,0.1,5,_vig_blocks.4,0.762912
1,2,9,vig_tiny,cifar10,0.1,6,_vig_blocks.5,0.742712
1,2,9,vig_tiny,cifar10,0.1,7,_vig_blocks.6,0.721838
1,2,9,vig_tiny,cifar10,0.1,8,_vig_blocks.7,0.721267
1,2,9,vig_tiny,cifar10,0.1,9,_vig_blocks.8,0.701962
1,2,9,vig_tiny,cifar10,0.1,10,_vig_blocks.9,0.692651
1,2,9,vig_tiny,cifar10,0.1,11,_vig_blocks.10,0.651911
1,2,9,vig_tiny,cifar10,0.1,12,_vig_blocks.11,0.622925
1,2,9,vig_tiny,cifar10,0.1,13,classifier,0.428042
1,3,4,vig_tiny,cifar10,0.1,0,_vig_stem,0.949240
1,3,4,vig_tiny,cifar10,0.1,1,_vig_blocks.0,0.920949
1,3,4,vig_tiny,cifar10,0.1,2,_vig_blocks.1,0.889382
1,3,4,vig_tiny,cifar10,0.1,3,_vig_blocks.2,0.849969
1,3,4,vig_tiny,cifar10,0.1,4,_vig_blocks.3,0.750130
1,3,4,vig_tiny,cifar10,0.1,5,_vig_blocks.4,0.725072
1,3,4,vig_tiny,cifar10,0.1,6,_vig_blocks.5,0.718795
1,3,4,vig_tiny,cifar10,0.1,7,_vig_blocks.6,0.710263
1,3,4,vig_tiny,cifar10,0.1,8,_vig_blocks.7,0.680883
1,3,4,vig_tiny,cifar10,0.1,9,_vig_blocks.8,0.679122
1,3,4,vig_tiny,cifar10,0.1,10,_vig_blocks.9,0.654425
1,3,4,vig_tiny,cifar10,0.1,11,_vig_blocks.10,0.641857
1,3,4,vig_tiny,cifar10,0.1,12,_vig_blocks.11,0.586744
1,3,4,vig_tiny,cifar10,0.1,13,classifier,0.572939
1,3,5,vig_tiny,cifar10,0.1,0,_vig_stem,0.934010
1,3,5,vig_tiny,cifar10,0.1,1,_vig_blocks.0,0.912086
1,3,5,vig_tiny,cifar10,0.1,2,_vig_blocks.1,0.849575
1,3,5,vig_tiny,cifar10,0.1,3,_vig_blocks.2,0.796361
1,3,5,vig_tiny,cifar10,0.1,4,_vig_blocks.3,0.675481
1,3,5,vig_tiny,cifar10,0.1,5,_vig_blocks.4,0.632709
1,3,5,vig_tiny,cifar10,0.1,6,_vig_blocks.5,0.605171
1,3,5,vig_tiny,cifar10,0.1,7,_vig_blocks.6,0.584748
1,3,5,vig_tiny,cifar10,0.1,8,_vig_blocks.7,0.533467
1,3,5,vig_tiny,cifar10,0.1,9,_vig_blocks.8,0.523209
1,3,5,vig_tiny,cifar10,0.1,10,_vig_blocks.9,0.465666
1,3,5,vig_tiny,cifar10,0.1,11,_vig_blocks.10,0.420126
1,3,5,vig_tiny,cifar10,0.1,12,_vig_blocks.11,0.335215
1,3,5,vig_tiny,cifar10,0.1,13,classifier,0.154748
1,3,6,vig_tiny,cifar10,0.1,0,_vig_stem,0.641061
1,3,6,vig_tiny,cifar10,0.1,1,_vig_blocks.0,0.536168
1,3,6,vig_tiny,cifar10,0.1,2,_vig_blocks.1,0.504778
1,3,6,vig_tiny,cifar10,0.1,3,_vig_blocks.2,0.448705
1,3,6,vig_tiny,cifar10,0.1,4,_vig_blocks.3,0.353855
1,3,6,vig_tiny,cifar10,0.1,5,_vig_blocks.4,0.303618
1,3,6,vig_tiny,cifar10,0.1,6,_vig_blocks.5,0.284004
1,3,6,vig_tiny,cifar10,0.1,7,_vig_blocks.6,0.247762
1,3,6,vig_tiny,cifar10,0.1,8,_vig_blocks.7,0.231612
1,3,6,vig_tiny,cifar10,0.1,9,_vig_blocks.8,0.219899
1,3,6,vig_tiny,cifar10,0.1,10,_vig_blocks.9,0.221830
1,3,6,vig_tiny,cifar10,0.1,11,_vig_blocks.10,0.222304
1,3,6,vig_tiny,cifar10,0.1,12,_vig_blocks.11,0.194146
1,3,6,vig_tiny,cifar10,0.1,13,classifier,0.095298
1,3,7,vig_tiny,cifar10,0.1,0,_vig_stem,0.980115
1,3,7,vig_tiny,cifar10,0.1,1,_vig_blocks.0,0.961208
1,3,7,vig_tiny,cifar10,0.1,2,_vig_blocks.1,0.944865
1,3,7,vig_tiny,cifar10,0.1,3,_vig_blocks.2,0.919463
1,3,7,vig_tiny,cifar10,0.1,4,_vig_blocks.3,0.867245
1,3,7,vig_tiny,cifar10,0.1,5,_vig_blocks.4,0.846581
1,3,7,vig_tiny,cifar10,0.1,6,_vig_blocks.5,0.842342
1,3,7,vig_tiny,cifar10,0.1,7,_vig_blocks.6,0.833457
1,3,7,vig_tiny,cifar10,0.1,8,_vig_blocks.7,0.813998
1,3,7,vig_tiny,cifar10,0.1,9,_vig_blocks.8,0.814192
1,3,7,vig_tiny,cifar10,0.1,10,_vig_blocks.9,0.794054
1,3,7,vig_tiny,cifar10,0.1,11,_vig_blocks.10,0.782292
1,3,7,vig_tiny,cifar10,0.1,12,_vig_blocks.11,0.741479
1,3,7,vig_tiny,cifar10,0.1,13,classifier,0.714755
1,3,8,vig_tiny,cifar10,0.1,0,_vig_stem,0.971208
1,3,8,vig_tiny,cifar10,0.1,1,_vig_blocks.0,0.949150
1,3,8,vig_tiny,cifar10,0.1,2,_vig_blocks.1,0.905144
1,3,8,vig_tiny,cifar10,0.1,3,_vig_blocks.2,0.874758
1,3,8,vig_tiny,cifar10,0.1,4,_vig_blocks.3,0.780513
1,3,8,vig_tiny,cifar10,0.1,5,_vig_blocks.4,0.757206
1,3,8,vig_tiny,cifar10,0.1,6,_vig_blocks.5,0.741161
1,3,8,vig_tiny,cifar10,0.1,7,_vig_blocks.6,0.733983
1,3,8,vig_tiny,cifar10,0.1,8,_vig_blocks.7,0.711394
1,3,8,vig_tiny,cifar10,0.1,9,_vig_blocks.8,0.705273
1,3,8,vig_tiny,cifar10,0.1,10,_vig_blocks.9,0.667239
1,3,8,vig_tiny,cifar10,0.1,11,_vig_blocks.10,0.644777
1,3,8,vig_tiny,cifar10,0.1,12,_vig_blocks.11,0.590568
1,3,8,vig_tiny,cifar10,0.1,13,classifier,0.573650
1,3,9,vig_tiny,cifar10,0.1,0,_vig_stem,0.917744
1,3,9,vig_tiny,cifar10,0.1,1,_vig_blocks.0,0.851917
1,3,9,vig_tiny,cifar10,0.1,2,_vig_blocks.1,0.781347
1,3,9,vig_tiny,cifar10,0.1,3,_vig_blocks.2,0.731446
1,3,9,vig_tiny,cifar10,0.1,4,_vig_blocks.3,0.659113
1,3,9,vig_tiny,cifar10,0.1,5,_vig_blocks.4,0.641624
1,3,9,vig_tiny,cifar10,0.1,6,_vig_blocks.5,0.646026
1,3,9,vig_tiny,cifar10,0.1,7,_vig_blocks.6,0.604370
1,3,9,vig_tiny,cifar10,0.1,8,_vig_blocks.7,0.575544
1,3,9,vig_tiny,cifar10,0.1,9,_vig_blocks.8,0.572423
1,3,9,vig_tiny,cifar10,0.1,10,_vig_blocks.9,0.546630
1,3,9,vig_tiny,cifar10,0.1,11,_vig_blocks.10,0.493913
1,3,9,vig_tiny,cifar10,0.1,12,_vig_blocks.11,0.446443
1,3,9,vig_tiny,cifar10,0.1,13,classifier,0.362327
1,4,5,vig_tiny,cifar10,0.1,0,_vig_stem,0.926232
1,4,5,vig_tiny,cifar10,0.1,1,_vig_blocks.0,0.926312
1,4,5,vig_tiny,cifar10,0.1,2,_vig_blocks.1,0.928169
1,4,5,vig_tiny,cifar10,0.1,3,_vig_blocks.2,0.904549
1,4,5,vig_tiny,cifar10,0.1,4,_vig_blocks.3,0.890139
1,4,5,vig_tiny,cifar10,0.1,5,_vig_blocks.4,0.876275
1,4,5,vig_tiny,cifar10,0.1,6,_vig_blocks.5,0.871501
1,4,5,vig_tiny,cifar10,0.1,7,_vig_blocks.6,0.858256
1,4,5,vig_tiny,cifar10,0.1,8,_vig_blocks.7,0.833423
1,4,5,vig_tiny,cifar10,0.1,9,_vig_blocks.8,0.820219
1,4,5,vig_tiny,cifar10,0.1,10,_vig_blocks.9,0.806636
1,4,5,vig_tiny,cifar10,0.1,11,_vig_blocks.10,0.790853
1,4,5,vig_tiny,cifar10,0.1,12,_vig_blocks.11,0.757006
1,4,5,vig_tiny,cifar10,0.1,13,classifier,0.432926
1,4,6,vig_tiny,cifar10,0.1,0,_vig_stem,0.667307
1,4,6,vig_tiny,cifar10,0.1,1,_vig_blocks.0,0.608681
1,4,6,vig_tiny,cifar10,0.1,2,_vig_blocks.1,0.593413
1,4,6,vig_tiny,cifar10,0.1,3,_vig_blocks.2,0.583438
1,4,6,vig_tiny,cifar10,0.1,4,_vig_blocks.3,0.547437
1,4,6,vig_tiny,cifar10,0.1,5,_vig_blocks.4,0.506443
1,4,6,vig_tiny,cifar10,0.1,6,_vig_blocks.5,0.492271
1,4,6,vig_tiny,cifar10,0.1,7,_vig_blocks.6,0.453692
1,4,6,vig_tiny,cifar10,0.1,8,_vig_blocks.7,0.453629
1,4,6,vig_tiny,cifar10,0.1,9,_vig_blocks.8,0.439699
1,4,6,vig_tiny,cifar10,0.1,10,_vig_blocks.9,0.463710
1,4,6,vig_tiny,cifar10,0.1,11,_vig_blocks.10,0.492863
1,4,6,vig_tiny,cifar10,0.1,12,_vig_blocks.11,0.478699
1,4,6,vig_tiny,cifar10,0.1,13,classifier,0.307586
1,4,7,vig_tiny,cifar10,0.1,0,_vig_stem,0.971431
1,4,7,vig_tiny,cifar10,0.1,1,_vig_blocks.0,0.956454
1,4,7,vig_tiny,cifar10,0.1,2,_vig_blocks.1,0.951063
1,4,7,vig_tiny,cifar10,0.1,3,_vig_blocks.2,0.937814
1,4,7,vig_tiny,cifar10,0.1,4,_vig_blocks.3,0.918319
1,4,7,vig_tiny,cifar10,0.1,5,_vig_blocks.4,0.920768
1,4,7,vig_tiny,cifar10,0.1,6,_vig_blocks.5,0.924218
1,4,7,vig_tiny,cifar10,0.1,7,_vig_blocks.6,0.928008
1,4,7,vig_tiny,cifar10,0.1,8,_vig_blocks.7,0.918376
1,4,7,vig_tiny,cifar10,0.1,9,_vig_blocks.8,0.913407
1,4,7,vig_tiny,cifar10,0.1,10,_vig_blocks.9,0.910386
1,4,7,vig_tiny,cifar10,0.1,11,_vig_blocks.10,0.895414
1,4,7,vig_tiny,cifar10,0.1,12,_vig_blocks.11,0.885075
1,4,7,vig_tiny,cifar10,0.1,13,classifier,0.830304
1,4,8,vig_tiny,cifar10,0.1,0,_vig_stem,0.948592
1,4,8,vig_tiny,cifar10,0.1,1,_vig_blocks.0,0.940090
1,4,8,vig_tiny,cifar10,0.1,2,_vig_blocks.1,0.944175
1,4,8,vig_tiny,cifar10,0.1,3,_vig_blocks.2,0.921443
1,4,8,vig_tiny,cifar10,0.1,4,_vig_blocks.3,0.918040
1,4,8,vig_tiny,cifar10,0.1,5,_vig_blocks.4,0.907045
1,4,8,vig_tiny,cifar10,0.1,6,_vig_blocks.5,0.910353
1,4,8,vig_tiny,cifar10,0.1,7,_vig_blocks.6,0.904638
1,4,8,vig_tiny,cifar10,0.1,8,_vig_blocks.7,0.900728
1,4,8,vig_tiny,cifar10,0.1,9,_vig_blocks.8,0.893609
1,4,8,vig_tiny,cifar10,0.1,10,_vig_blocks.9,0.894389
1,4,8,vig_tiny,cifar10,0.1,11,_vig_blocks.10,0.886821
1,4,8,vig_tiny,cifar10,0.1,12,_vig_blocks.11,0.888295
1,4,8,vig_tiny,cifar10,0.1,13,classifier,0.619991
1,4,9,vig_tiny,cifar10,0.1,0,_vig_stem,0.913841
1,4,9,vig_tiny,cifar10,0.1,1,_vig_blocks.0,0.869412
1,4,9,vig_tiny,cifar10,0.1,2,_vig_blocks.1,0.824140
1,4,9,vig_tiny,cifar10,0.1,3,_vig_blocks.2,0.798190
1,4,9,vig_tiny,cifar10,0.1,4,_vig_blocks.3,0.783353
1,4,9,vig_tiny,cifar10,0.1,5,_vig_blocks.4,0.762324
1,4,9,vig_tiny,cifar10,0.1,6,_vig_blocks.5,0.758549
1,4,9,vig_tiny,cifar10,0.1,7,_vig_blocks.6,0.731848
1,4,9,vig_tiny,cifar10,0.1,8,_vig_blocks.7,0.731525
1,4,9,vig_tiny,cifar10,0.1,9,_vig_blocks.8,0.725632
1,4,9,vig_tiny,cifar10,0.1,10,_vig_blocks.9,0.711513
1,4,9,vig_tiny,cifar10,0.1,11,_vig_blocks.10,0.662242
1,4,9,vig_tiny,cifar10,0.1,12,_vig_blocks.11,0.632713
1,4,9,vig_tiny,cifar10,0.1,13,classifier,0.448713
1,5,6,vig_tiny,cifar10,0.1,0,_vig_stem,0.738467
1,5,6,vig_tiny,cifar10,0.1,1,_vig_blocks.0,0.655998
1,5,6,vig_tiny,cifar10,0.1,2,_vig_blocks.1,0.668871
1,5,6,vig_tiny,cifar10,0.1,3,_vig_blocks.2,0.657377
1,5,6,vig_tiny,cifar10,0.1,4,_vig_blocks.3,0.641778
1,5,6,vig_tiny,cifar10,0.1,5,_vig_blocks.4,0.627812
1,5,6,vig_tiny,cifar10,0.1,6,_vig_blocks.5,0.647152
1,5,6,vig_tiny,cifar10,0.1,7,_vig_blocks.6,0.642578
1,5,6,vig_tiny,cifar10,0.1,8,_vig_blocks.7,0.653686
1,5,6,vig_tiny,cifar10,0.1,9,_vig_blocks.8,0.639829
1,5,6,vig_tiny,cifar10,0.1,10,_vig_blocks.9,0.682971
1,5,6,vig_tiny,cifar10,0.1,11,_vig_blocks.10,0.695207
1,5,6,vig_tiny,cifar10,0.1,12,_vig_blocks.11,0.708306
1,5,6,vig_tiny,cifar10,0.1,13,classifier,0.405308
1,5,7,vig_tiny,cifar10,0.1,0,_vig_stem,0.944273
1,5,7,vig_tiny,cifar10,0.1,1,_vig_blocks.0,0.946379
1,5,7,vig_tiny,cifar10,0.1,2,_vig_blocks.1,0.922780
1,5,7,vig_tiny,cifar10,0.1,3,_vig_blocks.2,0.897564
1,5,7,vig_tiny,cifar10,0.1,4,_vig_blocks.3,0.854258
1,5,7,vig_tiny,cifar10,0.1,5,_vig_blocks.4,0.830695
1,5,7,vig_tiny,cifar10,0.1,6,_vig_blocks.5,0.820829
1,5,7,vig_tiny,cifar10,0.1,7,_vig_blocks.6,0.802789
1,5,7,vig_tiny,cifar10,0.1,8,_vig_blocks.7,0.759744
1,5,7,vig_tiny,cifar10,0.1,9,_vig_blocks.8,0.737129
1,5,7,vig_tiny,cifar10,0.1,10,_vig_blocks.9,0.709627
1,5,7,vig_tiny,cifar10,0.1,11,_vig_blocks.10,0.653934
1,5,7,vig_tiny,cifar10,0.1,12,_vig_blocks.11,0.591353
1,5,7,vig_tiny,cifar10,0.1,13,classifier,0.432340
1,5,8,vig_tiny,cifar10,0.1,0,_vig_stem,0.967782
1,5,8,vig_tiny,cifar10,0.1,1,_vig_blocks.0,0.953316
1,5,8,vig_tiny,cifar10,0.1,2,_vig_blocks.1,0.936521
1,5,8,vig_tiny,cifar10,0.1,3,_vig_blocks.2,0.922947
1,5,8,vig_tiny,cifar10,0.1,4,_vig_blocks.3,0.919664
1,5,8,vig_tiny,cifar10,0.1,5,_vig_blocks.4,0.912437
1,5,8,vig_tiny,cifar10,0.1,6,_vig_blocks.5,0.899125
1,5,8,vig_tiny,cifar10,0.1,7,_vig_blocks.6,0.893984
1,5,8,vig_tiny,cifar10,0.1,8,_vig_blocks.7,0.871832
1,5,8,vig_tiny,cifar10,0.1,9,_vig_blocks.8,0.861480
1,5,8,vig_tiny,cifar10,0.1,10,_vig_blocks.9,0.840141
1,5,8,vig_tiny,cifar10,0.1,11,_vig_blocks.10,0.833828
1,5,8,vig_tiny,cifar10,0.1,12,_vig_blocks.11,0.807213
1,5,8,vig_tiny,cifar10,0.1,13,classifier,0.466529
1,5,9,vig_tiny,cifar10,0.1,0,_vig_stem,0.918213
1,5,9,vig_tiny,cifar10,0.1,1,_vig_blocks.0,0.866831
1,5,9,vig_tiny,cifar10,0.1,2,_vig_blocks.1,0.832105
1,5,9,vig_tiny,cifar10,0.1,3,_vig_blocks.2,0.808748
1,5,9,vig_tiny,cifar10,0.1,4,_vig_blocks.3,0.811861
1,5,9,vig_tiny,cifar10,0.1,5,_vig_blocks.4,0.800005
1,5,9,vig_tiny,cifar10,0.1,6,_vig_blocks.5,0.806838
1,5,9,vig_tiny,cifar10,0.1,7,_vig_blocks.6,0.805478
1,5,9,vig_tiny,cifar10,0.1,8,_vig_blocks.7,0.795701
1,5,9,vig_tiny,cifar10,0.1,9,_vig_blocks.8,0.776635
1,5,9,vig_tiny,cifar10,0.1,10,_vig_blocks.9,0.766371
1,5,9,vig_tiny,cifar10,0.1,11,_vig_blocks.10,0.738457
1,5,9,vig_tiny,cifar10,0.1,12,_vig_blocks.11,0.700308
1,5,9,vig_tiny,cifar10,0.1,13,classifier,0.364382
1,6,7,vig_tiny,cifar10,0.1,0,_vig_stem,0.696943
1,6,7,vig_tiny,cifar10,0.1,1,_vig_blocks.0,0.612951
1,6,7,vig_tiny,cifar10,0.1,2,_vig_blocks.1,0.576379
1,6,7,vig_tiny,cifar10,0.1,3,_vig_blocks.2,0.538119
1,6,7,vig_tiny,cifar10,0.1,4,_vig_blocks.3,0.486393
1,6,7,vig_tiny,cifar10,0.1,5,_vig_blocks.4,0.438778
1,6,7,vig_tiny,cifar10,0.1,6,_vig_blocks.5,0.427184
1,6,7,vig_tiny,cifar10,0.1,7,_vig_blocks.6,0.389903
1,6,7,vig_tiny,cifar10,0.1,8,_vig_blocks.7,0.384923
1,6,7,vig_tiny,cifar10,0.1,9,_vig_blocks.8,0.363324
1,6,7,vig_tiny,cifar10,0.1,10,_vig_blocks.9,0.377713
1,6,7,vig_tiny,cifar10,0.1,11,_vig_blocks.10,0.386116
1,6,7,vig_tiny,cifar10,0.1,12,_vig_blocks.11,0.361890
1,6,7,vig_tiny,cifar10,0.1,13,classifier,0.230145
1,6,8,vig_tiny,cifar10,0.1,0,_vig_stem,0.657931
1,6,8,vig_tiny,cifar10,0.1,1,_vig_blocks.0,0.597208
1,6,8,vig_tiny,cifar10,0.1,2,_vig_blocks.1,0.598229
1,6,8,vig_tiny,cifar10,0.1,3,_vig_blocks.2,0.587661
1,6,8,vig_tiny,cifar10,0.1,4,_vig_blocks.3,0.566383
1,6,8,vig_tiny,cifar10,0.1,5,_vig_blocks.4,0.535706
1,6,8,vig_tiny,cifar10,0.1,6,_vig_blocks.5,0.540395
1,6,8,vig_tiny,cifar10,0.1,7,_vig_blocks.6,0.529774
1,6,8,vig_tiny,cifar10,0.1,8,_vig_blocks.7,0.523313
1,6,8,vig_tiny,cifar10,0.1,9,_vig_blocks.8,0.507488
1,6,8,vig_tiny,cifar10,0.1,10,_vig_blocks.9,0.534271
1,6,8,vig_tiny,cifar10,0.1,11,_vig_blocks.10,0.553154
1,6,8,vig_tiny,cifar10,0.1,12,_vig_blocks.11,0.541739
1,6,8,vig_tiny,cifar10,0.1,13,classifier,0.226112
1,6,9,vig_tiny,cifar10,0.1,0,_vig_stem,0.771090
1,6,9,vig_tiny,cifar10,0.1,1,_vig_blocks.0,0.744228
1,6,9,vig_tiny,cifar10,0.1,2,_vig_blocks.1,0.743929
1,6,9,vig_tiny,cifar10,0.1,3,_vig_blocks.2,0.762706
1,6,9,vig_tiny,cifar10,0.1,4,_vig_blocks.3,0.753280
1,6,9,vig_tiny,cifar10,0.1,5,_vig_blocks.4,0.733899
1,6,9,vig_tiny,cifar10,0.1,6,_vig_blocks.5,0.716014
1,6,9,vig_tiny,cifar10,0.1,7,_vig_blocks.6,0.690386
1,6,9,vig_tiny,cifar10,0.1,8,_vig_blocks.7,0.664271
1,6,9,vig_tiny,cifar10,0.1,9,_vig_blocks.8,0.654419
1,6,9,vig_tiny,cifar10,0.1,10,_vig_blocks.9,0.655231
1,6,9,vig_tiny,cifar10,0.1,11,_vig_blocks.10,0.672390
1,6,9,vig_tiny,cifar10,0.1,12,_vig_blocks.11,0.671050
1,6,9,vig_tiny,cifar10,0.1,13,classifier,0.304683
1,7,8,vig_tiny,cifar10,0.1,0,_vig_stem,0.967472
1,7,8,vig_tiny,cifar10,0.1,1,_vig_blocks.0,0.957134
1,7,8,vig_tiny,cifar10,0.1,2,_vig_blocks.1,0.940443
1,7,8,vig_tiny,cifar10,0.1,3,_vig_blocks.2,0.917610
1,7,8,vig_tiny,cifar10,0.1,4,_vig_blocks.3,0.890503
1,7,8,vig_tiny,cifar10,0.1,5,_vig_blocks.4,0.873067
1,7,8,vig_tiny,cifar10,0.1,6,_vig_blocks.5,0.874792
1,7,8,vig_tiny,cifar10,0.1,7,_vig_blocks.6,0.870008
1,7,8,vig_tiny,cifar10,0.1,8,_vig_blocks.7,0.851483
1,7,8,vig_tiny,cifar10,0.1,9,_vig_blocks.8,0.835633
1,7,8,vig_tiny,cifar10,0.1,10,_vig_blocks.9,0.827565
1,7,8,vig_tiny,cifar10,0.1,11,_vig_blocks.10,0.798814
1,7,8,vig_tiny,cifar10,0.1,12,_vig_blocks.11,0.788840
1,7,8,vig_tiny,cifar10,0.1,13,classifier,0.686459
1,7,9,vig_tiny,cifar10,0.1,0,_vig_stem,0.936966
1,7,9,vig_tiny,cifar10,0.1,1,_vig_blocks.0,0.887902
1,7,9,vig_tiny,cifar10,0.1,2,_vig_blocks.1,0.834457
1,7,9,vig_tiny,cifar10,0.1,3,_vig_blocks.2,0.794350
1,7,9,vig_tiny,cifar10,0.1,4,_vig_blocks.3,0.770448
1,7,9,vig_tiny,cifar10,0.1,5,_vig_blocks.4,0.751549
1,7,9,vig_tiny,cifar10,0.1,6,_vig_blocks.5,0.756452
1,7,9,vig_tiny,cifar10,0.1,7,_vig_blocks.6,0.727239
1,7,9,vig_tiny,cifar10,0.1,8,_vig_blocks.7,0.723070
1,7,9,vig_tiny,cifar10,0.1,9,_vig_blocks.8,0.711871
1,7,9,vig_tiny,cifar10,0.1,10,_vig_blocks.9,0.699032
1,7,9,vig_tiny,cifar10,0.1,11,_vig_blocks.10,0.630264
1,7,9,vig_tiny,cifar10,0.1,12,_vig_blocks.11,0.600788
1,7,9,vig_tiny,cifar10,0.1,13,classifier,0.476303
1,8,9,vig_tiny,cifar10,0.1,0,_vig_stem,0.905874
1,8,9,vig_tiny,cifar10,0.1,1,_vig_blocks.0,0.858969
1,8,9,vig_tiny,cifar10,0.1,2,_vig_blocks.1,0.808061
1,8,9,vig_tiny,cifar10,0.1,3,_vig_blocks.2,0.788894
1,8,9,vig_tiny,cifar10,0.1,4,_vig_blocks.3,0.791883
1,8,9,vig_tiny,cifar10,0.1,5,_vig_blocks.4,0.782450
1,8,9,vig_tiny,cifar10,0.1,6,_vig_blocks.5,0.795156
1,8,9,vig_tiny,cifar10,0.1,7,_vig_blocks.6,0.789057
1,8,9,vig_tiny,cifar10,0.1,8,_vig_blocks.7,0.776922
1,8,9,vig_tiny,cifar10,0.1,9,_vig_blocks.8,0.769281
1,8,9,vig_tiny,cifar10,0.1,10,_vig_blocks.9,0.763874
1,8,9,vig_tiny,cifar10,0.1,11,_vig_blocks.10,0.729310
1,8,9,vig_tiny,cifar10,0.1,12,_vig_blocks.11,0.710521
1,8,9,vig_tiny,cifar10,0.1,13,classifier,0.418905
2,0,1,vig_tiny,cifar10,0.1,0,_vig_stem,0.744115
2,0,1,vig_tiny,cifar10,0.1,1,_vig_blocks.0,0.694918
2,0,1,vig_tiny,cifar10,0.1,2,_vig_blocks.1,0.634840
2,0,1,vig_tiny,cifar10,0.1,3,_vig_blocks.2,0.597601
2,0,1,vig_tiny,cifar10,0.1,4,_vig_blocks.3,0.585702
2,0,1,vig_tiny,cifar10,0.1,5,_vig_blocks.4,0.598872
2,0,1,vig_tiny,cifar10,0.1,6,_vig_blocks.5,0.597836
2,0,1,vig_tiny,cifar10,0.1,7,_vig_blocks.6,0.595236
2,0,1,vig_tiny,cifar10,0.1,8,_vig_blocks.7,0.576280
2,0,1,vig_tiny,cifar10,0.1,9,_vig_blocks.8,0.576976
2,0,1,vig_tiny,cifar10,0.1,10,_vig_blocks.9,0.549273
2,0,1,vig_tiny,cifar10,0.1,11,_vig_blocks.10,0.550851
2,0,1,vig_tiny,cifar10,0.1,12,_vig_blocks.11,0.534087
2,0,1,vig_tiny,cifar10,0.1,13,classifier,0.241194
2,0,2,vig_tiny,cifar10,0.1,0,_vig_stem,0.814885
2,0,2,vig_tiny,cifar10,0.1,1,_vig_blocks.0,0.728183
2,0,2,vig_tiny,cifar10,0.1,2,_vig_blocks.1,0.600183
2,0,2,vig_tiny,cifar10,0.1,3,_vig_blocks.2,0.602838
2,0,2,vig_tiny,cifar10,0.1,4,_vig_blocks.3,0.579152
2,0,2,vig_tiny,cifar10,0.1,5,_vig_blocks.4,0.585612
2,0,2,vig_tiny,cifar10,0.1,6,_vig_blocks.5,0.577139
2,0,2,vig_tiny,cifar10,0.1,7,_vig_blocks.6,0.569609
2,0,2,vig_tiny,cifar10,0.1,8,_vig_blocks.7,0.563605
2,0,2,vig_tiny,cifar10,0.1,9,_vig_blocks.8,0.569483
2,0,2,vig_tiny,cifar10,0.1,10,_vig_blocks.9,0.567749
2,0,2,vig_tiny,cifar10,0.1,11,_vig_blocks.10,0.584267
2,0,2,vig_tiny,cifar10,0.1,12,_vig_blocks.11,0.583263
2,0,2,vig_tiny,cifar10,0.1,13,classifier,0.403435
2,0,3,vig_tiny,cifar10,0.1,0,_vig_stem,0.824071
2,0,3,vig_tiny,cifar10,0.1,1,_vig_blocks.0,0.777926
2,0,3,vig_tiny,cifar10,0.1,2,_vig_blocks.1,0.652278
2,0,3,vig_tiny,cifar10,0.1,3,_vig_blocks.2,0.644717
2,0,3,vig_tiny,cifar10,0.1,4,_vig_blocks.3,0.620336
2,0,3,vig_tiny,cifar10,0.1,5,_vig_blocks.4,0.630354
2,0,3,vig_tiny,cifar10,0.1,6,_vig_blocks.5,0.621290
2,0,3,vig_tiny,cifar10,0.1,7,_vig_blocks.6,0.593606
2,0,3,vig_tiny,cifar10,0.1,8,_vig_blocks.7,0.589062
2,0,3,vig_tiny,cifar10,0.1,9,_vig_blocks.8,0.601486
2,0,3,vig_tiny,cifar10,0.1,10,_vig_blocks.9,0.599510
2,0,3,vig_tiny,cifar10,0.1,11,_vig_blocks.10,0.608759
2,0,3,vig_tiny,cifar10,0.1,12,_vig_blocks.11,0.589943
2,0,3,vig_tiny,cifar10,0.1,13,classifier,0.444264
2,0,4,vig_tiny,cifar10,0.1,0,_vig_stem,0.789530
2,0,4,vig_tiny,cifar10,0.1,1,_vig_blocks.0,0.721045
2,0,4,vig_tiny,cifar10,0.1,2,_vig_blocks.1,0.595372
2,0,4,vig_tiny,cifar10,0.1,3,_vig_blocks.2,0.593912
2,0,4,vig_tiny,cifar10,0.1,4,_vig_blocks.3,0.577680
2,0,4,vig_tiny,cifar10,0.1,5,_vig_blocks.4,0.571126
2,0,4,vig_tiny,cifar10,0.1,6,_vig_blocks.5,0.574827
2,0,4,vig_tiny,cifar10,0.1,7,_vig_blocks.6,0.563409
2,0,4,vig_tiny,cifar10,0.1,8,_vig_blocks.7,0.546607
2,0,4,vig_tiny,cifar10,0.1,9,_vig_blocks.8,0.560520
2,0,4,vig_tiny,cifar10,0.1,10,_vig_blocks.9,0.552032
2,0,4,vig_tiny,cifar10,0.1,11,_vig_blocks.10,0.567329
2,0,4,vig_tiny,cifar10,0.1,12,_vig_blocks.11,0.563770
2,0,4,vig_tiny,cifar10,0.1,13,classifier,0.305012
2,0,5,vig_tiny,cifar10,0.1,0,_vig_stem,0.578525
2,0,5,vig_tiny,cifar10,0.1,1,_vig_blocks.0,0.514852
2,0,5,vig_tiny,cifar10,0.1,2,_vig_blocks.1,0.448994
2,0,5,vig_tiny,cifar10,0.1,3,_vig_blocks.2,0.442086
2,0,5,vig_tiny,cifar10,0.1,4,_vig_blocks.3,0.405671
2,0,5,vig_tiny,cifar10,0.1,5,_vig_blocks.4,0.398100
2,0,5,vig_tiny,cifar10,0.1,6,_vig_blocks.5,0.380279
2,0,5,vig_tiny,cifar10,0.1,7,_vig_blocks.6,0.361531
2,0,5,vig_tiny,cifar10,0.1,8,_vig_blocks.7,0.366432
2,0,5,vig_tiny,cifar10,0.1,9,_vig_blocks.8,0.373197
2,0,5,vig_tiny,cifar10,0.1,10,_vig_blocks.9,0.360819
2,0,5,vig_tiny,cifar10,0.1,11,_vig_blocks.10,0.362913
2,0,5,vig_tiny,cifar10,0.1,12,_vig_blocks.11,0.349591
2,0,5,vig_tiny,cifar10,0.1,13,classifier,0.208659
2,0,6,vig_tiny,cifar10,0.1,0,_vig_stem,0.624939
2,0,6,vig_tiny,cifar10,0.1,1,_vig_blocks.0,0.557667
2,0,6,vig_tiny,cifar10,0.1,2,_vig_blocks.1,0.502236
2,0,6,vig_tiny,cifar10,0.1,3,_vig_blocks.2,0.479071
2,0,6,vig_tiny,cifar10,0.1,4,_vig_blocks.3,0.469599
2,0,6,vig_tiny,cifar10,0.1,5,_vig_blocks.4,0.477140
2,0,6,vig_tiny,cifar10,0.1,6,_vig_blocks.5,0.465016
2,0,6,vig_tiny,cifar10,0.1,7,_vig_blocks.6,0.459944
2,0,6,vig_tiny,cifar10,0.1,8,_vig_blocks.7,0.473103
2,0,6,vig_tiny,cifar10,0.1,9,_vig_blocks.8,0.474831
2,0,6,vig_tiny,cifar10,0.1,10,_vig_blocks.9,0.446244
2,0,6,vig_tiny,cifar10,0.1,11,_vig_blocks.10,0.441936
2,0,6,vig_tiny,cifar10,0.1,12,_vig_blocks.11,0.430301
2,0,6,vig_tiny,cifar10,0.1,13,classifier,0.298259
2,0,7,vig_tiny,cifar10,0.1,0,_vig_stem,0.824161
2,0,7,vig_tiny,cifar10,0.1,1,_vig_blocks.0,0.753398
2,0,7,vig_tiny,cifar10,0.1,2,_vig_blocks.1,0.626982
2,0,7,vig_tiny,cifar10,0.1,3,_vig_blocks.2,0.624620
2,0,7,vig_tiny,cifar10,0.1,4,_vig_blocks.3,0.595422
2,0,7,vig_tiny,cifar10,0.1,5,_vig_blocks.4,0.603950
2,0,7,vig_tiny,cifar10,0.1,6,_vig_blocks.5,0.601426
2,0,7,vig_tiny,cifar10,0.1,7,_vig_blocks.6,0.579828
2,0,7,vig_tiny,cifar10,0.1,8,_vig_blocks.7,0.569296
2,0,7,vig_tiny,cifar10,0.1,9,_vig_blocks.8,0.577175
2,0,7,vig_tiny,cifar10,0.1,10,_vig_blocks.9,0.570969
2,0,7,vig_tiny,cifar10,0.1,11,_vig_blocks.10,0.580691
2,0,7,vig_tiny,cifar10,0.1,12,_vig_blocks.11,0.573466
2,0,7,vig_tiny,cifar10,0.1,13,classifier,0.309618
2,0,8,vig_tiny,cifar10,0.1,0,_vig_stem,0.779077
2,0,8,vig_tiny,cifar10,0.1,1,_vig_blocks.0,0.701057
2,0,8,vig_tiny,cifar10,0.1,2,_vig_blocks.1,0.573306
2,0,8,vig_tiny,cifar10,0.1,3,_vig_blocks.2,0.567075
2,0,8,vig_tiny,cifar10,0.1,4,_vig_blocks.3,0.540064
2,0,8,vig_tiny,cifar10,0.1,5,_vig_blocks.4,0.530195
2,0,8,vig_tiny,cifar10,0.1,6,_vig_blocks.5,0.536763
2,0,8,vig_tiny,cifar10,0.1,7,_vig_blocks.6,0.516139
2,0,8,vig_tiny,cifar10,0.1,8,_vig_blocks.7,0.507306
2,0,8,vig_tiny,cifar10,0.1,9,_vig_blocks.8,0.521284
2,0,8,vig_tiny,cifar10,0.1,10,_vig_blocks.9,0.511711
2,0,8,vig_tiny,cifar10,0.1,11,_vig_blocks.10,0.530204
2,0,8,vig_tiny,cifar10,0.1,12,_vig_blocks.11,0.553374
2,0,8,vig_tiny,cifar10,0.1,13,classifier,0.274684
2,0,9,vig_tiny,cifar10,0.1,0,_vig_stem,0.887377
2,0,9,vig_tiny,cifar10,0.1,1,_vig_blocks.0,0.833021
2,0,9,vig_tiny,cifar10,0.1,2,_vig_blocks.1,0.737794
2,0,9,vig_tiny,cifar10,0.1,3,_vig_blocks.2,0.714960
2,0,9,vig_tiny,cifar10,0.1,4,_vig_blocks.3,0.703506
2,0,9,vig_tiny,cifar10,0.1,5,_vig_blocks.4,0.707937
2,0,9,vig_tiny,cifar10,0.1,6,_vig_blocks.5,0.695320
2,0,9,vig_tiny,cifar10,0.1,7,_vig_blocks.6,0.652636
2,0,9,vig_tiny,cifar10,0.1,8,_vig_blocks.7,0.642903
2,0,9,vig_tiny,cifar10,0.1,9,_vig_blocks.8,0.648862
2,0,9,vig_tiny,cifar10,0.1,10,_vig_blocks.9,0.620910
2,0,9,vig_tiny,cifar10,0.1,11,_vig_blocks.10,0.629832
2,0,9,vig_tiny,cifar10,0.1,12,_vig_blocks.11,0.617489
2,0,9,vig_tiny,cifar10,0.1,13,classifier,0.294452
2,1,2,vig_tiny,cifar10,0.1,0,_vig_stem,0.750849
2,1,2,vig_tiny,cifar10,0.1,1,_vig_blocks.0,0.667257
2,1,2,vig_tiny,cifar10,0.1,2,_vig_blocks.1,0.657669
2,1,2,vig_tiny,cifar10,0.1,3,_vig_blocks.2,0.651845
2,1,2,vig_tiny,cifar10,0.1,4,_vig_blocks.3,0.624572
2,1,2,vig_tiny,cifar10,0.1,5,_vig_blocks.4,0.649732
2,1,2,vig_tiny,cifar10,0.1,6,_vig_blocks.5,0.623170
2,1,2,vig_tiny,cifar10,0.1,7,_vig_blocks.6,0.630303
2,1,2,vig_tiny,cifar10,0.1,8,_vig_blocks.7,0.633033
2,1,2,vig_tiny,cifar10,0.1,9,_vig_blocks.8,0.609253
2,1,2,vig_tiny,cifar10,0.1,10,_vig_blocks.9,0.614461
2,1,2,vig_tiny,cifar10,0.1,11,_vig_blocks.10,0.595674
2,1,2,vig_tiny,cifar10,0.1,12,_vig_blocks.11,0.609553
2,1,2,vig_tiny,cifar10,0.1,13,classifier,0.151291
2,1,3,vig_tiny,cifar10,0.1,0,_vig_stem,0.747186
2,1,3,vig_tiny,cifar10,0.1,1,_vig_blocks.0,0.673980
2,1,3,vig_tiny,cifar10,0.1,2,_vig_blocks.1,0.649245
2,1,3,vig_tiny,cifar10,0.1,3,_vig_blocks.2,0.597902
2,1,3,vig_tiny,cifar10,0.1,4,_vig_blocks.3,0.575700
2,1,3,vig_tiny,cifar10,0.1,5,_vig_blocks.4,0.600596
2,1,3,vig_tiny,cifar10,0.1,6,_vig_blocks.5,0.617045
2,1,3,vig_tiny,cifar10,0.1,7,_vig_blocks.6,0.583049
2,1,3,vig_tiny,cifar10,0.1,8,_vig_blocks.7,0.594449
2,1,3,vig_tiny,cifar10,0.1,9,_vig_blocks.8,0.591928
2,1,3,vig_tiny,cifar10,0.1,10,_vig_blocks.9,0.609011
2,1,3,vig_tiny,cifar10,0.1,11,_vig_blocks.10,0.590861
2,1,3,vig_tiny,cifar10,0.1,12,_vig_blocks.11,0.571154
2,1,3,vig_tiny,cifar10,0.1,13,classifier,0.333796
2,1,4,vig_tiny,cifar10,0.1,0,_vig_stem,0.761291
2,1,4,vig_tiny,cifar10,0.1,1,_vig_blocks.0,0.674171
2,1,4,vig_tiny,cifar10,0.1,2,_vig_blocks.1,0.642106
2,1,4,vig_tiny,cifar10,0.1,3,_vig_blocks.2,0.584201
2,1,4,vig_tiny,cifar10,0.1,4,_vig_blocks.3,0.585768
2,1,4,vig_tiny,cifar10,0.1,5,_vig_blocks.4,0.596660
2,1,4,vig_tiny,cifar10,0.1,6,_vig_blocks.5,0.621745
2,1,4,vig_tiny,cifar10,0.1,7,_vig_blocks.6,0.613213
2,1,4,vig_tiny,cifar10,0.1,8,_vig_blocks.7,0.605229
2,1,4,vig_tiny,cifar10,0.1,9,_vig_blocks.8,0.589410
2,1,4,vig_tiny,cifar10,0.1,10,_vig_blocks.9,0.583087
2,1,4,vig_tiny,cifar10,0.1,11,_vig_blocks.10,0.573846
2,1,4,vig_tiny,cifar10,0.1,12,_vig_blocks.11,0.549025
2,1,4,vig_tiny,cifar10,0.1,13,classifier,0.246355
2,1,5,vig_tiny,cifar10,0.1,0,_vig_stem,0.474767
2,1,5,vig_tiny,cifar10,0.1,1,_vig_blocks.0,0.429762
2,1,5,vig_tiny,cifar10,0.1,2,_vig_blocks.1,0.424196
2,1,5,vig_tiny,cifar10,0.1,3,_vig_blocks.2,0.395061
2,1,5,vig_tiny,cifar10,0.1,4,_vig_blocks.3,0.372558
2,1,5,vig_tiny,cifar10,0.1,5,_vig_blocks.4,0.375866
2,1,5,vig_tiny,cifar10,0.1,6,_vig_blocks.5,0.354275
2,1,5,vig_tiny,cifar10,0.1,7,_vig_blocks.6,0.346235
2,1,5,vig_tiny,cifar10,0.1,8,_vig_blocks.7,0.345708
2,1,5,vig_tiny,cifar10,0.1,9,_vig_blocks.8,0.353030
2,1,5,vig_tiny,cifar10,0.1,10,_vig_blocks.9,0.347760
2,1,5,vig_tiny,cifar10,0.1,11,_vig_blocks.10,0.353369
2,1,5,vig_tiny,cifar10,0.1,12,_vig_blocks.11,0.364322
2,1,5,vig_tiny,cifar10,0.1,13,classifier,0.213656
2,1,6,vig_tiny,cifar10,0.1,0,_vig_stem,0.872144
2,1,6,vig_tiny,cifar10,0.1,1,_vig_blocks.0,0.792715
2,1,6,vig_tiny,cifar10,0.1,2,_vig_blocks.1,0.764102
2,1,6,vig_tiny,cifar10,0.1,3,_vig_blocks.2,0.725275
2,1,6,vig_tiny,cifar10,0.1,4,_vig_blocks.3,0.696368
2,1,6,vig_tiny,cifar10,0.1,5,_vig_blocks.4,0.697033
2,1,6,vig_tiny,cifar10,0.1,6,_vig_blocks.5,0.681000
2,1,6,vig_tiny,cifar10,0.1,7,_vig_blocks.6,0.690820
2,1,6,vig_tiny,cifar10,0.1,8,_vig_blocks.7,0.699061
2,1,6,vig_tiny,cifar10,0.1,9,_vig_blocks.8,0.680384
2,1,6,vig_tiny,cifar10,0.1,10,_vig_blocks.9,0.667223
2,1,6,vig_tiny,cifar10,0.1,11,_vig_blocks.10,0.653244
2,1,6,vig_tiny,cifar10,0.1,12,_vig_blocks.11,0.642863
2,1,6,vig_tiny,cifar10,0.1,13,classifier,0.715907
2,1,7,vig_tiny,cifar10,0.1,0,_vig_stem,0.743890
2,1,7,vig_tiny,cifar10,0.1,1,_vig_blocks.0,0.637106
2,1,7,vig_tiny,cifar10,0.1,2,_vig_blocks.1,0.602005
2,1,7,vig_tiny,cifar10,0.1,3,_vig_blocks.2,0.546053
2,1,7,vig_tiny,cifar10,0.1,4,_vig_blocks.3,0.529188
2,1,7,vig_tiny,cifar10,0.1,5,_vig_blocks.4,0.555048
2,1,7,vig_tiny,cifar10,0.1,6,_vig_blocks.5,0.584866
2,1,7,vig_tiny,cifar10,0.1,7,_vig_blocks.6,0.560538
2,1,7,vig_tiny,cifar10,0.1,8,_vig_blocks.7,0.567302
2,1,7,vig_tiny,cifar10,0.1,9,_vig_blocks.8,0.560754
2,1,7,vig_tiny,cifar10,0.1,10,_vig_blocks.9,0.567375
2,1,7,vig_tiny,cifar10,0.1,11,_vig_blocks.10,0.559946
2,1,7,vig_tiny,cifar10,0.1,12,_vig_blocks.11,0.552734
2,1,7,vig_tiny,cifar10,0.1,13,classifier,0.378709
2,1,8,vig_tiny,cifar10,0.1,0,_vig_stem,0.668749
2,1,8,vig_tiny,cifar10,0.1,1,_vig_blocks.0,0.568868
2,1,8,vig_tiny,cifar10,0.1,2,_vig_blocks.1,0.533296
2,1,8,vig_tiny,cifar10,0.1,3,_vig_blocks.2,0.482454
2,1,8,vig_tiny,cifar10,0.1,4,_vig_blocks.3,0.472470
2,1,8,vig_tiny,cifar10,0.1,5,_vig_blocks.4,0.467284
2,1,8,vig_tiny,cifar10,0.1,6,_vig_blocks.5,0.499558
2,1,8,vig_tiny,cifar10,0.1,7,_vig_blocks.6,0.496269
2,1,8,vig_tiny,cifar10,0.1,8,_vig_blocks.7,0.504467
2,1,8,vig_tiny,cifar10,0.1,9,_vig_blocks.8,0.497340
2,1,8,vig_tiny,cifar10,0.1,10,_vig_blocks.9,0.491007
2,1,8,vig_tiny,cifar10,0.1,11,_vig_blocks.10,0.493373
2,1,8,vig_tiny,cifar10,0.1,12,_vig_blocks.11,0.517462
2,1,8,vig_tiny,cifar10,0.1,13,classifier,0.263033
2,1,9,vig_tiny,cifar10,0.1,0,_vig_stem,0.747925
2,1,9,vig_tiny,cifar10,0.1,1,_vig_blocks.0,0.684405
2,1,9,vig_tiny,cifar10,0.1,2,_vig_blocks.1,0.692040
2,1,9,vig_tiny,cifar10,0.1,3,_vig_blocks.2,0.650464
2,1,9,vig_tiny,cifar10,0.1,4,_vig_blocks.3,0.631182
2,1,9,vig_tiny,cifar10,0.1,5,_vig_blocks.4,0.651515
2,1,9,vig_tiny,cifar10,0.1,6,_vig_blocks.5,0.659513
2,1,9,vig_tiny,cifar10,0.1,7,_vig_blocks.6,0.641205
2,1,9,vig_tiny,cifar10,0.1,8,_vig_blocks.7,0.647465
2,1,9,vig_tiny,cifar10,0.1,9,_vig_blocks.8,0.628278
2,1,9,vig_tiny,cifar10,0.1,10,_vig_blocks.9,0.614790
2,1,9,vig_tiny,cifar10,0.1,11,_vig_blocks.10,0.620484
2,1,9,vig_tiny,cifar10,0.1,12,_vig_blocks.11,0.626157
2,1,9,vig_tiny,cifar10,0.1,13,classifier,0.606251
2,2,3,vig_tiny,cifar10,0.1,0,_vig_stem,0.915511
2,2,3,vig_tiny,cifar10,0.1,1,_vig_blocks.0,0.945880
2,2,3,vig_tiny,cifar10,0.1,2,_vig_blocks.1,0.937606
2,2,3,vig_tiny,cifar10,0.1,3,_vig_blocks.2,0.910891
2,2,3,vig_tiny,cifar10,0.1,4,_vig_blocks.3,0.913112
2,2,3,vig_tiny,cifar10,0.1,5,_vig_blocks.4,0.902765
2,2,3,vig_tiny,cifar10,0.1,6,_vig_blocks.5,0.907562
2,2,3,vig_tiny,cifar10,0.1,7,_vig_blocks.6,0.907463
2,2,3,vig_tiny,cifar10,0.1,8,_vig_blocks.7,0.895506
2,2,3,vig_tiny,cifar10,0.1,9,_vig_blocks.8,0.886590
2,2,3,vig_tiny,cifar10,0.1,10,_vig_blocks.9,0.872314
2,2,3,vig_tiny,cifar10,0.1,11,_vig_blocks.10,0.853530
2,2,3,vig_tiny,cifar10,0.1,12,_vig_blocks.11,0.816801
2,2,3,vig_tiny,cifar10,0.1,13,classifier,0.338985
2,2,4,vig_tiny,cifar10,0.1,0,_vig_stem,0.948141
2,2,4,vig_tiny,cifar10,0.1,1,_vig_blocks.0,0.958242
2,2,4,vig_tiny,cifar10,0.1,2,_vig_blocks.1,0.948237
2,2,4,vig_tiny,cifar10,0.1,3,_vig_blocks.2,0.927324
2,2,4,vig_tiny,cifar10,0.1,4,_vig_blocks.3,0.927526
2,2,4,vig_tiny,cifar10,0.1,5,_vig_blocks.4,0.920614
2,2,4,vig_tiny,cifar10,0.1,6,_vig_blocks.5,0.917475
2,2,4,vig_tiny,cifar10,0.1,7,_vig_blocks.6,0.914047
2,2,4,vig_tiny,cifar10,0.1,8,_vig_blocks.7,0.896555
2,2,4,vig_tiny,cifar10,0.1,9,_vig_blocks.8,0.895945
2,2,4,vig_tiny,cifar10,0.1,10,_vig_blocks.9,0.872244
2,2,4,vig_tiny,cifar10,0.1,11,_vig_blocks.10,0.833583
2,2,4,vig_tiny,cifar10,0.1,12,_vig_blocks.11,0.803116
2,2,4,vig_tiny,cifar10,0.1,13,classifier,0.375263
2,2,5,vig_tiny,cifar10,0.1,0,_vig_stem,0.516796
2,2,5,vig_tiny,cifar10,0.1,1,_vig_blocks.0,0.448931
2,2,5,vig_tiny,cifar10,0.1,2,_vig_blocks.1,0.421018
2,2,5,vig_tiny,cifar10,0.1,3,_vig_blocks.2,0.391960
2,2,5,vig_tiny,cifar10,0.1,4,_vig_blocks.3,0.351647
2,2,5,vig_tiny,cifar10,0.1,5,_vig_blocks.4,0.354609
2,2,5,vig_tiny,cifar10,0.1,6,_vig_blocks.5,0.327543
2,2,5,vig_tiny,cifar10,0.1,7,_vig_blocks.6,0.319772
2,2,5,vig_tiny,cifar10,0.1,8,_vig_blocks.7,0.323712
2,2,5,vig_tiny,cifar10,0.1,9,_vig_blocks.8,0.326029
2,2,5,vig_tiny,cifar10,0.1,10,_vig_blocks.9,0.322262
2,2,5,vig_tiny,cifar10,0.1,11,_vig_blocks.10,0.315939
2,2,5,vig_tiny,cifar10,0.1,12,_vig_blocks.11,0.320994
2,2,5,vig_tiny,cifar10,0.1,13,classifier,0.127374
2,2,6,vig_tiny,cifar10,0.1,0,_vig_stem,0.670854
2,2,6,vig_tiny,cifar10,0.1,1,_vig_blocks.0,0.616911
2,2,6,vig_tiny,cifar10,0.1,2,_vig_blocks.1,0.629902
2,2,6,vig_tiny,cifar10,0.1,3,_vig_blocks.2,0.629313
2,2,6,vig_tiny,cifar10,0.1,4,_vig_blocks.3,0.629477
2,2,6,vig_tiny,cifar10,0.1,5,_vig_blocks.4,0.636567
2,2,6,vig_tiny,cifar10,0.1,6,_vig_blocks.5,0.622045
2,2,6,vig_tiny,cifar10,0.1,7,_vig_blocks.6,0.605910
2,2,6,vig_tiny,cifar10,0.1,8,_vig_blocks.7,0.635526
2,2,6,vig_tiny,cifar10,0.1,9,_vig_blocks.8,0.635124
2,2,6,vig_tiny,cifar10,0.1,10,_vig_blocks.9,0.623602
2,2,6,vig_tiny,cifar10,0.1,11,_vig_blocks.10,0.630160
2,2,6,vig_tiny,cifar10,0.1,12,_vig_blocks.11,0.647065
2,2,6,vig_tiny,cifar10,0.1,13,classifier,0.232415
2,2,7,vig_tiny,cifar10,0.1,0,_vig_stem,0.929423
2,2,7,vig_tiny,cifar10,0.1,1,_vig_blocks.0,0.951584
2,2,7,vig_tiny,cifar10,0.1,2,_vig_blocks.1,0.936623
2,2,7,vig_tiny,cifar10,0.1,3,_vig_blocks.2,0.906076
2,2,7,vig_tiny,cifar10,0.1,4,_vig_blocks.3,0.908457
2,2,7,vig_tiny,cifar10,0.1,5,_vig_blocks.4,0.902163
2,2,7,vig_tiny,cifar10,0.1,6,_vig_blocks.5,0.910059
2,2,7,vig_tiny,cifar10,0.1,7,_vig_blocks.6,0.909020
2,2,7,vig_tiny,cifar10,0.1,8,_vig_blocks.7,0.893707
2,2,7,vig_tiny,cifar10,0.1,9,_vig_blocks.8,0.884135
2,2,7,vig_tiny,cifar10,0.1,10,_vig_blocks.9,0.860726
2,2,7,vig_tiny,cifar10,0.1,11,_vig_blocks.10,0.836228
2,2,7,vig_tiny,cifar10,0.1,12,_vig_blocks.11,0.794223
2,2,7,vig_tiny,cifar10,0.1,13,classifier,0.167748
2,2,8,vig_tiny,cifar10,0.1,0,_vig_stem,0.954240
2,2,8,vig_tiny,cifar10,0.1,1,_vig_blocks.0,0.952349
2,2,8,vig_tiny,cifar10,0.1,2,_vig_blocks.1,0.943328
2,2,8,vig_tiny,cifar10,0.1,3,_vig_blocks.2,0.911111
2,2,8,vig_tiny,cifar10,0.1,4,_vig_blocks.3,0.898852
2,2,8,vig_tiny,cifar10,0.1,5,_vig_blocks.4,0.889555
2,2,8,vig_tiny,cifar10,0.1,6,_vig_blocks.5,0.899574
2,2,8,vig_tiny,cifar10,0.1,7,_vig_blocks.6,0.894383
2,2,8,vig_tiny,cifar10,0.1,8,_vig_blocks.7,0.879616
2,2,8,vig_tiny,cifar10,0.1,9,_vig_blocks.8,0.881978
2,2,8,vig_tiny,cifar10,0.1,10,_vig_blocks.9,0.860564
2,2,8,vig_tiny,cifar10,0.1,11,_vig_blocks.10,0.849159
2,2,8,vig_tiny,cifar10,0.1,12,_vig_blocks.11,0.825104
2,2,8,vig_tiny,cifar10,0.1,13,classifier,0.346722
2,2,9,vig_tiny,cifar10,0.1,0,_vig_stem,0.924208
2,2,9,vig_tiny,cifar10,0.1,1,_vig_blocks.0,0.864515
2,2,9,vig_tiny,cifar10,0.1,2,_vig_blocks.1,0.795446
2,2,9,vig_tiny,cifar10,0.1,3,_vig_blocks.2,0.812253
2,2,9,vig_tiny,cifar10,0.1,4,_vig_blocks.3,0.793990
2,2,9,vig_tiny,cifar10,0.1,5,_vig_blocks.4,0.784868
2,2,9,vig_tiny,cifar10,0.1,6,_vig_blocks.5,0.779598
2,2,9,vig_tiny,cifar10,0.1,7,_vig_blocks.6,0.783172
2,2,9,vig_tiny,cifar10,0.1,8,_vig_blocks.7,0.770172
2,2,9,vig_tiny,cifar10,0.1,9,_vig_blocks.8,0.768029
2,2,9,vig_tiny,cifar10,0.1,10,_vig_blocks.9,0.771668
2,2,9,vig_tiny,cifar10,0.1,11,_vig_blocks.10,0.767562
2,2,9,vig_tiny,cifar10,0.1,12,_vig_blocks.11,0.745441
2,2,9,vig_tiny,cifar10,0.1,13,classifier,0.142408
2,3,4,vig_tiny,cifar10,0.1,0,_vig_stem,0.953583
2,3,4,vig_tiny,cifar10,0.1,1,_vig_blocks.0,0.948951
2,3,4,vig_tiny,cifar10,0.1,2,_vig_blocks.1,0.933947
2,3,4,vig_tiny,cifar10,0.1,3,_vig_blocks.2,0.932627
2,3,4,vig_tiny,cifar10,0.1,4,_vig_blocks.3,0.932886
2,3,4,vig_tiny,cifar10,0.1,5,_vig_blocks.4,0.927287
2,3,4,vig_tiny,cifar10,0.1,6,_vig_blocks.5,0.925983
2,3,4,vig_tiny,cifar10,0.1,7,_vig_blocks.6,0.916668
2,3,4,vig_tiny,cifar10,0.1,8,_vig_blocks.7,0.918695
2,3,4,vig_tiny,cifar10,0.1,9,_vig_blocks.8,0.913677
2,3,4,vig_tiny,cifar10,0.1,10,_vig_blocks.9,0.905809
2,3,4,vig_tiny,cifar10,0.1,11,_vig_blocks.10,0.889970
2,3,4,vig_tiny,cifar10,0.1,12,_vig_blocks.11,0.896246
2,3,4,vig_tiny,cifar10,0.1,13,classifier,0.524754
2,3,5,vig_tiny,cifar10,0.1,0,_vig_stem,0.579612
2,3,5,vig_tiny,cifar10,0.1,1,_vig_blocks.0,0.482281
2,3,5,vig_tiny,cifar10,0.1,2,_vig_blocks.1,0.443907
2,3,5,vig_tiny,cifar10,0.1,3,_vig_blocks.2,0.399866
2,3,5,vig_tiny,cifar10,0.1,4,_vig_blocks.3,0.351908
2,3,5,vig_tiny,cifar10,0.1,5,_vig_blocks.4,0.352224
2,3,5,vig_tiny,cifar10,0.1,6,_vig_blocks.5,0.315621
2,3,5,vig_tiny,cifar10,0.1,7,_vig_blocks.6,0.309396
2,3,5,vig_tiny,cifar10,0.1,8,_vig_blocks.7,0.314828
2,3,5,vig_tiny,cifar10,0.1,9,_vig_blocks.8,0.314639
2,3,5,vig_tiny,cifar10,0.1,10,_vig_blocks.9,0.320159
2,3,5,vig_tiny,cifar10,0.1,11,_vig_blocks.10,0.312338
2,3,5,vig_tiny,cifar10,0.1,12,_vig_blocks.11,0.305760
2,3,5,vig_tiny,cifar10,0.1,13,classifier,0.303175
2,3,6,vig_tiny,cifar10,0.1,0,_vig_stem,0.710553
2,3,6,vig_tiny,cifar10,0.1,1,_vig_blocks.0,0.607966
2,3,6,vig_tiny,cifar10,0.1,2,_vig_blocks.1,0.599523
2,3,6,vig_tiny,cifar10,0.1,3,_vig_blocks.2,0.545138
2,3,6,vig_tiny,cifar10,0.1,4,_vig_blocks.3,0.517076
2,3,6,vig_tiny,cifar10,0.1,5,_vig_blocks.4,0.517836
2,3,6,vig_tiny,cifar10,0.1,6,_vig_blocks.5,0.513392
2,3,6,vig_tiny,cifar10,0.1,7,_vig_blocks.6,0.479448
2,3,6,vig_tiny,cifar10,0.1,8,_vig_blocks.7,0.506512
2,3,6,vig_tiny,cifar10,0.1,9,_vig_blocks.8,0.498537
2,3,6,vig_tiny,cifar10,0.1,10,_vig_blocks.9,0.484517
2,3,6,vig_tiny,cifar10,0.1,11,_vig_blocks.10,0.479958
2,3,6,vig_tiny,cifar10,0.1,12,_vig_blocks.11,0.460559
2,3,6,vig_tiny,cifar10,0.1,13,classifier,0.423670
2,3,7,vig_tiny,cifar10,0.1,0,_vig_stem,0.995932
2,3,7,vig_tiny,cifar10,0.1,1,_vig_blocks.0,0.985143
2,3,7,vig_tiny,cifar10,0.1,2,_vig_blocks.1,0.983721
2,3,7,vig_tiny,cifar10,0.1,3,_vig_blocks.2,0.982632
2,3,7,vig_tiny,cifar10,0.1,4,_vig_blocks.3,0.984680
2,3,7,vig_tiny,cifar10,0.1,5,_vig_blocks.4,0.983222
2,3,7,vig_tiny,cifar10,0.1,6,_vig_blocks.5,0.984903
2,3,7,vig_tiny,cifar10,0.1,7,_vig_blocks.6,0.986506
2,3,7,vig_tiny,cifar10,0.1,8,_vig_blocks.7,0.985655
2,3,7,vig_tiny,cifar10,0.1,9,_vig_blocks.8,0.982923
2,3,7,vig_tiny,cifar10,0.1,10,_vig_blocks.9,0.976018
2,3,7,vig_tiny,cifar10,0.1,11,_vig_blocks.10,0.971901
2,3,7,vig_tiny,cifar10,0.1,12,_vig_blocks.11,0.976273
2,3,7,vig_tiny,cifar10,0.1,13,classifier,0.787349
2,3,8,vig_tiny,cifar10,0.1,0,_vig_stem,0.935120
2,3,8,vig_tiny,cifar10,0.1,1,_vig_blocks.0,0.945274
2,3,8,vig_tiny,cifar10,0.1,2,_vig_blocks.1,0.933704
2,3,8,vig_tiny,cifar10,0.1,3,_vig_blocks.2,0.929824
2,3,8,vig_tiny,cifar10,0.1,4,_vig_blocks.3,0.928607
2,3,8,vig_tiny,cifar10,0.1,5,_vig_blocks.4,0.917059
2,3,8,vig_tiny,cifar10,0.1,6,_vig_blocks.5,0.914785
2,3,8,vig_tiny,cifar10,0.1,7,_vig_blocks.6,0.911503
2,3,8,vig_tiny,cifar10,0.1,8,_vig_blocks.7,0.912258
2,3,8,vig_tiny,cifar10,0.1,9,_vig_blocks.8,0.910301
2,3,8,vig_tiny,cifar10,0.1,10,_vig_blocks.9,0.897252
2,3,8,vig_tiny,cifar10,0.1,11,_vig_blocks.10,0.883471
2,3,8,vig_tiny,cifar10,0.1,12,_vig_blocks.11,0.869362
2,3,8,vig_tiny,cifar10,0.1,13,classifier,0.611725
2,3,9,vig_tiny,cifar10,0.1,0,_vig_stem,0.954107
2,3,9,vig_tiny,cifar10,0.1,1,_vig_blocks.0,0.896796
2,3,9,vig_tiny,cifar10,0.1,2,_vig_blocks.1,0.842252
2,3,9,vig_tiny,cifar10,0.1,3,_vig_blocks.2,0.836958
2,3,9,vig_tiny,cifar10,0.1,4,_vig_blocks.3,0.811779
2,3,9,vig_tiny,cifar10,0.1,5,_vig_blocks.4,0.807815
2,3,9,vig_tiny,cifar10,0.1,6,_vig_blocks.5,0.793030
2,3,9,vig_tiny,cifar10,0.1,7,_vig_blocks.6,0.793041
2,3,9,vig_tiny,cifar10,0.1,8,_vig_blocks.7,0.785893
2,3,9,vig_tiny,cifar10,0.1,9,_vig_blocks.8,0.786121
2,3,9,vig_tiny,cifar10,0.1,10,_vig_blocks.9,0.804365
2,3,9,vig_tiny,cifar10,0.1,11,_vig_blocks.10,0.798509
2,3,9,vig_tiny,cifar10,0.1,12,_vig_blocks.11,0.794002
2,3,9,vig_tiny,cifar10,0.1,13,classifier,0.636223
2,4,5,vig_tiny,cifar10,0.1,0,_vig_stem,0.557802
2,4,5,vig_tiny,cifar10,0.1,1,_vig_blocks.0,0.474010
2,4,5,vig_tiny,cifar10,0.1,2,_vig_blocks.1,0.432846
2,4,5,vig_tiny,cifar10,0.1,3,_vig_blocks.2,0.394773
2,4,5,vig_tiny,cifar10,0.1,4,_vig_blocks.3,0.357469
2,4,5,vig_tiny,cifar10,0.1,5,_vig_blocks.4,0.345665
2,4,5,vig_tiny,cifar10,0.1,6,_vig_blocks.5,0.319890
2,4,5,vig_tiny,cifar10,0.1,7,_vig_blocks.6,0.308657
2,4,5,vig_tiny,cifar10,0.1,8,_vig_blocks.7,0.304846
2,4,5,vig_tiny,cifar10,0.1,9,_vig_blocks.8,0.302918
2,4,5,vig_tiny,cifar10,0.1,10,_vig_blocks.9,0.288364
2,4,5,vig_tiny,cifar10,0.1,11,_vig_blocks.10,0.278437
2,4,5,vig_tiny,cifar10,0.1,12,_vig_blocks.11,0.272534
2,4,5,vig_tiny,cifar10,0.1,13,classifier,0.059193
2,4,6,vig_tiny,cifar10,0.1,0,_vig_stem,0.732818
2,4,6,vig_tiny,cifar10,0.1,1,_vig_blocks.0,0.664637
2,4,6,vig_tiny,cifar10,0.1,2,_vig_blocks.1,0.651931
2,4,6,vig_tiny,cifar10,0.1,3,_vig_blocks.2,0.616929
2,4,6,vig_tiny,cifar10,0.1,4,_vig_blocks.3,0.609618
2,4,6,vig_tiny,cifar10,0.1,5,_vig_blocks.4,0.596513
2,4,6,vig_tiny,cifar10,0.1,6,_vig_blocks.5,0.600030
2,4,6,vig_tiny,cifar10,0.1,7,_vig_blocks.6,0.574770
2,4,6,vig_tiny,cifar10,0.1,8,_vig_blocks.7,0.581582
2,4,6,vig_tiny,cifar10,0.1,9,_vig_blocks.8,0.583784
2,4,6,vig_tiny,cifar10,0.1,10,_vig_blocks.9,0.547952
2,4,6,vig_tiny,cifar10,0.1,11,_vig_blocks.10,0.547944
2,4,6,vig_tiny,cifar10,0.1,12,_vig_blocks.11,0.522058
2,4,6,vig_tiny,cifar10,0.1,13,classifier,0.278106
2,4,7,vig_tiny,cifar10,0.1,0,_vig_stem,0.963950
2,4,7,vig_tiny,cifar10,0.1,1,_vig_blocks.0,0.952731
2,4,7,vig_tiny,cifar10,0.1,2,_vig_blocks.1,0.934482
2,4,7,vig_tiny,cifar10,0.1,3,_vig_blocks.2,0.931656
2,4,7,vig_tiny,cifar10,0.1,4,_vig_blocks.3,0.932165
2,4,7,vig_tiny,cifar10,0.1,5,_vig_blocks.4,0.929942
2,4,7,vig_tiny,cifar10,0.1,6,_vig_blocks.5,0.927888
2,4,7,vig_tiny,cifar10,0.1,7,_vig_blocks.6,0.918043
2,4,7,vig_tiny,cifar10,0.1,8,_vig_blocks.7,0.921060
2,4,7,vig_tiny,cifar10,0.1,9,_vig_blocks.8,0.914173
2,4,7,vig_tiny,cifar10,0.1,10,_vig_blocks.9,0.907166
2,4,7,vig_tiny,cifar10,0.1,11,_vig_blocks.10,0.889123
2,4,7,vig_tiny,cifar10,0.1,12,_vig_blocks.11,0.897907
2,4,7,vig_tiny,cifar10,0.1,13,classifier,0.507134
2,4,8,vig_tiny,cifar10,0.1,0,_vig_stem,0.943232
2,4,8,vig_tiny,cifar10,0.1,1,_vig_blocks.0,0.934648
2,4,8,vig_tiny,cifar10,0.1,2,_vig_blocks.1,0.923654
2,4,8,vig_tiny,cifar10,0.1,3,_vig_blocks.2,0.918126
2,4,8,vig_tiny,cifar10,0.1,4,_vig_blocks.3,0.909689
2,4,8,vig_tiny,cifar10,0.1,5,_vig_blocks.4,0.902758
2,4,8,vig_tiny,cifar10,0.1,6,_vig_blocks.5,0.887527
2,4,8,vig_tiny,cifar10,0.1,7,_vig_blocks.6,0.883865
2,4,8,vig_tiny,cifar10,0.1,8,_vig_blocks.7,0.892974
2,4,8,vig_tiny,cifar10,0.1,9,_vig_blocks.8,0.888849
2,4,8,vig_tiny,cifar10,0.1,10,_vig_blocks.9,0.887921
2,4,8,vig_tiny,cifar10,0.1,11,_vig_blocks.10,0.859578
2,4,8,vig_tiny,cifar10,0.1,12,_vig_blocks.11,0.857519
2,4,8,vig_tiny,cifar10,0.1,13,classifier,0.608221
2,4,9,vig_tiny,cifar10,0.1,0,_vig_stem,0.925637
2,4,9,vig_tiny,cifar10,0.1,1,_vig_blocks.0,0.861468
2,4,9,vig_tiny,cifar10,0.1,2,_vig_blocks.1,0.791227
2,4,9,vig_tiny,cifar10,0.1,3,_vig_blocks.2,0.799772
2,4,9,vig_tiny,cifar10,0.1,4,_vig_blocks.3,0.779582
2,4,9,vig_tiny,cifar10,0.1,5,_vig_blocks.4,0.762459
2,4,9,vig_tiny,cifar10,0.1,6,_vig_blocks.5,0.756461
2,4,9,vig_tiny,cifar10,0.1,7,_vig_blocks.6,0.750872
2,4,9,vig_tiny,cifar10,0.1,8,_vig_blocks.7,0.733440
2,4,9,vig_tiny,cifar10,0.1,9,_vig_blocks.8,0.730257
2,4,9,vig_tiny,cifar10,0.1,10,_vig_blocks.9,0.731260
2,4,9,vig_tiny,cifar10,0.1,11,_vig_blocks.10,0.707299
2,4,9,vig_tiny,cifar10,0.1,12,_vig_blocks.11,0.714612
2,4,9,vig_tiny,cifar10,0.1,13,classifier,0.285823
2,5,6,vig_tiny,cifar10,0.1,0,_vig_stem,0.603439
2,5,6,vig_tiny,cifar10,0.1,1,_vig_blocks.0,0.530541
2,5,6,vig_tiny,cifar10,0.1,2,_vig_blocks.1,0.545065
2,5,6,vig_tiny,cifar10,0.1,3,_vig_blocks.2,0.523854
2,5,6,vig_tiny,cifar10,0.1,4,_vig_blocks.3,0.504894
2,5,6,vig_tiny,cifar10,0.1,5,_vig_blocks.4,0.513083
2,5,6,vig_tiny,cifar10,0.1,6,_vig_blocks.5,0.501476
2,5,6,vig_tiny,cifar10,0.1,7,_vig_blocks.6,0.474507
2,5,6,vig_tiny,cifar10,0.1,8,_vig_blocks.7,0.482158
2,5,6,vig_tiny,cifar10,0.1,9,_vig_blocks.8,0.487917
2,5,6,vig_tiny,cifar10,0.1,10,_vig_blocks.9,0.478510
2,5,6,vig_tiny,cifar10,0.1,11,_vig_blocks.10,0.459712
2,5,6,vig_tiny,cifar10,0.1,12,_vig_blocks.11,0.463471
2,5,6,vig_tiny,cifar10,0.1,13,classifier,0.432445
2,5,7,vig_tiny,cifar10,0.1,0,_vig_stem,0.585905
2,5,7,vig_tiny,cifar10,0.1,1,_vig_blocks.0,0.485427
2,5,7,vig_tiny,cifar10,0.1,2,_vig_blocks.1,0.446185
2,5,7,vig_tiny,cifar10,0.1,3,_vig_blocks.2,0.406823
2,5,7,vig_tiny,cifar10,0.1,4,_vig_blocks.3,0.360660
2,5,7,vig_tiny,cifar10,0.1,5,_vig_blocks.4,0.362054
2,5,7,vig_tiny,cifar10,0.1,6,_vig_blocks.5,0.326729
2,5,7,vig_tiny,cifar10,0.1,7,_vig_blocks.6,0.327902
2,5,7,vig_tiny,cifar10,0.1,8,_vig_blocks.7,0.326996
2,5,7,vig_tiny,cifar10,0.1,9,_vig_blocks.8,0.322418
2,5,7,vig_tiny,cifar10,0.1,10,_vig_blocks.9,0.320857
2,5,7,vig_tiny,cifar10,0.1,11,_vig_blocks.10,0.303996
2,5,7,vig_tiny,cifar10,0.1,12,_vig_blocks.11,0.301491
2,5,7,vig_tiny,cifar10,0.1,13,classifier,0.170837
2,5,8,vig_tiny,cifar10,0.1,0,_vig_stem,0.552358
2,5,8,vig_tiny,cifar10,0.1,1,_vig_blocks.0,0.453318
2,5,8,vig_tiny,cifar10,0.1,2,_vig_blocks.1,0.419983
2,5,8,vig_tiny,cifar10,0.1,3,_vig_blocks.2,0.382151
2,5,8,vig_tiny,cifar10,0.1,4,_vig_blocks.3,0.343663
2,5,8,vig_tiny,cifar10,0.1,5,_vig_blocks.4,0.339738
2,5,8,vig_tiny,cifar10,0.1,6,_vig_blocks.5,0.318086
2,5,8,vig_tiny,cifar10,0.1,7,_vig_blocks.6,0.310688
2,5,8,vig_tiny,cifar10,0.1,8,_vig_blocks.7,0.313136
2,5,8,vig_tiny,cifar10,0.1,9,_vig_blocks.8,0.307873
2,5,8,vig_tiny,cifar10,0.1,10,_vig_blocks.9,0.302861
2,5,8,vig_tiny,cifar10,0.1,11,_vig_blocks.10,0.299518
2,5,8,vig_tiny,cifar10,0.1,12,_vig_blocks.11,0.316361
2,5,8,vig_tiny,cifar10,0.1,13,classifier,0.119787
2,5,9,vig_tiny,cifar10,0.1,0,_vig_stem,0.670072
2,5,9,vig_tiny,cifar10,0.1,1,_vig_blocks.0,0.644023
2,5,9,vig_tiny,cifar10,0.1,2,_vig_blocks.1,0.616821
2,5,9,vig_tiny,cifar10,0.1,3,_vig_blocks.2,0.572893
2,5,9,vig_tiny,cifar10,0.1,4,_vig_blocks.3,0.536574
2,5,9,vig_tiny,cifar10,0.1,5,_vig_blocks.4,0.531442
2,5,9,vig_tiny,cifar10,0.1,6,_vig_blocks.5,0.500793
2,5,9,vig_tiny,cifar10,0.1,7,_vig_blocks.6,0.496818
2,5,9,vig_tiny,cifar10,0.1,8,_vig_blocks.7,0.500105
2,5,9,vig_tiny,cifar10,0.1,9,_vig_blocks.8,0.501115
2,5,9,vig_tiny,cifar10,0.1,10,_vig_blocks.9,0.482386
2,5,9,vig_tiny,cifar10,0.1,11,_vig_blocks.10,0.468385
2,5,9,vig_tiny,cifar10,0.1,12,_vig_blocks.11,0.466417
2,5,9,vig_tiny,cifar10,0.1,13,classifier,0.341775
2,6,7,vig_tiny,cifar10,0.1,0,_vig_stem,0.708169
2,6,7,vig_tiny,cifar10,0.1,1,_vig_blocks.0,0.583220
2,6,7,vig_tiny,cifar10,0.1,2,_vig_blocks.1,0.569948
2,6,7,vig_tiny,cifar10,0.1,3,_vig_blocks.2,0.522478
2,6,7,vig_tiny,cifar10,0.1,4,_vig_blocks.3,0.504617
2,6,7,vig_tiny,cifar10,0.1,5,_vig_blocks.4,0.504044
2,6,7,vig_tiny,cifar10,0.1,6,_vig_blocks.5,0.504918
2,6,7,vig_tiny,cifar10,0.1,7,_vig_blocks.6,0.474613
2,6,7,vig_tiny,cifar10,0.1,8,_vig_blocks.7,0.496219
2,6,7,vig_tiny,cifar10,0.1,9,_vig_blocks.8,0.486436
2,6,7,vig_tiny,cifar10,0.1,10,_vig_blocks.9,0.461017
2,6,7,vig_tiny,cifar10,0.1,11,_vig_blocks.10,0.462524
2,6,7,vig_tiny,cifar10,0.1,12,_vig_blocks.11,0.450145
2,6,7,vig_tiny,cifar10,0.1,13,classifier,0.471099
2,6,8,vig_tiny,cifar10,0.1,0,_vig_stem,0.620342
2,6,8,vig_tiny,cifar10,0.1,1,_vig_blocks.0,0.523234
2,6,8,vig_tiny,cifar10,0.1,2,_vig_blocks.1,0.507385
2,6,8,vig_tiny,cifar10,0.1,3,_vig_blocks.2,0.463794
2,6,8,vig_tiny,cifar10,0.1,4,_vig_blocks.3,0.451109
2,6,8,vig_tiny,cifar10,0.1,5,_vig_blocks.4,0.441870
2,6,8,vig_tiny,cifar10,0.1,6,_vig_blocks.5,0.446630
2,6,8,vig_tiny,cifar10,0.1,7,_vig_blocks.6,0.415032
2,6,8,vig_tiny,cifar10,0.1,8,_vig_blocks.7,0.441132
2,6,8,vig_tiny,cifar10,0.1,9,_vig_blocks.8,0.436201
2,6,8,vig_tiny,cifar10,0.1,10,_vig_blocks.9,0.406735
2,6,8,vig_tiny,cifar10,0.1,11,_vig_blocks.10,0.420546
2,6,8,vig_tiny,cifar10,0.1,12,_vig_blocks.11,0.434091
2,6,8,vig_tiny,cifar10,0.1,13,classifier,0.309820
2,6,9,vig_tiny,cifar10,0.1,0,_vig_stem,0.714142
2,6,9,vig_tiny,cifar10,0.1,1,_vig_blocks.0,0.653554
2,6,9,vig_tiny,cifar10,0.1,2,_vig_blocks.1,0.653985
2,6,9,vig_tiny,cifar10,0.1,3,_vig_blocks.2,0.618034
2,6,9,vig_tiny,cifar10,0.1,4,_vig_blocks.3,0.597849
2,6,9,vig_tiny,cifar10,0.1,5,_vig_blocks.4,0.589819
2,6,9,vig_tiny,cifar10,0.1,6,_vig_blocks.5,0.585699
2,6,9,vig_tiny,cifar10,0.1,7,_vig_blocks.6,0.551883
2,6,9,vig_tiny,cifar10,0.1,8,_vig_blocks.7,0.576950
2,6,9,vig_tiny,cifar10,0.1,9,_vig_blocks.8,0.570696
2,6,9,vig_tiny,cifar10,0.1,10,_vig_blocks.9,0.533759
2,6,9,vig_tiny,cifar10,0.1,11,_vig_blocks.10,0.540415
2,6,9,vig_tiny,cifar10,0.1,12,_vig_blocks.11,0.535003
2,6,9,vig_tiny,cifar10,0.1,13,classifier,0.679800
2,7,8,vig_tiny,cifar10,0.1,0,_vig_stem,0.954334
2,7,8,vig_tiny,cifar10,0.1,1,_vig_blocks.0,0.968709
2,7,8,vig_tiny,cifar10,0.1,2,_vig_blocks.1,0.957729
2,7,8,vig_tiny,cifar10,0.1,3,_vig_blocks.2,0.953715
2,7,8,vig_tiny,cifar10,0.1,4,_vig_blocks.3,0.953284
2,7,8,vig_tiny,cifar10,0.1,5,_vig_blocks.4,0.945771
2,7,8,vig_tiny,cifar10,0.1,6,_vig_blocks.5,0.939226
2,7,8,vig_tiny,cifar10,0.1,7,_vig_blocks.6,0.934594
2,7,8,vig_tiny,cifar10,0.1,8,_vig_blocks.7,0.936880
2,7,8,vig_tiny,cifar10,0.1,9,_vig_blocks.8,0.933113
2,7,8,vig_tiny,cifar10,0.1,10,_vig_blocks.9,0.927654
2,7,8,vig_tiny,cifar10,0.1,11,_vig_blocks.10,0.919163
2,7,8,vig_tiny,cifar10,0.1,12,_vig_blocks.11,0.895363
2,7,8,vig_tiny,cifar10,0.1,13,classifier,0.701449
2,7,9,vig_tiny,cifar10,0.1,0,_vig_stem,0.958138
2,7,9,vig_tiny,cifar10,0.1,1,_vig_blocks.0,0.905111
2,7,9,vig_tiny,cifar10,0.1,2,_vig_blocks.1,0.841209
2,7,9,vig_tiny,cifar10,0.1,3,_vig_blocks.2,0.847547
2,7,9,vig_tiny,cifar10,0.1,4,_vig_blocks.3,0.826296
2,7,9,vig_tiny,cifar10,0.1,5,_vig_blocks.4,0.822147
2,7,9,vig_tiny,cifar10,0.1,6,_vig_blocks.5,0.809486
2,7,9,vig_tiny,cifar10,0.1,7,_vig_blocks.6,0.819269
2,7,9,vig_tiny,cifar10,0.1,8,_vig_blocks.7,0.805654
2,7,9,vig_tiny,cifar10,0.1,9,_vig_blocks.8,0.803675
2,7,9,vig_tiny,cifar10,0.1,10,_vig_blocks.9,0.825391
2,7,9,vig_tiny,cifar10,0.1,11,_vig_blocks.10,0.813133
2,7,9,vig_tiny,cifar10,0.1,12,_vig_blocks.11,0.816153
2,7,9,vig_tiny,cifar10,0.1,13,classifier,0.677737
2,8,9,vig_tiny,cifar10,0.1,0,_vig_stem,0.930885
2,8,9,vig_tiny,cifar10,0.1,1,_vig_blocks.0,0.860955
2,8,9,vig_tiny,cifar10,0.1,2,_vig_blocks.1,0.784861
2,8,9,vig_tiny,cifar10,0.1,3,_vig_blocks.2,0.808285
2,8,9,vig_tiny,cifar10,0.1,4,_vig_blocks.3,0.781314
2,8,9,vig_tiny,cifar10,0.1,5,_vig_blocks.4,0.771988
2,8,9,vig_tiny,cifar10,0.1,6,_vig_blocks.5,0.761900
2,8,9,vig_tiny,cifar10,0.1,7,_vig_blocks.6,0.773341
2,8,9,vig_tiny,cifar10,0.1,8,_vig_blocks.7,0.754004
2,8,9,vig_tiny,cifar10,0.1,9,_vig_blocks.8,0.745294
2,8,9,vig_tiny,cifar10,0.1,10,_vig_blocks.9,0.768204
2,8,9,vig_tiny,cifar10,0.1,11,_vig_blocks.10,0.764836
2,8,9,vig_tiny,cifar10,0.1,12,_vig_blocks.11,0.781138
2,8,9,vig_tiny,cifar10,0.1,13,classifier,0.415865
5,0,1,vig_tiny,cifar10,0.1,0,_vig_stem,0.803312
5,0,1,vig_tiny,cifar10,0.1,1,_vig_blocks.0,0.689372
5,0,1,vig_tiny,cifar10,0.1,2,_vig_blocks.1,0.625009
5,0,1,vig_tiny,cifar10,0.1,3,_vig_blocks.2,0.624809
5,0,1,vig_tiny,cifar10,0.1,4,_vig_blocks.3,0.647214
5,0,1,vig_tiny,cifar10,0.1,5,_vig_blocks.4,0.640798
5,0,1,vig_tiny,cifar10,0.1,6,_vig_blocks.5,0.614097
5,0,1,vig_tiny,cifar10,0.1,7,_vig_blocks.6,0.569059
5,0,1,vig_tiny,cifar10,0.1,8,_vig_blocks.7,0.585726
5,0,1,vig_tiny,cifar10,0.1,9,_vig_blocks.8,0.567180
5,0,1,vig_tiny,cifar10,0.1,10,_vig_blocks.9,0.523588
5,0,1,vig_tiny,cifar10,0.1,11,_vig_blocks.10,0.507637
5,0,1,vig_tiny,cifar10,0.1,12,_vig_blocks.11,0.479173
5,0,1,vig_tiny,cifar10,0.1,13,classifier,0.203062
5,0,2,vig_tiny,cifar10,0.1,0,_vig_stem,0.826829
5,0,2,vig_tiny,cifar10,0.1,1,_vig_blocks.0,0.726219
5,0,2,vig_tiny,cifar10,0.1,2,_vig_blocks.1,0.638850
5,0,2,vig_tiny,cifar10,0.1,3,_vig_blocks.2,0.594379
5,0,2,vig_tiny,cifar10,0.1,4,_vig_blocks.3,0.601019
5,0,2,vig_tiny,cifar10,0.1,5,_vig_blocks.4,0.573843
5,0,2,vig_tiny,cifar10,0.1,6,_vig_blocks.5,0.532543
5,0,2,vig_tiny,cifar10,0.1,7,_vig_blocks.6,0.511008
5,0,2,vig_tiny,cifar10,0.1,8,_vig_blocks.7,0.523545
5,0,2,vig_tiny,cifar10,0.1,9,_vig_blocks.8,0.509798
5,0,2,vig_tiny,cifar10,0.1,10,_vig_blocks.9,0.478097
5,0,2,vig_tiny,cifar10,0.1,11,_vig_blocks.10,0.454478
5,0,2,vig_tiny,cifar10,0.1,12,_vig_blocks.11,0.449142
5,0,2,vig_tiny,cifar10,0.1,13,classifier,0.103740
5,0,3,vig_tiny,cifar10,0.1,0,_vig_stem,0.809757
5,0,3,vig_tiny,cifar10,0.1,1,_vig_blocks.0,0.734756
5,0,3,vig_tiny,cifar10,0.1,2,_vig_blocks.1,0.688247
5,0,3,vig_tiny,cifar10,0.1,3,_vig_blocks.2,0.673057
5,0,3,vig_tiny,cifar10,0.1,4,_vig_blocks.3,0.678603
5,0,3,vig_tiny,cifar10,0.1,5,_vig_blocks.4,0.680209
5,0,3,vig_tiny,cifar10,0.1,6,_vig_blocks.5,0.651925
5,0,3,vig_tiny,cifar10,0.1,7,_vig_blocks.6,0.620518
5,0,3,vig_tiny,cifar10,0.1,8,_vig_blocks.7,0.616393
5,0,3,vig_tiny,cifar10,0.1,9,_vig_blocks.8,0.600594
5,0,3,vig_tiny,cifar10,0.1,10,_vig_blocks.9,0.561753
5,0,3,vig_tiny,cifar10,0.1,11,_vig_blocks.10,0.549356
5,0,3,vig_tiny,cifar10,0.1,12,_vig_blocks.11,0.538617
5,0,3,vig_tiny,cifar10,0.1,13,classifier,0.325461
5,0,4,vig_tiny,cifar10,0.1,0,_vig_stem,0.781704
5,0,4,vig_tiny,cifar10,0.1,1,_vig_blocks.0,0.707771
5,0,4,vig_tiny,cifar10,0.1,2,_vig_blocks.1,0.673129
5,0,4,vig_tiny,cifar10,0.1,3,_vig_blocks.2,0.647677
5,0,4,vig_tiny,cifar10,0.1,4,_vig_blocks.3,0.651002
5,0,4,vig_tiny,cifar10,0.1,5,_vig_blocks.4,0.648197
5,0,4,vig_tiny,cifar10,0.1,6,_vig_blocks.5,0.611084
5,0,4,vig_tiny,cifar10,0.1,7,_vig_blocks.6,0.570569
5,0,4,vig_tiny,cifar10,0.1,8,_vig_blocks.7,0.568922
5,0,4,vig_tiny,cifar10,0.1,9,_vig_blocks.8,0.554177
5,0,4,vig_tiny,cifar10,0.1,10,_vig_blocks.9,0.516388
5,0,4,vig_tiny,cifar10,0.1,11,_vig_blocks.10,0.511673
5,0,4,vig_tiny,cifar10,0.1,12,_vig_blocks.11,0.500857
5,0,4,vig_tiny,cifar10,0.1,13,classifier,0.138542
5,0,5,vig_tiny,cifar10,0.1,0,_vig_stem,0.645206
5,0,5,vig_tiny,cifar10,0.1,1,_vig_blocks.0,0.575797
5,0,5,vig_tiny,cifar10,0.1,2,_vig_blocks.1,0.544270
5,0,5,vig_tiny,cifar10,0.1,3,_vig_blocks.2,0.526963
5,0,5,vig_tiny,cifar10,0.1,4,_vig_blocks.3,0.556937
5,0,5,vig_tiny,cifar10,0.1,5,_vig_blocks.4,0.545780
5,0,5,vig_tiny,cifar10,0.1,6,_vig_blocks.5,0.498047
5,0,5,vig_tiny,cifar10,0.1,7,_vig_blocks.6,0.464353
5,0,5,vig_tiny,cifar10,0.1,8,_vig_blocks.7,0.471771
5,0,5,vig_tiny,cifar10,0.1,9,_vig_blocks.8,0.451980
5,0,5,vig_tiny,cifar10,0.1,10,_vig_blocks.9,0.444816
5,0,5,vig_tiny,cifar10,0.1,11,_vig_blocks.10,0.428604
5,0,5,vig_tiny,cifar10,0.1,12,_vig_blocks.11,0.433094
5,0,5,vig_tiny,cifar10,0.1,13,classifier,0.116328
5,0,6,vig_tiny,cifar10,0.1,0,_vig_stem,0.797594
5,0,6,vig_tiny,cifar10,0.1,1,_vig_blocks.0,0.688479
5,0,6,vig_tiny,cifar10,0.1,2,_vig_blocks.1,0.616698
5,0,6,vig_tiny,cifar10,0.1,3,_vig_blocks.2,0.610549
5,0,6,vig_tiny,cifar10,0.1,4,_vig_blocks.3,0.627539
5,0,6,vig_tiny,cifar10,0.1,5,_vig_blocks.4,0.640242
5,0,6,vig_tiny,cifar10,0.1,6,_vig_blocks.5,0.597617
5,0,6,vig_tiny,cifar10,0.1,7,_vig_blocks.6,0.583443
5,0,6,vig_tiny,cifar10,0.1,8,_vig_blocks.7,0.601779
5,0,6,vig_tiny,cifar10,0.1,9,_vig_blocks.8,0.590850
5,0,6,vig_tiny,cifar10,0.1,10,_vig_blocks.9,0.562816
5,0,6,vig_tiny,cifar10,0.1,11,_vig_blocks.10,0.536932
5,0,6,vig_tiny,cifar10,0.1,12,_vig_blocks.11,0.532678
5,0,6,vig_tiny,cifar10,0.1,13,classifier,0.280260
5,0,7,vig_tiny,cifar10,0.1,0,_vig_stem,0.777086
5,0,7,vig_tiny,cifar10,0.1,1,_vig_blocks.0,0.688060
5,0,7,vig_tiny,cifar10,0.1,2,_vig_blocks.1,0.619504
5,0,7,vig_tiny,cifar10,0.1,3,_vig_blocks.2,0.624349
5,0,7,vig_tiny,cifar10,0.1,4,_vig_blocks.3,0.618957
5,0,7,vig_tiny,cifar10,0.1,5,_vig_blocks.4,0.614078
5,0,7,vig_tiny,cifar10,0.1,6,_vig_blocks.5,0.590991
5,0,7,vig_tiny,cifar10,0.1,7,_vig_blocks.6,0.549615
5,0,7,vig_tiny,cifar10,0.1,8,_vig_blocks.7,0.549320
5,0,7,vig_tiny,cifar10,0.1,9,_vig_blocks.8,0.546303
5,0,7,vig_tiny,cifar10,0.1,10,_vig_blocks.9,0.505224
5,0,7,vig_tiny,cifar10,0.1,11,_vig_blocks.10,0.506249
5,0,7,vig_tiny,cifar10,0.1,12,_vig_blocks.11,0.492561
5,0,7,vig_tiny,cifar10,0.1,13,classifier,0.185112
5,0,8,vig_tiny,cifar10,0.1,0,_vig_stem,0.766929
5,0,8,vig_tiny,cifar10,0.1,1,_vig_blocks.0,0.668158
5,0,8,vig_tiny,cifar10,0.1,2,_vig_blocks.1,0.596934
5,0,8,vig_tiny,cifar10,0.1,3,_vig_blocks.2,0.588475
5,0,8,vig_tiny,cifar10,0.1,4,_vig_blocks.3,0.603368
5,0,8,vig_tiny,cifar10,0.1,5,_vig_blocks.4,0.598327
5,0,8,vig_tiny,cifar10,0.1,6,_vig_blocks.5,0.562203
5,0,8,vig_tiny,cifar10,0.1,7,_vig_blocks.6,0.534607
5,0,8,vig_tiny,cifar10,0.1,8,_vig_blocks.7,0.561615
5,0,8,vig_tiny,cifar10,0.1,9,_vig_blocks.8,0.549194
5,0,8,vig_tiny,cifar10,0.1,10,_vig_blocks.9,0.521068
5,0,8,vig_tiny,cifar10,0.1,11,_vig_blocks.10,0.495958
5,0,8,vig_tiny,cifar10,0.1,12,_vig_blocks.11,0.481644
5,0,8,vig_tiny,cifar10,0.1,13,classifier,0.275533
5,0,9,vig_tiny,cifar10,0.1,0,_vig_stem,0.793453
5,0,9,vig_tiny,cifar10,0.1,1,_vig_blocks.0,0.695181
5,0,9,vig_tiny,cifar10,0.1,2,_vig_blocks.1,0.655835
5,0,9,vig_tiny,cifar10,0.1,3,_vig_blocks.2,0.641776
5,0,9,vig_tiny,cifar10,0.1,4,_vig_blocks.3,0.671575
5,0,9,vig_tiny,cifar10,0.1,5,_vig_blocks.4,0.685424
5,0,9,vig_tiny,cifar10,0.1,6,_vig_blocks.5,0.661135
5,0,9,vig_tiny,cifar10,0.1,7,_vig_blocks.6,0.640288
5,0,9,vig_tiny,cifar10,0.1,8,_vig_blocks.7,0.655512
5,0,9,vig_tiny,cifar10,0.1,9,_vig_blocks.8,0.646216
5,0,9,vig_tiny,cifar10,0.1,10,_vig_blocks.9,0.599236
5,0,9,vig_tiny,cifar10,0.1,11,_vig_blocks.10,0.594141
5,0,9,vig_tiny,cifar10,0.1,12,_vig_blocks.11,0.572534
5,0,9,vig_tiny,cifar10,0.1,13,classifier,0.292266
5,1,2,vig_tiny,cifar10,0.1,0,_vig_stem,0.892594
5,1,2,vig_tiny,cifar10,0.1,1,_vig_blocks.0,0.820145
5,1,2,vig_tiny,cifar10,0.1,2,_vig_blocks.1,0.794987
5,1,2,vig_tiny,cifar10,0.1,3,_vig_blocks.2,0.719727
5,1,2,vig_tiny,cifar10,0.1,4,_vig_blocks.3,0.711149
5,1,2,vig_tiny,cifar10,0.1,5,_vig_blocks.4,0.675817
5,1,2,vig_tiny,cifar10,0.1,6,_vig_blocks.5,0.666524
5,1,2,vig_tiny,cifar10,0.1,7,_vig_blocks.6,0.639764
5,1,2,vig_tiny,cifar10,0.1,8,_vig_blocks.7,0.626051
5,1,2,vig_tiny,cifar10,0.1,9,_vig_blocks.8,0.630322
5,1,2,vig_tiny,cifar10,0.1,10,_vig_blocks.9,0.597013
5,1,2,vig_tiny,cifar10,0.1,11,_vig_blocks.10,0.567800
5,1,2,vig_tiny,cifar10,0.1,12,_vig_blocks.11,0.570700
5,1,2,vig_tiny,cifar10,0.1,13,classifier,0.093566
5,1,3,vig_tiny,cifar10,0.1,0,_vig_stem,0.881652
5,1,3,vig_tiny,cifar10,0.1,1,_vig_blocks.0,0.836470
5,1,3,vig_tiny,cifar10,0.1,2,_vig_blocks.1,0.842029
5,1,3,vig_tiny,cifar10,0.1,3,_vig_blocks.2,0.843734
5,1,3,vig_tiny,cifar10,0.1,4,_vig_blocks.3,0.853356
5,1,3,vig_tiny,cifar10,0.1,5,_vig_blocks.4,0.844619
5,1,3,vig_tiny,cifar10,0.1,6,_vig_blocks.5,0.839501
5,1,3,vig_tiny,cifar10,0.1,7,_vig_blocks.6,0.835311
5,1,3,vig_tiny,cifar10,0.1,8,_vig_blocks.7,0.841338
5,1,3,vig_tiny,cifar10,0.1,9,_vig_blocks.8,0.827657
5,1,3,vig_tiny,cifar10,0.1,10,_vig_blocks.9,0.801650
5,1,3,vig_tiny,cifar10,0.1,11,_vig_blocks.10,0.782498
5,1,3,vig_tiny,cifar10,0.1,12,_vig_blocks.11,0.748286
5,1,3,vig_tiny,cifar10,0.1,13,classifier,0.735823
5,1,4,vig_tiny,cifar10,0.1,0,_vig_stem,0.900589
5,1,4,vig_tiny,cifar10,0.1,1,_vig_blocks.0,0.848649
5,1,4,vig_tiny,cifar10,0.1,2,_vig_blocks.1,0.845446
5,1,4,vig_tiny,cifar10,0.1,3,_vig_blocks.2,0.826727
5,1,4,vig_tiny,cifar10,0.1,4,_vig_blocks.3,0.836183
5,1,4,vig_tiny,cifar10,0.1,5,_vig_blocks.4,0.824859
5,1,4,vig_tiny,cifar10,0.1,6,_vig_blocks.5,0.814721
5,1,4,vig_tiny,cifar10,0.1,7,_vig_blocks.6,0.784288
5,1,4,vig_tiny,cifar10,0.1,8,_vig_blocks.7,0.790995
5,1,4,vig_tiny,cifar10,0.1,9,_vig_blocks.8,0.767130
5,1,4,vig_tiny,cifar10,0.1,10,_vig_blocks.9,0.733768
5,1,4,vig_tiny,cifar10,0.1,11,_vig_blocks.10,0.713357
5,1,4,vig_tiny,cifar10,0.1,12,_vig_blocks.11,0.683684
5,1,4,vig_tiny,cifar10,0.1,13,classifier,0.483471
5,1,5,vig_tiny,cifar10,0.1,0,_vig_stem,0.694650
5,1,5,vig_tiny,cifar10,0.1,1,_vig_blocks.0,0.704587
5,1,5,vig_tiny,cifar10,0.1,2,_vig_blocks.1,0.715052
5,1,5,vig_tiny,cifar10,0.1,3,_vig_blocks.2,0.676540
5,1,5,vig_tiny,cifar10,0.1,4,_vig_blocks.3,0.706264
5,1,5,vig_tiny,cifar10,0.1,5,_vig_blocks.4,0.692139
5,1,5,vig_tiny,cifar10,0.1,6,_vig_blocks.5,0.644128
5,1,5,vig_tiny,cifar10,0.1,7,_vig_blocks.6,0.616497
5,1,5,vig_tiny,cifar10,0.1,8,_vig_blocks.7,0.628311
5,1,5,vig_tiny,cifar10,0.1,9,_vig_blocks.8,0.611921
5,1,5,vig_tiny,cifar10,0.1,10,_vig_blocks.9,0.601187
5,1,5,vig_tiny,cifar10,0.1,11,_vig_blocks.10,0.572505
5,1,5,vig_tiny,cifar10,0.1,12,_vig_blocks.11,0.561038
5,1,5,vig_tiny,cifar10,0.1,13,classifier,0.260440
5,1,6,vig_tiny,cifar10,0.1,0,_vig_stem,0.829800
5,1,6,vig_tiny,cifar10,0.1,1,_vig_blocks.0,0.776980
5,1,6,vig_tiny,cifar10,0.1,2,_vig_blocks.1,0.770234
5,1,6,vig_tiny,cifar10,0.1,3,_vig_blocks.2,0.754797
5,1,6,vig_tiny,cifar10,0.1,4,_vig_blocks.3,0.760386
5,1,6,vig_tiny,cifar10,0.1,5,_vig_blocks.4,0.771218
5,1,6,vig_tiny,cifar10,0.1,6,_vig_blocks.5,0.770219
5,1,6,vig_tiny,cifar10,0.1,7,_vig_blocks.6,0.763737
5,1,6,vig_tiny,cifar10,0.1,8,_vig_blocks.7,0.760382
5,1,6,vig_tiny,cifar10,0.1,9,_vig_blocks.8,0.758138
5,1,6,vig_tiny,cifar10,0.1,10,_vig_blocks.9,0.733368
5,1,6,vig_tiny,cifar10,0.1,11,_vig_blocks.10,0.730945
5,1,6,vig_tiny,cifar10,0.1,12,_vig_blocks.11,0.721177
5,1,6,vig_tiny,cifar10,0.1,13,classifier,0.685302
5,1,7,vig_tiny,cifar10,0.1,0,_vig_stem,0.864443
5,1,7,vig_tiny,cifar10,0.1,1,_vig_blocks.0,0.822377
5,1,7,vig_tiny,cifar10,0.1,2,_vig_blocks.1,0.817474
5,1,7,vig_tiny,cifar10,0.1,3,_vig_blocks.2,0.823049
5,1,7,vig_tiny,cifar10,0.1,4,_vig_blocks.3,0.823120
5,1,7,vig_tiny,cifar10,0.1,5,_vig_blocks.4,0.802709
5,1,7,vig_tiny,cifar10,0.1,6,_vig_blocks.5,0.785049
5,1,7,vig_tiny,cifar10,0.1,7,_vig_blocks.6,0.751926
5,1,7,vig_tiny,cifar10,0.1,8,_vig_blocks.7,0.778724
5,1,7,vig_tiny,cifar10,0.1,9,_vig_blocks.8,0.759727
5,1,7,vig_tiny,cifar10,0.1,10,_vig_blocks.9,0.733215
5,1,7,vig_tiny,cifar10,0.1,11,_vig_blocks.10,0.719901
5,1,7,vig_tiny,cifar10,0.1,12,_vig_blocks.11,0.679068
5,1,7,vig_tiny,cifar10,0.1,13,classifier,0.636486
5,1,8,vig_tiny,cifar10,0.1,0,_vig_stem,0.834356
5,1,8,vig_tiny,cifar10,0.1,1,_vig_blocks.0,0.769506
5,1,8,vig_tiny,cifar10,0.1,2,_vig_blocks.1,0.803605
5,1,8,vig_tiny,cifar10,0.1,3,_vig_blocks.2,0.781362
5,1,8,vig_tiny,cifar10,0.1,4,_vig_blocks.3,0.784624
5,1,8,vig_tiny,cifar10,0.1,5,_vig_blocks.4,0.769798
5,1,8,vig_tiny,cifar10,0.1,6,_vig_blocks.5,0.758099
5,1,8,vig_tiny,cifar10,0.1,7,_vig_blocks.6,0.741652
5,1,8,vig_tiny,cifar10,0.1,8,_vig_blocks.7,0.756881
5,1,8,vig_tiny,cifar10,0.1,9,_vig_blocks.8,0.740867
5,1,8,vig_tiny,cifar10,0.1,10,_vig_blocks.9,0.711028
5,1,8,vig_tiny,cifar10,0.1,11,_vig_blocks.10,0.684233
5,1,8,vig_tiny,cifar10,0.1,12,_vig_blocks.11,0.670788
5,1,8,vig_tiny,cifar10,0.1,13,classifier,0.469486
5,1,9,vig_tiny,cifar10,0.1,0,_vig_stem,0.821981
5,1,9,vig_tiny,cifar10,0.1,1,_vig_blocks.0,0.761471
5,1,9,vig_tiny,cifar10,0.1,2,_vig_blocks.1,0.791395
5,1,9,vig_tiny,cifar10,0.1,3,_vig_blocks.2,0.787192
5,1,9,vig_tiny,cifar10,0.1,4,_vig_blocks.3,0.796233
5,1,9,vig_tiny,cifar10,0.1,5,_vig_blocks.4,0.793305
5,1,9,vig_tiny,cifar10,0.1,6,_vig_blocks.5,0.790088
5,1,9,vig_tiny,cifar10,0.1,7,_vig_blocks.6,0.788189
5,1,9,vig_tiny,cifar10,0.1,8,_vig_blocks.7,0.787174
5,1,9,vig_tiny,cifar10,0.1,9,_vig_blocks.8,0.765401
5,1,9,vig_tiny,cifar10,0.1,10,_vig_blocks.9,0.735987
5,1,9,vig_tiny,cifar10,0.1,11,_vig_blocks.10,0.715777
5,1,9,vig_tiny,cifar10,0.1,12,_vig_blocks.11,0.662610
5,1,9,vig_tiny,cifar10,0.1,13,classifier,0.536015
5,2,3,vig_tiny,cifar10,0.1,0,_vig_stem,0.905639
5,2,3,vig_tiny,cifar10,0.1,1,_vig_blocks.0,0.833461
5,2,3,vig_tiny,cifar10,0.1,2,_vig_blocks.1,0.797992
5,2,3,vig_tiny,cifar10,0.1,3,_vig_blocks.2,0.729580
5,2,3,vig_tiny,cifar10,0.1,4,_vig_blocks.3,0.711226
5,2,3,vig_tiny,cifar10,0.1,5,_vig_blocks.4,0.668942
5,2,3,vig_tiny,cifar10,0.1,6,_vig_blocks.5,0.638514
5,2,3,vig_tiny,cifar10,0.1,7,_vig_blocks.6,0.624489
5,2,3,vig_tiny,cifar10,0.1,8,_vig_blocks.7,0.607433
5,2,3,vig_tiny,cifar10,0.1,9,_vig_blocks.8,0.600473
5,2,3,vig_tiny,cifar10,0.1,10,_vig_blocks.9,0.573603
5,2,3,vig_tiny,cifar10,0.1,11,_vig_blocks.10,0.550703
5,2,3,vig_tiny,cifar10,0.1,12,_vig_blocks.11,0.557941
5,2,3,vig_tiny,cifar10,0.1,13,classifier,0.120468
5,2,4,vig_tiny,cifar10,0.1,0,_vig_stem,0.930210
5,2,4,vig_tiny,cifar10,0.1,1,_vig_blocks.0,0.873851
5,2,4,vig_tiny,cifar10,0.1,2,_vig_blocks.1,0.856141
5,2,4,vig_tiny,cifar10,0.1,3,_vig_blocks.2,0.814247
5,2,4,vig_tiny,cifar10,0.1,4,_vig_blocks.3,0.798699
5,2,4,vig_tiny,cifar10,0.1,5,_vig_blocks.4,0.763112
5,2,4,vig_tiny,cifar10,0.1,6,_vig_blocks.5,0.737958
5,2,4,vig_tiny,cifar10,0.1,7,_vig_blocks.6,0.710118
5,2,4,vig_tiny,cifar10,0.1,8,_vig_blocks.7,0.712724
5,2,4,vig_tiny,cifar10,0.1,9,_vig_blocks.8,0.688228
5,2,4,vig_tiny,cifar10,0.1,10,_vig_blocks.9,0.658746
5,2,4,vig_tiny,cifar10,0.1,11,_vig_blocks.10,0.632118
5,2,4,vig_tiny,cifar10,0.1,12,_vig_blocks.11,0.614959
5,2,4,vig_tiny,cifar10,0.1,13,classifier,0.305680
5,2,5,vig_tiny,cifar10,0.1,0,_vig_stem,0.786068
5,2,5,vig_tiny,cifar10,0.1,1,_vig_blocks.0,0.708074
5,2,5,vig_tiny,cifar10,0.1,2,_vig_blocks.1,0.689585
5,2,5,vig_tiny,cifar10,0.1,3,_vig_blocks.2,0.631756
5,2,5,vig_tiny,cifar10,0.1,4,_vig_blocks.3,0.630612
5,2,5,vig_tiny,cifar10,0.1,5,_vig_blocks.4,0.595562
5,2,5,vig_tiny,cifar10,0.1,6,_vig_blocks.5,0.565140
5,2,5,vig_tiny,cifar10,0.1,7,_vig_blocks.6,0.530278
5,2,5,vig_tiny,cifar10,0.1,8,_vig_blocks.7,0.528506
5,2,5,vig_tiny,cifar10,0.1,9,_vig_blocks.8,0.506728
5,2,5,vig_tiny,cifar10,0.1,10,_vig_blocks.9,0.500443
5,2,5,vig_tiny,cifar10,0.1,11,_vig_blocks.10,0.468189
5,2,5,vig_tiny,cifar10,0.1,12,_vig_blocks.11,0.480851
5,2,5,vig_tiny,cifar10,0.1,13,classifier,0.078619
5,2,6,vig_tiny,cifar10,0.1,0,_vig_stem,0.875041
5,2,6,vig_tiny,cifar10,0.1,1,_vig_blocks.0,0.818270
5,2,6,vig_tiny,cifar10,0.1,2,_vig_blocks.1,0.779003
5,2,6,vig_tiny,cifar10,0.1,3,_vig_blocks.2,0.760615
5,2,6,vig_tiny,cifar10,0.1,4,_vig_blocks.3,0.770829
5,2,6,vig_tiny,cifar10,0.1,5,_vig_blocks.4,0.768397
5,2,6,vig_tiny,cifar10,0.1,6,_vig_blocks.5,0.756671
5,2,6,vig_tiny,cifar10,0.1,7,_vig_blocks.6,0.735336
5,2,6,vig_tiny,cifar10,0.1,8,_vig_blocks.7,0.730235
5,2,6,vig_tiny,cifar10,0.1,9,_vig_blocks.8,0.725857
5,2,6,vig_tiny,cifar10,0.1,10,_vig_blocks.9,0.695434
5,2,6,vig_tiny,cifar10,0.1,11,_vig_blocks.10,0.658692
5,2,6,vig_tiny,cifar10,0.1,12,_vig_blocks.11,0.648250
5,2,6,vig_tiny,cifar10,0.1,13,classifier,0.113115
5,2,7,vig_tiny,cifar10,0.1,0,_vig_stem,0.889685
5,2,7,vig_tiny,cifar10,0.1,1,_vig_blocks.0,0.805077
5,2,7,vig_tiny,cifar10,0.1,2,_vig_blocks.1,0.739385
5,2,7,vig_tiny,cifar10,0.1,3,_vig_blocks.2,0.670923
5,2,7,vig_tiny,cifar10,0.1,4,_vig_blocks.3,0.641441
5,2,7,vig_tiny,cifar10,0.1,5,_vig_blocks.4,0.599332
5,2,7,vig_tiny,cifar10,0.1,6,_vig_blocks.5,0.570051
5,2,7,vig_tiny,cifar10,0.1,7,_vig_blocks.6,0.537166
5,2,7,vig_tiny,cifar10,0.1,8,_vig_blocks.7,0.521657
5,2,7,vig_tiny,cifar10,0.1,9,_vig_blocks.8,0.506373
5,2,7,vig_tiny,cifar10,0.1,10,_vig_blocks.9,0.473409
5,2,7,vig_tiny,cifar10,0.1,11,_vig_blocks.10,0.457379
5,2,7,vig_tiny,cifar10,0.1,12,_vig_blocks.11,0.462135
5,2,7,vig_tiny,cifar10,0.1,13,classifier,0.089341
5,2,8,vig_tiny,cifar10,0.1,0,_vig_stem,0.899826
5,2,8,vig_tiny,cifar10,0.1,1,_vig_blocks.0,0.861997
5,2,8,vig_tiny,cifar10,0.1,2,_vig_blocks.1,0.848514
5,2,8,vig_tiny,cifar10,0.1,3,_vig_blocks.2,0.811080
5,2,8,vig_tiny,cifar10,0.1,4,_vig_blocks.3,0.812102
5,2,8,vig_tiny,cifar10,0.1,5,_vig_blocks.4,0.826135
5,2,8,vig_tiny,cifar10,0.1,6,_vig_blocks.5,0.815510
5,2,8,vig_tiny,cifar10,0.1,7,_vig_blocks.6,0.808417
5,2,8,vig_tiny,cifar10,0.1,8,_vig_blocks.7,0.794265
5,2,8,vig_tiny,cifar10,0.1,9,_vig_blocks.8,0.812679
5,2,8,vig_tiny,cifar10,0.1,10,_vig_blocks.9,0.794899
5,2,8,vig_tiny,cifar10,0.1,11,_vig_blocks.10,0.750148
5,2,8,vig_tiny,cifar10,0.1,12,_vig_blocks.11,0.767834
5,2,8,vig_tiny,cifar10,0.1,13,classifier,0.139338
5,2,9,vig_tiny,cifar10,0.1,0,_vig_stem,0.803617
5,2,9,vig_tiny,cifar10,0.1,1,_vig_blocks.0,0.715484
5,2,9,vig_tiny,cifar10,0.1,2,_vig_blocks.1,0.695049
5,2,9,vig_tiny,cifar10,0.1,3,_vig_blocks.2,0.612729
5,2,9,vig_tiny,cifar10,0.1,4,_vig_blocks.3,0.606626
5,2,9,vig_tiny,cifar10,0.1,5,_vig_blocks.4,0.580495
5,2,9,vig_tiny,cifar10,0.1,6,_vig_blocks.5,0.557310
5,2,9,vig_tiny,cifar10,0.1,7,_vig_blocks.6,0.546705
5,2,9,vig_tiny,cifar10,0.1,8,_vig_blocks.7,0.524687
5,2,9,vig_tiny,cifar10,0.1,9,_vig_blocks.8,0.497162
5,2,9,vig_tiny,cifar10,0.1,10,_vig_blocks.9,0.445324
5,2,9,vig_tiny,cifar10,0.1,11,_vig_blocks.10,0.419971
5,2,9,vig_tiny,cifar10,0.1,12,_vig_blocks.11,0.402565
5,2,9,vig_tiny,cifar10,0.1,13,classifier,0.084863
5,3,4,vig_tiny,cifar10,0.1,0,_vig_stem,0.965574
5,3,4,vig_tiny,cifar10,0.1,1,_vig_blocks.0,0.914293
5,3,4,vig_tiny,cifar10,0.1,2,_vig_blocks.1,0.879091
5,3,4,vig_tiny,cifar10,0.1,3,_vig_blocks.2,0.871011
5,3,4,vig_tiny,cifar10,0.1,4,_vig_blocks.3,0.871951
5,3,4,vig_tiny,cifar10,0.1,5,_vig_blocks.4,0.871922
5,3,4,vig_tiny,cifar10,0.1,6,_vig_blocks.5,0.856504
5,3,4,vig_tiny,cifar10,0.1,7,_vig_blocks.6,0.835980
5,3,4,vig_tiny,cifar10,0.1,8,_vig_blocks.7,0.831082
5,3,4,vig_tiny,cifar10,0.1,9,_vig_blocks.8,0.816635
5,3,4,vig_tiny,cifar10,0.1,10,_vig_blocks.9,0.793824
5,3,4,vig_tiny,cifar10,0.1,11,_vig_blocks.10,0.763221
5,3,4,vig_tiny,cifar10,0.1,12,_vig_blocks.11,0.730552
5,3,4,vig_tiny,cifar10,0.1,13,classifier,0.576081
5,3,5,vig_tiny,cifar10,0.1,0,_vig_stem,0.841274
5,3,5,vig_tiny,cifar10,0.1,1,_vig_blocks.0,0.783832
5,3,5,vig_tiny,cifar10,0.1,2,_vig_blocks.1,0.749686
5,3,5,vig_tiny,cifar10,0.1,3,_vig_blocks.2,0.740691
5,3,5,vig_tiny,cifar10,0.1,4,_vig_blocks.3,0.771665
5,3,5,vig_tiny,cifar10,0.1,5,_vig_blocks.4,0.768368
5,3,5,vig_tiny,cifar10,0.1,6,_vig_blocks.5,0.714246
5,3,5,vig_tiny,cifar10,0.1,7,_vig_blocks.6,0.695166
5,3,5,vig_tiny,cifar10,0.1,8,_vig_blocks.7,0.687125
5,3,5,vig_tiny,cifar10,0.1,9,_vig_blocks.8,0.674498
5,3,5,vig_tiny,cifar10,0.1,10,_vig_blocks.9,0.678128
5,3,5,vig_tiny,cifar10,0.1,11,_vig_blocks.10,0.629884
5,3,5,vig_tiny,cifar10,0.1,12,_vig_blocks.11,0.632404
5,3,5,vig_tiny,cifar10,0.1,13,classifier,0.424392
5,3,6,vig_tiny,cifar10,0.1,0,_vig_stem,0.775005
5,3,6,vig_tiny,cifar10,0.1,1,_vig_blocks.0,0.778885
5,3,6,vig_tiny,cifar10,0.1,2,_vig_blocks.1,0.776003
5,3,6,vig_tiny,cifar10,0.1,3,_vig_blocks.2,0.764433
5,3,6,vig_tiny,cifar10,0.1,4,_vig_blocks.3,0.766008
5,3,6,vig_tiny,cifar10,0.1,5,_vig_blocks.4,0.764065
5,3,6,vig_tiny,cifar10,0.1,6,_vig_blocks.5,0.747272
5,3,6,vig_tiny,cifar10,0.1,7,_vig_blocks.6,0.751152
5,3,6,vig_tiny,cifar10,0.1,8,_vig_blocks.7,0.752826
5,3,6,vig_tiny,cifar10,0.1,9,_vig_blocks.8,0.738212
5,3,6,vig_tiny,cifar10,0.1,10,_vig_blocks.9,0.733903
5,3,6,vig_tiny,cifar10,0.1,11,_vig_blocks.10,0.729215
5,3,6,vig_tiny,cifar10,0.1,12,_vig_blocks.11,0.725134
5,3,6,vig_tiny,cifar10,0.1,13,classifier,0.718782
5,3,7,vig_tiny,cifar10,0.1,0,_vig_stem,0.993859
5,3,7,vig_tiny,cifar10,0.1,1,_vig_blocks.0,0.974248
5,3,7,vig_tiny,cifar10,0.1,2,_vig_blocks.1,0.935920
5,3,7,vig_tiny,cifar10,0.1,3,_vig_blocks.2,0.936996
5,3,7,vig_tiny,cifar10,0.1,4,_vig_blocks.3,0.925763
5,3,7,vig_tiny,cifar10,0.1,5,_vig_blocks.4,0.918532
5,3,7,vig_tiny,cifar10,0.1,6,_vig_blocks.5,0.910976
5,3,7,vig_tiny,cifar10,0.1,7,_vig_blocks.6,0.892713
5,3,7,vig_tiny,cifar10,0.1,8,_vig_blocks.7,0.900654
5,3,7,vig_tiny,cifar10,0.1,9,_vig_blocks.8,0.895929
5,3,7,vig_tiny,cifar10,0.1,10,_vig_blocks.9,0.876115
5,3,7,vig_tiny,cifar10,0.1,11,_vig_blocks.10,0.864542
5,3,7,vig_tiny,cifar10,0.1,12,_vig_blocks.11,0.853729
5,3,7,vig_tiny,cifar10,0.1,13,classifier,0.819445
5,3,8,vig_tiny,cifar10,0.1,0,_vig_stem,0.942536
5,3,8,vig_tiny,cifar10,0.1,1,_vig_blocks.0,0.875665
5,3,8,vig_tiny,cifar10,0.1,2,_vig_blocks.1,0.843525
5,3,8,vig_tiny,cifar10,0.1,3,_vig_blocks.2,0.827740
5,3,8,vig_tiny,cifar10,0.1,4,_vig_blocks.3,0.825324
5,3,8,vig_tiny,cifar10,0.1,5,_vig_blocks.4,0.796255
5,3,8,vig_tiny,cifar10,0.1,6,_vig_blocks.5,0.797543
5,3,8,vig_tiny,cifar10,0.1,7,_vig_blocks.6,0.796058
5,3,8,vig_tiny,cifar10,0.1,8,_vig_blocks.7,0.810363
5,3,8,vig_tiny,cifar10,0.1,9,_vig_blocks.8,0.788045
5,3,8,vig_tiny,cifar10,0.1,10,_vig_blocks.9,0.773547
5,3,8,vig_tiny,cifar10,0.1,11,_vig_blocks.10,0.758450
5,3,8,vig_tiny,cifar10,0.1,12,_vig_blocks.11,0.735847
5,3,8,vig_tiny,cifar10,0.1,13,classifier,0.612241
5,3,9,vig_tiny,cifar10,0.1,0,_vig_stem,0.894822
5,3,9,vig_tiny,cifar10,0.1,1,_vig_blocks.0,0.889285
5,3,9,vig_tiny,cifar10,0.1,2,_vig_blocks.1,0.880946
5,3,9,vig_tiny,cifar10,0.1,3,_vig_blocks.2,0.862153
5,3,9,vig_tiny,cifar10,0.1,4,_vig_blocks.3,0.851610
5,3,9,vig_tiny,cifar10,0.1,5,_vig_blocks.4,0.852724
5,3,9,vig_tiny,cifar10,0.1,6,_vig_blocks.5,0.861409
5,3,9,vig_tiny,cifar10,0.1,7,_vig_blocks.6,0.869393
5,3,9,vig_tiny,cifar10,0.1,8,_vig_blocks.7,0.856424
5,3,9,vig_tiny,cifar10,0.1,9,_vig_blocks.8,0.845333
5,3,9,vig_tiny,cifar10,0.1,10,_vig_blocks.9,0.820290
5,3,9,vig_tiny,cifar10,0.1,11,_vig_blocks.10,0.817430
5,3,9,vig_tiny,cifar10,0.1,12,_vig_blocks.11,0.796846
5,3,9,vig_tiny,cifar10,0.1,13,classifier,0.737546
5,4,5,vig_tiny,cifar10,0.1,0,_vig_stem,0.816124
5,4,5,vig_tiny,cifar10,0.1,1,_vig_blocks.0,0.808495
5,4,5,vig_tiny,cifar10,0.1,2,_vig_blocks.1,0.780274
5,4,5,vig_tiny,cifar10,0.1,3,_vig_blocks.2,0.755247
5,4,5,vig_tiny,cifar10,0.1,4,_vig_blocks.3,0.772801
5,4,5,vig_tiny,cifar10,0.1,5,_vig_blocks.4,0.762872
5,4,5,vig_tiny,cifar10,0.1,6,_vig_blocks.5,0.732279
5,4,5,vig_tiny,cifar10,0.1,7,_vig_blocks.6,0.709374
5,4,5,vig_tiny,cifar10,0.1,8,_vig_blocks.7,0.698357
5,4,5,vig_tiny,cifar10,0.1,9,_vig_blocks.8,0.692380
5,4,5,vig_tiny,cifar10,0.1,10,_vig_blocks.9,0.682675
5,4,5,vig_tiny,cifar10,0.1,11,_vig_blocks.10,0.651688
5,4,5,vig_tiny,cifar10,0.1,12,_vig_blocks.11,0.659150
5,4,5,vig_tiny,cifar10,0.1,13,classifier,0.301095
5,4,6,vig_tiny,cifar10,0.1,0,_vig_stem,0.774771
5,4,6,vig_tiny,cifar10,0.1,1,_vig_blocks.0,0.732214
5,4,6,vig_tiny,cifar10,0.1,2,_vig_blocks.1,0.736086
5,4,6,vig_tiny,cifar10,0.1,3,_vig_blocks.2,0.729495
5,4,6,vig_tiny,cifar10,0.1,4,_vig_blocks.3,0.746928
5,4,6,vig_tiny,cifar10,0.1,5,_vig_blocks.4,0.753037
5,4,6,vig_tiny,cifar10,0.1,6,_vig_blocks.5,0.739055
5,4,6,vig_tiny,cifar10,0.1,7,_vig_blocks.6,0.727725
5,4,6,vig_tiny,cifar10,0.1,8,_vig_blocks.7,0.738061
5,4,6,vig_tiny,cifar10,0.1,9,_vig_blocks.8,0.714388
5,4,6,vig_tiny,cifar10,0.1,10,_vig_blocks.9,0.692319
5,4,6,vig_tiny,cifar10,0.1,11,_vig_blocks.10,0.674827
5,4,6,vig_tiny,cifar10,0.1,12,_vig_blocks.11,0.657509
5,4,6,vig_tiny,cifar10,0.1,13,classifier,0.479832
5,4,7,vig_tiny,cifar10,0.1,0,_vig_stem,0.965243
5,4,7,vig_tiny,cifar10,0.1,1,_vig_blocks.0,0.913723
5,4,7,vig_tiny,cifar10,0.1,2,_vig_blocks.1,0.881820
5,4,7,vig_tiny,cifar10,0.1,3,_vig_blocks.2,0.869349
5,4,7,vig_tiny,cifar10,0.1,4,_vig_blocks.3,0.866534
5,4,7,vig_tiny,cifar10,0.1,5,_vig_blocks.4,0.867127
5,4,7,vig_tiny,cifar10,0.1,6,_vig_blocks.5,0.866394
5,4,7,vig_tiny,cifar10,0.1,7,_vig_blocks.6,0.851023
5,4,7,vig_tiny,cifar10,0.1,8,_vig_blocks.7,0.844134
5,4,7,vig_tiny,cifar10,0.1,9,_vig_blocks.8,0.834877
5,4,7,vig_tiny,cifar10,0.1,10,_vig_blocks.9,0.807404
5,4,7,vig_tiny,cifar10,0.1,11,_vig_blocks.10,0.790670
5,4,7,vig_tiny,cifar10,0.1,12,_vig_blocks.11,0.776781
5,4,7,vig_tiny,cifar10,0.1,13,classifier,0.540490
5,4,8,vig_tiny,cifar10,0.1,0,_vig_stem,0.935062
5,4,8,vig_tiny,cifar10,0.1,1,_vig_blocks.0,0.886363
5,4,8,vig_tiny,cifar10,0.1,2,_vig_blocks.1,0.869344
5,4,8,vig_tiny,cifar10,0.1,3,_vig_blocks.2,0.854698
5,4,8,vig_tiny,cifar10,0.1,4,_vig_blocks.3,0.846777
5,4,8,vig_tiny,cifar10,0.1,5,_vig_blocks.4,0.836538
5,4,8,vig_tiny,cifar10,0.1,6,_vig_blocks.5,0.826102
5,4,8,vig_tiny,cifar10,0.1,7,_vig_blocks.6,0.805530
5,4,8,vig_tiny,cifar10,0.1,8,_vig_blocks.7,0.815766
5,4,8,vig_tiny,cifar10,0.1,9,_vig_blocks.8,0.800475
5,4,8,vig_tiny,cifar10,0.1,10,_vig_blocks.9,0.786666
5,4,8,vig_tiny,cifar10,0.1,11,_vig_blocks.10,0.768071
5,4,8,vig_tiny,cifar10,0.1,12,_vig_blocks.11,0.739781
5,4,8,vig_tiny,cifar10,0.1,13,classifier,0.363313
5,4,9,vig_tiny,cifar10,0.1,0,_vig_stem,0.838573
5,4,9,vig_tiny,cifar10,0.1,1,_vig_blocks.0,0.788236
5,4,9,vig_tiny,cifar10,0.1,2,_vig_blocks.1,0.784391
5,4,9,vig_tiny,cifar10,0.1,3,_vig_blocks.2,0.762306
5,4,9,vig_tiny,cifar10,0.1,4,_vig_blocks.3,0.768510
5,4,9,vig_tiny,cifar10,0.1,5,_vig_blocks.4,0.770140
5,4,9,vig_tiny,cifar10,0.1,6,_vig_blocks.5,0.769704
5,4,9,vig_tiny,cifar10,0.1,7,_vig_blocks.6,0.757440
5,4,9,vig_tiny,cifar10,0.1,8,_vig_blocks.7,0.742175
5,4,9,vig_tiny,cifar10,0.1,9,_vig_blocks.8,0.706096
5,4,9,vig_tiny,cifar10,0.1,10,_vig_blocks.9,0.665224
5,4,9,vig_tiny,cifar10,0.1,11,_vig_blocks.10,0.647714
5,4,9,vig_tiny,cifar10,0.1,12,_vig_blocks.11,0.631601
5,4,9,vig_tiny,cifar10,0.1,13,classifier,0.398497
5,5,6,vig_tiny,cifar10,0.1,0,_vig_stem,0.688507
5,5,6,vig_tiny,cifar10,0.1,1,_vig_blocks.0,0.702482
5,5,6,vig_tiny,cifar10,0.1,2,_vig_blocks.1,0.710329
5,5,6,vig_tiny,cifar10,0.1,3,_vig_blocks.2,0.689461
5,5,6,vig_tiny,cifar10,0.1,4,_vig_blocks.3,0.694823
5,5,6,vig_tiny,cifar10,0.1,5,_vig_blocks.4,0.681965
5,5,6,vig_tiny,cifar10,0.1,6,_vig_blocks.5,0.659307
5,5,6,vig_tiny,cifar10,0.1,7,_vig_blocks.6,0.631343
5,5,6,vig_tiny,cifar10,0.1,8,_vig_blocks.7,0.639711
5,5,6,vig_tiny,cifar10,0.1,9,_vig_blocks.8,0.615881
5,5,6,vig_tiny,cifar10,0.1,10,_vig_blocks.9,0.622681
5,5,6,vig_tiny,cifar10,0.1,11,_vig_blocks.10,0.586391
5,5,6,vig_tiny,cifar10,0.1,12,_vig_blocks.11,0.598709
5,5,6,vig_tiny,cifar10,0.1,13,classifier,0.292823
5,5,7,vig_tiny,cifar10,0.1,0,_vig_stem,0.861386
5,5,7,vig_tiny,cifar10,0.1,1,_vig_blocks.0,0.820493
5,5,7,vig_tiny,cifar10,0.1,2,_vig_blocks.1,0.813177
5,5,7,vig_tiny,cifar10,0.1,3,_vig_blocks.2,0.805945
5,5,7,vig_tiny,cifar10,0.1,4,_vig_blocks.3,0.829531
5,5,7,vig_tiny,cifar10,0.1,5,_vig_blocks.4,0.830068
5,5,7,vig_tiny,cifar10,0.1,6,_vig_blocks.5,0.796826
5,5,7,vig_tiny,cifar10,0.1,7,_vig_blocks.6,0.784123
5,5,7,vig_tiny,cifar10,0.1,8,_vig_blocks.7,0.766307
5,5,7,vig_tiny,cifar10,0.1,9,_vig_blocks.8,0.767147
5,5,7,vig_tiny,cifar10,0.1,10,_vig_blocks.9,0.769081
5,5,7,vig_tiny,cifar10,0.1,11,_vig_blocks.10,0.741103
5,5,7,vig_tiny,cifar10,0.1,12,_vig_blocks.11,0.750747
5,5,7,vig_tiny,cifar10,0.1,13,classifier,0.516919
5,5,8,vig_tiny,cifar10,0.1,0,_vig_stem,0.840432
5,5,8,vig_tiny,cifar10,0.1,1,_vig_blocks.0,0.799288
5,5,8,vig_tiny,cifar10,0.1,2,_vig_blocks.1,0.760879
5,5,8,vig_tiny,cifar10,0.1,3,_vig_blocks.2,0.708578
5,5,8,vig_tiny,cifar10,0.1,4,_vig_blocks.3,0.718026
5,5,8,vig_tiny,cifar10,0.1,5,_vig_blocks.4,0.696510
5,5,8,vig_tiny,cifar10,0.1,6,_vig_blocks.5,0.688792
5,5,8,vig_tiny,cifar10,0.1,7,_vig_blocks.6,0.662418
5,5,8,vig_tiny,cifar10,0.1,8,_vig_blocks.7,0.660056
5,5,8,vig_tiny,cifar10,0.1,9,_vig_blocks.8,0.649483
5,5,8,vig_tiny,cifar10,0.1,10,_vig_blocks.9,0.665278
5,5,8,vig_tiny,cifar10,0.1,11,_vig_blocks.10,0.651593
5,5,8,vig_tiny,cifar10,0.1,12,_vig_blocks.11,0.653208
5,5,8,vig_tiny,cifar10,0.1,13,classifier,0.331562
5,5,9,vig_tiny,cifar10,0.1,0,_vig_stem,0.691854
5,5,9,vig_tiny,cifar10,0.1,1,_vig_blocks.0,0.658117
5,5,9,vig_tiny,cifar10,0.1,2,_vig_blocks.1,0.652176
5,5,9,vig_tiny,cifar10,0.1,3,_vig_blocks.2,0.620733
5,5,9,vig_tiny,cifar10,0.1,4,_vig_blocks.3,0.651385
5,5,9,vig_tiny,cifar10,0.1,5,_vig_blocks.4,0.649777
5,5,9,vig_tiny,cifar10,0.1,6,_vig_blocks.5,0.624393
5,5,9,vig_tiny,cifar10,0.1,7,_vig_blocks.6,0.618876
5,5,9,vig_tiny,cifar10,0.1,8,_vig_blocks.7,0.603446
5,5,9,vig_tiny,cifar10,0.1,9,_vig_blocks.8,0.570366
5,5,9,vig_tiny,cifar10,0.1,10,_vig_blocks.9,0.551785
5,5,9,vig_tiny,cifar10,0.1,11,_vig_blocks.10,0.510998
5,5,9,vig_tiny,cifar10,0.1,12,_vig_blocks.11,0.515305
5,5,9,vig_tiny,cifar10,0.1,13,classifier,0.334727
5,6,7,vig_tiny,cifar10,0.1,0,_vig_stem,0.753241
5,6,7,vig_tiny,cifar10,0.1,1,_vig_blocks.0,0.755476
5,6,7,vig_tiny,cifar10,0.1,2,_vig_blocks.1,0.748287
5,6,7,vig_tiny,cifar10,0.1,3,_vig_blocks.2,0.727609
5,6,7,vig_tiny,cifar10,0.1,4,_vig_blocks.3,0.718233
5,6,7,vig_tiny,cifar10,0.1,5,_vig_blocks.4,0.705260
5,6,7,vig_tiny,cifar10,0.1,6,_vig_blocks.5,0.684941
5,6,7,vig_tiny,cifar10,0.1,7,_vig_blocks.6,0.669439
5,6,7,vig_tiny,cifar10,0.1,8,_vig_blocks.7,0.674516
5,6,7,vig_tiny,cifar10,0.1,9,_vig_blocks.8,0.661636
5,6,7,vig_tiny,cifar10,0.1,10,_vig_blocks.9,0.654084
5,6,7,vig_tiny,cifar10,0.1,11,_vig_blocks.10,0.642359
5,6,7,vig_tiny,cifar10,0.1,12,_vig_blocks.11,0.645142
5,6,7,vig_tiny,cifar10,0.1,13,classifier,0.576116
5,6,8,vig_tiny,cifar10,0.1,0,_vig_stem,0.755517
5,6,8,vig_tiny,cifar10,0.1,1,_vig_blocks.0,0.742319
5,6,8,vig_tiny,cifar10,0.1,2,_vig_blocks.1,0.741007
5,6,8,vig_tiny,cifar10,0.1,3,_vig_blocks.2,0.731402
5,6,8,vig_tiny,cifar10,0.1,4,_vig_blocks.3,0.739411
5,6,8,vig_tiny,cifar10,0.1,5,_vig_blocks.4,0.748404
5,6,8,vig_tiny,cifar10,0.1,6,_vig_blocks.5,0.747281
5,6,8,vig_tiny,cifar10,0.1,7,_vig_blocks.6,0.728652
5,6,8,vig_tiny,cifar10,0.1,8,_vig_blocks.7,0.737958
5,6,8,vig_tiny,cifar10,0.1,9,_vig_blocks.8,0.727664
5,6,8,vig_tiny,cifar10,0.1,10,_vig_blocks.9,0.722248
5,6,8,vig_tiny,cifar10,0.1,11,_vig_blocks.10,0.703727
5,6,8,vig_tiny,cifar10,0.1,12,_vig_blocks.11,0.709250
5,6,8,vig_tiny,cifar10,0.1,13,classifier,0.508945
5,6,9,vig_tiny,cifar10,0.1,0,_vig_stem,0.765419
5,6,9,vig_tiny,cifar10,0.1,1,_vig_blocks.0,0.705095
5,6,9,vig_tiny,cifar10,0.1,2,_vig_blocks.1,0.714259
5,6,9,vig_tiny,cifar10,0.1,3,_vig_blocks.2,0.688449
5,6,9,vig_tiny,cifar10,0.1,4,_vig_blocks.3,0.691983
5,6,9,vig_tiny,cifar10,0.1,5,_vig_blocks.4,0.712093
5,6,9,vig_tiny,cifar10,0.1,6,_vig_blocks.5,0.701087
5,6,9,vig_tiny,cifar10,0.1,7,_vig_blocks.6,0.701073
5,6,9,vig_tiny,cifar10,0.1,8,_vig_blocks.7,0.688739
5,6,9,vig_tiny,cifar10,0.1,9,_vig_blocks.8,0.657883
5,6,9,vig_tiny,cifar10,0.1,10,_vig_blocks.9,0.622404
5,6,9,vig_tiny,cifar10,0.1,11,_vig_blocks.10,0.609549
5,6,9,vig_tiny,cifar10,0.1,12,_vig_blocks.11,0.595767
5,6,9,vig_tiny,cifar10,0.1,13,classifier,0.480693
5,7,8,vig_tiny,cifar10,0.1,0,_vig_stem,0.944031
5,7,8,vig_tiny,cifar10,0.1,1,_vig_blocks.0,0.865173
5,7,8,vig_tiny,cifar10,0.1,2,_vig_blocks.1,0.824602
5,7,8,vig_tiny,cifar10,0.1,3,_vig_blocks.2,0.801675
5,7,8,vig_tiny,cifar10,0.1,4,_vig_blocks.3,0.777902
5,7,8,vig_tiny,cifar10,0.1,5,_vig_blocks.4,0.747715
5,7,8,vig_tiny,cifar10,0.1,6,_vig_blocks.5,0.746099
5,7,8,vig_tiny,cifar10,0.1,7,_vig_blocks.6,0.726266
5,7,8,vig_tiny,cifar10,0.1,8,_vig_blocks.7,0.731256
5,7,8,vig_tiny,cifar10,0.1,9,_vig_blocks.8,0.707089
5,7,8,vig_tiny,cifar10,0.1,10,_vig_blocks.9,0.691763
5,7,8,vig_tiny,cifar10,0.1,11,_vig_blocks.10,0.685946
5,7,8,vig_tiny,cifar10,0.1,12,_vig_blocks.11,0.669999
5,7,8,vig_tiny,cifar10,0.1,13,classifier,0.467443
5,7,9,vig_tiny,cifar10,0.1,0,_vig_stem,0.873493
5,7,9,vig_tiny,cifar10,0.1,1,_vig_blocks.0,0.850299
5,7,9,vig_tiny,cifar10,0.1,2,_vig_blocks.1,0.826122
5,7,9,vig_tiny,cifar10,0.1,3,_vig_blocks.2,0.818270
5,7,9,vig_tiny,cifar10,0.1,4,_vig_blocks.3,0.796335
5,7,9,vig_tiny,cifar10,0.1,5,_vig_blocks.4,0.794117
5,7,9,vig_tiny,cifar10,0.1,6,_vig_blocks.5,0.800840
5,7,9,vig_tiny,cifar10,0.1,7,_vig_blocks.6,0.794770
5,7,9,vig_tiny,cifar10,0.1,8,_vig_blocks.7,0.799728
5,7,9,vig_tiny,cifar10,0.1,9,_vig_blocks.8,0.780300
5,7,9,vig_tiny,cifar10,0.1,10,_vig_blocks.9,0.757290
5,7,9,vig_tiny,cifar10,0.1,11,_vig_blocks.10,0.750431
5,7,9,vig_tiny,cifar10,0.1,12,_vig_blocks.11,0.731844
5,7,9,vig_tiny,cifar10,0.1,13,classifier,0.725874
5,8,9,vig_tiny,cifar10,0.1,0,_vig_stem,0.784086
5,8,9,vig_tiny,cifar10,0.1,1,_vig_blocks.0,0.743609
5,8,9,vig_tiny,cifar10,0.1,2,_vig_blocks.1,0.724912
5,8,9,vig_tiny,cifar10,0.1,3,_vig_blocks.2,0.704457
5,8,9,vig_tiny,cifar10,0.1,4,_vig_blocks.3,0.705861
5,8,9,vig_tiny,cifar10,0.1,5,_vig_blocks.4,0.691325
5,8,9,vig_tiny,cifar10,0.1,6,_vig_blocks.5,0.690311
5,8,9,vig_tiny,cifar10,0.1,7,_vig_blocks.6,0.685702
5,8,9,vig_tiny,cifar10,0.1,8,_vig_blocks.7,0.687911
5,8,9,vig_tiny,cifar10,0.1,9,_vig_blocks.8,0.651666
5,8,9,vig_tiny,cifar10,0.1,10,_vig_blocks.9,0.618358
5,8,9,vig_tiny,cifar10,0.1,11,_vig_blocks.10,0.599436
5,8,9,vig_tiny,cifar10,0.1,12,_vig_blocks.11,0.562209
5,8,9,vig_tiny,cifar10,0.1,13,classifier,0.274594
10,0,1,vig_tiny,cifar10,0.1,0,_vig_stem,0.835495
10,0,1,vig_tiny,cifar10,0.1,1,_vig_blocks.0,0.709486
10,0,1,vig_tiny,cifar10,0.1,2,_vig_blocks.1,0.724323
10,0,1,vig_tiny,cifar10,0.1,3,_vig_blocks.2,0.721006
10,0,1,vig_tiny,cifar10,0.1,4,_vig_blocks.3,0.722016
10,0,1,vig_tiny,cifar10,0.1,5,_vig_blocks.4,0.716300
10,0,1,vig_tiny,cifar10,0.1,6,_vig_blocks.5,0.700898
10,0,1,vig_tiny,cifar10,0.1,7,_vig_blocks.6,0.697658
10,0,1,vig_tiny,cifar10,0.1,8,_vig_blocks.7,0.688159
10,0,1,vig_tiny,cifar10,0.1,9,_vig_blocks.8,0.677732
10,0,1,vig_tiny,cifar10,0.1,10,_vig_blocks.9,0.645322
10,0,1,vig_tiny,cifar10,0.1,11,_vig_blocks.10,0.619574
10,0,1,vig_tiny,cifar10,0.1,12,_vig_blocks.11,0.573727
10,0,1,vig_tiny,cifar10,0.1,13,classifier,0.342849
10,0,2,vig_tiny,cifar10,0.1,0,_vig_stem,0.783098
10,0,2,vig_tiny,cifar10,0.1,1,_vig_blocks.0,0.636510
10,0,2,vig_tiny,cifar10,0.1,2,_vig_blocks.1,0.669178
10,0,2,vig_tiny,cifar10,0.1,3,_vig_blocks.2,0.676220
10,0,2,vig_tiny,cifar10,0.1,4,_vig_blocks.3,0.655608
10,0,2,vig_tiny,cifar10,0.1,5,_vig_blocks.4,0.663710
10,0,2,vig_tiny,cifar10,0.1,6,_vig_blocks.5,0.662540
10,0,2,vig_tiny,cifar10,0.1,7,_vig_blocks.6,0.659529
10,0,2,vig_tiny,cifar10,0.1,8,_vig_blocks.7,0.643669
10,0,2,vig_tiny,cifar10,0.1,9,_vig_blocks.8,0.623061
10,0,2,vig_tiny,cifar10,0.1,10,_vig_blocks.9,0.576348
10,0,2,vig_tiny,cifar10,0.1,11,_vig_blocks.10,0.539734
10,0,2,vig_tiny,cifar10,0.1,12,_vig_blocks.11,0.509020
10,0,2,vig_tiny,cifar10,0.1,13,classifier,0.216712
10,0,3,vig_tiny,cifar10,0.1,0,_vig_stem,0.913569
10,0,3,vig_tiny,cifar10,0.1,1,_vig_blocks.0,0.838326
10,0,3,vig_tiny,cifar10,0.1,2,_vig_blocks.1,0.814080
10,0,3,vig_tiny,cifar10,0.1,3,_vig_blocks.2,0.814441
10,0,3,vig_tiny,cifar10,0.1,4,_vig_blocks.3,0.807822
10,0,3,vig_tiny,cifar10,0.1,5,_vig_blocks.4,0.812327
10,0,3,vig_tiny,cifar10,0.1,6,_vig_blocks.5,0.802061
10,0,3,vig_tiny,cifar10,0.1,7,_vig_blocks.6,0.792099
10,0,3,vig_tiny,cifar10,0.1,8,_vig_blocks.7,0.787176
10,0,3,vig_tiny,cifar10,0.1,9,_vig_blocks.8,0.771247
10,0,3,vig_tiny,cifar10,0.1,10,_vig_blocks.9,0.748444
10,0,3,vig_tiny,cifar10,0.1,11,_vig_blocks.10,0.731387
10,0,3,vig_tiny,cifar10,0.1,12,_vig_blocks.11,0.703529
10,0,3,vig_tiny,cifar10,0.1,13,classifier,0.527828
10,0,4,vig_tiny,cifar10,0.1,0,_vig_stem,0.833855
10,0,4,vig_tiny,cifar10,0.1,1,_vig_blocks.0,0.722036
10,0,4,vig_tiny,cifar10,0.1,2,_vig_blocks.1,0.735554
10,0,4,vig_tiny,cifar10,0.1,3,_vig_blocks.2,0.746831
10,0,4,vig_tiny,cifar10,0.1,4,_vig_blocks.3,0.736047
10,0,4,vig_tiny,cifar10,0.1,5,_vig_blocks.4,0.749428
10,0,4,vig_tiny,cifar10,0.1,6,_vig_blocks.5,0.733467
10,0,4,vig_tiny,cifar10,0.1,7,_vig_blocks.6,0.711353
10,0,4,vig_tiny,cifar10,0.1,8,_vig_blocks.7,0.694351
10,0,4,vig_tiny,cifar10,0.1,9,_vig_blocks.8,0.687621
10,0,4,vig_tiny,cifar10,0.1,10,_vig_blocks.9,0.650148
10,0,4,vig_tiny,cifar10,0.1,11,_vig_blocks.10,0.603446
10,0,4,vig_tiny,cifar10,0.1,12,_vig_blocks.11,0.563478
10,0,4,vig_tiny,cifar10,0.1,13,classifier,0.124740
10,0,5,vig_tiny,cifar10,0.1,0,_vig_stem,0.764759
10,0,5,vig_tiny,cifar10,0.1,1,_vig_blocks.0,0.659767
10,0,5,vig_tiny,cifar10,0.1,2,_vig_blocks.1,0.668770
10,0,5,vig_tiny,cifar10,0.1,3,_vig_blocks.2,0.661856
10,0,5,vig_tiny,cifar10,0.1,4,_vig_blocks.3,0.667369
10,0,5,vig_tiny,cifar10,0.1,5,_vig_blocks.4,0.663801
10,0,5,vig_tiny,cifar10,0.1,6,_vig_blocks.5,0.641949
10,0,5,vig_tiny,cifar10,0.1,7,_vig_blocks.6,0.618238
10,0,5,vig_tiny,cifar10,0.1,8,_vig_blocks.7,0.614870
10,0,5,vig_tiny,cifar10,0.1,9,_vig_blocks.8,0.595804
10,0,5,vig_tiny,cifar10,0.1,10,_vig_blocks.9,0.548801
10,0,5,vig_tiny,cifar10,0.1,11,_vig_blocks.10,0.510826
10,0,5,vig_tiny,cifar10,0.1,12,_vig_blocks.11,0.470043
10,0,5,vig_tiny,cifar10,0.1,13,classifier,0.103169
10,0,6,vig_tiny,cifar10,0.1,0,_vig_stem,0.731738
10,0,6,vig_tiny,cifar10,0.1,1,_vig_blocks.0,0.666710
10,0,6,vig_tiny,cifar10,0.1,2,_vig_blocks.1,0.671373
10,0,6,vig_tiny,cifar10,0.1,3,_vig_blocks.2,0.692412
10,0,6,vig_tiny,cifar10,0.1,4,_vig_blocks.3,0.724463
10,0,6,vig_tiny,cifar10,0.1,5,_vig_blocks.4,0.727300
10,0,6,vig_tiny,cifar10,0.1,6,_vig_blocks.5,0.705039
10,0,6,vig_tiny,cifar10,0.1,7,_vig_blocks.6,0.686895
10,0,6,vig_tiny,cifar10,0.1,8,_vig_blocks.7,0.672586
10,0,6,vig_tiny,cifar10,0.1,9,_vig_blocks.8,0.655141
10,0,6,vig_tiny,cifar10,0.1,10,_vig_blocks.9,0.601096
10,0,6,vig_tiny,cifar10,0.1,11,_vig_blocks.10,0.558783
10,0,6,vig_tiny,cifar10,0.1,12,_vig_blocks.11,0.544926
10,0,6,vig_tiny,cifar10,0.1,13,classifier,0.223978
10,0,7,vig_tiny,cifar10,0.1,0,_vig_stem,0.907160
10,0,7,vig_tiny,cifar10,0.1,1,_vig_blocks.0,0.831343
10,0,7,vig_tiny,cifar10,0.1,2,_vig_blocks.1,0.809455
10,0,7,vig_tiny,cifar10,0.1,3,_vig_blocks.2,0.818056
10,0,7,vig_tiny,cifar10,0.1,4,_vig_blocks.3,0.812255
10,0,7,vig_tiny,cifar10,0.1,5,_vig_blocks.4,0.803375
10,0,7,vig_tiny,cifar10,0.1,6,_vig_blocks.5,0.792991
10,0,7,vig_tiny,cifar10,0.1,7,_vig_blocks.6,0.779851
10,0,7,vig_tiny,cifar10,0.1,8,_vig_blocks.7,0.767133
10,0,7,vig_tiny,cifar10,0.1,9,_vig_blocks.8,0.743026
10,0,7,vig_tiny,cifar10,0.1,10,_vig_blocks.9,0.704904
10,0,7,vig_tiny,cifar10,0.1,11,_vig_blocks.10,0.662044
10,0,7,vig_tiny,cifar10,0.1,12,_vig_blocks.11,0.622766
10,0,7,vig_tiny,cifar10,0.1,13,classifier,0.377851
10,0,8,vig_tiny,cifar10,0.1,0,_vig_stem,0.810145
10,0,8,vig_tiny,cifar10,0.1,1,_vig_blocks.0,0.709543
10,0,8,vig_tiny,cifar10,0.1,2,_vig_blocks.1,0.709202
10,0,8,vig_tiny,cifar10,0.1,3,_vig_blocks.2,0.731179
10,0,8,vig_tiny,cifar10,0.1,4,_vig_blocks.3,0.723896
10,0,8,vig_tiny,cifar10,0.1,5,_vig_blocks.4,0.726188
10,0,8,vig_tiny,cifar10,0.1,6,_vig_blocks.5,0.727322
10,0,8,vig_tiny,cifar10,0.1,7,_vig_blocks.6,0.722257
10,0,8,vig_tiny,cifar10,0.1,8,_vig_blocks.7,0.712749
10,0,8,vig_tiny,cifar10,0.1,9,_vig_blocks.8,0.704215
10,0,8,vig_tiny,cifar10,0.1,10,_vig_blocks.9,0.677792
10,0,8,vig_tiny,cifar10,0.1,11,_vig_blocks.10,0.634031
10,0,8,vig_tiny,cifar10,0.1,12,_vig_blocks.11,0.587222
10,0,8,vig_tiny,cifar10,0.1,13,classifier,0.281019
10,0,9,vig_tiny,cifar10,0.1,0,_vig_stem,0.908185
10,0,9,vig_tiny,cifar10,0.1,1,_vig_blocks.0,0.801742
10,0,9,vig_tiny,cifar10,0.1,2,_vig_blocks.1,0.757007
10,0,9,vig_tiny,cifar10,0.1,3,_vig_blocks.2,0.763460
10,0,9,vig_tiny,cifar10,0.1,4,_vig_blocks.3,0.737700
10,0,9,vig_tiny,cifar10,0.1,5,_vig_blocks.4,0.731977
10,0,9,vig_tiny,cifar10,0.1,6,_vig_blocks.5,0.729253
10,0,9,vig_tiny,cifar10,0.1,7,_vig_blocks.6,0.723427
10,0,9,vig_tiny,cifar10,0.1,8,_vig_blocks.7,0.706889
10,0,9,vig_tiny,cifar10,0.1,9,_vig_blocks.8,0.706192
10,0,9,vig_tiny,cifar10,0.1,10,_vig_blocks.9,0.678325
10,0,9,vig_tiny,cifar10,0.1,11,_vig_blocks.10,0.661938
10,0,9,vig_tiny,cifar10,0.1,12,_vig_blocks.11,0.630915
10,0,9,vig_tiny,cifar10,0.1,13,classifier,0.419919
10,1,2,vig_tiny,cifar10,0.1,0,_vig_stem,0.770142
10,1,2,vig_tiny,cifar10,0.1,1,_vig_blocks.0,0.671972
10,1,2,vig_tiny,cifar10,0.1,2,_vig_blocks.1,0.717689
10,1,2,vig_tiny,cifar10,0.1,3,_vig_blocks.2,0.708412
10,1,2,vig_tiny,cifar10,0.1,4,_vig_blocks.3,0.713197
10,1,2,vig_tiny,cifar10,0.1,5,_vig_blocks.4,0.696610
10,1,2,vig_tiny,cifar10,0.1,6,_vig_blocks.5,0.676869
10,1,2,vig_tiny,cifar10,0.1,7,_vig_blocks.6,0.671010
10,1,2,vig_tiny,cifar10,0.1,8,_vig_blocks.7,0.659710
10,1,2,vig_tiny,cifar10,0.1,9,_vig_blocks.8,0.641009
10,1,2,vig_tiny,cifar10,0.1,10,_vig_blocks.9,0.591213
10,1,2,vig_tiny,cifar10,0.1,11,_vig_blocks.10,0.547364
10,1,2,vig_tiny,cifar10,0.1,12,_vig_blocks.11,0.495349
10,1,2,vig_tiny,cifar10,0.1,13,classifier,0.238055
10,1,3,vig_tiny,cifar10,0.1,0,_vig_stem,0.879845
10,1,3,vig_tiny,cifar10,0.1,1,_vig_blocks.0,0.793453
10,1,3,vig_tiny,cifar10,0.1,2,_vig_blocks.1,0.818451
10,1,3,vig_tiny,cifar10,0.1,3,_vig_blocks.2,0.836757
10,1,3,vig_tiny,cifar10,0.1,4,_vig_blocks.3,0.862118
10,1,3,vig_tiny,cifar10,0.1,5,_vig_blocks.4,0.864098
10,1,3,vig_tiny,cifar10,0.1,6,_vig_blocks.5,0.853080
10,1,3,vig_tiny,cifar10,0.1,7,_vig_blocks.6,0.842356
10,1,3,vig_tiny,cifar10,0.1,8,_vig_blocks.7,0.846258
10,1,3,vig_tiny,cifar10,0.1,9,_vig_blocks.8,0.831796
10,1,3,vig_tiny,cifar10,0.1,10,_vig_blocks.9,0.807332
10,1,3,vig_tiny,cifar10,0.1,11,_vig_blocks.10,0.778155
10,1,3,vig_tiny,cifar10,0.1,12,_vig_blocks.11,0.735391
10,1,3,vig_tiny,cifar10,0.1,13,classifier,0.767950
10,1,4,vig_tiny,cifar10,0.1,0,_vig_stem,0.817336
10,1,4,vig_tiny,cifar10,0.1,1,_vig_blocks.0,0.776878
10,1,4,vig_tiny,cifar10,0.1,2,_vig_blocks.1,0.796747
10,1,4,vig_tiny,cifar10,0.1,3,_vig_blocks.2,0.801073
10,1,4,vig_tiny,cifar10,0.1,4,_vig_blocks.3,0.807585
10,1,4,vig_tiny,cifar10,0.1,5,_vig_blocks.4,0.807068
10,1,4,vig_tiny,cifar10,0.1,6,_vig_blocks.5,0.794636
10,1,4,vig_tiny,cifar10,0.1,7,_vig_blocks.6,0.771232
10,1,4,vig_tiny,cifar10,0.1,8,_vig_blocks.7,0.749015
10,1,4,vig_tiny,cifar10,0.1,9,_vig_blocks.8,0.745191
10,1,4,vig_tiny,cifar10,0.1,10,_vig_blocks.9,0.690836
10,1,4,vig_tiny,cifar10,0.1,11,_vig_blocks.10,0.649982
10,1,4,vig_tiny,cifar10,0.1,12,_vig_blocks.11,0.597000
10,1,4,vig_tiny,cifar10,0.1,13,classifier,0.420600
10,1,5,vig_tiny,cifar10,0.1,0,_vig_stem,0.787251
10,1,5,vig_tiny,cifar10,0.1,1,_vig_blocks.0,0.689243
10,1,5,vig_tiny,cifar10,0.1,2,_vig_blocks.1,0.678106
10,1,5,vig_tiny,cifar10,0.1,3,_vig_blocks.2,0.673432
10,1,5,vig_tiny,cifar10,0.1,4,_vig_blocks.3,0.686443
10,1,5,vig_tiny,cifar10,0.1,5,_vig_blocks.4,0.675481
10,1,5,vig_tiny,cifar10,0.1,6,_vig_blocks.5,0.636113
10,1,5,vig_tiny,cifar10,0.1,7,_vig_blocks.6,0.626685
10,1,5,vig_tiny,cifar10,0.1,8,_vig_blocks.7,0.612303
10,1,5,vig_tiny,cifar10,0.1,9,_vig_blocks.8,0.584815
10,1,5,vig_tiny,cifar10,0.1,10,_vig_blocks.9,0.531632
10,1,5,vig_tiny,cifar10,0.1,11,_vig_blocks.10,0.497793
10,1,5,vig_tiny,cifar10,0.1,12,_vig_blocks.11,0.453674
10,1,5,vig_tiny,cifar10,0.1,13,classifier,0.113765
10,1,6,vig_tiny,cifar10,0.1,0,_vig_stem,0.776536
10,1,6,vig_tiny,cifar10,0.1,1,_vig_blocks.0,0.695979
10,1,6,vig_tiny,cifar10,0.1,2,_vig_blocks.1,0.689081
10,1,6,vig_tiny,cifar10,0.1,3,_vig_blocks.2,0.688932
10,1,6,vig_tiny,cifar10,0.1,4,_vig_blocks.3,0.717426
10,1,6,vig_tiny,cifar10,0.1,5,_vig_blocks.4,0.724892
10,1,6,vig_tiny,cifar10,0.1,6,_vig_blocks.5,0.705017
10,1,6,vig_tiny,cifar10,0.1,7,_vig_blocks.6,0.704211
10,1,6,vig_tiny,cifar10,0.1,8,_vig_blocks.7,0.695705
10,1,6,vig_tiny,cifar10,0.1,9,_vig_blocks.8,0.690682
10,1,6,vig_tiny,cifar10,0.1,10,_vig_blocks.9,0.651511
10,1,6,vig_tiny,cifar10,0.1,11,_vig_blocks.10,0.640578
10,1,6,vig_tiny,cifar10,0.1,12,_vig_blocks.11,0.630112
10,1,6,vig_tiny,cifar10,0.1,13,classifier,0.587596
10,1,7,vig_tiny,cifar10,0.1,0,_vig_stem,0.870948
10,1,7,vig_tiny,cifar10,0.1,1,_vig_blocks.0,0.808559
10,1,7,vig_tiny,cifar10,0.1,2,_vig_blocks.1,0.824568
10,1,7,vig_tiny,cifar10,0.1,3,_vig_blocks.2,0.834811
10,1,7,vig_tiny,cifar10,0.1,4,_vig_blocks.3,0.845386
10,1,7,vig_tiny,cifar10,0.1,5,_vig_blocks.4,0.841559
10,1,7,vig_tiny,cifar10,0.1,6,_vig_blocks.5,0.818258
10,1,7,vig_tiny,cifar10,0.1,7,_vig_blocks.6,0.796350
10,1,7,vig_tiny,cifar10,0.1,8,_vig_blocks.7,0.789741
10,1,7,vig_tiny,cifar10,0.1,9,_vig_blocks.8,0.774602
10,1,7,vig_tiny,cifar10,0.1,10,_vig_blocks.9,0.741765
10,1,7,vig_tiny,cifar10,0.1,11,_vig_blocks.10,0.719605
10,1,7,vig_tiny,cifar10,0.1,12,_vig_blocks.11,0.679440
10,1,7,vig_tiny,cifar10,0.1,13,classifier,0.664691
10,1,8,vig_tiny,cifar10,0.1,0,_vig_stem,0.790719
10,1,8,vig_tiny,cifar10,0.1,1,_vig_blocks.0,0.730809
10,1,8,vig_tiny,cifar10,0.1,2,_vig_blocks.1,0.743585
10,1,8,vig_tiny,cifar10,0.1,3,_vig_blocks.2,0.720273
10,1,8,vig_tiny,cifar10,0.1,4,_vig_blocks.3,0.746712
10,1,8,vig_tiny,cifar10,0.1,5,_vig_blocks.4,0.753450
10,1,8,vig_tiny,cifar10,0.1,6,_vig_blocks.5,0.734431
10,1,8,vig_tiny,cifar10,0.1,7,_vig_blocks.6,0.733272
10,1,8,vig_tiny,cifar10,0.1,8,_vig_blocks.7,0.728682
10,1,8,vig_tiny,cifar10,0.1,9,_vig_blocks.8,0.704694
10,1,8,vig_tiny,cifar10,0.1,10,_vig_blocks.9,0.652538
10,1,8,vig_tiny,cifar10,0.1,11,_vig_blocks.10,0.610690
10,1,8,vig_tiny,cifar10,0.1,12,_vig_blocks.11,0.546353
10,1,8,vig_tiny,cifar10,0.1,13,classifier,0.343561
10,1,9,vig_tiny,cifar10,0.1,0,_vig_stem,0.889792
10,1,9,vig_tiny,cifar10,0.1,1,_vig_blocks.0,0.839301
10,1,9,vig_tiny,cifar10,0.1,2,_vig_blocks.1,0.837883
10,1,9,vig_tiny,cifar10,0.1,3,_vig_blocks.2,0.829014
10,1,9,vig_tiny,cifar10,0.1,4,_vig_blocks.3,0.830399
10,1,9,vig_tiny,cifar10,0.1,5,_vig_blocks.4,0.814494
10,1,9,vig_tiny,cifar10,0.1,6,_vig_blocks.5,0.810233
10,1,9,vig_tiny,cifar10,0.1,7,_vig_blocks.6,0.805182
10,1,9,vig_tiny,cifar10,0.1,8,_vig_blocks.7,0.798550
10,1,9,vig_tiny,cifar10,0.1,9,_vig_blocks.8,0.787683
10,1,9,vig_tiny,cifar10,0.1,10,_vig_blocks.9,0.753440
10,1,9,vig_tiny,cifar10,0.1,11,_vig_blocks.10,0.731488
10,1,9,vig_tiny,cifar10,0.1,12,_vig_blocks.11,0.687527
10,1,9,vig_tiny,cifar10,0.1,13,classifier,0.660849
10,2,3,vig_tiny,cifar10,0.1,0,_vig_stem,0.903389
10,2,3,vig_tiny,cifar10,0.1,1,_vig_blocks.0,0.788650
10,2,3,vig_tiny,cifar10,0.1,2,_vig_blocks.1,0.807805
10,2,3,vig_tiny,cifar10,0.1,3,_vig_blocks.2,0.783228
10,2,3,vig_tiny,cifar10,0.1,4,_vig_blocks.3,0.772114
10,2,3,vig_tiny,cifar10,0.1,5,_vig_blocks.4,0.759956
10,2,3,vig_tiny,cifar10,0.1,6,_vig_blocks.5,0.749228
10,2,3,vig_tiny,cifar10,0.1,7,_vig_blocks.6,0.724822
10,2,3,vig_tiny,cifar10,0.1,8,_vig_blocks.7,0.715247
10,2,3,vig_tiny,cifar10,0.1,9,_vig_blocks.8,0.693410
10,2,3,vig_tiny,cifar10,0.1,10,_vig_blocks.9,0.658805
10,2,3,vig_tiny,cifar10,0.1,11,_vig_blocks.10,0.623056
10,2,3,vig_tiny,cifar10,0.1,12,_vig_blocks.11,0.589138
10,2,3,vig_tiny,cifar10,0.1,13,classifier,0.256118
10,2,4,vig_tiny,cifar10,0.1,0,_vig_stem,0.923760
10,2,4,vig_tiny,cifar10,0.1,1,_vig_blocks.0,0.848478
10,2,4,vig_tiny,cifar10,0.1,2,_vig_blocks.1,0.869238
10,2,4,vig_tiny,cifar10,0.1,3,_vig_blocks.2,0.845072
10,2,4,vig_tiny,cifar10,0.1,4,_vig_blocks.3,0.839164
10,2,4,vig_tiny,cifar10,0.1,5,_vig_blocks.4,0.826273
10,2,4,vig_tiny,cifar10,0.1,6,_vig_blocks.5,0.816002
10,2,4,vig_tiny,cifar10,0.1,7,_vig_blocks.6,0.788851
10,2,4,vig_tiny,cifar10,0.1,8,_vig_blocks.7,0.772991
10,2,4,vig_tiny,cifar10,0.1,9,_vig_blocks.8,0.756144
10,2,4,vig_tiny,cifar10,0.1,10,_vig_blocks.9,0.720184
10,2,4,vig_tiny,cifar10,0.1,11,_vig_blocks.10,0.685756
10,2,4,vig_tiny,cifar10,0.1,12,_vig_blocks.11,0.645815
10,2,4,vig_tiny,cifar10,0.1,13,classifier,0.276676
10,2,5,vig_tiny,cifar10,0.1,0,_vig_stem,0.901687
10,2,5,vig_tiny,cifar10,0.1,1,_vig_blocks.0,0.865326
10,2,5,vig_tiny,cifar10,0.1,2,_vig_blocks.1,0.852412
10,2,5,vig_tiny,cifar10,0.1,3,_vig_blocks.2,0.851853
10,2,5,vig_tiny,cifar10,0.1,4,_vig_blocks.3,0.856662
10,2,5,vig_tiny,cifar10,0.1,5,_vig_blocks.4,0.819109
10,2,5,vig_tiny,cifar10,0.1,6,_vig_blocks.5,0.798362
10,2,5,vig_tiny,cifar10,0.1,7,_vig_blocks.6,0.775955
10,2,5,vig_tiny,cifar10,0.1,8,_vig_blocks.7,0.779753
10,2,5,vig_tiny,cifar10,0.1,9,_vig_blocks.8,0.772006
10,2,5,vig_tiny,cifar10,0.1,10,_vig_blocks.9,0.765733
10,2,5,vig_tiny,cifar10,0.1,11,_vig_blocks.10,0.756973
10,2,5,vig_tiny,cifar10,0.1,12,_vig_blocks.11,0.731196
10,2,5,vig_tiny,cifar10,0.1,13,classifier,0.304164
10,2,6,vig_tiny,cifar10,0.1,0,_vig_stem,0.873150
10,2,6,vig_tiny,cifar10,0.1,1,_vig_blocks.0,0.837868
10,2,6,vig_tiny,cifar10,0.1,2,_vig_blocks.1,0.796638
10,2,6,vig_tiny,cifar10,0.1,3,_vig_blocks.2,0.814682
10,2,6,vig_tiny,cifar10,0.1,4,_vig_blocks.3,0.818275
10,2,6,vig_tiny,cifar10,0.1,5,_vig_blocks.4,0.785800
10,2,6,vig_tiny,cifar10,0.1,6,_vig_blocks.5,0.770966
10,2,6,vig_tiny,cifar10,0.1,7,_vig_blocks.6,0.742291
10,2,6,vig_tiny,cifar10,0.1,8,_vig_blocks.7,0.711749
10,2,6,vig_tiny,cifar10,0.1,9,_vig_blocks.8,0.701377
10,2,6,vig_tiny,cifar10,0.1,10,_vig_blocks.9,0.671873
10,2,6,vig_tiny,cifar10,0.1,11,_vig_blocks.10,0.650933
10,2,6,vig_tiny,cifar10,0.1,12,_vig_blocks.11,0.611104
10,2,6,vig_tiny,cifar10,0.1,13,classifier,0.118968
10,2,7,vig_tiny,cifar10,0.1,0,_vig_stem,0.916481
10,2,7,vig_tiny,cifar10,0.1,1,_vig_blocks.0,0.798210
10,2,7,vig_tiny,cifar10,0.1,2,_vig_blocks.1,0.808281
10,2,7,vig_tiny,cifar10,0.1,3,_vig_blocks.2,0.785581
10,2,7,vig_tiny,cifar10,0.1,4,_vig_blocks.3,0.769860
10,2,7,vig_tiny,cifar10,0.1,5,_vig_blocks.4,0.754298
10,2,7,vig_tiny,cifar10,0.1,6,_vig_blocks.5,0.741598
10,2,7,vig_tiny,cifar10,0.1,7,_vig_blocks.6,0.715601
10,2,7,vig_tiny,cifar10,0.1,8,_vig_blocks.7,0.694045
10,2,7,vig_tiny,cifar10,0.1,9,_vig_blocks.8,0.664500
10,2,7,vig_tiny,cifar10,0.1,10,_vig_blocks.9,0.602703
10,2,7,vig_tiny,cifar10,0.1,11,_vig_blocks.10,0.558241
10,2,7,vig_tiny,cifar10,0.1,12,_vig_blocks.11,0.520346
10,2,7,vig_tiny,cifar10,0.1,13,classifier,0.235428
10,2,8,vig_tiny,cifar10,0.1,0,_vig_stem,0.951729
10,2,8,vig_tiny,cifar10,0.1,1,_vig_blocks.0,0.860439
10,2,8,vig_tiny,cifar10,0.1,2,_vig_blocks.1,0.843872
10,2,8,vig_tiny,cifar10,0.1,3,_vig_blocks.2,0.834019
10,2,8,vig_tiny,cifar10,0.1,4,_vig_blocks.3,0.833909
10,2,8,vig_tiny,cifar10,0.1,5,_vig_blocks.4,0.826949
10,2,8,vig_tiny,cifar10,0.1,6,_vig_blocks.5,0.826962
10,2,8,vig_tiny,cifar10,0.1,7,_vig_blocks.6,0.813611
10,2,8,vig_tiny,cifar10,0.1,8,_vig_blocks.7,0.789168
10,2,8,vig_tiny,cifar10,0.1,9,_vig_blocks.8,0.780063
10,2,8,vig_tiny,cifar10,0.1,10,_vig_blocks.9,0.749161
10,2,8,vig_tiny,cifar10,0.1,11,_vig_blocks.10,0.726849
10,2,8,vig_tiny,cifar10,0.1,12,_vig_blocks.11,0.676952
10,2,8,vig_tiny,cifar10,0.1,13,classifier,0.264000
10,2,9,vig_tiny,cifar10,0.1,0,_vig_stem,0.771437
10,2,9,vig_tiny,cifar10,0.1,1,_vig_blocks.0,0.669366
10,2,9,vig_tiny,cifar10,0.1,2,_vig_blocks.1,0.704515
10,2,9,vig_tiny,cifar10,0.1,3,_vig_blocks.2,0.687786
10,2,9,vig_tiny,cifar10,0.1,4,_vig_blocks.3,0.691492
10,2,9,vig_tiny,cifar10,0.1,5,_vig_blocks.4,0.663108
10,2,9,vig_tiny,cifar10,0.1,6,_vig_blocks.5,0.654589
10,2,9,vig_tiny,cifar10,0.1,7,_vig_blocks.6,0.640556
10,2,9,vig_tiny,cifar10,0.1,8,_vig_blocks.7,0.621535
10,2,9,vig_tiny,cifar10,0.1,9,_vig_blocks.8,0.593890
10,2,9,vig_tiny,cifar10,0.1,10,_vig_blocks.9,0.547945
10,2,9,vig_tiny,cifar10,0.1,11,_vig_blocks.10,0.528048
10,2,9,vig_tiny,cifar10,0.1,12,_vig_blocks.11,0.491833
10,2,9,vig_tiny,cifar10,0.1,13,classifier,0.208779
10,3,4,vig_tiny,cifar10,0.1,0,_vig_stem,0.940393
10,3,4,vig_tiny,cifar10,0.1,1,_vig_blocks.0,0.859841
10,3,4,vig_tiny,cifar10,0.1,2,_vig_blocks.1,0.860001
10,3,4,vig_tiny,cifar10,0.1,3,_vig_blocks.2,0.858043
10,3,4,vig_tiny,cifar10,0.1,4,_vig_blocks.3,0.853732
10,3,4,vig_tiny,cifar10,0.1,5,_vig_blocks.4,0.862433
10,3,4,vig_tiny,cifar10,0.1,6,_vig_blocks.5,0.851111
10,3,4,vig_tiny,cifar10,0.1,7,_vig_blocks.6,0.826207
10,3,4,vig_tiny,cifar10,0.1,8,_vig_blocks.7,0.804588
10,3,4,vig_tiny,cifar10,0.1,9,_vig_blocks.8,0.799172
10,3,4,vig_tiny,cifar10,0.1,10,_vig_blocks.9,0.758094
10,3,4,vig_tiny,cifar10,0.1,11,_vig_blocks.10,0.725438
10,3,4,vig_tiny,cifar10,0.1,12,_vig_blocks.11,0.667141
10,3,4,vig_tiny,cifar10,0.1,13,classifier,0.560389
10,3,5,vig_tiny,cifar10,0.1,0,_vig_stem,0.874026
10,3,5,vig_tiny,cifar10,0.1,1,_vig_blocks.0,0.788978
10,3,5,vig_tiny,cifar10,0.1,2,_vig_blocks.1,0.762893
10,3,5,vig_tiny,cifar10,0.1,3,_vig_blocks.2,0.745021
10,3,5,vig_tiny,cifar10,0.1,4,_vig_blocks.3,0.764338
10,3,5,vig_tiny,cifar10,0.1,5,_vig_blocks.4,0.752176
10,3,5,vig_tiny,cifar10,0.1,6,_vig_blocks.5,0.713733
10,3,5,vig_tiny,cifar10,0.1,7,_vig_blocks.6,0.695048
10,3,5,vig_tiny,cifar10,0.1,8,_vig_blocks.7,0.688008
10,3,5,vig_tiny,cifar10,0.1,9,_vig_blocks.8,0.661861
10,3,5,vig_tiny,cifar10,0.1,10,_vig_blocks.9,0.619928
10,3,5,vig_tiny,cifar10,0.1,11,_vig_blocks.10,0.590709
10,3,5,vig_tiny,cifar10,0.1,12,_vig_blocks.11,0.562621
10,3,5,vig_tiny,cifar10,0.1,13,classifier,0.239180
10,3,6,vig_tiny,cifar10,0.1,0,_vig_stem,0.814437
10,3,6,vig_tiny,cifar10,0.1,1,_vig_blocks.0,0.741520
10,3,6,vig_tiny,cifar10,0.1,2,_vig_blocks.1,0.712651
10,3,6,vig_tiny,cifar10,0.1,3,_vig_blocks.2,0.733561
10,3,6,vig_tiny,cifar10,0.1,4,_vig_blocks.3,0.774967
10,3,6,vig_tiny,cifar10,0.1,5,_vig_blocks.4,0.779135
10,3,6,vig_tiny,cifar10,0.1,6,_vig_blocks.5,0.754089
10,3,6,vig_tiny,cifar10,0.1,7,_vig_blocks.6,0.743462
10,3,6,vig_tiny,cifar10,0.1,8,_vig_blocks.7,0.736477
10,3,6,vig_tiny,cifar10,0.1,9,_vig_blocks.8,0.726233
10,3,6,vig_tiny,cifar10,0.1,10,_vig_blocks.9,0.699856
10,3,6,vig_tiny,cifar10,0.1,11,_vig_blocks.10,0.694960
10,3,6,vig_tiny,cifar10,0.1,12,_vig_blocks.11,0.683691
10,3,6,vig_tiny,cifar10,0.1,13,classifier,0.633614
10,3,7,vig_tiny,cifar10,0.1,0,_vig_stem,0.989919
10,3,7,vig_tiny,cifar10,0.1,1,_vig_blocks.0,0.978133
10,3,7,vig_tiny,cifar10,0.1,2,_vig_blocks.1,0.963998
10,3,7,vig_tiny,cifar10,0.1,3,_vig_blocks.2,0.965479
10,3,7,vig_tiny,cifar10,0.1,4,_vig_blocks.3,0.954933
10,3,7,vig_tiny,cifar10,0.1,5,_vig_blocks.4,0.954819
10,3,7,vig_tiny,cifar10,0.1,6,_vig_blocks.5,0.944376
10,3,7,vig_tiny,cifar10,0.1,7,_vig_blocks.6,0.934314
10,3,7,vig_tiny,cifar10,0.1,8,_vig_blocks.7,0.923533
10,3,7,vig_tiny,cifar10,0.1,9,_vig_blocks.8,0.914128
10,3,7,vig_tiny,cifar10,0.1,10,_vig_blocks.9,0.888484
10,3,7,vig_tiny,cifar10,0.1,11,_vig_blocks.10,0.864815
10,3,7,vig_tiny,cifar10,0.1,12,_vig_blocks.11,0.821596
10,3,7,vig_tiny,cifar10,0.1,13,classifier,0.805205
10,3,8,vig_tiny,cifar10,0.1,0,_vig_stem,0.913872
10,3,8,vig_tiny,cifar10,0.1,1,_vig_blocks.0,0.835156
10,3,8,vig_tiny,cifar10,0.1,2,_vig_blocks.1,0.814395
10,3,8,vig_tiny,cifar10,0.1,3,_vig_blocks.2,0.799740
10,3,8,vig_tiny,cifar10,0.1,4,_vig_blocks.3,0.813492
10,3,8,vig_tiny,cifar10,0.1,5,_vig_blocks.4,0.807222
10,3,8,vig_tiny,cifar10,0.1,6,_vig_blocks.5,0.791579
10,3,8,vig_tiny,cifar10,0.1,7,_vig_blocks.6,0.780772
10,3,8,vig_tiny,cifar10,0.1,8,_vig_blocks.7,0.778255
10,3,8,vig_tiny,cifar10,0.1,9,_vig_blocks.8,0.758274
10,3,8,vig_tiny,cifar10,0.1,10,_vig_blocks.9,0.730286
10,3,8,vig_tiny,cifar10,0.1,11,_vig_blocks.10,0.701099
10,3,8,vig_tiny,cifar10,0.1,12,_vig_blocks.11,0.661552
10,3,8,vig_tiny,cifar10,0.1,13,classifier,0.488240
10,3,9,vig_tiny,cifar10,0.1,0,_vig_stem,0.913303
10,3,9,vig_tiny,cifar10,0.1,1,_vig_blocks.0,0.863181
10,3,9,vig_tiny,cifar10,0.1,2,_vig_blocks.1,0.829461
10,3,9,vig_tiny,cifar10,0.1,3,_vig_blocks.2,0.834010
10,3,9,vig_tiny,cifar10,0.1,4,_vig_blocks.3,0.839283
10,3,9,vig_tiny,cifar10,0.1,5,_vig_blocks.4,0.826289
10,3,9,vig_tiny,cifar10,0.1,6,_vig_blocks.5,0.827089
10,3,9,vig_tiny,cifar10,0.1,7,_vig_blocks.6,0.820841
10,3,9,vig_tiny,cifar10,0.1,8,_vig_blocks.7,0.820070
10,3,9,vig_tiny,cifar10,0.1,9,_vig_blocks.8,0.832208
10,3,9,vig_tiny,cifar10,0.1,10,_vig_blocks.9,0.811883
10,3,9,vig_tiny,cifar10,0.1,11,_vig_blocks.10,0.806015
10,3,9,vig_tiny,cifar10,0.1,12,_vig_blocks.11,0.763371
10,3,9,vig_tiny,cifar10,0.1,13,classifier,0.807815
10,4,5,vig_tiny,cifar10,0.1,0,_vig_stem,0.861967
10,4,5,vig_tiny,cifar10,0.1,1,_vig_blocks.0,0.810673
10,4,5,vig_tiny,cifar10,0.1,2,_vig_blocks.1,0.812480
10,4,5,vig_tiny,cifar10,0.1,3,_vig_blocks.2,0.806253
10,4,5,vig_tiny,cifar10,0.1,4,_vig_blocks.3,0.810954
10,4,5,vig_tiny,cifar10,0.1,5,_vig_blocks.4,0.793695
10,4,5,vig_tiny,cifar10,0.1,6,_vig_blocks.5,0.744533
10,4,5,vig_tiny,cifar10,0.1,7,_vig_blocks.6,0.718115
10,4,5,vig_tiny,cifar10,0.1,8,_vig_blocks.7,0.704656
10,4,5,vig_tiny,cifar10,0.1,9,_vig_blocks.8,0.668270
10,4,5,vig_tiny,cifar10,0.1,10,_vig_blocks.9,0.634982
10,4,5,vig_tiny,cifar10,0.1,11,_vig_blocks.10,0.604578
10,4,5,vig_tiny,cifar10,0.1,12,_vig_blocks.11,0.571037
10,4,5,vig_tiny,cifar10,0.1,13,classifier,0.254353
10,4,6,vig_tiny,cifar10,0.1,0,_vig_stem,0.809952
10,4,6,vig_tiny,cifar10,0.1,1,_vig_blocks.0,0.724389
10,4,6,vig_tiny,cifar10,0.1,2,_vig_blocks.1,0.723540
10,4,6,vig_tiny,cifar10,0.1,3,_vig_blocks.2,0.734204
10,4,6,vig_tiny,cifar10,0.1,4,_vig_blocks.3,0.752356
10,4,6,vig_tiny,cifar10,0.1,5,_vig_blocks.4,0.751044
10,4,6,vig_tiny,cifar10,0.1,6,_vig_blocks.5,0.729680
10,4,6,vig_tiny,cifar10,0.1,7,_vig_blocks.6,0.704316
10,4,6,vig_tiny,cifar10,0.1,8,_vig_blocks.7,0.694235
10,4,6,vig_tiny,cifar10,0.1,9,_vig_blocks.8,0.677078
10,4,6,vig_tiny,cifar10,0.1,10,_vig_blocks.9,0.643493
10,4,6,vig_tiny,cifar10,0.1,11,_vig_blocks.10,0.624157
10,4,6,vig_tiny,cifar10,0.1,12,_vig_blocks.11,0.595533
10,4,6,vig_tiny,cifar10,0.1,13,classifier,0.519320
10,4,7,vig_tiny,cifar10,0.1,0,_vig_stem,0.949826
10,4,7,vig_tiny,cifar10,0.1,1,_vig_blocks.0,0.880782
10,4,7,vig_tiny,cifar10,0.1,2,_vig_blocks.1,0.878333
10,4,7,vig_tiny,cifar10,0.1,3,_vig_blocks.2,0.878764
10,4,7,vig_tiny,cifar10,0.1,4,_vig_blocks.3,0.878587
10,4,7,vig_tiny,cifar10,0.1,5,_vig_blocks.4,0.882865
10,4,7,vig_tiny,cifar10,0.1,6,_vig_blocks.5,0.874770
10,4,7,vig_tiny,cifar10,0.1,7,_vig_blocks.6,0.853462
10,4,7,vig_tiny,cifar10,0.1,8,_vig_blocks.7,0.834451
10,4,7,vig_tiny,cifar10,0.1,9,_vig_blocks.8,0.826268
10,4,7,vig_tiny,cifar10,0.1,10,_vig_blocks.9,0.781459
10,4,7,vig_tiny,cifar10,0.1,11,_vig_blocks.10,0.749844
10,4,7,vig_tiny,cifar10,0.1,12,_vig_blocks.11,0.729025
10,4,7,vig_tiny,cifar10,0.1,13,classifier,0.567207
10,4,8,vig_tiny,cifar10,0.1,0,_vig_stem,0.935937
10,4,8,vig_tiny,cifar10,0.1,1,_vig_blocks.0,0.880074
10,4,8,vig_tiny,cifar10,0.1,2,_vig_blocks.1,0.856632
10,4,8,vig_tiny,cifar10,0.1,3,_vig_blocks.2,0.838226
10,4,8,vig_tiny,cifar10,0.1,4,_vig_blocks.3,0.853953
10,4,8,vig_tiny,cifar10,0.1,5,_vig_blocks.4,0.857714
10,4,8,vig_tiny,cifar10,0.1,6,_vig_blocks.5,0.844116
10,4,8,vig_tiny,cifar10,0.1,7,_vig_blocks.6,0.829690
10,4,8,vig_tiny,cifar10,0.1,8,_vig_blocks.7,0.824652
10,4,8,vig_tiny,cifar10,0.1,9,_vig_blocks.8,0.807623
10,4,8,vig_tiny,cifar10,0.1,10,_vig_blocks.9,0.776994
10,4,8,vig_tiny,cifar10,0.1,11,_vig_blocks.10,0.727255
10,4,8,vig_tiny,cifar10,0.1,12,_vig_blocks.11,0.665035
10,4,8,vig_tiny,cifar10,0.1,13,classifier,0.402409
10,4,9,vig_tiny,cifar10,0.1,0,_vig_stem,0.826919
10,4,9,vig_tiny,cifar10,0.1,1,_vig_blocks.0,0.791321
10,4,9,vig_tiny,cifar10,0.1,2,_vig_blocks.1,0.798333
10,4,9,vig_tiny,cifar10,0.1,3,_vig_blocks.2,0.801233
10,4,9,vig_tiny,cifar10,0.1,4,_vig_blocks.3,0.814432
10,4,9,vig_tiny,cifar10,0.1,5,_vig_blocks.4,0.802108
10,4,9,vig_tiny,cifar10,0.1,6,_vig_blocks.5,0.796167
10,4,9,vig_tiny,cifar10,0.1,7,_vig_blocks.6,0.784800
10,4,9,vig_tiny,cifar10,0.1,8,_vig_blocks.7,0.765207
10,4,9,vig_tiny,cifar10,0.1,9,_vig_blocks.8,0.748478
10,4,9,vig_tiny,cifar10,0.1,10,_vig_blocks.9,0.708079
10,4,9,vig_tiny,cifar10,0.1,11,_vig_blocks.10,0.683354
10,4,9,vig_tiny,cifar10,0.1,12,_vig_blocks.11,0.646348
10,4,9,vig_tiny,cifar10,0.1,13,classifier,0.489021
10,5,6,vig_tiny,cifar10,0.1,0,_vig_stem,0.868264
10,5,6,vig_tiny,cifar10,0.1,1,_vig_blocks.0,0.827445
10,5,6,vig_tiny,cifar10,0.1,2,_vig_blocks.1,0.822418
10,5,6,vig_tiny,cifar10,0.1,3,_vig_blocks.2,0.826440
10,5,6,vig_tiny,cifar10,0.1,4,_vig_blocks.3,0.825750
10,5,6,vig_tiny,cifar10,0.1,5,_vig_blocks.4,0.805591
10,5,6,vig_tiny,cifar10,0.1,6,_vig_blocks.5,0.800654
10,5,6,vig_tiny,cifar10,0.1,7,_vig_blocks.6,0.785643
10,5,6,vig_tiny,cifar10,0.1,8,_vig_blocks.7,0.751029
10,5,6,vig_tiny,cifar10,0.1,9,_vig_blocks.8,0.742672
10,5,6,vig_tiny,cifar10,0.1,10,_vig_blocks.9,0.709012
10,5,6,vig_tiny,cifar10,0.1,11,_vig_blocks.10,0.670410
10,5,6,vig_tiny,cifar10,0.1,12,_vig_blocks.11,0.625002
10,5,6,vig_tiny,cifar10,0.1,13,classifier,0.167481
10,5,7,vig_tiny,cifar10,0.1,0,_vig_stem,0.865454
10,5,7,vig_tiny,cifar10,0.1,1,_vig_blocks.0,0.799819
10,5,7,vig_tiny,cifar10,0.1,2,_vig_blocks.1,0.775525
10,5,7,vig_tiny,cifar10,0.1,3,_vig_blocks.2,0.755654
10,5,7,vig_tiny,cifar10,0.1,4,_vig_blocks.3,0.776973
10,5,7,vig_tiny,cifar10,0.1,5,_vig_blocks.4,0.755722
10,5,7,vig_tiny,cifar10,0.1,6,_vig_blocks.5,0.711652
10,5,7,vig_tiny,cifar10,0.1,7,_vig_blocks.6,0.685512
10,5,7,vig_tiny,cifar10,0.1,8,_vig_blocks.7,0.684036
10,5,7,vig_tiny,cifar10,0.1,9,_vig_blocks.8,0.653292
10,5,7,vig_tiny,cifar10,0.1,10,_vig_blocks.9,0.622430
10,5,7,vig_tiny,cifar10,0.1,11,_vig_blocks.10,0.601011
10,5,7,vig_tiny,cifar10,0.1,12,_vig_blocks.11,0.587876
10,5,7,vig_tiny,cifar10,0.1,13,classifier,0.393145
10,5,8,vig_tiny,cifar10,0.1,0,_vig_stem,0.877605
10,5,8,vig_tiny,cifar10,0.1,1,_vig_blocks.0,0.821126
10,5,8,vig_tiny,cifar10,0.1,2,_vig_blocks.1,0.825747
10,5,8,vig_tiny,cifar10,0.1,3,_vig_blocks.2,0.820388
10,5,8,vig_tiny,cifar10,0.1,4,_vig_blocks.3,0.827565
10,5,8,vig_tiny,cifar10,0.1,5,_vig_blocks.4,0.820551
10,5,8,vig_tiny,cifar10,0.1,6,_vig_blocks.5,0.808612
10,5,8,vig_tiny,cifar10,0.1,7,_vig_blocks.6,0.798670
10,5,8,vig_tiny,cifar10,0.1,8,_vig_blocks.7,0.783843
10,5,8,vig_tiny,cifar10,0.1,9,_vig_blocks.8,0.776859
10,5,8,vig_tiny,cifar10,0.1,10,_vig_blocks.9,0.742408
10,5,8,vig_tiny,cifar10,0.1,11,_vig_blocks.10,0.725955
10,5,8,vig_tiny,cifar10,0.1,12,_vig_blocks.11,0.700965
10,5,8,vig_tiny,cifar10,0.1,13,classifier,0.320248
10,5,9,vig_tiny,cifar10,0.1,0,_vig_stem,0.778746
10,5,9,vig_tiny,cifar10,0.1,1,_vig_blocks.0,0.696305
10,5,9,vig_tiny,cifar10,0.1,2,_vig_blocks.1,0.680779
10,5,9,vig_tiny,cifar10,0.1,3,_vig_blocks.2,0.681435
10,5,9,vig_tiny,cifar10,0.1,4,_vig_blocks.3,0.700929
10,5,9,vig_tiny,cifar10,0.1,5,_vig_blocks.4,0.686488
10,5,9,vig_tiny,cifar10,0.1,6,_vig_blocks.5,0.658484
10,5,9,vig_tiny,cifar10,0.1,7,_vig_blocks.6,0.641085
10,5,9,vig_tiny,cifar10,0.1,8,_vig_blocks.7,0.630060
10,5,9,vig_tiny,cifar10,0.1,9,_vig_blocks.8,0.597386
10,5,9,vig_tiny,cifar10,0.1,10,_vig_blocks.9,0.548317
10,5,9,vig_tiny,cifar10,0.1,11,_vig_blocks.10,0.525316
10,5,9,vig_tiny,cifar10,0.1,12,_vig_blocks.11,0.497695
10,5,9,vig_tiny,cifar10,0.1,13,classifier,0.255496
10,6,7,vig_tiny,cifar10,0.1,0,_vig_stem,0.787191
10,6,7,vig_tiny,cifar10,0.1,1,_vig_blocks.0,0.740725
10,6,7,vig_tiny,cifar10,0.1,2,_vig_blocks.1,0.711997
10,6,7,vig_tiny,cifar10,0.1,3,_vig_blocks.2,0.728568
10,6,7,vig_tiny,cifar10,0.1,4,_vig_blocks.3,0.765634
10,6,7,vig_tiny,cifar10,0.1,5,_vig_blocks.4,0.761816
10,6,7,vig_tiny,cifar10,0.1,6,_vig_blocks.5,0.728103
10,6,7,vig_tiny,cifar10,0.1,7,_vig_blocks.6,0.708208
10,6,7,vig_tiny,cifar10,0.1,8,_vig_blocks.7,0.693766
10,6,7,vig_tiny,cifar10,0.1,9,_vig_blocks.8,0.679939
10,6,7,vig_tiny,cifar10,0.1,10,_vig_blocks.9,0.650447
10,6,7,vig_tiny,cifar10,0.1,11,_vig_blocks.10,0.623455
10,6,7,vig_tiny,cifar10,0.1,12,_vig_blocks.11,0.599386
10,6,7,vig_tiny,cifar10,0.1,13,classifier,0.518131
10,6,8,vig_tiny,cifar10,0.1,0,_vig_stem,0.867789
10,6,8,vig_tiny,cifar10,0.1,1,_vig_blocks.0,0.796667
10,6,8,vig_tiny,cifar10,0.1,2,_vig_blocks.1,0.802145
10,6,8,vig_tiny,cifar10,0.1,3,_vig_blocks.2,0.799470
10,6,8,vig_tiny,cifar10,0.1,4,_vig_blocks.3,0.791938
10,6,8,vig_tiny,cifar10,0.1,5,_vig_blocks.4,0.796104
10,6,8,vig_tiny,cifar10,0.1,6,_vig_blocks.5,0.791143
10,6,8,vig_tiny,cifar10,0.1,7,_vig_blocks.6,0.778231
10,6,8,vig_tiny,cifar10,0.1,8,_vig_blocks.7,0.756785
10,6,8,vig_tiny,cifar10,0.1,9,_vig_blocks.8,0.743811
10,6,8,vig_tiny,cifar10,0.1,10,_vig_blocks.9,0.699960
10,6,8,vig_tiny,cifar10,0.1,11,_vig_blocks.10,0.677853
10,6,8,vig_tiny,cifar10,0.1,12,_vig_blocks.11,0.633917
10,6,8,vig_tiny,cifar10,0.1,13,classifier,0.358096
10,6,9,vig_tiny,cifar10,0.1,0,_vig_stem,0.767496
10,6,9,vig_tiny,cifar10,0.1,1,_vig_blocks.0,0.673983
10,6,9,vig_tiny,cifar10,0.1,2,_vig_blocks.1,0.650007
10,6,9,vig_tiny,cifar10,0.1,3,_vig_blocks.2,0.670266
10,6,9,vig_tiny,cifar10,0.1,4,_vig_blocks.3,0.695234
10,6,9,vig_tiny,cifar10,0.1,5,_vig_blocks.4,0.701096
10,6,9,vig_tiny,cifar10,0.1,6,_vig_blocks.5,0.694039
10,6,9,vig_tiny,cifar10,0.1,7,_vig_blocks.6,0.691406
10,6,9,vig_tiny,cifar10,0.1,8,_vig_blocks.7,0.693068
10,6,9,vig_tiny,cifar10,0.1,9,_vig_blocks.8,0.673647
10,6,9,vig_tiny,cifar10,0.1,10,_vig_blocks.9,0.630666
10,6,9,vig_tiny,cifar10,0.1,11,_vig_blocks.10,0.608800
10,6,9,vig_tiny,cifar10,0.1,12,_vig_blocks.11,0.592843
10,6,9,vig_tiny,cifar10,0.1,13,classifier,0.501505
10,7,8,vig_tiny,cifar10,0.1,0,_vig_stem,0.916526
10,7,8,vig_tiny,cifar10,0.1,1,_vig_blocks.0,0.847201
10,7,8,vig_tiny,cifar10,0.1,2,_vig_blocks.1,0.819915
10,7,8,vig_tiny,cifar10,0.1,3,_vig_blocks.2,0.809068
10,7,8,vig_tiny,cifar10,0.1,4,_vig_blocks.3,0.821000
10,7,8,vig_tiny,cifar10,0.1,5,_vig_blocks.4,0.814119
10,7,8,vig_tiny,cifar10,0.1,6,_vig_blocks.5,0.795184
10,7,8,vig_tiny,cifar10,0.1,7,_vig_blocks.6,0.774612
10,7,8,vig_tiny,cifar10,0.1,8,_vig_blocks.7,0.762923
10,7,8,vig_tiny,cifar10,0.1,9,_vig_blocks.8,0.736924
10,7,8,vig_tiny,cifar10,0.1,10,_vig_blocks.9,0.702904
10,7,8,vig_tiny,cifar10,0.1,11,_vig_blocks.10,0.651414
10,7,8,vig_tiny,cifar10,0.1,12,_vig_blocks.11,0.609720
10,7,8,vig_tiny,cifar10,0.1,13,classifier,0.390447
10,7,9,vig_tiny,cifar10,0.1,0,_vig_stem,0.896756
10,7,9,vig_tiny,cifar10,0.1,1,_vig_blocks.0,0.867146
10,7,9,vig_tiny,cifar10,0.1,2,_vig_blocks.1,0.827248
10,7,9,vig_tiny,cifar10,0.1,3,_vig_blocks.2,0.837339
10,7,9,vig_tiny,cifar10,0.1,4,_vig_blocks.3,0.832556
10,7,9,vig_tiny,cifar10,0.1,5,_vig_blocks.4,0.815858
10,7,9,vig_tiny,cifar10,0.1,6,_vig_blocks.5,0.813558
10,7,9,vig_tiny,cifar10,0.1,7,_vig_blocks.6,0.803986
10,7,9,vig_tiny,cifar10,0.1,8,_vig_blocks.7,0.796443
10,7,9,vig_tiny,cifar10,0.1,9,_vig_blocks.8,0.801083
10,7,9,vig_tiny,cifar10,0.1,10,_vig_blocks.9,0.778158
10,7,9,vig_tiny,cifar10,0.1,11,_vig_blocks.10,0.767762
10,7,9,vig_tiny,cifar10,0.1,12,_vig_blocks.11,0.739071
10,7,9,vig_tiny,cifar10,0.1,13,classifier,0.729492
10,8,9,vig_tiny,cifar10,0.1,0,_vig_stem,0.813735
10,8,9,vig_tiny,cifar10,0.1,1,_vig_blocks.0,0.756006
10,8,9,vig_tiny,cifar10,0.1,2,_vig_blocks.1,0.733185
10,8,9,vig_tiny,cifar10,0.1,3,_vig_blocks.2,0.725450
10,8,9,vig_tiny,cifar10,0.1,4,_vig_blocks.3,0.753027
10,8,9,vig_tiny,cifar10,0.1,5,_vig_blocks.4,0.744742
10,8,9,vig_tiny,cifar10,0.1,6,_vig_blocks.5,0.743348
10,8,9,vig_tiny,cifar10,0.1,7,_vig_blocks.6,0.732165
10,8,9,vig_tiny,cifar10,0.1,8,_vig_blocks.7,0.723303
10,8,9,vig_tiny,cifar10,0.1,9,_vig_blocks.8,0.694012
10,8,9,vig_tiny,cifar10,0.1,10,_vig_blocks.9,0.656659
10,8,9,vig_tiny,cifar10,0.1,11,_vig_blocks.10,0.623724
10,8,9,vig_tiny,cifar10,0.1,12,_vig_blocks.11,0.575130
10,8,9,vig_tiny,cifar10,0.1,13,classifier,0.427315
20,0,1,vig_tiny,cifar10,0.1,0,_vig_stem,0.783581
20,0,1,vig_tiny,cifar10,0.1,1,_vig_blocks.0,0.640477
20,0,1,vig_tiny,cifar10,0.1,2,_vig_blocks.1,0.584935
20,0,1,vig_tiny,cifar10,0.1,3,_vig_blocks.2,0.594994
20,0,1,vig_tiny,cifar10,0.1,4,_vig_blocks.3,0.614866
20,0,1,vig_tiny,cifar10,0.1,5,_vig_blocks.4,0.614222
20,0,1,vig_tiny,cifar10,0.1,6,_vig_blocks.5,0.594477
20,0,1,vig_tiny,cifar10,0.1,7,_vig_blocks.6,0.580445
20,0,1,vig_tiny,cifar10,0.1,8,_vig_blocks.7,0.611544
20,0,1,vig_tiny,cifar10,0.1,9,_vig_blocks.8,0.578579
20,0,1,vig_tiny,cifar10,0.1,10,_vig_blocks.9,0.541266
20,0,1,vig_tiny,cifar10,0.1,11,_vig_blocks.10,0.523561
20,0,1,vig_tiny,cifar10,0.1,12,_vig_blocks.11,0.447132
20,0,1,vig_tiny,cifar10,0.1,13,classifier,0.283126
20,0,2,vig_tiny,cifar10,0.1,0,_vig_stem,0.699747
20,0,2,vig_tiny,cifar10,0.1,1,_vig_blocks.0,0.579558
20,0,2,vig_tiny,cifar10,0.1,2,_vig_blocks.1,0.575281
20,0,2,vig_tiny,cifar10,0.1,3,_vig_blocks.2,0.566986
20,0,2,vig_tiny,cifar10,0.1,4,_vig_blocks.3,0.577523
20,0,2,vig_tiny,cifar10,0.1,5,_vig_blocks.4,0.580009
20,0,2,vig_tiny,cifar10,0.1,6,_vig_blocks.5,0.579710
20,0,2,vig_tiny,cifar10,0.1,7,_vig_blocks.6,0.565562
20,0,2,vig_tiny,cifar10,0.1,8,_vig_blocks.7,0.578535
20,0,2,vig_tiny,cifar10,0.1,9,_vig_blocks.8,0.559678
20,0,2,vig_tiny,cifar10,0.1,10,_vig_blocks.9,0.514987
20,0,2,vig_tiny,cifar10,0.1,11,_vig_blocks.10,0.484751
20,0,2,vig_tiny,cifar10,0.1,12,_vig_blocks.11,0.430897
20,0,2,vig_tiny,cifar10,0.1,13,classifier,0.204333
20,0,3,vig_tiny,cifar10,0.1,0,_vig_stem,0.840533
20,0,3,vig_tiny,cifar10,0.1,1,_vig_blocks.0,0.708930
20,0,3,vig_tiny,cifar10,0.1,2,_vig_blocks.1,0.656315
20,0,3,vig_tiny,cifar10,0.1,3,_vig_blocks.2,0.642349
20,0,3,vig_tiny,cifar10,0.1,4,_vig_blocks.3,0.649708
20,0,3,vig_tiny,cifar10,0.1,5,_vig_blocks.4,0.652465
20,0,3,vig_tiny,cifar10,0.1,6,_vig_blocks.5,0.649317
20,0,3,vig_tiny,cifar10,0.1,7,_vig_blocks.6,0.632440
20,0,3,vig_tiny,cifar10,0.1,8,_vig_blocks.7,0.655768
20,0,3,vig_tiny,cifar10,0.1,9,_vig_blocks.8,0.636534
20,0,3,vig_tiny,cifar10,0.1,10,_vig_blocks.9,0.607963
20,0,3,vig_tiny,cifar10,0.1,11,_vig_blocks.10,0.591158
20,0,3,vig_tiny,cifar10,0.1,12,_vig_blocks.11,0.534293
20,0,3,vig_tiny,cifar10,0.1,13,classifier,0.517598
20,0,4,vig_tiny,cifar10,0.1,0,_vig_stem,0.755296
20,0,4,vig_tiny,cifar10,0.1,1,_vig_blocks.0,0.618086
20,0,4,vig_tiny,cifar10,0.1,2,_vig_blocks.1,0.597787
20,0,4,vig_tiny,cifar10,0.1,3,_vig_blocks.2,0.573534
20,0,4,vig_tiny,cifar10,0.1,4,_vig_blocks.3,0.578907
20,0,4,vig_tiny,cifar10,0.1,5,_vig_blocks.4,0.587950
20,0,4,vig_tiny,cifar10,0.1,6,_vig_blocks.5,0.588354
20,0,4,vig_tiny,cifar10,0.1,7,_vig_blocks.6,0.580086
20,0,4,vig_tiny,cifar10,0.1,8,_vig_blocks.7,0.599648
20,0,4,vig_tiny,cifar10,0.1,9,_vig_blocks.8,0.573866
20,0,4,vig_tiny,cifar10,0.1,10,_vig_blocks.9,0.535970
20,0,4,vig_tiny,cifar10,0.1,11,_vig_blocks.10,0.528352
20,0,4,vig_tiny,cifar10,0.1,12,_vig_blocks.11,0.495931
20,0,4,vig_tiny,cifar10,0.1,13,classifier,0.301958
20,0,5,vig_tiny,cifar10,0.1,0,_vig_stem,0.699739
20,0,5,vig_tiny,cifar10,0.1,1,_vig_blocks.0,0.601774
20,0,5,vig_tiny,cifar10,0.1,2,_vig_blocks.1,0.583858
20,0,5,vig_tiny,cifar10,0.1,3,_vig_blocks.2,0.566815
20,0,5,vig_tiny,cifar10,0.1,4,_vig_blocks.3,0.584600
20,0,5,vig_tiny,cifar10,0.1,5,_vig_blocks.4,0.570417
20,0,5,vig_tiny,cifar10,0.1,6,_vig_blocks.5,0.559009
20,0,5,vig_tiny,cifar10,0.1,7,_vig_blocks.6,0.535965
20,0,5,vig_tiny,cifar10,0.1,8,_vig_blocks.7,0.548670
20,0,5,vig_tiny,cifar10,0.1,9,_vig_blocks.8,0.530582
20,0,5,vig_tiny,cifar10,0.1,10,_vig_blocks.9,0.485605
20,0,5,vig_tiny,cifar10,0.1,11,_vig_blocks.10,0.453105
20,0,5,vig_tiny,cifar10,0.1,12,_vig_blocks.11,0.416146
20,0,5,vig_tiny,cifar10,0.1,13,classifier,0.166650
20,0,6,vig_tiny,cifar10,0.1,0,_vig_stem,0.690779
20,0,6,vig_tiny,cifar10,0.1,1,_vig_blocks.0,0.549800
20,0,6,vig_tiny,cifar10,0.1,2,_vig_blocks.1,0.518937
20,0,6,vig_tiny,cifar10,0.1,3,_vig_blocks.2,0.511777
20,0,6,vig_tiny,cifar10,0.1,4,_vig_blocks.3,0.524984
20,0,6,vig_tiny,cifar10,0.1,5,_vig_blocks.4,0.524692
20,0,6,vig_tiny,cifar10,0.1,6,_vig_blocks.5,0.497225
20,0,6,vig_tiny,cifar10,0.1,7,_vig_blocks.6,0.486144
20,0,6,vig_tiny,cifar10,0.1,8,_vig_blocks.7,0.509995
20,0,6,vig_tiny,cifar10,0.1,9,_vig_blocks.8,0.497783
20,0,6,vig_tiny,cifar10,0.1,10,_vig_blocks.9,0.465069
20,0,6,vig_tiny,cifar10,0.1,11,_vig_blocks.10,0.446049
20,0,6,vig_tiny,cifar10,0.1,12,_vig_blocks.11,0.422967
20,0,6,vig_tiny,cifar10,0.1,13,classifier,0.356230
20,0,7,vig_tiny,cifar10,0.1,0,_vig_stem,0.820317
20,0,7,vig_tiny,cifar10,0.1,1,_vig_blocks.0,0.694026
20,0,7,vig_tiny,cifar10,0.1,2,_vig_blocks.1,0.649785
20,0,7,vig_tiny,cifar10,0.1,3,_vig_blocks.2,0.635029
20,0,7,vig_tiny,cifar10,0.1,4,_vig_blocks.3,0.642843
20,0,7,vig_tiny,cifar10,0.1,5,_vig_blocks.4,0.637418
20,0,7,vig_tiny,cifar10,0.1,6,_vig_blocks.5,0.629929
20,0,7,vig_tiny,cifar10,0.1,7,_vig_blocks.6,0.609707
20,0,7,vig_tiny,cifar10,0.1,8,_vig_blocks.7,0.632497
20,0,7,vig_tiny,cifar10,0.1,9,_vig_blocks.8,0.605209
20,0,7,vig_tiny,cifar10,0.1,10,_vig_blocks.9,0.573939
20,0,7,vig_tiny,cifar10,0.1,11,_vig_blocks.10,0.559870
20,0,7,vig_tiny,cifar10,0.1,12,_vig_blocks.11,0.494652
20,0,7,vig_tiny,cifar10,0.1,13,classifier,0.410506
20,0,8,vig_tiny,cifar10,0.1,0,_vig_stem,0.663836
20,0,8,vig_tiny,cifar10,0.1,1,_vig_blocks.0,0.500993
20,0,8,vig_tiny,cifar10,0.1,2,_vig_blocks.1,0.468039
20,0,8,vig_tiny,cifar10,0.1,3,_vig_blocks.2,0.464710
20,0,8,vig_tiny,cifar10,0.1,4,_vig_blocks.3,0.463036
20,0,8,vig_tiny,cifar10,0.1,5,_vig_blocks.4,0.463100
20,0,8,vig_tiny,cifar10,0.1,6,_vig_blocks.5,0.468286
20,0,8,vig_tiny,cifar10,0.1,7,_vig_blocks.6,0.460649
20,0,8,vig_tiny,cifar10,0.1,8,_vig_blocks.7,0.489479
20,0,8,vig_tiny,cifar10,0.1,9,_vig_blocks.8,0.476404
20,0,8,vig_tiny,cifar10,0.1,10,_vig_blocks.9,0.450471
20,0,8,vig_tiny,cifar10,0.1,11,_vig_blocks.10,0.438117
20,0,8,vig_tiny,cifar10,0.1,12,_vig_blocks.11,0.405177
20,0,8,vig_tiny,cifar10,0.1,13,classifier,0.349570
20,0,9,vig_tiny,cifar10,0.1,0,_vig_stem,0.850300
20,0,9,vig_tiny,cifar10,0.1,1,_vig_blocks.0,0.705134
20,0,9,vig_tiny,cifar10,0.1,2,_vig_blocks.1,0.626230
20,0,9,vig_tiny,cifar10,0.1,3,_vig_blocks.2,0.599004
20,0,9,vig_tiny,cifar10,0.1,4,_vig_blocks.3,0.581938
20,0,9,vig_tiny,cifar10,0.1,5,_vig_blocks.4,0.578509
20,0,9,vig_tiny,cifar10,0.1,6,_vig_blocks.5,0.584314
20,0,9,vig_tiny,cifar10,0.1,7,_vig_blocks.6,0.562661
20,0,9,vig_tiny,cifar10,0.1,8,_vig_blocks.7,0.577614
20,0,9,vig_tiny,cifar10,0.1,9,_vig_blocks.8,0.572819
20,0,9,vig_tiny,cifar10,0.1,10,_vig_blocks.9,0.543695
20,0,9,vig_tiny,cifar10,0.1,11,_vig_blocks.10,0.529577
20,0,9,vig_tiny,cifar10,0.1,12,_vig_blocks.11,0.491824
20,0,9,vig_tiny,cifar10,0.1,13,classifier,0.407564
20,1,2,vig_tiny,cifar10,0.1,0,_vig_stem,0.892077
20,1,2,vig_tiny,cifar10,0.1,1,_vig_blocks.0,0.820448
20,1,2,vig_tiny,cifar10,0.1,2,_vig_blocks.1,0.786202
20,1,2,vig_tiny,cifar10,0.1,3,_vig_blocks.2,0.801795
20,1,2,vig_tiny,cifar10,0.1,4,_vig_blocks.3,0.806710
20,1,2,vig_tiny,cifar10,0.1,5,_vig_blocks.4,0.780991
20,1,2,vig_tiny,cifar10,0.1,6,_vig_blocks.5,0.768342
20,1,2,vig_tiny,cifar10,0.1,7,_vig_blocks.6,0.782105
20,1,2,vig_tiny,cifar10,0.1,8,_vig_blocks.7,0.761341
20,1,2,vig_tiny,cifar10,0.1,9,_vig_blocks.8,0.741290
20,1,2,vig_tiny,cifar10,0.1,10,_vig_blocks.9,0.694078
20,1,2,vig_tiny,cifar10,0.1,11,_vig_blocks.10,0.649018
20,1,2,vig_tiny,cifar10,0.1,12,_vig_blocks.11,0.580055
20,1,2,vig_tiny,cifar10,0.1,13,classifier,0.190545
20,1,3,vig_tiny,cifar10,0.1,0,_vig_stem,0.941253
20,1,3,vig_tiny,cifar10,0.1,1,_vig_blocks.0,0.857744
20,1,3,vig_tiny,cifar10,0.1,2,_vig_blocks.1,0.823032
20,1,3,vig_tiny,cifar10,0.1,3,_vig_blocks.2,0.840551
20,1,3,vig_tiny,cifar10,0.1,4,_vig_blocks.3,0.856913
20,1,3,vig_tiny,cifar10,0.1,5,_vig_blocks.4,0.853031
20,1,3,vig_tiny,cifar10,0.1,6,_vig_blocks.5,0.839578
20,1,3,vig_tiny,cifar10,0.1,7,_vig_blocks.6,0.837178
20,1,3,vig_tiny,cifar10,0.1,8,_vig_blocks.7,0.843028
20,1,3,vig_tiny,cifar10,0.1,9,_vig_blocks.8,0.821413
20,1,3,vig_tiny,cifar10,0.1,10,_vig_blocks.9,0.793269
20,1,3,vig_tiny,cifar10,0.1,11,_vig_blocks.10,0.769914
20,1,3,vig_tiny,cifar10,0.1,12,_vig_blocks.11,0.711527
20,1,3,vig_tiny,cifar10,0.1,13,classifier,0.709407
20,1,4,vig_tiny,cifar10,0.1,0,_vig_stem,0.922736
20,1,4,vig_tiny,cifar10,0.1,1,_vig_blocks.0,0.864810
20,1,4,vig_tiny,cifar10,0.1,2,_vig_blocks.1,0.851573
20,1,4,vig_tiny,cifar10,0.1,3,_vig_blocks.2,0.865167
20,1,4,vig_tiny,cifar10,0.1,4,_vig_blocks.3,0.870511
20,1,4,vig_tiny,cifar10,0.1,5,_vig_blocks.4,0.862061
20,1,4,vig_tiny,cifar10,0.1,6,_vig_blocks.5,0.844737
20,1,4,vig_tiny,cifar10,0.1,7,_vig_blocks.6,0.830701
20,1,4,vig_tiny,cifar10,0.1,8,_vig_blocks.7,0.807756
20,1,4,vig_tiny,cifar10,0.1,9,_vig_blocks.8,0.772301
20,1,4,vig_tiny,cifar10,0.1,10,_vig_blocks.9,0.725770
20,1,4,vig_tiny,cifar10,0.1,11,_vig_blocks.10,0.688408
20,1,4,vig_tiny,cifar10,0.1,12,_vig_blocks.11,0.618533
20,1,4,vig_tiny,cifar10,0.1,13,classifier,0.473092
20,1,5,vig_tiny,cifar10,0.1,0,_vig_stem,0.823754
20,1,5,vig_tiny,cifar10,0.1,1,_vig_blocks.0,0.802942
20,1,5,vig_tiny,cifar10,0.1,2,_vig_blocks.1,0.790937
20,1,5,vig_tiny,cifar10,0.1,3,_vig_blocks.2,0.795846
20,1,5,vig_tiny,cifar10,0.1,4,_vig_blocks.3,0.791637
20,1,5,vig_tiny,cifar10,0.1,5,_vig_blocks.4,0.774784
20,1,5,vig_tiny,cifar10,0.1,6,_vig_blocks.5,0.755503
20,1,5,vig_tiny,cifar10,0.1,7,_vig_blocks.6,0.755067
20,1,5,vig_tiny,cifar10,0.1,8,_vig_blocks.7,0.748112
20,1,5,vig_tiny,cifar10,0.1,9,_vig_blocks.8,0.722662
20,1,5,vig_tiny,cifar10,0.1,10,_vig_blocks.9,0.658014
20,1,5,vig_tiny,cifar10,0.1,11,_vig_blocks.10,0.594858
20,1,5,vig_tiny,cifar10,0.1,12,_vig_blocks.11,0.522008
20,1,5,vig_tiny,cifar10,0.1,13,classifier,0.110577
20,1,6,vig_tiny,cifar10,0.1,0,_vig_stem,0.856602
20,1,6,vig_tiny,cifar10,0.1,1,_vig_blocks.0,0.773510
20,1,6,vig_tiny,cifar10,0.1,2,_vig_blocks.1,0.726069
20,1,6,vig_tiny,cifar10,0.1,3,_vig_blocks.2,0.719945
20,1,6,vig_tiny,cifar10,0.1,4,_vig_blocks.3,0.728472
20,1,6,vig_tiny,cifar10,0.1,5,_vig_blocks.4,0.706501
20,1,6,vig_tiny,cifar10,0.1,6,_vig_blocks.5,0.700123
20,1,6,vig_tiny,cifar10,0.1,7,_vig_blocks.6,0.707701
20,1,6,vig_tiny,cifar10,0.1,8,_vig_blocks.7,0.701928
20,1,6,vig_tiny,cifar10,0.1,9,_vig_blocks.8,0.690752
20,1,6,vig_tiny,cifar10,0.1,10,_vig_blocks.9,0.688138
20,1,6,vig_tiny,cifar10,0.1,11,_vig_blocks.10,0.681394
20,1,6,vig_tiny,cifar10,0.1,12,_vig_blocks.11,0.693857
20,1,6,vig_tiny,cifar10,0.1,13,classifier,0.682790
20,1,7,vig_tiny,cifar10,0.1,0,_vig_stem,0.925868
20,1,7,vig_tiny,cifar10,0.1,1,_vig_blocks.0,0.835367
20,1,7,vig_tiny,cifar10,0.1,2,_vig_blocks.1,0.803120
20,1,7,vig_tiny,cifar10,0.1,3,_vig_blocks.2,0.822237
20,1,7,vig_tiny,cifar10,0.1,4,_vig_blocks.3,0.832017
20,1,7,vig_tiny,cifar10,0.1,5,_vig_blocks.4,0.824177
20,1,7,vig_tiny,cifar10,0.1,6,_vig_blocks.5,0.800212
20,1,7,vig_tiny,cifar10,0.1,7,_vig_blocks.6,0.796951
20,1,7,vig_tiny,cifar10,0.1,8,_vig_blocks.7,0.797237
20,1,7,vig_tiny,cifar10,0.1,9,_vig_blocks.8,0.759294
20,1,7,vig_tiny,cifar10,0.1,10,_vig_blocks.9,0.725753
20,1,7,vig_tiny,cifar10,0.1,11,_vig_blocks.10,0.707281
20,1,7,vig_tiny,cifar10,0.1,12,_vig_blocks.11,0.624064
20,1,7,vig_tiny,cifar10,0.1,13,classifier,0.530570
20,1,8,vig_tiny,cifar10,0.1,0,_vig_stem,0.852938
20,1,8,vig_tiny,cifar10,0.1,1,_vig_blocks.0,0.790599
20,1,8,vig_tiny,cifar10,0.1,2,_vig_blocks.1,0.780133
20,1,8,vig_tiny,cifar10,0.1,3,_vig_blocks.2,0.804380
20,1,8,vig_tiny,cifar10,0.1,4,_vig_blocks.3,0.795553
20,1,8,vig_tiny,cifar10,0.1,5,_vig_blocks.4,0.775835
20,1,8,vig_tiny,cifar10,0.1,6,_vig_blocks.5,0.780292
20,1,8,vig_tiny,cifar10,0.1,7,_vig_blocks.6,0.791151
20,1,8,vig_tiny,cifar10,0.1,8,_vig_blocks.7,0.772970
20,1,8,vig_tiny,cifar10,0.1,9,_vig_blocks.8,0.755460
20,1,8,vig_tiny,cifar10,0.1,10,_vig_blocks.9,0.720263
20,1,8,vig_tiny,cifar10,0.1,11,_vig_blocks.10,0.676329
20,1,8,vig_tiny,cifar10,0.1,12,_vig_blocks.11,0.600605
20,1,8,vig_tiny,cifar10,0.1,13,classifier,0.295614
20,1,9,vig_tiny,cifar10,0.1,0,_vig_stem,0.878012
20,1,9,vig_tiny,cifar10,0.1,1,_vig_blocks.0,0.781499
20,1,9,vig_tiny,cifar10,0.1,2,_vig_blocks.1,0.776925
20,1,9,vig_tiny,cifar10,0.1,3,_vig_blocks.2,0.771585
20,1,9,vig_tiny,cifar10,0.1,4,_vig_blocks.3,0.778371
20,1,9,vig_tiny,cifar10,0.1,5,_vig_blocks.4,0.767550
20,1,9,vig_tiny,cifar10,0.1,6,_vig_blocks.5,0.771126
20,1,9,vig_tiny,cifar10,0.1,7,_vig_blocks.6,0.781066
20,1,9,vig_tiny,cifar10,0.1,8,_vig_blocks.7,0.784778
20,1,9,vig_tiny,cifar10,0.1,9,_vig_blocks.8,0.775107
20,1,9,vig_tiny,cifar10,0.1,10,_vig_blocks.9,0.744558
20,1,9,vig_tiny,cifar10,0.1,11,_vig_blocks.10,0.733102
20,1,9,vig_tiny,cifar10,0.1,12,_vig_blocks.11,0.648275
20,1,9,vig_tiny,cifar10,0.1,13,classifier,0.525140
20,2,3,vig_tiny,cifar10,0.1,0,_vig_stem,0.902099
20,2,3,vig_tiny,cifar10,0.1,1,_vig_blocks.0,0.847035
20,2,3,vig_tiny,cifar10,0.1,2,_vig_blocks.1,0.848925
20,2,3,vig_tiny,cifar10,0.1,3,_vig_blocks.2,0.845326
20,2,3,vig_tiny,cifar10,0.1,4,_vig_blocks.3,0.848684
20,2,3,vig_tiny,cifar10,0.1,5,_vig_blocks.4,0.844300
20,2,3,vig_tiny,cifar10,0.1,6,_vig_blocks.5,0.832063
20,2,3,vig_tiny,cifar10,0.1,7,_vig_blocks.6,0.823335
20,2,3,vig_tiny,cifar10,0.1,8,_vig_blocks.7,0.826193
20,2,3,vig_tiny,cifar10,0.1,9,_vig_blocks.8,0.810359
20,2,3,vig_tiny,cifar10,0.1,10,_vig_blocks.9,0.759672
20,2,3,vig_tiny,cifar10,0.1,11,_vig_blocks.10,0.706511
20,2,3,vig_tiny,cifar10,0.1,12,_vig_blocks.11,0.643463
20,2,3,vig_tiny,cifar10,0.1,13,classifier,0.277029
20,2,4,vig_tiny,cifar10,0.1,0,_vig_stem,0.923170
20,2,4,vig_tiny,cifar10,0.1,1,_vig_blocks.0,0.885631
20,2,4,vig_tiny,cifar10,0.1,2,_vig_blocks.1,0.881308
20,2,4,vig_tiny,cifar10,0.1,3,_vig_blocks.2,0.887021
20,2,4,vig_tiny,cifar10,0.1,4,_vig_blocks.3,0.892525
20,2,4,vig_tiny,cifar10,0.1,5,_vig_blocks.4,0.878449
20,2,4,vig_tiny,cifar10,0.1,6,_vig_blocks.5,0.861678
20,2,4,vig_tiny,cifar10,0.1,7,_vig_blocks.6,0.844711
20,2,4,vig_tiny,cifar10,0.1,8,_vig_blocks.7,0.841078
20,2,4,vig_tiny,cifar10,0.1,9,_vig_blocks.8,0.824908
20,2,4,vig_tiny,cifar10,0.1,10,_vig_blocks.9,0.779513
20,2,4,vig_tiny,cifar10,0.1,11,_vig_blocks.10,0.753189
20,2,4,vig_tiny,cifar10,0.1,12,_vig_blocks.11,0.675795
20,2,4,vig_tiny,cifar10,0.1,13,classifier,0.337176
20,2,5,vig_tiny,cifar10,0.1,0,_vig_stem,0.899557
20,2,5,vig_tiny,cifar10,0.1,1,_vig_blocks.0,0.862824
20,2,5,vig_tiny,cifar10,0.1,2,_vig_blocks.1,0.847953
20,2,5,vig_tiny,cifar10,0.1,3,_vig_blocks.2,0.823551
20,2,5,vig_tiny,cifar10,0.1,4,_vig_blocks.3,0.828847
20,2,5,vig_tiny,cifar10,0.1,5,_vig_blocks.4,0.808381
20,2,5,vig_tiny,cifar10,0.1,6,_vig_blocks.5,0.793708
20,2,5,vig_tiny,cifar10,0.1,7,_vig_blocks.6,0.787722
20,2,5,vig_tiny,cifar10,0.1,8,_vig_blocks.7,0.777885
20,2,5,vig_tiny,cifar10,0.1,9,_vig_blocks.8,0.755598
20,2,5,vig_tiny,cifar10,0.1,10,_vig_blocks.9,0.710859
20,2,5,vig_tiny,cifar10,0.1,11,_vig_blocks.10,0.662053
20,2,5,vig_tiny,cifar10,0.1,12,_vig_blocks.11,0.625102
20,2,5,vig_tiny,cifar10,0.1,13,classifier,0.257499
20,2,6,vig_tiny,cifar10,0.1,0,_vig_stem,0.839632
20,2,6,vig_tiny,cifar10,0.1,1,_vig_blocks.0,0.821168
20,2,6,vig_tiny,cifar10,0.1,2,_vig_blocks.1,0.771194
20,2,6,vig_tiny,cifar10,0.1,3,_vig_blocks.2,0.793440
20,2,6,vig_tiny,cifar10,0.1,4,_vig_blocks.3,0.801019
20,2,6,vig_tiny,cifar10,0.1,5,_vig_blocks.4,0.790487
20,2,6,vig_tiny,cifar10,0.1,6,_vig_blocks.5,0.764968
20,2,6,vig_tiny,cifar10,0.1,7,_vig_blocks.6,0.749698
20,2,6,vig_tiny,cifar10,0.1,8,_vig_blocks.7,0.742650
20,2,6,vig_tiny,cifar10,0.1,9,_vig_blocks.8,0.730455
20,2,6,vig_tiny,cifar10,0.1,10,_vig_blocks.9,0.705044
20,2,6,vig_tiny,cifar10,0.1,11,_vig_blocks.10,0.689081
20,2,6,vig_tiny,cifar10,0.1,12,_vig_blocks.11,0.639745
20,2,6,vig_tiny,cifar10,0.1,13,classifier,0.182852
20,2,7,vig_tiny,cifar10,0.1,0,_vig_stem,0.922331
20,2,7,vig_tiny,cifar10,0.1,1,_vig_blocks.0,0.869235
20,2,7,vig_tiny,cifar10,0.1,2,_vig_blocks.1,0.871432
20,2,7,vig_tiny,cifar10,0.1,3,_vig_blocks.2,0.857975
20,2,7,vig_tiny,cifar10,0.1,4,_vig_blocks.3,0.857993
20,2,7,vig_tiny,cifar10,0.1,5,_vig_blocks.4,0.849806
20,2,7,vig_tiny,cifar10,0.1,6,_vig_blocks.5,0.837277
20,2,7,vig_tiny,cifar10,0.1,7,_vig_blocks.6,0.821647
20,2,7,vig_tiny,cifar10,0.1,8,_vig_blocks.7,0.818087
20,2,7,vig_tiny,cifar10,0.1,9,_vig_blocks.8,0.784741
20,2,7,vig_tiny,cifar10,0.1,10,_vig_blocks.9,0.717961
20,2,7,vig_tiny,cifar10,0.1,11,_vig_blocks.10,0.669091
20,2,7,vig_tiny,cifar10,0.1,12,_vig_blocks.11,0.586696
20,2,7,vig_tiny,cifar10,0.1,13,classifier,0.245233
20,2,8,vig_tiny,cifar10,0.1,0,_vig_stem,0.863879
20,2,8,vig_tiny,cifar10,0.1,1,_vig_blocks.0,0.782606
20,2,8,vig_tiny,cifar10,0.1,2,_vig_blocks.1,0.763397
20,2,8,vig_tiny,cifar10,0.1,3,_vig_blocks.2,0.779244
20,2,8,vig_tiny,cifar10,0.1,4,_vig_blocks.3,0.795733
20,2,8,vig_tiny,cifar10,0.1,5,_vig_blocks.4,0.775870
20,2,8,vig_tiny,cifar10,0.1,6,_vig_blocks.5,0.751999
20,2,8,vig_tiny,cifar10,0.1,7,_vig_blocks.6,0.759338
20,2,8,vig_tiny,cifar10,0.1,8,_vig_blocks.7,0.751730
20,2,8,vig_tiny,cifar10,0.1,9,_vig_blocks.8,0.741121
20,2,8,vig_tiny,cifar10,0.1,10,_vig_blocks.9,0.706256
20,2,8,vig_tiny,cifar10,0.1,11,_vig_blocks.10,0.669641
20,2,8,vig_tiny,cifar10,0.1,12,_vig_blocks.11,0.629899
20,2,8,vig_tiny,cifar10,0.1,13,classifier,0.310305
20,2,9,vig_tiny,cifar10,0.1,0,_vig_stem,0.836845
20,2,9,vig_tiny,cifar10,0.1,1,_vig_blocks.0,0.770683
20,2,9,vig_tiny,cifar10,0.1,2,_vig_blocks.1,0.803958
20,2,9,vig_tiny,cifar10,0.1,3,_vig_blocks.2,0.813650
20,2,9,vig_tiny,cifar10,0.1,4,_vig_blocks.3,0.821074
20,2,9,vig_tiny,cifar10,0.1,5,_vig_blocks.4,0.818315
20,2,9,vig_tiny,cifar10,0.1,6,_vig_blocks.5,0.808599
20,2,9,vig_tiny,cifar10,0.1,7,_vig_blocks.6,0.800587
20,2,9,vig_tiny,cifar10,0.1,8,_vig_blocks.7,0.810291
20,2,9,vig_tiny,cifar10,0.1,9,_vig_blocks.8,0.797151
20,2,9,vig_tiny,cifar10,0.1,10,_vig_blocks.9,0.740879
20,2,9,vig_tiny,cifar10,0.1,11,_vig_blocks.10,0.687340
20,2,9,vig_tiny,cifar10,0.1,12,_vig_blocks.11,0.598281
20,2,9,vig_tiny,cifar10,0.1,13,classifier,0.168429
20,3,4,vig_tiny,cifar10,0.1,0,_vig_stem,0.942327
20,3,4,vig_tiny,cifar10,0.1,1,_vig_blocks.0,0.882689
20,3,4,vig_tiny,cifar10,0.1,2,_vig_blocks.1,0.873978
20,3,4,vig_tiny,cifar10,0.1,3,_vig_blocks.2,0.865762
20,3,4,vig_tiny,cifar10,0.1,4,_vig_blocks.3,0.870260
20,3,4,vig_tiny,cifar10,0.1,5,_vig_blocks.4,0.878022
20,3,4,vig_tiny,cifar10,0.1,6,_vig_blocks.5,0.866258
20,3,4,vig_tiny,cifar10,0.1,7,_vig_blocks.6,0.843892
20,3,4,vig_tiny,cifar10,0.1,8,_vig_blocks.7,0.833703
20,3,4,vig_tiny,cifar10,0.1,9,_vig_blocks.8,0.806382
20,3,4,vig_tiny,cifar10,0.1,10,_vig_blocks.9,0.758358
20,3,4,vig_tiny,cifar10,0.1,11,_vig_blocks.10,0.716627
20,3,4,vig_tiny,cifar10,0.1,12,_vig_blocks.11,0.637493
20,3,4,vig_tiny,cifar10,0.1,13,classifier,0.518175
20,3,5,vig_tiny,cifar10,0.1,0,_vig_stem,0.851103
20,3,5,vig_tiny,cifar10,0.1,1,_vig_blocks.0,0.834297
20,3,5,vig_tiny,cifar10,0.1,2,_vig_blocks.1,0.821402
20,3,5,vig_tiny,cifar10,0.1,3,_vig_blocks.2,0.818189
20,3,5,vig_tiny,cifar10,0.1,4,_vig_blocks.3,0.825434
20,3,5,vig_tiny,cifar10,0.1,5,_vig_blocks.4,0.818079
20,3,5,vig_tiny,cifar10,0.1,6,_vig_blocks.5,0.806815
20,3,5,vig_tiny,cifar10,0.1,7,_vig_blocks.6,0.792027
20,3,5,vig_tiny,cifar10,0.1,8,_vig_blocks.7,0.785419
20,3,5,vig_tiny,cifar10,0.1,9,_vig_blocks.8,0.764547
20,3,5,vig_tiny,cifar10,0.1,10,_vig_blocks.9,0.720422
20,3,5,vig_tiny,cifar10,0.1,11,_vig_blocks.10,0.679654
20,3,5,vig_tiny,cifar10,0.1,12,_vig_blocks.11,0.633542
20,3,5,vig_tiny,cifar10,0.1,13,classifier,0.322815
20,3,6,vig_tiny,cifar10,0.1,0,_vig_stem,0.859748
20,3,6,vig_tiny,cifar10,0.1,1,_vig_blocks.0,0.758011
20,3,6,vig_tiny,cifar10,0.1,2,_vig_blocks.1,0.704581
20,3,6,vig_tiny,cifar10,0.1,3,_vig_blocks.2,0.686971
20,3,6,vig_tiny,cifar10,0.1,4,_vig_blocks.3,0.687208
20,3,6,vig_tiny,cifar10,0.1,5,_vig_blocks.4,0.696917
20,3,6,vig_tiny,cifar10,0.1,6,_vig_blocks.5,0.680935
20,3,6,vig_tiny,cifar10,0.1,7,_vig_blocks.6,0.674776
20,3,6,vig_tiny,cifar10,0.1,8,_vig_blocks.7,0.683824
20,3,6,vig_tiny,cifar10,0.1,9,_vig_blocks.8,0.679585
20,3,6,vig_tiny,cifar10,0.1,10,_vig_blocks.9,0.678163
20,3,6,vig_tiny,cifar10,0.1,11,_vig_blocks.10,0.678691
20,3,6,vig_tiny,cifar10,0.1,12,_vig_blocks.11,0.679189
20,3,6,vig_tiny,cifar10,0.1,13,classifier,0.592283
20,3,7,vig_tiny,cifar10,0.1,0,_vig_stem,0.988509
20,3,7,vig_tiny,cifar10,0.1,1,_vig_blocks.0,0.980366
20,3,7,vig_tiny,cifar10,0.1,2,_vig_blocks.1,0.967947
20,3,7,vig_tiny,cifar10,0.1,3,_vig_blocks.2,0.967579
20,3,7,vig_tiny,cifar10,0.1,4,_vig_blocks.3,0.963167
20,3,7,vig_tiny,cifar10,0.1,5,_vig_blocks.4,0.961999
20,3,7,vig_tiny,cifar10,0.1,6,_vig_blocks.5,0.951051
20,3,7,vig_tiny,cifar10,0.1,7,_vig_blocks.6,0.941739
20,3,7,vig_tiny,cifar10,0.1,8,_vig_blocks.7,0.940762
20,3,7,vig_tiny,cifar10,0.1,9,_vig_blocks.8,0.914800
20,3,7,vig_tiny,cifar10,0.1,10,_vig_blocks.9,0.888282
20,3,7,vig_tiny,cifar10,0.1,11,_vig_blocks.10,0.853971
20,3,7,vig_tiny,cifar10,0.1,12,_vig_blocks.11,0.805745
20,3,7,vig_tiny,cifar10,0.1,13,classifier,0.747496
20,3,8,vig_tiny,cifar10,0.1,0,_vig_stem,0.870666
20,3,8,vig_tiny,cifar10,0.1,1,_vig_blocks.0,0.766463
20,3,8,vig_tiny,cifar10,0.1,2,_vig_blocks.1,0.754565
20,3,8,vig_tiny,cifar10,0.1,3,_vig_blocks.2,0.763606
20,3,8,vig_tiny,cifar10,0.1,4,_vig_blocks.3,0.765038
20,3,8,vig_tiny,cifar10,0.1,5,_vig_blocks.4,0.753644
20,3,8,vig_tiny,cifar10,0.1,6,_vig_blocks.5,0.752453
20,3,8,vig_tiny,cifar10,0.1,7,_vig_blocks.6,0.761776
20,3,8,vig_tiny,cifar10,0.1,8,_vig_blocks.7,0.761830
20,3,8,vig_tiny,cifar10,0.1,9,_vig_blocks.8,0.748868
20,3,8,vig_tiny,cifar10,0.1,10,_vig_blocks.9,0.727385
20,3,8,vig_tiny,cifar10,0.1,11,_vig_blocks.10,0.698059
20,3,8,vig_tiny,cifar10,0.1,12,_vig_blocks.11,0.630122
20,3,8,vig_tiny,cifar10,0.1,13,classifier,0.418623
20,3,9,vig_tiny,cifar10,0.1,0,_vig_stem,0.936710
20,3,9,vig_tiny,cifar10,0.1,1,_vig_blocks.0,0.866997
20,3,9,vig_tiny,cifar10,0.1,2,_vig_blocks.1,0.862234
20,3,9,vig_tiny,cifar10,0.1,3,_vig_blocks.2,0.863094
20,3,9,vig_tiny,cifar10,0.1,4,_vig_blocks.3,0.860767
20,3,9,vig_tiny,cifar10,0.1,5,_vig_blocks.4,0.863638
20,3,9,vig_tiny,cifar10,0.1,6,_vig_blocks.5,0.869723
20,3,9,vig_tiny,cifar10,0.1,7,_vig_blocks.6,0.867517
20,3,9,vig_tiny,cifar10,0.1,8,_vig_blocks.7,0.866905
20,3,9,vig_tiny,cifar10,0.1,9,_vig_blocks.8,0.859488
20,3,9,vig_tiny,cifar10,0.1,10,_vig_blocks.9,0.826390
20,3,9,vig_tiny,cifar10,0.1,11,_vig_blocks.10,0.793047
20,3,9,vig_tiny,cifar10,0.1,12,_vig_blocks.11,0.716309
20,3,9,vig_tiny,cifar10,0.1,13,classifier,0.690962
20,4,5,vig_tiny,cifar10,0.1,0,_vig_stem,0.872890
20,4,5,vig_tiny,cifar10,0.1,1,_vig_blocks.0,0.846558
20,4,5,vig_tiny,cifar10,0.1,2,_vig_blocks.1,0.840115
20,4,5,vig_tiny,cifar10,0.1,3,_vig_blocks.2,0.844196
20,4,5,vig_tiny,cifar10,0.1,4,_vig_blocks.3,0.836652
20,4,5,vig_tiny,cifar10,0.1,5,_vig_blocks.4,0.837685
20,4,5,vig_tiny,cifar10,0.1,6,_vig_blocks.5,0.804618
20,4,5,vig_tiny,cifar10,0.1,7,_vig_blocks.6,0.776496
20,4,5,vig_tiny,cifar10,0.1,8,_vig_blocks.7,0.758064
20,4,5,vig_tiny,cifar10,0.1,9,_vig_blocks.8,0.725601
20,4,5,vig_tiny,cifar10,0.1,10,_vig_blocks.9,0.674854
20,4,5,vig_tiny,cifar10,0.1,11,_vig_blocks.10,0.622615
20,4,5,vig_tiny,cifar10,0.1,12,_vig_blocks.11,0.571145
20,4,5,vig_tiny,cifar10,0.1,13,classifier,0.232211
20,4,6,vig_tiny,cifar10,0.1,0,_vig_stem,0.876362
20,4,6,vig_tiny,cifar10,0.1,1,_vig_blocks.0,0.832463
20,4,6,vig_tiny,cifar10,0.1,2,_vig_blocks.1,0.799115
20,4,6,vig_tiny,cifar10,0.1,3,_vig_blocks.2,0.784627
20,4,6,vig_tiny,cifar10,0.1,4,_vig_blocks.3,0.784721
20,4,6,vig_tiny,cifar10,0.1,5,_vig_blocks.4,0.777222
20,4,6,vig_tiny,cifar10,0.1,6,_vig_blocks.5,0.767529
20,4,6,vig_tiny,cifar10,0.1,7,_vig_blocks.6,0.736592
20,4,6,vig_tiny,cifar10,0.1,8,_vig_blocks.7,0.739157
20,4,6,vig_tiny,cifar10,0.1,9,_vig_blocks.8,0.733135
20,4,6,vig_tiny,cifar10,0.1,10,_vig_blocks.9,0.710915
20,4,6,vig_tiny,cifar10,0.1,11,_vig_blocks.10,0.680832
20,4,6,vig_tiny,cifar10,0.1,12,_vig_blocks.11,0.624932
20,4,6,vig_tiny,cifar10,0.1,13,classifier,0.390448
20,4,7,vig_tiny,cifar10,0.1,0,_vig_stem,0.945529
20,4,7,vig_tiny,cifar10,0.1,1,_vig_blocks.0,0.894432
20,4,7,vig_tiny,cifar10,0.1,2,_vig_blocks.1,0.884797
20,4,7,vig_tiny,cifar10,0.1,3,_vig_blocks.2,0.875144
20,4,7,vig_tiny,cifar10,0.1,4,_vig_blocks.3,0.876027
20,4,7,vig_tiny,cifar10,0.1,5,_vig_blocks.4,0.876052
20,4,7,vig_tiny,cifar10,0.1,6,_vig_blocks.5,0.861753
20,4,7,vig_tiny,cifar10,0.1,7,_vig_blocks.6,0.840461
20,4,7,vig_tiny,cifar10,0.1,8,_vig_blocks.7,0.829044
20,4,7,vig_tiny,cifar10,0.1,9,_vig_blocks.8,0.797456
20,4,7,vig_tiny,cifar10,0.1,10,_vig_blocks.9,0.743802
20,4,7,vig_tiny,cifar10,0.1,11,_vig_blocks.10,0.715264
20,4,7,vig_tiny,cifar10,0.1,12,_vig_blocks.11,0.664279
20,4,7,vig_tiny,cifar10,0.1,13,classifier,0.577343
20,4,8,vig_tiny,cifar10,0.1,0,_vig_stem,0.846058
20,4,8,vig_tiny,cifar10,0.1,1,_vig_blocks.0,0.799394
20,4,8,vig_tiny,cifar10,0.1,2,_vig_blocks.1,0.796823
20,4,8,vig_tiny,cifar10,0.1,3,_vig_blocks.2,0.826151
20,4,8,vig_tiny,cifar10,0.1,4,_vig_blocks.3,0.828343
20,4,8,vig_tiny,cifar10,0.1,5,_vig_blocks.4,0.826244
20,4,8,vig_tiny,cifar10,0.1,6,_vig_blocks.5,0.804261
20,4,8,vig_tiny,cifar10,0.1,7,_vig_blocks.6,0.793409
20,4,8,vig_tiny,cifar10,0.1,8,_vig_blocks.7,0.776790
20,4,8,vig_tiny,cifar10,0.1,9,_vig_blocks.8,0.743154
20,4,8,vig_tiny,cifar10,0.1,10,_vig_blocks.9,0.690449
20,4,8,vig_tiny,cifar10,0.1,11,_vig_blocks.10,0.634558
20,4,8,vig_tiny,cifar10,0.1,12,_vig_blocks.11,0.564165
20,4,8,vig_tiny,cifar10,0.1,13,classifier,0.300950
20,4,9,vig_tiny,cifar10,0.1,0,_vig_stem,0.872787
20,4,9,vig_tiny,cifar10,0.1,1,_vig_blocks.0,0.801552
20,4,9,vig_tiny,cifar10,0.1,2,_vig_blocks.1,0.816581
20,4,9,vig_tiny,cifar10,0.1,3,_vig_blocks.2,0.823279
20,4,9,vig_tiny,cifar10,0.1,4,_vig_blocks.3,0.825983
20,4,9,vig_tiny,cifar10,0.1,5,_vig_blocks.4,0.839458
20,4,9,vig_tiny,cifar10,0.1,6,_vig_blocks.5,0.826779
20,4,9,vig_tiny,cifar10,0.1,7,_vig_blocks.6,0.807371
20,4,9,vig_tiny,cifar10,0.1,8,_vig_blocks.7,0.798289
20,4,9,vig_tiny,cifar10,0.1,9,_vig_blocks.8,0.780239
20,4,9,vig_tiny,cifar10,0.1,10,_vig_blocks.9,0.717643
20,4,9,vig_tiny,cifar10,0.1,11,_vig_blocks.10,0.674711
20,4,9,vig_tiny,cifar10,0.1,12,_vig_blocks.11,0.592102
20,4,9,vig_tiny,cifar10,0.1,13,classifier,0.422708
20,5,6,vig_tiny,cifar10,0.1,0,_vig_stem,0.816579
20,5,6,vig_tiny,cifar10,0.1,1,_vig_blocks.0,0.794686
20,5,6,vig_tiny,cifar10,0.1,2,_vig_blocks.1,0.744496
20,5,6,vig_tiny,cifar10,0.1,3,_vig_blocks.2,0.705764
20,5,6,vig_tiny,cifar10,0.1,4,_vig_blocks.3,0.692234
20,5,6,vig_tiny,cifar10,0.1,5,_vig_blocks.4,0.690574
20,5,6,vig_tiny,cifar10,0.1,6,_vig_blocks.5,0.689028
20,5,6,vig_tiny,cifar10,0.1,7,_vig_blocks.6,0.666644
20,5,6,vig_tiny,cifar10,0.1,8,_vig_blocks.7,0.667147
20,5,6,vig_tiny,cifar10,0.1,9,_vig_blocks.8,0.643349
20,5,6,vig_tiny,cifar10,0.1,10,_vig_blocks.9,0.615234
20,5,6,vig_tiny,cifar10,0.1,11,_vig_blocks.10,0.568760
20,5,6,vig_tiny,cifar10,0.1,12,_vig_blocks.11,0.524401
20,5,6,vig_tiny,cifar10,0.1,13,classifier,0.078942
20,5,7,vig_tiny,cifar10,0.1,0,_vig_stem,0.863558
20,5,7,vig_tiny,cifar10,0.1,1,_vig_blocks.0,0.849266
20,5,7,vig_tiny,cifar10,0.1,2,_vig_blocks.1,0.829398
20,5,7,vig_tiny,cifar10,0.1,3,_vig_blocks.2,0.820340
20,5,7,vig_tiny,cifar10,0.1,4,_vig_blocks.3,0.824313
20,5,7,vig_tiny,cifar10,0.1,5,_vig_blocks.4,0.811364
20,5,7,vig_tiny,cifar10,0.1,6,_vig_blocks.5,0.787353
20,5,7,vig_tiny,cifar10,0.1,7,_vig_blocks.6,0.762552
20,5,7,vig_tiny,cifar10,0.1,8,_vig_blocks.7,0.749530
20,5,7,vig_tiny,cifar10,0.1,9,_vig_blocks.8,0.716024
20,5,7,vig_tiny,cifar10,0.1,10,_vig_blocks.9,0.672857
20,5,7,vig_tiny,cifar10,0.1,11,_vig_blocks.10,0.627889
20,5,7,vig_tiny,cifar10,0.1,12,_vig_blocks.11,0.600292
20,5,7,vig_tiny,cifar10,0.1,13,classifier,0.349112
20,5,8,vig_tiny,cifar10,0.1,0,_vig_stem,0.846188
20,5,8,vig_tiny,cifar10,0.1,1,_vig_blocks.0,0.805782
20,5,8,vig_tiny,cifar10,0.1,2,_vig_blocks.1,0.812627
20,5,8,vig_tiny,cifar10,0.1,3,_vig_blocks.2,0.812446
20,5,8,vig_tiny,cifar10,0.1,4,_vig_blocks.3,0.813816
20,5,8,vig_tiny,cifar10,0.1,5,_vig_blocks.4,0.817380
20,5,8,vig_tiny,cifar10,0.1,6,_vig_blocks.5,0.805081
20,5,8,vig_tiny,cifar10,0.1,7,_vig_blocks.6,0.795818
20,5,8,vig_tiny,cifar10,0.1,8,_vig_blocks.7,0.787704
20,5,8,vig_tiny,cifar10,0.1,9,_vig_blocks.8,0.759320
20,5,8,vig_tiny,cifar10,0.1,10,_vig_blocks.9,0.727594
20,5,8,vig_tiny,cifar10,0.1,11,_vig_blocks.10,0.688744
20,5,8,vig_tiny,cifar10,0.1,12,_vig_blocks.11,0.649441
20,5,8,vig_tiny,cifar10,0.1,13,classifier,0.359345
20,5,9,vig_tiny,cifar10,0.1,0,_vig_stem,0.811181
20,5,9,vig_tiny,cifar10,0.1,1,_vig_blocks.0,0.785440
20,5,9,vig_tiny,cifar10,0.1,2,_vig_blocks.1,0.804494
20,5,9,vig_tiny,cifar10,0.1,3,_vig_blocks.2,0.810700
20,5,9,vig_tiny,cifar10,0.1,4,_vig_blocks.3,0.806343
20,5,9,vig_tiny,cifar10,0.1,5,_vig_blocks.4,0.811299
20,5,9,vig_tiny,cifar10,0.1,6,_vig_blocks.5,0.809675
20,5,9,vig_tiny,cifar10,0.1,7,_vig_blocks.6,0.784824
20,5,9,vig_tiny,cifar10,0.1,8,_vig_blocks.7,0.778600
20,5,9,vig_tiny,cifar10,0.1,9,_vig_blocks.8,0.754608
20,5,9,vig_tiny,cifar10,0.1,10,_vig_blocks.9,0.693091
20,5,9,vig_tiny,cifar10,0.1,11,_vig_blocks.10,0.630791
20,5,9,vig_tiny,cifar10,0.1,12,_vig_blocks.11,0.570801
20,5,9,vig_tiny,cifar10,0.1,13,classifier,0.212410
20,6,7,vig_tiny,cifar10,0.1,0,_vig_stem,0.831158
20,6,7,vig_tiny,cifar10,0.1,1,_vig_blocks.0,0.744553
20,6,7,vig_tiny,cifar10,0.1,2,_vig_blocks.1,0.686147
20,6,7,vig_tiny,cifar10,0.1,3,_vig_blocks.2,0.662903
20,6,7,vig_tiny,cifar10,0.1,4,_vig_blocks.3,0.660241
20,6,7,vig_tiny,cifar10,0.1,5,_vig_blocks.4,0.662792
20,6,7,vig_tiny,cifar10,0.1,6,_vig_blocks.5,0.635110
20,6,7,vig_tiny,cifar10,0.1,7,_vig_blocks.6,0.617447
20,6,7,vig_tiny,cifar10,0.1,8,_vig_blocks.7,0.621190
20,6,7,vig_tiny,cifar10,0.1,9,_vig_blocks.8,0.596025
20,6,7,vig_tiny,cifar10,0.1,10,_vig_blocks.9,0.580008
20,6,7,vig_tiny,cifar10,0.1,11,_vig_blocks.10,0.556270
20,6,7,vig_tiny,cifar10,0.1,12,_vig_blocks.11,0.534739
20,6,7,vig_tiny,cifar10,0.1,13,classifier,0.402435
20,6,8,vig_tiny,cifar10,0.1,0,_vig_stem,0.866929
20,6,8,vig_tiny,cifar10,0.1,1,_vig_blocks.0,0.760317
20,6,8,vig_tiny,cifar10,0.1,2,_vig_blocks.1,0.716389
20,6,8,vig_tiny,cifar10,0.1,3,_vig_blocks.2,0.713774
20,6,8,vig_tiny,cifar10,0.1,4,_vig_blocks.3,0.723796
20,6,8,vig_tiny,cifar10,0.1,5,_vig_blocks.4,0.740022
20,6,8,vig_tiny,cifar10,0.1,6,_vig_blocks.5,0.730247
20,6,8,vig_tiny,cifar10,0.1,7,_vig_blocks.6,0.722624
20,6,8,vig_tiny,cifar10,0.1,8,_vig_blocks.7,0.717205
20,6,8,vig_tiny,cifar10,0.1,9,_vig_blocks.8,0.708084
20,6,8,vig_tiny,cifar10,0.1,10,_vig_blocks.9,0.676306
20,6,8,vig_tiny,cifar10,0.1,11,_vig_blocks.10,0.639603
20,6,8,vig_tiny,cifar10,0.1,12,_vig_blocks.11,0.596605
20,6,8,vig_tiny,cifar10,0.1,13,classifier,0.190166
20,6,9,vig_tiny,cifar10,0.1,0,_vig_stem,0.820948
20,6,9,vig_tiny,cifar10,0.1,1,_vig_blocks.0,0.684741
20,6,9,vig_tiny,cifar10,0.1,2,_vig_blocks.1,0.680046
20,6,9,vig_tiny,cifar10,0.1,3,_vig_blocks.2,0.678896
20,6,9,vig_tiny,cifar10,0.1,4,_vig_blocks.3,0.676985
20,6,9,vig_tiny,cifar10,0.1,5,_vig_blocks.4,0.700142
20,6,9,vig_tiny,cifar10,0.1,6,_vig_blocks.5,0.691449
20,6,9,vig_tiny,cifar10,0.1,7,_vig_blocks.6,0.670875
20,6,9,vig_tiny,cifar10,0.1,8,_vig_blocks.7,0.683240
20,6,9,vig_tiny,cifar10,0.1,9,_vig_blocks.8,0.664023
20,6,9,vig_tiny,cifar10,0.1,10,_vig_blocks.9,0.625522
20,6,9,vig_tiny,cifar10,0.1,11,_vig_blocks.10,0.596398
20,6,9,vig_tiny,cifar10,0.1,12,_vig_blocks.11,0.560987
20,6,9,vig_tiny,cifar10,0.1,13,classifier,0.376182
20,7,8,vig_tiny,cifar10,0.1,0,_vig_stem,0.854975
20,7,8,vig_tiny,cifar10,0.1,1,_vig_blocks.0,0.756462
20,7,8,vig_tiny,cifar10,0.1,2,_vig_blocks.1,0.732875
20,7,8,vig_tiny,cifar10,0.1,3,_vig_blocks.2,0.744363
20,7,8,vig_tiny,cifar10,0.1,4,_vig_blocks.3,0.737017
20,7,8,vig_tiny,cifar10,0.1,5,_vig_blocks.4,0.723232
20,7,8,vig_tiny,cifar10,0.1,6,_vig_blocks.5,0.703379
20,7,8,vig_tiny,cifar10,0.1,7,_vig_blocks.6,0.706237
20,7,8,vig_tiny,cifar10,0.1,8,_vig_blocks.7,0.697001
20,7,8,vig_tiny,cifar10,0.1,9,_vig_blocks.8,0.658235
20,7,8,vig_tiny,cifar10,0.1,10,_vig_blocks.9,0.629421
20,7,8,vig_tiny,cifar10,0.1,11,_vig_blocks.10,0.589946
20,7,8,vig_tiny,cifar10,0.1,12,_vig_blocks.11,0.530792
20,7,8,vig_tiny,cifar10,0.1,13,classifier,0.317383
20,7,9,vig_tiny,cifar10,0.1,0,_vig_stem,0.923150
20,7,9,vig_tiny,cifar10,0.1,1,_vig_blocks.0,0.862823
20,7,9,vig_tiny,cifar10,0.1,2,_vig_blocks.1,0.853312
20,7,9,vig_tiny,cifar10,0.1,3,_vig_blocks.2,0.849245
20,7,9,vig_tiny,cifar10,0.1,4,_vig_blocks.3,0.840561
20,7,9,vig_tiny,cifar10,0.1,5,_vig_blocks.4,0.842222
20,7,9,vig_tiny,cifar10,0.1,6,_vig_blocks.5,0.843610
20,7,9,vig_tiny,cifar10,0.1,7,_vig_blocks.6,0.833175
20,7,9,vig_tiny,cifar10,0.1,8,_vig_blocks.7,0.828727
20,7,9,vig_tiny,cifar10,0.1,9,_vig_blocks.8,0.816038
20,7,9,vig_tiny,cifar10,0.1,10,_vig_blocks.9,0.804386
20,7,9,vig_tiny,cifar10,0.1,11,_vig_blocks.10,0.792313
20,7,9,vig_tiny,cifar10,0.1,12,_vig_blocks.11,0.728859
20,7,9,vig_tiny,cifar10,0.1,13,classifier,0.727250
20,8,9,vig_tiny,cifar10,0.1,0,_vig_stem,0.817147
20,8,9,vig_tiny,cifar10,0.1,1,_vig_blocks.0,0.698230
20,8,9,vig_tiny,cifar10,0.1,2,_vig_blocks.1,0.716292
20,8,9,vig_tiny,cifar10,0.1,3,_vig_blocks.2,0.737438
20,8,9,vig_tiny,cifar10,0.1,4,_vig_blocks.3,0.741724
20,8,9,vig_tiny,cifar10,0.1,5,_vig_blocks.4,0.756477
20,8,9,vig_tiny,cifar10,0.1,6,_vig_blocks.5,0.735114
20,8,9,vig_tiny,cifar10,0.1,7,_vig_blocks.6,0.740069
20,8,9,vig_tiny,cifar10,0.1,8,_vig_blocks.7,0.742302
20,8,9,vig_tiny,cifar10,0.1,9,_vig_blocks.8,0.715016
20,8,9,vig_tiny,cifar10,0.1,10,_vig_blocks.9,0.660153
20,8,9,vig_tiny,cifar10,0.1,11,_vig_blocks.10,0.615183
20,8,9,vig_tiny,cifar10,0.1,12,_vig_blocks.11,0.557644
20,8,9,vig_tiny,cifar10,0.1,13,classifier,0.275591
30,0,1,vig_tiny,cifar10,0.1,0,_vig_stem,0.825082
30,0,1,vig_tiny,cifar10,0.1,1,_vig_blocks.0,0.708282
30,0,1,vig_tiny,cifar10,0.1,2,_vig_blocks.1,0.673414
30,0,1,vig_tiny,cifar10,0.1,3,_vig_blocks.2,0.671014
30,0,1,vig_tiny,cifar10,0.1,4,_vig_blocks.3,0.678633
30,0,1,vig_tiny,cifar10,0.1,5,_vig_blocks.4,0.683567
30,0,1,vig_tiny,cifar10,0.1,6,_vig_blocks.5,0.663849
30,0,1,vig_tiny,cifar10,0.1,7,_vig_blocks.6,0.643754
30,0,1,vig_tiny,cifar10,0.1,8,_vig_blocks.7,0.655718
30,0,1,vig_tiny,cifar10,0.1,9,_vig_blocks.8,0.645041
30,0,1,vig_tiny,cifar10,0.1,10,_vig_blocks.9,0.609270
30,0,1,vig_tiny,cifar10,0.1,11,_vig_blocks.10,0.578282
30,0,1,vig_tiny,cifar10,0.1,12,_vig_blocks.11,0.490828
30,0,1,vig_tiny,cifar10,0.1,13,classifier,0.373030
30,0,2,vig_tiny,cifar10,0.1,0,_vig_stem,0.748749
30,0,2,vig_tiny,cifar10,0.1,1,_vig_blocks.0,0.577131
30,0,2,vig_tiny,cifar10,0.1,2,_vig_blocks.1,0.557006
30,0,2,vig_tiny,cifar10,0.1,3,_vig_blocks.2,0.538761
30,0,2,vig_tiny,cifar10,0.1,4,_vig_blocks.3,0.540419
30,0,2,vig_tiny,cifar10,0.1,5,_vig_blocks.4,0.538473
30,0,2,vig_tiny,cifar10,0.1,6,_vig_blocks.5,0.530630
30,0,2,vig_tiny,cifar10,0.1,7,_vig_blocks.6,0.501848
30,0,2,vig_tiny,cifar10,0.1,8,_vig_blocks.7,0.529030
30,0,2,vig_tiny,cifar10,0.1,9,_vig_blocks.8,0.525357
30,0,2,vig_tiny,cifar10,0.1,10,_vig_blocks.9,0.481038
30,0,2,vig_tiny,cifar10,0.1,11,_vig_blocks.10,0.455676
30,0,2,vig_tiny,cifar10,0.1,12,_vig_blocks.11,0.413444
30,0,2,vig_tiny,cifar10,0.1,13,classifier,0.148889
30,0,3,vig_tiny,cifar10,0.1,0,_vig_stem,0.899807
30,0,3,vig_tiny,cifar10,0.1,1,_vig_blocks.0,0.773578
30,0,3,vig_tiny,cifar10,0.1,2,_vig_blocks.1,0.748851
30,0,3,vig_tiny,cifar10,0.1,3,_vig_blocks.2,0.730666
30,0,3,vig_tiny,cifar10,0.1,4,_vig_blocks.3,0.733642
30,0,3,vig_tiny,cifar10,0.1,5,_vig_blocks.4,0.731809
30,0,3,vig_tiny,cifar10,0.1,6,_vig_blocks.5,0.724192
30,0,3,vig_tiny,cifar10,0.1,7,_vig_blocks.6,0.691157
30,0,3,vig_tiny,cifar10,0.1,8,_vig_blocks.7,0.701391
30,0,3,vig_tiny,cifar10,0.1,9,_vig_blocks.8,0.688676
30,0,3,vig_tiny,cifar10,0.1,10,_vig_blocks.9,0.659358
30,0,3,vig_tiny,cifar10,0.1,11,_vig_blocks.10,0.646023
30,0,3,vig_tiny,cifar10,0.1,12,_vig_blocks.11,0.588273
30,0,3,vig_tiny,cifar10,0.1,13,classifier,0.545609
30,0,4,vig_tiny,cifar10,0.1,0,_vig_stem,0.837408
30,0,4,vig_tiny,cifar10,0.1,1,_vig_blocks.0,0.718756
30,0,4,vig_tiny,cifar10,0.1,2,_vig_blocks.1,0.723118
30,0,4,vig_tiny,cifar10,0.1,3,_vig_blocks.2,0.695277
30,0,4,vig_tiny,cifar10,0.1,4,_vig_blocks.3,0.701541
30,0,4,vig_tiny,cifar10,0.1,5,_vig_blocks.4,0.715497
30,0,4,vig_tiny,cifar10,0.1,6,_vig_blocks.5,0.705328
30,0,4,vig_tiny,cifar10,0.1,7,_vig_blocks.6,0.677896
30,0,4,vig_tiny,cifar10,0.1,8,_vig_blocks.7,0.694158
30,0,4,vig_tiny,cifar10,0.1,9,_vig_blocks.8,0.655492
30,0,4,vig_tiny,cifar10,0.1,10,_vig_blocks.9,0.612676
30,0,4,vig_tiny,cifar10,0.1,11,_vig_blocks.10,0.567869
30,0,4,vig_tiny,cifar10,0.1,12,_vig_blocks.11,0.499898
30,0,4,vig_tiny,cifar10,0.1,13,classifier,0.196767
30,0,5,vig_tiny,cifar10,0.1,0,_vig_stem,0.719159
30,0,5,vig_tiny,cifar10,0.1,1,_vig_blocks.0,0.571830
30,0,5,vig_tiny,cifar10,0.1,2,_vig_blocks.1,0.567048
30,0,5,vig_tiny,cifar10,0.1,3,_vig_blocks.2,0.547332
30,0,5,vig_tiny,cifar10,0.1,4,_vig_blocks.3,0.554636
30,0,5,vig_tiny,cifar10,0.1,5,_vig_blocks.4,0.554751
30,0,5,vig_tiny,cifar10,0.1,6,_vig_blocks.5,0.538777
30,0,5,vig_tiny,cifar10,0.1,7,_vig_blocks.6,0.515102
30,0,5,vig_tiny,cifar10,0.1,8,_vig_blocks.7,0.532936
30,0,5,vig_tiny,cifar10,0.1,9,_vig_blocks.8,0.514268
30,0,5,vig_tiny,cifar10,0.1,10,_vig_blocks.9,0.474022
30,0,5,vig_tiny,cifar10,0.1,11,_vig_blocks.10,0.453043
30,0,5,vig_tiny,cifar10,0.1,12,_vig_blocks.11,0.411477
30,0,5,vig_tiny,cifar10,0.1,13,classifier,0.215509
30,0,6,vig_tiny,cifar10,0.1,0,_vig_stem,0.679879
30,0,6,vig_tiny,cifar10,0.1,1,_vig_blocks.0,0.548398
30,0,6,vig_tiny,cifar10,0.1,2,_vig_blocks.1,0.500885
30,0,6,vig_tiny,cifar10,0.1,3,_vig_blocks.2,0.510243
30,0,6,vig_tiny,cifar10,0.1,4,_vig_blocks.3,0.517716
30,0,6,vig_tiny,cifar10,0.1,5,_vig_blocks.4,0.516008
30,0,6,vig_tiny,cifar10,0.1,6,_vig_blocks.5,0.490223
30,0,6,vig_tiny,cifar10,0.1,7,_vig_blocks.6,0.483889
30,0,6,vig_tiny,cifar10,0.1,8,_vig_blocks.7,0.491917
30,0,6,vig_tiny,cifar10,0.1,9,_vig_blocks.8,0.488908
30,0,6,vig_tiny,cifar10,0.1,10,_vig_blocks.9,0.462225
30,0,6,vig_tiny,cifar10,0.1,11,_vig_blocks.10,0.442107
30,0,6,vig_tiny,cifar10,0.1,12,_vig_blocks.11,0.417797
30,0,6,vig_tiny,cifar10,0.1,13,classifier,0.255870
30,0,7,vig_tiny,cifar10,0.1,0,_vig_stem,0.904592
30,0,7,vig_tiny,cifar10,0.1,1,_vig_blocks.0,0.779488
30,0,7,vig_tiny,cifar10,0.1,2,_vig_blocks.1,0.759176
30,0,7,vig_tiny,cifar10,0.1,3,_vig_blocks.2,0.735001
30,0,7,vig_tiny,cifar10,0.1,4,_vig_blocks.3,0.739013
30,0,7,vig_tiny,cifar10,0.1,5,_vig_blocks.4,0.732038
30,0,7,vig_tiny,cifar10,0.1,6,_vig_blocks.5,0.720877
30,0,7,vig_tiny,cifar10,0.1,7,_vig_blocks.6,0.687048
30,0,7,vig_tiny,cifar10,0.1,8,_vig_blocks.7,0.698154
30,0,7,vig_tiny,cifar10,0.1,9,_vig_blocks.8,0.675005
30,0,7,vig_tiny,cifar10,0.1,10,_vig_blocks.9,0.636051
30,0,7,vig_tiny,cifar10,0.1,11,_vig_blocks.10,0.613745
30,0,7,vig_tiny,cifar10,0.1,12,_vig_blocks.11,0.548349
30,0,7,vig_tiny,cifar10,0.1,13,classifier,0.451625
30,0,8,vig_tiny,cifar10,0.1,0,_vig_stem,0.765240
30,0,8,vig_tiny,cifar10,0.1,1,_vig_blocks.0,0.645232
30,0,8,vig_tiny,cifar10,0.1,2,_vig_blocks.1,0.604570
30,0,8,vig_tiny,cifar10,0.1,3,_vig_blocks.2,0.601115
30,0,8,vig_tiny,cifar10,0.1,4,_vig_blocks.3,0.580294
30,0,8,vig_tiny,cifar10,0.1,5,_vig_blocks.4,0.575432
30,0,8,vig_tiny,cifar10,0.1,6,_vig_blocks.5,0.575400
30,0,8,vig_tiny,cifar10,0.1,7,_vig_blocks.6,0.543873
30,0,8,vig_tiny,cifar10,0.1,8,_vig_blocks.7,0.567104
30,0,8,vig_tiny,cifar10,0.1,9,_vig_blocks.8,0.562483
30,0,8,vig_tiny,cifar10,0.1,10,_vig_blocks.9,0.514743
30,0,8,vig_tiny,cifar10,0.1,11,_vig_blocks.10,0.467764
30,0,8,vig_tiny,cifar10,0.1,12,_vig_blocks.11,0.422164
30,0,8,vig_tiny,cifar10,0.1,13,classifier,0.208194
30,0,9,vig_tiny,cifar10,0.1,0,_vig_stem,0.923355
30,0,9,vig_tiny,cifar10,0.1,1,_vig_blocks.0,0.830375
30,0,9,vig_tiny,cifar10,0.1,2,_vig_blocks.1,0.797269
30,0,9,vig_tiny,cifar10,0.1,3,_vig_blocks.2,0.762126
30,0,9,vig_tiny,cifar10,0.1,4,_vig_blocks.3,0.758728
30,0,9,vig_tiny,cifar10,0.1,5,_vig_blocks.4,0.738512
30,0,9,vig_tiny,cifar10,0.1,6,_vig_blocks.5,0.732216
30,0,9,vig_tiny,cifar10,0.1,7,_vig_blocks.6,0.702019
30,0,9,vig_tiny,cifar10,0.1,8,_vig_blocks.7,0.690373
30,0,9,vig_tiny,cifar10,0.1,9,_vig_blocks.8,0.667504
30,0,9,vig_tiny,cifar10,0.1,10,_vig_blocks.9,0.634372
30,0,9,vig_tiny,cifar10,0.1,11,_vig_blocks.10,0.612925
30,0,9,vig_tiny,cifar10,0.1,12,_vig_blocks.11,0.561491
30,0,9,vig_tiny,cifar10,0.1,13,classifier,0.387095
30,1,2,vig_tiny,cifar10,0.1,0,_vig_stem,0.897076
30,1,2,vig_tiny,cifar10,0.1,1,_vig_blocks.0,0.792225
30,1,2,vig_tiny,cifar10,0.1,2,_vig_blocks.1,0.777996
30,1,2,vig_tiny,cifar10,0.1,3,_vig_blocks.2,0.770534
30,1,2,vig_tiny,cifar10,0.1,4,_vig_blocks.3,0.773543
30,1,2,vig_tiny,cifar10,0.1,5,_vig_blocks.4,0.770524
30,1,2,vig_tiny,cifar10,0.1,6,_vig_blocks.5,0.765757
30,1,2,vig_tiny,cifar10,0.1,7,_vig_blocks.6,0.736850
30,1,2,vig_tiny,cifar10,0.1,8,_vig_blocks.7,0.737114
30,1,2,vig_tiny,cifar10,0.1,9,_vig_blocks.8,0.731429
30,1,2,vig_tiny,cifar10,0.1,10,_vig_blocks.9,0.678849
30,1,2,vig_tiny,cifar10,0.1,11,_vig_blocks.10,0.645014
30,1,2,vig_tiny,cifar10,0.1,12,_vig_blocks.11,0.597803
30,1,2,vig_tiny,cifar10,0.1,13,classifier,0.197250
30,1,3,vig_tiny,cifar10,0.1,0,_vig_stem,0.941313
30,1,3,vig_tiny,cifar10,0.1,1,_vig_blocks.0,0.885604
30,1,3,vig_tiny,cifar10,0.1,2,_vig_blocks.1,0.863119
30,1,3,vig_tiny,cifar10,0.1,3,_vig_blocks.2,0.858029
30,1,3,vig_tiny,cifar10,0.1,4,_vig_blocks.3,0.871666
30,1,3,vig_tiny,cifar10,0.1,5,_vig_blocks.4,0.864020
30,1,3,vig_tiny,cifar10,0.1,6,_vig_blocks.5,0.847688
30,1,3,vig_tiny,cifar10,0.1,7,_vig_blocks.6,0.846701
30,1,3,vig_tiny,cifar10,0.1,8,_vig_blocks.7,0.845699
30,1,3,vig_tiny,cifar10,0.1,9,_vig_blocks.8,0.833466
30,1,3,vig_tiny,cifar10,0.1,10,_vig_blocks.9,0.799612
30,1,3,vig_tiny,cifar10,0.1,11,_vig_blocks.10,0.768237
30,1,3,vig_tiny,cifar10,0.1,12,_vig_blocks.11,0.698349
30,1,3,vig_tiny,cifar10,0.1,13,classifier,0.640886
30,1,4,vig_tiny,cifar10,0.1,0,_vig_stem,0.917967
30,1,4,vig_tiny,cifar10,0.1,1,_vig_blocks.0,0.843211
30,1,4,vig_tiny,cifar10,0.1,2,_vig_blocks.1,0.826962
30,1,4,vig_tiny,cifar10,0.1,3,_vig_blocks.2,0.842200
30,1,4,vig_tiny,cifar10,0.1,4,_vig_blocks.3,0.853266
30,1,4,vig_tiny,cifar10,0.1,5,_vig_blocks.4,0.849555
30,1,4,vig_tiny,cifar10,0.1,6,_vig_blocks.5,0.837837
30,1,4,vig_tiny,cifar10,0.1,7,_vig_blocks.6,0.808393
30,1,4,vig_tiny,cifar10,0.1,8,_vig_blocks.7,0.796911
30,1,4,vig_tiny,cifar10,0.1,9,_vig_blocks.8,0.773690
30,1,4,vig_tiny,cifar10,0.1,10,_vig_blocks.9,0.727450
30,1,4,vig_tiny,cifar10,0.1,11,_vig_blocks.10,0.685147
30,1,4,vig_tiny,cifar10,0.1,12,_vig_blocks.11,0.606072
30,1,4,vig_tiny,cifar10,0.1,13,classifier,0.452844
30,1,5,vig_tiny,cifar10,0.1,0,_vig_stem,0.857061
30,1,5,vig_tiny,cifar10,0.1,1,_vig_blocks.0,0.794965
30,1,5,vig_tiny,cifar10,0.1,2,_vig_blocks.1,0.784670
30,1,5,vig_tiny,cifar10,0.1,3,_vig_blocks.2,0.777101
30,1,5,vig_tiny,cifar10,0.1,4,_vig_blocks.3,0.785412
30,1,5,vig_tiny,cifar10,0.1,5,_vig_blocks.4,0.773102
30,1,5,vig_tiny,cifar10,0.1,6,_vig_blocks.5,0.763791
30,1,5,vig_tiny,cifar10,0.1,7,_vig_blocks.6,0.734511
30,1,5,vig_tiny,cifar10,0.1,8,_vig_blocks.7,0.711062
30,1,5,vig_tiny,cifar10,0.1,9,_vig_blocks.8,0.688203
30,1,5,vig_tiny,cifar10,0.1,10,_vig_blocks.9,0.651296
30,1,5,vig_tiny,cifar10,0.1,11,_vig_blocks.10,0.608220
30,1,5,vig_tiny,cifar10,0.1,12,_vig_blocks.11,0.557044
30,1,5,vig_tiny,cifar10,0.1,13,classifier,0.242608
30,1,6,vig_tiny,cifar10,0.1,0,_vig_stem,0.855955
30,1,6,vig_tiny,cifar10,0.1,1,_vig_blocks.0,0.784194
30,1,6,vig_tiny,cifar10,0.1,2,_vig_blocks.1,0.734708
30,1,6,vig_tiny,cifar10,0.1,3,_vig_blocks.2,0.732170
30,1,6,vig_tiny,cifar10,0.1,4,_vig_blocks.3,0.733439
30,1,6,vig_tiny,cifar10,0.1,5,_vig_blocks.4,0.734844
30,1,6,vig_tiny,cifar10,0.1,6,_vig_blocks.5,0.722508
30,1,6,vig_tiny,cifar10,0.1,7,_vig_blocks.6,0.709395
30,1,6,vig_tiny,cifar10,0.1,8,_vig_blocks.7,0.692995
30,1,6,vig_tiny,cifar10,0.1,9,_vig_blocks.8,0.686370
30,1,6,vig_tiny,cifar10,0.1,10,_vig_blocks.9,0.677091
30,1,6,vig_tiny,cifar10,0.1,11,_vig_blocks.10,0.667331
30,1,6,vig_tiny,cifar10,0.1,12,_vig_blocks.11,0.657571
30,1,6,vig_tiny,cifar10,0.1,13,classifier,0.528910
30,1,7,vig_tiny,cifar10,0.1,0,_vig_stem,0.941919
30,1,7,vig_tiny,cifar10,0.1,1,_vig_blocks.0,0.876759
30,1,7,vig_tiny,cifar10,0.1,2,_vig_blocks.1,0.854855
30,1,7,vig_tiny,cifar10,0.1,3,_vig_blocks.2,0.847390
30,1,7,vig_tiny,cifar10,0.1,4,_vig_blocks.3,0.859349
30,1,7,vig_tiny,cifar10,0.1,5,_vig_blocks.4,0.853935
30,1,7,vig_tiny,cifar10,0.1,6,_vig_blocks.5,0.831372
30,1,7,vig_tiny,cifar10,0.1,7,_vig_blocks.6,0.826321
30,1,7,vig_tiny,cifar10,0.1,8,_vig_blocks.7,0.820502
30,1,7,vig_tiny,cifar10,0.1,9,_vig_blocks.8,0.795693
30,1,7,vig_tiny,cifar10,0.1,10,_vig_blocks.9,0.756792
30,1,7,vig_tiny,cifar10,0.1,11,_vig_blocks.10,0.729095
30,1,7,vig_tiny,cifar10,0.1,12,_vig_blocks.11,0.664800
30,1,7,vig_tiny,cifar10,0.1,13,classifier,0.579314
30,1,8,vig_tiny,cifar10,0.1,0,_vig_stem,0.894057
30,1,8,vig_tiny,cifar10,0.1,1,_vig_blocks.0,0.832219
30,1,8,vig_tiny,cifar10,0.1,2,_vig_blocks.1,0.811836
30,1,8,vig_tiny,cifar10,0.1,3,_vig_blocks.2,0.809390
30,1,8,vig_tiny,cifar10,0.1,4,_vig_blocks.3,0.810397
30,1,8,vig_tiny,cifar10,0.1,5,_vig_blocks.4,0.805021
30,1,8,vig_tiny,cifar10,0.1,6,_vig_blocks.5,0.801079
30,1,8,vig_tiny,cifar10,0.1,7,_vig_blocks.6,0.767910
30,1,8,vig_tiny,cifar10,0.1,8,_vig_blocks.7,0.764412
30,1,8,vig_tiny,cifar10,0.1,9,_vig_blocks.8,0.749913
30,1,8,vig_tiny,cifar10,0.1,10,_vig_blocks.9,0.700344
30,1,8,vig_tiny,cifar10,0.1,11,_vig_blocks.10,0.645083
30,1,8,vig_tiny,cifar10,0.1,12,_vig_blocks.11,0.600657
30,1,8,vig_tiny,cifar10,0.1,13,classifier,0.337950
30,1,9,vig_tiny,cifar10,0.1,0,_vig_stem,0.858171
30,1,9,vig_tiny,cifar10,0.1,1,_vig_blocks.0,0.750488
30,1,9,vig_tiny,cifar10,0.1,2,_vig_blocks.1,0.741408
30,1,9,vig_tiny,cifar10,0.1,3,_vig_blocks.2,0.724187
30,1,9,vig_tiny,cifar10,0.1,4,_vig_blocks.3,0.762345
30,1,9,vig_tiny,cifar10,0.1,5,_vig_blocks.4,0.763872
30,1,9,vig_tiny,cifar10,0.1,6,_vig_blocks.5,0.758714
30,1,9,vig_tiny,cifar10,0.1,7,_vig_blocks.6,0.748786
30,1,9,vig_tiny,cifar10,0.1,8,_vig_blocks.7,0.745586
30,1,9,vig_tiny,cifar10,0.1,9,_vig_blocks.8,0.726560
30,1,9,vig_tiny,cifar10,0.1,10,_vig_blocks.9,0.698084
30,1,9,vig_tiny,cifar10,0.1,11,_vig_blocks.10,0.680375
30,1,9,vig_tiny,cifar10,0.1,12,_vig_blocks.11,0.614139
30,1,9,vig_tiny,cifar10,0.1,13,classifier,0.478356
30,2,3,vig_tiny,cifar10,0.1,0,_vig_stem,0.879954
30,2,3,vig_tiny,cifar10,0.1,1,_vig_blocks.0,0.778314
30,2,3,vig_tiny,cifar10,0.1,2,_vig_blocks.1,0.761462
30,2,3,vig_tiny,cifar10,0.1,3,_vig_blocks.2,0.738285
30,2,3,vig_tiny,cifar10,0.1,4,_vig_blocks.3,0.739668
30,2,3,vig_tiny,cifar10,0.1,5,_vig_blocks.4,0.736569
30,2,3,vig_tiny,cifar10,0.1,6,_vig_blocks.5,0.721882
30,2,3,vig_tiny,cifar10,0.1,7,_vig_blocks.6,0.699810
30,2,3,vig_tiny,cifar10,0.1,8,_vig_blocks.7,0.720860
30,2,3,vig_tiny,cifar10,0.1,9,_vig_blocks.8,0.722064
30,2,3,vig_tiny,cifar10,0.1,10,_vig_blocks.9,0.675560
30,2,3,vig_tiny,cifar10,0.1,11,_vig_blocks.10,0.635595
30,2,3,vig_tiny,cifar10,0.1,12,_vig_blocks.11,0.591965
30,2,3,vig_tiny,cifar10,0.1,13,classifier,0.285982
30,2,4,vig_tiny,cifar10,0.1,0,_vig_stem,0.934179
30,2,4,vig_tiny,cifar10,0.1,1,_vig_blocks.0,0.881554
30,2,4,vig_tiny,cifar10,0.1,2,_vig_blocks.1,0.867108
30,2,4,vig_tiny,cifar10,0.1,3,_vig_blocks.2,0.869922
30,2,4,vig_tiny,cifar10,0.1,4,_vig_blocks.3,0.856902
30,2,4,vig_tiny,cifar10,0.1,5,_vig_blocks.4,0.842990
30,2,4,vig_tiny,cifar10,0.1,6,_vig_blocks.5,0.828325
30,2,4,vig_tiny,cifar10,0.1,7,_vig_blocks.6,0.801419
30,2,4,vig_tiny,cifar10,0.1,8,_vig_blocks.7,0.796093
30,2,4,vig_tiny,cifar10,0.1,9,_vig_blocks.8,0.790944
30,2,4,vig_tiny,cifar10,0.1,10,_vig_blocks.9,0.749979
30,2,4,vig_tiny,cifar10,0.1,11,_vig_blocks.10,0.697318
30,2,4,vig_tiny,cifar10,0.1,12,_vig_blocks.11,0.631516
30,2,4,vig_tiny,cifar10,0.1,13,classifier,0.226124
30,2,5,vig_tiny,cifar10,0.1,0,_vig_stem,0.914827
30,2,5,vig_tiny,cifar10,0.1,1,_vig_blocks.0,0.895720
30,2,5,vig_tiny,cifar10,0.1,2,_vig_blocks.1,0.885361
30,2,5,vig_tiny,cifar10,0.1,3,_vig_blocks.2,0.884643
30,2,5,vig_tiny,cifar10,0.1,4,_vig_blocks.3,0.882719
30,2,5,vig_tiny,cifar10,0.1,5,_vig_blocks.4,0.869976
30,2,5,vig_tiny,cifar10,0.1,6,_vig_blocks.5,0.855866
30,2,5,vig_tiny,cifar10,0.1,7,_vig_blocks.6,0.841487
30,2,5,vig_tiny,cifar10,0.1,8,_vig_blocks.7,0.848410
30,2,5,vig_tiny,cifar10,0.1,9,_vig_blocks.8,0.833614
30,2,5,vig_tiny,cifar10,0.1,10,_vig_blocks.9,0.814253
30,2,5,vig_tiny,cifar10,0.1,11,_vig_blocks.10,0.790006
30,2,5,vig_tiny,cifar10,0.1,12,_vig_blocks.11,0.733893
30,2,5,vig_tiny,cifar10,0.1,13,classifier,0.337070
30,2,6,vig_tiny,cifar10,0.1,0,_vig_stem,0.809247
30,2,6,vig_tiny,cifar10,0.1,1,_vig_blocks.0,0.784862
30,2,6,vig_tiny,cifar10,0.1,2,_vig_blocks.1,0.756922
30,2,6,vig_tiny,cifar10,0.1,3,_vig_blocks.2,0.767566
30,2,6,vig_tiny,cifar10,0.1,4,_vig_blocks.3,0.782933
30,2,6,vig_tiny,cifar10,0.1,5,_vig_blocks.4,0.780810
30,2,6,vig_tiny,cifar10,0.1,6,_vig_blocks.5,0.762739
30,2,6,vig_tiny,cifar10,0.1,7,_vig_blocks.6,0.760867
30,2,6,vig_tiny,cifar10,0.1,8,_vig_blocks.7,0.756981
30,2,6,vig_tiny,cifar10,0.1,9,_vig_blocks.8,0.747621
30,2,6,vig_tiny,cifar10,0.1,10,_vig_blocks.9,0.749407
30,2,6,vig_tiny,cifar10,0.1,11,_vig_blocks.10,0.740238
30,2,6,vig_tiny,cifar10,0.1,12,_vig_blocks.11,0.717760
30,2,6,vig_tiny,cifar10,0.1,13,classifier,0.206740
30,2,7,vig_tiny,cifar10,0.1,0,_vig_stem,0.901378
30,2,7,vig_tiny,cifar10,0.1,1,_vig_blocks.0,0.796267
30,2,7,vig_tiny,cifar10,0.1,2,_vig_blocks.1,0.772231
30,2,7,vig_tiny,cifar10,0.1,3,_vig_blocks.2,0.751350
30,2,7,vig_tiny,cifar10,0.1,4,_vig_blocks.3,0.752448
30,2,7,vig_tiny,cifar10,0.1,5,_vig_blocks.4,0.750868
30,2,7,vig_tiny,cifar10,0.1,6,_vig_blocks.5,0.738940
30,2,7,vig_tiny,cifar10,0.1,7,_vig_blocks.6,0.716438
30,2,7,vig_tiny,cifar10,0.1,8,_vig_blocks.7,0.730972
30,2,7,vig_tiny,cifar10,0.1,9,_vig_blocks.8,0.726418
30,2,7,vig_tiny,cifar10,0.1,10,_vig_blocks.9,0.673376
30,2,7,vig_tiny,cifar10,0.1,11,_vig_blocks.10,0.624350
30,2,7,vig_tiny,cifar10,0.1,12,_vig_blocks.11,0.574177
30,2,7,vig_tiny,cifar10,0.1,13,classifier,0.239569
30,2,8,vig_tiny,cifar10,0.1,0,_vig_stem,0.919439
30,2,8,vig_tiny,cifar10,0.1,1,_vig_blocks.0,0.877576
30,2,8,vig_tiny,cifar10,0.1,2,_vig_blocks.1,0.854513
30,2,8,vig_tiny,cifar10,0.1,3,_vig_blocks.2,0.872046
30,2,8,vig_tiny,cifar10,0.1,4,_vig_blocks.3,0.855395
30,2,8,vig_tiny,cifar10,0.1,5,_vig_blocks.4,0.843700
30,2,8,vig_tiny,cifar10,0.1,6,_vig_blocks.5,0.827137
30,2,8,vig_tiny,cifar10,0.1,7,_vig_blocks.6,0.811960
30,2,8,vig_tiny,cifar10,0.1,8,_vig_blocks.7,0.814467
30,2,8,vig_tiny,cifar10,0.1,9,_vig_blocks.8,0.793347
30,2,8,vig_tiny,cifar10,0.1,10,_vig_blocks.9,0.762074
30,2,8,vig_tiny,cifar10,0.1,11,_vig_blocks.10,0.729074
30,2,8,vig_tiny,cifar10,0.1,12,_vig_blocks.11,0.708798
30,2,8,vig_tiny,cifar10,0.1,13,classifier,0.362092
30,2,9,vig_tiny,cifar10,0.1,0,_vig_stem,0.801152
30,2,9,vig_tiny,cifar10,0.1,1,_vig_blocks.0,0.651194
30,2,9,vig_tiny,cifar10,0.1,2,_vig_blocks.1,0.657046
30,2,9,vig_tiny,cifar10,0.1,3,_vig_blocks.2,0.638019
30,2,9,vig_tiny,cifar10,0.1,4,_vig_blocks.3,0.664930
30,2,9,vig_tiny,cifar10,0.1,5,_vig_blocks.4,0.661756
30,2,9,vig_tiny,cifar10,0.1,6,_vig_blocks.5,0.656448
30,2,9,vig_tiny,cifar10,0.1,7,_vig_blocks.6,0.639942
30,2,9,vig_tiny,cifar10,0.1,8,_vig_blocks.7,0.642960
30,2,9,vig_tiny,cifar10,0.1,9,_vig_blocks.8,0.621434
30,2,9,vig_tiny,cifar10,0.1,10,_vig_blocks.9,0.576138
30,2,9,vig_tiny,cifar10,0.1,11,_vig_blocks.10,0.543597
30,2,9,vig_tiny,cifar10,0.1,12,_vig_blocks.11,0.500066
30,2,9,vig_tiny,cifar10,0.1,13,classifier,0.109937
30,3,4,vig_tiny,cifar10,0.1,0,_vig_stem,0.937238
30,3,4,vig_tiny,cifar10,0.1,1,_vig_blocks.0,0.885157
30,3,4,vig_tiny,cifar10,0.1,2,_vig_blocks.1,0.872646
30,3,4,vig_tiny,cifar10,0.1,3,_vig_blocks.2,0.873997
30,3,4,vig_tiny,cifar10,0.1,4,_vig_blocks.3,0.879569
30,3,4,vig_tiny,cifar10,0.1,5,_vig_blocks.4,0.878442
30,3,4,vig_tiny,cifar10,0.1,6,_vig_blocks.5,0.862920
30,3,4,vig_tiny,cifar10,0.1,7,_vig_blocks.6,0.841924
30,3,4,vig_tiny,cifar10,0.1,8,_vig_blocks.7,0.834880
30,3,4,vig_tiny,cifar10,0.1,9,_vig_blocks.8,0.803328
30,3,4,vig_tiny,cifar10,0.1,10,_vig_blocks.9,0.758640
30,3,4,vig_tiny,cifar10,0.1,11,_vig_blocks.10,0.700331
30,3,4,vig_tiny,cifar10,0.1,12,_vig_blocks.11,0.609397
30,3,4,vig_tiny,cifar10,0.1,13,classifier,0.496979
30,3,5,vig_tiny,cifar10,0.1,0,_vig_stem,0.827891
30,3,5,vig_tiny,cifar10,0.1,1,_vig_blocks.0,0.779010
30,3,5,vig_tiny,cifar10,0.1,2,_vig_blocks.1,0.764911
30,3,5,vig_tiny,cifar10,0.1,3,_vig_blocks.2,0.739253
30,3,5,vig_tiny,cifar10,0.1,4,_vig_blocks.3,0.747475
30,3,5,vig_tiny,cifar10,0.1,5,_vig_blocks.4,0.736733
30,3,5,vig_tiny,cifar10,0.1,6,_vig_blocks.5,0.724009
30,3,5,vig_tiny,cifar10,0.1,7,_vig_blocks.6,0.711727
30,3,5,vig_tiny,cifar10,0.1,8,_vig_blocks.7,0.710616
30,3,5,vig_tiny,cifar10,0.1,9,_vig_blocks.8,0.703677
30,3,5,vig_tiny,cifar10,0.1,10,_vig_blocks.9,0.676179
30,3,5,vig_tiny,cifar10,0.1,11,_vig_blocks.10,0.638470
30,3,5,vig_tiny,cifar10,0.1,12,_vig_blocks.11,0.600355
30,3,5,vig_tiny,cifar10,0.1,13,classifier,0.358228
30,3,6,vig_tiny,cifar10,0.1,0,_vig_stem,0.816076
30,3,6,vig_tiny,cifar10,0.1,1,_vig_blocks.0,0.743669
30,3,6,vig_tiny,cifar10,0.1,2,_vig_blocks.1,0.678691
30,3,6,vig_tiny,cifar10,0.1,3,_vig_blocks.2,0.669322
30,3,6,vig_tiny,cifar10,0.1,4,_vig_blocks.3,0.670319
30,3,6,vig_tiny,cifar10,0.1,5,_vig_blocks.4,0.678834
30,3,6,vig_tiny,cifar10,0.1,6,_vig_blocks.5,0.650751
30,3,6,vig_tiny,cifar10,0.1,7,_vig_blocks.6,0.655590
30,3,6,vig_tiny,cifar10,0.1,8,_vig_blocks.7,0.657122
30,3,6,vig_tiny,cifar10,0.1,9,_vig_blocks.8,0.645721
30,3,6,vig_tiny,cifar10,0.1,10,_vig_blocks.9,0.634967
30,3,6,vig_tiny,cifar10,0.1,11,_vig_blocks.10,0.629840
30,3,6,vig_tiny,cifar10,0.1,12,_vig_blocks.11,0.616602
30,3,6,vig_tiny,cifar10,0.1,13,classifier,0.579931
30,3,7,vig_tiny,cifar10,0.1,0,_vig_stem,0.985715
30,3,7,vig_tiny,cifar10,0.1,1,_vig_blocks.0,0.982072
30,3,7,vig_tiny,cifar10,0.1,2,_vig_blocks.1,0.978939
30,3,7,vig_tiny,cifar10,0.1,3,_vig_blocks.2,0.978793
30,3,7,vig_tiny,cifar10,0.1,4,_vig_blocks.3,0.976870
30,3,7,vig_tiny,cifar10,0.1,5,_vig_blocks.4,0.976496
30,3,7,vig_tiny,cifar10,0.1,6,_vig_blocks.5,0.969250
30,3,7,vig_tiny,cifar10,0.1,7,_vig_blocks.6,0.961649
30,3,7,vig_tiny,cifar10,0.1,8,_vig_blocks.7,0.958968
30,3,7,vig_tiny,cifar10,0.1,9,_vig_blocks.8,0.943175
30,3,7,vig_tiny,cifar10,0.1,10,_vig_blocks.9,0.917529
30,3,7,vig_tiny,cifar10,0.1,11,_vig_blocks.10,0.892579
30,3,7,vig_tiny,cifar10,0.1,12,_vig_blocks.11,0.861268
30,3,7,vig_tiny,cifar10,0.1,13,classifier,0.789745
30,3,8,vig_tiny,cifar10,0.1,0,_vig_stem,0.878716
30,3,8,vig_tiny,cifar10,0.1,1,_vig_blocks.0,0.807650
30,3,8,vig_tiny,cifar10,0.1,2,_vig_blocks.1,0.763530
30,3,8,vig_tiny,cifar10,0.1,3,_vig_blocks.2,0.764308
30,3,8,vig_tiny,cifar10,0.1,4,_vig_blocks.3,0.748011
30,3,8,vig_tiny,cifar10,0.1,5,_vig_blocks.4,0.740585
30,3,8,vig_tiny,cifar10,0.1,6,_vig_blocks.5,0.729661
30,3,8,vig_tiny,cifar10,0.1,7,_vig_blocks.6,0.714635
30,3,8,vig_tiny,cifar10,0.1,8,_vig_blocks.7,0.728274
30,3,8,vig_tiny,cifar10,0.1,9,_vig_blocks.8,0.714912
30,3,8,vig_tiny,cifar10,0.1,10,_vig_blocks.9,0.676884
30,3,8,vig_tiny,cifar10,0.1,11,_vig_blocks.10,0.621928
30,3,8,vig_tiny,cifar10,0.1,12,_vig_blocks.11,0.586547
30,3,8,vig_tiny,cifar10,0.1,13,classifier,0.388658
30,3,9,vig_tiny,cifar10,0.1,0,_vig_stem,0.927603
30,3,9,vig_tiny,cifar10,0.1,1,_vig_blocks.0,0.819210
30,3,9,vig_tiny,cifar10,0.1,2,_vig_blocks.1,0.804601
30,3,9,vig_tiny,cifar10,0.1,3,_vig_blocks.2,0.779162
30,3,9,vig_tiny,cifar10,0.1,4,_vig_blocks.3,0.817495
30,3,9,vig_tiny,cifar10,0.1,5,_vig_blocks.4,0.812395
30,3,9,vig_tiny,cifar10,0.1,6,_vig_blocks.5,0.814197
30,3,9,vig_tiny,cifar10,0.1,7,_vig_blocks.6,0.797865
30,3,9,vig_tiny,cifar10,0.1,8,_vig_blocks.7,0.791457
30,3,9,vig_tiny,cifar10,0.1,9,_vig_blocks.8,0.775001
30,3,9,vig_tiny,cifar10,0.1,10,_vig_blocks.9,0.751568
30,3,9,vig_tiny,cifar10,0.1,11,_vig_blocks.10,0.722421
30,3,9,vig_tiny,cifar10,0.1,12,_vig_blocks.11,0.667005
30,3,9,vig_tiny,cifar10,0.1,13,classifier,0.669723
30,4,5,vig_tiny,cifar10,0.1,0,_vig_stem,0.886733
30,4,5,vig_tiny,cifar10,0.1,1,_vig_blocks.0,0.859178
30,4,5,vig_tiny,cifar10,0.1,2,_vig_blocks.1,0.840124
30,4,5,vig_tiny,cifar10,0.1,3,_vig_blocks.2,0.835441
30,4,5,vig_tiny,cifar10,0.1,4,_vig_blocks.3,0.827251
30,4,5,vig_tiny,cifar10,0.1,5,_vig_blocks.4,0.813949
30,4,5,vig_tiny,cifar10,0.1,6,_vig_blocks.5,0.789668
30,4,5,vig_tiny,cifar10,0.1,7,_vig_blocks.6,0.765570
30,4,5,vig_tiny,cifar10,0.1,8,_vig_blocks.7,0.758161
30,4,5,vig_tiny,cifar10,0.1,9,_vig_blocks.8,0.735624
30,4,5,vig_tiny,cifar10,0.1,10,_vig_blocks.9,0.702627
30,4,5,vig_tiny,cifar10,0.1,11,_vig_blocks.10,0.657052
30,4,5,vig_tiny,cifar10,0.1,12,_vig_blocks.11,0.594297
30,4,5,vig_tiny,cifar10,0.1,13,classifier,0.252884
30,4,6,vig_tiny,cifar10,0.1,0,_vig_stem,0.831759
30,4,6,vig_tiny,cifar10,0.1,1,_vig_blocks.0,0.787847
30,4,6,vig_tiny,cifar10,0.1,2,_vig_blocks.1,0.722627
30,4,6,vig_tiny,cifar10,0.1,3,_vig_blocks.2,0.722163
30,4,6,vig_tiny,cifar10,0.1,4,_vig_blocks.3,0.724022
30,4,6,vig_tiny,cifar10,0.1,5,_vig_blocks.4,0.717271
30,4,6,vig_tiny,cifar10,0.1,6,_vig_blocks.5,0.687567
30,4,6,vig_tiny,cifar10,0.1,7,_vig_blocks.6,0.671450
30,4,6,vig_tiny,cifar10,0.1,8,_vig_blocks.7,0.664435
30,4,6,vig_tiny,cifar10,0.1,9,_vig_blocks.8,0.655548
30,4,6,vig_tiny,cifar10,0.1,10,_vig_blocks.9,0.646610
30,4,6,vig_tiny,cifar10,0.1,11,_vig_blocks.10,0.612424
30,4,6,vig_tiny,cifar10,0.1,12,_vig_blocks.11,0.569325
30,4,6,vig_tiny,cifar10,0.1,13,classifier,0.464398
30,4,7,vig_tiny,cifar10,0.1,0,_vig_stem,0.944772
30,4,7,vig_tiny,cifar10,0.1,1,_vig_blocks.0,0.894259
30,4,7,vig_tiny,cifar10,0.1,2,_vig_blocks.1,0.886556
30,4,7,vig_tiny,cifar10,0.1,3,_vig_blocks.2,0.886972
30,4,7,vig_tiny,cifar10,0.1,4,_vig_blocks.3,0.893317
30,4,7,vig_tiny,cifar10,0.1,5,_vig_blocks.4,0.894272
30,4,7,vig_tiny,cifar10,0.1,6,_vig_blocks.5,0.878888
30,4,7,vig_tiny,cifar10,0.1,7,_vig_blocks.6,0.860558
30,4,7,vig_tiny,cifar10,0.1,8,_vig_blocks.7,0.850448
30,4,7,vig_tiny,cifar10,0.1,9,_vig_blocks.8,0.820729
30,4,7,vig_tiny,cifar10,0.1,10,_vig_blocks.9,0.773533
30,4,7,vig_tiny,cifar10,0.1,11,_vig_blocks.10,0.719322
30,4,7,vig_tiny,cifar10,0.1,12,_vig_blocks.11,0.644399
30,4,7,vig_tiny,cifar10,0.1,13,classifier,0.488256
30,4,8,vig_tiny,cifar10,0.1,0,_vig_stem,0.906657
30,4,8,vig_tiny,cifar10,0.1,1,_vig_blocks.0,0.868368
30,4,8,vig_tiny,cifar10,0.1,2,_vig_blocks.1,0.836227
30,4,8,vig_tiny,cifar10,0.1,3,_vig_blocks.2,0.865629
30,4,8,vig_tiny,cifar10,0.1,4,_vig_blocks.3,0.843489
30,4,8,vig_tiny,cifar10,0.1,5,_vig_blocks.4,0.832781
30,4,8,vig_tiny,cifar10,0.1,6,_vig_blocks.5,0.818019
30,4,8,vig_tiny,cifar10,0.1,7,_vig_blocks.6,0.790655
30,4,8,vig_tiny,cifar10,0.1,8,_vig_blocks.7,0.783069
30,4,8,vig_tiny,cifar10,0.1,9,_vig_blocks.8,0.767713
30,4,8,vig_tiny,cifar10,0.1,10,_vig_blocks.9,0.739383
30,4,8,vig_tiny,cifar10,0.1,11,_vig_blocks.10,0.684330
30,4,8,vig_tiny,cifar10,0.1,12,_vig_blocks.11,0.632870
30,4,8,vig_tiny,cifar10,0.1,13,classifier,0.365998
30,4,9,vig_tiny,cifar10,0.1,0,_vig_stem,0.887438
30,4,9,vig_tiny,cifar10,0.1,1,_vig_blocks.0,0.802848
30,4,9,vig_tiny,cifar10,0.1,2,_vig_blocks.1,0.815186
30,4,9,vig_tiny,cifar10,0.1,3,_vig_blocks.2,0.799066
30,4,9,vig_tiny,cifar10,0.1,4,_vig_blocks.3,0.829346
30,4,9,vig_tiny,cifar10,0.1,5,_vig_blocks.4,0.833488
30,4,9,vig_tiny,cifar10,0.1,6,_vig_blocks.5,0.824647
30,4,9,vig_tiny,cifar10,0.1,7,_vig_blocks.6,0.813266
30,4,9,vig_tiny,cifar10,0.1,8,_vig_blocks.7,0.798775
30,4,9,vig_tiny,cifar10,0.1,9,_vig_blocks.8,0.767781
30,4,9,vig_tiny,cifar10,0.1,10,_vig_blocks.9,0.730411
30,4,9,vig_tiny,cifar10,0.1,11,_vig_blocks.10,0.693803
30,4,9,vig_tiny,cifar10,0.1,12,_vig_blocks.11,0.634945
30,4,9,vig_tiny,cifar10,0.1,13,classifier,0.478027
30,5,6,vig_tiny,cifar10,0.1,0,_vig_stem,0.851793
30,5,6,vig_tiny,cifar10,0.1,1,_vig_blocks.0,0.862982
30,5,6,vig_tiny,cifar10,0.1,2,_vig_blocks.1,0.833967
30,5,6,vig_tiny,cifar10,0.1,3,_vig_blocks.2,0.823639
30,5,6,vig_tiny,cifar10,0.1,4,_vig_blocks.3,0.824845
30,5,6,vig_tiny,cifar10,0.1,5,_vig_blocks.4,0.824077
30,5,6,vig_tiny,cifar10,0.1,6,_vig_blocks.5,0.823333
30,5,6,vig_tiny,cifar10,0.1,7,_vig_blocks.6,0.816920
30,5,6,vig_tiny,cifar10,0.1,8,_vig_blocks.7,0.800483
30,5,6,vig_tiny,cifar10,0.1,9,_vig_blocks.8,0.782245
30,5,6,vig_tiny,cifar10,0.1,10,_vig_blocks.9,0.765163
30,5,6,vig_tiny,cifar10,0.1,11,_vig_blocks.10,0.737256
30,5,6,vig_tiny,cifar10,0.1,12,_vig_blocks.11,0.681355
30,5,6,vig_tiny,cifar10,0.1,13,classifier,0.187571
30,5,7,vig_tiny,cifar10,0.1,0,_vig_stem,0.849690
30,5,7,vig_tiny,cifar10,0.1,1,_vig_blocks.0,0.792049
30,5,7,vig_tiny,cifar10,0.1,2,_vig_blocks.1,0.772410
30,5,7,vig_tiny,cifar10,0.1,3,_vig_blocks.2,0.750728
30,5,7,vig_tiny,cifar10,0.1,4,_vig_blocks.3,0.759639
30,5,7,vig_tiny,cifar10,0.1,5,_vig_blocks.4,0.750801
30,5,7,vig_tiny,cifar10,0.1,6,_vig_blocks.5,0.736833
30,5,7,vig_tiny,cifar10,0.1,7,_vig_blocks.6,0.724156
30,5,7,vig_tiny,cifar10,0.1,8,_vig_blocks.7,0.725175
30,5,7,vig_tiny,cifar10,0.1,9,_vig_blocks.8,0.719797
30,5,7,vig_tiny,cifar10,0.1,10,_vig_blocks.9,0.696969
30,5,7,vig_tiny,cifar10,0.1,11,_vig_blocks.10,0.672140
30,5,7,vig_tiny,cifar10,0.1,12,_vig_blocks.11,0.656166
30,5,7,vig_tiny,cifar10,0.1,13,classifier,0.489212
30,5,8,vig_tiny,cifar10,0.1,0,_vig_stem,0.918232
30,5,8,vig_tiny,cifar10,0.1,1,_vig_blocks.0,0.893005
30,5,8,vig_tiny,cifar10,0.1,2,_vig_blocks.1,0.869484
30,5,8,vig_tiny,cifar10,0.1,3,_vig_blocks.2,0.877661
30,5,8,vig_tiny,cifar10,0.1,4,_vig_blocks.3,0.870802
30,5,8,vig_tiny,cifar10,0.1,5,_vig_blocks.4,0.866318
30,5,8,vig_tiny,cifar10,0.1,6,_vig_blocks.5,0.842934
30,5,8,vig_tiny,cifar10,0.1,7,_vig_blocks.6,0.829871
30,5,8,vig_tiny,cifar10,0.1,8,_vig_blocks.7,0.820000
30,5,8,vig_tiny,cifar10,0.1,9,_vig_blocks.8,0.800606
30,5,8,vig_tiny,cifar10,0.1,10,_vig_blocks.9,0.777228
30,5,8,vig_tiny,cifar10,0.1,11,_vig_blocks.10,0.736399
30,5,8,vig_tiny,cifar10,0.1,12,_vig_blocks.11,0.714006
30,5,8,vig_tiny,cifar10,0.1,13,classifier,0.455861
30,5,9,vig_tiny,cifar10,0.1,0,_vig_stem,0.731638
30,5,9,vig_tiny,cifar10,0.1,1,_vig_blocks.0,0.643703
30,5,9,vig_tiny,cifar10,0.1,2,_vig_blocks.1,0.662104
30,5,9,vig_tiny,cifar10,0.1,3,_vig_blocks.2,0.645880
30,5,9,vig_tiny,cifar10,0.1,4,_vig_blocks.3,0.676595
30,5,9,vig_tiny,cifar10,0.1,5,_vig_blocks.4,0.677573
30,5,9,vig_tiny,cifar10,0.1,6,_vig_blocks.5,0.660341
30,5,9,vig_tiny,cifar10,0.1,7,_vig_blocks.6,0.653146
30,5,9,vig_tiny,cifar10,0.1,8,_vig_blocks.7,0.642721
30,5,9,vig_tiny,cifar10,0.1,9,_vig_blocks.8,0.613971
30,5,9,vig_tiny,cifar10,0.1,10,_vig_blocks.9,0.581535
30,5,9,vig_tiny,cifar10,0.1,11,_vig_blocks.10,0.559996
30,5,9,vig_tiny,cifar10,0.1,12,_vig_blocks.11,0.524733
30,5,9,vig_tiny,cifar10,0.1,13,classifier,0.257512
30,6,7,vig_tiny,cifar10,0.1,0,_vig_stem,0.794141
30,6,7,vig_tiny,cifar10,0.1,1,_vig_blocks.0,0.742463
30,6,7,vig_tiny,cifar10,0.1,2,_vig_blocks.1,0.667312
30,6,7,vig_tiny,cifar10,0.1,3,_vig_blocks.2,0.655985
30,6,7,vig_tiny,cifar10,0.1,4,_vig_blocks.3,0.655919
30,6,7,vig_tiny,cifar10,0.1,5,_vig_blocks.4,0.659644
30,6,7,vig_tiny,cifar10,0.1,6,_vig_blocks.5,0.629582
30,6,7,vig_tiny,cifar10,0.1,7,_vig_blocks.6,0.624041
30,6,7,vig_tiny,cifar10,0.1,8,_vig_blocks.7,0.618969
30,6,7,vig_tiny,cifar10,0.1,9,_vig_blocks.8,0.599965
30,6,7,vig_tiny,cifar10,0.1,10,_vig_blocks.9,0.582523
30,6,7,vig_tiny,cifar10,0.1,11,_vig_blocks.10,0.556816
30,6,7,vig_tiny,cifar10,0.1,12,_vig_blocks.11,0.541449
30,6,7,vig_tiny,cifar10,0.1,13,classifier,0.435308
30,6,8,vig_tiny,cifar10,0.1,0,_vig_stem,0.854957
30,6,8,vig_tiny,cifar10,0.1,1,_vig_blocks.0,0.817376
30,6,8,vig_tiny,cifar10,0.1,2,_vig_blocks.1,0.773468
30,6,8,vig_tiny,cifar10,0.1,3,_vig_blocks.2,0.780977
30,6,8,vig_tiny,cifar10,0.1,4,_vig_blocks.3,0.779198
30,6,8,vig_tiny,cifar10,0.1,5,_vig_blocks.4,0.773477
30,6,8,vig_tiny,cifar10,0.1,6,_vig_blocks.5,0.759689
30,6,8,vig_tiny,cifar10,0.1,7,_vig_blocks.6,0.743943
30,6,8,vig_tiny,cifar10,0.1,8,_vig_blocks.7,0.747209
30,6,8,vig_tiny,cifar10,0.1,9,_vig_blocks.8,0.744593
30,6,8,vig_tiny,cifar10,0.1,10,_vig_blocks.9,0.715769
30,6,8,vig_tiny,cifar10,0.1,11,_vig_blocks.10,0.683560
30,6,8,vig_tiny,cifar10,0.1,12,_vig_blocks.11,0.662921
30,6,8,vig_tiny,cifar10,0.1,13,classifier,0.295692
30,6,9,vig_tiny,cifar10,0.1,0,_vig_stem,0.672339
30,6,9,vig_tiny,cifar10,0.1,1,_vig_blocks.0,0.572083
30,6,9,vig_tiny,cifar10,0.1,2,_vig_blocks.1,0.538469
30,6,9,vig_tiny,cifar10,0.1,3,_vig_blocks.2,0.528758
30,6,9,vig_tiny,cifar10,0.1,4,_vig_blocks.3,0.555660
30,6,9,vig_tiny,cifar10,0.1,5,_vig_blocks.4,0.562837
30,6,9,vig_tiny,cifar10,0.1,6,_vig_blocks.5,0.552840
30,6,9,vig_tiny,cifar10,0.1,7,_vig_blocks.6,0.561441
30,6,9,vig_tiny,cifar10,0.1,8,_vig_blocks.7,0.570830
30,6,9,vig_tiny,cifar10,0.1,9,_vig_blocks.8,0.556676
30,6,9,vig_tiny,cifar10,0.1,10,_vig_blocks.9,0.521381
30,6,9,vig_tiny,cifar10,0.1,11,_vig_blocks.10,0.500375
30,6,9,vig_tiny,cifar10,0.1,12,_vig_blocks.11,0.495985
30,6,9,vig_tiny,cifar10,0.1,13,classifier,0.473208
30,7,8,vig_tiny,cifar10,0.1,0,_vig_stem,0.886033
30,7,8,vig_tiny,cifar10,0.1,1,_vig_blocks.0,0.827866
30,7,8,vig_tiny,cifar10,0.1,2,_vig_blocks.1,0.783514
30,7,8,vig_tiny,cifar10,0.1,3,_vig_blocks.2,0.777927
30,7,8,vig_tiny,cifar10,0.1,4,_vig_blocks.3,0.758891
30,7,8,vig_tiny,cifar10,0.1,5,_vig_blocks.4,0.754210
30,7,8,vig_tiny,cifar10,0.1,6,_vig_blocks.5,0.740565
30,7,8,vig_tiny,cifar10,0.1,7,_vig_blocks.6,0.727470
30,7,8,vig_tiny,cifar10,0.1,8,_vig_blocks.7,0.730116
30,7,8,vig_tiny,cifar10,0.1,9,_vig_blocks.8,0.714253
30,7,8,vig_tiny,cifar10,0.1,10,_vig_blocks.9,0.690020
30,7,8,vig_tiny,cifar10,0.1,11,_vig_blocks.10,0.636949
30,7,8,vig_tiny,cifar10,0.1,12,_vig_blocks.11,0.616240
30,7,8,vig_tiny,cifar10,0.1,13,classifier,0.425377
30,7,9,vig_tiny,cifar10,0.1,0,_vig_stem,0.932352
30,7,9,vig_tiny,cifar10,0.1,1,_vig_blocks.0,0.827839
30,7,9,vig_tiny,cifar10,0.1,2,_vig_blocks.1,0.820559
30,7,9,vig_tiny,cifar10,0.1,3,_vig_blocks.2,0.798884
30,7,9,vig_tiny,cifar10,0.1,4,_vig_blocks.3,0.835249
30,7,9,vig_tiny,cifar10,0.1,5,_vig_blocks.4,0.827509
30,7,9,vig_tiny,cifar10,0.1,6,_vig_blocks.5,0.826993
30,7,9,vig_tiny,cifar10,0.1,7,_vig_blocks.6,0.812139
30,7,9,vig_tiny,cifar10,0.1,8,_vig_blocks.7,0.806898
30,7,9,vig_tiny,cifar10,0.1,9,_vig_blocks.8,0.789392
30,7,9,vig_tiny,cifar10,0.1,10,_vig_blocks.9,0.779392
30,7,9,vig_tiny,cifar10,0.1,11,_vig_blocks.10,0.757337
30,7,9,vig_tiny,cifar10,0.1,12,_vig_blocks.11,0.706585
30,7,9,vig_tiny,cifar10,0.1,13,classifier,0.646859
30,8,9,vig_tiny,cifar10,0.1,0,_vig_stem,0.795656
30,8,9,vig_tiny,cifar10,0.1,1,_vig_blocks.0,0.713525
30,8,9,vig_tiny,cifar10,0.1,2,_vig_blocks.1,0.727236
30,8,9,vig_tiny,cifar10,0.1,3,_vig_blocks.2,0.722429
30,8,9,vig_tiny,cifar10,0.1,4,_vig_blocks.3,0.718198
30,8,9,vig_tiny,cifar10,0.1,5,_vig_blocks.4,0.725322
30,8,9,vig_tiny,cifar10,0.1,6,_vig_blocks.5,0.729038
30,8,9,vig_tiny,cifar10,0.1,7,_vig_blocks.6,0.719899
30,8,9,vig_tiny,cifar10,0.1,8,_vig_blocks.7,0.703208
30,8,9,vig_tiny,cifar10,0.1,9,_vig_blocks.8,0.683472
30,8,9,vig_tiny,cifar10,0.1,10,_vig_blocks.9,0.635903
30,8,9,vig_tiny,cifar10,0.1,11,_vig_blocks.10,0.585971
30,8,9,vig_tiny,cifar10,0.1,12,_vig_blocks.11,0.535945
30,8,9,vig_tiny,cifar10,0.1,13,classifier,0.222140
40,0,1,vig_tiny,cifar10,0.1,0,_vig_stem,0.949276
40,0,1,vig_tiny,cifar10,0.1,1,_vig_blocks.0,0.959119
40,0,1,vig_tiny,cifar10,0.1,2,_vig_blocks.1,0.960637
40,0,1,vig_tiny,cifar10,0.1,3,_vig_blocks.2,0.967866
40,0,1,vig_tiny,cifar10,0.1,4,_vig_blocks.3,0.968993
40,0,1,vig_tiny,cifar10,0.1,5,_vig_blocks.4,0.970717
40,0,1,vig_tiny,cifar10,0.1,6,_vig_blocks.5,0.974675
40,0,1,vig_tiny,cifar10,0.1,7,_vig_blocks.6,0.976162
40,0,1,vig_tiny,cifar10,0.1,8,_vig_blocks.7,0.976583
40,0,1,vig_tiny,cifar10,0.1,9,_vig_blocks.8,0.980099
40,0,1,vig_tiny,cifar10,0.1,10,_vig_blocks.9,0.981935
40,0,1,vig_tiny,cifar10,0.1,11,_vig_blocks.10,0.980797
40,0,1,vig_tiny,cifar10,0.1,12,_vig_blocks.11,0.980996
40,0,1,vig_tiny,cifar10,0.1,13,classifier,0.394986
40,0,2,vig_tiny,cifar10,0.1,0,_vig_stem,0.910223
40,0,2,vig_tiny,cifar10,0.1,1,_vig_blocks.0,0.928238
40,0,2,vig_tiny,cifar10,0.1,2,_vig_blocks.1,0.929794
40,0,2,vig_tiny,cifar10,0.1,3,_vig_blocks.2,0.938370
40,0,2,vig_tiny,cifar10,0.1,4,_vig_blocks.3,0.944052
40,0,2,vig_tiny,cifar10,0.1,5,_vig_blocks.4,0.945190
40,0,2,vig_tiny,cifar10,0.1,6,_vig_blocks.5,0.950210
40,0,2,vig_tiny,cifar10,0.1,7,_vig_blocks.6,0.952508
40,0,2,vig_tiny,cifar10,0.1,8,_vig_blocks.7,0.955137
40,0,2,vig_tiny,cifar10,0.1,9,_vig_blocks.8,0.958806
40,0,2,vig_tiny,cifar10,0.1,10,_vig_blocks.9,0.962188
40,0,2,vig_tiny,cifar10,0.1,11,_vig_blocks.10,0.962737
40,0,2,vig_tiny,cifar10,0.1,12,_vig_blocks.11,0.964325
40,0,2,vig_tiny,cifar10,0.1,13,classifier,0.370562
40,0,3,vig_tiny,cifar10,0.1,0,_vig_stem,0.970468
40,0,3,vig_tiny,cifar10,0.1,1,_vig_blocks.0,0.979779
40,0,3,vig_tiny,cifar10,0.1,2,_vig_blocks.1,0.982085
40,0,3,vig_tiny,cifar10,0.1,3,_vig_blocks.2,0.985235
40,0,3,vig_tiny,cifar10,0.1,4,_vig_blocks.3,0.986206
40,0,3,vig_tiny,cifar10,0.1,5,_vig_blocks.4,0.986835
40,0,3,vig_tiny,cifar10,0.1,6,_vig_blocks.5,0.987735
40,0,3,vig_tiny,cifar10,0.1,7,_vig_blocks.6,0.988183
40,0,3,vig_tiny,cifar10,0.1,8,_vig_blocks.7,0.989079
40,0,3,vig_tiny,cifar10,0.1,9,_vig_blocks.8,0.990239
40,0,3,vig_tiny,cifar10,0.1,10,_vig_blocks.9,0.990885
40,0,3,vig_tiny,cifar10,0.1,11,_vig_blocks.10,0.991215
40,0,3,vig_tiny,cifar10,0.1,12,_vig_blocks.11,0.991579
40,0,3,vig_tiny,cifar10,0.1,13,classifier,0.700871
40,0,4,vig_tiny,cifar10,0.1,0,_vig_stem,0.913298
40,0,4,vig_tiny,cifar10,0.1,1,_vig_blocks.0,0.932888
40,0,4,vig_tiny,cifar10,0.1,2,_vig_blocks.1,0.934184
40,0,4,vig_tiny,cifar10,0.1,3,_vig_blocks.2,0.941330
40,0,4,vig_tiny,cifar10,0.1,4,_vig_blocks.3,0.947420
40,0,4,vig_tiny,cifar10,0.1,5,_vig_blocks.4,0.947752
40,0,4,vig_tiny,cifar10,0.1,6,_vig_blocks.5,0.951580
40,0,4,vig_tiny,cifar10,0.1,7,_vig_blocks.6,0.953574
40,0,4,vig_tiny,cifar10,0.1,8,_vig_blocks.7,0.955125
40,0,4,vig_tiny,cifar10,0.1,9,_vig_blocks.8,0.957409
40,0,4,vig_tiny,cifar10,0.1,10,_vig_blocks.9,0.960526
40,0,4,vig_tiny,cifar10,0.1,11,_vig_blocks.10,0.962421
40,0,4,vig_tiny,cifar10,0.1,12,_vig_blocks.11,0.963981
40,0,4,vig_tiny,cifar10,0.1,13,classifier,0.368974
40,0,5,vig_tiny,cifar10,0.1,0,_vig_stem,0.891987
40,0,5,vig_tiny,cifar10,0.1,1,_vig_blocks.0,0.927028
40,0,5,vig_tiny,cifar10,0.1,2,_vig_blocks.1,0.934481
40,0,5,vig_tiny,cifar10,0.1,3,_vig_blocks.2,0.944944
40,0,5,vig_tiny,cifar10,0.1,4,_vig_blocks.3,0.948284
40,0,5,vig_tiny,cifar10,0.1,5,_vig_blocks.4,0.950300
40,0,5,vig_tiny,cifar10,0.1,6,_vig_blocks.5,0.956304
40,0,5,vig_tiny,cifar10,0.1,7,_vig_blocks.6,0.959613
40,0,5,vig_tiny,cifar10,0.1,8,_vig_blocks.7,0.961234
40,0,5,vig_tiny,cifar10,0.1,9,_vig_blocks.8,0.965225
40,0,5,vig_tiny,cifar10,0.1,10,_vig_blocks.9,0.968419
40,0,5,vig_tiny,cifar10,0.1,11,_vig_blocks.10,0.968943
40,0,5,vig_tiny,cifar10,0.1,12,_vig_blocks.11,0.970095
40,0,5,vig_tiny,cifar10,0.1,13,classifier,0.266875
40,0,6,vig_tiny,cifar10,0.1,0,_vig_stem,0.927393
40,0,6,vig_tiny,cifar10,0.1,1,_vig_blocks.0,0.957891
40,0,6,vig_tiny,cifar10,0.1,2,_vig_blocks.1,0.962568
40,0,6,vig_tiny,cifar10,0.1,3,_vig_blocks.2,0.970338
40,0,6,vig_tiny,cifar10,0.1,4,_vig_blocks.3,0.970586
40,0,6,vig_tiny,cifar10,0.1,5,_vig_blocks.4,0.972310
40,0,6,vig_tiny,cifar10,0.1,6,_vig_blocks.5,0.977188
40,0,6,vig_tiny,cifar10,0.1,7,_vig_blocks.6,0.979092
40,0,6,vig_tiny,cifar10,0.1,8,_vig_blocks.7,0.979629
40,0,6,vig_tiny,cifar10,0.1,9,_vig_blocks.8,0.983574
40,0,6,vig_tiny,cifar10,0.1,10,_vig_blocks.9,0.986157
40,0,6,vig_tiny,cifar10,0.1,11,_vig_blocks.10,0.985726
40,0,6,vig_tiny,cifar10,0.1,12,_vig_blocks.11,0.986419
40,0,6,vig_tiny,cifar10,0.1,13,classifier,0.473930
40,0,7,vig_tiny,cifar10,0.1,0,_vig_stem,0.961419
40,0,7,vig_tiny,cifar10,0.1,1,_vig_blocks.0,0.972686
40,0,7,vig_tiny,cifar10,0.1,2,_vig_blocks.1,0.974202
40,0,7,vig_tiny,cifar10,0.1,3,_vig_blocks.2,0.977848
40,0,7,vig_tiny,cifar10,0.1,4,_vig_blocks.3,0.979449
40,0,7,vig_tiny,cifar10,0.1,5,_vig_blocks.4,0.979438
40,0,7,vig_tiny,cifar10,0.1,6,_vig_blocks.5,0.980907
40,0,7,vig_tiny,cifar10,0.1,7,_vig_blocks.6,0.981497
40,0,7,vig_tiny,cifar10,0.1,8,_vig_blocks.7,0.982564
40,0,7,vig_tiny,cifar10,0.1,9,_vig_blocks.8,0.984177
40,0,7,vig_tiny,cifar10,0.1,10,_vig_blocks.9,0.985147
40,0,7,vig_tiny,cifar10,0.1,11,_vig_blocks.10,0.985900
40,0,7,vig_tiny,cifar10,0.1,12,_vig_blocks.11,0.986330
40,0,7,vig_tiny,cifar10,0.1,13,classifier,0.664934
40,0,8,vig_tiny,cifar10,0.1,0,_vig_stem,0.912214
40,0,8,vig_tiny,cifar10,0.1,1,_vig_blocks.0,0.926229
40,0,8,vig_tiny,cifar10,0.1,2,_vig_blocks.1,0.927561
40,0,8,vig_tiny,cifar10,0.1,3,_vig_blocks.2,0.938086
40,0,8,vig_tiny,cifar10,0.1,4,_vig_blocks.3,0.942862
40,0,8,vig_tiny,cifar10,0.1,5,_vig_blocks.4,0.944351
40,0,8,vig_tiny,cifar10,0.1,6,_vig_blocks.5,0.950452
40,0,8,vig_tiny,cifar10,0.1,7,_vig_blocks.6,0.952370
40,0,8,vig_tiny,cifar10,0.1,8,_vig_blocks.7,0.955045
40,0,8,vig_tiny,cifar10,0.1,9,_vig_blocks.8,0.959230
40,0,8,vig_tiny,cifar10,0.1,10,_vig_blocks.9,0.962663
40,0,8,vig_tiny,cifar10,0.1,11,_vig_blocks.10,0.962241
40,0,8,vig_tiny,cifar10,0.1,12,_vig_blocks.11,0.964084
40,0,8,vig_tiny,cifar10,0.1,13,classifier,0.425613
40,0,9,vig_tiny,cifar10,0.1,0,_vig_stem,0.979247
40,0,9,vig_tiny,cifar10,0.1,1,_vig_blocks.0,0.981705
40,0,9,vig_tiny,cifar10,0.1,2,_vig_blocks.1,0.983346
40,0,9,vig_tiny,cifar10,0.1,3,_vig_blocks.2,0.986489
40,0,9,vig_tiny,cifar10,0.1,4,_vig_blocks.3,0.987250
40,0,9,vig_tiny,cifar10,0.1,5,_vig_blocks.4,0.987614
40,0,9,vig_tiny,cifar10,0.1,6,_vig_blocks.5,0.987726
40,0,9,vig_tiny,cifar10,0.1,7,_vig_blocks.6,0.988312
40,0,9,vig_tiny,cifar10,0.1,8,_vig_blocks.7,0.988612
40,0,9,vig_tiny,cifar10,0.1,9,_vig_blocks.8,0.989617
40,0,9,vig_tiny,cifar10,0.1,10,_vig_blocks.9,0.990265
40,0,9,vig_tiny,cifar10,0.1,11,_vig_blocks.10,0.990672
40,0,9,vig_tiny,cifar10,0.1,12,_vig_blocks.11,0.991082
40,0,9,vig_tiny,cifar10,0.1,13,classifier,0.356225
40,1,2,vig_tiny,cifar10,0.1,0,_vig_stem,0.970228
40,1,2,vig_tiny,cifar10,0.1,1,_vig_blocks.0,0.981370
40,1,2,vig_tiny,cifar10,0.1,2,_vig_blocks.1,0.980092
40,1,2,vig_tiny,cifar10,0.1,3,_vig_blocks.2,0.981007
40,1,2,vig_tiny,cifar10,0.1,4,_vig_blocks.3,0.983407
40,1,2,vig_tiny,cifar10,0.1,5,_vig_blocks.4,0.983040
40,1,2,vig_tiny,cifar10,0.1,6,_vig_blocks.5,0.984551
40,1,2,vig_tiny,cifar10,0.1,7,_vig_blocks.6,0.985654
40,1,2,vig_tiny,cifar10,0.1,8,_vig_blocks.7,0.986031
40,1,2,vig_tiny,cifar10,0.1,9,_vig_blocks.8,0.986208
40,1,2,vig_tiny,cifar10,0.1,10,_vig_blocks.9,0.987281
40,1,2,vig_tiny,cifar10,0.1,11,_vig_blocks.10,0.987952
40,1,2,vig_tiny,cifar10,0.1,12,_vig_blocks.11,0.988735
40,1,2,vig_tiny,cifar10,0.1,13,classifier,0.337243
40,1,3,vig_tiny,cifar10,0.1,0,_vig_stem,0.990321
40,1,3,vig_tiny,cifar10,0.1,1,_vig_blocks.0,0.990024
40,1,3,vig_tiny,cifar10,0.1,2,_vig_blocks.1,0.987552
40,1,3,vig_tiny,cifar10,0.1,3,_vig_blocks.2,0.988683
40,1,3,vig_tiny,cifar10,0.1,4,_vig_blocks.3,0.988417
40,1,3,vig_tiny,cifar10,0.1,5,_vig_blocks.4,0.988298
40,1,3,vig_tiny,cifar10,0.1,6,_vig_blocks.5,0.989950
40,1,3,vig_tiny,cifar10,0.1,7,_vig_blocks.6,0.990456
40,1,3,vig_tiny,cifar10,0.1,8,_vig_blocks.7,0.990094
40,1,3,vig_tiny,cifar10,0.1,9,_vig_blocks.8,0.991558
40,1,3,vig_tiny,cifar10,0.1,10,_vig_blocks.9,0.992542
40,1,3,vig_tiny,cifar10,0.1,11,_vig_blocks.10,0.991897
40,1,3,vig_tiny,cifar10,0.1,12,_vig_blocks.11,0.991653
40,1,3,vig_tiny,cifar10,0.1,13,classifier,0.729669
40,1,4,vig_tiny,cifar10,0.1,0,_vig_stem,0.962808
40,1,4,vig_tiny,cifar10,0.1,1,_vig_blocks.0,0.976424
40,1,4,vig_tiny,cifar10,0.1,2,_vig_blocks.1,0.973241
40,1,4,vig_tiny,cifar10,0.1,3,_vig_blocks.2,0.974342
40,1,4,vig_tiny,cifar10,0.1,4,_vig_blocks.3,0.976887
40,1,4,vig_tiny,cifar10,0.1,5,_vig_blocks.4,0.975457
40,1,4,vig_tiny,cifar10,0.1,6,_vig_blocks.5,0.978083
40,1,4,vig_tiny,cifar10,0.1,7,_vig_blocks.6,0.979237
40,1,4,vig_tiny,cifar10,0.1,8,_vig_blocks.7,0.979097
40,1,4,vig_tiny,cifar10,0.1,9,_vig_blocks.8,0.979863
40,1,4,vig_tiny,cifar10,0.1,10,_vig_blocks.9,0.981418
40,1,4,vig_tiny,cifar10,0.1,11,_vig_blocks.10,0.981964
40,1,4,vig_tiny,cifar10,0.1,12,_vig_blocks.11,0.982562
40,1,4,vig_tiny,cifar10,0.1,13,classifier,0.521166
40,1,5,vig_tiny,cifar10,0.1,0,_vig_stem,0.969944
40,1,5,vig_tiny,cifar10,0.1,1,_vig_blocks.0,0.982747
40,1,5,vig_tiny,cifar10,0.1,2,_vig_blocks.1,0.983970
40,1,5,vig_tiny,cifar10,0.1,3,_vig_blocks.2,0.985227
40,1,5,vig_tiny,cifar10,0.1,4,_vig_blocks.3,0.986682
40,1,5,vig_tiny,cifar10,0.1,5,_vig_blocks.4,0.986896
40,1,5,vig_tiny,cifar10,0.1,6,_vig_blocks.5,0.987634
40,1,5,vig_tiny,cifar10,0.1,7,_vig_blocks.6,0.988807
40,1,5,vig_tiny,cifar10,0.1,8,_vig_blocks.7,0.988718
40,1,5,vig_tiny,cifar10,0.1,9,_vig_blocks.8,0.988954
40,1,5,vig_tiny,cifar10,0.1,10,_vig_blocks.9,0.989492
40,1,5,vig_tiny,cifar10,0.1,11,_vig_blocks.10,0.990261
40,1,5,vig_tiny,cifar10,0.1,12,_vig_blocks.11,0.990607
40,1,5,vig_tiny,cifar10,0.1,13,classifier,0.352821
40,1,6,vig_tiny,cifar10,0.1,0,_vig_stem,0.983805
40,1,6,vig_tiny,cifar10,0.1,1,_vig_blocks.0,0.988255
40,1,6,vig_tiny,cifar10,0.1,2,_vig_blocks.1,0.987763
40,1,6,vig_tiny,cifar10,0.1,3,_vig_blocks.2,0.988152
40,1,6,vig_tiny,cifar10,0.1,4,_vig_blocks.3,0.988507
40,1,6,vig_tiny,cifar10,0.1,5,_vig_blocks.4,0.989043
40,1,6,vig_tiny,cifar10,0.1,6,_vig_blocks.5,0.989417
40,1,6,vig_tiny,cifar10,0.1,7,_vig_blocks.6,0.989218
40,1,6,vig_tiny,cifar10,0.1,8,_vig_blocks.7,0.988685
40,1,6,vig_tiny,cifar10,0.1,9,_vig_blocks.8,0.989492
40,1,6,vig_tiny,cifar10,0.1,10,_vig_blocks.9,0.990332
40,1,6,vig_tiny,cifar10,0.1,11,_vig_blocks.10,0.990894
40,1,6,vig_tiny,cifar10,0.1,12,_vig_blocks.11,0.991042
40,1,6,vig_tiny,cifar10,0.1,13,classifier,0.643141
40,1,7,vig_tiny,cifar10,0.1,0,_vig_stem,0.986659
40,1,7,vig_tiny,cifar10,0.1,1,_vig_blocks.0,0.988354
40,1,7,vig_tiny,cifar10,0.1,2,_vig_blocks.1,0.984448
40,1,7,vig_tiny,cifar10,0.1,3,_vig_blocks.2,0.985581
40,1,7,vig_tiny,cifar10,0.1,4,_vig_blocks.3,0.985511
40,1,7,vig_tiny,cifar10,0.1,5,_vig_blocks.4,0.984739
40,1,7,vig_tiny,cifar10,0.1,6,_vig_blocks.5,0.987050
40,1,7,vig_tiny,cifar10,0.1,7,_vig_blocks.6,0.987900
40,1,7,vig_tiny,cifar10,0.1,8,_vig_blocks.7,0.987520
40,1,7,vig_tiny,cifar10,0.1,9,_vig_blocks.8,0.989416
40,1,7,vig_tiny,cifar10,0.1,10,_vig_blocks.9,0.990699
40,1,7,vig_tiny,cifar10,0.1,11,_vig_blocks.10,0.990222
40,1,7,vig_tiny,cifar10,0.1,12,_vig_blocks.11,0.990127
40,1,7,vig_tiny,cifar10,0.1,13,classifier,0.788901
40,1,8,vig_tiny,cifar10,0.1,0,_vig_stem,0.971386
40,1,8,vig_tiny,cifar10,0.1,1,_vig_blocks.0,0.980549
40,1,8,vig_tiny,cifar10,0.1,2,_vig_blocks.1,0.980019
40,1,8,vig_tiny,cifar10,0.1,3,_vig_blocks.2,0.982590
40,1,8,vig_tiny,cifar10,0.1,4,_vig_blocks.3,0.984861
40,1,8,vig_tiny,cifar10,0.1,5,_vig_blocks.4,0.984722
40,1,8,vig_tiny,cifar10,0.1,6,_vig_blocks.5,0.986113
40,1,8,vig_tiny,cifar10,0.1,7,_vig_blocks.6,0.986824
40,1,8,vig_tiny,cifar10,0.1,8,_vig_blocks.7,0.987448
40,1,8,vig_tiny,cifar10,0.1,9,_vig_blocks.8,0.987642
40,1,8,vig_tiny,cifar10,0.1,10,_vig_blocks.9,0.988547
40,1,8,vig_tiny,cifar10,0.1,11,_vig_blocks.10,0.988928
40,1,8,vig_tiny,cifar10,0.1,12,_vig_blocks.11,0.989761
40,1,8,vig_tiny,cifar10,0.1,13,classifier,0.356047
40,1,9,vig_tiny,cifar10,0.1,0,_vig_stem,0.975707
40,1,9,vig_tiny,cifar10,0.1,1,_vig_blocks.0,0.980433
40,1,9,vig_tiny,cifar10,0.1,2,_vig_blocks.1,0.978895
40,1,9,vig_tiny,cifar10,0.1,3,_vig_blocks.2,0.981930
40,1,9,vig_tiny,cifar10,0.1,4,_vig_blocks.3,0.982911
40,1,9,vig_tiny,cifar10,0.1,5,_vig_blocks.4,0.983496
40,1,9,vig_tiny,cifar10,0.1,6,_vig_blocks.5,0.986155
40,1,9,vig_tiny,cifar10,0.1,7,_vig_blocks.6,0.986803
40,1,9,vig_tiny,cifar10,0.1,8,_vig_blocks.7,0.986042
40,1,9,vig_tiny,cifar10,0.1,9,_vig_blocks.8,0.987618
40,1,9,vig_tiny,cifar10,0.1,10,_vig_blocks.9,0.988680
40,1,9,vig_tiny,cifar10,0.1,11,_vig_blocks.10,0.987948
40,1,9,vig_tiny,cifar10,0.1,12,_vig_blocks.11,0.987840
40,1,9,vig_tiny,cifar10,0.1,13,classifier,0.630763
40,2,3,vig_tiny,cifar10,0.1,0,_vig_stem,0.974906
40,2,3,vig_tiny,cifar10,0.1,1,_vig_blocks.0,0.977452
40,2,3,vig_tiny,cifar10,0.1,2,_vig_blocks.1,0.976615
40,2,3,vig_tiny,cifar10,0.1,3,_vig_blocks.2,0.978147
40,2,3,vig_tiny,cifar10,0.1,4,_vig_blocks.3,0.980454
40,2,3,vig_tiny,cifar10,0.1,5,_vig_blocks.4,0.980715
40,2,3,vig_tiny,cifar10,0.1,6,_vig_blocks.5,0.982814
40,2,3,vig_tiny,cifar10,0.1,7,_vig_blocks.6,0.983313
40,2,3,vig_tiny,cifar10,0.1,8,_vig_blocks.7,0.984089
40,2,3,vig_tiny,cifar10,0.1,9,_vig_blocks.8,0.985239
40,2,3,vig_tiny,cifar10,0.1,10,_vig_blocks.9,0.986477
40,2,3,vig_tiny,cifar10,0.1,11,_vig_blocks.10,0.986495
40,2,3,vig_tiny,cifar10,0.1,12,_vig_blocks.11,0.986732
40,2,3,vig_tiny,cifar10,0.1,13,classifier,0.631232
40,2,4,vig_tiny,cifar10,0.1,0,_vig_stem,0.994939
40,2,4,vig_tiny,cifar10,0.1,1,_vig_blocks.0,0.996659
40,2,4,vig_tiny,cifar10,0.1,2,_vig_blocks.1,0.995960
40,2,4,vig_tiny,cifar10,0.1,3,_vig_blocks.2,0.996409
40,2,4,vig_tiny,cifar10,0.1,4,_vig_blocks.3,0.996474
40,2,4,vig_tiny,cifar10,0.1,5,_vig_blocks.4,0.996214
40,2,4,vig_tiny,cifar10,0.1,6,_vig_blocks.5,0.996835
40,2,4,vig_tiny,cifar10,0.1,7,_vig_blocks.6,0.996645
40,2,4,vig_tiny,cifar10,0.1,8,_vig_blocks.7,0.996622
40,2,4,vig_tiny,cifar10,0.1,9,_vig_blocks.8,0.997152
40,2,4,vig_tiny,cifar10,0.1,10,_vig_blocks.9,0.997336
40,2,4,vig_tiny,cifar10,0.1,11,_vig_blocks.10,0.997124
40,2,4,vig_tiny,cifar10,0.1,12,_vig_blocks.11,0.996852
40,2,4,vig_tiny,cifar10,0.1,13,classifier,0.748550
40,2,5,vig_tiny,cifar10,0.1,0,_vig_stem,0.991012
40,2,5,vig_tiny,cifar10,0.1,1,_vig_blocks.0,0.993987
40,2,5,vig_tiny,cifar10,0.1,2,_vig_blocks.1,0.993723
40,2,5,vig_tiny,cifar10,0.1,3,_vig_blocks.2,0.993500
40,2,5,vig_tiny,cifar10,0.1,4,_vig_blocks.3,0.993808
40,2,5,vig_tiny,cifar10,0.1,5,_vig_blocks.4,0.994038
40,2,5,vig_tiny,cifar10,0.1,6,_vig_blocks.5,0.994340
40,2,5,vig_tiny,cifar10,0.1,7,_vig_blocks.6,0.994246
40,2,5,vig_tiny,cifar10,0.1,8,_vig_blocks.7,0.994307
40,2,5,vig_tiny,cifar10,0.1,9,_vig_blocks.8,0.994717
40,2,5,vig_tiny,cifar10,0.1,10,_vig_blocks.9,0.995173
40,2,5,vig_tiny,cifar10,0.1,11,_vig_blocks.10,0.995419
40,2,5,vig_tiny,cifar10,0.1,12,_vig_blocks.11,0.995713
40,2,5,vig_tiny,cifar10,0.1,13,classifier,0.701667
40,2,6,vig_tiny,cifar10,0.1,0,_vig_stem,0.932256
40,2,6,vig_tiny,cifar10,0.1,1,_vig_blocks.0,0.954213
40,2,6,vig_tiny,cifar10,0.1,2,_vig_blocks.1,0.951312
40,2,6,vig_tiny,cifar10,0.1,3,_vig_blocks.2,0.951921
40,2,6,vig_tiny,cifar10,0.1,4,_vig_blocks.3,0.956682
40,2,6,vig_tiny,cifar10,0.1,5,_vig_blocks.4,0.956562
40,2,6,vig_tiny,cifar10,0.1,6,_vig_blocks.5,0.959927
40,2,6,vig_tiny,cifar10,0.1,7,_vig_blocks.6,0.960752
40,2,6,vig_tiny,cifar10,0.1,8,_vig_blocks.7,0.961588
40,2,6,vig_tiny,cifar10,0.1,9,_vig_blocks.8,0.963025
40,2,6,vig_tiny,cifar10,0.1,10,_vig_blocks.9,0.966118
40,2,6,vig_tiny,cifar10,0.1,11,_vig_blocks.10,0.968310
40,2,6,vig_tiny,cifar10,0.1,12,_vig_blocks.11,0.969991
40,2,6,vig_tiny,cifar10,0.1,13,classifier,0.465501
40,2,7,vig_tiny,cifar10,0.1,0,_vig_stem,0.984606
40,2,7,vig_tiny,cifar10,0.1,1,_vig_blocks.0,0.984759
40,2,7,vig_tiny,cifar10,0.1,2,_vig_blocks.1,0.983557
40,2,7,vig_tiny,cifar10,0.1,3,_vig_blocks.2,0.984749
40,2,7,vig_tiny,cifar10,0.1,4,_vig_blocks.3,0.986043
40,2,7,vig_tiny,cifar10,0.1,5,_vig_blocks.4,0.986336
40,2,7,vig_tiny,cifar10,0.1,6,_vig_blocks.5,0.988057
40,2,7,vig_tiny,cifar10,0.1,7,_vig_blocks.6,0.988305
40,2,7,vig_tiny,cifar10,0.1,8,_vig_blocks.7,0.988922
40,2,7,vig_tiny,cifar10,0.1,9,_vig_blocks.8,0.990201
40,2,7,vig_tiny,cifar10,0.1,10,_vig_blocks.9,0.991256
40,2,7,vig_tiny,cifar10,0.1,11,_vig_blocks.10,0.990960
40,2,7,vig_tiny,cifar10,0.1,12,_vig_blocks.11,0.991067
40,2,7,vig_tiny,cifar10,0.1,13,classifier,0.484961
40,2,8,vig_tiny,cifar10,0.1,0,_vig_stem,0.998563
40,2,8,vig_tiny,cifar10,0.1,1,_vig_blocks.0,0.998599
40,2,8,vig_tiny,cifar10,0.1,2,_vig_blocks.1,0.998589
40,2,8,vig_tiny,cifar10,0.1,3,_vig_blocks.2,0.998469
40,2,8,vig_tiny,cifar10,0.1,4,_vig_blocks.3,0.998513
40,2,8,vig_tiny,cifar10,0.1,5,_vig_blocks.4,0.998490
40,2,8,vig_tiny,cifar10,0.1,6,_vig_blocks.5,0.998763
40,2,8,vig_tiny,cifar10,0.1,7,_vig_blocks.6,0.998652
40,2,8,vig_tiny,cifar10,0.1,8,_vig_blocks.7,0.998517
40,2,8,vig_tiny,cifar10,0.1,9,_vig_blocks.8,0.998608
40,2,8,vig_tiny,cifar10,0.1,10,_vig_blocks.9,0.998568
40,2,8,vig_tiny,cifar10,0.1,11,_vig_blocks.10,0.998508
40,2,8,vig_tiny,cifar10,0.1,12,_vig_blocks.11,0.998383
40,2,8,vig_tiny,cifar10,0.1,13,classifier,0.886008
40,2,9,vig_tiny,cifar10,0.1,0,_vig_stem,0.962343
40,2,9,vig_tiny,cifar10,0.1,1,_vig_blocks.0,0.969868
40,2,9,vig_tiny,cifar10,0.1,2,_vig_blocks.1,0.969041
40,2,9,vig_tiny,cifar10,0.1,3,_vig_blocks.2,0.971754
40,2,9,vig_tiny,cifar10,0.1,4,_vig_blocks.3,0.974829
40,2,9,vig_tiny,cifar10,0.1,5,_vig_blocks.4,0.975763
40,2,9,vig_tiny,cifar10,0.1,6,_vig_blocks.5,0.979184
40,2,9,vig_tiny,cifar10,0.1,7,_vig_blocks.6,0.979479
40,2,9,vig_tiny,cifar10,0.1,8,_vig_blocks.7,0.980162
40,2,9,vig_tiny,cifar10,0.1,9,_vig_blocks.8,0.981574
40,2,9,vig_tiny,cifar10,0.1,10,_vig_blocks.9,0.983304
40,2,9,vig_tiny,cifar10,0.1,11,_vig_blocks.10,0.983085
40,2,9,vig_tiny,cifar10,0.1,12,_vig_blocks.11,0.983357
40,2,9,vig_tiny,cifar10,0.1,13,classifier,0.298294
40,3,4,vig_tiny,cifar10,0.1,0,_vig_stem,0.972653
40,3,4,vig_tiny,cifar10,0.1,1,_vig_blocks.0,0.977939
40,3,4,vig_tiny,cifar10,0.1,2,_vig_blocks.1,0.977396
40,3,4,vig_tiny,cifar10,0.1,3,_vig_blocks.2,0.978652
40,3,4,vig_tiny,cifar10,0.1,4,_vig_blocks.3,0.981478
40,3,4,vig_tiny,cifar10,0.1,5,_vig_blocks.4,0.981496
40,3,4,vig_tiny,cifar10,0.1,6,_vig_blocks.5,0.983211
40,3,4,vig_tiny,cifar10,0.1,7,_vig_blocks.6,0.983783
40,3,4,vig_tiny,cifar10,0.1,8,_vig_blocks.7,0.983925
40,3,4,vig_tiny,cifar10,0.1,9,_vig_blocks.8,0.984192
40,3,4,vig_tiny,cifar10,0.1,10,_vig_blocks.9,0.985346
40,3,4,vig_tiny,cifar10,0.1,11,_vig_blocks.10,0.986153
40,3,4,vig_tiny,cifar10,0.1,12,_vig_blocks.11,0.986456
40,3,4,vig_tiny,cifar10,0.1,13,classifier,0.652825
40,3,5,vig_tiny,cifar10,0.1,0,_vig_stem,0.968842
40,3,5,vig_tiny,cifar10,0.1,1,_vig_blocks.0,0.977702
40,3,5,vig_tiny,cifar10,0.1,2,_vig_blocks.1,0.978543
40,3,5,vig_tiny,cifar10,0.1,3,_vig_blocks.2,0.980461
40,3,5,vig_tiny,cifar10,0.1,4,_vig_blocks.3,0.980936
40,3,5,vig_tiny,cifar10,0.1,5,_vig_blocks.4,0.981454
40,3,5,vig_tiny,cifar10,0.1,6,_vig_blocks.5,0.984109
40,3,5,vig_tiny,cifar10,0.1,7,_vig_blocks.6,0.984933
40,3,5,vig_tiny,cifar10,0.1,8,_vig_blocks.7,0.985019
40,3,5,vig_tiny,cifar10,0.1,9,_vig_blocks.8,0.986657
40,3,5,vig_tiny,cifar10,0.1,10,_vig_blocks.9,0.988024
40,3,5,vig_tiny,cifar10,0.1,11,_vig_blocks.10,0.988232
40,3,5,vig_tiny,cifar10,0.1,12,_vig_blocks.11,0.988506
40,3,5,vig_tiny,cifar10,0.1,13,classifier,0.585947
40,3,6,vig_tiny,cifar10,0.1,0,_vig_stem,0.969241
40,3,6,vig_tiny,cifar10,0.1,1,_vig_blocks.0,0.981619
40,3,6,vig_tiny,cifar10,0.1,2,_vig_blocks.1,0.978729
40,3,6,vig_tiny,cifar10,0.1,3,_vig_blocks.2,0.979829
40,3,6,vig_tiny,cifar10,0.1,4,_vig_blocks.3,0.979267
40,3,6,vig_tiny,cifar10,0.1,5,_vig_blocks.4,0.978826
40,3,6,vig_tiny,cifar10,0.1,6,_vig_blocks.5,0.981439
40,3,6,vig_tiny,cifar10,0.1,7,_vig_blocks.6,0.981852
40,3,6,vig_tiny,cifar10,0.1,8,_vig_blocks.7,0.981586
40,3,6,vig_tiny,cifar10,0.1,9,_vig_blocks.8,0.983914
40,3,6,vig_tiny,cifar10,0.1,10,_vig_blocks.9,0.986156
40,3,6,vig_tiny,cifar10,0.1,11,_vig_blocks.10,0.986719
40,3,6,vig_tiny,cifar10,0.1,12,_vig_blocks.11,0.987345
40,3,6,vig_tiny,cifar10,0.1,13,classifier,0.590555
40,3,7,vig_tiny,cifar10,0.1,0,_vig_stem,0.997919
40,3,7,vig_tiny,cifar10,0.1,1,_vig_blocks.0,0.998491
40,3,7,vig_tiny,cifar10,0.1,2,_vig_blocks.1,0.998218
40,3,7,vig_tiny,cifar10,0.1,3,_vig_blocks.2,0.998287
40,3,7,vig_tiny,cifar10,0.1,4,_vig_blocks.3,0.998472
40,3,7,vig_tiny,cifar10,0.1,5,_vig_blocks.4,0.998308
40,3,7,vig_tiny,cifar10,0.1,6,_vig_blocks.5,0.998518
40,3,7,vig_tiny,cifar10,0.1,7,_vig_blocks.6,0.998559
40,3,7,vig_tiny,cifar10,0.1,8,_vig_blocks.7,0.998541
40,3,7,vig_tiny,cifar10,0.1,9,_vig_blocks.8,0.998618
40,3,7,vig_tiny,cifar10,0.1,10,_vig_blocks.9,0.998703
40,3,7,vig_tiny,cifar10,0.1,11,_vig_blocks.10,0.998762
40,3,7,vig_tiny,cifar10,0.1,12,_vig_blocks.11,0.998752
40,3,7,vig_tiny,cifar10,0.1,13,classifier,0.873325
40,3,8,vig_tiny,cifar10,0.1,0,_vig_stem,0.976638
40,3,8,vig_tiny,cifar10,0.1,1,_vig_blocks.0,0.976837
40,3,8,vig_tiny,cifar10,0.1,2,_vig_blocks.1,0.975492
40,3,8,vig_tiny,cifar10,0.1,3,_vig_blocks.2,0.978146
40,3,8,vig_tiny,cifar10,0.1,4,_vig_blocks.3,0.979700
40,3,8,vig_tiny,cifar10,0.1,5,_vig_blocks.4,0.979825
40,3,8,vig_tiny,cifar10,0.1,6,_vig_blocks.5,0.982544
40,3,8,vig_tiny,cifar10,0.1,7,_vig_blocks.6,0.982712
40,3,8,vig_tiny,cifar10,0.1,8,_vig_blocks.7,0.983427
40,3,8,vig_tiny,cifar10,0.1,9,_vig_blocks.8,0.984910
40,3,8,vig_tiny,cifar10,0.1,10,_vig_blocks.9,0.986123
40,3,8,vig_tiny,cifar10,0.1,11,_vig_blocks.10,0.985487
40,3,8,vig_tiny,cifar10,0.1,12,_vig_blocks.11,0.985683
40,3,8,vig_tiny,cifar10,0.1,13,classifier,0.644291
40,3,9,vig_tiny,cifar10,0.1,0,_vig_stem,0.994974
40,3,9,vig_tiny,cifar10,0.1,1,_vig_blocks.0,0.996044
40,3,9,vig_tiny,cifar10,0.1,2,_vig_blocks.1,0.996316
40,3,9,vig_tiny,cifar10,0.1,3,_vig_blocks.2,0.996796
40,3,9,vig_tiny,cifar10,0.1,4,_vig_blocks.3,0.996984
40,3,9,vig_tiny,cifar10,0.1,5,_vig_blocks.4,0.997207
40,3,9,vig_tiny,cifar10,0.1,6,_vig_blocks.5,0.997386
40,3,9,vig_tiny,cifar10,0.1,7,_vig_blocks.6,0.997418
40,3,9,vig_tiny,cifar10,0.1,8,_vig_blocks.7,0.997173
40,3,9,vig_tiny,cifar10,0.1,9,_vig_blocks.8,0.997224
40,3,9,vig_tiny,cifar10,0.1,10,_vig_blocks.9,0.997503
40,3,9,vig_tiny,cifar10,0.1,11,_vig_blocks.10,0.997589
40,3,9,vig_tiny,cifar10,0.1,12,_vig_blocks.11,0.997664
40,3,9,vig_tiny,cifar10,0.1,13,classifier,0.706354
40,4,5,vig_tiny,cifar10,0.1,0,_vig_stem,0.983738
40,4,5,vig_tiny,cifar10,0.1,1,_vig_blocks.0,0.989627
40,4,5,vig_tiny,cifar10,0.1,2,_vig_blocks.1,0.988502
40,4,5,vig_tiny,cifar10,0.1,3,_vig_blocks.2,0.988552
40,4,5,vig_tiny,cifar10,0.1,4,_vig_blocks.3,0.988384
40,4,5,vig_tiny,cifar10,0.1,5,_vig_blocks.4,0.988199
40,4,5,vig_tiny,cifar10,0.1,6,_vig_blocks.5,0.989299
40,4,5,vig_tiny,cifar10,0.1,7,_vig_blocks.6,0.989025
40,4,5,vig_tiny,cifar10,0.1,8,_vig_blocks.7,0.988556
40,4,5,vig_tiny,cifar10,0.1,9,_vig_blocks.8,0.989589
40,4,5,vig_tiny,cifar10,0.1,10,_vig_blocks.9,0.990653
40,4,5,vig_tiny,cifar10,0.1,11,_vig_blocks.10,0.990843
40,4,5,vig_tiny,cifar10,0.1,12,_vig_blocks.11,0.991226
40,4,5,vig_tiny,cifar10,0.1,13,classifier,0.689704
40,4,6,vig_tiny,cifar10,0.1,0,_vig_stem,0.920478
40,4,6,vig_tiny,cifar10,0.1,1,_vig_blocks.0,0.947630
40,4,6,vig_tiny,cifar10,0.1,2,_vig_blocks.1,0.942235
40,4,6,vig_tiny,cifar10,0.1,3,_vig_blocks.2,0.943217
40,4,6,vig_tiny,cifar10,0.1,4,_vig_blocks.3,0.947855
40,4,6,vig_tiny,cifar10,0.1,5,_vig_blocks.4,0.946354
40,4,6,vig_tiny,cifar10,0.1,6,_vig_blocks.5,0.951043
40,4,6,vig_tiny,cifar10,0.1,7,_vig_blocks.6,0.951980
40,4,6,vig_tiny,cifar10,0.1,8,_vig_blocks.7,0.951711
40,4,6,vig_tiny,cifar10,0.1,9,_vig_blocks.8,0.953704
40,4,6,vig_tiny,cifar10,0.1,10,_vig_blocks.9,0.957692
40,4,6,vig_tiny,cifar10,0.1,11,_vig_blocks.10,0.960266
40,4,6,vig_tiny,cifar10,0.1,12,_vig_blocks.11,0.961963
40,4,6,vig_tiny,cifar10,0.1,13,classifier,0.643246
40,4,7,vig_tiny,cifar10,0.1,0,_vig_stem,0.983748
40,4,7,vig_tiny,cifar10,0.1,1,_vig_blocks.0,0.986032
40,4,7,vig_tiny,cifar10,0.1,2,_vig_blocks.1,0.985951
40,4,7,vig_tiny,cifar10,0.1,3,_vig_blocks.2,0.986883
40,4,7,vig_tiny,cifar10,0.1,4,_vig_blocks.3,0.988612
40,4,7,vig_tiny,cifar10,0.1,5,_vig_blocks.4,0.988988
40,4,7,vig_tiny,cifar10,0.1,6,_vig_blocks.5,0.989996
40,4,7,vig_tiny,cifar10,0.1,7,_vig_blocks.6,0.990326
40,4,7,vig_tiny,cifar10,0.1,8,_vig_blocks.7,0.990408
40,4,7,vig_tiny,cifar10,0.1,9,_vig_blocks.8,0.990617
40,4,7,vig_tiny,cifar10,0.1,10,_vig_blocks.9,0.991406
40,4,7,vig_tiny,cifar10,0.1,11,_vig_blocks.10,0.991822
40,4,7,vig_tiny,cifar10,0.1,12,_vig_blocks.11,0.992005
40,4,7,vig_tiny,cifar10,0.1,13,classifier,0.606605
40,4,8,vig_tiny,cifar10,0.1,0,_vig_stem,0.994297
40,4,8,vig_tiny,cifar10,0.1,1,_vig_blocks.0,0.995689
40,4,8,vig_tiny,cifar10,0.1,2,_vig_blocks.1,0.994494
40,4,8,vig_tiny,cifar10,0.1,3,_vig_blocks.2,0.994343
40,4,8,vig_tiny,cifar10,0.1,4,_vig_blocks.3,0.994062
40,4,8,vig_tiny,cifar10,0.1,5,_vig_blocks.4,0.993516
40,4,8,vig_tiny,cifar10,0.1,6,_vig_blocks.5,0.994670
40,4,8,vig_tiny,cifar10,0.1,7,_vig_blocks.6,0.994257
40,4,8,vig_tiny,cifar10,0.1,8,_vig_blocks.7,0.993941
40,4,8,vig_tiny,cifar10,0.1,9,_vig_blocks.8,0.994658
40,4,8,vig_tiny,cifar10,0.1,10,_vig_blocks.9,0.994796
40,4,8,vig_tiny,cifar10,0.1,11,_vig_blocks.10,0.994340
40,4,8,vig_tiny,cifar10,0.1,12,_vig_blocks.11,0.993735
40,4,8,vig_tiny,cifar10,0.1,13,classifier,0.680219
40,4,9,vig_tiny,cifar10,0.1,0,_vig_stem,0.964148
40,4,9,vig_tiny,cifar10,0.1,1,_vig_blocks.0,0.973615
40,4,9,vig_tiny,cifar10,0.1,2,_vig_blocks.1,0.973573
40,4,9,vig_tiny,cifar10,0.1,3,_vig_blocks.2,0.975071
40,4,9,vig_tiny,cifar10,0.1,4,_vig_blocks.3,0.978061
40,4,9,vig_tiny,cifar10,0.1,5,_vig_blocks.4,0.978674
40,4,9,vig_tiny,cifar10,0.1,6,_vig_blocks.5,0.981047
40,4,9,vig_tiny,cifar10,0.1,7,_vig_blocks.6,0.981399
40,4,9,vig_tiny,cifar10,0.1,8,_vig_blocks.7,0.981420
40,4,9,vig_tiny,cifar10,0.1,9,_vig_blocks.8,0.981769
40,4,9,vig_tiny,cifar10,0.1,10,_vig_blocks.9,0.983517
40,4,9,vig_tiny,cifar10,0.1,11,_vig_blocks.10,0.984317
40,4,9,vig_tiny,cifar10,0.1,12,_vig_blocks.11,0.984747
40,4,9,vig_tiny,cifar10,0.1,13,classifier,0.520876
40,5,6,vig_tiny,cifar10,0.1,0,_vig_stem,0.949704
40,5,6,vig_tiny,cifar10,0.1,1,_vig_blocks.0,0.967933
40,5,6,vig_tiny,cifar10,0.1,2,_vig_blocks.1,0.968428
40,5,6,vig_tiny,cifar10,0.1,3,_vig_blocks.2,0.969749
40,5,6,vig_tiny,cifar10,0.1,4,_vig_blocks.3,0.973012
40,5,6,vig_tiny,cifar10,0.1,5,_vig_blocks.4,0.972890
40,5,6,vig_tiny,cifar10,0.1,6,_vig_blocks.5,0.975377
40,5,6,vig_tiny,cifar10,0.1,7,_vig_blocks.6,0.976657
40,5,6,vig_tiny,cifar10,0.1,8,_vig_blocks.7,0.977191
40,5,6,vig_tiny,cifar10,0.1,9,_vig_blocks.8,0.977693
40,5,6,vig_tiny,cifar10,0.1,10,_vig_blocks.9,0.979119
40,5,6,vig_tiny,cifar10,0.1,11,_vig_blocks.10,0.980756
40,5,6,vig_tiny,cifar10,0.1,12,_vig_blocks.11,0.981347
40,5,6,vig_tiny,cifar10,0.1,13,classifier,0.372685
40,5,7,vig_tiny,cifar10,0.1,0,_vig_stem,0.976577
40,5,7,vig_tiny,cifar10,0.1,1,_vig_blocks.0,0.982755
40,5,7,vig_tiny,cifar10,0.1,2,_vig_blocks.1,0.982396
40,5,7,vig_tiny,cifar10,0.1,3,_vig_blocks.2,0.983915
40,5,7,vig_tiny,cifar10,0.1,4,_vig_blocks.3,0.983615
40,5,7,vig_tiny,cifar10,0.1,5,_vig_blocks.4,0.983918
40,5,7,vig_tiny,cifar10,0.1,6,_vig_blocks.5,0.986527
40,5,7,vig_tiny,cifar10,0.1,7,_vig_blocks.6,0.987083
40,5,7,vig_tiny,cifar10,0.1,8,_vig_blocks.7,0.987067
40,5,7,vig_tiny,cifar10,0.1,9,_vig_blocks.8,0.988997
40,5,7,vig_tiny,cifar10,0.1,10,_vig_blocks.9,0.990369
40,5,7,vig_tiny,cifar10,0.1,11,_vig_blocks.10,0.990329
40,5,7,vig_tiny,cifar10,0.1,12,_vig_blocks.11,0.990659
40,5,7,vig_tiny,cifar10,0.1,13,classifier,0.522586
40,5,8,vig_tiny,cifar10,0.1,0,_vig_stem,0.992444
40,5,8,vig_tiny,cifar10,0.1,1,_vig_blocks.0,0.995531
40,5,8,vig_tiny,cifar10,0.1,2,_vig_blocks.1,0.995143
40,5,8,vig_tiny,cifar10,0.1,3,_vig_blocks.2,0.995589
40,5,8,vig_tiny,cifar10,0.1,4,_vig_blocks.3,0.996042
40,5,8,vig_tiny,cifar10,0.1,5,_vig_blocks.4,0.996200
40,5,8,vig_tiny,cifar10,0.1,6,_vig_blocks.5,0.996114
40,5,8,vig_tiny,cifar10,0.1,7,_vig_blocks.6,0.996046
40,5,8,vig_tiny,cifar10,0.1,8,_vig_blocks.7,0.995967
40,5,8,vig_tiny,cifar10,0.1,9,_vig_blocks.8,0.996146
40,5,8,vig_tiny,cifar10,0.1,10,_vig_blocks.9,0.996404
40,5,8,vig_tiny,cifar10,0.1,11,_vig_blocks.10,0.996536
40,5,8,vig_tiny,cifar10,0.1,12,_vig_blocks.11,0.996830
40,5,8,vig_tiny,cifar10,0.1,13,classifier,0.721578
40,5,9,vig_tiny,cifar10,0.1,0,_vig_stem,0.952928
40,5,9,vig_tiny,cifar10,0.1,1,_vig_blocks.0,0.971056
40,5,9,vig_tiny,cifar10,0.1,2,_vig_blocks.1,0.972555
40,5,9,vig_tiny,cifar10,0.1,3,_vig_blocks.2,0.976353
40,5,9,vig_tiny,cifar10,0.1,4,_vig_blocks.3,0.977606
40,5,9,vig_tiny,cifar10,0.1,5,_vig_blocks.4,0.978768
40,5,9,vig_tiny,cifar10,0.1,6,_vig_blocks.5,0.982674
40,5,9,vig_tiny,cifar10,0.1,7,_vig_blocks.6,0.983556
40,5,9,vig_tiny,cifar10,0.1,8,_vig_blocks.7,0.983800
40,5,9,vig_tiny,cifar10,0.1,9,_vig_blocks.8,0.985613
40,5,9,vig_tiny,cifar10,0.1,10,_vig_blocks.9,0.987059
40,5,9,vig_tiny,cifar10,0.1,11,_vig_blocks.10,0.986759
40,5,9,vig_tiny,cifar10,0.1,12,_vig_blocks.11,0.986985
40,5,9,vig_tiny,cifar10,0.1,13,classifier,0.359935
40,6,7,vig_tiny,cifar10,0.1,0,_vig_stem,0.958961
40,6,7,vig_tiny,cifar10,0.1,1,_vig_blocks.0,0.974636
40,6,7,vig_tiny,cifar10,0.1,2,_vig_blocks.1,0.969455
40,6,7,vig_tiny,cifar10,0.1,3,_vig_blocks.2,0.970740
40,6,7,vig_tiny,cifar10,0.1,4,_vig_blocks.3,0.970882
40,6,7,vig_tiny,cifar10,0.1,5,_vig_blocks.4,0.969541
40,6,7,vig_tiny,cifar10,0.1,6,_vig_blocks.5,0.973425
40,6,7,vig_tiny,cifar10,0.1,7,_vig_blocks.6,0.974233
40,6,7,vig_tiny,cifar10,0.1,8,_vig_blocks.7,0.974041
40,6,7,vig_tiny,cifar10,0.1,9,_vig_blocks.8,0.977091
40,6,7,vig_tiny,cifar10,0.1,10,_vig_blocks.9,0.979876
40,6,7,vig_tiny,cifar10,0.1,11,_vig_blocks.10,0.980857
40,6,7,vig_tiny,cifar10,0.1,12,_vig_blocks.11,0.981701
40,6,7,vig_tiny,cifar10,0.1,13,classifier,0.652405
40,6,8,vig_tiny,cifar10,0.1,0,_vig_stem,0.935503
40,6,8,vig_tiny,cifar10,0.1,1,_vig_blocks.0,0.954902
40,6,8,vig_tiny,cifar10,0.1,2,_vig_blocks.1,0.953017
40,6,8,vig_tiny,cifar10,0.1,3,_vig_blocks.2,0.956465
40,6,8,vig_tiny,cifar10,0.1,4,_vig_blocks.3,0.961158
40,6,8,vig_tiny,cifar10,0.1,5,_vig_blocks.4,0.961200
40,6,8,vig_tiny,cifar10,0.1,6,_vig_blocks.5,0.964116
40,6,8,vig_tiny,cifar10,0.1,7,_vig_blocks.6,0.964693
40,6,8,vig_tiny,cifar10,0.1,8,_vig_blocks.7,0.965628
40,6,8,vig_tiny,cifar10,0.1,9,_vig_blocks.8,0.966719
40,6,8,vig_tiny,cifar10,0.1,10,_vig_blocks.9,0.969426
40,6,8,vig_tiny,cifar10,0.1,11,_vig_blocks.10,0.971047
40,6,8,vig_tiny,cifar10,0.1,12,_vig_blocks.11,0.972931
40,6,8,vig_tiny,cifar10,0.1,13,classifier,0.444627
40,6,9,vig_tiny,cifar10,0.1,0,_vig_stem,0.950134
40,6,9,vig_tiny,cifar10,0.1,1,_vig_blocks.0,0.970588
40,6,9,vig_tiny,cifar10,0.1,2,_vig_blocks.1,0.969373
40,6,9,vig_tiny,cifar10,0.1,3,_vig_blocks.2,0.973478
40,6,9,vig_tiny,cifar10,0.1,4,_vig_blocks.3,0.974520
40,6,9,vig_tiny,cifar10,0.1,5,_vig_blocks.4,0.974527
40,6,9,vig_tiny,cifar10,0.1,6,_vig_blocks.5,0.977943
40,6,9,vig_tiny,cifar10,0.1,7,_vig_blocks.6,0.979029
40,6,9,vig_tiny,cifar10,0.1,8,_vig_blocks.7,0.978859
40,6,9,vig_tiny,cifar10,0.1,9,_vig_blocks.8,0.981300
40,6,9,vig_tiny,cifar10,0.1,10,_vig_blocks.9,0.983167
40,6,9,vig_tiny,cifar10,0.1,11,_vig_blocks.10,0.983472
40,6,9,vig_tiny,cifar10,0.1,12,_vig_blocks.11,0.984121
40,6,9,vig_tiny,cifar10,0.1,13,classifier,0.401784
40,7,8,vig_tiny,cifar10,0.1,0,_vig_stem,0.985759
40,7,8,vig_tiny,cifar10,0.1,1,_vig_blocks.0,0.983893
40,7,8,vig_tiny,cifar10,0.1,2,_vig_blocks.1,0.981911
40,7,8,vig_tiny,cifar10,0.1,3,_vig_blocks.2,0.983709
40,7,8,vig_tiny,cifar10,0.1,4,_vig_blocks.3,0.984290
40,7,8,vig_tiny,cifar10,0.1,5,_vig_blocks.4,0.984301
40,7,8,vig_tiny,cifar10,0.1,6,_vig_blocks.5,0.986795
40,7,8,vig_tiny,cifar10,0.1,7,_vig_blocks.6,0.986767
40,7,8,vig_tiny,cifar10,0.1,8,_vig_blocks.7,0.987220
40,7,8,vig_tiny,cifar10,0.1,9,_vig_blocks.8,0.988903
40,7,8,vig_tiny,cifar10,0.1,10,_vig_blocks.9,0.989973
40,7,8,vig_tiny,cifar10,0.1,11,_vig_blocks.10,0.989143
40,7,8,vig_tiny,cifar10,0.1,12,_vig_blocks.11,0.989102
40,7,8,vig_tiny,cifar10,0.1,13,classifier,0.552319
40,7,9,vig_tiny,cifar10,0.1,0,_vig_stem,0.992755
40,7,9,vig_tiny,cifar10,0.1,1,_vig_blocks.0,0.994812
40,7,9,vig_tiny,cifar10,0.1,2,_vig_blocks.1,0.994934
40,7,9,vig_tiny,cifar10,0.1,3,_vig_blocks.2,0.995336
40,7,9,vig_tiny,cifar10,0.1,4,_vig_blocks.3,0.995449
40,7,9,vig_tiny,cifar10,0.1,5,_vig_blocks.4,0.995510
40,7,9,vig_tiny,cifar10,0.1,6,_vig_blocks.5,0.995927
40,7,9,vig_tiny,cifar10,0.1,7,_vig_blocks.6,0.995913
40,7,9,vig_tiny,cifar10,0.1,8,_vig_blocks.7,0.995775
40,7,9,vig_tiny,cifar10,0.1,9,_vig_blocks.8,0.996006
40,7,9,vig_tiny,cifar10,0.1,10,_vig_blocks.9,0.996414
40,7,9,vig_tiny,cifar10,0.1,11,_vig_blocks.10,0.996579
40,7,9,vig_tiny,cifar10,0.1,12,_vig_blocks.11,0.996646
40,7,9,vig_tiny,cifar10,0.1,13,classifier,0.695641
40,8,9,vig_tiny,cifar10,0.1,0,_vig_stem,0.964332
40,8,9,vig_tiny,cifar10,0.1,1,_vig_blocks.0,0.969867
40,8,9,vig_tiny,cifar10,0.1,2,_vig_blocks.1,0.967928
40,8,9,vig_tiny,cifar10,0.1,3,_vig_blocks.2,0.971582
40,8,9,vig_tiny,cifar10,0.1,4,_vig_blocks.3,0.974063
40,8,9,vig_tiny,cifar10,0.1,5,_vig_blocks.4,0.974957
40,8,9,vig_tiny,cifar10,0.1,6,_vig_blocks.5,0.979142
40,8,9,vig_tiny,cifar10,0.1,7,_vig_blocks.6,0.979160
40,8,9,vig_tiny,cifar10,0.1,8,_vig_blocks.7,0.979601
40,8,9,vig_tiny,cifar10,0.1,9,_vig_blocks.8,0.981293
40,8,9,vig_tiny,cifar10,0.1,10,_vig_blocks.9,0.983087
40,8,9,vig_tiny,cifar10,0.1,11,_vig_blocks.10,0.982246
40,8,9,vig_tiny,cifar10,0.1,12,_vig_blocks.11,0.982563
40,8,9,vig_tiny,cifar10,0.1,13,classifier,0.268531
50,0,1,vig_tiny,cifar10,0.1,0,_vig_stem,0.961736
50,0,1,vig_tiny,cifar10,0.1,1,_vig_blocks.0,0.977748
50,0,1,vig_tiny,cifar10,0.1,2,_vig_blocks.1,0.980206
50,0,1,vig_tiny,cifar10,0.1,3,_vig_blocks.2,0.983929
50,0,1,vig_tiny,cifar10,0.1,4,_vig_blocks.3,0.985171
50,0,1,vig_tiny,cifar10,0.1,5,_vig_blocks.4,0.986174
50,0,1,vig_tiny,cifar10,0.1,6,_vig_blocks.5,0.988657
50,0,1,vig_tiny,cifar10,0.1,7,_vig_blocks.6,0.989335
50,0,1,vig_tiny,cifar10,0.1,8,_vig_blocks.7,0.989889
50,0,1,vig_tiny,cifar10,0.1,9,_vig_blocks.8,0.991344
50,0,1,vig_tiny,cifar10,0.1,10,_vig_blocks.9,0.991900
50,0,1,vig_tiny,cifar10,0.1,11,_vig_blocks.10,0.991419
50,0,1,vig_tiny,cifar10,0.1,12,_vig_blocks.11,0.991619
50,0,1,vig_tiny,cifar10,0.1,13,classifier,0.444513
50,0,2,vig_tiny,cifar10,0.1,0,_vig_stem,0.917183
50,0,2,vig_tiny,cifar10,0.1,1,_vig_blocks.0,0.938705
50,0,2,vig_tiny,cifar10,0.1,2,_vig_blocks.1,0.945640
50,0,2,vig_tiny,cifar10,0.1,3,_vig_blocks.2,0.952821
50,0,2,vig_tiny,cifar10,0.1,4,_vig_blocks.3,0.958574
50,0,2,vig_tiny,cifar10,0.1,5,_vig_blocks.4,0.960324
50,0,2,vig_tiny,cifar10,0.1,6,_vig_blocks.5,0.963777
50,0,2,vig_tiny,cifar10,0.1,7,_vig_blocks.6,0.965724
50,0,2,vig_tiny,cifar10,0.1,8,_vig_blocks.7,0.967518
50,0,2,vig_tiny,cifar10,0.1,9,_vig_blocks.8,0.969256
50,0,2,vig_tiny,cifar10,0.1,10,_vig_blocks.9,0.971192
50,0,2,vig_tiny,cifar10,0.1,11,_vig_blocks.10,0.972018
50,0,2,vig_tiny,cifar10,0.1,12,_vig_blocks.11,0.973694
50,0,2,vig_tiny,cifar10,0.1,13,classifier,0.437925
50,0,3,vig_tiny,cifar10,0.1,0,_vig_stem,0.974587
50,0,3,vig_tiny,cifar10,0.1,1,_vig_blocks.0,0.982818
50,0,3,vig_tiny,cifar10,0.1,2,_vig_blocks.1,0.985776
50,0,3,vig_tiny,cifar10,0.1,3,_vig_blocks.2,0.988588
50,0,3,vig_tiny,cifar10,0.1,4,_vig_blocks.3,0.989657
50,0,3,vig_tiny,cifar10,0.1,5,_vig_blocks.4,0.990253
50,0,3,vig_tiny,cifar10,0.1,6,_vig_blocks.5,0.990998
50,0,3,vig_tiny,cifar10,0.1,7,_vig_blocks.6,0.991544
50,0,3,vig_tiny,cifar10,0.1,8,_vig_blocks.7,0.992109
50,0,3,vig_tiny,cifar10,0.1,9,_vig_blocks.8,0.992934
50,0,3,vig_tiny,cifar10,0.1,10,_vig_blocks.9,0.993373
50,0,3,vig_tiny,cifar10,0.1,11,_vig_blocks.10,0.993762
50,0,3,vig_tiny,cifar10,0.1,12,_vig_blocks.11,0.994122
50,0,3,vig_tiny,cifar10,0.1,13,classifier,0.720591
50,0,4,vig_tiny,cifar10,0.1,0,_vig_stem,0.905186
50,0,4,vig_tiny,cifar10,0.1,1,_vig_blocks.0,0.922579
50,0,4,vig_tiny,cifar10,0.1,2,_vig_blocks.1,0.929824
50,0,4,vig_tiny,cifar10,0.1,3,_vig_blocks.2,0.938147
50,0,4,vig_tiny,cifar10,0.1,4,_vig_blocks.3,0.945334
50,0,4,vig_tiny,cifar10,0.1,5,_vig_blocks.4,0.947069
50,0,4,vig_tiny,cifar10,0.1,6,_vig_blocks.5,0.950544
50,0,4,vig_tiny,cifar10,0.1,7,_vig_blocks.6,0.952347
50,0,4,vig_tiny,cifar10,0.1,8,_vig_blocks.7,0.953304
50,0,4,vig_tiny,cifar10,0.1,9,_vig_blocks.8,0.955149
50,0,4,vig_tiny,cifar10,0.1,10,_vig_blocks.9,0.957625
50,0,4,vig_tiny,cifar10,0.1,11,_vig_blocks.10,0.959322
50,0,4,vig_tiny,cifar10,0.1,12,_vig_blocks.11,0.961324
50,0,4,vig_tiny,cifar10,0.1,13,classifier,0.402978
50,0,5,vig_tiny,cifar10,0.1,0,_vig_stem,0.898732
50,0,5,vig_tiny,cifar10,0.1,1,_vig_blocks.0,0.926517
50,0,5,vig_tiny,cifar10,0.1,2,_vig_blocks.1,0.937571
50,0,5,vig_tiny,cifar10,0.1,3,_vig_blocks.2,0.947144
50,0,5,vig_tiny,cifar10,0.1,4,_vig_blocks.3,0.952409
50,0,5,vig_tiny,cifar10,0.1,5,_vig_blocks.4,0.954827
50,0,5,vig_tiny,cifar10,0.1,6,_vig_blocks.5,0.958923
50,0,5,vig_tiny,cifar10,0.1,7,_vig_blocks.6,0.961775
50,0,5,vig_tiny,cifar10,0.1,8,_vig_blocks.7,0.963351
50,0,5,vig_tiny,cifar10,0.1,9,_vig_blocks.8,0.965170
50,0,5,vig_tiny,cifar10,0.1,10,_vig_blocks.9,0.967328
50,0,5,vig_tiny,cifar10,0.1,11,_vig_blocks.10,0.968813
50,0,5,vig_tiny,cifar10,0.1,12,_vig_blocks.11,0.970486
50,0,5,vig_tiny,cifar10,0.1,13,classifier,0.327276
50,0,6,vig_tiny,cifar10,0.1,0,_vig_stem,0.951034
50,0,6,vig_tiny,cifar10,0.1,1,_vig_blocks.0,0.973950
50,0,6,vig_tiny,cifar10,0.1,2,_vig_blocks.1,0.978157
50,0,6,vig_tiny,cifar10,0.1,3,_vig_blocks.2,0.982457
50,0,6,vig_tiny,cifar10,0.1,4,_vig_blocks.3,0.983404
50,0,6,vig_tiny,cifar10,0.1,5,_vig_blocks.4,0.984900
50,0,6,vig_tiny,cifar10,0.1,6,_vig_blocks.5,0.987366
50,0,6,vig_tiny,cifar10,0.1,7,_vig_blocks.6,0.988139
50,0,6,vig_tiny,cifar10,0.1,8,_vig_blocks.7,0.988629
50,0,6,vig_tiny,cifar10,0.1,9,_vig_blocks.8,0.990052
50,0,6,vig_tiny,cifar10,0.1,10,_vig_blocks.9,0.990832
50,0,6,vig_tiny,cifar10,0.1,11,_vig_blocks.10,0.990925
50,0,6,vig_tiny,cifar10,0.1,12,_vig_blocks.11,0.991277
50,0,6,vig_tiny,cifar10,0.1,13,classifier,0.570200
50,0,7,vig_tiny,cifar10,0.1,0,_vig_stem,0.967063
50,0,7,vig_tiny,cifar10,0.1,1,_vig_blocks.0,0.975016
50,0,7,vig_tiny,cifar10,0.1,2,_vig_blocks.1,0.977477
50,0,7,vig_tiny,cifar10,0.1,3,_vig_blocks.2,0.980846
50,0,7,vig_tiny,cifar10,0.1,4,_vig_blocks.3,0.982787
50,0,7,vig_tiny,cifar10,0.1,5,_vig_blocks.4,0.983194
50,0,7,vig_tiny,cifar10,0.1,6,_vig_blocks.5,0.984417
50,0,7,vig_tiny,cifar10,0.1,7,_vig_blocks.6,0.985145
50,0,7,vig_tiny,cifar10,0.1,8,_vig_blocks.7,0.985786
50,0,7,vig_tiny,cifar10,0.1,9,_vig_blocks.8,0.986841
50,0,7,vig_tiny,cifar10,0.1,10,_vig_blocks.9,0.987604
50,0,7,vig_tiny,cifar10,0.1,11,_vig_blocks.10,0.988353
50,0,7,vig_tiny,cifar10,0.1,12,_vig_blocks.11,0.988960
50,0,7,vig_tiny,cifar10,0.1,13,classifier,0.594251
50,0,8,vig_tiny,cifar10,0.1,0,_vig_stem,0.914626
50,0,8,vig_tiny,cifar10,0.1,1,_vig_blocks.0,0.927023
50,0,8,vig_tiny,cifar10,0.1,2,_vig_blocks.1,0.930712
50,0,8,vig_tiny,cifar10,0.1,3,_vig_blocks.2,0.940059
50,0,8,vig_tiny,cifar10,0.1,4,_vig_blocks.3,0.946627
50,0,8,vig_tiny,cifar10,0.1,5,_vig_blocks.4,0.948444
50,0,8,vig_tiny,cifar10,0.1,6,_vig_blocks.5,0.952704
50,0,8,vig_tiny,cifar10,0.1,7,_vig_blocks.6,0.954541
50,0,8,vig_tiny,cifar10,0.1,8,_vig_blocks.7,0.956979
50,0,8,vig_tiny,cifar10,0.1,9,_vig_blocks.8,0.959117
50,0,8,vig_tiny,cifar10,0.1,10,_vig_blocks.9,0.961671
50,0,8,vig_tiny,cifar10,0.1,11,_vig_blocks.10,0.962605
50,0,8,vig_tiny,cifar10,0.1,12,_vig_blocks.11,0.964885
50,0,8,vig_tiny,cifar10,0.1,13,classifier,0.384078
50,0,9,vig_tiny,cifar10,0.1,0,_vig_stem,0.977985
50,0,9,vig_tiny,cifar10,0.1,1,_vig_blocks.0,0.981017
50,0,9,vig_tiny,cifar10,0.1,2,_vig_blocks.1,0.981057
50,0,9,vig_tiny,cifar10,0.1,3,_vig_blocks.2,0.983987
50,0,9,vig_tiny,cifar10,0.1,4,_vig_blocks.3,0.985205
50,0,9,vig_tiny,cifar10,0.1,5,_vig_blocks.4,0.985602
50,0,9,vig_tiny,cifar10,0.1,6,_vig_blocks.5,0.985515
50,0,9,vig_tiny,cifar10,0.1,7,_vig_blocks.6,0.985931
50,0,9,vig_tiny,cifar10,0.1,8,_vig_blocks.7,0.986250
50,0,9,vig_tiny,cifar10,0.1,9,_vig_blocks.8,0.987405
50,0,9,vig_tiny,cifar10,0.1,10,_vig_blocks.9,0.987996
50,0,9,vig_tiny,cifar10,0.1,11,_vig_blocks.10,0.988635
50,0,9,vig_tiny,cifar10,0.1,12,_vig_blocks.11,0.989330
50,0,9,vig_tiny,cifar10,0.1,13,classifier,0.416575
50,1,2,vig_tiny,cifar10,0.1,0,_vig_stem,0.951113
50,1,2,vig_tiny,cifar10,0.1,1,_vig_blocks.0,0.964388
50,1,2,vig_tiny,cifar10,0.1,2,_vig_blocks.1,0.964913
50,1,2,vig_tiny,cifar10,0.1,3,_vig_blocks.2,0.966473
50,1,2,vig_tiny,cifar10,0.1,4,_vig_blocks.3,0.970433
50,1,2,vig_tiny,cifar10,0.1,5,_vig_blocks.4,0.970393
50,1,2,vig_tiny,cifar10,0.1,6,_vig_blocks.5,0.972612
50,1,2,vig_tiny,cifar10,0.1,7,_vig_blocks.6,0.973958
50,1,2,vig_tiny,cifar10,0.1,8,_vig_blocks.7,0.974909
50,1,2,vig_tiny,cifar10,0.1,9,_vig_blocks.8,0.975008
50,1,2,vig_tiny,cifar10,0.1,10,_vig_blocks.9,0.976184
50,1,2,vig_tiny,cifar10,0.1,11,_vig_blocks.10,0.977568
50,1,2,vig_tiny,cifar10,0.1,12,_vig_blocks.11,0.978955
50,1,2,vig_tiny,cifar10,0.1,13,classifier,0.411952
50,1,3,vig_tiny,cifar10,0.1,0,_vig_stem,0.987187
50,1,3,vig_tiny,cifar10,0.1,1,_vig_blocks.0,0.991248
50,1,3,vig_tiny,cifar10,0.1,2,_vig_blocks.1,0.990118
50,1,3,vig_tiny,cifar10,0.1,3,_vig_blocks.2,0.990886
50,1,3,vig_tiny,cifar10,0.1,4,_vig_blocks.3,0.991313
50,1,3,vig_tiny,cifar10,0.1,5,_vig_blocks.4,0.990998
50,1,3,vig_tiny,cifar10,0.1,6,_vig_blocks.5,0.991935
50,1,3,vig_tiny,cifar10,0.1,7,_vig_blocks.6,0.992313
50,1,3,vig_tiny,cifar10,0.1,8,_vig_blocks.7,0.992337
50,1,3,vig_tiny,cifar10,0.1,9,_vig_blocks.8,0.992734
50,1,3,vig_tiny,cifar10,0.1,10,_vig_blocks.9,0.993101
50,1,3,vig_tiny,cifar10,0.1,11,_vig_blocks.10,0.993132
50,1,3,vig_tiny,cifar10,0.1,12,_vig_blocks.11,0.993323
50,1,3,vig_tiny,cifar10,0.1,13,classifier,0.772025
50,1,4,vig_tiny,cifar10,0.1,0,_vig_stem,0.933309
50,1,4,vig_tiny,cifar10,0.1,1,_vig_blocks.0,0.946545
50,1,4,vig_tiny,cifar10,0.1,2,_vig_blocks.1,0.946967
50,1,4,vig_tiny,cifar10,0.1,3,_vig_blocks.2,0.949303
50,1,4,vig_tiny,cifar10,0.1,4,_vig_blocks.3,0.954817
50,1,4,vig_tiny,cifar10,0.1,5,_vig_blocks.4,0.954409
50,1,4,vig_tiny,cifar10,0.1,6,_vig_blocks.5,0.957153
50,1,4,vig_tiny,cifar10,0.1,7,_vig_blocks.6,0.958138
50,1,4,vig_tiny,cifar10,0.1,8,_vig_blocks.7,0.958532
50,1,4,vig_tiny,cifar10,0.1,9,_vig_blocks.8,0.958961
50,1,4,vig_tiny,cifar10,0.1,10,_vig_blocks.9,0.960663
50,1,4,vig_tiny,cifar10,0.1,11,_vig_blocks.10,0.962610
50,1,4,vig_tiny,cifar10,0.1,12,_vig_blocks.11,0.964298
50,1,4,vig_tiny,cifar10,0.1,13,classifier,0.481722
50,1,5,vig_tiny,cifar10,0.1,0,_vig_stem,0.941601
50,1,5,vig_tiny,cifar10,0.1,1,_vig_blocks.0,0.954911
50,1,5,vig_tiny,cifar10,0.1,2,_vig_blocks.1,0.958121
50,1,5,vig_tiny,cifar10,0.1,3,_vig_blocks.2,0.961129
50,1,5,vig_tiny,cifar10,0.1,4,_vig_blocks.3,0.965032
50,1,5,vig_tiny,cifar10,0.1,5,_vig_blocks.4,0.965471
50,1,5,vig_tiny,cifar10,0.1,6,_vig_blocks.5,0.967817
50,1,5,vig_tiny,cifar10,0.1,7,_vig_blocks.6,0.969876
50,1,5,vig_tiny,cifar10,0.1,8,_vig_blocks.7,0.970732
50,1,5,vig_tiny,cifar10,0.1,9,_vig_blocks.8,0.970765
50,1,5,vig_tiny,cifar10,0.1,10,_vig_blocks.9,0.972222
50,1,5,vig_tiny,cifar10,0.1,11,_vig_blocks.10,0.974165
50,1,5,vig_tiny,cifar10,0.1,12,_vig_blocks.11,0.975682
50,1,5,vig_tiny,cifar10,0.1,13,classifier,0.409717
50,1,6,vig_tiny,cifar10,0.1,0,_vig_stem,0.992713
50,1,6,vig_tiny,cifar10,0.1,1,_vig_blocks.0,0.994322
50,1,6,vig_tiny,cifar10,0.1,2,_vig_blocks.1,0.994091
50,1,6,vig_tiny,cifar10,0.1,3,_vig_blocks.2,0.994153
50,1,6,vig_tiny,cifar10,0.1,4,_vig_blocks.3,0.994578
50,1,6,vig_tiny,cifar10,0.1,5,_vig_blocks.4,0.995066
50,1,6,vig_tiny,cifar10,0.1,6,_vig_blocks.5,0.995131
50,1,6,vig_tiny,cifar10,0.1,7,_vig_blocks.6,0.995291
50,1,6,vig_tiny,cifar10,0.1,8,_vig_blocks.7,0.995027
50,1,6,vig_tiny,cifar10,0.1,9,_vig_blocks.8,0.995331
50,1,6,vig_tiny,cifar10,0.1,10,_vig_blocks.9,0.995720
50,1,6,vig_tiny,cifar10,0.1,11,_vig_blocks.10,0.995882
50,1,6,vig_tiny,cifar10,0.1,12,_vig_blocks.11,0.996128
50,1,6,vig_tiny,cifar10,0.1,13,classifier,0.664339
50,1,7,vig_tiny,cifar10,0.1,0,_vig_stem,0.975900
50,1,7,vig_tiny,cifar10,0.1,1,_vig_blocks.0,0.982269
50,1,7,vig_tiny,cifar10,0.1,2,_vig_blocks.1,0.979923
50,1,7,vig_tiny,cifar10,0.1,3,_vig_blocks.2,0.981195
50,1,7,vig_tiny,cifar10,0.1,4,_vig_blocks.3,0.982504
50,1,7,vig_tiny,cifar10,0.1,5,_vig_blocks.4,0.981766
50,1,7,vig_tiny,cifar10,0.1,6,_vig_blocks.5,0.983800
50,1,7,vig_tiny,cifar10,0.1,7,_vig_blocks.6,0.984415
50,1,7,vig_tiny,cifar10,0.1,8,_vig_blocks.7,0.984437
50,1,7,vig_tiny,cifar10,0.1,9,_vig_blocks.8,0.985202
50,1,7,vig_tiny,cifar10,0.1,10,_vig_blocks.9,0.985991
50,1,7,vig_tiny,cifar10,0.1,11,_vig_blocks.10,0.986343
50,1,7,vig_tiny,cifar10,0.1,12,_vig_blocks.11,0.986788
50,1,7,vig_tiny,cifar10,0.1,13,classifier,0.648567
50,1,8,vig_tiny,cifar10,0.1,0,_vig_stem,0.932894
50,1,8,vig_tiny,cifar10,0.1,1,_vig_blocks.0,0.948131
50,1,8,vig_tiny,cifar10,0.1,2,_vig_blocks.1,0.947678
50,1,8,vig_tiny,cifar10,0.1,3,_vig_blocks.2,0.953016
50,1,8,vig_tiny,cifar10,0.1,4,_vig_blocks.3,0.958120
50,1,8,vig_tiny,cifar10,0.1,5,_vig_blocks.4,0.958072
50,1,8,vig_tiny,cifar10,0.1,6,_vig_blocks.5,0.961322
50,1,8,vig_tiny,cifar10,0.1,7,_vig_blocks.6,0.963045
50,1,8,vig_tiny,cifar10,0.1,8,_vig_blocks.7,0.964646
50,1,8,vig_tiny,cifar10,0.1,9,_vig_blocks.8,0.964936
50,1,8,vig_tiny,cifar10,0.1,10,_vig_blocks.9,0.966958
50,1,8,vig_tiny,cifar10,0.1,11,_vig_blocks.10,0.968376
50,1,8,vig_tiny,cifar10,0.1,12,_vig_blocks.11,0.970495
50,1,8,vig_tiny,cifar10,0.1,13,classifier,0.493243
50,1,9,vig_tiny,cifar10,0.1,0,_vig_stem,0.948959
50,1,9,vig_tiny,cifar10,0.1,1,_vig_blocks.0,0.967689
50,1,9,vig_tiny,cifar10,0.1,2,_vig_blocks.1,0.966345
50,1,9,vig_tiny,cifar10,0.1,3,_vig_blocks.2,0.971246
50,1,9,vig_tiny,cifar10,0.1,4,_vig_blocks.3,0.973095
50,1,9,vig_tiny,cifar10,0.1,5,_vig_blocks.4,0.974127
50,1,9,vig_tiny,cifar10,0.1,6,_vig_blocks.5,0.977353
50,1,9,vig_tiny,cifar10,0.1,7,_vig_blocks.6,0.978651
50,1,9,vig_tiny,cifar10,0.1,8,_vig_blocks.7,0.978627
50,1,9,vig_tiny,cifar10,0.1,9,_vig_blocks.8,0.980586
50,1,9,vig_tiny,cifar10,0.1,10,_vig_blocks.9,0.981786
50,1,9,vig_tiny,cifar10,0.1,11,_vig_blocks.10,0.981651
50,1,9,vig_tiny,cifar10,0.1,12,_vig_blocks.11,0.982485
50,1,9,vig_tiny,cifar10,0.1,13,classifier,0.687630
50,2,3,vig_tiny,cifar10,0.1,0,_vig_stem,0.976754
50,2,3,vig_tiny,cifar10,0.1,1,_vig_blocks.0,0.981674
50,2,3,vig_tiny,cifar10,0.1,2,_vig_blocks.1,0.982493
50,2,3,vig_tiny,cifar10,0.1,3,_vig_blocks.2,0.983514
50,2,3,vig_tiny,cifar10,0.1,4,_vig_blocks.3,0.985945
50,2,3,vig_tiny,cifar10,0.1,5,_vig_blocks.4,0.986597
50,2,3,vig_tiny,cifar10,0.1,6,_vig_blocks.5,0.987992
50,2,3,vig_tiny,cifar10,0.1,7,_vig_blocks.6,0.988459
50,2,3,vig_tiny,cifar10,0.1,8,_vig_blocks.7,0.989010
50,2,3,vig_tiny,cifar10,0.1,9,_vig_blocks.8,0.989161
50,2,3,vig_tiny,cifar10,0.1,10,_vig_blocks.9,0.989771
50,2,3,vig_tiny,cifar10,0.1,11,_vig_blocks.10,0.989891
50,2,3,vig_tiny,cifar10,0.1,12,_vig_blocks.11,0.990358
50,2,3,vig_tiny,cifar10,0.1,13,classifier,0.454238
50,2,4,vig_tiny,cifar10,0.1,0,_vig_stem,0.994658
50,2,4,vig_tiny,cifar10,0.1,1,_vig_blocks.0,0.995788
50,2,4,vig_tiny,cifar10,0.1,2,_vig_blocks.1,0.995879
50,2,4,vig_tiny,cifar10,0.1,3,_vig_blocks.2,0.996343
50,2,4,vig_tiny,cifar10,0.1,4,_vig_blocks.3,0.996612
50,2,4,vig_tiny,cifar10,0.1,5,_vig_blocks.4,0.996570
50,2,4,vig_tiny,cifar10,0.1,6,_vig_blocks.5,0.996690
50,2,4,vig_tiny,cifar10,0.1,7,_vig_blocks.6,0.996539
50,2,4,vig_tiny,cifar10,0.1,8,_vig_blocks.7,0.996374
50,2,4,vig_tiny,cifar10,0.1,9,_vig_blocks.8,0.996551
50,2,4,vig_tiny,cifar10,0.1,10,_vig_blocks.9,0.996683
50,2,4,vig_tiny,cifar10,0.1,11,_vig_blocks.10,0.996739
50,2,4,vig_tiny,cifar10,0.1,12,_vig_blocks.11,0.996673
50,2,4,vig_tiny,cifar10,0.1,13,classifier,0.611463
50,2,5,vig_tiny,cifar10,0.1,0,_vig_stem,0.993592
50,2,5,vig_tiny,cifar10,0.1,1,_vig_blocks.0,0.994841
50,2,5,vig_tiny,cifar10,0.1,2,_vig_blocks.1,0.995336
50,2,5,vig_tiny,cifar10,0.1,3,_vig_blocks.2,0.995454
50,2,5,vig_tiny,cifar10,0.1,4,_vig_blocks.3,0.995879
50,2,5,vig_tiny,cifar10,0.1,5,_vig_blocks.4,0.996099
50,2,5,vig_tiny,cifar10,0.1,6,_vig_blocks.5,0.996146
50,2,5,vig_tiny,cifar10,0.1,7,_vig_blocks.6,0.996261
50,2,5,vig_tiny,cifar10,0.1,8,_vig_blocks.7,0.996261
50,2,5,vig_tiny,cifar10,0.1,9,_vig_blocks.8,0.996299
50,2,5,vig_tiny,cifar10,0.1,10,_vig_blocks.9,0.996524
50,2,5,vig_tiny,cifar10,0.1,11,_vig_blocks.10,0.996741
50,2,5,vig_tiny,cifar10,0.1,12,_vig_blocks.11,0.996857
50,2,5,vig_tiny,cifar10,0.1,13,classifier,0.457238
50,2,6,vig_tiny,cifar10,0.1,0,_vig_stem,0.929544
50,2,6,vig_tiny,cifar10,0.1,1,_vig_blocks.0,0.950179
50,2,6,vig_tiny,cifar10,0.1,2,_vig_blocks.1,0.950995
50,2,6,vig_tiny,cifar10,0.1,3,_vig_blocks.2,0.952171
50,2,6,vig_tiny,cifar10,0.1,4,_vig_blocks.3,0.957559
50,2,6,vig_tiny,cifar10,0.1,5,_vig_blocks.4,0.958783
50,2,6,vig_tiny,cifar10,0.1,6,_vig_blocks.5,0.961983
50,2,6,vig_tiny,cifar10,0.1,7,_vig_blocks.6,0.962980
50,2,6,vig_tiny,cifar10,0.1,8,_vig_blocks.7,0.964008
50,2,6,vig_tiny,cifar10,0.1,9,_vig_blocks.8,0.964703
50,2,6,vig_tiny,cifar10,0.1,10,_vig_blocks.9,0.966911
50,2,6,vig_tiny,cifar10,0.1,11,_vig_blocks.10,0.968639
50,2,6,vig_tiny,cifar10,0.1,12,_vig_blocks.11,0.970455
50,2,6,vig_tiny,cifar10,0.1,13,classifier,0.618993
50,2,7,vig_tiny,cifar10,0.1,0,_vig_stem,0.984999
50,2,7,vig_tiny,cifar10,0.1,1,_vig_blocks.0,0.988511
50,2,7,vig_tiny,cifar10,0.1,2,_vig_blocks.1,0.989134
50,2,7,vig_tiny,cifar10,0.1,3,_vig_blocks.2,0.990310
50,2,7,vig_tiny,cifar10,0.1,4,_vig_blocks.3,0.991713
50,2,7,vig_tiny,cifar10,0.1,5,_vig_blocks.4,0.992101
50,2,7,vig_tiny,cifar10,0.1,6,_vig_blocks.5,0.993009
50,2,7,vig_tiny,cifar10,0.1,7,_vig_blocks.6,0.993228
50,2,7,vig_tiny,cifar10,0.1,8,_vig_blocks.7,0.993550
50,2,7,vig_tiny,cifar10,0.1,9,_vig_blocks.8,0.993842
50,2,7,vig_tiny,cifar10,0.1,10,_vig_blocks.9,0.994308
50,2,7,vig_tiny,cifar10,0.1,11,_vig_blocks.10,0.994088
50,2,7,vig_tiny,cifar10,0.1,12,_vig_blocks.11,0.994218
50,2,7,vig_tiny,cifar10,0.1,13,classifier,0.574756
50,2,8,vig_tiny,cifar10,0.1,0,_vig_stem,0.995080
50,2,8,vig_tiny,cifar10,0.1,1,_vig_blocks.0,0.996288
50,2,8,vig_tiny,cifar10,0.1,2,_vig_blocks.1,0.996364
50,2,8,vig_tiny,cifar10,0.1,3,_vig_blocks.2,0.997116
50,2,8,vig_tiny,cifar10,0.1,4,_vig_blocks.3,0.997421
50,2,8,vig_tiny,cifar10,0.1,5,_vig_blocks.4,0.997570
50,2,8,vig_tiny,cifar10,0.1,6,_vig_blocks.5,0.997787
50,2,8,vig_tiny,cifar10,0.1,7,_vig_blocks.6,0.997800
50,2,8,vig_tiny,cifar10,0.1,8,_vig_blocks.7,0.997707
50,2,8,vig_tiny,cifar10,0.1,9,_vig_blocks.8,0.997771
50,2,8,vig_tiny,cifar10,0.1,10,_vig_blocks.9,0.997881
50,2,8,vig_tiny,cifar10,0.1,11,_vig_blocks.10,0.997862
50,2,8,vig_tiny,cifar10,0.1,12,_vig_blocks.11,0.997912
50,2,8,vig_tiny,cifar10,0.1,13,classifier,0.667976
50,2,9,vig_tiny,cifar10,0.1,0,_vig_stem,0.956844
50,2,9,vig_tiny,cifar10,0.1,1,_vig_blocks.0,0.970554
50,2,9,vig_tiny,cifar10,0.1,2,_vig_blocks.1,0.973029
50,2,9,vig_tiny,cifar10,0.1,3,_vig_blocks.2,0.976773
50,2,9,vig_tiny,cifar10,0.1,4,_vig_blocks.3,0.979730
50,2,9,vig_tiny,cifar10,0.1,5,_vig_blocks.4,0.981864
50,2,9,vig_tiny,cifar10,0.1,6,_vig_blocks.5,0.985227
50,2,9,vig_tiny,cifar10,0.1,7,_vig_blocks.6,0.986126
50,2,9,vig_tiny,cifar10,0.1,8,_vig_blocks.7,0.986615
50,2,9,vig_tiny,cifar10,0.1,9,_vig_blocks.8,0.987746
50,2,9,vig_tiny,cifar10,0.1,10,_vig_blocks.9,0.988790
50,2,9,vig_tiny,cifar10,0.1,11,_vig_blocks.10,0.988248
50,2,9,vig_tiny,cifar10,0.1,12,_vig_blocks.11,0.988565
50,2,9,vig_tiny,cifar10,0.1,13,classifier,0.256425
50,3,4,vig_tiny,cifar10,0.1,0,_vig_stem,0.965420
50,3,4,vig_tiny,cifar10,0.1,1,_vig_blocks.0,0.969300
50,3,4,vig_tiny,cifar10,0.1,2,_vig_blocks.1,0.970620
50,3,4,vig_tiny,cifar10,0.1,3,_vig_blocks.2,0.972229
50,3,4,vig_tiny,cifar10,0.1,4,_vig_blocks.3,0.975834
50,3,4,vig_tiny,cifar10,0.1,5,_vig_blocks.4,0.976699
50,3,4,vig_tiny,cifar10,0.1,6,_vig_blocks.5,0.978397
50,3,4,vig_tiny,cifar10,0.1,7,_vig_blocks.6,0.978786
50,3,4,vig_tiny,cifar10,0.1,8,_vig_blocks.7,0.978895
50,3,4,vig_tiny,cifar10,0.1,9,_vig_blocks.8,0.979096
50,3,4,vig_tiny,cifar10,0.1,10,_vig_blocks.9,0.980087
50,3,4,vig_tiny,cifar10,0.1,11,_vig_blocks.10,0.980785
50,3,4,vig_tiny,cifar10,0.1,12,_vig_blocks.11,0.981525
50,3,4,vig_tiny,cifar10,0.1,13,classifier,0.616362
50,3,5,vig_tiny,cifar10,0.1,0,_vig_stem,0.966531
50,3,5,vig_tiny,cifar10,0.1,1,_vig_blocks.0,0.974273
50,3,5,vig_tiny,cifar10,0.1,2,_vig_blocks.1,0.977575
50,3,5,vig_tiny,cifar10,0.1,3,_vig_blocks.2,0.979868
50,3,5,vig_tiny,cifar10,0.1,4,_vig_blocks.3,0.982093
50,3,5,vig_tiny,cifar10,0.1,5,_vig_blocks.4,0.983173
50,3,5,vig_tiny,cifar10,0.1,6,_vig_blocks.5,0.984825
50,3,5,vig_tiny,cifar10,0.1,7,_vig_blocks.6,0.985784
50,3,5,vig_tiny,cifar10,0.1,8,_vig_blocks.7,0.986187
50,3,5,vig_tiny,cifar10,0.1,9,_vig_blocks.8,0.986354
50,3,5,vig_tiny,cifar10,0.1,10,_vig_blocks.9,0.987079
50,3,5,vig_tiny,cifar10,0.1,11,_vig_blocks.10,0.987642
50,3,5,vig_tiny,cifar10,0.1,12,_vig_blocks.11,0.988175
50,3,5,vig_tiny,cifar10,0.1,13,classifier,0.544800
50,3,6,vig_tiny,cifar10,0.1,0,_vig_stem,0.974176
50,3,6,vig_tiny,cifar10,0.1,1,_vig_blocks.0,0.984520
50,3,6,vig_tiny,cifar10,0.1,2,_vig_blocks.1,0.984584
50,3,6,vig_tiny,cifar10,0.1,3,_vig_blocks.2,0.985608
50,3,6,vig_tiny,cifar10,0.1,4,_vig_blocks.3,0.986321
50,3,6,vig_tiny,cifar10,0.1,5,_vig_blocks.4,0.986613
50,3,6,vig_tiny,cifar10,0.1,6,_vig_blocks.5,0.987821
50,3,6,vig_tiny,cifar10,0.1,7,_vig_blocks.6,0.988050
50,3,6,vig_tiny,cifar10,0.1,8,_vig_blocks.7,0.988033
50,3,6,vig_tiny,cifar10,0.1,9,_vig_blocks.8,0.988689
50,3,6,vig_tiny,cifar10,0.1,10,_vig_blocks.9,0.989534
50,3,6,vig_tiny,cifar10,0.1,11,_vig_blocks.10,0.990014
50,3,6,vig_tiny,cifar10,0.1,12,_vig_blocks.11,0.990465
50,3,6,vig_tiny,cifar10,0.1,13,classifier,0.629974
50,3,7,vig_tiny,cifar10,0.1,0,_vig_stem,0.997430
50,3,7,vig_tiny,cifar10,0.1,1,_vig_blocks.0,0.997669
50,3,7,vig_tiny,cifar10,0.1,2,_vig_blocks.1,0.997355
50,3,7,vig_tiny,cifar10,0.1,3,_vig_blocks.2,0.997427
50,3,7,vig_tiny,cifar10,0.1,4,_vig_blocks.3,0.997724
50,3,7,vig_tiny,cifar10,0.1,5,_vig_blocks.4,0.997686
50,3,7,vig_tiny,cifar10,0.1,6,_vig_blocks.5,0.998005
50,3,7,vig_tiny,cifar10,0.1,7,_vig_blocks.6,0.998051
50,3,7,vig_tiny,cifar10,0.1,8,_vig_blocks.7,0.998026
50,3,7,vig_tiny,cifar10,0.1,9,_vig_blocks.8,0.998115
50,3,7,vig_tiny,cifar10,0.1,10,_vig_blocks.9,0.998221
50,3,7,vig_tiny,cifar10,0.1,11,_vig_blocks.10,0.998293
50,3,7,vig_tiny,cifar10,0.1,12,_vig_blocks.11,0.998341
50,3,7,vig_tiny,cifar10,0.1,13,classifier,0.724283
50,3,8,vig_tiny,cifar10,0.1,0,_vig_stem,0.969457
50,3,8,vig_tiny,cifar10,0.1,1,_vig_blocks.0,0.972464
50,3,8,vig_tiny,cifar10,0.1,2,_vig_blocks.1,0.971829
50,3,8,vig_tiny,cifar10,0.1,3,_vig_blocks.2,0.975042
50,3,8,vig_tiny,cifar10,0.1,4,_vig_blocks.3,0.978209
50,3,8,vig_tiny,cifar10,0.1,5,_vig_blocks.4,0.979029
50,3,8,vig_tiny,cifar10,0.1,6,_vig_blocks.5,0.981076
50,3,8,vig_tiny,cifar10,0.1,7,_vig_blocks.6,0.981539
50,3,8,vig_tiny,cifar10,0.1,8,_vig_blocks.7,0.982423
50,3,8,vig_tiny,cifar10,0.1,9,_vig_blocks.8,0.982716
50,3,8,vig_tiny,cifar10,0.1,10,_vig_blocks.9,0.983783
50,3,8,vig_tiny,cifar10,0.1,11,_vig_blocks.10,0.983893
50,3,8,vig_tiny,cifar10,0.1,12,_vig_blocks.11,0.984747
50,3,8,vig_tiny,cifar10,0.1,13,classifier,0.597751
50,3,9,vig_tiny,cifar10,0.1,0,_vig_stem,0.983333
50,3,9,vig_tiny,cifar10,0.1,1,_vig_blocks.0,0.989698
50,3,9,vig_tiny,cifar10,0.1,2,_vig_blocks.1,0.990118
50,3,9,vig_tiny,cifar10,0.1,3,_vig_blocks.2,0.992069
50,3,9,vig_tiny,cifar10,0.1,4,_vig_blocks.3,0.992778
50,3,9,vig_tiny,cifar10,0.1,5,_vig_blocks.4,0.993662
50,3,9,vig_tiny,cifar10,0.1,6,_vig_blocks.5,0.994454
50,3,9,vig_tiny,cifar10,0.1,7,_vig_blocks.6,0.994874
50,3,9,vig_tiny,cifar10,0.1,8,_vig_blocks.7,0.994928
50,3,9,vig_tiny,cifar10,0.1,9,_vig_blocks.8,0.995544
50,3,9,vig_tiny,cifar10,0.1,10,_vig_blocks.9,0.995910
50,3,9,vig_tiny,cifar10,0.1,11,_vig_blocks.10,0.995862
50,3,9,vig_tiny,cifar10,0.1,12,_vig_blocks.11,0.996119
50,3,9,vig_tiny,cifar10,0.1,13,classifier,0.785958
50,4,5,vig_tiny,cifar10,0.1,0,_vig_stem,0.988779
50,4,5,vig_tiny,cifar10,0.1,1,_vig_blocks.0,0.991658
50,4,5,vig_tiny,cifar10,0.1,2,_vig_blocks.1,0.991835
50,4,5,vig_tiny,cifar10,0.1,3,_vig_blocks.2,0.991830
50,4,5,vig_tiny,cifar10,0.1,4,_vig_blocks.3,0.992335
50,4,5,vig_tiny,cifar10,0.1,5,_vig_blocks.4,0.992559
50,4,5,vig_tiny,cifar10,0.1,6,_vig_blocks.5,0.992540
50,4,5,vig_tiny,cifar10,0.1,7,_vig_blocks.6,0.992405
50,4,5,vig_tiny,cifar10,0.1,8,_vig_blocks.7,0.992121
50,4,5,vig_tiny,cifar10,0.1,9,_vig_blocks.8,0.992370
50,4,5,vig_tiny,cifar10,0.1,10,_vig_blocks.9,0.992712
50,4,5,vig_tiny,cifar10,0.1,11,_vig_blocks.10,0.992933
50,4,5,vig_tiny,cifar10,0.1,12,_vig_blocks.11,0.993065
50,4,5,vig_tiny,cifar10,0.1,13,classifier,0.454323
50,4,6,vig_tiny,cifar10,0.1,0,_vig_stem,0.909112
50,4,6,vig_tiny,cifar10,0.1,1,_vig_blocks.0,0.930584
50,4,6,vig_tiny,cifar10,0.1,2,_vig_blocks.1,0.931069
50,4,6,vig_tiny,cifar10,0.1,3,_vig_blocks.2,0.933014
50,4,6,vig_tiny,cifar10,0.1,4,_vig_blocks.3,0.939708
50,4,6,vig_tiny,cifar10,0.1,5,_vig_blocks.4,0.940820
50,4,6,vig_tiny,cifar10,0.1,6,_vig_blocks.5,0.944703
50,4,6,vig_tiny,cifar10,0.1,7,_vig_blocks.6,0.945226
50,4,6,vig_tiny,cifar10,0.1,8,_vig_blocks.7,0.945460
50,4,6,vig_tiny,cifar10,0.1,9,_vig_blocks.8,0.946527
50,4,6,vig_tiny,cifar10,0.1,10,_vig_blocks.9,0.949488
50,4,6,vig_tiny,cifar10,0.1,11,_vig_blocks.10,0.951841
50,4,6,vig_tiny,cifar10,0.1,12,_vig_blocks.11,0.954010
50,4,6,vig_tiny,cifar10,0.1,13,classifier,0.671603
50,4,7,vig_tiny,cifar10,0.1,0,_vig_stem,0.978370
50,4,7,vig_tiny,cifar10,0.1,1,_vig_blocks.0,0.980615
50,4,7,vig_tiny,cifar10,0.1,2,_vig_blocks.1,0.982131
50,4,7,vig_tiny,cifar10,0.1,3,_vig_blocks.2,0.983677
50,4,7,vig_tiny,cifar10,0.1,4,_vig_blocks.3,0.985882
50,4,7,vig_tiny,cifar10,0.1,5,_vig_blocks.4,0.986612
50,4,7,vig_tiny,cifar10,0.1,6,_vig_blocks.5,0.987480
50,4,7,vig_tiny,cifar10,0.1,7,_vig_blocks.6,0.987754
50,4,7,vig_tiny,cifar10,0.1,8,_vig_blocks.7,0.987803
50,4,7,vig_tiny,cifar10,0.1,9,_vig_blocks.8,0.987955
50,4,7,vig_tiny,cifar10,0.1,10,_vig_blocks.9,0.988625
50,4,7,vig_tiny,cifar10,0.1,11,_vig_blocks.10,0.988868
50,4,7,vig_tiny,cifar10,0.1,12,_vig_blocks.11,0.989265
50,4,7,vig_tiny,cifar10,0.1,13,classifier,0.666161
50,4,8,vig_tiny,cifar10,0.1,0,_vig_stem,0.994386
50,4,8,vig_tiny,cifar10,0.1,1,_vig_blocks.0,0.995628
50,4,8,vig_tiny,cifar10,0.1,2,_vig_blocks.1,0.995938
50,4,8,vig_tiny,cifar10,0.1,3,_vig_blocks.2,0.996053
50,4,8,vig_tiny,cifar10,0.1,4,_vig_blocks.3,0.996446
50,4,8,vig_tiny,cifar10,0.1,5,_vig_blocks.4,0.996684
50,4,8,vig_tiny,cifar10,0.1,6,_vig_blocks.5,0.996961
50,4,8,vig_tiny,cifar10,0.1,7,_vig_blocks.6,0.996798
50,4,8,vig_tiny,cifar10,0.1,8,_vig_blocks.7,0.996637
50,4,8,vig_tiny,cifar10,0.1,9,_vig_blocks.8,0.996725
50,4,8,vig_tiny,cifar10,0.1,10,_vig_blocks.9,0.996798
50,4,8,vig_tiny,cifar10,0.1,11,_vig_blocks.10,0.996857
50,4,8,vig_tiny,cifar10,0.1,12,_vig_blocks.11,0.996775
50,4,8,vig_tiny,cifar10,0.1,13,classifier,0.489049
50,4,9,vig_tiny,cifar10,0.1,0,_vig_stem,0.951672
50,4,9,vig_tiny,cifar10,0.1,1,_vig_blocks.0,0.961921
50,4,9,vig_tiny,cifar10,0.1,2,_vig_blocks.1,0.965586
50,4,9,vig_tiny,cifar10,0.1,3,_vig_blocks.2,0.969480
50,4,9,vig_tiny,cifar10,0.1,4,_vig_blocks.3,0.973488
50,4,9,vig_tiny,cifar10,0.1,5,_vig_blocks.4,0.976004
50,4,9,vig_tiny,cifar10,0.1,6,_vig_blocks.5,0.979552
50,4,9,vig_tiny,cifar10,0.1,7,_vig_blocks.6,0.980450
50,4,9,vig_tiny,cifar10,0.1,8,_vig_blocks.7,0.980829
50,4,9,vig_tiny,cifar10,0.1,9,_vig_blocks.8,0.981654
50,4,9,vig_tiny,cifar10,0.1,10,_vig_blocks.9,0.982930
50,4,9,vig_tiny,cifar10,0.1,11,_vig_blocks.10,0.983114
50,4,9,vig_tiny,cifar10,0.1,12,_vig_blocks.11,0.983557
50,4,9,vig_tiny,cifar10,0.1,13,classifier,0.479505
50,5,6,vig_tiny,cifar10,0.1,0,_vig_stem,0.926551
50,5,6,vig_tiny,cifar10,0.1,1,_vig_blocks.0,0.946111
50,5,6,vig_tiny,cifar10,0.1,2,_vig_blocks.1,0.949972
50,5,6,vig_tiny,cifar10,0.1,3,_vig_blocks.2,0.952667
50,5,6,vig_tiny,cifar10,0.1,4,_vig_blocks.3,0.957349
50,5,6,vig_tiny,cifar10,0.1,5,_vig_blocks.4,0.958822
50,5,6,vig_tiny,cifar10,0.1,6,_vig_blocks.5,0.962534
50,5,6,vig_tiny,cifar10,0.1,7,_vig_blocks.6,0.964106
50,5,6,vig_tiny,cifar10,0.1,8,_vig_blocks.7,0.965239
50,5,6,vig_tiny,cifar10,0.1,9,_vig_blocks.8,0.965626
50,5,6,vig_tiny,cifar10,0.1,10,_vig_blocks.9,0.967687
50,5,6,vig_tiny,cifar10,0.1,11,_vig_blocks.10,0.969651
50,5,6,vig_tiny,cifar10,0.1,12,_vig_blocks.11,0.971218
50,5,6,vig_tiny,cifar10,0.1,13,classifier,0.324035
50,5,7,vig_tiny,cifar10,0.1,0,_vig_stem,0.974408
50,5,7,vig_tiny,cifar10,0.1,1,_vig_blocks.0,0.980990
50,5,7,vig_tiny,cifar10,0.1,2,_vig_blocks.1,0.983666
50,5,7,vig_tiny,cifar10,0.1,3,_vig_blocks.2,0.985813
50,5,7,vig_tiny,cifar10,0.1,4,_vig_blocks.3,0.987098
50,5,7,vig_tiny,cifar10,0.1,5,_vig_blocks.4,0.987963
50,5,7,vig_tiny,cifar10,0.1,6,_vig_blocks.5,0.989185
50,5,7,vig_tiny,cifar10,0.1,7,_vig_blocks.6,0.989869
50,5,7,vig_tiny,cifar10,0.1,8,_vig_blocks.7,0.989998
50,5,7,vig_tiny,cifar10,0.1,9,_vig_blocks.8,0.990299
50,5,7,vig_tiny,cifar10,0.1,10,_vig_blocks.9,0.990871
50,5,7,vig_tiny,cifar10,0.1,11,_vig_blocks.10,0.991051
50,5,7,vig_tiny,cifar10,0.1,12,_vig_blocks.11,0.991364
50,5,7,vig_tiny,cifar10,0.1,13,classifier,0.479884
50,5,8,vig_tiny,cifar10,0.1,0,_vig_stem,0.988047
50,5,8,vig_tiny,cifar10,0.1,1,_vig_blocks.0,0.992014
50,5,8,vig_tiny,cifar10,0.1,2,_vig_blocks.1,0.991672
50,5,8,vig_tiny,cifar10,0.1,3,_vig_blocks.2,0.992058
50,5,8,vig_tiny,cifar10,0.1,4,_vig_blocks.3,0.992716
50,5,8,vig_tiny,cifar10,0.1,5,_vig_blocks.4,0.993102
50,5,8,vig_tiny,cifar10,0.1,6,_vig_blocks.5,0.992997
50,5,8,vig_tiny,cifar10,0.1,7,_vig_blocks.6,0.993040
50,5,8,vig_tiny,cifar10,0.1,8,_vig_blocks.7,0.992913
50,5,8,vig_tiny,cifar10,0.1,9,_vig_blocks.8,0.993016
50,5,8,vig_tiny,cifar10,0.1,10,_vig_blocks.9,0.993400
50,5,8,vig_tiny,cifar10,0.1,11,_vig_blocks.10,0.993639
50,5,8,vig_tiny,cifar10,0.1,12,_vig_blocks.11,0.994006
50,5,8,vig_tiny,cifar10,0.1,13,classifier,0.790518
50,5,9,vig_tiny,cifar10,0.1,0,_vig_stem,0.940771
50,5,9,vig_tiny,cifar10,0.1,1,_vig_blocks.0,0.960624
50,5,9,vig_tiny,cifar10,0.1,2,_vig_blocks.1,0.965265
50,5,9,vig_tiny,cifar10,0.1,3,_vig_blocks.2,0.970645
50,5,9,vig_tiny,cifar10,0.1,4,_vig_blocks.3,0.973399
50,5,9,vig_tiny,cifar10,0.1,5,_vig_blocks.4,0.976188
50,5,9,vig_tiny,cifar10,0.1,6,_vig_blocks.5,0.979872
50,5,9,vig_tiny,cifar10,0.1,7,_vig_blocks.6,0.981363
50,5,9,vig_tiny,cifar10,0.1,8,_vig_blocks.7,0.981851
50,5,9,vig_tiny,cifar10,0.1,9,_vig_blocks.8,0.983120
50,5,9,vig_tiny,cifar10,0.1,10,_vig_blocks.9,0.984455
50,5,9,vig_tiny,cifar10,0.1,11,_vig_blocks.10,0.984504
50,5,9,vig_tiny,cifar10,0.1,12,_vig_blocks.11,0.985070
50,5,9,vig_tiny,cifar10,0.1,13,classifier,0.439140
50,6,7,vig_tiny,cifar10,0.1,0,_vig_stem,0.959275
50,6,7,vig_tiny,cifar10,0.1,1,_vig_blocks.0,0.972957
50,6,7,vig_tiny,cifar10,0.1,2,_vig_blocks.1,0.971549
50,6,7,vig_tiny,cifar10,0.1,3,_vig_blocks.2,0.972918
50,6,7,vig_tiny,cifar10,0.1,4,_vig_blocks.3,0.974722
50,6,7,vig_tiny,cifar10,0.1,5,_vig_blocks.4,0.974890
50,6,7,vig_tiny,cifar10,0.1,6,_vig_blocks.5,0.977506
50,6,7,vig_tiny,cifar10,0.1,7,_vig_blocks.6,0.977971
50,6,7,vig_tiny,cifar10,0.1,8,_vig_blocks.7,0.977954
50,6,7,vig_tiny,cifar10,0.1,9,_vig_blocks.8,0.979046
50,6,7,vig_tiny,cifar10,0.1,10,_vig_blocks.9,0.980497
50,6,7,vig_tiny,cifar10,0.1,11,_vig_blocks.10,0.981370
50,6,7,vig_tiny,cifar10,0.1,12,_vig_blocks.11,0.982238
50,6,7,vig_tiny,cifar10,0.1,13,classifier,0.773860
50,6,8,vig_tiny,cifar10,0.1,0,_vig_stem,0.907791
50,6,8,vig_tiny,cifar10,0.1,1,_vig_blocks.0,0.932388
50,6,8,vig_tiny,cifar10,0.1,2,_vig_blocks.1,0.931699
50,6,8,vig_tiny,cifar10,0.1,3,_vig_blocks.2,0.936660
50,6,8,vig_tiny,cifar10,0.1,4,_vig_blocks.3,0.942963
50,6,8,vig_tiny,cifar10,0.1,5,_vig_blocks.4,0.944425
50,6,8,vig_tiny,cifar10,0.1,6,_vig_blocks.5,0.948640
50,6,8,vig_tiny,cifar10,0.1,7,_vig_blocks.6,0.949890
50,6,8,vig_tiny,cifar10,0.1,8,_vig_blocks.7,0.951258
50,6,8,vig_tiny,cifar10,0.1,9,_vig_blocks.8,0.952241
50,6,8,vig_tiny,cifar10,0.1,10,_vig_blocks.9,0.955386
50,6,8,vig_tiny,cifar10,0.1,11,_vig_blocks.10,0.957224
50,6,8,vig_tiny,cifar10,0.1,12,_vig_blocks.11,0.959861
50,6,8,vig_tiny,cifar10,0.1,13,classifier,0.394467
50,6,9,vig_tiny,cifar10,0.1,0,_vig_stem,0.928002
50,6,9,vig_tiny,cifar10,0.1,1,_vig_blocks.0,0.957307
50,6,9,vig_tiny,cifar10,0.1,2,_vig_blocks.1,0.957657
50,6,9,vig_tiny,cifar10,0.1,3,_vig_blocks.2,0.963035
50,6,9,vig_tiny,cifar10,0.1,4,_vig_blocks.3,0.965137
50,6,9,vig_tiny,cifar10,0.1,5,_vig_blocks.4,0.967026
50,6,9,vig_tiny,cifar10,0.1,6,_vig_blocks.5,0.970249
50,6,9,vig_tiny,cifar10,0.1,7,_vig_blocks.6,0.971555
50,6,9,vig_tiny,cifar10,0.1,8,_vig_blocks.7,0.971642
50,6,9,vig_tiny,cifar10,0.1,9,_vig_blocks.8,0.973953
50,6,9,vig_tiny,cifar10,0.1,10,_vig_blocks.9,0.975904
50,6,9,vig_tiny,cifar10,0.1,11,_vig_blocks.10,0.976591
50,6,9,vig_tiny,cifar10,0.1,12,_vig_blocks.11,0.977938
50,6,9,vig_tiny,cifar10,0.1,13,classifier,0.420883
50,7,8,vig_tiny,cifar10,0.1,0,_vig_stem,0.981379
50,7,8,vig_tiny,cifar10,0.1,1,_vig_blocks.0,0.982576
50,7,8,vig_tiny,cifar10,0.1,2,_vig_blocks.1,0.982123
50,7,8,vig_tiny,cifar10,0.1,3,_vig_blocks.2,0.984672
50,7,8,vig_tiny,cifar10,0.1,4,_vig_blocks.3,0.986631
50,7,8,vig_tiny,cifar10,0.1,5,_vig_blocks.4,0.987252
50,7,8,vig_tiny,cifar10,0.1,6,_vig_blocks.5,0.988549
50,7,8,vig_tiny,cifar10,0.1,7,_vig_blocks.6,0.988661
50,7,8,vig_tiny,cifar10,0.1,8,_vig_blocks.7,0.989228
50,7,8,vig_tiny,cifar10,0.1,9,_vig_blocks.8,0.989577
50,7,8,vig_tiny,cifar10,0.1,10,_vig_blocks.9,0.990316
50,7,8,vig_tiny,cifar10,0.1,11,_vig_blocks.10,0.990118
50,7,8,vig_tiny,cifar10,0.1,12,_vig_blocks.11,0.990442
50,7,8,vig_tiny,cifar10,0.1,13,classifier,0.452705
50,7,9,vig_tiny,cifar10,0.1,0,_vig_stem,0.986829
50,7,9,vig_tiny,cifar10,0.1,1,_vig_blocks.0,0.992105
50,7,9,vig_tiny,cifar10,0.1,2,_vig_blocks.1,0.993157
50,7,9,vig_tiny,cifar10,0.1,3,_vig_blocks.2,0.994509
50,7,9,vig_tiny,cifar10,0.1,4,_vig_blocks.3,0.995100
50,7,9,vig_tiny,cifar10,0.1,5,_vig_blocks.4,0.995908
50,7,9,vig_tiny,cifar10,0.1,6,_vig_blocks.5,0.996593
50,7,9,vig_tiny,cifar10,0.1,7,_vig_blocks.6,0.996884
50,7,9,vig_tiny,cifar10,0.1,8,_vig_blocks.7,0.997027
50,7,9,vig_tiny,cifar10,0.1,9,_vig_blocks.8,0.997382
50,7,9,vig_tiny,cifar10,0.1,10,_vig_blocks.9,0.997620
50,7,9,vig_tiny,cifar10,0.1,11,_vig_blocks.10,0.997619
50,7,9,vig_tiny,cifar10,0.1,12,_vig_blocks.11,0.997694
50,7,9,vig_tiny,cifar10,0.1,13,classifier,0.659987
50,8,9,vig_tiny,cifar10,0.1,0,_vig_stem,0.963006
50,8,9,vig_tiny,cifar10,0.1,1,_vig_blocks.0,0.968249
50,8,9,vig_tiny,cifar10,0.1,2,_vig_blocks.1,0.968346
50,8,9,vig_tiny,cifar10,0.1,3,_vig_blocks.2,0.972351
50,8,9,vig_tiny,cifar10,0.1,4,_vig_blocks.3,0.975699
50,8,9,vig_tiny,cifar10,0.1,5,_vig_blocks.4,0.977783
50,8,9,vig_tiny,cifar10,0.1,6,_vig_blocks.5,0.981800
50,8,9,vig_tiny,cifar10,0.1,7,_vig_blocks.6,0.982462
50,8,9,vig_tiny,cifar10,0.1,8,_vig_blocks.7,0.983277
50,8,9,vig_tiny,cifar10,0.1,9,_vig_blocks.8,0.984349
50,8,9,vig_tiny,cifar10,0.1,10,_vig_blocks.9,0.985664
50,8,9,vig_tiny,cifar10,0.1,11,_vig_blocks.10,0.985082
50,8,9,vig_tiny,cifar10,0.1,12,_vig_blocks.11,0.985584
50,8,9,vig_tiny,cifar10,0.1,13,classifier,0.422117
