round,client_i,client_j,model_name,dataset,alpha,layer_index,layer_name,cka_diagonal
1,0,1,vig_tiny,cifar10,0.3,0,_vig_stem,0.931597
1,0,1,vig_tiny,cifar10,0.3,1,_vig_blocks.0,0.879822
1,0,1,vig_tiny,cifar10,0.3,2,_vig_blocks.1,0.853263
1,0,1,vig_tiny,cifar10,0.3,3,_vig_blocks.2,0.813550
1,0,1,vig_tiny,cifar10,0.3,4,_vig_blocks.3,0.808242
1,0,1,vig_tiny,cifar10,0.3,5,_vig_blocks.4,0.787740
1,0,1,vig_tiny,cifar10,0.3,6,_vig_blocks.5,0.785155
1,0,1,vig_tiny,cifar10,0.3,7,_vig_blocks.6,0.784955
1,0,1,vig_tiny,cifar10,0.3,8,_vig_blocks.7,0.777063
1,0,1,vig_tiny,cifar10,0.3,9,_vig_blocks.8,0.775896
1,0,1,vig_tiny,cifar10,0.3,10,_vig_blocks.9,0.793453
1,0,1,vig_tiny,cifar10,0.3,11,_vig_blocks.10,0.795121
1,0,1,vig_tiny,cifar10,0.3,12,_vig_blocks.11,0.805560
1,0,1,vig_tiny,cifar10,0.3,13,classifier,0.587274
1,0,2,vig_tiny,cifar10,0.3,0,_vig_stem,0.906626
1,0,2,vig_tiny,cifar10,0.3,1,_vig_blocks.0,0.860273
1,0,2,vig_tiny,cifar10,0.3,2,_vig_blocks.1,0.830919
1,0,2,vig_tiny,cifar10,0.3,3,_vig_blocks.2,0.774211
1,0,2,vig_tiny,cifar10,0.3,4,_vig_blocks.3,0.775067
1,0,2,vig_tiny,cifar10,0.3,5,_vig_blocks.4,0.757807
1,0,2,vig_tiny,cifar10,0.3,6,_vig_blocks.5,0.745141
1,0,2,vig_tiny,cifar10,0.3,7,_vig_blocks.6,0.751084
1,0,2,vig_tiny,cifar10,0.3,8,_vig_blocks.7,0.726982
1,0,2,vig_tiny,cifar10,0.3,9,_vig_blocks.8,0.724849
1,0,2,vig_tiny,cifar10,0.3,10,_vig_blocks.9,0.741558
1,0,2,vig_tiny,cifar10,0.3,11,_vig_blocks.10,0.741404
1,0,2,vig_tiny,cifar10,0.3,12,_vig_blocks.11,0.731298
1,0,2,vig_tiny,cifar10,0.3,13,classifier,0.496736
1,0,3,vig_tiny,cifar10,0.3,0,_vig_stem,0.778927
1,0,3,vig_tiny,cifar10,0.3,1,_vig_blocks.0,0.722411
1,0,3,vig_tiny,cifar10,0.3,2,_vig_blocks.1,0.678434
1,0,3,vig_tiny,cifar10,0.3,3,_vig_blocks.2,0.644766
1,0,3,vig_tiny,cifar10,0.3,4,_vig_blocks.3,0.640662
1,0,3,vig_tiny,cifar10,0.3,5,_vig_blocks.4,0.646152
1,0,3,vig_tiny,cifar10,0.3,6,_vig_blocks.5,0.644244
1,0,3,vig_tiny,cifar10,0.3,7,_vig_blocks.6,0.642569
1,0,3,vig_tiny,cifar10,0.3,8,_vig_blocks.7,0.618724
1,0,3,vig_tiny,cifar10,0.3,9,_vig_blocks.8,0.609086
1,0,3,vig_tiny,cifar10,0.3,10,_vig_blocks.9,0.597993
1,0,3,vig_tiny,cifar10,0.3,11,_vig_blocks.10,0.585995
1,0,3,vig_tiny,cifar10,0.3,12,_vig_blocks.11,0.600196
1,0,3,vig_tiny,cifar10,0.3,13,classifier,0.428660
1,0,4,vig_tiny,cifar10,0.3,0,_vig_stem,0.675576
1,0,4,vig_tiny,cifar10,0.3,1,_vig_blocks.0,0.629673
1,0,4,vig_tiny,cifar10,0.3,2,_vig_blocks.1,0.616677
1,0,4,vig_tiny,cifar10,0.3,3,_vig_blocks.2,0.597269
1,0,4,vig_tiny,cifar10,0.3,4,_vig_blocks.3,0.609954
1,0,4,vig_tiny,cifar10,0.3,5,_vig_blocks.4,0.601658
1,0,4,vig_tiny,cifar10,0.3,6,_vig_blocks.5,0.565913
1,0,4,vig_tiny,cifar10,0.3,7,_vig_blocks.6,0.551413
1,0,4,vig_tiny,cifar10,0.3,8,_vig_blocks.7,0.555160
1,0,4,vig_tiny,cifar10,0.3,9,_vig_blocks.8,0.549591
1,0,4,vig_tiny,cifar10,0.3,10,_vig_blocks.9,0.554250
1,0,4,vig_tiny,cifar10,0.3,11,_vig_blocks.10,0.547796
1,0,4,vig_tiny,cifar10,0.3,12,_vig_blocks.11,0.524294
1,0,4,vig_tiny,cifar10,0.3,13,classifier,0.260504
1,0,5,vig_tiny,cifar10,0.3,0,_vig_stem,0.835389
1,0,5,vig_tiny,cifar10,0.3,1,_vig_blocks.0,0.778336
1,0,5,vig_tiny,cifar10,0.3,2,_vig_blocks.1,0.759285
1,0,5,vig_tiny,cifar10,0.3,3,_vig_blocks.2,0.758144
1,0,5,vig_tiny,cifar10,0.3,4,_vig_blocks.3,0.778014
1,0,5,vig_tiny,cifar10,0.3,5,_vig_blocks.4,0.772958
1,0,5,vig_tiny,cifar10,0.3,6,_vig_blocks.5,0.759821
1,0,5,vig_tiny,cifar10,0.3,7,_vig_blocks.6,0.745506
1,0,5,vig_tiny,cifar10,0.3,8,_vig_blocks.7,0.718611
1,0,5,vig_tiny,cifar10,0.3,9,_vig_blocks.8,0.690603
1,0,5,vig_tiny,cifar10,0.3,10,_vig_blocks.9,0.689796
1,0,5,vig_tiny,cifar10,0.3,11,_vig_blocks.10,0.685675
1,0,5,vig_tiny,cifar10,0.3,12,_vig_blocks.11,0.684420
1,0,5,vig_tiny,cifar10,0.3,13,classifier,0.354713
1,0,6,vig_tiny,cifar10,0.3,0,_vig_stem,0.828819
1,0,6,vig_tiny,cifar10,0.3,1,_vig_blocks.0,0.833341
1,0,6,vig_tiny,cifar10,0.3,2,_vig_blocks.1,0.811917
1,0,6,vig_tiny,cifar10,0.3,3,_vig_blocks.2,0.793720
1,0,6,vig_tiny,cifar10,0.3,4,_vig_blocks.3,0.771863
1,0,6,vig_tiny,cifar10,0.3,5,_vig_blocks.4,0.760038
1,0,6,vig_tiny,cifar10,0.3,6,_vig_blocks.5,0.756004
1,0,6,vig_tiny,cifar10,0.3,7,_vig_blocks.6,0.736959
1,0,6,vig_tiny,cifar10,0.3,8,_vig_blocks.7,0.732277
1,0,6,vig_tiny,cifar10,0.3,9,_vig_blocks.8,0.728523
1,0,6,vig_tiny,cifar10,0.3,10,_vig_blocks.9,0.721790
1,0,6,vig_tiny,cifar10,0.3,11,_vig_blocks.10,0.711298
1,0,6,vig_tiny,cifar10,0.3,12,_vig_blocks.11,0.709773
1,0,6,vig_tiny,cifar10,0.3,13,classifier,0.332357
1,0,7,vig_tiny,cifar10,0.3,0,_vig_stem,0.774509
1,0,7,vig_tiny,cifar10,0.3,1,_vig_blocks.0,0.679866
1,0,7,vig_tiny,cifar10,0.3,2,_vig_blocks.1,0.649488
1,0,7,vig_tiny,cifar10,0.3,3,_vig_blocks.2,0.615141
1,0,7,vig_tiny,cifar10,0.3,4,_vig_blocks.3,0.643955
1,0,7,vig_tiny,cifar10,0.3,5,_vig_blocks.4,0.642799
1,0,7,vig_tiny,cifar10,0.3,6,_vig_blocks.5,0.616243
1,0,7,vig_tiny,cifar10,0.3,7,_vig_blocks.6,0.624875
1,0,7,vig_tiny,cifar10,0.3,8,_vig_blocks.7,0.605882
1,0,7,vig_tiny,cifar10,0.3,9,_vig_blocks.8,0.584893
1,0,7,vig_tiny,cifar10,0.3,10,_vig_blocks.9,0.570277
1,0,7,vig_tiny,cifar10,0.3,11,_vig_blocks.10,0.561677
1,0,7,vig_tiny,cifar10,0.3,12,_vig_blocks.11,0.555693
1,0,7,vig_tiny,cifar10,0.3,13,classifier,0.404375
1,0,8,vig_tiny,cifar10,0.3,0,_vig_stem,0.898939
1,0,8,vig_tiny,cifar10,0.3,1,_vig_blocks.0,0.867006
1,0,8,vig_tiny,cifar10,0.3,2,_vig_blocks.1,0.850282
1,0,8,vig_tiny,cifar10,0.3,3,_vig_blocks.2,0.827240
1,0,8,vig_tiny,cifar10,0.3,4,_vig_blocks.3,0.842049
1,0,8,vig_tiny,cifar10,0.3,5,_vig_blocks.4,0.850992
1,0,8,vig_tiny,cifar10,0.3,6,_vig_blocks.5,0.833804
1,0,8,vig_tiny,cifar10,0.3,7,_vig_blocks.6,0.842348
1,0,8,vig_tiny,cifar10,0.3,8,_vig_blocks.7,0.837309
1,0,8,vig_tiny,cifar10,0.3,9,_vig_blocks.8,0.830179
1,0,8,vig_tiny,cifar10,0.3,10,_vig_blocks.9,0.815484
1,0,8,vig_tiny,cifar10,0.3,11,_vig_blocks.10,0.807726
1,0,8,vig_tiny,cifar10,0.3,12,_vig_blocks.11,0.806450
1,0,8,vig_tiny,cifar10,0.3,13,classifier,0.790847
1,0,9,vig_tiny,cifar10,0.3,0,_vig_stem,0.850750
1,0,9,vig_tiny,cifar10,0.3,1,_vig_blocks.0,0.820086
1,0,9,vig_tiny,cifar10,0.3,2,_vig_blocks.1,0.817671
1,0,9,vig_tiny,cifar10,0.3,3,_vig_blocks.2,0.800646
1,0,9,vig_tiny,cifar10,0.3,4,_vig_blocks.3,0.793740
1,0,9,vig_tiny,cifar10,0.3,5,_vig_blocks.4,0.787918
1,0,9,vig_tiny,cifar10,0.3,6,_vig_blocks.5,0.773918
1,0,9,vig_tiny,cifar10,0.3,7,_vig_blocks.6,0.774425
1,0,9,vig_tiny,cifar10,0.3,8,_vig_blocks.7,0.776064
1,0,9,vig_tiny,cifar10,0.3,9,_vig_blocks.8,0.763602
1,0,9,vig_tiny,cifar10,0.3,10,_vig_blocks.9,0.751247
1,0,9,vig_tiny,cifar10,0.3,11,_vig_blocks.10,0.747874
1,0,9,vig_tiny,cifar10,0.3,12,_vig_blocks.11,0.750124
1,0,9,vig_tiny,cifar10,0.3,13,classifier,0.422098
1,1,2,vig_tiny,cifar10,0.3,0,_vig_stem,0.885675
1,1,2,vig_tiny,cifar10,0.3,1,_vig_blocks.0,0.894874
1,1,2,vig_tiny,cifar10,0.3,2,_vig_blocks.1,0.885649
1,1,2,vig_tiny,cifar10,0.3,3,_vig_blocks.2,0.876907
1,1,2,vig_tiny,cifar10,0.3,4,_vig_blocks.3,0.860495
1,1,2,vig_tiny,cifar10,0.3,5,_vig_blocks.4,0.854247
1,1,2,vig_tiny,cifar10,0.3,6,_vig_blocks.5,0.846912
1,1,2,vig_tiny,cifar10,0.3,7,_vig_blocks.6,0.844726
1,1,2,vig_tiny,cifar10,0.3,8,_vig_blocks.7,0.831478
1,1,2,vig_tiny,cifar10,0.3,9,_vig_blocks.8,0.820676
1,1,2,vig_tiny,cifar10,0.3,10,_vig_blocks.9,0.810338
1,1,2,vig_tiny,cifar10,0.3,11,_vig_blocks.10,0.800276
1,1,2,vig_tiny,cifar10,0.3,12,_vig_blocks.11,0.779489
1,1,2,vig_tiny,cifar10,0.3,13,classifier,0.462279
1,1,3,vig_tiny,cifar10,0.3,0,_vig_stem,0.720416
1,1,3,vig_tiny,cifar10,0.3,1,_vig_blocks.0,0.624015
1,1,3,vig_tiny,cifar10,0.3,2,_vig_blocks.1,0.558822
1,1,3,vig_tiny,cifar10,0.3,3,_vig_blocks.2,0.534382
1,1,3,vig_tiny,cifar10,0.3,4,_vig_blocks.3,0.536775
1,1,3,vig_tiny,cifar10,0.3,5,_vig_blocks.4,0.514775
1,1,3,vig_tiny,cifar10,0.3,6,_vig_blocks.5,0.515077
1,1,3,vig_tiny,cifar10,0.3,7,_vig_blocks.6,0.508678
1,1,3,vig_tiny,cifar10,0.3,8,_vig_blocks.7,0.498284
1,1,3,vig_tiny,cifar10,0.3,9,_vig_blocks.8,0.498850
1,1,3,vig_tiny,cifar10,0.3,10,_vig_blocks.9,0.504072
1,1,3,vig_tiny,cifar10,0.3,11,_vig_blocks.10,0.504135
1,1,3,vig_tiny,cifar10,0.3,12,_vig_blocks.11,0.518552
1,1,3,vig_tiny,cifar10,0.3,13,classifier,0.352465
1,1,4,vig_tiny,cifar10,0.3,0,_vig_stem,0.658511
1,1,4,vig_tiny,cifar10,0.3,1,_vig_blocks.0,0.570278
1,1,4,vig_tiny,cifar10,0.3,2,_vig_blocks.1,0.569502
1,1,4,vig_tiny,cifar10,0.3,3,_vig_blocks.2,0.552806
1,1,4,vig_tiny,cifar10,0.3,4,_vig_blocks.3,0.578799
1,1,4,vig_tiny,cifar10,0.3,5,_vig_blocks.4,0.547321
1,1,4,vig_tiny,cifar10,0.3,6,_vig_blocks.5,0.517792
1,1,4,vig_tiny,cifar10,0.3,7,_vig_blocks.6,0.504882
1,1,4,vig_tiny,cifar10,0.3,8,_vig_blocks.7,0.506829
1,1,4,vig_tiny,cifar10,0.3,9,_vig_blocks.8,0.492409
1,1,4,vig_tiny,cifar10,0.3,10,_vig_blocks.9,0.509720
1,1,4,vig_tiny,cifar10,0.3,11,_vig_blocks.10,0.524109
1,1,4,vig_tiny,cifar10,0.3,12,_vig_blocks.11,0.515265
1,1,4,vig_tiny,cifar10,0.3,13,classifier,0.370962
1,1,5,vig_tiny,cifar10,0.3,0,_vig_stem,0.835915
1,1,5,vig_tiny,cifar10,0.3,1,_vig_blocks.0,0.699483
1,1,5,vig_tiny,cifar10,0.3,2,_vig_blocks.1,0.660016
1,1,5,vig_tiny,cifar10,0.3,3,_vig_blocks.2,0.643854
1,1,5,vig_tiny,cifar10,0.3,4,_vig_blocks.3,0.653382
1,1,5,vig_tiny,cifar10,0.3,5,_vig_blocks.4,0.630935
1,1,5,vig_tiny,cifar10,0.3,6,_vig_blocks.5,0.621630
1,1,5,vig_tiny,cifar10,0.3,7,_vig_blocks.6,0.604688
1,1,5,vig_tiny,cifar10,0.3,8,_vig_blocks.7,0.610738
1,1,5,vig_tiny,cifar10,0.3,9,_vig_blocks.8,0.613935
1,1,5,vig_tiny,cifar10,0.3,10,_vig_blocks.9,0.619192
1,1,5,vig_tiny,cifar10,0.3,11,_vig_blocks.10,0.607892
1,1,5,vig_tiny,cifar10,0.3,12,_vig_blocks.11,0.628265
1,1,5,vig_tiny,cifar10,0.3,13,classifier,0.475427
1,1,6,vig_tiny,cifar10,0.3,0,_vig_stem,0.859321
1,1,6,vig_tiny,cifar10,0.3,1,_vig_blocks.0,0.829374
1,1,6,vig_tiny,cifar10,0.3,2,_vig_blocks.1,0.794014
1,1,6,vig_tiny,cifar10,0.3,3,_vig_blocks.2,0.785622
1,1,6,vig_tiny,cifar10,0.3,4,_vig_blocks.3,0.778225
1,1,6,vig_tiny,cifar10,0.3,5,_vig_blocks.4,0.762698
1,1,6,vig_tiny,cifar10,0.3,6,_vig_blocks.5,0.763280
1,1,6,vig_tiny,cifar10,0.3,7,_vig_blocks.6,0.748499
1,1,6,vig_tiny,cifar10,0.3,8,_vig_blocks.7,0.741910
1,1,6,vig_tiny,cifar10,0.3,9,_vig_blocks.8,0.738433
1,1,6,vig_tiny,cifar10,0.3,10,_vig_blocks.9,0.733194
1,1,6,vig_tiny,cifar10,0.3,11,_vig_blocks.10,0.743659
1,1,6,vig_tiny,cifar10,0.3,12,_vig_blocks.11,0.740421
1,1,6,vig_tiny,cifar10,0.3,13,classifier,0.366479
1,1,7,vig_tiny,cifar10,0.3,0,_vig_stem,0.701034
1,1,7,vig_tiny,cifar10,0.3,1,_vig_blocks.0,0.554190
1,1,7,vig_tiny,cifar10,0.3,2,_vig_blocks.1,0.504866
1,1,7,vig_tiny,cifar10,0.3,3,_vig_blocks.2,0.474228
1,1,7,vig_tiny,cifar10,0.3,4,_vig_blocks.3,0.487941
1,1,7,vig_tiny,cifar10,0.3,5,_vig_blocks.4,0.444130
1,1,7,vig_tiny,cifar10,0.3,6,_vig_blocks.5,0.428212
1,1,7,vig_tiny,cifar10,0.3,7,_vig_blocks.6,0.434618
1,1,7,vig_tiny,cifar10,0.3,8,_vig_blocks.7,0.429728
1,1,7,vig_tiny,cifar10,0.3,9,_vig_blocks.8,0.429974
1,1,7,vig_tiny,cifar10,0.3,10,_vig_blocks.9,0.442508
1,1,7,vig_tiny,cifar10,0.3,11,_vig_blocks.10,0.436549
1,1,7,vig_tiny,cifar10,0.3,12,_vig_blocks.11,0.437722
1,1,7,vig_tiny,cifar10,0.3,13,classifier,0.223819
1,1,8,vig_tiny,cifar10,0.3,0,_vig_stem,0.920635
1,1,8,vig_tiny,cifar10,0.3,1,_vig_blocks.0,0.855263
1,1,8,vig_tiny,cifar10,0.3,2,_vig_blocks.1,0.819519
1,1,8,vig_tiny,cifar10,0.3,3,_vig_blocks.2,0.772024
1,1,8,vig_tiny,cifar10,0.3,4,_vig_blocks.3,0.768341
1,1,8,vig_tiny,cifar10,0.3,5,_vig_blocks.4,0.759792
1,1,8,vig_tiny,cifar10,0.3,6,_vig_blocks.5,0.751324
1,1,8,vig_tiny,cifar10,0.3,7,_vig_blocks.6,0.759435
1,1,8,vig_tiny,cifar10,0.3,8,_vig_blocks.7,0.748051
1,1,8,vig_tiny,cifar10,0.3,9,_vig_blocks.8,0.756976
1,1,8,vig_tiny,cifar10,0.3,10,_vig_blocks.9,0.757661
1,1,8,vig_tiny,cifar10,0.3,11,_vig_blocks.10,0.740043
1,1,8,vig_tiny,cifar10,0.3,12,_vig_blocks.11,0.735431
1,1,8,vig_tiny,cifar10,0.3,13,classifier,0.516318
1,1,9,vig_tiny,cifar10,0.3,0,_vig_stem,0.772905
1,1,9,vig_tiny,cifar10,0.3,1,_vig_blocks.0,0.788191
1,1,9,vig_tiny,cifar10,0.3,2,_vig_blocks.1,0.734747
1,1,9,vig_tiny,cifar10,0.3,3,_vig_blocks.2,0.732899
1,1,9,vig_tiny,cifar10,0.3,4,_vig_blocks.3,0.731401
1,1,9,vig_tiny,cifar10,0.3,5,_vig_blocks.4,0.705553
1,1,9,vig_tiny,cifar10,0.3,6,_vig_blocks.5,0.714587
1,1,9,vig_tiny,cifar10,0.3,7,_vig_blocks.6,0.703876
1,1,9,vig_tiny,cifar10,0.3,8,_vig_blocks.7,0.709921
1,1,9,vig_tiny,cifar10,0.3,9,_vig_blocks.8,0.702776
1,1,9,vig_tiny,cifar10,0.3,10,_vig_blocks.9,0.715960
1,1,9,vig_tiny,cifar10,0.3,11,_vig_blocks.10,0.699344
1,1,9,vig_tiny,cifar10,0.3,12,_vig_blocks.11,0.695194
1,1,9,vig_tiny,cifar10,0.3,13,classifier,0.343254
1,2,3,vig_tiny,cifar10,0.3,0,_vig_stem,0.836932
1,2,3,vig_tiny,cifar10,0.3,1,_vig_blocks.0,0.736907
1,2,3,vig_tiny,cifar10,0.3,2,_vig_blocks.1,0.659196
1,2,3,vig_tiny,cifar10,0.3,3,_vig_blocks.2,0.628432
1,2,3,vig_tiny,cifar10,0.3,4,_vig_blocks.3,0.634294
1,2,3,vig_tiny,cifar10,0.3,5,_vig_blocks.4,0.612979
1,2,3,vig_tiny,cifar10,0.3,6,_vig_blocks.5,0.615273
1,2,3,vig_tiny,cifar10,0.3,7,_vig_blocks.6,0.605891
1,2,3,vig_tiny,cifar10,0.3,8,_vig_blocks.7,0.575694
1,2,3,vig_tiny,cifar10,0.3,9,_vig_blocks.8,0.574049
1,2,3,vig_tiny,cifar10,0.3,10,_vig_blocks.9,0.598766
1,2,3,vig_tiny,cifar10,0.3,11,_vig_blocks.10,0.574698
1,2,3,vig_tiny,cifar10,0.3,12,_vig_blocks.11,0.557505
1,2,3,vig_tiny,cifar10,0.3,13,classifier,0.323871
1,2,4,vig_tiny,cifar10,0.3,0,_vig_stem,0.717966
1,2,4,vig_tiny,cifar10,0.3,1,_vig_blocks.0,0.622587
1,2,4,vig_tiny,cifar10,0.3,2,_vig_blocks.1,0.606802
1,2,4,vig_tiny,cifar10,0.3,3,_vig_blocks.2,0.589383
1,2,4,vig_tiny,cifar10,0.3,4,_vig_blocks.3,0.604225
1,2,4,vig_tiny,cifar10,0.3,5,_vig_blocks.4,0.592506
1,2,4,vig_tiny,cifar10,0.3,6,_vig_blocks.5,0.550566
1,2,4,vig_tiny,cifar10,0.3,7,_vig_blocks.6,0.535321
1,2,4,vig_tiny,cifar10,0.3,8,_vig_blocks.7,0.529228
1,2,4,vig_tiny,cifar10,0.3,9,_vig_blocks.8,0.527396
1,2,4,vig_tiny,cifar10,0.3,10,_vig_blocks.9,0.553588
1,2,4,vig_tiny,cifar10,0.3,11,_vig_blocks.10,0.543543
1,2,4,vig_tiny,cifar10,0.3,12,_vig_blocks.11,0.509465
1,2,4,vig_tiny,cifar10,0.3,13,classifier,0.384133
1,2,5,vig_tiny,cifar10,0.3,0,_vig_stem,0.887820
1,2,5,vig_tiny,cifar10,0.3,1,_vig_blocks.0,0.735803
1,2,5,vig_tiny,cifar10,0.3,2,_vig_blocks.1,0.700377
1,2,5,vig_tiny,cifar10,0.3,3,_vig_blocks.2,0.655047
1,2,5,vig_tiny,cifar10,0.3,4,_vig_blocks.3,0.656477
1,2,5,vig_tiny,cifar10,0.3,5,_vig_blocks.4,0.625143
1,2,5,vig_tiny,cifar10,0.3,6,_vig_blocks.5,0.613096
1,2,5,vig_tiny,cifar10,0.3,7,_vig_blocks.6,0.597422
1,2,5,vig_tiny,cifar10,0.3,8,_vig_blocks.7,0.569287
1,2,5,vig_tiny,cifar10,0.3,9,_vig_blocks.8,0.563546
1,2,5,vig_tiny,cifar10,0.3,10,_vig_blocks.9,0.584549
1,2,5,vig_tiny,cifar10,0.3,11,_vig_blocks.10,0.574247
1,2,5,vig_tiny,cifar10,0.3,12,_vig_blocks.11,0.568465
1,2,5,vig_tiny,cifar10,0.3,13,classifier,0.302095
1,2,6,vig_tiny,cifar10,0.3,0,_vig_stem,0.733061
1,2,6,vig_tiny,cifar10,0.3,1,_vig_blocks.0,0.754984
1,2,6,vig_tiny,cifar10,0.3,2,_vig_blocks.1,0.736683
1,2,6,vig_tiny,cifar10,0.3,3,_vig_blocks.2,0.721329
1,2,6,vig_tiny,cifar10,0.3,4,_vig_blocks.3,0.701134
1,2,6,vig_tiny,cifar10,0.3,5,_vig_blocks.4,0.705702
1,2,6,vig_tiny,cifar10,0.3,6,_vig_blocks.5,0.726964
1,2,6,vig_tiny,cifar10,0.3,7,_vig_blocks.6,0.725477
1,2,6,vig_tiny,cifar10,0.3,8,_vig_blocks.7,0.717267
1,2,6,vig_tiny,cifar10,0.3,9,_vig_blocks.8,0.725334
1,2,6,vig_tiny,cifar10,0.3,10,_vig_blocks.9,0.719998
1,2,6,vig_tiny,cifar10,0.3,11,_vig_blocks.10,0.741548
1,2,6,vig_tiny,cifar10,0.3,12,_vig_blocks.11,0.734986
1,2,6,vig_tiny,cifar10,0.3,13,classifier,0.506280
1,2,7,vig_tiny,cifar10,0.3,0,_vig_stem,0.891765
1,2,7,vig_tiny,cifar10,0.3,1,_vig_blocks.0,0.738471
1,2,7,vig_tiny,cifar10,0.3,2,_vig_blocks.1,0.677611
1,2,7,vig_tiny,cifar10,0.3,3,_vig_blocks.2,0.651570
1,2,7,vig_tiny,cifar10,0.3,4,_vig_blocks.3,0.668608
1,2,7,vig_tiny,cifar10,0.3,5,_vig_blocks.4,0.620216
1,2,7,vig_tiny,cifar10,0.3,6,_vig_blocks.5,0.602902
1,2,7,vig_tiny,cifar10,0.3,7,_vig_blocks.6,0.588292
1,2,7,vig_tiny,cifar10,0.3,8,_vig_blocks.7,0.554615
1,2,7,vig_tiny,cifar10,0.3,9,_vig_blocks.8,0.559642
1,2,7,vig_tiny,cifar10,0.3,10,_vig_blocks.9,0.595630
1,2,7,vig_tiny,cifar10,0.3,11,_vig_blocks.10,0.560646
1,2,7,vig_tiny,cifar10,0.3,12,_vig_blocks.11,0.511836
1,2,7,vig_tiny,cifar10,0.3,13,classifier,0.251172
1,2,8,vig_tiny,cifar10,0.3,0,_vig_stem,0.874975
1,2,8,vig_tiny,cifar10,0.3,1,_vig_blocks.0,0.894900
1,2,8,vig_tiny,cifar10,0.3,2,_vig_blocks.1,0.878452
1,2,8,vig_tiny,cifar10,0.3,3,_vig_blocks.2,0.841359
1,2,8,vig_tiny,cifar10,0.3,4,_vig_blocks.3,0.844506
1,2,8,vig_tiny,cifar10,0.3,5,_vig_blocks.4,0.818535
1,2,8,vig_tiny,cifar10,0.3,6,_vig_blocks.5,0.813691
1,2,8,vig_tiny,cifar10,0.3,7,_vig_blocks.6,0.806302
1,2,8,vig_tiny,cifar10,0.3,8,_vig_blocks.7,0.782414
1,2,8,vig_tiny,cifar10,0.3,9,_vig_blocks.8,0.790511
1,2,8,vig_tiny,cifar10,0.3,10,_vig_blocks.9,0.807686
1,2,8,vig_tiny,cifar10,0.3,11,_vig_blocks.10,0.778812
1,2,8,vig_tiny,cifar10,0.3,12,_vig_blocks.11,0.730468
1,2,8,vig_tiny,cifar10,0.3,13,classifier,0.461073
1,2,9,vig_tiny,cifar10,0.3,0,_vig_stem,0.810096
1,2,9,vig_tiny,cifar10,0.3,1,_vig_blocks.0,0.797152
1,2,9,vig_tiny,cifar10,0.3,2,_vig_blocks.1,0.769919
1,2,9,vig_tiny,cifar10,0.3,3,_vig_blocks.2,0.774912
1,2,9,vig_tiny,cifar10,0.3,4,_vig_blocks.3,0.796497
1,2,9,vig_tiny,cifar10,0.3,5,_vig_blocks.4,0.773400
1,2,9,vig_tiny,cifar10,0.3,6,_vig_blocks.5,0.776688
1,2,9,vig_tiny,cifar10,0.3,7,_vig_blocks.6,0.775792
1,2,9,vig_tiny,cifar10,0.3,8,_vig_blocks.7,0.775179
1,2,9,vig_tiny,cifar10,0.3,9,_vig_blocks.8,0.775491
1,2,9,vig_tiny,cifar10,0.3,10,_vig_blocks.9,0.793952
1,2,9,vig_tiny,cifar10,0.3,11,_vig_blocks.10,0.765444
1,2,9,vig_tiny,cifar10,0.3,12,_vig_blocks.11,0.728755
1,2,9,vig_tiny,cifar10,0.3,13,classifier,0.471414
1,3,4,vig_tiny,cifar10,0.3,0,_vig_stem,0.759850
1,3,4,vig_tiny,cifar10,0.3,1,_vig_blocks.0,0.707941
1,3,4,vig_tiny,cifar10,0.3,2,_vig_blocks.1,0.696468
1,3,4,vig_tiny,cifar10,0.3,3,_vig_blocks.2,0.689483
1,3,4,vig_tiny,cifar10,0.3,4,_vig_blocks.3,0.676283
1,3,4,vig_tiny,cifar10,0.3,5,_vig_blocks.4,0.678890
1,3,4,vig_tiny,cifar10,0.3,6,_vig_blocks.5,0.653979
1,3,4,vig_tiny,cifar10,0.3,7,_vig_blocks.6,0.643335
1,3,4,vig_tiny,cifar10,0.3,8,_vig_blocks.7,0.640529
1,3,4,vig_tiny,cifar10,0.3,9,_vig_blocks.8,0.628225
1,3,4,vig_tiny,cifar10,0.3,10,_vig_blocks.9,0.623556
1,3,4,vig_tiny,cifar10,0.3,11,_vig_blocks.10,0.609869
1,3,4,vig_tiny,cifar10,0.3,12,_vig_blocks.11,0.607226
1,3,4,vig_tiny,cifar10,0.3,13,classifier,0.404972
1,3,5,vig_tiny,cifar10,0.3,0,_vig_stem,0.860062
1,3,5,vig_tiny,cifar10,0.3,1,_vig_blocks.0,0.827783
1,3,5,vig_tiny,cifar10,0.3,2,_vig_blocks.1,0.821117
1,3,5,vig_tiny,cifar10,0.3,3,_vig_blocks.2,0.794183
1,3,5,vig_tiny,cifar10,0.3,4,_vig_blocks.3,0.767410
1,3,5,vig_tiny,cifar10,0.3,5,_vig_blocks.4,0.752615
1,3,5,vig_tiny,cifar10,0.3,6,_vig_blocks.5,0.747925
1,3,5,vig_tiny,cifar10,0.3,7,_vig_blocks.6,0.757124
1,3,5,vig_tiny,cifar10,0.3,8,_vig_blocks.7,0.733950
1,3,5,vig_tiny,cifar10,0.3,9,_vig_blocks.8,0.718262
1,3,5,vig_tiny,cifar10,0.3,10,_vig_blocks.9,0.689327
1,3,5,vig_tiny,cifar10,0.3,11,_vig_blocks.10,0.668544
1,3,5,vig_tiny,cifar10,0.3,12,_vig_blocks.11,0.665363
1,3,5,vig_tiny,cifar10,0.3,13,classifier,0.530873
1,3,6,vig_tiny,cifar10,0.3,0,_vig_stem,0.675328
1,3,6,vig_tiny,cifar10,0.3,1,_vig_blocks.0,0.642947
1,3,6,vig_tiny,cifar10,0.3,2,_vig_blocks.1,0.589985
1,3,6,vig_tiny,cifar10,0.3,3,_vig_blocks.2,0.569170
1,3,6,vig_tiny,cifar10,0.3,4,_vig_blocks.3,0.556643
1,3,6,vig_tiny,cifar10,0.3,5,_vig_blocks.4,0.557645
1,3,6,vig_tiny,cifar10,0.3,6,_vig_blocks.5,0.555006
1,3,6,vig_tiny,cifar10,0.3,7,_vig_blocks.6,0.537369
1,3,6,vig_tiny,cifar10,0.3,8,_vig_blocks.7,0.534767
1,3,6,vig_tiny,cifar10,0.3,9,_vig_blocks.8,0.525578
1,3,6,vig_tiny,cifar10,0.3,10,_vig_blocks.9,0.519147
1,3,6,vig_tiny,cifar10,0.3,11,_vig_blocks.10,0.520569
1,3,6,vig_tiny,cifar10,0.3,12,_vig_blocks.11,0.533752
1,3,6,vig_tiny,cifar10,0.3,13,classifier,0.530729
1,3,7,vig_tiny,cifar10,0.3,0,_vig_stem,0.876578
1,3,7,vig_tiny,cifar10,0.3,1,_vig_blocks.0,0.846784
1,3,7,vig_tiny,cifar10,0.3,2,_vig_blocks.1,0.826414
1,3,7,vig_tiny,cifar10,0.3,3,_vig_blocks.2,0.798428
1,3,7,vig_tiny,cifar10,0.3,4,_vig_blocks.3,0.775113
1,3,7,vig_tiny,cifar10,0.3,5,_vig_blocks.4,0.772266
1,3,7,vig_tiny,cifar10,0.3,6,_vig_blocks.5,0.778258
1,3,7,vig_tiny,cifar10,0.3,7,_vig_blocks.6,0.797244
1,3,7,vig_tiny,cifar10,0.3,8,_vig_blocks.7,0.780488
1,3,7,vig_tiny,cifar10,0.3,9,_vig_blocks.8,0.786634
1,3,7,vig_tiny,cifar10,0.3,10,_vig_blocks.9,0.780737
1,3,7,vig_tiny,cifar10,0.3,11,_vig_blocks.10,0.755874
1,3,7,vig_tiny,cifar10,0.3,12,_vig_blocks.11,0.762847
1,3,7,vig_tiny,cifar10,0.3,13,classifier,0.176730
1,3,8,vig_tiny,cifar10,0.3,0,_vig_stem,0.796330
1,3,8,vig_tiny,cifar10,0.3,1,_vig_blocks.0,0.788796
1,3,8,vig_tiny,cifar10,0.3,2,_vig_blocks.1,0.747952
1,3,8,vig_tiny,cifar10,0.3,3,_vig_blocks.2,0.745807
1,3,8,vig_tiny,cifar10,0.3,4,_vig_blocks.3,0.733163
1,3,8,vig_tiny,cifar10,0.3,5,_vig_blocks.4,0.734414
1,3,8,vig_tiny,cifar10,0.3,6,_vig_blocks.5,0.746451
1,3,8,vig_tiny,cifar10,0.3,7,_vig_blocks.6,0.740781
1,3,8,vig_tiny,cifar10,0.3,8,_vig_blocks.7,0.724922
1,3,8,vig_tiny,cifar10,0.3,9,_vig_blocks.8,0.724350
1,3,8,vig_tiny,cifar10,0.3,10,_vig_blocks.9,0.730069
1,3,8,vig_tiny,cifar10,0.3,11,_vig_blocks.10,0.723504
1,3,8,vig_tiny,cifar10,0.3,12,_vig_blocks.11,0.731470
1,3,8,vig_tiny,cifar10,0.3,13,classifier,0.299231
1,3,9,vig_tiny,cifar10,0.3,0,_vig_stem,0.835473
1,3,9,vig_tiny,cifar10,0.3,1,_vig_blocks.0,0.778523
1,3,9,vig_tiny,cifar10,0.3,2,_vig_blocks.1,0.787329
1,3,9,vig_tiny,cifar10,0.3,3,_vig_blocks.2,0.772170
1,3,9,vig_tiny,cifar10,0.3,4,_vig_blocks.3,0.780724
1,3,9,vig_tiny,cifar10,0.3,5,_vig_blocks.4,0.764522
1,3,9,vig_tiny,cifar10,0.3,6,_vig_blocks.5,0.744148
1,3,9,vig_tiny,cifar10,0.3,7,_vig_blocks.6,0.746686
1,3,9,vig_tiny,cifar10,0.3,8,_vig_blocks.7,0.740694
1,3,9,vig_tiny,cifar10,0.3,9,_vig_blocks.8,0.739602
1,3,9,vig_tiny,cifar10,0.3,10,_vig_blocks.9,0.729287
1,3,9,vig_tiny,cifar10,0.3,11,_vig_blocks.10,0.726938
1,3,9,vig_tiny,cifar10,0.3,12,_vig_blocks.11,0.740028
1,3,9,vig_tiny,cifar10,0.3,13,classifier,0.487757
1,4,5,vig_tiny,cifar10,0.3,0,_vig_stem,0.836590
1,4,5,vig_tiny,cifar10,0.3,1,_vig_blocks.0,0.763921
1,4,5,vig_tiny,cifar10,0.3,2,_vig_blocks.1,0.734231
1,4,5,vig_tiny,cifar10,0.3,3,_vig_blocks.2,0.714552
1,4,5,vig_tiny,cifar10,0.3,4,_vig_blocks.3,0.706505
1,4,5,vig_tiny,cifar10,0.3,5,_vig_blocks.4,0.690753
1,4,5,vig_tiny,cifar10,0.3,6,_vig_blocks.5,0.650500
1,4,5,vig_tiny,cifar10,0.3,7,_vig_blocks.6,0.644007
1,4,5,vig_tiny,cifar10,0.3,8,_vig_blocks.7,0.636345
1,4,5,vig_tiny,cifar10,0.3,9,_vig_blocks.8,0.612633
1,4,5,vig_tiny,cifar10,0.3,10,_vig_blocks.9,0.603571
1,4,5,vig_tiny,cifar10,0.3,11,_vig_blocks.10,0.582263
1,4,5,vig_tiny,cifar10,0.3,12,_vig_blocks.11,0.563610
1,4,5,vig_tiny,cifar10,0.3,13,classifier,0.599247
1,4,6,vig_tiny,cifar10,0.3,0,_vig_stem,0.669790
1,4,6,vig_tiny,cifar10,0.3,1,_vig_blocks.0,0.620817
1,4,6,vig_tiny,cifar10,0.3,2,_vig_blocks.1,0.619922
1,4,6,vig_tiny,cifar10,0.3,3,_vig_blocks.2,0.592425
1,4,6,vig_tiny,cifar10,0.3,4,_vig_blocks.3,0.576817
1,4,6,vig_tiny,cifar10,0.3,5,_vig_blocks.4,0.563346
1,4,6,vig_tiny,cifar10,0.3,6,_vig_blocks.5,0.541445
1,4,6,vig_tiny,cifar10,0.3,7,_vig_blocks.6,0.527617
1,4,6,vig_tiny,cifar10,0.3,8,_vig_blocks.7,0.522577
1,4,6,vig_tiny,cifar10,0.3,9,_vig_blocks.8,0.503027
1,4,6,vig_tiny,cifar10,0.3,10,_vig_blocks.9,0.500136
1,4,6,vig_tiny,cifar10,0.3,11,_vig_blocks.10,0.500757
1,4,6,vig_tiny,cifar10,0.3,12,_vig_blocks.11,0.496395
1,4,6,vig_tiny,cifar10,0.3,13,classifier,0.499550
1,4,7,vig_tiny,cifar10,0.3,0,_vig_stem,0.710441
1,4,7,vig_tiny,cifar10,0.3,1,_vig_blocks.0,0.657904
1,4,7,vig_tiny,cifar10,0.3,2,_vig_blocks.1,0.640567
1,4,7,vig_tiny,cifar10,0.3,3,_vig_blocks.2,0.636253
1,4,7,vig_tiny,cifar10,0.3,4,_vig_blocks.3,0.638880
1,4,7,vig_tiny,cifar10,0.3,5,_vig_blocks.4,0.639781
1,4,7,vig_tiny,cifar10,0.3,6,_vig_blocks.5,0.600106
1,4,7,vig_tiny,cifar10,0.3,7,_vig_blocks.6,0.576592
1,4,7,vig_tiny,cifar10,0.3,8,_vig_blocks.7,0.591113
1,4,7,vig_tiny,cifar10,0.3,9,_vig_blocks.8,0.604187
1,4,7,vig_tiny,cifar10,0.3,10,_vig_blocks.9,0.610839
1,4,7,vig_tiny,cifar10,0.3,11,_vig_blocks.10,0.605114
1,4,7,vig_tiny,cifar10,0.3,12,_vig_blocks.11,0.581668
1,4,7,vig_tiny,cifar10,0.3,13,classifier,0.332480
1,4,8,vig_tiny,cifar10,0.3,0,_vig_stem,0.624582
1,4,8,vig_tiny,cifar10,0.3,1,_vig_blocks.0,0.603872
1,4,8,vig_tiny,cifar10,0.3,2,_vig_blocks.1,0.613213
1,4,8,vig_tiny,cifar10,0.3,3,_vig_blocks.2,0.617303
1,4,8,vig_tiny,cifar10,0.3,4,_vig_blocks.3,0.629810
1,4,8,vig_tiny,cifar10,0.3,5,_vig_blocks.4,0.624705
1,4,8,vig_tiny,cifar10,0.3,6,_vig_blocks.5,0.576937
1,4,8,vig_tiny,cifar10,0.3,7,_vig_blocks.6,0.556531
1,4,8,vig_tiny,cifar10,0.3,8,_vig_blocks.7,0.571220
1,4,8,vig_tiny,cifar10,0.3,9,_vig_blocks.8,0.566190
1,4,8,vig_tiny,cifar10,0.3,10,_vig_blocks.9,0.582904
1,4,8,vig_tiny,cifar10,0.3,11,_vig_blocks.10,0.582036
1,4,8,vig_tiny,cifar10,0.3,12,_vig_blocks.11,0.564078
1,4,8,vig_tiny,cifar10,0.3,13,classifier,0.300626
1,4,9,vig_tiny,cifar10,0.3,0,_vig_stem,0.657865
1,4,9,vig_tiny,cifar10,0.3,1,_vig_blocks.0,0.612746
1,4,9,vig_tiny,cifar10,0.3,2,_vig_blocks.1,0.625045
1,4,9,vig_tiny,cifar10,0.3,3,_vig_blocks.2,0.619504
1,4,9,vig_tiny,cifar10,0.3,4,_vig_blocks.3,0.631655
1,4,9,vig_tiny,cifar10,0.3,5,_vig_blocks.4,0.625850
1,4,9,vig_tiny,cifar10,0.3,6,_vig_blocks.5,0.583852
1,4,9,vig_tiny,cifar10,0.3,7,_vig_blocks.6,0.568302
1,4,9,vig_tiny,cifar10,0.3,8,_vig_blocks.7,0.577454
1,4,9,vig_tiny,cifar10,0.3,9,_vig_blocks.8,0.566085
1,4,9,vig_tiny,cifar10,0.3,10,_vig_blocks.9,0.574043
1,4,9,vig_tiny,cifar10,0.3,11,_vig_blocks.10,0.591386
1,4,9,vig_tiny,cifar10,0.3,12,_vig_blocks.11,0.585267
1,4,9,vig_tiny,cifar10,0.3,13,classifier,0.459316
1,5,6,vig_tiny,cifar10,0.3,0,_vig_stem,0.734161
1,5,6,vig_tiny,cifar10,0.3,1,_vig_blocks.0,0.706425
1,5,6,vig_tiny,cifar10,0.3,2,_vig_blocks.1,0.669500
1,5,6,vig_tiny,cifar10,0.3,3,_vig_blocks.2,0.651837
1,5,6,vig_tiny,cifar10,0.3,4,_vig_blocks.3,0.643263
1,5,6,vig_tiny,cifar10,0.3,5,_vig_blocks.4,0.640916
1,5,6,vig_tiny,cifar10,0.3,6,_vig_blocks.5,0.621724
1,5,6,vig_tiny,cifar10,0.3,7,_vig_blocks.6,0.598320
1,5,6,vig_tiny,cifar10,0.3,8,_vig_blocks.7,0.607112
1,5,6,vig_tiny,cifar10,0.3,9,_vig_blocks.8,0.604882
1,5,6,vig_tiny,cifar10,0.3,10,_vig_blocks.9,0.594709
1,5,6,vig_tiny,cifar10,0.3,11,_vig_blocks.10,0.587546
1,5,6,vig_tiny,cifar10,0.3,12,_vig_blocks.11,0.582738
1,5,6,vig_tiny,cifar10,0.3,13,classifier,0.348489
1,5,7,vig_tiny,cifar10,0.3,0,_vig_stem,0.881056
1,5,7,vig_tiny,cifar10,0.3,1,_vig_blocks.0,0.790979
1,5,7,vig_tiny,cifar10,0.3,2,_vig_blocks.1,0.794386
1,5,7,vig_tiny,cifar10,0.3,3,_vig_blocks.2,0.765861
1,5,7,vig_tiny,cifar10,0.3,4,_vig_blocks.3,0.763298
1,5,7,vig_tiny,cifar10,0.3,5,_vig_blocks.4,0.724483
1,5,7,vig_tiny,cifar10,0.3,6,_vig_blocks.5,0.718330
1,5,7,vig_tiny,cifar10,0.3,7,_vig_blocks.6,0.726542
1,5,7,vig_tiny,cifar10,0.3,8,_vig_blocks.7,0.674785
1,5,7,vig_tiny,cifar10,0.3,9,_vig_blocks.8,0.644613
1,5,7,vig_tiny,cifar10,0.3,10,_vig_blocks.9,0.609365
1,5,7,vig_tiny,cifar10,0.3,11,_vig_blocks.10,0.572173
1,5,7,vig_tiny,cifar10,0.3,12,_vig_blocks.11,0.572223
1,5,7,vig_tiny,cifar10,0.3,13,classifier,0.326122
1,5,8,vig_tiny,cifar10,0.3,0,_vig_stem,0.807313
1,5,8,vig_tiny,cifar10,0.3,1,_vig_blocks.0,0.812009
1,5,8,vig_tiny,cifar10,0.3,2,_vig_blocks.1,0.804507
1,5,8,vig_tiny,cifar10,0.3,3,_vig_blocks.2,0.817971
1,5,8,vig_tiny,cifar10,0.3,4,_vig_blocks.3,0.817432
1,5,8,vig_tiny,cifar10,0.3,5,_vig_blocks.4,0.807522
1,5,8,vig_tiny,cifar10,0.3,6,_vig_blocks.5,0.790378
1,5,8,vig_tiny,cifar10,0.3,7,_vig_blocks.6,0.770780
1,5,8,vig_tiny,cifar10,0.3,8,_vig_blocks.7,0.750031
1,5,8,vig_tiny,cifar10,0.3,9,_vig_blocks.8,0.732538
1,5,8,vig_tiny,cifar10,0.3,10,_vig_blocks.9,0.702450
1,5,8,vig_tiny,cifar10,0.3,11,_vig_blocks.10,0.680825
1,5,8,vig_tiny,cifar10,0.3,12,_vig_blocks.11,0.685331
1,5,8,vig_tiny,cifar10,0.3,13,classifier,0.358104
1,5,9,vig_tiny,cifar10,0.3,0,_vig_stem,0.775435
1,5,9,vig_tiny,cifar10,0.3,1,_vig_blocks.0,0.777043
1,5,9,vig_tiny,cifar10,0.3,2,_vig_blocks.1,0.782464
1,5,9,vig_tiny,cifar10,0.3,3,_vig_blocks.2,0.772020
1,5,9,vig_tiny,cifar10,0.3,4,_vig_blocks.3,0.766319
1,5,9,vig_tiny,cifar10,0.3,5,_vig_blocks.4,0.750836
1,5,9,vig_tiny,cifar10,0.3,6,_vig_blocks.5,0.738972
1,5,9,vig_tiny,cifar10,0.3,7,_vig_blocks.6,0.747519
1,5,9,vig_tiny,cifar10,0.3,8,_vig_blocks.7,0.730150
1,5,9,vig_tiny,cifar10,0.3,9,_vig_blocks.8,0.728630
1,5,9,vig_tiny,cifar10,0.3,10,_vig_blocks.9,0.706397
1,5,9,vig_tiny,cifar10,0.3,11,_vig_blocks.10,0.706831
1,5,9,vig_tiny,cifar10,0.3,12,_vig_blocks.11,0.701081
1,5,9,vig_tiny,cifar10,0.3,13,classifier,0.487856
1,6,7,vig_tiny,cifar10,0.3,0,_vig_stem,0.522665
1,6,7,vig_tiny,cifar10,0.3,1,_vig_blocks.0,0.452503
1,6,7,vig_tiny,cifar10,0.3,2,_vig_blocks.1,0.417272
1,6,7,vig_tiny,cifar10,0.3,3,_vig_blocks.2,0.383600
1,6,7,vig_tiny,cifar10,0.3,4,_vig_blocks.3,0.379325
1,6,7,vig_tiny,cifar10,0.3,5,_vig_blocks.4,0.363708
1,6,7,vig_tiny,cifar10,0.3,6,_vig_blocks.5,0.354618
1,6,7,vig_tiny,cifar10,0.3,7,_vig_blocks.6,0.346846
1,6,7,vig_tiny,cifar10,0.3,8,_vig_blocks.7,0.352000
1,6,7,vig_tiny,cifar10,0.3,9,_vig_blocks.8,0.352263
1,6,7,vig_tiny,cifar10,0.3,10,_vig_blocks.9,0.346358
1,6,7,vig_tiny,cifar10,0.3,11,_vig_blocks.10,0.326127
1,6,7,vig_tiny,cifar10,0.3,12,_vig_blocks.11,0.325263
1,6,7,vig_tiny,cifar10,0.3,13,classifier,0.097833
1,6,8,vig_tiny,cifar10,0.3,0,_vig_stem,0.839207
1,6,8,vig_tiny,cifar10,0.3,1,_vig_blocks.0,0.751391
1,6,8,vig_tiny,cifar10,0.3,2,_vig_blocks.1,0.713477
1,6,8,vig_tiny,cifar10,0.3,3,_vig_blocks.2,0.677181
1,6,8,vig_tiny,cifar10,0.3,4,_vig_blocks.3,0.663468
1,6,8,vig_tiny,cifar10,0.3,5,_vig_blocks.4,0.657568
1,6,8,vig_tiny,cifar10,0.3,6,_vig_blocks.5,0.639871
1,6,8,vig_tiny,cifar10,0.3,7,_vig_blocks.6,0.621987
1,6,8,vig_tiny,cifar10,0.3,8,_vig_blocks.7,0.615976
1,6,8,vig_tiny,cifar10,0.3,9,_vig_blocks.8,0.618078
1,6,8,vig_tiny,cifar10,0.3,10,_vig_blocks.9,0.599335
1,6,8,vig_tiny,cifar10,0.3,11,_vig_blocks.10,0.592769
1,6,8,vig_tiny,cifar10,0.3,12,_vig_blocks.11,0.588921
1,6,8,vig_tiny,cifar10,0.3,13,classifier,0.304442
1,6,9,vig_tiny,cifar10,0.3,0,_vig_stem,0.803993
1,6,9,vig_tiny,cifar10,0.3,1,_vig_blocks.0,0.801221
1,6,9,vig_tiny,cifar10,0.3,2,_vig_blocks.1,0.777287
1,6,9,vig_tiny,cifar10,0.3,3,_vig_blocks.2,0.770383
1,6,9,vig_tiny,cifar10,0.3,4,_vig_blocks.3,0.755934
1,6,9,vig_tiny,cifar10,0.3,5,_vig_blocks.4,0.746685
1,6,9,vig_tiny,cifar10,0.3,6,_vig_blocks.5,0.757403
1,6,9,vig_tiny,cifar10,0.3,7,_vig_blocks.6,0.734947
1,6,9,vig_tiny,cifar10,0.3,8,_vig_blocks.7,0.735107
1,6,9,vig_tiny,cifar10,0.3,9,_vig_blocks.8,0.727907
1,6,9,vig_tiny,cifar10,0.3,10,_vig_blocks.9,0.722047
1,6,9,vig_tiny,cifar10,0.3,11,_vig_blocks.10,0.730267
1,6,9,vig_tiny,cifar10,0.3,12,_vig_blocks.11,0.716983
1,6,9,vig_tiny,cifar10,0.3,13,classifier,0.465273
1,7,8,vig_tiny,cifar10,0.3,0,_vig_stem,0.733873
1,7,8,vig_tiny,cifar10,0.3,1,_vig_blocks.0,0.769569
1,7,8,vig_tiny,cifar10,0.3,2,_vig_blocks.1,0.765268
1,7,8,vig_tiny,cifar10,0.3,3,_vig_blocks.2,0.801588
1,7,8,vig_tiny,cifar10,0.3,4,_vig_blocks.3,0.806543
1,7,8,vig_tiny,cifar10,0.3,5,_vig_blocks.4,0.779414
1,7,8,vig_tiny,cifar10,0.3,6,_vig_blocks.5,0.774103
1,7,8,vig_tiny,cifar10,0.3,7,_vig_blocks.6,0.764708
1,7,8,vig_tiny,cifar10,0.3,8,_vig_blocks.7,0.756318
1,7,8,vig_tiny,cifar10,0.3,9,_vig_blocks.8,0.747253
1,7,8,vig_tiny,cifar10,0.3,10,_vig_blocks.9,0.750325
1,7,8,vig_tiny,cifar10,0.3,11,_vig_blocks.10,0.757803
1,7,8,vig_tiny,cifar10,0.3,12,_vig_blocks.11,0.749859
1,7,8,vig_tiny,cifar10,0.3,13,classifier,0.576256
1,7,9,vig_tiny,cifar10,0.3,0,_vig_stem,0.766833
1,7,9,vig_tiny,cifar10,0.3,1,_vig_blocks.0,0.646700
1,7,9,vig_tiny,cifar10,0.3,2,_vig_blocks.1,0.654125
1,7,9,vig_tiny,cifar10,0.3,3,_vig_blocks.2,0.648279
1,7,9,vig_tiny,cifar10,0.3,4,_vig_blocks.3,0.673991
1,7,9,vig_tiny,cifar10,0.3,5,_vig_blocks.4,0.651501
1,7,9,vig_tiny,cifar10,0.3,6,_vig_blocks.5,0.606013
1,7,9,vig_tiny,cifar10,0.3,7,_vig_blocks.6,0.630863
1,7,9,vig_tiny,cifar10,0.3,8,_vig_blocks.7,0.634394
1,7,9,vig_tiny,cifar10,0.3,9,_vig_blocks.8,0.632348
1,7,9,vig_tiny,cifar10,0.3,10,_vig_blocks.9,0.633230
1,7,9,vig_tiny,cifar10,0.3,11,_vig_blocks.10,0.639499
1,7,9,vig_tiny,cifar10,0.3,12,_vig_blocks.11,0.653085
1,7,9,vig_tiny,cifar10,0.3,13,classifier,0.267693
1,8,9,vig_tiny,cifar10,0.3,0,_vig_stem,0.859147
1,8,9,vig_tiny,cifar10,0.3,1,_vig_blocks.0,0.831545
1,8,9,vig_tiny,cifar10,0.3,2,_vig_blocks.1,0.817335
1,8,9,vig_tiny,cifar10,0.3,3,_vig_blocks.2,0.794886
1,8,9,vig_tiny,cifar10,0.3,4,_vig_blocks.3,0.802933
1,8,9,vig_tiny,cifar10,0.3,5,_vig_blocks.4,0.802725
1,8,9,vig_tiny,cifar10,0.3,6,_vig_blocks.5,0.796831
1,8,9,vig_tiny,cifar10,0.3,7,_vig_blocks.6,0.807128
1,8,9,vig_tiny,cifar10,0.3,8,_vig_blocks.7,0.808453
1,8,9,vig_tiny,cifar10,0.3,9,_vig_blocks.8,0.810878
1,8,9,vig_tiny,cifar10,0.3,10,_vig_blocks.9,0.812750
1,8,9,vig_tiny,cifar10,0.3,11,_vig_blocks.10,0.803984
1,8,9,vig_tiny,cifar10,0.3,12,_vig_blocks.11,0.812200
1,8,9,vig_tiny,cifar10,0.3,13,classifier,0.461432
2,0,1,vig_tiny,cifar10,0.3,0,_vig_stem,0.894264
2,0,1,vig_tiny,cifar10,0.3,1,_vig_blocks.0,0.851142
2,0,1,vig_tiny,cifar10,0.3,2,_vig_blocks.1,0.776682
2,0,1,vig_tiny,cifar10,0.3,3,_vig_blocks.2,0.752616
2,0,1,vig_tiny,cifar10,0.3,4,_vig_blocks.3,0.744804
2,0,1,vig_tiny,cifar10,0.3,5,_vig_blocks.4,0.737673
2,0,1,vig_tiny,cifar10,0.3,6,_vig_blocks.5,0.713187
2,0,1,vig_tiny,cifar10,0.3,7,_vig_blocks.6,0.696968
2,0,1,vig_tiny,cifar10,0.3,8,_vig_blocks.7,0.709110
2,0,1,vig_tiny,cifar10,0.3,9,_vig_blocks.8,0.712674
2,0,1,vig_tiny,cifar10,0.3,10,_vig_blocks.9,0.720712
2,0,1,vig_tiny,cifar10,0.3,11,_vig_blocks.10,0.727847
2,0,1,vig_tiny,cifar10,0.3,12,_vig_blocks.11,0.725633
2,0,1,vig_tiny,cifar10,0.3,13,classifier,0.462099
2,0,2,vig_tiny,cifar10,0.3,0,_vig_stem,0.784101
2,0,2,vig_tiny,cifar10,0.3,1,_vig_blocks.0,0.724065
2,0,2,vig_tiny,cifar10,0.3,2,_vig_blocks.1,0.701933
2,0,2,vig_tiny,cifar10,0.3,3,_vig_blocks.2,0.676600
2,0,2,vig_tiny,cifar10,0.3,4,_vig_blocks.3,0.657317
2,0,2,vig_tiny,cifar10,0.3,5,_vig_blocks.4,0.672844
2,0,2,vig_tiny,cifar10,0.3,6,_vig_blocks.5,0.678837
2,0,2,vig_tiny,cifar10,0.3,7,_vig_blocks.6,0.661905
2,0,2,vig_tiny,cifar10,0.3,8,_vig_blocks.7,0.665840
2,0,2,vig_tiny,cifar10,0.3,9,_vig_blocks.8,0.661546
2,0,2,vig_tiny,cifar10,0.3,10,_vig_blocks.9,0.662404
2,0,2,vig_tiny,cifar10,0.3,11,_vig_blocks.10,0.661038
2,0,2,vig_tiny,cifar10,0.3,12,_vig_blocks.11,0.659212
2,0,2,vig_tiny,cifar10,0.3,13,classifier,0.631788
2,0,3,vig_tiny,cifar10,0.3,0,_vig_stem,0.847121
2,0,3,vig_tiny,cifar10,0.3,1,_vig_blocks.0,0.800271
2,0,3,vig_tiny,cifar10,0.3,2,_vig_blocks.1,0.720685
2,0,3,vig_tiny,cifar10,0.3,3,_vig_blocks.2,0.691807
2,0,3,vig_tiny,cifar10,0.3,4,_vig_blocks.3,0.672590
2,0,3,vig_tiny,cifar10,0.3,5,_vig_blocks.4,0.644885
2,0,3,vig_tiny,cifar10,0.3,6,_vig_blocks.5,0.643816
2,0,3,vig_tiny,cifar10,0.3,7,_vig_blocks.6,0.635532
2,0,3,vig_tiny,cifar10,0.3,8,_vig_blocks.7,0.637249
2,0,3,vig_tiny,cifar10,0.3,9,_vig_blocks.8,0.646452
2,0,3,vig_tiny,cifar10,0.3,10,_vig_blocks.9,0.661433
2,0,3,vig_tiny,cifar10,0.3,11,_vig_blocks.10,0.666068
2,0,3,vig_tiny,cifar10,0.3,12,_vig_blocks.11,0.666761
2,0,3,vig_tiny,cifar10,0.3,13,classifier,0.228957
2,0,4,vig_tiny,cifar10,0.3,0,_vig_stem,0.785517
2,0,4,vig_tiny,cifar10,0.3,1,_vig_blocks.0,0.778027
2,0,4,vig_tiny,cifar10,0.3,2,_vig_blocks.1,0.700306
2,0,4,vig_tiny,cifar10,0.3,3,_vig_blocks.2,0.656527
2,0,4,vig_tiny,cifar10,0.3,4,_vig_blocks.3,0.612157
2,0,4,vig_tiny,cifar10,0.3,5,_vig_blocks.4,0.597742
2,0,4,vig_tiny,cifar10,0.3,6,_vig_blocks.5,0.566368
2,0,4,vig_tiny,cifar10,0.3,7,_vig_blocks.6,0.550699
2,0,4,vig_tiny,cifar10,0.3,8,_vig_blocks.7,0.549820
2,0,4,vig_tiny,cifar10,0.3,9,_vig_blocks.8,0.562350
2,0,4,vig_tiny,cifar10,0.3,10,_vig_blocks.9,0.572974
2,0,4,vig_tiny,cifar10,0.3,11,_vig_blocks.10,0.584275
2,0,4,vig_tiny,cifar10,0.3,12,_vig_blocks.11,0.599622
2,0,4,vig_tiny,cifar10,0.3,13,classifier,0.299032
2,0,5,vig_tiny,cifar10,0.3,0,_vig_stem,0.849160
2,0,5,vig_tiny,cifar10,0.3,1,_vig_blocks.0,0.822134
2,0,5,vig_tiny,cifar10,0.3,2,_vig_blocks.1,0.770429
2,0,5,vig_tiny,cifar10,0.3,3,_vig_blocks.2,0.734739
2,0,5,vig_tiny,cifar10,0.3,4,_vig_blocks.3,0.693676
2,0,5,vig_tiny,cifar10,0.3,5,_vig_blocks.4,0.684191
2,0,5,vig_tiny,cifar10,0.3,6,_vig_blocks.5,0.666496
2,0,5,vig_tiny,cifar10,0.3,7,_vig_blocks.6,0.648758
2,0,5,vig_tiny,cifar10,0.3,8,_vig_blocks.7,0.635326
2,0,5,vig_tiny,cifar10,0.3,9,_vig_blocks.8,0.652945
2,0,5,vig_tiny,cifar10,0.3,10,_vig_blocks.9,0.657331
2,0,5,vig_tiny,cifar10,0.3,11,_vig_blocks.10,0.661216
2,0,5,vig_tiny,cifar10,0.3,12,_vig_blocks.11,0.662416
2,0,5,vig_tiny,cifar10,0.3,13,classifier,0.266623
2,0,6,vig_tiny,cifar10,0.3,0,_vig_stem,0.916960
2,0,6,vig_tiny,cifar10,0.3,1,_vig_blocks.0,0.885643
2,0,6,vig_tiny,cifar10,0.3,2,_vig_blocks.1,0.858293
2,0,6,vig_tiny,cifar10,0.3,3,_vig_blocks.2,0.843241
2,0,6,vig_tiny,cifar10,0.3,4,_vig_blocks.3,0.809962
2,0,6,vig_tiny,cifar10,0.3,5,_vig_blocks.4,0.811463
2,0,6,vig_tiny,cifar10,0.3,6,_vig_blocks.5,0.794001
2,0,6,vig_tiny,cifar10,0.3,7,_vig_blocks.6,0.769529
2,0,6,vig_tiny,cifar10,0.3,8,_vig_blocks.7,0.761668
2,0,6,vig_tiny,cifar10,0.3,9,_vig_blocks.8,0.759555
2,0,6,vig_tiny,cifar10,0.3,10,_vig_blocks.9,0.752284
2,0,6,vig_tiny,cifar10,0.3,11,_vig_blocks.10,0.765262
2,0,6,vig_tiny,cifar10,0.3,12,_vig_blocks.11,0.763706
2,0,6,vig_tiny,cifar10,0.3,13,classifier,0.396294
2,0,7,vig_tiny,cifar10,0.3,0,_vig_stem,0.854566
2,0,7,vig_tiny,cifar10,0.3,1,_vig_blocks.0,0.814665
2,0,7,vig_tiny,cifar10,0.3,2,_vig_blocks.1,0.782439
2,0,7,vig_tiny,cifar10,0.3,3,_vig_blocks.2,0.747384
2,0,7,vig_tiny,cifar10,0.3,4,_vig_blocks.3,0.724493
2,0,7,vig_tiny,cifar10,0.3,5,_vig_blocks.4,0.716202
2,0,7,vig_tiny,cifar10,0.3,6,_vig_blocks.5,0.684178
2,0,7,vig_tiny,cifar10,0.3,7,_vig_blocks.6,0.680299
2,0,7,vig_tiny,cifar10,0.3,8,_vig_blocks.7,0.681810
2,0,7,vig_tiny,cifar10,0.3,9,_vig_blocks.8,0.691543
2,0,7,vig_tiny,cifar10,0.3,10,_vig_blocks.9,0.689519
2,0,7,vig_tiny,cifar10,0.3,11,_vig_blocks.10,0.703164
2,0,7,vig_tiny,cifar10,0.3,12,_vig_blocks.11,0.713352
2,0,7,vig_tiny,cifar10,0.3,13,classifier,0.414484
2,0,8,vig_tiny,cifar10,0.3,0,_vig_stem,0.773444
2,0,8,vig_tiny,cifar10,0.3,1,_vig_blocks.0,0.760930
2,0,8,vig_tiny,cifar10,0.3,2,_vig_blocks.1,0.714360
2,0,8,vig_tiny,cifar10,0.3,3,_vig_blocks.2,0.715226
2,0,8,vig_tiny,cifar10,0.3,4,_vig_blocks.3,0.692819
2,0,8,vig_tiny,cifar10,0.3,5,_vig_blocks.4,0.689245
2,0,8,vig_tiny,cifar10,0.3,6,_vig_blocks.5,0.669523
2,0,8,vig_tiny,cifar10,0.3,7,_vig_blocks.6,0.680616
2,0,8,vig_tiny,cifar10,0.3,8,_vig_blocks.7,0.672873
2,0,8,vig_tiny,cifar10,0.3,9,_vig_blocks.8,0.675307
2,0,8,vig_tiny,cifar10,0.3,10,_vig_blocks.9,0.666955
2,0,8,vig_tiny,cifar10,0.3,11,_vig_blocks.10,0.649236
2,0,8,vig_tiny,cifar10,0.3,12,_vig_blocks.11,0.639581
2,0,8,vig_tiny,cifar10,0.3,13,classifier,0.530767
2,0,9,vig_tiny,cifar10,0.3,0,_vig_stem,0.851187
2,0,9,vig_tiny,cifar10,0.3,1,_vig_blocks.0,0.808484
2,0,9,vig_tiny,cifar10,0.3,2,_vig_blocks.1,0.756263
2,0,9,vig_tiny,cifar10,0.3,3,_vig_blocks.2,0.745588
2,0,9,vig_tiny,cifar10,0.3,4,_vig_blocks.3,0.710437
2,0,9,vig_tiny,cifar10,0.3,5,_vig_blocks.4,0.689652
2,0,9,vig_tiny,cifar10,0.3,6,_vig_blocks.5,0.676060
2,0,9,vig_tiny,cifar10,0.3,7,_vig_blocks.6,0.682103
2,0,9,vig_tiny,cifar10,0.3,8,_vig_blocks.7,0.688922
2,0,9,vig_tiny,cifar10,0.3,9,_vig_blocks.8,0.708162
2,0,9,vig_tiny,cifar10,0.3,10,_vig_blocks.9,0.720649
2,0,9,vig_tiny,cifar10,0.3,11,_vig_blocks.10,0.715756
2,0,9,vig_tiny,cifar10,0.3,12,_vig_blocks.11,0.709676
2,0,9,vig_tiny,cifar10,0.3,13,classifier,0.399733
2,1,2,vig_tiny,cifar10,0.3,0,_vig_stem,0.730503
2,1,2,vig_tiny,cifar10,0.3,1,_vig_blocks.0,0.702798
2,1,2,vig_tiny,cifar10,0.3,2,_vig_blocks.1,0.671985
2,1,2,vig_tiny,cifar10,0.3,3,_vig_blocks.2,0.652529
2,1,2,vig_tiny,cifar10,0.3,4,_vig_blocks.3,0.631229
2,1,2,vig_tiny,cifar10,0.3,5,_vig_blocks.4,0.622877
2,1,2,vig_tiny,cifar10,0.3,6,_vig_blocks.5,0.627121
2,1,2,vig_tiny,cifar10,0.3,7,_vig_blocks.6,0.599568
2,1,2,vig_tiny,cifar10,0.3,8,_vig_blocks.7,0.600743
2,1,2,vig_tiny,cifar10,0.3,9,_vig_blocks.8,0.605040
2,1,2,vig_tiny,cifar10,0.3,10,_vig_blocks.9,0.601835
2,1,2,vig_tiny,cifar10,0.3,11,_vig_blocks.10,0.579465
2,1,2,vig_tiny,cifar10,0.3,12,_vig_blocks.11,0.590576
2,1,2,vig_tiny,cifar10,0.3,13,classifier,0.298337
2,1,3,vig_tiny,cifar10,0.3,0,_vig_stem,0.853611
2,1,3,vig_tiny,cifar10,0.3,1,_vig_blocks.0,0.819581
2,1,3,vig_tiny,cifar10,0.3,2,_vig_blocks.1,0.755195
2,1,3,vig_tiny,cifar10,0.3,3,_vig_blocks.2,0.719944
2,1,3,vig_tiny,cifar10,0.3,4,_vig_blocks.3,0.702899
2,1,3,vig_tiny,cifar10,0.3,5,_vig_blocks.4,0.679790
2,1,3,vig_tiny,cifar10,0.3,6,_vig_blocks.5,0.687443
2,1,3,vig_tiny,cifar10,0.3,7,_vig_blocks.6,0.686393
2,1,3,vig_tiny,cifar10,0.3,8,_vig_blocks.7,0.687018
2,1,3,vig_tiny,cifar10,0.3,9,_vig_blocks.8,0.684140
2,1,3,vig_tiny,cifar10,0.3,10,_vig_blocks.9,0.686368
2,1,3,vig_tiny,cifar10,0.3,11,_vig_blocks.10,0.704334
2,1,3,vig_tiny,cifar10,0.3,12,_vig_blocks.11,0.701498
2,1,3,vig_tiny,cifar10,0.3,13,classifier,0.406481
2,1,4,vig_tiny,cifar10,0.3,0,_vig_stem,0.853532
2,1,4,vig_tiny,cifar10,0.3,1,_vig_blocks.0,0.824064
2,1,4,vig_tiny,cifar10,0.3,2,_vig_blocks.1,0.786778
2,1,4,vig_tiny,cifar10,0.3,3,_vig_blocks.2,0.756718
2,1,4,vig_tiny,cifar10,0.3,4,_vig_blocks.3,0.736061
2,1,4,vig_tiny,cifar10,0.3,5,_vig_blocks.4,0.735139
2,1,4,vig_tiny,cifar10,0.3,6,_vig_blocks.5,0.719743
2,1,4,vig_tiny,cifar10,0.3,7,_vig_blocks.6,0.698092
2,1,4,vig_tiny,cifar10,0.3,8,_vig_blocks.7,0.683074
2,1,4,vig_tiny,cifar10,0.3,9,_vig_blocks.8,0.688007
2,1,4,vig_tiny,cifar10,0.3,10,_vig_blocks.9,0.701365
2,1,4,vig_tiny,cifar10,0.3,11,_vig_blocks.10,0.715956
2,1,4,vig_tiny,cifar10,0.3,12,_vig_blocks.11,0.735069
2,1,4,vig_tiny,cifar10,0.3,13,classifier,0.582457
2,1,5,vig_tiny,cifar10,0.3,0,_vig_stem,0.937013
2,1,5,vig_tiny,cifar10,0.3,1,_vig_blocks.0,0.903304
2,1,5,vig_tiny,cifar10,0.3,2,_vig_blocks.1,0.881293
2,1,5,vig_tiny,cifar10,0.3,3,_vig_blocks.2,0.876807
2,1,5,vig_tiny,cifar10,0.3,4,_vig_blocks.3,0.866617
2,1,5,vig_tiny,cifar10,0.3,5,_vig_blocks.4,0.858071
2,1,5,vig_tiny,cifar10,0.3,6,_vig_blocks.5,0.851194
2,1,5,vig_tiny,cifar10,0.3,7,_vig_blocks.6,0.841402
2,1,5,vig_tiny,cifar10,0.3,8,_vig_blocks.7,0.814822
2,1,5,vig_tiny,cifar10,0.3,9,_vig_blocks.8,0.812640
2,1,5,vig_tiny,cifar10,0.3,10,_vig_blocks.9,0.806837
2,1,5,vig_tiny,cifar10,0.3,11,_vig_blocks.10,0.801931
2,1,5,vig_tiny,cifar10,0.3,12,_vig_blocks.11,0.811809
2,1,5,vig_tiny,cifar10,0.3,13,classifier,0.754193
2,1,6,vig_tiny,cifar10,0.3,0,_vig_stem,0.929404
2,1,6,vig_tiny,cifar10,0.3,1,_vig_blocks.0,0.910666
2,1,6,vig_tiny,cifar10,0.3,2,_vig_blocks.1,0.880659
2,1,6,vig_tiny,cifar10,0.3,3,_vig_blocks.2,0.866037
2,1,6,vig_tiny,cifar10,0.3,4,_vig_blocks.3,0.867677
2,1,6,vig_tiny,cifar10,0.3,5,_vig_blocks.4,0.847592
2,1,6,vig_tiny,cifar10,0.3,6,_vig_blocks.5,0.830933
2,1,6,vig_tiny,cifar10,0.3,7,_vig_blocks.6,0.811799
2,1,6,vig_tiny,cifar10,0.3,8,_vig_blocks.7,0.811469
2,1,6,vig_tiny,cifar10,0.3,9,_vig_blocks.8,0.799614
2,1,6,vig_tiny,cifar10,0.3,10,_vig_blocks.9,0.787421
2,1,6,vig_tiny,cifar10,0.3,11,_vig_blocks.10,0.787594
2,1,6,vig_tiny,cifar10,0.3,12,_vig_blocks.11,0.770510
2,1,6,vig_tiny,cifar10,0.3,13,classifier,0.628047
2,1,7,vig_tiny,cifar10,0.3,0,_vig_stem,0.861586
2,1,7,vig_tiny,cifar10,0.3,1,_vig_blocks.0,0.865724
2,1,7,vig_tiny,cifar10,0.3,2,_vig_blocks.1,0.830999
2,1,7,vig_tiny,cifar10,0.3,3,_vig_blocks.2,0.814641
2,1,7,vig_tiny,cifar10,0.3,4,_vig_blocks.3,0.805199
2,1,7,vig_tiny,cifar10,0.3,5,_vig_blocks.4,0.793423
2,1,7,vig_tiny,cifar10,0.3,6,_vig_blocks.5,0.791028
2,1,7,vig_tiny,cifar10,0.3,7,_vig_blocks.6,0.777021
2,1,7,vig_tiny,cifar10,0.3,8,_vig_blocks.7,0.783747
2,1,7,vig_tiny,cifar10,0.3,9,_vig_blocks.8,0.779722
2,1,7,vig_tiny,cifar10,0.3,10,_vig_blocks.9,0.781717
2,1,7,vig_tiny,cifar10,0.3,11,_vig_blocks.10,0.762999
2,1,7,vig_tiny,cifar10,0.3,12,_vig_blocks.11,0.769825
2,1,7,vig_tiny,cifar10,0.3,13,classifier,0.356387
2,1,8,vig_tiny,cifar10,0.3,0,_vig_stem,0.863206
2,1,8,vig_tiny,cifar10,0.3,1,_vig_blocks.0,0.790870
2,1,8,vig_tiny,cifar10,0.3,2,_vig_blocks.1,0.728144
2,1,8,vig_tiny,cifar10,0.3,3,_vig_blocks.2,0.690298
2,1,8,vig_tiny,cifar10,0.3,4,_vig_blocks.3,0.690166
2,1,8,vig_tiny,cifar10,0.3,5,_vig_blocks.4,0.655853
2,1,8,vig_tiny,cifar10,0.3,6,_vig_blocks.5,0.676078
2,1,8,vig_tiny,cifar10,0.3,7,_vig_blocks.6,0.651147
2,1,8,vig_tiny,cifar10,0.3,8,_vig_blocks.7,0.641233
2,1,8,vig_tiny,cifar10,0.3,9,_vig_blocks.8,0.619943
2,1,8,vig_tiny,cifar10,0.3,10,_vig_blocks.9,0.627004
2,1,8,vig_tiny,cifar10,0.3,11,_vig_blocks.10,0.633988
2,1,8,vig_tiny,cifar10,0.3,12,_vig_blocks.11,0.626842
2,1,8,vig_tiny,cifar10,0.3,13,classifier,0.379223
2,1,9,vig_tiny,cifar10,0.3,0,_vig_stem,0.894386
2,1,9,vig_tiny,cifar10,0.3,1,_vig_blocks.0,0.833602
2,1,9,vig_tiny,cifar10,0.3,2,_vig_blocks.1,0.790323
2,1,9,vig_tiny,cifar10,0.3,3,_vig_blocks.2,0.787479
2,1,9,vig_tiny,cifar10,0.3,4,_vig_blocks.3,0.789620
2,1,9,vig_tiny,cifar10,0.3,5,_vig_blocks.4,0.749820
2,1,9,vig_tiny,cifar10,0.3,6,_vig_blocks.5,0.750294
2,1,9,vig_tiny,cifar10,0.3,7,_vig_blocks.6,0.736501
2,1,9,vig_tiny,cifar10,0.3,8,_vig_blocks.7,0.730737
2,1,9,vig_tiny,cifar10,0.3,9,_vig_blocks.8,0.709715
2,1,9,vig_tiny,cifar10,0.3,10,_vig_blocks.9,0.716576
2,1,9,vig_tiny,cifar10,0.3,11,_vig_blocks.10,0.703771
2,1,9,vig_tiny,cifar10,0.3,12,_vig_blocks.11,0.704835
2,1,9,vig_tiny,cifar10,0.3,13,classifier,0.433633
2,2,3,vig_tiny,cifar10,0.3,0,_vig_stem,0.798571
2,2,3,vig_tiny,cifar10,0.3,1,_vig_blocks.0,0.724013
2,2,3,vig_tiny,cifar10,0.3,2,_vig_blocks.1,0.684624
2,2,3,vig_tiny,cifar10,0.3,3,_vig_blocks.2,0.668439
2,2,3,vig_tiny,cifar10,0.3,4,_vig_blocks.3,0.658661
2,2,3,vig_tiny,cifar10,0.3,5,_vig_blocks.4,0.668065
2,2,3,vig_tiny,cifar10,0.3,6,_vig_blocks.5,0.695534
2,2,3,vig_tiny,cifar10,0.3,7,_vig_blocks.6,0.693570
2,2,3,vig_tiny,cifar10,0.3,8,_vig_blocks.7,0.696399
2,2,3,vig_tiny,cifar10,0.3,9,_vig_blocks.8,0.684192
2,2,3,vig_tiny,cifar10,0.3,10,_vig_blocks.9,0.680022
2,2,3,vig_tiny,cifar10,0.3,11,_vig_blocks.10,0.663745
2,2,3,vig_tiny,cifar10,0.3,12,_vig_blocks.11,0.681598
2,2,3,vig_tiny,cifar10,0.3,13,classifier,0.355855
2,2,4,vig_tiny,cifar10,0.3,0,_vig_stem,0.731531
2,2,4,vig_tiny,cifar10,0.3,1,_vig_blocks.0,0.654281
2,2,4,vig_tiny,cifar10,0.3,2,_vig_blocks.1,0.632444
2,2,4,vig_tiny,cifar10,0.3,3,_vig_blocks.2,0.585405
2,2,4,vig_tiny,cifar10,0.3,4,_vig_blocks.3,0.545820
2,2,4,vig_tiny,cifar10,0.3,5,_vig_blocks.4,0.566895
2,2,4,vig_tiny,cifar10,0.3,6,_vig_blocks.5,0.553552
2,2,4,vig_tiny,cifar10,0.3,7,_vig_blocks.6,0.530600
2,2,4,vig_tiny,cifar10,0.3,8,_vig_blocks.7,0.515430
2,2,4,vig_tiny,cifar10,0.3,9,_vig_blocks.8,0.522327
2,2,4,vig_tiny,cifar10,0.3,10,_vig_blocks.9,0.513755
2,2,4,vig_tiny,cifar10,0.3,11,_vig_blocks.10,0.511503
2,2,4,vig_tiny,cifar10,0.3,12,_vig_blocks.11,0.528352
2,2,4,vig_tiny,cifar10,0.3,13,classifier,0.197691
2,2,5,vig_tiny,cifar10,0.3,0,_vig_stem,0.684327
2,2,5,vig_tiny,cifar10,0.3,1,_vig_blocks.0,0.604010
2,2,5,vig_tiny,cifar10,0.3,2,_vig_blocks.1,0.595050
2,2,5,vig_tiny,cifar10,0.3,3,_vig_blocks.2,0.565046
2,2,5,vig_tiny,cifar10,0.3,4,_vig_blocks.3,0.527239
2,2,5,vig_tiny,cifar10,0.3,5,_vig_blocks.4,0.541228
2,2,5,vig_tiny,cifar10,0.3,6,_vig_blocks.5,0.552571
2,2,5,vig_tiny,cifar10,0.3,7,_vig_blocks.6,0.535217
2,2,5,vig_tiny,cifar10,0.3,8,_vig_blocks.7,0.505420
2,2,5,vig_tiny,cifar10,0.3,9,_vig_blocks.8,0.517000
2,2,5,vig_tiny,cifar10,0.3,10,_vig_blocks.9,0.513653
2,2,5,vig_tiny,cifar10,0.3,11,_vig_blocks.10,0.500204
2,2,5,vig_tiny,cifar10,0.3,12,_vig_blocks.11,0.504899
2,2,5,vig_tiny,cifar10,0.3,13,classifier,0.110261
2,2,6,vig_tiny,cifar10,0.3,0,_vig_stem,0.793807
2,2,6,vig_tiny,cifar10,0.3,1,_vig_blocks.0,0.737690
2,2,6,vig_tiny,cifar10,0.3,2,_vig_blocks.1,0.722940
2,2,6,vig_tiny,cifar10,0.3,3,_vig_blocks.2,0.713352
2,2,6,vig_tiny,cifar10,0.3,4,_vig_blocks.3,0.685153
2,2,6,vig_tiny,cifar10,0.3,5,_vig_blocks.4,0.713053
2,2,6,vig_tiny,cifar10,0.3,6,_vig_blocks.5,0.705763
2,2,6,vig_tiny,cifar10,0.3,7,_vig_blocks.6,0.696203
2,2,6,vig_tiny,cifar10,0.3,8,_vig_blocks.7,0.675989
2,2,6,vig_tiny,cifar10,0.3,9,_vig_blocks.8,0.679907
2,2,6,vig_tiny,cifar10,0.3,10,_vig_blocks.9,0.676212
2,2,6,vig_tiny,cifar10,0.3,11,_vig_blocks.10,0.657502
2,2,6,vig_tiny,cifar10,0.3,12,_vig_blocks.11,0.657756
2,2,6,vig_tiny,cifar10,0.3,13,classifier,0.350710
2,2,7,vig_tiny,cifar10,0.3,0,_vig_stem,0.828790
2,2,7,vig_tiny,cifar10,0.3,1,_vig_blocks.0,0.779198
2,2,7,vig_tiny,cifar10,0.3,2,_vig_blocks.1,0.790510
2,2,7,vig_tiny,cifar10,0.3,3,_vig_blocks.2,0.788148
2,2,7,vig_tiny,cifar10,0.3,4,_vig_blocks.3,0.778397
2,2,7,vig_tiny,cifar10,0.3,5,_vig_blocks.4,0.787040
2,2,7,vig_tiny,cifar10,0.3,6,_vig_blocks.5,0.776446
2,2,7,vig_tiny,cifar10,0.3,7,_vig_blocks.6,0.764441
2,2,7,vig_tiny,cifar10,0.3,8,_vig_blocks.7,0.730540
2,2,7,vig_tiny,cifar10,0.3,9,_vig_blocks.8,0.748283
2,2,7,vig_tiny,cifar10,0.3,10,_vig_blocks.9,0.716914
2,2,7,vig_tiny,cifar10,0.3,11,_vig_blocks.10,0.694489
2,2,7,vig_tiny,cifar10,0.3,12,_vig_blocks.11,0.694929
2,2,7,vig_tiny,cifar10,0.3,13,classifier,0.296746
2,2,8,vig_tiny,cifar10,0.3,0,_vig_stem,0.704718
2,2,8,vig_tiny,cifar10,0.3,1,_vig_blocks.0,0.690429
2,2,8,vig_tiny,cifar10,0.3,2,_vig_blocks.1,0.653188
2,2,8,vig_tiny,cifar10,0.3,3,_vig_blocks.2,0.616617
2,2,8,vig_tiny,cifar10,0.3,4,_vig_blocks.3,0.573638
2,2,8,vig_tiny,cifar10,0.3,5,_vig_blocks.4,0.575238
2,2,8,vig_tiny,cifar10,0.3,6,_vig_blocks.5,0.583554
2,2,8,vig_tiny,cifar10,0.3,7,_vig_blocks.6,0.576894
2,2,8,vig_tiny,cifar10,0.3,8,_vig_blocks.7,0.553605
2,2,8,vig_tiny,cifar10,0.3,9,_vig_blocks.8,0.570371
2,2,8,vig_tiny,cifar10,0.3,10,_vig_blocks.9,0.554693
2,2,8,vig_tiny,cifar10,0.3,11,_vig_blocks.10,0.556877
2,2,8,vig_tiny,cifar10,0.3,12,_vig_blocks.11,0.569481
2,2,8,vig_tiny,cifar10,0.3,13,classifier,0.517680
2,2,9,vig_tiny,cifar10,0.3,0,_vig_stem,0.797376
2,2,9,vig_tiny,cifar10,0.3,1,_vig_blocks.0,0.727233
2,2,9,vig_tiny,cifar10,0.3,2,_vig_blocks.1,0.722991
2,2,9,vig_tiny,cifar10,0.3,3,_vig_blocks.2,0.713627
2,2,9,vig_tiny,cifar10,0.3,4,_vig_blocks.3,0.694811
2,2,9,vig_tiny,cifar10,0.3,5,_vig_blocks.4,0.717280
2,2,9,vig_tiny,cifar10,0.3,6,_vig_blocks.5,0.716676
2,2,9,vig_tiny,cifar10,0.3,7,_vig_blocks.6,0.717086
2,2,9,vig_tiny,cifar10,0.3,8,_vig_blocks.7,0.711869
2,2,9,vig_tiny,cifar10,0.3,9,_vig_blocks.8,0.727680
2,2,9,vig_tiny,cifar10,0.3,10,_vig_blocks.9,0.731699
2,2,9,vig_tiny,cifar10,0.3,11,_vig_blocks.10,0.736143
2,2,9,vig_tiny,cifar10,0.3,12,_vig_blocks.11,0.740885
2,2,9,vig_tiny,cifar10,0.3,13,classifier,0.629953
2,3,4,vig_tiny,cifar10,0.3,0,_vig_stem,0.896077
2,3,4,vig_tiny,cifar10,0.3,1,_vig_blocks.0,0.860244
2,3,4,vig_tiny,cifar10,0.3,2,_vig_blocks.1,0.844536
2,3,4,vig_tiny,cifar10,0.3,3,_vig_blocks.2,0.812955
2,3,4,vig_tiny,cifar10,0.3,4,_vig_blocks.3,0.798639
2,3,4,vig_tiny,cifar10,0.3,5,_vig_blocks.4,0.805075
2,3,4,vig_tiny,cifar10,0.3,6,_vig_blocks.5,0.789029
2,3,4,vig_tiny,cifar10,0.3,7,_vig_blocks.6,0.793254
2,3,4,vig_tiny,cifar10,0.3,8,_vig_blocks.7,0.783908
2,3,4,vig_tiny,cifar10,0.3,9,_vig_blocks.8,0.782230
2,3,4,vig_tiny,cifar10,0.3,10,_vig_blocks.9,0.761718
2,3,4,vig_tiny,cifar10,0.3,11,_vig_blocks.10,0.766062
2,3,4,vig_tiny,cifar10,0.3,12,_vig_blocks.11,0.750054
2,3,4,vig_tiny,cifar10,0.3,13,classifier,0.603826
2,3,5,vig_tiny,cifar10,0.3,0,_vig_stem,0.881785
2,3,5,vig_tiny,cifar10,0.3,1,_vig_blocks.0,0.826045
2,3,5,vig_tiny,cifar10,0.3,2,_vig_blocks.1,0.771285
2,3,5,vig_tiny,cifar10,0.3,3,_vig_blocks.2,0.752877
2,3,5,vig_tiny,cifar10,0.3,4,_vig_blocks.3,0.728129
2,3,5,vig_tiny,cifar10,0.3,5,_vig_blocks.4,0.734773
2,3,5,vig_tiny,cifar10,0.3,6,_vig_blocks.5,0.727674
2,3,5,vig_tiny,cifar10,0.3,7,_vig_blocks.6,0.746785
2,3,5,vig_tiny,cifar10,0.3,8,_vig_blocks.7,0.729425
2,3,5,vig_tiny,cifar10,0.3,9,_vig_blocks.8,0.730752
2,3,5,vig_tiny,cifar10,0.3,10,_vig_blocks.9,0.718799
2,3,5,vig_tiny,cifar10,0.3,11,_vig_blocks.10,0.731132
2,3,5,vig_tiny,cifar10,0.3,12,_vig_blocks.11,0.707791
2,3,5,vig_tiny,cifar10,0.3,13,classifier,0.515122
2,3,6,vig_tiny,cifar10,0.3,0,_vig_stem,0.901986
2,3,6,vig_tiny,cifar10,0.3,1,_vig_blocks.0,0.846748
2,3,6,vig_tiny,cifar10,0.3,2,_vig_blocks.1,0.766457
2,3,6,vig_tiny,cifar10,0.3,3,_vig_blocks.2,0.737613
2,3,6,vig_tiny,cifar10,0.3,4,_vig_blocks.3,0.727330
2,3,6,vig_tiny,cifar10,0.3,5,_vig_blocks.4,0.733902
2,3,6,vig_tiny,cifar10,0.3,6,_vig_blocks.5,0.716470
2,3,6,vig_tiny,cifar10,0.3,7,_vig_blocks.6,0.717675
2,3,6,vig_tiny,cifar10,0.3,8,_vig_blocks.7,0.709976
2,3,6,vig_tiny,cifar10,0.3,9,_vig_blocks.8,0.699670
2,3,6,vig_tiny,cifar10,0.3,10,_vig_blocks.9,0.691070
2,3,6,vig_tiny,cifar10,0.3,11,_vig_blocks.10,0.693112
2,3,6,vig_tiny,cifar10,0.3,12,_vig_blocks.11,0.676528
2,3,6,vig_tiny,cifar10,0.3,13,classifier,0.352593
2,3,7,vig_tiny,cifar10,0.3,0,_vig_stem,0.836112
2,3,7,vig_tiny,cifar10,0.3,1,_vig_blocks.0,0.796912
2,3,7,vig_tiny,cifar10,0.3,2,_vig_blocks.1,0.733045
2,3,7,vig_tiny,cifar10,0.3,3,_vig_blocks.2,0.704637
2,3,7,vig_tiny,cifar10,0.3,4,_vig_blocks.3,0.687049
2,3,7,vig_tiny,cifar10,0.3,5,_vig_blocks.4,0.701097
2,3,7,vig_tiny,cifar10,0.3,6,_vig_blocks.5,0.728033
2,3,7,vig_tiny,cifar10,0.3,7,_vig_blocks.6,0.748487
2,3,7,vig_tiny,cifar10,0.3,8,_vig_blocks.7,0.745536
2,3,7,vig_tiny,cifar10,0.3,9,_vig_blocks.8,0.742834
2,3,7,vig_tiny,cifar10,0.3,10,_vig_blocks.9,0.734307
2,3,7,vig_tiny,cifar10,0.3,11,_vig_blocks.10,0.726223
2,3,7,vig_tiny,cifar10,0.3,12,_vig_blocks.11,0.711549
2,3,7,vig_tiny,cifar10,0.3,13,classifier,0.231040
2,3,8,vig_tiny,cifar10,0.3,0,_vig_stem,0.799841
2,3,8,vig_tiny,cifar10,0.3,1,_vig_blocks.0,0.722178
2,3,8,vig_tiny,cifar10,0.3,2,_vig_blocks.1,0.618579
2,3,8,vig_tiny,cifar10,0.3,3,_vig_blocks.2,0.578145
2,3,8,vig_tiny,cifar10,0.3,4,_vig_blocks.3,0.544006
2,3,8,vig_tiny,cifar10,0.3,5,_vig_blocks.4,0.501588
2,3,8,vig_tiny,cifar10,0.3,6,_vig_blocks.5,0.511901
2,3,8,vig_tiny,cifar10,0.3,7,_vig_blocks.6,0.496072
2,3,8,vig_tiny,cifar10,0.3,8,_vig_blocks.7,0.480788
2,3,8,vig_tiny,cifar10,0.3,9,_vig_blocks.8,0.492577
2,3,8,vig_tiny,cifar10,0.3,10,_vig_blocks.9,0.483051
2,3,8,vig_tiny,cifar10,0.3,11,_vig_blocks.10,0.489727
2,3,8,vig_tiny,cifar10,0.3,12,_vig_blocks.11,0.508965
2,3,8,vig_tiny,cifar10,0.3,13,classifier,0.132906
2,3,9,vig_tiny,cifar10,0.3,0,_vig_stem,0.915263
2,3,9,vig_tiny,cifar10,0.3,1,_vig_blocks.0,0.866244
2,3,9,vig_tiny,cifar10,0.3,2,_vig_blocks.1,0.829473
2,3,9,vig_tiny,cifar10,0.3,3,_vig_blocks.2,0.814637
2,3,9,vig_tiny,cifar10,0.3,4,_vig_blocks.3,0.805116
2,3,9,vig_tiny,cifar10,0.3,5,_vig_blocks.4,0.784922
2,3,9,vig_tiny,cifar10,0.3,6,_vig_blocks.5,0.784706
2,3,9,vig_tiny,cifar10,0.3,7,_vig_blocks.6,0.782488
2,3,9,vig_tiny,cifar10,0.3,8,_vig_blocks.7,0.780001
2,3,9,vig_tiny,cifar10,0.3,9,_vig_blocks.8,0.772363
2,3,9,vig_tiny,cifar10,0.3,10,_vig_blocks.9,0.768855
2,3,9,vig_tiny,cifar10,0.3,11,_vig_blocks.10,0.764125
2,3,9,vig_tiny,cifar10,0.3,12,_vig_blocks.11,0.755430
2,3,9,vig_tiny,cifar10,0.3,13,classifier,0.621860
2,4,5,vig_tiny,cifar10,0.3,0,_vig_stem,0.924854
2,4,5,vig_tiny,cifar10,0.3,1,_vig_blocks.0,0.921014
2,4,5,vig_tiny,cifar10,0.3,2,_vig_blocks.1,0.874972
2,4,5,vig_tiny,cifar10,0.3,3,_vig_blocks.2,0.862214
2,4,5,vig_tiny,cifar10,0.3,4,_vig_blocks.3,0.850574
2,4,5,vig_tiny,cifar10,0.3,5,_vig_blocks.4,0.851564
2,4,5,vig_tiny,cifar10,0.3,6,_vig_blocks.5,0.831312
2,4,5,vig_tiny,cifar10,0.3,7,_vig_blocks.6,0.837721
2,4,5,vig_tiny,cifar10,0.3,8,_vig_blocks.7,0.835497
2,4,5,vig_tiny,cifar10,0.3,9,_vig_blocks.8,0.829069
2,4,5,vig_tiny,cifar10,0.3,10,_vig_blocks.9,0.840298
2,4,5,vig_tiny,cifar10,0.3,11,_vig_blocks.10,0.860968
2,4,5,vig_tiny,cifar10,0.3,12,_vig_blocks.11,0.863454
2,4,5,vig_tiny,cifar10,0.3,13,classifier,0.781725
2,4,6,vig_tiny,cifar10,0.3,0,_vig_stem,0.859010
2,4,6,vig_tiny,cifar10,0.3,1,_vig_blocks.0,0.846483
2,4,6,vig_tiny,cifar10,0.3,2,_vig_blocks.1,0.783816
2,4,6,vig_tiny,cifar10,0.3,3,_vig_blocks.2,0.736076
2,4,6,vig_tiny,cifar10,0.3,4,_vig_blocks.3,0.708341
2,4,6,vig_tiny,cifar10,0.3,5,_vig_blocks.4,0.714682
2,4,6,vig_tiny,cifar10,0.3,6,_vig_blocks.5,0.665248
2,4,6,vig_tiny,cifar10,0.3,7,_vig_blocks.6,0.635452
2,4,6,vig_tiny,cifar10,0.3,8,_vig_blocks.7,0.633244
2,4,6,vig_tiny,cifar10,0.3,9,_vig_blocks.8,0.614287
2,4,6,vig_tiny,cifar10,0.3,10,_vig_blocks.9,0.613018
2,4,6,vig_tiny,cifar10,0.3,11,_vig_blocks.10,0.624297
2,4,6,vig_tiny,cifar10,0.3,12,_vig_blocks.11,0.610846
2,4,6,vig_tiny,cifar10,0.3,13,classifier,0.558146
2,4,7,vig_tiny,cifar10,0.3,0,_vig_stem,0.804344
2,4,7,vig_tiny,cifar10,0.3,1,_vig_blocks.0,0.795758
2,4,7,vig_tiny,cifar10,0.3,2,_vig_blocks.1,0.763536
2,4,7,vig_tiny,cifar10,0.3,3,_vig_blocks.2,0.714706
2,4,7,vig_tiny,cifar10,0.3,4,_vig_blocks.3,0.681966
2,4,7,vig_tiny,cifar10,0.3,5,_vig_blocks.4,0.693431
2,4,7,vig_tiny,cifar10,0.3,6,_vig_blocks.5,0.707096
2,4,7,vig_tiny,cifar10,0.3,7,_vig_blocks.6,0.691303
2,4,7,vig_tiny,cifar10,0.3,8,_vig_blocks.7,0.703303
2,4,7,vig_tiny,cifar10,0.3,9,_vig_blocks.8,0.705860
2,4,7,vig_tiny,cifar10,0.3,10,_vig_blocks.9,0.727013
2,4,7,vig_tiny,cifar10,0.3,11,_vig_blocks.10,0.718331
2,4,7,vig_tiny,cifar10,0.3,12,_vig_blocks.11,0.734078
2,4,7,vig_tiny,cifar10,0.3,13,classifier,0.490958
2,4,8,vig_tiny,cifar10,0.3,0,_vig_stem,0.751061
2,4,8,vig_tiny,cifar10,0.3,1,_vig_blocks.0,0.722565
2,4,8,vig_tiny,cifar10,0.3,2,_vig_blocks.1,0.634667
2,4,8,vig_tiny,cifar10,0.3,3,_vig_blocks.2,0.576392
2,4,8,vig_tiny,cifar10,0.3,4,_vig_blocks.3,0.535272
2,4,8,vig_tiny,cifar10,0.3,5,_vig_blocks.4,0.482393
2,4,8,vig_tiny,cifar10,0.3,6,_vig_blocks.5,0.479933
2,4,8,vig_tiny,cifar10,0.3,7,_vig_blocks.6,0.455365
2,4,8,vig_tiny,cifar10,0.3,8,_vig_blocks.7,0.433810
2,4,8,vig_tiny,cifar10,0.3,9,_vig_blocks.8,0.429773
2,4,8,vig_tiny,cifar10,0.3,10,_vig_blocks.9,0.420351
2,4,8,vig_tiny,cifar10,0.3,11,_vig_blocks.10,0.427111
2,4,8,vig_tiny,cifar10,0.3,12,_vig_blocks.11,0.442834
2,4,8,vig_tiny,cifar10,0.3,13,classifier,0.160248
2,4,9,vig_tiny,cifar10,0.3,0,_vig_stem,0.860235
2,4,9,vig_tiny,cifar10,0.3,1,_vig_blocks.0,0.841010
2,4,9,vig_tiny,cifar10,0.3,2,_vig_blocks.1,0.804816
2,4,9,vig_tiny,cifar10,0.3,3,_vig_blocks.2,0.781959
2,4,9,vig_tiny,cifar10,0.3,4,_vig_blocks.3,0.768246
2,4,9,vig_tiny,cifar10,0.3,5,_vig_blocks.4,0.739103
2,4,9,vig_tiny,cifar10,0.3,6,_vig_blocks.5,0.731280
2,4,9,vig_tiny,cifar10,0.3,7,_vig_blocks.6,0.717442
2,4,9,vig_tiny,cifar10,0.3,8,_vig_blocks.7,0.696934
2,4,9,vig_tiny,cifar10,0.3,9,_vig_blocks.8,0.669305
2,4,9,vig_tiny,cifar10,0.3,10,_vig_blocks.9,0.667023
2,4,9,vig_tiny,cifar10,0.3,11,_vig_blocks.10,0.648034
2,4,9,vig_tiny,cifar10,0.3,12,_vig_blocks.11,0.642967
2,4,9,vig_tiny,cifar10,0.3,13,classifier,0.487367
2,5,6,vig_tiny,cifar10,0.3,0,_vig_stem,0.925114
2,5,6,vig_tiny,cifar10,0.3,1,_vig_blocks.0,0.914505
2,5,6,vig_tiny,cifar10,0.3,2,_vig_blocks.1,0.896913
2,5,6,vig_tiny,cifar10,0.3,3,_vig_blocks.2,0.869163
2,5,6,vig_tiny,cifar10,0.3,4,_vig_blocks.3,0.852927
2,5,6,vig_tiny,cifar10,0.3,5,_vig_blocks.4,0.840045
2,5,6,vig_tiny,cifar10,0.3,6,_vig_blocks.5,0.831730
2,5,6,vig_tiny,cifar10,0.3,7,_vig_blocks.6,0.811188
2,5,6,vig_tiny,cifar10,0.3,8,_vig_blocks.7,0.791516
2,5,6,vig_tiny,cifar10,0.3,9,_vig_blocks.8,0.770062
2,5,6,vig_tiny,cifar10,0.3,10,_vig_blocks.9,0.761558
2,5,6,vig_tiny,cifar10,0.3,11,_vig_blocks.10,0.743699
2,5,6,vig_tiny,cifar10,0.3,12,_vig_blocks.11,0.724425
2,5,6,vig_tiny,cifar10,0.3,13,classifier,0.552658
2,5,7,vig_tiny,cifar10,0.3,0,_vig_stem,0.843168
2,5,7,vig_tiny,cifar10,0.3,1,_vig_blocks.0,0.836291
2,5,7,vig_tiny,cifar10,0.3,2,_vig_blocks.1,0.832843
2,5,7,vig_tiny,cifar10,0.3,3,_vig_blocks.2,0.816059
2,5,7,vig_tiny,cifar10,0.3,4,_vig_blocks.3,0.805259
2,5,7,vig_tiny,cifar10,0.3,5,_vig_blocks.4,0.790140
2,5,7,vig_tiny,cifar10,0.3,6,_vig_blocks.5,0.795198
2,5,7,vig_tiny,cifar10,0.3,7,_vig_blocks.6,0.799160
2,5,7,vig_tiny,cifar10,0.3,8,_vig_blocks.7,0.807982
2,5,7,vig_tiny,cifar10,0.3,9,_vig_blocks.8,0.799801
2,5,7,vig_tiny,cifar10,0.3,10,_vig_blocks.9,0.804556
2,5,7,vig_tiny,cifar10,0.3,11,_vig_blocks.10,0.790684
2,5,7,vig_tiny,cifar10,0.3,12,_vig_blocks.11,0.787085
2,5,7,vig_tiny,cifar10,0.3,13,classifier,0.345537
2,5,8,vig_tiny,cifar10,0.3,0,_vig_stem,0.840140
2,5,8,vig_tiny,cifar10,0.3,1,_vig_blocks.0,0.778867
2,5,8,vig_tiny,cifar10,0.3,2,_vig_blocks.1,0.739941
2,5,8,vig_tiny,cifar10,0.3,3,_vig_blocks.2,0.679938
2,5,8,vig_tiny,cifar10,0.3,4,_vig_blocks.3,0.656273
2,5,8,vig_tiny,cifar10,0.3,5,_vig_blocks.4,0.606824
2,5,8,vig_tiny,cifar10,0.3,6,_vig_blocks.5,0.610664
2,5,8,vig_tiny,cifar10,0.3,7,_vig_blocks.6,0.588833
2,5,8,vig_tiny,cifar10,0.3,8,_vig_blocks.7,0.551367
2,5,8,vig_tiny,cifar10,0.3,9,_vig_blocks.8,0.562483
2,5,8,vig_tiny,cifar10,0.3,10,_vig_blocks.9,0.538630
2,5,8,vig_tiny,cifar10,0.3,11,_vig_blocks.10,0.530454
2,5,8,vig_tiny,cifar10,0.3,12,_vig_blocks.11,0.532036
2,5,8,vig_tiny,cifar10,0.3,13,classifier,0.165811
2,5,9,vig_tiny,cifar10,0.3,0,_vig_stem,0.904728
2,5,9,vig_tiny,cifar10,0.3,1,_vig_blocks.0,0.870479
2,5,9,vig_tiny,cifar10,0.3,2,_vig_blocks.1,0.821537
2,5,9,vig_tiny,cifar10,0.3,3,_vig_blocks.2,0.809085
2,5,9,vig_tiny,cifar10,0.3,4,_vig_blocks.3,0.804579
2,5,9,vig_tiny,cifar10,0.3,5,_vig_blocks.4,0.771933
2,5,9,vig_tiny,cifar10,0.3,6,_vig_blocks.5,0.778777
2,5,9,vig_tiny,cifar10,0.3,7,_vig_blocks.6,0.780146
2,5,9,vig_tiny,cifar10,0.3,8,_vig_blocks.7,0.761883
2,5,9,vig_tiny,cifar10,0.3,9,_vig_blocks.8,0.750592
2,5,9,vig_tiny,cifar10,0.3,10,_vig_blocks.9,0.745948
2,5,9,vig_tiny,cifar10,0.3,11,_vig_blocks.10,0.721425
2,5,9,vig_tiny,cifar10,0.3,12,_vig_blocks.11,0.702286
2,5,9,vig_tiny,cifar10,0.3,13,classifier,0.419736
2,6,7,vig_tiny,cifar10,0.3,0,_vig_stem,0.872177
2,6,7,vig_tiny,cifar10,0.3,1,_vig_blocks.0,0.847723
2,6,7,vig_tiny,cifar10,0.3,2,_vig_blocks.1,0.840480
2,6,7,vig_tiny,cifar10,0.3,3,_vig_blocks.2,0.829826
2,6,7,vig_tiny,cifar10,0.3,4,_vig_blocks.3,0.825073
2,6,7,vig_tiny,cifar10,0.3,5,_vig_blocks.4,0.812301
2,6,7,vig_tiny,cifar10,0.3,6,_vig_blocks.5,0.806221
2,6,7,vig_tiny,cifar10,0.3,7,_vig_blocks.6,0.805472
2,6,7,vig_tiny,cifar10,0.3,8,_vig_blocks.7,0.800183
2,6,7,vig_tiny,cifar10,0.3,9,_vig_blocks.8,0.791148
2,6,7,vig_tiny,cifar10,0.3,10,_vig_blocks.9,0.778399
2,6,7,vig_tiny,cifar10,0.3,11,_vig_blocks.10,0.774874
2,6,7,vig_tiny,cifar10,0.3,12,_vig_blocks.11,0.763029
2,6,7,vig_tiny,cifar10,0.3,13,classifier,0.446642
2,6,8,vig_tiny,cifar10,0.3,0,_vig_stem,0.859776
2,6,8,vig_tiny,cifar10,0.3,1,_vig_blocks.0,0.822393
2,6,8,vig_tiny,cifar10,0.3,2,_vig_blocks.1,0.788207
2,6,8,vig_tiny,cifar10,0.3,3,_vig_blocks.2,0.759851
2,6,8,vig_tiny,cifar10,0.3,4,_vig_blocks.3,0.739384
2,6,8,vig_tiny,cifar10,0.3,5,_vig_blocks.4,0.709466
2,6,8,vig_tiny,cifar10,0.3,6,_vig_blocks.5,0.694730
2,6,8,vig_tiny,cifar10,0.3,7,_vig_blocks.6,0.698506
2,6,8,vig_tiny,cifar10,0.3,8,_vig_blocks.7,0.685868
2,6,8,vig_tiny,cifar10,0.3,9,_vig_blocks.8,0.694140
2,6,8,vig_tiny,cifar10,0.3,10,_vig_blocks.9,0.668332
2,6,8,vig_tiny,cifar10,0.3,11,_vig_blocks.10,0.666950
2,6,8,vig_tiny,cifar10,0.3,12,_vig_blocks.11,0.649681
2,6,8,vig_tiny,cifar10,0.3,13,classifier,0.394381
2,6,9,vig_tiny,cifar10,0.3,0,_vig_stem,0.926719
2,6,9,vig_tiny,cifar10,0.3,1,_vig_blocks.0,0.866730
2,6,9,vig_tiny,cifar10,0.3,2,_vig_blocks.1,0.828329
2,6,9,vig_tiny,cifar10,0.3,3,_vig_blocks.2,0.830560
2,6,9,vig_tiny,cifar10,0.3,4,_vig_blocks.3,0.831138
2,6,9,vig_tiny,cifar10,0.3,5,_vig_blocks.4,0.825563
2,6,9,vig_tiny,cifar10,0.3,6,_vig_blocks.5,0.794899
2,6,9,vig_tiny,cifar10,0.3,7,_vig_blocks.6,0.800696
2,6,9,vig_tiny,cifar10,0.3,8,_vig_blocks.7,0.788746
2,6,9,vig_tiny,cifar10,0.3,9,_vig_blocks.8,0.774160
2,6,9,vig_tiny,cifar10,0.3,10,_vig_blocks.9,0.779679
2,6,9,vig_tiny,cifar10,0.3,11,_vig_blocks.10,0.767056
2,6,9,vig_tiny,cifar10,0.3,12,_vig_blocks.11,0.757189
2,6,9,vig_tiny,cifar10,0.3,13,classifier,0.458797
2,7,8,vig_tiny,cifar10,0.3,0,_vig_stem,0.814541
2,7,8,vig_tiny,cifar10,0.3,1,_vig_blocks.0,0.775187
2,7,8,vig_tiny,cifar10,0.3,2,_vig_blocks.1,0.738596
2,7,8,vig_tiny,cifar10,0.3,3,_vig_blocks.2,0.686137
2,7,8,vig_tiny,cifar10,0.3,4,_vig_blocks.3,0.656435
2,7,8,vig_tiny,cifar10,0.3,5,_vig_blocks.4,0.621045
2,7,8,vig_tiny,cifar10,0.3,6,_vig_blocks.5,0.617529
2,7,8,vig_tiny,cifar10,0.3,7,_vig_blocks.6,0.604830
2,7,8,vig_tiny,cifar10,0.3,8,_vig_blocks.7,0.594670
2,7,8,vig_tiny,cifar10,0.3,9,_vig_blocks.8,0.604609
2,7,8,vig_tiny,cifar10,0.3,10,_vig_blocks.9,0.588566
2,7,8,vig_tiny,cifar10,0.3,11,_vig_blocks.10,0.590937
2,7,8,vig_tiny,cifar10,0.3,12,_vig_blocks.11,0.591675
2,7,8,vig_tiny,cifar10,0.3,13,classifier,0.297250
2,7,9,vig_tiny,cifar10,0.3,0,_vig_stem,0.862993
2,7,9,vig_tiny,cifar10,0.3,1,_vig_blocks.0,0.817243
2,7,9,vig_tiny,cifar10,0.3,2,_vig_blocks.1,0.803510
2,7,9,vig_tiny,cifar10,0.3,3,_vig_blocks.2,0.790318
2,7,9,vig_tiny,cifar10,0.3,4,_vig_blocks.3,0.775731
2,7,9,vig_tiny,cifar10,0.3,5,_vig_blocks.4,0.773227
2,7,9,vig_tiny,cifar10,0.3,6,_vig_blocks.5,0.781587
2,7,9,vig_tiny,cifar10,0.3,7,_vig_blocks.6,0.794831
2,7,9,vig_tiny,cifar10,0.3,8,_vig_blocks.7,0.797945
2,7,9,vig_tiny,cifar10,0.3,9,_vig_blocks.8,0.795741
2,7,9,vig_tiny,cifar10,0.3,10,_vig_blocks.9,0.787666
2,7,9,vig_tiny,cifar10,0.3,11,_vig_blocks.10,0.752521
2,7,9,vig_tiny,cifar10,0.3,12,_vig_blocks.11,0.736576
2,7,9,vig_tiny,cifar10,0.3,13,classifier,0.221776
2,8,9,vig_tiny,cifar10,0.3,0,_vig_stem,0.865311
2,8,9,vig_tiny,cifar10,0.3,1,_vig_blocks.0,0.842277
2,8,9,vig_tiny,cifar10,0.3,2,_vig_blocks.1,0.808728
2,8,9,vig_tiny,cifar10,0.3,3,_vig_blocks.2,0.790072
2,8,9,vig_tiny,cifar10,0.3,4,_vig_blocks.3,0.775128
2,8,9,vig_tiny,cifar10,0.3,5,_vig_blocks.4,0.740295
2,8,9,vig_tiny,cifar10,0.3,6,_vig_blocks.5,0.749980
2,8,9,vig_tiny,cifar10,0.3,7,_vig_blocks.6,0.755690
2,8,9,vig_tiny,cifar10,0.3,8,_vig_blocks.7,0.747862
2,8,9,vig_tiny,cifar10,0.3,9,_vig_blocks.8,0.757448
2,8,9,vig_tiny,cifar10,0.3,10,_vig_blocks.9,0.737783
2,8,9,vig_tiny,cifar10,0.3,11,_vig_blocks.10,0.734109
2,8,9,vig_tiny,cifar10,0.3,12,_vig_blocks.11,0.736059
2,8,9,vig_tiny,cifar10,0.3,13,classifier,0.533426
5,0,1,vig_tiny,cifar10,0.3,0,_vig_stem,0.889301
5,0,1,vig_tiny,cifar10,0.3,1,_vig_blocks.0,0.837537
5,0,1,vig_tiny,cifar10,0.3,2,_vig_blocks.1,0.807410
5,0,1,vig_tiny,cifar10,0.3,3,_vig_blocks.2,0.801875
5,0,1,vig_tiny,cifar10,0.3,4,_vig_blocks.3,0.806297
5,0,1,vig_tiny,cifar10,0.3,5,_vig_blocks.4,0.817814
5,0,1,vig_tiny,cifar10,0.3,6,_vig_blocks.5,0.828755
5,0,1,vig_tiny,cifar10,0.3,7,_vig_blocks.6,0.829367
5,0,1,vig_tiny,cifar10,0.3,8,_vig_blocks.7,0.817251
5,0,1,vig_tiny,cifar10,0.3,9,_vig_blocks.8,0.812248
5,0,1,vig_tiny,cifar10,0.3,10,_vig_blocks.9,0.800856
5,0,1,vig_tiny,cifar10,0.3,11,_vig_blocks.10,0.802628
5,0,1,vig_tiny,cifar10,0.3,12,_vig_blocks.11,0.781436
5,0,1,vig_tiny,cifar10,0.3,13,classifier,0.756157
5,0,2,vig_tiny,cifar10,0.3,0,_vig_stem,0.847583
5,0,2,vig_tiny,cifar10,0.3,1,_vig_blocks.0,0.753655
5,0,2,vig_tiny,cifar10,0.3,2,_vig_blocks.1,0.717119
5,0,2,vig_tiny,cifar10,0.3,3,_vig_blocks.2,0.724524
5,0,2,vig_tiny,cifar10,0.3,4,_vig_blocks.3,0.732298
5,0,2,vig_tiny,cifar10,0.3,5,_vig_blocks.4,0.739491
5,0,2,vig_tiny,cifar10,0.3,6,_vig_blocks.5,0.745857
5,0,2,vig_tiny,cifar10,0.3,7,_vig_blocks.6,0.757987
5,0,2,vig_tiny,cifar10,0.3,8,_vig_blocks.7,0.751104
5,0,2,vig_tiny,cifar10,0.3,9,_vig_blocks.8,0.725479
5,0,2,vig_tiny,cifar10,0.3,10,_vig_blocks.9,0.727459
5,0,2,vig_tiny,cifar10,0.3,11,_vig_blocks.10,0.721041
5,0,2,vig_tiny,cifar10,0.3,12,_vig_blocks.11,0.695273
5,0,2,vig_tiny,cifar10,0.3,13,classifier,0.696651
5,0,3,vig_tiny,cifar10,0.3,0,_vig_stem,0.897958
5,0,3,vig_tiny,cifar10,0.3,1,_vig_blocks.0,0.800960
5,0,3,vig_tiny,cifar10,0.3,2,_vig_blocks.1,0.773403
5,0,3,vig_tiny,cifar10,0.3,3,_vig_blocks.2,0.725276
5,0,3,vig_tiny,cifar10,0.3,4,_vig_blocks.3,0.737344
5,0,3,vig_tiny,cifar10,0.3,5,_vig_blocks.4,0.726974
5,0,3,vig_tiny,cifar10,0.3,6,_vig_blocks.5,0.738755
5,0,3,vig_tiny,cifar10,0.3,7,_vig_blocks.6,0.722809
5,0,3,vig_tiny,cifar10,0.3,8,_vig_blocks.7,0.710539
5,0,3,vig_tiny,cifar10,0.3,9,_vig_blocks.8,0.700442
5,0,3,vig_tiny,cifar10,0.3,10,_vig_blocks.9,0.682004
5,0,3,vig_tiny,cifar10,0.3,11,_vig_blocks.10,0.666265
5,0,3,vig_tiny,cifar10,0.3,12,_vig_blocks.11,0.682555
5,0,3,vig_tiny,cifar10,0.3,13,classifier,0.491839
5,0,4,vig_tiny,cifar10,0.3,0,_vig_stem,0.918434
5,0,4,vig_tiny,cifar10,0.3,1,_vig_blocks.0,0.873450
5,0,4,vig_tiny,cifar10,0.3,2,_vig_blocks.1,0.869963
5,0,4,vig_tiny,cifar10,0.3,3,_vig_blocks.2,0.863011
5,0,4,vig_tiny,cifar10,0.3,4,_vig_blocks.3,0.876733
5,0,4,vig_tiny,cifar10,0.3,5,_vig_blocks.4,0.869666
5,0,4,vig_tiny,cifar10,0.3,6,_vig_blocks.5,0.864281
5,0,4,vig_tiny,cifar10,0.3,7,_vig_blocks.6,0.866877
5,0,4,vig_tiny,cifar10,0.3,8,_vig_blocks.7,0.860533
5,0,4,vig_tiny,cifar10,0.3,9,_vig_blocks.8,0.837717
5,0,4,vig_tiny,cifar10,0.3,10,_vig_blocks.9,0.808804
5,0,4,vig_tiny,cifar10,0.3,11,_vig_blocks.10,0.789139
5,0,4,vig_tiny,cifar10,0.3,12,_vig_blocks.11,0.765057
5,0,4,vig_tiny,cifar10,0.3,13,classifier,0.568148
5,0,5,vig_tiny,cifar10,0.3,0,_vig_stem,0.903878
5,0,5,vig_tiny,cifar10,0.3,1,_vig_blocks.0,0.852988
5,0,5,vig_tiny,cifar10,0.3,2,_vig_blocks.1,0.830389
5,0,5,vig_tiny,cifar10,0.3,3,_vig_blocks.2,0.804573
5,0,5,vig_tiny,cifar10,0.3,4,_vig_blocks.3,0.799750
5,0,5,vig_tiny,cifar10,0.3,5,_vig_blocks.4,0.774150
5,0,5,vig_tiny,cifar10,0.3,6,_vig_blocks.5,0.781587
5,0,5,vig_tiny,cifar10,0.3,7,_vig_blocks.6,0.775044
5,0,5,vig_tiny,cifar10,0.3,8,_vig_blocks.7,0.736291
5,0,5,vig_tiny,cifar10,0.3,9,_vig_blocks.8,0.717641
5,0,5,vig_tiny,cifar10,0.3,10,_vig_blocks.9,0.711048
5,0,5,vig_tiny,cifar10,0.3,11,_vig_blocks.10,0.680429
5,0,5,vig_tiny,cifar10,0.3,12,_vig_blocks.11,0.650441
5,0,5,vig_tiny,cifar10,0.3,13,classifier,0.256433
5,0,6,vig_tiny,cifar10,0.3,0,_vig_stem,0.904288
5,0,6,vig_tiny,cifar10,0.3,1,_vig_blocks.0,0.840837
5,0,6,vig_tiny,cifar10,0.3,2,_vig_blocks.1,0.834282
5,0,6,vig_tiny,cifar10,0.3,3,_vig_blocks.2,0.842808
5,0,6,vig_tiny,cifar10,0.3,4,_vig_blocks.3,0.850873
5,0,6,vig_tiny,cifar10,0.3,5,_vig_blocks.4,0.850032
5,0,6,vig_tiny,cifar10,0.3,6,_vig_blocks.5,0.847792
5,0,6,vig_tiny,cifar10,0.3,7,_vig_blocks.6,0.848718
5,0,6,vig_tiny,cifar10,0.3,8,_vig_blocks.7,0.840668
5,0,6,vig_tiny,cifar10,0.3,9,_vig_blocks.8,0.822580
5,0,6,vig_tiny,cifar10,0.3,10,_vig_blocks.9,0.802193
5,0,6,vig_tiny,cifar10,0.3,11,_vig_blocks.10,0.788761
5,0,6,vig_tiny,cifar10,0.3,12,_vig_blocks.11,0.749536
5,0,6,vig_tiny,cifar10,0.3,13,classifier,0.619368
5,0,7,vig_tiny,cifar10,0.3,0,_vig_stem,0.906459
5,0,7,vig_tiny,cifar10,0.3,1,_vig_blocks.0,0.826165
5,0,7,vig_tiny,cifar10,0.3,2,_vig_blocks.1,0.779516
5,0,7,vig_tiny,cifar10,0.3,3,_vig_blocks.2,0.757325
5,0,7,vig_tiny,cifar10,0.3,4,_vig_blocks.3,0.756966
5,0,7,vig_tiny,cifar10,0.3,5,_vig_blocks.4,0.737795
5,0,7,vig_tiny,cifar10,0.3,6,_vig_blocks.5,0.723517
5,0,7,vig_tiny,cifar10,0.3,7,_vig_blocks.6,0.720679
5,0,7,vig_tiny,cifar10,0.3,8,_vig_blocks.7,0.696635
5,0,7,vig_tiny,cifar10,0.3,9,_vig_blocks.8,0.686053
5,0,7,vig_tiny,cifar10,0.3,10,_vig_blocks.9,0.671757
5,0,7,vig_tiny,cifar10,0.3,11,_vig_blocks.10,0.639990
5,0,7,vig_tiny,cifar10,0.3,12,_vig_blocks.11,0.623182
5,0,7,vig_tiny,cifar10,0.3,13,classifier,0.267518
5,0,8,vig_tiny,cifar10,0.3,0,_vig_stem,0.914847
5,0,8,vig_tiny,cifar10,0.3,1,_vig_blocks.0,0.850553
5,0,8,vig_tiny,cifar10,0.3,2,_vig_blocks.1,0.835010
5,0,8,vig_tiny,cifar10,0.3,3,_vig_blocks.2,0.826782
5,0,8,vig_tiny,cifar10,0.3,4,_vig_blocks.3,0.834849
5,0,8,vig_tiny,cifar10,0.3,5,_vig_blocks.4,0.828763
5,0,8,vig_tiny,cifar10,0.3,6,_vig_blocks.5,0.817547
5,0,8,vig_tiny,cifar10,0.3,7,_vig_blocks.6,0.806403
5,0,8,vig_tiny,cifar10,0.3,8,_vig_blocks.7,0.791755
5,0,8,vig_tiny,cifar10,0.3,9,_vig_blocks.8,0.776761
5,0,8,vig_tiny,cifar10,0.3,10,_vig_blocks.9,0.762309
5,0,8,vig_tiny,cifar10,0.3,11,_vig_blocks.10,0.748928
5,0,8,vig_tiny,cifar10,0.3,12,_vig_blocks.11,0.715402
5,0,8,vig_tiny,cifar10,0.3,13,classifier,0.618474
5,0,9,vig_tiny,cifar10,0.3,0,_vig_stem,0.920006
5,0,9,vig_tiny,cifar10,0.3,1,_vig_blocks.0,0.879451
5,0,9,vig_tiny,cifar10,0.3,2,_vig_blocks.1,0.842262
5,0,9,vig_tiny,cifar10,0.3,3,_vig_blocks.2,0.835669
5,0,9,vig_tiny,cifar10,0.3,4,_vig_blocks.3,0.851722
5,0,9,vig_tiny,cifar10,0.3,5,_vig_blocks.4,0.839980
5,0,9,vig_tiny,cifar10,0.3,6,_vig_blocks.5,0.846866
5,0,9,vig_tiny,cifar10,0.3,7,_vig_blocks.6,0.834747
5,0,9,vig_tiny,cifar10,0.3,8,_vig_blocks.7,0.821227
5,0,9,vig_tiny,cifar10,0.3,9,_vig_blocks.8,0.796872
5,0,9,vig_tiny,cifar10,0.3,10,_vig_blocks.9,0.774549
5,0,9,vig_tiny,cifar10,0.3,11,_vig_blocks.10,0.773281
5,0,9,vig_tiny,cifar10,0.3,12,_vig_blocks.11,0.755353
5,0,9,vig_tiny,cifar10,0.3,13,classifier,0.630597
5,1,2,vig_tiny,cifar10,0.3,0,_vig_stem,0.870141
5,1,2,vig_tiny,cifar10,0.3,1,_vig_blocks.0,0.787013
5,1,2,vig_tiny,cifar10,0.3,2,_vig_blocks.1,0.781730
5,1,2,vig_tiny,cifar10,0.3,3,_vig_blocks.2,0.797124
5,1,2,vig_tiny,cifar10,0.3,4,_vig_blocks.3,0.806434
5,1,2,vig_tiny,cifar10,0.3,5,_vig_blocks.4,0.816337
5,1,2,vig_tiny,cifar10,0.3,6,_vig_blocks.5,0.812080
5,1,2,vig_tiny,cifar10,0.3,7,_vig_blocks.6,0.812024
5,1,2,vig_tiny,cifar10,0.3,8,_vig_blocks.7,0.806790
5,1,2,vig_tiny,cifar10,0.3,9,_vig_blocks.8,0.785489
5,1,2,vig_tiny,cifar10,0.3,10,_vig_blocks.9,0.784536
5,1,2,vig_tiny,cifar10,0.3,11,_vig_blocks.10,0.786138
5,1,2,vig_tiny,cifar10,0.3,12,_vig_blocks.11,0.757349
5,1,2,vig_tiny,cifar10,0.3,13,classifier,0.735877
5,1,3,vig_tiny,cifar10,0.3,0,_vig_stem,0.893490
5,1,3,vig_tiny,cifar10,0.3,1,_vig_blocks.0,0.788870
5,1,3,vig_tiny,cifar10,0.3,2,_vig_blocks.1,0.742487
5,1,3,vig_tiny,cifar10,0.3,3,_vig_blocks.2,0.706480
5,1,3,vig_tiny,cifar10,0.3,4,_vig_blocks.3,0.684237
5,1,3,vig_tiny,cifar10,0.3,5,_vig_blocks.4,0.688064
5,1,3,vig_tiny,cifar10,0.3,6,_vig_blocks.5,0.693825
5,1,3,vig_tiny,cifar10,0.3,7,_vig_blocks.6,0.683996
5,1,3,vig_tiny,cifar10,0.3,8,_vig_blocks.7,0.673154
5,1,3,vig_tiny,cifar10,0.3,9,_vig_blocks.8,0.665769
5,1,3,vig_tiny,cifar10,0.3,10,_vig_blocks.9,0.672598
5,1,3,vig_tiny,cifar10,0.3,11,_vig_blocks.10,0.663475
5,1,3,vig_tiny,cifar10,0.3,12,_vig_blocks.11,0.675198
5,1,3,vig_tiny,cifar10,0.3,13,classifier,0.623113
5,1,4,vig_tiny,cifar10,0.3,0,_vig_stem,0.889520
5,1,4,vig_tiny,cifar10,0.3,1,_vig_blocks.0,0.858937
5,1,4,vig_tiny,cifar10,0.3,2,_vig_blocks.1,0.826072
5,1,4,vig_tiny,cifar10,0.3,3,_vig_blocks.2,0.847223
5,1,4,vig_tiny,cifar10,0.3,4,_vig_blocks.3,0.841469
5,1,4,vig_tiny,cifar10,0.3,5,_vig_blocks.4,0.838013
5,1,4,vig_tiny,cifar10,0.3,6,_vig_blocks.5,0.840008
5,1,4,vig_tiny,cifar10,0.3,7,_vig_blocks.6,0.832546
5,1,4,vig_tiny,cifar10,0.3,8,_vig_blocks.7,0.830822
5,1,4,vig_tiny,cifar10,0.3,9,_vig_blocks.8,0.813248
5,1,4,vig_tiny,cifar10,0.3,10,_vig_blocks.9,0.790072
5,1,4,vig_tiny,cifar10,0.3,11,_vig_blocks.10,0.778621
5,1,4,vig_tiny,cifar10,0.3,12,_vig_blocks.11,0.756893
5,1,4,vig_tiny,cifar10,0.3,13,classifier,0.688304
5,1,5,vig_tiny,cifar10,0.3,0,_vig_stem,0.830801
5,1,5,vig_tiny,cifar10,0.3,1,_vig_blocks.0,0.807633
5,1,5,vig_tiny,cifar10,0.3,2,_vig_blocks.1,0.769426
5,1,5,vig_tiny,cifar10,0.3,3,_vig_blocks.2,0.777469
5,1,5,vig_tiny,cifar10,0.3,4,_vig_blocks.3,0.768444
5,1,5,vig_tiny,cifar10,0.3,5,_vig_blocks.4,0.755123
5,1,5,vig_tiny,cifar10,0.3,6,_vig_blocks.5,0.753987
5,1,5,vig_tiny,cifar10,0.3,7,_vig_blocks.6,0.745345
5,1,5,vig_tiny,cifar10,0.3,8,_vig_blocks.7,0.723807
5,1,5,vig_tiny,cifar10,0.3,9,_vig_blocks.8,0.704307
5,1,5,vig_tiny,cifar10,0.3,10,_vig_blocks.9,0.704666
5,1,5,vig_tiny,cifar10,0.3,11,_vig_blocks.10,0.677735
5,1,5,vig_tiny,cifar10,0.3,12,_vig_blocks.11,0.639426
5,1,5,vig_tiny,cifar10,0.3,13,classifier,0.385706
5,1,6,vig_tiny,cifar10,0.3,0,_vig_stem,0.878994
5,1,6,vig_tiny,cifar10,0.3,1,_vig_blocks.0,0.838014
5,1,6,vig_tiny,cifar10,0.3,2,_vig_blocks.1,0.810534
5,1,6,vig_tiny,cifar10,0.3,3,_vig_blocks.2,0.819054
5,1,6,vig_tiny,cifar10,0.3,4,_vig_blocks.3,0.804156
5,1,6,vig_tiny,cifar10,0.3,5,_vig_blocks.4,0.807844
5,1,6,vig_tiny,cifar10,0.3,6,_vig_blocks.5,0.819662
5,1,6,vig_tiny,cifar10,0.3,7,_vig_blocks.6,0.818324
5,1,6,vig_tiny,cifar10,0.3,8,_vig_blocks.7,0.820269
5,1,6,vig_tiny,cifar10,0.3,9,_vig_blocks.8,0.800410
5,1,6,vig_tiny,cifar10,0.3,10,_vig_blocks.9,0.779933
5,1,6,vig_tiny,cifar10,0.3,11,_vig_blocks.10,0.766703
5,1,6,vig_tiny,cifar10,0.3,12,_vig_blocks.11,0.738655
5,1,6,vig_tiny,cifar10,0.3,13,classifier,0.623788
5,1,7,vig_tiny,cifar10,0.3,0,_vig_stem,0.839395
5,1,7,vig_tiny,cifar10,0.3,1,_vig_blocks.0,0.754619
5,1,7,vig_tiny,cifar10,0.3,2,_vig_blocks.1,0.738108
5,1,7,vig_tiny,cifar10,0.3,3,_vig_blocks.2,0.751164
5,1,7,vig_tiny,cifar10,0.3,4,_vig_blocks.3,0.750159
5,1,7,vig_tiny,cifar10,0.3,5,_vig_blocks.4,0.749811
5,1,7,vig_tiny,cifar10,0.3,6,_vig_blocks.5,0.740742
5,1,7,vig_tiny,cifar10,0.3,7,_vig_blocks.6,0.729861
5,1,7,vig_tiny,cifar10,0.3,8,_vig_blocks.7,0.703883
5,1,7,vig_tiny,cifar10,0.3,9,_vig_blocks.8,0.690093
5,1,7,vig_tiny,cifar10,0.3,10,_vig_blocks.9,0.681736
5,1,7,vig_tiny,cifar10,0.3,11,_vig_blocks.10,0.664360
5,1,7,vig_tiny,cifar10,0.3,12,_vig_blocks.11,0.625449
5,1,7,vig_tiny,cifar10,0.3,13,classifier,0.300360
5,1,8,vig_tiny,cifar10,0.3,0,_vig_stem,0.858717
5,1,8,vig_tiny,cifar10,0.3,1,_vig_blocks.0,0.813107
5,1,8,vig_tiny,cifar10,0.3,2,_vig_blocks.1,0.808071
5,1,8,vig_tiny,cifar10,0.3,3,_vig_blocks.2,0.814476
5,1,8,vig_tiny,cifar10,0.3,4,_vig_blocks.3,0.830461
5,1,8,vig_tiny,cifar10,0.3,5,_vig_blocks.4,0.836841
5,1,8,vig_tiny,cifar10,0.3,6,_vig_blocks.5,0.828871
5,1,8,vig_tiny,cifar10,0.3,7,_vig_blocks.6,0.820813
5,1,8,vig_tiny,cifar10,0.3,8,_vig_blocks.7,0.815808
5,1,8,vig_tiny,cifar10,0.3,9,_vig_blocks.8,0.800122
5,1,8,vig_tiny,cifar10,0.3,10,_vig_blocks.9,0.787115
5,1,8,vig_tiny,cifar10,0.3,11,_vig_blocks.10,0.781796
5,1,8,vig_tiny,cifar10,0.3,12,_vig_blocks.11,0.742606
5,1,8,vig_tiny,cifar10,0.3,13,classifier,0.724985
5,1,9,vig_tiny,cifar10,0.3,0,_vig_stem,0.893095
5,1,9,vig_tiny,cifar10,0.3,1,_vig_blocks.0,0.852578
5,1,9,vig_tiny,cifar10,0.3,2,_vig_blocks.1,0.813884
5,1,9,vig_tiny,cifar10,0.3,3,_vig_blocks.2,0.820914
5,1,9,vig_tiny,cifar10,0.3,4,_vig_blocks.3,0.819853
5,1,9,vig_tiny,cifar10,0.3,5,_vig_blocks.4,0.830539
5,1,9,vig_tiny,cifar10,0.3,6,_vig_blocks.5,0.836526
5,1,9,vig_tiny,cifar10,0.3,7,_vig_blocks.6,0.825558
5,1,9,vig_tiny,cifar10,0.3,8,_vig_blocks.7,0.811454
5,1,9,vig_tiny,cifar10,0.3,9,_vig_blocks.8,0.797754
5,1,9,vig_tiny,cifar10,0.3,10,_vig_blocks.9,0.776116
5,1,9,vig_tiny,cifar10,0.3,11,_vig_blocks.10,0.773842
5,1,9,vig_tiny,cifar10,0.3,12,_vig_blocks.11,0.763693
5,1,9,vig_tiny,cifar10,0.3,13,classifier,0.745761
5,2,3,vig_tiny,cifar10,0.3,0,_vig_stem,0.851229
5,2,3,vig_tiny,cifar10,0.3,1,_vig_blocks.0,0.668558
5,2,3,vig_tiny,cifar10,0.3,2,_vig_blocks.1,0.629094
5,2,3,vig_tiny,cifar10,0.3,3,_vig_blocks.2,0.597785
5,2,3,vig_tiny,cifar10,0.3,4,_vig_blocks.3,0.609164
5,2,3,vig_tiny,cifar10,0.3,5,_vig_blocks.4,0.635473
5,2,3,vig_tiny,cifar10,0.3,6,_vig_blocks.5,0.637987
5,2,3,vig_tiny,cifar10,0.3,7,_vig_blocks.6,0.638674
5,2,3,vig_tiny,cifar10,0.3,8,_vig_blocks.7,0.629344
5,2,3,vig_tiny,cifar10,0.3,9,_vig_blocks.8,0.619893
5,2,3,vig_tiny,cifar10,0.3,10,_vig_blocks.9,0.603669
5,2,3,vig_tiny,cifar10,0.3,11,_vig_blocks.10,0.579534
5,2,3,vig_tiny,cifar10,0.3,12,_vig_blocks.11,0.561764
5,2,3,vig_tiny,cifar10,0.3,13,classifier,0.469162
5,2,4,vig_tiny,cifar10,0.3,0,_vig_stem,0.895048
5,2,4,vig_tiny,cifar10,0.3,1,_vig_blocks.0,0.814063
5,2,4,vig_tiny,cifar10,0.3,2,_vig_blocks.1,0.782344
5,2,4,vig_tiny,cifar10,0.3,3,_vig_blocks.2,0.778798
5,2,4,vig_tiny,cifar10,0.3,4,_vig_blocks.3,0.778754
5,2,4,vig_tiny,cifar10,0.3,5,_vig_blocks.4,0.790610
5,2,4,vig_tiny,cifar10,0.3,6,_vig_blocks.5,0.796210
5,2,4,vig_tiny,cifar10,0.3,7,_vig_blocks.6,0.812636
5,2,4,vig_tiny,cifar10,0.3,8,_vig_blocks.7,0.803522
5,2,4,vig_tiny,cifar10,0.3,9,_vig_blocks.8,0.785291
5,2,4,vig_tiny,cifar10,0.3,10,_vig_blocks.9,0.761611
5,2,4,vig_tiny,cifar10,0.3,11,_vig_blocks.10,0.737106
5,2,4,vig_tiny,cifar10,0.3,12,_vig_blocks.11,0.713242
5,2,4,vig_tiny,cifar10,0.3,13,classifier,0.697902
5,2,5,vig_tiny,cifar10,0.3,0,_vig_stem,0.853488
5,2,5,vig_tiny,cifar10,0.3,1,_vig_blocks.0,0.798322
5,2,5,vig_tiny,cifar10,0.3,2,_vig_blocks.1,0.771093
5,2,5,vig_tiny,cifar10,0.3,3,_vig_blocks.2,0.767115
5,2,5,vig_tiny,cifar10,0.3,4,_vig_blocks.3,0.765692
5,2,5,vig_tiny,cifar10,0.3,5,_vig_blocks.4,0.772325
5,2,5,vig_tiny,cifar10,0.3,6,_vig_blocks.5,0.770794
5,2,5,vig_tiny,cifar10,0.3,7,_vig_blocks.6,0.770001
5,2,5,vig_tiny,cifar10,0.3,8,_vig_blocks.7,0.763967
5,2,5,vig_tiny,cifar10,0.3,9,_vig_blocks.8,0.753948
5,2,5,vig_tiny,cifar10,0.3,10,_vig_blocks.9,0.732187
5,2,5,vig_tiny,cifar10,0.3,11,_vig_blocks.10,0.698580
5,2,5,vig_tiny,cifar10,0.3,12,_vig_blocks.11,0.661982
5,2,5,vig_tiny,cifar10,0.3,13,classifier,0.324803
5,2,6,vig_tiny,cifar10,0.3,0,_vig_stem,0.872094
5,2,6,vig_tiny,cifar10,0.3,1,_vig_blocks.0,0.790993
5,2,6,vig_tiny,cifar10,0.3,2,_vig_blocks.1,0.770440
5,2,6,vig_tiny,cifar10,0.3,3,_vig_blocks.2,0.779381
5,2,6,vig_tiny,cifar10,0.3,4,_vig_blocks.3,0.775305
5,2,6,vig_tiny,cifar10,0.3,5,_vig_blocks.4,0.800555
5,2,6,vig_tiny,cifar10,0.3,6,_vig_blocks.5,0.801973
5,2,6,vig_tiny,cifar10,0.3,7,_vig_blocks.6,0.810517
5,2,6,vig_tiny,cifar10,0.3,8,_vig_blocks.7,0.801486
5,2,6,vig_tiny,cifar10,0.3,9,_vig_blocks.8,0.778601
5,2,6,vig_tiny,cifar10,0.3,10,_vig_blocks.9,0.765267
5,2,6,vig_tiny,cifar10,0.3,11,_vig_blocks.10,0.741609
5,2,6,vig_tiny,cifar10,0.3,12,_vig_blocks.11,0.694222
5,2,6,vig_tiny,cifar10,0.3,13,classifier,0.630112
5,2,7,vig_tiny,cifar10,0.3,0,_vig_stem,0.867250
5,2,7,vig_tiny,cifar10,0.3,1,_vig_blocks.0,0.793153
5,2,7,vig_tiny,cifar10,0.3,2,_vig_blocks.1,0.755632
5,2,7,vig_tiny,cifar10,0.3,3,_vig_blocks.2,0.748585
5,2,7,vig_tiny,cifar10,0.3,4,_vig_blocks.3,0.739827
5,2,7,vig_tiny,cifar10,0.3,5,_vig_blocks.4,0.767518
5,2,7,vig_tiny,cifar10,0.3,6,_vig_blocks.5,0.761078
5,2,7,vig_tiny,cifar10,0.3,7,_vig_blocks.6,0.770659
5,2,7,vig_tiny,cifar10,0.3,8,_vig_blocks.7,0.740710
5,2,7,vig_tiny,cifar10,0.3,9,_vig_blocks.8,0.725737
5,2,7,vig_tiny,cifar10,0.3,10,_vig_blocks.9,0.699892
5,2,7,vig_tiny,cifar10,0.3,11,_vig_blocks.10,0.664169
5,2,7,vig_tiny,cifar10,0.3,12,_vig_blocks.11,0.638258
5,2,7,vig_tiny,cifar10,0.3,13,classifier,0.416281
5,2,8,vig_tiny,cifar10,0.3,0,_vig_stem,0.846412
5,2,8,vig_tiny,cifar10,0.3,1,_vig_blocks.0,0.752200
5,2,8,vig_tiny,cifar10,0.3,2,_vig_blocks.1,0.742264
5,2,8,vig_tiny,cifar10,0.3,3,_vig_blocks.2,0.746621
5,2,8,vig_tiny,cifar10,0.3,4,_vig_blocks.3,0.777896
5,2,8,vig_tiny,cifar10,0.3,5,_vig_blocks.4,0.785651
5,2,8,vig_tiny,cifar10,0.3,6,_vig_blocks.5,0.777782
5,2,8,vig_tiny,cifar10,0.3,7,_vig_blocks.6,0.781073
5,2,8,vig_tiny,cifar10,0.3,8,_vig_blocks.7,0.778120
5,2,8,vig_tiny,cifar10,0.3,9,_vig_blocks.8,0.760670
5,2,8,vig_tiny,cifar10,0.3,10,_vig_blocks.9,0.755336
5,2,8,vig_tiny,cifar10,0.3,11,_vig_blocks.10,0.747027
5,2,8,vig_tiny,cifar10,0.3,12,_vig_blocks.11,0.729639
5,2,8,vig_tiny,cifar10,0.3,13,classifier,0.738962
5,2,9,vig_tiny,cifar10,0.3,0,_vig_stem,0.888894
5,2,9,vig_tiny,cifar10,0.3,1,_vig_blocks.0,0.811299
5,2,9,vig_tiny,cifar10,0.3,2,_vig_blocks.1,0.774048
5,2,9,vig_tiny,cifar10,0.3,3,_vig_blocks.2,0.773325
5,2,9,vig_tiny,cifar10,0.3,4,_vig_blocks.3,0.780913
5,2,9,vig_tiny,cifar10,0.3,5,_vig_blocks.4,0.805586
5,2,9,vig_tiny,cifar10,0.3,6,_vig_blocks.5,0.802187
5,2,9,vig_tiny,cifar10,0.3,7,_vig_blocks.6,0.809509
5,2,9,vig_tiny,cifar10,0.3,8,_vig_blocks.7,0.792649
5,2,9,vig_tiny,cifar10,0.3,9,_vig_blocks.8,0.772768
5,2,9,vig_tiny,cifar10,0.3,10,_vig_blocks.9,0.748058
5,2,9,vig_tiny,cifar10,0.3,11,_vig_blocks.10,0.740064
5,2,9,vig_tiny,cifar10,0.3,12,_vig_blocks.11,0.717370
5,2,9,vig_tiny,cifar10,0.3,13,classifier,0.712761
5,3,4,vig_tiny,cifar10,0.3,0,_vig_stem,0.906287
5,3,4,vig_tiny,cifar10,0.3,1,_vig_blocks.0,0.819628
5,3,4,vig_tiny,cifar10,0.3,2,_vig_blocks.1,0.822322
5,3,4,vig_tiny,cifar10,0.3,3,_vig_blocks.2,0.806822
5,3,4,vig_tiny,cifar10,0.3,4,_vig_blocks.3,0.786061
5,3,4,vig_tiny,cifar10,0.3,5,_vig_blocks.4,0.776194
5,3,4,vig_tiny,cifar10,0.3,6,_vig_blocks.5,0.771891
5,3,4,vig_tiny,cifar10,0.3,7,_vig_blocks.6,0.765670
5,3,4,vig_tiny,cifar10,0.3,8,_vig_blocks.7,0.747476
5,3,4,vig_tiny,cifar10,0.3,9,_vig_blocks.8,0.752371
5,3,4,vig_tiny,cifar10,0.3,10,_vig_blocks.9,0.758659
5,3,4,vig_tiny,cifar10,0.3,11,_vig_blocks.10,0.732771
5,3,4,vig_tiny,cifar10,0.3,12,_vig_blocks.11,0.724567
5,3,4,vig_tiny,cifar10,0.3,13,classifier,0.626272
5,3,5,vig_tiny,cifar10,0.3,0,_vig_stem,0.895472
5,3,5,vig_tiny,cifar10,0.3,1,_vig_blocks.0,0.837666
5,3,5,vig_tiny,cifar10,0.3,2,_vig_blocks.1,0.786703
5,3,5,vig_tiny,cifar10,0.3,3,_vig_blocks.2,0.776360
5,3,5,vig_tiny,cifar10,0.3,4,_vig_blocks.3,0.767429
5,3,5,vig_tiny,cifar10,0.3,5,_vig_blocks.4,0.771188
5,3,5,vig_tiny,cifar10,0.3,6,_vig_blocks.5,0.763291
5,3,5,vig_tiny,cifar10,0.3,7,_vig_blocks.6,0.744641
5,3,5,vig_tiny,cifar10,0.3,8,_vig_blocks.7,0.731096
5,3,5,vig_tiny,cifar10,0.3,9,_vig_blocks.8,0.710906
5,3,5,vig_tiny,cifar10,0.3,10,_vig_blocks.9,0.713155
5,3,5,vig_tiny,cifar10,0.3,11,_vig_blocks.10,0.701562
5,3,5,vig_tiny,cifar10,0.3,12,_vig_blocks.11,0.680822
5,3,5,vig_tiny,cifar10,0.3,13,classifier,0.641004
5,3,6,vig_tiny,cifar10,0.3,0,_vig_stem,0.880869
5,3,6,vig_tiny,cifar10,0.3,1,_vig_blocks.0,0.757491
5,3,6,vig_tiny,cifar10,0.3,2,_vig_blocks.1,0.717123
5,3,6,vig_tiny,cifar10,0.3,3,_vig_blocks.2,0.719002
5,3,6,vig_tiny,cifar10,0.3,4,_vig_blocks.3,0.724907
5,3,6,vig_tiny,cifar10,0.3,5,_vig_blocks.4,0.727673
5,3,6,vig_tiny,cifar10,0.3,6,_vig_blocks.5,0.736729
5,3,6,vig_tiny,cifar10,0.3,7,_vig_blocks.6,0.721744
5,3,6,vig_tiny,cifar10,0.3,8,_vig_blocks.7,0.717044
5,3,6,vig_tiny,cifar10,0.3,9,_vig_blocks.8,0.704410
5,3,6,vig_tiny,cifar10,0.3,10,_vig_blocks.9,0.680750
5,3,6,vig_tiny,cifar10,0.3,11,_vig_blocks.10,0.650610
5,3,6,vig_tiny,cifar10,0.3,12,_vig_blocks.11,0.634451
5,3,6,vig_tiny,cifar10,0.3,13,classifier,0.624767
5,3,7,vig_tiny,cifar10,0.3,0,_vig_stem,0.879882
5,3,7,vig_tiny,cifar10,0.3,1,_vig_blocks.0,0.762571
5,3,7,vig_tiny,cifar10,0.3,2,_vig_blocks.1,0.719727
5,3,7,vig_tiny,cifar10,0.3,3,_vig_blocks.2,0.722261
5,3,7,vig_tiny,cifar10,0.3,4,_vig_blocks.3,0.733340
5,3,7,vig_tiny,cifar10,0.3,5,_vig_blocks.4,0.741003
5,3,7,vig_tiny,cifar10,0.3,6,_vig_blocks.5,0.730649
5,3,7,vig_tiny,cifar10,0.3,7,_vig_blocks.6,0.715163
5,3,7,vig_tiny,cifar10,0.3,8,_vig_blocks.7,0.709233
5,3,7,vig_tiny,cifar10,0.3,9,_vig_blocks.8,0.695792
5,3,7,vig_tiny,cifar10,0.3,10,_vig_blocks.9,0.695093
5,3,7,vig_tiny,cifar10,0.3,11,_vig_blocks.10,0.670923
5,3,7,vig_tiny,cifar10,0.3,12,_vig_blocks.11,0.646141
5,3,7,vig_tiny,cifar10,0.3,13,classifier,0.428619
5,3,8,vig_tiny,cifar10,0.3,0,_vig_stem,0.878046
5,3,8,vig_tiny,cifar10,0.3,1,_vig_blocks.0,0.810639
5,3,8,vig_tiny,cifar10,0.3,2,_vig_blocks.1,0.757443
5,3,8,vig_tiny,cifar10,0.3,3,_vig_blocks.2,0.741481
5,3,8,vig_tiny,cifar10,0.3,4,_vig_blocks.3,0.731258
5,3,8,vig_tiny,cifar10,0.3,5,_vig_blocks.4,0.729291
5,3,8,vig_tiny,cifar10,0.3,6,_vig_blocks.5,0.717876
5,3,8,vig_tiny,cifar10,0.3,7,_vig_blocks.6,0.700389
5,3,8,vig_tiny,cifar10,0.3,8,_vig_blocks.7,0.669832
5,3,8,vig_tiny,cifar10,0.3,9,_vig_blocks.8,0.665253
5,3,8,vig_tiny,cifar10,0.3,10,_vig_blocks.9,0.661300
5,3,8,vig_tiny,cifar10,0.3,11,_vig_blocks.10,0.647668
5,3,8,vig_tiny,cifar10,0.3,12,_vig_blocks.11,0.637994
5,3,8,vig_tiny,cifar10,0.3,13,classifier,0.444130
5,3,9,vig_tiny,cifar10,0.3,0,_vig_stem,0.893207
5,3,9,vig_tiny,cifar10,0.3,1,_vig_blocks.0,0.809801
5,3,9,vig_tiny,cifar10,0.3,2,_vig_blocks.1,0.760119
5,3,9,vig_tiny,cifar10,0.3,3,_vig_blocks.2,0.751451
5,3,9,vig_tiny,cifar10,0.3,4,_vig_blocks.3,0.747754
5,3,9,vig_tiny,cifar10,0.3,5,_vig_blocks.4,0.737507
5,3,9,vig_tiny,cifar10,0.3,6,_vig_blocks.5,0.732927
5,3,9,vig_tiny,cifar10,0.3,7,_vig_blocks.6,0.732346
5,3,9,vig_tiny,cifar10,0.3,8,_vig_blocks.7,0.720209
5,3,9,vig_tiny,cifar10,0.3,9,_vig_blocks.8,0.706949
5,3,9,vig_tiny,cifar10,0.3,10,_vig_blocks.9,0.699281
5,3,9,vig_tiny,cifar10,0.3,11,_vig_blocks.10,0.688105
5,3,9,vig_tiny,cifar10,0.3,12,_vig_blocks.11,0.682854
5,3,9,vig_tiny,cifar10,0.3,13,classifier,0.717323
5,4,5,vig_tiny,cifar10,0.3,0,_vig_stem,0.913551
5,4,5,vig_tiny,cifar10,0.3,1,_vig_blocks.0,0.873170
5,4,5,vig_tiny,cifar10,0.3,2,_vig_blocks.1,0.870518
5,4,5,vig_tiny,cifar10,0.3,3,_vig_blocks.2,0.867934
5,4,5,vig_tiny,cifar10,0.3,4,_vig_blocks.3,0.860662
5,4,5,vig_tiny,cifar10,0.3,5,_vig_blocks.4,0.843039
5,4,5,vig_tiny,cifar10,0.3,6,_vig_blocks.5,0.839592
5,4,5,vig_tiny,cifar10,0.3,7,_vig_blocks.6,0.822943
5,4,5,vig_tiny,cifar10,0.3,8,_vig_blocks.7,0.799979
5,4,5,vig_tiny,cifar10,0.3,9,_vig_blocks.8,0.796376
5,4,5,vig_tiny,cifar10,0.3,10,_vig_blocks.9,0.788373
5,4,5,vig_tiny,cifar10,0.3,11,_vig_blocks.10,0.761211
5,4,5,vig_tiny,cifar10,0.3,12,_vig_blocks.11,0.728867
5,4,5,vig_tiny,cifar10,0.3,13,classifier,0.533835
5,4,6,vig_tiny,cifar10,0.3,0,_vig_stem,0.920643
5,4,6,vig_tiny,cifar10,0.3,1,_vig_blocks.0,0.881402
5,4,6,vig_tiny,cifar10,0.3,2,_vig_blocks.1,0.862769
5,4,6,vig_tiny,cifar10,0.3,3,_vig_blocks.2,0.861520
5,4,6,vig_tiny,cifar10,0.3,4,_vig_blocks.3,0.862625
5,4,6,vig_tiny,cifar10,0.3,5,_vig_blocks.4,0.856776
5,4,6,vig_tiny,cifar10,0.3,6,_vig_blocks.5,0.855910
5,4,6,vig_tiny,cifar10,0.3,7,_vig_blocks.6,0.864349
5,4,6,vig_tiny,cifar10,0.3,8,_vig_blocks.7,0.859948
5,4,6,vig_tiny,cifar10,0.3,9,_vig_blocks.8,0.848718
5,4,6,vig_tiny,cifar10,0.3,10,_vig_blocks.9,0.820054
5,4,6,vig_tiny,cifar10,0.3,11,_vig_blocks.10,0.792228
5,4,6,vig_tiny,cifar10,0.3,12,_vig_blocks.11,0.770352
5,4,6,vig_tiny,cifar10,0.3,13,classifier,0.689870
5,4,7,vig_tiny,cifar10,0.3,0,_vig_stem,0.926804
5,4,7,vig_tiny,cifar10,0.3,1,_vig_blocks.0,0.857405
5,4,7,vig_tiny,cifar10,0.3,2,_vig_blocks.1,0.831707
5,4,7,vig_tiny,cifar10,0.3,3,_vig_blocks.2,0.832080
5,4,7,vig_tiny,cifar10,0.3,4,_vig_blocks.3,0.822710
5,4,7,vig_tiny,cifar10,0.3,5,_vig_blocks.4,0.815396
5,4,7,vig_tiny,cifar10,0.3,6,_vig_blocks.5,0.802419
5,4,7,vig_tiny,cifar10,0.3,7,_vig_blocks.6,0.800441
5,4,7,vig_tiny,cifar10,0.3,8,_vig_blocks.7,0.780968
5,4,7,vig_tiny,cifar10,0.3,9,_vig_blocks.8,0.778653
5,4,7,vig_tiny,cifar10,0.3,10,_vig_blocks.9,0.777082
5,4,7,vig_tiny,cifar10,0.3,11,_vig_blocks.10,0.748276
5,4,7,vig_tiny,cifar10,0.3,12,_vig_blocks.11,0.720271
5,4,7,vig_tiny,cifar10,0.3,13,classifier,0.504921
5,4,8,vig_tiny,cifar10,0.3,0,_vig_stem,0.910998
5,4,8,vig_tiny,cifar10,0.3,1,_vig_blocks.0,0.841340
5,4,8,vig_tiny,cifar10,0.3,2,_vig_blocks.1,0.851101
5,4,8,vig_tiny,cifar10,0.3,3,_vig_blocks.2,0.867095
5,4,8,vig_tiny,cifar10,0.3,4,_vig_blocks.3,0.867684
5,4,8,vig_tiny,cifar10,0.3,5,_vig_blocks.4,0.864955
5,4,8,vig_tiny,cifar10,0.3,6,_vig_blocks.5,0.852674
5,4,8,vig_tiny,cifar10,0.3,7,_vig_blocks.6,0.837742
5,4,8,vig_tiny,cifar10,0.3,8,_vig_blocks.7,0.844431
5,4,8,vig_tiny,cifar10,0.3,9,_vig_blocks.8,0.829675
5,4,8,vig_tiny,cifar10,0.3,10,_vig_blocks.9,0.805888
5,4,8,vig_tiny,cifar10,0.3,11,_vig_blocks.10,0.792834
5,4,8,vig_tiny,cifar10,0.3,12,_vig_blocks.11,0.764512
5,4,8,vig_tiny,cifar10,0.3,13,classifier,0.666270
5,4,9,vig_tiny,cifar10,0.3,0,_vig_stem,0.958132
5,4,9,vig_tiny,cifar10,0.3,1,_vig_blocks.0,0.921324
5,4,9,vig_tiny,cifar10,0.3,2,_vig_blocks.1,0.902321
5,4,9,vig_tiny,cifar10,0.3,3,_vig_blocks.2,0.896830
5,4,9,vig_tiny,cifar10,0.3,4,_vig_blocks.3,0.890376
5,4,9,vig_tiny,cifar10,0.3,5,_vig_blocks.4,0.884074
5,4,9,vig_tiny,cifar10,0.3,6,_vig_blocks.5,0.882782
5,4,9,vig_tiny,cifar10,0.3,7,_vig_blocks.6,0.874226
5,4,9,vig_tiny,cifar10,0.3,8,_vig_blocks.7,0.860334
5,4,9,vig_tiny,cifar10,0.3,9,_vig_blocks.8,0.841413
5,4,9,vig_tiny,cifar10,0.3,10,_vig_blocks.9,0.826974
5,4,9,vig_tiny,cifar10,0.3,11,_vig_blocks.10,0.817805
5,4,9,vig_tiny,cifar10,0.3,12,_vig_blocks.11,0.797246
5,4,9,vig_tiny,cifar10,0.3,13,classifier,0.723303
5,5,6,vig_tiny,cifar10,0.3,0,_vig_stem,0.877360
5,5,6,vig_tiny,cifar10,0.3,1,_vig_blocks.0,0.832521
5,5,6,vig_tiny,cifar10,0.3,2,_vig_blocks.1,0.802955
5,5,6,vig_tiny,cifar10,0.3,3,_vig_blocks.2,0.805600
5,5,6,vig_tiny,cifar10,0.3,4,_vig_blocks.3,0.792624
5,5,6,vig_tiny,cifar10,0.3,5,_vig_blocks.4,0.783604
5,5,6,vig_tiny,cifar10,0.3,6,_vig_blocks.5,0.785946
5,5,6,vig_tiny,cifar10,0.3,7,_vig_blocks.6,0.794241
5,5,6,vig_tiny,cifar10,0.3,8,_vig_blocks.7,0.777749
5,5,6,vig_tiny,cifar10,0.3,9,_vig_blocks.8,0.764969
5,5,6,vig_tiny,cifar10,0.3,10,_vig_blocks.9,0.762957
5,5,6,vig_tiny,cifar10,0.3,11,_vig_blocks.10,0.740814
5,5,6,vig_tiny,cifar10,0.3,12,_vig_blocks.11,0.700636
5,5,6,vig_tiny,cifar10,0.3,13,classifier,0.550055
5,5,7,vig_tiny,cifar10,0.3,0,_vig_stem,0.918375
5,5,7,vig_tiny,cifar10,0.3,1,_vig_blocks.0,0.819050
5,5,7,vig_tiny,cifar10,0.3,2,_vig_blocks.1,0.796454
5,5,7,vig_tiny,cifar10,0.3,3,_vig_blocks.2,0.803758
5,5,7,vig_tiny,cifar10,0.3,4,_vig_blocks.3,0.814363
5,5,7,vig_tiny,cifar10,0.3,5,_vig_blocks.4,0.801838
5,5,7,vig_tiny,cifar10,0.3,6,_vig_blocks.5,0.785393
5,5,7,vig_tiny,cifar10,0.3,7,_vig_blocks.6,0.773267
5,5,7,vig_tiny,cifar10,0.3,8,_vig_blocks.7,0.754658
5,5,7,vig_tiny,cifar10,0.3,9,_vig_blocks.8,0.735690
5,5,7,vig_tiny,cifar10,0.3,10,_vig_blocks.9,0.735391
5,5,7,vig_tiny,cifar10,0.3,11,_vig_blocks.10,0.714743
5,5,7,vig_tiny,cifar10,0.3,12,_vig_blocks.11,0.689585
5,5,7,vig_tiny,cifar10,0.3,13,classifier,0.445021
5,5,8,vig_tiny,cifar10,0.3,0,_vig_stem,0.938316
5,5,8,vig_tiny,cifar10,0.3,1,_vig_blocks.0,0.845630
5,5,8,vig_tiny,cifar10,0.3,2,_vig_blocks.1,0.825869
5,5,8,vig_tiny,cifar10,0.3,3,_vig_blocks.2,0.837148
5,5,8,vig_tiny,cifar10,0.3,4,_vig_blocks.3,0.838691
5,5,8,vig_tiny,cifar10,0.3,5,_vig_blocks.4,0.829878
5,5,8,vig_tiny,cifar10,0.3,6,_vig_blocks.5,0.829442
5,5,8,vig_tiny,cifar10,0.3,7,_vig_blocks.6,0.810619
5,5,8,vig_tiny,cifar10,0.3,8,_vig_blocks.7,0.781519
5,5,8,vig_tiny,cifar10,0.3,9,_vig_blocks.8,0.765444
5,5,8,vig_tiny,cifar10,0.3,10,_vig_blocks.9,0.752478
5,5,8,vig_tiny,cifar10,0.3,11,_vig_blocks.10,0.721388
5,5,8,vig_tiny,cifar10,0.3,12,_vig_blocks.11,0.699757
5,5,8,vig_tiny,cifar10,0.3,13,classifier,0.370814
5,5,9,vig_tiny,cifar10,0.3,0,_vig_stem,0.901329
5,5,9,vig_tiny,cifar10,0.3,1,_vig_blocks.0,0.847838
5,5,9,vig_tiny,cifar10,0.3,2,_vig_blocks.1,0.803032
5,5,9,vig_tiny,cifar10,0.3,3,_vig_blocks.2,0.812970
5,5,9,vig_tiny,cifar10,0.3,4,_vig_blocks.3,0.816612
5,5,9,vig_tiny,cifar10,0.3,5,_vig_blocks.4,0.806236
5,5,9,vig_tiny,cifar10,0.3,6,_vig_blocks.5,0.799455
5,5,9,vig_tiny,cifar10,0.3,7,_vig_blocks.6,0.800264
5,5,9,vig_tiny,cifar10,0.3,8,_vig_blocks.7,0.773519
5,5,9,vig_tiny,cifar10,0.3,9,_vig_blocks.8,0.751471
5,5,9,vig_tiny,cifar10,0.3,10,_vig_blocks.9,0.743253
5,5,9,vig_tiny,cifar10,0.3,11,_vig_blocks.10,0.706424
5,5,9,vig_tiny,cifar10,0.3,12,_vig_blocks.11,0.665918
5,5,9,vig_tiny,cifar10,0.3,13,classifier,0.495316
5,6,7,vig_tiny,cifar10,0.3,0,_vig_stem,0.868289
5,6,7,vig_tiny,cifar10,0.3,1,_vig_blocks.0,0.794810
5,6,7,vig_tiny,cifar10,0.3,2,_vig_blocks.1,0.762870
5,6,7,vig_tiny,cifar10,0.3,3,_vig_blocks.2,0.767791
5,6,7,vig_tiny,cifar10,0.3,4,_vig_blocks.3,0.771623
5,6,7,vig_tiny,cifar10,0.3,5,_vig_blocks.4,0.779818
5,6,7,vig_tiny,cifar10,0.3,6,_vig_blocks.5,0.767013
5,6,7,vig_tiny,cifar10,0.3,7,_vig_blocks.6,0.767649
5,6,7,vig_tiny,cifar10,0.3,8,_vig_blocks.7,0.747481
5,6,7,vig_tiny,cifar10,0.3,9,_vig_blocks.8,0.736985
5,6,7,vig_tiny,cifar10,0.3,10,_vig_blocks.9,0.723109
5,6,7,vig_tiny,cifar10,0.3,11,_vig_blocks.10,0.703901
5,6,7,vig_tiny,cifar10,0.3,12,_vig_blocks.11,0.675099
5,6,7,vig_tiny,cifar10,0.3,13,classifier,0.457468
5,6,8,vig_tiny,cifar10,0.3,0,_vig_stem,0.849901
5,6,8,vig_tiny,cifar10,0.3,1,_vig_blocks.0,0.765884
5,6,8,vig_tiny,cifar10,0.3,2,_vig_blocks.1,0.775702
5,6,8,vig_tiny,cifar10,0.3,3,_vig_blocks.2,0.783208
5,6,8,vig_tiny,cifar10,0.3,4,_vig_blocks.3,0.793765
5,6,8,vig_tiny,cifar10,0.3,5,_vig_blocks.4,0.787462
5,6,8,vig_tiny,cifar10,0.3,6,_vig_blocks.5,0.778314
5,6,8,vig_tiny,cifar10,0.3,7,_vig_blocks.6,0.774690
5,6,8,vig_tiny,cifar10,0.3,8,_vig_blocks.7,0.779825
5,6,8,vig_tiny,cifar10,0.3,9,_vig_blocks.8,0.759077
5,6,8,vig_tiny,cifar10,0.3,10,_vig_blocks.9,0.737428
5,6,8,vig_tiny,cifar10,0.3,11,_vig_blocks.10,0.719404
5,6,8,vig_tiny,cifar10,0.3,12,_vig_blocks.11,0.679011
5,6,8,vig_tiny,cifar10,0.3,13,classifier,0.590577
5,6,9,vig_tiny,cifar10,0.3,0,_vig_stem,0.947868
5,6,9,vig_tiny,cifar10,0.3,1,_vig_blocks.0,0.903040
5,6,9,vig_tiny,cifar10,0.3,2,_vig_blocks.1,0.871508
5,6,9,vig_tiny,cifar10,0.3,3,_vig_blocks.2,0.865465
5,6,9,vig_tiny,cifar10,0.3,4,_vig_blocks.3,0.867726
5,6,9,vig_tiny,cifar10,0.3,5,_vig_blocks.4,0.860062
5,6,9,vig_tiny,cifar10,0.3,6,_vig_blocks.5,0.858419
5,6,9,vig_tiny,cifar10,0.3,7,_vig_blocks.6,0.849429
5,6,9,vig_tiny,cifar10,0.3,8,_vig_blocks.7,0.840177
5,6,9,vig_tiny,cifar10,0.3,9,_vig_blocks.8,0.818177
5,6,9,vig_tiny,cifar10,0.3,10,_vig_blocks.9,0.802520
5,6,9,vig_tiny,cifar10,0.3,11,_vig_blocks.10,0.786980
5,6,9,vig_tiny,cifar10,0.3,12,_vig_blocks.11,0.755960
5,6,9,vig_tiny,cifar10,0.3,13,classifier,0.634609
5,7,8,vig_tiny,cifar10,0.3,0,_vig_stem,0.909755
5,7,8,vig_tiny,cifar10,0.3,1,_vig_blocks.0,0.796835
5,7,8,vig_tiny,cifar10,0.3,2,_vig_blocks.1,0.780817
5,7,8,vig_tiny,cifar10,0.3,3,_vig_blocks.2,0.781889
5,7,8,vig_tiny,cifar10,0.3,4,_vig_blocks.3,0.787850
5,7,8,vig_tiny,cifar10,0.3,5,_vig_blocks.4,0.787367
5,7,8,vig_tiny,cifar10,0.3,6,_vig_blocks.5,0.774412
5,7,8,vig_tiny,cifar10,0.3,7,_vig_blocks.6,0.767139
5,7,8,vig_tiny,cifar10,0.3,8,_vig_blocks.7,0.739927
5,7,8,vig_tiny,cifar10,0.3,9,_vig_blocks.8,0.732886
5,7,8,vig_tiny,cifar10,0.3,10,_vig_blocks.9,0.723897
5,7,8,vig_tiny,cifar10,0.3,11,_vig_blocks.10,0.701259
5,7,8,vig_tiny,cifar10,0.3,12,_vig_blocks.11,0.671207
5,7,8,vig_tiny,cifar10,0.3,13,classifier,0.427383
5,7,9,vig_tiny,cifar10,0.3,0,_vig_stem,0.906566
5,7,9,vig_tiny,cifar10,0.3,1,_vig_blocks.0,0.854703
5,7,9,vig_tiny,cifar10,0.3,2,_vig_blocks.1,0.813378
5,7,9,vig_tiny,cifar10,0.3,3,_vig_blocks.2,0.813356
5,7,9,vig_tiny,cifar10,0.3,4,_vig_blocks.3,0.800416
5,7,9,vig_tiny,cifar10,0.3,5,_vig_blocks.4,0.804754
5,7,9,vig_tiny,cifar10,0.3,6,_vig_blocks.5,0.792396
5,7,9,vig_tiny,cifar10,0.3,7,_vig_blocks.6,0.789254
5,7,9,vig_tiny,cifar10,0.3,8,_vig_blocks.7,0.771856
5,7,9,vig_tiny,cifar10,0.3,9,_vig_blocks.8,0.756270
5,7,9,vig_tiny,cifar10,0.3,10,_vig_blocks.9,0.739701
5,7,9,vig_tiny,cifar10,0.3,11,_vig_blocks.10,0.719356
5,7,9,vig_tiny,cifar10,0.3,12,_vig_blocks.11,0.682058
5,7,9,vig_tiny,cifar10,0.3,13,classifier,0.536767
5,8,9,vig_tiny,cifar10,0.3,0,_vig_stem,0.893412
5,8,9,vig_tiny,cifar10,0.3,1,_vig_blocks.0,0.855232
5,8,9,vig_tiny,cifar10,0.3,2,_vig_blocks.1,0.826928
5,8,9,vig_tiny,cifar10,0.3,3,_vig_blocks.2,0.824584
5,8,9,vig_tiny,cifar10,0.3,4,_vig_blocks.3,0.836494
5,8,9,vig_tiny,cifar10,0.3,5,_vig_blocks.4,0.843643
5,8,9,vig_tiny,cifar10,0.3,6,_vig_blocks.5,0.837401
5,8,9,vig_tiny,cifar10,0.3,7,_vig_blocks.6,0.834366
5,8,9,vig_tiny,cifar10,0.3,8,_vig_blocks.7,0.825071
5,8,9,vig_tiny,cifar10,0.3,9,_vig_blocks.8,0.807793
5,8,9,vig_tiny,cifar10,0.3,10,_vig_blocks.9,0.792334
5,8,9,vig_tiny,cifar10,0.3,11,_vig_blocks.10,0.779099
5,8,9,vig_tiny,cifar10,0.3,12,_vig_blocks.11,0.746516
5,8,9,vig_tiny,cifar10,0.3,13,classifier,0.720276
10,0,1,vig_tiny,cifar10,0.3,0,_vig_stem,0.827945
10,0,1,vig_tiny,cifar10,0.3,1,_vig_blocks.0,0.693837
10,0,1,vig_tiny,cifar10,0.3,2,_vig_blocks.1,0.725504
10,0,1,vig_tiny,cifar10,0.3,3,_vig_blocks.2,0.713316
10,0,1,vig_tiny,cifar10,0.3,4,_vig_blocks.3,0.734002
10,0,1,vig_tiny,cifar10,0.3,5,_vig_blocks.4,0.755833
10,0,1,vig_tiny,cifar10,0.3,6,_vig_blocks.5,0.759333
10,0,1,vig_tiny,cifar10,0.3,7,_vig_blocks.6,0.748989
10,0,1,vig_tiny,cifar10,0.3,8,_vig_blocks.7,0.732097
10,0,1,vig_tiny,cifar10,0.3,9,_vig_blocks.8,0.706278
10,0,1,vig_tiny,cifar10,0.3,10,_vig_blocks.9,0.696714
10,0,1,vig_tiny,cifar10,0.3,11,_vig_blocks.10,0.687396
10,0,1,vig_tiny,cifar10,0.3,12,_vig_blocks.11,0.670707
10,0,1,vig_tiny,cifar10,0.3,13,classifier,0.758061
10,0,2,vig_tiny,cifar10,0.3,0,_vig_stem,0.814822
10,0,2,vig_tiny,cifar10,0.3,1,_vig_blocks.0,0.728032
10,0,2,vig_tiny,cifar10,0.3,2,_vig_blocks.1,0.705926
10,0,2,vig_tiny,cifar10,0.3,3,_vig_blocks.2,0.702384
10,0,2,vig_tiny,cifar10,0.3,4,_vig_blocks.3,0.711370
10,0,2,vig_tiny,cifar10,0.3,5,_vig_blocks.4,0.736533
10,0,2,vig_tiny,cifar10,0.3,6,_vig_blocks.5,0.731447
10,0,2,vig_tiny,cifar10,0.3,7,_vig_blocks.6,0.714506
10,0,2,vig_tiny,cifar10,0.3,8,_vig_blocks.7,0.723438
10,0,2,vig_tiny,cifar10,0.3,9,_vig_blocks.8,0.718355
10,0,2,vig_tiny,cifar10,0.3,10,_vig_blocks.9,0.712839
10,0,2,vig_tiny,cifar10,0.3,11,_vig_blocks.10,0.719213
10,0,2,vig_tiny,cifar10,0.3,12,_vig_blocks.11,0.702969
10,0,2,vig_tiny,cifar10,0.3,13,classifier,0.729142
10,0,3,vig_tiny,cifar10,0.3,0,_vig_stem,0.898860
10,0,3,vig_tiny,cifar10,0.3,1,_vig_blocks.0,0.828484
10,0,3,vig_tiny,cifar10,0.3,2,_vig_blocks.1,0.814241
10,0,3,vig_tiny,cifar10,0.3,3,_vig_blocks.2,0.809079
10,0,3,vig_tiny,cifar10,0.3,4,_vig_blocks.3,0.822890
10,0,3,vig_tiny,cifar10,0.3,5,_vig_blocks.4,0.829021
10,0,3,vig_tiny,cifar10,0.3,6,_vig_blocks.5,0.818172
10,0,3,vig_tiny,cifar10,0.3,7,_vig_blocks.6,0.792290
10,0,3,vig_tiny,cifar10,0.3,8,_vig_blocks.7,0.777272
10,0,3,vig_tiny,cifar10,0.3,9,_vig_blocks.8,0.768240
10,0,3,vig_tiny,cifar10,0.3,10,_vig_blocks.9,0.720098
10,0,3,vig_tiny,cifar10,0.3,11,_vig_blocks.10,0.697009
10,0,3,vig_tiny,cifar10,0.3,12,_vig_blocks.11,0.659046
10,0,3,vig_tiny,cifar10,0.3,13,classifier,0.420681
10,0,4,vig_tiny,cifar10,0.3,0,_vig_stem,0.902246
10,0,4,vig_tiny,cifar10,0.3,1,_vig_blocks.0,0.812208
10,0,4,vig_tiny,cifar10,0.3,2,_vig_blocks.1,0.801723
10,0,4,vig_tiny,cifar10,0.3,3,_vig_blocks.2,0.807488
10,0,4,vig_tiny,cifar10,0.3,4,_vig_blocks.3,0.811036
10,0,4,vig_tiny,cifar10,0.3,5,_vig_blocks.4,0.808819
10,0,4,vig_tiny,cifar10,0.3,6,_vig_blocks.5,0.798241
10,0,4,vig_tiny,cifar10,0.3,7,_vig_blocks.6,0.784741
10,0,4,vig_tiny,cifar10,0.3,8,_vig_blocks.7,0.777431
10,0,4,vig_tiny,cifar10,0.3,9,_vig_blocks.8,0.772979
10,0,4,vig_tiny,cifar10,0.3,10,_vig_blocks.9,0.752233
10,0,4,vig_tiny,cifar10,0.3,11,_vig_blocks.10,0.734881
10,0,4,vig_tiny,cifar10,0.3,12,_vig_blocks.11,0.711234
10,0,4,vig_tiny,cifar10,0.3,13,classifier,0.700144
10,0,5,vig_tiny,cifar10,0.3,0,_vig_stem,0.896431
10,0,5,vig_tiny,cifar10,0.3,1,_vig_blocks.0,0.803170
10,0,5,vig_tiny,cifar10,0.3,2,_vig_blocks.1,0.759377
10,0,5,vig_tiny,cifar10,0.3,3,_vig_blocks.2,0.778373
10,0,5,vig_tiny,cifar10,0.3,4,_vig_blocks.3,0.795637
10,0,5,vig_tiny,cifar10,0.3,5,_vig_blocks.4,0.799182
10,0,5,vig_tiny,cifar10,0.3,6,_vig_blocks.5,0.771779
10,0,5,vig_tiny,cifar10,0.3,7,_vig_blocks.6,0.766429
10,0,5,vig_tiny,cifar10,0.3,8,_vig_blocks.7,0.748778
10,0,5,vig_tiny,cifar10,0.3,9,_vig_blocks.8,0.734166
10,0,5,vig_tiny,cifar10,0.3,10,_vig_blocks.9,0.700447
10,0,5,vig_tiny,cifar10,0.3,11,_vig_blocks.10,0.660085
10,0,5,vig_tiny,cifar10,0.3,12,_vig_blocks.11,0.639638
10,0,5,vig_tiny,cifar10,0.3,13,classifier,0.372503
10,0,6,vig_tiny,cifar10,0.3,0,_vig_stem,0.836359
10,0,6,vig_tiny,cifar10,0.3,1,_vig_blocks.0,0.746702
10,0,6,vig_tiny,cifar10,0.3,2,_vig_blocks.1,0.723999
10,0,6,vig_tiny,cifar10,0.3,3,_vig_blocks.2,0.728144
10,0,6,vig_tiny,cifar10,0.3,4,_vig_blocks.3,0.730186
10,0,6,vig_tiny,cifar10,0.3,5,_vig_blocks.4,0.749693
10,0,6,vig_tiny,cifar10,0.3,6,_vig_blocks.5,0.733438
10,0,6,vig_tiny,cifar10,0.3,7,_vig_blocks.6,0.737087
10,0,6,vig_tiny,cifar10,0.3,8,_vig_blocks.7,0.741773
10,0,6,vig_tiny,cifar10,0.3,9,_vig_blocks.8,0.725201
10,0,6,vig_tiny,cifar10,0.3,10,_vig_blocks.9,0.708726
10,0,6,vig_tiny,cifar10,0.3,11,_vig_blocks.10,0.705878
10,0,6,vig_tiny,cifar10,0.3,12,_vig_blocks.11,0.691975
10,0,6,vig_tiny,cifar10,0.3,13,classifier,0.580912
10,0,7,vig_tiny,cifar10,0.3,0,_vig_stem,0.890085
10,0,7,vig_tiny,cifar10,0.3,1,_vig_blocks.0,0.783313
10,0,7,vig_tiny,cifar10,0.3,2,_vig_blocks.1,0.756047
10,0,7,vig_tiny,cifar10,0.3,3,_vig_blocks.2,0.751071
10,0,7,vig_tiny,cifar10,0.3,4,_vig_blocks.3,0.750264
10,0,7,vig_tiny,cifar10,0.3,5,_vig_blocks.4,0.751621
10,0,7,vig_tiny,cifar10,0.3,6,_vig_blocks.5,0.720710
10,0,7,vig_tiny,cifar10,0.3,7,_vig_blocks.6,0.703871
10,0,7,vig_tiny,cifar10,0.3,8,_vig_blocks.7,0.700693
10,0,7,vig_tiny,cifar10,0.3,9,_vig_blocks.8,0.652075
10,0,7,vig_tiny,cifar10,0.3,10,_vig_blocks.9,0.642026
10,0,7,vig_tiny,cifar10,0.3,11,_vig_blocks.10,0.623871
10,0,7,vig_tiny,cifar10,0.3,12,_vig_blocks.11,0.590004
10,0,7,vig_tiny,cifar10,0.3,13,classifier,0.398108
10,0,8,vig_tiny,cifar10,0.3,0,_vig_stem,0.888737
10,0,8,vig_tiny,cifar10,0.3,1,_vig_blocks.0,0.817569
10,0,8,vig_tiny,cifar10,0.3,2,_vig_blocks.1,0.816697
10,0,8,vig_tiny,cifar10,0.3,3,_vig_blocks.2,0.830851
10,0,8,vig_tiny,cifar10,0.3,4,_vig_blocks.3,0.839790
10,0,8,vig_tiny,cifar10,0.3,5,_vig_blocks.4,0.832316
10,0,8,vig_tiny,cifar10,0.3,6,_vig_blocks.5,0.832115
10,0,8,vig_tiny,cifar10,0.3,7,_vig_blocks.6,0.822478
10,0,8,vig_tiny,cifar10,0.3,8,_vig_blocks.7,0.822044
10,0,8,vig_tiny,cifar10,0.3,9,_vig_blocks.8,0.801751
10,0,8,vig_tiny,cifar10,0.3,10,_vig_blocks.9,0.785171
10,0,8,vig_tiny,cifar10,0.3,11,_vig_blocks.10,0.773161
10,0,8,vig_tiny,cifar10,0.3,12,_vig_blocks.11,0.755792
10,0,8,vig_tiny,cifar10,0.3,13,classifier,0.772235
10,0,9,vig_tiny,cifar10,0.3,0,_vig_stem,0.848124
10,0,9,vig_tiny,cifar10,0.3,1,_vig_blocks.0,0.776986
10,0,9,vig_tiny,cifar10,0.3,2,_vig_blocks.1,0.778572
10,0,9,vig_tiny,cifar10,0.3,3,_vig_blocks.2,0.775124
10,0,9,vig_tiny,cifar10,0.3,4,_vig_blocks.3,0.785991
10,0,9,vig_tiny,cifar10,0.3,5,_vig_blocks.4,0.792707
10,0,9,vig_tiny,cifar10,0.3,6,_vig_blocks.5,0.775902
10,0,9,vig_tiny,cifar10,0.3,7,_vig_blocks.6,0.772511
10,0,9,vig_tiny,cifar10,0.3,8,_vig_blocks.7,0.758725
10,0,9,vig_tiny,cifar10,0.3,9,_vig_blocks.8,0.739890
10,0,9,vig_tiny,cifar10,0.3,10,_vig_blocks.9,0.721702
10,0,9,vig_tiny,cifar10,0.3,11,_vig_blocks.10,0.697905
10,0,9,vig_tiny,cifar10,0.3,12,_vig_blocks.11,0.675970
10,0,9,vig_tiny,cifar10,0.3,13,classifier,0.604204
10,1,2,vig_tiny,cifar10,0.3,0,_vig_stem,0.922220
10,1,2,vig_tiny,cifar10,0.3,1,_vig_blocks.0,0.869914
10,1,2,vig_tiny,cifar10,0.3,2,_vig_blocks.1,0.862797
10,1,2,vig_tiny,cifar10,0.3,3,_vig_blocks.2,0.862165
10,1,2,vig_tiny,cifar10,0.3,4,_vig_blocks.3,0.863107
10,1,2,vig_tiny,cifar10,0.3,5,_vig_blocks.4,0.855023
10,1,2,vig_tiny,cifar10,0.3,6,_vig_blocks.5,0.849025
10,1,2,vig_tiny,cifar10,0.3,7,_vig_blocks.6,0.843062
10,1,2,vig_tiny,cifar10,0.3,8,_vig_blocks.7,0.844169
10,1,2,vig_tiny,cifar10,0.3,9,_vig_blocks.8,0.832711
10,1,2,vig_tiny,cifar10,0.3,10,_vig_blocks.9,0.831621
10,1,2,vig_tiny,cifar10,0.3,11,_vig_blocks.10,0.826429
10,1,2,vig_tiny,cifar10,0.3,12,_vig_blocks.11,0.801785
10,1,2,vig_tiny,cifar10,0.3,13,classifier,0.764272
10,1,3,vig_tiny,cifar10,0.3,0,_vig_stem,0.906685
10,1,3,vig_tiny,cifar10,0.3,1,_vig_blocks.0,0.779614
10,1,3,vig_tiny,cifar10,0.3,2,_vig_blocks.1,0.788470
10,1,3,vig_tiny,cifar10,0.3,3,_vig_blocks.2,0.763888
10,1,3,vig_tiny,cifar10,0.3,4,_vig_blocks.3,0.770746
10,1,3,vig_tiny,cifar10,0.3,5,_vig_blocks.4,0.767253
10,1,3,vig_tiny,cifar10,0.3,6,_vig_blocks.5,0.766173
10,1,3,vig_tiny,cifar10,0.3,7,_vig_blocks.6,0.732142
10,1,3,vig_tiny,cifar10,0.3,8,_vig_blocks.7,0.706366
10,1,3,vig_tiny,cifar10,0.3,9,_vig_blocks.8,0.687594
10,1,3,vig_tiny,cifar10,0.3,10,_vig_blocks.9,0.649826
10,1,3,vig_tiny,cifar10,0.3,11,_vig_blocks.10,0.632070
10,1,3,vig_tiny,cifar10,0.3,12,_vig_blocks.11,0.620192
10,1,3,vig_tiny,cifar10,0.3,13,classifier,0.523424
10,1,4,vig_tiny,cifar10,0.3,0,_vig_stem,0.940066
10,1,4,vig_tiny,cifar10,0.3,1,_vig_blocks.0,0.889079
10,1,4,vig_tiny,cifar10,0.3,2,_vig_blocks.1,0.886948
10,1,4,vig_tiny,cifar10,0.3,3,_vig_blocks.2,0.867506
10,1,4,vig_tiny,cifar10,0.3,4,_vig_blocks.3,0.875398
10,1,4,vig_tiny,cifar10,0.3,5,_vig_blocks.4,0.877306
10,1,4,vig_tiny,cifar10,0.3,6,_vig_blocks.5,0.872283
10,1,4,vig_tiny,cifar10,0.3,7,_vig_blocks.6,0.867896
10,1,4,vig_tiny,cifar10,0.3,8,_vig_blocks.7,0.854388
10,1,4,vig_tiny,cifar10,0.3,9,_vig_blocks.8,0.827280
10,1,4,vig_tiny,cifar10,0.3,10,_vig_blocks.9,0.793321
10,1,4,vig_tiny,cifar10,0.3,11,_vig_blocks.10,0.754860
10,1,4,vig_tiny,cifar10,0.3,12,_vig_blocks.11,0.718793
10,1,4,vig_tiny,cifar10,0.3,13,classifier,0.743229
10,1,5,vig_tiny,cifar10,0.3,0,_vig_stem,0.877326
10,1,5,vig_tiny,cifar10,0.3,1,_vig_blocks.0,0.787983
10,1,5,vig_tiny,cifar10,0.3,2,_vig_blocks.1,0.783382
10,1,5,vig_tiny,cifar10,0.3,3,_vig_blocks.2,0.782260
10,1,5,vig_tiny,cifar10,0.3,4,_vig_blocks.3,0.800199
10,1,5,vig_tiny,cifar10,0.3,5,_vig_blocks.4,0.789851
10,1,5,vig_tiny,cifar10,0.3,6,_vig_blocks.5,0.775942
10,1,5,vig_tiny,cifar10,0.3,7,_vig_blocks.6,0.767805
10,1,5,vig_tiny,cifar10,0.3,8,_vig_blocks.7,0.745917
10,1,5,vig_tiny,cifar10,0.3,9,_vig_blocks.8,0.745790
10,1,5,vig_tiny,cifar10,0.3,10,_vig_blocks.9,0.731261
10,1,5,vig_tiny,cifar10,0.3,11,_vig_blocks.10,0.693913
10,1,5,vig_tiny,cifar10,0.3,12,_vig_blocks.11,0.663529
10,1,5,vig_tiny,cifar10,0.3,13,classifier,0.543590
10,1,6,vig_tiny,cifar10,0.3,0,_vig_stem,0.899972
10,1,6,vig_tiny,cifar10,0.3,1,_vig_blocks.0,0.821545
10,1,6,vig_tiny,cifar10,0.3,2,_vig_blocks.1,0.821429
10,1,6,vig_tiny,cifar10,0.3,3,_vig_blocks.2,0.816401
10,1,6,vig_tiny,cifar10,0.3,4,_vig_blocks.3,0.812446
10,1,6,vig_tiny,cifar10,0.3,5,_vig_blocks.4,0.790555
10,1,6,vig_tiny,cifar10,0.3,6,_vig_blocks.5,0.778151
10,1,6,vig_tiny,cifar10,0.3,7,_vig_blocks.6,0.786175
10,1,6,vig_tiny,cifar10,0.3,8,_vig_blocks.7,0.773327
10,1,6,vig_tiny,cifar10,0.3,9,_vig_blocks.8,0.747074
10,1,6,vig_tiny,cifar10,0.3,10,_vig_blocks.9,0.732344
10,1,6,vig_tiny,cifar10,0.3,11,_vig_blocks.10,0.721861
10,1,6,vig_tiny,cifar10,0.3,12,_vig_blocks.11,0.697301
10,1,6,vig_tiny,cifar10,0.3,13,classifier,0.671770
10,1,7,vig_tiny,cifar10,0.3,0,_vig_stem,0.926946
10,1,7,vig_tiny,cifar10,0.3,1,_vig_blocks.0,0.793847
10,1,7,vig_tiny,cifar10,0.3,2,_vig_blocks.1,0.768562
10,1,7,vig_tiny,cifar10,0.3,3,_vig_blocks.2,0.761920
10,1,7,vig_tiny,cifar10,0.3,4,_vig_blocks.3,0.756837
10,1,7,vig_tiny,cifar10,0.3,5,_vig_blocks.4,0.754917
10,1,7,vig_tiny,cifar10,0.3,6,_vig_blocks.5,0.731810
10,1,7,vig_tiny,cifar10,0.3,7,_vig_blocks.6,0.707605
10,1,7,vig_tiny,cifar10,0.3,8,_vig_blocks.7,0.701367
10,1,7,vig_tiny,cifar10,0.3,9,_vig_blocks.8,0.659816
10,1,7,vig_tiny,cifar10,0.3,10,_vig_blocks.9,0.638907
10,1,7,vig_tiny,cifar10,0.3,11,_vig_blocks.10,0.626758
10,1,7,vig_tiny,cifar10,0.3,12,_vig_blocks.11,0.596597
10,1,7,vig_tiny,cifar10,0.3,13,classifier,0.437334
10,1,8,vig_tiny,cifar10,0.3,0,_vig_stem,0.903374
10,1,8,vig_tiny,cifar10,0.3,1,_vig_blocks.0,0.792623
10,1,8,vig_tiny,cifar10,0.3,2,_vig_blocks.1,0.813594
10,1,8,vig_tiny,cifar10,0.3,3,_vig_blocks.2,0.812175
10,1,8,vig_tiny,cifar10,0.3,4,_vig_blocks.3,0.820374
10,1,8,vig_tiny,cifar10,0.3,5,_vig_blocks.4,0.836739
10,1,8,vig_tiny,cifar10,0.3,6,_vig_blocks.5,0.839785
10,1,8,vig_tiny,cifar10,0.3,7,_vig_blocks.6,0.828585
10,1,8,vig_tiny,cifar10,0.3,8,_vig_blocks.7,0.808222
10,1,8,vig_tiny,cifar10,0.3,9,_vig_blocks.8,0.789333
10,1,8,vig_tiny,cifar10,0.3,10,_vig_blocks.9,0.768134
10,1,8,vig_tiny,cifar10,0.3,11,_vig_blocks.10,0.745090
10,1,8,vig_tiny,cifar10,0.3,12,_vig_blocks.11,0.710363
10,1,8,vig_tiny,cifar10,0.3,13,classifier,0.758405
10,1,9,vig_tiny,cifar10,0.3,0,_vig_stem,0.917809
10,1,9,vig_tiny,cifar10,0.3,1,_vig_blocks.0,0.866981
10,1,9,vig_tiny,cifar10,0.3,2,_vig_blocks.1,0.863299
10,1,9,vig_tiny,cifar10,0.3,3,_vig_blocks.2,0.839349
10,1,9,vig_tiny,cifar10,0.3,4,_vig_blocks.3,0.831245
10,1,9,vig_tiny,cifar10,0.3,5,_vig_blocks.4,0.839561
10,1,9,vig_tiny,cifar10,0.3,6,_vig_blocks.5,0.829787
10,1,9,vig_tiny,cifar10,0.3,7,_vig_blocks.6,0.821272
10,1,9,vig_tiny,cifar10,0.3,8,_vig_blocks.7,0.793824
10,1,9,vig_tiny,cifar10,0.3,9,_vig_blocks.8,0.784753
10,1,9,vig_tiny,cifar10,0.3,10,_vig_blocks.9,0.756324
10,1,9,vig_tiny,cifar10,0.3,11,_vig_blocks.10,0.729642
10,1,9,vig_tiny,cifar10,0.3,12,_vig_blocks.11,0.703088
10,1,9,vig_tiny,cifar10,0.3,13,classifier,0.694369
10,2,3,vig_tiny,cifar10,0.3,0,_vig_stem,0.902988
10,2,3,vig_tiny,cifar10,0.3,1,_vig_blocks.0,0.819480
10,2,3,vig_tiny,cifar10,0.3,2,_vig_blocks.1,0.776531
10,2,3,vig_tiny,cifar10,0.3,3,_vig_blocks.2,0.755936
10,2,3,vig_tiny,cifar10,0.3,4,_vig_blocks.3,0.747085
10,2,3,vig_tiny,cifar10,0.3,5,_vig_blocks.4,0.739958
10,2,3,vig_tiny,cifar10,0.3,6,_vig_blocks.5,0.752706
10,2,3,vig_tiny,cifar10,0.3,7,_vig_blocks.6,0.716665
10,2,3,vig_tiny,cifar10,0.3,8,_vig_blocks.7,0.726277
10,2,3,vig_tiny,cifar10,0.3,9,_vig_blocks.8,0.724895
10,2,3,vig_tiny,cifar10,0.3,10,_vig_blocks.9,0.686294
10,2,3,vig_tiny,cifar10,0.3,11,_vig_blocks.10,0.673830
10,2,3,vig_tiny,cifar10,0.3,12,_vig_blocks.11,0.656517
10,2,3,vig_tiny,cifar10,0.3,13,classifier,0.562685
10,2,4,vig_tiny,cifar10,0.3,0,_vig_stem,0.926057
10,2,4,vig_tiny,cifar10,0.3,1,_vig_blocks.0,0.881911
10,2,4,vig_tiny,cifar10,0.3,2,_vig_blocks.1,0.853317
10,2,4,vig_tiny,cifar10,0.3,3,_vig_blocks.2,0.863351
10,2,4,vig_tiny,cifar10,0.3,4,_vig_blocks.3,0.866588
10,2,4,vig_tiny,cifar10,0.3,5,_vig_blocks.4,0.877530
10,2,4,vig_tiny,cifar10,0.3,6,_vig_blocks.5,0.871941
10,2,4,vig_tiny,cifar10,0.3,7,_vig_blocks.6,0.862565
10,2,4,vig_tiny,cifar10,0.3,8,_vig_blocks.7,0.869002
10,2,4,vig_tiny,cifar10,0.3,9,_vig_blocks.8,0.849710
10,2,4,vig_tiny,cifar10,0.3,10,_vig_blocks.9,0.822253
10,2,4,vig_tiny,cifar10,0.3,11,_vig_blocks.10,0.797796
10,2,4,vig_tiny,cifar10,0.3,12,_vig_blocks.11,0.776942
10,2,4,vig_tiny,cifar10,0.3,13,classifier,0.765296
10,2,5,vig_tiny,cifar10,0.3,0,_vig_stem,0.901090
10,2,5,vig_tiny,cifar10,0.3,1,_vig_blocks.0,0.816960
10,2,5,vig_tiny,cifar10,0.3,2,_vig_blocks.1,0.791230
10,2,5,vig_tiny,cifar10,0.3,3,_vig_blocks.2,0.787089
10,2,5,vig_tiny,cifar10,0.3,4,_vig_blocks.3,0.795388
10,2,5,vig_tiny,cifar10,0.3,5,_vig_blocks.4,0.804396
10,2,5,vig_tiny,cifar10,0.3,6,_vig_blocks.5,0.800402
10,2,5,vig_tiny,cifar10,0.3,7,_vig_blocks.6,0.786735
10,2,5,vig_tiny,cifar10,0.3,8,_vig_blocks.7,0.784129
10,2,5,vig_tiny,cifar10,0.3,9,_vig_blocks.8,0.778139
10,2,5,vig_tiny,cifar10,0.3,10,_vig_blocks.9,0.747726
10,2,5,vig_tiny,cifar10,0.3,11,_vig_blocks.10,0.709561
10,2,5,vig_tiny,cifar10,0.3,12,_vig_blocks.11,0.674324
10,2,5,vig_tiny,cifar10,0.3,13,classifier,0.500499
10,2,6,vig_tiny,cifar10,0.3,0,_vig_stem,0.915364
10,2,6,vig_tiny,cifar10,0.3,1,_vig_blocks.0,0.866523
10,2,6,vig_tiny,cifar10,0.3,2,_vig_blocks.1,0.837958
10,2,6,vig_tiny,cifar10,0.3,3,_vig_blocks.2,0.824183
10,2,6,vig_tiny,cifar10,0.3,4,_vig_blocks.3,0.820961
10,2,6,vig_tiny,cifar10,0.3,5,_vig_blocks.4,0.803965
10,2,6,vig_tiny,cifar10,0.3,6,_vig_blocks.5,0.791558
10,2,6,vig_tiny,cifar10,0.3,7,_vig_blocks.6,0.779465
10,2,6,vig_tiny,cifar10,0.3,8,_vig_blocks.7,0.769679
10,2,6,vig_tiny,cifar10,0.3,9,_vig_blocks.8,0.763830
10,2,6,vig_tiny,cifar10,0.3,10,_vig_blocks.9,0.748947
10,2,6,vig_tiny,cifar10,0.3,11,_vig_blocks.10,0.743273
10,2,6,vig_tiny,cifar10,0.3,12,_vig_blocks.11,0.722238
10,2,6,vig_tiny,cifar10,0.3,13,classifier,0.644145
10,2,7,vig_tiny,cifar10,0.3,0,_vig_stem,0.885581
10,2,7,vig_tiny,cifar10,0.3,1,_vig_blocks.0,0.828492
10,2,7,vig_tiny,cifar10,0.3,2,_vig_blocks.1,0.788912
10,2,7,vig_tiny,cifar10,0.3,3,_vig_blocks.2,0.785129
10,2,7,vig_tiny,cifar10,0.3,4,_vig_blocks.3,0.766512
10,2,7,vig_tiny,cifar10,0.3,5,_vig_blocks.4,0.760024
10,2,7,vig_tiny,cifar10,0.3,6,_vig_blocks.5,0.734896
10,2,7,vig_tiny,cifar10,0.3,7,_vig_blocks.6,0.704925
10,2,7,vig_tiny,cifar10,0.3,8,_vig_blocks.7,0.704136
10,2,7,vig_tiny,cifar10,0.3,9,_vig_blocks.8,0.679870
10,2,7,vig_tiny,cifar10,0.3,10,_vig_blocks.9,0.663067
10,2,7,vig_tiny,cifar10,0.3,11,_vig_blocks.10,0.659218
10,2,7,vig_tiny,cifar10,0.3,12,_vig_blocks.11,0.626620
10,2,7,vig_tiny,cifar10,0.3,13,classifier,0.458979
10,2,8,vig_tiny,cifar10,0.3,0,_vig_stem,0.897509
10,2,8,vig_tiny,cifar10,0.3,1,_vig_blocks.0,0.802732
10,2,8,vig_tiny,cifar10,0.3,2,_vig_blocks.1,0.770780
10,2,8,vig_tiny,cifar10,0.3,3,_vig_blocks.2,0.785286
10,2,8,vig_tiny,cifar10,0.3,4,_vig_blocks.3,0.794069
10,2,8,vig_tiny,cifar10,0.3,5,_vig_blocks.4,0.809156
10,2,8,vig_tiny,cifar10,0.3,6,_vig_blocks.5,0.805176
10,2,8,vig_tiny,cifar10,0.3,7,_vig_blocks.6,0.783541
10,2,8,vig_tiny,cifar10,0.3,8,_vig_blocks.7,0.783493
10,2,8,vig_tiny,cifar10,0.3,9,_vig_blocks.8,0.787228
10,2,8,vig_tiny,cifar10,0.3,10,_vig_blocks.9,0.779844
10,2,8,vig_tiny,cifar10,0.3,11,_vig_blocks.10,0.774510
10,2,8,vig_tiny,cifar10,0.3,12,_vig_blocks.11,0.751147
10,2,8,vig_tiny,cifar10,0.3,13,classifier,0.774607
10,2,9,vig_tiny,cifar10,0.3,0,_vig_stem,0.916948
10,2,9,vig_tiny,cifar10,0.3,1,_vig_blocks.0,0.857523
10,2,9,vig_tiny,cifar10,0.3,2,_vig_blocks.1,0.837262
10,2,9,vig_tiny,cifar10,0.3,3,_vig_blocks.2,0.826115
10,2,9,vig_tiny,cifar10,0.3,4,_vig_blocks.3,0.828315
10,2,9,vig_tiny,cifar10,0.3,5,_vig_blocks.4,0.831782
10,2,9,vig_tiny,cifar10,0.3,6,_vig_blocks.5,0.821744
10,2,9,vig_tiny,cifar10,0.3,7,_vig_blocks.6,0.795821
10,2,9,vig_tiny,cifar10,0.3,8,_vig_blocks.7,0.789233
10,2,9,vig_tiny,cifar10,0.3,9,_vig_blocks.8,0.784849
10,2,9,vig_tiny,cifar10,0.3,10,_vig_blocks.9,0.770860
10,2,9,vig_tiny,cifar10,0.3,11,_vig_blocks.10,0.766445
10,2,9,vig_tiny,cifar10,0.3,12,_vig_blocks.11,0.758936
10,2,9,vig_tiny,cifar10,0.3,13,classifier,0.763909
10,3,4,vig_tiny,cifar10,0.3,0,_vig_stem,0.942151
10,3,4,vig_tiny,cifar10,0.3,1,_vig_blocks.0,0.866148
10,3,4,vig_tiny,cifar10,0.3,2,_vig_blocks.1,0.831722
10,3,4,vig_tiny,cifar10,0.3,3,_vig_blocks.2,0.820039
10,3,4,vig_tiny,cifar10,0.3,4,_vig_blocks.3,0.820183
10,3,4,vig_tiny,cifar10,0.3,5,_vig_blocks.4,0.798785
10,3,4,vig_tiny,cifar10,0.3,6,_vig_blocks.5,0.808345
10,3,4,vig_tiny,cifar10,0.3,7,_vig_blocks.6,0.772727
10,3,4,vig_tiny,cifar10,0.3,8,_vig_blocks.7,0.757521
10,3,4,vig_tiny,cifar10,0.3,9,_vig_blocks.8,0.763579
10,3,4,vig_tiny,cifar10,0.3,10,_vig_blocks.9,0.746179
10,3,4,vig_tiny,cifar10,0.3,11,_vig_blocks.10,0.739933
10,3,4,vig_tiny,cifar10,0.3,12,_vig_blocks.11,0.731903
10,3,4,vig_tiny,cifar10,0.3,13,classifier,0.638410
10,3,5,vig_tiny,cifar10,0.3,0,_vig_stem,0.928853
10,3,5,vig_tiny,cifar10,0.3,1,_vig_blocks.0,0.841885
10,3,5,vig_tiny,cifar10,0.3,2,_vig_blocks.1,0.790907
10,3,5,vig_tiny,cifar10,0.3,3,_vig_blocks.2,0.783740
10,3,5,vig_tiny,cifar10,0.3,4,_vig_blocks.3,0.787351
10,3,5,vig_tiny,cifar10,0.3,5,_vig_blocks.4,0.774488
10,3,5,vig_tiny,cifar10,0.3,6,_vig_blocks.5,0.764853
10,3,5,vig_tiny,cifar10,0.3,7,_vig_blocks.6,0.742274
10,3,5,vig_tiny,cifar10,0.3,8,_vig_blocks.7,0.732848
10,3,5,vig_tiny,cifar10,0.3,9,_vig_blocks.8,0.719628
10,3,5,vig_tiny,cifar10,0.3,10,_vig_blocks.9,0.699601
10,3,5,vig_tiny,cifar10,0.3,11,_vig_blocks.10,0.683859
10,3,5,vig_tiny,cifar10,0.3,12,_vig_blocks.11,0.664449
10,3,5,vig_tiny,cifar10,0.3,13,classifier,0.652758
10,3,6,vig_tiny,cifar10,0.3,0,_vig_stem,0.924796
10,3,6,vig_tiny,cifar10,0.3,1,_vig_blocks.0,0.875047
10,3,6,vig_tiny,cifar10,0.3,2,_vig_blocks.1,0.828013
10,3,6,vig_tiny,cifar10,0.3,3,_vig_blocks.2,0.816485
10,3,6,vig_tiny,cifar10,0.3,4,_vig_blocks.3,0.800979
10,3,6,vig_tiny,cifar10,0.3,5,_vig_blocks.4,0.795438
10,3,6,vig_tiny,cifar10,0.3,6,_vig_blocks.5,0.790086
10,3,6,vig_tiny,cifar10,0.3,7,_vig_blocks.6,0.788945
10,3,6,vig_tiny,cifar10,0.3,8,_vig_blocks.7,0.793441
10,3,6,vig_tiny,cifar10,0.3,9,_vig_blocks.8,0.798780
10,3,6,vig_tiny,cifar10,0.3,10,_vig_blocks.9,0.775467
10,3,6,vig_tiny,cifar10,0.3,11,_vig_blocks.10,0.773633
10,3,6,vig_tiny,cifar10,0.3,12,_vig_blocks.11,0.762628
10,3,6,vig_tiny,cifar10,0.3,13,classifier,0.705064
10,3,7,vig_tiny,cifar10,0.3,0,_vig_stem,0.917865
10,3,7,vig_tiny,cifar10,0.3,1,_vig_blocks.0,0.801224
10,3,7,vig_tiny,cifar10,0.3,2,_vig_blocks.1,0.739637
10,3,7,vig_tiny,cifar10,0.3,3,_vig_blocks.2,0.736287
10,3,7,vig_tiny,cifar10,0.3,4,_vig_blocks.3,0.738515
10,3,7,vig_tiny,cifar10,0.3,5,_vig_blocks.4,0.731399
10,3,7,vig_tiny,cifar10,0.3,6,_vig_blocks.5,0.721602
10,3,7,vig_tiny,cifar10,0.3,7,_vig_blocks.6,0.697903
10,3,7,vig_tiny,cifar10,0.3,8,_vig_blocks.7,0.693737
10,3,7,vig_tiny,cifar10,0.3,9,_vig_blocks.8,0.685194
10,3,7,vig_tiny,cifar10,0.3,10,_vig_blocks.9,0.658409
10,3,7,vig_tiny,cifar10,0.3,11,_vig_blocks.10,0.647830
10,3,7,vig_tiny,cifar10,0.3,12,_vig_blocks.11,0.615753
10,3,7,vig_tiny,cifar10,0.3,13,classifier,0.492880
10,3,8,vig_tiny,cifar10,0.3,0,_vig_stem,0.910465
10,3,8,vig_tiny,cifar10,0.3,1,_vig_blocks.0,0.861359
10,3,8,vig_tiny,cifar10,0.3,2,_vig_blocks.1,0.835191
10,3,8,vig_tiny,cifar10,0.3,3,_vig_blocks.2,0.845464
10,3,8,vig_tiny,cifar10,0.3,4,_vig_blocks.3,0.836245
10,3,8,vig_tiny,cifar10,0.3,5,_vig_blocks.4,0.812824
10,3,8,vig_tiny,cifar10,0.3,6,_vig_blocks.5,0.812272
10,3,8,vig_tiny,cifar10,0.3,7,_vig_blocks.6,0.787246
10,3,8,vig_tiny,cifar10,0.3,8,_vig_blocks.7,0.770202
10,3,8,vig_tiny,cifar10,0.3,9,_vig_blocks.8,0.765030
10,3,8,vig_tiny,cifar10,0.3,10,_vig_blocks.9,0.723256
10,3,8,vig_tiny,cifar10,0.3,11,_vig_blocks.10,0.694529
10,3,8,vig_tiny,cifar10,0.3,12,_vig_blocks.11,0.662693
10,3,8,vig_tiny,cifar10,0.3,13,classifier,0.486066
10,3,9,vig_tiny,cifar10,0.3,0,_vig_stem,0.901063
10,3,9,vig_tiny,cifar10,0.3,1,_vig_blocks.0,0.839520
10,3,9,vig_tiny,cifar10,0.3,2,_vig_blocks.1,0.828278
10,3,9,vig_tiny,cifar10,0.3,3,_vig_blocks.2,0.828343
10,3,9,vig_tiny,cifar10,0.3,4,_vig_blocks.3,0.829824
10,3,9,vig_tiny,cifar10,0.3,5,_vig_blocks.4,0.819832
10,3,9,vig_tiny,cifar10,0.3,6,_vig_blocks.5,0.822899
10,3,9,vig_tiny,cifar10,0.3,7,_vig_blocks.6,0.814315
10,3,9,vig_tiny,cifar10,0.3,8,_vig_blocks.7,0.806694
10,3,9,vig_tiny,cifar10,0.3,9,_vig_blocks.8,0.801517
10,3,9,vig_tiny,cifar10,0.3,10,_vig_blocks.9,0.783098
10,3,9,vig_tiny,cifar10,0.3,11,_vig_blocks.10,0.775441
10,3,9,vig_tiny,cifar10,0.3,12,_vig_blocks.11,0.758806
10,3,9,vig_tiny,cifar10,0.3,13,classifier,0.765346
10,4,5,vig_tiny,cifar10,0.3,0,_vig_stem,0.924243
10,4,5,vig_tiny,cifar10,0.3,1,_vig_blocks.0,0.863208
10,4,5,vig_tiny,cifar10,0.3,2,_vig_blocks.1,0.840298
10,4,5,vig_tiny,cifar10,0.3,3,_vig_blocks.2,0.861604
10,4,5,vig_tiny,cifar10,0.3,4,_vig_blocks.3,0.865103
10,4,5,vig_tiny,cifar10,0.3,5,_vig_blocks.4,0.842621
10,4,5,vig_tiny,cifar10,0.3,6,_vig_blocks.5,0.834305
10,4,5,vig_tiny,cifar10,0.3,7,_vig_blocks.6,0.815364
10,4,5,vig_tiny,cifar10,0.3,8,_vig_blocks.7,0.796531
10,4,5,vig_tiny,cifar10,0.3,9,_vig_blocks.8,0.801918
10,4,5,vig_tiny,cifar10,0.3,10,_vig_blocks.9,0.775953
10,4,5,vig_tiny,cifar10,0.3,11,_vig_blocks.10,0.748407
10,4,5,vig_tiny,cifar10,0.3,12,_vig_blocks.11,0.721405
10,4,5,vig_tiny,cifar10,0.3,13,classifier,0.646196
10,4,6,vig_tiny,cifar10,0.3,0,_vig_stem,0.918097
10,4,6,vig_tiny,cifar10,0.3,1,_vig_blocks.0,0.868778
10,4,6,vig_tiny,cifar10,0.3,2,_vig_blocks.1,0.829968
10,4,6,vig_tiny,cifar10,0.3,3,_vig_blocks.2,0.820202
10,4,6,vig_tiny,cifar10,0.3,4,_vig_blocks.3,0.804540
10,4,6,vig_tiny,cifar10,0.3,5,_vig_blocks.4,0.786978
10,4,6,vig_tiny,cifar10,0.3,6,_vig_blocks.5,0.773634
10,4,6,vig_tiny,cifar10,0.3,7,_vig_blocks.6,0.786086
10,4,6,vig_tiny,cifar10,0.3,8,_vig_blocks.7,0.766324
10,4,6,vig_tiny,cifar10,0.3,9,_vig_blocks.8,0.751909
10,4,6,vig_tiny,cifar10,0.3,10,_vig_blocks.9,0.750388
10,4,6,vig_tiny,cifar10,0.3,11,_vig_blocks.10,0.735342
10,4,6,vig_tiny,cifar10,0.3,12,_vig_blocks.11,0.720065
10,4,6,vig_tiny,cifar10,0.3,13,classifier,0.679481
10,4,7,vig_tiny,cifar10,0.3,0,_vig_stem,0.956655
10,4,7,vig_tiny,cifar10,0.3,1,_vig_blocks.0,0.880376
10,4,7,vig_tiny,cifar10,0.3,2,_vig_blocks.1,0.828219
10,4,7,vig_tiny,cifar10,0.3,3,_vig_blocks.2,0.825013
10,4,7,vig_tiny,cifar10,0.3,4,_vig_blocks.3,0.803154
10,4,7,vig_tiny,cifar10,0.3,5,_vig_blocks.4,0.792432
10,4,7,vig_tiny,cifar10,0.3,6,_vig_blocks.5,0.765750
10,4,7,vig_tiny,cifar10,0.3,7,_vig_blocks.6,0.755144
10,4,7,vig_tiny,cifar10,0.3,8,_vig_blocks.7,0.748205
10,4,7,vig_tiny,cifar10,0.3,9,_vig_blocks.8,0.729075
10,4,7,vig_tiny,cifar10,0.3,10,_vig_blocks.9,0.728612
10,4,7,vig_tiny,cifar10,0.3,11,_vig_blocks.10,0.720178
10,4,7,vig_tiny,cifar10,0.3,12,_vig_blocks.11,0.681444
10,4,7,vig_tiny,cifar10,0.3,13,classifier,0.609635
10,4,8,vig_tiny,cifar10,0.3,0,_vig_stem,0.920242
10,4,8,vig_tiny,cifar10,0.3,1,_vig_blocks.0,0.859986
10,4,8,vig_tiny,cifar10,0.3,2,_vig_blocks.1,0.834790
10,4,8,vig_tiny,cifar10,0.3,3,_vig_blocks.2,0.859314
10,4,8,vig_tiny,cifar10,0.3,4,_vig_blocks.3,0.863049
10,4,8,vig_tiny,cifar10,0.3,5,_vig_blocks.4,0.868278
10,4,8,vig_tiny,cifar10,0.3,6,_vig_blocks.5,0.865754
10,4,8,vig_tiny,cifar10,0.3,7,_vig_blocks.6,0.856466
10,4,8,vig_tiny,cifar10,0.3,8,_vig_blocks.7,0.838756
10,4,8,vig_tiny,cifar10,0.3,9,_vig_blocks.8,0.827990
10,4,8,vig_tiny,cifar10,0.3,10,_vig_blocks.9,0.812782
10,4,8,vig_tiny,cifar10,0.3,11,_vig_blocks.10,0.790634
10,4,8,vig_tiny,cifar10,0.3,12,_vig_blocks.11,0.764899
10,4,8,vig_tiny,cifar10,0.3,13,classifier,0.796338
10,4,9,vig_tiny,cifar10,0.3,0,_vig_stem,0.922255
10,4,9,vig_tiny,cifar10,0.3,1,_vig_blocks.0,0.897482
10,4,9,vig_tiny,cifar10,0.3,2,_vig_blocks.1,0.888200
10,4,9,vig_tiny,cifar10,0.3,3,_vig_blocks.2,0.882368
10,4,9,vig_tiny,cifar10,0.3,4,_vig_blocks.3,0.884385
10,4,9,vig_tiny,cifar10,0.3,5,_vig_blocks.4,0.879427
10,4,9,vig_tiny,cifar10,0.3,6,_vig_blocks.5,0.873626
10,4,9,vig_tiny,cifar10,0.3,7,_vig_blocks.6,0.857646
10,4,9,vig_tiny,cifar10,0.3,8,_vig_blocks.7,0.833056
10,4,9,vig_tiny,cifar10,0.3,9,_vig_blocks.8,0.823703
10,4,9,vig_tiny,cifar10,0.3,10,_vig_blocks.9,0.816499
10,4,9,vig_tiny,cifar10,0.3,11,_vig_blocks.10,0.802432
10,4,9,vig_tiny,cifar10,0.3,12,_vig_blocks.11,0.802559
10,4,9,vig_tiny,cifar10,0.3,13,classifier,0.826391
10,5,6,vig_tiny,cifar10,0.3,0,_vig_stem,0.906963
10,5,6,vig_tiny,cifar10,0.3,1,_vig_blocks.0,0.817653
10,5,6,vig_tiny,cifar10,0.3,2,_vig_blocks.1,0.765548
10,5,6,vig_tiny,cifar10,0.3,3,_vig_blocks.2,0.766791
10,5,6,vig_tiny,cifar10,0.3,4,_vig_blocks.3,0.757087
10,5,6,vig_tiny,cifar10,0.3,5,_vig_blocks.4,0.742613
10,5,6,vig_tiny,cifar10,0.3,6,_vig_blocks.5,0.711624
10,5,6,vig_tiny,cifar10,0.3,7,_vig_blocks.6,0.711401
10,5,6,vig_tiny,cifar10,0.3,8,_vig_blocks.7,0.698357
10,5,6,vig_tiny,cifar10,0.3,9,_vig_blocks.8,0.702943
10,5,6,vig_tiny,cifar10,0.3,10,_vig_blocks.9,0.691320
10,5,6,vig_tiny,cifar10,0.3,11,_vig_blocks.10,0.674930
10,5,6,vig_tiny,cifar10,0.3,12,_vig_blocks.11,0.663341
10,5,6,vig_tiny,cifar10,0.3,13,classifier,0.614857
10,5,7,vig_tiny,cifar10,0.3,0,_vig_stem,0.901243
10,5,7,vig_tiny,cifar10,0.3,1,_vig_blocks.0,0.809829
10,5,7,vig_tiny,cifar10,0.3,2,_vig_blocks.1,0.749432
10,5,7,vig_tiny,cifar10,0.3,3,_vig_blocks.2,0.776358
10,5,7,vig_tiny,cifar10,0.3,4,_vig_blocks.3,0.769578
10,5,7,vig_tiny,cifar10,0.3,5,_vig_blocks.4,0.758546
10,5,7,vig_tiny,cifar10,0.3,6,_vig_blocks.5,0.726710
10,5,7,vig_tiny,cifar10,0.3,7,_vig_blocks.6,0.704664
10,5,7,vig_tiny,cifar10,0.3,8,_vig_blocks.7,0.689174
10,5,7,vig_tiny,cifar10,0.3,9,_vig_blocks.8,0.669176
10,5,7,vig_tiny,cifar10,0.3,10,_vig_blocks.9,0.663395
10,5,7,vig_tiny,cifar10,0.3,11,_vig_blocks.10,0.647042
10,5,7,vig_tiny,cifar10,0.3,12,_vig_blocks.11,0.609591
10,5,7,vig_tiny,cifar10,0.3,13,classifier,0.487482
10,5,8,vig_tiny,cifar10,0.3,0,_vig_stem,0.905114
10,5,8,vig_tiny,cifar10,0.3,1,_vig_blocks.0,0.837941
10,5,8,vig_tiny,cifar10,0.3,2,_vig_blocks.1,0.784707
10,5,8,vig_tiny,cifar10,0.3,3,_vig_blocks.2,0.821501
10,5,8,vig_tiny,cifar10,0.3,4,_vig_blocks.3,0.836576
10,5,8,vig_tiny,cifar10,0.3,5,_vig_blocks.4,0.824693
10,5,8,vig_tiny,cifar10,0.3,6,_vig_blocks.5,0.811754
10,5,8,vig_tiny,cifar10,0.3,7,_vig_blocks.6,0.796533
10,5,8,vig_tiny,cifar10,0.3,8,_vig_blocks.7,0.773069
10,5,8,vig_tiny,cifar10,0.3,9,_vig_blocks.8,0.760587
10,5,8,vig_tiny,cifar10,0.3,10,_vig_blocks.9,0.733346
10,5,8,vig_tiny,cifar10,0.3,11,_vig_blocks.10,0.685579
10,5,8,vig_tiny,cifar10,0.3,12,_vig_blocks.11,0.641697
10,5,8,vig_tiny,cifar10,0.3,13,classifier,0.482186
10,5,9,vig_tiny,cifar10,0.3,0,_vig_stem,0.912416
10,5,9,vig_tiny,cifar10,0.3,1,_vig_blocks.0,0.867602
10,5,9,vig_tiny,cifar10,0.3,2,_vig_blocks.1,0.835134
10,5,9,vig_tiny,cifar10,0.3,3,_vig_blocks.2,0.831129
10,5,9,vig_tiny,cifar10,0.3,4,_vig_blocks.3,0.838454
10,5,9,vig_tiny,cifar10,0.3,5,_vig_blocks.4,0.824503
10,5,9,vig_tiny,cifar10,0.3,6,_vig_blocks.5,0.805175
10,5,9,vig_tiny,cifar10,0.3,7,_vig_blocks.6,0.788808
10,5,9,vig_tiny,cifar10,0.3,8,_vig_blocks.7,0.766262
10,5,9,vig_tiny,cifar10,0.3,9,_vig_blocks.8,0.751776
10,5,9,vig_tiny,cifar10,0.3,10,_vig_blocks.9,0.742365
10,5,9,vig_tiny,cifar10,0.3,11,_vig_blocks.10,0.722704
10,5,9,vig_tiny,cifar10,0.3,12,_vig_blocks.11,0.683245
10,5,9,vig_tiny,cifar10,0.3,13,classifier,0.663646
10,6,7,vig_tiny,cifar10,0.3,0,_vig_stem,0.884927
10,6,7,vig_tiny,cifar10,0.3,1,_vig_blocks.0,0.801149
10,6,7,vig_tiny,cifar10,0.3,2,_vig_blocks.1,0.761295
10,6,7,vig_tiny,cifar10,0.3,3,_vig_blocks.2,0.779439
10,6,7,vig_tiny,cifar10,0.3,4,_vig_blocks.3,0.766122
10,6,7,vig_tiny,cifar10,0.3,5,_vig_blocks.4,0.755123
10,6,7,vig_tiny,cifar10,0.3,6,_vig_blocks.5,0.727378
10,6,7,vig_tiny,cifar10,0.3,7,_vig_blocks.6,0.705164
10,6,7,vig_tiny,cifar10,0.3,8,_vig_blocks.7,0.705035
10,6,7,vig_tiny,cifar10,0.3,9,_vig_blocks.8,0.670843
10,6,7,vig_tiny,cifar10,0.3,10,_vig_blocks.9,0.641623
10,6,7,vig_tiny,cifar10,0.3,11,_vig_blocks.10,0.629580
10,6,7,vig_tiny,cifar10,0.3,12,_vig_blocks.11,0.596585
10,6,7,vig_tiny,cifar10,0.3,13,classifier,0.517498
10,6,8,vig_tiny,cifar10,0.3,0,_vig_stem,0.885257
10,6,8,vig_tiny,cifar10,0.3,1,_vig_blocks.0,0.818278
10,6,8,vig_tiny,cifar10,0.3,2,_vig_blocks.1,0.770503
10,6,8,vig_tiny,cifar10,0.3,3,_vig_blocks.2,0.777540
10,6,8,vig_tiny,cifar10,0.3,4,_vig_blocks.3,0.769140
10,6,8,vig_tiny,cifar10,0.3,5,_vig_blocks.4,0.764169
10,6,8,vig_tiny,cifar10,0.3,6,_vig_blocks.5,0.756182
10,6,8,vig_tiny,cifar10,0.3,7,_vig_blocks.6,0.767501
10,6,8,vig_tiny,cifar10,0.3,8,_vig_blocks.7,0.773055
10,6,8,vig_tiny,cifar10,0.3,9,_vig_blocks.8,0.750975
10,6,8,vig_tiny,cifar10,0.3,10,_vig_blocks.9,0.736873
10,6,8,vig_tiny,cifar10,0.3,11,_vig_blocks.10,0.721432
10,6,8,vig_tiny,cifar10,0.3,12,_vig_blocks.11,0.701920
10,6,8,vig_tiny,cifar10,0.3,13,classifier,0.657960
10,6,9,vig_tiny,cifar10,0.3,0,_vig_stem,0.926785
10,6,9,vig_tiny,cifar10,0.3,1,_vig_blocks.0,0.863693
10,6,9,vig_tiny,cifar10,0.3,2,_vig_blocks.1,0.844243
10,6,9,vig_tiny,cifar10,0.3,3,_vig_blocks.2,0.833688
10,6,9,vig_tiny,cifar10,0.3,4,_vig_blocks.3,0.812989
10,6,9,vig_tiny,cifar10,0.3,5,_vig_blocks.4,0.799736
10,6,9,vig_tiny,cifar10,0.3,6,_vig_blocks.5,0.778766
10,6,9,vig_tiny,cifar10,0.3,7,_vig_blocks.6,0.784811
10,6,9,vig_tiny,cifar10,0.3,8,_vig_blocks.7,0.780347
10,6,9,vig_tiny,cifar10,0.3,9,_vig_blocks.8,0.776404
10,6,9,vig_tiny,cifar10,0.3,10,_vig_blocks.9,0.763130
10,6,9,vig_tiny,cifar10,0.3,11,_vig_blocks.10,0.754129
10,6,9,vig_tiny,cifar10,0.3,12,_vig_blocks.11,0.744711
10,6,9,vig_tiny,cifar10,0.3,13,classifier,0.754944
10,7,8,vig_tiny,cifar10,0.3,0,_vig_stem,0.886867
10,7,8,vig_tiny,cifar10,0.3,1,_vig_blocks.0,0.790674
10,7,8,vig_tiny,cifar10,0.3,2,_vig_blocks.1,0.754993
10,7,8,vig_tiny,cifar10,0.3,3,_vig_blocks.2,0.790189
10,7,8,vig_tiny,cifar10,0.3,4,_vig_blocks.3,0.790590
10,7,8,vig_tiny,cifar10,0.3,5,_vig_blocks.4,0.785533
10,7,8,vig_tiny,cifar10,0.3,6,_vig_blocks.5,0.764172
10,7,8,vig_tiny,cifar10,0.3,7,_vig_blocks.6,0.751562
10,7,8,vig_tiny,cifar10,0.3,8,_vig_blocks.7,0.759987
10,7,8,vig_tiny,cifar10,0.3,9,_vig_blocks.8,0.726406
10,7,8,vig_tiny,cifar10,0.3,10,_vig_blocks.9,0.701528
10,7,8,vig_tiny,cifar10,0.3,11,_vig_blocks.10,0.680120
10,7,8,vig_tiny,cifar10,0.3,12,_vig_blocks.11,0.633156
10,7,8,vig_tiny,cifar10,0.3,13,classifier,0.502695
10,7,9,vig_tiny,cifar10,0.3,0,_vig_stem,0.882411
10,7,9,vig_tiny,cifar10,0.3,1,_vig_blocks.0,0.824168
10,7,9,vig_tiny,cifar10,0.3,2,_vig_blocks.1,0.792938
10,7,9,vig_tiny,cifar10,0.3,3,_vig_blocks.2,0.801355
10,7,9,vig_tiny,cifar10,0.3,4,_vig_blocks.3,0.790992
10,7,9,vig_tiny,cifar10,0.3,5,_vig_blocks.4,0.786366
10,7,9,vig_tiny,cifar10,0.3,6,_vig_blocks.5,0.756814
10,7,9,vig_tiny,cifar10,0.3,7,_vig_blocks.6,0.737266
10,7,9,vig_tiny,cifar10,0.3,8,_vig_blocks.7,0.733518
10,7,9,vig_tiny,cifar10,0.3,9,_vig_blocks.8,0.709002
10,7,9,vig_tiny,cifar10,0.3,10,_vig_blocks.9,0.698095
10,7,9,vig_tiny,cifar10,0.3,11,_vig_blocks.10,0.688275
10,7,9,vig_tiny,cifar10,0.3,12,_vig_blocks.11,0.652170
10,7,9,vig_tiny,cifar10,0.3,13,classifier,0.623430
10,8,9,vig_tiny,cifar10,0.3,0,_vig_stem,0.902390
10,8,9,vig_tiny,cifar10,0.3,1,_vig_blocks.0,0.872798
10,8,9,vig_tiny,cifar10,0.3,2,_vig_blocks.1,0.852003
10,8,9,vig_tiny,cifar10,0.3,3,_vig_blocks.2,0.866207
10,8,9,vig_tiny,cifar10,0.3,4,_vig_blocks.3,0.870430
10,8,9,vig_tiny,cifar10,0.3,5,_vig_blocks.4,0.868978
10,8,9,vig_tiny,cifar10,0.3,6,_vig_blocks.5,0.856133
10,8,9,vig_tiny,cifar10,0.3,7,_vig_blocks.6,0.846168
10,8,9,vig_tiny,cifar10,0.3,8,_vig_blocks.7,0.829005
10,8,9,vig_tiny,cifar10,0.3,9,_vig_blocks.8,0.820419
10,8,9,vig_tiny,cifar10,0.3,10,_vig_blocks.9,0.811313
10,8,9,vig_tiny,cifar10,0.3,11,_vig_blocks.10,0.793305
10,8,9,vig_tiny,cifar10,0.3,12,_vig_blocks.11,0.774901
10,8,9,vig_tiny,cifar10,0.3,13,classifier,0.763761
20,0,1,vig_tiny,cifar10,0.3,0,_vig_stem,0.906167
20,0,1,vig_tiny,cifar10,0.3,1,_vig_blocks.0,0.803184
20,0,1,vig_tiny,cifar10,0.3,2,_vig_blocks.1,0.760761
20,0,1,vig_tiny,cifar10,0.3,3,_vig_blocks.2,0.778702
20,0,1,vig_tiny,cifar10,0.3,4,_vig_blocks.3,0.788010
20,0,1,vig_tiny,cifar10,0.3,5,_vig_blocks.4,0.778420
20,0,1,vig_tiny,cifar10,0.3,6,_vig_blocks.5,0.754027
20,0,1,vig_tiny,cifar10,0.3,7,_vig_blocks.6,0.743074
20,0,1,vig_tiny,cifar10,0.3,8,_vig_blocks.7,0.753255
20,0,1,vig_tiny,cifar10,0.3,9,_vig_blocks.8,0.713315
20,0,1,vig_tiny,cifar10,0.3,10,_vig_blocks.9,0.690831
20,0,1,vig_tiny,cifar10,0.3,11,_vig_blocks.10,0.669130
20,0,1,vig_tiny,cifar10,0.3,12,_vig_blocks.11,0.620372
20,0,1,vig_tiny,cifar10,0.3,13,classifier,0.610399
20,0,2,vig_tiny,cifar10,0.3,0,_vig_stem,0.903348
20,0,2,vig_tiny,cifar10,0.3,1,_vig_blocks.0,0.820636
20,0,2,vig_tiny,cifar10,0.3,2,_vig_blocks.1,0.776486
20,0,2,vig_tiny,cifar10,0.3,3,_vig_blocks.2,0.769451
20,0,2,vig_tiny,cifar10,0.3,4,_vig_blocks.3,0.789275
20,0,2,vig_tiny,cifar10,0.3,5,_vig_blocks.4,0.792929
20,0,2,vig_tiny,cifar10,0.3,6,_vig_blocks.5,0.777194
20,0,2,vig_tiny,cifar10,0.3,7,_vig_blocks.6,0.756036
20,0,2,vig_tiny,cifar10,0.3,8,_vig_blocks.7,0.772675
20,0,2,vig_tiny,cifar10,0.3,9,_vig_blocks.8,0.737200
20,0,2,vig_tiny,cifar10,0.3,10,_vig_blocks.9,0.709754
20,0,2,vig_tiny,cifar10,0.3,11,_vig_blocks.10,0.679714
20,0,2,vig_tiny,cifar10,0.3,12,_vig_blocks.11,0.639080
20,0,2,vig_tiny,cifar10,0.3,13,classifier,0.630176
20,0,3,vig_tiny,cifar10,0.3,0,_vig_stem,0.892441
20,0,3,vig_tiny,cifar10,0.3,1,_vig_blocks.0,0.781647
20,0,3,vig_tiny,cifar10,0.3,2,_vig_blocks.1,0.743495
20,0,3,vig_tiny,cifar10,0.3,3,_vig_blocks.2,0.732832
20,0,3,vig_tiny,cifar10,0.3,4,_vig_blocks.3,0.739217
20,0,3,vig_tiny,cifar10,0.3,5,_vig_blocks.4,0.733723
20,0,3,vig_tiny,cifar10,0.3,6,_vig_blocks.5,0.726156
20,0,3,vig_tiny,cifar10,0.3,7,_vig_blocks.6,0.716640
20,0,3,vig_tiny,cifar10,0.3,8,_vig_blocks.7,0.697676
20,0,3,vig_tiny,cifar10,0.3,9,_vig_blocks.8,0.692784
20,0,3,vig_tiny,cifar10,0.3,10,_vig_blocks.9,0.668732
20,0,3,vig_tiny,cifar10,0.3,11,_vig_blocks.10,0.641201
20,0,3,vig_tiny,cifar10,0.3,12,_vig_blocks.11,0.607054
20,0,3,vig_tiny,cifar10,0.3,13,classifier,0.443130
20,0,4,vig_tiny,cifar10,0.3,0,_vig_stem,0.897197
20,0,4,vig_tiny,cifar10,0.3,1,_vig_blocks.0,0.822188
20,0,4,vig_tiny,cifar10,0.3,2,_vig_blocks.1,0.791501
20,0,4,vig_tiny,cifar10,0.3,3,_vig_blocks.2,0.786414
20,0,4,vig_tiny,cifar10,0.3,4,_vig_blocks.3,0.809438
20,0,4,vig_tiny,cifar10,0.3,5,_vig_blocks.4,0.810475
20,0,4,vig_tiny,cifar10,0.3,6,_vig_blocks.5,0.798371
20,0,4,vig_tiny,cifar10,0.3,7,_vig_blocks.6,0.789411
20,0,4,vig_tiny,cifar10,0.3,8,_vig_blocks.7,0.788404
20,0,4,vig_tiny,cifar10,0.3,9,_vig_blocks.8,0.760483
20,0,4,vig_tiny,cifar10,0.3,10,_vig_blocks.9,0.734563
20,0,4,vig_tiny,cifar10,0.3,11,_vig_blocks.10,0.690979
20,0,4,vig_tiny,cifar10,0.3,12,_vig_blocks.11,0.645935
20,0,4,vig_tiny,cifar10,0.3,13,classifier,0.549035
20,0,5,vig_tiny,cifar10,0.3,0,_vig_stem,0.921594
20,0,5,vig_tiny,cifar10,0.3,1,_vig_blocks.0,0.830493
20,0,5,vig_tiny,cifar10,0.3,2,_vig_blocks.1,0.778201
20,0,5,vig_tiny,cifar10,0.3,3,_vig_blocks.2,0.810014
20,0,5,vig_tiny,cifar10,0.3,4,_vig_blocks.3,0.832321
20,0,5,vig_tiny,cifar10,0.3,5,_vig_blocks.4,0.824857
20,0,5,vig_tiny,cifar10,0.3,6,_vig_blocks.5,0.812428
20,0,5,vig_tiny,cifar10,0.3,7,_vig_blocks.6,0.796832
20,0,5,vig_tiny,cifar10,0.3,8,_vig_blocks.7,0.788987
20,0,5,vig_tiny,cifar10,0.3,9,_vig_blocks.8,0.748249
20,0,5,vig_tiny,cifar10,0.3,10,_vig_blocks.9,0.713148
20,0,5,vig_tiny,cifar10,0.3,11,_vig_blocks.10,0.657453
20,0,5,vig_tiny,cifar10,0.3,12,_vig_blocks.11,0.610362
20,0,5,vig_tiny,cifar10,0.3,13,classifier,0.398437
20,0,6,vig_tiny,cifar10,0.3,0,_vig_stem,0.873692
20,0,6,vig_tiny,cifar10,0.3,1,_vig_blocks.0,0.805449
20,0,6,vig_tiny,cifar10,0.3,2,_vig_blocks.1,0.768176
20,0,6,vig_tiny,cifar10,0.3,3,_vig_blocks.2,0.761722
20,0,6,vig_tiny,cifar10,0.3,4,_vig_blocks.3,0.764638
20,0,6,vig_tiny,cifar10,0.3,5,_vig_blocks.4,0.748741
20,0,6,vig_tiny,cifar10,0.3,6,_vig_blocks.5,0.745020
20,0,6,vig_tiny,cifar10,0.3,7,_vig_blocks.6,0.728644
20,0,6,vig_tiny,cifar10,0.3,8,_vig_blocks.7,0.741606
20,0,6,vig_tiny,cifar10,0.3,9,_vig_blocks.8,0.717385
20,0,6,vig_tiny,cifar10,0.3,10,_vig_blocks.9,0.698485
20,0,6,vig_tiny,cifar10,0.3,11,_vig_blocks.10,0.681295
20,0,6,vig_tiny,cifar10,0.3,12,_vig_blocks.11,0.639742
20,0,6,vig_tiny,cifar10,0.3,13,classifier,0.479821
20,0,7,vig_tiny,cifar10,0.3,0,_vig_stem,0.884705
20,0,7,vig_tiny,cifar10,0.3,1,_vig_blocks.0,0.798232
20,0,7,vig_tiny,cifar10,0.3,2,_vig_blocks.1,0.745806
20,0,7,vig_tiny,cifar10,0.3,3,_vig_blocks.2,0.740307
20,0,7,vig_tiny,cifar10,0.3,4,_vig_blocks.3,0.744654
20,0,7,vig_tiny,cifar10,0.3,5,_vig_blocks.4,0.744426
20,0,7,vig_tiny,cifar10,0.3,6,_vig_blocks.5,0.720838
20,0,7,vig_tiny,cifar10,0.3,7,_vig_blocks.6,0.690990
20,0,7,vig_tiny,cifar10,0.3,8,_vig_blocks.7,0.695223
20,0,7,vig_tiny,cifar10,0.3,9,_vig_blocks.8,0.645599
20,0,7,vig_tiny,cifar10,0.3,10,_vig_blocks.9,0.614390
20,0,7,vig_tiny,cifar10,0.3,11,_vig_blocks.10,0.565324
20,0,7,vig_tiny,cifar10,0.3,12,_vig_blocks.11,0.504914
20,0,7,vig_tiny,cifar10,0.3,13,classifier,0.283925
20,0,8,vig_tiny,cifar10,0.3,0,_vig_stem,0.917405
20,0,8,vig_tiny,cifar10,0.3,1,_vig_blocks.0,0.804773
20,0,8,vig_tiny,cifar10,0.3,2,_vig_blocks.1,0.784246
20,0,8,vig_tiny,cifar10,0.3,3,_vig_blocks.2,0.789575
20,0,8,vig_tiny,cifar10,0.3,4,_vig_blocks.3,0.785313
20,0,8,vig_tiny,cifar10,0.3,5,_vig_blocks.4,0.784653
20,0,8,vig_tiny,cifar10,0.3,6,_vig_blocks.5,0.781533
20,0,8,vig_tiny,cifar10,0.3,7,_vig_blocks.6,0.773536
20,0,8,vig_tiny,cifar10,0.3,8,_vig_blocks.7,0.785930
20,0,8,vig_tiny,cifar10,0.3,9,_vig_blocks.8,0.758606
20,0,8,vig_tiny,cifar10,0.3,10,_vig_blocks.9,0.747642
20,0,8,vig_tiny,cifar10,0.3,11,_vig_blocks.10,0.726771
20,0,8,vig_tiny,cifar10,0.3,12,_vig_blocks.11,0.681158
20,0,8,vig_tiny,cifar10,0.3,13,classifier,0.697004
20,0,9,vig_tiny,cifar10,0.3,0,_vig_stem,0.892227
20,0,9,vig_tiny,cifar10,0.3,1,_vig_blocks.0,0.798470
20,0,9,vig_tiny,cifar10,0.3,2,_vig_blocks.1,0.725255
20,0,9,vig_tiny,cifar10,0.3,3,_vig_blocks.2,0.727806
20,0,9,vig_tiny,cifar10,0.3,4,_vig_blocks.3,0.751214
20,0,9,vig_tiny,cifar10,0.3,5,_vig_blocks.4,0.752486
20,0,9,vig_tiny,cifar10,0.3,6,_vig_blocks.5,0.729428
20,0,9,vig_tiny,cifar10,0.3,7,_vig_blocks.6,0.709747
20,0,9,vig_tiny,cifar10,0.3,8,_vig_blocks.7,0.713785
20,0,9,vig_tiny,cifar10,0.3,9,_vig_blocks.8,0.678972
20,0,9,vig_tiny,cifar10,0.3,10,_vig_blocks.9,0.666708
20,0,9,vig_tiny,cifar10,0.3,11,_vig_blocks.10,0.640470
20,0,9,vig_tiny,cifar10,0.3,12,_vig_blocks.11,0.608630
20,0,9,vig_tiny,cifar10,0.3,13,classifier,0.580745
20,1,2,vig_tiny,cifar10,0.3,0,_vig_stem,0.926583
20,1,2,vig_tiny,cifar10,0.3,1,_vig_blocks.0,0.844783
20,1,2,vig_tiny,cifar10,0.3,2,_vig_blocks.1,0.796405
20,1,2,vig_tiny,cifar10,0.3,3,_vig_blocks.2,0.792998
20,1,2,vig_tiny,cifar10,0.3,4,_vig_blocks.3,0.804150
20,1,2,vig_tiny,cifar10,0.3,5,_vig_blocks.4,0.817681
20,1,2,vig_tiny,cifar10,0.3,6,_vig_blocks.5,0.793172
20,1,2,vig_tiny,cifar10,0.3,7,_vig_blocks.6,0.785605
20,1,2,vig_tiny,cifar10,0.3,8,_vig_blocks.7,0.806769
20,1,2,vig_tiny,cifar10,0.3,9,_vig_blocks.8,0.782431
20,1,2,vig_tiny,cifar10,0.3,10,_vig_blocks.9,0.768161
20,1,2,vig_tiny,cifar10,0.3,11,_vig_blocks.10,0.738911
20,1,2,vig_tiny,cifar10,0.3,12,_vig_blocks.11,0.698676
20,1,2,vig_tiny,cifar10,0.3,13,classifier,0.725238
20,1,3,vig_tiny,cifar10,0.3,0,_vig_stem,0.895951
20,1,3,vig_tiny,cifar10,0.3,1,_vig_blocks.0,0.828303
20,1,3,vig_tiny,cifar10,0.3,2,_vig_blocks.1,0.817100
20,1,3,vig_tiny,cifar10,0.3,3,_vig_blocks.2,0.823320
20,1,3,vig_tiny,cifar10,0.3,4,_vig_blocks.3,0.824795
20,1,3,vig_tiny,cifar10,0.3,5,_vig_blocks.4,0.808079
20,1,3,vig_tiny,cifar10,0.3,6,_vig_blocks.5,0.785881
20,1,3,vig_tiny,cifar10,0.3,7,_vig_blocks.6,0.770778
20,1,3,vig_tiny,cifar10,0.3,8,_vig_blocks.7,0.755748
20,1,3,vig_tiny,cifar10,0.3,9,_vig_blocks.8,0.737618
20,1,3,vig_tiny,cifar10,0.3,10,_vig_blocks.9,0.701414
20,1,3,vig_tiny,cifar10,0.3,11,_vig_blocks.10,0.679587
20,1,3,vig_tiny,cifar10,0.3,12,_vig_blocks.11,0.651191
20,1,3,vig_tiny,cifar10,0.3,13,classifier,0.572510
20,1,4,vig_tiny,cifar10,0.3,0,_vig_stem,0.934685
20,1,4,vig_tiny,cifar10,0.3,1,_vig_blocks.0,0.856847
20,1,4,vig_tiny,cifar10,0.3,2,_vig_blocks.1,0.801558
20,1,4,vig_tiny,cifar10,0.3,3,_vig_blocks.2,0.813799
20,1,4,vig_tiny,cifar10,0.3,4,_vig_blocks.3,0.804458
20,1,4,vig_tiny,cifar10,0.3,5,_vig_blocks.4,0.788193
20,1,4,vig_tiny,cifar10,0.3,6,_vig_blocks.5,0.770214
20,1,4,vig_tiny,cifar10,0.3,7,_vig_blocks.6,0.761395
20,1,4,vig_tiny,cifar10,0.3,8,_vig_blocks.7,0.769615
20,1,4,vig_tiny,cifar10,0.3,9,_vig_blocks.8,0.735945
20,1,4,vig_tiny,cifar10,0.3,10,_vig_blocks.9,0.697354
20,1,4,vig_tiny,cifar10,0.3,11,_vig_blocks.10,0.657868
20,1,4,vig_tiny,cifar10,0.3,12,_vig_blocks.11,0.626363
20,1,4,vig_tiny,cifar10,0.3,13,classifier,0.643541
20,1,5,vig_tiny,cifar10,0.3,0,_vig_stem,0.901646
20,1,5,vig_tiny,cifar10,0.3,1,_vig_blocks.0,0.799665
20,1,5,vig_tiny,cifar10,0.3,2,_vig_blocks.1,0.780700
20,1,5,vig_tiny,cifar10,0.3,3,_vig_blocks.2,0.813263
20,1,5,vig_tiny,cifar10,0.3,4,_vig_blocks.3,0.816124
20,1,5,vig_tiny,cifar10,0.3,5,_vig_blocks.4,0.795548
20,1,5,vig_tiny,cifar10,0.3,6,_vig_blocks.5,0.771533
20,1,5,vig_tiny,cifar10,0.3,7,_vig_blocks.6,0.764532
20,1,5,vig_tiny,cifar10,0.3,8,_vig_blocks.7,0.759364
20,1,5,vig_tiny,cifar10,0.3,9,_vig_blocks.8,0.708630
20,1,5,vig_tiny,cifar10,0.3,10,_vig_blocks.9,0.669149
20,1,5,vig_tiny,cifar10,0.3,11,_vig_blocks.10,0.634049
20,1,5,vig_tiny,cifar10,0.3,12,_vig_blocks.11,0.597332
20,1,5,vig_tiny,cifar10,0.3,13,classifier,0.548610
20,1,6,vig_tiny,cifar10,0.3,0,_vig_stem,0.903440
20,1,6,vig_tiny,cifar10,0.3,1,_vig_blocks.0,0.823629
20,1,6,vig_tiny,cifar10,0.3,2,_vig_blocks.1,0.793270
20,1,6,vig_tiny,cifar10,0.3,3,_vig_blocks.2,0.818760
20,1,6,vig_tiny,cifar10,0.3,4,_vig_blocks.3,0.823634
20,1,6,vig_tiny,cifar10,0.3,5,_vig_blocks.4,0.816182
20,1,6,vig_tiny,cifar10,0.3,6,_vig_blocks.5,0.788099
20,1,6,vig_tiny,cifar10,0.3,7,_vig_blocks.6,0.784827
20,1,6,vig_tiny,cifar10,0.3,8,_vig_blocks.7,0.803842
20,1,6,vig_tiny,cifar10,0.3,9,_vig_blocks.8,0.772903
20,1,6,vig_tiny,cifar10,0.3,10,_vig_blocks.9,0.756394
20,1,6,vig_tiny,cifar10,0.3,11,_vig_blocks.10,0.733883
20,1,6,vig_tiny,cifar10,0.3,12,_vig_blocks.11,0.670570
20,1,6,vig_tiny,cifar10,0.3,13,classifier,0.578122
20,1,7,vig_tiny,cifar10,0.3,0,_vig_stem,0.873726
20,1,7,vig_tiny,cifar10,0.3,1,_vig_blocks.0,0.808683
20,1,7,vig_tiny,cifar10,0.3,2,_vig_blocks.1,0.776573
20,1,7,vig_tiny,cifar10,0.3,3,_vig_blocks.2,0.786727
20,1,7,vig_tiny,cifar10,0.3,4,_vig_blocks.3,0.782702
20,1,7,vig_tiny,cifar10,0.3,5,_vig_blocks.4,0.777759
20,1,7,vig_tiny,cifar10,0.3,6,_vig_blocks.5,0.762498
20,1,7,vig_tiny,cifar10,0.3,7,_vig_blocks.6,0.747214
20,1,7,vig_tiny,cifar10,0.3,8,_vig_blocks.7,0.763936
20,1,7,vig_tiny,cifar10,0.3,9,_vig_blocks.8,0.716044
20,1,7,vig_tiny,cifar10,0.3,10,_vig_blocks.9,0.685423
20,1,7,vig_tiny,cifar10,0.3,11,_vig_blocks.10,0.642491
20,1,7,vig_tiny,cifar10,0.3,12,_vig_blocks.11,0.582094
20,1,7,vig_tiny,cifar10,0.3,13,classifier,0.309420
20,1,8,vig_tiny,cifar10,0.3,0,_vig_stem,0.902733
20,1,8,vig_tiny,cifar10,0.3,1,_vig_blocks.0,0.816253
20,1,8,vig_tiny,cifar10,0.3,2,_vig_blocks.1,0.770263
20,1,8,vig_tiny,cifar10,0.3,3,_vig_blocks.2,0.795401
20,1,8,vig_tiny,cifar10,0.3,4,_vig_blocks.3,0.784428
20,1,8,vig_tiny,cifar10,0.3,5,_vig_blocks.4,0.770172
20,1,8,vig_tiny,cifar10,0.3,6,_vig_blocks.5,0.749948
20,1,8,vig_tiny,cifar10,0.3,7,_vig_blocks.6,0.754823
20,1,8,vig_tiny,cifar10,0.3,8,_vig_blocks.7,0.768578
20,1,8,vig_tiny,cifar10,0.3,9,_vig_blocks.8,0.744203
20,1,8,vig_tiny,cifar10,0.3,10,_vig_blocks.9,0.733408
20,1,8,vig_tiny,cifar10,0.3,11,_vig_blocks.10,0.711713
20,1,8,vig_tiny,cifar10,0.3,12,_vig_blocks.11,0.666636
20,1,8,vig_tiny,cifar10,0.3,13,classifier,0.687865
20,1,9,vig_tiny,cifar10,0.3,0,_vig_stem,0.913641
20,1,9,vig_tiny,cifar10,0.3,1,_vig_blocks.0,0.844481
20,1,9,vig_tiny,cifar10,0.3,2,_vig_blocks.1,0.798414
20,1,9,vig_tiny,cifar10,0.3,3,_vig_blocks.2,0.809902
20,1,9,vig_tiny,cifar10,0.3,4,_vig_blocks.3,0.810126
20,1,9,vig_tiny,cifar10,0.3,5,_vig_blocks.4,0.807066
20,1,9,vig_tiny,cifar10,0.3,6,_vig_blocks.5,0.790071
20,1,9,vig_tiny,cifar10,0.3,7,_vig_blocks.6,0.782194
20,1,9,vig_tiny,cifar10,0.3,8,_vig_blocks.7,0.792583
20,1,9,vig_tiny,cifar10,0.3,9,_vig_blocks.8,0.766725
20,1,9,vig_tiny,cifar10,0.3,10,_vig_blocks.9,0.760554
20,1,9,vig_tiny,cifar10,0.3,11,_vig_blocks.10,0.726615
20,1,9,vig_tiny,cifar10,0.3,12,_vig_blocks.11,0.684768
20,1,9,vig_tiny,cifar10,0.3,13,classifier,0.665829
20,2,3,vig_tiny,cifar10,0.3,0,_vig_stem,0.898740
20,2,3,vig_tiny,cifar10,0.3,1,_vig_blocks.0,0.770066
20,2,3,vig_tiny,cifar10,0.3,2,_vig_blocks.1,0.767259
20,2,3,vig_tiny,cifar10,0.3,3,_vig_blocks.2,0.759028
20,2,3,vig_tiny,cifar10,0.3,4,_vig_blocks.3,0.757225
20,2,3,vig_tiny,cifar10,0.3,5,_vig_blocks.4,0.763720
20,2,3,vig_tiny,cifar10,0.3,6,_vig_blocks.5,0.748258
20,2,3,vig_tiny,cifar10,0.3,7,_vig_blocks.6,0.718739
20,2,3,vig_tiny,cifar10,0.3,8,_vig_blocks.7,0.719497
20,2,3,vig_tiny,cifar10,0.3,9,_vig_blocks.8,0.707551
20,2,3,vig_tiny,cifar10,0.3,10,_vig_blocks.9,0.673155
20,2,3,vig_tiny,cifar10,0.3,11,_vig_blocks.10,0.662428
20,2,3,vig_tiny,cifar10,0.3,12,_vig_blocks.11,0.647449
20,2,3,vig_tiny,cifar10,0.3,13,classifier,0.592121
20,2,4,vig_tiny,cifar10,0.3,0,_vig_stem,0.927824
20,2,4,vig_tiny,cifar10,0.3,1,_vig_blocks.0,0.881238
20,2,4,vig_tiny,cifar10,0.3,2,_vig_blocks.1,0.854266
20,2,4,vig_tiny,cifar10,0.3,3,_vig_blocks.2,0.850948
20,2,4,vig_tiny,cifar10,0.3,4,_vig_blocks.3,0.854570
20,2,4,vig_tiny,cifar10,0.3,5,_vig_blocks.4,0.850987
20,2,4,vig_tiny,cifar10,0.3,6,_vig_blocks.5,0.840159
20,2,4,vig_tiny,cifar10,0.3,7,_vig_blocks.6,0.824985
20,2,4,vig_tiny,cifar10,0.3,8,_vig_blocks.7,0.824997
20,2,4,vig_tiny,cifar10,0.3,9,_vig_blocks.8,0.796920
20,2,4,vig_tiny,cifar10,0.3,10,_vig_blocks.9,0.753458
20,2,4,vig_tiny,cifar10,0.3,11,_vig_blocks.10,0.721804
20,2,4,vig_tiny,cifar10,0.3,12,_vig_blocks.11,0.685869
20,2,4,vig_tiny,cifar10,0.3,13,classifier,0.686054
20,2,5,vig_tiny,cifar10,0.3,0,_vig_stem,0.885455
20,2,5,vig_tiny,cifar10,0.3,1,_vig_blocks.0,0.791183
20,2,5,vig_tiny,cifar10,0.3,2,_vig_blocks.1,0.792736
20,2,5,vig_tiny,cifar10,0.3,3,_vig_blocks.2,0.800925
20,2,5,vig_tiny,cifar10,0.3,4,_vig_blocks.3,0.807679
20,2,5,vig_tiny,cifar10,0.3,5,_vig_blocks.4,0.795896
20,2,5,vig_tiny,cifar10,0.3,6,_vig_blocks.5,0.779713
20,2,5,vig_tiny,cifar10,0.3,7,_vig_blocks.6,0.760715
20,2,5,vig_tiny,cifar10,0.3,8,_vig_blocks.7,0.771168
20,2,5,vig_tiny,cifar10,0.3,9,_vig_blocks.8,0.726545
20,2,5,vig_tiny,cifar10,0.3,10,_vig_blocks.9,0.683572
20,2,5,vig_tiny,cifar10,0.3,11,_vig_blocks.10,0.646980
20,2,5,vig_tiny,cifar10,0.3,12,_vig_blocks.11,0.607822
20,2,5,vig_tiny,cifar10,0.3,13,classifier,0.505390
20,2,6,vig_tiny,cifar10,0.3,0,_vig_stem,0.889889
20,2,6,vig_tiny,cifar10,0.3,1,_vig_blocks.0,0.806745
20,2,6,vig_tiny,cifar10,0.3,2,_vig_blocks.1,0.771870
20,2,6,vig_tiny,cifar10,0.3,3,_vig_blocks.2,0.774394
20,2,6,vig_tiny,cifar10,0.3,4,_vig_blocks.3,0.795803
20,2,6,vig_tiny,cifar10,0.3,5,_vig_blocks.4,0.794848
20,2,6,vig_tiny,cifar10,0.3,6,_vig_blocks.5,0.779158
20,2,6,vig_tiny,cifar10,0.3,7,_vig_blocks.6,0.768083
20,2,6,vig_tiny,cifar10,0.3,8,_vig_blocks.7,0.779581
20,2,6,vig_tiny,cifar10,0.3,9,_vig_blocks.8,0.772003
20,2,6,vig_tiny,cifar10,0.3,10,_vig_blocks.9,0.755455
20,2,6,vig_tiny,cifar10,0.3,11,_vig_blocks.10,0.731032
20,2,6,vig_tiny,cifar10,0.3,12,_vig_blocks.11,0.695009
20,2,6,vig_tiny,cifar10,0.3,13,classifier,0.616373
20,2,7,vig_tiny,cifar10,0.3,0,_vig_stem,0.868448
20,2,7,vig_tiny,cifar10,0.3,1,_vig_blocks.0,0.798211
20,2,7,vig_tiny,cifar10,0.3,2,_vig_blocks.1,0.774912
20,2,7,vig_tiny,cifar10,0.3,3,_vig_blocks.2,0.781775
20,2,7,vig_tiny,cifar10,0.3,4,_vig_blocks.3,0.761959
20,2,7,vig_tiny,cifar10,0.3,5,_vig_blocks.4,0.764255
20,2,7,vig_tiny,cifar10,0.3,6,_vig_blocks.5,0.737281
20,2,7,vig_tiny,cifar10,0.3,7,_vig_blocks.6,0.709807
20,2,7,vig_tiny,cifar10,0.3,8,_vig_blocks.7,0.716228
20,2,7,vig_tiny,cifar10,0.3,9,_vig_blocks.8,0.659085
20,2,7,vig_tiny,cifar10,0.3,10,_vig_blocks.9,0.603331
20,2,7,vig_tiny,cifar10,0.3,11,_vig_blocks.10,0.538461
20,2,7,vig_tiny,cifar10,0.3,12,_vig_blocks.11,0.461354
20,2,7,vig_tiny,cifar10,0.3,13,classifier,0.210306
20,2,8,vig_tiny,cifar10,0.3,0,_vig_stem,0.893635
20,2,8,vig_tiny,cifar10,0.3,1,_vig_blocks.0,0.801971
20,2,8,vig_tiny,cifar10,0.3,2,_vig_blocks.1,0.759320
20,2,8,vig_tiny,cifar10,0.3,3,_vig_blocks.2,0.760558
20,2,8,vig_tiny,cifar10,0.3,4,_vig_blocks.3,0.770640
20,2,8,vig_tiny,cifar10,0.3,5,_vig_blocks.4,0.772368
20,2,8,vig_tiny,cifar10,0.3,6,_vig_blocks.5,0.766466
20,2,8,vig_tiny,cifar10,0.3,7,_vig_blocks.6,0.758253
20,2,8,vig_tiny,cifar10,0.3,8,_vig_blocks.7,0.778721
20,2,8,vig_tiny,cifar10,0.3,9,_vig_blocks.8,0.765777
20,2,8,vig_tiny,cifar10,0.3,10,_vig_blocks.9,0.759813
20,2,8,vig_tiny,cifar10,0.3,11,_vig_blocks.10,0.736147
20,2,8,vig_tiny,cifar10,0.3,12,_vig_blocks.11,0.703049
20,2,8,vig_tiny,cifar10,0.3,13,classifier,0.745149
20,2,9,vig_tiny,cifar10,0.3,0,_vig_stem,0.913759
20,2,9,vig_tiny,cifar10,0.3,1,_vig_blocks.0,0.828629
20,2,9,vig_tiny,cifar10,0.3,2,_vig_blocks.1,0.801171
20,2,9,vig_tiny,cifar10,0.3,3,_vig_blocks.2,0.804022
20,2,9,vig_tiny,cifar10,0.3,4,_vig_blocks.3,0.804188
20,2,9,vig_tiny,cifar10,0.3,5,_vig_blocks.4,0.809150
20,2,9,vig_tiny,cifar10,0.3,6,_vig_blocks.5,0.795716
20,2,9,vig_tiny,cifar10,0.3,7,_vig_blocks.6,0.786263
20,2,9,vig_tiny,cifar10,0.3,8,_vig_blocks.7,0.794704
20,2,9,vig_tiny,cifar10,0.3,9,_vig_blocks.8,0.774029
20,2,9,vig_tiny,cifar10,0.3,10,_vig_blocks.9,0.767097
20,2,9,vig_tiny,cifar10,0.3,11,_vig_blocks.10,0.750192
20,2,9,vig_tiny,cifar10,0.3,12,_vig_blocks.11,0.731706
20,2,9,vig_tiny,cifar10,0.3,13,classifier,0.785051
20,3,4,vig_tiny,cifar10,0.3,0,_vig_stem,0.911194
20,3,4,vig_tiny,cifar10,0.3,1,_vig_blocks.0,0.837914
20,3,4,vig_tiny,cifar10,0.3,2,_vig_blocks.1,0.820929
20,3,4,vig_tiny,cifar10,0.3,3,_vig_blocks.2,0.821433
20,3,4,vig_tiny,cifar10,0.3,4,_vig_blocks.3,0.812285
20,3,4,vig_tiny,cifar10,0.3,5,_vig_blocks.4,0.792136
20,3,4,vig_tiny,cifar10,0.3,6,_vig_blocks.5,0.784358
20,3,4,vig_tiny,cifar10,0.3,7,_vig_blocks.6,0.776600
20,3,4,vig_tiny,cifar10,0.3,8,_vig_blocks.7,0.765837
20,3,4,vig_tiny,cifar10,0.3,9,_vig_blocks.8,0.767223
20,3,4,vig_tiny,cifar10,0.3,10,_vig_blocks.9,0.766922
20,3,4,vig_tiny,cifar10,0.3,11,_vig_blocks.10,0.756311
20,3,4,vig_tiny,cifar10,0.3,12,_vig_blocks.11,0.725292
20,3,4,vig_tiny,cifar10,0.3,13,classifier,0.716796
20,3,5,vig_tiny,cifar10,0.3,0,_vig_stem,0.916238
20,3,5,vig_tiny,cifar10,0.3,1,_vig_blocks.0,0.825173
20,3,5,vig_tiny,cifar10,0.3,2,_vig_blocks.1,0.798501
20,3,5,vig_tiny,cifar10,0.3,3,_vig_blocks.2,0.793324
20,3,5,vig_tiny,cifar10,0.3,4,_vig_blocks.3,0.780357
20,3,5,vig_tiny,cifar10,0.3,5,_vig_blocks.4,0.769434
20,3,5,vig_tiny,cifar10,0.3,6,_vig_blocks.5,0.760660
20,3,5,vig_tiny,cifar10,0.3,7,_vig_blocks.6,0.761551
20,3,5,vig_tiny,cifar10,0.3,8,_vig_blocks.7,0.753876
20,3,5,vig_tiny,cifar10,0.3,9,_vig_blocks.8,0.751053
20,3,5,vig_tiny,cifar10,0.3,10,_vig_blocks.9,0.744051
20,3,5,vig_tiny,cifar10,0.3,11,_vig_blocks.10,0.734368
20,3,5,vig_tiny,cifar10,0.3,12,_vig_blocks.11,0.716082
20,3,5,vig_tiny,cifar10,0.3,13,classifier,0.705753
20,3,6,vig_tiny,cifar10,0.3,0,_vig_stem,0.868590
20,3,6,vig_tiny,cifar10,0.3,1,_vig_blocks.0,0.828635
20,3,6,vig_tiny,cifar10,0.3,2,_vig_blocks.1,0.803656
20,3,6,vig_tiny,cifar10,0.3,3,_vig_blocks.2,0.784954
20,3,6,vig_tiny,cifar10,0.3,4,_vig_blocks.3,0.779886
20,3,6,vig_tiny,cifar10,0.3,5,_vig_blocks.4,0.775520
20,3,6,vig_tiny,cifar10,0.3,6,_vig_blocks.5,0.750154
20,3,6,vig_tiny,cifar10,0.3,7,_vig_blocks.6,0.727695
20,3,6,vig_tiny,cifar10,0.3,8,_vig_blocks.7,0.728534
20,3,6,vig_tiny,cifar10,0.3,9,_vig_blocks.8,0.729897
20,3,6,vig_tiny,cifar10,0.3,10,_vig_blocks.9,0.732499
20,3,6,vig_tiny,cifar10,0.3,11,_vig_blocks.10,0.734542
20,3,6,vig_tiny,cifar10,0.3,12,_vig_blocks.11,0.715125
20,3,6,vig_tiny,cifar10,0.3,13,classifier,0.699391
20,3,7,vig_tiny,cifar10,0.3,0,_vig_stem,0.903165
20,3,7,vig_tiny,cifar10,0.3,1,_vig_blocks.0,0.806428
20,3,7,vig_tiny,cifar10,0.3,2,_vig_blocks.1,0.762666
20,3,7,vig_tiny,cifar10,0.3,3,_vig_blocks.2,0.764266
20,3,7,vig_tiny,cifar10,0.3,4,_vig_blocks.3,0.768711
20,3,7,vig_tiny,cifar10,0.3,5,_vig_blocks.4,0.762119
20,3,7,vig_tiny,cifar10,0.3,6,_vig_blocks.5,0.737129
20,3,7,vig_tiny,cifar10,0.3,7,_vig_blocks.6,0.698369
20,3,7,vig_tiny,cifar10,0.3,8,_vig_blocks.7,0.687735
20,3,7,vig_tiny,cifar10,0.3,9,_vig_blocks.8,0.646905
20,3,7,vig_tiny,cifar10,0.3,10,_vig_blocks.9,0.605285
20,3,7,vig_tiny,cifar10,0.3,11,_vig_blocks.10,0.562195
20,3,7,vig_tiny,cifar10,0.3,12,_vig_blocks.11,0.490922
20,3,7,vig_tiny,cifar10,0.3,13,classifier,0.317555
20,3,8,vig_tiny,cifar10,0.3,0,_vig_stem,0.861572
20,3,8,vig_tiny,cifar10,0.3,1,_vig_blocks.0,0.738858
20,3,8,vig_tiny,cifar10,0.3,2,_vig_blocks.1,0.766651
20,3,8,vig_tiny,cifar10,0.3,3,_vig_blocks.2,0.775705
20,3,8,vig_tiny,cifar10,0.3,4,_vig_blocks.3,0.772064
20,3,8,vig_tiny,cifar10,0.3,5,_vig_blocks.4,0.754605
20,3,8,vig_tiny,cifar10,0.3,6,_vig_blocks.5,0.735757
20,3,8,vig_tiny,cifar10,0.3,7,_vig_blocks.6,0.720685
20,3,8,vig_tiny,cifar10,0.3,8,_vig_blocks.7,0.703263
20,3,8,vig_tiny,cifar10,0.3,9,_vig_blocks.8,0.699988
20,3,8,vig_tiny,cifar10,0.3,10,_vig_blocks.9,0.665533
20,3,8,vig_tiny,cifar10,0.3,11,_vig_blocks.10,0.639699
20,3,8,vig_tiny,cifar10,0.3,12,_vig_blocks.11,0.606607
20,3,8,vig_tiny,cifar10,0.3,13,classifier,0.507267
20,3,9,vig_tiny,cifar10,0.3,0,_vig_stem,0.930427
20,3,9,vig_tiny,cifar10,0.3,1,_vig_blocks.0,0.839609
20,3,9,vig_tiny,cifar10,0.3,2,_vig_blocks.1,0.796768
20,3,9,vig_tiny,cifar10,0.3,3,_vig_blocks.2,0.797682
20,3,9,vig_tiny,cifar10,0.3,4,_vig_blocks.3,0.786027
20,3,9,vig_tiny,cifar10,0.3,5,_vig_blocks.4,0.772325
20,3,9,vig_tiny,cifar10,0.3,6,_vig_blocks.5,0.760697
20,3,9,vig_tiny,cifar10,0.3,7,_vig_blocks.6,0.751660
20,3,9,vig_tiny,cifar10,0.3,8,_vig_blocks.7,0.752273
20,3,9,vig_tiny,cifar10,0.3,9,_vig_blocks.8,0.736818
20,3,9,vig_tiny,cifar10,0.3,10,_vig_blocks.9,0.720052
20,3,9,vig_tiny,cifar10,0.3,11,_vig_blocks.10,0.716239
20,3,9,vig_tiny,cifar10,0.3,12,_vig_blocks.11,0.702119
20,3,9,vig_tiny,cifar10,0.3,13,classifier,0.725212
20,4,5,vig_tiny,cifar10,0.3,0,_vig_stem,0.909161
20,4,5,vig_tiny,cifar10,0.3,1,_vig_blocks.0,0.829357
20,4,5,vig_tiny,cifar10,0.3,2,_vig_blocks.1,0.818758
20,4,5,vig_tiny,cifar10,0.3,3,_vig_blocks.2,0.826562
20,4,5,vig_tiny,cifar10,0.3,4,_vig_blocks.3,0.829024
20,4,5,vig_tiny,cifar10,0.3,5,_vig_blocks.4,0.816537
20,4,5,vig_tiny,cifar10,0.3,6,_vig_blocks.5,0.808119
20,4,5,vig_tiny,cifar10,0.3,7,_vig_blocks.6,0.797976
20,4,5,vig_tiny,cifar10,0.3,8,_vig_blocks.7,0.797629
20,4,5,vig_tiny,cifar10,0.3,9,_vig_blocks.8,0.776401
20,4,5,vig_tiny,cifar10,0.3,10,_vig_blocks.9,0.762336
20,4,5,vig_tiny,cifar10,0.3,11,_vig_blocks.10,0.747314
20,4,5,vig_tiny,cifar10,0.3,12,_vig_blocks.11,0.725840
20,4,5,vig_tiny,cifar10,0.3,13,classifier,0.755174
20,4,6,vig_tiny,cifar10,0.3,0,_vig_stem,0.894837
20,4,6,vig_tiny,cifar10,0.3,1,_vig_blocks.0,0.843399
20,4,6,vig_tiny,cifar10,0.3,2,_vig_blocks.1,0.802572
20,4,6,vig_tiny,cifar10,0.3,3,_vig_blocks.2,0.800126
20,4,6,vig_tiny,cifar10,0.3,4,_vig_blocks.3,0.805918
20,4,6,vig_tiny,cifar10,0.3,5,_vig_blocks.4,0.786624
20,4,6,vig_tiny,cifar10,0.3,6,_vig_blocks.5,0.782038
20,4,6,vig_tiny,cifar10,0.3,7,_vig_blocks.6,0.779401
20,4,6,vig_tiny,cifar10,0.3,8,_vig_blocks.7,0.769092
20,4,6,vig_tiny,cifar10,0.3,9,_vig_blocks.8,0.751630
20,4,6,vig_tiny,cifar10,0.3,10,_vig_blocks.9,0.722940
20,4,6,vig_tiny,cifar10,0.3,11,_vig_blocks.10,0.709337
20,4,6,vig_tiny,cifar10,0.3,12,_vig_blocks.11,0.693421
20,4,6,vig_tiny,cifar10,0.3,13,classifier,0.664896
20,4,7,vig_tiny,cifar10,0.3,0,_vig_stem,0.923137
20,4,7,vig_tiny,cifar10,0.3,1,_vig_blocks.0,0.874150
20,4,7,vig_tiny,cifar10,0.3,2,_vig_blocks.1,0.856460
20,4,7,vig_tiny,cifar10,0.3,3,_vig_blocks.2,0.854499
20,4,7,vig_tiny,cifar10,0.3,4,_vig_blocks.3,0.830345
20,4,7,vig_tiny,cifar10,0.3,5,_vig_blocks.4,0.811998
20,4,7,vig_tiny,cifar10,0.3,6,_vig_blocks.5,0.784453
20,4,7,vig_tiny,cifar10,0.3,7,_vig_blocks.6,0.749163
20,4,7,vig_tiny,cifar10,0.3,8,_vig_blocks.7,0.733037
20,4,7,vig_tiny,cifar10,0.3,9,_vig_blocks.8,0.680359
20,4,7,vig_tiny,cifar10,0.3,10,_vig_blocks.9,0.629687
20,4,7,vig_tiny,cifar10,0.3,11,_vig_blocks.10,0.569134
20,4,7,vig_tiny,cifar10,0.3,12,_vig_blocks.11,0.500181
20,4,7,vig_tiny,cifar10,0.3,13,classifier,0.284833
20,4,8,vig_tiny,cifar10,0.3,0,_vig_stem,0.870082
20,4,8,vig_tiny,cifar10,0.3,1,_vig_blocks.0,0.816685
20,4,8,vig_tiny,cifar10,0.3,2,_vig_blocks.1,0.809309
20,4,8,vig_tiny,cifar10,0.3,3,_vig_blocks.2,0.841202
20,4,8,vig_tiny,cifar10,0.3,4,_vig_blocks.3,0.847738
20,4,8,vig_tiny,cifar10,0.3,5,_vig_blocks.4,0.824633
20,4,8,vig_tiny,cifar10,0.3,6,_vig_blocks.5,0.809719
20,4,8,vig_tiny,cifar10,0.3,7,_vig_blocks.6,0.798922
20,4,8,vig_tiny,cifar10,0.3,8,_vig_blocks.7,0.794021
20,4,8,vig_tiny,cifar10,0.3,9,_vig_blocks.8,0.763898
20,4,8,vig_tiny,cifar10,0.3,10,_vig_blocks.9,0.730427
20,4,8,vig_tiny,cifar10,0.3,11,_vig_blocks.10,0.671528
20,4,8,vig_tiny,cifar10,0.3,12,_vig_blocks.11,0.616940
20,4,8,vig_tiny,cifar10,0.3,13,classifier,0.565919
20,4,9,vig_tiny,cifar10,0.3,0,_vig_stem,0.921203
20,4,9,vig_tiny,cifar10,0.3,1,_vig_blocks.0,0.879074
20,4,9,vig_tiny,cifar10,0.3,2,_vig_blocks.1,0.838327
20,4,9,vig_tiny,cifar10,0.3,3,_vig_blocks.2,0.841206
20,4,9,vig_tiny,cifar10,0.3,4,_vig_blocks.3,0.834459
20,4,9,vig_tiny,cifar10,0.3,5,_vig_blocks.4,0.830292
20,4,9,vig_tiny,cifar10,0.3,6,_vig_blocks.5,0.822414
20,4,9,vig_tiny,cifar10,0.3,7,_vig_blocks.6,0.810381
20,4,9,vig_tiny,cifar10,0.3,8,_vig_blocks.7,0.787679
20,4,9,vig_tiny,cifar10,0.3,9,_vig_blocks.8,0.758104
20,4,9,vig_tiny,cifar10,0.3,10,_vig_blocks.9,0.745714
20,4,9,vig_tiny,cifar10,0.3,11,_vig_blocks.10,0.727818
20,4,9,vig_tiny,cifar10,0.3,12,_vig_blocks.11,0.693054
20,4,9,vig_tiny,cifar10,0.3,13,classifier,0.745261
20,5,6,vig_tiny,cifar10,0.3,0,_vig_stem,0.877569
20,5,6,vig_tiny,cifar10,0.3,1,_vig_blocks.0,0.795002
20,5,6,vig_tiny,cifar10,0.3,2,_vig_blocks.1,0.736568
20,5,6,vig_tiny,cifar10,0.3,3,_vig_blocks.2,0.732316
20,5,6,vig_tiny,cifar10,0.3,4,_vig_blocks.3,0.748047
20,5,6,vig_tiny,cifar10,0.3,5,_vig_blocks.4,0.726993
20,5,6,vig_tiny,cifar10,0.3,6,_vig_blocks.5,0.711895
20,5,6,vig_tiny,cifar10,0.3,7,_vig_blocks.6,0.700690
20,5,6,vig_tiny,cifar10,0.3,8,_vig_blocks.7,0.717337
20,5,6,vig_tiny,cifar10,0.3,9,_vig_blocks.8,0.694674
20,5,6,vig_tiny,cifar10,0.3,10,_vig_blocks.9,0.676536
20,5,6,vig_tiny,cifar10,0.3,11,_vig_blocks.10,0.674629
20,5,6,vig_tiny,cifar10,0.3,12,_vig_blocks.11,0.655420
20,5,6,vig_tiny,cifar10,0.3,13,classifier,0.607159
20,5,7,vig_tiny,cifar10,0.3,0,_vig_stem,0.900506
20,5,7,vig_tiny,cifar10,0.3,1,_vig_blocks.0,0.841069
20,5,7,vig_tiny,cifar10,0.3,2,_vig_blocks.1,0.766685
20,5,7,vig_tiny,cifar10,0.3,3,_vig_blocks.2,0.782194
20,5,7,vig_tiny,cifar10,0.3,4,_vig_blocks.3,0.780735
20,5,7,vig_tiny,cifar10,0.3,5,_vig_blocks.4,0.783841
20,5,7,vig_tiny,cifar10,0.3,6,_vig_blocks.5,0.757853
20,5,7,vig_tiny,cifar10,0.3,7,_vig_blocks.6,0.727739
20,5,7,vig_tiny,cifar10,0.3,8,_vig_blocks.7,0.724068
20,5,7,vig_tiny,cifar10,0.3,9,_vig_blocks.8,0.662595
20,5,7,vig_tiny,cifar10,0.3,10,_vig_blocks.9,0.620868
20,5,7,vig_tiny,cifar10,0.3,11,_vig_blocks.10,0.574098
20,5,7,vig_tiny,cifar10,0.3,12,_vig_blocks.11,0.523424
20,5,7,vig_tiny,cifar10,0.3,13,classifier,0.304347
20,5,8,vig_tiny,cifar10,0.3,0,_vig_stem,0.879354
20,5,8,vig_tiny,cifar10,0.3,1,_vig_blocks.0,0.770007
20,5,8,vig_tiny,cifar10,0.3,2,_vig_blocks.1,0.751038
20,5,8,vig_tiny,cifar10,0.3,3,_vig_blocks.2,0.782742
20,5,8,vig_tiny,cifar10,0.3,4,_vig_blocks.3,0.777775
20,5,8,vig_tiny,cifar10,0.3,5,_vig_blocks.4,0.759275
20,5,8,vig_tiny,cifar10,0.3,6,_vig_blocks.5,0.753675
20,5,8,vig_tiny,cifar10,0.3,7,_vig_blocks.6,0.744470
20,5,8,vig_tiny,cifar10,0.3,8,_vig_blocks.7,0.739732
20,5,8,vig_tiny,cifar10,0.3,9,_vig_blocks.8,0.712867
20,5,8,vig_tiny,cifar10,0.3,10,_vig_blocks.9,0.675123
20,5,8,vig_tiny,cifar10,0.3,11,_vig_blocks.10,0.636642
20,5,8,vig_tiny,cifar10,0.3,12,_vig_blocks.11,0.596588
20,5,8,vig_tiny,cifar10,0.3,13,classifier,0.427444
20,5,9,vig_tiny,cifar10,0.3,0,_vig_stem,0.914147
20,5,9,vig_tiny,cifar10,0.3,1,_vig_blocks.0,0.876622
20,5,9,vig_tiny,cifar10,0.3,2,_vig_blocks.1,0.835709
20,5,9,vig_tiny,cifar10,0.3,3,_vig_blocks.2,0.828619
20,5,9,vig_tiny,cifar10,0.3,4,_vig_blocks.3,0.836960
20,5,9,vig_tiny,cifar10,0.3,5,_vig_blocks.4,0.827294
20,5,9,vig_tiny,cifar10,0.3,6,_vig_blocks.5,0.802729
20,5,9,vig_tiny,cifar10,0.3,7,_vig_blocks.6,0.787366
20,5,9,vig_tiny,cifar10,0.3,8,_vig_blocks.7,0.795853
20,5,9,vig_tiny,cifar10,0.3,9,_vig_blocks.8,0.758071
20,5,9,vig_tiny,cifar10,0.3,10,_vig_blocks.9,0.746029
20,5,9,vig_tiny,cifar10,0.3,11,_vig_blocks.10,0.727049
20,5,9,vig_tiny,cifar10,0.3,12,_vig_blocks.11,0.701728
20,5,9,vig_tiny,cifar10,0.3,13,classifier,0.628476
20,6,7,vig_tiny,cifar10,0.3,0,_vig_stem,0.848174
20,6,7,vig_tiny,cifar10,0.3,1,_vig_blocks.0,0.765204
20,6,7,vig_tiny,cifar10,0.3,2,_vig_blocks.1,0.743908
20,6,7,vig_tiny,cifar10,0.3,3,_vig_blocks.2,0.748596
20,6,7,vig_tiny,cifar10,0.3,4,_vig_blocks.3,0.744945
20,6,7,vig_tiny,cifar10,0.3,5,_vig_blocks.4,0.723517
20,6,7,vig_tiny,cifar10,0.3,6,_vig_blocks.5,0.687607
20,6,7,vig_tiny,cifar10,0.3,7,_vig_blocks.6,0.664351
20,6,7,vig_tiny,cifar10,0.3,8,_vig_blocks.7,0.681434
20,6,7,vig_tiny,cifar10,0.3,9,_vig_blocks.8,0.621099
20,6,7,vig_tiny,cifar10,0.3,10,_vig_blocks.9,0.581144
20,6,7,vig_tiny,cifar10,0.3,11,_vig_blocks.10,0.538662
20,6,7,vig_tiny,cifar10,0.3,12,_vig_blocks.11,0.461177
20,6,7,vig_tiny,cifar10,0.3,13,classifier,0.264537
20,6,8,vig_tiny,cifar10,0.3,0,_vig_stem,0.882044
20,6,8,vig_tiny,cifar10,0.3,1,_vig_blocks.0,0.821315
20,6,8,vig_tiny,cifar10,0.3,2,_vig_blocks.1,0.804590
20,6,8,vig_tiny,cifar10,0.3,3,_vig_blocks.2,0.793096
20,6,8,vig_tiny,cifar10,0.3,4,_vig_blocks.3,0.804722
20,6,8,vig_tiny,cifar10,0.3,5,_vig_blocks.4,0.792490
20,6,8,vig_tiny,cifar10,0.3,6,_vig_blocks.5,0.791369
20,6,8,vig_tiny,cifar10,0.3,7,_vig_blocks.6,0.810497
20,6,8,vig_tiny,cifar10,0.3,8,_vig_blocks.7,0.824736
20,6,8,vig_tiny,cifar10,0.3,9,_vig_blocks.8,0.805727
20,6,8,vig_tiny,cifar10,0.3,10,_vig_blocks.9,0.783985
20,6,8,vig_tiny,cifar10,0.3,11,_vig_blocks.10,0.751892
20,6,8,vig_tiny,cifar10,0.3,12,_vig_blocks.11,0.700502
20,6,8,vig_tiny,cifar10,0.3,13,classifier,0.559963
20,6,9,vig_tiny,cifar10,0.3,0,_vig_stem,0.913922
20,6,9,vig_tiny,cifar10,0.3,1,_vig_blocks.0,0.855829
20,6,9,vig_tiny,cifar10,0.3,2,_vig_blocks.1,0.802164
20,6,9,vig_tiny,cifar10,0.3,3,_vig_blocks.2,0.797929
20,6,9,vig_tiny,cifar10,0.3,4,_vig_blocks.3,0.804216
20,6,9,vig_tiny,cifar10,0.3,5,_vig_blocks.4,0.792924
20,6,9,vig_tiny,cifar10,0.3,6,_vig_blocks.5,0.770615
20,6,9,vig_tiny,cifar10,0.3,7,_vig_blocks.6,0.760300
20,6,9,vig_tiny,cifar10,0.3,8,_vig_blocks.7,0.776315
20,6,9,vig_tiny,cifar10,0.3,9,_vig_blocks.8,0.745414
20,6,9,vig_tiny,cifar10,0.3,10,_vig_blocks.9,0.743431
20,6,9,vig_tiny,cifar10,0.3,11,_vig_blocks.10,0.731462
20,6,9,vig_tiny,cifar10,0.3,12,_vig_blocks.11,0.700741
20,6,9,vig_tiny,cifar10,0.3,13,classifier,0.648014
20,7,8,vig_tiny,cifar10,0.3,0,_vig_stem,0.828275
20,7,8,vig_tiny,cifar10,0.3,1,_vig_blocks.0,0.740523
20,7,8,vig_tiny,cifar10,0.3,2,_vig_blocks.1,0.742499
20,7,8,vig_tiny,cifar10,0.3,3,_vig_blocks.2,0.775423
20,7,8,vig_tiny,cifar10,0.3,4,_vig_blocks.3,0.773586
20,7,8,vig_tiny,cifar10,0.3,5,_vig_blocks.4,0.754196
20,7,8,vig_tiny,cifar10,0.3,6,_vig_blocks.5,0.735806
20,7,8,vig_tiny,cifar10,0.3,7,_vig_blocks.6,0.711356
20,7,8,vig_tiny,cifar10,0.3,8,_vig_blocks.7,0.710613
20,7,8,vig_tiny,cifar10,0.3,9,_vig_blocks.8,0.654749
20,7,8,vig_tiny,cifar10,0.3,10,_vig_blocks.9,0.605185
20,7,8,vig_tiny,cifar10,0.3,11,_vig_blocks.10,0.547334
20,7,8,vig_tiny,cifar10,0.3,12,_vig_blocks.11,0.476475
20,7,8,vig_tiny,cifar10,0.3,13,classifier,0.205076
20,7,9,vig_tiny,cifar10,0.3,0,_vig_stem,0.904115
20,7,9,vig_tiny,cifar10,0.3,1,_vig_blocks.0,0.841176
20,7,9,vig_tiny,cifar10,0.3,2,_vig_blocks.1,0.815191
20,7,9,vig_tiny,cifar10,0.3,3,_vig_blocks.2,0.821554
20,7,9,vig_tiny,cifar10,0.3,4,_vig_blocks.3,0.806685
20,7,9,vig_tiny,cifar10,0.3,5,_vig_blocks.4,0.801432
20,7,9,vig_tiny,cifar10,0.3,6,_vig_blocks.5,0.782993
20,7,9,vig_tiny,cifar10,0.3,7,_vig_blocks.6,0.758739
20,7,9,vig_tiny,cifar10,0.3,8,_vig_blocks.7,0.750016
20,7,9,vig_tiny,cifar10,0.3,9,_vig_blocks.8,0.692408
20,7,9,vig_tiny,cifar10,0.3,10,_vig_blocks.9,0.646995
20,7,9,vig_tiny,cifar10,0.3,11,_vig_blocks.10,0.583008
20,7,9,vig_tiny,cifar10,0.3,12,_vig_blocks.11,0.504494
20,7,9,vig_tiny,cifar10,0.3,13,classifier,0.258235
20,8,9,vig_tiny,cifar10,0.3,0,_vig_stem,0.874611
20,8,9,vig_tiny,cifar10,0.3,1,_vig_blocks.0,0.780175
20,8,9,vig_tiny,cifar10,0.3,2,_vig_blocks.1,0.742074
20,8,9,vig_tiny,cifar10,0.3,3,_vig_blocks.2,0.759352
20,8,9,vig_tiny,cifar10,0.3,4,_vig_blocks.3,0.769212
20,8,9,vig_tiny,cifar10,0.3,5,_vig_blocks.4,0.756981
20,8,9,vig_tiny,cifar10,0.3,6,_vig_blocks.5,0.748110
20,8,9,vig_tiny,cifar10,0.3,7,_vig_blocks.6,0.738396
20,8,9,vig_tiny,cifar10,0.3,8,_vig_blocks.7,0.736908
20,8,9,vig_tiny,cifar10,0.3,9,_vig_blocks.8,0.709162
20,8,9,vig_tiny,cifar10,0.3,10,_vig_blocks.9,0.698806
20,8,9,vig_tiny,cifar10,0.3,11,_vig_blocks.10,0.672239
20,8,9,vig_tiny,cifar10,0.3,12,_vig_blocks.11,0.652344
20,8,9,vig_tiny,cifar10,0.3,13,classifier,0.703236
30,0,1,vig_tiny,cifar10,0.3,0,_vig_stem,0.924537
30,0,1,vig_tiny,cifar10,0.3,1,_vig_blocks.0,0.875766
30,0,1,vig_tiny,cifar10,0.3,2,_vig_blocks.1,0.857927
30,0,1,vig_tiny,cifar10,0.3,3,_vig_blocks.2,0.860089
30,0,1,vig_tiny,cifar10,0.3,4,_vig_blocks.3,0.855952
30,0,1,vig_tiny,cifar10,0.3,5,_vig_blocks.4,0.847615
30,0,1,vig_tiny,cifar10,0.3,6,_vig_blocks.5,0.842384
30,0,1,vig_tiny,cifar10,0.3,7,_vig_blocks.6,0.838503
30,0,1,vig_tiny,cifar10,0.3,8,_vig_blocks.7,0.845928
30,0,1,vig_tiny,cifar10,0.3,9,_vig_blocks.8,0.829950
30,0,1,vig_tiny,cifar10,0.3,10,_vig_blocks.9,0.813460
30,0,1,vig_tiny,cifar10,0.3,11,_vig_blocks.10,0.771157
30,0,1,vig_tiny,cifar10,0.3,12,_vig_blocks.11,0.717026
30,0,1,vig_tiny,cifar10,0.3,13,classifier,0.627632
30,0,2,vig_tiny,cifar10,0.3,0,_vig_stem,0.901630
30,0,2,vig_tiny,cifar10,0.3,1,_vig_blocks.0,0.831059
30,0,2,vig_tiny,cifar10,0.3,2,_vig_blocks.1,0.795183
30,0,2,vig_tiny,cifar10,0.3,3,_vig_blocks.2,0.787768
30,0,2,vig_tiny,cifar10,0.3,4,_vig_blocks.3,0.800655
30,0,2,vig_tiny,cifar10,0.3,5,_vig_blocks.4,0.803532
30,0,2,vig_tiny,cifar10,0.3,6,_vig_blocks.5,0.787025
30,0,2,vig_tiny,cifar10,0.3,7,_vig_blocks.6,0.778582
30,0,2,vig_tiny,cifar10,0.3,8,_vig_blocks.7,0.792307
30,0,2,vig_tiny,cifar10,0.3,9,_vig_blocks.8,0.771994
30,0,2,vig_tiny,cifar10,0.3,10,_vig_blocks.9,0.768090
30,0,2,vig_tiny,cifar10,0.3,11,_vig_blocks.10,0.758227
30,0,2,vig_tiny,cifar10,0.3,12,_vig_blocks.11,0.740918
30,0,2,vig_tiny,cifar10,0.3,13,classifier,0.788620
30,0,3,vig_tiny,cifar10,0.3,0,_vig_stem,0.896396
30,0,3,vig_tiny,cifar10,0.3,1,_vig_blocks.0,0.850490
30,0,3,vig_tiny,cifar10,0.3,2,_vig_blocks.1,0.846218
30,0,3,vig_tiny,cifar10,0.3,3,_vig_blocks.2,0.843613
30,0,3,vig_tiny,cifar10,0.3,4,_vig_blocks.3,0.833206
30,0,3,vig_tiny,cifar10,0.3,5,_vig_blocks.4,0.824654
30,0,3,vig_tiny,cifar10,0.3,6,_vig_blocks.5,0.809288
30,0,3,vig_tiny,cifar10,0.3,7,_vig_blocks.6,0.774753
30,0,3,vig_tiny,cifar10,0.3,8,_vig_blocks.7,0.763038
30,0,3,vig_tiny,cifar10,0.3,9,_vig_blocks.8,0.737488
30,0,3,vig_tiny,cifar10,0.3,10,_vig_blocks.9,0.684281
30,0,3,vig_tiny,cifar10,0.3,11,_vig_blocks.10,0.631991
30,0,3,vig_tiny,cifar10,0.3,12,_vig_blocks.11,0.583802
30,0,3,vig_tiny,cifar10,0.3,13,classifier,0.388177
30,0,4,vig_tiny,cifar10,0.3,0,_vig_stem,0.872856
30,0,4,vig_tiny,cifar10,0.3,1,_vig_blocks.0,0.838855
30,0,4,vig_tiny,cifar10,0.3,2,_vig_blocks.1,0.823405
30,0,4,vig_tiny,cifar10,0.3,3,_vig_blocks.2,0.839933
30,0,4,vig_tiny,cifar10,0.3,4,_vig_blocks.3,0.854294
30,0,4,vig_tiny,cifar10,0.3,5,_vig_blocks.4,0.848444
30,0,4,vig_tiny,cifar10,0.3,6,_vig_blocks.5,0.839811
30,0,4,vig_tiny,cifar10,0.3,7,_vig_blocks.6,0.831470
30,0,4,vig_tiny,cifar10,0.3,8,_vig_blocks.7,0.834218
30,0,4,vig_tiny,cifar10,0.3,9,_vig_blocks.8,0.812781
30,0,4,vig_tiny,cifar10,0.3,10,_vig_blocks.9,0.777813
30,0,4,vig_tiny,cifar10,0.3,11,_vig_blocks.10,0.713482
30,0,4,vig_tiny,cifar10,0.3,12,_vig_blocks.11,0.643470
30,0,4,vig_tiny,cifar10,0.3,13,classifier,0.586802
30,0,5,vig_tiny,cifar10,0.3,0,_vig_stem,0.852734
30,0,5,vig_tiny,cifar10,0.3,1,_vig_blocks.0,0.764604
30,0,5,vig_tiny,cifar10,0.3,2,_vig_blocks.1,0.689066
30,0,5,vig_tiny,cifar10,0.3,3,_vig_blocks.2,0.679932
30,0,5,vig_tiny,cifar10,0.3,4,_vig_blocks.3,0.690125
30,0,5,vig_tiny,cifar10,0.3,5,_vig_blocks.4,0.705128
30,0,5,vig_tiny,cifar10,0.3,6,_vig_blocks.5,0.696031
30,0,5,vig_tiny,cifar10,0.3,7,_vig_blocks.6,0.687280
30,0,5,vig_tiny,cifar10,0.3,8,_vig_blocks.7,0.686634
30,0,5,vig_tiny,cifar10,0.3,9,_vig_blocks.8,0.655188
30,0,5,vig_tiny,cifar10,0.3,10,_vig_blocks.9,0.604909
30,0,5,vig_tiny,cifar10,0.3,11,_vig_blocks.10,0.541868
30,0,5,vig_tiny,cifar10,0.3,12,_vig_blocks.11,0.472305
30,0,5,vig_tiny,cifar10,0.3,13,classifier,0.298047
30,0,6,vig_tiny,cifar10,0.3,0,_vig_stem,0.892360
30,0,6,vig_tiny,cifar10,0.3,1,_vig_blocks.0,0.822692
30,0,6,vig_tiny,cifar10,0.3,2,_vig_blocks.1,0.775406
30,0,6,vig_tiny,cifar10,0.3,3,_vig_blocks.2,0.772018
30,0,6,vig_tiny,cifar10,0.3,4,_vig_blocks.3,0.767323
30,0,6,vig_tiny,cifar10,0.3,5,_vig_blocks.4,0.769457
30,0,6,vig_tiny,cifar10,0.3,6,_vig_blocks.5,0.759948
30,0,6,vig_tiny,cifar10,0.3,7,_vig_blocks.6,0.755046
30,0,6,vig_tiny,cifar10,0.3,8,_vig_blocks.7,0.752865
30,0,6,vig_tiny,cifar10,0.3,9,_vig_blocks.8,0.733049
30,0,6,vig_tiny,cifar10,0.3,10,_vig_blocks.9,0.704254
30,0,6,vig_tiny,cifar10,0.3,11,_vig_blocks.10,0.654324
30,0,6,vig_tiny,cifar10,0.3,12,_vig_blocks.11,0.628812
30,0,6,vig_tiny,cifar10,0.3,13,classifier,0.525903
30,0,7,vig_tiny,cifar10,0.3,0,_vig_stem,0.876414
30,0,7,vig_tiny,cifar10,0.3,1,_vig_blocks.0,0.807703
30,0,7,vig_tiny,cifar10,0.3,2,_vig_blocks.1,0.745923
30,0,7,vig_tiny,cifar10,0.3,3,_vig_blocks.2,0.752662
30,0,7,vig_tiny,cifar10,0.3,4,_vig_blocks.3,0.762372
30,0,7,vig_tiny,cifar10,0.3,5,_vig_blocks.4,0.765839
30,0,7,vig_tiny,cifar10,0.3,6,_vig_blocks.5,0.738424
30,0,7,vig_tiny,cifar10,0.3,7,_vig_blocks.6,0.706476
30,0,7,vig_tiny,cifar10,0.3,8,_vig_blocks.7,0.699287
30,0,7,vig_tiny,cifar10,0.3,9,_vig_blocks.8,0.640668
30,0,7,vig_tiny,cifar10,0.3,10,_vig_blocks.9,0.586794
30,0,7,vig_tiny,cifar10,0.3,11,_vig_blocks.10,0.529480
30,0,7,vig_tiny,cifar10,0.3,12,_vig_blocks.11,0.482925
30,0,7,vig_tiny,cifar10,0.3,13,classifier,0.227407
30,0,8,vig_tiny,cifar10,0.3,0,_vig_stem,0.904218
30,0,8,vig_tiny,cifar10,0.3,1,_vig_blocks.0,0.833945
30,0,8,vig_tiny,cifar10,0.3,2,_vig_blocks.1,0.820589
30,0,8,vig_tiny,cifar10,0.3,3,_vig_blocks.2,0.828507
30,0,8,vig_tiny,cifar10,0.3,4,_vig_blocks.3,0.836820
30,0,8,vig_tiny,cifar10,0.3,5,_vig_blocks.4,0.841586
30,0,8,vig_tiny,cifar10,0.3,6,_vig_blocks.5,0.823950
30,0,8,vig_tiny,cifar10,0.3,7,_vig_blocks.6,0.806492
30,0,8,vig_tiny,cifar10,0.3,8,_vig_blocks.7,0.806678
30,0,8,vig_tiny,cifar10,0.3,9,_vig_blocks.8,0.782780
30,0,8,vig_tiny,cifar10,0.3,10,_vig_blocks.9,0.765740
30,0,8,vig_tiny,cifar10,0.3,11,_vig_blocks.10,0.729425
30,0,8,vig_tiny,cifar10,0.3,12,_vig_blocks.11,0.687885
30,0,8,vig_tiny,cifar10,0.3,13,classifier,0.670006
30,0,9,vig_tiny,cifar10,0.3,0,_vig_stem,0.894368
30,0,9,vig_tiny,cifar10,0.3,1,_vig_blocks.0,0.848060
30,0,9,vig_tiny,cifar10,0.3,2,_vig_blocks.1,0.817963
30,0,9,vig_tiny,cifar10,0.3,3,_vig_blocks.2,0.803508
30,0,9,vig_tiny,cifar10,0.3,4,_vig_blocks.3,0.803672
30,0,9,vig_tiny,cifar10,0.3,5,_vig_blocks.4,0.797768
30,0,9,vig_tiny,cifar10,0.3,6,_vig_blocks.5,0.777521
30,0,9,vig_tiny,cifar10,0.3,7,_vig_blocks.6,0.756892
30,0,9,vig_tiny,cifar10,0.3,8,_vig_blocks.7,0.758462
30,0,9,vig_tiny,cifar10,0.3,9,_vig_blocks.8,0.729708
30,0,9,vig_tiny,cifar10,0.3,10,_vig_blocks.9,0.698534
30,0,9,vig_tiny,cifar10,0.3,11,_vig_blocks.10,0.659599
30,0,9,vig_tiny,cifar10,0.3,12,_vig_blocks.11,0.618551
30,0,9,vig_tiny,cifar10,0.3,13,classifier,0.540300
30,1,2,vig_tiny,cifar10,0.3,0,_vig_stem,0.887979
30,1,2,vig_tiny,cifar10,0.3,1,_vig_blocks.0,0.824379
30,1,2,vig_tiny,cifar10,0.3,2,_vig_blocks.1,0.784305
30,1,2,vig_tiny,cifar10,0.3,3,_vig_blocks.2,0.760465
30,1,2,vig_tiny,cifar10,0.3,4,_vig_blocks.3,0.759843
30,1,2,vig_tiny,cifar10,0.3,5,_vig_blocks.4,0.764241
30,1,2,vig_tiny,cifar10,0.3,6,_vig_blocks.5,0.735388
30,1,2,vig_tiny,cifar10,0.3,7,_vig_blocks.6,0.729185
30,1,2,vig_tiny,cifar10,0.3,8,_vig_blocks.7,0.756344
30,1,2,vig_tiny,cifar10,0.3,9,_vig_blocks.8,0.737715
30,1,2,vig_tiny,cifar10,0.3,10,_vig_blocks.9,0.740305
30,1,2,vig_tiny,cifar10,0.3,11,_vig_blocks.10,0.730633
30,1,2,vig_tiny,cifar10,0.3,12,_vig_blocks.11,0.700996
30,1,2,vig_tiny,cifar10,0.3,13,classifier,0.722692
30,1,3,vig_tiny,cifar10,0.3,0,_vig_stem,0.893444
30,1,3,vig_tiny,cifar10,0.3,1,_vig_blocks.0,0.811008
30,1,3,vig_tiny,cifar10,0.3,2,_vig_blocks.1,0.822668
30,1,3,vig_tiny,cifar10,0.3,3,_vig_blocks.2,0.811344
30,1,3,vig_tiny,cifar10,0.3,4,_vig_blocks.3,0.795665
30,1,3,vig_tiny,cifar10,0.3,5,_vig_blocks.4,0.779440
30,1,3,vig_tiny,cifar10,0.3,6,_vig_blocks.5,0.765013
30,1,3,vig_tiny,cifar10,0.3,7,_vig_blocks.6,0.750174
30,1,3,vig_tiny,cifar10,0.3,8,_vig_blocks.7,0.754142
30,1,3,vig_tiny,cifar10,0.3,9,_vig_blocks.8,0.740151
30,1,3,vig_tiny,cifar10,0.3,10,_vig_blocks.9,0.716490
30,1,3,vig_tiny,cifar10,0.3,11,_vig_blocks.10,0.688892
30,1,3,vig_tiny,cifar10,0.3,12,_vig_blocks.11,0.666730
30,1,3,vig_tiny,cifar10,0.3,13,classifier,0.666739
30,1,4,vig_tiny,cifar10,0.3,0,_vig_stem,0.873613
30,1,4,vig_tiny,cifar10,0.3,1,_vig_blocks.0,0.842059
30,1,4,vig_tiny,cifar10,0.3,2,_vig_blocks.1,0.810536
30,1,4,vig_tiny,cifar10,0.3,3,_vig_blocks.2,0.829609
30,1,4,vig_tiny,cifar10,0.3,4,_vig_blocks.3,0.827554
30,1,4,vig_tiny,cifar10,0.3,5,_vig_blocks.4,0.817288
30,1,4,vig_tiny,cifar10,0.3,6,_vig_blocks.5,0.804821
30,1,4,vig_tiny,cifar10,0.3,7,_vig_blocks.6,0.785308
30,1,4,vig_tiny,cifar10,0.3,8,_vig_blocks.7,0.783619
30,1,4,vig_tiny,cifar10,0.3,9,_vig_blocks.8,0.763755
30,1,4,vig_tiny,cifar10,0.3,10,_vig_blocks.9,0.735542
30,1,4,vig_tiny,cifar10,0.3,11,_vig_blocks.10,0.694276
30,1,4,vig_tiny,cifar10,0.3,12,_vig_blocks.11,0.647864
30,1,4,vig_tiny,cifar10,0.3,13,classifier,0.698738
30,1,5,vig_tiny,cifar10,0.3,0,_vig_stem,0.875773
30,1,5,vig_tiny,cifar10,0.3,1,_vig_blocks.0,0.768892
30,1,5,vig_tiny,cifar10,0.3,2,_vig_blocks.1,0.680708
30,1,5,vig_tiny,cifar10,0.3,3,_vig_blocks.2,0.666787
30,1,5,vig_tiny,cifar10,0.3,4,_vig_blocks.3,0.673326
30,1,5,vig_tiny,cifar10,0.3,5,_vig_blocks.4,0.664093
30,1,5,vig_tiny,cifar10,0.3,6,_vig_blocks.5,0.640008
30,1,5,vig_tiny,cifar10,0.3,7,_vig_blocks.6,0.640582
30,1,5,vig_tiny,cifar10,0.3,8,_vig_blocks.7,0.644293
30,1,5,vig_tiny,cifar10,0.3,9,_vig_blocks.8,0.628589
30,1,5,vig_tiny,cifar10,0.3,10,_vig_blocks.9,0.609839
30,1,5,vig_tiny,cifar10,0.3,11,_vig_blocks.10,0.585275
30,1,5,vig_tiny,cifar10,0.3,12,_vig_blocks.11,0.547172
30,1,5,vig_tiny,cifar10,0.3,13,classifier,0.561891
30,1,6,vig_tiny,cifar10,0.3,0,_vig_stem,0.888085
30,1,6,vig_tiny,cifar10,0.3,1,_vig_blocks.0,0.770714
30,1,6,vig_tiny,cifar10,0.3,2,_vig_blocks.1,0.732532
30,1,6,vig_tiny,cifar10,0.3,3,_vig_blocks.2,0.738982
30,1,6,vig_tiny,cifar10,0.3,4,_vig_blocks.3,0.724944
30,1,6,vig_tiny,cifar10,0.3,5,_vig_blocks.4,0.708634
30,1,6,vig_tiny,cifar10,0.3,6,_vig_blocks.5,0.713458
30,1,6,vig_tiny,cifar10,0.3,7,_vig_blocks.6,0.727456
30,1,6,vig_tiny,cifar10,0.3,8,_vig_blocks.7,0.731529
30,1,6,vig_tiny,cifar10,0.3,9,_vig_blocks.8,0.690536
30,1,6,vig_tiny,cifar10,0.3,10,_vig_blocks.9,0.676100
30,1,6,vig_tiny,cifar10,0.3,11,_vig_blocks.10,0.661664
30,1,6,vig_tiny,cifar10,0.3,12,_vig_blocks.11,0.646158
30,1,6,vig_tiny,cifar10,0.3,13,classifier,0.730035
30,1,7,vig_tiny,cifar10,0.3,0,_vig_stem,0.887567
30,1,7,vig_tiny,cifar10,0.3,1,_vig_blocks.0,0.796943
30,1,7,vig_tiny,cifar10,0.3,2,_vig_blocks.1,0.717429
30,1,7,vig_tiny,cifar10,0.3,3,_vig_blocks.2,0.709261
30,1,7,vig_tiny,cifar10,0.3,4,_vig_blocks.3,0.717169
30,1,7,vig_tiny,cifar10,0.3,5,_vig_blocks.4,0.710821
30,1,7,vig_tiny,cifar10,0.3,6,_vig_blocks.5,0.673339
30,1,7,vig_tiny,cifar10,0.3,7,_vig_blocks.6,0.645115
30,1,7,vig_tiny,cifar10,0.3,8,_vig_blocks.7,0.641277
30,1,7,vig_tiny,cifar10,0.3,9,_vig_blocks.8,0.594468
30,1,7,vig_tiny,cifar10,0.3,10,_vig_blocks.9,0.569783
30,1,7,vig_tiny,cifar10,0.3,11,_vig_blocks.10,0.535640
30,1,7,vig_tiny,cifar10,0.3,12,_vig_blocks.11,0.502949
30,1,7,vig_tiny,cifar10,0.3,13,classifier,0.348011
30,1,8,vig_tiny,cifar10,0.3,0,_vig_stem,0.906138
30,1,8,vig_tiny,cifar10,0.3,1,_vig_blocks.0,0.844924
30,1,8,vig_tiny,cifar10,0.3,2,_vig_blocks.1,0.832779
30,1,8,vig_tiny,cifar10,0.3,3,_vig_blocks.2,0.849320
30,1,8,vig_tiny,cifar10,0.3,4,_vig_blocks.3,0.847115
30,1,8,vig_tiny,cifar10,0.3,5,_vig_blocks.4,0.843550
30,1,8,vig_tiny,cifar10,0.3,6,_vig_blocks.5,0.833940
30,1,8,vig_tiny,cifar10,0.3,7,_vig_blocks.6,0.834803
30,1,8,vig_tiny,cifar10,0.3,8,_vig_blocks.7,0.826368
30,1,8,vig_tiny,cifar10,0.3,9,_vig_blocks.8,0.812673
30,1,8,vig_tiny,cifar10,0.3,10,_vig_blocks.9,0.790596
30,1,8,vig_tiny,cifar10,0.3,11,_vig_blocks.10,0.757415
30,1,8,vig_tiny,cifar10,0.3,12,_vig_blocks.11,0.704133
30,1,8,vig_tiny,cifar10,0.3,13,classifier,0.753103
30,1,9,vig_tiny,cifar10,0.3,0,_vig_stem,0.900970
30,1,9,vig_tiny,cifar10,0.3,1,_vig_blocks.0,0.857992
30,1,9,vig_tiny,cifar10,0.3,2,_vig_blocks.1,0.809589
30,1,9,vig_tiny,cifar10,0.3,3,_vig_blocks.2,0.799471
30,1,9,vig_tiny,cifar10,0.3,4,_vig_blocks.3,0.787591
30,1,9,vig_tiny,cifar10,0.3,5,_vig_blocks.4,0.775393
30,1,9,vig_tiny,cifar10,0.3,6,_vig_blocks.5,0.760645
30,1,9,vig_tiny,cifar10,0.3,7,_vig_blocks.6,0.746862
30,1,9,vig_tiny,cifar10,0.3,8,_vig_blocks.7,0.751148
30,1,9,vig_tiny,cifar10,0.3,9,_vig_blocks.8,0.731883
30,1,9,vig_tiny,cifar10,0.3,10,_vig_blocks.9,0.720935
30,1,9,vig_tiny,cifar10,0.3,11,_vig_blocks.10,0.695178
30,1,9,vig_tiny,cifar10,0.3,12,_vig_blocks.11,0.648188
30,1,9,vig_tiny,cifar10,0.3,13,classifier,0.696602
30,2,3,vig_tiny,cifar10,0.3,0,_vig_stem,0.909365
30,2,3,vig_tiny,cifar10,0.3,1,_vig_blocks.0,0.814865
30,2,3,vig_tiny,cifar10,0.3,2,_vig_blocks.1,0.790704
30,2,3,vig_tiny,cifar10,0.3,3,_vig_blocks.2,0.783039
30,2,3,vig_tiny,cifar10,0.3,4,_vig_blocks.3,0.765525
30,2,3,vig_tiny,cifar10,0.3,5,_vig_blocks.4,0.754708
30,2,3,vig_tiny,cifar10,0.3,6,_vig_blocks.5,0.749848
30,2,3,vig_tiny,cifar10,0.3,7,_vig_blocks.6,0.733761
30,2,3,vig_tiny,cifar10,0.3,8,_vig_blocks.7,0.747281
30,2,3,vig_tiny,cifar10,0.3,9,_vig_blocks.8,0.734104
30,2,3,vig_tiny,cifar10,0.3,10,_vig_blocks.9,0.697384
30,2,3,vig_tiny,cifar10,0.3,11,_vig_blocks.10,0.671444
30,2,3,vig_tiny,cifar10,0.3,12,_vig_blocks.11,0.630435
30,2,3,vig_tiny,cifar10,0.3,13,classifier,0.522792
30,2,4,vig_tiny,cifar10,0.3,0,_vig_stem,0.915450
30,2,4,vig_tiny,cifar10,0.3,1,_vig_blocks.0,0.858828
30,2,4,vig_tiny,cifar10,0.3,2,_vig_blocks.1,0.834325
30,2,4,vig_tiny,cifar10,0.3,3,_vig_blocks.2,0.841265
30,2,4,vig_tiny,cifar10,0.3,4,_vig_blocks.3,0.848041
30,2,4,vig_tiny,cifar10,0.3,5,_vig_blocks.4,0.855232
30,2,4,vig_tiny,cifar10,0.3,6,_vig_blocks.5,0.845701
30,2,4,vig_tiny,cifar10,0.3,7,_vig_blocks.6,0.835073
30,2,4,vig_tiny,cifar10,0.3,8,_vig_blocks.7,0.845661
30,2,4,vig_tiny,cifar10,0.3,9,_vig_blocks.8,0.820280
30,2,4,vig_tiny,cifar10,0.3,10,_vig_blocks.9,0.803434
30,2,4,vig_tiny,cifar10,0.3,11,_vig_blocks.10,0.755835
30,2,4,vig_tiny,cifar10,0.3,12,_vig_blocks.11,0.701500
30,2,4,vig_tiny,cifar10,0.3,13,classifier,0.677337
30,2,5,vig_tiny,cifar10,0.3,0,_vig_stem,0.887166
30,2,5,vig_tiny,cifar10,0.3,1,_vig_blocks.0,0.814889
30,2,5,vig_tiny,cifar10,0.3,2,_vig_blocks.1,0.752030
30,2,5,vig_tiny,cifar10,0.3,3,_vig_blocks.2,0.755503
30,2,5,vig_tiny,cifar10,0.3,4,_vig_blocks.3,0.758631
30,2,5,vig_tiny,cifar10,0.3,5,_vig_blocks.4,0.770898
30,2,5,vig_tiny,cifar10,0.3,6,_vig_blocks.5,0.774723
30,2,5,vig_tiny,cifar10,0.3,7,_vig_blocks.6,0.772300
30,2,5,vig_tiny,cifar10,0.3,8,_vig_blocks.7,0.772869
30,2,5,vig_tiny,cifar10,0.3,9,_vig_blocks.8,0.737986
30,2,5,vig_tiny,cifar10,0.3,10,_vig_blocks.9,0.707249
30,2,5,vig_tiny,cifar10,0.3,11,_vig_blocks.10,0.657511
30,2,5,vig_tiny,cifar10,0.3,12,_vig_blocks.11,0.590574
30,2,5,vig_tiny,cifar10,0.3,13,classifier,0.451593
30,2,6,vig_tiny,cifar10,0.3,0,_vig_stem,0.882098
30,2,6,vig_tiny,cifar10,0.3,1,_vig_blocks.0,0.761411
30,2,6,vig_tiny,cifar10,0.3,2,_vig_blocks.1,0.713442
30,2,6,vig_tiny,cifar10,0.3,3,_vig_blocks.2,0.674072
30,2,6,vig_tiny,cifar10,0.3,4,_vig_blocks.3,0.667964
30,2,6,vig_tiny,cifar10,0.3,5,_vig_blocks.4,0.683535
30,2,6,vig_tiny,cifar10,0.3,6,_vig_blocks.5,0.671689
30,2,6,vig_tiny,cifar10,0.3,7,_vig_blocks.6,0.679725
30,2,6,vig_tiny,cifar10,0.3,8,_vig_blocks.7,0.678577
30,2,6,vig_tiny,cifar10,0.3,9,_vig_blocks.8,0.671129
30,2,6,vig_tiny,cifar10,0.3,10,_vig_blocks.9,0.662414
30,2,6,vig_tiny,cifar10,0.3,11,_vig_blocks.10,0.635549
30,2,6,vig_tiny,cifar10,0.3,12,_vig_blocks.11,0.617417
30,2,6,vig_tiny,cifar10,0.3,13,classifier,0.588609
30,2,7,vig_tiny,cifar10,0.3,0,_vig_stem,0.895988
30,2,7,vig_tiny,cifar10,0.3,1,_vig_blocks.0,0.818907
30,2,7,vig_tiny,cifar10,0.3,2,_vig_blocks.1,0.764644
30,2,7,vig_tiny,cifar10,0.3,3,_vig_blocks.2,0.777698
30,2,7,vig_tiny,cifar10,0.3,4,_vig_blocks.3,0.782049
30,2,7,vig_tiny,cifar10,0.3,5,_vig_blocks.4,0.795193
30,2,7,vig_tiny,cifar10,0.3,6,_vig_blocks.5,0.772191
30,2,7,vig_tiny,cifar10,0.3,7,_vig_blocks.6,0.748287
30,2,7,vig_tiny,cifar10,0.3,8,_vig_blocks.7,0.750144
30,2,7,vig_tiny,cifar10,0.3,9,_vig_blocks.8,0.692214
30,2,7,vig_tiny,cifar10,0.3,10,_vig_blocks.9,0.640998
30,2,7,vig_tiny,cifar10,0.3,11,_vig_blocks.10,0.592597
30,2,7,vig_tiny,cifar10,0.3,12,_vig_blocks.11,0.526049
30,2,7,vig_tiny,cifar10,0.3,13,classifier,0.266696
30,2,8,vig_tiny,cifar10,0.3,0,_vig_stem,0.882706
30,2,8,vig_tiny,cifar10,0.3,1,_vig_blocks.0,0.843259
30,2,8,vig_tiny,cifar10,0.3,2,_vig_blocks.1,0.797162
30,2,8,vig_tiny,cifar10,0.3,3,_vig_blocks.2,0.796582
30,2,8,vig_tiny,cifar10,0.3,4,_vig_blocks.3,0.795687
30,2,8,vig_tiny,cifar10,0.3,5,_vig_blocks.4,0.807990
30,2,8,vig_tiny,cifar10,0.3,6,_vig_blocks.5,0.783756
30,2,8,vig_tiny,cifar10,0.3,7,_vig_blocks.6,0.767902
30,2,8,vig_tiny,cifar10,0.3,8,_vig_blocks.7,0.779812
30,2,8,vig_tiny,cifar10,0.3,9,_vig_blocks.8,0.761257
30,2,8,vig_tiny,cifar10,0.3,10,_vig_blocks.9,0.762688
30,2,8,vig_tiny,cifar10,0.3,11,_vig_blocks.10,0.749218
30,2,8,vig_tiny,cifar10,0.3,12,_vig_blocks.11,0.716486
30,2,8,vig_tiny,cifar10,0.3,13,classifier,0.746038
30,2,9,vig_tiny,cifar10,0.3,0,_vig_stem,0.908750
30,2,9,vig_tiny,cifar10,0.3,1,_vig_blocks.0,0.832450
30,2,9,vig_tiny,cifar10,0.3,2,_vig_blocks.1,0.799005
30,2,9,vig_tiny,cifar10,0.3,3,_vig_blocks.2,0.795925
30,2,9,vig_tiny,cifar10,0.3,4,_vig_blocks.3,0.783696
30,2,9,vig_tiny,cifar10,0.3,5,_vig_blocks.4,0.779552
30,2,9,vig_tiny,cifar10,0.3,6,_vig_blocks.5,0.749440
30,2,9,vig_tiny,cifar10,0.3,7,_vig_blocks.6,0.739542
30,2,9,vig_tiny,cifar10,0.3,8,_vig_blocks.7,0.735240
30,2,9,vig_tiny,cifar10,0.3,9,_vig_blocks.8,0.707711
30,2,9,vig_tiny,cifar10,0.3,10,_vig_blocks.9,0.694938
30,2,9,vig_tiny,cifar10,0.3,11,_vig_blocks.10,0.674314
30,2,9,vig_tiny,cifar10,0.3,12,_vig_blocks.11,0.647868
30,2,9,vig_tiny,cifar10,0.3,13,classifier,0.623867
30,3,4,vig_tiny,cifar10,0.3,0,_vig_stem,0.864783
30,3,4,vig_tiny,cifar10,0.3,1,_vig_blocks.0,0.800916
30,3,4,vig_tiny,cifar10,0.3,2,_vig_blocks.1,0.795636
30,3,4,vig_tiny,cifar10,0.3,3,_vig_blocks.2,0.822798
30,3,4,vig_tiny,cifar10,0.3,4,_vig_blocks.3,0.808076
30,3,4,vig_tiny,cifar10,0.3,5,_vig_blocks.4,0.789424
30,3,4,vig_tiny,cifar10,0.3,6,_vig_blocks.5,0.780368
30,3,4,vig_tiny,cifar10,0.3,7,_vig_blocks.6,0.756140
30,3,4,vig_tiny,cifar10,0.3,8,_vig_blocks.7,0.751957
30,3,4,vig_tiny,cifar10,0.3,9,_vig_blocks.8,0.739677
30,3,4,vig_tiny,cifar10,0.3,10,_vig_blocks.9,0.722442
30,3,4,vig_tiny,cifar10,0.3,11,_vig_blocks.10,0.702612
30,3,4,vig_tiny,cifar10,0.3,12,_vig_blocks.11,0.679399
30,3,4,vig_tiny,cifar10,0.3,13,classifier,0.637409
30,3,5,vig_tiny,cifar10,0.3,0,_vig_stem,0.814662
30,3,5,vig_tiny,cifar10,0.3,1,_vig_blocks.0,0.721779
30,3,5,vig_tiny,cifar10,0.3,2,_vig_blocks.1,0.678797
30,3,5,vig_tiny,cifar10,0.3,3,_vig_blocks.2,0.695673
30,3,5,vig_tiny,cifar10,0.3,4,_vig_blocks.3,0.710299
30,3,5,vig_tiny,cifar10,0.3,5,_vig_blocks.4,0.704433
30,3,5,vig_tiny,cifar10,0.3,6,_vig_blocks.5,0.702359
30,3,5,vig_tiny,cifar10,0.3,7,_vig_blocks.6,0.684344
30,3,5,vig_tiny,cifar10,0.3,8,_vig_blocks.7,0.688802
30,3,5,vig_tiny,cifar10,0.3,9,_vig_blocks.8,0.670705
30,3,5,vig_tiny,cifar10,0.3,10,_vig_blocks.9,0.640435
30,3,5,vig_tiny,cifar10,0.3,11,_vig_blocks.10,0.601279
30,3,5,vig_tiny,cifar10,0.3,12,_vig_blocks.11,0.555981
30,3,5,vig_tiny,cifar10,0.3,13,classifier,0.589827
30,3,6,vig_tiny,cifar10,0.3,0,_vig_stem,0.844703
30,3,6,vig_tiny,cifar10,0.3,1,_vig_blocks.0,0.773055
30,3,6,vig_tiny,cifar10,0.3,2,_vig_blocks.1,0.740070
30,3,6,vig_tiny,cifar10,0.3,3,_vig_blocks.2,0.730824
30,3,6,vig_tiny,cifar10,0.3,4,_vig_blocks.3,0.732979
30,3,6,vig_tiny,cifar10,0.3,5,_vig_blocks.4,0.726393
30,3,6,vig_tiny,cifar10,0.3,6,_vig_blocks.5,0.715556
30,3,6,vig_tiny,cifar10,0.3,7,_vig_blocks.6,0.700252
30,3,6,vig_tiny,cifar10,0.3,8,_vig_blocks.7,0.689561
30,3,6,vig_tiny,cifar10,0.3,9,_vig_blocks.8,0.683984
30,3,6,vig_tiny,cifar10,0.3,10,_vig_blocks.9,0.670139
30,3,6,vig_tiny,cifar10,0.3,11,_vig_blocks.10,0.654995
30,3,6,vig_tiny,cifar10,0.3,12,_vig_blocks.11,0.647079
30,3,6,vig_tiny,cifar10,0.3,13,classifier,0.633994
30,3,7,vig_tiny,cifar10,0.3,0,_vig_stem,0.838364
30,3,7,vig_tiny,cifar10,0.3,1,_vig_blocks.0,0.755925
30,3,7,vig_tiny,cifar10,0.3,2,_vig_blocks.1,0.727315
30,3,7,vig_tiny,cifar10,0.3,3,_vig_blocks.2,0.745068
30,3,7,vig_tiny,cifar10,0.3,4,_vig_blocks.3,0.744752
30,3,7,vig_tiny,cifar10,0.3,5,_vig_blocks.4,0.739668
30,3,7,vig_tiny,cifar10,0.3,6,_vig_blocks.5,0.726574
30,3,7,vig_tiny,cifar10,0.3,7,_vig_blocks.6,0.704789
30,3,7,vig_tiny,cifar10,0.3,8,_vig_blocks.7,0.710098
30,3,7,vig_tiny,cifar10,0.3,9,_vig_blocks.8,0.677195
30,3,7,vig_tiny,cifar10,0.3,10,_vig_blocks.9,0.666118
30,3,7,vig_tiny,cifar10,0.3,11,_vig_blocks.10,0.634768
30,3,7,vig_tiny,cifar10,0.3,12,_vig_blocks.11,0.589722
30,3,7,vig_tiny,cifar10,0.3,13,classifier,0.446436
30,3,8,vig_tiny,cifar10,0.3,0,_vig_stem,0.872966
30,3,8,vig_tiny,cifar10,0.3,1,_vig_blocks.0,0.800914
30,3,8,vig_tiny,cifar10,0.3,2,_vig_blocks.1,0.806031
30,3,8,vig_tiny,cifar10,0.3,3,_vig_blocks.2,0.828630
30,3,8,vig_tiny,cifar10,0.3,4,_vig_blocks.3,0.820032
30,3,8,vig_tiny,cifar10,0.3,5,_vig_blocks.4,0.807667
30,3,8,vig_tiny,cifar10,0.3,6,_vig_blocks.5,0.801296
30,3,8,vig_tiny,cifar10,0.3,7,_vig_blocks.6,0.764122
30,3,8,vig_tiny,cifar10,0.3,8,_vig_blocks.7,0.761692
30,3,8,vig_tiny,cifar10,0.3,9,_vig_blocks.8,0.743211
30,3,8,vig_tiny,cifar10,0.3,10,_vig_blocks.9,0.705137
30,3,8,vig_tiny,cifar10,0.3,11,_vig_blocks.10,0.652024
30,3,8,vig_tiny,cifar10,0.3,12,_vig_blocks.11,0.596428
30,3,8,vig_tiny,cifar10,0.3,13,classifier,0.507217
30,3,9,vig_tiny,cifar10,0.3,0,_vig_stem,0.896369
30,3,9,vig_tiny,cifar10,0.3,1,_vig_blocks.0,0.819248
30,3,9,vig_tiny,cifar10,0.3,2,_vig_blocks.1,0.812770
30,3,9,vig_tiny,cifar10,0.3,3,_vig_blocks.2,0.823915
30,3,9,vig_tiny,cifar10,0.3,4,_vig_blocks.3,0.805366
30,3,9,vig_tiny,cifar10,0.3,5,_vig_blocks.4,0.779458
30,3,9,vig_tiny,cifar10,0.3,6,_vig_blocks.5,0.764636
30,3,9,vig_tiny,cifar10,0.3,7,_vig_blocks.6,0.741936
30,3,9,vig_tiny,cifar10,0.3,8,_vig_blocks.7,0.721155
30,3,9,vig_tiny,cifar10,0.3,9,_vig_blocks.8,0.702232
30,3,9,vig_tiny,cifar10,0.3,10,_vig_blocks.9,0.682140
30,3,9,vig_tiny,cifar10,0.3,11,_vig_blocks.10,0.663674
30,3,9,vig_tiny,cifar10,0.3,12,_vig_blocks.11,0.635602
30,3,9,vig_tiny,cifar10,0.3,13,classifier,0.698258
30,4,5,vig_tiny,cifar10,0.3,0,_vig_stem,0.932488
30,4,5,vig_tiny,cifar10,0.3,1,_vig_blocks.0,0.873459
30,4,5,vig_tiny,cifar10,0.3,2,_vig_blocks.1,0.833475
30,4,5,vig_tiny,cifar10,0.3,3,_vig_blocks.2,0.829466
30,4,5,vig_tiny,cifar10,0.3,4,_vig_blocks.3,0.820981
30,4,5,vig_tiny,cifar10,0.3,5,_vig_blocks.4,0.819416
30,4,5,vig_tiny,cifar10,0.3,6,_vig_blocks.5,0.811937
30,4,5,vig_tiny,cifar10,0.3,7,_vig_blocks.6,0.809523
30,4,5,vig_tiny,cifar10,0.3,8,_vig_blocks.7,0.797025
30,4,5,vig_tiny,cifar10,0.3,9,_vig_blocks.8,0.775290
30,4,5,vig_tiny,cifar10,0.3,10,_vig_blocks.9,0.742162
30,4,5,vig_tiny,cifar10,0.3,11,_vig_blocks.10,0.698084
30,4,5,vig_tiny,cifar10,0.3,12,_vig_blocks.11,0.640311
30,4,5,vig_tiny,cifar10,0.3,13,classifier,0.500690
30,4,6,vig_tiny,cifar10,0.3,0,_vig_stem,0.861363
30,4,6,vig_tiny,cifar10,0.3,1,_vig_blocks.0,0.762539
30,4,6,vig_tiny,cifar10,0.3,2,_vig_blocks.1,0.743476
30,4,6,vig_tiny,cifar10,0.3,3,_vig_blocks.2,0.742693
30,4,6,vig_tiny,cifar10,0.3,4,_vig_blocks.3,0.743789
30,4,6,vig_tiny,cifar10,0.3,5,_vig_blocks.4,0.742112
30,4,6,vig_tiny,cifar10,0.3,6,_vig_blocks.5,0.743714
30,4,6,vig_tiny,cifar10,0.3,7,_vig_blocks.6,0.756728
30,4,6,vig_tiny,cifar10,0.3,8,_vig_blocks.7,0.744382
30,4,6,vig_tiny,cifar10,0.3,9,_vig_blocks.8,0.720649
30,4,6,vig_tiny,cifar10,0.3,10,_vig_blocks.9,0.689866
30,4,6,vig_tiny,cifar10,0.3,11,_vig_blocks.10,0.657998
30,4,6,vig_tiny,cifar10,0.3,12,_vig_blocks.11,0.630099
30,4,6,vig_tiny,cifar10,0.3,13,classifier,0.626295
30,4,7,vig_tiny,cifar10,0.3,0,_vig_stem,0.941283
30,4,7,vig_tiny,cifar10,0.3,1,_vig_blocks.0,0.869340
30,4,7,vig_tiny,cifar10,0.3,2,_vig_blocks.1,0.847394
30,4,7,vig_tiny,cifar10,0.3,3,_vig_blocks.2,0.849563
30,4,7,vig_tiny,cifar10,0.3,4,_vig_blocks.3,0.848221
30,4,7,vig_tiny,cifar10,0.3,5,_vig_blocks.4,0.833667
30,4,7,vig_tiny,cifar10,0.3,6,_vig_blocks.5,0.815425
30,4,7,vig_tiny,cifar10,0.3,7,_vig_blocks.6,0.787671
30,4,7,vig_tiny,cifar10,0.3,8,_vig_blocks.7,0.773143
30,4,7,vig_tiny,cifar10,0.3,9,_vig_blocks.8,0.715901
30,4,7,vig_tiny,cifar10,0.3,10,_vig_blocks.9,0.675384
30,4,7,vig_tiny,cifar10,0.3,11,_vig_blocks.10,0.632328
30,4,7,vig_tiny,cifar10,0.3,12,_vig_blocks.11,0.572923
30,4,7,vig_tiny,cifar10,0.3,13,classifier,0.389235
30,4,8,vig_tiny,cifar10,0.3,0,_vig_stem,0.857244
30,4,8,vig_tiny,cifar10,0.3,1,_vig_blocks.0,0.847581
30,4,8,vig_tiny,cifar10,0.3,2,_vig_blocks.1,0.847513
30,4,8,vig_tiny,cifar10,0.3,3,_vig_blocks.2,0.859973
30,4,8,vig_tiny,cifar10,0.3,4,_vig_blocks.3,0.863277
30,4,8,vig_tiny,cifar10,0.3,5,_vig_blocks.4,0.856786
30,4,8,vig_tiny,cifar10,0.3,6,_vig_blocks.5,0.839582
30,4,8,vig_tiny,cifar10,0.3,7,_vig_blocks.6,0.815401
30,4,8,vig_tiny,cifar10,0.3,8,_vig_blocks.7,0.807300
30,4,8,vig_tiny,cifar10,0.3,9,_vig_blocks.8,0.787430
30,4,8,vig_tiny,cifar10,0.3,10,_vig_blocks.9,0.777379
30,4,8,vig_tiny,cifar10,0.3,11,_vig_blocks.10,0.740298
30,4,8,vig_tiny,cifar10,0.3,12,_vig_blocks.11,0.699181
30,4,8,vig_tiny,cifar10,0.3,13,classifier,0.682103
30,4,9,vig_tiny,cifar10,0.3,0,_vig_stem,0.910035
30,4,9,vig_tiny,cifar10,0.3,1,_vig_blocks.0,0.870971
30,4,9,vig_tiny,cifar10,0.3,2,_vig_blocks.1,0.842534
30,4,9,vig_tiny,cifar10,0.3,3,_vig_blocks.2,0.846737
30,4,9,vig_tiny,cifar10,0.3,4,_vig_blocks.3,0.834703
30,4,9,vig_tiny,cifar10,0.3,5,_vig_blocks.4,0.816303
30,4,9,vig_tiny,cifar10,0.3,6,_vig_blocks.5,0.804839
30,4,9,vig_tiny,cifar10,0.3,7,_vig_blocks.6,0.791483
30,4,9,vig_tiny,cifar10,0.3,8,_vig_blocks.7,0.782226
30,4,9,vig_tiny,cifar10,0.3,9,_vig_blocks.8,0.758577
30,4,9,vig_tiny,cifar10,0.3,10,_vig_blocks.9,0.731366
30,4,9,vig_tiny,cifar10,0.3,11,_vig_blocks.10,0.705404
30,4,9,vig_tiny,cifar10,0.3,12,_vig_blocks.11,0.673653
30,4,9,vig_tiny,cifar10,0.3,13,classifier,0.731566
30,5,6,vig_tiny,cifar10,0.3,0,_vig_stem,0.858798
30,5,6,vig_tiny,cifar10,0.3,1,_vig_blocks.0,0.760544
30,5,6,vig_tiny,cifar10,0.3,2,_vig_blocks.1,0.702060
30,5,6,vig_tiny,cifar10,0.3,3,_vig_blocks.2,0.684380
30,5,6,vig_tiny,cifar10,0.3,4,_vig_blocks.3,0.680407
30,5,6,vig_tiny,cifar10,0.3,5,_vig_blocks.4,0.689032
30,5,6,vig_tiny,cifar10,0.3,6,_vig_blocks.5,0.678104
30,5,6,vig_tiny,cifar10,0.3,7,_vig_blocks.6,0.680923
30,5,6,vig_tiny,cifar10,0.3,8,_vig_blocks.7,0.672839
30,5,6,vig_tiny,cifar10,0.3,9,_vig_blocks.8,0.665513
30,5,6,vig_tiny,cifar10,0.3,10,_vig_blocks.9,0.638994
30,5,6,vig_tiny,cifar10,0.3,11,_vig_blocks.10,0.604942
30,5,6,vig_tiny,cifar10,0.3,12,_vig_blocks.11,0.567453
30,5,6,vig_tiny,cifar10,0.3,13,classifier,0.505384
30,5,7,vig_tiny,cifar10,0.3,0,_vig_stem,0.920275
30,5,7,vig_tiny,cifar10,0.3,1,_vig_blocks.0,0.852094
30,5,7,vig_tiny,cifar10,0.3,2,_vig_blocks.1,0.810812
30,5,7,vig_tiny,cifar10,0.3,3,_vig_blocks.2,0.818475
30,5,7,vig_tiny,cifar10,0.3,4,_vig_blocks.3,0.805142
30,5,7,vig_tiny,cifar10,0.3,5,_vig_blocks.4,0.798306
30,5,7,vig_tiny,cifar10,0.3,6,_vig_blocks.5,0.779579
30,5,7,vig_tiny,cifar10,0.3,7,_vig_blocks.6,0.764609
30,5,7,vig_tiny,cifar10,0.3,8,_vig_blocks.7,0.746967
30,5,7,vig_tiny,cifar10,0.3,9,_vig_blocks.8,0.715177
30,5,7,vig_tiny,cifar10,0.3,10,_vig_blocks.9,0.671299
30,5,7,vig_tiny,cifar10,0.3,11,_vig_blocks.10,0.624754
30,5,7,vig_tiny,cifar10,0.3,12,_vig_blocks.11,0.576012
30,5,7,vig_tiny,cifar10,0.3,13,classifier,0.410811
30,5,8,vig_tiny,cifar10,0.3,0,_vig_stem,0.876550
30,5,8,vig_tiny,cifar10,0.3,1,_vig_blocks.0,0.817713
30,5,8,vig_tiny,cifar10,0.3,2,_vig_blocks.1,0.761761
30,5,8,vig_tiny,cifar10,0.3,3,_vig_blocks.2,0.747104
30,5,8,vig_tiny,cifar10,0.3,4,_vig_blocks.3,0.746883
30,5,8,vig_tiny,cifar10,0.3,5,_vig_blocks.4,0.746696
30,5,8,vig_tiny,cifar10,0.3,6,_vig_blocks.5,0.726429
30,5,8,vig_tiny,cifar10,0.3,7,_vig_blocks.6,0.722776
30,5,8,vig_tiny,cifar10,0.3,8,_vig_blocks.7,0.720758
30,5,8,vig_tiny,cifar10,0.3,9,_vig_blocks.8,0.712653
30,5,8,vig_tiny,cifar10,0.3,10,_vig_blocks.9,0.688801
30,5,8,vig_tiny,cifar10,0.3,11,_vig_blocks.10,0.641244
30,5,8,vig_tiny,cifar10,0.3,12,_vig_blocks.11,0.567971
30,5,8,vig_tiny,cifar10,0.3,13,classifier,0.407268
30,5,9,vig_tiny,cifar10,0.3,0,_vig_stem,0.869880
30,5,9,vig_tiny,cifar10,0.3,1,_vig_blocks.0,0.826451
30,5,9,vig_tiny,cifar10,0.3,2,_vig_blocks.1,0.780463
30,5,9,vig_tiny,cifar10,0.3,3,_vig_blocks.2,0.789139
30,5,9,vig_tiny,cifar10,0.3,4,_vig_blocks.3,0.793180
30,5,9,vig_tiny,cifar10,0.3,5,_vig_blocks.4,0.772510
30,5,9,vig_tiny,cifar10,0.3,6,_vig_blocks.5,0.758010
30,5,9,vig_tiny,cifar10,0.3,7,_vig_blocks.6,0.741820
30,5,9,vig_tiny,cifar10,0.3,8,_vig_blocks.7,0.734785
30,5,9,vig_tiny,cifar10,0.3,9,_vig_blocks.8,0.720519
30,5,9,vig_tiny,cifar10,0.3,10,_vig_blocks.9,0.689290
30,5,9,vig_tiny,cifar10,0.3,11,_vig_blocks.10,0.658246
30,5,9,vig_tiny,cifar10,0.3,12,_vig_blocks.11,0.621856
30,5,9,vig_tiny,cifar10,0.3,13,classifier,0.558595
30,6,7,vig_tiny,cifar10,0.3,0,_vig_stem,0.862147
30,6,7,vig_tiny,cifar10,0.3,1,_vig_blocks.0,0.776321
30,6,7,vig_tiny,cifar10,0.3,2,_vig_blocks.1,0.726631
30,6,7,vig_tiny,cifar10,0.3,3,_vig_blocks.2,0.721721
30,6,7,vig_tiny,cifar10,0.3,4,_vig_blocks.3,0.724436
30,6,7,vig_tiny,cifar10,0.3,5,_vig_blocks.4,0.706878
30,6,7,vig_tiny,cifar10,0.3,6,_vig_blocks.5,0.693264
30,6,7,vig_tiny,cifar10,0.3,7,_vig_blocks.6,0.676329
30,6,7,vig_tiny,cifar10,0.3,8,_vig_blocks.7,0.657277
30,6,7,vig_tiny,cifar10,0.3,9,_vig_blocks.8,0.631925
30,6,7,vig_tiny,cifar10,0.3,10,_vig_blocks.9,0.593125
30,6,7,vig_tiny,cifar10,0.3,11,_vig_blocks.10,0.564873
30,6,7,vig_tiny,cifar10,0.3,12,_vig_blocks.11,0.546194
30,6,7,vig_tiny,cifar10,0.3,13,classifier,0.384393
30,6,8,vig_tiny,cifar10,0.3,0,_vig_stem,0.863023
30,6,8,vig_tiny,cifar10,0.3,1,_vig_blocks.0,0.795750
30,6,8,vig_tiny,cifar10,0.3,2,_vig_blocks.1,0.763562
30,6,8,vig_tiny,cifar10,0.3,3,_vig_blocks.2,0.742866
30,6,8,vig_tiny,cifar10,0.3,4,_vig_blocks.3,0.755255
30,6,8,vig_tiny,cifar10,0.3,5,_vig_blocks.4,0.749591
30,6,8,vig_tiny,cifar10,0.3,6,_vig_blocks.5,0.739927
30,6,8,vig_tiny,cifar10,0.3,7,_vig_blocks.6,0.741790
30,6,8,vig_tiny,cifar10,0.3,8,_vig_blocks.7,0.750319
30,6,8,vig_tiny,cifar10,0.3,9,_vig_blocks.8,0.716967
30,6,8,vig_tiny,cifar10,0.3,10,_vig_blocks.9,0.709539
30,6,8,vig_tiny,cifar10,0.3,11,_vig_blocks.10,0.687675
30,6,8,vig_tiny,cifar10,0.3,12,_vig_blocks.11,0.657332
30,6,8,vig_tiny,cifar10,0.3,13,classifier,0.673718
30,6,9,vig_tiny,cifar10,0.3,0,_vig_stem,0.887179
30,6,9,vig_tiny,cifar10,0.3,1,_vig_blocks.0,0.814450
30,6,9,vig_tiny,cifar10,0.3,2,_vig_blocks.1,0.793700
30,6,9,vig_tiny,cifar10,0.3,3,_vig_blocks.2,0.791028
30,6,9,vig_tiny,cifar10,0.3,4,_vig_blocks.3,0.789550
30,6,9,vig_tiny,cifar10,0.3,5,_vig_blocks.4,0.792779
30,6,9,vig_tiny,cifar10,0.3,6,_vig_blocks.5,0.788600
30,6,9,vig_tiny,cifar10,0.3,7,_vig_blocks.6,0.782653
30,6,9,vig_tiny,cifar10,0.3,8,_vig_blocks.7,0.774380
30,6,9,vig_tiny,cifar10,0.3,9,_vig_blocks.8,0.744693
30,6,9,vig_tiny,cifar10,0.3,10,_vig_blocks.9,0.734426
30,6,9,vig_tiny,cifar10,0.3,11,_vig_blocks.10,0.690175
30,6,9,vig_tiny,cifar10,0.3,12,_vig_blocks.11,0.647359
30,6,9,vig_tiny,cifar10,0.3,13,classifier,0.639557
30,7,8,vig_tiny,cifar10,0.3,0,_vig_stem,0.866483
30,7,8,vig_tiny,cifar10,0.3,1,_vig_blocks.0,0.836860
30,7,8,vig_tiny,cifar10,0.3,2,_vig_blocks.1,0.777612
30,7,8,vig_tiny,cifar10,0.3,3,_vig_blocks.2,0.780244
30,7,8,vig_tiny,cifar10,0.3,4,_vig_blocks.3,0.791310
30,7,8,vig_tiny,cifar10,0.3,5,_vig_blocks.4,0.785303
30,7,8,vig_tiny,cifar10,0.3,6,_vig_blocks.5,0.753850
30,7,8,vig_tiny,cifar10,0.3,7,_vig_blocks.6,0.724396
30,7,8,vig_tiny,cifar10,0.3,8,_vig_blocks.7,0.722746
30,7,8,vig_tiny,cifar10,0.3,9,_vig_blocks.8,0.671361
30,7,8,vig_tiny,cifar10,0.3,10,_vig_blocks.9,0.639191
30,7,8,vig_tiny,cifar10,0.3,11,_vig_blocks.10,0.592844
30,7,8,vig_tiny,cifar10,0.3,12,_vig_blocks.11,0.528064
30,7,8,vig_tiny,cifar10,0.3,13,classifier,0.275491
30,7,9,vig_tiny,cifar10,0.3,0,_vig_stem,0.897294
30,7,9,vig_tiny,cifar10,0.3,1,_vig_blocks.0,0.835445
30,7,9,vig_tiny,cifar10,0.3,2,_vig_blocks.1,0.801841
30,7,9,vig_tiny,cifar10,0.3,3,_vig_blocks.2,0.815606
30,7,9,vig_tiny,cifar10,0.3,4,_vig_blocks.3,0.803032
30,7,9,vig_tiny,cifar10,0.3,5,_vig_blocks.4,0.788258
30,7,9,vig_tiny,cifar10,0.3,6,_vig_blocks.5,0.758984
30,7,9,vig_tiny,cifar10,0.3,7,_vig_blocks.6,0.739406
30,7,9,vig_tiny,cifar10,0.3,8,_vig_blocks.7,0.714815
30,7,9,vig_tiny,cifar10,0.3,9,_vig_blocks.8,0.676447
30,7,9,vig_tiny,cifar10,0.3,10,_vig_blocks.9,0.621509
30,7,9,vig_tiny,cifar10,0.3,11,_vig_blocks.10,0.578815
30,7,9,vig_tiny,cifar10,0.3,12,_vig_blocks.11,0.538014
30,7,9,vig_tiny,cifar10,0.3,13,classifier,0.382817
30,8,9,vig_tiny,cifar10,0.3,0,_vig_stem,0.865920
30,8,9,vig_tiny,cifar10,0.3,1,_vig_blocks.0,0.830457
30,8,9,vig_tiny,cifar10,0.3,2,_vig_blocks.1,0.818721
30,8,9,vig_tiny,cifar10,0.3,3,_vig_blocks.2,0.825036
30,8,9,vig_tiny,cifar10,0.3,4,_vig_blocks.3,0.814907
30,8,9,vig_tiny,cifar10,0.3,5,_vig_blocks.4,0.805204
30,8,9,vig_tiny,cifar10,0.3,6,_vig_blocks.5,0.790669
30,8,9,vig_tiny,cifar10,0.3,7,_vig_blocks.6,0.785570
30,8,9,vig_tiny,cifar10,0.3,8,_vig_blocks.7,0.786678
30,8,9,vig_tiny,cifar10,0.3,9,_vig_blocks.8,0.764629
30,8,9,vig_tiny,cifar10,0.3,10,_vig_blocks.9,0.745691
30,8,9,vig_tiny,cifar10,0.3,11,_vig_blocks.10,0.699093
30,8,9,vig_tiny,cifar10,0.3,12,_vig_blocks.11,0.637743
30,8,9,vig_tiny,cifar10,0.3,13,classifier,0.617175
40,0,1,vig_tiny,cifar10,0.3,0,_vig_stem,0.990984
40,0,1,vig_tiny,cifar10,0.3,1,_vig_blocks.0,0.983815
40,0,1,vig_tiny,cifar10,0.3,2,_vig_blocks.1,0.985192
40,0,1,vig_tiny,cifar10,0.3,3,_vig_blocks.2,0.988874
40,0,1,vig_tiny,cifar10,0.3,4,_vig_blocks.3,0.990157
40,0,1,vig_tiny,cifar10,0.3,5,_vig_blocks.4,0.990195
40,0,1,vig_tiny,cifar10,0.3,6,_vig_blocks.5,0.988839
40,0,1,vig_tiny,cifar10,0.3,7,_vig_blocks.6,0.986588
40,0,1,vig_tiny,cifar10,0.3,8,_vig_blocks.7,0.987588
40,0,1,vig_tiny,cifar10,0.3,9,_vig_blocks.8,0.986754
40,0,1,vig_tiny,cifar10,0.3,10,_vig_blocks.9,0.984811
40,0,1,vig_tiny,cifar10,0.3,11,_vig_blocks.10,0.982237
40,0,1,vig_tiny,cifar10,0.3,12,_vig_blocks.11,0.980630
40,0,1,vig_tiny,cifar10,0.3,13,classifier,0.738719
40,0,2,vig_tiny,cifar10,0.3,0,_vig_stem,0.980950
40,0,2,vig_tiny,cifar10,0.3,1,_vig_blocks.0,0.973229
40,0,2,vig_tiny,cifar10,0.3,2,_vig_blocks.1,0.980778
40,0,2,vig_tiny,cifar10,0.3,3,_vig_blocks.2,0.984159
40,0,2,vig_tiny,cifar10,0.3,4,_vig_blocks.3,0.986586
40,0,2,vig_tiny,cifar10,0.3,5,_vig_blocks.4,0.987537
40,0,2,vig_tiny,cifar10,0.3,6,_vig_blocks.5,0.986989
40,0,2,vig_tiny,cifar10,0.3,7,_vig_blocks.6,0.985302
40,0,2,vig_tiny,cifar10,0.3,8,_vig_blocks.7,0.986524
40,0,2,vig_tiny,cifar10,0.3,9,_vig_blocks.8,0.986339
40,0,2,vig_tiny,cifar10,0.3,10,_vig_blocks.9,0.985028
40,0,2,vig_tiny,cifar10,0.3,11,_vig_blocks.10,0.981078
40,0,2,vig_tiny,cifar10,0.3,12,_vig_blocks.11,0.974911
40,0,2,vig_tiny,cifar10,0.3,13,classifier,0.821857
40,0,3,vig_tiny,cifar10,0.3,0,_vig_stem,0.972442
40,0,3,vig_tiny,cifar10,0.3,1,_vig_blocks.0,0.946445
40,0,3,vig_tiny,cifar10,0.3,2,_vig_blocks.1,0.948476
40,0,3,vig_tiny,cifar10,0.3,3,_vig_blocks.2,0.946146
40,0,3,vig_tiny,cifar10,0.3,4,_vig_blocks.3,0.953468
40,0,3,vig_tiny,cifar10,0.3,5,_vig_blocks.4,0.957030
40,0,3,vig_tiny,cifar10,0.3,6,_vig_blocks.5,0.953932
40,0,3,vig_tiny,cifar10,0.3,7,_vig_blocks.6,0.947257
40,0,3,vig_tiny,cifar10,0.3,8,_vig_blocks.7,0.954775
40,0,3,vig_tiny,cifar10,0.3,9,_vig_blocks.8,0.952220
40,0,3,vig_tiny,cifar10,0.3,10,_vig_blocks.9,0.944660
40,0,3,vig_tiny,cifar10,0.3,11,_vig_blocks.10,0.931275
40,0,3,vig_tiny,cifar10,0.3,12,_vig_blocks.11,0.909535
40,0,3,vig_tiny,cifar10,0.3,13,classifier,0.687556
40,0,4,vig_tiny,cifar10,0.3,0,_vig_stem,0.965870
40,0,4,vig_tiny,cifar10,0.3,1,_vig_blocks.0,0.941782
40,0,4,vig_tiny,cifar10,0.3,2,_vig_blocks.1,0.952354
40,0,4,vig_tiny,cifar10,0.3,3,_vig_blocks.2,0.959356
40,0,4,vig_tiny,cifar10,0.3,4,_vig_blocks.3,0.964593
40,0,4,vig_tiny,cifar10,0.3,5,_vig_blocks.4,0.966099
40,0,4,vig_tiny,cifar10,0.3,6,_vig_blocks.5,0.964577
40,0,4,vig_tiny,cifar10,0.3,7,_vig_blocks.6,0.959392
40,0,4,vig_tiny,cifar10,0.3,8,_vig_blocks.7,0.963146
40,0,4,vig_tiny,cifar10,0.3,9,_vig_blocks.8,0.961742
40,0,4,vig_tiny,cifar10,0.3,10,_vig_blocks.9,0.956500
40,0,4,vig_tiny,cifar10,0.3,11,_vig_blocks.10,0.943551
40,0,4,vig_tiny,cifar10,0.3,12,_vig_blocks.11,0.924880
40,0,4,vig_tiny,cifar10,0.3,13,classifier,0.705365
40,0,5,vig_tiny,cifar10,0.3,0,_vig_stem,0.977286
40,0,5,vig_tiny,cifar10,0.3,1,_vig_blocks.0,0.966825
40,0,5,vig_tiny,cifar10,0.3,2,_vig_blocks.1,0.977008
40,0,5,vig_tiny,cifar10,0.3,3,_vig_blocks.2,0.982591
40,0,5,vig_tiny,cifar10,0.3,4,_vig_blocks.3,0.985283
40,0,5,vig_tiny,cifar10,0.3,5,_vig_blocks.4,0.986132
40,0,5,vig_tiny,cifar10,0.3,6,_vig_blocks.5,0.985518
40,0,5,vig_tiny,cifar10,0.3,7,_vig_blocks.6,0.984375
40,0,5,vig_tiny,cifar10,0.3,8,_vig_blocks.7,0.985538
40,0,5,vig_tiny,cifar10,0.3,9,_vig_blocks.8,0.985043
40,0,5,vig_tiny,cifar10,0.3,10,_vig_blocks.9,0.983990
40,0,5,vig_tiny,cifar10,0.3,11,_vig_blocks.10,0.980992
40,0,5,vig_tiny,cifar10,0.3,12,_vig_blocks.11,0.977740
40,0,5,vig_tiny,cifar10,0.3,13,classifier,0.587272
40,0,6,vig_tiny,cifar10,0.3,0,_vig_stem,0.975137
40,0,6,vig_tiny,cifar10,0.3,1,_vig_blocks.0,0.956114
40,0,6,vig_tiny,cifar10,0.3,2,_vig_blocks.1,0.949877
40,0,6,vig_tiny,cifar10,0.3,3,_vig_blocks.2,0.950400
40,0,6,vig_tiny,cifar10,0.3,4,_vig_blocks.3,0.954584
40,0,6,vig_tiny,cifar10,0.3,5,_vig_blocks.4,0.956124
40,0,6,vig_tiny,cifar10,0.3,6,_vig_blocks.5,0.954637
40,0,6,vig_tiny,cifar10,0.3,7,_vig_blocks.6,0.952609
40,0,6,vig_tiny,cifar10,0.3,8,_vig_blocks.7,0.957332
40,0,6,vig_tiny,cifar10,0.3,9,_vig_blocks.8,0.959051
40,0,6,vig_tiny,cifar10,0.3,10,_vig_blocks.9,0.955569
40,0,6,vig_tiny,cifar10,0.3,11,_vig_blocks.10,0.945875
40,0,6,vig_tiny,cifar10,0.3,12,_vig_blocks.11,0.930671
40,0,6,vig_tiny,cifar10,0.3,13,classifier,0.755862
40,0,7,vig_tiny,cifar10,0.3,0,_vig_stem,0.960052
40,0,7,vig_tiny,cifar10,0.3,1,_vig_blocks.0,0.938775
40,0,7,vig_tiny,cifar10,0.3,2,_vig_blocks.1,0.949785
40,0,7,vig_tiny,cifar10,0.3,3,_vig_blocks.2,0.954766
40,0,7,vig_tiny,cifar10,0.3,4,_vig_blocks.3,0.960187
40,0,7,vig_tiny,cifar10,0.3,5,_vig_blocks.4,0.963769
40,0,7,vig_tiny,cifar10,0.3,6,_vig_blocks.5,0.962354
40,0,7,vig_tiny,cifar10,0.3,7,_vig_blocks.6,0.958475
40,0,7,vig_tiny,cifar10,0.3,8,_vig_blocks.7,0.963891
40,0,7,vig_tiny,cifar10,0.3,9,_vig_blocks.8,0.962924
40,0,7,vig_tiny,cifar10,0.3,10,_vig_blocks.9,0.961855
40,0,7,vig_tiny,cifar10,0.3,11,_vig_blocks.10,0.954526
40,0,7,vig_tiny,cifar10,0.3,12,_vig_blocks.11,0.941805
40,0,7,vig_tiny,cifar10,0.3,13,classifier,0.449833
40,0,8,vig_tiny,cifar10,0.3,0,_vig_stem,0.983777
40,0,8,vig_tiny,cifar10,0.3,1,_vig_blocks.0,0.978425
40,0,8,vig_tiny,cifar10,0.3,2,_vig_blocks.1,0.984500
40,0,8,vig_tiny,cifar10,0.3,3,_vig_blocks.2,0.986955
40,0,8,vig_tiny,cifar10,0.3,4,_vig_blocks.3,0.988519
40,0,8,vig_tiny,cifar10,0.3,5,_vig_blocks.4,0.989283
40,0,8,vig_tiny,cifar10,0.3,6,_vig_blocks.5,0.989105
40,0,8,vig_tiny,cifar10,0.3,7,_vig_blocks.6,0.988653
40,0,8,vig_tiny,cifar10,0.3,8,_vig_blocks.7,0.989721
40,0,8,vig_tiny,cifar10,0.3,9,_vig_blocks.8,0.989513
40,0,8,vig_tiny,cifar10,0.3,10,_vig_blocks.9,0.988963
40,0,8,vig_tiny,cifar10,0.3,11,_vig_blocks.10,0.986855
40,0,8,vig_tiny,cifar10,0.3,12,_vig_blocks.11,0.984062
40,0,8,vig_tiny,cifar10,0.3,13,classifier,0.800348
40,0,9,vig_tiny,cifar10,0.3,0,_vig_stem,0.979093
40,0,9,vig_tiny,cifar10,0.3,1,_vig_blocks.0,0.959587
40,0,9,vig_tiny,cifar10,0.3,2,_vig_blocks.1,0.956006
40,0,9,vig_tiny,cifar10,0.3,3,_vig_blocks.2,0.953630
40,0,9,vig_tiny,cifar10,0.3,4,_vig_blocks.3,0.958738
40,0,9,vig_tiny,cifar10,0.3,5,_vig_blocks.4,0.961869
40,0,9,vig_tiny,cifar10,0.3,6,_vig_blocks.5,0.960066
40,0,9,vig_tiny,cifar10,0.3,7,_vig_blocks.6,0.956228
40,0,9,vig_tiny,cifar10,0.3,8,_vig_blocks.7,0.962337
40,0,9,vig_tiny,cifar10,0.3,9,_vig_blocks.8,0.960639
40,0,9,vig_tiny,cifar10,0.3,10,_vig_blocks.9,0.957455
40,0,9,vig_tiny,cifar10,0.3,11,_vig_blocks.10,0.945841
40,0,9,vig_tiny,cifar10,0.3,12,_vig_blocks.11,0.927845
40,0,9,vig_tiny,cifar10,0.3,13,classifier,0.706129
40,1,2,vig_tiny,cifar10,0.3,0,_vig_stem,0.990677
40,1,2,vig_tiny,cifar10,0.3,1,_vig_blocks.0,0.985374
40,1,2,vig_tiny,cifar10,0.3,2,_vig_blocks.1,0.986892
40,1,2,vig_tiny,cifar10,0.3,3,_vig_blocks.2,0.987307
40,1,2,vig_tiny,cifar10,0.3,4,_vig_blocks.3,0.988230
40,1,2,vig_tiny,cifar10,0.3,5,_vig_blocks.4,0.988590
40,1,2,vig_tiny,cifar10,0.3,6,_vig_blocks.5,0.988533
40,1,2,vig_tiny,cifar10,0.3,7,_vig_blocks.6,0.987291
40,1,2,vig_tiny,cifar10,0.3,8,_vig_blocks.7,0.987852
40,1,2,vig_tiny,cifar10,0.3,9,_vig_blocks.8,0.986650
40,1,2,vig_tiny,cifar10,0.3,10,_vig_blocks.9,0.986123
40,1,2,vig_tiny,cifar10,0.3,11,_vig_blocks.10,0.984457
40,1,2,vig_tiny,cifar10,0.3,12,_vig_blocks.11,0.982160
40,1,2,vig_tiny,cifar10,0.3,13,classifier,0.887046
40,1,3,vig_tiny,cifar10,0.3,0,_vig_stem,0.984006
40,1,3,vig_tiny,cifar10,0.3,1,_vig_blocks.0,0.968421
40,1,3,vig_tiny,cifar10,0.3,2,_vig_blocks.1,0.965348
40,1,3,vig_tiny,cifar10,0.3,3,_vig_blocks.2,0.963531
40,1,3,vig_tiny,cifar10,0.3,4,_vig_blocks.3,0.967001
40,1,3,vig_tiny,cifar10,0.3,5,_vig_blocks.4,0.968493
40,1,3,vig_tiny,cifar10,0.3,6,_vig_blocks.5,0.967547
40,1,3,vig_tiny,cifar10,0.3,7,_vig_blocks.6,0.964064
40,1,3,vig_tiny,cifar10,0.3,8,_vig_blocks.7,0.966886
40,1,3,vig_tiny,cifar10,0.3,9,_vig_blocks.8,0.964814
40,1,3,vig_tiny,cifar10,0.3,10,_vig_blocks.9,0.959204
40,1,3,vig_tiny,cifar10,0.3,11,_vig_blocks.10,0.950131
40,1,3,vig_tiny,cifar10,0.3,12,_vig_blocks.11,0.937535
40,1,3,vig_tiny,cifar10,0.3,13,classifier,0.870820
40,1,4,vig_tiny,cifar10,0.3,0,_vig_stem,0.980450
40,1,4,vig_tiny,cifar10,0.3,1,_vig_blocks.0,0.970072
40,1,4,vig_tiny,cifar10,0.3,2,_vig_blocks.1,0.971661
40,1,4,vig_tiny,cifar10,0.3,3,_vig_blocks.2,0.973928
40,1,4,vig_tiny,cifar10,0.3,4,_vig_blocks.3,0.975869
40,1,4,vig_tiny,cifar10,0.3,5,_vig_blocks.4,0.975883
40,1,4,vig_tiny,cifar10,0.3,6,_vig_blocks.5,0.976896
40,1,4,vig_tiny,cifar10,0.3,7,_vig_blocks.6,0.975238
40,1,4,vig_tiny,cifar10,0.3,8,_vig_blocks.7,0.975707
40,1,4,vig_tiny,cifar10,0.3,9,_vig_blocks.8,0.974811
40,1,4,vig_tiny,cifar10,0.3,10,_vig_blocks.9,0.971767
40,1,4,vig_tiny,cifar10,0.3,11,_vig_blocks.10,0.964299
40,1,4,vig_tiny,cifar10,0.3,12,_vig_blocks.11,0.953532
40,1,4,vig_tiny,cifar10,0.3,13,classifier,0.877776
40,1,5,vig_tiny,cifar10,0.3,0,_vig_stem,0.990607
40,1,5,vig_tiny,cifar10,0.3,1,_vig_blocks.0,0.986254
40,1,5,vig_tiny,cifar10,0.3,2,_vig_blocks.1,0.986157
40,1,5,vig_tiny,cifar10,0.3,3,_vig_blocks.2,0.987966
40,1,5,vig_tiny,cifar10,0.3,4,_vig_blocks.3,0.988974
40,1,5,vig_tiny,cifar10,0.3,5,_vig_blocks.4,0.989062
40,1,5,vig_tiny,cifar10,0.3,6,_vig_blocks.5,0.988772
40,1,5,vig_tiny,cifar10,0.3,7,_vig_blocks.6,0.988095
40,1,5,vig_tiny,cifar10,0.3,8,_vig_blocks.7,0.988244
40,1,5,vig_tiny,cifar10,0.3,9,_vig_blocks.8,0.987549
40,1,5,vig_tiny,cifar10,0.3,10,_vig_blocks.9,0.987146
40,1,5,vig_tiny,cifar10,0.3,11,_vig_blocks.10,0.986087
40,1,5,vig_tiny,cifar10,0.3,12,_vig_blocks.11,0.984513
40,1,5,vig_tiny,cifar10,0.3,13,classifier,0.804624
40,1,6,vig_tiny,cifar10,0.3,0,_vig_stem,0.977759
40,1,6,vig_tiny,cifar10,0.3,1,_vig_blocks.0,0.960494
40,1,6,vig_tiny,cifar10,0.3,2,_vig_blocks.1,0.961899
40,1,6,vig_tiny,cifar10,0.3,3,_vig_blocks.2,0.965139
40,1,6,vig_tiny,cifar10,0.3,4,_vig_blocks.3,0.967268
40,1,6,vig_tiny,cifar10,0.3,5,_vig_blocks.4,0.967638
40,1,6,vig_tiny,cifar10,0.3,6,_vig_blocks.5,0.967484
40,1,6,vig_tiny,cifar10,0.3,7,_vig_blocks.6,0.967809
40,1,6,vig_tiny,cifar10,0.3,8,_vig_blocks.7,0.970067
40,1,6,vig_tiny,cifar10,0.3,9,_vig_blocks.8,0.971112
40,1,6,vig_tiny,cifar10,0.3,10,_vig_blocks.9,0.969818
40,1,6,vig_tiny,cifar10,0.3,11,_vig_blocks.10,0.962529
40,1,6,vig_tiny,cifar10,0.3,12,_vig_blocks.11,0.952295
40,1,6,vig_tiny,cifar10,0.3,13,classifier,0.838569
40,1,7,vig_tiny,cifar10,0.3,0,_vig_stem,0.977244
40,1,7,vig_tiny,cifar10,0.3,1,_vig_blocks.0,0.965331
40,1,7,vig_tiny,cifar10,0.3,2,_vig_blocks.1,0.964496
40,1,7,vig_tiny,cifar10,0.3,3,_vig_blocks.2,0.965200
40,1,7,vig_tiny,cifar10,0.3,4,_vig_blocks.3,0.966198
40,1,7,vig_tiny,cifar10,0.3,5,_vig_blocks.4,0.967643
40,1,7,vig_tiny,cifar10,0.3,6,_vig_blocks.5,0.968240
40,1,7,vig_tiny,cifar10,0.3,7,_vig_blocks.6,0.966514
40,1,7,vig_tiny,cifar10,0.3,8,_vig_blocks.7,0.967189
40,1,7,vig_tiny,cifar10,0.3,9,_vig_blocks.8,0.965807
40,1,7,vig_tiny,cifar10,0.3,10,_vig_blocks.9,0.963217
40,1,7,vig_tiny,cifar10,0.3,11,_vig_blocks.10,0.958732
40,1,7,vig_tiny,cifar10,0.3,12,_vig_blocks.11,0.951981
40,1,7,vig_tiny,cifar10,0.3,13,classifier,0.610375
40,1,8,vig_tiny,cifar10,0.3,0,_vig_stem,0.991451
40,1,8,vig_tiny,cifar10,0.3,1,_vig_blocks.0,0.988351
40,1,8,vig_tiny,cifar10,0.3,2,_vig_blocks.1,0.986385
40,1,8,vig_tiny,cifar10,0.3,3,_vig_blocks.2,0.987298
40,1,8,vig_tiny,cifar10,0.3,4,_vig_blocks.3,0.987785
40,1,8,vig_tiny,cifar10,0.3,5,_vig_blocks.4,0.987670
40,1,8,vig_tiny,cifar10,0.3,6,_vig_blocks.5,0.987173
40,1,8,vig_tiny,cifar10,0.3,7,_vig_blocks.6,0.986313
40,1,8,vig_tiny,cifar10,0.3,8,_vig_blocks.7,0.986741
40,1,8,vig_tiny,cifar10,0.3,9,_vig_blocks.8,0.985572
40,1,8,vig_tiny,cifar10,0.3,10,_vig_blocks.9,0.984594
40,1,8,vig_tiny,cifar10,0.3,11,_vig_blocks.10,0.983505
40,1,8,vig_tiny,cifar10,0.3,12,_vig_blocks.11,0.982854
40,1,8,vig_tiny,cifar10,0.3,13,classifier,0.884751
40,1,9,vig_tiny,cifar10,0.3,0,_vig_stem,0.988912
40,1,9,vig_tiny,cifar10,0.3,1,_vig_blocks.0,0.976144
40,1,9,vig_tiny,cifar10,0.3,2,_vig_blocks.1,0.971799
40,1,9,vig_tiny,cifar10,0.3,3,_vig_blocks.2,0.970299
40,1,9,vig_tiny,cifar10,0.3,4,_vig_blocks.3,0.972158
40,1,9,vig_tiny,cifar10,0.3,5,_vig_blocks.4,0.972869
40,1,9,vig_tiny,cifar10,0.3,6,_vig_blocks.5,0.972204
40,1,9,vig_tiny,cifar10,0.3,7,_vig_blocks.6,0.970107
40,1,9,vig_tiny,cifar10,0.3,8,_vig_blocks.7,0.972896
40,1,9,vig_tiny,cifar10,0.3,9,_vig_blocks.8,0.971852
40,1,9,vig_tiny,cifar10,0.3,10,_vig_blocks.9,0.970705
40,1,9,vig_tiny,cifar10,0.3,11,_vig_blocks.10,0.963066
40,1,9,vig_tiny,cifar10,0.3,12,_vig_blocks.11,0.952967
40,1,9,vig_tiny,cifar10,0.3,13,classifier,0.884229
40,2,3,vig_tiny,cifar10,0.3,0,_vig_stem,0.988382
40,2,3,vig_tiny,cifar10,0.3,1,_vig_blocks.0,0.974992
40,2,3,vig_tiny,cifar10,0.3,2,_vig_blocks.1,0.971718
40,2,3,vig_tiny,cifar10,0.3,3,_vig_blocks.2,0.970304
40,2,3,vig_tiny,cifar10,0.3,4,_vig_blocks.3,0.972798
40,2,3,vig_tiny,cifar10,0.3,5,_vig_blocks.4,0.974503
40,2,3,vig_tiny,cifar10,0.3,6,_vig_blocks.5,0.972665
40,2,3,vig_tiny,cifar10,0.3,7,_vig_blocks.6,0.970510
40,2,3,vig_tiny,cifar10,0.3,8,_vig_blocks.7,0.973801
40,2,3,vig_tiny,cifar10,0.3,9,_vig_blocks.8,0.973260
40,2,3,vig_tiny,cifar10,0.3,10,_vig_blocks.9,0.969260
40,2,3,vig_tiny,cifar10,0.3,11,_vig_blocks.10,0.964201
40,2,3,vig_tiny,cifar10,0.3,12,_vig_blocks.11,0.954576
40,2,3,vig_tiny,cifar10,0.3,13,classifier,0.843027
40,2,4,vig_tiny,cifar10,0.3,0,_vig_stem,0.992167
40,2,4,vig_tiny,cifar10,0.3,1,_vig_blocks.0,0.983768
40,2,4,vig_tiny,cifar10,0.3,2,_vig_blocks.1,0.983736
40,2,4,vig_tiny,cifar10,0.3,3,_vig_blocks.2,0.985672
40,2,4,vig_tiny,cifar10,0.3,4,_vig_blocks.3,0.986537
40,2,4,vig_tiny,cifar10,0.3,5,_vig_blocks.4,0.986600
40,2,4,vig_tiny,cifar10,0.3,6,_vig_blocks.5,0.985717
40,2,4,vig_tiny,cifar10,0.3,7,_vig_blocks.6,0.983817
40,2,4,vig_tiny,cifar10,0.3,8,_vig_blocks.7,0.984525
40,2,4,vig_tiny,cifar10,0.3,9,_vig_blocks.8,0.983848
40,2,4,vig_tiny,cifar10,0.3,10,_vig_blocks.9,0.981764
40,2,4,vig_tiny,cifar10,0.3,11,_vig_blocks.10,0.977356
40,2,4,vig_tiny,cifar10,0.3,12,_vig_blocks.11,0.971026
40,2,4,vig_tiny,cifar10,0.3,13,classifier,0.865627
40,2,5,vig_tiny,cifar10,0.3,0,_vig_stem,0.994719
40,2,5,vig_tiny,cifar10,0.3,1,_vig_blocks.0,0.992452
40,2,5,vig_tiny,cifar10,0.3,2,_vig_blocks.1,0.993610
40,2,5,vig_tiny,cifar10,0.3,3,_vig_blocks.2,0.995762
40,2,5,vig_tiny,cifar10,0.3,4,_vig_blocks.3,0.996168
40,2,5,vig_tiny,cifar10,0.3,5,_vig_blocks.4,0.996157
40,2,5,vig_tiny,cifar10,0.3,6,_vig_blocks.5,0.995835
40,2,5,vig_tiny,cifar10,0.3,7,_vig_blocks.6,0.995520
40,2,5,vig_tiny,cifar10,0.3,8,_vig_blocks.7,0.995238
40,2,5,vig_tiny,cifar10,0.3,9,_vig_blocks.8,0.994401
40,2,5,vig_tiny,cifar10,0.3,10,_vig_blocks.9,0.993919
40,2,5,vig_tiny,cifar10,0.3,11,_vig_blocks.10,0.992558
40,2,5,vig_tiny,cifar10,0.3,12,_vig_blocks.11,0.989938
40,2,5,vig_tiny,cifar10,0.3,13,classifier,0.766124
40,2,6,vig_tiny,cifar10,0.3,0,_vig_stem,0.958822
40,2,6,vig_tiny,cifar10,0.3,1,_vig_blocks.0,0.937978
40,2,6,vig_tiny,cifar10,0.3,2,_vig_blocks.1,0.941425
40,2,6,vig_tiny,cifar10,0.3,3,_vig_blocks.2,0.944358
40,2,6,vig_tiny,cifar10,0.3,4,_vig_blocks.3,0.946929
40,2,6,vig_tiny,cifar10,0.3,5,_vig_blocks.4,0.949186
40,2,6,vig_tiny,cifar10,0.3,6,_vig_blocks.5,0.949217
40,2,6,vig_tiny,cifar10,0.3,7,_vig_blocks.6,0.950099
40,2,6,vig_tiny,cifar10,0.3,8,_vig_blocks.7,0.953041
40,2,6,vig_tiny,cifar10,0.3,9,_vig_blocks.8,0.956456
40,2,6,vig_tiny,cifar10,0.3,10,_vig_blocks.9,0.955305
40,2,6,vig_tiny,cifar10,0.3,11,_vig_blocks.10,0.950230
40,2,6,vig_tiny,cifar10,0.3,12,_vig_blocks.11,0.940470
40,2,6,vig_tiny,cifar10,0.3,13,classifier,0.811401
40,2,7,vig_tiny,cifar10,0.3,0,_vig_stem,0.991641
40,2,7,vig_tiny,cifar10,0.3,1,_vig_blocks.0,0.984187
40,2,7,vig_tiny,cifar10,0.3,2,_vig_blocks.1,0.982108
40,2,7,vig_tiny,cifar10,0.3,3,_vig_blocks.2,0.984439
40,2,7,vig_tiny,cifar10,0.3,4,_vig_blocks.3,0.985296
40,2,7,vig_tiny,cifar10,0.3,5,_vig_blocks.4,0.986211
40,2,7,vig_tiny,cifar10,0.3,6,_vig_blocks.5,0.985632
40,2,7,vig_tiny,cifar10,0.3,7,_vig_blocks.6,0.984941
40,2,7,vig_tiny,cifar10,0.3,8,_vig_blocks.7,0.985813
40,2,7,vig_tiny,cifar10,0.3,9,_vig_blocks.8,0.984907
40,2,7,vig_tiny,cifar10,0.3,10,_vig_blocks.9,0.983551
40,2,7,vig_tiny,cifar10,0.3,11,_vig_blocks.10,0.980749
40,2,7,vig_tiny,cifar10,0.3,12,_vig_blocks.11,0.975416
40,2,7,vig_tiny,cifar10,0.3,13,classifier,0.548656
40,2,8,vig_tiny,cifar10,0.3,0,_vig_stem,0.995963
40,2,8,vig_tiny,cifar10,0.3,1,_vig_blocks.0,0.994437
40,2,8,vig_tiny,cifar10,0.3,2,_vig_blocks.1,0.994842
40,2,8,vig_tiny,cifar10,0.3,3,_vig_blocks.2,0.996009
40,2,8,vig_tiny,cifar10,0.3,4,_vig_blocks.3,0.996322
40,2,8,vig_tiny,cifar10,0.3,5,_vig_blocks.4,0.996488
40,2,8,vig_tiny,cifar10,0.3,6,_vig_blocks.5,0.996045
40,2,8,vig_tiny,cifar10,0.3,7,_vig_blocks.6,0.995651
40,2,8,vig_tiny,cifar10,0.3,8,_vig_blocks.7,0.995328
40,2,8,vig_tiny,cifar10,0.3,9,_vig_blocks.8,0.994755
40,2,8,vig_tiny,cifar10,0.3,10,_vig_blocks.9,0.994169
40,2,8,vig_tiny,cifar10,0.3,11,_vig_blocks.10,0.992535
40,2,8,vig_tiny,cifar10,0.3,12,_vig_blocks.11,0.989966
40,2,8,vig_tiny,cifar10,0.3,13,classifier,0.918226
40,2,9,vig_tiny,cifar10,0.3,0,_vig_stem,0.982448
40,2,9,vig_tiny,cifar10,0.3,1,_vig_blocks.0,0.969821
40,2,9,vig_tiny,cifar10,0.3,2,_vig_blocks.1,0.966935
40,2,9,vig_tiny,cifar10,0.3,3,_vig_blocks.2,0.967318
40,2,9,vig_tiny,cifar10,0.3,4,_vig_blocks.3,0.969162
40,2,9,vig_tiny,cifar10,0.3,5,_vig_blocks.4,0.971057
40,2,9,vig_tiny,cifar10,0.3,6,_vig_blocks.5,0.970521
40,2,9,vig_tiny,cifar10,0.3,7,_vig_blocks.6,0.970420
40,2,9,vig_tiny,cifar10,0.3,8,_vig_blocks.7,0.972853
40,2,9,vig_tiny,cifar10,0.3,9,_vig_blocks.8,0.973179
40,2,9,vig_tiny,cifar10,0.3,10,_vig_blocks.9,0.971714
40,2,9,vig_tiny,cifar10,0.3,11,_vig_blocks.10,0.966570
40,2,9,vig_tiny,cifar10,0.3,12,_vig_blocks.11,0.957194
40,2,9,vig_tiny,cifar10,0.3,13,classifier,0.838586
40,3,4,vig_tiny,cifar10,0.3,0,_vig_stem,0.984344
40,3,4,vig_tiny,cifar10,0.3,1,_vig_blocks.0,0.974918
40,3,4,vig_tiny,cifar10,0.3,2,_vig_blocks.1,0.977828
40,3,4,vig_tiny,cifar10,0.3,3,_vig_blocks.2,0.980686
40,3,4,vig_tiny,cifar10,0.3,4,_vig_blocks.3,0.982099
40,3,4,vig_tiny,cifar10,0.3,5,_vig_blocks.4,0.982316
40,3,4,vig_tiny,cifar10,0.3,6,_vig_blocks.5,0.981643
40,3,4,vig_tiny,cifar10,0.3,7,_vig_blocks.6,0.981830
40,3,4,vig_tiny,cifar10,0.3,8,_vig_blocks.7,0.982911
40,3,4,vig_tiny,cifar10,0.3,9,_vig_blocks.8,0.982826
40,3,4,vig_tiny,cifar10,0.3,10,_vig_blocks.9,0.980942
40,3,4,vig_tiny,cifar10,0.3,11,_vig_blocks.10,0.978752
40,3,4,vig_tiny,cifar10,0.3,12,_vig_blocks.11,0.974362
40,3,4,vig_tiny,cifar10,0.3,13,classifier,0.942596
40,3,5,vig_tiny,cifar10,0.3,0,_vig_stem,0.989175
40,3,5,vig_tiny,cifar10,0.3,1,_vig_blocks.0,0.978978
40,3,5,vig_tiny,cifar10,0.3,2,_vig_blocks.1,0.973952
40,3,5,vig_tiny,cifar10,0.3,3,_vig_blocks.2,0.973243
40,3,5,vig_tiny,cifar10,0.3,4,_vig_blocks.3,0.975822
40,3,5,vig_tiny,cifar10,0.3,5,_vig_blocks.4,0.976506
40,3,5,vig_tiny,cifar10,0.3,6,_vig_blocks.5,0.973489
40,3,5,vig_tiny,cifar10,0.3,7,_vig_blocks.6,0.970417
40,3,5,vig_tiny,cifar10,0.3,8,_vig_blocks.7,0.973188
40,3,5,vig_tiny,cifar10,0.3,9,_vig_blocks.8,0.971742
40,3,5,vig_tiny,cifar10,0.3,10,_vig_blocks.9,0.966634
40,3,5,vig_tiny,cifar10,0.3,11,_vig_blocks.10,0.959022
40,3,5,vig_tiny,cifar10,0.3,12,_vig_blocks.11,0.944078
40,3,5,vig_tiny,cifar10,0.3,13,classifier,0.780934
40,3,6,vig_tiny,cifar10,0.3,0,_vig_stem,0.962753
40,3,6,vig_tiny,cifar10,0.3,1,_vig_blocks.0,0.943550
40,3,6,vig_tiny,cifar10,0.3,2,_vig_blocks.1,0.952590
40,3,6,vig_tiny,cifar10,0.3,3,_vig_blocks.2,0.954052
40,3,6,vig_tiny,cifar10,0.3,4,_vig_blocks.3,0.955783
40,3,6,vig_tiny,cifar10,0.3,5,_vig_blocks.4,0.959003
40,3,6,vig_tiny,cifar10,0.3,6,_vig_blocks.5,0.960489
40,3,6,vig_tiny,cifar10,0.3,7,_vig_blocks.6,0.958991
40,3,6,vig_tiny,cifar10,0.3,8,_vig_blocks.7,0.960123
40,3,6,vig_tiny,cifar10,0.3,9,_vig_blocks.8,0.960435
40,3,6,vig_tiny,cifar10,0.3,10,_vig_blocks.9,0.957851
40,3,6,vig_tiny,cifar10,0.3,11,_vig_blocks.10,0.953687
40,3,6,vig_tiny,cifar10,0.3,12,_vig_blocks.11,0.947778
40,3,6,vig_tiny,cifar10,0.3,13,classifier,0.824182
40,3,7,vig_tiny,cifar10,0.3,0,_vig_stem,0.985813
40,3,7,vig_tiny,cifar10,0.3,1,_vig_blocks.0,0.978361
40,3,7,vig_tiny,cifar10,0.3,2,_vig_blocks.1,0.981595
40,3,7,vig_tiny,cifar10,0.3,3,_vig_blocks.2,0.982639
40,3,7,vig_tiny,cifar10,0.3,4,_vig_blocks.3,0.981909
40,3,7,vig_tiny,cifar10,0.3,5,_vig_blocks.4,0.981193
40,3,7,vig_tiny,cifar10,0.3,6,_vig_blocks.5,0.980350
40,3,7,vig_tiny,cifar10,0.3,7,_vig_blocks.6,0.979808
40,3,7,vig_tiny,cifar10,0.3,8,_vig_blocks.7,0.979603
40,3,7,vig_tiny,cifar10,0.3,9,_vig_blocks.8,0.979631
40,3,7,vig_tiny,cifar10,0.3,10,_vig_blocks.9,0.974696
40,3,7,vig_tiny,cifar10,0.3,11,_vig_blocks.10,0.970494
40,3,7,vig_tiny,cifar10,0.3,12,_vig_blocks.11,0.962356
40,3,7,vig_tiny,cifar10,0.3,13,classifier,0.661764
40,3,8,vig_tiny,cifar10,0.3,0,_vig_stem,0.988773
40,3,8,vig_tiny,cifar10,0.3,1,_vig_blocks.0,0.976603
40,3,8,vig_tiny,cifar10,0.3,2,_vig_blocks.1,0.972325
40,3,8,vig_tiny,cifar10,0.3,3,_vig_blocks.2,0.970100
40,3,8,vig_tiny,cifar10,0.3,4,_vig_blocks.3,0.973698
40,3,8,vig_tiny,cifar10,0.3,5,_vig_blocks.4,0.974925
40,3,8,vig_tiny,cifar10,0.3,6,_vig_blocks.5,0.972369
40,3,8,vig_tiny,cifar10,0.3,7,_vig_blocks.6,0.968985
40,3,8,vig_tiny,cifar10,0.3,8,_vig_blocks.7,0.973097
40,3,8,vig_tiny,cifar10,0.3,9,_vig_blocks.8,0.971384
40,3,8,vig_tiny,cifar10,0.3,10,_vig_blocks.9,0.965532
40,3,8,vig_tiny,cifar10,0.3,11,_vig_blocks.10,0.957503
40,3,8,vig_tiny,cifar10,0.3,12,_vig_blocks.11,0.942839
40,3,8,vig_tiny,cifar10,0.3,13,classifier,0.849530
40,3,9,vig_tiny,cifar10,0.3,0,_vig_stem,0.991992
40,3,9,vig_tiny,cifar10,0.3,1,_vig_blocks.0,0.988057
40,3,9,vig_tiny,cifar10,0.3,2,_vig_blocks.1,0.988727
40,3,9,vig_tiny,cifar10,0.3,3,_vig_blocks.2,0.990154
40,3,9,vig_tiny,cifar10,0.3,4,_vig_blocks.3,0.990905
40,3,9,vig_tiny,cifar10,0.3,5,_vig_blocks.4,0.990927
40,3,9,vig_tiny,cifar10,0.3,6,_vig_blocks.5,0.990560
40,3,9,vig_tiny,cifar10,0.3,7,_vig_blocks.6,0.989881
40,3,9,vig_tiny,cifar10,0.3,8,_vig_blocks.7,0.990152
40,3,9,vig_tiny,cifar10,0.3,9,_vig_blocks.8,0.989676
40,3,9,vig_tiny,cifar10,0.3,10,_vig_blocks.9,0.988164
40,3,9,vig_tiny,cifar10,0.3,11,_vig_blocks.10,0.986251
40,3,9,vig_tiny,cifar10,0.3,12,_vig_blocks.11,0.982753
40,3,9,vig_tiny,cifar10,0.3,13,classifier,0.958385
40,4,5,vig_tiny,cifar10,0.3,0,_vig_stem,0.994412
40,4,5,vig_tiny,cifar10,0.3,1,_vig_blocks.0,0.988351
40,4,5,vig_tiny,cifar10,0.3,2,_vig_blocks.1,0.985975
40,4,5,vig_tiny,cifar10,0.3,3,_vig_blocks.2,0.986217
40,4,5,vig_tiny,cifar10,0.3,4,_vig_blocks.3,0.987393
40,4,5,vig_tiny,cifar10,0.3,5,_vig_blocks.4,0.987171
40,4,5,vig_tiny,cifar10,0.3,6,_vig_blocks.5,0.986258
40,4,5,vig_tiny,cifar10,0.3,7,_vig_blocks.6,0.984419
40,4,5,vig_tiny,cifar10,0.3,8,_vig_blocks.7,0.985420
40,4,5,vig_tiny,cifar10,0.3,9,_vig_blocks.8,0.984770
40,4,5,vig_tiny,cifar10,0.3,10,_vig_blocks.9,0.982394
40,4,5,vig_tiny,cifar10,0.3,11,_vig_blocks.10,0.976705
40,4,5,vig_tiny,cifar10,0.3,12,_vig_blocks.11,0.966797
40,4,5,vig_tiny,cifar10,0.3,13,classifier,0.800087
40,4,6,vig_tiny,cifar10,0.3,0,_vig_stem,0.941120
40,4,6,vig_tiny,cifar10,0.3,1,_vig_blocks.0,0.915091
40,4,6,vig_tiny,cifar10,0.3,2,_vig_blocks.1,0.927675
40,4,6,vig_tiny,cifar10,0.3,3,_vig_blocks.2,0.934033
40,4,6,vig_tiny,cifar10,0.3,4,_vig_blocks.3,0.936217
40,4,6,vig_tiny,cifar10,0.3,5,_vig_blocks.4,0.938513
40,4,6,vig_tiny,cifar10,0.3,6,_vig_blocks.5,0.941115
40,4,6,vig_tiny,cifar10,0.3,7,_vig_blocks.6,0.942478
40,4,6,vig_tiny,cifar10,0.3,8,_vig_blocks.7,0.943447
40,4,6,vig_tiny,cifar10,0.3,9,_vig_blocks.8,0.945667
40,4,6,vig_tiny,cifar10,0.3,10,_vig_blocks.9,0.944165
40,4,6,vig_tiny,cifar10,0.3,11,_vig_blocks.10,0.937353
40,4,6,vig_tiny,cifar10,0.3,12,_vig_blocks.11,0.927827
40,4,6,vig_tiny,cifar10,0.3,13,classifier,0.807692
40,4,7,vig_tiny,cifar10,0.3,0,_vig_stem,0.997535
40,4,7,vig_tiny,cifar10,0.3,1,_vig_blocks.0,0.994034
40,4,7,vig_tiny,cifar10,0.3,2,_vig_blocks.1,0.991502
40,4,7,vig_tiny,cifar10,0.3,3,_vig_blocks.2,0.991345
40,4,7,vig_tiny,cifar10,0.3,4,_vig_blocks.3,0.990539
40,4,7,vig_tiny,cifar10,0.3,5,_vig_blocks.4,0.990122
40,4,7,vig_tiny,cifar10,0.3,6,_vig_blocks.5,0.989698
40,4,7,vig_tiny,cifar10,0.3,7,_vig_blocks.6,0.989499
40,4,7,vig_tiny,cifar10,0.3,8,_vig_blocks.7,0.989538
40,4,7,vig_tiny,cifar10,0.3,9,_vig_blocks.8,0.988969
40,4,7,vig_tiny,cifar10,0.3,10,_vig_blocks.9,0.986601
40,4,7,vig_tiny,cifar10,0.3,11,_vig_blocks.10,0.984015
40,4,7,vig_tiny,cifar10,0.3,12,_vig_blocks.11,0.979427
40,4,7,vig_tiny,cifar10,0.3,13,classifier,0.771460
40,4,8,vig_tiny,cifar10,0.3,0,_vig_stem,0.992612
40,4,8,vig_tiny,cifar10,0.3,1,_vig_blocks.0,0.984359
40,4,8,vig_tiny,cifar10,0.3,2,_vig_blocks.1,0.984592
40,4,8,vig_tiny,cifar10,0.3,3,_vig_blocks.2,0.986345
40,4,8,vig_tiny,cifar10,0.3,4,_vig_blocks.3,0.987635
40,4,8,vig_tiny,cifar10,0.3,5,_vig_blocks.4,0.987463
40,4,8,vig_tiny,cifar10,0.3,6,_vig_blocks.5,0.986281
40,4,8,vig_tiny,cifar10,0.3,7,_vig_blocks.6,0.983588
40,4,8,vig_tiny,cifar10,0.3,8,_vig_blocks.7,0.984940
40,4,8,vig_tiny,cifar10,0.3,9,_vig_blocks.8,0.983793
40,4,8,vig_tiny,cifar10,0.3,10,_vig_blocks.9,0.980538
40,4,8,vig_tiny,cifar10,0.3,11,_vig_blocks.10,0.973985
40,4,8,vig_tiny,cifar10,0.3,12,_vig_blocks.11,0.963219
40,4,8,vig_tiny,cifar10,0.3,13,classifier,0.864704
40,4,9,vig_tiny,cifar10,0.3,0,_vig_stem,0.972370
40,4,9,vig_tiny,cifar10,0.3,1,_vig_blocks.0,0.958747
40,4,9,vig_tiny,cifar10,0.3,2,_vig_blocks.1,0.963685
40,4,9,vig_tiny,cifar10,0.3,3,_vig_blocks.2,0.968718
40,4,9,vig_tiny,cifar10,0.3,4,_vig_blocks.3,0.969692
40,4,9,vig_tiny,cifar10,0.3,5,_vig_blocks.4,0.970337
40,4,9,vig_tiny,cifar10,0.3,6,_vig_blocks.5,0.970306
40,4,9,vig_tiny,cifar10,0.3,7,_vig_blocks.6,0.971147
40,4,9,vig_tiny,cifar10,0.3,8,_vig_blocks.7,0.971914
40,4,9,vig_tiny,cifar10,0.3,9,_vig_blocks.8,0.972129
40,4,9,vig_tiny,cifar10,0.3,10,_vig_blocks.9,0.971009
40,4,9,vig_tiny,cifar10,0.3,11,_vig_blocks.10,0.966935
40,4,9,vig_tiny,cifar10,0.3,12,_vig_blocks.11,0.960172
40,4,9,vig_tiny,cifar10,0.3,13,classifier,0.909481
40,5,6,vig_tiny,cifar10,0.3,0,_vig_stem,0.958802
40,5,6,vig_tiny,cifar10,0.3,1,_vig_blocks.0,0.938903
40,5,6,vig_tiny,cifar10,0.3,2,_vig_blocks.1,0.943337
40,5,6,vig_tiny,cifar10,0.3,3,_vig_blocks.2,0.949259
40,5,6,vig_tiny,cifar10,0.3,4,_vig_blocks.3,0.950908
40,5,6,vig_tiny,cifar10,0.3,5,_vig_blocks.4,0.952402
40,5,6,vig_tiny,cifar10,0.3,6,_vig_blocks.5,0.950919
40,5,6,vig_tiny,cifar10,0.3,7,_vig_blocks.6,0.951171
40,5,6,vig_tiny,cifar10,0.3,8,_vig_blocks.7,0.952737
40,5,6,vig_tiny,cifar10,0.3,9,_vig_blocks.8,0.955442
40,5,6,vig_tiny,cifar10,0.3,10,_vig_blocks.9,0.954009
40,5,6,vig_tiny,cifar10,0.3,11,_vig_blocks.10,0.947237
40,5,6,vig_tiny,cifar10,0.3,12,_vig_blocks.11,0.934806
40,5,6,vig_tiny,cifar10,0.3,13,classifier,0.692752
40,5,7,vig_tiny,cifar10,0.3,0,_vig_stem,0.993457
40,5,7,vig_tiny,cifar10,0.3,1,_vig_blocks.0,0.988309
40,5,7,vig_tiny,cifar10,0.3,2,_vig_blocks.1,0.985118
40,5,7,vig_tiny,cifar10,0.3,3,_vig_blocks.2,0.985592
40,5,7,vig_tiny,cifar10,0.3,4,_vig_blocks.3,0.986466
40,5,7,vig_tiny,cifar10,0.3,5,_vig_blocks.4,0.987224
40,5,7,vig_tiny,cifar10,0.3,6,_vig_blocks.5,0.986261
40,5,7,vig_tiny,cifar10,0.3,7,_vig_blocks.6,0.984860
40,5,7,vig_tiny,cifar10,0.3,8,_vig_blocks.7,0.986132
40,5,7,vig_tiny,cifar10,0.3,9,_vig_blocks.8,0.985084
40,5,7,vig_tiny,cifar10,0.3,10,_vig_blocks.9,0.983823
40,5,7,vig_tiny,cifar10,0.3,11,_vig_blocks.10,0.980586
40,5,7,vig_tiny,cifar10,0.3,12,_vig_blocks.11,0.974186
40,5,7,vig_tiny,cifar10,0.3,13,classifier,0.630743
40,5,8,vig_tiny,cifar10,0.3,0,_vig_stem,0.996190
40,5,8,vig_tiny,cifar10,0.3,1,_vig_blocks.0,0.993239
40,5,8,vig_tiny,cifar10,0.3,2,_vig_blocks.1,0.993017
40,5,8,vig_tiny,cifar10,0.3,3,_vig_blocks.2,0.994268
40,5,8,vig_tiny,cifar10,0.3,4,_vig_blocks.3,0.994798
40,5,8,vig_tiny,cifar10,0.3,5,_vig_blocks.4,0.994814
40,5,8,vig_tiny,cifar10,0.3,6,_vig_blocks.5,0.994265
40,5,8,vig_tiny,cifar10,0.3,7,_vig_blocks.6,0.994224
40,5,8,vig_tiny,cifar10,0.3,8,_vig_blocks.7,0.994495
40,5,8,vig_tiny,cifar10,0.3,9,_vig_blocks.8,0.993672
40,5,8,vig_tiny,cifar10,0.3,10,_vig_blocks.9,0.993265
40,5,8,vig_tiny,cifar10,0.3,11,_vig_blocks.10,0.992388
40,5,8,vig_tiny,cifar10,0.3,12,_vig_blocks.11,0.991227
40,5,8,vig_tiny,cifar10,0.3,13,classifier,0.711135
40,5,9,vig_tiny,cifar10,0.3,0,_vig_stem,0.984108
40,5,9,vig_tiny,cifar10,0.3,1,_vig_blocks.0,0.974328
40,5,9,vig_tiny,cifar10,0.3,2,_vig_blocks.1,0.971111
40,5,9,vig_tiny,cifar10,0.3,3,_vig_blocks.2,0.971850
40,5,9,vig_tiny,cifar10,0.3,4,_vig_blocks.3,0.973408
40,5,9,vig_tiny,cifar10,0.3,5,_vig_blocks.4,0.974139
40,5,9,vig_tiny,cifar10,0.3,6,_vig_blocks.5,0.971953
40,5,9,vig_tiny,cifar10,0.3,7,_vig_blocks.6,0.970524
40,5,9,vig_tiny,cifar10,0.3,8,_vig_blocks.7,0.971856
40,5,9,vig_tiny,cifar10,0.3,9,_vig_blocks.8,0.970989
40,5,9,vig_tiny,cifar10,0.3,10,_vig_blocks.9,0.969251
40,5,9,vig_tiny,cifar10,0.3,11,_vig_blocks.10,0.962367
40,5,9,vig_tiny,cifar10,0.3,12,_vig_blocks.11,0.949330
40,5,9,vig_tiny,cifar10,0.3,13,classifier,0.762227
40,6,7,vig_tiny,cifar10,0.3,0,_vig_stem,0.939268
40,6,7,vig_tiny,cifar10,0.3,1,_vig_blocks.0,0.915288
40,6,7,vig_tiny,cifar10,0.3,2,_vig_blocks.1,0.927732
40,6,7,vig_tiny,cifar10,0.3,3,_vig_blocks.2,0.930992
40,6,7,vig_tiny,cifar10,0.3,4,_vig_blocks.3,0.931464
40,6,7,vig_tiny,cifar10,0.3,5,_vig_blocks.4,0.935174
40,6,7,vig_tiny,cifar10,0.3,6,_vig_blocks.5,0.937150
40,6,7,vig_tiny,cifar10,0.3,7,_vig_blocks.6,0.938263
40,6,7,vig_tiny,cifar10,0.3,8,_vig_blocks.7,0.937643
40,6,7,vig_tiny,cifar10,0.3,9,_vig_blocks.8,0.941160
40,6,7,vig_tiny,cifar10,0.3,10,_vig_blocks.9,0.938234
40,6,7,vig_tiny,cifar10,0.3,11,_vig_blocks.10,0.932345
40,6,7,vig_tiny,cifar10,0.3,12,_vig_blocks.11,0.923072
40,6,7,vig_tiny,cifar10,0.3,13,classifier,0.549666
40,6,8,vig_tiny,cifar10,0.3,0,_vig_stem,0.957565
40,6,8,vig_tiny,cifar10,0.3,1,_vig_blocks.0,0.938627
40,6,8,vig_tiny,cifar10,0.3,2,_vig_blocks.1,0.938524
40,6,8,vig_tiny,cifar10,0.3,3,_vig_blocks.2,0.940069
40,6,8,vig_tiny,cifar10,0.3,4,_vig_blocks.3,0.942823
40,6,8,vig_tiny,cifar10,0.3,5,_vig_blocks.4,0.945179
40,6,8,vig_tiny,cifar10,0.3,6,_vig_blocks.5,0.944564
40,6,8,vig_tiny,cifar10,0.3,7,_vig_blocks.6,0.945566
40,6,8,vig_tiny,cifar10,0.3,8,_vig_blocks.7,0.948763
40,6,8,vig_tiny,cifar10,0.3,9,_vig_blocks.8,0.951326
40,6,8,vig_tiny,cifar10,0.3,10,_vig_blocks.9,0.948857
40,6,8,vig_tiny,cifar10,0.3,11,_vig_blocks.10,0.942226
40,6,8,vig_tiny,cifar10,0.3,12,_vig_blocks.11,0.931341
40,6,8,vig_tiny,cifar10,0.3,13,classifier,0.802353
40,6,9,vig_tiny,cifar10,0.3,0,_vig_stem,0.982093
40,6,9,vig_tiny,cifar10,0.3,1,_vig_blocks.0,0.973920
40,6,9,vig_tiny,cifar10,0.3,2,_vig_blocks.1,0.978312
40,6,9,vig_tiny,cifar10,0.3,3,_vig_blocks.2,0.978351
40,6,9,vig_tiny,cifar10,0.3,4,_vig_blocks.3,0.978118
40,6,9,vig_tiny,cifar10,0.3,5,_vig_blocks.4,0.979228
40,6,9,vig_tiny,cifar10,0.3,6,_vig_blocks.5,0.979142
40,6,9,vig_tiny,cifar10,0.3,7,_vig_blocks.6,0.978009
40,6,9,vig_tiny,cifar10,0.3,8,_vig_blocks.7,0.979120
40,6,9,vig_tiny,cifar10,0.3,9,_vig_blocks.8,0.979962
40,6,9,vig_tiny,cifar10,0.3,10,_vig_blocks.9,0.980076
40,6,9,vig_tiny,cifar10,0.3,11,_vig_blocks.10,0.977852
40,6,9,vig_tiny,cifar10,0.3,12,_vig_blocks.11,0.974563
40,6,9,vig_tiny,cifar10,0.3,13,classifier,0.858003
40,7,8,vig_tiny,cifar10,0.3,0,_vig_stem,0.991393
40,7,8,vig_tiny,cifar10,0.3,1,_vig_blocks.0,0.982847
40,7,8,vig_tiny,cifar10,0.3,2,_vig_blocks.1,0.982109
40,7,8,vig_tiny,cifar10,0.3,3,_vig_blocks.2,0.983875
40,7,8,vig_tiny,cifar10,0.3,4,_vig_blocks.3,0.985488
40,7,8,vig_tiny,cifar10,0.3,5,_vig_blocks.4,0.986450
40,7,8,vig_tiny,cifar10,0.3,6,_vig_blocks.5,0.985543
40,7,8,vig_tiny,cifar10,0.3,7,_vig_blocks.6,0.983683
40,7,8,vig_tiny,cifar10,0.3,8,_vig_blocks.7,0.985413
40,7,8,vig_tiny,cifar10,0.3,9,_vig_blocks.8,0.984087
40,7,8,vig_tiny,cifar10,0.3,10,_vig_blocks.9,0.982995
40,7,8,vig_tiny,cifar10,0.3,11,_vig_blocks.10,0.979293
40,7,8,vig_tiny,cifar10,0.3,12,_vig_blocks.11,0.971962
40,7,8,vig_tiny,cifar10,0.3,13,classifier,0.537777
40,7,9,vig_tiny,cifar10,0.3,0,_vig_stem,0.972233
40,7,9,vig_tiny,cifar10,0.3,1,_vig_blocks.0,0.961906
40,7,9,vig_tiny,cifar10,0.3,2,_vig_blocks.1,0.967191
40,7,9,vig_tiny,cifar10,0.3,3,_vig_blocks.2,0.970173
40,7,9,vig_tiny,cifar10,0.3,4,_vig_blocks.3,0.970277
40,7,9,vig_tiny,cifar10,0.3,5,_vig_blocks.4,0.971333
40,7,9,vig_tiny,cifar10,0.3,6,_vig_blocks.5,0.971356
40,7,9,vig_tiny,cifar10,0.3,7,_vig_blocks.6,0.972192
40,7,9,vig_tiny,cifar10,0.3,8,_vig_blocks.7,0.971363
40,7,9,vig_tiny,cifar10,0.3,9,_vig_blocks.8,0.971337
40,7,9,vig_tiny,cifar10,0.3,10,_vig_blocks.9,0.967894
40,7,9,vig_tiny,cifar10,0.3,11,_vig_blocks.10,0.963649
40,7,9,vig_tiny,cifar10,0.3,12,_vig_blocks.11,0.955679
40,7,9,vig_tiny,cifar10,0.3,13,classifier,0.633609
40,8,9,vig_tiny,cifar10,0.3,0,_vig_stem,0.982506
40,8,9,vig_tiny,cifar10,0.3,1,_vig_blocks.0,0.970008
40,8,9,vig_tiny,cifar10,0.3,2,_vig_blocks.1,0.965503
40,8,9,vig_tiny,cifar10,0.3,3,_vig_blocks.2,0.964898
40,8,9,vig_tiny,cifar10,0.3,4,_vig_blocks.3,0.967582
40,8,9,vig_tiny,cifar10,0.3,5,_vig_blocks.4,0.969371
40,8,9,vig_tiny,cifar10,0.3,6,_vig_blocks.5,0.967900
40,8,9,vig_tiny,cifar10,0.3,7,_vig_blocks.6,0.967188
40,8,9,vig_tiny,cifar10,0.3,8,_vig_blocks.7,0.970178
40,8,9,vig_tiny,cifar10,0.3,9,_vig_blocks.8,0.969216
40,8,9,vig_tiny,cifar10,0.3,10,_vig_blocks.9,0.966480
40,8,9,vig_tiny,cifar10,0.3,11,_vig_blocks.10,0.959084
40,8,9,vig_tiny,cifar10,0.3,12,_vig_blocks.11,0.946406
40,8,9,vig_tiny,cifar10,0.3,13,classifier,0.862535
50,0,1,vig_tiny,cifar10,0.3,0,_vig_stem,0.992009
50,0,1,vig_tiny,cifar10,0.3,1,_vig_blocks.0,0.984757
50,0,1,vig_tiny,cifar10,0.3,2,_vig_blocks.1,0.984235
50,0,1,vig_tiny,cifar10,0.3,3,_vig_blocks.2,0.986883
50,0,1,vig_tiny,cifar10,0.3,4,_vig_blocks.3,0.988879
50,0,1,vig_tiny,cifar10,0.3,5,_vig_blocks.4,0.990222
50,0,1,vig_tiny,cifar10,0.3,6,_vig_blocks.5,0.989991
50,0,1,vig_tiny,cifar10,0.3,7,_vig_blocks.6,0.990144
50,0,1,vig_tiny,cifar10,0.3,8,_vig_blocks.7,0.991434
50,0,1,vig_tiny,cifar10,0.3,9,_vig_blocks.8,0.991555
50,0,1,vig_tiny,cifar10,0.3,10,_vig_blocks.9,0.991403
50,0,1,vig_tiny,cifar10,0.3,11,_vig_blocks.10,0.990797
50,0,1,vig_tiny,cifar10,0.3,12,_vig_blocks.11,0.989851
50,0,1,vig_tiny,cifar10,0.3,13,classifier,0.726681
50,0,2,vig_tiny,cifar10,0.3,0,_vig_stem,0.982697
50,0,2,vig_tiny,cifar10,0.3,1,_vig_blocks.0,0.976837
50,0,2,vig_tiny,cifar10,0.3,2,_vig_blocks.1,0.983078
50,0,2,vig_tiny,cifar10,0.3,3,_vig_blocks.2,0.984742
50,0,2,vig_tiny,cifar10,0.3,4,_vig_blocks.3,0.987183
50,0,2,vig_tiny,cifar10,0.3,5,_vig_blocks.4,0.988651
50,0,2,vig_tiny,cifar10,0.3,6,_vig_blocks.5,0.989199
50,0,2,vig_tiny,cifar10,0.3,7,_vig_blocks.6,0.988906
50,0,2,vig_tiny,cifar10,0.3,8,_vig_blocks.7,0.990664
50,0,2,vig_tiny,cifar10,0.3,9,_vig_blocks.8,0.990846
50,0,2,vig_tiny,cifar10,0.3,10,_vig_blocks.9,0.991021
50,0,2,vig_tiny,cifar10,0.3,11,_vig_blocks.10,0.990584
50,0,2,vig_tiny,cifar10,0.3,12,_vig_blocks.11,0.989617
50,0,2,vig_tiny,cifar10,0.3,13,classifier,0.834330
50,0,3,vig_tiny,cifar10,0.3,0,_vig_stem,0.977964
50,0,3,vig_tiny,cifar10,0.3,1,_vig_blocks.0,0.956237
50,0,3,vig_tiny,cifar10,0.3,2,_vig_blocks.1,0.957727
50,0,3,vig_tiny,cifar10,0.3,3,_vig_blocks.2,0.955167
50,0,3,vig_tiny,cifar10,0.3,4,_vig_blocks.3,0.961568
50,0,3,vig_tiny,cifar10,0.3,5,_vig_blocks.4,0.966346
50,0,3,vig_tiny,cifar10,0.3,6,_vig_blocks.5,0.968014
50,0,3,vig_tiny,cifar10,0.3,7,_vig_blocks.6,0.967964
50,0,3,vig_tiny,cifar10,0.3,8,_vig_blocks.7,0.973404
50,0,3,vig_tiny,cifar10,0.3,9,_vig_blocks.8,0.975334
50,0,3,vig_tiny,cifar10,0.3,10,_vig_blocks.9,0.974067
50,0,3,vig_tiny,cifar10,0.3,11,_vig_blocks.10,0.972327
50,0,3,vig_tiny,cifar10,0.3,12,_vig_blocks.11,0.966759
50,0,3,vig_tiny,cifar10,0.3,13,classifier,0.647664
50,0,4,vig_tiny,cifar10,0.3,0,_vig_stem,0.970878
50,0,4,vig_tiny,cifar10,0.3,1,_vig_blocks.0,0.953539
50,0,4,vig_tiny,cifar10,0.3,2,_vig_blocks.1,0.963321
50,0,4,vig_tiny,cifar10,0.3,3,_vig_blocks.2,0.966273
50,0,4,vig_tiny,cifar10,0.3,4,_vig_blocks.3,0.970828
50,0,4,vig_tiny,cifar10,0.3,5,_vig_blocks.4,0.973467
50,0,4,vig_tiny,cifar10,0.3,6,_vig_blocks.5,0.975424
50,0,4,vig_tiny,cifar10,0.3,7,_vig_blocks.6,0.975695
50,0,4,vig_tiny,cifar10,0.3,8,_vig_blocks.7,0.978729
50,0,4,vig_tiny,cifar10,0.3,9,_vig_blocks.8,0.981048
50,0,4,vig_tiny,cifar10,0.3,10,_vig_blocks.9,0.980589
50,0,4,vig_tiny,cifar10,0.3,11,_vig_blocks.10,0.979383
50,0,4,vig_tiny,cifar10,0.3,12,_vig_blocks.11,0.976641
50,0,4,vig_tiny,cifar10,0.3,13,classifier,0.667621
50,0,5,vig_tiny,cifar10,0.3,0,_vig_stem,0.979505
50,0,5,vig_tiny,cifar10,0.3,1,_vig_blocks.0,0.969807
50,0,5,vig_tiny,cifar10,0.3,2,_vig_blocks.1,0.980196
50,0,5,vig_tiny,cifar10,0.3,3,_vig_blocks.2,0.984608
50,0,5,vig_tiny,cifar10,0.3,4,_vig_blocks.3,0.987143
50,0,5,vig_tiny,cifar10,0.3,5,_vig_blocks.4,0.988480
50,0,5,vig_tiny,cifar10,0.3,6,_vig_blocks.5,0.989363
50,0,5,vig_tiny,cifar10,0.3,7,_vig_blocks.6,0.989515
50,0,5,vig_tiny,cifar10,0.3,8,_vig_blocks.7,0.991099
50,0,5,vig_tiny,cifar10,0.3,9,_vig_blocks.8,0.991703
50,0,5,vig_tiny,cifar10,0.3,10,_vig_blocks.9,0.991764
50,0,5,vig_tiny,cifar10,0.3,11,_vig_blocks.10,0.991190
50,0,5,vig_tiny,cifar10,0.3,12,_vig_blocks.11,0.990350
50,0,5,vig_tiny,cifar10,0.3,13,classifier,0.533935
50,0,6,vig_tiny,cifar10,0.3,0,_vig_stem,0.969949
50,0,6,vig_tiny,cifar10,0.3,1,_vig_blocks.0,0.948372
50,0,6,vig_tiny,cifar10,0.3,2,_vig_blocks.1,0.944546
50,0,6,vig_tiny,cifar10,0.3,3,_vig_blocks.2,0.948240
50,0,6,vig_tiny,cifar10,0.3,4,_vig_blocks.3,0.953788
50,0,6,vig_tiny,cifar10,0.3,5,_vig_blocks.4,0.956612
50,0,6,vig_tiny,cifar10,0.3,6,_vig_blocks.5,0.957926
50,0,6,vig_tiny,cifar10,0.3,7,_vig_blocks.6,0.959516
50,0,6,vig_tiny,cifar10,0.3,8,_vig_blocks.7,0.963009
50,0,6,vig_tiny,cifar10,0.3,9,_vig_blocks.8,0.965176
50,0,6,vig_tiny,cifar10,0.3,10,_vig_blocks.9,0.964767
50,0,6,vig_tiny,cifar10,0.3,11,_vig_blocks.10,0.960888
50,0,6,vig_tiny,cifar10,0.3,12,_vig_blocks.11,0.955609
50,0,6,vig_tiny,cifar10,0.3,13,classifier,0.724852
50,0,7,vig_tiny,cifar10,0.3,0,_vig_stem,0.968028
50,0,7,vig_tiny,cifar10,0.3,1,_vig_blocks.0,0.952726
50,0,7,vig_tiny,cifar10,0.3,2,_vig_blocks.1,0.960904
50,0,7,vig_tiny,cifar10,0.3,3,_vig_blocks.2,0.963497
50,0,7,vig_tiny,cifar10,0.3,4,_vig_blocks.3,0.967809
50,0,7,vig_tiny,cifar10,0.3,5,_vig_blocks.4,0.971049
50,0,7,vig_tiny,cifar10,0.3,6,_vig_blocks.5,0.972663
50,0,7,vig_tiny,cifar10,0.3,7,_vig_blocks.6,0.972994
50,0,7,vig_tiny,cifar10,0.3,8,_vig_blocks.7,0.976743
50,0,7,vig_tiny,cifar10,0.3,9,_vig_blocks.8,0.978388
50,0,7,vig_tiny,cifar10,0.3,10,_vig_blocks.9,0.978071
50,0,7,vig_tiny,cifar10,0.3,11,_vig_blocks.10,0.977742
50,0,7,vig_tiny,cifar10,0.3,12,_vig_blocks.11,0.975686
50,0,7,vig_tiny,cifar10,0.3,13,classifier,0.405610
50,0,8,vig_tiny,cifar10,0.3,0,_vig_stem,0.985661
50,0,8,vig_tiny,cifar10,0.3,1,_vig_blocks.0,0.983659
50,0,8,vig_tiny,cifar10,0.3,2,_vig_blocks.1,0.988282
50,0,8,vig_tiny,cifar10,0.3,3,_vig_blocks.2,0.989058
50,0,8,vig_tiny,cifar10,0.3,4,_vig_blocks.3,0.990158
50,0,8,vig_tiny,cifar10,0.3,5,_vig_blocks.4,0.991145
50,0,8,vig_tiny,cifar10,0.3,6,_vig_blocks.5,0.991909
50,0,8,vig_tiny,cifar10,0.3,7,_vig_blocks.6,0.992257
50,0,8,vig_tiny,cifar10,0.3,8,_vig_blocks.7,0.992724
50,0,8,vig_tiny,cifar10,0.3,9,_vig_blocks.8,0.992848
50,0,8,vig_tiny,cifar10,0.3,10,_vig_blocks.9,0.992943
50,0,8,vig_tiny,cifar10,0.3,11,_vig_blocks.10,0.992913
50,0,8,vig_tiny,cifar10,0.3,12,_vig_blocks.11,0.992373
50,0,8,vig_tiny,cifar10,0.3,13,classifier,0.821148
50,0,9,vig_tiny,cifar10,0.3,0,_vig_stem,0.981032
50,0,9,vig_tiny,cifar10,0.3,1,_vig_blocks.0,0.959958
50,0,9,vig_tiny,cifar10,0.3,2,_vig_blocks.1,0.952718
50,0,9,vig_tiny,cifar10,0.3,3,_vig_blocks.2,0.951434
50,0,9,vig_tiny,cifar10,0.3,4,_vig_blocks.3,0.957825
50,0,9,vig_tiny,cifar10,0.3,5,_vig_blocks.4,0.962680
50,0,9,vig_tiny,cifar10,0.3,6,_vig_blocks.5,0.963260
50,0,9,vig_tiny,cifar10,0.3,7,_vig_blocks.6,0.963633
50,0,9,vig_tiny,cifar10,0.3,8,_vig_blocks.7,0.968776
50,0,9,vig_tiny,cifar10,0.3,9,_vig_blocks.8,0.969942
50,0,9,vig_tiny,cifar10,0.3,10,_vig_blocks.9,0.970689
50,0,9,vig_tiny,cifar10,0.3,11,_vig_blocks.10,0.967544
50,0,9,vig_tiny,cifar10,0.3,12,_vig_blocks.11,0.961459
50,0,9,vig_tiny,cifar10,0.3,13,classifier,0.729529
50,1,2,vig_tiny,cifar10,0.3,0,_vig_stem,0.988445
50,1,2,vig_tiny,cifar10,0.3,1,_vig_blocks.0,0.985237
50,1,2,vig_tiny,cifar10,0.3,2,_vig_blocks.1,0.988067
50,1,2,vig_tiny,cifar10,0.3,3,_vig_blocks.2,0.989563
50,1,2,vig_tiny,cifar10,0.3,4,_vig_blocks.3,0.990399
50,1,2,vig_tiny,cifar10,0.3,5,_vig_blocks.4,0.991376
50,1,2,vig_tiny,cifar10,0.3,6,_vig_blocks.5,0.991274
50,1,2,vig_tiny,cifar10,0.3,7,_vig_blocks.6,0.991326
50,1,2,vig_tiny,cifar10,0.3,8,_vig_blocks.7,0.991954
50,1,2,vig_tiny,cifar10,0.3,9,_vig_blocks.8,0.991759
50,1,2,vig_tiny,cifar10,0.3,10,_vig_blocks.9,0.991739
50,1,2,vig_tiny,cifar10,0.3,11,_vig_blocks.10,0.991665
50,1,2,vig_tiny,cifar10,0.3,12,_vig_blocks.11,0.991684
50,1,2,vig_tiny,cifar10,0.3,13,classifier,0.869062
50,1,3,vig_tiny,cifar10,0.3,0,_vig_stem,0.983906
50,1,3,vig_tiny,cifar10,0.3,1,_vig_blocks.0,0.974047
50,1,3,vig_tiny,cifar10,0.3,2,_vig_blocks.1,0.976281
50,1,3,vig_tiny,cifar10,0.3,3,_vig_blocks.2,0.976825
50,1,3,vig_tiny,cifar10,0.3,4,_vig_blocks.3,0.979349
50,1,3,vig_tiny,cifar10,0.3,5,_vig_blocks.4,0.981206
50,1,3,vig_tiny,cifar10,0.3,6,_vig_blocks.5,0.982113
50,1,3,vig_tiny,cifar10,0.3,7,_vig_blocks.6,0.981578
50,1,3,vig_tiny,cifar10,0.3,8,_vig_blocks.7,0.983032
50,1,3,vig_tiny,cifar10,0.3,9,_vig_blocks.8,0.983522
50,1,3,vig_tiny,cifar10,0.3,10,_vig_blocks.9,0.982071
50,1,3,vig_tiny,cifar10,0.3,11,_vig_blocks.10,0.981933
50,1,3,vig_tiny,cifar10,0.3,12,_vig_blocks.11,0.980460
50,1,3,vig_tiny,cifar10,0.3,13,classifier,0.852997
50,1,4,vig_tiny,cifar10,0.3,0,_vig_stem,0.976609
50,1,4,vig_tiny,cifar10,0.3,1,_vig_blocks.0,0.970223
50,1,4,vig_tiny,cifar10,0.3,2,_vig_blocks.1,0.976123
50,1,4,vig_tiny,cifar10,0.3,3,_vig_blocks.2,0.978796
50,1,4,vig_tiny,cifar10,0.3,4,_vig_blocks.3,0.980176
50,1,4,vig_tiny,cifar10,0.3,5,_vig_blocks.4,0.980970
50,1,4,vig_tiny,cifar10,0.3,6,_vig_blocks.5,0.982346
50,1,4,vig_tiny,cifar10,0.3,7,_vig_blocks.6,0.982836
50,1,4,vig_tiny,cifar10,0.3,8,_vig_blocks.7,0.982603
50,1,4,vig_tiny,cifar10,0.3,9,_vig_blocks.8,0.983508
50,1,4,vig_tiny,cifar10,0.3,10,_vig_blocks.9,0.982844
50,1,4,vig_tiny,cifar10,0.3,11,_vig_blocks.10,0.982839
50,1,4,vig_tiny,cifar10,0.3,12,_vig_blocks.11,0.982457
50,1,4,vig_tiny,cifar10,0.3,13,classifier,0.845755
50,1,5,vig_tiny,cifar10,0.3,0,_vig_stem,0.986258
50,1,5,vig_tiny,cifar10,0.3,1,_vig_blocks.0,0.982522
50,1,5,vig_tiny,cifar10,0.3,2,_vig_blocks.1,0.985877
50,1,5,vig_tiny,cifar10,0.3,3,_vig_blocks.2,0.988720
50,1,5,vig_tiny,cifar10,0.3,4,_vig_blocks.3,0.989858
50,1,5,vig_tiny,cifar10,0.3,5,_vig_blocks.4,0.990562
50,1,5,vig_tiny,cifar10,0.3,6,_vig_blocks.5,0.990634
50,1,5,vig_tiny,cifar10,0.3,7,_vig_blocks.6,0.990626
50,1,5,vig_tiny,cifar10,0.3,8,_vig_blocks.7,0.990842
50,1,5,vig_tiny,cifar10,0.3,9,_vig_blocks.8,0.990891
50,1,5,vig_tiny,cifar10,0.3,10,_vig_blocks.9,0.990613
50,1,5,vig_tiny,cifar10,0.3,11,_vig_blocks.10,0.990381
50,1,5,vig_tiny,cifar10,0.3,12,_vig_blocks.11,0.989745
50,1,5,vig_tiny,cifar10,0.3,13,classifier,0.793636
50,1,6,vig_tiny,cifar10,0.3,0,_vig_stem,0.978816
50,1,6,vig_tiny,cifar10,0.3,1,_vig_blocks.0,0.965126
50,1,6,vig_tiny,cifar10,0.3,2,_vig_blocks.1,0.969415
50,1,6,vig_tiny,cifar10,0.3,3,_vig_blocks.2,0.972582
50,1,6,vig_tiny,cifar10,0.3,4,_vig_blocks.3,0.974847
50,1,6,vig_tiny,cifar10,0.3,5,_vig_blocks.4,0.975695
50,1,6,vig_tiny,cifar10,0.3,6,_vig_blocks.5,0.976837
50,1,6,vig_tiny,cifar10,0.3,7,_vig_blocks.6,0.977653
50,1,6,vig_tiny,cifar10,0.3,8,_vig_blocks.7,0.978978
50,1,6,vig_tiny,cifar10,0.3,9,_vig_blocks.8,0.980465
50,1,6,vig_tiny,cifar10,0.3,10,_vig_blocks.9,0.980329
50,1,6,vig_tiny,cifar10,0.3,11,_vig_blocks.10,0.978167
50,1,6,vig_tiny,cifar10,0.3,12,_vig_blocks.11,0.975490
50,1,6,vig_tiny,cifar10,0.3,13,classifier,0.839769
50,1,7,vig_tiny,cifar10,0.3,0,_vig_stem,0.976231
50,1,7,vig_tiny,cifar10,0.3,1,_vig_blocks.0,0.966778
50,1,7,vig_tiny,cifar10,0.3,2,_vig_blocks.1,0.969333
50,1,7,vig_tiny,cifar10,0.3,3,_vig_blocks.2,0.972719
50,1,7,vig_tiny,cifar10,0.3,4,_vig_blocks.3,0.973310
50,1,7,vig_tiny,cifar10,0.3,5,_vig_blocks.4,0.974609
50,1,7,vig_tiny,cifar10,0.3,6,_vig_blocks.5,0.975416
50,1,7,vig_tiny,cifar10,0.3,7,_vig_blocks.6,0.975675
50,1,7,vig_tiny,cifar10,0.3,8,_vig_blocks.7,0.976016
50,1,7,vig_tiny,cifar10,0.3,9,_vig_blocks.8,0.976771
50,1,7,vig_tiny,cifar10,0.3,10,_vig_blocks.9,0.975396
50,1,7,vig_tiny,cifar10,0.3,11,_vig_blocks.10,0.976062
50,1,7,vig_tiny,cifar10,0.3,12,_vig_blocks.11,0.976533
50,1,7,vig_tiny,cifar10,0.3,13,classifier,0.595200
50,1,8,vig_tiny,cifar10,0.3,0,_vig_stem,0.983766
50,1,8,vig_tiny,cifar10,0.3,1,_vig_blocks.0,0.981385
50,1,8,vig_tiny,cifar10,0.3,2,_vig_blocks.1,0.981717
50,1,8,vig_tiny,cifar10,0.3,3,_vig_blocks.2,0.984107
50,1,8,vig_tiny,cifar10,0.3,4,_vig_blocks.3,0.985445
50,1,8,vig_tiny,cifar10,0.3,5,_vig_blocks.4,0.986768
50,1,8,vig_tiny,cifar10,0.3,6,_vig_blocks.5,0.986868
50,1,8,vig_tiny,cifar10,0.3,7,_vig_blocks.6,0.987455
50,1,8,vig_tiny,cifar10,0.3,8,_vig_blocks.7,0.987908
50,1,8,vig_tiny,cifar10,0.3,9,_vig_blocks.8,0.988144
50,1,8,vig_tiny,cifar10,0.3,10,_vig_blocks.9,0.987763
50,1,8,vig_tiny,cifar10,0.3,11,_vig_blocks.10,0.987673
50,1,8,vig_tiny,cifar10,0.3,12,_vig_blocks.11,0.987578
50,1,8,vig_tiny,cifar10,0.3,13,classifier,0.857586
50,1,9,vig_tiny,cifar10,0.3,0,_vig_stem,0.989691
50,1,9,vig_tiny,cifar10,0.3,1,_vig_blocks.0,0.977939
50,1,9,vig_tiny,cifar10,0.3,2,_vig_blocks.1,0.974746
50,1,9,vig_tiny,cifar10,0.3,3,_vig_blocks.2,0.975942
50,1,9,vig_tiny,cifar10,0.3,4,_vig_blocks.3,0.978235
50,1,9,vig_tiny,cifar10,0.3,5,_vig_blocks.4,0.979694
50,1,9,vig_tiny,cifar10,0.3,6,_vig_blocks.5,0.979772
50,1,9,vig_tiny,cifar10,0.3,7,_vig_blocks.6,0.979405
50,1,9,vig_tiny,cifar10,0.3,8,_vig_blocks.7,0.981256
50,1,9,vig_tiny,cifar10,0.3,9,_vig_blocks.8,0.981706
50,1,9,vig_tiny,cifar10,0.3,10,_vig_blocks.9,0.982012
50,1,9,vig_tiny,cifar10,0.3,11,_vig_blocks.10,0.980908
50,1,9,vig_tiny,cifar10,0.3,12,_vig_blocks.11,0.979052
50,1,9,vig_tiny,cifar10,0.3,13,classifier,0.885499
50,2,3,vig_tiny,cifar10,0.3,0,_vig_stem,0.988575
50,2,3,vig_tiny,cifar10,0.3,1,_vig_blocks.0,0.979835
50,2,3,vig_tiny,cifar10,0.3,2,_vig_blocks.1,0.981370
50,2,3,vig_tiny,cifar10,0.3,3,_vig_blocks.2,0.981947
50,2,3,vig_tiny,cifar10,0.3,4,_vig_blocks.3,0.983981
50,2,3,vig_tiny,cifar10,0.3,5,_vig_blocks.4,0.985609
50,2,3,vig_tiny,cifar10,0.3,6,_vig_blocks.5,0.985777
50,2,3,vig_tiny,cifar10,0.3,7,_vig_blocks.6,0.985923
50,2,3,vig_tiny,cifar10,0.3,8,_vig_blocks.7,0.987422
50,2,3,vig_tiny,cifar10,0.3,9,_vig_blocks.8,0.988493
50,2,3,vig_tiny,cifar10,0.3,10,_vig_blocks.9,0.987603
50,2,3,vig_tiny,cifar10,0.3,11,_vig_blocks.10,0.986892
50,2,3,vig_tiny,cifar10,0.3,12,_vig_blocks.11,0.984271
50,2,3,vig_tiny,cifar10,0.3,13,classifier,0.813265
50,2,4,vig_tiny,cifar10,0.3,0,_vig_stem,0.993230
50,2,4,vig_tiny,cifar10,0.3,1,_vig_blocks.0,0.986818
50,2,4,vig_tiny,cifar10,0.3,2,_vig_blocks.1,0.987926
50,2,4,vig_tiny,cifar10,0.3,3,_vig_blocks.2,0.989676
50,2,4,vig_tiny,cifar10,0.3,4,_vig_blocks.3,0.990436
50,2,4,vig_tiny,cifar10,0.3,5,_vig_blocks.4,0.990507
50,2,4,vig_tiny,cifar10,0.3,6,_vig_blocks.5,0.990760
50,2,4,vig_tiny,cifar10,0.3,7,_vig_blocks.6,0.990794
50,2,4,vig_tiny,cifar10,0.3,8,_vig_blocks.7,0.990862
50,2,4,vig_tiny,cifar10,0.3,9,_vig_blocks.8,0.991367
50,2,4,vig_tiny,cifar10,0.3,10,_vig_blocks.9,0.991114
50,2,4,vig_tiny,cifar10,0.3,11,_vig_blocks.10,0.990633
50,2,4,vig_tiny,cifar10,0.3,12,_vig_blocks.11,0.990001
50,2,4,vig_tiny,cifar10,0.3,13,classifier,0.841312
50,2,5,vig_tiny,cifar10,0.3,0,_vig_stem,0.995847
50,2,5,vig_tiny,cifar10,0.3,1,_vig_blocks.0,0.993002
50,2,5,vig_tiny,cifar10,0.3,2,_vig_blocks.1,0.994785
50,2,5,vig_tiny,cifar10,0.3,3,_vig_blocks.2,0.996614
50,2,5,vig_tiny,cifar10,0.3,4,_vig_blocks.3,0.997043
50,2,5,vig_tiny,cifar10,0.3,5,_vig_blocks.4,0.997066
50,2,5,vig_tiny,cifar10,0.3,6,_vig_blocks.5,0.996702
50,2,5,vig_tiny,cifar10,0.3,7,_vig_blocks.6,0.996654
50,2,5,vig_tiny,cifar10,0.3,8,_vig_blocks.7,0.996499
50,2,5,vig_tiny,cifar10,0.3,9,_vig_blocks.8,0.996042
50,2,5,vig_tiny,cifar10,0.3,10,_vig_blocks.9,0.995994
50,2,5,vig_tiny,cifar10,0.3,11,_vig_blocks.10,0.995532
50,2,5,vig_tiny,cifar10,0.3,12,_vig_blocks.11,0.994847
50,2,5,vig_tiny,cifar10,0.3,13,classifier,0.722636
50,2,6,vig_tiny,cifar10,0.3,0,_vig_stem,0.956945
50,2,6,vig_tiny,cifar10,0.3,1,_vig_blocks.0,0.942634
50,2,6,vig_tiny,cifar10,0.3,2,_vig_blocks.1,0.952030
50,2,6,vig_tiny,cifar10,0.3,3,_vig_blocks.2,0.956484
50,2,6,vig_tiny,cifar10,0.3,4,_vig_blocks.3,0.959183
50,2,6,vig_tiny,cifar10,0.3,5,_vig_blocks.4,0.961729
50,2,6,vig_tiny,cifar10,0.3,6,_vig_blocks.5,0.963050
50,2,6,vig_tiny,cifar10,0.3,7,_vig_blocks.6,0.965141
50,2,6,vig_tiny,cifar10,0.3,8,_vig_blocks.7,0.966708
50,2,6,vig_tiny,cifar10,0.3,9,_vig_blocks.8,0.969645
50,2,6,vig_tiny,cifar10,0.3,10,_vig_blocks.9,0.969321
50,2,6,vig_tiny,cifar10,0.3,11,_vig_blocks.10,0.967449
50,2,6,vig_tiny,cifar10,0.3,12,_vig_blocks.11,0.964304
50,2,6,vig_tiny,cifar10,0.3,13,classifier,0.786232
50,2,7,vig_tiny,cifar10,0.3,0,_vig_stem,0.994138
50,2,7,vig_tiny,cifar10,0.3,1,_vig_blocks.0,0.988128
50,2,7,vig_tiny,cifar10,0.3,2,_vig_blocks.1,0.987085
50,2,7,vig_tiny,cifar10,0.3,3,_vig_blocks.2,0.989331
50,2,7,vig_tiny,cifar10,0.3,4,_vig_blocks.3,0.989874
50,2,7,vig_tiny,cifar10,0.3,5,_vig_blocks.4,0.989772
50,2,7,vig_tiny,cifar10,0.3,6,_vig_blocks.5,0.990171
50,2,7,vig_tiny,cifar10,0.3,7,_vig_blocks.6,0.990354
50,2,7,vig_tiny,cifar10,0.3,8,_vig_blocks.7,0.990417
50,2,7,vig_tiny,cifar10,0.3,9,_vig_blocks.8,0.991079
50,2,7,vig_tiny,cifar10,0.3,10,_vig_blocks.9,0.990281
50,2,7,vig_tiny,cifar10,0.3,11,_vig_blocks.10,0.990292
50,2,7,vig_tiny,cifar10,0.3,12,_vig_blocks.11,0.989769
50,2,7,vig_tiny,cifar10,0.3,13,classifier,0.538463
50,2,8,vig_tiny,cifar10,0.3,0,_vig_stem,0.994393
50,2,8,vig_tiny,cifar10,0.3,1,_vig_blocks.0,0.991813
50,2,8,vig_tiny,cifar10,0.3,2,_vig_blocks.1,0.992840
50,2,8,vig_tiny,cifar10,0.3,3,_vig_blocks.2,0.994221
50,2,8,vig_tiny,cifar10,0.3,4,_vig_blocks.3,0.995307
50,2,8,vig_tiny,cifar10,0.3,5,_vig_blocks.4,0.995776
50,2,8,vig_tiny,cifar10,0.3,6,_vig_blocks.5,0.995704
50,2,8,vig_tiny,cifar10,0.3,7,_vig_blocks.6,0.995543
50,2,8,vig_tiny,cifar10,0.3,8,_vig_blocks.7,0.995869
50,2,8,vig_tiny,cifar10,0.3,9,_vig_blocks.8,0.995854
50,2,8,vig_tiny,cifar10,0.3,10,_vig_blocks.9,0.995752
50,2,8,vig_tiny,cifar10,0.3,11,_vig_blocks.10,0.995245
50,2,8,vig_tiny,cifar10,0.3,12,_vig_blocks.11,0.994531
50,2,8,vig_tiny,cifar10,0.3,13,classifier,0.911192
50,2,9,vig_tiny,cifar10,0.3,0,_vig_stem,0.984774
50,2,9,vig_tiny,cifar10,0.3,1,_vig_blocks.0,0.974887
50,2,9,vig_tiny,cifar10,0.3,2,_vig_blocks.1,0.974240
50,2,9,vig_tiny,cifar10,0.3,3,_vig_blocks.2,0.976462
50,2,9,vig_tiny,cifar10,0.3,4,_vig_blocks.3,0.978477
50,2,9,vig_tiny,cifar10,0.3,5,_vig_blocks.4,0.980368
50,2,9,vig_tiny,cifar10,0.3,6,_vig_blocks.5,0.980239
50,2,9,vig_tiny,cifar10,0.3,7,_vig_blocks.6,0.981039
50,2,9,vig_tiny,cifar10,0.3,8,_vig_blocks.7,0.982391
50,2,9,vig_tiny,cifar10,0.3,9,_vig_blocks.8,0.983798
50,2,9,vig_tiny,cifar10,0.3,10,_vig_blocks.9,0.983863
50,2,9,vig_tiny,cifar10,0.3,11,_vig_blocks.10,0.982174
50,2,9,vig_tiny,cifar10,0.3,12,_vig_blocks.11,0.978693
50,2,9,vig_tiny,cifar10,0.3,13,classifier,0.854445
50,3,4,vig_tiny,cifar10,0.3,0,_vig_stem,0.983586
50,3,4,vig_tiny,cifar10,0.3,1,_vig_blocks.0,0.975844
50,3,4,vig_tiny,cifar10,0.3,2,_vig_blocks.1,0.980726
50,3,4,vig_tiny,cifar10,0.3,3,_vig_blocks.2,0.983815
50,3,4,vig_tiny,cifar10,0.3,4,_vig_blocks.3,0.984994
50,3,4,vig_tiny,cifar10,0.3,5,_vig_blocks.4,0.985691
50,3,4,vig_tiny,cifar10,0.3,6,_vig_blocks.5,0.985491
50,3,4,vig_tiny,cifar10,0.3,7,_vig_blocks.6,0.986223
50,3,4,vig_tiny,cifar10,0.3,8,_vig_blocks.7,0.986826
50,3,4,vig_tiny,cifar10,0.3,9,_vig_blocks.8,0.987461
50,3,4,vig_tiny,cifar10,0.3,10,_vig_blocks.9,0.987216
50,3,4,vig_tiny,cifar10,0.3,11,_vig_blocks.10,0.986743
50,3,4,vig_tiny,cifar10,0.3,12,_vig_blocks.11,0.985002
50,3,4,vig_tiny,cifar10,0.3,13,classifier,0.923574
50,3,5,vig_tiny,cifar10,0.3,0,_vig_stem,0.985886
50,3,5,vig_tiny,cifar10,0.3,1,_vig_blocks.0,0.976442
50,3,5,vig_tiny,cifar10,0.3,2,_vig_blocks.1,0.976049
50,3,5,vig_tiny,cifar10,0.3,3,_vig_blocks.2,0.978348
50,3,5,vig_tiny,cifar10,0.3,4,_vig_blocks.3,0.981196
50,3,5,vig_tiny,cifar10,0.3,5,_vig_blocks.4,0.982805
50,3,5,vig_tiny,cifar10,0.3,6,_vig_blocks.5,0.981641
50,3,5,vig_tiny,cifar10,0.3,7,_vig_blocks.6,0.981315
50,3,5,vig_tiny,cifar10,0.3,8,_vig_blocks.7,0.982722
50,3,5,vig_tiny,cifar10,0.3,9,_vig_blocks.8,0.983402
50,3,5,vig_tiny,cifar10,0.3,10,_vig_blocks.9,0.982071
50,3,5,vig_tiny,cifar10,0.3,11,_vig_blocks.10,0.980585
50,3,5,vig_tiny,cifar10,0.3,12,_vig_blocks.11,0.976111
50,3,5,vig_tiny,cifar10,0.3,13,classifier,0.775630
50,3,6,vig_tiny,cifar10,0.3,0,_vig_stem,0.961560
50,3,6,vig_tiny,cifar10,0.3,1,_vig_blocks.0,0.948534
50,3,6,vig_tiny,cifar10,0.3,2,_vig_blocks.1,0.959217
50,3,6,vig_tiny,cifar10,0.3,3,_vig_blocks.2,0.960353
50,3,6,vig_tiny,cifar10,0.3,4,_vig_blocks.3,0.962715
50,3,6,vig_tiny,cifar10,0.3,5,_vig_blocks.4,0.965686
50,3,6,vig_tiny,cifar10,0.3,6,_vig_blocks.5,0.968152
50,3,6,vig_tiny,cifar10,0.3,7,_vig_blocks.6,0.968422
50,3,6,vig_tiny,cifar10,0.3,8,_vig_blocks.7,0.969516
50,3,6,vig_tiny,cifar10,0.3,9,_vig_blocks.8,0.971853
50,3,6,vig_tiny,cifar10,0.3,10,_vig_blocks.9,0.970898
50,3,6,vig_tiny,cifar10,0.3,11,_vig_blocks.10,0.970949
50,3,6,vig_tiny,cifar10,0.3,12,_vig_blocks.11,0.970226
50,3,6,vig_tiny,cifar10,0.3,13,classifier,0.798472
50,3,7,vig_tiny,cifar10,0.3,0,_vig_stem,0.982529
50,3,7,vig_tiny,cifar10,0.3,1,_vig_blocks.0,0.976252
50,3,7,vig_tiny,cifar10,0.3,2,_vig_blocks.1,0.982098
50,3,7,vig_tiny,cifar10,0.3,3,_vig_blocks.2,0.984303
50,3,7,vig_tiny,cifar10,0.3,4,_vig_blocks.3,0.983956
50,3,7,vig_tiny,cifar10,0.3,5,_vig_blocks.4,0.984151
50,3,7,vig_tiny,cifar10,0.3,6,_vig_blocks.5,0.984021
50,3,7,vig_tiny,cifar10,0.3,7,_vig_blocks.6,0.984239
50,3,7,vig_tiny,cifar10,0.3,8,_vig_blocks.7,0.984776
50,3,7,vig_tiny,cifar10,0.3,9,_vig_blocks.8,0.985904
50,3,7,vig_tiny,cifar10,0.3,10,_vig_blocks.9,0.984704
50,3,7,vig_tiny,cifar10,0.3,11,_vig_blocks.10,0.984331
50,3,7,vig_tiny,cifar10,0.3,12,_vig_blocks.11,0.982544
50,3,7,vig_tiny,cifar10,0.3,13,classifier,0.705033
50,3,8,vig_tiny,cifar10,0.3,0,_vig_stem,0.984771
50,3,8,vig_tiny,cifar10,0.3,1,_vig_blocks.0,0.970853
50,3,8,vig_tiny,cifar10,0.3,2,_vig_blocks.1,0.971401
50,3,8,vig_tiny,cifar10,0.3,3,_vig_blocks.2,0.971752
50,3,8,vig_tiny,cifar10,0.3,4,_vig_blocks.3,0.975974
50,3,8,vig_tiny,cifar10,0.3,5,_vig_blocks.4,0.978681
50,3,8,vig_tiny,cifar10,0.3,6,_vig_blocks.5,0.978715
50,3,8,vig_tiny,cifar10,0.3,7,_vig_blocks.6,0.978840
50,3,8,vig_tiny,cifar10,0.3,8,_vig_blocks.7,0.982306
50,3,8,vig_tiny,cifar10,0.3,9,_vig_blocks.8,0.983982
50,3,8,vig_tiny,cifar10,0.3,10,_vig_blocks.9,0.982779
50,3,8,vig_tiny,cifar10,0.3,11,_vig_blocks.10,0.981014
50,3,8,vig_tiny,cifar10,0.3,12,_vig_blocks.11,0.976747
50,3,8,vig_tiny,cifar10,0.3,13,classifier,0.786138
50,3,9,vig_tiny,cifar10,0.3,0,_vig_stem,0.992184
50,3,9,vig_tiny,cifar10,0.3,1,_vig_blocks.0,0.990388
50,3,9,vig_tiny,cifar10,0.3,2,_vig_blocks.1,0.991484
50,3,9,vig_tiny,cifar10,0.3,3,_vig_blocks.2,0.992702
50,3,9,vig_tiny,cifar10,0.3,4,_vig_blocks.3,0.993559
50,3,9,vig_tiny,cifar10,0.3,5,_vig_blocks.4,0.993763
50,3,9,vig_tiny,cifar10,0.3,6,_vig_blocks.5,0.993657
50,3,9,vig_tiny,cifar10,0.3,7,_vig_blocks.6,0.993468
50,3,9,vig_tiny,cifar10,0.3,8,_vig_blocks.7,0.993627
50,3,9,vig_tiny,cifar10,0.3,9,_vig_blocks.8,0.993672
50,3,9,vig_tiny,cifar10,0.3,10,_vig_blocks.9,0.993341
50,3,9,vig_tiny,cifar10,0.3,11,_vig_blocks.10,0.993036
50,3,9,vig_tiny,cifar10,0.3,12,_vig_blocks.11,0.992087
50,3,9,vig_tiny,cifar10,0.3,13,classifier,0.931656
50,4,5,vig_tiny,cifar10,0.3,0,_vig_stem,0.996166
50,4,5,vig_tiny,cifar10,0.3,1,_vig_blocks.0,0.992941
50,4,5,vig_tiny,cifar10,0.3,2,_vig_blocks.1,0.991151
50,4,5,vig_tiny,cifar10,0.3,3,_vig_blocks.2,0.991135
50,4,5,vig_tiny,cifar10,0.3,4,_vig_blocks.3,0.991991
50,4,5,vig_tiny,cifar10,0.3,5,_vig_blocks.4,0.992259
50,4,5,vig_tiny,cifar10,0.3,6,_vig_blocks.5,0.992335
50,4,5,vig_tiny,cifar10,0.3,7,_vig_blocks.6,0.992334
50,4,5,vig_tiny,cifar10,0.3,8,_vig_blocks.7,0.992535
50,4,5,vig_tiny,cifar10,0.3,9,_vig_blocks.8,0.993035
50,4,5,vig_tiny,cifar10,0.3,10,_vig_blocks.9,0.992565
50,4,5,vig_tiny,cifar10,0.3,11,_vig_blocks.10,0.991883
50,4,5,vig_tiny,cifar10,0.3,12,_vig_blocks.11,0.990548
50,4,5,vig_tiny,cifar10,0.3,13,classifier,0.786624
50,4,6,vig_tiny,cifar10,0.3,0,_vig_stem,0.937426
50,4,6,vig_tiny,cifar10,0.3,1,_vig_blocks.0,0.917995
50,4,6,vig_tiny,cifar10,0.3,2,_vig_blocks.1,0.932818
50,4,6,vig_tiny,cifar10,0.3,3,_vig_blocks.2,0.938041
50,4,6,vig_tiny,cifar10,0.3,4,_vig_blocks.3,0.940872
50,4,6,vig_tiny,cifar10,0.3,5,_vig_blocks.4,0.943872
50,4,6,vig_tiny,cifar10,0.3,6,_vig_blocks.5,0.946931
50,4,6,vig_tiny,cifar10,0.3,7,_vig_blocks.6,0.949862
50,4,6,vig_tiny,cifar10,0.3,8,_vig_blocks.7,0.949890
50,4,6,vig_tiny,cifar10,0.3,9,_vig_blocks.8,0.953612
50,4,6,vig_tiny,cifar10,0.3,10,_vig_blocks.9,0.953081
50,4,6,vig_tiny,cifar10,0.3,11,_vig_blocks.10,0.951663
50,4,6,vig_tiny,cifar10,0.3,12,_vig_blocks.11,0.949299
50,4,6,vig_tiny,cifar10,0.3,13,classifier,0.744850
50,4,7,vig_tiny,cifar10,0.3,0,_vig_stem,0.996704
50,4,7,vig_tiny,cifar10,0.3,1,_vig_blocks.0,0.992937
50,4,7,vig_tiny,cifar10,0.3,2,_vig_blocks.1,0.991409
50,4,7,vig_tiny,cifar10,0.3,3,_vig_blocks.2,0.992271
50,4,7,vig_tiny,cifar10,0.3,4,_vig_blocks.3,0.992029
50,4,7,vig_tiny,cifar10,0.3,5,_vig_blocks.4,0.991871
50,4,7,vig_tiny,cifar10,0.3,6,_vig_blocks.5,0.991931
50,4,7,vig_tiny,cifar10,0.3,7,_vig_blocks.6,0.992193
50,4,7,vig_tiny,cifar10,0.3,8,_vig_blocks.7,0.992709
50,4,7,vig_tiny,cifar10,0.3,9,_vig_blocks.8,0.992738
50,4,7,vig_tiny,cifar10,0.3,10,_vig_blocks.9,0.992226
50,4,7,vig_tiny,cifar10,0.3,11,_vig_blocks.10,0.992102
50,4,7,vig_tiny,cifar10,0.3,12,_vig_blocks.11,0.991471
50,4,7,vig_tiny,cifar10,0.3,13,classifier,0.799245
50,4,8,vig_tiny,cifar10,0.3,0,_vig_stem,0.992805
50,4,8,vig_tiny,cifar10,0.3,1,_vig_blocks.0,0.983966
50,4,8,vig_tiny,cifar10,0.3,2,_vig_blocks.1,0.985415
50,4,8,vig_tiny,cifar10,0.3,3,_vig_blocks.2,0.986698
50,4,8,vig_tiny,cifar10,0.3,4,_vig_blocks.3,0.988554
50,4,8,vig_tiny,cifar10,0.3,5,_vig_blocks.4,0.989393
50,4,8,vig_tiny,cifar10,0.3,6,_vig_blocks.5,0.989860
50,4,8,vig_tiny,cifar10,0.3,7,_vig_blocks.6,0.989813
50,4,8,vig_tiny,cifar10,0.3,8,_vig_blocks.7,0.991384
50,4,8,vig_tiny,cifar10,0.3,9,_vig_blocks.8,0.992586
50,4,8,vig_tiny,cifar10,0.3,10,_vig_blocks.9,0.992159
50,4,8,vig_tiny,cifar10,0.3,11,_vig_blocks.10,0.991602
50,4,8,vig_tiny,cifar10,0.3,12,_vig_blocks.11,0.990280
50,4,8,vig_tiny,cifar10,0.3,13,classifier,0.815230
50,4,9,vig_tiny,cifar10,0.3,0,_vig_stem,0.973474
50,4,9,vig_tiny,cifar10,0.3,1,_vig_blocks.0,0.961790
50,4,9,vig_tiny,cifar10,0.3,2,_vig_blocks.1,0.967519
50,4,9,vig_tiny,cifar10,0.3,3,_vig_blocks.2,0.972212
50,4,9,vig_tiny,cifar10,0.3,4,_vig_blocks.3,0.973935
50,4,9,vig_tiny,cifar10,0.3,5,_vig_blocks.4,0.975149
50,4,9,vig_tiny,cifar10,0.3,6,_vig_blocks.5,0.974455
50,4,9,vig_tiny,cifar10,0.3,7,_vig_blocks.6,0.975688
50,4,9,vig_tiny,cifar10,0.3,8,_vig_blocks.7,0.975745
50,4,9,vig_tiny,cifar10,0.3,9,_vig_blocks.8,0.976404
50,4,9,vig_tiny,cifar10,0.3,10,_vig_blocks.9,0.976753
50,4,9,vig_tiny,cifar10,0.3,11,_vig_blocks.10,0.975496
50,4,9,vig_tiny,cifar10,0.3,12,_vig_blocks.11,0.972924
50,4,9,vig_tiny,cifar10,0.3,13,classifier,0.870022
50,5,6,vig_tiny,cifar10,0.3,0,_vig_stem,0.951494
50,5,6,vig_tiny,cifar10,0.3,1,_vig_blocks.0,0.932619
50,5,6,vig_tiny,cifar10,0.3,2,_vig_blocks.1,0.944266
50,5,6,vig_tiny,cifar10,0.3,3,_vig_blocks.2,0.951924
50,5,6,vig_tiny,cifar10,0.3,4,_vig_blocks.3,0.955479
50,5,6,vig_tiny,cifar10,0.3,5,_vig_blocks.4,0.957571
50,5,6,vig_tiny,cifar10,0.3,6,_vig_blocks.5,0.958133
50,5,6,vig_tiny,cifar10,0.3,7,_vig_blocks.6,0.959583
50,5,6,vig_tiny,cifar10,0.3,8,_vig_blocks.7,0.960429
50,5,6,vig_tiny,cifar10,0.3,9,_vig_blocks.8,0.963003
50,5,6,vig_tiny,cifar10,0.3,10,_vig_blocks.9,0.962440
50,5,6,vig_tiny,cifar10,0.3,11,_vig_blocks.10,0.959533
50,5,6,vig_tiny,cifar10,0.3,12,_vig_blocks.11,0.955103
50,5,6,vig_tiny,cifar10,0.3,13,classifier,0.685783
50,5,7,vig_tiny,cifar10,0.3,0,_vig_stem,0.995448
50,5,7,vig_tiny,cifar10,0.3,1,_vig_blocks.0,0.990946
50,5,7,vig_tiny,cifar10,0.3,2,_vig_blocks.1,0.987233
50,5,7,vig_tiny,cifar10,0.3,3,_vig_blocks.2,0.988216
50,5,7,vig_tiny,cifar10,0.3,4,_vig_blocks.3,0.988733
50,5,7,vig_tiny,cifar10,0.3,5,_vig_blocks.4,0.989027
50,5,7,vig_tiny,cifar10,0.3,6,_vig_blocks.5,0.988734
50,5,7,vig_tiny,cifar10,0.3,7,_vig_blocks.6,0.988896
50,5,7,vig_tiny,cifar10,0.3,8,_vig_blocks.7,0.989186
50,5,7,vig_tiny,cifar10,0.3,9,_vig_blocks.8,0.989307
50,5,7,vig_tiny,cifar10,0.3,10,_vig_blocks.9,0.988602
50,5,7,vig_tiny,cifar10,0.3,11,_vig_blocks.10,0.988346
50,5,7,vig_tiny,cifar10,0.3,12,_vig_blocks.11,0.987361
50,5,7,vig_tiny,cifar10,0.3,13,classifier,0.644830
50,5,8,vig_tiny,cifar10,0.3,0,_vig_stem,0.994048
50,5,8,vig_tiny,cifar10,0.3,1,_vig_blocks.0,0.990473
50,5,8,vig_tiny,cifar10,0.3,2,_vig_blocks.1,0.991723
50,5,8,vig_tiny,cifar10,0.3,3,_vig_blocks.2,0.993795
50,5,8,vig_tiny,cifar10,0.3,4,_vig_blocks.3,0.994693
50,5,8,vig_tiny,cifar10,0.3,5,_vig_blocks.4,0.995112
50,5,8,vig_tiny,cifar10,0.3,6,_vig_blocks.5,0.994986
50,5,8,vig_tiny,cifar10,0.3,7,_vig_blocks.6,0.995352
50,5,8,vig_tiny,cifar10,0.3,8,_vig_blocks.7,0.995646
50,5,8,vig_tiny,cifar10,0.3,9,_vig_blocks.8,0.995521
50,5,8,vig_tiny,cifar10,0.3,10,_vig_blocks.9,0.995608
50,5,8,vig_tiny,cifar10,0.3,11,_vig_blocks.10,0.995289
50,5,8,vig_tiny,cifar10,0.3,12,_vig_blocks.11,0.994664
50,5,8,vig_tiny,cifar10,0.3,13,classifier,0.655265
50,5,9,vig_tiny,cifar10,0.3,0,_vig_stem,0.980030
50,5,9,vig_tiny,cifar10,0.3,1,_vig_blocks.0,0.968705
50,5,9,vig_tiny,cifar10,0.3,2,_vig_blocks.1,0.968318
50,5,9,vig_tiny,cifar10,0.3,3,_vig_blocks.2,0.971607
50,5,9,vig_tiny,cifar10,0.3,4,_vig_blocks.3,0.974697
50,5,9,vig_tiny,cifar10,0.3,5,_vig_blocks.4,0.976520
50,5,9,vig_tiny,cifar10,0.3,6,_vig_blocks.5,0.974673
50,5,9,vig_tiny,cifar10,0.3,7,_vig_blocks.6,0.974603
50,5,9,vig_tiny,cifar10,0.3,8,_vig_blocks.7,0.975625
50,5,9,vig_tiny,cifar10,0.3,9,_vig_blocks.8,0.976186
50,5,9,vig_tiny,cifar10,0.3,10,_vig_blocks.9,0.976320
50,5,9,vig_tiny,cifar10,0.3,11,_vig_blocks.10,0.973777
50,5,9,vig_tiny,cifar10,0.3,12,_vig_blocks.11,0.968909
50,5,9,vig_tiny,cifar10,0.3,13,classifier,0.751925
50,6,7,vig_tiny,cifar10,0.3,0,_vig_stem,0.938537
50,6,7,vig_tiny,cifar10,0.3,1,_vig_blocks.0,0.920672
50,6,7,vig_tiny,cifar10,0.3,2,_vig_blocks.1,0.935872
50,6,7,vig_tiny,cifar10,0.3,3,_vig_blocks.2,0.940964
50,6,7,vig_tiny,cifar10,0.3,4,_vig_blocks.3,0.942348
50,6,7,vig_tiny,cifar10,0.3,5,_vig_blocks.4,0.945605
50,6,7,vig_tiny,cifar10,0.3,6,_vig_blocks.5,0.947723
50,6,7,vig_tiny,cifar10,0.3,7,_vig_blocks.6,0.949871
50,6,7,vig_tiny,cifar10,0.3,8,_vig_blocks.7,0.949849
50,6,7,vig_tiny,cifar10,0.3,9,_vig_blocks.8,0.954081
50,6,7,vig_tiny,cifar10,0.3,10,_vig_blocks.9,0.952511
50,6,7,vig_tiny,cifar10,0.3,11,_vig_blocks.10,0.951843
50,6,7,vig_tiny,cifar10,0.3,12,_vig_blocks.11,0.950465
50,6,7,vig_tiny,cifar10,0.3,13,classifier,0.536806
50,6,8,vig_tiny,cifar10,0.3,0,_vig_stem,0.946704
50,6,8,vig_tiny,cifar10,0.3,1,_vig_blocks.0,0.927156
50,6,8,vig_tiny,cifar10,0.3,2,_vig_blocks.1,0.932411
50,6,8,vig_tiny,cifar10,0.3,3,_vig_blocks.2,0.937419
50,6,8,vig_tiny,cifar10,0.3,4,_vig_blocks.3,0.942839
50,6,8,vig_tiny,cifar10,0.3,5,_vig_blocks.4,0.946820
50,6,8,vig_tiny,cifar10,0.3,6,_vig_blocks.5,0.948676
50,6,8,vig_tiny,cifar10,0.3,7,_vig_blocks.6,0.951586
50,6,8,vig_tiny,cifar10,0.3,8,_vig_blocks.7,0.954055
50,6,8,vig_tiny,cifar10,0.3,9,_vig_blocks.8,0.957739
50,6,8,vig_tiny,cifar10,0.3,10,_vig_blocks.9,0.956894
50,6,8,vig_tiny,cifar10,0.3,11,_vig_blocks.10,0.953694
50,6,8,vig_tiny,cifar10,0.3,12,_vig_blocks.11,0.949521
50,6,8,vig_tiny,cifar10,0.3,13,classifier,0.775751
50,6,9,vig_tiny,cifar10,0.3,0,_vig_stem,0.979764
50,6,9,vig_tiny,cifar10,0.3,1,_vig_blocks.0,0.972494
50,6,9,vig_tiny,cifar10,0.3,2,_vig_blocks.1,0.976886
50,6,9,vig_tiny,cifar10,0.3,3,_vig_blocks.2,0.976775
50,6,9,vig_tiny,cifar10,0.3,4,_vig_blocks.3,0.977748
50,6,9,vig_tiny,cifar10,0.3,5,_vig_blocks.4,0.979727
50,6,9,vig_tiny,cifar10,0.3,6,_vig_blocks.5,0.981032
50,6,9,vig_tiny,cifar10,0.3,7,_vig_blocks.6,0.981157
50,6,9,vig_tiny,cifar10,0.3,8,_vig_blocks.7,0.982439
50,6,9,vig_tiny,cifar10,0.3,9,_vig_blocks.8,0.983776
50,6,9,vig_tiny,cifar10,0.3,10,_vig_blocks.9,0.984035
50,6,9,vig_tiny,cifar10,0.3,11,_vig_blocks.10,0.984025
50,6,9,vig_tiny,cifar10,0.3,12,_vig_blocks.11,0.983566
50,6,9,vig_tiny,cifar10,0.3,13,classifier,0.857706
50,7,8,vig_tiny,cifar10,0.3,0,_vig_stem,0.991999
50,7,8,vig_tiny,cifar10,0.3,1,_vig_blocks.0,0.982568
50,7,8,vig_tiny,cifar10,0.3,2,_vig_blocks.1,0.982758
50,7,8,vig_tiny,cifar10,0.3,3,_vig_blocks.2,0.985210
50,7,8,vig_tiny,cifar10,0.3,4,_vig_blocks.3,0.987302
50,7,8,vig_tiny,cifar10,0.3,5,_vig_blocks.4,0.988288
50,7,8,vig_tiny,cifar10,0.3,6,_vig_blocks.5,0.988433
50,7,8,vig_tiny,cifar10,0.3,7,_vig_blocks.6,0.988438
50,7,8,vig_tiny,cifar10,0.3,8,_vig_blocks.7,0.990358
50,7,8,vig_tiny,cifar10,0.3,9,_vig_blocks.8,0.990965
50,7,8,vig_tiny,cifar10,0.3,10,_vig_blocks.9,0.990454
50,7,8,vig_tiny,cifar10,0.3,11,_vig_blocks.10,0.989881
50,7,8,vig_tiny,cifar10,0.3,12,_vig_blocks.11,0.988501
50,7,8,vig_tiny,cifar10,0.3,13,classifier,0.519379
50,7,9,vig_tiny,cifar10,0.3,0,_vig_stem,0.974086
50,7,9,vig_tiny,cifar10,0.3,1,_vig_blocks.0,0.966423
50,7,9,vig_tiny,cifar10,0.3,2,_vig_blocks.1,0.973338
50,7,9,vig_tiny,cifar10,0.3,3,_vig_blocks.2,0.976489
50,7,9,vig_tiny,cifar10,0.3,4,_vig_blocks.3,0.976850
50,7,9,vig_tiny,cifar10,0.3,5,_vig_blocks.4,0.977764
50,7,9,vig_tiny,cifar10,0.3,6,_vig_blocks.5,0.977350
50,7,9,vig_tiny,cifar10,0.3,7,_vig_blocks.6,0.977736
50,7,9,vig_tiny,cifar10,0.3,8,_vig_blocks.7,0.977820
50,7,9,vig_tiny,cifar10,0.3,9,_vig_blocks.8,0.979053
50,7,9,vig_tiny,cifar10,0.3,10,_vig_blocks.9,0.978213
50,7,9,vig_tiny,cifar10,0.3,11,_vig_blocks.10,0.977337
50,7,9,vig_tiny,cifar10,0.3,12,_vig_blocks.11,0.975205
50,7,9,vig_tiny,cifar10,0.3,13,classifier,0.619068
50,8,9,vig_tiny,cifar10,0.3,0,_vig_stem,0.976894
50,8,9,vig_tiny,cifar10,0.3,1,_vig_blocks.0,0.961275
50,8,9,vig_tiny,cifar10,0.3,2,_vig_blocks.1,0.959291
50,8,9,vig_tiny,cifar10,0.3,3,_vig_blocks.2,0.961502
50,8,9,vig_tiny,cifar10,0.3,4,_vig_blocks.3,0.966655
50,8,9,vig_tiny,cifar10,0.3,5,_vig_blocks.4,0.970275
50,8,9,vig_tiny,cifar10,0.3,6,_vig_blocks.5,0.969883
50,8,9,vig_tiny,cifar10,0.3,7,_vig_blocks.6,0.970684
50,8,9,vig_tiny,cifar10,0.3,8,_vig_blocks.7,0.973684
50,8,9,vig_tiny,cifar10,0.3,9,_vig_blocks.8,0.975200
50,8,9,vig_tiny,cifar10,0.3,10,_vig_blocks.9,0.975329
50,8,9,vig_tiny,cifar10,0.3,11,_vig_blocks.10,0.972378
50,8,9,vig_tiny,cifar10,0.3,12,_vig_blocks.11,0.967301
50,8,9,vig_tiny,cifar10,0.3,13,classifier,0.842171
