[FedLateGram] _detect_late_layers: 20 units (expanded from 9 depth-1 children), cutoff=16 → 5 late prefixes                                                 
[FedLateGram] Late layers (5): ['base.norm', 'base.fc_norm', 'base.head_drop', 'base.head', 'classifier']                                                   
==================== FedLateGram ====================                                                                                                       
Experiment Arguments:                                                                                                                                       
{
│   'method': 'fedlategram',
│   'dataset': {
│   │   'name': 'cifar10',
│   │   'partition_dir': 'partitions/alpha_0.1/seed_123',
│   │   'client_num': 10,
│   │   'test_ratio': 0.25,
│   │   'val_ratio': 0.0,
│   │   'seed': 123,
│   │   'split': 'sample',
│   │   'IID_ratio': 0.0,
│   │   'alpha': 0.1,
│   │   'min_samples_per_client': 10,
│   │   'sample_fraction': 0.1,
│   │   'subset_seed': 42,
│   │   'monitor_window_name_suffix': 'cifar10-10clients-0%IID-Dir(0.1)-seed123-10pct'
│   },
│   'model': {
│   │   'name': 'vit_tiny',
│   │   'use_torchvision_pretrained_weights': False,
│   │   'external_model_weights_path': None
│   },
│   'optimizer': {
│   │   'lr': 0.01,
│   │   'dampening': 0,
│   │   'weight_decay': 0.0001,
│   │   'momentum': 0.9,
│   │   'nesterov': False,
│   │   'name': 'sgd'
│   },
│   'mode': 'serial',
│   'parallel': {
│   │   'ray_cluster_addr': None,
│   │   'num_cpus': None,
│   │   'num_gpus': None,
│   │   'num_workers': 4
│   },
│   'common': {
│   │   'seed': 123,
│   │   'join_ratio': 1.0,
│   │   'global_epoch': 50,
│   │   'local_epoch': 5,
│   │   'batch_size': 32,
│   │   'reset_optimizer_on_global_epoch': True,
│   │   'straggler_ratio': 0,
│   │   'straggler_min_local_epoch': 0,
│   │   'buffers': 'global',
│   │   'client_side_evaluation': True,
│   │   'test': {
│   │   │   'client': {
│   │   │   │   'interval': 1,
│   │   │   │   'finetune_epoch': 0,
│   │   │   │   'train': False,
│   │   │   │   'val': False,
│   │   │   │   'test': True
│   │   │   },
│   │   │   'server': {
│   │   │   │   'interval': 1,
│   │   │   │   'train': False,
│   │   │   │   'val': False,
│   │   │   │   'test': True,
│   │   │   │   'model_in_train_mode': False
│   │   │   }
│   │   },
│   │   'verbose_gap': 10,
│   │   'monitor': 'tensorboard',
│   │   'use_cuda': True,
│   │   'save_log': True,
│   │   'save_model': False,
│   │   'save_learning_curve_plot': True,
│   │   'save_metrics': True,
│   │   'delete_useless_run': True,
│   │   'dataloader_num_workers': 2,
│   │   'resume_checkpoint': None
│   },
│   'fedlategram': {
│   │   'lam': 0.15,
│   │   'tau_cka': 0.85,
│   │   'late_fraction': 0.2,
│   │   'freeze_strategy': 'slow_update',
│   │   'T_warm': 10,
│   │   'alpha_early_lr': 1,
│   │   'freq_early': 1,
│   │   'gram_ref': 'proxy',
│   │   'proxy_size': 256,
│   │   'lam_adaptive': True,
│   │   'mu_clf': 0.1
│   },
│   'cka': {
│   │   'rounds': [
│   │   │   1,
│   │   │   2,
│   │   │   5,
│   │   │   10,
│   │   │   20,
│   │   │   30,
│   │   │   40,
│   │   │   50
│   │   ],
│   │   'client_sample': 10,
│   │   'probe_batches': 20,
│   │   'probe_batch_size': 16
│   },
│   'ckadriftfedavg': {}
}
---------------------------- ROUND 1/50 START ----------------------------                                                                                  
Selected clients: [0, 4, 1, 6, 3, 2, 9, 5, 7, 8]                                                                                                            
  [Client 0] Starting local training...                                                                                                                     
  [Client 0] Finished training in 5.04s                                                                                                                     
  [Client 4] Starting local training...                                                                                                                     
  [Client 4] Finished training in 6.83s                                                                                                                     
  [Client 1] Starting local training...                                                                                                                     
  [Client 1] Finished training in 4.88s                                                                                                                     
  [Client 6] Starting local training...                                                                                                                     
  [Client 6] Finished training in 6.61s                                                                                                                     
  [Client 3] Starting local training...                                                                                                                     
  [Client 3] Finished training in 6.57s                                                                                                                     
  [Client 2] Starting local training...                                                                                                                     
  [Client 2] Finished training in 2.85s                                                                                                                     
  [Client 9] Starting local training...                                                                                                                     
  [Client 9] Finished training in 11.38s                                                                                                                    
  [Client 5] Starting local training...                                                                                                                     
  [Client 5] Finished training in 12.19s                                                                                                                    
  [Client 7] Starting local training...                                                                                                                     
  [Client 7] Finished training in 3.30s                                                                                                                     
  [Client 8] Starting local training...                                                                                                                     
  [Client 8] Finished training in 4.18s                                                                                                                     
[Round 0] layer_lambdas: norm=0.0279, fc_norm=0.0407, head_drop=0.0407, head=0.0407                                                                         
[FedLateGram Round 1] avg task: 0.9281 | avg gram: 0.3661 | avg prox_clf: 0.0171                                                                            
  [CKA] Saved checkpoints for round 1 (10 clients) →                                                                                                        
/home/luis.mendezl/Thesis/logs/runs/cifar10/fedlategram/vit_tiny/alpha0.1/seed123/checkpoints/round_0001                                                    
ROUND 1 FINISHED in 67.87s (Avg: 67.87s)                                                                                                                    
  [FedLateGram] Saved checkpoint after round 1 →                                                                                                            
/home/luis.mendezl/Thesis/logs/runs/cifar10/fedlategram/vit_tiny/alpha0.1/seed123/checkpoints/training_state.pt                                             
---------------------------- ROUND 2/50 START ----------------------------                                                                                  
Selected clients: [5, 0, 2, 1, 7, 4, 9, 3, 8, 6]                                                                                                            
  [Client 5] Starting local training...                                                                                                                     
  [Client 5] Finished training in 10.26s                                                                                                                    
  [Client 0] Starting local training...                                                                                                                     
  [Client 0] Finished training in 4.99s                                                                                                                     
  [Client 2] Starting local training...                                                                                                                     
  [Client 2] Finished training in 2.94s                                                                                                                     
  [Client 1] Starting local training...                                                                                                                     
  [Client 1] Finished training in 5.38s                                                                                                                     
  [Client 7] Starting local training...                                                                                                                     
  [Client 7] Finished training in 3.12s                                                                                                                     
  [Client 4] Starting local training...                                                                                                                     
  [Client 4] Finished training in 6.77s                                                                                                                     
  [Client 9] Starting local training...                                                                                                                     
  [Client 9] Finished training in 10.65s                                                                                                                    
  [Client 3] Starting local training...                                                                                                                     
  [Client 3] Finished training in 6.73s                                                                                                                     
  [Client 8] Starting local training...                                                                                                                     
  [Client 8] Finished training in 4.25s                                                                                                                     
  [Client 6] Starting local training...                                                                                                                     
  [Client 6] Finished training in 7.38s                                                                                                                     
[Round 1] layer_lambdas: norm=0.0404, fc_norm=0.0365, head_drop=0.0365, head=0.0365                                                                         
[FedLateGram Round 2] avg task: 0.9932 | avg gram: 0.0308 | avg prox_clf: 0.0192                                                                            
  [CKA] Saved checkpoints for round 2 (10 clients) →                                                                                                        
/home/luis.mendezl/Thesis/logs/runs/cifar10/fedlategram/vit_tiny/alpha0.1/seed123/checkpoints/round_0002                                                    
ROUND 2 FINISHED in 66.45s (Avg: 67.16s)                                                                                                                    
  [FedLateGram] Saved checkpoint after round 2 →                                                                                                            
/home/luis.mendezl/Thesis/logs/runs/cifar10/fedlategram/vit_tiny/alpha0.1/seed123/checkpoints/training_state.pt                                             
---------------------------- ROUND 3/50 START ----------------------------                                                                                  
Selected clients: [0, 6, 1, 4, 3, 9, 8, 7, 2, 5]                                                                                                            
  [Client 0] Starting local training...                                                                                                                     
  [Client 0] Finished training in 4.94s                                                                                                                     
  [Client 6] Starting local training...                                                                                                                     
  [Client 6] Finished training in 7.19s                                                                                                                     
  [Client 1] Starting local training...                                                                                                                     
  [Client 1] Finished training in 5.83s                                                                                                                     
  [Client 4] Starting local training...                                                                                                                     
  [Client 4] Finished training in 6.94s                                                                                                                     
  [Client 3] Starting local training...                                                                                                                     
  [Client 3] Finished training in 6.16s                                                                                                                     
  [Client 9] Starting local training...                                                                                                                     
  [Client 9] Finished training in 9.70s                                                                                                                     
  [Client 8] Starting local training...                                                                                                                     
  [Client 8] Finished training in 4.38s                                                                                                                     
  [Client 7] Starting local training...                                                                                                                     
  [Client 7] Finished training in 3.72s                                                                                                                     
  [Client 2] Starting local training...                                                                                                                     
  [Client 2] Finished training in 3.08s                                                                                                                     
  [Client 5] Starting local training...                                                                                                                     
  [Client 5] Finished training in 11.38s                                                                                                                    
[Round 2] layer_lambdas: norm=0.0403, fc_norm=0.0366, head_drop=0.0366, head=0.0366                                                                         
[FedLateGram Round 3] avg task: 0.9364 | avg gram: 0.0252 | avg prox_clf: 0.0273                                                                            
ROUND 3 FINISHED in 64.67s (Avg: 66.33s)                                                                                                                    
  [FedLateGram] Saved checkpoint after round 3 →                                                                                                            
/home/luis.mendezl/Thesis/logs/runs/cifar10/fedlategram/vit_tiny/alpha0.1/seed123/checkpoints/training_state.pt                                             
---------------------------- ROUND 4/50 START ----------------------------                                                                                  
Selected clients: [0, 1, 2, 8, 9, 7, 3, 4, 6, 5]                                                                                                            
  [Client 0] Starting local training...                                                                                                                     
  [Client 0] Finished training in 4.90s                                                                                                                     
  [Client 1] Starting local training...                                                                                                                     
  [Client 1] Finished training in 5.74s                                                                                                                     
  [Client 2] Starting local training...                                                                                                                     
  [Client 2] Finished training in 2.83s                                                                                                                     
  [Client 8] Starting local training...                                                                                                                     
  [Client 8] Finished training in 4.25s                                                                                                                     
  [Client 9] Starting local training...                                                                                                                     
  [Client 9] Finished training in 10.18s                                                                                                                    
  [Client 7] Starting local training...                                                                                                                     
  [Client 7] Finished training in 3.55s                                                                                                                     
  [Client 3] Starting local training...                                                                                                                     
  [Client 3] Finished training in 6.66s                                                                                                                     
  [Client 4] Starting local training...                                                                                                                     
  [Client 4] Finished training in 6.82s                                                                                                                     
  [Client 6] Starting local training...                                                                                                                     
  [Client 6] Finished training in 7.07s                                                                                                                     
  [Client 5] Starting local training...                                                                                                                     
  [Client 5] Finished training in 10.06s                                                                                                                    
[Round 3] layer_lambdas: norm=0.0406, fc_norm=0.0365, head_drop=0.0365, head=0.0365                                                                         
[FedLateGram Round 4] avg task: 0.9185 | avg gram: 0.0216 | avg prox_clf: 0.0282                                                                            
ROUND 4 FINISHED in 63.14s (Avg: 65.53s)                                                                                                                    
  [FedLateGram] Saved checkpoint after round 4 →                                                                                                            
/home/luis.mendezl/Thesis/logs/runs/cifar10/fedlategram/vit_tiny/alpha0.1/seed123/checkpoints/training_state.pt                                             
---------------------------- ROUND 5/50 START ----------------------------                                                                                  
Selected clients: [7, 0, 4, 2, 9, 3, 1, 6, 5, 8]                                                                                                            
  [Client 7] Starting local training...                                                                                                                     
  [Client 7] Finished training in 3.36s                                                                                                                     
  [Client 0] Starting local training...                                                                                                                     
  [Client 0] Finished training in 4.93s                                                                                                                     
  [Client 4] Starting local training...                                                                                                                     
  [Client 4] Finished training in 7.33s                                                                                                                     
  [Client 2] Starting local training...                                                                                                                     
  [Client 2] Finished training in 3.02s                                                                                                                     
  [Client 9] Starting local training...                                                                                                                     
  [Client 9] Finished training in 11.55s                                                                                                                    
  [Client 3] Starting local training...                                                                                                                     
  [Client 3] Finished training in 6.57s                                                                                                                     
  [Client 1] Starting local training...                                                                                                                     
  [Client 1] Finished training in 5.44s                                                                                                                     
  [Client 6] Starting local training...                                                                                                                     
  [Client 6] Finished training in 6.69s                                                                                                                     
  [Client 5] Starting local training...                                                                                                                     
  [Client 5] Finished training in 11.26s                                                                                                                    
  [Client 8] Starting local training...                                                                                                                     
  [Client 8] Finished training in 4.24s                                                                                                                     
[Round 4] layer_lambdas: norm=0.0499, fc_norm=0.0334, head_drop=0.0334, head=0.0334                                                                         
[FedLateGram Round 5] avg task: 0.8894 | avg gram: 0.0211 | avg prox_clf: 0.0280                                                                            
  [CKA] Saved checkpoints for round 5 (10 clients) →                                                                                                        
/home/luis.mendezl/Thesis/logs/runs/cifar10/fedlategram/vit_tiny/alpha0.1/seed123/checkpoints/round_0005                                                    
ROUND 5 FINISHED in 69.75s (Avg: 66.38s)                                                                                                                    
  [FedLateGram] Saved checkpoint after round 5 →                                                                                                            
/home/luis.mendezl/Thesis/logs/runs/cifar10/fedlategram/vit_tiny/alpha0.1/seed123/checkpoints/training_state.pt                                             
---------------------------- ROUND 6/50 START ----------------------------                                                                                  
Selected clients: [6, 8, 9, 5, 4, 7, 3, 2, 1, 0]                                                                                                            
  [Client 6] Starting local training...                                                                                                                     
  [Client 6] Finished training in 6.55s                                                                                                                     
  [Client 8] Starting local training...                                                                                                                     
  [Client 8] Finished training in 3.78s                                                                                                                     
  [Client 9] Starting local training...                                                                                                                     
  [Client 9] Finished training in 10.56s                                                                                                                    
  [Client 5] Starting local training...                                                                                                                     
  [Client 5] Finished training in 10.49s                                                                                                                    
  [Client 4] Starting local training...                                                                                                                     
  [Client 4] Finished training in 6.85s                                                                                                                     
  [Client 7] Starting local training...                                                                                                                     
  [Client 7] Finished training in 3.77s                                                                                                                     
  [Client 3] Starting local training...                                                                                                                     
  [Client 3] Finished training in 6.72s                                                                                                                     
  [Client 2] Starting local training...                                                                                                                     
  [Client 2] Finished training in 2.87s                                                                                                                     
  [Client 1] Starting local training...                                                                                                                     
  [Client 1] Finished training in 5.49s                                                                                                                     
  [Client 0] Starting local training...                                                                                                                     
  [Client 0] Finished training in 5.02s                                                                                                                     
[Round 5] layer_lambdas: norm=0.0424, fc_norm=0.0359, head_drop=0.0359, head=0.0359                                                                         
[FedLateGram Round 6] avg task: 0.8618 | avg gram: 0.0210 | avg prox_clf: 0.0288                                                                            
ROUND 6 FINISHED in 63.20s (Avg: 65.85s)                                                                                                                    
  [FedLateGram] Saved checkpoint after round 6 →                                                                                                            
/home/luis.mendezl/Thesis/logs/runs/cifar10/fedlategram/vit_tiny/alpha0.1/seed123/checkpoints/training_state.pt                                             
---------------------------- ROUND 7/50 START ----------------------------                                                                                  
Selected clients: [8, 0, 2, 5, 9, 3, 7, 6, 1, 4]                                                                                                            
  [Client 8] Starting local training...                                                                                                                     
  [Client 8] Finished training in 4.36s                                                                                                                     
  [Client 0] Starting local training...                                                                                                                     
  [Client 0] Finished training in 4.92s                                                                                                                     
  [Client 2] Starting local training...                                                                                                                     
  [Client 2] Finished training in 2.93s                                                                                                                     
  [Client 5] Starting local training...                                                                                                                     
  [Client 5] Finished training in 12.08s                                                                                                                    
  [Client 9] Starting local training...                                                                                                                     
  [Client 9] Finished training in 11.04s                                                                                                                    
  [Client 3] Starting local training...                                                                                                                     
  [Client 3] Finished training in 6.73s                                                                                                                     
  [Client 7] Starting local training...                                                                                                                     
  [Client 7] Finished training in 4.23s                                                                                                                     
  [Client 6] Starting local training...                                                                                                                     
  [Client 6] Finished training in 6.84s                                                                                                                     
  [Client 1] Starting local training...                                                                                                                     
  [Client 1] Finished training in 5.68s                                                                                                                     
  [Client 4] Starting local training...                                                                                                                     
  [Client 4] Finished training in 6.45s                                                                                                                     
[Round 6] layer_lambdas: norm=0.0433, fc_norm=0.0356, head_drop=0.0356, head=0.0356                                                                         
[FedLateGram Round 7] avg task: 0.8512 | avg gram: 0.0223 | avg prox_clf: 0.0297                                                                            
ROUND 7 FINISHED in 66.38s (Avg: 65.92s)                                                                                                                    
  [FedLateGram] Saved checkpoint after round 7 →                                                                                                            
/home/luis.mendezl/Thesis/logs/runs/cifar10/fedlategram/vit_tiny/alpha0.1/seed123/checkpoints/training_state.pt                                             
---------------------------- ROUND 8/50 START ----------------------------                                                                                  
Selected clients: [8, 6, 1, 5, 3, 9, 2, 0, 4, 7]                                                                                                            
  [Client 8] Starting local training...                                                                                                                     
  [Client 8] Finished training in 4.47s                                                                                                                     
  [Client 6] Starting local training...                                                                                                                     
  [Client 6] Finished training in 7.30s                                                                                                                     
  [Client 1] Starting local training...                                                                                                                     
  [Client 1] Finished training in 5.95s                                                                                                                     
  [Client 5] Starting local training...                                                                                                                     
  [Client 5] Finished training in 11.37s                                                                                                                    
  [Client 3] Starting local training...                                                                                                                     
  [Client 3] Finished training in 6.88s                                                                                                                     
  [Client 9] Starting local training...                                                                                                                     
  [Client 9] Finished training in 11.00s                                                                                                                    
  [Client 2] Starting local training...                                                                                                                     
  [Client 2] Finished training in 2.73s                                                                                                                     
  [Client 0] Starting local training...                                                                                                                     
  [Client 0] Finished training in 5.00s                                                                                                                     
  [Client 4] Starting local training...                                                                                                                     
  [Client 4] Finished training in 6.28s                                                                                                                     
  [Client 7] Starting local training...                                                                                                                     
  [Client 7] Finished training in 3.24s                                                                                                                     
[Round 7] layer_lambdas: norm=0.0431, fc_norm=0.0356, head_drop=0.0356, head=0.0356                                                                         
[FedLateGram Round 8] avg task: 0.8379 | avg gram: 0.0226 | avg prox_clf: 0.0302                                                                            
ROUND 8 FINISHED in 65.22s (Avg: 65.84s)                                                                                                                    
  [FedLateGram] Saved checkpoint after round 8 →                                                                                                            
/home/luis.mendezl/Thesis/logs/runs/cifar10/fedlategram/vit_tiny/alpha0.1/seed123/checkpoints/training_state.pt                                             
---------------------------- ROUND 9/50 START ----------------------------                                                                                  
Selected clients: [5, 0, 9, 1, 3, 4, 8, 2, 6, 7]                                                                                                            
  [Client 5] Starting local training...                                                                                                                     
  [Client 5] Finished training in 11.43s                                                                                                                    
  [Client 0] Starting local training...                                                                                                                     
  [Client 0] Finished training in 4.87s                                                                                                                     
  [Client 9] Starting local training...                                                                                                                     
  [Client 9] Finished training in 10.71s                                                                                                                    
  [Client 1] Starting local training...                                                                                                                     
  [Client 1] Finished training in 5.44s                                                                                                                     
  [Client 3] Starting local training...                                                                                                                     
  [Client 3] Finished training in 6.79s                                                                                                                     
  [Client 4] Starting local training...                                                                                                                     
  [Client 4] Finished training in 6.98s                                                                                                                     
  [Client 8] Starting local training...                                                                                                                     
  [Client 8] Finished training in 4.50s                                                                                                                     
  [Client 2] Starting local training...                                                                                                                     
  [Client 2] Finished training in 2.93s                                                                                                                     
  [Client 6] Starting local training...                                                                                                                     
  [Client 6] Finished training in 6.89s                                                                                                                     
  [Client 7] Starting local training...                                                                                                                     
  [Client 7] Finished training in 3.83s                                                                                                                     
[Round 8] layer_lambdas: norm=0.0437, fc_norm=0.0354, head_drop=0.0354, head=0.0354                                                                         
[FedLateGram Round 9] avg task: 0.7956 | avg gram: 0.0227 | avg prox_clf: 0.0300                                                                            
ROUND 9 FINISHED in 65.66s (Avg: 65.82s)                                                                                                                    
  [FedLateGram] Saved checkpoint after round 9 →                                                                                                            
/home/luis.mendezl/Thesis/logs/runs/cifar10/fedlategram/vit_tiny/alpha0.1/seed123/checkpoints/training_state.pt                                             
---------------------------- ROUND 10/50 START ----------------------------                                                                                 
Selected clients: [3, 8, 7, 1, 6, 4, 9, 5, 2, 0]                                                                                                            
  [Client 3] Starting local training...                                                                                                                     
  [Client 3] Finished training in 7.57s                                                                                                                     
client [3]  (testset)   loss: 2.1247 -> 0.5173  accuracy: 23.46% -> 80.86%                                                                                  
  [Client 8] Starting local training...                                                                                                                     
  [Client 8] Finished training in 4.16s                                                                                                                     
client [8]  (testset)   loss: 1.7602 -> 0.3410  accuracy: 16.47% -> 91.76%                                                                                  
  [Client 7] Starting local training...                                                                                                                     
  [Client 7] Finished training in 3.29s                                                                                                                     
client [7]  (testset)   loss: 1.8524 -> 0.6625  accuracy: 21.05% -> 84.21%                                                                                  
  [Client 1] Starting local training...                                                                                                                     
  [Client 1] Finished training in 5.47s                                                                                                                     
client [1]  (testset)   loss: 1.7951 -> 0.5376  accuracy: 55.91% -> 78.74%                                                                                  
  [Client 6] Starting local training...                                                                                                                     
  [Client 6] Finished training in 6.36s                                                                                                                     
client [6]  (testset)   loss: 2.0022 -> 0.7441  accuracy: 14.11% -> 73.01%                                                                                  
  [Client 4] Starting local training...                                                                                                                     
  [Client 4] Finished training in 6.78s                                                                                                                     
client [4]  (testset)   loss: 2.2465 -> 0.7595  accuracy: 9.32% -> 69.57%                                                                                   
  [Client 9] Starting local training...                                                                                                                     
  [Client 9] Finished training in 11.55s                                                                                                                    
client [9]  (testset)   loss: 1.8472 -> 0.9281  accuracy: 33.22% -> 65.44%                                                                                  
  [Client 5] Starting local training...                                                                                                                     
  [Client 5] Finished training in 12.35s                                                                                                                    
client [5]  (testset)   loss: 1.8639 -> 0.9478  accuracy: 26.28% -> 51.92%                                                                                  
  [Client 2] Starting local training...                                                                                                                     
  [Client 2] Finished training in 2.86s                                                                                                                     
client [2]  (testset)   loss: 2.1872 -> 0.9916  accuracy: 5.71% -> 54.29%                                                                                   
  [Client 0] Starting local training...                                                                                                                     
  [Client 0] Finished training in 4.68s                                                                                                                     
client [0]  (testset)   loss: 1.8857 -> 1.1512  accuracy: 36.08% -> 59.79%                                                                                  
[Round 9] layer_lambdas: norm=0.0466, fc_norm=0.0345, head_drop=0.0345, head=0.0345                                                                         
[FedLateGram Round 10] avg task: 0.7999 | avg gram: 0.0228 | avg prox_clf: 0.0306                                                                           
  [CKA] Saved checkpoints for round 10 (10 clients) →                                                                                                       
/home/luis.mendezl/Thesis/logs/runs/cifar10/fedlategram/vit_tiny/alpha0.1/seed123/checkpoints/round_0010                                                    
ROUND 10 FINISHED in 68.85s (Avg: 66.12s)                                                                                                                   
  [FedLateGram] Saved checkpoint after round 10 →                                                                                                           
/home/luis.mendezl/Thesis/logs/runs/cifar10/fedlategram/vit_tiny/alpha0.1/seed123/checkpoints/training_state.pt                                             
---------------------------- ROUND 11/50 START ----------------------------                                                                                 
Selected clients: [0, 2, 7, 1, 9, 8, 4, 3, 6, 5]                                                                                                            
  [Client 0] Starting local training...                                                                                                                     
  [Client 0] Finished training in 4.80s                                                                                                                     
  [Client 2] Starting local training...                                                                                                                     
  [Client 2] Finished training in 3.03s                                                                                                                     
  [Client 7] Starting local training...                                                                                                                     
  [Client 7] Finished training in 3.72s                                                                                                                     
  [Client 1] Starting local training...                                                                                                                     
  [Client 1] Finished training in 5.76s                                                                                                                     
  [Client 9] Starting local training...                                                                                                                     
  [Client 9] Finished training in 11.21s                                                                                                                    
  [Client 8] Starting local training...                                                                                                                     
  [Client 8] Finished training in 3.78s                                                                                                                     
  [Client 4] Starting local training...                                                                                                                     
  [Client 4] Finished training in 6.46s                                                                                                                     
  [Client 3] Starting local training...                                                                                                                     
  [Client 3] Finished training in 6.20s                                                                                                                     
  [Client 6] Starting local training...                                                                                                                     
  [Client 6] Finished training in 6.76s                                                                                                                     
  [Client 5] Starting local training...                                                                                                                     
  [Client 5] Finished training in 9.54s                                                                                                                     
[Round 10] layer_lambdas: norm=0.0435, fc_norm=0.0355, head_drop=0.0355, head=0.0355                                                                        
[FedLateGram Round 11] avg task: 0.7780 | avg gram: 0.0225 | avg prox_clf: 0.0305                                                                           
ROUND 11 FINISHED in 62.44s (Avg: 65.78s)                                                                                                                   
  [FedLateGram] Saved checkpoint after round 11 →                                                                                                           
/home/luis.mendezl/Thesis/logs/runs/cifar10/fedlategram/vit_tiny/alpha0.1/seed123/checkpoints/training_state.pt                                             
---------------------------- ROUND 12/50 START ----------------------------                                                                                 
Selected clients: [6, 0, 1, 4, 8, 9, 2, 3, 5, 7]                                                                                                            
  [Client 6] Starting local training...                                                                                                                     
  [Client 6] Finished training in 7.24s                                                                                                                     
  [Client 0] Starting local training...                                                                                                                     
  [Client 0] Finished training in 5.03s                                                                                                                     
  [Client 1] Starting local training...                                                                                                                     
  [Client 1] Finished training in 5.74s                                                                                                                     
  [Client 4] Starting local training...                                                                                                                     
  [Client 4] Finished training in 6.62s                                                                                                                     
  [Client 8] Starting local training...                                                                                                                     
  [Client 8] Finished training in 4.68s                                                                                                                     
  [Client 9] Starting local training...                                                                                                                     
  [Client 9] Finished training in 11.45s                                                                                                                    
  [Client 2] Starting local training...                                                                                                                     
  [Client 2] Finished training in 3.02s                                                                                                                     
  [Client 3] Starting local training...                                                                                                                     
  [Client 3] Finished training in 6.61s                                                                                                                     
  [Client 5] Starting local training...                                                                                                                     
  [Client 5] Finished training in 11.01s                                                                                                                    
  [Client 7] Starting local training...                                                                                                                     
  [Client 7] Finished training in 3.74s                                                                                                                     
[Round 11] layer_lambdas: norm=0.0382, fc_norm=0.0373, head_drop=0.0373, head=0.0373                                                                        
[FedLateGram Round 12] avg task: 0.7823 | avg gram: 0.0224 | avg prox_clf: 0.0302                                                                           
ROUND 12 FINISHED in 66.25s (Avg: 65.82s)                                                                                                                   
  [FedLateGram] Saved checkpoint after round 12 →                                                                                                           
/home/luis.mendezl/Thesis/logs/runs/cifar10/fedlategram/vit_tiny/alpha0.1/seed123/checkpoints/training_state.pt                                             
---------------------------- ROUND 13/50 START ----------------------------                                                                                 
Selected clients: [6, 0, 9, 8, 4, 3, 7, 1, 2, 5]                                                                                                            
  [Client 6] Starting local training...                                                                                                                     
  [Client 6] Finished training in 6.60s                                                                                                                     
  [Client 0] Starting local training...                                                                                                                     
  [Client 0] Finished training in 4.70s                                                                                                                     
  [Client 9] Starting local training...                                                                                                                     
  [Client 9] Finished training in 11.58s                                                                                                                    
  [Client 8] Starting local training...                                                                                                                     
  [Client 8] Finished training in 4.47s                                                                                                                     
  [Client 4] Starting local training...                                                                                                                     
  [Client 4] Finished training in 6.78s                                                                                                                     
  [Client 3] Starting local training...                                                                                                                     
  [Client 3] Finished training in 6.12s                                                                                                                     
  [Client 7] Starting local training...                                                                                                                     
  [Client 7] Finished training in 3.72s                                                                                                                     
  [Client 1] Starting local training...                                                                                                                     
  [Client 1] Finished training in 5.65s                                                                                                                     
  [Client 2] Starting local training...                                                                                                                     
  [Client 2] Finished training in 2.95s                                                                                                                     
  [Client 5] Starting local training...                                                                                                                     
  [Client 5] Finished training in 11.59s                                                                                                                    
[Round 12] layer_lambdas: norm=0.0386, fc_norm=0.0371, head_drop=0.0371, head=0.0371                                                                        
[FedLateGram Round 13] avg task: 0.7644 | avg gram: 0.0220 | avg prox_clf: 0.0310                                                                           
ROUND 13 FINISHED in 65.34s (Avg: 65.79s)                                                                                                                   
  [FedLateGram] Saved checkpoint after round 13 →                                                                                                           
/home/luis.mendezl/Thesis/logs/runs/cifar10/fedlategram/vit_tiny/alpha0.1/seed123/checkpoints/training_state.pt                                             
---------------------------- ROUND 14/50 START ----------------------------                                                                                 
Selected clients: [0, 8, 5, 3, 2, 9, 1, 6, 4, 7]                                                                                                            
  [Client 0] Starting local training...                                                                                                                     
  [Client 0] Finished training in 5.19s                                                                                                                     
  [Client 8] Starting local training...                                                                                                                     
  [Client 8] Finished training in 4.06s                                                                                                                     
  [Client 5] Starting local training...                                                                                                                     
  [Client 5] Finished training in 11.81s                                                                                                                    
  [Client 3] Starting local training...                                                                                                                     
  [Client 3] Finished training in 6.82s                                                                                                                     
  [Client 2] Starting local training...                                                                                                                     
  [Client 2] Finished training in 2.87s                                                                                                                     
  [Client 9] Starting local training...                                                                                                                     
  [Client 9] Finished training in 10.23s                                                                                                                    
  [Client 1] Starting local training...                                                                                                                     
  [Client 1] Finished training in 5.62s                                                                                                                     
  [Client 6] Starting local training...                                                                                                                     
  [Client 6] Finished training in 7.29s                                                                                                                     
  [Client 4] Starting local training...                                                                                                                     
  [Client 4] Finished training in 7.10s                                                                                                                     
  [Client 7] Starting local training...                                                                                                                     
  [Client 7] Finished training in 3.69s                                                                                                                     
[Round 13] layer_lambdas: norm=0.0313, fc_norm=0.0396, head_drop=0.0396, head=0.0396                                                                        
[FedLateGram Round 14] avg task: 0.7537 | avg gram: 0.0216 | avg prox_clf: 0.0307                                                                           
ROUND 14 FINISHED in 65.87s (Avg: 65.79s)                                                                                                                   
  [FedLateGram] Saved checkpoint after round 14 →                                                                                                           
/home/luis.mendezl/Thesis/logs/runs/cifar10/fedlategram/vit_tiny/alpha0.1/seed123/checkpoints/training_state.pt                                             
---------------------------- ROUND 15/50 START ----------------------------                                                                                 
Selected clients: [5, 3, 1, 6, 9, 0, 8, 2, 7, 4]                                                                                                            
  [Client 5] Starting local training...                                                                                                                     
  [Client 5] Finished training in 12.27s                                                                                                                    
  [Client 3] Starting local training...                                                                                                                     
  [Client 3] Finished training in 7.20s                                                                                                                     
  [Client 1] Starting local training...                                                                                                                     
  [Client 1] Finished training in 5.80s                                                                                                                     
  [Client 6] Starting local training...                                                                                                                     
  [Client 6] Finished training in 7.00s                                                                                                                     
  [Client 9] Starting local training...                                                                                                                     
  [Client 9] Finished training in 10.50s                                                                                                                    
  [Client 0] Starting local training...                                                                                                                     
  [Client 0] Finished training in 5.03s                                                                                                                     
  [Client 8] Starting local training...                                                                                                                     
  [Client 8] Finished training in 4.01s                                                                                                                     
  [Client 2] Starting local training...                                                                                                                     
  [Client 2] Finished training in 2.87s                                                                                                                     
  [Client 7] Starting local training...                                                                                                                     
  [Client 7] Finished training in 3.33s                                                                                                                     
  [Client 4] Starting local training...                                                                                                                     
  [Client 4] Finished training in 7.29s                                                                                                                     
[Round 14] layer_lambdas: norm=0.0381, fc_norm=0.0373, head_drop=0.0373, head=0.0373                                                                        
[FedLateGram Round 15] avg task: 0.7617 | avg gram: 0.0219 | avg prox_clf: 0.0300                                                                           
ROUND 15 FINISHED in 66.42s (Avg: 65.83s)                                                                                                                   
  [FedLateGram] Saved checkpoint after round 15 →                                                                                                           
/home/luis.mendezl/Thesis/logs/runs/cifar10/fedlategram/vit_tiny/alpha0.1/seed123/checkpoints/training_state.pt                                             
---------------------------- ROUND 16/50 START ----------------------------                                                                                 
Selected clients: [4, 6, 5, 1, 9, 2, 0, 7, 3, 8]                                                                                                            
  [Client 4] Starting local training...                                                                                                                     
  [Client 4] Finished training in 6.57s                                                                                                                     
  [Client 6] Starting local training...                                                                                                                     
  [Client 6] Finished training in 6.26s                                                                                                                     
  [Client 5] Starting local training...                                                                                                                     
  [Client 5] Finished training in 11.23s                                                                                                                    
  [Client 1] Starting local training...                                                                                                                     
  [Client 1] Finished training in 5.70s                                                                                                                     
  [Client 9] Starting local training...                                                                                                                     
  [Client 9] Finished training in 11.62s                                                                                                                    
  [Client 2] Starting local training...                                                                                                                     
  [Client 2] Finished training in 3.07s                                                                                                                     
  [Client 0] Starting local training...                                                                                                                     
  [Client 0] Finished training in 5.27s                                                                                                                     
  [Client 7] Starting local training...                                                                                                                     
  [Client 7] Finished training in 3.74s                                                                                                                     
  [Client 3] Starting local training...                                                                                                                     
  [Client 3] Finished training in 6.94s                                                                                                                     
  [Client 8] Starting local training...                                                                                                                     
  [Client 8] Finished training in 4.47s                                                                                                                     
[Round 15] layer_lambdas: norm=0.0314, fc_norm=0.0395, head_drop=0.0395, head=0.0395                                                                        
[FedLateGram Round 16] avg task: 0.7523 | avg gram: 0.0213 | avg prox_clf: 0.0307                                                                           
ROUND 16 FINISHED in 66.02s (Avg: 65.85s)                                                                                                                   
  [FedLateGram] Saved checkpoint after round 16 →                                                                                                           
/home/luis.mendezl/Thesis/logs/runs/cifar10/fedlategram/vit_tiny/alpha0.1/seed123/checkpoints/training_state.pt                                             
---------------------------- ROUND 17/50 START ----------------------------                                                                                 
Selected clients: [6, 0, 2, 3, 5, 8, 7, 1, 9, 4]                                                                                                            
  [Client 6] Starting local training...                                                                                                                     
  [Client 6] Finished training in 6.60s                                                                                                                     
  [Client 0] Starting local training...                                                                                                                     
  [Client 0] Finished training in 4.97s                                                                                                                     
  [Client 2] Starting local training...                                                                                                                     
  [Client 2] Finished training in 3.13s                                                                                                                     
  [Client 3] Starting local training...                                                                                                                     
  [Client 3] Finished training in 7.19s                                                                                                                     
  [Client 5] Starting local training...                                                                                                                     
  [Client 5] Finished training in 11.97s                                                                                                                    
  [Client 8] Starting local training...                                                                                                                     
  [Client 8] Finished training in 4.37s                                                                                                                     
  [Client 7] Starting local training...                                                                                                                     
  [Client 7] Finished training in 3.79s                                                                                                                     
  [Client 1] Starting local training...                                                                                                                     
  [Client 1] Finished training in 5.69s                                                                                                                     
  [Client 9] Starting local training...                                                                                                                     
  [Client 9] Finished training in 10.83s                                                                                                                    
  [Client 4] Starting local training...                                                                                                                     
  [Client 4] Finished training in 7.09s                                                                                                                     
[Round 16] layer_lambdas: norm=0.0359, fc_norm=0.0380, head_drop=0.0380, head=0.0380                                                                        
[FedLateGram Round 17] avg task: 0.7351 | avg gram: 0.0220 | avg prox_clf: 0.0299                                                                           
ROUND 17 FINISHED in 66.78s (Avg: 65.90s)                                                                                                                   
  [FedLateGram] Saved checkpoint after round 17 →                                                                                                           
/home/luis.mendezl/Thesis/logs/runs/cifar10/fedlategram/vit_tiny/alpha0.1/seed123/checkpoints/training_state.pt                                             
---------------------------- ROUND 18/50 START ----------------------------                                                                                 
Selected clients: [6, 0, 2, 4, 7, 9, 1, 3, 8, 5]                                                                                                            
  [Client 6] Starting local training...                                                                                                                     
  [Client 6] Finished training in 7.67s                                                                                                                     
  [Client 0] Starting local training...                                                                                                                     
  [Client 0] Finished training in 5.40s                                                                                                                     
  [Client 2] Starting local training...                                                                                                                     
  [Client 2] Finished training in 2.74s                                                                                                                     
  [Client 4] Starting local training...                                                                                                                     
  [Client 4] Finished training in 6.52s                                                                                                                     
  [Client 7] Starting local training...                                                                                                                     
  [Client 7] Finished training in 3.71s                                                                                                                     
  [Client 9] Starting local training...                                                                                                                     
  [Client 9] Finished training in 10.75s                                                                                                                    
  [Client 1] Starting local training...                                                                                                                     
  [Client 1] Finished training in 5.96s                                                                                                                     
  [Client 3] Starting local training...                                                                                                                     
  [Client 3] Finished training in 6.55s                                                                                                                     
  [Client 8] Starting local training...                                                                                                                     
  [Client 8] Finished training in 3.99s                                                                                                                     
  [Client 5] Starting local training...                                                                                                                     
  [Client 5] Finished training in 11.49s                                                                                                                    
[Round 17] layer_lambdas: norm=0.0359, fc_norm=0.0380, head_drop=0.0380, head=0.0380                                                                        
[FedLateGram Round 18] avg task: 0.7296 | avg gram: 0.0212 | avg prox_clf: 0.0292                                                                           
ROUND 18 FINISHED in 65.85s (Avg: 65.90s)                                                                                                                   
  [FedLateGram] Saved checkpoint after round 18 →                                                                                                           
/home/luis.mendezl/Thesis/logs/runs/cifar10/fedlategram/vit_tiny/alpha0.1/seed123/checkpoints/training_state.pt                                             
---------------------------- ROUND 19/50 START ----------------------------                                                                                 
Selected clients: [3, 5, 1, 2, 4, 7, 8, 9, 6, 0]                                                                                                            
  [Client 3] Starting local training...                                                                                                                     
  [Client 3] Finished training in 7.25s                                                                                                                     
  [Client 5] Starting local training...                                                                                                                     
  [Client 5] Finished training in 11.94s                                                                                                                    
  [Client 1] Starting local training...                                                                                                                     
  [Client 1] Finished training in 5.02s                                                                                                                     
  [Client 2] Starting local training...                                                                                                                     
  [Client 2] Finished training in 2.79s                                                                                                                     
  [Client 4] Starting local training...                                                                                                                     
  [Client 4] Finished training in 7.00s                                                                                                                     
  [Client 7] Starting local training...                                                                                                                     
  [Client 7] Finished training in 3.81s                                                                                                                     
  [Client 8] Starting local training...                                                                                                                     
  [Client 8] Finished training in 4.50s                                                                                                                     
  [Client 9] Starting local training...                                                                                                                     
  [Client 9] Finished training in 10.16s                                                                                                                    
  [Client 6] Starting local training...                                                                                                                     
  [Client 6] Finished training in 6.52s                                                                                                                     
  [Client 0] Starting local training...                                                                                                                     
  [Client 0] Finished training in 5.02s                                                                                                                     
[Round 18] layer_lambdas: norm=0.0327, fc_norm=0.0391, head_drop=0.0391, head=0.0391                                                                        
[FedLateGram Round 19] avg task: 0.7278 | avg gram: 0.0211 | avg prox_clf: 0.0285                                                                           
ROUND 19 FINISHED in 65.19s (Avg: 65.86s)                                                                                                                   
  [FedLateGram] Saved checkpoint after round 19 →                                                                                                           
/home/luis.mendezl/Thesis/logs/runs/cifar10/fedlategram/vit_tiny/alpha0.1/seed123/checkpoints/training_state.pt                                             
---------------------------- ROUND 20/50 START ----------------------------                                                                                 
Selected clients: [0, 8, 1, 7, 4, 6, 9, 3, 5, 2]                                                                                                            
  [Client 0] Starting local training...                                                                                                                     
  [Client 0] Finished training in 4.89s                                                                                                                     
client [0]  (testset)   loss: 1.6951 -> 1.0124  accuracy: 41.24% -> 65.98%                                                                                  
  [Client 8] Starting local training...                                                                                                                     
  [Client 8] Finished training in 4.09s                                                                                                                     
client [8]  (testset)   loss: 1.6685 -> 0.3773  accuracy: 23.53% -> 88.24%                                                                                  
  [Client 1] Starting local training...                                                                                                                     
  [Client 1] Finished training in 5.63s                                                                                                                     
client [1]  (testset)   loss: 1.6239 -> 0.5294  accuracy: 55.12% -> 81.10%                                                                                  
  [Client 7] Starting local training...                                                                                                                     
  [Client 7] Finished training in 3.84s                                                                                                                     
client [7]  (testset)   loss: 1.7128 -> 0.5452  accuracy: 15.79% -> 85.96%                                                                                  
  [Client 4] Starting local training...                                                                                                                     
  [Client 4] Finished training in 7.02s                                                                                                                     
client [4]  (testset)   loss: 2.1765 -> 0.7434  accuracy: 12.42% -> 72.67%                                                                                  
  [Client 6] Starting local training...                                                                                                                     
  [Client 6] Finished training in 6.98s                                                                                                                     
client [6]  (testset)   loss: 2.0616 -> 0.7333  accuracy: 19.63% -> 70.55%                                                                                  
  [Client 9] Starting local training...                                                                                                                     
  [Client 9] Finished training in 11.27s                                                                                                                    
client [9]  (testset)   loss: 1.6584 -> 1.0004  accuracy: 33.56% -> 59.73%                                                                                  
  [Client 3] Starting local training...                                                                                                                     
  [Client 3] Finished training in 6.68s                                                                                                                     
client [3]  (testset)   loss: 1.9073 -> 0.4924  accuracy: 32.10% -> 82.72%                                                                                  
  [Client 5] Starting local training...                                                                                                                     
  [Client 5] Finished training in 11.33s                                                                                                                    
client [5]  (testset)   loss: 1.7840 -> 0.8515  accuracy: 35.26% -> 64.42%                                                                                  
  [Client 2] Starting local training...                                                                                                                     
  [Client 2] Finished training in 3.05s                                                                                                                     
client [2]  (testset)   loss: 1.9879 -> 0.8871  accuracy: 17.14% -> 62.86%                                                                                  
[Round 19] layer_lambdas: norm=0.0327, fc_norm=0.0391, head_drop=0.0391, head=0.0391                                                                        
[FedLateGram Round 20] avg task: 0.7158 | avg gram: 0.0230 | avg prox_clf: 0.0295                                                                           
  [CKA] Saved checkpoints for round 20 (10 clients) →                                                                                                       
/home/luis.mendezl/Thesis/logs/runs/cifar10/fedlategram/vit_tiny/alpha0.1/seed123/checkpoints/round_0020                                                    
ROUND 20 FINISHED in 68.40s (Avg: 65.99s)                                                                                                                   
  [FedLateGram] Saved checkpoint after round 20 →                                                                                                           
/home/luis.mendezl/Thesis/logs/runs/cifar10/fedlategram/vit_tiny/alpha0.1/seed123/checkpoints/training_state.pt                                             
---------------------------- ROUND 21/50 START ----------------------------                                                                                 
Selected clients: [1, 5, 9, 2, 4, 8, 7, 6, 0, 3]                                                                                                            
  [Client 1] Starting local training...                                                                                                                     
  [Client 1] Finished training in 5.04s                                                                                                                     
  [Client 5] Starting local training...                                                                                                                     
  [Client 5] Finished training in 12.04s                                                                                                                    
  [Client 9] Starting local training...                                                                                                                     
  [Client 9] Finished training in 10.39s                                                                                                                    
  [Client 2] Starting local training...                                                                                                                     
  [Client 2] Finished training in 3.19s                                                                                                                     
  [Client 4] Starting local training...                                                                                                                     
  [Client 4] Finished training in 7.08s                                                                                                                     
  [Client 8] Starting local training...                                                                                                                     
  [Client 8] Finished training in 4.31s                                                                                                                     
  [Client 7] Starting local training...                                                                                                                     
  [Client 7] Finished training in 3.60s                                                                                                                     
  [Client 6] Starting local training...                                                                                                                     
  [Client 6] Finished training in 6.84s                                                                                                                     
  [Client 0] Starting local training...                                                                                                                     
  [Client 0] Finished training in 5.04s                                                                                                                     
  [Client 3] Starting local training...                                                                                                                     
  [Client 3] Finished training in 6.99s                                                                                                                     
[Round 20] layer_lambdas: norm=0.0316, fc_norm=0.0395, head_drop=0.0395, head=0.0395                                                                        
[FedLateGram Round 21] avg task: 0.7164 | avg gram: 0.0219 | avg prox_clf: 0.0293                                                                           
ROUND 21 FINISHED in 65.72s (Avg: 65.97s)                                                                                                                   
  [FedLateGram] Saved checkpoint after round 21 →                                                                                                           
/home/luis.mendezl/Thesis/logs/runs/cifar10/fedlategram/vit_tiny/alpha0.1/seed123/checkpoints/training_state.pt                                             
---------------------------- ROUND 22/50 START ----------------------------                                                                                 
Selected clients: [7, 6, 0, 2, 5, 4, 3, 1, 8, 9]                                                                                                            
  [Client 7] Starting local training...                                                                                                                     
  [Client 7] Finished training in 3.63s                                                                                                                     
  [Client 6] Starting local training...                                                                                                                     
  [Client 6] Finished training in 7.04s                                                                                                                     
  [Client 0] Starting local training...                                                                                                                     
  [Client 0] Finished training in 4.84s                                                                                                                     
  [Client 2] Starting local training...                                                                                                                     
  [Client 2] Finished training in 2.71s                                                                                                                     
  [Client 5] Starting local training...                                                                                                                     
  [Client 5] Finished training in 12.05s                                                                                                                    
  [Client 4] Starting local training...                                                                                                                     
  [Client 4] Finished training in 7.32s                                                                                                                     
  [Client 3] Starting local training...                                                                                                                     
  [Client 3] Finished training in 6.87s                                                                                                                     
  [Client 1] Starting local training...                                                                                                                     
  [Client 1] Finished training in 5.71s                                                                                                                     
  [Client 8] Starting local training...                                                                                                                     
  [Client 8] Finished training in 4.28s                                                                                                                     
  [Client 9] Starting local training...                                                                                                                     
  [Client 9] Finished training in 11.26s                                                                                                                    
[Round 21] layer_lambdas: norm=0.0348, fc_norm=0.0384, head_drop=0.0384, head=0.0384                                                                        
[FedLateGram Round 22] avg task: 0.7129 | avg gram: 0.0208 | avg prox_clf: 0.0284                                                                           
ROUND 22 FINISHED in 66.93s (Avg: 66.02s)                                                                                                                   
  [FedLateGram] Saved checkpoint after round 22 →                                                                                                           
/home/luis.mendezl/Thesis/logs/runs/cifar10/fedlategram/vit_tiny/alpha0.1/seed123/checkpoints/training_state.pt                                             
---------------------------- ROUND 23/50 START ----------------------------                                                                                 
Selected clients: [8, 2, 0, 6, 4, 5, 3, 1, 7, 9]                                                                                                            
  [Client 8] Starting local training...                                                                                                                     
  [Client 8] Finished training in 4.15s                                                                                                                     
  [Client 2] Starting local training...                                                                                                                     
  [Client 2] Finished training in 2.88s                                                                                                                     
  [Client 0] Starting local training...                                                                                                                     
  [Client 0] Finished training in 5.00s                                                                                                                     
  [Client 6] Starting local training...                                                                                                                     
  [Client 6] Finished training in 7.43s                                                                                                                     
  [Client 4] Starting local training...                                                                                                                     
  [Client 4] Finished training in 7.05s                                                                                                                     
  [Client 5] Starting local training...                                                                                                                     
  [Client 5] Finished training in 10.99s                                                                                                                    
  [Client 3] Starting local training...                                                                                                                     
  [Client 3] Finished training in 6.27s                                                                                                                     
  [Client 1] Starting local training...                                                                                                                     
  [Client 1] Finished training in 5.62s                                                                                                                     
  [Client 7] Starting local training...                                                                                                                     
  [Client 7] Finished training in 3.69s                                                                                                                     
  [Client 9] Starting local training...                                                                                                                     
  [Client 9] Finished training in 10.46s                                                                                                                    
[Round 22] layer_lambdas: norm=0.0310, fc_norm=0.0397, head_drop=0.0397, head=0.0397                                                                        
[FedLateGram Round 23] avg task: 0.6819 | avg gram: 0.0209 | avg prox_clf: 0.0288                                                                           
ROUND 23 FINISHED in 64.75s (Avg: 65.96s)                                                                                                                   
  [FedLateGram] Saved checkpoint after round 23 →                                                                                                           
/home/luis.mendezl/Thesis/logs/runs/cifar10/fedlategram/vit_tiny/alpha0.1/seed123/checkpoints/training_state.pt                                             
---------------------------- ROUND 24/50 START ----------------------------                                                                                 
Selected clients: [5, 7, 9, 8, 3, 2, 4, 0, 1, 6]                                                                                                            
  [Client 5] Starting local training...                                                                                                                     
  [Client 5] Finished training in 12.06s                                                                                                                    
  [Client 7] Starting local training...                                                                                                                     
  [Client 7] Finished training in 3.43s                                                                                                                     
  [Client 9] Starting local training...                                                                                                                     
  [Client 9] Finished training in 11.67s                                                                                                                    
  [Client 8] Starting local training...                                                                                                                     
  [Client 8] Finished training in 4.17s                                                                                                                     
  [Client 3] Starting local training...                                                                                                                     
  [Client 3] Finished training in 6.68s                                                                                                                     
  [Client 2] Starting local training...                                                                                                                     
  [Client 2] Finished training in 2.70s                                                                                                                     
  [Client 4] Starting local training...                                                                                                                     
  [Client 4] Finished training in 6.76s                                                                                                                     
  [Client 0] Starting local training...                                                                                                                     
  [Client 0] Finished training in 5.25s                                                                                                                     
  [Client 1] Starting local training...                                                                                                                     
  [Client 1] Finished training in 5.45s                                                                                                                     
  [Client 6] Starting local training...                                                                                                                     
  [Client 6] Finished training in 6.48s                                                                                                                     
[Round 23] layer_lambdas: norm=0.0303, fc_norm=0.0399, head_drop=0.0399, head=0.0399                                                                        
[FedLateGram Round 24] avg task: 0.6793 | avg gram: 0.0210 | avg prox_clf: 0.0278                                                                           
ROUND 24 FINISHED in 65.77s (Avg: 65.95s)                                                                                                                   
  [FedLateGram] Saved checkpoint after round 24 →                                                                                                           
/home/luis.mendezl/Thesis/logs/runs/cifar10/fedlategram/vit_tiny/alpha0.1/seed123/checkpoints/training_state.pt                                             
---------------------------- ROUND 25/50 START ----------------------------                                                                                 
Selected clients: [3, 2, 6, 7, 0, 9, 4, 8, 1, 5]                                                                                                            
  [Client 3] Starting local training...                                                                                                                     
  [Client 3] Finished training in 7.59s                                                                                                                     
  [Client 2] Starting local training...                                                                                                                     
  [Client 2] Finished training in 3.12s                                                                                                                     
  [Client 6] Starting local training...                                                                                                                     
  [Client 6] Finished training in 6.45s                                                                                                                     
  [Client 7] Starting local training...                                                                                                                     
  [Client 7] Finished training in 3.72s                                                                                                                     
  [Client 0] Starting local training...                                                                                                                     
  [Client 0] Finished training in 5.33s                                                                                                                     
  [Client 9] Starting local training...                                                                                                                     
  [Client 9] Finished training in 10.77s                                                                                                                    
  [Client 4] Starting local training...                                                                                                                     
  [Client 4] Finished training in 6.47s                                                                                                                     
  [Client 8] Starting local training...                                                                                                                     
  [Client 8] Finished training in 4.47s                                                                                                                     
  [Client 1] Starting local training...                                                                                                                     
  [Client 1] Finished training in 5.88s                                                                                                                     
  [Client 5] Starting local training...                                                                                                                     
  [Client 5] Finished training in 11.69s                                                                                                                    
[Round 24] layer_lambdas: norm=0.0369, fc_norm=0.0377, head_drop=0.0377, head=0.0377                                                                        
[FedLateGram Round 25] avg task: 0.6794 | avg gram: 0.0204 | avg prox_clf: 0.0278                                                                           
ROUND 25 FINISHED in 66.62s (Avg: 65.98s)                                                                                                                   
  [FedLateGram] Saved checkpoint after round 25 →                                                                                                           
/home/luis.mendezl/Thesis/logs/runs/cifar10/fedlategram/vit_tiny/alpha0.1/seed123/checkpoints/training_state.pt                                             
---------------------------- ROUND 26/50 START ----------------------------                                                                                 
Selected clients: [8, 6, 5, 0, 2, 9, 7, 3, 1, 4]                                                                                                            
  [Client 8] Starting local training...                                                                                                                     
  [Client 8] Finished training in 4.38s                                                                                                                     
  [Client 6] Starting local training...                                                                                                                     
  [Client 6] Finished training in 6.47s                                                                                                                     
  [Client 5] Starting local training...                                                                                                                     
  [Client 5] Finished training in 11.06s                                                                                                                    
  [Client 0] Starting local training...                                                                                                                     
  [Client 0] Finished training in 5.29s                                                                                                                     
  [Client 2] Starting local training...                                                                                                                     
  [Client 2] Finished training in 2.90s                                                                                                                     
  [Client 9] Starting local training...                                                                                                                     
  [Client 9] Finished training in 11.98s                                                                                                                    
  [Client 7] Starting local training...                                                                                                                     
  [Client 7] Finished training in 3.86s                                                                                                                     
  [Client 3] Starting local training...                                                                                                                     
  [Client 3] Finished training in 6.43s                                                                                                                     
  [Client 1] Starting local training...                                                                                                                     
  [Client 1] Finished training in 6.04s                                                                                                                     
  [Client 4] Starting local training...                                                                                                                     
  [Client 4] Finished training in 6.80s                                                                                                                     
[Round 25] layer_lambdas: norm=0.0262, fc_norm=0.0413, head_drop=0.0413, head=0.0413                                                                        
[FedLateGram Round 26] avg task: 0.6892 | avg gram: 0.0203 | avg prox_clf: 0.0280                                                                           
ROUND 26 FINISHED in 66.32s (Avg: 65.99s)                                                                                                                   
  [FedLateGram] Saved checkpoint after round 26 →                                                                                                           
/home/luis.mendezl/Thesis/logs/runs/cifar10/fedlategram/vit_tiny/alpha0.1/seed123/checkpoints/training_state.pt                                             
---------------------------- ROUND 27/50 START ----------------------------                                                                                 
Selected clients: [6, 0, 9, 2, 8, 3, 7, 5, 1, 4]                                                                                                            
  [Client 6] Starting local training...                                                                                                                     
  [Client 6] Finished training in 6.56s                                                                                                                     
  [Client 0] Starting local training...                                                                                                                     
  [Client 0] Finished training in 5.10s                                                                                                                     
  [Client 9] Starting local training...                                                                                                                     
  [Client 9] Finished training in 11.13s                                                                                                                    
  [Client 2] Starting local training...                                                                                                                     
  [Client 2] Finished training in 3.09s                                                                                                                     
  [Client 8] Starting local training...                                                                                                                     
  [Client 8] Finished training in 4.29s                                                                                                                     
  [Client 3] Starting local training...                                                                                                                     
  [Client 3] Finished training in 6.33s                                                                                                                     
  [Client 7] Starting local training...                                                                                                                     
  [Client 7] Finished training in 4.16s                                                                                                                     
  [Client 5] Starting local training...                                                                                                                     
  [Client 5] Finished training in 11.91s                                                                                                                    
  [Client 1] Starting local training...                                                                                                                     
  [Client 1] Finished training in 6.12s                                                                                                                     
  [Client 4] Starting local training...                                                                                                                     
  [Client 4] Finished training in 7.27s                                                                                                                     
[Round 26] layer_lambdas: norm=0.0359, fc_norm=0.0380, head_drop=0.0380, head=0.0380                                                                        
[FedLateGram Round 27] avg task: 0.6689 | avg gram: 0.0205 | avg prox_clf: 0.0272                                                                           
ROUND 27 FINISHED in 67.11s (Avg: 66.04s)                                                                                                                   
  [FedLateGram] Saved checkpoint after round 27 →                                                                                                           
/home/luis.mendezl/Thesis/logs/runs/cifar10/fedlategram/vit_tiny/alpha0.1/seed123/checkpoints/training_state.pt                                             
---------------------------- ROUND 28/50 START ----------------------------                                                                                 
Selected clients: [7, 5, 3, 8, 9, 4, 2, 1, 0, 6]                                                                                                            
  [Client 7] Starting local training...                                                                                                                     
  [Client 7] Finished training in 3.54s                                                                                                                     
  [Client 5] Starting local training...                                                                                                                     
  [Client 5] Finished training in 11.69s                                                                                                                    
  [Client 3] Starting local training...                                                                                                                     
  [Client 3] Finished training in 7.19s                                                                                                                     
  [Client 8] Starting local training...                                                                                                                     
  [Client 8] Finished training in 4.37s                                                                                                                     
  [Client 9] Starting local training...                                                                                                                     
  [Client 9] Finished training in 11.07s                                                                                                                    
  [Client 4] Starting local training...                                                                                                                     
  [Client 4] Finished training in 6.60s                                                                                                                     
  [Client 2] Starting local training...                                                                                                                     
  [Client 2] Finished training in 2.78s                                                                                                                     
  [Client 1] Starting local training...                                                                                                                     
  [Client 1] Finished training in 5.28s                                                                                                                     
  [Client 0] Starting local training...                                                                                                                     
  [Client 0] Finished training in 4.54s                                                                                                                     
  [Client 6] Starting local training...                                                                                                                     
  [Client 6] Finished training in 7.12s                                                                                                                     
[Round 27] layer_lambdas: norm=0.0260, fc_norm=0.0413, head_drop=0.0413, head=0.0413                                                                        
[FedLateGram Round 28] avg task: 0.6721 | avg gram: 0.0198 | avg prox_clf: 0.0272                                                                           
ROUND 28 FINISHED in 65.30s (Avg: 66.01s)                                                                                                                   
  [FedLateGram] Saved checkpoint after round 28 →                                                                                                           
/home/luis.mendezl/Thesis/logs/runs/cifar10/fedlategram/vit_tiny/alpha0.1/seed123/checkpoints/training_state.pt                                             
---------------------------- ROUND 29/50 START ----------------------------                                                                                 
Selected clients: [1, 0, 6, 5, 3, 9, 7, 2, 8, 4]                                                                                                            
  [Client 1] Starting local training...                                                                                                                     
  [Client 1] Finished training in 5.21s                                                                                                                     
  [Client 0] Starting local training...                                                                                                                     
  [Client 0] Finished training in 4.74s                                                                                                                     
  [Client 6] Starting local training...                                                                                                                     
  [Client 6] Finished training in 7.30s                                                                                                                     
  [Client 5] Starting local training...                                                                                                                     
  [Client 5] Finished training in 10.98s                                                                                                                    
  [Client 3] Starting local training...                                                                                                                     
  [Client 3] Finished training in 6.64s                                                                                                                     
  [Client 9] Starting local training...                                                                                                                     
  [Client 9] Finished training in 11.70s                                                                                                                    
  [Client 7] Starting local training...                                                                                                                     
  [Client 7] Finished training in 3.69s                                                                                                                     
  [Client 2] Starting local training...                                                                                                                     
  [Client 2] Finished training in 3.18s                                                                                                                     
  [Client 8] Starting local training...                                                                                                                     
  [Client 8] Finished training in 4.54s                                                                                                                     
  [Client 4] Starting local training...                                                                                                                     
  [Client 4] Finished training in 6.91s                                                                                                                     
[Round 28] layer_lambdas: norm=0.0316, fc_norm=0.0395, head_drop=0.0395, head=0.0395                                                                        
[FedLateGram Round 29] avg task: 0.6688 | avg gram: 0.0205 | avg prox_clf: 0.0277                                                                           
ROUND 29 FINISHED in 66.00s (Avg: 66.01s)                                                                                                                   
  [FedLateGram] Saved checkpoint after round 29 →                                                                                                           
/home/luis.mendezl/Thesis/logs/runs/cifar10/fedlategram/vit_tiny/alpha0.1/seed123/checkpoints/training_state.pt                                             
---------------------------- ROUND 30/50 START ----------------------------                                                                                 
Selected clients: [8, 2, 5, 6, 9, 1, 0, 4, 7, 3]                                                                                                            
  [Client 8] Starting local training...                                                                                                                     
  [Client 8] Finished training in 3.91s                                                                                                                     
client [8]  (testset)   loss: 1.6158 -> 0.2922  accuracy: 25.88% -> 92.94%                                                                                  
  [Client 2] Starting local training...                                                                                                                     
  [Client 2] Finished training in 3.82s                                                                                                                     
client [2]  (testset)   loss: 2.0174 -> 0.7737  accuracy: 20.00% -> 60.00%                                                                                  
  [Client 5] Starting local training...                                                                                                                     
  [Client 5] Finished training in 11.96s                                                                                                                    
client [5]  (testset)   loss: 1.6983 -> 0.8474  accuracy: 38.78% -> 60.58%                                                                                  
  [Client 6] Starting local training...                                                                                                                     
  [Client 6] Finished training in 6.53s                                                                                                                     
client [6]  (testset)   loss: 1.7700 -> 0.7441  accuracy: 28.22% -> 73.62%                                                                                  
  [Client 9] Starting local training...                                                                                                                     
  [Client 9] Finished training in 11.67s                                                                                                                    
client [9]  (testset)   loss: 1.7780 -> 0.8137  accuracy: 33.89% -> 67.11%                                                                                  
  [Client 1] Starting local training...                                                                                                                     
  [Client 1] Finished training in 5.52s                                                                                                                     
client [1]  (testset)   loss: 1.4779 -> 0.6813  accuracy: 54.33% -> 78.74%                                                                                  
  [Client 0] Starting local training...                                                                                                                     
  [Client 0] Finished training in 4.95s                                                                                                                     
client [0]  (testset)   loss: 1.6814 -> 1.0830  accuracy: 39.18% -> 58.76%                                                                                  
  [Client 4] Starting local training...                                                                                                                     
  [Client 4] Finished training in 7.40s                                                                                                                     
client [4]  (testset)   loss: 2.0940 -> 0.6894  accuracy: 13.04% -> 73.29%                                                                                  
  [Client 7] Starting local training...                                                                                                                     
  [Client 7] Finished training in 3.70s                                                                                                                     
client [7]  (testset)   loss: 1.6280 -> 0.6022  accuracy: 19.30% -> 84.21%                                                                                  
  [Client 3] Starting local training...                                                                                                                     
  [Client 3] Finished training in 6.73s                                                                                                                     
client [3]  (testset)   loss: 1.9563 -> 0.5217  accuracy: 32.10% -> 81.48%                                                                                  
[Round 29] layer_lambdas: norm=0.0299, fc_norm=0.0400, head_drop=0.0400, head=0.0400                                                                        
[FedLateGram Round 30] avg task: 0.6649 | avg gram: 0.0210 | avg prox_clf: 0.0278                                                                           
  [CKA] Saved checkpoints for round 30 (10 clients) →                                                                                                       
/home/luis.mendezl/Thesis/logs/runs/cifar10/fedlategram/vit_tiny/alpha0.1/seed123/checkpoints/round_0030                                                    
ROUND 30 FINISHED in 69.73s (Avg: 66.13s)                                                                                                                   
  [FedLateGram] Saved checkpoint after round 30 →                                                                                                           
/home/luis.mendezl/Thesis/logs/runs/cifar10/fedlategram/vit_tiny/alpha0.1/seed123/checkpoints/training_state.pt                                             
---------------------------- ROUND 31/50 START ----------------------------                                                                                 
Selected clients: [5, 6, 3, 9, 0, 2, 4, 8, 1, 7]                                                                                                            
  [Client 5] Starting local training...                                                                                                                     
  [Client 5] Finished training in 11.68s                                                                                                                    
  [Client 6] Starting local training...                                                                                                                     
  [Client 6] Finished training in 7.21s                                                                                                                     
  [Client 3] Starting local training...                                                                                                                     
  [Client 3] Finished training in 6.42s                                                                                                                     
  [Client 9] Starting local training...                                                                                                                     
  [Client 9] Finished training in 11.65s                                                                                                                    
  [Client 0] Starting local training...                                                                                                                     
  [Client 0] Finished training in 4.98s                                                                                                                     
  [Client 2] Starting local training...                                                                                                                     
  [Client 2] Finished training in 3.17s                                                                                                                     
  [Client 4] Starting local training...                                                                                                                     
  [Client 4] Finished training in 7.29s                                                                                                                     
  [Client 8] Starting local training...                                                                                                                     
  [Client 8] Finished training in 4.02s                                                                                                                     
  [Client 1] Starting local training...                                                                                                                     
  [Client 1] Finished training in 5.64s                                                                                                                     
  [Client 7] Starting local training...                                                                                                                     
  [Client 7] Finished training in 3.48s                                                                                                                     
[Round 30] layer_lambdas: norm=0.0316, fc_norm=0.0395, head_drop=0.0395, head=0.0395                                                                        
[FedLateGram Round 31] avg task: 0.6491 | avg gram: 0.0204 | avg prox_clf: 0.0274                                                                           
ROUND 31 FINISHED in 66.67s (Avg: 66.15s)                                                                                                                   
  [FedLateGram] Saved checkpoint after round 31 →                                                                                                           
/home/luis.mendezl/Thesis/logs/runs/cifar10/fedlategram/vit_tiny/alpha0.1/seed123/checkpoints/training_state.pt                                             
---------------------------- ROUND 32/50 START ----------------------------                                                                                 
Selected clients: [6, 0, 8, 3, 5, 1, 4, 7, 9, 2]                                                                                                            
  [Client 6] Starting local training...                                                                                                                     
  [Client 6] Finished training in 7.48s                                                                                                                     
  [Client 0] Starting local training...                                                                                                                     
  [Client 0] Finished training in 5.12s                                                                                                                     
  [Client 8] Starting local training...                                                                                                                     
  [Client 8] Finished training in 4.47s                                                                                                                     
  [Client 3] Starting local training...                                                                                                                     
  [Client 3] Finished training in 7.13s                                                                                                                     
  [Client 5] Starting local training...                                                                                                                     
  [Client 5] Finished training in 11.90s                                                                                                                    
  [Client 1] Starting local training...                                                                                                                     
  [Client 1] Finished training in 5.19s                                                                                                                     
  [Client 4] Starting local training...                                                                                                                     
  [Client 4] Finished training in 6.57s                                                                                                                     
  [Client 7] Starting local training...                                                                                                                     
  [Client 7] Finished training in 3.53s                                                                                                                     
  [Client 9] Starting local training...                                                                                                                     
  [Client 9] Finished training in 11.45s                                                                                                                    
  [Client 2] Starting local training...                                                                                                                     
  [Client 2] Finished training in 2.94s                                                                                                                     
[Round 31] layer_lambdas: norm=0.0260, fc_norm=0.0413, head_drop=0.0413, head=0.0413                                                                        
[FedLateGram Round 32] avg task: 0.6376 | avg gram: 0.0199 | avg prox_clf: 0.0270                                                                           
ROUND 32 FINISHED in 66.95s (Avg: 66.18s)                                                                                                                   
  [FedLateGram] Saved checkpoint after round 32 →                                                                                                           
/home/luis.mendezl/Thesis/logs/runs/cifar10/fedlategram/vit_tiny/alpha0.1/seed123/checkpoints/training_state.pt                                             
---------------------------- ROUND 33/50 START ----------------------------                                                                                 
Selected clients: [8, 3, 4, 9, 6, 1, 2, 5, 0, 7]                                                                                                            
  [Client 8] Starting local training...                                                                                                                     
  [Client 8] Finished training in 4.53s                                                                                                                     
  [Client 3] Starting local training...                                                                                                                     
  [Client 3] Finished training in 7.05s                                                                                                                     
  [Client 4] Starting local training...                                                                                                                     
  [Client 4] Finished training in 6.72s                                                                                                                     
  [Client 9] Starting local training...                                                                                                                     
  [Client 9] Finished training in 10.93s                                                                                                                    
  [Client 6] Starting local training...                                                                                                                     
  [Client 6] Finished training in 6.75s                                                                                                                     
  [Client 1] Starting local training...                                                                                                                     
  [Client 1] Finished training in 5.40s                                                                                                                     
  [Client 2] Starting local training...                                                                                                                     
  [Client 2] Finished training in 3.04s                                                                                                                     
  [Client 5] Starting local training...                                                                                                                     
  [Client 5] Finished training in 11.82s                                                                                                                    
  [Client 0] Starting local training...                                                                                                                     
  [Client 0] Finished training in 5.12s                                                                                                                     
  [Client 7] Starting local training...                                                                                                                     
  [Client 7] Finished training in 3.21s                                                                                                                     
[Round 32] layer_lambdas: norm=0.0289, fc_norm=0.0404, head_drop=0.0404, head=0.0404                                                                        
[FedLateGram Round 33] avg task: 0.6367 | avg gram: 0.0196 | avg prox_clf: 0.0259                                                                           
ROUND 33 FINISHED in 65.64s (Avg: 66.16s)                                                                                                                   
  [FedLateGram] Saved checkpoint after round 33 →                                                                                                           
/home/luis.mendezl/Thesis/logs/runs/cifar10/fedlategram/vit_tiny/alpha0.1/seed123/checkpoints/training_state.pt                                             
---------------------------- ROUND 34/50 START ----------------------------                                                                                 
Selected clients: [7, 8, 4, 6, 1, 9, 0, 2, 5, 3]                                                                                                            
  [Client 7] Starting local training...                                                                                                                     
  [Client 7] Finished training in 4.04s                                                                                                                     
  [Client 8] Starting local training...                                                                                                                     
  [Client 8] Finished training in 4.58s                                                                                                                     
  [Client 4] Starting local training...                                                                                                                     
  [Client 4] Finished training in 7.70s                                                                                                                     
  [Client 6] Starting local training...                                                                                                                     
  [Client 6] Finished training in 7.34s                                                                                                                     
  [Client 1] Starting local training...                                                                                                                     
  [Client 1] Finished training in 5.62s                                                                                                                     
  [Client 9] Starting local training...                                                                                                                     
  [Client 9] Finished training in 11.67s                                                                                                                    
  [Client 0] Starting local training...                                                                                                                     
  [Client 0] Finished training in 5.15s                                                                                                                     
  [Client 2] Starting local training...                                                                                                                     
  [Client 2] Finished training in 3.11s                                                                                                                     
  [Client 5] Starting local training...                                                                                                                     
  [Client 5] Finished training in 11.49s                                                                                                                    
  [Client 3] Starting local training...                                                                                                                     
  [Client 3] Finished training in 6.89s                                                                                                                     
[Round 33] layer_lambdas: norm=0.0261, fc_norm=0.0413, head_drop=0.0413, head=0.0413                                                                        
[FedLateGram Round 34] avg task: 0.6320 | avg gram: 0.0199 | avg prox_clf: 0.0271                                                                           
ROUND 34 FINISHED in 68.76s (Avg: 66.24s)                                                                                                                   
  [FedLateGram] Saved checkpoint after round 34 →                                                                                                           
/home/luis.mendezl/Thesis/logs/runs/cifar10/fedlategram/vit_tiny/alpha0.1/seed123/checkpoints/training_state.pt                                             
---------------------------- ROUND 35/50 START ----------------------------                                                                                 
Selected clients: [7, 1, 0, 4, 3, 5, 2, 9, 8, 6]                                                                                                            
  [Client 7] Starting local training...                                                                                                                     
  [Client 7] Finished training in 3.41s                                                                                                                     
  [Client 1] Starting local training...                                                                                                                     
  [Client 1] Finished training in 5.19s                                                                                                                     
  [Client 0] Starting local training...                                                                                                                     
  [Client 0] Finished training in 4.96s                                                                                                                     
  [Client 4] Starting local training...                                                                                                                     
  [Client 4] Finished training in 7.26s                                                                                                                     
  [Client 3] Starting local training...                                                                                                                     
  [Client 3] Finished training in 6.48s                                                                                                                     
  [Client 5] Starting local training...                                                                                                                     
  [Client 5] Finished training in 10.98s                                                                                                                    
  [Client 2] Starting local training...                                                                                                                     
  [Client 2] Finished training in 3.06s                                                                                                                     
  [Client 9] Starting local training...                                                                                                                     
  [Client 9] Finished training in 11.36s                                                                                                                    
  [Client 8] Starting local training...                                                                                                                     
  [Client 8] Finished training in 4.45s                                                                                                                     
  [Client 6] Starting local training...                                                                                                                     
  [Client 6] Finished training in 6.56s                                                                                                                     
[Round 34] layer_lambdas: norm=0.0312, fc_norm=0.0396, head_drop=0.0396, head=0.0396                                                                        
[FedLateGram Round 35] avg task: 0.6362 | avg gram: 0.0202 | avg prox_clf: 0.0262                                                                           
ROUND 35 FINISHED in 64.93s (Avg: 66.20s)                                                                                                                   
  [FedLateGram] Saved checkpoint after round 35 →                                                                                                           
/home/luis.mendezl/Thesis/logs/runs/cifar10/fedlategram/vit_tiny/alpha0.1/seed123/checkpoints/training_state.pt                                             
---------------------------- ROUND 36/50 START ----------------------------                                                                                 
Selected clients: [3, 9, 8, 0, 1, 5, 6, 4, 7, 2]                                                                                                            
  [Client 3] Starting local training...                                                                                                                     
  [Client 3] Finished training in 7.72s                                                                                                                     
  [Client 9] Starting local training...                                                                                                                     
  [Client 9] Finished training in 11.48s                                                                                                                    
  [Client 8] Starting local training...                                                                                                                     
  [Client 8] Finished training in 4.52s                                                                                                                     
  [Client 0] Starting local training...                                                                                                                     
  [Client 0] Finished training in 5.06s                                                                                                                     
  [Client 1] Starting local training...                                                                                                                     
  [Client 1] Finished training in 5.21s                                                                                                                     
  [Client 5] Starting local training...                                                                                                                     
  [Client 5] Finished training in 12.35s                                                                                                                    
  [Client 6] Starting local training...                                                                                                                     
  [Client 6] Finished training in 7.12s                                                                                                                     
  [Client 4] Starting local training...                                                                                                                     
  [Client 4] Finished training in 6.34s                                                                                                                     
  [Client 7] Starting local training...                                                                                                                     
  [Client 7] Finished training in 3.41s                                                                                                                     
  [Client 2] Starting local training...                                                                                                                     
  [Client 2] Finished training in 3.01s                                                                                                                     
[Round 35] layer_lambdas: norm=0.0265, fc_norm=0.0412, head_drop=0.0412, head=0.0412                                                                        
[FedLateGram Round 36] avg task: 0.6218 | avg gram: 0.0203 | avg prox_clf: 0.0263                                                                           
ROUND 36 FINISHED in 67.45s (Avg: 66.23s)                                                                                                                   
  [FedLateGram] Saved checkpoint after round 36 →                                                                                                           
/home/luis.mendezl/Thesis/logs/runs/cifar10/fedlategram/vit_tiny/alpha0.1/seed123/checkpoints/training_state.pt                                             
---------------------------- ROUND 37/50 START ----------------------------                                                                                 
Selected clients: [6, 5, 0, 7, 1, 3, 2, 9, 8, 4]                                                                                                            
  [Client 6] Starting local training...                                                                                                                     
  [Client 6] Finished training in 7.03s                                                                                                                     
  [Client 5] Starting local training...                                                                                                                     
  [Client 5] Finished training in 11.95s                                                                                                                    
  [Client 0] Starting local training...                                                                                                                     
  [Client 0] Finished training in 5.15s                                                                                                                     
  [Client 7] Starting local training...                                                                                                                     
  [Client 7] Finished training in 3.54s                                                                                                                     
  [Client 1] Starting local training...                                                                                                                     
  [Client 1] Finished training in 5.66s                                                                                                                     
  [Client 3] Starting local training...                                                                                                                     
  [Client 3] Finished training in 6.89s                                                                                                                     
  [Client 2] Starting local training...                                                                                                                     
  [Client 2] Finished training in 2.82s                                                                                                                     
  [Client 9] Starting local training...                                                                                                                     
  [Client 9] Finished training in 10.19s                                                                                                                    
  [Client 8] Starting local training...                                                                                                                     
  [Client 8] Finished training in 4.07s                                                                                                                     
  [Client 4] Starting local training...                                                                                                                     
  [Client 4] Finished training in 6.97s                                                                                                                     
[Round 36] layer_lambdas: norm=0.0301, fc_norm=0.0400, head_drop=0.0400, head=0.0400                                                                        
[FedLateGram Round 37] avg task: 0.6306 | avg gram: 0.0203 | avg prox_clf: 0.0258                                                                           
ROUND 37 FINISHED in 65.39s (Avg: 66.21s)                                                                                                                   
  [FedLateGram] Saved checkpoint after round 37 →                                                                                                           
/home/luis.mendezl/Thesis/logs/runs/cifar10/fedlategram/vit_tiny/alpha0.1/seed123/checkpoints/training_state.pt                                             
---------------------------- ROUND 38/50 START ----------------------------                                                                                 
Selected clients: [4, 5, 3, 9, 0, 2, 1, 7, 8, 6]                                                                                                            
  [Client 4] Starting local training...                                                                                                                     
  [Client 4] Finished training in 6.96s                                                                                                                     
  [Client 5] Starting local training...                                                                                                                     
  [Client 5] Finished training in 11.80s                                                                                                                    
  [Client 3] Starting local training...                                                                                                                     
  [Client 3] Finished training in 6.82s                                                                                                                     
  [Client 9] Starting local training...                                                                                                                     
  [Client 9] Finished training in 11.20s                                                                                                                    
  [Client 0] Starting local training...                                                                                                                     
  [Client 0] Finished training in 5.26s                                                                                                                     
  [Client 2] Starting local training...                                                                                                                     
  [Client 2] Finished training in 3.02s                                                                                                                     
  [Client 1] Starting local training...                                                                                                                     
  [Client 1] Finished training in 5.83s                                                                                                                     
  [Client 7] Starting local training...                                                                                                                     
  [Client 7] Finished training in 3.87s                                                                                                                     
  [Client 8] Starting local training...                                                                                                                     
  [Client 8] Finished training in 4.49s                                                                                                                     
  [Client 6] Starting local training...                                                                                                                     
  [Client 6] Finished training in 6.82s                                                                                                                     
[Round 37] layer_lambdas: norm=0.0290, fc_norm=0.0403, head_drop=0.0403, head=0.0403                                                                        
[FedLateGram Round 38] avg task: 0.6269 | avg gram: 0.0199 | avg prox_clf: 0.0255                                                                           
ROUND 38 FINISHED in 67.10s (Avg: 66.23s)                                                                                                                   
  [FedLateGram] Saved checkpoint after round 38 →                                                                                                           
/home/luis.mendezl/Thesis/logs/runs/cifar10/fedlategram/vit_tiny/alpha0.1/seed123/checkpoints/training_state.pt                                             
---------------------------- ROUND 39/50 START ----------------------------                                                                                 
Selected clients: [3, 8, 6, 9, 4, 1, 7, 0, 5, 2]                                                                                                            
  [Client 3] Starting local training...                                                                                                                     
  [Client 3] Finished training in 6.74s                                                                                                                     
  [Client 8] Starting local training...                                                                                                                     
  [Client 8] Finished training in 4.55s                                                                                                                     
  [Client 6] Starting local training...                                                                                                                     
  [Client 6] Finished training in 7.13s                                                                                                                     
  [Client 9] Starting local training...                                                                                                                     
  [Client 9] Finished training in 11.80s                                                                                                                    
  [Client 4] Starting local training...                                                                                                                     
  [Client 4] Finished training in 7.23s                                                                                                                     
  [Client 1] Starting local training...                                                                                                                     
  [Client 1] Finished training in 6.17s                                                                                                                     
  [Client 7] Starting local training...                                                                                                                     
  [Client 7] Finished training in 3.79s                                                                                                                     
  [Client 0] Starting local training...                                                                                                                     
  [Client 0] Finished training in 4.44s                                                                                                                     
  [Client 5] Starting local training...                                                                                                                     
  [Client 5] Finished training in 11.80s                                                                                                                    
  [Client 2] Starting local training...                                                                                                                     
  [Client 2] Finished training in 2.94s                                                                                                                     
[Round 38] layer_lambdas: norm=0.0285, fc_norm=0.0405, head_drop=0.0405, head=0.0405                                                                        
[FedLateGram Round 39] avg task: 0.6166 | avg gram: 0.0211 | avg prox_clf: 0.0267                                                                           
ROUND 39 FINISHED in 67.65s (Avg: 66.27s)                                                                                                                   
  [FedLateGram] Saved checkpoint after round 39 →                                                                                                           
/home/luis.mendezl/Thesis/logs/runs/cifar10/fedlategram/vit_tiny/alpha0.1/seed123/checkpoints/training_state.pt                                             
---------------------------- ROUND 40/50 START ----------------------------                                                                                 
Selected clients: [4, 2, 7, 5, 6, 0, 1, 9, 3, 8]                                                                                                            
  [Client 4] Starting local training...                                                                                                                     
  [Client 4] Finished training in 6.45s                                                                                                                     
client [4]  (testset)   loss: 2.0793 -> 0.6766  accuracy: 14.29% -> 73.29%                                                                                  
  [Client 2] Starting local training...                                                                                                                     
  [Client 2] Finished training in 3.01s                                                                                                                     
client [2]  (testset)   loss: 1.9253 -> 0.6861  accuracy: 20.00% -> 71.43%                                                                                  
  [Client 7] Starting local training...                                                                                                                     
  [Client 7] Finished training in 3.60s                                                                                                                     
client [7]  (testset)   loss: 1.5609 -> 0.4258  accuracy: 26.32% -> 85.96%                                                                                  
  [Client 5] Starting local training...                                                                                                                     
  [Client 5] Finished training in 10.48s                                                                                                                    
client [5]  (testset)   loss: 1.7757 -> 1.1059  accuracy: 32.05% -> 55.77%                                                                                  
  [Client 6] Starting local training...                                                                                                                     
  [Client 6] Finished training in 7.15s                                                                                                                     
client [6]  (testset)   loss: 1.7731 -> 0.7622  accuracy: 30.67% -> 72.39%                                                                                  
  [Client 0] Starting local training...                                                                                                                     
  [Client 0] Finished training in 4.80s                                                                                                                     
client [0]  (testset)   loss: 1.6598 -> 1.0292  accuracy: 41.24% -> 62.89%                                                                                  
  [Client 1] Starting local training...                                                                                                                     
  [Client 1] Finished training in 5.82s                                                                                                                     
client [1]  (testset)   loss: 1.6380 -> 0.7541  accuracy: 41.73% -> 77.17%                                                                                  
  [Client 9] Starting local training...                                                                                                                     
  [Client 9] Finished training in 11.62s                                                                                                                    
client [9]  (testset)   loss: 1.6718 -> 0.9611  accuracy: 37.92% -> 65.44%                                                                                  
  [Client 3] Starting local training...                                                                                                                     
  [Client 3] Finished training in 7.44s                                                                                                                     
client [3]  (testset)   loss: 2.0429 -> 0.5509  accuracy: 33.33% -> 80.25%                                                                                  
  [Client 8] Starting local training...                                                                                                                     
  [Client 8] Finished training in 4.46s                                                                                                                     
client [8]  (testset)   loss: 1.4903 -> 0.3097  accuracy: 44.71% -> 92.94%                                                                                  
[Round 39] layer_lambdas: norm=0.0280, fc_norm=0.0407, head_drop=0.0407, head=0.0407                                                                        
[FedLateGram Round 40] avg task: 0.6122 | avg gram: 0.0211 | avg prox_clf: 0.0248                                                                           
  [CKA] Saved checkpoints for round 40 (10 clients) →                                                                                                       
/home/luis.mendezl/Thesis/logs/runs/cifar10/fedlategram/vit_tiny/alpha0.1/seed123/checkpoints/round_0040                                                    
ROUND 40 FINISHED in 68.35s (Avg: 66.32s)                                                                                                                   
  [FedLateGram] Saved checkpoint after round 40 →                                                                                                           
/home/luis.mendezl/Thesis/logs/runs/cifar10/fedlategram/vit_tiny/alpha0.1/seed123/checkpoints/training_state.pt                                             
---------------------------- ROUND 41/50 START ----------------------------                                                                                 
Selected clients: [8, 0, 7, 4, 2, 5, 6, 9, 1, 3]                                                                                                            
  [Client 8] Starting local training...                                                                                                                     
  [Client 8] Finished training in 4.29s                                                                                                                     
  [Client 0] Starting local training...                                                                                                                     
  [Client 0] Finished training in 5.19s                                                                                                                     
  [Client 7] Starting local training...                                                                                                                     
  [Client 7] Finished training in 3.58s                                                                                                                     
  [Client 4] Starting local training...                                                                                                                     
  [Client 4] Finished training in 6.58s                                                                                                                     
  [Client 2] Starting local training...                                                                                                                     
  [Client 2] Finished training in 2.92s                                                                                                                     
  [Client 5] Starting local training...                                                                                                                     
  [Client 5] Finished training in 11.26s                                                                                                                    
  [Client 6] Starting local training...                                                                                                                     
  [Client 6] Finished training in 6.28s                                                                                                                     
  [Client 9] Starting local training...                                                                                                                     
  [Client 9] Finished training in 10.19s                                                                                                                    
  [Client 1] Starting local training...                                                                                                                     
  [Client 1] Finished training in 5.76s                                                                                                                     
  [Client 3] Starting local training...                                                                                                                     
  [Client 3] Finished training in 6.67s                                                                                                                     
[Round 40] layer_lambdas: norm=0.0287, fc_norm=0.0404, head_drop=0.0404, head=0.0404                                                                        
[FedLateGram Round 41] avg task: 0.5973 | avg gram: 0.0210 | avg prox_clf: 0.0260                                                                           
ROUND 41 FINISHED in 63.84s (Avg: 66.26s)                                                                                                                   
  [FedLateGram] Saved checkpoint after round 41 →                                                                                                           
/home/luis.mendezl/Thesis/logs/runs/cifar10/fedlategram/vit_tiny/alpha0.1/seed123/checkpoints/training_state.pt                                             
---------------------------- ROUND 42/50 START ----------------------------                                                                                 
Selected clients: [1, 8, 9, 4, 5, 2, 0, 6, 3, 7]                                                                                                            
  [Client 1] Starting local training...                                                                                                                     
  [Client 1] Finished training in 5.91s                                                                                                                     
  [Client 8] Starting local training...                                                                                                                     
  [Client 8] Finished training in 4.42s                                                                                                                     
  [Client 9] Starting local training...                                                                                                                     
  [Client 9] Finished training in 11.68s                                                                                                                    
  [Client 4] Starting local training...                                                                                                                     
  [Client 4] Finished training in 7.17s                                                                                                                     
  [Client 5] Starting local training...                                                                                                                     
  [Client 5] Finished training in 11.92s                                                                                                                    
  [Client 2] Starting local training...                                                                                                                     
  [Client 2] Finished training in 2.97s                                                                                                                     
  [Client 0] Starting local training...                                                                                                                     
  [Client 0] Finished training in 4.82s                                                                                                                     
  [Client 6] Starting local training...                                                                                                                     
  [Client 6] Finished training in 7.02s                                                                                                                     
  [Client 3] Starting local training...                                                                                                                     
  [Client 3] Finished training in 6.77s                                                                                                                     
  [Client 7] Starting local training...                                                                                                                     
  [Client 7] Finished training in 3.21s                                                                                                                     
[Round 41] layer_lambdas: norm=0.0288, fc_norm=0.0404, head_drop=0.0404, head=0.0404                                                                        
[FedLateGram Round 42] avg task: 0.6062 | avg gram: 0.0211 | avg prox_clf: 0.0250                                                                           
ROUND 42 FINISHED in 66.99s (Avg: 66.28s)                                                                                                                   
  [FedLateGram] Saved checkpoint after round 42 →                                                                                                           
/home/luis.mendezl/Thesis/logs/runs/cifar10/fedlategram/vit_tiny/alpha0.1/seed123/checkpoints/training_state.pt                                             
---------------------------- ROUND 43/50 START ----------------------------                                                                                 
Selected clients: [2, 6, 9, 3, 1, 0, 5, 4, 8, 7]                                                                                                            
  [Client 2] Starting local training...                                                                                                                     
  [Client 2] Finished training in 2.85s                                                                                                                     
  [Client 6] Starting local training...                                                                                                                     
  [Client 6] Finished training in 6.73s                                                                                                                     
  [Client 9] Starting local training...                                                                                                                     
  [Client 9] Finished training in 11.44s                                                                                                                    
  [Client 3] Starting local training...                                                                                                                     
  [Client 3] Finished training in 7.12s                                                                                                                     
  [Client 1] Starting local training...                                                                                                                     
  [Client 1] Finished training in 5.82s                                                                                                                     
  [Client 0] Starting local training...                                                                                                                     
  [Client 0] Finished training in 5.29s                                                                                                                     
  [Client 5] Starting local training...                                                                                                                     
  [Client 5] Finished training in 11.69s                                                                                                                    
  [Client 4] Starting local training...                                                                                                                     
  [Client 4] Finished training in 6.92s                                                                                                                     
  [Client 8] Starting local training...                                                                                                                     
  [Client 8] Finished training in 4.76s                                                                                                                     
  [Client 7] Starting local training...                                                                                                                     
  [Client 7] Finished training in 3.95s                                                                                                                     
[Round 42] layer_lambdas: norm=0.0295, fc_norm=0.0402, head_drop=0.0402, head=0.0402                                                                        
[FedLateGram Round 43] avg task: 0.6082 | avg gram: 0.0202 | avg prox_clf: 0.0246                                                                           
ROUND 43 FINISHED in 67.66s (Avg: 66.31s)                                                                                                                   
  [FedLateGram] Saved checkpoint after round 43 →                                                                                                           
/home/luis.mendezl/Thesis/logs/runs/cifar10/fedlategram/vit_tiny/alpha0.1/seed123/checkpoints/training_state.pt                                             
---------------------------- ROUND 44/50 START ----------------------------                                                                                 
Selected clients: [1, 2, 3, 7, 6, 9, 5, 0, 8, 4]                                                                                                            
  [Client 1] Starting local training...                                                                                                                     
  [Client 1] Finished training in 5.30s                                                                                                                     
  [Client 2] Starting local training...                                                                                                                     
  [Client 2] Finished training in 2.71s                                                                                                                     
  [Client 3] Starting local training...                                                                                                                     
  [Client 3] Finished training in 6.52s                                                                                                                     
  [Client 7] Starting local training...                                                                                                                     
  [Client 7] Finished training in 3.61s                                                                                                                     
  [Client 6] Starting local training...                                                                                                                     
  [Client 6] Finished training in 7.77s                                                                                                                     
  [Client 9] Starting local training...                                                                                                                     
  [Client 9] Finished training in 11.05s                                                                                                                    
  [Client 5] Starting local training...                                                                                                                     
  [Client 5] Finished training in 12.04s                                                                                                                    
  [Client 0] Starting local training...                                                                                                                     
  [Client 0] Finished training in 4.51s                                                                                                                     
  [Client 8] Starting local training...                                                                                                                     
  [Client 8] Finished training in 4.33s                                                                                                                     
  [Client 4] Starting local training...                                                                                                                     
  [Client 4] Finished training in 7.06s                                                                                                                     
[Round 43] layer_lambdas: norm=0.0303, fc_norm=0.0399, head_drop=0.0399, head=0.0399                                                                        
[FedLateGram Round 44] avg task: 0.5889 | avg gram: 0.0213 | avg prox_clf: 0.0249                                                                           
ROUND 44 FINISHED in 66.01s (Avg: 66.30s)                                                                                                                   
  [FedLateGram] Saved checkpoint after round 44 →                                                                                                           
/home/luis.mendezl/Thesis/logs/runs/cifar10/fedlategram/vit_tiny/alpha0.1/seed123/checkpoints/training_state.pt                                             
---------------------------- ROUND 45/50 START ----------------------------                                                                                 
Selected clients: [1, 7, 9, 8, 5, 0, 2, 6, 4, 3]                                                                                                            
  [Client 1] Starting local training...                                                                                                                     
  [Client 1] Finished training in 5.70s                                                                                                                     
  [Client 7] Starting local training...                                                                                                                     
  [Client 7] Finished training in 3.55s                                                                                                                     
  [Client 9] Starting local training...                                                                                                                     
  [Client 9] Finished training in 11.49s                                                                                                                    
  [Client 8] Starting local training...                                                                                                                     
  [Client 8] Finished training in 4.39s                                                                                                                     
  [Client 5] Starting local training...                                                                                                                     
  [Client 5] Finished training in 10.25s                                                                                                                    
  [Client 0] Starting local training...                                                                                                                     
  [Client 0] Finished training in 5.10s                                                                                                                     
  [Client 2] Starting local training...                                                                                                                     
  [Client 2] Finished training in 3.22s                                                                                                                     
  [Client 6] Starting local training...                                                                                                                     
  [Client 6] Finished training in 6.95s                                                                                                                     
  [Client 4] Starting local training...                                                                                                                     
  [Client 4] Finished training in 7.33s                                                                                                                     
  [Client 3] Starting local training...                                                                                                                     
  [Client 3] Finished training in 6.97s                                                                                                                     
[Round 44] layer_lambdas: norm=0.0279, fc_norm=0.0407, head_drop=0.0407, head=0.0407                                                                        
[FedLateGram Round 45] avg task: 0.5849 | avg gram: 0.0210 | avg prox_clf: 0.0243                                                                           
ROUND 45 FINISHED in 66.20s (Avg: 66.30s)                                                                                                                   
  [FedLateGram] Saved checkpoint after round 45 →                                                                                                           
/home/luis.mendezl/Thesis/logs/runs/cifar10/fedlategram/vit_tiny/alpha0.1/seed123/checkpoints/training_state.pt                                             
---------------------------- ROUND 46/50 START ----------------------------                                                                                 
Selected clients: [3, 6, 5, 7, 1, 0, 4, 8, 2, 9]                                                                                                            
  [Client 3] Starting local training...                                                                                                                     
  [Client 3] Finished training in 6.55s                                                                                                                     
  [Client 6] Starting local training...                                                                                                                     
  [Client 6] Finished training in 7.12s                                                                                                                     
  [Client 5] Starting local training...                                                                                                                     
  [Client 5] Finished training in 11.59s                                                                                                                    
  [Client 7] Starting local training...                                                                                                                     
  [Client 7] Finished training in 3.37s                                                                                                                     
  [Client 1] Starting local training...                                                                                                                     
  [Client 1] Finished training in 5.35s                                                                                                                     
  [Client 0] Starting local training...                                                                                                                     
  [Client 0] Finished training in 5.31s                                                                                                                     
  [Client 4] Starting local training...                                                                                                                     
  [Client 4] Finished training in 6.87s                                                                                                                     
  [Client 8] Starting local training...                                                                                                                     
  [Client 8] Finished training in 4.16s                                                                                                                     
  [Client 2] Starting local training...                                                                                                                     
  [Client 2] Finished training in 2.67s                                                                                                                     
  [Client 9] Starting local training...                                                                                                                     
  [Client 9] Finished training in 11.01s                                                                                                                    
[Round 45] layer_lambdas: norm=0.0293, fc_norm=0.0402, head_drop=0.0402, head=0.0402                                                                        
[FedLateGram Round 46] avg task: 0.5863 | avg gram: 0.0217 | avg prox_clf: 0.0241                                                                           
ROUND 46 FINISHED in 65.21s (Avg: 66.28s)                                                                                                                   
  [FedLateGram] Saved checkpoint after round 46 →                                                                                                           
/home/luis.mendezl/Thesis/logs/runs/cifar10/fedlategram/vit_tiny/alpha0.1/seed123/checkpoints/training_state.pt                                             
---------------------------- ROUND 47/50 START ----------------------------                                                                                 
Selected clients: [5, 3, 0, 7, 4, 6, 9, 8, 1, 2]                                                                                                            
  [Client 5] Starting local training...                                                                                                                     
  [Client 5] Finished training in 11.02s                                                                                                                    
  [Client 3] Starting local training...                                                                                                                     
  [Client 3] Finished training in 7.00s                                                                                                                     
  [Client 0] Starting local training...                                                                                                                     
  [Client 0] Finished training in 5.27s                                                                                                                     
  [Client 7] Starting local training...                                                                                                                     
  [Client 7] Finished training in 3.86s                                                                                                                     
  [Client 4] Starting local training...                                                                                                                     
  [Client 4] Finished training in 6.62s                                                                                                                     
  [Client 6] Starting local training...                                                                                                                     
  [Client 6] Finished training in 6.43s                                                                                                                     
  [Client 9] Starting local training...                                                                                                                     
  [Client 9] Finished training in 11.91s                                                                                                                    
  [Client 8] Starting local training...                                                                                                                     
  [Client 8] Finished training in 4.51s                                                                                                                     
  [Client 1] Starting local training...                                                                                                                     
  [Client 1] Finished training in 5.77s                                                                                                                     
  [Client 2] Starting local training...                                                                                                                     
  [Client 2] Finished training in 3.26s                                                                                                                     
[Round 46] layer_lambdas: norm=0.0272, fc_norm=0.0409, head_drop=0.0409, head=0.0409                                                                        
[FedLateGram Round 47] avg task: 0.5814 | avg gram: 0.0211 | avg prox_clf: 0.0241                                                                           
ROUND 47 FINISHED in 66.83s (Avg: 66.29s)                                                                                                                   
  [FedLateGram] Saved checkpoint after round 47 →                                                                                                           
/home/luis.mendezl/Thesis/logs/runs/cifar10/fedlategram/vit_tiny/alpha0.1/seed123/checkpoints/training_state.pt                                             
---------------------------- ROUND 48/50 START ----------------------------                                                                                 
Selected clients: [2, 8, 0, 6, 4, 5, 9, 1, 3, 7]                                                                                                            
  [Client 2] Starting local training...                                                                                                                     
  [Client 2] Finished training in 3.46s                                                                                                                     
  [Client 8] Starting local training...                                                                                                                     
  [Client 8] Finished training in 3.93s                                                                                                                     
  [Client 0] Starting local training...                                                                                                                     
  [Client 0] Finished training in 4.66s                                                                                                                     
  [Client 6] Starting local training...                                                                                                                     
  [Client 6] Finished training in 7.23s                                                                                                                     
  [Client 4] Starting local training...                                                                                                                     
  [Client 4] Finished training in 6.88s                                                                                                                     
  [Client 5] Starting local training...                                                                                                                     
  [Client 5] Finished training in 11.83s                                                                                                                    
  [Client 9] Starting local training...                                                                                                                     
  [Client 9] Finished training in 10.86s                                                                                                                    
  [Client 1] Starting local training...                                                                                                                     
  [Client 1] Finished training in 5.52s                                                                                                                     
  [Client 3] Starting local training...                                                                                                                     
  [Client 3] Finished training in 7.00s                                                                                                                     
  [Client 7] Starting local training...                                                                                                                     
  [Client 7] Finished training in 3.59s                                                                                                                     
[Round 47] layer_lambdas: norm=0.0279, fc_norm=0.0407, head_drop=0.0407, head=0.0407                                                                        
[FedLateGram Round 48] avg task: 0.5800 | avg gram: 0.0217 | avg prox_clf: 0.0232                                                                           
ROUND 48 FINISHED in 66.04s (Avg: 66.29s)                                                                                                                   
  [FedLateGram] Saved checkpoint after round 48 →                                                                                                           
/home/luis.mendezl/Thesis/logs/runs/cifar10/fedlategram/vit_tiny/alpha0.1/seed123/checkpoints/training_state.pt                                             
---------------------------- ROUND 49/50 START ----------------------------                                                                                 
Selected clients: [2, 6, 0, 4, 9, 5, 8, 3, 7, 1]                                                                                                            
  [Client 2] Starting local training...                                                                                                                     
  [Client 2] Finished training in 2.99s                                                                                                                     
  [Client 6] Starting local training...                                                                                                                     
  [Client 6] Finished training in 7.08s                                                                                                                     
  [Client 0] Starting local training...                                                                                                                     
  [Client 0] Finished training in 5.27s                                                                                                                     
  [Client 4] Starting local training...                                                                                                                     
  [Client 4] Finished training in 6.51s                                                                                                                     
  [Client 9] Starting local training...                                                                                                                     
  [Client 9] Finished training in 10.03s                                                                                                                    
  [Client 5] Starting local training...                                                                                                                     
  [Client 5] Finished training in 10.72s                                                                                                                    
  [Client 8] Starting local training...                                                                                                                     
  [Client 8] Finished training in 4.57s                                                                                                                     
  [Client 3] Starting local training...                                                                                                                     
  [Client 3] Finished training in 6.82s                                                                                                                     
  [Client 7] Starting local training...                                                                                                                     
  [Client 7] Finished training in 3.74s                                                                                                                     
  [Client 1] Starting local training...                                                                                                                     
  [Client 1] Finished training in 5.31s                                                                                                                     
[Round 48] layer_lambdas: norm=0.0286, fc_norm=0.0405, head_drop=0.0405, head=0.0405                                                                        
[FedLateGram Round 49] avg task: 0.5616 | avg gram: 0.0211 | avg prox_clf: 0.0235                                                                           
ROUND 49 FINISHED in 64.16s (Avg: 66.24s)                                                                                                                   
  [FedLateGram] Saved checkpoint after round 49 →                                                                                                           
/home/luis.mendezl/Thesis/logs/runs/cifar10/fedlategram/vit_tiny/alpha0.1/seed123/checkpoints/training_state.pt                                             
---------------------------- ROUND 50/50 START ----------------------------                                                                                 
Selected clients: [8, 0, 4, 9, 3, 1, 2, 7, 6, 5]                                                                                                            
  [Client 8] Starting local training...                                                                                                                     
  [Client 8] Finished training in 4.47s                                                                                                                     
client [8]  (testset)   loss: 1.5618 -> 0.3430  accuracy: 36.47% -> 90.59%                                                                                  
  [Client 0] Starting local training...                                                                                                                     
  [Client 0] Finished training in 5.39s                                                                                                                     
client [0]  (testset)   loss: 1.5196 -> 0.9886  accuracy: 43.30% -> 67.01%                                                                                  
  [Client 4] Starting local training...                                                                                                                     
  [Client 4] Finished training in 7.07s                                                                                                                     
client [4]  (testset)   loss: 1.9955 -> 0.7420  accuracy: 18.01% -> 72.67%                                                                                  
  [Client 9] Starting local training...                                                                                                                     
  [Client 9] Finished training in 11.08s                                                                                                                    
client [9]  (testset)   loss: 1.6556 -> 0.8319  accuracy: 42.62% -> 70.13%                                                                                  
  [Client 3] Starting local training...                                                                                                                     
  [Client 3] Finished training in 7.06s                                                                                                                     
client [3]  (testset)   loss: 2.0232 -> 0.5496  accuracy: 29.63% -> 80.25%                                                                                  
  [Client 1] Starting local training...                                                                                                                     
  [Client 1] Finished training in 5.56s                                                                                                                     
client [1]  (testset)   loss: 1.5044 -> 0.4761  accuracy: 48.82% -> 81.89%                                                                                  
  [Client 2] Starting local training...                                                                                                                     
  [Client 2] Finished training in 3.07s                                                                                                                     
client [2]  (testset)   loss: 1.9040 -> 0.5952  accuracy: 25.71% -> 77.14%                                                                                  
  [Client 7] Starting local training...                                                                                                                     
  [Client 7] Finished training in 3.19s                                                                                                                     
client [7]  (testset)   loss: 1.5425 -> 0.4293  accuracy: 29.82% -> 85.96%                                                                                  
  [Client 6] Starting local training...                                                                                                                     
  [Client 6] Finished training in 6.49s                                                                                                                     
client [6]  (testset)   loss: 1.8645 -> 0.7718  accuracy: 30.67% -> 73.01%                                                                                  
  [Client 5] Starting local training...                                                                                                                     
  [Client 5] Finished training in 11.95s                                                                                                                    
client [5]  (testset)   loss: 1.7918 -> 1.0015  accuracy: 38.14% -> 60.90%                                                                                  
[Round 49] layer_lambdas: norm=0.0303, fc_norm=0.0399, head_drop=0.0399, head=0.0399                                                                        
[FedLateGram Round 50] avg task: 0.5695 | avg gram: 0.0211 | avg prox_clf: 0.0236                                                                           
  [CKA] Saved checkpoints for round 50 (10 clients) →                                                                                                       
/home/luis.mendezl/Thesis/logs/runs/cifar10/fedlategram/vit_tiny/alpha0.1/seed123/checkpoints/round_0050                                                    
ROUND 50 FINISHED in 68.83s (Avg: 66.29s)                                                                                                                   
  [FedLateGram] Saved checkpoint after round 50 →                                                                                                           
/home/luis.mendezl/Thesis/logs/runs/cifar10/fedlategram/vit_tiny/alpha0.1/seed123/checkpoints/training_state.pt                                             
FedLateGram's average time taken by each global epoch: 1 min 6.29 sec.                                                                                      
FedLateGram's total running time: 1 h 2 m 18 s.                                                                                                             
==================== FedLateGram Experiment Results: ====================                                                                                   
Display format: (before local fine-tuning) -> (after local fine-tuning)                                                                                     
 So if finetune_epoch = 0, x.xx% -> 0.00% is normal.                                                                                                        
 Centralized testing ONLY happens after model aggregation, so the stats between '->' are the same.                                                          
{                                                                                                                                                           
    "1": {                                                                                                                                                  
        "centralized": {                                                                                                                                    
            "test": {                                                                                                                                       
                "loss": "2.2658 -> 2.2658",                                                                                                                 
                "accuracy": "18.50% -> 18.50%"                                                                                                              
            }                                                                                                                                               
        },                                                                                                                                                  
        "all_clients": {                                                                                                                                    
            "test": {                                                                                                                                       
                "loss": "2.2658 -> 0.0000",                                                                                                                 
                "accuracy": "18.50% -> 0.00%"                                                                                                               
            }                                                                                                                                               
        }                                                                                                                                                   
    },                                                                                                                                                      
    "2": {                                                                                                                                                  
        "centralized": {                                                                                                                                    
            "test": {                                                                                                                                       
                "loss": "2.1666 -> 2.1666",                                                                                                                 
                "accuracy": "20.71% -> 20.71%"                                                                                                              
            }                                                                                                                                               
        },                                                                                                                                                  
        "all_clients": {                                                                                                                                    
            "test": {                                                                                                                                       
                "loss": "2.1666 -> 0.0000",                                                                                                                 
                "accuracy": "20.71% -> 0.00%"                                                                                                               
            }                                                                                                                                               
        }                                                                                                                                                   
    },                                                                                                                                                      
    "3": {                                                                                                                                                  
        "centralized": {                                                                                                                                    
            "test": {                                                                                                                                       
                "loss": "2.0996 -> 2.0996",                                                                                                                 
                "accuracy": "20.57% -> 20.57%"                                                                                                              
            }                                                                                                                                               
        },                                                                                                                                                  
        "all_clients": {                                                                                                                                    
            "test": {                                                                                                                                       
                "loss": "2.0996 -> 0.0000",                                                                                                                 
                "accuracy": "20.57% -> 0.00%"                                                                                                               
            }                                                                                                                                               
        }                                                                                                                                                   
    },                                                                                                                                                      
    "4": {                                                                                                                                                  
        "centralized": {                                                                                                                                    
            "test": {                                                                                                                                       
                "loss": "2.0391 -> 2.0391",                                                                                                                 
                "accuracy": "23.25% -> 23.25%"                                                                                                              
            }                                                                                                                                               
        },                                                                                                                                                  
        "all_clients": {                                                                                                                                    
            "test": {                                                                                                                                       
                "loss": "2.0391 -> 0.0000",                                                                                                                 
                "accuracy": "23.25% -> 0.00%"                                                                                                               
            }                                                                                                                                               
        }                                                                                                                                                   
    },                                                                                                                                                      
    "5": {                                                                                                                                                  
        "centralized": {                                                                                                                                    
            "test": {                                                                                                                                       
                "loss": "2.0067 -> 2.0067",                                                                                                                 
                "accuracy": "24.92% -> 24.92%"                                                                                                              
            }                                                                                                                                               
        },                                                                                                                                                  
        "all_clients": {                                                                                                                                    
            "test": {                                                                                                                                       
                "loss": "2.0067 -> 0.0000",                                                                                                                 
                "accuracy": "24.92% -> 0.00%"                                                                                                               
            }                                                                                                                                               
        }                                                                                                                                                   
    },                                                                                                                                                      
    "6": {                                                                                                                                                  
        "centralized": {                                                                                                                                    
            "test": {                                                                                                                                       
                "loss": "1.9921 -> 1.9921",                                                                                                                 
                "accuracy": "24.25% -> 24.25%"                                                                                                              
            }                                                                                                                                               
        },                                                                                                                                                  
        "all_clients": {                                                                                                                                    
            "test": {                                                                                                                                       
                "loss": "1.9921 -> 0.0000",                                                                                                                 
                "accuracy": "24.25% -> 0.00%"                                                                                                               
            }                                                                                                                                               
        }                                                                                                                                                   
    },                                                                                                                                                      
    "7": {                                                                                                                                                  
        "centralized": {                                                                                                                                    
            "test": {                                                                                                                                       
                "loss": "1.9775 -> 1.9775",                                                                                                                 
                "accuracy": "25.05% -> 25.05%"                                                                                                              
            }                                                                                                                                               
        },                                                                                                                                                  
        "all_clients": {                                                                                                                                    
            "test": {                                                                                                                                       
                "loss": "1.9775 -> 0.0000",                                                                                                                 
                "accuracy": "25.05% -> 0.00%"                                                                                                               
            }                                                                                                                                               
        }                                                                                                                                                   
    },                                                                                                                                                      
    "8": {                                                                                                                                                  
        "centralized": {                                                                                                                                    
            "test": {                                                                                                                                       
                "loss": "1.9563 -> 1.9563",                                                                                                                 
                "accuracy": "26.12% -> 26.12%"                                                                                                              
            }                                                                                                                                               
        },                                                                                                                                                  
        "all_clients": {                                                                                                                                    
            "test": {                                                                                                                                       
                "loss": "1.9563 -> 0.0000",                                                                                                                 
                "accuracy": "26.12% -> 0.00%"                                                                                                               
            }                                                                                                                                               
        }                                                                                                                                                   
    },                                                                                                                                                      
    "9": {                                                                                                                                                  
        "centralized": {                                                                                                                                    
            "test": {                                                                                                                                       
                "loss": "1.9418 -> 1.9418",                                                                                                                 
                "accuracy": "26.12% -> 26.12%"                                                                                                              
            }                                                                                                                                               
        },                                                                                                                                                  
        "all_clients": {                                                                                                                                    
            "test": {                                                                                                                                       
                "loss": "1.9418 -> 0.0000",                                                                                                                 
                "accuracy": "26.12% -> 0.00%"                                                                                                               
            }                                                                                                                                               
        }                                                                                                                                                   
    },                                                                                                                                                      
    "10": {                                                                                                                                                 
        "centralized": {                                                                                                                                    
            "test": {                                                                                                                                       
                "loss": "1.9386 -> 1.9386",                                                                                                                 
                "accuracy": "26.25% -> 26.25%"                                                                                                              
            }                                                                                                                                               
        },                                                                                                                                                  
        "all_clients": {                                                                                                                                    
            "test": {                                                                                                                                       
                "loss": "1.9386 -> 0.0000",                                                                                                                 
                "accuracy": "26.25% -> 0.00%"                                                                                                               
            }                                                                                                                                               
        }                                                                                                                                                   
    },                                                                                                                                                      
    "11": {                                                                                                                                                 
        "centralized": {                                                                                                                                    
            "test": {                                                                                                                                       
                "loss": "1.9263 -> 1.9263",                                                                                                                 
                "accuracy": "26.19% -> 26.19%"                                                                                                              
            }                                                                                                                                               
        },                                                                                                                                                  
        "all_clients": {                                                                                                                                    
            "test": {                                                                                                                                       
                "loss": "1.9263 -> 0.0000",                                                                                                                 
                "accuracy": "26.19% -> 0.00%"                                                                                                               
            }                                                                                                                                               
        }                                                                                                                                                   
    },                                                                                                                                                      
    "12": {                                                                                                                                                 
        "centralized": {                                                                                                                                    
            "test": {                                                                                                                                       
                "loss": "1.9001 -> 1.9001",                                                                                                                 
                "accuracy": "28.86% -> 28.86%"                                                                                                              
            }                                                                                                                                               
        },                                                                                                                                                  
        "all_clients": {                                                                                                                                    
            "test": {                                                                                                                                       
                "loss": "1.9001 -> 0.0000",                                                                                                                 
                "accuracy": "28.86% -> 0.00%"                                                                                                               
            }                                                                                                                                               
        }                                                                                                                                                   
    },                                                                                                                                                      
    "13": {                                                                                                                                                 
        "centralized": {                                                                                                                                    
            "test": {                                                                                                                                       
                "loss": "1.8968 -> 1.8968",                                                                                                                 
                "accuracy": "28.86% -> 28.86%"                                                                                                              
            }                                                                                                                                               
        },                                                                                                                                                  
        "all_clients": {                                                                                                                                    
            "test": {                                                                                                                                       
                "loss": "1.8968 -> 0.0000",                                                                                                                 
                "accuracy": "28.86% -> 0.00%"                                                                                                               
            }                                                                                                                                               
        }                                                                                                                                                   
    },                                                                                                                                                      
    "14": {                                                                                                                                                 
        "centralized": {                                                                                                                                    
            "test": {                                                                                                                                       
                "loss": "1.8848 -> 1.8848",                                                                                                                 
                "accuracy": "28.86% -> 28.86%"                                                                                                              
            }                                                                                                                                               
        },                                                                                                                                                  
        "all_clients": {                                                                                                                                    
            "test": {                                                                                                                                       
                "loss": "1.8848 -> 0.0000",                                                                                                                 
                "accuracy": "28.86% -> 0.00%"                                                                                                               
            }                                                                                                                                               
        }                                                                                                                                                   
    },                                                                                                                                                      
    "15": {                                                                                                                                                 
        "centralized": {                                                                                                                                    
            "test": {                                                                                                                                       
                "loss": "1.8774 -> 1.8774",                                                                                                                 
                "accuracy": "28.86% -> 28.86%"                                                                                                              
            }                                                                                                                                               
        },                                                                                                                                                  
        "all_clients": {                                                                                                                                    
            "test": {                                                                                                                                       
                "loss": "1.8774 -> 0.0000",                                                                                                                 
                "accuracy": "28.86% -> 0.00%"                                                                                                               
            }                                                                                                                                               
        }                                                                                                                                                   
    },                                                                                                                                                      
    "16": {                                                                                                                                                 
        "centralized": {                                                                                                                                    
            "test": {                                                                                                                                       
                "loss": "1.8570 -> 1.8570",                                                                                                                 
                "accuracy": "30.39% -> 30.39%"                                                                                                              
            }                                                                                                                                               
        },                                                                                                                                                  
        "all_clients": {                                                                                                                                    
            "test": {                                                                                                                                       
                "loss": "1.8570 -> 0.0000",                                                                                                                 
                "accuracy": "30.39% -> 0.00%"                                                                                                               
            }                                                                                                                                               
        }                                                                                                                                                   
    },                                                                                                                                                      
    "17": {                                                                                                                                                 
        "centralized": {                                                                                                                                    
            "test": {                                                                                                                                       
                "loss": "1.8395 -> 1.8395",                                                                                                                 
                "accuracy": "31.26% -> 31.26%"                                                                                                              
            }                                                                                                                                               
        },                                                                                                                                                  
        "all_clients": {                                                                                                                                    
            "test": {                                                                                                                                       
                "loss": "1.8395 -> 0.0000",                                                                                                                 
                "accuracy": "31.26% -> 0.00%"                                                                                                               
            }                                                                                                                                               
        }                                                                                                                                                   
    },                                                                                                                                                      
    "18": {                                                                                                                                                 
        "centralized": {                                                                                                                                    
            "test": {                                                                                                                                       
                "loss": "1.8361 -> 1.8361",                                                                                                                 
                "accuracy": "29.99% -> 29.99%"                                                                                                              
            }                                                                                                                                               
        },                                                                                                                                                  
        "all_clients": {                                                                                                                                    
            "test": {                                                                                                                                       
                "loss": "1.8361 -> 0.0000",                                                                                                                 
                "accuracy": "29.99% -> 0.00%"                                                                                                               
            }                                                                                                                                               
        }                                                                                                                                                   
    },                                                                                                                                                      
    "19": {                                                                                                                                                 
        "centralized": {                                                                                                                                    
            "test": {                                                                                                                                       
                "loss": "1.8209 -> 1.8209",                                                                                                                 
                "accuracy": "30.66% -> 30.66%"                                                                                                              
            }                                                                                                                                               
        },                                                                                                                                                  
        "all_clients": {                                                                                                                                    
            "test": {                                                                                                                                       
                "loss": "1.8209 -> 0.0000",                                                                                                                 
                "accuracy": "30.66% -> 0.00%"                                                                                                               
            }                                                                                                                                               
        }                                                                                                                                                   
    },                                                                                                                                                      
    "20": {                                                                                                                                                 
        "centralized": {                                                                                                                                    
            "test": {                                                                                                                                       
                "loss": "1.8184 -> 1.8184",                                                                                                                 
                "accuracy": "30.59% -> 30.59%"                                                                                                              
            }                                                                                                                                               
        },                                                                                                                                                  
        "all_clients": {                                                                                                                                    
            "test": {                                                                                                                                       
                "loss": "1.8184 -> 0.0000",                                                                                                                 
                "accuracy": "30.59% -> 0.00%"                                                                                                               
            }                                                                                                                                               
        }                                                                                                                                                   
    },                                                                                                                                                      
    "21": {                                                                                                                                                 
        "centralized": {                                                                                                                                    
            "test": {                                                                                                                                       
                "loss": "1.8136 -> 1.8136",                                                                                                                 
                "accuracy": "30.86% -> 30.86%"                                                                                                              
            }                                                                                                                                               
        },                                                                                                                                                  
        "all_clients": {                                                                                                                                    
            "test": {                                                                                                                                       
                "loss": "1.8136 -> 0.0000",                                                                                                                 
                "accuracy": "30.86% -> 0.00%"                                                                                                               
            }                                                                                                                                               
        }                                                                                                                                                   
    },                                                                                                                                                      
    "22": {                                                                                                                                                 
        "centralized": {                                                                                                                                    
            "test": {                                                                                                                                       
                "loss": "1.8029 -> 1.8029",                                                                                                                 
                "accuracy": "30.93% -> 30.93%"                                                                                                              
            }                                                                                                                                               
        },                                                                                                                                                  
        "all_clients": {                                                                                                                                    
            "test": {                                                                                                                                       
                "loss": "1.8029 -> 0.0000",                                                                                                                 
                "accuracy": "30.93% -> 0.00%"                                                                                                               
            }                                                                                                                                               
        }                                                                                                                                                   
    },                                                                                                                                                      
    "23": {                                                                                                                                                 
        "centralized": {                                                                                                                                    
            "test": {                                                                                                                                       
                "loss": "1.7950 -> 1.7950",                                                                                                                 
                "accuracy": "31.93% -> 31.93%"                                                                                                              
            }                                                                                                                                               
        },                                                                                                                                                  
        "all_clients": {                                                                                                                                    
            "test": {                                                                                                                                       
                "loss": "1.7950 -> 0.0000",                                                                                                                 
                "accuracy": "31.93% -> 0.00%"                                                                                                               
            }                                                                                                                                               
        }                                                                                                                                                   
    },                                                                                                                                                      
    "24": {                                                                                                                                                 
        "centralized": {                                                                                                                                    
            "test": {                                                                                                                                       
                "loss": "1.7789 -> 1.7789",                                                                                                                 
                "accuracy": "32.13% -> 32.13%"                                                                                                              
            }                                                                                                                                               
        },                                                                                                                                                  
        "all_clients": {                                                                                                                                    
            "test": {                                                                                                                                       
                "loss": "1.7789 -> 0.0000",                                                                                                                 
                "accuracy": "32.13% -> 0.00%"                                                                                                               
            }                                                                                                                                               
        }                                                                                                                                                   
    },                                                                                                                                                      
    "25": {                                                                                                                                                 
        "centralized": {                                                                                                                                    
            "test": {                                                                                                                                       
                "loss": "1.7846 -> 1.7846",                                                                                                                 
                "accuracy": "32.87% -> 32.87%"                                                                                                              
            }                                                                                                                                               
        },                                                                                                                                                  
        "all_clients": {                                                                                                                                    
            "test": {                                                                                                                                       
                "loss": "1.7846 -> 0.0000",                                                                                                                 
                "accuracy": "32.87% -> 0.00%"                                                                                                               
            }                                                                                                                                               
        }                                                                                                                                                   
    },                                                                                                                                                      
    "26": {                                                                                                                                                 
        "centralized": {                                                                                                                                    
            "test": {                                                                                                                                       
                "loss": "1.7725 -> 1.7725",                                                                                                                 
                "accuracy": "32.87% -> 32.87%"                                                                                                              
            }                                                                                                                                               
        },                                                                                                                                                  
        "all_clients": {                                                                                                                                    
            "test": {                                                                                                                                       
                "loss": "1.7725 -> 0.0000",                                                                                                                 
                "accuracy": "32.87% -> 0.00%"                                                                                                               
            }                                                                                                                                               
        }                                                                                                                                                   
    },                                                                                                                                                      
    "27": {                                                                                                                                                 
        "centralized": {                                                                                                                                    
            "test": {                                                                                                                                       
                "loss": "1.7798 -> 1.7798",                                                                                                                 
                "accuracy": "32.20% -> 32.20%"                                                                                                              
            }                                                                                                                                               
        },                                                                                                                                                  
        "all_clients": {                                                                                                                                    
            "test": {                                                                                                                                       
                "loss": "1.7798 -> 0.0000",                                                                                                                 
                "accuracy": "32.20% -> 0.00%"                                                                                                               
            }                                                                                                                                               
        }                                                                                                                                                   
    },                                                                                                                                                      
    "28": {                                                                                                                                                 
        "centralized": {                                                                                                                                    
            "test": {                                                                                                                                       
                "loss": "1.7686 -> 1.7686",                                                                                                                 
                "accuracy": "32.67% -> 32.67%"                                                                                                              
            }                                                                                                                                               
        },                                                                                                                                                  
        "all_clients": {                                                                                                                                    
            "test": {                                                                                                                                       
                "loss": "1.7686 -> 0.0000",                                                                                                                 
                "accuracy": "32.67% -> 0.00%"                                                                                                               
            }                                                                                                                                               
        }                                                                                                                                                   
    },                                                                                                                                                      
    "29": {                                                                                                                                                 
        "centralized": {                                                                                                                                    
            "test": {                                                                                                                                       
                "loss": "1.7728 -> 1.7728",                                                                                                                 
                "accuracy": "32.60% -> 32.60%"                                                                                                              
            }                                                                                                                                               
        },                                                                                                                                                  
        "all_clients": {                                                                                                                                    
            "test": {                                                                                                                                       
                "loss": "1.7728 -> 0.0000",                                                                                                                 
                "accuracy": "32.60% -> 0.00%"                                                                                                               
            }                                                                                                                                               
        }                                                                                                                                                   
    },                                                                                                                                                      
    "30": {                                                                                                                                                 
        "centralized": {                                                                                                                                    
            "test": {                                                                                                                                       
                "loss": "1.7588 -> 1.7588",                                                                                                                 
                "accuracy": "32.60% -> 32.60%"                                                                                                              
            }                                                                                                                                               
        },                                                                                                                                                  
        "all_clients": {                                                                                                                                    
            "test": {                                                                                                                                       
                "loss": "1.7588 -> 0.0000",                                                                                                                 
                "accuracy": "32.60% -> 0.00%"                                                                                                               
            }                                                                                                                                               
        }                                                                                                                                                   
    },                                                                                                                                                      
    "31": {                                                                                                                                                 
        "centralized": {                                                                                                                                    
            "test": {                                                                                                                                       
                "loss": "1.7672 -> 1.7672",                                                                                                                 
                "accuracy": "32.40% -> 32.40%"                                                                                                              
            }                                                                                                                                               
        },                                                                                                                                                  
        "all_clients": {                                                                                                                                    
            "test": {                                                                                                                                       
                "loss": "1.7672 -> 0.0000",                                                                                                                 
                "accuracy": "32.40% -> 0.00%"                                                                                                               
            }                                                                                                                                               
        }                                                                                                                                                   
    },                                                                                                                                                      
    "32": {                                                                                                                                                 
        "centralized": {                                                                                                                                    
            "test": {                                                                                                                                       
                "loss": "1.7669 -> 1.7669",                                                                                                                 
                "accuracy": "33.00% -> 33.00%"                                                                                                              
            }                                                                                                                                               
        },                                                                                                                                                  
        "all_clients": {                                                                                                                                    
            "test": {                                                                                                                                       
                "loss": "1.7669 -> 0.0000",                                                                                                                 
                "accuracy": "33.00% -> 0.00%"                                                                                                               
            }                                                                                                                                               
        }                                                                                                                                                   
    },                                                                                                                                                      
    "33": {                                                                                                                                                 
        "centralized": {                                                                                                                                    
            "test": {                                                                                                                                       
                "loss": "1.7535 -> 1.7535",                                                                                                                 
                "accuracy": "32.93% -> 32.93%"                                                                                                              
            }                                                                                                                                               
        },                                                                                                                                                  
        "all_clients": {                                                                                                                                    
            "test": {                                                                                                                                       
                "loss": "1.7535 -> 0.0000",                                                                                                                 
                "accuracy": "32.93% -> 0.00%"                                                                                                               
            }                                                                                                                                               
        }                                                                                                                                                   
    },                                                                                                                                                      
    "34": {                                                                                                                                                 
        "centralized": {                                                                                                                                    
            "test": {                                                                                                                                       
                "loss": "1.7586 -> 1.7586",                                                                                                                 
                "accuracy": "33.33% -> 33.33%"                                                                                                              
            }                                                                                                                                               
        },                                                                                                                                                  
        "all_clients": {                                                                                                                                    
            "test": {                                                                                                                                       
                "loss": "1.7586 -> 0.0000",                                                                                                                 
                "accuracy": "33.33% -> 0.00%"                                                                                                               
            }                                                                                                                                               
        }                                                                                                                                                   
    },                                                                                                                                                      
    "35": {                                                                                                                                                 
        "centralized": {                                                                                                                                    
            "test": {                                                                                                                                       
                "loss": "1.7585 -> 1.7585",                                                                                                                 
                "accuracy": "33.07% -> 33.07%"                                                                                                              
            }                                                                                                                                               
        },                                                                                                                                                  
        "all_clients": {                                                                                                                                    
            "test": {                                                                                                                                       
                "loss": "1.7585 -> 0.0000",                                                                                                                 
                "accuracy": "33.07% -> 0.00%"                                                                                                               
            }                                                                                                                                               
        }                                                                                                                                                   
    },                                                                                                                                                      
    "36": {                                                                                                                                                 
        "centralized": {                                                                                                                                    
            "test": {                                                                                                                                       
                "loss": "1.7597 -> 1.7597",                                                                                                                 
                "accuracy": "33.00% -> 33.00%"                                                                                                              
            }                                                                                                                                               
        },                                                                                                                                                  
        "all_clients": {                                                                                                                                    
            "test": {                                                                                                                                       
                "loss": "1.7597 -> 0.0000",                                                                                                                 
                "accuracy": "33.00% -> 0.00%"                                                                                                               
            }                                                                                                                                               
        }                                                                                                                                                   
    },                                                                                                                                                      
    "37": {                                                                                                                                                 
        "centralized": {                                                                                                                                    
            "test": {                                                                                                                                       
                "loss": "1.7585 -> 1.7585",                                                                                                                 
                "accuracy": "33.40% -> 33.40%"                                                                                                              
            }                                                                                                                                               
        },                                                                                                                                                  
        "all_clients": {                                                                                                                                    
            "test": {                                                                                                                                       
                "loss": "1.7585 -> 0.0000",                                                                                                                 
                "accuracy": "33.40% -> 0.00%"                                                                                                               
            }                                                                                                                                               
        }                                                                                                                                                   
    },                                                                                                                                                      
    "38": {                                                                                                                                                 
        "centralized": {                                                                                                                                    
            "test": {                                                                                                                                       
                "loss": "1.7639 -> 1.7639",                                                                                                                 
                "accuracy": "33.07% -> 33.07%"                                                                                                              
            }                                                                                                                                               
        },                                                                                                                                                  
        "all_clients": {                                                                                                                                    
            "test": {                                                                                                                                       
                "loss": "1.7639 -> 0.0000",                                                                                                                 
                "accuracy": "33.07% -> 0.00%"                                                                                                               
            }                                                                                                                                               
        }                                                                                                                                                   
    },                                                                                                                                                      
    "39": {                                                                                                                                                 
        "centralized": {                                                                                                                                    
            "test": {                                                                                                                                       
                "loss": "1.7762 -> 1.7762",                                                                                                                 
                "accuracy": "32.93% -> 32.93%"                                                                                                              
            }                                                                                                                                               
        },                                                                                                                                                  
        "all_clients": {                                                                                                                                    
            "test": {                                                                                                                                       
                "loss": "1.7762 -> 0.0000",                                                                                                                 
                "accuracy": "32.93% -> 0.00%"                                                                                                               
            }                                                                                                                                               
        }                                                                                                                                                   
    },                                                                                                                                                      
    "40": {                                                                                                                                                 
        "centralized": {                                                                                                                                    
            "test": {                                                                                                                                       
                "loss": "1.7516 -> 1.7516",                                                                                                                 
                "accuracy": "33.80% -> 33.80%"                                                                                                              
            }                                                                                                                                               
        },                                                                                                                                                  
        "all_clients": {                                                                                                                                    
            "test": {                                                                                                                                       
                "loss": "1.7516 -> 0.0000",                                                                                                                 
                "accuracy": "33.80% -> 0.00%"                                                                                                               
            }                                                                                                                                               
        }                                                                                                                                                   
    },                                                                                                                                                      
    "41": {                                                                                                                                                 
        "centralized": {                                                                                                                                    
            "test": {                                                                                                                                       
                "loss": "1.7481 -> 1.7481",                                                                                                                 
                "accuracy": "34.07% -> 34.07%"                                                                                                              
            }                                                                                                                                               
        },                                                                                                                                                  
        "all_clients": {                                                                                                                                    
            "test": {                                                                                                                                       
                "loss": "1.7481 -> 0.0000",                                                                                                                 
                "accuracy": "34.07% -> 0.00%"                                                                                                               
            }                                                                                                                                               
        }                                                                                                                                                   
    },                                                                                                                                                      
    "42": {                                                                                                                                                 
        "centralized": {                                                                                                                                    
            "test": {                                                                                                                                       
                "loss": "1.7645 -> 1.7645",                                                                                                                 
                "accuracy": "33.87% -> 33.87%"                                                                                                              
            }                                                                                                                                               
        },                                                                                                                                                  
        "all_clients": {                                                                                                                                    
            "test": {                                                                                                                                       
                "loss": "1.7645 -> 0.0000",                                                                                                                 
                "accuracy": "33.87% -> 0.00%"                                                                                                               
            }                                                                                                                                               
        }                                                                                                                                                   
    },                                                                                                                                                      
    "43": {                                                                                                                                                 
        "centralized": {                                                                                                                                    
            "test": {                                                                                                                                       
                "loss": "1.7467 -> 1.7467",                                                                                                                 
                "accuracy": "34.00% -> 34.00%"                                                                                                              
            }                                                                                                                                               
        },                                                                                                                                                  
        "all_clients": {                                                                                                                                    
            "test": {                                                                                                                                       
                "loss": "1.7467 -> 0.0000",                                                                                                                 
                "accuracy": "34.00% -> 0.00%"                                                                                                               
            }                                                                                                                                               
        }                                                                                                                                                   
    },                                                                                                                                                      
    "44": {                                                                                                                                                 
        "centralized": {                                                                                                                                    
            "test": {                                                                                                                                       
                "loss": "1.7718 -> 1.7718",                                                                                                                 
                "accuracy": "33.87% -> 33.87%"                                                                                                              
            }                                                                                                                                               
        },                                                                                                                                                  
        "all_clients": {                                                                                                                                    
            "test": {                                                                                                                                       
                "loss": "1.7718 -> 0.0000",                                                                                                                 
                "accuracy": "33.87% -> 0.00%"                                                                                                               
            }                                                                                                                                               
        }                                                                                                                                                   
    },                                                                                                                                                      
    "45": {                                                                                                                                                 
        "centralized": {                                                                                                                                    
            "test": {                                                                                                                                       
                "loss": "1.8122 -> 1.8122",                                                                                                                 
                "accuracy": "33.20% -> 33.20%"                                                                                                              
            }                                                                                                                                               
        },                                                                                                                                                  
        "all_clients": {                                                                                                                                    
            "test": {                                                                                                                                       
                "loss": "1.8122 -> 0.0000",                                                                                                                 
                "accuracy": "33.20% -> 0.00%"                                                                                                               
            }                                                                                                                                               
        }                                                                                                                                                   
    },                                                                                                                                                      
    "46": {                                                                                                                                                 
        "centralized": {                                                                                                                                    
            "test": {                                                                                                                                       
                "loss": "1.7425 -> 1.7425",                                                                                                                 
                "accuracy": "35.07% -> 35.07%"                                                                                                              
            }                                                                                                                                               
        },                                                                                                                                                  
        "all_clients": {                                                                                                                                    
            "test": {                                                                                                                                       
                "loss": "1.7425 -> 0.0000",                                                                                                                 
                "accuracy": "35.07% -> 0.00%"                                                                                                               
            }                                                                                                                                               
        }                                                                                                                                                   
    },                                                                                                                                                      
    "47": {                                                                                                                                                 
        "centralized": {                                                                                                                                    
            "test": {                                                                                                                                       
                "loss": "1.7550 -> 1.7550",                                                                                                                 
                "accuracy": "35.00% -> 35.00%"                                                                                                              
            }                                                                                                                                               
        },                                                                                                                                                  
        "all_clients": {                                                                                                                                    
            "test": {                                                                                                                                       
                "loss": "1.7550 -> 0.0000",                                                                                                                 
                "accuracy": "35.00% -> 0.00%"                                                                                                               
            }                                                                                                                                               
        }                                                                                                                                                   
    },                                                                                                                                                      
    "48": {                                                                                                                                                 
        "centralized": {                                                                                                                                    
            "test": {                                                                                                                                       
                "loss": "1.7619 -> 1.7619",                                                                                                                 
                "accuracy": "35.34% -> 35.34%"                                                                                                              
            }                                                                                                                                               
        },                                                                                                                                                  
        "all_clients": {                                                                                                                                    
            "test": {                                                                                                                                       
                "loss": "1.7619 -> 0.0000",                                                                                                                 
                "accuracy": "35.34% -> 0.00%"                                                                                                               
            }                                                                                                                                               
        }                                                                                                                                                   
    },                                                                                                                                                      
    "49": {                                                                                                                                                 
        "centralized": {                                                                                                                                    
            "test": {                                                                                                                                       
                "loss": "1.7576 -> 1.7576",                                                                                                                 
                "accuracy": "35.67% -> 35.67%"                                                                                                              
            }                                                                                                                                               
        },                                                                                                                                                  
        "all_clients": {                                                                                                                                    
            "test": {                                                                                                                                       
                "loss": "1.7576 -> 0.0000",                                                                                                                 
                "accuracy": "35.67% -> 0.00%"                                                                                                               
            }                                                                                                                                               
        }                                                                                                                                                   
    },                                                                                                                                                      
    "50": {                                                                                                                                                 
        "centralized": {                                                                                                                                    
            "test": {                                                                                                                                       
                "loss": "1.7636 -> 1.7636",                                                                                                                 
                "accuracy": "35.74% -> 35.74%"                                                                                                              
            }                                                                                                                                               
        },                                                                                                                                                  
        "all_clients": {                                                                                                                                    
            "test": {                                                                                                                                       
                "loss": "1.7636 -> 0.0000",                                                                                                                 
                "accuracy": "35.74% -> 0.00%"                                                                                                               
            }                                                                                                                                               
        }                                                                                                                                                   
    }                                                                                                                                                       
}                                                                                                                                                           
==================== FedLateGram Max Accuracy ====================                                                                                          
all_clients:                                                                                                                                                
(test) before fine-tuning: 35.74% at epoch 50                                                                                                               
(test) after fine-tuning: 0.00% at epoch 1                                                                                                                  
centralized:                                                                                                                                                
(test) before fine-tuning: 35.74% at epoch 50                                                                                                               
(test) after fine-tuning: 35.74% at epoch 50                                                                                                                
