round,client_i,client_j,model_name,dataset,alpha,layer_index,layer_name,cka_diagonal
1,0,1,res9,cifar10,1.0,0,base.2,0.979237
1,0,1,res9,cifar10,1.0,1,base.6,0.903875
1,0,1,res9,cifar10,1.0,2,base.7,0.642226
1,0,1,res9,cifar10,1.0,3,base.11,0.474885
1,0,1,res9,cifar10,1.0,4,base.15,0.398052
1,0,1,res9,cifar10,1.0,5,base.16,0.354177
1,0,1,res9,cifar10,1.0,6,base.17,0.354177
1,0,1,res9,cifar10,1.0,7,base.18,0.354177
1,0,1,res9,cifar10,1.0,8,classifier,0.487049
1,0,2,res9,cifar10,1.0,0,base.2,0.987837
1,0,2,res9,cifar10,1.0,1,base.6,0.946097
1,0,2,res9,cifar10,1.0,2,base.7,0.893370
1,0,2,res9,cifar10,1.0,3,base.11,0.887666
1,0,2,res9,cifar10,1.0,4,base.15,0.903272
1,0,2,res9,cifar10,1.0,5,base.16,0.879710
1,0,2,res9,cifar10,1.0,6,base.17,0.879710
1,0,2,res9,cifar10,1.0,7,base.18,0.879710
1,0,2,res9,cifar10,1.0,8,classifier,0.781074
1,0,3,res9,cifar10,1.0,0,base.2,0.980576
1,0,3,res9,cifar10,1.0,1,base.6,0.952695
1,0,3,res9,cifar10,1.0,2,base.7,0.862747
1,0,3,res9,cifar10,1.0,3,base.11,0.767677
1,0,3,res9,cifar10,1.0,4,base.15,0.702152
1,0,3,res9,cifar10,1.0,5,base.16,0.655000
1,0,3,res9,cifar10,1.0,6,base.17,0.655000
1,0,3,res9,cifar10,1.0,7,base.18,0.655000
1,0,3,res9,cifar10,1.0,8,classifier,0.660475
1,0,4,res9,cifar10,1.0,0,base.2,0.992306
1,0,4,res9,cifar10,1.0,1,base.6,0.956527
1,0,4,res9,cifar10,1.0,2,base.7,0.876155
1,0,4,res9,cifar10,1.0,3,base.11,0.794850
1,0,4,res9,cifar10,1.0,4,base.15,0.730736
1,0,4,res9,cifar10,1.0,5,base.16,0.587736
1,0,4,res9,cifar10,1.0,6,base.17,0.587736
1,0,4,res9,cifar10,1.0,7,base.18,0.587736
1,0,4,res9,cifar10,1.0,8,classifier,0.362099
1,0,5,res9,cifar10,1.0,0,base.2,0.988059
1,0,5,res9,cifar10,1.0,1,base.6,0.937057
1,0,5,res9,cifar10,1.0,2,base.7,0.739653
1,0,5,res9,cifar10,1.0,3,base.11,0.682015
1,0,5,res9,cifar10,1.0,4,base.15,0.721365
1,0,5,res9,cifar10,1.0,5,base.16,0.663503
1,0,5,res9,cifar10,1.0,6,base.17,0.663503
1,0,5,res9,cifar10,1.0,7,base.18,0.663503
1,0,5,res9,cifar10,1.0,8,classifier,0.591454
1,0,6,res9,cifar10,1.0,0,base.2,0.992626
1,0,6,res9,cifar10,1.0,1,base.6,0.944903
1,0,6,res9,cifar10,1.0,2,base.7,0.786148
1,0,6,res9,cifar10,1.0,3,base.11,0.724606
1,0,6,res9,cifar10,1.0,4,base.15,0.695064
1,0,6,res9,cifar10,1.0,5,base.16,0.643019
1,0,6,res9,cifar10,1.0,6,base.17,0.643019
1,0,6,res9,cifar10,1.0,7,base.18,0.643019
1,0,6,res9,cifar10,1.0,8,classifier,0.623970
1,0,7,res9,cifar10,1.0,0,base.2,0.993326
1,0,7,res9,cifar10,1.0,1,base.6,0.980944
1,0,7,res9,cifar10,1.0,2,base.7,0.916788
1,0,7,res9,cifar10,1.0,3,base.11,0.867878
1,0,7,res9,cifar10,1.0,4,base.15,0.787797
1,0,7,res9,cifar10,1.0,5,base.16,0.619025
1,0,7,res9,cifar10,1.0,6,base.17,0.619025
1,0,7,res9,cifar10,1.0,7,base.18,0.619025
1,0,7,res9,cifar10,1.0,8,classifier,0.534655
1,0,8,res9,cifar10,1.0,0,base.2,0.986480
1,0,8,res9,cifar10,1.0,1,base.6,0.934462
1,0,8,res9,cifar10,1.0,2,base.7,0.720292
1,0,8,res9,cifar10,1.0,3,base.11,0.684725
1,0,8,res9,cifar10,1.0,4,base.15,0.688335
1,0,8,res9,cifar10,1.0,5,base.16,0.497714
1,0,8,res9,cifar10,1.0,6,base.17,0.497714
1,0,8,res9,cifar10,1.0,7,base.18,0.497714
1,0,8,res9,cifar10,1.0,8,classifier,0.419208
1,0,9,res9,cifar10,1.0,0,base.2,0.987729
1,0,9,res9,cifar10,1.0,1,base.6,0.961853
1,0,9,res9,cifar10,1.0,2,base.7,0.888079
1,0,9,res9,cifar10,1.0,3,base.11,0.827351
1,0,9,res9,cifar10,1.0,4,base.15,0.873946
1,0,9,res9,cifar10,1.0,5,base.16,0.866725
1,0,9,res9,cifar10,1.0,6,base.17,0.866725
1,0,9,res9,cifar10,1.0,7,base.18,0.866725
1,0,9,res9,cifar10,1.0,8,classifier,0.874671
1,1,2,res9,cifar10,1.0,0,base.2,0.984967
1,1,2,res9,cifar10,1.0,1,base.6,0.909774
1,1,2,res9,cifar10,1.0,2,base.7,0.677301
1,1,2,res9,cifar10,1.0,3,base.11,0.594001
1,1,2,res9,cifar10,1.0,4,base.15,0.538201
1,1,2,res9,cifar10,1.0,5,base.16,0.584118
1,1,2,res9,cifar10,1.0,6,base.17,0.584118
1,1,2,res9,cifar10,1.0,7,base.18,0.584118
1,1,2,res9,cifar10,1.0,8,classifier,0.620595
1,1,3,res9,cifar10,1.0,0,base.2,0.989118
1,1,3,res9,cifar10,1.0,1,base.6,0.932026
1,1,3,res9,cifar10,1.0,2,base.7,0.775265
1,1,3,res9,cifar10,1.0,3,base.11,0.680494
1,1,3,res9,cifar10,1.0,4,base.15,0.675674
1,1,3,res9,cifar10,1.0,5,base.16,0.700531
1,1,3,res9,cifar10,1.0,6,base.17,0.700531
1,1,3,res9,cifar10,1.0,7,base.18,0.700531
1,1,3,res9,cifar10,1.0,8,classifier,0.758538
1,1,4,res9,cifar10,1.0,0,base.2,0.992763
1,1,4,res9,cifar10,1.0,1,base.6,0.916716
1,1,4,res9,cifar10,1.0,2,base.7,0.722922
1,1,4,res9,cifar10,1.0,3,base.11,0.632778
1,1,4,res9,cifar10,1.0,4,base.15,0.572750
1,1,4,res9,cifar10,1.0,5,base.16,0.611877
1,1,4,res9,cifar10,1.0,6,base.17,0.611877
1,1,4,res9,cifar10,1.0,7,base.18,0.611877
1,1,4,res9,cifar10,1.0,8,classifier,0.624575
1,1,5,res9,cifar10,1.0,0,base.2,0.984310
1,1,5,res9,cifar10,1.0,1,base.6,0.932665
1,1,5,res9,cifar10,1.0,2,base.7,0.822071
1,1,5,res9,cifar10,1.0,3,base.11,0.747611
1,1,5,res9,cifar10,1.0,4,base.15,0.705576
1,1,5,res9,cifar10,1.0,5,base.16,0.762009
1,1,5,res9,cifar10,1.0,6,base.17,0.762009
1,1,5,res9,cifar10,1.0,7,base.18,0.762009
1,1,5,res9,cifar10,1.0,8,classifier,0.838116
1,1,6,res9,cifar10,1.0,0,base.2,0.982626
1,1,6,res9,cifar10,1.0,1,base.6,0.961443
1,1,6,res9,cifar10,1.0,2,base.7,0.906292
1,1,6,res9,cifar10,1.0,3,base.11,0.851344
1,1,6,res9,cifar10,1.0,4,base.15,0.778431
1,1,6,res9,cifar10,1.0,5,base.16,0.761968
1,1,6,res9,cifar10,1.0,6,base.17,0.761968
1,1,6,res9,cifar10,1.0,7,base.18,0.761968
1,1,6,res9,cifar10,1.0,8,classifier,0.714683
1,1,7,res9,cifar10,1.0,0,base.2,0.986696
1,1,7,res9,cifar10,1.0,1,base.6,0.937513
1,1,7,res9,cifar10,1.0,2,base.7,0.775169
1,1,7,res9,cifar10,1.0,3,base.11,0.697342
1,1,7,res9,cifar10,1.0,4,base.15,0.678258
1,1,7,res9,cifar10,1.0,5,base.16,0.694165
1,1,7,res9,cifar10,1.0,6,base.17,0.694165
1,1,7,res9,cifar10,1.0,7,base.18,0.694165
1,1,7,res9,cifar10,1.0,8,classifier,0.689805
1,1,8,res9,cifar10,1.0,0,base.2,0.977707
1,1,8,res9,cifar10,1.0,1,base.6,0.914597
1,1,8,res9,cifar10,1.0,2,base.7,0.734715
1,1,8,res9,cifar10,1.0,3,base.11,0.593028
1,1,8,res9,cifar10,1.0,4,base.15,0.487693
1,1,8,res9,cifar10,1.0,5,base.16,0.453241
1,1,8,res9,cifar10,1.0,6,base.17,0.453241
1,1,8,res9,cifar10,1.0,7,base.18,0.453241
1,1,8,res9,cifar10,1.0,8,classifier,0.277298
1,1,9,res9,cifar10,1.0,0,base.2,0.969638
1,1,9,res9,cifar10,1.0,1,base.6,0.915788
1,1,9,res9,cifar10,1.0,2,base.7,0.781304
1,1,9,res9,cifar10,1.0,3,base.11,0.715573
1,1,9,res9,cifar10,1.0,4,base.15,0.580878
1,1,9,res9,cifar10,1.0,5,base.16,0.508101
1,1,9,res9,cifar10,1.0,6,base.17,0.508101
1,1,9,res9,cifar10,1.0,7,base.18,0.508101
1,1,9,res9,cifar10,1.0,8,classifier,0.478744
1,2,3,res9,cifar10,1.0,0,base.2,0.982917
1,2,3,res9,cifar10,1.0,1,base.6,0.931600
1,2,3,res9,cifar10,1.0,2,base.7,0.888448
1,2,3,res9,cifar10,1.0,3,base.11,0.844112
1,2,3,res9,cifar10,1.0,4,base.15,0.794108
1,2,3,res9,cifar10,1.0,5,base.16,0.821643
1,2,3,res9,cifar10,1.0,6,base.17,0.821643
1,2,3,res9,cifar10,1.0,7,base.18,0.821643
1,2,3,res9,cifar10,1.0,8,classifier,0.776991
1,2,4,res9,cifar10,1.0,0,base.2,0.995192
1,2,4,res9,cifar10,1.0,1,base.6,0.960048
1,2,4,res9,cifar10,1.0,2,base.7,0.902075
1,2,4,res9,cifar10,1.0,3,base.11,0.857083
1,2,4,res9,cifar10,1.0,4,base.15,0.784492
1,2,4,res9,cifar10,1.0,5,base.16,0.697908
1,2,4,res9,cifar10,1.0,6,base.17,0.697908
1,2,4,res9,cifar10,1.0,7,base.18,0.697908
1,2,4,res9,cifar10,1.0,8,classifier,0.528533
1,2,5,res9,cifar10,1.0,0,base.2,0.994262
1,2,5,res9,cifar10,1.0,1,base.6,0.914382
1,2,5,res9,cifar10,1.0,2,base.7,0.815078
1,2,5,res9,cifar10,1.0,3,base.11,0.798899
1,2,5,res9,cifar10,1.0,4,base.15,0.823990
1,2,5,res9,cifar10,1.0,5,base.16,0.833107
1,2,5,res9,cifar10,1.0,6,base.17,0.833107
1,2,5,res9,cifar10,1.0,7,base.18,0.833107
1,2,5,res9,cifar10,1.0,8,classifier,0.772870
1,2,6,res9,cifar10,1.0,0,base.2,0.987120
1,2,6,res9,cifar10,1.0,1,base.6,0.916143
1,2,6,res9,cifar10,1.0,2,base.7,0.827423
1,2,6,res9,cifar10,1.0,3,base.11,0.812169
1,2,6,res9,cifar10,1.0,4,base.15,0.784054
1,2,6,res9,cifar10,1.0,5,base.16,0.809322
1,2,6,res9,cifar10,1.0,6,base.17,0.809322
1,2,6,res9,cifar10,1.0,7,base.18,0.809322
1,2,6,res9,cifar10,1.0,8,classifier,0.825590
1,2,7,res9,cifar10,1.0,0,base.2,0.986934
1,2,7,res9,cifar10,1.0,1,base.6,0.942359
1,2,7,res9,cifar10,1.0,2,base.7,0.873266
1,2,7,res9,cifar10,1.0,3,base.11,0.833327
1,2,7,res9,cifar10,1.0,4,base.15,0.795355
1,2,7,res9,cifar10,1.0,5,base.16,0.774395
1,2,7,res9,cifar10,1.0,6,base.17,0.774395
1,2,7,res9,cifar10,1.0,7,base.18,0.774395
1,2,7,res9,cifar10,1.0,8,classifier,0.758561
1,2,8,res9,cifar10,1.0,0,base.2,0.985345
1,2,8,res9,cifar10,1.0,1,base.6,0.951046
1,2,8,res9,cifar10,1.0,2,base.7,0.846479
1,2,8,res9,cifar10,1.0,3,base.11,0.796995
1,2,8,res9,cifar10,1.0,4,base.15,0.777452
1,2,8,res9,cifar10,1.0,5,base.16,0.628835
1,2,8,res9,cifar10,1.0,6,base.17,0.628835
1,2,8,res9,cifar10,1.0,7,base.18,0.628835
1,2,8,res9,cifar10,1.0,8,classifier,0.427263
1,2,9,res9,cifar10,1.0,0,base.2,0.979896
1,2,9,res9,cifar10,1.0,1,base.6,0.934184
1,2,9,res9,cifar10,1.0,2,base.7,0.914413
1,2,9,res9,cifar10,1.0,3,base.11,0.863147
1,2,9,res9,cifar10,1.0,4,base.15,0.885400
1,2,9,res9,cifar10,1.0,5,base.16,0.875870
1,2,9,res9,cifar10,1.0,6,base.17,0.875870
1,2,9,res9,cifar10,1.0,7,base.18,0.875870
1,2,9,res9,cifar10,1.0,8,classifier,0.809629
1,3,4,res9,cifar10,1.0,0,base.2,0.987526
1,3,4,res9,cifar10,1.0,1,base.6,0.947147
1,3,4,res9,cifar10,1.0,2,base.7,0.865075
1,3,4,res9,cifar10,1.0,3,base.11,0.767298
1,3,4,res9,cifar10,1.0,4,base.15,0.661588
1,3,4,res9,cifar10,1.0,5,base.16,0.623934
1,3,4,res9,cifar10,1.0,6,base.17,0.623934
1,3,4,res9,cifar10,1.0,7,base.18,0.623934
1,3,4,res9,cifar10,1.0,8,classifier,0.558211
1,3,5,res9,cifar10,1.0,0,base.2,0.972075
1,3,5,res9,cifar10,1.0,1,base.6,0.901911
1,3,5,res9,cifar10,1.0,2,base.7,0.841049
1,3,5,res9,cifar10,1.0,3,base.11,0.789118
1,3,5,res9,cifar10,1.0,4,base.15,0.788588
1,3,5,res9,cifar10,1.0,5,base.16,0.804295
1,3,5,res9,cifar10,1.0,6,base.17,0.804295
1,3,5,res9,cifar10,1.0,7,base.18,0.804295
1,3,5,res9,cifar10,1.0,8,classifier,0.768274
1,3,6,res9,cifar10,1.0,0,base.2,0.973154
1,3,6,res9,cifar10,1.0,1,base.6,0.929462
1,3,6,res9,cifar10,1.0,2,base.7,0.881923
1,3,6,res9,cifar10,1.0,3,base.11,0.833432
1,3,6,res9,cifar10,1.0,4,base.15,0.804467
1,3,6,res9,cifar10,1.0,5,base.16,0.797947
1,3,6,res9,cifar10,1.0,6,base.17,0.797947
1,3,6,res9,cifar10,1.0,7,base.18,0.797947
1,3,6,res9,cifar10,1.0,8,classifier,0.756951
1,3,7,res9,cifar10,1.0,0,base.2,0.984994
1,3,7,res9,cifar10,1.0,1,base.6,0.955358
1,3,7,res9,cifar10,1.0,2,base.7,0.877388
1,3,7,res9,cifar10,1.0,3,base.11,0.799079
1,3,7,res9,cifar10,1.0,4,base.15,0.782744
1,3,7,res9,cifar10,1.0,5,base.16,0.768750
1,3,7,res9,cifar10,1.0,6,base.17,0.768750
1,3,7,res9,cifar10,1.0,7,base.18,0.768750
1,3,7,res9,cifar10,1.0,8,classifier,0.735596
1,3,8,res9,cifar10,1.0,0,base.2,0.971775
1,3,8,res9,cifar10,1.0,1,base.6,0.892254
1,3,8,res9,cifar10,1.0,2,base.7,0.795694
1,3,8,res9,cifar10,1.0,3,base.11,0.710785
1,3,8,res9,cifar10,1.0,4,base.15,0.674484
1,3,8,res9,cifar10,1.0,5,base.16,0.584074
1,3,8,res9,cifar10,1.0,6,base.17,0.584074
1,3,8,res9,cifar10,1.0,7,base.18,0.584074
1,3,8,res9,cifar10,1.0,8,classifier,0.407181
1,3,9,res9,cifar10,1.0,0,base.2,0.964754
1,3,9,res9,cifar10,1.0,1,base.6,0.929632
1,3,9,res9,cifar10,1.0,2,base.7,0.906094
1,3,9,res9,cifar10,1.0,3,base.11,0.843775
1,3,9,res9,cifar10,1.0,4,base.15,0.810332
1,3,9,res9,cifar10,1.0,5,base.16,0.771137
1,3,9,res9,cifar10,1.0,6,base.17,0.771137
1,3,9,res9,cifar10,1.0,7,base.18,0.771137
1,3,9,res9,cifar10,1.0,8,classifier,0.669804
1,4,5,res9,cifar10,1.0,0,base.2,0.995227
1,4,5,res9,cifar10,1.0,1,base.6,0.898512
1,4,5,res9,cifar10,1.0,2,base.7,0.824618
1,4,5,res9,cifar10,1.0,3,base.11,0.838520
1,4,5,res9,cifar10,1.0,4,base.15,0.835855
1,4,5,res9,cifar10,1.0,5,base.16,0.799513
1,4,5,res9,cifar10,1.0,6,base.17,0.799513
1,4,5,res9,cifar10,1.0,7,base.18,0.799513
1,4,5,res9,cifar10,1.0,8,classifier,0.759735
1,4,6,res9,cifar10,1.0,0,base.2,0.991829
1,4,6,res9,cifar10,1.0,1,base.6,0.910102
1,4,6,res9,cifar10,1.0,2,base.7,0.812748
1,4,6,res9,cifar10,1.0,3,base.11,0.761599
1,4,6,res9,cifar10,1.0,4,base.15,0.677658
1,4,6,res9,cifar10,1.0,5,base.16,0.650880
1,4,6,res9,cifar10,1.0,6,base.17,0.650880
1,4,6,res9,cifar10,1.0,7,base.18,0.650880
1,4,6,res9,cifar10,1.0,8,classifier,0.605196
1,4,7,res9,cifar10,1.0,0,base.2,0.995056
1,4,7,res9,cifar10,1.0,1,base.6,0.969125
1,4,7,res9,cifar10,1.0,2,base.7,0.916848
1,4,7,res9,cifar10,1.0,3,base.11,0.856740
1,4,7,res9,cifar10,1.0,4,base.15,0.801220
1,4,7,res9,cifar10,1.0,5,base.16,0.787197
1,4,7,res9,cifar10,1.0,6,base.17,0.787197
1,4,7,res9,cifar10,1.0,7,base.18,0.787197
1,4,7,res9,cifar10,1.0,8,classifier,0.766734
1,4,8,res9,cifar10,1.0,0,base.2,0.986483
1,4,8,res9,cifar10,1.0,1,base.6,0.921367
1,4,8,res9,cifar10,1.0,2,base.7,0.798768
1,4,8,res9,cifar10,1.0,3,base.11,0.734622
1,4,8,res9,cifar10,1.0,4,base.15,0.701710
1,4,8,res9,cifar10,1.0,5,base.16,0.572300
1,4,8,res9,cifar10,1.0,6,base.17,0.572300
1,4,8,res9,cifar10,1.0,7,base.18,0.572300
1,4,8,res9,cifar10,1.0,8,classifier,0.435684
1,4,9,res9,cifar10,1.0,0,base.2,0.986104
1,4,9,res9,cifar10,1.0,1,base.6,0.924037
1,4,9,res9,cifar10,1.0,2,base.7,0.871358
1,4,9,res9,cifar10,1.0,3,base.11,0.806074
1,4,9,res9,cifar10,1.0,4,base.15,0.743541
1,4,9,res9,cifar10,1.0,5,base.16,0.627731
1,4,9,res9,cifar10,1.0,6,base.17,0.627731
1,4,9,res9,cifar10,1.0,7,base.18,0.627731
1,4,9,res9,cifar10,1.0,8,classifier,0.409931
1,5,6,res9,cifar10,1.0,0,base.2,0.989849
1,5,6,res9,cifar10,1.0,1,base.6,0.972681
1,5,6,res9,cifar10,1.0,2,base.7,0.922636
1,5,6,res9,cifar10,1.0,3,base.11,0.864110
1,5,6,res9,cifar10,1.0,4,base.15,0.850506
1,5,6,res9,cifar10,1.0,5,base.16,0.854635
1,5,6,res9,cifar10,1.0,6,base.17,0.854635
1,5,6,res9,cifar10,1.0,7,base.18,0.854635
1,5,6,res9,cifar10,1.0,8,classifier,0.833237
1,5,7,res9,cifar10,1.0,0,base.2,0.989305
1,5,7,res9,cifar10,1.0,1,base.6,0.936454
1,5,7,res9,cifar10,1.0,2,base.7,0.870432
1,5,7,res9,cifar10,1.0,3,base.11,0.842349
1,5,7,res9,cifar10,1.0,4,base.15,0.830089
1,5,7,res9,cifar10,1.0,5,base.16,0.817939
1,5,7,res9,cifar10,1.0,6,base.17,0.817939
1,5,7,res9,cifar10,1.0,7,base.18,0.817939
1,5,7,res9,cifar10,1.0,8,classifier,0.784488
1,5,8,res9,cifar10,1.0,0,base.2,0.984597
1,5,8,res9,cifar10,1.0,1,base.6,0.965228
1,5,8,res9,cifar10,1.0,2,base.7,0.924460
1,5,8,res9,cifar10,1.0,3,base.11,0.872174
1,5,8,res9,cifar10,1.0,4,base.15,0.836393
1,5,8,res9,cifar10,1.0,5,base.16,0.688944
1,5,8,res9,cifar10,1.0,6,base.17,0.688944
1,5,8,res9,cifar10,1.0,7,base.18,0.688944
1,5,8,res9,cifar10,1.0,8,classifier,0.423117
1,5,9,res9,cifar10,1.0,0,base.2,0.986675
1,5,9,res9,cifar10,1.0,1,base.6,0.969737
1,5,9,res9,cifar10,1.0,2,base.7,0.914203
1,5,9,res9,cifar10,1.0,3,base.11,0.911160
1,5,9,res9,cifar10,1.0,4,base.15,0.877698
1,5,9,res9,cifar10,1.0,5,base.16,0.803998
1,5,9,res9,cifar10,1.0,6,base.17,0.803998
1,5,9,res9,cifar10,1.0,7,base.18,0.803998
1,5,9,res9,cifar10,1.0,8,classifier,0.634559
1,6,7,res9,cifar10,1.0,0,base.2,0.991484
1,6,7,res9,cifar10,1.0,1,base.6,0.950997
1,6,7,res9,cifar10,1.0,2,base.7,0.882550
1,6,7,res9,cifar10,1.0,3,base.11,0.824117
1,6,7,res9,cifar10,1.0,4,base.15,0.815663
1,6,7,res9,cifar10,1.0,5,base.16,0.803200
1,6,7,res9,cifar10,1.0,6,base.17,0.803200
1,6,7,res9,cifar10,1.0,7,base.18,0.803200
1,6,7,res9,cifar10,1.0,8,classifier,0.816931
1,6,8,res9,cifar10,1.0,0,base.2,0.990741
1,6,8,res9,cifar10,1.0,1,base.6,0.955523
1,6,8,res9,cifar10,1.0,2,base.7,0.880701
1,6,8,res9,cifar10,1.0,3,base.11,0.766265
1,6,8,res9,cifar10,1.0,4,base.15,0.718299
1,6,8,res9,cifar10,1.0,5,base.16,0.584894
1,6,8,res9,cifar10,1.0,6,base.17,0.584894
1,6,8,res9,cifar10,1.0,7,base.18,0.584894
1,6,8,res9,cifar10,1.0,8,classifier,0.389109
1,6,9,res9,cifar10,1.0,0,base.2,0.983290
1,6,9,res9,cifar10,1.0,1,base.6,0.961396
1,6,9,res9,cifar10,1.0,2,base.7,0.920340
1,6,9,res9,cifar10,1.0,3,base.11,0.883552
1,6,9,res9,cifar10,1.0,4,base.15,0.831737
1,6,9,res9,cifar10,1.0,5,base.16,0.765829
1,6,9,res9,cifar10,1.0,6,base.17,0.765829
1,6,9,res9,cifar10,1.0,7,base.18,0.765829
1,6,9,res9,cifar10,1.0,8,classifier,0.667684
1,7,8,res9,cifar10,1.0,0,base.2,0.987058
1,7,8,res9,cifar10,1.0,1,base.6,0.932776
1,7,8,res9,cifar10,1.0,2,base.7,0.834268
1,7,8,res9,cifar10,1.0,3,base.11,0.795454
1,7,8,res9,cifar10,1.0,4,base.15,0.724619
1,7,8,res9,cifar10,1.0,5,base.16,0.605454
1,7,8,res9,cifar10,1.0,6,base.17,0.605454
1,7,8,res9,cifar10,1.0,7,base.18,0.605454
1,7,8,res9,cifar10,1.0,8,classifier,0.418370
1,7,9,res9,cifar10,1.0,0,base.2,0.986379
1,7,9,res9,cifar10,1.0,1,base.6,0.954930
1,7,9,res9,cifar10,1.0,2,base.7,0.915526
1,7,9,res9,cifar10,1.0,3,base.11,0.891348
1,7,9,res9,cifar10,1.0,4,base.15,0.852462
1,7,9,res9,cifar10,1.0,5,base.16,0.738436
1,7,9,res9,cifar10,1.0,6,base.17,0.738436
1,7,9,res9,cifar10,1.0,7,base.18,0.738436
1,7,9,res9,cifar10,1.0,8,classifier,0.575173
1,8,9,res9,cifar10,1.0,0,base.2,0.968427
1,8,9,res9,cifar10,1.0,1,base.6,0.947767
1,8,9,res9,cifar10,1.0,2,base.7,0.882421
1,8,9,res9,cifar10,1.0,3,base.11,0.851652
1,8,9,res9,cifar10,1.0,4,base.15,0.807698
1,8,9,res9,cifar10,1.0,5,base.16,0.639942
1,8,9,res9,cifar10,1.0,6,base.17,0.639942
1,8,9,res9,cifar10,1.0,7,base.18,0.639942
1,8,9,res9,cifar10,1.0,8,classifier,0.479646
2,0,1,res9,cifar10,1.0,0,base.2,0.987578
2,0,1,res9,cifar10,1.0,1,base.6,0.949060
2,0,1,res9,cifar10,1.0,2,base.7,0.823943
2,0,1,res9,cifar10,1.0,3,base.11,0.741249
2,0,1,res9,cifar10,1.0,4,base.15,0.688538
2,0,1,res9,cifar10,1.0,5,base.16,0.755620
2,0,1,res9,cifar10,1.0,6,base.17,0.755620
2,0,1,res9,cifar10,1.0,7,base.18,0.755620
2,0,1,res9,cifar10,1.0,8,classifier,0.814199
2,0,2,res9,cifar10,1.0,0,base.2,0.981006
2,0,2,res9,cifar10,1.0,1,base.6,0.909802
2,0,2,res9,cifar10,1.0,2,base.7,0.781523
2,0,2,res9,cifar10,1.0,3,base.11,0.726370
2,0,2,res9,cifar10,1.0,4,base.15,0.651791
2,0,2,res9,cifar10,1.0,5,base.16,0.714348
2,0,2,res9,cifar10,1.0,6,base.17,0.714348
2,0,2,res9,cifar10,1.0,7,base.18,0.714348
2,0,2,res9,cifar10,1.0,8,classifier,0.808741
2,0,3,res9,cifar10,1.0,0,base.2,0.982462
2,0,3,res9,cifar10,1.0,1,base.6,0.934850
2,0,3,res9,cifar10,1.0,2,base.7,0.944930
2,0,3,res9,cifar10,1.0,3,base.11,0.952059
2,0,3,res9,cifar10,1.0,4,base.15,0.953950
2,0,3,res9,cifar10,1.0,5,base.16,0.910980
2,0,3,res9,cifar10,1.0,6,base.17,0.910980
2,0,3,res9,cifar10,1.0,7,base.18,0.910980
2,0,3,res9,cifar10,1.0,8,classifier,0.834146
2,0,4,res9,cifar10,1.0,0,base.2,0.983869
2,0,4,res9,cifar10,1.0,1,base.6,0.919268
2,0,4,res9,cifar10,1.0,2,base.7,0.891474
2,0,4,res9,cifar10,1.0,3,base.11,0.856291
2,0,4,res9,cifar10,1.0,4,base.15,0.843893
2,0,4,res9,cifar10,1.0,5,base.16,0.838172
2,0,4,res9,cifar10,1.0,6,base.17,0.838172
2,0,4,res9,cifar10,1.0,7,base.18,0.838172
2,0,4,res9,cifar10,1.0,8,classifier,0.770623
2,0,5,res9,cifar10,1.0,0,base.2,0.977556
2,0,5,res9,cifar10,1.0,1,base.6,0.826128
2,0,5,res9,cifar10,1.0,2,base.7,0.636907
2,0,5,res9,cifar10,1.0,3,base.11,0.504096
2,0,5,res9,cifar10,1.0,4,base.15,0.540146
2,0,5,res9,cifar10,1.0,5,base.16,0.627036
2,0,5,res9,cifar10,1.0,6,base.17,0.627036
2,0,5,res9,cifar10,1.0,7,base.18,0.627036
2,0,5,res9,cifar10,1.0,8,classifier,0.639149
2,0,6,res9,cifar10,1.0,0,base.2,0.968615
2,0,6,res9,cifar10,1.0,1,base.6,0.878183
2,0,6,res9,cifar10,1.0,2,base.7,0.830064
2,0,6,res9,cifar10,1.0,3,base.11,0.763453
2,0,6,res9,cifar10,1.0,4,base.15,0.705136
2,0,6,res9,cifar10,1.0,5,base.16,0.712402
2,0,6,res9,cifar10,1.0,6,base.17,0.712402
2,0,6,res9,cifar10,1.0,7,base.18,0.712402
2,0,6,res9,cifar10,1.0,8,classifier,0.750766
2,0,7,res9,cifar10,1.0,0,base.2,0.986169
2,0,7,res9,cifar10,1.0,1,base.6,0.960827
2,0,7,res9,cifar10,1.0,2,base.7,0.917170
2,0,7,res9,cifar10,1.0,3,base.11,0.888131
2,0,7,res9,cifar10,1.0,4,base.15,0.892636
2,0,7,res9,cifar10,1.0,5,base.16,0.854021
2,0,7,res9,cifar10,1.0,6,base.17,0.854021
2,0,7,res9,cifar10,1.0,7,base.18,0.854021
2,0,7,res9,cifar10,1.0,8,classifier,0.811859
2,0,8,res9,cifar10,1.0,0,base.2,0.971484
2,0,8,res9,cifar10,1.0,1,base.6,0.878340
2,0,8,res9,cifar10,1.0,2,base.7,0.870022
2,0,8,res9,cifar10,1.0,3,base.11,0.816868
2,0,8,res9,cifar10,1.0,4,base.15,0.746557
2,0,8,res9,cifar10,1.0,5,base.16,0.748771
2,0,8,res9,cifar10,1.0,6,base.17,0.748771
2,0,8,res9,cifar10,1.0,7,base.18,0.748771
2,0,8,res9,cifar10,1.0,8,classifier,0.764883
2,0,9,res9,cifar10,1.0,0,base.2,0.980267
2,0,9,res9,cifar10,1.0,1,base.6,0.940960
2,0,9,res9,cifar10,1.0,2,base.7,0.941185
2,0,9,res9,cifar10,1.0,3,base.11,0.915035
2,0,9,res9,cifar10,1.0,4,base.15,0.926212
2,0,9,res9,cifar10,1.0,5,base.16,0.819770
2,0,9,res9,cifar10,1.0,6,base.17,0.819770
2,0,9,res9,cifar10,1.0,7,base.18,0.819770
2,0,9,res9,cifar10,1.0,8,classifier,0.671536
2,1,2,res9,cifar10,1.0,0,base.2,0.989241
2,1,2,res9,cifar10,1.0,1,base.6,0.951440
2,1,2,res9,cifar10,1.0,2,base.7,0.851489
2,1,2,res9,cifar10,1.0,3,base.11,0.825342
2,1,2,res9,cifar10,1.0,4,base.15,0.871360
2,1,2,res9,cifar10,1.0,5,base.16,0.899191
2,1,2,res9,cifar10,1.0,6,base.17,0.899191
2,1,2,res9,cifar10,1.0,7,base.18,0.899191
2,1,2,res9,cifar10,1.0,8,classifier,0.919973
2,1,3,res9,cifar10,1.0,0,base.2,0.975745
2,1,3,res9,cifar10,1.0,1,base.6,0.911418
2,1,3,res9,cifar10,1.0,2,base.7,0.731711
2,1,3,res9,cifar10,1.0,3,base.11,0.662839
2,1,3,res9,cifar10,1.0,4,base.15,0.663511
2,1,3,res9,cifar10,1.0,5,base.16,0.686606
2,1,3,res9,cifar10,1.0,6,base.17,0.686606
2,1,3,res9,cifar10,1.0,7,base.18,0.686606
2,1,3,res9,cifar10,1.0,8,classifier,0.781882
2,1,4,res9,cifar10,1.0,0,base.2,0.986024
2,1,4,res9,cifar10,1.0,1,base.6,0.893931
2,1,4,res9,cifar10,1.0,2,base.7,0.773815
2,1,4,res9,cifar10,1.0,3,base.11,0.690526
2,1,4,res9,cifar10,1.0,4,base.15,0.713170
2,1,4,res9,cifar10,1.0,5,base.16,0.732853
2,1,4,res9,cifar10,1.0,6,base.17,0.732853
2,1,4,res9,cifar10,1.0,7,base.18,0.732853
2,1,4,res9,cifar10,1.0,8,classifier,0.772085
2,1,5,res9,cifar10,1.0,0,base.2,0.974672
2,1,5,res9,cifar10,1.0,1,base.6,0.880763
2,1,5,res9,cifar10,1.0,2,base.7,0.743786
2,1,5,res9,cifar10,1.0,3,base.11,0.648633
2,1,5,res9,cifar10,1.0,4,base.15,0.695005
2,1,5,res9,cifar10,1.0,5,base.16,0.736080
2,1,5,res9,cifar10,1.0,6,base.17,0.736080
2,1,5,res9,cifar10,1.0,7,base.18,0.736080
2,1,5,res9,cifar10,1.0,8,classifier,0.783363
2,1,6,res9,cifar10,1.0,0,base.2,0.973936
2,1,6,res9,cifar10,1.0,1,base.6,0.912304
2,1,6,res9,cifar10,1.0,2,base.7,0.824926
2,1,6,res9,cifar10,1.0,3,base.11,0.736465
2,1,6,res9,cifar10,1.0,4,base.15,0.698702
2,1,6,res9,cifar10,1.0,5,base.16,0.702284
2,1,6,res9,cifar10,1.0,6,base.17,0.702284
2,1,6,res9,cifar10,1.0,7,base.18,0.702284
2,1,6,res9,cifar10,1.0,8,classifier,0.716499
2,1,7,res9,cifar10,1.0,0,base.2,0.986239
2,1,7,res9,cifar10,1.0,1,base.6,0.953970
2,1,7,res9,cifar10,1.0,2,base.7,0.852499
2,1,7,res9,cifar10,1.0,3,base.11,0.763875
2,1,7,res9,cifar10,1.0,4,base.15,0.684178
2,1,7,res9,cifar10,1.0,5,base.16,0.641196
2,1,7,res9,cifar10,1.0,6,base.17,0.641196
2,1,7,res9,cifar10,1.0,7,base.18,0.641196
2,1,7,res9,cifar10,1.0,8,classifier,0.681899
2,1,8,res9,cifar10,1.0,0,base.2,0.979963
2,1,8,res9,cifar10,1.0,1,base.6,0.913413
2,1,8,res9,cifar10,1.0,2,base.7,0.826711
2,1,8,res9,cifar10,1.0,3,base.11,0.764296
2,1,8,res9,cifar10,1.0,4,base.15,0.812305
2,1,8,res9,cifar10,1.0,5,base.16,0.829935
2,1,8,res9,cifar10,1.0,6,base.17,0.829935
2,1,8,res9,cifar10,1.0,7,base.18,0.829935
2,1,8,res9,cifar10,1.0,8,classifier,0.785870
2,1,9,res9,cifar10,1.0,0,base.2,0.985690
2,1,9,res9,cifar10,1.0,1,base.6,0.935838
2,1,9,res9,cifar10,1.0,2,base.7,0.762039
2,1,9,res9,cifar10,1.0,3,base.11,0.654652
2,1,9,res9,cifar10,1.0,4,base.15,0.585191
2,1,9,res9,cifar10,1.0,5,base.16,0.501878
2,1,9,res9,cifar10,1.0,6,base.17,0.501878
2,1,9,res9,cifar10,1.0,7,base.18,0.501878
2,1,9,res9,cifar10,1.0,8,classifier,0.484985
2,2,3,res9,cifar10,1.0,0,base.2,0.984544
2,2,3,res9,cifar10,1.0,1,base.6,0.922217
2,2,3,res9,cifar10,1.0,2,base.7,0.733044
2,2,3,res9,cifar10,1.0,3,base.11,0.660917
2,2,3,res9,cifar10,1.0,4,base.15,0.626360
2,2,3,res9,cifar10,1.0,5,base.16,0.627310
2,2,3,res9,cifar10,1.0,6,base.17,0.627310
2,2,3,res9,cifar10,1.0,7,base.18,0.627310
2,2,3,res9,cifar10,1.0,8,classifier,0.732206
2,2,4,res9,cifar10,1.0,0,base.2,0.988629
2,2,4,res9,cifar10,1.0,1,base.6,0.903322
2,2,4,res9,cifar10,1.0,2,base.7,0.771095
2,2,4,res9,cifar10,1.0,3,base.11,0.708387
2,2,4,res9,cifar10,1.0,4,base.15,0.667470
2,2,4,res9,cifar10,1.0,5,base.16,0.654130
2,2,4,res9,cifar10,1.0,6,base.17,0.654130
2,2,4,res9,cifar10,1.0,7,base.18,0.654130
2,2,4,res9,cifar10,1.0,8,classifier,0.708946
2,2,5,res9,cifar10,1.0,0,base.2,0.990462
2,2,5,res9,cifar10,1.0,1,base.6,0.922730
2,2,5,res9,cifar10,1.0,2,base.7,0.779612
2,2,5,res9,cifar10,1.0,3,base.11,0.637338
2,2,5,res9,cifar10,1.0,4,base.15,0.646583
2,2,5,res9,cifar10,1.0,5,base.16,0.676561
2,2,5,res9,cifar10,1.0,6,base.17,0.676561
2,2,5,res9,cifar10,1.0,7,base.18,0.676561
2,2,5,res9,cifar10,1.0,8,classifier,0.726571
2,2,6,res9,cifar10,1.0,0,base.2,0.989630
2,2,6,res9,cifar10,1.0,1,base.6,0.964322
2,2,6,res9,cifar10,1.0,2,base.7,0.918739
2,2,6,res9,cifar10,1.0,3,base.11,0.838262
2,2,6,res9,cifar10,1.0,4,base.15,0.753955
2,2,6,res9,cifar10,1.0,5,base.16,0.721473
2,2,6,res9,cifar10,1.0,6,base.17,0.721473
2,2,6,res9,cifar10,1.0,7,base.18,0.721473
2,2,6,res9,cifar10,1.0,8,classifier,0.747737
2,2,7,res9,cifar10,1.0,0,base.2,0.988738
2,2,7,res9,cifar10,1.0,1,base.6,0.962874
2,2,7,res9,cifar10,1.0,2,base.7,0.864061
2,2,7,res9,cifar10,1.0,3,base.11,0.773572
2,2,7,res9,cifar10,1.0,4,base.15,0.667318
2,2,7,res9,cifar10,1.0,5,base.16,0.599721
2,2,7,res9,cifar10,1.0,6,base.17,0.599721
2,2,7,res9,cifar10,1.0,7,base.18,0.599721
2,2,7,res9,cifar10,1.0,8,classifier,0.689018
2,2,8,res9,cifar10,1.0,0,base.2,0.989709
2,2,8,res9,cifar10,1.0,1,base.6,0.952525
2,2,8,res9,cifar10,1.0,2,base.7,0.818151
2,2,8,res9,cifar10,1.0,3,base.11,0.742277
2,2,8,res9,cifar10,1.0,4,base.15,0.787171
2,2,8,res9,cifar10,1.0,5,base.16,0.794357
2,2,8,res9,cifar10,1.0,6,base.17,0.794357
2,2,8,res9,cifar10,1.0,7,base.18,0.794357
2,2,8,res9,cifar10,1.0,8,classifier,0.775913
2,2,9,res9,cifar10,1.0,0,base.2,0.996298
2,2,9,res9,cifar10,1.0,1,base.6,0.963896
2,2,9,res9,cifar10,1.0,2,base.7,0.749072
2,2,9,res9,cifar10,1.0,3,base.11,0.636495
2,2,9,res9,cifar10,1.0,4,base.15,0.535889
2,2,9,res9,cifar10,1.0,5,base.16,0.449373
2,2,9,res9,cifar10,1.0,6,base.17,0.449373
2,2,9,res9,cifar10,1.0,7,base.18,0.449373
2,2,9,res9,cifar10,1.0,8,classifier,0.482420
2,3,4,res9,cifar10,1.0,0,base.2,0.988526
2,3,4,res9,cifar10,1.0,1,base.6,0.957123
2,3,4,res9,cifar10,1.0,2,base.7,0.929770
2,3,4,res9,cifar10,1.0,3,base.11,0.889665
2,3,4,res9,cifar10,1.0,4,base.15,0.886531
2,3,4,res9,cifar10,1.0,5,base.16,0.890878
2,3,4,res9,cifar10,1.0,6,base.17,0.890878
2,3,4,res9,cifar10,1.0,7,base.18,0.890878
2,3,4,res9,cifar10,1.0,8,classifier,0.857457
2,3,5,res9,cifar10,1.0,0,base.2,0.984678
2,3,5,res9,cifar10,1.0,1,base.6,0.871239
2,3,5,res9,cifar10,1.0,2,base.7,0.630869
2,3,5,res9,cifar10,1.0,3,base.11,0.524927
2,3,5,res9,cifar10,1.0,4,base.15,0.595440
2,3,5,res9,cifar10,1.0,5,base.16,0.665631
2,3,5,res9,cifar10,1.0,6,base.17,0.665631
2,3,5,res9,cifar10,1.0,7,base.18,0.665631
2,3,5,res9,cifar10,1.0,8,classifier,0.674533
2,3,6,res9,cifar10,1.0,0,base.2,0.974521
2,3,6,res9,cifar10,1.0,1,base.6,0.908833
2,3,6,res9,cifar10,1.0,2,base.7,0.807719
2,3,6,res9,cifar10,1.0,3,base.11,0.752122
2,3,6,res9,cifar10,1.0,4,base.15,0.703509
2,3,6,res9,cifar10,1.0,5,base.16,0.672074
2,3,6,res9,cifar10,1.0,6,base.17,0.672074
2,3,6,res9,cifar10,1.0,7,base.18,0.672074
2,3,6,res9,cifar10,1.0,8,classifier,0.678934
2,3,7,res9,cifar10,1.0,0,base.2,0.980982
2,3,7,res9,cifar10,1.0,1,base.6,0.952046
2,3,7,res9,cifar10,1.0,2,base.7,0.903257
2,3,7,res9,cifar10,1.0,3,base.11,0.892815
2,3,7,res9,cifar10,1.0,4,base.15,0.894789
2,3,7,res9,cifar10,1.0,5,base.16,0.877025
2,3,7,res9,cifar10,1.0,6,base.17,0.877025
2,3,7,res9,cifar10,1.0,7,base.18,0.877025
2,3,7,res9,cifar10,1.0,8,classifier,0.807469
2,3,8,res9,cifar10,1.0,0,base.2,0.970283
2,3,8,res9,cifar10,1.0,1,base.6,0.898180
2,3,8,res9,cifar10,1.0,2,base.7,0.866033
2,3,8,res9,cifar10,1.0,3,base.11,0.822537
2,3,8,res9,cifar10,1.0,4,base.15,0.760796
2,3,8,res9,cifar10,1.0,5,base.16,0.699449
2,3,8,res9,cifar10,1.0,6,base.17,0.699449
2,3,8,res9,cifar10,1.0,7,base.18,0.699449
2,3,8,res9,cifar10,1.0,8,classifier,0.748263
2,3,9,res9,cifar10,1.0,0,base.2,0.984699
2,3,9,res9,cifar10,1.0,1,base.6,0.962724
2,3,9,res9,cifar10,1.0,2,base.7,0.962763
2,3,9,res9,cifar10,1.0,3,base.11,0.949525
2,3,9,res9,cifar10,1.0,4,base.15,0.934351
2,3,9,res9,cifar10,1.0,5,base.16,0.887778
2,3,9,res9,cifar10,1.0,6,base.17,0.887778
2,3,9,res9,cifar10,1.0,7,base.18,0.887778
2,3,9,res9,cifar10,1.0,8,classifier,0.761524
2,4,5,res9,cifar10,1.0,0,base.2,0.986700
2,4,5,res9,cifar10,1.0,1,base.6,0.834666
2,4,5,res9,cifar10,1.0,2,base.7,0.652304
2,4,5,res9,cifar10,1.0,3,base.11,0.603555
2,4,5,res9,cifar10,1.0,4,base.15,0.709740
2,4,5,res9,cifar10,1.0,5,base.16,0.774128
2,4,5,res9,cifar10,1.0,6,base.17,0.774128
2,4,5,res9,cifar10,1.0,7,base.18,0.774128
2,4,5,res9,cifar10,1.0,8,classifier,0.739338
2,4,6,res9,cifar10,1.0,0,base.2,0.971662
2,4,6,res9,cifar10,1.0,1,base.6,0.843194
2,4,6,res9,cifar10,1.0,2,base.7,0.802512
2,4,6,res9,cifar10,1.0,3,base.11,0.755029
2,4,6,res9,cifar10,1.0,4,base.15,0.709686
2,4,6,res9,cifar10,1.0,5,base.16,0.666732
2,4,6,res9,cifar10,1.0,6,base.17,0.666732
2,4,6,res9,cifar10,1.0,7,base.18,0.666732
2,4,6,res9,cifar10,1.0,8,classifier,0.602589
2,4,7,res9,cifar10,1.0,0,base.2,0.994386
2,4,7,res9,cifar10,1.0,1,base.6,0.949941
2,4,7,res9,cifar10,1.0,2,base.7,0.910110
2,4,7,res9,cifar10,1.0,3,base.11,0.859288
2,4,7,res9,cifar10,1.0,4,base.15,0.821665
2,4,7,res9,cifar10,1.0,5,base.16,0.773679
2,4,7,res9,cifar10,1.0,6,base.17,0.773679
2,4,7,res9,cifar10,1.0,7,base.18,0.773679
2,4,7,res9,cifar10,1.0,8,classifier,0.717850
2,4,8,res9,cifar10,1.0,0,base.2,0.986758
2,4,8,res9,cifar10,1.0,1,base.6,0.893693
2,4,8,res9,cifar10,1.0,2,base.7,0.876135
2,4,8,res9,cifar10,1.0,3,base.11,0.815344
2,4,8,res9,cifar10,1.0,4,base.15,0.775099
2,4,8,res9,cifar10,1.0,5,base.16,0.714701
2,4,8,res9,cifar10,1.0,6,base.17,0.714701
2,4,8,res9,cifar10,1.0,7,base.18,0.714701
2,4,8,res9,cifar10,1.0,8,classifier,0.768928
2,4,9,res9,cifar10,1.0,0,base.2,0.990621
2,4,9,res9,cifar10,1.0,1,base.6,0.950798
2,4,9,res9,cifar10,1.0,2,base.7,0.909904
2,4,9,res9,cifar10,1.0,3,base.11,0.849615
2,4,9,res9,cifar10,1.0,4,base.15,0.814619
2,4,9,res9,cifar10,1.0,5,base.16,0.755384
2,4,9,res9,cifar10,1.0,6,base.17,0.755384
2,4,9,res9,cifar10,1.0,7,base.18,0.755384
2,4,9,res9,cifar10,1.0,8,classifier,0.634367
2,5,6,res9,cifar10,1.0,0,base.2,0.976081
2,5,6,res9,cifar10,1.0,1,base.6,0.906063
2,5,6,res9,cifar10,1.0,2,base.7,0.785659
2,5,6,res9,cifar10,1.0,3,base.11,0.697605
2,5,6,res9,cifar10,1.0,4,base.15,0.694985
2,5,6,res9,cifar10,1.0,5,base.16,0.675282
2,5,6,res9,cifar10,1.0,6,base.17,0.675282
2,5,6,res9,cifar10,1.0,7,base.18,0.675282
2,5,6,res9,cifar10,1.0,8,classifier,0.564529
2,5,7,res9,cifar10,1.0,0,base.2,0.989581
2,5,7,res9,cifar10,1.0,1,base.6,0.897526
2,5,7,res9,cifar10,1.0,2,base.7,0.738421
2,5,7,res9,cifar10,1.0,3,base.11,0.676039
2,5,7,res9,cifar10,1.0,4,base.15,0.649961
2,5,7,res9,cifar10,1.0,5,base.16,0.604516
2,5,7,res9,cifar10,1.0,6,base.17,0.604516
2,5,7,res9,cifar10,1.0,7,base.18,0.604516
2,5,7,res9,cifar10,1.0,8,classifier,0.532571
2,5,8,res9,cifar10,1.0,0,base.2,0.985838
2,5,8,res9,cifar10,1.0,1,base.6,0.927181
2,5,8,res9,cifar10,1.0,2,base.7,0.775111
2,5,8,res9,cifar10,1.0,3,base.11,0.715749
2,5,8,res9,cifar10,1.0,4,base.15,0.752952
2,5,8,res9,cifar10,1.0,5,base.16,0.716022
2,5,8,res9,cifar10,1.0,6,base.17,0.716022
2,5,8,res9,cifar10,1.0,7,base.18,0.716022
2,5,8,res9,cifar10,1.0,8,classifier,0.606303
2,5,9,res9,cifar10,1.0,0,base.2,0.989448
2,5,9,res9,cifar10,1.0,1,base.6,0.918571
2,5,9,res9,cifar10,1.0,2,base.7,0.674461
2,5,9,res9,cifar10,1.0,3,base.11,0.540419
2,5,9,res9,cifar10,1.0,4,base.15,0.548649
2,5,9,res9,cifar10,1.0,5,base.16,0.519964
2,5,9,res9,cifar10,1.0,6,base.17,0.519964
2,5,9,res9,cifar10,1.0,7,base.18,0.519964
2,5,9,res9,cifar10,1.0,8,classifier,0.430136
2,6,7,res9,cifar10,1.0,0,base.2,0.974594
2,6,7,res9,cifar10,1.0,1,base.6,0.937380
2,6,7,res9,cifar10,1.0,2,base.7,0.894617
2,6,7,res9,cifar10,1.0,3,base.11,0.868486
2,6,7,res9,cifar10,1.0,4,base.15,0.800095
2,6,7,res9,cifar10,1.0,5,base.16,0.697339
2,6,7,res9,cifar10,1.0,6,base.17,0.697339
2,6,7,res9,cifar10,1.0,7,base.18,0.697339
2,6,7,res9,cifar10,1.0,8,classifier,0.719120
2,6,8,res9,cifar10,1.0,0,base.2,0.982549
2,6,8,res9,cifar10,1.0,1,base.6,0.943000
2,6,8,res9,cifar10,1.0,2,base.7,0.878830
2,6,8,res9,cifar10,1.0,3,base.11,0.850492
2,6,8,res9,cifar10,1.0,4,base.15,0.819017
2,6,8,res9,cifar10,1.0,5,base.16,0.768359
2,6,8,res9,cifar10,1.0,6,base.17,0.768359
2,6,8,res9,cifar10,1.0,7,base.18,0.768359
2,6,8,res9,cifar10,1.0,8,classifier,0.734232
2,6,9,res9,cifar10,1.0,0,base.2,0.985741
2,6,9,res9,cifar10,1.0,1,base.6,0.932763
2,6,9,res9,cifar10,1.0,2,base.7,0.817541
2,6,9,res9,cifar10,1.0,3,base.11,0.752124
2,6,9,res9,cifar10,1.0,4,base.15,0.660353
2,6,9,res9,cifar10,1.0,5,base.16,0.552026
2,6,9,res9,cifar10,1.0,6,base.17,0.552026
2,6,9,res9,cifar10,1.0,7,base.18,0.552026
2,6,9,res9,cifar10,1.0,8,classifier,0.491485
2,7,8,res9,cifar10,1.0,0,base.2,0.989180
2,7,8,res9,cifar10,1.0,1,base.6,0.954389
2,7,8,res9,cifar10,1.0,2,base.7,0.927623
2,7,8,res9,cifar10,1.0,3,base.11,0.913228
2,7,8,res9,cifar10,1.0,4,base.15,0.845192
2,7,8,res9,cifar10,1.0,5,base.16,0.737609
2,7,8,res9,cifar10,1.0,6,base.17,0.737609
2,7,8,res9,cifar10,1.0,7,base.18,0.737609
2,7,8,res9,cifar10,1.0,8,classifier,0.763535
2,7,9,res9,cifar10,1.0,0,base.2,0.990839
2,7,9,res9,cifar10,1.0,1,base.6,0.976435
2,7,9,res9,cifar10,1.0,2,base.7,0.932040
2,7,9,res9,cifar10,1.0,3,base.11,0.924112
2,7,9,res9,cifar10,1.0,4,base.15,0.931660
2,7,9,res9,cifar10,1.0,5,base.16,0.924911
2,7,9,res9,cifar10,1.0,6,base.17,0.924911
2,7,9,res9,cifar10,1.0,7,base.18,0.924911
2,7,9,res9,cifar10,1.0,8,classifier,0.843779
2,8,9,res9,cifar10,1.0,0,base.2,0.990307
2,8,9,res9,cifar10,1.0,1,base.6,0.947236
2,8,9,res9,cifar10,1.0,2,base.7,0.898805
2,8,9,res9,cifar10,1.0,3,base.11,0.857396
2,8,9,res9,cifar10,1.0,4,base.15,0.734257
2,8,9,res9,cifar10,1.0,5,base.16,0.590571
2,8,9,res9,cifar10,1.0,6,base.17,0.590571
2,8,9,res9,cifar10,1.0,7,base.18,0.590571
2,8,9,res9,cifar10,1.0,8,classifier,0.546577
5,0,1,res9,cifar10,1.0,0,base.2,0.984300
5,0,1,res9,cifar10,1.0,1,base.6,0.945281
5,0,1,res9,cifar10,1.0,2,base.7,0.912978
5,0,1,res9,cifar10,1.0,3,base.11,0.846992
5,0,1,res9,cifar10,1.0,4,base.15,0.783444
5,0,1,res9,cifar10,1.0,5,base.16,0.711463
5,0,1,res9,cifar10,1.0,6,base.17,0.711463
5,0,1,res9,cifar10,1.0,7,base.18,0.711463
5,0,1,res9,cifar10,1.0,8,classifier,0.751479
5,0,2,res9,cifar10,1.0,0,base.2,0.990306
5,0,2,res9,cifar10,1.0,1,base.6,0.964514
5,0,2,res9,cifar10,1.0,2,base.7,0.917293
5,0,2,res9,cifar10,1.0,3,base.11,0.862889
5,0,2,res9,cifar10,1.0,4,base.15,0.812347
5,0,2,res9,cifar10,1.0,5,base.16,0.729173
5,0,2,res9,cifar10,1.0,6,base.17,0.729173
5,0,2,res9,cifar10,1.0,7,base.18,0.729173
5,0,2,res9,cifar10,1.0,8,classifier,0.743963
5,0,3,res9,cifar10,1.0,0,base.2,0.987873
5,0,3,res9,cifar10,1.0,1,base.6,0.955855
5,0,3,res9,cifar10,1.0,2,base.7,0.914096
5,0,3,res9,cifar10,1.0,3,base.11,0.873213
5,0,3,res9,cifar10,1.0,4,base.15,0.843378
5,0,3,res9,cifar10,1.0,5,base.16,0.677223
5,0,3,res9,cifar10,1.0,6,base.17,0.677223
5,0,3,res9,cifar10,1.0,7,base.18,0.677223
5,0,3,res9,cifar10,1.0,8,classifier,0.720437
5,0,4,res9,cifar10,1.0,0,base.2,0.983471
5,0,4,res9,cifar10,1.0,1,base.6,0.933093
5,0,4,res9,cifar10,1.0,2,base.7,0.911449
5,0,4,res9,cifar10,1.0,3,base.11,0.888552
5,0,4,res9,cifar10,1.0,4,base.15,0.883078
5,0,4,res9,cifar10,1.0,5,base.16,0.861949
5,0,4,res9,cifar10,1.0,6,base.17,0.861949
5,0,4,res9,cifar10,1.0,7,base.18,0.861949
5,0,4,res9,cifar10,1.0,8,classifier,0.854973
5,0,5,res9,cifar10,1.0,0,base.2,0.988352
5,0,5,res9,cifar10,1.0,1,base.6,0.969492
5,0,5,res9,cifar10,1.0,2,base.7,0.933868
5,0,5,res9,cifar10,1.0,3,base.11,0.898596
5,0,5,res9,cifar10,1.0,4,base.15,0.875771
5,0,5,res9,cifar10,1.0,5,base.16,0.759511
5,0,5,res9,cifar10,1.0,6,base.17,0.759511
5,0,5,res9,cifar10,1.0,7,base.18,0.759511
5,0,5,res9,cifar10,1.0,8,classifier,0.807370
5,0,6,res9,cifar10,1.0,0,base.2,0.986050
5,0,6,res9,cifar10,1.0,1,base.6,0.963273
5,0,6,res9,cifar10,1.0,2,base.7,0.923000
5,0,6,res9,cifar10,1.0,3,base.11,0.866608
5,0,6,res9,cifar10,1.0,4,base.15,0.839626
5,0,6,res9,cifar10,1.0,5,base.16,0.708699
5,0,6,res9,cifar10,1.0,6,base.17,0.708699
5,0,6,res9,cifar10,1.0,7,base.18,0.708699
5,0,6,res9,cifar10,1.0,8,classifier,0.749320
5,0,7,res9,cifar10,1.0,0,base.2,0.985913
5,0,7,res9,cifar10,1.0,1,base.6,0.960582
5,0,7,res9,cifar10,1.0,2,base.7,0.922754
5,0,7,res9,cifar10,1.0,3,base.11,0.879930
5,0,7,res9,cifar10,1.0,4,base.15,0.855089
5,0,7,res9,cifar10,1.0,5,base.16,0.712238
5,0,7,res9,cifar10,1.0,6,base.17,0.712238
5,0,7,res9,cifar10,1.0,7,base.18,0.712238
5,0,7,res9,cifar10,1.0,8,classifier,0.767252
5,0,8,res9,cifar10,1.0,0,base.2,0.973153
5,0,8,res9,cifar10,1.0,1,base.6,0.910206
5,0,8,res9,cifar10,1.0,2,base.7,0.849434
5,0,8,res9,cifar10,1.0,3,base.11,0.784046
5,0,8,res9,cifar10,1.0,4,base.15,0.719745
5,0,8,res9,cifar10,1.0,5,base.16,0.705854
5,0,8,res9,cifar10,1.0,6,base.17,0.705854
5,0,8,res9,cifar10,1.0,7,base.18,0.705854
5,0,8,res9,cifar10,1.0,8,classifier,0.762211
5,0,9,res9,cifar10,1.0,0,base.2,0.977572
5,0,9,res9,cifar10,1.0,1,base.6,0.956082
5,0,9,res9,cifar10,1.0,2,base.7,0.906045
5,0,9,res9,cifar10,1.0,3,base.11,0.829687
5,0,9,res9,cifar10,1.0,4,base.15,0.767344
5,0,9,res9,cifar10,1.0,5,base.16,0.716780
5,0,9,res9,cifar10,1.0,6,base.17,0.716780
5,0,9,res9,cifar10,1.0,7,base.18,0.716780
5,0,9,res9,cifar10,1.0,8,classifier,0.750698
5,1,2,res9,cifar10,1.0,0,base.2,0.988990
5,1,2,res9,cifar10,1.0,1,base.6,0.937888
5,1,2,res9,cifar10,1.0,2,base.7,0.905983
5,1,2,res9,cifar10,1.0,3,base.11,0.872901
5,1,2,res9,cifar10,1.0,4,base.15,0.820888
5,1,2,res9,cifar10,1.0,5,base.16,0.718785
5,1,2,res9,cifar10,1.0,6,base.17,0.718785
5,1,2,res9,cifar10,1.0,7,base.18,0.718785
5,1,2,res9,cifar10,1.0,8,classifier,0.633184
5,1,3,res9,cifar10,1.0,0,base.2,0.984141
5,1,3,res9,cifar10,1.0,1,base.6,0.939168
5,1,3,res9,cifar10,1.0,2,base.7,0.894964
5,1,3,res9,cifar10,1.0,3,base.11,0.828583
5,1,3,res9,cifar10,1.0,4,base.15,0.751198
5,1,3,res9,cifar10,1.0,5,base.16,0.603455
5,1,3,res9,cifar10,1.0,6,base.17,0.603455
5,1,3,res9,cifar10,1.0,7,base.18,0.603455
5,1,3,res9,cifar10,1.0,8,classifier,0.583501
5,1,4,res9,cifar10,1.0,0,base.2,0.980600
5,1,4,res9,cifar10,1.0,1,base.6,0.898240
5,1,4,res9,cifar10,1.0,2,base.7,0.860957
5,1,4,res9,cifar10,1.0,3,base.11,0.786015
5,1,4,res9,cifar10,1.0,4,base.15,0.715340
5,1,4,res9,cifar10,1.0,5,base.16,0.677676
5,1,4,res9,cifar10,1.0,6,base.17,0.677676
5,1,4,res9,cifar10,1.0,7,base.18,0.677676
5,1,4,res9,cifar10,1.0,8,classifier,0.666955
5,1,5,res9,cifar10,1.0,0,base.2,0.989105
5,1,5,res9,cifar10,1.0,1,base.6,0.956775
5,1,5,res9,cifar10,1.0,2,base.7,0.917003
5,1,5,res9,cifar10,1.0,3,base.11,0.846476
5,1,5,res9,cifar10,1.0,4,base.15,0.771609
5,1,5,res9,cifar10,1.0,5,base.16,0.675710
5,1,5,res9,cifar10,1.0,6,base.17,0.675710
5,1,5,res9,cifar10,1.0,7,base.18,0.675710
5,1,5,res9,cifar10,1.0,8,classifier,0.692911
5,1,6,res9,cifar10,1.0,0,base.2,0.987372
5,1,6,res9,cifar10,1.0,1,base.6,0.948567
5,1,6,res9,cifar10,1.0,2,base.7,0.887969
5,1,6,res9,cifar10,1.0,3,base.11,0.797132
5,1,6,res9,cifar10,1.0,4,base.15,0.706080
5,1,6,res9,cifar10,1.0,5,base.16,0.602152
5,1,6,res9,cifar10,1.0,6,base.17,0.602152
5,1,6,res9,cifar10,1.0,7,base.18,0.602152
5,1,6,res9,cifar10,1.0,8,classifier,0.606826
5,1,7,res9,cifar10,1.0,0,base.2,0.980265
5,1,7,res9,cifar10,1.0,1,base.6,0.949590
5,1,7,res9,cifar10,1.0,2,base.7,0.908362
5,1,7,res9,cifar10,1.0,3,base.11,0.842666
5,1,7,res9,cifar10,1.0,4,base.15,0.749239
5,1,7,res9,cifar10,1.0,5,base.16,0.626549
5,1,7,res9,cifar10,1.0,6,base.17,0.626549
5,1,7,res9,cifar10,1.0,7,base.18,0.626549
5,1,7,res9,cifar10,1.0,8,classifier,0.620027
5,1,8,res9,cifar10,1.0,0,base.2,0.984194
5,1,8,res9,cifar10,1.0,1,base.6,0.897278
5,1,8,res9,cifar10,1.0,2,base.7,0.850544
5,1,8,res9,cifar10,1.0,3,base.11,0.770840
5,1,8,res9,cifar10,1.0,4,base.15,0.717797
5,1,8,res9,cifar10,1.0,5,base.16,0.753101
5,1,8,res9,cifar10,1.0,6,base.17,0.753101
5,1,8,res9,cifar10,1.0,7,base.18,0.753101
5,1,8,res9,cifar10,1.0,8,classifier,0.800178
5,1,9,res9,cifar10,1.0,0,base.2,0.986248
5,1,9,res9,cifar10,1.0,1,base.6,0.941950
5,1,9,res9,cifar10,1.0,2,base.7,0.894207
5,1,9,res9,cifar10,1.0,3,base.11,0.779061
5,1,9,res9,cifar10,1.0,4,base.15,0.698642
5,1,9,res9,cifar10,1.0,5,base.16,0.645498
5,1,9,res9,cifar10,1.0,6,base.17,0.645498
5,1,9,res9,cifar10,1.0,7,base.18,0.645498
5,1,9,res9,cifar10,1.0,8,classifier,0.608824
5,2,3,res9,cifar10,1.0,0,base.2,0.990020
5,2,3,res9,cifar10,1.0,1,base.6,0.970494
5,2,3,res9,cifar10,1.0,2,base.7,0.948140
5,2,3,res9,cifar10,1.0,3,base.11,0.907788
5,2,3,res9,cifar10,1.0,4,base.15,0.853292
5,2,3,res9,cifar10,1.0,5,base.16,0.737402
5,2,3,res9,cifar10,1.0,6,base.17,0.737402
5,2,3,res9,cifar10,1.0,7,base.18,0.737402
5,2,3,res9,cifar10,1.0,8,classifier,0.783543
5,2,4,res9,cifar10,1.0,0,base.2,0.991775
5,2,4,res9,cifar10,1.0,1,base.6,0.946075
5,2,4,res9,cifar10,1.0,2,base.7,0.936559
5,2,4,res9,cifar10,1.0,3,base.11,0.895154
5,2,4,res9,cifar10,1.0,4,base.15,0.822725
5,2,4,res9,cifar10,1.0,5,base.16,0.775233
5,2,4,res9,cifar10,1.0,6,base.17,0.775233
5,2,4,res9,cifar10,1.0,7,base.18,0.775233
5,2,4,res9,cifar10,1.0,8,classifier,0.779097
5,2,5,res9,cifar10,1.0,0,base.2,0.992821
5,2,5,res9,cifar10,1.0,1,base.6,0.969365
5,2,5,res9,cifar10,1.0,2,base.7,0.961686
5,2,5,res9,cifar10,1.0,3,base.11,0.933316
5,2,5,res9,cifar10,1.0,4,base.15,0.871260
5,2,5,res9,cifar10,1.0,5,base.16,0.804511
5,2,5,res9,cifar10,1.0,6,base.17,0.804511
5,2,5,res9,cifar10,1.0,7,base.18,0.804511
5,2,5,res9,cifar10,1.0,8,classifier,0.844971
5,2,6,res9,cifar10,1.0,0,base.2,0.988406
5,2,6,res9,cifar10,1.0,1,base.6,0.964204
5,2,6,res9,cifar10,1.0,2,base.7,0.940193
5,2,6,res9,cifar10,1.0,3,base.11,0.883742
5,2,6,res9,cifar10,1.0,4,base.15,0.805067
5,2,6,res9,cifar10,1.0,5,base.16,0.719635
5,2,6,res9,cifar10,1.0,6,base.17,0.719635
5,2,6,res9,cifar10,1.0,7,base.18,0.719635
5,2,6,res9,cifar10,1.0,8,classifier,0.694373
5,2,7,res9,cifar10,1.0,0,base.2,0.992463
5,2,7,res9,cifar10,1.0,1,base.6,0.948788
5,2,7,res9,cifar10,1.0,2,base.7,0.936462
5,2,7,res9,cifar10,1.0,3,base.11,0.914194
5,2,7,res9,cifar10,1.0,4,base.15,0.852158
5,2,7,res9,cifar10,1.0,5,base.16,0.786269
5,2,7,res9,cifar10,1.0,6,base.17,0.786269
5,2,7,res9,cifar10,1.0,7,base.18,0.786269
5,2,7,res9,cifar10,1.0,8,classifier,0.840302
5,2,8,res9,cifar10,1.0,0,base.2,0.977927
5,2,8,res9,cifar10,1.0,1,base.6,0.946006
5,2,8,res9,cifar10,1.0,2,base.7,0.908316
5,2,8,res9,cifar10,1.0,3,base.11,0.861265
5,2,8,res9,cifar10,1.0,4,base.15,0.751410
5,2,8,res9,cifar10,1.0,5,base.16,0.741009
5,2,8,res9,cifar10,1.0,6,base.17,0.741009
5,2,8,res9,cifar10,1.0,7,base.18,0.741009
5,2,8,res9,cifar10,1.0,8,classifier,0.773660
5,2,9,res9,cifar10,1.0,0,base.2,0.988969
5,2,9,res9,cifar10,1.0,1,base.6,0.968507
5,2,9,res9,cifar10,1.0,2,base.7,0.912133
5,2,9,res9,cifar10,1.0,3,base.11,0.858166
5,2,9,res9,cifar10,1.0,4,base.15,0.795382
5,2,9,res9,cifar10,1.0,5,base.16,0.687844
5,2,9,res9,cifar10,1.0,6,base.17,0.687844
5,2,9,res9,cifar10,1.0,7,base.18,0.687844
5,2,9,res9,cifar10,1.0,8,classifier,0.715454
5,3,4,res9,cifar10,1.0,0,base.2,0.979251
5,3,4,res9,cifar10,1.0,1,base.6,0.927395
5,3,4,res9,cifar10,1.0,2,base.7,0.901286
5,3,4,res9,cifar10,1.0,3,base.11,0.896344
5,3,4,res9,cifar10,1.0,4,base.15,0.815811
5,3,4,res9,cifar10,1.0,5,base.16,0.688710
5,3,4,res9,cifar10,1.0,6,base.17,0.688710
5,3,4,res9,cifar10,1.0,7,base.18,0.688710
5,3,4,res9,cifar10,1.0,8,classifier,0.738983
5,3,5,res9,cifar10,1.0,0,base.2,0.989470
5,3,5,res9,cifar10,1.0,1,base.6,0.971027
5,3,5,res9,cifar10,1.0,2,base.7,0.951804
5,3,5,res9,cifar10,1.0,3,base.11,0.943023
5,3,5,res9,cifar10,1.0,4,base.15,0.905976
5,3,5,res9,cifar10,1.0,5,base.16,0.862993
5,3,5,res9,cifar10,1.0,6,base.17,0.862993
5,3,5,res9,cifar10,1.0,7,base.18,0.862993
5,3,5,res9,cifar10,1.0,8,classifier,0.814048
5,3,6,res9,cifar10,1.0,0,base.2,0.992161
5,3,6,res9,cifar10,1.0,1,base.6,0.968994
5,3,6,res9,cifar10,1.0,2,base.7,0.949327
5,3,6,res9,cifar10,1.0,3,base.11,0.946220
5,3,6,res9,cifar10,1.0,4,base.15,0.925874
5,3,6,res9,cifar10,1.0,5,base.16,0.892278
5,3,6,res9,cifar10,1.0,6,base.17,0.892278
5,3,6,res9,cifar10,1.0,7,base.18,0.892278
5,3,6,res9,cifar10,1.0,8,classifier,0.776116
5,3,7,res9,cifar10,1.0,0,base.2,0.979049
5,3,7,res9,cifar10,1.0,1,base.6,0.962258
5,3,7,res9,cifar10,1.0,2,base.7,0.961624
5,3,7,res9,cifar10,1.0,3,base.11,0.957152
5,3,7,res9,cifar10,1.0,4,base.15,0.935643
5,3,7,res9,cifar10,1.0,5,base.16,0.919594
5,3,7,res9,cifar10,1.0,6,base.17,0.919594
5,3,7,res9,cifar10,1.0,7,base.18,0.919594
5,3,7,res9,cifar10,1.0,8,classifier,0.891961
5,3,8,res9,cifar10,1.0,0,base.2,0.980506
5,3,8,res9,cifar10,1.0,1,base.6,0.929745
5,3,8,res9,cifar10,1.0,2,base.7,0.845401
5,3,8,res9,cifar10,1.0,3,base.11,0.788061
5,3,8,res9,cifar10,1.0,4,base.15,0.718319
5,3,8,res9,cifar10,1.0,5,base.16,0.645346
5,3,8,res9,cifar10,1.0,6,base.17,0.645346
5,3,8,res9,cifar10,1.0,7,base.18,0.645346
5,3,8,res9,cifar10,1.0,8,classifier,0.678794
5,3,9,res9,cifar10,1.0,0,base.2,0.989616
5,3,9,res9,cifar10,1.0,1,base.6,0.957471
5,3,9,res9,cifar10,1.0,2,base.7,0.876026
5,3,9,res9,cifar10,1.0,3,base.11,0.806969
5,3,9,res9,cifar10,1.0,4,base.15,0.750272
5,3,9,res9,cifar10,1.0,5,base.16,0.620002
5,3,9,res9,cifar10,1.0,6,base.17,0.620002
5,3,9,res9,cifar10,1.0,7,base.18,0.620002
5,3,9,res9,cifar10,1.0,8,classifier,0.641179
5,4,5,res9,cifar10,1.0,0,base.2,0.993746
5,4,5,res9,cifar10,1.0,1,base.6,0.961607
5,4,5,res9,cifar10,1.0,2,base.7,0.956164
5,4,5,res9,cifar10,1.0,3,base.11,0.941768
5,4,5,res9,cifar10,1.0,4,base.15,0.861570
5,4,5,res9,cifar10,1.0,5,base.16,0.783717
5,4,5,res9,cifar10,1.0,6,base.17,0.783717
5,4,5,res9,cifar10,1.0,7,base.18,0.783717
5,4,5,res9,cifar10,1.0,8,classifier,0.835392
5,4,6,res9,cifar10,1.0,0,base.2,0.986303
5,4,6,res9,cifar10,1.0,1,base.6,0.939116
5,4,6,res9,cifar10,1.0,2,base.7,0.938829
5,4,6,res9,cifar10,1.0,3,base.11,0.900945
5,4,6,res9,cifar10,1.0,4,base.15,0.785333
5,4,6,res9,cifar10,1.0,5,base.16,0.680205
5,4,6,res9,cifar10,1.0,6,base.17,0.680205
5,4,6,res9,cifar10,1.0,7,base.18,0.680205
5,4,6,res9,cifar10,1.0,8,classifier,0.658998
5,4,7,res9,cifar10,1.0,0,base.2,0.985489
5,4,7,res9,cifar10,1.0,1,base.6,0.933326
5,4,7,res9,cifar10,1.0,2,base.7,0.877643
5,4,7,res9,cifar10,1.0,3,base.11,0.870331
5,4,7,res9,cifar10,1.0,4,base.15,0.799030
5,4,7,res9,cifar10,1.0,5,base.16,0.718201
5,4,7,res9,cifar10,1.0,6,base.17,0.718201
5,4,7,res9,cifar10,1.0,7,base.18,0.718201
5,4,7,res9,cifar10,1.0,8,classifier,0.785067
5,4,8,res9,cifar10,1.0,0,base.2,0.977359
5,4,8,res9,cifar10,1.0,1,base.6,0.937202
5,4,8,res9,cifar10,1.0,2,base.7,0.913511
5,4,8,res9,cifar10,1.0,3,base.11,0.871770
5,4,8,res9,cifar10,1.0,4,base.15,0.742758
5,4,8,res9,cifar10,1.0,5,base.16,0.737046
5,4,8,res9,cifar10,1.0,6,base.17,0.737046
5,4,8,res9,cifar10,1.0,7,base.18,0.737046
5,4,8,res9,cifar10,1.0,8,classifier,0.782792
5,4,9,res9,cifar10,1.0,0,base.2,0.981438
5,4,9,res9,cifar10,1.0,1,base.6,0.949160
5,4,9,res9,cifar10,1.0,2,base.7,0.894343
5,4,9,res9,cifar10,1.0,3,base.11,0.821732
5,4,9,res9,cifar10,1.0,4,base.15,0.756064
5,4,9,res9,cifar10,1.0,5,base.16,0.691260
5,4,9,res9,cifar10,1.0,6,base.17,0.691260
5,4,9,res9,cifar10,1.0,7,base.18,0.691260
5,4,9,res9,cifar10,1.0,8,classifier,0.693677
5,5,6,res9,cifar10,1.0,0,base.2,0.993799
5,5,6,res9,cifar10,1.0,1,base.6,0.988218
5,5,6,res9,cifar10,1.0,2,base.7,0.975217
5,5,6,res9,cifar10,1.0,3,base.11,0.956423
5,5,6,res9,cifar10,1.0,4,base.15,0.932139
5,5,6,res9,cifar10,1.0,5,base.16,0.907547
5,5,6,res9,cifar10,1.0,6,base.17,0.907547
5,5,6,res9,cifar10,1.0,7,base.18,0.907547
5,5,6,res9,cifar10,1.0,8,classifier,0.802201
5,5,7,res9,cifar10,1.0,0,base.2,0.985867
5,5,7,res9,cifar10,1.0,1,base.6,0.975012
5,5,7,res9,cifar10,1.0,2,base.7,0.954954
5,5,7,res9,cifar10,1.0,3,base.11,0.945061
5,5,7,res9,cifar10,1.0,4,base.15,0.936539
5,5,7,res9,cifar10,1.0,5,base.16,0.926719
5,5,7,res9,cifar10,1.0,6,base.17,0.926719
5,5,7,res9,cifar10,1.0,7,base.18,0.926719
5,5,7,res9,cifar10,1.0,8,classifier,0.913847
5,5,8,res9,cifar10,1.0,0,base.2,0.989200
5,5,8,res9,cifar10,1.0,1,base.6,0.939289
5,5,8,res9,cifar10,1.0,2,base.7,0.905074
5,5,8,res9,cifar10,1.0,3,base.11,0.872172
5,5,8,res9,cifar10,1.0,4,base.15,0.778497
5,5,8,res9,cifar10,1.0,5,base.16,0.771252
5,5,8,res9,cifar10,1.0,6,base.17,0.771252
5,5,8,res9,cifar10,1.0,7,base.18,0.771252
5,5,8,res9,cifar10,1.0,8,classifier,0.823428
5,5,9,res9,cifar10,1.0,0,base.2,0.991752
5,5,9,res9,cifar10,1.0,1,base.6,0.968480
5,5,9,res9,cifar10,1.0,2,base.7,0.914769
5,5,9,res9,cifar10,1.0,3,base.11,0.865939
5,5,9,res9,cifar10,1.0,4,base.15,0.815993
5,5,9,res9,cifar10,1.0,5,base.16,0.745944
5,5,9,res9,cifar10,1.0,6,base.17,0.745944
5,5,9,res9,cifar10,1.0,7,base.18,0.745944
5,5,9,res9,cifar10,1.0,8,classifier,0.791291
5,6,7,res9,cifar10,1.0,0,base.2,0.983568
5,6,7,res9,cifar10,1.0,1,base.6,0.964194
5,6,7,res9,cifar10,1.0,2,base.7,0.936347
5,6,7,res9,cifar10,1.0,3,base.11,0.938957
5,6,7,res9,cifar10,1.0,4,base.15,0.953014
5,6,7,res9,cifar10,1.0,5,base.16,0.929442
5,6,7,res9,cifar10,1.0,6,base.17,0.929442
5,6,7,res9,cifar10,1.0,7,base.18,0.929442
5,6,7,res9,cifar10,1.0,8,classifier,0.848878
5,6,8,res9,cifar10,1.0,0,base.2,0.994052
5,6,8,res9,cifar10,1.0,1,base.6,0.920801
5,6,8,res9,cifar10,1.0,2,base.7,0.860043
5,6,8,res9,cifar10,1.0,3,base.11,0.786850
5,6,8,res9,cifar10,1.0,4,base.15,0.689909
5,6,8,res9,cifar10,1.0,5,base.16,0.667456
5,6,8,res9,cifar10,1.0,6,base.17,0.667456
5,6,8,res9,cifar10,1.0,7,base.18,0.667456
5,6,8,res9,cifar10,1.0,8,classifier,0.664356
5,6,9,res9,cifar10,1.0,0,base.2,0.990356
5,6,9,res9,cifar10,1.0,1,base.6,0.950909
5,6,9,res9,cifar10,1.0,2,base.7,0.894558
5,6,9,res9,cifar10,1.0,3,base.11,0.814385
5,6,9,res9,cifar10,1.0,4,base.15,0.727800
5,6,9,res9,cifar10,1.0,5,base.16,0.612303
5,6,9,res9,cifar10,1.0,6,base.17,0.612303
5,6,9,res9,cifar10,1.0,7,base.18,0.612303
5,6,9,res9,cifar10,1.0,8,classifier,0.599819
5,7,8,res9,cifar10,1.0,0,base.2,0.977818
5,7,8,res9,cifar10,1.0,1,base.6,0.896483
5,7,8,res9,cifar10,1.0,2,base.7,0.832822
5,7,8,res9,cifar10,1.0,3,base.11,0.781069
5,7,8,res9,cifar10,1.0,4,base.15,0.683008
5,7,8,res9,cifar10,1.0,5,base.16,0.671552
5,7,8,res9,cifar10,1.0,6,base.17,0.671552
5,7,8,res9,cifar10,1.0,7,base.18,0.671552
5,7,8,res9,cifar10,1.0,8,classifier,0.737285
5,7,9,res9,cifar10,1.0,0,base.2,0.978544
5,7,9,res9,cifar10,1.0,1,base.6,0.948130
5,7,9,res9,cifar10,1.0,2,base.7,0.873255
5,7,9,res9,cifar10,1.0,3,base.11,0.799624
5,7,9,res9,cifar10,1.0,4,base.15,0.731815
5,7,9,res9,cifar10,1.0,5,base.16,0.624308
5,7,9,res9,cifar10,1.0,6,base.17,0.624308
5,7,9,res9,cifar10,1.0,7,base.18,0.624308
5,7,9,res9,cifar10,1.0,8,classifier,0.709919
5,8,9,res9,cifar10,1.0,0,base.2,0.989018
5,8,9,res9,cifar10,1.0,1,base.6,0.972944
5,8,9,res9,cifar10,1.0,2,base.7,0.893597
5,8,9,res9,cifar10,1.0,3,base.11,0.823117
5,8,9,res9,cifar10,1.0,4,base.15,0.744974
5,8,9,res9,cifar10,1.0,5,base.16,0.743396
5,8,9,res9,cifar10,1.0,6,base.17,0.743396
5,8,9,res9,cifar10,1.0,7,base.18,0.743396
5,8,9,res9,cifar10,1.0,8,classifier,0.719770
10,0,1,res9,cifar10,1.0,0,base.2,0.988537
10,0,1,res9,cifar10,1.0,1,base.6,0.971949
10,0,1,res9,cifar10,1.0,2,base.7,0.952412
10,0,1,res9,cifar10,1.0,3,base.11,0.929619
10,0,1,res9,cifar10,1.0,4,base.15,0.854009
10,0,1,res9,cifar10,1.0,5,base.16,0.680503
10,0,1,res9,cifar10,1.0,6,base.17,0.680503
10,0,1,res9,cifar10,1.0,7,base.18,0.680503
10,0,1,res9,cifar10,1.0,8,classifier,0.675221
10,0,2,res9,cifar10,1.0,0,base.2,0.988644
10,0,2,res9,cifar10,1.0,1,base.6,0.951440
10,0,2,res9,cifar10,1.0,2,base.7,0.912237
10,0,2,res9,cifar10,1.0,3,base.11,0.900191
10,0,2,res9,cifar10,1.0,4,base.15,0.897567
10,0,2,res9,cifar10,1.0,5,base.16,0.779070
10,0,2,res9,cifar10,1.0,6,base.17,0.779070
10,0,2,res9,cifar10,1.0,7,base.18,0.779070
10,0,2,res9,cifar10,1.0,8,classifier,0.743092
10,0,3,res9,cifar10,1.0,0,base.2,0.985394
10,0,3,res9,cifar10,1.0,1,base.6,0.930791
10,0,3,res9,cifar10,1.0,2,base.7,0.873928
10,0,3,res9,cifar10,1.0,3,base.11,0.869860
10,0,3,res9,cifar10,1.0,4,base.15,0.872324
10,0,3,res9,cifar10,1.0,5,base.16,0.794469
10,0,3,res9,cifar10,1.0,6,base.17,0.794469
10,0,3,res9,cifar10,1.0,7,base.18,0.794469
10,0,3,res9,cifar10,1.0,8,classifier,0.777962
10,0,4,res9,cifar10,1.0,0,base.2,0.979804
10,0,4,res9,cifar10,1.0,1,base.6,0.955216
10,0,4,res9,cifar10,1.0,2,base.7,0.933309
10,0,4,res9,cifar10,1.0,3,base.11,0.919808
10,0,4,res9,cifar10,1.0,4,base.15,0.925277
10,0,4,res9,cifar10,1.0,5,base.16,0.817029
10,0,4,res9,cifar10,1.0,6,base.17,0.817029
10,0,4,res9,cifar10,1.0,7,base.18,0.817029
10,0,4,res9,cifar10,1.0,8,classifier,0.786154
10,0,5,res9,cifar10,1.0,0,base.2,0.981925
10,0,5,res9,cifar10,1.0,1,base.6,0.969720
10,0,5,res9,cifar10,1.0,2,base.7,0.941564
10,0,5,res9,cifar10,1.0,3,base.11,0.903716
10,0,5,res9,cifar10,1.0,4,base.15,0.913104
10,0,5,res9,cifar10,1.0,5,base.16,0.836746
10,0,5,res9,cifar10,1.0,6,base.17,0.836746
10,0,5,res9,cifar10,1.0,7,base.18,0.836746
10,0,5,res9,cifar10,1.0,8,classifier,0.849293
10,0,6,res9,cifar10,1.0,0,base.2,0.991815
10,0,6,res9,cifar10,1.0,1,base.6,0.955065
10,0,6,res9,cifar10,1.0,2,base.7,0.911609
10,0,6,res9,cifar10,1.0,3,base.11,0.910445
10,0,6,res9,cifar10,1.0,4,base.15,0.885845
10,0,6,res9,cifar10,1.0,5,base.16,0.748434
10,0,6,res9,cifar10,1.0,6,base.17,0.748434
10,0,6,res9,cifar10,1.0,7,base.18,0.748434
10,0,6,res9,cifar10,1.0,8,classifier,0.821622
10,0,7,res9,cifar10,1.0,0,base.2,0.987874
10,0,7,res9,cifar10,1.0,1,base.6,0.961613
10,0,7,res9,cifar10,1.0,2,base.7,0.931523
10,0,7,res9,cifar10,1.0,3,base.11,0.912237
10,0,7,res9,cifar10,1.0,4,base.15,0.888962
10,0,7,res9,cifar10,1.0,5,base.16,0.814963
10,0,7,res9,cifar10,1.0,6,base.17,0.814963
10,0,7,res9,cifar10,1.0,7,base.18,0.814963
10,0,7,res9,cifar10,1.0,8,classifier,0.799936
10,0,8,res9,cifar10,1.0,0,base.2,0.993556
10,0,8,res9,cifar10,1.0,1,base.6,0.979034
10,0,8,res9,cifar10,1.0,2,base.7,0.953357
10,0,8,res9,cifar10,1.0,3,base.11,0.938068
10,0,8,res9,cifar10,1.0,4,base.15,0.905713
10,0,8,res9,cifar10,1.0,5,base.16,0.824529
10,0,8,res9,cifar10,1.0,6,base.17,0.824529
10,0,8,res9,cifar10,1.0,7,base.18,0.824529
10,0,8,res9,cifar10,1.0,8,classifier,0.793456
10,0,9,res9,cifar10,1.0,0,base.2,0.980107
10,0,9,res9,cifar10,1.0,1,base.6,0.955721
10,0,9,res9,cifar10,1.0,2,base.7,0.866784
10,0,9,res9,cifar10,1.0,3,base.11,0.765135
10,0,9,res9,cifar10,1.0,4,base.15,0.824596
10,0,9,res9,cifar10,1.0,5,base.16,0.800233
10,0,9,res9,cifar10,1.0,6,base.17,0.800233
10,0,9,res9,cifar10,1.0,7,base.18,0.800233
10,0,9,res9,cifar10,1.0,8,classifier,0.843425
10,1,2,res9,cifar10,1.0,0,base.2,0.969490
10,1,2,res9,cifar10,1.0,1,base.6,0.895899
10,1,2,res9,cifar10,1.0,2,base.7,0.880662
10,1,2,res9,cifar10,1.0,3,base.11,0.886010
10,1,2,res9,cifar10,1.0,4,base.15,0.846518
10,1,2,res9,cifar10,1.0,5,base.16,0.709530
10,1,2,res9,cifar10,1.0,6,base.17,0.709530
10,1,2,res9,cifar10,1.0,7,base.18,0.709530
10,1,2,res9,cifar10,1.0,8,classifier,0.759868
10,1,3,res9,cifar10,1.0,0,base.2,0.978207
10,1,3,res9,cifar10,1.0,1,base.6,0.934424
10,1,3,res9,cifar10,1.0,2,base.7,0.872046
10,1,3,res9,cifar10,1.0,3,base.11,0.876496
10,1,3,res9,cifar10,1.0,4,base.15,0.793737
10,1,3,res9,cifar10,1.0,5,base.16,0.600396
10,1,3,res9,cifar10,1.0,6,base.17,0.600396
10,1,3,res9,cifar10,1.0,7,base.18,0.600396
10,1,3,res9,cifar10,1.0,8,classifier,0.562681
10,1,4,res9,cifar10,1.0,0,base.2,0.958807
10,1,4,res9,cifar10,1.0,1,base.6,0.919477
10,1,4,res9,cifar10,1.0,2,base.7,0.908451
10,1,4,res9,cifar10,1.0,3,base.11,0.902837
10,1,4,res9,cifar10,1.0,4,base.15,0.851951
10,1,4,res9,cifar10,1.0,5,base.16,0.639240
10,1,4,res9,cifar10,1.0,6,base.17,0.639240
10,1,4,res9,cifar10,1.0,7,base.18,0.639240
10,1,4,res9,cifar10,1.0,8,classifier,0.671618
10,1,5,res9,cifar10,1.0,0,base.2,0.971981
10,1,5,res9,cifar10,1.0,1,base.6,0.940291
10,1,5,res9,cifar10,1.0,2,base.7,0.927182
10,1,5,res9,cifar10,1.0,3,base.11,0.912943
10,1,5,res9,cifar10,1.0,4,base.15,0.852472
10,1,5,res9,cifar10,1.0,5,base.16,0.697026
10,1,5,res9,cifar10,1.0,6,base.17,0.697026
10,1,5,res9,cifar10,1.0,7,base.18,0.697026
10,1,5,res9,cifar10,1.0,8,classifier,0.791983
10,1,6,res9,cifar10,1.0,0,base.2,0.973588
10,1,6,res9,cifar10,1.0,1,base.6,0.919840
10,1,6,res9,cifar10,1.0,2,base.7,0.853074
10,1,6,res9,cifar10,1.0,3,base.11,0.844202
10,1,6,res9,cifar10,1.0,4,base.15,0.804506
10,1,6,res9,cifar10,1.0,5,base.16,0.679265
10,1,6,res9,cifar10,1.0,6,base.17,0.679265
10,1,6,res9,cifar10,1.0,7,base.18,0.679265
10,1,6,res9,cifar10,1.0,8,classifier,0.756076
10,1,7,res9,cifar10,1.0,0,base.2,0.984836
10,1,7,res9,cifar10,1.0,1,base.6,0.973228
10,1,7,res9,cifar10,1.0,2,base.7,0.951308
10,1,7,res9,cifar10,1.0,3,base.11,0.946265
10,1,7,res9,cifar10,1.0,4,base.15,0.871629
10,1,7,res9,cifar10,1.0,5,base.16,0.621290
10,1,7,res9,cifar10,1.0,6,base.17,0.621290
10,1,7,res9,cifar10,1.0,7,base.18,0.621290
10,1,7,res9,cifar10,1.0,8,classifier,0.631737
10,1,8,res9,cifar10,1.0,0,base.2,0.987754
10,1,8,res9,cifar10,1.0,1,base.6,0.977473
10,1,8,res9,cifar10,1.0,2,base.7,0.946083
10,1,8,res9,cifar10,1.0,3,base.11,0.920007
10,1,8,res9,cifar10,1.0,4,base.15,0.831861
10,1,8,res9,cifar10,1.0,5,base.16,0.735758
10,1,8,res9,cifar10,1.0,6,base.17,0.735758
10,1,8,res9,cifar10,1.0,7,base.18,0.735758
10,1,8,res9,cifar10,1.0,8,classifier,0.803393
10,1,9,res9,cifar10,1.0,0,base.2,0.962498
10,1,9,res9,cifar10,1.0,1,base.6,0.911206
10,1,9,res9,cifar10,1.0,2,base.7,0.807049
10,1,9,res9,cifar10,1.0,3,base.11,0.684532
10,1,9,res9,cifar10,1.0,4,base.15,0.714023
10,1,9,res9,cifar10,1.0,5,base.16,0.679582
10,1,9,res9,cifar10,1.0,6,base.17,0.679582
10,1,9,res9,cifar10,1.0,7,base.18,0.679582
10,1,9,res9,cifar10,1.0,8,classifier,0.758253
10,2,3,res9,cifar10,1.0,0,base.2,0.981077
10,2,3,res9,cifar10,1.0,1,base.6,0.880642
10,2,3,res9,cifar10,1.0,2,base.7,0.871950
10,2,3,res9,cifar10,1.0,3,base.11,0.894580
10,2,3,res9,cifar10,1.0,4,base.15,0.876756
10,2,3,res9,cifar10,1.0,5,base.16,0.686687
10,2,3,res9,cifar10,1.0,6,base.17,0.686687
10,2,3,res9,cifar10,1.0,7,base.18,0.686687
10,2,3,res9,cifar10,1.0,8,classifier,0.743467
10,2,4,res9,cifar10,1.0,0,base.2,0.978323
10,2,4,res9,cifar10,1.0,1,base.6,0.956373
10,2,4,res9,cifar10,1.0,2,base.7,0.954544
10,2,4,res9,cifar10,1.0,3,base.11,0.955908
10,2,4,res9,cifar10,1.0,4,base.15,0.913793
10,2,4,res9,cifar10,1.0,5,base.16,0.771715
10,2,4,res9,cifar10,1.0,6,base.17,0.771715
10,2,4,res9,cifar10,1.0,7,base.18,0.771715
10,2,4,res9,cifar10,1.0,8,classifier,0.812565
10,2,5,res9,cifar10,1.0,0,base.2,0.986432
10,2,5,res9,cifar10,1.0,1,base.6,0.980718
10,2,5,res9,cifar10,1.0,2,base.7,0.965328
10,2,5,res9,cifar10,1.0,3,base.11,0.956597
10,2,5,res9,cifar10,1.0,4,base.15,0.925315
10,2,5,res9,cifar10,1.0,5,base.16,0.858121
10,2,5,res9,cifar10,1.0,6,base.17,0.858121
10,2,5,res9,cifar10,1.0,7,base.18,0.858121
10,2,5,res9,cifar10,1.0,8,classifier,0.876535
10,2,6,res9,cifar10,1.0,0,base.2,0.990358
10,2,6,res9,cifar10,1.0,1,base.6,0.939360
10,2,6,res9,cifar10,1.0,2,base.7,0.902272
10,2,6,res9,cifar10,1.0,3,base.11,0.873955
10,2,6,res9,cifar10,1.0,4,base.15,0.874180
10,2,6,res9,cifar10,1.0,5,base.16,0.744996
10,2,6,res9,cifar10,1.0,6,base.17,0.744996
10,2,6,res9,cifar10,1.0,7,base.18,0.744996
10,2,6,res9,cifar10,1.0,8,classifier,0.768025
10,2,7,res9,cifar10,1.0,0,base.2,0.974267
10,2,7,res9,cifar10,1.0,1,base.6,0.904508
10,2,7,res9,cifar10,1.0,2,base.7,0.915287
10,2,7,res9,cifar10,1.0,3,base.11,0.922247
10,2,7,res9,cifar10,1.0,4,base.15,0.885006
10,2,7,res9,cifar10,1.0,5,base.16,0.670457
10,2,7,res9,cifar10,1.0,6,base.17,0.670457
10,2,7,res9,cifar10,1.0,7,base.18,0.670457
10,2,7,res9,cifar10,1.0,8,classifier,0.704733
10,2,8,res9,cifar10,1.0,0,base.2,0.988098
10,2,8,res9,cifar10,1.0,1,base.6,0.933072
10,2,8,res9,cifar10,1.0,2,base.7,0.899050
10,2,8,res9,cifar10,1.0,3,base.11,0.894807
10,2,8,res9,cifar10,1.0,4,base.15,0.882284
10,2,8,res9,cifar10,1.0,5,base.16,0.874738
10,2,8,res9,cifar10,1.0,6,base.17,0.874738
10,2,8,res9,cifar10,1.0,7,base.18,0.874738
10,2,8,res9,cifar10,1.0,8,classifier,0.884505
10,2,9,res9,cifar10,1.0,0,base.2,0.991180
10,2,9,res9,cifar10,1.0,1,base.6,0.968484
10,2,9,res9,cifar10,1.0,2,base.7,0.867125
10,2,9,res9,cifar10,1.0,3,base.11,0.773009
10,2,9,res9,cifar10,1.0,4,base.15,0.793571
10,2,9,res9,cifar10,1.0,5,base.16,0.755488
10,2,9,res9,cifar10,1.0,6,base.17,0.755488
10,2,9,res9,cifar10,1.0,7,base.18,0.755488
10,2,9,res9,cifar10,1.0,8,classifier,0.775538
10,3,4,res9,cifar10,1.0,0,base.2,0.974766
10,3,4,res9,cifar10,1.0,1,base.6,0.906688
10,3,4,res9,cifar10,1.0,2,base.7,0.918731
10,3,4,res9,cifar10,1.0,3,base.11,0.909788
10,3,4,res9,cifar10,1.0,4,base.15,0.889448
10,3,4,res9,cifar10,1.0,5,base.16,0.724219
10,3,4,res9,cifar10,1.0,6,base.17,0.724219
10,3,4,res9,cifar10,1.0,7,base.18,0.724219
10,3,4,res9,cifar10,1.0,8,classifier,0.689194
10,3,5,res9,cifar10,1.0,0,base.2,0.982450
10,3,5,res9,cifar10,1.0,1,base.6,0.892776
10,3,5,res9,cifar10,1.0,2,base.7,0.895297
10,3,5,res9,cifar10,1.0,3,base.11,0.879672
10,3,5,res9,cifar10,1.0,4,base.15,0.896593
10,3,5,res9,cifar10,1.0,5,base.16,0.757715
10,3,5,res9,cifar10,1.0,6,base.17,0.757715
10,3,5,res9,cifar10,1.0,7,base.18,0.757715
10,3,5,res9,cifar10,1.0,8,classifier,0.780598
10,3,6,res9,cifar10,1.0,0,base.2,0.974457
10,3,6,res9,cifar10,1.0,1,base.6,0.851258
10,3,6,res9,cifar10,1.0,2,base.7,0.731735
10,3,6,res9,cifar10,1.0,3,base.11,0.758298
10,3,6,res9,cifar10,1.0,4,base.15,0.761780
10,3,6,res9,cifar10,1.0,5,base.16,0.630411
10,3,6,res9,cifar10,1.0,6,base.17,0.630411
10,3,6,res9,cifar10,1.0,7,base.18,0.630411
10,3,6,res9,cifar10,1.0,8,classifier,0.713235
10,3,7,res9,cifar10,1.0,0,base.2,0.991376
10,3,7,res9,cifar10,1.0,1,base.6,0.959353
10,3,7,res9,cifar10,1.0,2,base.7,0.928579
10,3,7,res9,cifar10,1.0,3,base.11,0.925097
10,3,7,res9,cifar10,1.0,4,base.15,0.935886
10,3,7,res9,cifar10,1.0,5,base.16,0.909985
10,3,7,res9,cifar10,1.0,6,base.17,0.909985
10,3,7,res9,cifar10,1.0,7,base.18,0.909985
10,3,7,res9,cifar10,1.0,8,classifier,0.808771
10,3,8,res9,cifar10,1.0,0,base.2,0.983789
10,3,8,res9,cifar10,1.0,1,base.6,0.937821
10,3,8,res9,cifar10,1.0,2,base.7,0.918366
10,3,8,res9,cifar10,1.0,3,base.11,0.903193
10,3,8,res9,cifar10,1.0,4,base.15,0.820309
10,3,8,res9,cifar10,1.0,5,base.16,0.714517
10,3,8,res9,cifar10,1.0,6,base.17,0.714517
10,3,8,res9,cifar10,1.0,7,base.18,0.714517
10,3,8,res9,cifar10,1.0,8,classifier,0.752035
10,3,9,res9,cifar10,1.0,0,base.2,0.970031
10,3,9,res9,cifar10,1.0,1,base.6,0.854602
10,3,9,res9,cifar10,1.0,2,base.7,0.699104
10,3,9,res9,cifar10,1.0,3,base.11,0.590732
10,3,9,res9,cifar10,1.0,4,base.15,0.673305
10,3,9,res9,cifar10,1.0,5,base.16,0.607564
10,3,9,res9,cifar10,1.0,6,base.17,0.607564
10,3,9,res9,cifar10,1.0,7,base.18,0.607564
10,3,9,res9,cifar10,1.0,8,classifier,0.674933
10,4,5,res9,cifar10,1.0,0,base.2,0.982340
10,4,5,res9,cifar10,1.0,1,base.6,0.967974
10,4,5,res9,cifar10,1.0,2,base.7,0.968788
10,4,5,res9,cifar10,1.0,3,base.11,0.954531
10,4,5,res9,cifar10,1.0,4,base.15,0.920968
10,4,5,res9,cifar10,1.0,5,base.16,0.742702
10,4,5,res9,cifar10,1.0,6,base.17,0.742702
10,4,5,res9,cifar10,1.0,7,base.18,0.742702
10,4,5,res9,cifar10,1.0,8,classifier,0.811375
10,4,6,res9,cifar10,1.0,0,base.2,0.977128
10,4,6,res9,cifar10,1.0,1,base.6,0.939020
10,4,6,res9,cifar10,1.0,2,base.7,0.873996
10,4,6,res9,cifar10,1.0,3,base.11,0.872707
10,4,6,res9,cifar10,1.0,4,base.15,0.882154
10,4,6,res9,cifar10,1.0,5,base.16,0.689240
10,4,6,res9,cifar10,1.0,6,base.17,0.689240
10,4,6,res9,cifar10,1.0,7,base.18,0.689240
10,4,6,res9,cifar10,1.0,8,classifier,0.755175
10,4,7,res9,cifar10,1.0,0,base.2,0.982606
10,4,7,res9,cifar10,1.0,1,base.6,0.941277
10,4,7,res9,cifar10,1.0,2,base.7,0.948868
10,4,7,res9,cifar10,1.0,3,base.11,0.938643
10,4,7,res9,cifar10,1.0,4,base.15,0.907042
10,4,7,res9,cifar10,1.0,5,base.16,0.763327
10,4,7,res9,cifar10,1.0,6,base.17,0.763327
10,4,7,res9,cifar10,1.0,7,base.18,0.763327
10,4,7,res9,cifar10,1.0,8,classifier,0.703007
10,4,8,res9,cifar10,1.0,0,base.2,0.984466
10,4,8,res9,cifar10,1.0,1,base.6,0.956913
10,4,8,res9,cifar10,1.0,2,base.7,0.938319
10,4,8,res9,cifar10,1.0,3,base.11,0.918681
10,4,8,res9,cifar10,1.0,4,base.15,0.887863
10,4,8,res9,cifar10,1.0,5,base.16,0.776166
10,4,8,res9,cifar10,1.0,6,base.17,0.776166
10,4,8,res9,cifar10,1.0,7,base.18,0.776166
10,4,8,res9,cifar10,1.0,8,classifier,0.792179
10,4,9,res9,cifar10,1.0,0,base.2,0.971351
10,4,9,res9,cifar10,1.0,1,base.6,0.940970
10,4,9,res9,cifar10,1.0,2,base.7,0.833622
10,4,9,res9,cifar10,1.0,3,base.11,0.748114
10,4,9,res9,cifar10,1.0,4,base.15,0.788462
10,4,9,res9,cifar10,1.0,5,base.16,0.706190
10,4,9,res9,cifar10,1.0,6,base.17,0.706190
10,4,9,res9,cifar10,1.0,7,base.18,0.706190
10,4,9,res9,cifar10,1.0,8,classifier,0.767370
10,5,6,res9,cifar10,1.0,0,base.2,0.980232
10,5,6,res9,cifar10,1.0,1,base.6,0.962202
10,5,6,res9,cifar10,1.0,2,base.7,0.898160
10,5,6,res9,cifar10,1.0,3,base.11,0.867433
10,5,6,res9,cifar10,1.0,4,base.15,0.868804
10,5,6,res9,cifar10,1.0,5,base.16,0.804156
10,5,6,res9,cifar10,1.0,6,base.17,0.804156
10,5,6,res9,cifar10,1.0,7,base.18,0.804156
10,5,6,res9,cifar10,1.0,8,classifier,0.860396
10,5,7,res9,cifar10,1.0,0,base.2,0.984773
10,5,7,res9,cifar10,1.0,1,base.6,0.937029
10,5,7,res9,cifar10,1.0,2,base.7,0.956050
10,5,7,res9,cifar10,1.0,3,base.11,0.942122
10,5,7,res9,cifar10,1.0,4,base.15,0.930442
10,5,7,res9,cifar10,1.0,5,base.16,0.769918
10,5,7,res9,cifar10,1.0,6,base.17,0.769918
10,5,7,res9,cifar10,1.0,7,base.18,0.769918
10,5,7,res9,cifar10,1.0,8,classifier,0.771617
10,5,8,res9,cifar10,1.0,0,base.2,0.990818
10,5,8,res9,cifar10,1.0,1,base.6,0.962860
10,5,8,res9,cifar10,1.0,2,base.7,0.946040
10,5,8,res9,cifar10,1.0,3,base.11,0.912773
10,5,8,res9,cifar10,1.0,4,base.15,0.891999
10,5,8,res9,cifar10,1.0,5,base.16,0.878302
10,5,8,res9,cifar10,1.0,6,base.17,0.878302
10,5,8,res9,cifar10,1.0,7,base.18,0.878302
10,5,8,res9,cifar10,1.0,8,classifier,0.914153
10,5,9,res9,cifar10,1.0,0,base.2,0.982492
10,5,9,res9,cifar10,1.0,1,base.6,0.969094
10,5,9,res9,cifar10,1.0,2,base.7,0.868253
10,5,9,res9,cifar10,1.0,3,base.11,0.786197
10,5,9,res9,cifar10,1.0,4,base.15,0.825683
10,5,9,res9,cifar10,1.0,5,base.16,0.784236
10,5,9,res9,cifar10,1.0,6,base.17,0.784236
10,5,9,res9,cifar10,1.0,7,base.18,0.784236
10,5,9,res9,cifar10,1.0,8,classifier,0.854190
10,6,7,res9,cifar10,1.0,0,base.2,0.974616
10,6,7,res9,cifar10,1.0,1,base.6,0.889872
10,6,7,res9,cifar10,1.0,2,base.7,0.817834
10,6,7,res9,cifar10,1.0,3,base.11,0.833740
10,6,7,res9,cifar10,1.0,4,base.15,0.807998
10,6,7,res9,cifar10,1.0,5,base.16,0.654416
10,6,7,res9,cifar10,1.0,6,base.17,0.654416
10,6,7,res9,cifar10,1.0,7,base.18,0.654416
10,6,7,res9,cifar10,1.0,8,classifier,0.682611
10,6,8,res9,cifar10,1.0,0,base.2,0.990364
10,6,8,res9,cifar10,1.0,1,base.6,0.939458
10,6,8,res9,cifar10,1.0,2,base.7,0.866590
10,6,8,res9,cifar10,1.0,3,base.11,0.884822
10,6,8,res9,cifar10,1.0,4,base.15,0.890664
10,6,8,res9,cifar10,1.0,5,base.16,0.757754
10,6,8,res9,cifar10,1.0,6,base.17,0.757754
10,6,8,res9,cifar10,1.0,7,base.18,0.757754
10,6,8,res9,cifar10,1.0,8,classifier,0.821405
10,6,9,res9,cifar10,1.0,0,base.2,0.989415
10,6,9,res9,cifar10,1.0,1,base.6,0.965558
10,6,9,res9,cifar10,1.0,2,base.7,0.949423
10,6,9,res9,cifar10,1.0,3,base.11,0.834889
10,6,9,res9,cifar10,1.0,4,base.15,0.825023
10,6,9,res9,cifar10,1.0,5,base.16,0.710402
10,6,9,res9,cifar10,1.0,6,base.17,0.710402
10,6,9,res9,cifar10,1.0,7,base.18,0.710402
10,6,9,res9,cifar10,1.0,8,classifier,0.806539
10,7,8,res9,cifar10,1.0,0,base.2,0.989050
10,7,8,res9,cifar10,1.0,1,base.6,0.971203
10,7,8,res9,cifar10,1.0,2,base.7,0.944556
10,7,8,res9,cifar10,1.0,3,base.11,0.926676
10,7,8,res9,cifar10,1.0,4,base.15,0.845930
10,7,8,res9,cifar10,1.0,5,base.16,0.742331
10,7,8,res9,cifar10,1.0,6,base.17,0.742331
10,7,8,res9,cifar10,1.0,7,base.18,0.742331
10,7,8,res9,cifar10,1.0,8,classifier,0.745307
10,7,9,res9,cifar10,1.0,0,base.2,0.968925
10,7,9,res9,cifar10,1.0,1,base.6,0.904130
10,7,9,res9,cifar10,1.0,2,base.7,0.773949
10,7,9,res9,cifar10,1.0,3,base.11,0.683760
10,7,9,res9,cifar10,1.0,4,base.15,0.729530
10,7,9,res9,cifar10,1.0,5,base.16,0.638032
10,7,9,res9,cifar10,1.0,6,base.17,0.638032
10,7,9,res9,cifar10,1.0,7,base.18,0.638032
10,7,9,res9,cifar10,1.0,8,classifier,0.675486
10,8,9,res9,cifar10,1.0,0,base.2,0.985489
10,8,9,res9,cifar10,1.0,1,base.6,0.934808
10,8,9,res9,cifar10,1.0,2,base.7,0.813985
10,8,9,res9,cifar10,1.0,3,base.11,0.704991
10,8,9,res9,cifar10,1.0,4,base.15,0.786009
10,8,9,res9,cifar10,1.0,5,base.16,0.794408
10,8,9,res9,cifar10,1.0,6,base.17,0.794408
10,8,9,res9,cifar10,1.0,7,base.18,0.794408
10,8,9,res9,cifar10,1.0,8,classifier,0.838246
20,0,1,res9,cifar10,1.0,0,base.2,0.983227
20,0,1,res9,cifar10,1.0,1,base.6,0.948971
20,0,1,res9,cifar10,1.0,2,base.7,0.922830
20,0,1,res9,cifar10,1.0,3,base.11,0.917086
20,0,1,res9,cifar10,1.0,4,base.15,0.878613
20,0,1,res9,cifar10,1.0,5,base.16,0.751908
20,0,1,res9,cifar10,1.0,6,base.17,0.751908
20,0,1,res9,cifar10,1.0,7,base.18,0.751908
20,0,1,res9,cifar10,1.0,8,classifier,0.800721
20,0,2,res9,cifar10,1.0,0,base.2,0.995929
20,0,2,res9,cifar10,1.0,1,base.6,0.988380
20,0,2,res9,cifar10,1.0,2,base.7,0.964370
20,0,2,res9,cifar10,1.0,3,base.11,0.948282
20,0,2,res9,cifar10,1.0,4,base.15,0.918285
20,0,2,res9,cifar10,1.0,5,base.16,0.761750
20,0,2,res9,cifar10,1.0,6,base.17,0.761750
20,0,2,res9,cifar10,1.0,7,base.18,0.761750
20,0,2,res9,cifar10,1.0,8,classifier,0.725738
20,0,3,res9,cifar10,1.0,0,base.2,0.991443
20,0,3,res9,cifar10,1.0,1,base.6,0.957529
20,0,3,res9,cifar10,1.0,2,base.7,0.925796
20,0,3,res9,cifar10,1.0,3,base.11,0.904011
20,0,3,res9,cifar10,1.0,4,base.15,0.843991
20,0,3,res9,cifar10,1.0,5,base.16,0.725217
20,0,3,res9,cifar10,1.0,6,base.17,0.725217
20,0,3,res9,cifar10,1.0,7,base.18,0.725217
20,0,3,res9,cifar10,1.0,8,classifier,0.757628
20,0,4,res9,cifar10,1.0,0,base.2,0.994432
20,0,4,res9,cifar10,1.0,1,base.6,0.984743
20,0,4,res9,cifar10,1.0,2,base.7,0.954068
20,0,4,res9,cifar10,1.0,3,base.11,0.929084
20,0,4,res9,cifar10,1.0,4,base.15,0.914442
20,0,4,res9,cifar10,1.0,5,base.16,0.773628
20,0,4,res9,cifar10,1.0,6,base.17,0.773628
20,0,4,res9,cifar10,1.0,7,base.18,0.773628
20,0,4,res9,cifar10,1.0,8,classifier,0.770834
20,0,5,res9,cifar10,1.0,0,base.2,0.988067
20,0,5,res9,cifar10,1.0,1,base.6,0.978978
20,0,5,res9,cifar10,1.0,2,base.7,0.949570
20,0,5,res9,cifar10,1.0,3,base.11,0.917232
20,0,5,res9,cifar10,1.0,4,base.15,0.894617
20,0,5,res9,cifar10,1.0,5,base.16,0.764921
20,0,5,res9,cifar10,1.0,6,base.17,0.764921
20,0,5,res9,cifar10,1.0,7,base.18,0.764921
20,0,5,res9,cifar10,1.0,8,classifier,0.785614
20,0,6,res9,cifar10,1.0,0,base.2,0.993103
20,0,6,res9,cifar10,1.0,1,base.6,0.979285
20,0,6,res9,cifar10,1.0,2,base.7,0.950904
20,0,6,res9,cifar10,1.0,3,base.11,0.944300
20,0,6,res9,cifar10,1.0,4,base.15,0.915730
20,0,6,res9,cifar10,1.0,5,base.16,0.725593
20,0,6,res9,cifar10,1.0,6,base.17,0.725593
20,0,6,res9,cifar10,1.0,7,base.18,0.725593
20,0,6,res9,cifar10,1.0,8,classifier,0.800776
20,0,7,res9,cifar10,1.0,0,base.2,0.996032
20,0,7,res9,cifar10,1.0,1,base.6,0.987855
20,0,7,res9,cifar10,1.0,2,base.7,0.966080
20,0,7,res9,cifar10,1.0,3,base.11,0.945278
20,0,7,res9,cifar10,1.0,4,base.15,0.924417
20,0,7,res9,cifar10,1.0,5,base.16,0.844904
20,0,7,res9,cifar10,1.0,6,base.17,0.844904
20,0,7,res9,cifar10,1.0,7,base.18,0.844904
20,0,7,res9,cifar10,1.0,8,classifier,0.864696
20,0,8,res9,cifar10,1.0,0,base.2,0.990231
20,0,8,res9,cifar10,1.0,1,base.6,0.981079
20,0,8,res9,cifar10,1.0,2,base.7,0.969815
20,0,8,res9,cifar10,1.0,3,base.11,0.946876
20,0,8,res9,cifar10,1.0,4,base.15,0.912721
20,0,8,res9,cifar10,1.0,5,base.16,0.794982
20,0,8,res9,cifar10,1.0,6,base.17,0.794982
20,0,8,res9,cifar10,1.0,7,base.18,0.794982
20,0,8,res9,cifar10,1.0,8,classifier,0.866260
20,0,9,res9,cifar10,1.0,0,base.2,0.987133
20,0,9,res9,cifar10,1.0,1,base.6,0.966616
20,0,9,res9,cifar10,1.0,2,base.7,0.946325
20,0,9,res9,cifar10,1.0,3,base.11,0.932543
20,0,9,res9,cifar10,1.0,4,base.15,0.882208
20,0,9,res9,cifar10,1.0,5,base.16,0.739962
20,0,9,res9,cifar10,1.0,6,base.17,0.739962
20,0,9,res9,cifar10,1.0,7,base.18,0.739962
20,0,9,res9,cifar10,1.0,8,classifier,0.801580
20,1,2,res9,cifar10,1.0,0,base.2,0.980485
20,1,2,res9,cifar10,1.0,1,base.6,0.950422
20,1,2,res9,cifar10,1.0,2,base.7,0.934576
20,1,2,res9,cifar10,1.0,3,base.11,0.913161
20,1,2,res9,cifar10,1.0,4,base.15,0.897369
20,1,2,res9,cifar10,1.0,5,base.16,0.655321
20,1,2,res9,cifar10,1.0,6,base.17,0.655321
20,1,2,res9,cifar10,1.0,7,base.18,0.655321
20,1,2,res9,cifar10,1.0,8,classifier,0.653670
20,1,3,res9,cifar10,1.0,0,base.2,0.991805
20,1,3,res9,cifar10,1.0,1,base.6,0.983138
20,1,3,res9,cifar10,1.0,2,base.7,0.943301
20,1,3,res9,cifar10,1.0,3,base.11,0.906066
20,1,3,res9,cifar10,1.0,4,base.15,0.840912
20,1,3,res9,cifar10,1.0,5,base.16,0.783359
20,1,3,res9,cifar10,1.0,6,base.17,0.783359
20,1,3,res9,cifar10,1.0,7,base.18,0.783359
20,1,3,res9,cifar10,1.0,8,classifier,0.715857
20,1,4,res9,cifar10,1.0,0,base.2,0.973424
20,1,4,res9,cifar10,1.0,1,base.6,0.916780
20,1,4,res9,cifar10,1.0,2,base.7,0.864164
20,1,4,res9,cifar10,1.0,3,base.11,0.884577
20,1,4,res9,cifar10,1.0,4,base.15,0.872347
20,1,4,res9,cifar10,1.0,5,base.16,0.760166
20,1,4,res9,cifar10,1.0,6,base.17,0.760166
20,1,4,res9,cifar10,1.0,7,base.18,0.760166
20,1,4,res9,cifar10,1.0,8,classifier,0.744279
20,1,5,res9,cifar10,1.0,0,base.2,0.960271
20,1,5,res9,cifar10,1.0,1,base.6,0.918834
20,1,5,res9,cifar10,1.0,2,base.7,0.873115
20,1,5,res9,cifar10,1.0,3,base.11,0.867778
20,1,5,res9,cifar10,1.0,4,base.15,0.871480
20,1,5,res9,cifar10,1.0,5,base.16,0.750338
20,1,5,res9,cifar10,1.0,6,base.17,0.750338
20,1,5,res9,cifar10,1.0,7,base.18,0.750338
20,1,5,res9,cifar10,1.0,8,classifier,0.797296
20,1,6,res9,cifar10,1.0,0,base.2,0.978985
20,1,6,res9,cifar10,1.0,1,base.6,0.923216
20,1,6,res9,cifar10,1.0,2,base.7,0.895890
20,1,6,res9,cifar10,1.0,3,base.11,0.909873
20,1,6,res9,cifar10,1.0,4,base.15,0.908327
20,1,6,res9,cifar10,1.0,5,base.16,0.735974
20,1,6,res9,cifar10,1.0,6,base.17,0.735974
20,1,6,res9,cifar10,1.0,7,base.18,0.735974
20,1,6,res9,cifar10,1.0,8,classifier,0.738530
20,1,7,res9,cifar10,1.0,0,base.2,0.988006
20,1,7,res9,cifar10,1.0,1,base.6,0.974766
20,1,7,res9,cifar10,1.0,2,base.7,0.961298
20,1,7,res9,cifar10,1.0,3,base.11,0.952738
20,1,7,res9,cifar10,1.0,4,base.15,0.941659
20,1,7,res9,cifar10,1.0,5,base.16,0.769385
20,1,7,res9,cifar10,1.0,6,base.17,0.769385
20,1,7,res9,cifar10,1.0,7,base.18,0.769385
20,1,7,res9,cifar10,1.0,8,classifier,0.792585
20,1,8,res9,cifar10,1.0,0,base.2,0.987897
20,1,8,res9,cifar10,1.0,1,base.6,0.952475
20,1,8,res9,cifar10,1.0,2,base.7,0.945074
20,1,8,res9,cifar10,1.0,3,base.11,0.924454
20,1,8,res9,cifar10,1.0,4,base.15,0.905267
20,1,8,res9,cifar10,1.0,5,base.16,0.733962
20,1,8,res9,cifar10,1.0,6,base.17,0.733962
20,1,8,res9,cifar10,1.0,7,base.18,0.733962
20,1,8,res9,cifar10,1.0,8,classifier,0.779354
20,1,9,res9,cifar10,1.0,0,base.2,0.984911
20,1,9,res9,cifar10,1.0,1,base.6,0.964002
20,1,9,res9,cifar10,1.0,2,base.7,0.922887
20,1,9,res9,cifar10,1.0,3,base.11,0.892905
20,1,9,res9,cifar10,1.0,4,base.15,0.825679
20,1,9,res9,cifar10,1.0,5,base.16,0.696357
20,1,9,res9,cifar10,1.0,6,base.17,0.696357
20,1,9,res9,cifar10,1.0,7,base.18,0.696357
20,1,9,res9,cifar10,1.0,8,classifier,0.788628
20,2,3,res9,cifar10,1.0,0,base.2,0.990626
20,2,3,res9,cifar10,1.0,1,base.6,0.956675
20,2,3,res9,cifar10,1.0,2,base.7,0.911173
20,2,3,res9,cifar10,1.0,3,base.11,0.869007
20,2,3,res9,cifar10,1.0,4,base.15,0.818545
20,2,3,res9,cifar10,1.0,5,base.16,0.635347
20,2,3,res9,cifar10,1.0,6,base.17,0.635347
20,2,3,res9,cifar10,1.0,7,base.18,0.635347
20,2,3,res9,cifar10,1.0,8,classifier,0.664997
20,2,4,res9,cifar10,1.0,0,base.2,0.994420
20,2,4,res9,cifar10,1.0,1,base.6,0.979126
20,2,4,res9,cifar10,1.0,2,base.7,0.945158
20,2,4,res9,cifar10,1.0,3,base.11,0.963753
20,2,4,res9,cifar10,1.0,4,base.15,0.927611
20,2,4,res9,cifar10,1.0,5,base.16,0.733388
20,2,4,res9,cifar10,1.0,6,base.17,0.733388
20,2,4,res9,cifar10,1.0,7,base.18,0.733388
20,2,4,res9,cifar10,1.0,8,classifier,0.757161
20,2,5,res9,cifar10,1.0,0,base.2,0.987850
20,2,5,res9,cifar10,1.0,1,base.6,0.975147
20,2,5,res9,cifar10,1.0,2,base.7,0.956970
20,2,5,res9,cifar10,1.0,3,base.11,0.943227
20,2,5,res9,cifar10,1.0,4,base.15,0.906180
20,2,5,res9,cifar10,1.0,5,base.16,0.727837
20,2,5,res9,cifar10,1.0,6,base.17,0.727837
20,2,5,res9,cifar10,1.0,7,base.18,0.727837
20,2,5,res9,cifar10,1.0,8,classifier,0.732374
20,2,6,res9,cifar10,1.0,0,base.2,0.993025
20,2,6,res9,cifar10,1.0,1,base.6,0.984057
20,2,6,res9,cifar10,1.0,2,base.7,0.966290
20,2,6,res9,cifar10,1.0,3,base.11,0.954666
20,2,6,res9,cifar10,1.0,4,base.15,0.920201
20,2,6,res9,cifar10,1.0,5,base.16,0.664291
20,2,6,res9,cifar10,1.0,6,base.17,0.664291
20,2,6,res9,cifar10,1.0,7,base.18,0.664291
20,2,6,res9,cifar10,1.0,8,classifier,0.713169
20,2,7,res9,cifar10,1.0,0,base.2,0.993902
20,2,7,res9,cifar10,1.0,1,base.6,0.984811
20,2,7,res9,cifar10,1.0,2,base.7,0.964624
20,2,7,res9,cifar10,1.0,3,base.11,0.940581
20,2,7,res9,cifar10,1.0,4,base.15,0.923413
20,2,7,res9,cifar10,1.0,5,base.16,0.751055
20,2,7,res9,cifar10,1.0,6,base.17,0.751055
20,2,7,res9,cifar10,1.0,7,base.18,0.751055
20,2,7,res9,cifar10,1.0,8,classifier,0.706255
20,2,8,res9,cifar10,1.0,0,base.2,0.989523
20,2,8,res9,cifar10,1.0,1,base.6,0.982894
20,2,8,res9,cifar10,1.0,2,base.7,0.974679
20,2,8,res9,cifar10,1.0,3,base.11,0.967697
20,2,8,res9,cifar10,1.0,4,base.15,0.935835
20,2,8,res9,cifar10,1.0,5,base.16,0.765111
20,2,8,res9,cifar10,1.0,6,base.17,0.765111
20,2,8,res9,cifar10,1.0,7,base.18,0.765111
20,2,8,res9,cifar10,1.0,8,classifier,0.782556
20,2,9,res9,cifar10,1.0,0,base.2,0.987733
20,2,9,res9,cifar10,1.0,1,base.6,0.964366
20,2,9,res9,cifar10,1.0,2,base.7,0.928820
20,2,9,res9,cifar10,1.0,3,base.11,0.937264
20,2,9,res9,cifar10,1.0,4,base.15,0.879656
20,2,9,res9,cifar10,1.0,5,base.16,0.700941
20,2,9,res9,cifar10,1.0,6,base.17,0.700941
20,2,9,res9,cifar10,1.0,7,base.18,0.700941
20,2,9,res9,cifar10,1.0,8,classifier,0.639555
20,3,4,res9,cifar10,1.0,0,base.2,0.988154
20,3,4,res9,cifar10,1.0,1,base.6,0.935318
20,3,4,res9,cifar10,1.0,2,base.7,0.880834
20,3,4,res9,cifar10,1.0,3,base.11,0.869637
20,3,4,res9,cifar10,1.0,4,base.15,0.838663
20,3,4,res9,cifar10,1.0,5,base.16,0.795560
20,3,4,res9,cifar10,1.0,6,base.17,0.795560
20,3,4,res9,cifar10,1.0,7,base.18,0.795560
20,3,4,res9,cifar10,1.0,8,classifier,0.791148
20,3,5,res9,cifar10,1.0,0,base.2,0.979077
20,3,5,res9,cifar10,1.0,1,base.6,0.936673
20,3,5,res9,cifar10,1.0,2,base.7,0.866638
20,3,5,res9,cifar10,1.0,3,base.11,0.815271
20,3,5,res9,cifar10,1.0,4,base.15,0.771953
20,3,5,res9,cifar10,1.0,5,base.16,0.659289
20,3,5,res9,cifar10,1.0,6,base.17,0.659289
20,3,5,res9,cifar10,1.0,7,base.18,0.659289
20,3,5,res9,cifar10,1.0,8,classifier,0.693522
20,3,6,res9,cifar10,1.0,0,base.2,0.984687
20,3,6,res9,cifar10,1.0,1,base.6,0.938970
20,3,6,res9,cifar10,1.0,2,base.7,0.873106
20,3,6,res9,cifar10,1.0,3,base.11,0.856967
20,3,6,res9,cifar10,1.0,4,base.15,0.808221
20,3,6,res9,cifar10,1.0,5,base.16,0.833928
20,3,6,res9,cifar10,1.0,6,base.17,0.833928
20,3,6,res9,cifar10,1.0,7,base.18,0.833928
20,3,6,res9,cifar10,1.0,8,classifier,0.743149
20,3,7,res9,cifar10,1.0,0,base.2,0.990733
20,3,7,res9,cifar10,1.0,1,base.6,0.973824
20,3,7,res9,cifar10,1.0,2,base.7,0.935071
20,3,7,res9,cifar10,1.0,3,base.11,0.919053
20,3,7,res9,cifar10,1.0,4,base.15,0.841964
20,3,7,res9,cifar10,1.0,5,base.16,0.787672
20,3,7,res9,cifar10,1.0,6,base.17,0.787672
20,3,7,res9,cifar10,1.0,7,base.18,0.787672
20,3,7,res9,cifar10,1.0,8,classifier,0.820326
20,3,8,res9,cifar10,1.0,0,base.2,0.992780
20,3,8,res9,cifar10,1.0,1,base.6,0.972450
20,3,8,res9,cifar10,1.0,2,base.7,0.934307
20,3,8,res9,cifar10,1.0,3,base.11,0.873803
20,3,8,res9,cifar10,1.0,4,base.15,0.845621
20,3,8,res9,cifar10,1.0,5,base.16,0.752130
20,3,8,res9,cifar10,1.0,6,base.17,0.752130
20,3,8,res9,cifar10,1.0,7,base.18,0.752130
20,3,8,res9,cifar10,1.0,8,classifier,0.779942
20,3,9,res9,cifar10,1.0,0,base.2,0.992395
20,3,9,res9,cifar10,1.0,1,base.6,0.978831
20,3,9,res9,cifar10,1.0,2,base.7,0.954524
20,3,9,res9,cifar10,1.0,3,base.11,0.897924
20,3,9,res9,cifar10,1.0,4,base.15,0.830056
20,3,9,res9,cifar10,1.0,5,base.16,0.619006
20,3,9,res9,cifar10,1.0,6,base.17,0.619006
20,3,9,res9,cifar10,1.0,7,base.18,0.619006
20,3,9,res9,cifar10,1.0,8,classifier,0.677912
20,4,5,res9,cifar10,1.0,0,base.2,0.993264
20,4,5,res9,cifar10,1.0,1,base.6,0.981663
20,4,5,res9,cifar10,1.0,2,base.7,0.948007
20,4,5,res9,cifar10,1.0,3,base.11,0.948461
20,4,5,res9,cifar10,1.0,4,base.15,0.924389
20,4,5,res9,cifar10,1.0,5,base.16,0.741951
20,4,5,res9,cifar10,1.0,6,base.17,0.741951
20,4,5,res9,cifar10,1.0,7,base.18,0.741951
20,4,5,res9,cifar10,1.0,8,classifier,0.792628
20,4,6,res9,cifar10,1.0,0,base.2,0.993398
20,4,6,res9,cifar10,1.0,1,base.6,0.979136
20,4,6,res9,cifar10,1.0,2,base.7,0.931831
20,4,6,res9,cifar10,1.0,3,base.11,0.928858
20,4,6,res9,cifar10,1.0,4,base.15,0.900022
20,4,6,res9,cifar10,1.0,5,base.16,0.792464
20,4,6,res9,cifar10,1.0,6,base.17,0.792464
20,4,6,res9,cifar10,1.0,7,base.18,0.792464
20,4,6,res9,cifar10,1.0,8,classifier,0.779786
20,4,7,res9,cifar10,1.0,0,base.2,0.990096
20,4,7,res9,cifar10,1.0,1,base.6,0.968892
20,4,7,res9,cifar10,1.0,2,base.7,0.931153
20,4,7,res9,cifar10,1.0,3,base.11,0.922730
20,4,7,res9,cifar10,1.0,4,base.15,0.905333
20,4,7,res9,cifar10,1.0,5,base.16,0.771134
20,4,7,res9,cifar10,1.0,6,base.17,0.771134
20,4,7,res9,cifar10,1.0,7,base.18,0.771134
20,4,7,res9,cifar10,1.0,8,classifier,0.763140
20,4,8,res9,cifar10,1.0,0,base.2,0.988652
20,4,8,res9,cifar10,1.0,1,base.6,0.979123
20,4,8,res9,cifar10,1.0,2,base.7,0.948188
20,4,8,res9,cifar10,1.0,3,base.11,0.956439
20,4,8,res9,cifar10,1.0,4,base.15,0.902946
20,4,8,res9,cifar10,1.0,5,base.16,0.836017
20,4,8,res9,cifar10,1.0,6,base.17,0.836017
20,4,8,res9,cifar10,1.0,7,base.18,0.836017
20,4,8,res9,cifar10,1.0,8,classifier,0.856873
20,4,9,res9,cifar10,1.0,0,base.2,0.980654
20,4,9,res9,cifar10,1.0,1,base.6,0.944246
20,4,9,res9,cifar10,1.0,2,base.7,0.909826
20,4,9,res9,cifar10,1.0,3,base.11,0.938115
20,4,9,res9,cifar10,1.0,4,base.15,0.879901
20,4,9,res9,cifar10,1.0,5,base.16,0.701145
20,4,9,res9,cifar10,1.0,6,base.17,0.701145
20,4,9,res9,cifar10,1.0,7,base.18,0.701145
20,4,9,res9,cifar10,1.0,8,classifier,0.741269
20,5,6,res9,cifar10,1.0,0,base.2,0.987579
20,5,6,res9,cifar10,1.0,1,base.6,0.986007
20,5,6,res9,cifar10,1.0,2,base.7,0.966884
20,5,6,res9,cifar10,1.0,3,base.11,0.915080
20,5,6,res9,cifar10,1.0,4,base.15,0.885452
20,5,6,res9,cifar10,1.0,5,base.16,0.669327
20,5,6,res9,cifar10,1.0,6,base.17,0.669327
20,5,6,res9,cifar10,1.0,7,base.18,0.669327
20,5,6,res9,cifar10,1.0,8,classifier,0.774837
20,5,7,res9,cifar10,1.0,0,base.2,0.977233
20,5,7,res9,cifar10,1.0,1,base.6,0.964299
20,5,7,res9,cifar10,1.0,2,base.7,0.917202
20,5,7,res9,cifar10,1.0,3,base.11,0.893277
20,5,7,res9,cifar10,1.0,4,base.15,0.889694
20,5,7,res9,cifar10,1.0,5,base.16,0.794294
20,5,7,res9,cifar10,1.0,6,base.17,0.794294
20,5,7,res9,cifar10,1.0,7,base.18,0.794294
20,5,7,res9,cifar10,1.0,8,classifier,0.786849
20,5,8,res9,cifar10,1.0,0,base.2,0.979191
20,5,8,res9,cifar10,1.0,1,base.6,0.978266
20,5,8,res9,cifar10,1.0,2,base.7,0.957001
20,5,8,res9,cifar10,1.0,3,base.11,0.950202
20,5,8,res9,cifar10,1.0,4,base.15,0.893124
20,5,8,res9,cifar10,1.0,5,base.16,0.702007
20,5,8,res9,cifar10,1.0,6,base.17,0.702007
20,5,8,res9,cifar10,1.0,7,base.18,0.702007
20,5,8,res9,cifar10,1.0,8,classifier,0.801201
20,5,9,res9,cifar10,1.0,0,base.2,0.970320
20,5,9,res9,cifar10,1.0,1,base.6,0.942545
20,5,9,res9,cifar10,1.0,2,base.7,0.895091
20,5,9,res9,cifar10,1.0,3,base.11,0.904701
20,5,9,res9,cifar10,1.0,4,base.15,0.857272
20,5,9,res9,cifar10,1.0,5,base.16,0.734338
20,5,9,res9,cifar10,1.0,6,base.17,0.734338
20,5,9,res9,cifar10,1.0,7,base.18,0.734338
20,5,9,res9,cifar10,1.0,8,classifier,0.791982
20,6,7,res9,cifar10,1.0,0,base.2,0.992748
20,6,7,res9,cifar10,1.0,1,base.6,0.966326
20,6,7,res9,cifar10,1.0,2,base.7,0.927048
20,6,7,res9,cifar10,1.0,3,base.11,0.924548
20,6,7,res9,cifar10,1.0,4,base.15,0.921570
20,6,7,res9,cifar10,1.0,5,base.16,0.768366
20,6,7,res9,cifar10,1.0,6,base.17,0.768366
20,6,7,res9,cifar10,1.0,7,base.18,0.768366
20,6,7,res9,cifar10,1.0,8,classifier,0.799757
20,6,8,res9,cifar10,1.0,0,base.2,0.990408
20,6,8,res9,cifar10,1.0,1,base.6,0.975231
20,6,8,res9,cifar10,1.0,2,base.7,0.956308
20,6,8,res9,cifar10,1.0,3,base.11,0.957768
20,6,8,res9,cifar10,1.0,4,base.15,0.915155
20,6,8,res9,cifar10,1.0,5,base.16,0.754465
20,6,8,res9,cifar10,1.0,6,base.17,0.754465
20,6,8,res9,cifar10,1.0,7,base.18,0.754465
20,6,8,res9,cifar10,1.0,8,classifier,0.789093
20,6,9,res9,cifar10,1.0,0,base.2,0.980831
20,6,9,res9,cifar10,1.0,1,base.6,0.949452
20,6,9,res9,cifar10,1.0,2,base.7,0.910114
20,6,9,res9,cifar10,1.0,3,base.11,0.922414
20,6,9,res9,cifar10,1.0,4,base.15,0.854257
20,6,9,res9,cifar10,1.0,5,base.16,0.614406
20,6,9,res9,cifar10,1.0,6,base.17,0.614406
20,6,9,res9,cifar10,1.0,7,base.18,0.614406
20,6,9,res9,cifar10,1.0,8,classifier,0.738609
20,7,8,res9,cifar10,1.0,0,base.2,0.991311
20,7,8,res9,cifar10,1.0,1,base.6,0.979783
20,7,8,res9,cifar10,1.0,2,base.7,0.971151
20,7,8,res9,cifar10,1.0,3,base.11,0.954536
20,7,8,res9,cifar10,1.0,4,base.15,0.937129
20,7,8,res9,cifar10,1.0,5,base.16,0.771311
20,7,8,res9,cifar10,1.0,6,base.17,0.771311
20,7,8,res9,cifar10,1.0,7,base.18,0.771311
20,7,8,res9,cifar10,1.0,8,classifier,0.833744
20,7,9,res9,cifar10,1.0,0,base.2,0.986829
20,7,9,res9,cifar10,1.0,1,base.6,0.969174
20,7,9,res9,cifar10,1.0,2,base.7,0.941755
20,7,9,res9,cifar10,1.0,3,base.11,0.932615
20,7,9,res9,cifar10,1.0,4,base.15,0.864109
20,7,9,res9,cifar10,1.0,5,base.16,0.718772
20,7,9,res9,cifar10,1.0,6,base.17,0.718772
20,7,9,res9,cifar10,1.0,7,base.18,0.718772
20,7,9,res9,cifar10,1.0,8,classifier,0.774066
20,8,9,res9,cifar10,1.0,0,base.2,0.992721
20,8,9,res9,cifar10,1.0,1,base.6,0.974606
20,8,9,res9,cifar10,1.0,2,base.7,0.955357
20,8,9,res9,cifar10,1.0,3,base.11,0.951276
20,8,9,res9,cifar10,1.0,4,base.15,0.898167
20,8,9,res9,cifar10,1.0,5,base.16,0.757727
20,8,9,res9,cifar10,1.0,6,base.17,0.757727
20,8,9,res9,cifar10,1.0,7,base.18,0.757727
20,8,9,res9,cifar10,1.0,8,classifier,0.832980
30,0,1,res9,cifar10,1.0,0,base.2,0.982215
30,0,1,res9,cifar10,1.0,1,base.6,0.969626
30,0,1,res9,cifar10,1.0,2,base.7,0.943377
30,0,1,res9,cifar10,1.0,3,base.11,0.919956
30,0,1,res9,cifar10,1.0,4,base.15,0.854195
30,0,1,res9,cifar10,1.0,5,base.16,0.738368
30,0,1,res9,cifar10,1.0,6,base.17,0.738368
30,0,1,res9,cifar10,1.0,7,base.18,0.738368
30,0,1,res9,cifar10,1.0,8,classifier,0.786901
30,0,2,res9,cifar10,1.0,0,base.2,0.990883
30,0,2,res9,cifar10,1.0,1,base.6,0.985644
30,0,2,res9,cifar10,1.0,2,base.7,0.953263
30,0,2,res9,cifar10,1.0,3,base.11,0.951446
30,0,2,res9,cifar10,1.0,4,base.15,0.898084
30,0,2,res9,cifar10,1.0,5,base.16,0.776151
30,0,2,res9,cifar10,1.0,6,base.17,0.776151
30,0,2,res9,cifar10,1.0,7,base.18,0.776151
30,0,2,res9,cifar10,1.0,8,classifier,0.804458
30,0,3,res9,cifar10,1.0,0,base.2,0.990488
30,0,3,res9,cifar10,1.0,1,base.6,0.977740
30,0,3,res9,cifar10,1.0,2,base.7,0.967072
30,0,3,res9,cifar10,1.0,3,base.11,0.956239
30,0,3,res9,cifar10,1.0,4,base.15,0.886165
30,0,3,res9,cifar10,1.0,5,base.16,0.736383
30,0,3,res9,cifar10,1.0,6,base.17,0.736383
30,0,3,res9,cifar10,1.0,7,base.18,0.736383
30,0,3,res9,cifar10,1.0,8,classifier,0.729719
30,0,4,res9,cifar10,1.0,0,base.2,0.991641
30,0,4,res9,cifar10,1.0,1,base.6,0.972117
30,0,4,res9,cifar10,1.0,2,base.7,0.928356
30,0,4,res9,cifar10,1.0,3,base.11,0.919621
30,0,4,res9,cifar10,1.0,4,base.15,0.867902
30,0,4,res9,cifar10,1.0,5,base.16,0.660253
30,0,4,res9,cifar10,1.0,6,base.17,0.660253
30,0,4,res9,cifar10,1.0,7,base.18,0.660253
30,0,4,res9,cifar10,1.0,8,classifier,0.724957
30,0,5,res9,cifar10,1.0,0,base.2,0.992157
30,0,5,res9,cifar10,1.0,1,base.6,0.984020
30,0,5,res9,cifar10,1.0,2,base.7,0.937557
30,0,5,res9,cifar10,1.0,3,base.11,0.921044
30,0,5,res9,cifar10,1.0,4,base.15,0.862922
30,0,5,res9,cifar10,1.0,5,base.16,0.687452
30,0,5,res9,cifar10,1.0,6,base.17,0.687452
30,0,5,res9,cifar10,1.0,7,base.18,0.687452
30,0,5,res9,cifar10,1.0,8,classifier,0.618994
30,0,6,res9,cifar10,1.0,0,base.2,0.993754
30,0,6,res9,cifar10,1.0,1,base.6,0.982064
30,0,6,res9,cifar10,1.0,2,base.7,0.961907
30,0,6,res9,cifar10,1.0,3,base.11,0.940358
30,0,6,res9,cifar10,1.0,4,base.15,0.872112
30,0,6,res9,cifar10,1.0,5,base.16,0.680554
30,0,6,res9,cifar10,1.0,6,base.17,0.680554
30,0,6,res9,cifar10,1.0,7,base.18,0.680554
30,0,6,res9,cifar10,1.0,8,classifier,0.764917
30,0,7,res9,cifar10,1.0,0,base.2,0.995421
30,0,7,res9,cifar10,1.0,1,base.6,0.988239
30,0,7,res9,cifar10,1.0,2,base.7,0.959278
30,0,7,res9,cifar10,1.0,3,base.11,0.947731
30,0,7,res9,cifar10,1.0,4,base.15,0.890713
30,0,7,res9,cifar10,1.0,5,base.16,0.770996
30,0,7,res9,cifar10,1.0,6,base.17,0.770996
30,0,7,res9,cifar10,1.0,7,base.18,0.770996
30,0,7,res9,cifar10,1.0,8,classifier,0.796428
30,0,8,res9,cifar10,1.0,0,base.2,0.989189
30,0,8,res9,cifar10,1.0,1,base.6,0.959873
30,0,8,res9,cifar10,1.0,2,base.7,0.911318
30,0,8,res9,cifar10,1.0,3,base.11,0.888345
30,0,8,res9,cifar10,1.0,4,base.15,0.851733
30,0,8,res9,cifar10,1.0,5,base.16,0.695899
30,0,8,res9,cifar10,1.0,6,base.17,0.695899
30,0,8,res9,cifar10,1.0,7,base.18,0.695899
30,0,8,res9,cifar10,1.0,8,classifier,0.670813
30,0,9,res9,cifar10,1.0,0,base.2,0.984435
30,0,9,res9,cifar10,1.0,1,base.6,0.964318
30,0,9,res9,cifar10,1.0,2,base.7,0.939580
30,0,9,res9,cifar10,1.0,3,base.11,0.922118
30,0,9,res9,cifar10,1.0,4,base.15,0.866207
30,0,9,res9,cifar10,1.0,5,base.16,0.802147
30,0,9,res9,cifar10,1.0,6,base.17,0.802147
30,0,9,res9,cifar10,1.0,7,base.18,0.802147
30,0,9,res9,cifar10,1.0,8,classifier,0.815506
30,1,2,res9,cifar10,1.0,0,base.2,0.976708
30,1,2,res9,cifar10,1.0,1,base.6,0.968669
30,1,2,res9,cifar10,1.0,2,base.7,0.939326
30,1,2,res9,cifar10,1.0,3,base.11,0.923335
30,1,2,res9,cifar10,1.0,4,base.15,0.849792
30,1,2,res9,cifar10,1.0,5,base.16,0.683792
30,1,2,res9,cifar10,1.0,6,base.17,0.683792
30,1,2,res9,cifar10,1.0,7,base.18,0.683792
30,1,2,res9,cifar10,1.0,8,classifier,0.758712
30,1,3,res9,cifar10,1.0,0,base.2,0.987973
30,1,3,res9,cifar10,1.0,1,base.6,0.985535
30,1,3,res9,cifar10,1.0,2,base.7,0.961282
30,1,3,res9,cifar10,1.0,3,base.11,0.948319
30,1,3,res9,cifar10,1.0,4,base.15,0.901789
30,1,3,res9,cifar10,1.0,5,base.16,0.717092
30,1,3,res9,cifar10,1.0,6,base.17,0.717092
30,1,3,res9,cifar10,1.0,7,base.18,0.717092
30,1,3,res9,cifar10,1.0,8,classifier,0.678864
30,1,4,res9,cifar10,1.0,0,base.2,0.972150
30,1,4,res9,cifar10,1.0,1,base.6,0.936829
30,1,4,res9,cifar10,1.0,2,base.7,0.890024
30,1,4,res9,cifar10,1.0,3,base.11,0.896269
30,1,4,res9,cifar10,1.0,4,base.15,0.829233
30,1,4,res9,cifar10,1.0,5,base.16,0.678614
30,1,4,res9,cifar10,1.0,6,base.17,0.678614
30,1,4,res9,cifar10,1.0,7,base.18,0.678614
30,1,4,res9,cifar10,1.0,8,classifier,0.712497
30,1,5,res9,cifar10,1.0,0,base.2,0.977567
30,1,5,res9,cifar10,1.0,1,base.6,0.958001
30,1,5,res9,cifar10,1.0,2,base.7,0.893745
30,1,5,res9,cifar10,1.0,3,base.11,0.902889
30,1,5,res9,cifar10,1.0,4,base.15,0.867818
30,1,5,res9,cifar10,1.0,5,base.16,0.648306
30,1,5,res9,cifar10,1.0,6,base.17,0.648306
30,1,5,res9,cifar10,1.0,7,base.18,0.648306
30,1,5,res9,cifar10,1.0,8,classifier,0.604573
30,1,6,res9,cifar10,1.0,0,base.2,0.968314
30,1,6,res9,cifar10,1.0,1,base.6,0.934903
30,1,6,res9,cifar10,1.0,2,base.7,0.909379
30,1,6,res9,cifar10,1.0,3,base.11,0.912555
30,1,6,res9,cifar10,1.0,4,base.15,0.869407
30,1,6,res9,cifar10,1.0,5,base.16,0.689701
30,1,6,res9,cifar10,1.0,6,base.17,0.689701
30,1,6,res9,cifar10,1.0,7,base.18,0.689701
30,1,6,res9,cifar10,1.0,8,classifier,0.700444
30,1,7,res9,cifar10,1.0,0,base.2,0.990620
30,1,7,res9,cifar10,1.0,1,base.6,0.983622
30,1,7,res9,cifar10,1.0,2,base.7,0.973332
30,1,7,res9,cifar10,1.0,3,base.11,0.955071
30,1,7,res9,cifar10,1.0,4,base.15,0.910948
30,1,7,res9,cifar10,1.0,5,base.16,0.734421
30,1,7,res9,cifar10,1.0,6,base.17,0.734421
30,1,7,res9,cifar10,1.0,7,base.18,0.734421
30,1,7,res9,cifar10,1.0,8,classifier,0.722910
30,1,8,res9,cifar10,1.0,0,base.2,0.968969
30,1,8,res9,cifar10,1.0,1,base.6,0.918364
30,1,8,res9,cifar10,1.0,2,base.7,0.869016
30,1,8,res9,cifar10,1.0,3,base.11,0.856880
30,1,8,res9,cifar10,1.0,4,base.15,0.818585
30,1,8,res9,cifar10,1.0,5,base.16,0.647164
30,1,8,res9,cifar10,1.0,6,base.17,0.647164
30,1,8,res9,cifar10,1.0,7,base.18,0.647164
30,1,8,res9,cifar10,1.0,8,classifier,0.661021
30,1,9,res9,cifar10,1.0,0,base.2,0.991249
30,1,9,res9,cifar10,1.0,1,base.6,0.967613
30,1,9,res9,cifar10,1.0,2,base.7,0.927789
30,1,9,res9,cifar10,1.0,3,base.11,0.891410
30,1,9,res9,cifar10,1.0,4,base.15,0.800602
30,1,9,res9,cifar10,1.0,5,base.16,0.714750
30,1,9,res9,cifar10,1.0,6,base.17,0.714750
30,1,9,res9,cifar10,1.0,7,base.18,0.714750
30,1,9,res9,cifar10,1.0,8,classifier,0.766397
30,2,3,res9,cifar10,1.0,0,base.2,0.991872
30,2,3,res9,cifar10,1.0,1,base.6,0.979621
30,2,3,res9,cifar10,1.0,2,base.7,0.952160
30,2,3,res9,cifar10,1.0,3,base.11,0.932848
30,2,3,res9,cifar10,1.0,4,base.15,0.858403
30,2,3,res9,cifar10,1.0,5,base.16,0.647126
30,2,3,res9,cifar10,1.0,6,base.17,0.647126
30,2,3,res9,cifar10,1.0,7,base.18,0.647126
30,2,3,res9,cifar10,1.0,8,classifier,0.714488
30,2,4,res9,cifar10,1.0,0,base.2,0.984880
30,2,4,res9,cifar10,1.0,1,base.6,0.973483
30,2,4,res9,cifar10,1.0,2,base.7,0.950802
30,2,4,res9,cifar10,1.0,3,base.11,0.926621
30,2,4,res9,cifar10,1.0,4,base.15,0.847212
30,2,4,res9,cifar10,1.0,5,base.16,0.556718
30,2,4,res9,cifar10,1.0,6,base.17,0.556718
30,2,4,res9,cifar10,1.0,7,base.18,0.556718
30,2,4,res9,cifar10,1.0,8,classifier,0.665594
30,2,5,res9,cifar10,1.0,0,base.2,0.985959
30,2,5,res9,cifar10,1.0,1,base.6,0.981176
30,2,5,res9,cifar10,1.0,2,base.7,0.926293
30,2,5,res9,cifar10,1.0,3,base.11,0.909363
30,2,5,res9,cifar10,1.0,4,base.15,0.838032
30,2,5,res9,cifar10,1.0,5,base.16,0.624889
30,2,5,res9,cifar10,1.0,6,base.17,0.624889
30,2,5,res9,cifar10,1.0,7,base.18,0.624889
30,2,5,res9,cifar10,1.0,8,classifier,0.690714
30,2,6,res9,cifar10,1.0,0,base.2,0.990646
30,2,6,res9,cifar10,1.0,1,base.6,0.975853
30,2,6,res9,cifar10,1.0,2,base.7,0.936901
30,2,6,res9,cifar10,1.0,3,base.11,0.923690
30,2,6,res9,cifar10,1.0,4,base.15,0.840009
30,2,6,res9,cifar10,1.0,5,base.16,0.597112
30,2,6,res9,cifar10,1.0,6,base.17,0.597112
30,2,6,res9,cifar10,1.0,7,base.18,0.597112
30,2,6,res9,cifar10,1.0,8,classifier,0.707558
30,2,7,res9,cifar10,1.0,0,base.2,0.986731
30,2,7,res9,cifar10,1.0,1,base.6,0.983878
30,2,7,res9,cifar10,1.0,2,base.7,0.945080
30,2,7,res9,cifar10,1.0,3,base.11,0.934206
30,2,7,res9,cifar10,1.0,4,base.15,0.877231
30,2,7,res9,cifar10,1.0,5,base.16,0.658276
30,2,7,res9,cifar10,1.0,6,base.17,0.658276
30,2,7,res9,cifar10,1.0,7,base.18,0.658276
30,2,7,res9,cifar10,1.0,8,classifier,0.725839
30,2,8,res9,cifar10,1.0,0,base.2,0.984259
30,2,8,res9,cifar10,1.0,1,base.6,0.957889
30,2,8,res9,cifar10,1.0,2,base.7,0.926527
30,2,8,res9,cifar10,1.0,3,base.11,0.885214
30,2,8,res9,cifar10,1.0,4,base.15,0.835556
30,2,8,res9,cifar10,1.0,5,base.16,0.749330
30,2,8,res9,cifar10,1.0,6,base.17,0.749330
30,2,8,res9,cifar10,1.0,7,base.18,0.749330
30,2,8,res9,cifar10,1.0,8,classifier,0.784755
30,2,9,res9,cifar10,1.0,0,base.2,0.982201
30,2,9,res9,cifar10,1.0,1,base.6,0.961441
30,2,9,res9,cifar10,1.0,2,base.7,0.937520
30,2,9,res9,cifar10,1.0,3,base.11,0.938437
30,2,9,res9,cifar10,1.0,4,base.15,0.889351
30,2,9,res9,cifar10,1.0,5,base.16,0.776358
30,2,9,res9,cifar10,1.0,6,base.17,0.776358
30,2,9,res9,cifar10,1.0,7,base.18,0.776358
30,2,9,res9,cifar10,1.0,8,classifier,0.838993
30,3,4,res9,cifar10,1.0,0,base.2,0.990319
30,3,4,res9,cifar10,1.0,1,base.6,0.964761
30,3,4,res9,cifar10,1.0,2,base.7,0.915577
30,3,4,res9,cifar10,1.0,3,base.11,0.902497
30,3,4,res9,cifar10,1.0,4,base.15,0.845248
30,3,4,res9,cifar10,1.0,5,base.16,0.783766
30,3,4,res9,cifar10,1.0,6,base.17,0.783766
30,3,4,res9,cifar10,1.0,7,base.18,0.783766
30,3,4,res9,cifar10,1.0,8,classifier,0.707454
30,3,5,res9,cifar10,1.0,0,base.2,0.987235
30,3,5,res9,cifar10,1.0,1,base.6,0.978692
30,3,5,res9,cifar10,1.0,2,base.7,0.943503
30,3,5,res9,cifar10,1.0,3,base.11,0.918111
30,3,5,res9,cifar10,1.0,4,base.15,0.873430
30,3,5,res9,cifar10,1.0,5,base.16,0.710907
30,3,5,res9,cifar10,1.0,6,base.17,0.710907
30,3,5,res9,cifar10,1.0,7,base.18,0.710907
30,3,5,res9,cifar10,1.0,8,classifier,0.663396
30,3,6,res9,cifar10,1.0,0,base.2,0.980307
30,3,6,res9,cifar10,1.0,1,base.6,0.951751
30,3,6,res9,cifar10,1.0,2,base.7,0.940488
30,3,6,res9,cifar10,1.0,3,base.11,0.931186
30,3,6,res9,cifar10,1.0,4,base.15,0.899419
30,3,6,res9,cifar10,1.0,5,base.16,0.737443
30,3,6,res9,cifar10,1.0,6,base.17,0.737443
30,3,6,res9,cifar10,1.0,7,base.18,0.737443
30,3,6,res9,cifar10,1.0,8,classifier,0.697396
30,3,7,res9,cifar10,1.0,0,base.2,0.992559
30,3,7,res9,cifar10,1.0,1,base.6,0.991680
30,3,7,res9,cifar10,1.0,2,base.7,0.963102
30,3,7,res9,cifar10,1.0,3,base.11,0.960576
30,3,7,res9,cifar10,1.0,4,base.15,0.929339
30,3,7,res9,cifar10,1.0,5,base.16,0.808856
30,3,7,res9,cifar10,1.0,6,base.17,0.808856
30,3,7,res9,cifar10,1.0,7,base.18,0.808856
30,3,7,res9,cifar10,1.0,8,classifier,0.824548
30,3,8,res9,cifar10,1.0,0,base.2,0.989183
30,3,8,res9,cifar10,1.0,1,base.6,0.960643
30,3,8,res9,cifar10,1.0,2,base.7,0.921213
30,3,8,res9,cifar10,1.0,3,base.11,0.861235
30,3,8,res9,cifar10,1.0,4,base.15,0.820733
30,3,8,res9,cifar10,1.0,5,base.16,0.731871
30,3,8,res9,cifar10,1.0,6,base.17,0.731871
30,3,8,res9,cifar10,1.0,7,base.18,0.731871
30,3,8,res9,cifar10,1.0,8,classifier,0.727131
30,3,9,res9,cifar10,1.0,0,base.2,0.994174
30,3,9,res9,cifar10,1.0,1,base.6,0.987840
30,3,9,res9,cifar10,1.0,2,base.7,0.939713
30,3,9,res9,cifar10,1.0,3,base.11,0.895681
30,3,9,res9,cifar10,1.0,4,base.15,0.816838
30,3,9,res9,cifar10,1.0,5,base.16,0.768801
30,3,9,res9,cifar10,1.0,6,base.17,0.768801
30,3,9,res9,cifar10,1.0,7,base.18,0.768801
30,3,9,res9,cifar10,1.0,8,classifier,0.807335
30,4,5,res9,cifar10,1.0,0,base.2,0.984266
30,4,5,res9,cifar10,1.0,1,base.6,0.970880
30,4,5,res9,cifar10,1.0,2,base.7,0.912998
30,4,5,res9,cifar10,1.0,3,base.11,0.914030
30,4,5,res9,cifar10,1.0,4,base.15,0.846802
30,4,5,res9,cifar10,1.0,5,base.16,0.715344
30,4,5,res9,cifar10,1.0,6,base.17,0.715344
30,4,5,res9,cifar10,1.0,7,base.18,0.715344
30,4,5,res9,cifar10,1.0,8,classifier,0.646162
30,4,6,res9,cifar10,1.0,0,base.2,0.983918
30,4,6,res9,cifar10,1.0,1,base.6,0.958468
30,4,6,res9,cifar10,1.0,2,base.7,0.913505
30,4,6,res9,cifar10,1.0,3,base.11,0.911225
30,4,6,res9,cifar10,1.0,4,base.15,0.855060
30,4,6,res9,cifar10,1.0,5,base.16,0.754498
30,4,6,res9,cifar10,1.0,6,base.17,0.754498
30,4,6,res9,cifar10,1.0,7,base.18,0.754498
30,4,6,res9,cifar10,1.0,8,classifier,0.716050
30,4,7,res9,cifar10,1.0,0,base.2,0.989212
30,4,7,res9,cifar10,1.0,1,base.6,0.970810
30,4,7,res9,cifar10,1.0,2,base.7,0.906088
30,4,7,res9,cifar10,1.0,3,base.11,0.925258
30,4,7,res9,cifar10,1.0,4,base.15,0.877216
30,4,7,res9,cifar10,1.0,5,base.16,0.775525
30,4,7,res9,cifar10,1.0,6,base.17,0.775525
30,4,7,res9,cifar10,1.0,7,base.18,0.775525
30,4,7,res9,cifar10,1.0,8,classifier,0.738547
30,4,8,res9,cifar10,1.0,0,base.2,0.988314
30,4,8,res9,cifar10,1.0,1,base.6,0.977120
30,4,8,res9,cifar10,1.0,2,base.7,0.933421
30,4,8,res9,cifar10,1.0,3,base.11,0.914837
30,4,8,res9,cifar10,1.0,4,base.15,0.885868
30,4,8,res9,cifar10,1.0,5,base.16,0.722653
30,4,8,res9,cifar10,1.0,6,base.17,0.722653
30,4,8,res9,cifar10,1.0,7,base.18,0.722653
30,4,8,res9,cifar10,1.0,8,classifier,0.710878
30,4,9,res9,cifar10,1.0,0,base.2,0.985199
30,4,9,res9,cifar10,1.0,1,base.6,0.962744
30,4,9,res9,cifar10,1.0,2,base.7,0.947938
30,4,9,res9,cifar10,1.0,3,base.11,0.934001
30,4,9,res9,cifar10,1.0,4,base.15,0.816688
30,4,9,res9,cifar10,1.0,5,base.16,0.661356
30,4,9,res9,cifar10,1.0,6,base.17,0.661356
30,4,9,res9,cifar10,1.0,7,base.18,0.661356
30,4,9,res9,cifar10,1.0,8,classifier,0.721614
30,5,6,res9,cifar10,1.0,0,base.2,0.990194
30,5,6,res9,cifar10,1.0,1,base.6,0.978507
30,5,6,res9,cifar10,1.0,2,base.7,0.948562
30,5,6,res9,cifar10,1.0,3,base.11,0.928651
30,5,6,res9,cifar10,1.0,4,base.15,0.914940
30,5,6,res9,cifar10,1.0,5,base.16,0.770134
30,5,6,res9,cifar10,1.0,6,base.17,0.770134
30,5,6,res9,cifar10,1.0,7,base.18,0.770134
30,5,6,res9,cifar10,1.0,8,classifier,0.640578
30,5,7,res9,cifar10,1.0,0,base.2,0.988871
30,5,7,res9,cifar10,1.0,1,base.6,0.983095
30,5,7,res9,cifar10,1.0,2,base.7,0.920841
30,5,7,res9,cifar10,1.0,3,base.11,0.915628
30,5,7,res9,cifar10,1.0,4,base.15,0.905650
30,5,7,res9,cifar10,1.0,5,base.16,0.792159
30,5,7,res9,cifar10,1.0,6,base.17,0.792159
30,5,7,res9,cifar10,1.0,7,base.18,0.792159
30,5,7,res9,cifar10,1.0,8,classifier,0.729935
30,5,8,res9,cifar10,1.0,0,base.2,0.993038
30,5,8,res9,cifar10,1.0,1,base.6,0.979213
30,5,8,res9,cifar10,1.0,2,base.7,0.970843
30,5,8,res9,cifar10,1.0,3,base.11,0.942179
30,5,8,res9,cifar10,1.0,4,base.15,0.876482
30,5,8,res9,cifar10,1.0,5,base.16,0.717529
30,5,8,res9,cifar10,1.0,6,base.17,0.717529
30,5,8,res9,cifar10,1.0,7,base.18,0.717529
30,5,8,res9,cifar10,1.0,8,classifier,0.831428
30,5,9,res9,cifar10,1.0,0,base.2,0.979335
30,5,9,res9,cifar10,1.0,1,base.6,0.967267
30,5,9,res9,cifar10,1.0,2,base.7,0.920008
30,5,9,res9,cifar10,1.0,3,base.11,0.901478
30,5,9,res9,cifar10,1.0,4,base.15,0.823118
30,5,9,res9,cifar10,1.0,5,base.16,0.702437
30,5,9,res9,cifar10,1.0,6,base.17,0.702437
30,5,9,res9,cifar10,1.0,7,base.18,0.702437
30,5,9,res9,cifar10,1.0,8,classifier,0.752105
30,6,7,res9,cifar10,1.0,0,base.2,0.985072
30,6,7,res9,cifar10,1.0,1,base.6,0.965649
30,6,7,res9,cifar10,1.0,2,base.7,0.934658
30,6,7,res9,cifar10,1.0,3,base.11,0.938904
30,6,7,res9,cifar10,1.0,4,base.15,0.916241
30,6,7,res9,cifar10,1.0,5,base.16,0.781483
30,6,7,res9,cifar10,1.0,6,base.17,0.781483
30,6,7,res9,cifar10,1.0,7,base.18,0.781483
30,6,7,res9,cifar10,1.0,8,classifier,0.739012
30,6,8,res9,cifar10,1.0,0,base.2,0.986218
30,6,8,res9,cifar10,1.0,1,base.6,0.954692
30,6,8,res9,cifar10,1.0,2,base.7,0.929706
30,6,8,res9,cifar10,1.0,3,base.11,0.898253
30,6,8,res9,cifar10,1.0,4,base.15,0.856805
30,6,8,res9,cifar10,1.0,5,base.16,0.641788
30,6,8,res9,cifar10,1.0,6,base.17,0.641788
30,6,8,res9,cifar10,1.0,7,base.18,0.641788
30,6,8,res9,cifar10,1.0,8,classifier,0.659715
30,6,9,res9,cifar10,1.0,0,base.2,0.972228
30,6,9,res9,cifar10,1.0,1,base.6,0.941130
30,6,9,res9,cifar10,1.0,2,base.7,0.922385
30,6,9,res9,cifar10,1.0,3,base.11,0.902407
30,6,9,res9,cifar10,1.0,4,base.15,0.820009
30,6,9,res9,cifar10,1.0,5,base.16,0.644647
30,6,9,res9,cifar10,1.0,6,base.17,0.644647
30,6,9,res9,cifar10,1.0,7,base.18,0.644647
30,6,9,res9,cifar10,1.0,8,classifier,0.728885
30,7,8,res9,cifar10,1.0,0,base.2,0.982193
30,7,8,res9,cifar10,1.0,1,base.6,0.957445
30,7,8,res9,cifar10,1.0,2,base.7,0.896618
30,7,8,res9,cifar10,1.0,3,base.11,0.862472
30,7,8,res9,cifar10,1.0,4,base.15,0.842150
30,7,8,res9,cifar10,1.0,5,base.16,0.672074
30,7,8,res9,cifar10,1.0,6,base.17,0.672074
30,7,8,res9,cifar10,1.0,7,base.18,0.672074
30,7,8,res9,cifar10,1.0,8,classifier,0.710919
30,7,9,res9,cifar10,1.0,0,base.2,0.992259
30,7,9,res9,cifar10,1.0,1,base.6,0.981291
30,7,9,res9,cifar10,1.0,2,base.7,0.943161
30,7,9,res9,cifar10,1.0,3,base.11,0.914568
30,7,9,res9,cifar10,1.0,4,base.15,0.849718
30,7,9,res9,cifar10,1.0,5,base.16,0.733641
30,7,9,res9,cifar10,1.0,6,base.17,0.733641
30,7,9,res9,cifar10,1.0,7,base.18,0.733641
30,7,9,res9,cifar10,1.0,8,classifier,0.790671
30,8,9,res9,cifar10,1.0,0,base.2,0.976484
30,8,9,res9,cifar10,1.0,1,base.6,0.953751
30,8,9,res9,cifar10,1.0,2,base.7,0.915830
30,8,9,res9,cifar10,1.0,3,base.11,0.886548
30,8,9,res9,cifar10,1.0,4,base.15,0.836990
30,8,9,res9,cifar10,1.0,5,base.16,0.804401
30,8,9,res9,cifar10,1.0,6,base.17,0.804401
30,8,9,res9,cifar10,1.0,7,base.18,0.804401
30,8,9,res9,cifar10,1.0,8,classifier,0.822061
40,0,1,res9,cifar10,1.0,0,base.2,0.977256
40,0,1,res9,cifar10,1.0,1,base.6,0.952493
40,0,1,res9,cifar10,1.0,2,base.7,0.922865
40,0,1,res9,cifar10,1.0,3,base.11,0.909406
40,0,1,res9,cifar10,1.0,4,base.15,0.742293
40,0,1,res9,cifar10,1.0,5,base.16,0.677148
40,0,1,res9,cifar10,1.0,6,base.17,0.677148
40,0,1,res9,cifar10,1.0,7,base.18,0.677148
40,0,1,res9,cifar10,1.0,8,classifier,0.740814
40,0,2,res9,cifar10,1.0,0,base.2,0.996541
40,0,2,res9,cifar10,1.0,1,base.6,0.990368
40,0,2,res9,cifar10,1.0,2,base.7,0.934469
40,0,2,res9,cifar10,1.0,3,base.11,0.918833
40,0,2,res9,cifar10,1.0,4,base.15,0.871166
40,0,2,res9,cifar10,1.0,5,base.16,0.749120
40,0,2,res9,cifar10,1.0,6,base.17,0.749120
40,0,2,res9,cifar10,1.0,7,base.18,0.749120
40,0,2,res9,cifar10,1.0,8,classifier,0.745357
40,0,3,res9,cifar10,1.0,0,base.2,0.990331
40,0,3,res9,cifar10,1.0,1,base.6,0.977355
40,0,3,res9,cifar10,1.0,2,base.7,0.943912
40,0,3,res9,cifar10,1.0,3,base.11,0.929791
40,0,3,res9,cifar10,1.0,4,base.15,0.762569
40,0,3,res9,cifar10,1.0,5,base.16,0.629401
40,0,3,res9,cifar10,1.0,6,base.17,0.629401
40,0,3,res9,cifar10,1.0,7,base.18,0.629401
40,0,3,res9,cifar10,1.0,8,classifier,0.750716
40,0,4,res9,cifar10,1.0,0,base.2,0.982854
40,0,4,res9,cifar10,1.0,1,base.6,0.930213
40,0,4,res9,cifar10,1.0,2,base.7,0.789554
40,0,4,res9,cifar10,1.0,3,base.11,0.783127
40,0,4,res9,cifar10,1.0,4,base.15,0.822799
40,0,4,res9,cifar10,1.0,5,base.16,0.738961
40,0,4,res9,cifar10,1.0,6,base.17,0.738961
40,0,4,res9,cifar10,1.0,7,base.18,0.738961
40,0,4,res9,cifar10,1.0,8,classifier,0.732549
40,0,5,res9,cifar10,1.0,0,base.2,0.989214
40,0,5,res9,cifar10,1.0,1,base.6,0.972905
40,0,5,res9,cifar10,1.0,2,base.7,0.964957
40,0,5,res9,cifar10,1.0,3,base.11,0.936178
40,0,5,res9,cifar10,1.0,4,base.15,0.736671
40,0,5,res9,cifar10,1.0,5,base.16,0.708219
40,0,5,res9,cifar10,1.0,6,base.17,0.708219
40,0,5,res9,cifar10,1.0,7,base.18,0.708219
40,0,5,res9,cifar10,1.0,8,classifier,0.750924
40,0,6,res9,cifar10,1.0,0,base.2,0.992940
40,0,6,res9,cifar10,1.0,1,base.6,0.982281
40,0,6,res9,cifar10,1.0,2,base.7,0.954633
40,0,6,res9,cifar10,1.0,3,base.11,0.920664
40,0,6,res9,cifar10,1.0,4,base.15,0.780895
40,0,6,res9,cifar10,1.0,5,base.16,0.706744
40,0,6,res9,cifar10,1.0,6,base.17,0.706744
40,0,6,res9,cifar10,1.0,7,base.18,0.706744
40,0,6,res9,cifar10,1.0,8,classifier,0.797195
40,0,7,res9,cifar10,1.0,0,base.2,0.992055
40,0,7,res9,cifar10,1.0,1,base.6,0.982921
40,0,7,res9,cifar10,1.0,2,base.7,0.945961
40,0,7,res9,cifar10,1.0,3,base.11,0.925368
40,0,7,res9,cifar10,1.0,4,base.15,0.755068
40,0,7,res9,cifar10,1.0,5,base.16,0.556107
40,0,7,res9,cifar10,1.0,6,base.17,0.556107
40,0,7,res9,cifar10,1.0,7,base.18,0.556107
40,0,7,res9,cifar10,1.0,8,classifier,0.693733
40,0,8,res9,cifar10,1.0,0,base.2,0.988144
40,0,8,res9,cifar10,1.0,1,base.6,0.981883
40,0,8,res9,cifar10,1.0,2,base.7,0.947161
40,0,8,res9,cifar10,1.0,3,base.11,0.918458
40,0,8,res9,cifar10,1.0,4,base.15,0.732742
40,0,8,res9,cifar10,1.0,5,base.16,0.725863
40,0,8,res9,cifar10,1.0,6,base.17,0.725863
40,0,8,res9,cifar10,1.0,7,base.18,0.725863
40,0,8,res9,cifar10,1.0,8,classifier,0.816353
40,0,9,res9,cifar10,1.0,0,base.2,0.994638
40,0,9,res9,cifar10,1.0,1,base.6,0.981077
40,0,9,res9,cifar10,1.0,2,base.7,0.948579
40,0,9,res9,cifar10,1.0,3,base.11,0.946081
40,0,9,res9,cifar10,1.0,4,base.15,0.783423
40,0,9,res9,cifar10,1.0,5,base.16,0.740389
40,0,9,res9,cifar10,1.0,6,base.17,0.740389
40,0,9,res9,cifar10,1.0,7,base.18,0.740389
40,0,9,res9,cifar10,1.0,8,classifier,0.766235
40,1,2,res9,cifar10,1.0,0,base.2,0.969631
40,1,2,res9,cifar10,1.0,1,base.6,0.946217
40,1,2,res9,cifar10,1.0,2,base.7,0.844046
40,1,2,res9,cifar10,1.0,3,base.11,0.865410
40,1,2,res9,cifar10,1.0,4,base.15,0.814078
40,1,2,res9,cifar10,1.0,5,base.16,0.638132
40,1,2,res9,cifar10,1.0,6,base.17,0.638132
40,1,2,res9,cifar10,1.0,7,base.18,0.638132
40,1,2,res9,cifar10,1.0,8,classifier,0.718142
40,1,3,res9,cifar10,1.0,0,base.2,0.989754
40,1,3,res9,cifar10,1.0,1,base.6,0.976216
40,1,3,res9,cifar10,1.0,2,base.7,0.962497
40,1,3,res9,cifar10,1.0,3,base.11,0.965067
40,1,3,res9,cifar10,1.0,4,base.15,0.919529
40,1,3,res9,cifar10,1.0,5,base.16,0.764156
40,1,3,res9,cifar10,1.0,6,base.17,0.764156
40,1,3,res9,cifar10,1.0,7,base.18,0.764156
40,1,3,res9,cifar10,1.0,8,classifier,0.750058
40,1,4,res9,cifar10,1.0,0,base.2,0.944536
40,1,4,res9,cifar10,1.0,1,base.6,0.819796
40,1,4,res9,cifar10,1.0,2,base.7,0.650405
40,1,4,res9,cifar10,1.0,3,base.11,0.684742
40,1,4,res9,cifar10,1.0,4,base.15,0.642265
40,1,4,res9,cifar10,1.0,5,base.16,0.624545
40,1,4,res9,cifar10,1.0,6,base.17,0.624545
40,1,4,res9,cifar10,1.0,7,base.18,0.624545
40,1,4,res9,cifar10,1.0,8,classifier,0.725805
40,1,5,res9,cifar10,1.0,0,base.2,0.986919
40,1,5,res9,cifar10,1.0,1,base.6,0.954023
40,1,5,res9,cifar10,1.0,2,base.7,0.941977
40,1,5,res9,cifar10,1.0,3,base.11,0.954752
40,1,5,res9,cifar10,1.0,4,base.15,0.926342
40,1,5,res9,cifar10,1.0,5,base.16,0.770237
40,1,5,res9,cifar10,1.0,6,base.17,0.770237
40,1,5,res9,cifar10,1.0,7,base.18,0.770237
40,1,5,res9,cifar10,1.0,8,classifier,0.749332
40,1,6,res9,cifar10,1.0,0,base.2,0.971234
40,1,6,res9,cifar10,1.0,1,base.6,0.959263
40,1,6,res9,cifar10,1.0,2,base.7,0.935595
40,1,6,res9,cifar10,1.0,3,base.11,0.940084
40,1,6,res9,cifar10,1.0,4,base.15,0.907008
40,1,6,res9,cifar10,1.0,5,base.16,0.721731
40,1,6,res9,cifar10,1.0,6,base.17,0.721731
40,1,6,res9,cifar10,1.0,7,base.18,0.721731
40,1,6,res9,cifar10,1.0,8,classifier,0.706088
40,1,7,res9,cifar10,1.0,0,base.2,0.987979
40,1,7,res9,cifar10,1.0,1,base.6,0.976124
40,1,7,res9,cifar10,1.0,2,base.7,0.959999
40,1,7,res9,cifar10,1.0,3,base.11,0.949492
40,1,7,res9,cifar10,1.0,4,base.15,0.906366
40,1,7,res9,cifar10,1.0,5,base.16,0.746607
40,1,7,res9,cifar10,1.0,6,base.17,0.746607
40,1,7,res9,cifar10,1.0,7,base.18,0.746607
40,1,7,res9,cifar10,1.0,8,classifier,0.719301
40,1,8,res9,cifar10,1.0,0,base.2,0.984980
40,1,8,res9,cifar10,1.0,1,base.6,0.974791
40,1,8,res9,cifar10,1.0,2,base.7,0.967738
40,1,8,res9,cifar10,1.0,3,base.11,0.953317
40,1,8,res9,cifar10,1.0,4,base.15,0.898316
40,1,8,res9,cifar10,1.0,5,base.16,0.771450
40,1,8,res9,cifar10,1.0,6,base.17,0.771450
40,1,8,res9,cifar10,1.0,7,base.18,0.771450
40,1,8,res9,cifar10,1.0,8,classifier,0.767776
40,1,9,res9,cifar10,1.0,0,base.2,0.985901
40,1,9,res9,cifar10,1.0,1,base.6,0.966757
40,1,9,res9,cifar10,1.0,2,base.7,0.937427
40,1,9,res9,cifar10,1.0,3,base.11,0.935529
40,1,9,res9,cifar10,1.0,4,base.15,0.885724
40,1,9,res9,cifar10,1.0,5,base.16,0.735665
40,1,9,res9,cifar10,1.0,6,base.17,0.735665
40,1,9,res9,cifar10,1.0,7,base.18,0.735665
40,1,9,res9,cifar10,1.0,8,classifier,0.742777
40,2,3,res9,cifar10,1.0,0,base.2,0.989260
40,2,3,res9,cifar10,1.0,1,base.6,0.977028
40,2,3,res9,cifar10,1.0,2,base.7,0.888755
40,2,3,res9,cifar10,1.0,3,base.11,0.865525
40,2,3,res9,cifar10,1.0,4,base.15,0.818770
40,2,3,res9,cifar10,1.0,5,base.16,0.576601
40,2,3,res9,cifar10,1.0,6,base.17,0.576601
40,2,3,res9,cifar10,1.0,7,base.18,0.576601
40,2,3,res9,cifar10,1.0,8,classifier,0.616584
40,2,4,res9,cifar10,1.0,0,base.2,0.985371
40,2,4,res9,cifar10,1.0,1,base.6,0.942682
40,2,4,res9,cifar10,1.0,2,base.7,0.918117
40,2,4,res9,cifar10,1.0,3,base.11,0.856745
40,2,4,res9,cifar10,1.0,4,base.15,0.807933
40,2,4,res9,cifar10,1.0,5,base.16,0.704353
40,2,4,res9,cifar10,1.0,6,base.17,0.704353
40,2,4,res9,cifar10,1.0,7,base.18,0.704353
40,2,4,res9,cifar10,1.0,8,classifier,0.671573
40,2,5,res9,cifar10,1.0,0,base.2,0.988416
40,2,5,res9,cifar10,1.0,1,base.6,0.966570
40,2,5,res9,cifar10,1.0,2,base.7,0.910056
40,2,5,res9,cifar10,1.0,3,base.11,0.892557
40,2,5,res9,cifar10,1.0,4,base.15,0.816104
40,2,5,res9,cifar10,1.0,5,base.16,0.685555
40,2,5,res9,cifar10,1.0,6,base.17,0.685555
40,2,5,res9,cifar10,1.0,7,base.18,0.685555
40,2,5,res9,cifar10,1.0,8,classifier,0.716850
40,2,6,res9,cifar10,1.0,0,base.2,0.992543
40,2,6,res9,cifar10,1.0,1,base.6,0.971986
40,2,6,res9,cifar10,1.0,2,base.7,0.915748
40,2,6,res9,cifar10,1.0,3,base.11,0.871317
40,2,6,res9,cifar10,1.0,4,base.15,0.847266
40,2,6,res9,cifar10,1.0,5,base.16,0.695652
40,2,6,res9,cifar10,1.0,6,base.17,0.695652
40,2,6,res9,cifar10,1.0,7,base.18,0.695652
40,2,6,res9,cifar10,1.0,8,classifier,0.707561
40,2,7,res9,cifar10,1.0,0,base.2,0.991031
40,2,7,res9,cifar10,1.0,1,base.6,0.983298
40,2,7,res9,cifar10,1.0,2,base.7,0.912702
40,2,7,res9,cifar10,1.0,3,base.11,0.886219
40,2,7,res9,cifar10,1.0,4,base.15,0.833882
40,2,7,res9,cifar10,1.0,5,base.16,0.558090
40,2,7,res9,cifar10,1.0,6,base.17,0.558090
40,2,7,res9,cifar10,1.0,7,base.18,0.558090
40,2,7,res9,cifar10,1.0,8,classifier,0.659645
40,2,8,res9,cifar10,1.0,0,base.2,0.983334
40,2,8,res9,cifar10,1.0,1,base.6,0.972622
40,2,8,res9,cifar10,1.0,2,base.7,0.890271
40,2,8,res9,cifar10,1.0,3,base.11,0.865583
40,2,8,res9,cifar10,1.0,4,base.15,0.822992
40,2,8,res9,cifar10,1.0,5,base.16,0.756921
40,2,8,res9,cifar10,1.0,6,base.17,0.756921
40,2,8,res9,cifar10,1.0,7,base.18,0.756921
40,2,8,res9,cifar10,1.0,8,classifier,0.812637
40,2,9,res9,cifar10,1.0,0,base.2,0.992682
40,2,9,res9,cifar10,1.0,1,base.6,0.972187
40,2,9,res9,cifar10,1.0,2,base.7,0.886472
40,2,9,res9,cifar10,1.0,3,base.11,0.887582
40,2,9,res9,cifar10,1.0,4,base.15,0.851113
40,2,9,res9,cifar10,1.0,5,base.16,0.733427
40,2,9,res9,cifar10,1.0,6,base.17,0.733427
40,2,9,res9,cifar10,1.0,7,base.18,0.733427
40,2,9,res9,cifar10,1.0,8,classifier,0.785586
40,3,4,res9,cifar10,1.0,0,base.2,0.972690
40,3,4,res9,cifar10,1.0,1,base.6,0.901885
40,3,4,res9,cifar10,1.0,2,base.7,0.727075
40,3,4,res9,cifar10,1.0,3,base.11,0.677504
40,3,4,res9,cifar10,1.0,4,base.15,0.641263
40,3,4,res9,cifar10,1.0,5,base.16,0.586337
40,3,4,res9,cifar10,1.0,6,base.17,0.586337
40,3,4,res9,cifar10,1.0,7,base.18,0.586337
40,3,4,res9,cifar10,1.0,8,classifier,0.653410
40,3,5,res9,cifar10,1.0,0,base.2,0.992743
40,3,5,res9,cifar10,1.0,1,base.6,0.977059
40,3,5,res9,cifar10,1.0,2,base.7,0.949326
40,3,5,res9,cifar10,1.0,3,base.11,0.946715
40,3,5,res9,cifar10,1.0,4,base.15,0.922959
40,3,5,res9,cifar10,1.0,5,base.16,0.749780
40,3,5,res9,cifar10,1.0,6,base.17,0.749780
40,3,5,res9,cifar10,1.0,7,base.18,0.749780
40,3,5,res9,cifar10,1.0,8,classifier,0.735186
40,3,6,res9,cifar10,1.0,0,base.2,0.986269
40,3,6,res9,cifar10,1.0,1,base.6,0.977739
40,3,6,res9,cifar10,1.0,2,base.7,0.947609
40,3,6,res9,cifar10,1.0,3,base.11,0.942416
40,3,6,res9,cifar10,1.0,4,base.15,0.928162
40,3,6,res9,cifar10,1.0,5,base.16,0.781129
40,3,6,res9,cifar10,1.0,6,base.17,0.781129
40,3,6,res9,cifar10,1.0,7,base.18,0.781129
40,3,6,res9,cifar10,1.0,8,classifier,0.780246
40,3,7,res9,cifar10,1.0,0,base.2,0.997255
40,3,7,res9,cifar10,1.0,1,base.6,0.992793
40,3,7,res9,cifar10,1.0,2,base.7,0.961601
40,3,7,res9,cifar10,1.0,3,base.11,0.945914
40,3,7,res9,cifar10,1.0,4,base.15,0.931387
40,3,7,res9,cifar10,1.0,5,base.16,0.841134
40,3,7,res9,cifar10,1.0,6,base.17,0.841134
40,3,7,res9,cifar10,1.0,7,base.18,0.841134
40,3,7,res9,cifar10,1.0,8,classifier,0.800427
40,3,8,res9,cifar10,1.0,0,base.2,0.991415
40,3,8,res9,cifar10,1.0,1,base.6,0.982921
40,3,8,res9,cifar10,1.0,2,base.7,0.959107
40,3,8,res9,cifar10,1.0,3,base.11,0.936465
40,3,8,res9,cifar10,1.0,4,base.15,0.891748
40,3,8,res9,cifar10,1.0,5,base.16,0.751511
40,3,8,res9,cifar10,1.0,6,base.17,0.751511
40,3,8,res9,cifar10,1.0,7,base.18,0.751511
40,3,8,res9,cifar10,1.0,8,classifier,0.729552
40,3,9,res9,cifar10,1.0,0,base.2,0.995215
40,3,9,res9,cifar10,1.0,1,base.6,0.985616
40,3,9,res9,cifar10,1.0,2,base.7,0.946046
40,3,9,res9,cifar10,1.0,3,base.11,0.936457
40,3,9,res9,cifar10,1.0,4,base.15,0.897809
40,3,9,res9,cifar10,1.0,5,base.16,0.727279
40,3,9,res9,cifar10,1.0,6,base.17,0.727279
40,3,9,res9,cifar10,1.0,7,base.18,0.727279
40,3,9,res9,cifar10,1.0,8,classifier,0.732145
40,4,5,res9,cifar10,1.0,0,base.2,0.961996
40,4,5,res9,cifar10,1.0,1,base.6,0.914025
40,4,5,res9,cifar10,1.0,2,base.7,0.748215
40,4,5,res9,cifar10,1.0,3,base.11,0.739114
40,4,5,res9,cifar10,1.0,4,base.15,0.647391
40,4,5,res9,cifar10,1.0,5,base.16,0.710384
40,4,5,res9,cifar10,1.0,6,base.17,0.710384
40,4,5,res9,cifar10,1.0,7,base.18,0.710384
40,4,5,res9,cifar10,1.0,8,classifier,0.759402
40,4,6,res9,cifar10,1.0,0,base.2,0.974285
40,4,6,res9,cifar10,1.0,1,base.6,0.895678
40,4,6,res9,cifar10,1.0,2,base.7,0.769425
40,4,6,res9,cifar10,1.0,3,base.11,0.701630
40,4,6,res9,cifar10,1.0,4,base.15,0.693418
40,4,6,res9,cifar10,1.0,5,base.16,0.677789
40,4,6,res9,cifar10,1.0,6,base.17,0.677789
40,4,6,res9,cifar10,1.0,7,base.18,0.677789
40,4,6,res9,cifar10,1.0,8,classifier,0.701842
40,4,7,res9,cifar10,1.0,0,base.2,0.973595
40,4,7,res9,cifar10,1.0,1,base.6,0.906929
40,4,7,res9,cifar10,1.0,2,base.7,0.772111
40,4,7,res9,cifar10,1.0,3,base.11,0.718162
40,4,7,res9,cifar10,1.0,4,base.15,0.671335
40,4,7,res9,cifar10,1.0,5,base.16,0.561679
40,4,7,res9,cifar10,1.0,6,base.17,0.561679
40,4,7,res9,cifar10,1.0,7,base.18,0.561679
40,4,7,res9,cifar10,1.0,8,classifier,0.648741
40,4,8,res9,cifar10,1.0,0,base.2,0.969069
40,4,8,res9,cifar10,1.0,1,base.6,0.891960
40,4,8,res9,cifar10,1.0,2,base.7,0.720036
40,4,8,res9,cifar10,1.0,3,base.11,0.710391
40,4,8,res9,cifar10,1.0,4,base.15,0.658360
40,4,8,res9,cifar10,1.0,5,base.16,0.704638
40,4,8,res9,cifar10,1.0,6,base.17,0.704638
40,4,8,res9,cifar10,1.0,7,base.18,0.704638
40,4,8,res9,cifar10,1.0,8,classifier,0.728114
40,4,9,res9,cifar10,1.0,0,base.2,0.975217
40,4,9,res9,cifar10,1.0,1,base.6,0.903800
40,4,9,res9,cifar10,1.0,2,base.7,0.742924
40,4,9,res9,cifar10,1.0,3,base.11,0.747765
40,4,9,res9,cifar10,1.0,4,base.15,0.679203
40,4,9,res9,cifar10,1.0,5,base.16,0.692495
40,4,9,res9,cifar10,1.0,6,base.17,0.692495
40,4,9,res9,cifar10,1.0,7,base.18,0.692495
40,4,9,res9,cifar10,1.0,8,classifier,0.684154
40,5,6,res9,cifar10,1.0,0,base.2,0.986377
40,5,6,res9,cifar10,1.0,1,base.6,0.960821
40,5,6,res9,cifar10,1.0,2,base.7,0.954277
40,5,6,res9,cifar10,1.0,3,base.11,0.953758
40,5,6,res9,cifar10,1.0,4,base.15,0.940764
40,5,6,res9,cifar10,1.0,5,base.16,0.800149
40,5,6,res9,cifar10,1.0,6,base.17,0.800149
40,5,6,res9,cifar10,1.0,7,base.18,0.800149
40,5,6,res9,cifar10,1.0,8,classifier,0.805967
40,5,7,res9,cifar10,1.0,0,base.2,0.994515
40,5,7,res9,cifar10,1.0,1,base.6,0.978513
40,5,7,res9,cifar10,1.0,2,base.7,0.944441
40,5,7,res9,cifar10,1.0,3,base.11,0.947525
40,5,7,res9,cifar10,1.0,4,base.15,0.930623
40,5,7,res9,cifar10,1.0,5,base.16,0.762610
40,5,7,res9,cifar10,1.0,6,base.17,0.762610
40,5,7,res9,cifar10,1.0,7,base.18,0.762610
40,5,7,res9,cifar10,1.0,8,classifier,0.754289
40,5,8,res9,cifar10,1.0,0,base.2,0.986485
40,5,8,res9,cifar10,1.0,1,base.6,0.970261
40,5,8,res9,cifar10,1.0,2,base.7,0.953867
40,5,8,res9,cifar10,1.0,3,base.11,0.961505
40,5,8,res9,cifar10,1.0,4,base.15,0.921904
40,5,8,res9,cifar10,1.0,5,base.16,0.785041
40,5,8,res9,cifar10,1.0,6,base.17,0.785041
40,5,8,res9,cifar10,1.0,7,base.18,0.785041
40,5,8,res9,cifar10,1.0,8,classifier,0.799524
40,5,9,res9,cifar10,1.0,0,base.2,0.994555
40,5,9,res9,cifar10,1.0,1,base.6,0.978048
40,5,9,res9,cifar10,1.0,2,base.7,0.948795
40,5,9,res9,cifar10,1.0,3,base.11,0.950843
40,5,9,res9,cifar10,1.0,4,base.15,0.910398
40,5,9,res9,cifar10,1.0,5,base.16,0.764519
40,5,9,res9,cifar10,1.0,6,base.17,0.764519
40,5,9,res9,cifar10,1.0,7,base.18,0.764519
40,5,9,res9,cifar10,1.0,8,classifier,0.774068
40,6,7,res9,cifar10,1.0,0,base.2,0.989854
40,6,7,res9,cifar10,1.0,1,base.6,0.980254
40,6,7,res9,cifar10,1.0,2,base.7,0.954812
40,6,7,res9,cifar10,1.0,3,base.11,0.939876
40,6,7,res9,cifar10,1.0,4,base.15,0.933920
40,6,7,res9,cifar10,1.0,5,base.16,0.775762
40,6,7,res9,cifar10,1.0,6,base.17,0.775762
40,6,7,res9,cifar10,1.0,7,base.18,0.775762
40,6,7,res9,cifar10,1.0,8,classifier,0.787580
40,6,8,res9,cifar10,1.0,0,base.2,0.990172
40,6,8,res9,cifar10,1.0,1,base.6,0.989105
40,6,8,res9,cifar10,1.0,2,base.7,0.962736
40,6,8,res9,cifar10,1.0,3,base.11,0.970173
40,6,8,res9,cifar10,1.0,4,base.15,0.909675
40,6,8,res9,cifar10,1.0,5,base.16,0.800733
40,6,8,res9,cifar10,1.0,6,base.17,0.800733
40,6,8,res9,cifar10,1.0,7,base.18,0.800733
40,6,8,res9,cifar10,1.0,8,classifier,0.825937
40,6,9,res9,cifar10,1.0,0,base.2,0.989184
40,6,9,res9,cifar10,1.0,1,base.6,0.982239
40,6,9,res9,cifar10,1.0,2,base.7,0.958647
40,6,9,res9,cifar10,1.0,3,base.11,0.951469
40,6,9,res9,cifar10,1.0,4,base.15,0.913981
40,6,9,res9,cifar10,1.0,5,base.16,0.761403
40,6,9,res9,cifar10,1.0,6,base.17,0.761403
40,6,9,res9,cifar10,1.0,7,base.18,0.761403
40,6,9,res9,cifar10,1.0,8,classifier,0.800184
40,7,8,res9,cifar10,1.0,0,base.2,0.992837
40,7,8,res9,cifar10,1.0,1,base.6,0.982980
40,7,8,res9,cifar10,1.0,2,base.7,0.956988
40,7,8,res9,cifar10,1.0,3,base.11,0.941276
40,7,8,res9,cifar10,1.0,4,base.15,0.917287
40,7,8,res9,cifar10,1.0,5,base.16,0.741672
40,7,8,res9,cifar10,1.0,6,base.17,0.741672
40,7,8,res9,cifar10,1.0,7,base.18,0.741672
40,7,8,res9,cifar10,1.0,8,classifier,0.750381
40,7,9,res9,cifar10,1.0,0,base.2,0.994039
40,7,9,res9,cifar10,1.0,1,base.6,0.986255
40,7,9,res9,cifar10,1.0,2,base.7,0.961425
40,7,9,res9,cifar10,1.0,3,base.11,0.954130
40,7,9,res9,cifar10,1.0,4,base.15,0.919930
40,7,9,res9,cifar10,1.0,5,base.16,0.712625
40,7,9,res9,cifar10,1.0,6,base.17,0.712625
40,7,9,res9,cifar10,1.0,7,base.18,0.712625
40,7,9,res9,cifar10,1.0,8,classifier,0.778980
40,8,9,res9,cifar10,1.0,0,base.2,0.986596
40,8,9,res9,cifar10,1.0,1,base.6,0.980218
40,8,9,res9,cifar10,1.0,2,base.7,0.940595
40,8,9,res9,cifar10,1.0,3,base.11,0.951815
40,8,9,res9,cifar10,1.0,4,base.15,0.916023
40,8,9,res9,cifar10,1.0,5,base.16,0.775610
40,8,9,res9,cifar10,1.0,6,base.17,0.775610
40,8,9,res9,cifar10,1.0,7,base.18,0.775610
40,8,9,res9,cifar10,1.0,8,classifier,0.805767
50,0,1,res9,cifar10,1.0,0,base.2,0.987760
50,0,1,res9,cifar10,1.0,1,base.6,0.956272
50,0,1,res9,cifar10,1.0,2,base.7,0.919357
50,0,1,res9,cifar10,1.0,3,base.11,0.885816
50,0,1,res9,cifar10,1.0,4,base.15,0.776601
50,0,1,res9,cifar10,1.0,5,base.16,0.641745
50,0,1,res9,cifar10,1.0,6,base.17,0.641745
50,0,1,res9,cifar10,1.0,7,base.18,0.641745
50,0,1,res9,cifar10,1.0,8,classifier,0.666873
50,0,2,res9,cifar10,1.0,0,base.2,0.989506
50,0,2,res9,cifar10,1.0,1,base.6,0.972190
50,0,2,res9,cifar10,1.0,2,base.7,0.874290
50,0,2,res9,cifar10,1.0,3,base.11,0.817923
50,0,2,res9,cifar10,1.0,4,base.15,0.827178
50,0,2,res9,cifar10,1.0,5,base.16,0.737469
50,0,2,res9,cifar10,1.0,6,base.17,0.737469
50,0,2,res9,cifar10,1.0,7,base.18,0.737469
50,0,2,res9,cifar10,1.0,8,classifier,0.780436
50,0,3,res9,cifar10,1.0,0,base.2,0.993024
50,0,3,res9,cifar10,1.0,1,base.6,0.979707
50,0,3,res9,cifar10,1.0,2,base.7,0.937000
50,0,3,res9,cifar10,1.0,3,base.11,0.930206
50,0,3,res9,cifar10,1.0,4,base.15,0.784147
50,0,3,res9,cifar10,1.0,5,base.16,0.691319
50,0,3,res9,cifar10,1.0,6,base.17,0.691319
50,0,3,res9,cifar10,1.0,7,base.18,0.691319
50,0,3,res9,cifar10,1.0,8,classifier,0.791032
50,0,4,res9,cifar10,1.0,0,base.2,0.989599
50,0,4,res9,cifar10,1.0,1,base.6,0.959848
50,0,4,res9,cifar10,1.0,2,base.7,0.907181
50,0,4,res9,cifar10,1.0,3,base.11,0.869093
50,0,4,res9,cifar10,1.0,4,base.15,0.823728
50,0,4,res9,cifar10,1.0,5,base.16,0.688506
50,0,4,res9,cifar10,1.0,6,base.17,0.688506
50,0,4,res9,cifar10,1.0,7,base.18,0.688506
50,0,4,res9,cifar10,1.0,8,classifier,0.677826
50,0,5,res9,cifar10,1.0,0,base.2,0.993396
50,0,5,res9,cifar10,1.0,1,base.6,0.985631
50,0,5,res9,cifar10,1.0,2,base.7,0.943653
50,0,5,res9,cifar10,1.0,3,base.11,0.926682
50,0,5,res9,cifar10,1.0,4,base.15,0.822025
50,0,5,res9,cifar10,1.0,5,base.16,0.753854
50,0,5,res9,cifar10,1.0,6,base.17,0.753854
50,0,5,res9,cifar10,1.0,7,base.18,0.753854
50,0,5,res9,cifar10,1.0,8,classifier,0.751893
50,0,6,res9,cifar10,1.0,0,base.2,0.994622
50,0,6,res9,cifar10,1.0,1,base.6,0.988511
50,0,6,res9,cifar10,1.0,2,base.7,0.970061
50,0,6,res9,cifar10,1.0,3,base.11,0.934938
50,0,6,res9,cifar10,1.0,4,base.15,0.861732
50,0,6,res9,cifar10,1.0,5,base.16,0.753368
50,0,6,res9,cifar10,1.0,6,base.17,0.753368
50,0,6,res9,cifar10,1.0,7,base.18,0.753368
50,0,6,res9,cifar10,1.0,8,classifier,0.807175
50,0,7,res9,cifar10,1.0,0,base.2,0.995908
50,0,7,res9,cifar10,1.0,1,base.6,0.987441
50,0,7,res9,cifar10,1.0,2,base.7,0.947833
50,0,7,res9,cifar10,1.0,3,base.11,0.930856
50,0,7,res9,cifar10,1.0,4,base.15,0.824674
50,0,7,res9,cifar10,1.0,5,base.16,0.666106
50,0,7,res9,cifar10,1.0,6,base.17,0.666106
50,0,7,res9,cifar10,1.0,7,base.18,0.666106
50,0,7,res9,cifar10,1.0,8,classifier,0.743707
50,0,8,res9,cifar10,1.0,0,base.2,0.991302
50,0,8,res9,cifar10,1.0,1,base.6,0.976680
50,0,8,res9,cifar10,1.0,2,base.7,0.940895
50,0,8,res9,cifar10,1.0,3,base.11,0.908778
50,0,8,res9,cifar10,1.0,4,base.15,0.793919
50,0,8,res9,cifar10,1.0,5,base.16,0.720179
50,0,8,res9,cifar10,1.0,6,base.17,0.720179
50,0,8,res9,cifar10,1.0,7,base.18,0.720179
50,0,8,res9,cifar10,1.0,8,classifier,0.760131
50,0,9,res9,cifar10,1.0,0,base.2,0.994278
50,0,9,res9,cifar10,1.0,1,base.6,0.978620
50,0,9,res9,cifar10,1.0,2,base.7,0.938457
50,0,9,res9,cifar10,1.0,3,base.11,0.884958
50,0,9,res9,cifar10,1.0,4,base.15,0.846494
50,0,9,res9,cifar10,1.0,5,base.16,0.755656
50,0,9,res9,cifar10,1.0,6,base.17,0.755656
50,0,9,res9,cifar10,1.0,7,base.18,0.755656
50,0,9,res9,cifar10,1.0,8,classifier,0.794783
50,1,2,res9,cifar10,1.0,0,base.2,0.967875
50,1,2,res9,cifar10,1.0,1,base.6,0.901319
50,1,2,res9,cifar10,1.0,2,base.7,0.761129
50,1,2,res9,cifar10,1.0,3,base.11,0.701335
50,1,2,res9,cifar10,1.0,4,base.15,0.681688
50,1,2,res9,cifar10,1.0,5,base.16,0.612888
50,1,2,res9,cifar10,1.0,6,base.17,0.612888
50,1,2,res9,cifar10,1.0,7,base.18,0.612888
50,1,2,res9,cifar10,1.0,8,classifier,0.732244
50,1,3,res9,cifar10,1.0,0,base.2,0.989771
50,1,3,res9,cifar10,1.0,1,base.6,0.957840
50,1,3,res9,cifar10,1.0,2,base.7,0.931631
50,1,3,res9,cifar10,1.0,3,base.11,0.923576
50,1,3,res9,cifar10,1.0,4,base.15,0.889442
50,1,3,res9,cifar10,1.0,5,base.16,0.756115
50,1,3,res9,cifar10,1.0,6,base.17,0.756115
50,1,3,res9,cifar10,1.0,7,base.18,0.756115
50,1,3,res9,cifar10,1.0,8,classifier,0.753690
50,1,4,res9,cifar10,1.0,0,base.2,0.971912
50,1,4,res9,cifar10,1.0,1,base.6,0.887920
50,1,4,res9,cifar10,1.0,2,base.7,0.827632
50,1,4,res9,cifar10,1.0,3,base.11,0.818392
50,1,4,res9,cifar10,1.0,4,base.15,0.745596
50,1,4,res9,cifar10,1.0,5,base.16,0.651187
50,1,4,res9,cifar10,1.0,6,base.17,0.651187
50,1,4,res9,cifar10,1.0,7,base.18,0.651187
50,1,4,res9,cifar10,1.0,8,classifier,0.740859
50,1,5,res9,cifar10,1.0,0,base.2,0.980835
50,1,5,res9,cifar10,1.0,1,base.6,0.945329
50,1,5,res9,cifar10,1.0,2,base.7,0.881930
50,1,5,res9,cifar10,1.0,3,base.11,0.892370
50,1,5,res9,cifar10,1.0,4,base.15,0.877926
50,1,5,res9,cifar10,1.0,5,base.16,0.716896
50,1,5,res9,cifar10,1.0,6,base.17,0.716896
50,1,5,res9,cifar10,1.0,7,base.18,0.716896
50,1,5,res9,cifar10,1.0,8,classifier,0.732554
50,1,6,res9,cifar10,1.0,0,base.2,0.980286
50,1,6,res9,cifar10,1.0,1,base.6,0.938212
50,1,6,res9,cifar10,1.0,2,base.7,0.899634
50,1,6,res9,cifar10,1.0,3,base.11,0.892313
50,1,6,res9,cifar10,1.0,4,base.15,0.854775
50,1,6,res9,cifar10,1.0,5,base.16,0.664989
50,1,6,res9,cifar10,1.0,6,base.17,0.664989
50,1,6,res9,cifar10,1.0,7,base.18,0.664989
50,1,6,res9,cifar10,1.0,8,classifier,0.723557
50,1,7,res9,cifar10,1.0,0,base.2,0.988583
50,1,7,res9,cifar10,1.0,1,base.6,0.968722
50,1,7,res9,cifar10,1.0,2,base.7,0.943387
50,1,7,res9,cifar10,1.0,3,base.11,0.948289
50,1,7,res9,cifar10,1.0,4,base.15,0.899988
50,1,7,res9,cifar10,1.0,5,base.16,0.748078
50,1,7,res9,cifar10,1.0,6,base.17,0.748078
50,1,7,res9,cifar10,1.0,7,base.18,0.748078
50,1,7,res9,cifar10,1.0,8,classifier,0.744402
50,1,8,res9,cifar10,1.0,0,base.2,0.991191
50,1,8,res9,cifar10,1.0,1,base.6,0.973254
50,1,8,res9,cifar10,1.0,2,base.7,0.936366
50,1,8,res9,cifar10,1.0,3,base.11,0.915270
50,1,8,res9,cifar10,1.0,4,base.15,0.858712
50,1,8,res9,cifar10,1.0,5,base.16,0.736705
50,1,8,res9,cifar10,1.0,6,base.17,0.736705
50,1,8,res9,cifar10,1.0,7,base.18,0.736705
50,1,8,res9,cifar10,1.0,8,classifier,0.789752
50,1,9,res9,cifar10,1.0,0,base.2,0.988497
50,1,9,res9,cifar10,1.0,1,base.6,0.958207
50,1,9,res9,cifar10,1.0,2,base.7,0.918196
50,1,9,res9,cifar10,1.0,3,base.11,0.880369
50,1,9,res9,cifar10,1.0,4,base.15,0.796759
50,1,9,res9,cifar10,1.0,5,base.16,0.668240
50,1,9,res9,cifar10,1.0,6,base.17,0.668240
50,1,9,res9,cifar10,1.0,7,base.18,0.668240
50,1,9,res9,cifar10,1.0,8,classifier,0.692928
50,2,3,res9,cifar10,1.0,0,base.2,0.979101
50,2,3,res9,cifar10,1.0,1,base.6,0.950116
50,2,3,res9,cifar10,1.0,2,base.7,0.813855
50,2,3,res9,cifar10,1.0,3,base.11,0.719395
50,2,3,res9,cifar10,1.0,4,base.15,0.667875
50,2,3,res9,cifar10,1.0,5,base.16,0.652684
50,2,3,res9,cifar10,1.0,6,base.17,0.652684
50,2,3,res9,cifar10,1.0,7,base.18,0.652684
50,2,3,res9,cifar10,1.0,8,classifier,0.769399
50,2,4,res9,cifar10,1.0,0,base.2,0.988393
50,2,4,res9,cifar10,1.0,1,base.6,0.979851
50,2,4,res9,cifar10,1.0,2,base.7,0.940557
50,2,4,res9,cifar10,1.0,3,base.11,0.857641
50,2,4,res9,cifar10,1.0,4,base.15,0.806741
50,2,4,res9,cifar10,1.0,5,base.16,0.729674
50,2,4,res9,cifar10,1.0,6,base.17,0.729674
50,2,4,res9,cifar10,1.0,7,base.18,0.729674
50,2,4,res9,cifar10,1.0,8,classifier,0.734789
50,2,5,res9,cifar10,1.0,0,base.2,0.987300
50,2,5,res9,cifar10,1.0,1,base.6,0.982706
50,2,5,res9,cifar10,1.0,2,base.7,0.901394
50,2,5,res9,cifar10,1.0,3,base.11,0.817881
50,2,5,res9,cifar10,1.0,4,base.15,0.752618
50,2,5,res9,cifar10,1.0,5,base.16,0.760402
50,2,5,res9,cifar10,1.0,6,base.17,0.760402
50,2,5,res9,cifar10,1.0,7,base.18,0.760402
50,2,5,res9,cifar10,1.0,8,classifier,0.739496
50,2,6,res9,cifar10,1.0,0,base.2,0.988418
50,2,6,res9,cifar10,1.0,1,base.6,0.973801
50,2,6,res9,cifar10,1.0,2,base.7,0.901189
50,2,6,res9,cifar10,1.0,3,base.11,0.820406
50,2,6,res9,cifar10,1.0,4,base.15,0.791193
50,2,6,res9,cifar10,1.0,5,base.16,0.738113
50,2,6,res9,cifar10,1.0,6,base.17,0.738113
50,2,6,res9,cifar10,1.0,7,base.18,0.738113
50,2,6,res9,cifar10,1.0,8,classifier,0.810655
50,2,7,res9,cifar10,1.0,0,base.2,0.987361
50,2,7,res9,cifar10,1.0,1,base.6,0.964375
50,2,7,res9,cifar10,1.0,2,base.7,0.873660
50,2,7,res9,cifar10,1.0,3,base.11,0.760853
50,2,7,res9,cifar10,1.0,4,base.15,0.734242
50,2,7,res9,cifar10,1.0,5,base.16,0.620973
50,2,7,res9,cifar10,1.0,6,base.17,0.620973
50,2,7,res9,cifar10,1.0,7,base.18,0.620973
50,2,7,res9,cifar10,1.0,8,classifier,0.744954
50,2,8,res9,cifar10,1.0,0,base.2,0.974283
50,2,8,res9,cifar10,1.0,1,base.6,0.944156
50,2,8,res9,cifar10,1.0,2,base.7,0.794834
50,2,8,res9,cifar10,1.0,3,base.11,0.718000
50,2,8,res9,cifar10,1.0,4,base.15,0.703978
50,2,8,res9,cifar10,1.0,5,base.16,0.721813
50,2,8,res9,cifar10,1.0,6,base.17,0.721813
50,2,8,res9,cifar10,1.0,7,base.18,0.721813
50,2,8,res9,cifar10,1.0,8,classifier,0.797151
50,2,9,res9,cifar10,1.0,0,base.2,0.986908
50,2,9,res9,cifar10,1.0,1,base.6,0.955561
50,2,9,res9,cifar10,1.0,2,base.7,0.845449
50,2,9,res9,cifar10,1.0,3,base.11,0.765712
50,2,9,res9,cifar10,1.0,4,base.15,0.781794
50,2,9,res9,cifar10,1.0,5,base.16,0.789803
50,2,9,res9,cifar10,1.0,6,base.17,0.789803
50,2,9,res9,cifar10,1.0,7,base.18,0.789803
50,2,9,res9,cifar10,1.0,8,classifier,0.817400
50,3,4,res9,cifar10,1.0,0,base.2,0.987621
50,3,4,res9,cifar10,1.0,1,base.6,0.947923
50,3,4,res9,cifar10,1.0,2,base.7,0.859174
50,3,4,res9,cifar10,1.0,3,base.11,0.808323
50,3,4,res9,cifar10,1.0,4,base.15,0.723086
50,3,4,res9,cifar10,1.0,5,base.16,0.672411
50,3,4,res9,cifar10,1.0,6,base.17,0.672411
50,3,4,res9,cifar10,1.0,7,base.18,0.672411
50,3,4,res9,cifar10,1.0,8,classifier,0.695963
50,3,5,res9,cifar10,1.0,0,base.2,0.995188
50,3,5,res9,cifar10,1.0,1,base.6,0.977376
50,3,5,res9,cifar10,1.0,2,base.7,0.928049
50,3,5,res9,cifar10,1.0,3,base.11,0.931112
50,3,5,res9,cifar10,1.0,4,base.15,0.896694
50,3,5,res9,cifar10,1.0,5,base.16,0.770650
50,3,5,res9,cifar10,1.0,6,base.17,0.770650
50,3,5,res9,cifar10,1.0,7,base.18,0.770650
50,3,5,res9,cifar10,1.0,8,classifier,0.766126
50,3,6,res9,cifar10,1.0,0,base.2,0.988062
50,3,6,res9,cifar10,1.0,1,base.6,0.972858
50,3,6,res9,cifar10,1.0,2,base.7,0.920983
50,3,6,res9,cifar10,1.0,3,base.11,0.936726
50,3,6,res9,cifar10,1.0,4,base.15,0.903857
50,3,6,res9,cifar10,1.0,5,base.16,0.812639
50,3,6,res9,cifar10,1.0,6,base.17,0.812639
50,3,6,res9,cifar10,1.0,7,base.18,0.812639
50,3,6,res9,cifar10,1.0,8,classifier,0.830098
50,3,7,res9,cifar10,1.0,0,base.2,0.996704
50,3,7,res9,cifar10,1.0,1,base.6,0.990594
50,3,7,res9,cifar10,1.0,2,base.7,0.963046
50,3,7,res9,cifar10,1.0,3,base.11,0.963707
50,3,7,res9,cifar10,1.0,4,base.15,0.909089
50,3,7,res9,cifar10,1.0,5,base.16,0.794091
50,3,7,res9,cifar10,1.0,6,base.17,0.794091
50,3,7,res9,cifar10,1.0,7,base.18,0.794091
50,3,7,res9,cifar10,1.0,8,classifier,0.789571
50,3,8,res9,cifar10,1.0,0,base.2,0.992453
50,3,8,res9,cifar10,1.0,1,base.6,0.967882
50,3,8,res9,cifar10,1.0,2,base.7,0.934976
50,3,8,res9,cifar10,1.0,3,base.11,0.945722
50,3,8,res9,cifar10,1.0,4,base.15,0.914356
50,3,8,res9,cifar10,1.0,5,base.16,0.827856
50,3,8,res9,cifar10,1.0,6,base.17,0.827856
50,3,8,res9,cifar10,1.0,7,base.18,0.827856
50,3,8,res9,cifar10,1.0,8,classifier,0.811505
50,3,9,res9,cifar10,1.0,0,base.2,0.988798
50,3,9,res9,cifar10,1.0,1,base.6,0.967839
50,3,9,res9,cifar10,1.0,2,base.7,0.901043
50,3,9,res9,cifar10,1.0,3,base.11,0.846679
50,3,9,res9,cifar10,1.0,4,base.15,0.762842
50,3,9,res9,cifar10,1.0,5,base.16,0.702331
50,3,9,res9,cifar10,1.0,6,base.17,0.702331
50,3,9,res9,cifar10,1.0,7,base.18,0.702331
50,3,9,res9,cifar10,1.0,8,classifier,0.788213
50,4,5,res9,cifar10,1.0,0,base.2,0.993864
50,4,5,res9,cifar10,1.0,1,base.6,0.972600
50,4,5,res9,cifar10,1.0,2,base.7,0.917697
50,4,5,res9,cifar10,1.0,3,base.11,0.850378
50,4,5,res9,cifar10,1.0,4,base.15,0.752584
50,4,5,res9,cifar10,1.0,5,base.16,0.745355
50,4,5,res9,cifar10,1.0,6,base.17,0.745355
50,4,5,res9,cifar10,1.0,7,base.18,0.745355
50,4,5,res9,cifar10,1.0,8,classifier,0.756905
50,4,6,res9,cifar10,1.0,0,base.2,0.992227
50,4,6,res9,cifar10,1.0,1,base.6,0.963932
50,4,6,res9,cifar10,1.0,2,base.7,0.918238
50,4,6,res9,cifar10,1.0,3,base.11,0.857795
50,4,6,res9,cifar10,1.0,4,base.15,0.803434
50,4,6,res9,cifar10,1.0,5,base.16,0.740015
50,4,6,res9,cifar10,1.0,6,base.17,0.740015
50,4,6,res9,cifar10,1.0,7,base.18,0.740015
50,4,6,res9,cifar10,1.0,8,classifier,0.730285
50,4,7,res9,cifar10,1.0,0,base.2,0.989508
50,4,7,res9,cifar10,1.0,1,base.6,0.949320
50,4,7,res9,cifar10,1.0,2,base.7,0.902751
50,4,7,res9,cifar10,1.0,3,base.11,0.854476
50,4,7,res9,cifar10,1.0,4,base.15,0.800265
50,4,7,res9,cifar10,1.0,5,base.16,0.688776
50,4,7,res9,cifar10,1.0,6,base.17,0.688776
50,4,7,res9,cifar10,1.0,7,base.18,0.688776
50,4,7,res9,cifar10,1.0,8,classifier,0.715368
50,4,8,res9,cifar10,1.0,0,base.2,0.983682
50,4,8,res9,cifar10,1.0,1,base.6,0.934202
50,4,8,res9,cifar10,1.0,2,base.7,0.842364
50,4,8,res9,cifar10,1.0,3,base.11,0.816671
50,4,8,res9,cifar10,1.0,4,base.15,0.747268
50,4,8,res9,cifar10,1.0,5,base.16,0.717838
50,4,8,res9,cifar10,1.0,6,base.17,0.717838
50,4,8,res9,cifar10,1.0,7,base.18,0.717838
50,4,8,res9,cifar10,1.0,8,classifier,0.769018
50,4,9,res9,cifar10,1.0,0,base.2,0.987473
50,4,9,res9,cifar10,1.0,1,base.6,0.961321
50,4,9,res9,cifar10,1.0,2,base.7,0.902473
50,4,9,res9,cifar10,1.0,3,base.11,0.862451
50,4,9,res9,cifar10,1.0,4,base.15,0.806092
50,4,9,res9,cifar10,1.0,5,base.16,0.686862
50,4,9,res9,cifar10,1.0,6,base.17,0.686862
50,4,9,res9,cifar10,1.0,7,base.18,0.686862
50,4,9,res9,cifar10,1.0,8,classifier,0.705469
50,5,6,res9,cifar10,1.0,0,base.2,0.992430
50,5,6,res9,cifar10,1.0,1,base.6,0.981055
50,5,6,res9,cifar10,1.0,2,base.7,0.945178
50,5,6,res9,cifar10,1.0,3,base.11,0.934372
50,5,6,res9,cifar10,1.0,4,base.15,0.912706
50,5,6,res9,cifar10,1.0,5,base.16,0.813805
50,5,6,res9,cifar10,1.0,6,base.17,0.813805
50,5,6,res9,cifar10,1.0,7,base.18,0.813805
50,5,6,res9,cifar10,1.0,8,classifier,0.794757
50,5,7,res9,cifar10,1.0,0,base.2,0.996663
50,5,7,res9,cifar10,1.0,1,base.6,0.984554
50,5,7,res9,cifar10,1.0,2,base.7,0.948233
50,5,7,res9,cifar10,1.0,3,base.11,0.943094
50,5,7,res9,cifar10,1.0,4,base.15,0.919777
50,5,7,res9,cifar10,1.0,5,base.16,0.736035
50,5,7,res9,cifar10,1.0,6,base.17,0.736035
50,5,7,res9,cifar10,1.0,7,base.18,0.736035
50,5,7,res9,cifar10,1.0,8,classifier,0.765720
50,5,8,res9,cifar10,1.0,0,base.2,0.992169
50,5,8,res9,cifar10,1.0,1,base.6,0.973976
50,5,8,res9,cifar10,1.0,2,base.7,0.914983
50,5,8,res9,cifar10,1.0,3,base.11,0.908831
50,5,8,res9,cifar10,1.0,4,base.15,0.894406
50,5,8,res9,cifar10,1.0,5,base.16,0.804269
50,5,8,res9,cifar10,1.0,6,base.17,0.804269
50,5,8,res9,cifar10,1.0,7,base.18,0.804269
50,5,8,res9,cifar10,1.0,8,classifier,0.790253
50,5,9,res9,cifar10,1.0,0,base.2,0.990277
50,5,9,res9,cifar10,1.0,1,base.6,0.982394
50,5,9,res9,cifar10,1.0,2,base.7,0.908006
50,5,9,res9,cifar10,1.0,3,base.11,0.853325
50,5,9,res9,cifar10,1.0,4,base.15,0.790158
50,5,9,res9,cifar10,1.0,5,base.16,0.796987
50,5,9,res9,cifar10,1.0,6,base.17,0.796987
50,5,9,res9,cifar10,1.0,7,base.18,0.796987
50,5,9,res9,cifar10,1.0,8,classifier,0.754064
50,6,7,res9,cifar10,1.0,0,base.2,0.992810
50,6,7,res9,cifar10,1.0,1,base.6,0.980667
50,6,7,res9,cifar10,1.0,2,base.7,0.944663
50,6,7,res9,cifar10,1.0,3,base.11,0.950002
50,6,7,res9,cifar10,1.0,4,base.15,0.917106
50,6,7,res9,cifar10,1.0,5,base.16,0.789138
50,6,7,res9,cifar10,1.0,6,base.17,0.789138
50,6,7,res9,cifar10,1.0,7,base.18,0.789138
50,6,7,res9,cifar10,1.0,8,classifier,0.830893
50,6,8,res9,cifar10,1.0,0,base.2,0.991632
50,6,8,res9,cifar10,1.0,1,base.6,0.978676
50,6,8,res9,cifar10,1.0,2,base.7,0.946369
50,6,8,res9,cifar10,1.0,3,base.11,0.954628
50,6,8,res9,cifar10,1.0,4,base.15,0.919936
50,6,8,res9,cifar10,1.0,5,base.16,0.820754
50,6,8,res9,cifar10,1.0,6,base.17,0.820754
50,6,8,res9,cifar10,1.0,7,base.18,0.820754
50,6,8,res9,cifar10,1.0,8,classifier,0.836411
50,6,9,res9,cifar10,1.0,0,base.2,0.992350
50,6,9,res9,cifar10,1.0,1,base.6,0.970924
50,6,9,res9,cifar10,1.0,2,base.7,0.933171
50,6,9,res9,cifar10,1.0,3,base.11,0.898026
50,6,9,res9,cifar10,1.0,4,base.15,0.837530
50,6,9,res9,cifar10,1.0,5,base.16,0.742803
50,6,9,res9,cifar10,1.0,6,base.17,0.742803
50,6,9,res9,cifar10,1.0,7,base.18,0.742803
50,6,9,res9,cifar10,1.0,8,classifier,0.780741
50,7,8,res9,cifar10,1.0,0,base.2,0.994025
50,7,8,res9,cifar10,1.0,1,base.6,0.978267
50,7,8,res9,cifar10,1.0,2,base.7,0.942158
50,7,8,res9,cifar10,1.0,3,base.11,0.958047
50,7,8,res9,cifar10,1.0,4,base.15,0.905625
50,7,8,res9,cifar10,1.0,5,base.16,0.801629
50,7,8,res9,cifar10,1.0,6,base.17,0.801629
50,7,8,res9,cifar10,1.0,7,base.18,0.801629
50,7,8,res9,cifar10,1.0,8,classifier,0.817729
50,7,9,res9,cifar10,1.0,0,base.2,0.991843
50,7,9,res9,cifar10,1.0,1,base.6,0.971062
50,7,9,res9,cifar10,1.0,2,base.7,0.925633
50,7,9,res9,cifar10,1.0,3,base.11,0.878755
50,7,9,res9,cifar10,1.0,4,base.15,0.826198
50,7,9,res9,cifar10,1.0,5,base.16,0.683087
50,7,9,res9,cifar10,1.0,6,base.17,0.683087
50,7,9,res9,cifar10,1.0,7,base.18,0.683087
50,7,9,res9,cifar10,1.0,8,classifier,0.735687
50,8,9,res9,cifar10,1.0,0,base.2,0.990830
50,8,9,res9,cifar10,1.0,1,base.6,0.973868
50,8,9,res9,cifar10,1.0,2,base.7,0.902254
50,8,9,res9,cifar10,1.0,3,base.11,0.858306
50,8,9,res9,cifar10,1.0,4,base.15,0.783466
50,8,9,res9,cifar10,1.0,5,base.16,0.721680
50,8,9,res9,cifar10,1.0,6,base.17,0.721680
50,8,9,res9,cifar10,1.0,7,base.18,0.721680
50,8,9,res9,cifar10,1.0,8,classifier,0.735694
