round,client_i,client_j,model_name,dataset,alpha,layer_index,layer_name,cka_diagonal
1,0,1,vig_tiny,cifar10,0.3,0,_vig_stem,0.849683
1,0,1,vig_tiny,cifar10,0.3,1,_vig_blocks.0,0.820488
1,0,1,vig_tiny,cifar10,0.3,2,_vig_blocks.1,0.845418
1,0,1,vig_tiny,cifar10,0.3,3,_vig_blocks.2,0.821068
1,0,1,vig_tiny,cifar10,0.3,4,_vig_blocks.3,0.812599
1,0,1,vig_tiny,cifar10,0.3,5,_vig_blocks.4,0.810275
1,0,1,vig_tiny,cifar10,0.3,6,_vig_blocks.5,0.783749
1,0,1,vig_tiny,cifar10,0.3,7,_vig_blocks.6,0.784994
1,0,1,vig_tiny,cifar10,0.3,8,_vig_blocks.7,0.791605
1,0,1,vig_tiny,cifar10,0.3,9,_vig_blocks.8,0.791714
1,0,1,vig_tiny,cifar10,0.3,10,_vig_blocks.9,0.799123
1,0,1,vig_tiny,cifar10,0.3,11,_vig_blocks.10,0.800579
1,0,1,vig_tiny,cifar10,0.3,12,_vig_blocks.11,0.799679
1,0,1,vig_tiny,cifar10,0.3,13,classifier,0.727624
1,0,2,vig_tiny,cifar10,0.3,0,_vig_stem,0.805093
1,0,2,vig_tiny,cifar10,0.3,1,_vig_blocks.0,0.819472
1,0,2,vig_tiny,cifar10,0.3,2,_vig_blocks.1,0.803677
1,0,2,vig_tiny,cifar10,0.3,3,_vig_blocks.2,0.781968
1,0,2,vig_tiny,cifar10,0.3,4,_vig_blocks.3,0.769189
1,0,2,vig_tiny,cifar10,0.3,5,_vig_blocks.4,0.774598
1,0,2,vig_tiny,cifar10,0.3,6,_vig_blocks.5,0.756066
1,0,2,vig_tiny,cifar10,0.3,7,_vig_blocks.6,0.766732
1,0,2,vig_tiny,cifar10,0.3,8,_vig_blocks.7,0.794447
1,0,2,vig_tiny,cifar10,0.3,9,_vig_blocks.8,0.768642
1,0,2,vig_tiny,cifar10,0.3,10,_vig_blocks.9,0.789641
1,0,2,vig_tiny,cifar10,0.3,11,_vig_blocks.10,0.802448
1,0,2,vig_tiny,cifar10,0.3,12,_vig_blocks.11,0.794338
1,0,2,vig_tiny,cifar10,0.3,13,classifier,0.611663
1,0,3,vig_tiny,cifar10,0.3,0,_vig_stem,0.683820
1,0,3,vig_tiny,cifar10,0.3,1,_vig_blocks.0,0.603072
1,0,3,vig_tiny,cifar10,0.3,2,_vig_blocks.1,0.556044
1,0,3,vig_tiny,cifar10,0.3,3,_vig_blocks.2,0.514360
1,0,3,vig_tiny,cifar10,0.3,4,_vig_blocks.3,0.514487
1,0,3,vig_tiny,cifar10,0.3,5,_vig_blocks.4,0.521960
1,0,3,vig_tiny,cifar10,0.3,6,_vig_blocks.5,0.506049
1,0,3,vig_tiny,cifar10,0.3,7,_vig_blocks.6,0.498808
1,0,3,vig_tiny,cifar10,0.3,8,_vig_blocks.7,0.526654
1,0,3,vig_tiny,cifar10,0.3,9,_vig_blocks.8,0.525451
1,0,3,vig_tiny,cifar10,0.3,10,_vig_blocks.9,0.526031
1,0,3,vig_tiny,cifar10,0.3,11,_vig_blocks.10,0.538258
1,0,3,vig_tiny,cifar10,0.3,12,_vig_blocks.11,0.553336
1,0,3,vig_tiny,cifar10,0.3,13,classifier,0.352185
1,0,4,vig_tiny,cifar10,0.3,0,_vig_stem,0.563793
1,0,4,vig_tiny,cifar10,0.3,1,_vig_blocks.0,0.516733
1,0,4,vig_tiny,cifar10,0.3,2,_vig_blocks.1,0.526717
1,0,4,vig_tiny,cifar10,0.3,3,_vig_blocks.2,0.484730
1,0,4,vig_tiny,cifar10,0.3,4,_vig_blocks.3,0.498805
1,0,4,vig_tiny,cifar10,0.3,5,_vig_blocks.4,0.513957
1,0,4,vig_tiny,cifar10,0.3,6,_vig_blocks.5,0.490949
1,0,4,vig_tiny,cifar10,0.3,7,_vig_blocks.6,0.463048
1,0,4,vig_tiny,cifar10,0.3,8,_vig_blocks.7,0.487645
1,0,4,vig_tiny,cifar10,0.3,9,_vig_blocks.8,0.500824
1,0,4,vig_tiny,cifar10,0.3,10,_vig_blocks.9,0.513296
1,0,4,vig_tiny,cifar10,0.3,11,_vig_blocks.10,0.532682
1,0,4,vig_tiny,cifar10,0.3,12,_vig_blocks.11,0.530556
1,0,4,vig_tiny,cifar10,0.3,13,classifier,0.292616
1,0,5,vig_tiny,cifar10,0.3,0,_vig_stem,0.670187
1,0,5,vig_tiny,cifar10,0.3,1,_vig_blocks.0,0.594765
1,0,5,vig_tiny,cifar10,0.3,2,_vig_blocks.1,0.578246
1,0,5,vig_tiny,cifar10,0.3,3,_vig_blocks.2,0.566322
1,0,5,vig_tiny,cifar10,0.3,4,_vig_blocks.3,0.568872
1,0,5,vig_tiny,cifar10,0.3,5,_vig_blocks.4,0.549500
1,0,5,vig_tiny,cifar10,0.3,6,_vig_blocks.5,0.545054
1,0,5,vig_tiny,cifar10,0.3,7,_vig_blocks.6,0.514493
1,0,5,vig_tiny,cifar10,0.3,8,_vig_blocks.7,0.493959
1,0,5,vig_tiny,cifar10,0.3,9,_vig_blocks.8,0.496296
1,0,5,vig_tiny,cifar10,0.3,10,_vig_blocks.9,0.497861
1,0,5,vig_tiny,cifar10,0.3,11,_vig_blocks.10,0.488102
1,0,5,vig_tiny,cifar10,0.3,12,_vig_blocks.11,0.486651
1,0,5,vig_tiny,cifar10,0.3,13,classifier,0.234833
1,0,6,vig_tiny,cifar10,0.3,0,_vig_stem,0.949542
1,0,6,vig_tiny,cifar10,0.3,1,_vig_blocks.0,0.919923
1,0,6,vig_tiny,cifar10,0.3,2,_vig_blocks.1,0.901441
1,0,6,vig_tiny,cifar10,0.3,3,_vig_blocks.2,0.904321
1,0,6,vig_tiny,cifar10,0.3,4,_vig_blocks.3,0.892145
1,0,6,vig_tiny,cifar10,0.3,5,_vig_blocks.4,0.866806
1,0,6,vig_tiny,cifar10,0.3,6,_vig_blocks.5,0.853253
1,0,6,vig_tiny,cifar10,0.3,7,_vig_blocks.6,0.857190
1,0,6,vig_tiny,cifar10,0.3,8,_vig_blocks.7,0.837892
1,0,6,vig_tiny,cifar10,0.3,9,_vig_blocks.8,0.816225
1,0,6,vig_tiny,cifar10,0.3,10,_vig_blocks.9,0.791188
1,0,6,vig_tiny,cifar10,0.3,11,_vig_blocks.10,0.764551
1,0,6,vig_tiny,cifar10,0.3,12,_vig_blocks.11,0.741463
1,0,6,vig_tiny,cifar10,0.3,13,classifier,0.520749
1,0,7,vig_tiny,cifar10,0.3,0,_vig_stem,0.655855
1,0,7,vig_tiny,cifar10,0.3,1,_vig_blocks.0,0.567999
1,0,7,vig_tiny,cifar10,0.3,2,_vig_blocks.1,0.563502
1,0,7,vig_tiny,cifar10,0.3,3,_vig_blocks.2,0.531502
1,0,7,vig_tiny,cifar10,0.3,4,_vig_blocks.3,0.534788
1,0,7,vig_tiny,cifar10,0.3,5,_vig_blocks.4,0.549097
1,0,7,vig_tiny,cifar10,0.3,6,_vig_blocks.5,0.540713
1,0,7,vig_tiny,cifar10,0.3,7,_vig_blocks.6,0.514895
1,0,7,vig_tiny,cifar10,0.3,8,_vig_blocks.7,0.541914
1,0,7,vig_tiny,cifar10,0.3,9,_vig_blocks.8,0.549446
1,0,7,vig_tiny,cifar10,0.3,10,_vig_blocks.9,0.557932
1,0,7,vig_tiny,cifar10,0.3,11,_vig_blocks.10,0.581654
1,0,7,vig_tiny,cifar10,0.3,12,_vig_blocks.11,0.588200
1,0,7,vig_tiny,cifar10,0.3,13,classifier,0.451088
1,0,8,vig_tiny,cifar10,0.3,0,_vig_stem,0.841519
1,0,8,vig_tiny,cifar10,0.3,1,_vig_blocks.0,0.791283
1,0,8,vig_tiny,cifar10,0.3,2,_vig_blocks.1,0.786528
1,0,8,vig_tiny,cifar10,0.3,3,_vig_blocks.2,0.768813
1,0,8,vig_tiny,cifar10,0.3,4,_vig_blocks.3,0.749189
1,0,8,vig_tiny,cifar10,0.3,5,_vig_blocks.4,0.771408
1,0,8,vig_tiny,cifar10,0.3,6,_vig_blocks.5,0.760865
1,0,8,vig_tiny,cifar10,0.3,7,_vig_blocks.6,0.748963
1,0,8,vig_tiny,cifar10,0.3,8,_vig_blocks.7,0.768512
1,0,8,vig_tiny,cifar10,0.3,9,_vig_blocks.8,0.774076
1,0,8,vig_tiny,cifar10,0.3,10,_vig_blocks.9,0.773555
1,0,8,vig_tiny,cifar10,0.3,11,_vig_blocks.10,0.759377
1,0,8,vig_tiny,cifar10,0.3,12,_vig_blocks.11,0.754466
1,0,8,vig_tiny,cifar10,0.3,13,classifier,0.734294
1,0,9,vig_tiny,cifar10,0.3,0,_vig_stem,0.705938
1,0,9,vig_tiny,cifar10,0.3,1,_vig_blocks.0,0.692235
1,0,9,vig_tiny,cifar10,0.3,2,_vig_blocks.1,0.658824
1,0,9,vig_tiny,cifar10,0.3,3,_vig_blocks.2,0.627502
1,0,9,vig_tiny,cifar10,0.3,4,_vig_blocks.3,0.611373
1,0,9,vig_tiny,cifar10,0.3,5,_vig_blocks.4,0.607168
1,0,9,vig_tiny,cifar10,0.3,6,_vig_blocks.5,0.574132
1,0,9,vig_tiny,cifar10,0.3,7,_vig_blocks.6,0.551291
1,0,9,vig_tiny,cifar10,0.3,8,_vig_blocks.7,0.588067
1,0,9,vig_tiny,cifar10,0.3,9,_vig_blocks.8,0.580525
1,0,9,vig_tiny,cifar10,0.3,10,_vig_blocks.9,0.583389
1,0,9,vig_tiny,cifar10,0.3,11,_vig_blocks.10,0.575735
1,0,9,vig_tiny,cifar10,0.3,12,_vig_blocks.11,0.562299
1,0,9,vig_tiny,cifar10,0.3,13,classifier,0.295870
1,1,2,vig_tiny,cifar10,0.3,0,_vig_stem,0.961884
1,1,2,vig_tiny,cifar10,0.3,1,_vig_blocks.0,0.951025
1,1,2,vig_tiny,cifar10,0.3,2,_vig_blocks.1,0.918350
1,1,2,vig_tiny,cifar10,0.3,3,_vig_blocks.2,0.888483
1,1,2,vig_tiny,cifar10,0.3,4,_vig_blocks.3,0.883122
1,1,2,vig_tiny,cifar10,0.3,5,_vig_blocks.4,0.864812
1,1,2,vig_tiny,cifar10,0.3,6,_vig_blocks.5,0.855797
1,1,2,vig_tiny,cifar10,0.3,7,_vig_blocks.6,0.830915
1,1,2,vig_tiny,cifar10,0.3,8,_vig_blocks.7,0.827860
1,1,2,vig_tiny,cifar10,0.3,9,_vig_blocks.8,0.803105
1,1,2,vig_tiny,cifar10,0.3,10,_vig_blocks.9,0.799785
1,1,2,vig_tiny,cifar10,0.3,11,_vig_blocks.10,0.789658
1,1,2,vig_tiny,cifar10,0.3,12,_vig_blocks.11,0.777582
1,1,2,vig_tiny,cifar10,0.3,13,classifier,0.483664
1,1,3,vig_tiny,cifar10,0.3,0,_vig_stem,0.895219
1,1,3,vig_tiny,cifar10,0.3,1,_vig_blocks.0,0.825119
1,1,3,vig_tiny,cifar10,0.3,2,_vig_blocks.1,0.728504
1,1,3,vig_tiny,cifar10,0.3,3,_vig_blocks.2,0.679327
1,1,3,vig_tiny,cifar10,0.3,4,_vig_blocks.3,0.670690
1,1,3,vig_tiny,cifar10,0.3,5,_vig_blocks.4,0.664642
1,1,3,vig_tiny,cifar10,0.3,6,_vig_blocks.5,0.647976
1,1,3,vig_tiny,cifar10,0.3,7,_vig_blocks.6,0.633971
1,1,3,vig_tiny,cifar10,0.3,8,_vig_blocks.7,0.631505
1,1,3,vig_tiny,cifar10,0.3,9,_vig_blocks.8,0.614235
1,1,3,vig_tiny,cifar10,0.3,10,_vig_blocks.9,0.618167
1,1,3,vig_tiny,cifar10,0.3,11,_vig_blocks.10,0.589488
1,1,3,vig_tiny,cifar10,0.3,12,_vig_blocks.11,0.593018
1,1,3,vig_tiny,cifar10,0.3,13,classifier,0.383013
1,1,4,vig_tiny,cifar10,0.3,0,_vig_stem,0.781499
1,1,4,vig_tiny,cifar10,0.3,1,_vig_blocks.0,0.745791
1,1,4,vig_tiny,cifar10,0.3,2,_vig_blocks.1,0.710513
1,1,4,vig_tiny,cifar10,0.3,3,_vig_blocks.2,0.667449
1,1,4,vig_tiny,cifar10,0.3,4,_vig_blocks.3,0.656517
1,1,4,vig_tiny,cifar10,0.3,5,_vig_blocks.4,0.665571
1,1,4,vig_tiny,cifar10,0.3,6,_vig_blocks.5,0.636638
1,1,4,vig_tiny,cifar10,0.3,7,_vig_blocks.6,0.608191
1,1,4,vig_tiny,cifar10,0.3,8,_vig_blocks.7,0.584534
1,1,4,vig_tiny,cifar10,0.3,9,_vig_blocks.8,0.569300
1,1,4,vig_tiny,cifar10,0.3,10,_vig_blocks.9,0.576139
1,1,4,vig_tiny,cifar10,0.3,11,_vig_blocks.10,0.557852
1,1,4,vig_tiny,cifar10,0.3,12,_vig_blocks.11,0.541183
1,1,4,vig_tiny,cifar10,0.3,13,classifier,0.350715
1,1,5,vig_tiny,cifar10,0.3,0,_vig_stem,0.885416
1,1,5,vig_tiny,cifar10,0.3,1,_vig_blocks.0,0.822963
1,1,5,vig_tiny,cifar10,0.3,2,_vig_blocks.1,0.756880
1,1,5,vig_tiny,cifar10,0.3,3,_vig_blocks.2,0.740996
1,1,5,vig_tiny,cifar10,0.3,4,_vig_blocks.3,0.711510
1,1,5,vig_tiny,cifar10,0.3,5,_vig_blocks.4,0.674418
1,1,5,vig_tiny,cifar10,0.3,6,_vig_blocks.5,0.646903
1,1,5,vig_tiny,cifar10,0.3,7,_vig_blocks.6,0.631546
1,1,5,vig_tiny,cifar10,0.3,8,_vig_blocks.7,0.592225
1,1,5,vig_tiny,cifar10,0.3,9,_vig_blocks.8,0.573811
1,1,5,vig_tiny,cifar10,0.3,10,_vig_blocks.9,0.566372
1,1,5,vig_tiny,cifar10,0.3,11,_vig_blocks.10,0.537460
1,1,5,vig_tiny,cifar10,0.3,12,_vig_blocks.11,0.542625
1,1,5,vig_tiny,cifar10,0.3,13,classifier,0.397239
1,1,6,vig_tiny,cifar10,0.3,0,_vig_stem,0.792298
1,1,6,vig_tiny,cifar10,0.3,1,_vig_blocks.0,0.790008
1,1,6,vig_tiny,cifar10,0.3,2,_vig_blocks.1,0.783739
1,1,6,vig_tiny,cifar10,0.3,3,_vig_blocks.2,0.780327
1,1,6,vig_tiny,cifar10,0.3,4,_vig_blocks.3,0.750821
1,1,6,vig_tiny,cifar10,0.3,5,_vig_blocks.4,0.728173
1,1,6,vig_tiny,cifar10,0.3,6,_vig_blocks.5,0.703395
1,1,6,vig_tiny,cifar10,0.3,7,_vig_blocks.6,0.726147
1,1,6,vig_tiny,cifar10,0.3,8,_vig_blocks.7,0.709382
1,1,6,vig_tiny,cifar10,0.3,9,_vig_blocks.8,0.704861
1,1,6,vig_tiny,cifar10,0.3,10,_vig_blocks.9,0.679831
1,1,6,vig_tiny,cifar10,0.3,11,_vig_blocks.10,0.660980
1,1,6,vig_tiny,cifar10,0.3,12,_vig_blocks.11,0.641770
1,1,6,vig_tiny,cifar10,0.3,13,classifier,0.511276
1,1,7,vig_tiny,cifar10,0.3,0,_vig_stem,0.896395
1,1,7,vig_tiny,cifar10,0.3,1,_vig_blocks.0,0.835942
1,1,7,vig_tiny,cifar10,0.3,2,_vig_blocks.1,0.756720
1,1,7,vig_tiny,cifar10,0.3,3,_vig_blocks.2,0.711449
1,1,7,vig_tiny,cifar10,0.3,4,_vig_blocks.3,0.702987
1,1,7,vig_tiny,cifar10,0.3,5,_vig_blocks.4,0.709868
1,1,7,vig_tiny,cifar10,0.3,6,_vig_blocks.5,0.701925
1,1,7,vig_tiny,cifar10,0.3,7,_vig_blocks.6,0.664762
1,1,7,vig_tiny,cifar10,0.3,8,_vig_blocks.7,0.655152
1,1,7,vig_tiny,cifar10,0.3,9,_vig_blocks.8,0.643047
1,1,7,vig_tiny,cifar10,0.3,10,_vig_blocks.9,0.648276
1,1,7,vig_tiny,cifar10,0.3,11,_vig_blocks.10,0.625592
1,1,7,vig_tiny,cifar10,0.3,12,_vig_blocks.11,0.607284
1,1,7,vig_tiny,cifar10,0.3,13,classifier,0.407730
1,1,8,vig_tiny,cifar10,0.3,0,_vig_stem,0.935397
1,1,8,vig_tiny,cifar10,0.3,1,_vig_blocks.0,0.917228
1,1,8,vig_tiny,cifar10,0.3,2,_vig_blocks.1,0.883283
1,1,8,vig_tiny,cifar10,0.3,3,_vig_blocks.2,0.856383
1,1,8,vig_tiny,cifar10,0.3,4,_vig_blocks.3,0.842168
1,1,8,vig_tiny,cifar10,0.3,5,_vig_blocks.4,0.830068
1,1,8,vig_tiny,cifar10,0.3,6,_vig_blocks.5,0.815953
1,1,8,vig_tiny,cifar10,0.3,7,_vig_blocks.6,0.780215
1,1,8,vig_tiny,cifar10,0.3,8,_vig_blocks.7,0.768405
1,1,8,vig_tiny,cifar10,0.3,9,_vig_blocks.8,0.766633
1,1,8,vig_tiny,cifar10,0.3,10,_vig_blocks.9,0.763698
1,1,8,vig_tiny,cifar10,0.3,11,_vig_blocks.10,0.728629
1,1,8,vig_tiny,cifar10,0.3,12,_vig_blocks.11,0.721339
1,1,8,vig_tiny,cifar10,0.3,13,classifier,0.593992
1,1,9,vig_tiny,cifar10,0.3,0,_vig_stem,0.853697
1,1,9,vig_tiny,cifar10,0.3,1,_vig_blocks.0,0.848648
1,1,9,vig_tiny,cifar10,0.3,2,_vig_blocks.1,0.793918
1,1,9,vig_tiny,cifar10,0.3,3,_vig_blocks.2,0.755658
1,1,9,vig_tiny,cifar10,0.3,4,_vig_blocks.3,0.728376
1,1,9,vig_tiny,cifar10,0.3,5,_vig_blocks.4,0.708380
1,1,9,vig_tiny,cifar10,0.3,6,_vig_blocks.5,0.678200
1,1,9,vig_tiny,cifar10,0.3,7,_vig_blocks.6,0.638353
1,1,9,vig_tiny,cifar10,0.3,8,_vig_blocks.7,0.655550
1,1,9,vig_tiny,cifar10,0.3,9,_vig_blocks.8,0.636840
1,1,9,vig_tiny,cifar10,0.3,10,_vig_blocks.9,0.637684
1,1,9,vig_tiny,cifar10,0.3,11,_vig_blocks.10,0.623399
1,1,9,vig_tiny,cifar10,0.3,12,_vig_blocks.11,0.601005
1,1,9,vig_tiny,cifar10,0.3,13,classifier,0.301319
1,2,3,vig_tiny,cifar10,0.3,0,_vig_stem,0.918845
1,2,3,vig_tiny,cifar10,0.3,1,_vig_blocks.0,0.870412
1,2,3,vig_tiny,cifar10,0.3,2,_vig_blocks.1,0.807616
1,2,3,vig_tiny,cifar10,0.3,3,_vig_blocks.2,0.787223
1,2,3,vig_tiny,cifar10,0.3,4,_vig_blocks.3,0.787831
1,2,3,vig_tiny,cifar10,0.3,5,_vig_blocks.4,0.782269
1,2,3,vig_tiny,cifar10,0.3,6,_vig_blocks.5,0.780978
1,2,3,vig_tiny,cifar10,0.3,7,_vig_blocks.6,0.777568
1,2,3,vig_tiny,cifar10,0.3,8,_vig_blocks.7,0.773778
1,2,3,vig_tiny,cifar10,0.3,9,_vig_blocks.8,0.763751
1,2,3,vig_tiny,cifar10,0.3,10,_vig_blocks.9,0.747464
1,2,3,vig_tiny,cifar10,0.3,11,_vig_blocks.10,0.733712
1,2,3,vig_tiny,cifar10,0.3,12,_vig_blocks.11,0.755038
1,2,3,vig_tiny,cifar10,0.3,13,classifier,0.463173
1,2,4,vig_tiny,cifar10,0.3,0,_vig_stem,0.778719
1,2,4,vig_tiny,cifar10,0.3,1,_vig_blocks.0,0.751375
1,2,4,vig_tiny,cifar10,0.3,2,_vig_blocks.1,0.727229
1,2,4,vig_tiny,cifar10,0.3,3,_vig_blocks.2,0.701047
1,2,4,vig_tiny,cifar10,0.3,4,_vig_blocks.3,0.707719
1,2,4,vig_tiny,cifar10,0.3,5,_vig_blocks.4,0.702071
1,2,4,vig_tiny,cifar10,0.3,6,_vig_blocks.5,0.685081
1,2,4,vig_tiny,cifar10,0.3,7,_vig_blocks.6,0.682574
1,2,4,vig_tiny,cifar10,0.3,8,_vig_blocks.7,0.687555
1,2,4,vig_tiny,cifar10,0.3,9,_vig_blocks.8,0.708866
1,2,4,vig_tiny,cifar10,0.3,10,_vig_blocks.9,0.704851
1,2,4,vig_tiny,cifar10,0.3,11,_vig_blocks.10,0.713290
1,2,4,vig_tiny,cifar10,0.3,12,_vig_blocks.11,0.692652
1,2,4,vig_tiny,cifar10,0.3,13,classifier,0.524872
1,2,5,vig_tiny,cifar10,0.3,0,_vig_stem,0.906217
1,2,5,vig_tiny,cifar10,0.3,1,_vig_blocks.0,0.811857
1,2,5,vig_tiny,cifar10,0.3,2,_vig_blocks.1,0.727652
1,2,5,vig_tiny,cifar10,0.3,3,_vig_blocks.2,0.714687
1,2,5,vig_tiny,cifar10,0.3,4,_vig_blocks.3,0.692010
1,2,5,vig_tiny,cifar10,0.3,5,_vig_blocks.4,0.622955
1,2,5,vig_tiny,cifar10,0.3,6,_vig_blocks.5,0.620987
1,2,5,vig_tiny,cifar10,0.3,7,_vig_blocks.6,0.600812
1,2,5,vig_tiny,cifar10,0.3,8,_vig_blocks.7,0.568525
1,2,5,vig_tiny,cifar10,0.3,9,_vig_blocks.8,0.546254
1,2,5,vig_tiny,cifar10,0.3,10,_vig_blocks.9,0.546770
1,2,5,vig_tiny,cifar10,0.3,11,_vig_blocks.10,0.522138
1,2,5,vig_tiny,cifar10,0.3,12,_vig_blocks.11,0.515805
1,2,5,vig_tiny,cifar10,0.3,13,classifier,0.339846
1,2,6,vig_tiny,cifar10,0.3,0,_vig_stem,0.765394
1,2,6,vig_tiny,cifar10,0.3,1,_vig_blocks.0,0.799221
1,2,6,vig_tiny,cifar10,0.3,2,_vig_blocks.1,0.755623
1,2,6,vig_tiny,cifar10,0.3,3,_vig_blocks.2,0.756605
1,2,6,vig_tiny,cifar10,0.3,4,_vig_blocks.3,0.719072
1,2,6,vig_tiny,cifar10,0.3,5,_vig_blocks.4,0.695134
1,2,6,vig_tiny,cifar10,0.3,6,_vig_blocks.5,0.681565
1,2,6,vig_tiny,cifar10,0.3,7,_vig_blocks.6,0.708387
1,2,6,vig_tiny,cifar10,0.3,8,_vig_blocks.7,0.710185
1,2,6,vig_tiny,cifar10,0.3,9,_vig_blocks.8,0.689240
1,2,6,vig_tiny,cifar10,0.3,10,_vig_blocks.9,0.685901
1,2,6,vig_tiny,cifar10,0.3,11,_vig_blocks.10,0.680178
1,2,6,vig_tiny,cifar10,0.3,12,_vig_blocks.11,0.662991
1,2,6,vig_tiny,cifar10,0.3,13,classifier,0.553902
1,2,7,vig_tiny,cifar10,0.3,0,_vig_stem,0.952766
1,2,7,vig_tiny,cifar10,0.3,1,_vig_blocks.0,0.889851
1,2,7,vig_tiny,cifar10,0.3,2,_vig_blocks.1,0.845648
1,2,7,vig_tiny,cifar10,0.3,3,_vig_blocks.2,0.842717
1,2,7,vig_tiny,cifar10,0.3,4,_vig_blocks.3,0.847842
1,2,7,vig_tiny,cifar10,0.3,5,_vig_blocks.4,0.847250
1,2,7,vig_tiny,cifar10,0.3,6,_vig_blocks.5,0.854636
1,2,7,vig_tiny,cifar10,0.3,7,_vig_blocks.6,0.828305
1,2,7,vig_tiny,cifar10,0.3,8,_vig_blocks.7,0.811716
1,2,7,vig_tiny,cifar10,0.3,9,_vig_blocks.8,0.825019
1,2,7,vig_tiny,cifar10,0.3,10,_vig_blocks.9,0.814224
1,2,7,vig_tiny,cifar10,0.3,11,_vig_blocks.10,0.807744
1,2,7,vig_tiny,cifar10,0.3,12,_vig_blocks.11,0.802673
1,2,7,vig_tiny,cifar10,0.3,13,classifier,0.487949
1,2,8,vig_tiny,cifar10,0.3,0,_vig_stem,0.953797
1,2,8,vig_tiny,cifar10,0.3,1,_vig_blocks.0,0.940277
1,2,8,vig_tiny,cifar10,0.3,2,_vig_blocks.1,0.923490
1,2,8,vig_tiny,cifar10,0.3,3,_vig_blocks.2,0.918719
1,2,8,vig_tiny,cifar10,0.3,4,_vig_blocks.3,0.906035
1,2,8,vig_tiny,cifar10,0.3,5,_vig_blocks.4,0.883847
1,2,8,vig_tiny,cifar10,0.3,6,_vig_blocks.5,0.872010
1,2,8,vig_tiny,cifar10,0.3,7,_vig_blocks.6,0.845048
1,2,8,vig_tiny,cifar10,0.3,8,_vig_blocks.7,0.820046
1,2,8,vig_tiny,cifar10,0.3,9,_vig_blocks.8,0.797775
1,2,8,vig_tiny,cifar10,0.3,10,_vig_blocks.9,0.795002
1,2,8,vig_tiny,cifar10,0.3,11,_vig_blocks.10,0.759047
1,2,8,vig_tiny,cifar10,0.3,12,_vig_blocks.11,0.758157
1,2,8,vig_tiny,cifar10,0.3,13,classifier,0.402755
1,2,9,vig_tiny,cifar10,0.3,0,_vig_stem,0.867394
1,2,9,vig_tiny,cifar10,0.3,1,_vig_blocks.0,0.860422
1,2,9,vig_tiny,cifar10,0.3,2,_vig_blocks.1,0.830180
1,2,9,vig_tiny,cifar10,0.3,3,_vig_blocks.2,0.814909
1,2,9,vig_tiny,cifar10,0.3,4,_vig_blocks.3,0.794734
1,2,9,vig_tiny,cifar10,0.3,5,_vig_blocks.4,0.765891
1,2,9,vig_tiny,cifar10,0.3,6,_vig_blocks.5,0.750646
1,2,9,vig_tiny,cifar10,0.3,7,_vig_blocks.6,0.720083
1,2,9,vig_tiny,cifar10,0.3,8,_vig_blocks.7,0.736502
1,2,9,vig_tiny,cifar10,0.3,9,_vig_blocks.8,0.721460
1,2,9,vig_tiny,cifar10,0.3,10,_vig_blocks.9,0.724062
1,2,9,vig_tiny,cifar10,0.3,11,_vig_blocks.10,0.720280
1,2,9,vig_tiny,cifar10,0.3,12,_vig_blocks.11,0.716383
1,2,9,vig_tiny,cifar10,0.3,13,classifier,0.523513
1,3,4,vig_tiny,cifar10,0.3,0,_vig_stem,0.827666
1,3,4,vig_tiny,cifar10,0.3,1,_vig_blocks.0,0.746432
1,3,4,vig_tiny,cifar10,0.3,2,_vig_blocks.1,0.743642
1,3,4,vig_tiny,cifar10,0.3,3,_vig_blocks.2,0.708246
1,3,4,vig_tiny,cifar10,0.3,4,_vig_blocks.3,0.716499
1,3,4,vig_tiny,cifar10,0.3,5,_vig_blocks.4,0.706045
1,3,4,vig_tiny,cifar10,0.3,6,_vig_blocks.5,0.670677
1,3,4,vig_tiny,cifar10,0.3,7,_vig_blocks.6,0.706569
1,3,4,vig_tiny,cifar10,0.3,8,_vig_blocks.7,0.696641
1,3,4,vig_tiny,cifar10,0.3,9,_vig_blocks.8,0.679808
1,3,4,vig_tiny,cifar10,0.3,10,_vig_blocks.9,0.651559
1,3,4,vig_tiny,cifar10,0.3,11,_vig_blocks.10,0.643780
1,3,4,vig_tiny,cifar10,0.3,12,_vig_blocks.11,0.632174
1,3,4,vig_tiny,cifar10,0.3,13,classifier,0.346562
1,3,5,vig_tiny,cifar10,0.3,0,_vig_stem,0.931859
1,3,5,vig_tiny,cifar10,0.3,1,_vig_blocks.0,0.886240
1,3,5,vig_tiny,cifar10,0.3,2,_vig_blocks.1,0.822526
1,3,5,vig_tiny,cifar10,0.3,3,_vig_blocks.2,0.798211
1,3,5,vig_tiny,cifar10,0.3,4,_vig_blocks.3,0.788718
1,3,5,vig_tiny,cifar10,0.3,5,_vig_blocks.4,0.748944
1,3,5,vig_tiny,cifar10,0.3,6,_vig_blocks.5,0.742334
1,3,5,vig_tiny,cifar10,0.3,7,_vig_blocks.6,0.744705
1,3,5,vig_tiny,cifar10,0.3,8,_vig_blocks.7,0.715194
1,3,5,vig_tiny,cifar10,0.3,9,_vig_blocks.8,0.699582
1,3,5,vig_tiny,cifar10,0.3,10,_vig_blocks.9,0.690024
1,3,5,vig_tiny,cifar10,0.3,11,_vig_blocks.10,0.652517
1,3,5,vig_tiny,cifar10,0.3,12,_vig_blocks.11,0.662711
1,3,5,vig_tiny,cifar10,0.3,13,classifier,0.695641
1,3,6,vig_tiny,cifar10,0.3,0,_vig_stem,0.657282
1,3,6,vig_tiny,cifar10,0.3,1,_vig_blocks.0,0.608880
1,3,6,vig_tiny,cifar10,0.3,2,_vig_blocks.1,0.513734
1,3,6,vig_tiny,cifar10,0.3,3,_vig_blocks.2,0.505789
1,3,6,vig_tiny,cifar10,0.3,4,_vig_blocks.3,0.477252
1,3,6,vig_tiny,cifar10,0.3,5,_vig_blocks.4,0.460388
1,3,6,vig_tiny,cifar10,0.3,6,_vig_blocks.5,0.449524
1,3,6,vig_tiny,cifar10,0.3,7,_vig_blocks.6,0.462141
1,3,6,vig_tiny,cifar10,0.3,8,_vig_blocks.7,0.471917
1,3,6,vig_tiny,cifar10,0.3,9,_vig_blocks.8,0.475862
1,3,6,vig_tiny,cifar10,0.3,10,_vig_blocks.9,0.455503
1,3,6,vig_tiny,cifar10,0.3,11,_vig_blocks.10,0.436935
1,3,6,vig_tiny,cifar10,0.3,12,_vig_blocks.11,0.444601
1,3,6,vig_tiny,cifar10,0.3,13,classifier,0.574466
1,3,7,vig_tiny,cifar10,0.3,0,_vig_stem,0.936498
1,3,7,vig_tiny,cifar10,0.3,1,_vig_blocks.0,0.915305
1,3,7,vig_tiny,cifar10,0.3,2,_vig_blocks.1,0.875777
1,3,7,vig_tiny,cifar10,0.3,3,_vig_blocks.2,0.866535
1,3,7,vig_tiny,cifar10,0.3,4,_vig_blocks.3,0.859848
1,3,7,vig_tiny,cifar10,0.3,5,_vig_blocks.4,0.851854
1,3,7,vig_tiny,cifar10,0.3,6,_vig_blocks.5,0.837433
1,3,7,vig_tiny,cifar10,0.3,7,_vig_blocks.6,0.859537
1,3,7,vig_tiny,cifar10,0.3,8,_vig_blocks.7,0.861016
1,3,7,vig_tiny,cifar10,0.3,9,_vig_blocks.8,0.856415
1,3,7,vig_tiny,cifar10,0.3,10,_vig_blocks.9,0.851979
1,3,7,vig_tiny,cifar10,0.3,11,_vig_blocks.10,0.836969
1,3,7,vig_tiny,cifar10,0.3,12,_vig_blocks.11,0.837717
1,3,7,vig_tiny,cifar10,0.3,13,classifier,0.211264
1,3,8,vig_tiny,cifar10,0.3,0,_vig_stem,0.866776
1,3,8,vig_tiny,cifar10,0.3,1,_vig_blocks.0,0.823351
1,3,8,vig_tiny,cifar10,0.3,2,_vig_blocks.1,0.765328
1,3,8,vig_tiny,cifar10,0.3,3,_vig_blocks.2,0.737151
1,3,8,vig_tiny,cifar10,0.3,4,_vig_blocks.3,0.724248
1,3,8,vig_tiny,cifar10,0.3,5,_vig_blocks.4,0.698610
1,3,8,vig_tiny,cifar10,0.3,6,_vig_blocks.5,0.693779
1,3,8,vig_tiny,cifar10,0.3,7,_vig_blocks.6,0.701758
1,3,8,vig_tiny,cifar10,0.3,8,_vig_blocks.7,0.689546
1,3,8,vig_tiny,cifar10,0.3,9,_vig_blocks.8,0.683518
1,3,8,vig_tiny,cifar10,0.3,10,_vig_blocks.9,0.665414
1,3,8,vig_tiny,cifar10,0.3,11,_vig_blocks.10,0.636488
1,3,8,vig_tiny,cifar10,0.3,12,_vig_blocks.11,0.639244
1,3,8,vig_tiny,cifar10,0.3,13,classifier,0.174449
1,3,9,vig_tiny,cifar10,0.3,0,_vig_stem,0.880780
1,3,9,vig_tiny,cifar10,0.3,1,_vig_blocks.0,0.874405
1,3,9,vig_tiny,cifar10,0.3,2,_vig_blocks.1,0.854196
1,3,9,vig_tiny,cifar10,0.3,3,_vig_blocks.2,0.853987
1,3,9,vig_tiny,cifar10,0.3,4,_vig_blocks.3,0.832573
1,3,9,vig_tiny,cifar10,0.3,5,_vig_blocks.4,0.795922
1,3,9,vig_tiny,cifar10,0.3,6,_vig_blocks.5,0.805484
1,3,9,vig_tiny,cifar10,0.3,7,_vig_blocks.6,0.780461
1,3,9,vig_tiny,cifar10,0.3,8,_vig_blocks.7,0.781292
1,3,9,vig_tiny,cifar10,0.3,9,_vig_blocks.8,0.783183
1,3,9,vig_tiny,cifar10,0.3,10,_vig_blocks.9,0.789069
1,3,9,vig_tiny,cifar10,0.3,11,_vig_blocks.10,0.796522
1,3,9,vig_tiny,cifar10,0.3,12,_vig_blocks.11,0.796734
1,3,9,vig_tiny,cifar10,0.3,13,classifier,0.489163
1,4,5,vig_tiny,cifar10,0.3,0,_vig_stem,0.825583
1,4,5,vig_tiny,cifar10,0.3,1,_vig_blocks.0,0.752267
1,4,5,vig_tiny,cifar10,0.3,2,_vig_blocks.1,0.705365
1,4,5,vig_tiny,cifar10,0.3,3,_vig_blocks.2,0.694161
1,4,5,vig_tiny,cifar10,0.3,4,_vig_blocks.3,0.676576
1,4,5,vig_tiny,cifar10,0.3,5,_vig_blocks.4,0.613165
1,4,5,vig_tiny,cifar10,0.3,6,_vig_blocks.5,0.592209
1,4,5,vig_tiny,cifar10,0.3,7,_vig_blocks.6,0.578806
1,4,5,vig_tiny,cifar10,0.3,8,_vig_blocks.7,0.533850
1,4,5,vig_tiny,cifar10,0.3,9,_vig_blocks.8,0.514634
1,4,5,vig_tiny,cifar10,0.3,10,_vig_blocks.9,0.509966
1,4,5,vig_tiny,cifar10,0.3,11,_vig_blocks.10,0.475772
1,4,5,vig_tiny,cifar10,0.3,12,_vig_blocks.11,0.471438
1,4,5,vig_tiny,cifar10,0.3,13,classifier,0.439472
1,4,6,vig_tiny,cifar10,0.3,0,_vig_stem,0.538987
1,4,6,vig_tiny,cifar10,0.3,1,_vig_blocks.0,0.518593
1,4,6,vig_tiny,cifar10,0.3,2,_vig_blocks.1,0.468613
1,4,6,vig_tiny,cifar10,0.3,3,_vig_blocks.2,0.472167
1,4,6,vig_tiny,cifar10,0.3,4,_vig_blocks.3,0.453995
1,4,6,vig_tiny,cifar10,0.3,5,_vig_blocks.4,0.429148
1,4,6,vig_tiny,cifar10,0.3,6,_vig_blocks.5,0.402128
1,4,6,vig_tiny,cifar10,0.3,7,_vig_blocks.6,0.400818
1,4,6,vig_tiny,cifar10,0.3,8,_vig_blocks.7,0.406344
1,4,6,vig_tiny,cifar10,0.3,9,_vig_blocks.8,0.423213
1,4,6,vig_tiny,cifar10,0.3,10,_vig_blocks.9,0.410583
1,4,6,vig_tiny,cifar10,0.3,11,_vig_blocks.10,0.391624
1,4,6,vig_tiny,cifar10,0.3,12,_vig_blocks.11,0.373415
1,4,6,vig_tiny,cifar10,0.3,13,classifier,0.407230
1,4,7,vig_tiny,cifar10,0.3,0,_vig_stem,0.799778
1,4,7,vig_tiny,cifar10,0.3,1,_vig_blocks.0,0.770781
1,4,7,vig_tiny,cifar10,0.3,2,_vig_blocks.1,0.807621
1,4,7,vig_tiny,cifar10,0.3,3,_vig_blocks.2,0.785821
1,4,7,vig_tiny,cifar10,0.3,4,_vig_blocks.3,0.790979
1,4,7,vig_tiny,cifar10,0.3,5,_vig_blocks.4,0.796277
1,4,7,vig_tiny,cifar10,0.3,6,_vig_blocks.5,0.771985
1,4,7,vig_tiny,cifar10,0.3,7,_vig_blocks.6,0.788730
1,4,7,vig_tiny,cifar10,0.3,8,_vig_blocks.7,0.789659
1,4,7,vig_tiny,cifar10,0.3,9,_vig_blocks.8,0.788060
1,4,7,vig_tiny,cifar10,0.3,10,_vig_blocks.9,0.771416
1,4,7,vig_tiny,cifar10,0.3,11,_vig_blocks.10,0.760424
1,4,7,vig_tiny,cifar10,0.3,12,_vig_blocks.11,0.745842
1,4,7,vig_tiny,cifar10,0.3,13,classifier,0.504425
1,4,8,vig_tiny,cifar10,0.3,0,_vig_stem,0.646107
1,4,8,vig_tiny,cifar10,0.3,1,_vig_blocks.0,0.599612
1,4,8,vig_tiny,cifar10,0.3,2,_vig_blocks.1,0.600287
1,4,8,vig_tiny,cifar10,0.3,3,_vig_blocks.2,0.574221
1,4,8,vig_tiny,cifar10,0.3,4,_vig_blocks.3,0.564788
1,4,8,vig_tiny,cifar10,0.3,5,_vig_blocks.4,0.534495
1,4,8,vig_tiny,cifar10,0.3,6,_vig_blocks.5,0.509878
1,4,8,vig_tiny,cifar10,0.3,7,_vig_blocks.6,0.502906
1,4,8,vig_tiny,cifar10,0.3,8,_vig_blocks.7,0.489216
1,4,8,vig_tiny,cifar10,0.3,9,_vig_blocks.8,0.498667
1,4,8,vig_tiny,cifar10,0.3,10,_vig_blocks.9,0.486208
1,4,8,vig_tiny,cifar10,0.3,11,_vig_blocks.10,0.476962
1,4,8,vig_tiny,cifar10,0.3,12,_vig_blocks.11,0.468617
1,4,8,vig_tiny,cifar10,0.3,13,classifier,0.197523
1,4,9,vig_tiny,cifar10,0.3,0,_vig_stem,0.672461
1,4,9,vig_tiny,cifar10,0.3,1,_vig_blocks.0,0.653591
1,4,9,vig_tiny,cifar10,0.3,2,_vig_blocks.1,0.628205
1,4,9,vig_tiny,cifar10,0.3,3,_vig_blocks.2,0.616598
1,4,9,vig_tiny,cifar10,0.3,4,_vig_blocks.3,0.601469
1,4,9,vig_tiny,cifar10,0.3,5,_vig_blocks.4,0.567796
1,4,9,vig_tiny,cifar10,0.3,6,_vig_blocks.5,0.541991
1,4,9,vig_tiny,cifar10,0.3,7,_vig_blocks.6,0.519054
1,4,9,vig_tiny,cifar10,0.3,8,_vig_blocks.7,0.518475
1,4,9,vig_tiny,cifar10,0.3,9,_vig_blocks.8,0.517055
1,4,9,vig_tiny,cifar10,0.3,10,_vig_blocks.9,0.506678
1,4,9,vig_tiny,cifar10,0.3,11,_vig_blocks.10,0.520966
1,4,9,vig_tiny,cifar10,0.3,12,_vig_blocks.11,0.509037
1,4,9,vig_tiny,cifar10,0.3,13,classifier,0.246412
1,5,6,vig_tiny,cifar10,0.3,0,_vig_stem,0.684796
1,5,6,vig_tiny,cifar10,0.3,1,_vig_blocks.0,0.643326
1,5,6,vig_tiny,cifar10,0.3,2,_vig_blocks.1,0.580078
1,5,6,vig_tiny,cifar10,0.3,3,_vig_blocks.2,0.593009
1,5,6,vig_tiny,cifar10,0.3,4,_vig_blocks.3,0.575212
1,5,6,vig_tiny,cifar10,0.3,5,_vig_blocks.4,0.528970
1,5,6,vig_tiny,cifar10,0.3,6,_vig_blocks.5,0.529708
1,5,6,vig_tiny,cifar10,0.3,7,_vig_blocks.6,0.516437
1,5,6,vig_tiny,cifar10,0.3,8,_vig_blocks.7,0.482664
1,5,6,vig_tiny,cifar10,0.3,9,_vig_blocks.8,0.489836
1,5,6,vig_tiny,cifar10,0.3,10,_vig_blocks.9,0.484074
1,5,6,vig_tiny,cifar10,0.3,11,_vig_blocks.10,0.464883
1,5,6,vig_tiny,cifar10,0.3,12,_vig_blocks.11,0.466400
1,5,6,vig_tiny,cifar10,0.3,13,classifier,0.506291
1,5,7,vig_tiny,cifar10,0.3,0,_vig_stem,0.935927
1,5,7,vig_tiny,cifar10,0.3,1,_vig_blocks.0,0.839523
1,5,7,vig_tiny,cifar10,0.3,2,_vig_blocks.1,0.751592
1,5,7,vig_tiny,cifar10,0.3,3,_vig_blocks.2,0.747611
1,5,7,vig_tiny,cifar10,0.3,4,_vig_blocks.3,0.705117
1,5,7,vig_tiny,cifar10,0.3,5,_vig_blocks.4,0.635526
1,5,7,vig_tiny,cifar10,0.3,6,_vig_blocks.5,0.617555
1,5,7,vig_tiny,cifar10,0.3,7,_vig_blocks.6,0.606148
1,5,7,vig_tiny,cifar10,0.3,8,_vig_blocks.7,0.564576
1,5,7,vig_tiny,cifar10,0.3,9,_vig_blocks.8,0.550258
1,5,7,vig_tiny,cifar10,0.3,10,_vig_blocks.9,0.538050
1,5,7,vig_tiny,cifar10,0.3,11,_vig_blocks.10,0.483161
1,5,7,vig_tiny,cifar10,0.3,12,_vig_blocks.11,0.475641
1,5,7,vig_tiny,cifar10,0.3,13,classifier,0.199206
1,5,8,vig_tiny,cifar10,0.3,0,_vig_stem,0.844417
1,5,8,vig_tiny,cifar10,0.3,1,_vig_blocks.0,0.773937
1,5,8,vig_tiny,cifar10,0.3,2,_vig_blocks.1,0.717174
1,5,8,vig_tiny,cifar10,0.3,3,_vig_blocks.2,0.701824
1,5,8,vig_tiny,cifar10,0.3,4,_vig_blocks.3,0.676470
1,5,8,vig_tiny,cifar10,0.3,5,_vig_blocks.4,0.628014
1,5,8,vig_tiny,cifar10,0.3,6,_vig_blocks.5,0.627855
1,5,8,vig_tiny,cifar10,0.3,7,_vig_blocks.6,0.613490
1,5,8,vig_tiny,cifar10,0.3,8,_vig_blocks.7,0.580407
1,5,8,vig_tiny,cifar10,0.3,9,_vig_blocks.8,0.574716
1,5,8,vig_tiny,cifar10,0.3,10,_vig_blocks.9,0.565764
1,5,8,vig_tiny,cifar10,0.3,11,_vig_blocks.10,0.541850
1,5,8,vig_tiny,cifar10,0.3,12,_vig_blocks.11,0.529040
1,5,8,vig_tiny,cifar10,0.3,13,classifier,0.094006
1,5,9,vig_tiny,cifar10,0.3,0,_vig_stem,0.865893
1,5,9,vig_tiny,cifar10,0.3,1,_vig_blocks.0,0.878634
1,5,9,vig_tiny,cifar10,0.3,2,_vig_blocks.1,0.812028
1,5,9,vig_tiny,cifar10,0.3,3,_vig_blocks.2,0.787696
1,5,9,vig_tiny,cifar10,0.3,4,_vig_blocks.3,0.771037
1,5,9,vig_tiny,cifar10,0.3,5,_vig_blocks.4,0.741608
1,5,9,vig_tiny,cifar10,0.3,6,_vig_blocks.5,0.754807
1,5,9,vig_tiny,cifar10,0.3,7,_vig_blocks.6,0.770697
1,5,9,vig_tiny,cifar10,0.3,8,_vig_blocks.7,0.766773
1,5,9,vig_tiny,cifar10,0.3,9,_vig_blocks.8,0.765891
1,5,9,vig_tiny,cifar10,0.3,10,_vig_blocks.9,0.755431
1,5,9,vig_tiny,cifar10,0.3,11,_vig_blocks.10,0.727668
1,5,9,vig_tiny,cifar10,0.3,12,_vig_blocks.11,0.715564
1,5,9,vig_tiny,cifar10,0.3,13,classifier,0.326530
1,6,7,vig_tiny,cifar10,0.3,0,_vig_stem,0.619561
1,6,7,vig_tiny,cifar10,0.3,1,_vig_blocks.0,0.565133
1,6,7,vig_tiny,cifar10,0.3,2,_vig_blocks.1,0.485497
1,6,7,vig_tiny,cifar10,0.3,3,_vig_blocks.2,0.498207
1,6,7,vig_tiny,cifar10,0.3,4,_vig_blocks.3,0.477054
1,6,7,vig_tiny,cifar10,0.3,5,_vig_blocks.4,0.452488
1,6,7,vig_tiny,cifar10,0.3,6,_vig_blocks.5,0.439259
1,6,7,vig_tiny,cifar10,0.3,7,_vig_blocks.6,0.436286
1,6,7,vig_tiny,cifar10,0.3,8,_vig_blocks.7,0.438652
1,6,7,vig_tiny,cifar10,0.3,9,_vig_blocks.8,0.460923
1,6,7,vig_tiny,cifar10,0.3,10,_vig_blocks.9,0.433604
1,6,7,vig_tiny,cifar10,0.3,11,_vig_blocks.10,0.420150
1,6,7,vig_tiny,cifar10,0.3,12,_vig_blocks.11,0.407311
1,6,7,vig_tiny,cifar10,0.3,13,classifier,0.279046
1,6,8,vig_tiny,cifar10,0.3,0,_vig_stem,0.792301
1,6,8,vig_tiny,cifar10,0.3,1,_vig_blocks.0,0.760862
1,6,8,vig_tiny,cifar10,0.3,2,_vig_blocks.1,0.729995
1,6,8,vig_tiny,cifar10,0.3,3,_vig_blocks.2,0.714635
1,6,8,vig_tiny,cifar10,0.3,4,_vig_blocks.3,0.676441
1,6,8,vig_tiny,cifar10,0.3,5,_vig_blocks.4,0.675826
1,6,8,vig_tiny,cifar10,0.3,6,_vig_blocks.5,0.661554
1,6,8,vig_tiny,cifar10,0.3,7,_vig_blocks.6,0.639212
1,6,8,vig_tiny,cifar10,0.3,8,_vig_blocks.7,0.626579
1,6,8,vig_tiny,cifar10,0.3,9,_vig_blocks.8,0.642659
1,6,8,vig_tiny,cifar10,0.3,10,_vig_blocks.9,0.627767
1,6,8,vig_tiny,cifar10,0.3,11,_vig_blocks.10,0.609149
1,6,8,vig_tiny,cifar10,0.3,12,_vig_blocks.11,0.606407
1,6,8,vig_tiny,cifar10,0.3,13,classifier,0.387416
1,6,9,vig_tiny,cifar10,0.3,0,_vig_stem,0.657369
1,6,9,vig_tiny,cifar10,0.3,1,_vig_blocks.0,0.665518
1,6,9,vig_tiny,cifar10,0.3,2,_vig_blocks.1,0.600748
1,6,9,vig_tiny,cifar10,0.3,3,_vig_blocks.2,0.584422
1,6,9,vig_tiny,cifar10,0.3,4,_vig_blocks.3,0.556648
1,6,9,vig_tiny,cifar10,0.3,5,_vig_blocks.4,0.551079
1,6,9,vig_tiny,cifar10,0.3,6,_vig_blocks.5,0.524042
1,6,9,vig_tiny,cifar10,0.3,7,_vig_blocks.6,0.520663
1,6,9,vig_tiny,cifar10,0.3,8,_vig_blocks.7,0.544505
1,6,9,vig_tiny,cifar10,0.3,9,_vig_blocks.8,0.541138
1,6,9,vig_tiny,cifar10,0.3,10,_vig_blocks.9,0.530565
1,6,9,vig_tiny,cifar10,0.3,11,_vig_blocks.10,0.512471
1,6,9,vig_tiny,cifar10,0.3,12,_vig_blocks.11,0.494720
1,6,9,vig_tiny,cifar10,0.3,13,classifier,0.433595
1,7,8,vig_tiny,cifar10,0.3,0,_vig_stem,0.898114
1,7,8,vig_tiny,cifar10,0.3,1,_vig_blocks.0,0.846604
1,7,8,vig_tiny,cifar10,0.3,2,_vig_blocks.1,0.816171
1,7,8,vig_tiny,cifar10,0.3,3,_vig_blocks.2,0.809901
1,7,8,vig_tiny,cifar10,0.3,4,_vig_blocks.3,0.791145
1,7,8,vig_tiny,cifar10,0.3,5,_vig_blocks.4,0.746949
1,7,8,vig_tiny,cifar10,0.3,6,_vig_blocks.5,0.745083
1,7,8,vig_tiny,cifar10,0.3,7,_vig_blocks.6,0.729643
1,7,8,vig_tiny,cifar10,0.3,8,_vig_blocks.7,0.699193
1,7,8,vig_tiny,cifar10,0.3,9,_vig_blocks.8,0.701479
1,7,8,vig_tiny,cifar10,0.3,10,_vig_blocks.9,0.690879
1,7,8,vig_tiny,cifar10,0.3,11,_vig_blocks.10,0.661146
1,7,8,vig_tiny,cifar10,0.3,12,_vig_blocks.11,0.651177
1,7,8,vig_tiny,cifar10,0.3,13,classifier,0.462580
1,7,9,vig_tiny,cifar10,0.3,0,_vig_stem,0.878026
1,7,9,vig_tiny,cifar10,0.3,1,_vig_blocks.0,0.826925
1,7,9,vig_tiny,cifar10,0.3,2,_vig_blocks.1,0.781093
1,7,9,vig_tiny,cifar10,0.3,3,_vig_blocks.2,0.800638
1,7,9,vig_tiny,cifar10,0.3,4,_vig_blocks.3,0.767759
1,7,9,vig_tiny,cifar10,0.3,5,_vig_blocks.4,0.730737
1,7,9,vig_tiny,cifar10,0.3,6,_vig_blocks.5,0.725209
1,7,9,vig_tiny,cifar10,0.3,7,_vig_blocks.6,0.697362
1,7,9,vig_tiny,cifar10,0.3,8,_vig_blocks.7,0.700092
1,7,9,vig_tiny,cifar10,0.3,9,_vig_blocks.8,0.700238
1,7,9,vig_tiny,cifar10,0.3,10,_vig_blocks.9,0.712267
1,7,9,vig_tiny,cifar10,0.3,11,_vig_blocks.10,0.722273
1,7,9,vig_tiny,cifar10,0.3,12,_vig_blocks.11,0.715720
1,7,9,vig_tiny,cifar10,0.3,13,classifier,0.313617
1,8,9,vig_tiny,cifar10,0.3,0,_vig_stem,0.878505
1,8,9,vig_tiny,cifar10,0.3,1,_vig_blocks.0,0.865044
1,8,9,vig_tiny,cifar10,0.3,2,_vig_blocks.1,0.846314
1,8,9,vig_tiny,cifar10,0.3,3,_vig_blocks.2,0.826044
1,8,9,vig_tiny,cifar10,0.3,4,_vig_blocks.3,0.802662
1,8,9,vig_tiny,cifar10,0.3,5,_vig_blocks.4,0.783730
1,8,9,vig_tiny,cifar10,0.3,6,_vig_blocks.5,0.761526
1,8,9,vig_tiny,cifar10,0.3,7,_vig_blocks.6,0.747419
1,8,9,vig_tiny,cifar10,0.3,8,_vig_blocks.7,0.750218
1,8,9,vig_tiny,cifar10,0.3,9,_vig_blocks.8,0.749381
1,8,9,vig_tiny,cifar10,0.3,10,_vig_blocks.9,0.746189
1,8,9,vig_tiny,cifar10,0.3,11,_vig_blocks.10,0.734679
1,8,9,vig_tiny,cifar10,0.3,12,_vig_blocks.11,0.724097
1,8,9,vig_tiny,cifar10,0.3,13,classifier,0.308758
2,0,1,vig_tiny,cifar10,0.3,0,_vig_stem,0.873668
2,0,1,vig_tiny,cifar10,0.3,1,_vig_blocks.0,0.843122
2,0,1,vig_tiny,cifar10,0.3,2,_vig_blocks.1,0.776310
2,0,1,vig_tiny,cifar10,0.3,3,_vig_blocks.2,0.731398
2,0,1,vig_tiny,cifar10,0.3,4,_vig_blocks.3,0.735427
2,0,1,vig_tiny,cifar10,0.3,5,_vig_blocks.4,0.722865
2,0,1,vig_tiny,cifar10,0.3,6,_vig_blocks.5,0.725077
2,0,1,vig_tiny,cifar10,0.3,7,_vig_blocks.6,0.721059
2,0,1,vig_tiny,cifar10,0.3,8,_vig_blocks.7,0.722865
2,0,1,vig_tiny,cifar10,0.3,9,_vig_blocks.8,0.725725
2,0,1,vig_tiny,cifar10,0.3,10,_vig_blocks.9,0.725422
2,0,1,vig_tiny,cifar10,0.3,11,_vig_blocks.10,0.736881
2,0,1,vig_tiny,cifar10,0.3,12,_vig_blocks.11,0.724383
2,0,1,vig_tiny,cifar10,0.3,13,classifier,0.542143
2,0,2,vig_tiny,cifar10,0.3,0,_vig_stem,0.785490
2,0,2,vig_tiny,cifar10,0.3,1,_vig_blocks.0,0.703584
2,0,2,vig_tiny,cifar10,0.3,2,_vig_blocks.1,0.649571
2,0,2,vig_tiny,cifar10,0.3,3,_vig_blocks.2,0.651717
2,0,2,vig_tiny,cifar10,0.3,4,_vig_blocks.3,0.665962
2,0,2,vig_tiny,cifar10,0.3,5,_vig_blocks.4,0.681226
2,0,2,vig_tiny,cifar10,0.3,6,_vig_blocks.5,0.664774
2,0,2,vig_tiny,cifar10,0.3,7,_vig_blocks.6,0.681894
2,0,2,vig_tiny,cifar10,0.3,8,_vig_blocks.7,0.677029
2,0,2,vig_tiny,cifar10,0.3,9,_vig_blocks.8,0.670421
2,0,2,vig_tiny,cifar10,0.3,10,_vig_blocks.9,0.671933
2,0,2,vig_tiny,cifar10,0.3,11,_vig_blocks.10,0.653187
2,0,2,vig_tiny,cifar10,0.3,12,_vig_blocks.11,0.641918
2,0,2,vig_tiny,cifar10,0.3,13,classifier,0.713525
2,0,3,vig_tiny,cifar10,0.3,0,_vig_stem,0.842641
2,0,3,vig_tiny,cifar10,0.3,1,_vig_blocks.0,0.784287
2,0,3,vig_tiny,cifar10,0.3,2,_vig_blocks.1,0.717862
2,0,3,vig_tiny,cifar10,0.3,3,_vig_blocks.2,0.696948
2,0,3,vig_tiny,cifar10,0.3,4,_vig_blocks.3,0.679218
2,0,3,vig_tiny,cifar10,0.3,5,_vig_blocks.4,0.681388
2,0,3,vig_tiny,cifar10,0.3,6,_vig_blocks.5,0.666188
2,0,3,vig_tiny,cifar10,0.3,7,_vig_blocks.6,0.655615
2,0,3,vig_tiny,cifar10,0.3,8,_vig_blocks.7,0.659438
2,0,3,vig_tiny,cifar10,0.3,9,_vig_blocks.8,0.652487
2,0,3,vig_tiny,cifar10,0.3,10,_vig_blocks.9,0.647202
2,0,3,vig_tiny,cifar10,0.3,11,_vig_blocks.10,0.653629
2,0,3,vig_tiny,cifar10,0.3,12,_vig_blocks.11,0.651261
2,0,3,vig_tiny,cifar10,0.3,13,classifier,0.345454
2,0,4,vig_tiny,cifar10,0.3,0,_vig_stem,0.885942
2,0,4,vig_tiny,cifar10,0.3,1,_vig_blocks.0,0.816432
2,0,4,vig_tiny,cifar10,0.3,2,_vig_blocks.1,0.762135
2,0,4,vig_tiny,cifar10,0.3,3,_vig_blocks.2,0.725253
2,0,4,vig_tiny,cifar10,0.3,4,_vig_blocks.3,0.696743
2,0,4,vig_tiny,cifar10,0.3,5,_vig_blocks.4,0.671436
2,0,4,vig_tiny,cifar10,0.3,6,_vig_blocks.5,0.637366
2,0,4,vig_tiny,cifar10,0.3,7,_vig_blocks.6,0.612308
2,0,4,vig_tiny,cifar10,0.3,8,_vig_blocks.7,0.605651
2,0,4,vig_tiny,cifar10,0.3,9,_vig_blocks.8,0.613137
2,0,4,vig_tiny,cifar10,0.3,10,_vig_blocks.9,0.606479
2,0,4,vig_tiny,cifar10,0.3,11,_vig_blocks.10,0.616640
2,0,4,vig_tiny,cifar10,0.3,12,_vig_blocks.11,0.610909
2,0,4,vig_tiny,cifar10,0.3,13,classifier,0.380913
2,0,5,vig_tiny,cifar10,0.3,0,_vig_stem,0.858172
2,0,5,vig_tiny,cifar10,0.3,1,_vig_blocks.0,0.834929
2,0,5,vig_tiny,cifar10,0.3,2,_vig_blocks.1,0.769620
2,0,5,vig_tiny,cifar10,0.3,3,_vig_blocks.2,0.728106
2,0,5,vig_tiny,cifar10,0.3,4,_vig_blocks.3,0.720624
2,0,5,vig_tiny,cifar10,0.3,5,_vig_blocks.4,0.715671
2,0,5,vig_tiny,cifar10,0.3,6,_vig_blocks.5,0.728082
2,0,5,vig_tiny,cifar10,0.3,7,_vig_blocks.6,0.707417
2,0,5,vig_tiny,cifar10,0.3,8,_vig_blocks.7,0.691750
2,0,5,vig_tiny,cifar10,0.3,9,_vig_blocks.8,0.691543
2,0,5,vig_tiny,cifar10,0.3,10,_vig_blocks.9,0.688408
2,0,5,vig_tiny,cifar10,0.3,11,_vig_blocks.10,0.702032
2,0,5,vig_tiny,cifar10,0.3,12,_vig_blocks.11,0.700398
2,0,5,vig_tiny,cifar10,0.3,13,classifier,0.321456
2,0,6,vig_tiny,cifar10,0.3,0,_vig_stem,0.921831
2,0,6,vig_tiny,cifar10,0.3,1,_vig_blocks.0,0.904526
2,0,6,vig_tiny,cifar10,0.3,2,_vig_blocks.1,0.867752
2,0,6,vig_tiny,cifar10,0.3,3,_vig_blocks.2,0.838583
2,0,6,vig_tiny,cifar10,0.3,4,_vig_blocks.3,0.834030
2,0,6,vig_tiny,cifar10,0.3,5,_vig_blocks.4,0.828955
2,0,6,vig_tiny,cifar10,0.3,6,_vig_blocks.5,0.817944
2,0,6,vig_tiny,cifar10,0.3,7,_vig_blocks.6,0.805060
2,0,6,vig_tiny,cifar10,0.3,8,_vig_blocks.7,0.784557
2,0,6,vig_tiny,cifar10,0.3,9,_vig_blocks.8,0.782448
2,0,6,vig_tiny,cifar10,0.3,10,_vig_blocks.9,0.772986
2,0,6,vig_tiny,cifar10,0.3,11,_vig_blocks.10,0.784282
2,0,6,vig_tiny,cifar10,0.3,12,_vig_blocks.11,0.762799
2,0,6,vig_tiny,cifar10,0.3,13,classifier,0.527788
2,0,7,vig_tiny,cifar10,0.3,0,_vig_stem,0.859046
2,0,7,vig_tiny,cifar10,0.3,1,_vig_blocks.0,0.812137
2,0,7,vig_tiny,cifar10,0.3,2,_vig_blocks.1,0.721299
2,0,7,vig_tiny,cifar10,0.3,3,_vig_blocks.2,0.689404
2,0,7,vig_tiny,cifar10,0.3,4,_vig_blocks.3,0.675498
2,0,7,vig_tiny,cifar10,0.3,5,_vig_blocks.4,0.646232
2,0,7,vig_tiny,cifar10,0.3,6,_vig_blocks.5,0.646942
2,0,7,vig_tiny,cifar10,0.3,7,_vig_blocks.6,0.645906
2,0,7,vig_tiny,cifar10,0.3,8,_vig_blocks.7,0.643710
2,0,7,vig_tiny,cifar10,0.3,9,_vig_blocks.8,0.642668
2,0,7,vig_tiny,cifar10,0.3,10,_vig_blocks.9,0.627824
2,0,7,vig_tiny,cifar10,0.3,11,_vig_blocks.10,0.613819
2,0,7,vig_tiny,cifar10,0.3,12,_vig_blocks.11,0.592542
2,0,7,vig_tiny,cifar10,0.3,13,classifier,0.259955
2,0,8,vig_tiny,cifar10,0.3,0,_vig_stem,0.826029
2,0,8,vig_tiny,cifar10,0.3,1,_vig_blocks.0,0.736399
2,0,8,vig_tiny,cifar10,0.3,2,_vig_blocks.1,0.691768
2,0,8,vig_tiny,cifar10,0.3,3,_vig_blocks.2,0.684068
2,0,8,vig_tiny,cifar10,0.3,4,_vig_blocks.3,0.681037
2,0,8,vig_tiny,cifar10,0.3,5,_vig_blocks.4,0.680382
2,0,8,vig_tiny,cifar10,0.3,6,_vig_blocks.5,0.652225
2,0,8,vig_tiny,cifar10,0.3,7,_vig_blocks.6,0.626290
2,0,8,vig_tiny,cifar10,0.3,8,_vig_blocks.7,0.626437
2,0,8,vig_tiny,cifar10,0.3,9,_vig_blocks.8,0.633542
2,0,8,vig_tiny,cifar10,0.3,10,_vig_blocks.9,0.631540
2,0,8,vig_tiny,cifar10,0.3,11,_vig_blocks.10,0.627716
2,0,8,vig_tiny,cifar10,0.3,12,_vig_blocks.11,0.623134
2,0,8,vig_tiny,cifar10,0.3,13,classifier,0.586767
2,0,9,vig_tiny,cifar10,0.3,0,_vig_stem,0.866389
2,0,9,vig_tiny,cifar10,0.3,1,_vig_blocks.0,0.802447
2,0,9,vig_tiny,cifar10,0.3,2,_vig_blocks.1,0.735226
2,0,9,vig_tiny,cifar10,0.3,3,_vig_blocks.2,0.698051
2,0,9,vig_tiny,cifar10,0.3,4,_vig_blocks.3,0.696387
2,0,9,vig_tiny,cifar10,0.3,5,_vig_blocks.4,0.698273
2,0,9,vig_tiny,cifar10,0.3,6,_vig_blocks.5,0.692387
2,0,9,vig_tiny,cifar10,0.3,7,_vig_blocks.6,0.682806
2,0,9,vig_tiny,cifar10,0.3,8,_vig_blocks.7,0.686283
2,0,9,vig_tiny,cifar10,0.3,9,_vig_blocks.8,0.693163
2,0,9,vig_tiny,cifar10,0.3,10,_vig_blocks.9,0.695082
2,0,9,vig_tiny,cifar10,0.3,11,_vig_blocks.10,0.700082
2,0,9,vig_tiny,cifar10,0.3,12,_vig_blocks.11,0.689542
2,0,9,vig_tiny,cifar10,0.3,13,classifier,0.494286
2,1,2,vig_tiny,cifar10,0.3,0,_vig_stem,0.845097
2,1,2,vig_tiny,cifar10,0.3,1,_vig_blocks.0,0.805488
2,1,2,vig_tiny,cifar10,0.3,2,_vig_blocks.1,0.736329
2,1,2,vig_tiny,cifar10,0.3,3,_vig_blocks.2,0.748169
2,1,2,vig_tiny,cifar10,0.3,4,_vig_blocks.3,0.770143
2,1,2,vig_tiny,cifar10,0.3,5,_vig_blocks.4,0.781153
2,1,2,vig_tiny,cifar10,0.3,6,_vig_blocks.5,0.769750
2,1,2,vig_tiny,cifar10,0.3,7,_vig_blocks.6,0.752025
2,1,2,vig_tiny,cifar10,0.3,8,_vig_blocks.7,0.772921
2,1,2,vig_tiny,cifar10,0.3,9,_vig_blocks.8,0.759970
2,1,2,vig_tiny,cifar10,0.3,10,_vig_blocks.9,0.745956
2,1,2,vig_tiny,cifar10,0.3,11,_vig_blocks.10,0.727468
2,1,2,vig_tiny,cifar10,0.3,12,_vig_blocks.11,0.717231
2,1,2,vig_tiny,cifar10,0.3,13,classifier,0.432962
2,1,3,vig_tiny,cifar10,0.3,0,_vig_stem,0.801652
2,1,3,vig_tiny,cifar10,0.3,1,_vig_blocks.0,0.735802
2,1,3,vig_tiny,cifar10,0.3,2,_vig_blocks.1,0.645422
2,1,3,vig_tiny,cifar10,0.3,3,_vig_blocks.2,0.606784
2,1,3,vig_tiny,cifar10,0.3,4,_vig_blocks.3,0.592726
2,1,3,vig_tiny,cifar10,0.3,5,_vig_blocks.4,0.592102
2,1,3,vig_tiny,cifar10,0.3,6,_vig_blocks.5,0.600950
2,1,3,vig_tiny,cifar10,0.3,7,_vig_blocks.6,0.575088
2,1,3,vig_tiny,cifar10,0.3,8,_vig_blocks.7,0.588428
2,1,3,vig_tiny,cifar10,0.3,9,_vig_blocks.8,0.593226
2,1,3,vig_tiny,cifar10,0.3,10,_vig_blocks.9,0.595898
2,1,3,vig_tiny,cifar10,0.3,11,_vig_blocks.10,0.596401
2,1,3,vig_tiny,cifar10,0.3,12,_vig_blocks.11,0.600887
2,1,3,vig_tiny,cifar10,0.3,13,classifier,0.408772
2,1,4,vig_tiny,cifar10,0.3,0,_vig_stem,0.881663
2,1,4,vig_tiny,cifar10,0.3,1,_vig_blocks.0,0.798729
2,1,4,vig_tiny,cifar10,0.3,2,_vig_blocks.1,0.729493
2,1,4,vig_tiny,cifar10,0.3,3,_vig_blocks.2,0.691654
2,1,4,vig_tiny,cifar10,0.3,4,_vig_blocks.3,0.690758
2,1,4,vig_tiny,cifar10,0.3,5,_vig_blocks.4,0.674844
2,1,4,vig_tiny,cifar10,0.3,6,_vig_blocks.5,0.664654
2,1,4,vig_tiny,cifar10,0.3,7,_vig_blocks.6,0.639198
2,1,4,vig_tiny,cifar10,0.3,8,_vig_blocks.7,0.649691
2,1,4,vig_tiny,cifar10,0.3,9,_vig_blocks.8,0.663446
2,1,4,vig_tiny,cifar10,0.3,10,_vig_blocks.9,0.667770
2,1,4,vig_tiny,cifar10,0.3,11,_vig_blocks.10,0.674131
2,1,4,vig_tiny,cifar10,0.3,12,_vig_blocks.11,0.673656
2,1,4,vig_tiny,cifar10,0.3,13,classifier,0.557755
2,1,5,vig_tiny,cifar10,0.3,0,_vig_stem,0.870052
2,1,5,vig_tiny,cifar10,0.3,1,_vig_blocks.0,0.836312
2,1,5,vig_tiny,cifar10,0.3,2,_vig_blocks.1,0.781529
2,1,5,vig_tiny,cifar10,0.3,3,_vig_blocks.2,0.755814
2,1,5,vig_tiny,cifar10,0.3,4,_vig_blocks.3,0.765249
2,1,5,vig_tiny,cifar10,0.3,5,_vig_blocks.4,0.761952
2,1,5,vig_tiny,cifar10,0.3,6,_vig_blocks.5,0.769259
2,1,5,vig_tiny,cifar10,0.3,7,_vig_blocks.6,0.754542
2,1,5,vig_tiny,cifar10,0.3,8,_vig_blocks.7,0.757278
2,1,5,vig_tiny,cifar10,0.3,9,_vig_blocks.8,0.748147
2,1,5,vig_tiny,cifar10,0.3,10,_vig_blocks.9,0.751084
2,1,5,vig_tiny,cifar10,0.3,11,_vig_blocks.10,0.748382
2,1,5,vig_tiny,cifar10,0.3,12,_vig_blocks.11,0.739265
2,1,5,vig_tiny,cifar10,0.3,13,classifier,0.677467
2,1,6,vig_tiny,cifar10,0.3,0,_vig_stem,0.929929
2,1,6,vig_tiny,cifar10,0.3,1,_vig_blocks.0,0.902628
2,1,6,vig_tiny,cifar10,0.3,2,_vig_blocks.1,0.859360
2,1,6,vig_tiny,cifar10,0.3,3,_vig_blocks.2,0.848036
2,1,6,vig_tiny,cifar10,0.3,4,_vig_blocks.3,0.841548
2,1,6,vig_tiny,cifar10,0.3,5,_vig_blocks.4,0.840200
2,1,6,vig_tiny,cifar10,0.3,6,_vig_blocks.5,0.833648
2,1,6,vig_tiny,cifar10,0.3,7,_vig_blocks.6,0.822031
2,1,6,vig_tiny,cifar10,0.3,8,_vig_blocks.7,0.826985
2,1,6,vig_tiny,cifar10,0.3,9,_vig_blocks.8,0.820932
2,1,6,vig_tiny,cifar10,0.3,10,_vig_blocks.9,0.824329
2,1,6,vig_tiny,cifar10,0.3,11,_vig_blocks.10,0.816219
2,1,6,vig_tiny,cifar10,0.3,12,_vig_blocks.11,0.797607
2,1,6,vig_tiny,cifar10,0.3,13,classifier,0.693859
2,1,7,vig_tiny,cifar10,0.3,0,_vig_stem,0.905416
2,1,7,vig_tiny,cifar10,0.3,1,_vig_blocks.0,0.880594
2,1,7,vig_tiny,cifar10,0.3,2,_vig_blocks.1,0.810496
2,1,7,vig_tiny,cifar10,0.3,3,_vig_blocks.2,0.782803
2,1,7,vig_tiny,cifar10,0.3,4,_vig_blocks.3,0.774840
2,1,7,vig_tiny,cifar10,0.3,5,_vig_blocks.4,0.752896
2,1,7,vig_tiny,cifar10,0.3,6,_vig_blocks.5,0.735433
2,1,7,vig_tiny,cifar10,0.3,7,_vig_blocks.6,0.741585
2,1,7,vig_tiny,cifar10,0.3,8,_vig_blocks.7,0.741694
2,1,7,vig_tiny,cifar10,0.3,9,_vig_blocks.8,0.750572
2,1,7,vig_tiny,cifar10,0.3,10,_vig_blocks.9,0.732192
2,1,7,vig_tiny,cifar10,0.3,11,_vig_blocks.10,0.719218
2,1,7,vig_tiny,cifar10,0.3,12,_vig_blocks.11,0.704932
2,1,7,vig_tiny,cifar10,0.3,13,classifier,0.255056
2,1,8,vig_tiny,cifar10,0.3,0,_vig_stem,0.918778
2,1,8,vig_tiny,cifar10,0.3,1,_vig_blocks.0,0.860898
2,1,8,vig_tiny,cifar10,0.3,2,_vig_blocks.1,0.810948
2,1,8,vig_tiny,cifar10,0.3,3,_vig_blocks.2,0.779296
2,1,8,vig_tiny,cifar10,0.3,4,_vig_blocks.3,0.776395
2,1,8,vig_tiny,cifar10,0.3,5,_vig_blocks.4,0.767178
2,1,8,vig_tiny,cifar10,0.3,6,_vig_blocks.5,0.740249
2,1,8,vig_tiny,cifar10,0.3,7,_vig_blocks.6,0.693543
2,1,8,vig_tiny,cifar10,0.3,8,_vig_blocks.7,0.706710
2,1,8,vig_tiny,cifar10,0.3,9,_vig_blocks.8,0.707882
2,1,8,vig_tiny,cifar10,0.3,10,_vig_blocks.9,0.707068
2,1,8,vig_tiny,cifar10,0.3,11,_vig_blocks.10,0.729689
2,1,8,vig_tiny,cifar10,0.3,12,_vig_blocks.11,0.718722
2,1,8,vig_tiny,cifar10,0.3,13,classifier,0.441764
2,1,9,vig_tiny,cifar10,0.3,0,_vig_stem,0.940057
2,1,9,vig_tiny,cifar10,0.3,1,_vig_blocks.0,0.898853
2,1,9,vig_tiny,cifar10,0.3,2,_vig_blocks.1,0.842498
2,1,9,vig_tiny,cifar10,0.3,3,_vig_blocks.2,0.813385
2,1,9,vig_tiny,cifar10,0.3,4,_vig_blocks.3,0.827678
2,1,9,vig_tiny,cifar10,0.3,5,_vig_blocks.4,0.821130
2,1,9,vig_tiny,cifar10,0.3,6,_vig_blocks.5,0.818359
2,1,9,vig_tiny,cifar10,0.3,7,_vig_blocks.6,0.793025
2,1,9,vig_tiny,cifar10,0.3,8,_vig_blocks.7,0.781192
2,1,9,vig_tiny,cifar10,0.3,9,_vig_blocks.8,0.789005
2,1,9,vig_tiny,cifar10,0.3,10,_vig_blocks.9,0.776678
2,1,9,vig_tiny,cifar10,0.3,11,_vig_blocks.10,0.756532
2,1,9,vig_tiny,cifar10,0.3,12,_vig_blocks.11,0.753056
2,1,9,vig_tiny,cifar10,0.3,13,classifier,0.571038
2,2,3,vig_tiny,cifar10,0.3,0,_vig_stem,0.769888
2,2,3,vig_tiny,cifar10,0.3,1,_vig_blocks.0,0.697991
2,2,3,vig_tiny,cifar10,0.3,2,_vig_blocks.1,0.627920
2,2,3,vig_tiny,cifar10,0.3,3,_vig_blocks.2,0.615886
2,2,3,vig_tiny,cifar10,0.3,4,_vig_blocks.3,0.600674
2,2,3,vig_tiny,cifar10,0.3,5,_vig_blocks.4,0.621031
2,2,3,vig_tiny,cifar10,0.3,6,_vig_blocks.5,0.629885
2,2,3,vig_tiny,cifar10,0.3,7,_vig_blocks.6,0.636431
2,2,3,vig_tiny,cifar10,0.3,8,_vig_blocks.7,0.638100
2,2,3,vig_tiny,cifar10,0.3,9,_vig_blocks.8,0.636964
2,2,3,vig_tiny,cifar10,0.3,10,_vig_blocks.9,0.640305
2,2,3,vig_tiny,cifar10,0.3,11,_vig_blocks.10,0.614712
2,2,3,vig_tiny,cifar10,0.3,12,_vig_blocks.11,0.616862
2,2,3,vig_tiny,cifar10,0.3,13,classifier,0.374453
2,2,4,vig_tiny,cifar10,0.3,0,_vig_stem,0.854969
2,2,4,vig_tiny,cifar10,0.3,1,_vig_blocks.0,0.766863
2,2,4,vig_tiny,cifar10,0.3,2,_vig_blocks.1,0.745825
2,2,4,vig_tiny,cifar10,0.3,3,_vig_blocks.2,0.723935
2,2,4,vig_tiny,cifar10,0.3,4,_vig_blocks.3,0.686560
2,2,4,vig_tiny,cifar10,0.3,5,_vig_blocks.4,0.675797
2,2,4,vig_tiny,cifar10,0.3,6,_vig_blocks.5,0.652846
2,2,4,vig_tiny,cifar10,0.3,7,_vig_blocks.6,0.627479
2,2,4,vig_tiny,cifar10,0.3,8,_vig_blocks.7,0.631149
2,2,4,vig_tiny,cifar10,0.3,9,_vig_blocks.8,0.606263
2,2,4,vig_tiny,cifar10,0.3,10,_vig_blocks.9,0.593726
2,2,4,vig_tiny,cifar10,0.3,11,_vig_blocks.10,0.579745
2,2,4,vig_tiny,cifar10,0.3,12,_vig_blocks.11,0.589816
2,2,4,vig_tiny,cifar10,0.3,13,classifier,0.234293
2,2,5,vig_tiny,cifar10,0.3,0,_vig_stem,0.798643
2,2,5,vig_tiny,cifar10,0.3,1,_vig_blocks.0,0.742040
2,2,5,vig_tiny,cifar10,0.3,2,_vig_blocks.1,0.709426
2,2,5,vig_tiny,cifar10,0.3,3,_vig_blocks.2,0.722644
2,2,5,vig_tiny,cifar10,0.3,4,_vig_blocks.3,0.724978
2,2,5,vig_tiny,cifar10,0.3,5,_vig_blocks.4,0.742440
2,2,5,vig_tiny,cifar10,0.3,6,_vig_blocks.5,0.733516
2,2,5,vig_tiny,cifar10,0.3,7,_vig_blocks.6,0.728347
2,2,5,vig_tiny,cifar10,0.3,8,_vig_blocks.7,0.720005
2,2,5,vig_tiny,cifar10,0.3,9,_vig_blocks.8,0.704250
2,2,5,vig_tiny,cifar10,0.3,10,_vig_blocks.9,0.684360
2,2,5,vig_tiny,cifar10,0.3,11,_vig_blocks.10,0.651125
2,2,5,vig_tiny,cifar10,0.3,12,_vig_blocks.11,0.655297
2,2,5,vig_tiny,cifar10,0.3,13,classifier,0.171103
2,2,6,vig_tiny,cifar10,0.3,0,_vig_stem,0.815856
2,2,6,vig_tiny,cifar10,0.3,1,_vig_blocks.0,0.794482
2,2,6,vig_tiny,cifar10,0.3,2,_vig_blocks.1,0.740204
2,2,6,vig_tiny,cifar10,0.3,3,_vig_blocks.2,0.757684
2,2,6,vig_tiny,cifar10,0.3,4,_vig_blocks.3,0.761480
2,2,6,vig_tiny,cifar10,0.3,5,_vig_blocks.4,0.785688
2,2,6,vig_tiny,cifar10,0.3,6,_vig_blocks.5,0.779463
2,2,6,vig_tiny,cifar10,0.3,7,_vig_blocks.6,0.782977
2,2,6,vig_tiny,cifar10,0.3,8,_vig_blocks.7,0.778230
2,2,6,vig_tiny,cifar10,0.3,9,_vig_blocks.8,0.766365
2,2,6,vig_tiny,cifar10,0.3,10,_vig_blocks.9,0.762310
2,2,6,vig_tiny,cifar10,0.3,11,_vig_blocks.10,0.745973
2,2,6,vig_tiny,cifar10,0.3,12,_vig_blocks.11,0.744533
2,2,6,vig_tiny,cifar10,0.3,13,classifier,0.443746
2,2,7,vig_tiny,cifar10,0.3,0,_vig_stem,0.915234
2,2,7,vig_tiny,cifar10,0.3,1,_vig_blocks.0,0.825476
2,2,7,vig_tiny,cifar10,0.3,2,_vig_blocks.1,0.835585
2,2,7,vig_tiny,cifar10,0.3,3,_vig_blocks.2,0.820314
2,2,7,vig_tiny,cifar10,0.3,4,_vig_blocks.3,0.801589
2,2,7,vig_tiny,cifar10,0.3,5,_vig_blocks.4,0.785112
2,2,7,vig_tiny,cifar10,0.3,6,_vig_blocks.5,0.768414
2,2,7,vig_tiny,cifar10,0.3,7,_vig_blocks.6,0.788683
2,2,7,vig_tiny,cifar10,0.3,8,_vig_blocks.7,0.775821
2,2,7,vig_tiny,cifar10,0.3,9,_vig_blocks.8,0.755863
2,2,7,vig_tiny,cifar10,0.3,10,_vig_blocks.9,0.737791
2,2,7,vig_tiny,cifar10,0.3,11,_vig_blocks.10,0.708517
2,2,7,vig_tiny,cifar10,0.3,12,_vig_blocks.11,0.719684
2,2,7,vig_tiny,cifar10,0.3,13,classifier,0.181236
2,2,8,vig_tiny,cifar10,0.3,0,_vig_stem,0.888988
2,2,8,vig_tiny,cifar10,0.3,1,_vig_blocks.0,0.825336
2,2,8,vig_tiny,cifar10,0.3,2,_vig_blocks.1,0.814247
2,2,8,vig_tiny,cifar10,0.3,3,_vig_blocks.2,0.823354
2,2,8,vig_tiny,cifar10,0.3,4,_vig_blocks.3,0.820026
2,2,8,vig_tiny,cifar10,0.3,5,_vig_blocks.4,0.790357
2,2,8,vig_tiny,cifar10,0.3,6,_vig_blocks.5,0.791409
2,2,8,vig_tiny,cifar10,0.3,7,_vig_blocks.6,0.763986
2,2,8,vig_tiny,cifar10,0.3,8,_vig_blocks.7,0.749954
2,2,8,vig_tiny,cifar10,0.3,9,_vig_blocks.8,0.756579
2,2,8,vig_tiny,cifar10,0.3,10,_vig_blocks.9,0.724171
2,2,8,vig_tiny,cifar10,0.3,11,_vig_blocks.10,0.714417
2,2,8,vig_tiny,cifar10,0.3,12,_vig_blocks.11,0.707904
2,2,8,vig_tiny,cifar10,0.3,13,classifier,0.563876
2,2,9,vig_tiny,cifar10,0.3,0,_vig_stem,0.851810
2,2,9,vig_tiny,cifar10,0.3,1,_vig_blocks.0,0.790651
2,2,9,vig_tiny,cifar10,0.3,2,_vig_blocks.1,0.735436
2,2,9,vig_tiny,cifar10,0.3,3,_vig_blocks.2,0.731783
2,2,9,vig_tiny,cifar10,0.3,4,_vig_blocks.3,0.745276
2,2,9,vig_tiny,cifar10,0.3,5,_vig_blocks.4,0.775165
2,2,9,vig_tiny,cifar10,0.3,6,_vig_blocks.5,0.763939
2,2,9,vig_tiny,cifar10,0.3,7,_vig_blocks.6,0.750544
2,2,9,vig_tiny,cifar10,0.3,8,_vig_blocks.7,0.747667
2,2,9,vig_tiny,cifar10,0.3,9,_vig_blocks.8,0.730561
2,2,9,vig_tiny,cifar10,0.3,10,_vig_blocks.9,0.722311
2,2,9,vig_tiny,cifar10,0.3,11,_vig_blocks.10,0.694445
2,2,9,vig_tiny,cifar10,0.3,12,_vig_blocks.11,0.685652
2,2,9,vig_tiny,cifar10,0.3,13,classifier,0.499152
2,3,4,vig_tiny,cifar10,0.3,0,_vig_stem,0.852019
2,3,4,vig_tiny,cifar10,0.3,1,_vig_blocks.0,0.793927
2,3,4,vig_tiny,cifar10,0.3,2,_vig_blocks.1,0.737156
2,3,4,vig_tiny,cifar10,0.3,3,_vig_blocks.2,0.734928
2,3,4,vig_tiny,cifar10,0.3,4,_vig_blocks.3,0.719244
2,3,4,vig_tiny,cifar10,0.3,5,_vig_blocks.4,0.728566
2,3,4,vig_tiny,cifar10,0.3,6,_vig_blocks.5,0.714208
2,3,4,vig_tiny,cifar10,0.3,7,_vig_blocks.6,0.693787
2,3,4,vig_tiny,cifar10,0.3,8,_vig_blocks.7,0.677382
2,3,4,vig_tiny,cifar10,0.3,9,_vig_blocks.8,0.677783
2,3,4,vig_tiny,cifar10,0.3,10,_vig_blocks.9,0.671165
2,3,4,vig_tiny,cifar10,0.3,11,_vig_blocks.10,0.663908
2,3,4,vig_tiny,cifar10,0.3,12,_vig_blocks.11,0.650486
2,3,4,vig_tiny,cifar10,0.3,13,classifier,0.465515
2,3,5,vig_tiny,cifar10,0.3,0,_vig_stem,0.819634
2,3,5,vig_tiny,cifar10,0.3,1,_vig_blocks.0,0.775618
2,3,5,vig_tiny,cifar10,0.3,2,_vig_blocks.1,0.696188
2,3,5,vig_tiny,cifar10,0.3,3,_vig_blocks.2,0.679970
2,3,5,vig_tiny,cifar10,0.3,4,_vig_blocks.3,0.647495
2,3,5,vig_tiny,cifar10,0.3,5,_vig_blocks.4,0.649569
2,3,5,vig_tiny,cifar10,0.3,6,_vig_blocks.5,0.643992
2,3,5,vig_tiny,cifar10,0.3,7,_vig_blocks.6,0.632409
2,3,5,vig_tiny,cifar10,0.3,8,_vig_blocks.7,0.630693
2,3,5,vig_tiny,cifar10,0.3,9,_vig_blocks.8,0.632451
2,3,5,vig_tiny,cifar10,0.3,10,_vig_blocks.9,0.639350
2,3,5,vig_tiny,cifar10,0.3,11,_vig_blocks.10,0.647934
2,3,5,vig_tiny,cifar10,0.3,12,_vig_blocks.11,0.631055
2,3,5,vig_tiny,cifar10,0.3,13,classifier,0.419008
2,3,6,vig_tiny,cifar10,0.3,0,_vig_stem,0.799882
2,3,6,vig_tiny,cifar10,0.3,1,_vig_blocks.0,0.748875
2,3,6,vig_tiny,cifar10,0.3,2,_vig_blocks.1,0.670060
2,3,6,vig_tiny,cifar10,0.3,3,_vig_blocks.2,0.637443
2,3,6,vig_tiny,cifar10,0.3,4,_vig_blocks.3,0.615251
2,3,6,vig_tiny,cifar10,0.3,5,_vig_blocks.4,0.609361
2,3,6,vig_tiny,cifar10,0.3,6,_vig_blocks.5,0.609350
2,3,6,vig_tiny,cifar10,0.3,7,_vig_blocks.6,0.585700
2,3,6,vig_tiny,cifar10,0.3,8,_vig_blocks.7,0.602421
2,3,6,vig_tiny,cifar10,0.3,9,_vig_blocks.8,0.616157
2,3,6,vig_tiny,cifar10,0.3,10,_vig_blocks.9,0.609895
2,3,6,vig_tiny,cifar10,0.3,11,_vig_blocks.10,0.614228
2,3,6,vig_tiny,cifar10,0.3,12,_vig_blocks.11,0.595969
2,3,6,vig_tiny,cifar10,0.3,13,classifier,0.458827
2,3,7,vig_tiny,cifar10,0.3,0,_vig_stem,0.820354
2,3,7,vig_tiny,cifar10,0.3,1,_vig_blocks.0,0.740201
2,3,7,vig_tiny,cifar10,0.3,2,_vig_blocks.1,0.678134
2,3,7,vig_tiny,cifar10,0.3,3,_vig_blocks.2,0.652776
2,3,7,vig_tiny,cifar10,0.3,4,_vig_blocks.3,0.636886
2,3,7,vig_tiny,cifar10,0.3,5,_vig_blocks.4,0.630164
2,3,7,vig_tiny,cifar10,0.3,6,_vig_blocks.5,0.657292
2,3,7,vig_tiny,cifar10,0.3,7,_vig_blocks.6,0.630947
2,3,7,vig_tiny,cifar10,0.3,8,_vig_blocks.7,0.631284
2,3,7,vig_tiny,cifar10,0.3,9,_vig_blocks.8,0.639168
2,3,7,vig_tiny,cifar10,0.3,10,_vig_blocks.9,0.633951
2,3,7,vig_tiny,cifar10,0.3,11,_vig_blocks.10,0.620739
2,3,7,vig_tiny,cifar10,0.3,12,_vig_blocks.11,0.599048
2,3,7,vig_tiny,cifar10,0.3,13,classifier,0.125085
2,3,8,vig_tiny,cifar10,0.3,0,_vig_stem,0.735184
2,3,8,vig_tiny,cifar10,0.3,1,_vig_blocks.0,0.608652
2,3,8,vig_tiny,cifar10,0.3,2,_vig_blocks.1,0.532627
2,3,8,vig_tiny,cifar10,0.3,3,_vig_blocks.2,0.524414
2,3,8,vig_tiny,cifar10,0.3,4,_vig_blocks.3,0.497869
2,3,8,vig_tiny,cifar10,0.3,5,_vig_blocks.4,0.482579
2,3,8,vig_tiny,cifar10,0.3,6,_vig_blocks.5,0.475814
2,3,8,vig_tiny,cifar10,0.3,7,_vig_blocks.6,0.440685
2,3,8,vig_tiny,cifar10,0.3,8,_vig_blocks.7,0.451780
2,3,8,vig_tiny,cifar10,0.3,9,_vig_blocks.8,0.467563
2,3,8,vig_tiny,cifar10,0.3,10,_vig_blocks.9,0.470924
2,3,8,vig_tiny,cifar10,0.3,11,_vig_blocks.10,0.473185
2,3,8,vig_tiny,cifar10,0.3,12,_vig_blocks.11,0.458382
2,3,8,vig_tiny,cifar10,0.3,13,classifier,0.165785
2,3,9,vig_tiny,cifar10,0.3,0,_vig_stem,0.843441
2,3,9,vig_tiny,cifar10,0.3,1,_vig_blocks.0,0.778009
2,3,9,vig_tiny,cifar10,0.3,2,_vig_blocks.1,0.713709
2,3,9,vig_tiny,cifar10,0.3,3,_vig_blocks.2,0.689777
2,3,9,vig_tiny,cifar10,0.3,4,_vig_blocks.3,0.665110
2,3,9,vig_tiny,cifar10,0.3,5,_vig_blocks.4,0.665439
2,3,9,vig_tiny,cifar10,0.3,6,_vig_blocks.5,0.658237
2,3,9,vig_tiny,cifar10,0.3,7,_vig_blocks.6,0.646497
2,3,9,vig_tiny,cifar10,0.3,8,_vig_blocks.7,0.660878
2,3,9,vig_tiny,cifar10,0.3,9,_vig_blocks.8,0.674115
2,3,9,vig_tiny,cifar10,0.3,10,_vig_blocks.9,0.683426
2,3,9,vig_tiny,cifar10,0.3,11,_vig_blocks.10,0.689176
2,3,9,vig_tiny,cifar10,0.3,12,_vig_blocks.11,0.681925
2,3,9,vig_tiny,cifar10,0.3,13,classifier,0.661956
2,4,5,vig_tiny,cifar10,0.3,0,_vig_stem,0.929724
2,4,5,vig_tiny,cifar10,0.3,1,_vig_blocks.0,0.905111
2,4,5,vig_tiny,cifar10,0.3,2,_vig_blocks.1,0.854331
2,4,5,vig_tiny,cifar10,0.3,3,_vig_blocks.2,0.850601
2,4,5,vig_tiny,cifar10,0.3,4,_vig_blocks.3,0.835779
2,4,5,vig_tiny,cifar10,0.3,5,_vig_blocks.4,0.825223
2,4,5,vig_tiny,cifar10,0.3,6,_vig_blocks.5,0.808686
2,4,5,vig_tiny,cifar10,0.3,7,_vig_blocks.6,0.813892
2,4,5,vig_tiny,cifar10,0.3,8,_vig_blocks.7,0.819407
2,4,5,vig_tiny,cifar10,0.3,9,_vig_blocks.8,0.810206
2,4,5,vig_tiny,cifar10,0.3,10,_vig_blocks.9,0.818115
2,4,5,vig_tiny,cifar10,0.3,11,_vig_blocks.10,0.819515
2,4,5,vig_tiny,cifar10,0.3,12,_vig_blocks.11,0.810954
2,4,5,vig_tiny,cifar10,0.3,13,classifier,0.666759
2,4,6,vig_tiny,cifar10,0.3,0,_vig_stem,0.879600
2,4,6,vig_tiny,cifar10,0.3,1,_vig_blocks.0,0.848844
2,4,6,vig_tiny,cifar10,0.3,2,_vig_blocks.1,0.783021
2,4,6,vig_tiny,cifar10,0.3,3,_vig_blocks.2,0.747755
2,4,6,vig_tiny,cifar10,0.3,4,_vig_blocks.3,0.734107
2,4,6,vig_tiny,cifar10,0.3,5,_vig_blocks.4,0.709877
2,4,6,vig_tiny,cifar10,0.3,6,_vig_blocks.5,0.688991
2,4,6,vig_tiny,cifar10,0.3,7,_vig_blocks.6,0.650283
2,4,6,vig_tiny,cifar10,0.3,8,_vig_blocks.7,0.661711
2,4,6,vig_tiny,cifar10,0.3,9,_vig_blocks.8,0.666433
2,4,6,vig_tiny,cifar10,0.3,10,_vig_blocks.9,0.666763
2,4,6,vig_tiny,cifar10,0.3,11,_vig_blocks.10,0.672426
2,4,6,vig_tiny,cifar10,0.3,12,_vig_blocks.11,0.659795
2,4,6,vig_tiny,cifar10,0.3,13,classifier,0.671538
2,4,7,vig_tiny,cifar10,0.3,0,_vig_stem,0.920955
2,4,7,vig_tiny,cifar10,0.3,1,_vig_blocks.0,0.842687
2,4,7,vig_tiny,cifar10,0.3,2,_vig_blocks.1,0.843693
2,4,7,vig_tiny,cifar10,0.3,3,_vig_blocks.2,0.812387
2,4,7,vig_tiny,cifar10,0.3,4,_vig_blocks.3,0.790004
2,4,7,vig_tiny,cifar10,0.3,5,_vig_blocks.4,0.775611
2,4,7,vig_tiny,cifar10,0.3,6,_vig_blocks.5,0.778268
2,4,7,vig_tiny,cifar10,0.3,7,_vig_blocks.6,0.754878
2,4,7,vig_tiny,cifar10,0.3,8,_vig_blocks.7,0.768614
2,4,7,vig_tiny,cifar10,0.3,9,_vig_blocks.8,0.773489
2,4,7,vig_tiny,cifar10,0.3,10,_vig_blocks.9,0.788429
2,4,7,vig_tiny,cifar10,0.3,11,_vig_blocks.10,0.782562
2,4,7,vig_tiny,cifar10,0.3,12,_vig_blocks.11,0.764693
2,4,7,vig_tiny,cifar10,0.3,13,classifier,0.345589
2,4,8,vig_tiny,cifar10,0.3,0,_vig_stem,0.844735
2,4,8,vig_tiny,cifar10,0.3,1,_vig_blocks.0,0.721178
2,4,8,vig_tiny,cifar10,0.3,2,_vig_blocks.1,0.686328
2,4,8,vig_tiny,cifar10,0.3,3,_vig_blocks.2,0.662705
2,4,8,vig_tiny,cifar10,0.3,4,_vig_blocks.3,0.641718
2,4,8,vig_tiny,cifar10,0.3,5,_vig_blocks.4,0.604886
2,4,8,vig_tiny,cifar10,0.3,6,_vig_blocks.5,0.570276
2,4,8,vig_tiny,cifar10,0.3,7,_vig_blocks.6,0.534780
2,4,8,vig_tiny,cifar10,0.3,8,_vig_blocks.7,0.544055
2,4,8,vig_tiny,cifar10,0.3,9,_vig_blocks.8,0.541922
2,4,8,vig_tiny,cifar10,0.3,10,_vig_blocks.9,0.530091
2,4,8,vig_tiny,cifar10,0.3,11,_vig_blocks.10,0.526247
2,4,8,vig_tiny,cifar10,0.3,12,_vig_blocks.11,0.517890
2,4,8,vig_tiny,cifar10,0.3,13,classifier,0.197786
2,4,9,vig_tiny,cifar10,0.3,0,_vig_stem,0.854529
2,4,9,vig_tiny,cifar10,0.3,1,_vig_blocks.0,0.759565
2,4,9,vig_tiny,cifar10,0.3,2,_vig_blocks.1,0.700906
2,4,9,vig_tiny,cifar10,0.3,3,_vig_blocks.2,0.689909
2,4,9,vig_tiny,cifar10,0.3,4,_vig_blocks.3,0.681584
2,4,9,vig_tiny,cifar10,0.3,5,_vig_blocks.4,0.669861
2,4,9,vig_tiny,cifar10,0.3,6,_vig_blocks.5,0.638135
2,4,9,vig_tiny,cifar10,0.3,7,_vig_blocks.6,0.623677
2,4,9,vig_tiny,cifar10,0.3,8,_vig_blocks.7,0.616599
2,4,9,vig_tiny,cifar10,0.3,9,_vig_blocks.8,0.617428
2,4,9,vig_tiny,cifar10,0.3,10,_vig_blocks.9,0.611319
2,4,9,vig_tiny,cifar10,0.3,11,_vig_blocks.10,0.598261
2,4,9,vig_tiny,cifar10,0.3,12,_vig_blocks.11,0.579071
2,4,9,vig_tiny,cifar10,0.3,13,classifier,0.549194
2,5,6,vig_tiny,cifar10,0.3,0,_vig_stem,0.881710
2,5,6,vig_tiny,cifar10,0.3,1,_vig_blocks.0,0.890746
2,5,6,vig_tiny,cifar10,0.3,2,_vig_blocks.1,0.860516
2,5,6,vig_tiny,cifar10,0.3,3,_vig_blocks.2,0.836358
2,5,6,vig_tiny,cifar10,0.3,4,_vig_blocks.3,0.832445
2,5,6,vig_tiny,cifar10,0.3,5,_vig_blocks.4,0.827351
2,5,6,vig_tiny,cifar10,0.3,6,_vig_blocks.5,0.832985
2,5,6,vig_tiny,cifar10,0.3,7,_vig_blocks.6,0.810657
2,5,6,vig_tiny,cifar10,0.3,8,_vig_blocks.7,0.804413
2,5,6,vig_tiny,cifar10,0.3,9,_vig_blocks.8,0.793265
2,5,6,vig_tiny,cifar10,0.3,10,_vig_blocks.9,0.791001
2,5,6,vig_tiny,cifar10,0.3,11,_vig_blocks.10,0.780374
2,5,6,vig_tiny,cifar10,0.3,12,_vig_blocks.11,0.777689
2,5,6,vig_tiny,cifar10,0.3,13,classifier,0.649055
2,5,7,vig_tiny,cifar10,0.3,0,_vig_stem,0.850543
2,5,7,vig_tiny,cifar10,0.3,1,_vig_blocks.0,0.826994
2,5,7,vig_tiny,cifar10,0.3,2,_vig_blocks.1,0.819856
2,5,7,vig_tiny,cifar10,0.3,3,_vig_blocks.2,0.808471
2,5,7,vig_tiny,cifar10,0.3,4,_vig_blocks.3,0.793633
2,5,7,vig_tiny,cifar10,0.3,5,_vig_blocks.4,0.777910
2,5,7,vig_tiny,cifar10,0.3,6,_vig_blocks.5,0.779823
2,5,7,vig_tiny,cifar10,0.3,7,_vig_blocks.6,0.791481
2,5,7,vig_tiny,cifar10,0.3,8,_vig_blocks.7,0.791064
2,5,7,vig_tiny,cifar10,0.3,9,_vig_blocks.8,0.798424
2,5,7,vig_tiny,cifar10,0.3,10,_vig_blocks.9,0.803461
2,5,7,vig_tiny,cifar10,0.3,11,_vig_blocks.10,0.792767
2,5,7,vig_tiny,cifar10,0.3,12,_vig_blocks.11,0.780168
2,5,7,vig_tiny,cifar10,0.3,13,classifier,0.212490
2,5,8,vig_tiny,cifar10,0.3,0,_vig_stem,0.856916
2,5,8,vig_tiny,cifar10,0.3,1,_vig_blocks.0,0.774040
2,5,8,vig_tiny,cifar10,0.3,2,_vig_blocks.1,0.723077
2,5,8,vig_tiny,cifar10,0.3,3,_vig_blocks.2,0.691546
2,5,8,vig_tiny,cifar10,0.3,4,_vig_blocks.3,0.697347
2,5,8,vig_tiny,cifar10,0.3,5,_vig_blocks.4,0.682745
2,5,8,vig_tiny,cifar10,0.3,6,_vig_blocks.5,0.673392
2,5,8,vig_tiny,cifar10,0.3,7,_vig_blocks.6,0.643828
2,5,8,vig_tiny,cifar10,0.3,8,_vig_blocks.7,0.631362
2,5,8,vig_tiny,cifar10,0.3,9,_vig_blocks.8,0.630307
2,5,8,vig_tiny,cifar10,0.3,10,_vig_blocks.9,0.613715
2,5,8,vig_tiny,cifar10,0.3,11,_vig_blocks.10,0.610551
2,5,8,vig_tiny,cifar10,0.3,12,_vig_blocks.11,0.599910
2,5,8,vig_tiny,cifar10,0.3,13,classifier,0.137343
2,5,9,vig_tiny,cifar10,0.3,0,_vig_stem,0.851492
2,5,9,vig_tiny,cifar10,0.3,1,_vig_blocks.0,0.812215
2,5,9,vig_tiny,cifar10,0.3,2,_vig_blocks.1,0.728441
2,5,9,vig_tiny,cifar10,0.3,3,_vig_blocks.2,0.696123
2,5,9,vig_tiny,cifar10,0.3,4,_vig_blocks.3,0.702148
2,5,9,vig_tiny,cifar10,0.3,5,_vig_blocks.4,0.718987
2,5,9,vig_tiny,cifar10,0.3,6,_vig_blocks.5,0.720417
2,5,9,vig_tiny,cifar10,0.3,7,_vig_blocks.6,0.709569
2,5,9,vig_tiny,cifar10,0.3,8,_vig_blocks.7,0.701290
2,5,9,vig_tiny,cifar10,0.3,9,_vig_blocks.8,0.687338
2,5,9,vig_tiny,cifar10,0.3,10,_vig_blocks.9,0.673808
2,5,9,vig_tiny,cifar10,0.3,11,_vig_blocks.10,0.668115
2,5,9,vig_tiny,cifar10,0.3,12,_vig_blocks.11,0.644928
2,5,9,vig_tiny,cifar10,0.3,13,classifier,0.411992
2,6,7,vig_tiny,cifar10,0.3,0,_vig_stem,0.860531
2,6,7,vig_tiny,cifar10,0.3,1,_vig_blocks.0,0.861709
2,6,7,vig_tiny,cifar10,0.3,2,_vig_blocks.1,0.805882
2,6,7,vig_tiny,cifar10,0.3,3,_vig_blocks.2,0.778926
2,6,7,vig_tiny,cifar10,0.3,4,_vig_blocks.3,0.757308
2,6,7,vig_tiny,cifar10,0.3,5,_vig_blocks.4,0.763305
2,6,7,vig_tiny,cifar10,0.3,6,_vig_blocks.5,0.756027
2,6,7,vig_tiny,cifar10,0.3,7,_vig_blocks.6,0.753317
2,6,7,vig_tiny,cifar10,0.3,8,_vig_blocks.7,0.745240
2,6,7,vig_tiny,cifar10,0.3,9,_vig_blocks.8,0.748138
2,6,7,vig_tiny,cifar10,0.3,10,_vig_blocks.9,0.739260
2,6,7,vig_tiny,cifar10,0.3,11,_vig_blocks.10,0.724102
2,6,7,vig_tiny,cifar10,0.3,12,_vig_blocks.11,0.706050
2,6,7,vig_tiny,cifar10,0.3,13,classifier,0.342218
2,6,8,vig_tiny,cifar10,0.3,0,_vig_stem,0.889555
2,6,8,vig_tiny,cifar10,0.3,1,_vig_blocks.0,0.835143
2,6,8,vig_tiny,cifar10,0.3,2,_vig_blocks.1,0.783846
2,6,8,vig_tiny,cifar10,0.3,3,_vig_blocks.2,0.755596
2,6,8,vig_tiny,cifar10,0.3,4,_vig_blocks.3,0.739801
2,6,8,vig_tiny,cifar10,0.3,5,_vig_blocks.4,0.728997
2,6,8,vig_tiny,cifar10,0.3,6,_vig_blocks.5,0.710027
2,6,8,vig_tiny,cifar10,0.3,7,_vig_blocks.6,0.676515
2,6,8,vig_tiny,cifar10,0.3,8,_vig_blocks.7,0.665729
2,6,8,vig_tiny,cifar10,0.3,9,_vig_blocks.8,0.658523
2,6,8,vig_tiny,cifar10,0.3,10,_vig_blocks.9,0.655474
2,6,8,vig_tiny,cifar10,0.3,11,_vig_blocks.10,0.654466
2,6,8,vig_tiny,cifar10,0.3,12,_vig_blocks.11,0.639741
2,6,8,vig_tiny,cifar10,0.3,13,classifier,0.321164
2,6,9,vig_tiny,cifar10,0.3,0,_vig_stem,0.903692
2,6,9,vig_tiny,cifar10,0.3,1,_vig_blocks.0,0.858176
2,6,9,vig_tiny,cifar10,0.3,2,_vig_blocks.1,0.778679
2,6,9,vig_tiny,cifar10,0.3,3,_vig_blocks.2,0.741633
2,6,9,vig_tiny,cifar10,0.3,4,_vig_blocks.3,0.742016
2,6,9,vig_tiny,cifar10,0.3,5,_vig_blocks.4,0.740279
2,6,9,vig_tiny,cifar10,0.3,6,_vig_blocks.5,0.735277
2,6,9,vig_tiny,cifar10,0.3,7,_vig_blocks.6,0.717616
2,6,9,vig_tiny,cifar10,0.3,8,_vig_blocks.7,0.712950
2,6,9,vig_tiny,cifar10,0.3,9,_vig_blocks.8,0.712161
2,6,9,vig_tiny,cifar10,0.3,10,_vig_blocks.9,0.708550
2,6,9,vig_tiny,cifar10,0.3,11,_vig_blocks.10,0.697205
2,6,9,vig_tiny,cifar10,0.3,12,_vig_blocks.11,0.671568
2,6,9,vig_tiny,cifar10,0.3,13,classifier,0.501653
2,7,8,vig_tiny,cifar10,0.3,0,_vig_stem,0.885911
2,7,8,vig_tiny,cifar10,0.3,1,_vig_blocks.0,0.813339
2,7,8,vig_tiny,cifar10,0.3,2,_vig_blocks.1,0.774703
2,7,8,vig_tiny,cifar10,0.3,3,_vig_blocks.2,0.732044
2,7,8,vig_tiny,cifar10,0.3,4,_vig_blocks.3,0.709198
2,7,8,vig_tiny,cifar10,0.3,5,_vig_blocks.4,0.671972
2,7,8,vig_tiny,cifar10,0.3,6,_vig_blocks.5,0.652138
2,7,8,vig_tiny,cifar10,0.3,7,_vig_blocks.6,0.642965
2,7,8,vig_tiny,cifar10,0.3,8,_vig_blocks.7,0.637323
2,7,8,vig_tiny,cifar10,0.3,9,_vig_blocks.8,0.630282
2,7,8,vig_tiny,cifar10,0.3,10,_vig_blocks.9,0.617486
2,7,8,vig_tiny,cifar10,0.3,11,_vig_blocks.10,0.621231
2,7,8,vig_tiny,cifar10,0.3,12,_vig_blocks.11,0.613568
2,7,8,vig_tiny,cifar10,0.3,13,classifier,0.204611
2,7,9,vig_tiny,cifar10,0.3,0,_vig_stem,0.870009
2,7,9,vig_tiny,cifar10,0.3,1,_vig_blocks.0,0.806882
2,7,9,vig_tiny,cifar10,0.3,2,_vig_blocks.1,0.724604
2,7,9,vig_tiny,cifar10,0.3,3,_vig_blocks.2,0.683301
2,7,9,vig_tiny,cifar10,0.3,4,_vig_blocks.3,0.689969
2,7,9,vig_tiny,cifar10,0.3,5,_vig_blocks.4,0.681980
2,7,9,vig_tiny,cifar10,0.3,6,_vig_blocks.5,0.683725
2,7,9,vig_tiny,cifar10,0.3,7,_vig_blocks.6,0.685521
2,7,9,vig_tiny,cifar10,0.3,8,_vig_blocks.7,0.684161
2,7,9,vig_tiny,cifar10,0.3,9,_vig_blocks.8,0.685862
2,7,9,vig_tiny,cifar10,0.3,10,_vig_blocks.9,0.666811
2,7,9,vig_tiny,cifar10,0.3,11,_vig_blocks.10,0.636012
2,7,9,vig_tiny,cifar10,0.3,12,_vig_blocks.11,0.611306
2,7,9,vig_tiny,cifar10,0.3,13,classifier,0.132291
2,8,9,vig_tiny,cifar10,0.3,0,_vig_stem,0.892087
2,8,9,vig_tiny,cifar10,0.3,1,_vig_blocks.0,0.831367
2,8,9,vig_tiny,cifar10,0.3,2,_vig_blocks.1,0.789370
2,8,9,vig_tiny,cifar10,0.3,3,_vig_blocks.2,0.784035
2,8,9,vig_tiny,cifar10,0.3,4,_vig_blocks.3,0.785211
2,8,9,vig_tiny,cifar10,0.3,5,_vig_blocks.4,0.777442
2,8,9,vig_tiny,cifar10,0.3,6,_vig_blocks.5,0.763959
2,8,9,vig_tiny,cifar10,0.3,7,_vig_blocks.6,0.748743
2,8,9,vig_tiny,cifar10,0.3,8,_vig_blocks.7,0.763399
2,8,9,vig_tiny,cifar10,0.3,9,_vig_blocks.8,0.753541
2,8,9,vig_tiny,cifar10,0.3,10,_vig_blocks.9,0.751180
2,8,9,vig_tiny,cifar10,0.3,11,_vig_blocks.10,0.737464
2,8,9,vig_tiny,cifar10,0.3,12,_vig_blocks.11,0.743646
2,8,9,vig_tiny,cifar10,0.3,13,classifier,0.493876
5,0,1,vig_tiny,cifar10,0.3,0,_vig_stem,0.931134
5,0,1,vig_tiny,cifar10,0.3,1,_vig_blocks.0,0.847752
5,0,1,vig_tiny,cifar10,0.3,2,_vig_blocks.1,0.832635
5,0,1,vig_tiny,cifar10,0.3,3,_vig_blocks.2,0.841967
5,0,1,vig_tiny,cifar10,0.3,4,_vig_blocks.3,0.836054
5,0,1,vig_tiny,cifar10,0.3,5,_vig_blocks.4,0.854092
5,0,1,vig_tiny,cifar10,0.3,6,_vig_blocks.5,0.846958
5,0,1,vig_tiny,cifar10,0.3,7,_vig_blocks.6,0.837461
5,0,1,vig_tiny,cifar10,0.3,8,_vig_blocks.7,0.853599
5,0,1,vig_tiny,cifar10,0.3,9,_vig_blocks.8,0.834969
5,0,1,vig_tiny,cifar10,0.3,10,_vig_blocks.9,0.816997
5,0,1,vig_tiny,cifar10,0.3,11,_vig_blocks.10,0.813305
5,0,1,vig_tiny,cifar10,0.3,12,_vig_blocks.11,0.793019
5,0,1,vig_tiny,cifar10,0.3,13,classifier,0.660750
5,0,2,vig_tiny,cifar10,0.3,0,_vig_stem,0.884899
5,0,2,vig_tiny,cifar10,0.3,1,_vig_blocks.0,0.811260
5,0,2,vig_tiny,cifar10,0.3,2,_vig_blocks.1,0.775861
5,0,2,vig_tiny,cifar10,0.3,3,_vig_blocks.2,0.755591
5,0,2,vig_tiny,cifar10,0.3,4,_vig_blocks.3,0.769978
5,0,2,vig_tiny,cifar10,0.3,5,_vig_blocks.4,0.766307
5,0,2,vig_tiny,cifar10,0.3,6,_vig_blocks.5,0.751649
5,0,2,vig_tiny,cifar10,0.3,7,_vig_blocks.6,0.724932
5,0,2,vig_tiny,cifar10,0.3,8,_vig_blocks.7,0.715882
5,0,2,vig_tiny,cifar10,0.3,9,_vig_blocks.8,0.714920
5,0,2,vig_tiny,cifar10,0.3,10,_vig_blocks.9,0.712649
5,0,2,vig_tiny,cifar10,0.3,11,_vig_blocks.10,0.711759
5,0,2,vig_tiny,cifar10,0.3,12,_vig_blocks.11,0.700751
5,0,2,vig_tiny,cifar10,0.3,13,classifier,0.605648
5,0,3,vig_tiny,cifar10,0.3,0,_vig_stem,0.921085
5,0,3,vig_tiny,cifar10,0.3,1,_vig_blocks.0,0.855622
5,0,3,vig_tiny,cifar10,0.3,2,_vig_blocks.1,0.772315
5,0,3,vig_tiny,cifar10,0.3,3,_vig_blocks.2,0.755157
5,0,3,vig_tiny,cifar10,0.3,4,_vig_blocks.3,0.752321
5,0,3,vig_tiny,cifar10,0.3,5,_vig_blocks.4,0.741950
5,0,3,vig_tiny,cifar10,0.3,6,_vig_blocks.5,0.721505
5,0,3,vig_tiny,cifar10,0.3,7,_vig_blocks.6,0.689364
5,0,3,vig_tiny,cifar10,0.3,8,_vig_blocks.7,0.681818
5,0,3,vig_tiny,cifar10,0.3,9,_vig_blocks.8,0.670188
5,0,3,vig_tiny,cifar10,0.3,10,_vig_blocks.9,0.644057
5,0,3,vig_tiny,cifar10,0.3,11,_vig_blocks.10,0.635014
5,0,3,vig_tiny,cifar10,0.3,12,_vig_blocks.11,0.631283
5,0,3,vig_tiny,cifar10,0.3,13,classifier,0.359290
5,0,4,vig_tiny,cifar10,0.3,0,_vig_stem,0.926063
5,0,4,vig_tiny,cifar10,0.3,1,_vig_blocks.0,0.864924
5,0,4,vig_tiny,cifar10,0.3,2,_vig_blocks.1,0.860629
5,0,4,vig_tiny,cifar10,0.3,3,_vig_blocks.2,0.878203
5,0,4,vig_tiny,cifar10,0.3,4,_vig_blocks.3,0.873401
5,0,4,vig_tiny,cifar10,0.3,5,_vig_blocks.4,0.868884
5,0,4,vig_tiny,cifar10,0.3,6,_vig_blocks.5,0.867987
5,0,4,vig_tiny,cifar10,0.3,7,_vig_blocks.6,0.858003
5,0,4,vig_tiny,cifar10,0.3,8,_vig_blocks.7,0.856053
5,0,4,vig_tiny,cifar10,0.3,9,_vig_blocks.8,0.838991
5,0,4,vig_tiny,cifar10,0.3,10,_vig_blocks.9,0.800249
5,0,4,vig_tiny,cifar10,0.3,11,_vig_blocks.10,0.785137
5,0,4,vig_tiny,cifar10,0.3,12,_vig_blocks.11,0.762789
5,0,4,vig_tiny,cifar10,0.3,13,classifier,0.572010
5,0,5,vig_tiny,cifar10,0.3,0,_vig_stem,0.904653
5,0,5,vig_tiny,cifar10,0.3,1,_vig_blocks.0,0.828627
5,0,5,vig_tiny,cifar10,0.3,2,_vig_blocks.1,0.810698
5,0,5,vig_tiny,cifar10,0.3,3,_vig_blocks.2,0.808647
5,0,5,vig_tiny,cifar10,0.3,4,_vig_blocks.3,0.814006
5,0,5,vig_tiny,cifar10,0.3,5,_vig_blocks.4,0.809236
5,0,5,vig_tiny,cifar10,0.3,6,_vig_blocks.5,0.801488
5,0,5,vig_tiny,cifar10,0.3,7,_vig_blocks.6,0.786594
5,0,5,vig_tiny,cifar10,0.3,8,_vig_blocks.7,0.775406
5,0,5,vig_tiny,cifar10,0.3,9,_vig_blocks.8,0.751584
5,0,5,vig_tiny,cifar10,0.3,10,_vig_blocks.9,0.749182
5,0,5,vig_tiny,cifar10,0.3,11,_vig_blocks.10,0.712492
5,0,5,vig_tiny,cifar10,0.3,12,_vig_blocks.11,0.689529
5,0,5,vig_tiny,cifar10,0.3,13,classifier,0.227120
5,0,6,vig_tiny,cifar10,0.3,0,_vig_stem,0.863110
5,0,6,vig_tiny,cifar10,0.3,1,_vig_blocks.0,0.793737
5,0,6,vig_tiny,cifar10,0.3,2,_vig_blocks.1,0.788073
5,0,6,vig_tiny,cifar10,0.3,3,_vig_blocks.2,0.787011
5,0,6,vig_tiny,cifar10,0.3,4,_vig_blocks.3,0.782034
5,0,6,vig_tiny,cifar10,0.3,5,_vig_blocks.4,0.786219
5,0,6,vig_tiny,cifar10,0.3,6,_vig_blocks.5,0.781546
5,0,6,vig_tiny,cifar10,0.3,7,_vig_blocks.6,0.766419
5,0,6,vig_tiny,cifar10,0.3,8,_vig_blocks.7,0.773254
5,0,6,vig_tiny,cifar10,0.3,9,_vig_blocks.8,0.756851
5,0,6,vig_tiny,cifar10,0.3,10,_vig_blocks.9,0.748169
5,0,6,vig_tiny,cifar10,0.3,11,_vig_blocks.10,0.737068
5,0,6,vig_tiny,cifar10,0.3,12,_vig_blocks.11,0.705552
5,0,6,vig_tiny,cifar10,0.3,13,classifier,0.589520
5,0,7,vig_tiny,cifar10,0.3,0,_vig_stem,0.886841
5,0,7,vig_tiny,cifar10,0.3,1,_vig_blocks.0,0.842664
5,0,7,vig_tiny,cifar10,0.3,2,_vig_blocks.1,0.816984
5,0,7,vig_tiny,cifar10,0.3,3,_vig_blocks.2,0.789392
5,0,7,vig_tiny,cifar10,0.3,4,_vig_blocks.3,0.784276
5,0,7,vig_tiny,cifar10,0.3,5,_vig_blocks.4,0.780623
5,0,7,vig_tiny,cifar10,0.3,6,_vig_blocks.5,0.784198
5,0,7,vig_tiny,cifar10,0.3,7,_vig_blocks.6,0.770566
5,0,7,vig_tiny,cifar10,0.3,8,_vig_blocks.7,0.763703
5,0,7,vig_tiny,cifar10,0.3,9,_vig_blocks.8,0.760374
5,0,7,vig_tiny,cifar10,0.3,10,_vig_blocks.9,0.732410
5,0,7,vig_tiny,cifar10,0.3,11,_vig_blocks.10,0.700829
5,0,7,vig_tiny,cifar10,0.3,12,_vig_blocks.11,0.666351
5,0,7,vig_tiny,cifar10,0.3,13,classifier,0.352437
5,0,8,vig_tiny,cifar10,0.3,0,_vig_stem,0.882179
5,0,8,vig_tiny,cifar10,0.3,1,_vig_blocks.0,0.847398
5,0,8,vig_tiny,cifar10,0.3,2,_vig_blocks.1,0.850105
5,0,8,vig_tiny,cifar10,0.3,3,_vig_blocks.2,0.847143
5,0,8,vig_tiny,cifar10,0.3,4,_vig_blocks.3,0.837252
5,0,8,vig_tiny,cifar10,0.3,5,_vig_blocks.4,0.837409
5,0,8,vig_tiny,cifar10,0.3,6,_vig_blocks.5,0.835316
5,0,8,vig_tiny,cifar10,0.3,7,_vig_blocks.6,0.818156
5,0,8,vig_tiny,cifar10,0.3,8,_vig_blocks.7,0.809037
5,0,8,vig_tiny,cifar10,0.3,9,_vig_blocks.8,0.814564
5,0,8,vig_tiny,cifar10,0.3,10,_vig_blocks.9,0.794354
5,0,8,vig_tiny,cifar10,0.3,11,_vig_blocks.10,0.781604
5,0,8,vig_tiny,cifar10,0.3,12,_vig_blocks.11,0.751323
5,0,8,vig_tiny,cifar10,0.3,13,classifier,0.731552
5,0,9,vig_tiny,cifar10,0.3,0,_vig_stem,0.865283
5,0,9,vig_tiny,cifar10,0.3,1,_vig_blocks.0,0.840354
5,0,9,vig_tiny,cifar10,0.3,2,_vig_blocks.1,0.808943
5,0,9,vig_tiny,cifar10,0.3,3,_vig_blocks.2,0.805580
5,0,9,vig_tiny,cifar10,0.3,4,_vig_blocks.3,0.808652
5,0,9,vig_tiny,cifar10,0.3,5,_vig_blocks.4,0.799087
5,0,9,vig_tiny,cifar10,0.3,6,_vig_blocks.5,0.795935
5,0,9,vig_tiny,cifar10,0.3,7,_vig_blocks.6,0.754689
5,0,9,vig_tiny,cifar10,0.3,8,_vig_blocks.7,0.755005
5,0,9,vig_tiny,cifar10,0.3,9,_vig_blocks.8,0.752573
5,0,9,vig_tiny,cifar10,0.3,10,_vig_blocks.9,0.736905
5,0,9,vig_tiny,cifar10,0.3,11,_vig_blocks.10,0.757078
5,0,9,vig_tiny,cifar10,0.3,12,_vig_blocks.11,0.735892
5,0,9,vig_tiny,cifar10,0.3,13,classifier,0.575752
5,1,2,vig_tiny,cifar10,0.3,0,_vig_stem,0.894869
5,1,2,vig_tiny,cifar10,0.3,1,_vig_blocks.0,0.754667
5,1,2,vig_tiny,cifar10,0.3,2,_vig_blocks.1,0.721408
5,1,2,vig_tiny,cifar10,0.3,3,_vig_blocks.2,0.691174
5,1,2,vig_tiny,cifar10,0.3,4,_vig_blocks.3,0.707373
5,1,2,vig_tiny,cifar10,0.3,5,_vig_blocks.4,0.723435
5,1,2,vig_tiny,cifar10,0.3,6,_vig_blocks.5,0.715349
5,1,2,vig_tiny,cifar10,0.3,7,_vig_blocks.6,0.721359
5,1,2,vig_tiny,cifar10,0.3,8,_vig_blocks.7,0.720393
5,1,2,vig_tiny,cifar10,0.3,9,_vig_blocks.8,0.713136
5,1,2,vig_tiny,cifar10,0.3,10,_vig_blocks.9,0.702151
5,1,2,vig_tiny,cifar10,0.3,11,_vig_blocks.10,0.685451
5,1,2,vig_tiny,cifar10,0.3,12,_vig_blocks.11,0.655735
5,1,2,vig_tiny,cifar10,0.3,13,classifier,0.706262
5,1,3,vig_tiny,cifar10,0.3,0,_vig_stem,0.911815
5,1,3,vig_tiny,cifar10,0.3,1,_vig_blocks.0,0.804197
5,1,3,vig_tiny,cifar10,0.3,2,_vig_blocks.1,0.740342
5,1,3,vig_tiny,cifar10,0.3,3,_vig_blocks.2,0.698327
5,1,3,vig_tiny,cifar10,0.3,4,_vig_blocks.3,0.674109
5,1,3,vig_tiny,cifar10,0.3,5,_vig_blocks.4,0.687329
5,1,3,vig_tiny,cifar10,0.3,6,_vig_blocks.5,0.688242
5,1,3,vig_tiny,cifar10,0.3,7,_vig_blocks.6,0.688611
5,1,3,vig_tiny,cifar10,0.3,8,_vig_blocks.7,0.688290
5,1,3,vig_tiny,cifar10,0.3,9,_vig_blocks.8,0.673435
5,1,3,vig_tiny,cifar10,0.3,10,_vig_blocks.9,0.671717
5,1,3,vig_tiny,cifar10,0.3,11,_vig_blocks.10,0.655310
5,1,3,vig_tiny,cifar10,0.3,12,_vig_blocks.11,0.653414
5,1,3,vig_tiny,cifar10,0.3,13,classifier,0.647918
5,1,4,vig_tiny,cifar10,0.3,0,_vig_stem,0.925893
5,1,4,vig_tiny,cifar10,0.3,1,_vig_blocks.0,0.866315
5,1,4,vig_tiny,cifar10,0.3,2,_vig_blocks.1,0.844014
5,1,4,vig_tiny,cifar10,0.3,3,_vig_blocks.2,0.832455
5,1,4,vig_tiny,cifar10,0.3,4,_vig_blocks.3,0.821156
5,1,4,vig_tiny,cifar10,0.3,5,_vig_blocks.4,0.837531
5,1,4,vig_tiny,cifar10,0.3,6,_vig_blocks.5,0.833784
5,1,4,vig_tiny,cifar10,0.3,7,_vig_blocks.6,0.828686
5,1,4,vig_tiny,cifar10,0.3,8,_vig_blocks.7,0.834633
5,1,4,vig_tiny,cifar10,0.3,9,_vig_blocks.8,0.820327
5,1,4,vig_tiny,cifar10,0.3,10,_vig_blocks.9,0.803387
5,1,4,vig_tiny,cifar10,0.3,11,_vig_blocks.10,0.785463
5,1,4,vig_tiny,cifar10,0.3,12,_vig_blocks.11,0.769967
5,1,4,vig_tiny,cifar10,0.3,13,classifier,0.759023
5,1,5,vig_tiny,cifar10,0.3,0,_vig_stem,0.887502
5,1,5,vig_tiny,cifar10,0.3,1,_vig_blocks.0,0.789735
5,1,5,vig_tiny,cifar10,0.3,2,_vig_blocks.1,0.763181
5,1,5,vig_tiny,cifar10,0.3,3,_vig_blocks.2,0.747267
5,1,5,vig_tiny,cifar10,0.3,4,_vig_blocks.3,0.749558
5,1,5,vig_tiny,cifar10,0.3,5,_vig_blocks.4,0.772134
5,1,5,vig_tiny,cifar10,0.3,6,_vig_blocks.5,0.769063
5,1,5,vig_tiny,cifar10,0.3,7,_vig_blocks.6,0.774300
5,1,5,vig_tiny,cifar10,0.3,8,_vig_blocks.7,0.753270
5,1,5,vig_tiny,cifar10,0.3,9,_vig_blocks.8,0.737070
5,1,5,vig_tiny,cifar10,0.3,10,_vig_blocks.9,0.731028
5,1,5,vig_tiny,cifar10,0.3,11,_vig_blocks.10,0.686451
5,1,5,vig_tiny,cifar10,0.3,12,_vig_blocks.11,0.671891
5,1,5,vig_tiny,cifar10,0.3,13,classifier,0.513537
5,1,6,vig_tiny,cifar10,0.3,0,_vig_stem,0.883653
5,1,6,vig_tiny,cifar10,0.3,1,_vig_blocks.0,0.851295
5,1,6,vig_tiny,cifar10,0.3,2,_vig_blocks.1,0.832545
5,1,6,vig_tiny,cifar10,0.3,3,_vig_blocks.2,0.829678
5,1,6,vig_tiny,cifar10,0.3,4,_vig_blocks.3,0.827910
5,1,6,vig_tiny,cifar10,0.3,5,_vig_blocks.4,0.825484
5,1,6,vig_tiny,cifar10,0.3,6,_vig_blocks.5,0.819436
5,1,6,vig_tiny,cifar10,0.3,7,_vig_blocks.6,0.814460
5,1,6,vig_tiny,cifar10,0.3,8,_vig_blocks.7,0.819711
5,1,6,vig_tiny,cifar10,0.3,9,_vig_blocks.8,0.804391
5,1,6,vig_tiny,cifar10,0.3,10,_vig_blocks.9,0.798106
5,1,6,vig_tiny,cifar10,0.3,11,_vig_blocks.10,0.789193
5,1,6,vig_tiny,cifar10,0.3,12,_vig_blocks.11,0.763151
5,1,6,vig_tiny,cifar10,0.3,13,classifier,0.703177
5,1,7,vig_tiny,cifar10,0.3,0,_vig_stem,0.912417
5,1,7,vig_tiny,cifar10,0.3,1,_vig_blocks.0,0.803471
5,1,7,vig_tiny,cifar10,0.3,2,_vig_blocks.1,0.770789
5,1,7,vig_tiny,cifar10,0.3,3,_vig_blocks.2,0.763082
5,1,7,vig_tiny,cifar10,0.3,4,_vig_blocks.3,0.754692
5,1,7,vig_tiny,cifar10,0.3,5,_vig_blocks.4,0.763952
5,1,7,vig_tiny,cifar10,0.3,6,_vig_blocks.5,0.762986
5,1,7,vig_tiny,cifar10,0.3,7,_vig_blocks.6,0.756341
5,1,7,vig_tiny,cifar10,0.3,8,_vig_blocks.7,0.749548
5,1,7,vig_tiny,cifar10,0.3,9,_vig_blocks.8,0.739350
5,1,7,vig_tiny,cifar10,0.3,10,_vig_blocks.9,0.712289
5,1,7,vig_tiny,cifar10,0.3,11,_vig_blocks.10,0.672535
5,1,7,vig_tiny,cifar10,0.3,12,_vig_blocks.11,0.643317
5,1,7,vig_tiny,cifar10,0.3,13,classifier,0.386344
5,1,8,vig_tiny,cifar10,0.3,0,_vig_stem,0.877886
5,1,8,vig_tiny,cifar10,0.3,1,_vig_blocks.0,0.811077
5,1,8,vig_tiny,cifar10,0.3,2,_vig_blocks.1,0.814109
5,1,8,vig_tiny,cifar10,0.3,3,_vig_blocks.2,0.799438
5,1,8,vig_tiny,cifar10,0.3,4,_vig_blocks.3,0.783933
5,1,8,vig_tiny,cifar10,0.3,5,_vig_blocks.4,0.805408
5,1,8,vig_tiny,cifar10,0.3,6,_vig_blocks.5,0.792801
5,1,8,vig_tiny,cifar10,0.3,7,_vig_blocks.6,0.779544
5,1,8,vig_tiny,cifar10,0.3,8,_vig_blocks.7,0.781729
5,1,8,vig_tiny,cifar10,0.3,9,_vig_blocks.8,0.774325
5,1,8,vig_tiny,cifar10,0.3,10,_vig_blocks.9,0.747558
5,1,8,vig_tiny,cifar10,0.3,11,_vig_blocks.10,0.728597
5,1,8,vig_tiny,cifar10,0.3,12,_vig_blocks.11,0.703164
5,1,8,vig_tiny,cifar10,0.3,13,classifier,0.684970
5,1,9,vig_tiny,cifar10,0.3,0,_vig_stem,0.881587
5,1,9,vig_tiny,cifar10,0.3,1,_vig_blocks.0,0.876115
5,1,9,vig_tiny,cifar10,0.3,2,_vig_blocks.1,0.846325
5,1,9,vig_tiny,cifar10,0.3,3,_vig_blocks.2,0.824335
5,1,9,vig_tiny,cifar10,0.3,4,_vig_blocks.3,0.818532
5,1,9,vig_tiny,cifar10,0.3,5,_vig_blocks.4,0.822619
5,1,9,vig_tiny,cifar10,0.3,6,_vig_blocks.5,0.791450
5,1,9,vig_tiny,cifar10,0.3,7,_vig_blocks.6,0.774739
5,1,9,vig_tiny,cifar10,0.3,8,_vig_blocks.7,0.785623
5,1,9,vig_tiny,cifar10,0.3,9,_vig_blocks.8,0.772884
5,1,9,vig_tiny,cifar10,0.3,10,_vig_blocks.9,0.766727
5,1,9,vig_tiny,cifar10,0.3,11,_vig_blocks.10,0.770486
5,1,9,vig_tiny,cifar10,0.3,12,_vig_blocks.11,0.752976
5,1,9,vig_tiny,cifar10,0.3,13,classifier,0.740132
5,2,3,vig_tiny,cifar10,0.3,0,_vig_stem,0.906756
5,2,3,vig_tiny,cifar10,0.3,1,_vig_blocks.0,0.766984
5,2,3,vig_tiny,cifar10,0.3,2,_vig_blocks.1,0.695983
5,2,3,vig_tiny,cifar10,0.3,3,_vig_blocks.2,0.647985
5,2,3,vig_tiny,cifar10,0.3,4,_vig_blocks.3,0.658090
5,2,3,vig_tiny,cifar10,0.3,5,_vig_blocks.4,0.668429
5,2,3,vig_tiny,cifar10,0.3,6,_vig_blocks.5,0.671358
5,2,3,vig_tiny,cifar10,0.3,7,_vig_blocks.6,0.682810
5,2,3,vig_tiny,cifar10,0.3,8,_vig_blocks.7,0.684709
5,2,3,vig_tiny,cifar10,0.3,9,_vig_blocks.8,0.672744
5,2,3,vig_tiny,cifar10,0.3,10,_vig_blocks.9,0.651803
5,2,3,vig_tiny,cifar10,0.3,11,_vig_blocks.10,0.637121
5,2,3,vig_tiny,cifar10,0.3,12,_vig_blocks.11,0.635166
5,2,3,vig_tiny,cifar10,0.3,13,classifier,0.622345
5,2,4,vig_tiny,cifar10,0.3,0,_vig_stem,0.889633
5,2,4,vig_tiny,cifar10,0.3,1,_vig_blocks.0,0.792828
5,2,4,vig_tiny,cifar10,0.3,2,_vig_blocks.1,0.760376
5,2,4,vig_tiny,cifar10,0.3,3,_vig_blocks.2,0.721028
5,2,4,vig_tiny,cifar10,0.3,4,_vig_blocks.3,0.733993
5,2,4,vig_tiny,cifar10,0.3,5,_vig_blocks.4,0.756590
5,2,4,vig_tiny,cifar10,0.3,6,_vig_blocks.5,0.745987
5,2,4,vig_tiny,cifar10,0.3,7,_vig_blocks.6,0.759575
5,2,4,vig_tiny,cifar10,0.3,8,_vig_blocks.7,0.749178
5,2,4,vig_tiny,cifar10,0.3,9,_vig_blocks.8,0.748709
5,2,4,vig_tiny,cifar10,0.3,10,_vig_blocks.9,0.735901
5,2,4,vig_tiny,cifar10,0.3,11,_vig_blocks.10,0.706808
5,2,4,vig_tiny,cifar10,0.3,12,_vig_blocks.11,0.696743
5,2,4,vig_tiny,cifar10,0.3,13,classifier,0.725276
5,2,5,vig_tiny,cifar10,0.3,0,_vig_stem,0.880289
5,2,5,vig_tiny,cifar10,0.3,1,_vig_blocks.0,0.786582
5,2,5,vig_tiny,cifar10,0.3,2,_vig_blocks.1,0.768287
5,2,5,vig_tiny,cifar10,0.3,3,_vig_blocks.2,0.720172
5,2,5,vig_tiny,cifar10,0.3,4,_vig_blocks.3,0.741893
5,2,5,vig_tiny,cifar10,0.3,5,_vig_blocks.4,0.769828
5,2,5,vig_tiny,cifar10,0.3,6,_vig_blocks.5,0.775180
5,2,5,vig_tiny,cifar10,0.3,7,_vig_blocks.6,0.792058
5,2,5,vig_tiny,cifar10,0.3,8,_vig_blocks.7,0.781823
5,2,5,vig_tiny,cifar10,0.3,9,_vig_blocks.8,0.776224
5,2,5,vig_tiny,cifar10,0.3,10,_vig_blocks.9,0.762483
5,2,5,vig_tiny,cifar10,0.3,11,_vig_blocks.10,0.742842
5,2,5,vig_tiny,cifar10,0.3,12,_vig_blocks.11,0.723620
5,2,5,vig_tiny,cifar10,0.3,13,classifier,0.499070
5,2,6,vig_tiny,cifar10,0.3,0,_vig_stem,0.852365
5,2,6,vig_tiny,cifar10,0.3,1,_vig_blocks.0,0.752198
5,2,6,vig_tiny,cifar10,0.3,2,_vig_blocks.1,0.771026
5,2,6,vig_tiny,cifar10,0.3,3,_vig_blocks.2,0.769493
5,2,6,vig_tiny,cifar10,0.3,4,_vig_blocks.3,0.773772
5,2,6,vig_tiny,cifar10,0.3,5,_vig_blocks.4,0.780633
5,2,6,vig_tiny,cifar10,0.3,6,_vig_blocks.5,0.781902
5,2,6,vig_tiny,cifar10,0.3,7,_vig_blocks.6,0.784551
5,2,6,vig_tiny,cifar10,0.3,8,_vig_blocks.7,0.783020
5,2,6,vig_tiny,cifar10,0.3,9,_vig_blocks.8,0.771876
5,2,6,vig_tiny,cifar10,0.3,10,_vig_blocks.9,0.754375
5,2,6,vig_tiny,cifar10,0.3,11,_vig_blocks.10,0.751940
5,2,6,vig_tiny,cifar10,0.3,12,_vig_blocks.11,0.724609
5,2,6,vig_tiny,cifar10,0.3,13,classifier,0.746539
5,2,7,vig_tiny,cifar10,0.3,0,_vig_stem,0.903064
5,2,7,vig_tiny,cifar10,0.3,1,_vig_blocks.0,0.818660
5,2,7,vig_tiny,cifar10,0.3,2,_vig_blocks.1,0.762332
5,2,7,vig_tiny,cifar10,0.3,3,_vig_blocks.2,0.714957
5,2,7,vig_tiny,cifar10,0.3,4,_vig_blocks.3,0.720733
5,2,7,vig_tiny,cifar10,0.3,5,_vig_blocks.4,0.740205
5,2,7,vig_tiny,cifar10,0.3,6,_vig_blocks.5,0.747036
5,2,7,vig_tiny,cifar10,0.3,7,_vig_blocks.6,0.743947
5,2,7,vig_tiny,cifar10,0.3,8,_vig_blocks.7,0.724700
5,2,7,vig_tiny,cifar10,0.3,9,_vig_blocks.8,0.729220
5,2,7,vig_tiny,cifar10,0.3,10,_vig_blocks.9,0.720239
5,2,7,vig_tiny,cifar10,0.3,11,_vig_blocks.10,0.683843
5,2,7,vig_tiny,cifar10,0.3,12,_vig_blocks.11,0.671207
5,2,7,vig_tiny,cifar10,0.3,13,classifier,0.461445
5,2,8,vig_tiny,cifar10,0.3,0,_vig_stem,0.914575
5,2,8,vig_tiny,cifar10,0.3,1,_vig_blocks.0,0.845163
5,2,8,vig_tiny,cifar10,0.3,2,_vig_blocks.1,0.809296
5,2,8,vig_tiny,cifar10,0.3,3,_vig_blocks.2,0.799590
5,2,8,vig_tiny,cifar10,0.3,4,_vig_blocks.3,0.797067
5,2,8,vig_tiny,cifar10,0.3,5,_vig_blocks.4,0.811330
5,2,8,vig_tiny,cifar10,0.3,6,_vig_blocks.5,0.797876
5,2,8,vig_tiny,cifar10,0.3,7,_vig_blocks.6,0.797286
5,2,8,vig_tiny,cifar10,0.3,8,_vig_blocks.7,0.793398
5,2,8,vig_tiny,cifar10,0.3,9,_vig_blocks.8,0.787380
5,2,8,vig_tiny,cifar10,0.3,10,_vig_blocks.9,0.783663
5,2,8,vig_tiny,cifar10,0.3,11,_vig_blocks.10,0.771344
5,2,8,vig_tiny,cifar10,0.3,12,_vig_blocks.11,0.765839
5,2,8,vig_tiny,cifar10,0.3,13,classifier,0.682060
5,2,9,vig_tiny,cifar10,0.3,0,_vig_stem,0.857985
5,2,9,vig_tiny,cifar10,0.3,1,_vig_blocks.0,0.781018
5,2,9,vig_tiny,cifar10,0.3,2,_vig_blocks.1,0.787780
5,2,9,vig_tiny,cifar10,0.3,3,_vig_blocks.2,0.765015
5,2,9,vig_tiny,cifar10,0.3,4,_vig_blocks.3,0.784308
5,2,9,vig_tiny,cifar10,0.3,5,_vig_blocks.4,0.799682
5,2,9,vig_tiny,cifar10,0.3,6,_vig_blocks.5,0.785024
5,2,9,vig_tiny,cifar10,0.3,7,_vig_blocks.6,0.774783
5,2,9,vig_tiny,cifar10,0.3,8,_vig_blocks.7,0.778162
5,2,9,vig_tiny,cifar10,0.3,9,_vig_blocks.8,0.772124
5,2,9,vig_tiny,cifar10,0.3,10,_vig_blocks.9,0.762476
5,2,9,vig_tiny,cifar10,0.3,11,_vig_blocks.10,0.757037
5,2,9,vig_tiny,cifar10,0.3,12,_vig_blocks.11,0.755495
5,2,9,vig_tiny,cifar10,0.3,13,classifier,0.748254
5,3,4,vig_tiny,cifar10,0.3,0,_vig_stem,0.935689
5,3,4,vig_tiny,cifar10,0.3,1,_vig_blocks.0,0.879125
5,3,4,vig_tiny,cifar10,0.3,2,_vig_blocks.1,0.838562
5,3,4,vig_tiny,cifar10,0.3,3,_vig_blocks.2,0.833489
5,3,4,vig_tiny,cifar10,0.3,4,_vig_blocks.3,0.816384
5,3,4,vig_tiny,cifar10,0.3,5,_vig_blocks.4,0.812937
5,3,4,vig_tiny,cifar10,0.3,6,_vig_blocks.5,0.822338
5,3,4,vig_tiny,cifar10,0.3,7,_vig_blocks.6,0.829881
5,3,4,vig_tiny,cifar10,0.3,8,_vig_blocks.7,0.814824
5,3,4,vig_tiny,cifar10,0.3,9,_vig_blocks.8,0.811051
5,3,4,vig_tiny,cifar10,0.3,10,_vig_blocks.9,0.806133
5,3,4,vig_tiny,cifar10,0.3,11,_vig_blocks.10,0.783755
5,3,4,vig_tiny,cifar10,0.3,12,_vig_blocks.11,0.772515
5,3,4,vig_tiny,cifar10,0.3,13,classifier,0.664324
5,3,5,vig_tiny,cifar10,0.3,0,_vig_stem,0.921971
5,3,5,vig_tiny,cifar10,0.3,1,_vig_blocks.0,0.878137
5,3,5,vig_tiny,cifar10,0.3,2,_vig_blocks.1,0.821009
5,3,5,vig_tiny,cifar10,0.3,3,_vig_blocks.2,0.785285
5,3,5,vig_tiny,cifar10,0.3,4,_vig_blocks.3,0.768726
5,3,5,vig_tiny,cifar10,0.3,5,_vig_blocks.4,0.758979
5,3,5,vig_tiny,cifar10,0.3,6,_vig_blocks.5,0.764281
5,3,5,vig_tiny,cifar10,0.3,7,_vig_blocks.6,0.756681
5,3,5,vig_tiny,cifar10,0.3,8,_vig_blocks.7,0.745172
5,3,5,vig_tiny,cifar10,0.3,9,_vig_blocks.8,0.755054
5,3,5,vig_tiny,cifar10,0.3,10,_vig_blocks.9,0.738623
5,3,5,vig_tiny,cifar10,0.3,11,_vig_blocks.10,0.723664
5,3,5,vig_tiny,cifar10,0.3,12,_vig_blocks.11,0.711341
5,3,5,vig_tiny,cifar10,0.3,13,classifier,0.657663
5,3,6,vig_tiny,cifar10,0.3,0,_vig_stem,0.870256
5,3,6,vig_tiny,cifar10,0.3,1,_vig_blocks.0,0.800685
5,3,6,vig_tiny,cifar10,0.3,2,_vig_blocks.1,0.762299
5,3,6,vig_tiny,cifar10,0.3,3,_vig_blocks.2,0.730255
5,3,6,vig_tiny,cifar10,0.3,4,_vig_blocks.3,0.727868
5,3,6,vig_tiny,cifar10,0.3,5,_vig_blocks.4,0.725951
5,3,6,vig_tiny,cifar10,0.3,6,_vig_blocks.5,0.730097
5,3,6,vig_tiny,cifar10,0.3,7,_vig_blocks.6,0.720918
5,3,6,vig_tiny,cifar10,0.3,8,_vig_blocks.7,0.728510
5,3,6,vig_tiny,cifar10,0.3,9,_vig_blocks.8,0.721367
5,3,6,vig_tiny,cifar10,0.3,10,_vig_blocks.9,0.705876
5,3,6,vig_tiny,cifar10,0.3,11,_vig_blocks.10,0.690015
5,3,6,vig_tiny,cifar10,0.3,12,_vig_blocks.11,0.694714
5,3,6,vig_tiny,cifar10,0.3,13,classifier,0.666707
5,3,7,vig_tiny,cifar10,0.3,0,_vig_stem,0.865464
5,3,7,vig_tiny,cifar10,0.3,1,_vig_blocks.0,0.739279
5,3,7,vig_tiny,cifar10,0.3,2,_vig_blocks.1,0.644480
5,3,7,vig_tiny,cifar10,0.3,3,_vig_blocks.2,0.620775
5,3,7,vig_tiny,cifar10,0.3,4,_vig_blocks.3,0.619583
5,3,7,vig_tiny,cifar10,0.3,5,_vig_blocks.4,0.647139
5,3,7,vig_tiny,cifar10,0.3,6,_vig_blocks.5,0.644942
5,3,7,vig_tiny,cifar10,0.3,7,_vig_blocks.6,0.619500
5,3,7,vig_tiny,cifar10,0.3,8,_vig_blocks.7,0.616839
5,3,7,vig_tiny,cifar10,0.3,9,_vig_blocks.8,0.605686
5,3,7,vig_tiny,cifar10,0.3,10,_vig_blocks.9,0.597511
5,3,7,vig_tiny,cifar10,0.3,11,_vig_blocks.10,0.570712
5,3,7,vig_tiny,cifar10,0.3,12,_vig_blocks.11,0.553187
5,3,7,vig_tiny,cifar10,0.3,13,classifier,0.469026
5,3,8,vig_tiny,cifar10,0.3,0,_vig_stem,0.910056
5,3,8,vig_tiny,cifar10,0.3,1,_vig_blocks.0,0.808500
5,3,8,vig_tiny,cifar10,0.3,2,_vig_blocks.1,0.753911
5,3,8,vig_tiny,cifar10,0.3,3,_vig_blocks.2,0.717082
5,3,8,vig_tiny,cifar10,0.3,4,_vig_blocks.3,0.701111
5,3,8,vig_tiny,cifar10,0.3,5,_vig_blocks.4,0.689487
5,3,8,vig_tiny,cifar10,0.3,6,_vig_blocks.5,0.691863
5,3,8,vig_tiny,cifar10,0.3,7,_vig_blocks.6,0.683961
5,3,8,vig_tiny,cifar10,0.3,8,_vig_blocks.7,0.680927
5,3,8,vig_tiny,cifar10,0.3,9,_vig_blocks.8,0.670668
5,3,8,vig_tiny,cifar10,0.3,10,_vig_blocks.9,0.656018
5,3,8,vig_tiny,cifar10,0.3,11,_vig_blocks.10,0.631180
5,3,8,vig_tiny,cifar10,0.3,12,_vig_blocks.11,0.617606
5,3,8,vig_tiny,cifar10,0.3,13,classifier,0.424442
5,3,9,vig_tiny,cifar10,0.3,0,_vig_stem,0.893605
5,3,9,vig_tiny,cifar10,0.3,1,_vig_blocks.0,0.804812
5,3,9,vig_tiny,cifar10,0.3,2,_vig_blocks.1,0.733817
5,3,9,vig_tiny,cifar10,0.3,3,_vig_blocks.2,0.735898
5,3,9,vig_tiny,cifar10,0.3,4,_vig_blocks.3,0.732511
5,3,9,vig_tiny,cifar10,0.3,5,_vig_blocks.4,0.738094
5,3,9,vig_tiny,cifar10,0.3,6,_vig_blocks.5,0.716783
5,3,9,vig_tiny,cifar10,0.3,7,_vig_blocks.6,0.715986
5,3,9,vig_tiny,cifar10,0.3,8,_vig_blocks.7,0.732104
5,3,9,vig_tiny,cifar10,0.3,9,_vig_blocks.8,0.718452
5,3,9,vig_tiny,cifar10,0.3,10,_vig_blocks.9,0.713250
5,3,9,vig_tiny,cifar10,0.3,11,_vig_blocks.10,0.699819
5,3,9,vig_tiny,cifar10,0.3,12,_vig_blocks.11,0.699920
5,3,9,vig_tiny,cifar10,0.3,13,classifier,0.739150
5,4,5,vig_tiny,cifar10,0.3,0,_vig_stem,0.897112
5,4,5,vig_tiny,cifar10,0.3,1,_vig_blocks.0,0.865698
5,4,5,vig_tiny,cifar10,0.3,2,_vig_blocks.1,0.862294
5,4,5,vig_tiny,cifar10,0.3,3,_vig_blocks.2,0.855088
5,4,5,vig_tiny,cifar10,0.3,4,_vig_blocks.3,0.856357
5,4,5,vig_tiny,cifar10,0.3,5,_vig_blocks.4,0.858559
5,4,5,vig_tiny,cifar10,0.3,6,_vig_blocks.5,0.857676
5,4,5,vig_tiny,cifar10,0.3,7,_vig_blocks.6,0.852897
5,4,5,vig_tiny,cifar10,0.3,8,_vig_blocks.7,0.834859
5,4,5,vig_tiny,cifar10,0.3,9,_vig_blocks.8,0.834141
5,4,5,vig_tiny,cifar10,0.3,10,_vig_blocks.9,0.839308
5,4,5,vig_tiny,cifar10,0.3,11,_vig_blocks.10,0.819433
5,4,5,vig_tiny,cifar10,0.3,12,_vig_blocks.11,0.809829
5,4,5,vig_tiny,cifar10,0.3,13,classifier,0.609574
5,4,6,vig_tiny,cifar10,0.3,0,_vig_stem,0.909784
5,4,6,vig_tiny,cifar10,0.3,1,_vig_blocks.0,0.838013
5,4,6,vig_tiny,cifar10,0.3,2,_vig_blocks.1,0.858056
5,4,6,vig_tiny,cifar10,0.3,3,_vig_blocks.2,0.824719
5,4,6,vig_tiny,cifar10,0.3,4,_vig_blocks.3,0.811186
5,4,6,vig_tiny,cifar10,0.3,5,_vig_blocks.4,0.800685
5,4,6,vig_tiny,cifar10,0.3,6,_vig_blocks.5,0.810839
5,4,6,vig_tiny,cifar10,0.3,7,_vig_blocks.6,0.814477
5,4,6,vig_tiny,cifar10,0.3,8,_vig_blocks.7,0.815921
5,4,6,vig_tiny,cifar10,0.3,9,_vig_blocks.8,0.809646
5,4,6,vig_tiny,cifar10,0.3,10,_vig_blocks.9,0.792001
5,4,6,vig_tiny,cifar10,0.3,11,_vig_blocks.10,0.769071
5,4,6,vig_tiny,cifar10,0.3,12,_vig_blocks.11,0.757385
5,4,6,vig_tiny,cifar10,0.3,13,classifier,0.757702
5,4,7,vig_tiny,cifar10,0.3,0,_vig_stem,0.873710
5,4,7,vig_tiny,cifar10,0.3,1,_vig_blocks.0,0.795203
5,4,7,vig_tiny,cifar10,0.3,2,_vig_blocks.1,0.761074
5,4,7,vig_tiny,cifar10,0.3,3,_vig_blocks.2,0.756427
5,4,7,vig_tiny,cifar10,0.3,4,_vig_blocks.3,0.776315
5,4,7,vig_tiny,cifar10,0.3,5,_vig_blocks.4,0.791356
5,4,7,vig_tiny,cifar10,0.3,6,_vig_blocks.5,0.791315
5,4,7,vig_tiny,cifar10,0.3,7,_vig_blocks.6,0.777735
5,4,7,vig_tiny,cifar10,0.3,8,_vig_blocks.7,0.770241
5,4,7,vig_tiny,cifar10,0.3,9,_vig_blocks.8,0.765160
5,4,7,vig_tiny,cifar10,0.3,10,_vig_blocks.9,0.762677
5,4,7,vig_tiny,cifar10,0.3,11,_vig_blocks.10,0.753242
5,4,7,vig_tiny,cifar10,0.3,12,_vig_blocks.11,0.737788
5,4,7,vig_tiny,cifar10,0.3,13,classifier,0.598144
5,4,8,vig_tiny,cifar10,0.3,0,_vig_stem,0.899139
5,4,8,vig_tiny,cifar10,0.3,1,_vig_blocks.0,0.874733
5,4,8,vig_tiny,cifar10,0.3,2,_vig_blocks.1,0.865146
5,4,8,vig_tiny,cifar10,0.3,3,_vig_blocks.2,0.853559
5,4,8,vig_tiny,cifar10,0.3,4,_vig_blocks.3,0.852905
5,4,8,vig_tiny,cifar10,0.3,5,_vig_blocks.4,0.849922
5,4,8,vig_tiny,cifar10,0.3,6,_vig_blocks.5,0.848654
5,4,8,vig_tiny,cifar10,0.3,7,_vig_blocks.6,0.831458
5,4,8,vig_tiny,cifar10,0.3,8,_vig_blocks.7,0.827613
5,4,8,vig_tiny,cifar10,0.3,9,_vig_blocks.8,0.818125
5,4,8,vig_tiny,cifar10,0.3,10,_vig_blocks.9,0.789992
5,4,8,vig_tiny,cifar10,0.3,11,_vig_blocks.10,0.761955
5,4,8,vig_tiny,cifar10,0.3,12,_vig_blocks.11,0.744016
5,4,8,vig_tiny,cifar10,0.3,13,classifier,0.677699
5,4,9,vig_tiny,cifar10,0.3,0,_vig_stem,0.924274
5,4,9,vig_tiny,cifar10,0.3,1,_vig_blocks.0,0.872374
5,4,9,vig_tiny,cifar10,0.3,2,_vig_blocks.1,0.829057
5,4,9,vig_tiny,cifar10,0.3,3,_vig_blocks.2,0.819741
5,4,9,vig_tiny,cifar10,0.3,4,_vig_blocks.3,0.820461
5,4,9,vig_tiny,cifar10,0.3,5,_vig_blocks.4,0.817418
5,4,9,vig_tiny,cifar10,0.3,6,_vig_blocks.5,0.803137
5,4,9,vig_tiny,cifar10,0.3,7,_vig_blocks.6,0.799543
5,4,9,vig_tiny,cifar10,0.3,8,_vig_blocks.7,0.800600
5,4,9,vig_tiny,cifar10,0.3,9,_vig_blocks.8,0.794237
5,4,9,vig_tiny,cifar10,0.3,10,_vig_blocks.9,0.784843
5,4,9,vig_tiny,cifar10,0.3,11,_vig_blocks.10,0.779724
5,4,9,vig_tiny,cifar10,0.3,12,_vig_blocks.11,0.756954
5,4,9,vig_tiny,cifar10,0.3,13,classifier,0.778768
5,5,6,vig_tiny,cifar10,0.3,0,_vig_stem,0.854935
5,5,6,vig_tiny,cifar10,0.3,1,_vig_blocks.0,0.795311
5,5,6,vig_tiny,cifar10,0.3,2,_vig_blocks.1,0.771621
5,5,6,vig_tiny,cifar10,0.3,3,_vig_blocks.2,0.735653
5,5,6,vig_tiny,cifar10,0.3,4,_vig_blocks.3,0.732593
5,5,6,vig_tiny,cifar10,0.3,5,_vig_blocks.4,0.730434
5,5,6,vig_tiny,cifar10,0.3,6,_vig_blocks.5,0.745821
5,5,6,vig_tiny,cifar10,0.3,7,_vig_blocks.6,0.748688
5,5,6,vig_tiny,cifar10,0.3,8,_vig_blocks.7,0.744225
5,5,6,vig_tiny,cifar10,0.3,9,_vig_blocks.8,0.742667
5,5,6,vig_tiny,cifar10,0.3,10,_vig_blocks.9,0.731100
5,5,6,vig_tiny,cifar10,0.3,11,_vig_blocks.10,0.720373
5,5,6,vig_tiny,cifar10,0.3,12,_vig_blocks.11,0.707721
5,5,6,vig_tiny,cifar10,0.3,13,classifier,0.603548
5,5,7,vig_tiny,cifar10,0.3,0,_vig_stem,0.862128
5,5,7,vig_tiny,cifar10,0.3,1,_vig_blocks.0,0.790695
5,5,7,vig_tiny,cifar10,0.3,2,_vig_blocks.1,0.780285
5,5,7,vig_tiny,cifar10,0.3,3,_vig_blocks.2,0.789197
5,5,7,vig_tiny,cifar10,0.3,4,_vig_blocks.3,0.805115
5,5,7,vig_tiny,cifar10,0.3,5,_vig_blocks.4,0.820323
5,5,7,vig_tiny,cifar10,0.3,6,_vig_blocks.5,0.814265
5,5,7,vig_tiny,cifar10,0.3,7,_vig_blocks.6,0.796765
5,5,7,vig_tiny,cifar10,0.3,8,_vig_blocks.7,0.792117
5,5,7,vig_tiny,cifar10,0.3,9,_vig_blocks.8,0.777658
5,5,7,vig_tiny,cifar10,0.3,10,_vig_blocks.9,0.778971
5,5,7,vig_tiny,cifar10,0.3,11,_vig_blocks.10,0.758266
5,5,7,vig_tiny,cifar10,0.3,12,_vig_blocks.11,0.741713
5,5,7,vig_tiny,cifar10,0.3,13,classifier,0.469690
5,5,8,vig_tiny,cifar10,0.3,0,_vig_stem,0.900848
5,5,8,vig_tiny,cifar10,0.3,1,_vig_blocks.0,0.811939
5,5,8,vig_tiny,cifar10,0.3,2,_vig_blocks.1,0.842221
5,5,8,vig_tiny,cifar10,0.3,3,_vig_blocks.2,0.818944
5,5,8,vig_tiny,cifar10,0.3,4,_vig_blocks.3,0.814439
5,5,8,vig_tiny,cifar10,0.3,5,_vig_blocks.4,0.820285
5,5,8,vig_tiny,cifar10,0.3,6,_vig_blocks.5,0.817178
5,5,8,vig_tiny,cifar10,0.3,7,_vig_blocks.6,0.801210
5,5,8,vig_tiny,cifar10,0.3,8,_vig_blocks.7,0.784277
5,5,8,vig_tiny,cifar10,0.3,9,_vig_blocks.8,0.760825
5,5,8,vig_tiny,cifar10,0.3,10,_vig_blocks.9,0.759779
5,5,8,vig_tiny,cifar10,0.3,11,_vig_blocks.10,0.730161
5,5,8,vig_tiny,cifar10,0.3,12,_vig_blocks.11,0.701539
5,5,8,vig_tiny,cifar10,0.3,13,classifier,0.388517
5,5,9,vig_tiny,cifar10,0.3,0,_vig_stem,0.857610
5,5,9,vig_tiny,cifar10,0.3,1,_vig_blocks.0,0.789695
5,5,9,vig_tiny,cifar10,0.3,2,_vig_blocks.1,0.771043
5,5,9,vig_tiny,cifar10,0.3,3,_vig_blocks.2,0.755325
5,5,9,vig_tiny,cifar10,0.3,4,_vig_blocks.3,0.769426
5,5,9,vig_tiny,cifar10,0.3,5,_vig_blocks.4,0.776136
5,5,9,vig_tiny,cifar10,0.3,6,_vig_blocks.5,0.765985
5,5,9,vig_tiny,cifar10,0.3,7,_vig_blocks.6,0.757343
5,5,9,vig_tiny,cifar10,0.3,8,_vig_blocks.7,0.757368
5,5,9,vig_tiny,cifar10,0.3,9,_vig_blocks.8,0.752163
5,5,9,vig_tiny,cifar10,0.3,10,_vig_blocks.9,0.755299
5,5,9,vig_tiny,cifar10,0.3,11,_vig_blocks.10,0.742995
5,5,9,vig_tiny,cifar10,0.3,12,_vig_blocks.11,0.708172
5,5,9,vig_tiny,cifar10,0.3,13,classifier,0.573179
5,6,7,vig_tiny,cifar10,0.3,0,_vig_stem,0.834468
5,6,7,vig_tiny,cifar10,0.3,1,_vig_blocks.0,0.755176
5,6,7,vig_tiny,cifar10,0.3,2,_vig_blocks.1,0.727494
5,6,7,vig_tiny,cifar10,0.3,3,_vig_blocks.2,0.699634
5,6,7,vig_tiny,cifar10,0.3,4,_vig_blocks.3,0.698827
5,6,7,vig_tiny,cifar10,0.3,5,_vig_blocks.4,0.708477
5,6,7,vig_tiny,cifar10,0.3,6,_vig_blocks.5,0.718533
5,6,7,vig_tiny,cifar10,0.3,7,_vig_blocks.6,0.722892
5,6,7,vig_tiny,cifar10,0.3,8,_vig_blocks.7,0.714310
5,6,7,vig_tiny,cifar10,0.3,9,_vig_blocks.8,0.716874
5,6,7,vig_tiny,cifar10,0.3,10,_vig_blocks.9,0.699610
5,6,7,vig_tiny,cifar10,0.3,11,_vig_blocks.10,0.668192
5,6,7,vig_tiny,cifar10,0.3,12,_vig_blocks.11,0.641492
5,6,7,vig_tiny,cifar10,0.3,13,classifier,0.531942
5,6,8,vig_tiny,cifar10,0.3,0,_vig_stem,0.819692
5,6,8,vig_tiny,cifar10,0.3,1,_vig_blocks.0,0.738525
5,6,8,vig_tiny,cifar10,0.3,2,_vig_blocks.1,0.777179
5,6,8,vig_tiny,cifar10,0.3,3,_vig_blocks.2,0.775616
5,6,8,vig_tiny,cifar10,0.3,4,_vig_blocks.3,0.763453
5,6,8,vig_tiny,cifar10,0.3,5,_vig_blocks.4,0.760674
5,6,8,vig_tiny,cifar10,0.3,6,_vig_blocks.5,0.753371
5,6,8,vig_tiny,cifar10,0.3,7,_vig_blocks.6,0.743368
5,6,8,vig_tiny,cifar10,0.3,8,_vig_blocks.7,0.745695
5,6,8,vig_tiny,cifar10,0.3,9,_vig_blocks.8,0.741029
5,6,8,vig_tiny,cifar10,0.3,10,_vig_blocks.9,0.728737
5,6,8,vig_tiny,cifar10,0.3,11,_vig_blocks.10,0.713270
5,6,8,vig_tiny,cifar10,0.3,12,_vig_blocks.11,0.688144
5,6,8,vig_tiny,cifar10,0.3,13,classifier,0.590683
5,6,9,vig_tiny,cifar10,0.3,0,_vig_stem,0.890037
5,6,9,vig_tiny,cifar10,0.3,1,_vig_blocks.0,0.856151
5,6,9,vig_tiny,cifar10,0.3,2,_vig_blocks.1,0.843427
5,6,9,vig_tiny,cifar10,0.3,3,_vig_blocks.2,0.828063
5,6,9,vig_tiny,cifar10,0.3,4,_vig_blocks.3,0.821687
5,6,9,vig_tiny,cifar10,0.3,5,_vig_blocks.4,0.809561
5,6,9,vig_tiny,cifar10,0.3,6,_vig_blocks.5,0.794096
5,6,9,vig_tiny,cifar10,0.3,7,_vig_blocks.6,0.778996
5,6,9,vig_tiny,cifar10,0.3,8,_vig_blocks.7,0.776312
5,6,9,vig_tiny,cifar10,0.3,9,_vig_blocks.8,0.763476
5,6,9,vig_tiny,cifar10,0.3,10,_vig_blocks.9,0.753227
5,6,9,vig_tiny,cifar10,0.3,11,_vig_blocks.10,0.754880
5,6,9,vig_tiny,cifar10,0.3,12,_vig_blocks.11,0.744299
5,6,9,vig_tiny,cifar10,0.3,13,classifier,0.691016
5,7,8,vig_tiny,cifar10,0.3,0,_vig_stem,0.870599
5,7,8,vig_tiny,cifar10,0.3,1,_vig_blocks.0,0.812465
5,7,8,vig_tiny,cifar10,0.3,2,_vig_blocks.1,0.795411
5,7,8,vig_tiny,cifar10,0.3,3,_vig_blocks.2,0.783051
5,7,8,vig_tiny,cifar10,0.3,4,_vig_blocks.3,0.775953
5,7,8,vig_tiny,cifar10,0.3,5,_vig_blocks.4,0.776189
5,7,8,vig_tiny,cifar10,0.3,6,_vig_blocks.5,0.776733
5,7,8,vig_tiny,cifar10,0.3,7,_vig_blocks.6,0.762503
5,7,8,vig_tiny,cifar10,0.3,8,_vig_blocks.7,0.747697
5,7,8,vig_tiny,cifar10,0.3,9,_vig_blocks.8,0.739402
5,7,8,vig_tiny,cifar10,0.3,10,_vig_blocks.9,0.722856
5,7,8,vig_tiny,cifar10,0.3,11,_vig_blocks.10,0.687478
5,7,8,vig_tiny,cifar10,0.3,12,_vig_blocks.11,0.653079
5,7,8,vig_tiny,cifar10,0.3,13,classifier,0.441129
5,7,9,vig_tiny,cifar10,0.3,0,_vig_stem,0.857298
5,7,9,vig_tiny,cifar10,0.3,1,_vig_blocks.0,0.812409
5,7,9,vig_tiny,cifar10,0.3,2,_vig_blocks.1,0.767083
5,7,9,vig_tiny,cifar10,0.3,3,_vig_blocks.2,0.734092
5,7,9,vig_tiny,cifar10,0.3,4,_vig_blocks.3,0.750929
5,7,9,vig_tiny,cifar10,0.3,5,_vig_blocks.4,0.764715
5,7,9,vig_tiny,cifar10,0.3,6,_vig_blocks.5,0.756030
5,7,9,vig_tiny,cifar10,0.3,7,_vig_blocks.6,0.741679
5,7,9,vig_tiny,cifar10,0.3,8,_vig_blocks.7,0.743884
5,7,9,vig_tiny,cifar10,0.3,9,_vig_blocks.8,0.740948
5,7,9,vig_tiny,cifar10,0.3,10,_vig_blocks.9,0.729134
5,7,9,vig_tiny,cifar10,0.3,11,_vig_blocks.10,0.707134
5,7,9,vig_tiny,cifar10,0.3,12,_vig_blocks.11,0.661995
5,7,9,vig_tiny,cifar10,0.3,13,classifier,0.567701
5,8,9,vig_tiny,cifar10,0.3,0,_vig_stem,0.888704
5,8,9,vig_tiny,cifar10,0.3,1,_vig_blocks.0,0.843085
5,8,9,vig_tiny,cifar10,0.3,2,_vig_blocks.1,0.823551
5,8,9,vig_tiny,cifar10,0.3,3,_vig_blocks.2,0.828039
5,8,9,vig_tiny,cifar10,0.3,4,_vig_blocks.3,0.837468
5,8,9,vig_tiny,cifar10,0.3,5,_vig_blocks.4,0.833807
5,8,9,vig_tiny,cifar10,0.3,6,_vig_blocks.5,0.825155
5,8,9,vig_tiny,cifar10,0.3,7,_vig_blocks.6,0.800039
5,8,9,vig_tiny,cifar10,0.3,8,_vig_blocks.7,0.794803
5,8,9,vig_tiny,cifar10,0.3,9,_vig_blocks.8,0.791298
5,8,9,vig_tiny,cifar10,0.3,10,_vig_blocks.9,0.781979
5,8,9,vig_tiny,cifar10,0.3,11,_vig_blocks.10,0.774487
5,8,9,vig_tiny,cifar10,0.3,12,_vig_blocks.11,0.755890
5,8,9,vig_tiny,cifar10,0.3,13,classifier,0.653743
10,0,1,vig_tiny,cifar10,0.3,0,_vig_stem,0.866900
10,0,1,vig_tiny,cifar10,0.3,1,_vig_blocks.0,0.808256
10,0,1,vig_tiny,cifar10,0.3,2,_vig_blocks.1,0.763630
10,0,1,vig_tiny,cifar10,0.3,3,_vig_blocks.2,0.751050
10,0,1,vig_tiny,cifar10,0.3,4,_vig_blocks.3,0.752360
10,0,1,vig_tiny,cifar10,0.3,5,_vig_blocks.4,0.764889
10,0,1,vig_tiny,cifar10,0.3,6,_vig_blocks.5,0.769879
10,0,1,vig_tiny,cifar10,0.3,7,_vig_blocks.6,0.758052
10,0,1,vig_tiny,cifar10,0.3,8,_vig_blocks.7,0.747734
10,0,1,vig_tiny,cifar10,0.3,9,_vig_blocks.8,0.754063
10,0,1,vig_tiny,cifar10,0.3,10,_vig_blocks.9,0.752975
10,0,1,vig_tiny,cifar10,0.3,11,_vig_blocks.10,0.751992
10,0,1,vig_tiny,cifar10,0.3,12,_vig_blocks.11,0.718709
10,0,1,vig_tiny,cifar10,0.3,13,classifier,0.705826
10,0,2,vig_tiny,cifar10,0.3,0,_vig_stem,0.832061
10,0,2,vig_tiny,cifar10,0.3,1,_vig_blocks.0,0.703539
10,0,2,vig_tiny,cifar10,0.3,2,_vig_blocks.1,0.632800
10,0,2,vig_tiny,cifar10,0.3,3,_vig_blocks.2,0.585449
10,0,2,vig_tiny,cifar10,0.3,4,_vig_blocks.3,0.576528
10,0,2,vig_tiny,cifar10,0.3,5,_vig_blocks.4,0.591808
10,0,2,vig_tiny,cifar10,0.3,6,_vig_blocks.5,0.596927
10,0,2,vig_tiny,cifar10,0.3,7,_vig_blocks.6,0.570283
10,0,2,vig_tiny,cifar10,0.3,8,_vig_blocks.7,0.561125
10,0,2,vig_tiny,cifar10,0.3,9,_vig_blocks.8,0.562240
10,0,2,vig_tiny,cifar10,0.3,10,_vig_blocks.9,0.563171
10,0,2,vig_tiny,cifar10,0.3,11,_vig_blocks.10,0.565090
10,0,2,vig_tiny,cifar10,0.3,12,_vig_blocks.11,0.538054
10,0,2,vig_tiny,cifar10,0.3,13,classifier,0.647854
10,0,3,vig_tiny,cifar10,0.3,0,_vig_stem,0.900906
10,0,3,vig_tiny,cifar10,0.3,1,_vig_blocks.0,0.857641
10,0,3,vig_tiny,cifar10,0.3,2,_vig_blocks.1,0.800078
10,0,3,vig_tiny,cifar10,0.3,3,_vig_blocks.2,0.790740
10,0,3,vig_tiny,cifar10,0.3,4,_vig_blocks.3,0.776887
10,0,3,vig_tiny,cifar10,0.3,5,_vig_blocks.4,0.775818
10,0,3,vig_tiny,cifar10,0.3,6,_vig_blocks.5,0.760512
10,0,3,vig_tiny,cifar10,0.3,7,_vig_blocks.6,0.728851
10,0,3,vig_tiny,cifar10,0.3,8,_vig_blocks.7,0.709717
10,0,3,vig_tiny,cifar10,0.3,9,_vig_blocks.8,0.716494
10,0,3,vig_tiny,cifar10,0.3,10,_vig_blocks.9,0.696961
10,0,3,vig_tiny,cifar10,0.3,11,_vig_blocks.10,0.682874
10,0,3,vig_tiny,cifar10,0.3,12,_vig_blocks.11,0.649148
10,0,3,vig_tiny,cifar10,0.3,13,classifier,0.436099
10,0,4,vig_tiny,cifar10,0.3,0,_vig_stem,0.888270
10,0,4,vig_tiny,cifar10,0.3,1,_vig_blocks.0,0.846297
10,0,4,vig_tiny,cifar10,0.3,2,_vig_blocks.1,0.792545
10,0,4,vig_tiny,cifar10,0.3,3,_vig_blocks.2,0.791026
10,0,4,vig_tiny,cifar10,0.3,4,_vig_blocks.3,0.774474
10,0,4,vig_tiny,cifar10,0.3,5,_vig_blocks.4,0.775949
10,0,4,vig_tiny,cifar10,0.3,6,_vig_blocks.5,0.771350
10,0,4,vig_tiny,cifar10,0.3,7,_vig_blocks.6,0.766215
10,0,4,vig_tiny,cifar10,0.3,8,_vig_blocks.7,0.780605
10,0,4,vig_tiny,cifar10,0.3,9,_vig_blocks.8,0.777138
10,0,4,vig_tiny,cifar10,0.3,10,_vig_blocks.9,0.762498
10,0,4,vig_tiny,cifar10,0.3,11,_vig_blocks.10,0.744929
10,0,4,vig_tiny,cifar10,0.3,12,_vig_blocks.11,0.703452
10,0,4,vig_tiny,cifar10,0.3,13,classifier,0.672208
10,0,5,vig_tiny,cifar10,0.3,0,_vig_stem,0.835981
10,0,5,vig_tiny,cifar10,0.3,1,_vig_blocks.0,0.798728
10,0,5,vig_tiny,cifar10,0.3,2,_vig_blocks.1,0.723876
10,0,5,vig_tiny,cifar10,0.3,3,_vig_blocks.2,0.699601
10,0,5,vig_tiny,cifar10,0.3,4,_vig_blocks.3,0.686704
10,0,5,vig_tiny,cifar10,0.3,5,_vig_blocks.4,0.676458
10,0,5,vig_tiny,cifar10,0.3,6,_vig_blocks.5,0.669131
10,0,5,vig_tiny,cifar10,0.3,7,_vig_blocks.6,0.614985
10,0,5,vig_tiny,cifar10,0.3,8,_vig_blocks.7,0.604817
10,0,5,vig_tiny,cifar10,0.3,9,_vig_blocks.8,0.595613
10,0,5,vig_tiny,cifar10,0.3,10,_vig_blocks.9,0.602543
10,0,5,vig_tiny,cifar10,0.3,11,_vig_blocks.10,0.591908
10,0,5,vig_tiny,cifar10,0.3,12,_vig_blocks.11,0.566098
10,0,5,vig_tiny,cifar10,0.3,13,classifier,0.373258
10,0,6,vig_tiny,cifar10,0.3,0,_vig_stem,0.825429
10,0,6,vig_tiny,cifar10,0.3,1,_vig_blocks.0,0.786474
10,0,6,vig_tiny,cifar10,0.3,2,_vig_blocks.1,0.766848
10,0,6,vig_tiny,cifar10,0.3,3,_vig_blocks.2,0.753285
10,0,6,vig_tiny,cifar10,0.3,4,_vig_blocks.3,0.758468
10,0,6,vig_tiny,cifar10,0.3,5,_vig_blocks.4,0.774280
10,0,6,vig_tiny,cifar10,0.3,6,_vig_blocks.5,0.776463
10,0,6,vig_tiny,cifar10,0.3,7,_vig_blocks.6,0.789483
10,0,6,vig_tiny,cifar10,0.3,8,_vig_blocks.7,0.791691
10,0,6,vig_tiny,cifar10,0.3,9,_vig_blocks.8,0.776993
10,0,6,vig_tiny,cifar10,0.3,10,_vig_blocks.9,0.764027
10,0,6,vig_tiny,cifar10,0.3,11,_vig_blocks.10,0.747789
10,0,6,vig_tiny,cifar10,0.3,12,_vig_blocks.11,0.708581
10,0,6,vig_tiny,cifar10,0.3,13,classifier,0.668984
10,0,7,vig_tiny,cifar10,0.3,0,_vig_stem,0.871291
10,0,7,vig_tiny,cifar10,0.3,1,_vig_blocks.0,0.794741
10,0,7,vig_tiny,cifar10,0.3,2,_vig_blocks.1,0.756246
10,0,7,vig_tiny,cifar10,0.3,3,_vig_blocks.2,0.730805
10,0,7,vig_tiny,cifar10,0.3,4,_vig_blocks.3,0.730468
10,0,7,vig_tiny,cifar10,0.3,5,_vig_blocks.4,0.738173
10,0,7,vig_tiny,cifar10,0.3,6,_vig_blocks.5,0.718660
10,0,7,vig_tiny,cifar10,0.3,7,_vig_blocks.6,0.670771
10,0,7,vig_tiny,cifar10,0.3,8,_vig_blocks.7,0.679255
10,0,7,vig_tiny,cifar10,0.3,9,_vig_blocks.8,0.667301
10,0,7,vig_tiny,cifar10,0.3,10,_vig_blocks.9,0.648283
10,0,7,vig_tiny,cifar10,0.3,11,_vig_blocks.10,0.630357
10,0,7,vig_tiny,cifar10,0.3,12,_vig_blocks.11,0.587135
10,0,7,vig_tiny,cifar10,0.3,13,classifier,0.388564
10,0,8,vig_tiny,cifar10,0.3,0,_vig_stem,0.866803
10,0,8,vig_tiny,cifar10,0.3,1,_vig_blocks.0,0.811231
10,0,8,vig_tiny,cifar10,0.3,2,_vig_blocks.1,0.759973
10,0,8,vig_tiny,cifar10,0.3,3,_vig_blocks.2,0.774715
10,0,8,vig_tiny,cifar10,0.3,4,_vig_blocks.3,0.777194
10,0,8,vig_tiny,cifar10,0.3,5,_vig_blocks.4,0.790179
10,0,8,vig_tiny,cifar10,0.3,6,_vig_blocks.5,0.780518
10,0,8,vig_tiny,cifar10,0.3,7,_vig_blocks.6,0.791479
10,0,8,vig_tiny,cifar10,0.3,8,_vig_blocks.7,0.807814
10,0,8,vig_tiny,cifar10,0.3,9,_vig_blocks.8,0.797338
10,0,8,vig_tiny,cifar10,0.3,10,_vig_blocks.9,0.796005
10,0,8,vig_tiny,cifar10,0.3,11,_vig_blocks.10,0.793356
10,0,8,vig_tiny,cifar10,0.3,12,_vig_blocks.11,0.761863
10,0,8,vig_tiny,cifar10,0.3,13,classifier,0.750447
10,0,9,vig_tiny,cifar10,0.3,0,_vig_stem,0.851170
10,0,9,vig_tiny,cifar10,0.3,1,_vig_blocks.0,0.819921
10,0,9,vig_tiny,cifar10,0.3,2,_vig_blocks.1,0.792706
10,0,9,vig_tiny,cifar10,0.3,3,_vig_blocks.2,0.785468
10,0,9,vig_tiny,cifar10,0.3,4,_vig_blocks.3,0.792900
10,0,9,vig_tiny,cifar10,0.3,5,_vig_blocks.4,0.820207
10,0,9,vig_tiny,cifar10,0.3,6,_vig_blocks.5,0.796452
10,0,9,vig_tiny,cifar10,0.3,7,_vig_blocks.6,0.772315
10,0,9,vig_tiny,cifar10,0.3,8,_vig_blocks.7,0.778238
10,0,9,vig_tiny,cifar10,0.3,9,_vig_blocks.8,0.761946
10,0,9,vig_tiny,cifar10,0.3,10,_vig_blocks.9,0.737717
10,0,9,vig_tiny,cifar10,0.3,11,_vig_blocks.10,0.725216
10,0,9,vig_tiny,cifar10,0.3,12,_vig_blocks.11,0.701536
10,0,9,vig_tiny,cifar10,0.3,13,classifier,0.646460
10,1,2,vig_tiny,cifar10,0.3,0,_vig_stem,0.912984
10,1,2,vig_tiny,cifar10,0.3,1,_vig_blocks.0,0.846150
10,1,2,vig_tiny,cifar10,0.3,2,_vig_blocks.1,0.802306
10,1,2,vig_tiny,cifar10,0.3,3,_vig_blocks.2,0.797698
10,1,2,vig_tiny,cifar10,0.3,4,_vig_blocks.3,0.795545
10,1,2,vig_tiny,cifar10,0.3,5,_vig_blocks.4,0.785165
10,1,2,vig_tiny,cifar10,0.3,6,_vig_blocks.5,0.778714
10,1,2,vig_tiny,cifar10,0.3,7,_vig_blocks.6,0.755975
10,1,2,vig_tiny,cifar10,0.3,8,_vig_blocks.7,0.755509
10,1,2,vig_tiny,cifar10,0.3,9,_vig_blocks.8,0.751821
10,1,2,vig_tiny,cifar10,0.3,10,_vig_blocks.9,0.752637
10,1,2,vig_tiny,cifar10,0.3,11,_vig_blocks.10,0.747948
10,1,2,vig_tiny,cifar10,0.3,12,_vig_blocks.11,0.717081
10,1,2,vig_tiny,cifar10,0.3,13,classifier,0.681311
10,1,3,vig_tiny,cifar10,0.3,0,_vig_stem,0.941276
10,1,3,vig_tiny,cifar10,0.3,1,_vig_blocks.0,0.862468
10,1,3,vig_tiny,cifar10,0.3,2,_vig_blocks.1,0.829605
10,1,3,vig_tiny,cifar10,0.3,3,_vig_blocks.2,0.814689
10,1,3,vig_tiny,cifar10,0.3,4,_vig_blocks.3,0.801033
10,1,3,vig_tiny,cifar10,0.3,5,_vig_blocks.4,0.815557
10,1,3,vig_tiny,cifar10,0.3,6,_vig_blocks.5,0.818519
10,1,3,vig_tiny,cifar10,0.3,7,_vig_blocks.6,0.795423
10,1,3,vig_tiny,cifar10,0.3,8,_vig_blocks.7,0.797721
10,1,3,vig_tiny,cifar10,0.3,9,_vig_blocks.8,0.777796
10,1,3,vig_tiny,cifar10,0.3,10,_vig_blocks.9,0.750790
10,1,3,vig_tiny,cifar10,0.3,11,_vig_blocks.10,0.736518
10,1,3,vig_tiny,cifar10,0.3,12,_vig_blocks.11,0.718346
10,1,3,vig_tiny,cifar10,0.3,13,classifier,0.636393
10,1,4,vig_tiny,cifar10,0.3,0,_vig_stem,0.932837
10,1,4,vig_tiny,cifar10,0.3,1,_vig_blocks.0,0.876994
10,1,4,vig_tiny,cifar10,0.3,2,_vig_blocks.1,0.839565
10,1,4,vig_tiny,cifar10,0.3,3,_vig_blocks.2,0.833624
10,1,4,vig_tiny,cifar10,0.3,4,_vig_blocks.3,0.827383
10,1,4,vig_tiny,cifar10,0.3,5,_vig_blocks.4,0.831183
10,1,4,vig_tiny,cifar10,0.3,6,_vig_blocks.5,0.829571
10,1,4,vig_tiny,cifar10,0.3,7,_vig_blocks.6,0.828632
10,1,4,vig_tiny,cifar10,0.3,8,_vig_blocks.7,0.823576
10,1,4,vig_tiny,cifar10,0.3,9,_vig_blocks.8,0.812286
10,1,4,vig_tiny,cifar10,0.3,10,_vig_blocks.9,0.785110
10,1,4,vig_tiny,cifar10,0.3,11,_vig_blocks.10,0.778232
10,1,4,vig_tiny,cifar10,0.3,12,_vig_blocks.11,0.751892
10,1,4,vig_tiny,cifar10,0.3,13,classifier,0.818929
10,1,5,vig_tiny,cifar10,0.3,0,_vig_stem,0.933891
10,1,5,vig_tiny,cifar10,0.3,1,_vig_blocks.0,0.899329
10,1,5,vig_tiny,cifar10,0.3,2,_vig_blocks.1,0.853800
10,1,5,vig_tiny,cifar10,0.3,3,_vig_blocks.2,0.840378
10,1,5,vig_tiny,cifar10,0.3,4,_vig_blocks.3,0.827158
10,1,5,vig_tiny,cifar10,0.3,5,_vig_blocks.4,0.816517
10,1,5,vig_tiny,cifar10,0.3,6,_vig_blocks.5,0.801304
10,1,5,vig_tiny,cifar10,0.3,7,_vig_blocks.6,0.775708
10,1,5,vig_tiny,cifar10,0.3,8,_vig_blocks.7,0.773521
10,1,5,vig_tiny,cifar10,0.3,9,_vig_blocks.8,0.764894
10,1,5,vig_tiny,cifar10,0.3,10,_vig_blocks.9,0.746583
10,1,5,vig_tiny,cifar10,0.3,11,_vig_blocks.10,0.727375
10,1,5,vig_tiny,cifar10,0.3,12,_vig_blocks.11,0.713446
10,1,5,vig_tiny,cifar10,0.3,13,classifier,0.613204
10,1,6,vig_tiny,cifar10,0.3,0,_vig_stem,0.905334
10,1,6,vig_tiny,cifar10,0.3,1,_vig_blocks.0,0.808127
10,1,6,vig_tiny,cifar10,0.3,2,_vig_blocks.1,0.790726
10,1,6,vig_tiny,cifar10,0.3,3,_vig_blocks.2,0.780017
10,1,6,vig_tiny,cifar10,0.3,4,_vig_blocks.3,0.755422
10,1,6,vig_tiny,cifar10,0.3,5,_vig_blocks.4,0.740618
10,1,6,vig_tiny,cifar10,0.3,6,_vig_blocks.5,0.734320
10,1,6,vig_tiny,cifar10,0.3,7,_vig_blocks.6,0.732726
10,1,6,vig_tiny,cifar10,0.3,8,_vig_blocks.7,0.727097
10,1,6,vig_tiny,cifar10,0.3,9,_vig_blocks.8,0.712984
10,1,6,vig_tiny,cifar10,0.3,10,_vig_blocks.9,0.728558
10,1,6,vig_tiny,cifar10,0.3,11,_vig_blocks.10,0.723847
10,1,6,vig_tiny,cifar10,0.3,12,_vig_blocks.11,0.707499
10,1,6,vig_tiny,cifar10,0.3,13,classifier,0.762201
10,1,7,vig_tiny,cifar10,0.3,0,_vig_stem,0.908383
10,1,7,vig_tiny,cifar10,0.3,1,_vig_blocks.0,0.820457
10,1,7,vig_tiny,cifar10,0.3,2,_vig_blocks.1,0.783680
10,1,7,vig_tiny,cifar10,0.3,3,_vig_blocks.2,0.769804
10,1,7,vig_tiny,cifar10,0.3,4,_vig_blocks.3,0.772282
10,1,7,vig_tiny,cifar10,0.3,5,_vig_blocks.4,0.768750
10,1,7,vig_tiny,cifar10,0.3,6,_vig_blocks.5,0.748015
10,1,7,vig_tiny,cifar10,0.3,7,_vig_blocks.6,0.726671
10,1,7,vig_tiny,cifar10,0.3,8,_vig_blocks.7,0.739709
10,1,7,vig_tiny,cifar10,0.3,9,_vig_blocks.8,0.724505
10,1,7,vig_tiny,cifar10,0.3,10,_vig_blocks.9,0.712132
10,1,7,vig_tiny,cifar10,0.3,11,_vig_blocks.10,0.712393
10,1,7,vig_tiny,cifar10,0.3,12,_vig_blocks.11,0.680852
10,1,7,vig_tiny,cifar10,0.3,13,classifier,0.488413
10,1,8,vig_tiny,cifar10,0.3,0,_vig_stem,0.862463
10,1,8,vig_tiny,cifar10,0.3,1,_vig_blocks.0,0.818046
10,1,8,vig_tiny,cifar10,0.3,2,_vig_blocks.1,0.792128
10,1,8,vig_tiny,cifar10,0.3,3,_vig_blocks.2,0.795111
10,1,8,vig_tiny,cifar10,0.3,4,_vig_blocks.3,0.792945
10,1,8,vig_tiny,cifar10,0.3,5,_vig_blocks.4,0.804381
10,1,8,vig_tiny,cifar10,0.3,6,_vig_blocks.5,0.796994
10,1,8,vig_tiny,cifar10,0.3,7,_vig_blocks.6,0.793693
10,1,8,vig_tiny,cifar10,0.3,8,_vig_blocks.7,0.773022
10,1,8,vig_tiny,cifar10,0.3,9,_vig_blocks.8,0.758638
10,1,8,vig_tiny,cifar10,0.3,10,_vig_blocks.9,0.755458
10,1,8,vig_tiny,cifar10,0.3,11,_vig_blocks.10,0.746442
10,1,8,vig_tiny,cifar10,0.3,12,_vig_blocks.11,0.711220
10,1,8,vig_tiny,cifar10,0.3,13,classifier,0.671687
10,1,9,vig_tiny,cifar10,0.3,0,_vig_stem,0.893537
10,1,9,vig_tiny,cifar10,0.3,1,_vig_blocks.0,0.843750
10,1,9,vig_tiny,cifar10,0.3,2,_vig_blocks.1,0.817978
10,1,9,vig_tiny,cifar10,0.3,3,_vig_blocks.2,0.805777
10,1,9,vig_tiny,cifar10,0.3,4,_vig_blocks.3,0.819453
10,1,9,vig_tiny,cifar10,0.3,5,_vig_blocks.4,0.799567
10,1,9,vig_tiny,cifar10,0.3,6,_vig_blocks.5,0.797496
10,1,9,vig_tiny,cifar10,0.3,7,_vig_blocks.6,0.789239
10,1,9,vig_tiny,cifar10,0.3,8,_vig_blocks.7,0.792825
10,1,9,vig_tiny,cifar10,0.3,9,_vig_blocks.8,0.775998
10,1,9,vig_tiny,cifar10,0.3,10,_vig_blocks.9,0.770772
10,1,9,vig_tiny,cifar10,0.3,11,_vig_blocks.10,0.773417
10,1,9,vig_tiny,cifar10,0.3,12,_vig_blocks.11,0.750446
10,1,9,vig_tiny,cifar10,0.3,13,classifier,0.752596
10,2,3,vig_tiny,cifar10,0.3,0,_vig_stem,0.929397
10,2,3,vig_tiny,cifar10,0.3,1,_vig_blocks.0,0.820698
10,2,3,vig_tiny,cifar10,0.3,2,_vig_blocks.1,0.770696
10,2,3,vig_tiny,cifar10,0.3,3,_vig_blocks.2,0.733285
10,2,3,vig_tiny,cifar10,0.3,4,_vig_blocks.3,0.718811
10,2,3,vig_tiny,cifar10,0.3,5,_vig_blocks.4,0.724417
10,2,3,vig_tiny,cifar10,0.3,6,_vig_blocks.5,0.727039
10,2,3,vig_tiny,cifar10,0.3,7,_vig_blocks.6,0.698077
10,2,3,vig_tiny,cifar10,0.3,8,_vig_blocks.7,0.699866
10,2,3,vig_tiny,cifar10,0.3,9,_vig_blocks.8,0.690297
10,2,3,vig_tiny,cifar10,0.3,10,_vig_blocks.9,0.659860
10,2,3,vig_tiny,cifar10,0.3,11,_vig_blocks.10,0.644153
10,2,3,vig_tiny,cifar10,0.3,12,_vig_blocks.11,0.607801
10,2,3,vig_tiny,cifar10,0.3,13,classifier,0.510892
10,2,4,vig_tiny,cifar10,0.3,0,_vig_stem,0.922330
10,2,4,vig_tiny,cifar10,0.3,1,_vig_blocks.0,0.809965
10,2,4,vig_tiny,cifar10,0.3,2,_vig_blocks.1,0.756221
10,2,4,vig_tiny,cifar10,0.3,3,_vig_blocks.2,0.736470
10,2,4,vig_tiny,cifar10,0.3,4,_vig_blocks.3,0.708183
10,2,4,vig_tiny,cifar10,0.3,5,_vig_blocks.4,0.713519
10,2,4,vig_tiny,cifar10,0.3,6,_vig_blocks.5,0.714583
10,2,4,vig_tiny,cifar10,0.3,7,_vig_blocks.6,0.716564
10,2,4,vig_tiny,cifar10,0.3,8,_vig_blocks.7,0.716350
10,2,4,vig_tiny,cifar10,0.3,9,_vig_blocks.8,0.710255
10,2,4,vig_tiny,cifar10,0.3,10,_vig_blocks.9,0.683368
10,2,4,vig_tiny,cifar10,0.3,11,_vig_blocks.10,0.670227
10,2,4,vig_tiny,cifar10,0.3,12,_vig_blocks.11,0.641318
10,2,4,vig_tiny,cifar10,0.3,13,classifier,0.706012
10,2,5,vig_tiny,cifar10,0.3,0,_vig_stem,0.917964
10,2,5,vig_tiny,cifar10,0.3,1,_vig_blocks.0,0.814347
10,2,5,vig_tiny,cifar10,0.3,2,_vig_blocks.1,0.783624
10,2,5,vig_tiny,cifar10,0.3,3,_vig_blocks.2,0.781952
10,2,5,vig_tiny,cifar10,0.3,4,_vig_blocks.3,0.781340
10,2,5,vig_tiny,cifar10,0.3,5,_vig_blocks.4,0.783994
10,2,5,vig_tiny,cifar10,0.3,6,_vig_blocks.5,0.779931
10,2,5,vig_tiny,cifar10,0.3,7,_vig_blocks.6,0.765660
10,2,5,vig_tiny,cifar10,0.3,8,_vig_blocks.7,0.764987
10,2,5,vig_tiny,cifar10,0.3,9,_vig_blocks.8,0.765754
10,2,5,vig_tiny,cifar10,0.3,10,_vig_blocks.9,0.747085
10,2,5,vig_tiny,cifar10,0.3,11,_vig_blocks.10,0.733467
10,2,5,vig_tiny,cifar10,0.3,12,_vig_blocks.11,0.724769
10,2,5,vig_tiny,cifar10,0.3,13,classifier,0.541284
10,2,6,vig_tiny,cifar10,0.3,0,_vig_stem,0.856555
10,2,6,vig_tiny,cifar10,0.3,1,_vig_blocks.0,0.756408
10,2,6,vig_tiny,cifar10,0.3,2,_vig_blocks.1,0.734812
10,2,6,vig_tiny,cifar10,0.3,3,_vig_blocks.2,0.709761
10,2,6,vig_tiny,cifar10,0.3,4,_vig_blocks.3,0.692779
10,2,6,vig_tiny,cifar10,0.3,5,_vig_blocks.4,0.699883
10,2,6,vig_tiny,cifar10,0.3,6,_vig_blocks.5,0.696562
10,2,6,vig_tiny,cifar10,0.3,7,_vig_blocks.6,0.695357
10,2,6,vig_tiny,cifar10,0.3,8,_vig_blocks.7,0.673482
10,2,6,vig_tiny,cifar10,0.3,9,_vig_blocks.8,0.654775
10,2,6,vig_tiny,cifar10,0.3,10,_vig_blocks.9,0.649154
10,2,6,vig_tiny,cifar10,0.3,11,_vig_blocks.10,0.630917
10,2,6,vig_tiny,cifar10,0.3,12,_vig_blocks.11,0.602453
10,2,6,vig_tiny,cifar10,0.3,13,classifier,0.598912
10,2,7,vig_tiny,cifar10,0.3,0,_vig_stem,0.892600
10,2,7,vig_tiny,cifar10,0.3,1,_vig_blocks.0,0.822713
10,2,7,vig_tiny,cifar10,0.3,2,_vig_blocks.1,0.793402
10,2,7,vig_tiny,cifar10,0.3,3,_vig_blocks.2,0.763348
10,2,7,vig_tiny,cifar10,0.3,4,_vig_blocks.3,0.734209
10,2,7,vig_tiny,cifar10,0.3,5,_vig_blocks.4,0.734858
10,2,7,vig_tiny,cifar10,0.3,6,_vig_blocks.5,0.719137
10,2,7,vig_tiny,cifar10,0.3,7,_vig_blocks.6,0.706365
10,2,7,vig_tiny,cifar10,0.3,8,_vig_blocks.7,0.692802
10,2,7,vig_tiny,cifar10,0.3,9,_vig_blocks.8,0.683790
10,2,7,vig_tiny,cifar10,0.3,10,_vig_blocks.9,0.657774
10,2,7,vig_tiny,cifar10,0.3,11,_vig_blocks.10,0.643493
10,2,7,vig_tiny,cifar10,0.3,12,_vig_blocks.11,0.602897
10,2,7,vig_tiny,cifar10,0.3,13,classifier,0.466674
10,2,8,vig_tiny,cifar10,0.3,0,_vig_stem,0.872184
10,2,8,vig_tiny,cifar10,0.3,1,_vig_blocks.0,0.778893
10,2,8,vig_tiny,cifar10,0.3,2,_vig_blocks.1,0.721398
10,2,8,vig_tiny,cifar10,0.3,3,_vig_blocks.2,0.700488
10,2,8,vig_tiny,cifar10,0.3,4,_vig_blocks.3,0.703415
10,2,8,vig_tiny,cifar10,0.3,5,_vig_blocks.4,0.706511
10,2,8,vig_tiny,cifar10,0.3,6,_vig_blocks.5,0.700117
10,2,8,vig_tiny,cifar10,0.3,7,_vig_blocks.6,0.696429
10,2,8,vig_tiny,cifar10,0.3,8,_vig_blocks.7,0.679570
10,2,8,vig_tiny,cifar10,0.3,9,_vig_blocks.8,0.682372
10,2,8,vig_tiny,cifar10,0.3,10,_vig_blocks.9,0.688677
10,2,8,vig_tiny,cifar10,0.3,11,_vig_blocks.10,0.690154
10,2,8,vig_tiny,cifar10,0.3,12,_vig_blocks.11,0.685077
10,2,8,vig_tiny,cifar10,0.3,13,classifier,0.785509
10,2,9,vig_tiny,cifar10,0.3,0,_vig_stem,0.879418
10,2,9,vig_tiny,cifar10,0.3,1,_vig_blocks.0,0.829375
10,2,9,vig_tiny,cifar10,0.3,2,_vig_blocks.1,0.810514
10,2,9,vig_tiny,cifar10,0.3,3,_vig_blocks.2,0.791487
10,2,9,vig_tiny,cifar10,0.3,4,_vig_blocks.3,0.789394
10,2,9,vig_tiny,cifar10,0.3,5,_vig_blocks.4,0.770788
10,2,9,vig_tiny,cifar10,0.3,6,_vig_blocks.5,0.787449
10,2,9,vig_tiny,cifar10,0.3,7,_vig_blocks.6,0.779981
10,2,9,vig_tiny,cifar10,0.3,8,_vig_blocks.7,0.766035
10,2,9,vig_tiny,cifar10,0.3,9,_vig_blocks.8,0.761695
10,2,9,vig_tiny,cifar10,0.3,10,_vig_blocks.9,0.753991
10,2,9,vig_tiny,cifar10,0.3,11,_vig_blocks.10,0.747743
10,2,9,vig_tiny,cifar10,0.3,12,_vig_blocks.11,0.728500
10,2,9,vig_tiny,cifar10,0.3,13,classifier,0.755745
10,3,4,vig_tiny,cifar10,0.3,0,_vig_stem,0.937490
10,3,4,vig_tiny,cifar10,0.3,1,_vig_blocks.0,0.858624
10,3,4,vig_tiny,cifar10,0.3,2,_vig_blocks.1,0.834641
10,3,4,vig_tiny,cifar10,0.3,3,_vig_blocks.2,0.830273
10,3,4,vig_tiny,cifar10,0.3,4,_vig_blocks.3,0.809354
10,3,4,vig_tiny,cifar10,0.3,5,_vig_blocks.4,0.810017
10,3,4,vig_tiny,cifar10,0.3,6,_vig_blocks.5,0.805712
10,3,4,vig_tiny,cifar10,0.3,7,_vig_blocks.6,0.799055
10,3,4,vig_tiny,cifar10,0.3,8,_vig_blocks.7,0.790834
10,3,4,vig_tiny,cifar10,0.3,9,_vig_blocks.8,0.788153
10,3,4,vig_tiny,cifar10,0.3,10,_vig_blocks.9,0.755491
10,3,4,vig_tiny,cifar10,0.3,11,_vig_blocks.10,0.744997
10,3,4,vig_tiny,cifar10,0.3,12,_vig_blocks.11,0.727834
10,3,4,vig_tiny,cifar10,0.3,13,classifier,0.634200
10,3,5,vig_tiny,cifar10,0.3,0,_vig_stem,0.929848
10,3,5,vig_tiny,cifar10,0.3,1,_vig_blocks.0,0.835296
10,3,5,vig_tiny,cifar10,0.3,2,_vig_blocks.1,0.794229
10,3,5,vig_tiny,cifar10,0.3,3,_vig_blocks.2,0.785904
10,3,5,vig_tiny,cifar10,0.3,4,_vig_blocks.3,0.756128
10,3,5,vig_tiny,cifar10,0.3,5,_vig_blocks.4,0.764592
10,3,5,vig_tiny,cifar10,0.3,6,_vig_blocks.5,0.766266
10,3,5,vig_tiny,cifar10,0.3,7,_vig_blocks.6,0.755986
10,3,5,vig_tiny,cifar10,0.3,8,_vig_blocks.7,0.756781
10,3,5,vig_tiny,cifar10,0.3,9,_vig_blocks.8,0.742215
10,3,5,vig_tiny,cifar10,0.3,10,_vig_blocks.9,0.719509
10,3,5,vig_tiny,cifar10,0.3,11,_vig_blocks.10,0.714014
10,3,5,vig_tiny,cifar10,0.3,12,_vig_blocks.11,0.696190
10,3,5,vig_tiny,cifar10,0.3,13,classifier,0.752574
10,3,6,vig_tiny,cifar10,0.3,0,_vig_stem,0.899027
10,3,6,vig_tiny,cifar10,0.3,1,_vig_blocks.0,0.786946
10,3,6,vig_tiny,cifar10,0.3,2,_vig_blocks.1,0.759471
10,3,6,vig_tiny,cifar10,0.3,3,_vig_blocks.2,0.747952
10,3,6,vig_tiny,cifar10,0.3,4,_vig_blocks.3,0.746330
10,3,6,vig_tiny,cifar10,0.3,5,_vig_blocks.4,0.741024
10,3,6,vig_tiny,cifar10,0.3,6,_vig_blocks.5,0.730422
10,3,6,vig_tiny,cifar10,0.3,7,_vig_blocks.6,0.729015
10,3,6,vig_tiny,cifar10,0.3,8,_vig_blocks.7,0.725210
10,3,6,vig_tiny,cifar10,0.3,9,_vig_blocks.8,0.724729
10,3,6,vig_tiny,cifar10,0.3,10,_vig_blocks.9,0.709970
10,3,6,vig_tiny,cifar10,0.3,11,_vig_blocks.10,0.698428
10,3,6,vig_tiny,cifar10,0.3,12,_vig_blocks.11,0.679277
10,3,6,vig_tiny,cifar10,0.3,13,classifier,0.645049
10,3,7,vig_tiny,cifar10,0.3,0,_vig_stem,0.889286
10,3,7,vig_tiny,cifar10,0.3,1,_vig_blocks.0,0.765598
10,3,7,vig_tiny,cifar10,0.3,2,_vig_blocks.1,0.714873
10,3,7,vig_tiny,cifar10,0.3,3,_vig_blocks.2,0.711579
10,3,7,vig_tiny,cifar10,0.3,4,_vig_blocks.3,0.703926
10,3,7,vig_tiny,cifar10,0.3,5,_vig_blocks.4,0.706583
10,3,7,vig_tiny,cifar10,0.3,6,_vig_blocks.5,0.687755
10,3,7,vig_tiny,cifar10,0.3,7,_vig_blocks.6,0.657651
10,3,7,vig_tiny,cifar10,0.3,8,_vig_blocks.7,0.667066
10,3,7,vig_tiny,cifar10,0.3,9,_vig_blocks.8,0.661643
10,3,7,vig_tiny,cifar10,0.3,10,_vig_blocks.9,0.642216
10,3,7,vig_tiny,cifar10,0.3,11,_vig_blocks.10,0.633921
10,3,7,vig_tiny,cifar10,0.3,12,_vig_blocks.11,0.604304
10,3,7,vig_tiny,cifar10,0.3,13,classifier,0.474972
10,3,8,vig_tiny,cifar10,0.3,0,_vig_stem,0.902978
10,3,8,vig_tiny,cifar10,0.3,1,_vig_blocks.0,0.821171
10,3,8,vig_tiny,cifar10,0.3,2,_vig_blocks.1,0.794989
10,3,8,vig_tiny,cifar10,0.3,3,_vig_blocks.2,0.802009
10,3,8,vig_tiny,cifar10,0.3,4,_vig_blocks.3,0.798834
10,3,8,vig_tiny,cifar10,0.3,5,_vig_blocks.4,0.805302
10,3,8,vig_tiny,cifar10,0.3,6,_vig_blocks.5,0.774874
10,3,8,vig_tiny,cifar10,0.3,7,_vig_blocks.6,0.756306
10,3,8,vig_tiny,cifar10,0.3,8,_vig_blocks.7,0.735845
10,3,8,vig_tiny,cifar10,0.3,9,_vig_blocks.8,0.724515
10,3,8,vig_tiny,cifar10,0.3,10,_vig_blocks.9,0.701495
10,3,8,vig_tiny,cifar10,0.3,11,_vig_blocks.10,0.674624
10,3,8,vig_tiny,cifar10,0.3,12,_vig_blocks.11,0.642312
10,3,8,vig_tiny,cifar10,0.3,13,classifier,0.399507
10,3,9,vig_tiny,cifar10,0.3,0,_vig_stem,0.898909
10,3,9,vig_tiny,cifar10,0.3,1,_vig_blocks.0,0.865313
10,3,9,vig_tiny,cifar10,0.3,2,_vig_blocks.1,0.807265
10,3,9,vig_tiny,cifar10,0.3,3,_vig_blocks.2,0.820334
10,3,9,vig_tiny,cifar10,0.3,4,_vig_blocks.3,0.835891
10,3,9,vig_tiny,cifar10,0.3,5,_vig_blocks.4,0.833385
10,3,9,vig_tiny,cifar10,0.3,6,_vig_blocks.5,0.808993
10,3,9,vig_tiny,cifar10,0.3,7,_vig_blocks.6,0.799660
10,3,9,vig_tiny,cifar10,0.3,8,_vig_blocks.7,0.789729
10,3,9,vig_tiny,cifar10,0.3,9,_vig_blocks.8,0.796685
10,3,9,vig_tiny,cifar10,0.3,10,_vig_blocks.9,0.788994
10,3,9,vig_tiny,cifar10,0.3,11,_vig_blocks.10,0.778034
10,3,9,vig_tiny,cifar10,0.3,12,_vig_blocks.11,0.759545
10,3,9,vig_tiny,cifar10,0.3,13,classifier,0.670812
10,4,5,vig_tiny,cifar10,0.3,0,_vig_stem,0.925870
10,4,5,vig_tiny,cifar10,0.3,1,_vig_blocks.0,0.900063
10,4,5,vig_tiny,cifar10,0.3,2,_vig_blocks.1,0.881779
10,4,5,vig_tiny,cifar10,0.3,3,_vig_blocks.2,0.879769
10,4,5,vig_tiny,cifar10,0.3,4,_vig_blocks.3,0.853894
10,4,5,vig_tiny,cifar10,0.3,5,_vig_blocks.4,0.842834
10,4,5,vig_tiny,cifar10,0.3,6,_vig_blocks.5,0.840847
10,4,5,vig_tiny,cifar10,0.3,7,_vig_blocks.6,0.824942
10,4,5,vig_tiny,cifar10,0.3,8,_vig_blocks.7,0.802690
10,4,5,vig_tiny,cifar10,0.3,9,_vig_blocks.8,0.788609
10,4,5,vig_tiny,cifar10,0.3,10,_vig_blocks.9,0.760719
10,4,5,vig_tiny,cifar10,0.3,11,_vig_blocks.10,0.737548
10,4,5,vig_tiny,cifar10,0.3,12,_vig_blocks.11,0.719368
10,4,5,vig_tiny,cifar10,0.3,13,classifier,0.641540
10,4,6,vig_tiny,cifar10,0.3,0,_vig_stem,0.917552
10,4,6,vig_tiny,cifar10,0.3,1,_vig_blocks.0,0.817850
10,4,6,vig_tiny,cifar10,0.3,2,_vig_blocks.1,0.797026
10,4,6,vig_tiny,cifar10,0.3,3,_vig_blocks.2,0.771788
10,4,6,vig_tiny,cifar10,0.3,4,_vig_blocks.3,0.737966
10,4,6,vig_tiny,cifar10,0.3,5,_vig_blocks.4,0.723822
10,4,6,vig_tiny,cifar10,0.3,6,_vig_blocks.5,0.720059
10,4,6,vig_tiny,cifar10,0.3,7,_vig_blocks.6,0.725440
10,4,6,vig_tiny,cifar10,0.3,8,_vig_blocks.7,0.724122
10,4,6,vig_tiny,cifar10,0.3,9,_vig_blocks.8,0.715311
10,4,6,vig_tiny,cifar10,0.3,10,_vig_blocks.9,0.715074
10,4,6,vig_tiny,cifar10,0.3,11,_vig_blocks.10,0.705952
10,4,6,vig_tiny,cifar10,0.3,12,_vig_blocks.11,0.688272
10,4,6,vig_tiny,cifar10,0.3,13,classifier,0.746607
10,4,7,vig_tiny,cifar10,0.3,0,_vig_stem,0.926555
10,4,7,vig_tiny,cifar10,0.3,1,_vig_blocks.0,0.859843
10,4,7,vig_tiny,cifar10,0.3,2,_vig_blocks.1,0.815466
10,4,7,vig_tiny,cifar10,0.3,3,_vig_blocks.2,0.822941
10,4,7,vig_tiny,cifar10,0.3,4,_vig_blocks.3,0.806064
10,4,7,vig_tiny,cifar10,0.3,5,_vig_blocks.4,0.808367
10,4,7,vig_tiny,cifar10,0.3,6,_vig_blocks.5,0.804962
10,4,7,vig_tiny,cifar10,0.3,7,_vig_blocks.6,0.795357
10,4,7,vig_tiny,cifar10,0.3,8,_vig_blocks.7,0.789041
10,4,7,vig_tiny,cifar10,0.3,9,_vig_blocks.8,0.771543
10,4,7,vig_tiny,cifar10,0.3,10,_vig_blocks.9,0.753170
10,4,7,vig_tiny,cifar10,0.3,11,_vig_blocks.10,0.734660
10,4,7,vig_tiny,cifar10,0.3,12,_vig_blocks.11,0.701628
10,4,7,vig_tiny,cifar10,0.3,13,classifier,0.583738
10,4,8,vig_tiny,cifar10,0.3,0,_vig_stem,0.904875
10,4,8,vig_tiny,cifar10,0.3,1,_vig_blocks.0,0.865642
10,4,8,vig_tiny,cifar10,0.3,2,_vig_blocks.1,0.845628
10,4,8,vig_tiny,cifar10,0.3,3,_vig_blocks.2,0.846792
10,4,8,vig_tiny,cifar10,0.3,4,_vig_blocks.3,0.829439
10,4,8,vig_tiny,cifar10,0.3,5,_vig_blocks.4,0.831099
10,4,8,vig_tiny,cifar10,0.3,6,_vig_blocks.5,0.807884
10,4,8,vig_tiny,cifar10,0.3,7,_vig_blocks.6,0.815031
10,4,8,vig_tiny,cifar10,0.3,8,_vig_blocks.7,0.804424
10,4,8,vig_tiny,cifar10,0.3,9,_vig_blocks.8,0.794910
10,4,8,vig_tiny,cifar10,0.3,10,_vig_blocks.9,0.762792
10,4,8,vig_tiny,cifar10,0.3,11,_vig_blocks.10,0.729129
10,4,8,vig_tiny,cifar10,0.3,12,_vig_blocks.11,0.699846
10,4,8,vig_tiny,cifar10,0.3,13,classifier,0.706629
10,4,9,vig_tiny,cifar10,0.3,0,_vig_stem,0.895818
10,4,9,vig_tiny,cifar10,0.3,1,_vig_blocks.0,0.837178
10,4,9,vig_tiny,cifar10,0.3,2,_vig_blocks.1,0.779955
10,4,9,vig_tiny,cifar10,0.3,3,_vig_blocks.2,0.778588
10,4,9,vig_tiny,cifar10,0.3,4,_vig_blocks.3,0.765485
10,4,9,vig_tiny,cifar10,0.3,5,_vig_blocks.4,0.766536
10,4,9,vig_tiny,cifar10,0.3,6,_vig_blocks.5,0.760408
10,4,9,vig_tiny,cifar10,0.3,7,_vig_blocks.6,0.764464
10,4,9,vig_tiny,cifar10,0.3,8,_vig_blocks.7,0.768133
10,4,9,vig_tiny,cifar10,0.3,9,_vig_blocks.8,0.771980
10,4,9,vig_tiny,cifar10,0.3,10,_vig_blocks.9,0.770816
10,4,9,vig_tiny,cifar10,0.3,11,_vig_blocks.10,0.774092
10,4,9,vig_tiny,cifar10,0.3,12,_vig_blocks.11,0.769239
10,4,9,vig_tiny,cifar10,0.3,13,classifier,0.820121
10,5,6,vig_tiny,cifar10,0.3,0,_vig_stem,0.896656
10,5,6,vig_tiny,cifar10,0.3,1,_vig_blocks.0,0.786566
10,5,6,vig_tiny,cifar10,0.3,2,_vig_blocks.1,0.755250
10,5,6,vig_tiny,cifar10,0.3,3,_vig_blocks.2,0.735505
10,5,6,vig_tiny,cifar10,0.3,4,_vig_blocks.3,0.719758
10,5,6,vig_tiny,cifar10,0.3,5,_vig_blocks.4,0.698046
10,5,6,vig_tiny,cifar10,0.3,6,_vig_blocks.5,0.683039
10,5,6,vig_tiny,cifar10,0.3,7,_vig_blocks.6,0.660168
10,5,6,vig_tiny,cifar10,0.3,8,_vig_blocks.7,0.647968
10,5,6,vig_tiny,cifar10,0.3,9,_vig_blocks.8,0.632350
10,5,6,vig_tiny,cifar10,0.3,10,_vig_blocks.9,0.637758
10,5,6,vig_tiny,cifar10,0.3,11,_vig_blocks.10,0.634556
10,5,6,vig_tiny,cifar10,0.3,12,_vig_blocks.11,0.615723
10,5,6,vig_tiny,cifar10,0.3,13,classifier,0.575852
10,5,7,vig_tiny,cifar10,0.3,0,_vig_stem,0.889905
10,5,7,vig_tiny,cifar10,0.3,1,_vig_blocks.0,0.860287
10,5,7,vig_tiny,cifar10,0.3,2,_vig_blocks.1,0.817838
10,5,7,vig_tiny,cifar10,0.3,3,_vig_blocks.2,0.816298
10,5,7,vig_tiny,cifar10,0.3,4,_vig_blocks.3,0.804604
10,5,7,vig_tiny,cifar10,0.3,5,_vig_blocks.4,0.790738
10,5,7,vig_tiny,cifar10,0.3,6,_vig_blocks.5,0.782215
10,5,7,vig_tiny,cifar10,0.3,7,_vig_blocks.6,0.762787
10,5,7,vig_tiny,cifar10,0.3,8,_vig_blocks.7,0.744677
10,5,7,vig_tiny,cifar10,0.3,9,_vig_blocks.8,0.731725
10,5,7,vig_tiny,cifar10,0.3,10,_vig_blocks.9,0.732352
10,5,7,vig_tiny,cifar10,0.3,11,_vig_blocks.10,0.720043
10,5,7,vig_tiny,cifar10,0.3,12,_vig_blocks.11,0.694968
10,5,7,vig_tiny,cifar10,0.3,13,classifier,0.464070
10,5,8,vig_tiny,cifar10,0.3,0,_vig_stem,0.886575
10,5,8,vig_tiny,cifar10,0.3,1,_vig_blocks.0,0.813678
10,5,8,vig_tiny,cifar10,0.3,2,_vig_blocks.1,0.789592
10,5,8,vig_tiny,cifar10,0.3,3,_vig_blocks.2,0.784055
10,5,8,vig_tiny,cifar10,0.3,4,_vig_blocks.3,0.760845
10,5,8,vig_tiny,cifar10,0.3,5,_vig_blocks.4,0.738777
10,5,8,vig_tiny,cifar10,0.3,6,_vig_blocks.5,0.720539
10,5,8,vig_tiny,cifar10,0.3,7,_vig_blocks.6,0.698387
10,5,8,vig_tiny,cifar10,0.3,8,_vig_blocks.7,0.668565
10,5,8,vig_tiny,cifar10,0.3,9,_vig_blocks.8,0.658194
10,5,8,vig_tiny,cifar10,0.3,10,_vig_blocks.9,0.656443
10,5,8,vig_tiny,cifar10,0.3,11,_vig_blocks.10,0.611624
10,5,8,vig_tiny,cifar10,0.3,12,_vig_blocks.11,0.598626
10,5,8,vig_tiny,cifar10,0.3,13,classifier,0.380926
10,5,9,vig_tiny,cifar10,0.3,0,_vig_stem,0.898904
10,5,9,vig_tiny,cifar10,0.3,1,_vig_blocks.0,0.824358
10,5,9,vig_tiny,cifar10,0.3,2,_vig_blocks.1,0.772875
10,5,9,vig_tiny,cifar10,0.3,3,_vig_blocks.2,0.759529
10,5,9,vig_tiny,cifar10,0.3,4,_vig_blocks.3,0.755294
10,5,9,vig_tiny,cifar10,0.3,5,_vig_blocks.4,0.738651
10,5,9,vig_tiny,cifar10,0.3,6,_vig_blocks.5,0.742155
10,5,9,vig_tiny,cifar10,0.3,7,_vig_blocks.6,0.722174
10,5,9,vig_tiny,cifar10,0.3,8,_vig_blocks.7,0.699207
10,5,9,vig_tiny,cifar10,0.3,9,_vig_blocks.8,0.693256
10,5,9,vig_tiny,cifar10,0.3,10,_vig_blocks.9,0.699029
10,5,9,vig_tiny,cifar10,0.3,11,_vig_blocks.10,0.691263
10,5,9,vig_tiny,cifar10,0.3,12,_vig_blocks.11,0.685215
10,5,9,vig_tiny,cifar10,0.3,13,classifier,0.630176
10,6,7,vig_tiny,cifar10,0.3,0,_vig_stem,0.849021
10,6,7,vig_tiny,cifar10,0.3,1,_vig_blocks.0,0.736144
10,6,7,vig_tiny,cifar10,0.3,2,_vig_blocks.1,0.706856
10,6,7,vig_tiny,cifar10,0.3,3,_vig_blocks.2,0.686376
10,6,7,vig_tiny,cifar10,0.3,4,_vig_blocks.3,0.669305
10,6,7,vig_tiny,cifar10,0.3,5,_vig_blocks.4,0.674379
10,6,7,vig_tiny,cifar10,0.3,6,_vig_blocks.5,0.667384
10,6,7,vig_tiny,cifar10,0.3,7,_vig_blocks.6,0.653458
10,6,7,vig_tiny,cifar10,0.3,8,_vig_blocks.7,0.648981
10,6,7,vig_tiny,cifar10,0.3,9,_vig_blocks.8,0.627579
10,6,7,vig_tiny,cifar10,0.3,10,_vig_blocks.9,0.618791
10,6,7,vig_tiny,cifar10,0.3,11,_vig_blocks.10,0.602080
10,6,7,vig_tiny,cifar10,0.3,12,_vig_blocks.11,0.556757
10,6,7,vig_tiny,cifar10,0.3,13,classifier,0.439117
10,6,8,vig_tiny,cifar10,0.3,0,_vig_stem,0.858950
10,6,8,vig_tiny,cifar10,0.3,1,_vig_blocks.0,0.750581
10,6,8,vig_tiny,cifar10,0.3,2,_vig_blocks.1,0.726714
10,6,8,vig_tiny,cifar10,0.3,3,_vig_blocks.2,0.722373
10,6,8,vig_tiny,cifar10,0.3,4,_vig_blocks.3,0.719428
10,6,8,vig_tiny,cifar10,0.3,5,_vig_blocks.4,0.727758
10,6,8,vig_tiny,cifar10,0.3,6,_vig_blocks.5,0.739612
10,6,8,vig_tiny,cifar10,0.3,7,_vig_blocks.6,0.743692
10,6,8,vig_tiny,cifar10,0.3,8,_vig_blocks.7,0.734306
10,6,8,vig_tiny,cifar10,0.3,9,_vig_blocks.8,0.717591
10,6,8,vig_tiny,cifar10,0.3,10,_vig_blocks.9,0.714721
10,6,8,vig_tiny,cifar10,0.3,11,_vig_blocks.10,0.704858
10,6,8,vig_tiny,cifar10,0.3,12,_vig_blocks.11,0.682646
10,6,8,vig_tiny,cifar10,0.3,13,classifier,0.645359
10,6,9,vig_tiny,cifar10,0.3,0,_vig_stem,0.900471
10,6,9,vig_tiny,cifar10,0.3,1,_vig_blocks.0,0.849535
10,6,9,vig_tiny,cifar10,0.3,2,_vig_blocks.1,0.829804
10,6,9,vig_tiny,cifar10,0.3,3,_vig_blocks.2,0.812364
10,6,9,vig_tiny,cifar10,0.3,4,_vig_blocks.3,0.809250
10,6,9,vig_tiny,cifar10,0.3,5,_vig_blocks.4,0.806569
10,6,9,vig_tiny,cifar10,0.3,6,_vig_blocks.5,0.806078
10,6,9,vig_tiny,cifar10,0.3,7,_vig_blocks.6,0.792084
10,6,9,vig_tiny,cifar10,0.3,8,_vig_blocks.7,0.775918
10,6,9,vig_tiny,cifar10,0.3,9,_vig_blocks.8,0.752939
10,6,9,vig_tiny,cifar10,0.3,10,_vig_blocks.9,0.741994
10,6,9,vig_tiny,cifar10,0.3,11,_vig_blocks.10,0.726042
10,6,9,vig_tiny,cifar10,0.3,12,_vig_blocks.11,0.707310
10,6,9,vig_tiny,cifar10,0.3,13,classifier,0.735768
10,7,8,vig_tiny,cifar10,0.3,0,_vig_stem,0.841679
10,7,8,vig_tiny,cifar10,0.3,1,_vig_blocks.0,0.774193
10,7,8,vig_tiny,cifar10,0.3,2,_vig_blocks.1,0.750444
10,7,8,vig_tiny,cifar10,0.3,3,_vig_blocks.2,0.749512
10,7,8,vig_tiny,cifar10,0.3,4,_vig_blocks.3,0.758313
10,7,8,vig_tiny,cifar10,0.3,5,_vig_blocks.4,0.761689
10,7,8,vig_tiny,cifar10,0.3,6,_vig_blocks.5,0.746962
10,7,8,vig_tiny,cifar10,0.3,7,_vig_blocks.6,0.736132
10,7,8,vig_tiny,cifar10,0.3,8,_vig_blocks.7,0.721236
10,7,8,vig_tiny,cifar10,0.3,9,_vig_blocks.8,0.699002
10,7,8,vig_tiny,cifar10,0.3,10,_vig_blocks.9,0.681570
10,7,8,vig_tiny,cifar10,0.3,11,_vig_blocks.10,0.642030
10,7,8,vig_tiny,cifar10,0.3,12,_vig_blocks.11,0.599990
10,7,8,vig_tiny,cifar10,0.3,13,classifier,0.423347
10,7,9,vig_tiny,cifar10,0.3,0,_vig_stem,0.858644
10,7,9,vig_tiny,cifar10,0.3,1,_vig_blocks.0,0.790245
10,7,9,vig_tiny,cifar10,0.3,2,_vig_blocks.1,0.776758
10,7,9,vig_tiny,cifar10,0.3,3,_vig_blocks.2,0.767887
10,7,9,vig_tiny,cifar10,0.3,4,_vig_blocks.3,0.779201
10,7,9,vig_tiny,cifar10,0.3,5,_vig_blocks.4,0.782872
10,7,9,vig_tiny,cifar10,0.3,6,_vig_blocks.5,0.779967
10,7,9,vig_tiny,cifar10,0.3,7,_vig_blocks.6,0.764023
10,7,9,vig_tiny,cifar10,0.3,8,_vig_blocks.7,0.765729
10,7,9,vig_tiny,cifar10,0.3,9,_vig_blocks.8,0.757332
10,7,9,vig_tiny,cifar10,0.3,10,_vig_blocks.9,0.726196
10,7,9,vig_tiny,cifar10,0.3,11,_vig_blocks.10,0.717546
10,7,9,vig_tiny,cifar10,0.3,12,_vig_blocks.11,0.672158
10,7,9,vig_tiny,cifar10,0.3,13,classifier,0.616847
10,8,9,vig_tiny,cifar10,0.3,0,_vig_stem,0.840226
10,8,9,vig_tiny,cifar10,0.3,1,_vig_blocks.0,0.805180
10,8,9,vig_tiny,cifar10,0.3,2,_vig_blocks.1,0.773093
10,8,9,vig_tiny,cifar10,0.3,3,_vig_blocks.2,0.781000
10,8,9,vig_tiny,cifar10,0.3,4,_vig_blocks.3,0.796216
10,8,9,vig_tiny,cifar10,0.3,5,_vig_blocks.4,0.798247
10,8,9,vig_tiny,cifar10,0.3,6,_vig_blocks.5,0.785306
10,8,9,vig_tiny,cifar10,0.3,7,_vig_blocks.6,0.775636
10,8,9,vig_tiny,cifar10,0.3,8,_vig_blocks.7,0.783959
10,8,9,vig_tiny,cifar10,0.3,9,_vig_blocks.8,0.765378
10,8,9,vig_tiny,cifar10,0.3,10,_vig_blocks.9,0.757565
10,8,9,vig_tiny,cifar10,0.3,11,_vig_blocks.10,0.762142
10,8,9,vig_tiny,cifar10,0.3,12,_vig_blocks.11,0.755588
10,8,9,vig_tiny,cifar10,0.3,13,classifier,0.731168
20,0,1,vig_tiny,cifar10,0.3,0,_vig_stem,0.881069
20,0,1,vig_tiny,cifar10,0.3,1,_vig_blocks.0,0.796805
20,0,1,vig_tiny,cifar10,0.3,2,_vig_blocks.1,0.778940
20,0,1,vig_tiny,cifar10,0.3,3,_vig_blocks.2,0.768614
20,0,1,vig_tiny,cifar10,0.3,4,_vig_blocks.3,0.755634
20,0,1,vig_tiny,cifar10,0.3,5,_vig_blocks.4,0.748460
20,0,1,vig_tiny,cifar10,0.3,6,_vig_blocks.5,0.739884
20,0,1,vig_tiny,cifar10,0.3,7,_vig_blocks.6,0.738351
20,0,1,vig_tiny,cifar10,0.3,8,_vig_blocks.7,0.731255
20,0,1,vig_tiny,cifar10,0.3,9,_vig_blocks.8,0.705612
20,0,1,vig_tiny,cifar10,0.3,10,_vig_blocks.9,0.685485
20,0,1,vig_tiny,cifar10,0.3,11,_vig_blocks.10,0.656029
20,0,1,vig_tiny,cifar10,0.3,12,_vig_blocks.11,0.612917
20,0,1,vig_tiny,cifar10,0.3,13,classifier,0.571670
20,0,2,vig_tiny,cifar10,0.3,0,_vig_stem,0.839914
20,0,2,vig_tiny,cifar10,0.3,1,_vig_blocks.0,0.750787
20,0,2,vig_tiny,cifar10,0.3,2,_vig_blocks.1,0.739402
20,0,2,vig_tiny,cifar10,0.3,3,_vig_blocks.2,0.736889
20,0,2,vig_tiny,cifar10,0.3,4,_vig_blocks.3,0.721692
20,0,2,vig_tiny,cifar10,0.3,5,_vig_blocks.4,0.717667
20,0,2,vig_tiny,cifar10,0.3,6,_vig_blocks.5,0.713211
20,0,2,vig_tiny,cifar10,0.3,7,_vig_blocks.6,0.695609
20,0,2,vig_tiny,cifar10,0.3,8,_vig_blocks.7,0.692802
20,0,2,vig_tiny,cifar10,0.3,9,_vig_blocks.8,0.670006
20,0,2,vig_tiny,cifar10,0.3,10,_vig_blocks.9,0.655299
20,0,2,vig_tiny,cifar10,0.3,11,_vig_blocks.10,0.619470
20,0,2,vig_tiny,cifar10,0.3,12,_vig_blocks.11,0.581790
20,0,2,vig_tiny,cifar10,0.3,13,classifier,0.614487
20,0,3,vig_tiny,cifar10,0.3,0,_vig_stem,0.916213
20,0,3,vig_tiny,cifar10,0.3,1,_vig_blocks.0,0.849829
20,0,3,vig_tiny,cifar10,0.3,2,_vig_blocks.1,0.817111
20,0,3,vig_tiny,cifar10,0.3,3,_vig_blocks.2,0.804791
20,0,3,vig_tiny,cifar10,0.3,4,_vig_blocks.3,0.786181
20,0,3,vig_tiny,cifar10,0.3,5,_vig_blocks.4,0.764800
20,0,3,vig_tiny,cifar10,0.3,6,_vig_blocks.5,0.754507
20,0,3,vig_tiny,cifar10,0.3,7,_vig_blocks.6,0.729938
20,0,3,vig_tiny,cifar10,0.3,8,_vig_blocks.7,0.710122
20,0,3,vig_tiny,cifar10,0.3,9,_vig_blocks.8,0.679067
20,0,3,vig_tiny,cifar10,0.3,10,_vig_blocks.9,0.651553
20,0,3,vig_tiny,cifar10,0.3,11,_vig_blocks.10,0.607078
20,0,3,vig_tiny,cifar10,0.3,12,_vig_blocks.11,0.582584
20,0,3,vig_tiny,cifar10,0.3,13,classifier,0.443935
20,0,4,vig_tiny,cifar10,0.3,0,_vig_stem,0.891151
20,0,4,vig_tiny,cifar10,0.3,1,_vig_blocks.0,0.839110
20,0,4,vig_tiny,cifar10,0.3,2,_vig_blocks.1,0.808863
20,0,4,vig_tiny,cifar10,0.3,3,_vig_blocks.2,0.792714
20,0,4,vig_tiny,cifar10,0.3,4,_vig_blocks.3,0.769532
20,0,4,vig_tiny,cifar10,0.3,5,_vig_blocks.4,0.752657
20,0,4,vig_tiny,cifar10,0.3,6,_vig_blocks.5,0.755700
20,0,4,vig_tiny,cifar10,0.3,7,_vig_blocks.6,0.747534
20,0,4,vig_tiny,cifar10,0.3,8,_vig_blocks.7,0.742137
20,0,4,vig_tiny,cifar10,0.3,9,_vig_blocks.8,0.705225
20,0,4,vig_tiny,cifar10,0.3,10,_vig_blocks.9,0.662877
20,0,4,vig_tiny,cifar10,0.3,11,_vig_blocks.10,0.613369
20,0,4,vig_tiny,cifar10,0.3,12,_vig_blocks.11,0.569910
20,0,4,vig_tiny,cifar10,0.3,13,classifier,0.491355
20,0,5,vig_tiny,cifar10,0.3,0,_vig_stem,0.890482
20,0,5,vig_tiny,cifar10,0.3,1,_vig_blocks.0,0.812958
20,0,5,vig_tiny,cifar10,0.3,2,_vig_blocks.1,0.792542
20,0,5,vig_tiny,cifar10,0.3,3,_vig_blocks.2,0.777250
20,0,5,vig_tiny,cifar10,0.3,4,_vig_blocks.3,0.761965
20,0,5,vig_tiny,cifar10,0.3,5,_vig_blocks.4,0.745086
20,0,5,vig_tiny,cifar10,0.3,6,_vig_blocks.5,0.743357
20,0,5,vig_tiny,cifar10,0.3,7,_vig_blocks.6,0.748485
20,0,5,vig_tiny,cifar10,0.3,8,_vig_blocks.7,0.719104
20,0,5,vig_tiny,cifar10,0.3,9,_vig_blocks.8,0.681325
20,0,5,vig_tiny,cifar10,0.3,10,_vig_blocks.9,0.640324
20,0,5,vig_tiny,cifar10,0.3,11,_vig_blocks.10,0.590892
20,0,5,vig_tiny,cifar10,0.3,12,_vig_blocks.11,0.543705
20,0,5,vig_tiny,cifar10,0.3,13,classifier,0.332436
20,0,6,vig_tiny,cifar10,0.3,0,_vig_stem,0.779095
20,0,6,vig_tiny,cifar10,0.3,1,_vig_blocks.0,0.764262
20,0,6,vig_tiny,cifar10,0.3,2,_vig_blocks.1,0.753159
20,0,6,vig_tiny,cifar10,0.3,3,_vig_blocks.2,0.712405
20,0,6,vig_tiny,cifar10,0.3,4,_vig_blocks.3,0.693475
20,0,6,vig_tiny,cifar10,0.3,5,_vig_blocks.4,0.692096
20,0,6,vig_tiny,cifar10,0.3,6,_vig_blocks.5,0.667405
20,0,6,vig_tiny,cifar10,0.3,7,_vig_blocks.6,0.668211
20,0,6,vig_tiny,cifar10,0.3,8,_vig_blocks.7,0.675152
20,0,6,vig_tiny,cifar10,0.3,9,_vig_blocks.8,0.658521
20,0,6,vig_tiny,cifar10,0.3,10,_vig_blocks.9,0.653767
20,0,6,vig_tiny,cifar10,0.3,11,_vig_blocks.10,0.636540
20,0,6,vig_tiny,cifar10,0.3,12,_vig_blocks.11,0.620880
20,0,6,vig_tiny,cifar10,0.3,13,classifier,0.580545
20,0,7,vig_tiny,cifar10,0.3,0,_vig_stem,0.893619
20,0,7,vig_tiny,cifar10,0.3,1,_vig_blocks.0,0.821562
20,0,7,vig_tiny,cifar10,0.3,2,_vig_blocks.1,0.801517
20,0,7,vig_tiny,cifar10,0.3,3,_vig_blocks.2,0.772301
20,0,7,vig_tiny,cifar10,0.3,4,_vig_blocks.3,0.765125
20,0,7,vig_tiny,cifar10,0.3,5,_vig_blocks.4,0.753779
20,0,7,vig_tiny,cifar10,0.3,6,_vig_blocks.5,0.747437
20,0,7,vig_tiny,cifar10,0.3,7,_vig_blocks.6,0.730889
20,0,7,vig_tiny,cifar10,0.3,8,_vig_blocks.7,0.726276
20,0,7,vig_tiny,cifar10,0.3,9,_vig_blocks.8,0.687891
20,0,7,vig_tiny,cifar10,0.3,10,_vig_blocks.9,0.662403
20,0,7,vig_tiny,cifar10,0.3,11,_vig_blocks.10,0.618326
20,0,7,vig_tiny,cifar10,0.3,12,_vig_blocks.11,0.551152
20,0,7,vig_tiny,cifar10,0.3,13,classifier,0.313456
20,0,8,vig_tiny,cifar10,0.3,0,_vig_stem,0.905404
20,0,8,vig_tiny,cifar10,0.3,1,_vig_blocks.0,0.784604
20,0,8,vig_tiny,cifar10,0.3,2,_vig_blocks.1,0.741893
20,0,8,vig_tiny,cifar10,0.3,3,_vig_blocks.2,0.740886
20,0,8,vig_tiny,cifar10,0.3,4,_vig_blocks.3,0.736116
20,0,8,vig_tiny,cifar10,0.3,5,_vig_blocks.4,0.735400
20,0,8,vig_tiny,cifar10,0.3,6,_vig_blocks.5,0.726586
20,0,8,vig_tiny,cifar10,0.3,7,_vig_blocks.6,0.726884
20,0,8,vig_tiny,cifar10,0.3,8,_vig_blocks.7,0.726614
20,0,8,vig_tiny,cifar10,0.3,9,_vig_blocks.8,0.711640
20,0,8,vig_tiny,cifar10,0.3,10,_vig_blocks.9,0.696156
20,0,8,vig_tiny,cifar10,0.3,11,_vig_blocks.10,0.680727
20,0,8,vig_tiny,cifar10,0.3,12,_vig_blocks.11,0.653556
20,0,8,vig_tiny,cifar10,0.3,13,classifier,0.664145
20,0,9,vig_tiny,cifar10,0.3,0,_vig_stem,0.893755
20,0,9,vig_tiny,cifar10,0.3,1,_vig_blocks.0,0.822423
20,0,9,vig_tiny,cifar10,0.3,2,_vig_blocks.1,0.778491
20,0,9,vig_tiny,cifar10,0.3,3,_vig_blocks.2,0.759802
20,0,9,vig_tiny,cifar10,0.3,4,_vig_blocks.3,0.735116
20,0,9,vig_tiny,cifar10,0.3,5,_vig_blocks.4,0.701077
20,0,9,vig_tiny,cifar10,0.3,6,_vig_blocks.5,0.681543
20,0,9,vig_tiny,cifar10,0.3,7,_vig_blocks.6,0.674883
20,0,9,vig_tiny,cifar10,0.3,8,_vig_blocks.7,0.677531
20,0,9,vig_tiny,cifar10,0.3,9,_vig_blocks.8,0.665868
20,0,9,vig_tiny,cifar10,0.3,10,_vig_blocks.9,0.663810
20,0,9,vig_tiny,cifar10,0.3,11,_vig_blocks.10,0.644840
20,0,9,vig_tiny,cifar10,0.3,12,_vig_blocks.11,0.641585
20,0,9,vig_tiny,cifar10,0.3,13,classifier,0.608289
20,1,2,vig_tiny,cifar10,0.3,0,_vig_stem,0.893186
20,1,2,vig_tiny,cifar10,0.3,1,_vig_blocks.0,0.791394
20,1,2,vig_tiny,cifar10,0.3,2,_vig_blocks.1,0.797858
20,1,2,vig_tiny,cifar10,0.3,3,_vig_blocks.2,0.799532
20,1,2,vig_tiny,cifar10,0.3,4,_vig_blocks.3,0.773977
20,1,2,vig_tiny,cifar10,0.3,5,_vig_blocks.4,0.778280
20,1,2,vig_tiny,cifar10,0.3,6,_vig_blocks.5,0.771356
20,1,2,vig_tiny,cifar10,0.3,7,_vig_blocks.6,0.766169
20,1,2,vig_tiny,cifar10,0.3,8,_vig_blocks.7,0.774770
20,1,2,vig_tiny,cifar10,0.3,9,_vig_blocks.8,0.755414
20,1,2,vig_tiny,cifar10,0.3,10,_vig_blocks.9,0.743145
20,1,2,vig_tiny,cifar10,0.3,11,_vig_blocks.10,0.713315
20,1,2,vig_tiny,cifar10,0.3,12,_vig_blocks.11,0.676187
20,1,2,vig_tiny,cifar10,0.3,13,classifier,0.615531
20,1,3,vig_tiny,cifar10,0.3,0,_vig_stem,0.902220
20,1,3,vig_tiny,cifar10,0.3,1,_vig_blocks.0,0.832131
20,1,3,vig_tiny,cifar10,0.3,2,_vig_blocks.1,0.813620
20,1,3,vig_tiny,cifar10,0.3,3,_vig_blocks.2,0.810439
20,1,3,vig_tiny,cifar10,0.3,4,_vig_blocks.3,0.803197
20,1,3,vig_tiny,cifar10,0.3,5,_vig_blocks.4,0.783427
20,1,3,vig_tiny,cifar10,0.3,6,_vig_blocks.5,0.771866
20,1,3,vig_tiny,cifar10,0.3,7,_vig_blocks.6,0.753331
20,1,3,vig_tiny,cifar10,0.3,8,_vig_blocks.7,0.739801
20,1,3,vig_tiny,cifar10,0.3,9,_vig_blocks.8,0.717605
20,1,3,vig_tiny,cifar10,0.3,10,_vig_blocks.9,0.686271
20,1,3,vig_tiny,cifar10,0.3,11,_vig_blocks.10,0.655714
20,1,3,vig_tiny,cifar10,0.3,12,_vig_blocks.11,0.638862
20,1,3,vig_tiny,cifar10,0.3,13,classifier,0.584707
20,1,4,vig_tiny,cifar10,0.3,0,_vig_stem,0.886494
20,1,4,vig_tiny,cifar10,0.3,1,_vig_blocks.0,0.861885
20,1,4,vig_tiny,cifar10,0.3,2,_vig_blocks.1,0.861888
20,1,4,vig_tiny,cifar10,0.3,3,_vig_blocks.2,0.857945
20,1,4,vig_tiny,cifar10,0.3,4,_vig_blocks.3,0.837056
20,1,4,vig_tiny,cifar10,0.3,5,_vig_blocks.4,0.825259
20,1,4,vig_tiny,cifar10,0.3,6,_vig_blocks.5,0.818463
20,1,4,vig_tiny,cifar10,0.3,7,_vig_blocks.6,0.806398
20,1,4,vig_tiny,cifar10,0.3,8,_vig_blocks.7,0.799055
20,1,4,vig_tiny,cifar10,0.3,9,_vig_blocks.8,0.771430
20,1,4,vig_tiny,cifar10,0.3,10,_vig_blocks.9,0.727136
20,1,4,vig_tiny,cifar10,0.3,11,_vig_blocks.10,0.685346
20,1,4,vig_tiny,cifar10,0.3,12,_vig_blocks.11,0.643068
20,1,4,vig_tiny,cifar10,0.3,13,classifier,0.675090
20,1,5,vig_tiny,cifar10,0.3,0,_vig_stem,0.869371
20,1,5,vig_tiny,cifar10,0.3,1,_vig_blocks.0,0.787063
20,1,5,vig_tiny,cifar10,0.3,2,_vig_blocks.1,0.794155
20,1,5,vig_tiny,cifar10,0.3,3,_vig_blocks.2,0.789619
20,1,5,vig_tiny,cifar10,0.3,4,_vig_blocks.3,0.769253
20,1,5,vig_tiny,cifar10,0.3,5,_vig_blocks.4,0.767748
20,1,5,vig_tiny,cifar10,0.3,6,_vig_blocks.5,0.757805
20,1,5,vig_tiny,cifar10,0.3,7,_vig_blocks.6,0.760602
20,1,5,vig_tiny,cifar10,0.3,8,_vig_blocks.7,0.753184
20,1,5,vig_tiny,cifar10,0.3,9,_vig_blocks.8,0.724259
20,1,5,vig_tiny,cifar10,0.3,10,_vig_blocks.9,0.694798
20,1,5,vig_tiny,cifar10,0.3,11,_vig_blocks.10,0.650829
20,1,5,vig_tiny,cifar10,0.3,12,_vig_blocks.11,0.627500
20,1,5,vig_tiny,cifar10,0.3,13,classifier,0.579589
20,1,6,vig_tiny,cifar10,0.3,0,_vig_stem,0.805083
20,1,6,vig_tiny,cifar10,0.3,1,_vig_blocks.0,0.781419
20,1,6,vig_tiny,cifar10,0.3,2,_vig_blocks.1,0.769753
20,1,6,vig_tiny,cifar10,0.3,3,_vig_blocks.2,0.737532
20,1,6,vig_tiny,cifar10,0.3,4,_vig_blocks.3,0.747606
20,1,6,vig_tiny,cifar10,0.3,5,_vig_blocks.4,0.745099
20,1,6,vig_tiny,cifar10,0.3,6,_vig_blocks.5,0.724647
20,1,6,vig_tiny,cifar10,0.3,7,_vig_blocks.6,0.729832
20,1,6,vig_tiny,cifar10,0.3,8,_vig_blocks.7,0.735987
20,1,6,vig_tiny,cifar10,0.3,9,_vig_blocks.8,0.723305
20,1,6,vig_tiny,cifar10,0.3,10,_vig_blocks.9,0.720494
20,1,6,vig_tiny,cifar10,0.3,11,_vig_blocks.10,0.707170
20,1,6,vig_tiny,cifar10,0.3,12,_vig_blocks.11,0.675022
20,1,6,vig_tiny,cifar10,0.3,13,classifier,0.624423
20,1,7,vig_tiny,cifar10,0.3,0,_vig_stem,0.897813
20,1,7,vig_tiny,cifar10,0.3,1,_vig_blocks.0,0.807339
20,1,7,vig_tiny,cifar10,0.3,2,_vig_blocks.1,0.804940
20,1,7,vig_tiny,cifar10,0.3,3,_vig_blocks.2,0.784170
20,1,7,vig_tiny,cifar10,0.3,4,_vig_blocks.3,0.776388
20,1,7,vig_tiny,cifar10,0.3,5,_vig_blocks.4,0.762416
20,1,7,vig_tiny,cifar10,0.3,6,_vig_blocks.5,0.747473
20,1,7,vig_tiny,cifar10,0.3,7,_vig_blocks.6,0.742129
20,1,7,vig_tiny,cifar10,0.3,8,_vig_blocks.7,0.740940
20,1,7,vig_tiny,cifar10,0.3,9,_vig_blocks.8,0.702830
20,1,7,vig_tiny,cifar10,0.3,10,_vig_blocks.9,0.668960
20,1,7,vig_tiny,cifar10,0.3,11,_vig_blocks.10,0.626540
20,1,7,vig_tiny,cifar10,0.3,12,_vig_blocks.11,0.568917
20,1,7,vig_tiny,cifar10,0.3,13,classifier,0.362289
20,1,8,vig_tiny,cifar10,0.3,0,_vig_stem,0.872638
20,1,8,vig_tiny,cifar10,0.3,1,_vig_blocks.0,0.798015
20,1,8,vig_tiny,cifar10,0.3,2,_vig_blocks.1,0.762203
20,1,8,vig_tiny,cifar10,0.3,3,_vig_blocks.2,0.766678
20,1,8,vig_tiny,cifar10,0.3,4,_vig_blocks.3,0.784686
20,1,8,vig_tiny,cifar10,0.3,5,_vig_blocks.4,0.787765
20,1,8,vig_tiny,cifar10,0.3,6,_vig_blocks.5,0.772590
20,1,8,vig_tiny,cifar10,0.3,7,_vig_blocks.6,0.769049
20,1,8,vig_tiny,cifar10,0.3,8,_vig_blocks.7,0.772550
20,1,8,vig_tiny,cifar10,0.3,9,_vig_blocks.8,0.750528
20,1,8,vig_tiny,cifar10,0.3,10,_vig_blocks.9,0.728766
20,1,8,vig_tiny,cifar10,0.3,11,_vig_blocks.10,0.720204
20,1,8,vig_tiny,cifar10,0.3,12,_vig_blocks.11,0.680760
20,1,8,vig_tiny,cifar10,0.3,13,classifier,0.650879
20,1,9,vig_tiny,cifar10,0.3,0,_vig_stem,0.885654
20,1,9,vig_tiny,cifar10,0.3,1,_vig_blocks.0,0.834971
20,1,9,vig_tiny,cifar10,0.3,2,_vig_blocks.1,0.799332
20,1,9,vig_tiny,cifar10,0.3,3,_vig_blocks.2,0.795386
20,1,9,vig_tiny,cifar10,0.3,4,_vig_blocks.3,0.802555
20,1,9,vig_tiny,cifar10,0.3,5,_vig_blocks.4,0.789464
20,1,9,vig_tiny,cifar10,0.3,6,_vig_blocks.5,0.769948
20,1,9,vig_tiny,cifar10,0.3,7,_vig_blocks.6,0.763918
20,1,9,vig_tiny,cifar10,0.3,8,_vig_blocks.7,0.772527
20,1,9,vig_tiny,cifar10,0.3,9,_vig_blocks.8,0.757328
20,1,9,vig_tiny,cifar10,0.3,10,_vig_blocks.9,0.746498
20,1,9,vig_tiny,cifar10,0.3,11,_vig_blocks.10,0.740854
20,1,9,vig_tiny,cifar10,0.3,12,_vig_blocks.11,0.707113
20,1,9,vig_tiny,cifar10,0.3,13,classifier,0.708821
20,2,3,vig_tiny,cifar10,0.3,0,_vig_stem,0.916194
20,2,3,vig_tiny,cifar10,0.3,1,_vig_blocks.0,0.841281
20,2,3,vig_tiny,cifar10,0.3,2,_vig_blocks.1,0.824624
20,2,3,vig_tiny,cifar10,0.3,3,_vig_blocks.2,0.828697
20,2,3,vig_tiny,cifar10,0.3,4,_vig_blocks.3,0.819516
20,2,3,vig_tiny,cifar10,0.3,5,_vig_blocks.4,0.821344
20,2,3,vig_tiny,cifar10,0.3,6,_vig_blocks.5,0.810380
20,2,3,vig_tiny,cifar10,0.3,7,_vig_blocks.6,0.787216
20,2,3,vig_tiny,cifar10,0.3,8,_vig_blocks.7,0.778909
20,2,3,vig_tiny,cifar10,0.3,9,_vig_blocks.8,0.762861
20,2,3,vig_tiny,cifar10,0.3,10,_vig_blocks.9,0.735985
20,2,3,vig_tiny,cifar10,0.3,11,_vig_blocks.10,0.703056
20,2,3,vig_tiny,cifar10,0.3,12,_vig_blocks.11,0.663679
20,2,3,vig_tiny,cifar10,0.3,13,classifier,0.530439
20,2,4,vig_tiny,cifar10,0.3,0,_vig_stem,0.912106
20,2,4,vig_tiny,cifar10,0.3,1,_vig_blocks.0,0.856269
20,2,4,vig_tiny,cifar10,0.3,2,_vig_blocks.1,0.863744
20,2,4,vig_tiny,cifar10,0.3,3,_vig_blocks.2,0.873934
20,2,4,vig_tiny,cifar10,0.3,4,_vig_blocks.3,0.864826
20,2,4,vig_tiny,cifar10,0.3,5,_vig_blocks.4,0.867800
20,2,4,vig_tiny,cifar10,0.3,6,_vig_blocks.5,0.852269
20,2,4,vig_tiny,cifar10,0.3,7,_vig_blocks.6,0.838195
20,2,4,vig_tiny,cifar10,0.3,8,_vig_blocks.7,0.837728
20,2,4,vig_tiny,cifar10,0.3,9,_vig_blocks.8,0.823401
20,2,4,vig_tiny,cifar10,0.3,10,_vig_blocks.9,0.790162
20,2,4,vig_tiny,cifar10,0.3,11,_vig_blocks.10,0.756250
20,2,4,vig_tiny,cifar10,0.3,12,_vig_blocks.11,0.700306
20,2,4,vig_tiny,cifar10,0.3,13,classifier,0.574520
20,2,5,vig_tiny,cifar10,0.3,0,_vig_stem,0.862006
20,2,5,vig_tiny,cifar10,0.3,1,_vig_blocks.0,0.766341
20,2,5,vig_tiny,cifar10,0.3,2,_vig_blocks.1,0.791620
20,2,5,vig_tiny,cifar10,0.3,3,_vig_blocks.2,0.805523
20,2,5,vig_tiny,cifar10,0.3,4,_vig_blocks.3,0.812946
20,2,5,vig_tiny,cifar10,0.3,5,_vig_blocks.4,0.825499
20,2,5,vig_tiny,cifar10,0.3,6,_vig_blocks.5,0.804797
20,2,5,vig_tiny,cifar10,0.3,7,_vig_blocks.6,0.797746
20,2,5,vig_tiny,cifar10,0.3,8,_vig_blocks.7,0.809310
20,2,5,vig_tiny,cifar10,0.3,9,_vig_blocks.8,0.787636
20,2,5,vig_tiny,cifar10,0.3,10,_vig_blocks.9,0.749637
20,2,5,vig_tiny,cifar10,0.3,11,_vig_blocks.10,0.700436
20,2,5,vig_tiny,cifar10,0.3,12,_vig_blocks.11,0.652513
20,2,5,vig_tiny,cifar10,0.3,13,classifier,0.459361
20,2,6,vig_tiny,cifar10,0.3,0,_vig_stem,0.842154
20,2,6,vig_tiny,cifar10,0.3,1,_vig_blocks.0,0.789909
20,2,6,vig_tiny,cifar10,0.3,2,_vig_blocks.1,0.803335
20,2,6,vig_tiny,cifar10,0.3,3,_vig_blocks.2,0.805718
20,2,6,vig_tiny,cifar10,0.3,4,_vig_blocks.3,0.798155
20,2,6,vig_tiny,cifar10,0.3,5,_vig_blocks.4,0.776189
20,2,6,vig_tiny,cifar10,0.3,6,_vig_blocks.5,0.780841
20,2,6,vig_tiny,cifar10,0.3,7,_vig_blocks.6,0.786566
20,2,6,vig_tiny,cifar10,0.3,8,_vig_blocks.7,0.776851
20,2,6,vig_tiny,cifar10,0.3,9,_vig_blocks.8,0.741964
20,2,6,vig_tiny,cifar10,0.3,10,_vig_blocks.9,0.744175
20,2,6,vig_tiny,cifar10,0.3,11,_vig_blocks.10,0.723183
20,2,6,vig_tiny,cifar10,0.3,12,_vig_blocks.11,0.692206
20,2,6,vig_tiny,cifar10,0.3,13,classifier,0.640239
20,2,7,vig_tiny,cifar10,0.3,0,_vig_stem,0.914348
20,2,7,vig_tiny,cifar10,0.3,1,_vig_blocks.0,0.842599
20,2,7,vig_tiny,cifar10,0.3,2,_vig_blocks.1,0.823578
20,2,7,vig_tiny,cifar10,0.3,3,_vig_blocks.2,0.815518
20,2,7,vig_tiny,cifar10,0.3,4,_vig_blocks.3,0.821023
20,2,7,vig_tiny,cifar10,0.3,5,_vig_blocks.4,0.805358
20,2,7,vig_tiny,cifar10,0.3,6,_vig_blocks.5,0.790473
20,2,7,vig_tiny,cifar10,0.3,7,_vig_blocks.6,0.784368
20,2,7,vig_tiny,cifar10,0.3,8,_vig_blocks.7,0.777290
20,2,7,vig_tiny,cifar10,0.3,9,_vig_blocks.8,0.741391
20,2,7,vig_tiny,cifar10,0.3,10,_vig_blocks.9,0.707907
20,2,7,vig_tiny,cifar10,0.3,11,_vig_blocks.10,0.662123
20,2,7,vig_tiny,cifar10,0.3,12,_vig_blocks.11,0.600627
20,2,7,vig_tiny,cifar10,0.3,13,classifier,0.336404
20,2,8,vig_tiny,cifar10,0.3,0,_vig_stem,0.889649
20,2,8,vig_tiny,cifar10,0.3,1,_vig_blocks.0,0.812511
20,2,8,vig_tiny,cifar10,0.3,2,_vig_blocks.1,0.769803
20,2,8,vig_tiny,cifar10,0.3,3,_vig_blocks.2,0.759761
20,2,8,vig_tiny,cifar10,0.3,4,_vig_blocks.3,0.756025
20,2,8,vig_tiny,cifar10,0.3,5,_vig_blocks.4,0.747390
20,2,8,vig_tiny,cifar10,0.3,6,_vig_blocks.5,0.742612
20,2,8,vig_tiny,cifar10,0.3,7,_vig_blocks.6,0.734193
20,2,8,vig_tiny,cifar10,0.3,8,_vig_blocks.7,0.724090
20,2,8,vig_tiny,cifar10,0.3,9,_vig_blocks.8,0.691941
20,2,8,vig_tiny,cifar10,0.3,10,_vig_blocks.9,0.676011
20,2,8,vig_tiny,cifar10,0.3,11,_vig_blocks.10,0.647925
20,2,8,vig_tiny,cifar10,0.3,12,_vig_blocks.11,0.606982
20,2,8,vig_tiny,cifar10,0.3,13,classifier,0.617544
20,2,9,vig_tiny,cifar10,0.3,0,_vig_stem,0.866905
20,2,9,vig_tiny,cifar10,0.3,1,_vig_blocks.0,0.784875
20,2,9,vig_tiny,cifar10,0.3,2,_vig_blocks.1,0.769779
20,2,9,vig_tiny,cifar10,0.3,3,_vig_blocks.2,0.786076
20,2,9,vig_tiny,cifar10,0.3,4,_vig_blocks.3,0.780033
20,2,9,vig_tiny,cifar10,0.3,5,_vig_blocks.4,0.771163
20,2,9,vig_tiny,cifar10,0.3,6,_vig_blocks.5,0.760181
20,2,9,vig_tiny,cifar10,0.3,7,_vig_blocks.6,0.754472
20,2,9,vig_tiny,cifar10,0.3,8,_vig_blocks.7,0.762306
20,2,9,vig_tiny,cifar10,0.3,9,_vig_blocks.8,0.731128
20,2,9,vig_tiny,cifar10,0.3,10,_vig_blocks.9,0.719282
20,2,9,vig_tiny,cifar10,0.3,11,_vig_blocks.10,0.683620
20,2,9,vig_tiny,cifar10,0.3,12,_vig_blocks.11,0.657198
20,2,9,vig_tiny,cifar10,0.3,13,classifier,0.639414
20,3,4,vig_tiny,cifar10,0.3,0,_vig_stem,0.931795
20,3,4,vig_tiny,cifar10,0.3,1,_vig_blocks.0,0.896650
20,3,4,vig_tiny,cifar10,0.3,2,_vig_blocks.1,0.874078
20,3,4,vig_tiny,cifar10,0.3,3,_vig_blocks.2,0.873933
20,3,4,vig_tiny,cifar10,0.3,4,_vig_blocks.3,0.861177
20,3,4,vig_tiny,cifar10,0.3,5,_vig_blocks.4,0.849252
20,3,4,vig_tiny,cifar10,0.3,6,_vig_blocks.5,0.855782
20,3,4,vig_tiny,cifar10,0.3,7,_vig_blocks.6,0.853420
20,3,4,vig_tiny,cifar10,0.3,8,_vig_blocks.7,0.843788
20,3,4,vig_tiny,cifar10,0.3,9,_vig_blocks.8,0.837084
20,3,4,vig_tiny,cifar10,0.3,10,_vig_blocks.9,0.817054
20,3,4,vig_tiny,cifar10,0.3,11,_vig_blocks.10,0.807160
20,3,4,vig_tiny,cifar10,0.3,12,_vig_blocks.11,0.783497
20,3,4,vig_tiny,cifar10,0.3,13,classifier,0.752520
20,3,5,vig_tiny,cifar10,0.3,0,_vig_stem,0.914957
20,3,5,vig_tiny,cifar10,0.3,1,_vig_blocks.0,0.857423
20,3,5,vig_tiny,cifar10,0.3,2,_vig_blocks.1,0.855645
20,3,5,vig_tiny,cifar10,0.3,3,_vig_blocks.2,0.850386
20,3,5,vig_tiny,cifar10,0.3,4,_vig_blocks.3,0.842363
20,3,5,vig_tiny,cifar10,0.3,5,_vig_blocks.4,0.844397
20,3,5,vig_tiny,cifar10,0.3,6,_vig_blocks.5,0.846385
20,3,5,vig_tiny,cifar10,0.3,7,_vig_blocks.6,0.855842
20,3,5,vig_tiny,cifar10,0.3,8,_vig_blocks.7,0.836172
20,3,5,vig_tiny,cifar10,0.3,9,_vig_blocks.8,0.826987
20,3,5,vig_tiny,cifar10,0.3,10,_vig_blocks.9,0.797751
20,3,5,vig_tiny,cifar10,0.3,11,_vig_blocks.10,0.784721
20,3,5,vig_tiny,cifar10,0.3,12,_vig_blocks.11,0.752879
20,3,5,vig_tiny,cifar10,0.3,13,classifier,0.713027
20,3,6,vig_tiny,cifar10,0.3,0,_vig_stem,0.857220
20,3,6,vig_tiny,cifar10,0.3,1,_vig_blocks.0,0.803074
20,3,6,vig_tiny,cifar10,0.3,2,_vig_blocks.1,0.790796
20,3,6,vig_tiny,cifar10,0.3,3,_vig_blocks.2,0.778278
20,3,6,vig_tiny,cifar10,0.3,4,_vig_blocks.3,0.775299
20,3,6,vig_tiny,cifar10,0.3,5,_vig_blocks.4,0.771330
20,3,6,vig_tiny,cifar10,0.3,6,_vig_blocks.5,0.766158
20,3,6,vig_tiny,cifar10,0.3,7,_vig_blocks.6,0.747099
20,3,6,vig_tiny,cifar10,0.3,8,_vig_blocks.7,0.747297
20,3,6,vig_tiny,cifar10,0.3,9,_vig_blocks.8,0.727288
20,3,6,vig_tiny,cifar10,0.3,10,_vig_blocks.9,0.723502
20,3,6,vig_tiny,cifar10,0.3,11,_vig_blocks.10,0.713887
20,3,6,vig_tiny,cifar10,0.3,12,_vig_blocks.11,0.697285
20,3,6,vig_tiny,cifar10,0.3,13,classifier,0.641571
20,3,7,vig_tiny,cifar10,0.3,0,_vig_stem,0.897957
20,3,7,vig_tiny,cifar10,0.3,1,_vig_blocks.0,0.846633
20,3,7,vig_tiny,cifar10,0.3,2,_vig_blocks.1,0.799659
20,3,7,vig_tiny,cifar10,0.3,3,_vig_blocks.2,0.787529
20,3,7,vig_tiny,cifar10,0.3,4,_vig_blocks.3,0.790757
20,3,7,vig_tiny,cifar10,0.3,5,_vig_blocks.4,0.786102
20,3,7,vig_tiny,cifar10,0.3,6,_vig_blocks.5,0.780621
20,3,7,vig_tiny,cifar10,0.3,7,_vig_blocks.6,0.761991
20,3,7,vig_tiny,cifar10,0.3,8,_vig_blocks.7,0.744674
20,3,7,vig_tiny,cifar10,0.3,9,_vig_blocks.8,0.714652
20,3,7,vig_tiny,cifar10,0.3,10,_vig_blocks.9,0.677810
20,3,7,vig_tiny,cifar10,0.3,11,_vig_blocks.10,0.646271
20,3,7,vig_tiny,cifar10,0.3,12,_vig_blocks.11,0.597801
20,3,7,vig_tiny,cifar10,0.3,13,classifier,0.356182
20,3,8,vig_tiny,cifar10,0.3,0,_vig_stem,0.935338
20,3,8,vig_tiny,cifar10,0.3,1,_vig_blocks.0,0.815223
20,3,8,vig_tiny,cifar10,0.3,2,_vig_blocks.1,0.757140
20,3,8,vig_tiny,cifar10,0.3,3,_vig_blocks.2,0.756914
20,3,8,vig_tiny,cifar10,0.3,4,_vig_blocks.3,0.764236
20,3,8,vig_tiny,cifar10,0.3,5,_vig_blocks.4,0.758297
20,3,8,vig_tiny,cifar10,0.3,6,_vig_blocks.5,0.749174
20,3,8,vig_tiny,cifar10,0.3,7,_vig_blocks.6,0.728745
20,3,8,vig_tiny,cifar10,0.3,8,_vig_blocks.7,0.717422
20,3,8,vig_tiny,cifar10,0.3,9,_vig_blocks.8,0.698818
20,3,8,vig_tiny,cifar10,0.3,10,_vig_blocks.9,0.679063
20,3,8,vig_tiny,cifar10,0.3,11,_vig_blocks.10,0.644212
20,3,8,vig_tiny,cifar10,0.3,12,_vig_blocks.11,0.605347
20,3,8,vig_tiny,cifar10,0.3,13,classifier,0.461601
20,3,9,vig_tiny,cifar10,0.3,0,_vig_stem,0.903834
20,3,9,vig_tiny,cifar10,0.3,1,_vig_blocks.0,0.821692
20,3,9,vig_tiny,cifar10,0.3,2,_vig_blocks.1,0.777098
20,3,9,vig_tiny,cifar10,0.3,3,_vig_blocks.2,0.789557
20,3,9,vig_tiny,cifar10,0.3,4,_vig_blocks.3,0.792245
20,3,9,vig_tiny,cifar10,0.3,5,_vig_blocks.4,0.784107
20,3,9,vig_tiny,cifar10,0.3,6,_vig_blocks.5,0.771843
20,3,9,vig_tiny,cifar10,0.3,7,_vig_blocks.6,0.757028
20,3,9,vig_tiny,cifar10,0.3,8,_vig_blocks.7,0.738516
20,3,9,vig_tiny,cifar10,0.3,9,_vig_blocks.8,0.729018
20,3,9,vig_tiny,cifar10,0.3,10,_vig_blocks.9,0.720591
20,3,9,vig_tiny,cifar10,0.3,11,_vig_blocks.10,0.708829
20,3,9,vig_tiny,cifar10,0.3,12,_vig_blocks.11,0.687850
20,3,9,vig_tiny,cifar10,0.3,13,classifier,0.655808
20,4,5,vig_tiny,cifar10,0.3,0,_vig_stem,0.911800
20,4,5,vig_tiny,cifar10,0.3,1,_vig_blocks.0,0.863594
20,4,5,vig_tiny,cifar10,0.3,2,_vig_blocks.1,0.869141
20,4,5,vig_tiny,cifar10,0.3,3,_vig_blocks.2,0.866764
20,4,5,vig_tiny,cifar10,0.3,4,_vig_blocks.3,0.859868
20,4,5,vig_tiny,cifar10,0.3,5,_vig_blocks.4,0.863567
20,4,5,vig_tiny,cifar10,0.3,6,_vig_blocks.5,0.862333
20,4,5,vig_tiny,cifar10,0.3,7,_vig_blocks.6,0.862047
20,4,5,vig_tiny,cifar10,0.3,8,_vig_blocks.7,0.854734
20,4,5,vig_tiny,cifar10,0.3,9,_vig_blocks.8,0.836965
20,4,5,vig_tiny,cifar10,0.3,10,_vig_blocks.9,0.807982
20,4,5,vig_tiny,cifar10,0.3,11,_vig_blocks.10,0.797407
20,4,5,vig_tiny,cifar10,0.3,12,_vig_blocks.11,0.771032
20,4,5,vig_tiny,cifar10,0.3,13,classifier,0.716834
20,4,6,vig_tiny,cifar10,0.3,0,_vig_stem,0.873878
20,4,6,vig_tiny,cifar10,0.3,1,_vig_blocks.0,0.827200
20,4,6,vig_tiny,cifar10,0.3,2,_vig_blocks.1,0.825029
20,4,6,vig_tiny,cifar10,0.3,3,_vig_blocks.2,0.809209
20,4,6,vig_tiny,cifar10,0.3,4,_vig_blocks.3,0.803572
20,4,6,vig_tiny,cifar10,0.3,5,_vig_blocks.4,0.785586
20,4,6,vig_tiny,cifar10,0.3,6,_vig_blocks.5,0.774840
20,4,6,vig_tiny,cifar10,0.3,7,_vig_blocks.6,0.775125
20,4,6,vig_tiny,cifar10,0.3,8,_vig_blocks.7,0.775971
20,4,6,vig_tiny,cifar10,0.3,9,_vig_blocks.8,0.754952
20,4,6,vig_tiny,cifar10,0.3,10,_vig_blocks.9,0.741704
20,4,6,vig_tiny,cifar10,0.3,11,_vig_blocks.10,0.719412
20,4,6,vig_tiny,cifar10,0.3,12,_vig_blocks.11,0.690743
20,4,6,vig_tiny,cifar10,0.3,13,classifier,0.620551
20,4,7,vig_tiny,cifar10,0.3,0,_vig_stem,0.926910
20,4,7,vig_tiny,cifar10,0.3,1,_vig_blocks.0,0.854617
20,4,7,vig_tiny,cifar10,0.3,2,_vig_blocks.1,0.840331
20,4,7,vig_tiny,cifar10,0.3,3,_vig_blocks.2,0.832298
20,4,7,vig_tiny,cifar10,0.3,4,_vig_blocks.3,0.829656
20,4,7,vig_tiny,cifar10,0.3,5,_vig_blocks.4,0.819967
20,4,7,vig_tiny,cifar10,0.3,6,_vig_blocks.5,0.811745
20,4,7,vig_tiny,cifar10,0.3,7,_vig_blocks.6,0.800815
20,4,7,vig_tiny,cifar10,0.3,8,_vig_blocks.7,0.787007
20,4,7,vig_tiny,cifar10,0.3,9,_vig_blocks.8,0.746584
20,4,7,vig_tiny,cifar10,0.3,10,_vig_blocks.9,0.693451
20,4,7,vig_tiny,cifar10,0.3,11,_vig_blocks.10,0.651349
20,4,7,vig_tiny,cifar10,0.3,12,_vig_blocks.11,0.587433
20,4,7,vig_tiny,cifar10,0.3,13,classifier,0.348191
20,4,8,vig_tiny,cifar10,0.3,0,_vig_stem,0.870798
20,4,8,vig_tiny,cifar10,0.3,1,_vig_blocks.0,0.792854
20,4,8,vig_tiny,cifar10,0.3,2,_vig_blocks.1,0.756534
20,4,8,vig_tiny,cifar10,0.3,3,_vig_blocks.2,0.761995
20,4,8,vig_tiny,cifar10,0.3,4,_vig_blocks.3,0.766334
20,4,8,vig_tiny,cifar10,0.3,5,_vig_blocks.4,0.758327
20,4,8,vig_tiny,cifar10,0.3,6,_vig_blocks.5,0.754723
20,4,8,vig_tiny,cifar10,0.3,7,_vig_blocks.6,0.735264
20,4,8,vig_tiny,cifar10,0.3,8,_vig_blocks.7,0.732613
20,4,8,vig_tiny,cifar10,0.3,9,_vig_blocks.8,0.708848
20,4,8,vig_tiny,cifar10,0.3,10,_vig_blocks.9,0.679656
20,4,8,vig_tiny,cifar10,0.3,11,_vig_blocks.10,0.639030
20,4,8,vig_tiny,cifar10,0.3,12,_vig_blocks.11,0.597773
20,4,8,vig_tiny,cifar10,0.3,13,classifier,0.556031
20,4,9,vig_tiny,cifar10,0.3,0,_vig_stem,0.910126
20,4,9,vig_tiny,cifar10,0.3,1,_vig_blocks.0,0.845324
20,4,9,vig_tiny,cifar10,0.3,2,_vig_blocks.1,0.822211
20,4,9,vig_tiny,cifar10,0.3,3,_vig_blocks.2,0.834310
20,4,9,vig_tiny,cifar10,0.3,4,_vig_blocks.3,0.821514
20,4,9,vig_tiny,cifar10,0.3,5,_vig_blocks.4,0.808004
20,4,9,vig_tiny,cifar10,0.3,6,_vig_blocks.5,0.805915
20,4,9,vig_tiny,cifar10,0.3,7,_vig_blocks.6,0.795970
20,4,9,vig_tiny,cifar10,0.3,8,_vig_blocks.7,0.786761
20,4,9,vig_tiny,cifar10,0.3,9,_vig_blocks.8,0.775191
20,4,9,vig_tiny,cifar10,0.3,10,_vig_blocks.9,0.754605
20,4,9,vig_tiny,cifar10,0.3,11,_vig_blocks.10,0.724691
20,4,9,vig_tiny,cifar10,0.3,12,_vig_blocks.11,0.686433
20,4,9,vig_tiny,cifar10,0.3,13,classifier,0.674228
20,5,6,vig_tiny,cifar10,0.3,0,_vig_stem,0.836382
20,5,6,vig_tiny,cifar10,0.3,1,_vig_blocks.0,0.756236
20,5,6,vig_tiny,cifar10,0.3,2,_vig_blocks.1,0.747723
20,5,6,vig_tiny,cifar10,0.3,3,_vig_blocks.2,0.704434
20,5,6,vig_tiny,cifar10,0.3,4,_vig_blocks.3,0.701035
20,5,6,vig_tiny,cifar10,0.3,5,_vig_blocks.4,0.702705
20,5,6,vig_tiny,cifar10,0.3,6,_vig_blocks.5,0.688806
20,5,6,vig_tiny,cifar10,0.3,7,_vig_blocks.6,0.708646
20,5,6,vig_tiny,cifar10,0.3,8,_vig_blocks.7,0.704641
20,5,6,vig_tiny,cifar10,0.3,9,_vig_blocks.8,0.674289
20,5,6,vig_tiny,cifar10,0.3,10,_vig_blocks.9,0.654953
20,5,6,vig_tiny,cifar10,0.3,11,_vig_blocks.10,0.639719
20,5,6,vig_tiny,cifar10,0.3,12,_vig_blocks.11,0.607657
20,5,6,vig_tiny,cifar10,0.3,13,classifier,0.495293
20,5,7,vig_tiny,cifar10,0.3,0,_vig_stem,0.861991
20,5,7,vig_tiny,cifar10,0.3,1,_vig_blocks.0,0.793210
20,5,7,vig_tiny,cifar10,0.3,2,_vig_blocks.1,0.780039
20,5,7,vig_tiny,cifar10,0.3,3,_vig_blocks.2,0.753358
20,5,7,vig_tiny,cifar10,0.3,4,_vig_blocks.3,0.763790
20,5,7,vig_tiny,cifar10,0.3,5,_vig_blocks.4,0.775846
20,5,7,vig_tiny,cifar10,0.3,6,_vig_blocks.5,0.767602
20,5,7,vig_tiny,cifar10,0.3,7,_vig_blocks.6,0.757528
20,5,7,vig_tiny,cifar10,0.3,8,_vig_blocks.7,0.749905
20,5,7,vig_tiny,cifar10,0.3,9,_vig_blocks.8,0.717689
20,5,7,vig_tiny,cifar10,0.3,10,_vig_blocks.9,0.687075
20,5,7,vig_tiny,cifar10,0.3,11,_vig_blocks.10,0.648445
20,5,7,vig_tiny,cifar10,0.3,12,_vig_blocks.11,0.586750
20,5,7,vig_tiny,cifar10,0.3,13,classifier,0.359569
20,5,8,vig_tiny,cifar10,0.3,0,_vig_stem,0.882880
20,5,8,vig_tiny,cifar10,0.3,1,_vig_blocks.0,0.775320
20,5,8,vig_tiny,cifar10,0.3,2,_vig_blocks.1,0.747890
20,5,8,vig_tiny,cifar10,0.3,3,_vig_blocks.2,0.734580
20,5,8,vig_tiny,cifar10,0.3,4,_vig_blocks.3,0.745232
20,5,8,vig_tiny,cifar10,0.3,5,_vig_blocks.4,0.749046
20,5,8,vig_tiny,cifar10,0.3,6,_vig_blocks.5,0.749661
20,5,8,vig_tiny,cifar10,0.3,7,_vig_blocks.6,0.744072
20,5,8,vig_tiny,cifar10,0.3,8,_vig_blocks.7,0.730457
20,5,8,vig_tiny,cifar10,0.3,9,_vig_blocks.8,0.705955
20,5,8,vig_tiny,cifar10,0.3,10,_vig_blocks.9,0.677211
20,5,8,vig_tiny,cifar10,0.3,11,_vig_blocks.10,0.634219
20,5,8,vig_tiny,cifar10,0.3,12,_vig_blocks.11,0.580224
20,5,8,vig_tiny,cifar10,0.3,13,classifier,0.363976
20,5,9,vig_tiny,cifar10,0.3,0,_vig_stem,0.890185
20,5,9,vig_tiny,cifar10,0.3,1,_vig_blocks.0,0.814594
20,5,9,vig_tiny,cifar10,0.3,2,_vig_blocks.1,0.804310
20,5,9,vig_tiny,cifar10,0.3,3,_vig_blocks.2,0.808815
20,5,9,vig_tiny,cifar10,0.3,4,_vig_blocks.3,0.807010
20,5,9,vig_tiny,cifar10,0.3,5,_vig_blocks.4,0.799888
20,5,9,vig_tiny,cifar10,0.3,6,_vig_blocks.5,0.796799
20,5,9,vig_tiny,cifar10,0.3,7,_vig_blocks.6,0.788555
20,5,9,vig_tiny,cifar10,0.3,8,_vig_blocks.7,0.781896
20,5,9,vig_tiny,cifar10,0.3,9,_vig_blocks.8,0.756710
20,5,9,vig_tiny,cifar10,0.3,10,_vig_blocks.9,0.741251
20,5,9,vig_tiny,cifar10,0.3,11,_vig_blocks.10,0.711267
20,5,9,vig_tiny,cifar10,0.3,12,_vig_blocks.11,0.675128
20,5,9,vig_tiny,cifar10,0.3,13,classifier,0.536484
20,6,7,vig_tiny,cifar10,0.3,0,_vig_stem,0.827962
20,6,7,vig_tiny,cifar10,0.3,1,_vig_blocks.0,0.787368
20,6,7,vig_tiny,cifar10,0.3,2,_vig_blocks.1,0.793550
20,6,7,vig_tiny,cifar10,0.3,3,_vig_blocks.2,0.778342
20,6,7,vig_tiny,cifar10,0.3,4,_vig_blocks.3,0.785741
20,6,7,vig_tiny,cifar10,0.3,5,_vig_blocks.4,0.779616
20,6,7,vig_tiny,cifar10,0.3,6,_vig_blocks.5,0.744652
20,6,7,vig_tiny,cifar10,0.3,7,_vig_blocks.6,0.751838
20,6,7,vig_tiny,cifar10,0.3,8,_vig_blocks.7,0.744673
20,6,7,vig_tiny,cifar10,0.3,9,_vig_blocks.8,0.698086
20,6,7,vig_tiny,cifar10,0.3,10,_vig_blocks.9,0.660328
20,6,7,vig_tiny,cifar10,0.3,11,_vig_blocks.10,0.625238
20,6,7,vig_tiny,cifar10,0.3,12,_vig_blocks.11,0.553528
20,6,7,vig_tiny,cifar10,0.3,13,classifier,0.316372
20,6,8,vig_tiny,cifar10,0.3,0,_vig_stem,0.807674
20,6,8,vig_tiny,cifar10,0.3,1,_vig_blocks.0,0.739874
20,6,8,vig_tiny,cifar10,0.3,2,_vig_blocks.1,0.725325
20,6,8,vig_tiny,cifar10,0.3,3,_vig_blocks.2,0.712286
20,6,8,vig_tiny,cifar10,0.3,4,_vig_blocks.3,0.715312
20,6,8,vig_tiny,cifar10,0.3,5,_vig_blocks.4,0.713776
20,6,8,vig_tiny,cifar10,0.3,6,_vig_blocks.5,0.707989
20,6,8,vig_tiny,cifar10,0.3,7,_vig_blocks.6,0.714786
20,6,8,vig_tiny,cifar10,0.3,8,_vig_blocks.7,0.722456
20,6,8,vig_tiny,cifar10,0.3,9,_vig_blocks.8,0.699217
20,6,8,vig_tiny,cifar10,0.3,10,_vig_blocks.9,0.687001
20,6,8,vig_tiny,cifar10,0.3,11,_vig_blocks.10,0.682652
20,6,8,vig_tiny,cifar10,0.3,12,_vig_blocks.11,0.658496
20,6,8,vig_tiny,cifar10,0.3,13,classifier,0.691401
20,6,9,vig_tiny,cifar10,0.3,0,_vig_stem,0.843134
20,6,9,vig_tiny,cifar10,0.3,1,_vig_blocks.0,0.814234
20,6,9,vig_tiny,cifar10,0.3,2,_vig_blocks.1,0.790700
20,6,9,vig_tiny,cifar10,0.3,3,_vig_blocks.2,0.766634
20,6,9,vig_tiny,cifar10,0.3,4,_vig_blocks.3,0.771860
20,6,9,vig_tiny,cifar10,0.3,5,_vig_blocks.4,0.771295
20,6,9,vig_tiny,cifar10,0.3,6,_vig_blocks.5,0.752211
20,6,9,vig_tiny,cifar10,0.3,7,_vig_blocks.6,0.761686
20,6,9,vig_tiny,cifar10,0.3,8,_vig_blocks.7,0.763478
20,6,9,vig_tiny,cifar10,0.3,9,_vig_blocks.8,0.748382
20,6,9,vig_tiny,cifar10,0.3,10,_vig_blocks.9,0.751313
20,6,9,vig_tiny,cifar10,0.3,11,_vig_blocks.10,0.749147
20,6,9,vig_tiny,cifar10,0.3,12,_vig_blocks.11,0.723826
20,6,9,vig_tiny,cifar10,0.3,13,classifier,0.745833
20,7,8,vig_tiny,cifar10,0.3,0,_vig_stem,0.870338
20,7,8,vig_tiny,cifar10,0.3,1,_vig_blocks.0,0.804260
20,7,8,vig_tiny,cifar10,0.3,2,_vig_blocks.1,0.781894
20,7,8,vig_tiny,cifar10,0.3,3,_vig_blocks.2,0.773336
20,7,8,vig_tiny,cifar10,0.3,4,_vig_blocks.3,0.786078
20,7,8,vig_tiny,cifar10,0.3,5,_vig_blocks.4,0.778463
20,7,8,vig_tiny,cifar10,0.3,6,_vig_blocks.5,0.764196
20,7,8,vig_tiny,cifar10,0.3,7,_vig_blocks.6,0.751651
20,7,8,vig_tiny,cifar10,0.3,8,_vig_blocks.7,0.733991
20,7,8,vig_tiny,cifar10,0.3,9,_vig_blocks.8,0.688438
20,7,8,vig_tiny,cifar10,0.3,10,_vig_blocks.9,0.648233
20,7,8,vig_tiny,cifar10,0.3,11,_vig_blocks.10,0.603285
20,7,8,vig_tiny,cifar10,0.3,12,_vig_blocks.11,0.520715
20,7,8,vig_tiny,cifar10,0.3,13,classifier,0.283782
20,7,9,vig_tiny,cifar10,0.3,0,_vig_stem,0.885637
20,7,9,vig_tiny,cifar10,0.3,1,_vig_blocks.0,0.818110
20,7,9,vig_tiny,cifar10,0.3,2,_vig_blocks.1,0.801246
20,7,9,vig_tiny,cifar10,0.3,3,_vig_blocks.2,0.795026
20,7,9,vig_tiny,cifar10,0.3,4,_vig_blocks.3,0.807497
20,7,9,vig_tiny,cifar10,0.3,5,_vig_blocks.4,0.790126
20,7,9,vig_tiny,cifar10,0.3,6,_vig_blocks.5,0.773414
20,7,9,vig_tiny,cifar10,0.3,7,_vig_blocks.6,0.763405
20,7,9,vig_tiny,cifar10,0.3,8,_vig_blocks.7,0.742326
20,7,9,vig_tiny,cifar10,0.3,9,_vig_blocks.8,0.700424
20,7,9,vig_tiny,cifar10,0.3,10,_vig_blocks.9,0.661844
20,7,9,vig_tiny,cifar10,0.3,11,_vig_blocks.10,0.621050
20,7,9,vig_tiny,cifar10,0.3,12,_vig_blocks.11,0.557140
20,7,9,vig_tiny,cifar10,0.3,13,classifier,0.336586
20,8,9,vig_tiny,cifar10,0.3,0,_vig_stem,0.879158
20,8,9,vig_tiny,cifar10,0.3,1,_vig_blocks.0,0.814758
20,8,9,vig_tiny,cifar10,0.3,2,_vig_blocks.1,0.781283
20,8,9,vig_tiny,cifar10,0.3,3,_vig_blocks.2,0.795951
20,8,9,vig_tiny,cifar10,0.3,4,_vig_blocks.3,0.798607
20,8,9,vig_tiny,cifar10,0.3,5,_vig_blocks.4,0.784917
20,8,9,vig_tiny,cifar10,0.3,6,_vig_blocks.5,0.771367
20,8,9,vig_tiny,cifar10,0.3,7,_vig_blocks.6,0.764663
20,8,9,vig_tiny,cifar10,0.3,8,_vig_blocks.7,0.775495
20,8,9,vig_tiny,cifar10,0.3,9,_vig_blocks.8,0.763763
20,8,9,vig_tiny,cifar10,0.3,10,_vig_blocks.9,0.752596
20,8,9,vig_tiny,cifar10,0.3,11,_vig_blocks.10,0.746801
20,8,9,vig_tiny,cifar10,0.3,12,_vig_blocks.11,0.714748
20,8,9,vig_tiny,cifar10,0.3,13,classifier,0.761839
30,0,1,vig_tiny,cifar10,0.3,0,_vig_stem,0.909110
30,0,1,vig_tiny,cifar10,0.3,1,_vig_blocks.0,0.847577
30,0,1,vig_tiny,cifar10,0.3,2,_vig_blocks.1,0.805811
30,0,1,vig_tiny,cifar10,0.3,3,_vig_blocks.2,0.791262
30,0,1,vig_tiny,cifar10,0.3,4,_vig_blocks.3,0.785739
30,0,1,vig_tiny,cifar10,0.3,5,_vig_blocks.4,0.801488
30,0,1,vig_tiny,cifar10,0.3,6,_vig_blocks.5,0.795714
30,0,1,vig_tiny,cifar10,0.3,7,_vig_blocks.6,0.800180
30,0,1,vig_tiny,cifar10,0.3,8,_vig_blocks.7,0.786486
30,0,1,vig_tiny,cifar10,0.3,9,_vig_blocks.8,0.765004
30,0,1,vig_tiny,cifar10,0.3,10,_vig_blocks.9,0.754908
30,0,1,vig_tiny,cifar10,0.3,11,_vig_blocks.10,0.734654
30,0,1,vig_tiny,cifar10,0.3,12,_vig_blocks.11,0.680554
30,0,1,vig_tiny,cifar10,0.3,13,classifier,0.569935
30,0,2,vig_tiny,cifar10,0.3,0,_vig_stem,0.848716
30,0,2,vig_tiny,cifar10,0.3,1,_vig_blocks.0,0.773850
30,0,2,vig_tiny,cifar10,0.3,2,_vig_blocks.1,0.746781
30,0,2,vig_tiny,cifar10,0.3,3,_vig_blocks.2,0.719583
30,0,2,vig_tiny,cifar10,0.3,4,_vig_blocks.3,0.713993
30,0,2,vig_tiny,cifar10,0.3,5,_vig_blocks.4,0.724822
30,0,2,vig_tiny,cifar10,0.3,6,_vig_blocks.5,0.702694
30,0,2,vig_tiny,cifar10,0.3,7,_vig_blocks.6,0.688735
30,0,2,vig_tiny,cifar10,0.3,8,_vig_blocks.7,0.699353
30,0,2,vig_tiny,cifar10,0.3,9,_vig_blocks.8,0.690377
30,0,2,vig_tiny,cifar10,0.3,10,_vig_blocks.9,0.686455
30,0,2,vig_tiny,cifar10,0.3,11,_vig_blocks.10,0.657635
30,0,2,vig_tiny,cifar10,0.3,12,_vig_blocks.11,0.622394
30,0,2,vig_tiny,cifar10,0.3,13,classifier,0.727472
30,0,3,vig_tiny,cifar10,0.3,0,_vig_stem,0.875529
30,0,3,vig_tiny,cifar10,0.3,1,_vig_blocks.0,0.817864
30,0,3,vig_tiny,cifar10,0.3,2,_vig_blocks.1,0.769161
30,0,3,vig_tiny,cifar10,0.3,3,_vig_blocks.2,0.751133
30,0,3,vig_tiny,cifar10,0.3,4,_vig_blocks.3,0.755431
30,0,3,vig_tiny,cifar10,0.3,5,_vig_blocks.4,0.755048
30,0,3,vig_tiny,cifar10,0.3,6,_vig_blocks.5,0.748644
30,0,3,vig_tiny,cifar10,0.3,7,_vig_blocks.6,0.738239
30,0,3,vig_tiny,cifar10,0.3,8,_vig_blocks.7,0.724402
30,0,3,vig_tiny,cifar10,0.3,9,_vig_blocks.8,0.701899
30,0,3,vig_tiny,cifar10,0.3,10,_vig_blocks.9,0.666752
30,0,3,vig_tiny,cifar10,0.3,11,_vig_blocks.10,0.630587
30,0,3,vig_tiny,cifar10,0.3,12,_vig_blocks.11,0.590364
30,0,3,vig_tiny,cifar10,0.3,13,classifier,0.518994
30,0,4,vig_tiny,cifar10,0.3,0,_vig_stem,0.905277
30,0,4,vig_tiny,cifar10,0.3,1,_vig_blocks.0,0.875327
30,0,4,vig_tiny,cifar10,0.3,2,_vig_blocks.1,0.858254
30,0,4,vig_tiny,cifar10,0.3,3,_vig_blocks.2,0.857344
30,0,4,vig_tiny,cifar10,0.3,4,_vig_blocks.3,0.843280
30,0,4,vig_tiny,cifar10,0.3,5,_vig_blocks.4,0.839402
30,0,4,vig_tiny,cifar10,0.3,6,_vig_blocks.5,0.834322
30,0,4,vig_tiny,cifar10,0.3,7,_vig_blocks.6,0.827435
30,0,4,vig_tiny,cifar10,0.3,8,_vig_blocks.7,0.822166
30,0,4,vig_tiny,cifar10,0.3,9,_vig_blocks.8,0.795642
30,0,4,vig_tiny,cifar10,0.3,10,_vig_blocks.9,0.767223
30,0,4,vig_tiny,cifar10,0.3,11,_vig_blocks.10,0.725264
30,0,4,vig_tiny,cifar10,0.3,12,_vig_blocks.11,0.654858
30,0,4,vig_tiny,cifar10,0.3,13,classifier,0.657678
30,0,5,vig_tiny,cifar10,0.3,0,_vig_stem,0.900575
30,0,5,vig_tiny,cifar10,0.3,1,_vig_blocks.0,0.841420
30,0,5,vig_tiny,cifar10,0.3,2,_vig_blocks.1,0.818510
30,0,5,vig_tiny,cifar10,0.3,3,_vig_blocks.2,0.815576
30,0,5,vig_tiny,cifar10,0.3,4,_vig_blocks.3,0.815273
30,0,5,vig_tiny,cifar10,0.3,5,_vig_blocks.4,0.810011
30,0,5,vig_tiny,cifar10,0.3,6,_vig_blocks.5,0.801897
30,0,5,vig_tiny,cifar10,0.3,7,_vig_blocks.6,0.797846
30,0,5,vig_tiny,cifar10,0.3,8,_vig_blocks.7,0.777197
30,0,5,vig_tiny,cifar10,0.3,9,_vig_blocks.8,0.739369
30,0,5,vig_tiny,cifar10,0.3,10,_vig_blocks.9,0.690795
30,0,5,vig_tiny,cifar10,0.3,11,_vig_blocks.10,0.630459
30,0,5,vig_tiny,cifar10,0.3,12,_vig_blocks.11,0.532594
30,0,5,vig_tiny,cifar10,0.3,13,classifier,0.386988
30,0,6,vig_tiny,cifar10,0.3,0,_vig_stem,0.868573
30,0,6,vig_tiny,cifar10,0.3,1,_vig_blocks.0,0.765911
30,0,6,vig_tiny,cifar10,0.3,2,_vig_blocks.1,0.726375
30,0,6,vig_tiny,cifar10,0.3,3,_vig_blocks.2,0.735543
30,0,6,vig_tiny,cifar10,0.3,4,_vig_blocks.3,0.732834
30,0,6,vig_tiny,cifar10,0.3,5,_vig_blocks.4,0.733414
30,0,6,vig_tiny,cifar10,0.3,6,_vig_blocks.5,0.730647
30,0,6,vig_tiny,cifar10,0.3,7,_vig_blocks.6,0.726785
30,0,6,vig_tiny,cifar10,0.3,8,_vig_blocks.7,0.714873
30,0,6,vig_tiny,cifar10,0.3,9,_vig_blocks.8,0.697497
30,0,6,vig_tiny,cifar10,0.3,10,_vig_blocks.9,0.680578
30,0,6,vig_tiny,cifar10,0.3,11,_vig_blocks.10,0.660040
30,0,6,vig_tiny,cifar10,0.3,12,_vig_blocks.11,0.597828
30,0,6,vig_tiny,cifar10,0.3,13,classifier,0.564755
30,0,7,vig_tiny,cifar10,0.3,0,_vig_stem,0.849978
30,0,7,vig_tiny,cifar10,0.3,1,_vig_blocks.0,0.795891
30,0,7,vig_tiny,cifar10,0.3,2,_vig_blocks.1,0.770646
30,0,7,vig_tiny,cifar10,0.3,3,_vig_blocks.2,0.761202
30,0,7,vig_tiny,cifar10,0.3,4,_vig_blocks.3,0.774430
30,0,7,vig_tiny,cifar10,0.3,5,_vig_blocks.4,0.777536
30,0,7,vig_tiny,cifar10,0.3,6,_vig_blocks.5,0.758923
30,0,7,vig_tiny,cifar10,0.3,7,_vig_blocks.6,0.741541
30,0,7,vig_tiny,cifar10,0.3,8,_vig_blocks.7,0.731071
30,0,7,vig_tiny,cifar10,0.3,9,_vig_blocks.8,0.698920
30,0,7,vig_tiny,cifar10,0.3,10,_vig_blocks.9,0.659607
30,0,7,vig_tiny,cifar10,0.3,11,_vig_blocks.10,0.621150
30,0,7,vig_tiny,cifar10,0.3,12,_vig_blocks.11,0.543133
30,0,7,vig_tiny,cifar10,0.3,13,classifier,0.297481
30,0,8,vig_tiny,cifar10,0.3,0,_vig_stem,0.844186
30,0,8,vig_tiny,cifar10,0.3,1,_vig_blocks.0,0.779451
30,0,8,vig_tiny,cifar10,0.3,2,_vig_blocks.1,0.786925
30,0,8,vig_tiny,cifar10,0.3,3,_vig_blocks.2,0.806535
30,0,8,vig_tiny,cifar10,0.3,4,_vig_blocks.3,0.802992
30,0,8,vig_tiny,cifar10,0.3,5,_vig_blocks.4,0.796819
30,0,8,vig_tiny,cifar10,0.3,6,_vig_blocks.5,0.786100
30,0,8,vig_tiny,cifar10,0.3,7,_vig_blocks.6,0.786575
30,0,8,vig_tiny,cifar10,0.3,8,_vig_blocks.7,0.798349
30,0,8,vig_tiny,cifar10,0.3,9,_vig_blocks.8,0.777918
30,0,8,vig_tiny,cifar10,0.3,10,_vig_blocks.9,0.768624
30,0,8,vig_tiny,cifar10,0.3,11,_vig_blocks.10,0.739963
30,0,8,vig_tiny,cifar10,0.3,12,_vig_blocks.11,0.683317
30,0,8,vig_tiny,cifar10,0.3,13,classifier,0.722666
30,0,9,vig_tiny,cifar10,0.3,0,_vig_stem,0.862203
30,0,9,vig_tiny,cifar10,0.3,1,_vig_blocks.0,0.817535
30,0,9,vig_tiny,cifar10,0.3,2,_vig_blocks.1,0.796580
30,0,9,vig_tiny,cifar10,0.3,3,_vig_blocks.2,0.812510
30,0,9,vig_tiny,cifar10,0.3,4,_vig_blocks.3,0.806029
30,0,9,vig_tiny,cifar10,0.3,5,_vig_blocks.4,0.805662
30,0,9,vig_tiny,cifar10,0.3,6,_vig_blocks.5,0.795171
30,0,9,vig_tiny,cifar10,0.3,7,_vig_blocks.6,0.779857
30,0,9,vig_tiny,cifar10,0.3,8,_vig_blocks.7,0.784056
30,0,9,vig_tiny,cifar10,0.3,9,_vig_blocks.8,0.754478
30,0,9,vig_tiny,cifar10,0.3,10,_vig_blocks.9,0.730960
30,0,9,vig_tiny,cifar10,0.3,11,_vig_blocks.10,0.690847
30,0,9,vig_tiny,cifar10,0.3,12,_vig_blocks.11,0.619428
30,0,9,vig_tiny,cifar10,0.3,13,classifier,0.551801
30,1,2,vig_tiny,cifar10,0.3,0,_vig_stem,0.892197
30,1,2,vig_tiny,cifar10,0.3,1,_vig_blocks.0,0.813067
30,1,2,vig_tiny,cifar10,0.3,2,_vig_blocks.1,0.773563
30,1,2,vig_tiny,cifar10,0.3,3,_vig_blocks.2,0.786511
30,1,2,vig_tiny,cifar10,0.3,4,_vig_blocks.3,0.755711
30,1,2,vig_tiny,cifar10,0.3,5,_vig_blocks.4,0.754676
30,1,2,vig_tiny,cifar10,0.3,6,_vig_blocks.5,0.728879
30,1,2,vig_tiny,cifar10,0.3,7,_vig_blocks.6,0.729363
30,1,2,vig_tiny,cifar10,0.3,8,_vig_blocks.7,0.736345
30,1,2,vig_tiny,cifar10,0.3,9,_vig_blocks.8,0.734507
30,1,2,vig_tiny,cifar10,0.3,10,_vig_blocks.9,0.722902
30,1,2,vig_tiny,cifar10,0.3,11,_vig_blocks.10,0.700646
30,1,2,vig_tiny,cifar10,0.3,12,_vig_blocks.11,0.644563
30,1,2,vig_tiny,cifar10,0.3,13,classifier,0.516669
30,1,3,vig_tiny,cifar10,0.3,0,_vig_stem,0.906255
30,1,3,vig_tiny,cifar10,0.3,1,_vig_blocks.0,0.833699
30,1,3,vig_tiny,cifar10,0.3,2,_vig_blocks.1,0.785738
30,1,3,vig_tiny,cifar10,0.3,3,_vig_blocks.2,0.761415
30,1,3,vig_tiny,cifar10,0.3,4,_vig_blocks.3,0.770737
30,1,3,vig_tiny,cifar10,0.3,5,_vig_blocks.4,0.765676
30,1,3,vig_tiny,cifar10,0.3,6,_vig_blocks.5,0.757123
30,1,3,vig_tiny,cifar10,0.3,7,_vig_blocks.6,0.750601
30,1,3,vig_tiny,cifar10,0.3,8,_vig_blocks.7,0.744302
30,1,3,vig_tiny,cifar10,0.3,9,_vig_blocks.8,0.717532
30,1,3,vig_tiny,cifar10,0.3,10,_vig_blocks.9,0.690799
30,1,3,vig_tiny,cifar10,0.3,11,_vig_blocks.10,0.669346
30,1,3,vig_tiny,cifar10,0.3,12,_vig_blocks.11,0.638611
30,1,3,vig_tiny,cifar10,0.3,13,classifier,0.662408
30,1,4,vig_tiny,cifar10,0.3,0,_vig_stem,0.916808
30,1,4,vig_tiny,cifar10,0.3,1,_vig_blocks.0,0.880757
30,1,4,vig_tiny,cifar10,0.3,2,_vig_blocks.1,0.863432
30,1,4,vig_tiny,cifar10,0.3,3,_vig_blocks.2,0.856446
30,1,4,vig_tiny,cifar10,0.3,4,_vig_blocks.3,0.844400
30,1,4,vig_tiny,cifar10,0.3,5,_vig_blocks.4,0.843449
30,1,4,vig_tiny,cifar10,0.3,6,_vig_blocks.5,0.832247
30,1,4,vig_tiny,cifar10,0.3,7,_vig_blocks.6,0.818820
30,1,4,vig_tiny,cifar10,0.3,8,_vig_blocks.7,0.814164
30,1,4,vig_tiny,cifar10,0.3,9,_vig_blocks.8,0.789878
30,1,4,vig_tiny,cifar10,0.3,10,_vig_blocks.9,0.761633
30,1,4,vig_tiny,cifar10,0.3,11,_vig_blocks.10,0.725644
30,1,4,vig_tiny,cifar10,0.3,12,_vig_blocks.11,0.661172
30,1,4,vig_tiny,cifar10,0.3,13,classifier,0.644681
30,1,5,vig_tiny,cifar10,0.3,0,_vig_stem,0.895578
30,1,5,vig_tiny,cifar10,0.3,1,_vig_blocks.0,0.824696
30,1,5,vig_tiny,cifar10,0.3,2,_vig_blocks.1,0.800172
30,1,5,vig_tiny,cifar10,0.3,3,_vig_blocks.2,0.806045
30,1,5,vig_tiny,cifar10,0.3,4,_vig_blocks.3,0.794690
30,1,5,vig_tiny,cifar10,0.3,5,_vig_blocks.4,0.799344
30,1,5,vig_tiny,cifar10,0.3,6,_vig_blocks.5,0.782837
30,1,5,vig_tiny,cifar10,0.3,7,_vig_blocks.6,0.780842
30,1,5,vig_tiny,cifar10,0.3,8,_vig_blocks.7,0.770134
30,1,5,vig_tiny,cifar10,0.3,9,_vig_blocks.8,0.751083
30,1,5,vig_tiny,cifar10,0.3,10,_vig_blocks.9,0.733037
30,1,5,vig_tiny,cifar10,0.3,11,_vig_blocks.10,0.694339
30,1,5,vig_tiny,cifar10,0.3,12,_vig_blocks.11,0.650648
30,1,5,vig_tiny,cifar10,0.3,13,classifier,0.626207
30,1,6,vig_tiny,cifar10,0.3,0,_vig_stem,0.906259
30,1,6,vig_tiny,cifar10,0.3,1,_vig_blocks.0,0.804046
30,1,6,vig_tiny,cifar10,0.3,2,_vig_blocks.1,0.762423
30,1,6,vig_tiny,cifar10,0.3,3,_vig_blocks.2,0.753827
30,1,6,vig_tiny,cifar10,0.3,4,_vig_blocks.3,0.772530
30,1,6,vig_tiny,cifar10,0.3,5,_vig_blocks.4,0.776307
30,1,6,vig_tiny,cifar10,0.3,6,_vig_blocks.5,0.771417
30,1,6,vig_tiny,cifar10,0.3,7,_vig_blocks.6,0.761038
30,1,6,vig_tiny,cifar10,0.3,8,_vig_blocks.7,0.760264
30,1,6,vig_tiny,cifar10,0.3,9,_vig_blocks.8,0.739190
30,1,6,vig_tiny,cifar10,0.3,10,_vig_blocks.9,0.730188
30,1,6,vig_tiny,cifar10,0.3,11,_vig_blocks.10,0.711694
30,1,6,vig_tiny,cifar10,0.3,12,_vig_blocks.11,0.671697
30,1,6,vig_tiny,cifar10,0.3,13,classifier,0.650984
30,1,7,vig_tiny,cifar10,0.3,0,_vig_stem,0.870940
30,1,7,vig_tiny,cifar10,0.3,1,_vig_blocks.0,0.788768
30,1,7,vig_tiny,cifar10,0.3,2,_vig_blocks.1,0.764906
30,1,7,vig_tiny,cifar10,0.3,3,_vig_blocks.2,0.768815
30,1,7,vig_tiny,cifar10,0.3,4,_vig_blocks.3,0.780037
30,1,7,vig_tiny,cifar10,0.3,5,_vig_blocks.4,0.779136
30,1,7,vig_tiny,cifar10,0.3,6,_vig_blocks.5,0.752053
30,1,7,vig_tiny,cifar10,0.3,7,_vig_blocks.6,0.737907
30,1,7,vig_tiny,cifar10,0.3,8,_vig_blocks.7,0.720269
30,1,7,vig_tiny,cifar10,0.3,9,_vig_blocks.8,0.684173
30,1,7,vig_tiny,cifar10,0.3,10,_vig_blocks.9,0.659839
30,1,7,vig_tiny,cifar10,0.3,11,_vig_blocks.10,0.623594
30,1,7,vig_tiny,cifar10,0.3,12,_vig_blocks.11,0.572611
30,1,7,vig_tiny,cifar10,0.3,13,classifier,0.385640
30,1,8,vig_tiny,cifar10,0.3,0,_vig_stem,0.880897
30,1,8,vig_tiny,cifar10,0.3,1,_vig_blocks.0,0.810831
30,1,8,vig_tiny,cifar10,0.3,2,_vig_blocks.1,0.799170
30,1,8,vig_tiny,cifar10,0.3,3,_vig_blocks.2,0.791890
30,1,8,vig_tiny,cifar10,0.3,4,_vig_blocks.3,0.797458
30,1,8,vig_tiny,cifar10,0.3,5,_vig_blocks.4,0.804854
30,1,8,vig_tiny,cifar10,0.3,6,_vig_blocks.5,0.795278
30,1,8,vig_tiny,cifar10,0.3,7,_vig_blocks.6,0.803376
30,1,8,vig_tiny,cifar10,0.3,8,_vig_blocks.7,0.800397
30,1,8,vig_tiny,cifar10,0.3,9,_vig_blocks.8,0.780907
30,1,8,vig_tiny,cifar10,0.3,10,_vig_blocks.9,0.760933
30,1,8,vig_tiny,cifar10,0.3,11,_vig_blocks.10,0.733188
30,1,8,vig_tiny,cifar10,0.3,12,_vig_blocks.11,0.672915
30,1,8,vig_tiny,cifar10,0.3,13,classifier,0.626359
30,1,9,vig_tiny,cifar10,0.3,0,_vig_stem,0.891867
30,1,9,vig_tiny,cifar10,0.3,1,_vig_blocks.0,0.846007
30,1,9,vig_tiny,cifar10,0.3,2,_vig_blocks.1,0.811129
30,1,9,vig_tiny,cifar10,0.3,3,_vig_blocks.2,0.795167
30,1,9,vig_tiny,cifar10,0.3,4,_vig_blocks.3,0.796248
30,1,9,vig_tiny,cifar10,0.3,5,_vig_blocks.4,0.788126
30,1,9,vig_tiny,cifar10,0.3,6,_vig_blocks.5,0.772597
30,1,9,vig_tiny,cifar10,0.3,7,_vig_blocks.6,0.771654
30,1,9,vig_tiny,cifar10,0.3,8,_vig_blocks.7,0.779802
30,1,9,vig_tiny,cifar10,0.3,9,_vig_blocks.8,0.750281
30,1,9,vig_tiny,cifar10,0.3,10,_vig_blocks.9,0.747753
30,1,9,vig_tiny,cifar10,0.3,11,_vig_blocks.10,0.719097
30,1,9,vig_tiny,cifar10,0.3,12,_vig_blocks.11,0.670657
30,1,9,vig_tiny,cifar10,0.3,13,classifier,0.701253
30,2,3,vig_tiny,cifar10,0.3,0,_vig_stem,0.884260
30,2,3,vig_tiny,cifar10,0.3,1,_vig_blocks.0,0.745298
30,2,3,vig_tiny,cifar10,0.3,2,_vig_blocks.1,0.655905
30,2,3,vig_tiny,cifar10,0.3,3,_vig_blocks.2,0.622453
30,2,3,vig_tiny,cifar10,0.3,4,_vig_blocks.3,0.615077
30,2,3,vig_tiny,cifar10,0.3,5,_vig_blocks.4,0.609521
30,2,3,vig_tiny,cifar10,0.3,6,_vig_blocks.5,0.584487
30,2,3,vig_tiny,cifar10,0.3,7,_vig_blocks.6,0.595813
30,2,3,vig_tiny,cifar10,0.3,8,_vig_blocks.7,0.599426
30,2,3,vig_tiny,cifar10,0.3,9,_vig_blocks.8,0.590315
30,2,3,vig_tiny,cifar10,0.3,10,_vig_blocks.9,0.570422
30,2,3,vig_tiny,cifar10,0.3,11,_vig_blocks.10,0.532341
30,2,3,vig_tiny,cifar10,0.3,12,_vig_blocks.11,0.507060
30,2,3,vig_tiny,cifar10,0.3,13,classifier,0.454566
30,2,4,vig_tiny,cifar10,0.3,0,_vig_stem,0.903540
30,2,4,vig_tiny,cifar10,0.3,1,_vig_blocks.0,0.829080
30,2,4,vig_tiny,cifar10,0.3,2,_vig_blocks.1,0.797467
30,2,4,vig_tiny,cifar10,0.3,3,_vig_blocks.2,0.793495
30,2,4,vig_tiny,cifar10,0.3,4,_vig_blocks.3,0.792917
30,2,4,vig_tiny,cifar10,0.3,5,_vig_blocks.4,0.797045
30,2,4,vig_tiny,cifar10,0.3,6,_vig_blocks.5,0.781570
30,2,4,vig_tiny,cifar10,0.3,7,_vig_blocks.6,0.787186
30,2,4,vig_tiny,cifar10,0.3,8,_vig_blocks.7,0.794181
30,2,4,vig_tiny,cifar10,0.3,9,_vig_blocks.8,0.797106
30,2,4,vig_tiny,cifar10,0.3,10,_vig_blocks.9,0.774268
30,2,4,vig_tiny,cifar10,0.3,11,_vig_blocks.10,0.735388
30,2,4,vig_tiny,cifar10,0.3,12,_vig_blocks.11,0.684799
30,2,4,vig_tiny,cifar10,0.3,13,classifier,0.646832
30,2,5,vig_tiny,cifar10,0.3,0,_vig_stem,0.876916
30,2,5,vig_tiny,cifar10,0.3,1,_vig_blocks.0,0.809757
30,2,5,vig_tiny,cifar10,0.3,2,_vig_blocks.1,0.785662
30,2,5,vig_tiny,cifar10,0.3,3,_vig_blocks.2,0.780478
30,2,5,vig_tiny,cifar10,0.3,4,_vig_blocks.3,0.772047
30,2,5,vig_tiny,cifar10,0.3,5,_vig_blocks.4,0.771268
30,2,5,vig_tiny,cifar10,0.3,6,_vig_blocks.5,0.749171
30,2,5,vig_tiny,cifar10,0.3,7,_vig_blocks.6,0.744798
30,2,5,vig_tiny,cifar10,0.3,8,_vig_blocks.7,0.751692
30,2,5,vig_tiny,cifar10,0.3,9,_vig_blocks.8,0.744028
30,2,5,vig_tiny,cifar10,0.3,10,_vig_blocks.9,0.707060
30,2,5,vig_tiny,cifar10,0.3,11,_vig_blocks.10,0.654171
30,2,5,vig_tiny,cifar10,0.3,12,_vig_blocks.11,0.589299
30,2,5,vig_tiny,cifar10,0.3,13,classifier,0.382307
30,2,6,vig_tiny,cifar10,0.3,0,_vig_stem,0.877505
30,2,6,vig_tiny,cifar10,0.3,1,_vig_blocks.0,0.748194
30,2,6,vig_tiny,cifar10,0.3,2,_vig_blocks.1,0.678322
30,2,6,vig_tiny,cifar10,0.3,3,_vig_blocks.2,0.644045
30,2,6,vig_tiny,cifar10,0.3,4,_vig_blocks.3,0.634896
30,2,6,vig_tiny,cifar10,0.3,5,_vig_blocks.4,0.635357
30,2,6,vig_tiny,cifar10,0.3,6,_vig_blocks.5,0.619239
30,2,6,vig_tiny,cifar10,0.3,7,_vig_blocks.6,0.617910
30,2,6,vig_tiny,cifar10,0.3,8,_vig_blocks.7,0.634679
30,2,6,vig_tiny,cifar10,0.3,9,_vig_blocks.8,0.642964
30,2,6,vig_tiny,cifar10,0.3,10,_vig_blocks.9,0.638763
30,2,6,vig_tiny,cifar10,0.3,11,_vig_blocks.10,0.629591
30,2,6,vig_tiny,cifar10,0.3,12,_vig_blocks.11,0.582651
30,2,6,vig_tiny,cifar10,0.3,13,classifier,0.525006
30,2,7,vig_tiny,cifar10,0.3,0,_vig_stem,0.871417
30,2,7,vig_tiny,cifar10,0.3,1,_vig_blocks.0,0.813494
30,2,7,vig_tiny,cifar10,0.3,2,_vig_blocks.1,0.756403
30,2,7,vig_tiny,cifar10,0.3,3,_vig_blocks.2,0.729740
30,2,7,vig_tiny,cifar10,0.3,4,_vig_blocks.3,0.741699
30,2,7,vig_tiny,cifar10,0.3,5,_vig_blocks.4,0.729513
30,2,7,vig_tiny,cifar10,0.3,6,_vig_blocks.5,0.698800
30,2,7,vig_tiny,cifar10,0.3,7,_vig_blocks.6,0.699609
30,2,7,vig_tiny,cifar10,0.3,8,_vig_blocks.7,0.689758
30,2,7,vig_tiny,cifar10,0.3,9,_vig_blocks.8,0.676889
30,2,7,vig_tiny,cifar10,0.3,10,_vig_blocks.9,0.640079
30,2,7,vig_tiny,cifar10,0.3,11,_vig_blocks.10,0.596203
30,2,7,vig_tiny,cifar10,0.3,12,_vig_blocks.11,0.532083
30,2,7,vig_tiny,cifar10,0.3,13,classifier,0.265207
30,2,8,vig_tiny,cifar10,0.3,0,_vig_stem,0.862315
30,2,8,vig_tiny,cifar10,0.3,1,_vig_blocks.0,0.791508
30,2,8,vig_tiny,cifar10,0.3,2,_vig_blocks.1,0.761502
30,2,8,vig_tiny,cifar10,0.3,3,_vig_blocks.2,0.730473
30,2,8,vig_tiny,cifar10,0.3,4,_vig_blocks.3,0.721313
30,2,8,vig_tiny,cifar10,0.3,5,_vig_blocks.4,0.718684
30,2,8,vig_tiny,cifar10,0.3,6,_vig_blocks.5,0.688559
30,2,8,vig_tiny,cifar10,0.3,7,_vig_blocks.6,0.689589
30,2,8,vig_tiny,cifar10,0.3,8,_vig_blocks.7,0.717012
30,2,8,vig_tiny,cifar10,0.3,9,_vig_blocks.8,0.715139
30,2,8,vig_tiny,cifar10,0.3,10,_vig_blocks.9,0.706796
30,2,8,vig_tiny,cifar10,0.3,11,_vig_blocks.10,0.684724
30,2,8,vig_tiny,cifar10,0.3,12,_vig_blocks.11,0.650312
30,2,8,vig_tiny,cifar10,0.3,13,classifier,0.693509
30,2,9,vig_tiny,cifar10,0.3,0,_vig_stem,0.881564
30,2,9,vig_tiny,cifar10,0.3,1,_vig_blocks.0,0.788387
30,2,9,vig_tiny,cifar10,0.3,2,_vig_blocks.1,0.727534
30,2,9,vig_tiny,cifar10,0.3,3,_vig_blocks.2,0.718435
30,2,9,vig_tiny,cifar10,0.3,4,_vig_blocks.3,0.709413
30,2,9,vig_tiny,cifar10,0.3,5,_vig_blocks.4,0.700750
30,2,9,vig_tiny,cifar10,0.3,6,_vig_blocks.5,0.692325
30,2,9,vig_tiny,cifar10,0.3,7,_vig_blocks.6,0.690794
30,2,9,vig_tiny,cifar10,0.3,8,_vig_blocks.7,0.699291
30,2,9,vig_tiny,cifar10,0.3,9,_vig_blocks.8,0.701439
30,2,9,vig_tiny,cifar10,0.3,10,_vig_blocks.9,0.694933
30,2,9,vig_tiny,cifar10,0.3,11,_vig_blocks.10,0.664990
30,2,9,vig_tiny,cifar10,0.3,12,_vig_blocks.11,0.614370
30,2,9,vig_tiny,cifar10,0.3,13,classifier,0.534704
30,3,4,vig_tiny,cifar10,0.3,0,_vig_stem,0.897536
30,3,4,vig_tiny,cifar10,0.3,1,_vig_blocks.0,0.843855
30,3,4,vig_tiny,cifar10,0.3,2,_vig_blocks.1,0.807882
30,3,4,vig_tiny,cifar10,0.3,3,_vig_blocks.2,0.776004
30,3,4,vig_tiny,cifar10,0.3,4,_vig_blocks.3,0.764740
30,3,4,vig_tiny,cifar10,0.3,5,_vig_blocks.4,0.748119
30,3,4,vig_tiny,cifar10,0.3,6,_vig_blocks.5,0.745663
30,3,4,vig_tiny,cifar10,0.3,7,_vig_blocks.6,0.751085
30,3,4,vig_tiny,cifar10,0.3,8,_vig_blocks.7,0.740253
30,3,4,vig_tiny,cifar10,0.3,9,_vig_blocks.8,0.725544
30,3,4,vig_tiny,cifar10,0.3,10,_vig_blocks.9,0.714801
30,3,4,vig_tiny,cifar10,0.3,11,_vig_blocks.10,0.706421
30,3,4,vig_tiny,cifar10,0.3,12,_vig_blocks.11,0.688105
30,3,4,vig_tiny,cifar10,0.3,13,classifier,0.699530
30,3,5,vig_tiny,cifar10,0.3,0,_vig_stem,0.885444
30,3,5,vig_tiny,cifar10,0.3,1,_vig_blocks.0,0.791588
30,3,5,vig_tiny,cifar10,0.3,2,_vig_blocks.1,0.727737
30,3,5,vig_tiny,cifar10,0.3,3,_vig_blocks.2,0.710077
30,3,5,vig_tiny,cifar10,0.3,4,_vig_blocks.3,0.707585
30,3,5,vig_tiny,cifar10,0.3,5,_vig_blocks.4,0.691295
30,3,5,vig_tiny,cifar10,0.3,6,_vig_blocks.5,0.678608
30,3,5,vig_tiny,cifar10,0.3,7,_vig_blocks.6,0.690929
30,3,5,vig_tiny,cifar10,0.3,8,_vig_blocks.7,0.675883
30,3,5,vig_tiny,cifar10,0.3,9,_vig_blocks.8,0.655178
30,3,5,vig_tiny,cifar10,0.3,10,_vig_blocks.9,0.629163
30,3,5,vig_tiny,cifar10,0.3,11,_vig_blocks.10,0.599775
30,3,5,vig_tiny,cifar10,0.3,12,_vig_blocks.11,0.551186
30,3,5,vig_tiny,cifar10,0.3,13,classifier,0.610016
30,3,6,vig_tiny,cifar10,0.3,0,_vig_stem,0.869378
30,3,6,vig_tiny,cifar10,0.3,1,_vig_blocks.0,0.788725
30,3,6,vig_tiny,cifar10,0.3,2,_vig_blocks.1,0.764028
30,3,6,vig_tiny,cifar10,0.3,3,_vig_blocks.2,0.768494
30,3,6,vig_tiny,cifar10,0.3,4,_vig_blocks.3,0.774767
30,3,6,vig_tiny,cifar10,0.3,5,_vig_blocks.4,0.764625
30,3,6,vig_tiny,cifar10,0.3,6,_vig_blocks.5,0.760410
30,3,6,vig_tiny,cifar10,0.3,7,_vig_blocks.6,0.746151
30,3,6,vig_tiny,cifar10,0.3,8,_vig_blocks.7,0.732769
30,3,6,vig_tiny,cifar10,0.3,9,_vig_blocks.8,0.724497
30,3,6,vig_tiny,cifar10,0.3,10,_vig_blocks.9,0.696028
30,3,6,vig_tiny,cifar10,0.3,11,_vig_blocks.10,0.674682
30,3,6,vig_tiny,cifar10,0.3,12,_vig_blocks.11,0.633725
30,3,6,vig_tiny,cifar10,0.3,13,classifier,0.654095
30,3,7,vig_tiny,cifar10,0.3,0,_vig_stem,0.860445
30,3,7,vig_tiny,cifar10,0.3,1,_vig_blocks.0,0.764249
30,3,7,vig_tiny,cifar10,0.3,2,_vig_blocks.1,0.696969
30,3,7,vig_tiny,cifar10,0.3,3,_vig_blocks.2,0.676536
30,3,7,vig_tiny,cifar10,0.3,4,_vig_blocks.3,0.694164
30,3,7,vig_tiny,cifar10,0.3,5,_vig_blocks.4,0.694723
30,3,7,vig_tiny,cifar10,0.3,6,_vig_blocks.5,0.678354
30,3,7,vig_tiny,cifar10,0.3,7,_vig_blocks.6,0.685861
30,3,7,vig_tiny,cifar10,0.3,8,_vig_blocks.7,0.671126
30,3,7,vig_tiny,cifar10,0.3,9,_vig_blocks.8,0.658236
30,3,7,vig_tiny,cifar10,0.3,10,_vig_blocks.9,0.634204
30,3,7,vig_tiny,cifar10,0.3,11,_vig_blocks.10,0.619240
30,3,7,vig_tiny,cifar10,0.3,12,_vig_blocks.11,0.571962
30,3,7,vig_tiny,cifar10,0.3,13,classifier,0.411669
30,3,8,vig_tiny,cifar10,0.3,0,_vig_stem,0.879062
30,3,8,vig_tiny,cifar10,0.3,1,_vig_blocks.0,0.784643
30,3,8,vig_tiny,cifar10,0.3,2,_vig_blocks.1,0.776264
30,3,8,vig_tiny,cifar10,0.3,3,_vig_blocks.2,0.749450
30,3,8,vig_tiny,cifar10,0.3,4,_vig_blocks.3,0.741343
30,3,8,vig_tiny,cifar10,0.3,5,_vig_blocks.4,0.714223
30,3,8,vig_tiny,cifar10,0.3,6,_vig_blocks.5,0.703472
30,3,8,vig_tiny,cifar10,0.3,7,_vig_blocks.6,0.704495
30,3,8,vig_tiny,cifar10,0.3,8,_vig_blocks.7,0.697457
30,3,8,vig_tiny,cifar10,0.3,9,_vig_blocks.8,0.679413
30,3,8,vig_tiny,cifar10,0.3,10,_vig_blocks.9,0.655325
30,3,8,vig_tiny,cifar10,0.3,11,_vig_blocks.10,0.637365
30,3,8,vig_tiny,cifar10,0.3,12,_vig_blocks.11,0.615263
30,3,8,vig_tiny,cifar10,0.3,13,classifier,0.597014
30,3,9,vig_tiny,cifar10,0.3,0,_vig_stem,0.910008
30,3,9,vig_tiny,cifar10,0.3,1,_vig_blocks.0,0.859014
30,3,9,vig_tiny,cifar10,0.3,2,_vig_blocks.1,0.809794
30,3,9,vig_tiny,cifar10,0.3,3,_vig_blocks.2,0.789772
30,3,9,vig_tiny,cifar10,0.3,4,_vig_blocks.3,0.785781
30,3,9,vig_tiny,cifar10,0.3,5,_vig_blocks.4,0.789526
30,3,9,vig_tiny,cifar10,0.3,6,_vig_blocks.5,0.766217
30,3,9,vig_tiny,cifar10,0.3,7,_vig_blocks.6,0.762234
30,3,9,vig_tiny,cifar10,0.3,8,_vig_blocks.7,0.758637
30,3,9,vig_tiny,cifar10,0.3,9,_vig_blocks.8,0.749571
30,3,9,vig_tiny,cifar10,0.3,10,_vig_blocks.9,0.749445
30,3,9,vig_tiny,cifar10,0.3,11,_vig_blocks.10,0.753035
30,3,9,vig_tiny,cifar10,0.3,12,_vig_blocks.11,0.745571
30,3,9,vig_tiny,cifar10,0.3,13,classifier,0.801724
30,4,5,vig_tiny,cifar10,0.3,0,_vig_stem,0.891282
30,4,5,vig_tiny,cifar10,0.3,1,_vig_blocks.0,0.873344
30,4,5,vig_tiny,cifar10,0.3,2,_vig_blocks.1,0.861420
30,4,5,vig_tiny,cifar10,0.3,3,_vig_blocks.2,0.869295
30,4,5,vig_tiny,cifar10,0.3,4,_vig_blocks.3,0.880962
30,4,5,vig_tiny,cifar10,0.3,5,_vig_blocks.4,0.870756
30,4,5,vig_tiny,cifar10,0.3,6,_vig_blocks.5,0.859991
30,4,5,vig_tiny,cifar10,0.3,7,_vig_blocks.6,0.851996
30,4,5,vig_tiny,cifar10,0.3,8,_vig_blocks.7,0.841703
30,4,5,vig_tiny,cifar10,0.3,9,_vig_blocks.8,0.821421
30,4,5,vig_tiny,cifar10,0.3,10,_vig_blocks.9,0.793454
30,4,5,vig_tiny,cifar10,0.3,11,_vig_blocks.10,0.743935
30,4,5,vig_tiny,cifar10,0.3,12,_vig_blocks.11,0.671902
30,4,5,vig_tiny,cifar10,0.3,13,classifier,0.559946
30,4,6,vig_tiny,cifar10,0.3,0,_vig_stem,0.885742
30,4,6,vig_tiny,cifar10,0.3,1,_vig_blocks.0,0.789313
30,4,6,vig_tiny,cifar10,0.3,2,_vig_blocks.1,0.755397
30,4,6,vig_tiny,cifar10,0.3,3,_vig_blocks.2,0.755383
30,4,6,vig_tiny,cifar10,0.3,4,_vig_blocks.3,0.755517
30,4,6,vig_tiny,cifar10,0.3,5,_vig_blocks.4,0.743630
30,4,6,vig_tiny,cifar10,0.3,6,_vig_blocks.5,0.740477
30,4,6,vig_tiny,cifar10,0.3,7,_vig_blocks.6,0.736242
30,4,6,vig_tiny,cifar10,0.3,8,_vig_blocks.7,0.736700
30,4,6,vig_tiny,cifar10,0.3,9,_vig_blocks.8,0.728104
30,4,6,vig_tiny,cifar10,0.3,10,_vig_blocks.9,0.711386
30,4,6,vig_tiny,cifar10,0.3,11,_vig_blocks.10,0.694144
30,4,6,vig_tiny,cifar10,0.3,12,_vig_blocks.11,0.643545
30,4,6,vig_tiny,cifar10,0.3,13,classifier,0.606573
30,4,7,vig_tiny,cifar10,0.3,0,_vig_stem,0.912612
30,4,7,vig_tiny,cifar10,0.3,1,_vig_blocks.0,0.834532
30,4,7,vig_tiny,cifar10,0.3,2,_vig_blocks.1,0.805234
30,4,7,vig_tiny,cifar10,0.3,3,_vig_blocks.2,0.812991
30,4,7,vig_tiny,cifar10,0.3,4,_vig_blocks.3,0.831436
30,4,7,vig_tiny,cifar10,0.3,5,_vig_blocks.4,0.831886
30,4,7,vig_tiny,cifar10,0.3,6,_vig_blocks.5,0.822714
30,4,7,vig_tiny,cifar10,0.3,7,_vig_blocks.6,0.811937
30,4,7,vig_tiny,cifar10,0.3,8,_vig_blocks.7,0.791485
30,4,7,vig_tiny,cifar10,0.3,9,_vig_blocks.8,0.758707
30,4,7,vig_tiny,cifar10,0.3,10,_vig_blocks.9,0.735509
30,4,7,vig_tiny,cifar10,0.3,11,_vig_blocks.10,0.710159
30,4,7,vig_tiny,cifar10,0.3,12,_vig_blocks.11,0.649600
30,4,7,vig_tiny,cifar10,0.3,13,classifier,0.465064
30,4,8,vig_tiny,cifar10,0.3,0,_vig_stem,0.818467
30,4,8,vig_tiny,cifar10,0.3,1,_vig_blocks.0,0.830012
30,4,8,vig_tiny,cifar10,0.3,2,_vig_blocks.1,0.834865
30,4,8,vig_tiny,cifar10,0.3,3,_vig_blocks.2,0.842905
30,4,8,vig_tiny,cifar10,0.3,4,_vig_blocks.3,0.835820
30,4,8,vig_tiny,cifar10,0.3,5,_vig_blocks.4,0.828604
30,4,8,vig_tiny,cifar10,0.3,6,_vig_blocks.5,0.818492
30,4,8,vig_tiny,cifar10,0.3,7,_vig_blocks.6,0.807283
30,4,8,vig_tiny,cifar10,0.3,8,_vig_blocks.7,0.810721
30,4,8,vig_tiny,cifar10,0.3,9,_vig_blocks.8,0.784621
30,4,8,vig_tiny,cifar10,0.3,10,_vig_blocks.9,0.752940
30,4,8,vig_tiny,cifar10,0.3,11,_vig_blocks.10,0.709870
30,4,8,vig_tiny,cifar10,0.3,12,_vig_blocks.11,0.653175
30,4,8,vig_tiny,cifar10,0.3,13,classifier,0.705169
30,4,9,vig_tiny,cifar10,0.3,0,_vig_stem,0.925917
30,4,9,vig_tiny,cifar10,0.3,1,_vig_blocks.0,0.880441
30,4,9,vig_tiny,cifar10,0.3,2,_vig_blocks.1,0.860101
30,4,9,vig_tiny,cifar10,0.3,3,_vig_blocks.2,0.862452
30,4,9,vig_tiny,cifar10,0.3,4,_vig_blocks.3,0.840768
30,4,9,vig_tiny,cifar10,0.3,5,_vig_blocks.4,0.833111
30,4,9,vig_tiny,cifar10,0.3,6,_vig_blocks.5,0.837138
30,4,9,vig_tiny,cifar10,0.3,7,_vig_blocks.6,0.838403
30,4,9,vig_tiny,cifar10,0.3,8,_vig_blocks.7,0.833284
30,4,9,vig_tiny,cifar10,0.3,9,_vig_blocks.8,0.825758
30,4,9,vig_tiny,cifar10,0.3,10,_vig_blocks.9,0.809871
30,4,9,vig_tiny,cifar10,0.3,11,_vig_blocks.10,0.784969
30,4,9,vig_tiny,cifar10,0.3,12,_vig_blocks.11,0.753603
30,4,9,vig_tiny,cifar10,0.3,13,classifier,0.746170
30,5,6,vig_tiny,cifar10,0.3,0,_vig_stem,0.872129
30,5,6,vig_tiny,cifar10,0.3,1,_vig_blocks.0,0.761290
30,5,6,vig_tiny,cifar10,0.3,2,_vig_blocks.1,0.722964
30,5,6,vig_tiny,cifar10,0.3,3,_vig_blocks.2,0.731650
30,5,6,vig_tiny,cifar10,0.3,4,_vig_blocks.3,0.745081
30,5,6,vig_tiny,cifar10,0.3,5,_vig_blocks.4,0.747180
30,5,6,vig_tiny,cifar10,0.3,6,_vig_blocks.5,0.732249
30,5,6,vig_tiny,cifar10,0.3,7,_vig_blocks.6,0.742985
30,5,6,vig_tiny,cifar10,0.3,8,_vig_blocks.7,0.738925
30,5,6,vig_tiny,cifar10,0.3,9,_vig_blocks.8,0.723336
30,5,6,vig_tiny,cifar10,0.3,10,_vig_blocks.9,0.721444
30,5,6,vig_tiny,cifar10,0.3,11,_vig_blocks.10,0.709976
30,5,6,vig_tiny,cifar10,0.3,12,_vig_blocks.11,0.687389
30,5,6,vig_tiny,cifar10,0.3,13,classifier,0.665914
30,5,7,vig_tiny,cifar10,0.3,0,_vig_stem,0.865583
30,5,7,vig_tiny,cifar10,0.3,1,_vig_blocks.0,0.788847
30,5,7,vig_tiny,cifar10,0.3,2,_vig_blocks.1,0.759921
30,5,7,vig_tiny,cifar10,0.3,3,_vig_blocks.2,0.775770
30,5,7,vig_tiny,cifar10,0.3,4,_vig_blocks.3,0.790604
30,5,7,vig_tiny,cifar10,0.3,5,_vig_blocks.4,0.782886
30,5,7,vig_tiny,cifar10,0.3,6,_vig_blocks.5,0.760501
30,5,7,vig_tiny,cifar10,0.3,7,_vig_blocks.6,0.752723
30,5,7,vig_tiny,cifar10,0.3,8,_vig_blocks.7,0.732369
30,5,7,vig_tiny,cifar10,0.3,9,_vig_blocks.8,0.699653
30,5,7,vig_tiny,cifar10,0.3,10,_vig_blocks.9,0.684244
30,5,7,vig_tiny,cifar10,0.3,11,_vig_blocks.10,0.641985
30,5,7,vig_tiny,cifar10,0.3,12,_vig_blocks.11,0.584586
30,5,7,vig_tiny,cifar10,0.3,13,classifier,0.429226
30,5,8,vig_tiny,cifar10,0.3,0,_vig_stem,0.877846
30,5,8,vig_tiny,cifar10,0.3,1,_vig_blocks.0,0.823270
30,5,8,vig_tiny,cifar10,0.3,2,_vig_blocks.1,0.808785
30,5,8,vig_tiny,cifar10,0.3,3,_vig_blocks.2,0.822684
30,5,8,vig_tiny,cifar10,0.3,4,_vig_blocks.3,0.823532
30,5,8,vig_tiny,cifar10,0.3,5,_vig_blocks.4,0.809991
30,5,8,vig_tiny,cifar10,0.3,6,_vig_blocks.5,0.792512
30,5,8,vig_tiny,cifar10,0.3,7,_vig_blocks.6,0.783788
30,5,8,vig_tiny,cifar10,0.3,8,_vig_blocks.7,0.782896
30,5,8,vig_tiny,cifar10,0.3,9,_vig_blocks.8,0.763896
30,5,8,vig_tiny,cifar10,0.3,10,_vig_blocks.9,0.731326
30,5,8,vig_tiny,cifar10,0.3,11,_vig_blocks.10,0.664888
30,5,8,vig_tiny,cifar10,0.3,12,_vig_blocks.11,0.586114
30,5,8,vig_tiny,cifar10,0.3,13,classifier,0.421951
30,5,9,vig_tiny,cifar10,0.3,0,_vig_stem,0.893557
30,5,9,vig_tiny,cifar10,0.3,1,_vig_blocks.0,0.847467
30,5,9,vig_tiny,cifar10,0.3,2,_vig_blocks.1,0.788917
30,5,9,vig_tiny,cifar10,0.3,3,_vig_blocks.2,0.799253
30,5,9,vig_tiny,cifar10,0.3,4,_vig_blocks.3,0.791397
30,5,9,vig_tiny,cifar10,0.3,5,_vig_blocks.4,0.781836
30,5,9,vig_tiny,cifar10,0.3,6,_vig_blocks.5,0.767121
30,5,9,vig_tiny,cifar10,0.3,7,_vig_blocks.6,0.771707
30,5,9,vig_tiny,cifar10,0.3,8,_vig_blocks.7,0.763253
30,5,9,vig_tiny,cifar10,0.3,9,_vig_blocks.8,0.748539
30,5,9,vig_tiny,cifar10,0.3,10,_vig_blocks.9,0.726628
30,5,9,vig_tiny,cifar10,0.3,11,_vig_blocks.10,0.680172
30,5,9,vig_tiny,cifar10,0.3,12,_vig_blocks.11,0.614364
30,5,9,vig_tiny,cifar10,0.3,13,classifier,0.586133
30,6,7,vig_tiny,cifar10,0.3,0,_vig_stem,0.884198
30,6,7,vig_tiny,cifar10,0.3,1,_vig_blocks.0,0.796170
30,6,7,vig_tiny,cifar10,0.3,2,_vig_blocks.1,0.721934
30,6,7,vig_tiny,cifar10,0.3,3,_vig_blocks.2,0.709391
30,6,7,vig_tiny,cifar10,0.3,4,_vig_blocks.3,0.720449
30,6,7,vig_tiny,cifar10,0.3,5,_vig_blocks.4,0.707871
30,6,7,vig_tiny,cifar10,0.3,6,_vig_blocks.5,0.690705
30,6,7,vig_tiny,cifar10,0.3,7,_vig_blocks.6,0.686376
30,6,7,vig_tiny,cifar10,0.3,8,_vig_blocks.7,0.669765
30,6,7,vig_tiny,cifar10,0.3,9,_vig_blocks.8,0.651339
30,6,7,vig_tiny,cifar10,0.3,10,_vig_blocks.9,0.632121
30,6,7,vig_tiny,cifar10,0.3,11,_vig_blocks.10,0.621114
30,6,7,vig_tiny,cifar10,0.3,12,_vig_blocks.11,0.583079
30,6,7,vig_tiny,cifar10,0.3,13,classifier,0.389746
30,6,8,vig_tiny,cifar10,0.3,0,_vig_stem,0.842523
30,6,8,vig_tiny,cifar10,0.3,1,_vig_blocks.0,0.720370
30,6,8,vig_tiny,cifar10,0.3,2,_vig_blocks.1,0.723880
30,6,8,vig_tiny,cifar10,0.3,3,_vig_blocks.2,0.741672
30,6,8,vig_tiny,cifar10,0.3,4,_vig_blocks.3,0.748971
30,6,8,vig_tiny,cifar10,0.3,5,_vig_blocks.4,0.734679
30,6,8,vig_tiny,cifar10,0.3,6,_vig_blocks.5,0.732127
30,6,8,vig_tiny,cifar10,0.3,7,_vig_blocks.6,0.737243
30,6,8,vig_tiny,cifar10,0.3,8,_vig_blocks.7,0.727005
30,6,8,vig_tiny,cifar10,0.3,9,_vig_blocks.8,0.713520
30,6,8,vig_tiny,cifar10,0.3,10,_vig_blocks.9,0.692561
30,6,8,vig_tiny,cifar10,0.3,11,_vig_blocks.10,0.664610
30,6,8,vig_tiny,cifar10,0.3,12,_vig_blocks.11,0.593981
30,6,8,vig_tiny,cifar10,0.3,13,classifier,0.546311
30,6,9,vig_tiny,cifar10,0.3,0,_vig_stem,0.848159
30,6,9,vig_tiny,cifar10,0.3,1,_vig_blocks.0,0.764587
30,6,9,vig_tiny,cifar10,0.3,2,_vig_blocks.1,0.747532
30,6,9,vig_tiny,cifar10,0.3,3,_vig_blocks.2,0.766673
30,6,9,vig_tiny,cifar10,0.3,4,_vig_blocks.3,0.776275
30,6,9,vig_tiny,cifar10,0.3,5,_vig_blocks.4,0.768973
30,6,9,vig_tiny,cifar10,0.3,6,_vig_blocks.5,0.762368
30,6,9,vig_tiny,cifar10,0.3,7,_vig_blocks.6,0.761451
30,6,9,vig_tiny,cifar10,0.3,8,_vig_blocks.7,0.767121
30,6,9,vig_tiny,cifar10,0.3,9,_vig_blocks.8,0.750907
30,6,9,vig_tiny,cifar10,0.3,10,_vig_blocks.9,0.735181
30,6,9,vig_tiny,cifar10,0.3,11,_vig_blocks.10,0.709754
30,6,9,vig_tiny,cifar10,0.3,12,_vig_blocks.11,0.657136
30,6,9,vig_tiny,cifar10,0.3,13,classifier,0.654454
30,7,8,vig_tiny,cifar10,0.3,0,_vig_stem,0.769686
30,7,8,vig_tiny,cifar10,0.3,1,_vig_blocks.0,0.737133
30,7,8,vig_tiny,cifar10,0.3,2,_vig_blocks.1,0.754720
30,7,8,vig_tiny,cifar10,0.3,3,_vig_blocks.2,0.775324
30,7,8,vig_tiny,cifar10,0.3,4,_vig_blocks.3,0.790286
30,7,8,vig_tiny,cifar10,0.3,5,_vig_blocks.4,0.785139
30,7,8,vig_tiny,cifar10,0.3,6,_vig_blocks.5,0.760538
30,7,8,vig_tiny,cifar10,0.3,7,_vig_blocks.6,0.750878
30,7,8,vig_tiny,cifar10,0.3,8,_vig_blocks.7,0.723887
30,7,8,vig_tiny,cifar10,0.3,9,_vig_blocks.8,0.692613
30,7,8,vig_tiny,cifar10,0.3,10,_vig_blocks.9,0.665683
30,7,8,vig_tiny,cifar10,0.3,11,_vig_blocks.10,0.613067
30,7,8,vig_tiny,cifar10,0.3,12,_vig_blocks.11,0.548095
30,7,8,vig_tiny,cifar10,0.3,13,classifier,0.314753
30,7,9,vig_tiny,cifar10,0.3,0,_vig_stem,0.870320
30,7,9,vig_tiny,cifar10,0.3,1,_vig_blocks.0,0.805450
30,7,9,vig_tiny,cifar10,0.3,2,_vig_blocks.1,0.765119
30,7,9,vig_tiny,cifar10,0.3,3,_vig_blocks.2,0.772150
30,7,9,vig_tiny,cifar10,0.3,4,_vig_blocks.3,0.775668
30,7,9,vig_tiny,cifar10,0.3,5,_vig_blocks.4,0.772713
30,7,9,vig_tiny,cifar10,0.3,6,_vig_blocks.5,0.773965
30,7,9,vig_tiny,cifar10,0.3,7,_vig_blocks.6,0.778990
30,7,9,vig_tiny,cifar10,0.3,8,_vig_blocks.7,0.763173
30,7,9,vig_tiny,cifar10,0.3,9,_vig_blocks.8,0.738255
30,7,9,vig_tiny,cifar10,0.3,10,_vig_blocks.9,0.719099
30,7,9,vig_tiny,cifar10,0.3,11,_vig_blocks.10,0.690741
30,7,9,vig_tiny,cifar10,0.3,12,_vig_blocks.11,0.634764
30,7,9,vig_tiny,cifar10,0.3,13,classifier,0.459042
30,8,9,vig_tiny,cifar10,0.3,0,_vig_stem,0.823786
30,8,9,vig_tiny,cifar10,0.3,1,_vig_blocks.0,0.809835
30,8,9,vig_tiny,cifar10,0.3,2,_vig_blocks.1,0.812642
30,8,9,vig_tiny,cifar10,0.3,3,_vig_blocks.2,0.815938
30,8,9,vig_tiny,cifar10,0.3,4,_vig_blocks.3,0.813362
30,8,9,vig_tiny,cifar10,0.3,5,_vig_blocks.4,0.803614
30,8,9,vig_tiny,cifar10,0.3,6,_vig_blocks.5,0.793658
30,8,9,vig_tiny,cifar10,0.3,7,_vig_blocks.6,0.788138
30,8,9,vig_tiny,cifar10,0.3,8,_vig_blocks.7,0.791390
30,8,9,vig_tiny,cifar10,0.3,9,_vig_blocks.8,0.763860
30,8,9,vig_tiny,cifar10,0.3,10,_vig_blocks.9,0.739411
30,8,9,vig_tiny,cifar10,0.3,11,_vig_blocks.10,0.707137
30,8,9,vig_tiny,cifar10,0.3,12,_vig_blocks.11,0.647815
30,8,9,vig_tiny,cifar10,0.3,13,classifier,0.640076
40,0,1,vig_tiny,cifar10,0.3,0,_vig_stem,0.865654
40,0,1,vig_tiny,cifar10,0.3,1,_vig_blocks.0,0.768693
40,0,1,vig_tiny,cifar10,0.3,2,_vig_blocks.1,0.759798
40,0,1,vig_tiny,cifar10,0.3,3,_vig_blocks.2,0.775603
40,0,1,vig_tiny,cifar10,0.3,4,_vig_blocks.3,0.784643
40,0,1,vig_tiny,cifar10,0.3,5,_vig_blocks.4,0.787349
40,0,1,vig_tiny,cifar10,0.3,6,_vig_blocks.5,0.784054
40,0,1,vig_tiny,cifar10,0.3,7,_vig_blocks.6,0.795261
40,0,1,vig_tiny,cifar10,0.3,8,_vig_blocks.7,0.801251
40,0,1,vig_tiny,cifar10,0.3,9,_vig_blocks.8,0.773340
40,0,1,vig_tiny,cifar10,0.3,10,_vig_blocks.9,0.741763
40,0,1,vig_tiny,cifar10,0.3,11,_vig_blocks.10,0.689359
40,0,1,vig_tiny,cifar10,0.3,12,_vig_blocks.11,0.613439
40,0,1,vig_tiny,cifar10,0.3,13,classifier,0.552722
40,0,2,vig_tiny,cifar10,0.3,0,_vig_stem,0.838774
40,0,2,vig_tiny,cifar10,0.3,1,_vig_blocks.0,0.784503
40,0,2,vig_tiny,cifar10,0.3,2,_vig_blocks.1,0.775479
40,0,2,vig_tiny,cifar10,0.3,3,_vig_blocks.2,0.784696
40,0,2,vig_tiny,cifar10,0.3,4,_vig_blocks.3,0.786709
40,0,2,vig_tiny,cifar10,0.3,5,_vig_blocks.4,0.781537
40,0,2,vig_tiny,cifar10,0.3,6,_vig_blocks.5,0.784506
40,0,2,vig_tiny,cifar10,0.3,7,_vig_blocks.6,0.785514
40,0,2,vig_tiny,cifar10,0.3,8,_vig_blocks.7,0.783358
40,0,2,vig_tiny,cifar10,0.3,9,_vig_blocks.8,0.778535
40,0,2,vig_tiny,cifar10,0.3,10,_vig_blocks.9,0.767468
40,0,2,vig_tiny,cifar10,0.3,11,_vig_blocks.10,0.747031
40,0,2,vig_tiny,cifar10,0.3,12,_vig_blocks.11,0.715831
40,0,2,vig_tiny,cifar10,0.3,13,classifier,0.730193
40,0,3,vig_tiny,cifar10,0.3,0,_vig_stem,0.902669
40,0,3,vig_tiny,cifar10,0.3,1,_vig_blocks.0,0.844837
40,0,3,vig_tiny,cifar10,0.3,2,_vig_blocks.1,0.839404
40,0,3,vig_tiny,cifar10,0.3,3,_vig_blocks.2,0.832507
40,0,3,vig_tiny,cifar10,0.3,4,_vig_blocks.3,0.830630
40,0,3,vig_tiny,cifar10,0.3,5,_vig_blocks.4,0.811687
40,0,3,vig_tiny,cifar10,0.3,6,_vig_blocks.5,0.781599
40,0,3,vig_tiny,cifar10,0.3,7,_vig_blocks.6,0.775801
40,0,3,vig_tiny,cifar10,0.3,8,_vig_blocks.7,0.750344
40,0,3,vig_tiny,cifar10,0.3,9,_vig_blocks.8,0.733758
40,0,3,vig_tiny,cifar10,0.3,10,_vig_blocks.9,0.695284
40,0,3,vig_tiny,cifar10,0.3,11,_vig_blocks.10,0.663334
40,0,3,vig_tiny,cifar10,0.3,12,_vig_blocks.11,0.637879
40,0,3,vig_tiny,cifar10,0.3,13,classifier,0.551754
40,0,4,vig_tiny,cifar10,0.3,0,_vig_stem,0.832974
40,0,4,vig_tiny,cifar10,0.3,1,_vig_blocks.0,0.811080
40,0,4,vig_tiny,cifar10,0.3,2,_vig_blocks.1,0.813872
40,0,4,vig_tiny,cifar10,0.3,3,_vig_blocks.2,0.818107
40,0,4,vig_tiny,cifar10,0.3,4,_vig_blocks.3,0.824596
40,0,4,vig_tiny,cifar10,0.3,5,_vig_blocks.4,0.809046
40,0,4,vig_tiny,cifar10,0.3,6,_vig_blocks.5,0.793426
40,0,4,vig_tiny,cifar10,0.3,7,_vig_blocks.6,0.792422
40,0,4,vig_tiny,cifar10,0.3,8,_vig_blocks.7,0.776271
40,0,4,vig_tiny,cifar10,0.3,9,_vig_blocks.8,0.765557
40,0,4,vig_tiny,cifar10,0.3,10,_vig_blocks.9,0.730359
40,0,4,vig_tiny,cifar10,0.3,11,_vig_blocks.10,0.676615
40,0,4,vig_tiny,cifar10,0.3,12,_vig_blocks.11,0.611791
40,0,4,vig_tiny,cifar10,0.3,13,classifier,0.541365
40,0,5,vig_tiny,cifar10,0.3,0,_vig_stem,0.831945
40,0,5,vig_tiny,cifar10,0.3,1,_vig_blocks.0,0.804938
40,0,5,vig_tiny,cifar10,0.3,2,_vig_blocks.1,0.804037
40,0,5,vig_tiny,cifar10,0.3,3,_vig_blocks.2,0.816432
40,0,5,vig_tiny,cifar10,0.3,4,_vig_blocks.3,0.836990
40,0,5,vig_tiny,cifar10,0.3,5,_vig_blocks.4,0.840652
40,0,5,vig_tiny,cifar10,0.3,6,_vig_blocks.5,0.831183
40,0,5,vig_tiny,cifar10,0.3,7,_vig_blocks.6,0.826520
40,0,5,vig_tiny,cifar10,0.3,8,_vig_blocks.7,0.818070
40,0,5,vig_tiny,cifar10,0.3,9,_vig_blocks.8,0.784187
40,0,5,vig_tiny,cifar10,0.3,10,_vig_blocks.9,0.735091
40,0,5,vig_tiny,cifar10,0.3,11,_vig_blocks.10,0.664252
40,0,5,vig_tiny,cifar10,0.3,12,_vig_blocks.11,0.572266
40,0,5,vig_tiny,cifar10,0.3,13,classifier,0.404933
40,0,6,vig_tiny,cifar10,0.3,0,_vig_stem,0.763905
40,0,6,vig_tiny,cifar10,0.3,1,_vig_blocks.0,0.646586
40,0,6,vig_tiny,cifar10,0.3,2,_vig_blocks.1,0.607244
40,0,6,vig_tiny,cifar10,0.3,3,_vig_blocks.2,0.566430
40,0,6,vig_tiny,cifar10,0.3,4,_vig_blocks.3,0.545521
40,0,6,vig_tiny,cifar10,0.3,5,_vig_blocks.4,0.546324
40,0,6,vig_tiny,cifar10,0.3,6,_vig_blocks.5,0.542776
40,0,6,vig_tiny,cifar10,0.3,7,_vig_blocks.6,0.554056
40,0,6,vig_tiny,cifar10,0.3,8,_vig_blocks.7,0.557049
40,0,6,vig_tiny,cifar10,0.3,9,_vig_blocks.8,0.552158
40,0,6,vig_tiny,cifar10,0.3,10,_vig_blocks.9,0.539815
40,0,6,vig_tiny,cifar10,0.3,11,_vig_blocks.10,0.523761
40,0,6,vig_tiny,cifar10,0.3,12,_vig_blocks.11,0.499998
40,0,6,vig_tiny,cifar10,0.3,13,classifier,0.540173
40,0,7,vig_tiny,cifar10,0.3,0,_vig_stem,0.855895
40,0,7,vig_tiny,cifar10,0.3,1,_vig_blocks.0,0.803985
40,0,7,vig_tiny,cifar10,0.3,2,_vig_blocks.1,0.796431
40,0,7,vig_tiny,cifar10,0.3,3,_vig_blocks.2,0.785873
40,0,7,vig_tiny,cifar10,0.3,4,_vig_blocks.3,0.781019
40,0,7,vig_tiny,cifar10,0.3,5,_vig_blocks.4,0.766536
40,0,7,vig_tiny,cifar10,0.3,6,_vig_blocks.5,0.734950
40,0,7,vig_tiny,cifar10,0.3,7,_vig_blocks.6,0.723746
40,0,7,vig_tiny,cifar10,0.3,8,_vig_blocks.7,0.696383
40,0,7,vig_tiny,cifar10,0.3,9,_vig_blocks.8,0.664597
40,0,7,vig_tiny,cifar10,0.3,10,_vig_blocks.9,0.623437
40,0,7,vig_tiny,cifar10,0.3,11,_vig_blocks.10,0.539577
40,0,7,vig_tiny,cifar10,0.3,12,_vig_blocks.11,0.473983
40,0,7,vig_tiny,cifar10,0.3,13,classifier,0.252467
40,0,8,vig_tiny,cifar10,0.3,0,_vig_stem,0.859350
40,0,8,vig_tiny,cifar10,0.3,1,_vig_blocks.0,0.806124
40,0,8,vig_tiny,cifar10,0.3,2,_vig_blocks.1,0.809633
40,0,8,vig_tiny,cifar10,0.3,3,_vig_blocks.2,0.808593
40,0,8,vig_tiny,cifar10,0.3,4,_vig_blocks.3,0.817605
40,0,8,vig_tiny,cifar10,0.3,5,_vig_blocks.4,0.817658
40,0,8,vig_tiny,cifar10,0.3,6,_vig_blocks.5,0.808280
40,0,8,vig_tiny,cifar10,0.3,7,_vig_blocks.6,0.804958
40,0,8,vig_tiny,cifar10,0.3,8,_vig_blocks.7,0.813897
40,0,8,vig_tiny,cifar10,0.3,9,_vig_blocks.8,0.796053
40,0,8,vig_tiny,cifar10,0.3,10,_vig_blocks.9,0.764353
40,0,8,vig_tiny,cifar10,0.3,11,_vig_blocks.10,0.738535
40,0,8,vig_tiny,cifar10,0.3,12,_vig_blocks.11,0.679441
40,0,8,vig_tiny,cifar10,0.3,13,classifier,0.708726
40,0,9,vig_tiny,cifar10,0.3,0,_vig_stem,0.886855
40,0,9,vig_tiny,cifar10,0.3,1,_vig_blocks.0,0.831154
40,0,9,vig_tiny,cifar10,0.3,2,_vig_blocks.1,0.806978
40,0,9,vig_tiny,cifar10,0.3,3,_vig_blocks.2,0.803882
40,0,9,vig_tiny,cifar10,0.3,4,_vig_blocks.3,0.803639
40,0,9,vig_tiny,cifar10,0.3,5,_vig_blocks.4,0.803436
40,0,9,vig_tiny,cifar10,0.3,6,_vig_blocks.5,0.787619
40,0,9,vig_tiny,cifar10,0.3,7,_vig_blocks.6,0.797478
40,0,9,vig_tiny,cifar10,0.3,8,_vig_blocks.7,0.794657
40,0,9,vig_tiny,cifar10,0.3,9,_vig_blocks.8,0.764043
40,0,9,vig_tiny,cifar10,0.3,10,_vig_blocks.9,0.745870
40,0,9,vig_tiny,cifar10,0.3,11,_vig_blocks.10,0.708001
40,0,9,vig_tiny,cifar10,0.3,12,_vig_blocks.11,0.666858
40,0,9,vig_tiny,cifar10,0.3,13,classifier,0.624796
40,1,2,vig_tiny,cifar10,0.3,0,_vig_stem,0.838181
40,1,2,vig_tiny,cifar10,0.3,1,_vig_blocks.0,0.780720
40,1,2,vig_tiny,cifar10,0.3,2,_vig_blocks.1,0.733313
40,1,2,vig_tiny,cifar10,0.3,3,_vig_blocks.2,0.748930
40,1,2,vig_tiny,cifar10,0.3,4,_vig_blocks.3,0.742658
40,1,2,vig_tiny,cifar10,0.3,5,_vig_blocks.4,0.744042
40,1,2,vig_tiny,cifar10,0.3,6,_vig_blocks.5,0.745003
40,1,2,vig_tiny,cifar10,0.3,7,_vig_blocks.6,0.756445
40,1,2,vig_tiny,cifar10,0.3,8,_vig_blocks.7,0.763778
40,1,2,vig_tiny,cifar10,0.3,9,_vig_blocks.8,0.755427
40,1,2,vig_tiny,cifar10,0.3,10,_vig_blocks.9,0.736048
40,1,2,vig_tiny,cifar10,0.3,11,_vig_blocks.10,0.699468
40,1,2,vig_tiny,cifar10,0.3,12,_vig_blocks.11,0.634349
40,1,2,vig_tiny,cifar10,0.3,13,classifier,0.644263
40,1,3,vig_tiny,cifar10,0.3,0,_vig_stem,0.878810
40,1,3,vig_tiny,cifar10,0.3,1,_vig_blocks.0,0.820803
40,1,3,vig_tiny,cifar10,0.3,2,_vig_blocks.1,0.796752
40,1,3,vig_tiny,cifar10,0.3,3,_vig_blocks.2,0.797831
40,1,3,vig_tiny,cifar10,0.3,4,_vig_blocks.3,0.800416
40,1,3,vig_tiny,cifar10,0.3,5,_vig_blocks.4,0.788839
40,1,3,vig_tiny,cifar10,0.3,6,_vig_blocks.5,0.769717
40,1,3,vig_tiny,cifar10,0.3,7,_vig_blocks.6,0.752364
40,1,3,vig_tiny,cifar10,0.3,8,_vig_blocks.7,0.743965
40,1,3,vig_tiny,cifar10,0.3,9,_vig_blocks.8,0.724761
40,1,3,vig_tiny,cifar10,0.3,10,_vig_blocks.9,0.694702
40,1,3,vig_tiny,cifar10,0.3,11,_vig_blocks.10,0.663581
40,1,3,vig_tiny,cifar10,0.3,12,_vig_blocks.11,0.612767
40,1,3,vig_tiny,cifar10,0.3,13,classifier,0.536766
40,1,4,vig_tiny,cifar10,0.3,0,_vig_stem,0.839635
40,1,4,vig_tiny,cifar10,0.3,1,_vig_blocks.0,0.836162
40,1,4,vig_tiny,cifar10,0.3,2,_vig_blocks.1,0.828647
40,1,4,vig_tiny,cifar10,0.3,3,_vig_blocks.2,0.833008
40,1,4,vig_tiny,cifar10,0.3,4,_vig_blocks.3,0.830779
40,1,4,vig_tiny,cifar10,0.3,5,_vig_blocks.4,0.823844
40,1,4,vig_tiny,cifar10,0.3,6,_vig_blocks.5,0.807243
40,1,4,vig_tiny,cifar10,0.3,7,_vig_blocks.6,0.798471
40,1,4,vig_tiny,cifar10,0.3,8,_vig_blocks.7,0.787019
40,1,4,vig_tiny,cifar10,0.3,9,_vig_blocks.8,0.780245
40,1,4,vig_tiny,cifar10,0.3,10,_vig_blocks.9,0.768245
40,1,4,vig_tiny,cifar10,0.3,11,_vig_blocks.10,0.732146
40,1,4,vig_tiny,cifar10,0.3,12,_vig_blocks.11,0.663091
40,1,4,vig_tiny,cifar10,0.3,13,classifier,0.629394
40,1,5,vig_tiny,cifar10,0.3,0,_vig_stem,0.863665
40,1,5,vig_tiny,cifar10,0.3,1,_vig_blocks.0,0.822826
40,1,5,vig_tiny,cifar10,0.3,2,_vig_blocks.1,0.819062
40,1,5,vig_tiny,cifar10,0.3,3,_vig_blocks.2,0.825833
40,1,5,vig_tiny,cifar10,0.3,4,_vig_blocks.3,0.818596
40,1,5,vig_tiny,cifar10,0.3,5,_vig_blocks.4,0.822074
40,1,5,vig_tiny,cifar10,0.3,6,_vig_blocks.5,0.811910
40,1,5,vig_tiny,cifar10,0.3,7,_vig_blocks.6,0.805490
40,1,5,vig_tiny,cifar10,0.3,8,_vig_blocks.7,0.794960
40,1,5,vig_tiny,cifar10,0.3,9,_vig_blocks.8,0.770555
40,1,5,vig_tiny,cifar10,0.3,10,_vig_blocks.9,0.744354
40,1,5,vig_tiny,cifar10,0.3,11,_vig_blocks.10,0.695825
40,1,5,vig_tiny,cifar10,0.3,12,_vig_blocks.11,0.612884
40,1,5,vig_tiny,cifar10,0.3,13,classifier,0.547836
40,1,6,vig_tiny,cifar10,0.3,0,_vig_stem,0.859386
40,1,6,vig_tiny,cifar10,0.3,1,_vig_blocks.0,0.778628
40,1,6,vig_tiny,cifar10,0.3,2,_vig_blocks.1,0.729025
40,1,6,vig_tiny,cifar10,0.3,3,_vig_blocks.2,0.699791
40,1,6,vig_tiny,cifar10,0.3,4,_vig_blocks.3,0.689812
40,1,6,vig_tiny,cifar10,0.3,5,_vig_blocks.4,0.689464
40,1,6,vig_tiny,cifar10,0.3,6,_vig_blocks.5,0.674887
40,1,6,vig_tiny,cifar10,0.3,7,_vig_blocks.6,0.660015
40,1,6,vig_tiny,cifar10,0.3,8,_vig_blocks.7,0.666897
40,1,6,vig_tiny,cifar10,0.3,9,_vig_blocks.8,0.670914
40,1,6,vig_tiny,cifar10,0.3,10,_vig_blocks.9,0.670950
40,1,6,vig_tiny,cifar10,0.3,11,_vig_blocks.10,0.654994
40,1,6,vig_tiny,cifar10,0.3,12,_vig_blocks.11,0.641849
40,1,6,vig_tiny,cifar10,0.3,13,classifier,0.639415
40,1,7,vig_tiny,cifar10,0.3,0,_vig_stem,0.880742
40,1,7,vig_tiny,cifar10,0.3,1,_vig_blocks.0,0.801357
40,1,7,vig_tiny,cifar10,0.3,2,_vig_blocks.1,0.767621
40,1,7,vig_tiny,cifar10,0.3,3,_vig_blocks.2,0.761030
40,1,7,vig_tiny,cifar10,0.3,4,_vig_blocks.3,0.744900
40,1,7,vig_tiny,cifar10,0.3,5,_vig_blocks.4,0.737262
40,1,7,vig_tiny,cifar10,0.3,6,_vig_blocks.5,0.705479
40,1,7,vig_tiny,cifar10,0.3,7,_vig_blocks.6,0.695642
40,1,7,vig_tiny,cifar10,0.3,8,_vig_blocks.7,0.681625
40,1,7,vig_tiny,cifar10,0.3,9,_vig_blocks.8,0.647032
40,1,7,vig_tiny,cifar10,0.3,10,_vig_blocks.9,0.627072
40,1,7,vig_tiny,cifar10,0.3,11,_vig_blocks.10,0.575631
40,1,7,vig_tiny,cifar10,0.3,12,_vig_blocks.11,0.509040
40,1,7,vig_tiny,cifar10,0.3,13,classifier,0.316337
40,1,8,vig_tiny,cifar10,0.3,0,_vig_stem,0.876254
40,1,8,vig_tiny,cifar10,0.3,1,_vig_blocks.0,0.819576
40,1,8,vig_tiny,cifar10,0.3,2,_vig_blocks.1,0.783906
40,1,8,vig_tiny,cifar10,0.3,3,_vig_blocks.2,0.790043
40,1,8,vig_tiny,cifar10,0.3,4,_vig_blocks.3,0.780678
40,1,8,vig_tiny,cifar10,0.3,5,_vig_blocks.4,0.785539
40,1,8,vig_tiny,cifar10,0.3,6,_vig_blocks.5,0.782484
40,1,8,vig_tiny,cifar10,0.3,7,_vig_blocks.6,0.780372
40,1,8,vig_tiny,cifar10,0.3,8,_vig_blocks.7,0.785705
40,1,8,vig_tiny,cifar10,0.3,9,_vig_blocks.8,0.765451
40,1,8,vig_tiny,cifar10,0.3,10,_vig_blocks.9,0.742465
40,1,8,vig_tiny,cifar10,0.3,11,_vig_blocks.10,0.712051
40,1,8,vig_tiny,cifar10,0.3,12,_vig_blocks.11,0.647984
40,1,8,vig_tiny,cifar10,0.3,13,classifier,0.634824
40,1,9,vig_tiny,cifar10,0.3,0,_vig_stem,0.869420
40,1,9,vig_tiny,cifar10,0.3,1,_vig_blocks.0,0.827998
40,1,9,vig_tiny,cifar10,0.3,2,_vig_blocks.1,0.799177
40,1,9,vig_tiny,cifar10,0.3,3,_vig_blocks.2,0.809657
40,1,9,vig_tiny,cifar10,0.3,4,_vig_blocks.3,0.799002
40,1,9,vig_tiny,cifar10,0.3,5,_vig_blocks.4,0.802258
40,1,9,vig_tiny,cifar10,0.3,6,_vig_blocks.5,0.795569
40,1,9,vig_tiny,cifar10,0.3,7,_vig_blocks.6,0.795712
40,1,9,vig_tiny,cifar10,0.3,8,_vig_blocks.7,0.795105
40,1,9,vig_tiny,cifar10,0.3,9,_vig_blocks.8,0.772002
40,1,9,vig_tiny,cifar10,0.3,10,_vig_blocks.9,0.753401
40,1,9,vig_tiny,cifar10,0.3,11,_vig_blocks.10,0.723576
40,1,9,vig_tiny,cifar10,0.3,12,_vig_blocks.11,0.662860
40,1,9,vig_tiny,cifar10,0.3,13,classifier,0.641867
40,2,3,vig_tiny,cifar10,0.3,0,_vig_stem,0.855668
40,2,3,vig_tiny,cifar10,0.3,1,_vig_blocks.0,0.752871
40,2,3,vig_tiny,cifar10,0.3,2,_vig_blocks.1,0.727355
40,2,3,vig_tiny,cifar10,0.3,3,_vig_blocks.2,0.732636
40,2,3,vig_tiny,cifar10,0.3,4,_vig_blocks.3,0.736113
40,2,3,vig_tiny,cifar10,0.3,5,_vig_blocks.4,0.729829
40,2,3,vig_tiny,cifar10,0.3,6,_vig_blocks.5,0.720585
40,2,3,vig_tiny,cifar10,0.3,7,_vig_blocks.6,0.719864
40,2,3,vig_tiny,cifar10,0.3,8,_vig_blocks.7,0.706051
40,2,3,vig_tiny,cifar10,0.3,9,_vig_blocks.8,0.677382
40,2,3,vig_tiny,cifar10,0.3,10,_vig_blocks.9,0.637260
40,2,3,vig_tiny,cifar10,0.3,11,_vig_blocks.10,0.599525
40,2,3,vig_tiny,cifar10,0.3,12,_vig_blocks.11,0.570539
40,2,3,vig_tiny,cifar10,0.3,13,classifier,0.541306
40,2,4,vig_tiny,cifar10,0.3,0,_vig_stem,0.914725
40,2,4,vig_tiny,cifar10,0.3,1,_vig_blocks.0,0.846987
40,2,4,vig_tiny,cifar10,0.3,2,_vig_blocks.1,0.811693
40,2,4,vig_tiny,cifar10,0.3,3,_vig_blocks.2,0.818582
40,2,4,vig_tiny,cifar10,0.3,4,_vig_blocks.3,0.818467
40,2,4,vig_tiny,cifar10,0.3,5,_vig_blocks.4,0.822941
40,2,4,vig_tiny,cifar10,0.3,6,_vig_blocks.5,0.827671
40,2,4,vig_tiny,cifar10,0.3,7,_vig_blocks.6,0.825849
40,2,4,vig_tiny,cifar10,0.3,8,_vig_blocks.7,0.818196
40,2,4,vig_tiny,cifar10,0.3,9,_vig_blocks.8,0.806593
40,2,4,vig_tiny,cifar10,0.3,10,_vig_blocks.9,0.784324
40,2,4,vig_tiny,cifar10,0.3,11,_vig_blocks.10,0.747333
40,2,4,vig_tiny,cifar10,0.3,12,_vig_blocks.11,0.696489
40,2,4,vig_tiny,cifar10,0.3,13,classifier,0.653880
40,2,5,vig_tiny,cifar10,0.3,0,_vig_stem,0.852580
40,2,5,vig_tiny,cifar10,0.3,1,_vig_blocks.0,0.777665
40,2,5,vig_tiny,cifar10,0.3,2,_vig_blocks.1,0.764443
40,2,5,vig_tiny,cifar10,0.3,3,_vig_blocks.2,0.803135
40,2,5,vig_tiny,cifar10,0.3,4,_vig_blocks.3,0.817402
40,2,5,vig_tiny,cifar10,0.3,5,_vig_blocks.4,0.825274
40,2,5,vig_tiny,cifar10,0.3,6,_vig_blocks.5,0.826500
40,2,5,vig_tiny,cifar10,0.3,7,_vig_blocks.6,0.821685
40,2,5,vig_tiny,cifar10,0.3,8,_vig_blocks.7,0.813982
40,2,5,vig_tiny,cifar10,0.3,9,_vig_blocks.8,0.796945
40,2,5,vig_tiny,cifar10,0.3,10,_vig_blocks.9,0.775339
40,2,5,vig_tiny,cifar10,0.3,11,_vig_blocks.10,0.728088
40,2,5,vig_tiny,cifar10,0.3,12,_vig_blocks.11,0.642922
40,2,5,vig_tiny,cifar10,0.3,13,classifier,0.511288
40,2,6,vig_tiny,cifar10,0.3,0,_vig_stem,0.826791
40,2,6,vig_tiny,cifar10,0.3,1,_vig_blocks.0,0.720797
40,2,6,vig_tiny,cifar10,0.3,2,_vig_blocks.1,0.664258
40,2,6,vig_tiny,cifar10,0.3,3,_vig_blocks.2,0.651271
40,2,6,vig_tiny,cifar10,0.3,4,_vig_blocks.3,0.622550
40,2,6,vig_tiny,cifar10,0.3,5,_vig_blocks.4,0.619989
40,2,6,vig_tiny,cifar10,0.3,6,_vig_blocks.5,0.608240
40,2,6,vig_tiny,cifar10,0.3,7,_vig_blocks.6,0.620314
40,2,6,vig_tiny,cifar10,0.3,8,_vig_blocks.7,0.622049
40,2,6,vig_tiny,cifar10,0.3,9,_vig_blocks.8,0.612543
40,2,6,vig_tiny,cifar10,0.3,10,_vig_blocks.9,0.587618
40,2,6,vig_tiny,cifar10,0.3,11,_vig_blocks.10,0.574382
40,2,6,vig_tiny,cifar10,0.3,12,_vig_blocks.11,0.546906
40,2,6,vig_tiny,cifar10,0.3,13,classifier,0.554142
40,2,7,vig_tiny,cifar10,0.3,0,_vig_stem,0.914002
40,2,7,vig_tiny,cifar10,0.3,1,_vig_blocks.0,0.845411
40,2,7,vig_tiny,cifar10,0.3,2,_vig_blocks.1,0.818798
40,2,7,vig_tiny,cifar10,0.3,3,_vig_blocks.2,0.820317
40,2,7,vig_tiny,cifar10,0.3,4,_vig_blocks.3,0.803174
40,2,7,vig_tiny,cifar10,0.3,5,_vig_blocks.4,0.792036
40,2,7,vig_tiny,cifar10,0.3,6,_vig_blocks.5,0.772270
40,2,7,vig_tiny,cifar10,0.3,7,_vig_blocks.6,0.750833
40,2,7,vig_tiny,cifar10,0.3,8,_vig_blocks.7,0.728895
40,2,7,vig_tiny,cifar10,0.3,9,_vig_blocks.8,0.690565
40,2,7,vig_tiny,cifar10,0.3,10,_vig_blocks.9,0.662418
40,2,7,vig_tiny,cifar10,0.3,11,_vig_blocks.10,0.585913
40,2,7,vig_tiny,cifar10,0.3,12,_vig_blocks.11,0.516728
40,2,7,vig_tiny,cifar10,0.3,13,classifier,0.277773
40,2,8,vig_tiny,cifar10,0.3,0,_vig_stem,0.901190
40,2,8,vig_tiny,cifar10,0.3,1,_vig_blocks.0,0.855606
40,2,8,vig_tiny,cifar10,0.3,2,_vig_blocks.1,0.837444
40,2,8,vig_tiny,cifar10,0.3,3,_vig_blocks.2,0.843072
40,2,8,vig_tiny,cifar10,0.3,4,_vig_blocks.3,0.837000
40,2,8,vig_tiny,cifar10,0.3,5,_vig_blocks.4,0.834589
40,2,8,vig_tiny,cifar10,0.3,6,_vig_blocks.5,0.823862
40,2,8,vig_tiny,cifar10,0.3,7,_vig_blocks.6,0.814825
40,2,8,vig_tiny,cifar10,0.3,8,_vig_blocks.7,0.817949
40,2,8,vig_tiny,cifar10,0.3,9,_vig_blocks.8,0.800848
40,2,8,vig_tiny,cifar10,0.3,10,_vig_blocks.9,0.787424
40,2,8,vig_tiny,cifar10,0.3,11,_vig_blocks.10,0.774189
40,2,8,vig_tiny,cifar10,0.3,12,_vig_blocks.11,0.725305
40,2,8,vig_tiny,cifar10,0.3,13,classifier,0.760166
40,2,9,vig_tiny,cifar10,0.3,0,_vig_stem,0.896842
40,2,9,vig_tiny,cifar10,0.3,1,_vig_blocks.0,0.834739
40,2,9,vig_tiny,cifar10,0.3,2,_vig_blocks.1,0.812442
40,2,9,vig_tiny,cifar10,0.3,3,_vig_blocks.2,0.820076
40,2,9,vig_tiny,cifar10,0.3,4,_vig_blocks.3,0.817024
40,2,9,vig_tiny,cifar10,0.3,5,_vig_blocks.4,0.818931
40,2,9,vig_tiny,cifar10,0.3,6,_vig_blocks.5,0.813300
40,2,9,vig_tiny,cifar10,0.3,7,_vig_blocks.6,0.816620
40,2,9,vig_tiny,cifar10,0.3,8,_vig_blocks.7,0.801342
40,2,9,vig_tiny,cifar10,0.3,9,_vig_blocks.8,0.779617
40,2,9,vig_tiny,cifar10,0.3,10,_vig_blocks.9,0.763375
40,2,9,vig_tiny,cifar10,0.3,11,_vig_blocks.10,0.730478
40,2,9,vig_tiny,cifar10,0.3,12,_vig_blocks.11,0.688860
40,2,9,vig_tiny,cifar10,0.3,13,classifier,0.671532
40,3,4,vig_tiny,cifar10,0.3,0,_vig_stem,0.889725
40,3,4,vig_tiny,cifar10,0.3,1,_vig_blocks.0,0.841171
40,3,4,vig_tiny,cifar10,0.3,2,_vig_blocks.1,0.845428
40,3,4,vig_tiny,cifar10,0.3,3,_vig_blocks.2,0.835485
40,3,4,vig_tiny,cifar10,0.3,4,_vig_blocks.3,0.832778
40,3,4,vig_tiny,cifar10,0.3,5,_vig_blocks.4,0.809186
40,3,4,vig_tiny,cifar10,0.3,6,_vig_blocks.5,0.784217
40,3,4,vig_tiny,cifar10,0.3,7,_vig_blocks.6,0.781635
40,3,4,vig_tiny,cifar10,0.3,8,_vig_blocks.7,0.754789
40,3,4,vig_tiny,cifar10,0.3,9,_vig_blocks.8,0.727172
40,3,4,vig_tiny,cifar10,0.3,10,_vig_blocks.9,0.702249
40,3,4,vig_tiny,cifar10,0.3,11,_vig_blocks.10,0.676359
40,3,4,vig_tiny,cifar10,0.3,12,_vig_blocks.11,0.640722
40,3,4,vig_tiny,cifar10,0.3,13,classifier,0.583679
40,3,5,vig_tiny,cifar10,0.3,0,_vig_stem,0.887268
40,3,5,vig_tiny,cifar10,0.3,1,_vig_blocks.0,0.812675
40,3,5,vig_tiny,cifar10,0.3,2,_vig_blocks.1,0.799536
40,3,5,vig_tiny,cifar10,0.3,3,_vig_blocks.2,0.808810
40,3,5,vig_tiny,cifar10,0.3,4,_vig_blocks.3,0.808687
40,3,5,vig_tiny,cifar10,0.3,5,_vig_blocks.4,0.794326
40,3,5,vig_tiny,cifar10,0.3,6,_vig_blocks.5,0.776577
40,3,5,vig_tiny,cifar10,0.3,7,_vig_blocks.6,0.758499
40,3,5,vig_tiny,cifar10,0.3,8,_vig_blocks.7,0.729467
40,3,5,vig_tiny,cifar10,0.3,9,_vig_blocks.8,0.701829
40,3,5,vig_tiny,cifar10,0.3,10,_vig_blocks.9,0.675765
40,3,5,vig_tiny,cifar10,0.3,11,_vig_blocks.10,0.634213
40,3,5,vig_tiny,cifar10,0.3,12,_vig_blocks.11,0.595102
40,3,5,vig_tiny,cifar10,0.3,13,classifier,0.554387
40,3,6,vig_tiny,cifar10,0.3,0,_vig_stem,0.792282
40,3,6,vig_tiny,cifar10,0.3,1,_vig_blocks.0,0.666394
40,3,6,vig_tiny,cifar10,0.3,2,_vig_blocks.1,0.586049
40,3,6,vig_tiny,cifar10,0.3,3,_vig_blocks.2,0.565826
40,3,6,vig_tiny,cifar10,0.3,4,_vig_blocks.3,0.569155
40,3,6,vig_tiny,cifar10,0.3,5,_vig_blocks.4,0.569822
40,3,6,vig_tiny,cifar10,0.3,6,_vig_blocks.5,0.572112
40,3,6,vig_tiny,cifar10,0.3,7,_vig_blocks.6,0.575841
40,3,6,vig_tiny,cifar10,0.3,8,_vig_blocks.7,0.585014
40,3,6,vig_tiny,cifar10,0.3,9,_vig_blocks.8,0.567313
40,3,6,vig_tiny,cifar10,0.3,10,_vig_blocks.9,0.545144
40,3,6,vig_tiny,cifar10,0.3,11,_vig_blocks.10,0.529989
40,3,6,vig_tiny,cifar10,0.3,12,_vig_blocks.11,0.516638
40,3,6,vig_tiny,cifar10,0.3,13,classifier,0.618910
40,3,7,vig_tiny,cifar10,0.3,0,_vig_stem,0.878776
40,3,7,vig_tiny,cifar10,0.3,1,_vig_blocks.0,0.805693
40,3,7,vig_tiny,cifar10,0.3,2,_vig_blocks.1,0.796908
40,3,7,vig_tiny,cifar10,0.3,3,_vig_blocks.2,0.789770
40,3,7,vig_tiny,cifar10,0.3,4,_vig_blocks.3,0.786751
40,3,7,vig_tiny,cifar10,0.3,5,_vig_blocks.4,0.765750
40,3,7,vig_tiny,cifar10,0.3,6,_vig_blocks.5,0.735420
40,3,7,vig_tiny,cifar10,0.3,7,_vig_blocks.6,0.726531
40,3,7,vig_tiny,cifar10,0.3,8,_vig_blocks.7,0.699447
40,3,7,vig_tiny,cifar10,0.3,9,_vig_blocks.8,0.664048
40,3,7,vig_tiny,cifar10,0.3,10,_vig_blocks.9,0.623356
40,3,7,vig_tiny,cifar10,0.3,11,_vig_blocks.10,0.585036
40,3,7,vig_tiny,cifar10,0.3,12,_vig_blocks.11,0.529414
40,3,7,vig_tiny,cifar10,0.3,13,classifier,0.376564
40,3,8,vig_tiny,cifar10,0.3,0,_vig_stem,0.904610
40,3,8,vig_tiny,cifar10,0.3,1,_vig_blocks.0,0.814143
40,3,8,vig_tiny,cifar10,0.3,2,_vig_blocks.1,0.789408
40,3,8,vig_tiny,cifar10,0.3,3,_vig_blocks.2,0.790541
40,3,8,vig_tiny,cifar10,0.3,4,_vig_blocks.3,0.802749
40,3,8,vig_tiny,cifar10,0.3,5,_vig_blocks.4,0.785635
40,3,8,vig_tiny,cifar10,0.3,6,_vig_blocks.5,0.760740
40,3,8,vig_tiny,cifar10,0.3,7,_vig_blocks.6,0.751715
40,3,8,vig_tiny,cifar10,0.3,8,_vig_blocks.7,0.734631
40,3,8,vig_tiny,cifar10,0.3,9,_vig_blocks.8,0.703778
40,3,8,vig_tiny,cifar10,0.3,10,_vig_blocks.9,0.669874
40,3,8,vig_tiny,cifar10,0.3,11,_vig_blocks.10,0.631901
40,3,8,vig_tiny,cifar10,0.3,12,_vig_blocks.11,0.580960
40,3,8,vig_tiny,cifar10,0.3,13,classifier,0.505894
40,3,9,vig_tiny,cifar10,0.3,0,_vig_stem,0.929828
40,3,9,vig_tiny,cifar10,0.3,1,_vig_blocks.0,0.862679
40,3,9,vig_tiny,cifar10,0.3,2,_vig_blocks.1,0.825030
40,3,9,vig_tiny,cifar10,0.3,3,_vig_blocks.2,0.823322
40,3,9,vig_tiny,cifar10,0.3,4,_vig_blocks.3,0.833055
40,3,9,vig_tiny,cifar10,0.3,5,_vig_blocks.4,0.829630
40,3,9,vig_tiny,cifar10,0.3,6,_vig_blocks.5,0.813495
40,3,9,vig_tiny,cifar10,0.3,7,_vig_blocks.6,0.809496
40,3,9,vig_tiny,cifar10,0.3,8,_vig_blocks.7,0.790457
40,3,9,vig_tiny,cifar10,0.3,9,_vig_blocks.8,0.764908
40,3,9,vig_tiny,cifar10,0.3,10,_vig_blocks.9,0.743797
40,3,9,vig_tiny,cifar10,0.3,11,_vig_blocks.10,0.723333
40,3,9,vig_tiny,cifar10,0.3,12,_vig_blocks.11,0.697352
40,3,9,vig_tiny,cifar10,0.3,13,classifier,0.714607
40,4,5,vig_tiny,cifar10,0.3,0,_vig_stem,0.919917
40,4,5,vig_tiny,cifar10,0.3,1,_vig_blocks.0,0.890465
40,4,5,vig_tiny,cifar10,0.3,2,_vig_blocks.1,0.882597
40,4,5,vig_tiny,cifar10,0.3,3,_vig_blocks.2,0.883497
40,4,5,vig_tiny,cifar10,0.3,4,_vig_blocks.3,0.877883
40,4,5,vig_tiny,cifar10,0.3,5,_vig_blocks.4,0.883713
40,4,5,vig_tiny,cifar10,0.3,6,_vig_blocks.5,0.874916
40,4,5,vig_tiny,cifar10,0.3,7,_vig_blocks.6,0.872390
40,4,5,vig_tiny,cifar10,0.3,8,_vig_blocks.7,0.861312
40,4,5,vig_tiny,cifar10,0.3,9,_vig_blocks.8,0.840591
40,4,5,vig_tiny,cifar10,0.3,10,_vig_blocks.9,0.815571
40,4,5,vig_tiny,cifar10,0.3,11,_vig_blocks.10,0.775738
40,4,5,vig_tiny,cifar10,0.3,12,_vig_blocks.11,0.686023
40,4,5,vig_tiny,cifar10,0.3,13,classifier,0.569087
40,4,6,vig_tiny,cifar10,0.3,0,_vig_stem,0.845928
40,4,6,vig_tiny,cifar10,0.3,1,_vig_blocks.0,0.736452
40,4,6,vig_tiny,cifar10,0.3,2,_vig_blocks.1,0.677439
40,4,6,vig_tiny,cifar10,0.3,3,_vig_blocks.2,0.661341
40,4,6,vig_tiny,cifar10,0.3,4,_vig_blocks.3,0.634695
40,4,6,vig_tiny,cifar10,0.3,5,_vig_blocks.4,0.622078
40,4,6,vig_tiny,cifar10,0.3,6,_vig_blocks.5,0.619584
40,4,6,vig_tiny,cifar10,0.3,7,_vig_blocks.6,0.623854
40,4,6,vig_tiny,cifar10,0.3,8,_vig_blocks.7,0.634212
40,4,6,vig_tiny,cifar10,0.3,9,_vig_blocks.8,0.625937
40,4,6,vig_tiny,cifar10,0.3,10,_vig_blocks.9,0.618640
40,4,6,vig_tiny,cifar10,0.3,11,_vig_blocks.10,0.611802
40,4,6,vig_tiny,cifar10,0.3,12,_vig_blocks.11,0.589557
40,4,6,vig_tiny,cifar10,0.3,13,classifier,0.636217
40,4,7,vig_tiny,cifar10,0.3,0,_vig_stem,0.901968
40,4,7,vig_tiny,cifar10,0.3,1,_vig_blocks.0,0.867125
40,4,7,vig_tiny,cifar10,0.3,2,_vig_blocks.1,0.838407
40,4,7,vig_tiny,cifar10,0.3,3,_vig_blocks.2,0.828929
40,4,7,vig_tiny,cifar10,0.3,4,_vig_blocks.3,0.826581
40,4,7,vig_tiny,cifar10,0.3,5,_vig_blocks.4,0.822437
40,4,7,vig_tiny,cifar10,0.3,6,_vig_blocks.5,0.813146
40,4,7,vig_tiny,cifar10,0.3,7,_vig_blocks.6,0.803884
40,4,7,vig_tiny,cifar10,0.3,8,_vig_blocks.7,0.794877
40,4,7,vig_tiny,cifar10,0.3,9,_vig_blocks.8,0.762746
40,4,7,vig_tiny,cifar10,0.3,10,_vig_blocks.9,0.735518
40,4,7,vig_tiny,cifar10,0.3,11,_vig_blocks.10,0.683292
40,4,7,vig_tiny,cifar10,0.3,12,_vig_blocks.11,0.624024
40,4,7,vig_tiny,cifar10,0.3,13,classifier,0.470294
40,4,8,vig_tiny,cifar10,0.3,0,_vig_stem,0.911164
40,4,8,vig_tiny,cifar10,0.3,1,_vig_blocks.0,0.867465
40,4,8,vig_tiny,cifar10,0.3,2,_vig_blocks.1,0.849287
40,4,8,vig_tiny,cifar10,0.3,3,_vig_blocks.2,0.841859
40,4,8,vig_tiny,cifar10,0.3,4,_vig_blocks.3,0.836675
40,4,8,vig_tiny,cifar10,0.3,5,_vig_blocks.4,0.838717
40,4,8,vig_tiny,cifar10,0.3,6,_vig_blocks.5,0.826736
40,4,8,vig_tiny,cifar10,0.3,7,_vig_blocks.6,0.824265
40,4,8,vig_tiny,cifar10,0.3,8,_vig_blocks.7,0.817263
40,4,8,vig_tiny,cifar10,0.3,9,_vig_blocks.8,0.798760
40,4,8,vig_tiny,cifar10,0.3,10,_vig_blocks.9,0.776860
40,4,8,vig_tiny,cifar10,0.3,11,_vig_blocks.10,0.740773
40,4,8,vig_tiny,cifar10,0.3,12,_vig_blocks.11,0.682272
40,4,8,vig_tiny,cifar10,0.3,13,classifier,0.641144
40,4,9,vig_tiny,cifar10,0.3,0,_vig_stem,0.924411
40,4,9,vig_tiny,cifar10,0.3,1,_vig_blocks.0,0.872910
40,4,9,vig_tiny,cifar10,0.3,2,_vig_blocks.1,0.845457
40,4,9,vig_tiny,cifar10,0.3,3,_vig_blocks.2,0.849939
40,4,9,vig_tiny,cifar10,0.3,4,_vig_blocks.3,0.831331
40,4,9,vig_tiny,cifar10,0.3,5,_vig_blocks.4,0.827293
40,4,9,vig_tiny,cifar10,0.3,6,_vig_blocks.5,0.832273
40,4,9,vig_tiny,cifar10,0.3,7,_vig_blocks.6,0.831849
40,4,9,vig_tiny,cifar10,0.3,8,_vig_blocks.7,0.818514
40,4,9,vig_tiny,cifar10,0.3,9,_vig_blocks.8,0.805890
40,4,9,vig_tiny,cifar10,0.3,10,_vig_blocks.9,0.795636
40,4,9,vig_tiny,cifar10,0.3,11,_vig_blocks.10,0.764283
40,4,9,vig_tiny,cifar10,0.3,12,_vig_blocks.11,0.698871
40,4,9,vig_tiny,cifar10,0.3,13,classifier,0.659534
40,5,6,vig_tiny,cifar10,0.3,0,_vig_stem,0.880754
40,5,6,vig_tiny,cifar10,0.3,1,_vig_blocks.0,0.738857
40,5,6,vig_tiny,cifar10,0.3,2,_vig_blocks.1,0.711563
40,5,6,vig_tiny,cifar10,0.3,3,_vig_blocks.2,0.674604
40,5,6,vig_tiny,cifar10,0.3,4,_vig_blocks.3,0.641221
40,5,6,vig_tiny,cifar10,0.3,5,_vig_blocks.4,0.632216
40,5,6,vig_tiny,cifar10,0.3,6,_vig_blocks.5,0.616650
40,5,6,vig_tiny,cifar10,0.3,7,_vig_blocks.6,0.617885
40,5,6,vig_tiny,cifar10,0.3,8,_vig_blocks.7,0.609846
40,5,6,vig_tiny,cifar10,0.3,9,_vig_blocks.8,0.604012
40,5,6,vig_tiny,cifar10,0.3,10,_vig_blocks.9,0.605471
40,5,6,vig_tiny,cifar10,0.3,11,_vig_blocks.10,0.591988
40,5,6,vig_tiny,cifar10,0.3,12,_vig_blocks.11,0.559997
40,5,6,vig_tiny,cifar10,0.3,13,classifier,0.518880
40,5,7,vig_tiny,cifar10,0.3,0,_vig_stem,0.870126
40,5,7,vig_tiny,cifar10,0.3,1,_vig_blocks.0,0.822617
40,5,7,vig_tiny,cifar10,0.3,2,_vig_blocks.1,0.802565
40,5,7,vig_tiny,cifar10,0.3,3,_vig_blocks.2,0.797013
40,5,7,vig_tiny,cifar10,0.3,4,_vig_blocks.3,0.789691
40,5,7,vig_tiny,cifar10,0.3,5,_vig_blocks.4,0.786250
40,5,7,vig_tiny,cifar10,0.3,6,_vig_blocks.5,0.767314
40,5,7,vig_tiny,cifar10,0.3,7,_vig_blocks.6,0.757554
40,5,7,vig_tiny,cifar10,0.3,8,_vig_blocks.7,0.738155
40,5,7,vig_tiny,cifar10,0.3,9,_vig_blocks.8,0.702892
40,5,7,vig_tiny,cifar10,0.3,10,_vig_blocks.9,0.677825
40,5,7,vig_tiny,cifar10,0.3,11,_vig_blocks.10,0.612432
40,5,7,vig_tiny,cifar10,0.3,12,_vig_blocks.11,0.540040
40,5,7,vig_tiny,cifar10,0.3,13,classifier,0.331296
40,5,8,vig_tiny,cifar10,0.3,0,_vig_stem,0.910216
40,5,8,vig_tiny,cifar10,0.3,1,_vig_blocks.0,0.839355
40,5,8,vig_tiny,cifar10,0.3,2,_vig_blocks.1,0.820915
40,5,8,vig_tiny,cifar10,0.3,3,_vig_blocks.2,0.843403
40,5,8,vig_tiny,cifar10,0.3,4,_vig_blocks.3,0.841681
40,5,8,vig_tiny,cifar10,0.3,5,_vig_blocks.4,0.852193
40,5,8,vig_tiny,cifar10,0.3,6,_vig_blocks.5,0.842531
40,5,8,vig_tiny,cifar10,0.3,7,_vig_blocks.6,0.840746
40,5,8,vig_tiny,cifar10,0.3,8,_vig_blocks.7,0.841043
40,5,8,vig_tiny,cifar10,0.3,9,_vig_blocks.8,0.815654
40,5,8,vig_tiny,cifar10,0.3,10,_vig_blocks.9,0.781173
40,5,8,vig_tiny,cifar10,0.3,11,_vig_blocks.10,0.724945
40,5,8,vig_tiny,cifar10,0.3,12,_vig_blocks.11,0.626588
40,5,8,vig_tiny,cifar10,0.3,13,classifier,0.428353
40,5,9,vig_tiny,cifar10,0.3,0,_vig_stem,0.912308
40,5,9,vig_tiny,cifar10,0.3,1,_vig_blocks.0,0.843280
40,5,9,vig_tiny,cifar10,0.3,2,_vig_blocks.1,0.826898
40,5,9,vig_tiny,cifar10,0.3,3,_vig_blocks.2,0.825824
40,5,9,vig_tiny,cifar10,0.3,4,_vig_blocks.3,0.818812
40,5,9,vig_tiny,cifar10,0.3,5,_vig_blocks.4,0.825698
40,5,9,vig_tiny,cifar10,0.3,6,_vig_blocks.5,0.818097
40,5,9,vig_tiny,cifar10,0.3,7,_vig_blocks.6,0.816789
40,5,9,vig_tiny,cifar10,0.3,8,_vig_blocks.7,0.803649
40,5,9,vig_tiny,cifar10,0.3,9,_vig_blocks.8,0.788985
40,5,9,vig_tiny,cifar10,0.3,10,_vig_blocks.9,0.784492
40,5,9,vig_tiny,cifar10,0.3,11,_vig_blocks.10,0.758845
40,5,9,vig_tiny,cifar10,0.3,12,_vig_blocks.11,0.709053
40,5,9,vig_tiny,cifar10,0.3,13,classifier,0.651339
40,6,7,vig_tiny,cifar10,0.3,0,_vig_stem,0.838653
40,6,7,vig_tiny,cifar10,0.3,1,_vig_blocks.0,0.739777
40,6,7,vig_tiny,cifar10,0.3,2,_vig_blocks.1,0.696027
40,6,7,vig_tiny,cifar10,0.3,3,_vig_blocks.2,0.671444
40,6,7,vig_tiny,cifar10,0.3,4,_vig_blocks.3,0.619587
40,6,7,vig_tiny,cifar10,0.3,5,_vig_blocks.4,0.601429
40,6,7,vig_tiny,cifar10,0.3,6,_vig_blocks.5,0.562032
40,6,7,vig_tiny,cifar10,0.3,7,_vig_blocks.6,0.560801
40,6,7,vig_tiny,cifar10,0.3,8,_vig_blocks.7,0.568321
40,6,7,vig_tiny,cifar10,0.3,9,_vig_blocks.8,0.549384
40,6,7,vig_tiny,cifar10,0.3,10,_vig_blocks.9,0.532605
40,6,7,vig_tiny,cifar10,0.3,11,_vig_blocks.10,0.506314
40,6,7,vig_tiny,cifar10,0.3,12,_vig_blocks.11,0.480514
40,6,7,vig_tiny,cifar10,0.3,13,classifier,0.426907
40,6,8,vig_tiny,cifar10,0.3,0,_vig_stem,0.850298
40,6,8,vig_tiny,cifar10,0.3,1,_vig_blocks.0,0.725697
40,6,8,vig_tiny,cifar10,0.3,2,_vig_blocks.1,0.658693
40,6,8,vig_tiny,cifar10,0.3,3,_vig_blocks.2,0.634881
40,6,8,vig_tiny,cifar10,0.3,4,_vig_blocks.3,0.605599
40,6,8,vig_tiny,cifar10,0.3,5,_vig_blocks.4,0.595827
40,6,8,vig_tiny,cifar10,0.3,6,_vig_blocks.5,0.577298
40,6,8,vig_tiny,cifar10,0.3,7,_vig_blocks.6,0.585245
40,6,8,vig_tiny,cifar10,0.3,8,_vig_blocks.7,0.601397
40,6,8,vig_tiny,cifar10,0.3,9,_vig_blocks.8,0.582459
40,6,8,vig_tiny,cifar10,0.3,10,_vig_blocks.9,0.569061
40,6,8,vig_tiny,cifar10,0.3,11,_vig_blocks.10,0.564521
40,6,8,vig_tiny,cifar10,0.3,12,_vig_blocks.11,0.552179
40,6,8,vig_tiny,cifar10,0.3,13,classifier,0.587890
40,6,9,vig_tiny,cifar10,0.3,0,_vig_stem,0.857698
40,6,9,vig_tiny,cifar10,0.3,1,_vig_blocks.0,0.775467
40,6,9,vig_tiny,cifar10,0.3,2,_vig_blocks.1,0.722754
40,6,9,vig_tiny,cifar10,0.3,3,_vig_blocks.2,0.720765
40,6,9,vig_tiny,cifar10,0.3,4,_vig_blocks.3,0.700081
40,6,9,vig_tiny,cifar10,0.3,5,_vig_blocks.4,0.687721
40,6,9,vig_tiny,cifar10,0.3,6,_vig_blocks.5,0.681462
40,6,9,vig_tiny,cifar10,0.3,7,_vig_blocks.6,0.678937
40,6,9,vig_tiny,cifar10,0.3,8,_vig_blocks.7,0.675341
40,6,9,vig_tiny,cifar10,0.3,9,_vig_blocks.8,0.662414
40,6,9,vig_tiny,cifar10,0.3,10,_vig_blocks.9,0.650894
40,6,9,vig_tiny,cifar10,0.3,11,_vig_blocks.10,0.639955
40,6,9,vig_tiny,cifar10,0.3,12,_vig_blocks.11,0.620776
40,6,9,vig_tiny,cifar10,0.3,13,classifier,0.687902
40,7,8,vig_tiny,cifar10,0.3,0,_vig_stem,0.899383
40,7,8,vig_tiny,cifar10,0.3,1,_vig_blocks.0,0.863129
40,7,8,vig_tiny,cifar10,0.3,2,_vig_blocks.1,0.833168
40,7,8,vig_tiny,cifar10,0.3,3,_vig_blocks.2,0.810968
40,7,8,vig_tiny,cifar10,0.3,4,_vig_blocks.3,0.795025
40,7,8,vig_tiny,cifar10,0.3,5,_vig_blocks.4,0.784693
40,7,8,vig_tiny,cifar10,0.3,6,_vig_blocks.5,0.757914
40,7,8,vig_tiny,cifar10,0.3,7,_vig_blocks.6,0.749400
40,7,8,vig_tiny,cifar10,0.3,8,_vig_blocks.7,0.729838
40,7,8,vig_tiny,cifar10,0.3,9,_vig_blocks.8,0.692311
40,7,8,vig_tiny,cifar10,0.3,10,_vig_blocks.9,0.664359
40,7,8,vig_tiny,cifar10,0.3,11,_vig_blocks.10,0.602286
40,7,8,vig_tiny,cifar10,0.3,12,_vig_blocks.11,0.546691
40,7,8,vig_tiny,cifar10,0.3,13,classifier,0.267248
40,7,9,vig_tiny,cifar10,0.3,0,_vig_stem,0.915548
40,7,9,vig_tiny,cifar10,0.3,1,_vig_blocks.0,0.848459
40,7,9,vig_tiny,cifar10,0.3,2,_vig_blocks.1,0.834349
40,7,9,vig_tiny,cifar10,0.3,3,_vig_blocks.2,0.833347
40,7,9,vig_tiny,cifar10,0.3,4,_vig_blocks.3,0.815821
40,7,9,vig_tiny,cifar10,0.3,5,_vig_blocks.4,0.799531
40,7,9,vig_tiny,cifar10,0.3,6,_vig_blocks.5,0.782447
40,7,9,vig_tiny,cifar10,0.3,7,_vig_blocks.6,0.769942
40,7,9,vig_tiny,cifar10,0.3,8,_vig_blocks.7,0.753830
40,7,9,vig_tiny,cifar10,0.3,9,_vig_blocks.8,0.725857
40,7,9,vig_tiny,cifar10,0.3,10,_vig_blocks.9,0.697540
40,7,9,vig_tiny,cifar10,0.3,11,_vig_blocks.10,0.637252
40,7,9,vig_tiny,cifar10,0.3,12,_vig_blocks.11,0.574982
40,7,9,vig_tiny,cifar10,0.3,13,classifier,0.454641
40,8,9,vig_tiny,cifar10,0.3,0,_vig_stem,0.908759
40,8,9,vig_tiny,cifar10,0.3,1,_vig_blocks.0,0.854215
40,8,9,vig_tiny,cifar10,0.3,2,_vig_blocks.1,0.824726
40,8,9,vig_tiny,cifar10,0.3,3,_vig_blocks.2,0.818446
40,8,9,vig_tiny,cifar10,0.3,4,_vig_blocks.3,0.817383
40,8,9,vig_tiny,cifar10,0.3,5,_vig_blocks.4,0.811487
40,8,9,vig_tiny,cifar10,0.3,6,_vig_blocks.5,0.795332
40,8,9,vig_tiny,cifar10,0.3,7,_vig_blocks.6,0.793245
40,8,9,vig_tiny,cifar10,0.3,8,_vig_blocks.7,0.794119
40,8,9,vig_tiny,cifar10,0.3,9,_vig_blocks.8,0.762048
40,8,9,vig_tiny,cifar10,0.3,10,_vig_blocks.9,0.730573
40,8,9,vig_tiny,cifar10,0.3,11,_vig_blocks.10,0.702615
40,8,9,vig_tiny,cifar10,0.3,12,_vig_blocks.11,0.649328
40,8,9,vig_tiny,cifar10,0.3,13,classifier,0.632403
50,0,1,vig_tiny,cifar10,0.3,0,_vig_stem,0.910085
50,0,1,vig_tiny,cifar10,0.3,1,_vig_blocks.0,0.866207
50,0,1,vig_tiny,cifar10,0.3,2,_vig_blocks.1,0.833320
50,0,1,vig_tiny,cifar10,0.3,3,_vig_blocks.2,0.827886
50,0,1,vig_tiny,cifar10,0.3,4,_vig_blocks.3,0.833882
50,0,1,vig_tiny,cifar10,0.3,5,_vig_blocks.4,0.827897
50,0,1,vig_tiny,cifar10,0.3,6,_vig_blocks.5,0.814324
50,0,1,vig_tiny,cifar10,0.3,7,_vig_blocks.6,0.796488
50,0,1,vig_tiny,cifar10,0.3,8,_vig_blocks.7,0.789050
50,0,1,vig_tiny,cifar10,0.3,9,_vig_blocks.8,0.773087
50,0,1,vig_tiny,cifar10,0.3,10,_vig_blocks.9,0.743276
50,0,1,vig_tiny,cifar10,0.3,11,_vig_blocks.10,0.702222
50,0,1,vig_tiny,cifar10,0.3,12,_vig_blocks.11,0.624624
50,0,1,vig_tiny,cifar10,0.3,13,classifier,0.595820
50,0,2,vig_tiny,cifar10,0.3,0,_vig_stem,0.885387
50,0,2,vig_tiny,cifar10,0.3,1,_vig_blocks.0,0.827257
50,0,2,vig_tiny,cifar10,0.3,2,_vig_blocks.1,0.798422
50,0,2,vig_tiny,cifar10,0.3,3,_vig_blocks.2,0.787697
50,0,2,vig_tiny,cifar10,0.3,4,_vig_blocks.3,0.794554
50,0,2,vig_tiny,cifar10,0.3,5,_vig_blocks.4,0.791865
50,0,2,vig_tiny,cifar10,0.3,6,_vig_blocks.5,0.759333
50,0,2,vig_tiny,cifar10,0.3,7,_vig_blocks.6,0.743967
50,0,2,vig_tiny,cifar10,0.3,8,_vig_blocks.7,0.718710
50,0,2,vig_tiny,cifar10,0.3,9,_vig_blocks.8,0.705347
50,0,2,vig_tiny,cifar10,0.3,10,_vig_blocks.9,0.690163
50,0,2,vig_tiny,cifar10,0.3,11,_vig_blocks.10,0.663750
50,0,2,vig_tiny,cifar10,0.3,12,_vig_blocks.11,0.612304
50,0,2,vig_tiny,cifar10,0.3,13,classifier,0.665800
50,0,3,vig_tiny,cifar10,0.3,0,_vig_stem,0.933078
50,0,3,vig_tiny,cifar10,0.3,1,_vig_blocks.0,0.869836
50,0,3,vig_tiny,cifar10,0.3,2,_vig_blocks.1,0.828173
50,0,3,vig_tiny,cifar10,0.3,3,_vig_blocks.2,0.820732
50,0,3,vig_tiny,cifar10,0.3,4,_vig_blocks.3,0.815944
50,0,3,vig_tiny,cifar10,0.3,5,_vig_blocks.4,0.793372
50,0,3,vig_tiny,cifar10,0.3,6,_vig_blocks.5,0.768488
50,0,3,vig_tiny,cifar10,0.3,7,_vig_blocks.6,0.748405
50,0,3,vig_tiny,cifar10,0.3,8,_vig_blocks.7,0.729645
50,0,3,vig_tiny,cifar10,0.3,9,_vig_blocks.8,0.701120
50,0,3,vig_tiny,cifar10,0.3,10,_vig_blocks.9,0.661420
50,0,3,vig_tiny,cifar10,0.3,11,_vig_blocks.10,0.609877
50,0,3,vig_tiny,cifar10,0.3,12,_vig_blocks.11,0.574825
50,0,3,vig_tiny,cifar10,0.3,13,classifier,0.475041
50,0,4,vig_tiny,cifar10,0.3,0,_vig_stem,0.835902
50,0,4,vig_tiny,cifar10,0.3,1,_vig_blocks.0,0.830120
50,0,4,vig_tiny,cifar10,0.3,2,_vig_blocks.1,0.801666
50,0,4,vig_tiny,cifar10,0.3,3,_vig_blocks.2,0.781854
50,0,4,vig_tiny,cifar10,0.3,4,_vig_blocks.3,0.783999
50,0,4,vig_tiny,cifar10,0.3,5,_vig_blocks.4,0.767100
50,0,4,vig_tiny,cifar10,0.3,6,_vig_blocks.5,0.747769
50,0,4,vig_tiny,cifar10,0.3,7,_vig_blocks.6,0.735898
50,0,4,vig_tiny,cifar10,0.3,8,_vig_blocks.7,0.722965
50,0,4,vig_tiny,cifar10,0.3,9,_vig_blocks.8,0.692399
50,0,4,vig_tiny,cifar10,0.3,10,_vig_blocks.9,0.643832
50,0,4,vig_tiny,cifar10,0.3,11,_vig_blocks.10,0.585056
50,0,4,vig_tiny,cifar10,0.3,12,_vig_blocks.11,0.504067
50,0,4,vig_tiny,cifar10,0.3,13,classifier,0.486318
50,0,5,vig_tiny,cifar10,0.3,0,_vig_stem,0.884501
50,0,5,vig_tiny,cifar10,0.3,1,_vig_blocks.0,0.813067
50,0,5,vig_tiny,cifar10,0.3,2,_vig_blocks.1,0.753079
50,0,5,vig_tiny,cifar10,0.3,3,_vig_blocks.2,0.753982
50,0,5,vig_tiny,cifar10,0.3,4,_vig_blocks.3,0.756658
50,0,5,vig_tiny,cifar10,0.3,5,_vig_blocks.4,0.762879
50,0,5,vig_tiny,cifar10,0.3,6,_vig_blocks.5,0.743852
50,0,5,vig_tiny,cifar10,0.3,7,_vig_blocks.6,0.743365
50,0,5,vig_tiny,cifar10,0.3,8,_vig_blocks.7,0.742329
50,0,5,vig_tiny,cifar10,0.3,9,_vig_blocks.8,0.719225
50,0,5,vig_tiny,cifar10,0.3,10,_vig_blocks.9,0.675732
50,0,5,vig_tiny,cifar10,0.3,11,_vig_blocks.10,0.645319
50,0,5,vig_tiny,cifar10,0.3,12,_vig_blocks.11,0.594887
50,0,5,vig_tiny,cifar10,0.3,13,classifier,0.486694
50,0,6,vig_tiny,cifar10,0.3,0,_vig_stem,0.884632
50,0,6,vig_tiny,cifar10,0.3,1,_vig_blocks.0,0.813448
50,0,6,vig_tiny,cifar10,0.3,2,_vig_blocks.1,0.784356
50,0,6,vig_tiny,cifar10,0.3,3,_vig_blocks.2,0.776357
50,0,6,vig_tiny,cifar10,0.3,4,_vig_blocks.3,0.765717
50,0,6,vig_tiny,cifar10,0.3,5,_vig_blocks.4,0.745399
50,0,6,vig_tiny,cifar10,0.3,6,_vig_blocks.5,0.739562
50,0,6,vig_tiny,cifar10,0.3,7,_vig_blocks.6,0.720514
50,0,6,vig_tiny,cifar10,0.3,8,_vig_blocks.7,0.704301
50,0,6,vig_tiny,cifar10,0.3,9,_vig_blocks.8,0.680272
50,0,6,vig_tiny,cifar10,0.3,10,_vig_blocks.9,0.655251
50,0,6,vig_tiny,cifar10,0.3,11,_vig_blocks.10,0.623945
50,0,6,vig_tiny,cifar10,0.3,12,_vig_blocks.11,0.579989
50,0,6,vig_tiny,cifar10,0.3,13,classifier,0.546153
50,0,7,vig_tiny,cifar10,0.3,0,_vig_stem,0.859774
50,0,7,vig_tiny,cifar10,0.3,1,_vig_blocks.0,0.815802
50,0,7,vig_tiny,cifar10,0.3,2,_vig_blocks.1,0.787387
50,0,7,vig_tiny,cifar10,0.3,3,_vig_blocks.2,0.773913
50,0,7,vig_tiny,cifar10,0.3,4,_vig_blocks.3,0.784771
50,0,7,vig_tiny,cifar10,0.3,5,_vig_blocks.4,0.777995
50,0,7,vig_tiny,cifar10,0.3,6,_vig_blocks.5,0.754317
50,0,7,vig_tiny,cifar10,0.3,7,_vig_blocks.6,0.740147
50,0,7,vig_tiny,cifar10,0.3,8,_vig_blocks.7,0.708119
50,0,7,vig_tiny,cifar10,0.3,9,_vig_blocks.8,0.660628
50,0,7,vig_tiny,cifar10,0.3,10,_vig_blocks.9,0.597686
50,0,7,vig_tiny,cifar10,0.3,11,_vig_blocks.10,0.518455
50,0,7,vig_tiny,cifar10,0.3,12,_vig_blocks.11,0.426659
50,0,7,vig_tiny,cifar10,0.3,13,classifier,0.211710
50,0,8,vig_tiny,cifar10,0.3,0,_vig_stem,0.926356
50,0,8,vig_tiny,cifar10,0.3,1,_vig_blocks.0,0.856272
50,0,8,vig_tiny,cifar10,0.3,2,_vig_blocks.1,0.832426
50,0,8,vig_tiny,cifar10,0.3,3,_vig_blocks.2,0.833471
50,0,8,vig_tiny,cifar10,0.3,4,_vig_blocks.3,0.839798
50,0,8,vig_tiny,cifar10,0.3,5,_vig_blocks.4,0.812275
50,0,8,vig_tiny,cifar10,0.3,6,_vig_blocks.5,0.808773
50,0,8,vig_tiny,cifar10,0.3,7,_vig_blocks.6,0.817159
50,0,8,vig_tiny,cifar10,0.3,8,_vig_blocks.7,0.817179
50,0,8,vig_tiny,cifar10,0.3,9,_vig_blocks.8,0.793757
50,0,8,vig_tiny,cifar10,0.3,10,_vig_blocks.9,0.750603
50,0,8,vig_tiny,cifar10,0.3,11,_vig_blocks.10,0.717741
50,0,8,vig_tiny,cifar10,0.3,12,_vig_blocks.11,0.639812
50,0,8,vig_tiny,cifar10,0.3,13,classifier,0.642780
50,0,9,vig_tiny,cifar10,0.3,0,_vig_stem,0.856824
50,0,9,vig_tiny,cifar10,0.3,1,_vig_blocks.0,0.784974
50,0,9,vig_tiny,cifar10,0.3,2,_vig_blocks.1,0.750179
50,0,9,vig_tiny,cifar10,0.3,3,_vig_blocks.2,0.764985
50,0,9,vig_tiny,cifar10,0.3,4,_vig_blocks.3,0.753947
50,0,9,vig_tiny,cifar10,0.3,5,_vig_blocks.4,0.757972
50,0,9,vig_tiny,cifar10,0.3,6,_vig_blocks.5,0.726496
50,0,9,vig_tiny,cifar10,0.3,7,_vig_blocks.6,0.714052
50,0,9,vig_tiny,cifar10,0.3,8,_vig_blocks.7,0.693750
50,0,9,vig_tiny,cifar10,0.3,9,_vig_blocks.8,0.664886
50,0,9,vig_tiny,cifar10,0.3,10,_vig_blocks.9,0.620320
50,0,9,vig_tiny,cifar10,0.3,11,_vig_blocks.10,0.595974
50,0,9,vig_tiny,cifar10,0.3,12,_vig_blocks.11,0.556375
50,0,9,vig_tiny,cifar10,0.3,13,classifier,0.473523
50,1,2,vig_tiny,cifar10,0.3,0,_vig_stem,0.897967
50,1,2,vig_tiny,cifar10,0.3,1,_vig_blocks.0,0.845588
50,1,2,vig_tiny,cifar10,0.3,2,_vig_blocks.1,0.806512
50,1,2,vig_tiny,cifar10,0.3,3,_vig_blocks.2,0.794168
50,1,2,vig_tiny,cifar10,0.3,4,_vig_blocks.3,0.797778
50,1,2,vig_tiny,cifar10,0.3,5,_vig_blocks.4,0.792432
50,1,2,vig_tiny,cifar10,0.3,6,_vig_blocks.5,0.768011
50,1,2,vig_tiny,cifar10,0.3,7,_vig_blocks.6,0.749846
50,1,2,vig_tiny,cifar10,0.3,8,_vig_blocks.7,0.752048
50,1,2,vig_tiny,cifar10,0.3,9,_vig_blocks.8,0.736659
50,1,2,vig_tiny,cifar10,0.3,10,_vig_blocks.9,0.731088
50,1,2,vig_tiny,cifar10,0.3,11,_vig_blocks.10,0.697034
50,1,2,vig_tiny,cifar10,0.3,12,_vig_blocks.11,0.640266
50,1,2,vig_tiny,cifar10,0.3,13,classifier,0.701524
50,1,3,vig_tiny,cifar10,0.3,0,_vig_stem,0.920552
50,1,3,vig_tiny,cifar10,0.3,1,_vig_blocks.0,0.878049
50,1,3,vig_tiny,cifar10,0.3,2,_vig_blocks.1,0.830692
50,1,3,vig_tiny,cifar10,0.3,3,_vig_blocks.2,0.818527
50,1,3,vig_tiny,cifar10,0.3,4,_vig_blocks.3,0.815214
50,1,3,vig_tiny,cifar10,0.3,5,_vig_blocks.4,0.806209
50,1,3,vig_tiny,cifar10,0.3,6,_vig_blocks.5,0.783296
50,1,3,vig_tiny,cifar10,0.3,7,_vig_blocks.6,0.767076
50,1,3,vig_tiny,cifar10,0.3,8,_vig_blocks.7,0.775245
50,1,3,vig_tiny,cifar10,0.3,9,_vig_blocks.8,0.746260
50,1,3,vig_tiny,cifar10,0.3,10,_vig_blocks.9,0.737373
50,1,3,vig_tiny,cifar10,0.3,11,_vig_blocks.10,0.704899
50,1,3,vig_tiny,cifar10,0.3,12,_vig_blocks.11,0.680077
50,1,3,vig_tiny,cifar10,0.3,13,classifier,0.675872
50,1,4,vig_tiny,cifar10,0.3,0,_vig_stem,0.881052
50,1,4,vig_tiny,cifar10,0.3,1,_vig_blocks.0,0.850735
50,1,4,vig_tiny,cifar10,0.3,2,_vig_blocks.1,0.820448
50,1,4,vig_tiny,cifar10,0.3,3,_vig_blocks.2,0.800597
50,1,4,vig_tiny,cifar10,0.3,4,_vig_blocks.3,0.791462
50,1,4,vig_tiny,cifar10,0.3,5,_vig_blocks.4,0.764719
50,1,4,vig_tiny,cifar10,0.3,6,_vig_blocks.5,0.742046
50,1,4,vig_tiny,cifar10,0.3,7,_vig_blocks.6,0.730423
50,1,4,vig_tiny,cifar10,0.3,8,_vig_blocks.7,0.729492
50,1,4,vig_tiny,cifar10,0.3,9,_vig_blocks.8,0.695273
50,1,4,vig_tiny,cifar10,0.3,10,_vig_blocks.9,0.676515
50,1,4,vig_tiny,cifar10,0.3,11,_vig_blocks.10,0.643596
50,1,4,vig_tiny,cifar10,0.3,12,_vig_blocks.11,0.601569
50,1,4,vig_tiny,cifar10,0.3,13,classifier,0.665329
50,1,5,vig_tiny,cifar10,0.3,0,_vig_stem,0.890282
50,1,5,vig_tiny,cifar10,0.3,1,_vig_blocks.0,0.800186
50,1,5,vig_tiny,cifar10,0.3,2,_vig_blocks.1,0.759573
50,1,5,vig_tiny,cifar10,0.3,3,_vig_blocks.2,0.771711
50,1,5,vig_tiny,cifar10,0.3,4,_vig_blocks.3,0.773958
50,1,5,vig_tiny,cifar10,0.3,5,_vig_blocks.4,0.767072
50,1,5,vig_tiny,cifar10,0.3,6,_vig_blocks.5,0.749554
50,1,5,vig_tiny,cifar10,0.3,7,_vig_blocks.6,0.748525
50,1,5,vig_tiny,cifar10,0.3,8,_vig_blocks.7,0.746583
50,1,5,vig_tiny,cifar10,0.3,9,_vig_blocks.8,0.730736
50,1,5,vig_tiny,cifar10,0.3,10,_vig_blocks.9,0.708095
50,1,5,vig_tiny,cifar10,0.3,11,_vig_blocks.10,0.682286
50,1,5,vig_tiny,cifar10,0.3,12,_vig_blocks.11,0.636979
50,1,5,vig_tiny,cifar10,0.3,13,classifier,0.637539
50,1,6,vig_tiny,cifar10,0.3,0,_vig_stem,0.906517
50,1,6,vig_tiny,cifar10,0.3,1,_vig_blocks.0,0.837495
50,1,6,vig_tiny,cifar10,0.3,2,_vig_blocks.1,0.807448
50,1,6,vig_tiny,cifar10,0.3,3,_vig_blocks.2,0.795762
50,1,6,vig_tiny,cifar10,0.3,4,_vig_blocks.3,0.773763
50,1,6,vig_tiny,cifar10,0.3,5,_vig_blocks.4,0.758641
50,1,6,vig_tiny,cifar10,0.3,6,_vig_blocks.5,0.747339
50,1,6,vig_tiny,cifar10,0.3,7,_vig_blocks.6,0.724992
50,1,6,vig_tiny,cifar10,0.3,8,_vig_blocks.7,0.735210
50,1,6,vig_tiny,cifar10,0.3,9,_vig_blocks.8,0.706378
50,1,6,vig_tiny,cifar10,0.3,10,_vig_blocks.9,0.704115
50,1,6,vig_tiny,cifar10,0.3,11,_vig_blocks.10,0.678783
50,1,6,vig_tiny,cifar10,0.3,12,_vig_blocks.11,0.656356
50,1,6,vig_tiny,cifar10,0.3,13,classifier,0.679208
50,1,7,vig_tiny,cifar10,0.3,0,_vig_stem,0.872822
50,1,7,vig_tiny,cifar10,0.3,1,_vig_blocks.0,0.806139
50,1,7,vig_tiny,cifar10,0.3,2,_vig_blocks.1,0.773492
50,1,7,vig_tiny,cifar10,0.3,3,_vig_blocks.2,0.766703
50,1,7,vig_tiny,cifar10,0.3,4,_vig_blocks.3,0.769400
50,1,7,vig_tiny,cifar10,0.3,5,_vig_blocks.4,0.749927
50,1,7,vig_tiny,cifar10,0.3,6,_vig_blocks.5,0.723440
50,1,7,vig_tiny,cifar10,0.3,7,_vig_blocks.6,0.699462
50,1,7,vig_tiny,cifar10,0.3,8,_vig_blocks.7,0.680589
50,1,7,vig_tiny,cifar10,0.3,9,_vig_blocks.8,0.625917
50,1,7,vig_tiny,cifar10,0.3,10,_vig_blocks.9,0.579777
50,1,7,vig_tiny,cifar10,0.3,11,_vig_blocks.10,0.506051
50,1,7,vig_tiny,cifar10,0.3,12,_vig_blocks.11,0.432135
50,1,7,vig_tiny,cifar10,0.3,13,classifier,0.234059
50,1,8,vig_tiny,cifar10,0.3,0,_vig_stem,0.918039
50,1,8,vig_tiny,cifar10,0.3,1,_vig_blocks.0,0.863777
50,1,8,vig_tiny,cifar10,0.3,2,_vig_blocks.1,0.838843
50,1,8,vig_tiny,cifar10,0.3,3,_vig_blocks.2,0.835764
50,1,8,vig_tiny,cifar10,0.3,4,_vig_blocks.3,0.828931
50,1,8,vig_tiny,cifar10,0.3,5,_vig_blocks.4,0.797857
50,1,8,vig_tiny,cifar10,0.3,6,_vig_blocks.5,0.792210
50,1,8,vig_tiny,cifar10,0.3,7,_vig_blocks.6,0.793441
50,1,8,vig_tiny,cifar10,0.3,8,_vig_blocks.7,0.799548
50,1,8,vig_tiny,cifar10,0.3,9,_vig_blocks.8,0.793166
50,1,8,vig_tiny,cifar10,0.3,10,_vig_blocks.9,0.779960
50,1,8,vig_tiny,cifar10,0.3,11,_vig_blocks.10,0.764186
50,1,8,vig_tiny,cifar10,0.3,12,_vig_blocks.11,0.721720
50,1,8,vig_tiny,cifar10,0.3,13,classifier,0.762909
50,1,9,vig_tiny,cifar10,0.3,0,_vig_stem,0.904052
50,1,9,vig_tiny,cifar10,0.3,1,_vig_blocks.0,0.806493
50,1,9,vig_tiny,cifar10,0.3,2,_vig_blocks.1,0.748528
50,1,9,vig_tiny,cifar10,0.3,3,_vig_blocks.2,0.749573
50,1,9,vig_tiny,cifar10,0.3,4,_vig_blocks.3,0.746035
50,1,9,vig_tiny,cifar10,0.3,5,_vig_blocks.4,0.749360
50,1,9,vig_tiny,cifar10,0.3,6,_vig_blocks.5,0.723067
50,1,9,vig_tiny,cifar10,0.3,7,_vig_blocks.6,0.720349
50,1,9,vig_tiny,cifar10,0.3,8,_vig_blocks.7,0.718530
50,1,9,vig_tiny,cifar10,0.3,9,_vig_blocks.8,0.699015
50,1,9,vig_tiny,cifar10,0.3,10,_vig_blocks.9,0.677390
50,1,9,vig_tiny,cifar10,0.3,11,_vig_blocks.10,0.652876
50,1,9,vig_tiny,cifar10,0.3,12,_vig_blocks.11,0.620134
50,1,9,vig_tiny,cifar10,0.3,13,classifier,0.624992
50,2,3,vig_tiny,cifar10,0.3,0,_vig_stem,0.929101
50,2,3,vig_tiny,cifar10,0.3,1,_vig_blocks.0,0.854537
50,2,3,vig_tiny,cifar10,0.3,2,_vig_blocks.1,0.806203
50,2,3,vig_tiny,cifar10,0.3,3,_vig_blocks.2,0.788199
50,2,3,vig_tiny,cifar10,0.3,4,_vig_blocks.3,0.791887
50,2,3,vig_tiny,cifar10,0.3,5,_vig_blocks.4,0.793903
50,2,3,vig_tiny,cifar10,0.3,6,_vig_blocks.5,0.766546
50,2,3,vig_tiny,cifar10,0.3,7,_vig_blocks.6,0.752752
50,2,3,vig_tiny,cifar10,0.3,8,_vig_blocks.7,0.746862
50,2,3,vig_tiny,cifar10,0.3,9,_vig_blocks.8,0.711167
50,2,3,vig_tiny,cifar10,0.3,10,_vig_blocks.9,0.681358
50,2,3,vig_tiny,cifar10,0.3,11,_vig_blocks.10,0.633842
50,2,3,vig_tiny,cifar10,0.3,12,_vig_blocks.11,0.588890
50,2,3,vig_tiny,cifar10,0.3,13,classifier,0.572103
50,2,4,vig_tiny,cifar10,0.3,0,_vig_stem,0.903541
50,2,4,vig_tiny,cifar10,0.3,1,_vig_blocks.0,0.879398
50,2,4,vig_tiny,cifar10,0.3,2,_vig_blocks.1,0.848981
50,2,4,vig_tiny,cifar10,0.3,3,_vig_blocks.2,0.849116
50,2,4,vig_tiny,cifar10,0.3,4,_vig_blocks.3,0.846391
50,2,4,vig_tiny,cifar10,0.3,5,_vig_blocks.4,0.841130
50,2,4,vig_tiny,cifar10,0.3,6,_vig_blocks.5,0.826037
50,2,4,vig_tiny,cifar10,0.3,7,_vig_blocks.6,0.806963
50,2,4,vig_tiny,cifar10,0.3,8,_vig_blocks.7,0.802498
50,2,4,vig_tiny,cifar10,0.3,9,_vig_blocks.8,0.774623
50,2,4,vig_tiny,cifar10,0.3,10,_vig_blocks.9,0.746323
50,2,4,vig_tiny,cifar10,0.3,11,_vig_blocks.10,0.703060
50,2,4,vig_tiny,cifar10,0.3,12,_vig_blocks.11,0.629277
50,2,4,vig_tiny,cifar10,0.3,13,classifier,0.604349
50,2,5,vig_tiny,cifar10,0.3,0,_vig_stem,0.897324
50,2,5,vig_tiny,cifar10,0.3,1,_vig_blocks.0,0.797190
50,2,5,vig_tiny,cifar10,0.3,2,_vig_blocks.1,0.739468
50,2,5,vig_tiny,cifar10,0.3,3,_vig_blocks.2,0.734297
50,2,5,vig_tiny,cifar10,0.3,4,_vig_blocks.3,0.732462
50,2,5,vig_tiny,cifar10,0.3,5,_vig_blocks.4,0.733970
50,2,5,vig_tiny,cifar10,0.3,6,_vig_blocks.5,0.688893
50,2,5,vig_tiny,cifar10,0.3,7,_vig_blocks.6,0.679701
50,2,5,vig_tiny,cifar10,0.3,8,_vig_blocks.7,0.685757
50,2,5,vig_tiny,cifar10,0.3,9,_vig_blocks.8,0.676015
50,2,5,vig_tiny,cifar10,0.3,10,_vig_blocks.9,0.656656
50,2,5,vig_tiny,cifar10,0.3,11,_vig_blocks.10,0.630091
50,2,5,vig_tiny,cifar10,0.3,12,_vig_blocks.11,0.577970
50,2,5,vig_tiny,cifar10,0.3,13,classifier,0.565974
50,2,6,vig_tiny,cifar10,0.3,0,_vig_stem,0.880010
50,2,6,vig_tiny,cifar10,0.3,1,_vig_blocks.0,0.793582
50,2,6,vig_tiny,cifar10,0.3,2,_vig_blocks.1,0.752964
50,2,6,vig_tiny,cifar10,0.3,3,_vig_blocks.2,0.721475
50,2,6,vig_tiny,cifar10,0.3,4,_vig_blocks.3,0.720017
50,2,6,vig_tiny,cifar10,0.3,5,_vig_blocks.4,0.724687
50,2,6,vig_tiny,cifar10,0.3,6,_vig_blocks.5,0.703045
50,2,6,vig_tiny,cifar10,0.3,7,_vig_blocks.6,0.682494
50,2,6,vig_tiny,cifar10,0.3,8,_vig_blocks.7,0.691210
50,2,6,vig_tiny,cifar10,0.3,9,_vig_blocks.8,0.676229
50,2,6,vig_tiny,cifar10,0.3,10,_vig_blocks.9,0.675288
50,2,6,vig_tiny,cifar10,0.3,11,_vig_blocks.10,0.655899
50,2,6,vig_tiny,cifar10,0.3,12,_vig_blocks.11,0.607280
50,2,6,vig_tiny,cifar10,0.3,13,classifier,0.629875
50,2,7,vig_tiny,cifar10,0.3,0,_vig_stem,0.906777
50,2,7,vig_tiny,cifar10,0.3,1,_vig_blocks.0,0.862124
50,2,7,vig_tiny,cifar10,0.3,2,_vig_blocks.1,0.843559
50,2,7,vig_tiny,cifar10,0.3,3,_vig_blocks.2,0.849794
50,2,7,vig_tiny,cifar10,0.3,4,_vig_blocks.3,0.855008
50,2,7,vig_tiny,cifar10,0.3,5,_vig_blocks.4,0.846920
50,2,7,vig_tiny,cifar10,0.3,6,_vig_blocks.5,0.827399
50,2,7,vig_tiny,cifar10,0.3,7,_vig_blocks.6,0.803438
50,2,7,vig_tiny,cifar10,0.3,8,_vig_blocks.7,0.781405
50,2,7,vig_tiny,cifar10,0.3,9,_vig_blocks.8,0.745105
50,2,7,vig_tiny,cifar10,0.3,10,_vig_blocks.9,0.694037
50,2,7,vig_tiny,cifar10,0.3,11,_vig_blocks.10,0.622236
50,2,7,vig_tiny,cifar10,0.3,12,_vig_blocks.11,0.529678
50,2,7,vig_tiny,cifar10,0.3,13,classifier,0.259572
50,2,8,vig_tiny,cifar10,0.3,0,_vig_stem,0.913198
50,2,8,vig_tiny,cifar10,0.3,1,_vig_blocks.0,0.838827
50,2,8,vig_tiny,cifar10,0.3,2,_vig_blocks.1,0.793541
50,2,8,vig_tiny,cifar10,0.3,3,_vig_blocks.2,0.795752
50,2,8,vig_tiny,cifar10,0.3,4,_vig_blocks.3,0.803454
50,2,8,vig_tiny,cifar10,0.3,5,_vig_blocks.4,0.791927
50,2,8,vig_tiny,cifar10,0.3,6,_vig_blocks.5,0.758691
50,2,8,vig_tiny,cifar10,0.3,7,_vig_blocks.6,0.747913
50,2,8,vig_tiny,cifar10,0.3,8,_vig_blocks.7,0.748633
50,2,8,vig_tiny,cifar10,0.3,9,_vig_blocks.8,0.744764
50,2,8,vig_tiny,cifar10,0.3,10,_vig_blocks.9,0.738394
50,2,8,vig_tiny,cifar10,0.3,11,_vig_blocks.10,0.721235
50,2,8,vig_tiny,cifar10,0.3,12,_vig_blocks.11,0.669833
50,2,8,vig_tiny,cifar10,0.3,13,classifier,0.710979
50,2,9,vig_tiny,cifar10,0.3,0,_vig_stem,0.855839
50,2,9,vig_tiny,cifar10,0.3,1,_vig_blocks.0,0.756631
50,2,9,vig_tiny,cifar10,0.3,2,_vig_blocks.1,0.721177
50,2,9,vig_tiny,cifar10,0.3,3,_vig_blocks.2,0.714682
50,2,9,vig_tiny,cifar10,0.3,4,_vig_blocks.3,0.708674
50,2,9,vig_tiny,cifar10,0.3,5,_vig_blocks.4,0.723855
50,2,9,vig_tiny,cifar10,0.3,6,_vig_blocks.5,0.690648
50,2,9,vig_tiny,cifar10,0.3,7,_vig_blocks.6,0.678009
50,2,9,vig_tiny,cifar10,0.3,8,_vig_blocks.7,0.675643
50,2,9,vig_tiny,cifar10,0.3,9,_vig_blocks.8,0.660945
50,2,9,vig_tiny,cifar10,0.3,10,_vig_blocks.9,0.638264
50,2,9,vig_tiny,cifar10,0.3,11,_vig_blocks.10,0.614906
50,2,9,vig_tiny,cifar10,0.3,12,_vig_blocks.11,0.583253
50,2,9,vig_tiny,cifar10,0.3,13,classifier,0.573452
50,3,4,vig_tiny,cifar10,0.3,0,_vig_stem,0.896755
50,3,4,vig_tiny,cifar10,0.3,1,_vig_blocks.0,0.880386
50,3,4,vig_tiny,cifar10,0.3,2,_vig_blocks.1,0.851730
50,3,4,vig_tiny,cifar10,0.3,3,_vig_blocks.2,0.841386
50,3,4,vig_tiny,cifar10,0.3,4,_vig_blocks.3,0.835589
50,3,4,vig_tiny,cifar10,0.3,5,_vig_blocks.4,0.827510
50,3,4,vig_tiny,cifar10,0.3,6,_vig_blocks.5,0.810663
50,3,4,vig_tiny,cifar10,0.3,7,_vig_blocks.6,0.811551
50,3,4,vig_tiny,cifar10,0.3,8,_vig_blocks.7,0.806326
50,3,4,vig_tiny,cifar10,0.3,9,_vig_blocks.8,0.774197
50,3,4,vig_tiny,cifar10,0.3,10,_vig_blocks.9,0.764568
50,3,4,vig_tiny,cifar10,0.3,11,_vig_blocks.10,0.742602
50,3,4,vig_tiny,cifar10,0.3,12,_vig_blocks.11,0.701874
50,3,4,vig_tiny,cifar10,0.3,13,classifier,0.709149
50,3,5,vig_tiny,cifar10,0.3,0,_vig_stem,0.900383
50,3,5,vig_tiny,cifar10,0.3,1,_vig_blocks.0,0.818237
50,3,5,vig_tiny,cifar10,0.3,2,_vig_blocks.1,0.772592
50,3,5,vig_tiny,cifar10,0.3,3,_vig_blocks.2,0.786313
50,3,5,vig_tiny,cifar10,0.3,4,_vig_blocks.3,0.788882
50,3,5,vig_tiny,cifar10,0.3,5,_vig_blocks.4,0.779404
50,3,5,vig_tiny,cifar10,0.3,6,_vig_blocks.5,0.768991
50,3,5,vig_tiny,cifar10,0.3,7,_vig_blocks.6,0.770745
50,3,5,vig_tiny,cifar10,0.3,8,_vig_blocks.7,0.776259
50,3,5,vig_tiny,cifar10,0.3,9,_vig_blocks.8,0.774607
50,3,5,vig_tiny,cifar10,0.3,10,_vig_blocks.9,0.765889
50,3,5,vig_tiny,cifar10,0.3,11,_vig_blocks.10,0.742241
50,3,5,vig_tiny,cifar10,0.3,12,_vig_blocks.11,0.721232
50,3,5,vig_tiny,cifar10,0.3,13,classifier,0.711042
50,3,6,vig_tiny,cifar10,0.3,0,_vig_stem,0.911538
50,3,6,vig_tiny,cifar10,0.3,1,_vig_blocks.0,0.838267
50,3,6,vig_tiny,cifar10,0.3,2,_vig_blocks.1,0.829664
50,3,6,vig_tiny,cifar10,0.3,3,_vig_blocks.2,0.814044
50,3,6,vig_tiny,cifar10,0.3,4,_vig_blocks.3,0.811555
50,3,6,vig_tiny,cifar10,0.3,5,_vig_blocks.4,0.797471
50,3,6,vig_tiny,cifar10,0.3,6,_vig_blocks.5,0.794491
50,3,6,vig_tiny,cifar10,0.3,7,_vig_blocks.6,0.781801
50,3,6,vig_tiny,cifar10,0.3,8,_vig_blocks.7,0.784259
50,3,6,vig_tiny,cifar10,0.3,9,_vig_blocks.8,0.764025
50,3,6,vig_tiny,cifar10,0.3,10,_vig_blocks.9,0.757328
50,3,6,vig_tiny,cifar10,0.3,11,_vig_blocks.10,0.739773
50,3,6,vig_tiny,cifar10,0.3,12,_vig_blocks.11,0.710770
50,3,6,vig_tiny,cifar10,0.3,13,classifier,0.734074
50,3,7,vig_tiny,cifar10,0.3,0,_vig_stem,0.888661
50,3,7,vig_tiny,cifar10,0.3,1,_vig_blocks.0,0.846327
50,3,7,vig_tiny,cifar10,0.3,2,_vig_blocks.1,0.810168
50,3,7,vig_tiny,cifar10,0.3,3,_vig_blocks.2,0.794634
50,3,7,vig_tiny,cifar10,0.3,4,_vig_blocks.3,0.793594
50,3,7,vig_tiny,cifar10,0.3,5,_vig_blocks.4,0.779081
50,3,7,vig_tiny,cifar10,0.3,6,_vig_blocks.5,0.755657
50,3,7,vig_tiny,cifar10,0.3,7,_vig_blocks.6,0.740145
50,3,7,vig_tiny,cifar10,0.3,8,_vig_blocks.7,0.727581
50,3,7,vig_tiny,cifar10,0.3,9,_vig_blocks.8,0.685411
50,3,7,vig_tiny,cifar10,0.3,10,_vig_blocks.9,0.653436
50,3,7,vig_tiny,cifar10,0.3,11,_vig_blocks.10,0.604459
50,3,7,vig_tiny,cifar10,0.3,12,_vig_blocks.11,0.545163
50,3,7,vig_tiny,cifar10,0.3,13,classifier,0.373425
50,3,8,vig_tiny,cifar10,0.3,0,_vig_stem,0.934955
50,3,8,vig_tiny,cifar10,0.3,1,_vig_blocks.0,0.855301
50,3,8,vig_tiny,cifar10,0.3,2,_vig_blocks.1,0.807881
50,3,8,vig_tiny,cifar10,0.3,3,_vig_blocks.2,0.805399
50,3,8,vig_tiny,cifar10,0.3,4,_vig_blocks.3,0.803920
50,3,8,vig_tiny,cifar10,0.3,5,_vig_blocks.4,0.779994
50,3,8,vig_tiny,cifar10,0.3,6,_vig_blocks.5,0.747447
50,3,8,vig_tiny,cifar10,0.3,7,_vig_blocks.6,0.733439
50,3,8,vig_tiny,cifar10,0.3,8,_vig_blocks.7,0.730930
50,3,8,vig_tiny,cifar10,0.3,9,_vig_blocks.8,0.715714
50,3,8,vig_tiny,cifar10,0.3,10,_vig_blocks.9,0.702510
50,3,8,vig_tiny,cifar10,0.3,11,_vig_blocks.10,0.662943
50,3,8,vig_tiny,cifar10,0.3,12,_vig_blocks.11,0.622658
50,3,8,vig_tiny,cifar10,0.3,13,classifier,0.596134
50,3,9,vig_tiny,cifar10,0.3,0,_vig_stem,0.881922
50,3,9,vig_tiny,cifar10,0.3,1,_vig_blocks.0,0.806337
50,3,9,vig_tiny,cifar10,0.3,2,_vig_blocks.1,0.763979
50,3,9,vig_tiny,cifar10,0.3,3,_vig_blocks.2,0.780635
50,3,9,vig_tiny,cifar10,0.3,4,_vig_blocks.3,0.784658
50,3,9,vig_tiny,cifar10,0.3,5,_vig_blocks.4,0.794381
50,3,9,vig_tiny,cifar10,0.3,6,_vig_blocks.5,0.776437
50,3,9,vig_tiny,cifar10,0.3,7,_vig_blocks.6,0.770060
50,3,9,vig_tiny,cifar10,0.3,8,_vig_blocks.7,0.765082
50,3,9,vig_tiny,cifar10,0.3,9,_vig_blocks.8,0.750210
50,3,9,vig_tiny,cifar10,0.3,10,_vig_blocks.9,0.755629
50,3,9,vig_tiny,cifar10,0.3,11,_vig_blocks.10,0.737368
50,3,9,vig_tiny,cifar10,0.3,12,_vig_blocks.11,0.711107
50,3,9,vig_tiny,cifar10,0.3,13,classifier,0.756890
50,4,5,vig_tiny,cifar10,0.3,0,_vig_stem,0.885211
50,4,5,vig_tiny,cifar10,0.3,1,_vig_blocks.0,0.815698
50,4,5,vig_tiny,cifar10,0.3,2,_vig_blocks.1,0.776679
50,4,5,vig_tiny,cifar10,0.3,3,_vig_blocks.2,0.773879
50,4,5,vig_tiny,cifar10,0.3,4,_vig_blocks.3,0.764086
50,4,5,vig_tiny,cifar10,0.3,5,_vig_blocks.4,0.758879
50,4,5,vig_tiny,cifar10,0.3,6,_vig_blocks.5,0.738625
50,4,5,vig_tiny,cifar10,0.3,7,_vig_blocks.6,0.737071
50,4,5,vig_tiny,cifar10,0.3,8,_vig_blocks.7,0.751656
50,4,5,vig_tiny,cifar10,0.3,9,_vig_blocks.8,0.729095
50,4,5,vig_tiny,cifar10,0.3,10,_vig_blocks.9,0.720957
50,4,5,vig_tiny,cifar10,0.3,11,_vig_blocks.10,0.681480
50,4,5,vig_tiny,cifar10,0.3,12,_vig_blocks.11,0.634008
50,4,5,vig_tiny,cifar10,0.3,13,classifier,0.601348
50,4,6,vig_tiny,cifar10,0.3,0,_vig_stem,0.825643
50,4,6,vig_tiny,cifar10,0.3,1,_vig_blocks.0,0.798742
50,4,6,vig_tiny,cifar10,0.3,2,_vig_blocks.1,0.775846
50,4,6,vig_tiny,cifar10,0.3,3,_vig_blocks.2,0.750001
50,4,6,vig_tiny,cifar10,0.3,4,_vig_blocks.3,0.745692
50,4,6,vig_tiny,cifar10,0.3,5,_vig_blocks.4,0.750568
50,4,6,vig_tiny,cifar10,0.3,6,_vig_blocks.5,0.733151
50,4,6,vig_tiny,cifar10,0.3,7,_vig_blocks.6,0.727868
50,4,6,vig_tiny,cifar10,0.3,8,_vig_blocks.7,0.733556
50,4,6,vig_tiny,cifar10,0.3,9,_vig_blocks.8,0.707249
50,4,6,vig_tiny,cifar10,0.3,10,_vig_blocks.9,0.702711
50,4,6,vig_tiny,cifar10,0.3,11,_vig_blocks.10,0.680812
50,4,6,vig_tiny,cifar10,0.3,12,_vig_blocks.11,0.626275
50,4,6,vig_tiny,cifar10,0.3,13,classifier,0.640037
50,4,7,vig_tiny,cifar10,0.3,0,_vig_stem,0.926024
50,4,7,vig_tiny,cifar10,0.3,1,_vig_blocks.0,0.900513
50,4,7,vig_tiny,cifar10,0.3,2,_vig_blocks.1,0.879963
50,4,7,vig_tiny,cifar10,0.3,3,_vig_blocks.2,0.876399
50,4,7,vig_tiny,cifar10,0.3,4,_vig_blocks.3,0.878007
50,4,7,vig_tiny,cifar10,0.3,5,_vig_blocks.4,0.864634
50,4,7,vig_tiny,cifar10,0.3,6,_vig_blocks.5,0.855886
50,4,7,vig_tiny,cifar10,0.3,7,_vig_blocks.6,0.833422
50,4,7,vig_tiny,cifar10,0.3,8,_vig_blocks.7,0.818672
50,4,7,vig_tiny,cifar10,0.3,9,_vig_blocks.8,0.792092
50,4,7,vig_tiny,cifar10,0.3,10,_vig_blocks.9,0.758459
50,4,7,vig_tiny,cifar10,0.3,11,_vig_blocks.10,0.701134
50,4,7,vig_tiny,cifar10,0.3,12,_vig_blocks.11,0.631252
50,4,7,vig_tiny,cifar10,0.3,13,classifier,0.428538
50,4,8,vig_tiny,cifar10,0.3,0,_vig_stem,0.872891
50,4,8,vig_tiny,cifar10,0.3,1,_vig_blocks.0,0.855093
50,4,8,vig_tiny,cifar10,0.3,2,_vig_blocks.1,0.815973
50,4,8,vig_tiny,cifar10,0.3,3,_vig_blocks.2,0.813467
50,4,8,vig_tiny,cifar10,0.3,4,_vig_blocks.3,0.817487
50,4,8,vig_tiny,cifar10,0.3,5,_vig_blocks.4,0.806607
50,4,8,vig_tiny,cifar10,0.3,6,_vig_blocks.5,0.786139
50,4,8,vig_tiny,cifar10,0.3,7,_vig_blocks.6,0.776269
50,4,8,vig_tiny,cifar10,0.3,8,_vig_blocks.7,0.769653
50,4,8,vig_tiny,cifar10,0.3,9,_vig_blocks.8,0.751351
50,4,8,vig_tiny,cifar10,0.3,10,_vig_blocks.9,0.737077
50,4,8,vig_tiny,cifar10,0.3,11,_vig_blocks.10,0.692088
50,4,8,vig_tiny,cifar10,0.3,12,_vig_blocks.11,0.630573
50,4,8,vig_tiny,cifar10,0.3,13,classifier,0.656856
50,4,9,vig_tiny,cifar10,0.3,0,_vig_stem,0.893023
50,4,9,vig_tiny,cifar10,0.3,1,_vig_blocks.0,0.786705
50,4,9,vig_tiny,cifar10,0.3,2,_vig_blocks.1,0.746798
50,4,9,vig_tiny,cifar10,0.3,3,_vig_blocks.2,0.752760
50,4,9,vig_tiny,cifar10,0.3,4,_vig_blocks.3,0.745340
50,4,9,vig_tiny,cifar10,0.3,5,_vig_blocks.4,0.747511
50,4,9,vig_tiny,cifar10,0.3,6,_vig_blocks.5,0.731025
50,4,9,vig_tiny,cifar10,0.3,7,_vig_blocks.6,0.717984
50,4,9,vig_tiny,cifar10,0.3,8,_vig_blocks.7,0.719435
50,4,9,vig_tiny,cifar10,0.3,9,_vig_blocks.8,0.689333
50,4,9,vig_tiny,cifar10,0.3,10,_vig_blocks.9,0.684255
50,4,9,vig_tiny,cifar10,0.3,11,_vig_blocks.10,0.653305
50,4,9,vig_tiny,cifar10,0.3,12,_vig_blocks.11,0.606711
50,4,9,vig_tiny,cifar10,0.3,13,classifier,0.647491
50,5,6,vig_tiny,cifar10,0.3,0,_vig_stem,0.854322
50,5,6,vig_tiny,cifar10,0.3,1,_vig_blocks.0,0.751023
50,5,6,vig_tiny,cifar10,0.3,2,_vig_blocks.1,0.704198
50,5,6,vig_tiny,cifar10,0.3,3,_vig_blocks.2,0.705730
50,5,6,vig_tiny,cifar10,0.3,4,_vig_blocks.3,0.702333
50,5,6,vig_tiny,cifar10,0.3,5,_vig_blocks.4,0.693781
50,5,6,vig_tiny,cifar10,0.3,6,_vig_blocks.5,0.687782
50,5,6,vig_tiny,cifar10,0.3,7,_vig_blocks.6,0.677865
50,5,6,vig_tiny,cifar10,0.3,8,_vig_blocks.7,0.688753
50,5,6,vig_tiny,cifar10,0.3,9,_vig_blocks.8,0.676580
50,5,6,vig_tiny,cifar10,0.3,10,_vig_blocks.9,0.671856
50,5,6,vig_tiny,cifar10,0.3,11,_vig_blocks.10,0.650501
50,5,6,vig_tiny,cifar10,0.3,12,_vig_blocks.11,0.620828
50,5,6,vig_tiny,cifar10,0.3,13,classifier,0.602819
50,5,7,vig_tiny,cifar10,0.3,0,_vig_stem,0.865263
50,5,7,vig_tiny,cifar10,0.3,1,_vig_blocks.0,0.773447
50,5,7,vig_tiny,cifar10,0.3,2,_vig_blocks.1,0.735126
50,5,7,vig_tiny,cifar10,0.3,3,_vig_blocks.2,0.741463
50,5,7,vig_tiny,cifar10,0.3,4,_vig_blocks.3,0.746723
50,5,7,vig_tiny,cifar10,0.3,5,_vig_blocks.4,0.753633
50,5,7,vig_tiny,cifar10,0.3,6,_vig_blocks.5,0.726424
50,5,7,vig_tiny,cifar10,0.3,7,_vig_blocks.6,0.722258
50,5,7,vig_tiny,cifar10,0.3,8,_vig_blocks.7,0.720210
50,5,7,vig_tiny,cifar10,0.3,9,_vig_blocks.8,0.672936
50,5,7,vig_tiny,cifar10,0.3,10,_vig_blocks.9,0.639678
50,5,7,vig_tiny,cifar10,0.3,11,_vig_blocks.10,0.587079
50,5,7,vig_tiny,cifar10,0.3,12,_vig_blocks.11,0.515386
50,5,7,vig_tiny,cifar10,0.3,13,classifier,0.262722
50,5,8,vig_tiny,cifar10,0.3,0,_vig_stem,0.890159
50,5,8,vig_tiny,cifar10,0.3,1,_vig_blocks.0,0.807776
50,5,8,vig_tiny,cifar10,0.3,2,_vig_blocks.1,0.756965
50,5,8,vig_tiny,cifar10,0.3,3,_vig_blocks.2,0.761235
50,5,8,vig_tiny,cifar10,0.3,4,_vig_blocks.3,0.761859
50,5,8,vig_tiny,cifar10,0.3,5,_vig_blocks.4,0.753441
50,5,8,vig_tiny,cifar10,0.3,6,_vig_blocks.5,0.738249
50,5,8,vig_tiny,cifar10,0.3,7,_vig_blocks.6,0.736000
50,5,8,vig_tiny,cifar10,0.3,8,_vig_blocks.7,0.741835
50,5,8,vig_tiny,cifar10,0.3,9,_vig_blocks.8,0.731836
50,5,8,vig_tiny,cifar10,0.3,10,_vig_blocks.9,0.703645
50,5,8,vig_tiny,cifar10,0.3,11,_vig_blocks.10,0.667141
50,5,8,vig_tiny,cifar10,0.3,12,_vig_blocks.11,0.595880
50,5,8,vig_tiny,cifar10,0.3,13,classifier,0.547231
50,5,9,vig_tiny,cifar10,0.3,0,_vig_stem,0.879443
50,5,9,vig_tiny,cifar10,0.3,1,_vig_blocks.0,0.782232
50,5,9,vig_tiny,cifar10,0.3,2,_vig_blocks.1,0.749200
50,5,9,vig_tiny,cifar10,0.3,3,_vig_blocks.2,0.744937
50,5,9,vig_tiny,cifar10,0.3,4,_vig_blocks.3,0.746794
50,5,9,vig_tiny,cifar10,0.3,5,_vig_blocks.4,0.748819
50,5,9,vig_tiny,cifar10,0.3,6,_vig_blocks.5,0.731001
50,5,9,vig_tiny,cifar10,0.3,7,_vig_blocks.6,0.721547
50,5,9,vig_tiny,cifar10,0.3,8,_vig_blocks.7,0.722081
50,5,9,vig_tiny,cifar10,0.3,9,_vig_blocks.8,0.707873
50,5,9,vig_tiny,cifar10,0.3,10,_vig_blocks.9,0.703812
50,5,9,vig_tiny,cifar10,0.3,11,_vig_blocks.10,0.681452
50,5,9,vig_tiny,cifar10,0.3,12,_vig_blocks.11,0.651022
50,5,9,vig_tiny,cifar10,0.3,13,classifier,0.652402
50,6,7,vig_tiny,cifar10,0.3,0,_vig_stem,0.842086
50,6,7,vig_tiny,cifar10,0.3,1,_vig_blocks.0,0.807624
50,6,7,vig_tiny,cifar10,0.3,2,_vig_blocks.1,0.765274
50,6,7,vig_tiny,cifar10,0.3,3,_vig_blocks.2,0.741171
50,6,7,vig_tiny,cifar10,0.3,4,_vig_blocks.3,0.732343
50,6,7,vig_tiny,cifar10,0.3,5,_vig_blocks.4,0.730784
50,6,7,vig_tiny,cifar10,0.3,6,_vig_blocks.5,0.717156
50,6,7,vig_tiny,cifar10,0.3,7,_vig_blocks.6,0.701577
50,6,7,vig_tiny,cifar10,0.3,8,_vig_blocks.7,0.699037
50,6,7,vig_tiny,cifar10,0.3,9,_vig_blocks.8,0.666354
50,6,7,vig_tiny,cifar10,0.3,10,_vig_blocks.9,0.640416
50,6,7,vig_tiny,cifar10,0.3,11,_vig_blocks.10,0.593991
50,6,7,vig_tiny,cifar10,0.3,12,_vig_blocks.11,0.514256
50,6,7,vig_tiny,cifar10,0.3,13,classifier,0.292233
50,6,8,vig_tiny,cifar10,0.3,0,_vig_stem,0.903442
50,6,8,vig_tiny,cifar10,0.3,1,_vig_blocks.0,0.796665
50,6,8,vig_tiny,cifar10,0.3,2,_vig_blocks.1,0.758475
50,6,8,vig_tiny,cifar10,0.3,3,_vig_blocks.2,0.759313
50,6,8,vig_tiny,cifar10,0.3,4,_vig_blocks.3,0.748226
50,6,8,vig_tiny,cifar10,0.3,5,_vig_blocks.4,0.726683
50,6,8,vig_tiny,cifar10,0.3,6,_vig_blocks.5,0.714248
50,6,8,vig_tiny,cifar10,0.3,7,_vig_blocks.6,0.708995
50,6,8,vig_tiny,cifar10,0.3,8,_vig_blocks.7,0.717049
50,6,8,vig_tiny,cifar10,0.3,9,_vig_blocks.8,0.694849
50,6,8,vig_tiny,cifar10,0.3,10,_vig_blocks.9,0.690986
50,6,8,vig_tiny,cifar10,0.3,11,_vig_blocks.10,0.673282
50,6,8,vig_tiny,cifar10,0.3,12,_vig_blocks.11,0.626820
50,6,8,vig_tiny,cifar10,0.3,13,classifier,0.636902
50,6,9,vig_tiny,cifar10,0.3,0,_vig_stem,0.835032
50,6,9,vig_tiny,cifar10,0.3,1,_vig_blocks.0,0.764005
50,6,9,vig_tiny,cifar10,0.3,2,_vig_blocks.1,0.713187
50,6,9,vig_tiny,cifar10,0.3,3,_vig_blocks.2,0.716546
50,6,9,vig_tiny,cifar10,0.3,4,_vig_blocks.3,0.712476
50,6,9,vig_tiny,cifar10,0.3,5,_vig_blocks.4,0.699536
50,6,9,vig_tiny,cifar10,0.3,6,_vig_blocks.5,0.680183
50,6,9,vig_tiny,cifar10,0.3,7,_vig_blocks.6,0.675947
50,6,9,vig_tiny,cifar10,0.3,8,_vig_blocks.7,0.677718
50,6,9,vig_tiny,cifar10,0.3,9,_vig_blocks.8,0.659701
50,6,9,vig_tiny,cifar10,0.3,10,_vig_blocks.9,0.666361
50,6,9,vig_tiny,cifar10,0.3,11,_vig_blocks.10,0.662417
50,6,9,vig_tiny,cifar10,0.3,12,_vig_blocks.11,0.645962
50,6,9,vig_tiny,cifar10,0.3,13,classifier,0.694425
50,7,8,vig_tiny,cifar10,0.3,0,_vig_stem,0.865930
50,7,8,vig_tiny,cifar10,0.3,1,_vig_blocks.0,0.823582
50,7,8,vig_tiny,cifar10,0.3,2,_vig_blocks.1,0.788377
50,7,8,vig_tiny,cifar10,0.3,3,_vig_blocks.2,0.792240
50,7,8,vig_tiny,cifar10,0.3,4,_vig_blocks.3,0.813486
50,7,8,vig_tiny,cifar10,0.3,5,_vig_blocks.4,0.795665
50,7,8,vig_tiny,cifar10,0.3,6,_vig_blocks.5,0.765670
50,7,8,vig_tiny,cifar10,0.3,7,_vig_blocks.6,0.753554
50,7,8,vig_tiny,cifar10,0.3,8,_vig_blocks.7,0.730091
50,7,8,vig_tiny,cifar10,0.3,9,_vig_blocks.8,0.688818
50,7,8,vig_tiny,cifar10,0.3,10,_vig_blocks.9,0.650544
50,7,8,vig_tiny,cifar10,0.3,11,_vig_blocks.10,0.583075
50,7,8,vig_tiny,cifar10,0.3,12,_vig_blocks.11,0.501581
50,7,8,vig_tiny,cifar10,0.3,13,classifier,0.254917
50,7,9,vig_tiny,cifar10,0.3,0,_vig_stem,0.866022
50,7,9,vig_tiny,cifar10,0.3,1,_vig_blocks.0,0.780566
50,7,9,vig_tiny,cifar10,0.3,2,_vig_blocks.1,0.739300
50,7,9,vig_tiny,cifar10,0.3,3,_vig_blocks.2,0.746089
50,7,9,vig_tiny,cifar10,0.3,4,_vig_blocks.3,0.748029
50,7,9,vig_tiny,cifar10,0.3,5,_vig_blocks.4,0.743710
50,7,9,vig_tiny,cifar10,0.3,6,_vig_blocks.5,0.721561
50,7,9,vig_tiny,cifar10,0.3,7,_vig_blocks.6,0.710630
50,7,9,vig_tiny,cifar10,0.3,8,_vig_blocks.7,0.694467
50,7,9,vig_tiny,cifar10,0.3,9,_vig_blocks.8,0.658971
50,7,9,vig_tiny,cifar10,0.3,10,_vig_blocks.9,0.632434
50,7,9,vig_tiny,cifar10,0.3,11,_vig_blocks.10,0.585269
50,7,9,vig_tiny,cifar10,0.3,12,_vig_blocks.11,0.526605
50,7,9,vig_tiny,cifar10,0.3,13,classifier,0.384284
50,8,9,vig_tiny,cifar10,0.3,0,_vig_stem,0.869057
50,8,9,vig_tiny,cifar10,0.3,1,_vig_blocks.0,0.797712
50,8,9,vig_tiny,cifar10,0.3,2,_vig_blocks.1,0.738683
50,8,9,vig_tiny,cifar10,0.3,3,_vig_blocks.2,0.739933
50,8,9,vig_tiny,cifar10,0.3,4,_vig_blocks.3,0.749643
50,8,9,vig_tiny,cifar10,0.3,5,_vig_blocks.4,0.748025
50,8,9,vig_tiny,cifar10,0.3,6,_vig_blocks.5,0.722543
50,8,9,vig_tiny,cifar10,0.3,7,_vig_blocks.6,0.719221
50,8,9,vig_tiny,cifar10,0.3,8,_vig_blocks.7,0.718744
50,8,9,vig_tiny,cifar10,0.3,9,_vig_blocks.8,0.693328
50,8,9,vig_tiny,cifar10,0.3,10,_vig_blocks.9,0.677322
50,8,9,vig_tiny,cifar10,0.3,11,_vig_blocks.10,0.652062
50,8,9,vig_tiny,cifar10,0.3,12,_vig_blocks.11,0.611878
50,8,9,vig_tiny,cifar10,0.3,13,classifier,0.619738
