round,client_i,client_j,model_name,dataset,alpha,layer_index,layer_name,cka_diagonal
1,0,1,res9,cifar10,0.03,0,base.2,0.978128
1,0,1,res9,cifar10,0.03,1,base.6,0.902411
1,0,1,res9,cifar10,0.03,2,base.7,0.843169
1,0,1,res9,cifar10,0.03,3,base.11,0.766236
1,0,1,res9,cifar10,0.03,4,base.15,0.608851
1,0,1,res9,cifar10,0.03,5,base.16,0.517957
1,0,1,res9,cifar10,0.03,6,base.17,0.517957
1,0,1,res9,cifar10,0.03,7,base.18,0.517957
1,0,1,res9,cifar10,0.03,8,classifier,0.036394
1,0,2,res9,cifar10,0.03,0,base.2,0.961906
1,0,2,res9,cifar10,0.03,1,base.6,0.903016
1,0,2,res9,cifar10,0.03,2,base.7,0.888877
1,0,2,res9,cifar10,0.03,3,base.11,0.881255
1,0,2,res9,cifar10,0.03,4,base.15,0.867202
1,0,2,res9,cifar10,0.03,5,base.16,0.893271
1,0,2,res9,cifar10,0.03,6,base.17,0.893271
1,0,2,res9,cifar10,0.03,7,base.18,0.893271
1,0,2,res9,cifar10,0.03,8,classifier,0.693744
1,0,3,res9,cifar10,0.03,0,base.2,0.981566
1,0,3,res9,cifar10,0.03,1,base.6,0.773979
1,0,3,res9,cifar10,0.03,2,base.7,0.417582
1,0,3,res9,cifar10,0.03,3,base.11,0.251190
1,0,3,res9,cifar10,0.03,4,base.15,0.152529
1,0,3,res9,cifar10,0.03,5,base.16,0.134026
1,0,3,res9,cifar10,0.03,6,base.17,0.134026
1,0,3,res9,cifar10,0.03,7,base.18,0.134026
1,0,3,res9,cifar10,0.03,8,classifier,0.016257
1,0,4,res9,cifar10,0.03,0,base.2,0.957067
1,0,4,res9,cifar10,0.03,1,base.6,0.876586
1,0,4,res9,cifar10,0.03,2,base.7,0.711756
1,0,4,res9,cifar10,0.03,3,base.11,0.676836
1,0,4,res9,cifar10,0.03,4,base.15,0.680607
1,0,4,res9,cifar10,0.03,5,base.16,0.698789
1,0,4,res9,cifar10,0.03,6,base.17,0.698789
1,0,4,res9,cifar10,0.03,7,base.18,0.698789
1,0,4,res9,cifar10,0.03,8,classifier,0.531066
1,0,5,res9,cifar10,0.03,0,base.2,0.900805
1,0,5,res9,cifar10,0.03,1,base.6,0.802660
1,0,5,res9,cifar10,0.03,2,base.7,0.782750
1,0,5,res9,cifar10,0.03,3,base.11,0.749501
1,0,5,res9,cifar10,0.03,4,base.15,0.736380
1,0,5,res9,cifar10,0.03,5,base.16,0.748444
1,0,5,res9,cifar10,0.03,6,base.17,0.748444
1,0,5,res9,cifar10,0.03,7,base.18,0.748444
1,0,5,res9,cifar10,0.03,8,classifier,0.486135
1,0,6,res9,cifar10,0.03,0,base.2,0.964976
1,0,6,res9,cifar10,0.03,1,base.6,0.878229
1,0,6,res9,cifar10,0.03,2,base.7,0.728276
1,0,6,res9,cifar10,0.03,3,base.11,0.629615
1,0,6,res9,cifar10,0.03,4,base.15,0.534196
1,0,6,res9,cifar10,0.03,5,base.16,0.540071
1,0,6,res9,cifar10,0.03,6,base.17,0.540071
1,0,6,res9,cifar10,0.03,7,base.18,0.540071
1,0,6,res9,cifar10,0.03,8,classifier,0.490773
1,0,7,res9,cifar10,0.03,0,base.2,0.930263
1,0,7,res9,cifar10,0.03,1,base.6,0.804544
1,0,7,res9,cifar10,0.03,2,base.7,0.695971
1,0,7,res9,cifar10,0.03,3,base.11,0.572735
1,0,7,res9,cifar10,0.03,4,base.15,0.483044
1,0,7,res9,cifar10,0.03,5,base.16,0.374554
1,0,7,res9,cifar10,0.03,6,base.17,0.374554
1,0,7,res9,cifar10,0.03,7,base.18,0.374554
1,0,7,res9,cifar10,0.03,8,classifier,0.094072
1,0,8,res9,cifar10,0.03,0,base.2,0.935034
1,0,8,res9,cifar10,0.03,1,base.6,0.871335
1,0,8,res9,cifar10,0.03,2,base.7,0.825734
1,0,8,res9,cifar10,0.03,3,base.11,0.750823
1,0,8,res9,cifar10,0.03,4,base.15,0.689796
1,0,8,res9,cifar10,0.03,5,base.16,0.661247
1,0,8,res9,cifar10,0.03,6,base.17,0.661247
1,0,8,res9,cifar10,0.03,7,base.18,0.661247
1,0,8,res9,cifar10,0.03,8,classifier,0.191442
1,0,9,res9,cifar10,0.03,0,base.2,0.935838
1,0,9,res9,cifar10,0.03,1,base.6,0.875229
1,0,9,res9,cifar10,0.03,2,base.7,0.792140
1,0,9,res9,cifar10,0.03,3,base.11,0.650984
1,0,9,res9,cifar10,0.03,4,base.15,0.571841
1,0,9,res9,cifar10,0.03,5,base.16,0.597076
1,0,9,res9,cifar10,0.03,6,base.17,0.597076
1,0,9,res9,cifar10,0.03,7,base.18,0.597076
1,0,9,res9,cifar10,0.03,8,classifier,0.180029
1,1,2,res9,cifar10,0.03,0,base.2,0.985750
1,1,2,res9,cifar10,0.03,1,base.6,0.956240
1,1,2,res9,cifar10,0.03,2,base.7,0.872758
1,1,2,res9,cifar10,0.03,3,base.11,0.817577
1,1,2,res9,cifar10,0.03,4,base.15,0.701858
1,1,2,res9,cifar10,0.03,5,base.16,0.580368
1,1,2,res9,cifar10,0.03,6,base.17,0.580368
1,1,2,res9,cifar10,0.03,7,base.18,0.580368
1,1,2,res9,cifar10,0.03,8,classifier,0.100270
1,1,3,res9,cifar10,0.03,0,base.2,0.981488
1,1,3,res9,cifar10,0.03,1,base.6,0.789357
1,1,3,res9,cifar10,0.03,2,base.7,0.469127
1,1,3,res9,cifar10,0.03,3,base.11,0.328889
1,1,3,res9,cifar10,0.03,4,base.15,0.302223
1,1,3,res9,cifar10,0.03,5,base.16,0.366668
1,1,3,res9,cifar10,0.03,6,base.17,0.366668
1,1,3,res9,cifar10,0.03,7,base.18,0.366668
1,1,3,res9,cifar10,0.03,8,classifier,0.425370
1,1,4,res9,cifar10,0.03,0,base.2,0.976929
1,1,4,res9,cifar10,0.03,1,base.6,0.900365
1,1,4,res9,cifar10,0.03,2,base.7,0.743403
1,1,4,res9,cifar10,0.03,3,base.11,0.701041
1,1,4,res9,cifar10,0.03,4,base.15,0.527356
1,1,4,res9,cifar10,0.03,5,base.16,0.431490
1,1,4,res9,cifar10,0.03,6,base.17,0.431490
1,1,4,res9,cifar10,0.03,7,base.18,0.431490
1,1,4,res9,cifar10,0.03,8,classifier,0.148851
1,1,5,res9,cifar10,0.03,0,base.2,0.935762
1,1,5,res9,cifar10,0.03,1,base.6,0.918146
1,1,5,res9,cifar10,0.03,2,base.7,0.805409
1,1,5,res9,cifar10,0.03,3,base.11,0.726224
1,1,5,res9,cifar10,0.03,4,base.15,0.708957
1,1,5,res9,cifar10,0.03,5,base.16,0.655746
1,1,5,res9,cifar10,0.03,6,base.17,0.655746
1,1,5,res9,cifar10,0.03,7,base.18,0.655746
1,1,5,res9,cifar10,0.03,8,classifier,0.238608
1,1,6,res9,cifar10,0.03,0,base.2,0.979179
1,1,6,res9,cifar10,0.03,1,base.6,0.925885
1,1,6,res9,cifar10,0.03,2,base.7,0.789089
1,1,6,res9,cifar10,0.03,3,base.11,0.735908
1,1,6,res9,cifar10,0.03,4,base.15,0.643126
1,1,6,res9,cifar10,0.03,5,base.16,0.442714
1,1,6,res9,cifar10,0.03,6,base.17,0.442714
1,1,6,res9,cifar10,0.03,7,base.18,0.442714
1,1,6,res9,cifar10,0.03,8,classifier,0.133933
1,1,7,res9,cifar10,0.03,0,base.2,0.961558
1,1,7,res9,cifar10,0.03,1,base.6,0.910595
1,1,7,res9,cifar10,0.03,2,base.7,0.718183
1,1,7,res9,cifar10,0.03,3,base.11,0.588520
1,1,7,res9,cifar10,0.03,4,base.15,0.436474
1,1,7,res9,cifar10,0.03,5,base.16,0.320155
1,1,7,res9,cifar10,0.03,6,base.17,0.320155
1,1,7,res9,cifar10,0.03,7,base.18,0.320155
1,1,7,res9,cifar10,0.03,8,classifier,0.187889
1,1,8,res9,cifar10,0.03,0,base.2,0.914631
1,1,8,res9,cifar10,0.03,1,base.6,0.759908
1,1,8,res9,cifar10,0.03,2,base.7,0.596786
1,1,8,res9,cifar10,0.03,3,base.11,0.417215
1,1,8,res9,cifar10,0.03,4,base.15,0.310227
1,1,8,res9,cifar10,0.03,5,base.16,0.266090
1,1,8,res9,cifar10,0.03,6,base.17,0.266090
1,1,8,res9,cifar10,0.03,7,base.18,0.266090
1,1,8,res9,cifar10,0.03,8,classifier,0.183241
1,1,9,res9,cifar10,0.03,0,base.2,0.966030
1,1,9,res9,cifar10,0.03,1,base.6,0.949453
1,1,9,res9,cifar10,0.03,2,base.7,0.855553
1,1,9,res9,cifar10,0.03,3,base.11,0.769120
1,1,9,res9,cifar10,0.03,4,base.15,0.663139
1,1,9,res9,cifar10,0.03,5,base.16,0.602583
1,1,9,res9,cifar10,0.03,6,base.17,0.602583
1,1,9,res9,cifar10,0.03,7,base.18,0.602583
1,1,9,res9,cifar10,0.03,8,classifier,0.436154
1,2,3,res9,cifar10,0.03,0,base.2,0.976803
1,2,3,res9,cifar10,0.03,1,base.6,0.832374
1,2,3,res9,cifar10,0.03,2,base.7,0.462233
1,2,3,res9,cifar10,0.03,3,base.11,0.294423
1,2,3,res9,cifar10,0.03,4,base.15,0.183785
1,2,3,res9,cifar10,0.03,5,base.16,0.133518
1,2,3,res9,cifar10,0.03,6,base.17,0.133518
1,2,3,res9,cifar10,0.03,7,base.18,0.133518
1,2,3,res9,cifar10,0.03,8,classifier,0.015082
1,2,4,res9,cifar10,0.03,0,base.2,0.983301
1,2,4,res9,cifar10,0.03,1,base.6,0.870207
1,2,4,res9,cifar10,0.03,2,base.7,0.648720
1,2,4,res9,cifar10,0.03,3,base.11,0.622831
1,2,4,res9,cifar10,0.03,4,base.15,0.549677
1,2,4,res9,cifar10,0.03,5,base.16,0.570207
1,2,4,res9,cifar10,0.03,6,base.17,0.570207
1,2,4,res9,cifar10,0.03,7,base.18,0.570207
1,2,4,res9,cifar10,0.03,8,classifier,0.227807
1,2,5,res9,cifar10,0.03,0,base.2,0.969973
1,2,5,res9,cifar10,0.03,1,base.6,0.957185
1,2,5,res9,cifar10,0.03,2,base.7,0.949118
1,2,5,res9,cifar10,0.03,3,base.11,0.924970
1,2,5,res9,cifar10,0.03,4,base.15,0.925476
1,2,5,res9,cifar10,0.03,5,base.16,0.920144
1,2,5,res9,cifar10,0.03,6,base.17,0.920144
1,2,5,res9,cifar10,0.03,7,base.18,0.920144
1,2,5,res9,cifar10,0.03,8,classifier,0.864121
1,2,6,res9,cifar10,0.03,0,base.2,0.988272
1,2,6,res9,cifar10,0.03,1,base.6,0.979425
1,2,6,res9,cifar10,0.03,2,base.7,0.892137
1,2,6,res9,cifar10,0.03,3,base.11,0.796411
1,2,6,res9,cifar10,0.03,4,base.15,0.677730
1,2,6,res9,cifar10,0.03,5,base.16,0.612218
1,2,6,res9,cifar10,0.03,6,base.17,0.612218
1,2,6,res9,cifar10,0.03,7,base.18,0.612218
1,2,6,res9,cifar10,0.03,8,classifier,0.617985
1,2,7,res9,cifar10,0.03,0,base.2,0.977255
1,2,7,res9,cifar10,0.03,1,base.6,0.942018
1,2,7,res9,cifar10,0.03,2,base.7,0.862860
1,2,7,res9,cifar10,0.03,3,base.11,0.768820
1,2,7,res9,cifar10,0.03,4,base.15,0.603140
1,2,7,res9,cifar10,0.03,5,base.16,0.419011
1,2,7,res9,cifar10,0.03,6,base.17,0.419011
1,2,7,res9,cifar10,0.03,7,base.18,0.419011
1,2,7,res9,cifar10,0.03,8,classifier,0.015574
1,2,8,res9,cifar10,0.03,0,base.2,0.914644
1,2,8,res9,cifar10,0.03,1,base.6,0.826629
1,2,8,res9,cifar10,0.03,2,base.7,0.790743
1,2,8,res9,cifar10,0.03,3,base.11,0.677650
1,2,8,res9,cifar10,0.03,4,base.15,0.646694
1,2,8,res9,cifar10,0.03,5,base.16,0.633727
1,2,8,res9,cifar10,0.03,6,base.17,0.633727
1,2,8,res9,cifar10,0.03,7,base.18,0.633727
1,2,8,res9,cifar10,0.03,8,classifier,0.312353
1,2,9,res9,cifar10,0.03,0,base.2,0.974978
1,2,9,res9,cifar10,0.03,1,base.6,0.969284
1,2,9,res9,cifar10,0.03,2,base.7,0.875067
1,2,9,res9,cifar10,0.03,3,base.11,0.740359
1,2,9,res9,cifar10,0.03,4,base.15,0.649759
1,2,9,res9,cifar10,0.03,5,base.16,0.652531
1,2,9,res9,cifar10,0.03,6,base.17,0.652531
1,2,9,res9,cifar10,0.03,7,base.18,0.652531
1,2,9,res9,cifar10,0.03,8,classifier,0.101884
1,3,4,res9,cifar10,0.03,0,base.2,0.967317
1,3,4,res9,cifar10,0.03,1,base.6,0.727024
1,3,4,res9,cifar10,0.03,2,base.7,0.289075
1,3,4,res9,cifar10,0.03,3,base.11,0.128835
1,3,4,res9,cifar10,0.03,4,base.15,0.042445
1,3,4,res9,cifar10,0.03,5,base.16,0.040483
1,3,4,res9,cifar10,0.03,6,base.17,0.040483
1,3,4,res9,cifar10,0.03,7,base.18,0.040483
1,3,4,res9,cifar10,0.03,8,classifier,0.056277
1,3,5,res9,cifar10,0.03,0,base.2,0.932104
1,3,5,res9,cifar10,0.03,1,base.6,0.784239
1,3,5,res9,cifar10,0.03,2,base.7,0.501758
1,3,5,res9,cifar10,0.03,3,base.11,0.378979
1,3,5,res9,cifar10,0.03,4,base.15,0.287046
1,3,5,res9,cifar10,0.03,5,base.16,0.222802
1,3,5,res9,cifar10,0.03,6,base.17,0.222802
1,3,5,res9,cifar10,0.03,7,base.18,0.222802
1,3,5,res9,cifar10,0.03,8,classifier,0.079932
1,3,6,res9,cifar10,0.03,0,base.2,0.970879
1,3,6,res9,cifar10,0.03,1,base.6,0.776349
1,3,6,res9,cifar10,0.03,2,base.7,0.524283
1,3,6,res9,cifar10,0.03,3,base.11,0.341184
1,3,6,res9,cifar10,0.03,4,base.15,0.182836
1,3,6,res9,cifar10,0.03,5,base.16,0.072329
1,3,6,res9,cifar10,0.03,6,base.17,0.072329
1,3,6,res9,cifar10,0.03,7,base.18,0.072329
1,3,6,res9,cifar10,0.03,8,classifier,0.027080
1,3,7,res9,cifar10,0.03,0,base.2,0.949891
1,3,7,res9,cifar10,0.03,1,base.6,0.778138
1,3,7,res9,cifar10,0.03,2,base.7,0.507448
1,3,7,res9,cifar10,0.03,3,base.11,0.392309
1,3,7,res9,cifar10,0.03,4,base.15,0.284584
1,3,7,res9,cifar10,0.03,5,base.16,0.202451
1,3,7,res9,cifar10,0.03,6,base.17,0.202451
1,3,7,res9,cifar10,0.03,7,base.18,0.202451
1,3,7,res9,cifar10,0.03,8,classifier,0.122278
1,3,8,res9,cifar10,0.03,0,base.2,0.927201
1,3,8,res9,cifar10,0.03,1,base.6,0.629486
1,3,8,res9,cifar10,0.03,2,base.7,0.285978
1,3,8,res9,cifar10,0.03,3,base.11,0.146940
1,3,8,res9,cifar10,0.03,4,base.15,0.076982
1,3,8,res9,cifar10,0.03,5,base.16,0.062697
1,3,8,res9,cifar10,0.03,6,base.17,0.062697
1,3,8,res9,cifar10,0.03,7,base.18,0.062697
1,3,8,res9,cifar10,0.03,8,classifier,0.070341
1,3,9,res9,cifar10,0.03,0,base.2,0.949571
1,3,9,res9,cifar10,0.03,1,base.6,0.808132
1,3,9,res9,cifar10,0.03,2,base.7,0.631160
1,3,9,res9,cifar10,0.03,3,base.11,0.519071
1,3,9,res9,cifar10,0.03,4,base.15,0.366924
1,3,9,res9,cifar10,0.03,5,base.16,0.298979
1,3,9,res9,cifar10,0.03,6,base.17,0.298979
1,3,9,res9,cifar10,0.03,7,base.18,0.298979
1,3,9,res9,cifar10,0.03,8,classifier,0.310790
1,4,5,res9,cifar10,0.03,0,base.2,0.970566
1,4,5,res9,cifar10,0.03,1,base.6,0.827155
1,4,5,res9,cifar10,0.03,2,base.7,0.531895
1,4,5,res9,cifar10,0.03,3,base.11,0.428159
1,4,5,res9,cifar10,0.03,4,base.15,0.423071
1,4,5,res9,cifar10,0.03,5,base.16,0.452177
1,4,5,res9,cifar10,0.03,6,base.17,0.452177
1,4,5,res9,cifar10,0.03,7,base.18,0.452177
1,4,5,res9,cifar10,0.03,8,classifier,0.166202
1,4,6,res9,cifar10,0.03,0,base.2,0.972160
1,4,6,res9,cifar10,0.03,1,base.6,0.837663
1,4,6,res9,cifar10,0.03,2,base.7,0.615475
1,4,6,res9,cifar10,0.03,3,base.11,0.684352
1,4,6,res9,cifar10,0.03,4,base.15,0.629554
1,4,6,res9,cifar10,0.03,5,base.16,0.626081
1,4,6,res9,cifar10,0.03,6,base.17,0.626081
1,4,6,res9,cifar10,0.03,7,base.18,0.626081
1,4,6,res9,cifar10,0.03,8,classifier,0.282168
1,4,7,res9,cifar10,0.03,0,base.2,0.958875
1,4,7,res9,cifar10,0.03,1,base.6,0.732942
1,4,7,res9,cifar10,0.03,2,base.7,0.349625
1,4,7,res9,cifar10,0.03,3,base.11,0.204702
1,4,7,res9,cifar10,0.03,4,base.15,0.138416
1,4,7,res9,cifar10,0.03,5,base.16,0.107224
1,4,7,res9,cifar10,0.03,6,base.17,0.107224
1,4,7,res9,cifar10,0.03,7,base.18,0.107224
1,4,7,res9,cifar10,0.03,8,classifier,0.055644
1,4,8,res9,cifar10,0.03,0,base.2,0.892277
1,4,8,res9,cifar10,0.03,1,base.6,0.659529
1,4,8,res9,cifar10,0.03,2,base.7,0.341825
1,4,8,res9,cifar10,0.03,3,base.11,0.204056
1,4,8,res9,cifar10,0.03,4,base.15,0.148969
1,4,8,res9,cifar10,0.03,5,base.16,0.153768
1,4,8,res9,cifar10,0.03,6,base.17,0.153768
1,4,8,res9,cifar10,0.03,7,base.18,0.153768
1,4,8,res9,cifar10,0.03,8,classifier,0.141861
1,4,9,res9,cifar10,0.03,0,base.2,0.957937
1,4,9,res9,cifar10,0.03,1,base.6,0.859821
1,4,9,res9,cifar10,0.03,2,base.7,0.677510
1,4,9,res9,cifar10,0.03,3,base.11,0.646778
1,4,9,res9,cifar10,0.03,4,base.15,0.589553
1,4,9,res9,cifar10,0.03,5,base.16,0.548546
1,4,9,res9,cifar10,0.03,6,base.17,0.548546
1,4,9,res9,cifar10,0.03,7,base.18,0.548546
1,4,9,res9,cifar10,0.03,8,classifier,0.304934
1,5,6,res9,cifar10,0.03,0,base.2,0.947234
1,5,6,res9,cifar10,0.03,1,base.6,0.957494
1,5,6,res9,cifar10,0.03,2,base.7,0.903191
1,5,6,res9,cifar10,0.03,3,base.11,0.767481
1,5,6,res9,cifar10,0.03,4,base.15,0.664479
1,5,6,res9,cifar10,0.03,5,base.16,0.591844
1,5,6,res9,cifar10,0.03,6,base.17,0.591844
1,5,6,res9,cifar10,0.03,7,base.18,0.591844
1,5,6,res9,cifar10,0.03,8,classifier,0.752838
1,5,7,res9,cifar10,0.03,0,base.2,0.957534
1,5,7,res9,cifar10,0.03,1,base.6,0.950464
1,5,7,res9,cifar10,0.03,2,base.7,0.898446
1,5,7,res9,cifar10,0.03,3,base.11,0.855393
1,5,7,res9,cifar10,0.03,4,base.15,0.662035
1,5,7,res9,cifar10,0.03,5,base.16,0.437886
1,5,7,res9,cifar10,0.03,6,base.17,0.437886
1,5,7,res9,cifar10,0.03,7,base.18,0.437886
1,5,7,res9,cifar10,0.03,8,classifier,0.013605
1,5,8,res9,cifar10,0.03,0,base.2,0.852431
1,5,8,res9,cifar10,0.03,1,base.6,0.760911
1,5,8,res9,cifar10,0.03,2,base.7,0.753975
1,5,8,res9,cifar10,0.03,3,base.11,0.660903
1,5,8,res9,cifar10,0.03,4,base.15,0.573061
1,5,8,res9,cifar10,0.03,5,base.16,0.542819
1,5,8,res9,cifar10,0.03,6,base.17,0.542819
1,5,8,res9,cifar10,0.03,7,base.18,0.542819
1,5,8,res9,cifar10,0.03,8,classifier,0.321557
1,5,9,res9,cifar10,0.03,0,base.2,0.939475
1,5,9,res9,cifar10,0.03,1,base.6,0.963902
1,5,9,res9,cifar10,0.03,2,base.7,0.888988
1,5,9,res9,cifar10,0.03,3,base.11,0.745629
1,5,9,res9,cifar10,0.03,4,base.15,0.670869
1,5,9,res9,cifar10,0.03,5,base.16,0.686787
1,5,9,res9,cifar10,0.03,6,base.17,0.686787
1,5,9,res9,cifar10,0.03,7,base.18,0.686787
1,5,9,res9,cifar10,0.03,8,classifier,0.161292
1,6,7,res9,cifar10,0.03,0,base.2,0.984209
1,6,7,res9,cifar10,0.03,1,base.6,0.941937
1,6,7,res9,cifar10,0.03,2,base.7,0.800934
1,6,7,res9,cifar10,0.03,3,base.11,0.591802
1,6,7,res9,cifar10,0.03,4,base.15,0.316921
1,6,7,res9,cifar10,0.03,5,base.16,0.123330
1,6,7,res9,cifar10,0.03,6,base.17,0.123330
1,6,7,res9,cifar10,0.03,7,base.18,0.123330
1,6,7,res9,cifar10,0.03,8,classifier,0.025736
1,6,8,res9,cifar10,0.03,0,base.2,0.954107
1,6,8,res9,cifar10,0.03,1,base.6,0.849782
1,6,8,res9,cifar10,0.03,2,base.7,0.661241
1,6,8,res9,cifar10,0.03,3,base.11,0.404923
1,6,8,res9,cifar10,0.03,4,base.15,0.222366
1,6,8,res9,cifar10,0.03,5,base.16,0.142033
1,6,8,res9,cifar10,0.03,6,base.17,0.142033
1,6,8,res9,cifar10,0.03,7,base.18,0.142033
1,6,8,res9,cifar10,0.03,8,classifier,0.178756
1,6,9,res9,cifar10,0.03,0,base.2,0.990655
1,6,9,res9,cifar10,0.03,1,base.6,0.974332
1,6,9,res9,cifar10,0.03,2,base.7,0.910326
1,6,9,res9,cifar10,0.03,3,base.11,0.865849
1,6,9,res9,cifar10,0.03,4,base.15,0.844945
1,6,9,res9,cifar10,0.03,5,base.16,0.803966
1,6,9,res9,cifar10,0.03,6,base.17,0.803966
1,6,9,res9,cifar10,0.03,7,base.18,0.803966
1,6,9,res9,cifar10,0.03,8,classifier,0.177539
1,7,8,res9,cifar10,0.03,0,base.2,0.940296
1,7,8,res9,cifar10,0.03,1,base.6,0.816749
1,7,8,res9,cifar10,0.03,2,base.7,0.702025
1,7,8,res9,cifar10,0.03,3,base.11,0.531927
1,7,8,res9,cifar10,0.03,4,base.15,0.365745
1,7,8,res9,cifar10,0.03,5,base.16,0.241427
1,7,8,res9,cifar10,0.03,6,base.17,0.241427
1,7,8,res9,cifar10,0.03,7,base.18,0.241427
1,7,8,res9,cifar10,0.03,8,classifier,0.122676
1,7,9,res9,cifar10,0.03,0,base.2,0.987809
1,7,9,res9,cifar10,0.03,1,base.6,0.940710
1,7,9,res9,cifar10,0.03,2,base.7,0.801357
1,7,9,res9,cifar10,0.03,3,base.11,0.627422
1,7,9,res9,cifar10,0.03,4,base.15,0.480858
1,7,9,res9,cifar10,0.03,5,base.16,0.418886
1,7,9,res9,cifar10,0.03,6,base.17,0.418886
1,7,9,res9,cifar10,0.03,7,base.18,0.418886
1,7,9,res9,cifar10,0.03,8,classifier,0.397788
1,8,9,res9,cifar10,0.03,0,base.2,0.935888
1,8,9,res9,cifar10,0.03,1,base.6,0.805793
1,8,9,res9,cifar10,0.03,2,base.7,0.635845
1,8,9,res9,cifar10,0.03,3,base.11,0.378404
1,8,9,res9,cifar10,0.03,4,base.15,0.249108
1,8,9,res9,cifar10,0.03,5,base.16,0.234412
1,8,9,res9,cifar10,0.03,6,base.17,0.234412
1,8,9,res9,cifar10,0.03,7,base.18,0.234412
1,8,9,res9,cifar10,0.03,8,classifier,0.227145
2,0,1,res9,cifar10,0.03,0,base.2,0.979469
2,0,1,res9,cifar10,0.03,1,base.6,0.896452
2,0,1,res9,cifar10,0.03,2,base.7,0.771258
2,0,1,res9,cifar10,0.03,3,base.11,0.615420
2,0,1,res9,cifar10,0.03,4,base.15,0.361885
2,0,1,res9,cifar10,0.03,5,base.16,0.241632
2,0,1,res9,cifar10,0.03,6,base.17,0.241632
2,0,1,res9,cifar10,0.03,7,base.18,0.241632
2,0,1,res9,cifar10,0.03,8,classifier,0.060288
2,0,2,res9,cifar10,0.03,0,base.2,0.974671
2,0,2,res9,cifar10,0.03,1,base.6,0.924732
2,0,2,res9,cifar10,0.03,2,base.7,0.913394
2,0,2,res9,cifar10,0.03,3,base.11,0.892956
2,0,2,res9,cifar10,0.03,4,base.15,0.912337
2,0,2,res9,cifar10,0.03,5,base.16,0.914016
2,0,2,res9,cifar10,0.03,6,base.17,0.914016
2,0,2,res9,cifar10,0.03,7,base.18,0.914016
2,0,2,res9,cifar10,0.03,8,classifier,0.685247
2,0,3,res9,cifar10,0.03,0,base.2,0.967465
2,0,3,res9,cifar10,0.03,1,base.6,0.903811
2,0,3,res9,cifar10,0.03,2,base.7,0.799617
2,0,3,res9,cifar10,0.03,3,base.11,0.683238
2,0,3,res9,cifar10,0.03,4,base.15,0.498568
2,0,3,res9,cifar10,0.03,5,base.16,0.391122
2,0,3,res9,cifar10,0.03,6,base.17,0.391122
2,0,3,res9,cifar10,0.03,7,base.18,0.391122
2,0,3,res9,cifar10,0.03,8,classifier,0.078418
2,0,4,res9,cifar10,0.03,0,base.2,0.950379
2,0,4,res9,cifar10,0.03,1,base.6,0.857246
2,0,4,res9,cifar10,0.03,2,base.7,0.844362
2,0,4,res9,cifar10,0.03,3,base.11,0.737646
2,0,4,res9,cifar10,0.03,4,base.15,0.608042
2,0,4,res9,cifar10,0.03,5,base.16,0.447902
2,0,4,res9,cifar10,0.03,6,base.17,0.447902
2,0,4,res9,cifar10,0.03,7,base.18,0.447902
2,0,4,res9,cifar10,0.03,8,classifier,0.058655
2,0,5,res9,cifar10,0.03,0,base.2,0.893563
2,0,5,res9,cifar10,0.03,1,base.6,0.796148
2,0,5,res9,cifar10,0.03,2,base.7,0.683852
2,0,5,res9,cifar10,0.03,3,base.11,0.526790
2,0,5,res9,cifar10,0.03,4,base.15,0.527004
2,0,5,res9,cifar10,0.03,5,base.16,0.585712
2,0,5,res9,cifar10,0.03,6,base.17,0.585712
2,0,5,res9,cifar10,0.03,7,base.18,0.585712
2,0,5,res9,cifar10,0.03,8,classifier,0.448246
2,0,6,res9,cifar10,0.03,0,base.2,0.962820
2,0,6,res9,cifar10,0.03,1,base.6,0.917288
2,0,6,res9,cifar10,0.03,2,base.7,0.807890
2,0,6,res9,cifar10,0.03,3,base.11,0.683234
2,0,6,res9,cifar10,0.03,4,base.15,0.588528
2,0,6,res9,cifar10,0.03,5,base.16,0.566100
2,0,6,res9,cifar10,0.03,6,base.17,0.566100
2,0,6,res9,cifar10,0.03,7,base.18,0.566100
2,0,6,res9,cifar10,0.03,8,classifier,0.456256
2,0,7,res9,cifar10,0.03,0,base.2,0.935768
2,0,7,res9,cifar10,0.03,1,base.6,0.795209
2,0,7,res9,cifar10,0.03,2,base.7,0.715728
2,0,7,res9,cifar10,0.03,3,base.11,0.607762
2,0,7,res9,cifar10,0.03,4,base.15,0.582862
2,0,7,res9,cifar10,0.03,5,base.16,0.563441
2,0,7,res9,cifar10,0.03,6,base.17,0.563441
2,0,7,res9,cifar10,0.03,7,base.18,0.563441
2,0,7,res9,cifar10,0.03,8,classifier,0.140036
2,0,8,res9,cifar10,0.03,0,base.2,0.971525
2,0,8,res9,cifar10,0.03,1,base.6,0.907480
2,0,8,res9,cifar10,0.03,2,base.7,0.864927
2,0,8,res9,cifar10,0.03,3,base.11,0.868985
2,0,8,res9,cifar10,0.03,4,base.15,0.852877
2,0,8,res9,cifar10,0.03,5,base.16,0.855092
2,0,8,res9,cifar10,0.03,6,base.17,0.855092
2,0,8,res9,cifar10,0.03,7,base.18,0.855092
2,0,8,res9,cifar10,0.03,8,classifier,0.223126
2,0,9,res9,cifar10,0.03,0,base.2,0.957555
2,0,9,res9,cifar10,0.03,1,base.6,0.901076
2,0,9,res9,cifar10,0.03,2,base.7,0.818844
2,0,9,res9,cifar10,0.03,3,base.11,0.716606
2,0,9,res9,cifar10,0.03,4,base.15,0.613581
2,0,9,res9,cifar10,0.03,5,base.16,0.578858
2,0,9,res9,cifar10,0.03,6,base.17,0.578858
2,0,9,res9,cifar10,0.03,7,base.18,0.578858
2,0,9,res9,cifar10,0.03,8,classifier,0.070806
2,1,2,res9,cifar10,0.03,0,base.2,0.985374
2,1,2,res9,cifar10,0.03,1,base.6,0.934567
2,1,2,res9,cifar10,0.03,2,base.7,0.838252
2,1,2,res9,cifar10,0.03,3,base.11,0.718464
2,1,2,res9,cifar10,0.03,4,base.15,0.471799
2,1,2,res9,cifar10,0.03,5,base.16,0.351234
2,1,2,res9,cifar10,0.03,6,base.17,0.351234
2,1,2,res9,cifar10,0.03,7,base.18,0.351234
2,1,2,res9,cifar10,0.03,8,classifier,0.316406
2,1,3,res9,cifar10,0.03,0,base.2,0.991473
2,1,3,res9,cifar10,0.03,1,base.6,0.957339
2,1,3,res9,cifar10,0.03,2,base.7,0.877743
2,1,3,res9,cifar10,0.03,3,base.11,0.725545
2,1,3,res9,cifar10,0.03,4,base.15,0.698319
2,1,3,res9,cifar10,0.03,5,base.16,0.622454
2,1,3,res9,cifar10,0.03,6,base.17,0.622454
2,1,3,res9,cifar10,0.03,7,base.18,0.622454
2,1,3,res9,cifar10,0.03,8,classifier,0.584800
2,1,4,res9,cifar10,0.03,0,base.2,0.971445
2,1,4,res9,cifar10,0.03,1,base.6,0.921955
2,1,4,res9,cifar10,0.03,2,base.7,0.848697
2,1,4,res9,cifar10,0.03,3,base.11,0.744961
2,1,4,res9,cifar10,0.03,4,base.15,0.377200
2,1,4,res9,cifar10,0.03,5,base.16,0.296896
2,1,4,res9,cifar10,0.03,6,base.17,0.296896
2,1,4,res9,cifar10,0.03,7,base.18,0.296896
2,1,4,res9,cifar10,0.03,8,classifier,0.308078
2,1,5,res9,cifar10,0.03,0,base.2,0.920578
2,1,5,res9,cifar10,0.03,1,base.6,0.907421
2,1,5,res9,cifar10,0.03,2,base.7,0.835528
2,1,5,res9,cifar10,0.03,3,base.11,0.694793
2,1,5,res9,cifar10,0.03,4,base.15,0.551204
2,1,5,res9,cifar10,0.03,5,base.16,0.348019
2,1,5,res9,cifar10,0.03,6,base.17,0.348019
2,1,5,res9,cifar10,0.03,7,base.18,0.348019
2,1,5,res9,cifar10,0.03,8,classifier,0.039500
2,1,6,res9,cifar10,0.03,0,base.2,0.981984
2,1,6,res9,cifar10,0.03,1,base.6,0.953257
2,1,6,res9,cifar10,0.03,2,base.7,0.802258
2,1,6,res9,cifar10,0.03,3,base.11,0.658858
2,1,6,res9,cifar10,0.03,4,base.15,0.308231
2,1,6,res9,cifar10,0.03,5,base.16,0.110677
2,1,6,res9,cifar10,0.03,6,base.17,0.110677
2,1,6,res9,cifar10,0.03,7,base.18,0.110677
2,1,6,res9,cifar10,0.03,8,classifier,0.030224
2,1,7,res9,cifar10,0.03,0,base.2,0.957399
2,1,7,res9,cifar10,0.03,1,base.6,0.906230
2,1,7,res9,cifar10,0.03,2,base.7,0.842905
2,1,7,res9,cifar10,0.03,3,base.11,0.694271
2,1,7,res9,cifar10,0.03,4,base.15,0.567671
2,1,7,res9,cifar10,0.03,5,base.16,0.407393
2,1,7,res9,cifar10,0.03,6,base.17,0.407393
2,1,7,res9,cifar10,0.03,7,base.18,0.407393
2,1,7,res9,cifar10,0.03,8,classifier,0.345880
2,1,8,res9,cifar10,0.03,0,base.2,0.985938
2,1,8,res9,cifar10,0.03,1,base.6,0.943849
2,1,8,res9,cifar10,0.03,2,base.7,0.882592
2,1,8,res9,cifar10,0.03,3,base.11,0.720542
2,1,8,res9,cifar10,0.03,4,base.15,0.491161
2,1,8,res9,cifar10,0.03,5,base.16,0.363760
2,1,8,res9,cifar10,0.03,6,base.17,0.363760
2,1,8,res9,cifar10,0.03,7,base.18,0.363760
2,1,8,res9,cifar10,0.03,8,classifier,0.264118
2,1,9,res9,cifar10,0.03,0,base.2,0.971847
2,1,9,res9,cifar10,0.03,1,base.6,0.861376
2,1,9,res9,cifar10,0.03,2,base.7,0.719609
2,1,9,res9,cifar10,0.03,3,base.11,0.571429
2,1,9,res9,cifar10,0.03,4,base.15,0.300184
2,1,9,res9,cifar10,0.03,5,base.16,0.200007
2,1,9,res9,cifar10,0.03,6,base.17,0.200007
2,1,9,res9,cifar10,0.03,7,base.18,0.200007
2,1,9,res9,cifar10,0.03,8,classifier,0.242290
2,2,3,res9,cifar10,0.03,0,base.2,0.993320
2,2,3,res9,cifar10,0.03,1,base.6,0.967110
2,2,3,res9,cifar10,0.03,2,base.7,0.895190
2,2,3,res9,cifar10,0.03,3,base.11,0.787852
2,2,3,res9,cifar10,0.03,4,base.15,0.622705
2,2,3,res9,cifar10,0.03,5,base.16,0.519445
2,2,3,res9,cifar10,0.03,6,base.17,0.519445
2,2,3,res9,cifar10,0.03,7,base.18,0.519445
2,2,3,res9,cifar10,0.03,8,classifier,0.356316
2,2,4,res9,cifar10,0.03,0,base.2,0.988251
2,2,4,res9,cifar10,0.03,1,base.6,0.934670
2,2,4,res9,cifar10,0.03,2,base.7,0.880006
2,2,4,res9,cifar10,0.03,3,base.11,0.751050
2,2,4,res9,cifar10,0.03,4,base.15,0.587239
2,2,4,res9,cifar10,0.03,5,base.16,0.446153
2,2,4,res9,cifar10,0.03,6,base.17,0.446153
2,2,4,res9,cifar10,0.03,7,base.18,0.446153
2,2,4,res9,cifar10,0.03,8,classifier,0.201601
2,2,5,res9,cifar10,0.03,0,base.2,0.952436
2,2,5,res9,cifar10,0.03,1,base.6,0.917242
2,2,5,res9,cifar10,0.03,2,base.7,0.821283
2,2,5,res9,cifar10,0.03,3,base.11,0.711717
2,2,5,res9,cifar10,0.03,4,base.15,0.655755
2,2,5,res9,cifar10,0.03,5,base.16,0.678129
2,2,5,res9,cifar10,0.03,6,base.17,0.678129
2,2,5,res9,cifar10,0.03,7,base.18,0.678129
2,2,5,res9,cifar10,0.03,8,classifier,0.249137
2,2,6,res9,cifar10,0.03,0,base.2,0.995404
2,2,6,res9,cifar10,0.03,1,base.6,0.973517
2,2,6,res9,cifar10,0.03,2,base.7,0.889675
2,2,6,res9,cifar10,0.03,3,base.11,0.758411
2,2,6,res9,cifar10,0.03,4,base.15,0.630224
2,2,6,res9,cifar10,0.03,5,base.16,0.587571
2,2,6,res9,cifar10,0.03,6,base.17,0.587571
2,2,6,res9,cifar10,0.03,7,base.18,0.587571
2,2,6,res9,cifar10,0.03,8,classifier,0.262992
2,2,7,res9,cifar10,0.03,0,base.2,0.972034
2,2,7,res9,cifar10,0.03,1,base.6,0.913698
2,2,7,res9,cifar10,0.03,2,base.7,0.846602
2,2,7,res9,cifar10,0.03,3,base.11,0.771145
2,2,7,res9,cifar10,0.03,4,base.15,0.707417
2,2,7,res9,cifar10,0.03,5,base.16,0.672039
2,2,7,res9,cifar10,0.03,6,base.17,0.672039
2,2,7,res9,cifar10,0.03,7,base.18,0.672039
2,2,7,res9,cifar10,0.03,8,classifier,0.436053
2,2,8,res9,cifar10,0.03,0,base.2,0.995247
2,2,8,res9,cifar10,0.03,1,base.6,0.970456
2,2,8,res9,cifar10,0.03,2,base.7,0.917216
2,2,8,res9,cifar10,0.03,3,base.11,0.920197
2,2,8,res9,cifar10,0.03,4,base.15,0.911611
2,2,8,res9,cifar10,0.03,5,base.16,0.899345
2,2,8,res9,cifar10,0.03,6,base.17,0.899345
2,2,8,res9,cifar10,0.03,7,base.18,0.899345
2,2,8,res9,cifar10,0.03,8,classifier,0.390625
2,2,9,res9,cifar10,0.03,0,base.2,0.983904
2,2,9,res9,cifar10,0.03,1,base.6,0.944611
2,2,9,res9,cifar10,0.03,2,base.7,0.874679
2,2,9,res9,cifar10,0.03,3,base.11,0.808260
2,2,9,res9,cifar10,0.03,4,base.15,0.725562
2,2,9,res9,cifar10,0.03,5,base.16,0.675262
2,2,9,res9,cifar10,0.03,6,base.17,0.675262
2,2,9,res9,cifar10,0.03,7,base.18,0.675262
2,2,9,res9,cifar10,0.03,8,classifier,0.209384
2,3,4,res9,cifar10,0.03,0,base.2,0.986428
2,3,4,res9,cifar10,0.03,1,base.6,0.919404
2,3,4,res9,cifar10,0.03,2,base.7,0.859892
2,3,4,res9,cifar10,0.03,3,base.11,0.595249
2,3,4,res9,cifar10,0.03,4,base.15,0.322369
2,3,4,res9,cifar10,0.03,5,base.16,0.346236
2,3,4,res9,cifar10,0.03,6,base.17,0.346236
2,3,4,res9,cifar10,0.03,7,base.18,0.346236
2,3,4,res9,cifar10,0.03,8,classifier,0.357027
2,3,5,res9,cifar10,0.03,0,base.2,0.951811
2,3,5,res9,cifar10,0.03,1,base.6,0.901655
2,3,5,res9,cifar10,0.03,2,base.7,0.850990
2,3,5,res9,cifar10,0.03,3,base.11,0.679790
2,3,5,res9,cifar10,0.03,4,base.15,0.716073
2,3,5,res9,cifar10,0.03,5,base.16,0.537890
2,3,5,res9,cifar10,0.03,6,base.17,0.537890
2,3,5,res9,cifar10,0.03,7,base.18,0.537890
2,3,5,res9,cifar10,0.03,8,classifier,0.017272
2,3,6,res9,cifar10,0.03,0,base.2,0.993538
2,3,6,res9,cifar10,0.03,1,base.6,0.968920
2,3,6,res9,cifar10,0.03,2,base.7,0.824097
2,3,6,res9,cifar10,0.03,3,base.11,0.557685
2,3,6,res9,cifar10,0.03,4,base.15,0.333480
2,3,6,res9,cifar10,0.03,5,base.16,0.087727
2,3,6,res9,cifar10,0.03,6,base.17,0.087727
2,3,6,res9,cifar10,0.03,7,base.18,0.087727
2,3,6,res9,cifar10,0.03,8,classifier,0.000849
2,3,7,res9,cifar10,0.03,0,base.2,0.974307
2,3,7,res9,cifar10,0.03,1,base.6,0.890752
2,3,7,res9,cifar10,0.03,2,base.7,0.857787
2,3,7,res9,cifar10,0.03,3,base.11,0.732765
2,3,7,res9,cifar10,0.03,4,base.15,0.699571
2,3,7,res9,cifar10,0.03,5,base.16,0.724878
2,3,7,res9,cifar10,0.03,6,base.17,0.724878
2,3,7,res9,cifar10,0.03,7,base.18,0.724878
2,3,7,res9,cifar10,0.03,8,classifier,0.770165
2,3,8,res9,cifar10,0.03,0,base.2,0.992371
2,3,8,res9,cifar10,0.03,1,base.6,0.943376
2,3,8,res9,cifar10,0.03,2,base.7,0.882036
2,3,8,res9,cifar10,0.03,3,base.11,0.778793
2,3,8,res9,cifar10,0.03,4,base.15,0.634819
2,3,8,res9,cifar10,0.03,5,base.16,0.562475
2,3,8,res9,cifar10,0.03,6,base.17,0.562475
2,3,8,res9,cifar10,0.03,7,base.18,0.562475
2,3,8,res9,cifar10,0.03,8,classifier,0.464268
2,3,9,res9,cifar10,0.03,0,base.2,0.979442
2,3,9,res9,cifar10,0.03,1,base.6,0.892301
2,3,9,res9,cifar10,0.03,2,base.7,0.786593
2,3,9,res9,cifar10,0.03,3,base.11,0.674072
2,3,9,res9,cifar10,0.03,4,base.15,0.472672
2,3,9,res9,cifar10,0.03,5,base.16,0.332806
2,3,9,res9,cifar10,0.03,6,base.17,0.332806
2,3,9,res9,cifar10,0.03,7,base.18,0.332806
2,3,9,res9,cifar10,0.03,8,classifier,0.272622
2,4,5,res9,cifar10,0.03,0,base.2,0.970643
2,4,5,res9,cifar10,0.03,1,base.6,0.942982
2,4,5,res9,cifar10,0.03,2,base.7,0.806059
2,4,5,res9,cifar10,0.03,3,base.11,0.623102
2,4,5,res9,cifar10,0.03,4,base.15,0.342111
2,4,5,res9,cifar10,0.03,5,base.16,0.314324
2,4,5,res9,cifar10,0.03,6,base.17,0.314324
2,4,5,res9,cifar10,0.03,7,base.18,0.314324
2,4,5,res9,cifar10,0.03,8,classifier,0.019341
2,4,6,res9,cifar10,0.03,0,base.2,0.982762
2,4,6,res9,cifar10,0.03,1,base.6,0.909438
2,4,6,res9,cifar10,0.03,2,base.7,0.861776
2,4,6,res9,cifar10,0.03,3,base.11,0.727322
2,4,6,res9,cifar10,0.03,4,base.15,0.634864
2,4,6,res9,cifar10,0.03,5,base.16,0.378666
2,4,6,res9,cifar10,0.03,6,base.17,0.378666
2,4,6,res9,cifar10,0.03,7,base.18,0.378666
2,4,6,res9,cifar10,0.03,8,classifier,0.214139
2,4,7,res9,cifar10,0.03,0,base.2,0.966676
2,4,7,res9,cifar10,0.03,1,base.6,0.929651
2,4,7,res9,cifar10,0.03,2,base.7,0.793030
2,4,7,res9,cifar10,0.03,3,base.11,0.601196
2,4,7,res9,cifar10,0.03,4,base.15,0.297356
2,4,7,res9,cifar10,0.03,5,base.16,0.230836
2,4,7,res9,cifar10,0.03,6,base.17,0.230836
2,4,7,res9,cifar10,0.03,7,base.18,0.230836
2,4,7,res9,cifar10,0.03,8,classifier,0.194038
2,4,8,res9,cifar10,0.03,0,base.2,0.985273
2,4,8,res9,cifar10,0.03,1,base.6,0.951125
2,4,8,res9,cifar10,0.03,2,base.7,0.860650
2,4,8,res9,cifar10,0.03,3,base.11,0.718312
2,4,8,res9,cifar10,0.03,4,base.15,0.474815
2,4,8,res9,cifar10,0.03,5,base.16,0.397087
2,4,8,res9,cifar10,0.03,6,base.17,0.397087
2,4,8,res9,cifar10,0.03,7,base.18,0.397087
2,4,8,res9,cifar10,0.03,8,classifier,0.199303
2,4,9,res9,cifar10,0.03,0,base.2,0.979211
2,4,9,res9,cifar10,0.03,1,base.6,0.873353
2,4,9,res9,cifar10,0.03,2,base.7,0.781412
2,4,9,res9,cifar10,0.03,3,base.11,0.577484
2,4,9,res9,cifar10,0.03,4,base.15,0.356114
2,4,9,res9,cifar10,0.03,5,base.16,0.192197
2,4,9,res9,cifar10,0.03,6,base.17,0.192197
2,4,9,res9,cifar10,0.03,7,base.18,0.192197
2,4,9,res9,cifar10,0.03,8,classifier,0.147781
2,5,6,res9,cifar10,0.03,0,base.2,0.954827
2,5,6,res9,cifar10,0.03,1,base.6,0.917147
2,5,6,res9,cifar10,0.03,2,base.7,0.769050
2,5,6,res9,cifar10,0.03,3,base.11,0.571059
2,5,6,res9,cifar10,0.03,4,base.15,0.466573
2,5,6,res9,cifar10,0.03,5,base.16,0.329521
2,5,6,res9,cifar10,0.03,6,base.17,0.329521
2,5,6,res9,cifar10,0.03,7,base.18,0.329521
2,5,6,res9,cifar10,0.03,8,classifier,0.328767
2,5,7,res9,cifar10,0.03,0,base.2,0.962496
2,5,7,res9,cifar10,0.03,1,base.6,0.983396
2,5,7,res9,cifar10,0.03,2,base.7,0.922280
2,5,7,res9,cifar10,0.03,3,base.11,0.802156
2,5,7,res9,cifar10,0.03,4,base.15,0.666249
2,5,7,res9,cifar10,0.03,5,base.16,0.626280
2,5,7,res9,cifar10,0.03,6,base.17,0.626280
2,5,7,res9,cifar10,0.03,7,base.18,0.626280
2,5,7,res9,cifar10,0.03,8,classifier,0.032703
2,5,8,res9,cifar10,0.03,0,base.2,0.955408
2,5,8,res9,cifar10,0.03,1,base.6,0.956589
2,5,8,res9,cifar10,0.03,2,base.7,0.910013
2,5,8,res9,cifar10,0.03,3,base.11,0.766546
2,5,8,res9,cifar10,0.03,4,base.15,0.720111
2,5,8,res9,cifar10,0.03,5,base.16,0.730387
2,5,8,res9,cifar10,0.03,6,base.17,0.730387
2,5,8,res9,cifar10,0.03,7,base.18,0.730387
2,5,8,res9,cifar10,0.03,8,classifier,0.061358
2,5,9,res9,cifar10,0.03,0,base.2,0.931240
2,5,9,res9,cifar10,0.03,1,base.6,0.829830
2,5,9,res9,cifar10,0.03,2,base.7,0.714813
2,5,9,res9,cifar10,0.03,3,base.11,0.537391
2,5,9,res9,cifar10,0.03,4,base.15,0.474007
2,5,9,res9,cifar10,0.03,5,base.16,0.459936
2,5,9,res9,cifar10,0.03,6,base.17,0.459936
2,5,9,res9,cifar10,0.03,7,base.18,0.459936
2,5,9,res9,cifar10,0.03,8,classifier,0.034388
2,6,7,res9,cifar10,0.03,0,base.2,0.977580
2,6,7,res9,cifar10,0.03,1,base.6,0.917710
2,6,7,res9,cifar10,0.03,2,base.7,0.730311
2,6,7,res9,cifar10,0.03,3,base.11,0.454744
2,6,7,res9,cifar10,0.03,4,base.15,0.270539
2,6,7,res9,cifar10,0.03,5,base.16,0.141430
2,6,7,res9,cifar10,0.03,6,base.17,0.141430
2,6,7,res9,cifar10,0.03,7,base.18,0.141430
2,6,7,res9,cifar10,0.03,8,classifier,0.049758
2,6,8,res9,cifar10,0.03,0,base.2,0.993095
2,6,8,res9,cifar10,0.03,1,base.6,0.964348
2,6,8,res9,cifar10,0.03,2,base.7,0.789047
2,6,8,res9,cifar10,0.03,3,base.11,0.591981
2,6,8,res9,cifar10,0.03,4,base.15,0.437877
2,6,8,res9,cifar10,0.03,5,base.16,0.356139
2,6,8,res9,cifar10,0.03,6,base.17,0.356139
2,6,8,res9,cifar10,0.03,7,base.18,0.356139
2,6,8,res9,cifar10,0.03,8,classifier,0.244289
2,6,9,res9,cifar10,0.03,0,base.2,0.983225
2,6,9,res9,cifar10,0.03,1,base.6,0.907321
2,6,9,res9,cifar10,0.03,2,base.7,0.807620
2,6,9,res9,cifar10,0.03,3,base.11,0.680628
2,6,9,res9,cifar10,0.03,4,base.15,0.554456
2,6,9,res9,cifar10,0.03,5,base.16,0.421353
2,6,9,res9,cifar10,0.03,6,base.17,0.421353
2,6,9,res9,cifar10,0.03,7,base.18,0.421353
2,6,9,res9,cifar10,0.03,8,classifier,0.086513
2,7,8,res9,cifar10,0.03,0,base.2,0.982874
2,7,8,res9,cifar10,0.03,1,base.6,0.963139
2,7,8,res9,cifar10,0.03,2,base.7,0.943507
2,7,8,res9,cifar10,0.03,3,base.11,0.872177
2,7,8,res9,cifar10,0.03,4,base.15,0.823694
2,7,8,res9,cifar10,0.03,5,base.16,0.799952
2,7,8,res9,cifar10,0.03,6,base.17,0.799952
2,7,8,res9,cifar10,0.03,7,base.18,0.799952
2,7,8,res9,cifar10,0.03,8,classifier,0.718390
2,7,9,res9,cifar10,0.03,0,base.2,0.968982
2,7,9,res9,cifar10,0.03,1,base.6,0.834156
2,7,9,res9,cifar10,0.03,2,base.7,0.724869
2,7,9,res9,cifar10,0.03,3,base.11,0.547701
2,7,9,res9,cifar10,0.03,4,base.15,0.502416
2,7,9,res9,cifar10,0.03,5,base.16,0.499994
2,7,9,res9,cifar10,0.03,6,base.17,0.499994
2,7,9,res9,cifar10,0.03,7,base.18,0.499994
2,7,9,res9,cifar10,0.03,8,classifier,0.343975
2,8,9,res9,cifar10,0.03,0,base.2,0.982557
2,8,9,res9,cifar10,0.03,1,base.6,0.892779
2,8,9,res9,cifar10,0.03,2,base.7,0.763171
2,8,9,res9,cifar10,0.03,3,base.11,0.674221
2,8,9,res9,cifar10,0.03,4,base.15,0.621998
2,8,9,res9,cifar10,0.03,5,base.16,0.596791
2,8,9,res9,cifar10,0.03,6,base.17,0.596791
2,8,9,res9,cifar10,0.03,7,base.18,0.596791
2,8,9,res9,cifar10,0.03,8,classifier,0.411455
5,0,1,res9,cifar10,0.03,0,base.2,0.938975
5,0,1,res9,cifar10,0.03,1,base.6,0.835614
5,0,1,res9,cifar10,0.03,2,base.7,0.696293
5,0,1,res9,cifar10,0.03,3,base.11,0.547755
5,0,1,res9,cifar10,0.03,4,base.15,0.484079
5,0,1,res9,cifar10,0.03,5,base.16,0.318092
5,0,1,res9,cifar10,0.03,6,base.17,0.318092
5,0,1,res9,cifar10,0.03,7,base.18,0.318092
5,0,1,res9,cifar10,0.03,8,classifier,0.275645
5,0,2,res9,cifar10,0.03,0,base.2,0.954945
5,0,2,res9,cifar10,0.03,1,base.6,0.863989
5,0,2,res9,cifar10,0.03,2,base.7,0.863151
5,0,2,res9,cifar10,0.03,3,base.11,0.802331
5,0,2,res9,cifar10,0.03,4,base.15,0.762622
5,0,2,res9,cifar10,0.03,5,base.16,0.655613
5,0,2,res9,cifar10,0.03,6,base.17,0.655613
5,0,2,res9,cifar10,0.03,7,base.18,0.655613
5,0,2,res9,cifar10,0.03,8,classifier,0.214212
5,0,3,res9,cifar10,0.03,0,base.2,0.965168
5,0,3,res9,cifar10,0.03,1,base.6,0.903184
5,0,3,res9,cifar10,0.03,2,base.7,0.798649
5,0,3,res9,cifar10,0.03,3,base.11,0.619173
5,0,3,res9,cifar10,0.03,4,base.15,0.572947
5,0,3,res9,cifar10,0.03,5,base.16,0.362702
5,0,3,res9,cifar10,0.03,6,base.17,0.362702
5,0,3,res9,cifar10,0.03,7,base.18,0.362702
5,0,3,res9,cifar10,0.03,8,classifier,0.298939
5,0,4,res9,cifar10,0.03,0,base.2,0.918216
5,0,4,res9,cifar10,0.03,1,base.6,0.782944
5,0,4,res9,cifar10,0.03,2,base.7,0.762423
5,0,4,res9,cifar10,0.03,3,base.11,0.672806
5,0,4,res9,cifar10,0.03,4,base.15,0.598519
5,0,4,res9,cifar10,0.03,5,base.16,0.434509
5,0,4,res9,cifar10,0.03,6,base.17,0.434509
5,0,4,res9,cifar10,0.03,7,base.18,0.434509
5,0,4,res9,cifar10,0.03,8,classifier,0.267788
5,0,5,res9,cifar10,0.03,0,base.2,0.909820
5,0,5,res9,cifar10,0.03,1,base.6,0.706692
5,0,5,res9,cifar10,0.03,2,base.7,0.656644
5,0,5,res9,cifar10,0.03,3,base.11,0.527681
5,0,5,res9,cifar10,0.03,4,base.15,0.550465
5,0,5,res9,cifar10,0.03,5,base.16,0.488306
5,0,5,res9,cifar10,0.03,6,base.17,0.488306
5,0,5,res9,cifar10,0.03,7,base.18,0.488306
5,0,5,res9,cifar10,0.03,8,classifier,0.032418
5,0,6,res9,cifar10,0.03,0,base.2,0.950292
5,0,6,res9,cifar10,0.03,1,base.6,0.826609
5,0,6,res9,cifar10,0.03,2,base.7,0.738797
5,0,6,res9,cifar10,0.03,3,base.11,0.659694
5,0,6,res9,cifar10,0.03,4,base.15,0.731606
5,0,6,res9,cifar10,0.03,5,base.16,0.711340
5,0,6,res9,cifar10,0.03,6,base.17,0.711340
5,0,6,res9,cifar10,0.03,7,base.18,0.711340
5,0,6,res9,cifar10,0.03,8,classifier,0.395755
5,0,7,res9,cifar10,0.03,0,base.2,0.907802
5,0,7,res9,cifar10,0.03,1,base.6,0.677341
5,0,7,res9,cifar10,0.03,2,base.7,0.581737
5,0,7,res9,cifar10,0.03,3,base.11,0.442176
5,0,7,res9,cifar10,0.03,4,base.15,0.418667
5,0,7,res9,cifar10,0.03,5,base.16,0.365684
5,0,7,res9,cifar10,0.03,6,base.17,0.365684
5,0,7,res9,cifar10,0.03,7,base.18,0.365684
5,0,7,res9,cifar10,0.03,8,classifier,0.067476
5,0,8,res9,cifar10,0.03,0,base.2,0.947111
5,0,8,res9,cifar10,0.03,1,base.6,0.840159
5,0,8,res9,cifar10,0.03,2,base.7,0.835211
5,0,8,res9,cifar10,0.03,3,base.11,0.759512
5,0,8,res9,cifar10,0.03,4,base.15,0.698485
5,0,8,res9,cifar10,0.03,5,base.16,0.651691
5,0,8,res9,cifar10,0.03,6,base.17,0.651691
5,0,8,res9,cifar10,0.03,7,base.18,0.651691
5,0,8,res9,cifar10,0.03,8,classifier,0.224619
5,0,9,res9,cifar10,0.03,0,base.2,0.911354
5,0,9,res9,cifar10,0.03,1,base.6,0.784582
5,0,9,res9,cifar10,0.03,2,base.7,0.715144
5,0,9,res9,cifar10,0.03,3,base.11,0.584368
5,0,9,res9,cifar10,0.03,4,base.15,0.594261
5,0,9,res9,cifar10,0.03,5,base.16,0.455467
5,0,9,res9,cifar10,0.03,6,base.17,0.455467
5,0,9,res9,cifar10,0.03,7,base.18,0.455467
5,0,9,res9,cifar10,0.03,8,classifier,0.043804
5,1,2,res9,cifar10,0.03,0,base.2,0.959353
5,1,2,res9,cifar10,0.03,1,base.6,0.938632
5,1,2,res9,cifar10,0.03,2,base.7,0.887984
5,1,2,res9,cifar10,0.03,3,base.11,0.753682
5,1,2,res9,cifar10,0.03,4,base.15,0.493201
5,1,2,res9,cifar10,0.03,5,base.16,0.212054
5,1,2,res9,cifar10,0.03,6,base.17,0.212054
5,1,2,res9,cifar10,0.03,7,base.18,0.212054
5,1,2,res9,cifar10,0.03,8,classifier,0.005808
5,1,3,res9,cifar10,0.03,0,base.2,0.950574
5,1,3,res9,cifar10,0.03,1,base.6,0.913692
5,1,3,res9,cifar10,0.03,2,base.7,0.844341
5,1,3,res9,cifar10,0.03,3,base.11,0.823305
5,1,3,res9,cifar10,0.03,4,base.15,0.637377
5,1,3,res9,cifar10,0.03,5,base.16,0.465872
5,1,3,res9,cifar10,0.03,6,base.17,0.465872
5,1,3,res9,cifar10,0.03,7,base.18,0.465872
5,1,3,res9,cifar10,0.03,8,classifier,0.400697
5,1,4,res9,cifar10,0.03,0,base.2,0.952662
5,1,4,res9,cifar10,0.03,1,base.6,0.901655
5,1,4,res9,cifar10,0.03,2,base.7,0.857308
5,1,4,res9,cifar10,0.03,3,base.11,0.759119
5,1,4,res9,cifar10,0.03,4,base.15,0.424846
5,1,4,res9,cifar10,0.03,5,base.16,0.182405
5,1,4,res9,cifar10,0.03,6,base.17,0.182405
5,1,4,res9,cifar10,0.03,7,base.18,0.182405
5,1,4,res9,cifar10,0.03,8,classifier,0.105063
5,1,5,res9,cifar10,0.03,0,base.2,0.942632
5,1,5,res9,cifar10,0.03,1,base.6,0.865200
5,1,5,res9,cifar10,0.03,2,base.7,0.801410
5,1,5,res9,cifar10,0.03,3,base.11,0.739761
5,1,5,res9,cifar10,0.03,4,base.15,0.642497
5,1,5,res9,cifar10,0.03,5,base.16,0.445359
5,1,5,res9,cifar10,0.03,6,base.17,0.445359
5,1,5,res9,cifar10,0.03,7,base.18,0.445359
5,1,5,res9,cifar10,0.03,8,classifier,0.286148
5,1,6,res9,cifar10,0.03,0,base.2,0.939197
5,1,6,res9,cifar10,0.03,1,base.6,0.900038
5,1,6,res9,cifar10,0.03,2,base.7,0.859057
5,1,6,res9,cifar10,0.03,3,base.11,0.790468
5,1,6,res9,cifar10,0.03,4,base.15,0.465811
5,1,6,res9,cifar10,0.03,5,base.16,0.213811
5,1,6,res9,cifar10,0.03,6,base.17,0.213811
5,1,6,res9,cifar10,0.03,7,base.18,0.213811
5,1,6,res9,cifar10,0.03,8,classifier,0.071710
5,1,7,res9,cifar10,0.03,0,base.2,0.964403
5,1,7,res9,cifar10,0.03,1,base.6,0.859223
5,1,7,res9,cifar10,0.03,2,base.7,0.743518
5,1,7,res9,cifar10,0.03,3,base.11,0.688147
5,1,7,res9,cifar10,0.03,4,base.15,0.464653
5,1,7,res9,cifar10,0.03,5,base.16,0.267217
5,1,7,res9,cifar10,0.03,6,base.17,0.267217
5,1,7,res9,cifar10,0.03,7,base.18,0.267217
5,1,7,res9,cifar10,0.03,8,classifier,0.190192
5,1,8,res9,cifar10,0.03,0,base.2,0.969980
5,1,8,res9,cifar10,0.03,1,base.6,0.931078
5,1,8,res9,cifar10,0.03,2,base.7,0.886987
5,1,8,res9,cifar10,0.03,3,base.11,0.843879
5,1,8,res9,cifar10,0.03,4,base.15,0.505980
5,1,8,res9,cifar10,0.03,5,base.16,0.241659
5,1,8,res9,cifar10,0.03,6,base.17,0.241659
5,1,8,res9,cifar10,0.03,7,base.18,0.241659
5,1,8,res9,cifar10,0.03,8,classifier,0.132731
5,1,9,res9,cifar10,0.03,0,base.2,0.960332
5,1,9,res9,cifar10,0.03,1,base.6,0.878031
5,1,9,res9,cifar10,0.03,2,base.7,0.771884
5,1,9,res9,cifar10,0.03,3,base.11,0.702201
5,1,9,res9,cifar10,0.03,4,base.15,0.488819
5,1,9,res9,cifar10,0.03,5,base.16,0.290624
5,1,9,res9,cifar10,0.03,6,base.17,0.290624
5,1,9,res9,cifar10,0.03,7,base.18,0.290624
5,1,9,res9,cifar10,0.03,8,classifier,0.256755
5,2,3,res9,cifar10,0.03,0,base.2,0.975228
5,2,3,res9,cifar10,0.03,1,base.6,0.925432
5,2,3,res9,cifar10,0.03,2,base.7,0.857829
5,2,3,res9,cifar10,0.03,3,base.11,0.675610
5,2,3,res9,cifar10,0.03,4,base.15,0.549293
5,2,3,res9,cifar10,0.03,5,base.16,0.262451
5,2,3,res9,cifar10,0.03,6,base.17,0.262451
5,2,3,res9,cifar10,0.03,7,base.18,0.262451
5,2,3,res9,cifar10,0.03,8,classifier,0.018283
5,2,4,res9,cifar10,0.03,0,base.2,0.985894
5,2,4,res9,cifar10,0.03,1,base.6,0.964967
5,2,4,res9,cifar10,0.03,2,base.7,0.940373
5,2,4,res9,cifar10,0.03,3,base.11,0.838400
5,2,4,res9,cifar10,0.03,4,base.15,0.526975
5,2,4,res9,cifar10,0.03,5,base.16,0.251683
5,2,4,res9,cifar10,0.03,6,base.17,0.251683
5,2,4,res9,cifar10,0.03,7,base.18,0.251683
5,2,4,res9,cifar10,0.03,8,classifier,0.113406
5,2,5,res9,cifar10,0.03,0,base.2,0.978167
5,2,5,res9,cifar10,0.03,1,base.6,0.930251
5,2,5,res9,cifar10,0.03,2,base.7,0.881851
5,2,5,res9,cifar10,0.03,3,base.11,0.781212
5,2,5,res9,cifar10,0.03,4,base.15,0.757078
5,2,5,res9,cifar10,0.03,5,base.16,0.716577
5,2,5,res9,cifar10,0.03,6,base.17,0.716577
5,2,5,res9,cifar10,0.03,7,base.18,0.716577
5,2,5,res9,cifar10,0.03,8,classifier,0.482547
5,2,6,res9,cifar10,0.03,0,base.2,0.987220
5,2,6,res9,cifar10,0.03,1,base.6,0.947751
5,2,6,res9,cifar10,0.03,2,base.7,0.875415
5,2,6,res9,cifar10,0.03,3,base.11,0.748976
5,2,6,res9,cifar10,0.03,4,base.15,0.614440
5,2,6,res9,cifar10,0.03,5,base.16,0.392519
5,2,6,res9,cifar10,0.03,6,base.17,0.392519
5,2,6,res9,cifar10,0.03,7,base.18,0.392519
5,2,6,res9,cifar10,0.03,8,classifier,0.031947
5,2,7,res9,cifar10,0.03,0,base.2,0.950472
5,2,7,res9,cifar10,0.03,1,base.6,0.896830
5,2,7,res9,cifar10,0.03,2,base.7,0.801352
5,2,7,res9,cifar10,0.03,3,base.11,0.724466
5,2,7,res9,cifar10,0.03,4,base.15,0.633770
5,2,7,res9,cifar10,0.03,5,base.16,0.538447
5,2,7,res9,cifar10,0.03,6,base.17,0.538447
5,2,7,res9,cifar10,0.03,7,base.18,0.538447
5,2,7,res9,cifar10,0.03,8,classifier,0.215246
5,2,8,res9,cifar10,0.03,0,base.2,0.994054
5,2,8,res9,cifar10,0.03,1,base.6,0.984967
5,2,8,res9,cifar10,0.03,2,base.7,0.974813
5,2,8,res9,cifar10,0.03,3,base.11,0.928119
5,2,8,res9,cifar10,0.03,4,base.15,0.852229
5,2,8,res9,cifar10,0.03,5,base.16,0.835142
5,2,8,res9,cifar10,0.03,6,base.17,0.835142
5,2,8,res9,cifar10,0.03,7,base.18,0.835142
5,2,8,res9,cifar10,0.03,8,classifier,0.211612
5,2,9,res9,cifar10,0.03,0,base.2,0.951297
5,2,9,res9,cifar10,0.03,1,base.6,0.919872
5,2,9,res9,cifar10,0.03,2,base.7,0.868702
5,2,9,res9,cifar10,0.03,3,base.11,0.861662
5,2,9,res9,cifar10,0.03,4,base.15,0.843921
5,2,9,res9,cifar10,0.03,5,base.16,0.704089
5,2,9,res9,cifar10,0.03,6,base.17,0.704089
5,2,9,res9,cifar10,0.03,7,base.18,0.704089
5,2,9,res9,cifar10,0.03,8,classifier,0.416900
5,3,4,res9,cifar10,0.03,0,base.2,0.948717
5,3,4,res9,cifar10,0.03,1,base.6,0.849596
5,3,4,res9,cifar10,0.03,2,base.7,0.762148
5,3,4,res9,cifar10,0.03,3,base.11,0.637235
5,3,4,res9,cifar10,0.03,4,base.15,0.452245
5,3,4,res9,cifar10,0.03,5,base.16,0.289045
5,3,4,res9,cifar10,0.03,6,base.17,0.289045
5,3,4,res9,cifar10,0.03,7,base.18,0.289045
5,3,4,res9,cifar10,0.03,8,classifier,0.220814
5,3,5,res9,cifar10,0.03,0,base.2,0.939990
5,3,5,res9,cifar10,0.03,1,base.6,0.766708
5,3,5,res9,cifar10,0.03,2,base.7,0.627561
5,3,5,res9,cifar10,0.03,3,base.11,0.510942
5,3,5,res9,cifar10,0.03,4,base.15,0.601338
5,3,5,res9,cifar10,0.03,5,base.16,0.471975
5,3,5,res9,cifar10,0.03,6,base.17,0.471975
5,3,5,res9,cifar10,0.03,7,base.18,0.471975
5,3,5,res9,cifar10,0.03,8,classifier,0.334727
5,3,6,res9,cifar10,0.03,0,base.2,0.963403
5,3,6,res9,cifar10,0.03,1,base.6,0.889984
5,3,6,res9,cifar10,0.03,2,base.7,0.817819
5,3,6,res9,cifar10,0.03,3,base.11,0.752083
5,3,6,res9,cifar10,0.03,4,base.15,0.417804
5,3,6,res9,cifar10,0.03,5,base.16,0.125007
5,3,6,res9,cifar10,0.03,6,base.17,0.125007
5,3,6,res9,cifar10,0.03,7,base.18,0.125007
5,3,6,res9,cifar10,0.03,8,classifier,0.024592
5,3,7,res9,cifar10,0.03,0,base.2,0.913686
5,3,7,res9,cifar10,0.03,1,base.6,0.732595
5,3,7,res9,cifar10,0.03,2,base.7,0.558911
5,3,7,res9,cifar10,0.03,3,base.11,0.489161
5,3,7,res9,cifar10,0.03,4,base.15,0.526031
5,3,7,res9,cifar10,0.03,5,base.16,0.508089
5,3,7,res9,cifar10,0.03,6,base.17,0.508089
5,3,7,res9,cifar10,0.03,7,base.18,0.508089
5,3,7,res9,cifar10,0.03,8,classifier,0.444603
5,3,8,res9,cifar10,0.03,0,base.2,0.958799
5,3,8,res9,cifar10,0.03,1,base.6,0.870975
5,3,8,res9,cifar10,0.03,2,base.7,0.803933
5,3,8,res9,cifar10,0.03,3,base.11,0.767378
5,3,8,res9,cifar10,0.03,4,base.15,0.596265
5,3,8,res9,cifar10,0.03,5,base.16,0.349134
5,3,8,res9,cifar10,0.03,6,base.17,0.349134
5,3,8,res9,cifar10,0.03,7,base.18,0.349134
5,3,8,res9,cifar10,0.03,8,classifier,0.236972
5,3,9,res9,cifar10,0.03,0,base.2,0.902381
5,3,9,res9,cifar10,0.03,1,base.6,0.791330
5,3,9,res9,cifar10,0.03,2,base.7,0.606286
5,3,9,res9,cifar10,0.03,3,base.11,0.485362
5,3,9,res9,cifar10,0.03,4,base.15,0.471077
5,3,9,res9,cifar10,0.03,5,base.16,0.251350
5,3,9,res9,cifar10,0.03,6,base.17,0.251350
5,3,9,res9,cifar10,0.03,7,base.18,0.251350
5,3,9,res9,cifar10,0.03,8,classifier,0.108329
5,4,5,res9,cifar10,0.03,0,base.2,0.982217
5,4,5,res9,cifar10,0.03,1,base.6,0.958913
5,4,5,res9,cifar10,0.03,2,base.7,0.932654
5,4,5,res9,cifar10,0.03,3,base.11,0.879229
5,4,5,res9,cifar10,0.03,4,base.15,0.641068
5,4,5,res9,cifar10,0.03,5,base.16,0.477369
5,4,5,res9,cifar10,0.03,6,base.17,0.477369
5,4,5,res9,cifar10,0.03,7,base.18,0.477369
5,4,5,res9,cifar10,0.03,8,classifier,0.380727
5,4,6,res9,cifar10,0.03,0,base.2,0.970506
5,4,6,res9,cifar10,0.03,1,base.6,0.906504
5,4,6,res9,cifar10,0.03,2,base.7,0.854744
5,4,6,res9,cifar10,0.03,3,base.11,0.747448
5,4,6,res9,cifar10,0.03,4,base.15,0.621962
5,4,6,res9,cifar10,0.03,5,base.16,0.522334
5,4,6,res9,cifar10,0.03,6,base.17,0.522334
5,4,6,res9,cifar10,0.03,7,base.18,0.522334
5,4,6,res9,cifar10,0.03,8,classifier,0.469363
5,4,7,res9,cifar10,0.03,0,base.2,0.941074
5,4,7,res9,cifar10,0.03,1,base.6,0.882395
5,4,7,res9,cifar10,0.03,2,base.7,0.808522
5,4,7,res9,cifar10,0.03,3,base.11,0.767938
5,4,7,res9,cifar10,0.03,4,base.15,0.474410
5,4,7,res9,cifar10,0.03,5,base.16,0.265451
5,4,7,res9,cifar10,0.03,6,base.17,0.265451
5,4,7,res9,cifar10,0.03,7,base.18,0.265451
5,4,7,res9,cifar10,0.03,8,classifier,0.209799
5,4,8,res9,cifar10,0.03,0,base.2,0.987428
5,4,8,res9,cifar10,0.03,1,base.6,0.975850
5,4,8,res9,cifar10,0.03,2,base.7,0.957261
5,4,8,res9,cifar10,0.03,3,base.11,0.850582
5,4,8,res9,cifar10,0.03,4,base.15,0.498982
5,4,8,res9,cifar10,0.03,5,base.16,0.282900
5,4,8,res9,cifar10,0.03,6,base.17,0.282900
5,4,8,res9,cifar10,0.03,7,base.18,0.282900
5,4,8,res9,cifar10,0.03,8,classifier,0.226615
5,4,9,res9,cifar10,0.03,0,base.2,0.949322
5,4,9,res9,cifar10,0.03,1,base.6,0.897958
5,4,9,res9,cifar10,0.03,2,base.7,0.870650
5,4,9,res9,cifar10,0.03,3,base.11,0.811927
5,4,9,res9,cifar10,0.03,4,base.15,0.516284
5,4,9,res9,cifar10,0.03,5,base.16,0.270280
5,4,9,res9,cifar10,0.03,6,base.17,0.270280
5,4,9,res9,cifar10,0.03,7,base.18,0.270280
5,4,9,res9,cifar10,0.03,8,classifier,0.170979
5,5,6,res9,cifar10,0.03,0,base.2,0.956026
5,5,6,res9,cifar10,0.03,1,base.6,0.857137
5,5,6,res9,cifar10,0.03,2,base.7,0.753040
5,5,6,res9,cifar10,0.03,3,base.11,0.671597
5,5,6,res9,cifar10,0.03,4,base.15,0.598130
5,5,6,res9,cifar10,0.03,5,base.16,0.371959
5,5,6,res9,cifar10,0.03,6,base.17,0.371959
5,5,6,res9,cifar10,0.03,7,base.18,0.371959
5,5,6,res9,cifar10,0.03,8,classifier,0.054274
5,5,7,res9,cifar10,0.03,0,base.2,0.940946
5,5,7,res9,cifar10,0.03,1,base.6,0.923369
5,5,7,res9,cifar10,0.03,2,base.7,0.859614
5,5,7,res9,cifar10,0.03,3,base.11,0.856228
5,5,7,res9,cifar10,0.03,4,base.15,0.847025
5,5,7,res9,cifar10,0.03,5,base.16,0.766166
5,5,7,res9,cifar10,0.03,6,base.17,0.766166
5,5,7,res9,cifar10,0.03,7,base.18,0.766166
5,5,7,res9,cifar10,0.03,8,classifier,0.596544
5,5,8,res9,cifar10,0.03,0,base.2,0.983397
5,5,8,res9,cifar10,0.03,1,base.6,0.962948
5,5,8,res9,cifar10,0.03,2,base.7,0.927920
5,5,8,res9,cifar10,0.03,3,base.11,0.810500
5,5,8,res9,cifar10,0.03,4,base.15,0.819472
5,5,8,res9,cifar10,0.03,5,base.16,0.761591
5,5,8,res9,cifar10,0.03,6,base.17,0.761591
5,5,8,res9,cifar10,0.03,7,base.18,0.761591
5,5,8,res9,cifar10,0.03,8,classifier,0.236839
5,5,9,res9,cifar10,0.03,0,base.2,0.933903
5,5,9,res9,cifar10,0.03,1,base.6,0.880305
5,5,9,res9,cifar10,0.03,2,base.7,0.864148
5,5,9,res9,cifar10,0.03,3,base.11,0.804546
5,5,9,res9,cifar10,0.03,4,base.15,0.790737
5,5,9,res9,cifar10,0.03,5,base.16,0.746371
5,5,9,res9,cifar10,0.03,6,base.17,0.746371
5,5,9,res9,cifar10,0.03,7,base.18,0.746371
5,5,9,res9,cifar10,0.03,8,classifier,0.588524
5,6,7,res9,cifar10,0.03,0,base.2,0.939165
5,6,7,res9,cifar10,0.03,1,base.6,0.849908
5,6,7,res9,cifar10,0.03,2,base.7,0.677981
5,6,7,res9,cifar10,0.03,3,base.11,0.566385
5,6,7,res9,cifar10,0.03,4,base.15,0.442419
5,6,7,res9,cifar10,0.03,5,base.16,0.229458
5,6,7,res9,cifar10,0.03,6,base.17,0.229458
5,6,7,res9,cifar10,0.03,7,base.18,0.229458
5,6,7,res9,cifar10,0.03,8,classifier,0.089576
5,6,8,res9,cifar10,0.03,0,base.2,0.978330
5,6,8,res9,cifar10,0.03,1,base.6,0.929318
5,6,8,res9,cifar10,0.03,2,base.7,0.866876
5,6,8,res9,cifar10,0.03,3,base.11,0.844785
5,6,8,res9,cifar10,0.03,4,base.15,0.665992
5,6,8,res9,cifar10,0.03,5,base.16,0.470839
5,6,8,res9,cifar10,0.03,6,base.17,0.470839
5,6,8,res9,cifar10,0.03,7,base.18,0.470839
5,6,8,res9,cifar10,0.03,8,classifier,0.479584
5,6,9,res9,cifar10,0.03,0,base.2,0.938885
5,6,9,res9,cifar10,0.03,1,base.6,0.882766
5,6,9,res9,cifar10,0.03,2,base.7,0.741202
5,6,9,res9,cifar10,0.03,3,base.11,0.640986
5,6,9,res9,cifar10,0.03,4,base.15,0.551573
5,6,9,res9,cifar10,0.03,5,base.16,0.300118
5,6,9,res9,cifar10,0.03,6,base.17,0.300118
5,6,9,res9,cifar10,0.03,7,base.18,0.300118
5,6,9,res9,cifar10,0.03,8,classifier,0.095869
5,7,8,res9,cifar10,0.03,0,base.2,0.969801
5,7,8,res9,cifar10,0.03,1,base.6,0.926753
5,7,8,res9,cifar10,0.03,2,base.7,0.833766
5,7,8,res9,cifar10,0.03,3,base.11,0.753738
5,7,8,res9,cifar10,0.03,4,base.15,0.739916
5,7,8,res9,cifar10,0.03,5,base.16,0.650798
5,7,8,res9,cifar10,0.03,6,base.17,0.650798
5,7,8,res9,cifar10,0.03,7,base.18,0.650798
5,7,8,res9,cifar10,0.03,8,classifier,0.436487
5,7,9,res9,cifar10,0.03,0,base.2,0.973752
5,7,9,res9,cifar10,0.03,1,base.6,0.947353
5,7,9,res9,cifar10,0.03,2,base.7,0.894110
5,7,9,res9,cifar10,0.03,3,base.11,0.809936
5,7,9,res9,cifar10,0.03,4,base.15,0.695817
5,7,9,res9,cifar10,0.03,5,base.16,0.574613
5,7,9,res9,cifar10,0.03,6,base.17,0.574613
5,7,9,res9,cifar10,0.03,7,base.18,0.574613
5,7,9,res9,cifar10,0.03,8,classifier,0.372072
5,8,9,res9,cifar10,0.03,0,base.2,0.970379
5,8,9,res9,cifar10,0.03,1,base.6,0.939500
5,8,9,res9,cifar10,0.03,2,base.7,0.888693
5,8,9,res9,cifar10,0.03,3,base.11,0.821273
5,8,9,res9,cifar10,0.03,4,base.15,0.828130
5,8,9,res9,cifar10,0.03,5,base.16,0.708266
5,8,9,res9,cifar10,0.03,6,base.17,0.708266
5,8,9,res9,cifar10,0.03,7,base.18,0.708266
5,8,9,res9,cifar10,0.03,8,classifier,0.315507
10,0,1,res9,cifar10,0.03,0,base.2,0.915566
10,0,1,res9,cifar10,0.03,1,base.6,0.862413
10,0,1,res9,cifar10,0.03,2,base.7,0.687734
10,0,1,res9,cifar10,0.03,3,base.11,0.482028
10,0,1,res9,cifar10,0.03,4,base.15,0.382968
10,0,1,res9,cifar10,0.03,5,base.16,0.292224
10,0,1,res9,cifar10,0.03,6,base.17,0.292224
10,0,1,res9,cifar10,0.03,7,base.18,0.292224
10,0,1,res9,cifar10,0.03,8,classifier,0.139886
10,0,2,res9,cifar10,0.03,0,base.2,0.955339
10,0,2,res9,cifar10,0.03,1,base.6,0.870195
10,0,2,res9,cifar10,0.03,2,base.7,0.870031
10,0,2,res9,cifar10,0.03,3,base.11,0.836395
10,0,2,res9,cifar10,0.03,4,base.15,0.854591
10,0,2,res9,cifar10,0.03,5,base.16,0.670804
10,0,2,res9,cifar10,0.03,6,base.17,0.670804
10,0,2,res9,cifar10,0.03,7,base.18,0.670804
10,0,2,res9,cifar10,0.03,8,classifier,0.157238
10,0,3,res9,cifar10,0.03,0,base.2,0.971711
10,0,3,res9,cifar10,0.03,1,base.6,0.945155
10,0,3,res9,cifar10,0.03,2,base.7,0.865760
10,0,3,res9,cifar10,0.03,3,base.11,0.701986
10,0,3,res9,cifar10,0.03,4,base.15,0.560454
10,0,3,res9,cifar10,0.03,5,base.16,0.287909
10,0,3,res9,cifar10,0.03,6,base.17,0.287909
10,0,3,res9,cifar10,0.03,7,base.18,0.287909
10,0,3,res9,cifar10,0.03,8,classifier,0.159315
10,0,4,res9,cifar10,0.03,0,base.2,0.894264
10,0,4,res9,cifar10,0.03,1,base.6,0.737022
10,0,4,res9,cifar10,0.03,2,base.7,0.768042
10,0,4,res9,cifar10,0.03,3,base.11,0.671308
10,0,4,res9,cifar10,0.03,4,base.15,0.648281
10,0,4,res9,cifar10,0.03,5,base.16,0.331948
10,0,4,res9,cifar10,0.03,6,base.17,0.331948
10,0,4,res9,cifar10,0.03,7,base.18,0.331948
10,0,4,res9,cifar10,0.03,8,classifier,0.135598
10,0,5,res9,cifar10,0.03,0,base.2,0.891585
10,0,5,res9,cifar10,0.03,1,base.6,0.707092
10,0,5,res9,cifar10,0.03,2,base.7,0.733760
10,0,5,res9,cifar10,0.03,3,base.11,0.692277
10,0,5,res9,cifar10,0.03,4,base.15,0.605420
10,0,5,res9,cifar10,0.03,5,base.16,0.630462
10,0,5,res9,cifar10,0.03,6,base.17,0.630462
10,0,5,res9,cifar10,0.03,7,base.18,0.630462
10,0,5,res9,cifar10,0.03,8,classifier,0.089360
10,0,6,res9,cifar10,0.03,0,base.2,0.949691
10,0,6,res9,cifar10,0.03,1,base.6,0.838794
10,0,6,res9,cifar10,0.03,2,base.7,0.720735
10,0,6,res9,cifar10,0.03,3,base.11,0.581207
10,0,6,res9,cifar10,0.03,4,base.15,0.538514
10,0,6,res9,cifar10,0.03,5,base.16,0.470345
10,0,6,res9,cifar10,0.03,6,base.17,0.470345
10,0,6,res9,cifar10,0.03,7,base.18,0.470345
10,0,6,res9,cifar10,0.03,8,classifier,0.114342
10,0,7,res9,cifar10,0.03,0,base.2,0.855176
10,0,7,res9,cifar10,0.03,1,base.6,0.597356
10,0,7,res9,cifar10,0.03,2,base.7,0.609480
10,0,7,res9,cifar10,0.03,3,base.11,0.494883
10,0,7,res9,cifar10,0.03,4,base.15,0.549338
10,0,7,res9,cifar10,0.03,5,base.16,0.293207
10,0,7,res9,cifar10,0.03,6,base.17,0.293207
10,0,7,res9,cifar10,0.03,7,base.18,0.293207
10,0,7,res9,cifar10,0.03,8,classifier,0.159094
10,0,8,res9,cifar10,0.03,0,base.2,0.942183
10,0,8,res9,cifar10,0.03,1,base.6,0.857161
10,0,8,res9,cifar10,0.03,2,base.7,0.891047
10,0,8,res9,cifar10,0.03,3,base.11,0.860482
10,0,8,res9,cifar10,0.03,4,base.15,0.752052
10,0,8,res9,cifar10,0.03,5,base.16,0.603538
10,0,8,res9,cifar10,0.03,6,base.17,0.603538
10,0,8,res9,cifar10,0.03,7,base.18,0.603538
10,0,8,res9,cifar10,0.03,8,classifier,0.273994
10,0,9,res9,cifar10,0.03,0,base.2,0.919534
10,0,9,res9,cifar10,0.03,1,base.6,0.884576
10,0,9,res9,cifar10,0.03,2,base.7,0.886504
10,0,9,res9,cifar10,0.03,3,base.11,0.834220
10,0,9,res9,cifar10,0.03,4,base.15,0.821715
10,0,9,res9,cifar10,0.03,5,base.16,0.646122
10,0,9,res9,cifar10,0.03,6,base.17,0.646122
10,0,9,res9,cifar10,0.03,7,base.18,0.646122
10,0,9,res9,cifar10,0.03,8,classifier,0.159462
10,1,2,res9,cifar10,0.03,0,base.2,0.965320
10,1,2,res9,cifar10,0.03,1,base.6,0.951003
10,1,2,res9,cifar10,0.03,2,base.7,0.871573
10,1,2,res9,cifar10,0.03,3,base.11,0.662983
10,1,2,res9,cifar10,0.03,4,base.15,0.472525
10,1,2,res9,cifar10,0.03,5,base.16,0.259619
10,1,2,res9,cifar10,0.03,6,base.17,0.259619
10,1,2,res9,cifar10,0.03,7,base.18,0.259619
10,1,2,res9,cifar10,0.03,8,classifier,0.058442
10,1,3,res9,cifar10,0.03,0,base.2,0.953897
10,1,3,res9,cifar10,0.03,1,base.6,0.937901
10,1,3,res9,cifar10,0.03,2,base.7,0.869533
10,1,3,res9,cifar10,0.03,3,base.11,0.801970
10,1,3,res9,cifar10,0.03,4,base.15,0.684424
10,1,3,res9,cifar10,0.03,5,base.16,0.566085
10,1,3,res9,cifar10,0.03,6,base.17,0.566085
10,1,3,res9,cifar10,0.03,7,base.18,0.566085
10,1,3,res9,cifar10,0.03,8,classifier,0.514859
10,1,4,res9,cifar10,0.03,0,base.2,0.915449
10,1,4,res9,cifar10,0.03,1,base.6,0.862374
10,1,4,res9,cifar10,0.03,2,base.7,0.806032
10,1,4,res9,cifar10,0.03,3,base.11,0.603750
10,1,4,res9,cifar10,0.03,4,base.15,0.436215
10,1,4,res9,cifar10,0.03,5,base.16,0.288217
10,1,4,res9,cifar10,0.03,6,base.17,0.288217
10,1,4,res9,cifar10,0.03,7,base.18,0.288217
10,1,4,res9,cifar10,0.03,8,classifier,0.230784
10,1,5,res9,cifar10,0.03,0,base.2,0.928200
10,1,5,res9,cifar10,0.03,1,base.6,0.843033
10,1,5,res9,cifar10,0.03,2,base.7,0.764500
10,1,5,res9,cifar10,0.03,3,base.11,0.639386
10,1,5,res9,cifar10,0.03,4,base.15,0.618079
10,1,5,res9,cifar10,0.03,5,base.16,0.413215
10,1,5,res9,cifar10,0.03,6,base.17,0.413215
10,1,5,res9,cifar10,0.03,7,base.18,0.413215
10,1,5,res9,cifar10,0.03,8,classifier,0.292877
10,1,6,res9,cifar10,0.03,0,base.2,0.947848
10,1,6,res9,cifar10,0.03,1,base.6,0.912661
10,1,6,res9,cifar10,0.03,2,base.7,0.881201
10,1,6,res9,cifar10,0.03,3,base.11,0.797385
10,1,6,res9,cifar10,0.03,4,base.15,0.453693
10,1,6,res9,cifar10,0.03,5,base.16,0.217147
10,1,6,res9,cifar10,0.03,6,base.17,0.217147
10,1,6,res9,cifar10,0.03,7,base.18,0.217147
10,1,6,res9,cifar10,0.03,8,classifier,0.047074
10,1,7,res9,cifar10,0.03,0,base.2,0.953316
10,1,7,res9,cifar10,0.03,1,base.6,0.813809
10,1,7,res9,cifar10,0.03,2,base.7,0.773970
10,1,7,res9,cifar10,0.03,3,base.11,0.659503
10,1,7,res9,cifar10,0.03,4,base.15,0.586746
10,1,7,res9,cifar10,0.03,5,base.16,0.326127
10,1,7,res9,cifar10,0.03,6,base.17,0.326127
10,1,7,res9,cifar10,0.03,7,base.18,0.326127
10,1,7,res9,cifar10,0.03,8,classifier,0.275358
10,1,8,res9,cifar10,0.03,0,base.2,0.966953
10,1,8,res9,cifar10,0.03,1,base.6,0.929344
10,1,8,res9,cifar10,0.03,2,base.7,0.830070
10,1,8,res9,cifar10,0.03,3,base.11,0.700493
10,1,8,res9,cifar10,0.03,4,base.15,0.526399
10,1,8,res9,cifar10,0.03,5,base.16,0.256513
10,1,8,res9,cifar10,0.03,6,base.17,0.256513
10,1,8,res9,cifar10,0.03,7,base.18,0.256513
10,1,8,res9,cifar10,0.03,8,classifier,0.137199
10,1,9,res9,cifar10,0.03,0,base.2,0.970750
10,1,9,res9,cifar10,0.03,1,base.6,0.899627
10,1,9,res9,cifar10,0.03,2,base.7,0.713007
10,1,9,res9,cifar10,0.03,3,base.11,0.572923
10,1,9,res9,cifar10,0.03,4,base.15,0.525838
10,1,9,res9,cifar10,0.03,5,base.16,0.351663
10,1,9,res9,cifar10,0.03,6,base.17,0.351663
10,1,9,res9,cifar10,0.03,7,base.18,0.351663
10,1,9,res9,cifar10,0.03,8,classifier,0.277880
10,2,3,res9,cifar10,0.03,0,base.2,0.980725
10,2,3,res9,cifar10,0.03,1,base.6,0.962701
10,2,3,res9,cifar10,0.03,2,base.7,0.920405
10,2,3,res9,cifar10,0.03,3,base.11,0.757044
10,2,3,res9,cifar10,0.03,4,base.15,0.633590
10,2,3,res9,cifar10,0.03,5,base.16,0.353271
10,2,3,res9,cifar10,0.03,6,base.17,0.353271
10,2,3,res9,cifar10,0.03,7,base.18,0.353271
10,2,3,res9,cifar10,0.03,8,classifier,0.170853
10,2,4,res9,cifar10,0.03,0,base.2,0.955953
10,2,4,res9,cifar10,0.03,1,base.6,0.917260
10,2,4,res9,cifar10,0.03,2,base.7,0.908965
10,2,4,res9,cifar10,0.03,3,base.11,0.815347
10,2,4,res9,cifar10,0.03,4,base.15,0.693879
10,2,4,res9,cifar10,0.03,5,base.16,0.296995
10,2,4,res9,cifar10,0.03,6,base.17,0.296995
10,2,4,res9,cifar10,0.03,7,base.18,0.296995
10,2,4,res9,cifar10,0.03,8,classifier,0.092241
10,2,5,res9,cifar10,0.03,0,base.2,0.958787
10,2,5,res9,cifar10,0.03,1,base.6,0.911630
10,2,5,res9,cifar10,0.03,2,base.7,0.897850
10,2,5,res9,cifar10,0.03,3,base.11,0.878305
10,2,5,res9,cifar10,0.03,4,base.15,0.787070
10,2,5,res9,cifar10,0.03,5,base.16,0.761519
10,2,5,res9,cifar10,0.03,6,base.17,0.761519
10,2,5,res9,cifar10,0.03,7,base.18,0.761519
10,2,5,res9,cifar10,0.03,8,classifier,0.345449
10,2,6,res9,cifar10,0.03,0,base.2,0.985336
10,2,6,res9,cifar10,0.03,1,base.6,0.931773
10,2,6,res9,cifar10,0.03,2,base.7,0.847770
10,2,6,res9,cifar10,0.03,3,base.11,0.675856
10,2,6,res9,cifar10,0.03,4,base.15,0.573932
10,2,6,res9,cifar10,0.03,5,base.16,0.358400
10,2,6,res9,cifar10,0.03,6,base.17,0.358400
10,2,6,res9,cifar10,0.03,7,base.18,0.358400
10,2,6,res9,cifar10,0.03,8,classifier,0.111965
10,2,7,res9,cifar10,0.03,0,base.2,0.947863
10,2,7,res9,cifar10,0.03,1,base.6,0.849005
10,2,7,res9,cifar10,0.03,2,base.7,0.803784
10,2,7,res9,cifar10,0.03,3,base.11,0.690152
10,2,7,res9,cifar10,0.03,4,base.15,0.687628
10,2,7,res9,cifar10,0.03,5,base.16,0.430389
10,2,7,res9,cifar10,0.03,6,base.17,0.430389
10,2,7,res9,cifar10,0.03,7,base.18,0.430389
10,2,7,res9,cifar10,0.03,8,classifier,0.056058
10,2,8,res9,cifar10,0.03,0,base.2,0.986433
10,2,8,res9,cifar10,0.03,1,base.6,0.977227
10,2,8,res9,cifar10,0.03,2,base.7,0.972757
10,2,8,res9,cifar10,0.03,3,base.11,0.957754
10,2,8,res9,cifar10,0.03,4,base.15,0.914635
10,2,8,res9,cifar10,0.03,5,base.16,0.831276
10,2,8,res9,cifar10,0.03,6,base.17,0.831276
10,2,8,res9,cifar10,0.03,7,base.18,0.831276
10,2,8,res9,cifar10,0.03,8,classifier,0.181556
10,2,9,res9,cifar10,0.03,0,base.2,0.955369
10,2,9,res9,cifar10,0.03,1,base.6,0.945749
10,2,9,res9,cifar10,0.03,2,base.7,0.917941
10,2,9,res9,cifar10,0.03,3,base.11,0.921572
10,2,9,res9,cifar10,0.03,4,base.15,0.910272
10,2,9,res9,cifar10,0.03,5,base.16,0.712849
10,2,9,res9,cifar10,0.03,6,base.17,0.712849
10,2,9,res9,cifar10,0.03,7,base.18,0.712849
10,2,9,res9,cifar10,0.03,8,classifier,0.173306
10,3,4,res9,cifar10,0.03,0,base.2,0.937358
10,3,4,res9,cifar10,0.03,1,base.6,0.843687
10,3,4,res9,cifar10,0.03,2,base.7,0.821341
10,3,4,res9,cifar10,0.03,3,base.11,0.654047
10,3,4,res9,cifar10,0.03,4,base.15,0.534280
10,3,4,res9,cifar10,0.03,5,base.16,0.329169
10,3,4,res9,cifar10,0.03,6,base.17,0.329169
10,3,4,res9,cifar10,0.03,7,base.18,0.329169
10,3,4,res9,cifar10,0.03,8,classifier,0.278560
10,3,5,res9,cifar10,0.03,0,base.2,0.947959
10,3,5,res9,cifar10,0.03,1,base.6,0.827134
10,3,5,res9,cifar10,0.03,2,base.7,0.760264
10,3,5,res9,cifar10,0.03,3,base.11,0.634240
10,3,5,res9,cifar10,0.03,4,base.15,0.655269
10,3,5,res9,cifar10,0.03,5,base.16,0.497322
10,3,5,res9,cifar10,0.03,6,base.17,0.497322
10,3,5,res9,cifar10,0.03,7,base.18,0.497322
10,3,5,res9,cifar10,0.03,8,classifier,0.254576
10,3,6,res9,cifar10,0.03,0,base.2,0.961590
10,3,6,res9,cifar10,0.03,1,base.6,0.923870
10,3,6,res9,cifar10,0.03,2,base.7,0.900068
10,3,6,res9,cifar10,0.03,3,base.11,0.865360
10,3,6,res9,cifar10,0.03,4,base.15,0.486513
10,3,6,res9,cifar10,0.03,5,base.16,0.104379
10,3,6,res9,cifar10,0.03,6,base.17,0.104379
10,3,6,res9,cifar10,0.03,7,base.18,0.104379
10,3,6,res9,cifar10,0.03,8,classifier,0.013558
10,3,7,res9,cifar10,0.03,0,base.2,0.925169
10,3,7,res9,cifar10,0.03,1,base.6,0.743596
10,3,7,res9,cifar10,0.03,2,base.7,0.665522
10,3,7,res9,cifar10,0.03,3,base.11,0.511585
10,3,7,res9,cifar10,0.03,4,base.15,0.583611
10,3,7,res9,cifar10,0.03,5,base.16,0.509287
10,3,7,res9,cifar10,0.03,6,base.17,0.509287
10,3,7,res9,cifar10,0.03,7,base.18,0.509287
10,3,7,res9,cifar10,0.03,8,classifier,0.504066
10,3,8,res9,cifar10,0.03,0,base.2,0.982895
10,3,8,res9,cifar10,0.03,1,base.6,0.939438
10,3,8,res9,cifar10,0.03,2,base.7,0.879638
10,3,8,res9,cifar10,0.03,3,base.11,0.753700
10,3,8,res9,cifar10,0.03,4,base.15,0.595469
10,3,8,res9,cifar10,0.03,5,base.16,0.296418
10,3,8,res9,cifar10,0.03,6,base.17,0.296418
10,3,8,res9,cifar10,0.03,7,base.18,0.296418
10,3,8,res9,cifar10,0.03,8,classifier,0.148566
10,3,9,res9,cifar10,0.03,0,base.2,0.969126
10,3,9,res9,cifar10,0.03,1,base.6,0.924975
10,3,9,res9,cifar10,0.03,2,base.7,0.800398
10,3,9,res9,cifar10,0.03,3,base.11,0.653281
10,3,9,res9,cifar10,0.03,4,base.15,0.627902
10,3,9,res9,cifar10,0.03,5,base.16,0.328547
10,3,9,res9,cifar10,0.03,6,base.17,0.328547
10,3,9,res9,cifar10,0.03,7,base.18,0.328547
10,3,9,res9,cifar10,0.03,8,classifier,0.145691
10,4,5,res9,cifar10,0.03,0,base.2,0.989348
10,4,5,res9,cifar10,0.03,1,base.6,0.973882
10,4,5,res9,cifar10,0.03,2,base.7,0.964624
10,4,5,res9,cifar10,0.03,3,base.11,0.925955
10,4,5,res9,cifar10,0.03,4,base.15,0.738654
10,4,5,res9,cifar10,0.03,5,base.16,0.524733
10,4,5,res9,cifar10,0.03,6,base.17,0.524733
10,4,5,res9,cifar10,0.03,7,base.18,0.524733
10,4,5,res9,cifar10,0.03,8,classifier,0.448646
10,4,6,res9,cifar10,0.03,0,base.2,0.953164
10,4,6,res9,cifar10,0.03,1,base.6,0.866118
10,4,6,res9,cifar10,0.03,2,base.7,0.781886
10,4,6,res9,cifar10,0.03,3,base.11,0.608238
10,4,6,res9,cifar10,0.03,4,base.15,0.545170
10,4,6,res9,cifar10,0.03,5,base.16,0.380319
10,4,6,res9,cifar10,0.03,6,base.17,0.380319
10,4,6,res9,cifar10,0.03,7,base.18,0.380319
10,4,6,res9,cifar10,0.03,8,classifier,0.298865
10,4,7,res9,cifar10,0.03,0,base.2,0.968109
10,4,7,res9,cifar10,0.03,1,base.6,0.944850
10,4,7,res9,cifar10,0.03,2,base.7,0.895774
10,4,7,res9,cifar10,0.03,3,base.11,0.801633
10,4,7,res9,cifar10,0.03,4,base.15,0.576968
10,4,7,res9,cifar10,0.03,5,base.16,0.246095
10,4,7,res9,cifar10,0.03,6,base.17,0.246095
10,4,7,res9,cifar10,0.03,7,base.18,0.246095
10,4,7,res9,cifar10,0.03,8,classifier,0.134266
10,4,8,res9,cifar10,0.03,0,base.2,0.975915
10,4,8,res9,cifar10,0.03,1,base.6,0.954687
10,4,8,res9,cifar10,0.03,2,base.7,0.941711
10,4,8,res9,cifar10,0.03,3,base.11,0.824126
10,4,8,res9,cifar10,0.03,4,base.15,0.671294
10,4,8,res9,cifar10,0.03,5,base.16,0.337736
10,4,8,res9,cifar10,0.03,6,base.17,0.337736
10,4,8,res9,cifar10,0.03,7,base.18,0.337736
10,4,8,res9,cifar10,0.03,8,classifier,0.186059
10,4,9,res9,cifar10,0.03,0,base.2,0.939709
10,4,9,res9,cifar10,0.03,1,base.6,0.886069
10,4,9,res9,cifar10,0.03,2,base.7,0.870301
10,4,9,res9,cifar10,0.03,3,base.11,0.856583
10,4,9,res9,cifar10,0.03,4,base.15,0.766956
10,4,9,res9,cifar10,0.03,5,base.16,0.449185
10,4,9,res9,cifar10,0.03,6,base.17,0.449185
10,4,9,res9,cifar10,0.03,7,base.18,0.449185
10,4,9,res9,cifar10,0.03,8,classifier,0.334672
10,5,6,res9,cifar10,0.03,0,base.2,0.939676
10,5,6,res9,cifar10,0.03,1,base.6,0.802884
10,5,6,res9,cifar10,0.03,2,base.7,0.680089
10,5,6,res9,cifar10,0.03,3,base.11,0.570943
10,5,6,res9,cifar10,0.03,4,base.15,0.476077
10,5,6,res9,cifar10,0.03,5,base.16,0.318319
10,5,6,res9,cifar10,0.03,6,base.17,0.318319
10,5,6,res9,cifar10,0.03,7,base.18,0.318319
10,5,6,res9,cifar10,0.03,8,classifier,0.057884
10,5,7,res9,cifar10,0.03,0,base.2,0.979340
10,5,7,res9,cifar10,0.03,1,base.6,0.966393
10,5,7,res9,cifar10,0.03,2,base.7,0.924803
10,5,7,res9,cifar10,0.03,3,base.11,0.888573
10,5,7,res9,cifar10,0.03,4,base.15,0.859039
10,5,7,res9,cifar10,0.03,5,base.16,0.658197
10,5,7,res9,cifar10,0.03,6,base.17,0.658197
10,5,7,res9,cifar10,0.03,7,base.18,0.658197
10,5,7,res9,cifar10,0.03,8,classifier,0.382573
10,5,8,res9,cifar10,0.03,0,base.2,0.981237
10,5,8,res9,cifar10,0.03,1,base.6,0.956702
10,5,8,res9,cifar10,0.03,2,base.7,0.939736
10,5,8,res9,cifar10,0.03,3,base.11,0.888256
10,5,8,res9,cifar10,0.03,4,base.15,0.827188
10,5,8,res9,cifar10,0.03,5,base.16,0.812109
10,5,8,res9,cifar10,0.03,6,base.17,0.812109
10,5,8,res9,cifar10,0.03,7,base.18,0.812109
10,5,8,res9,cifar10,0.03,8,classifier,0.167662
10,5,9,res9,cifar10,0.03,0,base.2,0.955835
10,5,9,res9,cifar10,0.03,1,base.6,0.903583
10,5,9,res9,cifar10,0.03,2,base.7,0.895150
10,5,9,res9,cifar10,0.03,3,base.11,0.925522
10,5,9,res9,cifar10,0.03,4,base.15,0.880132
10,5,9,res9,cifar10,0.03,5,base.16,0.844980
10,5,9,res9,cifar10,0.03,6,base.17,0.844980
10,5,9,res9,cifar10,0.03,7,base.18,0.844980
10,5,9,res9,cifar10,0.03,8,classifier,0.433993
10,6,7,res9,cifar10,0.03,0,base.2,0.937156
10,6,7,res9,cifar10,0.03,1,base.6,0.777844
10,6,7,res9,cifar10,0.03,2,base.7,0.677128
10,6,7,res9,cifar10,0.03,3,base.11,0.538499
10,6,7,res9,cifar10,0.03,4,base.15,0.486262
10,6,7,res9,cifar10,0.03,5,base.16,0.274056
10,6,7,res9,cifar10,0.03,6,base.17,0.274056
10,6,7,res9,cifar10,0.03,7,base.18,0.274056
10,6,7,res9,cifar10,0.03,8,classifier,0.123536
10,6,8,res9,cifar10,0.03,0,base.2,0.976613
10,6,8,res9,cifar10,0.03,1,base.6,0.901046
10,6,8,res9,cifar10,0.03,2,base.7,0.798795
10,6,8,res9,cifar10,0.03,3,base.11,0.708740
10,6,8,res9,cifar10,0.03,4,base.15,0.631582
10,6,8,res9,cifar10,0.03,5,base.16,0.486597
10,6,8,res9,cifar10,0.03,6,base.17,0.486597
10,6,8,res9,cifar10,0.03,7,base.18,0.486597
10,6,8,res9,cifar10,0.03,8,classifier,0.488423
10,6,9,res9,cifar10,0.03,0,base.2,0.941445
10,6,9,res9,cifar10,0.03,1,base.6,0.852410
10,6,9,res9,cifar10,0.03,2,base.7,0.680265
10,6,9,res9,cifar10,0.03,3,base.11,0.570863
10,6,9,res9,cifar10,0.03,4,base.15,0.579834
10,6,9,res9,cifar10,0.03,5,base.16,0.386096
10,6,9,res9,cifar10,0.03,6,base.17,0.386096
10,6,9,res9,cifar10,0.03,7,base.18,0.386096
10,6,9,res9,cifar10,0.03,8,classifier,0.240487
10,7,8,res9,cifar10,0.03,0,base.2,0.972298
10,7,8,res9,cifar10,0.03,1,base.6,0.908689
10,7,8,res9,cifar10,0.03,2,base.7,0.860976
10,7,8,res9,cifar10,0.03,3,base.11,0.754062
10,7,8,res9,cifar10,0.03,4,base.15,0.812942
10,7,8,res9,cifar10,0.03,5,base.16,0.649065
10,7,8,res9,cifar10,0.03,6,base.17,0.649065
10,7,8,res9,cifar10,0.03,7,base.18,0.649065
10,7,8,res9,cifar10,0.03,8,classifier,0.402005
10,7,9,res9,cifar10,0.03,0,base.2,0.962282
10,7,9,res9,cifar10,0.03,1,base.6,0.845913
10,7,9,res9,cifar10,0.03,2,base.7,0.803690
10,7,9,res9,cifar10,0.03,3,base.11,0.765341
10,7,9,res9,cifar10,0.03,4,base.15,0.775346
10,7,9,res9,cifar10,0.03,5,base.16,0.563308
10,7,9,res9,cifar10,0.03,6,base.17,0.563308
10,7,9,res9,cifar10,0.03,7,base.18,0.563308
10,7,9,res9,cifar10,0.03,8,classifier,0.295331
10,8,9,res9,cifar10,0.03,0,base.2,0.980891
10,8,9,res9,cifar10,0.03,1,base.6,0.970956
10,8,9,res9,cifar10,0.03,2,base.7,0.959578
10,8,9,res9,cifar10,0.03,3,base.11,0.934371
10,8,9,res9,cifar10,0.03,4,base.15,0.899760
10,8,9,res9,cifar10,0.03,5,base.16,0.825683
10,8,9,res9,cifar10,0.03,6,base.17,0.825683
10,8,9,res9,cifar10,0.03,7,base.18,0.825683
10,8,9,res9,cifar10,0.03,8,classifier,0.627849
20,0,1,res9,cifar10,0.03,0,base.2,0.939175
20,0,1,res9,cifar10,0.03,1,base.6,0.952123
20,0,1,res9,cifar10,0.03,2,base.7,0.930889
20,0,1,res9,cifar10,0.03,3,base.11,0.936200
20,0,1,res9,cifar10,0.03,4,base.15,0.691297
20,0,1,res9,cifar10,0.03,5,base.16,0.363294
20,0,1,res9,cifar10,0.03,6,base.17,0.363294
20,0,1,res9,cifar10,0.03,7,base.18,0.363294
20,0,1,res9,cifar10,0.03,8,classifier,0.271967
20,0,2,res9,cifar10,0.03,0,base.2,0.966164
20,0,2,res9,cifar10,0.03,1,base.6,0.901042
20,0,2,res9,cifar10,0.03,2,base.7,0.908765
20,0,2,res9,cifar10,0.03,3,base.11,0.847359
20,0,2,res9,cifar10,0.03,4,base.15,0.713088
20,0,2,res9,cifar10,0.03,5,base.16,0.694369
20,0,2,res9,cifar10,0.03,6,base.17,0.694369
20,0,2,res9,cifar10,0.03,7,base.18,0.694369
20,0,2,res9,cifar10,0.03,8,classifier,0.654014
20,0,3,res9,cifar10,0.03,0,base.2,0.988767
20,0,3,res9,cifar10,0.03,1,base.6,0.967511
20,0,3,res9,cifar10,0.03,2,base.7,0.890192
20,0,3,res9,cifar10,0.03,3,base.11,0.852893
20,0,3,res9,cifar10,0.03,4,base.15,0.670291
20,0,3,res9,cifar10,0.03,5,base.16,0.545834
20,0,3,res9,cifar10,0.03,6,base.17,0.545834
20,0,3,res9,cifar10,0.03,7,base.18,0.545834
20,0,3,res9,cifar10,0.03,8,classifier,0.558300
20,0,4,res9,cifar10,0.03,0,base.2,0.935411
20,0,4,res9,cifar10,0.03,1,base.6,0.863592
20,0,4,res9,cifar10,0.03,2,base.7,0.905978
20,0,4,res9,cifar10,0.03,3,base.11,0.899172
20,0,4,res9,cifar10,0.03,4,base.15,0.668198
20,0,4,res9,cifar10,0.03,5,base.16,0.322596
20,0,4,res9,cifar10,0.03,6,base.17,0.322596
20,0,4,res9,cifar10,0.03,7,base.18,0.322596
20,0,4,res9,cifar10,0.03,8,classifier,0.054707
20,0,5,res9,cifar10,0.03,0,base.2,0.923528
20,0,5,res9,cifar10,0.03,1,base.6,0.845215
20,0,5,res9,cifar10,0.03,2,base.7,0.895745
20,0,5,res9,cifar10,0.03,3,base.11,0.917531
20,0,5,res9,cifar10,0.03,4,base.15,0.762025
20,0,5,res9,cifar10,0.03,5,base.16,0.530068
20,0,5,res9,cifar10,0.03,6,base.17,0.530068
20,0,5,res9,cifar10,0.03,7,base.18,0.530068
20,0,5,res9,cifar10,0.03,8,classifier,0.195126
20,0,6,res9,cifar10,0.03,0,base.2,0.959224
20,0,6,res9,cifar10,0.03,1,base.6,0.894073
20,0,6,res9,cifar10,0.03,2,base.7,0.869851
20,0,6,res9,cifar10,0.03,3,base.11,0.862510
20,0,6,res9,cifar10,0.03,4,base.15,0.720156
20,0,6,res9,cifar10,0.03,5,base.16,0.501526
20,0,6,res9,cifar10,0.03,6,base.17,0.501526
20,0,6,res9,cifar10,0.03,7,base.18,0.501526
20,0,6,res9,cifar10,0.03,8,classifier,0.079354
20,0,7,res9,cifar10,0.03,0,base.2,0.852064
20,0,7,res9,cifar10,0.03,1,base.6,0.697350
20,0,7,res9,cifar10,0.03,2,base.7,0.734848
20,0,7,res9,cifar10,0.03,3,base.11,0.823487
20,0,7,res9,cifar10,0.03,4,base.15,0.658663
20,0,7,res9,cifar10,0.03,5,base.16,0.401252
20,0,7,res9,cifar10,0.03,6,base.17,0.401252
20,0,7,res9,cifar10,0.03,7,base.18,0.401252
20,0,7,res9,cifar10,0.03,8,classifier,0.131274
20,0,8,res9,cifar10,0.03,0,base.2,0.940434
20,0,8,res9,cifar10,0.03,1,base.6,0.873303
20,0,8,res9,cifar10,0.03,2,base.7,0.924285
20,0,8,res9,cifar10,0.03,3,base.11,0.911574
20,0,8,res9,cifar10,0.03,4,base.15,0.763544
20,0,8,res9,cifar10,0.03,5,base.16,0.674639
20,0,8,res9,cifar10,0.03,6,base.17,0.674639
20,0,8,res9,cifar10,0.03,7,base.18,0.674639
20,0,8,res9,cifar10,0.03,8,classifier,0.301421
20,0,9,res9,cifar10,0.03,0,base.2,0.857981
20,0,9,res9,cifar10,0.03,1,base.6,0.809791
20,0,9,res9,cifar10,0.03,2,base.7,0.862399
20,0,9,res9,cifar10,0.03,3,base.11,0.889072
20,0,9,res9,cifar10,0.03,4,base.15,0.734557
20,0,9,res9,cifar10,0.03,5,base.16,0.560663
20,0,9,res9,cifar10,0.03,6,base.17,0.560663
20,0,9,res9,cifar10,0.03,7,base.18,0.560663
20,0,9,res9,cifar10,0.03,8,classifier,0.151692
20,1,2,res9,cifar10,0.03,0,base.2,0.953626
20,1,2,res9,cifar10,0.03,1,base.6,0.932068
20,1,2,res9,cifar10,0.03,2,base.7,0.899423
20,1,2,res9,cifar10,0.03,3,base.11,0.804696
20,1,2,res9,cifar10,0.03,4,base.15,0.439439
20,1,2,res9,cifar10,0.03,5,base.16,0.173892
20,1,2,res9,cifar10,0.03,6,base.17,0.173892
20,1,2,res9,cifar10,0.03,7,base.18,0.173892
20,1,2,res9,cifar10,0.03,8,classifier,0.082452
20,1,3,res9,cifar10,0.03,0,base.2,0.933229
20,1,3,res9,cifar10,0.03,1,base.6,0.939868
20,1,3,res9,cifar10,0.03,2,base.7,0.902356
20,1,3,res9,cifar10,0.03,3,base.11,0.868233
20,1,3,res9,cifar10,0.03,4,base.15,0.662809
20,1,3,res9,cifar10,0.03,5,base.16,0.454545
20,1,3,res9,cifar10,0.03,6,base.17,0.454545
20,1,3,res9,cifar10,0.03,7,base.18,0.454545
20,1,3,res9,cifar10,0.03,8,classifier,0.416710
20,1,4,res9,cifar10,0.03,0,base.2,0.939495
20,1,4,res9,cifar10,0.03,1,base.6,0.890768
20,1,4,res9,cifar10,0.03,2,base.7,0.847115
20,1,4,res9,cifar10,0.03,3,base.11,0.811040
20,1,4,res9,cifar10,0.03,4,base.15,0.476958
20,1,4,res9,cifar10,0.03,5,base.16,0.127855
20,1,4,res9,cifar10,0.03,6,base.17,0.127855
20,1,4,res9,cifar10,0.03,7,base.18,0.127855
20,1,4,res9,cifar10,0.03,8,classifier,0.041496
20,1,5,res9,cifar10,0.03,0,base.2,0.943727
20,1,5,res9,cifar10,0.03,1,base.6,0.888101
20,1,5,res9,cifar10,0.03,2,base.7,0.827154
20,1,5,res9,cifar10,0.03,3,base.11,0.842826
20,1,5,res9,cifar10,0.03,4,base.15,0.587019
20,1,5,res9,cifar10,0.03,5,base.16,0.196356
20,1,5,res9,cifar10,0.03,6,base.17,0.196356
20,1,5,res9,cifar10,0.03,7,base.18,0.196356
20,1,5,res9,cifar10,0.03,8,classifier,0.025375
20,1,6,res9,cifar10,0.03,0,base.2,0.901916
20,1,6,res9,cifar10,0.03,1,base.6,0.871282
20,1,6,res9,cifar10,0.03,2,base.7,0.866685
20,1,6,res9,cifar10,0.03,3,base.11,0.835479
20,1,6,res9,cifar10,0.03,4,base.15,0.530477
20,1,6,res9,cifar10,0.03,5,base.16,0.196901
20,1,6,res9,cifar10,0.03,6,base.17,0.196901
20,1,6,res9,cifar10,0.03,7,base.18,0.196901
20,1,6,res9,cifar10,0.03,8,classifier,0.029198
20,1,7,res9,cifar10,0.03,0,base.2,0.938634
20,1,7,res9,cifar10,0.03,1,base.6,0.805371
20,1,7,res9,cifar10,0.03,2,base.7,0.740987
20,1,7,res9,cifar10,0.03,3,base.11,0.769749
20,1,7,res9,cifar10,0.03,4,base.15,0.571039
20,1,7,res9,cifar10,0.03,5,base.16,0.386456
20,1,7,res9,cifar10,0.03,6,base.17,0.386456
20,1,7,res9,cifar10,0.03,7,base.18,0.386456
20,1,7,res9,cifar10,0.03,8,classifier,0.248544
20,1,8,res9,cifar10,0.03,0,base.2,0.958709
20,1,8,res9,cifar10,0.03,1,base.6,0.923580
20,1,8,res9,cifar10,0.03,2,base.7,0.915380
20,1,8,res9,cifar10,0.03,3,base.11,0.868826
20,1,8,res9,cifar10,0.03,4,base.15,0.523804
20,1,8,res9,cifar10,0.03,5,base.16,0.206152
20,1,8,res9,cifar10,0.03,6,base.17,0.206152
20,1,8,res9,cifar10,0.03,7,base.18,0.206152
20,1,8,res9,cifar10,0.03,8,classifier,0.133553
20,1,9,res9,cifar10,0.03,0,base.2,0.944458
20,1,9,res9,cifar10,0.03,1,base.6,0.859164
20,1,9,res9,cifar10,0.03,2,base.7,0.813261
20,1,9,res9,cifar10,0.03,3,base.11,0.797769
20,1,9,res9,cifar10,0.03,4,base.15,0.579309
20,1,9,res9,cifar10,0.03,5,base.16,0.333735
20,1,9,res9,cifar10,0.03,6,base.17,0.333735
20,1,9,res9,cifar10,0.03,7,base.18,0.333735
20,1,9,res9,cifar10,0.03,8,classifier,0.313075
20,2,3,res9,cifar10,0.03,0,base.2,0.968062
20,2,3,res9,cifar10,0.03,1,base.6,0.924024
20,2,3,res9,cifar10,0.03,2,base.7,0.885670
20,2,3,res9,cifar10,0.03,3,base.11,0.782409
20,2,3,res9,cifar10,0.03,4,base.15,0.438475
20,2,3,res9,cifar10,0.03,5,base.16,0.302516
20,2,3,res9,cifar10,0.03,6,base.17,0.302516
20,2,3,res9,cifar10,0.03,7,base.18,0.302516
20,2,3,res9,cifar10,0.03,8,classifier,0.282229
20,2,4,res9,cifar10,0.03,0,base.2,0.979221
20,2,4,res9,cifar10,0.03,1,base.6,0.960447
20,2,4,res9,cifar10,0.03,2,base.7,0.951019
20,2,4,res9,cifar10,0.03,3,base.11,0.907779
20,2,4,res9,cifar10,0.03,4,base.15,0.771459
20,2,4,res9,cifar10,0.03,5,base.16,0.580465
20,2,4,res9,cifar10,0.03,6,base.17,0.580465
20,2,4,res9,cifar10,0.03,7,base.18,0.580465
20,2,4,res9,cifar10,0.03,8,classifier,0.390398
20,2,5,res9,cifar10,0.03,0,base.2,0.971003
20,2,5,res9,cifar10,0.03,1,base.6,0.946797
20,2,5,res9,cifar10,0.03,2,base.7,0.911038
20,2,5,res9,cifar10,0.03,3,base.11,0.845937
20,2,5,res9,cifar10,0.03,4,base.15,0.768407
20,2,5,res9,cifar10,0.03,5,base.16,0.688442
20,2,5,res9,cifar10,0.03,6,base.17,0.688442
20,2,5,res9,cifar10,0.03,7,base.18,0.688442
20,2,5,res9,cifar10,0.03,8,classifier,0.531407
20,2,6,res9,cifar10,0.03,0,base.2,0.970924
20,2,6,res9,cifar10,0.03,1,base.6,0.936349
20,2,6,res9,cifar10,0.03,2,base.7,0.908967
20,2,6,res9,cifar10,0.03,3,base.11,0.879086
20,2,6,res9,cifar10,0.03,4,base.15,0.684307
20,2,6,res9,cifar10,0.03,5,base.16,0.441728
20,2,6,res9,cifar10,0.03,6,base.17,0.441728
20,2,6,res9,cifar10,0.03,7,base.18,0.441728
20,2,6,res9,cifar10,0.03,8,classifier,0.110624
20,2,7,res9,cifar10,0.03,0,base.2,0.923181
20,2,7,res9,cifar10,0.03,1,base.6,0.893240
20,2,7,res9,cifar10,0.03,2,base.7,0.862941
20,2,7,res9,cifar10,0.03,3,base.11,0.845737
20,2,7,res9,cifar10,0.03,4,base.15,0.624157
20,2,7,res9,cifar10,0.03,5,base.16,0.352180
20,2,7,res9,cifar10,0.03,6,base.17,0.352180
20,2,7,res9,cifar10,0.03,7,base.18,0.352180
20,2,7,res9,cifar10,0.03,8,classifier,0.082050
20,2,8,res9,cifar10,0.03,0,base.2,0.988421
20,2,8,res9,cifar10,0.03,1,base.6,0.986828
20,2,8,res9,cifar10,0.03,2,base.7,0.979441
20,2,8,res9,cifar10,0.03,3,base.11,0.964523
20,2,8,res9,cifar10,0.03,4,base.15,0.910700
20,2,8,res9,cifar10,0.03,5,base.16,0.875222
20,2,8,res9,cifar10,0.03,6,base.17,0.875222
20,2,8,res9,cifar10,0.03,7,base.18,0.875222
20,2,8,res9,cifar10,0.03,8,classifier,0.222325
20,2,9,res9,cifar10,0.03,0,base.2,0.925765
20,2,9,res9,cifar10,0.03,1,base.6,0.946150
20,2,9,res9,cifar10,0.03,2,base.7,0.926865
20,2,9,res9,cifar10,0.03,3,base.11,0.860406
20,2,9,res9,cifar10,0.03,4,base.15,0.661839
20,2,9,res9,cifar10,0.03,5,base.16,0.510890
20,2,9,res9,cifar10,0.03,6,base.17,0.510890
20,2,9,res9,cifar10,0.03,7,base.18,0.510890
20,2,9,res9,cifar10,0.03,8,classifier,0.166259
20,3,4,res9,cifar10,0.03,0,base.2,0.939969
20,3,4,res9,cifar10,0.03,1,base.6,0.873242
20,3,4,res9,cifar10,0.03,2,base.7,0.833185
20,3,4,res9,cifar10,0.03,3,base.11,0.768728
20,3,4,res9,cifar10,0.03,4,base.15,0.344378
20,3,4,res9,cifar10,0.03,5,base.16,0.086733
20,3,4,res9,cifar10,0.03,6,base.17,0.086733
20,3,4,res9,cifar10,0.03,7,base.18,0.086733
20,3,4,res9,cifar10,0.03,8,classifier,0.020199
20,3,5,res9,cifar10,0.03,0,base.2,0.927214
20,3,5,res9,cifar10,0.03,1,base.6,0.840624
20,3,5,res9,cifar10,0.03,2,base.7,0.752020
20,3,5,res9,cifar10,0.03,3,base.11,0.712773
20,3,5,res9,cifar10,0.03,4,base.15,0.363658
20,3,5,res9,cifar10,0.03,5,base.16,0.123561
20,3,5,res9,cifar10,0.03,6,base.17,0.123561
20,3,5,res9,cifar10,0.03,7,base.18,0.123561
20,3,5,res9,cifar10,0.03,8,classifier,0.010599
20,3,6,res9,cifar10,0.03,0,base.2,0.955456
20,3,6,res9,cifar10,0.03,1,base.6,0.933747
20,3,6,res9,cifar10,0.03,2,base.7,0.946855
20,3,6,res9,cifar10,0.03,3,base.11,0.920376
20,3,6,res9,cifar10,0.03,4,base.15,0.550867
20,3,6,res9,cifar10,0.03,5,base.16,0.213520
20,3,6,res9,cifar10,0.03,6,base.17,0.213520
20,3,6,res9,cifar10,0.03,7,base.18,0.213520
20,3,6,res9,cifar10,0.03,8,classifier,0.093027
20,3,7,res9,cifar10,0.03,0,base.2,0.843403
20,3,7,res9,cifar10,0.03,1,base.6,0.710234
20,3,7,res9,cifar10,0.03,2,base.7,0.664168
20,3,7,res9,cifar10,0.03,3,base.11,0.666192
20,3,7,res9,cifar10,0.03,4,base.15,0.383733
20,3,7,res9,cifar10,0.03,5,base.16,0.372526
20,3,7,res9,cifar10,0.03,6,base.17,0.372526
20,3,7,res9,cifar10,0.03,7,base.18,0.372526
20,3,7,res9,cifar10,0.03,8,classifier,0.340788
20,3,8,res9,cifar10,0.03,0,base.2,0.946057
20,3,8,res9,cifar10,0.03,1,base.6,0.886828
20,3,8,res9,cifar10,0.03,2,base.7,0.863079
20,3,8,res9,cifar10,0.03,3,base.11,0.806024
20,3,8,res9,cifar10,0.03,4,base.15,0.432366
20,3,8,res9,cifar10,0.03,5,base.16,0.246989
20,3,8,res9,cifar10,0.03,6,base.17,0.246989
20,3,8,res9,cifar10,0.03,7,base.18,0.246989
20,3,8,res9,cifar10,0.03,8,classifier,0.123953
20,3,9,res9,cifar10,0.03,0,base.2,0.858082
20,3,9,res9,cifar10,0.03,1,base.6,0.813044
20,3,9,res9,cifar10,0.03,2,base.7,0.740467
20,3,9,res9,cifar10,0.03,3,base.11,0.698373
20,3,9,res9,cifar10,0.03,4,base.15,0.371614
20,3,9,res9,cifar10,0.03,5,base.16,0.208483
20,3,9,res9,cifar10,0.03,6,base.17,0.208483
20,3,9,res9,cifar10,0.03,7,base.18,0.208483
20,3,9,res9,cifar10,0.03,8,classifier,0.184794
20,4,5,res9,cifar10,0.03,0,base.2,0.983758
20,4,5,res9,cifar10,0.03,1,base.6,0.972595
20,4,5,res9,cifar10,0.03,2,base.7,0.955488
20,4,5,res9,cifar10,0.03,3,base.11,0.933300
20,4,5,res9,cifar10,0.03,4,base.15,0.795335
20,4,5,res9,cifar10,0.03,5,base.16,0.576395
20,4,5,res9,cifar10,0.03,6,base.17,0.576395
20,4,5,res9,cifar10,0.03,7,base.18,0.576395
20,4,5,res9,cifar10,0.03,8,classifier,0.380730
20,4,6,res9,cifar10,0.03,0,base.2,0.967105
20,4,6,res9,cifar10,0.03,1,base.6,0.906209
20,4,6,res9,cifar10,0.03,2,base.7,0.864665
20,4,6,res9,cifar10,0.03,3,base.11,0.856982
20,4,6,res9,cifar10,0.03,4,base.15,0.725070
20,4,6,res9,cifar10,0.03,5,base.16,0.390592
20,4,6,res9,cifar10,0.03,6,base.17,0.390592
20,4,6,res9,cifar10,0.03,7,base.18,0.390592
20,4,6,res9,cifar10,0.03,8,classifier,0.156861
20,4,7,res9,cifar10,0.03,0,base.2,0.937525
20,4,7,res9,cifar10,0.03,1,base.6,0.918069
20,4,7,res9,cifar10,0.03,2,base.7,0.890215
20,4,7,res9,cifar10,0.03,3,base.11,0.892828
20,4,7,res9,cifar10,0.03,4,base.15,0.725589
20,4,7,res9,cifar10,0.03,5,base.16,0.467916
20,4,7,res9,cifar10,0.03,6,base.17,0.467916
20,4,7,res9,cifar10,0.03,7,base.18,0.467916
20,4,7,res9,cifar10,0.03,8,classifier,0.323144
20,4,8,res9,cifar10,0.03,0,base.2,0.987744
20,4,8,res9,cifar10,0.03,1,base.6,0.974889
20,4,8,res9,cifar10,0.03,2,base.7,0.958764
20,4,8,res9,cifar10,0.03,3,base.11,0.916735
20,4,8,res9,cifar10,0.03,4,base.15,0.741269
20,4,8,res9,cifar10,0.03,5,base.16,0.529625
20,4,8,res9,cifar10,0.03,6,base.17,0.529625
20,4,8,res9,cifar10,0.03,7,base.18,0.529625
20,4,8,res9,cifar10,0.03,8,classifier,0.156158
20,4,9,res9,cifar10,0.03,0,base.2,0.957937
20,4,9,res9,cifar10,0.03,1,base.6,0.977873
20,4,9,res9,cifar10,0.03,2,base.7,0.960521
20,4,9,res9,cifar10,0.03,3,base.11,0.948995
20,4,9,res9,cifar10,0.03,4,base.15,0.796567
20,4,9,res9,cifar10,0.03,5,base.16,0.548667
20,4,9,res9,cifar10,0.03,6,base.17,0.548667
20,4,9,res9,cifar10,0.03,7,base.18,0.548667
20,4,9,res9,cifar10,0.03,8,classifier,0.365477
20,5,6,res9,cifar10,0.03,0,base.2,0.931247
20,5,6,res9,cifar10,0.03,1,base.6,0.834874
20,5,6,res9,cifar10,0.03,2,base.7,0.766305
20,5,6,res9,cifar10,0.03,3,base.11,0.769534
20,5,6,res9,cifar10,0.03,4,base.15,0.651384
20,5,6,res9,cifar10,0.03,5,base.16,0.469325
20,5,6,res9,cifar10,0.03,6,base.17,0.469325
20,5,6,res9,cifar10,0.03,7,base.18,0.469325
20,5,6,res9,cifar10,0.03,8,classifier,0.126457
20,5,7,res9,cifar10,0.03,0,base.2,0.947133
20,5,7,res9,cifar10,0.03,1,base.6,0.930090
20,5,7,res9,cifar10,0.03,2,base.7,0.897986
20,5,7,res9,cifar10,0.03,3,base.11,0.921162
20,5,7,res9,cifar10,0.03,4,base.15,0.909326
20,5,7,res9,cifar10,0.03,5,base.16,0.688799
20,5,7,res9,cifar10,0.03,6,base.17,0.688799
20,5,7,res9,cifar10,0.03,7,base.18,0.688799
20,5,7,res9,cifar10,0.03,8,classifier,0.410398
20,5,8,res9,cifar10,0.03,0,base.2,0.984658
20,5,8,res9,cifar10,0.03,1,base.6,0.966922
20,5,8,res9,cifar10,0.03,2,base.7,0.936928
20,5,8,res9,cifar10,0.03,3,base.11,0.900385
20,5,8,res9,cifar10,0.03,4,base.15,0.875942
20,5,8,res9,cifar10,0.03,5,base.16,0.818156
20,5,8,res9,cifar10,0.03,6,base.17,0.818156
20,5,8,res9,cifar10,0.03,7,base.18,0.818156
20,5,8,res9,cifar10,0.03,8,classifier,0.166058
20,5,9,res9,cifar10,0.03,0,base.2,0.953268
20,5,9,res9,cifar10,0.03,1,base.6,0.970499
20,5,9,res9,cifar10,0.03,2,base.7,0.961181
20,5,9,res9,cifar10,0.03,3,base.11,0.960375
20,5,9,res9,cifar10,0.03,4,base.15,0.897805
20,5,9,res9,cifar10,0.03,5,base.16,0.730236
20,5,9,res9,cifar10,0.03,6,base.17,0.730236
20,5,9,res9,cifar10,0.03,7,base.18,0.730236
20,5,9,res9,cifar10,0.03,8,classifier,0.296625
20,6,7,res9,cifar10,0.03,0,base.2,0.887634
20,6,7,res9,cifar10,0.03,1,base.6,0.775141
20,6,7,res9,cifar10,0.03,2,base.7,0.737098
20,6,7,res9,cifar10,0.03,3,base.11,0.773089
20,6,7,res9,cifar10,0.03,4,base.15,0.619409
20,6,7,res9,cifar10,0.03,5,base.16,0.424540
20,6,7,res9,cifar10,0.03,6,base.17,0.424540
20,6,7,res9,cifar10,0.03,7,base.18,0.424540
20,6,7,res9,cifar10,0.03,8,classifier,0.150756
20,6,8,res9,cifar10,0.03,0,base.2,0.957904
20,6,8,res9,cifar10,0.03,1,base.6,0.910063
20,6,8,res9,cifar10,0.03,2,base.7,0.890527
20,6,8,res9,cifar10,0.03,3,base.11,0.890406
20,6,8,res9,cifar10,0.03,4,base.15,0.712969
20,6,8,res9,cifar10,0.03,5,base.16,0.544048
20,6,8,res9,cifar10,0.03,6,base.17,0.544048
20,6,8,res9,cifar10,0.03,7,base.18,0.544048
20,6,8,res9,cifar10,0.03,8,classifier,0.279359
20,6,9,res9,cifar10,0.03,0,base.2,0.892883
20,6,9,res9,cifar10,0.03,1,base.6,0.857362
20,6,9,res9,cifar10,0.03,2,base.7,0.793135
20,6,9,res9,cifar10,0.03,3,base.11,0.794411
20,6,9,res9,cifar10,0.03,4,base.15,0.666933
20,6,9,res9,cifar10,0.03,5,base.16,0.518856
20,6,9,res9,cifar10,0.03,6,base.17,0.518856
20,6,9,res9,cifar10,0.03,7,base.18,0.518856
20,6,9,res9,cifar10,0.03,8,classifier,0.165157
20,7,8,res9,cifar10,0.03,0,base.2,0.950221
20,7,8,res9,cifar10,0.03,1,base.6,0.923787
20,7,8,res9,cifar10,0.03,2,base.7,0.895380
20,7,8,res9,cifar10,0.03,3,base.11,0.909018
20,7,8,res9,cifar10,0.03,4,base.15,0.808301
20,7,8,res9,cifar10,0.03,5,base.16,0.562960
20,7,8,res9,cifar10,0.03,6,base.17,0.562960
20,7,8,res9,cifar10,0.03,7,base.18,0.562960
20,7,8,res9,cifar10,0.03,8,classifier,0.356184
20,7,9,res9,cifar10,0.03,0,base.2,0.983344
20,7,9,res9,cifar10,0.03,1,base.6,0.943208
20,7,9,res9,cifar10,0.03,2,base.7,0.940077
20,7,9,res9,cifar10,0.03,3,base.11,0.945785
20,7,9,res9,cifar10,0.03,4,base.15,0.908092
20,7,9,res9,cifar10,0.03,5,base.16,0.750010
20,7,9,res9,cifar10,0.03,6,base.17,0.750010
20,7,9,res9,cifar10,0.03,7,base.18,0.750010
20,7,9,res9,cifar10,0.03,8,classifier,0.564348
20,8,9,res9,cifar10,0.03,0,base.2,0.954368
20,8,9,res9,cifar10,0.03,1,base.6,0.973854
20,8,9,res9,cifar10,0.03,2,base.7,0.952214
20,8,9,res9,cifar10,0.03,3,base.11,0.906936
20,8,9,res9,cifar10,0.03,4,base.15,0.801159
20,8,9,res9,cifar10,0.03,5,base.16,0.701145
20,8,9,res9,cifar10,0.03,6,base.17,0.701145
20,8,9,res9,cifar10,0.03,7,base.18,0.701145
20,8,9,res9,cifar10,0.03,8,classifier,0.553430
30,0,1,res9,cifar10,0.03,0,base.2,0.984159
30,0,1,res9,cifar10,0.03,1,base.6,0.976228
30,0,1,res9,cifar10,0.03,2,base.7,0.946700
30,0,1,res9,cifar10,0.03,3,base.11,0.929968
30,0,1,res9,cifar10,0.03,4,base.15,0.631538
30,0,1,res9,cifar10,0.03,5,base.16,0.565208
30,0,1,res9,cifar10,0.03,6,base.17,0.565208
30,0,1,res9,cifar10,0.03,7,base.18,0.565208
30,0,1,res9,cifar10,0.03,8,classifier,0.170227
30,0,2,res9,cifar10,0.03,0,base.2,0.985004
30,0,2,res9,cifar10,0.03,1,base.6,0.948713
30,0,2,res9,cifar10,0.03,2,base.7,0.953851
30,0,2,res9,cifar10,0.03,3,base.11,0.952027
30,0,2,res9,cifar10,0.03,4,base.15,0.858488
30,0,2,res9,cifar10,0.03,5,base.16,0.676762
30,0,2,res9,cifar10,0.03,6,base.17,0.676762
30,0,2,res9,cifar10,0.03,7,base.18,0.676762
30,0,2,res9,cifar10,0.03,8,classifier,0.588901
30,0,3,res9,cifar10,0.03,0,base.2,0.979642
30,0,3,res9,cifar10,0.03,1,base.6,0.944560
30,0,3,res9,cifar10,0.03,2,base.7,0.869722
30,0,3,res9,cifar10,0.03,3,base.11,0.840311
30,0,3,res9,cifar10,0.03,4,base.15,0.415776
30,0,3,res9,cifar10,0.03,5,base.16,0.249841
30,0,3,res9,cifar10,0.03,6,base.17,0.249841
30,0,3,res9,cifar10,0.03,7,base.18,0.249841
30,0,3,res9,cifar10,0.03,8,classifier,0.289665
30,0,4,res9,cifar10,0.03,0,base.2,0.947375
30,0,4,res9,cifar10,0.03,1,base.6,0.890207
30,0,4,res9,cifar10,0.03,2,base.7,0.928994
30,0,4,res9,cifar10,0.03,3,base.11,0.941632
30,0,4,res9,cifar10,0.03,4,base.15,0.524955
30,0,4,res9,cifar10,0.03,5,base.16,0.330702
30,0,4,res9,cifar10,0.03,6,base.17,0.330702
30,0,4,res9,cifar10,0.03,7,base.18,0.330702
30,0,4,res9,cifar10,0.03,8,classifier,0.067048
30,0,5,res9,cifar10,0.03,0,base.2,0.945749
30,0,5,res9,cifar10,0.03,1,base.6,0.900738
30,0,5,res9,cifar10,0.03,2,base.7,0.926287
30,0,5,res9,cifar10,0.03,3,base.11,0.926825
30,0,5,res9,cifar10,0.03,4,base.15,0.729129
30,0,5,res9,cifar10,0.03,5,base.16,0.759032
30,0,5,res9,cifar10,0.03,6,base.17,0.759032
30,0,5,res9,cifar10,0.03,7,base.18,0.759032
30,0,5,res9,cifar10,0.03,8,classifier,0.288568
30,0,6,res9,cifar10,0.03,0,base.2,0.959455
30,0,6,res9,cifar10,0.03,1,base.6,0.902918
30,0,6,res9,cifar10,0.03,2,base.7,0.878923
30,0,6,res9,cifar10,0.03,3,base.11,0.829472
30,0,6,res9,cifar10,0.03,4,base.15,0.255579
30,0,6,res9,cifar10,0.03,5,base.16,0.156693
30,0,6,res9,cifar10,0.03,6,base.17,0.156693
30,0,6,res9,cifar10,0.03,7,base.18,0.156693
30,0,6,res9,cifar10,0.03,8,classifier,0.038155
30,0,7,res9,cifar10,0.03,0,base.2,0.922157
30,0,7,res9,cifar10,0.03,1,base.6,0.817298
30,0,7,res9,cifar10,0.03,2,base.7,0.834990
30,0,7,res9,cifar10,0.03,3,base.11,0.899464
30,0,7,res9,cifar10,0.03,4,base.15,0.593354
30,0,7,res9,cifar10,0.03,5,base.16,0.532707
30,0,7,res9,cifar10,0.03,6,base.17,0.532707
30,0,7,res9,cifar10,0.03,7,base.18,0.532707
30,0,7,res9,cifar10,0.03,8,classifier,0.100862
30,0,8,res9,cifar10,0.03,0,base.2,0.970628
30,0,8,res9,cifar10,0.03,1,base.6,0.930983
30,0,8,res9,cifar10,0.03,2,base.7,0.945960
30,0,8,res9,cifar10,0.03,3,base.11,0.942620
30,0,8,res9,cifar10,0.03,4,base.15,0.819639
30,0,8,res9,cifar10,0.03,5,base.16,0.699701
30,0,8,res9,cifar10,0.03,6,base.17,0.699701
30,0,8,res9,cifar10,0.03,7,base.18,0.699701
30,0,8,res9,cifar10,0.03,8,classifier,0.287880
30,0,9,res9,cifar10,0.03,0,base.2,0.949937
30,0,9,res9,cifar10,0.03,1,base.6,0.924082
30,0,9,res9,cifar10,0.03,2,base.7,0.930488
30,0,9,res9,cifar10,0.03,3,base.11,0.918653
30,0,9,res9,cifar10,0.03,4,base.15,0.660912
30,0,9,res9,cifar10,0.03,5,base.16,0.677257
30,0,9,res9,cifar10,0.03,6,base.17,0.677257
30,0,9,res9,cifar10,0.03,7,base.18,0.677257
30,0,9,res9,cifar10,0.03,8,classifier,0.215115
30,1,2,res9,cifar10,0.03,0,base.2,0.969500
30,1,2,res9,cifar10,0.03,1,base.6,0.941716
30,1,2,res9,cifar10,0.03,2,base.7,0.927337
30,1,2,res9,cifar10,0.03,3,base.11,0.906390
30,1,2,res9,cifar10,0.03,4,base.15,0.425674
30,1,2,res9,cifar10,0.03,5,base.16,0.197989
30,1,2,res9,cifar10,0.03,6,base.17,0.197989
30,1,2,res9,cifar10,0.03,7,base.18,0.197989
30,1,2,res9,cifar10,0.03,8,classifier,0.007024
30,1,3,res9,cifar10,0.03,0,base.2,0.962179
30,1,3,res9,cifar10,0.03,1,base.6,0.945586
30,1,3,res9,cifar10,0.03,2,base.7,0.922729
30,1,3,res9,cifar10,0.03,3,base.11,0.919211
30,1,3,res9,cifar10,0.03,4,base.15,0.660320
30,1,3,res9,cifar10,0.03,5,base.16,0.582784
30,1,3,res9,cifar10,0.03,6,base.17,0.582784
30,1,3,res9,cifar10,0.03,7,base.18,0.582784
30,1,3,res9,cifar10,0.03,8,classifier,0.620266
30,1,4,res9,cifar10,0.03,0,base.2,0.924510
30,1,4,res9,cifar10,0.03,1,base.6,0.873853
30,1,4,res9,cifar10,0.03,2,base.7,0.896863
30,1,4,res9,cifar10,0.03,3,base.11,0.932396
30,1,4,res9,cifar10,0.03,4,base.15,0.544886
30,1,4,res9,cifar10,0.03,5,base.16,0.248057
30,1,4,res9,cifar10,0.03,6,base.17,0.248057
30,1,4,res9,cifar10,0.03,7,base.18,0.248057
30,1,4,res9,cifar10,0.03,8,classifier,0.140600
30,1,5,res9,cifar10,0.03,0,base.2,0.939255
30,1,5,res9,cifar10,0.03,1,base.6,0.920063
30,1,5,res9,cifar10,0.03,2,base.7,0.938935
30,1,5,res9,cifar10,0.03,3,base.11,0.959683
30,1,5,res9,cifar10,0.03,4,base.15,0.784312
30,1,5,res9,cifar10,0.03,5,base.16,0.518731
30,1,5,res9,cifar10,0.03,6,base.17,0.518731
30,1,5,res9,cifar10,0.03,7,base.18,0.518731
30,1,5,res9,cifar10,0.03,8,classifier,0.065566
30,1,6,res9,cifar10,0.03,0,base.2,0.935234
30,1,6,res9,cifar10,0.03,1,base.6,0.868811
30,1,6,res9,cifar10,0.03,2,base.7,0.863844
30,1,6,res9,cifar10,0.03,3,base.11,0.841917
30,1,6,res9,cifar10,0.03,4,base.15,0.340954
30,1,6,res9,cifar10,0.03,5,base.16,0.219525
30,1,6,res9,cifar10,0.03,6,base.17,0.219525
30,1,6,res9,cifar10,0.03,7,base.18,0.219525
30,1,6,res9,cifar10,0.03,8,classifier,0.125356
30,1,7,res9,cifar10,0.03,0,base.2,0.925082
30,1,7,res9,cifar10,0.03,1,base.6,0.831585
30,1,7,res9,cifar10,0.03,2,base.7,0.805788
30,1,7,res9,cifar10,0.03,3,base.11,0.866031
30,1,7,res9,cifar10,0.03,4,base.15,0.661289
30,1,7,res9,cifar10,0.03,5,base.16,0.592786
30,1,7,res9,cifar10,0.03,6,base.17,0.592786
30,1,7,res9,cifar10,0.03,7,base.18,0.592786
30,1,7,res9,cifar10,0.03,8,classifier,0.338961
30,1,8,res9,cifar10,0.03,0,base.2,0.953506
30,1,8,res9,cifar10,0.03,1,base.6,0.925555
30,1,8,res9,cifar10,0.03,2,base.7,0.952963
30,1,8,res9,cifar10,0.03,3,base.11,0.947671
30,1,8,res9,cifar10,0.03,4,base.15,0.578093
30,1,8,res9,cifar10,0.03,5,base.16,0.322092
30,1,8,res9,cifar10,0.03,6,base.17,0.322092
30,1,8,res9,cifar10,0.03,7,base.18,0.322092
30,1,8,res9,cifar10,0.03,8,classifier,0.177917
30,1,9,res9,cifar10,0.03,0,base.2,0.948865
30,1,9,res9,cifar10,0.03,1,base.6,0.916533
30,1,9,res9,cifar10,0.03,2,base.7,0.949886
30,1,9,res9,cifar10,0.03,3,base.11,0.957964
30,1,9,res9,cifar10,0.03,4,base.15,0.784144
30,1,9,res9,cifar10,0.03,5,base.16,0.590755
30,1,9,res9,cifar10,0.03,6,base.17,0.590755
30,1,9,res9,cifar10,0.03,7,base.18,0.590755
30,1,9,res9,cifar10,0.03,8,classifier,0.365405
30,2,3,res9,cifar10,0.03,0,base.2,0.980728
30,2,3,res9,cifar10,0.03,1,base.6,0.908647
30,2,3,res9,cifar10,0.03,2,base.7,0.906897
30,2,3,res9,cifar10,0.03,3,base.11,0.883268
30,2,3,res9,cifar10,0.03,4,base.15,0.267318
30,2,3,res9,cifar10,0.03,5,base.16,0.105276
30,2,3,res9,cifar10,0.03,6,base.17,0.105276
30,2,3,res9,cifar10,0.03,7,base.18,0.105276
30,2,3,res9,cifar10,0.03,8,classifier,0.058971
30,2,4,res9,cifar10,0.03,0,base.2,0.975618
30,2,4,res9,cifar10,0.03,1,base.6,0.950876
30,2,4,res9,cifar10,0.03,2,base.7,0.937544
30,2,4,res9,cifar10,0.03,3,base.11,0.942479
30,2,4,res9,cifar10,0.03,4,base.15,0.644541
30,2,4,res9,cifar10,0.03,5,base.16,0.489763
30,2,4,res9,cifar10,0.03,6,base.17,0.489763
30,2,4,res9,cifar10,0.03,7,base.18,0.489763
30,2,4,res9,cifar10,0.03,8,classifier,0.408515
30,2,5,res9,cifar10,0.03,0,base.2,0.972531
30,2,5,res9,cifar10,0.03,1,base.6,0.940331
30,2,5,res9,cifar10,0.03,2,base.7,0.905828
30,2,5,res9,cifar10,0.03,3,base.11,0.897019
30,2,5,res9,cifar10,0.03,4,base.15,0.649769
30,2,5,res9,cifar10,0.03,5,base.16,0.582668
30,2,5,res9,cifar10,0.03,6,base.17,0.582668
30,2,5,res9,cifar10,0.03,7,base.18,0.582668
30,2,5,res9,cifar10,0.03,8,classifier,0.530796
30,2,6,res9,cifar10,0.03,0,base.2,0.974231
30,2,6,res9,cifar10,0.03,1,base.6,0.935654
30,2,6,res9,cifar10,0.03,2,base.7,0.928340
30,2,6,res9,cifar10,0.03,3,base.11,0.871538
30,2,6,res9,cifar10,0.03,4,base.15,0.274863
30,2,6,res9,cifar10,0.03,5,base.16,0.098143
30,2,6,res9,cifar10,0.03,6,base.17,0.098143
30,2,6,res9,cifar10,0.03,7,base.18,0.098143
30,2,6,res9,cifar10,0.03,8,classifier,0.035258
30,2,7,res9,cifar10,0.03,0,base.2,0.942196
30,2,7,res9,cifar10,0.03,1,base.6,0.917405
30,2,7,res9,cifar10,0.03,2,base.7,0.877993
30,2,7,res9,cifar10,0.03,3,base.11,0.882943
30,2,7,res9,cifar10,0.03,4,base.15,0.538206
30,2,7,res9,cifar10,0.03,5,base.16,0.329046
30,2,7,res9,cifar10,0.03,6,base.17,0.329046
30,2,7,res9,cifar10,0.03,7,base.18,0.329046
30,2,7,res9,cifar10,0.03,8,classifier,0.056762
30,2,8,res9,cifar10,0.03,0,base.2,0.990628
30,2,8,res9,cifar10,0.03,1,base.6,0.988577
30,2,8,res9,cifar10,0.03,2,base.7,0.970082
30,2,8,res9,cifar10,0.03,3,base.11,0.963600
30,2,8,res9,cifar10,0.03,4,base.15,0.823217
30,2,8,res9,cifar10,0.03,5,base.16,0.772737
30,2,8,res9,cifar10,0.03,6,base.17,0.772737
30,2,8,res9,cifar10,0.03,7,base.18,0.772737
30,2,8,res9,cifar10,0.03,8,classifier,0.174733
30,2,9,res9,cifar10,0.03,0,base.2,0.948495
30,2,9,res9,cifar10,0.03,1,base.6,0.960941
30,2,9,res9,cifar10,0.03,2,base.7,0.913101
30,2,9,res9,cifar10,0.03,3,base.11,0.905671
30,2,9,res9,cifar10,0.03,4,base.15,0.533767
30,2,9,res9,cifar10,0.03,5,base.16,0.365777
30,2,9,res9,cifar10,0.03,6,base.17,0.365777
30,2,9,res9,cifar10,0.03,7,base.18,0.365777
30,2,9,res9,cifar10,0.03,8,classifier,0.128941
30,3,4,res9,cifar10,0.03,0,base.2,0.960904
30,3,4,res9,cifar10,0.03,1,base.6,0.861649
30,3,4,res9,cifar10,0.03,2,base.7,0.838621
30,3,4,res9,cifar10,0.03,3,base.11,0.859893
30,3,4,res9,cifar10,0.03,4,base.15,0.251470
30,3,4,res9,cifar10,0.03,5,base.16,0.104282
30,3,4,res9,cifar10,0.03,6,base.17,0.104282
30,3,4,res9,cifar10,0.03,7,base.18,0.104282
30,3,4,res9,cifar10,0.03,8,classifier,0.090255
30,3,5,res9,cifar10,0.03,0,base.2,0.967786
30,3,5,res9,cifar10,0.03,1,base.6,0.873765
30,3,5,res9,cifar10,0.03,2,base.7,0.831852
30,3,5,res9,cifar10,0.03,3,base.11,0.829713
30,3,5,res9,cifar10,0.03,4,base.15,0.323754
30,3,5,res9,cifar10,0.03,5,base.16,0.126390
30,3,5,res9,cifar10,0.03,6,base.17,0.126390
30,3,5,res9,cifar10,0.03,7,base.18,0.126390
30,3,5,res9,cifar10,0.03,8,classifier,0.035656
30,3,6,res9,cifar10,0.03,0,base.2,0.938684
30,3,6,res9,cifar10,0.03,1,base.6,0.893468
30,3,6,res9,cifar10,0.03,2,base.7,0.921500
30,3,6,res9,cifar10,0.03,3,base.11,0.875458
30,3,6,res9,cifar10,0.03,4,base.15,0.162478
30,3,6,res9,cifar10,0.03,5,base.16,0.055685
30,3,6,res9,cifar10,0.03,6,base.17,0.055685
30,3,6,res9,cifar10,0.03,7,base.18,0.055685
30,3,6,res9,cifar10,0.03,8,classifier,0.028468
30,3,7,res9,cifar10,0.03,0,base.2,0.920313
30,3,7,res9,cifar10,0.03,1,base.6,0.736972
30,3,7,res9,cifar10,0.03,2,base.7,0.715369
30,3,7,res9,cifar10,0.03,3,base.11,0.761227
30,3,7,res9,cifar10,0.03,4,base.15,0.346080
30,3,7,res9,cifar10,0.03,5,base.16,0.390985
30,3,7,res9,cifar10,0.03,6,base.17,0.390985
30,3,7,res9,cifar10,0.03,7,base.18,0.390985
30,3,7,res9,cifar10,0.03,8,classifier,0.351792
30,3,8,res9,cifar10,0.03,0,base.2,0.967880
30,3,8,res9,cifar10,0.03,1,base.6,0.872954
30,3,8,res9,cifar10,0.03,2,base.7,0.891073
30,3,8,res9,cifar10,0.03,3,base.11,0.893876
30,3,8,res9,cifar10,0.03,4,base.15,0.289886
30,3,8,res9,cifar10,0.03,5,base.16,0.113232
30,3,8,res9,cifar10,0.03,6,base.17,0.113232
30,3,8,res9,cifar10,0.03,7,base.18,0.113232
30,3,8,res9,cifar10,0.03,8,classifier,0.101563
30,3,9,res9,cifar10,0.03,0,base.2,0.934075
30,3,9,res9,cifar10,0.03,1,base.6,0.856922
30,3,9,res9,cifar10,0.03,2,base.7,0.843889
30,3,9,res9,cifar10,0.03,3,base.11,0.868244
30,3,9,res9,cifar10,0.03,4,base.15,0.385904
30,3,9,res9,cifar10,0.03,5,base.16,0.232364
30,3,9,res9,cifar10,0.03,6,base.17,0.232364
30,3,9,res9,cifar10,0.03,7,base.18,0.232364
30,3,9,res9,cifar10,0.03,8,classifier,0.221152
30,4,5,res9,cifar10,0.03,0,base.2,0.981595
30,4,5,res9,cifar10,0.03,1,base.6,0.962211
30,4,5,res9,cifar10,0.03,2,base.7,0.963574
30,4,5,res9,cifar10,0.03,3,base.11,0.962633
30,4,5,res9,cifar10,0.03,4,base.15,0.673661
30,4,5,res9,cifar10,0.03,5,base.16,0.425027
30,4,5,res9,cifar10,0.03,6,base.17,0.425027
30,4,5,res9,cifar10,0.03,7,base.18,0.425027
30,4,5,res9,cifar10,0.03,8,classifier,0.283859
30,4,6,res9,cifar10,0.03,0,base.2,0.962227
30,4,6,res9,cifar10,0.03,1,base.6,0.911979
30,4,6,res9,cifar10,0.03,2,base.7,0.889662
30,4,6,res9,cifar10,0.03,3,base.11,0.877806
30,4,6,res9,cifar10,0.03,4,base.15,0.555950
30,4,6,res9,cifar10,0.03,5,base.16,0.381273
30,4,6,res9,cifar10,0.03,6,base.17,0.381273
30,4,6,res9,cifar10,0.03,7,base.18,0.381273
30,4,6,res9,cifar10,0.03,8,classifier,0.360085
30,4,7,res9,cifar10,0.03,0,base.2,0.965144
30,4,7,res9,cifar10,0.03,1,base.6,0.944524
30,4,7,res9,cifar10,0.03,2,base.7,0.923330
30,4,7,res9,cifar10,0.03,3,base.11,0.945880
30,4,7,res9,cifar10,0.03,4,base.15,0.596366
30,4,7,res9,cifar10,0.03,5,base.16,0.394699
30,4,7,res9,cifar10,0.03,6,base.17,0.394699
30,4,7,res9,cifar10,0.03,7,base.18,0.394699
30,4,7,res9,cifar10,0.03,8,classifier,0.198472
30,4,8,res9,cifar10,0.03,0,base.2,0.984790
30,4,8,res9,cifar10,0.03,1,base.6,0.963551
30,4,8,res9,cifar10,0.03,2,base.7,0.951447
30,4,8,res9,cifar10,0.03,3,base.11,0.967089
30,4,8,res9,cifar10,0.03,4,base.15,0.599986
30,4,8,res9,cifar10,0.03,5,base.16,0.400649
30,4,8,res9,cifar10,0.03,6,base.17,0.400649
30,4,8,res9,cifar10,0.03,7,base.18,0.400649
30,4,8,res9,cifar10,0.03,8,classifier,0.185733
30,4,9,res9,cifar10,0.03,0,base.2,0.942989
30,4,9,res9,cifar10,0.03,1,base.6,0.952241
30,4,9,res9,cifar10,0.03,2,base.7,0.935863
30,4,9,res9,cifar10,0.03,3,base.11,0.957240
30,4,9,res9,cifar10,0.03,4,base.15,0.606248
30,4,9,res9,cifar10,0.03,5,base.16,0.328328
30,4,9,res9,cifar10,0.03,6,base.17,0.328328
30,4,9,res9,cifar10,0.03,7,base.18,0.328328
30,4,9,res9,cifar10,0.03,8,classifier,0.208352
30,5,6,res9,cifar10,0.03,0,base.2,0.926998
30,5,6,res9,cifar10,0.03,1,base.6,0.835414
30,5,6,res9,cifar10,0.03,2,base.7,0.816078
30,5,6,res9,cifar10,0.03,3,base.11,0.794962
30,5,6,res9,cifar10,0.03,4,base.15,0.312567
30,5,6,res9,cifar10,0.03,5,base.16,0.148223
30,5,6,res9,cifar10,0.03,6,base.17,0.148223
30,5,6,res9,cifar10,0.03,7,base.18,0.148223
30,5,6,res9,cifar10,0.03,8,classifier,0.035415
30,5,7,res9,cifar10,0.03,0,base.2,0.969840
30,5,7,res9,cifar10,0.03,1,base.6,0.929192
30,5,7,res9,cifar10,0.03,2,base.7,0.886062
30,5,7,res9,cifar10,0.03,3,base.11,0.933299
30,5,7,res9,cifar10,0.03,4,base.15,0.880711
30,5,7,res9,cifar10,0.03,5,base.16,0.753651
30,5,7,res9,cifar10,0.03,6,base.17,0.753651
30,5,7,res9,cifar10,0.03,7,base.18,0.753651
30,5,7,res9,cifar10,0.03,8,classifier,0.320713
30,5,8,res9,cifar10,0.03,0,base.2,0.981143
30,5,8,res9,cifar10,0.03,1,base.6,0.953169
30,5,8,res9,cifar10,0.03,2,base.7,0.942198
30,5,8,res9,cifar10,0.03,3,base.11,0.951809
30,5,8,res9,cifar10,0.03,4,base.15,0.845093
30,5,8,res9,cifar10,0.03,5,base.16,0.797025
30,5,8,res9,cifar10,0.03,6,base.17,0.797025
30,5,8,res9,cifar10,0.03,7,base.18,0.797025
30,5,8,res9,cifar10,0.03,8,classifier,0.198216
30,5,9,res9,cifar10,0.03,0,base.2,0.954858
30,5,9,res9,cifar10,0.03,1,base.6,0.957012
30,5,9,res9,cifar10,0.03,2,base.7,0.960954
30,5,9,res9,cifar10,0.03,3,base.11,0.970046
30,5,9,res9,cifar10,0.03,4,base.15,0.905439
30,5,9,res9,cifar10,0.03,5,base.16,0.763418
30,5,9,res9,cifar10,0.03,6,base.17,0.763418
30,5,9,res9,cifar10,0.03,7,base.18,0.763418
30,5,9,res9,cifar10,0.03,8,classifier,0.179451
30,6,7,res9,cifar10,0.03,0,base.2,0.906594
30,6,7,res9,cifar10,0.03,1,base.6,0.834469
30,6,7,res9,cifar10,0.03,2,base.7,0.816462
30,6,7,res9,cifar10,0.03,3,base.11,0.793316
30,6,7,res9,cifar10,0.03,4,base.15,0.313737
30,6,7,res9,cifar10,0.03,5,base.16,0.235515
30,6,7,res9,cifar10,0.03,6,base.17,0.235515
30,6,7,res9,cifar10,0.03,7,base.18,0.235515
30,6,7,res9,cifar10,0.03,8,classifier,0.145682
30,6,8,res9,cifar10,0.03,0,base.2,0.961435
30,6,8,res9,cifar10,0.03,1,base.6,0.914134
30,6,8,res9,cifar10,0.03,2,base.7,0.908392
30,6,8,res9,cifar10,0.03,3,base.11,0.873835
30,6,8,res9,cifar10,0.03,4,base.15,0.273480
30,6,8,res9,cifar10,0.03,5,base.16,0.155454
30,6,8,res9,cifar10,0.03,6,base.17,0.155454
30,6,8,res9,cifar10,0.03,7,base.18,0.155454
30,6,8,res9,cifar10,0.03,8,classifier,0.200254
30,6,9,res9,cifar10,0.03,0,base.2,0.901320
30,6,9,res9,cifar10,0.03,1,base.6,0.872785
30,6,9,res9,cifar10,0.03,2,base.7,0.838250
30,6,9,res9,cifar10,0.03,3,base.11,0.834505
30,6,9,res9,cifar10,0.03,4,base.15,0.365571
30,6,9,res9,cifar10,0.03,5,base.16,0.299776
30,6,9,res9,cifar10,0.03,6,base.17,0.299776
30,6,9,res9,cifar10,0.03,7,base.18,0.299776
30,6,9,res9,cifar10,0.03,8,classifier,0.272618
30,7,8,res9,cifar10,0.03,0,base.2,0.967554
30,7,8,res9,cifar10,0.03,1,base.6,0.951642
30,7,8,res9,cifar10,0.03,2,base.7,0.914846
30,7,8,res9,cifar10,0.03,3,base.11,0.932742
30,7,8,res9,cifar10,0.03,4,base.15,0.833948
30,7,8,res9,cifar10,0.03,5,base.16,0.653492
30,7,8,res9,cifar10,0.03,6,base.17,0.653492
30,7,8,res9,cifar10,0.03,7,base.18,0.653492
30,7,8,res9,cifar10,0.03,8,classifier,0.554863
30,7,9,res9,cifar10,0.03,0,base.2,0.981375
30,7,9,res9,cifar10,0.03,1,base.6,0.934531
30,7,9,res9,cifar10,0.03,2,base.7,0.876650
30,7,9,res9,cifar10,0.03,3,base.11,0.915215
30,7,9,res9,cifar10,0.03,4,base.15,0.886608
30,7,9,res9,cifar10,0.03,5,base.16,0.767009
30,7,9,res9,cifar10,0.03,6,base.17,0.767009
30,7,9,res9,cifar10,0.03,7,base.18,0.767009
30,7,9,res9,cifar10,0.03,8,classifier,0.482713
30,8,9,res9,cifar10,0.03,0,base.2,0.967219
30,8,9,res9,cifar10,0.03,1,base.6,0.982436
30,8,9,res9,cifar10,0.03,2,base.7,0.971718
30,8,9,res9,cifar10,0.03,3,base.11,0.975148
30,8,9,res9,cifar10,0.03,4,base.15,0.815349
30,8,9,res9,cifar10,0.03,5,base.16,0.693593
30,8,9,res9,cifar10,0.03,6,base.17,0.693593
30,8,9,res9,cifar10,0.03,7,base.18,0.693593
30,8,9,res9,cifar10,0.03,8,classifier,0.715621
40,0,1,res9,cifar10,0.03,0,base.2,0.964462
40,0,1,res9,cifar10,0.03,1,base.6,0.948331
40,0,1,res9,cifar10,0.03,2,base.7,0.950267
40,0,1,res9,cifar10,0.03,3,base.11,0.946175
40,0,1,res9,cifar10,0.03,4,base.15,0.828144
40,0,1,res9,cifar10,0.03,5,base.16,0.587857
40,0,1,res9,cifar10,0.03,6,base.17,0.587857
40,0,1,res9,cifar10,0.03,7,base.18,0.587857
40,0,1,res9,cifar10,0.03,8,classifier,0.488333
40,0,2,res9,cifar10,0.03,0,base.2,0.978875
40,0,2,res9,cifar10,0.03,1,base.6,0.935573
40,0,2,res9,cifar10,0.03,2,base.7,0.946918
40,0,2,res9,cifar10,0.03,3,base.11,0.979277
40,0,2,res9,cifar10,0.03,4,base.15,0.870003
40,0,2,res9,cifar10,0.03,5,base.16,0.628423
40,0,2,res9,cifar10,0.03,6,base.17,0.628423
40,0,2,res9,cifar10,0.03,7,base.18,0.628423
40,0,2,res9,cifar10,0.03,8,classifier,0.342377
40,0,3,res9,cifar10,0.03,0,base.2,0.971058
40,0,3,res9,cifar10,0.03,1,base.6,0.951977
40,0,3,res9,cifar10,0.03,2,base.7,0.888042
40,0,3,res9,cifar10,0.03,3,base.11,0.888974
40,0,3,res9,cifar10,0.03,4,base.15,0.642076
40,0,3,res9,cifar10,0.03,5,base.16,0.391296
40,0,3,res9,cifar10,0.03,6,base.17,0.391296
40,0,3,res9,cifar10,0.03,7,base.18,0.391296
40,0,3,res9,cifar10,0.03,8,classifier,0.483896
40,0,4,res9,cifar10,0.03,0,base.2,0.951981
40,0,4,res9,cifar10,0.03,1,base.6,0.897715
40,0,4,res9,cifar10,0.03,2,base.7,0.924974
40,0,4,res9,cifar10,0.03,3,base.11,0.953476
40,0,4,res9,cifar10,0.03,4,base.15,0.711017
40,0,4,res9,cifar10,0.03,5,base.16,0.361995
40,0,4,res9,cifar10,0.03,6,base.17,0.361995
40,0,4,res9,cifar10,0.03,7,base.18,0.361995
40,0,4,res9,cifar10,0.03,8,classifier,0.030003
40,0,5,res9,cifar10,0.03,0,base.2,0.933929
40,0,5,res9,cifar10,0.03,1,base.6,0.839555
40,0,5,res9,cifar10,0.03,2,base.7,0.865940
40,0,5,res9,cifar10,0.03,3,base.11,0.866493
40,0,5,res9,cifar10,0.03,4,base.15,0.786126
40,0,5,res9,cifar10,0.03,5,base.16,0.603380
40,0,5,res9,cifar10,0.03,6,base.17,0.603380
40,0,5,res9,cifar10,0.03,7,base.18,0.603380
40,0,5,res9,cifar10,0.03,8,classifier,0.114023
40,0,6,res9,cifar10,0.03,0,base.2,0.955362
40,0,6,res9,cifar10,0.03,1,base.6,0.892150
40,0,6,res9,cifar10,0.03,2,base.7,0.914038
40,0,6,res9,cifar10,0.03,3,base.11,0.946437
40,0,6,res9,cifar10,0.03,4,base.15,0.672797
40,0,6,res9,cifar10,0.03,5,base.16,0.587214
40,0,6,res9,cifar10,0.03,6,base.17,0.587214
40,0,6,res9,cifar10,0.03,7,base.18,0.587214
40,0,6,res9,cifar10,0.03,8,classifier,0.085499
40,0,7,res9,cifar10,0.03,0,base.2,0.918121
40,0,7,res9,cifar10,0.03,1,base.6,0.752995
40,0,7,res9,cifar10,0.03,2,base.7,0.744733
40,0,7,res9,cifar10,0.03,3,base.11,0.828827
40,0,7,res9,cifar10,0.03,4,base.15,0.643273
40,0,7,res9,cifar10,0.03,5,base.16,0.464744
40,0,7,res9,cifar10,0.03,6,base.17,0.464744
40,0,7,res9,cifar10,0.03,7,base.18,0.464744
40,0,7,res9,cifar10,0.03,8,classifier,0.245253
40,0,8,res9,cifar10,0.03,0,base.2,0.968198
40,0,8,res9,cifar10,0.03,1,base.6,0.914933
40,0,8,res9,cifar10,0.03,2,base.7,0.968644
40,0,8,res9,cifar10,0.03,3,base.11,0.982352
40,0,8,res9,cifar10,0.03,4,base.15,0.867904
40,0,8,res9,cifar10,0.03,5,base.16,0.646532
40,0,8,res9,cifar10,0.03,6,base.17,0.646532
40,0,8,res9,cifar10,0.03,7,base.18,0.646532
40,0,8,res9,cifar10,0.03,8,classifier,0.240339
40,0,9,res9,cifar10,0.03,0,base.2,0.908058
40,0,9,res9,cifar10,0.03,1,base.6,0.910198
40,0,9,res9,cifar10,0.03,2,base.7,0.965066
40,0,9,res9,cifar10,0.03,3,base.11,0.982725
40,0,9,res9,cifar10,0.03,4,base.15,0.800277
40,0,9,res9,cifar10,0.03,5,base.16,0.618075
40,0,9,res9,cifar10,0.03,6,base.17,0.618075
40,0,9,res9,cifar10,0.03,7,base.18,0.618075
40,0,9,res9,cifar10,0.03,8,classifier,0.173201
40,1,2,res9,cifar10,0.03,0,base.2,0.968106
40,1,2,res9,cifar10,0.03,1,base.6,0.922748
40,1,2,res9,cifar10,0.03,2,base.7,0.894224
40,1,2,res9,cifar10,0.03,3,base.11,0.926576
40,1,2,res9,cifar10,0.03,4,base.15,0.643827
40,1,2,res9,cifar10,0.03,5,base.16,0.286601
40,1,2,res9,cifar10,0.03,6,base.17,0.286601
40,1,2,res9,cifar10,0.03,7,base.18,0.286601
40,1,2,res9,cifar10,0.03,8,classifier,0.112883
40,1,3,res9,cifar10,0.03,0,base.2,0.933555
40,1,3,res9,cifar10,0.03,1,base.6,0.907894
40,1,3,res9,cifar10,0.03,2,base.7,0.909772
40,1,3,res9,cifar10,0.03,3,base.11,0.921524
40,1,3,res9,cifar10,0.03,4,base.15,0.736681
40,1,3,res9,cifar10,0.03,5,base.16,0.598372
40,1,3,res9,cifar10,0.03,6,base.17,0.598372
40,1,3,res9,cifar10,0.03,7,base.18,0.598372
40,1,3,res9,cifar10,0.03,8,classifier,0.558334
40,1,4,res9,cifar10,0.03,0,base.2,0.926033
40,1,4,res9,cifar10,0.03,1,base.6,0.875670
40,1,4,res9,cifar10,0.03,2,base.7,0.857497
40,1,4,res9,cifar10,0.03,3,base.11,0.884100
40,1,4,res9,cifar10,0.03,4,base.15,0.583606
40,1,4,res9,cifar10,0.03,5,base.16,0.152368
40,1,4,res9,cifar10,0.03,6,base.17,0.152368
40,1,4,res9,cifar10,0.03,7,base.18,0.152368
40,1,4,res9,cifar10,0.03,8,classifier,0.011560
40,1,5,res9,cifar10,0.03,0,base.2,0.956756
40,1,5,res9,cifar10,0.03,1,base.6,0.878927
40,1,5,res9,cifar10,0.03,2,base.7,0.798768
40,1,5,res9,cifar10,0.03,3,base.11,0.791286
40,1,5,res9,cifar10,0.03,4,base.15,0.666427
40,1,5,res9,cifar10,0.03,5,base.16,0.260975
40,1,5,res9,cifar10,0.03,6,base.17,0.260975
40,1,5,res9,cifar10,0.03,7,base.18,0.260975
40,1,5,res9,cifar10,0.03,8,classifier,0.011904
40,1,6,res9,cifar10,0.03,0,base.2,0.898863
40,1,6,res9,cifar10,0.03,1,base.6,0.801486
40,1,6,res9,cifar10,0.03,2,base.7,0.827442
40,1,6,res9,cifar10,0.03,3,base.11,0.878620
40,1,6,res9,cifar10,0.03,4,base.15,0.623646
40,1,6,res9,cifar10,0.03,5,base.16,0.322601
40,1,6,res9,cifar10,0.03,6,base.17,0.322601
40,1,6,res9,cifar10,0.03,7,base.18,0.322601
40,1,6,res9,cifar10,0.03,8,classifier,0.077944
40,1,7,res9,cifar10,0.03,0,base.2,0.945152
40,1,7,res9,cifar10,0.03,1,base.6,0.793371
40,1,7,res9,cifar10,0.03,2,base.7,0.721142
40,1,7,res9,cifar10,0.03,3,base.11,0.799142
40,1,7,res9,cifar10,0.03,4,base.15,0.615980
40,1,7,res9,cifar10,0.03,5,base.16,0.408937
40,1,7,res9,cifar10,0.03,6,base.17,0.408937
40,1,7,res9,cifar10,0.03,7,base.18,0.408937
40,1,7,res9,cifar10,0.03,8,classifier,0.314346
40,1,8,res9,cifar10,0.03,0,base.2,0.957368
40,1,8,res9,cifar10,0.03,1,base.6,0.907470
40,1,8,res9,cifar10,0.03,2,base.7,0.949316
40,1,8,res9,cifar10,0.03,3,base.11,0.968060
40,1,8,res9,cifar10,0.03,4,base.15,0.698266
40,1,8,res9,cifar10,0.03,5,base.16,0.272568
40,1,8,res9,cifar10,0.03,6,base.17,0.272568
40,1,8,res9,cifar10,0.03,7,base.18,0.272568
40,1,8,res9,cifar10,0.03,8,classifier,0.101192
40,1,9,res9,cifar10,0.03,0,base.2,0.954554
40,1,9,res9,cifar10,0.03,1,base.6,0.919784
40,1,9,res9,cifar10,0.03,2,base.7,0.938895
40,1,9,res9,cifar10,0.03,3,base.11,0.955039
40,1,9,res9,cifar10,0.03,4,base.15,0.692163
40,1,9,res9,cifar10,0.03,5,base.16,0.426110
40,1,9,res9,cifar10,0.03,6,base.17,0.426110
40,1,9,res9,cifar10,0.03,7,base.18,0.426110
40,1,9,res9,cifar10,0.03,8,classifier,0.263865
40,2,3,res9,cifar10,0.03,0,base.2,0.959487
40,2,3,res9,cifar10,0.03,1,base.6,0.890189
40,2,3,res9,cifar10,0.03,2,base.7,0.860815
40,2,3,res9,cifar10,0.03,3,base.11,0.875177
40,2,3,res9,cifar10,0.03,4,base.15,0.484790
40,2,3,res9,cifar10,0.03,5,base.16,0.179971
40,2,3,res9,cifar10,0.03,6,base.17,0.179971
40,2,3,res9,cifar10,0.03,7,base.18,0.179971
40,2,3,res9,cifar10,0.03,8,classifier,0.104706
40,2,4,res9,cifar10,0.03,0,base.2,0.976115
40,2,4,res9,cifar10,0.03,1,base.6,0.971488
40,2,4,res9,cifar10,0.03,2,base.7,0.962142
40,2,4,res9,cifar10,0.03,3,base.11,0.970402
40,2,4,res9,cifar10,0.03,4,base.15,0.797348
40,2,4,res9,cifar10,0.03,5,base.16,0.544348
40,2,4,res9,cifar10,0.03,6,base.17,0.544348
40,2,4,res9,cifar10,0.03,7,base.18,0.544348
40,2,4,res9,cifar10,0.03,8,classifier,0.419644
40,2,5,res9,cifar10,0.03,0,base.2,0.977578
40,2,5,res9,cifar10,0.03,1,base.6,0.958314
40,2,5,res9,cifar10,0.03,2,base.7,0.945503
40,2,5,res9,cifar10,0.03,3,base.11,0.908875
40,2,5,res9,cifar10,0.03,4,base.15,0.851092
40,2,5,res9,cifar10,0.03,5,base.16,0.781516
40,2,5,res9,cifar10,0.03,6,base.17,0.781516
40,2,5,res9,cifar10,0.03,7,base.18,0.781516
40,2,5,res9,cifar10,0.03,8,classifier,0.687152
40,2,6,res9,cifar10,0.03,0,base.2,0.952631
40,2,6,res9,cifar10,0.03,1,base.6,0.917727
40,2,6,res9,cifar10,0.03,2,base.7,0.936939
40,2,6,res9,cifar10,0.03,3,base.11,0.939200
40,2,6,res9,cifar10,0.03,4,base.15,0.598130
40,2,6,res9,cifar10,0.03,5,base.16,0.349904
40,2,6,res9,cifar10,0.03,6,base.17,0.349904
40,2,6,res9,cifar10,0.03,7,base.18,0.349904
40,2,6,res9,cifar10,0.03,8,classifier,0.045644
40,2,7,res9,cifar10,0.03,0,base.2,0.936990
40,2,7,res9,cifar10,0.03,1,base.6,0.895233
40,2,7,res9,cifar10,0.03,2,base.7,0.803673
40,2,7,res9,cifar10,0.03,3,base.11,0.827752
40,2,7,res9,cifar10,0.03,4,base.15,0.631423
40,2,7,res9,cifar10,0.03,5,base.16,0.352096
40,2,7,res9,cifar10,0.03,6,base.17,0.352096
40,2,7,res9,cifar10,0.03,7,base.18,0.352096
40,2,7,res9,cifar10,0.03,8,classifier,0.072238
40,2,8,res9,cifar10,0.03,0,base.2,0.991064
40,2,8,res9,cifar10,0.03,1,base.6,0.989411
40,2,8,res9,cifar10,0.03,2,base.7,0.969206
40,2,8,res9,cifar10,0.03,3,base.11,0.976281
40,2,8,res9,cifar10,0.03,4,base.15,0.900278
40,2,8,res9,cifar10,0.03,5,base.16,0.793835
40,2,8,res9,cifar10,0.03,6,base.17,0.793835
40,2,8,res9,cifar10,0.03,7,base.18,0.793835
40,2,8,res9,cifar10,0.03,8,classifier,0.103691
40,2,9,res9,cifar10,0.03,0,base.2,0.931001
40,2,9,res9,cifar10,0.03,1,base.6,0.962049
40,2,9,res9,cifar10,0.03,2,base.7,0.951241
40,2,9,res9,cifar10,0.03,3,base.11,0.972852
40,2,9,res9,cifar10,0.03,4,base.15,0.771677
40,2,9,res9,cifar10,0.03,5,base.16,0.468051
40,2,9,res9,cifar10,0.03,6,base.17,0.468051
40,2,9,res9,cifar10,0.03,7,base.18,0.468051
40,2,9,res9,cifar10,0.03,8,classifier,0.045538
40,3,4,res9,cifar10,0.03,0,base.2,0.937255
40,3,4,res9,cifar10,0.03,1,base.6,0.854120
40,3,4,res9,cifar10,0.03,2,base.7,0.802218
40,3,4,res9,cifar10,0.03,3,base.11,0.809823
40,3,4,res9,cifar10,0.03,4,base.15,0.393605
40,3,4,res9,cifar10,0.03,5,base.16,0.084951
40,3,4,res9,cifar10,0.03,6,base.17,0.084951
40,3,4,res9,cifar10,0.03,7,base.18,0.084951
40,3,4,res9,cifar10,0.03,8,classifier,0.030651
40,3,5,res9,cifar10,0.03,0,base.2,0.903260
40,3,5,res9,cifar10,0.03,1,base.6,0.773932
40,3,5,res9,cifar10,0.03,2,base.7,0.704809
40,3,5,res9,cifar10,0.03,3,base.11,0.664056
40,3,5,res9,cifar10,0.03,4,base.15,0.403439
40,3,5,res9,cifar10,0.03,5,base.16,0.122677
40,3,5,res9,cifar10,0.03,6,base.17,0.122677
40,3,5,res9,cifar10,0.03,7,base.18,0.122677
40,3,5,res9,cifar10,0.03,8,classifier,0.014775
40,3,6,res9,cifar10,0.03,0,base.2,0.924078
40,3,6,res9,cifar10,0.03,1,base.6,0.880348
40,3,6,res9,cifar10,0.03,2,base.7,0.884544
40,3,6,res9,cifar10,0.03,3,base.11,0.916210
40,3,6,res9,cifar10,0.03,4,base.15,0.488727
40,3,6,res9,cifar10,0.03,5,base.16,0.154707
40,3,6,res9,cifar10,0.03,6,base.17,0.154707
40,3,6,res9,cifar10,0.03,7,base.18,0.154707
40,3,6,res9,cifar10,0.03,8,classifier,0.016481
40,3,7,res9,cifar10,0.03,0,base.2,0.893058
40,3,7,res9,cifar10,0.03,1,base.6,0.684054
40,3,7,res9,cifar10,0.03,2,base.7,0.618647
40,3,7,res9,cifar10,0.03,3,base.11,0.684326
40,3,7,res9,cifar10,0.03,4,base.15,0.453978
40,3,7,res9,cifar10,0.03,5,base.16,0.436888
40,3,7,res9,cifar10,0.03,6,base.17,0.436888
40,3,7,res9,cifar10,0.03,7,base.18,0.436888
40,3,7,res9,cifar10,0.03,8,classifier,0.423062
40,3,8,res9,cifar10,0.03,0,base.2,0.952411
40,3,8,res9,cifar10,0.03,1,base.6,0.865708
40,3,8,res9,cifar10,0.03,2,base.7,0.896503
40,3,8,res9,cifar10,0.03,3,base.11,0.909266
40,3,8,res9,cifar10,0.03,4,base.15,0.498504
40,3,8,res9,cifar10,0.03,5,base.16,0.157393
40,3,8,res9,cifar10,0.03,6,base.17,0.157393
40,3,8,res9,cifar10,0.03,7,base.18,0.157393
40,3,8,res9,cifar10,0.03,8,classifier,0.087351
40,3,9,res9,cifar10,0.03,0,base.2,0.877012
40,3,9,res9,cifar10,0.03,1,base.6,0.840030
40,3,9,res9,cifar10,0.03,2,base.7,0.845939
40,3,9,res9,cifar10,0.03,3,base.11,0.862317
40,3,9,res9,cifar10,0.03,4,base.15,0.482784
40,3,9,res9,cifar10,0.03,5,base.16,0.280540
40,3,9,res9,cifar10,0.03,6,base.17,0.280540
40,3,9,res9,cifar10,0.03,7,base.18,0.280540
40,3,9,res9,cifar10,0.03,8,classifier,0.207951
40,4,5,res9,cifar10,0.03,0,base.2,0.962413
40,4,5,res9,cifar10,0.03,1,base.6,0.940551
40,4,5,res9,cifar10,0.03,2,base.7,0.936815
40,4,5,res9,cifar10,0.03,3,base.11,0.930784
40,4,5,res9,cifar10,0.03,4,base.15,0.773460
40,4,5,res9,cifar10,0.03,5,base.16,0.523402
40,4,5,res9,cifar10,0.03,6,base.17,0.523402
40,4,5,res9,cifar10,0.03,7,base.18,0.523402
40,4,5,res9,cifar10,0.03,8,classifier,0.333221
40,4,6,res9,cifar10,0.03,0,base.2,0.953777
40,4,6,res9,cifar10,0.03,1,base.6,0.914970
40,4,6,res9,cifar10,0.03,2,base.7,0.915156
40,4,6,res9,cifar10,0.03,3,base.11,0.907591
40,4,6,res9,cifar10,0.03,4,base.15,0.729483
40,4,6,res9,cifar10,0.03,5,base.16,0.371459
40,4,6,res9,cifar10,0.03,6,base.17,0.371459
40,4,6,res9,cifar10,0.03,7,base.18,0.371459
40,4,6,res9,cifar10,0.03,8,classifier,0.160852
40,4,7,res9,cifar10,0.03,0,base.2,0.944044
40,4,7,res9,cifar10,0.03,1,base.6,0.915148
40,4,7,res9,cifar10,0.03,2,base.7,0.848887
40,4,7,res9,cifar10,0.03,3,base.11,0.877712
40,4,7,res9,cifar10,0.03,4,base.15,0.616992
40,4,7,res9,cifar10,0.03,5,base.16,0.296558
40,4,7,res9,cifar10,0.03,6,base.17,0.296558
40,4,7,res9,cifar10,0.03,7,base.18,0.296558
40,4,7,res9,cifar10,0.03,8,classifier,0.100219
40,4,8,res9,cifar10,0.03,0,base.2,0.985458
40,4,8,res9,cifar10,0.03,1,base.6,0.975504
40,4,8,res9,cifar10,0.03,2,base.7,0.944598
40,4,8,res9,cifar10,0.03,3,base.11,0.948994
40,4,8,res9,cifar10,0.03,4,base.15,0.727857
40,4,8,res9,cifar10,0.03,5,base.16,0.447249
40,4,8,res9,cifar10,0.03,6,base.17,0.447249
40,4,8,res9,cifar10,0.03,7,base.18,0.447249
40,4,8,res9,cifar10,0.03,8,classifier,0.132478
40,4,9,res9,cifar10,0.03,0,base.2,0.929419
40,4,9,res9,cifar10,0.03,1,base.6,0.943075
40,4,9,res9,cifar10,0.03,2,base.7,0.928025
40,4,9,res9,cifar10,0.03,3,base.11,0.954867
40,4,9,res9,cifar10,0.03,4,base.15,0.660866
40,4,9,res9,cifar10,0.03,5,base.16,0.331149
40,4,9,res9,cifar10,0.03,6,base.17,0.331149
40,4,9,res9,cifar10,0.03,7,base.18,0.331149
40,4,9,res9,cifar10,0.03,8,classifier,0.102280
40,5,6,res9,cifar10,0.03,0,base.2,0.925690
40,5,6,res9,cifar10,0.03,1,base.6,0.844453
40,5,6,res9,cifar10,0.03,2,base.7,0.839589
40,5,6,res9,cifar10,0.03,3,base.11,0.771040
40,5,6,res9,cifar10,0.03,4,base.15,0.557720
40,5,6,res9,cifar10,0.03,5,base.16,0.440389
40,5,6,res9,cifar10,0.03,6,base.17,0.440389
40,5,6,res9,cifar10,0.03,7,base.18,0.440389
40,5,6,res9,cifar10,0.03,8,classifier,0.113497
40,5,7,res9,cifar10,0.03,0,base.2,0.945823
40,5,7,res9,cifar10,0.03,1,base.6,0.931574
40,5,7,res9,cifar10,0.03,2,base.7,0.807340
40,5,7,res9,cifar10,0.03,3,base.11,0.798800
40,5,7,res9,cifar10,0.03,4,base.15,0.755999
40,5,7,res9,cifar10,0.03,5,base.16,0.558494
40,5,7,res9,cifar10,0.03,6,base.17,0.558494
40,5,7,res9,cifar10,0.03,7,base.18,0.558494
40,5,7,res9,cifar10,0.03,8,classifier,0.186084
40,5,8,res9,cifar10,0.03,0,base.2,0.977113
40,5,8,res9,cifar10,0.03,1,base.6,0.955432
40,5,8,res9,cifar10,0.03,2,base.7,0.886036
40,5,8,res9,cifar10,0.03,3,base.11,0.842933
40,5,8,res9,cifar10,0.03,4,base.15,0.858365
40,5,8,res9,cifar10,0.03,5,base.16,0.801465
40,5,8,res9,cifar10,0.03,6,base.17,0.801465
40,5,8,res9,cifar10,0.03,7,base.18,0.801465
40,5,8,res9,cifar10,0.03,8,classifier,0.129981
40,5,9,res9,cifar10,0.03,0,base.2,0.949037
40,5,9,res9,cifar10,0.03,1,base.6,0.941311
40,5,9,res9,cifar10,0.03,2,base.7,0.897668
40,5,9,res9,cifar10,0.03,3,base.11,0.891202
40,5,9,res9,cifar10,0.03,4,base.15,0.858327
40,5,9,res9,cifar10,0.03,5,base.16,0.632738
40,5,9,res9,cifar10,0.03,6,base.17,0.632738
40,5,9,res9,cifar10,0.03,7,base.18,0.632738
40,5,9,res9,cifar10,0.03,8,classifier,0.098379
40,6,7,res9,cifar10,0.03,0,base.2,0.883343
40,6,7,res9,cifar10,0.03,1,base.6,0.784626
40,6,7,res9,cifar10,0.03,2,base.7,0.742744
40,6,7,res9,cifar10,0.03,3,base.11,0.753623
40,6,7,res9,cifar10,0.03,4,base.15,0.519089
40,6,7,res9,cifar10,0.03,5,base.16,0.426471
40,6,7,res9,cifar10,0.03,6,base.17,0.426471
40,6,7,res9,cifar10,0.03,7,base.18,0.426471
40,6,7,res9,cifar10,0.03,8,classifier,0.182185
40,6,8,res9,cifar10,0.03,0,base.2,0.950902
40,6,8,res9,cifar10,0.03,1,base.6,0.912590
40,6,8,res9,cifar10,0.03,2,base.7,0.922622
40,6,8,res9,cifar10,0.03,3,base.11,0.939423
40,6,8,res9,cifar10,0.03,4,base.15,0.607031
40,6,8,res9,cifar10,0.03,5,base.16,0.474382
40,6,8,res9,cifar10,0.03,6,base.17,0.474382
40,6,8,res9,cifar10,0.03,7,base.18,0.474382
40,6,8,res9,cifar10,0.03,8,classifier,0.237077
40,6,9,res9,cifar10,0.03,0,base.2,0.870568
40,6,9,res9,cifar10,0.03,1,base.6,0.861304
40,6,9,res9,cifar10,0.03,2,base.7,0.879602
40,6,9,res9,cifar10,0.03,3,base.11,0.902031
40,6,9,res9,cifar10,0.03,4,base.15,0.580895
40,6,9,res9,cifar10,0.03,5,base.16,0.582891
40,6,9,res9,cifar10,0.03,6,base.17,0.582891
40,6,9,res9,cifar10,0.03,7,base.18,0.582891
40,6,9,res9,cifar10,0.03,8,classifier,0.169887
40,7,8,res9,cifar10,0.03,0,base.2,0.955809
40,7,8,res9,cifar10,0.03,1,base.6,0.923772
40,7,8,res9,cifar10,0.03,2,base.7,0.833589
40,7,8,res9,cifar10,0.03,3,base.11,0.851572
40,7,8,res9,cifar10,0.03,4,base.15,0.827697
40,7,8,res9,cifar10,0.03,5,base.16,0.670009
40,7,8,res9,cifar10,0.03,6,base.17,0.670009
40,7,8,res9,cifar10,0.03,7,base.18,0.670009
40,7,8,res9,cifar10,0.03,8,classifier,0.572229
40,7,9,res9,cifar10,0.03,0,base.2,0.990819
40,7,9,res9,cifar10,0.03,1,base.6,0.909639
40,7,9,res9,cifar10,0.03,2,base.7,0.820216
40,7,9,res9,cifar10,0.03,3,base.11,0.853919
40,7,9,res9,cifar10,0.03,4,base.15,0.870305
40,7,9,res9,cifar10,0.03,5,base.16,0.746564
40,7,9,res9,cifar10,0.03,6,base.17,0.746564
40,7,9,res9,cifar10,0.03,7,base.18,0.746564
40,7,9,res9,cifar10,0.03,8,classifier,0.543225
40,8,9,res9,cifar10,0.03,0,base.2,0.951700
40,8,9,res9,cifar10,0.03,1,base.6,0.975160
40,8,9,res9,cifar10,0.03,2,base.7,0.979342
40,8,9,res9,cifar10,0.03,3,base.11,0.979930
40,8,9,res9,cifar10,0.03,4,base.15,0.919386
40,8,9,res9,cifar10,0.03,5,base.16,0.750599
40,8,9,res9,cifar10,0.03,6,base.17,0.750599
40,8,9,res9,cifar10,0.03,7,base.18,0.750599
40,8,9,res9,cifar10,0.03,8,classifier,0.726227
50,0,1,res9,cifar10,0.03,0,base.2,0.974659
50,0,1,res9,cifar10,0.03,1,base.6,0.926022
50,0,1,res9,cifar10,0.03,2,base.7,0.895582
50,0,1,res9,cifar10,0.03,3,base.11,0.900270
50,0,1,res9,cifar10,0.03,4,base.15,0.796928
50,0,1,res9,cifar10,0.03,5,base.16,0.629831
50,0,1,res9,cifar10,0.03,6,base.17,0.629831
50,0,1,res9,cifar10,0.03,7,base.18,0.629831
50,0,1,res9,cifar10,0.03,8,classifier,0.498640
50,0,2,res9,cifar10,0.03,0,base.2,0.963644
50,0,2,res9,cifar10,0.03,1,base.6,0.929083
50,0,2,res9,cifar10,0.03,2,base.7,0.911176
50,0,2,res9,cifar10,0.03,3,base.11,0.922309
50,0,2,res9,cifar10,0.03,4,base.15,0.844841
50,0,2,res9,cifar10,0.03,5,base.16,0.586506
50,0,2,res9,cifar10,0.03,6,base.17,0.586506
50,0,2,res9,cifar10,0.03,7,base.18,0.586506
50,0,2,res9,cifar10,0.03,8,classifier,0.214975
50,0,3,res9,cifar10,0.03,0,base.2,0.945672
50,0,3,res9,cifar10,0.03,1,base.6,0.918648
50,0,3,res9,cifar10,0.03,2,base.7,0.884453
50,0,3,res9,cifar10,0.03,3,base.11,0.896572
50,0,3,res9,cifar10,0.03,4,base.15,0.793467
50,0,3,res9,cifar10,0.03,5,base.16,0.478555
50,0,3,res9,cifar10,0.03,6,base.17,0.478555
50,0,3,res9,cifar10,0.03,7,base.18,0.478555
50,0,3,res9,cifar10,0.03,8,classifier,0.448302
50,0,4,res9,cifar10,0.03,0,base.2,0.941077
50,0,4,res9,cifar10,0.03,1,base.6,0.878862
50,0,4,res9,cifar10,0.03,2,base.7,0.911666
50,0,4,res9,cifar10,0.03,3,base.11,0.933272
50,0,4,res9,cifar10,0.03,4,base.15,0.794583
50,0,4,res9,cifar10,0.03,5,base.16,0.386776
50,0,4,res9,cifar10,0.03,6,base.17,0.386776
50,0,4,res9,cifar10,0.03,7,base.18,0.386776
50,0,4,res9,cifar10,0.03,8,classifier,0.014139
50,0,5,res9,cifar10,0.03,0,base.2,0.921869
50,0,5,res9,cifar10,0.03,1,base.6,0.845835
50,0,5,res9,cifar10,0.03,2,base.7,0.867814
50,0,5,res9,cifar10,0.03,3,base.11,0.864402
50,0,5,res9,cifar10,0.03,4,base.15,0.755935
50,0,5,res9,cifar10,0.03,5,base.16,0.542485
50,0,5,res9,cifar10,0.03,6,base.17,0.542485
50,0,5,res9,cifar10,0.03,7,base.18,0.542485
50,0,5,res9,cifar10,0.03,8,classifier,0.053377
50,0,6,res9,cifar10,0.03,0,base.2,0.958649
50,0,6,res9,cifar10,0.03,1,base.6,0.927306
50,0,6,res9,cifar10,0.03,2,base.7,0.939906
50,0,6,res9,cifar10,0.03,3,base.11,0.948367
50,0,6,res9,cifar10,0.03,4,base.15,0.839535
50,0,6,res9,cifar10,0.03,5,base.16,0.648274
50,0,6,res9,cifar10,0.03,6,base.17,0.648274
50,0,6,res9,cifar10,0.03,7,base.18,0.648274
50,0,6,res9,cifar10,0.03,8,classifier,0.062102
50,0,7,res9,cifar10,0.03,0,base.2,0.904606
50,0,7,res9,cifar10,0.03,1,base.6,0.786600
50,0,7,res9,cifar10,0.03,2,base.7,0.776104
50,0,7,res9,cifar10,0.03,3,base.11,0.762797
50,0,7,res9,cifar10,0.03,4,base.15,0.648156
50,0,7,res9,cifar10,0.03,5,base.16,0.435432
50,0,7,res9,cifar10,0.03,6,base.17,0.435432
50,0,7,res9,cifar10,0.03,7,base.18,0.435432
50,0,7,res9,cifar10,0.03,8,classifier,0.236351
50,0,8,res9,cifar10,0.03,0,base.2,0.963449
50,0,8,res9,cifar10,0.03,1,base.6,0.919741
50,0,8,res9,cifar10,0.03,2,base.7,0.943902
50,0,8,res9,cifar10,0.03,3,base.11,0.951617
50,0,8,res9,cifar10,0.03,4,base.15,0.856555
50,0,8,res9,cifar10,0.03,5,base.16,0.547106
50,0,8,res9,cifar10,0.03,6,base.17,0.547106
50,0,8,res9,cifar10,0.03,7,base.18,0.547106
50,0,8,res9,cifar10,0.03,8,classifier,0.141013
50,0,9,res9,cifar10,0.03,0,base.2,0.911322
50,0,9,res9,cifar10,0.03,1,base.6,0.853317
50,0,9,res9,cifar10,0.03,2,base.7,0.862457
50,0,9,res9,cifar10,0.03,3,base.11,0.852190
50,0,9,res9,cifar10,0.03,4,base.15,0.696018
50,0,9,res9,cifar10,0.03,5,base.16,0.535595
50,0,9,res9,cifar10,0.03,6,base.17,0.535595
50,0,9,res9,cifar10,0.03,7,base.18,0.535595
50,0,9,res9,cifar10,0.03,8,classifier,0.190230
50,1,2,res9,cifar10,0.03,0,base.2,0.984239
50,1,2,res9,cifar10,0.03,1,base.6,0.952955
50,1,2,res9,cifar10,0.03,2,base.7,0.956226
50,1,2,res9,cifar10,0.03,3,base.11,0.974881
50,1,2,res9,cifar10,0.03,4,base.15,0.852959
50,1,2,res9,cifar10,0.03,5,base.16,0.365240
50,1,2,res9,cifar10,0.03,6,base.17,0.365240
50,1,2,res9,cifar10,0.03,7,base.18,0.365240
50,1,2,res9,cifar10,0.03,8,classifier,0.078334
50,1,3,res9,cifar10,0.03,0,base.2,0.955271
50,1,3,res9,cifar10,0.03,1,base.6,0.962486
50,1,3,res9,cifar10,0.03,2,base.7,0.971911
50,1,3,res9,cifar10,0.03,3,base.11,0.981670
50,1,3,res9,cifar10,0.03,4,base.15,0.913631
50,1,3,res9,cifar10,0.03,5,base.16,0.601613
50,1,3,res9,cifar10,0.03,6,base.17,0.601613
50,1,3,res9,cifar10,0.03,7,base.18,0.601613
50,1,3,res9,cifar10,0.03,8,classifier,0.500943
50,1,4,res9,cifar10,0.03,0,base.2,0.949373
50,1,4,res9,cifar10,0.03,1,base.6,0.916307
50,1,4,res9,cifar10,0.03,2,base.7,0.930157
50,1,4,res9,cifar10,0.03,3,base.11,0.959991
50,1,4,res9,cifar10,0.03,4,base.15,0.859008
50,1,4,res9,cifar10,0.03,5,base.16,0.281472
50,1,4,res9,cifar10,0.03,6,base.17,0.281472
50,1,4,res9,cifar10,0.03,7,base.18,0.281472
50,1,4,res9,cifar10,0.03,8,classifier,0.066301
50,1,5,res9,cifar10,0.03,0,base.2,0.956027
50,1,5,res9,cifar10,0.03,1,base.6,0.912976
50,1,5,res9,cifar10,0.03,2,base.7,0.909595
50,1,5,res9,cifar10,0.03,3,base.11,0.924191
50,1,5,res9,cifar10,0.03,4,base.15,0.865512
50,1,5,res9,cifar10,0.03,5,base.16,0.410344
50,1,5,res9,cifar10,0.03,6,base.17,0.410344
50,1,5,res9,cifar10,0.03,7,base.18,0.410344
50,1,5,res9,cifar10,0.03,8,classifier,0.075244
50,1,6,res9,cifar10,0.03,0,base.2,0.955539
50,1,6,res9,cifar10,0.03,1,base.6,0.917797
50,1,6,res9,cifar10,0.03,2,base.7,0.966239
50,1,6,res9,cifar10,0.03,3,base.11,0.971161
50,1,6,res9,cifar10,0.03,4,base.15,0.924832
50,1,6,res9,cifar10,0.03,5,base.16,0.529183
50,1,6,res9,cifar10,0.03,6,base.17,0.529183
50,1,6,res9,cifar10,0.03,7,base.18,0.529183
50,1,6,res9,cifar10,0.03,8,classifier,0.090073
50,1,7,res9,cifar10,0.03,0,base.2,0.909976
50,1,7,res9,cifar10,0.03,1,base.6,0.779775
50,1,7,res9,cifar10,0.03,2,base.7,0.670995
50,1,7,res9,cifar10,0.03,3,base.11,0.685531
50,1,7,res9,cifar10,0.03,4,base.15,0.640793
50,1,7,res9,cifar10,0.03,5,base.16,0.446383
50,1,7,res9,cifar10,0.03,6,base.17,0.446383
50,1,7,res9,cifar10,0.03,7,base.18,0.446383
50,1,7,res9,cifar10,0.03,8,classifier,0.318888
50,1,8,res9,cifar10,0.03,0,base.2,0.969126
50,1,8,res9,cifar10,0.03,1,base.6,0.916109
50,1,8,res9,cifar10,0.03,2,base.7,0.954099
50,1,8,res9,cifar10,0.03,3,base.11,0.969258
50,1,8,res9,cifar10,0.03,4,base.15,0.823803
50,1,8,res9,cifar10,0.03,5,base.16,0.299422
50,1,8,res9,cifar10,0.03,6,base.17,0.299422
50,1,8,res9,cifar10,0.03,7,base.18,0.299422
50,1,8,res9,cifar10,0.03,8,classifier,0.112298
50,1,9,res9,cifar10,0.03,0,base.2,0.936103
50,1,9,res9,cifar10,0.03,1,base.6,0.880103
50,1,9,res9,cifar10,0.03,2,base.7,0.877154
50,1,9,res9,cifar10,0.03,3,base.11,0.884518
50,1,9,res9,cifar10,0.03,4,base.15,0.771535
50,1,9,res9,cifar10,0.03,5,base.16,0.486569
50,1,9,res9,cifar10,0.03,6,base.17,0.486569
50,1,9,res9,cifar10,0.03,7,base.18,0.486569
50,1,9,res9,cifar10,0.03,8,classifier,0.336719
50,2,3,res9,cifar10,0.03,0,base.2,0.963586
50,2,3,res9,cifar10,0.03,1,base.6,0.917946
50,2,3,res9,cifar10,0.03,2,base.7,0.942509
50,2,3,res9,cifar10,0.03,3,base.11,0.960385
50,2,3,res9,cifar10,0.03,4,base.15,0.800412
50,2,3,res9,cifar10,0.03,5,base.16,0.320197
50,2,3,res9,cifar10,0.03,6,base.17,0.320197
50,2,3,res9,cifar10,0.03,7,base.18,0.320197
50,2,3,res9,cifar10,0.03,8,classifier,0.199176
50,2,4,res9,cifar10,0.03,0,base.2,0.977007
50,2,4,res9,cifar10,0.03,1,base.6,0.955944
50,2,4,res9,cifar10,0.03,2,base.7,0.957437
50,2,4,res9,cifar10,0.03,3,base.11,0.974621
50,2,4,res9,cifar10,0.03,4,base.15,0.885878
50,2,4,res9,cifar10,0.03,5,base.16,0.486059
50,2,4,res9,cifar10,0.03,6,base.17,0.486059
50,2,4,res9,cifar10,0.03,7,base.18,0.486059
50,2,4,res9,cifar10,0.03,8,classifier,0.294051
50,2,5,res9,cifar10,0.03,0,base.2,0.981475
50,2,5,res9,cifar10,0.03,1,base.6,0.967814
50,2,5,res9,cifar10,0.03,2,base.7,0.958153
50,2,5,res9,cifar10,0.03,3,base.11,0.948973
50,2,5,res9,cifar10,0.03,4,base.15,0.903626
50,2,5,res9,cifar10,0.03,5,base.16,0.690525
50,2,5,res9,cifar10,0.03,6,base.17,0.690525
50,2,5,res9,cifar10,0.03,7,base.18,0.690525
50,2,5,res9,cifar10,0.03,8,classifier,0.507532
50,2,6,res9,cifar10,0.03,0,base.2,0.961680
50,2,6,res9,cifar10,0.03,1,base.6,0.925728
50,2,6,res9,cifar10,0.03,2,base.7,0.952258
50,2,6,res9,cifar10,0.03,3,base.11,0.973588
50,2,6,res9,cifar10,0.03,4,base.15,0.850058
50,2,6,res9,cifar10,0.03,5,base.16,0.485497
50,2,6,res9,cifar10,0.03,6,base.17,0.485497
50,2,6,res9,cifar10,0.03,7,base.18,0.485497
50,2,6,res9,cifar10,0.03,8,classifier,0.043050
50,2,7,res9,cifar10,0.03,0,base.2,0.907077
50,2,7,res9,cifar10,0.03,1,base.6,0.863961
50,2,7,res9,cifar10,0.03,2,base.7,0.752055
50,2,7,res9,cifar10,0.03,3,base.11,0.740716
50,2,7,res9,cifar10,0.03,4,base.15,0.691400
50,2,7,res9,cifar10,0.03,5,base.16,0.336625
50,2,7,res9,cifar10,0.03,6,base.17,0.336625
50,2,7,res9,cifar10,0.03,7,base.18,0.336625
50,2,7,res9,cifar10,0.03,8,classifier,0.062236
50,2,8,res9,cifar10,0.03,0,base.2,0.987755
50,2,8,res9,cifar10,0.03,1,base.6,0.979788
50,2,8,res9,cifar10,0.03,2,base.7,0.980042
50,2,8,res9,cifar10,0.03,3,base.11,0.988757
50,2,8,res9,cifar10,0.03,4,base.15,0.940155
50,2,8,res9,cifar10,0.03,5,base.16,0.774910
50,2,8,res9,cifar10,0.03,6,base.17,0.774910
50,2,8,res9,cifar10,0.03,7,base.18,0.774910
50,2,8,res9,cifar10,0.03,8,classifier,0.119942
50,2,9,res9,cifar10,0.03,0,base.2,0.938514
50,2,9,res9,cifar10,0.03,1,base.6,0.958603
50,2,9,res9,cifar10,0.03,2,base.7,0.959500
50,2,9,res9,cifar10,0.03,3,base.11,0.952616
50,2,9,res9,cifar10,0.03,4,base.15,0.880212
50,2,9,res9,cifar10,0.03,5,base.16,0.572162
50,2,9,res9,cifar10,0.03,6,base.17,0.572162
50,2,9,res9,cifar10,0.03,7,base.18,0.572162
50,2,9,res9,cifar10,0.03,8,classifier,0.071031
50,3,4,res9,cifar10,0.03,0,base.2,0.953357
50,3,4,res9,cifar10,0.03,1,base.6,0.886972
50,3,4,res9,cifar10,0.03,2,base.7,0.900919
50,3,4,res9,cifar10,0.03,3,base.11,0.934811
50,3,4,res9,cifar10,0.03,4,base.15,0.761915
50,3,4,res9,cifar10,0.03,5,base.16,0.164176
50,3,4,res9,cifar10,0.03,6,base.17,0.164176
50,3,4,res9,cifar10,0.03,7,base.18,0.164176
50,3,4,res9,cifar10,0.03,8,classifier,0.042019
50,3,5,res9,cifar10,0.03,0,base.2,0.927250
50,3,5,res9,cifar10,0.03,1,base.6,0.845664
50,3,5,res9,cifar10,0.03,2,base.7,0.864327
50,3,5,res9,cifar10,0.03,3,base.11,0.873586
50,3,5,res9,cifar10,0.03,4,base.15,0.738099
50,3,5,res9,cifar10,0.03,5,base.16,0.222679
50,3,5,res9,cifar10,0.03,6,base.17,0.222679
50,3,5,res9,cifar10,0.03,7,base.18,0.222679
50,3,5,res9,cifar10,0.03,8,classifier,0.025654
50,3,6,res9,cifar10,0.03,0,base.2,0.954277
50,3,6,res9,cifar10,0.03,1,base.6,0.931196
50,3,6,res9,cifar10,0.03,2,base.7,0.971190
50,3,6,res9,cifar10,0.03,3,base.11,0.979009
50,3,6,res9,cifar10,0.03,4,base.15,0.862582
50,3,6,res9,cifar10,0.03,5,base.16,0.298071
50,3,6,res9,cifar10,0.03,6,base.17,0.298071
50,3,6,res9,cifar10,0.03,7,base.18,0.298071
50,3,6,res9,cifar10,0.03,8,classifier,0.023963
50,3,7,res9,cifar10,0.03,0,base.2,0.824109
50,3,7,res9,cifar10,0.03,1,base.6,0.677362
50,3,7,res9,cifar10,0.03,2,base.7,0.619489
50,3,7,res9,cifar10,0.03,3,base.11,0.637711
50,3,7,res9,cifar10,0.03,4,base.15,0.557128
50,3,7,res9,cifar10,0.03,5,base.16,0.393338
50,3,7,res9,cifar10,0.03,6,base.17,0.393338
50,3,7,res9,cifar10,0.03,7,base.18,0.393338
50,3,7,res9,cifar10,0.03,8,classifier,0.337774
50,3,8,res9,cifar10,0.03,0,base.2,0.946027
50,3,8,res9,cifar10,0.03,1,base.6,0.867006
50,3,8,res9,cifar10,0.03,2,base.7,0.931585
50,3,8,res9,cifar10,0.03,3,base.11,0.954213
50,3,8,res9,cifar10,0.03,4,base.15,0.759118
50,3,8,res9,cifar10,0.03,5,base.16,0.204500
50,3,8,res9,cifar10,0.03,6,base.17,0.204500
50,3,8,res9,cifar10,0.03,7,base.18,0.204500
50,3,8,res9,cifar10,0.03,8,classifier,0.094422
50,3,9,res9,cifar10,0.03,0,base.2,0.856496
50,3,9,res9,cifar10,0.03,1,base.6,0.802514
50,3,9,res9,cifar10,0.03,2,base.7,0.840308
50,3,9,res9,cifar10,0.03,3,base.11,0.847169
50,3,9,res9,cifar10,0.03,4,base.15,0.682994
50,3,9,res9,cifar10,0.03,5,base.16,0.360892
50,3,9,res9,cifar10,0.03,6,base.17,0.360892
50,3,9,res9,cifar10,0.03,7,base.18,0.360892
50,3,9,res9,cifar10,0.03,8,classifier,0.316556
50,4,5,res9,cifar10,0.03,0,base.2,0.982690
50,4,5,res9,cifar10,0.03,1,base.6,0.967425
50,4,5,res9,cifar10,0.03,2,base.7,0.975941
50,4,5,res9,cifar10,0.03,3,base.11,0.968074
50,4,5,res9,cifar10,0.03,4,base.15,0.918165
50,4,5,res9,cifar10,0.03,5,base.16,0.615737
50,4,5,res9,cifar10,0.03,6,base.17,0.615737
50,4,5,res9,cifar10,0.03,7,base.18,0.615737
50,4,5,res9,cifar10,0.03,8,classifier,0.371942
50,4,6,res9,cifar10,0.03,0,base.2,0.963279
50,4,6,res9,cifar10,0.03,1,base.6,0.930619
50,4,6,res9,cifar10,0.03,2,base.7,0.940445
50,4,6,res9,cifar10,0.03,3,base.11,0.958260
50,4,6,res9,cifar10,0.03,4,base.15,0.893415
50,4,6,res9,cifar10,0.03,5,base.16,0.420634
50,4,6,res9,cifar10,0.03,6,base.17,0.420634
50,4,6,res9,cifar10,0.03,7,base.18,0.420634
50,4,6,res9,cifar10,0.03,8,classifier,0.041734
50,4,7,res9,cifar10,0.03,0,base.2,0.906518
50,4,7,res9,cifar10,0.03,1,base.6,0.862571
50,4,7,res9,cifar10,0.03,2,base.7,0.814255
50,4,7,res9,cifar10,0.03,3,base.11,0.816266
50,4,7,res9,cifar10,0.03,4,base.15,0.743047
50,4,7,res9,cifar10,0.03,5,base.16,0.408702
50,4,7,res9,cifar10,0.03,6,base.17,0.408702
50,4,7,res9,cifar10,0.03,7,base.18,0.408702
50,4,7,res9,cifar10,0.03,8,classifier,0.150236
50,4,8,res9,cifar10,0.03,0,base.2,0.985146
50,4,8,res9,cifar10,0.03,1,base.6,0.959679
50,4,8,res9,cifar10,0.03,2,base.7,0.971467
50,4,8,res9,cifar10,0.03,3,base.11,0.985052
50,4,8,res9,cifar10,0.03,4,base.15,0.877963
50,4,8,res9,cifar10,0.03,5,base.16,0.484824
50,4,8,res9,cifar10,0.03,6,base.17,0.484824
50,4,8,res9,cifar10,0.03,7,base.18,0.484824
50,4,8,res9,cifar10,0.03,8,classifier,0.105868
50,4,9,res9,cifar10,0.03,0,base.2,0.922375
50,4,9,res9,cifar10,0.03,1,base.6,0.935522
50,4,9,res9,cifar10,0.03,2,base.7,0.931924
50,4,9,res9,cifar10,0.03,3,base.11,0.937089
50,4,9,res9,cifar10,0.03,4,base.15,0.839107
50,4,9,res9,cifar10,0.03,5,base.16,0.517668
50,4,9,res9,cifar10,0.03,6,base.17,0.517668
50,4,9,res9,cifar10,0.03,7,base.18,0.517668
50,4,9,res9,cifar10,0.03,8,classifier,0.108099
50,5,6,res9,cifar10,0.03,0,base.2,0.941567
50,5,6,res9,cifar10,0.03,1,base.6,0.869704
50,5,6,res9,cifar10,0.03,2,base.7,0.887891
50,5,6,res9,cifar10,0.03,3,base.11,0.884827
50,5,6,res9,cifar10,0.03,4,base.15,0.834863
50,5,6,res9,cifar10,0.03,5,base.16,0.669986
50,5,6,res9,cifar10,0.03,6,base.17,0.669986
50,5,6,res9,cifar10,0.03,7,base.18,0.669986
50,5,6,res9,cifar10,0.03,8,classifier,0.050905
50,5,7,res9,cifar10,0.03,0,base.2,0.923812
50,5,7,res9,cifar10,0.03,1,base.6,0.907228
50,5,7,res9,cifar10,0.03,2,base.7,0.809916
50,5,7,res9,cifar10,0.03,3,base.11,0.824763
50,5,7,res9,cifar10,0.03,4,base.15,0.814365
50,5,7,res9,cifar10,0.03,5,base.16,0.629160
50,5,7,res9,cifar10,0.03,6,base.17,0.629160
50,5,7,res9,cifar10,0.03,7,base.18,0.629160
50,5,7,res9,cifar10,0.03,8,classifier,0.231039
50,5,8,res9,cifar10,0.03,0,base.2,0.982921
50,5,8,res9,cifar10,0.03,1,base.6,0.962656
50,5,8,res9,cifar10,0.03,2,base.7,0.945766
50,5,8,res9,cifar10,0.03,3,base.11,0.937543
50,5,8,res9,cifar10,0.03,4,base.15,0.910267
50,5,8,res9,cifar10,0.03,5,base.16,0.779314
50,5,8,res9,cifar10,0.03,6,base.17,0.779314
50,5,8,res9,cifar10,0.03,7,base.18,0.779314
50,5,8,res9,cifar10,0.03,8,classifier,0.119323
50,5,9,res9,cifar10,0.03,0,base.2,0.950260
50,5,9,res9,cifar10,0.03,1,base.6,0.978336
50,5,9,res9,cifar10,0.03,2,base.7,0.953557
50,5,9,res9,cifar10,0.03,3,base.11,0.960578
50,5,9,res9,cifar10,0.03,4,base.15,0.930055
50,5,9,res9,cifar10,0.03,5,base.16,0.804136
50,5,9,res9,cifar10,0.03,6,base.17,0.804136
50,5,9,res9,cifar10,0.03,7,base.18,0.804136
50,5,9,res9,cifar10,0.03,8,classifier,0.164083
50,6,7,res9,cifar10,0.03,0,base.2,0.877047
50,6,7,res9,cifar10,0.03,1,base.6,0.776262
50,6,7,res9,cifar10,0.03,2,base.7,0.718662
50,6,7,res9,cifar10,0.03,3,base.11,0.693822
50,6,7,res9,cifar10,0.03,4,base.15,0.635661
50,6,7,res9,cifar10,0.03,5,base.16,0.384007
50,6,7,res9,cifar10,0.03,6,base.17,0.384007
50,6,7,res9,cifar10,0.03,7,base.18,0.384007
50,6,7,res9,cifar10,0.03,8,classifier,0.100158
50,6,8,res9,cifar10,0.03,0,base.2,0.965668
50,6,8,res9,cifar10,0.03,1,base.6,0.925369
50,6,8,res9,cifar10,0.03,2,base.7,0.970693
50,6,8,res9,cifar10,0.03,3,base.11,0.983459
50,6,8,res9,cifar10,0.03,4,base.15,0.835721
50,6,8,res9,cifar10,0.03,5,base.16,0.509587
50,6,8,res9,cifar10,0.03,6,base.17,0.509587
50,6,8,res9,cifar10,0.03,7,base.18,0.509587
50,6,8,res9,cifar10,0.03,8,classifier,0.185569
50,6,9,res9,cifar10,0.03,0,base.2,0.897462
50,6,9,res9,cifar10,0.03,1,base.6,0.846166
50,6,9,res9,cifar10,0.03,2,base.7,0.876718
50,6,9,res9,cifar10,0.03,3,base.11,0.877741
50,6,9,res9,cifar10,0.03,4,base.15,0.751909
50,6,9,res9,cifar10,0.03,5,base.16,0.623357
50,6,9,res9,cifar10,0.03,6,base.17,0.623357
50,6,9,res9,cifar10,0.03,7,base.18,0.623357
50,6,9,res9,cifar10,0.03,8,classifier,0.215252
50,7,8,res9,cifar10,0.03,0,base.2,0.929212
50,7,8,res9,cifar10,0.03,1,base.6,0.915206
50,7,8,res9,cifar10,0.03,2,base.7,0.815798
50,7,8,res9,cifar10,0.03,3,base.11,0.779953
50,7,8,res9,cifar10,0.03,4,base.15,0.830343
50,7,8,res9,cifar10,0.03,5,base.16,0.620285
50,7,8,res9,cifar10,0.03,6,base.17,0.620285
50,7,8,res9,cifar10,0.03,7,base.18,0.620285
50,7,8,res9,cifar10,0.03,8,classifier,0.548624
50,7,9,res9,cifar10,0.03,0,base.2,0.983958
50,7,9,res9,cifar10,0.03,1,base.6,0.950706
50,7,9,res9,cifar10,0.03,2,base.7,0.815585
50,7,9,res9,cifar10,0.03,3,base.11,0.804655
50,7,9,res9,cifar10,0.03,4,base.15,0.844177
50,7,9,res9,cifar10,0.03,5,base.16,0.769986
50,7,9,res9,cifar10,0.03,6,base.17,0.769986
50,7,9,res9,cifar10,0.03,7,base.18,0.769986
50,7,9,res9,cifar10,0.03,8,classifier,0.581749
50,8,9,res9,cifar10,0.03,0,base.2,0.944059
50,8,9,res9,cifar10,0.03,1,base.6,0.970547
50,8,9,res9,cifar10,0.03,2,base.7,0.946169
50,8,9,res9,cifar10,0.03,3,base.11,0.934960
50,8,9,res9,cifar10,0.03,4,base.15,0.901555
50,8,9,res9,cifar10,0.03,5,base.16,0.756309
50,8,9,res9,cifar10,0.03,6,base.17,0.756309
50,8,9,res9,cifar10,0.03,7,base.18,0.756309
50,8,9,res9,cifar10,0.03,8,classifier,0.686805
