[FedLateGram] _detect_late_layers: 17 units (expanded from 6 depth-1 children), cutoff=9 → 9 late prefixes                                                                                                                                 
[FedLateGram] Late layers (9): ['base.layers.5', 'base.layers.6', 'base.layers.7', 'base.layers.8', 'base.layers.9', 'base.layers.10', 'base.layers.11', 'base.norm_f', 'classifier']                                                      
==================== FedLateGram ====================                                                                                                                                                                                      
Experiment Arguments:                                                                                                                                                                                                                      
{
│   'method': 'fedlategram',
│   'dataset': {
│   │   'name': 'cifar10',
│   │   'partition_dir': 'partitions/alpha_0.3/seed_42',
│   │   'client_num': 10,
│   │   'test_ratio': 0.25,
│   │   'val_ratio': 0.0,
│   │   'seed': 42,
│   │   'split': 'sample',
│   │   'IID_ratio': 0.0,
│   │   'alpha': 0.3,
│   │   'min_samples_per_client': 10,
│   │   'sample_fraction': 0.1,
│   │   'subset_seed': 42,
│   │   'monitor_window_name_suffix': 'cifar10-10clients-0%IID-Dir(0.3)-seed42-10pct'
│   },
│   'model': {
│   │   'name': 'vim_tiny',
│   │   'use_torchvision_pretrained_weights': False,
│   │   'external_model_weights_path': None
│   },
│   'optimizer': {
│   │   'lr': 0.01,
│   │   'dampening': 0,
│   │   'weight_decay': 0.0001,
│   │   'momentum': 0.9,
│   │   'nesterov': False,
│   │   'name': 'sgd'
│   },
│   'mode': 'serial',
│   'parallel': {
│   │   'ray_cluster_addr': None,
│   │   'num_cpus': None,
│   │   'num_gpus': None,
│   │   'num_workers': 4
│   },
│   'common': {
│   │   'seed': 42,
│   │   'join_ratio': 1.0,
│   │   'global_epoch': 50,
│   │   'local_epoch': 5,
│   │   'batch_size': 32,
│   │   'reset_optimizer_on_global_epoch': True,
│   │   'straggler_ratio': 0,
│   │   'straggler_min_local_epoch': 0,
│   │   'buffers': 'global',
│   │   'client_side_evaluation': True,
│   │   'test': {
│   │   │   'client': {
│   │   │   │   'interval': 1,
│   │   │   │   'finetune_epoch': 0,
│   │   │   │   'train': False,
│   │   │   │   'val': False,
│   │   │   │   'test': True
│   │   │   },
│   │   │   'server': {
│   │   │   │   'interval': 1,
│   │   │   │   'train': False,
│   │   │   │   'val': False,
│   │   │   │   'test': True,
│   │   │   │   'model_in_train_mode': False
│   │   │   }
│   │   },
│   │   'verbose_gap': 10,
│   │   'monitor': 'tensorboard',
│   │   'use_cuda': True,
│   │   'save_log': True,
│   │   'save_model': False,
│   │   'save_learning_curve_plot': True,
│   │   'save_metrics': True,
│   │   'delete_useless_run': True,
│   │   'dataloader_num_workers': 2,
│   │   'resume_checkpoint': None
│   },
│   'fedlategram': {
│   │   'lam': 0.15,
│   │   'tau_cka': 0.85,
│   │   'late_fraction': 0.45,
│   │   'freeze_strategy': 'slow_update',
│   │   'T_warm': 10,
│   │   'alpha_early_lr': 1,
│   │   'freq_early': 1,
│   │   'gram_ref': 'proxy',
│   │   'proxy_size': 256,
│   │   'lam_adaptive': True,
│   │   'mu_clf': 0.1
│   },
│   'cka': {
│   │   'rounds': [
│   │   │   1,
│   │   │   2,
│   │   │   5,
│   │   │   10,
│   │   │   20,
│   │   │   30,
│   │   │   40,
│   │   │   50
│   │   ],
│   │   'client_sample': 10,
│   │   'probe_batches': 20,
│   │   'probe_batch_size': 16
│   },
│   'ckadriftfedavg': {}
}
---------------------------- ROUND 1/50 START ----------------------------                                                                                                                                                                 
Selected clients: [1, 0, 4, 9, 6, 5, 8, 2, 3, 7]                                                                                                                                                                                           
  [Client 1] Starting local training...                                                                                                                                                                                                    
  [Client 1] Finished training in 15.14s                                                                                                                                                                                                   
  [Client 0] Starting local training...                                                                                                                                                                                                    
  [Client 0] Finished training in 12.23s                                                                                                                                                                                                   
  [Client 4] Starting local training...                                                                                                                                                                                                    
  [Client 4] Finished training in 3.17s                                                                                                                                                                                                    
  [Client 9] Starting local training...                                                                                                                                                                                                    
  [Client 9] Finished training in 6.36s                                                                                                                                                                                                    
  [Client 6] Starting local training...                                                                                                                                                                                                    
  [Client 6] Finished training in 6.13s                                                                                                                                                                                                    
  [Client 5] Starting local training...                                                                                                                                                                                                    
  [Client 5] Finished training in 10.21s                                                                                                                                                                                                   
  [Client 8] Starting local training...                                                                                                                                                                                                    
  [Client 8] Finished training in 9.80s                                                                                                                                                                                                    
  [Client 2] Starting local training...                                                                                                                                                                                                    
  [Client 2] Finished training in 8.12s                                                                                                                                                                                                    
  [Client 3] Starting local training...                                                                                                                                                                                                    
  [Client 3] Finished training in 3.26s                                                                                                                                                                                                    
  [Client 7] Starting local training...                                                                                                                                                                                                    
  [Client 7] Finished training in 3.06s                                                                                                                                                                                                    
[Round 0] layer_lambdas: 5=0.0221, 6=0.0196, 7=0.0218, 8=0.0234, 9=0.0218, 10=0.0195, 11=0.0219, norm_f=0.0000                                                                                                                             
[FedLateGram Round 1] avg task: 1.5457 | avg gram: 0.1058 | avg prox_clf: 0.0094                                                                                                                                                           
  [CKA] Saved checkpoints for round 1 (10 clients) → /home/luis.mendezl/Thesis/logs/runs/cifar10/fedlategram/vim_tiny/alpha0.3/seed42_seven/checkpoints/round_0001                                                                         
ROUND 1 FINISHED in 84.16s (Avg: 84.16s)                                                                                                                                                                                                   
  [FedLateGram] Saved checkpoint after round 1 → /home/luis.mendezl/Thesis/logs/runs/cifar10/fedlategram/vim_tiny/alpha0.3/seed42_seven/checkpoints/training_state.pt                                                                      
---------------------------- ROUND 2/50 START ----------------------------                                                                                                                                                                 
Selected clients: [0, 9, 1, 7, 6, 4, 8, 2, 3, 5]                                                                                                                                                                                           
  [Client 0] Starting local training...                                                                                                                                                                                                    
  [Client 0] Finished training in 12.92s                                                                                                                                                                                                   
  [Client 9] Starting local training...                                                                                                                                                                                                    
  [Client 9] Finished training in 6.81s                                                                                                                                                                                                    
  [Client 1] Starting local training...                                                                                                                                                                                                    
  [Client 1] Finished training in 13.67s                                                                                                                                                                                                   
  [Client 7] Starting local training...                                                                                                                                                                                                    
  [Client 7] Finished training in 3.67s                                                                                                                                                                                                    
  [Client 6] Starting local training...                                                                                                                                                                                                    
  [Client 6] Finished training in 6.16s                                                                                                                                                                                                    
  [Client 4] Starting local training...                                                                                                                                                                                                    
  [Client 4] Finished training in 3.20s                                                                                                                                                                                                    
  [Client 8] Starting local training...                                                                                                                                                                                                    
  [Client 8] Finished training in 9.16s                                                                                                                                                                                                    
  [Client 2] Starting local training...                                                                                                                                                                                                    
  [Client 2] Finished training in 8.22s                                                                                                                                                                                                    
  [Client 3] Starting local training...                                                                                                                                                                                                    
  [Client 3] Finished training in 3.50s                                                                                                                                                                                                    
  [Client 5] Starting local training...                                                                                                                                                                                                    
  [Client 5] Finished training in 10.12s                                                                                                                                                                                                   
[Round 1] layer_lambdas: 5=0.0224, 6=0.0209, 7=0.0240, 8=0.0176, 9=0.0238, 10=0.0202, 11=0.0210, norm_f=0.0000                                                                                                                             
[FedLateGram Round 2] avg task: 1.4824 | avg gram: 0.0093 | avg prox_clf: 0.0119                                                                                                                                                           
  [CKA] Saved checkpoints for round 2 (10 clients) → /home/luis.mendezl/Thesis/logs/runs/cifar10/fedlategram/vim_tiny/alpha0.3/seed42_seven/checkpoints/round_0002                                                                         
ROUND 2 FINISHED in 80.03s (Avg: 82.10s)                                                                                                                                                                                                   
  [FedLateGram] Saved checkpoint after round 2 → /home/luis.mendezl/Thesis/logs/runs/cifar10/fedlategram/vim_tiny/alpha0.3/seed42_seven/checkpoints/training_state.pt                                                                      
---------------------------- ROUND 3/50 START ----------------------------                                                                                                                                                                 
Selected clients: [3, 7, 4, 6, 0, 1, 9, 8, 2, 5]                                                                                                                                                                                           
  [Client 3] Starting local training...                                                                                                                                                                                                    
  [Client 3] Finished training in 3.47s                                                                                                                                                                                                    
  [Client 7] Starting local training...                                                                                                                                                                                                    
  [Client 7] Finished training in 3.63s                                                                                                                                                                                                    
  [Client 4] Starting local training...                                                                                                                                                                                                    
  [Client 4] Finished training in 3.19s                                                                                                                                                                                                    
  [Client 6] Starting local training...                                                                                                                                                                                                    
  [Client 6] Finished training in 6.75s                                                                                                                                                                                                    
  [Client 0] Starting local training...                                                                                                                                                                                                    
  [Client 0] Finished training in 12.54s                                                                                                                                                                                                   
  [Client 1] Starting local training...                                                                                                                                                                                                    
  [Client 1] Finished training in 15.26s                                                                                                                                                                                                   
  [Client 9] Starting local training...                                                                                                                                                                                                    
  [Client 9] Finished training in 6.54s                                                                                                                                                                                                    
  [Client 8] Starting local training...                                                                                                                                                                                                    
  [Client 8] Finished training in 10.80s                                                                                                                                                                                                   
  [Client 2] Starting local training...                                                                                                                                                                                                    
  [Client 2] Finished training in 7.65s                                                                                                                                                                                                    
  [Client 5] Starting local training...                                                                                                                                                                                                    
  [Client 5] Finished training in 9.44s                                                                                                                                                                                                    
[Round 2] layer_lambdas: 5=0.0231, 6=0.0192, 7=0.0237, 8=0.0188, 9=0.0246, 10=0.0209, 11=0.0197, norm_f=0.0000                                                                                                                             
[FedLateGram Round 3] avg task: 1.4548 | avg gram: 0.0087 | avg prox_clf: 0.0130                                                                                                                                                           
ROUND 3 FINISHED in 80.15s (Avg: 81.45s)                                                                                                                                                                                                   
  [FedLateGram] Saved checkpoint after round 3 → /home/luis.mendezl/Thesis/logs/runs/cifar10/fedlategram/vim_tiny/alpha0.3/seed42_seven/checkpoints/training_state.pt                                                                      
---------------------------- ROUND 4/50 START ----------------------------                                                                                                                                                                 
Selected clients: [3, 5, 1, 0, 9, 6, 2, 7, 8, 4]                                                                                                                                                                                           
  [Client 3] Starting local training...                                                                                                                                                                                                    
  [Client 3] Finished training in 3.73s                                                                                                                                                                                                    
  [Client 5] Starting local training...                                                                                                                                                                                                    
  [Client 5] Finished training in 8.67s                                                                                                                                                                                                    
  [Client 1] Starting local training...                                                                                                                                                                                                    
  [Client 1] Finished training in 13.48s                                                                                                                                                                                                   
  [Client 0] Starting local training...                                                                                                                                                                                                    
  [Client 0] Finished training in 13.65s                                                                                                                                                                                                   
  [Client 9] Starting local training...                                                                                                                                                                                                    
  [Client 9] Finished training in 6.26s                                                                                                                                                                                                    
  [Client 6] Starting local training...                                                                                                                                                                                                    
  [Client 6] Finished training in 6.63s                                                                                                                                                                                                    
  [Client 2] Starting local training...                                                                                                                                                                                                    
  [Client 2] Finished training in 7.83s                                                                                                                                                                                                    
  [Client 7] Starting local training...                                                                                                                                                                                                    
  [Client 7] Finished training in 3.63s                                                                                                                                                                                                    
  [Client 8] Starting local training...                                                                                                                                                                                                    
  [Client 8] Finished training in 8.66s                                                                                                                                                                                                    
  [Client 4] Starting local training...                                                                                                                                                                                                    
  [Client 4] Finished training in 4.01s                                                                                                                                                                                                    
[Round 3] layer_lambdas: 5=0.0255, 6=0.0171, 7=0.0247, 8=0.0169, 9=0.0261, 10=0.0208, 11=0.0188, norm_f=0.0000                                                                                                                             
[FedLateGram Round 4] avg task: 1.4119 | avg gram: 0.0078 | avg prox_clf: 0.0130                                                                                                                                                           
ROUND 4 FINISHED in 77.52s (Avg: 80.47s)                                                                                                                                                                                                   
  [FedLateGram] Saved checkpoint after round 4 → /home/luis.mendezl/Thesis/logs/runs/cifar10/fedlategram/vim_tiny/alpha0.3/seed42_seven/checkpoints/training_state.pt                                                                      
---------------------------- ROUND 5/50 START ----------------------------                                                                                                                                                                 
Selected clients: [7, 8, 1, 3, 0, 4, 2, 6, 9, 5]                                                                                                                                                                                           
  [Client 7] Starting local training...                                                                                                                                                                                                    
  [Client 7] Finished training in 3.59s                                                                                                                                                                                                    
  [Client 8] Starting local training...                                                                                                                                                                                                    
  [Client 8] Finished training in 10.79s                                                                                                                                                                                                   
  [Client 1] Starting local training...                                                                                                                                                                                                    
  [Client 1] Finished training in 13.22s                                                                                                                                                                                                   
  [Client 3] Starting local training...                                                                                                                                                                                                    
  [Client 3] Finished training in 3.70s                                                                                                                                                                                                    
  [Client 0] Starting local training...                                                                                                                                                                                                    
  [Client 0] Finished training in 13.69s                                                                                                                                                                                                   
  [Client 4] Starting local training...                                                                                                                                                                                                    
  [Client 4] Finished training in 2.94s                                                                                                                                                                                                    
  [Client 2] Starting local training...                                                                                                                                                                                                    
  [Client 2] Finished training in 6.73s                                                                                                                                                                                                    
  [Client 6] Starting local training...                                                                                                                                                                                                    
  [Client 6] Finished training in 6.18s                                                                                                                                                                                                    
  [Client 9] Starting local training...                                                                                                                                                                                                    
  [Client 9] Finished training in 6.43s                                                                                                                                                                                                    
  [Client 5] Starting local training...                                                                                                                                                                                                    
  [Client 5] Finished training in 10.38s                                                                                                                                                                                                   
[Round 4] layer_lambdas: 5=0.0279, 6=0.0183, 7=0.0256, 8=0.0168, 9=0.0242, 10=0.0230, 11=0.0143, norm_f=0.0000                                                                                                                             
[FedLateGram Round 5] avg task: 1.3763 | avg gram: 0.0066 | avg prox_clf: 0.0138                                                                                                                                                           
  [CKA] Saved checkpoints for round 5 (10 clients) → /home/luis.mendezl/Thesis/logs/runs/cifar10/fedlategram/vim_tiny/alpha0.3/seed42_seven/checkpoints/round_0005                                                                         
ROUND 5 FINISHED in 80.28s (Avg: 80.43s)                                                                                                                                                                                                   
  [FedLateGram] Saved checkpoint after round 5 → /home/luis.mendezl/Thesis/logs/runs/cifar10/fedlategram/vim_tiny/alpha0.3/seed42_seven/checkpoints/training_state.pt                                                                      
---------------------------- ROUND 6/50 START ----------------------------                                                                                                                                                                 
Selected clients: [1, 0, 3, 6, 2, 8, 9, 4, 7, 5]                                                                                                                                                                                           
  [Client 1] Starting local training...                                                                                                                                                                                                    
  [Client 1] Finished training in 14.54s                                                                                                                                                                                                   
  [Client 0] Starting local training...                                                                                                                                                                                                    
  [Client 0] Finished training in 12.01s                                                                                                                                                                                                   
  [Client 3] Starting local training...                                                                                                                                                                                                    
  [Client 3] Finished training in 3.80s                                                                                                                                                                                                    
  [Client 6] Starting local training...                                                                                                                                                                                                    
  [Client 6] Finished training in 5.73s                                                                                                                                                                                                    
  [Client 2] Starting local training...                                                                                                                                                                                                    
  [Client 2] Finished training in 7.63s                                                                                                                                                                                                    
  [Client 8] Starting local training...                                                                                                                                                                                                    
  [Client 8] Finished training in 10.75s                                                                                                                                                                                                   
  [Client 9] Starting local training...                                                                                                                                                                                                    
  [Client 9] Finished training in 6.18s                                                                                                                                                                                                    
  [Client 4] Starting local training...                                                                                                                                                                                                    
  [Client 4] Finished training in 3.39s                                                                                                                                                                                                    
  [Client 7] Starting local training...                                                                                                                                                                                                    
  [Client 7] Finished training in 3.81s                                                                                                                                                                                                    
  [Client 5] Starting local training...                                                                                                                                                                                                    
  [Client 5] Finished training in 10.42s                                                                                                                                                                                                   
[Round 5] layer_lambdas: 5=0.0291, 6=0.0156, 7=0.0283, 8=0.0175, 9=0.0205, 10=0.0250, 11=0.0141, norm_f=0.0000                                                                                                                             
[FedLateGram Round 6] avg task: 1.3018 | avg gram: 0.0052 | avg prox_clf: 0.0142                                                                                                                                                           
ROUND 6 FINISHED in 79.19s (Avg: 80.22s)                                                                                                                                                                                                   
  [FedLateGram] Saved checkpoint after round 6 → /home/luis.mendezl/Thesis/logs/runs/cifar10/fedlategram/vim_tiny/alpha0.3/seed42_seven/checkpoints/training_state.pt                                                                      
---------------------------- ROUND 7/50 START ----------------------------                                                                                                                                                                 
Selected clients: [7, 5, 2, 9, 6, 1, 8, 3, 0, 4]                                                                                                                                                                                           
  [Client 7] Starting local training...                                                                                                                                                                                                    
  [Client 7] Finished training in 3.16s                                                                                                                                                                                                    
  [Client 5] Starting local training...                                                                                                                                                                                                    
  [Client 5] Finished training in 9.90s                                                                                                                                                                                                    
  [Client 2] Starting local training...                                                                                                                                                                                                    
  [Client 2] Finished training in 7.68s                                                                                                                                                                                                    
  [Client 9] Starting local training...                                                                                                                                                                                                    
  [Client 9] Finished training in 6.04s                                                                                                                                                                                                    
  [Client 6] Starting local training...                                                                                                                                                                                                    
  [Client 6] Finished training in 6.46s                                                                                                                                                                                                    
  [Client 1] Starting local training...                                                                                                                                                                                                    
  [Client 1] Finished training in 13.95s                                                                                                                                                                                                   
  [Client 8] Starting local training...                                                                                                                                                                                                    
  [Client 8] Finished training in 11.06s                                                                                                                                                                                                   
  [Client 3] Starting local training...                                                                                                                                                                                                    
  [Client 3] Finished training in 3.31s                                                                                                                                                                                                    
  [Client 0] Starting local training...                                                                                                                                                                                                    
  [Client 0] Finished training in 12.14s                                                                                                                                                                                                   
  [Client 4] Starting local training...                                                                                                                                                                                                    
  [Client 4] Finished training in 3.12s                                                                                                                                                                                                    
[Round 6] layer_lambdas: 5=0.0284, 6=0.0156, 7=0.0254, 8=0.0185, 9=0.0226, 10=0.0256, 11=0.0139, norm_f=0.0000                                                                                                                             
[FedLateGram Round 7] avg task: 1.2469 | avg gram: 0.0042 | avg prox_clf: 0.0134                                                                                                                                                           
ROUND 7 FINISHED in 77.73s (Avg: 79.87s)                                                                                                                                                                                                   
  [FedLateGram] Saved checkpoint after round 7 → /home/luis.mendezl/Thesis/logs/runs/cifar10/fedlategram/vim_tiny/alpha0.3/seed42_seven/checkpoints/training_state.pt                                                                      
---------------------------- ROUND 8/50 START ----------------------------                                                                                                                                                                 
Selected clients: [8, 3, 2, 9, 6, 7, 1, 4, 5, 0]                                                                                                                                                                                           
  [Client 8] Starting local training...                                                                                                                                                                                                    
  [Client 8] Finished training in 10.87s                                                                                                                                                                                                   
  [Client 3] Starting local training...                                                                                                                                                                                                    
  [Client 3] Finished training in 3.40s                                                                                                                                                                                                    
  [Client 2] Starting local training...                                                                                                                                                                                                    
  [Client 2] Finished training in 7.61s                                                                                                                                                                                                    
  [Client 9] Starting local training...                                                                                                                                                                                                    
  [Client 9] Finished training in 5.78s                                                                                                                                                                                                    
  [Client 6] Starting local training...                                                                                                                                                                                                    
  [Client 6] Finished training in 6.55s                                                                                                                                                                                                    
  [Client 7] Starting local training...                                                                                                                                                                                                    
  [Client 7] Finished training in 3.76s                                                                                                                                                                                                    
  [Client 1] Starting local training...                                                                                                                                                                                                    
  [Client 1] Finished training in 11.58s                                                                                                                                                                                                   
  [Client 4] Starting local training...                                                                                                                                                                                                    
  [Client 4] Finished training in 3.28s                                                                                                                                                                                                    
  [Client 5] Starting local training...                                                                                                                                                                                                    
  [Client 5] Finished training in 10.49s                                                                                                                                                                                                   
  [Client 0] Starting local training...                                                                                                                                                                                                    
  [Client 0] Finished training in 13.22s                                                                                                                                                                                                   
[Round 7] layer_lambdas: 5=0.0304, 6=0.0170, 7=0.0255, 8=0.0171, 9=0.0208, 10=0.0237, 11=0.0155, norm_f=0.0000                                                                                                                             
[FedLateGram Round 8] avg task: 1.2124 | avg gram: 0.0031 | avg prox_clf: 0.0137                                                                                                                                                           
ROUND 8 FINISHED in 77.51s (Avg: 79.57s)                                                                                                                                                                                                   
  [FedLateGram] Saved checkpoint after round 8 → /home/luis.mendezl/Thesis/logs/runs/cifar10/fedlategram/vim_tiny/alpha0.3/seed42_seven/checkpoints/training_state.pt                                                                      
---------------------------- ROUND 9/50 START ----------------------------                                                                                                                                                                 
Selected clients: [3, 0, 5, 9, 2, 8, 1, 7, 6, 4]                                                                                                                                                                                           
  [Client 3] Starting local training...                                                                                                                                                                                                    
  [Client 3] Finished training in 4.01s                                                                                                                                                                                                    
  [Client 0] Starting local training...                                                                                                                                                                                                    
  [Client 0] Finished training in 13.51s                                                                                                                                                                                                   
  [Client 5] Starting local training...                                                                                                                                                                                                    
  [Client 5] Finished training in 8.75s                                                                                                                                                                                                    
  [Client 9] Starting local training...                                                                                                                                                                                                    
  [Client 9] Finished training in 6.92s                                                                                                                                                                                                    
  [Client 2] Starting local training...                                                                                                                                                                                                    
  [Client 2] Finished training in 7.31s                                                                                                                                                                                                    
  [Client 8] Starting local training...                                                                                                                                                                                                    
  [Client 8] Finished training in 10.19s                                                                                                                                                                                                   
  [Client 1] Starting local training...                                                                                                                                                                                                    
  [Client 1] Finished training in 14.97s                                                                                                                                                                                                   
  [Client 7] Starting local training...                                                                                                                                                                                                    
  [Client 7] Finished training in 3.67s                                                                                                                                                                                                    
  [Client 6] Starting local training...                                                                                                                                                                                                    
  [Client 6] Finished training in 6.16s                                                                                                                                                                                                    
  [Client 4] Starting local training...                                                                                                                                                                                                    
  [Client 4] Finished training in 3.33s                                                                                                                                                                                                    
[Round 8] layer_lambdas: 5=0.0235, 6=0.0167, 7=0.0212, 8=0.0221, 9=0.0239, 10=0.0260, 11=0.0166, norm_f=0.0000                                                                                                                             
[FedLateGram Round 9] avg task: 1.1929 | avg gram: 0.0024 | avg prox_clf: 0.0131                                                                                                                                                           
ROUND 9 FINISHED in 79.78s (Avg: 79.59s)                                                                                                                                                                                                   
  [FedLateGram] Saved checkpoint after round 9 → /home/luis.mendezl/Thesis/logs/runs/cifar10/fedlategram/vim_tiny/alpha0.3/seed42_seven/checkpoints/training_state.pt                                                                      
---------------------------- ROUND 10/50 START ----------------------------                                                                                                                                                                
Selected clients: [7, 6, 9, 1, 2, 8, 4, 5, 3, 0]                                                                                                                                                                                           
  [Client 7] Starting local training...                                                                                                                                                                                                    
  [Client 7] Finished training in 3.93s                                                                                                                                                                                                    
client [7]  (testset)   loss: 2.0413 -> 1.1240  accuracy: 22.00% -> 58.00%                                                                                                                                                                 
  [Client 6] Starting local training...                                                                                                                                                                                                    
  [Client 6] Finished training in 6.28s                                                                                                                                                                                                    
client [6]  (testset)   loss: 1.4909 -> 1.3633  accuracy: 42.61% -> 44.35%                                                                                                                                                                 
  [Client 9] Starting local training...                                                                                                                                                                                                    
  [Client 9] Finished training in 6.26s                                                                                                                                                                                                    
client [9]  (testset)   loss: 1.9286 -> 1.8038  accuracy: 27.27% -> 40.00%                                                                                                                                                                 
  [Client 1] Starting local training...                                                                                                                                                                                                    
  [Client 1] Finished training in 13.55s                                                                                                                                                                                                   
client [1]  (testset)   loss: 1.9740 -> 1.4705  accuracy: 23.39% -> 48.81%                                                                                                                                                                 
  [Client 2] Starting local training...                                                                                                                                                                                                    
  [Client 2] Finished training in 7.74s                                                                                                                                                                                                    
client [2]  (testset)   loss: 1.7372 -> 1.7945  accuracy: 46.43% -> 43.57%                                                                                                                                                                 
  [Client 8] Starting local training...                                                                                                                                                                                                    
  [Client 8] Finished training in 10.57s                                                                                                                                                                                                   
client [8]  (testset)   loss: 1.8459 -> 1.3179  accuracy: 38.89% -> 55.09%                                                                                                                                                                 
  [Client 4] Starting local training...                                                                                                                                                                                                    
  [Client 4] Finished training in 3.19s                                                                                                                                                                                                    
client [4]  (testset)   loss: 1.7830 -> 0.7431  accuracy: 32.43% -> 78.38%                                                                                                                                                                 
  [Client 5] Starting local training...                                                                                                                                                                                                    
  [Client 5] Finished training in 10.03s                                                                                                                                                                                                   
client [5]  (testset)   loss: 2.1144 -> 0.8988  accuracy: 18.57% -> 68.57%                                                                                                                                                                 
  [Client 3] Starting local training...                                                                                                                                                                                                    
  [Client 3] Finished training in 3.74s                                                                                                                                                                                                    
client [3]  (testset)   loss: 1.9994 -> 1.8500  accuracy: 34.88% -> 48.84%                                                                                                                                                                 
  [Client 0] Starting local training...                                                                                                                                                                                                    
  [Client 0] Finished training in 13.90s                                                                                                                                                                                                   
client [0]  (testset)   loss: 1.8963 -> 1.0588  accuracy: 29.54% -> 62.28%                                                                                                                                                                 
[Round 9] layer_lambdas: 5=0.0272, 6=0.0140, 7=0.0246, 8=0.0222, 9=0.0236, 10=0.0210, 11=0.0173, norm_f=0.0000                                                                                                                             
[FedLateGram Round 10] avg task: 1.1620 | avg gram: 0.0018 | avg prox_clf: 0.0127                                                                                                                                                          
  [CKA] Saved checkpoints for round 10 (10 clients) → /home/luis.mendezl/Thesis/logs/runs/cifar10/fedlategram/vim_tiny/alpha0.3/seed42_seven/checkpoints/round_0010                                                                        
ROUND 10 FINISHED in 81.74s (Avg: 79.81s)                                                                                                                                                                                                  
  [FedLateGram] Saved checkpoint after round 10 → /home/luis.mendezl/Thesis/logs/runs/cifar10/fedlategram/vim_tiny/alpha0.3/seed42_seven/checkpoints/training_state.pt                                                                     
---------------------------- ROUND 11/50 START ----------------------------                                                                                                                                                                
Selected clients: [9, 6, 5, 1, 8, 4, 3, 0, 2, 7]                                                                                                                                                                                           
  [Client 9] Starting local training...                                                                                                                                                                                                    
  [Client 9] Finished training in 6.28s                                                                                                                                                                                                    
  [Client 6] Starting local training...                                                                                                                                                                                                    
  [Client 6] Finished training in 6.51s                                                                                                                                                                                                    
  [Client 5] Starting local training...                                                                                                                                                                                                    
  [Client 5] Finished training in 10.23s                                                                                                                                                                                                   
  [Client 1] Starting local training...                                                                                                                                                                                                    
  [Client 1] Finished training in 13.07s                                                                                                                                                                                                   
  [Client 8] Starting local training...                                                                                                                                                                                                    
  [Client 8] Finished training in 8.78s                                                                                                                                                                                                    
  [Client 4] Starting local training...                                                                                                                                                                                                    
  [Client 4] Finished training in 3.43s                                                                                                                                                                                                    
  [Client 3] Starting local training...                                                                                                                                                                                                    
  [Client 3] Finished training in 3.82s                                                                                                                                                                                                    
  [Client 0] Starting local training...                                                                                                                                                                                                    
  [Client 0] Finished training in 13.76s                                                                                                                                                                                                   
  [Client 2] Starting local training...                                                                                                                                                                                                    
  [Client 2] Finished training in 7.72s                                                                                                                                                                                                    
  [Client 7] Starting local training...                                                                                                                                                                                                    
  [Client 7] Finished training in 3.40s                                                                                                                                                                                                    
[Round 10] layer_lambdas: 5=0.0239, 6=0.0187, 7=0.0198, 8=0.0204, 9=0.0234, 10=0.0288, 11=0.0151, norm_f=0.0000                                                                                                                            
[FedLateGram Round 11] avg task: 1.1342 | avg gram: 0.0015 | avg prox_clf: 0.0117                                                                                                                                                          
ROUND 11 FINISHED in 78.00s (Avg: 79.64s)                                                                                                                                                                                                  
  [FedLateGram] Saved checkpoint after round 11 → /home/luis.mendezl/Thesis/logs/runs/cifar10/fedlategram/vim_tiny/alpha0.3/seed42_seven/checkpoints/training_state.pt                                                                     
---------------------------- ROUND 12/50 START ----------------------------                                                                                                                                                                
Selected clients: [2, 9, 6, 4, 0, 3, 7, 8, 1, 5]                                                                                                                                                                                           
  [Client 2] Starting local training...                                                                                                                                                                                                    
  [Client 2] Finished training in 8.03s                                                                                                                                                                                                    
  [Client 9] Starting local training...                                                                                                                                                                                                    
  [Client 9] Finished training in 6.24s                                                                                                                                                                                                    
  [Client 6] Starting local training...                                                                                                                                                                                                    
  [Client 6] Finished training in 5.75s                                                                                                                                                                                                    
  [Client 4] Starting local training...                                                                                                                                                                                                    
  [Client 4] Finished training in 3.67s                                                                                                                                                                                                    
  [Client 0] Starting local training...                                                                                                                                                                                                    
  [Client 0] Finished training in 13.83s                                                                                                                                                                                                   
  [Client 3] Starting local training...                                                                                                                                                                                                    
  [Client 3] Finished training in 3.94s                                                                                                                                                                                                    
  [Client 7] Starting local training...                                                                                                                                                                                                    
  [Client 7] Finished training in 4.02s                                                                                                                                                                                                    
  [Client 8] Starting local training...                                                                                                                                                                                                    
  [Client 8] Finished training in 10.45s                                                                                                                                                                                                   
  [Client 1] Starting local training...                                                                                                                                                                                                    
  [Client 1] Finished training in 13.56s                                                                                                                                                                                                   
  [Client 5] Starting local training...                                                                                                                                                                                                    
  [Client 5] Finished training in 9.69s                                                                                                                                                                                                    
[Round 11] layer_lambdas: 5=0.0232, 6=0.0165, 7=0.0210, 8=0.0235, 9=0.0233, 10=0.0258, 11=0.0166, norm_f=0.0000                                                                                                                            
[FedLateGram Round 12] avg task: 1.1124 | avg gram: 0.0015 | avg prox_clf: 0.0110                                                                                                                                                          
ROUND 12 FINISHED in 80.10s (Avg: 79.68s)                                                                                                                                                                                                  
  [FedLateGram] Saved checkpoint after round 12 → /home/luis.mendezl/Thesis/logs/runs/cifar10/fedlategram/vim_tiny/alpha0.3/seed42_seven/checkpoints/training_state.pt                                                                     
---------------------------- ROUND 13/50 START ----------------------------                                                                                                                                                                
Selected clients: [8, 0, 1, 5, 4, 2, 6, 9, 7, 3]                                                                                                                                                                                           
  [Client 8] Starting local training...                                                                                                                                                                                                    
  [Client 8] Finished training in 10.91s                                                                                                                                                                                                   
  [Client 0] Starting local training...                                                                                                                                                                                                    
  [Client 0] Finished training in 13.70s                                                                                                                                                                                                   
  [Client 1] Starting local training...                                                                                                                                                                                                    
  [Client 1] Finished training in 14.20s                                                                                                                                                                                                   
  [Client 5] Starting local training...                                                                                                                                                                                                    
  [Client 5] Finished training in 9.93s                                                                                                                                                                                                    
  [Client 4] Starting local training...                                                                                                                                                                                                    
  [Client 4] Finished training in 3.45s                                                                                                                                                                                                    
  [Client 2] Starting local training...                                                                                                                                                                                                    
  [Client 2] Finished training in 6.85s                                                                                                                                                                                                    
  [Client 6] Starting local training...                                                                                                                                                                                                    
  [Client 6] Finished training in 5.78s                                                                                                                                                                                                    
  [Client 9] Starting local training...                                                                                                                                                                                                    
  [Client 9] Finished training in 6.95s                                                                                                                                                                                                    
  [Client 7] Starting local training...                                                                                                                                                                                                    
  [Client 7] Finished training in 3.85s                                                                                                                                                                                                    
  [Client 3] Starting local training...                                                                                                                                                                                                    
  [Client 3] Finished training in 3.71s                                                                                                                                                                                                    
[Round 12] layer_lambdas: 5=0.0245, 6=0.0159, 7=0.0241, 8=0.0246, 9=0.0243, 10=0.0205, 11=0.0161, norm_f=0.0000                                                                                                                            
[FedLateGram Round 13] avg task: 1.0862 | avg gram: 0.0012 | avg prox_clf: 0.0104                                                                                                                                                          
ROUND 13 FINISHED in 80.35s (Avg: 79.73s)                                                                                                                                                                                                  
  [FedLateGram] Saved checkpoint after round 13 → /home/luis.mendezl/Thesis/logs/runs/cifar10/fedlategram/vim_tiny/alpha0.3/seed42_seven/checkpoints/training_state.pt                                                                     
---------------------------- ROUND 14/50 START ----------------------------                                                                                                                                                                
Selected clients: [2, 7, 0, 5, 6, 9, 1, 4, 8, 3]                                                                                                                                                                                           
  [Client 2] Starting local training...                                                                                                                                                                                                    
  [Client 2] Finished training in 8.03s                                                                                                                                                                                                    
  [Client 7] Starting local training...                                                                                                                                                                                                    
  [Client 7] Finished training in 3.73s                                                                                                                                                                                                    
  [Client 0] Starting local training...                                                                                                                                                                                                    
  [Client 0] Finished training in 13.41s                                                                                                                                                                                                   
  [Client 5] Starting local training...                                                                                                                                                                                                    
  [Client 5] Finished training in 9.43s                                                                                                                                                                                                    
  [Client 6] Starting local training...                                                                                                                                                                                                    
  [Client 6] Finished training in 5.74s                                                                                                                                                                                                    
  [Client 9] Starting local training...                                                                                                                                                                                                    
  [Client 9] Finished training in 5.94s                                                                                                                                                                                                    
  [Client 1] Starting local training...                                                                                                                                                                                                    
  [Client 1] Finished training in 14.28s                                                                                                                                                                                                   
  [Client 4] Starting local training...                                                                                                                                                                                                    
  [Client 4] Finished training in 3.21s                                                                                                                                                                                                    
  [Client 8] Starting local training...                                                                                                                                                                                                    
  [Client 8] Finished training in 10.04s                                                                                                                                                                                                   
  [Client 3] Starting local training...                                                                                                                                                                                                    
  [Client 3] Finished training in 3.87s                                                                                                                                                                                                    
[Round 13] layer_lambdas: 5=0.0233, 6=0.0170, 7=0.0209, 8=0.0230, 9=0.0262, 10=0.0211, 11=0.0186, norm_f=0.0000                                                                                                                            
[FedLateGram Round 14] avg task: 1.0840 | avg gram: 0.0011 | avg prox_clf: 0.0098                                                                                                                                                          
ROUND 14 FINISHED in 78.66s (Avg: 79.66s)                                                                                                                                                                                                  
  [FedLateGram] Saved checkpoint after round 14 → /home/luis.mendezl/Thesis/logs/runs/cifar10/fedlategram/vim_tiny/alpha0.3/seed42_seven/checkpoints/training_state.pt                                                                     
---------------------------- ROUND 15/50 START ----------------------------                                                                                                                                                                
Selected clients: [8, 3, 2, 7, 1, 4, 0, 6, 5, 9]                                                                                                                                                                                           
  [Client 8] Starting local training...                                                                                                                                                                                                    
  [Client 8] Finished training in 10.97s                                                                                                                                                                                                   
  [Client 3] Starting local training...                                                                                                                                                                                                    
  [Client 3] Finished training in 3.24s                                                                                                                                                                                                    
  [Client 2] Starting local training...                                                                                                                                                                                                    
  [Client 2] Finished training in 7.40s                                                                                                                                                                                                    
  [Client 7] Starting local training...                                                                                                                                                                                                    
  [Client 7] Finished training in 3.85s                                                                                                                                                                                                    
  [Client 1] Starting local training...                                                                                                                                                                                                    
  [Client 1] Finished training in 13.47s                                                                                                                                                                                                   
  [Client 4] Starting local training...                                                                                                                                                                                                    
  [Client 4] Finished training in 3.41s                                                                                                                                                                                                    
  [Client 0] Starting local training...                                                                                                                                                                                                    
  [Client 0] Finished training in 13.97s                                                                                                                                                                                                   
  [Client 6] Starting local training...                                                                                                                                                                                                    
  [Client 6] Finished training in 6.50s                                                                                                                                                                                                    
  [Client 5] Starting local training...                                                                                                                                                                                                    
  [Client 5] Finished training in 10.01s                                                                                                                                                                                                   
  [Client 9] Starting local training...                                                                                                                                                                                                    
  [Client 9] Finished training in 5.36s                                                                                                                                                                                                    
[Round 14] layer_lambdas: 5=0.0222, 6=0.0200, 7=0.0221, 8=0.0233, 9=0.0248, 10=0.0210, 11=0.0166, norm_f=0.0000                                                                                                                            
[FedLateGram Round 15] avg task: 1.0666 | avg gram: 0.0010 | avg prox_clf: 0.0098                                                                                                                                                          
ROUND 15 FINISHED in 79.06s (Avg: 79.62s)                                                                                                                                                                                                  
  [FedLateGram] Saved checkpoint after round 15 → /home/luis.mendezl/Thesis/logs/runs/cifar10/fedlategram/vim_tiny/alpha0.3/seed42_seven/checkpoints/training_state.pt                                                                     
---------------------------- ROUND 16/50 START ----------------------------                                                                                                                                                                
Selected clients: [0, 1, 5, 6, 2, 8, 9, 3, 7, 4]                                                                                                                                                                                           
  [Client 0] Starting local training...                                                                                                                                                                                                    
  [Client 0] Finished training in 12.36s                                                                                                                                                                                                   
  [Client 1] Starting local training...                                                                                                                                                                                                    
  [Client 1] Finished training in 14.10s                                                                                                                                                                                                   
  [Client 5] Starting local training...                                                                                                                                                                                                    
  [Client 5] Finished training in 10.94s                                                                                                                                                                                                   
  [Client 6] Starting local training...                                                                                                                                                                                                    
  [Client 6] Finished training in 6.31s                                                                                                                                                                                                    
  [Client 2] Starting local training...                                                                                                                                                                                                    
  [Client 2] Finished training in 7.47s                                                                                                                                                                                                    
  [Client 8] Starting local training...                                                                                                                                                                                                    
  [Client 8] Finished training in 9.36s                                                                                                                                                                                                    
  [Client 9] Starting local training...                                                                                                                                                                                                    
  [Client 9] Finished training in 6.39s                                                                                                                                                                                                    
  [Client 3] Starting local training...                                                                                                                                                                                                    
  [Client 3] Finished training in 3.89s                                                                                                                                                                                                    
  [Client 7] Starting local training...                                                                                                                                                                                                    
  [Client 7] Finished training in 3.51s                                                                                                                                                                                                    
  [Client 4] Starting local training...                                                                                                                                                                                                    
  [Client 4] Finished training in 3.32s                                                                                                                                                                                                    
[Round 15] layer_lambdas: 5=0.0237, 6=0.0151, 7=0.0241, 8=0.0211, 9=0.0251, 10=0.0239, 11=0.0170, norm_f=0.0000                                                                                                                            
[FedLateGram Round 16] avg task: 1.0639 | avg gram: 0.0011 | avg prox_clf: 0.0093                                                                                                                                                          
ROUND 16 FINISHED in 78.67s (Avg: 79.56s)                                                                                                                                                                                                  
  [FedLateGram] Saved checkpoint after round 16 → /home/luis.mendezl/Thesis/logs/runs/cifar10/fedlategram/vim_tiny/alpha0.3/seed42_seven/checkpoints/training_state.pt                                                                     
---------------------------- ROUND 17/50 START ----------------------------                                                                                                                                                                
Selected clients: [7, 1, 2, 8, 5, 3, 6, 4, 9, 0]                                                                                                                                                                                           
  [Client 7] Starting local training...                                                                                                                                                                                                    
  [Client 7] Finished training in 3.92s                                                                                                                                                                                                    
  [Client 1] Starting local training...                                                                                                                                                                                                    
  [Client 1] Finished training in 14.41s                                                                                                                                                                                                   
  [Client 2] Starting local training...                                                                                                                                                                                                    
  [Client 2] Finished training in 7.15s                                                                                                                                                                                                    
  [Client 8] Starting local training...                                                                                                                                                                                                    
  [Client 8] Finished training in 9.15s                                                                                                                                                                                                    
  [Client 5] Starting local training...                                                                                                                                                                                                    
  [Client 5] Finished training in 10.92s                                                                                                                                                                                                   
  [Client 3] Starting local training...                                                                                                                                                                                                    
  [Client 3] Finished training in 3.93s                                                                                                                                                                                                    
  [Client 6] Starting local training...                                                                                                                                                                                                    
  [Client 6] Finished training in 7.46s                                                                                                                                                                                                    
  [Client 4] Starting local training...                                                                                                                                                                                                    
  [Client 4] Finished training in 3.22s                                                                                                                                                                                                    
  [Client 9] Starting local training...                                                                                                                                                                                                    
  [Client 9] Finished training in 6.01s                                                                                                                                                                                                    
  [Client 0] Starting local training...                                                                                                                                                                                                    
  [Client 0] Finished training in 13.80s                                                                                                                                                                                                   
[Round 16] layer_lambdas: 5=0.0219, 6=0.0159, 7=0.0221, 8=0.0237, 9=0.0239, 10=0.0242, 11=0.0183, norm_f=0.0000                                                                                                                            
[FedLateGram Round 17] avg task: 1.0420 | avg gram: 0.0009 | avg prox_clf: 0.0087                                                                                                                                                          
ROUND 17 FINISHED in 80.93s (Avg: 79.64s)                                                                                                                                                                                                  
  [FedLateGram] Saved checkpoint after round 17 → /home/luis.mendezl/Thesis/logs/runs/cifar10/fedlategram/vim_tiny/alpha0.3/seed42_seven/checkpoints/training_state.pt                                                                     
---------------------------- ROUND 18/50 START ----------------------------                                                                                                                                                                
Selected clients: [8, 3, 4, 9, 5, 2, 6, 7, 1, 0]                                                                                                                                                                                           
  [Client 8] Starting local training...                                                                                                                                                                                                    
  [Client 8] Finished training in 9.55s                                                                                                                                                                                                    
  [Client 3] Starting local training...                                                                                                                                                                                                    
  [Client 3] Finished training in 4.14s                                                                                                                                                                                                    
  [Client 4] Starting local training...                                                                                                                                                                                                    
  [Client 4] Finished training in 3.54s                                                                                                                                                                                                    
  [Client 9] Starting local training...                                                                                                                                                                                                    
  [Client 9] Finished training in 6.17s                                                                                                                                                                                                    
  [Client 5] Starting local training...                                                                                                                                                                                                    
  [Client 5] Finished training in 10.64s                                                                                                                                                                                                   
  [Client 2] Starting local training...                                                                                                                                                                                                    
  [Client 2] Finished training in 7.36s                                                                                                                                                                                                    
  [Client 6] Starting local training...                                                                                                                                                                                                    
  [Client 6] Finished training in 6.57s                                                                                                                                                                                                    
  [Client 7] Starting local training...                                                                                                                                                                                                    
  [Client 7] Finished training in 3.74s                                                                                                                                                                                                    
  [Client 1] Starting local training...                                                                                                                                                                                                    
  [Client 1] Finished training in 13.82s                                                                                                                                                                                                   
  [Client 0] Starting local training...                                                                                                                                                                                                    
  [Client 0] Finished training in 11.35s                                                                                                                                                                                                   
[Round 17] layer_lambdas: 5=0.0238, 6=0.0171, 7=0.0233, 8=0.0224, 9=0.0263, 10=0.0218, 11=0.0155, norm_f=0.0000                                                                                                                            
[FedLateGram Round 18] avg task: 1.0235 | avg gram: 0.0010 | avg prox_clf: 0.0083                                                                                                                                                          
ROUND 18 FINISHED in 77.83s (Avg: 79.54s)                                                                                                                                                                                                  
  [FedLateGram] Saved checkpoint after round 18 → /home/luis.mendezl/Thesis/logs/runs/cifar10/fedlategram/vim_tiny/alpha0.3/seed42_seven/checkpoints/training_state.pt                                                                     
---------------------------- ROUND 19/50 START ----------------------------                                                                                                                                                                
Selected clients: [3, 9, 1, 2, 0, 4, 7, 6, 5, 8]                                                                                                                                                                                           
  [Client 3] Starting local training...                                                                                                                                                                                                    
  [Client 3] Finished training in 3.81s                                                                                                                                                                                                    
  [Client 9] Starting local training...                                                                                                                                                                                                    
  [Client 9] Finished training in 6.31s                                                                                                                                                                                                    
  [Client 1] Starting local training...                                                                                                                                                                                                    
  [Client 1] Finished training in 14.01s                                                                                                                                                                                                   
  [Client 2] Starting local training...                                                                                                                                                                                                    
  [Client 2] Finished training in 7.88s                                                                                                                                                                                                    
  [Client 0] Starting local training...                                                                                                                                                                                                    
  [Client 0] Finished training in 13.67s                                                                                                                                                                                                   
  [Client 4] Starting local training...                                                                                                                                                                                                    
  [Client 4] Finished training in 3.14s                                                                                                                                                                                                    
  [Client 7] Starting local training...                                                                                                                                                                                                    
  [Client 7] Finished training in 3.54s                                                                                                                                                                                                    
  [Client 6] Starting local training...                                                                                                                                                                                                    
  [Client 6] Finished training in 6.04s                                                                                                                                                                                                    
  [Client 5] Starting local training...                                                                                                                                                                                                    
  [Client 5] Finished training in 9.71s                                                                                                                                                                                                    
  [Client 8] Starting local training...                                                                                                                                                                                                    
  [Client 8] Finished training in 10.74s                                                                                                                                                                                                   
[Round 18] layer_lambdas: 5=0.0234, 6=0.0155, 7=0.0233, 8=0.0236, 9=0.0281, 10=0.0204, 11=0.0157, norm_f=0.0000                                                                                                                            
[FedLateGram Round 19] avg task: 1.0079 | avg gram: 0.0008 | avg prox_clf: 0.0079                                                                                                                                                          
ROUND 19 FINISHED in 79.81s (Avg: 79.55s)                                                                                                                                                                                                  
  [FedLateGram] Saved checkpoint after round 19 → /home/luis.mendezl/Thesis/logs/runs/cifar10/fedlategram/vim_tiny/alpha0.3/seed42_seven/checkpoints/training_state.pt                                                                     
---------------------------- ROUND 20/50 START ----------------------------                                                                                                                                                                
Selected clients: [1, 0, 3, 8, 6, 2, 5, 4, 7, 9]                                                                                                                                                                                           
  [Client 1] Starting local training...                                                                                                                                                                                                    
  [Client 1] Finished training in 13.85s                                                                                                                                                                                                   
client [1]  (testset)   loss: 1.9006 -> 1.4604  accuracy: 26.44% -> 53.56%                                                                                                                                                                 
  [Client 0] Starting local training...                                                                                                                                                                                                    
  [Client 0] Finished training in 13.89s                                                                                                                                                                                                   
client [0]  (testset)   loss: 1.7202 -> 1.1353  accuracy: 39.50% -> 64.41%                                                                                                                                                                 
  [Client 3] Starting local training...                                                                                                                                                                                                    
  [Client 3] Finished training in 3.43s                                                                                                                                                                                                    
client [3]  (testset)   loss: 1.8339 -> 1.8803  accuracy: 44.19% -> 48.84%                                                                                                                                                                 
  [Client 8] Starting local training...                                                                                                                                                                                                    
  [Client 8] Finished training in 9.70s                                                                                                                                                                                                    
client [8]  (testset)   loss: 1.7808 -> 1.3032  accuracy: 39.35% -> 55.09%                                                                                                                                                                 
  [Client 6] Starting local training...                                                                                                                                                                                                    
  [Client 6] Finished training in 5.70s                                                                                                                                                                                                    
client [6]  (testset)   loss: 1.3469 -> 1.2227  accuracy: 53.91% -> 53.04%                                                                                                                                                                 
  [Client 2] Starting local training...                                                                                                                                                                                                    
  [Client 2] Finished training in 7.80s                                                                                                                                                                                                    
client [2]  (testset)   loss: 1.5967 -> 1.7780  accuracy: 46.43% -> 45.71%                                                                                                                                                                 
  [Client 5] Starting local training...                                                                                                                                                                                                    
  [Client 5] Finished training in 11.05s                                                                                                                                                                                                   
client [5]  (testset)   loss: 2.0206 -> 0.9062  accuracy: 30.00% -> 68.57%                                                                                                                                                                 
  [Client 4] Starting local training...                                                                                                                                                                                                    
  [Client 4] Finished training in 3.22s                                                                                                                                                                                                    
client [4]  (testset)   loss: 1.6232 -> 0.8264  accuracy: 40.54% -> 78.38%                                                                                                                                                                 
  [Client 7] Starting local training...                                                                                                                                                                                                    
  [Client 7] Finished training in 3.89s                                                                                                                                                                                                    
client [7]  (testset)   loss: 2.0454 -> 1.4331  accuracy: 26.00% -> 50.00%                                                                                                                                                                 
  [Client 9] Starting local training...                                                                                                                                                                                                    
  [Client 9] Finished training in 6.53s                                                                                                                                                                                                    
client [9]  (testset)   loss: 1.7693 -> 1.7117  accuracy: 36.36% -> 46.36%                                                                                                                                                                 
[Round 19] layer_lambdas: 5=0.0230, 6=0.0157, 7=0.0247, 8=0.0227, 9=0.0264, 10=0.0215, 11=0.0159, norm_f=0.0000                                                                                                                            
[FedLateGram Round 20] avg task: 0.9939 | avg gram: 0.0009 | avg prox_clf: 0.0078                                                                                                                                                          
  [CKA] Saved checkpoints for round 20 (10 clients) → /home/luis.mendezl/Thesis/logs/runs/cifar10/fedlategram/vim_tiny/alpha0.3/seed42_seven/checkpoints/round_0020                                                                        
ROUND 20 FINISHED in 81.76s (Avg: 79.66s)                                                                                                                                                                                                  
  [FedLateGram] Saved checkpoint after round 20 → /home/luis.mendezl/Thesis/logs/runs/cifar10/fedlategram/vim_tiny/alpha0.3/seed42_seven/checkpoints/training_state.pt                                                                     
---------------------------- ROUND 21/50 START ----------------------------                                                                                                                                                                
Selected clients: [7, 3, 2, 5, 4, 6, 8, 0, 1, 9]                                                                                                                                                                                           
  [Client 7] Starting local training...                                                                                                                                                                                                    
  [Client 7] Finished training in 3.46s                                                                                                                                                                                                    
  [Client 3] Starting local training...                                                                                                                                                                                                    
  [Client 3] Finished training in 3.28s                                                                                                                                                                                                    
  [Client 2] Starting local training...                                                                                                                                                                                                    
  [Client 2] Finished training in 7.76s                                                                                                                                                                                                    
  [Client 5] Starting local training...                                                                                                                                                                                                    
  [Client 5] Finished training in 10.55s                                                                                                                                                                                                   
  [Client 4] Starting local training...                                                                                                                                                                                                    
  [Client 4] Finished training in 3.23s                                                                                                                                                                                                    
  [Client 6] Starting local training...                                                                                                                                                                                                    
  [Client 6] Finished training in 7.22s                                                                                                                                                                                                    
  [Client 8] Starting local training...                                                                                                                                                                                                    
  [Client 8] Finished training in 10.46s                                                                                                                                                                                                   
  [Client 0] Starting local training...                                                                                                                                                                                                    
  [Client 0] Finished training in 13.35s                                                                                                                                                                                                   
  [Client 1] Starting local training...                                                                                                                                                                                                    
  [Client 1] Finished training in 12.36s                                                                                                                                                                                                   
  [Client 9] Starting local training...                                                                                                                                                                                                    
  [Client 9] Finished training in 6.67s                                                                                                                                                                                                    
[Round 20] layer_lambdas: 5=0.0275, 6=0.0169, 7=0.0221, 8=0.0220, 9=0.0260, 10=0.0200, 11=0.0155, norm_f=0.0000                                                                                                                            
[FedLateGram Round 21] avg task: 0.9841 | avg gram: 0.0008 | avg prox_clf: 0.0075                                                                                                                                                          
ROUND 21 FINISHED in 79.26s (Avg: 79.64s)                                                                                                                                                                                                  
  [FedLateGram] Saved checkpoint after round 21 → /home/luis.mendezl/Thesis/logs/runs/cifar10/fedlategram/vim_tiny/alpha0.3/seed42_seven/checkpoints/training_state.pt                                                                     
---------------------------- ROUND 22/50 START ----------------------------                                                                                                                                                                
Selected clients: [3, 1, 8, 5, 9, 2, 6, 7, 4, 0]                                                                                                                                                                                           
  [Client 3] Starting local training...                                                                                                                                                                                                    
  [Client 3] Finished training in 3.91s                                                                                                                                                                                                    
  [Client 1] Starting local training...                                                                                                                                                                                                    
  [Client 1] Finished training in 14.66s                                                                                                                                                                                                   
  [Client 8] Starting local training...                                                                                                                                                                                                    
  [Client 8] Finished training in 10.86s                                                                                                                                                                                                   
  [Client 5] Starting local training...                                                                                                                                                                                                    
  [Client 5] Finished training in 9.42s                                                                                                                                                                                                    
  [Client 9] Starting local training...                                                                                                                                                                                                    
  [Client 9] Finished training in 6.14s                                                                                                                                                                                                    
  [Client 2] Starting local training...                                                                                                                                                                                                    
  [Client 2] Finished training in 6.35s                                                                                                                                                                                                    
  [Client 6] Starting local training...                                                                                                                                                                                                    
  [Client 6] Finished training in 6.03s                                                                                                                                                                                                    
  [Client 7] Starting local training...                                                                                                                                                                                                    
  [Client 7] Finished training in 3.86s                                                                                                                                                                                                    
  [Client 4] Starting local training...                                                                                                                                                                                                    
  [Client 4] Finished training in 3.14s                                                                                                                                                                                                    
  [Client 0] Starting local training...                                                                                                                                                                                                    
  [Client 0] Finished training in 12.76s                                                                                                                                                                                                   
[Round 21] layer_lambdas: 5=0.0317, 6=0.0156, 7=0.0223, 8=0.0214, 9=0.0241, 10=0.0207, 11=0.0143, norm_f=0.0000                                                                                                                            
[FedLateGram Round 22] avg task: 0.9575 | avg gram: 0.0009 | avg prox_clf: 0.0075                                                                                                                                                          
ROUND 22 FINISHED in 78.01s (Avg: 79.57s)                                                                                                                                                                                                  
  [FedLateGram] Saved checkpoint after round 22 → /home/luis.mendezl/Thesis/logs/runs/cifar10/fedlategram/vim_tiny/alpha0.3/seed42_seven/checkpoints/training_state.pt                                                                     
---------------------------- ROUND 23/50 START ----------------------------                                                                                                                                                                
Selected clients: [1, 0, 6, 5, 2, 8, 9, 4, 7, 3]                                                                                                                                                                                           
  [Client 1] Starting local training...                                                                                                                                                                                                    
  [Client 1] Finished training in 14.12s                                                                                                                                                                                                   
  [Client 0] Starting local training...                                                                                                                                                                                                    
  [Client 0] Finished training in 12.49s                                                                                                                                                                                                   
  [Client 6] Starting local training...                                                                                                                                                                                                    
  [Client 6] Finished training in 6.73s                                                                                                                                                                                                    
  [Client 5] Starting local training...                                                                                                                                                                                                    
  [Client 5] Finished training in 11.24s                                                                                                                                                                                                   
  [Client 2] Starting local training...                                                                                                                                                                                                    
  [Client 2] Finished training in 7.81s                                                                                                                                                                                                    
  [Client 8] Starting local training...                                                                                                                                                                                                    
  [Client 8] Finished training in 10.96s                                                                                                                                                                                                   
  [Client 9] Starting local training...                                                                                                                                                                                                    
  [Client 9] Finished training in 6.09s                                                                                                                                                                                                    
  [Client 4] Starting local training...                                                                                                                                                                                                    
  [Client 4] Finished training in 3.20s                                                                                                                                                                                                    
  [Client 7] Starting local training...                                                                                                                                                                                                    
  [Client 7] Finished training in 3.65s                                                                                                                                                                                                    
  [Client 3] Starting local training...                                                                                                                                                                                                    
  [Client 3] Finished training in 3.76s                                                                                                                                                                                                    
[Round 22] layer_lambdas: 5=0.0255, 6=0.0161, 7=0.0215, 8=0.0206, 9=0.0258, 10=0.0233, 11=0.0173, norm_f=0.0000                                                                                                                            
[FedLateGram Round 23] avg task: 0.9414 | avg gram: 0.0009 | avg prox_clf: 0.0071                                                                                                                                                          
ROUND 23 FINISHED in 80.94s (Avg: 79.63s)                                                                                                                                                                                                  
  [FedLateGram] Saved checkpoint after round 23 → /home/luis.mendezl/Thesis/logs/runs/cifar10/fedlategram/vim_tiny/alpha0.3/seed42_seven/checkpoints/training_state.pt                                                                     
---------------------------- ROUND 24/50 START ----------------------------                                                                                                                                                                
Selected clients: [2, 6, 9, 7, 3, 1, 0, 4, 5, 8]                                                                                                                                                                                           
  [Client 2] Starting local training...                                                                                                                                                                                                    
  [Client 2] Finished training in 6.52s                                                                                                                                                                                                    
  [Client 6] Starting local training...                                                                                                                                                                                                    
  [Client 6] Finished training in 6.57s                                                                                                                                                                                                    
  [Client 9] Starting local training...                                                                                                                                                                                                    
  [Client 9] Finished training in 7.10s                                                                                                                                                                                                    
  [Client 7] Starting local training...                                                                                                                                                                                                    
  [Client 7] Finished training in 3.48s                                                                                                                                                                                                    
  [Client 3] Starting local training...                                                                                                                                                                                                    
  [Client 3] Finished training in 3.56s                                                                                                                                                                                                    
  [Client 1] Starting local training...                                                                                                                                                                                                    
  [Client 1] Finished training in 14.14s                                                                                                                                                                                                   
  [Client 0] Starting local training...                                                                                                                                                                                                    
  [Client 0] Finished training in 12.85s                                                                                                                                                                                                   
  [Client 4] Starting local training...                                                                                                                                                                                                    
  [Client 4] Finished training in 3.28s                                                                                                                                                                                                    
  [Client 5] Starting local training...                                                                                                                                                                                                    
  [Client 5] Finished training in 8.71s                                                                                                                                                                                                    
  [Client 8] Starting local training...                                                                                                                                                                                                    
  [Client 8] Finished training in 10.03s                                                                                                                                                                                                   
[Round 23] layer_lambdas: 5=0.0375, 6=0.0167, 7=0.0215, 8=0.0205, 9=0.0210, 10=0.0178, 11=0.0150, norm_f=0.0000                                                                                                                            
[FedLateGram Round 24] avg task: 0.9350 | avg gram: 0.0009 | avg prox_clf: 0.0071                                                                                                                                                          
ROUND 24 FINISHED in 77.13s (Avg: 79.53s)                                                                                                                                                                                                  
  [FedLateGram] Saved checkpoint after round 24 → /home/luis.mendezl/Thesis/logs/runs/cifar10/fedlategram/vim_tiny/alpha0.3/seed42_seven/checkpoints/training_state.pt                                                                     
---------------------------- ROUND 25/50 START ----------------------------                                                                                                                                                                
Selected clients: [8, 0, 1, 6, 7, 5, 3, 4, 2, 9]                                                                                                                                                                                           
  [Client 8] Starting local training...                                                                                                                                                                                                    
  [Client 8] Finished training in 11.26s                                                                                                                                                                                                   
  [Client 0] Starting local training...                                                                                                                                                                                                    
  [Client 0] Finished training in 13.89s                                                                                                                                                                                                   
  [Client 1] Starting local training...                                                                                                                                                                                                    
  [Client 1] Finished training in 14.19s                                                                                                                                                                                                   
  [Client 6] Starting local training...                                                                                                                                                                                                    
  [Client 6] Finished training in 5.38s                                                                                                                                                                                                    
  [Client 7] Starting local training...                                                                                                                                                                                                    
  [Client 7] Finished training in 4.34s                                                                                                                                                                                                    
  [Client 5] Starting local training...                                                                                                                                                                                                    
  [Client 5] Finished training in 10.90s                                                                                                                                                                                                   
  [Client 3] Starting local training...                                                                                                                                                                                                    
  [Client 3] Finished training in 3.70s                                                                                                                                                                                                    
  [Client 4] Starting local training...                                                                                                                                                                                                    
  [Client 4] Finished training in 3.22s                                                                                                                                                                                                    
  [Client 2] Starting local training...                                                                                                                                                                                                    
  [Client 2] Finished training in 7.43s                                                                                                                                                                                                    
  [Client 9] Starting local training...                                                                                                                                                                                                    
  [Client 9] Finished training in 6.48s                                                                                                                                                                                                    
[Round 24] layer_lambdas: 5=0.0263, 6=0.0181, 7=0.0206, 8=0.0226, 9=0.0252, 10=0.0228, 11=0.0144, norm_f=0.0000                                                                                                                            
[FedLateGram Round 25] avg task: 0.9096 | avg gram: 0.0010 | avg prox_clf: 0.0067                                                                                                                                                          
ROUND 25 FINISHED in 81.75s (Avg: 79.61s)                                                                                                                                                                                                  
  [FedLateGram] Saved checkpoint after round 25 → /home/luis.mendezl/Thesis/logs/runs/cifar10/fedlategram/vim_tiny/alpha0.3/seed42_seven/checkpoints/training_state.pt                                                                     
---------------------------- ROUND 26/50 START ----------------------------                                                                                                                                                                
Selected clients: [6, 0, 2, 3, 8, 9, 7, 1, 4, 5]                                                                                                                                                                                           
  [Client 6] Starting local training...                                                                                                                                                                                                    
  [Client 6] Finished training in 6.37s                                                                                                                                                                                                    
  [Client 0] Starting local training...                                                                                                                                                                                                    
  [Client 0] Finished training in 12.23s                                                                                                                                                                                                   
  [Client 2] Starting local training...                                                                                                                                                                                                    
  [Client 2] Finished training in 6.92s                                                                                                                                                                                                    
  [Client 3] Starting local training...                                                                                                                                                                                                    
  [Client 3] Finished training in 3.86s                                                                                                                                                                                                    
  [Client 8] Starting local training...                                                                                                                                                                                                    
  [Client 8] Finished training in 10.70s                                                                                                                                                                                                   
  [Client 9] Starting local training...                                                                                                                                                                                                    
  [Client 9] Finished training in 7.01s                                                                                                                                                                                                    
  [Client 7] Starting local training...                                                                                                                                                                                                    
  [Client 7] Finished training in 3.91s                                                                                                                                                                                                    
  [Client 1] Starting local training...                                                                                                                                                                                                    
  [Client 1] Finished training in 13.99s                                                                                                                                                                                                   
  [Client 4] Starting local training...                                                                                                                                                                                                    
  [Client 4] Finished training in 3.50s                                                                                                                                                                                                    
  [Client 5] Starting local training...                                                                                                                                                                                                    
  [Client 5] Finished training in 10.39s                                                                                                                                                                                                   
[Round 25] layer_lambdas: 5=0.0314, 6=0.0216, 7=0.0178, 8=0.0211, 9=0.0218, 10=0.0205, 11=0.0159, norm_f=0.0000                                                                                                                            
[FedLateGram Round 26] avg task: 0.9008 | avg gram: 0.0010 | avg prox_clf: 0.0068                                                                                                                                                          
ROUND 26 FINISHED in 79.82s (Avg: 79.62s)                                                                                                                                                                                                  
  [FedLateGram] Saved checkpoint after round 26 → /home/luis.mendezl/Thesis/logs/runs/cifar10/fedlategram/vim_tiny/alpha0.3/seed42_seven/checkpoints/training_state.pt                                                                     
---------------------------- ROUND 27/50 START ----------------------------                                                                                                                                                                
Selected clients: [8, 7, 2, 1, 9, 6, 0, 5, 3, 4]                                                                                                                                                                                           
  [Client 8] Starting local training...                                                                                                                                                                                                    
  [Client 8] Finished training in 8.77s                                                                                                                                                                                                    
  [Client 7] Starting local training...                                                                                                                                                                                                    
  [Client 7] Finished training in 3.14s                                                                                                                                                                                                    
  [Client 2] Starting local training...                                                                                                                                                                                                    
  [Client 2] Finished training in 5.91s                                                                                                                                                                                                    
  [Client 1] Starting local training...                                                                                                                                                                                                    
  [Client 1] Finished training in 10.23s                                                                                                                                                                                                   
  [Client 9] Starting local training...                                                                                                                                                                                                    
  [Client 9] Finished training in 5.01s                                                                                                                                                                                                    
  [Client 6] Starting local training...                                                                                                                                                                                                    
  [Client 6] Finished training in 5.00s                                                                                                                                                                                                    
  [Client 0] Starting local training...                                                                                                                                                                                                    
  [Client 0] Finished training in 9.85s                                                                                                                                                                                                    
  [Client 5] Starting local training...                                                                                                                                                                                                    
  [Client 5] Finished training in 7.78s                                                                                                                                                                                                    
  [Client 3] Starting local training...                                                                                                                                                                                                    
  [Client 3] Finished training in 3.13s                                                                                                                                                                                                    
  [Client 4] Starting local training...                                                                                                                                                                                                    
  [Client 4] Finished training in 2.84s                                                                                                                                                                                                    
[Round 26] layer_lambdas: 5=0.0266, 6=0.0154, 7=0.0243, 8=0.0219, 9=0.0252, 10=0.0224, 11=0.0142, norm_f=0.0000                                                                                                                            
[FedLateGram Round 27] avg task: 0.8956 | avg gram: 0.0009 | avg prox_clf: 0.0067                                                                                                                                                          
ROUND 27 FINISHED in 62.89s (Avg: 79.00s)                                                                                                                                                                                                  
  [FedLateGram] Saved checkpoint after round 27 → /home/luis.mendezl/Thesis/logs/runs/cifar10/fedlategram/vim_tiny/alpha0.3/seed42_seven/checkpoints/training_state.pt                                                                     
---------------------------- ROUND 28/50 START ----------------------------                                                                                                                                                                
Selected clients: [0, 9, 7, 4, 6, 1, 8, 2, 3, 5]                                                                                                                                                                                           
  [Client 0] Starting local training...                                                                                                                                                                                                    
  [Client 0] Finished training in 9.93s                                                                                                                                                                                                    
  [Client 9] Starting local training...                                                                                                                                                                                                    
  [Client 9] Finished training in 4.98s                                                                                                                                                                                                    
  [Client 7] Starting local training...                                                                                                                                                                                                    
  [Client 7] Finished training in 3.13s                                                                                                                                                                                                    
  [Client 4] Starting local training...                                                                                                                                                                                                    
  [Client 4] Finished training in 2.84s                                                                                                                                                                                                    
  [Client 6] Starting local training...                                                                                                                                                                                                    
  [Client 6] Finished training in 4.98s                                                                                                                                                                                                    
  [Client 1] Starting local training...                                                                                                                                                                                                    
  [Client 1] Finished training in 10.19s                                                                                                                                                                                                   
  [Client 8] Starting local training...                                                                                                                                                                                                    
  [Client 8] Finished training in 8.05s                                                                                                                                                                                                    
  [Client 2] Starting local training...                                                                                                                                                                                                    
  [Client 2] Finished training in 5.90s                                                                                                                                                                                                    
  [Client 3] Starting local training...                                                                                                                                                                                                    
  [Client 3] Finished training in 3.10s                                                                                                                                                                                                    
  [Client 5] Starting local training...                                                                                                                                                                                                    
  [Client 5] Finished training in 8.09s                                                                                                                                                                                                    
[Round 27] layer_lambdas: 5=0.0342, 6=0.0160, 7=0.0184, 8=0.0231, 9=0.0233, 10=0.0199, 11=0.0151, norm_f=0.0000                                                                                                                            
[FedLateGram Round 28] avg task: 0.8638 | avg gram: 0.0009 | avg prox_clf: 0.0064                                                                                                                                                          
ROUND 28 FINISHED in 62.10s (Avg: 78.40s)                                                                                                                                                                                                  
  [FedLateGram] Saved checkpoint after round 28 → /home/luis.mendezl/Thesis/logs/runs/cifar10/fedlategram/vim_tiny/alpha0.3/seed42_seven/checkpoints/training_state.pt                                                                     
---------------------------- ROUND 29/50 START ----------------------------                                                                                                                                                                
Selected clients: [1, 9, 3, 7, 0, 4, 8, 2, 5, 6]                                                                                                                                                                                           
  [Client 1] Starting local training...                                                                                                                                                                                                    
  [Client 1] Finished training in 10.28s                                                                                                                                                                                                   
  [Client 9] Starting local training...                                                                                                                                                                                                    
  [Client 9] Finished training in 4.98s                                                                                                                                                                                                    
  [Client 3] Starting local training...                                                                                                                                                                                                    
  [Client 3] Finished training in 3.12s                                                                                                                                                                                                    
  [Client 7] Starting local training...                                                                                                                                                                                                    
  [Client 7] Finished training in 3.16s                                                                                                                                                                                                    
  [Client 0] Starting local training...                                                                                                                                                                                                    
  [Client 0] Finished training in 9.90s                                                                                                                                                                                                    
  [Client 4] Starting local training...                                                                                                                                                                                                    
  [Client 4] Finished training in 2.83s                                                                                                                                                                                                    
  [Client 8] Starting local training...                                                                                                                                                                                                    
  [Client 8] Finished training in 8.06s                                                                                                                                                                                                    
  [Client 2] Starting local training...                                                                                                                                                                                                    
  [Client 2] Finished training in 5.91s                                                                                                                                                                                                    
  [Client 5] Starting local training...                                                                                                                                                                                                    
  [Client 5] Finished training in 7.75s                                                                                                                                                                                                    
  [Client 6] Starting local training...                                                                                                                                                                                                    
  [Client 6] Finished training in 4.99s                                                                                                                                                                                                    
[Round 28] layer_lambdas: 5=0.0293, 6=0.0228, 7=0.0184, 8=0.0225, 9=0.0210, 10=0.0236, 11=0.0124, norm_f=0.0000                                                                                                                            
[FedLateGram Round 29] avg task: 0.8595 | avg gram: 0.0010 | avg prox_clf: 0.0064                                                                                                                                                          
ROUND 29 FINISHED in 61.88s (Avg: 77.83s)                                                                                                                                                                                                  
  [FedLateGram] Saved checkpoint after round 29 → /home/luis.mendezl/Thesis/logs/runs/cifar10/fedlategram/vim_tiny/alpha0.3/seed42_seven/checkpoints/training_state.pt                                                                     
---------------------------- ROUND 30/50 START ----------------------------                                                                                                                                                                
Selected clients: [6, 8, 5, 2, 1, 9, 7, 3, 4, 0]                                                                                                                                                                                           
  [Client 6] Starting local training...                                                                                                                                                                                                    
  [Client 6] Finished training in 5.00s                                                                                                                                                                                                    
client [6]  (testset)   loss: 1.3394 -> 1.3290  accuracy: 52.17% -> 60.87%                                                                                                                                                                 
  [Client 8] Starting local training...                                                                                                                                                                                                    
  [Client 8] Finished training in 7.97s                                                                                                                                                                                                    
client [8]  (testset)   loss: 1.8163 -> 1.3363  accuracy: 39.81% -> 56.94%                                                                                                                                                                 
  [Client 5] Starting local training...                                                                                                                                                                                                    
  [Client 5] Finished training in 7.68s                                                                                                                                                                                                    
client [5]  (testset)   loss: 2.0408 -> 0.9034  accuracy: 35.24% -> 71.90%                                                                                                                                                                 
  [Client 2] Starting local training...                                                                                                                                                                                                    
  [Client 2] Finished training in 5.88s                                                                                                                                                                                                    
client [2]  (testset)   loss: 1.5999 -> 1.8192  accuracy: 46.43% -> 48.57%                                                                                                                                                                 
  [Client 1] Starting local training...                                                                                                                                                                                                    
  [Client 1] Finished training in 10.10s                                                                                                                                                                                                   
client [1]  (testset)   loss: 1.8775 -> 1.7510  accuracy: 33.56% -> 48.81%                                                                                                                                                                 
  [Client 9] Starting local training...                                                                                                                                                                                                    
  [Client 9] Finished training in 4.95s                                                                                                                                                                                                    
client [9]  (testset)   loss: 1.7557 -> 1.6673  accuracy: 39.09% -> 47.27%                                                                                                                                                                 
  [Client 7] Starting local training...                                                                                                                                                                                                    
  [Client 7] Finished training in 3.09s                                                                                                                                                                                                    
client [7]  (testset)   loss: 2.0712 -> 1.6720  accuracy: 34.00% -> 42.00%                                                                                                                                                                 
  [Client 3] Starting local training...                                                                                                                                                                                                    
  [Client 3] Finished training in 3.12s                                                                                                                                                                                                    
client [3]  (testset)   loss: 2.0307 -> 1.8225  accuracy: 32.56% -> 51.16%                                                                                                                                                                 
  [Client 4] Starting local training...                                                                                                                                                                                                    
  [Client 4] Finished training in 2.81s                                                                                                                                                                                                    
client [4]  (testset)   loss: 1.6193 -> 1.1650  accuracy: 43.24% -> 64.86%                                                                                                                                                                 
  [Client 0] Starting local training...                                                                                                                                                                                                    
  [Client 0] Finished training in 9.79s                                                                                                                                                                                                    
client [0]  (testset)   loss: 1.7304 -> 1.1004  accuracy: 40.57% -> 66.19%                                                                                                                                                                 
[Round 29] layer_lambdas: 5=0.0289, 6=0.0173, 7=0.0240, 8=0.0230, 9=0.0196, 10=0.0231, 11=0.0142, norm_f=0.0000                                                                                                                            
[FedLateGram Round 30] avg task: 0.8545 | avg gram: 0.0009 | avg prox_clf: 0.0064                                                                                                                                                          
  [CKA] Saved checkpoints for round 30 (10 clients) → /home/luis.mendezl/Thesis/logs/runs/cifar10/fedlategram/vim_tiny/alpha0.3/seed42_seven/checkpoints/round_0030                                                                        
ROUND 30 FINISHED in 62.94s (Avg: 77.33s)                                                                                                                                                                                                  
  [FedLateGram] Saved checkpoint after round 30 → /home/luis.mendezl/Thesis/logs/runs/cifar10/fedlategram/vim_tiny/alpha0.3/seed42_seven/checkpoints/training_state.pt                                                                     
---------------------------- ROUND 31/50 START ----------------------------                                                                                                                                                                
Selected clients: [4, 7, 5, 6, 0, 8, 3, 2, 9, 1]                                                                                                                                                                                           
  [Client 4] Starting local training...                                                                                                                                                                                                    
  [Client 4] Finished training in 3.16s                                                                                                                                                                                                    
  [Client 7] Starting local training...                                                                                                                                                                                                    
  [Client 7] Finished training in 3.13s                                                                                                                                                                                                    
  [Client 5] Starting local training...                                                                                                                                                                                                    
  [Client 5] Finished training in 7.71s                                                                                                                                                                                                    
  [Client 6] Starting local training...                                                                                                                                                                                                    
  [Client 6] Finished training in 4.97s                                                                                                                                                                                                    
  [Client 0] Starting local training...                                                                                                                                                                                                    
  [Client 0] Finished training in 9.80s                                                                                                                                                                                                    
  [Client 8] Starting local training...                                                                                                                                                                                                    
  [Client 8] Finished training in 7.97s                                                                                                                                                                                                    
  [Client 3] Starting local training...                                                                                                                                                                                                    
  [Client 3] Finished training in 3.10s                                                                                                                                                                                                    
  [Client 2] Starting local training...                                                                                                                                                                                                    
  [Client 2] Finished training in 5.85s                                                                                                                                                                                                    
  [Client 9] Starting local training...                                                                                                                                                                                                    
  [Client 9] Finished training in 4.93s                                                                                                                                                                                                    
  [Client 1] Starting local training...                                                                                                                                                                                                    
  [Client 1] Finished training in 10.08s                                                                                                                                                                                                   
[Round 30] layer_lambdas: 5=0.0355, 6=0.0150, 7=0.0186, 8=0.0225, 9=0.0215, 10=0.0212, 11=0.0157, norm_f=0.0000                                                                                                                            
[FedLateGram Round 31] avg task: 0.8282 | avg gram: 0.0010 | avg prox_clf: 0.0061                                                                                                                                                          
ROUND 31 FINISHED in 61.61s (Avg: 76.83s)                                                                                                                                                                                                  
  [FedLateGram] Saved checkpoint after round 31 → /home/luis.mendezl/Thesis/logs/runs/cifar10/fedlategram/vim_tiny/alpha0.3/seed42_seven/checkpoints/training_state.pt                                                                     
---------------------------- ROUND 32/50 START ----------------------------                                                                                                                                                                
Selected clients: [8, 3, 4, 1, 2, 0, 6, 9, 5, 7]                                                                                                                                                                                           
  [Client 8] Starting local training...                                                                                                                                                                                                    
  [Client 8] Finished training in 8.00s                                                                                                                                                                                                    
  [Client 3] Starting local training...                                                                                                                                                                                                    
  [Client 3] Finished training in 3.13s                                                                                                                                                                                                    
  [Client 4] Starting local training...                                                                                                                                                                                                    
  [Client 4] Finished training in 2.86s                                                                                                                                                                                                    
  [Client 1] Starting local training...                                                                                                                                                                                                    
  [Client 1] Finished training in 10.14s                                                                                                                                                                                                   
  [Client 2] Starting local training...                                                                                                                                                                                                    
  [Client 2] Finished training in 5.85s                                                                                                                                                                                                    
  [Client 0] Starting local training...                                                                                                                                                                                                    
  [Client 0] Finished training in 9.83s                                                                                                                                                                                                    
  [Client 6] Starting local training...                                                                                                                                                                                                    
  [Client 6] Finished training in 4.97s                                                                                                                                                                                                    
  [Client 9] Starting local training...                                                                                                                                                                                                    
  [Client 9] Finished training in 4.94s                                                                                                                                                                                                    
  [Client 5] Starting local training...                                                                                                                                                                                                    
  [Client 5] Finished training in 7.66s                                                                                                                                                                                                    
  [Client 7] Starting local training...                                                                                                                                                                                                    
  [Client 7] Finished training in 3.13s                                                                                                                                                                                                    
[Round 31] layer_lambdas: 5=0.0328, 6=0.0164, 7=0.0216, 8=0.0220, 9=0.0241, 10=0.0190, 11=0.0140, norm_f=0.0000                                                                                                                            
[FedLateGram Round 32] avg task: 0.8223 | avg gram: 0.0009 | avg prox_clf: 0.0060                                                                                                                                                          
ROUND 32 FINISHED in 61.41s (Avg: 76.34s)                                                                                                                                                                                                  
  [FedLateGram] Saved checkpoint after round 32 → /home/luis.mendezl/Thesis/logs/runs/cifar10/fedlategram/vim_tiny/alpha0.3/seed42_seven/checkpoints/training_state.pt                                                                     
---------------------------- ROUND 33/50 START ----------------------------                                                                                                                                                                
Selected clients: [7, 8, 4, 9, 5, 6, 0, 2, 1, 3]                                                                                                                                                                                           
  [Client 7] Starting local training...                                                                                                                                                                                                    
  [Client 7] Finished training in 3.16s                                                                                                                                                                                                    
  [Client 8] Starting local training...                                                                                                                                                                                                    
  [Client 8] Finished training in 7.98s                                                                                                                                                                                                    
  [Client 4] Starting local training...                                                                                                                                                                                                    
  [Client 4] Finished training in 2.84s                                                                                                                                                                                                    
  [Client 9] Starting local training...                                                                                                                                                                                                    
  [Client 9] Finished training in 4.95s                                                                                                                                                                                                    
  [Client 5] Starting local training...                                                                                                                                                                                                    
  [Client 5] Finished training in 7.99s                                                                                                                                                                                                    
  [Client 6] Starting local training...                                                                                                                                                                                                    
  [Client 6] Finished training in 4.96s                                                                                                                                                                                                    
  [Client 0] Starting local training...                                                                                                                                                                                                    
  [Client 0] Finished training in 9.79s                                                                                                                                                                                                    
  [Client 2] Starting local training...                                                                                                                                                                                                    
  [Client 2] Finished training in 5.85s                                                                                                                                                                                                    
  [Client 1] Starting local training...                                                                                                                                                                                                    
  [Client 1] Finished training in 10.16s                                                                                                                                                                                                   
  [Client 3] Starting local training...                                                                                                                                                                                                    
  [Client 3] Finished training in 3.12s                                                                                                                                                                                                    
[Round 32] layer_lambdas: 5=0.0335, 6=0.0185, 7=0.0185, 8=0.0222, 9=0.0228, 10=0.0199, 11=0.0145, norm_f=0.0000                                                                                                                            
[FedLateGram Round 33] avg task: 0.8163 | avg gram: 0.0009 | avg prox_clf: 0.0062                                                                                                                                                          
ROUND 33 FINISHED in 61.71s (Avg: 75.90s)                                                                                                                                                                                                  
  [FedLateGram] Saved checkpoint after round 33 → /home/luis.mendezl/Thesis/logs/runs/cifar10/fedlategram/vim_tiny/alpha0.3/seed42_seven/checkpoints/training_state.pt                                                                     
---------------------------- ROUND 34/50 START ----------------------------                                                                                                                                                                
Selected clients: [2, 4, 1, 0, 5, 8, 7, 3, 9, 6]                                                                                                                                                                                           
  [Client 2] Starting local training...                                                                                                                                                                                                    
  [Client 2] Finished training in 5.91s                                                                                                                                                                                                    
  [Client 4] Starting local training...                                                                                                                                                                                                    
  [Client 4] Finished training in 2.81s                                                                                                                                                                                                    
  [Client 1] Starting local training...                                                                                                                                                                                                    
  [Client 1] Finished training in 10.12s                                                                                                                                                                                                   
  [Client 0] Starting local training...                                                                                                                                                                                                    
  [Client 0] Finished training in 9.88s                                                                                                                                                                                                    
  [Client 5] Starting local training...                                                                                                                                                                                                    
  [Client 5] Finished training in 7.72s                                                                                                                                                                                                    
  [Client 8] Starting local training...                                                                                                                                                                                                    
  [Client 8] Finished training in 8.00s                                                                                                                                                                                                    
  [Client 7] Starting local training...                                                                                                                                                                                                    
  [Client 7] Finished training in 3.15s                                                                                                                                                                                                    
  [Client 3] Starting local training...                                                                                                                                                                                                    
  [Client 3] Finished training in 3.12s                                                                                                                                                                                                    
  [Client 9] Starting local training...                                                                                                                                                                                                    
  [Client 9] Finished training in 4.96s                                                                                                                                                                                                    
  [Client 6] Starting local training...                                                                                                                                                                                                    
  [Client 6] Finished training in 4.97s                                                                                                                                                                                                    
[Round 33] layer_lambdas: 5=0.0345, 6=0.0218, 7=0.0189, 8=0.0213, 9=0.0191, 10=0.0211, 11=0.0133, norm_f=0.0000                                                                                                                            
[FedLateGram Round 34] avg task: 0.8023 | avg gram: 0.0009 | avg prox_clf: 0.0063                                                                                                                                                          
ROUND 34 FINISHED in 61.54s (Avg: 75.48s)                                                                                                                                                                                                  
  [FedLateGram] Saved checkpoint after round 34 → /home/luis.mendezl/Thesis/logs/runs/cifar10/fedlategram/vim_tiny/alpha0.3/seed42_seven/checkpoints/training_state.pt                                                                     
---------------------------- ROUND 35/50 START ----------------------------                                                                                                                                                                
Selected clients: [5, 3, 4, 7, 8, 2, 0, 9, 1, 6]                                                                                                                                                                                           
  [Client 5] Starting local training...                                                                                                                                                                                                    
  [Client 5] Finished training in 7.75s                                                                                                                                                                                                    
  [Client 3] Starting local training...                                                                                                                                                                                                    
  [Client 3] Finished training in 3.14s                                                                                                                                                                                                    
  [Client 4] Starting local training...                                                                                                                                                                                                    
  [Client 4] Finished training in 2.84s                                                                                                                                                                                                    
  [Client 7] Starting local training...                                                                                                                                                                                                    
  [Client 7] Finished training in 3.13s                                                                                                                                                                                                    
  [Client 8] Starting local training...                                                                                                                                                                                                    
  [Client 8] Finished training in 8.00s                                                                                                                                                                                                    
  [Client 2] Starting local training...                                                                                                                                                                                                    
  [Client 2] Finished training in 5.89s                                                                                                                                                                                                    
  [Client 0] Starting local training...                                                                                                                                                                                                    
  [Client 0] Finished training in 9.90s                                                                                                                                                                                                    
  [Client 9] Starting local training...                                                                                                                                                                                                    
  [Client 9] Finished training in 5.27s                                                                                                                                                                                                    
  [Client 1] Starting local training...                                                                                                                                                                                                    
  [Client 1] Finished training in 10.42s                                                                                                                                                                                                   
  [Client 6] Starting local training...                                                                                                                                                                                                    
  [Client 6] Finished training in 4.96s                                                                                                                                                                                                    
[Round 34] layer_lambdas: 5=0.0335, 6=0.0182, 7=0.0248, 8=0.0220, 9=0.0206, 10=0.0172, 11=0.0136, norm_f=0.0000                                                                                                                            
[FedLateGram Round 35] avg task: 0.7776 | avg gram: 0.0009 | avg prox_clf: 0.0058                                                                                                                                                          
ROUND 35 FINISHED in 62.22s (Avg: 75.10s)                                                                                                                                                                                                  
  [FedLateGram] Saved checkpoint after round 35 → /home/luis.mendezl/Thesis/logs/runs/cifar10/fedlategram/vim_tiny/alpha0.3/seed42_seven/checkpoints/training_state.pt                                                                     
---------------------------- ROUND 36/50 START ----------------------------                                                                                                                                                                
Selected clients: [0, 9, 5, 6, 1, 2, 7, 4, 3, 8]                                                                                                                                                                                           
  [Client 0] Starting local training...                                                                                                                                                                                                    
  [Client 0] Finished training in 9.89s                                                                                                                                                                                                    
  [Client 9] Starting local training...                                                                                                                                                                                                    
  [Client 9] Finished training in 4.99s                                                                                                                                                                                                    
  [Client 5] Starting local training...                                                                                                                                                                                                    
  [Client 5] Finished training in 7.72s                                                                                                                                                                                                    
  [Client 6] Starting local training...                                                                                                                                                                                                    
  [Client 6] Finished training in 5.00s                                                                                                                                                                                                    
  [Client 1] Starting local training...                                                                                                                                                                                                    
  [Client 1] Finished training in 10.15s                                                                                                                                                                                                   
  [Client 2] Starting local training...                                                                                                                                                                                                    
  [Client 2] Finished training in 5.90s                                                                                                                                                                                                    
  [Client 7] Starting local training...                                                                                                                                                                                                    
  [Client 7] Finished training in 3.13s                                                                                                                                                                                                    
  [Client 4] Starting local training...                                                                                                                                                                                                    
  [Client 4] Finished training in 2.84s                                                                                                                                                                                                    
  [Client 3] Starting local training...                                                                                                                                                                                                    
  [Client 3] Finished training in 3.15s                                                                                                                                                                                                    
  [Client 8] Starting local training...                                                                                                                                                                                                    
  [Client 8] Finished training in 8.01s                                                                                                                                                                                                    
[Round 35] layer_lambdas: 5=0.0314, 6=0.0204, 7=0.0192, 8=0.0236, 9=0.0194, 10=0.0197, 11=0.0162, norm_f=0.0000                                                                                                                            
[FedLateGram Round 36] avg task: 0.7872 | avg gram: 0.0008 | avg prox_clf: 0.0058                                                                                                                                                          
ROUND 36 FINISHED in 61.68s (Avg: 74.73s)                                                                                                                                                                                                  
  [FedLateGram] Saved checkpoint after round 36 → /home/luis.mendezl/Thesis/logs/runs/cifar10/fedlategram/vim_tiny/alpha0.3/seed42_seven/checkpoints/training_state.pt                                                                     
---------------------------- ROUND 37/50 START ----------------------------                                                                                                                                                                
Selected clients: [8, 0, 1, 9, 5, 7, 6, 4, 3, 2]                                                                                                                                                                                           
  [Client 8] Starting local training...                                                                                                                                                                                                    
  [Client 8] Finished training in 8.01s                                                                                                                                                                                                    
  [Client 0] Starting local training...                                                                                                                                                                                                    
  [Client 0] Finished training in 9.85s                                                                                                                                                                                                    
  [Client 1] Starting local training...                                                                                                                                                                                                    
  [Client 1] Finished training in 10.16s                                                                                                                                                                                                   
  [Client 9] Starting local training...                                                                                                                                                                                                    
  [Client 9] Finished training in 4.99s                                                                                                                                                                                                    
  [Client 5] Starting local training...                                                                                                                                                                                                    
  [Client 5] Finished training in 7.70s                                                                                                                                                                                                    
  [Client 7] Starting local training...                                                                                                                                                                                                    
  [Client 7] Finished training in 3.10s                                                                                                                                                                                                    
  [Client 6] Starting local training...                                                                                                                                                                                                    
  [Client 6] Finished training in 4.97s                                                                                                                                                                                                    
  [Client 4] Starting local training...                                                                                                                                                                                                    
  [Client 4] Finished training in 2.83s                                                                                                                                                                                                    
  [Client 3] Starting local training...                                                                                                                                                                                                    
  [Client 3] Finished training in 3.13s                                                                                                                                                                                                    
  [Client 2] Starting local training...                                                                                                                                                                                                    
  [Client 2] Finished training in 5.87s                                                                                                                                                                                                    
[Round 36] layer_lambdas: 5=0.0411, 6=0.0191, 7=0.0231, 8=0.0206, 9=0.0168, 10=0.0170, 11=0.0123, norm_f=0.0000                                                                                                                            
[FedLateGram Round 37] avg task: 0.7544 | avg gram: 0.0009 | avg prox_clf: 0.0057                                                                                                                                                          
ROUND 37 FINISHED in 61.53s (Avg: 74.37s)                                                                                                                                                                                                  
  [FedLateGram] Saved checkpoint after round 37 → /home/luis.mendezl/Thesis/logs/runs/cifar10/fedlategram/vim_tiny/alpha0.3/seed42_seven/checkpoints/training_state.pt                                                                     
---------------------------- ROUND 38/50 START ----------------------------                                                                                                                                                                
Selected clients: [2, 0, 4, 9, 8, 6, 1, 7, 5, 3]                                                                                                                                                                                           
  [Client 2] Starting local training...                                                                                                                                                                                                    
  [Client 2] Finished training in 5.96s                                                                                                                                                                                                    
  [Client 0] Starting local training...                                                                                                                                                                                                    
  [Client 0] Finished training in 9.80s                                                                                                                                                                                                    
  [Client 4] Starting local training...                                                                                                                                                                                                    
  [Client 4] Finished training in 2.83s                                                                                                                                                                                                    
  [Client 9] Starting local training...                                                                                                                                                                                                    
  [Client 9] Finished training in 4.97s                                                                                                                                                                                                    
  [Client 8] Starting local training...                                                                                                                                                                                                    
  [Client 8] Finished training in 7.97s                                                                                                                                                                                                    
  [Client 6] Starting local training...                                                                                                                                                                                                    
  [Client 6] Finished training in 4.99s                                                                                                                                                                                                    
  [Client 1] Starting local training...                                                                                                                                                                                                    
  [Client 1] Finished training in 10.18s                                                                                                                                                                                                   
  [Client 7] Starting local training...                                                                                                                                                                                                    
  [Client 7] Finished training in 3.13s                                                                                                                                                                                                    
  [Client 5] Starting local training...                                                                                                                                                                                                    
  [Client 5] Finished training in 7.73s                                                                                                                                                                                                    
  [Client 3] Starting local training...                                                                                                                                                                                                    
  [Client 3] Finished training in 3.13s                                                                                                                                                                                                    
[Round 37] layer_lambdas: 5=0.0324, 6=0.0183, 7=0.0218, 8=0.0265, 9=0.0188, 10=0.0183, 11=0.0139, norm_f=0.0000                                                                                                                            
[FedLateGram Round 38] avg task: 0.7449 | avg gram: 0.0008 | avg prox_clf: 0.0058                                                                                                                                                          
ROUND 38 FINISHED in 61.61s (Avg: 74.03s)                                                                                                                                                                                                  
  [FedLateGram] Saved checkpoint after round 38 → /home/luis.mendezl/Thesis/logs/runs/cifar10/fedlategram/vim_tiny/alpha0.3/seed42_seven/checkpoints/training_state.pt                                                                     
---------------------------- ROUND 39/50 START ----------------------------                                                                                                                                                                
Selected clients: [5, 8, 6, 4, 9, 1, 7, 0, 2, 3]                                                                                                                                                                                           
  [Client 5] Starting local training...                                                                                                                                                                                                    
  [Client 5] Finished training in 7.72s                                                                                                                                                                                                    
  [Client 8] Starting local training...                                                                                                                                                                                                    
  [Client 8] Finished training in 7.98s                                                                                                                                                                                                    
  [Client 6] Starting local training...                                                                                                                                                                                                    
  [Client 6] Finished training in 4.97s                                                                                                                                                                                                    
  [Client 4] Starting local training...                                                                                                                                                                                                    
  [Client 4] Finished training in 2.84s                                                                                                                                                                                                    
  [Client 9] Starting local training...                                                                                                                                                                                                    
  [Client 9] Finished training in 4.97s                                                                                                                                                                                                    
  [Client 1] Starting local training...                                                                                                                                                                                                    
  [Client 1] Finished training in 10.18s                                                                                                                                                                                                   
  [Client 7] Starting local training...                                                                                                                                                                                                    
  [Client 7] Finished training in 3.12s                                                                                                                                                                                                    
  [Client 0] Starting local training...                                                                                                                                                                                                    
  [Client 0] Finished training in 9.81s                                                                                                                                                                                                    
  [Client 2] Starting local training...                                                                                                                                                                                                    
  [Client 2] Finished training in 5.86s                                                                                                                                                                                                    
  [Client 3] Starting local training...                                                                                                                                                                                                    
  [Client 3] Finished training in 3.12s                                                                                                                                                                                                    
[Round 38] layer_lambdas: 5=0.0327, 6=0.0178, 7=0.0220, 8=0.0242, 9=0.0194, 10=0.0188, 11=0.0151, norm_f=0.0000                                                                                                                            
[FedLateGram Round 39] avg task: 0.7220 | avg gram: 0.0009 | avg prox_clf: 0.0055                                                                                                                                                          
ROUND 39 FINISHED in 61.49s (Avg: 73.71s)                                                                                                                                                                                                  
  [FedLateGram] Saved checkpoint after round 39 → /home/luis.mendezl/Thesis/logs/runs/cifar10/fedlategram/vim_tiny/alpha0.3/seed42_seven/checkpoints/training_state.pt                                                                     
---------------------------- ROUND 40/50 START ----------------------------                                                                                                                                                                
Selected clients: [0, 2, 5, 6, 3, 1, 8, 9, 7, 4]                                                                                                                                                                                           
  [Client 0] Starting local training...                                                                                                                                                                                                    
  [Client 0] Finished training in 9.86s                                                                                                                                                                                                    
client [0]  (testset)   loss: 1.8614 -> 1.4937  accuracy: 42.35% -> 61.92%                                                                                                                                                                 
  [Client 2] Starting local training...                                                                                                                                                                                                    
  [Client 2] Finished training in 6.21s                                                                                                                                                                                                    
client [2]  (testset)   loss: 1.6594 -> 2.0927  accuracy: 49.29% -> 52.14%                                                                                                                                                                 
  [Client 5] Starting local training...                                                                                                                                                                                                    
  [Client 5] Finished training in 7.70s                                                                                                                                                                                                    
client [5]  (testset)   loss: 2.1179 -> 1.0894  accuracy: 38.57% -> 66.67%                                                                                                                                                                 
  [Client 6] Starting local training...                                                                                                                                                                                                    
  [Client 6] Finished training in 4.97s                                                                                                                                                                                                    
client [6]  (testset)   loss: 1.2820 -> 1.4449  accuracy: 53.04% -> 52.17%                                                                                                                                                                 
  [Client 3] Starting local training...                                                                                                                                                                                                    
  [Client 3] Finished training in 3.12s                                                                                                                                                                                                    
client [3]  (testset)   loss: 1.8482 -> 2.0930  accuracy: 39.53% -> 51.16%                                                                                                                                                                 
  [Client 1] Starting local training...                                                                                                                                                                                                    
  [Client 1] Finished training in 10.36s                                                                                                                                                                                                   
client [1]  (testset)   loss: 1.9323 -> 1.8292  accuracy: 35.25% -> 47.80%                                                                                                                                                                 
  [Client 8] Starting local training...                                                                                                                                                                                                    
  [Client 8] Finished training in 8.45s                                                                                                                                                                                                    
client [8]  (testset)   loss: 1.8755 -> 1.3884  accuracy: 36.11% -> 58.80%                                                                                                                                                                 
  [Client 9] Starting local training...                                                                                                                                                                                                    
  [Client 9] Finished training in 5.27s                                                                                                                                                                                                    
client [9]  (testset)   loss: 1.7524 -> 1.8907  accuracy: 40.91% -> 52.73%                                                                                                                                                                 
  [Client 7] Starting local training...                                                                                                                                                                                                    
  [Client 7] Finished training in 3.20s                                                                                                                                                                                                    
client [7]  (testset)   loss: 2.0010 -> 1.6526  accuracy: 40.00% -> 48.00%                                                                                                                                                                 
  [Client 4] Starting local training...                                                                                                                                                                                                    
  [Client 4] Finished training in 2.86s                                                                                                                                                                                                    
client [4]  (testset)   loss: 1.5257 -> 0.8988  accuracy: 43.24% -> 72.97%                                                                                                                                                                 
[Round 39] layer_lambdas: 5=0.0323, 6=0.0194, 7=0.0205, 8=0.0277, 9=0.0190, 10=0.0183, 11=0.0127, norm_f=0.0000                                                                                                                            
[FedLateGram Round 40] avg task: 0.7233 | avg gram: 0.0009 | avg prox_clf: 0.0058                                                                                                                                                          
  [CKA] Saved checkpoints for round 40 (10 clients) → /home/luis.mendezl/Thesis/logs/runs/cifar10/fedlategram/vim_tiny/alpha0.3/seed42_seven/checkpoints/round_0040                                                                        
ROUND 40 FINISHED in 64.59s (Avg: 73.48s)                                                                                                                                                                                                  
  [FedLateGram] Saved checkpoint after round 40 → /home/luis.mendezl/Thesis/logs/runs/cifar10/fedlategram/vim_tiny/alpha0.3/seed42_seven/checkpoints/training_state.pt                                                                     
---------------------------- ROUND 41/50 START ----------------------------                                                                                                                                                                
Selected clients: [0, 7, 3, 1, 8, 2, 4, 9, 5, 6]                                                                                                                                                                                           
  [Client 0] Starting local training...                                                                                                                                                                                                    
  [Client 0] Finished training in 10.48s                                                                                                                                                                                                   
  [Client 7] Starting local training...                                                                                                                                                                                                    
  [Client 7] Finished training in 3.24s                                                                                                                                                                                                    
  [Client 3] Starting local training...                                                                                                                                                                                                    
  [Client 3] Finished training in 3.21s                                                                                                                                                                                                    
  [Client 1] Starting local training...                                                                                                                                                                                                    
  [Client 1] Finished training in 10.76s                                                                                                                                                                                                   
  [Client 8] Starting local training...                                                                                                                                                                                                    
  [Client 8] Finished training in 8.42s                                                                                                                                                                                                    
  [Client 2] Starting local training...                                                                                                                                                                                                    
  [Client 2] Finished training in 6.28s                                                                                                                                                                                                    
  [Client 4] Starting local training...                                                                                                                                                                                                    
  [Client 4] Finished training in 2.91s                                                                                                                                                                                                    
  [Client 9] Starting local training...                                                                                                                                                                                                    
  [Client 9] Finished training in 5.29s                                                                                                                                                                                                    
  [Client 5] Starting local training...                                                                                                                                                                                                    
  [Client 5] Finished training in 8.06s                                                                                                                                                                                                    
  [Client 6] Starting local training...                                                                                                                                                                                                    
  [Client 6] Finished training in 5.27s                                                                                                                                                                                                    
[Round 40] layer_lambdas: 5=0.0342, 6=0.0204, 7=0.0217, 8=0.0228, 9=0.0184, 10=0.0190, 11=0.0136, norm_f=0.0000                                                                                                                            
[FedLateGram Round 41] avg task: 0.7258 | avg gram: 0.0012 | avg prox_clf: 0.0057                                                                                                                                                          
ROUND 41 FINISHED in 64.85s (Avg: 73.27s)                                                                                                                                                                                                  
  [FedLateGram] Saved checkpoint after round 41 → /home/luis.mendezl/Thesis/logs/runs/cifar10/fedlategram/vim_tiny/alpha0.3/seed42_seven/checkpoints/training_state.pt                                                                     
---------------------------- ROUND 42/50 START ----------------------------                                                                                                                                                                
Selected clients: [3, 6, 5, 2, 0, 8, 4, 9, 1, 7]                                                                                                                                                                                           
  [Client 3] Starting local training...                                                                                                                                                                                                    
  [Client 3] Finished training in 3.18s                                                                                                                                                                                                    
  [Client 6] Starting local training...                                                                                                                                                                                                    
  [Client 6] Finished training in 5.09s                                                                                                                                                                                                    
  [Client 5] Starting local training...                                                                                                                                                                                                    
  [Client 5] Finished training in 8.00s                                                                                                                                                                                                    
  [Client 2] Starting local training...                                                                                                                                                                                                    
  [Client 2] Finished training in 6.16s                                                                                                                                                                                                    
  [Client 0] Starting local training...                                                                                                                                                                                                    
  [Client 0] Finished training in 10.44s                                                                                                                                                                                                   
  [Client 8] Starting local training...                                                                                                                                                                                                    
  [Client 8] Finished training in 8.68s                                                                                                                                                                                                    
  [Client 4] Starting local training...                                                                                                                                                                                                    
  [Client 4] Finished training in 2.91s                                                                                                                                                                                                    
  [Client 9] Starting local training...                                                                                                                                                                                                    
  [Client 9] Finished training in 5.08s                                                                                                                                                                                                    
  [Client 1] Starting local training...                                                                                                                                                                                                    
  [Client 1] Finished training in 10.83s                                                                                                                                                                                                   
  [Client 7] Starting local training...                                                                                                                                                                                                    
  [Client 7] Finished training in 3.21s                                                                                                                                                                                                    
[Round 41] layer_lambdas: 5=0.0323, 6=0.0194, 7=0.0221, 8=0.0235, 9=0.0184, 10=0.0221, 11=0.0123, norm_f=0.0000                                                                                                                            
[FedLateGram Round 42] avg task: 0.7058 | avg gram: 0.0010 | avg prox_clf: 0.0056                                                                                                                                                          
ROUND 42 FINISHED in 64.45s (Avg: 73.06s)                                                                                                                                                                                                  
  [FedLateGram] Saved checkpoint after round 42 → /home/luis.mendezl/Thesis/logs/runs/cifar10/fedlategram/vim_tiny/alpha0.3/seed42_seven/checkpoints/training_state.pt                                                                     
---------------------------- ROUND 43/50 START ----------------------------                                                                                                                                                                
Selected clients: [0, 1, 4, 8, 7, 2, 9, 3, 6, 5]                                                                                                                                                                                           
  [Client 0] Starting local training...                                                                                                                                                                                                    
  [Client 0] Finished training in 10.44s                                                                                                                                                                                                   
  [Client 1] Starting local training...                                                                                                                                                                                                    
  [Client 1] Finished training in 10.80s                                                                                                                                                                                                   
  [Client 4] Starting local training...                                                                                                                                                                                                    
  [Client 4] Finished training in 2.90s                                                                                                                                                                                                    
  [Client 8] Starting local training...                                                                                                                                                                                                    
  [Client 8] Finished training in 8.41s                                                                                                                                                                                                    
  [Client 7] Starting local training...                                                                                                                                                                                                    
  [Client 7] Finished training in 3.21s                                                                                                                                                                                                    
  [Client 2] Starting local training...                                                                                                                                                                                                    
  [Client 2] Finished training in 6.31s                                                                                                                                                                                                    
  [Client 9] Starting local training...                                                                                                                                                                                                    
  [Client 9] Finished training in 5.15s                                                                                                                                                                                                    
  [Client 3] Starting local training...                                                                                                                                                                                                    
  [Client 3] Finished training in 3.19s                                                                                                                                                                                                    
  [Client 6] Starting local training...                                                                                                                                                                                                    
  [Client 6] Finished training in 5.21s                                                                                                                                                                                                    
  [Client 5] Starting local training...                                                                                                                                                                                                    
  [Client 5] Finished training in 8.07s                                                                                                                                                                                                    
[Round 42] layer_lambdas: 5=0.0340, 6=0.0197, 7=0.0210, 8=0.0245, 9=0.0215, 10=0.0173, 11=0.0119, norm_f=0.0000                                                                                                                            
[FedLateGram Round 43] avg task: 0.6863 | avg gram: 0.0008 | avg prox_clf: 0.0058                                                                                                                                                          
ROUND 43 FINISHED in 64.57s (Avg: 72.87s)                                                                                                                                                                                                  
  [FedLateGram] Saved checkpoint after round 43 → /home/luis.mendezl/Thesis/logs/runs/cifar10/fedlategram/vim_tiny/alpha0.3/seed42_seven/checkpoints/training_state.pt                                                                     
---------------------------- ROUND 44/50 START ----------------------------                                                                                                                                                                
Selected clients: [5, 6, 1, 3, 4, 7, 2, 0, 9, 8]                                                                                                                                                                                           
  [Client 5] Starting local training...                                                                                                                                                                                                    
  [Client 5] Finished training in 8.18s                                                                                                                                                                                                    
  [Client 6] Starting local training...                                                                                                                                                                                                    
  [Client 6] Finished training in 5.09s                                                                                                                                                                                                    
  [Client 1] Starting local training...                                                                                                                                                                                                    
  [Client 1] Finished training in 10.74s                                                                                                                                                                                                   
  [Client 3] Starting local training...                                                                                                                                                                                                    
  [Client 3] Finished training in 3.23s                                                                                                                                                                                                    
  [Client 4] Starting local training...                                                                                                                                                                                                    
  [Client 4] Finished training in 2.89s                                                                                                                                                                                                    
  [Client 7] Starting local training...                                                                                                                                                                                                    
  [Client 7] Finished training in 3.15s                                                                                                                                                                                                    
  [Client 2] Starting local training...                                                                                                                                                                                                    
  [Client 2] Finished training in 6.16s                                                                                                                                                                                                    
  [Client 0] Starting local training...                                                                                                                                                                                                    
  [Client 0] Finished training in 10.36s                                                                                                                                                                                                   
  [Client 9] Starting local training...                                                                                                                                                                                                    
  [Client 9] Finished training in 5.13s                                                                                                                                                                                                    
  [Client 8] Starting local training...                                                                                                                                                                                                    
  [Client 8] Finished training in 8.56s                                                                                                                                                                                                    
[Round 43] layer_lambdas: 5=0.0339, 6=0.0170, 7=0.0221, 8=0.0269, 9=0.0166, 10=0.0208, 11=0.0127, norm_f=0.0000                                                                                                                            
[FedLateGram Round 44] avg task: 0.6745 | avg gram: 0.0010 | avg prox_clf: 0.0056                                                                                                                                                          
ROUND 44 FINISHED in 64.41s (Avg: 72.67s)                                                                                                                                                                                                  
  [FedLateGram] Saved checkpoint after round 44 → /home/luis.mendezl/Thesis/logs/runs/cifar10/fedlategram/vim_tiny/alpha0.3/seed42_seven/checkpoints/training_state.pt                                                                     
---------------------------- ROUND 45/50 START ----------------------------                                                                                                                                                                
Selected clients: [8, 9, 3, 2, 7, 0, 6, 5, 1, 4]                                                                                                                                                                                           
  [Client 8] Starting local training...                                                                                                                                                                                                    
  [Client 8] Finished training in 8.43s                                                                                                                                                                                                    
  [Client 9] Starting local training...                                                                                                                                                                                                    
  [Client 9] Finished training in 5.12s                                                                                                                                                                                                    
  [Client 3] Starting local training...                                                                                                                                                                                                    
  [Client 3] Finished training in 3.17s                                                                                                                                                                                                    
  [Client 2] Starting local training...                                                                                                                                                                                                    
  [Client 2] Finished training in 6.19s                                                                                                                                                                                                    
  [Client 7] Starting local training...                                                                                                                                                                                                    
  [Client 7] Finished training in 3.23s                                                                                                                                                                                                    
  [Client 0] Starting local training...                                                                                                                                                                                                    
  [Client 0] Finished training in 10.36s                                                                                                                                                                                                   
  [Client 6] Starting local training...                                                                                                                                                                                                    
  [Client 6] Finished training in 5.11s                                                                                                                                                                                                    
  [Client 5] Starting local training...                                                                                                                                                                                                    
  [Client 5] Finished training in 8.05s                                                                                                                                                                                                    
  [Client 1] Starting local training...                                                                                                                                                                                                    
  [Client 1] Finished training in 10.79s                                                                                                                                                                                                   
  [Client 4] Starting local training...                                                                                                                                                                                                    
  [Client 4] Finished training in 2.88s                                                                                                                                                                                                    
[Round 44] layer_lambdas: 5=0.0341, 6=0.0191, 7=0.0205, 8=0.0231, 9=0.0173, 10=0.0202, 11=0.0155, norm_f=0.0000                                                                                                                            
[FedLateGram Round 45] avg task: 0.6683 | avg gram: 0.0009 | avg prox_clf: 0.0056                                                                                                                                                          
ROUND 45 FINISHED in 64.19s (Avg: 72.49s)                                                                                                                                                                                                  
  [FedLateGram] Saved checkpoint after round 45 → /home/luis.mendezl/Thesis/logs/runs/cifar10/fedlategram/vim_tiny/alpha0.3/seed42_seven/checkpoints/training_state.pt                                                                     
---------------------------- ROUND 46/50 START ----------------------------                                                                                                                                                                
Selected clients: [4, 8, 9, 5, 3, 2, 6, 7, 1, 0]                                                                                                                                                                                           
  [Client 4] Starting local training...                                                                                                                                                                                                    
  [Client 4] Finished training in 2.94s                                                                                                                                                                                                    
  [Client 8] Starting local training...                                                                                                                                                                                                    
  [Client 8] Finished training in 8.33s                                                                                                                                                                                                    
  [Client 9] Starting local training...                                                                                                                                                                                                    
  [Client 9] Finished training in 5.22s                                                                                                                                                                                                    
  [Client 5] Starting local training...                                                                                                                                                                                                    
  [Client 5] Finished training in 8.05s                                                                                                                                                                                                    
  [Client 3] Starting local training...                                                                                                                                                                                                    
  [Client 3] Finished training in 3.25s                                                                                                                                                                                                    
  [Client 2] Starting local training...                                                                                                                                                                                                    
  [Client 2] Finished training in 6.08s                                                                                                                                                                                                    
  [Client 6] Starting local training...                                                                                                                                                                                                    
  [Client 6] Finished training in 5.12s                                                                                                                                                                                                    
  [Client 7] Starting local training...                                                                                                                                                                                                    
  [Client 7] Finished training in 3.19s                                                                                                                                                                                                    
  [Client 1] Starting local training...                                                                                                                                                                                                    
  [Client 1] Finished training in 10.77s                                                                                                                                                                                                   
  [Client 0] Starting local training...                                                                                                                                                                                                    
  [Client 0] Finished training in 10.38s                                                                                                                                                                                                   
[Round 45] layer_lambdas: 5=0.0341, 6=0.0205, 7=0.0263, 8=0.0247, 9=0.0148, 10=0.0179, 11=0.0116, norm_f=0.0000                                                                                                                            
[FedLateGram Round 46] avg task: 0.6505 | avg gram: 0.0009 | avg prox_clf: 0.0054                                                                                                                                                          
ROUND 46 FINISHED in 64.21s (Avg: 72.31s)                                                                                                                                                                                                  
  [FedLateGram] Saved checkpoint after round 46 → /home/luis.mendezl/Thesis/logs/runs/cifar10/fedlategram/vim_tiny/alpha0.3/seed42_seven/checkpoints/training_state.pt                                                                     
---------------------------- ROUND 47/50 START ----------------------------                                                                                                                                                                
Selected clients: [3, 6, 8, 5, 7, 1, 2, 4, 0, 9]                                                                                                                                                                                           
  [Client 3] Starting local training...                                                                                                                                                                                                    
  [Client 3] Finished training in 3.27s                                                                                                                                                                                                    
  [Client 6] Starting local training...                                                                                                                                                                                                    
  [Client 6] Finished training in 5.54s                                                                                                                                                                                                    
  [Client 8] Starting local training...                                                                                                                                                                                                    
  [Client 8] Finished training in 8.35s                                                                                                                                                                                                    
  [Client 5] Starting local training...                                                                                                                                                                                                    
  [Client 5] Finished training in 8.15s                                                                                                                                                                                                    
  [Client 7] Starting local training...                                                                                                                                                                                                    
  [Client 7] Finished training in 3.24s                                                                                                                                                                                                    
  [Client 1] Starting local training...                                                                                                                                                                                                    
  [Client 1] Finished training in 10.74s                                                                                                                                                                                                   
  [Client 2] Starting local training...                                                                                                                                                                                                    
  [Client 2] Finished training in 6.25s                                                                                                                                                                                                    
  [Client 4] Starting local training...                                                                                                                                                                                                    
  [Client 4] Finished training in 2.88s                                                                                                                                                                                                    
  [Client 0] Starting local training...                                                                                                                                                                                                    
  [Client 0] Finished training in 10.40s                                                                                                                                                                                                   
  [Client 9] Starting local training...                                                                                                                                                                                                    
  [Client 9] Finished training in 5.10s                                                                                                                                                                                                    
[Round 46] layer_lambdas: 5=0.0309, 6=0.0244, 7=0.0225, 8=0.0233, 9=0.0159, 10=0.0199, 11=0.0131, norm_f=0.0000                                                                                                                            
[FedLateGram Round 47] avg task: 0.6481 | avg gram: 0.0010 | avg prox_clf: 0.0059                                                                                                                                                          
ROUND 47 FINISHED in 64.79s (Avg: 72.15s)                                                                                                                                                                                                  
  [FedLateGram] Saved checkpoint after round 47 → /home/luis.mendezl/Thesis/logs/runs/cifar10/fedlategram/vim_tiny/alpha0.3/seed42_seven/checkpoints/training_state.pt                                                                     
---------------------------- ROUND 48/50 START ----------------------------                                                                                                                                                                
Selected clients: [4, 3, 6, 7, 9, 5, 2, 1, 8, 0]                                                                                                                                                                                           
  [Client 4] Starting local training...                                                                                                                                                                                                    
  [Client 4] Finished training in 2.71s                                                                                                                                                                                                    
  [Client 3] Starting local training...                                                                                                                                                                                                    
  [Client 3] Finished training in 3.08s                                                                                                                                                                                                    
  [Client 6] Starting local training...                                                                                                                                                                                                    
  [Client 6] Finished training in 4.97s                                                                                                                                                                                                    
  [Client 7] Starting local training...                                                                                                                                                                                                    
  [Client 7] Finished training in 3.06s                                                                                                                                                                                                    
  [Client 9] Starting local training...                                                                                                                                                                                                    
  [Client 9] Finished training in 5.10s                                                                                                                                                                                                    
  [Client 5] Starting local training...                                                                                                                                                                                                    
  [Client 5] Finished training in 7.88s                                                                                                                                                                                                    
  [Client 2] Starting local training...                                                                                                                                                                                                    
  [Client 2] Finished training in 6.11s                                                                                                                                                                                                    
  [Client 1] Starting local training...                                                                                                                                                                                                    
  [Client 1] Finished training in 10.59s                                                                                                                                                                                                   
  [Client 8] Starting local training...                                                                                                                                                                                                    
  [Client 8] Finished training in 8.30s                                                                                                                                                                                                    
  [Client 0] Starting local training...                                                                                                                                                                                                    
  [Client 0] Finished training in 10.31s                                                                                                                                                                                                   
[Round 47] layer_lambdas: 5=0.0339, 6=0.0172, 7=0.0244, 8=0.0262, 9=0.0172, 10=0.0168, 11=0.0143, norm_f=0.0000                                                                                                                            
[FedLateGram Round 48] avg task: 0.6478 | avg gram: 0.0011 | avg prox_clf: 0.0059                                                                                                                                                          
ROUND 48 FINISHED in 63.11s (Avg: 71.96s)                                                                                                                                                                                                  
  [FedLateGram] Saved checkpoint after round 48 → /home/luis.mendezl/Thesis/logs/runs/cifar10/fedlategram/vim_tiny/alpha0.3/seed42_seven/checkpoints/training_state.pt                                                                     
---------------------------- ROUND 49/50 START ----------------------------                                                                                                                                                                
Selected clients: [3, 8, 7, 6, 5, 1, 0, 4, 2, 9]                                                                                                                                                                                           
  [Client 3] Starting local training...                                                                                                                                                                                                    
  [Client 3] Finished training in 3.30s                                                                                                                                                                                                    
  [Client 8] Starting local training...                                                                                                                                                                                                    
  [Client 8] Finished training in 8.44s                                                                                                                                                                                                    
  [Client 7] Starting local training...                                                                                                                                                                                                    
  [Client 7] Finished training in 3.24s                                                                                                                                                                                                    
  [Client 6] Starting local training...                                                                                                                                                                                                    
  [Client 6] Finished training in 5.17s                                                                                                                                                                                                    
  [Client 5] Starting local training...                                                                                                                                                                                                    
  [Client 5] Finished training in 8.41s                                                                                                                                                                                                    
  [Client 1] Starting local training...                                                                                                                                                                                                    
  [Client 1] Finished training in 10.72s                                                                                                                                                                                                   
  [Client 0] Starting local training...                                                                                                                                                                                                    
  [Client 0] Finished training in 10.40s                                                                                                                                                                                                   
  [Client 4] Starting local training...                                                                                                                                                                                                    
  [Client 4] Finished training in 2.88s                                                                                                                                                                                                    
  [Client 2] Starting local training...                                                                                                                                                                                                    
  [Client 2] Finished training in 6.07s                                                                                                                                                                                                    
  [Client 9] Starting local training...                                                                                                                                                                                                    
  [Client 9] Finished training in 5.04s                                                                                                                                                                                                    
[Round 48] layer_lambdas: 5=0.0331, 6=0.0213, 7=0.0226, 8=0.0271, 9=0.0152, 10=0.0178, 11=0.0128, norm_f=0.0000                                                                                                                            
[FedLateGram Round 49] avg task: 0.6431 | avg gram: 0.0010 | avg prox_clf: 0.0058                                                                                                                                                          
ROUND 49 FINISHED in 64.60s (Avg: 71.81s)                                                                                                                                                                                                  
  [FedLateGram] Saved checkpoint after round 49 → /home/luis.mendezl/Thesis/logs/runs/cifar10/fedlategram/vim_tiny/alpha0.3/seed42_seven/checkpoints/training_state.pt                                                                     
---------------------------- ROUND 50/50 START ----------------------------                                                                                                                                                                
Selected clients: [3, 4, 9, 6, 1, 5, 0, 7, 2, 8]                                                                                                                                                                                           
  [Client 3] Starting local training...                                                                                                                                                                                                    
  [Client 3] Finished training in 3.13s                                                                                                                                                                                                    
client [3]  (testset)   loss: 2.0503 -> 2.1434  accuracy: 32.56% -> 51.16%                                                                                                                                                                 
  [Client 4] Starting local training...                                                                                                                                                                                                    
  [Client 4] Finished training in 2.83s                                                                                                                                                                                                    
client [4]  (testset)   loss: 1.6065 -> 1.0642  accuracy: 40.54% -> 67.57%                                                                                                                                                                 
  [Client 9] Starting local training...                                                                                                                                                                                                    
  [Client 9] Finished training in 4.98s                                                                                                                                                                                                    
client [9]  (testset)   loss: 1.8633 -> 2.0449  accuracy: 40.91% -> 50.91%                                                                                                                                                                 
  [Client 6] Starting local training...                                                                                                                                                                                                    
  [Client 6] Finished training in 5.15s                                                                                                                                                                                                    
client [6]  (testset)   loss: 1.4089 -> 1.4205  accuracy: 52.17% -> 54.78%                                                                                                                                                                 
  [Client 1] Starting local training...                                                                                                                                                                                                    
  [Client 1] Finished training in 10.91s                                                                                                                                                                                                   
client [1]  (testset)   loss: 2.0635 -> 1.8502  accuracy: 32.88% -> 52.20%                                                                                                                                                                 
  [Client 5] Starting local training...                                                                                                                                                                                                    
  [Client 5] Finished training in 8.10s                                                                                                                                                                                                    
client [5]  (testset)   loss: 2.2942 -> 0.9733  accuracy: 35.24% -> 71.90%                                                                                                                                                                 
  [Client 0] Starting local training...                                                                                                                                                                                                    
  [Client 0] Finished training in 10.44s                                                                                                                                                                                                   
client [0]  (testset)   loss: 1.8919 -> 1.2613  accuracy: 42.70% -> 66.19%                                                                                                                                                                 
  [Client 7] Starting local training...                                                                                                                                                                                                    
  [Client 7] Finished training in 3.22s                                                                                                                                                                                                    
client [7]  (testset)   loss: 1.9393 -> 1.5173  accuracy: 38.00% -> 56.00%                                                                                                                                                                 
  [Client 2] Starting local training...                                                                                                                                                                                                    
  [Client 2] Finished training in 6.15s                                                                                                                                                                                                    
client [2]  (testset)   loss: 1.7360 -> 2.2756  accuracy: 44.29% -> 45.00%                                                                                                                                                                 
  [Client 8] Starting local training...                                                                                                                                                                                                    
  [Client 8] Finished training in 8.40s                                                                                                                                                                                                    
client [8]  (testset)   loss: 1.9036 -> 1.5555  accuracy: 37.50% -> 56.48%                                                                                                                                                                 
[Round 49] layer_lambdas: 5=0.0397, 6=0.0165, 7=0.0262, 8=0.0250, 9=0.0137, 10=0.0185, 11=0.0105, norm_f=0.0000                                                                                                                            
[FedLateGram Round 50] avg task: 0.6217 | avg gram: 0.0009 | avg prox_clf: 0.0056                                                                                                                                                          
  [CKA] Saved checkpoints for round 50 (10 clients) → /home/luis.mendezl/Thesis/logs/runs/cifar10/fedlategram/vim_tiny/alpha0.3/seed42_seven/checkpoints/round_0050                                                                        
ROUND 50 FINISHED in 65.84s (Avg: 71.69s)                                                                                                                                                                                                  
  [FedLateGram] Saved checkpoint after round 50 → /home/luis.mendezl/Thesis/logs/runs/cifar10/fedlategram/vim_tiny/alpha0.3/seed42_seven/checkpoints/training_state.pt                                                                     
FedLateGram's average time taken by each global epoch: 1 min 11.69 sec.                                                                                                                                                                    
FedLateGram's total running time: 1 h 5 m 49 s.                                                                                                                                                                                            
==================== FedLateGram Experiment Results: ====================                                                                                                                                                                  
Display format: (before local fine-tuning) -> (after local fine-tuning)                                                                                                                                                                    
 So if finetune_epoch = 0, x.xx% -> 0.00% is normal.                                                                                                                                                                                       
 Centralized testing ONLY happens after model aggregation, so the stats between '->' are the same.                                                                                                                                         
{                                                                                                                                                                                                                                          
    "1": {                                                                                                                                                                                                                                 
        "centralized": {                                                                                                                                                                                                                   
            "test": {                                                                                                                                                                                                                      
                "loss": "2.4945 -> 2.4945",                                                                                                                                                                                                
                "accuracy": "15.83% -> 15.83%"                                                                                                                                                                                             
            }                                                                                                                                                                                                                              
        },                                                                                                                                                                                                                                 
        "all_clients": {                                                                                                                                                                                                                   
            "test": {                                                                                                                                                                                                                      
                "loss": "2.4945 -> 0.0000",                                                                                                                                                                                                
                "accuracy": "15.83% -> 0.00%"                                                                                                                                                                                              
            }                                                                                                                                                                                                                              
        }                                                                                                                                                                                                                                  
    },                                                                                                                                                                                                                                     
    "2": {                                                                                                                                                                                                                                 
        "centralized": {                                                                                                                                                                                                                   
            "test": {                                                                                                                                                                                                                      
                "loss": "2.1873 -> 2.1873",                                                                                                                                                                                                
                "accuracy": "16.50% -> 16.50%"                                                                                                                                                                                             
            }                                                                                                                                                                                                                              
        },                                                                                                                                                                                                                                 
        "all_clients": {                                                                                                                                                                                                                   
            "test": {                                                                                                                                                                                                                      
                "loss": "2.1873 -> 0.0000",                                                                                                                                                                                                
                "accuracy": "16.50% -> 0.00%"                                                                                                                                                                                              
            }                                                                                                                                                                                                                              
        }                                                                                                                                                                                                                                  
    },                                                                                                                                                                                                                                     
    "3": {                                                                                                                                                                                                                                 
        "centralized": {                                                                                                                                                                                                                   
            "test": {                                                                                                                                                                                                                      
                "loss": "2.1156 -> 2.1156",                                                                                                                                                                                                
                "accuracy": "19.51% -> 19.51%"                                                                                                                                                                                             
            }                                                                                                                                                                                                                              
        },                                                                                                                                                                                                                                 
        "all_clients": {                                                                                                                                                                                                                   
            "test": {                                                                                                                                                                                                                      
                "loss": "2.1156 -> 0.0000",                                                                                                                                                                                                
                "accuracy": "19.51% -> 0.00%"                                                                                                                                                                                              
            }                                                                                                                                                                                                                              
        }                                                                                                                                                                                                                                  
    },                                                                                                                                                                                                                                     
    "4": {                                                                                                                                                                                                                                 
        "centralized": {                                                                                                                                                                                                                   
            "test": {                                                                                                                                                                                                                      
                "loss": "2.1070 -> 2.1070",                                                                                                                                                                                                
                "accuracy": "20.98% -> 20.98%"                                                                                                                                                                                             
            }                                                                                                                                                                                                                              
        },                                                                                                                                                                                                                                 
        "all_clients": {                                                                                                                                                                                                                   
            "test": {                                                                                                                                                                                                                      
                "loss": "2.1070 -> 0.0000",                                                                                                                                                                                                
                "accuracy": "20.98% -> 0.00%"                                                                                                                                                                                              
            }                                                                                                                                                                                                                              
        }                                                                                                                                                                                                                                  
    },                                                                                                                                                                                                                                     
    "5": {                                                                                                                                                                                                                                 
        "centralized": {                                                                                                                                                                                                                   
            "test": {                                                                                                                                                                                                                      
                "loss": "2.0592 -> 2.0592",                                                                                                                                                                                                
                "accuracy": "21.38% -> 21.38%"                                                                                                                                                                                             
            }                                                                                                                                                                                                                              
        },                                                                                                                                                                                                                                 
        "all_clients": {                                                                                                                                                                                                                   
            "test": {                                                                                                                                                                                                                      
                "loss": "2.0592 -> 0.0000",                                                                                                                                                                                                
                "accuracy": "21.38% -> 0.00%"                                                                                                                                                                                              
            }                                                                                                                                                                                                                              
        }                                                                                                                                                                                                                                  
    },                                                                                                                                                                                                                                     
    "6": {                                                                                                                                                                                                                                 
        "centralized": {                                                                                                                                                                                                                   
            "test": {                                                                                                                                                                                                                      
                "loss": "2.0289 -> 2.0289",                                                                                                                                                                                                
                "accuracy": "25.32% -> 25.32%"                                                                                                                                                                                             
            }                                                                                                                                                                                                                              
        },                                                                                                                                                                                                                                 
        "all_clients": {                                                                                                                                                                                                                   
            "test": {                                                                                                                                                                                                                      
                "loss": "2.0289 -> 0.0000",                                                                                                                                                                                                
                "accuracy": "25.32% -> 0.00%"                                                                                                                                                                                              
            }                                                                                                                                                                                                                              
        }                                                                                                                                                                                                                                  
    },                                                                                                                                                                                                                                     
    "7": {                                                                                                                                                                                                                                 
        "centralized": {                                                                                                                                                                                                                   
            "test": {                                                                                                                                                                                                                      
                "loss": "1.9639 -> 1.9639",                                                                                                                                                                                                
                "accuracy": "26.65% -> 26.65%"                                                                                                                                                                                             
            }                                                                                                                                                                                                                              
        },                                                                                                                                                                                                                                 
        "all_clients": {                                                                                                                                                                                                                   
            "test": {                                                                                                                                                                                                                      
                "loss": "1.9639 -> 0.0000",                                                                                                                                                                                                
                "accuracy": "26.65% -> 0.00%"                                                                                                                                                                                              
            }                                                                                                                                                                                                                              
        }                                                                                                                                                                                                                                  
    },                                                                                                                                                                                                                                     
    "8": {                                                                                                                                                                                                                                 
        "centralized": {                                                                                                                                                                                                                   
            "test": {                                                                                                                                                                                                                      
                "loss": "1.9272 -> 1.9272",                                                                                                                                                                                                
                "accuracy": "28.46% -> 28.46%"                                                                                                                                                                                             
            }                                                                                                                                                                                                                              
        },                                                                                                                                                                                                                                 
        "all_clients": {                                                                                                                                                                                                                   
            "test": {                                                                                                                                                                                                                      
                "loss": "1.9272 -> 0.0000",                                                                                                                                                                                                
                "accuracy": "28.46% -> 0.00%"                                                                                                                                                                                              
            }                                                                                                                                                                                                                              
        }                                                                                                                                                                                                                                  
    },                                                                                                                                                                                                                                     
    "9": {                                                                                                                                                                                                                                 
        "centralized": {                                                                                                                                                                                                                   
            "test": {                                                                                                                                                                                                                      
                "loss": "1.8963 -> 1.8963",                                                                                                                                                                                                
                "accuracy": "30.53% -> 30.53%"                                                                                                                                                                                             
            }                                                                                                                                                                                                                              
        },                                                                                                                                                                                                                                 
        "all_clients": {                                                                                                                                                                                                                   
            "test": {                                                                                                                                                                                                                      
                "loss": "1.8963 -> 0.0000",                                                                                                                                                                                                
                "accuracy": "30.53% -> 0.00%"                                                                                                                                                                                              
            }                                                                                                                                                                                                                              
        }                                                                                                                                                                                                                                  
    },                                                                                                                                                                                                                                     
    "10": {                                                                                                                                                                                                                                
        "centralized": {                                                                                                                                                                                                                   
            "test": {                                                                                                                                                                                                                      
                "loss": "1.8560 -> 1.8560",                                                                                                                                                                                                
                "accuracy": "32.80% -> 32.80%"                                                                                                                                                                                             
            }                                                                                                                                                                                                                              
        },                                                                                                                                                                                                                                 
        "all_clients": {                                                                                                                                                                                                                   
            "test": {                                                                                                                                                                                                                      
                "loss": "1.8560 -> 0.0000",                                                                                                                                                                                                
                "accuracy": "32.80% -> 0.00%"                                                                                                                                                                                              
            }                                                                                                                                                                                                                              
        }                                                                                                                                                                                                                                  
    },                                                                                                                                                                                                                                     
    "11": {                                                                                                                                                                                                                                
        "centralized": {                                                                                                                                                                                                                   
            "test": {                                                                                                                                                                                                                      
                "loss": "1.8536 -> 1.8536",                                                                                                                                                                                                
                "accuracy": "31.46% -> 31.46%"                                                                                                                                                                                             
            }                                                                                                                                                                                                                              
        },                                                                                                                                                                                                                                 
        "all_clients": {                                                                                                                                                                                                                   
            "test": {                                                                                                                                                                                                                      
                "loss": "1.8536 -> 0.0000",                                                                                                                                                                                                
                "accuracy": "31.46% -> 0.00%"                                                                                                                                                                                              
            }                                                                                                                                                                                                                              
        }                                                                                                                                                                                                                                  
    },                                                                                                                                                                                                                                     
    "12": {                                                                                                                                                                                                                                
        "centralized": {                                                                                                                                                                                                                   
            "test": {                                                                                                                                                                                                                      
                "loss": "1.8466 -> 1.8466",                                                                                                                                                                                                
                "accuracy": "32.06% -> 32.06%"                                                                                                                                                                                             
            }                                                                                                                                                                                                                              
        },                                                                                                                                                                                                                                 
        "all_clients": {                                                                                                                                                                                                                   
            "test": {                                                                                                                                                                                                                      
                "loss": "1.8466 -> 0.0000",                                                                                                                                                                                                
                "accuracy": "32.06% -> 0.00%"                                                                                                                                                                                              
            }                                                                                                                                                                                                                              
        }                                                                                                                                                                                                                                  
    },                                                                                                                                                                                                                                     
    "13": {                                                                                                                                                                                                                                
        "centralized": {                                                                                                                                                                                                                   
            "test": {                                                                                                                                                                                                                      
                "loss": "1.8330 -> 1.8330",                                                                                                                                                                                                
                "accuracy": "33.13% -> 33.13%"                                                                                                                                                                                             
            }                                                                                                                                                                                                                              
        },                                                                                                                                                                                                                                 
        "all_clients": {                                                                                                                                                                                                                   
            "test": {                                                                                                                                                                                                                      
                "loss": "1.8330 -> 0.0000",                                                                                                                                                                                                
                "accuracy": "33.13% -> 0.00%"                                                                                                                                                                                              
            }                                                                                                                                                                                                                              
        }                                                                                                                                                                                                                                  
    },                                                                                                                                                                                                                                     
    "14": {                                                                                                                                                                                                                                
        "centralized": {                                                                                                                                                                                                                   
            "test": {                                                                                                                                                                                                                      
                "loss": "1.8191 -> 1.8191",                                                                                                                                                                                                
                "accuracy": "33.53% -> 33.53%"                                                                                                                                                                                             
            }                                                                                                                                                                                                                              
        },                                                                                                                                                                                                                                 
        "all_clients": {                                                                                                                                                                                                                   
            "test": {                                                                                                                                                                                                                      
                "loss": "1.8191 -> 0.0000",                                                                                                                                                                                                
                "accuracy": "33.53% -> 0.00%"                                                                                                                                                                                              
            }                                                                                                                                                                                                                              
        }                                                                                                                                                                                                                                  
    },                                                                                                                                                                                                                                     
    "15": {                                                                                                                                                                                                                                
        "centralized": {                                                                                                                                                                                                                   
            "test": {                                                                                                                                                                                                                      
                "loss": "1.8175 -> 1.8175",                                                                                                                                                                                                
                "accuracy": "33.00% -> 33.00%"                                                                                                                                                                                             
            }                                                                                                                                                                                                                              
        },                                                                                                                                                                                                                                 
        "all_clients": {                                                                                                                                                                                                                   
            "test": {                                                                                                                                                                                                                      
                "loss": "1.8175 -> 0.0000",                                                                                                                                                                                                
                "accuracy": "33.00% -> 0.00%"                                                                                                                                                                                              
            }                                                                                                                                                                                                                              
        }                                                                                                                                                                                                                                  
    },                                                                                                                                                                                                                                     
    "16": {                                                                                                                                                                                                                                
        "centralized": {                                                                                                                                                                                                                   
            "test": {                                                                                                                                                                                                                      
                "loss": "1.7973 -> 1.7973",                                                                                                                                                                                                
                "accuracy": "34.27% -> 34.27%"                                                                                                                                                                                             
            }                                                                                                                                                                                                                              
        },                                                                                                                                                                                                                                 
        "all_clients": {                                                                                                                                                                                                                   
            "test": {                                                                                                                                                                                                                      
                "loss": "1.7973 -> 0.0000",                                                                                                                                                                                                
                "accuracy": "34.27% -> 0.00%"                                                                                                                                                                                              
            }                                                                                                                                                                                                                              
        }                                                                                                                                                                                                                                  
    },                                                                                                                                                                                                                                     
    "17": {                                                                                                                                                                                                                                
        "centralized": {                                                                                                                                                                                                                   
            "test": {                                                                                                                                                                                                                      
                "loss": "1.7835 -> 1.7835",                                                                                                                                                                                                
                "accuracy": "35.20% -> 35.20%"                                                                                                                                                                                             
            }                                                                                                                                                                                                                              
        },                                                                                                                                                                                                                                 
        "all_clients": {                                                                                                                                                                                                                   
            "test": {                                                                                                                                                                                                                      
                "loss": "1.7835 -> 0.0000",                                                                                                                                                                                                
                "accuracy": "35.20% -> 0.00%"                                                                                                                                                                                              
            }                                                                                                                                                                                                                              
        }                                                                                                                                                                                                                                  
    },                                                                                                                                                                                                                                     
    "18": {                                                                                                                                                                                                                                
        "centralized": {                                                                                                                                                                                                                   
            "test": {                                                                                                                                                                                                                      
                "loss": "1.8021 -> 1.8021",                                                                                                                                                                                                
                "accuracy": "35.00% -> 35.00%"                                                                                                                                                                                             
            }                                                                                                                                                                                                                              
        },                                                                                                                                                                                                                                 
        "all_clients": {                                                                                                                                                                                                                   
            "test": {                                                                                                                                                                                                                      
                "loss": "1.8021 -> 0.0000",                                                                                                                                                                                                
                "accuracy": "35.00% -> 0.00%"                                                                                                                                                                                              
            }                                                                                                                                                                                                                              
        }                                                                                                                                                                                                                                  
    },                                                                                                                                                                                                                                     
    "19": {                                                                                                                                                                                                                                
        "centralized": {                                                                                                                                                                                                                   
            "test": {                                                                                                                                                                                                                      
                "loss": "1.7817 -> 1.7817",                                                                                                                                                                                                
                "accuracy": "36.81% -> 36.81%"                                                                                                                                                                                             
            }                                                                                                                                                                                                                              
        },                                                                                                                                                                                                                                 
        "all_clients": {                                                                                                                                                                                                                   
            "test": {                                                                                                                                                                                                                      
                "loss": "1.7817 -> 0.0000",                                                                                                                                                                                                
                "accuracy": "36.81% -> 0.00%"                                                                                                                                                                                              
            }                                                                                                                                                                                                                              
        }                                                                                                                                                                                                                                  
    },                                                                                                                                                                                                                                     
    "20": {                                                                                                                                                                                                                                
        "centralized": {                                                                                                                                                                                                                   
            "test": {                                                                                                                                                                                                                      
                "loss": "1.7609 -> 1.7609",                                                                                                                                                                                                
                "accuracy": "38.34% -> 38.34%"                                                                                                                                                                                             
            }                                                                                                                                                                                                                              
        },                                                                                                                                                                                                                                 
        "all_clients": {                                                                                                                                                                                                                   
            "test": {                                                                                                                                                                                                                      
                "loss": "1.7609 -> 0.0000",                                                                                                                                                                                                
                "accuracy": "38.34% -> 0.00%"                                                                                                                                                                                              
            }                                                                                                                                                                                                                              
        }                                                                                                                                                                                                                                  
    },                                                                                                                                                                                                                                     
    "21": {                                                                                                                                                                                                                                
        "centralized": {                                                                                                                                                                                                                   
            "test": {                                                                                                                                                                                                                      
                "loss": "1.7944 -> 1.7944",                                                                                                                                                                                                
                "accuracy": "36.67% -> 36.67%"                                                                                                                                                                                             
            }                                                                                                                                                                                                                              
        },                                                                                                                                                                                                                                 
        "all_clients": {                                                                                                                                                                                                                   
            "test": {                                                                                                                                                                                                                      
                "loss": "1.7944 -> 0.0000",                                                                                                                                                                                                
                "accuracy": "36.67% -> 0.00%"                                                                                                                                                                                              
            }                                                                                                                                                                                                                              
        }                                                                                                                                                                                                                                  
    },                                                                                                                                                                                                                                     
    "22": {                                                                                                                                                                                                                                
        "centralized": {                                                                                                                                                                                                                   
            "test": {                                                                                                                                                                                                                      
                "loss": "1.8069 -> 1.8069",                                                                                                                                                                                                
                "accuracy": "36.27% -> 36.27%"                                                                                                                                                                                             
            }                                                                                                                                                                                                                              
        },                                                                                                                                                                                                                                 
        "all_clients": {                                                                                                                                                                                                                   
            "test": {                                                                                                                                                                                                                      
                "loss": "1.8069 -> 0.0000",                                                                                                                                                                                                
                "accuracy": "36.27% -> 0.00%"                                                                                                                                                                                              
            }                                                                                                                                                                                                                              
        }                                                                                                                                                                                                                                  
    },                                                                                                                                                                                                                                     
    "23": {                                                                                                                                                                                                                                
        "centralized": {                                                                                                                                                                                                                   
            "test": {                                                                                                                                                                                                                      
                "loss": "1.7959 -> 1.7959",                                                                                                                                                                                                
                "accuracy": "37.01% -> 37.01%"                                                                                                                                                                                             
            }                                                                                                                                                                                                                              
        },                                                                                                                                                                                                                                 
        "all_clients": {                                                                                                                                                                                                                   
            "test": {                                                                                                                                                                                                                      
                "loss": "1.7959 -> 0.0000",                                                                                                                                                                                                
                "accuracy": "37.01% -> 0.00%"                                                                                                                                                                                              
            }                                                                                                                                                                                                                              
        }                                                                                                                                                                                                                                  
    },                                                                                                                                                                                                                                     
    "24": {                                                                                                                                                                                                                                
        "centralized": {                                                                                                                                                                                                                   
            "test": {                                                                                                                                                                                                                      
                "loss": "1.7838 -> 1.7838",                                                                                                                                                                                                
                "accuracy": "37.27% -> 37.27%"                                                                                                                                                                                             
            }                                                                                                                                                                                                                              
        },                                                                                                                                                                                                                                 
        "all_clients": {                                                                                                                                                                                                                   
            "test": {                                                                                                                                                                                                                      
                "loss": "1.7838 -> 0.0000",                                                                                                                                                                                                
                "accuracy": "37.27% -> 0.00%"                                                                                                                                                                                              
            }                                                                                                                                                                                                                              
        }                                                                                                                                                                                                                                  
    },                                                                                                                                                                                                                                     
    "25": {                                                                                                                                                                                                                                
        "centralized": {                                                                                                                                                                                                                   
            "test": {                                                                                                                                                                                                                      
                "loss": "1.7864 -> 1.7864",                                                                                                                                                                                                
                "accuracy": "37.47% -> 37.47%"                                                                                                                                                                                             
            }                                                                                                                                                                                                                              
        },                                                                                                                                                                                                                                 
        "all_clients": {                                                                                                                                                                                                                   
            "test": {                                                                                                                                                                                                                      
                "loss": "1.7864 -> 0.0000",                                                                                                                                                                                                
                "accuracy": "37.47% -> 0.00%"                                                                                                                                                                                              
            }                                                                                                                                                                                                                              
        }                                                                                                                                                                                                                                  
    },                                                                                                                                                                                                                                     
    "26": {                                                                                                                                                                                                                                
        "centralized": {                                                                                                                                                                                                                   
            "test": {                                                                                                                                                                                                                      
                "loss": "1.7692 -> 1.7692",                                                                                                                                                                                                
                "accuracy": "39.14% -> 39.14%"                                                                                                                                                                                             
            }                                                                                                                                                                                                                              
        },                                                                                                                                                                                                                                 
        "all_clients": {                                                                                                                                                                                                                   
            "test": {                                                                                                                                                                                                                      
                "loss": "1.7692 -> 0.0000",                                                                                                                                                                                                
                "accuracy": "39.14% -> 0.00%"                                                                                                                                                                                              
            }                                                                                                                                                                                                                              
        }                                                                                                                                                                                                                                  
    },                                                                                                                                                                                                                                     
    "27": {                                                                                                                                                                                                                                
        "centralized": {                                                                                                                                                                                                                   
            "test": {                                                                                                                                                                                                                      
                "loss": "1.7806 -> 1.7806",                                                                                                                                                                                                
                "accuracy": "39.01% -> 39.01%"                                                                                                                                                                                             
            }                                                                                                                                                                                                                              
        },                                                                                                                                                                                                                                 
        "all_clients": {                                                                                                                                                                                                                   
            "test": {                                                                                                                                                                                                                      
                "loss": "1.7806 -> 0.0000",                                                                                                                                                                                                
                "accuracy": "39.01% -> 0.00%"                                                                                                                                                                                              
            }                                                                                                                                                                                                                              
        }                                                                                                                                                                                                                                  
    },                                                                                                                                                                                                                                     
    "28": {                                                                                                                                                                                                                                
        "centralized": {                                                                                                                                                                                                                   
            "test": {                                                                                                                                                                                                                      
                "loss": "1.7912 -> 1.7912",                                                                                                                                                                                                
                "accuracy": "39.14% -> 39.14%"                                                                                                                                                                                             
            }                                                                                                                                                                                                                              
        },                                                                                                                                                                                                                                 
        "all_clients": {                                                                                                                                                                                                                   
            "test": {                                                                                                                                                                                                                      
                "loss": "1.7912 -> 0.0000",                                                                                                                                                                                                
                "accuracy": "39.14% -> 0.00%"                                                                                                                                                                                              
            }                                                                                                                                                                                                                              
        }                                                                                                                                                                                                                                  
    },                                                                                                                                                                                                                                     
    "29": {                                                                                                                                                                                                                                
        "centralized": {                                                                                                                                                                                                                   
            "test": {                                                                                                                                                                                                                      
                "loss": "1.7922 -> 1.7922",                                                                                                                                                                                                
                "accuracy": "39.28% -> 39.28%"                                                                                                                                                                                             
            }                                                                                                                                                                                                                              
        },                                                                                                                                                                                                                                 
        "all_clients": {                                                                                                                                                                                                                   
            "test": {                                                                                                                                                                                                                      
                "loss": "1.7922 -> 0.0000",                                                                                                                                                                                                
                "accuracy": "39.28% -> 0.00%"                                                                                                                                                                                              
            }                                                                                                                                                                                                                              
        }                                                                                                                                                                                                                                  
    },                                                                                                                                                                                                                                     
    "30": {                                                                                                                                                                                                                                
        "centralized": {                                                                                                                                                                                                                   
            "test": {                                                                                                                                                                                                                      
                "loss": "1.7925 -> 1.7925",                                                                                                                                                                                                
                "accuracy": "39.21% -> 39.21%"                                                                                                                                                                                             
            }                                                                                                                                                                                                                              
        },                                                                                                                                                                                                                                 
        "all_clients": {                                                                                                                                                                                                                   
            "test": {                                                                                                                                                                                                                      
                "loss": "1.7925 -> 0.0000",                                                                                                                                                                                                
                "accuracy": "39.21% -> 0.00%"                                                                                                                                                                                              
            }                                                                                                                                                                                                                              
        }                                                                                                                                                                                                                                  
    },                                                                                                                                                                                                                                     
    "31": {                                                                                                                                                                                                                                
        "centralized": {                                                                                                                                                                                                                   
            "test": {                                                                                                                                                                                                                      
                "loss": "1.7977 -> 1.7977",                                                                                                                                                                                                
                "accuracy": "39.75% -> 39.75%"                                                                                                                                                                                             
            }                                                                                                                                                                                                                              
        },                                                                                                                                                                                                                                 
        "all_clients": {                                                                                                                                                                                                                   
            "test": {                                                                                                                                                                                                                      
                "loss": "1.7977 -> 0.0000",                                                                                                                                                                                                
                "accuracy": "39.75% -> 0.00%"                                                                                                                                                                                              
            }                                                                                                                                                                                                                              
        }                                                                                                                                                                                                                                  
    },                                                                                                                                                                                                                                     
    "32": {                                                                                                                                                                                                                                
        "centralized": {                                                                                                                                                                                                                   
            "test": {                                                                                                                                                                                                                      
                "loss": "1.7972 -> 1.7972",                                                                                                                                                                                                
                "accuracy": "40.41% -> 40.41%"                                                                                                                                                                                             
            }                                                                                                                                                                                                                              
        },                                                                                                                                                                                                                                 
        "all_clients": {                                                                                                                                                                                                                   
            "test": {                                                                                                                                                                                                                      
                "loss": "1.7972 -> 0.0000",                                                                                                                                                                                                
                "accuracy": "40.41% -> 0.00%"                                                                                                                                                                                              
            }                                                                                                                                                                                                                              
        }                                                                                                                                                                                                                                  
    },                                                                                                                                                                                                                                     
    "33": {                                                                                                                                                                                                                                
        "centralized": {                                                                                                                                                                                                                   
            "test": {                                                                                                                                                                                                                      
                "loss": "1.8207 -> 1.8207",                                                                                                                                                                                                
                "accuracy": "39.28% -> 39.28%"                                                                                                                                                                                             
            }                                                                                                                                                                                                                              
        },                                                                                                                                                                                                                                 
        "all_clients": {                                                                                                                                                                                                                   
            "test": {                                                                                                                                                                                                                      
                "loss": "1.8207 -> 0.0000",                                                                                                                                                                                                
                "accuracy": "39.28% -> 0.00%"                                                                                                                                                                                              
            }                                                                                                                                                                                                                              
        }                                                                                                                                                                                                                                  
    },                                                                                                                                                                                                                                     
    "34": {                                                                                                                                                                                                                                
        "centralized": {                                                                                                                                                                                                                   
            "test": {                                                                                                                                                                                                                      
                "loss": "1.8259 -> 1.8259",                                                                                                                                                                                                
                "accuracy": "39.61% -> 39.61%"                                                                                                                                                                                             
            }                                                                                                                                                                                                                              
        },                                                                                                                                                                                                                                 
        "all_clients": {                                                                                                                                                                                                                   
            "test": {                                                                                                                                                                                                                      
                "loss": "1.8259 -> 0.0000",                                                                                                                                                                                                
                "accuracy": "39.61% -> 0.00%"                                                                                                                                                                                              
            }                                                                                                                                                                                                                              
        }                                                                                                                                                                                                                                  
    },                                                                                                                                                                                                                                     
    "35": {                                                                                                                                                                                                                                
        "centralized": {                                                                                                                                                                                                                   
            "test": {                                                                                                                                                                                                                      
                "loss": "1.8377 -> 1.8377",                                                                                                                                                                                                
                "accuracy": "39.14% -> 39.14%"                                                                                                                                                                                             
            }                                                                                                                                                                                                                              
        },                                                                                                                                                                                                                                 
        "all_clients": {                                                                                                                                                                                                                   
            "test": {                                                                                                                                                                                                                      
                "loss": "1.8377 -> 0.0000",                                                                                                                                                                                                
                "accuracy": "39.14% -> 0.00%"                                                                                                                                                                                              
            }                                                                                                                                                                                                                              
        }                                                                                                                                                                                                                                  
    },                                                                                                                                                                                                                                     
    "36": {                                                                                                                                                                                                                                
        "centralized": {                                                                                                                                                                                                                   
            "test": {                                                                                                                                                                                                                      
                "loss": "1.8368 -> 1.8368",                                                                                                                                                                                                
                "accuracy": "40.28% -> 40.28%"                                                                                                                                                                                             
            }                                                                                                                                                                                                                              
        },                                                                                                                                                                                                                                 
        "all_clients": {                                                                                                                                                                                                                   
            "test": {                                                                                                                                                                                                                      
                "loss": "1.8368 -> 0.0000",                                                                                                                                                                                                
                "accuracy": "40.28% -> 0.00%"                                                                                                                                                                                              
            }                                                                                                                                                                                                                              
        }                                                                                                                                                                                                                                  
    },                                                                                                                                                                                                                                     
    "37": {                                                                                                                                                                                                                                
        "centralized": {                                                                                                                                                                                                                   
            "test": {                                                                                                                                                                                                                      
                "loss": "1.8764 -> 1.8764",                                                                                                                                                                                                
                "accuracy": "39.81% -> 39.81%"                                                                                                                                                                                             
            }                                                                                                                                                                                                                              
        },                                                                                                                                                                                                                                 
        "all_clients": {                                                                                                                                                                                                                   
            "test": {                                                                                                                                                                                                                      
                "loss": "1.8764 -> 0.0000",                                                                                                                                                                                                
                "accuracy": "39.81% -> 0.00%"                                                                                                                                                                                              
            }                                                                                                                                                                                                                              
        }                                                                                                                                                                                                                                  
    },                                                                                                                                                                                                                                     
    "38": {                                                                                                                                                                                                                                
        "centralized": {                                                                                                                                                                                                                   
            "test": {                                                                                                                                                                                                                      
                "loss": "1.8808 -> 1.8808",                                                                                                                                                                                                
                "accuracy": "38.94% -> 38.94%"                                                                                                                                                                                             
            }                                                                                                                                                                                                                              
        },                                                                                                                                                                                                                                 
        "all_clients": {                                                                                                                                                                                                                   
            "test": {                                                                                                                                                                                                                      
                "loss": "1.8808 -> 0.0000",                                                                                                                                                                                                
                "accuracy": "38.94% -> 0.00%"                                                                                                                                                                                              
            }                                                                                                                                                                                                                              
        }                                                                                                                                                                                                                                  
    },                                                                                                                                                                                                                                     
    "39": {                                                                                                                                                                                                                                
        "centralized": {                                                                                                                                                                                                                   
            "test": {                                                                                                                                                                                                                      
                "loss": "1.8380 -> 1.8380",                                                                                                                                                                                                
                "accuracy": "40.75% -> 40.75%"                                                                                                                                                                                             
            }                                                                                                                                                                                                                              
        },                                                                                                                                                                                                                                 
        "all_clients": {                                                                                                                                                                                                                   
            "test": {                                                                                                                                                                                                                      
                "loss": "1.8380 -> 0.0000",                                                                                                                                                                                                
                "accuracy": "40.75% -> 0.00%"                                                                                                                                                                                              
            }                                                                                                                                                                                                                              
        }                                                                                                                                                                                                                                  
    },                                                                                                                                                                                                                                     
    "40": {                                                                                                                                                                                                                                
        "centralized": {                                                                                                                                                                                                                   
            "test": {                                                                                                                                                                                                                      
                "loss": "1.8683 -> 1.8683",                                                                                                                                                                                                
                "accuracy": "39.95% -> 39.95%"                                                                                                                                                                                             
            }                                                                                                                                                                                                                              
        },                                                                                                                                                                                                                                 
        "all_clients": {                                                                                                                                                                                                                   
            "test": {                                                                                                                                                                                                                      
                "loss": "1.8683 -> 0.0000",                                                                                                                                                                                                
                "accuracy": "39.95% -> 0.00%"                                                                                                                                                                                              
            }                                                                                                                                                                                                                              
        }                                                                                                                                                                                                                                  
    },                                                                                                                                                                                                                                     
    "41": {                                                                                                                                                                                                                                
        "centralized": {                                                                                                                                                                                                                   
            "test": {                                                                                                                                                                                                                      
                "loss": "1.8944 -> 1.8944",                                                                                                                                                                                                
                "accuracy": "39.35% -> 39.35%"                                                                                                                                                                                             
            }                                                                                                                                                                                                                              
        },                                                                                                                                                                                                                                 
        "all_clients": {                                                                                                                                                                                                                   
            "test": {                                                                                                                                                                                                                      
                "loss": "1.8944 -> 0.0000",                                                                                                                                                                                                
                "accuracy": "39.35% -> 0.00%"                                                                                                                                                                                              
            }                                                                                                                                                                                                                              
        }                                                                                                                                                                                                                                  
    },                                                                                                                                                                                                                                     
    "42": {                                                                                                                                                                                                                                
        "centralized": {                                                                                                                                                                                                                   
            "test": {                                                                                                                                                                                                                      
                "loss": "1.8678 -> 1.8678",                                                                                                                                                                                                
                "accuracy": "40.08% -> 40.08%"                                                                                                                                                                                             
            }                                                                                                                                                                                                                              
        },                                                                                                                                                                                                                                 
        "all_clients": {                                                                                                                                                                                                                   
            "test": {                                                                                                                                                                                                                      
                "loss": "1.8678 -> 0.0000",                                                                                                                                                                                                
                "accuracy": "40.08% -> 0.00%"                                                                                                                                                                                              
            }                                                                                                                                                                                                                              
        }                                                                                                                                                                                                                                  
    },                                                                                                                                                                                                                                     
    "43": {                                                                                                                                                                                                                                
        "centralized": {                                                                                                                                                                                                                   
            "test": {                                                                                                                                                                                                                      
                "loss": "1.8973 -> 1.8973",                                                                                                                                                                                                
                "accuracy": "40.08% -> 40.08%"                                                                                                                                                                                             
            }                                                                                                                                                                                                                              
        },                                                                                                                                                                                                                                 
        "all_clients": {                                                                                                                                                                                                                   
            "test": {                                                                                                                                                                                                                      
                "loss": "1.8973 -> 0.0000",                                                                                                                                                                                                
                "accuracy": "40.08% -> 0.00%"                                                                                                                                                                                              
            }                                                                                                                                                                                                                              
        }                                                                                                                                                                                                                                  
    },                                                                                                                                                                                                                                     
    "44": {                                                                                                                                                                                                                                
        "centralized": {                                                                                                                                                                                                                   
            "test": {                                                                                                                                                                                                                      
                "loss": "1.9046 -> 1.9046",                                                                                                                                                                                                
                "accuracy": "39.55% -> 39.55%"                                                                                                                                                                                             
            }                                                                                                                                                                                                                              
        },                                                                                                                                                                                                                                 
        "all_clients": {                                                                                                                                                                                                                   
            "test": {                                                                                                                                                                                                                      
                "loss": "1.9046 -> 0.0000",                                                                                                                                                                                                
                "accuracy": "39.55% -> 0.00%"                                                                                                                                                                                              
            }                                                                                                                                                                                                                              
        }                                                                                                                                                                                                                                  
    },                                                                                                                                                                                                                                     
    "45": {                                                                                                                                                                                                                                
        "centralized": {                                                                                                                                                                                                                   
            "test": {                                                                                                                                                                                                                      
                "loss": "1.9168 -> 1.9168",                                                                                                                                                                                                
                "accuracy": "40.68% -> 40.68%"                                                                                                                                                                                             
            }                                                                                                                                                                                                                              
        },                                                                                                                                                                                                                                 
        "all_clients": {                                                                                                                                                                                                                   
            "test": {                                                                                                                                                                                                                      
                "loss": "1.9168 -> 0.0000",                                                                                                                                                                                                
                "accuracy": "40.68% -> 0.00%"                                                                                                                                                                                              
            }                                                                                                                                                                                                                              
        }                                                                                                                                                                                                                                  
    },                                                                                                                                                                                                                                     
    "46": {                                                                                                                                                                                                                                
        "centralized": {                                                                                                                                                                                                                   
            "test": {                                                                                                                                                                                                                      
                "loss": "1.9267 -> 1.9267",                                                                                                                                                                                                
                "accuracy": "39.28% -> 39.28%"                                                                                                                                                                                             
            }                                                                                                                                                                                                                              
        },                                                                                                                                                                                                                                 
        "all_clients": {                                                                                                                                                                                                                   
            "test": {                                                                                                                                                                                                                      
                "loss": "1.9267 -> 0.0000",                                                                                                                                                                                                
                "accuracy": "39.28% -> 0.00%"                                                                                                                                                                                              
            }                                                                                                                                                                                                                              
        }                                                                                                                                                                                                                                  
    },                                                                                                                                                                                                                                     
    "47": {                                                                                                                                                                                                                                
        "centralized": {                                                                                                                                                                                                                   
            "test": {                                                                                                                                                                                                                      
                "loss": "1.9222 -> 1.9222",                                                                                                                                                                                                
                "accuracy": "40.15% -> 40.15%"                                                                                                                                                                                             
            }                                                                                                                                                                                                                              
        },                                                                                                                                                                                                                                 
        "all_clients": {                                                                                                                                                                                                                   
            "test": {                                                                                                                                                                                                                      
                "loss": "1.9222 -> 0.0000",                                                                                                                                                                                                
                "accuracy": "40.15% -> 0.00%"                                                                                                                                                                                              
            }                                                                                                                                                                                                                              
        }                                                                                                                                                                                                                                  
    },                                                                                                                                                                                                                                     
    "48": {                                                                                                                                                                                                                                
        "centralized": {                                                                                                                                                                                                                   
            "test": {                                                                                                                                                                                                                      
                "loss": "1.9129 -> 1.9129",                                                                                                                                                                                                
                "accuracy": "38.61% -> 38.61%"                                                                                                                                                                                             
            }                                                                                                                                                                                                                              
        },                                                                                                                                                                                                                                 
        "all_clients": {                                                                                                                                                                                                                   
            "test": {                                                                                                                                                                                                                      
                "loss": "1.9129 -> 0.0000",                                                                                                                                                                                                
                "accuracy": "38.61% -> 0.00%"                                                                                                                                                                                              
            }                                                                                                                                                                                                                              
        }                                                                                                                                                                                                                                  
    },                                                                                                                                                                                                                                     
    "49": {                                                                                                                                                                                                                                
        "centralized": {                                                                                                                                                                                                                   
            "test": {                                                                                                                                                                                                                      
                "loss": "1.9291 -> 1.9291",                                                                                                                                                                                                
                "accuracy": "39.21% -> 39.21%"                                                                                                                                                                                             
            }                                                                                                                                                                                                                              
        },                                                                                                                                                                                                                                 
        "all_clients": {                                                                                                                                                                                                                   
            "test": {                                                                                                                                                                                                                      
                "loss": "1.9291 -> 0.0000",                                                                                                                                                                                                
                "accuracy": "39.21% -> 0.00%"                                                                                                                                                                                              
            }                                                                                                                                                                                                                              
        }                                                                                                                                                                                                                                  
    },                                                                                                                                                                                                                                     
    "50": {                                                                                                                                                                                                                                
        "centralized": {                                                                                                                                                                                                                   
            "test": {                                                                                                                                                                                                                      
                "loss": "1.9267 -> 1.9267",                                                                                                                                                                                                
                "accuracy": "40.68% -> 40.68%"                                                                                                                                                                                             
            }                                                                                                                                                                                                                              
        },                                                                                                                                                                                                                                 
        "all_clients": {                                                                                                                                                                                                                   
            "test": {                                                                                                                                                                                                                      
                "loss": "1.9267 -> 0.0000",                                                                                                                                                                                                
                "accuracy": "40.68% -> 0.00%"                                                                                                                                                                                              
            }                                                                                                                                                                                                                              
        }                                                                                                                                                                                                                                  
    }                                                                                                                                                                                                                                      
}                                                                                                                                                                                                                                          
==================== FedLateGram Max Accuracy ====================                                                                                                                                                                         
all_clients:                                                                                                                                                                                                                               
(test) before fine-tuning: 40.75% at epoch 39                                                                                                                                                                                              
(test) after fine-tuning: 0.00% at epoch 1                                                                                                                                                                                                 
centralized:                                                                                                                                                                                                                               
(test) before fine-tuning: 40.75% at epoch 39                                                                                                                                                                                              
(test) after fine-tuning: 40.75% at epoch 39                                                                                                                                                                                               
