round,client_i,client_j,model_name,dataset,alpha,layer_index,layer_name,cka_diagonal
1,0,1,vig_tiny,cifar10,1000.0,0,_vig_stem,0.642367
1,0,1,vig_tiny,cifar10,1000.0,1,_vig_blocks.0,0.527572
1,0,1,vig_tiny,cifar10,1000.0,2,_vig_blocks.1,0.514019
1,0,1,vig_tiny,cifar10,1000.0,3,_vig_blocks.2,0.477387
1,0,1,vig_tiny,cifar10,1000.0,4,_vig_blocks.3,0.474958
1,0,1,vig_tiny,cifar10,1000.0,5,_vig_blocks.4,0.445983
1,0,1,vig_tiny,cifar10,1000.0,6,_vig_blocks.5,0.468707
1,0,1,vig_tiny,cifar10,1000.0,7,_vig_blocks.6,0.446171
1,0,1,vig_tiny,cifar10,1000.0,8,_vig_blocks.7,0.467124
1,0,1,vig_tiny,cifar10,1000.0,9,_vig_blocks.8,0.474313
1,0,1,vig_tiny,cifar10,1000.0,10,_vig_blocks.9,0.505079
1,0,1,vig_tiny,cifar10,1000.0,11,_vig_blocks.10,0.500236
1,0,1,vig_tiny,cifar10,1000.0,12,_vig_blocks.11,0.521775
1,0,1,vig_tiny,cifar10,1000.0,13,classifier,0.591662
1,0,2,vig_tiny,cifar10,1000.0,0,_vig_stem,0.619860
1,0,2,vig_tiny,cifar10,1000.0,1,_vig_blocks.0,0.645198
1,0,2,vig_tiny,cifar10,1000.0,2,_vig_blocks.1,0.684765
1,0,2,vig_tiny,cifar10,1000.0,3,_vig_blocks.2,0.646471
1,0,2,vig_tiny,cifar10,1000.0,4,_vig_blocks.3,0.621396
1,0,2,vig_tiny,cifar10,1000.0,5,_vig_blocks.4,0.603664
1,0,2,vig_tiny,cifar10,1000.0,6,_vig_blocks.5,0.618426
1,0,2,vig_tiny,cifar10,1000.0,7,_vig_blocks.6,0.584134
1,0,2,vig_tiny,cifar10,1000.0,8,_vig_blocks.7,0.584982
1,0,2,vig_tiny,cifar10,1000.0,9,_vig_blocks.8,0.608025
1,0,2,vig_tiny,cifar10,1000.0,10,_vig_blocks.9,0.593631
1,0,2,vig_tiny,cifar10,1000.0,11,_vig_blocks.10,0.612898
1,0,2,vig_tiny,cifar10,1000.0,12,_vig_blocks.11,0.620101
1,0,2,vig_tiny,cifar10,1000.0,13,classifier,0.438531
1,0,3,vig_tiny,cifar10,1000.0,0,_vig_stem,0.931630
1,0,3,vig_tiny,cifar10,1000.0,1,_vig_blocks.0,0.900720
1,0,3,vig_tiny,cifar10,1000.0,2,_vig_blocks.1,0.898069
1,0,3,vig_tiny,cifar10,1000.0,3,_vig_blocks.2,0.893591
1,0,3,vig_tiny,cifar10,1000.0,4,_vig_blocks.3,0.882863
1,0,3,vig_tiny,cifar10,1000.0,5,_vig_blocks.4,0.880297
1,0,3,vig_tiny,cifar10,1000.0,6,_vig_blocks.5,0.867183
1,0,3,vig_tiny,cifar10,1000.0,7,_vig_blocks.6,0.865424
1,0,3,vig_tiny,cifar10,1000.0,8,_vig_blocks.7,0.877892
1,0,3,vig_tiny,cifar10,1000.0,9,_vig_blocks.8,0.876033
1,0,3,vig_tiny,cifar10,1000.0,10,_vig_blocks.9,0.866634
1,0,3,vig_tiny,cifar10,1000.0,11,_vig_blocks.10,0.856287
1,0,3,vig_tiny,cifar10,1000.0,12,_vig_blocks.11,0.847043
1,0,3,vig_tiny,cifar10,1000.0,13,classifier,0.419916
1,0,4,vig_tiny,cifar10,1000.0,0,_vig_stem,0.813014
1,0,4,vig_tiny,cifar10,1000.0,1,_vig_blocks.0,0.778834
1,0,4,vig_tiny,cifar10,1000.0,2,_vig_blocks.1,0.789037
1,0,4,vig_tiny,cifar10,1000.0,3,_vig_blocks.2,0.767431
1,0,4,vig_tiny,cifar10,1000.0,4,_vig_blocks.3,0.745332
1,0,4,vig_tiny,cifar10,1000.0,5,_vig_blocks.4,0.756869
1,0,4,vig_tiny,cifar10,1000.0,6,_vig_blocks.5,0.751425
1,0,4,vig_tiny,cifar10,1000.0,7,_vig_blocks.6,0.752348
1,0,4,vig_tiny,cifar10,1000.0,8,_vig_blocks.7,0.764512
1,0,4,vig_tiny,cifar10,1000.0,9,_vig_blocks.8,0.780574
1,0,4,vig_tiny,cifar10,1000.0,10,_vig_blocks.9,0.772221
1,0,4,vig_tiny,cifar10,1000.0,11,_vig_blocks.10,0.796689
1,0,4,vig_tiny,cifar10,1000.0,12,_vig_blocks.11,0.796919
1,0,4,vig_tiny,cifar10,1000.0,13,classifier,0.683392
1,0,5,vig_tiny,cifar10,1000.0,0,_vig_stem,0.519217
1,0,5,vig_tiny,cifar10,1000.0,1,_vig_blocks.0,0.506806
1,0,5,vig_tiny,cifar10,1000.0,2,_vig_blocks.1,0.534290
1,0,5,vig_tiny,cifar10,1000.0,3,_vig_blocks.2,0.520894
1,0,5,vig_tiny,cifar10,1000.0,4,_vig_blocks.3,0.526558
1,0,5,vig_tiny,cifar10,1000.0,5,_vig_blocks.4,0.520639
1,0,5,vig_tiny,cifar10,1000.0,6,_vig_blocks.5,0.503509
1,0,5,vig_tiny,cifar10,1000.0,7,_vig_blocks.6,0.507396
1,0,5,vig_tiny,cifar10,1000.0,8,_vig_blocks.7,0.508075
1,0,5,vig_tiny,cifar10,1000.0,9,_vig_blocks.8,0.491940
1,0,5,vig_tiny,cifar10,1000.0,10,_vig_blocks.9,0.494203
1,0,5,vig_tiny,cifar10,1000.0,11,_vig_blocks.10,0.490918
1,0,5,vig_tiny,cifar10,1000.0,12,_vig_blocks.11,0.507375
1,0,5,vig_tiny,cifar10,1000.0,13,classifier,0.325612
1,0,6,vig_tiny,cifar10,1000.0,0,_vig_stem,0.475793
1,0,6,vig_tiny,cifar10,1000.0,1,_vig_blocks.0,0.464434
1,0,6,vig_tiny,cifar10,1000.0,2,_vig_blocks.1,0.478579
1,0,6,vig_tiny,cifar10,1000.0,3,_vig_blocks.2,0.411944
1,0,6,vig_tiny,cifar10,1000.0,4,_vig_blocks.3,0.418119
1,0,6,vig_tiny,cifar10,1000.0,5,_vig_blocks.4,0.386019
1,0,6,vig_tiny,cifar10,1000.0,6,_vig_blocks.5,0.414023
1,0,6,vig_tiny,cifar10,1000.0,7,_vig_blocks.6,0.405911
1,0,6,vig_tiny,cifar10,1000.0,8,_vig_blocks.7,0.418361
1,0,6,vig_tiny,cifar10,1000.0,9,_vig_blocks.8,0.451430
1,0,6,vig_tiny,cifar10,1000.0,10,_vig_blocks.9,0.445832
1,0,6,vig_tiny,cifar10,1000.0,11,_vig_blocks.10,0.480392
1,0,6,vig_tiny,cifar10,1000.0,12,_vig_blocks.11,0.524862
1,0,6,vig_tiny,cifar10,1000.0,13,classifier,0.510247
1,0,7,vig_tiny,cifar10,1000.0,0,_vig_stem,0.873738
1,0,7,vig_tiny,cifar10,1000.0,1,_vig_blocks.0,0.859956
1,0,7,vig_tiny,cifar10,1000.0,2,_vig_blocks.1,0.882994
1,0,7,vig_tiny,cifar10,1000.0,3,_vig_blocks.2,0.862760
1,0,7,vig_tiny,cifar10,1000.0,4,_vig_blocks.3,0.856626
1,0,7,vig_tiny,cifar10,1000.0,5,_vig_blocks.4,0.841679
1,0,7,vig_tiny,cifar10,1000.0,6,_vig_blocks.5,0.839059
1,0,7,vig_tiny,cifar10,1000.0,7,_vig_blocks.6,0.845743
1,0,7,vig_tiny,cifar10,1000.0,8,_vig_blocks.7,0.831368
1,0,7,vig_tiny,cifar10,1000.0,9,_vig_blocks.8,0.823245
1,0,7,vig_tiny,cifar10,1000.0,10,_vig_blocks.9,0.812092
1,0,7,vig_tiny,cifar10,1000.0,11,_vig_blocks.10,0.813591
1,0,7,vig_tiny,cifar10,1000.0,12,_vig_blocks.11,0.812783
1,0,7,vig_tiny,cifar10,1000.0,13,classifier,0.710781
1,0,8,vig_tiny,cifar10,1000.0,0,_vig_stem,0.874396
1,0,8,vig_tiny,cifar10,1000.0,1,_vig_blocks.0,0.820362
1,0,8,vig_tiny,cifar10,1000.0,2,_vig_blocks.1,0.835899
1,0,8,vig_tiny,cifar10,1000.0,3,_vig_blocks.2,0.789780
1,0,8,vig_tiny,cifar10,1000.0,4,_vig_blocks.3,0.732269
1,0,8,vig_tiny,cifar10,1000.0,5,_vig_blocks.4,0.718622
1,0,8,vig_tiny,cifar10,1000.0,6,_vig_blocks.5,0.739286
1,0,8,vig_tiny,cifar10,1000.0,7,_vig_blocks.6,0.722744
1,0,8,vig_tiny,cifar10,1000.0,8,_vig_blocks.7,0.730541
1,0,8,vig_tiny,cifar10,1000.0,9,_vig_blocks.8,0.736021
1,0,8,vig_tiny,cifar10,1000.0,10,_vig_blocks.9,0.726325
1,0,8,vig_tiny,cifar10,1000.0,11,_vig_blocks.10,0.715390
1,0,8,vig_tiny,cifar10,1000.0,12,_vig_blocks.11,0.718604
1,0,8,vig_tiny,cifar10,1000.0,13,classifier,0.620099
1,0,9,vig_tiny,cifar10,1000.0,0,_vig_stem,0.679425
1,0,9,vig_tiny,cifar10,1000.0,1,_vig_blocks.0,0.635847
1,0,9,vig_tiny,cifar10,1000.0,2,_vig_blocks.1,0.637931
1,0,9,vig_tiny,cifar10,1000.0,3,_vig_blocks.2,0.586080
1,0,9,vig_tiny,cifar10,1000.0,4,_vig_blocks.3,0.572995
1,0,9,vig_tiny,cifar10,1000.0,5,_vig_blocks.4,0.527410
1,0,9,vig_tiny,cifar10,1000.0,6,_vig_blocks.5,0.508985
1,0,9,vig_tiny,cifar10,1000.0,7,_vig_blocks.6,0.507228
1,0,9,vig_tiny,cifar10,1000.0,8,_vig_blocks.7,0.494066
1,0,9,vig_tiny,cifar10,1000.0,9,_vig_blocks.8,0.511130
1,0,9,vig_tiny,cifar10,1000.0,10,_vig_blocks.9,0.510559
1,0,9,vig_tiny,cifar10,1000.0,11,_vig_blocks.10,0.504442
1,0,9,vig_tiny,cifar10,1000.0,12,_vig_blocks.11,0.510779
1,0,9,vig_tiny,cifar10,1000.0,13,classifier,0.442887
1,1,2,vig_tiny,cifar10,1000.0,0,_vig_stem,0.849820
1,1,2,vig_tiny,cifar10,1000.0,1,_vig_blocks.0,0.784457
1,1,2,vig_tiny,cifar10,1000.0,2,_vig_blocks.1,0.738579
1,1,2,vig_tiny,cifar10,1000.0,3,_vig_blocks.2,0.729305
1,1,2,vig_tiny,cifar10,1000.0,4,_vig_blocks.3,0.721940
1,1,2,vig_tiny,cifar10,1000.0,5,_vig_blocks.4,0.724001
1,1,2,vig_tiny,cifar10,1000.0,6,_vig_blocks.5,0.714675
1,1,2,vig_tiny,cifar10,1000.0,7,_vig_blocks.6,0.699809
1,1,2,vig_tiny,cifar10,1000.0,8,_vig_blocks.7,0.700627
1,1,2,vig_tiny,cifar10,1000.0,9,_vig_blocks.8,0.694631
1,1,2,vig_tiny,cifar10,1000.0,10,_vig_blocks.9,0.692739
1,1,2,vig_tiny,cifar10,1000.0,11,_vig_blocks.10,0.692209
1,1,2,vig_tiny,cifar10,1000.0,12,_vig_blocks.11,0.702125
1,1,2,vig_tiny,cifar10,1000.0,13,classifier,0.697799
1,1,3,vig_tiny,cifar10,1000.0,0,_vig_stem,0.704439
1,1,3,vig_tiny,cifar10,1000.0,1,_vig_blocks.0,0.615464
1,1,3,vig_tiny,cifar10,1000.0,2,_vig_blocks.1,0.577548
1,1,3,vig_tiny,cifar10,1000.0,3,_vig_blocks.2,0.544207
1,1,3,vig_tiny,cifar10,1000.0,4,_vig_blocks.3,0.549047
1,1,3,vig_tiny,cifar10,1000.0,5,_vig_blocks.4,0.537802
1,1,3,vig_tiny,cifar10,1000.0,6,_vig_blocks.5,0.557529
1,1,3,vig_tiny,cifar10,1000.0,7,_vig_blocks.6,0.542014
1,1,3,vig_tiny,cifar10,1000.0,8,_vig_blocks.7,0.552272
1,1,3,vig_tiny,cifar10,1000.0,9,_vig_blocks.8,0.559858
1,1,3,vig_tiny,cifar10,1000.0,10,_vig_blocks.9,0.589999
1,1,3,vig_tiny,cifar10,1000.0,11,_vig_blocks.10,0.574861
1,1,3,vig_tiny,cifar10,1000.0,12,_vig_blocks.11,0.585368
1,1,3,vig_tiny,cifar10,1000.0,13,classifier,0.462813
1,1,4,vig_tiny,cifar10,1000.0,0,_vig_stem,0.876351
1,1,4,vig_tiny,cifar10,1000.0,1,_vig_blocks.0,0.830599
1,1,4,vig_tiny,cifar10,1000.0,2,_vig_blocks.1,0.798475
1,1,4,vig_tiny,cifar10,1000.0,3,_vig_blocks.2,0.778883
1,1,4,vig_tiny,cifar10,1000.0,4,_vig_blocks.3,0.774056
1,1,4,vig_tiny,cifar10,1000.0,5,_vig_blocks.4,0.737671
1,1,4,vig_tiny,cifar10,1000.0,6,_vig_blocks.5,0.720755
1,1,4,vig_tiny,cifar10,1000.0,7,_vig_blocks.6,0.693055
1,1,4,vig_tiny,cifar10,1000.0,8,_vig_blocks.7,0.706304
1,1,4,vig_tiny,cifar10,1000.0,9,_vig_blocks.8,0.705786
1,1,4,vig_tiny,cifar10,1000.0,10,_vig_blocks.9,0.730947
1,1,4,vig_tiny,cifar10,1000.0,11,_vig_blocks.10,0.709004
1,1,4,vig_tiny,cifar10,1000.0,12,_vig_blocks.11,0.710757
1,1,4,vig_tiny,cifar10,1000.0,13,classifier,0.726448
1,1,5,vig_tiny,cifar10,1000.0,0,_vig_stem,0.813115
1,1,5,vig_tiny,cifar10,1000.0,1,_vig_blocks.0,0.790591
1,1,5,vig_tiny,cifar10,1000.0,2,_vig_blocks.1,0.772307
1,1,5,vig_tiny,cifar10,1000.0,3,_vig_blocks.2,0.751511
1,1,5,vig_tiny,cifar10,1000.0,4,_vig_blocks.3,0.732885
1,1,5,vig_tiny,cifar10,1000.0,5,_vig_blocks.4,0.729898
1,1,5,vig_tiny,cifar10,1000.0,6,_vig_blocks.5,0.705724
1,1,5,vig_tiny,cifar10,1000.0,7,_vig_blocks.6,0.687255
1,1,5,vig_tiny,cifar10,1000.0,8,_vig_blocks.7,0.698005
1,1,5,vig_tiny,cifar10,1000.0,9,_vig_blocks.8,0.689138
1,1,5,vig_tiny,cifar10,1000.0,10,_vig_blocks.9,0.692703
1,1,5,vig_tiny,cifar10,1000.0,11,_vig_blocks.10,0.641818
1,1,5,vig_tiny,cifar10,1000.0,12,_vig_blocks.11,0.632747
1,1,5,vig_tiny,cifar10,1000.0,13,classifier,0.463111
1,1,6,vig_tiny,cifar10,1000.0,0,_vig_stem,0.792963
1,1,6,vig_tiny,cifar10,1000.0,1,_vig_blocks.0,0.714593
1,1,6,vig_tiny,cifar10,1000.0,2,_vig_blocks.1,0.660457
1,1,6,vig_tiny,cifar10,1000.0,3,_vig_blocks.2,0.649193
1,1,6,vig_tiny,cifar10,1000.0,4,_vig_blocks.3,0.652870
1,1,6,vig_tiny,cifar10,1000.0,5,_vig_blocks.4,0.633599
1,1,6,vig_tiny,cifar10,1000.0,6,_vig_blocks.5,0.632461
1,1,6,vig_tiny,cifar10,1000.0,7,_vig_blocks.6,0.626326
1,1,6,vig_tiny,cifar10,1000.0,8,_vig_blocks.7,0.649257
1,1,6,vig_tiny,cifar10,1000.0,9,_vig_blocks.8,0.675891
1,1,6,vig_tiny,cifar10,1000.0,10,_vig_blocks.9,0.692191
1,1,6,vig_tiny,cifar10,1000.0,11,_vig_blocks.10,0.709358
1,1,6,vig_tiny,cifar10,1000.0,12,_vig_blocks.11,0.721961
1,1,6,vig_tiny,cifar10,1000.0,13,classifier,0.661985
1,1,7,vig_tiny,cifar10,1000.0,0,_vig_stem,0.834218
1,1,7,vig_tiny,cifar10,1000.0,1,_vig_blocks.0,0.719678
1,1,7,vig_tiny,cifar10,1000.0,2,_vig_blocks.1,0.648703
1,1,7,vig_tiny,cifar10,1000.0,3,_vig_blocks.2,0.659959
1,1,7,vig_tiny,cifar10,1000.0,4,_vig_blocks.3,0.643499
1,1,7,vig_tiny,cifar10,1000.0,5,_vig_blocks.4,0.618906
1,1,7,vig_tiny,cifar10,1000.0,6,_vig_blocks.5,0.633185
1,1,7,vig_tiny,cifar10,1000.0,7,_vig_blocks.6,0.608678
1,1,7,vig_tiny,cifar10,1000.0,8,_vig_blocks.7,0.620933
1,1,7,vig_tiny,cifar10,1000.0,9,_vig_blocks.8,0.622719
1,1,7,vig_tiny,cifar10,1000.0,10,_vig_blocks.9,0.665662
1,1,7,vig_tiny,cifar10,1000.0,11,_vig_blocks.10,0.644344
1,1,7,vig_tiny,cifar10,1000.0,12,_vig_blocks.11,0.639692
1,1,7,vig_tiny,cifar10,1000.0,13,classifier,0.602500
1,1,8,vig_tiny,cifar10,1000.0,0,_vig_stem,0.832099
1,1,8,vig_tiny,cifar10,1000.0,1,_vig_blocks.0,0.753709
1,1,8,vig_tiny,cifar10,1000.0,2,_vig_blocks.1,0.703344
1,1,8,vig_tiny,cifar10,1000.0,3,_vig_blocks.2,0.694355
1,1,8,vig_tiny,cifar10,1000.0,4,_vig_blocks.3,0.697058
1,1,8,vig_tiny,cifar10,1000.0,5,_vig_blocks.4,0.672301
1,1,8,vig_tiny,cifar10,1000.0,6,_vig_blocks.5,0.673824
1,1,8,vig_tiny,cifar10,1000.0,7,_vig_blocks.6,0.651063
1,1,8,vig_tiny,cifar10,1000.0,8,_vig_blocks.7,0.656179
1,1,8,vig_tiny,cifar10,1000.0,9,_vig_blocks.8,0.657317
1,1,8,vig_tiny,cifar10,1000.0,10,_vig_blocks.9,0.674893
1,1,8,vig_tiny,cifar10,1000.0,11,_vig_blocks.10,0.663523
1,1,8,vig_tiny,cifar10,1000.0,12,_vig_blocks.11,0.659290
1,1,8,vig_tiny,cifar10,1000.0,13,classifier,0.605474
1,1,9,vig_tiny,cifar10,1000.0,0,_vig_stem,0.833832
1,1,9,vig_tiny,cifar10,1000.0,1,_vig_blocks.0,0.771974
1,1,9,vig_tiny,cifar10,1000.0,2,_vig_blocks.1,0.783831
1,1,9,vig_tiny,cifar10,1000.0,3,_vig_blocks.2,0.753036
1,1,9,vig_tiny,cifar10,1000.0,4,_vig_blocks.3,0.718239
1,1,9,vig_tiny,cifar10,1000.0,5,_vig_blocks.4,0.692809
1,1,9,vig_tiny,cifar10,1000.0,6,_vig_blocks.5,0.710980
1,1,9,vig_tiny,cifar10,1000.0,7,_vig_blocks.6,0.703826
1,1,9,vig_tiny,cifar10,1000.0,8,_vig_blocks.7,0.696481
1,1,9,vig_tiny,cifar10,1000.0,9,_vig_blocks.8,0.707192
1,1,9,vig_tiny,cifar10,1000.0,10,_vig_blocks.9,0.723927
1,1,9,vig_tiny,cifar10,1000.0,11,_vig_blocks.10,0.721642
1,1,9,vig_tiny,cifar10,1000.0,12,_vig_blocks.11,0.732962
1,1,9,vig_tiny,cifar10,1000.0,13,classifier,0.762115
1,2,3,vig_tiny,cifar10,1000.0,0,_vig_stem,0.715497
1,2,3,vig_tiny,cifar10,1000.0,1,_vig_blocks.0,0.753078
1,2,3,vig_tiny,cifar10,1000.0,2,_vig_blocks.1,0.785866
1,2,3,vig_tiny,cifar10,1000.0,3,_vig_blocks.2,0.756314
1,2,3,vig_tiny,cifar10,1000.0,4,_vig_blocks.3,0.740150
1,2,3,vig_tiny,cifar10,1000.0,5,_vig_blocks.4,0.725577
1,2,3,vig_tiny,cifar10,1000.0,6,_vig_blocks.5,0.734894
1,2,3,vig_tiny,cifar10,1000.0,7,_vig_blocks.6,0.721864
1,2,3,vig_tiny,cifar10,1000.0,8,_vig_blocks.7,0.715540
1,2,3,vig_tiny,cifar10,1000.0,9,_vig_blocks.8,0.723981
1,2,3,vig_tiny,cifar10,1000.0,10,_vig_blocks.9,0.715072
1,2,3,vig_tiny,cifar10,1000.0,11,_vig_blocks.10,0.729982
1,2,3,vig_tiny,cifar10,1000.0,12,_vig_blocks.11,0.730800
1,2,3,vig_tiny,cifar10,1000.0,13,classifier,0.287110
1,2,4,vig_tiny,cifar10,1000.0,0,_vig_stem,0.867203
1,2,4,vig_tiny,cifar10,1000.0,1,_vig_blocks.0,0.864991
1,2,4,vig_tiny,cifar10,1000.0,2,_vig_blocks.1,0.859707
1,2,4,vig_tiny,cifar10,1000.0,3,_vig_blocks.2,0.849300
1,2,4,vig_tiny,cifar10,1000.0,4,_vig_blocks.3,0.838457
1,2,4,vig_tiny,cifar10,1000.0,5,_vig_blocks.4,0.832324
1,2,4,vig_tiny,cifar10,1000.0,6,_vig_blocks.5,0.827607
1,2,4,vig_tiny,cifar10,1000.0,7,_vig_blocks.6,0.808593
1,2,4,vig_tiny,cifar10,1000.0,8,_vig_blocks.7,0.779257
1,2,4,vig_tiny,cifar10,1000.0,9,_vig_blocks.8,0.749398
1,2,4,vig_tiny,cifar10,1000.0,10,_vig_blocks.9,0.746626
1,2,4,vig_tiny,cifar10,1000.0,11,_vig_blocks.10,0.734754
1,2,4,vig_tiny,cifar10,1000.0,12,_vig_blocks.11,0.724481
1,2,4,vig_tiny,cifar10,1000.0,13,classifier,0.442175
1,2,5,vig_tiny,cifar10,1000.0,0,_vig_stem,0.738369
1,2,5,vig_tiny,cifar10,1000.0,1,_vig_blocks.0,0.748709
1,2,5,vig_tiny,cifar10,1000.0,2,_vig_blocks.1,0.754950
1,2,5,vig_tiny,cifar10,1000.0,3,_vig_blocks.2,0.730389
1,2,5,vig_tiny,cifar10,1000.0,4,_vig_blocks.3,0.702938
1,2,5,vig_tiny,cifar10,1000.0,5,_vig_blocks.4,0.712899
1,2,5,vig_tiny,cifar10,1000.0,6,_vig_blocks.5,0.678469
1,2,5,vig_tiny,cifar10,1000.0,7,_vig_blocks.6,0.668474
1,2,5,vig_tiny,cifar10,1000.0,8,_vig_blocks.7,0.645696
1,2,5,vig_tiny,cifar10,1000.0,9,_vig_blocks.8,0.626527
1,2,5,vig_tiny,cifar10,1000.0,10,_vig_blocks.9,0.616603
1,2,5,vig_tiny,cifar10,1000.0,11,_vig_blocks.10,0.582123
1,2,5,vig_tiny,cifar10,1000.0,12,_vig_blocks.11,0.577872
1,2,5,vig_tiny,cifar10,1000.0,13,classifier,0.485622
1,2,6,vig_tiny,cifar10,1000.0,0,_vig_stem,0.856414
1,2,6,vig_tiny,cifar10,1000.0,1,_vig_blocks.0,0.849325
1,2,6,vig_tiny,cifar10,1000.0,2,_vig_blocks.1,0.814626
1,2,6,vig_tiny,cifar10,1000.0,3,_vig_blocks.2,0.801320
1,2,6,vig_tiny,cifar10,1000.0,4,_vig_blocks.3,0.809028
1,2,6,vig_tiny,cifar10,1000.0,5,_vig_blocks.4,0.800218
1,2,6,vig_tiny,cifar10,1000.0,6,_vig_blocks.5,0.800467
1,2,6,vig_tiny,cifar10,1000.0,7,_vig_blocks.6,0.811346
1,2,6,vig_tiny,cifar10,1000.0,8,_vig_blocks.7,0.792510
1,2,6,vig_tiny,cifar10,1000.0,9,_vig_blocks.8,0.766446
1,2,6,vig_tiny,cifar10,1000.0,10,_vig_blocks.9,0.765019
1,2,6,vig_tiny,cifar10,1000.0,11,_vig_blocks.10,0.765069
1,2,6,vig_tiny,cifar10,1000.0,12,_vig_blocks.11,0.758156
1,2,6,vig_tiny,cifar10,1000.0,13,classifier,0.602745
1,2,7,vig_tiny,cifar10,1000.0,0,_vig_stem,0.759764
1,2,7,vig_tiny,cifar10,1000.0,1,_vig_blocks.0,0.716355
1,2,7,vig_tiny,cifar10,1000.0,2,_vig_blocks.1,0.705603
1,2,7,vig_tiny,cifar10,1000.0,3,_vig_blocks.2,0.720945
1,2,7,vig_tiny,cifar10,1000.0,4,_vig_blocks.3,0.681088
1,2,7,vig_tiny,cifar10,1000.0,5,_vig_blocks.4,0.658960
1,2,7,vig_tiny,cifar10,1000.0,6,_vig_blocks.5,0.660956
1,2,7,vig_tiny,cifar10,1000.0,7,_vig_blocks.6,0.645604
1,2,7,vig_tiny,cifar10,1000.0,8,_vig_blocks.7,0.617884
1,2,7,vig_tiny,cifar10,1000.0,9,_vig_blocks.8,0.605577
1,2,7,vig_tiny,cifar10,1000.0,10,_vig_blocks.9,0.608765
1,2,7,vig_tiny,cifar10,1000.0,11,_vig_blocks.10,0.612945
1,2,7,vig_tiny,cifar10,1000.0,12,_vig_blocks.11,0.620236
1,2,7,vig_tiny,cifar10,1000.0,13,classifier,0.457607
1,2,8,vig_tiny,cifar10,1000.0,0,_vig_stem,0.851900
1,2,8,vig_tiny,cifar10,1000.0,1,_vig_blocks.0,0.859580
1,2,8,vig_tiny,cifar10,1000.0,2,_vig_blocks.1,0.850307
1,2,8,vig_tiny,cifar10,1000.0,3,_vig_blocks.2,0.855581
1,2,8,vig_tiny,cifar10,1000.0,4,_vig_blocks.3,0.851697
1,2,8,vig_tiny,cifar10,1000.0,5,_vig_blocks.4,0.854103
1,2,8,vig_tiny,cifar10,1000.0,6,_vig_blocks.5,0.847506
1,2,8,vig_tiny,cifar10,1000.0,7,_vig_blocks.6,0.849838
1,2,8,vig_tiny,cifar10,1000.0,8,_vig_blocks.7,0.832059
1,2,8,vig_tiny,cifar10,1000.0,9,_vig_blocks.8,0.813980
1,2,8,vig_tiny,cifar10,1000.0,10,_vig_blocks.9,0.816524
1,2,8,vig_tiny,cifar10,1000.0,11,_vig_blocks.10,0.817499
1,2,8,vig_tiny,cifar10,1000.0,12,_vig_blocks.11,0.820153
1,2,8,vig_tiny,cifar10,1000.0,13,classifier,0.654196
1,2,9,vig_tiny,cifar10,1000.0,0,_vig_stem,0.778949
1,2,9,vig_tiny,cifar10,1000.0,1,_vig_blocks.0,0.756783
1,2,9,vig_tiny,cifar10,1000.0,2,_vig_blocks.1,0.779550
1,2,9,vig_tiny,cifar10,1000.0,3,_vig_blocks.2,0.732154
1,2,9,vig_tiny,cifar10,1000.0,4,_vig_blocks.3,0.688534
1,2,9,vig_tiny,cifar10,1000.0,5,_vig_blocks.4,0.665679
1,2,9,vig_tiny,cifar10,1000.0,6,_vig_blocks.5,0.674407
1,2,9,vig_tiny,cifar10,1000.0,7,_vig_blocks.6,0.668529
1,2,9,vig_tiny,cifar10,1000.0,8,_vig_blocks.7,0.658784
1,2,9,vig_tiny,cifar10,1000.0,9,_vig_blocks.8,0.686472
1,2,9,vig_tiny,cifar10,1000.0,10,_vig_blocks.9,0.677805
1,2,9,vig_tiny,cifar10,1000.0,11,_vig_blocks.10,0.685041
1,2,9,vig_tiny,cifar10,1000.0,12,_vig_blocks.11,0.700396
1,2,9,vig_tiny,cifar10,1000.0,13,classifier,0.716448
1,3,4,vig_tiny,cifar10,1000.0,0,_vig_stem,0.835624
1,3,4,vig_tiny,cifar10,1000.0,1,_vig_blocks.0,0.783684
1,3,4,vig_tiny,cifar10,1000.0,2,_vig_blocks.1,0.787970
1,3,4,vig_tiny,cifar10,1000.0,3,_vig_blocks.2,0.768215
1,3,4,vig_tiny,cifar10,1000.0,4,_vig_blocks.3,0.751966
1,3,4,vig_tiny,cifar10,1000.0,5,_vig_blocks.4,0.767229
1,3,4,vig_tiny,cifar10,1000.0,6,_vig_blocks.5,0.750724
1,3,4,vig_tiny,cifar10,1000.0,7,_vig_blocks.6,0.753063
1,3,4,vig_tiny,cifar10,1000.0,8,_vig_blocks.7,0.758584
1,3,4,vig_tiny,cifar10,1000.0,9,_vig_blocks.8,0.754836
1,3,4,vig_tiny,cifar10,1000.0,10,_vig_blocks.9,0.747879
1,3,4,vig_tiny,cifar10,1000.0,11,_vig_blocks.10,0.753474
1,3,4,vig_tiny,cifar10,1000.0,12,_vig_blocks.11,0.752312
1,3,4,vig_tiny,cifar10,1000.0,13,classifier,0.512042
1,3,5,vig_tiny,cifar10,1000.0,0,_vig_stem,0.591097
1,3,5,vig_tiny,cifar10,1000.0,1,_vig_blocks.0,0.587227
1,3,5,vig_tiny,cifar10,1000.0,2,_vig_blocks.1,0.599770
1,3,5,vig_tiny,cifar10,1000.0,3,_vig_blocks.2,0.581325
1,3,5,vig_tiny,cifar10,1000.0,4,_vig_blocks.3,0.593588
1,3,5,vig_tiny,cifar10,1000.0,5,_vig_blocks.4,0.593976
1,3,5,vig_tiny,cifar10,1000.0,6,_vig_blocks.5,0.576778
1,3,5,vig_tiny,cifar10,1000.0,7,_vig_blocks.6,0.570796
1,3,5,vig_tiny,cifar10,1000.0,8,_vig_blocks.7,0.556228
1,3,5,vig_tiny,cifar10,1000.0,9,_vig_blocks.8,0.544238
1,3,5,vig_tiny,cifar10,1000.0,10,_vig_blocks.9,0.551984
1,3,5,vig_tiny,cifar10,1000.0,11,_vig_blocks.10,0.527316
1,3,5,vig_tiny,cifar10,1000.0,12,_vig_blocks.11,0.526002
1,3,5,vig_tiny,cifar10,1000.0,13,classifier,0.372851
1,3,6,vig_tiny,cifar10,1000.0,0,_vig_stem,0.554532
1,3,6,vig_tiny,cifar10,1000.0,1,_vig_blocks.0,0.548906
1,3,6,vig_tiny,cifar10,1000.0,2,_vig_blocks.1,0.562421
1,3,6,vig_tiny,cifar10,1000.0,3,_vig_blocks.2,0.511119
1,3,6,vig_tiny,cifar10,1000.0,4,_vig_blocks.3,0.519578
1,3,6,vig_tiny,cifar10,1000.0,5,_vig_blocks.4,0.496970
1,3,6,vig_tiny,cifar10,1000.0,6,_vig_blocks.5,0.523238
1,3,6,vig_tiny,cifar10,1000.0,7,_vig_blocks.6,0.522831
1,3,6,vig_tiny,cifar10,1000.0,8,_vig_blocks.7,0.521875
1,3,6,vig_tiny,cifar10,1000.0,9,_vig_blocks.8,0.534572
1,3,6,vig_tiny,cifar10,1000.0,10,_vig_blocks.9,0.540571
1,3,6,vig_tiny,cifar10,1000.0,11,_vig_blocks.10,0.557199
1,3,6,vig_tiny,cifar10,1000.0,12,_vig_blocks.11,0.581100
1,3,6,vig_tiny,cifar10,1000.0,13,classifier,0.524125
1,3,7,vig_tiny,cifar10,1000.0,0,_vig_stem,0.871523
1,3,7,vig_tiny,cifar10,1000.0,1,_vig_blocks.0,0.852613
1,3,7,vig_tiny,cifar10,1000.0,2,_vig_blocks.1,0.829530
1,3,7,vig_tiny,cifar10,1000.0,3,_vig_blocks.2,0.816493
1,3,7,vig_tiny,cifar10,1000.0,4,_vig_blocks.3,0.812047
1,3,7,vig_tiny,cifar10,1000.0,5,_vig_blocks.4,0.801462
1,3,7,vig_tiny,cifar10,1000.0,6,_vig_blocks.5,0.786776
1,3,7,vig_tiny,cifar10,1000.0,7,_vig_blocks.6,0.783542
1,3,7,vig_tiny,cifar10,1000.0,8,_vig_blocks.7,0.767749
1,3,7,vig_tiny,cifar10,1000.0,9,_vig_blocks.8,0.762174
1,3,7,vig_tiny,cifar10,1000.0,10,_vig_blocks.9,0.751345
1,3,7,vig_tiny,cifar10,1000.0,11,_vig_blocks.10,0.735688
1,3,7,vig_tiny,cifar10,1000.0,12,_vig_blocks.11,0.732957
1,3,7,vig_tiny,cifar10,1000.0,13,classifier,0.345754
1,3,8,vig_tiny,cifar10,1000.0,0,_vig_stem,0.920288
1,3,8,vig_tiny,cifar10,1000.0,1,_vig_blocks.0,0.866306
1,3,8,vig_tiny,cifar10,1000.0,2,_vig_blocks.1,0.867360
1,3,8,vig_tiny,cifar10,1000.0,3,_vig_blocks.2,0.831996
1,3,8,vig_tiny,cifar10,1000.0,4,_vig_blocks.3,0.787593
1,3,8,vig_tiny,cifar10,1000.0,5,_vig_blocks.4,0.780429
1,3,8,vig_tiny,cifar10,1000.0,6,_vig_blocks.5,0.782260
1,3,8,vig_tiny,cifar10,1000.0,7,_vig_blocks.6,0.767874
1,3,8,vig_tiny,cifar10,1000.0,8,_vig_blocks.7,0.770490
1,3,8,vig_tiny,cifar10,1000.0,9,_vig_blocks.8,0.763302
1,3,8,vig_tiny,cifar10,1000.0,10,_vig_blocks.9,0.757765
1,3,8,vig_tiny,cifar10,1000.0,11,_vig_blocks.10,0.742068
1,3,8,vig_tiny,cifar10,1000.0,12,_vig_blocks.11,0.736322
1,3,8,vig_tiny,cifar10,1000.0,13,classifier,0.479569
1,3,9,vig_tiny,cifar10,1000.0,0,_vig_stem,0.752052
1,3,9,vig_tiny,cifar10,1000.0,1,_vig_blocks.0,0.714064
1,3,9,vig_tiny,cifar10,1000.0,2,_vig_blocks.1,0.721510
1,3,9,vig_tiny,cifar10,1000.0,3,_vig_blocks.2,0.675230
1,3,9,vig_tiny,cifar10,1000.0,4,_vig_blocks.3,0.663578
1,3,9,vig_tiny,cifar10,1000.0,5,_vig_blocks.4,0.639406
1,3,9,vig_tiny,cifar10,1000.0,6,_vig_blocks.5,0.628454
1,3,9,vig_tiny,cifar10,1000.0,7,_vig_blocks.6,0.624689
1,3,9,vig_tiny,cifar10,1000.0,8,_vig_blocks.7,0.610671
1,3,9,vig_tiny,cifar10,1000.0,9,_vig_blocks.8,0.621437
1,3,9,vig_tiny,cifar10,1000.0,10,_vig_blocks.9,0.628290
1,3,9,vig_tiny,cifar10,1000.0,11,_vig_blocks.10,0.621103
1,3,9,vig_tiny,cifar10,1000.0,12,_vig_blocks.11,0.624818
1,3,9,vig_tiny,cifar10,1000.0,13,classifier,0.563565
1,4,5,vig_tiny,cifar10,1000.0,0,_vig_stem,0.759216
1,4,5,vig_tiny,cifar10,1000.0,1,_vig_blocks.0,0.761374
1,4,5,vig_tiny,cifar10,1000.0,2,_vig_blocks.1,0.764945
1,4,5,vig_tiny,cifar10,1000.0,3,_vig_blocks.2,0.735154
1,4,5,vig_tiny,cifar10,1000.0,4,_vig_blocks.3,0.709279
1,4,5,vig_tiny,cifar10,1000.0,5,_vig_blocks.4,0.700659
1,4,5,vig_tiny,cifar10,1000.0,6,_vig_blocks.5,0.661342
1,4,5,vig_tiny,cifar10,1000.0,7,_vig_blocks.6,0.640139
1,4,5,vig_tiny,cifar10,1000.0,8,_vig_blocks.7,0.619066
1,4,5,vig_tiny,cifar10,1000.0,9,_vig_blocks.8,0.599396
1,4,5,vig_tiny,cifar10,1000.0,10,_vig_blocks.9,0.600992
1,4,5,vig_tiny,cifar10,1000.0,11,_vig_blocks.10,0.568373
1,4,5,vig_tiny,cifar10,1000.0,12,_vig_blocks.11,0.560179
1,4,5,vig_tiny,cifar10,1000.0,13,classifier,0.324394
1,4,6,vig_tiny,cifar10,1000.0,0,_vig_stem,0.803039
1,4,6,vig_tiny,cifar10,1000.0,1,_vig_blocks.0,0.817149
1,4,6,vig_tiny,cifar10,1000.0,2,_vig_blocks.1,0.793481
1,4,6,vig_tiny,cifar10,1000.0,3,_vig_blocks.2,0.775535
1,4,6,vig_tiny,cifar10,1000.0,4,_vig_blocks.3,0.792312
1,4,6,vig_tiny,cifar10,1000.0,5,_vig_blocks.4,0.756818
1,4,6,vig_tiny,cifar10,1000.0,6,_vig_blocks.5,0.779897
1,4,6,vig_tiny,cifar10,1000.0,7,_vig_blocks.6,0.791956
1,4,6,vig_tiny,cifar10,1000.0,8,_vig_blocks.7,0.773584
1,4,6,vig_tiny,cifar10,1000.0,9,_vig_blocks.8,0.772484
1,4,6,vig_tiny,cifar10,1000.0,10,_vig_blocks.9,0.774842
1,4,6,vig_tiny,cifar10,1000.0,11,_vig_blocks.10,0.762653
1,4,6,vig_tiny,cifar10,1000.0,12,_vig_blocks.11,0.764989
1,4,6,vig_tiny,cifar10,1000.0,13,classifier,0.480199
1,4,7,vig_tiny,cifar10,1000.0,0,_vig_stem,0.927362
1,4,7,vig_tiny,cifar10,1000.0,1,_vig_blocks.0,0.858047
1,4,7,vig_tiny,cifar10,1000.0,2,_vig_blocks.1,0.843420
1,4,7,vig_tiny,cifar10,1000.0,3,_vig_blocks.2,0.854451
1,4,7,vig_tiny,cifar10,1000.0,4,_vig_blocks.3,0.824714
1,4,7,vig_tiny,cifar10,1000.0,5,_vig_blocks.4,0.821858
1,4,7,vig_tiny,cifar10,1000.0,6,_vig_blocks.5,0.819450
1,4,7,vig_tiny,cifar10,1000.0,7,_vig_blocks.6,0.821338
1,4,7,vig_tiny,cifar10,1000.0,8,_vig_blocks.7,0.812121
1,4,7,vig_tiny,cifar10,1000.0,9,_vig_blocks.8,0.815004
1,4,7,vig_tiny,cifar10,1000.0,10,_vig_blocks.9,0.803905
1,4,7,vig_tiny,cifar10,1000.0,11,_vig_blocks.10,0.810817
1,4,7,vig_tiny,cifar10,1000.0,12,_vig_blocks.11,0.806188
1,4,7,vig_tiny,cifar10,1000.0,13,classifier,0.679750
1,4,8,vig_tiny,cifar10,1000.0,0,_vig_stem,0.939068
1,4,8,vig_tiny,cifar10,1000.0,1,_vig_blocks.0,0.935529
1,4,8,vig_tiny,cifar10,1000.0,2,_vig_blocks.1,0.928402
1,4,8,vig_tiny,cifar10,1000.0,3,_vig_blocks.2,0.924949
1,4,8,vig_tiny,cifar10,1000.0,4,_vig_blocks.3,0.917044
1,4,8,vig_tiny,cifar10,1000.0,5,_vig_blocks.4,0.917733
1,4,8,vig_tiny,cifar10,1000.0,6,_vig_blocks.5,0.914908
1,4,8,vig_tiny,cifar10,1000.0,7,_vig_blocks.6,0.921612
1,4,8,vig_tiny,cifar10,1000.0,8,_vig_blocks.7,0.909931
1,4,8,vig_tiny,cifar10,1000.0,9,_vig_blocks.8,0.900225
1,4,8,vig_tiny,cifar10,1000.0,10,_vig_blocks.9,0.898017
1,4,8,vig_tiny,cifar10,1000.0,11,_vig_blocks.10,0.884976
1,4,8,vig_tiny,cifar10,1000.0,12,_vig_blocks.11,0.877545
1,4,8,vig_tiny,cifar10,1000.0,13,classifier,0.568876
1,4,9,vig_tiny,cifar10,1000.0,0,_vig_stem,0.804489
1,4,9,vig_tiny,cifar10,1000.0,1,_vig_blocks.0,0.772536
1,4,9,vig_tiny,cifar10,1000.0,2,_vig_blocks.1,0.779533
1,4,9,vig_tiny,cifar10,1000.0,3,_vig_blocks.2,0.718168
1,4,9,vig_tiny,cifar10,1000.0,4,_vig_blocks.3,0.675649
1,4,9,vig_tiny,cifar10,1000.0,5,_vig_blocks.4,0.635614
1,4,9,vig_tiny,cifar10,1000.0,6,_vig_blocks.5,0.609272
1,4,9,vig_tiny,cifar10,1000.0,7,_vig_blocks.6,0.602179
1,4,9,vig_tiny,cifar10,1000.0,8,_vig_blocks.7,0.589505
1,4,9,vig_tiny,cifar10,1000.0,9,_vig_blocks.8,0.603755
1,4,9,vig_tiny,cifar10,1000.0,10,_vig_blocks.9,0.614767
1,4,9,vig_tiny,cifar10,1000.0,11,_vig_blocks.10,0.615425
1,4,9,vig_tiny,cifar10,1000.0,12,_vig_blocks.11,0.613044
1,4,9,vig_tiny,cifar10,1000.0,13,classifier,0.548893
1,5,6,vig_tiny,cifar10,1000.0,0,_vig_stem,0.765117
1,5,6,vig_tiny,cifar10,1000.0,1,_vig_blocks.0,0.750062
1,5,6,vig_tiny,cifar10,1000.0,2,_vig_blocks.1,0.760777
1,5,6,vig_tiny,cifar10,1000.0,3,_vig_blocks.2,0.704603
1,5,6,vig_tiny,cifar10,1000.0,4,_vig_blocks.3,0.675096
1,5,6,vig_tiny,cifar10,1000.0,5,_vig_blocks.4,0.663931
1,5,6,vig_tiny,cifar10,1000.0,6,_vig_blocks.5,0.642509
1,5,6,vig_tiny,cifar10,1000.0,7,_vig_blocks.6,0.625409
1,5,6,vig_tiny,cifar10,1000.0,8,_vig_blocks.7,0.622775
1,5,6,vig_tiny,cifar10,1000.0,9,_vig_blocks.8,0.631827
1,5,6,vig_tiny,cifar10,1000.0,10,_vig_blocks.9,0.628912
1,5,6,vig_tiny,cifar10,1000.0,11,_vig_blocks.10,0.602835
1,5,6,vig_tiny,cifar10,1000.0,12,_vig_blocks.11,0.612069
1,5,6,vig_tiny,cifar10,1000.0,13,classifier,0.488532
1,5,7,vig_tiny,cifar10,1000.0,0,_vig_stem,0.792699
1,5,7,vig_tiny,cifar10,1000.0,1,_vig_blocks.0,0.765448
1,5,7,vig_tiny,cifar10,1000.0,2,_vig_blocks.1,0.719401
1,5,7,vig_tiny,cifar10,1000.0,3,_vig_blocks.2,0.740223
1,5,7,vig_tiny,cifar10,1000.0,4,_vig_blocks.3,0.742118
1,5,7,vig_tiny,cifar10,1000.0,5,_vig_blocks.4,0.732607
1,5,7,vig_tiny,cifar10,1000.0,6,_vig_blocks.5,0.711944
1,5,7,vig_tiny,cifar10,1000.0,7,_vig_blocks.6,0.688830
1,5,7,vig_tiny,cifar10,1000.0,8,_vig_blocks.7,0.682519
1,5,7,vig_tiny,cifar10,1000.0,9,_vig_blocks.8,0.678245
1,5,7,vig_tiny,cifar10,1000.0,10,_vig_blocks.9,0.686330
1,5,7,vig_tiny,cifar10,1000.0,11,_vig_blocks.10,0.658761
1,5,7,vig_tiny,cifar10,1000.0,12,_vig_blocks.11,0.653557
1,5,7,vig_tiny,cifar10,1000.0,13,classifier,0.275410
1,5,8,vig_tiny,cifar10,1000.0,0,_vig_stem,0.730341
1,5,8,vig_tiny,cifar10,1000.0,1,_vig_blocks.0,0.749559
1,5,8,vig_tiny,cifar10,1000.0,2,_vig_blocks.1,0.761721
1,5,8,vig_tiny,cifar10,1000.0,3,_vig_blocks.2,0.750628
1,5,8,vig_tiny,cifar10,1000.0,4,_vig_blocks.3,0.740353
1,5,8,vig_tiny,cifar10,1000.0,5,_vig_blocks.4,0.728243
1,5,8,vig_tiny,cifar10,1000.0,6,_vig_blocks.5,0.691002
1,5,8,vig_tiny,cifar10,1000.0,7,_vig_blocks.6,0.669375
1,5,8,vig_tiny,cifar10,1000.0,8,_vig_blocks.7,0.652356
1,5,8,vig_tiny,cifar10,1000.0,9,_vig_blocks.8,0.636059
1,5,8,vig_tiny,cifar10,1000.0,10,_vig_blocks.9,0.633505
1,5,8,vig_tiny,cifar10,1000.0,11,_vig_blocks.10,0.603177
1,5,8,vig_tiny,cifar10,1000.0,12,_vig_blocks.11,0.596597
1,5,8,vig_tiny,cifar10,1000.0,13,classifier,0.425685
1,5,9,vig_tiny,cifar10,1000.0,0,_vig_stem,0.820195
1,5,9,vig_tiny,cifar10,1000.0,1,_vig_blocks.0,0.794305
1,5,9,vig_tiny,cifar10,1000.0,2,_vig_blocks.1,0.761323
1,5,9,vig_tiny,cifar10,1000.0,3,_vig_blocks.2,0.745862
1,5,9,vig_tiny,cifar10,1000.0,4,_vig_blocks.3,0.717777
1,5,9,vig_tiny,cifar10,1000.0,5,_vig_blocks.4,0.711858
1,5,9,vig_tiny,cifar10,1000.0,6,_vig_blocks.5,0.698116
1,5,9,vig_tiny,cifar10,1000.0,7,_vig_blocks.6,0.681829
1,5,9,vig_tiny,cifar10,1000.0,8,_vig_blocks.7,0.663067
1,5,9,vig_tiny,cifar10,1000.0,9,_vig_blocks.8,0.644780
1,5,9,vig_tiny,cifar10,1000.0,10,_vig_blocks.9,0.645334
1,5,9,vig_tiny,cifar10,1000.0,11,_vig_blocks.10,0.621606
1,5,9,vig_tiny,cifar10,1000.0,12,_vig_blocks.11,0.608651
1,5,9,vig_tiny,cifar10,1000.0,13,classifier,0.505694
1,6,7,vig_tiny,cifar10,1000.0,0,_vig_stem,0.674825
1,6,7,vig_tiny,cifar10,1000.0,1,_vig_blocks.0,0.623545
1,6,7,vig_tiny,cifar10,1000.0,2,_vig_blocks.1,0.600769
1,6,7,vig_tiny,cifar10,1000.0,3,_vig_blocks.2,0.590022
1,6,7,vig_tiny,cifar10,1000.0,4,_vig_blocks.3,0.576057
1,6,7,vig_tiny,cifar10,1000.0,5,_vig_blocks.4,0.537590
1,6,7,vig_tiny,cifar10,1000.0,6,_vig_blocks.5,0.557934
1,6,7,vig_tiny,cifar10,1000.0,7,_vig_blocks.6,0.547816
1,6,7,vig_tiny,cifar10,1000.0,8,_vig_blocks.7,0.544436
1,6,7,vig_tiny,cifar10,1000.0,9,_vig_blocks.8,0.571809
1,6,7,vig_tiny,cifar10,1000.0,10,_vig_blocks.9,0.585358
1,6,7,vig_tiny,cifar10,1000.0,11,_vig_blocks.10,0.590358
1,6,7,vig_tiny,cifar10,1000.0,12,_vig_blocks.11,0.624950
1,6,7,vig_tiny,cifar10,1000.0,13,classifier,0.500433
1,6,8,vig_tiny,cifar10,1000.0,0,_vig_stem,0.764553
1,6,8,vig_tiny,cifar10,1000.0,1,_vig_blocks.0,0.787946
1,6,8,vig_tiny,cifar10,1000.0,2,_vig_blocks.1,0.767169
1,6,8,vig_tiny,cifar10,1000.0,3,_vig_blocks.2,0.783271
1,6,8,vig_tiny,cifar10,1000.0,4,_vig_blocks.3,0.824380
1,6,8,vig_tiny,cifar10,1000.0,5,_vig_blocks.4,0.812573
1,6,8,vig_tiny,cifar10,1000.0,6,_vig_blocks.5,0.816009
1,6,8,vig_tiny,cifar10,1000.0,7,_vig_blocks.6,0.831307
1,6,8,vig_tiny,cifar10,1000.0,8,_vig_blocks.7,0.828951
1,6,8,vig_tiny,cifar10,1000.0,9,_vig_blocks.8,0.835495
1,6,8,vig_tiny,cifar10,1000.0,10,_vig_blocks.9,0.826451
1,6,8,vig_tiny,cifar10,1000.0,11,_vig_blocks.10,0.848821
1,6,8,vig_tiny,cifar10,1000.0,12,_vig_blocks.11,0.842356
1,6,8,vig_tiny,cifar10,1000.0,13,classifier,0.654699
1,6,9,vig_tiny,cifar10,1000.0,0,_vig_stem,0.654649
1,6,9,vig_tiny,cifar10,1000.0,1,_vig_blocks.0,0.576348
1,6,9,vig_tiny,cifar10,1000.0,2,_vig_blocks.1,0.562638
1,6,9,vig_tiny,cifar10,1000.0,3,_vig_blocks.2,0.512275
1,6,9,vig_tiny,cifar10,1000.0,4,_vig_blocks.3,0.485339
1,6,9,vig_tiny,cifar10,1000.0,5,_vig_blocks.4,0.476022
1,6,9,vig_tiny,cifar10,1000.0,6,_vig_blocks.5,0.504094
1,6,9,vig_tiny,cifar10,1000.0,7,_vig_blocks.6,0.511429
1,6,9,vig_tiny,cifar10,1000.0,8,_vig_blocks.7,0.510414
1,6,9,vig_tiny,cifar10,1000.0,9,_vig_blocks.8,0.536212
1,6,9,vig_tiny,cifar10,1000.0,10,_vig_blocks.9,0.551363
1,6,9,vig_tiny,cifar10,1000.0,11,_vig_blocks.10,0.579300
1,6,9,vig_tiny,cifar10,1000.0,12,_vig_blocks.11,0.592192
1,6,9,vig_tiny,cifar10,1000.0,13,classifier,0.625712
1,7,8,vig_tiny,cifar10,1000.0,0,_vig_stem,0.910404
1,7,8,vig_tiny,cifar10,1000.0,1,_vig_blocks.0,0.872587
1,7,8,vig_tiny,cifar10,1000.0,2,_vig_blocks.1,0.867421
1,7,8,vig_tiny,cifar10,1000.0,3,_vig_blocks.2,0.855903
1,7,8,vig_tiny,cifar10,1000.0,4,_vig_blocks.3,0.809035
1,7,8,vig_tiny,cifar10,1000.0,5,_vig_blocks.4,0.784197
1,7,8,vig_tiny,cifar10,1000.0,6,_vig_blocks.5,0.792102
1,7,8,vig_tiny,cifar10,1000.0,7,_vig_blocks.6,0.774334
1,7,8,vig_tiny,cifar10,1000.0,8,_vig_blocks.7,0.758076
1,7,8,vig_tiny,cifar10,1000.0,9,_vig_blocks.8,0.745200
1,7,8,vig_tiny,cifar10,1000.0,10,_vig_blocks.9,0.745804
1,7,8,vig_tiny,cifar10,1000.0,11,_vig_blocks.10,0.732829
1,7,8,vig_tiny,cifar10,1000.0,12,_vig_blocks.11,0.730563
1,7,8,vig_tiny,cifar10,1000.0,13,classifier,0.563593
1,7,9,vig_tiny,cifar10,1000.0,0,_vig_stem,0.792142
1,7,9,vig_tiny,cifar10,1000.0,1,_vig_blocks.0,0.735526
1,7,9,vig_tiny,cifar10,1000.0,2,_vig_blocks.1,0.686629
1,7,9,vig_tiny,cifar10,1000.0,3,_vig_blocks.2,0.674518
1,7,9,vig_tiny,cifar10,1000.0,4,_vig_blocks.3,0.640083
1,7,9,vig_tiny,cifar10,1000.0,5,_vig_blocks.4,0.604244
1,7,9,vig_tiny,cifar10,1000.0,6,_vig_blocks.5,0.592948
1,7,9,vig_tiny,cifar10,1000.0,7,_vig_blocks.6,0.572241
1,7,9,vig_tiny,cifar10,1000.0,8,_vig_blocks.7,0.544287
1,7,9,vig_tiny,cifar10,1000.0,9,_vig_blocks.8,0.545924
1,7,9,vig_tiny,cifar10,1000.0,10,_vig_blocks.9,0.565955
1,7,9,vig_tiny,cifar10,1000.0,11,_vig_blocks.10,0.554496
1,7,9,vig_tiny,cifar10,1000.0,12,_vig_blocks.11,0.545731
1,7,9,vig_tiny,cifar10,1000.0,13,classifier,0.417987
1,8,9,vig_tiny,cifar10,1000.0,0,_vig_stem,0.825481
1,8,9,vig_tiny,cifar10,1000.0,1,_vig_blocks.0,0.746656
1,8,9,vig_tiny,cifar10,1000.0,2,_vig_blocks.1,0.756818
1,8,9,vig_tiny,cifar10,1000.0,3,_vig_blocks.2,0.700547
1,8,9,vig_tiny,cifar10,1000.0,4,_vig_blocks.3,0.653929
1,8,9,vig_tiny,cifar10,1000.0,5,_vig_blocks.4,0.623329
1,8,9,vig_tiny,cifar10,1000.0,6,_vig_blocks.5,0.618709
1,8,9,vig_tiny,cifar10,1000.0,7,_vig_blocks.6,0.603184
1,8,9,vig_tiny,cifar10,1000.0,8,_vig_blocks.7,0.589250
1,8,9,vig_tiny,cifar10,1000.0,9,_vig_blocks.8,0.598336
1,8,9,vig_tiny,cifar10,1000.0,10,_vig_blocks.9,0.601487
1,8,9,vig_tiny,cifar10,1000.0,11,_vig_blocks.10,0.593962
1,8,9,vig_tiny,cifar10,1000.0,12,_vig_blocks.11,0.586352
1,8,9,vig_tiny,cifar10,1000.0,13,classifier,0.528093
2,0,1,vig_tiny,cifar10,1000.0,0,_vig_stem,0.896896
2,0,1,vig_tiny,cifar10,1000.0,1,_vig_blocks.0,0.858128
2,0,1,vig_tiny,cifar10,1000.0,2,_vig_blocks.1,0.851881
2,0,1,vig_tiny,cifar10,1000.0,3,_vig_blocks.2,0.832182
2,0,1,vig_tiny,cifar10,1000.0,4,_vig_blocks.3,0.818413
2,0,1,vig_tiny,cifar10,1000.0,5,_vig_blocks.4,0.807886
2,0,1,vig_tiny,cifar10,1000.0,6,_vig_blocks.5,0.809049
2,0,1,vig_tiny,cifar10,1000.0,7,_vig_blocks.6,0.801620
2,0,1,vig_tiny,cifar10,1000.0,8,_vig_blocks.7,0.806171
2,0,1,vig_tiny,cifar10,1000.0,9,_vig_blocks.8,0.799346
2,0,1,vig_tiny,cifar10,1000.0,10,_vig_blocks.9,0.793538
2,0,1,vig_tiny,cifar10,1000.0,11,_vig_blocks.10,0.789507
2,0,1,vig_tiny,cifar10,1000.0,12,_vig_blocks.11,0.800211
2,0,1,vig_tiny,cifar10,1000.0,13,classifier,0.754543
2,0,2,vig_tiny,cifar10,1000.0,0,_vig_stem,0.885169
2,0,2,vig_tiny,cifar10,1000.0,1,_vig_blocks.0,0.862262
2,0,2,vig_tiny,cifar10,1000.0,2,_vig_blocks.1,0.871558
2,0,2,vig_tiny,cifar10,1000.0,3,_vig_blocks.2,0.844554
2,0,2,vig_tiny,cifar10,1000.0,4,_vig_blocks.3,0.819976
2,0,2,vig_tiny,cifar10,1000.0,5,_vig_blocks.4,0.825174
2,0,2,vig_tiny,cifar10,1000.0,6,_vig_blocks.5,0.829986
2,0,2,vig_tiny,cifar10,1000.0,7,_vig_blocks.6,0.843097
2,0,2,vig_tiny,cifar10,1000.0,8,_vig_blocks.7,0.831704
2,0,2,vig_tiny,cifar10,1000.0,9,_vig_blocks.8,0.816137
2,0,2,vig_tiny,cifar10,1000.0,10,_vig_blocks.9,0.803633
2,0,2,vig_tiny,cifar10,1000.0,11,_vig_blocks.10,0.788945
2,0,2,vig_tiny,cifar10,1000.0,12,_vig_blocks.11,0.773470
2,0,2,vig_tiny,cifar10,1000.0,13,classifier,0.651831
2,0,3,vig_tiny,cifar10,1000.0,0,_vig_stem,0.760719
2,0,3,vig_tiny,cifar10,1000.0,1,_vig_blocks.0,0.724406
2,0,3,vig_tiny,cifar10,1000.0,2,_vig_blocks.1,0.745786
2,0,3,vig_tiny,cifar10,1000.0,3,_vig_blocks.2,0.728969
2,0,3,vig_tiny,cifar10,1000.0,4,_vig_blocks.3,0.715213
2,0,3,vig_tiny,cifar10,1000.0,5,_vig_blocks.4,0.764320
2,0,3,vig_tiny,cifar10,1000.0,6,_vig_blocks.5,0.781808
2,0,3,vig_tiny,cifar10,1000.0,7,_vig_blocks.6,0.779260
2,0,3,vig_tiny,cifar10,1000.0,8,_vig_blocks.7,0.772753
2,0,3,vig_tiny,cifar10,1000.0,9,_vig_blocks.8,0.759777
2,0,3,vig_tiny,cifar10,1000.0,10,_vig_blocks.9,0.759233
2,0,3,vig_tiny,cifar10,1000.0,11,_vig_blocks.10,0.752524
2,0,3,vig_tiny,cifar10,1000.0,12,_vig_blocks.11,0.755241
2,0,3,vig_tiny,cifar10,1000.0,13,classifier,0.776258
2,0,4,vig_tiny,cifar10,1000.0,0,_vig_stem,0.878545
2,0,4,vig_tiny,cifar10,1000.0,1,_vig_blocks.0,0.855309
2,0,4,vig_tiny,cifar10,1000.0,2,_vig_blocks.1,0.857639
2,0,4,vig_tiny,cifar10,1000.0,3,_vig_blocks.2,0.831130
2,0,4,vig_tiny,cifar10,1000.0,4,_vig_blocks.3,0.807611
2,0,4,vig_tiny,cifar10,1000.0,5,_vig_blocks.4,0.809116
2,0,4,vig_tiny,cifar10,1000.0,6,_vig_blocks.5,0.817814
2,0,4,vig_tiny,cifar10,1000.0,7,_vig_blocks.6,0.808410
2,0,4,vig_tiny,cifar10,1000.0,8,_vig_blocks.7,0.825338
2,0,4,vig_tiny,cifar10,1000.0,9,_vig_blocks.8,0.816059
2,0,4,vig_tiny,cifar10,1000.0,10,_vig_blocks.9,0.820758
2,0,4,vig_tiny,cifar10,1000.0,11,_vig_blocks.10,0.812653
2,0,4,vig_tiny,cifar10,1000.0,12,_vig_blocks.11,0.793971
2,0,4,vig_tiny,cifar10,1000.0,13,classifier,0.801371
2,0,5,vig_tiny,cifar10,1000.0,0,_vig_stem,0.891449
2,0,5,vig_tiny,cifar10,1000.0,1,_vig_blocks.0,0.872397
2,0,5,vig_tiny,cifar10,1000.0,2,_vig_blocks.1,0.855792
2,0,5,vig_tiny,cifar10,1000.0,3,_vig_blocks.2,0.848976
2,0,5,vig_tiny,cifar10,1000.0,4,_vig_blocks.3,0.831335
2,0,5,vig_tiny,cifar10,1000.0,5,_vig_blocks.4,0.821027
2,0,5,vig_tiny,cifar10,1000.0,6,_vig_blocks.5,0.797006
2,0,5,vig_tiny,cifar10,1000.0,7,_vig_blocks.6,0.800537
2,0,5,vig_tiny,cifar10,1000.0,8,_vig_blocks.7,0.772720
2,0,5,vig_tiny,cifar10,1000.0,9,_vig_blocks.8,0.739510
2,0,5,vig_tiny,cifar10,1000.0,10,_vig_blocks.9,0.721334
2,0,5,vig_tiny,cifar10,1000.0,11,_vig_blocks.10,0.721708
2,0,5,vig_tiny,cifar10,1000.0,12,_vig_blocks.11,0.693912
2,0,5,vig_tiny,cifar10,1000.0,13,classifier,0.599775
2,0,6,vig_tiny,cifar10,1000.0,0,_vig_stem,0.904368
2,0,6,vig_tiny,cifar10,1000.0,1,_vig_blocks.0,0.889646
2,0,6,vig_tiny,cifar10,1000.0,2,_vig_blocks.1,0.866726
2,0,6,vig_tiny,cifar10,1000.0,3,_vig_blocks.2,0.863374
2,0,6,vig_tiny,cifar10,1000.0,4,_vig_blocks.3,0.851920
2,0,6,vig_tiny,cifar10,1000.0,5,_vig_blocks.4,0.853930
2,0,6,vig_tiny,cifar10,1000.0,6,_vig_blocks.5,0.839645
2,0,6,vig_tiny,cifar10,1000.0,7,_vig_blocks.6,0.825514
2,0,6,vig_tiny,cifar10,1000.0,8,_vig_blocks.7,0.823726
2,0,6,vig_tiny,cifar10,1000.0,9,_vig_blocks.8,0.825058
2,0,6,vig_tiny,cifar10,1000.0,10,_vig_blocks.9,0.823456
2,0,6,vig_tiny,cifar10,1000.0,11,_vig_blocks.10,0.823811
2,0,6,vig_tiny,cifar10,1000.0,12,_vig_blocks.11,0.804091
2,0,6,vig_tiny,cifar10,1000.0,13,classifier,0.762176
2,0,7,vig_tiny,cifar10,1000.0,0,_vig_stem,0.818366
2,0,7,vig_tiny,cifar10,1000.0,1,_vig_blocks.0,0.790073
2,0,7,vig_tiny,cifar10,1000.0,2,_vig_blocks.1,0.797276
2,0,7,vig_tiny,cifar10,1000.0,3,_vig_blocks.2,0.748679
2,0,7,vig_tiny,cifar10,1000.0,4,_vig_blocks.3,0.736829
2,0,7,vig_tiny,cifar10,1000.0,5,_vig_blocks.4,0.737602
2,0,7,vig_tiny,cifar10,1000.0,6,_vig_blocks.5,0.773834
2,0,7,vig_tiny,cifar10,1000.0,7,_vig_blocks.6,0.774386
2,0,7,vig_tiny,cifar10,1000.0,8,_vig_blocks.7,0.776864
2,0,7,vig_tiny,cifar10,1000.0,9,_vig_blocks.8,0.778870
2,0,7,vig_tiny,cifar10,1000.0,10,_vig_blocks.9,0.780613
2,0,7,vig_tiny,cifar10,1000.0,11,_vig_blocks.10,0.764242
2,0,7,vig_tiny,cifar10,1000.0,12,_vig_blocks.11,0.777032
2,0,7,vig_tiny,cifar10,1000.0,13,classifier,0.753221
2,0,8,vig_tiny,cifar10,1000.0,0,_vig_stem,0.882954
2,0,8,vig_tiny,cifar10,1000.0,1,_vig_blocks.0,0.821395
2,0,8,vig_tiny,cifar10,1000.0,2,_vig_blocks.1,0.819288
2,0,8,vig_tiny,cifar10,1000.0,3,_vig_blocks.2,0.793240
2,0,8,vig_tiny,cifar10,1000.0,4,_vig_blocks.3,0.777756
2,0,8,vig_tiny,cifar10,1000.0,5,_vig_blocks.4,0.787349
2,0,8,vig_tiny,cifar10,1000.0,6,_vig_blocks.5,0.801184
2,0,8,vig_tiny,cifar10,1000.0,7,_vig_blocks.6,0.799044
2,0,8,vig_tiny,cifar10,1000.0,8,_vig_blocks.7,0.796276
2,0,8,vig_tiny,cifar10,1000.0,9,_vig_blocks.8,0.798666
2,0,8,vig_tiny,cifar10,1000.0,10,_vig_blocks.9,0.808311
2,0,8,vig_tiny,cifar10,1000.0,11,_vig_blocks.10,0.791101
2,0,8,vig_tiny,cifar10,1000.0,12,_vig_blocks.11,0.791903
2,0,8,vig_tiny,cifar10,1000.0,13,classifier,0.799326
2,0,9,vig_tiny,cifar10,1000.0,0,_vig_stem,0.667541
2,0,9,vig_tiny,cifar10,1000.0,1,_vig_blocks.0,0.587765
2,0,9,vig_tiny,cifar10,1000.0,2,_vig_blocks.1,0.561968
2,0,9,vig_tiny,cifar10,1000.0,3,_vig_blocks.2,0.527071
2,0,9,vig_tiny,cifar10,1000.0,4,_vig_blocks.3,0.491254
2,0,9,vig_tiny,cifar10,1000.0,5,_vig_blocks.4,0.498912
2,0,9,vig_tiny,cifar10,1000.0,6,_vig_blocks.5,0.509035
2,0,9,vig_tiny,cifar10,1000.0,7,_vig_blocks.6,0.501109
2,0,9,vig_tiny,cifar10,1000.0,8,_vig_blocks.7,0.499396
2,0,9,vig_tiny,cifar10,1000.0,9,_vig_blocks.8,0.492589
2,0,9,vig_tiny,cifar10,1000.0,10,_vig_blocks.9,0.493549
2,0,9,vig_tiny,cifar10,1000.0,11,_vig_blocks.10,0.507159
2,0,9,vig_tiny,cifar10,1000.0,12,_vig_blocks.11,0.514027
2,0,9,vig_tiny,cifar10,1000.0,13,classifier,0.555809
2,1,2,vig_tiny,cifar10,1000.0,0,_vig_stem,0.866574
2,1,2,vig_tiny,cifar10,1000.0,1,_vig_blocks.0,0.859067
2,1,2,vig_tiny,cifar10,1000.0,2,_vig_blocks.1,0.857193
2,1,2,vig_tiny,cifar10,1000.0,3,_vig_blocks.2,0.849455
2,1,2,vig_tiny,cifar10,1000.0,4,_vig_blocks.3,0.831912
2,1,2,vig_tiny,cifar10,1000.0,5,_vig_blocks.4,0.832389
2,1,2,vig_tiny,cifar10,1000.0,6,_vig_blocks.5,0.832220
2,1,2,vig_tiny,cifar10,1000.0,7,_vig_blocks.6,0.840516
2,1,2,vig_tiny,cifar10,1000.0,8,_vig_blocks.7,0.842156
2,1,2,vig_tiny,cifar10,1000.0,9,_vig_blocks.8,0.835419
2,1,2,vig_tiny,cifar10,1000.0,10,_vig_blocks.9,0.822568
2,1,2,vig_tiny,cifar10,1000.0,11,_vig_blocks.10,0.813685
2,1,2,vig_tiny,cifar10,1000.0,12,_vig_blocks.11,0.817876
2,1,2,vig_tiny,cifar10,1000.0,13,classifier,0.798152
2,1,3,vig_tiny,cifar10,1000.0,0,_vig_stem,0.778841
2,1,3,vig_tiny,cifar10,1000.0,1,_vig_blocks.0,0.761827
2,1,3,vig_tiny,cifar10,1000.0,2,_vig_blocks.1,0.742607
2,1,3,vig_tiny,cifar10,1000.0,3,_vig_blocks.2,0.742590
2,1,3,vig_tiny,cifar10,1000.0,4,_vig_blocks.3,0.739549
2,1,3,vig_tiny,cifar10,1000.0,5,_vig_blocks.4,0.753594
2,1,3,vig_tiny,cifar10,1000.0,6,_vig_blocks.5,0.769229
2,1,3,vig_tiny,cifar10,1000.0,7,_vig_blocks.6,0.759158
2,1,3,vig_tiny,cifar10,1000.0,8,_vig_blocks.7,0.761048
2,1,3,vig_tiny,cifar10,1000.0,9,_vig_blocks.8,0.759428
2,1,3,vig_tiny,cifar10,1000.0,10,_vig_blocks.9,0.746240
2,1,3,vig_tiny,cifar10,1000.0,11,_vig_blocks.10,0.738947
2,1,3,vig_tiny,cifar10,1000.0,12,_vig_blocks.11,0.737840
2,1,3,vig_tiny,cifar10,1000.0,13,classifier,0.724497
2,1,4,vig_tiny,cifar10,1000.0,0,_vig_stem,0.932939
2,1,4,vig_tiny,cifar10,1000.0,1,_vig_blocks.0,0.905125
2,1,4,vig_tiny,cifar10,1000.0,2,_vig_blocks.1,0.901253
2,1,4,vig_tiny,cifar10,1000.0,3,_vig_blocks.2,0.898551
2,1,4,vig_tiny,cifar10,1000.0,4,_vig_blocks.3,0.889022
2,1,4,vig_tiny,cifar10,1000.0,5,_vig_blocks.4,0.877911
2,1,4,vig_tiny,cifar10,1000.0,6,_vig_blocks.5,0.870382
2,1,4,vig_tiny,cifar10,1000.0,7,_vig_blocks.6,0.858835
2,1,4,vig_tiny,cifar10,1000.0,8,_vig_blocks.7,0.869648
2,1,4,vig_tiny,cifar10,1000.0,9,_vig_blocks.8,0.862541
2,1,4,vig_tiny,cifar10,1000.0,10,_vig_blocks.9,0.855839
2,1,4,vig_tiny,cifar10,1000.0,11,_vig_blocks.10,0.850179
2,1,4,vig_tiny,cifar10,1000.0,12,_vig_blocks.11,0.836789
2,1,4,vig_tiny,cifar10,1000.0,13,classifier,0.802139
2,1,5,vig_tiny,cifar10,1000.0,0,_vig_stem,0.864072
2,1,5,vig_tiny,cifar10,1000.0,1,_vig_blocks.0,0.860251
2,1,5,vig_tiny,cifar10,1000.0,2,_vig_blocks.1,0.851732
2,1,5,vig_tiny,cifar10,1000.0,3,_vig_blocks.2,0.837016
2,1,5,vig_tiny,cifar10,1000.0,4,_vig_blocks.3,0.821946
2,1,5,vig_tiny,cifar10,1000.0,5,_vig_blocks.4,0.797536
2,1,5,vig_tiny,cifar10,1000.0,6,_vig_blocks.5,0.783886
2,1,5,vig_tiny,cifar10,1000.0,7,_vig_blocks.6,0.778310
2,1,5,vig_tiny,cifar10,1000.0,8,_vig_blocks.7,0.758723
2,1,5,vig_tiny,cifar10,1000.0,9,_vig_blocks.8,0.729278
2,1,5,vig_tiny,cifar10,1000.0,10,_vig_blocks.9,0.722921
2,1,5,vig_tiny,cifar10,1000.0,11,_vig_blocks.10,0.726580
2,1,5,vig_tiny,cifar10,1000.0,12,_vig_blocks.11,0.727350
2,1,5,vig_tiny,cifar10,1000.0,13,classifier,0.650325
2,1,6,vig_tiny,cifar10,1000.0,0,_vig_stem,0.879693
2,1,6,vig_tiny,cifar10,1000.0,1,_vig_blocks.0,0.832032
2,1,6,vig_tiny,cifar10,1000.0,2,_vig_blocks.1,0.812913
2,1,6,vig_tiny,cifar10,1000.0,3,_vig_blocks.2,0.793272
2,1,6,vig_tiny,cifar10,1000.0,4,_vig_blocks.3,0.789471
2,1,6,vig_tiny,cifar10,1000.0,5,_vig_blocks.4,0.767014
2,1,6,vig_tiny,cifar10,1000.0,6,_vig_blocks.5,0.763019
2,1,6,vig_tiny,cifar10,1000.0,7,_vig_blocks.6,0.756874
2,1,6,vig_tiny,cifar10,1000.0,8,_vig_blocks.7,0.744877
2,1,6,vig_tiny,cifar10,1000.0,9,_vig_blocks.8,0.747947
2,1,6,vig_tiny,cifar10,1000.0,10,_vig_blocks.9,0.727008
2,1,6,vig_tiny,cifar10,1000.0,11,_vig_blocks.10,0.730689
2,1,6,vig_tiny,cifar10,1000.0,12,_vig_blocks.11,0.739322
2,1,6,vig_tiny,cifar10,1000.0,13,classifier,0.542350
2,1,7,vig_tiny,cifar10,1000.0,0,_vig_stem,0.802701
2,1,7,vig_tiny,cifar10,1000.0,1,_vig_blocks.0,0.800560
2,1,7,vig_tiny,cifar10,1000.0,2,_vig_blocks.1,0.780108
2,1,7,vig_tiny,cifar10,1000.0,3,_vig_blocks.2,0.757611
2,1,7,vig_tiny,cifar10,1000.0,4,_vig_blocks.3,0.762819
2,1,7,vig_tiny,cifar10,1000.0,5,_vig_blocks.4,0.766613
2,1,7,vig_tiny,cifar10,1000.0,6,_vig_blocks.5,0.785997
2,1,7,vig_tiny,cifar10,1000.0,7,_vig_blocks.6,0.781919
2,1,7,vig_tiny,cifar10,1000.0,8,_vig_blocks.7,0.789186
2,1,7,vig_tiny,cifar10,1000.0,9,_vig_blocks.8,0.789622
2,1,7,vig_tiny,cifar10,1000.0,10,_vig_blocks.9,0.772642
2,1,7,vig_tiny,cifar10,1000.0,11,_vig_blocks.10,0.750862
2,1,7,vig_tiny,cifar10,1000.0,12,_vig_blocks.11,0.753925
2,1,7,vig_tiny,cifar10,1000.0,13,classifier,0.543257
2,1,8,vig_tiny,cifar10,1000.0,0,_vig_stem,0.848033
2,1,8,vig_tiny,cifar10,1000.0,1,_vig_blocks.0,0.808191
2,1,8,vig_tiny,cifar10,1000.0,2,_vig_blocks.1,0.787454
2,1,8,vig_tiny,cifar10,1000.0,3,_vig_blocks.2,0.776484
2,1,8,vig_tiny,cifar10,1000.0,4,_vig_blocks.3,0.768258
2,1,8,vig_tiny,cifar10,1000.0,5,_vig_blocks.4,0.752526
2,1,8,vig_tiny,cifar10,1000.0,6,_vig_blocks.5,0.771148
2,1,8,vig_tiny,cifar10,1000.0,7,_vig_blocks.6,0.753932
2,1,8,vig_tiny,cifar10,1000.0,8,_vig_blocks.7,0.761779
2,1,8,vig_tiny,cifar10,1000.0,9,_vig_blocks.8,0.765338
2,1,8,vig_tiny,cifar10,1000.0,10,_vig_blocks.9,0.761617
2,1,8,vig_tiny,cifar10,1000.0,11,_vig_blocks.10,0.744157
2,1,8,vig_tiny,cifar10,1000.0,12,_vig_blocks.11,0.746836
2,1,8,vig_tiny,cifar10,1000.0,13,classifier,0.655014
2,1,9,vig_tiny,cifar10,1000.0,0,_vig_stem,0.672246
2,1,9,vig_tiny,cifar10,1000.0,1,_vig_blocks.0,0.622366
2,1,9,vig_tiny,cifar10,1000.0,2,_vig_blocks.1,0.619507
2,1,9,vig_tiny,cifar10,1000.0,3,_vig_blocks.2,0.594553
2,1,9,vig_tiny,cifar10,1000.0,4,_vig_blocks.3,0.571698
2,1,9,vig_tiny,cifar10,1000.0,5,_vig_blocks.4,0.590469
2,1,9,vig_tiny,cifar10,1000.0,6,_vig_blocks.5,0.583714
2,1,9,vig_tiny,cifar10,1000.0,7,_vig_blocks.6,0.564593
2,1,9,vig_tiny,cifar10,1000.0,8,_vig_blocks.7,0.566401
2,1,9,vig_tiny,cifar10,1000.0,9,_vig_blocks.8,0.559518
2,1,9,vig_tiny,cifar10,1000.0,10,_vig_blocks.9,0.555530
2,1,9,vig_tiny,cifar10,1000.0,11,_vig_blocks.10,0.564621
2,1,9,vig_tiny,cifar10,1000.0,12,_vig_blocks.11,0.575577
2,1,9,vig_tiny,cifar10,1000.0,13,classifier,0.620501
2,2,3,vig_tiny,cifar10,1000.0,0,_vig_stem,0.890051
2,2,3,vig_tiny,cifar10,1000.0,1,_vig_blocks.0,0.868612
2,2,3,vig_tiny,cifar10,1000.0,2,_vig_blocks.1,0.834430
2,2,3,vig_tiny,cifar10,1000.0,3,_vig_blocks.2,0.856526
2,2,3,vig_tiny,cifar10,1000.0,4,_vig_blocks.3,0.845271
2,2,3,vig_tiny,cifar10,1000.0,5,_vig_blocks.4,0.826536
2,2,3,vig_tiny,cifar10,1000.0,6,_vig_blocks.5,0.815800
2,2,3,vig_tiny,cifar10,1000.0,7,_vig_blocks.6,0.821657
2,2,3,vig_tiny,cifar10,1000.0,8,_vig_blocks.7,0.806733
2,2,3,vig_tiny,cifar10,1000.0,9,_vig_blocks.8,0.792544
2,2,3,vig_tiny,cifar10,1000.0,10,_vig_blocks.9,0.776013
2,2,3,vig_tiny,cifar10,1000.0,11,_vig_blocks.10,0.775380
2,2,3,vig_tiny,cifar10,1000.0,12,_vig_blocks.11,0.759638
2,2,3,vig_tiny,cifar10,1000.0,13,classifier,0.608249
2,2,4,vig_tiny,cifar10,1000.0,0,_vig_stem,0.870529
2,2,4,vig_tiny,cifar10,1000.0,1,_vig_blocks.0,0.856796
2,2,4,vig_tiny,cifar10,1000.0,2,_vig_blocks.1,0.838397
2,2,4,vig_tiny,cifar10,1000.0,3,_vig_blocks.2,0.816595
2,2,4,vig_tiny,cifar10,1000.0,4,_vig_blocks.3,0.798616
2,2,4,vig_tiny,cifar10,1000.0,5,_vig_blocks.4,0.802340
2,2,4,vig_tiny,cifar10,1000.0,6,_vig_blocks.5,0.799397
2,2,4,vig_tiny,cifar10,1000.0,7,_vig_blocks.6,0.800503
2,2,4,vig_tiny,cifar10,1000.0,8,_vig_blocks.7,0.790961
2,2,4,vig_tiny,cifar10,1000.0,9,_vig_blocks.8,0.775211
2,2,4,vig_tiny,cifar10,1000.0,10,_vig_blocks.9,0.754407
2,2,4,vig_tiny,cifar10,1000.0,11,_vig_blocks.10,0.742909
2,2,4,vig_tiny,cifar10,1000.0,12,_vig_blocks.11,0.729496
2,2,4,vig_tiny,cifar10,1000.0,13,classifier,0.617763
2,2,5,vig_tiny,cifar10,1000.0,0,_vig_stem,0.930124
2,2,5,vig_tiny,cifar10,1000.0,1,_vig_blocks.0,0.865240
2,2,5,vig_tiny,cifar10,1000.0,2,_vig_blocks.1,0.846506
2,2,5,vig_tiny,cifar10,1000.0,3,_vig_blocks.2,0.843087
2,2,5,vig_tiny,cifar10,1000.0,4,_vig_blocks.3,0.809639
2,2,5,vig_tiny,cifar10,1000.0,5,_vig_blocks.4,0.822951
2,2,5,vig_tiny,cifar10,1000.0,6,_vig_blocks.5,0.829676
2,2,5,vig_tiny,cifar10,1000.0,7,_vig_blocks.6,0.818159
2,2,5,vig_tiny,cifar10,1000.0,8,_vig_blocks.7,0.808806
2,2,5,vig_tiny,cifar10,1000.0,9,_vig_blocks.8,0.795081
2,2,5,vig_tiny,cifar10,1000.0,10,_vig_blocks.9,0.783088
2,2,5,vig_tiny,cifar10,1000.0,11,_vig_blocks.10,0.759112
2,2,5,vig_tiny,cifar10,1000.0,12,_vig_blocks.11,0.742128
2,2,5,vig_tiny,cifar10,1000.0,13,classifier,0.754588
2,2,6,vig_tiny,cifar10,1000.0,0,_vig_stem,0.896025
2,2,6,vig_tiny,cifar10,1000.0,1,_vig_blocks.0,0.840003
2,2,6,vig_tiny,cifar10,1000.0,2,_vig_blocks.1,0.826670
2,2,6,vig_tiny,cifar10,1000.0,3,_vig_blocks.2,0.807976
2,2,6,vig_tiny,cifar10,1000.0,4,_vig_blocks.3,0.793993
2,2,6,vig_tiny,cifar10,1000.0,5,_vig_blocks.4,0.796062
2,2,6,vig_tiny,cifar10,1000.0,6,_vig_blocks.5,0.792408
2,2,6,vig_tiny,cifar10,1000.0,7,_vig_blocks.6,0.791580
2,2,6,vig_tiny,cifar10,1000.0,8,_vig_blocks.7,0.758322
2,2,6,vig_tiny,cifar10,1000.0,9,_vig_blocks.8,0.761994
2,2,6,vig_tiny,cifar10,1000.0,10,_vig_blocks.9,0.739031
2,2,6,vig_tiny,cifar10,1000.0,11,_vig_blocks.10,0.726871
2,2,6,vig_tiny,cifar10,1000.0,12,_vig_blocks.11,0.714026
2,2,6,vig_tiny,cifar10,1000.0,13,classifier,0.580041
2,2,7,vig_tiny,cifar10,1000.0,0,_vig_stem,0.898390
2,2,7,vig_tiny,cifar10,1000.0,1,_vig_blocks.0,0.873674
2,2,7,vig_tiny,cifar10,1000.0,2,_vig_blocks.1,0.855210
2,2,7,vig_tiny,cifar10,1000.0,3,_vig_blocks.2,0.845859
2,2,7,vig_tiny,cifar10,1000.0,4,_vig_blocks.3,0.822412
2,2,7,vig_tiny,cifar10,1000.0,5,_vig_blocks.4,0.804892
2,2,7,vig_tiny,cifar10,1000.0,6,_vig_blocks.5,0.806521
2,2,7,vig_tiny,cifar10,1000.0,7,_vig_blocks.6,0.816923
2,2,7,vig_tiny,cifar10,1000.0,8,_vig_blocks.7,0.810579
2,2,7,vig_tiny,cifar10,1000.0,9,_vig_blocks.8,0.801014
2,2,7,vig_tiny,cifar10,1000.0,10,_vig_blocks.9,0.777848
2,2,7,vig_tiny,cifar10,1000.0,11,_vig_blocks.10,0.758043
2,2,7,vig_tiny,cifar10,1000.0,12,_vig_blocks.11,0.735791
2,2,7,vig_tiny,cifar10,1000.0,13,classifier,0.516766
2,2,8,vig_tiny,cifar10,1000.0,0,_vig_stem,0.920172
2,2,8,vig_tiny,cifar10,1000.0,1,_vig_blocks.0,0.879856
2,2,8,vig_tiny,cifar10,1000.0,2,_vig_blocks.1,0.859527
2,2,8,vig_tiny,cifar10,1000.0,3,_vig_blocks.2,0.845538
2,2,8,vig_tiny,cifar10,1000.0,4,_vig_blocks.3,0.823786
2,2,8,vig_tiny,cifar10,1000.0,5,_vig_blocks.4,0.806291
2,2,8,vig_tiny,cifar10,1000.0,6,_vig_blocks.5,0.803531
2,2,8,vig_tiny,cifar10,1000.0,7,_vig_blocks.6,0.802870
2,2,8,vig_tiny,cifar10,1000.0,8,_vig_blocks.7,0.784419
2,2,8,vig_tiny,cifar10,1000.0,9,_vig_blocks.8,0.782666
2,2,8,vig_tiny,cifar10,1000.0,10,_vig_blocks.9,0.763762
2,2,8,vig_tiny,cifar10,1000.0,11,_vig_blocks.10,0.742878
2,2,8,vig_tiny,cifar10,1000.0,12,_vig_blocks.11,0.730072
2,2,8,vig_tiny,cifar10,1000.0,13,classifier,0.605666
2,2,9,vig_tiny,cifar10,1000.0,0,_vig_stem,0.696473
2,2,9,vig_tiny,cifar10,1000.0,1,_vig_blocks.0,0.615568
2,2,9,vig_tiny,cifar10,1000.0,2,_vig_blocks.1,0.609445
2,2,9,vig_tiny,cifar10,1000.0,3,_vig_blocks.2,0.586328
2,2,9,vig_tiny,cifar10,1000.0,4,_vig_blocks.3,0.555640
2,2,9,vig_tiny,cifar10,1000.0,5,_vig_blocks.4,0.604800
2,2,9,vig_tiny,cifar10,1000.0,6,_vig_blocks.5,0.625265
2,2,9,vig_tiny,cifar10,1000.0,7,_vig_blocks.6,0.584678
2,2,9,vig_tiny,cifar10,1000.0,8,_vig_blocks.7,0.620642
2,2,9,vig_tiny,cifar10,1000.0,9,_vig_blocks.8,0.637907
2,2,9,vig_tiny,cifar10,1000.0,10,_vig_blocks.9,0.643833
2,2,9,vig_tiny,cifar10,1000.0,11,_vig_blocks.10,0.645685
2,2,9,vig_tiny,cifar10,1000.0,12,_vig_blocks.11,0.665326
2,2,9,vig_tiny,cifar10,1000.0,13,classifier,0.759777
2,3,4,vig_tiny,cifar10,1000.0,0,_vig_stem,0.794940
2,3,4,vig_tiny,cifar10,1000.0,1,_vig_blocks.0,0.772616
2,3,4,vig_tiny,cifar10,1000.0,2,_vig_blocks.1,0.787217
2,3,4,vig_tiny,cifar10,1000.0,3,_vig_blocks.2,0.766952
2,3,4,vig_tiny,cifar10,1000.0,4,_vig_blocks.3,0.773959
2,3,4,vig_tiny,cifar10,1000.0,5,_vig_blocks.4,0.800988
2,3,4,vig_tiny,cifar10,1000.0,6,_vig_blocks.5,0.803866
2,3,4,vig_tiny,cifar10,1000.0,7,_vig_blocks.6,0.800261
2,3,4,vig_tiny,cifar10,1000.0,8,_vig_blocks.7,0.787239
2,3,4,vig_tiny,cifar10,1000.0,9,_vig_blocks.8,0.787241
2,3,4,vig_tiny,cifar10,1000.0,10,_vig_blocks.9,0.781983
2,3,4,vig_tiny,cifar10,1000.0,11,_vig_blocks.10,0.782873
2,3,4,vig_tiny,cifar10,1000.0,12,_vig_blocks.11,0.779453
2,3,4,vig_tiny,cifar10,1000.0,13,classifier,0.731270
2,3,5,vig_tiny,cifar10,1000.0,0,_vig_stem,0.785563
2,3,5,vig_tiny,cifar10,1000.0,1,_vig_blocks.0,0.700455
2,3,5,vig_tiny,cifar10,1000.0,2,_vig_blocks.1,0.703900
2,3,5,vig_tiny,cifar10,1000.0,3,_vig_blocks.2,0.708507
2,3,5,vig_tiny,cifar10,1000.0,4,_vig_blocks.3,0.687519
2,3,5,vig_tiny,cifar10,1000.0,5,_vig_blocks.4,0.718385
2,3,5,vig_tiny,cifar10,1000.0,6,_vig_blocks.5,0.730333
2,3,5,vig_tiny,cifar10,1000.0,7,_vig_blocks.6,0.705404
2,3,5,vig_tiny,cifar10,1000.0,8,_vig_blocks.7,0.670797
2,3,5,vig_tiny,cifar10,1000.0,9,_vig_blocks.8,0.679076
2,3,5,vig_tiny,cifar10,1000.0,10,_vig_blocks.9,0.680853
2,3,5,vig_tiny,cifar10,1000.0,11,_vig_blocks.10,0.654191
2,3,5,vig_tiny,cifar10,1000.0,12,_vig_blocks.11,0.662475
2,3,5,vig_tiny,cifar10,1000.0,13,classifier,0.598424
2,3,6,vig_tiny,cifar10,1000.0,0,_vig_stem,0.795483
2,3,6,vig_tiny,cifar10,1000.0,1,_vig_blocks.0,0.718375
2,3,6,vig_tiny,cifar10,1000.0,2,_vig_blocks.1,0.714530
2,3,6,vig_tiny,cifar10,1000.0,3,_vig_blocks.2,0.723319
2,3,6,vig_tiny,cifar10,1000.0,4,_vig_blocks.3,0.721034
2,3,6,vig_tiny,cifar10,1000.0,5,_vig_blocks.4,0.768757
2,3,6,vig_tiny,cifar10,1000.0,6,_vig_blocks.5,0.774346
2,3,6,vig_tiny,cifar10,1000.0,7,_vig_blocks.6,0.769676
2,3,6,vig_tiny,cifar10,1000.0,8,_vig_blocks.7,0.724194
2,3,6,vig_tiny,cifar10,1000.0,9,_vig_blocks.8,0.723664
2,3,6,vig_tiny,cifar10,1000.0,10,_vig_blocks.9,0.720686
2,3,6,vig_tiny,cifar10,1000.0,11,_vig_blocks.10,0.702671
2,3,6,vig_tiny,cifar10,1000.0,12,_vig_blocks.11,0.711881
2,3,6,vig_tiny,cifar10,1000.0,13,classifier,0.614417
2,3,7,vig_tiny,cifar10,1000.0,0,_vig_stem,0.918610
2,3,7,vig_tiny,cifar10,1000.0,1,_vig_blocks.0,0.894694
2,3,7,vig_tiny,cifar10,1000.0,2,_vig_blocks.1,0.864628
2,3,7,vig_tiny,cifar10,1000.0,3,_vig_blocks.2,0.850766
2,3,7,vig_tiny,cifar10,1000.0,4,_vig_blocks.3,0.836520
2,3,7,vig_tiny,cifar10,1000.0,5,_vig_blocks.4,0.807056
2,3,7,vig_tiny,cifar10,1000.0,6,_vig_blocks.5,0.813657
2,3,7,vig_tiny,cifar10,1000.0,7,_vig_blocks.6,0.812516
2,3,7,vig_tiny,cifar10,1000.0,8,_vig_blocks.7,0.790522
2,3,7,vig_tiny,cifar10,1000.0,9,_vig_blocks.8,0.759153
2,3,7,vig_tiny,cifar10,1000.0,10,_vig_blocks.9,0.739402
2,3,7,vig_tiny,cifar10,1000.0,11,_vig_blocks.10,0.735165
2,3,7,vig_tiny,cifar10,1000.0,12,_vig_blocks.11,0.729966
2,3,7,vig_tiny,cifar10,1000.0,13,classifier,0.494404
2,3,8,vig_tiny,cifar10,1000.0,0,_vig_stem,0.846308
2,3,8,vig_tiny,cifar10,1000.0,1,_vig_blocks.0,0.829408
2,3,8,vig_tiny,cifar10,1000.0,2,_vig_blocks.1,0.841149
2,3,8,vig_tiny,cifar10,1000.0,3,_vig_blocks.2,0.846161
2,3,8,vig_tiny,cifar10,1000.0,4,_vig_blocks.3,0.836973
2,3,8,vig_tiny,cifar10,1000.0,5,_vig_blocks.4,0.866416
2,3,8,vig_tiny,cifar10,1000.0,6,_vig_blocks.5,0.871453
2,3,8,vig_tiny,cifar10,1000.0,7,_vig_blocks.6,0.859493
2,3,8,vig_tiny,cifar10,1000.0,8,_vig_blocks.7,0.830081
2,3,8,vig_tiny,cifar10,1000.0,9,_vig_blocks.8,0.817664
2,3,8,vig_tiny,cifar10,1000.0,10,_vig_blocks.9,0.816745
2,3,8,vig_tiny,cifar10,1000.0,11,_vig_blocks.10,0.795059
2,3,8,vig_tiny,cifar10,1000.0,12,_vig_blocks.11,0.817461
2,3,8,vig_tiny,cifar10,1000.0,13,classifier,0.789706
2,3,9,vig_tiny,cifar10,1000.0,0,_vig_stem,0.484898
2,3,9,vig_tiny,cifar10,1000.0,1,_vig_blocks.0,0.392715
2,3,9,vig_tiny,cifar10,1000.0,2,_vig_blocks.1,0.365240
2,3,9,vig_tiny,cifar10,1000.0,3,_vig_blocks.2,0.344747
2,3,9,vig_tiny,cifar10,1000.0,4,_vig_blocks.3,0.331790
2,3,9,vig_tiny,cifar10,1000.0,5,_vig_blocks.4,0.357337
2,3,9,vig_tiny,cifar10,1000.0,6,_vig_blocks.5,0.368445
2,3,9,vig_tiny,cifar10,1000.0,7,_vig_blocks.6,0.343810
2,3,9,vig_tiny,cifar10,1000.0,8,_vig_blocks.7,0.351638
2,3,9,vig_tiny,cifar10,1000.0,9,_vig_blocks.8,0.363877
2,3,9,vig_tiny,cifar10,1000.0,10,_vig_blocks.9,0.374206
2,3,9,vig_tiny,cifar10,1000.0,11,_vig_blocks.10,0.372851
2,3,9,vig_tiny,cifar10,1000.0,12,_vig_blocks.11,0.406254
2,3,9,vig_tiny,cifar10,1000.0,13,classifier,0.436333
2,4,5,vig_tiny,cifar10,1000.0,0,_vig_stem,0.839819
2,4,5,vig_tiny,cifar10,1000.0,1,_vig_blocks.0,0.793734
2,4,5,vig_tiny,cifar10,1000.0,2,_vig_blocks.1,0.805777
2,4,5,vig_tiny,cifar10,1000.0,3,_vig_blocks.2,0.803775
2,4,5,vig_tiny,cifar10,1000.0,4,_vig_blocks.3,0.783329
2,4,5,vig_tiny,cifar10,1000.0,5,_vig_blocks.4,0.762349
2,4,5,vig_tiny,cifar10,1000.0,6,_vig_blocks.5,0.755956
2,4,5,vig_tiny,cifar10,1000.0,7,_vig_blocks.6,0.733391
2,4,5,vig_tiny,cifar10,1000.0,8,_vig_blocks.7,0.717537
2,4,5,vig_tiny,cifar10,1000.0,9,_vig_blocks.8,0.696266
2,4,5,vig_tiny,cifar10,1000.0,10,_vig_blocks.9,0.699241
2,4,5,vig_tiny,cifar10,1000.0,11,_vig_blocks.10,0.690477
2,4,5,vig_tiny,cifar10,1000.0,12,_vig_blocks.11,0.684953
2,4,5,vig_tiny,cifar10,1000.0,13,classifier,0.543927
2,4,6,vig_tiny,cifar10,1000.0,0,_vig_stem,0.891393
2,4,6,vig_tiny,cifar10,1000.0,1,_vig_blocks.0,0.838560
2,4,6,vig_tiny,cifar10,1000.0,2,_vig_blocks.1,0.841746
2,4,6,vig_tiny,cifar10,1000.0,3,_vig_blocks.2,0.815123
2,4,6,vig_tiny,cifar10,1000.0,4,_vig_blocks.3,0.802089
2,4,6,vig_tiny,cifar10,1000.0,5,_vig_blocks.4,0.792366
2,4,6,vig_tiny,cifar10,1000.0,6,_vig_blocks.5,0.788681
2,4,6,vig_tiny,cifar10,1000.0,7,_vig_blocks.6,0.780885
2,4,6,vig_tiny,cifar10,1000.0,8,_vig_blocks.7,0.778265
2,4,6,vig_tiny,cifar10,1000.0,9,_vig_blocks.8,0.781119
2,4,6,vig_tiny,cifar10,1000.0,10,_vig_blocks.9,0.769413
2,4,6,vig_tiny,cifar10,1000.0,11,_vig_blocks.10,0.754844
2,4,6,vig_tiny,cifar10,1000.0,12,_vig_blocks.11,0.736383
2,4,6,vig_tiny,cifar10,1000.0,13,classifier,0.579553
2,4,7,vig_tiny,cifar10,1000.0,0,_vig_stem,0.850013
2,4,7,vig_tiny,cifar10,1000.0,1,_vig_blocks.0,0.822025
2,4,7,vig_tiny,cifar10,1000.0,2,_vig_blocks.1,0.826580
2,4,7,vig_tiny,cifar10,1000.0,3,_vig_blocks.2,0.792181
2,4,7,vig_tiny,cifar10,1000.0,4,_vig_blocks.3,0.784560
2,4,7,vig_tiny,cifar10,1000.0,5,_vig_blocks.4,0.785240
2,4,7,vig_tiny,cifar10,1000.0,6,_vig_blocks.5,0.793150
2,4,7,vig_tiny,cifar10,1000.0,7,_vig_blocks.6,0.785423
2,4,7,vig_tiny,cifar10,1000.0,8,_vig_blocks.7,0.781723
2,4,7,vig_tiny,cifar10,1000.0,9,_vig_blocks.8,0.769831
2,4,7,vig_tiny,cifar10,1000.0,10,_vig_blocks.9,0.750491
2,4,7,vig_tiny,cifar10,1000.0,11,_vig_blocks.10,0.724429
2,4,7,vig_tiny,cifar10,1000.0,12,_vig_blocks.11,0.696195
2,4,7,vig_tiny,cifar10,1000.0,13,classifier,0.634793
2,4,8,vig_tiny,cifar10,1000.0,0,_vig_stem,0.880141
2,4,8,vig_tiny,cifar10,1000.0,1,_vig_blocks.0,0.840833
2,4,8,vig_tiny,cifar10,1000.0,2,_vig_blocks.1,0.831876
2,4,8,vig_tiny,cifar10,1000.0,3,_vig_blocks.2,0.818716
2,4,8,vig_tiny,cifar10,1000.0,4,_vig_blocks.3,0.813419
2,4,8,vig_tiny,cifar10,1000.0,5,_vig_blocks.4,0.807354
2,4,8,vig_tiny,cifar10,1000.0,6,_vig_blocks.5,0.809914
2,4,8,vig_tiny,cifar10,1000.0,7,_vig_blocks.6,0.790726
2,4,8,vig_tiny,cifar10,1000.0,8,_vig_blocks.7,0.786131
2,4,8,vig_tiny,cifar10,1000.0,9,_vig_blocks.8,0.786774
2,4,8,vig_tiny,cifar10,1000.0,10,_vig_blocks.9,0.775279
2,4,8,vig_tiny,cifar10,1000.0,11,_vig_blocks.10,0.744571
2,4,8,vig_tiny,cifar10,1000.0,12,_vig_blocks.11,0.734861
2,4,8,vig_tiny,cifar10,1000.0,13,classifier,0.667353
2,4,9,vig_tiny,cifar10,1000.0,0,_vig_stem,0.634818
2,4,9,vig_tiny,cifar10,1000.0,1,_vig_blocks.0,0.564345
2,4,9,vig_tiny,cifar10,1000.0,2,_vig_blocks.1,0.517071
2,4,9,vig_tiny,cifar10,1000.0,3,_vig_blocks.2,0.521541
2,4,9,vig_tiny,cifar10,1000.0,4,_vig_blocks.3,0.492410
2,4,9,vig_tiny,cifar10,1000.0,5,_vig_blocks.4,0.493839
2,4,9,vig_tiny,cifar10,1000.0,6,_vig_blocks.5,0.500204
2,4,9,vig_tiny,cifar10,1000.0,7,_vig_blocks.6,0.463095
2,4,9,vig_tiny,cifar10,1000.0,8,_vig_blocks.7,0.489071
2,4,9,vig_tiny,cifar10,1000.0,9,_vig_blocks.8,0.484455
2,4,9,vig_tiny,cifar10,1000.0,10,_vig_blocks.9,0.481680
2,4,9,vig_tiny,cifar10,1000.0,11,_vig_blocks.10,0.486606
2,4,9,vig_tiny,cifar10,1000.0,12,_vig_blocks.11,0.476919
2,4,9,vig_tiny,cifar10,1000.0,13,classifier,0.455655
2,5,6,vig_tiny,cifar10,1000.0,0,_vig_stem,0.886314
2,5,6,vig_tiny,cifar10,1000.0,1,_vig_blocks.0,0.831077
2,5,6,vig_tiny,cifar10,1000.0,2,_vig_blocks.1,0.832037
2,5,6,vig_tiny,cifar10,1000.0,3,_vig_blocks.2,0.824396
2,5,6,vig_tiny,cifar10,1000.0,4,_vig_blocks.3,0.809649
2,5,6,vig_tiny,cifar10,1000.0,5,_vig_blocks.4,0.810214
2,5,6,vig_tiny,cifar10,1000.0,6,_vig_blocks.5,0.818100
2,5,6,vig_tiny,cifar10,1000.0,7,_vig_blocks.6,0.808666
2,5,6,vig_tiny,cifar10,1000.0,8,_vig_blocks.7,0.785429
2,5,6,vig_tiny,cifar10,1000.0,9,_vig_blocks.8,0.773292
2,5,6,vig_tiny,cifar10,1000.0,10,_vig_blocks.9,0.770260
2,5,6,vig_tiny,cifar10,1000.0,11,_vig_blocks.10,0.749286
2,5,6,vig_tiny,cifar10,1000.0,12,_vig_blocks.11,0.765633
2,5,6,vig_tiny,cifar10,1000.0,13,classifier,0.545471
2,5,7,vig_tiny,cifar10,1000.0,0,_vig_stem,0.837471
2,5,7,vig_tiny,cifar10,1000.0,1,_vig_blocks.0,0.770911
2,5,7,vig_tiny,cifar10,1000.0,2,_vig_blocks.1,0.726972
2,5,7,vig_tiny,cifar10,1000.0,3,_vig_blocks.2,0.684950
2,5,7,vig_tiny,cifar10,1000.0,4,_vig_blocks.3,0.673046
2,5,7,vig_tiny,cifar10,1000.0,5,_vig_blocks.4,0.658523
2,5,7,vig_tiny,cifar10,1000.0,6,_vig_blocks.5,0.671496
2,5,7,vig_tiny,cifar10,1000.0,7,_vig_blocks.6,0.666959
2,5,7,vig_tiny,cifar10,1000.0,8,_vig_blocks.7,0.636056
2,5,7,vig_tiny,cifar10,1000.0,9,_vig_blocks.8,0.610761
2,5,7,vig_tiny,cifar10,1000.0,10,_vig_blocks.9,0.589058
2,5,7,vig_tiny,cifar10,1000.0,11,_vig_blocks.10,0.567897
2,5,7,vig_tiny,cifar10,1000.0,12,_vig_blocks.11,0.557431
2,5,7,vig_tiny,cifar10,1000.0,13,classifier,0.542965
2,5,8,vig_tiny,cifar10,1000.0,0,_vig_stem,0.875056
2,5,8,vig_tiny,cifar10,1000.0,1,_vig_blocks.0,0.767019
2,5,8,vig_tiny,cifar10,1000.0,2,_vig_blocks.1,0.760963
2,5,8,vig_tiny,cifar10,1000.0,3,_vig_blocks.2,0.741443
2,5,8,vig_tiny,cifar10,1000.0,4,_vig_blocks.3,0.736228
2,5,8,vig_tiny,cifar10,1000.0,5,_vig_blocks.4,0.722272
2,5,8,vig_tiny,cifar10,1000.0,6,_vig_blocks.5,0.733334
2,5,8,vig_tiny,cifar10,1000.0,7,_vig_blocks.6,0.722824
2,5,8,vig_tiny,cifar10,1000.0,8,_vig_blocks.7,0.691805
2,5,8,vig_tiny,cifar10,1000.0,9,_vig_blocks.8,0.673373
2,5,8,vig_tiny,cifar10,1000.0,10,_vig_blocks.9,0.671585
2,5,8,vig_tiny,cifar10,1000.0,11,_vig_blocks.10,0.632213
2,5,8,vig_tiny,cifar10,1000.0,12,_vig_blocks.11,0.640110
2,5,8,vig_tiny,cifar10,1000.0,13,classifier,0.635585
2,5,9,vig_tiny,cifar10,1000.0,0,_vig_stem,0.778799
2,5,9,vig_tiny,cifar10,1000.0,1,_vig_blocks.0,0.752605
2,5,9,vig_tiny,cifar10,1000.0,2,_vig_blocks.1,0.724026
2,5,9,vig_tiny,cifar10,1000.0,3,_vig_blocks.2,0.707187
2,5,9,vig_tiny,cifar10,1000.0,4,_vig_blocks.3,0.700035
2,5,9,vig_tiny,cifar10,1000.0,5,_vig_blocks.4,0.718119
2,5,9,vig_tiny,cifar10,1000.0,6,_vig_blocks.5,0.712416
2,5,9,vig_tiny,cifar10,1000.0,7,_vig_blocks.6,0.707997
2,5,9,vig_tiny,cifar10,1000.0,8,_vig_blocks.7,0.729984
2,5,9,vig_tiny,cifar10,1000.0,9,_vig_blocks.8,0.712702
2,5,9,vig_tiny,cifar10,1000.0,10,_vig_blocks.9,0.700972
2,5,9,vig_tiny,cifar10,1000.0,11,_vig_blocks.10,0.709689
2,5,9,vig_tiny,cifar10,1000.0,12,_vig_blocks.11,0.684491
2,5,9,vig_tiny,cifar10,1000.0,13,classifier,0.540893
2,6,7,vig_tiny,cifar10,1000.0,0,_vig_stem,0.814281
2,6,7,vig_tiny,cifar10,1000.0,1,_vig_blocks.0,0.753433
2,6,7,vig_tiny,cifar10,1000.0,2,_vig_blocks.1,0.728174
2,6,7,vig_tiny,cifar10,1000.0,3,_vig_blocks.2,0.700848
2,6,7,vig_tiny,cifar10,1000.0,4,_vig_blocks.3,0.703686
2,6,7,vig_tiny,cifar10,1000.0,5,_vig_blocks.4,0.683978
2,6,7,vig_tiny,cifar10,1000.0,6,_vig_blocks.5,0.711156
2,6,7,vig_tiny,cifar10,1000.0,7,_vig_blocks.6,0.715071
2,6,7,vig_tiny,cifar10,1000.0,8,_vig_blocks.7,0.689872
2,6,7,vig_tiny,cifar10,1000.0,9,_vig_blocks.8,0.694734
2,6,7,vig_tiny,cifar10,1000.0,10,_vig_blocks.9,0.683027
2,6,7,vig_tiny,cifar10,1000.0,11,_vig_blocks.10,0.675419
2,6,7,vig_tiny,cifar10,1000.0,12,_vig_blocks.11,0.677185
2,6,7,vig_tiny,cifar10,1000.0,13,classifier,0.638752
2,6,8,vig_tiny,cifar10,1000.0,0,_vig_stem,0.912345
2,6,8,vig_tiny,cifar10,1000.0,1,_vig_blocks.0,0.832006
2,6,8,vig_tiny,cifar10,1000.0,2,_vig_blocks.1,0.820898
2,6,8,vig_tiny,cifar10,1000.0,3,_vig_blocks.2,0.820546
2,6,8,vig_tiny,cifar10,1000.0,4,_vig_blocks.3,0.826583
2,6,8,vig_tiny,cifar10,1000.0,5,_vig_blocks.4,0.828636
2,6,8,vig_tiny,cifar10,1000.0,6,_vig_blocks.5,0.836381
2,6,8,vig_tiny,cifar10,1000.0,7,_vig_blocks.6,0.841939
2,6,8,vig_tiny,cifar10,1000.0,8,_vig_blocks.7,0.819016
2,6,8,vig_tiny,cifar10,1000.0,9,_vig_blocks.8,0.817154
2,6,8,vig_tiny,cifar10,1000.0,10,_vig_blocks.9,0.804392
2,6,8,vig_tiny,cifar10,1000.0,11,_vig_blocks.10,0.785194
2,6,8,vig_tiny,cifar10,1000.0,12,_vig_blocks.11,0.788069
2,6,8,vig_tiny,cifar10,1000.0,13,classifier,0.734501
2,6,9,vig_tiny,cifar10,1000.0,0,_vig_stem,0.574423
2,6,9,vig_tiny,cifar10,1000.0,1,_vig_blocks.0,0.480016
2,6,9,vig_tiny,cifar10,1000.0,2,_vig_blocks.1,0.441577
2,6,9,vig_tiny,cifar10,1000.0,3,_vig_blocks.2,0.426216
2,6,9,vig_tiny,cifar10,1000.0,4,_vig_blocks.3,0.397684
2,6,9,vig_tiny,cifar10,1000.0,5,_vig_blocks.4,0.429536
2,6,9,vig_tiny,cifar10,1000.0,6,_vig_blocks.5,0.446150
2,6,9,vig_tiny,cifar10,1000.0,7,_vig_blocks.6,0.431923
2,6,9,vig_tiny,cifar10,1000.0,8,_vig_blocks.7,0.448265
2,6,9,vig_tiny,cifar10,1000.0,9,_vig_blocks.8,0.448824
2,6,9,vig_tiny,cifar10,1000.0,10,_vig_blocks.9,0.454753
2,6,9,vig_tiny,cifar10,1000.0,11,_vig_blocks.10,0.459752
2,6,9,vig_tiny,cifar10,1000.0,12,_vig_blocks.11,0.484237
2,6,9,vig_tiny,cifar10,1000.0,13,classifier,0.517901
2,7,8,vig_tiny,cifar10,1000.0,0,_vig_stem,0.879692
2,7,8,vig_tiny,cifar10,1000.0,1,_vig_blocks.0,0.850702
2,7,8,vig_tiny,cifar10,1000.0,2,_vig_blocks.1,0.834394
2,7,8,vig_tiny,cifar10,1000.0,3,_vig_blocks.2,0.811771
2,7,8,vig_tiny,cifar10,1000.0,4,_vig_blocks.3,0.788579
2,7,8,vig_tiny,cifar10,1000.0,5,_vig_blocks.4,0.777664
2,7,8,vig_tiny,cifar10,1000.0,6,_vig_blocks.5,0.795619
2,7,8,vig_tiny,cifar10,1000.0,7,_vig_blocks.6,0.783716
2,7,8,vig_tiny,cifar10,1000.0,8,_vig_blocks.7,0.774572
2,7,8,vig_tiny,cifar10,1000.0,9,_vig_blocks.8,0.780409
2,7,8,vig_tiny,cifar10,1000.0,10,_vig_blocks.9,0.774378
2,7,8,vig_tiny,cifar10,1000.0,11,_vig_blocks.10,0.760381
2,7,8,vig_tiny,cifar10,1000.0,12,_vig_blocks.11,0.769508
2,7,8,vig_tiny,cifar10,1000.0,13,classifier,0.621302
2,7,9,vig_tiny,cifar10,1000.0,0,_vig_stem,0.613900
2,7,9,vig_tiny,cifar10,1000.0,1,_vig_blocks.0,0.531988
2,7,9,vig_tiny,cifar10,1000.0,2,_vig_blocks.1,0.497355
2,7,9,vig_tiny,cifar10,1000.0,3,_vig_blocks.2,0.459210
2,7,9,vig_tiny,cifar10,1000.0,4,_vig_blocks.3,0.447021
2,7,9,vig_tiny,cifar10,1000.0,5,_vig_blocks.4,0.459045
2,7,9,vig_tiny,cifar10,1000.0,6,_vig_blocks.5,0.468978
2,7,9,vig_tiny,cifar10,1000.0,7,_vig_blocks.6,0.468084
2,7,9,vig_tiny,cifar10,1000.0,8,_vig_blocks.7,0.482288
2,7,9,vig_tiny,cifar10,1000.0,9,_vig_blocks.8,0.491183
2,7,9,vig_tiny,cifar10,1000.0,10,_vig_blocks.9,0.482751
2,7,9,vig_tiny,cifar10,1000.0,11,_vig_blocks.10,0.472373
2,7,9,vig_tiny,cifar10,1000.0,12,_vig_blocks.11,0.477205
2,7,9,vig_tiny,cifar10,1000.0,13,classifier,0.423291
2,8,9,vig_tiny,cifar10,1000.0,0,_vig_stem,0.612072
2,8,9,vig_tiny,cifar10,1000.0,1,_vig_blocks.0,0.489663
2,8,9,vig_tiny,cifar10,1000.0,2,_vig_blocks.1,0.449338
2,8,9,vig_tiny,cifar10,1000.0,3,_vig_blocks.2,0.419930
2,8,9,vig_tiny,cifar10,1000.0,4,_vig_blocks.3,0.402756
2,8,9,vig_tiny,cifar10,1000.0,5,_vig_blocks.4,0.398438
2,8,9,vig_tiny,cifar10,1000.0,6,_vig_blocks.5,0.400145
2,8,9,vig_tiny,cifar10,1000.0,7,_vig_blocks.6,0.384883
2,8,9,vig_tiny,cifar10,1000.0,8,_vig_blocks.7,0.402526
2,8,9,vig_tiny,cifar10,1000.0,9,_vig_blocks.8,0.410083
2,8,9,vig_tiny,cifar10,1000.0,10,_vig_blocks.9,0.417547
2,8,9,vig_tiny,cifar10,1000.0,11,_vig_blocks.10,0.408460
2,8,9,vig_tiny,cifar10,1000.0,12,_vig_blocks.11,0.431924
2,8,9,vig_tiny,cifar10,1000.0,13,classifier,0.518753
5,0,1,vig_tiny,cifar10,1000.0,0,_vig_stem,0.826466
5,0,1,vig_tiny,cifar10,1000.0,1,_vig_blocks.0,0.756717
5,0,1,vig_tiny,cifar10,1000.0,2,_vig_blocks.1,0.751593
5,0,1,vig_tiny,cifar10,1000.0,3,_vig_blocks.2,0.753546
5,0,1,vig_tiny,cifar10,1000.0,4,_vig_blocks.3,0.757810
5,0,1,vig_tiny,cifar10,1000.0,5,_vig_blocks.4,0.773075
5,0,1,vig_tiny,cifar10,1000.0,6,_vig_blocks.5,0.775880
5,0,1,vig_tiny,cifar10,1000.0,7,_vig_blocks.6,0.773180
5,0,1,vig_tiny,cifar10,1000.0,8,_vig_blocks.7,0.758977
5,0,1,vig_tiny,cifar10,1000.0,9,_vig_blocks.8,0.745277
5,0,1,vig_tiny,cifar10,1000.0,10,_vig_blocks.9,0.722482
5,0,1,vig_tiny,cifar10,1000.0,11,_vig_blocks.10,0.692523
5,0,1,vig_tiny,cifar10,1000.0,12,_vig_blocks.11,0.675242
5,0,1,vig_tiny,cifar10,1000.0,13,classifier,0.700274
5,0,2,vig_tiny,cifar10,1000.0,0,_vig_stem,0.868573
5,0,2,vig_tiny,cifar10,1000.0,1,_vig_blocks.0,0.809080
5,0,2,vig_tiny,cifar10,1000.0,2,_vig_blocks.1,0.755592
5,0,2,vig_tiny,cifar10,1000.0,3,_vig_blocks.2,0.753352
5,0,2,vig_tiny,cifar10,1000.0,4,_vig_blocks.3,0.764472
5,0,2,vig_tiny,cifar10,1000.0,5,_vig_blocks.4,0.759169
5,0,2,vig_tiny,cifar10,1000.0,6,_vig_blocks.5,0.765909
5,0,2,vig_tiny,cifar10,1000.0,7,_vig_blocks.6,0.758356
5,0,2,vig_tiny,cifar10,1000.0,8,_vig_blocks.7,0.740150
5,0,2,vig_tiny,cifar10,1000.0,9,_vig_blocks.8,0.698098
5,0,2,vig_tiny,cifar10,1000.0,10,_vig_blocks.9,0.676202
5,0,2,vig_tiny,cifar10,1000.0,11,_vig_blocks.10,0.648100
5,0,2,vig_tiny,cifar10,1000.0,12,_vig_blocks.11,0.634870
5,0,2,vig_tiny,cifar10,1000.0,13,classifier,0.634397
5,0,3,vig_tiny,cifar10,1000.0,0,_vig_stem,0.873037
5,0,3,vig_tiny,cifar10,1000.0,1,_vig_blocks.0,0.840655
5,0,3,vig_tiny,cifar10,1000.0,2,_vig_blocks.1,0.798895
5,0,3,vig_tiny,cifar10,1000.0,3,_vig_blocks.2,0.786960
5,0,3,vig_tiny,cifar10,1000.0,4,_vig_blocks.3,0.765858
5,0,3,vig_tiny,cifar10,1000.0,5,_vig_blocks.4,0.753119
5,0,3,vig_tiny,cifar10,1000.0,6,_vig_blocks.5,0.743167
5,0,3,vig_tiny,cifar10,1000.0,7,_vig_blocks.6,0.731354
5,0,3,vig_tiny,cifar10,1000.0,8,_vig_blocks.7,0.713787
5,0,3,vig_tiny,cifar10,1000.0,9,_vig_blocks.8,0.679890
5,0,3,vig_tiny,cifar10,1000.0,10,_vig_blocks.9,0.667614
5,0,3,vig_tiny,cifar10,1000.0,11,_vig_blocks.10,0.651025
5,0,3,vig_tiny,cifar10,1000.0,12,_vig_blocks.11,0.650537
5,0,3,vig_tiny,cifar10,1000.0,13,classifier,0.642522
5,0,4,vig_tiny,cifar10,1000.0,0,_vig_stem,0.854154
5,0,4,vig_tiny,cifar10,1000.0,1,_vig_blocks.0,0.785877
5,0,4,vig_tiny,cifar10,1000.0,2,_vig_blocks.1,0.780614
5,0,4,vig_tiny,cifar10,1000.0,3,_vig_blocks.2,0.768732
5,0,4,vig_tiny,cifar10,1000.0,4,_vig_blocks.3,0.767996
5,0,4,vig_tiny,cifar10,1000.0,5,_vig_blocks.4,0.758668
5,0,4,vig_tiny,cifar10,1000.0,6,_vig_blocks.5,0.753270
5,0,4,vig_tiny,cifar10,1000.0,7,_vig_blocks.6,0.758047
5,0,4,vig_tiny,cifar10,1000.0,8,_vig_blocks.7,0.734704
5,0,4,vig_tiny,cifar10,1000.0,9,_vig_blocks.8,0.713296
5,0,4,vig_tiny,cifar10,1000.0,10,_vig_blocks.9,0.680517
5,0,4,vig_tiny,cifar10,1000.0,11,_vig_blocks.10,0.625422
5,0,4,vig_tiny,cifar10,1000.0,12,_vig_blocks.11,0.617506
5,0,4,vig_tiny,cifar10,1000.0,13,classifier,0.690455
5,0,5,vig_tiny,cifar10,1000.0,0,_vig_stem,0.897369
5,0,5,vig_tiny,cifar10,1000.0,1,_vig_blocks.0,0.866392
5,0,5,vig_tiny,cifar10,1000.0,2,_vig_blocks.1,0.830195
5,0,5,vig_tiny,cifar10,1000.0,3,_vig_blocks.2,0.811702
5,0,5,vig_tiny,cifar10,1000.0,4,_vig_blocks.3,0.805237
5,0,5,vig_tiny,cifar10,1000.0,5,_vig_blocks.4,0.795767
5,0,5,vig_tiny,cifar10,1000.0,6,_vig_blocks.5,0.791595
5,0,5,vig_tiny,cifar10,1000.0,7,_vig_blocks.6,0.798715
5,0,5,vig_tiny,cifar10,1000.0,8,_vig_blocks.7,0.787555
5,0,5,vig_tiny,cifar10,1000.0,9,_vig_blocks.8,0.782777
5,0,5,vig_tiny,cifar10,1000.0,10,_vig_blocks.9,0.757558
5,0,5,vig_tiny,cifar10,1000.0,11,_vig_blocks.10,0.717103
5,0,5,vig_tiny,cifar10,1000.0,12,_vig_blocks.11,0.698508
5,0,5,vig_tiny,cifar10,1000.0,13,classifier,0.696402
5,0,6,vig_tiny,cifar10,1000.0,0,_vig_stem,0.906702
5,0,6,vig_tiny,cifar10,1000.0,1,_vig_blocks.0,0.880098
5,0,6,vig_tiny,cifar10,1000.0,2,_vig_blocks.1,0.822580
5,0,6,vig_tiny,cifar10,1000.0,3,_vig_blocks.2,0.820943
5,0,6,vig_tiny,cifar10,1000.0,4,_vig_blocks.3,0.825740
5,0,6,vig_tiny,cifar10,1000.0,5,_vig_blocks.4,0.809710
5,0,6,vig_tiny,cifar10,1000.0,6,_vig_blocks.5,0.798584
5,0,6,vig_tiny,cifar10,1000.0,7,_vig_blocks.6,0.795078
5,0,6,vig_tiny,cifar10,1000.0,8,_vig_blocks.7,0.788522
5,0,6,vig_tiny,cifar10,1000.0,9,_vig_blocks.8,0.764838
5,0,6,vig_tiny,cifar10,1000.0,10,_vig_blocks.9,0.747448
5,0,6,vig_tiny,cifar10,1000.0,11,_vig_blocks.10,0.695860
5,0,6,vig_tiny,cifar10,1000.0,12,_vig_blocks.11,0.675099
5,0,6,vig_tiny,cifar10,1000.0,13,classifier,0.707523
5,0,7,vig_tiny,cifar10,1000.0,0,_vig_stem,0.849041
5,0,7,vig_tiny,cifar10,1000.0,1,_vig_blocks.0,0.800344
5,0,7,vig_tiny,cifar10,1000.0,2,_vig_blocks.1,0.778259
5,0,7,vig_tiny,cifar10,1000.0,3,_vig_blocks.2,0.770412
5,0,7,vig_tiny,cifar10,1000.0,4,_vig_blocks.3,0.778493
5,0,7,vig_tiny,cifar10,1000.0,5,_vig_blocks.4,0.753176
5,0,7,vig_tiny,cifar10,1000.0,6,_vig_blocks.5,0.750838
5,0,7,vig_tiny,cifar10,1000.0,7,_vig_blocks.6,0.750317
5,0,7,vig_tiny,cifar10,1000.0,8,_vig_blocks.7,0.726644
5,0,7,vig_tiny,cifar10,1000.0,9,_vig_blocks.8,0.714921
5,0,7,vig_tiny,cifar10,1000.0,10,_vig_blocks.9,0.691505
5,0,7,vig_tiny,cifar10,1000.0,11,_vig_blocks.10,0.642550
5,0,7,vig_tiny,cifar10,1000.0,12,_vig_blocks.11,0.597446
5,0,7,vig_tiny,cifar10,1000.0,13,classifier,0.612451
5,0,8,vig_tiny,cifar10,1000.0,0,_vig_stem,0.853500
5,0,8,vig_tiny,cifar10,1000.0,1,_vig_blocks.0,0.799124
5,0,8,vig_tiny,cifar10,1000.0,2,_vig_blocks.1,0.770807
5,0,8,vig_tiny,cifar10,1000.0,3,_vig_blocks.2,0.731563
5,0,8,vig_tiny,cifar10,1000.0,4,_vig_blocks.3,0.715714
5,0,8,vig_tiny,cifar10,1000.0,5,_vig_blocks.4,0.707263
5,0,8,vig_tiny,cifar10,1000.0,6,_vig_blocks.5,0.721468
5,0,8,vig_tiny,cifar10,1000.0,7,_vig_blocks.6,0.716853
5,0,8,vig_tiny,cifar10,1000.0,8,_vig_blocks.7,0.693230
5,0,8,vig_tiny,cifar10,1000.0,9,_vig_blocks.8,0.679485
5,0,8,vig_tiny,cifar10,1000.0,10,_vig_blocks.9,0.656378
5,0,8,vig_tiny,cifar10,1000.0,11,_vig_blocks.10,0.622643
5,0,8,vig_tiny,cifar10,1000.0,12,_vig_blocks.11,0.616552
5,0,8,vig_tiny,cifar10,1000.0,13,classifier,0.747424
5,0,9,vig_tiny,cifar10,1000.0,0,_vig_stem,0.882416
5,0,9,vig_tiny,cifar10,1000.0,1,_vig_blocks.0,0.823989
5,0,9,vig_tiny,cifar10,1000.0,2,_vig_blocks.1,0.791678
5,0,9,vig_tiny,cifar10,1000.0,3,_vig_blocks.2,0.756328
5,0,9,vig_tiny,cifar10,1000.0,4,_vig_blocks.3,0.765484
5,0,9,vig_tiny,cifar10,1000.0,5,_vig_blocks.4,0.755563
5,0,9,vig_tiny,cifar10,1000.0,6,_vig_blocks.5,0.744956
5,0,9,vig_tiny,cifar10,1000.0,7,_vig_blocks.6,0.733902
5,0,9,vig_tiny,cifar10,1000.0,8,_vig_blocks.7,0.717907
5,0,9,vig_tiny,cifar10,1000.0,9,_vig_blocks.8,0.687909
5,0,9,vig_tiny,cifar10,1000.0,10,_vig_blocks.9,0.681985
5,0,9,vig_tiny,cifar10,1000.0,11,_vig_blocks.10,0.677741
5,0,9,vig_tiny,cifar10,1000.0,12,_vig_blocks.11,0.669220
5,0,9,vig_tiny,cifar10,1000.0,13,classifier,0.721804
5,1,2,vig_tiny,cifar10,1000.0,0,_vig_stem,0.855093
5,1,2,vig_tiny,cifar10,1000.0,1,_vig_blocks.0,0.791458
5,1,2,vig_tiny,cifar10,1000.0,2,_vig_blocks.1,0.780179
5,1,2,vig_tiny,cifar10,1000.0,3,_vig_blocks.2,0.778514
5,1,2,vig_tiny,cifar10,1000.0,4,_vig_blocks.3,0.791923
5,1,2,vig_tiny,cifar10,1000.0,5,_vig_blocks.4,0.787259
5,1,2,vig_tiny,cifar10,1000.0,6,_vig_blocks.5,0.786436
5,1,2,vig_tiny,cifar10,1000.0,7,_vig_blocks.6,0.775769
5,1,2,vig_tiny,cifar10,1000.0,8,_vig_blocks.7,0.762266
5,1,2,vig_tiny,cifar10,1000.0,9,_vig_blocks.8,0.738199
5,1,2,vig_tiny,cifar10,1000.0,10,_vig_blocks.9,0.719531
5,1,2,vig_tiny,cifar10,1000.0,11,_vig_blocks.10,0.696439
5,1,2,vig_tiny,cifar10,1000.0,12,_vig_blocks.11,0.685708
5,1,2,vig_tiny,cifar10,1000.0,13,classifier,0.717961
5,1,3,vig_tiny,cifar10,1000.0,0,_vig_stem,0.847259
5,1,3,vig_tiny,cifar10,1000.0,1,_vig_blocks.0,0.764609
5,1,3,vig_tiny,cifar10,1000.0,2,_vig_blocks.1,0.742176
5,1,3,vig_tiny,cifar10,1000.0,3,_vig_blocks.2,0.739646
5,1,3,vig_tiny,cifar10,1000.0,4,_vig_blocks.3,0.748198
5,1,3,vig_tiny,cifar10,1000.0,5,_vig_blocks.4,0.736419
5,1,3,vig_tiny,cifar10,1000.0,6,_vig_blocks.5,0.722609
5,1,3,vig_tiny,cifar10,1000.0,7,_vig_blocks.6,0.707137
5,1,3,vig_tiny,cifar10,1000.0,8,_vig_blocks.7,0.696001
5,1,3,vig_tiny,cifar10,1000.0,9,_vig_blocks.8,0.682007
5,1,3,vig_tiny,cifar10,1000.0,10,_vig_blocks.9,0.673274
5,1,3,vig_tiny,cifar10,1000.0,11,_vig_blocks.10,0.664245
5,1,3,vig_tiny,cifar10,1000.0,12,_vig_blocks.11,0.670164
5,1,3,vig_tiny,cifar10,1000.0,13,classifier,0.735462
5,1,4,vig_tiny,cifar10,1000.0,0,_vig_stem,0.866981
5,1,4,vig_tiny,cifar10,1000.0,1,_vig_blocks.0,0.812948
5,1,4,vig_tiny,cifar10,1000.0,2,_vig_blocks.1,0.811046
5,1,4,vig_tiny,cifar10,1000.0,3,_vig_blocks.2,0.805135
5,1,4,vig_tiny,cifar10,1000.0,4,_vig_blocks.3,0.820072
5,1,4,vig_tiny,cifar10,1000.0,5,_vig_blocks.4,0.808230
5,1,4,vig_tiny,cifar10,1000.0,6,_vig_blocks.5,0.794074
5,1,4,vig_tiny,cifar10,1000.0,7,_vig_blocks.6,0.797563
5,1,4,vig_tiny,cifar10,1000.0,8,_vig_blocks.7,0.782243
5,1,4,vig_tiny,cifar10,1000.0,9,_vig_blocks.8,0.749525
5,1,4,vig_tiny,cifar10,1000.0,10,_vig_blocks.9,0.724619
5,1,4,vig_tiny,cifar10,1000.0,11,_vig_blocks.10,0.700405
5,1,4,vig_tiny,cifar10,1000.0,12,_vig_blocks.11,0.695702
5,1,4,vig_tiny,cifar10,1000.0,13,classifier,0.691706
5,1,5,vig_tiny,cifar10,1000.0,0,_vig_stem,0.899398
5,1,5,vig_tiny,cifar10,1000.0,1,_vig_blocks.0,0.840261
5,1,5,vig_tiny,cifar10,1000.0,2,_vig_blocks.1,0.845771
5,1,5,vig_tiny,cifar10,1000.0,3,_vig_blocks.2,0.822610
5,1,5,vig_tiny,cifar10,1000.0,4,_vig_blocks.3,0.850369
5,1,5,vig_tiny,cifar10,1000.0,5,_vig_blocks.4,0.841708
5,1,5,vig_tiny,cifar10,1000.0,6,_vig_blocks.5,0.835461
5,1,5,vig_tiny,cifar10,1000.0,7,_vig_blocks.6,0.833147
5,1,5,vig_tiny,cifar10,1000.0,8,_vig_blocks.7,0.815870
5,1,5,vig_tiny,cifar10,1000.0,9,_vig_blocks.8,0.795500
5,1,5,vig_tiny,cifar10,1000.0,10,_vig_blocks.9,0.762382
5,1,5,vig_tiny,cifar10,1000.0,11,_vig_blocks.10,0.732720
5,1,5,vig_tiny,cifar10,1000.0,12,_vig_blocks.11,0.715314
5,1,5,vig_tiny,cifar10,1000.0,13,classifier,0.698126
5,1,6,vig_tiny,cifar10,1000.0,0,_vig_stem,0.874721
5,1,6,vig_tiny,cifar10,1000.0,1,_vig_blocks.0,0.824691
5,1,6,vig_tiny,cifar10,1000.0,2,_vig_blocks.1,0.812079
5,1,6,vig_tiny,cifar10,1000.0,3,_vig_blocks.2,0.806960
5,1,6,vig_tiny,cifar10,1000.0,4,_vig_blocks.3,0.829769
5,1,6,vig_tiny,cifar10,1000.0,5,_vig_blocks.4,0.814728
5,1,6,vig_tiny,cifar10,1000.0,6,_vig_blocks.5,0.804122
5,1,6,vig_tiny,cifar10,1000.0,7,_vig_blocks.6,0.798721
5,1,6,vig_tiny,cifar10,1000.0,8,_vig_blocks.7,0.785050
5,1,6,vig_tiny,cifar10,1000.0,9,_vig_blocks.8,0.762495
5,1,6,vig_tiny,cifar10,1000.0,10,_vig_blocks.9,0.739833
5,1,6,vig_tiny,cifar10,1000.0,11,_vig_blocks.10,0.708745
5,1,6,vig_tiny,cifar10,1000.0,12,_vig_blocks.11,0.700094
5,1,6,vig_tiny,cifar10,1000.0,13,classifier,0.691499
5,1,7,vig_tiny,cifar10,1000.0,0,_vig_stem,0.866010
5,1,7,vig_tiny,cifar10,1000.0,1,_vig_blocks.0,0.825317
5,1,7,vig_tiny,cifar10,1000.0,2,_vig_blocks.1,0.795880
5,1,7,vig_tiny,cifar10,1000.0,3,_vig_blocks.2,0.783548
5,1,7,vig_tiny,cifar10,1000.0,4,_vig_blocks.3,0.786805
5,1,7,vig_tiny,cifar10,1000.0,5,_vig_blocks.4,0.774399
5,1,7,vig_tiny,cifar10,1000.0,6,_vig_blocks.5,0.762924
5,1,7,vig_tiny,cifar10,1000.0,7,_vig_blocks.6,0.762872
5,1,7,vig_tiny,cifar10,1000.0,8,_vig_blocks.7,0.747656
5,1,7,vig_tiny,cifar10,1000.0,9,_vig_blocks.8,0.737318
5,1,7,vig_tiny,cifar10,1000.0,10,_vig_blocks.9,0.711844
5,1,7,vig_tiny,cifar10,1000.0,11,_vig_blocks.10,0.670855
5,1,7,vig_tiny,cifar10,1000.0,12,_vig_blocks.11,0.654908
5,1,7,vig_tiny,cifar10,1000.0,13,classifier,0.536772
5,1,8,vig_tiny,cifar10,1000.0,0,_vig_stem,0.828292
5,1,8,vig_tiny,cifar10,1000.0,1,_vig_blocks.0,0.730733
5,1,8,vig_tiny,cifar10,1000.0,2,_vig_blocks.1,0.733370
5,1,8,vig_tiny,cifar10,1000.0,3,_vig_blocks.2,0.712236
5,1,8,vig_tiny,cifar10,1000.0,4,_vig_blocks.3,0.746614
5,1,8,vig_tiny,cifar10,1000.0,5,_vig_blocks.4,0.752092
5,1,8,vig_tiny,cifar10,1000.0,6,_vig_blocks.5,0.765743
5,1,8,vig_tiny,cifar10,1000.0,7,_vig_blocks.6,0.761328
5,1,8,vig_tiny,cifar10,1000.0,8,_vig_blocks.7,0.752971
5,1,8,vig_tiny,cifar10,1000.0,9,_vig_blocks.8,0.733110
5,1,8,vig_tiny,cifar10,1000.0,10,_vig_blocks.9,0.714062
5,1,8,vig_tiny,cifar10,1000.0,11,_vig_blocks.10,0.686429
5,1,8,vig_tiny,cifar10,1000.0,12,_vig_blocks.11,0.685892
5,1,8,vig_tiny,cifar10,1000.0,13,classifier,0.766691
5,1,9,vig_tiny,cifar10,1000.0,0,_vig_stem,0.922334
5,1,9,vig_tiny,cifar10,1000.0,1,_vig_blocks.0,0.851250
5,1,9,vig_tiny,cifar10,1000.0,2,_vig_blocks.1,0.834701
5,1,9,vig_tiny,cifar10,1000.0,3,_vig_blocks.2,0.816132
5,1,9,vig_tiny,cifar10,1000.0,4,_vig_blocks.3,0.821297
5,1,9,vig_tiny,cifar10,1000.0,5,_vig_blocks.4,0.815288
5,1,9,vig_tiny,cifar10,1000.0,6,_vig_blocks.5,0.804991
5,1,9,vig_tiny,cifar10,1000.0,7,_vig_blocks.6,0.792278
5,1,9,vig_tiny,cifar10,1000.0,8,_vig_blocks.7,0.789917
5,1,9,vig_tiny,cifar10,1000.0,9,_vig_blocks.8,0.765972
5,1,9,vig_tiny,cifar10,1000.0,10,_vig_blocks.9,0.752442
5,1,9,vig_tiny,cifar10,1000.0,11,_vig_blocks.10,0.753068
5,1,9,vig_tiny,cifar10,1000.0,12,_vig_blocks.11,0.742035
5,1,9,vig_tiny,cifar10,1000.0,13,classifier,0.790905
5,2,3,vig_tiny,cifar10,1000.0,0,_vig_stem,0.901416
5,2,3,vig_tiny,cifar10,1000.0,1,_vig_blocks.0,0.887630
5,2,3,vig_tiny,cifar10,1000.0,2,_vig_blocks.1,0.868370
5,2,3,vig_tiny,cifar10,1000.0,3,_vig_blocks.2,0.875085
5,2,3,vig_tiny,cifar10,1000.0,4,_vig_blocks.3,0.866131
5,2,3,vig_tiny,cifar10,1000.0,5,_vig_blocks.4,0.860757
5,2,3,vig_tiny,cifar10,1000.0,6,_vig_blocks.5,0.856494
5,2,3,vig_tiny,cifar10,1000.0,7,_vig_blocks.6,0.845421
5,2,3,vig_tiny,cifar10,1000.0,8,_vig_blocks.7,0.826111
5,2,3,vig_tiny,cifar10,1000.0,9,_vig_blocks.8,0.814338
5,2,3,vig_tiny,cifar10,1000.0,10,_vig_blocks.9,0.803817
5,2,3,vig_tiny,cifar10,1000.0,11,_vig_blocks.10,0.781829
5,2,3,vig_tiny,cifar10,1000.0,12,_vig_blocks.11,0.761088
5,2,3,vig_tiny,cifar10,1000.0,13,classifier,0.739132
5,2,4,vig_tiny,cifar10,1000.0,0,_vig_stem,0.919754
5,2,4,vig_tiny,cifar10,1000.0,1,_vig_blocks.0,0.902111
5,2,4,vig_tiny,cifar10,1000.0,2,_vig_blocks.1,0.896755
5,2,4,vig_tiny,cifar10,1000.0,3,_vig_blocks.2,0.893009
5,2,4,vig_tiny,cifar10,1000.0,4,_vig_blocks.3,0.878386
5,2,4,vig_tiny,cifar10,1000.0,5,_vig_blocks.4,0.869892
5,2,4,vig_tiny,cifar10,1000.0,6,_vig_blocks.5,0.859678
5,2,4,vig_tiny,cifar10,1000.0,7,_vig_blocks.6,0.856810
5,2,4,vig_tiny,cifar10,1000.0,8,_vig_blocks.7,0.841990
5,2,4,vig_tiny,cifar10,1000.0,9,_vig_blocks.8,0.830315
5,2,4,vig_tiny,cifar10,1000.0,10,_vig_blocks.9,0.796708
5,2,4,vig_tiny,cifar10,1000.0,11,_vig_blocks.10,0.770957
5,2,4,vig_tiny,cifar10,1000.0,12,_vig_blocks.11,0.755628
5,2,4,vig_tiny,cifar10,1000.0,13,classifier,0.736491
5,2,5,vig_tiny,cifar10,1000.0,0,_vig_stem,0.929658
5,2,5,vig_tiny,cifar10,1000.0,1,_vig_blocks.0,0.906833
5,2,5,vig_tiny,cifar10,1000.0,2,_vig_blocks.1,0.895042
5,2,5,vig_tiny,cifar10,1000.0,3,_vig_blocks.2,0.884388
5,2,5,vig_tiny,cifar10,1000.0,4,_vig_blocks.3,0.863114
5,2,5,vig_tiny,cifar10,1000.0,5,_vig_blocks.4,0.860013
5,2,5,vig_tiny,cifar10,1000.0,6,_vig_blocks.5,0.872620
5,2,5,vig_tiny,cifar10,1000.0,7,_vig_blocks.6,0.861954
5,2,5,vig_tiny,cifar10,1000.0,8,_vig_blocks.7,0.841196
5,2,5,vig_tiny,cifar10,1000.0,9,_vig_blocks.8,0.821099
5,2,5,vig_tiny,cifar10,1000.0,10,_vig_blocks.9,0.801288
5,2,5,vig_tiny,cifar10,1000.0,11,_vig_blocks.10,0.775206
5,2,5,vig_tiny,cifar10,1000.0,12,_vig_blocks.11,0.753237
5,2,5,vig_tiny,cifar10,1000.0,13,classifier,0.764220
5,2,6,vig_tiny,cifar10,1000.0,0,_vig_stem,0.922681
5,2,6,vig_tiny,cifar10,1000.0,1,_vig_blocks.0,0.913422
5,2,6,vig_tiny,cifar10,1000.0,2,_vig_blocks.1,0.905565
5,2,6,vig_tiny,cifar10,1000.0,3,_vig_blocks.2,0.898420
5,2,6,vig_tiny,cifar10,1000.0,4,_vig_blocks.3,0.896532
5,2,6,vig_tiny,cifar10,1000.0,5,_vig_blocks.4,0.893427
5,2,6,vig_tiny,cifar10,1000.0,6,_vig_blocks.5,0.895764
5,2,6,vig_tiny,cifar10,1000.0,7,_vig_blocks.6,0.889793
5,2,6,vig_tiny,cifar10,1000.0,8,_vig_blocks.7,0.869722
5,2,6,vig_tiny,cifar10,1000.0,9,_vig_blocks.8,0.842899
5,2,6,vig_tiny,cifar10,1000.0,10,_vig_blocks.9,0.816095
5,2,6,vig_tiny,cifar10,1000.0,11,_vig_blocks.10,0.785889
5,2,6,vig_tiny,cifar10,1000.0,12,_vig_blocks.11,0.765919
5,2,6,vig_tiny,cifar10,1000.0,13,classifier,0.638383
5,2,7,vig_tiny,cifar10,1000.0,0,_vig_stem,0.874965
5,2,7,vig_tiny,cifar10,1000.0,1,_vig_blocks.0,0.830283
5,2,7,vig_tiny,cifar10,1000.0,2,_vig_blocks.1,0.783740
5,2,7,vig_tiny,cifar10,1000.0,3,_vig_blocks.2,0.783351
5,2,7,vig_tiny,cifar10,1000.0,4,_vig_blocks.3,0.771174
5,2,7,vig_tiny,cifar10,1000.0,5,_vig_blocks.4,0.756756
5,2,7,vig_tiny,cifar10,1000.0,6,_vig_blocks.5,0.765766
5,2,7,vig_tiny,cifar10,1000.0,7,_vig_blocks.6,0.762032
5,2,7,vig_tiny,cifar10,1000.0,8,_vig_blocks.7,0.752895
5,2,7,vig_tiny,cifar10,1000.0,9,_vig_blocks.8,0.747354
5,2,7,vig_tiny,cifar10,1000.0,10,_vig_blocks.9,0.721754
5,2,7,vig_tiny,cifar10,1000.0,11,_vig_blocks.10,0.700374
5,2,7,vig_tiny,cifar10,1000.0,12,_vig_blocks.11,0.680975
5,2,7,vig_tiny,cifar10,1000.0,13,classifier,0.547640
5,2,8,vig_tiny,cifar10,1000.0,0,_vig_stem,0.876896
5,2,8,vig_tiny,cifar10,1000.0,1,_vig_blocks.0,0.847690
5,2,8,vig_tiny,cifar10,1000.0,2,_vig_blocks.1,0.845802
5,2,8,vig_tiny,cifar10,1000.0,3,_vig_blocks.2,0.834293
5,2,8,vig_tiny,cifar10,1000.0,4,_vig_blocks.3,0.823126
5,2,8,vig_tiny,cifar10,1000.0,5,_vig_blocks.4,0.823124
5,2,8,vig_tiny,cifar10,1000.0,6,_vig_blocks.5,0.833703
5,2,8,vig_tiny,cifar10,1000.0,7,_vig_blocks.6,0.822480
5,2,8,vig_tiny,cifar10,1000.0,8,_vig_blocks.7,0.806548
5,2,8,vig_tiny,cifar10,1000.0,9,_vig_blocks.8,0.807562
5,2,8,vig_tiny,cifar10,1000.0,10,_vig_blocks.9,0.794464
5,2,8,vig_tiny,cifar10,1000.0,11,_vig_blocks.10,0.778091
5,2,8,vig_tiny,cifar10,1000.0,12,_vig_blocks.11,0.767918
5,2,8,vig_tiny,cifar10,1000.0,13,classifier,0.798269
5,2,9,vig_tiny,cifar10,1000.0,0,_vig_stem,0.906881
5,2,9,vig_tiny,cifar10,1000.0,1,_vig_blocks.0,0.887074
5,2,9,vig_tiny,cifar10,1000.0,2,_vig_blocks.1,0.862444
5,2,9,vig_tiny,cifar10,1000.0,3,_vig_blocks.2,0.855448
5,2,9,vig_tiny,cifar10,1000.0,4,_vig_blocks.3,0.835475
5,2,9,vig_tiny,cifar10,1000.0,5,_vig_blocks.4,0.816566
5,2,9,vig_tiny,cifar10,1000.0,6,_vig_blocks.5,0.815962
5,2,9,vig_tiny,cifar10,1000.0,7,_vig_blocks.6,0.798340
5,2,9,vig_tiny,cifar10,1000.0,8,_vig_blocks.7,0.781881
5,2,9,vig_tiny,cifar10,1000.0,9,_vig_blocks.8,0.783645
5,2,9,vig_tiny,cifar10,1000.0,10,_vig_blocks.9,0.784064
5,2,9,vig_tiny,cifar10,1000.0,11,_vig_blocks.10,0.775993
5,2,9,vig_tiny,cifar10,1000.0,12,_vig_blocks.11,0.754971
5,2,9,vig_tiny,cifar10,1000.0,13,classifier,0.756539
5,3,4,vig_tiny,cifar10,1000.0,0,_vig_stem,0.916479
5,3,4,vig_tiny,cifar10,1000.0,1,_vig_blocks.0,0.869790
5,3,4,vig_tiny,cifar10,1000.0,2,_vig_blocks.1,0.855834
5,3,4,vig_tiny,cifar10,1000.0,3,_vig_blocks.2,0.851902
5,3,4,vig_tiny,cifar10,1000.0,4,_vig_blocks.3,0.837371
5,3,4,vig_tiny,cifar10,1000.0,5,_vig_blocks.4,0.836456
5,3,4,vig_tiny,cifar10,1000.0,6,_vig_blocks.5,0.814030
5,3,4,vig_tiny,cifar10,1000.0,7,_vig_blocks.6,0.803207
5,3,4,vig_tiny,cifar10,1000.0,8,_vig_blocks.7,0.793442
5,3,4,vig_tiny,cifar10,1000.0,9,_vig_blocks.8,0.790710
5,3,4,vig_tiny,cifar10,1000.0,10,_vig_blocks.9,0.766870
5,3,4,vig_tiny,cifar10,1000.0,11,_vig_blocks.10,0.740499
5,3,4,vig_tiny,cifar10,1000.0,12,_vig_blocks.11,0.724176
5,3,4,vig_tiny,cifar10,1000.0,13,classifier,0.644763
5,3,5,vig_tiny,cifar10,1000.0,0,_vig_stem,0.932129
5,3,5,vig_tiny,cifar10,1000.0,1,_vig_blocks.0,0.889035
5,3,5,vig_tiny,cifar10,1000.0,2,_vig_blocks.1,0.868184
5,3,5,vig_tiny,cifar10,1000.0,3,_vig_blocks.2,0.860261
5,3,5,vig_tiny,cifar10,1000.0,4,_vig_blocks.3,0.845522
5,3,5,vig_tiny,cifar10,1000.0,5,_vig_blocks.4,0.830625
5,3,5,vig_tiny,cifar10,1000.0,6,_vig_blocks.5,0.826061
5,3,5,vig_tiny,cifar10,1000.0,7,_vig_blocks.6,0.811033
5,3,5,vig_tiny,cifar10,1000.0,8,_vig_blocks.7,0.787563
5,3,5,vig_tiny,cifar10,1000.0,9,_vig_blocks.8,0.777575
5,3,5,vig_tiny,cifar10,1000.0,10,_vig_blocks.9,0.760873
5,3,5,vig_tiny,cifar10,1000.0,11,_vig_blocks.10,0.745109
5,3,5,vig_tiny,cifar10,1000.0,12,_vig_blocks.11,0.730172
5,3,5,vig_tiny,cifar10,1000.0,13,classifier,0.721288
5,3,6,vig_tiny,cifar10,1000.0,0,_vig_stem,0.951910
5,3,6,vig_tiny,cifar10,1000.0,1,_vig_blocks.0,0.917839
5,3,6,vig_tiny,cifar10,1000.0,2,_vig_blocks.1,0.894255
5,3,6,vig_tiny,cifar10,1000.0,3,_vig_blocks.2,0.901859
5,3,6,vig_tiny,cifar10,1000.0,4,_vig_blocks.3,0.882097
5,3,6,vig_tiny,cifar10,1000.0,5,_vig_blocks.4,0.878213
5,3,6,vig_tiny,cifar10,1000.0,6,_vig_blocks.5,0.882548
5,3,6,vig_tiny,cifar10,1000.0,7,_vig_blocks.6,0.869189
5,3,6,vig_tiny,cifar10,1000.0,8,_vig_blocks.7,0.850689
5,3,6,vig_tiny,cifar10,1000.0,9,_vig_blocks.8,0.822431
5,3,6,vig_tiny,cifar10,1000.0,10,_vig_blocks.9,0.807605
5,3,6,vig_tiny,cifar10,1000.0,11,_vig_blocks.10,0.778113
5,3,6,vig_tiny,cifar10,1000.0,12,_vig_blocks.11,0.757144
5,3,6,vig_tiny,cifar10,1000.0,13,classifier,0.685598
5,3,7,vig_tiny,cifar10,1000.0,0,_vig_stem,0.918129
5,3,7,vig_tiny,cifar10,1000.0,1,_vig_blocks.0,0.870746
5,3,7,vig_tiny,cifar10,1000.0,2,_vig_blocks.1,0.828258
5,3,7,vig_tiny,cifar10,1000.0,3,_vig_blocks.2,0.816658
5,3,7,vig_tiny,cifar10,1000.0,4,_vig_blocks.3,0.810248
5,3,7,vig_tiny,cifar10,1000.0,5,_vig_blocks.4,0.780153
5,3,7,vig_tiny,cifar10,1000.0,6,_vig_blocks.5,0.764329
5,3,7,vig_tiny,cifar10,1000.0,7,_vig_blocks.6,0.753027
5,3,7,vig_tiny,cifar10,1000.0,8,_vig_blocks.7,0.740008
5,3,7,vig_tiny,cifar10,1000.0,9,_vig_blocks.8,0.733306
5,3,7,vig_tiny,cifar10,1000.0,10,_vig_blocks.9,0.709168
5,3,7,vig_tiny,cifar10,1000.0,11,_vig_blocks.10,0.682331
5,3,7,vig_tiny,cifar10,1000.0,12,_vig_blocks.11,0.657579
5,3,7,vig_tiny,cifar10,1000.0,13,classifier,0.552210
5,3,8,vig_tiny,cifar10,1000.0,0,_vig_stem,0.890010
5,3,8,vig_tiny,cifar10,1000.0,1,_vig_blocks.0,0.840565
5,3,8,vig_tiny,cifar10,1000.0,2,_vig_blocks.1,0.822337
5,3,8,vig_tiny,cifar10,1000.0,3,_vig_blocks.2,0.794759
5,3,8,vig_tiny,cifar10,1000.0,4,_vig_blocks.3,0.784340
5,3,8,vig_tiny,cifar10,1000.0,5,_vig_blocks.4,0.782682
5,3,8,vig_tiny,cifar10,1000.0,6,_vig_blocks.5,0.790350
5,3,8,vig_tiny,cifar10,1000.0,7,_vig_blocks.6,0.777194
5,3,8,vig_tiny,cifar10,1000.0,8,_vig_blocks.7,0.755083
5,3,8,vig_tiny,cifar10,1000.0,9,_vig_blocks.8,0.746289
5,3,8,vig_tiny,cifar10,1000.0,10,_vig_blocks.9,0.735017
5,3,8,vig_tiny,cifar10,1000.0,11,_vig_blocks.10,0.722299
5,3,8,vig_tiny,cifar10,1000.0,12,_vig_blocks.11,0.711015
5,3,8,vig_tiny,cifar10,1000.0,13,classifier,0.744328
5,3,9,vig_tiny,cifar10,1000.0,0,_vig_stem,0.918447
5,3,9,vig_tiny,cifar10,1000.0,1,_vig_blocks.0,0.860203
5,3,9,vig_tiny,cifar10,1000.0,2,_vig_blocks.1,0.833605
5,3,9,vig_tiny,cifar10,1000.0,3,_vig_blocks.2,0.814185
5,3,9,vig_tiny,cifar10,1000.0,4,_vig_blocks.3,0.817707
5,3,9,vig_tiny,cifar10,1000.0,5,_vig_blocks.4,0.793559
5,3,9,vig_tiny,cifar10,1000.0,6,_vig_blocks.5,0.783172
5,3,9,vig_tiny,cifar10,1000.0,7,_vig_blocks.6,0.765487
5,3,9,vig_tiny,cifar10,1000.0,8,_vig_blocks.7,0.751513
5,3,9,vig_tiny,cifar10,1000.0,9,_vig_blocks.8,0.749442
5,3,9,vig_tiny,cifar10,1000.0,10,_vig_blocks.9,0.755627
5,3,9,vig_tiny,cifar10,1000.0,11,_vig_blocks.10,0.751422
5,3,9,vig_tiny,cifar10,1000.0,12,_vig_blocks.11,0.745682
5,3,9,vig_tiny,cifar10,1000.0,13,classifier,0.752186
5,4,5,vig_tiny,cifar10,1000.0,0,_vig_stem,0.930607
5,4,5,vig_tiny,cifar10,1000.0,1,_vig_blocks.0,0.885269
5,4,5,vig_tiny,cifar10,1000.0,2,_vig_blocks.1,0.899570
5,4,5,vig_tiny,cifar10,1000.0,3,_vig_blocks.2,0.882192
5,4,5,vig_tiny,cifar10,1000.0,4,_vig_blocks.3,0.866596
5,4,5,vig_tiny,cifar10,1000.0,5,_vig_blocks.4,0.856817
5,4,5,vig_tiny,cifar10,1000.0,6,_vig_blocks.5,0.865211
5,4,5,vig_tiny,cifar10,1000.0,7,_vig_blocks.6,0.871650
5,4,5,vig_tiny,cifar10,1000.0,8,_vig_blocks.7,0.862421
5,4,5,vig_tiny,cifar10,1000.0,9,_vig_blocks.8,0.848786
5,4,5,vig_tiny,cifar10,1000.0,10,_vig_blocks.9,0.816313
5,4,5,vig_tiny,cifar10,1000.0,11,_vig_blocks.10,0.791789
5,4,5,vig_tiny,cifar10,1000.0,12,_vig_blocks.11,0.781755
5,4,5,vig_tiny,cifar10,1000.0,13,classifier,0.799007
5,4,6,vig_tiny,cifar10,1000.0,0,_vig_stem,0.915847
5,4,6,vig_tiny,cifar10,1000.0,1,_vig_blocks.0,0.881493
5,4,6,vig_tiny,cifar10,1000.0,2,_vig_blocks.1,0.884046
5,4,6,vig_tiny,cifar10,1000.0,3,_vig_blocks.2,0.866331
5,4,6,vig_tiny,cifar10,1000.0,4,_vig_blocks.3,0.857460
5,4,6,vig_tiny,cifar10,1000.0,5,_vig_blocks.4,0.857976
5,4,6,vig_tiny,cifar10,1000.0,6,_vig_blocks.5,0.854177
5,4,6,vig_tiny,cifar10,1000.0,7,_vig_blocks.6,0.857450
5,4,6,vig_tiny,cifar10,1000.0,8,_vig_blocks.7,0.854832
5,4,6,vig_tiny,cifar10,1000.0,9,_vig_blocks.8,0.852050
5,4,6,vig_tiny,cifar10,1000.0,10,_vig_blocks.9,0.831580
5,4,6,vig_tiny,cifar10,1000.0,11,_vig_blocks.10,0.812249
5,4,6,vig_tiny,cifar10,1000.0,12,_vig_blocks.11,0.807124
5,4,6,vig_tiny,cifar10,1000.0,13,classifier,0.742405
5,4,7,vig_tiny,cifar10,1000.0,0,_vig_stem,0.905369
5,4,7,vig_tiny,cifar10,1000.0,1,_vig_blocks.0,0.892991
5,4,7,vig_tiny,cifar10,1000.0,2,_vig_blocks.1,0.870515
5,4,7,vig_tiny,cifar10,1000.0,3,_vig_blocks.2,0.863363
5,4,7,vig_tiny,cifar10,1000.0,4,_vig_blocks.3,0.851784
5,4,7,vig_tiny,cifar10,1000.0,5,_vig_blocks.4,0.842713
5,4,7,vig_tiny,cifar10,1000.0,6,_vig_blocks.5,0.843951
5,4,7,vig_tiny,cifar10,1000.0,7,_vig_blocks.6,0.844178
5,4,7,vig_tiny,cifar10,1000.0,8,_vig_blocks.7,0.836348
5,4,7,vig_tiny,cifar10,1000.0,9,_vig_blocks.8,0.828902
5,4,7,vig_tiny,cifar10,1000.0,10,_vig_blocks.9,0.811782
5,4,7,vig_tiny,cifar10,1000.0,11,_vig_blocks.10,0.779114
5,4,7,vig_tiny,cifar10,1000.0,12,_vig_blocks.11,0.765199
5,4,7,vig_tiny,cifar10,1000.0,13,classifier,0.702229
5,4,8,vig_tiny,cifar10,1000.0,0,_vig_stem,0.897859
5,4,8,vig_tiny,cifar10,1000.0,1,_vig_blocks.0,0.840273
5,4,8,vig_tiny,cifar10,1000.0,2,_vig_blocks.1,0.845744
5,4,8,vig_tiny,cifar10,1000.0,3,_vig_blocks.2,0.831568
5,4,8,vig_tiny,cifar10,1000.0,4,_vig_blocks.3,0.824779
5,4,8,vig_tiny,cifar10,1000.0,5,_vig_blocks.4,0.834387
5,4,8,vig_tiny,cifar10,1000.0,6,_vig_blocks.5,0.850416
5,4,8,vig_tiny,cifar10,1000.0,7,_vig_blocks.6,0.851431
5,4,8,vig_tiny,cifar10,1000.0,8,_vig_blocks.7,0.846483
5,4,8,vig_tiny,cifar10,1000.0,9,_vig_blocks.8,0.829993
5,4,8,vig_tiny,cifar10,1000.0,10,_vig_blocks.9,0.810855
5,4,8,vig_tiny,cifar10,1000.0,11,_vig_blocks.10,0.803376
5,4,8,vig_tiny,cifar10,1000.0,12,_vig_blocks.11,0.794297
5,4,8,vig_tiny,cifar10,1000.0,13,classifier,0.809424
5,4,9,vig_tiny,cifar10,1000.0,0,_vig_stem,0.921247
5,4,9,vig_tiny,cifar10,1000.0,1,_vig_blocks.0,0.880012
5,4,9,vig_tiny,cifar10,1000.0,2,_vig_blocks.1,0.870074
5,4,9,vig_tiny,cifar10,1000.0,3,_vig_blocks.2,0.860377
5,4,9,vig_tiny,cifar10,1000.0,4,_vig_blocks.3,0.836303
5,4,9,vig_tiny,cifar10,1000.0,5,_vig_blocks.4,0.829442
5,4,9,vig_tiny,cifar10,1000.0,6,_vig_blocks.5,0.826518
5,4,9,vig_tiny,cifar10,1000.0,7,_vig_blocks.6,0.824864
5,4,9,vig_tiny,cifar10,1000.0,8,_vig_blocks.7,0.816170
5,4,9,vig_tiny,cifar10,1000.0,9,_vig_blocks.8,0.801381
5,4,9,vig_tiny,cifar10,1000.0,10,_vig_blocks.9,0.794795
5,4,9,vig_tiny,cifar10,1000.0,11,_vig_blocks.10,0.797757
5,4,9,vig_tiny,cifar10,1000.0,12,_vig_blocks.11,0.796334
5,4,9,vig_tiny,cifar10,1000.0,13,classifier,0.779354
5,5,6,vig_tiny,cifar10,1000.0,0,_vig_stem,0.939817
5,5,6,vig_tiny,cifar10,1000.0,1,_vig_blocks.0,0.919402
5,5,6,vig_tiny,cifar10,1000.0,2,_vig_blocks.1,0.905008
5,5,6,vig_tiny,cifar10,1000.0,3,_vig_blocks.2,0.883459
5,5,6,vig_tiny,cifar10,1000.0,4,_vig_blocks.3,0.876488
5,5,6,vig_tiny,cifar10,1000.0,5,_vig_blocks.4,0.873705
5,5,6,vig_tiny,cifar10,1000.0,6,_vig_blocks.5,0.881113
5,5,6,vig_tiny,cifar10,1000.0,7,_vig_blocks.6,0.877180
5,5,6,vig_tiny,cifar10,1000.0,8,_vig_blocks.7,0.869853
5,5,6,vig_tiny,cifar10,1000.0,9,_vig_blocks.8,0.855059
5,5,6,vig_tiny,cifar10,1000.0,10,_vig_blocks.9,0.830331
5,5,6,vig_tiny,cifar10,1000.0,11,_vig_blocks.10,0.808348
5,5,6,vig_tiny,cifar10,1000.0,12,_vig_blocks.11,0.784810
5,5,6,vig_tiny,cifar10,1000.0,13,classifier,0.710451
5,5,7,vig_tiny,cifar10,1000.0,0,_vig_stem,0.891014
5,5,7,vig_tiny,cifar10,1000.0,1,_vig_blocks.0,0.849376
5,5,7,vig_tiny,cifar10,1000.0,2,_vig_blocks.1,0.827242
5,5,7,vig_tiny,cifar10,1000.0,3,_vig_blocks.2,0.811629
5,5,7,vig_tiny,cifar10,1000.0,4,_vig_blocks.3,0.826442
5,5,7,vig_tiny,cifar10,1000.0,5,_vig_blocks.4,0.814744
5,5,7,vig_tiny,cifar10,1000.0,6,_vig_blocks.5,0.824019
5,5,7,vig_tiny,cifar10,1000.0,7,_vig_blocks.6,0.825053
5,5,7,vig_tiny,cifar10,1000.0,8,_vig_blocks.7,0.825189
5,5,7,vig_tiny,cifar10,1000.0,9,_vig_blocks.8,0.816392
5,5,7,vig_tiny,cifar10,1000.0,10,_vig_blocks.9,0.786205
5,5,7,vig_tiny,cifar10,1000.0,11,_vig_blocks.10,0.764082
5,5,7,vig_tiny,cifar10,1000.0,12,_vig_blocks.11,0.735121
5,5,7,vig_tiny,cifar10,1000.0,13,classifier,0.620654
5,5,8,vig_tiny,cifar10,1000.0,0,_vig_stem,0.905438
5,5,8,vig_tiny,cifar10,1000.0,1,_vig_blocks.0,0.852331
5,5,8,vig_tiny,cifar10,1000.0,2,_vig_blocks.1,0.850199
5,5,8,vig_tiny,cifar10,1000.0,3,_vig_blocks.2,0.839311
5,5,8,vig_tiny,cifar10,1000.0,4,_vig_blocks.3,0.831974
5,5,8,vig_tiny,cifar10,1000.0,5,_vig_blocks.4,0.848938
5,5,8,vig_tiny,cifar10,1000.0,6,_vig_blocks.5,0.867148
5,5,8,vig_tiny,cifar10,1000.0,7,_vig_blocks.6,0.853553
5,5,8,vig_tiny,cifar10,1000.0,8,_vig_blocks.7,0.849173
5,5,8,vig_tiny,cifar10,1000.0,9,_vig_blocks.8,0.832658
5,5,8,vig_tiny,cifar10,1000.0,10,_vig_blocks.9,0.807061
5,5,8,vig_tiny,cifar10,1000.0,11,_vig_blocks.10,0.789368
5,5,8,vig_tiny,cifar10,1000.0,12,_vig_blocks.11,0.779713
5,5,8,vig_tiny,cifar10,1000.0,13,classifier,0.851177
5,5,9,vig_tiny,cifar10,1000.0,0,_vig_stem,0.937117
5,5,9,vig_tiny,cifar10,1000.0,1,_vig_blocks.0,0.896328
5,5,9,vig_tiny,cifar10,1000.0,2,_vig_blocks.1,0.880296
5,5,9,vig_tiny,cifar10,1000.0,3,_vig_blocks.2,0.870188
5,5,9,vig_tiny,cifar10,1000.0,4,_vig_blocks.3,0.866773
5,5,9,vig_tiny,cifar10,1000.0,5,_vig_blocks.4,0.875583
5,5,9,vig_tiny,cifar10,1000.0,6,_vig_blocks.5,0.866367
5,5,9,vig_tiny,cifar10,1000.0,7,_vig_blocks.6,0.851737
5,5,9,vig_tiny,cifar10,1000.0,8,_vig_blocks.7,0.835571
5,5,9,vig_tiny,cifar10,1000.0,9,_vig_blocks.8,0.811454
5,5,9,vig_tiny,cifar10,1000.0,10,_vig_blocks.9,0.790421
5,5,9,vig_tiny,cifar10,1000.0,11,_vig_blocks.10,0.778159
5,5,9,vig_tiny,cifar10,1000.0,12,_vig_blocks.11,0.764188
5,5,9,vig_tiny,cifar10,1000.0,13,classifier,0.765144
5,6,7,vig_tiny,cifar10,1000.0,0,_vig_stem,0.918158
5,6,7,vig_tiny,cifar10,1000.0,1,_vig_blocks.0,0.866762
5,6,7,vig_tiny,cifar10,1000.0,2,_vig_blocks.1,0.831021
5,6,7,vig_tiny,cifar10,1000.0,3,_vig_blocks.2,0.820329
5,6,7,vig_tiny,cifar10,1000.0,4,_vig_blocks.3,0.814259
5,6,7,vig_tiny,cifar10,1000.0,5,_vig_blocks.4,0.798135
5,6,7,vig_tiny,cifar10,1000.0,6,_vig_blocks.5,0.796130
5,6,7,vig_tiny,cifar10,1000.0,7,_vig_blocks.6,0.798160
5,6,7,vig_tiny,cifar10,1000.0,8,_vig_blocks.7,0.805264
5,6,7,vig_tiny,cifar10,1000.0,9,_vig_blocks.8,0.809381
5,6,7,vig_tiny,cifar10,1000.0,10,_vig_blocks.9,0.801546
5,6,7,vig_tiny,cifar10,1000.0,11,_vig_blocks.10,0.788402
5,6,7,vig_tiny,cifar10,1000.0,12,_vig_blocks.11,0.776163
5,6,7,vig_tiny,cifar10,1000.0,13,classifier,0.786266
5,6,8,vig_tiny,cifar10,1000.0,0,_vig_stem,0.908961
5,6,8,vig_tiny,cifar10,1000.0,1,_vig_blocks.0,0.878600
5,6,8,vig_tiny,cifar10,1000.0,2,_vig_blocks.1,0.872348
5,6,8,vig_tiny,cifar10,1000.0,3,_vig_blocks.2,0.850964
5,6,8,vig_tiny,cifar10,1000.0,4,_vig_blocks.3,0.855284
5,6,8,vig_tiny,cifar10,1000.0,5,_vig_blocks.4,0.866091
5,6,8,vig_tiny,cifar10,1000.0,6,_vig_blocks.5,0.873435
5,6,8,vig_tiny,cifar10,1000.0,7,_vig_blocks.6,0.869470
5,6,8,vig_tiny,cifar10,1000.0,8,_vig_blocks.7,0.859153
5,6,8,vig_tiny,cifar10,1000.0,9,_vig_blocks.8,0.852871
5,6,8,vig_tiny,cifar10,1000.0,10,_vig_blocks.9,0.831826
5,6,8,vig_tiny,cifar10,1000.0,11,_vig_blocks.10,0.827169
5,6,8,vig_tiny,cifar10,1000.0,12,_vig_blocks.11,0.817640
5,6,8,vig_tiny,cifar10,1000.0,13,classifier,0.825146
5,6,9,vig_tiny,cifar10,1000.0,0,_vig_stem,0.923730
5,6,9,vig_tiny,cifar10,1000.0,1,_vig_blocks.0,0.902306
5,6,9,vig_tiny,cifar10,1000.0,2,_vig_blocks.1,0.871067
5,6,9,vig_tiny,cifar10,1000.0,3,_vig_blocks.2,0.860874
5,6,9,vig_tiny,cifar10,1000.0,4,_vig_blocks.3,0.861663
5,6,9,vig_tiny,cifar10,1000.0,5,_vig_blocks.4,0.843373
5,6,9,vig_tiny,cifar10,1000.0,6,_vig_blocks.5,0.838564
5,6,9,vig_tiny,cifar10,1000.0,7,_vig_blocks.6,0.826837
5,6,9,vig_tiny,cifar10,1000.0,8,_vig_blocks.7,0.820690
5,6,9,vig_tiny,cifar10,1000.0,9,_vig_blocks.8,0.816074
5,6,9,vig_tiny,cifar10,1000.0,10,_vig_blocks.9,0.808269
5,6,9,vig_tiny,cifar10,1000.0,11,_vig_blocks.10,0.809251
5,6,9,vig_tiny,cifar10,1000.0,12,_vig_blocks.11,0.798454
5,6,9,vig_tiny,cifar10,1000.0,13,classifier,0.782924
5,7,8,vig_tiny,cifar10,1000.0,0,_vig_stem,0.839954
5,7,8,vig_tiny,cifar10,1000.0,1,_vig_blocks.0,0.779600
5,7,8,vig_tiny,cifar10,1000.0,2,_vig_blocks.1,0.777040
5,7,8,vig_tiny,cifar10,1000.0,3,_vig_blocks.2,0.755874
5,7,8,vig_tiny,cifar10,1000.0,4,_vig_blocks.3,0.769904
5,7,8,vig_tiny,cifar10,1000.0,5,_vig_blocks.4,0.777888
5,7,8,vig_tiny,cifar10,1000.0,6,_vig_blocks.5,0.803093
5,7,8,vig_tiny,cifar10,1000.0,7,_vig_blocks.6,0.801293
5,7,8,vig_tiny,cifar10,1000.0,8,_vig_blocks.7,0.798347
5,7,8,vig_tiny,cifar10,1000.0,9,_vig_blocks.8,0.791083
5,7,8,vig_tiny,cifar10,1000.0,10,_vig_blocks.9,0.772810
5,7,8,vig_tiny,cifar10,1000.0,11,_vig_blocks.10,0.756506
5,7,8,vig_tiny,cifar10,1000.0,12,_vig_blocks.11,0.730340
5,7,8,vig_tiny,cifar10,1000.0,13,classifier,0.712586
5,7,9,vig_tiny,cifar10,1000.0,0,_vig_stem,0.910761
5,7,9,vig_tiny,cifar10,1000.0,1,_vig_blocks.0,0.847026
5,7,9,vig_tiny,cifar10,1000.0,2,_vig_blocks.1,0.798289
5,7,9,vig_tiny,cifar10,1000.0,3,_vig_blocks.2,0.770706
5,7,9,vig_tiny,cifar10,1000.0,4,_vig_blocks.3,0.779143
5,7,9,vig_tiny,cifar10,1000.0,5,_vig_blocks.4,0.750670
5,7,9,vig_tiny,cifar10,1000.0,6,_vig_blocks.5,0.733485
5,7,9,vig_tiny,cifar10,1000.0,7,_vig_blocks.6,0.718506
5,7,9,vig_tiny,cifar10,1000.0,8,_vig_blocks.7,0.707058
5,7,9,vig_tiny,cifar10,1000.0,9,_vig_blocks.8,0.693455
5,7,9,vig_tiny,cifar10,1000.0,10,_vig_blocks.9,0.693718
5,7,9,vig_tiny,cifar10,1000.0,11,_vig_blocks.10,0.682327
5,7,9,vig_tiny,cifar10,1000.0,12,_vig_blocks.11,0.668318
5,7,9,vig_tiny,cifar10,1000.0,13,classifier,0.592281
5,8,9,vig_tiny,cifar10,1000.0,0,_vig_stem,0.894595
5,8,9,vig_tiny,cifar10,1000.0,1,_vig_blocks.0,0.848652
5,8,9,vig_tiny,cifar10,1000.0,2,_vig_blocks.1,0.851565
5,8,9,vig_tiny,cifar10,1000.0,3,_vig_blocks.2,0.830527
5,8,9,vig_tiny,cifar10,1000.0,4,_vig_blocks.3,0.822706
5,8,9,vig_tiny,cifar10,1000.0,5,_vig_blocks.4,0.822877
5,8,9,vig_tiny,cifar10,1000.0,6,_vig_blocks.5,0.828841
5,8,9,vig_tiny,cifar10,1000.0,7,_vig_blocks.6,0.808435
5,8,9,vig_tiny,cifar10,1000.0,8,_vig_blocks.7,0.805696
5,8,9,vig_tiny,cifar10,1000.0,9,_vig_blocks.8,0.794906
5,8,9,vig_tiny,cifar10,1000.0,10,_vig_blocks.9,0.792656
5,8,9,vig_tiny,cifar10,1000.0,11,_vig_blocks.10,0.783234
5,8,9,vig_tiny,cifar10,1000.0,12,_vig_blocks.11,0.783035
5,8,9,vig_tiny,cifar10,1000.0,13,classifier,0.842018
10,0,1,vig_tiny,cifar10,1000.0,0,_vig_stem,0.884539
10,0,1,vig_tiny,cifar10,1000.0,1,_vig_blocks.0,0.819871
10,0,1,vig_tiny,cifar10,1000.0,2,_vig_blocks.1,0.809262
10,0,1,vig_tiny,cifar10,1000.0,3,_vig_blocks.2,0.819981
10,0,1,vig_tiny,cifar10,1000.0,4,_vig_blocks.3,0.811299
10,0,1,vig_tiny,cifar10,1000.0,5,_vig_blocks.4,0.808034
10,0,1,vig_tiny,cifar10,1000.0,6,_vig_blocks.5,0.812906
10,0,1,vig_tiny,cifar10,1000.0,7,_vig_blocks.6,0.802856
10,0,1,vig_tiny,cifar10,1000.0,8,_vig_blocks.7,0.789205
10,0,1,vig_tiny,cifar10,1000.0,9,_vig_blocks.8,0.769319
10,0,1,vig_tiny,cifar10,1000.0,10,_vig_blocks.9,0.745974
10,0,1,vig_tiny,cifar10,1000.0,11,_vig_blocks.10,0.716086
10,0,1,vig_tiny,cifar10,1000.0,12,_vig_blocks.11,0.689707
10,0,1,vig_tiny,cifar10,1000.0,13,classifier,0.646390
10,0,2,vig_tiny,cifar10,1000.0,0,_vig_stem,0.854222
10,0,2,vig_tiny,cifar10,1000.0,1,_vig_blocks.0,0.788471
10,0,2,vig_tiny,cifar10,1000.0,2,_vig_blocks.1,0.782895
10,0,2,vig_tiny,cifar10,1000.0,3,_vig_blocks.2,0.771114
10,0,2,vig_tiny,cifar10,1000.0,4,_vig_blocks.3,0.765795
10,0,2,vig_tiny,cifar10,1000.0,5,_vig_blocks.4,0.767474
10,0,2,vig_tiny,cifar10,1000.0,6,_vig_blocks.5,0.770921
10,0,2,vig_tiny,cifar10,1000.0,7,_vig_blocks.6,0.774785
10,0,2,vig_tiny,cifar10,1000.0,8,_vig_blocks.7,0.775564
10,0,2,vig_tiny,cifar10,1000.0,9,_vig_blocks.8,0.762392
10,0,2,vig_tiny,cifar10,1000.0,10,_vig_blocks.9,0.742804
10,0,2,vig_tiny,cifar10,1000.0,11,_vig_blocks.10,0.729229
10,0,2,vig_tiny,cifar10,1000.0,12,_vig_blocks.11,0.704592
10,0,2,vig_tiny,cifar10,1000.0,13,classifier,0.743746
10,0,3,vig_tiny,cifar10,1000.0,0,_vig_stem,0.879400
10,0,3,vig_tiny,cifar10,1000.0,1,_vig_blocks.0,0.793462
10,0,3,vig_tiny,cifar10,1000.0,2,_vig_blocks.1,0.786864
10,0,3,vig_tiny,cifar10,1000.0,3,_vig_blocks.2,0.794760
10,0,3,vig_tiny,cifar10,1000.0,4,_vig_blocks.3,0.809752
10,0,3,vig_tiny,cifar10,1000.0,5,_vig_blocks.4,0.824685
10,0,3,vig_tiny,cifar10,1000.0,6,_vig_blocks.5,0.837610
10,0,3,vig_tiny,cifar10,1000.0,7,_vig_blocks.6,0.838492
10,0,3,vig_tiny,cifar10,1000.0,8,_vig_blocks.7,0.822987
10,0,3,vig_tiny,cifar10,1000.0,9,_vig_blocks.8,0.796734
10,0,3,vig_tiny,cifar10,1000.0,10,_vig_blocks.9,0.764411
10,0,3,vig_tiny,cifar10,1000.0,11,_vig_blocks.10,0.730354
10,0,3,vig_tiny,cifar10,1000.0,12,_vig_blocks.11,0.714988
10,0,3,vig_tiny,cifar10,1000.0,13,classifier,0.742562
10,0,4,vig_tiny,cifar10,1000.0,0,_vig_stem,0.875109
10,0,4,vig_tiny,cifar10,1000.0,1,_vig_blocks.0,0.822458
10,0,4,vig_tiny,cifar10,1000.0,2,_vig_blocks.1,0.824128
10,0,4,vig_tiny,cifar10,1000.0,3,_vig_blocks.2,0.828475
10,0,4,vig_tiny,cifar10,1000.0,4,_vig_blocks.3,0.843222
10,0,4,vig_tiny,cifar10,1000.0,5,_vig_blocks.4,0.841892
10,0,4,vig_tiny,cifar10,1000.0,6,_vig_blocks.5,0.845264
10,0,4,vig_tiny,cifar10,1000.0,7,_vig_blocks.6,0.850092
10,0,4,vig_tiny,cifar10,1000.0,8,_vig_blocks.7,0.831351
10,0,4,vig_tiny,cifar10,1000.0,9,_vig_blocks.8,0.809956
10,0,4,vig_tiny,cifar10,1000.0,10,_vig_blocks.9,0.783400
10,0,4,vig_tiny,cifar10,1000.0,11,_vig_blocks.10,0.748307
10,0,4,vig_tiny,cifar10,1000.0,12,_vig_blocks.11,0.709539
10,0,4,vig_tiny,cifar10,1000.0,13,classifier,0.703249
10,0,5,vig_tiny,cifar10,1000.0,0,_vig_stem,0.937268
10,0,5,vig_tiny,cifar10,1000.0,1,_vig_blocks.0,0.868606
10,0,5,vig_tiny,cifar10,1000.0,2,_vig_blocks.1,0.850745
10,0,5,vig_tiny,cifar10,1000.0,3,_vig_blocks.2,0.850336
10,0,5,vig_tiny,cifar10,1000.0,4,_vig_blocks.3,0.852099
10,0,5,vig_tiny,cifar10,1000.0,5,_vig_blocks.4,0.846249
10,0,5,vig_tiny,cifar10,1000.0,6,_vig_blocks.5,0.841425
10,0,5,vig_tiny,cifar10,1000.0,7,_vig_blocks.6,0.839228
10,0,5,vig_tiny,cifar10,1000.0,8,_vig_blocks.7,0.823608
10,0,5,vig_tiny,cifar10,1000.0,9,_vig_blocks.8,0.798073
10,0,5,vig_tiny,cifar10,1000.0,10,_vig_blocks.9,0.767528
10,0,5,vig_tiny,cifar10,1000.0,11,_vig_blocks.10,0.739473
10,0,5,vig_tiny,cifar10,1000.0,12,_vig_blocks.11,0.721946
10,0,5,vig_tiny,cifar10,1000.0,13,classifier,0.729946
10,0,6,vig_tiny,cifar10,1000.0,0,_vig_stem,0.911803
10,0,6,vig_tiny,cifar10,1000.0,1,_vig_blocks.0,0.868404
10,0,6,vig_tiny,cifar10,1000.0,2,_vig_blocks.1,0.856736
10,0,6,vig_tiny,cifar10,1000.0,3,_vig_blocks.2,0.862209
10,0,6,vig_tiny,cifar10,1000.0,4,_vig_blocks.3,0.867466
10,0,6,vig_tiny,cifar10,1000.0,5,_vig_blocks.4,0.883419
10,0,6,vig_tiny,cifar10,1000.0,6,_vig_blocks.5,0.889995
10,0,6,vig_tiny,cifar10,1000.0,7,_vig_blocks.6,0.882990
10,0,6,vig_tiny,cifar10,1000.0,8,_vig_blocks.7,0.873087
10,0,6,vig_tiny,cifar10,1000.0,9,_vig_blocks.8,0.864615
10,0,6,vig_tiny,cifar10,1000.0,10,_vig_blocks.9,0.832938
10,0,6,vig_tiny,cifar10,1000.0,11,_vig_blocks.10,0.804259
10,0,6,vig_tiny,cifar10,1000.0,12,_vig_blocks.11,0.777324
10,0,6,vig_tiny,cifar10,1000.0,13,classifier,0.795906
10,0,7,vig_tiny,cifar10,1000.0,0,_vig_stem,0.914717
10,0,7,vig_tiny,cifar10,1000.0,1,_vig_blocks.0,0.850407
10,0,7,vig_tiny,cifar10,1000.0,2,_vig_blocks.1,0.835372
10,0,7,vig_tiny,cifar10,1000.0,3,_vig_blocks.2,0.849235
10,0,7,vig_tiny,cifar10,1000.0,4,_vig_blocks.3,0.854999
10,0,7,vig_tiny,cifar10,1000.0,5,_vig_blocks.4,0.863616
10,0,7,vig_tiny,cifar10,1000.0,6,_vig_blocks.5,0.861880
10,0,7,vig_tiny,cifar10,1000.0,7,_vig_blocks.6,0.863478
10,0,7,vig_tiny,cifar10,1000.0,8,_vig_blocks.7,0.846378
10,0,7,vig_tiny,cifar10,1000.0,9,_vig_blocks.8,0.823691
10,0,7,vig_tiny,cifar10,1000.0,10,_vig_blocks.9,0.789597
10,0,7,vig_tiny,cifar10,1000.0,11,_vig_blocks.10,0.742208
10,0,7,vig_tiny,cifar10,1000.0,12,_vig_blocks.11,0.700527
10,0,7,vig_tiny,cifar10,1000.0,13,classifier,0.640520
10,0,8,vig_tiny,cifar10,1000.0,0,_vig_stem,0.868904
10,0,8,vig_tiny,cifar10,1000.0,1,_vig_blocks.0,0.840368
10,0,8,vig_tiny,cifar10,1000.0,2,_vig_blocks.1,0.825340
10,0,8,vig_tiny,cifar10,1000.0,3,_vig_blocks.2,0.821070
10,0,8,vig_tiny,cifar10,1000.0,4,_vig_blocks.3,0.832334
10,0,8,vig_tiny,cifar10,1000.0,5,_vig_blocks.4,0.826160
10,0,8,vig_tiny,cifar10,1000.0,6,_vig_blocks.5,0.835491
10,0,8,vig_tiny,cifar10,1000.0,7,_vig_blocks.6,0.827475
10,0,8,vig_tiny,cifar10,1000.0,8,_vig_blocks.7,0.806772
10,0,8,vig_tiny,cifar10,1000.0,9,_vig_blocks.8,0.788698
10,0,8,vig_tiny,cifar10,1000.0,10,_vig_blocks.9,0.772619
10,0,8,vig_tiny,cifar10,1000.0,11,_vig_blocks.10,0.740114
10,0,8,vig_tiny,cifar10,1000.0,12,_vig_blocks.11,0.724532
10,0,8,vig_tiny,cifar10,1000.0,13,classifier,0.728899
10,0,9,vig_tiny,cifar10,1000.0,0,_vig_stem,0.891450
10,0,9,vig_tiny,cifar10,1000.0,1,_vig_blocks.0,0.866776
10,0,9,vig_tiny,cifar10,1000.0,2,_vig_blocks.1,0.841670
10,0,9,vig_tiny,cifar10,1000.0,3,_vig_blocks.2,0.861751
10,0,9,vig_tiny,cifar10,1000.0,4,_vig_blocks.3,0.864337
10,0,9,vig_tiny,cifar10,1000.0,5,_vig_blocks.4,0.871906
10,0,9,vig_tiny,cifar10,1000.0,6,_vig_blocks.5,0.865465
10,0,9,vig_tiny,cifar10,1000.0,7,_vig_blocks.6,0.857501
10,0,9,vig_tiny,cifar10,1000.0,8,_vig_blocks.7,0.844656
10,0,9,vig_tiny,cifar10,1000.0,9,_vig_blocks.8,0.830373
10,0,9,vig_tiny,cifar10,1000.0,10,_vig_blocks.9,0.800997
10,0,9,vig_tiny,cifar10,1000.0,11,_vig_blocks.10,0.772015
10,0,9,vig_tiny,cifar10,1000.0,12,_vig_blocks.11,0.736400
10,0,9,vig_tiny,cifar10,1000.0,13,classifier,0.758108
10,1,2,vig_tiny,cifar10,1000.0,0,_vig_stem,0.893444
10,1,2,vig_tiny,cifar10,1000.0,1,_vig_blocks.0,0.783117
10,1,2,vig_tiny,cifar10,1000.0,2,_vig_blocks.1,0.738794
10,1,2,vig_tiny,cifar10,1000.0,3,_vig_blocks.2,0.743542
10,1,2,vig_tiny,cifar10,1000.0,4,_vig_blocks.3,0.713336
10,1,2,vig_tiny,cifar10,1000.0,5,_vig_blocks.4,0.716287
10,1,2,vig_tiny,cifar10,1000.0,6,_vig_blocks.5,0.723852
10,1,2,vig_tiny,cifar10,1000.0,7,_vig_blocks.6,0.729066
10,1,2,vig_tiny,cifar10,1000.0,8,_vig_blocks.7,0.722751
10,1,2,vig_tiny,cifar10,1000.0,9,_vig_blocks.8,0.714211
10,1,2,vig_tiny,cifar10,1000.0,10,_vig_blocks.9,0.708553
10,1,2,vig_tiny,cifar10,1000.0,11,_vig_blocks.10,0.695926
10,1,2,vig_tiny,cifar10,1000.0,12,_vig_blocks.11,0.681280
10,1,2,vig_tiny,cifar10,1000.0,13,classifier,0.669747
10,1,3,vig_tiny,cifar10,1000.0,0,_vig_stem,0.908056
10,1,3,vig_tiny,cifar10,1000.0,1,_vig_blocks.0,0.811254
10,1,3,vig_tiny,cifar10,1000.0,2,_vig_blocks.1,0.795831
10,1,3,vig_tiny,cifar10,1000.0,3,_vig_blocks.2,0.788485
10,1,3,vig_tiny,cifar10,1000.0,4,_vig_blocks.3,0.789753
10,1,3,vig_tiny,cifar10,1000.0,5,_vig_blocks.4,0.781795
10,1,3,vig_tiny,cifar10,1000.0,6,_vig_blocks.5,0.782969
10,1,3,vig_tiny,cifar10,1000.0,7,_vig_blocks.6,0.783462
10,1,3,vig_tiny,cifar10,1000.0,8,_vig_blocks.7,0.763535
10,1,3,vig_tiny,cifar10,1000.0,9,_vig_blocks.8,0.746839
10,1,3,vig_tiny,cifar10,1000.0,10,_vig_blocks.9,0.720785
10,1,3,vig_tiny,cifar10,1000.0,11,_vig_blocks.10,0.685452
10,1,3,vig_tiny,cifar10,1000.0,12,_vig_blocks.11,0.673491
10,1,3,vig_tiny,cifar10,1000.0,13,classifier,0.669866
10,1,4,vig_tiny,cifar10,1000.0,0,_vig_stem,0.891377
10,1,4,vig_tiny,cifar10,1000.0,1,_vig_blocks.0,0.799407
10,1,4,vig_tiny,cifar10,1000.0,2,_vig_blocks.1,0.765175
10,1,4,vig_tiny,cifar10,1000.0,3,_vig_blocks.2,0.780952
10,1,4,vig_tiny,cifar10,1000.0,4,_vig_blocks.3,0.776267
10,1,4,vig_tiny,cifar10,1000.0,5,_vig_blocks.4,0.781949
10,1,4,vig_tiny,cifar10,1000.0,6,_vig_blocks.5,0.765211
10,1,4,vig_tiny,cifar10,1000.0,7,_vig_blocks.6,0.770737
10,1,4,vig_tiny,cifar10,1000.0,8,_vig_blocks.7,0.747505
10,1,4,vig_tiny,cifar10,1000.0,9,_vig_blocks.8,0.736716
10,1,4,vig_tiny,cifar10,1000.0,10,_vig_blocks.9,0.713025
10,1,4,vig_tiny,cifar10,1000.0,11,_vig_blocks.10,0.700603
10,1,4,vig_tiny,cifar10,1000.0,12,_vig_blocks.11,0.687437
10,1,4,vig_tiny,cifar10,1000.0,13,classifier,0.680126
10,1,5,vig_tiny,cifar10,1000.0,0,_vig_stem,0.916395
10,1,5,vig_tiny,cifar10,1000.0,1,_vig_blocks.0,0.842988
10,1,5,vig_tiny,cifar10,1000.0,2,_vig_blocks.1,0.820883
10,1,5,vig_tiny,cifar10,1000.0,3,_vig_blocks.2,0.813576
10,1,5,vig_tiny,cifar10,1000.0,4,_vig_blocks.3,0.807655
10,1,5,vig_tiny,cifar10,1000.0,5,_vig_blocks.4,0.794019
10,1,5,vig_tiny,cifar10,1000.0,6,_vig_blocks.5,0.796942
10,1,5,vig_tiny,cifar10,1000.0,7,_vig_blocks.6,0.800442
10,1,5,vig_tiny,cifar10,1000.0,8,_vig_blocks.7,0.777657
10,1,5,vig_tiny,cifar10,1000.0,9,_vig_blocks.8,0.761373
10,1,5,vig_tiny,cifar10,1000.0,10,_vig_blocks.9,0.730841
10,1,5,vig_tiny,cifar10,1000.0,11,_vig_blocks.10,0.709115
10,1,5,vig_tiny,cifar10,1000.0,12,_vig_blocks.11,0.695899
10,1,5,vig_tiny,cifar10,1000.0,13,classifier,0.686817
10,1,6,vig_tiny,cifar10,1000.0,0,_vig_stem,0.913792
10,1,6,vig_tiny,cifar10,1000.0,1,_vig_blocks.0,0.842275
10,1,6,vig_tiny,cifar10,1000.0,2,_vig_blocks.1,0.831999
10,1,6,vig_tiny,cifar10,1000.0,3,_vig_blocks.2,0.831971
10,1,6,vig_tiny,cifar10,1000.0,4,_vig_blocks.3,0.820695
10,1,6,vig_tiny,cifar10,1000.0,5,_vig_blocks.4,0.811694
10,1,6,vig_tiny,cifar10,1000.0,6,_vig_blocks.5,0.809281
10,1,6,vig_tiny,cifar10,1000.0,7,_vig_blocks.6,0.797557
10,1,6,vig_tiny,cifar10,1000.0,8,_vig_blocks.7,0.781383
10,1,6,vig_tiny,cifar10,1000.0,9,_vig_blocks.8,0.765715
10,1,6,vig_tiny,cifar10,1000.0,10,_vig_blocks.9,0.756437
10,1,6,vig_tiny,cifar10,1000.0,11,_vig_blocks.10,0.721057
10,1,6,vig_tiny,cifar10,1000.0,12,_vig_blocks.11,0.691144
10,1,6,vig_tiny,cifar10,1000.0,13,classifier,0.659857
10,1,7,vig_tiny,cifar10,1000.0,0,_vig_stem,0.910624
10,1,7,vig_tiny,cifar10,1000.0,1,_vig_blocks.0,0.816337
10,1,7,vig_tiny,cifar10,1000.0,2,_vig_blocks.1,0.776789
10,1,7,vig_tiny,cifar10,1000.0,3,_vig_blocks.2,0.788849
10,1,7,vig_tiny,cifar10,1000.0,4,_vig_blocks.3,0.779045
10,1,7,vig_tiny,cifar10,1000.0,5,_vig_blocks.4,0.778171
10,1,7,vig_tiny,cifar10,1000.0,6,_vig_blocks.5,0.753659
10,1,7,vig_tiny,cifar10,1000.0,7,_vig_blocks.6,0.754586
10,1,7,vig_tiny,cifar10,1000.0,8,_vig_blocks.7,0.738293
10,1,7,vig_tiny,cifar10,1000.0,9,_vig_blocks.8,0.725191
10,1,7,vig_tiny,cifar10,1000.0,10,_vig_blocks.9,0.711133
10,1,7,vig_tiny,cifar10,1000.0,11,_vig_blocks.10,0.684682
10,1,7,vig_tiny,cifar10,1000.0,12,_vig_blocks.11,0.664057
10,1,7,vig_tiny,cifar10,1000.0,13,classifier,0.683114
10,1,8,vig_tiny,cifar10,1000.0,0,_vig_stem,0.922904
10,1,8,vig_tiny,cifar10,1000.0,1,_vig_blocks.0,0.845711
10,1,8,vig_tiny,cifar10,1000.0,2,_vig_blocks.1,0.843621
10,1,8,vig_tiny,cifar10,1000.0,3,_vig_blocks.2,0.846937
10,1,8,vig_tiny,cifar10,1000.0,4,_vig_blocks.3,0.837379
10,1,8,vig_tiny,cifar10,1000.0,5,_vig_blocks.4,0.823968
10,1,8,vig_tiny,cifar10,1000.0,6,_vig_blocks.5,0.825169
10,1,8,vig_tiny,cifar10,1000.0,7,_vig_blocks.6,0.818669
10,1,8,vig_tiny,cifar10,1000.0,8,_vig_blocks.7,0.795526
10,1,8,vig_tiny,cifar10,1000.0,9,_vig_blocks.8,0.772113
10,1,8,vig_tiny,cifar10,1000.0,10,_vig_blocks.9,0.755651
10,1,8,vig_tiny,cifar10,1000.0,11,_vig_blocks.10,0.722204
10,1,8,vig_tiny,cifar10,1000.0,12,_vig_blocks.11,0.696572
10,1,8,vig_tiny,cifar10,1000.0,13,classifier,0.667731
10,1,9,vig_tiny,cifar10,1000.0,0,_vig_stem,0.917584
10,1,9,vig_tiny,cifar10,1000.0,1,_vig_blocks.0,0.841885
10,1,9,vig_tiny,cifar10,1000.0,2,_vig_blocks.1,0.820129
10,1,9,vig_tiny,cifar10,1000.0,3,_vig_blocks.2,0.823177
10,1,9,vig_tiny,cifar10,1000.0,4,_vig_blocks.3,0.812210
10,1,9,vig_tiny,cifar10,1000.0,5,_vig_blocks.4,0.793605
10,1,9,vig_tiny,cifar10,1000.0,6,_vig_blocks.5,0.800706
10,1,9,vig_tiny,cifar10,1000.0,7,_vig_blocks.6,0.798662
10,1,9,vig_tiny,cifar10,1000.0,8,_vig_blocks.7,0.780158
10,1,9,vig_tiny,cifar10,1000.0,9,_vig_blocks.8,0.760799
10,1,9,vig_tiny,cifar10,1000.0,10,_vig_blocks.9,0.745948
10,1,9,vig_tiny,cifar10,1000.0,11,_vig_blocks.10,0.715337
10,1,9,vig_tiny,cifar10,1000.0,12,_vig_blocks.11,0.697288
10,1,9,vig_tiny,cifar10,1000.0,13,classifier,0.720798
10,2,3,vig_tiny,cifar10,1000.0,0,_vig_stem,0.869796
10,2,3,vig_tiny,cifar10,1000.0,1,_vig_blocks.0,0.763059
10,2,3,vig_tiny,cifar10,1000.0,2,_vig_blocks.1,0.739562
10,2,3,vig_tiny,cifar10,1000.0,3,_vig_blocks.2,0.735294
10,2,3,vig_tiny,cifar10,1000.0,4,_vig_blocks.3,0.749216
10,2,3,vig_tiny,cifar10,1000.0,5,_vig_blocks.4,0.775544
10,2,3,vig_tiny,cifar10,1000.0,6,_vig_blocks.5,0.786246
10,2,3,vig_tiny,cifar10,1000.0,7,_vig_blocks.6,0.790824
10,2,3,vig_tiny,cifar10,1000.0,8,_vig_blocks.7,0.794000
10,2,3,vig_tiny,cifar10,1000.0,9,_vig_blocks.8,0.768814
10,2,3,vig_tiny,cifar10,1000.0,10,_vig_blocks.9,0.736330
10,2,3,vig_tiny,cifar10,1000.0,11,_vig_blocks.10,0.710721
10,2,3,vig_tiny,cifar10,1000.0,12,_vig_blocks.11,0.710149
10,2,3,vig_tiny,cifar10,1000.0,13,classifier,0.786884
10,2,4,vig_tiny,cifar10,1000.0,0,_vig_stem,0.891735
10,2,4,vig_tiny,cifar10,1000.0,1,_vig_blocks.0,0.811723
10,2,4,vig_tiny,cifar10,1000.0,2,_vig_blocks.1,0.776585
10,2,4,vig_tiny,cifar10,1000.0,3,_vig_blocks.2,0.764205
10,2,4,vig_tiny,cifar10,1000.0,4,_vig_blocks.3,0.766260
10,2,4,vig_tiny,cifar10,1000.0,5,_vig_blocks.4,0.763838
10,2,4,vig_tiny,cifar10,1000.0,6,_vig_blocks.5,0.758149
10,2,4,vig_tiny,cifar10,1000.0,7,_vig_blocks.6,0.763215
10,2,4,vig_tiny,cifar10,1000.0,8,_vig_blocks.7,0.764613
10,2,4,vig_tiny,cifar10,1000.0,9,_vig_blocks.8,0.749025
10,2,4,vig_tiny,cifar10,1000.0,10,_vig_blocks.9,0.728770
10,2,4,vig_tiny,cifar10,1000.0,11,_vig_blocks.10,0.726709
10,2,4,vig_tiny,cifar10,1000.0,12,_vig_blocks.11,0.719488
10,2,4,vig_tiny,cifar10,1000.0,13,classifier,0.690127
10,2,5,vig_tiny,cifar10,1000.0,0,_vig_stem,0.854943
10,2,5,vig_tiny,cifar10,1000.0,1,_vig_blocks.0,0.726781
10,2,5,vig_tiny,cifar10,1000.0,2,_vig_blocks.1,0.718239
10,2,5,vig_tiny,cifar10,1000.0,3,_vig_blocks.2,0.713480
10,2,5,vig_tiny,cifar10,1000.0,4,_vig_blocks.3,0.724480
10,2,5,vig_tiny,cifar10,1000.0,5,_vig_blocks.4,0.737687
10,2,5,vig_tiny,cifar10,1000.0,6,_vig_blocks.5,0.740986
10,2,5,vig_tiny,cifar10,1000.0,7,_vig_blocks.6,0.744656
10,2,5,vig_tiny,cifar10,1000.0,8,_vig_blocks.7,0.735277
10,2,5,vig_tiny,cifar10,1000.0,9,_vig_blocks.8,0.716436
10,2,5,vig_tiny,cifar10,1000.0,10,_vig_blocks.9,0.695787
10,2,5,vig_tiny,cifar10,1000.0,11,_vig_blocks.10,0.684361
10,2,5,vig_tiny,cifar10,1000.0,12,_vig_blocks.11,0.671371
10,2,5,vig_tiny,cifar10,1000.0,13,classifier,0.723299
10,2,6,vig_tiny,cifar10,1000.0,0,_vig_stem,0.864128
10,2,6,vig_tiny,cifar10,1000.0,1,_vig_blocks.0,0.786828
10,2,6,vig_tiny,cifar10,1000.0,2,_vig_blocks.1,0.795432
10,2,6,vig_tiny,cifar10,1000.0,3,_vig_blocks.2,0.788754
10,2,6,vig_tiny,cifar10,1000.0,4,_vig_blocks.3,0.787842
10,2,6,vig_tiny,cifar10,1000.0,5,_vig_blocks.4,0.788346
10,2,6,vig_tiny,cifar10,1000.0,6,_vig_blocks.5,0.788234
10,2,6,vig_tiny,cifar10,1000.0,7,_vig_blocks.6,0.793223
10,2,6,vig_tiny,cifar10,1000.0,8,_vig_blocks.7,0.792479
10,2,6,vig_tiny,cifar10,1000.0,9,_vig_blocks.8,0.778835
10,2,6,vig_tiny,cifar10,1000.0,10,_vig_blocks.9,0.762647
10,2,6,vig_tiny,cifar10,1000.0,11,_vig_blocks.10,0.752764
10,2,6,vig_tiny,cifar10,1000.0,12,_vig_blocks.11,0.732998
10,2,6,vig_tiny,cifar10,1000.0,13,classifier,0.768598
10,2,7,vig_tiny,cifar10,1000.0,0,_vig_stem,0.870091
10,2,7,vig_tiny,cifar10,1000.0,1,_vig_blocks.0,0.788551
10,2,7,vig_tiny,cifar10,1000.0,2,_vig_blocks.1,0.772500
10,2,7,vig_tiny,cifar10,1000.0,3,_vig_blocks.2,0.764856
10,2,7,vig_tiny,cifar10,1000.0,4,_vig_blocks.3,0.770501
10,2,7,vig_tiny,cifar10,1000.0,5,_vig_blocks.4,0.778324
10,2,7,vig_tiny,cifar10,1000.0,6,_vig_blocks.5,0.784797
10,2,7,vig_tiny,cifar10,1000.0,7,_vig_blocks.6,0.791452
10,2,7,vig_tiny,cifar10,1000.0,8,_vig_blocks.7,0.788004
10,2,7,vig_tiny,cifar10,1000.0,9,_vig_blocks.8,0.770175
10,2,7,vig_tiny,cifar10,1000.0,10,_vig_blocks.9,0.744827
10,2,7,vig_tiny,cifar10,1000.0,11,_vig_blocks.10,0.719602
10,2,7,vig_tiny,cifar10,1000.0,12,_vig_blocks.11,0.697346
10,2,7,vig_tiny,cifar10,1000.0,13,classifier,0.670005
10,2,8,vig_tiny,cifar10,1000.0,0,_vig_stem,0.910279
10,2,8,vig_tiny,cifar10,1000.0,1,_vig_blocks.0,0.825743
10,2,8,vig_tiny,cifar10,1000.0,2,_vig_blocks.1,0.792861
10,2,8,vig_tiny,cifar10,1000.0,3,_vig_blocks.2,0.785608
10,2,8,vig_tiny,cifar10,1000.0,4,_vig_blocks.3,0.788022
10,2,8,vig_tiny,cifar10,1000.0,5,_vig_blocks.4,0.786690
10,2,8,vig_tiny,cifar10,1000.0,6,_vig_blocks.5,0.788155
10,2,8,vig_tiny,cifar10,1000.0,7,_vig_blocks.6,0.793210
10,2,8,vig_tiny,cifar10,1000.0,8,_vig_blocks.7,0.798994
10,2,8,vig_tiny,cifar10,1000.0,9,_vig_blocks.8,0.779414
10,2,8,vig_tiny,cifar10,1000.0,10,_vig_blocks.9,0.760461
10,2,8,vig_tiny,cifar10,1000.0,11,_vig_blocks.10,0.742357
10,2,8,vig_tiny,cifar10,1000.0,12,_vig_blocks.11,0.730743
10,2,8,vig_tiny,cifar10,1000.0,13,classifier,0.754404
10,2,9,vig_tiny,cifar10,1000.0,0,_vig_stem,0.906212
10,2,9,vig_tiny,cifar10,1000.0,1,_vig_blocks.0,0.855716
10,2,9,vig_tiny,cifar10,1000.0,2,_vig_blocks.1,0.841668
10,2,9,vig_tiny,cifar10,1000.0,3,_vig_blocks.2,0.831799
10,2,9,vig_tiny,cifar10,1000.0,4,_vig_blocks.3,0.817671
10,2,9,vig_tiny,cifar10,1000.0,5,_vig_blocks.4,0.832624
10,2,9,vig_tiny,cifar10,1000.0,6,_vig_blocks.5,0.832847
10,2,9,vig_tiny,cifar10,1000.0,7,_vig_blocks.6,0.832683
10,2,9,vig_tiny,cifar10,1000.0,8,_vig_blocks.7,0.822939
10,2,9,vig_tiny,cifar10,1000.0,9,_vig_blocks.8,0.799374
10,2,9,vig_tiny,cifar10,1000.0,10,_vig_blocks.9,0.785901
10,2,9,vig_tiny,cifar10,1000.0,11,_vig_blocks.10,0.759364
10,2,9,vig_tiny,cifar10,1000.0,12,_vig_blocks.11,0.741799
10,2,9,vig_tiny,cifar10,1000.0,13,classifier,0.772924
10,3,4,vig_tiny,cifar10,1000.0,0,_vig_stem,0.867610
10,3,4,vig_tiny,cifar10,1000.0,1,_vig_blocks.0,0.790176
10,3,4,vig_tiny,cifar10,1000.0,2,_vig_blocks.1,0.778633
10,3,4,vig_tiny,cifar10,1000.0,3,_vig_blocks.2,0.785615
10,3,4,vig_tiny,cifar10,1000.0,4,_vig_blocks.3,0.800818
10,3,4,vig_tiny,cifar10,1000.0,5,_vig_blocks.4,0.814921
10,3,4,vig_tiny,cifar10,1000.0,6,_vig_blocks.5,0.808306
10,3,4,vig_tiny,cifar10,1000.0,7,_vig_blocks.6,0.806231
10,3,4,vig_tiny,cifar10,1000.0,8,_vig_blocks.7,0.792132
10,3,4,vig_tiny,cifar10,1000.0,9,_vig_blocks.8,0.771058
10,3,4,vig_tiny,cifar10,1000.0,10,_vig_blocks.9,0.736937
10,3,4,vig_tiny,cifar10,1000.0,11,_vig_blocks.10,0.712600
10,3,4,vig_tiny,cifar10,1000.0,12,_vig_blocks.11,0.689331
10,3,4,vig_tiny,cifar10,1000.0,13,classifier,0.670495
10,3,5,vig_tiny,cifar10,1000.0,0,_vig_stem,0.914602
10,3,5,vig_tiny,cifar10,1000.0,1,_vig_blocks.0,0.795398
10,3,5,vig_tiny,cifar10,1000.0,2,_vig_blocks.1,0.800210
10,3,5,vig_tiny,cifar10,1000.0,3,_vig_blocks.2,0.799350
10,3,5,vig_tiny,cifar10,1000.0,4,_vig_blocks.3,0.811752
10,3,5,vig_tiny,cifar10,1000.0,5,_vig_blocks.4,0.813715
10,3,5,vig_tiny,cifar10,1000.0,6,_vig_blocks.5,0.821070
10,3,5,vig_tiny,cifar10,1000.0,7,_vig_blocks.6,0.826928
10,3,5,vig_tiny,cifar10,1000.0,8,_vig_blocks.7,0.803573
10,3,5,vig_tiny,cifar10,1000.0,9,_vig_blocks.8,0.789257
10,3,5,vig_tiny,cifar10,1000.0,10,_vig_blocks.9,0.766096
10,3,5,vig_tiny,cifar10,1000.0,11,_vig_blocks.10,0.743800
10,3,5,vig_tiny,cifar10,1000.0,12,_vig_blocks.11,0.735358
10,3,5,vig_tiny,cifar10,1000.0,13,classifier,0.749367
10,3,6,vig_tiny,cifar10,1000.0,0,_vig_stem,0.940294
10,3,6,vig_tiny,cifar10,1000.0,1,_vig_blocks.0,0.857874
10,3,6,vig_tiny,cifar10,1000.0,2,_vig_blocks.1,0.841852
10,3,6,vig_tiny,cifar10,1000.0,3,_vig_blocks.2,0.846299
10,3,6,vig_tiny,cifar10,1000.0,4,_vig_blocks.3,0.847381
10,3,6,vig_tiny,cifar10,1000.0,5,_vig_blocks.4,0.860397
10,3,6,vig_tiny,cifar10,1000.0,6,_vig_blocks.5,0.860457
10,3,6,vig_tiny,cifar10,1000.0,7,_vig_blocks.6,0.858865
10,3,6,vig_tiny,cifar10,1000.0,8,_vig_blocks.7,0.843034
10,3,6,vig_tiny,cifar10,1000.0,9,_vig_blocks.8,0.830960
10,3,6,vig_tiny,cifar10,1000.0,10,_vig_blocks.9,0.804639
10,3,6,vig_tiny,cifar10,1000.0,11,_vig_blocks.10,0.768765
10,3,6,vig_tiny,cifar10,1000.0,12,_vig_blocks.11,0.738812
10,3,6,vig_tiny,cifar10,1000.0,13,classifier,0.739589
10,3,7,vig_tiny,cifar10,1000.0,0,_vig_stem,0.931859
10,3,7,vig_tiny,cifar10,1000.0,1,_vig_blocks.0,0.799949
10,3,7,vig_tiny,cifar10,1000.0,2,_vig_blocks.1,0.788699
10,3,7,vig_tiny,cifar10,1000.0,3,_vig_blocks.2,0.797527
10,3,7,vig_tiny,cifar10,1000.0,4,_vig_blocks.3,0.806364
10,3,7,vig_tiny,cifar10,1000.0,5,_vig_blocks.4,0.817928
10,3,7,vig_tiny,cifar10,1000.0,6,_vig_blocks.5,0.821678
10,3,7,vig_tiny,cifar10,1000.0,7,_vig_blocks.6,0.821301
10,3,7,vig_tiny,cifar10,1000.0,8,_vig_blocks.7,0.803950
10,3,7,vig_tiny,cifar10,1000.0,9,_vig_blocks.8,0.785814
10,3,7,vig_tiny,cifar10,1000.0,10,_vig_blocks.9,0.767209
10,3,7,vig_tiny,cifar10,1000.0,11,_vig_blocks.10,0.736040
10,3,7,vig_tiny,cifar10,1000.0,12,_vig_blocks.11,0.724493
10,3,7,vig_tiny,cifar10,1000.0,13,classifier,0.751937
10,3,8,vig_tiny,cifar10,1000.0,0,_vig_stem,0.927048
10,3,8,vig_tiny,cifar10,1000.0,1,_vig_blocks.0,0.884903
10,3,8,vig_tiny,cifar10,1000.0,2,_vig_blocks.1,0.861493
10,3,8,vig_tiny,cifar10,1000.0,3,_vig_blocks.2,0.855224
10,3,8,vig_tiny,cifar10,1000.0,4,_vig_blocks.3,0.867374
10,3,8,vig_tiny,cifar10,1000.0,5,_vig_blocks.4,0.858722
10,3,8,vig_tiny,cifar10,1000.0,6,_vig_blocks.5,0.861036
10,3,8,vig_tiny,cifar10,1000.0,7,_vig_blocks.6,0.856653
10,3,8,vig_tiny,cifar10,1000.0,8,_vig_blocks.7,0.849845
10,3,8,vig_tiny,cifar10,1000.0,9,_vig_blocks.8,0.834631
10,3,8,vig_tiny,cifar10,1000.0,10,_vig_blocks.9,0.808777
10,3,8,vig_tiny,cifar10,1000.0,11,_vig_blocks.10,0.780574
10,3,8,vig_tiny,cifar10,1000.0,12,_vig_blocks.11,0.757629
10,3,8,vig_tiny,cifar10,1000.0,13,classifier,0.802532
10,3,9,vig_tiny,cifar10,1000.0,0,_vig_stem,0.922812
10,3,9,vig_tiny,cifar10,1000.0,1,_vig_blocks.0,0.846657
10,3,9,vig_tiny,cifar10,1000.0,2,_vig_blocks.1,0.855267
10,3,9,vig_tiny,cifar10,1000.0,3,_vig_blocks.2,0.846853
10,3,9,vig_tiny,cifar10,1000.0,4,_vig_blocks.3,0.849568
10,3,9,vig_tiny,cifar10,1000.0,5,_vig_blocks.4,0.863456
10,3,9,vig_tiny,cifar10,1000.0,6,_vig_blocks.5,0.861741
10,3,9,vig_tiny,cifar10,1000.0,7,_vig_blocks.6,0.861255
10,3,9,vig_tiny,cifar10,1000.0,8,_vig_blocks.7,0.847963
10,3,9,vig_tiny,cifar10,1000.0,9,_vig_blocks.8,0.831263
10,3,9,vig_tiny,cifar10,1000.0,10,_vig_blocks.9,0.803217
10,3,9,vig_tiny,cifar10,1000.0,11,_vig_blocks.10,0.775153
10,3,9,vig_tiny,cifar10,1000.0,12,_vig_blocks.11,0.760789
10,3,9,vig_tiny,cifar10,1000.0,13,classifier,0.810376
10,4,5,vig_tiny,cifar10,1000.0,0,_vig_stem,0.851828
10,4,5,vig_tiny,cifar10,1000.0,1,_vig_blocks.0,0.764619
10,4,5,vig_tiny,cifar10,1000.0,2,_vig_blocks.1,0.756582
10,4,5,vig_tiny,cifar10,1000.0,3,_vig_blocks.2,0.763137
10,4,5,vig_tiny,cifar10,1000.0,4,_vig_blocks.3,0.769913
10,4,5,vig_tiny,cifar10,1000.0,5,_vig_blocks.4,0.756426
10,4,5,vig_tiny,cifar10,1000.0,6,_vig_blocks.5,0.752623
10,4,5,vig_tiny,cifar10,1000.0,7,_vig_blocks.6,0.758531
10,4,5,vig_tiny,cifar10,1000.0,8,_vig_blocks.7,0.735383
10,4,5,vig_tiny,cifar10,1000.0,9,_vig_blocks.8,0.707951
10,4,5,vig_tiny,cifar10,1000.0,10,_vig_blocks.9,0.681702
10,4,5,vig_tiny,cifar10,1000.0,11,_vig_blocks.10,0.675744
10,4,5,vig_tiny,cifar10,1000.0,12,_vig_blocks.11,0.659171
10,4,5,vig_tiny,cifar10,1000.0,13,classifier,0.716421
10,4,6,vig_tiny,cifar10,1000.0,0,_vig_stem,0.875913
10,4,6,vig_tiny,cifar10,1000.0,1,_vig_blocks.0,0.822497
10,4,6,vig_tiny,cifar10,1000.0,2,_vig_blocks.1,0.833761
10,4,6,vig_tiny,cifar10,1000.0,3,_vig_blocks.2,0.833599
10,4,6,vig_tiny,cifar10,1000.0,4,_vig_blocks.3,0.841795
10,4,6,vig_tiny,cifar10,1000.0,5,_vig_blocks.4,0.841680
10,4,6,vig_tiny,cifar10,1000.0,6,_vig_blocks.5,0.833543
10,4,6,vig_tiny,cifar10,1000.0,7,_vig_blocks.6,0.833175
10,4,6,vig_tiny,cifar10,1000.0,8,_vig_blocks.7,0.812027
10,4,6,vig_tiny,cifar10,1000.0,9,_vig_blocks.8,0.790235
10,4,6,vig_tiny,cifar10,1000.0,10,_vig_blocks.9,0.762996
10,4,6,vig_tiny,cifar10,1000.0,11,_vig_blocks.10,0.743353
10,4,6,vig_tiny,cifar10,1000.0,12,_vig_blocks.11,0.713729
10,4,6,vig_tiny,cifar10,1000.0,13,classifier,0.719828
10,4,7,vig_tiny,cifar10,1000.0,0,_vig_stem,0.910607
10,4,7,vig_tiny,cifar10,1000.0,1,_vig_blocks.0,0.863130
10,4,7,vig_tiny,cifar10,1000.0,2,_vig_blocks.1,0.849979
10,4,7,vig_tiny,cifar10,1000.0,3,_vig_blocks.2,0.849953
10,4,7,vig_tiny,cifar10,1000.0,4,_vig_blocks.3,0.853272
10,4,7,vig_tiny,cifar10,1000.0,5,_vig_blocks.4,0.846339
10,4,7,vig_tiny,cifar10,1000.0,6,_vig_blocks.5,0.842192
10,4,7,vig_tiny,cifar10,1000.0,7,_vig_blocks.6,0.849570
10,4,7,vig_tiny,cifar10,1000.0,8,_vig_blocks.7,0.837187
10,4,7,vig_tiny,cifar10,1000.0,9,_vig_blocks.8,0.811628
10,4,7,vig_tiny,cifar10,1000.0,10,_vig_blocks.9,0.794186
10,4,7,vig_tiny,cifar10,1000.0,11,_vig_blocks.10,0.767666
10,4,7,vig_tiny,cifar10,1000.0,12,_vig_blocks.11,0.751152
10,4,7,vig_tiny,cifar10,1000.0,13,classifier,0.712209
10,4,8,vig_tiny,cifar10,1000.0,0,_vig_stem,0.895593
10,4,8,vig_tiny,cifar10,1000.0,1,_vig_blocks.0,0.837703
10,4,8,vig_tiny,cifar10,1000.0,2,_vig_blocks.1,0.802953
10,4,8,vig_tiny,cifar10,1000.0,3,_vig_blocks.2,0.801131
10,4,8,vig_tiny,cifar10,1000.0,4,_vig_blocks.3,0.808751
10,4,8,vig_tiny,cifar10,1000.0,5,_vig_blocks.4,0.802067
10,4,8,vig_tiny,cifar10,1000.0,6,_vig_blocks.5,0.780165
10,4,8,vig_tiny,cifar10,1000.0,7,_vig_blocks.6,0.773450
10,4,8,vig_tiny,cifar10,1000.0,8,_vig_blocks.7,0.757057
10,4,8,vig_tiny,cifar10,1000.0,9,_vig_blocks.8,0.739387
10,4,8,vig_tiny,cifar10,1000.0,10,_vig_blocks.9,0.715220
10,4,8,vig_tiny,cifar10,1000.0,11,_vig_blocks.10,0.705785
10,4,8,vig_tiny,cifar10,1000.0,12,_vig_blocks.11,0.680823
10,4,8,vig_tiny,cifar10,1000.0,13,classifier,0.707050
10,4,9,vig_tiny,cifar10,1000.0,0,_vig_stem,0.902033
10,4,9,vig_tiny,cifar10,1000.0,1,_vig_blocks.0,0.873174
10,4,9,vig_tiny,cifar10,1000.0,2,_vig_blocks.1,0.853327
10,4,9,vig_tiny,cifar10,1000.0,3,_vig_blocks.2,0.848423
10,4,9,vig_tiny,cifar10,1000.0,4,_vig_blocks.3,0.844055
10,4,9,vig_tiny,cifar10,1000.0,5,_vig_blocks.4,0.830113
10,4,9,vig_tiny,cifar10,1000.0,6,_vig_blocks.5,0.811145
10,4,9,vig_tiny,cifar10,1000.0,7,_vig_blocks.6,0.812401
10,4,9,vig_tiny,cifar10,1000.0,8,_vig_blocks.7,0.805676
10,4,9,vig_tiny,cifar10,1000.0,9,_vig_blocks.8,0.785332
10,4,9,vig_tiny,cifar10,1000.0,10,_vig_blocks.9,0.765801
10,4,9,vig_tiny,cifar10,1000.0,11,_vig_blocks.10,0.757483
10,4,9,vig_tiny,cifar10,1000.0,12,_vig_blocks.11,0.740572
10,4,9,vig_tiny,cifar10,1000.0,13,classifier,0.758312
10,5,6,vig_tiny,cifar10,1000.0,0,_vig_stem,0.924045
10,5,6,vig_tiny,cifar10,1000.0,1,_vig_blocks.0,0.879108
10,5,6,vig_tiny,cifar10,1000.0,2,_vig_blocks.1,0.856036
10,5,6,vig_tiny,cifar10,1000.0,3,_vig_blocks.2,0.841087
10,5,6,vig_tiny,cifar10,1000.0,4,_vig_blocks.3,0.848819
10,5,6,vig_tiny,cifar10,1000.0,5,_vig_blocks.4,0.836242
10,5,6,vig_tiny,cifar10,1000.0,6,_vig_blocks.5,0.834366
10,5,6,vig_tiny,cifar10,1000.0,7,_vig_blocks.6,0.829174
10,5,6,vig_tiny,cifar10,1000.0,8,_vig_blocks.7,0.815639
10,5,6,vig_tiny,cifar10,1000.0,9,_vig_blocks.8,0.799334
10,5,6,vig_tiny,cifar10,1000.0,10,_vig_blocks.9,0.771000
10,5,6,vig_tiny,cifar10,1000.0,11,_vig_blocks.10,0.753154
10,5,6,vig_tiny,cifar10,1000.0,12,_vig_blocks.11,0.735152
10,5,6,vig_tiny,cifar10,1000.0,13,classifier,0.705796
10,5,7,vig_tiny,cifar10,1000.0,0,_vig_stem,0.910750
10,5,7,vig_tiny,cifar10,1000.0,1,_vig_blocks.0,0.796774
10,5,7,vig_tiny,cifar10,1000.0,2,_vig_blocks.1,0.795525
10,5,7,vig_tiny,cifar10,1000.0,3,_vig_blocks.2,0.802304
10,5,7,vig_tiny,cifar10,1000.0,4,_vig_blocks.3,0.814544
10,5,7,vig_tiny,cifar10,1000.0,5,_vig_blocks.4,0.800500
10,5,7,vig_tiny,cifar10,1000.0,6,_vig_blocks.5,0.793099
10,5,7,vig_tiny,cifar10,1000.0,7,_vig_blocks.6,0.788213
10,5,7,vig_tiny,cifar10,1000.0,8,_vig_blocks.7,0.770820
10,5,7,vig_tiny,cifar10,1000.0,9,_vig_blocks.8,0.749451
10,5,7,vig_tiny,cifar10,1000.0,10,_vig_blocks.9,0.730828
10,5,7,vig_tiny,cifar10,1000.0,11,_vig_blocks.10,0.711313
10,5,7,vig_tiny,cifar10,1000.0,12,_vig_blocks.11,0.690395
10,5,7,vig_tiny,cifar10,1000.0,13,classifier,0.719846
10,5,8,vig_tiny,cifar10,1000.0,0,_vig_stem,0.888576
10,5,8,vig_tiny,cifar10,1000.0,1,_vig_blocks.0,0.856438
10,5,8,vig_tiny,cifar10,1000.0,2,_vig_blocks.1,0.833782
10,5,8,vig_tiny,cifar10,1000.0,3,_vig_blocks.2,0.834176
10,5,8,vig_tiny,cifar10,1000.0,4,_vig_blocks.3,0.843439
10,5,8,vig_tiny,cifar10,1000.0,5,_vig_blocks.4,0.834991
10,5,8,vig_tiny,cifar10,1000.0,6,_vig_blocks.5,0.834612
10,5,8,vig_tiny,cifar10,1000.0,7,_vig_blocks.6,0.832398
10,5,8,vig_tiny,cifar10,1000.0,8,_vig_blocks.7,0.814345
10,5,8,vig_tiny,cifar10,1000.0,9,_vig_blocks.8,0.807908
10,5,8,vig_tiny,cifar10,1000.0,10,_vig_blocks.9,0.801089
10,5,8,vig_tiny,cifar10,1000.0,11,_vig_blocks.10,0.796785
10,5,8,vig_tiny,cifar10,1000.0,12,_vig_blocks.11,0.785075
10,5,8,vig_tiny,cifar10,1000.0,13,classifier,0.817982
10,5,9,vig_tiny,cifar10,1000.0,0,_vig_stem,0.909119
10,5,9,vig_tiny,cifar10,1000.0,1,_vig_blocks.0,0.862402
10,5,9,vig_tiny,cifar10,1000.0,2,_vig_blocks.1,0.840459
10,5,9,vig_tiny,cifar10,1000.0,3,_vig_blocks.2,0.855625
10,5,9,vig_tiny,cifar10,1000.0,4,_vig_blocks.3,0.870015
10,5,9,vig_tiny,cifar10,1000.0,5,_vig_blocks.4,0.874140
10,5,9,vig_tiny,cifar10,1000.0,6,_vig_blocks.5,0.875783
10,5,9,vig_tiny,cifar10,1000.0,7,_vig_blocks.6,0.867689
10,5,9,vig_tiny,cifar10,1000.0,8,_vig_blocks.7,0.854917
10,5,9,vig_tiny,cifar10,1000.0,9,_vig_blocks.8,0.843357
10,5,9,vig_tiny,cifar10,1000.0,10,_vig_blocks.9,0.820191
10,5,9,vig_tiny,cifar10,1000.0,11,_vig_blocks.10,0.806310
10,5,9,vig_tiny,cifar10,1000.0,12,_vig_blocks.11,0.764087
10,5,9,vig_tiny,cifar10,1000.0,13,classifier,0.727508
10,6,7,vig_tiny,cifar10,1000.0,0,_vig_stem,0.944205
10,6,7,vig_tiny,cifar10,1000.0,1,_vig_blocks.0,0.870665
10,6,7,vig_tiny,cifar10,1000.0,2,_vig_blocks.1,0.870043
10,6,7,vig_tiny,cifar10,1000.0,3,_vig_blocks.2,0.870817
10,6,7,vig_tiny,cifar10,1000.0,4,_vig_blocks.3,0.878552
10,6,7,vig_tiny,cifar10,1000.0,5,_vig_blocks.4,0.875049
10,6,7,vig_tiny,cifar10,1000.0,6,_vig_blocks.5,0.866590
10,6,7,vig_tiny,cifar10,1000.0,7,_vig_blocks.6,0.861258
10,6,7,vig_tiny,cifar10,1000.0,8,_vig_blocks.7,0.844779
10,6,7,vig_tiny,cifar10,1000.0,9,_vig_blocks.8,0.824410
10,6,7,vig_tiny,cifar10,1000.0,10,_vig_blocks.9,0.798396
10,6,7,vig_tiny,cifar10,1000.0,11,_vig_blocks.10,0.757122
10,6,7,vig_tiny,cifar10,1000.0,12,_vig_blocks.11,0.718105
10,6,7,vig_tiny,cifar10,1000.0,13,classifier,0.645945
10,6,8,vig_tiny,cifar10,1000.0,0,_vig_stem,0.924513
10,6,8,vig_tiny,cifar10,1000.0,1,_vig_blocks.0,0.910022
10,6,8,vig_tiny,cifar10,1000.0,2,_vig_blocks.1,0.888595
10,6,8,vig_tiny,cifar10,1000.0,3,_vig_blocks.2,0.884394
10,6,8,vig_tiny,cifar10,1000.0,4,_vig_blocks.3,0.882511
10,6,8,vig_tiny,cifar10,1000.0,5,_vig_blocks.4,0.878177
10,6,8,vig_tiny,cifar10,1000.0,6,_vig_blocks.5,0.883994
10,6,8,vig_tiny,cifar10,1000.0,7,_vig_blocks.6,0.882182
10,6,8,vig_tiny,cifar10,1000.0,8,_vig_blocks.7,0.863486
10,6,8,vig_tiny,cifar10,1000.0,9,_vig_blocks.8,0.847970
10,6,8,vig_tiny,cifar10,1000.0,10,_vig_blocks.9,0.827983
10,6,8,vig_tiny,cifar10,1000.0,11,_vig_blocks.10,0.803690
10,6,8,vig_tiny,cifar10,1000.0,12,_vig_blocks.11,0.765807
10,6,8,vig_tiny,cifar10,1000.0,13,classifier,0.743938
10,6,9,vig_tiny,cifar10,1000.0,0,_vig_stem,0.939982
10,6,9,vig_tiny,cifar10,1000.0,1,_vig_blocks.0,0.917226
10,6,9,vig_tiny,cifar10,1000.0,2,_vig_blocks.1,0.903726
10,6,9,vig_tiny,cifar10,1000.0,3,_vig_blocks.2,0.896836
10,6,9,vig_tiny,cifar10,1000.0,4,_vig_blocks.3,0.898013
10,6,9,vig_tiny,cifar10,1000.0,5,_vig_blocks.4,0.891033
10,6,9,vig_tiny,cifar10,1000.0,6,_vig_blocks.5,0.887131
10,6,9,vig_tiny,cifar10,1000.0,7,_vig_blocks.6,0.877335
10,6,9,vig_tiny,cifar10,1000.0,8,_vig_blocks.7,0.869202
10,6,9,vig_tiny,cifar10,1000.0,9,_vig_blocks.8,0.853618
10,6,9,vig_tiny,cifar10,1000.0,10,_vig_blocks.9,0.825356
10,6,9,vig_tiny,cifar10,1000.0,11,_vig_blocks.10,0.801574
10,6,9,vig_tiny,cifar10,1000.0,12,_vig_blocks.11,0.771628
10,6,9,vig_tiny,cifar10,1000.0,13,classifier,0.777492
10,7,8,vig_tiny,cifar10,1000.0,0,_vig_stem,0.907629
10,7,8,vig_tiny,cifar10,1000.0,1,_vig_blocks.0,0.820794
10,7,8,vig_tiny,cifar10,1000.0,2,_vig_blocks.1,0.786689
10,7,8,vig_tiny,cifar10,1000.0,3,_vig_blocks.2,0.783954
10,7,8,vig_tiny,cifar10,1000.0,4,_vig_blocks.3,0.803222
10,7,8,vig_tiny,cifar10,1000.0,5,_vig_blocks.4,0.794407
10,7,8,vig_tiny,cifar10,1000.0,6,_vig_blocks.5,0.790711
10,7,8,vig_tiny,cifar10,1000.0,7,_vig_blocks.6,0.789834
10,7,8,vig_tiny,cifar10,1000.0,8,_vig_blocks.7,0.780002
10,7,8,vig_tiny,cifar10,1000.0,9,_vig_blocks.8,0.772819
10,7,8,vig_tiny,cifar10,1000.0,10,_vig_blocks.9,0.767477
10,7,8,vig_tiny,cifar10,1000.0,11,_vig_blocks.10,0.748530
10,7,8,vig_tiny,cifar10,1000.0,12,_vig_blocks.11,0.731702
10,7,8,vig_tiny,cifar10,1000.0,13,classifier,0.731921
10,7,9,vig_tiny,cifar10,1000.0,0,_vig_stem,0.922169
10,7,9,vig_tiny,cifar10,1000.0,1,_vig_blocks.0,0.882852
10,7,9,vig_tiny,cifar10,1000.0,2,_vig_blocks.1,0.862735
10,7,9,vig_tiny,cifar10,1000.0,3,_vig_blocks.2,0.871535
10,7,9,vig_tiny,cifar10,1000.0,4,_vig_blocks.3,0.863534
10,7,9,vig_tiny,cifar10,1000.0,5,_vig_blocks.4,0.861577
10,7,9,vig_tiny,cifar10,1000.0,6,_vig_blocks.5,0.847967
10,7,9,vig_tiny,cifar10,1000.0,7,_vig_blocks.6,0.849609
10,7,9,vig_tiny,cifar10,1000.0,8,_vig_blocks.7,0.837406
10,7,9,vig_tiny,cifar10,1000.0,9,_vig_blocks.8,0.823688
10,7,9,vig_tiny,cifar10,1000.0,10,_vig_blocks.9,0.808511
10,7,9,vig_tiny,cifar10,1000.0,11,_vig_blocks.10,0.779871
10,7,9,vig_tiny,cifar10,1000.0,12,_vig_blocks.11,0.749084
10,7,9,vig_tiny,cifar10,1000.0,13,classifier,0.748326
10,8,9,vig_tiny,cifar10,1000.0,0,_vig_stem,0.961733
10,8,9,vig_tiny,cifar10,1000.0,1,_vig_blocks.0,0.923348
10,8,9,vig_tiny,cifar10,1000.0,2,_vig_blocks.1,0.897494
10,8,9,vig_tiny,cifar10,1000.0,3,_vig_blocks.2,0.880940
10,8,9,vig_tiny,cifar10,1000.0,4,_vig_blocks.3,0.879648
10,8,9,vig_tiny,cifar10,1000.0,5,_vig_blocks.4,0.873017
10,8,9,vig_tiny,cifar10,1000.0,6,_vig_blocks.5,0.871067
10,8,9,vig_tiny,cifar10,1000.0,7,_vig_blocks.6,0.867400
10,8,9,vig_tiny,cifar10,1000.0,8,_vig_blocks.7,0.857634
10,8,9,vig_tiny,cifar10,1000.0,9,_vig_blocks.8,0.852055
10,8,9,vig_tiny,cifar10,1000.0,10,_vig_blocks.9,0.835361
10,8,9,vig_tiny,cifar10,1000.0,11,_vig_blocks.10,0.814351
10,8,9,vig_tiny,cifar10,1000.0,12,_vig_blocks.11,0.772946
10,8,9,vig_tiny,cifar10,1000.0,13,classifier,0.779236
20,0,1,vig_tiny,cifar10,1000.0,0,_vig_stem,0.874030
20,0,1,vig_tiny,cifar10,1000.0,1,_vig_blocks.0,0.792811
20,0,1,vig_tiny,cifar10,1000.0,2,_vig_blocks.1,0.790304
20,0,1,vig_tiny,cifar10,1000.0,3,_vig_blocks.2,0.791301
20,0,1,vig_tiny,cifar10,1000.0,4,_vig_blocks.3,0.807076
20,0,1,vig_tiny,cifar10,1000.0,5,_vig_blocks.4,0.804137
20,0,1,vig_tiny,cifar10,1000.0,6,_vig_blocks.5,0.806835
20,0,1,vig_tiny,cifar10,1000.0,7,_vig_blocks.6,0.803157
20,0,1,vig_tiny,cifar10,1000.0,8,_vig_blocks.7,0.784763
20,0,1,vig_tiny,cifar10,1000.0,9,_vig_blocks.8,0.763333
20,0,1,vig_tiny,cifar10,1000.0,10,_vig_blocks.9,0.744736
20,0,1,vig_tiny,cifar10,1000.0,11,_vig_blocks.10,0.714466
20,0,1,vig_tiny,cifar10,1000.0,12,_vig_blocks.11,0.684222
20,0,1,vig_tiny,cifar10,1000.0,13,classifier,0.701341
20,0,2,vig_tiny,cifar10,1000.0,0,_vig_stem,0.853954
20,0,2,vig_tiny,cifar10,1000.0,1,_vig_blocks.0,0.812392
20,0,2,vig_tiny,cifar10,1000.0,2,_vig_blocks.1,0.818723
20,0,2,vig_tiny,cifar10,1000.0,3,_vig_blocks.2,0.813836
20,0,2,vig_tiny,cifar10,1000.0,4,_vig_blocks.3,0.810730
20,0,2,vig_tiny,cifar10,1000.0,5,_vig_blocks.4,0.809102
20,0,2,vig_tiny,cifar10,1000.0,6,_vig_blocks.5,0.813480
20,0,2,vig_tiny,cifar10,1000.0,7,_vig_blocks.6,0.801656
20,0,2,vig_tiny,cifar10,1000.0,8,_vig_blocks.7,0.776417
20,0,2,vig_tiny,cifar10,1000.0,9,_vig_blocks.8,0.754533
20,0,2,vig_tiny,cifar10,1000.0,10,_vig_blocks.9,0.725788
20,0,2,vig_tiny,cifar10,1000.0,11,_vig_blocks.10,0.694927
20,0,2,vig_tiny,cifar10,1000.0,12,_vig_blocks.11,0.656329
20,0,2,vig_tiny,cifar10,1000.0,13,classifier,0.651401
20,0,3,vig_tiny,cifar10,1000.0,0,_vig_stem,0.870826
20,0,3,vig_tiny,cifar10,1000.0,1,_vig_blocks.0,0.796413
20,0,3,vig_tiny,cifar10,1000.0,2,_vig_blocks.1,0.786472
20,0,3,vig_tiny,cifar10,1000.0,3,_vig_blocks.2,0.782509
20,0,3,vig_tiny,cifar10,1000.0,4,_vig_blocks.3,0.787755
20,0,3,vig_tiny,cifar10,1000.0,5,_vig_blocks.4,0.807349
20,0,3,vig_tiny,cifar10,1000.0,6,_vig_blocks.5,0.812181
20,0,3,vig_tiny,cifar10,1000.0,7,_vig_blocks.6,0.810765
20,0,3,vig_tiny,cifar10,1000.0,8,_vig_blocks.7,0.800091
20,0,3,vig_tiny,cifar10,1000.0,9,_vig_blocks.8,0.788291
20,0,3,vig_tiny,cifar10,1000.0,10,_vig_blocks.9,0.767835
20,0,3,vig_tiny,cifar10,1000.0,11,_vig_blocks.10,0.744674
20,0,3,vig_tiny,cifar10,1000.0,12,_vig_blocks.11,0.706918
20,0,3,vig_tiny,cifar10,1000.0,13,classifier,0.732499
20,0,4,vig_tiny,cifar10,1000.0,0,_vig_stem,0.884890
20,0,4,vig_tiny,cifar10,1000.0,1,_vig_blocks.0,0.796203
20,0,4,vig_tiny,cifar10,1000.0,2,_vig_blocks.1,0.808690
20,0,4,vig_tiny,cifar10,1000.0,3,_vig_blocks.2,0.793445
20,0,4,vig_tiny,cifar10,1000.0,4,_vig_blocks.3,0.803021
20,0,4,vig_tiny,cifar10,1000.0,5,_vig_blocks.4,0.810886
20,0,4,vig_tiny,cifar10,1000.0,6,_vig_blocks.5,0.826364
20,0,4,vig_tiny,cifar10,1000.0,7,_vig_blocks.6,0.821293
20,0,4,vig_tiny,cifar10,1000.0,8,_vig_blocks.7,0.815044
20,0,4,vig_tiny,cifar10,1000.0,9,_vig_blocks.8,0.800348
20,0,4,vig_tiny,cifar10,1000.0,10,_vig_blocks.9,0.775954
20,0,4,vig_tiny,cifar10,1000.0,11,_vig_blocks.10,0.741900
20,0,4,vig_tiny,cifar10,1000.0,12,_vig_blocks.11,0.691984
20,0,4,vig_tiny,cifar10,1000.0,13,classifier,0.721322
20,0,5,vig_tiny,cifar10,1000.0,0,_vig_stem,0.914278
20,0,5,vig_tiny,cifar10,1000.0,1,_vig_blocks.0,0.829236
20,0,5,vig_tiny,cifar10,1000.0,2,_vig_blocks.1,0.820827
20,0,5,vig_tiny,cifar10,1000.0,3,_vig_blocks.2,0.816572
20,0,5,vig_tiny,cifar10,1000.0,4,_vig_blocks.3,0.817013
20,0,5,vig_tiny,cifar10,1000.0,5,_vig_blocks.4,0.821801
20,0,5,vig_tiny,cifar10,1000.0,6,_vig_blocks.5,0.838063
20,0,5,vig_tiny,cifar10,1000.0,7,_vig_blocks.6,0.834352
20,0,5,vig_tiny,cifar10,1000.0,8,_vig_blocks.7,0.826734
20,0,5,vig_tiny,cifar10,1000.0,9,_vig_blocks.8,0.808980
20,0,5,vig_tiny,cifar10,1000.0,10,_vig_blocks.9,0.786151
20,0,5,vig_tiny,cifar10,1000.0,11,_vig_blocks.10,0.754445
20,0,5,vig_tiny,cifar10,1000.0,12,_vig_blocks.11,0.729507
20,0,5,vig_tiny,cifar10,1000.0,13,classifier,0.749858
20,0,6,vig_tiny,cifar10,1000.0,0,_vig_stem,0.906680
20,0,6,vig_tiny,cifar10,1000.0,1,_vig_blocks.0,0.826911
20,0,6,vig_tiny,cifar10,1000.0,2,_vig_blocks.1,0.831785
20,0,6,vig_tiny,cifar10,1000.0,3,_vig_blocks.2,0.823941
20,0,6,vig_tiny,cifar10,1000.0,4,_vig_blocks.3,0.817910
20,0,6,vig_tiny,cifar10,1000.0,5,_vig_blocks.4,0.820537
20,0,6,vig_tiny,cifar10,1000.0,6,_vig_blocks.5,0.834028
20,0,6,vig_tiny,cifar10,1000.0,7,_vig_blocks.6,0.837784
20,0,6,vig_tiny,cifar10,1000.0,8,_vig_blocks.7,0.826529
20,0,6,vig_tiny,cifar10,1000.0,9,_vig_blocks.8,0.813090
20,0,6,vig_tiny,cifar10,1000.0,10,_vig_blocks.9,0.787576
20,0,6,vig_tiny,cifar10,1000.0,11,_vig_blocks.10,0.750405
20,0,6,vig_tiny,cifar10,1000.0,12,_vig_blocks.11,0.705226
20,0,6,vig_tiny,cifar10,1000.0,13,classifier,0.721834
20,0,7,vig_tiny,cifar10,1000.0,0,_vig_stem,0.888415
20,0,7,vig_tiny,cifar10,1000.0,1,_vig_blocks.0,0.805176
20,0,7,vig_tiny,cifar10,1000.0,2,_vig_blocks.1,0.815254
20,0,7,vig_tiny,cifar10,1000.0,3,_vig_blocks.2,0.821227
20,0,7,vig_tiny,cifar10,1000.0,4,_vig_blocks.3,0.819472
20,0,7,vig_tiny,cifar10,1000.0,5,_vig_blocks.4,0.827034
20,0,7,vig_tiny,cifar10,1000.0,6,_vig_blocks.5,0.842452
20,0,7,vig_tiny,cifar10,1000.0,7,_vig_blocks.6,0.843132
20,0,7,vig_tiny,cifar10,1000.0,8,_vig_blocks.7,0.831923
20,0,7,vig_tiny,cifar10,1000.0,9,_vig_blocks.8,0.805921
20,0,7,vig_tiny,cifar10,1000.0,10,_vig_blocks.9,0.776540
20,0,7,vig_tiny,cifar10,1000.0,11,_vig_blocks.10,0.747107
20,0,7,vig_tiny,cifar10,1000.0,12,_vig_blocks.11,0.705978
20,0,7,vig_tiny,cifar10,1000.0,13,classifier,0.754102
20,0,8,vig_tiny,cifar10,1000.0,0,_vig_stem,0.839040
20,0,8,vig_tiny,cifar10,1000.0,1,_vig_blocks.0,0.803798
20,0,8,vig_tiny,cifar10,1000.0,2,_vig_blocks.1,0.806989
20,0,8,vig_tiny,cifar10,1000.0,3,_vig_blocks.2,0.796299
20,0,8,vig_tiny,cifar10,1000.0,4,_vig_blocks.3,0.805027
20,0,8,vig_tiny,cifar10,1000.0,5,_vig_blocks.4,0.813150
20,0,8,vig_tiny,cifar10,1000.0,6,_vig_blocks.5,0.825488
20,0,8,vig_tiny,cifar10,1000.0,7,_vig_blocks.6,0.815889
20,0,8,vig_tiny,cifar10,1000.0,8,_vig_blocks.7,0.796190
20,0,8,vig_tiny,cifar10,1000.0,9,_vig_blocks.8,0.770662
20,0,8,vig_tiny,cifar10,1000.0,10,_vig_blocks.9,0.735877
20,0,8,vig_tiny,cifar10,1000.0,11,_vig_blocks.10,0.699948
20,0,8,vig_tiny,cifar10,1000.0,12,_vig_blocks.11,0.664622
20,0,8,vig_tiny,cifar10,1000.0,13,classifier,0.729858
20,0,9,vig_tiny,cifar10,1000.0,0,_vig_stem,0.832923
20,0,9,vig_tiny,cifar10,1000.0,1,_vig_blocks.0,0.800676
20,0,9,vig_tiny,cifar10,1000.0,2,_vig_blocks.1,0.828807
20,0,9,vig_tiny,cifar10,1000.0,3,_vig_blocks.2,0.819813
20,0,9,vig_tiny,cifar10,1000.0,4,_vig_blocks.3,0.819787
20,0,9,vig_tiny,cifar10,1000.0,5,_vig_blocks.4,0.828851
20,0,9,vig_tiny,cifar10,1000.0,6,_vig_blocks.5,0.838133
20,0,9,vig_tiny,cifar10,1000.0,7,_vig_blocks.6,0.823379
20,0,9,vig_tiny,cifar10,1000.0,8,_vig_blocks.7,0.810694
20,0,9,vig_tiny,cifar10,1000.0,9,_vig_blocks.8,0.786121
20,0,9,vig_tiny,cifar10,1000.0,10,_vig_blocks.9,0.761248
20,0,9,vig_tiny,cifar10,1000.0,11,_vig_blocks.10,0.727305
20,0,9,vig_tiny,cifar10,1000.0,12,_vig_blocks.11,0.673158
20,0,9,vig_tiny,cifar10,1000.0,13,classifier,0.645955
20,1,2,vig_tiny,cifar10,1000.0,0,_vig_stem,0.900503
20,1,2,vig_tiny,cifar10,1000.0,1,_vig_blocks.0,0.815626
20,1,2,vig_tiny,cifar10,1000.0,2,_vig_blocks.1,0.816876
20,1,2,vig_tiny,cifar10,1000.0,3,_vig_blocks.2,0.803800
20,1,2,vig_tiny,cifar10,1000.0,4,_vig_blocks.3,0.790560
20,1,2,vig_tiny,cifar10,1000.0,5,_vig_blocks.4,0.774491
20,1,2,vig_tiny,cifar10,1000.0,6,_vig_blocks.5,0.770833
20,1,2,vig_tiny,cifar10,1000.0,7,_vig_blocks.6,0.757735
20,1,2,vig_tiny,cifar10,1000.0,8,_vig_blocks.7,0.732495
20,1,2,vig_tiny,cifar10,1000.0,9,_vig_blocks.8,0.703559
20,1,2,vig_tiny,cifar10,1000.0,10,_vig_blocks.9,0.676100
20,1,2,vig_tiny,cifar10,1000.0,11,_vig_blocks.10,0.639035
20,1,2,vig_tiny,cifar10,1000.0,12,_vig_blocks.11,0.602540
20,1,2,vig_tiny,cifar10,1000.0,13,classifier,0.571805
20,1,3,vig_tiny,cifar10,1000.0,0,_vig_stem,0.919850
20,1,3,vig_tiny,cifar10,1000.0,1,_vig_blocks.0,0.808793
20,1,3,vig_tiny,cifar10,1000.0,2,_vig_blocks.1,0.814817
20,1,3,vig_tiny,cifar10,1000.0,3,_vig_blocks.2,0.812592
20,1,3,vig_tiny,cifar10,1000.0,4,_vig_blocks.3,0.828459
20,1,3,vig_tiny,cifar10,1000.0,5,_vig_blocks.4,0.826250
20,1,3,vig_tiny,cifar10,1000.0,6,_vig_blocks.5,0.822012
20,1,3,vig_tiny,cifar10,1000.0,7,_vig_blocks.6,0.814968
20,1,3,vig_tiny,cifar10,1000.0,8,_vig_blocks.7,0.793728
20,1,3,vig_tiny,cifar10,1000.0,9,_vig_blocks.8,0.768492
20,1,3,vig_tiny,cifar10,1000.0,10,_vig_blocks.9,0.732829
20,1,3,vig_tiny,cifar10,1000.0,11,_vig_blocks.10,0.697266
20,1,3,vig_tiny,cifar10,1000.0,12,_vig_blocks.11,0.671683
20,1,3,vig_tiny,cifar10,1000.0,13,classifier,0.644388
20,1,4,vig_tiny,cifar10,1000.0,0,_vig_stem,0.915297
20,1,4,vig_tiny,cifar10,1000.0,1,_vig_blocks.0,0.847524
20,1,4,vig_tiny,cifar10,1000.0,2,_vig_blocks.1,0.848806
20,1,4,vig_tiny,cifar10,1000.0,3,_vig_blocks.2,0.853858
20,1,4,vig_tiny,cifar10,1000.0,4,_vig_blocks.3,0.867313
20,1,4,vig_tiny,cifar10,1000.0,5,_vig_blocks.4,0.850051
20,1,4,vig_tiny,cifar10,1000.0,6,_vig_blocks.5,0.850080
20,1,4,vig_tiny,cifar10,1000.0,7,_vig_blocks.6,0.836724
20,1,4,vig_tiny,cifar10,1000.0,8,_vig_blocks.7,0.818587
20,1,4,vig_tiny,cifar10,1000.0,9,_vig_blocks.8,0.791461
20,1,4,vig_tiny,cifar10,1000.0,10,_vig_blocks.9,0.763976
20,1,4,vig_tiny,cifar10,1000.0,11,_vig_blocks.10,0.726047
20,1,4,vig_tiny,cifar10,1000.0,12,_vig_blocks.11,0.693409
20,1,4,vig_tiny,cifar10,1000.0,13,classifier,0.764955
20,1,5,vig_tiny,cifar10,1000.0,0,_vig_stem,0.893190
20,1,5,vig_tiny,cifar10,1000.0,1,_vig_blocks.0,0.797857
20,1,5,vig_tiny,cifar10,1000.0,2,_vig_blocks.1,0.779940
20,1,5,vig_tiny,cifar10,1000.0,3,_vig_blocks.2,0.780798
20,1,5,vig_tiny,cifar10,1000.0,4,_vig_blocks.3,0.804952
20,1,5,vig_tiny,cifar10,1000.0,5,_vig_blocks.4,0.792147
20,1,5,vig_tiny,cifar10,1000.0,6,_vig_blocks.5,0.796651
20,1,5,vig_tiny,cifar10,1000.0,7,_vig_blocks.6,0.793924
20,1,5,vig_tiny,cifar10,1000.0,8,_vig_blocks.7,0.777593
20,1,5,vig_tiny,cifar10,1000.0,9,_vig_blocks.8,0.755971
20,1,5,vig_tiny,cifar10,1000.0,10,_vig_blocks.9,0.738114
20,1,5,vig_tiny,cifar10,1000.0,11,_vig_blocks.10,0.706695
20,1,5,vig_tiny,cifar10,1000.0,12,_vig_blocks.11,0.692277
20,1,5,vig_tiny,cifar10,1000.0,13,classifier,0.756755
20,1,6,vig_tiny,cifar10,1000.0,0,_vig_stem,0.911082
20,1,6,vig_tiny,cifar10,1000.0,1,_vig_blocks.0,0.845498
20,1,6,vig_tiny,cifar10,1000.0,2,_vig_blocks.1,0.825881
20,1,6,vig_tiny,cifar10,1000.0,3,_vig_blocks.2,0.822480
20,1,6,vig_tiny,cifar10,1000.0,4,_vig_blocks.3,0.831507
20,1,6,vig_tiny,cifar10,1000.0,5,_vig_blocks.4,0.820863
20,1,6,vig_tiny,cifar10,1000.0,6,_vig_blocks.5,0.824643
20,1,6,vig_tiny,cifar10,1000.0,7,_vig_blocks.6,0.820165
20,1,6,vig_tiny,cifar10,1000.0,8,_vig_blocks.7,0.801094
20,1,6,vig_tiny,cifar10,1000.0,9,_vig_blocks.8,0.775561
20,1,6,vig_tiny,cifar10,1000.0,10,_vig_blocks.9,0.748751
20,1,6,vig_tiny,cifar10,1000.0,11,_vig_blocks.10,0.715259
20,1,6,vig_tiny,cifar10,1000.0,12,_vig_blocks.11,0.687365
20,1,6,vig_tiny,cifar10,1000.0,13,classifier,0.733895
20,1,7,vig_tiny,cifar10,1000.0,0,_vig_stem,0.899314
20,1,7,vig_tiny,cifar10,1000.0,1,_vig_blocks.0,0.820151
20,1,7,vig_tiny,cifar10,1000.0,2,_vig_blocks.1,0.802930
20,1,7,vig_tiny,cifar10,1000.0,3,_vig_blocks.2,0.811756
20,1,7,vig_tiny,cifar10,1000.0,4,_vig_blocks.3,0.816757
20,1,7,vig_tiny,cifar10,1000.0,5,_vig_blocks.4,0.805881
20,1,7,vig_tiny,cifar10,1000.0,6,_vig_blocks.5,0.807244
20,1,7,vig_tiny,cifar10,1000.0,7,_vig_blocks.6,0.802247
20,1,7,vig_tiny,cifar10,1000.0,8,_vig_blocks.7,0.782330
20,1,7,vig_tiny,cifar10,1000.0,9,_vig_blocks.8,0.752801
20,1,7,vig_tiny,cifar10,1000.0,10,_vig_blocks.9,0.735867
20,1,7,vig_tiny,cifar10,1000.0,11,_vig_blocks.10,0.709245
20,1,7,vig_tiny,cifar10,1000.0,12,_vig_blocks.11,0.682219
20,1,7,vig_tiny,cifar10,1000.0,13,classifier,0.710954
20,1,8,vig_tiny,cifar10,1000.0,0,_vig_stem,0.870966
20,1,8,vig_tiny,cifar10,1000.0,1,_vig_blocks.0,0.799072
20,1,8,vig_tiny,cifar10,1000.0,2,_vig_blocks.1,0.810409
20,1,8,vig_tiny,cifar10,1000.0,3,_vig_blocks.2,0.821429
20,1,8,vig_tiny,cifar10,1000.0,4,_vig_blocks.3,0.844994
20,1,8,vig_tiny,cifar10,1000.0,5,_vig_blocks.4,0.829916
20,1,8,vig_tiny,cifar10,1000.0,6,_vig_blocks.5,0.824283
20,1,8,vig_tiny,cifar10,1000.0,7,_vig_blocks.6,0.818435
20,1,8,vig_tiny,cifar10,1000.0,8,_vig_blocks.7,0.795290
20,1,8,vig_tiny,cifar10,1000.0,9,_vig_blocks.8,0.769376
20,1,8,vig_tiny,cifar10,1000.0,10,_vig_blocks.9,0.745233
20,1,8,vig_tiny,cifar10,1000.0,11,_vig_blocks.10,0.713278
20,1,8,vig_tiny,cifar10,1000.0,12,_vig_blocks.11,0.692248
20,1,8,vig_tiny,cifar10,1000.0,13,classifier,0.744466
20,1,9,vig_tiny,cifar10,1000.0,0,_vig_stem,0.908034
20,1,9,vig_tiny,cifar10,1000.0,1,_vig_blocks.0,0.831925
20,1,9,vig_tiny,cifar10,1000.0,2,_vig_blocks.1,0.819140
20,1,9,vig_tiny,cifar10,1000.0,3,_vig_blocks.2,0.807626
20,1,9,vig_tiny,cifar10,1000.0,4,_vig_blocks.3,0.807538
20,1,9,vig_tiny,cifar10,1000.0,5,_vig_blocks.4,0.800253
20,1,9,vig_tiny,cifar10,1000.0,6,_vig_blocks.5,0.797681
20,1,9,vig_tiny,cifar10,1000.0,7,_vig_blocks.6,0.783798
20,1,9,vig_tiny,cifar10,1000.0,8,_vig_blocks.7,0.769263
20,1,9,vig_tiny,cifar10,1000.0,9,_vig_blocks.8,0.741621
20,1,9,vig_tiny,cifar10,1000.0,10,_vig_blocks.9,0.715030
20,1,9,vig_tiny,cifar10,1000.0,11,_vig_blocks.10,0.687236
20,1,9,vig_tiny,cifar10,1000.0,12,_vig_blocks.11,0.662069
20,1,9,vig_tiny,cifar10,1000.0,13,classifier,0.680263
20,2,3,vig_tiny,cifar10,1000.0,0,_vig_stem,0.898549
20,2,3,vig_tiny,cifar10,1000.0,1,_vig_blocks.0,0.803320
20,2,3,vig_tiny,cifar10,1000.0,2,_vig_blocks.1,0.805720
20,2,3,vig_tiny,cifar10,1000.0,3,_vig_blocks.2,0.787340
20,2,3,vig_tiny,cifar10,1000.0,4,_vig_blocks.3,0.789489
20,2,3,vig_tiny,cifar10,1000.0,5,_vig_blocks.4,0.784824
20,2,3,vig_tiny,cifar10,1000.0,6,_vig_blocks.5,0.783423
20,2,3,vig_tiny,cifar10,1000.0,7,_vig_blocks.6,0.774196
20,2,3,vig_tiny,cifar10,1000.0,8,_vig_blocks.7,0.750240
20,2,3,vig_tiny,cifar10,1000.0,9,_vig_blocks.8,0.724714
20,2,3,vig_tiny,cifar10,1000.0,10,_vig_blocks.9,0.695509
20,2,3,vig_tiny,cifar10,1000.0,11,_vig_blocks.10,0.669511
20,2,3,vig_tiny,cifar10,1000.0,12,_vig_blocks.11,0.657969
20,2,3,vig_tiny,cifar10,1000.0,13,classifier,0.738426
20,2,4,vig_tiny,cifar10,1000.0,0,_vig_stem,0.884802
20,2,4,vig_tiny,cifar10,1000.0,1,_vig_blocks.0,0.808489
20,2,4,vig_tiny,cifar10,1000.0,2,_vig_blocks.1,0.819355
20,2,4,vig_tiny,cifar10,1000.0,3,_vig_blocks.2,0.792754
20,2,4,vig_tiny,cifar10,1000.0,4,_vig_blocks.3,0.785536
20,2,4,vig_tiny,cifar10,1000.0,5,_vig_blocks.4,0.775189
20,2,4,vig_tiny,cifar10,1000.0,6,_vig_blocks.5,0.785668
20,2,4,vig_tiny,cifar10,1000.0,7,_vig_blocks.6,0.770348
20,2,4,vig_tiny,cifar10,1000.0,8,_vig_blocks.7,0.756091
20,2,4,vig_tiny,cifar10,1000.0,9,_vig_blocks.8,0.742531
20,2,4,vig_tiny,cifar10,1000.0,10,_vig_blocks.9,0.715325
20,2,4,vig_tiny,cifar10,1000.0,11,_vig_blocks.10,0.697143
20,2,4,vig_tiny,cifar10,1000.0,12,_vig_blocks.11,0.673835
20,2,4,vig_tiny,cifar10,1000.0,13,classifier,0.697901
20,2,5,vig_tiny,cifar10,1000.0,0,_vig_stem,0.884980
20,2,5,vig_tiny,cifar10,1000.0,1,_vig_blocks.0,0.816518
20,2,5,vig_tiny,cifar10,1000.0,2,_vig_blocks.1,0.809836
20,2,5,vig_tiny,cifar10,1000.0,3,_vig_blocks.2,0.801502
20,2,5,vig_tiny,cifar10,1000.0,4,_vig_blocks.3,0.808032
20,2,5,vig_tiny,cifar10,1000.0,5,_vig_blocks.4,0.804825
20,2,5,vig_tiny,cifar10,1000.0,6,_vig_blocks.5,0.816285
20,2,5,vig_tiny,cifar10,1000.0,7,_vig_blocks.6,0.804837
20,2,5,vig_tiny,cifar10,1000.0,8,_vig_blocks.7,0.780577
20,2,5,vig_tiny,cifar10,1000.0,9,_vig_blocks.8,0.749638
20,2,5,vig_tiny,cifar10,1000.0,10,_vig_blocks.9,0.710348
20,2,5,vig_tiny,cifar10,1000.0,11,_vig_blocks.10,0.669339
20,2,5,vig_tiny,cifar10,1000.0,12,_vig_blocks.11,0.642893
20,2,5,vig_tiny,cifar10,1000.0,13,classifier,0.590987
20,2,6,vig_tiny,cifar10,1000.0,0,_vig_stem,0.885226
20,2,6,vig_tiny,cifar10,1000.0,1,_vig_blocks.0,0.782137
20,2,6,vig_tiny,cifar10,1000.0,2,_vig_blocks.1,0.791143
20,2,6,vig_tiny,cifar10,1000.0,3,_vig_blocks.2,0.782038
20,2,6,vig_tiny,cifar10,1000.0,4,_vig_blocks.3,0.771999
20,2,6,vig_tiny,cifar10,1000.0,5,_vig_blocks.4,0.770003
20,2,6,vig_tiny,cifar10,1000.0,6,_vig_blocks.5,0.775147
20,2,6,vig_tiny,cifar10,1000.0,7,_vig_blocks.6,0.767164
20,2,6,vig_tiny,cifar10,1000.0,8,_vig_blocks.7,0.747691
20,2,6,vig_tiny,cifar10,1000.0,9,_vig_blocks.8,0.716849
20,2,6,vig_tiny,cifar10,1000.0,10,_vig_blocks.9,0.673364
20,2,6,vig_tiny,cifar10,1000.0,11,_vig_blocks.10,0.630232
20,2,6,vig_tiny,cifar10,1000.0,12,_vig_blocks.11,0.599660
20,2,6,vig_tiny,cifar10,1000.0,13,classifier,0.611228
20,2,7,vig_tiny,cifar10,1000.0,0,_vig_stem,0.888447
20,2,7,vig_tiny,cifar10,1000.0,1,_vig_blocks.0,0.803269
20,2,7,vig_tiny,cifar10,1000.0,2,_vig_blocks.1,0.810612
20,2,7,vig_tiny,cifar10,1000.0,3,_vig_blocks.2,0.810588
20,2,7,vig_tiny,cifar10,1000.0,4,_vig_blocks.3,0.791520
20,2,7,vig_tiny,cifar10,1000.0,5,_vig_blocks.4,0.799138
20,2,7,vig_tiny,cifar10,1000.0,6,_vig_blocks.5,0.814713
20,2,7,vig_tiny,cifar10,1000.0,7,_vig_blocks.6,0.804802
20,2,7,vig_tiny,cifar10,1000.0,8,_vig_blocks.7,0.779421
20,2,7,vig_tiny,cifar10,1000.0,9,_vig_blocks.8,0.763445
20,2,7,vig_tiny,cifar10,1000.0,10,_vig_blocks.9,0.738372
20,2,7,vig_tiny,cifar10,1000.0,11,_vig_blocks.10,0.714789
20,2,7,vig_tiny,cifar10,1000.0,12,_vig_blocks.11,0.679162
20,2,7,vig_tiny,cifar10,1000.0,13,classifier,0.699216
20,2,8,vig_tiny,cifar10,1000.0,0,_vig_stem,0.875290
20,2,8,vig_tiny,cifar10,1000.0,1,_vig_blocks.0,0.829361
20,2,8,vig_tiny,cifar10,1000.0,2,_vig_blocks.1,0.823581
20,2,8,vig_tiny,cifar10,1000.0,3,_vig_blocks.2,0.791978
20,2,8,vig_tiny,cifar10,1000.0,4,_vig_blocks.3,0.789859
20,2,8,vig_tiny,cifar10,1000.0,5,_vig_blocks.4,0.776531
20,2,8,vig_tiny,cifar10,1000.0,6,_vig_blocks.5,0.789305
20,2,8,vig_tiny,cifar10,1000.0,7,_vig_blocks.6,0.774876
20,2,8,vig_tiny,cifar10,1000.0,8,_vig_blocks.7,0.758336
20,2,8,vig_tiny,cifar10,1000.0,9,_vig_blocks.8,0.732144
20,2,8,vig_tiny,cifar10,1000.0,10,_vig_blocks.9,0.713438
20,2,8,vig_tiny,cifar10,1000.0,11,_vig_blocks.10,0.675780
20,2,8,vig_tiny,cifar10,1000.0,12,_vig_blocks.11,0.637444
20,2,8,vig_tiny,cifar10,1000.0,13,classifier,0.647559
20,2,9,vig_tiny,cifar10,1000.0,0,_vig_stem,0.900028
20,2,9,vig_tiny,cifar10,1000.0,1,_vig_blocks.0,0.840943
20,2,9,vig_tiny,cifar10,1000.0,2,_vig_blocks.1,0.826274
20,2,9,vig_tiny,cifar10,1000.0,3,_vig_blocks.2,0.810652
20,2,9,vig_tiny,cifar10,1000.0,4,_vig_blocks.3,0.798423
20,2,9,vig_tiny,cifar10,1000.0,5,_vig_blocks.4,0.801884
20,2,9,vig_tiny,cifar10,1000.0,6,_vig_blocks.5,0.814976
20,2,9,vig_tiny,cifar10,1000.0,7,_vig_blocks.6,0.805518
20,2,9,vig_tiny,cifar10,1000.0,8,_vig_blocks.7,0.778668
20,2,9,vig_tiny,cifar10,1000.0,9,_vig_blocks.8,0.755810
20,2,9,vig_tiny,cifar10,1000.0,10,_vig_blocks.9,0.719964
20,2,9,vig_tiny,cifar10,1000.0,11,_vig_blocks.10,0.675422
20,2,9,vig_tiny,cifar10,1000.0,12,_vig_blocks.11,0.618912
20,2,9,vig_tiny,cifar10,1000.0,13,classifier,0.447390
20,3,4,vig_tiny,cifar10,1000.0,0,_vig_stem,0.899392
20,3,4,vig_tiny,cifar10,1000.0,1,_vig_blocks.0,0.842533
20,3,4,vig_tiny,cifar10,1000.0,2,_vig_blocks.1,0.849699
20,3,4,vig_tiny,cifar10,1000.0,3,_vig_blocks.2,0.862394
20,3,4,vig_tiny,cifar10,1000.0,4,_vig_blocks.3,0.865559
20,3,4,vig_tiny,cifar10,1000.0,5,_vig_blocks.4,0.862356
20,3,4,vig_tiny,cifar10,1000.0,6,_vig_blocks.5,0.859338
20,3,4,vig_tiny,cifar10,1000.0,7,_vig_blocks.6,0.851978
20,3,4,vig_tiny,cifar10,1000.0,8,_vig_blocks.7,0.835796
20,3,4,vig_tiny,cifar10,1000.0,9,_vig_blocks.8,0.815660
20,3,4,vig_tiny,cifar10,1000.0,10,_vig_blocks.9,0.788241
20,3,4,vig_tiny,cifar10,1000.0,11,_vig_blocks.10,0.760695
20,3,4,vig_tiny,cifar10,1000.0,12,_vig_blocks.11,0.731212
20,3,4,vig_tiny,cifar10,1000.0,13,classifier,0.728688
20,3,5,vig_tiny,cifar10,1000.0,0,_vig_stem,0.901165
20,3,5,vig_tiny,cifar10,1000.0,1,_vig_blocks.0,0.822053
20,3,5,vig_tiny,cifar10,1000.0,2,_vig_blocks.1,0.817936
20,3,5,vig_tiny,cifar10,1000.0,3,_vig_blocks.2,0.813452
20,3,5,vig_tiny,cifar10,1000.0,4,_vig_blocks.3,0.828954
20,3,5,vig_tiny,cifar10,1000.0,5,_vig_blocks.4,0.818237
20,3,5,vig_tiny,cifar10,1000.0,6,_vig_blocks.5,0.830735
20,3,5,vig_tiny,cifar10,1000.0,7,_vig_blocks.6,0.828831
20,3,5,vig_tiny,cifar10,1000.0,8,_vig_blocks.7,0.815945
20,3,5,vig_tiny,cifar10,1000.0,9,_vig_blocks.8,0.796914
20,3,5,vig_tiny,cifar10,1000.0,10,_vig_blocks.9,0.765359
20,3,5,vig_tiny,cifar10,1000.0,11,_vig_blocks.10,0.724741
20,3,5,vig_tiny,cifar10,1000.0,12,_vig_blocks.11,0.696862
20,3,5,vig_tiny,cifar10,1000.0,13,classifier,0.694374
20,3,6,vig_tiny,cifar10,1000.0,0,_vig_stem,0.910753
20,3,6,vig_tiny,cifar10,1000.0,1,_vig_blocks.0,0.843679
20,3,6,vig_tiny,cifar10,1000.0,2,_vig_blocks.1,0.846350
20,3,6,vig_tiny,cifar10,1000.0,3,_vig_blocks.2,0.851543
20,3,6,vig_tiny,cifar10,1000.0,4,_vig_blocks.3,0.855534
20,3,6,vig_tiny,cifar10,1000.0,5,_vig_blocks.4,0.856146
20,3,6,vig_tiny,cifar10,1000.0,6,_vig_blocks.5,0.857195
20,3,6,vig_tiny,cifar10,1000.0,7,_vig_blocks.6,0.859296
20,3,6,vig_tiny,cifar10,1000.0,8,_vig_blocks.7,0.843071
20,3,6,vig_tiny,cifar10,1000.0,9,_vig_blocks.8,0.822661
20,3,6,vig_tiny,cifar10,1000.0,10,_vig_blocks.9,0.788932
20,3,6,vig_tiny,cifar10,1000.0,11,_vig_blocks.10,0.747401
20,3,6,vig_tiny,cifar10,1000.0,12,_vig_blocks.11,0.706424
20,3,6,vig_tiny,cifar10,1000.0,13,classifier,0.691443
20,3,7,vig_tiny,cifar10,1000.0,0,_vig_stem,0.909820
20,3,7,vig_tiny,cifar10,1000.0,1,_vig_blocks.0,0.789724
20,3,7,vig_tiny,cifar10,1000.0,2,_vig_blocks.1,0.770259
20,3,7,vig_tiny,cifar10,1000.0,3,_vig_blocks.2,0.793842
20,3,7,vig_tiny,cifar10,1000.0,4,_vig_blocks.3,0.796287
20,3,7,vig_tiny,cifar10,1000.0,5,_vig_blocks.4,0.800164
20,3,7,vig_tiny,cifar10,1000.0,6,_vig_blocks.5,0.808917
20,3,7,vig_tiny,cifar10,1000.0,7,_vig_blocks.6,0.807198
20,3,7,vig_tiny,cifar10,1000.0,8,_vig_blocks.7,0.796465
20,3,7,vig_tiny,cifar10,1000.0,9,_vig_blocks.8,0.780259
20,3,7,vig_tiny,cifar10,1000.0,10,_vig_blocks.9,0.762641
20,3,7,vig_tiny,cifar10,1000.0,11,_vig_blocks.10,0.735388
20,3,7,vig_tiny,cifar10,1000.0,12,_vig_blocks.11,0.713988
20,3,7,vig_tiny,cifar10,1000.0,13,classifier,0.763214
20,3,8,vig_tiny,cifar10,1000.0,0,_vig_stem,0.897605
20,3,8,vig_tiny,cifar10,1000.0,1,_vig_blocks.0,0.832118
20,3,8,vig_tiny,cifar10,1000.0,2,_vig_blocks.1,0.844769
20,3,8,vig_tiny,cifar10,1000.0,3,_vig_blocks.2,0.841927
20,3,8,vig_tiny,cifar10,1000.0,4,_vig_blocks.3,0.837083
20,3,8,vig_tiny,cifar10,1000.0,5,_vig_blocks.4,0.827087
20,3,8,vig_tiny,cifar10,1000.0,6,_vig_blocks.5,0.830525
20,3,8,vig_tiny,cifar10,1000.0,7,_vig_blocks.6,0.829153
20,3,8,vig_tiny,cifar10,1000.0,8,_vig_blocks.7,0.809451
20,3,8,vig_tiny,cifar10,1000.0,9,_vig_blocks.8,0.776678
20,3,8,vig_tiny,cifar10,1000.0,10,_vig_blocks.9,0.744358
20,3,8,vig_tiny,cifar10,1000.0,11,_vig_blocks.10,0.708480
20,3,8,vig_tiny,cifar10,1000.0,12,_vig_blocks.11,0.685399
20,3,8,vig_tiny,cifar10,1000.0,13,classifier,0.742718
20,3,9,vig_tiny,cifar10,1000.0,0,_vig_stem,0.911933
20,3,9,vig_tiny,cifar10,1000.0,1,_vig_blocks.0,0.849643
20,3,9,vig_tiny,cifar10,1000.0,2,_vig_blocks.1,0.851447
20,3,9,vig_tiny,cifar10,1000.0,3,_vig_blocks.2,0.840572
20,3,9,vig_tiny,cifar10,1000.0,4,_vig_blocks.3,0.838684
20,3,9,vig_tiny,cifar10,1000.0,5,_vig_blocks.4,0.826981
20,3,9,vig_tiny,cifar10,1000.0,6,_vig_blocks.5,0.829849
20,3,9,vig_tiny,cifar10,1000.0,7,_vig_blocks.6,0.819509
20,3,9,vig_tiny,cifar10,1000.0,8,_vig_blocks.7,0.810140
20,3,9,vig_tiny,cifar10,1000.0,9,_vig_blocks.8,0.785935
20,3,9,vig_tiny,cifar10,1000.0,10,_vig_blocks.9,0.764421
20,3,9,vig_tiny,cifar10,1000.0,11,_vig_blocks.10,0.730046
20,3,9,vig_tiny,cifar10,1000.0,12,_vig_blocks.11,0.685097
20,3,9,vig_tiny,cifar10,1000.0,13,classifier,0.584357
20,4,5,vig_tiny,cifar10,1000.0,0,_vig_stem,0.892244
20,4,5,vig_tiny,cifar10,1000.0,1,_vig_blocks.0,0.808766
20,4,5,vig_tiny,cifar10,1000.0,2,_vig_blocks.1,0.802193
20,4,5,vig_tiny,cifar10,1000.0,3,_vig_blocks.2,0.786284
20,4,5,vig_tiny,cifar10,1000.0,4,_vig_blocks.3,0.801798
20,4,5,vig_tiny,cifar10,1000.0,5,_vig_blocks.4,0.799767
20,4,5,vig_tiny,cifar10,1000.0,6,_vig_blocks.5,0.813452
20,4,5,vig_tiny,cifar10,1000.0,7,_vig_blocks.6,0.801408
20,4,5,vig_tiny,cifar10,1000.0,8,_vig_blocks.7,0.791726
20,4,5,vig_tiny,cifar10,1000.0,9,_vig_blocks.8,0.776103
20,4,5,vig_tiny,cifar10,1000.0,10,_vig_blocks.9,0.751006
20,4,5,vig_tiny,cifar10,1000.0,11,_vig_blocks.10,0.723321
20,4,5,vig_tiny,cifar10,1000.0,12,_vig_blocks.11,0.688877
20,4,5,vig_tiny,cifar10,1000.0,13,classifier,0.736249
20,4,6,vig_tiny,cifar10,1000.0,0,_vig_stem,0.906769
20,4,6,vig_tiny,cifar10,1000.0,1,_vig_blocks.0,0.869560
20,4,6,vig_tiny,cifar10,1000.0,2,_vig_blocks.1,0.866228
20,4,6,vig_tiny,cifar10,1000.0,3,_vig_blocks.2,0.872557
20,4,6,vig_tiny,cifar10,1000.0,4,_vig_blocks.3,0.872519
20,4,6,vig_tiny,cifar10,1000.0,5,_vig_blocks.4,0.861261
20,4,6,vig_tiny,cifar10,1000.0,6,_vig_blocks.5,0.862972
20,4,6,vig_tiny,cifar10,1000.0,7,_vig_blocks.6,0.861848
20,4,6,vig_tiny,cifar10,1000.0,8,_vig_blocks.7,0.857589
20,4,6,vig_tiny,cifar10,1000.0,9,_vig_blocks.8,0.834028
20,4,6,vig_tiny,cifar10,1000.0,10,_vig_blocks.9,0.799079
20,4,6,vig_tiny,cifar10,1000.0,11,_vig_blocks.10,0.756511
20,4,6,vig_tiny,cifar10,1000.0,12,_vig_blocks.11,0.716080
20,4,6,vig_tiny,cifar10,1000.0,13,classifier,0.733030
20,4,7,vig_tiny,cifar10,1000.0,0,_vig_stem,0.919091
20,4,7,vig_tiny,cifar10,1000.0,1,_vig_blocks.0,0.824903
20,4,7,vig_tiny,cifar10,1000.0,2,_vig_blocks.1,0.821117
20,4,7,vig_tiny,cifar10,1000.0,3,_vig_blocks.2,0.799534
20,4,7,vig_tiny,cifar10,1000.0,4,_vig_blocks.3,0.796345
20,4,7,vig_tiny,cifar10,1000.0,5,_vig_blocks.4,0.784837
20,4,7,vig_tiny,cifar10,1000.0,6,_vig_blocks.5,0.799622
20,4,7,vig_tiny,cifar10,1000.0,7,_vig_blocks.6,0.789677
20,4,7,vig_tiny,cifar10,1000.0,8,_vig_blocks.7,0.786425
20,4,7,vig_tiny,cifar10,1000.0,9,_vig_blocks.8,0.774789
20,4,7,vig_tiny,cifar10,1000.0,10,_vig_blocks.9,0.755826
20,4,7,vig_tiny,cifar10,1000.0,11,_vig_blocks.10,0.735408
20,4,7,vig_tiny,cifar10,1000.0,12,_vig_blocks.11,0.702825
20,4,7,vig_tiny,cifar10,1000.0,13,classifier,0.732596
20,4,8,vig_tiny,cifar10,1000.0,0,_vig_stem,0.884280
20,4,8,vig_tiny,cifar10,1000.0,1,_vig_blocks.0,0.821580
20,4,8,vig_tiny,cifar10,1000.0,2,_vig_blocks.1,0.827551
20,4,8,vig_tiny,cifar10,1000.0,3,_vig_blocks.2,0.834151
20,4,8,vig_tiny,cifar10,1000.0,4,_vig_blocks.3,0.844290
20,4,8,vig_tiny,cifar10,1000.0,5,_vig_blocks.4,0.826116
20,4,8,vig_tiny,cifar10,1000.0,6,_vig_blocks.5,0.832752
20,4,8,vig_tiny,cifar10,1000.0,7,_vig_blocks.6,0.820599
20,4,8,vig_tiny,cifar10,1000.0,8,_vig_blocks.7,0.807969
20,4,8,vig_tiny,cifar10,1000.0,9,_vig_blocks.8,0.787702
20,4,8,vig_tiny,cifar10,1000.0,10,_vig_blocks.9,0.756234
20,4,8,vig_tiny,cifar10,1000.0,11,_vig_blocks.10,0.713450
20,4,8,vig_tiny,cifar10,1000.0,12,_vig_blocks.11,0.678071
20,4,8,vig_tiny,cifar10,1000.0,13,classifier,0.758093
20,4,9,vig_tiny,cifar10,1000.0,0,_vig_stem,0.924677
20,4,9,vig_tiny,cifar10,1000.0,1,_vig_blocks.0,0.869800
20,4,9,vig_tiny,cifar10,1000.0,2,_vig_blocks.1,0.858803
20,4,9,vig_tiny,cifar10,1000.0,3,_vig_blocks.2,0.833209
20,4,9,vig_tiny,cifar10,1000.0,4,_vig_blocks.3,0.833795
20,4,9,vig_tiny,cifar10,1000.0,5,_vig_blocks.4,0.826008
20,4,9,vig_tiny,cifar10,1000.0,6,_vig_blocks.5,0.838959
20,4,9,vig_tiny,cifar10,1000.0,7,_vig_blocks.6,0.817055
20,4,9,vig_tiny,cifar10,1000.0,8,_vig_blocks.7,0.800317
20,4,9,vig_tiny,cifar10,1000.0,9,_vig_blocks.8,0.774161
20,4,9,vig_tiny,cifar10,1000.0,10,_vig_blocks.9,0.745955
20,4,9,vig_tiny,cifar10,1000.0,11,_vig_blocks.10,0.717582
20,4,9,vig_tiny,cifar10,1000.0,12,_vig_blocks.11,0.659553
20,4,9,vig_tiny,cifar10,1000.0,13,classifier,0.628344
20,5,6,vig_tiny,cifar10,1000.0,0,_vig_stem,0.897840
20,5,6,vig_tiny,cifar10,1000.0,1,_vig_blocks.0,0.811015
20,5,6,vig_tiny,cifar10,1000.0,2,_vig_blocks.1,0.807747
20,5,6,vig_tiny,cifar10,1000.0,3,_vig_blocks.2,0.801372
20,5,6,vig_tiny,cifar10,1000.0,4,_vig_blocks.3,0.805836
20,5,6,vig_tiny,cifar10,1000.0,5,_vig_blocks.4,0.798196
20,5,6,vig_tiny,cifar10,1000.0,6,_vig_blocks.5,0.816112
20,5,6,vig_tiny,cifar10,1000.0,7,_vig_blocks.6,0.813903
20,5,6,vig_tiny,cifar10,1000.0,8,_vig_blocks.7,0.798953
20,5,6,vig_tiny,cifar10,1000.0,9,_vig_blocks.8,0.777308
20,5,6,vig_tiny,cifar10,1000.0,10,_vig_blocks.9,0.744569
20,5,6,vig_tiny,cifar10,1000.0,11,_vig_blocks.10,0.698623
20,5,6,vig_tiny,cifar10,1000.0,12,_vig_blocks.11,0.666917
20,5,6,vig_tiny,cifar10,1000.0,13,classifier,0.719668
20,5,7,vig_tiny,cifar10,1000.0,0,_vig_stem,0.889451
20,5,7,vig_tiny,cifar10,1000.0,1,_vig_blocks.0,0.803867
20,5,7,vig_tiny,cifar10,1000.0,2,_vig_blocks.1,0.784672
20,5,7,vig_tiny,cifar10,1000.0,3,_vig_blocks.2,0.799733
20,5,7,vig_tiny,cifar10,1000.0,4,_vig_blocks.3,0.798009
20,5,7,vig_tiny,cifar10,1000.0,5,_vig_blocks.4,0.797731
20,5,7,vig_tiny,cifar10,1000.0,6,_vig_blocks.5,0.820851
20,5,7,vig_tiny,cifar10,1000.0,7,_vig_blocks.6,0.816072
20,5,7,vig_tiny,cifar10,1000.0,8,_vig_blocks.7,0.804933
20,5,7,vig_tiny,cifar10,1000.0,9,_vig_blocks.8,0.777324
20,5,7,vig_tiny,cifar10,1000.0,10,_vig_blocks.9,0.751699
20,5,7,vig_tiny,cifar10,1000.0,11,_vig_blocks.10,0.713998
20,5,7,vig_tiny,cifar10,1000.0,12,_vig_blocks.11,0.691843
20,5,7,vig_tiny,cifar10,1000.0,13,classifier,0.709791
20,5,8,vig_tiny,cifar10,1000.0,0,_vig_stem,0.908570
20,5,8,vig_tiny,cifar10,1000.0,1,_vig_blocks.0,0.875721
20,5,8,vig_tiny,cifar10,1000.0,2,_vig_blocks.1,0.856288
20,5,8,vig_tiny,cifar10,1000.0,3,_vig_blocks.2,0.832031
20,5,8,vig_tiny,cifar10,1000.0,4,_vig_blocks.3,0.840169
20,5,8,vig_tiny,cifar10,1000.0,5,_vig_blocks.4,0.812086
20,5,8,vig_tiny,cifar10,1000.0,6,_vig_blocks.5,0.825432
20,5,8,vig_tiny,cifar10,1000.0,7,_vig_blocks.6,0.813550
20,5,8,vig_tiny,cifar10,1000.0,8,_vig_blocks.7,0.802837
20,5,8,vig_tiny,cifar10,1000.0,9,_vig_blocks.8,0.771394
20,5,8,vig_tiny,cifar10,1000.0,10,_vig_blocks.9,0.747952
20,5,8,vig_tiny,cifar10,1000.0,11,_vig_blocks.10,0.726299
20,5,8,vig_tiny,cifar10,1000.0,12,_vig_blocks.11,0.701128
20,5,8,vig_tiny,cifar10,1000.0,13,classifier,0.738168
20,5,9,vig_tiny,cifar10,1000.0,0,_vig_stem,0.896121
20,5,9,vig_tiny,cifar10,1000.0,1,_vig_blocks.0,0.864115
20,5,9,vig_tiny,cifar10,1000.0,2,_vig_blocks.1,0.849475
20,5,9,vig_tiny,cifar10,1000.0,3,_vig_blocks.2,0.840386
20,5,9,vig_tiny,cifar10,1000.0,4,_vig_blocks.3,0.839774
20,5,9,vig_tiny,cifar10,1000.0,5,_vig_blocks.4,0.840204
20,5,9,vig_tiny,cifar10,1000.0,6,_vig_blocks.5,0.847583
20,5,9,vig_tiny,cifar10,1000.0,7,_vig_blocks.6,0.835734
20,5,9,vig_tiny,cifar10,1000.0,8,_vig_blocks.7,0.826831
20,5,9,vig_tiny,cifar10,1000.0,9,_vig_blocks.8,0.798193
20,5,9,vig_tiny,cifar10,1000.0,10,_vig_blocks.9,0.767077
20,5,9,vig_tiny,cifar10,1000.0,11,_vig_blocks.10,0.733577
20,5,9,vig_tiny,cifar10,1000.0,12,_vig_blocks.11,0.697105
20,5,9,vig_tiny,cifar10,1000.0,13,classifier,0.691880
20,6,7,vig_tiny,cifar10,1000.0,0,_vig_stem,0.893575
20,6,7,vig_tiny,cifar10,1000.0,1,_vig_blocks.0,0.810639
20,6,7,vig_tiny,cifar10,1000.0,2,_vig_blocks.1,0.805161
20,6,7,vig_tiny,cifar10,1000.0,3,_vig_blocks.2,0.799434
20,6,7,vig_tiny,cifar10,1000.0,4,_vig_blocks.3,0.793158
20,6,7,vig_tiny,cifar10,1000.0,5,_vig_blocks.4,0.793383
20,6,7,vig_tiny,cifar10,1000.0,6,_vig_blocks.5,0.813813
20,6,7,vig_tiny,cifar10,1000.0,7,_vig_blocks.6,0.808808
20,6,7,vig_tiny,cifar10,1000.0,8,_vig_blocks.7,0.798585
20,6,7,vig_tiny,cifar10,1000.0,9,_vig_blocks.8,0.777569
20,6,7,vig_tiny,cifar10,1000.0,10,_vig_blocks.9,0.758380
20,6,7,vig_tiny,cifar10,1000.0,11,_vig_blocks.10,0.722500
20,6,7,vig_tiny,cifar10,1000.0,12,_vig_blocks.11,0.690144
20,6,7,vig_tiny,cifar10,1000.0,13,classifier,0.700638
20,6,8,vig_tiny,cifar10,1000.0,0,_vig_stem,0.872688
20,6,8,vig_tiny,cifar10,1000.0,1,_vig_blocks.0,0.804748
20,6,8,vig_tiny,cifar10,1000.0,2,_vig_blocks.1,0.819829
20,6,8,vig_tiny,cifar10,1000.0,3,_vig_blocks.2,0.823732
20,6,8,vig_tiny,cifar10,1000.0,4,_vig_blocks.3,0.823952
20,6,8,vig_tiny,cifar10,1000.0,5,_vig_blocks.4,0.821664
20,6,8,vig_tiny,cifar10,1000.0,6,_vig_blocks.5,0.833592
20,6,8,vig_tiny,cifar10,1000.0,7,_vig_blocks.6,0.835085
20,6,8,vig_tiny,cifar10,1000.0,8,_vig_blocks.7,0.818439
20,6,8,vig_tiny,cifar10,1000.0,9,_vig_blocks.8,0.790911
20,6,8,vig_tiny,cifar10,1000.0,10,_vig_blocks.9,0.754516
20,6,8,vig_tiny,cifar10,1000.0,11,_vig_blocks.10,0.719507
20,6,8,vig_tiny,cifar10,1000.0,12,_vig_blocks.11,0.686994
20,6,8,vig_tiny,cifar10,1000.0,13,classifier,0.768394
20,6,9,vig_tiny,cifar10,1000.0,0,_vig_stem,0.893499
20,6,9,vig_tiny,cifar10,1000.0,1,_vig_blocks.0,0.849541
20,6,9,vig_tiny,cifar10,1000.0,2,_vig_blocks.1,0.844514
20,6,9,vig_tiny,cifar10,1000.0,3,_vig_blocks.2,0.828112
20,6,9,vig_tiny,cifar10,1000.0,4,_vig_blocks.3,0.805557
20,6,9,vig_tiny,cifar10,1000.0,5,_vig_blocks.4,0.790955
20,6,9,vig_tiny,cifar10,1000.0,6,_vig_blocks.5,0.800331
20,6,9,vig_tiny,cifar10,1000.0,7,_vig_blocks.6,0.792081
20,6,9,vig_tiny,cifar10,1000.0,8,_vig_blocks.7,0.774698
20,6,9,vig_tiny,cifar10,1000.0,9,_vig_blocks.8,0.749737
20,6,9,vig_tiny,cifar10,1000.0,10,_vig_blocks.9,0.722180
20,6,9,vig_tiny,cifar10,1000.0,11,_vig_blocks.10,0.685291
20,6,9,vig_tiny,cifar10,1000.0,12,_vig_blocks.11,0.639802
20,6,9,vig_tiny,cifar10,1000.0,13,classifier,0.626128
20,7,8,vig_tiny,cifar10,1000.0,0,_vig_stem,0.892137
20,7,8,vig_tiny,cifar10,1000.0,1,_vig_blocks.0,0.805669
20,7,8,vig_tiny,cifar10,1000.0,2,_vig_blocks.1,0.800630
20,7,8,vig_tiny,cifar10,1000.0,3,_vig_blocks.2,0.801225
20,7,8,vig_tiny,cifar10,1000.0,4,_vig_blocks.3,0.801899
20,7,8,vig_tiny,cifar10,1000.0,5,_vig_blocks.4,0.791002
20,7,8,vig_tiny,cifar10,1000.0,6,_vig_blocks.5,0.810911
20,7,8,vig_tiny,cifar10,1000.0,7,_vig_blocks.6,0.809109
20,7,8,vig_tiny,cifar10,1000.0,8,_vig_blocks.7,0.798064
20,7,8,vig_tiny,cifar10,1000.0,9,_vig_blocks.8,0.776601
20,7,8,vig_tiny,cifar10,1000.0,10,_vig_blocks.9,0.762824
20,7,8,vig_tiny,cifar10,1000.0,11,_vig_blocks.10,0.728772
20,7,8,vig_tiny,cifar10,1000.0,12,_vig_blocks.11,0.696591
20,7,8,vig_tiny,cifar10,1000.0,13,classifier,0.737141
20,7,9,vig_tiny,cifar10,1000.0,0,_vig_stem,0.896641
20,7,9,vig_tiny,cifar10,1000.0,1,_vig_blocks.0,0.821071
20,7,9,vig_tiny,cifar10,1000.0,2,_vig_blocks.1,0.811040
20,7,9,vig_tiny,cifar10,1000.0,3,_vig_blocks.2,0.814807
20,7,9,vig_tiny,cifar10,1000.0,4,_vig_blocks.3,0.811884
20,7,9,vig_tiny,cifar10,1000.0,5,_vig_blocks.4,0.814672
20,7,9,vig_tiny,cifar10,1000.0,6,_vig_blocks.5,0.837235
20,7,9,vig_tiny,cifar10,1000.0,7,_vig_blocks.6,0.826787
20,7,9,vig_tiny,cifar10,1000.0,8,_vig_blocks.7,0.810415
20,7,9,vig_tiny,cifar10,1000.0,9,_vig_blocks.8,0.779960
20,7,9,vig_tiny,cifar10,1000.0,10,_vig_blocks.9,0.750682
20,7,9,vig_tiny,cifar10,1000.0,11,_vig_blocks.10,0.715383
20,7,9,vig_tiny,cifar10,1000.0,12,_vig_blocks.11,0.671336
20,7,9,vig_tiny,cifar10,1000.0,13,classifier,0.627422
20,8,9,vig_tiny,cifar10,1000.0,0,_vig_stem,0.919597
20,8,9,vig_tiny,cifar10,1000.0,1,_vig_blocks.0,0.886511
20,8,9,vig_tiny,cifar10,1000.0,2,_vig_blocks.1,0.868358
20,8,9,vig_tiny,cifar10,1000.0,3,_vig_blocks.2,0.835390
20,8,9,vig_tiny,cifar10,1000.0,4,_vig_blocks.3,0.824369
20,8,9,vig_tiny,cifar10,1000.0,5,_vig_blocks.4,0.792956
20,8,9,vig_tiny,cifar10,1000.0,6,_vig_blocks.5,0.804434
20,8,9,vig_tiny,cifar10,1000.0,7,_vig_blocks.6,0.784108
20,8,9,vig_tiny,cifar10,1000.0,8,_vig_blocks.7,0.765440
20,8,9,vig_tiny,cifar10,1000.0,9,_vig_blocks.8,0.727167
20,8,9,vig_tiny,cifar10,1000.0,10,_vig_blocks.9,0.705939
20,8,9,vig_tiny,cifar10,1000.0,11,_vig_blocks.10,0.689137
20,8,9,vig_tiny,cifar10,1000.0,12,_vig_blocks.11,0.652576
20,8,9,vig_tiny,cifar10,1000.0,13,classifier,0.657893
30,0,1,vig_tiny,cifar10,1000.0,0,_vig_stem,0.937938
30,0,1,vig_tiny,cifar10,1000.0,1,_vig_blocks.0,0.878218
30,0,1,vig_tiny,cifar10,1000.0,2,_vig_blocks.1,0.883578
30,0,1,vig_tiny,cifar10,1000.0,3,_vig_blocks.2,0.873954
30,0,1,vig_tiny,cifar10,1000.0,4,_vig_blocks.3,0.878583
30,0,1,vig_tiny,cifar10,1000.0,5,_vig_blocks.4,0.866297
30,0,1,vig_tiny,cifar10,1000.0,6,_vig_blocks.5,0.868248
30,0,1,vig_tiny,cifar10,1000.0,7,_vig_blocks.6,0.869875
30,0,1,vig_tiny,cifar10,1000.0,8,_vig_blocks.7,0.857285
30,0,1,vig_tiny,cifar10,1000.0,9,_vig_blocks.8,0.840484
30,0,1,vig_tiny,cifar10,1000.0,10,_vig_blocks.9,0.809225
30,0,1,vig_tiny,cifar10,1000.0,11,_vig_blocks.10,0.756687
30,0,1,vig_tiny,cifar10,1000.0,12,_vig_blocks.11,0.702347
30,0,1,vig_tiny,cifar10,1000.0,13,classifier,0.710112
30,0,2,vig_tiny,cifar10,1000.0,0,_vig_stem,0.884817
30,0,2,vig_tiny,cifar10,1000.0,1,_vig_blocks.0,0.802154
30,0,2,vig_tiny,cifar10,1000.0,2,_vig_blocks.1,0.801142
30,0,2,vig_tiny,cifar10,1000.0,3,_vig_blocks.2,0.805005
30,0,2,vig_tiny,cifar10,1000.0,4,_vig_blocks.3,0.825057
30,0,2,vig_tiny,cifar10,1000.0,5,_vig_blocks.4,0.816269
30,0,2,vig_tiny,cifar10,1000.0,6,_vig_blocks.5,0.823861
30,0,2,vig_tiny,cifar10,1000.0,7,_vig_blocks.6,0.808781
30,0,2,vig_tiny,cifar10,1000.0,8,_vig_blocks.7,0.786406
30,0,2,vig_tiny,cifar10,1000.0,9,_vig_blocks.8,0.755811
30,0,2,vig_tiny,cifar10,1000.0,10,_vig_blocks.9,0.713358
30,0,2,vig_tiny,cifar10,1000.0,11,_vig_blocks.10,0.653418
30,0,2,vig_tiny,cifar10,1000.0,12,_vig_blocks.11,0.605157
30,0,2,vig_tiny,cifar10,1000.0,13,classifier,0.610364
30,0,3,vig_tiny,cifar10,1000.0,0,_vig_stem,0.911975
30,0,3,vig_tiny,cifar10,1000.0,1,_vig_blocks.0,0.857818
30,0,3,vig_tiny,cifar10,1000.0,2,_vig_blocks.1,0.845397
30,0,3,vig_tiny,cifar10,1000.0,3,_vig_blocks.2,0.838442
30,0,3,vig_tiny,cifar10,1000.0,4,_vig_blocks.3,0.851616
30,0,3,vig_tiny,cifar10,1000.0,5,_vig_blocks.4,0.851980
30,0,3,vig_tiny,cifar10,1000.0,6,_vig_blocks.5,0.861043
30,0,3,vig_tiny,cifar10,1000.0,7,_vig_blocks.6,0.851373
30,0,3,vig_tiny,cifar10,1000.0,8,_vig_blocks.7,0.839744
30,0,3,vig_tiny,cifar10,1000.0,9,_vig_blocks.8,0.816884
30,0,3,vig_tiny,cifar10,1000.0,10,_vig_blocks.9,0.789499
30,0,3,vig_tiny,cifar10,1000.0,11,_vig_blocks.10,0.750041
30,0,3,vig_tiny,cifar10,1000.0,12,_vig_blocks.11,0.703051
30,0,3,vig_tiny,cifar10,1000.0,13,classifier,0.749792
30,0,4,vig_tiny,cifar10,1000.0,0,_vig_stem,0.889872
30,0,4,vig_tiny,cifar10,1000.0,1,_vig_blocks.0,0.831698
30,0,4,vig_tiny,cifar10,1000.0,2,_vig_blocks.1,0.826293
30,0,4,vig_tiny,cifar10,1000.0,3,_vig_blocks.2,0.824070
30,0,4,vig_tiny,cifar10,1000.0,4,_vig_blocks.3,0.829525
30,0,4,vig_tiny,cifar10,1000.0,5,_vig_blocks.4,0.811989
30,0,4,vig_tiny,cifar10,1000.0,6,_vig_blocks.5,0.816933
30,0,4,vig_tiny,cifar10,1000.0,7,_vig_blocks.6,0.820317
30,0,4,vig_tiny,cifar10,1000.0,8,_vig_blocks.7,0.801101
30,0,4,vig_tiny,cifar10,1000.0,9,_vig_blocks.8,0.786303
30,0,4,vig_tiny,cifar10,1000.0,10,_vig_blocks.9,0.751854
30,0,4,vig_tiny,cifar10,1000.0,11,_vig_blocks.10,0.723700
30,0,4,vig_tiny,cifar10,1000.0,12,_vig_blocks.11,0.671796
30,0,4,vig_tiny,cifar10,1000.0,13,classifier,0.684019
30,0,5,vig_tiny,cifar10,1000.0,0,_vig_stem,0.909501
30,0,5,vig_tiny,cifar10,1000.0,1,_vig_blocks.0,0.850326
30,0,5,vig_tiny,cifar10,1000.0,2,_vig_blocks.1,0.842815
30,0,5,vig_tiny,cifar10,1000.0,3,_vig_blocks.2,0.834969
30,0,5,vig_tiny,cifar10,1000.0,4,_vig_blocks.3,0.838405
30,0,5,vig_tiny,cifar10,1000.0,5,_vig_blocks.4,0.815074
30,0,5,vig_tiny,cifar10,1000.0,6,_vig_blocks.5,0.817040
30,0,5,vig_tiny,cifar10,1000.0,7,_vig_blocks.6,0.813185
30,0,5,vig_tiny,cifar10,1000.0,8,_vig_blocks.7,0.809607
30,0,5,vig_tiny,cifar10,1000.0,9,_vig_blocks.8,0.800259
30,0,5,vig_tiny,cifar10,1000.0,10,_vig_blocks.9,0.778467
30,0,5,vig_tiny,cifar10,1000.0,11,_vig_blocks.10,0.743276
30,0,5,vig_tiny,cifar10,1000.0,12,_vig_blocks.11,0.702856
30,0,5,vig_tiny,cifar10,1000.0,13,classifier,0.737724
30,0,6,vig_tiny,cifar10,1000.0,0,_vig_stem,0.923350
30,0,6,vig_tiny,cifar10,1000.0,1,_vig_blocks.0,0.857860
30,0,6,vig_tiny,cifar10,1000.0,2,_vig_blocks.1,0.842575
30,0,6,vig_tiny,cifar10,1000.0,3,_vig_blocks.2,0.835808
30,0,6,vig_tiny,cifar10,1000.0,4,_vig_blocks.3,0.836939
30,0,6,vig_tiny,cifar10,1000.0,5,_vig_blocks.4,0.826457
30,0,6,vig_tiny,cifar10,1000.0,6,_vig_blocks.5,0.833511
30,0,6,vig_tiny,cifar10,1000.0,7,_vig_blocks.6,0.830079
30,0,6,vig_tiny,cifar10,1000.0,8,_vig_blocks.7,0.822721
30,0,6,vig_tiny,cifar10,1000.0,9,_vig_blocks.8,0.810112
30,0,6,vig_tiny,cifar10,1000.0,10,_vig_blocks.9,0.787218
30,0,6,vig_tiny,cifar10,1000.0,11,_vig_blocks.10,0.748407
30,0,6,vig_tiny,cifar10,1000.0,12,_vig_blocks.11,0.719337
30,0,6,vig_tiny,cifar10,1000.0,13,classifier,0.750769
30,0,7,vig_tiny,cifar10,1000.0,0,_vig_stem,0.915911
30,0,7,vig_tiny,cifar10,1000.0,1,_vig_blocks.0,0.850773
30,0,7,vig_tiny,cifar10,1000.0,2,_vig_blocks.1,0.872077
30,0,7,vig_tiny,cifar10,1000.0,3,_vig_blocks.2,0.866152
30,0,7,vig_tiny,cifar10,1000.0,4,_vig_blocks.3,0.875656
30,0,7,vig_tiny,cifar10,1000.0,5,_vig_blocks.4,0.872988
30,0,7,vig_tiny,cifar10,1000.0,6,_vig_blocks.5,0.873236
30,0,7,vig_tiny,cifar10,1000.0,7,_vig_blocks.6,0.863503
30,0,7,vig_tiny,cifar10,1000.0,8,_vig_blocks.7,0.857954
30,0,7,vig_tiny,cifar10,1000.0,9,_vig_blocks.8,0.823833
30,0,7,vig_tiny,cifar10,1000.0,10,_vig_blocks.9,0.784814
30,0,7,vig_tiny,cifar10,1000.0,11,_vig_blocks.10,0.722128
30,0,7,vig_tiny,cifar10,1000.0,12,_vig_blocks.11,0.674641
30,0,7,vig_tiny,cifar10,1000.0,13,classifier,0.658468
30,0,8,vig_tiny,cifar10,1000.0,0,_vig_stem,0.905333
30,0,8,vig_tiny,cifar10,1000.0,1,_vig_blocks.0,0.827914
30,0,8,vig_tiny,cifar10,1000.0,2,_vig_blocks.1,0.819555
30,0,8,vig_tiny,cifar10,1000.0,3,_vig_blocks.2,0.823550
30,0,8,vig_tiny,cifar10,1000.0,4,_vig_blocks.3,0.828254
30,0,8,vig_tiny,cifar10,1000.0,5,_vig_blocks.4,0.813750
30,0,8,vig_tiny,cifar10,1000.0,6,_vig_blocks.5,0.823366
30,0,8,vig_tiny,cifar10,1000.0,7,_vig_blocks.6,0.823995
30,0,8,vig_tiny,cifar10,1000.0,8,_vig_blocks.7,0.804004
30,0,8,vig_tiny,cifar10,1000.0,9,_vig_blocks.8,0.788258
30,0,8,vig_tiny,cifar10,1000.0,10,_vig_blocks.9,0.765335
30,0,8,vig_tiny,cifar10,1000.0,11,_vig_blocks.10,0.728430
30,0,8,vig_tiny,cifar10,1000.0,12,_vig_blocks.11,0.696163
30,0,8,vig_tiny,cifar10,1000.0,13,classifier,0.763761
30,0,9,vig_tiny,cifar10,1000.0,0,_vig_stem,0.927112
30,0,9,vig_tiny,cifar10,1000.0,1,_vig_blocks.0,0.882677
30,0,9,vig_tiny,cifar10,1000.0,2,_vig_blocks.1,0.864469
30,0,9,vig_tiny,cifar10,1000.0,3,_vig_blocks.2,0.849936
30,0,9,vig_tiny,cifar10,1000.0,4,_vig_blocks.3,0.846549
30,0,9,vig_tiny,cifar10,1000.0,5,_vig_blocks.4,0.840862
30,0,9,vig_tiny,cifar10,1000.0,6,_vig_blocks.5,0.847016
30,0,9,vig_tiny,cifar10,1000.0,7,_vig_blocks.6,0.848411
30,0,9,vig_tiny,cifar10,1000.0,8,_vig_blocks.7,0.839495
30,0,9,vig_tiny,cifar10,1000.0,9,_vig_blocks.8,0.806519
30,0,9,vig_tiny,cifar10,1000.0,10,_vig_blocks.9,0.766457
30,0,9,vig_tiny,cifar10,1000.0,11,_vig_blocks.10,0.734335
30,0,9,vig_tiny,cifar10,1000.0,12,_vig_blocks.11,0.705493
30,0,9,vig_tiny,cifar10,1000.0,13,classifier,0.760622
30,1,2,vig_tiny,cifar10,1000.0,0,_vig_stem,0.889808
30,1,2,vig_tiny,cifar10,1000.0,1,_vig_blocks.0,0.830786
30,1,2,vig_tiny,cifar10,1000.0,2,_vig_blocks.1,0.829870
30,1,2,vig_tiny,cifar10,1000.0,3,_vig_blocks.2,0.829802
30,1,2,vig_tiny,cifar10,1000.0,4,_vig_blocks.3,0.840189
30,1,2,vig_tiny,cifar10,1000.0,5,_vig_blocks.4,0.828050
30,1,2,vig_tiny,cifar10,1000.0,6,_vig_blocks.5,0.836777
30,1,2,vig_tiny,cifar10,1000.0,7,_vig_blocks.6,0.825327
30,1,2,vig_tiny,cifar10,1000.0,8,_vig_blocks.7,0.804807
30,1,2,vig_tiny,cifar10,1000.0,9,_vig_blocks.8,0.776789
30,1,2,vig_tiny,cifar10,1000.0,10,_vig_blocks.9,0.748757
30,1,2,vig_tiny,cifar10,1000.0,11,_vig_blocks.10,0.704516
30,1,2,vig_tiny,cifar10,1000.0,12,_vig_blocks.11,0.672001
30,1,2,vig_tiny,cifar10,1000.0,13,classifier,0.684511
30,1,3,vig_tiny,cifar10,1000.0,0,_vig_stem,0.923926
30,1,3,vig_tiny,cifar10,1000.0,1,_vig_blocks.0,0.885375
30,1,3,vig_tiny,cifar10,1000.0,2,_vig_blocks.1,0.855849
30,1,3,vig_tiny,cifar10,1000.0,3,_vig_blocks.2,0.846141
30,1,3,vig_tiny,cifar10,1000.0,4,_vig_blocks.3,0.845963
30,1,3,vig_tiny,cifar10,1000.0,5,_vig_blocks.4,0.827959
30,1,3,vig_tiny,cifar10,1000.0,6,_vig_blocks.5,0.830467
30,1,3,vig_tiny,cifar10,1000.0,7,_vig_blocks.6,0.826666
30,1,3,vig_tiny,cifar10,1000.0,8,_vig_blocks.7,0.815988
30,1,3,vig_tiny,cifar10,1000.0,9,_vig_blocks.8,0.792452
30,1,3,vig_tiny,cifar10,1000.0,10,_vig_blocks.9,0.772970
30,1,3,vig_tiny,cifar10,1000.0,11,_vig_blocks.10,0.733862
30,1,3,vig_tiny,cifar10,1000.0,12,_vig_blocks.11,0.700550
30,1,3,vig_tiny,cifar10,1000.0,13,classifier,0.719805
30,1,4,vig_tiny,cifar10,1000.0,0,_vig_stem,0.887158
30,1,4,vig_tiny,cifar10,1000.0,1,_vig_blocks.0,0.834876
30,1,4,vig_tiny,cifar10,1000.0,2,_vig_blocks.1,0.825903
30,1,4,vig_tiny,cifar10,1000.0,3,_vig_blocks.2,0.818832
30,1,4,vig_tiny,cifar10,1000.0,4,_vig_blocks.3,0.810074
30,1,4,vig_tiny,cifar10,1000.0,5,_vig_blocks.4,0.766299
30,1,4,vig_tiny,cifar10,1000.0,6,_vig_blocks.5,0.766265
30,1,4,vig_tiny,cifar10,1000.0,7,_vig_blocks.6,0.773715
30,1,4,vig_tiny,cifar10,1000.0,8,_vig_blocks.7,0.754366
30,1,4,vig_tiny,cifar10,1000.0,9,_vig_blocks.8,0.732005
30,1,4,vig_tiny,cifar10,1000.0,10,_vig_blocks.9,0.716944
30,1,4,vig_tiny,cifar10,1000.0,11,_vig_blocks.10,0.694667
30,1,4,vig_tiny,cifar10,1000.0,12,_vig_blocks.11,0.659594
30,1,4,vig_tiny,cifar10,1000.0,13,classifier,0.681380
30,1,5,vig_tiny,cifar10,1000.0,0,_vig_stem,0.902856
30,1,5,vig_tiny,cifar10,1000.0,1,_vig_blocks.0,0.855448
30,1,5,vig_tiny,cifar10,1000.0,2,_vig_blocks.1,0.849562
30,1,5,vig_tiny,cifar10,1000.0,3,_vig_blocks.2,0.843662
30,1,5,vig_tiny,cifar10,1000.0,4,_vig_blocks.3,0.844548
30,1,5,vig_tiny,cifar10,1000.0,5,_vig_blocks.4,0.807927
30,1,5,vig_tiny,cifar10,1000.0,6,_vig_blocks.5,0.811323
30,1,5,vig_tiny,cifar10,1000.0,7,_vig_blocks.6,0.814979
30,1,5,vig_tiny,cifar10,1000.0,8,_vig_blocks.7,0.812540
30,1,5,vig_tiny,cifar10,1000.0,9,_vig_blocks.8,0.800453
30,1,5,vig_tiny,cifar10,1000.0,10,_vig_blocks.9,0.784700
30,1,5,vig_tiny,cifar10,1000.0,11,_vig_blocks.10,0.747408
30,1,5,vig_tiny,cifar10,1000.0,12,_vig_blocks.11,0.711276
30,1,5,vig_tiny,cifar10,1000.0,13,classifier,0.700216
30,1,6,vig_tiny,cifar10,1000.0,0,_vig_stem,0.923802
30,1,6,vig_tiny,cifar10,1000.0,1,_vig_blocks.0,0.872645
30,1,6,vig_tiny,cifar10,1000.0,2,_vig_blocks.1,0.850802
30,1,6,vig_tiny,cifar10,1000.0,3,_vig_blocks.2,0.846535
30,1,6,vig_tiny,cifar10,1000.0,4,_vig_blocks.3,0.834949
30,1,6,vig_tiny,cifar10,1000.0,5,_vig_blocks.4,0.815130
30,1,6,vig_tiny,cifar10,1000.0,6,_vig_blocks.5,0.827560
30,1,6,vig_tiny,cifar10,1000.0,7,_vig_blocks.6,0.824225
30,1,6,vig_tiny,cifar10,1000.0,8,_vig_blocks.7,0.812531
30,1,6,vig_tiny,cifar10,1000.0,9,_vig_blocks.8,0.789603
30,1,6,vig_tiny,cifar10,1000.0,10,_vig_blocks.9,0.761050
30,1,6,vig_tiny,cifar10,1000.0,11,_vig_blocks.10,0.709173
30,1,6,vig_tiny,cifar10,1000.0,12,_vig_blocks.11,0.660165
30,1,6,vig_tiny,cifar10,1000.0,13,classifier,0.665352
30,1,7,vig_tiny,cifar10,1000.0,0,_vig_stem,0.920795
30,1,7,vig_tiny,cifar10,1000.0,1,_vig_blocks.0,0.854701
30,1,7,vig_tiny,cifar10,1000.0,2,_vig_blocks.1,0.866550
30,1,7,vig_tiny,cifar10,1000.0,3,_vig_blocks.2,0.865904
30,1,7,vig_tiny,cifar10,1000.0,4,_vig_blocks.3,0.867228
30,1,7,vig_tiny,cifar10,1000.0,5,_vig_blocks.4,0.858911
30,1,7,vig_tiny,cifar10,1000.0,6,_vig_blocks.5,0.860383
30,1,7,vig_tiny,cifar10,1000.0,7,_vig_blocks.6,0.855698
30,1,7,vig_tiny,cifar10,1000.0,8,_vig_blocks.7,0.842923
30,1,7,vig_tiny,cifar10,1000.0,9,_vig_blocks.8,0.821141
30,1,7,vig_tiny,cifar10,1000.0,10,_vig_blocks.9,0.786141
30,1,7,vig_tiny,cifar10,1000.0,11,_vig_blocks.10,0.723789
30,1,7,vig_tiny,cifar10,1000.0,12,_vig_blocks.11,0.663698
30,1,7,vig_tiny,cifar10,1000.0,13,classifier,0.622302
30,1,8,vig_tiny,cifar10,1000.0,0,_vig_stem,0.925847
30,1,8,vig_tiny,cifar10,1000.0,1,_vig_blocks.0,0.848104
30,1,8,vig_tiny,cifar10,1000.0,2,_vig_blocks.1,0.850747
30,1,8,vig_tiny,cifar10,1000.0,3,_vig_blocks.2,0.840159
30,1,8,vig_tiny,cifar10,1000.0,4,_vig_blocks.3,0.834612
30,1,8,vig_tiny,cifar10,1000.0,5,_vig_blocks.4,0.798157
30,1,8,vig_tiny,cifar10,1000.0,6,_vig_blocks.5,0.811154
30,1,8,vig_tiny,cifar10,1000.0,7,_vig_blocks.6,0.813138
30,1,8,vig_tiny,cifar10,1000.0,8,_vig_blocks.7,0.795872
30,1,8,vig_tiny,cifar10,1000.0,9,_vig_blocks.8,0.771748
30,1,8,vig_tiny,cifar10,1000.0,10,_vig_blocks.9,0.750736
30,1,8,vig_tiny,cifar10,1000.0,11,_vig_blocks.10,0.701628
30,1,8,vig_tiny,cifar10,1000.0,12,_vig_blocks.11,0.652022
30,1,8,vig_tiny,cifar10,1000.0,13,classifier,0.696134
30,1,9,vig_tiny,cifar10,1000.0,0,_vig_stem,0.914839
30,1,9,vig_tiny,cifar10,1000.0,1,_vig_blocks.0,0.887517
30,1,9,vig_tiny,cifar10,1000.0,2,_vig_blocks.1,0.869608
30,1,9,vig_tiny,cifar10,1000.0,3,_vig_blocks.2,0.862582
30,1,9,vig_tiny,cifar10,1000.0,4,_vig_blocks.3,0.857976
30,1,9,vig_tiny,cifar10,1000.0,5,_vig_blocks.4,0.839508
30,1,9,vig_tiny,cifar10,1000.0,6,_vig_blocks.5,0.835005
30,1,9,vig_tiny,cifar10,1000.0,7,_vig_blocks.6,0.838730
30,1,9,vig_tiny,cifar10,1000.0,8,_vig_blocks.7,0.830338
30,1,9,vig_tiny,cifar10,1000.0,9,_vig_blocks.8,0.800962
30,1,9,vig_tiny,cifar10,1000.0,10,_vig_blocks.9,0.774311
30,1,9,vig_tiny,cifar10,1000.0,11,_vig_blocks.10,0.739023
30,1,9,vig_tiny,cifar10,1000.0,12,_vig_blocks.11,0.713980
30,1,9,vig_tiny,cifar10,1000.0,13,classifier,0.753466
30,2,3,vig_tiny,cifar10,1000.0,0,_vig_stem,0.884271
30,2,3,vig_tiny,cifar10,1000.0,1,_vig_blocks.0,0.829778
30,2,3,vig_tiny,cifar10,1000.0,2,_vig_blocks.1,0.829890
30,2,3,vig_tiny,cifar10,1000.0,3,_vig_blocks.2,0.807254
30,2,3,vig_tiny,cifar10,1000.0,4,_vig_blocks.3,0.804403
30,2,3,vig_tiny,cifar10,1000.0,5,_vig_blocks.4,0.786047
30,2,3,vig_tiny,cifar10,1000.0,6,_vig_blocks.5,0.794671
30,2,3,vig_tiny,cifar10,1000.0,7,_vig_blocks.6,0.782923
30,2,3,vig_tiny,cifar10,1000.0,8,_vig_blocks.7,0.768956
30,2,3,vig_tiny,cifar10,1000.0,9,_vig_blocks.8,0.742509
30,2,3,vig_tiny,cifar10,1000.0,10,_vig_blocks.9,0.721772
30,2,3,vig_tiny,cifar10,1000.0,11,_vig_blocks.10,0.688588
30,2,3,vig_tiny,cifar10,1000.0,12,_vig_blocks.11,0.651882
30,2,3,vig_tiny,cifar10,1000.0,13,classifier,0.636466
30,2,4,vig_tiny,cifar10,1000.0,0,_vig_stem,0.883808
30,2,4,vig_tiny,cifar10,1000.0,1,_vig_blocks.0,0.806398
30,2,4,vig_tiny,cifar10,1000.0,2,_vig_blocks.1,0.797718
30,2,4,vig_tiny,cifar10,1000.0,3,_vig_blocks.2,0.784294
30,2,4,vig_tiny,cifar10,1000.0,4,_vig_blocks.3,0.787179
30,2,4,vig_tiny,cifar10,1000.0,5,_vig_blocks.4,0.761097
30,2,4,vig_tiny,cifar10,1000.0,6,_vig_blocks.5,0.765713
30,2,4,vig_tiny,cifar10,1000.0,7,_vig_blocks.6,0.752421
30,2,4,vig_tiny,cifar10,1000.0,8,_vig_blocks.7,0.729863
30,2,4,vig_tiny,cifar10,1000.0,9,_vig_blocks.8,0.702219
30,2,4,vig_tiny,cifar10,1000.0,10,_vig_blocks.9,0.672229
30,2,4,vig_tiny,cifar10,1000.0,11,_vig_blocks.10,0.641780
30,2,4,vig_tiny,cifar10,1000.0,12,_vig_blocks.11,0.607574
30,2,4,vig_tiny,cifar10,1000.0,13,classifier,0.621817
30,2,5,vig_tiny,cifar10,1000.0,0,_vig_stem,0.890624
30,2,5,vig_tiny,cifar10,1000.0,1,_vig_blocks.0,0.803577
30,2,5,vig_tiny,cifar10,1000.0,2,_vig_blocks.1,0.808188
30,2,5,vig_tiny,cifar10,1000.0,3,_vig_blocks.2,0.785591
30,2,5,vig_tiny,cifar10,1000.0,4,_vig_blocks.3,0.801162
30,2,5,vig_tiny,cifar10,1000.0,5,_vig_blocks.4,0.773618
30,2,5,vig_tiny,cifar10,1000.0,6,_vig_blocks.5,0.778671
30,2,5,vig_tiny,cifar10,1000.0,7,_vig_blocks.6,0.762821
30,2,5,vig_tiny,cifar10,1000.0,8,_vig_blocks.7,0.760502
30,2,5,vig_tiny,cifar10,1000.0,9,_vig_blocks.8,0.738700
30,2,5,vig_tiny,cifar10,1000.0,10,_vig_blocks.9,0.718298
30,2,5,vig_tiny,cifar10,1000.0,11,_vig_blocks.10,0.678393
30,2,5,vig_tiny,cifar10,1000.0,12,_vig_blocks.11,0.646237
30,2,5,vig_tiny,cifar10,1000.0,13,classifier,0.633541
30,2,6,vig_tiny,cifar10,1000.0,0,_vig_stem,0.892071
30,2,6,vig_tiny,cifar10,1000.0,1,_vig_blocks.0,0.787698
30,2,6,vig_tiny,cifar10,1000.0,2,_vig_blocks.1,0.750841
30,2,6,vig_tiny,cifar10,1000.0,3,_vig_blocks.2,0.757646
30,2,6,vig_tiny,cifar10,1000.0,4,_vig_blocks.3,0.777157
30,2,6,vig_tiny,cifar10,1000.0,5,_vig_blocks.4,0.770026
30,2,6,vig_tiny,cifar10,1000.0,6,_vig_blocks.5,0.783435
30,2,6,vig_tiny,cifar10,1000.0,7,_vig_blocks.6,0.767871
30,2,6,vig_tiny,cifar10,1000.0,8,_vig_blocks.7,0.758289
30,2,6,vig_tiny,cifar10,1000.0,9,_vig_blocks.8,0.726232
30,2,6,vig_tiny,cifar10,1000.0,10,_vig_blocks.9,0.686053
30,2,6,vig_tiny,cifar10,1000.0,11,_vig_blocks.10,0.624209
30,2,6,vig_tiny,cifar10,1000.0,12,_vig_blocks.11,0.588607
30,2,6,vig_tiny,cifar10,1000.0,13,classifier,0.568297
30,2,7,vig_tiny,cifar10,1000.0,0,_vig_stem,0.886891
30,2,7,vig_tiny,cifar10,1000.0,1,_vig_blocks.0,0.787554
30,2,7,vig_tiny,cifar10,1000.0,2,_vig_blocks.1,0.788867
30,2,7,vig_tiny,cifar10,1000.0,3,_vig_blocks.2,0.793316
30,2,7,vig_tiny,cifar10,1000.0,4,_vig_blocks.3,0.802965
30,2,7,vig_tiny,cifar10,1000.0,5,_vig_blocks.4,0.795929
30,2,7,vig_tiny,cifar10,1000.0,6,_vig_blocks.5,0.811263
30,2,7,vig_tiny,cifar10,1000.0,7,_vig_blocks.6,0.791533
30,2,7,vig_tiny,cifar10,1000.0,8,_vig_blocks.7,0.772310
30,2,7,vig_tiny,cifar10,1000.0,9,_vig_blocks.8,0.736437
30,2,7,vig_tiny,cifar10,1000.0,10,_vig_blocks.9,0.698480
30,2,7,vig_tiny,cifar10,1000.0,11,_vig_blocks.10,0.635079
30,2,7,vig_tiny,cifar10,1000.0,12,_vig_blocks.11,0.586078
30,2,7,vig_tiny,cifar10,1000.0,13,classifier,0.530827
30,2,8,vig_tiny,cifar10,1000.0,0,_vig_stem,0.916830
30,2,8,vig_tiny,cifar10,1000.0,1,_vig_blocks.0,0.834966
30,2,8,vig_tiny,cifar10,1000.0,2,_vig_blocks.1,0.824446
30,2,8,vig_tiny,cifar10,1000.0,3,_vig_blocks.2,0.810539
30,2,8,vig_tiny,cifar10,1000.0,4,_vig_blocks.3,0.828810
30,2,8,vig_tiny,cifar10,1000.0,5,_vig_blocks.4,0.807974
30,2,8,vig_tiny,cifar10,1000.0,6,_vig_blocks.5,0.821457
30,2,8,vig_tiny,cifar10,1000.0,7,_vig_blocks.6,0.805319
30,2,8,vig_tiny,cifar10,1000.0,8,_vig_blocks.7,0.792976
30,2,8,vig_tiny,cifar10,1000.0,9,_vig_blocks.8,0.766002
30,2,8,vig_tiny,cifar10,1000.0,10,_vig_blocks.9,0.740724
30,2,8,vig_tiny,cifar10,1000.0,11,_vig_blocks.10,0.685271
30,2,8,vig_tiny,cifar10,1000.0,12,_vig_blocks.11,0.632850
30,2,8,vig_tiny,cifar10,1000.0,13,classifier,0.603170
30,2,9,vig_tiny,cifar10,1000.0,0,_vig_stem,0.878835
30,2,9,vig_tiny,cifar10,1000.0,1,_vig_blocks.0,0.824086
30,2,9,vig_tiny,cifar10,1000.0,2,_vig_blocks.1,0.838006
30,2,9,vig_tiny,cifar10,1000.0,3,_vig_blocks.2,0.833209
30,2,9,vig_tiny,cifar10,1000.0,4,_vig_blocks.3,0.818610
30,2,9,vig_tiny,cifar10,1000.0,5,_vig_blocks.4,0.808569
30,2,9,vig_tiny,cifar10,1000.0,6,_vig_blocks.5,0.802018
30,2,9,vig_tiny,cifar10,1000.0,7,_vig_blocks.6,0.793729
30,2,9,vig_tiny,cifar10,1000.0,8,_vig_blocks.7,0.778417
30,2,9,vig_tiny,cifar10,1000.0,9,_vig_blocks.8,0.746875
30,2,9,vig_tiny,cifar10,1000.0,10,_vig_blocks.9,0.712798
30,2,9,vig_tiny,cifar10,1000.0,11,_vig_blocks.10,0.659441
30,2,9,vig_tiny,cifar10,1000.0,12,_vig_blocks.11,0.626893
30,2,9,vig_tiny,cifar10,1000.0,13,classifier,0.657465
30,3,4,vig_tiny,cifar10,1000.0,0,_vig_stem,0.874911
30,3,4,vig_tiny,cifar10,1000.0,1,_vig_blocks.0,0.827840
30,3,4,vig_tiny,cifar10,1000.0,2,_vig_blocks.1,0.829703
30,3,4,vig_tiny,cifar10,1000.0,3,_vig_blocks.2,0.823494
30,3,4,vig_tiny,cifar10,1000.0,4,_vig_blocks.3,0.829196
30,3,4,vig_tiny,cifar10,1000.0,5,_vig_blocks.4,0.811847
30,3,4,vig_tiny,cifar10,1000.0,6,_vig_blocks.5,0.824753
30,3,4,vig_tiny,cifar10,1000.0,7,_vig_blocks.6,0.821754
30,3,4,vig_tiny,cifar10,1000.0,8,_vig_blocks.7,0.805520
30,3,4,vig_tiny,cifar10,1000.0,9,_vig_blocks.8,0.784341
30,3,4,vig_tiny,cifar10,1000.0,10,_vig_blocks.9,0.757364
30,3,4,vig_tiny,cifar10,1000.0,11,_vig_blocks.10,0.733519
30,3,4,vig_tiny,cifar10,1000.0,12,_vig_blocks.11,0.699721
30,3,4,vig_tiny,cifar10,1000.0,13,classifier,0.703660
30,3,5,vig_tiny,cifar10,1000.0,0,_vig_stem,0.925528
30,3,5,vig_tiny,cifar10,1000.0,1,_vig_blocks.0,0.852227
30,3,5,vig_tiny,cifar10,1000.0,2,_vig_blocks.1,0.840533
30,3,5,vig_tiny,cifar10,1000.0,3,_vig_blocks.2,0.826006
30,3,5,vig_tiny,cifar10,1000.0,4,_vig_blocks.3,0.821332
30,3,5,vig_tiny,cifar10,1000.0,5,_vig_blocks.4,0.807290
30,3,5,vig_tiny,cifar10,1000.0,6,_vig_blocks.5,0.823714
30,3,5,vig_tiny,cifar10,1000.0,7,_vig_blocks.6,0.814193
30,3,5,vig_tiny,cifar10,1000.0,8,_vig_blocks.7,0.806271
30,3,5,vig_tiny,cifar10,1000.0,9,_vig_blocks.8,0.785309
30,3,5,vig_tiny,cifar10,1000.0,10,_vig_blocks.9,0.756139
30,3,5,vig_tiny,cifar10,1000.0,11,_vig_blocks.10,0.718637
30,3,5,vig_tiny,cifar10,1000.0,12,_vig_blocks.11,0.675419
30,3,5,vig_tiny,cifar10,1000.0,13,classifier,0.693710
30,3,6,vig_tiny,cifar10,1000.0,0,_vig_stem,0.909307
30,3,6,vig_tiny,cifar10,1000.0,1,_vig_blocks.0,0.845599
30,3,6,vig_tiny,cifar10,1000.0,2,_vig_blocks.1,0.796090
30,3,6,vig_tiny,cifar10,1000.0,3,_vig_blocks.2,0.789079
30,3,6,vig_tiny,cifar10,1000.0,4,_vig_blocks.3,0.779636
30,3,6,vig_tiny,cifar10,1000.0,5,_vig_blocks.4,0.785507
30,3,6,vig_tiny,cifar10,1000.0,6,_vig_blocks.5,0.802641
30,3,6,vig_tiny,cifar10,1000.0,7,_vig_blocks.6,0.796790
30,3,6,vig_tiny,cifar10,1000.0,8,_vig_blocks.7,0.789423
30,3,6,vig_tiny,cifar10,1000.0,9,_vig_blocks.8,0.768078
30,3,6,vig_tiny,cifar10,1000.0,10,_vig_blocks.9,0.747720
30,3,6,vig_tiny,cifar10,1000.0,11,_vig_blocks.10,0.710425
30,3,6,vig_tiny,cifar10,1000.0,12,_vig_blocks.11,0.684640
30,3,6,vig_tiny,cifar10,1000.0,13,classifier,0.719435
30,3,7,vig_tiny,cifar10,1000.0,0,_vig_stem,0.929932
30,3,7,vig_tiny,cifar10,1000.0,1,_vig_blocks.0,0.862228
30,3,7,vig_tiny,cifar10,1000.0,2,_vig_blocks.1,0.822079
30,3,7,vig_tiny,cifar10,1000.0,3,_vig_blocks.2,0.818137
30,3,7,vig_tiny,cifar10,1000.0,4,_vig_blocks.3,0.821784
30,3,7,vig_tiny,cifar10,1000.0,5,_vig_blocks.4,0.816835
30,3,7,vig_tiny,cifar10,1000.0,6,_vig_blocks.5,0.819912
30,3,7,vig_tiny,cifar10,1000.0,7,_vig_blocks.6,0.805575
30,3,7,vig_tiny,cifar10,1000.0,8,_vig_blocks.7,0.787309
30,3,7,vig_tiny,cifar10,1000.0,9,_vig_blocks.8,0.752894
30,3,7,vig_tiny,cifar10,1000.0,10,_vig_blocks.9,0.720122
30,3,7,vig_tiny,cifar10,1000.0,11,_vig_blocks.10,0.666268
30,3,7,vig_tiny,cifar10,1000.0,12,_vig_blocks.11,0.616919
30,3,7,vig_tiny,cifar10,1000.0,13,classifier,0.598438
30,3,8,vig_tiny,cifar10,1000.0,0,_vig_stem,0.905092
30,3,8,vig_tiny,cifar10,1000.0,1,_vig_blocks.0,0.827455
30,3,8,vig_tiny,cifar10,1000.0,2,_vig_blocks.1,0.821064
30,3,8,vig_tiny,cifar10,1000.0,3,_vig_blocks.2,0.809249
30,3,8,vig_tiny,cifar10,1000.0,4,_vig_blocks.3,0.806810
30,3,8,vig_tiny,cifar10,1000.0,5,_vig_blocks.4,0.792122
30,3,8,vig_tiny,cifar10,1000.0,6,_vig_blocks.5,0.810141
30,3,8,vig_tiny,cifar10,1000.0,7,_vig_blocks.6,0.800824
30,3,8,vig_tiny,cifar10,1000.0,8,_vig_blocks.7,0.780890
30,3,8,vig_tiny,cifar10,1000.0,9,_vig_blocks.8,0.746785
30,3,8,vig_tiny,cifar10,1000.0,10,_vig_blocks.9,0.720601
30,3,8,vig_tiny,cifar10,1000.0,11,_vig_blocks.10,0.675601
30,3,8,vig_tiny,cifar10,1000.0,12,_vig_blocks.11,0.632531
30,3,8,vig_tiny,cifar10,1000.0,13,classifier,0.694895
30,3,9,vig_tiny,cifar10,1000.0,0,_vig_stem,0.882123
30,3,9,vig_tiny,cifar10,1000.0,1,_vig_blocks.0,0.862886
30,3,9,vig_tiny,cifar10,1000.0,2,_vig_blocks.1,0.878531
30,3,9,vig_tiny,cifar10,1000.0,3,_vig_blocks.2,0.868847
30,3,9,vig_tiny,cifar10,1000.0,4,_vig_blocks.3,0.875909
30,3,9,vig_tiny,cifar10,1000.0,5,_vig_blocks.4,0.868002
30,3,9,vig_tiny,cifar10,1000.0,6,_vig_blocks.5,0.885158
30,3,9,vig_tiny,cifar10,1000.0,7,_vig_blocks.6,0.876220
30,3,9,vig_tiny,cifar10,1000.0,8,_vig_blocks.7,0.856228
30,3,9,vig_tiny,cifar10,1000.0,9,_vig_blocks.8,0.824336
30,3,9,vig_tiny,cifar10,1000.0,10,_vig_blocks.9,0.787239
30,3,9,vig_tiny,cifar10,1000.0,11,_vig_blocks.10,0.746701
30,3,9,vig_tiny,cifar10,1000.0,12,_vig_blocks.11,0.718634
30,3,9,vig_tiny,cifar10,1000.0,13,classifier,0.802872
30,4,5,vig_tiny,cifar10,1000.0,0,_vig_stem,0.896729
30,4,5,vig_tiny,cifar10,1000.0,1,_vig_blocks.0,0.805176
30,4,5,vig_tiny,cifar10,1000.0,2,_vig_blocks.1,0.809322
30,4,5,vig_tiny,cifar10,1000.0,3,_vig_blocks.2,0.815753
30,4,5,vig_tiny,cifar10,1000.0,4,_vig_blocks.3,0.812861
30,4,5,vig_tiny,cifar10,1000.0,5,_vig_blocks.4,0.784510
30,4,5,vig_tiny,cifar10,1000.0,6,_vig_blocks.5,0.790430
30,4,5,vig_tiny,cifar10,1000.0,7,_vig_blocks.6,0.799132
30,4,5,vig_tiny,cifar10,1000.0,8,_vig_blocks.7,0.788578
30,4,5,vig_tiny,cifar10,1000.0,9,_vig_blocks.8,0.774974
30,4,5,vig_tiny,cifar10,1000.0,10,_vig_blocks.9,0.756644
30,4,5,vig_tiny,cifar10,1000.0,11,_vig_blocks.10,0.726497
30,4,5,vig_tiny,cifar10,1000.0,12,_vig_blocks.11,0.667488
30,4,5,vig_tiny,cifar10,1000.0,13,classifier,0.661945
30,4,6,vig_tiny,cifar10,1000.0,0,_vig_stem,0.903110
30,4,6,vig_tiny,cifar10,1000.0,1,_vig_blocks.0,0.846546
30,4,6,vig_tiny,cifar10,1000.0,2,_vig_blocks.1,0.831318
30,4,6,vig_tiny,cifar10,1000.0,3,_vig_blocks.2,0.829976
30,4,6,vig_tiny,cifar10,1000.0,4,_vig_blocks.3,0.814868
30,4,6,vig_tiny,cifar10,1000.0,5,_vig_blocks.4,0.785454
30,4,6,vig_tiny,cifar10,1000.0,6,_vig_blocks.5,0.797750
30,4,6,vig_tiny,cifar10,1000.0,7,_vig_blocks.6,0.809731
30,4,6,vig_tiny,cifar10,1000.0,8,_vig_blocks.7,0.786657
30,4,6,vig_tiny,cifar10,1000.0,9,_vig_blocks.8,0.770968
30,4,6,vig_tiny,cifar10,1000.0,10,_vig_blocks.9,0.746945
30,4,6,vig_tiny,cifar10,1000.0,11,_vig_blocks.10,0.721613
30,4,6,vig_tiny,cifar10,1000.0,12,_vig_blocks.11,0.686084
30,4,6,vig_tiny,cifar10,1000.0,13,classifier,0.678531
30,4,7,vig_tiny,cifar10,1000.0,0,_vig_stem,0.856237
30,4,7,vig_tiny,cifar10,1000.0,1,_vig_blocks.0,0.791133
30,4,7,vig_tiny,cifar10,1000.0,2,_vig_blocks.1,0.792458
30,4,7,vig_tiny,cifar10,1000.0,3,_vig_blocks.2,0.780479
30,4,7,vig_tiny,cifar10,1000.0,4,_vig_blocks.3,0.790845
30,4,7,vig_tiny,cifar10,1000.0,5,_vig_blocks.4,0.762251
30,4,7,vig_tiny,cifar10,1000.0,6,_vig_blocks.5,0.774724
30,4,7,vig_tiny,cifar10,1000.0,7,_vig_blocks.6,0.779275
30,4,7,vig_tiny,cifar10,1000.0,8,_vig_blocks.7,0.758877
30,4,7,vig_tiny,cifar10,1000.0,9,_vig_blocks.8,0.732015
30,4,7,vig_tiny,cifar10,1000.0,10,_vig_blocks.9,0.700117
30,4,7,vig_tiny,cifar10,1000.0,11,_vig_blocks.10,0.657350
30,4,7,vig_tiny,cifar10,1000.0,12,_vig_blocks.11,0.597642
30,4,7,vig_tiny,cifar10,1000.0,13,classifier,0.536638
30,4,8,vig_tiny,cifar10,1000.0,0,_vig_stem,0.877558
30,4,8,vig_tiny,cifar10,1000.0,1,_vig_blocks.0,0.808346
30,4,8,vig_tiny,cifar10,1000.0,2,_vig_blocks.1,0.821909
30,4,8,vig_tiny,cifar10,1000.0,3,_vig_blocks.2,0.833355
30,4,8,vig_tiny,cifar10,1000.0,4,_vig_blocks.3,0.831563
30,4,8,vig_tiny,cifar10,1000.0,5,_vig_blocks.4,0.815963
30,4,8,vig_tiny,cifar10,1000.0,6,_vig_blocks.5,0.827569
30,4,8,vig_tiny,cifar10,1000.0,7,_vig_blocks.6,0.829997
30,4,8,vig_tiny,cifar10,1000.0,8,_vig_blocks.7,0.810665
30,4,8,vig_tiny,cifar10,1000.0,9,_vig_blocks.8,0.781159
30,4,8,vig_tiny,cifar10,1000.0,10,_vig_blocks.9,0.741492
30,4,8,vig_tiny,cifar10,1000.0,11,_vig_blocks.10,0.697320
30,4,8,vig_tiny,cifar10,1000.0,12,_vig_blocks.11,0.640783
30,4,8,vig_tiny,cifar10,1000.0,13,classifier,0.619686
30,4,9,vig_tiny,cifar10,1000.0,0,_vig_stem,0.911627
30,4,9,vig_tiny,cifar10,1000.0,1,_vig_blocks.0,0.854533
30,4,9,vig_tiny,cifar10,1000.0,2,_vig_blocks.1,0.848070
30,4,9,vig_tiny,cifar10,1000.0,3,_vig_blocks.2,0.830268
30,4,9,vig_tiny,cifar10,1000.0,4,_vig_blocks.3,0.821035
30,4,9,vig_tiny,cifar10,1000.0,5,_vig_blocks.4,0.813222
30,4,9,vig_tiny,cifar10,1000.0,6,_vig_blocks.5,0.827938
30,4,9,vig_tiny,cifar10,1000.0,7,_vig_blocks.6,0.827074
30,4,9,vig_tiny,cifar10,1000.0,8,_vig_blocks.7,0.814167
30,4,9,vig_tiny,cifar10,1000.0,9,_vig_blocks.8,0.785711
30,4,9,vig_tiny,cifar10,1000.0,10,_vig_blocks.9,0.747269
30,4,9,vig_tiny,cifar10,1000.0,11,_vig_blocks.10,0.723952
30,4,9,vig_tiny,cifar10,1000.0,12,_vig_blocks.11,0.691472
30,4,9,vig_tiny,cifar10,1000.0,13,classifier,0.743639
30,5,6,vig_tiny,cifar10,1000.0,0,_vig_stem,0.905647
30,5,6,vig_tiny,cifar10,1000.0,1,_vig_blocks.0,0.832558
30,5,6,vig_tiny,cifar10,1000.0,2,_vig_blocks.1,0.812585
30,5,6,vig_tiny,cifar10,1000.0,3,_vig_blocks.2,0.825550
30,5,6,vig_tiny,cifar10,1000.0,4,_vig_blocks.3,0.828724
30,5,6,vig_tiny,cifar10,1000.0,5,_vig_blocks.4,0.805519
30,5,6,vig_tiny,cifar10,1000.0,6,_vig_blocks.5,0.808833
30,5,6,vig_tiny,cifar10,1000.0,7,_vig_blocks.6,0.816932
30,5,6,vig_tiny,cifar10,1000.0,8,_vig_blocks.7,0.821470
30,5,6,vig_tiny,cifar10,1000.0,9,_vig_blocks.8,0.811540
30,5,6,vig_tiny,cifar10,1000.0,10,_vig_blocks.9,0.790049
30,5,6,vig_tiny,cifar10,1000.0,11,_vig_blocks.10,0.746828
30,5,6,vig_tiny,cifar10,1000.0,12,_vig_blocks.11,0.699876
30,5,6,vig_tiny,cifar10,1000.0,13,classifier,0.724312
30,5,7,vig_tiny,cifar10,1000.0,0,_vig_stem,0.896699
30,5,7,vig_tiny,cifar10,1000.0,1,_vig_blocks.0,0.836688
30,5,7,vig_tiny,cifar10,1000.0,2,_vig_blocks.1,0.818383
30,5,7,vig_tiny,cifar10,1000.0,3,_vig_blocks.2,0.803067
30,5,7,vig_tiny,cifar10,1000.0,4,_vig_blocks.3,0.801677
30,5,7,vig_tiny,cifar10,1000.0,5,_vig_blocks.4,0.765010
30,5,7,vig_tiny,cifar10,1000.0,6,_vig_blocks.5,0.761596
30,5,7,vig_tiny,cifar10,1000.0,7,_vig_blocks.6,0.766296
30,5,7,vig_tiny,cifar10,1000.0,8,_vig_blocks.7,0.773401
30,5,7,vig_tiny,cifar10,1000.0,9,_vig_blocks.8,0.762489
30,5,7,vig_tiny,cifar10,1000.0,10,_vig_blocks.9,0.742620
30,5,7,vig_tiny,cifar10,1000.0,11,_vig_blocks.10,0.697007
30,5,7,vig_tiny,cifar10,1000.0,12,_vig_blocks.11,0.638985
30,5,7,vig_tiny,cifar10,1000.0,13,classifier,0.597488
30,5,8,vig_tiny,cifar10,1000.0,0,_vig_stem,0.909934
30,5,8,vig_tiny,cifar10,1000.0,1,_vig_blocks.0,0.839773
30,5,8,vig_tiny,cifar10,1000.0,2,_vig_blocks.1,0.850217
30,5,8,vig_tiny,cifar10,1000.0,3,_vig_blocks.2,0.856435
30,5,8,vig_tiny,cifar10,1000.0,4,_vig_blocks.3,0.869260
30,5,8,vig_tiny,cifar10,1000.0,5,_vig_blocks.4,0.866801
30,5,8,vig_tiny,cifar10,1000.0,6,_vig_blocks.5,0.871835
30,5,8,vig_tiny,cifar10,1000.0,7,_vig_blocks.6,0.875792
30,5,8,vig_tiny,cifar10,1000.0,8,_vig_blocks.7,0.868102
30,5,8,vig_tiny,cifar10,1000.0,9,_vig_blocks.8,0.846838
30,5,8,vig_tiny,cifar10,1000.0,10,_vig_blocks.9,0.823462
30,5,8,vig_tiny,cifar10,1000.0,11,_vig_blocks.10,0.775517
30,5,8,vig_tiny,cifar10,1000.0,12,_vig_blocks.11,0.721840
30,5,8,vig_tiny,cifar10,1000.0,13,classifier,0.733211
30,5,9,vig_tiny,cifar10,1000.0,0,_vig_stem,0.892418
30,5,9,vig_tiny,cifar10,1000.0,1,_vig_blocks.0,0.845335
30,5,9,vig_tiny,cifar10,1000.0,2,_vig_blocks.1,0.848161
30,5,9,vig_tiny,cifar10,1000.0,3,_vig_blocks.2,0.835110
30,5,9,vig_tiny,cifar10,1000.0,4,_vig_blocks.3,0.827199
30,5,9,vig_tiny,cifar10,1000.0,5,_vig_blocks.4,0.821355
30,5,9,vig_tiny,cifar10,1000.0,6,_vig_blocks.5,0.832490
30,5,9,vig_tiny,cifar10,1000.0,7,_vig_blocks.6,0.827850
30,5,9,vig_tiny,cifar10,1000.0,8,_vig_blocks.7,0.824492
30,5,9,vig_tiny,cifar10,1000.0,9,_vig_blocks.8,0.800737
30,5,9,vig_tiny,cifar10,1000.0,10,_vig_blocks.9,0.770587
30,5,9,vig_tiny,cifar10,1000.0,11,_vig_blocks.10,0.741835
30,5,9,vig_tiny,cifar10,1000.0,12,_vig_blocks.11,0.715043
30,5,9,vig_tiny,cifar10,1000.0,13,classifier,0.760202
30,6,7,vig_tiny,cifar10,1000.0,0,_vig_stem,0.916065
30,6,7,vig_tiny,cifar10,1000.0,1,_vig_blocks.0,0.843860
30,6,7,vig_tiny,cifar10,1000.0,2,_vig_blocks.1,0.832544
30,6,7,vig_tiny,cifar10,1000.0,3,_vig_blocks.2,0.837634
30,6,7,vig_tiny,cifar10,1000.0,4,_vig_blocks.3,0.845314
30,6,7,vig_tiny,cifar10,1000.0,5,_vig_blocks.4,0.836479
30,6,7,vig_tiny,cifar10,1000.0,6,_vig_blocks.5,0.841545
30,6,7,vig_tiny,cifar10,1000.0,7,_vig_blocks.6,0.840480
30,6,7,vig_tiny,cifar10,1000.0,8,_vig_blocks.7,0.836457
30,6,7,vig_tiny,cifar10,1000.0,9,_vig_blocks.8,0.815546
30,6,7,vig_tiny,cifar10,1000.0,10,_vig_blocks.9,0.787917
30,6,7,vig_tiny,cifar10,1000.0,11,_vig_blocks.10,0.729205
30,6,7,vig_tiny,cifar10,1000.0,12,_vig_blocks.11,0.663177
30,6,7,vig_tiny,cifar10,1000.0,13,classifier,0.631451
30,6,8,vig_tiny,cifar10,1000.0,0,_vig_stem,0.921119
30,6,8,vig_tiny,cifar10,1000.0,1,_vig_blocks.0,0.804853
30,6,8,vig_tiny,cifar10,1000.0,2,_vig_blocks.1,0.807455
30,6,8,vig_tiny,cifar10,1000.0,3,_vig_blocks.2,0.827069
30,6,8,vig_tiny,cifar10,1000.0,4,_vig_blocks.3,0.825436
30,6,8,vig_tiny,cifar10,1000.0,5,_vig_blocks.4,0.827775
30,6,8,vig_tiny,cifar10,1000.0,6,_vig_blocks.5,0.841067
30,6,8,vig_tiny,cifar10,1000.0,7,_vig_blocks.6,0.835384
30,6,8,vig_tiny,cifar10,1000.0,8,_vig_blocks.7,0.833844
30,6,8,vig_tiny,cifar10,1000.0,9,_vig_blocks.8,0.812560
30,6,8,vig_tiny,cifar10,1000.0,10,_vig_blocks.9,0.780772
30,6,8,vig_tiny,cifar10,1000.0,11,_vig_blocks.10,0.731634
30,6,8,vig_tiny,cifar10,1000.0,12,_vig_blocks.11,0.688325
30,6,8,vig_tiny,cifar10,1000.0,13,classifier,0.711266
30,6,9,vig_tiny,cifar10,1000.0,0,_vig_stem,0.926704
30,6,9,vig_tiny,cifar10,1000.0,1,_vig_blocks.0,0.861425
30,6,9,vig_tiny,cifar10,1000.0,2,_vig_blocks.1,0.807448
30,6,9,vig_tiny,cifar10,1000.0,3,_vig_blocks.2,0.785349
30,6,9,vig_tiny,cifar10,1000.0,4,_vig_blocks.3,0.760693
30,6,9,vig_tiny,cifar10,1000.0,5,_vig_blocks.4,0.762529
30,6,9,vig_tiny,cifar10,1000.0,6,_vig_blocks.5,0.775966
30,6,9,vig_tiny,cifar10,1000.0,7,_vig_blocks.6,0.783202
30,6,9,vig_tiny,cifar10,1000.0,8,_vig_blocks.7,0.785686
30,6,9,vig_tiny,cifar10,1000.0,9,_vig_blocks.8,0.762424
30,6,9,vig_tiny,cifar10,1000.0,10,_vig_blocks.9,0.725464
30,6,9,vig_tiny,cifar10,1000.0,11,_vig_blocks.10,0.693242
30,6,9,vig_tiny,cifar10,1000.0,12,_vig_blocks.11,0.678282
30,6,9,vig_tiny,cifar10,1000.0,13,classifier,0.722740
30,7,8,vig_tiny,cifar10,1000.0,0,_vig_stem,0.908194
30,7,8,vig_tiny,cifar10,1000.0,1,_vig_blocks.0,0.808120
30,7,8,vig_tiny,cifar10,1000.0,2,_vig_blocks.1,0.797041
30,7,8,vig_tiny,cifar10,1000.0,3,_vig_blocks.2,0.799077
30,7,8,vig_tiny,cifar10,1000.0,4,_vig_blocks.3,0.798728
30,7,8,vig_tiny,cifar10,1000.0,5,_vig_blocks.4,0.780950
30,7,8,vig_tiny,cifar10,1000.0,6,_vig_blocks.5,0.791251
30,7,8,vig_tiny,cifar10,1000.0,7,_vig_blocks.6,0.795271
30,7,8,vig_tiny,cifar10,1000.0,8,_vig_blocks.7,0.783592
30,7,8,vig_tiny,cifar10,1000.0,9,_vig_blocks.8,0.760217
30,7,8,vig_tiny,cifar10,1000.0,10,_vig_blocks.9,0.724610
30,7,8,vig_tiny,cifar10,1000.0,11,_vig_blocks.10,0.673979
30,7,8,vig_tiny,cifar10,1000.0,12,_vig_blocks.11,0.628816
30,7,8,vig_tiny,cifar10,1000.0,13,classifier,0.682608
30,7,9,vig_tiny,cifar10,1000.0,0,_vig_stem,0.896751
30,7,9,vig_tiny,cifar10,1000.0,1,_vig_blocks.0,0.862074
30,7,9,vig_tiny,cifar10,1000.0,2,_vig_blocks.1,0.842508
30,7,9,vig_tiny,cifar10,1000.0,3,_vig_blocks.2,0.827638
30,7,9,vig_tiny,cifar10,1000.0,4,_vig_blocks.3,0.811638
30,7,9,vig_tiny,cifar10,1000.0,5,_vig_blocks.4,0.802315
30,7,9,vig_tiny,cifar10,1000.0,6,_vig_blocks.5,0.805342
30,7,9,vig_tiny,cifar10,1000.0,7,_vig_blocks.6,0.806024
30,7,9,vig_tiny,cifar10,1000.0,8,_vig_blocks.7,0.792333
30,7,9,vig_tiny,cifar10,1000.0,9,_vig_blocks.8,0.755538
30,7,9,vig_tiny,cifar10,1000.0,10,_vig_blocks.9,0.709485
30,7,9,vig_tiny,cifar10,1000.0,11,_vig_blocks.10,0.668538
30,7,9,vig_tiny,cifar10,1000.0,12,_vig_blocks.11,0.637152
30,7,9,vig_tiny,cifar10,1000.0,13,classifier,0.613217
30,8,9,vig_tiny,cifar10,1000.0,0,_vig_stem,0.905605
30,8,9,vig_tiny,cifar10,1000.0,1,_vig_blocks.0,0.843929
30,8,9,vig_tiny,cifar10,1000.0,2,_vig_blocks.1,0.830812
30,8,9,vig_tiny,cifar10,1000.0,3,_vig_blocks.2,0.817246
30,8,9,vig_tiny,cifar10,1000.0,4,_vig_blocks.3,0.818166
30,8,9,vig_tiny,cifar10,1000.0,5,_vig_blocks.4,0.808675
30,8,9,vig_tiny,cifar10,1000.0,6,_vig_blocks.5,0.823142
30,8,9,vig_tiny,cifar10,1000.0,7,_vig_blocks.6,0.825890
30,8,9,vig_tiny,cifar10,1000.0,8,_vig_blocks.7,0.815402
30,8,9,vig_tiny,cifar10,1000.0,9,_vig_blocks.8,0.787816
30,8,9,vig_tiny,cifar10,1000.0,10,_vig_blocks.9,0.760700
30,8,9,vig_tiny,cifar10,1000.0,11,_vig_blocks.10,0.721570
30,8,9,vig_tiny,cifar10,1000.0,12,_vig_blocks.11,0.699498
30,8,9,vig_tiny,cifar10,1000.0,13,classifier,0.756962
40,0,1,vig_tiny,cifar10,1000.0,0,_vig_stem,0.925146
40,0,1,vig_tiny,cifar10,1000.0,1,_vig_blocks.0,0.874647
40,0,1,vig_tiny,cifar10,1000.0,2,_vig_blocks.1,0.867789
40,0,1,vig_tiny,cifar10,1000.0,3,_vig_blocks.2,0.865731
40,0,1,vig_tiny,cifar10,1000.0,4,_vig_blocks.3,0.869299
40,0,1,vig_tiny,cifar10,1000.0,5,_vig_blocks.4,0.853324
40,0,1,vig_tiny,cifar10,1000.0,6,_vig_blocks.5,0.847695
40,0,1,vig_tiny,cifar10,1000.0,7,_vig_blocks.6,0.846190
40,0,1,vig_tiny,cifar10,1000.0,8,_vig_blocks.7,0.835079
40,0,1,vig_tiny,cifar10,1000.0,9,_vig_blocks.8,0.816007
40,0,1,vig_tiny,cifar10,1000.0,10,_vig_blocks.9,0.789684
40,0,1,vig_tiny,cifar10,1000.0,11,_vig_blocks.10,0.755992
40,0,1,vig_tiny,cifar10,1000.0,12,_vig_blocks.11,0.711813
40,0,1,vig_tiny,cifar10,1000.0,13,classifier,0.708190
40,0,2,vig_tiny,cifar10,1000.0,0,_vig_stem,0.895249
40,0,2,vig_tiny,cifar10,1000.0,1,_vig_blocks.0,0.838945
40,0,2,vig_tiny,cifar10,1000.0,2,_vig_blocks.1,0.815143
40,0,2,vig_tiny,cifar10,1000.0,3,_vig_blocks.2,0.812896
40,0,2,vig_tiny,cifar10,1000.0,4,_vig_blocks.3,0.792970
40,0,2,vig_tiny,cifar10,1000.0,5,_vig_blocks.4,0.795054
40,0,2,vig_tiny,cifar10,1000.0,6,_vig_blocks.5,0.808620
40,0,2,vig_tiny,cifar10,1000.0,7,_vig_blocks.6,0.804851
40,0,2,vig_tiny,cifar10,1000.0,8,_vig_blocks.7,0.790255
40,0,2,vig_tiny,cifar10,1000.0,9,_vig_blocks.8,0.768032
40,0,2,vig_tiny,cifar10,1000.0,10,_vig_blocks.9,0.743647
40,0,2,vig_tiny,cifar10,1000.0,11,_vig_blocks.10,0.715819
40,0,2,vig_tiny,cifar10,1000.0,12,_vig_blocks.11,0.673851
40,0,2,vig_tiny,cifar10,1000.0,13,classifier,0.727741
40,0,3,vig_tiny,cifar10,1000.0,0,_vig_stem,0.863248
40,0,3,vig_tiny,cifar10,1000.0,1,_vig_blocks.0,0.814172
40,0,3,vig_tiny,cifar10,1000.0,2,_vig_blocks.1,0.810052
40,0,3,vig_tiny,cifar10,1000.0,3,_vig_blocks.2,0.808677
40,0,3,vig_tiny,cifar10,1000.0,4,_vig_blocks.3,0.821658
40,0,3,vig_tiny,cifar10,1000.0,5,_vig_blocks.4,0.807816
40,0,3,vig_tiny,cifar10,1000.0,6,_vig_blocks.5,0.807953
40,0,3,vig_tiny,cifar10,1000.0,7,_vig_blocks.6,0.804684
40,0,3,vig_tiny,cifar10,1000.0,8,_vig_blocks.7,0.795739
40,0,3,vig_tiny,cifar10,1000.0,9,_vig_blocks.8,0.777811
40,0,3,vig_tiny,cifar10,1000.0,10,_vig_blocks.9,0.762865
40,0,3,vig_tiny,cifar10,1000.0,11,_vig_blocks.10,0.725796
40,0,3,vig_tiny,cifar10,1000.0,12,_vig_blocks.11,0.682028
40,0,3,vig_tiny,cifar10,1000.0,13,classifier,0.646049
40,0,4,vig_tiny,cifar10,1000.0,0,_vig_stem,0.885263
40,0,4,vig_tiny,cifar10,1000.0,1,_vig_blocks.0,0.805650
40,0,4,vig_tiny,cifar10,1000.0,2,_vig_blocks.1,0.789984
40,0,4,vig_tiny,cifar10,1000.0,3,_vig_blocks.2,0.789118
40,0,4,vig_tiny,cifar10,1000.0,4,_vig_blocks.3,0.808383
40,0,4,vig_tiny,cifar10,1000.0,5,_vig_blocks.4,0.803703
40,0,4,vig_tiny,cifar10,1000.0,6,_vig_blocks.5,0.806106
40,0,4,vig_tiny,cifar10,1000.0,7,_vig_blocks.6,0.791853
40,0,4,vig_tiny,cifar10,1000.0,8,_vig_blocks.7,0.782587
40,0,4,vig_tiny,cifar10,1000.0,9,_vig_blocks.8,0.762486
40,0,4,vig_tiny,cifar10,1000.0,10,_vig_blocks.9,0.748997
40,0,4,vig_tiny,cifar10,1000.0,11,_vig_blocks.10,0.722486
40,0,4,vig_tiny,cifar10,1000.0,12,_vig_blocks.11,0.683770
40,0,4,vig_tiny,cifar10,1000.0,13,classifier,0.710039
40,0,5,vig_tiny,cifar10,1000.0,0,_vig_stem,0.909401
40,0,5,vig_tiny,cifar10,1000.0,1,_vig_blocks.0,0.864927
40,0,5,vig_tiny,cifar10,1000.0,2,_vig_blocks.1,0.858907
40,0,5,vig_tiny,cifar10,1000.0,3,_vig_blocks.2,0.853219
40,0,5,vig_tiny,cifar10,1000.0,4,_vig_blocks.3,0.848714
40,0,5,vig_tiny,cifar10,1000.0,5,_vig_blocks.4,0.845272
40,0,5,vig_tiny,cifar10,1000.0,6,_vig_blocks.5,0.853868
40,0,5,vig_tiny,cifar10,1000.0,7,_vig_blocks.6,0.852353
40,0,5,vig_tiny,cifar10,1000.0,8,_vig_blocks.7,0.844390
40,0,5,vig_tiny,cifar10,1000.0,9,_vig_blocks.8,0.827322
40,0,5,vig_tiny,cifar10,1000.0,10,_vig_blocks.9,0.806361
40,0,5,vig_tiny,cifar10,1000.0,11,_vig_blocks.10,0.779684
40,0,5,vig_tiny,cifar10,1000.0,12,_vig_blocks.11,0.727562
40,0,5,vig_tiny,cifar10,1000.0,13,classifier,0.754346
40,0,6,vig_tiny,cifar10,1000.0,0,_vig_stem,0.879155
40,0,6,vig_tiny,cifar10,1000.0,1,_vig_blocks.0,0.827798
40,0,6,vig_tiny,cifar10,1000.0,2,_vig_blocks.1,0.820644
40,0,6,vig_tiny,cifar10,1000.0,3,_vig_blocks.2,0.823990
40,0,6,vig_tiny,cifar10,1000.0,4,_vig_blocks.3,0.833214
40,0,6,vig_tiny,cifar10,1000.0,5,_vig_blocks.4,0.822648
40,0,6,vig_tiny,cifar10,1000.0,6,_vig_blocks.5,0.826192
40,0,6,vig_tiny,cifar10,1000.0,7,_vig_blocks.6,0.821091
40,0,6,vig_tiny,cifar10,1000.0,8,_vig_blocks.7,0.814621
40,0,6,vig_tiny,cifar10,1000.0,9,_vig_blocks.8,0.803390
40,0,6,vig_tiny,cifar10,1000.0,10,_vig_blocks.9,0.807827
40,0,6,vig_tiny,cifar10,1000.0,11,_vig_blocks.10,0.796479
40,0,6,vig_tiny,cifar10,1000.0,12,_vig_blocks.11,0.770182
40,0,6,vig_tiny,cifar10,1000.0,13,classifier,0.809920
40,0,7,vig_tiny,cifar10,1000.0,0,_vig_stem,0.889794
40,0,7,vig_tiny,cifar10,1000.0,1,_vig_blocks.0,0.844438
40,0,7,vig_tiny,cifar10,1000.0,2,_vig_blocks.1,0.856038
40,0,7,vig_tiny,cifar10,1000.0,3,_vig_blocks.2,0.851243
40,0,7,vig_tiny,cifar10,1000.0,4,_vig_blocks.3,0.863826
40,0,7,vig_tiny,cifar10,1000.0,5,_vig_blocks.4,0.857222
40,0,7,vig_tiny,cifar10,1000.0,6,_vig_blocks.5,0.864151
40,0,7,vig_tiny,cifar10,1000.0,7,_vig_blocks.6,0.864592
40,0,7,vig_tiny,cifar10,1000.0,8,_vig_blocks.7,0.867613
40,0,7,vig_tiny,cifar10,1000.0,9,_vig_blocks.8,0.847932
40,0,7,vig_tiny,cifar10,1000.0,10,_vig_blocks.9,0.826728
40,0,7,vig_tiny,cifar10,1000.0,11,_vig_blocks.10,0.793321
40,0,7,vig_tiny,cifar10,1000.0,12,_vig_blocks.11,0.757628
40,0,7,vig_tiny,cifar10,1000.0,13,classifier,0.753414
40,0,8,vig_tiny,cifar10,1000.0,0,_vig_stem,0.896133
40,0,8,vig_tiny,cifar10,1000.0,1,_vig_blocks.0,0.851857
40,0,8,vig_tiny,cifar10,1000.0,2,_vig_blocks.1,0.846272
40,0,8,vig_tiny,cifar10,1000.0,3,_vig_blocks.2,0.827694
40,0,8,vig_tiny,cifar10,1000.0,4,_vig_blocks.3,0.804632
40,0,8,vig_tiny,cifar10,1000.0,5,_vig_blocks.4,0.774654
40,0,8,vig_tiny,cifar10,1000.0,6,_vig_blocks.5,0.777907
40,0,8,vig_tiny,cifar10,1000.0,7,_vig_blocks.6,0.765568
40,0,8,vig_tiny,cifar10,1000.0,8,_vig_blocks.7,0.761338
40,0,8,vig_tiny,cifar10,1000.0,9,_vig_blocks.8,0.746559
40,0,8,vig_tiny,cifar10,1000.0,10,_vig_blocks.9,0.737574
40,0,8,vig_tiny,cifar10,1000.0,11,_vig_blocks.10,0.729178
40,0,8,vig_tiny,cifar10,1000.0,12,_vig_blocks.11,0.707880
40,0,8,vig_tiny,cifar10,1000.0,13,classifier,0.755631
40,0,9,vig_tiny,cifar10,1000.0,0,_vig_stem,0.864058
40,0,9,vig_tiny,cifar10,1000.0,1,_vig_blocks.0,0.791393
40,0,9,vig_tiny,cifar10,1000.0,2,_vig_blocks.1,0.792968
40,0,9,vig_tiny,cifar10,1000.0,3,_vig_blocks.2,0.795413
40,0,9,vig_tiny,cifar10,1000.0,4,_vig_blocks.3,0.798454
40,0,9,vig_tiny,cifar10,1000.0,5,_vig_blocks.4,0.778430
40,0,9,vig_tiny,cifar10,1000.0,6,_vig_blocks.5,0.788686
40,0,9,vig_tiny,cifar10,1000.0,7,_vig_blocks.6,0.783828
40,0,9,vig_tiny,cifar10,1000.0,8,_vig_blocks.7,0.769881
40,0,9,vig_tiny,cifar10,1000.0,9,_vig_blocks.8,0.719893
40,0,9,vig_tiny,cifar10,1000.0,10,_vig_blocks.9,0.682371
40,0,9,vig_tiny,cifar10,1000.0,11,_vig_blocks.10,0.652996
40,0,9,vig_tiny,cifar10,1000.0,12,_vig_blocks.11,0.628472
40,0,9,vig_tiny,cifar10,1000.0,13,classifier,0.690331
40,1,2,vig_tiny,cifar10,1000.0,0,_vig_stem,0.900524
40,1,2,vig_tiny,cifar10,1000.0,1,_vig_blocks.0,0.841006
40,1,2,vig_tiny,cifar10,1000.0,2,_vig_blocks.1,0.838901
40,1,2,vig_tiny,cifar10,1000.0,3,_vig_blocks.2,0.835443
40,1,2,vig_tiny,cifar10,1000.0,4,_vig_blocks.3,0.829944
40,1,2,vig_tiny,cifar10,1000.0,5,_vig_blocks.4,0.822634
40,1,2,vig_tiny,cifar10,1000.0,6,_vig_blocks.5,0.823016
40,1,2,vig_tiny,cifar10,1000.0,7,_vig_blocks.6,0.818136
40,1,2,vig_tiny,cifar10,1000.0,8,_vig_blocks.7,0.794828
40,1,2,vig_tiny,cifar10,1000.0,9,_vig_blocks.8,0.776310
40,1,2,vig_tiny,cifar10,1000.0,10,_vig_blocks.9,0.755398
40,1,2,vig_tiny,cifar10,1000.0,11,_vig_blocks.10,0.710819
40,1,2,vig_tiny,cifar10,1000.0,12,_vig_blocks.11,0.675111
40,1,2,vig_tiny,cifar10,1000.0,13,classifier,0.685535
40,1,3,vig_tiny,cifar10,1000.0,0,_vig_stem,0.895762
40,1,3,vig_tiny,cifar10,1000.0,1,_vig_blocks.0,0.846643
40,1,3,vig_tiny,cifar10,1000.0,2,_vig_blocks.1,0.851623
40,1,3,vig_tiny,cifar10,1000.0,3,_vig_blocks.2,0.832001
40,1,3,vig_tiny,cifar10,1000.0,4,_vig_blocks.3,0.837993
40,1,3,vig_tiny,cifar10,1000.0,5,_vig_blocks.4,0.807012
40,1,3,vig_tiny,cifar10,1000.0,6,_vig_blocks.5,0.794781
40,1,3,vig_tiny,cifar10,1000.0,7,_vig_blocks.6,0.786960
40,1,3,vig_tiny,cifar10,1000.0,8,_vig_blocks.7,0.767564
40,1,3,vig_tiny,cifar10,1000.0,9,_vig_blocks.8,0.757633
40,1,3,vig_tiny,cifar10,1000.0,10,_vig_blocks.9,0.734691
40,1,3,vig_tiny,cifar10,1000.0,11,_vig_blocks.10,0.686260
40,1,3,vig_tiny,cifar10,1000.0,12,_vig_blocks.11,0.648106
40,1,3,vig_tiny,cifar10,1000.0,13,classifier,0.634067
40,1,4,vig_tiny,cifar10,1000.0,0,_vig_stem,0.861140
40,1,4,vig_tiny,cifar10,1000.0,1,_vig_blocks.0,0.774201
40,1,4,vig_tiny,cifar10,1000.0,2,_vig_blocks.1,0.797711
40,1,4,vig_tiny,cifar10,1000.0,3,_vig_blocks.2,0.791896
40,1,4,vig_tiny,cifar10,1000.0,4,_vig_blocks.3,0.802907
40,1,4,vig_tiny,cifar10,1000.0,5,_vig_blocks.4,0.787865
40,1,4,vig_tiny,cifar10,1000.0,6,_vig_blocks.5,0.796656
40,1,4,vig_tiny,cifar10,1000.0,7,_vig_blocks.6,0.796438
40,1,4,vig_tiny,cifar10,1000.0,8,_vig_blocks.7,0.782456
40,1,4,vig_tiny,cifar10,1000.0,9,_vig_blocks.8,0.770277
40,1,4,vig_tiny,cifar10,1000.0,10,_vig_blocks.9,0.766303
40,1,4,vig_tiny,cifar10,1000.0,11,_vig_blocks.10,0.737854
40,1,4,vig_tiny,cifar10,1000.0,12,_vig_blocks.11,0.708523
40,1,4,vig_tiny,cifar10,1000.0,13,classifier,0.752087
40,1,5,vig_tiny,cifar10,1000.0,0,_vig_stem,0.911278
40,1,5,vig_tiny,cifar10,1000.0,1,_vig_blocks.0,0.849469
40,1,5,vig_tiny,cifar10,1000.0,2,_vig_blocks.1,0.854961
40,1,5,vig_tiny,cifar10,1000.0,3,_vig_blocks.2,0.848017
40,1,5,vig_tiny,cifar10,1000.0,4,_vig_blocks.3,0.842961
40,1,5,vig_tiny,cifar10,1000.0,5,_vig_blocks.4,0.838422
40,1,5,vig_tiny,cifar10,1000.0,6,_vig_blocks.5,0.844180
40,1,5,vig_tiny,cifar10,1000.0,7,_vig_blocks.6,0.846708
40,1,5,vig_tiny,cifar10,1000.0,8,_vig_blocks.7,0.832089
40,1,5,vig_tiny,cifar10,1000.0,9,_vig_blocks.8,0.817690
40,1,5,vig_tiny,cifar10,1000.0,10,_vig_blocks.9,0.785556
40,1,5,vig_tiny,cifar10,1000.0,11,_vig_blocks.10,0.745901
40,1,5,vig_tiny,cifar10,1000.0,12,_vig_blocks.11,0.715870
40,1,5,vig_tiny,cifar10,1000.0,13,classifier,0.751265
40,1,6,vig_tiny,cifar10,1000.0,0,_vig_stem,0.921151
40,1,6,vig_tiny,cifar10,1000.0,1,_vig_blocks.0,0.836877
40,1,6,vig_tiny,cifar10,1000.0,2,_vig_blocks.1,0.847479
40,1,6,vig_tiny,cifar10,1000.0,3,_vig_blocks.2,0.846090
40,1,6,vig_tiny,cifar10,1000.0,4,_vig_blocks.3,0.845435
40,1,6,vig_tiny,cifar10,1000.0,5,_vig_blocks.4,0.830436
40,1,6,vig_tiny,cifar10,1000.0,6,_vig_blocks.5,0.832583
40,1,6,vig_tiny,cifar10,1000.0,7,_vig_blocks.6,0.834004
40,1,6,vig_tiny,cifar10,1000.0,8,_vig_blocks.7,0.819246
40,1,6,vig_tiny,cifar10,1000.0,9,_vig_blocks.8,0.810027
40,1,6,vig_tiny,cifar10,1000.0,10,_vig_blocks.9,0.784496
40,1,6,vig_tiny,cifar10,1000.0,11,_vig_blocks.10,0.734742
40,1,6,vig_tiny,cifar10,1000.0,12,_vig_blocks.11,0.679940
40,1,6,vig_tiny,cifar10,1000.0,13,classifier,0.698007
40,1,7,vig_tiny,cifar10,1000.0,0,_vig_stem,0.910680
40,1,7,vig_tiny,cifar10,1000.0,1,_vig_blocks.0,0.847821
40,1,7,vig_tiny,cifar10,1000.0,2,_vig_blocks.1,0.846361
40,1,7,vig_tiny,cifar10,1000.0,3,_vig_blocks.2,0.841260
40,1,7,vig_tiny,cifar10,1000.0,4,_vig_blocks.3,0.846405
40,1,7,vig_tiny,cifar10,1000.0,5,_vig_blocks.4,0.826527
40,1,7,vig_tiny,cifar10,1000.0,6,_vig_blocks.5,0.826023
40,1,7,vig_tiny,cifar10,1000.0,7,_vig_blocks.6,0.839999
40,1,7,vig_tiny,cifar10,1000.0,8,_vig_blocks.7,0.832886
40,1,7,vig_tiny,cifar10,1000.0,9,_vig_blocks.8,0.819482
40,1,7,vig_tiny,cifar10,1000.0,10,_vig_blocks.9,0.784523
40,1,7,vig_tiny,cifar10,1000.0,11,_vig_blocks.10,0.738001
40,1,7,vig_tiny,cifar10,1000.0,12,_vig_blocks.11,0.700489
40,1,7,vig_tiny,cifar10,1000.0,13,classifier,0.660408
40,1,8,vig_tiny,cifar10,1000.0,0,_vig_stem,0.905568
40,1,8,vig_tiny,cifar10,1000.0,1,_vig_blocks.0,0.864076
40,1,8,vig_tiny,cifar10,1000.0,2,_vig_blocks.1,0.874143
40,1,8,vig_tiny,cifar10,1000.0,3,_vig_blocks.2,0.859791
40,1,8,vig_tiny,cifar10,1000.0,4,_vig_blocks.3,0.849262
40,1,8,vig_tiny,cifar10,1000.0,5,_vig_blocks.4,0.840821
40,1,8,vig_tiny,cifar10,1000.0,6,_vig_blocks.5,0.850532
40,1,8,vig_tiny,cifar10,1000.0,7,_vig_blocks.6,0.839794
40,1,8,vig_tiny,cifar10,1000.0,8,_vig_blocks.7,0.828948
40,1,8,vig_tiny,cifar10,1000.0,9,_vig_blocks.8,0.810805
40,1,8,vig_tiny,cifar10,1000.0,10,_vig_blocks.9,0.781126
40,1,8,vig_tiny,cifar10,1000.0,11,_vig_blocks.10,0.740769
40,1,8,vig_tiny,cifar10,1000.0,12,_vig_blocks.11,0.702834
40,1,8,vig_tiny,cifar10,1000.0,13,classifier,0.724635
40,1,9,vig_tiny,cifar10,1000.0,0,_vig_stem,0.871835
40,1,9,vig_tiny,cifar10,1000.0,1,_vig_blocks.0,0.804820
40,1,9,vig_tiny,cifar10,1000.0,2,_vig_blocks.1,0.812982
40,1,9,vig_tiny,cifar10,1000.0,3,_vig_blocks.2,0.799910
40,1,9,vig_tiny,cifar10,1000.0,4,_vig_blocks.3,0.788729
40,1,9,vig_tiny,cifar10,1000.0,5,_vig_blocks.4,0.775690
40,1,9,vig_tiny,cifar10,1000.0,6,_vig_blocks.5,0.790226
40,1,9,vig_tiny,cifar10,1000.0,7,_vig_blocks.6,0.779589
40,1,9,vig_tiny,cifar10,1000.0,8,_vig_blocks.7,0.764006
40,1,9,vig_tiny,cifar10,1000.0,9,_vig_blocks.8,0.717561
40,1,9,vig_tiny,cifar10,1000.0,10,_vig_blocks.9,0.687452
40,1,9,vig_tiny,cifar10,1000.0,11,_vig_blocks.10,0.671865
40,1,9,vig_tiny,cifar10,1000.0,12,_vig_blocks.11,0.663122
40,1,9,vig_tiny,cifar10,1000.0,13,classifier,0.719614
40,2,3,vig_tiny,cifar10,1000.0,0,_vig_stem,0.829781
40,2,3,vig_tiny,cifar10,1000.0,1,_vig_blocks.0,0.796492
40,2,3,vig_tiny,cifar10,1000.0,2,_vig_blocks.1,0.792604
40,2,3,vig_tiny,cifar10,1000.0,3,_vig_blocks.2,0.783194
40,2,3,vig_tiny,cifar10,1000.0,4,_vig_blocks.3,0.797066
40,2,3,vig_tiny,cifar10,1000.0,5,_vig_blocks.4,0.783840
40,2,3,vig_tiny,cifar10,1000.0,6,_vig_blocks.5,0.794963
40,2,3,vig_tiny,cifar10,1000.0,7,_vig_blocks.6,0.781658
40,2,3,vig_tiny,cifar10,1000.0,8,_vig_blocks.7,0.765904
40,2,3,vig_tiny,cifar10,1000.0,9,_vig_blocks.8,0.736897
40,2,3,vig_tiny,cifar10,1000.0,10,_vig_blocks.9,0.714121
40,2,3,vig_tiny,cifar10,1000.0,11,_vig_blocks.10,0.674282
40,2,3,vig_tiny,cifar10,1000.0,12,_vig_blocks.11,0.638661
40,2,3,vig_tiny,cifar10,1000.0,13,classifier,0.678823
40,2,4,vig_tiny,cifar10,1000.0,0,_vig_stem,0.861776
40,2,4,vig_tiny,cifar10,1000.0,1,_vig_blocks.0,0.785836
40,2,4,vig_tiny,cifar10,1000.0,2,_vig_blocks.1,0.788232
40,2,4,vig_tiny,cifar10,1000.0,3,_vig_blocks.2,0.781259
40,2,4,vig_tiny,cifar10,1000.0,4,_vig_blocks.3,0.801415
40,2,4,vig_tiny,cifar10,1000.0,5,_vig_blocks.4,0.791663
40,2,4,vig_tiny,cifar10,1000.0,6,_vig_blocks.5,0.800915
40,2,4,vig_tiny,cifar10,1000.0,7,_vig_blocks.6,0.795629
40,2,4,vig_tiny,cifar10,1000.0,8,_vig_blocks.7,0.772955
40,2,4,vig_tiny,cifar10,1000.0,9,_vig_blocks.8,0.744277
40,2,4,vig_tiny,cifar10,1000.0,10,_vig_blocks.9,0.717058
40,2,4,vig_tiny,cifar10,1000.0,11,_vig_blocks.10,0.681873
40,2,4,vig_tiny,cifar10,1000.0,12,_vig_blocks.11,0.647694
40,2,4,vig_tiny,cifar10,1000.0,13,classifier,0.697033
40,2,5,vig_tiny,cifar10,1000.0,0,_vig_stem,0.922233
40,2,5,vig_tiny,cifar10,1000.0,1,_vig_blocks.0,0.880233
40,2,5,vig_tiny,cifar10,1000.0,2,_vig_blocks.1,0.853066
40,2,5,vig_tiny,cifar10,1000.0,3,_vig_blocks.2,0.844516
40,2,5,vig_tiny,cifar10,1000.0,4,_vig_blocks.3,0.840797
40,2,5,vig_tiny,cifar10,1000.0,5,_vig_blocks.4,0.830539
40,2,5,vig_tiny,cifar10,1000.0,6,_vig_blocks.5,0.836398
40,2,5,vig_tiny,cifar10,1000.0,7,_vig_blocks.6,0.828716
40,2,5,vig_tiny,cifar10,1000.0,8,_vig_blocks.7,0.805785
40,2,5,vig_tiny,cifar10,1000.0,9,_vig_blocks.8,0.776154
40,2,5,vig_tiny,cifar10,1000.0,10,_vig_blocks.9,0.748869
40,2,5,vig_tiny,cifar10,1000.0,11,_vig_blocks.10,0.706399
40,2,5,vig_tiny,cifar10,1000.0,12,_vig_blocks.11,0.661533
40,2,5,vig_tiny,cifar10,1000.0,13,classifier,0.682870
40,2,6,vig_tiny,cifar10,1000.0,0,_vig_stem,0.875998
40,2,6,vig_tiny,cifar10,1000.0,1,_vig_blocks.0,0.819543
40,2,6,vig_tiny,cifar10,1000.0,2,_vig_blocks.1,0.830944
40,2,6,vig_tiny,cifar10,1000.0,3,_vig_blocks.2,0.814622
40,2,6,vig_tiny,cifar10,1000.0,4,_vig_blocks.3,0.833268
40,2,6,vig_tiny,cifar10,1000.0,5,_vig_blocks.4,0.825363
40,2,6,vig_tiny,cifar10,1000.0,6,_vig_blocks.5,0.842732
40,2,6,vig_tiny,cifar10,1000.0,7,_vig_blocks.6,0.837276
40,2,6,vig_tiny,cifar10,1000.0,8,_vig_blocks.7,0.812153
40,2,6,vig_tiny,cifar10,1000.0,9,_vig_blocks.8,0.784685
40,2,6,vig_tiny,cifar10,1000.0,10,_vig_blocks.9,0.759047
40,2,6,vig_tiny,cifar10,1000.0,11,_vig_blocks.10,0.727597
40,2,6,vig_tiny,cifar10,1000.0,12,_vig_blocks.11,0.690676
40,2,6,vig_tiny,cifar10,1000.0,13,classifier,0.730036
40,2,7,vig_tiny,cifar10,1000.0,0,_vig_stem,0.926751
40,2,7,vig_tiny,cifar10,1000.0,1,_vig_blocks.0,0.829500
40,2,7,vig_tiny,cifar10,1000.0,2,_vig_blocks.1,0.816305
40,2,7,vig_tiny,cifar10,1000.0,3,_vig_blocks.2,0.789265
40,2,7,vig_tiny,cifar10,1000.0,4,_vig_blocks.3,0.793976
40,2,7,vig_tiny,cifar10,1000.0,5,_vig_blocks.4,0.793634
40,2,7,vig_tiny,cifar10,1000.0,6,_vig_blocks.5,0.806638
40,2,7,vig_tiny,cifar10,1000.0,7,_vig_blocks.6,0.804799
40,2,7,vig_tiny,cifar10,1000.0,8,_vig_blocks.7,0.792305
40,2,7,vig_tiny,cifar10,1000.0,9,_vig_blocks.8,0.772931
40,2,7,vig_tiny,cifar10,1000.0,10,_vig_blocks.9,0.756982
40,2,7,vig_tiny,cifar10,1000.0,11,_vig_blocks.10,0.724989
40,2,7,vig_tiny,cifar10,1000.0,12,_vig_blocks.11,0.692324
40,2,7,vig_tiny,cifar10,1000.0,13,classifier,0.733821
40,2,8,vig_tiny,cifar10,1000.0,0,_vig_stem,0.896027
40,2,8,vig_tiny,cifar10,1000.0,1,_vig_blocks.0,0.840634
40,2,8,vig_tiny,cifar10,1000.0,2,_vig_blocks.1,0.834707
40,2,8,vig_tiny,cifar10,1000.0,3,_vig_blocks.2,0.821162
40,2,8,vig_tiny,cifar10,1000.0,4,_vig_blocks.3,0.815012
40,2,8,vig_tiny,cifar10,1000.0,5,_vig_blocks.4,0.798015
40,2,8,vig_tiny,cifar10,1000.0,6,_vig_blocks.5,0.810472
40,2,8,vig_tiny,cifar10,1000.0,7,_vig_blocks.6,0.795902
40,2,8,vig_tiny,cifar10,1000.0,8,_vig_blocks.7,0.774984
40,2,8,vig_tiny,cifar10,1000.0,9,_vig_blocks.8,0.750966
40,2,8,vig_tiny,cifar10,1000.0,10,_vig_blocks.9,0.723292
40,2,8,vig_tiny,cifar10,1000.0,11,_vig_blocks.10,0.689699
40,2,8,vig_tiny,cifar10,1000.0,12,_vig_blocks.11,0.666955
40,2,8,vig_tiny,cifar10,1000.0,13,classifier,0.732702
40,2,9,vig_tiny,cifar10,1000.0,0,_vig_stem,0.916030
40,2,9,vig_tiny,cifar10,1000.0,1,_vig_blocks.0,0.843166
40,2,9,vig_tiny,cifar10,1000.0,2,_vig_blocks.1,0.825468
40,2,9,vig_tiny,cifar10,1000.0,3,_vig_blocks.2,0.802048
40,2,9,vig_tiny,cifar10,1000.0,4,_vig_blocks.3,0.782712
40,2,9,vig_tiny,cifar10,1000.0,5,_vig_blocks.4,0.770934
40,2,9,vig_tiny,cifar10,1000.0,6,_vig_blocks.5,0.775216
40,2,9,vig_tiny,cifar10,1000.0,7,_vig_blocks.6,0.763048
40,2,9,vig_tiny,cifar10,1000.0,8,_vig_blocks.7,0.744094
40,2,9,vig_tiny,cifar10,1000.0,9,_vig_blocks.8,0.699184
40,2,9,vig_tiny,cifar10,1000.0,10,_vig_blocks.9,0.668871
40,2,9,vig_tiny,cifar10,1000.0,11,_vig_blocks.10,0.630166
40,2,9,vig_tiny,cifar10,1000.0,12,_vig_blocks.11,0.596116
40,2,9,vig_tiny,cifar10,1000.0,13,classifier,0.655104
40,3,4,vig_tiny,cifar10,1000.0,0,_vig_stem,0.820722
40,3,4,vig_tiny,cifar10,1000.0,1,_vig_blocks.0,0.760085
40,3,4,vig_tiny,cifar10,1000.0,2,_vig_blocks.1,0.764172
40,3,4,vig_tiny,cifar10,1000.0,3,_vig_blocks.2,0.778330
40,3,4,vig_tiny,cifar10,1000.0,4,_vig_blocks.3,0.806684
40,3,4,vig_tiny,cifar10,1000.0,5,_vig_blocks.4,0.806416
40,3,4,vig_tiny,cifar10,1000.0,6,_vig_blocks.5,0.801488
40,3,4,vig_tiny,cifar10,1000.0,7,_vig_blocks.6,0.794489
40,3,4,vig_tiny,cifar10,1000.0,8,_vig_blocks.7,0.784685
40,3,4,vig_tiny,cifar10,1000.0,9,_vig_blocks.8,0.761927
40,3,4,vig_tiny,cifar10,1000.0,10,_vig_blocks.9,0.741921
40,3,4,vig_tiny,cifar10,1000.0,11,_vig_blocks.10,0.695996
40,3,4,vig_tiny,cifar10,1000.0,12,_vig_blocks.11,0.653905
40,3,4,vig_tiny,cifar10,1000.0,13,classifier,0.616660
40,3,5,vig_tiny,cifar10,1000.0,0,_vig_stem,0.836970
40,3,5,vig_tiny,cifar10,1000.0,1,_vig_blocks.0,0.790028
40,3,5,vig_tiny,cifar10,1000.0,2,_vig_blocks.1,0.805582
40,3,5,vig_tiny,cifar10,1000.0,3,_vig_blocks.2,0.804378
40,3,5,vig_tiny,cifar10,1000.0,4,_vig_blocks.3,0.823946
40,3,5,vig_tiny,cifar10,1000.0,5,_vig_blocks.4,0.810739
40,3,5,vig_tiny,cifar10,1000.0,6,_vig_blocks.5,0.814101
40,3,5,vig_tiny,cifar10,1000.0,7,_vig_blocks.6,0.810925
40,3,5,vig_tiny,cifar10,1000.0,8,_vig_blocks.7,0.800449
40,3,5,vig_tiny,cifar10,1000.0,9,_vig_blocks.8,0.779860
40,3,5,vig_tiny,cifar10,1000.0,10,_vig_blocks.9,0.756475
40,3,5,vig_tiny,cifar10,1000.0,11,_vig_blocks.10,0.698535
40,3,5,vig_tiny,cifar10,1000.0,12,_vig_blocks.11,0.650678
40,3,5,vig_tiny,cifar10,1000.0,13,classifier,0.652296
40,3,6,vig_tiny,cifar10,1000.0,0,_vig_stem,0.901216
40,3,6,vig_tiny,cifar10,1000.0,1,_vig_blocks.0,0.839271
40,3,6,vig_tiny,cifar10,1000.0,2,_vig_blocks.1,0.849955
40,3,6,vig_tiny,cifar10,1000.0,3,_vig_blocks.2,0.837008
40,3,6,vig_tiny,cifar10,1000.0,4,_vig_blocks.3,0.855862
40,3,6,vig_tiny,cifar10,1000.0,5,_vig_blocks.4,0.838430
40,3,6,vig_tiny,cifar10,1000.0,6,_vig_blocks.5,0.845357
40,3,6,vig_tiny,cifar10,1000.0,7,_vig_blocks.6,0.844289
40,3,6,vig_tiny,cifar10,1000.0,8,_vig_blocks.7,0.833407
40,3,6,vig_tiny,cifar10,1000.0,9,_vig_blocks.8,0.819461
40,3,6,vig_tiny,cifar10,1000.0,10,_vig_blocks.9,0.794763
40,3,6,vig_tiny,cifar10,1000.0,11,_vig_blocks.10,0.734443
40,3,6,vig_tiny,cifar10,1000.0,12,_vig_blocks.11,0.685147
40,3,6,vig_tiny,cifar10,1000.0,13,classifier,0.676423
40,3,7,vig_tiny,cifar10,1000.0,0,_vig_stem,0.853809
40,3,7,vig_tiny,cifar10,1000.0,1,_vig_blocks.0,0.787696
40,3,7,vig_tiny,cifar10,1000.0,2,_vig_blocks.1,0.797384
40,3,7,vig_tiny,cifar10,1000.0,3,_vig_blocks.2,0.778843
40,3,7,vig_tiny,cifar10,1000.0,4,_vig_blocks.3,0.808336
40,3,7,vig_tiny,cifar10,1000.0,5,_vig_blocks.4,0.799702
40,3,7,vig_tiny,cifar10,1000.0,6,_vig_blocks.5,0.810606
40,3,7,vig_tiny,cifar10,1000.0,7,_vig_blocks.6,0.804944
40,3,7,vig_tiny,cifar10,1000.0,8,_vig_blocks.7,0.797902
40,3,7,vig_tiny,cifar10,1000.0,9,_vig_blocks.8,0.790675
40,3,7,vig_tiny,cifar10,1000.0,10,_vig_blocks.9,0.776181
40,3,7,vig_tiny,cifar10,1000.0,11,_vig_blocks.10,0.735105
40,3,7,vig_tiny,cifar10,1000.0,12,_vig_blocks.11,0.706510
40,3,7,vig_tiny,cifar10,1000.0,13,classifier,0.723388
40,3,8,vig_tiny,cifar10,1000.0,0,_vig_stem,0.854010
40,3,8,vig_tiny,cifar10,1000.0,1,_vig_blocks.0,0.828735
40,3,8,vig_tiny,cifar10,1000.0,2,_vig_blocks.1,0.832857
40,3,8,vig_tiny,cifar10,1000.0,3,_vig_blocks.2,0.822940
40,3,8,vig_tiny,cifar10,1000.0,4,_vig_blocks.3,0.826021
40,3,8,vig_tiny,cifar10,1000.0,5,_vig_blocks.4,0.796147
40,3,8,vig_tiny,cifar10,1000.0,6,_vig_blocks.5,0.796511
40,3,8,vig_tiny,cifar10,1000.0,7,_vig_blocks.6,0.780799
40,3,8,vig_tiny,cifar10,1000.0,8,_vig_blocks.7,0.761076
40,3,8,vig_tiny,cifar10,1000.0,9,_vig_blocks.8,0.742211
40,3,8,vig_tiny,cifar10,1000.0,10,_vig_blocks.9,0.714465
40,3,8,vig_tiny,cifar10,1000.0,11,_vig_blocks.10,0.671230
40,3,8,vig_tiny,cifar10,1000.0,12,_vig_blocks.11,0.632179
40,3,8,vig_tiny,cifar10,1000.0,13,classifier,0.667101
40,3,9,vig_tiny,cifar10,1000.0,0,_vig_stem,0.862813
40,3,9,vig_tiny,cifar10,1000.0,1,_vig_blocks.0,0.762478
40,3,9,vig_tiny,cifar10,1000.0,2,_vig_blocks.1,0.755326
40,3,9,vig_tiny,cifar10,1000.0,3,_vig_blocks.2,0.743017
40,3,9,vig_tiny,cifar10,1000.0,4,_vig_blocks.3,0.748275
40,3,9,vig_tiny,cifar10,1000.0,5,_vig_blocks.4,0.724711
40,3,9,vig_tiny,cifar10,1000.0,6,_vig_blocks.5,0.737318
40,3,9,vig_tiny,cifar10,1000.0,7,_vig_blocks.6,0.730243
40,3,9,vig_tiny,cifar10,1000.0,8,_vig_blocks.7,0.714823
40,3,9,vig_tiny,cifar10,1000.0,9,_vig_blocks.8,0.672923
40,3,9,vig_tiny,cifar10,1000.0,10,_vig_blocks.9,0.644713
40,3,9,vig_tiny,cifar10,1000.0,11,_vig_blocks.10,0.610555
40,3,9,vig_tiny,cifar10,1000.0,12,_vig_blocks.11,0.578426
40,3,9,vig_tiny,cifar10,1000.0,13,classifier,0.637545
40,4,5,vig_tiny,cifar10,1000.0,0,_vig_stem,0.867664
40,4,5,vig_tiny,cifar10,1000.0,1,_vig_blocks.0,0.796947
40,4,5,vig_tiny,cifar10,1000.0,2,_vig_blocks.1,0.791057
40,4,5,vig_tiny,cifar10,1000.0,3,_vig_blocks.2,0.792210
40,4,5,vig_tiny,cifar10,1000.0,4,_vig_blocks.3,0.818568
40,4,5,vig_tiny,cifar10,1000.0,5,_vig_blocks.4,0.809287
40,4,5,vig_tiny,cifar10,1000.0,6,_vig_blocks.5,0.811547
40,4,5,vig_tiny,cifar10,1000.0,7,_vig_blocks.6,0.809385
40,4,5,vig_tiny,cifar10,1000.0,8,_vig_blocks.7,0.794971
40,4,5,vig_tiny,cifar10,1000.0,9,_vig_blocks.8,0.776064
40,4,5,vig_tiny,cifar10,1000.0,10,_vig_blocks.9,0.762302
40,4,5,vig_tiny,cifar10,1000.0,11,_vig_blocks.10,0.729225
40,4,5,vig_tiny,cifar10,1000.0,12,_vig_blocks.11,0.689193
40,4,5,vig_tiny,cifar10,1000.0,13,classifier,0.718415
40,4,6,vig_tiny,cifar10,1000.0,0,_vig_stem,0.823112
40,4,6,vig_tiny,cifar10,1000.0,1,_vig_blocks.0,0.742671
40,4,6,vig_tiny,cifar10,1000.0,2,_vig_blocks.1,0.774573
40,4,6,vig_tiny,cifar10,1000.0,3,_vig_blocks.2,0.774213
40,4,6,vig_tiny,cifar10,1000.0,4,_vig_blocks.3,0.802678
40,4,6,vig_tiny,cifar10,1000.0,5,_vig_blocks.4,0.786646
40,4,6,vig_tiny,cifar10,1000.0,6,_vig_blocks.5,0.802601
40,4,6,vig_tiny,cifar10,1000.0,7,_vig_blocks.6,0.807357
40,4,6,vig_tiny,cifar10,1000.0,8,_vig_blocks.7,0.790002
40,4,6,vig_tiny,cifar10,1000.0,9,_vig_blocks.8,0.771632
40,4,6,vig_tiny,cifar10,1000.0,10,_vig_blocks.9,0.758230
40,4,6,vig_tiny,cifar10,1000.0,11,_vig_blocks.10,0.725084
40,4,6,vig_tiny,cifar10,1000.0,12,_vig_blocks.11,0.683245
40,4,6,vig_tiny,cifar10,1000.0,13,classifier,0.723463
40,4,7,vig_tiny,cifar10,1000.0,0,_vig_stem,0.856913
40,4,7,vig_tiny,cifar10,1000.0,1,_vig_blocks.0,0.774064
40,4,7,vig_tiny,cifar10,1000.0,2,_vig_blocks.1,0.772428
40,4,7,vig_tiny,cifar10,1000.0,3,_vig_blocks.2,0.755005
40,4,7,vig_tiny,cifar10,1000.0,4,_vig_blocks.3,0.777518
40,4,7,vig_tiny,cifar10,1000.0,5,_vig_blocks.4,0.774258
40,4,7,vig_tiny,cifar10,1000.0,6,_vig_blocks.5,0.781942
40,4,7,vig_tiny,cifar10,1000.0,7,_vig_blocks.6,0.783427
40,4,7,vig_tiny,cifar10,1000.0,8,_vig_blocks.7,0.773328
40,4,7,vig_tiny,cifar10,1000.0,9,_vig_blocks.8,0.761003
40,4,7,vig_tiny,cifar10,1000.0,10,_vig_blocks.9,0.750167
40,4,7,vig_tiny,cifar10,1000.0,11,_vig_blocks.10,0.723364
40,4,7,vig_tiny,cifar10,1000.0,12,_vig_blocks.11,0.690464
40,4,7,vig_tiny,cifar10,1000.0,13,classifier,0.688277
40,4,8,vig_tiny,cifar10,1000.0,0,_vig_stem,0.848570
40,4,8,vig_tiny,cifar10,1000.0,1,_vig_blocks.0,0.801469
40,4,8,vig_tiny,cifar10,1000.0,2,_vig_blocks.1,0.799677
40,4,8,vig_tiny,cifar10,1000.0,3,_vig_blocks.2,0.795948
40,4,8,vig_tiny,cifar10,1000.0,4,_vig_blocks.3,0.813730
40,4,8,vig_tiny,cifar10,1000.0,5,_vig_blocks.4,0.786488
40,4,8,vig_tiny,cifar10,1000.0,6,_vig_blocks.5,0.791472
40,4,8,vig_tiny,cifar10,1000.0,7,_vig_blocks.6,0.796575
40,4,8,vig_tiny,cifar10,1000.0,8,_vig_blocks.7,0.775236
40,4,8,vig_tiny,cifar10,1000.0,9,_vig_blocks.8,0.755632
40,4,8,vig_tiny,cifar10,1000.0,10,_vig_blocks.9,0.735491
40,4,8,vig_tiny,cifar10,1000.0,11,_vig_blocks.10,0.698721
40,4,8,vig_tiny,cifar10,1000.0,12,_vig_blocks.11,0.657112
40,4,8,vig_tiny,cifar10,1000.0,13,classifier,0.725081
40,4,9,vig_tiny,cifar10,1000.0,0,_vig_stem,0.883098
40,4,9,vig_tiny,cifar10,1000.0,1,_vig_blocks.0,0.827012
40,4,9,vig_tiny,cifar10,1000.0,2,_vig_blocks.1,0.813152
40,4,9,vig_tiny,cifar10,1000.0,3,_vig_blocks.2,0.796506
40,4,9,vig_tiny,cifar10,1000.0,4,_vig_blocks.3,0.795370
40,4,9,vig_tiny,cifar10,1000.0,5,_vig_blocks.4,0.769642
40,4,9,vig_tiny,cifar10,1000.0,6,_vig_blocks.5,0.795814
40,4,9,vig_tiny,cifar10,1000.0,7,_vig_blocks.6,0.797121
40,4,9,vig_tiny,cifar10,1000.0,8,_vig_blocks.7,0.785171
40,4,9,vig_tiny,cifar10,1000.0,9,_vig_blocks.8,0.756110
40,4,9,vig_tiny,cifar10,1000.0,10,_vig_blocks.9,0.724001
40,4,9,vig_tiny,cifar10,1000.0,11,_vig_blocks.10,0.703139
40,4,9,vig_tiny,cifar10,1000.0,12,_vig_blocks.11,0.685193
40,4,9,vig_tiny,cifar10,1000.0,13,classifier,0.725611
40,5,6,vig_tiny,cifar10,1000.0,0,_vig_stem,0.895439
40,5,6,vig_tiny,cifar10,1000.0,1,_vig_blocks.0,0.822573
40,5,6,vig_tiny,cifar10,1000.0,2,_vig_blocks.1,0.840033
40,5,6,vig_tiny,cifar10,1000.0,3,_vig_blocks.2,0.829972
40,5,6,vig_tiny,cifar10,1000.0,4,_vig_blocks.3,0.843166
40,5,6,vig_tiny,cifar10,1000.0,5,_vig_blocks.4,0.829908
40,5,6,vig_tiny,cifar10,1000.0,6,_vig_blocks.5,0.838911
40,5,6,vig_tiny,cifar10,1000.0,7,_vig_blocks.6,0.839016
40,5,6,vig_tiny,cifar10,1000.0,8,_vig_blocks.7,0.834395
40,5,6,vig_tiny,cifar10,1000.0,9,_vig_blocks.8,0.818572
40,5,6,vig_tiny,cifar10,1000.0,10,_vig_blocks.9,0.798235
40,5,6,vig_tiny,cifar10,1000.0,11,_vig_blocks.10,0.761002
40,5,6,vig_tiny,cifar10,1000.0,12,_vig_blocks.11,0.708691
40,5,6,vig_tiny,cifar10,1000.0,13,classifier,0.739756
40,5,7,vig_tiny,cifar10,1000.0,0,_vig_stem,0.916777
40,5,7,vig_tiny,cifar10,1000.0,1,_vig_blocks.0,0.827282
40,5,7,vig_tiny,cifar10,1000.0,2,_vig_blocks.1,0.816676
40,5,7,vig_tiny,cifar10,1000.0,3,_vig_blocks.2,0.796589
40,5,7,vig_tiny,cifar10,1000.0,4,_vig_blocks.3,0.809664
40,5,7,vig_tiny,cifar10,1000.0,5,_vig_blocks.4,0.798504
40,5,7,vig_tiny,cifar10,1000.0,6,_vig_blocks.5,0.815107
40,5,7,vig_tiny,cifar10,1000.0,7,_vig_blocks.6,0.815612
40,5,7,vig_tiny,cifar10,1000.0,8,_vig_blocks.7,0.816609
40,5,7,vig_tiny,cifar10,1000.0,9,_vig_blocks.8,0.806160
40,5,7,vig_tiny,cifar10,1000.0,10,_vig_blocks.9,0.774606
40,5,7,vig_tiny,cifar10,1000.0,11,_vig_blocks.10,0.734115
40,5,7,vig_tiny,cifar10,1000.0,12,_vig_blocks.11,0.688955
40,5,7,vig_tiny,cifar10,1000.0,13,classifier,0.688358
40,5,8,vig_tiny,cifar10,1000.0,0,_vig_stem,0.893817
40,5,8,vig_tiny,cifar10,1000.0,1,_vig_blocks.0,0.846098
40,5,8,vig_tiny,cifar10,1000.0,2,_vig_blocks.1,0.855678
40,5,8,vig_tiny,cifar10,1000.0,3,_vig_blocks.2,0.832619
40,5,8,vig_tiny,cifar10,1000.0,4,_vig_blocks.3,0.825833
40,5,8,vig_tiny,cifar10,1000.0,5,_vig_blocks.4,0.811583
40,5,8,vig_tiny,cifar10,1000.0,6,_vig_blocks.5,0.821220
40,5,8,vig_tiny,cifar10,1000.0,7,_vig_blocks.6,0.821365
40,5,8,vig_tiny,cifar10,1000.0,8,_vig_blocks.7,0.817229
40,5,8,vig_tiny,cifar10,1000.0,9,_vig_blocks.8,0.794912
40,5,8,vig_tiny,cifar10,1000.0,10,_vig_blocks.9,0.766699
40,5,8,vig_tiny,cifar10,1000.0,11,_vig_blocks.10,0.731156
40,5,8,vig_tiny,cifar10,1000.0,12,_vig_blocks.11,0.688221
40,5,8,vig_tiny,cifar10,1000.0,13,classifier,0.705199
40,5,9,vig_tiny,cifar10,1000.0,0,_vig_stem,0.883283
40,5,9,vig_tiny,cifar10,1000.0,1,_vig_blocks.0,0.812361
40,5,9,vig_tiny,cifar10,1000.0,2,_vig_blocks.1,0.791603
40,5,9,vig_tiny,cifar10,1000.0,3,_vig_blocks.2,0.772128
40,5,9,vig_tiny,cifar10,1000.0,4,_vig_blocks.3,0.773297
40,5,9,vig_tiny,cifar10,1000.0,5,_vig_blocks.4,0.760641
40,5,9,vig_tiny,cifar10,1000.0,6,_vig_blocks.5,0.784782
40,5,9,vig_tiny,cifar10,1000.0,7,_vig_blocks.6,0.782122
40,5,9,vig_tiny,cifar10,1000.0,8,_vig_blocks.7,0.767631
40,5,9,vig_tiny,cifar10,1000.0,9,_vig_blocks.8,0.729242
40,5,9,vig_tiny,cifar10,1000.0,10,_vig_blocks.9,0.696283
40,5,9,vig_tiny,cifar10,1000.0,11,_vig_blocks.10,0.678975
40,5,9,vig_tiny,cifar10,1000.0,12,_vig_blocks.11,0.649144
40,5,9,vig_tiny,cifar10,1000.0,13,classifier,0.672007
40,6,7,vig_tiny,cifar10,1000.0,0,_vig_stem,0.898684
40,6,7,vig_tiny,cifar10,1000.0,1,_vig_blocks.0,0.840186
40,6,7,vig_tiny,cifar10,1000.0,2,_vig_blocks.1,0.838968
40,6,7,vig_tiny,cifar10,1000.0,3,_vig_blocks.2,0.839007
40,6,7,vig_tiny,cifar10,1000.0,4,_vig_blocks.3,0.847199
40,6,7,vig_tiny,cifar10,1000.0,5,_vig_blocks.4,0.841592
40,6,7,vig_tiny,cifar10,1000.0,6,_vig_blocks.5,0.844542
40,6,7,vig_tiny,cifar10,1000.0,7,_vig_blocks.6,0.840018
40,6,7,vig_tiny,cifar10,1000.0,8,_vig_blocks.7,0.830567
40,6,7,vig_tiny,cifar10,1000.0,9,_vig_blocks.8,0.827248
40,6,7,vig_tiny,cifar10,1000.0,10,_vig_blocks.9,0.815184
40,6,7,vig_tiny,cifar10,1000.0,11,_vig_blocks.10,0.778732
40,6,7,vig_tiny,cifar10,1000.0,12,_vig_blocks.11,0.741420
40,6,7,vig_tiny,cifar10,1000.0,13,classifier,0.742825
40,6,8,vig_tiny,cifar10,1000.0,0,_vig_stem,0.863261
40,6,8,vig_tiny,cifar10,1000.0,1,_vig_blocks.0,0.823327
40,6,8,vig_tiny,cifar10,1000.0,2,_vig_blocks.1,0.831504
40,6,8,vig_tiny,cifar10,1000.0,3,_vig_blocks.2,0.824787
40,6,8,vig_tiny,cifar10,1000.0,4,_vig_blocks.3,0.835330
40,6,8,vig_tiny,cifar10,1000.0,5,_vig_blocks.4,0.813808
40,6,8,vig_tiny,cifar10,1000.0,6,_vig_blocks.5,0.831915
40,6,8,vig_tiny,cifar10,1000.0,7,_vig_blocks.6,0.825673
40,6,8,vig_tiny,cifar10,1000.0,8,_vig_blocks.7,0.815563
40,6,8,vig_tiny,cifar10,1000.0,9,_vig_blocks.8,0.800199
40,6,8,vig_tiny,cifar10,1000.0,10,_vig_blocks.9,0.772491
40,6,8,vig_tiny,cifar10,1000.0,11,_vig_blocks.10,0.737279
40,6,8,vig_tiny,cifar10,1000.0,12,_vig_blocks.11,0.710919
40,6,8,vig_tiny,cifar10,1000.0,13,classifier,0.740261
40,6,9,vig_tiny,cifar10,1000.0,0,_vig_stem,0.869200
40,6,9,vig_tiny,cifar10,1000.0,1,_vig_blocks.0,0.788040
40,6,9,vig_tiny,cifar10,1000.0,2,_vig_blocks.1,0.797060
40,6,9,vig_tiny,cifar10,1000.0,3,_vig_blocks.2,0.787732
40,6,9,vig_tiny,cifar10,1000.0,4,_vig_blocks.3,0.780816
40,6,9,vig_tiny,cifar10,1000.0,5,_vig_blocks.4,0.766052
40,6,9,vig_tiny,cifar10,1000.0,6,_vig_blocks.5,0.776138
40,6,9,vig_tiny,cifar10,1000.0,7,_vig_blocks.6,0.769368
40,6,9,vig_tiny,cifar10,1000.0,8,_vig_blocks.7,0.749857
40,6,9,vig_tiny,cifar10,1000.0,9,_vig_blocks.8,0.702838
40,6,9,vig_tiny,cifar10,1000.0,10,_vig_blocks.9,0.670000
40,6,9,vig_tiny,cifar10,1000.0,11,_vig_blocks.10,0.643658
40,6,9,vig_tiny,cifar10,1000.0,12,_vig_blocks.11,0.609958
40,6,9,vig_tiny,cifar10,1000.0,13,classifier,0.669610
40,7,8,vig_tiny,cifar10,1000.0,0,_vig_stem,0.920450
40,7,8,vig_tiny,cifar10,1000.0,1,_vig_blocks.0,0.847423
40,7,8,vig_tiny,cifar10,1000.0,2,_vig_blocks.1,0.843608
40,7,8,vig_tiny,cifar10,1000.0,3,_vig_blocks.2,0.797411
40,7,8,vig_tiny,cifar10,1000.0,4,_vig_blocks.3,0.807369
40,7,8,vig_tiny,cifar10,1000.0,5,_vig_blocks.4,0.785502
40,7,8,vig_tiny,cifar10,1000.0,6,_vig_blocks.5,0.794943
40,7,8,vig_tiny,cifar10,1000.0,7,_vig_blocks.6,0.782360
40,7,8,vig_tiny,cifar10,1000.0,8,_vig_blocks.7,0.778583
40,7,8,vig_tiny,cifar10,1000.0,9,_vig_blocks.8,0.772535
40,7,8,vig_tiny,cifar10,1000.0,10,_vig_blocks.9,0.752600
40,7,8,vig_tiny,cifar10,1000.0,11,_vig_blocks.10,0.721434
40,7,8,vig_tiny,cifar10,1000.0,12,_vig_blocks.11,0.692560
40,7,8,vig_tiny,cifar10,1000.0,13,classifier,0.699981
40,7,9,vig_tiny,cifar10,1000.0,0,_vig_stem,0.925793
40,7,9,vig_tiny,cifar10,1000.0,1,_vig_blocks.0,0.830428
40,7,9,vig_tiny,cifar10,1000.0,2,_vig_blocks.1,0.803857
40,7,9,vig_tiny,cifar10,1000.0,3,_vig_blocks.2,0.783376
40,7,9,vig_tiny,cifar10,1000.0,4,_vig_blocks.3,0.787332
40,7,9,vig_tiny,cifar10,1000.0,5,_vig_blocks.4,0.773823
40,7,9,vig_tiny,cifar10,1000.0,6,_vig_blocks.5,0.780818
40,7,9,vig_tiny,cifar10,1000.0,7,_vig_blocks.6,0.780060
40,7,9,vig_tiny,cifar10,1000.0,8,_vig_blocks.7,0.765838
40,7,9,vig_tiny,cifar10,1000.0,9,_vig_blocks.8,0.721454
40,7,9,vig_tiny,cifar10,1000.0,10,_vig_blocks.9,0.686787
40,7,9,vig_tiny,cifar10,1000.0,11,_vig_blocks.10,0.659965
40,7,9,vig_tiny,cifar10,1000.0,12,_vig_blocks.11,0.627683
40,7,9,vig_tiny,cifar10,1000.0,13,classifier,0.653828
40,8,9,vig_tiny,cifar10,1000.0,0,_vig_stem,0.894621
40,8,9,vig_tiny,cifar10,1000.0,1,_vig_blocks.0,0.834516
40,8,9,vig_tiny,cifar10,1000.0,2,_vig_blocks.1,0.819451
40,8,9,vig_tiny,cifar10,1000.0,3,_vig_blocks.2,0.794510
40,8,9,vig_tiny,cifar10,1000.0,4,_vig_blocks.3,0.785366
40,8,9,vig_tiny,cifar10,1000.0,5,_vig_blocks.4,0.760996
40,8,9,vig_tiny,cifar10,1000.0,6,_vig_blocks.5,0.773233
40,8,9,vig_tiny,cifar10,1000.0,7,_vig_blocks.6,0.757193
40,8,9,vig_tiny,cifar10,1000.0,8,_vig_blocks.7,0.736494
40,8,9,vig_tiny,cifar10,1000.0,9,_vig_blocks.8,0.694523
40,8,9,vig_tiny,cifar10,1000.0,10,_vig_blocks.9,0.657376
40,8,9,vig_tiny,cifar10,1000.0,11,_vig_blocks.10,0.632420
40,8,9,vig_tiny,cifar10,1000.0,12,_vig_blocks.11,0.602873
40,8,9,vig_tiny,cifar10,1000.0,13,classifier,0.691004
50,0,1,vig_tiny,cifar10,1000.0,0,_vig_stem,0.913054
50,0,1,vig_tiny,cifar10,1000.0,1,_vig_blocks.0,0.856907
50,0,1,vig_tiny,cifar10,1000.0,2,_vig_blocks.1,0.832361
50,0,1,vig_tiny,cifar10,1000.0,3,_vig_blocks.2,0.832925
50,0,1,vig_tiny,cifar10,1000.0,4,_vig_blocks.3,0.844269
50,0,1,vig_tiny,cifar10,1000.0,5,_vig_blocks.4,0.838173
50,0,1,vig_tiny,cifar10,1000.0,6,_vig_blocks.5,0.842509
50,0,1,vig_tiny,cifar10,1000.0,7,_vig_blocks.6,0.845929
50,0,1,vig_tiny,cifar10,1000.0,8,_vig_blocks.7,0.837184
50,0,1,vig_tiny,cifar10,1000.0,9,_vig_blocks.8,0.824702
50,0,1,vig_tiny,cifar10,1000.0,10,_vig_blocks.9,0.803165
50,0,1,vig_tiny,cifar10,1000.0,11,_vig_blocks.10,0.771360
50,0,1,vig_tiny,cifar10,1000.0,12,_vig_blocks.11,0.723760
50,0,1,vig_tiny,cifar10,1000.0,13,classifier,0.749456
50,0,2,vig_tiny,cifar10,1000.0,0,_vig_stem,0.848320
50,0,2,vig_tiny,cifar10,1000.0,1,_vig_blocks.0,0.819372
50,0,2,vig_tiny,cifar10,1000.0,2,_vig_blocks.1,0.845225
50,0,2,vig_tiny,cifar10,1000.0,3,_vig_blocks.2,0.849566
50,0,2,vig_tiny,cifar10,1000.0,4,_vig_blocks.3,0.859719
50,0,2,vig_tiny,cifar10,1000.0,5,_vig_blocks.4,0.855445
50,0,2,vig_tiny,cifar10,1000.0,6,_vig_blocks.5,0.865451
50,0,2,vig_tiny,cifar10,1000.0,7,_vig_blocks.6,0.867504
50,0,2,vig_tiny,cifar10,1000.0,8,_vig_blocks.7,0.856084
50,0,2,vig_tiny,cifar10,1000.0,9,_vig_blocks.8,0.834710
50,0,2,vig_tiny,cifar10,1000.0,10,_vig_blocks.9,0.800602
50,0,2,vig_tiny,cifar10,1000.0,11,_vig_blocks.10,0.746612
50,0,2,vig_tiny,cifar10,1000.0,12,_vig_blocks.11,0.674681
50,0,2,vig_tiny,cifar10,1000.0,13,classifier,0.663371
50,0,3,vig_tiny,cifar10,1000.0,0,_vig_stem,0.891311
50,0,3,vig_tiny,cifar10,1000.0,1,_vig_blocks.0,0.877137
50,0,3,vig_tiny,cifar10,1000.0,2,_vig_blocks.1,0.858809
50,0,3,vig_tiny,cifar10,1000.0,3,_vig_blocks.2,0.858318
50,0,3,vig_tiny,cifar10,1000.0,4,_vig_blocks.3,0.854967
50,0,3,vig_tiny,cifar10,1000.0,5,_vig_blocks.4,0.846626
50,0,3,vig_tiny,cifar10,1000.0,6,_vig_blocks.5,0.852896
50,0,3,vig_tiny,cifar10,1000.0,7,_vig_blocks.6,0.846606
50,0,3,vig_tiny,cifar10,1000.0,8,_vig_blocks.7,0.832974
50,0,3,vig_tiny,cifar10,1000.0,9,_vig_blocks.8,0.814832
50,0,3,vig_tiny,cifar10,1000.0,10,_vig_blocks.9,0.790612
50,0,3,vig_tiny,cifar10,1000.0,11,_vig_blocks.10,0.752415
50,0,3,vig_tiny,cifar10,1000.0,12,_vig_blocks.11,0.706065
50,0,3,vig_tiny,cifar10,1000.0,13,classifier,0.754915
50,0,4,vig_tiny,cifar10,1000.0,0,_vig_stem,0.888891
50,0,4,vig_tiny,cifar10,1000.0,1,_vig_blocks.0,0.846469
50,0,4,vig_tiny,cifar10,1000.0,2,_vig_blocks.1,0.847682
50,0,4,vig_tiny,cifar10,1000.0,3,_vig_blocks.2,0.849362
50,0,4,vig_tiny,cifar10,1000.0,4,_vig_blocks.3,0.864787
50,0,4,vig_tiny,cifar10,1000.0,5,_vig_blocks.4,0.844258
50,0,4,vig_tiny,cifar10,1000.0,6,_vig_blocks.5,0.849203
50,0,4,vig_tiny,cifar10,1000.0,7,_vig_blocks.6,0.848954
50,0,4,vig_tiny,cifar10,1000.0,8,_vig_blocks.7,0.831114
50,0,4,vig_tiny,cifar10,1000.0,9,_vig_blocks.8,0.822069
50,0,4,vig_tiny,cifar10,1000.0,10,_vig_blocks.9,0.796893
50,0,4,vig_tiny,cifar10,1000.0,11,_vig_blocks.10,0.753346
50,0,4,vig_tiny,cifar10,1000.0,12,_vig_blocks.11,0.709473
50,0,4,vig_tiny,cifar10,1000.0,13,classifier,0.739617
50,0,5,vig_tiny,cifar10,1000.0,0,_vig_stem,0.842025
50,0,5,vig_tiny,cifar10,1000.0,1,_vig_blocks.0,0.847931
50,0,5,vig_tiny,cifar10,1000.0,2,_vig_blocks.1,0.864458
50,0,5,vig_tiny,cifar10,1000.0,3,_vig_blocks.2,0.864153
50,0,5,vig_tiny,cifar10,1000.0,4,_vig_blocks.3,0.862042
50,0,5,vig_tiny,cifar10,1000.0,5,_vig_blocks.4,0.843801
50,0,5,vig_tiny,cifar10,1000.0,6,_vig_blocks.5,0.854262
50,0,5,vig_tiny,cifar10,1000.0,7,_vig_blocks.6,0.845936
50,0,5,vig_tiny,cifar10,1000.0,8,_vig_blocks.7,0.833087
50,0,5,vig_tiny,cifar10,1000.0,9,_vig_blocks.8,0.813038
50,0,5,vig_tiny,cifar10,1000.0,10,_vig_blocks.9,0.793372
50,0,5,vig_tiny,cifar10,1000.0,11,_vig_blocks.10,0.760717
50,0,5,vig_tiny,cifar10,1000.0,12,_vig_blocks.11,0.715990
50,0,5,vig_tiny,cifar10,1000.0,13,classifier,0.761876
50,0,6,vig_tiny,cifar10,1000.0,0,_vig_stem,0.837500
50,0,6,vig_tiny,cifar10,1000.0,1,_vig_blocks.0,0.811511
50,0,6,vig_tiny,cifar10,1000.0,2,_vig_blocks.1,0.835746
50,0,6,vig_tiny,cifar10,1000.0,3,_vig_blocks.2,0.843393
50,0,6,vig_tiny,cifar10,1000.0,4,_vig_blocks.3,0.846276
50,0,6,vig_tiny,cifar10,1000.0,5,_vig_blocks.4,0.840024
50,0,6,vig_tiny,cifar10,1000.0,6,_vig_blocks.5,0.850814
50,0,6,vig_tiny,cifar10,1000.0,7,_vig_blocks.6,0.849369
50,0,6,vig_tiny,cifar10,1000.0,8,_vig_blocks.7,0.847312
50,0,6,vig_tiny,cifar10,1000.0,9,_vig_blocks.8,0.832765
50,0,6,vig_tiny,cifar10,1000.0,10,_vig_blocks.9,0.808901
50,0,6,vig_tiny,cifar10,1000.0,11,_vig_blocks.10,0.787672
50,0,6,vig_tiny,cifar10,1000.0,12,_vig_blocks.11,0.735964
50,0,6,vig_tiny,cifar10,1000.0,13,classifier,0.781041
50,0,7,vig_tiny,cifar10,1000.0,0,_vig_stem,0.863124
50,0,7,vig_tiny,cifar10,1000.0,1,_vig_blocks.0,0.846423
50,0,7,vig_tiny,cifar10,1000.0,2,_vig_blocks.1,0.838706
50,0,7,vig_tiny,cifar10,1000.0,3,_vig_blocks.2,0.853578
50,0,7,vig_tiny,cifar10,1000.0,4,_vig_blocks.3,0.853451
50,0,7,vig_tiny,cifar10,1000.0,5,_vig_blocks.4,0.861961
50,0,7,vig_tiny,cifar10,1000.0,6,_vig_blocks.5,0.869502
50,0,7,vig_tiny,cifar10,1000.0,7,_vig_blocks.6,0.877728
50,0,7,vig_tiny,cifar10,1000.0,8,_vig_blocks.7,0.867238
50,0,7,vig_tiny,cifar10,1000.0,9,_vig_blocks.8,0.840702
50,0,7,vig_tiny,cifar10,1000.0,10,_vig_blocks.9,0.809457
50,0,7,vig_tiny,cifar10,1000.0,11,_vig_blocks.10,0.774086
50,0,7,vig_tiny,cifar10,1000.0,12,_vig_blocks.11,0.722916
50,0,7,vig_tiny,cifar10,1000.0,13,classifier,0.747122
50,0,8,vig_tiny,cifar10,1000.0,0,_vig_stem,0.817492
50,0,8,vig_tiny,cifar10,1000.0,1,_vig_blocks.0,0.806351
50,0,8,vig_tiny,cifar10,1000.0,2,_vig_blocks.1,0.824411
50,0,8,vig_tiny,cifar10,1000.0,3,_vig_blocks.2,0.828411
50,0,8,vig_tiny,cifar10,1000.0,4,_vig_blocks.3,0.840407
50,0,8,vig_tiny,cifar10,1000.0,5,_vig_blocks.4,0.832052
50,0,8,vig_tiny,cifar10,1000.0,6,_vig_blocks.5,0.842583
50,0,8,vig_tiny,cifar10,1000.0,7,_vig_blocks.6,0.843632
50,0,8,vig_tiny,cifar10,1000.0,8,_vig_blocks.7,0.823231
50,0,8,vig_tiny,cifar10,1000.0,9,_vig_blocks.8,0.802851
50,0,8,vig_tiny,cifar10,1000.0,10,_vig_blocks.9,0.775992
50,0,8,vig_tiny,cifar10,1000.0,11,_vig_blocks.10,0.732857
50,0,8,vig_tiny,cifar10,1000.0,12,_vig_blocks.11,0.688023
50,0,8,vig_tiny,cifar10,1000.0,13,classifier,0.730486
50,0,9,vig_tiny,cifar10,1000.0,0,_vig_stem,0.834667
50,0,9,vig_tiny,cifar10,1000.0,1,_vig_blocks.0,0.822141
50,0,9,vig_tiny,cifar10,1000.0,2,_vig_blocks.1,0.830608
50,0,9,vig_tiny,cifar10,1000.0,3,_vig_blocks.2,0.830339
50,0,9,vig_tiny,cifar10,1000.0,4,_vig_blocks.3,0.833844
50,0,9,vig_tiny,cifar10,1000.0,5,_vig_blocks.4,0.818819
50,0,9,vig_tiny,cifar10,1000.0,6,_vig_blocks.5,0.828914
50,0,9,vig_tiny,cifar10,1000.0,7,_vig_blocks.6,0.825121
50,0,9,vig_tiny,cifar10,1000.0,8,_vig_blocks.7,0.804489
50,0,9,vig_tiny,cifar10,1000.0,9,_vig_blocks.8,0.779272
50,0,9,vig_tiny,cifar10,1000.0,10,_vig_blocks.9,0.743345
50,0,9,vig_tiny,cifar10,1000.0,11,_vig_blocks.10,0.686003
50,0,9,vig_tiny,cifar10,1000.0,12,_vig_blocks.11,0.622243
50,0,9,vig_tiny,cifar10,1000.0,13,classifier,0.667865
50,1,2,vig_tiny,cifar10,1000.0,0,_vig_stem,0.843439
50,1,2,vig_tiny,cifar10,1000.0,1,_vig_blocks.0,0.796977
50,1,2,vig_tiny,cifar10,1000.0,2,_vig_blocks.1,0.833787
50,1,2,vig_tiny,cifar10,1000.0,3,_vig_blocks.2,0.836545
50,1,2,vig_tiny,cifar10,1000.0,4,_vig_blocks.3,0.857940
50,1,2,vig_tiny,cifar10,1000.0,5,_vig_blocks.4,0.849365
50,1,2,vig_tiny,cifar10,1000.0,6,_vig_blocks.5,0.852965
50,1,2,vig_tiny,cifar10,1000.0,7,_vig_blocks.6,0.857317
50,1,2,vig_tiny,cifar10,1000.0,8,_vig_blocks.7,0.836979
50,1,2,vig_tiny,cifar10,1000.0,9,_vig_blocks.8,0.819310
50,1,2,vig_tiny,cifar10,1000.0,10,_vig_blocks.9,0.784855
50,1,2,vig_tiny,cifar10,1000.0,11,_vig_blocks.10,0.722779
50,1,2,vig_tiny,cifar10,1000.0,12,_vig_blocks.11,0.650253
50,1,2,vig_tiny,cifar10,1000.0,13,classifier,0.648278
50,1,3,vig_tiny,cifar10,1000.0,0,_vig_stem,0.877374
50,1,3,vig_tiny,cifar10,1000.0,1,_vig_blocks.0,0.840694
50,1,3,vig_tiny,cifar10,1000.0,2,_vig_blocks.1,0.850469
50,1,3,vig_tiny,cifar10,1000.0,3,_vig_blocks.2,0.836592
50,1,3,vig_tiny,cifar10,1000.0,4,_vig_blocks.3,0.862024
50,1,3,vig_tiny,cifar10,1000.0,5,_vig_blocks.4,0.845187
50,1,3,vig_tiny,cifar10,1000.0,6,_vig_blocks.5,0.839480
50,1,3,vig_tiny,cifar10,1000.0,7,_vig_blocks.6,0.833077
50,1,3,vig_tiny,cifar10,1000.0,8,_vig_blocks.7,0.819245
50,1,3,vig_tiny,cifar10,1000.0,9,_vig_blocks.8,0.793690
50,1,3,vig_tiny,cifar10,1000.0,10,_vig_blocks.9,0.765848
50,1,3,vig_tiny,cifar10,1000.0,11,_vig_blocks.10,0.715791
50,1,3,vig_tiny,cifar10,1000.0,12,_vig_blocks.11,0.665027
50,1,3,vig_tiny,cifar10,1000.0,13,classifier,0.741616
50,1,4,vig_tiny,cifar10,1000.0,0,_vig_stem,0.894922
50,1,4,vig_tiny,cifar10,1000.0,1,_vig_blocks.0,0.829069
50,1,4,vig_tiny,cifar10,1000.0,2,_vig_blocks.1,0.816305
50,1,4,vig_tiny,cifar10,1000.0,3,_vig_blocks.2,0.810861
50,1,4,vig_tiny,cifar10,1000.0,4,_vig_blocks.3,0.830223
50,1,4,vig_tiny,cifar10,1000.0,5,_vig_blocks.4,0.795259
50,1,4,vig_tiny,cifar10,1000.0,6,_vig_blocks.5,0.784727
50,1,4,vig_tiny,cifar10,1000.0,7,_vig_blocks.6,0.784499
50,1,4,vig_tiny,cifar10,1000.0,8,_vig_blocks.7,0.766204
50,1,4,vig_tiny,cifar10,1000.0,9,_vig_blocks.8,0.757238
50,1,4,vig_tiny,cifar10,1000.0,10,_vig_blocks.9,0.738353
50,1,4,vig_tiny,cifar10,1000.0,11,_vig_blocks.10,0.696516
50,1,4,vig_tiny,cifar10,1000.0,12,_vig_blocks.11,0.668780
50,1,4,vig_tiny,cifar10,1000.0,13,classifier,0.716764
50,1,5,vig_tiny,cifar10,1000.0,0,_vig_stem,0.858887
50,1,5,vig_tiny,cifar10,1000.0,1,_vig_blocks.0,0.834741
50,1,5,vig_tiny,cifar10,1000.0,2,_vig_blocks.1,0.833186
50,1,5,vig_tiny,cifar10,1000.0,3,_vig_blocks.2,0.827471
50,1,5,vig_tiny,cifar10,1000.0,4,_vig_blocks.3,0.825608
50,1,5,vig_tiny,cifar10,1000.0,5,_vig_blocks.4,0.796073
50,1,5,vig_tiny,cifar10,1000.0,6,_vig_blocks.5,0.800969
50,1,5,vig_tiny,cifar10,1000.0,7,_vig_blocks.6,0.797490
50,1,5,vig_tiny,cifar10,1000.0,8,_vig_blocks.7,0.786449
50,1,5,vig_tiny,cifar10,1000.0,9,_vig_blocks.8,0.763278
50,1,5,vig_tiny,cifar10,1000.0,10,_vig_blocks.9,0.742290
50,1,5,vig_tiny,cifar10,1000.0,11,_vig_blocks.10,0.699770
50,1,5,vig_tiny,cifar10,1000.0,12,_vig_blocks.11,0.660473
50,1,5,vig_tiny,cifar10,1000.0,13,classifier,0.721370
50,1,6,vig_tiny,cifar10,1000.0,0,_vig_stem,0.841671
50,1,6,vig_tiny,cifar10,1000.0,1,_vig_blocks.0,0.778672
50,1,6,vig_tiny,cifar10,1000.0,2,_vig_blocks.1,0.789225
50,1,6,vig_tiny,cifar10,1000.0,3,_vig_blocks.2,0.798173
50,1,6,vig_tiny,cifar10,1000.0,4,_vig_blocks.3,0.823190
50,1,6,vig_tiny,cifar10,1000.0,5,_vig_blocks.4,0.816201
50,1,6,vig_tiny,cifar10,1000.0,6,_vig_blocks.5,0.819976
50,1,6,vig_tiny,cifar10,1000.0,7,_vig_blocks.6,0.816066
50,1,6,vig_tiny,cifar10,1000.0,8,_vig_blocks.7,0.814676
50,1,6,vig_tiny,cifar10,1000.0,9,_vig_blocks.8,0.796280
50,1,6,vig_tiny,cifar10,1000.0,10,_vig_blocks.9,0.763919
50,1,6,vig_tiny,cifar10,1000.0,11,_vig_blocks.10,0.738041
50,1,6,vig_tiny,cifar10,1000.0,12,_vig_blocks.11,0.701560
50,1,6,vig_tiny,cifar10,1000.0,13,classifier,0.792907
50,1,7,vig_tiny,cifar10,1000.0,0,_vig_stem,0.881030
50,1,7,vig_tiny,cifar10,1000.0,1,_vig_blocks.0,0.839226
50,1,7,vig_tiny,cifar10,1000.0,2,_vig_blocks.1,0.841670
50,1,7,vig_tiny,cifar10,1000.0,3,_vig_blocks.2,0.843114
50,1,7,vig_tiny,cifar10,1000.0,4,_vig_blocks.3,0.853773
50,1,7,vig_tiny,cifar10,1000.0,5,_vig_blocks.4,0.851464
50,1,7,vig_tiny,cifar10,1000.0,6,_vig_blocks.5,0.856833
50,1,7,vig_tiny,cifar10,1000.0,7,_vig_blocks.6,0.857706
50,1,7,vig_tiny,cifar10,1000.0,8,_vig_blocks.7,0.850443
50,1,7,vig_tiny,cifar10,1000.0,9,_vig_blocks.8,0.835113
50,1,7,vig_tiny,cifar10,1000.0,10,_vig_blocks.9,0.806774
50,1,7,vig_tiny,cifar10,1000.0,11,_vig_blocks.10,0.750125
50,1,7,vig_tiny,cifar10,1000.0,12,_vig_blocks.11,0.699027
50,1,7,vig_tiny,cifar10,1000.0,13,classifier,0.733858
50,1,8,vig_tiny,cifar10,1000.0,0,_vig_stem,0.819083
50,1,8,vig_tiny,cifar10,1000.0,1,_vig_blocks.0,0.796823
50,1,8,vig_tiny,cifar10,1000.0,2,_vig_blocks.1,0.811478
50,1,8,vig_tiny,cifar10,1000.0,3,_vig_blocks.2,0.817099
50,1,8,vig_tiny,cifar10,1000.0,4,_vig_blocks.3,0.853231
50,1,8,vig_tiny,cifar10,1000.0,5,_vig_blocks.4,0.832768
50,1,8,vig_tiny,cifar10,1000.0,6,_vig_blocks.5,0.835118
50,1,8,vig_tiny,cifar10,1000.0,7,_vig_blocks.6,0.838107
50,1,8,vig_tiny,cifar10,1000.0,8,_vig_blocks.7,0.821621
50,1,8,vig_tiny,cifar10,1000.0,9,_vig_blocks.8,0.794895
50,1,8,vig_tiny,cifar10,1000.0,10,_vig_blocks.9,0.756717
50,1,8,vig_tiny,cifar10,1000.0,11,_vig_blocks.10,0.689262
50,1,8,vig_tiny,cifar10,1000.0,12,_vig_blocks.11,0.637390
50,1,8,vig_tiny,cifar10,1000.0,13,classifier,0.700524
50,1,9,vig_tiny,cifar10,1000.0,0,_vig_stem,0.874458
50,1,9,vig_tiny,cifar10,1000.0,1,_vig_blocks.0,0.821165
50,1,9,vig_tiny,cifar10,1000.0,2,_vig_blocks.1,0.817799
50,1,9,vig_tiny,cifar10,1000.0,3,_vig_blocks.2,0.807168
50,1,9,vig_tiny,cifar10,1000.0,4,_vig_blocks.3,0.829915
50,1,9,vig_tiny,cifar10,1000.0,5,_vig_blocks.4,0.809951
50,1,9,vig_tiny,cifar10,1000.0,6,_vig_blocks.5,0.811410
50,1,9,vig_tiny,cifar10,1000.0,7,_vig_blocks.6,0.814536
50,1,9,vig_tiny,cifar10,1000.0,8,_vig_blocks.7,0.794720
50,1,9,vig_tiny,cifar10,1000.0,9,_vig_blocks.8,0.768961
50,1,9,vig_tiny,cifar10,1000.0,10,_vig_blocks.9,0.738599
50,1,9,vig_tiny,cifar10,1000.0,11,_vig_blocks.10,0.669282
50,1,9,vig_tiny,cifar10,1000.0,12,_vig_blocks.11,0.602088
50,1,9,vig_tiny,cifar10,1000.0,13,classifier,0.630801
50,2,3,vig_tiny,cifar10,1000.0,0,_vig_stem,0.920830
50,2,3,vig_tiny,cifar10,1000.0,1,_vig_blocks.0,0.835654
50,2,3,vig_tiny,cifar10,1000.0,2,_vig_blocks.1,0.847623
50,2,3,vig_tiny,cifar10,1000.0,3,_vig_blocks.2,0.847829
50,2,3,vig_tiny,cifar10,1000.0,4,_vig_blocks.3,0.856600
50,2,3,vig_tiny,cifar10,1000.0,5,_vig_blocks.4,0.848398
50,2,3,vig_tiny,cifar10,1000.0,6,_vig_blocks.5,0.846252
50,2,3,vig_tiny,cifar10,1000.0,7,_vig_blocks.6,0.836495
50,2,3,vig_tiny,cifar10,1000.0,8,_vig_blocks.7,0.825040
50,2,3,vig_tiny,cifar10,1000.0,9,_vig_blocks.8,0.795879
50,2,3,vig_tiny,cifar10,1000.0,10,_vig_blocks.9,0.756540
50,2,3,vig_tiny,cifar10,1000.0,11,_vig_blocks.10,0.699042
50,2,3,vig_tiny,cifar10,1000.0,12,_vig_blocks.11,0.636975
50,2,3,vig_tiny,cifar10,1000.0,13,classifier,0.633593
50,2,4,vig_tiny,cifar10,1000.0,0,_vig_stem,0.848528
50,2,4,vig_tiny,cifar10,1000.0,1,_vig_blocks.0,0.825203
50,2,4,vig_tiny,cifar10,1000.0,2,_vig_blocks.1,0.850273
50,2,4,vig_tiny,cifar10,1000.0,3,_vig_blocks.2,0.847418
50,2,4,vig_tiny,cifar10,1000.0,4,_vig_blocks.3,0.864988
50,2,4,vig_tiny,cifar10,1000.0,5,_vig_blocks.4,0.830087
50,2,4,vig_tiny,cifar10,1000.0,6,_vig_blocks.5,0.829553
50,2,4,vig_tiny,cifar10,1000.0,7,_vig_blocks.6,0.827598
50,2,4,vig_tiny,cifar10,1000.0,8,_vig_blocks.7,0.806214
50,2,4,vig_tiny,cifar10,1000.0,9,_vig_blocks.8,0.791117
50,2,4,vig_tiny,cifar10,1000.0,10,_vig_blocks.9,0.756712
50,2,4,vig_tiny,cifar10,1000.0,11,_vig_blocks.10,0.696015
50,2,4,vig_tiny,cifar10,1000.0,12,_vig_blocks.11,0.653276
50,2,4,vig_tiny,cifar10,1000.0,13,classifier,0.662201
50,2,5,vig_tiny,cifar10,1000.0,0,_vig_stem,0.913065
50,2,5,vig_tiny,cifar10,1000.0,1,_vig_blocks.0,0.829066
50,2,5,vig_tiny,cifar10,1000.0,2,_vig_blocks.1,0.849131
50,2,5,vig_tiny,cifar10,1000.0,3,_vig_blocks.2,0.834778
50,2,5,vig_tiny,cifar10,1000.0,4,_vig_blocks.3,0.842901
50,2,5,vig_tiny,cifar10,1000.0,5,_vig_blocks.4,0.813089
50,2,5,vig_tiny,cifar10,1000.0,6,_vig_blocks.5,0.819327
50,2,5,vig_tiny,cifar10,1000.0,7,_vig_blocks.6,0.809581
50,2,5,vig_tiny,cifar10,1000.0,8,_vig_blocks.7,0.789595
50,2,5,vig_tiny,cifar10,1000.0,9,_vig_blocks.8,0.760688
50,2,5,vig_tiny,cifar10,1000.0,10,_vig_blocks.9,0.736248
50,2,5,vig_tiny,cifar10,1000.0,11,_vig_blocks.10,0.686044
50,2,5,vig_tiny,cifar10,1000.0,12,_vig_blocks.11,0.624749
50,2,5,vig_tiny,cifar10,1000.0,13,classifier,0.607393
50,2,6,vig_tiny,cifar10,1000.0,0,_vig_stem,0.832291
50,2,6,vig_tiny,cifar10,1000.0,1,_vig_blocks.0,0.778723
50,2,6,vig_tiny,cifar10,1000.0,2,_vig_blocks.1,0.804408
50,2,6,vig_tiny,cifar10,1000.0,3,_vig_blocks.2,0.804844
50,2,6,vig_tiny,cifar10,1000.0,4,_vig_blocks.3,0.820438
50,2,6,vig_tiny,cifar10,1000.0,5,_vig_blocks.4,0.811568
50,2,6,vig_tiny,cifar10,1000.0,6,_vig_blocks.5,0.810520
50,2,6,vig_tiny,cifar10,1000.0,7,_vig_blocks.6,0.801418
50,2,6,vig_tiny,cifar10,1000.0,8,_vig_blocks.7,0.792241
50,2,6,vig_tiny,cifar10,1000.0,9,_vig_blocks.8,0.768293
50,2,6,vig_tiny,cifar10,1000.0,10,_vig_blocks.9,0.735798
50,2,6,vig_tiny,cifar10,1000.0,11,_vig_blocks.10,0.691139
50,2,6,vig_tiny,cifar10,1000.0,12,_vig_blocks.11,0.611825
50,2,6,vig_tiny,cifar10,1000.0,13,classifier,0.570398
50,2,7,vig_tiny,cifar10,1000.0,0,_vig_stem,0.925311
50,2,7,vig_tiny,cifar10,1000.0,1,_vig_blocks.0,0.860727
50,2,7,vig_tiny,cifar10,1000.0,2,_vig_blocks.1,0.870595
50,2,7,vig_tiny,cifar10,1000.0,3,_vig_blocks.2,0.867123
50,2,7,vig_tiny,cifar10,1000.0,4,_vig_blocks.3,0.867610
50,2,7,vig_tiny,cifar10,1000.0,5,_vig_blocks.4,0.871968
50,2,7,vig_tiny,cifar10,1000.0,6,_vig_blocks.5,0.872569
50,2,7,vig_tiny,cifar10,1000.0,7,_vig_blocks.6,0.875378
50,2,7,vig_tiny,cifar10,1000.0,8,_vig_blocks.7,0.867356
50,2,7,vig_tiny,cifar10,1000.0,9,_vig_blocks.8,0.842887
50,2,7,vig_tiny,cifar10,1000.0,10,_vig_blocks.9,0.820427
50,2,7,vig_tiny,cifar10,1000.0,11,_vig_blocks.10,0.778767
50,2,7,vig_tiny,cifar10,1000.0,12,_vig_blocks.11,0.728957
50,2,7,vig_tiny,cifar10,1000.0,13,classifier,0.730972
50,2,8,vig_tiny,cifar10,1000.0,0,_vig_stem,0.917093
50,2,8,vig_tiny,cifar10,1000.0,1,_vig_blocks.0,0.838752
50,2,8,vig_tiny,cifar10,1000.0,2,_vig_blocks.1,0.855775
50,2,8,vig_tiny,cifar10,1000.0,3,_vig_blocks.2,0.861249
50,2,8,vig_tiny,cifar10,1000.0,4,_vig_blocks.3,0.870308
50,2,8,vig_tiny,cifar10,1000.0,5,_vig_blocks.4,0.848159
50,2,8,vig_tiny,cifar10,1000.0,6,_vig_blocks.5,0.854589
50,2,8,vig_tiny,cifar10,1000.0,7,_vig_blocks.6,0.853351
50,2,8,vig_tiny,cifar10,1000.0,8,_vig_blocks.7,0.832313
50,2,8,vig_tiny,cifar10,1000.0,9,_vig_blocks.8,0.804195
50,2,8,vig_tiny,cifar10,1000.0,10,_vig_blocks.9,0.762975
50,2,8,vig_tiny,cifar10,1000.0,11,_vig_blocks.10,0.694092
50,2,8,vig_tiny,cifar10,1000.0,12,_vig_blocks.11,0.629749
50,2,8,vig_tiny,cifar10,1000.0,13,classifier,0.582049
50,2,9,vig_tiny,cifar10,1000.0,0,_vig_stem,0.877444
50,2,9,vig_tiny,cifar10,1000.0,1,_vig_blocks.0,0.806510
50,2,9,vig_tiny,cifar10,1000.0,2,_vig_blocks.1,0.830505
50,2,9,vig_tiny,cifar10,1000.0,3,_vig_blocks.2,0.834508
50,2,9,vig_tiny,cifar10,1000.0,4,_vig_blocks.3,0.854109
50,2,9,vig_tiny,cifar10,1000.0,5,_vig_blocks.4,0.843149
50,2,9,vig_tiny,cifar10,1000.0,6,_vig_blocks.5,0.849438
50,2,9,vig_tiny,cifar10,1000.0,7,_vig_blocks.6,0.846216
50,2,9,vig_tiny,cifar10,1000.0,8,_vig_blocks.7,0.822270
50,2,9,vig_tiny,cifar10,1000.0,9,_vig_blocks.8,0.792481
50,2,9,vig_tiny,cifar10,1000.0,10,_vig_blocks.9,0.755462
50,2,9,vig_tiny,cifar10,1000.0,11,_vig_blocks.10,0.681076
50,2,9,vig_tiny,cifar10,1000.0,12,_vig_blocks.11,0.595574
50,2,9,vig_tiny,cifar10,1000.0,13,classifier,0.566564
50,3,4,vig_tiny,cifar10,1000.0,0,_vig_stem,0.890729
50,3,4,vig_tiny,cifar10,1000.0,1,_vig_blocks.0,0.838985
50,3,4,vig_tiny,cifar10,1000.0,2,_vig_blocks.1,0.850389
50,3,4,vig_tiny,cifar10,1000.0,3,_vig_blocks.2,0.852039
50,3,4,vig_tiny,cifar10,1000.0,4,_vig_blocks.3,0.855815
50,3,4,vig_tiny,cifar10,1000.0,5,_vig_blocks.4,0.826413
50,3,4,vig_tiny,cifar10,1000.0,6,_vig_blocks.5,0.832538
50,3,4,vig_tiny,cifar10,1000.0,7,_vig_blocks.6,0.826832
50,3,4,vig_tiny,cifar10,1000.0,8,_vig_blocks.7,0.819451
50,3,4,vig_tiny,cifar10,1000.0,9,_vig_blocks.8,0.809728
50,3,4,vig_tiny,cifar10,1000.0,10,_vig_blocks.9,0.785252
50,3,4,vig_tiny,cifar10,1000.0,11,_vig_blocks.10,0.742782
50,3,4,vig_tiny,cifar10,1000.0,12,_vig_blocks.11,0.699294
50,3,4,vig_tiny,cifar10,1000.0,13,classifier,0.756084
50,3,5,vig_tiny,cifar10,1000.0,0,_vig_stem,0.911880
50,3,5,vig_tiny,cifar10,1000.0,1,_vig_blocks.0,0.880173
50,3,5,vig_tiny,cifar10,1000.0,2,_vig_blocks.1,0.872104
50,3,5,vig_tiny,cifar10,1000.0,3,_vig_blocks.2,0.857345
50,3,5,vig_tiny,cifar10,1000.0,4,_vig_blocks.3,0.863199
50,3,5,vig_tiny,cifar10,1000.0,5,_vig_blocks.4,0.842063
50,3,5,vig_tiny,cifar10,1000.0,6,_vig_blocks.5,0.849988
50,3,5,vig_tiny,cifar10,1000.0,7,_vig_blocks.6,0.843708
50,3,5,vig_tiny,cifar10,1000.0,8,_vig_blocks.7,0.832427
50,3,5,vig_tiny,cifar10,1000.0,9,_vig_blocks.8,0.808427
50,3,5,vig_tiny,cifar10,1000.0,10,_vig_blocks.9,0.779653
50,3,5,vig_tiny,cifar10,1000.0,11,_vig_blocks.10,0.732021
50,3,5,vig_tiny,cifar10,1000.0,12,_vig_blocks.11,0.681116
50,3,5,vig_tiny,cifar10,1000.0,13,classifier,0.729867
50,3,6,vig_tiny,cifar10,1000.0,0,_vig_stem,0.887387
50,3,6,vig_tiny,cifar10,1000.0,1,_vig_blocks.0,0.847635
50,3,6,vig_tiny,cifar10,1000.0,2,_vig_blocks.1,0.856229
50,3,6,vig_tiny,cifar10,1000.0,3,_vig_blocks.2,0.848913
50,3,6,vig_tiny,cifar10,1000.0,4,_vig_blocks.3,0.858357
50,3,6,vig_tiny,cifar10,1000.0,5,_vig_blocks.4,0.855466
50,3,6,vig_tiny,cifar10,1000.0,6,_vig_blocks.5,0.847215
50,3,6,vig_tiny,cifar10,1000.0,7,_vig_blocks.6,0.842470
50,3,6,vig_tiny,cifar10,1000.0,8,_vig_blocks.7,0.836284
50,3,6,vig_tiny,cifar10,1000.0,9,_vig_blocks.8,0.816920
50,3,6,vig_tiny,cifar10,1000.0,10,_vig_blocks.9,0.797331
50,3,6,vig_tiny,cifar10,1000.0,11,_vig_blocks.10,0.759074
50,3,6,vig_tiny,cifar10,1000.0,12,_vig_blocks.11,0.725100
50,3,6,vig_tiny,cifar10,1000.0,13,classifier,0.767255
50,3,7,vig_tiny,cifar10,1000.0,0,_vig_stem,0.917162
50,3,7,vig_tiny,cifar10,1000.0,1,_vig_blocks.0,0.868480
50,3,7,vig_tiny,cifar10,1000.0,2,_vig_blocks.1,0.852607
50,3,7,vig_tiny,cifar10,1000.0,3,_vig_blocks.2,0.857884
50,3,7,vig_tiny,cifar10,1000.0,4,_vig_blocks.3,0.864272
50,3,7,vig_tiny,cifar10,1000.0,5,_vig_blocks.4,0.855311
50,3,7,vig_tiny,cifar10,1000.0,6,_vig_blocks.5,0.854742
50,3,7,vig_tiny,cifar10,1000.0,7,_vig_blocks.6,0.854766
50,3,7,vig_tiny,cifar10,1000.0,8,_vig_blocks.7,0.842904
50,3,7,vig_tiny,cifar10,1000.0,9,_vig_blocks.8,0.813567
50,3,7,vig_tiny,cifar10,1000.0,10,_vig_blocks.9,0.777492
50,3,7,vig_tiny,cifar10,1000.0,11,_vig_blocks.10,0.728430
50,3,7,vig_tiny,cifar10,1000.0,12,_vig_blocks.11,0.667367
50,3,7,vig_tiny,cifar10,1000.0,13,classifier,0.717934
50,3,8,vig_tiny,cifar10,1000.0,0,_vig_stem,0.885524
50,3,8,vig_tiny,cifar10,1000.0,1,_vig_blocks.0,0.831459
50,3,8,vig_tiny,cifar10,1000.0,2,_vig_blocks.1,0.837527
50,3,8,vig_tiny,cifar10,1000.0,3,_vig_blocks.2,0.829999
50,3,8,vig_tiny,cifar10,1000.0,4,_vig_blocks.3,0.843987
50,3,8,vig_tiny,cifar10,1000.0,5,_vig_blocks.4,0.830750
50,3,8,vig_tiny,cifar10,1000.0,6,_vig_blocks.5,0.837180
50,3,8,vig_tiny,cifar10,1000.0,7,_vig_blocks.6,0.830390
50,3,8,vig_tiny,cifar10,1000.0,8,_vig_blocks.7,0.825528
50,3,8,vig_tiny,cifar10,1000.0,9,_vig_blocks.8,0.802055
50,3,8,vig_tiny,cifar10,1000.0,10,_vig_blocks.9,0.777675
50,3,8,vig_tiny,cifar10,1000.0,11,_vig_blocks.10,0.726803
50,3,8,vig_tiny,cifar10,1000.0,12,_vig_blocks.11,0.687276
50,3,8,vig_tiny,cifar10,1000.0,13,classifier,0.744902
50,3,9,vig_tiny,cifar10,1000.0,0,_vig_stem,0.881725
50,3,9,vig_tiny,cifar10,1000.0,1,_vig_blocks.0,0.833315
50,3,9,vig_tiny,cifar10,1000.0,2,_vig_blocks.1,0.845902
50,3,9,vig_tiny,cifar10,1000.0,3,_vig_blocks.2,0.839075
50,3,9,vig_tiny,cifar10,1000.0,4,_vig_blocks.3,0.848410
50,3,9,vig_tiny,cifar10,1000.0,5,_vig_blocks.4,0.839225
50,3,9,vig_tiny,cifar10,1000.0,6,_vig_blocks.5,0.840476
50,3,9,vig_tiny,cifar10,1000.0,7,_vig_blocks.6,0.831339
50,3,9,vig_tiny,cifar10,1000.0,8,_vig_blocks.7,0.822797
50,3,9,vig_tiny,cifar10,1000.0,9,_vig_blocks.8,0.803209
50,3,9,vig_tiny,cifar10,1000.0,10,_vig_blocks.9,0.771017
50,3,9,vig_tiny,cifar10,1000.0,11,_vig_blocks.10,0.721166
50,3,9,vig_tiny,cifar10,1000.0,12,_vig_blocks.11,0.661846
50,3,9,vig_tiny,cifar10,1000.0,13,classifier,0.698795
50,4,5,vig_tiny,cifar10,1000.0,0,_vig_stem,0.887269
50,4,5,vig_tiny,cifar10,1000.0,1,_vig_blocks.0,0.846459
50,4,5,vig_tiny,cifar10,1000.0,2,_vig_blocks.1,0.850270
50,4,5,vig_tiny,cifar10,1000.0,3,_vig_blocks.2,0.839386
50,4,5,vig_tiny,cifar10,1000.0,4,_vig_blocks.3,0.838094
50,4,5,vig_tiny,cifar10,1000.0,5,_vig_blocks.4,0.798363
50,4,5,vig_tiny,cifar10,1000.0,6,_vig_blocks.5,0.807362
50,4,5,vig_tiny,cifar10,1000.0,7,_vig_blocks.6,0.805654
50,4,5,vig_tiny,cifar10,1000.0,8,_vig_blocks.7,0.786080
50,4,5,vig_tiny,cifar10,1000.0,9,_vig_blocks.8,0.767270
50,4,5,vig_tiny,cifar10,1000.0,10,_vig_blocks.9,0.745467
50,4,5,vig_tiny,cifar10,1000.0,11,_vig_blocks.10,0.706878
50,4,5,vig_tiny,cifar10,1000.0,12,_vig_blocks.11,0.655344
50,4,5,vig_tiny,cifar10,1000.0,13,classifier,0.700031
50,4,6,vig_tiny,cifar10,1000.0,0,_vig_stem,0.862371
50,4,6,vig_tiny,cifar10,1000.0,1,_vig_blocks.0,0.802834
50,4,6,vig_tiny,cifar10,1000.0,2,_vig_blocks.1,0.827981
50,4,6,vig_tiny,cifar10,1000.0,3,_vig_blocks.2,0.831682
50,4,6,vig_tiny,cifar10,1000.0,4,_vig_blocks.3,0.833559
50,4,6,vig_tiny,cifar10,1000.0,5,_vig_blocks.4,0.800348
50,4,6,vig_tiny,cifar10,1000.0,6,_vig_blocks.5,0.806533
50,4,6,vig_tiny,cifar10,1000.0,7,_vig_blocks.6,0.806764
50,4,6,vig_tiny,cifar10,1000.0,8,_vig_blocks.7,0.800857
50,4,6,vig_tiny,cifar10,1000.0,9,_vig_blocks.8,0.783593
50,4,6,vig_tiny,cifar10,1000.0,10,_vig_blocks.9,0.761858
50,4,6,vig_tiny,cifar10,1000.0,11,_vig_blocks.10,0.743998
50,4,6,vig_tiny,cifar10,1000.0,12,_vig_blocks.11,0.711879
50,4,6,vig_tiny,cifar10,1000.0,13,classifier,0.767787
50,4,7,vig_tiny,cifar10,1000.0,0,_vig_stem,0.862406
50,4,7,vig_tiny,cifar10,1000.0,1,_vig_blocks.0,0.816045
50,4,7,vig_tiny,cifar10,1000.0,2,_vig_blocks.1,0.833851
50,4,7,vig_tiny,cifar10,1000.0,3,_vig_blocks.2,0.836100
50,4,7,vig_tiny,cifar10,1000.0,4,_vig_blocks.3,0.842908
50,4,7,vig_tiny,cifar10,1000.0,5,_vig_blocks.4,0.816532
50,4,7,vig_tiny,cifar10,1000.0,6,_vig_blocks.5,0.813828
50,4,7,vig_tiny,cifar10,1000.0,7,_vig_blocks.6,0.814128
50,4,7,vig_tiny,cifar10,1000.0,8,_vig_blocks.7,0.799207
50,4,7,vig_tiny,cifar10,1000.0,9,_vig_blocks.8,0.774446
50,4,7,vig_tiny,cifar10,1000.0,10,_vig_blocks.9,0.741819
50,4,7,vig_tiny,cifar10,1000.0,11,_vig_blocks.10,0.698829
50,4,7,vig_tiny,cifar10,1000.0,12,_vig_blocks.11,0.663508
50,4,7,vig_tiny,cifar10,1000.0,13,classifier,0.698478
50,4,8,vig_tiny,cifar10,1000.0,0,_vig_stem,0.824130
50,4,8,vig_tiny,cifar10,1000.0,1,_vig_blocks.0,0.801455
50,4,8,vig_tiny,cifar10,1000.0,2,_vig_blocks.1,0.815976
50,4,8,vig_tiny,cifar10,1000.0,3,_vig_blocks.2,0.818261
50,4,8,vig_tiny,cifar10,1000.0,4,_vig_blocks.3,0.842241
50,4,8,vig_tiny,cifar10,1000.0,5,_vig_blocks.4,0.823445
50,4,8,vig_tiny,cifar10,1000.0,6,_vig_blocks.5,0.835630
50,4,8,vig_tiny,cifar10,1000.0,7,_vig_blocks.6,0.830690
50,4,8,vig_tiny,cifar10,1000.0,8,_vig_blocks.7,0.811801
50,4,8,vig_tiny,cifar10,1000.0,9,_vig_blocks.8,0.795027
50,4,8,vig_tiny,cifar10,1000.0,10,_vig_blocks.9,0.766882
50,4,8,vig_tiny,cifar10,1000.0,11,_vig_blocks.10,0.721510
50,4,8,vig_tiny,cifar10,1000.0,12,_vig_blocks.11,0.679038
50,4,8,vig_tiny,cifar10,1000.0,13,classifier,0.708014
50,4,9,vig_tiny,cifar10,1000.0,0,_vig_stem,0.867742
50,4,9,vig_tiny,cifar10,1000.0,1,_vig_blocks.0,0.836626
50,4,9,vig_tiny,cifar10,1000.0,2,_vig_blocks.1,0.851848
50,4,9,vig_tiny,cifar10,1000.0,3,_vig_blocks.2,0.858315
50,4,9,vig_tiny,cifar10,1000.0,4,_vig_blocks.3,0.869929
50,4,9,vig_tiny,cifar10,1000.0,5,_vig_blocks.4,0.846607
50,4,9,vig_tiny,cifar10,1000.0,6,_vig_blocks.5,0.854613
50,4,9,vig_tiny,cifar10,1000.0,7,_vig_blocks.6,0.846903
50,4,9,vig_tiny,cifar10,1000.0,8,_vig_blocks.7,0.825954
50,4,9,vig_tiny,cifar10,1000.0,9,_vig_blocks.8,0.807043
50,4,9,vig_tiny,cifar10,1000.0,10,_vig_blocks.9,0.766459
50,4,9,vig_tiny,cifar10,1000.0,11,_vig_blocks.10,0.696931
50,4,9,vig_tiny,cifar10,1000.0,12,_vig_blocks.11,0.619948
50,4,9,vig_tiny,cifar10,1000.0,13,classifier,0.628687
50,5,6,vig_tiny,cifar10,1000.0,0,_vig_stem,0.883188
50,5,6,vig_tiny,cifar10,1000.0,1,_vig_blocks.0,0.836365
50,5,6,vig_tiny,cifar10,1000.0,2,_vig_blocks.1,0.857835
50,5,6,vig_tiny,cifar10,1000.0,3,_vig_blocks.2,0.845715
50,5,6,vig_tiny,cifar10,1000.0,4,_vig_blocks.3,0.850311
50,5,6,vig_tiny,cifar10,1000.0,5,_vig_blocks.4,0.844378
50,5,6,vig_tiny,cifar10,1000.0,6,_vig_blocks.5,0.849803
50,5,6,vig_tiny,cifar10,1000.0,7,_vig_blocks.6,0.843381
50,5,6,vig_tiny,cifar10,1000.0,8,_vig_blocks.7,0.833526
50,5,6,vig_tiny,cifar10,1000.0,9,_vig_blocks.8,0.813817
50,5,6,vig_tiny,cifar10,1000.0,10,_vig_blocks.9,0.786613
50,5,6,vig_tiny,cifar10,1000.0,11,_vig_blocks.10,0.751481
50,5,6,vig_tiny,cifar10,1000.0,12,_vig_blocks.11,0.701491
50,5,6,vig_tiny,cifar10,1000.0,13,classifier,0.747306
50,5,7,vig_tiny,cifar10,1000.0,0,_vig_stem,0.931396
50,5,7,vig_tiny,cifar10,1000.0,1,_vig_blocks.0,0.877163
50,5,7,vig_tiny,cifar10,1000.0,2,_vig_blocks.1,0.876223
50,5,7,vig_tiny,cifar10,1000.0,3,_vig_blocks.2,0.870472
50,5,7,vig_tiny,cifar10,1000.0,4,_vig_blocks.3,0.858781
50,5,7,vig_tiny,cifar10,1000.0,5,_vig_blocks.4,0.841994
50,5,7,vig_tiny,cifar10,1000.0,6,_vig_blocks.5,0.840964
50,5,7,vig_tiny,cifar10,1000.0,7,_vig_blocks.6,0.834894
50,5,7,vig_tiny,cifar10,1000.0,8,_vig_blocks.7,0.824566
50,5,7,vig_tiny,cifar10,1000.0,9,_vig_blocks.8,0.799126
50,5,7,vig_tiny,cifar10,1000.0,10,_vig_blocks.9,0.770691
50,5,7,vig_tiny,cifar10,1000.0,11,_vig_blocks.10,0.733647
50,5,7,vig_tiny,cifar10,1000.0,12,_vig_blocks.11,0.682401
50,5,7,vig_tiny,cifar10,1000.0,13,classifier,0.705300
50,5,8,vig_tiny,cifar10,1000.0,0,_vig_stem,0.904223
50,5,8,vig_tiny,cifar10,1000.0,1,_vig_blocks.0,0.838856
50,5,8,vig_tiny,cifar10,1000.0,2,_vig_blocks.1,0.841638
50,5,8,vig_tiny,cifar10,1000.0,3,_vig_blocks.2,0.831008
50,5,8,vig_tiny,cifar10,1000.0,4,_vig_blocks.3,0.845093
50,5,8,vig_tiny,cifar10,1000.0,5,_vig_blocks.4,0.823355
50,5,8,vig_tiny,cifar10,1000.0,6,_vig_blocks.5,0.826228
50,5,8,vig_tiny,cifar10,1000.0,7,_vig_blocks.6,0.823872
50,5,8,vig_tiny,cifar10,1000.0,8,_vig_blocks.7,0.816773
50,5,8,vig_tiny,cifar10,1000.0,9,_vig_blocks.8,0.795336
50,5,8,vig_tiny,cifar10,1000.0,10,_vig_blocks.9,0.773071
50,5,8,vig_tiny,cifar10,1000.0,11,_vig_blocks.10,0.717876
50,5,8,vig_tiny,cifar10,1000.0,12,_vig_blocks.11,0.672864
50,5,8,vig_tiny,cifar10,1000.0,13,classifier,0.707635
50,5,9,vig_tiny,cifar10,1000.0,0,_vig_stem,0.895447
50,5,9,vig_tiny,cifar10,1000.0,1,_vig_blocks.0,0.854410
50,5,9,vig_tiny,cifar10,1000.0,2,_vig_blocks.1,0.845993
50,5,9,vig_tiny,cifar10,1000.0,3,_vig_blocks.2,0.821466
50,5,9,vig_tiny,cifar10,1000.0,4,_vig_blocks.3,0.830783
50,5,9,vig_tiny,cifar10,1000.0,5,_vig_blocks.4,0.806695
50,5,9,vig_tiny,cifar10,1000.0,6,_vig_blocks.5,0.812605
50,5,9,vig_tiny,cifar10,1000.0,7,_vig_blocks.6,0.805460
50,5,9,vig_tiny,cifar10,1000.0,8,_vig_blocks.7,0.780926
50,5,9,vig_tiny,cifar10,1000.0,9,_vig_blocks.8,0.758173
50,5,9,vig_tiny,cifar10,1000.0,10,_vig_blocks.9,0.732716
50,5,9,vig_tiny,cifar10,1000.0,11,_vig_blocks.10,0.685469
50,5,9,vig_tiny,cifar10,1000.0,12,_vig_blocks.11,0.627720
50,5,9,vig_tiny,cifar10,1000.0,13,classifier,0.628417
50,6,7,vig_tiny,cifar10,1000.0,0,_vig_stem,0.868480
50,6,7,vig_tiny,cifar10,1000.0,1,_vig_blocks.0,0.814251
50,6,7,vig_tiny,cifar10,1000.0,2,_vig_blocks.1,0.834167
50,6,7,vig_tiny,cifar10,1000.0,3,_vig_blocks.2,0.836366
50,6,7,vig_tiny,cifar10,1000.0,4,_vig_blocks.3,0.844611
50,6,7,vig_tiny,cifar10,1000.0,5,_vig_blocks.4,0.842742
50,6,7,vig_tiny,cifar10,1000.0,6,_vig_blocks.5,0.851316
50,6,7,vig_tiny,cifar10,1000.0,7,_vig_blocks.6,0.847475
50,6,7,vig_tiny,cifar10,1000.0,8,_vig_blocks.7,0.838027
50,6,7,vig_tiny,cifar10,1000.0,9,_vig_blocks.8,0.807980
50,6,7,vig_tiny,cifar10,1000.0,10,_vig_blocks.9,0.770203
50,6,7,vig_tiny,cifar10,1000.0,11,_vig_blocks.10,0.738429
50,6,7,vig_tiny,cifar10,1000.0,12,_vig_blocks.11,0.673261
50,6,7,vig_tiny,cifar10,1000.0,13,classifier,0.706804
50,6,8,vig_tiny,cifar10,1000.0,0,_vig_stem,0.802097
50,6,8,vig_tiny,cifar10,1000.0,1,_vig_blocks.0,0.760903
50,6,8,vig_tiny,cifar10,1000.0,2,_vig_blocks.1,0.795505
50,6,8,vig_tiny,cifar10,1000.0,3,_vig_blocks.2,0.800462
50,6,8,vig_tiny,cifar10,1000.0,4,_vig_blocks.3,0.833615
50,6,8,vig_tiny,cifar10,1000.0,5,_vig_blocks.4,0.829712
50,6,8,vig_tiny,cifar10,1000.0,6,_vig_blocks.5,0.839371
50,6,8,vig_tiny,cifar10,1000.0,7,_vig_blocks.6,0.837308
50,6,8,vig_tiny,cifar10,1000.0,8,_vig_blocks.7,0.832753
50,6,8,vig_tiny,cifar10,1000.0,9,_vig_blocks.8,0.810145
50,6,8,vig_tiny,cifar10,1000.0,10,_vig_blocks.9,0.778229
50,6,8,vig_tiny,cifar10,1000.0,11,_vig_blocks.10,0.727600
50,6,8,vig_tiny,cifar10,1000.0,12,_vig_blocks.11,0.676108
50,6,8,vig_tiny,cifar10,1000.0,13,classifier,0.727894
50,6,9,vig_tiny,cifar10,1000.0,0,_vig_stem,0.884834
50,6,9,vig_tiny,cifar10,1000.0,1,_vig_blocks.0,0.861626
50,6,9,vig_tiny,cifar10,1000.0,2,_vig_blocks.1,0.865168
50,6,9,vig_tiny,cifar10,1000.0,3,_vig_blocks.2,0.858506
50,6,9,vig_tiny,cifar10,1000.0,4,_vig_blocks.3,0.861463
50,6,9,vig_tiny,cifar10,1000.0,5,_vig_blocks.4,0.840112
50,6,9,vig_tiny,cifar10,1000.0,6,_vig_blocks.5,0.843746
50,6,9,vig_tiny,cifar10,1000.0,7,_vig_blocks.6,0.835593
50,6,9,vig_tiny,cifar10,1000.0,8,_vig_blocks.7,0.830651
50,6,9,vig_tiny,cifar10,1000.0,9,_vig_blocks.8,0.803729
50,6,9,vig_tiny,cifar10,1000.0,10,_vig_blocks.9,0.774591
50,6,9,vig_tiny,cifar10,1000.0,11,_vig_blocks.10,0.727028
50,6,9,vig_tiny,cifar10,1000.0,12,_vig_blocks.11,0.653541
50,6,9,vig_tiny,cifar10,1000.0,13,classifier,0.629045
50,7,8,vig_tiny,cifar10,1000.0,0,_vig_stem,0.895523
50,7,8,vig_tiny,cifar10,1000.0,1,_vig_blocks.0,0.831031
50,7,8,vig_tiny,cifar10,1000.0,2,_vig_blocks.1,0.831116
50,7,8,vig_tiny,cifar10,1000.0,3,_vig_blocks.2,0.842476
50,7,8,vig_tiny,cifar10,1000.0,4,_vig_blocks.3,0.855828
50,7,8,vig_tiny,cifar10,1000.0,5,_vig_blocks.4,0.856772
50,7,8,vig_tiny,cifar10,1000.0,6,_vig_blocks.5,0.862534
50,7,8,vig_tiny,cifar10,1000.0,7,_vig_blocks.6,0.861427
50,7,8,vig_tiny,cifar10,1000.0,8,_vig_blocks.7,0.845139
50,7,8,vig_tiny,cifar10,1000.0,9,_vig_blocks.8,0.822433
50,7,8,vig_tiny,cifar10,1000.0,10,_vig_blocks.9,0.792229
50,7,8,vig_tiny,cifar10,1000.0,11,_vig_blocks.10,0.736593
50,7,8,vig_tiny,cifar10,1000.0,12,_vig_blocks.11,0.687040
50,7,8,vig_tiny,cifar10,1000.0,13,classifier,0.666135
50,7,9,vig_tiny,cifar10,1000.0,0,_vig_stem,0.893690
50,7,9,vig_tiny,cifar10,1000.0,1,_vig_blocks.0,0.837571
50,7,9,vig_tiny,cifar10,1000.0,2,_vig_blocks.1,0.835537
50,7,9,vig_tiny,cifar10,1000.0,3,_vig_blocks.2,0.819923
50,7,9,vig_tiny,cifar10,1000.0,4,_vig_blocks.3,0.823810
50,7,9,vig_tiny,cifar10,1000.0,5,_vig_blocks.4,0.808870
50,7,9,vig_tiny,cifar10,1000.0,6,_vig_blocks.5,0.817746
50,7,9,vig_tiny,cifar10,1000.0,7,_vig_blocks.6,0.814990
50,7,9,vig_tiny,cifar10,1000.0,8,_vig_blocks.7,0.795030
50,7,9,vig_tiny,cifar10,1000.0,9,_vig_blocks.8,0.763359
50,7,9,vig_tiny,cifar10,1000.0,10,_vig_blocks.9,0.728337
50,7,9,vig_tiny,cifar10,1000.0,11,_vig_blocks.10,0.667429
50,7,9,vig_tiny,cifar10,1000.0,12,_vig_blocks.11,0.590299
50,7,9,vig_tiny,cifar10,1000.0,13,classifier,0.557317
50,8,9,vig_tiny,cifar10,1000.0,0,_vig_stem,0.830932
50,8,9,vig_tiny,cifar10,1000.0,1,_vig_blocks.0,0.779636
50,8,9,vig_tiny,cifar10,1000.0,2,_vig_blocks.1,0.797442
50,8,9,vig_tiny,cifar10,1000.0,3,_vig_blocks.2,0.806651
50,8,9,vig_tiny,cifar10,1000.0,4,_vig_blocks.3,0.821515
50,8,9,vig_tiny,cifar10,1000.0,5,_vig_blocks.4,0.809187
50,8,9,vig_tiny,cifar10,1000.0,6,_vig_blocks.5,0.821362
50,8,9,vig_tiny,cifar10,1000.0,7,_vig_blocks.6,0.818073
50,8,9,vig_tiny,cifar10,1000.0,8,_vig_blocks.7,0.798139
50,8,9,vig_tiny,cifar10,1000.0,9,_vig_blocks.8,0.764107
50,8,9,vig_tiny,cifar10,1000.0,10,_vig_blocks.9,0.730465
50,8,9,vig_tiny,cifar10,1000.0,11,_vig_blocks.10,0.669533
50,8,9,vig_tiny,cifar10,1000.0,12,_vig_blocks.11,0.610102
50,8,9,vig_tiny,cifar10,1000.0,13,classifier,0.679828
