round,client_i,client_j,model_name,dataset,alpha,layer_index,layer_name,cka_diagonal
1,0,1,vim_tiny,cifar10,1.0,0,base.patch_embed,0.927171
1,0,1,vim_tiny,cifar10,1.0,1,base.layers.0.mixer,0.801341
1,0,1,vim_tiny,cifar10,1.0,2,base.layers.1.mixer,0.921111
1,0,1,vim_tiny,cifar10,1.0,3,base.layers.2.mixer,0.868066
1,0,1,vim_tiny,cifar10,1.0,4,base.layers.3.mixer,0.777596
1,0,1,vim_tiny,cifar10,1.0,5,base.layers.4.mixer,0.837285
1,0,1,vim_tiny,cifar10,1.0,6,base.layers.5.mixer,0.863647
1,0,1,vim_tiny,cifar10,1.0,7,base.layers.6.mixer,0.845000
1,0,1,vim_tiny,cifar10,1.0,8,base.layers.7.mixer,0.810242
1,0,1,vim_tiny,cifar10,1.0,9,base.layers.8.mixer,0.950580
1,0,1,vim_tiny,cifar10,1.0,10,base.layers.9.mixer,0.803400
1,0,1,vim_tiny,cifar10,1.0,11,base.layers.10.mixer,0.911816
1,0,1,vim_tiny,cifar10,1.0,12,base.layers.11.mixer,0.939682
1,0,1,vim_tiny,cifar10,1.0,13,classifier,0.672883
1,0,2,vim_tiny,cifar10,1.0,0,base.patch_embed,0.989945
1,0,2,vim_tiny,cifar10,1.0,1,base.layers.0.mixer,0.958797
1,0,2,vim_tiny,cifar10,1.0,2,base.layers.1.mixer,0.958517
1,0,2,vim_tiny,cifar10,1.0,3,base.layers.2.mixer,0.908540
1,0,2,vim_tiny,cifar10,1.0,4,base.layers.3.mixer,0.859447
1,0,2,vim_tiny,cifar10,1.0,5,base.layers.4.mixer,0.903559
1,0,2,vim_tiny,cifar10,1.0,6,base.layers.5.mixer,0.946501
1,0,2,vim_tiny,cifar10,1.0,7,base.layers.6.mixer,0.847017
1,0,2,vim_tiny,cifar10,1.0,8,base.layers.7.mixer,0.654969
1,0,2,vim_tiny,cifar10,1.0,9,base.layers.8.mixer,0.961105
1,0,2,vim_tiny,cifar10,1.0,10,base.layers.9.mixer,0.954467
1,0,2,vim_tiny,cifar10,1.0,11,base.layers.10.mixer,0.975702
1,0,2,vim_tiny,cifar10,1.0,12,base.layers.11.mixer,0.943698
1,0,2,vim_tiny,cifar10,1.0,13,classifier,0.911619
1,0,3,vim_tiny,cifar10,1.0,0,base.patch_embed,0.895069
1,0,3,vim_tiny,cifar10,1.0,1,base.layers.0.mixer,0.827106
1,0,3,vim_tiny,cifar10,1.0,2,base.layers.1.mixer,0.931111
1,0,3,vim_tiny,cifar10,1.0,3,base.layers.2.mixer,0.732631
1,0,3,vim_tiny,cifar10,1.0,4,base.layers.3.mixer,0.581875
1,0,3,vim_tiny,cifar10,1.0,5,base.layers.4.mixer,0.585198
1,0,3,vim_tiny,cifar10,1.0,6,base.layers.5.mixer,0.827351
1,0,3,vim_tiny,cifar10,1.0,7,base.layers.6.mixer,0.768236
1,0,3,vim_tiny,cifar10,1.0,8,base.layers.7.mixer,0.782164
1,0,3,vim_tiny,cifar10,1.0,9,base.layers.8.mixer,0.935507
1,0,3,vim_tiny,cifar10,1.0,10,base.layers.9.mixer,0.587100
1,0,3,vim_tiny,cifar10,1.0,11,base.layers.10.mixer,0.925666
1,0,3,vim_tiny,cifar10,1.0,12,base.layers.11.mixer,0.930810
1,0,3,vim_tiny,cifar10,1.0,13,classifier,0.853486
1,0,4,vim_tiny,cifar10,1.0,0,base.patch_embed,0.997769
1,0,4,vim_tiny,cifar10,1.0,1,base.layers.0.mixer,0.861484
1,0,4,vim_tiny,cifar10,1.0,2,base.layers.1.mixer,0.931646
1,0,4,vim_tiny,cifar10,1.0,3,base.layers.2.mixer,0.910530
1,0,4,vim_tiny,cifar10,1.0,4,base.layers.3.mixer,0.829937
1,0,4,vim_tiny,cifar10,1.0,5,base.layers.4.mixer,0.959917
1,0,4,vim_tiny,cifar10,1.0,6,base.layers.5.mixer,0.948306
1,0,4,vim_tiny,cifar10,1.0,7,base.layers.6.mixer,0.863084
1,0,4,vim_tiny,cifar10,1.0,8,base.layers.7.mixer,0.847640
1,0,4,vim_tiny,cifar10,1.0,9,base.layers.8.mixer,0.975085
1,0,4,vim_tiny,cifar10,1.0,10,base.layers.9.mixer,0.955201
1,0,4,vim_tiny,cifar10,1.0,11,base.layers.10.mixer,0.963355
1,0,4,vim_tiny,cifar10,1.0,12,base.layers.11.mixer,0.989839
1,0,4,vim_tiny,cifar10,1.0,13,classifier,0.780945
1,0,5,vim_tiny,cifar10,1.0,0,base.patch_embed,0.984662
1,0,5,vim_tiny,cifar10,1.0,1,base.layers.0.mixer,0.863078
1,0,5,vim_tiny,cifar10,1.0,2,base.layers.1.mixer,0.970977
1,0,5,vim_tiny,cifar10,1.0,3,base.layers.2.mixer,0.915250
1,0,5,vim_tiny,cifar10,1.0,4,base.layers.3.mixer,0.791561
1,0,5,vim_tiny,cifar10,1.0,5,base.layers.4.mixer,0.885176
1,0,5,vim_tiny,cifar10,1.0,6,base.layers.5.mixer,0.878886
1,0,5,vim_tiny,cifar10,1.0,7,base.layers.6.mixer,0.969595
1,0,5,vim_tiny,cifar10,1.0,8,base.layers.7.mixer,0.922785
1,0,5,vim_tiny,cifar10,1.0,9,base.layers.8.mixer,0.941898
1,0,5,vim_tiny,cifar10,1.0,10,base.layers.9.mixer,0.915822
1,0,5,vim_tiny,cifar10,1.0,11,base.layers.10.mixer,0.953086
1,0,5,vim_tiny,cifar10,1.0,12,base.layers.11.mixer,0.959596
1,0,5,vim_tiny,cifar10,1.0,13,classifier,0.875730
1,0,6,vim_tiny,cifar10,1.0,0,base.patch_embed,0.984758
1,0,6,vim_tiny,cifar10,1.0,1,base.layers.0.mixer,0.901353
1,0,6,vim_tiny,cifar10,1.0,2,base.layers.1.mixer,0.847713
1,0,6,vim_tiny,cifar10,1.0,3,base.layers.2.mixer,0.919912
1,0,6,vim_tiny,cifar10,1.0,4,base.layers.3.mixer,0.703190
1,0,6,vim_tiny,cifar10,1.0,5,base.layers.4.mixer,0.837000
1,0,6,vim_tiny,cifar10,1.0,6,base.layers.5.mixer,0.934191
1,0,6,vim_tiny,cifar10,1.0,7,base.layers.6.mixer,0.862830
1,0,6,vim_tiny,cifar10,1.0,8,base.layers.7.mixer,0.708766
1,0,6,vim_tiny,cifar10,1.0,9,base.layers.8.mixer,0.972117
1,0,6,vim_tiny,cifar10,1.0,10,base.layers.9.mixer,0.934268
1,0,6,vim_tiny,cifar10,1.0,11,base.layers.10.mixer,0.949633
1,0,6,vim_tiny,cifar10,1.0,12,base.layers.11.mixer,0.971691
1,0,6,vim_tiny,cifar10,1.0,13,classifier,0.778854
1,0,7,vim_tiny,cifar10,1.0,0,base.patch_embed,0.962632
1,0,7,vim_tiny,cifar10,1.0,1,base.layers.0.mixer,0.926756
1,0,7,vim_tiny,cifar10,1.0,2,base.layers.1.mixer,0.936121
1,0,7,vim_tiny,cifar10,1.0,3,base.layers.2.mixer,0.892705
1,0,7,vim_tiny,cifar10,1.0,4,base.layers.3.mixer,0.634520
1,0,7,vim_tiny,cifar10,1.0,5,base.layers.4.mixer,0.297421
1,0,7,vim_tiny,cifar10,1.0,6,base.layers.5.mixer,0.920750
1,0,7,vim_tiny,cifar10,1.0,7,base.layers.6.mixer,0.907593
1,0,7,vim_tiny,cifar10,1.0,8,base.layers.7.mixer,0.946397
1,0,7,vim_tiny,cifar10,1.0,9,base.layers.8.mixer,0.947306
1,0,7,vim_tiny,cifar10,1.0,10,base.layers.9.mixer,0.767603
1,0,7,vim_tiny,cifar10,1.0,11,base.layers.10.mixer,0.960357
1,0,7,vim_tiny,cifar10,1.0,12,base.layers.11.mixer,0.818382
1,0,7,vim_tiny,cifar10,1.0,13,classifier,0.849147
1,0,8,vim_tiny,cifar10,1.0,0,base.patch_embed,0.952470
1,0,8,vim_tiny,cifar10,1.0,1,base.layers.0.mixer,0.869414
1,0,8,vim_tiny,cifar10,1.0,2,base.layers.1.mixer,0.899099
1,0,8,vim_tiny,cifar10,1.0,3,base.layers.2.mixer,0.855252
1,0,8,vim_tiny,cifar10,1.0,4,base.layers.3.mixer,0.799711
1,0,8,vim_tiny,cifar10,1.0,5,base.layers.4.mixer,0.842282
1,0,8,vim_tiny,cifar10,1.0,6,base.layers.5.mixer,0.956659
1,0,8,vim_tiny,cifar10,1.0,7,base.layers.6.mixer,0.907203
1,0,8,vim_tiny,cifar10,1.0,8,base.layers.7.mixer,0.832909
1,0,8,vim_tiny,cifar10,1.0,9,base.layers.8.mixer,0.932511
1,0,8,vim_tiny,cifar10,1.0,10,base.layers.9.mixer,0.796756
1,0,8,vim_tiny,cifar10,1.0,11,base.layers.10.mixer,0.958676
1,0,8,vim_tiny,cifar10,1.0,12,base.layers.11.mixer,0.893254
1,0,8,vim_tiny,cifar10,1.0,13,classifier,0.773573
1,0,9,vim_tiny,cifar10,1.0,0,base.patch_embed,0.973329
1,0,9,vim_tiny,cifar10,1.0,1,base.layers.0.mixer,0.754440
1,0,9,vim_tiny,cifar10,1.0,2,base.layers.1.mixer,0.837899
1,0,9,vim_tiny,cifar10,1.0,3,base.layers.2.mixer,0.838345
1,0,9,vim_tiny,cifar10,1.0,4,base.layers.3.mixer,0.822480
1,0,9,vim_tiny,cifar10,1.0,5,base.layers.4.mixer,0.909481
1,0,9,vim_tiny,cifar10,1.0,6,base.layers.5.mixer,0.846716
1,0,9,vim_tiny,cifar10,1.0,7,base.layers.6.mixer,0.963767
1,0,9,vim_tiny,cifar10,1.0,8,base.layers.7.mixer,0.902921
1,0,9,vim_tiny,cifar10,1.0,9,base.layers.8.mixer,0.955549
1,0,9,vim_tiny,cifar10,1.0,10,base.layers.9.mixer,0.533761
1,0,9,vim_tiny,cifar10,1.0,11,base.layers.10.mixer,0.955344
1,0,9,vim_tiny,cifar10,1.0,12,base.layers.11.mixer,0.973556
1,0,9,vim_tiny,cifar10,1.0,13,classifier,0.860340
1,1,2,vim_tiny,cifar10,1.0,0,base.patch_embed,0.932340
1,1,2,vim_tiny,cifar10,1.0,1,base.layers.0.mixer,0.816567
1,1,2,vim_tiny,cifar10,1.0,2,base.layers.1.mixer,0.896171
1,1,2,vim_tiny,cifar10,1.0,3,base.layers.2.mixer,0.964063
1,1,2,vim_tiny,cifar10,1.0,4,base.layers.3.mixer,0.947634
1,1,2,vim_tiny,cifar10,1.0,5,base.layers.4.mixer,0.879519
1,1,2,vim_tiny,cifar10,1.0,6,base.layers.5.mixer,0.942901
1,1,2,vim_tiny,cifar10,1.0,7,base.layers.6.mixer,0.666102
1,1,2,vim_tiny,cifar10,1.0,8,base.layers.7.mixer,0.819999
1,1,2,vim_tiny,cifar10,1.0,9,base.layers.8.mixer,0.942649
1,1,2,vim_tiny,cifar10,1.0,10,base.layers.9.mixer,0.834028
1,1,2,vim_tiny,cifar10,1.0,11,base.layers.10.mixer,0.887819
1,1,2,vim_tiny,cifar10,1.0,12,base.layers.11.mixer,0.957100
1,1,2,vim_tiny,cifar10,1.0,13,classifier,0.774475
1,1,3,vim_tiny,cifar10,1.0,0,base.patch_embed,0.971052
1,1,3,vim_tiny,cifar10,1.0,1,base.layers.0.mixer,0.886513
1,1,3,vim_tiny,cifar10,1.0,2,base.layers.1.mixer,0.880409
1,1,3,vim_tiny,cifar10,1.0,3,base.layers.2.mixer,0.857408
1,1,3,vim_tiny,cifar10,1.0,4,base.layers.3.mixer,0.677751
1,1,3,vim_tiny,cifar10,1.0,5,base.layers.4.mixer,0.681377
1,1,3,vim_tiny,cifar10,1.0,6,base.layers.5.mixer,0.931159
1,1,3,vim_tiny,cifar10,1.0,7,base.layers.6.mixer,0.774180
1,1,3,vim_tiny,cifar10,1.0,8,base.layers.7.mixer,0.885312
1,1,3,vim_tiny,cifar10,1.0,9,base.layers.8.mixer,0.960449
1,1,3,vim_tiny,cifar10,1.0,10,base.layers.9.mixer,0.684054
1,1,3,vim_tiny,cifar10,1.0,11,base.layers.10.mixer,0.919489
1,1,3,vim_tiny,cifar10,1.0,12,base.layers.11.mixer,0.960611
1,1,3,vim_tiny,cifar10,1.0,13,classifier,0.839330
1,1,4,vim_tiny,cifar10,1.0,0,base.patch_embed,0.943936
1,1,4,vim_tiny,cifar10,1.0,1,base.layers.0.mixer,0.799604
1,1,4,vim_tiny,cifar10,1.0,2,base.layers.1.mixer,0.885365
1,1,4,vim_tiny,cifar10,1.0,3,base.layers.2.mixer,0.893642
1,1,4,vim_tiny,cifar10,1.0,4,base.layers.3.mixer,0.936727
1,1,4,vim_tiny,cifar10,1.0,5,base.layers.4.mixer,0.902429
1,1,4,vim_tiny,cifar10,1.0,6,base.layers.5.mixer,0.894348
1,1,4,vim_tiny,cifar10,1.0,7,base.layers.6.mixer,0.746318
1,1,4,vim_tiny,cifar10,1.0,8,base.layers.7.mixer,0.805802
1,1,4,vim_tiny,cifar10,1.0,9,base.layers.8.mixer,0.960066
1,1,4,vim_tiny,cifar10,1.0,10,base.layers.9.mixer,0.833103
1,1,4,vim_tiny,cifar10,1.0,11,base.layers.10.mixer,0.901685
1,1,4,vim_tiny,cifar10,1.0,12,base.layers.11.mixer,0.953487
1,1,4,vim_tiny,cifar10,1.0,13,classifier,0.786066
1,1,5,vim_tiny,cifar10,1.0,0,base.patch_embed,0.970898
1,1,5,vim_tiny,cifar10,1.0,1,base.layers.0.mixer,0.881698
1,1,5,vim_tiny,cifar10,1.0,2,base.layers.1.mixer,0.886715
1,1,5,vim_tiny,cifar10,1.0,3,base.layers.2.mixer,0.972570
1,1,5,vim_tiny,cifar10,1.0,4,base.layers.3.mixer,0.797924
1,1,5,vim_tiny,cifar10,1.0,5,base.layers.4.mixer,0.884228
1,1,5,vim_tiny,cifar10,1.0,6,base.layers.5.mixer,0.945691
1,1,5,vim_tiny,cifar10,1.0,7,base.layers.6.mixer,0.885251
1,1,5,vim_tiny,cifar10,1.0,8,base.layers.7.mixer,0.893858
1,1,5,vim_tiny,cifar10,1.0,9,base.layers.8.mixer,0.969916
1,1,5,vim_tiny,cifar10,1.0,10,base.layers.9.mixer,0.930366
1,1,5,vim_tiny,cifar10,1.0,11,base.layers.10.mixer,0.920784
1,1,5,vim_tiny,cifar10,1.0,12,base.layers.11.mixer,0.973695
1,1,5,vim_tiny,cifar10,1.0,13,classifier,0.880863
1,1,6,vim_tiny,cifar10,1.0,0,base.patch_embed,0.943497
1,1,6,vim_tiny,cifar10,1.0,1,base.layers.0.mixer,0.944322
1,1,6,vim_tiny,cifar10,1.0,2,base.layers.1.mixer,0.752683
1,1,6,vim_tiny,cifar10,1.0,3,base.layers.2.mixer,0.943196
1,1,6,vim_tiny,cifar10,1.0,4,base.layers.3.mixer,0.810363
1,1,6,vim_tiny,cifar10,1.0,5,base.layers.4.mixer,0.891387
1,1,6,vim_tiny,cifar10,1.0,6,base.layers.5.mixer,0.821541
1,1,6,vim_tiny,cifar10,1.0,7,base.layers.6.mixer,0.712547
1,1,6,vim_tiny,cifar10,1.0,8,base.layers.7.mixer,0.709296
1,1,6,vim_tiny,cifar10,1.0,9,base.layers.8.mixer,0.961464
1,1,6,vim_tiny,cifar10,1.0,10,base.layers.9.mixer,0.854411
1,1,6,vim_tiny,cifar10,1.0,11,base.layers.10.mixer,0.938933
1,1,6,vim_tiny,cifar10,1.0,12,base.layers.11.mixer,0.973528
1,1,6,vim_tiny,cifar10,1.0,13,classifier,0.857781
1,1,7,vim_tiny,cifar10,1.0,0,base.patch_embed,0.961487
1,1,7,vim_tiny,cifar10,1.0,1,base.layers.0.mixer,0.754080
1,1,7,vim_tiny,cifar10,1.0,2,base.layers.1.mixer,0.925109
1,1,7,vim_tiny,cifar10,1.0,3,base.layers.2.mixer,0.917457
1,1,7,vim_tiny,cifar10,1.0,4,base.layers.3.mixer,0.874312
1,1,7,vim_tiny,cifar10,1.0,5,base.layers.4.mixer,0.329247
1,1,7,vim_tiny,cifar10,1.0,6,base.layers.5.mixer,0.936368
1,1,7,vim_tiny,cifar10,1.0,7,base.layers.6.mixer,0.858471
1,1,7,vim_tiny,cifar10,1.0,8,base.layers.7.mixer,0.887174
1,1,7,vim_tiny,cifar10,1.0,9,base.layers.8.mixer,0.959078
1,1,7,vim_tiny,cifar10,1.0,10,base.layers.9.mixer,0.701164
1,1,7,vim_tiny,cifar10,1.0,11,base.layers.10.mixer,0.929716
1,1,7,vim_tiny,cifar10,1.0,12,base.layers.11.mixer,0.898936
1,1,7,vim_tiny,cifar10,1.0,13,classifier,0.766423
1,1,8,vim_tiny,cifar10,1.0,0,base.patch_embed,0.982018
1,1,8,vim_tiny,cifar10,1.0,1,base.layers.0.mixer,0.945927
1,1,8,vim_tiny,cifar10,1.0,2,base.layers.1.mixer,0.969305
1,1,8,vim_tiny,cifar10,1.0,3,base.layers.2.mixer,0.929967
1,1,8,vim_tiny,cifar10,1.0,4,base.layers.3.mixer,0.967133
1,1,8,vim_tiny,cifar10,1.0,5,base.layers.4.mixer,0.942361
1,1,8,vim_tiny,cifar10,1.0,6,base.layers.5.mixer,0.910832
1,1,8,vim_tiny,cifar10,1.0,7,base.layers.6.mixer,0.920942
1,1,8,vim_tiny,cifar10,1.0,8,base.layers.7.mixer,0.929350
1,1,8,vim_tiny,cifar10,1.0,9,base.layers.8.mixer,0.973230
1,1,8,vim_tiny,cifar10,1.0,10,base.layers.9.mixer,0.876701
1,1,8,vim_tiny,cifar10,1.0,11,base.layers.10.mixer,0.943410
1,1,8,vim_tiny,cifar10,1.0,12,base.layers.11.mixer,0.955110
1,1,8,vim_tiny,cifar10,1.0,13,classifier,0.936280
1,1,9,vim_tiny,cifar10,1.0,0,base.patch_embed,0.969627
1,1,9,vim_tiny,cifar10,1.0,1,base.layers.0.mixer,0.930574
1,1,9,vim_tiny,cifar10,1.0,2,base.layers.1.mixer,0.926518
1,1,9,vim_tiny,cifar10,1.0,3,base.layers.2.mixer,0.927585
1,1,9,vim_tiny,cifar10,1.0,4,base.layers.3.mixer,0.930025
1,1,9,vim_tiny,cifar10,1.0,5,base.layers.4.mixer,0.928002
1,1,9,vim_tiny,cifar10,1.0,6,base.layers.5.mixer,0.948448
1,1,9,vim_tiny,cifar10,1.0,7,base.layers.6.mixer,0.881422
1,1,9,vim_tiny,cifar10,1.0,8,base.layers.7.mixer,0.779293
1,1,9,vim_tiny,cifar10,1.0,9,base.layers.8.mixer,0.953709
1,1,9,vim_tiny,cifar10,1.0,10,base.layers.9.mixer,0.486058
1,1,9,vim_tiny,cifar10,1.0,11,base.layers.10.mixer,0.872398
1,1,9,vim_tiny,cifar10,1.0,12,base.layers.11.mixer,0.958158
1,1,9,vim_tiny,cifar10,1.0,13,classifier,0.630978
1,2,3,vim_tiny,cifar10,1.0,0,base.patch_embed,0.881766
1,2,3,vim_tiny,cifar10,1.0,1,base.layers.0.mixer,0.807699
1,2,3,vim_tiny,cifar10,1.0,2,base.layers.1.mixer,0.899292
1,2,3,vim_tiny,cifar10,1.0,3,base.layers.2.mixer,0.889488
1,2,3,vim_tiny,cifar10,1.0,4,base.layers.3.mixer,0.617706
1,2,3,vim_tiny,cifar10,1.0,5,base.layers.4.mixer,0.809666
1,2,3,vim_tiny,cifar10,1.0,6,base.layers.5.mixer,0.900812
1,2,3,vim_tiny,cifar10,1.0,7,base.layers.6.mixer,0.551756
1,2,3,vim_tiny,cifar10,1.0,8,base.layers.7.mixer,0.924586
1,2,3,vim_tiny,cifar10,1.0,9,base.layers.8.mixer,0.908091
1,2,3,vim_tiny,cifar10,1.0,10,base.layers.9.mixer,0.593118
1,2,3,vim_tiny,cifar10,1.0,11,base.layers.10.mixer,0.916200
1,2,3,vim_tiny,cifar10,1.0,12,base.layers.11.mixer,0.938368
1,2,3,vim_tiny,cifar10,1.0,13,classifier,0.875321
1,2,4,vim_tiny,cifar10,1.0,0,base.patch_embed,0.989266
1,2,4,vim_tiny,cifar10,1.0,1,base.layers.0.mixer,0.913401
1,2,4,vim_tiny,cifar10,1.0,2,base.layers.1.mixer,0.936351
1,2,4,vim_tiny,cifar10,1.0,3,base.layers.2.mixer,0.944226
1,2,4,vim_tiny,cifar10,1.0,4,base.layers.3.mixer,0.961045
1,2,4,vim_tiny,cifar10,1.0,5,base.layers.4.mixer,0.921628
1,2,4,vim_tiny,cifar10,1.0,6,base.layers.5.mixer,0.961221
1,2,4,vim_tiny,cifar10,1.0,7,base.layers.6.mixer,0.868354
1,2,4,vim_tiny,cifar10,1.0,8,base.layers.7.mixer,0.752972
1,2,4,vim_tiny,cifar10,1.0,9,base.layers.8.mixer,0.972523
1,2,4,vim_tiny,cifar10,1.0,10,base.layers.9.mixer,0.991748
1,2,4,vim_tiny,cifar10,1.0,11,base.layers.10.mixer,0.977431
1,2,4,vim_tiny,cifar10,1.0,12,base.layers.11.mixer,0.960236
1,2,4,vim_tiny,cifar10,1.0,13,classifier,0.888017
1,2,5,vim_tiny,cifar10,1.0,0,base.patch_embed,0.990959
1,2,5,vim_tiny,cifar10,1.0,1,base.layers.0.mixer,0.918500
1,2,5,vim_tiny,cifar10,1.0,2,base.layers.1.mixer,0.947256
1,2,5,vim_tiny,cifar10,1.0,3,base.layers.2.mixer,0.961762
1,2,5,vim_tiny,cifar10,1.0,4,base.layers.3.mixer,0.816467
1,2,5,vim_tiny,cifar10,1.0,5,base.layers.4.mixer,0.930820
1,2,5,vim_tiny,cifar10,1.0,6,base.layers.5.mixer,0.961515
1,2,5,vim_tiny,cifar10,1.0,7,base.layers.6.mixer,0.894938
1,2,5,vim_tiny,cifar10,1.0,8,base.layers.7.mixer,0.781813
1,2,5,vim_tiny,cifar10,1.0,9,base.layers.8.mixer,0.937767
1,2,5,vim_tiny,cifar10,1.0,10,base.layers.9.mixer,0.953498
1,2,5,vim_tiny,cifar10,1.0,11,base.layers.10.mixer,0.963094
1,2,5,vim_tiny,cifar10,1.0,12,base.layers.11.mixer,0.978318
1,2,5,vim_tiny,cifar10,1.0,13,classifier,0.909577
1,2,6,vim_tiny,cifar10,1.0,0,base.patch_embed,0.996873
1,2,6,vim_tiny,cifar10,1.0,1,base.layers.0.mixer,0.880631
1,2,6,vim_tiny,cifar10,1.0,2,base.layers.1.mixer,0.930214
1,2,6,vim_tiny,cifar10,1.0,3,base.layers.2.mixer,0.965739
1,2,6,vim_tiny,cifar10,1.0,4,base.layers.3.mixer,0.808080
1,2,6,vim_tiny,cifar10,1.0,5,base.layers.4.mixer,0.923245
1,2,6,vim_tiny,cifar10,1.0,6,base.layers.5.mixer,0.916248
1,2,6,vim_tiny,cifar10,1.0,7,base.layers.6.mixer,0.982234
1,2,6,vim_tiny,cifar10,1.0,8,base.layers.7.mixer,0.783455
1,2,6,vim_tiny,cifar10,1.0,9,base.layers.8.mixer,0.974791
1,2,6,vim_tiny,cifar10,1.0,10,base.layers.9.mixer,0.973821
1,2,6,vim_tiny,cifar10,1.0,11,base.layers.10.mixer,0.943275
1,2,6,vim_tiny,cifar10,1.0,12,base.layers.11.mixer,0.951584
1,2,6,vim_tiny,cifar10,1.0,13,classifier,0.822785
1,2,7,vim_tiny,cifar10,1.0,0,base.patch_embed,0.985846
1,2,7,vim_tiny,cifar10,1.0,1,base.layers.0.mixer,0.924107
1,2,7,vim_tiny,cifar10,1.0,2,base.layers.1.mixer,0.917338
1,2,7,vim_tiny,cifar10,1.0,3,base.layers.2.mixer,0.945813
1,2,7,vim_tiny,cifar10,1.0,4,base.layers.3.mixer,0.802972
1,2,7,vim_tiny,cifar10,1.0,5,base.layers.4.mixer,0.451254
1,2,7,vim_tiny,cifar10,1.0,6,base.layers.5.mixer,0.968138
1,2,7,vim_tiny,cifar10,1.0,7,base.layers.6.mixer,0.762288
1,2,7,vim_tiny,cifar10,1.0,8,base.layers.7.mixer,0.781278
1,2,7,vim_tiny,cifar10,1.0,9,base.layers.8.mixer,0.973335
1,2,7,vim_tiny,cifar10,1.0,10,base.layers.9.mixer,0.757388
1,2,7,vim_tiny,cifar10,1.0,11,base.layers.10.mixer,0.970841
1,2,7,vim_tiny,cifar10,1.0,12,base.layers.11.mixer,0.898743
1,2,7,vim_tiny,cifar10,1.0,13,classifier,0.932679
1,2,8,vim_tiny,cifar10,1.0,0,base.patch_embed,0.973024
1,2,8,vim_tiny,cifar10,1.0,1,base.layers.0.mixer,0.899955
1,2,8,vim_tiny,cifar10,1.0,2,base.layers.1.mixer,0.887797
1,2,8,vim_tiny,cifar10,1.0,3,base.layers.2.mixer,0.954641
1,2,8,vim_tiny,cifar10,1.0,4,base.layers.3.mixer,0.923196
1,2,8,vim_tiny,cifar10,1.0,5,base.layers.4.mixer,0.919294
1,2,8,vim_tiny,cifar10,1.0,6,base.layers.5.mixer,0.946850
1,2,8,vim_tiny,cifar10,1.0,7,base.layers.6.mixer,0.786301
1,2,8,vim_tiny,cifar10,1.0,8,base.layers.7.mixer,0.898693
1,2,8,vim_tiny,cifar10,1.0,9,base.layers.8.mixer,0.925793
1,2,8,vim_tiny,cifar10,1.0,10,base.layers.9.mixer,0.792901
1,2,8,vim_tiny,cifar10,1.0,11,base.layers.10.mixer,0.962287
1,2,8,vim_tiny,cifar10,1.0,12,base.layers.11.mixer,0.955280
1,2,8,vim_tiny,cifar10,1.0,13,classifier,0.849799
1,2,9,vim_tiny,cifar10,1.0,0,base.patch_embed,0.954405
1,2,9,vim_tiny,cifar10,1.0,1,base.layers.0.mixer,0.773299
1,2,9,vim_tiny,cifar10,1.0,2,base.layers.1.mixer,0.839077
1,2,9,vim_tiny,cifar10,1.0,3,base.layers.2.mixer,0.961228
1,2,9,vim_tiny,cifar10,1.0,4,base.layers.3.mixer,0.948286
1,2,9,vim_tiny,cifar10,1.0,5,base.layers.4.mixer,0.917629
1,2,9,vim_tiny,cifar10,1.0,6,base.layers.5.mixer,0.933759
1,2,9,vim_tiny,cifar10,1.0,7,base.layers.6.mixer,0.886651
1,2,9,vim_tiny,cifar10,1.0,8,base.layers.7.mixer,0.737953
1,2,9,vim_tiny,cifar10,1.0,9,base.layers.8.mixer,0.943514
1,2,9,vim_tiny,cifar10,1.0,10,base.layers.9.mixer,0.523032
1,2,9,vim_tiny,cifar10,1.0,11,base.layers.10.mixer,0.969901
1,2,9,vim_tiny,cifar10,1.0,12,base.layers.11.mixer,0.955760
1,2,9,vim_tiny,cifar10,1.0,13,classifier,0.880198
1,3,4,vim_tiny,cifar10,1.0,0,base.patch_embed,0.905317
1,3,4,vim_tiny,cifar10,1.0,1,base.layers.0.mixer,0.774162
1,3,4,vim_tiny,cifar10,1.0,2,base.layers.1.mixer,0.889213
1,3,4,vim_tiny,cifar10,1.0,3,base.layers.2.mixer,0.855533
1,3,4,vim_tiny,cifar10,1.0,4,base.layers.3.mixer,0.680342
1,3,4,vim_tiny,cifar10,1.0,5,base.layers.4.mixer,0.635627
1,3,4,vim_tiny,cifar10,1.0,6,base.layers.5.mixer,0.820799
1,3,4,vim_tiny,cifar10,1.0,7,base.layers.6.mixer,0.610672
1,3,4,vim_tiny,cifar10,1.0,8,base.layers.7.mixer,0.808420
1,3,4,vim_tiny,cifar10,1.0,9,base.layers.8.mixer,0.942459
1,3,4,vim_tiny,cifar10,1.0,10,base.layers.9.mixer,0.563280
1,3,4,vim_tiny,cifar10,1.0,11,base.layers.10.mixer,0.917371
1,3,4,vim_tiny,cifar10,1.0,12,base.layers.11.mixer,0.938413
1,3,4,vim_tiny,cifar10,1.0,13,classifier,0.864861
1,3,5,vim_tiny,cifar10,1.0,0,base.patch_embed,0.931978
1,3,5,vim_tiny,cifar10,1.0,1,base.layers.0.mixer,0.853097
1,3,5,vim_tiny,cifar10,1.0,2,base.layers.1.mixer,0.895671
1,3,5,vim_tiny,cifar10,1.0,3,base.layers.2.mixer,0.840894
1,3,5,vim_tiny,cifar10,1.0,4,base.layers.3.mixer,0.635367
1,3,5,vim_tiny,cifar10,1.0,5,base.layers.4.mixer,0.701771
1,3,5,vim_tiny,cifar10,1.0,6,base.layers.5.mixer,0.908315
1,3,5,vim_tiny,cifar10,1.0,7,base.layers.6.mixer,0.790730
1,3,5,vim_tiny,cifar10,1.0,8,base.layers.7.mixer,0.876134
1,3,5,vim_tiny,cifar10,1.0,9,base.layers.8.mixer,0.924856
1,3,5,vim_tiny,cifar10,1.0,10,base.layers.9.mixer,0.681891
1,3,5,vim_tiny,cifar10,1.0,11,base.layers.10.mixer,0.952939
1,3,5,vim_tiny,cifar10,1.0,12,base.layers.11.mixer,0.960555
1,3,5,vim_tiny,cifar10,1.0,13,classifier,0.884119
1,3,6,vim_tiny,cifar10,1.0,0,base.patch_embed,0.881344
1,3,6,vim_tiny,cifar10,1.0,1,base.layers.0.mixer,0.871586
1,3,6,vim_tiny,cifar10,1.0,2,base.layers.1.mixer,0.782585
1,3,6,vim_tiny,cifar10,1.0,3,base.layers.2.mixer,0.847097
1,3,6,vim_tiny,cifar10,1.0,4,base.layers.3.mixer,0.533354
1,3,6,vim_tiny,cifar10,1.0,5,base.layers.4.mixer,0.681345
1,3,6,vim_tiny,cifar10,1.0,6,base.layers.5.mixer,0.747817
1,3,6,vim_tiny,cifar10,1.0,7,base.layers.6.mixer,0.580633
1,3,6,vim_tiny,cifar10,1.0,8,base.layers.7.mixer,0.774439
1,3,6,vim_tiny,cifar10,1.0,9,base.layers.8.mixer,0.915820
1,3,6,vim_tiny,cifar10,1.0,10,base.layers.9.mixer,0.562648
1,3,6,vim_tiny,cifar10,1.0,11,base.layers.10.mixer,0.942838
1,3,6,vim_tiny,cifar10,1.0,12,base.layers.11.mixer,0.939928
1,3,6,vim_tiny,cifar10,1.0,13,classifier,0.796380
1,3,7,vim_tiny,cifar10,1.0,0,base.patch_embed,0.907959
1,3,7,vim_tiny,cifar10,1.0,1,base.layers.0.mixer,0.788551
1,3,7,vim_tiny,cifar10,1.0,2,base.layers.1.mixer,0.909395
1,3,7,vim_tiny,cifar10,1.0,3,base.layers.2.mixer,0.847700
1,3,7,vim_tiny,cifar10,1.0,4,base.layers.3.mixer,0.755050
1,3,7,vim_tiny,cifar10,1.0,5,base.layers.4.mixer,0.409501
1,3,7,vim_tiny,cifar10,1.0,6,base.layers.5.mixer,0.903688
1,3,7,vim_tiny,cifar10,1.0,7,base.layers.6.mixer,0.908206
1,3,7,vim_tiny,cifar10,1.0,8,base.layers.7.mixer,0.880706
1,3,7,vim_tiny,cifar10,1.0,9,base.layers.8.mixer,0.926937
1,3,7,vim_tiny,cifar10,1.0,10,base.layers.9.mixer,0.487881
1,3,7,vim_tiny,cifar10,1.0,11,base.layers.10.mixer,0.958558
1,3,7,vim_tiny,cifar10,1.0,12,base.layers.11.mixer,0.826525
1,3,7,vim_tiny,cifar10,1.0,13,classifier,0.820041
1,3,8,vim_tiny,cifar10,1.0,0,base.patch_embed,0.928081
1,3,8,vim_tiny,cifar10,1.0,1,base.layers.0.mixer,0.829860
1,3,8,vim_tiny,cifar10,1.0,2,base.layers.1.mixer,0.874775
1,3,8,vim_tiny,cifar10,1.0,3,base.layers.2.mixer,0.891225
1,3,8,vim_tiny,cifar10,1.0,4,base.layers.3.mixer,0.636187
1,3,8,vim_tiny,cifar10,1.0,5,base.layers.4.mixer,0.724454
1,3,8,vim_tiny,cifar10,1.0,6,base.layers.5.mixer,0.838046
1,3,8,vim_tiny,cifar10,1.0,7,base.layers.6.mixer,0.709659
1,3,8,vim_tiny,cifar10,1.0,8,base.layers.7.mixer,0.932871
1,3,8,vim_tiny,cifar10,1.0,9,base.layers.8.mixer,0.920275
1,3,8,vim_tiny,cifar10,1.0,10,base.layers.9.mixer,0.802035
1,3,8,vim_tiny,cifar10,1.0,11,base.layers.10.mixer,0.965029
1,3,8,vim_tiny,cifar10,1.0,12,base.layers.11.mixer,0.901269
1,3,8,vim_tiny,cifar10,1.0,13,classifier,0.860551
1,3,9,vim_tiny,cifar10,1.0,0,base.patch_embed,0.968785
1,3,9,vim_tiny,cifar10,1.0,1,base.layers.0.mixer,0.941346
1,3,9,vim_tiny,cifar10,1.0,2,base.layers.1.mixer,0.842917
1,3,9,vim_tiny,cifar10,1.0,3,base.layers.2.mixer,0.928420
1,3,9,vim_tiny,cifar10,1.0,4,base.layers.3.mixer,0.676457
1,3,9,vim_tiny,cifar10,1.0,5,base.layers.4.mixer,0.667568
1,3,9,vim_tiny,cifar10,1.0,6,base.layers.5.mixer,0.940216
1,3,9,vim_tiny,cifar10,1.0,7,base.layers.6.mixer,0.802484
1,3,9,vim_tiny,cifar10,1.0,8,base.layers.7.mixer,0.844882
1,3,9,vim_tiny,cifar10,1.0,9,base.layers.8.mixer,0.947782
1,3,9,vim_tiny,cifar10,1.0,10,base.layers.9.mixer,0.394604
1,3,9,vim_tiny,cifar10,1.0,11,base.layers.10.mixer,0.951969
1,3,9,vim_tiny,cifar10,1.0,12,base.layers.11.mixer,0.968553
1,3,9,vim_tiny,cifar10,1.0,13,classifier,0.754901
1,4,5,vim_tiny,cifar10,1.0,0,base.patch_embed,0.989061
1,4,5,vim_tiny,cifar10,1.0,1,base.layers.0.mixer,0.876371
1,4,5,vim_tiny,cifar10,1.0,2,base.layers.1.mixer,0.872623
1,4,5,vim_tiny,cifar10,1.0,3,base.layers.2.mixer,0.924714
1,4,5,vim_tiny,cifar10,1.0,4,base.layers.3.mixer,0.790716
1,4,5,vim_tiny,cifar10,1.0,5,base.layers.4.mixer,0.928535
1,4,5,vim_tiny,cifar10,1.0,6,base.layers.5.mixer,0.919577
1,4,5,vim_tiny,cifar10,1.0,7,base.layers.6.mixer,0.881296
1,4,5,vim_tiny,cifar10,1.0,8,base.layers.7.mixer,0.874166
1,4,5,vim_tiny,cifar10,1.0,9,base.layers.8.mixer,0.927033
1,4,5,vim_tiny,cifar10,1.0,10,base.layers.9.mixer,0.949332
1,4,5,vim_tiny,cifar10,1.0,11,base.layers.10.mixer,0.971641
1,4,5,vim_tiny,cifar10,1.0,12,base.layers.11.mixer,0.975387
1,4,5,vim_tiny,cifar10,1.0,13,classifier,0.868780
1,4,6,vim_tiny,cifar10,1.0,0,base.patch_embed,0.989078
1,4,6,vim_tiny,cifar10,1.0,1,base.layers.0.mixer,0.838247
1,4,6,vim_tiny,cifar10,1.0,2,base.layers.1.mixer,0.862622
1,4,6,vim_tiny,cifar10,1.0,3,base.layers.2.mixer,0.972227
1,4,6,vim_tiny,cifar10,1.0,4,base.layers.3.mixer,0.811051
1,4,6,vim_tiny,cifar10,1.0,5,base.layers.4.mixer,0.883314
1,4,6,vim_tiny,cifar10,1.0,6,base.layers.5.mixer,0.917031
1,4,6,vim_tiny,cifar10,1.0,7,base.layers.6.mixer,0.896778
1,4,6,vim_tiny,cifar10,1.0,8,base.layers.7.mixer,0.918057
1,4,6,vim_tiny,cifar10,1.0,9,base.layers.8.mixer,0.968377
1,4,6,vim_tiny,cifar10,1.0,10,base.layers.9.mixer,0.979699
1,4,6,vim_tiny,cifar10,1.0,11,base.layers.10.mixer,0.965371
1,4,6,vim_tiny,cifar10,1.0,12,base.layers.11.mixer,0.975112
1,4,6,vim_tiny,cifar10,1.0,13,classifier,0.826028
1,4,7,vim_tiny,cifar10,1.0,0,base.patch_embed,0.969367
1,4,7,vim_tiny,cifar10,1.0,1,base.layers.0.mixer,0.893657
1,4,7,vim_tiny,cifar10,1.0,2,base.layers.1.mixer,0.865356
1,4,7,vim_tiny,cifar10,1.0,3,base.layers.2.mixer,0.901616
1,4,7,vim_tiny,cifar10,1.0,4,base.layers.3.mixer,0.857721
1,4,7,vim_tiny,cifar10,1.0,5,base.layers.4.mixer,0.347224
1,4,7,vim_tiny,cifar10,1.0,6,base.layers.5.mixer,0.927370
1,4,7,vim_tiny,cifar10,1.0,7,base.layers.6.mixer,0.772479
1,4,7,vim_tiny,cifar10,1.0,8,base.layers.7.mixer,0.905806
1,4,7,vim_tiny,cifar10,1.0,9,base.layers.8.mixer,0.958423
1,4,7,vim_tiny,cifar10,1.0,10,base.layers.9.mixer,0.733730
1,4,7,vim_tiny,cifar10,1.0,11,base.layers.10.mixer,0.966868
1,4,7,vim_tiny,cifar10,1.0,12,base.layers.11.mixer,0.860304
1,4,7,vim_tiny,cifar10,1.0,13,classifier,0.825414
1,4,8,vim_tiny,cifar10,1.0,0,base.patch_embed,0.964096
1,4,8,vim_tiny,cifar10,1.0,1,base.layers.0.mixer,0.819251
1,4,8,vim_tiny,cifar10,1.0,2,base.layers.1.mixer,0.907040
1,4,8,vim_tiny,cifar10,1.0,3,base.layers.2.mixer,0.930976
1,4,8,vim_tiny,cifar10,1.0,4,base.layers.3.mixer,0.912380
1,4,8,vim_tiny,cifar10,1.0,5,base.layers.4.mixer,0.897887
1,4,8,vim_tiny,cifar10,1.0,6,base.layers.5.mixer,0.930765
1,4,8,vim_tiny,cifar10,1.0,7,base.layers.6.mixer,0.841833
1,4,8,vim_tiny,cifar10,1.0,8,base.layers.7.mixer,0.835678
1,4,8,vim_tiny,cifar10,1.0,9,base.layers.8.mixer,0.928826
1,4,8,vim_tiny,cifar10,1.0,10,base.layers.9.mixer,0.786381
1,4,8,vim_tiny,cifar10,1.0,11,base.layers.10.mixer,0.963240
1,4,8,vim_tiny,cifar10,1.0,12,base.layers.11.mixer,0.912370
1,4,8,vim_tiny,cifar10,1.0,13,classifier,0.851882
1,4,9,vim_tiny,cifar10,1.0,0,base.patch_embed,0.978684
1,4,9,vim_tiny,cifar10,1.0,1,base.layers.0.mixer,0.760978
1,4,9,vim_tiny,cifar10,1.0,2,base.layers.1.mixer,0.885735
1,4,9,vim_tiny,cifar10,1.0,3,base.layers.2.mixer,0.896567
1,4,9,vim_tiny,cifar10,1.0,4,base.layers.3.mixer,0.947189
1,4,9,vim_tiny,cifar10,1.0,5,base.layers.4.mixer,0.942506
1,4,9,vim_tiny,cifar10,1.0,6,base.layers.5.mixer,0.884207
1,4,9,vim_tiny,cifar10,1.0,7,base.layers.6.mixer,0.881098
1,4,9,vim_tiny,cifar10,1.0,8,base.layers.7.mixer,0.920818
1,4,9,vim_tiny,cifar10,1.0,9,base.layers.8.mixer,0.977900
1,4,9,vim_tiny,cifar10,1.0,10,base.layers.9.mixer,0.492812
1,4,9,vim_tiny,cifar10,1.0,11,base.layers.10.mixer,0.968497
1,4,9,vim_tiny,cifar10,1.0,12,base.layers.11.mixer,0.982906
1,4,9,vim_tiny,cifar10,1.0,13,classifier,0.783505
1,5,6,vim_tiny,cifar10,1.0,0,base.patch_embed,0.991463
1,5,6,vim_tiny,cifar10,1.0,1,base.layers.0.mixer,0.857875
1,5,6,vim_tiny,cifar10,1.0,2,base.layers.1.mixer,0.832183
1,5,6,vim_tiny,cifar10,1.0,3,base.layers.2.mixer,0.964536
1,5,6,vim_tiny,cifar10,1.0,4,base.layers.3.mixer,0.932002
1,5,6,vim_tiny,cifar10,1.0,5,base.layers.4.mixer,0.932898
1,5,6,vim_tiny,cifar10,1.0,6,base.layers.5.mixer,0.876399
1,5,6,vim_tiny,cifar10,1.0,7,base.layers.6.mixer,0.907316
1,5,6,vim_tiny,cifar10,1.0,8,base.layers.7.mixer,0.783607
1,5,6,vim_tiny,cifar10,1.0,9,base.layers.8.mixer,0.956846
1,5,6,vim_tiny,cifar10,1.0,10,base.layers.9.mixer,0.955730
1,5,6,vim_tiny,cifar10,1.0,11,base.layers.10.mixer,0.982876
1,5,6,vim_tiny,cifar10,1.0,12,base.layers.11.mixer,0.971722
1,5,6,vim_tiny,cifar10,1.0,13,classifier,0.947394
1,5,7,vim_tiny,cifar10,1.0,0,base.patch_embed,0.989523
1,5,7,vim_tiny,cifar10,1.0,1,base.layers.0.mixer,0.839528
1,5,7,vim_tiny,cifar10,1.0,2,base.layers.1.mixer,0.923454
1,5,7,vim_tiny,cifar10,1.0,3,base.layers.2.mixer,0.938813
1,5,7,vim_tiny,cifar10,1.0,4,base.layers.3.mixer,0.721918
1,5,7,vim_tiny,cifar10,1.0,5,base.layers.4.mixer,0.413415
1,5,7,vim_tiny,cifar10,1.0,6,base.layers.5.mixer,0.947125
1,5,7,vim_tiny,cifar10,1.0,7,base.layers.6.mixer,0.926651
1,5,7,vim_tiny,cifar10,1.0,8,base.layers.7.mixer,0.975001
1,5,7,vim_tiny,cifar10,1.0,9,base.layers.8.mixer,0.959152
1,5,7,vim_tiny,cifar10,1.0,10,base.layers.9.mixer,0.734386
1,5,7,vim_tiny,cifar10,1.0,11,base.layers.10.mixer,0.978266
1,5,7,vim_tiny,cifar10,1.0,12,base.layers.11.mixer,0.883155
1,5,7,vim_tiny,cifar10,1.0,13,classifier,0.844460
1,5,8,vim_tiny,cifar10,1.0,0,base.patch_embed,0.988739
1,5,8,vim_tiny,cifar10,1.0,1,base.layers.0.mixer,0.918400
1,5,8,vim_tiny,cifar10,1.0,2,base.layers.1.mixer,0.848407
1,5,8,vim_tiny,cifar10,1.0,3,base.layers.2.mixer,0.936015
1,5,8,vim_tiny,cifar10,1.0,4,base.layers.3.mixer,0.824305
1,5,8,vim_tiny,cifar10,1.0,5,base.layers.4.mixer,0.904445
1,5,8,vim_tiny,cifar10,1.0,6,base.layers.5.mixer,0.909076
1,5,8,vim_tiny,cifar10,1.0,7,base.layers.6.mixer,0.926973
1,5,8,vim_tiny,cifar10,1.0,8,base.layers.7.mixer,0.938106
1,5,8,vim_tiny,cifar10,1.0,9,base.layers.8.mixer,0.977337
1,5,8,vim_tiny,cifar10,1.0,10,base.layers.9.mixer,0.878403
1,5,8,vim_tiny,cifar10,1.0,11,base.layers.10.mixer,0.982583
1,5,8,vim_tiny,cifar10,1.0,12,base.layers.11.mixer,0.946037
1,5,8,vim_tiny,cifar10,1.0,13,classifier,0.951440
1,5,9,vim_tiny,cifar10,1.0,0,base.patch_embed,0.977323
1,5,9,vim_tiny,cifar10,1.0,1,base.layers.0.mixer,0.864582
1,5,9,vim_tiny,cifar10,1.0,2,base.layers.1.mixer,0.765943
1,5,9,vim_tiny,cifar10,1.0,3,base.layers.2.mixer,0.913126
1,5,9,vim_tiny,cifar10,1.0,4,base.layers.3.mixer,0.740343
1,5,9,vim_tiny,cifar10,1.0,5,base.layers.4.mixer,0.949372
1,5,9,vim_tiny,cifar10,1.0,6,base.layers.5.mixer,0.951402
1,5,9,vim_tiny,cifar10,1.0,7,base.layers.6.mixer,0.985372
1,5,9,vim_tiny,cifar10,1.0,8,base.layers.7.mixer,0.915420
1,5,9,vim_tiny,cifar10,1.0,9,base.layers.8.mixer,0.896862
1,5,9,vim_tiny,cifar10,1.0,10,base.layers.9.mixer,0.502822
1,5,9,vim_tiny,cifar10,1.0,11,base.layers.10.mixer,0.974945
1,5,9,vim_tiny,cifar10,1.0,12,base.layers.11.mixer,0.981335
1,5,9,vim_tiny,cifar10,1.0,13,classifier,0.837630
1,6,7,vim_tiny,cifar10,1.0,0,base.patch_embed,0.988871
1,6,7,vim_tiny,cifar10,1.0,1,base.layers.0.mixer,0.828172
1,6,7,vim_tiny,cifar10,1.0,2,base.layers.1.mixer,0.804081
1,6,7,vim_tiny,cifar10,1.0,3,base.layers.2.mixer,0.937239
1,6,7,vim_tiny,cifar10,1.0,4,base.layers.3.mixer,0.737426
1,6,7,vim_tiny,cifar10,1.0,5,base.layers.4.mixer,0.412693
1,6,7,vim_tiny,cifar10,1.0,6,base.layers.5.mixer,0.858880
1,6,7,vim_tiny,cifar10,1.0,7,base.layers.6.mixer,0.782523
1,6,7,vim_tiny,cifar10,1.0,8,base.layers.7.mixer,0.805036
1,6,7,vim_tiny,cifar10,1.0,9,base.layers.8.mixer,0.957980
1,6,7,vim_tiny,cifar10,1.0,10,base.layers.9.mixer,0.714842
1,6,7,vim_tiny,cifar10,1.0,11,base.layers.10.mixer,0.974759
1,6,7,vim_tiny,cifar10,1.0,12,base.layers.11.mixer,0.876098
1,6,7,vim_tiny,cifar10,1.0,13,classifier,0.750672
1,6,8,vim_tiny,cifar10,1.0,0,base.patch_embed,0.980865
1,6,8,vim_tiny,cifar10,1.0,1,base.layers.0.mixer,0.941556
1,6,8,vim_tiny,cifar10,1.0,2,base.layers.1.mixer,0.765154
1,6,8,vim_tiny,cifar10,1.0,3,base.layers.2.mixer,0.950812
1,6,8,vim_tiny,cifar10,1.0,4,base.layers.3.mixer,0.828681
1,6,8,vim_tiny,cifar10,1.0,5,base.layers.4.mixer,0.940443
1,6,8,vim_tiny,cifar10,1.0,6,base.layers.5.mixer,0.951142
1,6,8,vim_tiny,cifar10,1.0,7,base.layers.6.mixer,0.836576
1,6,8,vim_tiny,cifar10,1.0,8,base.layers.7.mixer,0.794413
1,6,8,vim_tiny,cifar10,1.0,9,base.layers.8.mixer,0.955323
1,6,8,vim_tiny,cifar10,1.0,10,base.layers.9.mixer,0.795251
1,6,8,vim_tiny,cifar10,1.0,11,base.layers.10.mixer,0.977393
1,6,8,vim_tiny,cifar10,1.0,12,base.layers.11.mixer,0.935510
1,6,8,vim_tiny,cifar10,1.0,13,classifier,0.931644
1,6,9,vim_tiny,cifar10,1.0,0,base.patch_embed,0.953203
1,6,9,vim_tiny,cifar10,1.0,1,base.layers.0.mixer,0.872658
1,6,9,vim_tiny,cifar10,1.0,2,base.layers.1.mixer,0.691199
1,6,9,vim_tiny,cifar10,1.0,3,base.layers.2.mixer,0.912863
1,6,9,vim_tiny,cifar10,1.0,4,base.layers.3.mixer,0.726084
1,6,9,vim_tiny,cifar10,1.0,5,base.layers.4.mixer,0.920938
1,6,9,vim_tiny,cifar10,1.0,6,base.layers.5.mixer,0.790487
1,6,9,vim_tiny,cifar10,1.0,7,base.layers.6.mixer,0.900412
1,6,9,vim_tiny,cifar10,1.0,8,base.layers.7.mixer,0.874584
1,6,9,vim_tiny,cifar10,1.0,9,base.layers.8.mixer,0.944649
1,6,9,vim_tiny,cifar10,1.0,10,base.layers.9.mixer,0.482593
1,6,9,vim_tiny,cifar10,1.0,11,base.layers.10.mixer,0.948255
1,6,9,vim_tiny,cifar10,1.0,12,base.layers.11.mixer,0.965956
1,6,9,vim_tiny,cifar10,1.0,13,classifier,0.755179
1,7,8,vim_tiny,cifar10,1.0,0,base.patch_embed,0.994820
1,7,8,vim_tiny,cifar10,1.0,1,base.layers.0.mixer,0.817580
1,7,8,vim_tiny,cifar10,1.0,2,base.layers.1.mixer,0.916034
1,7,8,vim_tiny,cifar10,1.0,3,base.layers.2.mixer,0.938588
1,7,8,vim_tiny,cifar10,1.0,4,base.layers.3.mixer,0.850867
1,7,8,vim_tiny,cifar10,1.0,5,base.layers.4.mixer,0.348820
1,7,8,vim_tiny,cifar10,1.0,6,base.layers.5.mixer,0.921151
1,7,8,vim_tiny,cifar10,1.0,7,base.layers.6.mixer,0.865081
1,7,8,vim_tiny,cifar10,1.0,8,base.layers.7.mixer,0.942881
1,7,8,vim_tiny,cifar10,1.0,9,base.layers.8.mixer,0.959102
1,7,8,vim_tiny,cifar10,1.0,10,base.layers.9.mixer,0.614005
1,7,8,vim_tiny,cifar10,1.0,11,base.layers.10.mixer,0.981788
1,7,8,vim_tiny,cifar10,1.0,12,base.layers.11.mixer,0.931846
1,7,8,vim_tiny,cifar10,1.0,13,classifier,0.831708
1,7,9,vim_tiny,cifar10,1.0,0,base.patch_embed,0.950935
1,7,9,vim_tiny,cifar10,1.0,1,base.layers.0.mixer,0.710328
1,7,9,vim_tiny,cifar10,1.0,2,base.layers.1.mixer,0.834078
1,7,9,vim_tiny,cifar10,1.0,3,base.layers.2.mixer,0.936144
1,7,9,vim_tiny,cifar10,1.0,4,base.layers.3.mixer,0.862573
1,7,9,vim_tiny,cifar10,1.0,5,base.layers.4.mixer,0.422165
1,7,9,vim_tiny,cifar10,1.0,6,base.layers.5.mixer,0.926747
1,7,9,vim_tiny,cifar10,1.0,7,base.layers.6.mixer,0.920597
1,7,9,vim_tiny,cifar10,1.0,8,base.layers.7.mixer,0.927069
1,7,9,vim_tiny,cifar10,1.0,9,base.layers.8.mixer,0.931586
1,7,9,vim_tiny,cifar10,1.0,10,base.layers.9.mixer,0.874066
1,7,9,vim_tiny,cifar10,1.0,11,base.layers.10.mixer,0.966577
1,7,9,vim_tiny,cifar10,1.0,12,base.layers.11.mixer,0.831911
1,7,9,vim_tiny,cifar10,1.0,13,classifier,0.825103
1,8,9,vim_tiny,cifar10,1.0,0,base.patch_embed,0.956967
1,8,9,vim_tiny,cifar10,1.0,1,base.layers.0.mixer,0.872407
1,8,9,vim_tiny,cifar10,1.0,2,base.layers.1.mixer,0.933097
1,8,9,vim_tiny,cifar10,1.0,3,base.layers.2.mixer,0.950636
1,8,9,vim_tiny,cifar10,1.0,4,base.layers.3.mixer,0.878007
1,8,9,vim_tiny,cifar10,1.0,5,base.layers.4.mixer,0.929342
1,8,9,vim_tiny,cifar10,1.0,6,base.layers.5.mixer,0.855740
1,8,9,vim_tiny,cifar10,1.0,7,base.layers.6.mixer,0.912812
1,8,9,vim_tiny,cifar10,1.0,8,base.layers.7.mixer,0.843608
1,8,9,vim_tiny,cifar10,1.0,9,base.layers.8.mixer,0.905040
1,8,9,vim_tiny,cifar10,1.0,10,base.layers.9.mixer,0.409486
1,8,9,vim_tiny,cifar10,1.0,11,base.layers.10.mixer,0.965579
1,8,9,vim_tiny,cifar10,1.0,12,base.layers.11.mixer,0.909964
1,8,9,vim_tiny,cifar10,1.0,13,classifier,0.745446
2,0,1,vim_tiny,cifar10,1.0,0,base.patch_embed,0.976395
2,0,1,vim_tiny,cifar10,1.0,1,base.layers.0.mixer,0.850245
2,0,1,vim_tiny,cifar10,1.0,2,base.layers.1.mixer,0.982908
2,0,1,vim_tiny,cifar10,1.0,3,base.layers.2.mixer,0.953711
2,0,1,vim_tiny,cifar10,1.0,4,base.layers.3.mixer,0.928610
2,0,1,vim_tiny,cifar10,1.0,5,base.layers.4.mixer,0.961784
2,0,1,vim_tiny,cifar10,1.0,6,base.layers.5.mixer,0.965038
2,0,1,vim_tiny,cifar10,1.0,7,base.layers.6.mixer,0.955448
2,0,1,vim_tiny,cifar10,1.0,8,base.layers.7.mixer,0.826749
2,0,1,vim_tiny,cifar10,1.0,9,base.layers.8.mixer,0.949042
2,0,1,vim_tiny,cifar10,1.0,10,base.layers.9.mixer,0.894080
2,0,1,vim_tiny,cifar10,1.0,11,base.layers.10.mixer,0.972466
2,0,1,vim_tiny,cifar10,1.0,12,base.layers.11.mixer,0.976540
2,0,1,vim_tiny,cifar10,1.0,13,classifier,0.810139
2,0,2,vim_tiny,cifar10,1.0,0,base.patch_embed,0.958716
2,0,2,vim_tiny,cifar10,1.0,1,base.layers.0.mixer,0.951756
2,0,2,vim_tiny,cifar10,1.0,2,base.layers.1.mixer,0.890776
2,0,2,vim_tiny,cifar10,1.0,3,base.layers.2.mixer,0.929281
2,0,2,vim_tiny,cifar10,1.0,4,base.layers.3.mixer,0.932039
2,0,2,vim_tiny,cifar10,1.0,5,base.layers.4.mixer,0.976220
2,0,2,vim_tiny,cifar10,1.0,6,base.layers.5.mixer,0.976077
2,0,2,vim_tiny,cifar10,1.0,7,base.layers.6.mixer,0.977416
2,0,2,vim_tiny,cifar10,1.0,8,base.layers.7.mixer,0.840849
2,0,2,vim_tiny,cifar10,1.0,9,base.layers.8.mixer,0.950168
2,0,2,vim_tiny,cifar10,1.0,10,base.layers.9.mixer,0.879334
2,0,2,vim_tiny,cifar10,1.0,11,base.layers.10.mixer,0.985095
2,0,2,vim_tiny,cifar10,1.0,12,base.layers.11.mixer,0.986042
2,0,2,vim_tiny,cifar10,1.0,13,classifier,0.798508
2,0,3,vim_tiny,cifar10,1.0,0,base.patch_embed,0.952884
2,0,3,vim_tiny,cifar10,1.0,1,base.layers.0.mixer,0.927981
2,0,3,vim_tiny,cifar10,1.0,2,base.layers.1.mixer,0.925260
2,0,3,vim_tiny,cifar10,1.0,3,base.layers.2.mixer,0.957409
2,0,3,vim_tiny,cifar10,1.0,4,base.layers.3.mixer,0.907319
2,0,3,vim_tiny,cifar10,1.0,5,base.layers.4.mixer,0.936966
2,0,3,vim_tiny,cifar10,1.0,6,base.layers.5.mixer,0.931492
2,0,3,vim_tiny,cifar10,1.0,7,base.layers.6.mixer,0.903193
2,0,3,vim_tiny,cifar10,1.0,8,base.layers.7.mixer,0.770058
2,0,3,vim_tiny,cifar10,1.0,9,base.layers.8.mixer,0.956697
2,0,3,vim_tiny,cifar10,1.0,10,base.layers.9.mixer,0.641492
2,0,3,vim_tiny,cifar10,1.0,11,base.layers.10.mixer,0.941410
2,0,3,vim_tiny,cifar10,1.0,12,base.layers.11.mixer,0.951430
2,0,3,vim_tiny,cifar10,1.0,13,classifier,0.838296
2,0,4,vim_tiny,cifar10,1.0,0,base.patch_embed,0.992101
2,0,4,vim_tiny,cifar10,1.0,1,base.layers.0.mixer,0.942687
2,0,4,vim_tiny,cifar10,1.0,2,base.layers.1.mixer,0.983375
2,0,4,vim_tiny,cifar10,1.0,3,base.layers.2.mixer,0.977189
2,0,4,vim_tiny,cifar10,1.0,4,base.layers.3.mixer,0.907141
2,0,4,vim_tiny,cifar10,1.0,5,base.layers.4.mixer,0.971320
2,0,4,vim_tiny,cifar10,1.0,6,base.layers.5.mixer,0.968292
2,0,4,vim_tiny,cifar10,1.0,7,base.layers.6.mixer,0.960500
2,0,4,vim_tiny,cifar10,1.0,8,base.layers.7.mixer,0.833893
2,0,4,vim_tiny,cifar10,1.0,9,base.layers.8.mixer,0.970026
2,0,4,vim_tiny,cifar10,1.0,10,base.layers.9.mixer,0.825308
2,0,4,vim_tiny,cifar10,1.0,11,base.layers.10.mixer,0.983876
2,0,4,vim_tiny,cifar10,1.0,12,base.layers.11.mixer,0.986238
2,0,4,vim_tiny,cifar10,1.0,13,classifier,0.930175
2,0,5,vim_tiny,cifar10,1.0,0,base.patch_embed,0.979338
2,0,5,vim_tiny,cifar10,1.0,1,base.layers.0.mixer,0.948834
2,0,5,vim_tiny,cifar10,1.0,2,base.layers.1.mixer,0.973858
2,0,5,vim_tiny,cifar10,1.0,3,base.layers.2.mixer,0.957493
2,0,5,vim_tiny,cifar10,1.0,4,base.layers.3.mixer,0.927400
2,0,5,vim_tiny,cifar10,1.0,5,base.layers.4.mixer,0.951055
2,0,5,vim_tiny,cifar10,1.0,6,base.layers.5.mixer,0.963596
2,0,5,vim_tiny,cifar10,1.0,7,base.layers.6.mixer,0.961641
2,0,5,vim_tiny,cifar10,1.0,8,base.layers.7.mixer,0.870439
2,0,5,vim_tiny,cifar10,1.0,9,base.layers.8.mixer,0.971805
2,0,5,vim_tiny,cifar10,1.0,10,base.layers.9.mixer,0.913523
2,0,5,vim_tiny,cifar10,1.0,11,base.layers.10.mixer,0.977157
2,0,5,vim_tiny,cifar10,1.0,12,base.layers.11.mixer,0.973190
2,0,5,vim_tiny,cifar10,1.0,13,classifier,0.781267
2,0,6,vim_tiny,cifar10,1.0,0,base.patch_embed,0.954243
2,0,6,vim_tiny,cifar10,1.0,1,base.layers.0.mixer,0.944966
2,0,6,vim_tiny,cifar10,1.0,2,base.layers.1.mixer,0.963396
2,0,6,vim_tiny,cifar10,1.0,3,base.layers.2.mixer,0.936384
2,0,6,vim_tiny,cifar10,1.0,4,base.layers.3.mixer,0.920303
2,0,6,vim_tiny,cifar10,1.0,5,base.layers.4.mixer,0.952529
2,0,6,vim_tiny,cifar10,1.0,6,base.layers.5.mixer,0.940691
2,0,6,vim_tiny,cifar10,1.0,7,base.layers.6.mixer,0.956926
2,0,6,vim_tiny,cifar10,1.0,8,base.layers.7.mixer,0.890866
2,0,6,vim_tiny,cifar10,1.0,9,base.layers.8.mixer,0.958372
2,0,6,vim_tiny,cifar10,1.0,10,base.layers.9.mixer,0.854613
2,0,6,vim_tiny,cifar10,1.0,11,base.layers.10.mixer,0.979192
2,0,6,vim_tiny,cifar10,1.0,12,base.layers.11.mixer,0.966144
2,0,6,vim_tiny,cifar10,1.0,13,classifier,0.830521
2,0,7,vim_tiny,cifar10,1.0,0,base.patch_embed,0.980261
2,0,7,vim_tiny,cifar10,1.0,1,base.layers.0.mixer,0.966441
2,0,7,vim_tiny,cifar10,1.0,2,base.layers.1.mixer,0.963200
2,0,7,vim_tiny,cifar10,1.0,3,base.layers.2.mixer,0.964767
2,0,7,vim_tiny,cifar10,1.0,4,base.layers.3.mixer,0.960794
2,0,7,vim_tiny,cifar10,1.0,5,base.layers.4.mixer,0.951668
2,0,7,vim_tiny,cifar10,1.0,6,base.layers.5.mixer,0.980422
2,0,7,vim_tiny,cifar10,1.0,7,base.layers.6.mixer,0.956655
2,0,7,vim_tiny,cifar10,1.0,8,base.layers.7.mixer,0.939955
2,0,7,vim_tiny,cifar10,1.0,9,base.layers.8.mixer,0.972007
2,0,7,vim_tiny,cifar10,1.0,10,base.layers.9.mixer,0.894199
2,0,7,vim_tiny,cifar10,1.0,11,base.layers.10.mixer,0.984527
2,0,7,vim_tiny,cifar10,1.0,12,base.layers.11.mixer,0.981820
2,0,7,vim_tiny,cifar10,1.0,13,classifier,0.877932
2,0,8,vim_tiny,cifar10,1.0,0,base.patch_embed,0.968203
2,0,8,vim_tiny,cifar10,1.0,1,base.layers.0.mixer,0.921713
2,0,8,vim_tiny,cifar10,1.0,2,base.layers.1.mixer,0.944547
2,0,8,vim_tiny,cifar10,1.0,3,base.layers.2.mixer,0.938044
2,0,8,vim_tiny,cifar10,1.0,4,base.layers.3.mixer,0.961655
2,0,8,vim_tiny,cifar10,1.0,5,base.layers.4.mixer,0.939790
2,0,8,vim_tiny,cifar10,1.0,6,base.layers.5.mixer,0.974262
2,0,8,vim_tiny,cifar10,1.0,7,base.layers.6.mixer,0.932280
2,0,8,vim_tiny,cifar10,1.0,8,base.layers.7.mixer,0.795937
2,0,8,vim_tiny,cifar10,1.0,9,base.layers.8.mixer,0.969737
2,0,8,vim_tiny,cifar10,1.0,10,base.layers.9.mixer,0.883195
2,0,8,vim_tiny,cifar10,1.0,11,base.layers.10.mixer,0.948798
2,0,8,vim_tiny,cifar10,1.0,12,base.layers.11.mixer,0.963213
2,0,8,vim_tiny,cifar10,1.0,13,classifier,0.855072
2,0,9,vim_tiny,cifar10,1.0,0,base.patch_embed,0.964264
2,0,9,vim_tiny,cifar10,1.0,1,base.layers.0.mixer,0.940783
2,0,9,vim_tiny,cifar10,1.0,2,base.layers.1.mixer,0.942413
2,0,9,vim_tiny,cifar10,1.0,3,base.layers.2.mixer,0.969414
2,0,9,vim_tiny,cifar10,1.0,4,base.layers.3.mixer,0.908521
2,0,9,vim_tiny,cifar10,1.0,5,base.layers.4.mixer,0.952843
2,0,9,vim_tiny,cifar10,1.0,6,base.layers.5.mixer,0.951187
2,0,9,vim_tiny,cifar10,1.0,7,base.layers.6.mixer,0.969695
2,0,9,vim_tiny,cifar10,1.0,8,base.layers.7.mixer,0.909452
2,0,9,vim_tiny,cifar10,1.0,9,base.layers.8.mixer,0.931844
2,0,9,vim_tiny,cifar10,1.0,10,base.layers.9.mixer,0.918497
2,0,9,vim_tiny,cifar10,1.0,11,base.layers.10.mixer,0.970140
2,0,9,vim_tiny,cifar10,1.0,12,base.layers.11.mixer,0.970610
2,0,9,vim_tiny,cifar10,1.0,13,classifier,0.889529
2,1,2,vim_tiny,cifar10,1.0,0,base.patch_embed,0.909542
2,1,2,vim_tiny,cifar10,1.0,1,base.layers.0.mixer,0.917157
2,1,2,vim_tiny,cifar10,1.0,2,base.layers.1.mixer,0.881288
2,1,2,vim_tiny,cifar10,1.0,3,base.layers.2.mixer,0.897532
2,1,2,vim_tiny,cifar10,1.0,4,base.layers.3.mixer,0.949197
2,1,2,vim_tiny,cifar10,1.0,5,base.layers.4.mixer,0.949831
2,1,2,vim_tiny,cifar10,1.0,6,base.layers.5.mixer,0.960818
2,1,2,vim_tiny,cifar10,1.0,7,base.layers.6.mixer,0.938506
2,1,2,vim_tiny,cifar10,1.0,8,base.layers.7.mixer,0.955420
2,1,2,vim_tiny,cifar10,1.0,9,base.layers.8.mixer,0.949229
2,1,2,vim_tiny,cifar10,1.0,10,base.layers.9.mixer,0.929242
2,1,2,vim_tiny,cifar10,1.0,11,base.layers.10.mixer,0.972421
2,1,2,vim_tiny,cifar10,1.0,12,base.layers.11.mixer,0.969334
2,1,2,vim_tiny,cifar10,1.0,13,classifier,0.877693
2,1,3,vim_tiny,cifar10,1.0,0,base.patch_embed,0.980968
2,1,3,vim_tiny,cifar10,1.0,1,base.layers.0.mixer,0.864958
2,1,3,vim_tiny,cifar10,1.0,2,base.layers.1.mixer,0.934309
2,1,3,vim_tiny,cifar10,1.0,3,base.layers.2.mixer,0.943109
2,1,3,vim_tiny,cifar10,1.0,4,base.layers.3.mixer,0.958978
2,1,3,vim_tiny,cifar10,1.0,5,base.layers.4.mixer,0.947802
2,1,3,vim_tiny,cifar10,1.0,6,base.layers.5.mixer,0.930755
2,1,3,vim_tiny,cifar10,1.0,7,base.layers.6.mixer,0.970116
2,1,3,vim_tiny,cifar10,1.0,8,base.layers.7.mixer,0.854868
2,1,3,vim_tiny,cifar10,1.0,9,base.layers.8.mixer,0.984711
2,1,3,vim_tiny,cifar10,1.0,10,base.layers.9.mixer,0.804332
2,1,3,vim_tiny,cifar10,1.0,11,base.layers.10.mixer,0.953311
2,1,3,vim_tiny,cifar10,1.0,12,base.layers.11.mixer,0.978769
2,1,3,vim_tiny,cifar10,1.0,13,classifier,0.820661
2,1,4,vim_tiny,cifar10,1.0,0,base.patch_embed,0.974391
2,1,4,vim_tiny,cifar10,1.0,1,base.layers.0.mixer,0.789410
2,1,4,vim_tiny,cifar10,1.0,2,base.layers.1.mixer,0.981847
2,1,4,vim_tiny,cifar10,1.0,3,base.layers.2.mixer,0.940957
2,1,4,vim_tiny,cifar10,1.0,4,base.layers.3.mixer,0.900584
2,1,4,vim_tiny,cifar10,1.0,5,base.layers.4.mixer,0.956347
2,1,4,vim_tiny,cifar10,1.0,6,base.layers.5.mixer,0.963276
2,1,4,vim_tiny,cifar10,1.0,7,base.layers.6.mixer,0.972004
2,1,4,vim_tiny,cifar10,1.0,8,base.layers.7.mixer,0.979045
2,1,4,vim_tiny,cifar10,1.0,9,base.layers.8.mixer,0.976633
2,1,4,vim_tiny,cifar10,1.0,10,base.layers.9.mixer,0.944798
2,1,4,vim_tiny,cifar10,1.0,11,base.layers.10.mixer,0.971244
2,1,4,vim_tiny,cifar10,1.0,12,base.layers.11.mixer,0.981430
2,1,4,vim_tiny,cifar10,1.0,13,classifier,0.791644
2,1,5,vim_tiny,cifar10,1.0,0,base.patch_embed,0.965917
2,1,5,vim_tiny,cifar10,1.0,1,base.layers.0.mixer,0.885599
2,1,5,vim_tiny,cifar10,1.0,2,base.layers.1.mixer,0.979290
2,1,5,vim_tiny,cifar10,1.0,3,base.layers.2.mixer,0.953983
2,1,5,vim_tiny,cifar10,1.0,4,base.layers.3.mixer,0.963096
2,1,5,vim_tiny,cifar10,1.0,5,base.layers.4.mixer,0.950609
2,1,5,vim_tiny,cifar10,1.0,6,base.layers.5.mixer,0.969197
2,1,5,vim_tiny,cifar10,1.0,7,base.layers.6.mixer,0.924922
2,1,5,vim_tiny,cifar10,1.0,8,base.layers.7.mixer,0.926565
2,1,5,vim_tiny,cifar10,1.0,9,base.layers.8.mixer,0.967998
2,1,5,vim_tiny,cifar10,1.0,10,base.layers.9.mixer,0.958344
2,1,5,vim_tiny,cifar10,1.0,11,base.layers.10.mixer,0.980931
2,1,5,vim_tiny,cifar10,1.0,12,base.layers.11.mixer,0.972394
2,1,5,vim_tiny,cifar10,1.0,13,classifier,0.938002
2,1,6,vim_tiny,cifar10,1.0,0,base.patch_embed,0.913237
2,1,6,vim_tiny,cifar10,1.0,1,base.layers.0.mixer,0.856537
2,1,6,vim_tiny,cifar10,1.0,2,base.layers.1.mixer,0.959621
2,1,6,vim_tiny,cifar10,1.0,3,base.layers.2.mixer,0.901765
2,1,6,vim_tiny,cifar10,1.0,4,base.layers.3.mixer,0.945684
2,1,6,vim_tiny,cifar10,1.0,5,base.layers.4.mixer,0.916965
2,1,6,vim_tiny,cifar10,1.0,6,base.layers.5.mixer,0.912929
2,1,6,vim_tiny,cifar10,1.0,7,base.layers.6.mixer,0.908371
2,1,6,vim_tiny,cifar10,1.0,8,base.layers.7.mixer,0.963234
2,1,6,vim_tiny,cifar10,1.0,9,base.layers.8.mixer,0.943447
2,1,6,vim_tiny,cifar10,1.0,10,base.layers.9.mixer,0.933178
2,1,6,vim_tiny,cifar10,1.0,11,base.layers.10.mixer,0.970663
2,1,6,vim_tiny,cifar10,1.0,12,base.layers.11.mixer,0.964650
2,1,6,vim_tiny,cifar10,1.0,13,classifier,0.836103
2,1,7,vim_tiny,cifar10,1.0,0,base.patch_embed,0.940940
2,1,7,vim_tiny,cifar10,1.0,1,base.layers.0.mixer,0.881367
2,1,7,vim_tiny,cifar10,1.0,2,base.layers.1.mixer,0.949382
2,1,7,vim_tiny,cifar10,1.0,3,base.layers.2.mixer,0.945370
2,1,7,vim_tiny,cifar10,1.0,4,base.layers.3.mixer,0.924972
2,1,7,vim_tiny,cifar10,1.0,5,base.layers.4.mixer,0.945467
2,1,7,vim_tiny,cifar10,1.0,6,base.layers.5.mixer,0.970779
2,1,7,vim_tiny,cifar10,1.0,7,base.layers.6.mixer,0.967190
2,1,7,vim_tiny,cifar10,1.0,8,base.layers.7.mixer,0.914045
2,1,7,vim_tiny,cifar10,1.0,9,base.layers.8.mixer,0.957864
2,1,7,vim_tiny,cifar10,1.0,10,base.layers.9.mixer,0.961683
2,1,7,vim_tiny,cifar10,1.0,11,base.layers.10.mixer,0.976269
2,1,7,vim_tiny,cifar10,1.0,12,base.layers.11.mixer,0.984949
2,1,7,vim_tiny,cifar10,1.0,13,classifier,0.897783
2,1,8,vim_tiny,cifar10,1.0,0,base.patch_embed,0.968388
2,1,8,vim_tiny,cifar10,1.0,1,base.layers.0.mixer,0.786371
2,1,8,vim_tiny,cifar10,1.0,2,base.layers.1.mixer,0.956628
2,1,8,vim_tiny,cifar10,1.0,3,base.layers.2.mixer,0.895993
2,1,8,vim_tiny,cifar10,1.0,4,base.layers.3.mixer,0.917392
2,1,8,vim_tiny,cifar10,1.0,5,base.layers.4.mixer,0.949164
2,1,8,vim_tiny,cifar10,1.0,6,base.layers.5.mixer,0.959309
2,1,8,vim_tiny,cifar10,1.0,7,base.layers.6.mixer,0.974407
2,1,8,vim_tiny,cifar10,1.0,8,base.layers.7.mixer,0.934387
2,1,8,vim_tiny,cifar10,1.0,9,base.layers.8.mixer,0.909184
2,1,8,vim_tiny,cifar10,1.0,10,base.layers.9.mixer,0.968605
2,1,8,vim_tiny,cifar10,1.0,11,base.layers.10.mixer,0.951209
2,1,8,vim_tiny,cifar10,1.0,12,base.layers.11.mixer,0.979332
2,1,8,vim_tiny,cifar10,1.0,13,classifier,0.863366
2,1,9,vim_tiny,cifar10,1.0,0,base.patch_embed,0.963940
2,1,9,vim_tiny,cifar10,1.0,1,base.layers.0.mixer,0.941945
2,1,9,vim_tiny,cifar10,1.0,2,base.layers.1.mixer,0.957598
2,1,9,vim_tiny,cifar10,1.0,3,base.layers.2.mixer,0.955602
2,1,9,vim_tiny,cifar10,1.0,4,base.layers.3.mixer,0.937445
2,1,9,vim_tiny,cifar10,1.0,5,base.layers.4.mixer,0.955019
2,1,9,vim_tiny,cifar10,1.0,6,base.layers.5.mixer,0.964093
2,1,9,vim_tiny,cifar10,1.0,7,base.layers.6.mixer,0.933035
2,1,9,vim_tiny,cifar10,1.0,8,base.layers.7.mixer,0.850821
2,1,9,vim_tiny,cifar10,1.0,9,base.layers.8.mixer,0.967713
2,1,9,vim_tiny,cifar10,1.0,10,base.layers.9.mixer,0.977364
2,1,9,vim_tiny,cifar10,1.0,11,base.layers.10.mixer,0.980969
2,1,9,vim_tiny,cifar10,1.0,12,base.layers.11.mixer,0.978977
2,1,9,vim_tiny,cifar10,1.0,13,classifier,0.793639
2,2,3,vim_tiny,cifar10,1.0,0,base.patch_embed,0.847354
2,2,3,vim_tiny,cifar10,1.0,1,base.layers.0.mixer,0.905628
2,2,3,vim_tiny,cifar10,1.0,2,base.layers.1.mixer,0.710772
2,2,3,vim_tiny,cifar10,1.0,3,base.layers.2.mixer,0.912526
2,2,3,vim_tiny,cifar10,1.0,4,base.layers.3.mixer,0.922403
2,2,3,vim_tiny,cifar10,1.0,5,base.layers.4.mixer,0.939757
2,2,3,vim_tiny,cifar10,1.0,6,base.layers.5.mixer,0.883905
2,2,3,vim_tiny,cifar10,1.0,7,base.layers.6.mixer,0.887196
2,2,3,vim_tiny,cifar10,1.0,8,base.layers.7.mixer,0.841717
2,2,3,vim_tiny,cifar10,1.0,9,base.layers.8.mixer,0.932809
2,2,3,vim_tiny,cifar10,1.0,10,base.layers.9.mixer,0.791069
2,2,3,vim_tiny,cifar10,1.0,11,base.layers.10.mixer,0.933521
2,2,3,vim_tiny,cifar10,1.0,12,base.layers.11.mixer,0.928039
2,2,3,vim_tiny,cifar10,1.0,13,classifier,0.694833
2,2,4,vim_tiny,cifar10,1.0,0,base.patch_embed,0.966348
2,2,4,vim_tiny,cifar10,1.0,1,base.layers.0.mixer,0.903328
2,2,4,vim_tiny,cifar10,1.0,2,base.layers.1.mixer,0.911285
2,2,4,vim_tiny,cifar10,1.0,3,base.layers.2.mixer,0.932954
2,2,4,vim_tiny,cifar10,1.0,4,base.layers.3.mixer,0.943098
2,2,4,vim_tiny,cifar10,1.0,5,base.layers.4.mixer,0.976353
2,2,4,vim_tiny,cifar10,1.0,6,base.layers.5.mixer,0.964473
2,2,4,vim_tiny,cifar10,1.0,7,base.layers.6.mixer,0.949417
2,2,4,vim_tiny,cifar10,1.0,8,base.layers.7.mixer,0.972033
2,2,4,vim_tiny,cifar10,1.0,9,base.layers.8.mixer,0.982922
2,2,4,vim_tiny,cifar10,1.0,10,base.layers.9.mixer,0.955547
2,2,4,vim_tiny,cifar10,1.0,11,base.layers.10.mixer,0.982685
2,2,4,vim_tiny,cifar10,1.0,12,base.layers.11.mixer,0.980207
2,2,4,vim_tiny,cifar10,1.0,13,classifier,0.690523
2,2,5,vim_tiny,cifar10,1.0,0,base.patch_embed,0.981910
2,2,5,vim_tiny,cifar10,1.0,1,base.layers.0.mixer,0.967808
2,2,5,vim_tiny,cifar10,1.0,2,base.layers.1.mixer,0.906932
2,2,5,vim_tiny,cifar10,1.0,3,base.layers.2.mixer,0.958992
2,2,5,vim_tiny,cifar10,1.0,4,base.layers.3.mixer,0.947075
2,2,5,vim_tiny,cifar10,1.0,5,base.layers.4.mixer,0.967504
2,2,5,vim_tiny,cifar10,1.0,6,base.layers.5.mixer,0.983483
2,2,5,vim_tiny,cifar10,1.0,7,base.layers.6.mixer,0.979521
2,2,5,vim_tiny,cifar10,1.0,8,base.layers.7.mixer,0.896772
2,2,5,vim_tiny,cifar10,1.0,9,base.layers.8.mixer,0.984325
2,2,5,vim_tiny,cifar10,1.0,10,base.layers.9.mixer,0.972994
2,2,5,vim_tiny,cifar10,1.0,11,base.layers.10.mixer,0.986791
2,2,5,vim_tiny,cifar10,1.0,12,base.layers.11.mixer,0.976957
2,2,5,vim_tiny,cifar10,1.0,13,classifier,0.864829
2,2,6,vim_tiny,cifar10,1.0,0,base.patch_embed,0.981471
2,2,6,vim_tiny,cifar10,1.0,1,base.layers.0.mixer,0.954903
2,2,6,vim_tiny,cifar10,1.0,2,base.layers.1.mixer,0.906491
2,2,6,vim_tiny,cifar10,1.0,3,base.layers.2.mixer,0.946236
2,2,6,vim_tiny,cifar10,1.0,4,base.layers.3.mixer,0.965074
2,2,6,vim_tiny,cifar10,1.0,5,base.layers.4.mixer,0.968206
2,2,6,vim_tiny,cifar10,1.0,6,base.layers.5.mixer,0.946128
2,2,6,vim_tiny,cifar10,1.0,7,base.layers.6.mixer,0.979871
2,2,6,vim_tiny,cifar10,1.0,8,base.layers.7.mixer,0.946775
2,2,6,vim_tiny,cifar10,1.0,9,base.layers.8.mixer,0.982978
2,2,6,vim_tiny,cifar10,1.0,10,base.layers.9.mixer,0.979366
2,2,6,vim_tiny,cifar10,1.0,11,base.layers.10.mixer,0.980951
2,2,6,vim_tiny,cifar10,1.0,12,base.layers.11.mixer,0.974448
2,2,6,vim_tiny,cifar10,1.0,13,classifier,0.764247
2,2,7,vim_tiny,cifar10,1.0,0,base.patch_embed,0.990028
2,2,7,vim_tiny,cifar10,1.0,1,base.layers.0.mixer,0.972391
2,2,7,vim_tiny,cifar10,1.0,2,base.layers.1.mixer,0.824741
2,2,7,vim_tiny,cifar10,1.0,3,base.layers.2.mixer,0.949414
2,2,7,vim_tiny,cifar10,1.0,4,base.layers.3.mixer,0.928378
2,2,7,vim_tiny,cifar10,1.0,5,base.layers.4.mixer,0.962732
2,2,7,vim_tiny,cifar10,1.0,6,base.layers.5.mixer,0.981143
2,2,7,vim_tiny,cifar10,1.0,7,base.layers.6.mixer,0.966665
2,2,7,vim_tiny,cifar10,1.0,8,base.layers.7.mixer,0.900597
2,2,7,vim_tiny,cifar10,1.0,9,base.layers.8.mixer,0.969841
2,2,7,vim_tiny,cifar10,1.0,10,base.layers.9.mixer,0.965514
2,2,7,vim_tiny,cifar10,1.0,11,base.layers.10.mixer,0.985668
2,2,7,vim_tiny,cifar10,1.0,12,base.layers.11.mixer,0.983311
2,2,7,vim_tiny,cifar10,1.0,13,classifier,0.811029
2,2,8,vim_tiny,cifar10,1.0,0,base.patch_embed,0.885292
2,2,8,vim_tiny,cifar10,1.0,1,base.layers.0.mixer,0.876391
2,2,8,vim_tiny,cifar10,1.0,2,base.layers.1.mixer,0.801652
2,2,8,vim_tiny,cifar10,1.0,3,base.layers.2.mixer,0.912996
2,2,8,vim_tiny,cifar10,1.0,4,base.layers.3.mixer,0.895113
2,2,8,vim_tiny,cifar10,1.0,5,base.layers.4.mixer,0.941115
2,2,8,vim_tiny,cifar10,1.0,6,base.layers.5.mixer,0.943794
2,2,8,vim_tiny,cifar10,1.0,7,base.layers.6.mixer,0.926947
2,2,8,vim_tiny,cifar10,1.0,8,base.layers.7.mixer,0.908236
2,2,8,vim_tiny,cifar10,1.0,9,base.layers.8.mixer,0.897937
2,2,8,vim_tiny,cifar10,1.0,10,base.layers.9.mixer,0.920337
2,2,8,vim_tiny,cifar10,1.0,11,base.layers.10.mixer,0.929934
2,2,8,vim_tiny,cifar10,1.0,12,base.layers.11.mixer,0.945279
2,2,8,vim_tiny,cifar10,1.0,13,classifier,0.780893
2,2,9,vim_tiny,cifar10,1.0,0,base.patch_embed,0.957342
2,2,9,vim_tiny,cifar10,1.0,1,base.layers.0.mixer,0.971565
2,2,9,vim_tiny,cifar10,1.0,2,base.layers.1.mixer,0.818316
2,2,9,vim_tiny,cifar10,1.0,3,base.layers.2.mixer,0.878139
2,2,9,vim_tiny,cifar10,1.0,4,base.layers.3.mixer,0.941310
2,2,9,vim_tiny,cifar10,1.0,5,base.layers.4.mixer,0.952975
2,2,9,vim_tiny,cifar10,1.0,6,base.layers.5.mixer,0.973760
2,2,9,vim_tiny,cifar10,1.0,7,base.layers.6.mixer,0.962264
2,2,9,vim_tiny,cifar10,1.0,8,base.layers.7.mixer,0.851453
2,2,9,vim_tiny,cifar10,1.0,9,base.layers.8.mixer,0.971961
2,2,9,vim_tiny,cifar10,1.0,10,base.layers.9.mixer,0.949428
2,2,9,vim_tiny,cifar10,1.0,11,base.layers.10.mixer,0.965408
2,2,9,vim_tiny,cifar10,1.0,12,base.layers.11.mixer,0.971302
2,2,9,vim_tiny,cifar10,1.0,13,classifier,0.829392
2,3,4,vim_tiny,cifar10,1.0,0,base.patch_embed,0.952235
2,3,4,vim_tiny,cifar10,1.0,1,base.layers.0.mixer,0.914187
2,3,4,vim_tiny,cifar10,1.0,2,base.layers.1.mixer,0.916615
2,3,4,vim_tiny,cifar10,1.0,3,base.layers.2.mixer,0.964162
2,3,4,vim_tiny,cifar10,1.0,4,base.layers.3.mixer,0.906708
2,3,4,vim_tiny,cifar10,1.0,5,base.layers.4.mixer,0.932472
2,3,4,vim_tiny,cifar10,1.0,6,base.layers.5.mixer,0.891240
2,3,4,vim_tiny,cifar10,1.0,7,base.layers.6.mixer,0.946595
2,3,4,vim_tiny,cifar10,1.0,8,base.layers.7.mixer,0.853501
2,3,4,vim_tiny,cifar10,1.0,9,base.layers.8.mixer,0.969311
2,3,4,vim_tiny,cifar10,1.0,10,base.layers.9.mixer,0.890729
2,3,4,vim_tiny,cifar10,1.0,11,base.layers.10.mixer,0.970712
2,3,4,vim_tiny,cifar10,1.0,12,base.layers.11.mixer,0.958783
2,3,4,vim_tiny,cifar10,1.0,13,classifier,0.874268
2,3,5,vim_tiny,cifar10,1.0,0,base.patch_embed,0.922238
2,3,5,vim_tiny,cifar10,1.0,1,base.layers.0.mixer,0.918372
2,3,5,vim_tiny,cifar10,1.0,2,base.layers.1.mixer,0.909218
2,3,5,vim_tiny,cifar10,1.0,3,base.layers.2.mixer,0.961528
2,3,5,vim_tiny,cifar10,1.0,4,base.layers.3.mixer,0.951047
2,3,5,vim_tiny,cifar10,1.0,5,base.layers.4.mixer,0.953744
2,3,5,vim_tiny,cifar10,1.0,6,base.layers.5.mixer,0.884266
2,3,5,vim_tiny,cifar10,1.0,7,base.layers.6.mixer,0.875393
2,3,5,vim_tiny,cifar10,1.0,8,base.layers.7.mixer,0.799087
2,3,5,vim_tiny,cifar10,1.0,9,base.layers.8.mixer,0.957062
2,3,5,vim_tiny,cifar10,1.0,10,base.layers.9.mixer,0.748087
2,3,5,vim_tiny,cifar10,1.0,11,base.layers.10.mixer,0.967560
2,3,5,vim_tiny,cifar10,1.0,12,base.layers.11.mixer,0.933882
2,3,5,vim_tiny,cifar10,1.0,13,classifier,0.823522
2,3,6,vim_tiny,cifar10,1.0,0,base.patch_embed,0.879044
2,3,6,vim_tiny,cifar10,1.0,1,base.layers.0.mixer,0.917044
2,3,6,vim_tiny,cifar10,1.0,2,base.layers.1.mixer,0.882174
2,3,6,vim_tiny,cifar10,1.0,3,base.layers.2.mixer,0.928255
2,3,6,vim_tiny,cifar10,1.0,4,base.layers.3.mixer,0.928242
2,3,6,vim_tiny,cifar10,1.0,5,base.layers.4.mixer,0.906980
2,3,6,vim_tiny,cifar10,1.0,6,base.layers.5.mixer,0.827812
2,3,6,vim_tiny,cifar10,1.0,7,base.layers.6.mixer,0.869413
2,3,6,vim_tiny,cifar10,1.0,8,base.layers.7.mixer,0.856890
2,3,6,vim_tiny,cifar10,1.0,9,base.layers.8.mixer,0.930017
2,3,6,vim_tiny,cifar10,1.0,10,base.layers.9.mixer,0.822183
2,3,6,vim_tiny,cifar10,1.0,11,base.layers.10.mixer,0.966040
2,3,6,vim_tiny,cifar10,1.0,12,base.layers.11.mixer,0.925504
2,3,6,vim_tiny,cifar10,1.0,13,classifier,0.775216
2,3,7,vim_tiny,cifar10,1.0,0,base.patch_embed,0.902494
2,3,7,vim_tiny,cifar10,1.0,1,base.layers.0.mixer,0.938598
2,3,7,vim_tiny,cifar10,1.0,2,base.layers.1.mixer,0.917304
2,3,7,vim_tiny,cifar10,1.0,3,base.layers.2.mixer,0.961814
2,3,7,vim_tiny,cifar10,1.0,4,base.layers.3.mixer,0.915931
2,3,7,vim_tiny,cifar10,1.0,5,base.layers.4.mixer,0.941005
2,3,7,vim_tiny,cifar10,1.0,6,base.layers.5.mixer,0.912407
2,3,7,vim_tiny,cifar10,1.0,7,base.layers.6.mixer,0.936732
2,3,7,vim_tiny,cifar10,1.0,8,base.layers.7.mixer,0.817020
2,3,7,vim_tiny,cifar10,1.0,9,base.layers.8.mixer,0.953238
2,3,7,vim_tiny,cifar10,1.0,10,base.layers.9.mixer,0.830995
2,3,7,vim_tiny,cifar10,1.0,11,base.layers.10.mixer,0.960363
2,3,7,vim_tiny,cifar10,1.0,12,base.layers.11.mixer,0.959894
2,3,7,vim_tiny,cifar10,1.0,13,classifier,0.822838
2,3,8,vim_tiny,cifar10,1.0,0,base.patch_embed,0.981163
2,3,8,vim_tiny,cifar10,1.0,1,base.layers.0.mixer,0.935922
2,3,8,vim_tiny,cifar10,1.0,2,base.layers.1.mixer,0.944020
2,3,8,vim_tiny,cifar10,1.0,3,base.layers.2.mixer,0.945401
2,3,8,vim_tiny,cifar10,1.0,4,base.layers.3.mixer,0.908175
2,3,8,vim_tiny,cifar10,1.0,5,base.layers.4.mixer,0.965932
2,3,8,vim_tiny,cifar10,1.0,6,base.layers.5.mixer,0.957386
2,3,8,vim_tiny,cifar10,1.0,7,base.layers.6.mixer,0.969078
2,3,8,vim_tiny,cifar10,1.0,8,base.layers.7.mixer,0.939316
2,3,8,vim_tiny,cifar10,1.0,9,base.layers.8.mixer,0.922867
2,3,8,vim_tiny,cifar10,1.0,10,base.layers.9.mixer,0.773697
2,3,8,vim_tiny,cifar10,1.0,11,base.layers.10.mixer,0.978408
2,3,8,vim_tiny,cifar10,1.0,12,base.layers.11.mixer,0.959212
2,3,8,vim_tiny,cifar10,1.0,13,classifier,0.841271
2,3,9,vim_tiny,cifar10,1.0,0,base.patch_embed,0.909611
2,3,9,vim_tiny,cifar10,1.0,1,base.layers.0.mixer,0.917537
2,3,9,vim_tiny,cifar10,1.0,2,base.layers.1.mixer,0.936799
2,3,9,vim_tiny,cifar10,1.0,3,base.layers.2.mixer,0.928503
2,3,9,vim_tiny,cifar10,1.0,4,base.layers.3.mixer,0.904645
2,3,9,vim_tiny,cifar10,1.0,5,base.layers.4.mixer,0.933805
2,3,9,vim_tiny,cifar10,1.0,6,base.layers.5.mixer,0.886135
2,3,9,vim_tiny,cifar10,1.0,7,base.layers.6.mixer,0.883288
2,3,9,vim_tiny,cifar10,1.0,8,base.layers.7.mixer,0.701038
2,3,9,vim_tiny,cifar10,1.0,9,base.layers.8.mixer,0.956591
2,3,9,vim_tiny,cifar10,1.0,10,base.layers.9.mixer,0.757823
2,3,9,vim_tiny,cifar10,1.0,11,base.layers.10.mixer,0.940275
2,3,9,vim_tiny,cifar10,1.0,12,base.layers.11.mixer,0.958146
2,3,9,vim_tiny,cifar10,1.0,13,classifier,0.753772
2,4,5,vim_tiny,cifar10,1.0,0,base.patch_embed,0.990546
2,4,5,vim_tiny,cifar10,1.0,1,base.layers.0.mixer,0.954247
2,4,5,vim_tiny,cifar10,1.0,2,base.layers.1.mixer,0.983866
2,4,5,vim_tiny,cifar10,1.0,3,base.layers.2.mixer,0.975036
2,4,5,vim_tiny,cifar10,1.0,4,base.layers.3.mixer,0.920822
2,4,5,vim_tiny,cifar10,1.0,5,base.layers.4.mixer,0.966723
2,4,5,vim_tiny,cifar10,1.0,6,base.layers.5.mixer,0.975345
2,4,5,vim_tiny,cifar10,1.0,7,base.layers.6.mixer,0.949712
2,4,5,vim_tiny,cifar10,1.0,8,base.layers.7.mixer,0.943587
2,4,5,vim_tiny,cifar10,1.0,9,base.layers.8.mixer,0.992482
2,4,5,vim_tiny,cifar10,1.0,10,base.layers.9.mixer,0.934672
2,4,5,vim_tiny,cifar10,1.0,11,base.layers.10.mixer,0.990166
2,4,5,vim_tiny,cifar10,1.0,12,base.layers.11.mixer,0.974758
2,4,5,vim_tiny,cifar10,1.0,13,classifier,0.756650
2,4,6,vim_tiny,cifar10,1.0,0,base.patch_embed,0.977139
2,4,6,vim_tiny,cifar10,1.0,1,base.layers.0.mixer,0.971417
2,4,6,vim_tiny,cifar10,1.0,2,base.layers.1.mixer,0.970390
2,4,6,vim_tiny,cifar10,1.0,3,base.layers.2.mixer,0.971559
2,4,6,vim_tiny,cifar10,1.0,4,base.layers.3.mixer,0.946986
2,4,6,vim_tiny,cifar10,1.0,5,base.layers.4.mixer,0.983580
2,4,6,vim_tiny,cifar10,1.0,6,base.layers.5.mixer,0.974518
2,4,6,vim_tiny,cifar10,1.0,7,base.layers.6.mixer,0.933823
2,4,6,vim_tiny,cifar10,1.0,8,base.layers.7.mixer,0.977445
2,4,6,vim_tiny,cifar10,1.0,9,base.layers.8.mixer,0.983952
2,4,6,vim_tiny,cifar10,1.0,10,base.layers.9.mixer,0.963079
2,4,6,vim_tiny,cifar10,1.0,11,base.layers.10.mixer,0.992904
2,4,6,vim_tiny,cifar10,1.0,12,base.layers.11.mixer,0.978921
2,4,6,vim_tiny,cifar10,1.0,13,classifier,0.813099
2,4,7,vim_tiny,cifar10,1.0,0,base.patch_embed,0.987706
2,4,7,vim_tiny,cifar10,1.0,1,base.layers.0.mixer,0.963953
2,4,7,vim_tiny,cifar10,1.0,2,base.layers.1.mixer,0.955830
2,4,7,vim_tiny,cifar10,1.0,3,base.layers.2.mixer,0.976773
2,4,7,vim_tiny,cifar10,1.0,4,base.layers.3.mixer,0.922627
2,4,7,vim_tiny,cifar10,1.0,5,base.layers.4.mixer,0.969447
2,4,7,vim_tiny,cifar10,1.0,6,base.layers.5.mixer,0.986047
2,4,7,vim_tiny,cifar10,1.0,7,base.layers.6.mixer,0.975435
2,4,7,vim_tiny,cifar10,1.0,8,base.layers.7.mixer,0.930566
2,4,7,vim_tiny,cifar10,1.0,9,base.layers.8.mixer,0.980105
2,4,7,vim_tiny,cifar10,1.0,10,base.layers.9.mixer,0.965810
2,4,7,vim_tiny,cifar10,1.0,11,base.layers.10.mixer,0.988406
2,4,7,vim_tiny,cifar10,1.0,12,base.layers.11.mixer,0.979972
2,4,7,vim_tiny,cifar10,1.0,13,classifier,0.836318
2,4,8,vim_tiny,cifar10,1.0,0,base.patch_embed,0.971728
2,4,8,vim_tiny,cifar10,1.0,1,base.layers.0.mixer,0.932888
2,4,8,vim_tiny,cifar10,1.0,2,base.layers.1.mixer,0.933990
2,4,8,vim_tiny,cifar10,1.0,3,base.layers.2.mixer,0.979437
2,4,8,vim_tiny,cifar10,1.0,4,base.layers.3.mixer,0.884230
2,4,8,vim_tiny,cifar10,1.0,5,base.layers.4.mixer,0.939960
2,4,8,vim_tiny,cifar10,1.0,6,base.layers.5.mixer,0.938579
2,4,8,vim_tiny,cifar10,1.0,7,base.layers.6.mixer,0.979655
2,4,8,vim_tiny,cifar10,1.0,8,base.layers.7.mixer,0.932387
2,4,8,vim_tiny,cifar10,1.0,9,base.layers.8.mixer,0.935183
2,4,8,vim_tiny,cifar10,1.0,10,base.layers.9.mixer,0.915273
2,4,8,vim_tiny,cifar10,1.0,11,base.layers.10.mixer,0.969280
2,4,8,vim_tiny,cifar10,1.0,12,base.layers.11.mixer,0.970569
2,4,8,vim_tiny,cifar10,1.0,13,classifier,0.873827
2,4,9,vim_tiny,cifar10,1.0,0,base.patch_embed,0.962046
2,4,9,vim_tiny,cifar10,1.0,1,base.layers.0.mixer,0.888485
2,4,9,vim_tiny,cifar10,1.0,2,base.layers.1.mixer,0.953144
2,4,9,vim_tiny,cifar10,1.0,3,base.layers.2.mixer,0.926068
2,4,9,vim_tiny,cifar10,1.0,4,base.layers.3.mixer,0.880350
2,4,9,vim_tiny,cifar10,1.0,5,base.layers.4.mixer,0.965312
2,4,9,vim_tiny,cifar10,1.0,6,base.layers.5.mixer,0.964030
2,4,9,vim_tiny,cifar10,1.0,7,base.layers.6.mixer,0.950266
2,4,9,vim_tiny,cifar10,1.0,8,base.layers.7.mixer,0.878523
2,4,9,vim_tiny,cifar10,1.0,9,base.layers.8.mixer,0.975942
2,4,9,vim_tiny,cifar10,1.0,10,base.layers.9.mixer,0.924456
2,4,9,vim_tiny,cifar10,1.0,11,base.layers.10.mixer,0.965458
2,4,9,vim_tiny,cifar10,1.0,12,base.layers.11.mixer,0.965016
2,4,9,vim_tiny,cifar10,1.0,13,classifier,0.803086
2,5,6,vim_tiny,cifar10,1.0,0,base.patch_embed,0.981408
2,5,6,vim_tiny,cifar10,1.0,1,base.layers.0.mixer,0.981491
2,5,6,vim_tiny,cifar10,1.0,2,base.layers.1.mixer,0.987313
2,5,6,vim_tiny,cifar10,1.0,3,base.layers.2.mixer,0.978672
2,5,6,vim_tiny,cifar10,1.0,4,base.layers.3.mixer,0.953802
2,5,6,vim_tiny,cifar10,1.0,5,base.layers.4.mixer,0.959825
2,5,6,vim_tiny,cifar10,1.0,6,base.layers.5.mixer,0.959692
2,5,6,vim_tiny,cifar10,1.0,7,base.layers.6.mixer,0.985217
2,5,6,vim_tiny,cifar10,1.0,8,base.layers.7.mixer,0.976692
2,5,6,vim_tiny,cifar10,1.0,9,base.layers.8.mixer,0.987551
2,5,6,vim_tiny,cifar10,1.0,10,base.layers.9.mixer,0.973083
2,5,6,vim_tiny,cifar10,1.0,11,base.layers.10.mixer,0.992766
2,5,6,vim_tiny,cifar10,1.0,12,base.layers.11.mixer,0.968924
2,5,6,vim_tiny,cifar10,1.0,13,classifier,0.864052
2,5,7,vim_tiny,cifar10,1.0,0,base.patch_embed,0.991119
2,5,7,vim_tiny,cifar10,1.0,1,base.layers.0.mixer,0.973436
2,5,7,vim_tiny,cifar10,1.0,2,base.layers.1.mixer,0.961050
2,5,7,vim_tiny,cifar10,1.0,3,base.layers.2.mixer,0.987111
2,5,7,vim_tiny,cifar10,1.0,4,base.layers.3.mixer,0.945150
2,5,7,vim_tiny,cifar10,1.0,5,base.layers.4.mixer,0.959194
2,5,7,vim_tiny,cifar10,1.0,6,base.layers.5.mixer,0.981905
2,5,7,vim_tiny,cifar10,1.0,7,base.layers.6.mixer,0.956900
2,5,7,vim_tiny,cifar10,1.0,8,base.layers.7.mixer,0.968580
2,5,7,vim_tiny,cifar10,1.0,9,base.layers.8.mixer,0.984539
2,5,7,vim_tiny,cifar10,1.0,10,base.layers.9.mixer,0.957839
2,5,7,vim_tiny,cifar10,1.0,11,base.layers.10.mixer,0.987826
2,5,7,vim_tiny,cifar10,1.0,12,base.layers.11.mixer,0.962813
2,5,7,vim_tiny,cifar10,1.0,13,classifier,0.844514
2,5,8,vim_tiny,cifar10,1.0,0,base.patch_embed,0.934758
2,5,8,vim_tiny,cifar10,1.0,1,base.layers.0.mixer,0.914100
2,5,8,vim_tiny,cifar10,1.0,2,base.layers.1.mixer,0.949977
2,5,8,vim_tiny,cifar10,1.0,3,base.layers.2.mixer,0.958970
2,5,8,vim_tiny,cifar10,1.0,4,base.layers.3.mixer,0.943746
2,5,8,vim_tiny,cifar10,1.0,5,base.layers.4.mixer,0.955477
2,5,8,vim_tiny,cifar10,1.0,6,base.layers.5.mixer,0.943350
2,5,8,vim_tiny,cifar10,1.0,7,base.layers.6.mixer,0.920263
2,5,8,vim_tiny,cifar10,1.0,8,base.layers.7.mixer,0.871928
2,5,8,vim_tiny,cifar10,1.0,9,base.layers.8.mixer,0.932497
2,5,8,vim_tiny,cifar10,1.0,10,base.layers.9.mixer,0.930724
2,5,8,vim_tiny,cifar10,1.0,11,base.layers.10.mixer,0.964312
2,5,8,vim_tiny,cifar10,1.0,12,base.layers.11.mixer,0.968332
2,5,8,vim_tiny,cifar10,1.0,13,classifier,0.861622
2,5,9,vim_tiny,cifar10,1.0,0,base.patch_embed,0.982493
2,5,9,vim_tiny,cifar10,1.0,1,base.layers.0.mixer,0.940567
2,5,9,vim_tiny,cifar10,1.0,2,base.layers.1.mixer,0.954620
2,5,9,vim_tiny,cifar10,1.0,3,base.layers.2.mixer,0.925208
2,5,9,vim_tiny,cifar10,1.0,4,base.layers.3.mixer,0.895785
2,5,9,vim_tiny,cifar10,1.0,5,base.layers.4.mixer,0.952708
2,5,9,vim_tiny,cifar10,1.0,6,base.layers.5.mixer,0.981884
2,5,9,vim_tiny,cifar10,1.0,7,base.layers.6.mixer,0.973906
2,5,9,vim_tiny,cifar10,1.0,8,base.layers.7.mixer,0.958746
2,5,9,vim_tiny,cifar10,1.0,9,base.layers.8.mixer,0.973223
2,5,9,vim_tiny,cifar10,1.0,10,base.layers.9.mixer,0.970020
2,5,9,vim_tiny,cifar10,1.0,11,base.layers.10.mixer,0.970691
2,5,9,vim_tiny,cifar10,1.0,12,base.layers.11.mixer,0.960214
2,5,9,vim_tiny,cifar10,1.0,13,classifier,0.796848
2,6,7,vim_tiny,cifar10,1.0,0,base.patch_embed,0.988176
2,6,7,vim_tiny,cifar10,1.0,1,base.layers.0.mixer,0.980370
2,6,7,vim_tiny,cifar10,1.0,2,base.layers.1.mixer,0.949724
2,6,7,vim_tiny,cifar10,1.0,3,base.layers.2.mixer,0.977916
2,6,7,vim_tiny,cifar10,1.0,4,base.layers.3.mixer,0.941279
2,6,7,vim_tiny,cifar10,1.0,5,base.layers.4.mixer,0.965099
2,6,7,vim_tiny,cifar10,1.0,6,base.layers.5.mixer,0.959590
2,6,7,vim_tiny,cifar10,1.0,7,base.layers.6.mixer,0.950423
2,6,7,vim_tiny,cifar10,1.0,8,base.layers.7.mixer,0.972045
2,6,7,vim_tiny,cifar10,1.0,9,base.layers.8.mixer,0.967861
2,6,7,vim_tiny,cifar10,1.0,10,base.layers.9.mixer,0.968290
2,6,7,vim_tiny,cifar10,1.0,11,base.layers.10.mixer,0.988704
2,6,7,vim_tiny,cifar10,1.0,12,base.layers.11.mixer,0.971914
2,6,7,vim_tiny,cifar10,1.0,13,classifier,0.871571
2,6,8,vim_tiny,cifar10,1.0,0,base.patch_embed,0.913061
2,6,8,vim_tiny,cifar10,1.0,1,base.layers.0.mixer,0.910512
2,6,8,vim_tiny,cifar10,1.0,2,base.layers.1.mixer,0.940818
2,6,8,vim_tiny,cifar10,1.0,3,base.layers.2.mixer,0.965227
2,6,8,vim_tiny,cifar10,1.0,4,base.layers.3.mixer,0.887239
2,6,8,vim_tiny,cifar10,1.0,5,base.layers.4.mixer,0.928607
2,6,8,vim_tiny,cifar10,1.0,6,base.layers.5.mixer,0.907676
2,6,8,vim_tiny,cifar10,1.0,7,base.layers.6.mixer,0.907236
2,6,8,vim_tiny,cifar10,1.0,8,base.layers.7.mixer,0.931899
2,6,8,vim_tiny,cifar10,1.0,9,base.layers.8.mixer,0.920918
2,6,8,vim_tiny,cifar10,1.0,10,base.layers.9.mixer,0.907717
2,6,8,vim_tiny,cifar10,1.0,11,base.layers.10.mixer,0.967803
2,6,8,vim_tiny,cifar10,1.0,12,base.layers.11.mixer,0.959255
2,6,8,vim_tiny,cifar10,1.0,13,classifier,0.907930
2,6,9,vim_tiny,cifar10,1.0,0,base.patch_embed,0.937039
2,6,9,vim_tiny,cifar10,1.0,1,base.layers.0.mixer,0.932218
2,6,9,vim_tiny,cifar10,1.0,2,base.layers.1.mixer,0.934229
2,6,9,vim_tiny,cifar10,1.0,3,base.layers.2.mixer,0.882397
2,6,9,vim_tiny,cifar10,1.0,4,base.layers.3.mixer,0.919697
2,6,9,vim_tiny,cifar10,1.0,5,base.layers.4.mixer,0.933320
2,6,9,vim_tiny,cifar10,1.0,6,base.layers.5.mixer,0.928695
2,6,9,vim_tiny,cifar10,1.0,7,base.layers.6.mixer,0.958997
2,6,9,vim_tiny,cifar10,1.0,8,base.layers.7.mixer,0.922010
2,6,9,vim_tiny,cifar10,1.0,9,base.layers.8.mixer,0.958799
2,6,9,vim_tiny,cifar10,1.0,10,base.layers.9.mixer,0.937876
2,6,9,vim_tiny,cifar10,1.0,11,base.layers.10.mixer,0.968396
2,6,9,vim_tiny,cifar10,1.0,12,base.layers.11.mixer,0.939330
2,6,9,vim_tiny,cifar10,1.0,13,classifier,0.815122
2,7,8,vim_tiny,cifar10,1.0,0,base.patch_embed,0.927855
2,7,8,vim_tiny,cifar10,1.0,1,base.layers.0.mixer,0.927158
2,7,8,vim_tiny,cifar10,1.0,2,base.layers.1.mixer,0.942273
2,7,8,vim_tiny,cifar10,1.0,3,base.layers.2.mixer,0.954310
2,7,8,vim_tiny,cifar10,1.0,4,base.layers.3.mixer,0.954238
2,7,8,vim_tiny,cifar10,1.0,5,base.layers.4.mixer,0.945718
2,7,8,vim_tiny,cifar10,1.0,6,base.layers.5.mixer,0.953340
2,7,8,vim_tiny,cifar10,1.0,7,base.layers.6.mixer,0.965003
2,7,8,vim_tiny,cifar10,1.0,8,base.layers.7.mixer,0.874085
2,7,8,vim_tiny,cifar10,1.0,9,base.layers.8.mixer,0.941539
2,7,8,vim_tiny,cifar10,1.0,10,base.layers.9.mixer,0.953250
2,7,8,vim_tiny,cifar10,1.0,11,base.layers.10.mixer,0.956543
2,7,8,vim_tiny,cifar10,1.0,12,base.layers.11.mixer,0.956801
2,7,8,vim_tiny,cifar10,1.0,13,classifier,0.871196
2,7,9,vim_tiny,cifar10,1.0,0,base.patch_embed,0.967961
2,7,9,vim_tiny,cifar10,1.0,1,base.layers.0.mixer,0.962668
2,7,9,vim_tiny,cifar10,1.0,2,base.layers.1.mixer,0.920275
2,7,9,vim_tiny,cifar10,1.0,3,base.layers.2.mixer,0.936191
2,7,9,vim_tiny,cifar10,1.0,4,base.layers.3.mixer,0.884436
2,7,9,vim_tiny,cifar10,1.0,5,base.layers.4.mixer,0.938331
2,7,9,vim_tiny,cifar10,1.0,6,base.layers.5.mixer,0.974037
2,7,9,vim_tiny,cifar10,1.0,7,base.layers.6.mixer,0.938708
2,7,9,vim_tiny,cifar10,1.0,8,base.layers.7.mixer,0.947576
2,7,9,vim_tiny,cifar10,1.0,9,base.layers.8.mixer,0.956313
2,7,9,vim_tiny,cifar10,1.0,10,base.layers.9.mixer,0.965886
2,7,9,vim_tiny,cifar10,1.0,11,base.layers.10.mixer,0.977859
2,7,9,vim_tiny,cifar10,1.0,12,base.layers.11.mixer,0.979233
2,7,9,vim_tiny,cifar10,1.0,13,classifier,0.791077
2,8,9,vim_tiny,cifar10,1.0,0,base.patch_embed,0.895525
2,8,9,vim_tiny,cifar10,1.0,1,base.layers.0.mixer,0.874626
2,8,9,vim_tiny,cifar10,1.0,2,base.layers.1.mixer,0.912095
2,8,9,vim_tiny,cifar10,1.0,3,base.layers.2.mixer,0.863970
2,8,9,vim_tiny,cifar10,1.0,4,base.layers.3.mixer,0.850126
2,8,9,vim_tiny,cifar10,1.0,5,base.layers.4.mixer,0.907878
2,8,9,vim_tiny,cifar10,1.0,6,base.layers.5.mixer,0.915079
2,8,9,vim_tiny,cifar10,1.0,7,base.layers.6.mixer,0.913734
2,8,9,vim_tiny,cifar10,1.0,8,base.layers.7.mixer,0.764455
2,8,9,vim_tiny,cifar10,1.0,9,base.layers.8.mixer,0.862857
2,8,9,vim_tiny,cifar10,1.0,10,base.layers.9.mixer,0.961073
2,8,9,vim_tiny,cifar10,1.0,11,base.layers.10.mixer,0.937485
2,8,9,vim_tiny,cifar10,1.0,12,base.layers.11.mixer,0.945440
2,8,9,vim_tiny,cifar10,1.0,13,classifier,0.784569
5,0,1,vim_tiny,cifar10,1.0,0,base.patch_embed,0.965347
5,0,1,vim_tiny,cifar10,1.0,1,base.layers.0.mixer,0.902310
5,0,1,vim_tiny,cifar10,1.0,2,base.layers.1.mixer,0.955702
5,0,1,vim_tiny,cifar10,1.0,3,base.layers.2.mixer,0.935153
5,0,1,vim_tiny,cifar10,1.0,4,base.layers.3.mixer,0.958281
5,0,1,vim_tiny,cifar10,1.0,5,base.layers.4.mixer,0.907410
5,0,1,vim_tiny,cifar10,1.0,6,base.layers.5.mixer,0.971011
5,0,1,vim_tiny,cifar10,1.0,7,base.layers.6.mixer,0.927988
5,0,1,vim_tiny,cifar10,1.0,8,base.layers.7.mixer,0.934419
5,0,1,vim_tiny,cifar10,1.0,9,base.layers.8.mixer,0.981246
5,0,1,vim_tiny,cifar10,1.0,10,base.layers.9.mixer,0.914647
5,0,1,vim_tiny,cifar10,1.0,11,base.layers.10.mixer,0.954829
5,0,1,vim_tiny,cifar10,1.0,12,base.layers.11.mixer,0.932108
5,0,1,vim_tiny,cifar10,1.0,13,classifier,0.863394
5,0,2,vim_tiny,cifar10,1.0,0,base.patch_embed,0.911929
5,0,2,vim_tiny,cifar10,1.0,1,base.layers.0.mixer,0.919366
5,0,2,vim_tiny,cifar10,1.0,2,base.layers.1.mixer,0.846090
5,0,2,vim_tiny,cifar10,1.0,3,base.layers.2.mixer,0.951265
5,0,2,vim_tiny,cifar10,1.0,4,base.layers.3.mixer,0.916218
5,0,2,vim_tiny,cifar10,1.0,5,base.layers.4.mixer,0.949452
5,0,2,vim_tiny,cifar10,1.0,6,base.layers.5.mixer,0.961352
5,0,2,vim_tiny,cifar10,1.0,7,base.layers.6.mixer,0.947991
5,0,2,vim_tiny,cifar10,1.0,8,base.layers.7.mixer,0.934091
5,0,2,vim_tiny,cifar10,1.0,9,base.layers.8.mixer,0.951806
5,0,2,vim_tiny,cifar10,1.0,10,base.layers.9.mixer,0.899528
5,0,2,vim_tiny,cifar10,1.0,11,base.layers.10.mixer,0.955530
5,0,2,vim_tiny,cifar10,1.0,12,base.layers.11.mixer,0.952711
5,0,2,vim_tiny,cifar10,1.0,13,classifier,0.871602
5,0,3,vim_tiny,cifar10,1.0,0,base.patch_embed,0.948878
5,0,3,vim_tiny,cifar10,1.0,1,base.layers.0.mixer,0.934606
5,0,3,vim_tiny,cifar10,1.0,2,base.layers.1.mixer,0.959093
5,0,3,vim_tiny,cifar10,1.0,3,base.layers.2.mixer,0.922262
5,0,3,vim_tiny,cifar10,1.0,4,base.layers.3.mixer,0.912938
5,0,3,vim_tiny,cifar10,1.0,5,base.layers.4.mixer,0.876126
5,0,3,vim_tiny,cifar10,1.0,6,base.layers.5.mixer,0.928126
5,0,3,vim_tiny,cifar10,1.0,7,base.layers.6.mixer,0.898650
5,0,3,vim_tiny,cifar10,1.0,8,base.layers.7.mixer,0.789748
5,0,3,vim_tiny,cifar10,1.0,9,base.layers.8.mixer,0.957631
5,0,3,vim_tiny,cifar10,1.0,10,base.layers.9.mixer,0.834948
5,0,3,vim_tiny,cifar10,1.0,11,base.layers.10.mixer,0.970975
5,0,3,vim_tiny,cifar10,1.0,12,base.layers.11.mixer,0.923373
5,0,3,vim_tiny,cifar10,1.0,13,classifier,0.801829
5,0,4,vim_tiny,cifar10,1.0,0,base.patch_embed,0.993519
5,0,4,vim_tiny,cifar10,1.0,1,base.layers.0.mixer,0.976852
5,0,4,vim_tiny,cifar10,1.0,2,base.layers.1.mixer,0.879241
5,0,4,vim_tiny,cifar10,1.0,3,base.layers.2.mixer,0.985242
5,0,4,vim_tiny,cifar10,1.0,4,base.layers.3.mixer,0.840590
5,0,4,vim_tiny,cifar10,1.0,5,base.layers.4.mixer,0.958874
5,0,4,vim_tiny,cifar10,1.0,6,base.layers.5.mixer,0.983106
5,0,4,vim_tiny,cifar10,1.0,7,base.layers.6.mixer,0.966469
5,0,4,vim_tiny,cifar10,1.0,8,base.layers.7.mixer,0.951054
5,0,4,vim_tiny,cifar10,1.0,9,base.layers.8.mixer,0.955958
5,0,4,vim_tiny,cifar10,1.0,10,base.layers.9.mixer,0.916758
5,0,4,vim_tiny,cifar10,1.0,11,base.layers.10.mixer,0.980202
5,0,4,vim_tiny,cifar10,1.0,12,base.layers.11.mixer,0.959825
5,0,4,vim_tiny,cifar10,1.0,13,classifier,0.848584
5,0,5,vim_tiny,cifar10,1.0,0,base.patch_embed,0.979590
5,0,5,vim_tiny,cifar10,1.0,1,base.layers.0.mixer,0.959852
5,0,5,vim_tiny,cifar10,1.0,2,base.layers.1.mixer,0.874072
5,0,5,vim_tiny,cifar10,1.0,3,base.layers.2.mixer,0.933299
5,0,5,vim_tiny,cifar10,1.0,4,base.layers.3.mixer,0.952297
5,0,5,vim_tiny,cifar10,1.0,5,base.layers.4.mixer,0.964723
5,0,5,vim_tiny,cifar10,1.0,6,base.layers.5.mixer,0.924401
5,0,5,vim_tiny,cifar10,1.0,7,base.layers.6.mixer,0.954370
5,0,5,vim_tiny,cifar10,1.0,8,base.layers.7.mixer,0.958107
5,0,5,vim_tiny,cifar10,1.0,9,base.layers.8.mixer,0.968786
5,0,5,vim_tiny,cifar10,1.0,10,base.layers.9.mixer,0.760949
5,0,5,vim_tiny,cifar10,1.0,11,base.layers.10.mixer,0.979894
5,0,5,vim_tiny,cifar10,1.0,12,base.layers.11.mixer,0.977752
5,0,5,vim_tiny,cifar10,1.0,13,classifier,0.842697
5,0,6,vim_tiny,cifar10,1.0,0,base.patch_embed,0.952312
5,0,6,vim_tiny,cifar10,1.0,1,base.layers.0.mixer,0.889882
5,0,6,vim_tiny,cifar10,1.0,2,base.layers.1.mixer,0.934358
5,0,6,vim_tiny,cifar10,1.0,3,base.layers.2.mixer,0.873617
5,0,6,vim_tiny,cifar10,1.0,4,base.layers.3.mixer,0.879007
5,0,6,vim_tiny,cifar10,1.0,5,base.layers.4.mixer,0.816901
5,0,6,vim_tiny,cifar10,1.0,6,base.layers.5.mixer,0.962284
5,0,6,vim_tiny,cifar10,1.0,7,base.layers.6.mixer,0.965173
5,0,6,vim_tiny,cifar10,1.0,8,base.layers.7.mixer,0.830545
5,0,6,vim_tiny,cifar10,1.0,9,base.layers.8.mixer,0.962279
5,0,6,vim_tiny,cifar10,1.0,10,base.layers.9.mixer,0.912399
5,0,6,vim_tiny,cifar10,1.0,11,base.layers.10.mixer,0.931839
5,0,6,vim_tiny,cifar10,1.0,12,base.layers.11.mixer,0.957667
5,0,6,vim_tiny,cifar10,1.0,13,classifier,0.830063
5,0,7,vim_tiny,cifar10,1.0,0,base.patch_embed,0.972942
5,0,7,vim_tiny,cifar10,1.0,1,base.layers.0.mixer,0.919279
5,0,7,vim_tiny,cifar10,1.0,2,base.layers.1.mixer,0.887544
5,0,7,vim_tiny,cifar10,1.0,3,base.layers.2.mixer,0.927163
5,0,7,vim_tiny,cifar10,1.0,4,base.layers.3.mixer,0.940891
5,0,7,vim_tiny,cifar10,1.0,5,base.layers.4.mixer,0.900694
5,0,7,vim_tiny,cifar10,1.0,6,base.layers.5.mixer,0.963112
5,0,7,vim_tiny,cifar10,1.0,7,base.layers.6.mixer,0.917048
5,0,7,vim_tiny,cifar10,1.0,8,base.layers.7.mixer,0.939567
5,0,7,vim_tiny,cifar10,1.0,9,base.layers.8.mixer,0.956838
5,0,7,vim_tiny,cifar10,1.0,10,base.layers.9.mixer,0.930950
5,0,7,vim_tiny,cifar10,1.0,11,base.layers.10.mixer,0.947936
5,0,7,vim_tiny,cifar10,1.0,12,base.layers.11.mixer,0.931142
5,0,7,vim_tiny,cifar10,1.0,13,classifier,0.847852
5,0,8,vim_tiny,cifar10,1.0,0,base.patch_embed,0.971870
5,0,8,vim_tiny,cifar10,1.0,1,base.layers.0.mixer,0.949885
5,0,8,vim_tiny,cifar10,1.0,2,base.layers.1.mixer,0.958840
5,0,8,vim_tiny,cifar10,1.0,3,base.layers.2.mixer,0.949814
5,0,8,vim_tiny,cifar10,1.0,4,base.layers.3.mixer,0.954715
5,0,8,vim_tiny,cifar10,1.0,5,base.layers.4.mixer,0.873536
5,0,8,vim_tiny,cifar10,1.0,6,base.layers.5.mixer,0.939926
5,0,8,vim_tiny,cifar10,1.0,7,base.layers.6.mixer,0.906599
5,0,8,vim_tiny,cifar10,1.0,8,base.layers.7.mixer,0.803220
5,0,8,vim_tiny,cifar10,1.0,9,base.layers.8.mixer,0.958136
5,0,8,vim_tiny,cifar10,1.0,10,base.layers.9.mixer,0.892294
5,0,8,vim_tiny,cifar10,1.0,11,base.layers.10.mixer,0.979411
5,0,8,vim_tiny,cifar10,1.0,12,base.layers.11.mixer,0.941566
5,0,8,vim_tiny,cifar10,1.0,13,classifier,0.873183
5,0,9,vim_tiny,cifar10,1.0,0,base.patch_embed,0.917960
5,0,9,vim_tiny,cifar10,1.0,1,base.layers.0.mixer,0.854338
5,0,9,vim_tiny,cifar10,1.0,2,base.layers.1.mixer,0.867406
5,0,9,vim_tiny,cifar10,1.0,3,base.layers.2.mixer,0.887959
5,0,9,vim_tiny,cifar10,1.0,4,base.layers.3.mixer,0.900824
5,0,9,vim_tiny,cifar10,1.0,5,base.layers.4.mixer,0.919700
5,0,9,vim_tiny,cifar10,1.0,6,base.layers.5.mixer,0.891987
5,0,9,vim_tiny,cifar10,1.0,7,base.layers.6.mixer,0.909876
5,0,9,vim_tiny,cifar10,1.0,8,base.layers.7.mixer,0.758646
5,0,9,vim_tiny,cifar10,1.0,9,base.layers.8.mixer,0.965907
5,0,9,vim_tiny,cifar10,1.0,10,base.layers.9.mixer,0.893090
5,0,9,vim_tiny,cifar10,1.0,11,base.layers.10.mixer,0.919484
5,0,9,vim_tiny,cifar10,1.0,12,base.layers.11.mixer,0.933959
5,0,9,vim_tiny,cifar10,1.0,13,classifier,0.739526
5,1,2,vim_tiny,cifar10,1.0,0,base.patch_embed,0.925613
5,1,2,vim_tiny,cifar10,1.0,1,base.layers.0.mixer,0.935624
5,1,2,vim_tiny,cifar10,1.0,2,base.layers.1.mixer,0.878603
5,1,2,vim_tiny,cifar10,1.0,3,base.layers.2.mixer,0.959054
5,1,2,vim_tiny,cifar10,1.0,4,base.layers.3.mixer,0.934092
5,1,2,vim_tiny,cifar10,1.0,5,base.layers.4.mixer,0.945008
5,1,2,vim_tiny,cifar10,1.0,6,base.layers.5.mixer,0.983298
5,1,2,vim_tiny,cifar10,1.0,7,base.layers.6.mixer,0.929591
5,1,2,vim_tiny,cifar10,1.0,8,base.layers.7.mixer,0.970039
5,1,2,vim_tiny,cifar10,1.0,9,base.layers.8.mixer,0.939470
5,1,2,vim_tiny,cifar10,1.0,10,base.layers.9.mixer,0.919082
5,1,2,vim_tiny,cifar10,1.0,11,base.layers.10.mixer,0.966237
5,1,2,vim_tiny,cifar10,1.0,12,base.layers.11.mixer,0.932882
5,1,2,vim_tiny,cifar10,1.0,13,classifier,0.850550
5,1,3,vim_tiny,cifar10,1.0,0,base.patch_embed,0.952896
5,1,3,vim_tiny,cifar10,1.0,1,base.layers.0.mixer,0.952104
5,1,3,vim_tiny,cifar10,1.0,2,base.layers.1.mixer,0.952986
5,1,3,vim_tiny,cifar10,1.0,3,base.layers.2.mixer,0.942631
5,1,3,vim_tiny,cifar10,1.0,4,base.layers.3.mixer,0.940608
5,1,3,vim_tiny,cifar10,1.0,5,base.layers.4.mixer,0.949109
5,1,3,vim_tiny,cifar10,1.0,6,base.layers.5.mixer,0.919379
5,1,3,vim_tiny,cifar10,1.0,7,base.layers.6.mixer,0.965341
5,1,3,vim_tiny,cifar10,1.0,8,base.layers.7.mixer,0.892040
5,1,3,vim_tiny,cifar10,1.0,9,base.layers.8.mixer,0.963719
5,1,3,vim_tiny,cifar10,1.0,10,base.layers.9.mixer,0.762823
5,1,3,vim_tiny,cifar10,1.0,11,base.layers.10.mixer,0.967445
5,1,3,vim_tiny,cifar10,1.0,12,base.layers.11.mixer,0.888064
5,1,3,vim_tiny,cifar10,1.0,13,classifier,0.843766
5,1,4,vim_tiny,cifar10,1.0,0,base.patch_embed,0.938395
5,1,4,vim_tiny,cifar10,1.0,1,base.layers.0.mixer,0.857775
5,1,4,vim_tiny,cifar10,1.0,2,base.layers.1.mixer,0.912773
5,1,4,vim_tiny,cifar10,1.0,3,base.layers.2.mixer,0.931422
5,1,4,vim_tiny,cifar10,1.0,4,base.layers.3.mixer,0.793475
5,1,4,vim_tiny,cifar10,1.0,5,base.layers.4.mixer,0.859008
5,1,4,vim_tiny,cifar10,1.0,6,base.layers.5.mixer,0.964576
5,1,4,vim_tiny,cifar10,1.0,7,base.layers.6.mixer,0.944500
5,1,4,vim_tiny,cifar10,1.0,8,base.layers.7.mixer,0.915216
5,1,4,vim_tiny,cifar10,1.0,9,base.layers.8.mixer,0.940979
5,1,4,vim_tiny,cifar10,1.0,10,base.layers.9.mixer,0.891382
5,1,4,vim_tiny,cifar10,1.0,11,base.layers.10.mixer,0.939706
5,1,4,vim_tiny,cifar10,1.0,12,base.layers.11.mixer,0.902165
5,1,4,vim_tiny,cifar10,1.0,13,classifier,0.805488
5,1,5,vim_tiny,cifar10,1.0,0,base.patch_embed,0.964515
5,1,5,vim_tiny,cifar10,1.0,1,base.layers.0.mixer,0.908409
5,1,5,vim_tiny,cifar10,1.0,2,base.layers.1.mixer,0.898837
5,1,5,vim_tiny,cifar10,1.0,3,base.layers.2.mixer,0.905582
5,1,5,vim_tiny,cifar10,1.0,4,base.layers.3.mixer,0.924305
5,1,5,vim_tiny,cifar10,1.0,5,base.layers.4.mixer,0.911358
5,1,5,vim_tiny,cifar10,1.0,6,base.layers.5.mixer,0.951957
5,1,5,vim_tiny,cifar10,1.0,7,base.layers.6.mixer,0.931867
5,1,5,vim_tiny,cifar10,1.0,8,base.layers.7.mixer,0.899624
5,1,5,vim_tiny,cifar10,1.0,9,base.layers.8.mixer,0.956373
5,1,5,vim_tiny,cifar10,1.0,10,base.layers.9.mixer,0.751598
5,1,5,vim_tiny,cifar10,1.0,11,base.layers.10.mixer,0.968987
5,1,5,vim_tiny,cifar10,1.0,12,base.layers.11.mixer,0.951458
5,1,5,vim_tiny,cifar10,1.0,13,classifier,0.816965
5,1,6,vim_tiny,cifar10,1.0,0,base.patch_embed,0.981140
5,1,6,vim_tiny,cifar10,1.0,1,base.layers.0.mixer,0.960991
5,1,6,vim_tiny,cifar10,1.0,2,base.layers.1.mixer,0.942087
5,1,6,vim_tiny,cifar10,1.0,3,base.layers.2.mixer,0.898858
5,1,6,vim_tiny,cifar10,1.0,4,base.layers.3.mixer,0.814064
5,1,6,vim_tiny,cifar10,1.0,5,base.layers.4.mixer,0.947499
5,1,6,vim_tiny,cifar10,1.0,6,base.layers.5.mixer,0.978264
5,1,6,vim_tiny,cifar10,1.0,7,base.layers.6.mixer,0.936382
5,1,6,vim_tiny,cifar10,1.0,8,base.layers.7.mixer,0.937373
5,1,6,vim_tiny,cifar10,1.0,9,base.layers.8.mixer,0.960138
5,1,6,vim_tiny,cifar10,1.0,10,base.layers.9.mixer,0.893929
5,1,6,vim_tiny,cifar10,1.0,11,base.layers.10.mixer,0.957070
5,1,6,vim_tiny,cifar10,1.0,12,base.layers.11.mixer,0.959284
5,1,6,vim_tiny,cifar10,1.0,13,classifier,0.780223
5,1,7,vim_tiny,cifar10,1.0,0,base.patch_embed,0.943570
5,1,7,vim_tiny,cifar10,1.0,1,base.layers.0.mixer,0.931396
5,1,7,vim_tiny,cifar10,1.0,2,base.layers.1.mixer,0.896574
5,1,7,vim_tiny,cifar10,1.0,3,base.layers.2.mixer,0.895758
5,1,7,vim_tiny,cifar10,1.0,4,base.layers.3.mixer,0.927996
5,1,7,vim_tiny,cifar10,1.0,5,base.layers.4.mixer,0.947205
5,1,7,vim_tiny,cifar10,1.0,6,base.layers.5.mixer,0.961249
5,1,7,vim_tiny,cifar10,1.0,7,base.layers.6.mixer,0.933159
5,1,7,vim_tiny,cifar10,1.0,8,base.layers.7.mixer,0.915655
5,1,7,vim_tiny,cifar10,1.0,9,base.layers.8.mixer,0.963507
5,1,7,vim_tiny,cifar10,1.0,10,base.layers.9.mixer,0.958538
5,1,7,vim_tiny,cifar10,1.0,11,base.layers.10.mixer,0.906100
5,1,7,vim_tiny,cifar10,1.0,12,base.layers.11.mixer,0.955610
5,1,7,vim_tiny,cifar10,1.0,13,classifier,0.821062
5,1,8,vim_tiny,cifar10,1.0,0,base.patch_embed,0.954682
5,1,8,vim_tiny,cifar10,1.0,1,base.layers.0.mixer,0.948218
5,1,8,vim_tiny,cifar10,1.0,2,base.layers.1.mixer,0.956591
5,1,8,vim_tiny,cifar10,1.0,3,base.layers.2.mixer,0.940938
5,1,8,vim_tiny,cifar10,1.0,4,base.layers.3.mixer,0.929615
5,1,8,vim_tiny,cifar10,1.0,5,base.layers.4.mixer,0.957025
5,1,8,vim_tiny,cifar10,1.0,6,base.layers.5.mixer,0.967472
5,1,8,vim_tiny,cifar10,1.0,7,base.layers.6.mixer,0.940714
5,1,8,vim_tiny,cifar10,1.0,8,base.layers.7.mixer,0.756895
5,1,8,vim_tiny,cifar10,1.0,9,base.layers.8.mixer,0.955283
5,1,8,vim_tiny,cifar10,1.0,10,base.layers.9.mixer,0.870069
5,1,8,vim_tiny,cifar10,1.0,11,base.layers.10.mixer,0.934190
5,1,8,vim_tiny,cifar10,1.0,12,base.layers.11.mixer,0.895895
5,1,8,vim_tiny,cifar10,1.0,13,classifier,0.869109
5,1,9,vim_tiny,cifar10,1.0,0,base.patch_embed,0.978858
5,1,9,vim_tiny,cifar10,1.0,1,base.layers.0.mixer,0.970616
5,1,9,vim_tiny,cifar10,1.0,2,base.layers.1.mixer,0.896805
5,1,9,vim_tiny,cifar10,1.0,3,base.layers.2.mixer,0.932254
5,1,9,vim_tiny,cifar10,1.0,4,base.layers.3.mixer,0.965481
5,1,9,vim_tiny,cifar10,1.0,5,base.layers.4.mixer,0.915970
5,1,9,vim_tiny,cifar10,1.0,6,base.layers.5.mixer,0.924214
5,1,9,vim_tiny,cifar10,1.0,7,base.layers.6.mixer,0.952103
5,1,9,vim_tiny,cifar10,1.0,8,base.layers.7.mixer,0.875576
5,1,9,vim_tiny,cifar10,1.0,9,base.layers.8.mixer,0.979226
5,1,9,vim_tiny,cifar10,1.0,10,base.layers.9.mixer,0.906154
5,1,9,vim_tiny,cifar10,1.0,11,base.layers.10.mixer,0.983881
5,1,9,vim_tiny,cifar10,1.0,12,base.layers.11.mixer,0.985936
5,1,9,vim_tiny,cifar10,1.0,13,classifier,0.709436
5,2,3,vim_tiny,cifar10,1.0,0,base.patch_embed,0.787401
5,2,3,vim_tiny,cifar10,1.0,1,base.layers.0.mixer,0.886634
5,2,3,vim_tiny,cifar10,1.0,2,base.layers.1.mixer,0.841802
5,2,3,vim_tiny,cifar10,1.0,3,base.layers.2.mixer,0.871730
5,2,3,vim_tiny,cifar10,1.0,4,base.layers.3.mixer,0.823386
5,2,3,vim_tiny,cifar10,1.0,5,base.layers.4.mixer,0.885230
5,2,3,vim_tiny,cifar10,1.0,6,base.layers.5.mixer,0.907483
5,2,3,vim_tiny,cifar10,1.0,7,base.layers.6.mixer,0.904923
5,2,3,vim_tiny,cifar10,1.0,8,base.layers.7.mixer,0.860827
5,2,3,vim_tiny,cifar10,1.0,9,base.layers.8.mixer,0.900117
5,2,3,vim_tiny,cifar10,1.0,10,base.layers.9.mixer,0.688458
5,2,3,vim_tiny,cifar10,1.0,11,base.layers.10.mixer,0.936260
5,2,3,vim_tiny,cifar10,1.0,12,base.layers.11.mixer,0.862422
5,2,3,vim_tiny,cifar10,1.0,13,classifier,0.774946
5,2,4,vim_tiny,cifar10,1.0,0,base.patch_embed,0.904412
5,2,4,vim_tiny,cifar10,1.0,1,base.layers.0.mixer,0.925806
5,2,4,vim_tiny,cifar10,1.0,2,base.layers.1.mixer,0.967682
5,2,4,vim_tiny,cifar10,1.0,3,base.layers.2.mixer,0.949116
5,2,4,vim_tiny,cifar10,1.0,4,base.layers.3.mixer,0.807722
5,2,4,vim_tiny,cifar10,1.0,5,base.layers.4.mixer,0.940745
5,2,4,vim_tiny,cifar10,1.0,6,base.layers.5.mixer,0.954556
5,2,4,vim_tiny,cifar10,1.0,7,base.layers.6.mixer,0.950961
5,2,4,vim_tiny,cifar10,1.0,8,base.layers.7.mixer,0.938810
5,2,4,vim_tiny,cifar10,1.0,9,base.layers.8.mixer,0.947177
5,2,4,vim_tiny,cifar10,1.0,10,base.layers.9.mixer,0.947966
5,2,4,vim_tiny,cifar10,1.0,11,base.layers.10.mixer,0.958804
5,2,4,vim_tiny,cifar10,1.0,12,base.layers.11.mixer,0.935104
5,2,4,vim_tiny,cifar10,1.0,13,classifier,0.779917
5,2,5,vim_tiny,cifar10,1.0,0,base.patch_embed,0.972750
5,2,5,vim_tiny,cifar10,1.0,1,base.layers.0.mixer,0.968778
5,2,5,vim_tiny,cifar10,1.0,2,base.layers.1.mixer,0.826909
5,2,5,vim_tiny,cifar10,1.0,3,base.layers.2.mixer,0.929910
5,2,5,vim_tiny,cifar10,1.0,4,base.layers.3.mixer,0.918687
5,2,5,vim_tiny,cifar10,1.0,5,base.layers.4.mixer,0.948575
5,2,5,vim_tiny,cifar10,1.0,6,base.layers.5.mixer,0.960211
5,2,5,vim_tiny,cifar10,1.0,7,base.layers.6.mixer,0.973814
5,2,5,vim_tiny,cifar10,1.0,8,base.layers.7.mixer,0.921442
5,2,5,vim_tiny,cifar10,1.0,9,base.layers.8.mixer,0.970104
5,2,5,vim_tiny,cifar10,1.0,10,base.layers.9.mixer,0.897755
5,2,5,vim_tiny,cifar10,1.0,11,base.layers.10.mixer,0.976850
5,2,5,vim_tiny,cifar10,1.0,12,base.layers.11.mixer,0.969050
5,2,5,vim_tiny,cifar10,1.0,13,classifier,0.795767
5,2,6,vim_tiny,cifar10,1.0,0,base.patch_embed,0.974081
5,2,6,vim_tiny,cifar10,1.0,1,base.layers.0.mixer,0.948658
5,2,6,vim_tiny,cifar10,1.0,2,base.layers.1.mixer,0.920950
5,2,6,vim_tiny,cifar10,1.0,3,base.layers.2.mixer,0.926218
5,2,6,vim_tiny,cifar10,1.0,4,base.layers.3.mixer,0.859330
5,2,6,vim_tiny,cifar10,1.0,5,base.layers.4.mixer,0.914922
5,2,6,vim_tiny,cifar10,1.0,6,base.layers.5.mixer,0.985511
5,2,6,vim_tiny,cifar10,1.0,7,base.layers.6.mixer,0.968269
5,2,6,vim_tiny,cifar10,1.0,8,base.layers.7.mixer,0.941866
5,2,6,vim_tiny,cifar10,1.0,9,base.layers.8.mixer,0.958697
5,2,6,vim_tiny,cifar10,1.0,10,base.layers.9.mixer,0.951218
5,2,6,vim_tiny,cifar10,1.0,11,base.layers.10.mixer,0.956937
5,2,6,vim_tiny,cifar10,1.0,12,base.layers.11.mixer,0.952195
5,2,6,vim_tiny,cifar10,1.0,13,classifier,0.804356
5,2,7,vim_tiny,cifar10,1.0,0,base.patch_embed,0.903691
5,2,7,vim_tiny,cifar10,1.0,1,base.layers.0.mixer,0.952509
5,2,7,vim_tiny,cifar10,1.0,2,base.layers.1.mixer,0.789272
5,2,7,vim_tiny,cifar10,1.0,3,base.layers.2.mixer,0.898161
5,2,7,vim_tiny,cifar10,1.0,4,base.layers.3.mixer,0.918358
5,2,7,vim_tiny,cifar10,1.0,5,base.layers.4.mixer,0.935857
5,2,7,vim_tiny,cifar10,1.0,6,base.layers.5.mixer,0.948058
5,2,7,vim_tiny,cifar10,1.0,7,base.layers.6.mixer,0.908436
5,2,7,vim_tiny,cifar10,1.0,8,base.layers.7.mixer,0.912994
5,2,7,vim_tiny,cifar10,1.0,9,base.layers.8.mixer,0.932140
5,2,7,vim_tiny,cifar10,1.0,10,base.layers.9.mixer,0.927013
5,2,7,vim_tiny,cifar10,1.0,11,base.layers.10.mixer,0.955658
5,2,7,vim_tiny,cifar10,1.0,12,base.layers.11.mixer,0.954588
5,2,7,vim_tiny,cifar10,1.0,13,classifier,0.789367
5,2,8,vim_tiny,cifar10,1.0,0,base.patch_embed,0.848062
5,2,8,vim_tiny,cifar10,1.0,1,base.layers.0.mixer,0.924883
5,2,8,vim_tiny,cifar10,1.0,2,base.layers.1.mixer,0.865433
5,2,8,vim_tiny,cifar10,1.0,3,base.layers.2.mixer,0.920372
5,2,8,vim_tiny,cifar10,1.0,4,base.layers.3.mixer,0.881397
5,2,8,vim_tiny,cifar10,1.0,5,base.layers.4.mixer,0.911659
5,2,8,vim_tiny,cifar10,1.0,6,base.layers.5.mixer,0.953462
5,2,8,vim_tiny,cifar10,1.0,7,base.layers.6.mixer,0.923705
5,2,8,vim_tiny,cifar10,1.0,8,base.layers.7.mixer,0.792613
5,2,8,vim_tiny,cifar10,1.0,9,base.layers.8.mixer,0.909384
5,2,8,vim_tiny,cifar10,1.0,10,base.layers.9.mixer,0.919232
5,2,8,vim_tiny,cifar10,1.0,11,base.layers.10.mixer,0.931867
5,2,8,vim_tiny,cifar10,1.0,12,base.layers.11.mixer,0.930105
5,2,8,vim_tiny,cifar10,1.0,13,classifier,0.816496
5,2,9,vim_tiny,cifar10,1.0,0,base.patch_embed,0.924880
5,2,9,vim_tiny,cifar10,1.0,1,base.layers.0.mixer,0.913738
5,2,9,vim_tiny,cifar10,1.0,2,base.layers.1.mixer,0.957775
5,2,9,vim_tiny,cifar10,1.0,3,base.layers.2.mixer,0.940432
5,2,9,vim_tiny,cifar10,1.0,4,base.layers.3.mixer,0.910564
5,2,9,vim_tiny,cifar10,1.0,5,base.layers.4.mixer,0.915255
5,2,9,vim_tiny,cifar10,1.0,6,base.layers.5.mixer,0.939759
5,2,9,vim_tiny,cifar10,1.0,7,base.layers.6.mixer,0.947417
5,2,9,vim_tiny,cifar10,1.0,8,base.layers.7.mixer,0.884739
5,2,9,vim_tiny,cifar10,1.0,9,base.layers.8.mixer,0.937890
5,2,9,vim_tiny,cifar10,1.0,10,base.layers.9.mixer,0.950178
5,2,9,vim_tiny,cifar10,1.0,11,base.layers.10.mixer,0.940472
5,2,9,vim_tiny,cifar10,1.0,12,base.layers.11.mixer,0.931445
5,2,9,vim_tiny,cifar10,1.0,13,classifier,0.759651
5,3,4,vim_tiny,cifar10,1.0,0,base.patch_embed,0.923673
5,3,4,vim_tiny,cifar10,1.0,1,base.layers.0.mixer,0.879574
5,3,4,vim_tiny,cifar10,1.0,2,base.layers.1.mixer,0.887271
5,3,4,vim_tiny,cifar10,1.0,3,base.layers.2.mixer,0.918904
5,3,4,vim_tiny,cifar10,1.0,4,base.layers.3.mixer,0.697458
5,3,4,vim_tiny,cifar10,1.0,5,base.layers.4.mixer,0.832528
5,3,4,vim_tiny,cifar10,1.0,6,base.layers.5.mixer,0.912293
5,3,4,vim_tiny,cifar10,1.0,7,base.layers.6.mixer,0.932030
5,3,4,vim_tiny,cifar10,1.0,8,base.layers.7.mixer,0.807113
5,3,4,vim_tiny,cifar10,1.0,9,base.layers.8.mixer,0.938253
5,3,4,vim_tiny,cifar10,1.0,10,base.layers.9.mixer,0.721533
5,3,4,vim_tiny,cifar10,1.0,11,base.layers.10.mixer,0.961997
5,3,4,vim_tiny,cifar10,1.0,12,base.layers.11.mixer,0.932964
5,3,4,vim_tiny,cifar10,1.0,13,classifier,0.720906
5,3,5,vim_tiny,cifar10,1.0,0,base.patch_embed,0.889278
5,3,5,vim_tiny,cifar10,1.0,1,base.layers.0.mixer,0.897163
5,3,5,vim_tiny,cifar10,1.0,2,base.layers.1.mixer,0.835278
5,3,5,vim_tiny,cifar10,1.0,3,base.layers.2.mixer,0.869863
5,3,5,vim_tiny,cifar10,1.0,4,base.layers.3.mixer,0.861847
5,3,5,vim_tiny,cifar10,1.0,5,base.layers.4.mixer,0.888013
5,3,5,vim_tiny,cifar10,1.0,6,base.layers.5.mixer,0.869399
5,3,5,vim_tiny,cifar10,1.0,7,base.layers.6.mixer,0.908964
5,3,5,vim_tiny,cifar10,1.0,8,base.layers.7.mixer,0.716740
5,3,5,vim_tiny,cifar10,1.0,9,base.layers.8.mixer,0.911859
5,3,5,vim_tiny,cifar10,1.0,10,base.layers.9.mixer,0.561292
5,3,5,vim_tiny,cifar10,1.0,11,base.layers.10.mixer,0.974025
5,3,5,vim_tiny,cifar10,1.0,12,base.layers.11.mixer,0.920169
5,3,5,vim_tiny,cifar10,1.0,13,classifier,0.732557
5,3,6,vim_tiny,cifar10,1.0,0,base.patch_embed,0.892260
5,3,6,vim_tiny,cifar10,1.0,1,base.layers.0.mixer,0.914888
5,3,6,vim_tiny,cifar10,1.0,2,base.layers.1.mixer,0.930134
5,3,6,vim_tiny,cifar10,1.0,3,base.layers.2.mixer,0.793362
5,3,6,vim_tiny,cifar10,1.0,4,base.layers.3.mixer,0.726852
5,3,6,vim_tiny,cifar10,1.0,5,base.layers.4.mixer,0.877413
5,3,6,vim_tiny,cifar10,1.0,6,base.layers.5.mixer,0.906086
5,3,6,vim_tiny,cifar10,1.0,7,base.layers.6.mixer,0.920108
5,3,6,vim_tiny,cifar10,1.0,8,base.layers.7.mixer,0.904941
5,3,6,vim_tiny,cifar10,1.0,9,base.layers.8.mixer,0.926969
5,3,6,vim_tiny,cifar10,1.0,10,base.layers.9.mixer,0.754004
5,3,6,vim_tiny,cifar10,1.0,11,base.layers.10.mixer,0.935508
5,3,6,vim_tiny,cifar10,1.0,12,base.layers.11.mixer,0.898738
5,3,6,vim_tiny,cifar10,1.0,13,classifier,0.763959
5,3,7,vim_tiny,cifar10,1.0,0,base.patch_embed,0.906897
5,3,7,vim_tiny,cifar10,1.0,1,base.layers.0.mixer,0.889854
5,3,7,vim_tiny,cifar10,1.0,2,base.layers.1.mixer,0.835013
5,3,7,vim_tiny,cifar10,1.0,3,base.layers.2.mixer,0.884500
5,3,7,vim_tiny,cifar10,1.0,4,base.layers.3.mixer,0.895712
5,3,7,vim_tiny,cifar10,1.0,5,base.layers.4.mixer,0.915930
5,3,7,vim_tiny,cifar10,1.0,6,base.layers.5.mixer,0.906275
5,3,7,vim_tiny,cifar10,1.0,7,base.layers.6.mixer,0.901619
5,3,7,vim_tiny,cifar10,1.0,8,base.layers.7.mixer,0.773272
5,3,7,vim_tiny,cifar10,1.0,9,base.layers.8.mixer,0.937616
5,3,7,vim_tiny,cifar10,1.0,10,base.layers.9.mixer,0.760889
5,3,7,vim_tiny,cifar10,1.0,11,base.layers.10.mixer,0.903863
5,3,7,vim_tiny,cifar10,1.0,12,base.layers.11.mixer,0.867562
5,3,7,vim_tiny,cifar10,1.0,13,classifier,0.698701
5,3,8,vim_tiny,cifar10,1.0,0,base.patch_embed,0.963506
5,3,8,vim_tiny,cifar10,1.0,1,base.layers.0.mixer,0.937492
5,3,8,vim_tiny,cifar10,1.0,2,base.layers.1.mixer,0.953816
5,3,8,vim_tiny,cifar10,1.0,3,base.layers.2.mixer,0.941631
5,3,8,vim_tiny,cifar10,1.0,4,base.layers.3.mixer,0.926497
5,3,8,vim_tiny,cifar10,1.0,5,base.layers.4.mixer,0.934175
5,3,8,vim_tiny,cifar10,1.0,6,base.layers.5.mixer,0.937763
5,3,8,vim_tiny,cifar10,1.0,7,base.layers.6.mixer,0.924060
5,3,8,vim_tiny,cifar10,1.0,8,base.layers.7.mixer,0.567421
5,3,8,vim_tiny,cifar10,1.0,9,base.layers.8.mixer,0.937955
5,3,8,vim_tiny,cifar10,1.0,10,base.layers.9.mixer,0.750827
5,3,8,vim_tiny,cifar10,1.0,11,base.layers.10.mixer,0.963265
5,3,8,vim_tiny,cifar10,1.0,12,base.layers.11.mixer,0.905348
5,3,8,vim_tiny,cifar10,1.0,13,classifier,0.778127
5,3,9,vim_tiny,cifar10,1.0,0,base.patch_embed,0.909390
5,3,9,vim_tiny,cifar10,1.0,1,base.layers.0.mixer,0.936058
5,3,9,vim_tiny,cifar10,1.0,2,base.layers.1.mixer,0.872100
5,3,9,vim_tiny,cifar10,1.0,3,base.layers.2.mixer,0.839283
5,3,9,vim_tiny,cifar10,1.0,4,base.layers.3.mixer,0.893173
5,3,9,vim_tiny,cifar10,1.0,5,base.layers.4.mixer,0.864769
5,3,9,vim_tiny,cifar10,1.0,6,base.layers.5.mixer,0.870968
5,3,9,vim_tiny,cifar10,1.0,7,base.layers.6.mixer,0.940920
5,3,9,vim_tiny,cifar10,1.0,8,base.layers.7.mixer,0.927916
5,3,9,vim_tiny,cifar10,1.0,9,base.layers.8.mixer,0.956070
5,3,9,vim_tiny,cifar10,1.0,10,base.layers.9.mixer,0.733384
5,3,9,vim_tiny,cifar10,1.0,11,base.layers.10.mixer,0.947145
5,3,9,vim_tiny,cifar10,1.0,12,base.layers.11.mixer,0.910712
5,3,9,vim_tiny,cifar10,1.0,13,classifier,0.729360
5,4,5,vim_tiny,cifar10,1.0,0,base.patch_embed,0.975493
5,4,5,vim_tiny,cifar10,1.0,1,base.layers.0.mixer,0.971076
5,4,5,vim_tiny,cifar10,1.0,2,base.layers.1.mixer,0.892521
5,4,5,vim_tiny,cifar10,1.0,3,base.layers.2.mixer,0.949008
5,4,5,vim_tiny,cifar10,1.0,4,base.layers.3.mixer,0.800927
5,4,5,vim_tiny,cifar10,1.0,5,base.layers.4.mixer,0.940000
5,4,5,vim_tiny,cifar10,1.0,6,base.layers.5.mixer,0.952991
5,4,5,vim_tiny,cifar10,1.0,7,base.layers.6.mixer,0.969639
5,4,5,vim_tiny,cifar10,1.0,8,base.layers.7.mixer,0.919489
5,4,5,vim_tiny,cifar10,1.0,9,base.layers.8.mixer,0.930941
5,4,5,vim_tiny,cifar10,1.0,10,base.layers.9.mixer,0.919057
5,4,5,vim_tiny,cifar10,1.0,11,base.layers.10.mixer,0.978322
5,4,5,vim_tiny,cifar10,1.0,12,base.layers.11.mixer,0.967060
5,4,5,vim_tiny,cifar10,1.0,13,classifier,0.886480
5,4,6,vim_tiny,cifar10,1.0,0,base.patch_embed,0.934586
5,4,6,vim_tiny,cifar10,1.0,1,base.layers.0.mixer,0.870027
5,4,6,vim_tiny,cifar10,1.0,2,base.layers.1.mixer,0.928942
5,4,6,vim_tiny,cifar10,1.0,3,base.layers.2.mixer,0.883539
5,4,6,vim_tiny,cifar10,1.0,4,base.layers.3.mixer,0.830535
5,4,6,vim_tiny,cifar10,1.0,5,base.layers.4.mixer,0.778049
5,4,6,vim_tiny,cifar10,1.0,6,base.layers.5.mixer,0.968415
5,4,6,vim_tiny,cifar10,1.0,7,base.layers.6.mixer,0.950434
5,4,6,vim_tiny,cifar10,1.0,8,base.layers.7.mixer,0.882568
5,4,6,vim_tiny,cifar10,1.0,9,base.layers.8.mixer,0.945833
5,4,6,vim_tiny,cifar10,1.0,10,base.layers.9.mixer,0.956813
5,4,6,vim_tiny,cifar10,1.0,11,base.layers.10.mixer,0.928854
5,4,6,vim_tiny,cifar10,1.0,12,base.layers.11.mixer,0.918664
5,4,6,vim_tiny,cifar10,1.0,13,classifier,0.758414
5,4,7,vim_tiny,cifar10,1.0,0,base.patch_embed,0.973279
5,4,7,vim_tiny,cifar10,1.0,1,base.layers.0.mixer,0.905131
5,4,7,vim_tiny,cifar10,1.0,2,base.layers.1.mixer,0.859744
5,4,7,vim_tiny,cifar10,1.0,3,base.layers.2.mixer,0.934878
5,4,7,vim_tiny,cifar10,1.0,4,base.layers.3.mixer,0.788100
5,4,7,vim_tiny,cifar10,1.0,5,base.layers.4.mixer,0.880590
5,4,7,vim_tiny,cifar10,1.0,6,base.layers.5.mixer,0.944559
5,4,7,vim_tiny,cifar10,1.0,7,base.layers.6.mixer,0.956819
5,4,7,vim_tiny,cifar10,1.0,8,base.layers.7.mixer,0.942259
5,4,7,vim_tiny,cifar10,1.0,9,base.layers.8.mixer,0.948915
5,4,7,vim_tiny,cifar10,1.0,10,base.layers.9.mixer,0.941022
5,4,7,vim_tiny,cifar10,1.0,11,base.layers.10.mixer,0.959388
5,4,7,vim_tiny,cifar10,1.0,12,base.layers.11.mixer,0.933617
5,4,7,vim_tiny,cifar10,1.0,13,classifier,0.833687
5,4,8,vim_tiny,cifar10,1.0,0,base.patch_embed,0.965463
5,4,8,vim_tiny,cifar10,1.0,1,base.layers.0.mixer,0.913067
5,4,8,vim_tiny,cifar10,1.0,2,base.layers.1.mixer,0.891850
5,4,8,vim_tiny,cifar10,1.0,3,base.layers.2.mixer,0.925822
5,4,8,vim_tiny,cifar10,1.0,4,base.layers.3.mixer,0.785477
5,4,8,vim_tiny,cifar10,1.0,5,base.layers.4.mixer,0.837500
5,4,8,vim_tiny,cifar10,1.0,6,base.layers.5.mixer,0.950883
5,4,8,vim_tiny,cifar10,1.0,7,base.layers.6.mixer,0.930990
5,4,8,vim_tiny,cifar10,1.0,8,base.layers.7.mixer,0.872701
5,4,8,vim_tiny,cifar10,1.0,9,base.layers.8.mixer,0.950614
5,4,8,vim_tiny,cifar10,1.0,10,base.layers.9.mixer,0.943140
5,4,8,vim_tiny,cifar10,1.0,11,base.layers.10.mixer,0.969166
5,4,8,vim_tiny,cifar10,1.0,12,base.layers.11.mixer,0.974692
5,4,8,vim_tiny,cifar10,1.0,13,classifier,0.869233
5,4,9,vim_tiny,cifar10,1.0,0,base.patch_embed,0.881740
5,4,9,vim_tiny,cifar10,1.0,1,base.layers.0.mixer,0.810457
5,4,9,vim_tiny,cifar10,1.0,2,base.layers.1.mixer,0.932943
5,4,9,vim_tiny,cifar10,1.0,3,base.layers.2.mixer,0.867331
5,4,9,vim_tiny,cifar10,1.0,4,base.layers.3.mixer,0.756247
5,4,9,vim_tiny,cifar10,1.0,5,base.layers.4.mixer,0.873619
5,4,9,vim_tiny,cifar10,1.0,6,base.layers.5.mixer,0.914784
5,4,9,vim_tiny,cifar10,1.0,7,base.layers.6.mixer,0.926603
5,4,9,vim_tiny,cifar10,1.0,8,base.layers.7.mixer,0.779820
5,4,9,vim_tiny,cifar10,1.0,9,base.layers.8.mixer,0.919001
5,4,9,vim_tiny,cifar10,1.0,10,base.layers.9.mixer,0.895152
5,4,9,vim_tiny,cifar10,1.0,11,base.layers.10.mixer,0.907374
5,4,9,vim_tiny,cifar10,1.0,12,base.layers.11.mixer,0.911962
5,4,9,vim_tiny,cifar10,1.0,13,classifier,0.655019
5,5,6,vim_tiny,cifar10,1.0,0,base.patch_embed,0.982901
5,5,6,vim_tiny,cifar10,1.0,1,base.layers.0.mixer,0.918023
5,5,6,vim_tiny,cifar10,1.0,2,base.layers.1.mixer,0.877847
5,5,6,vim_tiny,cifar10,1.0,3,base.layers.2.mixer,0.897317
5,5,6,vim_tiny,cifar10,1.0,4,base.layers.3.mixer,0.875903
5,5,6,vim_tiny,cifar10,1.0,5,base.layers.4.mixer,0.851366
5,5,6,vim_tiny,cifar10,1.0,6,base.layers.5.mixer,0.971334
5,5,6,vim_tiny,cifar10,1.0,7,base.layers.6.mixer,0.950118
5,5,6,vim_tiny,cifar10,1.0,8,base.layers.7.mixer,0.819430
5,5,6,vim_tiny,cifar10,1.0,9,base.layers.8.mixer,0.971657
5,5,6,vim_tiny,cifar10,1.0,10,base.layers.9.mixer,0.893063
5,5,6,vim_tiny,cifar10,1.0,11,base.layers.10.mixer,0.965746
5,5,6,vim_tiny,cifar10,1.0,12,base.layers.11.mixer,0.954005
5,5,6,vim_tiny,cifar10,1.0,13,classifier,0.771454
5,5,7,vim_tiny,cifar10,1.0,0,base.patch_embed,0.971713
5,5,7,vim_tiny,cifar10,1.0,1,base.layers.0.mixer,0.955985
5,5,7,vim_tiny,cifar10,1.0,2,base.layers.1.mixer,0.971723
5,5,7,vim_tiny,cifar10,1.0,3,base.layers.2.mixer,0.964433
5,5,7,vim_tiny,cifar10,1.0,4,base.layers.3.mixer,0.969278
5,5,7,vim_tiny,cifar10,1.0,5,base.layers.4.mixer,0.919863
5,5,7,vim_tiny,cifar10,1.0,6,base.layers.5.mixer,0.910587
5,5,7,vim_tiny,cifar10,1.0,7,base.layers.6.mixer,0.954259
5,5,7,vim_tiny,cifar10,1.0,8,base.layers.7.mixer,0.910654
5,5,7,vim_tiny,cifar10,1.0,9,base.layers.8.mixer,0.924505
5,5,7,vim_tiny,cifar10,1.0,10,base.layers.9.mixer,0.802943
5,5,7,vim_tiny,cifar10,1.0,11,base.layers.10.mixer,0.951348
5,5,7,vim_tiny,cifar10,1.0,12,base.layers.11.mixer,0.959611
5,5,7,vim_tiny,cifar10,1.0,13,classifier,0.849742
5,5,8,vim_tiny,cifar10,1.0,0,base.patch_embed,0.939897
5,5,8,vim_tiny,cifar10,1.0,1,base.layers.0.mixer,0.933785
5,5,8,vim_tiny,cifar10,1.0,2,base.layers.1.mixer,0.871329
5,5,8,vim_tiny,cifar10,1.0,3,base.layers.2.mixer,0.853998
5,5,8,vim_tiny,cifar10,1.0,4,base.layers.3.mixer,0.929312
5,5,8,vim_tiny,cifar10,1.0,5,base.layers.4.mixer,0.906447
5,5,8,vim_tiny,cifar10,1.0,6,base.layers.5.mixer,0.946376
5,5,8,vim_tiny,cifar10,1.0,7,base.layers.6.mixer,0.908993
5,5,8,vim_tiny,cifar10,1.0,8,base.layers.7.mixer,0.847077
5,5,8,vim_tiny,cifar10,1.0,9,base.layers.8.mixer,0.902402
5,5,8,vim_tiny,cifar10,1.0,10,base.layers.9.mixer,0.896830
5,5,8,vim_tiny,cifar10,1.0,11,base.layers.10.mixer,0.965329
5,5,8,vim_tiny,cifar10,1.0,12,base.layers.11.mixer,0.962036
5,5,8,vim_tiny,cifar10,1.0,13,classifier,0.854179
5,5,9,vim_tiny,cifar10,1.0,0,base.patch_embed,0.931305
5,5,9,vim_tiny,cifar10,1.0,1,base.layers.0.mixer,0.877164
5,5,9,vim_tiny,cifar10,1.0,2,base.layers.1.mixer,0.796401
5,5,9,vim_tiny,cifar10,1.0,3,base.layers.2.mixer,0.795737
5,5,9,vim_tiny,cifar10,1.0,4,base.layers.3.mixer,0.867088
5,5,9,vim_tiny,cifar10,1.0,5,base.layers.4.mixer,0.881738
5,5,9,vim_tiny,cifar10,1.0,6,base.layers.5.mixer,0.939379
5,5,9,vim_tiny,cifar10,1.0,7,base.layers.6.mixer,0.903969
5,5,9,vim_tiny,cifar10,1.0,8,base.layers.7.mixer,0.704008
5,5,9,vim_tiny,cifar10,1.0,9,base.layers.8.mixer,0.956215
5,5,9,vim_tiny,cifar10,1.0,10,base.layers.9.mixer,0.820512
5,5,9,vim_tiny,cifar10,1.0,11,base.layers.10.mixer,0.943989
5,5,9,vim_tiny,cifar10,1.0,12,base.layers.11.mixer,0.952647
5,5,9,vim_tiny,cifar10,1.0,13,classifier,0.659011
5,6,7,vim_tiny,cifar10,1.0,0,base.patch_embed,0.937961
5,6,7,vim_tiny,cifar10,1.0,1,base.layers.0.mixer,0.909926
5,6,7,vim_tiny,cifar10,1.0,2,base.layers.1.mixer,0.869473
5,6,7,vim_tiny,cifar10,1.0,3,base.layers.2.mixer,0.835232
5,6,7,vim_tiny,cifar10,1.0,4,base.layers.3.mixer,0.863335
5,6,7,vim_tiny,cifar10,1.0,5,base.layers.4.mixer,0.918079
5,6,7,vim_tiny,cifar10,1.0,6,base.layers.5.mixer,0.948082
5,6,7,vim_tiny,cifar10,1.0,7,base.layers.6.mixer,0.907938
5,6,7,vim_tiny,cifar10,1.0,8,base.layers.7.mixer,0.851440
5,6,7,vim_tiny,cifar10,1.0,9,base.layers.8.mixer,0.944711
5,6,7,vim_tiny,cifar10,1.0,10,base.layers.9.mixer,0.934879
5,6,7,vim_tiny,cifar10,1.0,11,base.layers.10.mixer,0.917636
5,6,7,vim_tiny,cifar10,1.0,12,base.layers.11.mixer,0.930400
5,6,7,vim_tiny,cifar10,1.0,13,classifier,0.771053
5,6,8,vim_tiny,cifar10,1.0,0,base.patch_embed,0.914167
5,6,8,vim_tiny,cifar10,1.0,1,base.layers.0.mixer,0.904875
5,6,8,vim_tiny,cifar10,1.0,2,base.layers.1.mixer,0.945190
5,6,8,vim_tiny,cifar10,1.0,3,base.layers.2.mixer,0.807903
5,6,8,vim_tiny,cifar10,1.0,4,base.layers.3.mixer,0.843759
5,6,8,vim_tiny,cifar10,1.0,5,base.layers.4.mixer,0.929320
5,6,8,vim_tiny,cifar10,1.0,6,base.layers.5.mixer,0.954335
5,6,8,vim_tiny,cifar10,1.0,7,base.layers.6.mixer,0.940905
5,6,8,vim_tiny,cifar10,1.0,8,base.layers.7.mixer,0.720103
5,6,8,vim_tiny,cifar10,1.0,9,base.layers.8.mixer,0.921270
5,6,8,vim_tiny,cifar10,1.0,10,base.layers.9.mixer,0.951449
5,6,8,vim_tiny,cifar10,1.0,11,base.layers.10.mixer,0.915995
5,6,8,vim_tiny,cifar10,1.0,12,base.layers.11.mixer,0.896210
5,6,8,vim_tiny,cifar10,1.0,13,classifier,0.766308
5,6,9,vim_tiny,cifar10,1.0,0,base.patch_embed,0.974400
5,6,9,vim_tiny,cifar10,1.0,1,base.layers.0.mixer,0.951887
5,6,9,vim_tiny,cifar10,1.0,2,base.layers.1.mixer,0.938285
5,6,9,vim_tiny,cifar10,1.0,3,base.layers.2.mixer,0.872276
5,6,9,vim_tiny,cifar10,1.0,4,base.layers.3.mixer,0.758049
5,6,9,vim_tiny,cifar10,1.0,5,base.layers.4.mixer,0.847127
5,6,9,vim_tiny,cifar10,1.0,6,base.layers.5.mixer,0.950858
5,6,9,vim_tiny,cifar10,1.0,7,base.layers.6.mixer,0.951809
5,6,9,vim_tiny,cifar10,1.0,8,base.layers.7.mixer,0.918772
5,6,9,vim_tiny,cifar10,1.0,9,base.layers.8.mixer,0.955394
5,6,9,vim_tiny,cifar10,1.0,10,base.layers.9.mixer,0.932933
5,6,9,vim_tiny,cifar10,1.0,11,base.layers.10.mixer,0.952029
5,6,9,vim_tiny,cifar10,1.0,12,base.layers.11.mixer,0.960229
5,6,9,vim_tiny,cifar10,1.0,13,classifier,0.774070
5,7,8,vim_tiny,cifar10,1.0,0,base.patch_embed,0.973032
5,7,8,vim_tiny,cifar10,1.0,1,base.layers.0.mixer,0.943047
5,7,8,vim_tiny,cifar10,1.0,2,base.layers.1.mixer,0.877319
5,7,8,vim_tiny,cifar10,1.0,3,base.layers.2.mixer,0.871472
5,7,8,vim_tiny,cifar10,1.0,4,base.layers.3.mixer,0.954252
5,7,8,vim_tiny,cifar10,1.0,5,base.layers.4.mixer,0.966787
5,7,8,vim_tiny,cifar10,1.0,6,base.layers.5.mixer,0.913693
5,7,8,vim_tiny,cifar10,1.0,7,base.layers.6.mixer,0.923821
5,7,8,vim_tiny,cifar10,1.0,8,base.layers.7.mixer,0.829485
5,7,8,vim_tiny,cifar10,1.0,9,base.layers.8.mixer,0.956586
5,7,8,vim_tiny,cifar10,1.0,10,base.layers.9.mixer,0.904973
5,7,8,vim_tiny,cifar10,1.0,11,base.layers.10.mixer,0.933654
5,7,8,vim_tiny,cifar10,1.0,12,base.layers.11.mixer,0.941950
5,7,8,vim_tiny,cifar10,1.0,13,classifier,0.857301
5,7,9,vim_tiny,cifar10,1.0,0,base.patch_embed,0.867257
5,7,9,vim_tiny,cifar10,1.0,1,base.layers.0.mixer,0.899791
5,7,9,vim_tiny,cifar10,1.0,2,base.layers.1.mixer,0.767468
5,7,9,vim_tiny,cifar10,1.0,3,base.layers.2.mixer,0.761194
5,7,9,vim_tiny,cifar10,1.0,4,base.layers.3.mixer,0.852460
5,7,9,vim_tiny,cifar10,1.0,5,base.layers.4.mixer,0.847685
5,7,9,vim_tiny,cifar10,1.0,6,base.layers.5.mixer,0.838789
5,7,9,vim_tiny,cifar10,1.0,7,base.layers.6.mixer,0.866078
5,7,9,vim_tiny,cifar10,1.0,8,base.layers.7.mixer,0.725304
5,7,9,vim_tiny,cifar10,1.0,9,base.layers.8.mixer,0.927336
5,7,9,vim_tiny,cifar10,1.0,10,base.layers.9.mixer,0.884884
5,7,9,vim_tiny,cifar10,1.0,11,base.layers.10.mixer,0.857421
5,7,9,vim_tiny,cifar10,1.0,12,base.layers.11.mixer,0.932884
5,7,9,vim_tiny,cifar10,1.0,13,classifier,0.570036
5,8,9,vim_tiny,cifar10,1.0,0,base.patch_embed,0.880684
5,8,9,vim_tiny,cifar10,1.0,1,base.layers.0.mixer,0.901926
5,8,9,vim_tiny,cifar10,1.0,2,base.layers.1.mixer,0.870848
5,8,9,vim_tiny,cifar10,1.0,3,base.layers.2.mixer,0.898463
5,8,9,vim_tiny,cifar10,1.0,4,base.layers.3.mixer,0.843925
5,8,9,vim_tiny,cifar10,1.0,5,base.layers.4.mixer,0.855514
5,8,9,vim_tiny,cifar10,1.0,6,base.layers.5.mixer,0.926090
5,8,9,vim_tiny,cifar10,1.0,7,base.layers.6.mixer,0.949097
5,8,9,vim_tiny,cifar10,1.0,8,base.layers.7.mixer,0.508734
5,8,9,vim_tiny,cifar10,1.0,9,base.layers.8.mixer,0.904782
5,8,9,vim_tiny,cifar10,1.0,10,base.layers.9.mixer,0.887541
5,8,9,vim_tiny,cifar10,1.0,11,base.layers.10.mixer,0.896329
5,8,9,vim_tiny,cifar10,1.0,12,base.layers.11.mixer,0.890881
5,8,9,vim_tiny,cifar10,1.0,13,classifier,0.576872
10,0,1,vim_tiny,cifar10,1.0,0,base.patch_embed,0.948776
10,0,1,vim_tiny,cifar10,1.0,1,base.layers.0.mixer,0.937775
10,0,1,vim_tiny,cifar10,1.0,2,base.layers.1.mixer,0.716531
10,0,1,vim_tiny,cifar10,1.0,3,base.layers.2.mixer,0.932673
10,0,1,vim_tiny,cifar10,1.0,4,base.layers.3.mixer,0.918306
10,0,1,vim_tiny,cifar10,1.0,5,base.layers.4.mixer,0.795518
10,0,1,vim_tiny,cifar10,1.0,6,base.layers.5.mixer,0.963711
10,0,1,vim_tiny,cifar10,1.0,7,base.layers.6.mixer,0.951922
10,0,1,vim_tiny,cifar10,1.0,8,base.layers.7.mixer,0.755088
10,0,1,vim_tiny,cifar10,1.0,9,base.layers.8.mixer,0.928963
10,0,1,vim_tiny,cifar10,1.0,10,base.layers.9.mixer,0.936969
10,0,1,vim_tiny,cifar10,1.0,11,base.layers.10.mixer,0.657074
10,0,1,vim_tiny,cifar10,1.0,12,base.layers.11.mixer,0.944915
10,0,1,vim_tiny,cifar10,1.0,13,classifier,0.737100
10,0,2,vim_tiny,cifar10,1.0,0,base.patch_embed,0.986137
10,0,2,vim_tiny,cifar10,1.0,1,base.layers.0.mixer,0.943919
10,0,2,vim_tiny,cifar10,1.0,2,base.layers.1.mixer,0.417884
10,0,2,vim_tiny,cifar10,1.0,3,base.layers.2.mixer,0.722958
10,0,2,vim_tiny,cifar10,1.0,4,base.layers.3.mixer,0.946524
10,0,2,vim_tiny,cifar10,1.0,5,base.layers.4.mixer,0.732455
10,0,2,vim_tiny,cifar10,1.0,6,base.layers.5.mixer,0.850739
10,0,2,vim_tiny,cifar10,1.0,7,base.layers.6.mixer,0.957046
10,0,2,vim_tiny,cifar10,1.0,8,base.layers.7.mixer,0.832546
10,0,2,vim_tiny,cifar10,1.0,9,base.layers.8.mixer,0.938241
10,0,2,vim_tiny,cifar10,1.0,10,base.layers.9.mixer,0.956214
10,0,2,vim_tiny,cifar10,1.0,11,base.layers.10.mixer,0.832401
10,0,2,vim_tiny,cifar10,1.0,12,base.layers.11.mixer,0.945724
10,0,2,vim_tiny,cifar10,1.0,13,classifier,0.758270
10,0,3,vim_tiny,cifar10,1.0,0,base.patch_embed,0.911137
10,0,3,vim_tiny,cifar10,1.0,1,base.layers.0.mixer,0.848765
10,0,3,vim_tiny,cifar10,1.0,2,base.layers.1.mixer,0.642447
10,0,3,vim_tiny,cifar10,1.0,3,base.layers.2.mixer,0.767661
10,0,3,vim_tiny,cifar10,1.0,4,base.layers.3.mixer,0.905056
10,0,3,vim_tiny,cifar10,1.0,5,base.layers.4.mixer,0.753980
10,0,3,vim_tiny,cifar10,1.0,6,base.layers.5.mixer,0.956882
10,0,3,vim_tiny,cifar10,1.0,7,base.layers.6.mixer,0.878825
10,0,3,vim_tiny,cifar10,1.0,8,base.layers.7.mixer,0.770572
10,0,3,vim_tiny,cifar10,1.0,9,base.layers.8.mixer,0.913057
10,0,3,vim_tiny,cifar10,1.0,10,base.layers.9.mixer,0.857724
10,0,3,vim_tiny,cifar10,1.0,11,base.layers.10.mixer,0.800966
10,0,3,vim_tiny,cifar10,1.0,12,base.layers.11.mixer,0.864858
10,0,3,vim_tiny,cifar10,1.0,13,classifier,0.691457
10,0,4,vim_tiny,cifar10,1.0,0,base.patch_embed,0.968054
10,0,4,vim_tiny,cifar10,1.0,1,base.layers.0.mixer,0.921603
10,0,4,vim_tiny,cifar10,1.0,2,base.layers.1.mixer,0.768660
10,0,4,vim_tiny,cifar10,1.0,3,base.layers.2.mixer,0.653951
10,0,4,vim_tiny,cifar10,1.0,4,base.layers.3.mixer,0.833009
10,0,4,vim_tiny,cifar10,1.0,5,base.layers.4.mixer,0.797839
10,0,4,vim_tiny,cifar10,1.0,6,base.layers.5.mixer,0.981269
10,0,4,vim_tiny,cifar10,1.0,7,base.layers.6.mixer,0.949808
10,0,4,vim_tiny,cifar10,1.0,8,base.layers.7.mixer,0.866708
10,0,4,vim_tiny,cifar10,1.0,9,base.layers.8.mixer,0.880787
10,0,4,vim_tiny,cifar10,1.0,10,base.layers.9.mixer,0.932879
10,0,4,vim_tiny,cifar10,1.0,11,base.layers.10.mixer,0.735184
10,0,4,vim_tiny,cifar10,1.0,12,base.layers.11.mixer,0.946785
10,0,4,vim_tiny,cifar10,1.0,13,classifier,0.810106
10,0,5,vim_tiny,cifar10,1.0,0,base.patch_embed,0.973434
10,0,5,vim_tiny,cifar10,1.0,1,base.layers.0.mixer,0.941242
10,0,5,vim_tiny,cifar10,1.0,2,base.layers.1.mixer,0.526658
10,0,5,vim_tiny,cifar10,1.0,3,base.layers.2.mixer,0.913489
10,0,5,vim_tiny,cifar10,1.0,4,base.layers.3.mixer,0.890757
10,0,5,vim_tiny,cifar10,1.0,5,base.layers.4.mixer,0.871734
10,0,5,vim_tiny,cifar10,1.0,6,base.layers.5.mixer,0.867901
10,0,5,vim_tiny,cifar10,1.0,7,base.layers.6.mixer,0.913657
10,0,5,vim_tiny,cifar10,1.0,8,base.layers.7.mixer,0.835160
10,0,5,vim_tiny,cifar10,1.0,9,base.layers.8.mixer,0.929688
10,0,5,vim_tiny,cifar10,1.0,10,base.layers.9.mixer,0.920811
10,0,5,vim_tiny,cifar10,1.0,11,base.layers.10.mixer,0.815014
10,0,5,vim_tiny,cifar10,1.0,12,base.layers.11.mixer,0.954205
10,0,5,vim_tiny,cifar10,1.0,13,classifier,0.795204
10,0,6,vim_tiny,cifar10,1.0,0,base.patch_embed,0.975085
10,0,6,vim_tiny,cifar10,1.0,1,base.layers.0.mixer,0.894303
10,0,6,vim_tiny,cifar10,1.0,2,base.layers.1.mixer,0.686985
10,0,6,vim_tiny,cifar10,1.0,3,base.layers.2.mixer,0.893225
10,0,6,vim_tiny,cifar10,1.0,4,base.layers.3.mixer,0.758604
10,0,6,vim_tiny,cifar10,1.0,5,base.layers.4.mixer,0.788501
10,0,6,vim_tiny,cifar10,1.0,6,base.layers.5.mixer,0.954402
10,0,6,vim_tiny,cifar10,1.0,7,base.layers.6.mixer,0.902125
10,0,6,vim_tiny,cifar10,1.0,8,base.layers.7.mixer,0.471804
10,0,6,vim_tiny,cifar10,1.0,9,base.layers.8.mixer,0.943644
10,0,6,vim_tiny,cifar10,1.0,10,base.layers.9.mixer,0.912356
10,0,6,vim_tiny,cifar10,1.0,11,base.layers.10.mixer,0.765992
10,0,6,vim_tiny,cifar10,1.0,12,base.layers.11.mixer,0.929234
10,0,6,vim_tiny,cifar10,1.0,13,classifier,0.733139
10,0,7,vim_tiny,cifar10,1.0,0,base.patch_embed,0.961380
10,0,7,vim_tiny,cifar10,1.0,1,base.layers.0.mixer,0.929295
10,0,7,vim_tiny,cifar10,1.0,2,base.layers.1.mixer,0.538061
10,0,7,vim_tiny,cifar10,1.0,3,base.layers.2.mixer,0.934312
10,0,7,vim_tiny,cifar10,1.0,4,base.layers.3.mixer,0.839646
10,0,7,vim_tiny,cifar10,1.0,5,base.layers.4.mixer,0.642297
10,0,7,vim_tiny,cifar10,1.0,6,base.layers.5.mixer,0.946195
10,0,7,vim_tiny,cifar10,1.0,7,base.layers.6.mixer,0.953192
10,0,7,vim_tiny,cifar10,1.0,8,base.layers.7.mixer,0.683238
10,0,7,vim_tiny,cifar10,1.0,9,base.layers.8.mixer,0.912304
10,0,7,vim_tiny,cifar10,1.0,10,base.layers.9.mixer,0.876379
10,0,7,vim_tiny,cifar10,1.0,11,base.layers.10.mixer,0.795219
10,0,7,vim_tiny,cifar10,1.0,12,base.layers.11.mixer,0.954947
10,0,7,vim_tiny,cifar10,1.0,13,classifier,0.723199
10,0,8,vim_tiny,cifar10,1.0,0,base.patch_embed,0.984681
10,0,8,vim_tiny,cifar10,1.0,1,base.layers.0.mixer,0.893499
10,0,8,vim_tiny,cifar10,1.0,2,base.layers.1.mixer,0.853812
10,0,8,vim_tiny,cifar10,1.0,3,base.layers.2.mixer,0.718064
10,0,8,vim_tiny,cifar10,1.0,4,base.layers.3.mixer,0.815191
10,0,8,vim_tiny,cifar10,1.0,5,base.layers.4.mixer,0.828372
10,0,8,vim_tiny,cifar10,1.0,6,base.layers.5.mixer,0.918607
10,0,8,vim_tiny,cifar10,1.0,7,base.layers.6.mixer,0.926748
10,0,8,vim_tiny,cifar10,1.0,8,base.layers.7.mixer,0.823669
10,0,8,vim_tiny,cifar10,1.0,9,base.layers.8.mixer,0.656026
10,0,8,vim_tiny,cifar10,1.0,10,base.layers.9.mixer,0.941243
10,0,8,vim_tiny,cifar10,1.0,11,base.layers.10.mixer,0.805198
10,0,8,vim_tiny,cifar10,1.0,12,base.layers.11.mixer,0.948421
10,0,8,vim_tiny,cifar10,1.0,13,classifier,0.671796
10,0,9,vim_tiny,cifar10,1.0,0,base.patch_embed,0.986870
10,0,9,vim_tiny,cifar10,1.0,1,base.layers.0.mixer,0.911283
10,0,9,vim_tiny,cifar10,1.0,2,base.layers.1.mixer,0.971932
10,0,9,vim_tiny,cifar10,1.0,3,base.layers.2.mixer,0.814962
10,0,9,vim_tiny,cifar10,1.0,4,base.layers.3.mixer,0.855881
10,0,9,vim_tiny,cifar10,1.0,5,base.layers.4.mixer,0.838225
10,0,9,vim_tiny,cifar10,1.0,6,base.layers.5.mixer,0.951586
10,0,9,vim_tiny,cifar10,1.0,7,base.layers.6.mixer,0.917490
10,0,9,vim_tiny,cifar10,1.0,8,base.layers.7.mixer,0.730825
10,0,9,vim_tiny,cifar10,1.0,9,base.layers.8.mixer,0.927651
10,0,9,vim_tiny,cifar10,1.0,10,base.layers.9.mixer,0.695523
10,0,9,vim_tiny,cifar10,1.0,11,base.layers.10.mixer,0.777574
10,0,9,vim_tiny,cifar10,1.0,12,base.layers.11.mixer,0.969890
10,0,9,vim_tiny,cifar10,1.0,13,classifier,0.799153
10,1,2,vim_tiny,cifar10,1.0,0,base.patch_embed,0.975315
10,1,2,vim_tiny,cifar10,1.0,1,base.layers.0.mixer,0.980470
10,1,2,vim_tiny,cifar10,1.0,2,base.layers.1.mixer,0.696432
10,1,2,vim_tiny,cifar10,1.0,3,base.layers.2.mixer,0.668563
10,1,2,vim_tiny,cifar10,1.0,4,base.layers.3.mixer,0.961316
10,1,2,vim_tiny,cifar10,1.0,5,base.layers.4.mixer,0.935001
10,1,2,vim_tiny,cifar10,1.0,6,base.layers.5.mixer,0.780267
10,1,2,vim_tiny,cifar10,1.0,7,base.layers.6.mixer,0.964866
10,1,2,vim_tiny,cifar10,1.0,8,base.layers.7.mixer,0.948011
10,1,2,vim_tiny,cifar10,1.0,9,base.layers.8.mixer,0.948968
10,1,2,vim_tiny,cifar10,1.0,10,base.layers.9.mixer,0.933798
10,1,2,vim_tiny,cifar10,1.0,11,base.layers.10.mixer,0.929864
10,1,2,vim_tiny,cifar10,1.0,12,base.layers.11.mixer,0.971195
10,1,2,vim_tiny,cifar10,1.0,13,classifier,0.797418
10,1,3,vim_tiny,cifar10,1.0,0,base.patch_embed,0.976978
10,1,3,vim_tiny,cifar10,1.0,1,base.layers.0.mixer,0.902329
10,1,3,vim_tiny,cifar10,1.0,2,base.layers.1.mixer,0.861951
10,1,3,vim_tiny,cifar10,1.0,3,base.layers.2.mixer,0.759254
10,1,3,vim_tiny,cifar10,1.0,4,base.layers.3.mixer,0.954103
10,1,3,vim_tiny,cifar10,1.0,5,base.layers.4.mixer,0.865321
10,1,3,vim_tiny,cifar10,1.0,6,base.layers.5.mixer,0.950314
10,1,3,vim_tiny,cifar10,1.0,7,base.layers.6.mixer,0.936716
10,1,3,vim_tiny,cifar10,1.0,8,base.layers.7.mixer,0.816016
10,1,3,vim_tiny,cifar10,1.0,9,base.layers.8.mixer,0.922177
10,1,3,vim_tiny,cifar10,1.0,10,base.layers.9.mixer,0.859325
10,1,3,vim_tiny,cifar10,1.0,11,base.layers.10.mixer,0.920105
10,1,3,vim_tiny,cifar10,1.0,12,base.layers.11.mixer,0.887531
10,1,3,vim_tiny,cifar10,1.0,13,classifier,0.811282
10,1,4,vim_tiny,cifar10,1.0,0,base.patch_embed,0.976493
10,1,4,vim_tiny,cifar10,1.0,1,base.layers.0.mixer,0.959337
10,1,4,vim_tiny,cifar10,1.0,2,base.layers.1.mixer,0.857330
10,1,4,vim_tiny,cifar10,1.0,3,base.layers.2.mixer,0.524427
10,1,4,vim_tiny,cifar10,1.0,4,base.layers.3.mixer,0.946457
10,1,4,vim_tiny,cifar10,1.0,5,base.layers.4.mixer,0.902736
10,1,4,vim_tiny,cifar10,1.0,6,base.layers.5.mixer,0.959020
10,1,4,vim_tiny,cifar10,1.0,7,base.layers.6.mixer,0.975031
10,1,4,vim_tiny,cifar10,1.0,8,base.layers.7.mixer,0.880052
10,1,4,vim_tiny,cifar10,1.0,9,base.layers.8.mixer,0.904179
10,1,4,vim_tiny,cifar10,1.0,10,base.layers.9.mixer,0.918090
10,1,4,vim_tiny,cifar10,1.0,11,base.layers.10.mixer,0.951303
10,1,4,vim_tiny,cifar10,1.0,12,base.layers.11.mixer,0.950701
10,1,4,vim_tiny,cifar10,1.0,13,classifier,0.829416
10,1,5,vim_tiny,cifar10,1.0,0,base.patch_embed,0.951756
10,1,5,vim_tiny,cifar10,1.0,1,base.layers.0.mixer,0.888725
10,1,5,vim_tiny,cifar10,1.0,2,base.layers.1.mixer,0.818506
10,1,5,vim_tiny,cifar10,1.0,3,base.layers.2.mixer,0.896558
10,1,5,vim_tiny,cifar10,1.0,4,base.layers.3.mixer,0.929110
10,1,5,vim_tiny,cifar10,1.0,5,base.layers.4.mixer,0.924901
10,1,5,vim_tiny,cifar10,1.0,6,base.layers.5.mixer,0.787192
10,1,5,vim_tiny,cifar10,1.0,7,base.layers.6.mixer,0.952483
10,1,5,vim_tiny,cifar10,1.0,8,base.layers.7.mixer,0.854135
10,1,5,vim_tiny,cifar10,1.0,9,base.layers.8.mixer,0.923020
10,1,5,vim_tiny,cifar10,1.0,10,base.layers.9.mixer,0.866156
10,1,5,vim_tiny,cifar10,1.0,11,base.layers.10.mixer,0.904826
10,1,5,vim_tiny,cifar10,1.0,12,base.layers.11.mixer,0.973689
10,1,5,vim_tiny,cifar10,1.0,13,classifier,0.830287
10,1,6,vim_tiny,cifar10,1.0,0,base.patch_embed,0.984091
10,1,6,vim_tiny,cifar10,1.0,1,base.layers.0.mixer,0.947148
10,1,6,vim_tiny,cifar10,1.0,2,base.layers.1.mixer,0.872276
10,1,6,vim_tiny,cifar10,1.0,3,base.layers.2.mixer,0.897886
10,1,6,vim_tiny,cifar10,1.0,4,base.layers.3.mixer,0.843630
10,1,6,vim_tiny,cifar10,1.0,5,base.layers.4.mixer,0.970221
10,1,6,vim_tiny,cifar10,1.0,6,base.layers.5.mixer,0.966284
10,1,6,vim_tiny,cifar10,1.0,7,base.layers.6.mixer,0.934273
10,1,6,vim_tiny,cifar10,1.0,8,base.layers.7.mixer,0.827915
10,1,6,vim_tiny,cifar10,1.0,9,base.layers.8.mixer,0.941623
10,1,6,vim_tiny,cifar10,1.0,10,base.layers.9.mixer,0.833673
10,1,6,vim_tiny,cifar10,1.0,11,base.layers.10.mixer,0.908756
10,1,6,vim_tiny,cifar10,1.0,12,base.layers.11.mixer,0.933741
10,1,6,vim_tiny,cifar10,1.0,13,classifier,0.808974
10,1,7,vim_tiny,cifar10,1.0,0,base.patch_embed,0.994058
10,1,7,vim_tiny,cifar10,1.0,1,base.layers.0.mixer,0.960731
10,1,7,vim_tiny,cifar10,1.0,2,base.layers.1.mixer,0.851601
10,1,7,vim_tiny,cifar10,1.0,3,base.layers.2.mixer,0.963918
10,1,7,vim_tiny,cifar10,1.0,4,base.layers.3.mixer,0.959287
10,1,7,vim_tiny,cifar10,1.0,5,base.layers.4.mixer,0.904482
10,1,7,vim_tiny,cifar10,1.0,6,base.layers.5.mixer,0.889567
10,1,7,vim_tiny,cifar10,1.0,7,base.layers.6.mixer,0.975592
10,1,7,vim_tiny,cifar10,1.0,8,base.layers.7.mixer,0.901572
10,1,7,vim_tiny,cifar10,1.0,9,base.layers.8.mixer,0.899495
10,1,7,vim_tiny,cifar10,1.0,10,base.layers.9.mixer,0.941639
10,1,7,vim_tiny,cifar10,1.0,11,base.layers.10.mixer,0.942171
10,1,7,vim_tiny,cifar10,1.0,12,base.layers.11.mixer,0.962737
10,1,7,vim_tiny,cifar10,1.0,13,classifier,0.850227
10,1,8,vim_tiny,cifar10,1.0,0,base.patch_embed,0.958820
10,1,8,vim_tiny,cifar10,1.0,1,base.layers.0.mixer,0.930916
10,1,8,vim_tiny,cifar10,1.0,2,base.layers.1.mixer,0.875426
10,1,8,vim_tiny,cifar10,1.0,3,base.layers.2.mixer,0.627627
10,1,8,vim_tiny,cifar10,1.0,4,base.layers.3.mixer,0.859496
10,1,8,vim_tiny,cifar10,1.0,5,base.layers.4.mixer,0.899464
10,1,8,vim_tiny,cifar10,1.0,6,base.layers.5.mixer,0.839398
10,1,8,vim_tiny,cifar10,1.0,7,base.layers.6.mixer,0.914591
10,1,8,vim_tiny,cifar10,1.0,8,base.layers.7.mixer,0.625093
10,1,8,vim_tiny,cifar10,1.0,9,base.layers.8.mixer,0.653727
10,1,8,vim_tiny,cifar10,1.0,10,base.layers.9.mixer,0.912684
10,1,8,vim_tiny,cifar10,1.0,11,base.layers.10.mixer,0.881265
10,1,8,vim_tiny,cifar10,1.0,12,base.layers.11.mixer,0.915164
10,1,8,vim_tiny,cifar10,1.0,13,classifier,0.713505
10,1,9,vim_tiny,cifar10,1.0,0,base.patch_embed,0.982875
10,1,9,vim_tiny,cifar10,1.0,1,base.layers.0.mixer,0.961261
10,1,9,vim_tiny,cifar10,1.0,2,base.layers.1.mixer,0.743721
10,1,9,vim_tiny,cifar10,1.0,3,base.layers.2.mixer,0.729653
10,1,9,vim_tiny,cifar10,1.0,4,base.layers.3.mixer,0.846569
10,1,9,vim_tiny,cifar10,1.0,5,base.layers.4.mixer,0.905545
10,1,9,vim_tiny,cifar10,1.0,6,base.layers.5.mixer,0.888392
10,1,9,vim_tiny,cifar10,1.0,7,base.layers.6.mixer,0.917465
10,1,9,vim_tiny,cifar10,1.0,8,base.layers.7.mixer,0.966791
10,1,9,vim_tiny,cifar10,1.0,9,base.layers.8.mixer,0.862956
10,1,9,vim_tiny,cifar10,1.0,10,base.layers.9.mixer,0.552689
10,1,9,vim_tiny,cifar10,1.0,11,base.layers.10.mixer,0.957907
10,1,9,vim_tiny,cifar10,1.0,12,base.layers.11.mixer,0.939818
10,1,9,vim_tiny,cifar10,1.0,13,classifier,0.719751
10,2,3,vim_tiny,cifar10,1.0,0,base.patch_embed,0.951250
10,2,3,vim_tiny,cifar10,1.0,1,base.layers.0.mixer,0.927058
10,2,3,vim_tiny,cifar10,1.0,2,base.layers.1.mixer,0.531863
10,2,3,vim_tiny,cifar10,1.0,3,base.layers.2.mixer,0.848886
10,2,3,vim_tiny,cifar10,1.0,4,base.layers.3.mixer,0.954659
10,2,3,vim_tiny,cifar10,1.0,5,base.layers.4.mixer,0.809278
10,2,3,vim_tiny,cifar10,1.0,6,base.layers.5.mixer,0.855432
10,2,3,vim_tiny,cifar10,1.0,7,base.layers.6.mixer,0.928187
10,2,3,vim_tiny,cifar10,1.0,8,base.layers.7.mixer,0.814876
10,2,3,vim_tiny,cifar10,1.0,9,base.layers.8.mixer,0.921719
10,2,3,vim_tiny,cifar10,1.0,10,base.layers.9.mixer,0.929983
10,2,3,vim_tiny,cifar10,1.0,11,base.layers.10.mixer,0.957296
10,2,3,vim_tiny,cifar10,1.0,12,base.layers.11.mixer,0.925800
10,2,3,vim_tiny,cifar10,1.0,13,classifier,0.788122
10,2,4,vim_tiny,cifar10,1.0,0,base.patch_embed,0.960914
10,2,4,vim_tiny,cifar10,1.0,1,base.layers.0.mixer,0.968518
10,2,4,vim_tiny,cifar10,1.0,2,base.layers.1.mixer,0.522532
10,2,4,vim_tiny,cifar10,1.0,3,base.layers.2.mixer,0.865230
10,2,4,vim_tiny,cifar10,1.0,4,base.layers.3.mixer,0.901546
10,2,4,vim_tiny,cifar10,1.0,5,base.layers.4.mixer,0.832446
10,2,4,vim_tiny,cifar10,1.0,6,base.layers.5.mixer,0.864194
10,2,4,vim_tiny,cifar10,1.0,7,base.layers.6.mixer,0.957012
10,2,4,vim_tiny,cifar10,1.0,8,base.layers.7.mixer,0.898972
10,2,4,vim_tiny,cifar10,1.0,9,base.layers.8.mixer,0.945510
10,2,4,vim_tiny,cifar10,1.0,10,base.layers.9.mixer,0.928491
10,2,4,vim_tiny,cifar10,1.0,11,base.layers.10.mixer,0.925694
10,2,4,vim_tiny,cifar10,1.0,12,base.layers.11.mixer,0.954861
10,2,4,vim_tiny,cifar10,1.0,13,classifier,0.784867
10,2,5,vim_tiny,cifar10,1.0,0,base.patch_embed,0.959212
10,2,5,vim_tiny,cifar10,1.0,1,base.layers.0.mixer,0.877714
10,2,5,vim_tiny,cifar10,1.0,2,base.layers.1.mixer,0.638560
10,2,5,vim_tiny,cifar10,1.0,3,base.layers.2.mixer,0.749762
10,2,5,vim_tiny,cifar10,1.0,4,base.layers.3.mixer,0.919542
10,2,5,vim_tiny,cifar10,1.0,5,base.layers.4.mixer,0.831651
10,2,5,vim_tiny,cifar10,1.0,6,base.layers.5.mixer,0.962345
10,2,5,vim_tiny,cifar10,1.0,7,base.layers.6.mixer,0.929585
10,2,5,vim_tiny,cifar10,1.0,8,base.layers.7.mixer,0.924826
10,2,5,vim_tiny,cifar10,1.0,9,base.layers.8.mixer,0.927275
10,2,5,vim_tiny,cifar10,1.0,10,base.layers.9.mixer,0.901311
10,2,5,vim_tiny,cifar10,1.0,11,base.layers.10.mixer,0.939255
10,2,5,vim_tiny,cifar10,1.0,12,base.layers.11.mixer,0.982592
10,2,5,vim_tiny,cifar10,1.0,13,classifier,0.789865
10,2,6,vim_tiny,cifar10,1.0,0,base.patch_embed,0.996556
10,2,6,vim_tiny,cifar10,1.0,1,base.layers.0.mixer,0.969845
10,2,6,vim_tiny,cifar10,1.0,2,base.layers.1.mixer,0.585353
10,2,6,vim_tiny,cifar10,1.0,3,base.layers.2.mixer,0.814420
10,2,6,vim_tiny,cifar10,1.0,4,base.layers.3.mixer,0.836970
10,2,6,vim_tiny,cifar10,1.0,5,base.layers.4.mixer,0.945364
10,2,6,vim_tiny,cifar10,1.0,6,base.layers.5.mixer,0.820846
10,2,6,vim_tiny,cifar10,1.0,7,base.layers.6.mixer,0.945850
10,2,6,vim_tiny,cifar10,1.0,8,base.layers.7.mixer,0.767120
10,2,6,vim_tiny,cifar10,1.0,9,base.layers.8.mixer,0.947342
10,2,6,vim_tiny,cifar10,1.0,10,base.layers.9.mixer,0.909719
10,2,6,vim_tiny,cifar10,1.0,11,base.layers.10.mixer,0.927710
10,2,6,vim_tiny,cifar10,1.0,12,base.layers.11.mixer,0.952020
10,2,6,vim_tiny,cifar10,1.0,13,classifier,0.827892
10,2,7,vim_tiny,cifar10,1.0,0,base.patch_embed,0.983047
10,2,7,vim_tiny,cifar10,1.0,1,base.layers.0.mixer,0.978536
10,2,7,vim_tiny,cifar10,1.0,2,base.layers.1.mixer,0.658095
10,2,7,vim_tiny,cifar10,1.0,3,base.layers.2.mixer,0.755218
10,2,7,vim_tiny,cifar10,1.0,4,base.layers.3.mixer,0.911741
10,2,7,vim_tiny,cifar10,1.0,5,base.layers.4.mixer,0.922666
10,2,7,vim_tiny,cifar10,1.0,6,base.layers.5.mixer,0.917975
10,2,7,vim_tiny,cifar10,1.0,7,base.layers.6.mixer,0.965511
10,2,7,vim_tiny,cifar10,1.0,8,base.layers.7.mixer,0.908591
10,2,7,vim_tiny,cifar10,1.0,9,base.layers.8.mixer,0.863558
10,2,7,vim_tiny,cifar10,1.0,10,base.layers.9.mixer,0.910859
10,2,7,vim_tiny,cifar10,1.0,11,base.layers.10.mixer,0.957892
10,2,7,vim_tiny,cifar10,1.0,12,base.layers.11.mixer,0.967596
10,2,7,vim_tiny,cifar10,1.0,13,classifier,0.777272
10,2,8,vim_tiny,cifar10,1.0,0,base.patch_embed,0.974112
10,2,8,vim_tiny,cifar10,1.0,1,base.layers.0.mixer,0.964447
10,2,8,vim_tiny,cifar10,1.0,2,base.layers.1.mixer,0.528790
10,2,8,vim_tiny,cifar10,1.0,3,base.layers.2.mixer,0.656624
10,2,8,vim_tiny,cifar10,1.0,4,base.layers.3.mixer,0.864591
10,2,8,vim_tiny,cifar10,1.0,5,base.layers.4.mixer,0.823882
10,2,8,vim_tiny,cifar10,1.0,6,base.layers.5.mixer,0.951966
10,2,8,vim_tiny,cifar10,1.0,7,base.layers.6.mixer,0.923982
10,2,8,vim_tiny,cifar10,1.0,8,base.layers.7.mixer,0.686274
10,2,8,vim_tiny,cifar10,1.0,9,base.layers.8.mixer,0.736589
10,2,8,vim_tiny,cifar10,1.0,10,base.layers.9.mixer,0.918048
10,2,8,vim_tiny,cifar10,1.0,11,base.layers.10.mixer,0.912439
10,2,8,vim_tiny,cifar10,1.0,12,base.layers.11.mixer,0.939414
10,2,8,vim_tiny,cifar10,1.0,13,classifier,0.661163
10,2,9,vim_tiny,cifar10,1.0,0,base.patch_embed,0.997483
10,2,9,vim_tiny,cifar10,1.0,1,base.layers.0.mixer,0.973654
10,2,9,vim_tiny,cifar10,1.0,2,base.layers.1.mixer,0.442068
10,2,9,vim_tiny,cifar10,1.0,3,base.layers.2.mixer,0.635991
10,2,9,vim_tiny,cifar10,1.0,4,base.layers.3.mixer,0.876852
10,2,9,vim_tiny,cifar10,1.0,5,base.layers.4.mixer,0.830170
10,2,9,vim_tiny,cifar10,1.0,6,base.layers.5.mixer,0.930851
10,2,9,vim_tiny,cifar10,1.0,7,base.layers.6.mixer,0.934329
10,2,9,vim_tiny,cifar10,1.0,8,base.layers.7.mixer,0.937193
10,2,9,vim_tiny,cifar10,1.0,9,base.layers.8.mixer,0.881889
10,2,9,vim_tiny,cifar10,1.0,10,base.layers.9.mixer,0.663881
10,2,9,vim_tiny,cifar10,1.0,11,base.layers.10.mixer,0.954673
10,2,9,vim_tiny,cifar10,1.0,12,base.layers.11.mixer,0.936847
10,2,9,vim_tiny,cifar10,1.0,13,classifier,0.742587
10,3,4,vim_tiny,cifar10,1.0,0,base.patch_embed,0.941055
10,3,4,vim_tiny,cifar10,1.0,1,base.layers.0.mixer,0.883675
10,3,4,vim_tiny,cifar10,1.0,2,base.layers.1.mixer,0.914750
10,3,4,vim_tiny,cifar10,1.0,3,base.layers.2.mixer,0.701115
10,3,4,vim_tiny,cifar10,1.0,4,base.layers.3.mixer,0.884402
10,3,4,vim_tiny,cifar10,1.0,5,base.layers.4.mixer,0.778768
10,3,4,vim_tiny,cifar10,1.0,6,base.layers.5.mixer,0.954548
10,3,4,vim_tiny,cifar10,1.0,7,base.layers.6.mixer,0.923607
10,3,4,vim_tiny,cifar10,1.0,8,base.layers.7.mixer,0.838365
10,3,4,vim_tiny,cifar10,1.0,9,base.layers.8.mixer,0.877324
10,3,4,vim_tiny,cifar10,1.0,10,base.layers.9.mixer,0.850241
10,3,4,vim_tiny,cifar10,1.0,11,base.layers.10.mixer,0.900929
10,3,4,vim_tiny,cifar10,1.0,12,base.layers.11.mixer,0.875613
10,3,4,vim_tiny,cifar10,1.0,13,classifier,0.835097
10,3,5,vim_tiny,cifar10,1.0,0,base.patch_embed,0.937799
10,3,5,vim_tiny,cifar10,1.0,1,base.layers.0.mixer,0.827163
10,3,5,vim_tiny,cifar10,1.0,2,base.layers.1.mixer,0.859410
10,3,5,vim_tiny,cifar10,1.0,3,base.layers.2.mixer,0.805294
10,3,5,vim_tiny,cifar10,1.0,4,base.layers.3.mixer,0.875415
10,3,5,vim_tiny,cifar10,1.0,5,base.layers.4.mixer,0.834562
10,3,5,vim_tiny,cifar10,1.0,6,base.layers.5.mixer,0.832777
10,3,5,vim_tiny,cifar10,1.0,7,base.layers.6.mixer,0.901702
10,3,5,vim_tiny,cifar10,1.0,8,base.layers.7.mixer,0.733380
10,3,5,vim_tiny,cifar10,1.0,9,base.layers.8.mixer,0.881561
10,3,5,vim_tiny,cifar10,1.0,10,base.layers.9.mixer,0.876219
10,3,5,vim_tiny,cifar10,1.0,11,base.layers.10.mixer,0.920318
10,3,5,vim_tiny,cifar10,1.0,12,base.layers.11.mixer,0.914482
10,3,5,vim_tiny,cifar10,1.0,13,classifier,0.790137
10,3,6,vim_tiny,cifar10,1.0,0,base.patch_embed,0.967645
10,3,6,vim_tiny,cifar10,1.0,1,base.layers.0.mixer,0.951969
10,3,6,vim_tiny,cifar10,1.0,2,base.layers.1.mixer,0.889620
10,3,6,vim_tiny,cifar10,1.0,3,base.layers.2.mixer,0.826767
10,3,6,vim_tiny,cifar10,1.0,4,base.layers.3.mixer,0.864192
10,3,6,vim_tiny,cifar10,1.0,5,base.layers.4.mixer,0.883053
10,3,6,vim_tiny,cifar10,1.0,6,base.layers.5.mixer,0.947609
10,3,6,vim_tiny,cifar10,1.0,7,base.layers.6.mixer,0.973047
10,3,6,vim_tiny,cifar10,1.0,8,base.layers.7.mixer,0.663934
10,3,6,vim_tiny,cifar10,1.0,9,base.layers.8.mixer,0.943235
10,3,6,vim_tiny,cifar10,1.0,10,base.layers.9.mixer,0.847048
10,3,6,vim_tiny,cifar10,1.0,11,base.layers.10.mixer,0.908219
10,3,6,vim_tiny,cifar10,1.0,12,base.layers.11.mixer,0.949197
10,3,6,vim_tiny,cifar10,1.0,13,classifier,0.794550
10,3,7,vim_tiny,cifar10,1.0,0,base.patch_embed,0.987001
10,3,7,vim_tiny,cifar10,1.0,1,base.layers.0.mixer,0.930696
10,3,7,vim_tiny,cifar10,1.0,2,base.layers.1.mixer,0.887079
10,3,7,vim_tiny,cifar10,1.0,3,base.layers.2.mixer,0.853987
10,3,7,vim_tiny,cifar10,1.0,4,base.layers.3.mixer,0.877979
10,3,7,vim_tiny,cifar10,1.0,5,base.layers.4.mixer,0.786038
10,3,7,vim_tiny,cifar10,1.0,6,base.layers.5.mixer,0.941471
10,3,7,vim_tiny,cifar10,1.0,7,base.layers.6.mixer,0.947135
10,3,7,vim_tiny,cifar10,1.0,8,base.layers.7.mixer,0.800876
10,3,7,vim_tiny,cifar10,1.0,9,base.layers.8.mixer,0.857570
10,3,7,vim_tiny,cifar10,1.0,10,base.layers.9.mixer,0.807214
10,3,7,vim_tiny,cifar10,1.0,11,base.layers.10.mixer,0.931824
10,3,7,vim_tiny,cifar10,1.0,12,base.layers.11.mixer,0.935039
10,3,7,vim_tiny,cifar10,1.0,13,classifier,0.811803
10,3,8,vim_tiny,cifar10,1.0,0,base.patch_embed,0.939117
10,3,8,vim_tiny,cifar10,1.0,1,base.layers.0.mixer,0.901019
10,3,8,vim_tiny,cifar10,1.0,2,base.layers.1.mixer,0.853972
10,3,8,vim_tiny,cifar10,1.0,3,base.layers.2.mixer,0.751209
10,3,8,vim_tiny,cifar10,1.0,4,base.layers.3.mixer,0.819919
10,3,8,vim_tiny,cifar10,1.0,5,base.layers.4.mixer,0.902971
10,3,8,vim_tiny,cifar10,1.0,6,base.layers.5.mixer,0.884081
10,3,8,vim_tiny,cifar10,1.0,7,base.layers.6.mixer,0.894386
10,3,8,vim_tiny,cifar10,1.0,8,base.layers.7.mixer,0.668214
10,3,8,vim_tiny,cifar10,1.0,9,base.layers.8.mixer,0.658626
10,3,8,vim_tiny,cifar10,1.0,10,base.layers.9.mixer,0.859358
10,3,8,vim_tiny,cifar10,1.0,11,base.layers.10.mixer,0.909253
10,3,8,vim_tiny,cifar10,1.0,12,base.layers.11.mixer,0.891713
10,3,8,vim_tiny,cifar10,1.0,13,classifier,0.629041
10,3,9,vim_tiny,cifar10,1.0,0,base.patch_embed,0.963001
10,3,9,vim_tiny,cifar10,1.0,1,base.layers.0.mixer,0.902141
10,3,9,vim_tiny,cifar10,1.0,2,base.layers.1.mixer,0.686454
10,3,9,vim_tiny,cifar10,1.0,3,base.layers.2.mixer,0.675015
10,3,9,vim_tiny,cifar10,1.0,4,base.layers.3.mixer,0.909622
10,3,9,vim_tiny,cifar10,1.0,5,base.layers.4.mixer,0.834648
10,3,9,vim_tiny,cifar10,1.0,6,base.layers.5.mixer,0.918711
10,3,9,vim_tiny,cifar10,1.0,7,base.layers.6.mixer,0.922977
10,3,9,vim_tiny,cifar10,1.0,8,base.layers.7.mixer,0.820521
10,3,9,vim_tiny,cifar10,1.0,9,base.layers.8.mixer,0.826372
10,3,9,vim_tiny,cifar10,1.0,10,base.layers.9.mixer,0.694804
10,3,9,vim_tiny,cifar10,1.0,11,base.layers.10.mixer,0.936783
10,3,9,vim_tiny,cifar10,1.0,12,base.layers.11.mixer,0.861224
10,3,9,vim_tiny,cifar10,1.0,13,classifier,0.721703
10,4,5,vim_tiny,cifar10,1.0,0,base.patch_embed,0.985442
10,4,5,vim_tiny,cifar10,1.0,1,base.layers.0.mixer,0.816866
10,4,5,vim_tiny,cifar10,1.0,2,base.layers.1.mixer,0.859235
10,4,5,vim_tiny,cifar10,1.0,3,base.layers.2.mixer,0.645351
10,4,5,vim_tiny,cifar10,1.0,4,base.layers.3.mixer,0.905380
10,4,5,vim_tiny,cifar10,1.0,5,base.layers.4.mixer,0.897106
10,4,5,vim_tiny,cifar10,1.0,6,base.layers.5.mixer,0.867382
10,4,5,vim_tiny,cifar10,1.0,7,base.layers.6.mixer,0.958116
10,4,5,vim_tiny,cifar10,1.0,8,base.layers.7.mixer,0.781530
10,4,5,vim_tiny,cifar10,1.0,9,base.layers.8.mixer,0.866076
10,4,5,vim_tiny,cifar10,1.0,10,base.layers.9.mixer,0.861372
10,4,5,vim_tiny,cifar10,1.0,11,base.layers.10.mixer,0.946217
10,4,5,vim_tiny,cifar10,1.0,12,base.layers.11.mixer,0.960732
10,4,5,vim_tiny,cifar10,1.0,13,classifier,0.850766
10,4,6,vim_tiny,cifar10,1.0,0,base.patch_embed,0.959874
10,4,6,vim_tiny,cifar10,1.0,1,base.layers.0.mixer,0.962970
10,4,6,vim_tiny,cifar10,1.0,2,base.layers.1.mixer,0.809611
10,4,6,vim_tiny,cifar10,1.0,3,base.layers.2.mixer,0.732786
10,4,6,vim_tiny,cifar10,1.0,4,base.layers.3.mixer,0.872286
10,4,6,vim_tiny,cifar10,1.0,5,base.layers.4.mixer,0.879110
10,4,6,vim_tiny,cifar10,1.0,6,base.layers.5.mixer,0.938903
10,4,6,vim_tiny,cifar10,1.0,7,base.layers.6.mixer,0.921168
10,4,6,vim_tiny,cifar10,1.0,8,base.layers.7.mixer,0.667619
10,4,6,vim_tiny,cifar10,1.0,9,base.layers.8.mixer,0.925761
10,4,6,vim_tiny,cifar10,1.0,10,base.layers.9.mixer,0.859847
10,4,6,vim_tiny,cifar10,1.0,11,base.layers.10.mixer,0.910187
10,4,6,vim_tiny,cifar10,1.0,12,base.layers.11.mixer,0.914315
10,4,6,vim_tiny,cifar10,1.0,13,classifier,0.770850
10,4,7,vim_tiny,cifar10,1.0,0,base.patch_embed,0.977884
10,4,7,vim_tiny,cifar10,1.0,1,base.layers.0.mixer,0.965793
10,4,7,vim_tiny,cifar10,1.0,2,base.layers.1.mixer,0.855955
10,4,7,vim_tiny,cifar10,1.0,3,base.layers.2.mixer,0.602089
10,4,7,vim_tiny,cifar10,1.0,4,base.layers.3.mixer,0.961776
10,4,7,vim_tiny,cifar10,1.0,5,base.layers.4.mixer,0.792673
10,4,7,vim_tiny,cifar10,1.0,6,base.layers.5.mixer,0.942667
10,4,7,vim_tiny,cifar10,1.0,7,base.layers.6.mixer,0.975131
10,4,7,vim_tiny,cifar10,1.0,8,base.layers.7.mixer,0.793362
10,4,7,vim_tiny,cifar10,1.0,9,base.layers.8.mixer,0.800269
10,4,7,vim_tiny,cifar10,1.0,10,base.layers.9.mixer,0.900181
10,4,7,vim_tiny,cifar10,1.0,11,base.layers.10.mixer,0.940568
10,4,7,vim_tiny,cifar10,1.0,12,base.layers.11.mixer,0.937120
10,4,7,vim_tiny,cifar10,1.0,13,classifier,0.828614
10,4,8,vim_tiny,cifar10,1.0,0,base.patch_embed,0.986353
10,4,8,vim_tiny,cifar10,1.0,1,base.layers.0.mixer,0.964515
10,4,8,vim_tiny,cifar10,1.0,2,base.layers.1.mixer,0.884084
10,4,8,vim_tiny,cifar10,1.0,3,base.layers.2.mixer,0.683959
10,4,8,vim_tiny,cifar10,1.0,4,base.layers.3.mixer,0.873410
10,4,8,vim_tiny,cifar10,1.0,5,base.layers.4.mixer,0.849575
10,4,8,vim_tiny,cifar10,1.0,6,base.layers.5.mixer,0.913617
10,4,8,vim_tiny,cifar10,1.0,7,base.layers.6.mixer,0.948130
10,4,8,vim_tiny,cifar10,1.0,8,base.layers.7.mixer,0.832407
10,4,8,vim_tiny,cifar10,1.0,9,base.layers.8.mixer,0.740022
10,4,8,vim_tiny,cifar10,1.0,10,base.layers.9.mixer,0.912816
10,4,8,vim_tiny,cifar10,1.0,11,base.layers.10.mixer,0.940263
10,4,8,vim_tiny,cifar10,1.0,12,base.layers.11.mixer,0.918927
10,4,8,vim_tiny,cifar10,1.0,13,classifier,0.713485
10,4,9,vim_tiny,cifar10,1.0,0,base.patch_embed,0.975312
10,4,9,vim_tiny,cifar10,1.0,1,base.layers.0.mixer,0.980107
10,4,9,vim_tiny,cifar10,1.0,2,base.layers.1.mixer,0.807775
10,4,9,vim_tiny,cifar10,1.0,3,base.layers.2.mixer,0.715331
10,4,9,vim_tiny,cifar10,1.0,4,base.layers.3.mixer,0.786917
10,4,9,vim_tiny,cifar10,1.0,5,base.layers.4.mixer,0.858466
10,4,9,vim_tiny,cifar10,1.0,6,base.layers.5.mixer,0.944970
10,4,9,vim_tiny,cifar10,1.0,7,base.layers.6.mixer,0.921031
10,4,9,vim_tiny,cifar10,1.0,8,base.layers.7.mixer,0.872258
10,4,9,vim_tiny,cifar10,1.0,9,base.layers.8.mixer,0.831339
10,4,9,vim_tiny,cifar10,1.0,10,base.layers.9.mixer,0.608299
10,4,9,vim_tiny,cifar10,1.0,11,base.layers.10.mixer,0.968511
10,4,9,vim_tiny,cifar10,1.0,12,base.layers.11.mixer,0.967864
10,4,9,vim_tiny,cifar10,1.0,13,classifier,0.763371
10,5,6,vim_tiny,cifar10,1.0,0,base.patch_embed,0.952788
10,5,6,vim_tiny,cifar10,1.0,1,base.layers.0.mixer,0.816946
10,5,6,vim_tiny,cifar10,1.0,2,base.layers.1.mixer,0.729481
10,5,6,vim_tiny,cifar10,1.0,3,base.layers.2.mixer,0.952653
10,5,6,vim_tiny,cifar10,1.0,4,base.layers.3.mixer,0.780239
10,5,6,vim_tiny,cifar10,1.0,5,base.layers.4.mixer,0.902193
10,5,6,vim_tiny,cifar10,1.0,6,base.layers.5.mixer,0.814937
10,5,6,vim_tiny,cifar10,1.0,7,base.layers.6.mixer,0.886654
10,5,6,vim_tiny,cifar10,1.0,8,base.layers.7.mixer,0.609393
10,5,6,vim_tiny,cifar10,1.0,9,base.layers.8.mixer,0.892931
10,5,6,vim_tiny,cifar10,1.0,10,base.layers.9.mixer,0.952163
10,5,6,vim_tiny,cifar10,1.0,11,base.layers.10.mixer,0.955363
10,5,6,vim_tiny,cifar10,1.0,12,base.layers.11.mixer,0.948003
10,5,6,vim_tiny,cifar10,1.0,13,classifier,0.787623
10,5,7,vim_tiny,cifar10,1.0,0,base.patch_embed,0.969462
10,5,7,vim_tiny,cifar10,1.0,1,base.layers.0.mixer,0.870455
10,5,7,vim_tiny,cifar10,1.0,2,base.layers.1.mixer,0.945336
10,5,7,vim_tiny,cifar10,1.0,3,base.layers.2.mixer,0.947039
10,5,7,vim_tiny,cifar10,1.0,4,base.layers.3.mixer,0.928842
10,5,7,vim_tiny,cifar10,1.0,5,base.layers.4.mixer,0.794928
10,5,7,vim_tiny,cifar10,1.0,6,base.layers.5.mixer,0.930617
10,5,7,vim_tiny,cifar10,1.0,7,base.layers.6.mixer,0.936541
10,5,7,vim_tiny,cifar10,1.0,8,base.layers.7.mixer,0.850442
10,5,7,vim_tiny,cifar10,1.0,9,base.layers.8.mixer,0.882390
10,5,7,vim_tiny,cifar10,1.0,10,base.layers.9.mixer,0.778010
10,5,7,vim_tiny,cifar10,1.0,11,base.layers.10.mixer,0.955379
10,5,7,vim_tiny,cifar10,1.0,12,base.layers.11.mixer,0.975947
10,5,7,vim_tiny,cifar10,1.0,13,classifier,0.859653
10,5,8,vim_tiny,cifar10,1.0,0,base.patch_embed,0.996013
10,5,8,vim_tiny,cifar10,1.0,1,base.layers.0.mixer,0.803102
10,5,8,vim_tiny,cifar10,1.0,2,base.layers.1.mixer,0.701461
10,5,8,vim_tiny,cifar10,1.0,3,base.layers.2.mixer,0.614362
10,5,8,vim_tiny,cifar10,1.0,4,base.layers.3.mixer,0.812607
10,5,8,vim_tiny,cifar10,1.0,5,base.layers.4.mixer,0.907691
10,5,8,vim_tiny,cifar10,1.0,6,base.layers.5.mixer,0.978124
10,5,8,vim_tiny,cifar10,1.0,7,base.layers.6.mixer,0.918558
10,5,8,vim_tiny,cifar10,1.0,8,base.layers.7.mixer,0.620625
10,5,8,vim_tiny,cifar10,1.0,9,base.layers.8.mixer,0.715492
10,5,8,vim_tiny,cifar10,1.0,10,base.layers.9.mixer,0.918805
10,5,8,vim_tiny,cifar10,1.0,11,base.layers.10.mixer,0.962977
10,5,8,vim_tiny,cifar10,1.0,12,base.layers.11.mixer,0.951588
10,5,8,vim_tiny,cifar10,1.0,13,classifier,0.696333
10,5,9,vim_tiny,cifar10,1.0,0,base.patch_embed,0.973579
10,5,9,vim_tiny,cifar10,1.0,1,base.layers.0.mixer,0.814760
10,5,9,vim_tiny,cifar10,1.0,2,base.layers.1.mixer,0.571502
10,5,9,vim_tiny,cifar10,1.0,3,base.layers.2.mixer,0.659907
10,5,9,vim_tiny,cifar10,1.0,4,base.layers.3.mixer,0.745445
10,5,9,vim_tiny,cifar10,1.0,5,base.layers.4.mixer,0.910130
10,5,9,vim_tiny,cifar10,1.0,6,base.layers.5.mixer,0.956778
10,5,9,vim_tiny,cifar10,1.0,7,base.layers.6.mixer,0.896074
10,5,9,vim_tiny,cifar10,1.0,8,base.layers.7.mixer,0.850153
10,5,9,vim_tiny,cifar10,1.0,9,base.layers.8.mixer,0.868551
10,5,9,vim_tiny,cifar10,1.0,10,base.layers.9.mixer,0.803158
10,5,9,vim_tiny,cifar10,1.0,11,base.layers.10.mixer,0.954270
10,5,9,vim_tiny,cifar10,1.0,12,base.layers.11.mixer,0.946325
10,5,9,vim_tiny,cifar10,1.0,13,classifier,0.806403
10,6,7,vim_tiny,cifar10,1.0,0,base.patch_embed,0.990278
10,6,7,vim_tiny,cifar10,1.0,1,base.layers.0.mixer,0.976681
10,6,7,vim_tiny,cifar10,1.0,2,base.layers.1.mixer,0.814272
10,6,7,vim_tiny,cifar10,1.0,3,base.layers.2.mixer,0.937245
10,6,7,vim_tiny,cifar10,1.0,4,base.layers.3.mixer,0.850138
10,6,7,vim_tiny,cifar10,1.0,5,base.layers.4.mixer,0.912608
10,6,7,vim_tiny,cifar10,1.0,6,base.layers.5.mixer,0.882407
10,6,7,vim_tiny,cifar10,1.0,7,base.layers.6.mixer,0.950991
10,6,7,vim_tiny,cifar10,1.0,8,base.layers.7.mixer,0.846492
10,6,7,vim_tiny,cifar10,1.0,9,base.layers.8.mixer,0.896312
10,6,7,vim_tiny,cifar10,1.0,10,base.layers.9.mixer,0.774107
10,6,7,vim_tiny,cifar10,1.0,11,base.layers.10.mixer,0.948950
10,6,7,vim_tiny,cifar10,1.0,12,base.layers.11.mixer,0.975109
10,6,7,vim_tiny,cifar10,1.0,13,classifier,0.787773
10,6,8,vim_tiny,cifar10,1.0,0,base.patch_embed,0.966079
10,6,8,vim_tiny,cifar10,1.0,1,base.layers.0.mixer,0.965210
10,6,8,vim_tiny,cifar10,1.0,2,base.layers.1.mixer,0.918007
10,6,8,vim_tiny,cifar10,1.0,3,base.layers.2.mixer,0.647198
10,6,8,vim_tiny,cifar10,1.0,4,base.layers.3.mixer,0.883459
10,6,8,vim_tiny,cifar10,1.0,5,base.layers.4.mixer,0.899401
10,6,8,vim_tiny,cifar10,1.0,6,base.layers.5.mixer,0.854633
10,6,8,vim_tiny,cifar10,1.0,7,base.layers.6.mixer,0.903345
10,6,8,vim_tiny,cifar10,1.0,8,base.layers.7.mixer,0.456163
10,6,8,vim_tiny,cifar10,1.0,9,base.layers.8.mixer,0.658593
10,6,8,vim_tiny,cifar10,1.0,10,base.layers.9.mixer,0.895691
10,6,8,vim_tiny,cifar10,1.0,11,base.layers.10.mixer,0.912480
10,6,8,vim_tiny,cifar10,1.0,12,base.layers.11.mixer,0.956260
10,6,8,vim_tiny,cifar10,1.0,13,classifier,0.628904
10,6,9,vim_tiny,cifar10,1.0,0,base.patch_embed,0.996431
10,6,9,vim_tiny,cifar10,1.0,1,base.layers.0.mixer,0.969660
10,6,9,vim_tiny,cifar10,1.0,2,base.layers.1.mixer,0.735176
10,6,9,vim_tiny,cifar10,1.0,3,base.layers.2.mixer,0.714209
10,6,9,vim_tiny,cifar10,1.0,4,base.layers.3.mixer,0.891687
10,6,9,vim_tiny,cifar10,1.0,5,base.layers.4.mixer,0.884182
10,6,9,vim_tiny,cifar10,1.0,6,base.layers.5.mixer,0.891481
10,6,9,vim_tiny,cifar10,1.0,7,base.layers.6.mixer,0.924136
10,6,9,vim_tiny,cifar10,1.0,8,base.layers.7.mixer,0.825512
10,6,9,vim_tiny,cifar10,1.0,9,base.layers.8.mixer,0.882634
10,6,9,vim_tiny,cifar10,1.0,10,base.layers.9.mixer,0.793598
10,6,9,vim_tiny,cifar10,1.0,11,base.layers.10.mixer,0.948305
10,6,9,vim_tiny,cifar10,1.0,12,base.layers.11.mixer,0.910296
10,6,9,vim_tiny,cifar10,1.0,13,classifier,0.719830
10,7,8,vim_tiny,cifar10,1.0,0,base.patch_embed,0.975003
10,7,8,vim_tiny,cifar10,1.0,1,base.layers.0.mixer,0.962541
10,7,8,vim_tiny,cifar10,1.0,2,base.layers.1.mixer,0.752930
10,7,8,vim_tiny,cifar10,1.0,3,base.layers.2.mixer,0.637863
10,7,8,vim_tiny,cifar10,1.0,4,base.layers.3.mixer,0.888026
10,7,8,vim_tiny,cifar10,1.0,5,base.layers.4.mixer,0.773014
10,7,8,vim_tiny,cifar10,1.0,6,base.layers.5.mixer,0.964690
10,7,8,vim_tiny,cifar10,1.0,7,base.layers.6.mixer,0.941317
10,7,8,vim_tiny,cifar10,1.0,8,base.layers.7.mixer,0.552235
10,7,8,vim_tiny,cifar10,1.0,9,base.layers.8.mixer,0.572984
10,7,8,vim_tiny,cifar10,1.0,10,base.layers.9.mixer,0.841092
10,7,8,vim_tiny,cifar10,1.0,11,base.layers.10.mixer,0.928072
10,7,8,vim_tiny,cifar10,1.0,12,base.layers.11.mixer,0.957088
10,7,8,vim_tiny,cifar10,1.0,13,classifier,0.666498
10,7,9,vim_tiny,cifar10,1.0,0,base.patch_embed,0.991595
10,7,9,vim_tiny,cifar10,1.0,1,base.layers.0.mixer,0.962344
10,7,9,vim_tiny,cifar10,1.0,2,base.layers.1.mixer,0.586425
10,7,9,vim_tiny,cifar10,1.0,3,base.layers.2.mixer,0.708308
10,7,9,vim_tiny,cifar10,1.0,4,base.layers.3.mixer,0.746997
10,7,9,vim_tiny,cifar10,1.0,5,base.layers.4.mixer,0.767606
10,7,9,vim_tiny,cifar10,1.0,6,base.layers.5.mixer,0.981062
10,7,9,vim_tiny,cifar10,1.0,7,base.layers.6.mixer,0.928808
10,7,9,vim_tiny,cifar10,1.0,8,base.layers.7.mixer,0.913831
10,7,9,vim_tiny,cifar10,1.0,9,base.layers.8.mixer,0.888810
10,7,9,vim_tiny,cifar10,1.0,10,base.layers.9.mixer,0.435001
10,7,9,vim_tiny,cifar10,1.0,11,base.layers.10.mixer,0.968830
10,7,9,vim_tiny,cifar10,1.0,12,base.layers.11.mixer,0.939760
10,7,9,vim_tiny,cifar10,1.0,13,classifier,0.711495
10,8,9,vim_tiny,cifar10,1.0,0,base.patch_embed,0.983837
10,8,9,vim_tiny,cifar10,1.0,1,base.layers.0.mixer,0.967138
10,8,9,vim_tiny,cifar10,1.0,2,base.layers.1.mixer,0.899206
10,8,9,vim_tiny,cifar10,1.0,3,base.layers.2.mixer,0.783160
10,8,9,vim_tiny,cifar10,1.0,4,base.layers.3.mixer,0.782789
10,8,9,vim_tiny,cifar10,1.0,5,base.layers.4.mixer,0.935274
10,8,9,vim_tiny,cifar10,1.0,6,base.layers.5.mixer,0.981706
10,8,9,vim_tiny,cifar10,1.0,7,base.layers.6.mixer,0.909877
10,8,9,vim_tiny,cifar10,1.0,8,base.layers.7.mixer,0.604187
10,8,9,vim_tiny,cifar10,1.0,9,base.layers.8.mixer,0.610250
10,8,9,vim_tiny,cifar10,1.0,10,base.layers.9.mixer,0.681176
10,8,9,vim_tiny,cifar10,1.0,11,base.layers.10.mixer,0.948841
10,8,9,vim_tiny,cifar10,1.0,12,base.layers.11.mixer,0.932278
10,8,9,vim_tiny,cifar10,1.0,13,classifier,0.634554
20,0,1,vim_tiny,cifar10,1.0,0,base.patch_embed,0.968518
20,0,1,vim_tiny,cifar10,1.0,1,base.layers.0.mixer,0.979755
20,0,1,vim_tiny,cifar10,1.0,2,base.layers.1.mixer,0.910239
20,0,1,vim_tiny,cifar10,1.0,3,base.layers.2.mixer,0.827094
20,0,1,vim_tiny,cifar10,1.0,4,base.layers.3.mixer,0.989412
20,0,1,vim_tiny,cifar10,1.0,5,base.layers.4.mixer,0.782926
20,0,1,vim_tiny,cifar10,1.0,6,base.layers.5.mixer,0.967382
20,0,1,vim_tiny,cifar10,1.0,7,base.layers.6.mixer,0.961527
20,0,1,vim_tiny,cifar10,1.0,8,base.layers.7.mixer,0.451196
20,0,1,vim_tiny,cifar10,1.0,9,base.layers.8.mixer,0.493088
20,0,1,vim_tiny,cifar10,1.0,10,base.layers.9.mixer,0.771619
20,0,1,vim_tiny,cifar10,1.0,11,base.layers.10.mixer,0.905819
20,0,1,vim_tiny,cifar10,1.0,12,base.layers.11.mixer,0.955432
20,0,1,vim_tiny,cifar10,1.0,13,classifier,0.661638
20,0,2,vim_tiny,cifar10,1.0,0,base.patch_embed,0.971499
20,0,2,vim_tiny,cifar10,1.0,1,base.layers.0.mixer,0.957656
20,0,2,vim_tiny,cifar10,1.0,2,base.layers.1.mixer,0.957134
20,0,2,vim_tiny,cifar10,1.0,3,base.layers.2.mixer,0.811617
20,0,2,vim_tiny,cifar10,1.0,4,base.layers.3.mixer,0.984539
20,0,2,vim_tiny,cifar10,1.0,5,base.layers.4.mixer,0.865212
20,0,2,vim_tiny,cifar10,1.0,6,base.layers.5.mixer,0.954685
20,0,2,vim_tiny,cifar10,1.0,7,base.layers.6.mixer,0.947177
20,0,2,vim_tiny,cifar10,1.0,8,base.layers.7.mixer,0.796391
20,0,2,vim_tiny,cifar10,1.0,9,base.layers.8.mixer,0.773951
20,0,2,vim_tiny,cifar10,1.0,10,base.layers.9.mixer,0.809743
20,0,2,vim_tiny,cifar10,1.0,11,base.layers.10.mixer,0.904354
20,0,2,vim_tiny,cifar10,1.0,12,base.layers.11.mixer,0.893058
20,0,2,vim_tiny,cifar10,1.0,13,classifier,0.745972
20,0,3,vim_tiny,cifar10,1.0,0,base.patch_embed,0.955946
20,0,3,vim_tiny,cifar10,1.0,1,base.layers.0.mixer,0.852057
20,0,3,vim_tiny,cifar10,1.0,2,base.layers.1.mixer,0.912186
20,0,3,vim_tiny,cifar10,1.0,3,base.layers.2.mixer,0.895043
20,0,3,vim_tiny,cifar10,1.0,4,base.layers.3.mixer,0.922297
20,0,3,vim_tiny,cifar10,1.0,5,base.layers.4.mixer,0.807658
20,0,3,vim_tiny,cifar10,1.0,6,base.layers.5.mixer,0.972112
20,0,3,vim_tiny,cifar10,1.0,7,base.layers.6.mixer,0.961985
20,0,3,vim_tiny,cifar10,1.0,8,base.layers.7.mixer,0.770751
20,0,3,vim_tiny,cifar10,1.0,9,base.layers.8.mixer,0.563237
20,0,3,vim_tiny,cifar10,1.0,10,base.layers.9.mixer,0.794542
20,0,3,vim_tiny,cifar10,1.0,11,base.layers.10.mixer,0.680096
20,0,3,vim_tiny,cifar10,1.0,12,base.layers.11.mixer,0.841549
20,0,3,vim_tiny,cifar10,1.0,13,classifier,0.708106
20,0,4,vim_tiny,cifar10,1.0,0,base.patch_embed,0.994308
20,0,4,vim_tiny,cifar10,1.0,1,base.layers.0.mixer,0.914404
20,0,4,vim_tiny,cifar10,1.0,2,base.layers.1.mixer,0.983411
20,0,4,vim_tiny,cifar10,1.0,3,base.layers.2.mixer,0.834086
20,0,4,vim_tiny,cifar10,1.0,4,base.layers.3.mixer,0.989318
20,0,4,vim_tiny,cifar10,1.0,5,base.layers.4.mixer,0.874076
20,0,4,vim_tiny,cifar10,1.0,6,base.layers.5.mixer,0.830462
20,0,4,vim_tiny,cifar10,1.0,7,base.layers.6.mixer,0.973131
20,0,4,vim_tiny,cifar10,1.0,8,base.layers.7.mixer,0.775397
20,0,4,vim_tiny,cifar10,1.0,9,base.layers.8.mixer,0.750627
20,0,4,vim_tiny,cifar10,1.0,10,base.layers.9.mixer,0.632561
20,0,4,vim_tiny,cifar10,1.0,11,base.layers.10.mixer,0.732574
20,0,4,vim_tiny,cifar10,1.0,12,base.layers.11.mixer,0.944243
20,0,4,vim_tiny,cifar10,1.0,13,classifier,0.663019
20,0,5,vim_tiny,cifar10,1.0,0,base.patch_embed,0.982998
20,0,5,vim_tiny,cifar10,1.0,1,base.layers.0.mixer,0.992274
20,0,5,vim_tiny,cifar10,1.0,2,base.layers.1.mixer,0.978626
20,0,5,vim_tiny,cifar10,1.0,3,base.layers.2.mixer,0.805323
20,0,5,vim_tiny,cifar10,1.0,4,base.layers.3.mixer,0.983624
20,0,5,vim_tiny,cifar10,1.0,5,base.layers.4.mixer,0.860126
20,0,5,vim_tiny,cifar10,1.0,6,base.layers.5.mixer,0.952765
20,0,5,vim_tiny,cifar10,1.0,7,base.layers.6.mixer,0.949588
20,0,5,vim_tiny,cifar10,1.0,8,base.layers.7.mixer,0.841977
20,0,5,vim_tiny,cifar10,1.0,9,base.layers.8.mixer,0.765223
20,0,5,vim_tiny,cifar10,1.0,10,base.layers.9.mixer,0.766785
20,0,5,vim_tiny,cifar10,1.0,11,base.layers.10.mixer,0.905193
20,0,5,vim_tiny,cifar10,1.0,12,base.layers.11.mixer,0.938635
20,0,5,vim_tiny,cifar10,1.0,13,classifier,0.684813
20,0,6,vim_tiny,cifar10,1.0,0,base.patch_embed,0.953518
20,0,6,vim_tiny,cifar10,1.0,1,base.layers.0.mixer,0.986932
20,0,6,vim_tiny,cifar10,1.0,2,base.layers.1.mixer,0.958080
20,0,6,vim_tiny,cifar10,1.0,3,base.layers.2.mixer,0.729159
20,0,6,vim_tiny,cifar10,1.0,4,base.layers.3.mixer,0.954221
20,0,6,vim_tiny,cifar10,1.0,5,base.layers.4.mixer,0.764906
20,0,6,vim_tiny,cifar10,1.0,6,base.layers.5.mixer,0.959841
20,0,6,vim_tiny,cifar10,1.0,7,base.layers.6.mixer,0.924625
20,0,6,vim_tiny,cifar10,1.0,8,base.layers.7.mixer,0.684479
20,0,6,vim_tiny,cifar10,1.0,9,base.layers.8.mixer,0.507440
20,0,6,vim_tiny,cifar10,1.0,10,base.layers.9.mixer,0.774523
20,0,6,vim_tiny,cifar10,1.0,11,base.layers.10.mixer,0.920015
20,0,6,vim_tiny,cifar10,1.0,12,base.layers.11.mixer,0.932578
20,0,6,vim_tiny,cifar10,1.0,13,classifier,0.696486
20,0,7,vim_tiny,cifar10,1.0,0,base.patch_embed,0.981690
20,0,7,vim_tiny,cifar10,1.0,1,base.layers.0.mixer,0.991621
20,0,7,vim_tiny,cifar10,1.0,2,base.layers.1.mixer,0.823825
20,0,7,vim_tiny,cifar10,1.0,3,base.layers.2.mixer,0.891376
20,0,7,vim_tiny,cifar10,1.0,4,base.layers.3.mixer,0.972542
20,0,7,vim_tiny,cifar10,1.0,5,base.layers.4.mixer,0.837901
20,0,7,vim_tiny,cifar10,1.0,6,base.layers.5.mixer,0.827628
20,0,7,vim_tiny,cifar10,1.0,7,base.layers.6.mixer,0.897316
20,0,7,vim_tiny,cifar10,1.0,8,base.layers.7.mixer,0.565916
20,0,7,vim_tiny,cifar10,1.0,9,base.layers.8.mixer,0.552442
20,0,7,vim_tiny,cifar10,1.0,10,base.layers.9.mixer,0.745478
20,0,7,vim_tiny,cifar10,1.0,11,base.layers.10.mixer,0.861857
20,0,7,vim_tiny,cifar10,1.0,12,base.layers.11.mixer,0.934540
20,0,7,vim_tiny,cifar10,1.0,13,classifier,0.727686
20,0,8,vim_tiny,cifar10,1.0,0,base.patch_embed,0.979049
20,0,8,vim_tiny,cifar10,1.0,1,base.layers.0.mixer,0.954892
20,0,8,vim_tiny,cifar10,1.0,2,base.layers.1.mixer,0.951629
20,0,8,vim_tiny,cifar10,1.0,3,base.layers.2.mixer,0.674235
20,0,8,vim_tiny,cifar10,1.0,4,base.layers.3.mixer,0.992479
20,0,8,vim_tiny,cifar10,1.0,5,base.layers.4.mixer,0.861370
20,0,8,vim_tiny,cifar10,1.0,6,base.layers.5.mixer,0.974378
20,0,8,vim_tiny,cifar10,1.0,7,base.layers.6.mixer,0.896439
20,0,8,vim_tiny,cifar10,1.0,8,base.layers.7.mixer,0.685660
20,0,8,vim_tiny,cifar10,1.0,9,base.layers.8.mixer,0.597457
20,0,8,vim_tiny,cifar10,1.0,10,base.layers.9.mixer,0.644167
20,0,8,vim_tiny,cifar10,1.0,11,base.layers.10.mixer,0.937945
20,0,8,vim_tiny,cifar10,1.0,12,base.layers.11.mixer,0.941502
20,0,8,vim_tiny,cifar10,1.0,13,classifier,0.658803
20,0,9,vim_tiny,cifar10,1.0,0,base.patch_embed,0.976962
20,0,9,vim_tiny,cifar10,1.0,1,base.layers.0.mixer,0.914145
20,0,9,vim_tiny,cifar10,1.0,2,base.layers.1.mixer,0.907907
20,0,9,vim_tiny,cifar10,1.0,3,base.layers.2.mixer,0.505129
20,0,9,vim_tiny,cifar10,1.0,4,base.layers.3.mixer,0.976362
20,0,9,vim_tiny,cifar10,1.0,5,base.layers.4.mixer,0.785420
20,0,9,vim_tiny,cifar10,1.0,6,base.layers.5.mixer,0.971082
20,0,9,vim_tiny,cifar10,1.0,7,base.layers.6.mixer,0.907742
20,0,9,vim_tiny,cifar10,1.0,8,base.layers.7.mixer,0.741526
20,0,9,vim_tiny,cifar10,1.0,9,base.layers.8.mixer,0.621186
20,0,9,vim_tiny,cifar10,1.0,10,base.layers.9.mixer,0.914988
20,0,9,vim_tiny,cifar10,1.0,11,base.layers.10.mixer,0.846359
20,0,9,vim_tiny,cifar10,1.0,12,base.layers.11.mixer,0.903781
20,0,9,vim_tiny,cifar10,1.0,13,classifier,0.669436
20,1,2,vim_tiny,cifar10,1.0,0,base.patch_embed,0.970655
20,1,2,vim_tiny,cifar10,1.0,1,base.layers.0.mixer,0.929824
20,1,2,vim_tiny,cifar10,1.0,2,base.layers.1.mixer,0.963145
20,1,2,vim_tiny,cifar10,1.0,3,base.layers.2.mixer,0.941988
20,1,2,vim_tiny,cifar10,1.0,4,base.layers.3.mixer,0.994444
20,1,2,vim_tiny,cifar10,1.0,5,base.layers.4.mixer,0.905947
20,1,2,vim_tiny,cifar10,1.0,6,base.layers.5.mixer,0.919215
20,1,2,vim_tiny,cifar10,1.0,7,base.layers.6.mixer,0.924271
20,1,2,vim_tiny,cifar10,1.0,8,base.layers.7.mixer,0.548466
20,1,2,vim_tiny,cifar10,1.0,9,base.layers.8.mixer,0.847644
20,1,2,vim_tiny,cifar10,1.0,10,base.layers.9.mixer,0.828635
20,1,2,vim_tiny,cifar10,1.0,11,base.layers.10.mixer,0.800480
20,1,2,vim_tiny,cifar10,1.0,12,base.layers.11.mixer,0.836816
20,1,2,vim_tiny,cifar10,1.0,13,classifier,0.728424
20,1,3,vim_tiny,cifar10,1.0,0,base.patch_embed,0.995509
20,1,3,vim_tiny,cifar10,1.0,1,base.layers.0.mixer,0.826259
20,1,3,vim_tiny,cifar10,1.0,2,base.layers.1.mixer,0.932804
20,1,3,vim_tiny,cifar10,1.0,3,base.layers.2.mixer,0.892920
20,1,3,vim_tiny,cifar10,1.0,4,base.layers.3.mixer,0.904364
20,1,3,vim_tiny,cifar10,1.0,5,base.layers.4.mixer,0.877529
20,1,3,vim_tiny,cifar10,1.0,6,base.layers.5.mixer,0.961437
20,1,3,vim_tiny,cifar10,1.0,7,base.layers.6.mixer,0.939507
20,1,3,vim_tiny,cifar10,1.0,8,base.layers.7.mixer,0.417349
20,1,3,vim_tiny,cifar10,1.0,9,base.layers.8.mixer,0.915361
20,1,3,vim_tiny,cifar10,1.0,10,base.layers.9.mixer,0.874371
20,1,3,vim_tiny,cifar10,1.0,11,base.layers.10.mixer,0.812887
20,1,3,vim_tiny,cifar10,1.0,12,base.layers.11.mixer,0.845019
20,1,3,vim_tiny,cifar10,1.0,13,classifier,0.756629
20,1,4,vim_tiny,cifar10,1.0,0,base.patch_embed,0.975016
20,1,4,vim_tiny,cifar10,1.0,1,base.layers.0.mixer,0.870334
20,1,4,vim_tiny,cifar10,1.0,2,base.layers.1.mixer,0.915749
20,1,4,vim_tiny,cifar10,1.0,3,base.layers.2.mixer,0.961582
20,1,4,vim_tiny,cifar10,1.0,4,base.layers.3.mixer,0.974091
20,1,4,vim_tiny,cifar10,1.0,5,base.layers.4.mixer,0.812048
20,1,4,vim_tiny,cifar10,1.0,6,base.layers.5.mixer,0.743846
20,1,4,vim_tiny,cifar10,1.0,7,base.layers.6.mixer,0.955733
20,1,4,vim_tiny,cifar10,1.0,8,base.layers.7.mixer,0.565993
20,1,4,vim_tiny,cifar10,1.0,9,base.layers.8.mixer,0.817883
20,1,4,vim_tiny,cifar10,1.0,10,base.layers.9.mixer,0.899224
20,1,4,vim_tiny,cifar10,1.0,11,base.layers.10.mixer,0.854590
20,1,4,vim_tiny,cifar10,1.0,12,base.layers.11.mixer,0.919098
20,1,4,vim_tiny,cifar10,1.0,13,classifier,0.699870
20,1,5,vim_tiny,cifar10,1.0,0,base.patch_embed,0.971779
20,1,5,vim_tiny,cifar10,1.0,1,base.layers.0.mixer,0.973830
20,1,5,vim_tiny,cifar10,1.0,2,base.layers.1.mixer,0.924712
20,1,5,vim_tiny,cifar10,1.0,3,base.layers.2.mixer,0.944293
20,1,5,vim_tiny,cifar10,1.0,4,base.layers.3.mixer,0.993980
20,1,5,vim_tiny,cifar10,1.0,5,base.layers.4.mixer,0.863103
20,1,5,vim_tiny,cifar10,1.0,6,base.layers.5.mixer,0.903000
20,1,5,vim_tiny,cifar10,1.0,7,base.layers.6.mixer,0.967260
20,1,5,vim_tiny,cifar10,1.0,8,base.layers.7.mixer,0.613465
20,1,5,vim_tiny,cifar10,1.0,9,base.layers.8.mixer,0.844613
20,1,5,vim_tiny,cifar10,1.0,10,base.layers.9.mixer,0.957551
20,1,5,vim_tiny,cifar10,1.0,11,base.layers.10.mixer,0.768689
20,1,5,vim_tiny,cifar10,1.0,12,base.layers.11.mixer,0.910936
20,1,5,vim_tiny,cifar10,1.0,13,classifier,0.694826
20,1,6,vim_tiny,cifar10,1.0,0,base.patch_embed,0.964554
20,1,6,vim_tiny,cifar10,1.0,1,base.layers.0.mixer,0.985140
20,1,6,vim_tiny,cifar10,1.0,2,base.layers.1.mixer,0.866659
20,1,6,vim_tiny,cifar10,1.0,3,base.layers.2.mixer,0.863523
20,1,6,vim_tiny,cifar10,1.0,4,base.layers.3.mixer,0.967116
20,1,6,vim_tiny,cifar10,1.0,5,base.layers.4.mixer,0.752206
20,1,6,vim_tiny,cifar10,1.0,6,base.layers.5.mixer,0.970155
20,1,6,vim_tiny,cifar10,1.0,7,base.layers.6.mixer,0.932612
20,1,6,vim_tiny,cifar10,1.0,8,base.layers.7.mixer,0.480991
20,1,6,vim_tiny,cifar10,1.0,9,base.layers.8.mixer,0.929126
20,1,6,vim_tiny,cifar10,1.0,10,base.layers.9.mixer,0.938408
20,1,6,vim_tiny,cifar10,1.0,11,base.layers.10.mixer,0.768261
20,1,6,vim_tiny,cifar10,1.0,12,base.layers.11.mixer,0.942282
20,1,6,vim_tiny,cifar10,1.0,13,classifier,0.655217
20,1,7,vim_tiny,cifar10,1.0,0,base.patch_embed,0.991171
20,1,7,vim_tiny,cifar10,1.0,1,base.layers.0.mixer,0.975481
20,1,7,vim_tiny,cifar10,1.0,2,base.layers.1.mixer,0.920210
20,1,7,vim_tiny,cifar10,1.0,3,base.layers.2.mixer,0.820283
20,1,7,vim_tiny,cifar10,1.0,4,base.layers.3.mixer,0.991973
20,1,7,vim_tiny,cifar10,1.0,5,base.layers.4.mixer,0.822905
20,1,7,vim_tiny,cifar10,1.0,6,base.layers.5.mixer,0.745196
20,1,7,vim_tiny,cifar10,1.0,7,base.layers.6.mixer,0.888777
20,1,7,vim_tiny,cifar10,1.0,8,base.layers.7.mixer,0.850263
20,1,7,vim_tiny,cifar10,1.0,9,base.layers.8.mixer,0.866480
20,1,7,vim_tiny,cifar10,1.0,10,base.layers.9.mixer,0.924417
20,1,7,vim_tiny,cifar10,1.0,11,base.layers.10.mixer,0.732168
20,1,7,vim_tiny,cifar10,1.0,12,base.layers.11.mixer,0.943567
20,1,7,vim_tiny,cifar10,1.0,13,classifier,0.726317
20,1,8,vim_tiny,cifar10,1.0,0,base.patch_embed,0.960684
20,1,8,vim_tiny,cifar10,1.0,1,base.layers.0.mixer,0.961823
20,1,8,vim_tiny,cifar10,1.0,2,base.layers.1.mixer,0.812299
20,1,8,vim_tiny,cifar10,1.0,3,base.layers.2.mixer,0.651799
20,1,8,vim_tiny,cifar10,1.0,4,base.layers.3.mixer,0.994649
20,1,8,vim_tiny,cifar10,1.0,5,base.layers.4.mixer,0.864178
20,1,8,vim_tiny,cifar10,1.0,6,base.layers.5.mixer,0.951343
20,1,8,vim_tiny,cifar10,1.0,7,base.layers.6.mixer,0.917917
20,1,8,vim_tiny,cifar10,1.0,8,base.layers.7.mixer,0.534025
20,1,8,vim_tiny,cifar10,1.0,9,base.layers.8.mixer,0.913404
20,1,8,vim_tiny,cifar10,1.0,10,base.layers.9.mixer,0.932522
20,1,8,vim_tiny,cifar10,1.0,11,base.layers.10.mixer,0.879013
20,1,8,vim_tiny,cifar10,1.0,12,base.layers.11.mixer,0.969164
20,1,8,vim_tiny,cifar10,1.0,13,classifier,0.721147
20,1,9,vim_tiny,cifar10,1.0,0,base.patch_embed,0.968790
20,1,9,vim_tiny,cifar10,1.0,1,base.layers.0.mixer,0.878611
20,1,9,vim_tiny,cifar10,1.0,2,base.layers.1.mixer,0.773673
20,1,9,vim_tiny,cifar10,1.0,3,base.layers.2.mixer,0.586190
20,1,9,vim_tiny,cifar10,1.0,4,base.layers.3.mixer,0.967444
20,1,9,vim_tiny,cifar10,1.0,5,base.layers.4.mixer,0.804088
20,1,9,vim_tiny,cifar10,1.0,6,base.layers.5.mixer,0.977921
20,1,9,vim_tiny,cifar10,1.0,7,base.layers.6.mixer,0.903496
20,1,9,vim_tiny,cifar10,1.0,8,base.layers.7.mixer,0.702715
20,1,9,vim_tiny,cifar10,1.0,9,base.layers.8.mixer,0.899249
20,1,9,vim_tiny,cifar10,1.0,10,base.layers.9.mixer,0.736408
20,1,9,vim_tiny,cifar10,1.0,11,base.layers.10.mixer,0.909977
20,1,9,vim_tiny,cifar10,1.0,12,base.layers.11.mixer,0.941412
20,1,9,vim_tiny,cifar10,1.0,13,classifier,0.590542
20,2,3,vim_tiny,cifar10,1.0,0,base.patch_embed,0.970421
20,2,3,vim_tiny,cifar10,1.0,1,base.layers.0.mixer,0.961080
20,2,3,vim_tiny,cifar10,1.0,2,base.layers.1.mixer,0.945389
20,2,3,vim_tiny,cifar10,1.0,3,base.layers.2.mixer,0.852202
20,2,3,vim_tiny,cifar10,1.0,4,base.layers.3.mixer,0.886201
20,2,3,vim_tiny,cifar10,1.0,5,base.layers.4.mixer,0.877368
20,2,3,vim_tiny,cifar10,1.0,6,base.layers.5.mixer,0.952961
20,2,3,vim_tiny,cifar10,1.0,7,base.layers.6.mixer,0.967343
20,2,3,vim_tiny,cifar10,1.0,8,base.layers.7.mixer,0.863683
20,2,3,vim_tiny,cifar10,1.0,9,base.layers.8.mixer,0.867862
20,2,3,vim_tiny,cifar10,1.0,10,base.layers.9.mixer,0.783622
20,2,3,vim_tiny,cifar10,1.0,11,base.layers.10.mixer,0.523879
20,2,3,vim_tiny,cifar10,1.0,12,base.layers.11.mixer,0.805609
20,2,3,vim_tiny,cifar10,1.0,13,classifier,0.779110
20,2,4,vim_tiny,cifar10,1.0,0,base.patch_embed,0.968702
20,2,4,vim_tiny,cifar10,1.0,1,base.layers.0.mixer,0.984922
20,2,4,vim_tiny,cifar10,1.0,2,base.layers.1.mixer,0.950096
20,2,4,vim_tiny,cifar10,1.0,3,base.layers.2.mixer,0.891496
20,2,4,vim_tiny,cifar10,1.0,4,base.layers.3.mixer,0.961750
20,2,4,vim_tiny,cifar10,1.0,5,base.layers.4.mixer,0.832625
20,2,4,vim_tiny,cifar10,1.0,6,base.layers.5.mixer,0.910609
20,2,4,vim_tiny,cifar10,1.0,7,base.layers.6.mixer,0.931561
20,2,4,vim_tiny,cifar10,1.0,8,base.layers.7.mixer,0.820901
20,2,4,vim_tiny,cifar10,1.0,9,base.layers.8.mixer,0.846069
20,2,4,vim_tiny,cifar10,1.0,10,base.layers.9.mixer,0.770486
20,2,4,vim_tiny,cifar10,1.0,11,base.layers.10.mixer,0.557627
20,2,4,vim_tiny,cifar10,1.0,12,base.layers.11.mixer,0.926946
20,2,4,vim_tiny,cifar10,1.0,13,classifier,0.727806
20,2,5,vim_tiny,cifar10,1.0,0,base.patch_embed,0.996879
20,2,5,vim_tiny,cifar10,1.0,1,base.layers.0.mixer,0.980232
20,2,5,vim_tiny,cifar10,1.0,2,base.layers.1.mixer,0.977923
20,2,5,vim_tiny,cifar10,1.0,3,base.layers.2.mixer,0.916090
20,2,5,vim_tiny,cifar10,1.0,4,base.layers.3.mixer,0.993905
20,2,5,vim_tiny,cifar10,1.0,5,base.layers.4.mixer,0.917414
20,2,5,vim_tiny,cifar10,1.0,6,base.layers.5.mixer,0.988343
20,2,5,vim_tiny,cifar10,1.0,7,base.layers.6.mixer,0.904600
20,2,5,vim_tiny,cifar10,1.0,8,base.layers.7.mixer,0.944370
20,2,5,vim_tiny,cifar10,1.0,9,base.layers.8.mixer,0.933187
20,2,5,vim_tiny,cifar10,1.0,10,base.layers.9.mixer,0.789282
20,2,5,vim_tiny,cifar10,1.0,11,base.layers.10.mixer,0.845459
20,2,5,vim_tiny,cifar10,1.0,12,base.layers.11.mixer,0.902141
20,2,5,vim_tiny,cifar10,1.0,13,classifier,0.730582
20,2,6,vim_tiny,cifar10,1.0,0,base.patch_embed,0.995605
20,2,6,vim_tiny,cifar10,1.0,1,base.layers.0.mixer,0.968188
20,2,6,vim_tiny,cifar10,1.0,2,base.layers.1.mixer,0.949511
20,2,6,vim_tiny,cifar10,1.0,3,base.layers.2.mixer,0.874816
20,2,6,vim_tiny,cifar10,1.0,4,base.layers.3.mixer,0.966159
20,2,6,vim_tiny,cifar10,1.0,5,base.layers.4.mixer,0.880835
20,2,6,vim_tiny,cifar10,1.0,6,base.layers.5.mixer,0.928787
20,2,6,vim_tiny,cifar10,1.0,7,base.layers.6.mixer,0.881510
20,2,6,vim_tiny,cifar10,1.0,8,base.layers.7.mixer,0.592187
20,2,6,vim_tiny,cifar10,1.0,9,base.layers.8.mixer,0.858140
20,2,6,vim_tiny,cifar10,1.0,10,base.layers.9.mixer,0.828083
20,2,6,vim_tiny,cifar10,1.0,11,base.layers.10.mixer,0.901794
20,2,6,vim_tiny,cifar10,1.0,12,base.layers.11.mixer,0.864328
20,2,6,vim_tiny,cifar10,1.0,13,classifier,0.717186
20,2,7,vim_tiny,cifar10,1.0,0,base.patch_embed,0.967180
20,2,7,vim_tiny,cifar10,1.0,1,base.layers.0.mixer,0.940820
20,2,7,vim_tiny,cifar10,1.0,2,base.layers.1.mixer,0.851513
20,2,7,vim_tiny,cifar10,1.0,3,base.layers.2.mixer,0.750296
20,2,7,vim_tiny,cifar10,1.0,4,base.layers.3.mixer,0.991003
20,2,7,vim_tiny,cifar10,1.0,5,base.layers.4.mixer,0.815209
20,2,7,vim_tiny,cifar10,1.0,6,base.layers.5.mixer,0.903510
20,2,7,vim_tiny,cifar10,1.0,7,base.layers.6.mixer,0.828720
20,2,7,vim_tiny,cifar10,1.0,8,base.layers.7.mixer,0.517485
20,2,7,vim_tiny,cifar10,1.0,9,base.layers.8.mixer,0.736746
20,2,7,vim_tiny,cifar10,1.0,10,base.layers.9.mixer,0.798912
20,2,7,vim_tiny,cifar10,1.0,11,base.layers.10.mixer,0.952252
20,2,7,vim_tiny,cifar10,1.0,12,base.layers.11.mixer,0.860629
20,2,7,vim_tiny,cifar10,1.0,13,classifier,0.756636
20,2,8,vim_tiny,cifar10,1.0,0,base.patch_embed,0.995553
20,2,8,vim_tiny,cifar10,1.0,1,base.layers.0.mixer,0.900041
20,2,8,vim_tiny,cifar10,1.0,2,base.layers.1.mixer,0.887510
20,2,8,vim_tiny,cifar10,1.0,3,base.layers.2.mixer,0.699105
20,2,8,vim_tiny,cifar10,1.0,4,base.layers.3.mixer,0.994591
20,2,8,vim_tiny,cifar10,1.0,5,base.layers.4.mixer,0.877791
20,2,8,vim_tiny,cifar10,1.0,6,base.layers.5.mixer,0.983652
20,2,8,vim_tiny,cifar10,1.0,7,base.layers.6.mixer,0.857075
20,2,8,vim_tiny,cifar10,1.0,8,base.layers.7.mixer,0.637331
20,2,8,vim_tiny,cifar10,1.0,9,base.layers.8.mixer,0.860146
20,2,8,vim_tiny,cifar10,1.0,10,base.layers.9.mixer,0.775677
20,2,8,vim_tiny,cifar10,1.0,11,base.layers.10.mixer,0.802498
20,2,8,vim_tiny,cifar10,1.0,12,base.layers.11.mixer,0.837714
20,2,8,vim_tiny,cifar10,1.0,13,classifier,0.743827
20,2,9,vim_tiny,cifar10,1.0,0,base.patch_embed,0.998106
20,2,9,vim_tiny,cifar10,1.0,1,base.layers.0.mixer,0.988378
20,2,9,vim_tiny,cifar10,1.0,2,base.layers.1.mixer,0.878849
20,2,9,vim_tiny,cifar10,1.0,3,base.layers.2.mixer,0.650515
20,2,9,vim_tiny,cifar10,1.0,4,base.layers.3.mixer,0.959870
20,2,9,vim_tiny,cifar10,1.0,5,base.layers.4.mixer,0.745797
20,2,9,vim_tiny,cifar10,1.0,6,base.layers.5.mixer,0.933369
20,2,9,vim_tiny,cifar10,1.0,7,base.layers.6.mixer,0.937561
20,2,9,vim_tiny,cifar10,1.0,8,base.layers.7.mixer,0.900656
20,2,9,vim_tiny,cifar10,1.0,9,base.layers.8.mixer,0.890862
20,2,9,vim_tiny,cifar10,1.0,10,base.layers.9.mixer,0.810294
20,2,9,vim_tiny,cifar10,1.0,11,base.layers.10.mixer,0.698453
20,2,9,vim_tiny,cifar10,1.0,12,base.layers.11.mixer,0.814894
20,2,9,vim_tiny,cifar10,1.0,13,classifier,0.741844
20,3,4,vim_tiny,cifar10,1.0,0,base.patch_embed,0.970109
20,3,4,vim_tiny,cifar10,1.0,1,base.layers.0.mixer,0.980411
20,3,4,vim_tiny,cifar10,1.0,2,base.layers.1.mixer,0.905647
20,3,4,vim_tiny,cifar10,1.0,3,base.layers.2.mixer,0.922718
20,3,4,vim_tiny,cifar10,1.0,4,base.layers.3.mixer,0.962828
20,3,4,vim_tiny,cifar10,1.0,5,base.layers.4.mixer,0.863965
20,3,4,vim_tiny,cifar10,1.0,6,base.layers.5.mixer,0.809386
20,3,4,vim_tiny,cifar10,1.0,7,base.layers.6.mixer,0.959948
20,3,4,vim_tiny,cifar10,1.0,8,base.layers.7.mixer,0.721152
20,3,4,vim_tiny,cifar10,1.0,9,base.layers.8.mixer,0.824027
20,3,4,vim_tiny,cifar10,1.0,10,base.layers.9.mixer,0.795814
20,3,4,vim_tiny,cifar10,1.0,11,base.layers.10.mixer,0.911570
20,3,4,vim_tiny,cifar10,1.0,12,base.layers.11.mixer,0.880246
20,3,4,vim_tiny,cifar10,1.0,13,classifier,0.710788
20,3,5,vim_tiny,cifar10,1.0,0,base.patch_embed,0.966186
20,3,5,vim_tiny,cifar10,1.0,1,base.layers.0.mixer,0.897023
20,3,5,vim_tiny,cifar10,1.0,2,base.layers.1.mixer,0.923784
20,3,5,vim_tiny,cifar10,1.0,3,base.layers.2.mixer,0.836722
20,3,5,vim_tiny,cifar10,1.0,4,base.layers.3.mixer,0.907058
20,3,5,vim_tiny,cifar10,1.0,5,base.layers.4.mixer,0.885195
20,3,5,vim_tiny,cifar10,1.0,6,base.layers.5.mixer,0.953097
20,3,5,vim_tiny,cifar10,1.0,7,base.layers.6.mixer,0.917125
20,3,5,vim_tiny,cifar10,1.0,8,base.layers.7.mixer,0.861659
20,3,5,vim_tiny,cifar10,1.0,9,base.layers.8.mixer,0.885415
20,3,5,vim_tiny,cifar10,1.0,10,base.layers.9.mixer,0.884231
20,3,5,vim_tiny,cifar10,1.0,11,base.layers.10.mixer,0.562233
20,3,5,vim_tiny,cifar10,1.0,12,base.layers.11.mixer,0.802792
20,3,5,vim_tiny,cifar10,1.0,13,classifier,0.676805
20,3,6,vim_tiny,cifar10,1.0,0,base.patch_embed,0.962529
20,3,6,vim_tiny,cifar10,1.0,1,base.layers.0.mixer,0.875668
20,3,6,vim_tiny,cifar10,1.0,2,base.layers.1.mixer,0.899542
20,3,6,vim_tiny,cifar10,1.0,3,base.layers.2.mixer,0.696748
20,3,6,vim_tiny,cifar10,1.0,4,base.layers.3.mixer,0.923383
20,3,6,vim_tiny,cifar10,1.0,5,base.layers.4.mixer,0.787339
20,3,6,vim_tiny,cifar10,1.0,6,base.layers.5.mixer,0.957032
20,3,6,vim_tiny,cifar10,1.0,7,base.layers.6.mixer,0.887335
20,3,6,vim_tiny,cifar10,1.0,8,base.layers.7.mixer,0.481373
20,3,6,vim_tiny,cifar10,1.0,9,base.layers.8.mixer,0.949158
20,3,6,vim_tiny,cifar10,1.0,10,base.layers.9.mixer,0.829989
20,3,6,vim_tiny,cifar10,1.0,11,base.layers.10.mixer,0.487845
20,3,6,vim_tiny,cifar10,1.0,12,base.layers.11.mixer,0.833422
20,3,6,vim_tiny,cifar10,1.0,13,classifier,0.700278
20,3,7,vim_tiny,cifar10,1.0,0,base.patch_embed,0.978577
20,3,7,vim_tiny,cifar10,1.0,1,base.layers.0.mixer,0.827957
20,3,7,vim_tiny,cifar10,1.0,2,base.layers.1.mixer,0.837326
20,3,7,vim_tiny,cifar10,1.0,3,base.layers.2.mixer,0.917846
20,3,7,vim_tiny,cifar10,1.0,4,base.layers.3.mixer,0.867387
20,3,7,vim_tiny,cifar10,1.0,5,base.layers.4.mixer,0.807751
20,3,7,vim_tiny,cifar10,1.0,6,base.layers.5.mixer,0.807512
20,3,7,vim_tiny,cifar10,1.0,7,base.layers.6.mixer,0.824981
20,3,7,vim_tiny,cifar10,1.0,8,base.layers.7.mixer,0.417299
20,3,7,vim_tiny,cifar10,1.0,9,base.layers.8.mixer,0.774209
20,3,7,vim_tiny,cifar10,1.0,10,base.layers.9.mixer,0.840665
20,3,7,vim_tiny,cifar10,1.0,11,base.layers.10.mixer,0.362945
20,3,7,vim_tiny,cifar10,1.0,12,base.layers.11.mixer,0.763869
20,3,7,vim_tiny,cifar10,1.0,13,classifier,0.777477
20,3,8,vim_tiny,cifar10,1.0,0,base.patch_embed,0.955840
20,3,8,vim_tiny,cifar10,1.0,1,base.layers.0.mixer,0.783049
20,3,8,vim_tiny,cifar10,1.0,2,base.layers.1.mixer,0.861928
20,3,8,vim_tiny,cifar10,1.0,3,base.layers.2.mixer,0.648527
20,3,8,vim_tiny,cifar10,1.0,4,base.layers.3.mixer,0.907921
20,3,8,vim_tiny,cifar10,1.0,5,base.layers.4.mixer,0.814147
20,3,8,vim_tiny,cifar10,1.0,6,base.layers.5.mixer,0.966247
20,3,8,vim_tiny,cifar10,1.0,7,base.layers.6.mixer,0.850057
20,3,8,vim_tiny,cifar10,1.0,8,base.layers.7.mixer,0.546273
20,3,8,vim_tiny,cifar10,1.0,9,base.layers.8.mixer,0.830925
20,3,8,vim_tiny,cifar10,1.0,10,base.layers.9.mixer,0.808128
20,3,8,vim_tiny,cifar10,1.0,11,base.layers.10.mixer,0.780819
20,3,8,vim_tiny,cifar10,1.0,12,base.layers.11.mixer,0.826466
20,3,8,vim_tiny,cifar10,1.0,13,classifier,0.771904
20,3,9,vim_tiny,cifar10,1.0,0,base.patch_embed,0.969754
20,3,9,vim_tiny,cifar10,1.0,1,base.layers.0.mixer,0.983392
20,3,9,vim_tiny,cifar10,1.0,2,base.layers.1.mixer,0.811326
20,3,9,vim_tiny,cifar10,1.0,3,base.layers.2.mixer,0.430720
20,3,9,vim_tiny,cifar10,1.0,4,base.layers.3.mixer,0.972794
20,3,9,vim_tiny,cifar10,1.0,5,base.layers.4.mixer,0.798576
20,3,9,vim_tiny,cifar10,1.0,6,base.layers.5.mixer,0.972451
20,3,9,vim_tiny,cifar10,1.0,7,base.layers.6.mixer,0.921018
20,3,9,vim_tiny,cifar10,1.0,8,base.layers.7.mixer,0.861303
20,3,9,vim_tiny,cifar10,1.0,9,base.layers.8.mixer,0.880307
20,3,9,vim_tiny,cifar10,1.0,10,base.layers.9.mixer,0.795647
20,3,9,vim_tiny,cifar10,1.0,11,base.layers.10.mixer,0.888587
20,3,9,vim_tiny,cifar10,1.0,12,base.layers.11.mixer,0.835515
20,3,9,vim_tiny,cifar10,1.0,13,classifier,0.719256
20,4,5,vim_tiny,cifar10,1.0,0,base.patch_embed,0.976421
20,4,5,vim_tiny,cifar10,1.0,1,base.layers.0.mixer,0.944319
20,4,5,vim_tiny,cifar10,1.0,2,base.layers.1.mixer,0.965679
20,4,5,vim_tiny,cifar10,1.0,3,base.layers.2.mixer,0.920571
20,4,5,vim_tiny,cifar10,1.0,4,base.layers.3.mixer,0.967987
20,4,5,vim_tiny,cifar10,1.0,5,base.layers.4.mixer,0.818633
20,4,5,vim_tiny,cifar10,1.0,6,base.layers.5.mixer,0.928286
20,4,5,vim_tiny,cifar10,1.0,7,base.layers.6.mixer,0.933244
20,4,5,vim_tiny,cifar10,1.0,8,base.layers.7.mixer,0.811017
20,4,5,vim_tiny,cifar10,1.0,9,base.layers.8.mixer,0.909064
20,4,5,vim_tiny,cifar10,1.0,10,base.layers.9.mixer,0.882396
20,4,5,vim_tiny,cifar10,1.0,11,base.layers.10.mixer,0.552861
20,4,5,vim_tiny,cifar10,1.0,12,base.layers.11.mixer,0.920470
20,4,5,vim_tiny,cifar10,1.0,13,classifier,0.630519
20,4,6,vim_tiny,cifar10,1.0,0,base.patch_embed,0.946702
20,4,6,vim_tiny,cifar10,1.0,1,base.layers.0.mixer,0.919118
20,4,6,vim_tiny,cifar10,1.0,2,base.layers.1.mixer,0.946623
20,4,6,vim_tiny,cifar10,1.0,3,base.layers.2.mixer,0.773103
20,4,6,vim_tiny,cifar10,1.0,4,base.layers.3.mixer,0.950313
20,4,6,vim_tiny,cifar10,1.0,5,base.layers.4.mixer,0.730850
20,4,6,vim_tiny,cifar10,1.0,6,base.layers.5.mixer,0.731282
20,4,6,vim_tiny,cifar10,1.0,7,base.layers.6.mixer,0.903591
20,4,6,vim_tiny,cifar10,1.0,8,base.layers.7.mixer,0.619650
20,4,6,vim_tiny,cifar10,1.0,9,base.layers.8.mixer,0.807249
20,4,6,vim_tiny,cifar10,1.0,10,base.layers.9.mixer,0.896770
20,4,6,vim_tiny,cifar10,1.0,11,base.layers.10.mixer,0.515739
20,4,6,vim_tiny,cifar10,1.0,12,base.layers.11.mixer,0.894073
20,4,6,vim_tiny,cifar10,1.0,13,classifier,0.609896
20,4,7,vim_tiny,cifar10,1.0,0,base.patch_embed,0.977445
20,4,7,vim_tiny,cifar10,1.0,1,base.layers.0.mixer,0.894625
20,4,7,vim_tiny,cifar10,1.0,2,base.layers.1.mixer,0.857313
20,4,7,vim_tiny,cifar10,1.0,3,base.layers.2.mixer,0.839092
20,4,7,vim_tiny,cifar10,1.0,4,base.layers.3.mixer,0.946636
20,4,7,vim_tiny,cifar10,1.0,5,base.layers.4.mixer,0.755894
20,4,7,vim_tiny,cifar10,1.0,6,base.layers.5.mixer,0.983568
20,4,7,vim_tiny,cifar10,1.0,7,base.layers.6.mixer,0.847029
20,4,7,vim_tiny,cifar10,1.0,8,base.layers.7.mixer,0.504300
20,4,7,vim_tiny,cifar10,1.0,9,base.layers.8.mixer,0.820129
20,4,7,vim_tiny,cifar10,1.0,10,base.layers.9.mixer,0.912871
20,4,7,vim_tiny,cifar10,1.0,11,base.layers.10.mixer,0.426770
20,4,7,vim_tiny,cifar10,1.0,12,base.layers.11.mixer,0.885588
20,4,7,vim_tiny,cifar10,1.0,13,classifier,0.787739
20,4,8,vim_tiny,cifar10,1.0,0,base.patch_embed,0.970225
20,4,8,vim_tiny,cifar10,1.0,1,base.layers.0.mixer,0.838681
20,4,8,vim_tiny,cifar10,1.0,2,base.layers.1.mixer,0.931281
20,4,8,vim_tiny,cifar10,1.0,3,base.layers.2.mixer,0.602766
20,4,8,vim_tiny,cifar10,1.0,4,base.layers.3.mixer,0.977283
20,4,8,vim_tiny,cifar10,1.0,5,base.layers.4.mixer,0.761577
20,4,8,vim_tiny,cifar10,1.0,6,base.layers.5.mixer,0.855824
20,4,8,vim_tiny,cifar10,1.0,7,base.layers.6.mixer,0.873093
20,4,8,vim_tiny,cifar10,1.0,8,base.layers.7.mixer,0.702749
20,4,8,vim_tiny,cifar10,1.0,9,base.layers.8.mixer,0.896649
20,4,8,vim_tiny,cifar10,1.0,10,base.layers.9.mixer,0.877990
20,4,8,vim_tiny,cifar10,1.0,11,base.layers.10.mixer,0.802694
20,4,8,vim_tiny,cifar10,1.0,12,base.layers.11.mixer,0.900951
20,4,8,vim_tiny,cifar10,1.0,13,classifier,0.785518
20,4,9,vim_tiny,cifar10,1.0,0,base.patch_embed,0.977388
20,4,9,vim_tiny,cifar10,1.0,1,base.layers.0.mixer,0.989910
20,4,9,vim_tiny,cifar10,1.0,2,base.layers.1.mixer,0.856436
20,4,9,vim_tiny,cifar10,1.0,3,base.layers.2.mixer,0.463618
20,4,9,vim_tiny,cifar10,1.0,4,base.layers.3.mixer,0.989541
20,4,9,vim_tiny,cifar10,1.0,5,base.layers.4.mixer,0.840524
20,4,9,vim_tiny,cifar10,1.0,6,base.layers.5.mixer,0.736290
20,4,9,vim_tiny,cifar10,1.0,7,base.layers.6.mixer,0.886642
20,4,9,vim_tiny,cifar10,1.0,8,base.layers.7.mixer,0.822600
20,4,9,vim_tiny,cifar10,1.0,9,base.layers.8.mixer,0.767544
20,4,9,vim_tiny,cifar10,1.0,10,base.layers.9.mixer,0.577700
20,4,9,vim_tiny,cifar10,1.0,11,base.layers.10.mixer,0.903609
20,4,9,vim_tiny,cifar10,1.0,12,base.layers.11.mixer,0.874106
20,4,9,vim_tiny,cifar10,1.0,13,classifier,0.633744
20,5,6,vim_tiny,cifar10,1.0,0,base.patch_embed,0.991518
20,5,6,vim_tiny,cifar10,1.0,1,base.layers.0.mixer,0.993233
20,5,6,vim_tiny,cifar10,1.0,2,base.layers.1.mixer,0.964735
20,5,6,vim_tiny,cifar10,1.0,3,base.layers.2.mixer,0.864122
20,5,6,vim_tiny,cifar10,1.0,4,base.layers.3.mixer,0.985560
20,5,6,vim_tiny,cifar10,1.0,5,base.layers.4.mixer,0.800043
20,5,6,vim_tiny,cifar10,1.0,6,base.layers.5.mixer,0.907155
20,5,6,vim_tiny,cifar10,1.0,7,base.layers.6.mixer,0.973176
20,5,6,vim_tiny,cifar10,1.0,8,base.layers.7.mixer,0.635756
20,5,6,vim_tiny,cifar10,1.0,9,base.layers.8.mixer,0.872300
20,5,6,vim_tiny,cifar10,1.0,10,base.layers.9.mixer,0.895102
20,5,6,vim_tiny,cifar10,1.0,11,base.layers.10.mixer,0.958079
20,5,6,vim_tiny,cifar10,1.0,12,base.layers.11.mixer,0.865899
20,5,6,vim_tiny,cifar10,1.0,13,classifier,0.628272
20,5,7,vim_tiny,cifar10,1.0,0,base.patch_embed,0.976218
20,5,7,vim_tiny,cifar10,1.0,1,base.layers.0.mixer,0.982037
20,5,7,vim_tiny,cifar10,1.0,2,base.layers.1.mixer,0.819888
20,5,7,vim_tiny,cifar10,1.0,3,base.layers.2.mixer,0.776923
20,5,7,vim_tiny,cifar10,1.0,4,base.layers.3.mixer,0.992350
20,5,7,vim_tiny,cifar10,1.0,5,base.layers.4.mixer,0.771191
20,5,7,vim_tiny,cifar10,1.0,6,base.layers.5.mixer,0.928430
20,5,7,vim_tiny,cifar10,1.0,7,base.layers.6.mixer,0.890854
20,5,7,vim_tiny,cifar10,1.0,8,base.layers.7.mixer,0.605329
20,5,7,vim_tiny,cifar10,1.0,9,base.layers.8.mixer,0.745938
20,5,7,vim_tiny,cifar10,1.0,10,base.layers.9.mixer,0.867535
20,5,7,vim_tiny,cifar10,1.0,11,base.layers.10.mixer,0.806409
20,5,7,vim_tiny,cifar10,1.0,12,base.layers.11.mixer,0.917806
20,5,7,vim_tiny,cifar10,1.0,13,classifier,0.675289
20,5,8,vim_tiny,cifar10,1.0,0,base.patch_embed,0.998639
20,5,8,vim_tiny,cifar10,1.0,1,base.layers.0.mixer,0.949771
20,5,8,vim_tiny,cifar10,1.0,2,base.layers.1.mixer,0.925122
20,5,8,vim_tiny,cifar10,1.0,3,base.layers.2.mixer,0.666022
20,5,8,vim_tiny,cifar10,1.0,4,base.layers.3.mixer,0.994182
20,5,8,vim_tiny,cifar10,1.0,5,base.layers.4.mixer,0.888852
20,5,8,vim_tiny,cifar10,1.0,6,base.layers.5.mixer,0.974610
20,5,8,vim_tiny,cifar10,1.0,7,base.layers.6.mixer,0.957066
20,5,8,vim_tiny,cifar10,1.0,8,base.layers.7.mixer,0.667220
20,5,8,vim_tiny,cifar10,1.0,9,base.layers.8.mixer,0.869477
20,5,8,vim_tiny,cifar10,1.0,10,base.layers.9.mixer,0.899993
20,5,8,vim_tiny,cifar10,1.0,11,base.layers.10.mixer,0.883061
20,5,8,vim_tiny,cifar10,1.0,12,base.layers.11.mixer,0.923412
20,5,8,vim_tiny,cifar10,1.0,13,classifier,0.657886
20,5,9,vim_tiny,cifar10,1.0,0,base.patch_embed,0.996319
20,5,9,vim_tiny,cifar10,1.0,1,base.layers.0.mixer,0.947637
20,5,9,vim_tiny,cifar10,1.0,2,base.layers.1.mixer,0.918729
20,5,9,vim_tiny,cifar10,1.0,3,base.layers.2.mixer,0.619537
20,5,9,vim_tiny,cifar10,1.0,4,base.layers.3.mixer,0.974583
20,5,9,vim_tiny,cifar10,1.0,5,base.layers.4.mixer,0.762690
20,5,9,vim_tiny,cifar10,1.0,6,base.layers.5.mixer,0.917153
20,5,9,vim_tiny,cifar10,1.0,7,base.layers.6.mixer,0.916952
20,5,9,vim_tiny,cifar10,1.0,8,base.layers.7.mixer,0.895018
20,5,9,vim_tiny,cifar10,1.0,9,base.layers.8.mixer,0.882580
20,5,9,vim_tiny,cifar10,1.0,10,base.layers.9.mixer,0.742204
20,5,9,vim_tiny,cifar10,1.0,11,base.layers.10.mixer,0.678468
20,5,9,vim_tiny,cifar10,1.0,12,base.layers.11.mixer,0.923117
20,5,9,vim_tiny,cifar10,1.0,13,classifier,0.688591
20,6,7,vim_tiny,cifar10,1.0,0,base.patch_embed,0.960048
20,6,7,vim_tiny,cifar10,1.0,1,base.layers.0.mixer,0.980263
20,6,7,vim_tiny,cifar10,1.0,2,base.layers.1.mixer,0.782422
20,6,7,vim_tiny,cifar10,1.0,3,base.layers.2.mixer,0.661056
20,6,7,vim_tiny,cifar10,1.0,4,base.layers.3.mixer,0.968847
20,6,7,vim_tiny,cifar10,1.0,5,base.layers.4.mixer,0.666866
20,6,7,vim_tiny,cifar10,1.0,6,base.layers.5.mixer,0.721728
20,6,7,vim_tiny,cifar10,1.0,7,base.layers.6.mixer,0.890137
20,6,7,vim_tiny,cifar10,1.0,8,base.layers.7.mixer,0.628186
20,6,7,vim_tiny,cifar10,1.0,9,base.layers.8.mixer,0.742557
20,6,7,vim_tiny,cifar10,1.0,10,base.layers.9.mixer,0.928935
20,6,7,vim_tiny,cifar10,1.0,11,base.layers.10.mixer,0.894129
20,6,7,vim_tiny,cifar10,1.0,12,base.layers.11.mixer,0.907003
20,6,7,vim_tiny,cifar10,1.0,13,classifier,0.706501
20,6,8,vim_tiny,cifar10,1.0,0,base.patch_embed,0.989846
20,6,8,vim_tiny,cifar10,1.0,1,base.layers.0.mixer,0.960402
20,6,8,vim_tiny,cifar10,1.0,2,base.layers.1.mixer,0.925891
20,6,8,vim_tiny,cifar10,1.0,3,base.layers.2.mixer,0.726864
20,6,8,vim_tiny,cifar10,1.0,4,base.layers.3.mixer,0.968903
20,6,8,vim_tiny,cifar10,1.0,5,base.layers.4.mixer,0.743701
20,6,8,vim_tiny,cifar10,1.0,6,base.layers.5.mixer,0.966617
20,6,8,vim_tiny,cifar10,1.0,7,base.layers.6.mixer,0.961990
20,6,8,vim_tiny,cifar10,1.0,8,base.layers.7.mixer,0.764881
20,6,8,vim_tiny,cifar10,1.0,9,base.layers.8.mixer,0.834418
20,6,8,vim_tiny,cifar10,1.0,10,base.layers.9.mixer,0.895890
20,6,8,vim_tiny,cifar10,1.0,11,base.layers.10.mixer,0.853661
20,6,8,vim_tiny,cifar10,1.0,12,base.layers.11.mixer,0.929568
20,6,8,vim_tiny,cifar10,1.0,13,classifier,0.627969
20,6,9,vim_tiny,cifar10,1.0,0,base.patch_embed,0.989344
20,6,9,vim_tiny,cifar10,1.0,1,base.layers.0.mixer,0.925282
20,6,9,vim_tiny,cifar10,1.0,2,base.layers.1.mixer,0.920830
20,6,9,vim_tiny,cifar10,1.0,3,base.layers.2.mixer,0.833794
20,6,9,vim_tiny,cifar10,1.0,4,base.layers.3.mixer,0.977630
20,6,9,vim_tiny,cifar10,1.0,5,base.layers.4.mixer,0.607535
20,6,9,vim_tiny,cifar10,1.0,6,base.layers.5.mixer,0.988281
20,6,9,vim_tiny,cifar10,1.0,7,base.layers.6.mixer,0.920728
20,6,9,vim_tiny,cifar10,1.0,8,base.layers.7.mixer,0.534312
20,6,9,vim_tiny,cifar10,1.0,9,base.layers.8.mixer,0.836763
20,6,9,vim_tiny,cifar10,1.0,10,base.layers.9.mixer,0.702169
20,6,9,vim_tiny,cifar10,1.0,11,base.layers.10.mixer,0.667370
20,6,9,vim_tiny,cifar10,1.0,12,base.layers.11.mixer,0.879431
20,6,9,vim_tiny,cifar10,1.0,13,classifier,0.686331
20,7,8,vim_tiny,cifar10,1.0,0,base.patch_embed,0.968764
20,7,8,vim_tiny,cifar10,1.0,1,base.layers.0.mixer,0.962450
20,7,8,vim_tiny,cifar10,1.0,2,base.layers.1.mixer,0.692520
20,7,8,vim_tiny,cifar10,1.0,3,base.layers.2.mixer,0.568509
20,7,8,vim_tiny,cifar10,1.0,4,base.layers.3.mixer,0.986598
20,7,8,vim_tiny,cifar10,1.0,5,base.layers.4.mixer,0.825623
20,7,8,vim_tiny,cifar10,1.0,6,base.layers.5.mixer,0.847726
20,7,8,vim_tiny,cifar10,1.0,7,base.layers.6.mixer,0.893746
20,7,8,vim_tiny,cifar10,1.0,8,base.layers.7.mixer,0.569619
20,7,8,vim_tiny,cifar10,1.0,9,base.layers.8.mixer,0.875723
20,7,8,vim_tiny,cifar10,1.0,10,base.layers.9.mixer,0.859682
20,7,8,vim_tiny,cifar10,1.0,11,base.layers.10.mixer,0.708918
20,7,8,vim_tiny,cifar10,1.0,12,base.layers.11.mixer,0.932493
20,7,8,vim_tiny,cifar10,1.0,13,classifier,0.769717
20,7,9,vim_tiny,cifar10,1.0,0,base.patch_embed,0.964546
20,7,9,vim_tiny,cifar10,1.0,1,base.layers.0.mixer,0.892548
20,7,9,vim_tiny,cifar10,1.0,2,base.layers.1.mixer,0.599082
20,7,9,vim_tiny,cifar10,1.0,3,base.layers.2.mixer,0.409113
20,7,9,vim_tiny,cifar10,1.0,4,base.layers.3.mixer,0.948130
20,7,9,vim_tiny,cifar10,1.0,5,base.layers.4.mixer,0.719230
20,7,9,vim_tiny,cifar10,1.0,6,base.layers.5.mixer,0.733322
20,7,9,vim_tiny,cifar10,1.0,7,base.layers.6.mixer,0.815206
20,7,9,vim_tiny,cifar10,1.0,8,base.layers.7.mixer,0.586035
20,7,9,vim_tiny,cifar10,1.0,9,base.layers.8.mixer,0.779250
20,7,9,vim_tiny,cifar10,1.0,10,base.layers.9.mixer,0.681200
20,7,9,vim_tiny,cifar10,1.0,11,base.layers.10.mixer,0.603205
20,7,9,vim_tiny,cifar10,1.0,12,base.layers.11.mixer,0.872537
20,7,9,vim_tiny,cifar10,1.0,13,classifier,0.674528
20,8,9,vim_tiny,cifar10,1.0,0,base.patch_embed,0.994792
20,8,9,vim_tiny,cifar10,1.0,1,base.layers.0.mixer,0.849687
20,8,9,vim_tiny,cifar10,1.0,2,base.layers.1.mixer,0.928770
20,8,9,vim_tiny,cifar10,1.0,3,base.layers.2.mixer,0.714298
20,8,9,vim_tiny,cifar10,1.0,4,base.layers.3.mixer,0.974154
20,8,9,vim_tiny,cifar10,1.0,5,base.layers.4.mixer,0.741199
20,8,9,vim_tiny,cifar10,1.0,6,base.layers.5.mixer,0.969128
20,8,9,vim_tiny,cifar10,1.0,7,base.layers.6.mixer,0.916240
20,8,9,vim_tiny,cifar10,1.0,8,base.layers.7.mixer,0.610882
20,8,9,vim_tiny,cifar10,1.0,9,base.layers.8.mixer,0.867633
20,8,9,vim_tiny,cifar10,1.0,10,base.layers.9.mixer,0.617329
20,8,9,vim_tiny,cifar10,1.0,11,base.layers.10.mixer,0.862329
20,8,9,vim_tiny,cifar10,1.0,12,base.layers.11.mixer,0.945265
20,8,9,vim_tiny,cifar10,1.0,13,classifier,0.691143
30,0,1,vim_tiny,cifar10,1.0,0,base.patch_embed,0.982005
30,0,1,vim_tiny,cifar10,1.0,1,base.layers.0.mixer,0.947789
30,0,1,vim_tiny,cifar10,1.0,2,base.layers.1.mixer,0.866316
30,0,1,vim_tiny,cifar10,1.0,3,base.layers.2.mixer,0.824170
30,0,1,vim_tiny,cifar10,1.0,4,base.layers.3.mixer,0.994278
30,0,1,vim_tiny,cifar10,1.0,5,base.layers.4.mixer,0.796932
30,0,1,vim_tiny,cifar10,1.0,6,base.layers.5.mixer,0.972096
30,0,1,vim_tiny,cifar10,1.0,7,base.layers.6.mixer,0.959917
30,0,1,vim_tiny,cifar10,1.0,8,base.layers.7.mixer,0.548050
30,0,1,vim_tiny,cifar10,1.0,9,base.layers.8.mixer,0.578763
30,0,1,vim_tiny,cifar10,1.0,10,base.layers.9.mixer,0.876079
30,0,1,vim_tiny,cifar10,1.0,11,base.layers.10.mixer,0.896354
30,0,1,vim_tiny,cifar10,1.0,12,base.layers.11.mixer,0.789308
30,0,1,vim_tiny,cifar10,1.0,13,classifier,0.724449
30,0,2,vim_tiny,cifar10,1.0,0,base.patch_embed,0.998219
30,0,2,vim_tiny,cifar10,1.0,1,base.layers.0.mixer,0.975419
30,0,2,vim_tiny,cifar10,1.0,2,base.layers.1.mixer,0.267033
30,0,2,vim_tiny,cifar10,1.0,3,base.layers.2.mixer,0.772109
30,0,2,vim_tiny,cifar10,1.0,4,base.layers.3.mixer,0.966755
30,0,2,vim_tiny,cifar10,1.0,5,base.layers.4.mixer,0.745180
30,0,2,vim_tiny,cifar10,1.0,6,base.layers.5.mixer,0.884366
30,0,2,vim_tiny,cifar10,1.0,7,base.layers.6.mixer,0.718934
30,0,2,vim_tiny,cifar10,1.0,8,base.layers.7.mixer,0.634103
30,0,2,vim_tiny,cifar10,1.0,9,base.layers.8.mixer,0.542834
30,0,2,vim_tiny,cifar10,1.0,10,base.layers.9.mixer,0.724061
30,0,2,vim_tiny,cifar10,1.0,11,base.layers.10.mixer,0.706628
30,0,2,vim_tiny,cifar10,1.0,12,base.layers.11.mixer,0.609003
30,0,2,vim_tiny,cifar10,1.0,13,classifier,0.680059
30,0,3,vim_tiny,cifar10,1.0,0,base.patch_embed,0.980302
30,0,3,vim_tiny,cifar10,1.0,1,base.layers.0.mixer,0.915355
30,0,3,vim_tiny,cifar10,1.0,2,base.layers.1.mixer,0.370438
30,0,3,vim_tiny,cifar10,1.0,3,base.layers.2.mixer,0.635906
30,0,3,vim_tiny,cifar10,1.0,4,base.layers.3.mixer,0.964859
30,0,3,vim_tiny,cifar10,1.0,5,base.layers.4.mixer,0.823808
30,0,3,vim_tiny,cifar10,1.0,6,base.layers.5.mixer,0.886986
30,0,3,vim_tiny,cifar10,1.0,7,base.layers.6.mixer,0.772815
30,0,3,vim_tiny,cifar10,1.0,8,base.layers.7.mixer,0.662473
30,0,3,vim_tiny,cifar10,1.0,9,base.layers.8.mixer,0.434914
30,0,3,vim_tiny,cifar10,1.0,10,base.layers.9.mixer,0.807385
30,0,3,vim_tiny,cifar10,1.0,11,base.layers.10.mixer,0.594767
30,0,3,vim_tiny,cifar10,1.0,12,base.layers.11.mixer,0.481812
30,0,3,vim_tiny,cifar10,1.0,13,classifier,0.655293
30,0,4,vim_tiny,cifar10,1.0,0,base.patch_embed,0.999545
30,0,4,vim_tiny,cifar10,1.0,1,base.layers.0.mixer,0.999055
30,0,4,vim_tiny,cifar10,1.0,2,base.layers.1.mixer,0.377301
30,0,4,vim_tiny,cifar10,1.0,3,base.layers.2.mixer,0.820219
30,0,4,vim_tiny,cifar10,1.0,4,base.layers.3.mixer,0.982440
30,0,4,vim_tiny,cifar10,1.0,5,base.layers.4.mixer,0.830320
30,0,4,vim_tiny,cifar10,1.0,6,base.layers.5.mixer,0.909890
30,0,4,vim_tiny,cifar10,1.0,7,base.layers.6.mixer,0.895629
30,0,4,vim_tiny,cifar10,1.0,8,base.layers.7.mixer,0.584184
30,0,4,vim_tiny,cifar10,1.0,9,base.layers.8.mixer,0.540731
30,0,4,vim_tiny,cifar10,1.0,10,base.layers.9.mixer,0.697064
30,0,4,vim_tiny,cifar10,1.0,11,base.layers.10.mixer,0.750416
30,0,4,vim_tiny,cifar10,1.0,12,base.layers.11.mixer,0.754856
30,0,4,vim_tiny,cifar10,1.0,13,classifier,0.680570
30,0,5,vim_tiny,cifar10,1.0,0,base.patch_embed,0.997741
30,0,5,vim_tiny,cifar10,1.0,1,base.layers.0.mixer,0.877816
30,0,5,vim_tiny,cifar10,1.0,2,base.layers.1.mixer,0.972416
30,0,5,vim_tiny,cifar10,1.0,3,base.layers.2.mixer,0.873800
30,0,5,vim_tiny,cifar10,1.0,4,base.layers.3.mixer,0.892356
30,0,5,vim_tiny,cifar10,1.0,5,base.layers.4.mixer,0.810792
30,0,5,vim_tiny,cifar10,1.0,6,base.layers.5.mixer,0.756810
30,0,5,vim_tiny,cifar10,1.0,7,base.layers.6.mixer,0.765683
30,0,5,vim_tiny,cifar10,1.0,8,base.layers.7.mixer,0.793052
30,0,5,vim_tiny,cifar10,1.0,9,base.layers.8.mixer,0.651132
30,0,5,vim_tiny,cifar10,1.0,10,base.layers.9.mixer,0.886193
30,0,5,vim_tiny,cifar10,1.0,11,base.layers.10.mixer,0.636341
30,0,5,vim_tiny,cifar10,1.0,12,base.layers.11.mixer,0.867007
30,0,5,vim_tiny,cifar10,1.0,13,classifier,0.730574
30,0,6,vim_tiny,cifar10,1.0,0,base.patch_embed,0.982365
30,0,6,vim_tiny,cifar10,1.0,1,base.layers.0.mixer,0.993073
30,0,6,vim_tiny,cifar10,1.0,2,base.layers.1.mixer,0.930856
30,0,6,vim_tiny,cifar10,1.0,3,base.layers.2.mixer,0.672066
30,0,6,vim_tiny,cifar10,1.0,4,base.layers.3.mixer,0.991422
30,0,6,vim_tiny,cifar10,1.0,5,base.layers.4.mixer,0.662779
30,0,6,vim_tiny,cifar10,1.0,6,base.layers.5.mixer,0.909322
30,0,6,vim_tiny,cifar10,1.0,7,base.layers.6.mixer,0.970283
30,0,6,vim_tiny,cifar10,1.0,8,base.layers.7.mixer,0.694149
30,0,6,vim_tiny,cifar10,1.0,9,base.layers.8.mixer,0.729109
30,0,6,vim_tiny,cifar10,1.0,10,base.layers.9.mixer,0.724382
30,0,6,vim_tiny,cifar10,1.0,11,base.layers.10.mixer,0.754371
30,0,6,vim_tiny,cifar10,1.0,12,base.layers.11.mixer,0.724835
30,0,6,vim_tiny,cifar10,1.0,13,classifier,0.659491
30,0,7,vim_tiny,cifar10,1.0,0,base.patch_embed,0.993346
30,0,7,vim_tiny,cifar10,1.0,1,base.layers.0.mixer,0.837637
30,0,7,vim_tiny,cifar10,1.0,2,base.layers.1.mixer,0.913224
30,0,7,vim_tiny,cifar10,1.0,3,base.layers.2.mixer,0.891790
30,0,7,vim_tiny,cifar10,1.0,4,base.layers.3.mixer,0.975506
30,0,7,vim_tiny,cifar10,1.0,5,base.layers.4.mixer,0.870453
30,0,7,vim_tiny,cifar10,1.0,6,base.layers.5.mixer,0.938100
30,0,7,vim_tiny,cifar10,1.0,7,base.layers.6.mixer,0.889293
30,0,7,vim_tiny,cifar10,1.0,8,base.layers.7.mixer,0.690462
30,0,7,vim_tiny,cifar10,1.0,9,base.layers.8.mixer,0.456341
30,0,7,vim_tiny,cifar10,1.0,10,base.layers.9.mixer,0.878688
30,0,7,vim_tiny,cifar10,1.0,11,base.layers.10.mixer,0.859658
30,0,7,vim_tiny,cifar10,1.0,12,base.layers.11.mixer,0.932437
30,0,7,vim_tiny,cifar10,1.0,13,classifier,0.614678
30,0,8,vim_tiny,cifar10,1.0,0,base.patch_embed,0.996414
30,0,8,vim_tiny,cifar10,1.0,1,base.layers.0.mixer,0.921111
30,0,8,vim_tiny,cifar10,1.0,2,base.layers.1.mixer,0.905040
30,0,8,vim_tiny,cifar10,1.0,3,base.layers.2.mixer,0.737957
30,0,8,vim_tiny,cifar10,1.0,4,base.layers.3.mixer,0.980442
30,0,8,vim_tiny,cifar10,1.0,5,base.layers.4.mixer,0.808514
30,0,8,vim_tiny,cifar10,1.0,6,base.layers.5.mixer,0.958290
30,0,8,vim_tiny,cifar10,1.0,7,base.layers.6.mixer,0.578303
30,0,8,vim_tiny,cifar10,1.0,8,base.layers.7.mixer,0.662103
30,0,8,vim_tiny,cifar10,1.0,9,base.layers.8.mixer,0.566661
30,0,8,vim_tiny,cifar10,1.0,10,base.layers.9.mixer,0.685992
30,0,8,vim_tiny,cifar10,1.0,11,base.layers.10.mixer,0.631473
30,0,8,vim_tiny,cifar10,1.0,12,base.layers.11.mixer,0.712047
30,0,8,vim_tiny,cifar10,1.0,13,classifier,0.659311
30,0,9,vim_tiny,cifar10,1.0,0,base.patch_embed,0.990446
30,0,9,vim_tiny,cifar10,1.0,1,base.layers.0.mixer,0.948171
30,0,9,vim_tiny,cifar10,1.0,2,base.layers.1.mixer,0.845057
30,0,9,vim_tiny,cifar10,1.0,3,base.layers.2.mixer,0.662904
30,0,9,vim_tiny,cifar10,1.0,4,base.layers.3.mixer,0.916316
30,0,9,vim_tiny,cifar10,1.0,5,base.layers.4.mixer,0.804808
30,0,9,vim_tiny,cifar10,1.0,6,base.layers.5.mixer,0.928391
30,0,9,vim_tiny,cifar10,1.0,7,base.layers.6.mixer,0.641900
30,0,9,vim_tiny,cifar10,1.0,8,base.layers.7.mixer,0.746401
30,0,9,vim_tiny,cifar10,1.0,9,base.layers.8.mixer,0.530310
30,0,9,vim_tiny,cifar10,1.0,10,base.layers.9.mixer,0.722374
30,0,9,vim_tiny,cifar10,1.0,11,base.layers.10.mixer,0.818735
30,0,9,vim_tiny,cifar10,1.0,12,base.layers.11.mixer,0.794356
30,0,9,vim_tiny,cifar10,1.0,13,classifier,0.722580
30,1,2,vim_tiny,cifar10,1.0,0,base.patch_embed,0.976849
30,1,2,vim_tiny,cifar10,1.0,1,base.layers.0.mixer,0.910854
30,1,2,vim_tiny,cifar10,1.0,2,base.layers.1.mixer,0.369735
30,1,2,vim_tiny,cifar10,1.0,3,base.layers.2.mixer,0.790941
30,1,2,vim_tiny,cifar10,1.0,4,base.layers.3.mixer,0.978704
30,1,2,vim_tiny,cifar10,1.0,5,base.layers.4.mixer,0.864377
30,1,2,vim_tiny,cifar10,1.0,6,base.layers.5.mixer,0.936858
30,1,2,vim_tiny,cifar10,1.0,7,base.layers.6.mixer,0.800258
30,1,2,vim_tiny,cifar10,1.0,8,base.layers.7.mixer,0.775229
30,1,2,vim_tiny,cifar10,1.0,9,base.layers.8.mixer,0.823883
30,1,2,vim_tiny,cifar10,1.0,10,base.layers.9.mixer,0.887165
30,1,2,vim_tiny,cifar10,1.0,11,base.layers.10.mixer,0.813189
30,1,2,vim_tiny,cifar10,1.0,12,base.layers.11.mixer,0.824220
30,1,2,vim_tiny,cifar10,1.0,13,classifier,0.657990
30,1,3,vim_tiny,cifar10,1.0,0,base.patch_embed,0.989165
30,1,3,vim_tiny,cifar10,1.0,1,base.layers.0.mixer,0.982686
30,1,3,vim_tiny,cifar10,1.0,2,base.layers.1.mixer,0.478126
30,1,3,vim_tiny,cifar10,1.0,3,base.layers.2.mixer,0.633594
30,1,3,vim_tiny,cifar10,1.0,4,base.layers.3.mixer,0.956272
30,1,3,vim_tiny,cifar10,1.0,5,base.layers.4.mixer,0.699275
30,1,3,vim_tiny,cifar10,1.0,6,base.layers.5.mixer,0.843383
30,1,3,vim_tiny,cifar10,1.0,7,base.layers.6.mixer,0.846181
30,1,3,vim_tiny,cifar10,1.0,8,base.layers.7.mixer,0.600388
30,1,3,vim_tiny,cifar10,1.0,9,base.layers.8.mixer,0.881857
30,1,3,vim_tiny,cifar10,1.0,10,base.layers.9.mixer,0.717592
30,1,3,vim_tiny,cifar10,1.0,11,base.layers.10.mixer,0.652328
30,1,3,vim_tiny,cifar10,1.0,12,base.layers.11.mixer,0.631222
30,1,3,vim_tiny,cifar10,1.0,13,classifier,0.717222
30,1,4,vim_tiny,cifar10,1.0,0,base.patch_embed,0.982701
30,1,4,vim_tiny,cifar10,1.0,1,base.layers.0.mixer,0.951074
30,1,4,vim_tiny,cifar10,1.0,2,base.layers.1.mixer,0.515170
30,1,4,vim_tiny,cifar10,1.0,3,base.layers.2.mixer,0.805945
30,1,4,vim_tiny,cifar10,1.0,4,base.layers.3.mixer,0.977975
30,1,4,vim_tiny,cifar10,1.0,5,base.layers.4.mixer,0.764310
30,1,4,vim_tiny,cifar10,1.0,6,base.layers.5.mixer,0.960242
30,1,4,vim_tiny,cifar10,1.0,7,base.layers.6.mixer,0.929272
30,1,4,vim_tiny,cifar10,1.0,8,base.layers.7.mixer,0.696713
30,1,4,vim_tiny,cifar10,1.0,9,base.layers.8.mixer,0.894381
30,1,4,vim_tiny,cifar10,1.0,10,base.layers.9.mixer,0.835638
30,1,4,vim_tiny,cifar10,1.0,11,base.layers.10.mixer,0.771950
30,1,4,vim_tiny,cifar10,1.0,12,base.layers.11.mixer,0.830221
30,1,4,vim_tiny,cifar10,1.0,13,classifier,0.664021
30,1,5,vim_tiny,cifar10,1.0,0,base.patch_embed,0.989902
30,1,5,vim_tiny,cifar10,1.0,1,base.layers.0.mixer,0.954251
30,1,5,vim_tiny,cifar10,1.0,2,base.layers.1.mixer,0.881744
30,1,5,vim_tiny,cifar10,1.0,3,base.layers.2.mixer,0.813687
30,1,5,vim_tiny,cifar10,1.0,4,base.layers.3.mixer,0.915241
30,1,5,vim_tiny,cifar10,1.0,5,base.layers.4.mixer,0.659865
30,1,5,vim_tiny,cifar10,1.0,6,base.layers.5.mixer,0.821699
30,1,5,vim_tiny,cifar10,1.0,7,base.layers.6.mixer,0.815581
30,1,5,vim_tiny,cifar10,1.0,8,base.layers.7.mixer,0.530145
30,1,5,vim_tiny,cifar10,1.0,9,base.layers.8.mixer,0.935649
30,1,5,vim_tiny,cifar10,1.0,10,base.layers.9.mixer,0.888994
30,1,5,vim_tiny,cifar10,1.0,11,base.layers.10.mixer,0.741534
30,1,5,vim_tiny,cifar10,1.0,12,base.layers.11.mixer,0.906535
30,1,5,vim_tiny,cifar10,1.0,13,classifier,0.741762
30,1,6,vim_tiny,cifar10,1.0,0,base.patch_embed,0.981466
30,1,6,vim_tiny,cifar10,1.0,1,base.layers.0.mixer,0.970695
30,1,6,vim_tiny,cifar10,1.0,2,base.layers.1.mixer,0.875173
30,1,6,vim_tiny,cifar10,1.0,3,base.layers.2.mixer,0.777865
30,1,6,vim_tiny,cifar10,1.0,4,base.layers.3.mixer,0.984046
30,1,6,vim_tiny,cifar10,1.0,5,base.layers.4.mixer,0.686418
30,1,6,vim_tiny,cifar10,1.0,6,base.layers.5.mixer,0.881510
30,1,6,vim_tiny,cifar10,1.0,7,base.layers.6.mixer,0.933530
30,1,6,vim_tiny,cifar10,1.0,8,base.layers.7.mixer,0.691543
30,1,6,vim_tiny,cifar10,1.0,9,base.layers.8.mixer,0.705193
30,1,6,vim_tiny,cifar10,1.0,10,base.layers.9.mixer,0.905862
30,1,6,vim_tiny,cifar10,1.0,11,base.layers.10.mixer,0.800252
30,1,6,vim_tiny,cifar10,1.0,12,base.layers.11.mixer,0.797048
30,1,6,vim_tiny,cifar10,1.0,13,classifier,0.635747
30,1,7,vim_tiny,cifar10,1.0,0,base.patch_embed,0.994896
30,1,7,vim_tiny,cifar10,1.0,1,base.layers.0.mixer,0.956647
30,1,7,vim_tiny,cifar10,1.0,2,base.layers.1.mixer,0.763983
30,1,7,vim_tiny,cifar10,1.0,3,base.layers.2.mixer,0.701154
30,1,7,vim_tiny,cifar10,1.0,4,base.layers.3.mixer,0.986909
30,1,7,vim_tiny,cifar10,1.0,5,base.layers.4.mixer,0.830431
30,1,7,vim_tiny,cifar10,1.0,6,base.layers.5.mixer,0.878306
30,1,7,vim_tiny,cifar10,1.0,7,base.layers.6.mixer,0.942992
30,1,7,vim_tiny,cifar10,1.0,8,base.layers.7.mixer,0.673435
30,1,7,vim_tiny,cifar10,1.0,9,base.layers.8.mixer,0.693578
30,1,7,vim_tiny,cifar10,1.0,10,base.layers.9.mixer,0.774733
30,1,7,vim_tiny,cifar10,1.0,11,base.layers.10.mixer,0.895722
30,1,7,vim_tiny,cifar10,1.0,12,base.layers.11.mixer,0.761553
30,1,7,vim_tiny,cifar10,1.0,13,classifier,0.603063
30,1,8,vim_tiny,cifar10,1.0,0,base.patch_embed,0.984778
30,1,8,vim_tiny,cifar10,1.0,1,base.layers.0.mixer,0.981195
30,1,8,vim_tiny,cifar10,1.0,2,base.layers.1.mixer,0.895392
30,1,8,vim_tiny,cifar10,1.0,3,base.layers.2.mixer,0.764845
30,1,8,vim_tiny,cifar10,1.0,4,base.layers.3.mixer,0.990598
30,1,8,vim_tiny,cifar10,1.0,5,base.layers.4.mixer,0.746952
30,1,8,vim_tiny,cifar10,1.0,6,base.layers.5.mixer,0.968858
30,1,8,vim_tiny,cifar10,1.0,7,base.layers.6.mixer,0.646509
30,1,8,vim_tiny,cifar10,1.0,8,base.layers.7.mixer,0.746615
30,1,8,vim_tiny,cifar10,1.0,9,base.layers.8.mixer,0.897861
30,1,8,vim_tiny,cifar10,1.0,10,base.layers.9.mixer,0.819655
30,1,8,vim_tiny,cifar10,1.0,11,base.layers.10.mixer,0.774975
30,1,8,vim_tiny,cifar10,1.0,12,base.layers.11.mixer,0.899330
30,1,8,vim_tiny,cifar10,1.0,13,classifier,0.735337
30,1,9,vim_tiny,cifar10,1.0,0,base.patch_embed,0.993179
30,1,9,vim_tiny,cifar10,1.0,1,base.layers.0.mixer,0.861325
30,1,9,vim_tiny,cifar10,1.0,2,base.layers.1.mixer,0.745237
30,1,9,vim_tiny,cifar10,1.0,3,base.layers.2.mixer,0.781769
30,1,9,vim_tiny,cifar10,1.0,4,base.layers.3.mixer,0.885070
30,1,9,vim_tiny,cifar10,1.0,5,base.layers.4.mixer,0.736018
30,1,9,vim_tiny,cifar10,1.0,6,base.layers.5.mixer,0.933020
30,1,9,vim_tiny,cifar10,1.0,7,base.layers.6.mixer,0.694201
30,1,9,vim_tiny,cifar10,1.0,8,base.layers.7.mixer,0.721704
30,1,9,vim_tiny,cifar10,1.0,9,base.layers.8.mixer,0.903900
30,1,9,vim_tiny,cifar10,1.0,10,base.layers.9.mixer,0.900659
30,1,9,vim_tiny,cifar10,1.0,11,base.layers.10.mixer,0.841561
30,1,9,vim_tiny,cifar10,1.0,12,base.layers.11.mixer,0.711768
30,1,9,vim_tiny,cifar10,1.0,13,classifier,0.705605
30,2,3,vim_tiny,cifar10,1.0,0,base.patch_embed,0.972007
30,2,3,vim_tiny,cifar10,1.0,1,base.layers.0.mixer,0.854849
30,2,3,vim_tiny,cifar10,1.0,2,base.layers.1.mixer,0.964843
30,2,3,vim_tiny,cifar10,1.0,3,base.layers.2.mixer,0.635031
30,2,3,vim_tiny,cifar10,1.0,4,base.layers.3.mixer,0.930791
30,2,3,vim_tiny,cifar10,1.0,5,base.layers.4.mixer,0.671972
30,2,3,vim_tiny,cifar10,1.0,6,base.layers.5.mixer,0.708858
30,2,3,vim_tiny,cifar10,1.0,7,base.layers.6.mixer,0.850916
30,2,3,vim_tiny,cifar10,1.0,8,base.layers.7.mixer,0.532551
30,2,3,vim_tiny,cifar10,1.0,9,base.layers.8.mixer,0.632088
30,2,3,vim_tiny,cifar10,1.0,10,base.layers.9.mixer,0.582284
30,2,3,vim_tiny,cifar10,1.0,11,base.layers.10.mixer,0.664748
30,2,3,vim_tiny,cifar10,1.0,12,base.layers.11.mixer,0.607462
30,2,3,vim_tiny,cifar10,1.0,13,classifier,0.694594
30,2,4,vim_tiny,cifar10,1.0,0,base.patch_embed,0.998446
30,2,4,vim_tiny,cifar10,1.0,1,base.layers.0.mixer,0.976287
30,2,4,vim_tiny,cifar10,1.0,2,base.layers.1.mixer,0.929228
30,2,4,vim_tiny,cifar10,1.0,3,base.layers.2.mixer,0.792069
30,2,4,vim_tiny,cifar10,1.0,4,base.layers.3.mixer,0.958494
30,2,4,vim_tiny,cifar10,1.0,5,base.layers.4.mixer,0.739077
30,2,4,vim_tiny,cifar10,1.0,6,base.layers.5.mixer,0.972397
30,2,4,vim_tiny,cifar10,1.0,7,base.layers.6.mixer,0.892305
30,2,4,vim_tiny,cifar10,1.0,8,base.layers.7.mixer,0.664285
30,2,4,vim_tiny,cifar10,1.0,9,base.layers.8.mixer,0.742263
30,2,4,vim_tiny,cifar10,1.0,10,base.layers.9.mixer,0.789074
30,2,4,vim_tiny,cifar10,1.0,11,base.layers.10.mixer,0.736754
30,2,4,vim_tiny,cifar10,1.0,12,base.layers.11.mixer,0.759338
30,2,4,vim_tiny,cifar10,1.0,13,classifier,0.686595
30,2,5,vim_tiny,cifar10,1.0,0,base.patch_embed,0.994506
30,2,5,vim_tiny,cifar10,1.0,1,base.layers.0.mixer,0.814714
30,2,5,vim_tiny,cifar10,1.0,2,base.layers.1.mixer,0.342469
30,2,5,vim_tiny,cifar10,1.0,3,base.layers.2.mixer,0.820395
30,2,5,vim_tiny,cifar10,1.0,4,base.layers.3.mixer,0.938496
30,2,5,vim_tiny,cifar10,1.0,5,base.layers.4.mixer,0.530668
30,2,5,vim_tiny,cifar10,1.0,6,base.layers.5.mixer,0.920357
30,2,5,vim_tiny,cifar10,1.0,7,base.layers.6.mixer,0.805197
30,2,5,vim_tiny,cifar10,1.0,8,base.layers.7.mixer,0.640631
30,2,5,vim_tiny,cifar10,1.0,9,base.layers.8.mixer,0.795546
30,2,5,vim_tiny,cifar10,1.0,10,base.layers.9.mixer,0.822235
30,2,5,vim_tiny,cifar10,1.0,11,base.layers.10.mixer,0.683068
30,2,5,vim_tiny,cifar10,1.0,12,base.layers.11.mixer,0.735533
30,2,5,vim_tiny,cifar10,1.0,13,classifier,0.655699
30,2,6,vim_tiny,cifar10,1.0,0,base.patch_embed,0.985736
30,2,6,vim_tiny,cifar10,1.0,1,base.layers.0.mixer,0.969371
30,2,6,vim_tiny,cifar10,1.0,2,base.layers.1.mixer,0.450574
30,2,6,vim_tiny,cifar10,1.0,3,base.layers.2.mixer,0.675201
30,2,6,vim_tiny,cifar10,1.0,4,base.layers.3.mixer,0.953306
30,2,6,vim_tiny,cifar10,1.0,5,base.layers.4.mixer,0.509423
30,2,6,vim_tiny,cifar10,1.0,6,base.layers.5.mixer,0.771176
30,2,6,vim_tiny,cifar10,1.0,7,base.layers.6.mixer,0.699730
30,2,6,vim_tiny,cifar10,1.0,8,base.layers.7.mixer,0.738274
30,2,6,vim_tiny,cifar10,1.0,9,base.layers.8.mixer,0.532095
30,2,6,vim_tiny,cifar10,1.0,10,base.layers.9.mixer,0.847116
30,2,6,vim_tiny,cifar10,1.0,11,base.layers.10.mixer,0.650564
30,2,6,vim_tiny,cifar10,1.0,12,base.layers.11.mixer,0.695735
30,2,6,vim_tiny,cifar10,1.0,13,classifier,0.633155
30,2,7,vim_tiny,cifar10,1.0,0,base.patch_embed,0.988918
30,2,7,vim_tiny,cifar10,1.0,1,base.layers.0.mixer,0.789503
30,2,7,vim_tiny,cifar10,1.0,2,base.layers.1.mixer,0.443956
30,2,7,vim_tiny,cifar10,1.0,3,base.layers.2.mixer,0.731064
30,2,7,vim_tiny,cifar10,1.0,4,base.layers.3.mixer,0.973187
30,2,7,vim_tiny,cifar10,1.0,5,base.layers.4.mixer,0.788070
30,2,7,vim_tiny,cifar10,1.0,6,base.layers.5.mixer,0.755339
30,2,7,vim_tiny,cifar10,1.0,7,base.layers.6.mixer,0.863657
30,2,7,vim_tiny,cifar10,1.0,8,base.layers.7.mixer,0.755617
30,2,7,vim_tiny,cifar10,1.0,9,base.layers.8.mixer,0.457325
30,2,7,vim_tiny,cifar10,1.0,10,base.layers.9.mixer,0.601824
30,2,7,vim_tiny,cifar10,1.0,11,base.layers.10.mixer,0.705723
30,2,7,vim_tiny,cifar10,1.0,12,base.layers.11.mixer,0.593111
30,2,7,vim_tiny,cifar10,1.0,13,classifier,0.559505
30,2,8,vim_tiny,cifar10,1.0,0,base.patch_embed,0.997999
30,2,8,vim_tiny,cifar10,1.0,1,base.layers.0.mixer,0.886583
30,2,8,vim_tiny,cifar10,1.0,2,base.layers.1.mixer,0.415506
30,2,8,vim_tiny,cifar10,1.0,3,base.layers.2.mixer,0.850130
30,2,8,vim_tiny,cifar10,1.0,4,base.layers.3.mixer,0.992573
30,2,8,vim_tiny,cifar10,1.0,5,base.layers.4.mixer,0.815876
30,2,8,vim_tiny,cifar10,1.0,6,base.layers.5.mixer,0.897469
30,2,8,vim_tiny,cifar10,1.0,7,base.layers.6.mixer,0.796401
30,2,8,vim_tiny,cifar10,1.0,8,base.layers.7.mixer,0.789979
30,2,8,vim_tiny,cifar10,1.0,9,base.layers.8.mixer,0.764372
30,2,8,vim_tiny,cifar10,1.0,10,base.layers.9.mixer,0.779708
30,2,8,vim_tiny,cifar10,1.0,11,base.layers.10.mixer,0.866708
30,2,8,vim_tiny,cifar10,1.0,12,base.layers.11.mixer,0.755899
30,2,8,vim_tiny,cifar10,1.0,13,classifier,0.691664
30,2,9,vim_tiny,cifar10,1.0,0,base.patch_embed,0.990190
30,2,9,vim_tiny,cifar10,1.0,1,base.layers.0.mixer,0.953262
30,2,9,vim_tiny,cifar10,1.0,2,base.layers.1.mixer,0.479470
30,2,9,vim_tiny,cifar10,1.0,3,base.layers.2.mixer,0.721221
30,2,9,vim_tiny,cifar10,1.0,4,base.layers.3.mixer,0.805185
30,2,9,vim_tiny,cifar10,1.0,5,base.layers.4.mixer,0.807691
30,2,9,vim_tiny,cifar10,1.0,6,base.layers.5.mixer,0.844946
30,2,9,vim_tiny,cifar10,1.0,7,base.layers.6.mixer,0.766450
30,2,9,vim_tiny,cifar10,1.0,8,base.layers.7.mixer,0.705336
30,2,9,vim_tiny,cifar10,1.0,9,base.layers.8.mixer,0.669059
30,2,9,vim_tiny,cifar10,1.0,10,base.layers.9.mixer,0.837534
30,2,9,vim_tiny,cifar10,1.0,11,base.layers.10.mixer,0.733003
30,2,9,vim_tiny,cifar10,1.0,12,base.layers.11.mixer,0.577863
30,2,9,vim_tiny,cifar10,1.0,13,classifier,0.696265
30,3,4,vim_tiny,cifar10,1.0,0,base.patch_embed,0.977610
30,3,4,vim_tiny,cifar10,1.0,1,base.layers.0.mixer,0.918992
30,3,4,vim_tiny,cifar10,1.0,2,base.layers.1.mixer,0.972484
30,3,4,vim_tiny,cifar10,1.0,3,base.layers.2.mixer,0.857606
30,3,4,vim_tiny,cifar10,1.0,4,base.layers.3.mixer,0.985991
30,3,4,vim_tiny,cifar10,1.0,5,base.layers.4.mixer,0.860884
30,3,4,vim_tiny,cifar10,1.0,6,base.layers.5.mixer,0.704007
30,3,4,vim_tiny,cifar10,1.0,7,base.layers.6.mixer,0.906107
30,3,4,vim_tiny,cifar10,1.0,8,base.layers.7.mixer,0.542379
30,3,4,vim_tiny,cifar10,1.0,9,base.layers.8.mixer,0.909120
30,3,4,vim_tiny,cifar10,1.0,10,base.layers.9.mixer,0.636400
30,3,4,vim_tiny,cifar10,1.0,11,base.layers.10.mixer,0.682055
30,3,4,vim_tiny,cifar10,1.0,12,base.layers.11.mixer,0.767791
30,3,4,vim_tiny,cifar10,1.0,13,classifier,0.665309
30,3,5,vim_tiny,cifar10,1.0,0,base.patch_embed,0.981536
30,3,5,vim_tiny,cifar10,1.0,1,base.layers.0.mixer,0.980592
30,3,5,vim_tiny,cifar10,1.0,2,base.layers.1.mixer,0.460822
30,3,5,vim_tiny,cifar10,1.0,3,base.layers.2.mixer,0.716333
30,3,5,vim_tiny,cifar10,1.0,4,base.layers.3.mixer,0.791221
30,3,5,vim_tiny,cifar10,1.0,5,base.layers.4.mixer,0.834410
30,3,5,vim_tiny,cifar10,1.0,6,base.layers.5.mixer,0.486023
30,3,5,vim_tiny,cifar10,1.0,7,base.layers.6.mixer,0.870976
30,3,5,vim_tiny,cifar10,1.0,8,base.layers.7.mixer,0.622992
30,3,5,vim_tiny,cifar10,1.0,9,base.layers.8.mixer,0.838109
30,3,5,vim_tiny,cifar10,1.0,10,base.layers.9.mixer,0.705630
30,3,5,vim_tiny,cifar10,1.0,11,base.layers.10.mixer,0.486074
30,3,5,vim_tiny,cifar10,1.0,12,base.layers.11.mixer,0.699920
30,3,5,vim_tiny,cifar10,1.0,13,classifier,0.675994
30,3,6,vim_tiny,cifar10,1.0,0,base.patch_embed,0.964320
30,3,6,vim_tiny,cifar10,1.0,1,base.layers.0.mixer,0.935234
30,3,6,vim_tiny,cifar10,1.0,2,base.layers.1.mixer,0.550797
30,3,6,vim_tiny,cifar10,1.0,3,base.layers.2.mixer,0.659006
30,3,6,vim_tiny,cifar10,1.0,4,base.layers.3.mixer,0.973601
30,3,6,vim_tiny,cifar10,1.0,5,base.layers.4.mixer,0.768961
30,3,6,vim_tiny,cifar10,1.0,6,base.layers.5.mixer,0.960795
30,3,6,vim_tiny,cifar10,1.0,7,base.layers.6.mixer,0.721198
30,3,6,vim_tiny,cifar10,1.0,8,base.layers.7.mixer,0.604230
30,3,6,vim_tiny,cifar10,1.0,9,base.layers.8.mixer,0.634700
30,3,6,vim_tiny,cifar10,1.0,10,base.layers.9.mixer,0.597929
30,3,6,vim_tiny,cifar10,1.0,11,base.layers.10.mixer,0.485189
30,3,6,vim_tiny,cifar10,1.0,12,base.layers.11.mixer,0.852142
30,3,6,vim_tiny,cifar10,1.0,13,classifier,0.625161
30,3,7,vim_tiny,cifar10,1.0,0,base.patch_embed,0.986625
30,3,7,vim_tiny,cifar10,1.0,1,base.layers.0.mixer,0.968127
30,3,7,vim_tiny,cifar10,1.0,2,base.layers.1.mixer,0.552501
30,3,7,vim_tiny,cifar10,1.0,3,base.layers.2.mixer,0.760470
30,3,7,vim_tiny,cifar10,1.0,4,base.layers.3.mixer,0.910698
30,3,7,vim_tiny,cifar10,1.0,5,base.layers.4.mixer,0.776704
30,3,7,vim_tiny,cifar10,1.0,6,base.layers.5.mixer,0.964475
30,3,7,vim_tiny,cifar10,1.0,7,base.layers.6.mixer,0.880493
30,3,7,vim_tiny,cifar10,1.0,8,base.layers.7.mixer,0.463136
30,3,7,vim_tiny,cifar10,1.0,9,base.layers.8.mixer,0.777370
30,3,7,vim_tiny,cifar10,1.0,10,base.layers.9.mixer,0.899941
30,3,7,vim_tiny,cifar10,1.0,11,base.layers.10.mixer,0.711198
30,3,7,vim_tiny,cifar10,1.0,12,base.layers.11.mixer,0.598245
30,3,7,vim_tiny,cifar10,1.0,13,classifier,0.626620
30,3,8,vim_tiny,cifar10,1.0,0,base.patch_embed,0.974000
30,3,8,vim_tiny,cifar10,1.0,1,base.layers.0.mixer,0.966276
30,3,8,vim_tiny,cifar10,1.0,2,base.layers.1.mixer,0.535708
30,3,8,vim_tiny,cifar10,1.0,3,base.layers.2.mixer,0.784273
30,3,8,vim_tiny,cifar10,1.0,4,base.layers.3.mixer,0.940236
30,3,8,vim_tiny,cifar10,1.0,5,base.layers.4.mixer,0.681466
30,3,8,vim_tiny,cifar10,1.0,6,base.layers.5.mixer,0.812540
30,3,8,vim_tiny,cifar10,1.0,7,base.layers.6.mixer,0.736057
30,3,8,vim_tiny,cifar10,1.0,8,base.layers.7.mixer,0.568058
30,3,8,vim_tiny,cifar10,1.0,9,base.layers.8.mixer,0.864248
30,3,8,vim_tiny,cifar10,1.0,10,base.layers.9.mixer,0.591749
30,3,8,vim_tiny,cifar10,1.0,11,base.layers.10.mixer,0.590204
30,3,8,vim_tiny,cifar10,1.0,12,base.layers.11.mixer,0.452966
30,3,8,vim_tiny,cifar10,1.0,13,classifier,0.708453
30,3,9,vim_tiny,cifar10,1.0,0,base.patch_embed,0.986240
30,3,9,vim_tiny,cifar10,1.0,1,base.layers.0.mixer,0.795501
30,3,9,vim_tiny,cifar10,1.0,2,base.layers.1.mixer,0.585383
30,3,9,vim_tiny,cifar10,1.0,3,base.layers.2.mixer,0.722430
30,3,9,vim_tiny,cifar10,1.0,4,base.layers.3.mixer,0.917140
30,3,9,vim_tiny,cifar10,1.0,5,base.layers.4.mixer,0.775858
30,3,9,vim_tiny,cifar10,1.0,6,base.layers.5.mixer,0.946413
30,3,9,vim_tiny,cifar10,1.0,7,base.layers.6.mixer,0.782810
30,3,9,vim_tiny,cifar10,1.0,8,base.layers.7.mixer,0.738095
30,3,9,vim_tiny,cifar10,1.0,9,base.layers.8.mixer,0.896903
30,3,9,vim_tiny,cifar10,1.0,10,base.layers.9.mixer,0.595795
30,3,9,vim_tiny,cifar10,1.0,11,base.layers.10.mixer,0.473246
30,3,9,vim_tiny,cifar10,1.0,12,base.layers.11.mixer,0.719544
30,3,9,vim_tiny,cifar10,1.0,13,classifier,0.708055
30,4,5,vim_tiny,cifar10,1.0,0,base.patch_embed,0.998193
30,4,5,vim_tiny,cifar10,1.0,1,base.layers.0.mixer,0.880079
30,4,5,vim_tiny,cifar10,1.0,2,base.layers.1.mixer,0.484989
30,4,5,vim_tiny,cifar10,1.0,3,base.layers.2.mixer,0.911429
30,4,5,vim_tiny,cifar10,1.0,4,base.layers.3.mixer,0.845395
30,4,5,vim_tiny,cifar10,1.0,5,base.layers.4.mixer,0.833906
30,4,5,vim_tiny,cifar10,1.0,6,base.layers.5.mixer,0.934041
30,4,5,vim_tiny,cifar10,1.0,7,base.layers.6.mixer,0.907019
30,4,5,vim_tiny,cifar10,1.0,8,base.layers.7.mixer,0.589545
30,4,5,vim_tiny,cifar10,1.0,9,base.layers.8.mixer,0.884227
30,4,5,vim_tiny,cifar10,1.0,10,base.layers.9.mixer,0.797421
30,4,5,vim_tiny,cifar10,1.0,11,base.layers.10.mixer,0.410277
30,4,5,vim_tiny,cifar10,1.0,12,base.layers.11.mixer,0.876236
30,4,5,vim_tiny,cifar10,1.0,13,classifier,0.674543
30,4,6,vim_tiny,cifar10,1.0,0,base.patch_embed,0.986151
30,4,6,vim_tiny,cifar10,1.0,1,base.layers.0.mixer,0.993386
30,4,6,vim_tiny,cifar10,1.0,2,base.layers.1.mixer,0.565407
30,4,6,vim_tiny,cifar10,1.0,3,base.layers.2.mixer,0.754465
30,4,6,vim_tiny,cifar10,1.0,4,base.layers.3.mixer,0.984759
30,4,6,vim_tiny,cifar10,1.0,5,base.layers.4.mixer,0.775424
30,4,6,vim_tiny,cifar10,1.0,6,base.layers.5.mixer,0.759751
30,4,6,vim_tiny,cifar10,1.0,7,base.layers.6.mixer,0.875900
30,4,6,vim_tiny,cifar10,1.0,8,base.layers.7.mixer,0.786217
30,4,6,vim_tiny,cifar10,1.0,9,base.layers.8.mixer,0.664872
30,4,6,vim_tiny,cifar10,1.0,10,base.layers.9.mixer,0.802177
30,4,6,vim_tiny,cifar10,1.0,11,base.layers.10.mixer,0.482133
30,4,6,vim_tiny,cifar10,1.0,12,base.layers.11.mixer,0.856248
30,4,6,vim_tiny,cifar10,1.0,13,classifier,0.619938
30,4,7,vim_tiny,cifar10,1.0,0,base.patch_embed,0.993221
30,4,7,vim_tiny,cifar10,1.0,1,base.layers.0.mixer,0.840612
30,4,7,vim_tiny,cifar10,1.0,2,base.layers.1.mixer,0.560853
30,4,7,vim_tiny,cifar10,1.0,3,base.layers.2.mixer,0.858374
30,4,7,vim_tiny,cifar10,1.0,4,base.layers.3.mixer,0.947265
30,4,7,vim_tiny,cifar10,1.0,5,base.layers.4.mixer,0.830182
30,4,7,vim_tiny,cifar10,1.0,6,base.layers.5.mixer,0.763150
30,4,7,vim_tiny,cifar10,1.0,7,base.layers.6.mixer,0.948766
30,4,7,vim_tiny,cifar10,1.0,8,base.layers.7.mixer,0.626621
30,4,7,vim_tiny,cifar10,1.0,9,base.layers.8.mixer,0.706663
30,4,7,vim_tiny,cifar10,1.0,10,base.layers.9.mixer,0.608566
30,4,7,vim_tiny,cifar10,1.0,11,base.layers.10.mixer,0.822559
30,4,7,vim_tiny,cifar10,1.0,12,base.layers.11.mixer,0.786198
30,4,7,vim_tiny,cifar10,1.0,13,classifier,0.610637
30,4,8,vim_tiny,cifar10,1.0,0,base.patch_embed,0.997402
30,4,8,vim_tiny,cifar10,1.0,1,base.layers.0.mixer,0.924915
30,4,8,vim_tiny,cifar10,1.0,2,base.layers.1.mixer,0.573875
30,4,8,vim_tiny,cifar10,1.0,3,base.layers.2.mixer,0.877859
30,4,8,vim_tiny,cifar10,1.0,4,base.layers.3.mixer,0.972504
30,4,8,vim_tiny,cifar10,1.0,5,base.layers.4.mixer,0.708780
30,4,8,vim_tiny,cifar10,1.0,6,base.layers.5.mixer,0.939148
30,4,8,vim_tiny,cifar10,1.0,7,base.layers.6.mixer,0.726308
30,4,8,vim_tiny,cifar10,1.0,8,base.layers.7.mixer,0.629118
30,4,8,vim_tiny,cifar10,1.0,9,base.layers.8.mixer,0.882883
30,4,8,vim_tiny,cifar10,1.0,10,base.layers.9.mixer,0.720576
30,4,8,vim_tiny,cifar10,1.0,11,base.layers.10.mixer,0.571209
30,4,8,vim_tiny,cifar10,1.0,12,base.layers.11.mixer,0.690620
30,4,8,vim_tiny,cifar10,1.0,13,classifier,0.713266
30,4,9,vim_tiny,cifar10,1.0,0,base.patch_embed,0.991501
30,4,9,vim_tiny,cifar10,1.0,1,base.layers.0.mixer,0.949827
30,4,9,vim_tiny,cifar10,1.0,2,base.layers.1.mixer,0.599161
30,4,9,vim_tiny,cifar10,1.0,3,base.layers.2.mixer,0.791889
30,4,9,vim_tiny,cifar10,1.0,4,base.layers.3.mixer,0.899387
30,4,9,vim_tiny,cifar10,1.0,5,base.layers.4.mixer,0.815915
30,4,9,vim_tiny,cifar10,1.0,6,base.layers.5.mixer,0.833814
30,4,9,vim_tiny,cifar10,1.0,7,base.layers.6.mixer,0.754410
30,4,9,vim_tiny,cifar10,1.0,8,base.layers.7.mixer,0.698157
30,4,9,vim_tiny,cifar10,1.0,9,base.layers.8.mixer,0.883764
30,4,9,vim_tiny,cifar10,1.0,10,base.layers.9.mixer,0.859694
30,4,9,vim_tiny,cifar10,1.0,11,base.layers.10.mixer,0.749874
30,4,9,vim_tiny,cifar10,1.0,12,base.layers.11.mixer,0.775385
30,4,9,vim_tiny,cifar10,1.0,13,classifier,0.689678
30,5,6,vim_tiny,cifar10,1.0,0,base.patch_embed,0.984742
30,5,6,vim_tiny,cifar10,1.0,1,base.layers.0.mixer,0.904104
30,5,6,vim_tiny,cifar10,1.0,2,base.layers.1.mixer,0.975783
30,5,6,vim_tiny,cifar10,1.0,3,base.layers.2.mixer,0.717747
30,5,6,vim_tiny,cifar10,1.0,4,base.layers.3.mixer,0.854407
30,5,6,vim_tiny,cifar10,1.0,5,base.layers.4.mixer,0.802523
30,5,6,vim_tiny,cifar10,1.0,6,base.layers.5.mixer,0.549500
30,5,6,vim_tiny,cifar10,1.0,7,base.layers.6.mixer,0.735257
30,5,6,vim_tiny,cifar10,1.0,8,base.layers.7.mixer,0.734422
30,5,6,vim_tiny,cifar10,1.0,9,base.layers.8.mixer,0.749150
30,5,6,vim_tiny,cifar10,1.0,10,base.layers.9.mixer,0.788350
30,5,6,vim_tiny,cifar10,1.0,11,base.layers.10.mixer,0.859215
30,5,6,vim_tiny,cifar10,1.0,12,base.layers.11.mixer,0.876641
30,5,6,vim_tiny,cifar10,1.0,13,classifier,0.630435
30,5,7,vim_tiny,cifar10,1.0,0,base.patch_embed,0.997647
30,5,7,vim_tiny,cifar10,1.0,1,base.layers.0.mixer,0.973329
30,5,7,vim_tiny,cifar10,1.0,2,base.layers.1.mixer,0.943654
30,5,7,vim_tiny,cifar10,1.0,3,base.layers.2.mixer,0.879003
30,5,7,vim_tiny,cifar10,1.0,4,base.layers.3.mixer,0.951105
30,5,7,vim_tiny,cifar10,1.0,5,base.layers.4.mixer,0.746482
30,5,7,vim_tiny,cifar10,1.0,6,base.layers.5.mixer,0.571835
30,5,7,vim_tiny,cifar10,1.0,7,base.layers.6.mixer,0.882779
30,5,7,vim_tiny,cifar10,1.0,8,base.layers.7.mixer,0.707242
30,5,7,vim_tiny,cifar10,1.0,9,base.layers.8.mixer,0.705395
30,5,7,vim_tiny,cifar10,1.0,10,base.layers.9.mixer,0.794290
30,5,7,vim_tiny,cifar10,1.0,11,base.layers.10.mixer,0.610547
30,5,7,vim_tiny,cifar10,1.0,12,base.layers.11.mixer,0.866026
30,5,7,vim_tiny,cifar10,1.0,13,classifier,0.622748
30,5,8,vim_tiny,cifar10,1.0,0,base.patch_embed,0.996145
30,5,8,vim_tiny,cifar10,1.0,1,base.layers.0.mixer,0.920103
30,5,8,vim_tiny,cifar10,1.0,2,base.layers.1.mixer,0.930850
30,5,8,vim_tiny,cifar10,1.0,3,base.layers.2.mixer,0.837591
30,5,8,vim_tiny,cifar10,1.0,4,base.layers.3.mixer,0.932298
30,5,8,vim_tiny,cifar10,1.0,5,base.layers.4.mixer,0.546294
30,5,8,vim_tiny,cifar10,1.0,6,base.layers.5.mixer,0.790698
30,5,8,vim_tiny,cifar10,1.0,7,base.layers.6.mixer,0.708428
30,5,8,vim_tiny,cifar10,1.0,8,base.layers.7.mixer,0.770239
30,5,8,vim_tiny,cifar10,1.0,9,base.layers.8.mixer,0.873270
30,5,8,vim_tiny,cifar10,1.0,10,base.layers.9.mixer,0.803346
30,5,8,vim_tiny,cifar10,1.0,11,base.layers.10.mixer,0.821433
30,5,8,vim_tiny,cifar10,1.0,12,base.layers.11.mixer,0.778580
30,5,8,vim_tiny,cifar10,1.0,13,classifier,0.704320
30,5,9,vim_tiny,cifar10,1.0,0,base.patch_embed,0.992031
30,5,9,vim_tiny,cifar10,1.0,1,base.layers.0.mixer,0.718753
30,5,9,vim_tiny,cifar10,1.0,2,base.layers.1.mixer,0.855257
30,5,9,vim_tiny,cifar10,1.0,3,base.layers.2.mixer,0.760302
30,5,9,vim_tiny,cifar10,1.0,4,base.layers.3.mixer,0.674800
30,5,9,vim_tiny,cifar10,1.0,5,base.layers.4.mixer,0.670587
30,5,9,vim_tiny,cifar10,1.0,6,base.layers.5.mixer,0.630762
30,5,9,vim_tiny,cifar10,1.0,7,base.layers.6.mixer,0.745461
30,5,9,vim_tiny,cifar10,1.0,8,base.layers.7.mixer,0.744323
30,5,9,vim_tiny,cifar10,1.0,9,base.layers.8.mixer,0.869250
30,5,9,vim_tiny,cifar10,1.0,10,base.layers.9.mixer,0.790695
30,5,9,vim_tiny,cifar10,1.0,11,base.layers.10.mixer,0.593404
30,5,9,vim_tiny,cifar10,1.0,12,base.layers.11.mixer,0.798019
30,5,9,vim_tiny,cifar10,1.0,13,classifier,0.703679
30,6,7,vim_tiny,cifar10,1.0,0,base.patch_embed,0.979201
30,6,7,vim_tiny,cifar10,1.0,1,base.layers.0.mixer,0.875962
30,6,7,vim_tiny,cifar10,1.0,2,base.layers.1.mixer,0.922857
30,6,7,vim_tiny,cifar10,1.0,3,base.layers.2.mixer,0.595099
30,6,7,vim_tiny,cifar10,1.0,4,base.layers.3.mixer,0.951370
30,6,7,vim_tiny,cifar10,1.0,5,base.layers.4.mixer,0.705127
30,6,7,vim_tiny,cifar10,1.0,6,base.layers.5.mixer,0.952159
30,6,7,vim_tiny,cifar10,1.0,7,base.layers.6.mixer,0.852295
30,6,7,vim_tiny,cifar10,1.0,8,base.layers.7.mixer,0.731811
30,6,7,vim_tiny,cifar10,1.0,9,base.layers.8.mixer,0.743142
30,6,7,vim_tiny,cifar10,1.0,10,base.layers.9.mixer,0.633564
30,6,7,vim_tiny,cifar10,1.0,11,base.layers.10.mixer,0.686016
30,6,7,vim_tiny,cifar10,1.0,12,base.layers.11.mixer,0.780758
30,6,7,vim_tiny,cifar10,1.0,13,classifier,0.541810
30,6,8,vim_tiny,cifar10,1.0,0,base.patch_embed,0.991866
30,6,8,vim_tiny,cifar10,1.0,1,base.layers.0.mixer,0.937869
30,6,8,vim_tiny,cifar10,1.0,2,base.layers.1.mixer,0.900101
30,6,8,vim_tiny,cifar10,1.0,3,base.layers.2.mixer,0.754192
30,6,8,vim_tiny,cifar10,1.0,4,base.layers.3.mixer,0.969601
30,6,8,vim_tiny,cifar10,1.0,5,base.layers.4.mixer,0.538237
30,6,8,vim_tiny,cifar10,1.0,6,base.layers.5.mixer,0.850070
30,6,8,vim_tiny,cifar10,1.0,7,base.layers.6.mixer,0.564369
30,6,8,vim_tiny,cifar10,1.0,8,base.layers.7.mixer,0.791900
30,6,8,vim_tiny,cifar10,1.0,9,base.layers.8.mixer,0.738689
30,6,8,vim_tiny,cifar10,1.0,10,base.layers.9.mixer,0.837086
30,6,8,vim_tiny,cifar10,1.0,11,base.layers.10.mixer,0.768733
30,6,8,vim_tiny,cifar10,1.0,12,base.layers.11.mixer,0.629223
30,6,8,vim_tiny,cifar10,1.0,13,classifier,0.600129
30,6,9,vim_tiny,cifar10,1.0,0,base.patch_embed,0.994050
30,6,9,vim_tiny,cifar10,1.0,1,base.layers.0.mixer,0.932534
30,6,9,vim_tiny,cifar10,1.0,2,base.layers.1.mixer,0.813827
30,6,9,vim_tiny,cifar10,1.0,3,base.layers.2.mixer,0.691873
30,6,9,vim_tiny,cifar10,1.0,4,base.layers.3.mixer,0.930911
30,6,9,vim_tiny,cifar10,1.0,5,base.layers.4.mixer,0.577139
30,6,9,vim_tiny,cifar10,1.0,6,base.layers.5.mixer,0.964159
30,6,9,vim_tiny,cifar10,1.0,7,base.layers.6.mixer,0.608930
30,6,9,vim_tiny,cifar10,1.0,8,base.layers.7.mixer,0.787853
30,6,9,vim_tiny,cifar10,1.0,9,base.layers.8.mixer,0.759945
30,6,9,vim_tiny,cifar10,1.0,10,base.layers.9.mixer,0.922979
30,6,9,vim_tiny,cifar10,1.0,11,base.layers.10.mixer,0.747079
30,6,9,vim_tiny,cifar10,1.0,12,base.layers.11.mixer,0.856219
30,6,9,vim_tiny,cifar10,1.0,13,classifier,0.653609
30,7,8,vim_tiny,cifar10,1.0,0,base.patch_embed,0.991925
30,7,8,vim_tiny,cifar10,1.0,1,base.layers.0.mixer,0.942846
30,7,8,vim_tiny,cifar10,1.0,2,base.layers.1.mixer,0.886100
30,7,8,vim_tiny,cifar10,1.0,3,base.layers.2.mixer,0.746482
30,7,8,vim_tiny,cifar10,1.0,4,base.layers.3.mixer,0.981975
30,7,8,vim_tiny,cifar10,1.0,5,base.layers.4.mixer,0.756668
30,7,8,vim_tiny,cifar10,1.0,6,base.layers.5.mixer,0.845454
30,7,8,vim_tiny,cifar10,1.0,7,base.layers.6.mixer,0.742132
30,7,8,vim_tiny,cifar10,1.0,8,base.layers.7.mixer,0.809476
30,7,8,vim_tiny,cifar10,1.0,9,base.layers.8.mixer,0.750692
30,7,8,vim_tiny,cifar10,1.0,10,base.layers.9.mixer,0.670338
30,7,8,vim_tiny,cifar10,1.0,11,base.layers.10.mixer,0.631738
30,7,8,vim_tiny,cifar10,1.0,12,base.layers.11.mixer,0.664291
30,7,8,vim_tiny,cifar10,1.0,13,classifier,0.576682
30,7,9,vim_tiny,cifar10,1.0,0,base.patch_embed,0.991443
30,7,9,vim_tiny,cifar10,1.0,1,base.layers.0.mixer,0.698949
30,7,9,vim_tiny,cifar10,1.0,2,base.layers.1.mixer,0.875297
30,7,9,vim_tiny,cifar10,1.0,3,base.layers.2.mixer,0.645513
30,7,9,vim_tiny,cifar10,1.0,4,base.layers.3.mixer,0.831865
30,7,9,vim_tiny,cifar10,1.0,5,base.layers.4.mixer,0.755807
30,7,9,vim_tiny,cifar10,1.0,6,base.layers.5.mixer,0.932834
30,7,9,vim_tiny,cifar10,1.0,7,base.layers.6.mixer,0.750258
30,7,9,vim_tiny,cifar10,1.0,8,base.layers.7.mixer,0.721734
30,7,9,vim_tiny,cifar10,1.0,9,base.layers.8.mixer,0.791192
30,7,9,vim_tiny,cifar10,1.0,10,base.layers.9.mixer,0.601915
30,7,9,vim_tiny,cifar10,1.0,11,base.layers.10.mixer,0.739179
30,7,9,vim_tiny,cifar10,1.0,12,base.layers.11.mixer,0.865575
30,7,9,vim_tiny,cifar10,1.0,13,classifier,0.625878
30,8,9,vim_tiny,cifar10,1.0,0,base.patch_embed,0.994535
30,8,9,vim_tiny,cifar10,1.0,1,base.layers.0.mixer,0.855598
30,8,9,vim_tiny,cifar10,1.0,2,base.layers.1.mixer,0.920285
30,8,9,vim_tiny,cifar10,1.0,3,base.layers.2.mixer,0.790623
30,8,9,vim_tiny,cifar10,1.0,4,base.layers.3.mixer,0.835944
30,8,9,vim_tiny,cifar10,1.0,5,base.layers.4.mixer,0.829182
30,8,9,vim_tiny,cifar10,1.0,6,base.layers.5.mixer,0.892203
30,8,9,vim_tiny,cifar10,1.0,7,base.layers.6.mixer,0.830730
30,8,9,vim_tiny,cifar10,1.0,8,base.layers.7.mixer,0.755700
30,8,9,vim_tiny,cifar10,1.0,9,base.layers.8.mixer,0.868091
30,8,9,vim_tiny,cifar10,1.0,10,base.layers.9.mixer,0.768337
30,8,9,vim_tiny,cifar10,1.0,11,base.layers.10.mixer,0.681335
30,8,9,vim_tiny,cifar10,1.0,12,base.layers.11.mixer,0.594267
30,8,9,vim_tiny,cifar10,1.0,13,classifier,0.700575
40,0,1,vim_tiny,cifar10,1.0,0,base.patch_embed,0.989134
40,0,1,vim_tiny,cifar10,1.0,1,base.layers.0.mixer,0.938457
40,0,1,vim_tiny,cifar10,1.0,2,base.layers.1.mixer,0.854381
40,0,1,vim_tiny,cifar10,1.0,3,base.layers.2.mixer,0.887753
40,0,1,vim_tiny,cifar10,1.0,4,base.layers.3.mixer,0.974232
40,0,1,vim_tiny,cifar10,1.0,5,base.layers.4.mixer,0.691918
40,0,1,vim_tiny,cifar10,1.0,6,base.layers.5.mixer,0.962356
40,0,1,vim_tiny,cifar10,1.0,7,base.layers.6.mixer,0.742276
40,0,1,vim_tiny,cifar10,1.0,8,base.layers.7.mixer,0.661451
40,0,1,vim_tiny,cifar10,1.0,9,base.layers.8.mixer,0.818889
40,0,1,vim_tiny,cifar10,1.0,10,base.layers.9.mixer,0.936872
40,0,1,vim_tiny,cifar10,1.0,11,base.layers.10.mixer,0.891756
40,0,1,vim_tiny,cifar10,1.0,12,base.layers.11.mixer,0.544128
40,0,1,vim_tiny,cifar10,1.0,13,classifier,0.706121
40,0,2,vim_tiny,cifar10,1.0,0,base.patch_embed,0.998407
40,0,2,vim_tiny,cifar10,1.0,1,base.layers.0.mixer,0.981911
40,0,2,vim_tiny,cifar10,1.0,2,base.layers.1.mixer,0.544284
40,0,2,vim_tiny,cifar10,1.0,3,base.layers.2.mixer,0.745306
40,0,2,vim_tiny,cifar10,1.0,4,base.layers.3.mixer,0.948361
40,0,2,vim_tiny,cifar10,1.0,5,base.layers.4.mixer,0.859493
40,0,2,vim_tiny,cifar10,1.0,6,base.layers.5.mixer,0.727564
40,0,2,vim_tiny,cifar10,1.0,7,base.layers.6.mixer,0.783147
40,0,2,vim_tiny,cifar10,1.0,8,base.layers.7.mixer,0.777379
40,0,2,vim_tiny,cifar10,1.0,9,base.layers.8.mixer,0.801583
40,0,2,vim_tiny,cifar10,1.0,10,base.layers.9.mixer,0.857475
40,0,2,vim_tiny,cifar10,1.0,11,base.layers.10.mixer,0.867281
40,0,2,vim_tiny,cifar10,1.0,12,base.layers.11.mixer,0.592523
40,0,2,vim_tiny,cifar10,1.0,13,classifier,0.674660
40,0,3,vim_tiny,cifar10,1.0,0,base.patch_embed,0.980939
40,0,3,vim_tiny,cifar10,1.0,1,base.layers.0.mixer,0.964756
40,0,3,vim_tiny,cifar10,1.0,2,base.layers.1.mixer,0.897629
40,0,3,vim_tiny,cifar10,1.0,3,base.layers.2.mixer,0.798642
40,0,3,vim_tiny,cifar10,1.0,4,base.layers.3.mixer,0.977578
40,0,3,vim_tiny,cifar10,1.0,5,base.layers.4.mixer,0.579837
40,0,3,vim_tiny,cifar10,1.0,6,base.layers.5.mixer,0.752180
40,0,3,vim_tiny,cifar10,1.0,7,base.layers.6.mixer,0.828132
40,0,3,vim_tiny,cifar10,1.0,8,base.layers.7.mixer,0.687506
40,0,3,vim_tiny,cifar10,1.0,9,base.layers.8.mixer,0.799647
40,0,3,vim_tiny,cifar10,1.0,10,base.layers.9.mixer,0.871415
40,0,3,vim_tiny,cifar10,1.0,11,base.layers.10.mixer,0.736938
40,0,3,vim_tiny,cifar10,1.0,12,base.layers.11.mixer,0.634782
40,0,3,vim_tiny,cifar10,1.0,13,classifier,0.668371
40,0,4,vim_tiny,cifar10,1.0,0,base.patch_embed,0.999613
40,0,4,vim_tiny,cifar10,1.0,1,base.layers.0.mixer,0.990816
40,0,4,vim_tiny,cifar10,1.0,2,base.layers.1.mixer,0.792778
40,0,4,vim_tiny,cifar10,1.0,3,base.layers.2.mixer,0.794228
40,0,4,vim_tiny,cifar10,1.0,4,base.layers.3.mixer,0.938126
40,0,4,vim_tiny,cifar10,1.0,5,base.layers.4.mixer,0.698920
40,0,4,vim_tiny,cifar10,1.0,6,base.layers.5.mixer,0.965858
40,0,4,vim_tiny,cifar10,1.0,7,base.layers.6.mixer,0.766287
40,0,4,vim_tiny,cifar10,1.0,8,base.layers.7.mixer,0.786919
40,0,4,vim_tiny,cifar10,1.0,9,base.layers.8.mixer,0.863680
40,0,4,vim_tiny,cifar10,1.0,10,base.layers.9.mixer,0.854996
40,0,4,vim_tiny,cifar10,1.0,11,base.layers.10.mixer,0.596419
40,0,4,vim_tiny,cifar10,1.0,12,base.layers.11.mixer,0.823275
40,0,4,vim_tiny,cifar10,1.0,13,classifier,0.695360
40,0,5,vim_tiny,cifar10,1.0,0,base.patch_embed,0.998519
40,0,5,vim_tiny,cifar10,1.0,1,base.layers.0.mixer,0.950177
40,0,5,vim_tiny,cifar10,1.0,2,base.layers.1.mixer,0.954660
40,0,5,vim_tiny,cifar10,1.0,3,base.layers.2.mixer,0.827332
40,0,5,vim_tiny,cifar10,1.0,4,base.layers.3.mixer,0.959233
40,0,5,vim_tiny,cifar10,1.0,5,base.layers.4.mixer,0.767676
40,0,5,vim_tiny,cifar10,1.0,6,base.layers.5.mixer,0.961021
40,0,5,vim_tiny,cifar10,1.0,7,base.layers.6.mixer,0.919664
40,0,5,vim_tiny,cifar10,1.0,8,base.layers.7.mixer,0.739033
40,0,5,vim_tiny,cifar10,1.0,9,base.layers.8.mixer,0.883899
40,0,5,vim_tiny,cifar10,1.0,10,base.layers.9.mixer,0.904849
40,0,5,vim_tiny,cifar10,1.0,11,base.layers.10.mixer,0.646211
40,0,5,vim_tiny,cifar10,1.0,12,base.layers.11.mixer,0.790483
40,0,5,vim_tiny,cifar10,1.0,13,classifier,0.674484
40,0,6,vim_tiny,cifar10,1.0,0,base.patch_embed,0.998510
40,0,6,vim_tiny,cifar10,1.0,1,base.layers.0.mixer,0.979057
40,0,6,vim_tiny,cifar10,1.0,2,base.layers.1.mixer,0.874245
40,0,6,vim_tiny,cifar10,1.0,3,base.layers.2.mixer,0.894972
40,0,6,vim_tiny,cifar10,1.0,4,base.layers.3.mixer,0.964161
40,0,6,vim_tiny,cifar10,1.0,5,base.layers.4.mixer,0.741949
40,0,6,vim_tiny,cifar10,1.0,6,base.layers.5.mixer,0.902707
40,0,6,vim_tiny,cifar10,1.0,7,base.layers.6.mixer,0.925660
40,0,6,vim_tiny,cifar10,1.0,8,base.layers.7.mixer,0.837806
40,0,6,vim_tiny,cifar10,1.0,9,base.layers.8.mixer,0.873361
40,0,6,vim_tiny,cifar10,1.0,10,base.layers.9.mixer,0.890724
40,0,6,vim_tiny,cifar10,1.0,11,base.layers.10.mixer,0.906149
40,0,6,vim_tiny,cifar10,1.0,12,base.layers.11.mixer,0.663311
40,0,6,vim_tiny,cifar10,1.0,13,classifier,0.722386
40,0,7,vim_tiny,cifar10,1.0,0,base.patch_embed,0.995457
40,0,7,vim_tiny,cifar10,1.0,1,base.layers.0.mixer,0.851487
40,0,7,vim_tiny,cifar10,1.0,2,base.layers.1.mixer,0.866712
40,0,7,vim_tiny,cifar10,1.0,3,base.layers.2.mixer,0.809951
40,0,7,vim_tiny,cifar10,1.0,4,base.layers.3.mixer,0.957949
40,0,7,vim_tiny,cifar10,1.0,5,base.layers.4.mixer,0.765787
40,0,7,vim_tiny,cifar10,1.0,6,base.layers.5.mixer,0.868976
40,0,7,vim_tiny,cifar10,1.0,7,base.layers.6.mixer,0.857717
40,0,7,vim_tiny,cifar10,1.0,8,base.layers.7.mixer,0.681407
40,0,7,vim_tiny,cifar10,1.0,9,base.layers.8.mixer,0.914577
40,0,7,vim_tiny,cifar10,1.0,10,base.layers.9.mixer,0.762757
40,0,7,vim_tiny,cifar10,1.0,11,base.layers.10.mixer,0.893468
40,0,7,vim_tiny,cifar10,1.0,12,base.layers.11.mixer,0.835919
40,0,7,vim_tiny,cifar10,1.0,13,classifier,0.728756
40,0,8,vim_tiny,cifar10,1.0,0,base.patch_embed,0.995480
40,0,8,vim_tiny,cifar10,1.0,1,base.layers.0.mixer,0.964211
40,0,8,vim_tiny,cifar10,1.0,2,base.layers.1.mixer,0.759773
40,0,8,vim_tiny,cifar10,1.0,3,base.layers.2.mixer,0.868347
40,0,8,vim_tiny,cifar10,1.0,4,base.layers.3.mixer,0.984178
40,0,8,vim_tiny,cifar10,1.0,5,base.layers.4.mixer,0.761519
40,0,8,vim_tiny,cifar10,1.0,6,base.layers.5.mixer,0.890901
40,0,8,vim_tiny,cifar10,1.0,7,base.layers.6.mixer,0.640422
40,0,8,vim_tiny,cifar10,1.0,8,base.layers.7.mixer,0.801391
40,0,8,vim_tiny,cifar10,1.0,9,base.layers.8.mixer,0.803891
40,0,8,vim_tiny,cifar10,1.0,10,base.layers.9.mixer,0.761965
40,0,8,vim_tiny,cifar10,1.0,11,base.layers.10.mixer,0.836390
40,0,8,vim_tiny,cifar10,1.0,12,base.layers.11.mixer,0.753955
40,0,8,vim_tiny,cifar10,1.0,13,classifier,0.707425
40,0,9,vim_tiny,cifar10,1.0,0,base.patch_embed,0.996847
40,0,9,vim_tiny,cifar10,1.0,1,base.layers.0.mixer,0.922281
40,0,9,vim_tiny,cifar10,1.0,2,base.layers.1.mixer,0.667143
40,0,9,vim_tiny,cifar10,1.0,3,base.layers.2.mixer,0.685683
40,0,9,vim_tiny,cifar10,1.0,4,base.layers.3.mixer,0.928993
40,0,9,vim_tiny,cifar10,1.0,5,base.layers.4.mixer,0.745321
40,0,9,vim_tiny,cifar10,1.0,6,base.layers.5.mixer,0.847436
40,0,9,vim_tiny,cifar10,1.0,7,base.layers.6.mixer,0.724113
40,0,9,vim_tiny,cifar10,1.0,8,base.layers.7.mixer,0.590920
40,0,9,vim_tiny,cifar10,1.0,9,base.layers.8.mixer,0.858832
40,0,9,vim_tiny,cifar10,1.0,10,base.layers.9.mixer,0.925763
40,0,9,vim_tiny,cifar10,1.0,11,base.layers.10.mixer,0.886718
40,0,9,vim_tiny,cifar10,1.0,12,base.layers.11.mixer,0.915747
40,0,9,vim_tiny,cifar10,1.0,13,classifier,0.619638
40,1,2,vim_tiny,cifar10,1.0,0,base.patch_embed,0.994471
40,1,2,vim_tiny,cifar10,1.0,1,base.layers.0.mixer,0.979995
40,1,2,vim_tiny,cifar10,1.0,2,base.layers.1.mixer,0.698108
40,1,2,vim_tiny,cifar10,1.0,3,base.layers.2.mixer,0.714761
40,1,2,vim_tiny,cifar10,1.0,4,base.layers.3.mixer,0.969033
40,1,2,vim_tiny,cifar10,1.0,5,base.layers.4.mixer,0.721981
40,1,2,vim_tiny,cifar10,1.0,6,base.layers.5.mixer,0.816099
40,1,2,vim_tiny,cifar10,1.0,7,base.layers.6.mixer,0.707654
40,1,2,vim_tiny,cifar10,1.0,8,base.layers.7.mixer,0.705756
40,1,2,vim_tiny,cifar10,1.0,9,base.layers.8.mixer,0.932332
40,1,2,vim_tiny,cifar10,1.0,10,base.layers.9.mixer,0.889373
40,1,2,vim_tiny,cifar10,1.0,11,base.layers.10.mixer,0.910734
40,1,2,vim_tiny,cifar10,1.0,12,base.layers.11.mixer,0.868068
40,1,2,vim_tiny,cifar10,1.0,13,classifier,0.711578
40,1,3,vim_tiny,cifar10,1.0,0,base.patch_embed,0.996727
40,1,3,vim_tiny,cifar10,1.0,1,base.layers.0.mixer,0.960868
40,1,3,vim_tiny,cifar10,1.0,2,base.layers.1.mixer,0.861393
40,1,3,vim_tiny,cifar10,1.0,3,base.layers.2.mixer,0.760657
40,1,3,vim_tiny,cifar10,1.0,4,base.layers.3.mixer,0.957454
40,1,3,vim_tiny,cifar10,1.0,5,base.layers.4.mixer,0.495581
40,1,3,vim_tiny,cifar10,1.0,6,base.layers.5.mixer,0.689734
40,1,3,vim_tiny,cifar10,1.0,7,base.layers.6.mixer,0.643949
40,1,3,vim_tiny,cifar10,1.0,8,base.layers.7.mixer,0.669734
40,1,3,vim_tiny,cifar10,1.0,9,base.layers.8.mixer,0.835546
40,1,3,vim_tiny,cifar10,1.0,10,base.layers.9.mixer,0.846915
40,1,3,vim_tiny,cifar10,1.0,11,base.layers.10.mixer,0.741916
40,1,3,vim_tiny,cifar10,1.0,12,base.layers.11.mixer,0.587603
40,1,3,vim_tiny,cifar10,1.0,13,classifier,0.710212
40,1,4,vim_tiny,cifar10,1.0,0,base.patch_embed,0.987435
40,1,4,vim_tiny,cifar10,1.0,1,base.layers.0.mixer,0.945024
40,1,4,vim_tiny,cifar10,1.0,2,base.layers.1.mixer,0.824871
40,1,4,vim_tiny,cifar10,1.0,3,base.layers.2.mixer,0.723752
40,1,4,vim_tiny,cifar10,1.0,4,base.layers.3.mixer,0.872841
40,1,4,vim_tiny,cifar10,1.0,5,base.layers.4.mixer,0.485791
40,1,4,vim_tiny,cifar10,1.0,6,base.layers.5.mixer,0.960843
40,1,4,vim_tiny,cifar10,1.0,7,base.layers.6.mixer,0.596820
40,1,4,vim_tiny,cifar10,1.0,8,base.layers.7.mixer,0.812264
40,1,4,vim_tiny,cifar10,1.0,9,base.layers.8.mixer,0.805897
40,1,4,vim_tiny,cifar10,1.0,10,base.layers.9.mixer,0.781012
40,1,4,vim_tiny,cifar10,1.0,11,base.layers.10.mixer,0.635421
40,1,4,vim_tiny,cifar10,1.0,12,base.layers.11.mixer,0.561507
40,1,4,vim_tiny,cifar10,1.0,13,classifier,0.692478
40,1,5,vim_tiny,cifar10,1.0,0,base.patch_embed,0.993492
40,1,5,vim_tiny,cifar10,1.0,1,base.layers.0.mixer,0.981340
40,1,5,vim_tiny,cifar10,1.0,2,base.layers.1.mixer,0.761261
40,1,5,vim_tiny,cifar10,1.0,3,base.layers.2.mixer,0.833715
40,1,5,vim_tiny,cifar10,1.0,4,base.layers.3.mixer,0.907448
40,1,5,vim_tiny,cifar10,1.0,5,base.layers.4.mixer,0.508184
40,1,5,vim_tiny,cifar10,1.0,6,base.layers.5.mixer,0.972804
40,1,5,vim_tiny,cifar10,1.0,7,base.layers.6.mixer,0.664488
40,1,5,vim_tiny,cifar10,1.0,8,base.layers.7.mixer,0.722815
40,1,5,vim_tiny,cifar10,1.0,9,base.layers.8.mixer,0.860058
40,1,5,vim_tiny,cifar10,1.0,10,base.layers.9.mixer,0.855521
40,1,5,vim_tiny,cifar10,1.0,11,base.layers.10.mixer,0.602531
40,1,5,vim_tiny,cifar10,1.0,12,base.layers.11.mixer,0.620948
40,1,5,vim_tiny,cifar10,1.0,13,classifier,0.733012
40,1,6,vim_tiny,cifar10,1.0,0,base.patch_embed,0.992459
40,1,6,vim_tiny,cifar10,1.0,1,base.layers.0.mixer,0.963435
40,1,6,vim_tiny,cifar10,1.0,2,base.layers.1.mixer,0.893775
40,1,6,vim_tiny,cifar10,1.0,3,base.layers.2.mixer,0.851010
40,1,6,vim_tiny,cifar10,1.0,4,base.layers.3.mixer,0.908935
40,1,6,vim_tiny,cifar10,1.0,5,base.layers.4.mixer,0.669764
40,1,6,vim_tiny,cifar10,1.0,6,base.layers.5.mixer,0.822112
40,1,6,vim_tiny,cifar10,1.0,7,base.layers.6.mixer,0.750401
40,1,6,vim_tiny,cifar10,1.0,8,base.layers.7.mixer,0.750754
40,1,6,vim_tiny,cifar10,1.0,9,base.layers.8.mixer,0.907813
40,1,6,vim_tiny,cifar10,1.0,10,base.layers.9.mixer,0.834511
40,1,6,vim_tiny,cifar10,1.0,11,base.layers.10.mixer,0.864286
40,1,6,vim_tiny,cifar10,1.0,12,base.layers.11.mixer,0.842071
40,1,6,vim_tiny,cifar10,1.0,13,classifier,0.711307
40,1,7,vim_tiny,cifar10,1.0,0,base.patch_embed,0.990874
40,1,7,vim_tiny,cifar10,1.0,1,base.layers.0.mixer,0.939305
40,1,7,vim_tiny,cifar10,1.0,2,base.layers.1.mixer,0.864201
40,1,7,vim_tiny,cifar10,1.0,3,base.layers.2.mixer,0.840393
40,1,7,vim_tiny,cifar10,1.0,4,base.layers.3.mixer,0.890186
40,1,7,vim_tiny,cifar10,1.0,5,base.layers.4.mixer,0.794405
40,1,7,vim_tiny,cifar10,1.0,6,base.layers.5.mixer,0.915049
40,1,7,vim_tiny,cifar10,1.0,7,base.layers.6.mixer,0.801518
40,1,7,vim_tiny,cifar10,1.0,8,base.layers.7.mixer,0.647467
40,1,7,vim_tiny,cifar10,1.0,9,base.layers.8.mixer,0.910586
40,1,7,vim_tiny,cifar10,1.0,10,base.layers.9.mixer,0.682381
40,1,7,vim_tiny,cifar10,1.0,11,base.layers.10.mixer,0.857732
40,1,7,vim_tiny,cifar10,1.0,12,base.layers.11.mixer,0.603353
40,1,7,vim_tiny,cifar10,1.0,13,classifier,0.746414
40,1,8,vim_tiny,cifar10,1.0,0,base.patch_embed,0.989410
40,1,8,vim_tiny,cifar10,1.0,1,base.layers.0.mixer,0.987735
40,1,8,vim_tiny,cifar10,1.0,2,base.layers.1.mixer,0.849399
40,1,8,vim_tiny,cifar10,1.0,3,base.layers.2.mixer,0.888485
40,1,8,vim_tiny,cifar10,1.0,4,base.layers.3.mixer,0.946072
40,1,8,vim_tiny,cifar10,1.0,5,base.layers.4.mixer,0.551544
40,1,8,vim_tiny,cifar10,1.0,6,base.layers.5.mixer,0.846393
40,1,8,vim_tiny,cifar10,1.0,7,base.layers.6.mixer,0.734238
40,1,8,vim_tiny,cifar10,1.0,8,base.layers.7.mixer,0.685947
40,1,8,vim_tiny,cifar10,1.0,9,base.layers.8.mixer,0.955554
40,1,8,vim_tiny,cifar10,1.0,10,base.layers.9.mixer,0.709846
40,1,8,vim_tiny,cifar10,1.0,11,base.layers.10.mixer,0.841002
40,1,8,vim_tiny,cifar10,1.0,12,base.layers.11.mixer,0.634392
40,1,8,vim_tiny,cifar10,1.0,13,classifier,0.723355
40,1,9,vim_tiny,cifar10,1.0,0,base.patch_embed,0.990527
40,1,9,vim_tiny,cifar10,1.0,1,base.layers.0.mixer,0.990989
40,1,9,vim_tiny,cifar10,1.0,2,base.layers.1.mixer,0.831731
40,1,9,vim_tiny,cifar10,1.0,3,base.layers.2.mixer,0.615013
40,1,9,vim_tiny,cifar10,1.0,4,base.layers.3.mixer,0.963310
40,1,9,vim_tiny,cifar10,1.0,5,base.layers.4.mixer,0.751256
40,1,9,vim_tiny,cifar10,1.0,6,base.layers.5.mixer,0.867103
40,1,9,vim_tiny,cifar10,1.0,7,base.layers.6.mixer,0.752689
40,1,9,vim_tiny,cifar10,1.0,8,base.layers.7.mixer,0.785214
40,1,9,vim_tiny,cifar10,1.0,9,base.layers.8.mixer,0.727632
40,1,9,vim_tiny,cifar10,1.0,10,base.layers.9.mixer,0.917421
40,1,9,vim_tiny,cifar10,1.0,11,base.layers.10.mixer,0.821450
40,1,9,vim_tiny,cifar10,1.0,12,base.layers.11.mixer,0.526853
40,1,9,vim_tiny,cifar10,1.0,13,classifier,0.665368
40,2,3,vim_tiny,cifar10,1.0,0,base.patch_embed,0.989278
40,2,3,vim_tiny,cifar10,1.0,1,base.layers.0.mixer,0.970177
40,2,3,vim_tiny,cifar10,1.0,2,base.layers.1.mixer,0.748154
40,2,3,vim_tiny,cifar10,1.0,3,base.layers.2.mixer,0.682578
40,2,3,vim_tiny,cifar10,1.0,4,base.layers.3.mixer,0.935965
40,2,3,vim_tiny,cifar10,1.0,5,base.layers.4.mixer,0.569517
40,2,3,vim_tiny,cifar10,1.0,6,base.layers.5.mixer,0.336255
40,2,3,vim_tiny,cifar10,1.0,7,base.layers.6.mixer,0.580680
40,2,3,vim_tiny,cifar10,1.0,8,base.layers.7.mixer,0.715279
40,2,3,vim_tiny,cifar10,1.0,9,base.layers.8.mixer,0.874772
40,2,3,vim_tiny,cifar10,1.0,10,base.layers.9.mixer,0.729534
40,2,3,vim_tiny,cifar10,1.0,11,base.layers.10.mixer,0.750914
40,2,3,vim_tiny,cifar10,1.0,12,base.layers.11.mixer,0.601092
40,2,3,vim_tiny,cifar10,1.0,13,classifier,0.651284
40,2,4,vim_tiny,cifar10,1.0,0,base.patch_embed,0.997869
40,2,4,vim_tiny,cifar10,1.0,1,base.layers.0.mixer,0.976096
40,2,4,vim_tiny,cifar10,1.0,2,base.layers.1.mixer,0.725079
40,2,4,vim_tiny,cifar10,1.0,3,base.layers.2.mixer,0.617392
40,2,4,vim_tiny,cifar10,1.0,4,base.layers.3.mixer,0.865074
40,2,4,vim_tiny,cifar10,1.0,5,base.layers.4.mixer,0.712856
40,2,4,vim_tiny,cifar10,1.0,6,base.layers.5.mixer,0.813076
40,2,4,vim_tiny,cifar10,1.0,7,base.layers.6.mixer,0.560023
40,2,4,vim_tiny,cifar10,1.0,8,base.layers.7.mixer,0.795029
40,2,4,vim_tiny,cifar10,1.0,9,base.layers.8.mixer,0.797804
40,2,4,vim_tiny,cifar10,1.0,10,base.layers.9.mixer,0.763767
40,2,4,vim_tiny,cifar10,1.0,11,base.layers.10.mixer,0.610296
40,2,4,vim_tiny,cifar10,1.0,12,base.layers.11.mixer,0.675447
40,2,4,vim_tiny,cifar10,1.0,13,classifier,0.669963
40,2,5,vim_tiny,cifar10,1.0,0,base.patch_embed,0.999648
40,2,5,vim_tiny,cifar10,1.0,1,base.layers.0.mixer,0.970307
40,2,5,vim_tiny,cifar10,1.0,2,base.layers.1.mixer,0.419618
40,2,5,vim_tiny,cifar10,1.0,3,base.layers.2.mixer,0.794839
40,2,5,vim_tiny,cifar10,1.0,4,base.layers.3.mixer,0.881570
40,2,5,vim_tiny,cifar10,1.0,5,base.layers.4.mixer,0.741092
40,2,5,vim_tiny,cifar10,1.0,6,base.layers.5.mixer,0.827435
40,2,5,vim_tiny,cifar10,1.0,7,base.layers.6.mixer,0.697876
40,2,5,vim_tiny,cifar10,1.0,8,base.layers.7.mixer,0.790324
40,2,5,vim_tiny,cifar10,1.0,9,base.layers.8.mixer,0.866711
40,2,5,vim_tiny,cifar10,1.0,10,base.layers.9.mixer,0.880982
40,2,5,vim_tiny,cifar10,1.0,11,base.layers.10.mixer,0.573727
40,2,5,vim_tiny,cifar10,1.0,12,base.layers.11.mixer,0.687279
40,2,5,vim_tiny,cifar10,1.0,13,classifier,0.630324
40,2,6,vim_tiny,cifar10,1.0,0,base.patch_embed,0.998094
40,2,6,vim_tiny,cifar10,1.0,1,base.layers.0.mixer,0.976526
40,2,6,vim_tiny,cifar10,1.0,2,base.layers.1.mixer,0.805408
40,2,6,vim_tiny,cifar10,1.0,3,base.layers.2.mixer,0.819260
40,2,6,vim_tiny,cifar10,1.0,4,base.layers.3.mixer,0.904407
40,2,6,vim_tiny,cifar10,1.0,5,base.layers.4.mixer,0.659593
40,2,6,vim_tiny,cifar10,1.0,6,base.layers.5.mixer,0.461077
40,2,6,vim_tiny,cifar10,1.0,7,base.layers.6.mixer,0.866457
40,2,6,vim_tiny,cifar10,1.0,8,base.layers.7.mixer,0.826025
40,2,6,vim_tiny,cifar10,1.0,9,base.layers.8.mixer,0.905885
40,2,6,vim_tiny,cifar10,1.0,10,base.layers.9.mixer,0.740177
40,2,6,vim_tiny,cifar10,1.0,11,base.layers.10.mixer,0.854631
40,2,6,vim_tiny,cifar10,1.0,12,base.layers.11.mixer,0.851018
40,2,6,vim_tiny,cifar10,1.0,13,classifier,0.654123
40,2,7,vim_tiny,cifar10,1.0,0,base.patch_embed,0.997316
40,2,7,vim_tiny,cifar10,1.0,1,base.layers.0.mixer,0.901470
40,2,7,vim_tiny,cifar10,1.0,2,base.layers.1.mixer,0.768665
40,2,7,vim_tiny,cifar10,1.0,3,base.layers.2.mixer,0.532873
40,2,7,vim_tiny,cifar10,1.0,4,base.layers.3.mixer,0.853580
40,2,7,vim_tiny,cifar10,1.0,5,base.layers.4.mixer,0.673876
40,2,7,vim_tiny,cifar10,1.0,6,base.layers.5.mixer,0.941806
40,2,7,vim_tiny,cifar10,1.0,7,base.layers.6.mixer,0.775536
40,2,7,vim_tiny,cifar10,1.0,8,base.layers.7.mixer,0.668185
40,2,7,vim_tiny,cifar10,1.0,9,base.layers.8.mixer,0.901578
40,2,7,vim_tiny,cifar10,1.0,10,base.layers.9.mixer,0.668323
40,2,7,vim_tiny,cifar10,1.0,11,base.layers.10.mixer,0.802948
40,2,7,vim_tiny,cifar10,1.0,12,base.layers.11.mixer,0.652627
40,2,7,vim_tiny,cifar10,1.0,13,classifier,0.703241
40,2,8,vim_tiny,cifar10,1.0,0,base.patch_embed,0.997523
40,2,8,vim_tiny,cifar10,1.0,1,base.layers.0.mixer,0.988725
40,2,8,vim_tiny,cifar10,1.0,2,base.layers.1.mixer,0.885505
40,2,8,vim_tiny,cifar10,1.0,3,base.layers.2.mixer,0.653787
40,2,8,vim_tiny,cifar10,1.0,4,base.layers.3.mixer,0.936617
40,2,8,vim_tiny,cifar10,1.0,5,base.layers.4.mixer,0.768582
40,2,8,vim_tiny,cifar10,1.0,6,base.layers.5.mixer,0.496645
40,2,8,vim_tiny,cifar10,1.0,7,base.layers.6.mixer,0.661472
40,2,8,vim_tiny,cifar10,1.0,8,base.layers.7.mixer,0.813791
40,2,8,vim_tiny,cifar10,1.0,9,base.layers.8.mixer,0.917565
40,2,8,vim_tiny,cifar10,1.0,10,base.layers.9.mixer,0.628375
40,2,8,vim_tiny,cifar10,1.0,11,base.layers.10.mixer,0.847889
40,2,8,vim_tiny,cifar10,1.0,12,base.layers.11.mixer,0.639516
40,2,8,vim_tiny,cifar10,1.0,13,classifier,0.704494
40,2,9,vim_tiny,cifar10,1.0,0,base.patch_embed,0.995771
40,2,9,vim_tiny,cifar10,1.0,1,base.layers.0.mixer,0.968242
40,2,9,vim_tiny,cifar10,1.0,2,base.layers.1.mixer,0.885366
40,2,9,vim_tiny,cifar10,1.0,3,base.layers.2.mixer,0.841179
40,2,9,vim_tiny,cifar10,1.0,4,base.layers.3.mixer,0.929814
40,2,9,vim_tiny,cifar10,1.0,5,base.layers.4.mixer,0.781527
40,2,9,vim_tiny,cifar10,1.0,6,base.layers.5.mixer,0.867592
40,2,9,vim_tiny,cifar10,1.0,7,base.layers.6.mixer,0.805424
40,2,9,vim_tiny,cifar10,1.0,8,base.layers.7.mixer,0.650108
40,2,9,vim_tiny,cifar10,1.0,9,base.layers.8.mixer,0.742520
40,2,9,vim_tiny,cifar10,1.0,10,base.layers.9.mixer,0.778248
40,2,9,vim_tiny,cifar10,1.0,11,base.layers.10.mixer,0.806456
40,2,9,vim_tiny,cifar10,1.0,12,base.layers.11.mixer,0.582693
40,2,9,vim_tiny,cifar10,1.0,13,classifier,0.615614
40,3,4,vim_tiny,cifar10,1.0,0,base.patch_embed,0.979776
40,3,4,vim_tiny,cifar10,1.0,1,base.layers.0.mixer,0.985107
40,3,4,vim_tiny,cifar10,1.0,2,base.layers.1.mixer,0.913136
40,3,4,vim_tiny,cifar10,1.0,3,base.layers.2.mixer,0.888600
40,3,4,vim_tiny,cifar10,1.0,4,base.layers.3.mixer,0.910474
40,3,4,vim_tiny,cifar10,1.0,5,base.layers.4.mixer,0.755572
40,3,4,vim_tiny,cifar10,1.0,6,base.layers.5.mixer,0.697833
40,3,4,vim_tiny,cifar10,1.0,7,base.layers.6.mixer,0.822730
40,3,4,vim_tiny,cifar10,1.0,8,base.layers.7.mixer,0.737949
40,3,4,vim_tiny,cifar10,1.0,9,base.layers.8.mixer,0.792589
40,3,4,vim_tiny,cifar10,1.0,10,base.layers.9.mixer,0.793176
40,3,4,vim_tiny,cifar10,1.0,11,base.layers.10.mixer,0.789937
40,3,4,vim_tiny,cifar10,1.0,12,base.layers.11.mixer,0.559953
40,3,4,vim_tiny,cifar10,1.0,13,classifier,0.690191
40,3,5,vim_tiny,cifar10,1.0,0,base.patch_embed,0.988589
40,3,5,vim_tiny,cifar10,1.0,1,base.layers.0.mixer,0.991844
40,3,5,vim_tiny,cifar10,1.0,2,base.layers.1.mixer,0.848964
40,3,5,vim_tiny,cifar10,1.0,3,base.layers.2.mixer,0.865830
40,3,5,vim_tiny,cifar10,1.0,4,base.layers.3.mixer,0.935189
40,3,5,vim_tiny,cifar10,1.0,5,base.layers.4.mixer,0.554505
40,3,5,vim_tiny,cifar10,1.0,6,base.layers.5.mixer,0.705493
40,3,5,vim_tiny,cifar10,1.0,7,base.layers.6.mixer,0.863189
40,3,5,vim_tiny,cifar10,1.0,8,base.layers.7.mixer,0.832934
40,3,5,vim_tiny,cifar10,1.0,9,base.layers.8.mixer,0.895991
40,3,5,vim_tiny,cifar10,1.0,10,base.layers.9.mixer,0.788380
40,3,5,vim_tiny,cifar10,1.0,11,base.layers.10.mixer,0.424611
40,3,5,vim_tiny,cifar10,1.0,12,base.layers.11.mixer,0.426192
40,3,5,vim_tiny,cifar10,1.0,13,classifier,0.675994
40,3,6,vim_tiny,cifar10,1.0,0,base.patch_embed,0.984753
40,3,6,vim_tiny,cifar10,1.0,1,base.layers.0.mixer,0.989757
40,3,6,vim_tiny,cifar10,1.0,2,base.layers.1.mixer,0.929286
40,3,6,vim_tiny,cifar10,1.0,3,base.layers.2.mixer,0.871829
40,3,6,vim_tiny,cifar10,1.0,4,base.layers.3.mixer,0.951306
40,3,6,vim_tiny,cifar10,1.0,5,base.layers.4.mixer,0.765785
40,3,6,vim_tiny,cifar10,1.0,6,base.layers.5.mixer,0.913474
40,3,6,vim_tiny,cifar10,1.0,7,base.layers.6.mixer,0.758748
40,3,6,vim_tiny,cifar10,1.0,8,base.layers.7.mixer,0.738248
40,3,6,vim_tiny,cifar10,1.0,9,base.layers.8.mixer,0.916063
40,3,6,vim_tiny,cifar10,1.0,10,base.layers.9.mixer,0.913145
40,3,6,vim_tiny,cifar10,1.0,11,base.layers.10.mixer,0.754522
40,3,6,vim_tiny,cifar10,1.0,12,base.layers.11.mixer,0.480490
40,3,6,vim_tiny,cifar10,1.0,13,classifier,0.637792
40,3,7,vim_tiny,cifar10,1.0,0,base.patch_embed,0.986671
40,3,7,vim_tiny,cifar10,1.0,1,base.layers.0.mixer,0.842453
40,3,7,vim_tiny,cifar10,1.0,2,base.layers.1.mixer,0.941661
40,3,7,vim_tiny,cifar10,1.0,3,base.layers.2.mixer,0.570795
40,3,7,vim_tiny,cifar10,1.0,4,base.layers.3.mixer,0.944555
40,3,7,vim_tiny,cifar10,1.0,5,base.layers.4.mixer,0.327512
40,3,7,vim_tiny,cifar10,1.0,6,base.layers.5.mixer,0.529891
40,3,7,vim_tiny,cifar10,1.0,7,base.layers.6.mixer,0.794739
40,3,7,vim_tiny,cifar10,1.0,8,base.layers.7.mixer,0.808040
40,3,7,vim_tiny,cifar10,1.0,9,base.layers.8.mixer,0.858694
40,3,7,vim_tiny,cifar10,1.0,10,base.layers.9.mixer,0.697456
40,3,7,vim_tiny,cifar10,1.0,11,base.layers.10.mixer,0.706982
40,3,7,vim_tiny,cifar10,1.0,12,base.layers.11.mixer,0.475642
40,3,7,vim_tiny,cifar10,1.0,13,classifier,0.724807
40,3,8,vim_tiny,cifar10,1.0,0,base.patch_embed,0.985893
40,3,8,vim_tiny,cifar10,1.0,1,base.layers.0.mixer,0.986331
40,3,8,vim_tiny,cifar10,1.0,2,base.layers.1.mixer,0.904738
40,3,8,vim_tiny,cifar10,1.0,3,base.layers.2.mixer,0.762165
40,3,8,vim_tiny,cifar10,1.0,4,base.layers.3.mixer,0.981362
40,3,8,vim_tiny,cifar10,1.0,5,base.layers.4.mixer,0.501629
40,3,8,vim_tiny,cifar10,1.0,6,base.layers.5.mixer,0.874534
40,3,8,vim_tiny,cifar10,1.0,7,base.layers.6.mixer,0.592990
40,3,8,vim_tiny,cifar10,1.0,8,base.layers.7.mixer,0.681462
40,3,8,vim_tiny,cifar10,1.0,9,base.layers.8.mixer,0.805636
40,3,8,vim_tiny,cifar10,1.0,10,base.layers.9.mixer,0.752162
40,3,8,vim_tiny,cifar10,1.0,11,base.layers.10.mixer,0.713282
40,3,8,vim_tiny,cifar10,1.0,12,base.layers.11.mixer,0.844136
40,3,8,vim_tiny,cifar10,1.0,13,classifier,0.686271
40,3,9,vim_tiny,cifar10,1.0,0,base.patch_embed,0.978712
40,3,9,vim_tiny,cifar10,1.0,1,base.layers.0.mixer,0.959241
40,3,9,vim_tiny,cifar10,1.0,2,base.layers.1.mixer,0.801938
40,3,9,vim_tiny,cifar10,1.0,3,base.layers.2.mixer,0.650057
40,3,9,vim_tiny,cifar10,1.0,4,base.layers.3.mixer,0.930326
40,3,9,vim_tiny,cifar10,1.0,5,base.layers.4.mixer,0.635768
40,3,9,vim_tiny,cifar10,1.0,6,base.layers.5.mixer,0.479415
40,3,9,vim_tiny,cifar10,1.0,7,base.layers.6.mixer,0.677071
40,3,9,vim_tiny,cifar10,1.0,8,base.layers.7.mixer,0.758896
40,3,9,vim_tiny,cifar10,1.0,9,base.layers.8.mixer,0.800011
40,3,9,vim_tiny,cifar10,1.0,10,base.layers.9.mixer,0.815964
40,3,9,vim_tiny,cifar10,1.0,11,base.layers.10.mixer,0.599069
40,3,9,vim_tiny,cifar10,1.0,12,base.layers.11.mixer,0.624120
40,3,9,vim_tiny,cifar10,1.0,13,classifier,0.602416
40,4,5,vim_tiny,cifar10,1.0,0,base.patch_embed,0.998083
40,4,5,vim_tiny,cifar10,1.0,1,base.layers.0.mixer,0.971489
40,4,5,vim_tiny,cifar10,1.0,2,base.layers.1.mixer,0.761023
40,4,5,vim_tiny,cifar10,1.0,3,base.layers.2.mixer,0.823041
40,4,5,vim_tiny,cifar10,1.0,4,base.layers.3.mixer,0.970400
40,4,5,vim_tiny,cifar10,1.0,5,base.layers.4.mixer,0.649803
40,4,5,vim_tiny,cifar10,1.0,6,base.layers.5.mixer,0.979337
40,4,5,vim_tiny,cifar10,1.0,7,base.layers.6.mixer,0.763152
40,4,5,vim_tiny,cifar10,1.0,8,base.layers.7.mixer,0.779689
40,4,5,vim_tiny,cifar10,1.0,9,base.layers.8.mixer,0.924325
40,4,5,vim_tiny,cifar10,1.0,10,base.layers.9.mixer,0.849968
40,4,5,vim_tiny,cifar10,1.0,11,base.layers.10.mixer,0.354781
40,4,5,vim_tiny,cifar10,1.0,12,base.layers.11.mixer,0.838112
40,4,5,vim_tiny,cifar10,1.0,13,classifier,0.645690
40,4,6,vim_tiny,cifar10,1.0,0,base.patch_embed,0.998587
40,4,6,vim_tiny,cifar10,1.0,1,base.layers.0.mixer,0.993007
40,4,6,vim_tiny,cifar10,1.0,2,base.layers.1.mixer,0.876411
40,4,6,vim_tiny,cifar10,1.0,3,base.layers.2.mixer,0.836583
40,4,6,vim_tiny,cifar10,1.0,4,base.layers.3.mixer,0.982596
40,4,6,vim_tiny,cifar10,1.0,5,base.layers.4.mixer,0.669859
40,4,6,vim_tiny,cifar10,1.0,6,base.layers.5.mixer,0.831092
40,4,6,vim_tiny,cifar10,1.0,7,base.layers.6.mixer,0.703081
40,4,6,vim_tiny,cifar10,1.0,8,base.layers.7.mixer,0.811705
40,4,6,vim_tiny,cifar10,1.0,9,base.layers.8.mixer,0.868127
40,4,6,vim_tiny,cifar10,1.0,10,base.layers.9.mixer,0.739789
40,4,6,vim_tiny,cifar10,1.0,11,base.layers.10.mixer,0.670987
40,4,6,vim_tiny,cifar10,1.0,12,base.layers.11.mixer,0.722412
40,4,6,vim_tiny,cifar10,1.0,13,classifier,0.701745
40,4,7,vim_tiny,cifar10,1.0,0,base.patch_embed,0.993753
40,4,7,vim_tiny,cifar10,1.0,1,base.layers.0.mixer,0.846376
40,4,7,vim_tiny,cifar10,1.0,2,base.layers.1.mixer,0.839899
40,4,7,vim_tiny,cifar10,1.0,3,base.layers.2.mixer,0.518036
40,4,7,vim_tiny,cifar10,1.0,4,base.layers.3.mixer,0.966448
40,4,7,vim_tiny,cifar10,1.0,5,base.layers.4.mixer,0.368397
40,4,7,vim_tiny,cifar10,1.0,6,base.layers.5.mixer,0.935197
40,4,7,vim_tiny,cifar10,1.0,7,base.layers.6.mixer,0.701050
40,4,7,vim_tiny,cifar10,1.0,8,base.layers.7.mixer,0.714999
40,4,7,vim_tiny,cifar10,1.0,9,base.layers.8.mixer,0.868322
40,4,7,vim_tiny,cifar10,1.0,10,base.layers.9.mixer,0.826366
40,4,7,vim_tiny,cifar10,1.0,11,base.layers.10.mixer,0.605541
40,4,7,vim_tiny,cifar10,1.0,12,base.layers.11.mixer,0.846488
40,4,7,vim_tiny,cifar10,1.0,13,classifier,0.739926
40,4,8,vim_tiny,cifar10,1.0,0,base.patch_embed,0.994177
40,4,8,vim_tiny,cifar10,1.0,1,base.layers.0.mixer,0.972083
40,4,8,vim_tiny,cifar10,1.0,2,base.layers.1.mixer,0.916617
40,4,8,vim_tiny,cifar10,1.0,3,base.layers.2.mixer,0.739669
40,4,8,vim_tiny,cifar10,1.0,4,base.layers.3.mixer,0.939799
40,4,8,vim_tiny,cifar10,1.0,5,base.layers.4.mixer,0.618133
40,4,8,vim_tiny,cifar10,1.0,6,base.layers.5.mixer,0.822138
40,4,8,vim_tiny,cifar10,1.0,7,base.layers.6.mixer,0.600621
40,4,8,vim_tiny,cifar10,1.0,8,base.layers.7.mixer,0.797633
40,4,8,vim_tiny,cifar10,1.0,9,base.layers.8.mixer,0.856365
40,4,8,vim_tiny,cifar10,1.0,10,base.layers.9.mixer,0.817132
40,4,8,vim_tiny,cifar10,1.0,11,base.layers.10.mixer,0.526635
40,4,8,vim_tiny,cifar10,1.0,12,base.layers.11.mixer,0.619808
40,4,8,vim_tiny,cifar10,1.0,13,classifier,0.710530
40,4,9,vim_tiny,cifar10,1.0,0,base.patch_embed,0.996004
40,4,9,vim_tiny,cifar10,1.0,1,base.layers.0.mixer,0.931159
40,4,9,vim_tiny,cifar10,1.0,2,base.layers.1.mixer,0.857168
40,4,9,vim_tiny,cifar10,1.0,3,base.layers.2.mixer,0.563398
40,4,9,vim_tiny,cifar10,1.0,4,base.layers.3.mixer,0.767244
40,4,9,vim_tiny,cifar10,1.0,5,base.layers.4.mixer,0.785682
40,4,9,vim_tiny,cifar10,1.0,6,base.layers.5.mixer,0.864199
40,4,9,vim_tiny,cifar10,1.0,7,base.layers.6.mixer,0.604251
40,4,9,vim_tiny,cifar10,1.0,8,base.layers.7.mixer,0.769285
40,4,9,vim_tiny,cifar10,1.0,9,base.layers.8.mixer,0.855882
40,4,9,vim_tiny,cifar10,1.0,10,base.layers.9.mixer,0.777968
40,4,9,vim_tiny,cifar10,1.0,11,base.layers.10.mixer,0.479688
40,4,9,vim_tiny,cifar10,1.0,12,base.layers.11.mixer,0.841521
40,4,9,vim_tiny,cifar10,1.0,13,classifier,0.621334
40,5,6,vim_tiny,cifar10,1.0,0,base.patch_embed,0.997757
40,5,6,vim_tiny,cifar10,1.0,1,base.layers.0.mixer,0.985951
40,5,6,vim_tiny,cifar10,1.0,2,base.layers.1.mixer,0.779350
40,5,6,vim_tiny,cifar10,1.0,3,base.layers.2.mixer,0.887584
40,5,6,vim_tiny,cifar10,1.0,4,base.layers.3.mixer,0.983615
40,5,6,vim_tiny,cifar10,1.0,5,base.layers.4.mixer,0.704857
40,5,6,vim_tiny,cifar10,1.0,6,base.layers.5.mixer,0.821098
40,5,6,vim_tiny,cifar10,1.0,7,base.layers.6.mixer,0.848139
40,5,6,vim_tiny,cifar10,1.0,8,base.layers.7.mixer,0.825837
40,5,6,vim_tiny,cifar10,1.0,9,base.layers.8.mixer,0.938656
40,5,6,vim_tiny,cifar10,1.0,10,base.layers.9.mixer,0.782554
40,5,6,vim_tiny,cifar10,1.0,11,base.layers.10.mixer,0.586028
40,5,6,vim_tiny,cifar10,1.0,12,base.layers.11.mixer,0.828877
40,5,6,vim_tiny,cifar10,1.0,13,classifier,0.662926
40,5,7,vim_tiny,cifar10,1.0,0,base.patch_embed,0.996235
40,5,7,vim_tiny,cifar10,1.0,1,base.layers.0.mixer,0.885116
40,5,7,vim_tiny,cifar10,1.0,2,base.layers.1.mixer,0.770520
40,5,7,vim_tiny,cifar10,1.0,3,base.layers.2.mixer,0.632384
40,5,7,vim_tiny,cifar10,1.0,4,base.layers.3.mixer,0.977939
40,5,7,vim_tiny,cifar10,1.0,5,base.layers.4.mixer,0.466399
40,5,7,vim_tiny,cifar10,1.0,6,base.layers.5.mixer,0.935608
40,5,7,vim_tiny,cifar10,1.0,7,base.layers.6.mixer,0.830224
40,5,7,vim_tiny,cifar10,1.0,8,base.layers.7.mixer,0.799974
40,5,7,vim_tiny,cifar10,1.0,9,base.layers.8.mixer,0.917095
40,5,7,vim_tiny,cifar10,1.0,10,base.layers.9.mixer,0.808264
40,5,7,vim_tiny,cifar10,1.0,11,base.layers.10.mixer,0.610637
40,5,7,vim_tiny,cifar10,1.0,12,base.layers.11.mixer,0.890660
40,5,7,vim_tiny,cifar10,1.0,13,classifier,0.708290
40,5,8,vim_tiny,cifar10,1.0,0,base.patch_embed,0.997062
40,5,8,vim_tiny,cifar10,1.0,1,base.layers.0.mixer,0.990619
40,5,8,vim_tiny,cifar10,1.0,2,base.layers.1.mixer,0.672507
40,5,8,vim_tiny,cifar10,1.0,3,base.layers.2.mixer,0.813647
40,5,8,vim_tiny,cifar10,1.0,4,base.layers.3.mixer,0.944948
40,5,8,vim_tiny,cifar10,1.0,5,base.layers.4.mixer,0.910626
40,5,8,vim_tiny,cifar10,1.0,6,base.layers.5.mixer,0.836933
40,5,8,vim_tiny,cifar10,1.0,7,base.layers.6.mixer,0.587845
40,5,8,vim_tiny,cifar10,1.0,8,base.layers.7.mixer,0.740204
40,5,8,vim_tiny,cifar10,1.0,9,base.layers.8.mixer,0.888655
40,5,8,vim_tiny,cifar10,1.0,10,base.layers.9.mixer,0.674115
40,5,8,vim_tiny,cifar10,1.0,11,base.layers.10.mixer,0.544857
40,5,8,vim_tiny,cifar10,1.0,12,base.layers.11.mixer,0.509138
40,5,8,vim_tiny,cifar10,1.0,13,classifier,0.714520
40,5,9,vim_tiny,cifar10,1.0,0,base.patch_embed,0.994848
40,5,9,vim_tiny,cifar10,1.0,1,base.layers.0.mixer,0.977921
40,5,9,vim_tiny,cifar10,1.0,2,base.layers.1.mixer,0.553102
40,5,9,vim_tiny,cifar10,1.0,3,base.layers.2.mixer,0.705983
40,5,9,vim_tiny,cifar10,1.0,4,base.layers.3.mixer,0.818817
40,5,9,vim_tiny,cifar10,1.0,5,base.layers.4.mixer,0.550030
40,5,9,vim_tiny,cifar10,1.0,6,base.layers.5.mixer,0.885631
40,5,9,vim_tiny,cifar10,1.0,7,base.layers.6.mixer,0.688156
40,5,9,vim_tiny,cifar10,1.0,8,base.layers.7.mixer,0.743956
40,5,9,vim_tiny,cifar10,1.0,9,base.layers.8.mixer,0.887173
40,5,9,vim_tiny,cifar10,1.0,10,base.layers.9.mixer,0.794656
40,5,9,vim_tiny,cifar10,1.0,11,base.layers.10.mixer,0.724006
40,5,9,vim_tiny,cifar10,1.0,12,base.layers.11.mixer,0.734480
40,5,9,vim_tiny,cifar10,1.0,13,classifier,0.625946
40,6,7,vim_tiny,cifar10,1.0,0,base.patch_embed,0.992974
40,6,7,vim_tiny,cifar10,1.0,1,base.layers.0.mixer,0.866672
40,6,7,vim_tiny,cifar10,1.0,2,base.layers.1.mixer,0.938216
40,6,7,vim_tiny,cifar10,1.0,3,base.layers.2.mixer,0.653590
40,6,7,vim_tiny,cifar10,1.0,4,base.layers.3.mixer,0.974552
40,6,7,vim_tiny,cifar10,1.0,5,base.layers.4.mixer,0.556317
40,6,7,vim_tiny,cifar10,1.0,6,base.layers.5.mixer,0.646142
40,6,7,vim_tiny,cifar10,1.0,7,base.layers.6.mixer,0.833945
40,6,7,vim_tiny,cifar10,1.0,8,base.layers.7.mixer,0.716839
40,6,7,vim_tiny,cifar10,1.0,9,base.layers.8.mixer,0.927587
40,6,7,vim_tiny,cifar10,1.0,10,base.layers.9.mixer,0.649690
40,6,7,vim_tiny,cifar10,1.0,11,base.layers.10.mixer,0.828789
40,6,7,vim_tiny,cifar10,1.0,12,base.layers.11.mixer,0.763188
40,6,7,vim_tiny,cifar10,1.0,13,classifier,0.692793
40,6,8,vim_tiny,cifar10,1.0,0,base.patch_embed,0.992675
40,6,8,vim_tiny,cifar10,1.0,1,base.layers.0.mixer,0.981046
40,6,8,vim_tiny,cifar10,1.0,2,base.layers.1.mixer,0.924541
40,6,8,vim_tiny,cifar10,1.0,3,base.layers.2.mixer,0.801058
40,6,8,vim_tiny,cifar10,1.0,4,base.layers.3.mixer,0.966201
40,6,8,vim_tiny,cifar10,1.0,5,base.layers.4.mixer,0.688422
40,6,8,vim_tiny,cifar10,1.0,6,base.layers.5.mixer,0.946345
40,6,8,vim_tiny,cifar10,1.0,7,base.layers.6.mixer,0.615816
40,6,8,vim_tiny,cifar10,1.0,8,base.layers.7.mixer,0.861730
40,6,8,vim_tiny,cifar10,1.0,9,base.layers.8.mixer,0.902338
40,6,8,vim_tiny,cifar10,1.0,10,base.layers.9.mixer,0.716817
40,6,8,vim_tiny,cifar10,1.0,11,base.layers.10.mixer,0.830552
40,6,8,vim_tiny,cifar10,1.0,12,base.layers.11.mixer,0.599173
40,6,8,vim_tiny,cifar10,1.0,13,classifier,0.722188
40,6,9,vim_tiny,cifar10,1.0,0,base.patch_embed,0.998053
40,6,9,vim_tiny,cifar10,1.0,1,base.layers.0.mixer,0.954002
40,6,9,vim_tiny,cifar10,1.0,2,base.layers.1.mixer,0.870373
40,6,9,vim_tiny,cifar10,1.0,3,base.layers.2.mixer,0.741460
40,6,9,vim_tiny,cifar10,1.0,4,base.layers.3.mixer,0.825470
40,6,9,vim_tiny,cifar10,1.0,5,base.layers.4.mixer,0.649367
40,6,9,vim_tiny,cifar10,1.0,6,base.layers.5.mixer,0.619019
40,6,9,vim_tiny,cifar10,1.0,7,base.layers.6.mixer,0.742278
40,6,9,vim_tiny,cifar10,1.0,8,base.layers.7.mixer,0.648392
40,6,9,vim_tiny,cifar10,1.0,9,base.layers.8.mixer,0.844145
40,6,9,vim_tiny,cifar10,1.0,10,base.layers.9.mixer,0.808290
40,6,9,vim_tiny,cifar10,1.0,11,base.layers.10.mixer,0.802358
40,6,9,vim_tiny,cifar10,1.0,12,base.layers.11.mixer,0.636613
40,6,9,vim_tiny,cifar10,1.0,13,classifier,0.651802
40,7,8,vim_tiny,cifar10,1.0,0,base.patch_embed,0.999136
40,7,8,vim_tiny,cifar10,1.0,1,base.layers.0.mixer,0.890386
40,7,8,vim_tiny,cifar10,1.0,2,base.layers.1.mixer,0.890847
40,7,8,vim_tiny,cifar10,1.0,3,base.layers.2.mixer,0.761248
40,7,8,vim_tiny,cifar10,1.0,4,base.layers.3.mixer,0.957268
40,7,8,vim_tiny,cifar10,1.0,5,base.layers.4.mixer,0.530886
40,7,8,vim_tiny,cifar10,1.0,6,base.layers.5.mixer,0.658710
40,7,8,vim_tiny,cifar10,1.0,7,base.layers.6.mixer,0.741611
40,7,8,vim_tiny,cifar10,1.0,8,base.layers.7.mixer,0.660221
40,7,8,vim_tiny,cifar10,1.0,9,base.layers.8.mixer,0.910700
40,7,8,vim_tiny,cifar10,1.0,10,base.layers.9.mixer,0.728861
40,7,8,vim_tiny,cifar10,1.0,11,base.layers.10.mixer,0.790373
40,7,8,vim_tiny,cifar10,1.0,12,base.layers.11.mixer,0.545973
40,7,8,vim_tiny,cifar10,1.0,13,classifier,0.749181
40,7,9,vim_tiny,cifar10,1.0,0,base.patch_embed,0.990865
40,7,9,vim_tiny,cifar10,1.0,1,base.layers.0.mixer,0.900391
40,7,9,vim_tiny,cifar10,1.0,2,base.layers.1.mixer,0.829662
40,7,9,vim_tiny,cifar10,1.0,3,base.layers.2.mixer,0.462727
40,7,9,vim_tiny,cifar10,1.0,4,base.layers.3.mixer,0.821043
40,7,9,vim_tiny,cifar10,1.0,5,base.layers.4.mixer,0.625875
40,7,9,vim_tiny,cifar10,1.0,6,base.layers.5.mixer,0.921629
40,7,9,vim_tiny,cifar10,1.0,7,base.layers.6.mixer,0.813136
40,7,9,vim_tiny,cifar10,1.0,8,base.layers.7.mixer,0.689236
40,7,9,vim_tiny,cifar10,1.0,9,base.layers.8.mixer,0.842196
40,7,9,vim_tiny,cifar10,1.0,10,base.layers.9.mixer,0.669389
40,7,9,vim_tiny,cifar10,1.0,11,base.layers.10.mixer,0.801178
40,7,9,vim_tiny,cifar10,1.0,12,base.layers.11.mixer,0.775222
40,7,9,vim_tiny,cifar10,1.0,13,classifier,0.650589
40,8,9,vim_tiny,cifar10,1.0,0,base.patch_embed,0.990200
40,8,9,vim_tiny,cifar10,1.0,1,base.layers.0.mixer,0.986103
40,8,9,vim_tiny,cifar10,1.0,2,base.layers.1.mixer,0.928539
40,8,9,vim_tiny,cifar10,1.0,3,base.layers.2.mixer,0.556819
40,8,9,vim_tiny,cifar10,1.0,4,base.layers.3.mixer,0.908763
40,8,9,vim_tiny,cifar10,1.0,5,base.layers.4.mixer,0.563588
40,8,9,vim_tiny,cifar10,1.0,6,base.layers.5.mixer,0.636775
40,8,9,vim_tiny,cifar10,1.0,7,base.layers.6.mixer,0.802600
40,8,9,vim_tiny,cifar10,1.0,8,base.layers.7.mixer,0.573183
40,8,9,vim_tiny,cifar10,1.0,9,base.layers.8.mixer,0.730544
40,8,9,vim_tiny,cifar10,1.0,10,base.layers.9.mixer,0.683319
40,8,9,vim_tiny,cifar10,1.0,11,base.layers.10.mixer,0.819707
40,8,9,vim_tiny,cifar10,1.0,12,base.layers.11.mixer,0.754980
40,8,9,vim_tiny,cifar10,1.0,13,classifier,0.661475
50,0,1,vim_tiny,cifar10,1.0,0,base.patch_embed,0.990602
50,0,1,vim_tiny,cifar10,1.0,1,base.layers.0.mixer,0.933365
50,0,1,vim_tiny,cifar10,1.0,2,base.layers.1.mixer,0.890370
50,0,1,vim_tiny,cifar10,1.0,3,base.layers.2.mixer,0.864659
50,0,1,vim_tiny,cifar10,1.0,4,base.layers.3.mixer,0.972265
50,0,1,vim_tiny,cifar10,1.0,5,base.layers.4.mixer,0.745411
50,0,1,vim_tiny,cifar10,1.0,6,base.layers.5.mixer,0.826472
50,0,1,vim_tiny,cifar10,1.0,7,base.layers.6.mixer,0.843259
50,0,1,vim_tiny,cifar10,1.0,8,base.layers.7.mixer,0.662324
50,0,1,vim_tiny,cifar10,1.0,9,base.layers.8.mixer,0.958247
50,0,1,vim_tiny,cifar10,1.0,10,base.layers.9.mixer,0.793732
50,0,1,vim_tiny,cifar10,1.0,11,base.layers.10.mixer,0.773743
50,0,1,vim_tiny,cifar10,1.0,12,base.layers.11.mixer,0.541312
50,0,1,vim_tiny,cifar10,1.0,13,classifier,0.629420
50,0,2,vim_tiny,cifar10,1.0,0,base.patch_embed,0.993690
50,0,2,vim_tiny,cifar10,1.0,1,base.layers.0.mixer,0.954576
50,0,2,vim_tiny,cifar10,1.0,2,base.layers.1.mixer,0.910695
50,0,2,vim_tiny,cifar10,1.0,3,base.layers.2.mixer,0.664281
50,0,2,vim_tiny,cifar10,1.0,4,base.layers.3.mixer,0.968613
50,0,2,vim_tiny,cifar10,1.0,5,base.layers.4.mixer,0.773198
50,0,2,vim_tiny,cifar10,1.0,6,base.layers.5.mixer,0.667017
50,0,2,vim_tiny,cifar10,1.0,7,base.layers.6.mixer,0.716809
50,0,2,vim_tiny,cifar10,1.0,8,base.layers.7.mixer,0.786198
50,0,2,vim_tiny,cifar10,1.0,9,base.layers.8.mixer,0.963829
50,0,2,vim_tiny,cifar10,1.0,10,base.layers.9.mixer,0.841372
50,0,2,vim_tiny,cifar10,1.0,11,base.layers.10.mixer,0.759983
50,0,2,vim_tiny,cifar10,1.0,12,base.layers.11.mixer,0.730429
50,0,2,vim_tiny,cifar10,1.0,13,classifier,0.633140
50,0,3,vim_tiny,cifar10,1.0,0,base.patch_embed,0.992510
50,0,3,vim_tiny,cifar10,1.0,1,base.layers.0.mixer,0.973682
50,0,3,vim_tiny,cifar10,1.0,2,base.layers.1.mixer,0.817639
50,0,3,vim_tiny,cifar10,1.0,3,base.layers.2.mixer,0.778000
50,0,3,vim_tiny,cifar10,1.0,4,base.layers.3.mixer,0.791310
50,0,3,vim_tiny,cifar10,1.0,5,base.layers.4.mixer,0.507341
50,0,3,vim_tiny,cifar10,1.0,6,base.layers.5.mixer,0.677812
50,0,3,vim_tiny,cifar10,1.0,7,base.layers.6.mixer,0.627572
50,0,3,vim_tiny,cifar10,1.0,8,base.layers.7.mixer,0.577178
50,0,3,vim_tiny,cifar10,1.0,9,base.layers.8.mixer,0.855811
50,0,3,vim_tiny,cifar10,1.0,10,base.layers.9.mixer,0.829679
50,0,3,vim_tiny,cifar10,1.0,11,base.layers.10.mixer,0.760889
50,0,3,vim_tiny,cifar10,1.0,12,base.layers.11.mixer,0.681728
50,0,3,vim_tiny,cifar10,1.0,13,classifier,0.558403
50,0,4,vim_tiny,cifar10,1.0,0,base.patch_embed,0.998517
50,0,4,vim_tiny,cifar10,1.0,1,base.layers.0.mixer,0.993089
50,0,4,vim_tiny,cifar10,1.0,2,base.layers.1.mixer,0.843446
50,0,4,vim_tiny,cifar10,1.0,3,base.layers.2.mixer,0.830822
50,0,4,vim_tiny,cifar10,1.0,4,base.layers.3.mixer,0.979828
50,0,4,vim_tiny,cifar10,1.0,5,base.layers.4.mixer,0.777908
50,0,4,vim_tiny,cifar10,1.0,6,base.layers.5.mixer,0.707521
50,0,4,vim_tiny,cifar10,1.0,7,base.layers.6.mixer,0.730771
50,0,4,vim_tiny,cifar10,1.0,8,base.layers.7.mixer,0.504878
50,0,4,vim_tiny,cifar10,1.0,9,base.layers.8.mixer,0.912662
50,0,4,vim_tiny,cifar10,1.0,10,base.layers.9.mixer,0.812290
50,0,4,vim_tiny,cifar10,1.0,11,base.layers.10.mixer,0.807163
50,0,4,vim_tiny,cifar10,1.0,12,base.layers.11.mixer,0.634866
50,0,4,vim_tiny,cifar10,1.0,13,classifier,0.562248
50,0,5,vim_tiny,cifar10,1.0,0,base.patch_embed,0.997600
50,0,5,vim_tiny,cifar10,1.0,1,base.layers.0.mixer,0.990951
50,0,5,vim_tiny,cifar10,1.0,2,base.layers.1.mixer,0.879019
50,0,5,vim_tiny,cifar10,1.0,3,base.layers.2.mixer,0.741369
50,0,5,vim_tiny,cifar10,1.0,4,base.layers.3.mixer,0.880758
50,0,5,vim_tiny,cifar10,1.0,5,base.layers.4.mixer,0.618411
50,0,5,vim_tiny,cifar10,1.0,6,base.layers.5.mixer,0.804559
50,0,5,vim_tiny,cifar10,1.0,7,base.layers.6.mixer,0.870806
50,0,5,vim_tiny,cifar10,1.0,8,base.layers.7.mixer,0.723197
50,0,5,vim_tiny,cifar10,1.0,9,base.layers.8.mixer,0.798859
50,0,5,vim_tiny,cifar10,1.0,10,base.layers.9.mixer,0.823240
50,0,5,vim_tiny,cifar10,1.0,11,base.layers.10.mixer,0.757088
50,0,5,vim_tiny,cifar10,1.0,12,base.layers.11.mixer,0.775623
50,0,5,vim_tiny,cifar10,1.0,13,classifier,0.644871
50,0,6,vim_tiny,cifar10,1.0,0,base.patch_embed,0.999644
50,0,6,vim_tiny,cifar10,1.0,1,base.layers.0.mixer,0.980555
50,0,6,vim_tiny,cifar10,1.0,2,base.layers.1.mixer,0.840190
50,0,6,vim_tiny,cifar10,1.0,3,base.layers.2.mixer,0.736863
50,0,6,vim_tiny,cifar10,1.0,4,base.layers.3.mixer,0.974916
50,0,6,vim_tiny,cifar10,1.0,5,base.layers.4.mixer,0.542300
50,0,6,vim_tiny,cifar10,1.0,6,base.layers.5.mixer,0.853577
50,0,6,vim_tiny,cifar10,1.0,7,base.layers.6.mixer,0.793523
50,0,6,vim_tiny,cifar10,1.0,8,base.layers.7.mixer,0.696814
50,0,6,vim_tiny,cifar10,1.0,9,base.layers.8.mixer,0.961913
50,0,6,vim_tiny,cifar10,1.0,10,base.layers.9.mixer,0.794766
50,0,6,vim_tiny,cifar10,1.0,11,base.layers.10.mixer,0.758748
50,0,6,vim_tiny,cifar10,1.0,12,base.layers.11.mixer,0.533874
50,0,6,vim_tiny,cifar10,1.0,13,classifier,0.579636
50,0,7,vim_tiny,cifar10,1.0,0,base.patch_embed,0.995921
50,0,7,vim_tiny,cifar10,1.0,1,base.layers.0.mixer,0.976033
50,0,7,vim_tiny,cifar10,1.0,2,base.layers.1.mixer,0.848544
50,0,7,vim_tiny,cifar10,1.0,3,base.layers.2.mixer,0.732908
50,0,7,vim_tiny,cifar10,1.0,4,base.layers.3.mixer,0.939268
50,0,7,vim_tiny,cifar10,1.0,5,base.layers.4.mixer,0.868434
50,0,7,vim_tiny,cifar10,1.0,6,base.layers.5.mixer,0.923201
50,0,7,vim_tiny,cifar10,1.0,7,base.layers.6.mixer,0.836469
50,0,7,vim_tiny,cifar10,1.0,8,base.layers.7.mixer,0.604717
50,0,7,vim_tiny,cifar10,1.0,9,base.layers.8.mixer,0.950093
50,0,7,vim_tiny,cifar10,1.0,10,base.layers.9.mixer,0.757745
50,0,7,vim_tiny,cifar10,1.0,11,base.layers.10.mixer,0.785407
50,0,7,vim_tiny,cifar10,1.0,12,base.layers.11.mixer,0.823548
50,0,7,vim_tiny,cifar10,1.0,13,classifier,0.684318
50,0,8,vim_tiny,cifar10,1.0,0,base.patch_embed,0.992017
50,0,8,vim_tiny,cifar10,1.0,1,base.layers.0.mixer,0.994277
50,0,8,vim_tiny,cifar10,1.0,2,base.layers.1.mixer,0.689758
50,0,8,vim_tiny,cifar10,1.0,3,base.layers.2.mixer,0.753291
50,0,8,vim_tiny,cifar10,1.0,4,base.layers.3.mixer,0.923555
50,0,8,vim_tiny,cifar10,1.0,5,base.layers.4.mixer,0.636661
50,0,8,vim_tiny,cifar10,1.0,6,base.layers.5.mixer,0.887535
50,0,8,vim_tiny,cifar10,1.0,7,base.layers.6.mixer,0.337194
50,0,8,vim_tiny,cifar10,1.0,8,base.layers.7.mixer,0.684285
50,0,8,vim_tiny,cifar10,1.0,9,base.layers.8.mixer,0.861715
50,0,8,vim_tiny,cifar10,1.0,10,base.layers.9.mixer,0.785906
50,0,8,vim_tiny,cifar10,1.0,11,base.layers.10.mixer,0.717599
50,0,8,vim_tiny,cifar10,1.0,12,base.layers.11.mixer,0.455637
50,0,8,vim_tiny,cifar10,1.0,13,classifier,0.676696
50,0,9,vim_tiny,cifar10,1.0,0,base.patch_embed,0.997180
50,0,9,vim_tiny,cifar10,1.0,1,base.layers.0.mixer,0.977428
50,0,9,vim_tiny,cifar10,1.0,2,base.layers.1.mixer,0.957304
50,0,9,vim_tiny,cifar10,1.0,3,base.layers.2.mixer,0.673836
50,0,9,vim_tiny,cifar10,1.0,4,base.layers.3.mixer,0.980942
50,0,9,vim_tiny,cifar10,1.0,5,base.layers.4.mixer,0.724136
50,0,9,vim_tiny,cifar10,1.0,6,base.layers.5.mixer,0.684863
50,0,9,vim_tiny,cifar10,1.0,7,base.layers.6.mixer,0.451044
50,0,9,vim_tiny,cifar10,1.0,8,base.layers.7.mixer,0.705520
50,0,9,vim_tiny,cifar10,1.0,9,base.layers.8.mixer,0.825427
50,0,9,vim_tiny,cifar10,1.0,10,base.layers.9.mixer,0.844552
50,0,9,vim_tiny,cifar10,1.0,11,base.layers.10.mixer,0.755911
50,0,9,vim_tiny,cifar10,1.0,12,base.layers.11.mixer,0.655704
50,0,9,vim_tiny,cifar10,1.0,13,classifier,0.679320
50,1,2,vim_tiny,cifar10,1.0,0,base.patch_embed,0.984982
50,1,2,vim_tiny,cifar10,1.0,1,base.layers.0.mixer,0.964283
50,1,2,vim_tiny,cifar10,1.0,2,base.layers.1.mixer,0.924842
50,1,2,vim_tiny,cifar10,1.0,3,base.layers.2.mixer,0.763794
50,1,2,vim_tiny,cifar10,1.0,4,base.layers.3.mixer,0.979636
50,1,2,vim_tiny,cifar10,1.0,5,base.layers.4.mixer,0.882564
50,1,2,vim_tiny,cifar10,1.0,6,base.layers.5.mixer,0.832130
50,1,2,vim_tiny,cifar10,1.0,7,base.layers.6.mixer,0.822984
50,1,2,vim_tiny,cifar10,1.0,8,base.layers.7.mixer,0.683537
50,1,2,vim_tiny,cifar10,1.0,9,base.layers.8.mixer,0.963515
50,1,2,vim_tiny,cifar10,1.0,10,base.layers.9.mixer,0.798651
50,1,2,vim_tiny,cifar10,1.0,11,base.layers.10.mixer,0.808701
50,1,2,vim_tiny,cifar10,1.0,12,base.layers.11.mixer,0.677399
50,1,2,vim_tiny,cifar10,1.0,13,classifier,0.682494
50,1,3,vim_tiny,cifar10,1.0,0,base.patch_embed,0.998324
50,1,3,vim_tiny,cifar10,1.0,1,base.layers.0.mixer,0.858728
50,1,3,vim_tiny,cifar10,1.0,2,base.layers.1.mixer,0.846024
50,1,3,vim_tiny,cifar10,1.0,3,base.layers.2.mixer,0.848546
50,1,3,vim_tiny,cifar10,1.0,4,base.layers.3.mixer,0.791898
50,1,3,vim_tiny,cifar10,1.0,5,base.layers.4.mixer,0.544488
50,1,3,vim_tiny,cifar10,1.0,6,base.layers.5.mixer,0.637186
50,1,3,vim_tiny,cifar10,1.0,7,base.layers.6.mixer,0.810934
50,1,3,vim_tiny,cifar10,1.0,8,base.layers.7.mixer,0.668045
50,1,3,vim_tiny,cifar10,1.0,9,base.layers.8.mixer,0.830757
50,1,3,vim_tiny,cifar10,1.0,10,base.layers.9.mixer,0.795647
50,1,3,vim_tiny,cifar10,1.0,11,base.layers.10.mixer,0.724347
50,1,3,vim_tiny,cifar10,1.0,12,base.layers.11.mixer,0.636683
50,1,3,vim_tiny,cifar10,1.0,13,classifier,0.638879
50,1,4,vim_tiny,cifar10,1.0,0,base.patch_embed,0.983776
50,1,4,vim_tiny,cifar10,1.0,1,base.layers.0.mixer,0.937677
50,1,4,vim_tiny,cifar10,1.0,2,base.layers.1.mixer,0.844645
50,1,4,vim_tiny,cifar10,1.0,3,base.layers.2.mixer,0.837134
50,1,4,vim_tiny,cifar10,1.0,4,base.layers.3.mixer,0.950349
50,1,4,vim_tiny,cifar10,1.0,5,base.layers.4.mixer,0.788110
50,1,4,vim_tiny,cifar10,1.0,6,base.layers.5.mixer,0.722773
50,1,4,vim_tiny,cifar10,1.0,7,base.layers.6.mixer,0.829762
50,1,4,vim_tiny,cifar10,1.0,8,base.layers.7.mixer,0.585146
50,1,4,vim_tiny,cifar10,1.0,9,base.layers.8.mixer,0.941320
50,1,4,vim_tiny,cifar10,1.0,10,base.layers.9.mixer,0.868122
50,1,4,vim_tiny,cifar10,1.0,11,base.layers.10.mixer,0.809258
50,1,4,vim_tiny,cifar10,1.0,12,base.layers.11.mixer,0.629154
50,1,4,vim_tiny,cifar10,1.0,13,classifier,0.569243
50,1,5,vim_tiny,cifar10,1.0,0,base.patch_embed,0.988510
50,1,5,vim_tiny,cifar10,1.0,1,base.layers.0.mixer,0.939888
50,1,5,vim_tiny,cifar10,1.0,2,base.layers.1.mixer,0.797796
50,1,5,vim_tiny,cifar10,1.0,3,base.layers.2.mixer,0.787881
50,1,5,vim_tiny,cifar10,1.0,4,base.layers.3.mixer,0.895068
50,1,5,vim_tiny,cifar10,1.0,5,base.layers.4.mixer,0.583090
50,1,5,vim_tiny,cifar10,1.0,6,base.layers.5.mixer,0.731949
50,1,5,vim_tiny,cifar10,1.0,7,base.layers.6.mixer,0.896448
50,1,5,vim_tiny,cifar10,1.0,8,base.layers.7.mixer,0.731430
50,1,5,vim_tiny,cifar10,1.0,9,base.layers.8.mixer,0.817504
50,1,5,vim_tiny,cifar10,1.0,10,base.layers.9.mixer,0.713354
50,1,5,vim_tiny,cifar10,1.0,11,base.layers.10.mixer,0.749126
50,1,5,vim_tiny,cifar10,1.0,12,base.layers.11.mixer,0.638004
50,1,5,vim_tiny,cifar10,1.0,13,classifier,0.598449
50,1,6,vim_tiny,cifar10,1.0,0,base.patch_embed,0.992168
50,1,6,vim_tiny,cifar10,1.0,1,base.layers.0.mixer,0.960410
50,1,6,vim_tiny,cifar10,1.0,2,base.layers.1.mixer,0.815660
50,1,6,vim_tiny,cifar10,1.0,3,base.layers.2.mixer,0.804920
50,1,6,vim_tiny,cifar10,1.0,4,base.layers.3.mixer,0.942208
50,1,6,vim_tiny,cifar10,1.0,5,base.layers.4.mixer,0.638777
50,1,6,vim_tiny,cifar10,1.0,6,base.layers.5.mixer,0.790460
50,1,6,vim_tiny,cifar10,1.0,7,base.layers.6.mixer,0.827867
50,1,6,vim_tiny,cifar10,1.0,8,base.layers.7.mixer,0.680650
50,1,6,vim_tiny,cifar10,1.0,9,base.layers.8.mixer,0.946928
50,1,6,vim_tiny,cifar10,1.0,10,base.layers.9.mixer,0.648678
50,1,6,vim_tiny,cifar10,1.0,11,base.layers.10.mixer,0.810998
50,1,6,vim_tiny,cifar10,1.0,12,base.layers.11.mixer,0.693301
50,1,6,vim_tiny,cifar10,1.0,13,classifier,0.597087
50,1,7,vim_tiny,cifar10,1.0,0,base.patch_embed,0.994624
50,1,7,vim_tiny,cifar10,1.0,1,base.layers.0.mixer,0.918924
50,1,7,vim_tiny,cifar10,1.0,2,base.layers.1.mixer,0.923201
50,1,7,vim_tiny,cifar10,1.0,3,base.layers.2.mixer,0.803562
50,1,7,vim_tiny,cifar10,1.0,4,base.layers.3.mixer,0.959843
50,1,7,vim_tiny,cifar10,1.0,5,base.layers.4.mixer,0.896907
50,1,7,vim_tiny,cifar10,1.0,6,base.layers.5.mixer,0.797805
50,1,7,vim_tiny,cifar10,1.0,7,base.layers.6.mixer,0.937756
50,1,7,vim_tiny,cifar10,1.0,8,base.layers.7.mixer,0.682003
50,1,7,vim_tiny,cifar10,1.0,9,base.layers.8.mixer,0.969120
50,1,7,vim_tiny,cifar10,1.0,10,base.layers.9.mixer,0.801769
50,1,7,vim_tiny,cifar10,1.0,11,base.layers.10.mixer,0.744530
50,1,7,vim_tiny,cifar10,1.0,12,base.layers.11.mixer,0.666033
50,1,7,vim_tiny,cifar10,1.0,13,classifier,0.712656
50,1,8,vim_tiny,cifar10,1.0,0,base.patch_embed,0.996192
50,1,8,vim_tiny,cifar10,1.0,1,base.layers.0.mixer,0.957117
50,1,8,vim_tiny,cifar10,1.0,2,base.layers.1.mixer,0.858037
50,1,8,vim_tiny,cifar10,1.0,3,base.layers.2.mixer,0.853351
50,1,8,vim_tiny,cifar10,1.0,4,base.layers.3.mixer,0.947206
50,1,8,vim_tiny,cifar10,1.0,5,base.layers.4.mixer,0.621909
50,1,8,vim_tiny,cifar10,1.0,6,base.layers.5.mixer,0.832876
50,1,8,vim_tiny,cifar10,1.0,7,base.layers.6.mixer,0.593786
50,1,8,vim_tiny,cifar10,1.0,8,base.layers.7.mixer,0.790026
50,1,8,vim_tiny,cifar10,1.0,9,base.layers.8.mixer,0.902102
50,1,8,vim_tiny,cifar10,1.0,10,base.layers.9.mixer,0.809778
50,1,8,vim_tiny,cifar10,1.0,11,base.layers.10.mixer,0.808705
50,1,8,vim_tiny,cifar10,1.0,12,base.layers.11.mixer,0.639687
50,1,8,vim_tiny,cifar10,1.0,13,classifier,0.746059
50,1,9,vim_tiny,cifar10,1.0,0,base.patch_embed,0.994565
50,1,9,vim_tiny,cifar10,1.0,1,base.layers.0.mixer,0.923882
50,1,9,vim_tiny,cifar10,1.0,2,base.layers.1.mixer,0.924659
50,1,9,vim_tiny,cifar10,1.0,3,base.layers.2.mixer,0.771889
50,1,9,vim_tiny,cifar10,1.0,4,base.layers.3.mixer,0.977134
50,1,9,vim_tiny,cifar10,1.0,5,base.layers.4.mixer,0.777553
50,1,9,vim_tiny,cifar10,1.0,6,base.layers.5.mixer,0.631644
50,1,9,vim_tiny,cifar10,1.0,7,base.layers.6.mixer,0.543373
50,1,9,vim_tiny,cifar10,1.0,8,base.layers.7.mixer,0.737852
50,1,9,vim_tiny,cifar10,1.0,9,base.layers.8.mixer,0.776764
50,1,9,vim_tiny,cifar10,1.0,10,base.layers.9.mixer,0.722840
50,1,9,vim_tiny,cifar10,1.0,11,base.layers.10.mixer,0.828466
50,1,9,vim_tiny,cifar10,1.0,12,base.layers.11.mixer,0.474530
50,1,9,vim_tiny,cifar10,1.0,13,classifier,0.682389
50,2,3,vim_tiny,cifar10,1.0,0,base.patch_embed,0.982843
50,2,3,vim_tiny,cifar10,1.0,1,base.layers.0.mixer,0.897070
50,2,3,vim_tiny,cifar10,1.0,2,base.layers.1.mixer,0.789164
50,2,3,vim_tiny,cifar10,1.0,3,base.layers.2.mixer,0.712845
50,2,3,vim_tiny,cifar10,1.0,4,base.layers.3.mixer,0.770611
50,2,3,vim_tiny,cifar10,1.0,5,base.layers.4.mixer,0.604840
50,2,3,vim_tiny,cifar10,1.0,6,base.layers.5.mixer,0.306120
50,2,3,vim_tiny,cifar10,1.0,7,base.layers.6.mixer,0.772220
50,2,3,vim_tiny,cifar10,1.0,8,base.layers.7.mixer,0.512000
50,2,3,vim_tiny,cifar10,1.0,9,base.layers.8.mixer,0.819876
50,2,3,vim_tiny,cifar10,1.0,10,base.layers.9.mixer,0.892525
50,2,3,vim_tiny,cifar10,1.0,11,base.layers.10.mixer,0.717241
50,2,3,vim_tiny,cifar10,1.0,12,base.layers.11.mixer,0.731577
50,2,3,vim_tiny,cifar10,1.0,13,classifier,0.661079
50,2,4,vim_tiny,cifar10,1.0,0,base.patch_embed,0.990662
50,2,4,vim_tiny,cifar10,1.0,1,base.layers.0.mixer,0.952939
50,2,4,vim_tiny,cifar10,1.0,2,base.layers.1.mixer,0.941085
50,2,4,vim_tiny,cifar10,1.0,3,base.layers.2.mixer,0.864765
50,2,4,vim_tiny,cifar10,1.0,4,base.layers.3.mixer,0.936627
50,2,4,vim_tiny,cifar10,1.0,5,base.layers.4.mixer,0.800992
50,2,4,vim_tiny,cifar10,1.0,6,base.layers.5.mixer,0.393009
50,2,4,vim_tiny,cifar10,1.0,7,base.layers.6.mixer,0.801556
50,2,4,vim_tiny,cifar10,1.0,8,base.layers.7.mixer,0.534263
50,2,4,vim_tiny,cifar10,1.0,9,base.layers.8.mixer,0.928932
50,2,4,vim_tiny,cifar10,1.0,10,base.layers.9.mixer,0.802614
50,2,4,vim_tiny,cifar10,1.0,11,base.layers.10.mixer,0.791031
50,2,4,vim_tiny,cifar10,1.0,12,base.layers.11.mixer,0.633216
50,2,4,vim_tiny,cifar10,1.0,13,classifier,0.625009
50,2,5,vim_tiny,cifar10,1.0,0,base.patch_embed,0.990877
50,2,5,vim_tiny,cifar10,1.0,1,base.layers.0.mixer,0.943373
50,2,5,vim_tiny,cifar10,1.0,2,base.layers.1.mixer,0.778019
50,2,5,vim_tiny,cifar10,1.0,3,base.layers.2.mixer,0.725505
50,2,5,vim_tiny,cifar10,1.0,4,base.layers.3.mixer,0.880999
50,2,5,vim_tiny,cifar10,1.0,5,base.layers.4.mixer,0.600572
50,2,5,vim_tiny,cifar10,1.0,6,base.layers.5.mixer,0.400383
50,2,5,vim_tiny,cifar10,1.0,7,base.layers.6.mixer,0.764932
50,2,5,vim_tiny,cifar10,1.0,8,base.layers.7.mixer,0.771272
50,2,5,vim_tiny,cifar10,1.0,9,base.layers.8.mixer,0.787493
50,2,5,vim_tiny,cifar10,1.0,10,base.layers.9.mixer,0.828121
50,2,5,vim_tiny,cifar10,1.0,11,base.layers.10.mixer,0.743929
50,2,5,vim_tiny,cifar10,1.0,12,base.layers.11.mixer,0.733857
50,2,5,vim_tiny,cifar10,1.0,13,classifier,0.605012
50,2,6,vim_tiny,cifar10,1.0,0,base.patch_embed,0.993697
50,2,6,vim_tiny,cifar10,1.0,1,base.layers.0.mixer,0.961173
50,2,6,vim_tiny,cifar10,1.0,2,base.layers.1.mixer,0.817239
50,2,6,vim_tiny,cifar10,1.0,3,base.layers.2.mixer,0.823475
50,2,6,vim_tiny,cifar10,1.0,4,base.layers.3.mixer,0.937779
50,2,6,vim_tiny,cifar10,1.0,5,base.layers.4.mixer,0.659588
50,2,6,vim_tiny,cifar10,1.0,6,base.layers.5.mixer,0.577264
50,2,6,vim_tiny,cifar10,1.0,7,base.layers.6.mixer,0.802102
50,2,6,vim_tiny,cifar10,1.0,8,base.layers.7.mixer,0.811313
50,2,6,vim_tiny,cifar10,1.0,9,base.layers.8.mixer,0.948499
50,2,6,vim_tiny,cifar10,1.0,10,base.layers.9.mixer,0.803699
50,2,6,vim_tiny,cifar10,1.0,11,base.layers.10.mixer,0.736285
50,2,6,vim_tiny,cifar10,1.0,12,base.layers.11.mixer,0.605916
50,2,6,vim_tiny,cifar10,1.0,13,classifier,0.620043
50,2,7,vim_tiny,cifar10,1.0,0,base.patch_embed,0.997001
50,2,7,vim_tiny,cifar10,1.0,1,base.layers.0.mixer,0.972644
50,2,7,vim_tiny,cifar10,1.0,2,base.layers.1.mixer,0.935639
50,2,7,vim_tiny,cifar10,1.0,3,base.layers.2.mixer,0.848605
50,2,7,vim_tiny,cifar10,1.0,4,base.layers.3.mixer,0.925249
50,2,7,vim_tiny,cifar10,1.0,5,base.layers.4.mixer,0.829149
50,2,7,vim_tiny,cifar10,1.0,6,base.layers.5.mixer,0.594717
50,2,7,vim_tiny,cifar10,1.0,7,base.layers.6.mixer,0.833400
50,2,7,vim_tiny,cifar10,1.0,8,base.layers.7.mixer,0.727707
50,2,7,vim_tiny,cifar10,1.0,9,base.layers.8.mixer,0.966942
50,2,7,vim_tiny,cifar10,1.0,10,base.layers.9.mixer,0.779916
50,2,7,vim_tiny,cifar10,1.0,11,base.layers.10.mixer,0.782440
50,2,7,vim_tiny,cifar10,1.0,12,base.layers.11.mixer,0.741337
50,2,7,vim_tiny,cifar10,1.0,13,classifier,0.694271
50,2,8,vim_tiny,cifar10,1.0,0,base.patch_embed,0.990374
50,2,8,vim_tiny,cifar10,1.0,1,base.layers.0.mixer,0.964221
50,2,8,vim_tiny,cifar10,1.0,2,base.layers.1.mixer,0.868932
50,2,8,vim_tiny,cifar10,1.0,3,base.layers.2.mixer,0.836902
50,2,8,vim_tiny,cifar10,1.0,4,base.layers.3.mixer,0.965818
50,2,8,vim_tiny,cifar10,1.0,5,base.layers.4.mixer,0.651090
50,2,8,vim_tiny,cifar10,1.0,6,base.layers.5.mixer,0.584928
50,2,8,vim_tiny,cifar10,1.0,7,base.layers.6.mixer,0.527240
50,2,8,vim_tiny,cifar10,1.0,8,base.layers.7.mixer,0.751193
50,2,8,vim_tiny,cifar10,1.0,9,base.layers.8.mixer,0.885851
50,2,8,vim_tiny,cifar10,1.0,10,base.layers.9.mixer,0.837755
50,2,8,vim_tiny,cifar10,1.0,11,base.layers.10.mixer,0.770670
50,2,8,vim_tiny,cifar10,1.0,12,base.layers.11.mixer,0.605449
50,2,8,vim_tiny,cifar10,1.0,13,classifier,0.682537
50,2,9,vim_tiny,cifar10,1.0,0,base.patch_embed,0.988544
50,2,9,vim_tiny,cifar10,1.0,1,base.layers.0.mixer,0.940226
50,2,9,vim_tiny,cifar10,1.0,2,base.layers.1.mixer,0.908850
50,2,9,vim_tiny,cifar10,1.0,3,base.layers.2.mixer,0.573347
50,2,9,vim_tiny,cifar10,1.0,4,base.layers.3.mixer,0.972029
50,2,9,vim_tiny,cifar10,1.0,5,base.layers.4.mixer,0.819126
50,2,9,vim_tiny,cifar10,1.0,6,base.layers.5.mixer,0.289662
50,2,9,vim_tiny,cifar10,1.0,7,base.layers.6.mixer,0.615736
50,2,9,vim_tiny,cifar10,1.0,8,base.layers.7.mixer,0.772801
50,2,9,vim_tiny,cifar10,1.0,9,base.layers.8.mixer,0.802728
50,2,9,vim_tiny,cifar10,1.0,10,base.layers.9.mixer,0.827597
50,2,9,vim_tiny,cifar10,1.0,11,base.layers.10.mixer,0.815556
50,2,9,vim_tiny,cifar10,1.0,12,base.layers.11.mixer,0.550419
50,2,9,vim_tiny,cifar10,1.0,13,classifier,0.599810
50,3,4,vim_tiny,cifar10,1.0,0,base.patch_embed,0.988268
50,3,4,vim_tiny,cifar10,1.0,1,base.layers.0.mixer,0.961450
50,3,4,vim_tiny,cifar10,1.0,2,base.layers.1.mixer,0.627329
50,3,4,vim_tiny,cifar10,1.0,3,base.layers.2.mixer,0.783143
50,3,4,vim_tiny,cifar10,1.0,4,base.layers.3.mixer,0.813182
50,3,4,vim_tiny,cifar10,1.0,5,base.layers.4.mixer,0.766171
50,3,4,vim_tiny,cifar10,1.0,6,base.layers.5.mixer,0.862777
50,3,4,vim_tiny,cifar10,1.0,7,base.layers.6.mixer,0.783181
50,3,4,vim_tiny,cifar10,1.0,8,base.layers.7.mixer,0.412645
50,3,4,vim_tiny,cifar10,1.0,9,base.layers.8.mixer,0.887131
50,3,4,vim_tiny,cifar10,1.0,10,base.layers.9.mixer,0.783563
50,3,4,vim_tiny,cifar10,1.0,11,base.layers.10.mixer,0.792025
50,3,4,vim_tiny,cifar10,1.0,12,base.layers.11.mixer,0.569303
50,3,4,vim_tiny,cifar10,1.0,13,classifier,0.590858
50,3,5,vim_tiny,cifar10,1.0,0,base.patch_embed,0.992643
50,3,5,vim_tiny,cifar10,1.0,1,base.layers.0.mixer,0.954376
50,3,5,vim_tiny,cifar10,1.0,2,base.layers.1.mixer,0.919035
50,3,5,vim_tiny,cifar10,1.0,3,base.layers.2.mixer,0.809166
50,3,5,vim_tiny,cifar10,1.0,4,base.layers.3.mixer,0.964777
50,3,5,vim_tiny,cifar10,1.0,5,base.layers.4.mixer,0.801773
50,3,5,vim_tiny,cifar10,1.0,6,base.layers.5.mixer,0.916614
50,3,5,vim_tiny,cifar10,1.0,7,base.layers.6.mixer,0.771399
50,3,5,vim_tiny,cifar10,1.0,8,base.layers.7.mixer,0.658078
50,3,5,vim_tiny,cifar10,1.0,9,base.layers.8.mixer,0.850941
50,3,5,vim_tiny,cifar10,1.0,10,base.layers.9.mixer,0.903266
50,3,5,vim_tiny,cifar10,1.0,11,base.layers.10.mixer,0.705843
50,3,5,vim_tiny,cifar10,1.0,12,base.layers.11.mixer,0.809211
50,3,5,vim_tiny,cifar10,1.0,13,classifier,0.554242
50,3,6,vim_tiny,cifar10,1.0,0,base.patch_embed,0.994228
50,3,6,vim_tiny,cifar10,1.0,1,base.layers.0.mixer,0.919589
50,3,6,vim_tiny,cifar10,1.0,2,base.layers.1.mixer,0.779322
50,3,6,vim_tiny,cifar10,1.0,3,base.layers.2.mixer,0.797563
50,3,6,vim_tiny,cifar10,1.0,4,base.layers.3.mixer,0.827265
50,3,6,vim_tiny,cifar10,1.0,5,base.layers.4.mixer,0.416368
50,3,6,vim_tiny,cifar10,1.0,6,base.layers.5.mixer,0.698760
50,3,6,vim_tiny,cifar10,1.0,7,base.layers.6.mixer,0.796853
50,3,6,vim_tiny,cifar10,1.0,8,base.layers.7.mixer,0.532161
50,3,6,vim_tiny,cifar10,1.0,9,base.layers.8.mixer,0.810757
50,3,6,vim_tiny,cifar10,1.0,10,base.layers.9.mixer,0.842794
50,3,6,vim_tiny,cifar10,1.0,11,base.layers.10.mixer,0.729004
50,3,6,vim_tiny,cifar10,1.0,12,base.layers.11.mixer,0.582938
50,3,6,vim_tiny,cifar10,1.0,13,classifier,0.600992
50,3,7,vim_tiny,cifar10,1.0,0,base.patch_embed,0.993659
50,3,7,vim_tiny,cifar10,1.0,1,base.layers.0.mixer,0.936618
50,3,7,vim_tiny,cifar10,1.0,2,base.layers.1.mixer,0.840056
50,3,7,vim_tiny,cifar10,1.0,3,base.layers.2.mixer,0.810004
50,3,7,vim_tiny,cifar10,1.0,4,base.layers.3.mixer,0.694210
50,3,7,vim_tiny,cifar10,1.0,5,base.layers.4.mixer,0.489331
50,3,7,vim_tiny,cifar10,1.0,6,base.layers.5.mixer,0.713924
50,3,7,vim_tiny,cifar10,1.0,7,base.layers.6.mixer,0.851092
50,3,7,vim_tiny,cifar10,1.0,8,base.layers.7.mixer,0.595499
50,3,7,vim_tiny,cifar10,1.0,9,base.layers.8.mixer,0.851103
50,3,7,vim_tiny,cifar10,1.0,10,base.layers.9.mixer,0.732746
50,3,7,vim_tiny,cifar10,1.0,11,base.layers.10.mixer,0.713064
50,3,7,vim_tiny,cifar10,1.0,12,base.layers.11.mixer,0.739625
50,3,7,vim_tiny,cifar10,1.0,13,classifier,0.647054
50,3,8,vim_tiny,cifar10,1.0,0,base.patch_embed,0.996143
50,3,8,vim_tiny,cifar10,1.0,1,base.layers.0.mixer,0.961800
50,3,8,vim_tiny,cifar10,1.0,2,base.layers.1.mixer,0.756376
50,3,8,vim_tiny,cifar10,1.0,3,base.layers.2.mixer,0.782947
50,3,8,vim_tiny,cifar10,1.0,4,base.layers.3.mixer,0.797735
50,3,8,vim_tiny,cifar10,1.0,5,base.layers.4.mixer,0.690909
50,3,8,vim_tiny,cifar10,1.0,6,base.layers.5.mixer,0.797657
50,3,8,vim_tiny,cifar10,1.0,7,base.layers.6.mixer,0.700064
50,3,8,vim_tiny,cifar10,1.0,8,base.layers.7.mixer,0.530480
50,3,8,vim_tiny,cifar10,1.0,9,base.layers.8.mixer,0.774919
50,3,8,vim_tiny,cifar10,1.0,10,base.layers.9.mixer,0.802978
50,3,8,vim_tiny,cifar10,1.0,11,base.layers.10.mixer,0.683944
50,3,8,vim_tiny,cifar10,1.0,12,base.layers.11.mixer,0.598269
50,3,8,vim_tiny,cifar10,1.0,13,classifier,0.611777
50,3,9,vim_tiny,cifar10,1.0,0,base.patch_embed,0.997827
50,3,9,vim_tiny,cifar10,1.0,1,base.layers.0.mixer,0.979063
50,3,9,vim_tiny,cifar10,1.0,2,base.layers.1.mixer,0.861379
50,3,9,vim_tiny,cifar10,1.0,3,base.layers.2.mixer,0.746400
50,3,9,vim_tiny,cifar10,1.0,4,base.layers.3.mixer,0.839881
50,3,9,vim_tiny,cifar10,1.0,5,base.layers.4.mixer,0.721944
50,3,9,vim_tiny,cifar10,1.0,6,base.layers.5.mixer,0.934782
50,3,9,vim_tiny,cifar10,1.0,7,base.layers.6.mixer,0.746981
50,3,9,vim_tiny,cifar10,1.0,8,base.layers.7.mixer,0.600590
50,3,9,vim_tiny,cifar10,1.0,9,base.layers.8.mixer,0.913237
50,3,9,vim_tiny,cifar10,1.0,10,base.layers.9.mixer,0.870561
50,3,9,vim_tiny,cifar10,1.0,11,base.layers.10.mixer,0.770443
50,3,9,vim_tiny,cifar10,1.0,12,base.layers.11.mixer,0.574241
50,3,9,vim_tiny,cifar10,1.0,13,classifier,0.612963
50,4,5,vim_tiny,cifar10,1.0,0,base.patch_embed,0.998300
50,4,5,vim_tiny,cifar10,1.0,1,base.layers.0.mixer,0.996934
50,4,5,vim_tiny,cifar10,1.0,2,base.layers.1.mixer,0.630546
50,4,5,vim_tiny,cifar10,1.0,3,base.layers.2.mixer,0.809951
50,4,5,vim_tiny,cifar10,1.0,4,base.layers.3.mixer,0.885189
50,4,5,vim_tiny,cifar10,1.0,5,base.layers.4.mixer,0.757177
50,4,5,vim_tiny,cifar10,1.0,6,base.layers.5.mixer,0.930737
50,4,5,vim_tiny,cifar10,1.0,7,base.layers.6.mixer,0.781504
50,4,5,vim_tiny,cifar10,1.0,8,base.layers.7.mixer,0.534807
50,4,5,vim_tiny,cifar10,1.0,9,base.layers.8.mixer,0.837907
50,4,5,vim_tiny,cifar10,1.0,10,base.layers.9.mixer,0.757193
50,4,5,vim_tiny,cifar10,1.0,11,base.layers.10.mixer,0.814461
50,4,5,vim_tiny,cifar10,1.0,12,base.layers.11.mixer,0.664520
50,4,5,vim_tiny,cifar10,1.0,13,classifier,0.567576
50,4,6,vim_tiny,cifar10,1.0,0,base.patch_embed,0.998339
50,4,6,vim_tiny,cifar10,1.0,1,base.layers.0.mixer,0.988902
50,4,6,vim_tiny,cifar10,1.0,2,base.layers.1.mixer,0.803427
50,4,6,vim_tiny,cifar10,1.0,3,base.layers.2.mixer,0.800967
50,4,6,vim_tiny,cifar10,1.0,4,base.layers.3.mixer,0.985189
50,4,6,vim_tiny,cifar10,1.0,5,base.layers.4.mixer,0.499652
50,4,6,vim_tiny,cifar10,1.0,6,base.layers.5.mixer,0.839862
50,4,6,vim_tiny,cifar10,1.0,7,base.layers.6.mixer,0.848711
50,4,6,vim_tiny,cifar10,1.0,8,base.layers.7.mixer,0.381526
50,4,6,vim_tiny,cifar10,1.0,9,base.layers.8.mixer,0.894537
50,4,6,vim_tiny,cifar10,1.0,10,base.layers.9.mixer,0.699010
50,4,6,vim_tiny,cifar10,1.0,11,base.layers.10.mixer,0.790025
50,4,6,vim_tiny,cifar10,1.0,12,base.layers.11.mixer,0.716881
50,4,6,vim_tiny,cifar10,1.0,13,classifier,0.595574
50,4,7,vim_tiny,cifar10,1.0,0,base.patch_embed,0.992088
50,4,7,vim_tiny,cifar10,1.0,1,base.layers.0.mixer,0.972195
50,4,7,vim_tiny,cifar10,1.0,2,base.layers.1.mixer,0.856849
50,4,7,vim_tiny,cifar10,1.0,3,base.layers.2.mixer,0.879933
50,4,7,vim_tiny,cifar10,1.0,4,base.layers.3.mixer,0.902632
50,4,7,vim_tiny,cifar10,1.0,5,base.layers.4.mixer,0.784385
50,4,7,vim_tiny,cifar10,1.0,6,base.layers.5.mixer,0.818284
50,4,7,vim_tiny,cifar10,1.0,7,base.layers.6.mixer,0.792593
50,4,7,vim_tiny,cifar10,1.0,8,base.layers.7.mixer,0.364744
50,4,7,vim_tiny,cifar10,1.0,9,base.layers.8.mixer,0.947783
50,4,7,vim_tiny,cifar10,1.0,10,base.layers.9.mixer,0.671846
50,4,7,vim_tiny,cifar10,1.0,11,base.layers.10.mixer,0.742241
50,4,7,vim_tiny,cifar10,1.0,12,base.layers.11.mixer,0.665553
50,4,7,vim_tiny,cifar10,1.0,13,classifier,0.656236
50,4,8,vim_tiny,cifar10,1.0,0,base.patch_embed,0.988430
50,4,8,vim_tiny,cifar10,1.0,1,base.layers.0.mixer,0.992341
50,4,8,vim_tiny,cifar10,1.0,2,base.layers.1.mixer,0.791036
50,4,8,vim_tiny,cifar10,1.0,3,base.layers.2.mixer,0.891092
50,4,8,vim_tiny,cifar10,1.0,4,base.layers.3.mixer,0.898210
50,4,8,vim_tiny,cifar10,1.0,5,base.layers.4.mixer,0.751746
50,4,8,vim_tiny,cifar10,1.0,6,base.layers.5.mixer,0.777594
50,4,8,vim_tiny,cifar10,1.0,7,base.layers.6.mixer,0.568624
50,4,8,vim_tiny,cifar10,1.0,8,base.layers.7.mixer,0.568976
50,4,8,vim_tiny,cifar10,1.0,9,base.layers.8.mixer,0.868448
50,4,8,vim_tiny,cifar10,1.0,10,base.layers.9.mixer,0.757773
50,4,8,vim_tiny,cifar10,1.0,11,base.layers.10.mixer,0.732806
50,4,8,vim_tiny,cifar10,1.0,12,base.layers.11.mixer,0.524619
50,4,8,vim_tiny,cifar10,1.0,13,classifier,0.617559
50,4,9,vim_tiny,cifar10,1.0,0,base.patch_embed,0.995670
50,4,9,vim_tiny,cifar10,1.0,1,base.layers.0.mixer,0.964048
50,4,9,vim_tiny,cifar10,1.0,2,base.layers.1.mixer,0.830258
50,4,9,vim_tiny,cifar10,1.0,3,base.layers.2.mixer,0.627620
50,4,9,vim_tiny,cifar10,1.0,4,base.layers.3.mixer,0.981137
50,4,9,vim_tiny,cifar10,1.0,5,base.layers.4.mixer,0.876834
50,4,9,vim_tiny,cifar10,1.0,6,base.layers.5.mixer,0.880388
50,4,9,vim_tiny,cifar10,1.0,7,base.layers.6.mixer,0.727617
50,4,9,vim_tiny,cifar10,1.0,8,base.layers.7.mixer,0.520477
50,4,9,vim_tiny,cifar10,1.0,9,base.layers.8.mixer,0.838195
50,4,9,vim_tiny,cifar10,1.0,10,base.layers.9.mixer,0.758642
50,4,9,vim_tiny,cifar10,1.0,11,base.layers.10.mixer,0.823440
50,4,9,vim_tiny,cifar10,1.0,12,base.layers.11.mixer,0.517743
50,4,9,vim_tiny,cifar10,1.0,13,classifier,0.638585
50,5,6,vim_tiny,cifar10,1.0,0,base.patch_embed,0.998701
50,5,6,vim_tiny,cifar10,1.0,1,base.layers.0.mixer,0.991465
50,5,6,vim_tiny,cifar10,1.0,2,base.layers.1.mixer,0.736943
50,5,6,vim_tiny,cifar10,1.0,3,base.layers.2.mixer,0.821983
50,5,6,vim_tiny,cifar10,1.0,4,base.layers.3.mixer,0.899142
50,5,6,vim_tiny,cifar10,1.0,5,base.layers.4.mixer,0.383555
50,5,6,vim_tiny,cifar10,1.0,6,base.layers.5.mixer,0.828583
50,5,6,vim_tiny,cifar10,1.0,7,base.layers.6.mixer,0.817830
50,5,6,vim_tiny,cifar10,1.0,8,base.layers.7.mixer,0.789857
50,5,6,vim_tiny,cifar10,1.0,9,base.layers.8.mixer,0.749630
50,5,6,vim_tiny,cifar10,1.0,10,base.layers.9.mixer,0.905114
50,5,6,vim_tiny,cifar10,1.0,11,base.layers.10.mixer,0.815152
50,5,6,vim_tiny,cifar10,1.0,12,base.layers.11.mixer,0.560090
50,5,6,vim_tiny,cifar10,1.0,13,classifier,0.507973
50,5,7,vim_tiny,cifar10,1.0,0,base.patch_embed,0.995033
50,5,7,vim_tiny,cifar10,1.0,1,base.layers.0.mixer,0.963861
50,5,7,vim_tiny,cifar10,1.0,2,base.layers.1.mixer,0.748082
50,5,7,vim_tiny,cifar10,1.0,3,base.layers.2.mixer,0.710503
50,5,7,vim_tiny,cifar10,1.0,4,base.layers.3.mixer,0.808167
50,5,7,vim_tiny,cifar10,1.0,5,base.layers.4.mixer,0.642422
50,5,7,vim_tiny,cifar10,1.0,6,base.layers.5.mixer,0.847738
50,5,7,vim_tiny,cifar10,1.0,7,base.layers.6.mixer,0.903215
50,5,7,vim_tiny,cifar10,1.0,8,base.layers.7.mixer,0.794447
50,5,7,vim_tiny,cifar10,1.0,9,base.layers.8.mixer,0.840384
50,5,7,vim_tiny,cifar10,1.0,10,base.layers.9.mixer,0.668899
50,5,7,vim_tiny,cifar10,1.0,11,base.layers.10.mixer,0.733586
50,5,7,vim_tiny,cifar10,1.0,12,base.layers.11.mixer,0.778509
50,5,7,vim_tiny,cifar10,1.0,13,classifier,0.650707
50,5,8,vim_tiny,cifar10,1.0,0,base.patch_embed,0.993856
50,5,8,vim_tiny,cifar10,1.0,1,base.layers.0.mixer,0.992284
50,5,8,vim_tiny,cifar10,1.0,2,base.layers.1.mixer,0.617673
50,5,8,vim_tiny,cifar10,1.0,3,base.layers.2.mixer,0.834686
50,5,8,vim_tiny,cifar10,1.0,4,base.layers.3.mixer,0.903966
50,5,8,vim_tiny,cifar10,1.0,5,base.layers.4.mixer,0.836340
50,5,8,vim_tiny,cifar10,1.0,6,base.layers.5.mixer,0.867854
50,5,8,vim_tiny,cifar10,1.0,7,base.layers.6.mixer,0.476979
50,5,8,vim_tiny,cifar10,1.0,8,base.layers.7.mixer,0.716852
50,5,8,vim_tiny,cifar10,1.0,9,base.layers.8.mixer,0.839349
50,5,8,vim_tiny,cifar10,1.0,10,base.layers.9.mixer,0.728983
50,5,8,vim_tiny,cifar10,1.0,11,base.layers.10.mixer,0.722729
50,5,8,vim_tiny,cifar10,1.0,12,base.layers.11.mixer,0.474719
50,5,8,vim_tiny,cifar10,1.0,13,classifier,0.645217
50,5,9,vim_tiny,cifar10,1.0,0,base.patch_embed,0.998254
50,5,9,vim_tiny,cifar10,1.0,1,base.layers.0.mixer,0.957932
50,5,9,vim_tiny,cifar10,1.0,2,base.layers.1.mixer,0.887130
50,5,9,vim_tiny,cifar10,1.0,3,base.layers.2.mixer,0.716875
50,5,9,vim_tiny,cifar10,1.0,4,base.layers.3.mixer,0.918632
50,5,9,vim_tiny,cifar10,1.0,5,base.layers.4.mixer,0.694786
50,5,9,vim_tiny,cifar10,1.0,6,base.layers.5.mixer,0.936881
50,5,9,vim_tiny,cifar10,1.0,7,base.layers.6.mixer,0.505908
50,5,9,vim_tiny,cifar10,1.0,8,base.layers.7.mixer,0.806452
50,5,9,vim_tiny,cifar10,1.0,9,base.layers.8.mixer,0.768855
50,5,9,vim_tiny,cifar10,1.0,10,base.layers.9.mixer,0.912329
50,5,9,vim_tiny,cifar10,1.0,11,base.layers.10.mixer,0.802603
50,5,9,vim_tiny,cifar10,1.0,12,base.layers.11.mixer,0.649278
50,5,9,vim_tiny,cifar10,1.0,13,classifier,0.637517
50,6,7,vim_tiny,cifar10,1.0,0,base.patch_embed,0.997002
50,6,7,vim_tiny,cifar10,1.0,1,base.layers.0.mixer,0.970042
50,6,7,vim_tiny,cifar10,1.0,2,base.layers.1.mixer,0.829778
50,6,7,vim_tiny,cifar10,1.0,3,base.layers.2.mixer,0.752144
50,6,7,vim_tiny,cifar10,1.0,4,base.layers.3.mixer,0.884230
50,6,7,vim_tiny,cifar10,1.0,5,base.layers.4.mixer,0.552741
50,6,7,vim_tiny,cifar10,1.0,6,base.layers.5.mixer,0.923946
50,6,7,vim_tiny,cifar10,1.0,7,base.layers.6.mixer,0.797058
50,6,7,vim_tiny,cifar10,1.0,8,base.layers.7.mixer,0.800918
50,6,7,vim_tiny,cifar10,1.0,9,base.layers.8.mixer,0.920991
50,6,7,vim_tiny,cifar10,1.0,10,base.layers.9.mixer,0.613960
50,6,7,vim_tiny,cifar10,1.0,11,base.layers.10.mixer,0.764518
50,6,7,vim_tiny,cifar10,1.0,12,base.layers.11.mixer,0.609521
50,6,7,vim_tiny,cifar10,1.0,13,classifier,0.595625
50,6,8,vim_tiny,cifar10,1.0,0,base.patch_embed,0.994586
50,6,8,vim_tiny,cifar10,1.0,1,base.layers.0.mixer,0.985777
50,6,8,vim_tiny,cifar10,1.0,2,base.layers.1.mixer,0.716117
50,6,8,vim_tiny,cifar10,1.0,3,base.layers.2.mixer,0.795247
50,6,8,vim_tiny,cifar10,1.0,4,base.layers.3.mixer,0.914069
50,6,8,vim_tiny,cifar10,1.0,5,base.layers.4.mixer,0.544421
50,6,8,vim_tiny,cifar10,1.0,6,base.layers.5.mixer,0.803893
50,6,8,vim_tiny,cifar10,1.0,7,base.layers.6.mixer,0.475769
50,6,8,vim_tiny,cifar10,1.0,8,base.layers.7.mixer,0.731703
50,6,8,vim_tiny,cifar10,1.0,9,base.layers.8.mixer,0.826201
50,6,8,vim_tiny,cifar10,1.0,10,base.layers.9.mixer,0.668763
50,6,8,vim_tiny,cifar10,1.0,11,base.layers.10.mixer,0.754735
50,6,8,vim_tiny,cifar10,1.0,12,base.layers.11.mixer,0.475804
50,6,8,vim_tiny,cifar10,1.0,13,classifier,0.628527
50,6,9,vim_tiny,cifar10,1.0,0,base.patch_embed,0.998457
50,6,9,vim_tiny,cifar10,1.0,1,base.layers.0.mixer,0.936439
50,6,9,vim_tiny,cifar10,1.0,2,base.layers.1.mixer,0.852853
50,6,9,vim_tiny,cifar10,1.0,3,base.layers.2.mixer,0.711951
50,6,9,vim_tiny,cifar10,1.0,4,base.layers.3.mixer,0.968496
50,6,9,vim_tiny,cifar10,1.0,5,base.layers.4.mixer,0.591002
50,6,9,vim_tiny,cifar10,1.0,6,base.layers.5.mixer,0.718519
50,6,9,vim_tiny,cifar10,1.0,7,base.layers.6.mixer,0.695429
50,6,9,vim_tiny,cifar10,1.0,8,base.layers.7.mixer,0.786478
50,6,9,vim_tiny,cifar10,1.0,9,base.layers.8.mixer,0.783010
50,6,9,vim_tiny,cifar10,1.0,10,base.layers.9.mixer,0.918923
50,6,9,vim_tiny,cifar10,1.0,11,base.layers.10.mixer,0.831648
50,6,9,vim_tiny,cifar10,1.0,12,base.layers.11.mixer,0.401362
50,6,9,vim_tiny,cifar10,1.0,13,classifier,0.582268
50,7,8,vim_tiny,cifar10,1.0,0,base.patch_embed,0.997385
50,7,8,vim_tiny,cifar10,1.0,1,base.layers.0.mixer,0.972605
50,7,8,vim_tiny,cifar10,1.0,2,base.layers.1.mixer,0.952896
50,7,8,vim_tiny,cifar10,1.0,3,base.layers.2.mixer,0.818418
50,7,8,vim_tiny,cifar10,1.0,4,base.layers.3.mixer,0.876946
50,7,8,vim_tiny,cifar10,1.0,5,base.layers.4.mixer,0.654966
50,7,8,vim_tiny,cifar10,1.0,6,base.layers.5.mixer,0.842153
50,7,8,vim_tiny,cifar10,1.0,7,base.layers.6.mixer,0.594158
50,7,8,vim_tiny,cifar10,1.0,8,base.layers.7.mixer,0.667605
50,7,8,vim_tiny,cifar10,1.0,9,base.layers.8.mixer,0.929408
50,7,8,vim_tiny,cifar10,1.0,10,base.layers.9.mixer,0.849107
50,7,8,vim_tiny,cifar10,1.0,11,base.layers.10.mixer,0.775195
50,7,8,vim_tiny,cifar10,1.0,12,base.layers.11.mixer,0.549998
50,7,8,vim_tiny,cifar10,1.0,13,classifier,0.734594
50,7,9,vim_tiny,cifar10,1.0,0,base.patch_embed,0.995815
50,7,9,vim_tiny,cifar10,1.0,1,base.layers.0.mixer,0.939641
50,7,9,vim_tiny,cifar10,1.0,2,base.layers.1.mixer,0.892686
50,7,9,vim_tiny,cifar10,1.0,3,base.layers.2.mixer,0.569697
50,7,9,vim_tiny,cifar10,1.0,4,base.layers.3.mixer,0.916740
50,7,9,vim_tiny,cifar10,1.0,5,base.layers.4.mixer,0.707500
50,7,9,vim_tiny,cifar10,1.0,6,base.layers.5.mixer,0.727779
50,7,9,vim_tiny,cifar10,1.0,7,base.layers.6.mixer,0.580952
50,7,9,vim_tiny,cifar10,1.0,8,base.layers.7.mixer,0.795118
50,7,9,vim_tiny,cifar10,1.0,9,base.layers.8.mixer,0.811056
50,7,9,vim_tiny,cifar10,1.0,10,base.layers.9.mixer,0.669284
50,7,9,vim_tiny,cifar10,1.0,11,base.layers.10.mixer,0.757212
50,7,9,vim_tiny,cifar10,1.0,12,base.layers.11.mixer,0.690311
50,7,9,vim_tiny,cifar10,1.0,13,classifier,0.720985
50,8,9,vim_tiny,cifar10,1.0,0,base.patch_embed,0.996310
50,8,9,vim_tiny,cifar10,1.0,1,base.layers.0.mixer,0.978714
50,8,9,vim_tiny,cifar10,1.0,2,base.layers.1.mixer,0.756687
50,8,9,vim_tiny,cifar10,1.0,3,base.layers.2.mixer,0.649453
50,8,9,vim_tiny,cifar10,1.0,4,base.layers.3.mixer,0.942420
50,8,9,vim_tiny,cifar10,1.0,5,base.layers.4.mixer,0.733119
50,8,9,vim_tiny,cifar10,1.0,6,base.layers.5.mixer,0.769331
50,8,9,vim_tiny,cifar10,1.0,7,base.layers.6.mixer,0.524462
50,8,9,vim_tiny,cifar10,1.0,8,base.layers.7.mixer,0.697978
50,8,9,vim_tiny,cifar10,1.0,9,base.layers.8.mixer,0.706630
50,8,9,vim_tiny,cifar10,1.0,10,base.layers.9.mixer,0.715686
50,8,9,vim_tiny,cifar10,1.0,11,base.layers.10.mixer,0.747307
50,8,9,vim_tiny,cifar10,1.0,12,base.layers.11.mixer,0.529877
50,8,9,vim_tiny,cifar10,1.0,13,classifier,0.692904
