==================== CKADriftFedProx ====================                                                                                                   
Experiment Arguments:                                                                                                                                       
{
│   'method': 'ckadriftfedprox',
│   'dataset': {
│   │   'name': 'cifar10',
│   │   'partition_dir': 'partitions/alpha_1.0/seed_42',
│   │   'client_num': 10,
│   │   'test_ratio': 0.25,
│   │   'val_ratio': 0.0,
│   │   'seed': 42,
│   │   'split': 'sample',
│   │   'IID_ratio': 0.0,
│   │   'alpha': 1.0,
│   │   'min_samples_per_client': 10,
│   │   'sample_fraction': 0.1,
│   │   'subset_seed': 42,
│   │   'monitor_window_name_suffix': 'cifar10-10clients-0%IID-Dir(1.0)-seed42-10pct'
│   },
│   'model': {
│   │   'name': 'res9',
│   │   'use_torchvision_pretrained_weights': False,
│   │   'external_model_weights_path': None
│   },
│   'optimizer': {
│   │   'lr': 0.01,
│   │   'dampening': 0,
│   │   'weight_decay': 0.0001,
│   │   'momentum': 0.9,
│   │   'nesterov': False,
│   │   'name': 'sgd'
│   },
│   'mode': 'serial',
│   'parallel': {
│   │   'ray_cluster_addr': None,
│   │   'num_cpus': 40,
│   │   'num_gpus': 0,
│   │   'num_workers': 5
│   },
│   'common': {
│   │   'seed': 42,
│   │   'join_ratio': 1.0,
│   │   'global_epoch': 50,
│   │   'local_epoch': 5,
│   │   'batch_size': 32,
│   │   'reset_optimizer_on_global_epoch': True,
│   │   'straggler_ratio': 0,
│   │   'straggler_min_local_epoch': 0,
│   │   'buffers': 'global',
│   │   'client_side_evaluation': True,
│   │   'test': {
│   │   │   'client': {
│   │   │   │   'interval': 1,
│   │   │   │   'finetune_epoch': 0,
│   │   │   │   'train': False,
│   │   │   │   'val': False,
│   │   │   │   'test': True
│   │   │   },
│   │   │   'server': {
│   │   │   │   'interval': 1,
│   │   │   │   'train': False,
│   │   │   │   'val': False,
│   │   │   │   'test': True,
│   │   │   │   'model_in_train_mode': False
│   │   │   }
│   │   },
│   │   'verbose_gap': 10,
│   │   'monitor': 'tensorboard',
│   │   'use_cuda': True,
│   │   'save_log': True,
│   │   'save_model': False,
│   │   'save_learning_curve_plot': True,
│   │   'save_metrics': True,
│   │   'delete_useless_run': True,
│   │   'dataloader_num_workers': 2,
│   │   'resume_checkpoint': None
│   },
│   'cka': {
│   │   'rounds': [
│   │   │   1,
│   │   │   2,
│   │   │   5,
│   │   │   10,
│   │   │   20,
│   │   │   30,
│   │   │   40,
│   │   │   50
│   │   ],
│   │   'client_sample': 10,
│   │   'probe_batches': 20,
│   │   'probe_batch_size': 16
│   },
│   'ckadriftfedprox': {
│   │   'mu': 0.01
│   },
│   'driftfedprox': {
│   │   'mu': 0.01
│   }
}
---------------------------- ROUND 1/50 START ----------------------------                                                                                  
Selected clients: [1, 0, 4, 9, 6, 5, 8, 2, 3, 7]                                                                                                            
  [Client 1] Starting local training...                                                                                                                     
  [Client 1] Finished training in 14.28s                                                                                                                    
  [Client 0] Starting local training...                                                                                                                     
  [Client 0] Finished training in 15.94s                                                                                                                    
  [Client 4] Starting local training...                                                                                                                     
  [Client 4] Finished training in 23.41s                                                                                                                    
  [Client 9] Starting local training...                                                                                                                     
  [Client 9] Finished training in 7.55s                                                                                                                     
  [Client 6] Starting local training...                                                                                                                     
  [Client 6] Finished training in 16.23s                                                                                                                    
  [Client 5] Starting local training...                                                                                                                     
  [Client 5] Finished training in 10.22s                                                                                                                    
  [Client 8] Starting local training...                                                                                                                     
  [Client 8] Finished training in 11.55s                                                                                                                    
  [Client 2] Starting local training...                                                                                                                     
  [Client 2] Finished training in 13.91s                                                                                                                    
  [Client 3] Starting local training...                                                                                                                     
  [Client 3] Finished training in 11.56s                                                                                                                    
  [Client 7] Starting local training...                                                                                                                     
  [Client 7] Finished training in 10.53s                                                                                                                    
  [CKA] Saved checkpoints for round 1 (10 clients) → /home/luis.mendezl/Thesis/logs/runs/cifar10/fedprox/res9/alpha1.0/seed42/checkpoints/round_0001        
  Starting weight aggregation...                                                                                                                            
  Aggregation completed in 0.14s                                                                                                                            
ROUND 1 FINISHED in 138.79s (Avg: 138.79s)                                                                                                                  
  [Resume] Saved training checkpoint after round 1 → /home/luis.mendezl/Thesis/logs/runs/cifar10/fedprox/res9/alpha1.0/seed42/checkpoints/training_state.pt 
---------------------------- ROUND 2/50 START ----------------------------                                                                                  
Selected clients: [0, 9, 1, 7, 6, 4, 8, 2, 3, 5]                                                                                                            
  [Client 0] Starting local training...                                                                                                                     
  [Client 0] Finished training in 14.39s                                                                                                                    
  [Client 9] Starting local training...                                                                                                                     
  [Client 9] Finished training in 10.73s                                                                                                                    
  [Client 1] Starting local training...                                                                                                                     
  [Client 1] Finished training in 13.78s                                                                                                                    
  [Client 7] Starting local training...                                                                                                                     
  [Client 7] Finished training in 10.43s                                                                                                                    
  [Client 6] Starting local training...                                                                                                                     
  [Client 6] Finished training in 16.39s                                                                                                                    
  [Client 4] Starting local training...                                                                                                                     
  [Client 4] Finished training in 21.54s                                                                                                                    
  [Client 8] Starting local training...                                                                                                                     
  [Client 8] Finished training in 10.69s                                                                                                                    
  [Client 2] Starting local training...                                                                                                                     
  [Client 2] Finished training in 13.68s                                                                                                                    
  [Client 3] Starting local training...                                                                                                                     
  [Client 3] Finished training in 12.13s                                                                                                                    
  [Client 5] Starting local training...                                                                                                                     
  [Client 5] Finished training in 11.37s                                                                                                                    
  [CKA] Saved checkpoints for round 2 (10 clients) → /home/luis.mendezl/Thesis/logs/runs/cifar10/fedprox/res9/alpha1.0/seed42/checkpoints/round_0002        
  Starting weight aggregation...                                                                                                                            
  Aggregation completed in 0.14s                                                                                                                            
ROUND 2 FINISHED in 138.71s (Avg: 138.75s)                                                                                                                  
  [Resume] Saved training checkpoint after round 2 → /home/luis.mendezl/Thesis/logs/runs/cifar10/fedprox/res9/alpha1.0/seed42/checkpoints/training_state.pt 
---------------------------- ROUND 3/50 START ----------------------------                                                                                  
Selected clients: [3, 7, 4, 6, 0, 1, 9, 8, 2, 5]                                                                                                            
  [Client 3] Starting local training...                                                                                                                     
  [Client 3] Finished training in 11.32s                                                                                                                    
  [Client 7] Starting local training...                                                                                                                     
  [Client 7] Finished training in 10.54s                                                                                                                    
  [Client 4] Starting local training...                                                                                                                     
  [Client 4] Finished training in 25.38s                                                                                                                    
  [Client 6] Starting local training...                                                                                                                     
  [Client 6] Finished training in 16.57s                                                                                                                    
  [Client 0] Starting local training...                                                                                                                     
  [Client 0] Finished training in 14.47s                                                                                                                    
  [Client 1] Starting local training...                                                                                                                     
  [Client 1] Finished training in 13.44s                                                                                                                    
  [Client 9] Starting local training...                                                                                                                     
  [Client 9] Finished training in 11.04s                                                                                                                    
  [Client 8] Starting local training...                                                                                                                     
  [Client 8] Finished training in 8.68s                                                                                                                     
  [Client 2] Starting local training...                                                                                                                     
  [Client 2] Finished training in 9.27s                                                                                                                     
  [Client 5] Starting local training...                                                                                                                     
  [Client 5] Finished training in 7.73s                                                                                                                     
  Starting weight aggregation...                                                                                                                            
  Aggregation completed in 0.14s                                                                                                                            
ROUND 3 FINISHED in 129.24s (Avg: 135.58s)                                                                                                                  
  [Resume] Saved training checkpoint after round 3 → /home/luis.mendezl/Thesis/logs/runs/cifar10/fedprox/res9/alpha1.0/seed42/checkpoints/training_state.pt 
---------------------------- ROUND 4/50 START ----------------------------                                                                                  
Selected clients: [3, 5, 1, 0, 9, 6, 2, 7, 8, 4]                                                                                                            
  [Client 3] Starting local training...                                                                                                                     
  [Client 3] Finished training in 9.02s                                                                                                                     
  [Client 5] Starting local training...                                                                                                                     
  [Client 5] Finished training in 11.55s                                                                                                                    
  [Client 1] Starting local training...                                                                                                                     
  [Client 1] Finished training in 14.19s                                                                                                                    
  [Client 0] Starting local training...                                                                                                                     
  [Client 0] Finished training in 15.20s                                                                                                                    
  [Client 9] Starting local training...                                                                                                                     
  [Client 9] Finished training in 11.67s                                                                                                                    
  [Client 6] Starting local training...                                                                                                                     
  [Client 6] Finished training in 16.25s                                                                                                                    
  [Client 2] Starting local training...                                                                                                                     
  [Client 2] Finished training in 14.36s                                                                                                                    
  [Client 7] Starting local training...                                                                                                                     
  [Client 7] Finished training in 10.69s                                                                                                                    
  [Client 8] Starting local training...                                                                                                                     
  [Client 8] Finished training in 11.54s                                                                                                                    
  [Client 4] Starting local training...                                                                                                                     
  [Client 4] Finished training in 24.78s                                                                                                                    
  Starting weight aggregation...                                                                                                                            
  Aggregation completed in 0.24s                                                                                                                            
ROUND 4 FINISHED in 140.15s (Avg: 136.72s)                                                                                                                  
  [Resume] Saved training checkpoint after round 4 → /home/luis.mendezl/Thesis/logs/runs/cifar10/fedprox/res9/alpha1.0/seed42/checkpoints/training_state.pt 
---------------------------- ROUND 5/50 START ----------------------------                                                                                  
Selected clients: [7, 8, 1, 3, 0, 4, 2, 6, 9, 5]                                                                                                            
  [Client 7] Starting local training...                                                                                                                     
  [Client 7] Finished training in 10.63s                                                                                                                    
  [Client 8] Starting local training...                                                                                                                     
  [Client 8] Finished training in 8.77s                                                                                                                     
  [Client 1] Starting local training...                                                                                                                     
  [Client 1] Finished training in 10.40s                                                                                                                    
  [Client 3] Starting local training...                                                                                                                     
  [Client 3] Finished training in 11.89s                                                                                                                    
  [Client 0] Starting local training...                                                                                                                     
  [Client 0] Finished training in 14.53s                                                                                                                    
  [Client 4] Starting local training...                                                                                                                     
  [Client 4] Finished training in 25.68s                                                                                                                    
  [Client 2] Starting local training...                                                                                                                     
  [Client 2] Finished training in 13.64s                                                                                                                    
  [Client 6] Starting local training...                                                                                                                     
  [Client 6] Finished training in 16.84s                                                                                                                    
  [Client 9] Starting local training...                                                                                                                     
  [Client 9] Finished training in 11.38s                                                                                                                    
  [Client 5] Starting local training...                                                                                                                     
  [Client 5] Finished training in 11.84s                                                                                                                    
  [CKA] Saved checkpoints for round 5 (10 clients) → /home/luis.mendezl/Thesis/logs/runs/cifar10/fedprox/res9/alpha1.0/seed42/checkpoints/round_0005        
  Starting weight aggregation...                                                                                                                            
  Aggregation completed in 0.21s                                                                                                                            
ROUND 5 FINISHED in 139.59s (Avg: 137.29s)                                                                                                                  
  [Resume] Saved training checkpoint after round 5 → /home/luis.mendezl/Thesis/logs/runs/cifar10/fedprox/res9/alpha1.0/seed42/checkpoints/training_state.pt 
---------------------------- ROUND 6/50 START ----------------------------                                                                                  
Selected clients: [1, 0, 3, 6, 2, 8, 9, 4, 7, 5]                                                                                                            
  [Client 1] Starting local training...                                                                                                                     
  [Client 1] Finished training in 13.46s                                                                                                                    
  [Client 0] Starting local training...                                                                                                                     
  [Client 0] Finished training in 14.60s                                                                                                                    
  [Client 3] Starting local training...                                                                                                                     
  [Client 3] Finished training in 8.34s                                                                                                                     
  [Client 6] Starting local training...                                                                                                                     
  [Client 6] Finished training in 12.21s                                                                                                                    
  [Client 2] Starting local training...                                                                                                                     
  [Client 2] Finished training in 13.23s                                                                                                                    
  [Client 8] Starting local training...                                                                                                                     
  [Client 8] Finished training in 11.49s                                                                                                                    
  [Client 9] Starting local training...                                                                                                                     
  [Client 9] Finished training in 11.39s                                                                                                                    
  [Client 4] Starting local training...                                                                                                                     
  [Client 4] Finished training in 26.94s                                                                                                                    
  [Client 7] Starting local training...                                                                                                                     
  [Client 7] Finished training in 10.65s                                                                                                                    
  [Client 5] Starting local training...                                                                                                                     
  [Client 5] Finished training in 12.17s                                                                                                                    
  Starting weight aggregation...                                                                                                                            
  Aggregation completed in 0.23s                                                                                                                            
ROUND 6 FINISHED in 135.35s (Avg: 136.97s)                                                                                                                  
  [Resume] Saved training checkpoint after round 6 → /home/luis.mendezl/Thesis/logs/runs/cifar10/fedprox/res9/alpha1.0/seed42/checkpoints/training_state.pt 
---------------------------- ROUND 7/50 START ----------------------------                                                                                  
Selected clients: [7, 5, 2, 9, 6, 1, 8, 3, 0, 4]                                                                                                            
  [Client 7] Starting local training...                                                                                                                     
  [Client 7] Finished training in 10.30s                                                                                                                    
  [Client 5] Starting local training...                                                                                                                     
  [Client 5] Finished training in 11.17s                                                                                                                    
  [Client 2] Starting local training...                                                                                                                     
  [Client 2] Finished training in 13.51s                                                                                                                    
  [Client 9] Starting local training...                                                                                                                     
  [Client 9] Finished training in 10.78s                                                                                                                    
  [Client 6] Starting local training...                                                                                                                     
  [Client 6] Finished training in 15.47s                                                                                                                    
  [Client 1] Starting local training...                                                                                                                     
  [Client 1] Finished training in 10.43s                                                                                                                    
  [Client 8] Starting local training...                                                                                                                     
  [Client 8] Finished training in 11.41s                                                                                                                    
  [Client 3] Starting local training...                                                                                                                     
  [Client 3] Finished training in 11.29s                                                                                                                    
  [Client 0] Starting local training...                                                                                                                     
  [Client 0] Finished training in 14.58s                                                                                                                    
  [Client 4] Starting local training...                                                                                                                     
  [Client 4] Finished training in 25.60s                                                                                                                    
  Starting weight aggregation...                                                                                                                            
  Aggregation completed in 0.24s                                                                                                                            
ROUND 7 FINISHED in 135.44s (Avg: 136.75s)                                                                                                                  
  [Resume] Saved training checkpoint after round 7 → /home/luis.mendezl/Thesis/logs/runs/cifar10/fedprox/res9/alpha1.0/seed42/checkpoints/training_state.pt 
---------------------------- ROUND 8/50 START ----------------------------                                                                                  
Selected clients: [8, 3, 2, 9, 6, 7, 1, 4, 5, 0]                                                                                                            
  [Client 8] Starting local training...                                                                                                                     
  [Client 8] Finished training in 12.15s                                                                                                                    
  [Client 3] Starting local training...                                                                                                                     
  [Client 3] Finished training in 12.22s                                                                                                                    
  [Client 2] Starting local training...                                                                                                                     
  [Client 2] Finished training in 13.39s                                                                                                                    
  [Client 9] Starting local training...                                                                                                                     
  [Client 9] Finished training in 10.46s                                                                                                                    
  [Client 6] Starting local training...                                                                                                                     
  [Client 6] Finished training in 17.24s                                                                                                                    
  [Client 7] Starting local training...                                                                                                                     
  [Client 7] Finished training in 11.50s                                                                                                                    
  [Client 1] Starting local training...                                                                                                                     
  [Client 1] Finished training in 12.27s                                                                                                                    
  [Client 4] Starting local training...                                                                                                                     
  [Client 4] Finished training in 20.80s                                                                                                                    
  [Client 5] Starting local training...                                                                                                                     
  [Client 5] Finished training in 12.00s                                                                                                                    
  [Client 0] Starting local training...                                                                                                                     
  [Client 0] Finished training in 14.38s                                                                                                                    
  Starting weight aggregation...                                                                                                                            
  Aggregation completed in 0.25s                                                                                                                            
ROUND 8 FINISHED in 137.33s (Avg: 136.82s)                                                                                                                  
  [Resume] Saved training checkpoint after round 8 → /home/luis.mendezl/Thesis/logs/runs/cifar10/fedprox/res9/alpha1.0/seed42/checkpoints/training_state.pt 
---------------------------- ROUND 9/50 START ----------------------------                                                                                  
Selected clients: [3, 0, 5, 9, 2, 8, 1, 7, 6, 4]                                                                                                            
  [Client 3] Starting local training...                                                                                                                     
  [Client 3] Finished training in 12.11s                                                                                                                    
  [Client 0] Starting local training...                                                                                                                     
  [Client 0] Finished training in 15.04s                                                                                                                    
  [Client 5] Starting local training...                                                                                                                     
  [Client 5] Finished training in 12.45s                                                                                                                    
  [Client 9] Starting local training...                                                                                                                     
  [Client 9] Finished training in 10.70s                                                                                                                    
  [Client 2] Starting local training...                                                                                                                     
  [Client 2] Finished training in 13.70s                                                                                                                    
  [Client 8] Starting local training...                                                                                                                     
  [Client 8] Finished training in 12.28s                                                                                                                    
  [Client 1] Starting local training...                                                                                                                     
  [Client 1] Finished training in 13.25s                                                                                                                    
  [Client 7] Starting local training...                                                                                                                     
  [Client 7] Finished training in 10.25s                                                                                                                    
  [Client 6] Starting local training...                                                                                                                     
  [Client 6] Finished training in 12.22s                                                                                                                    
  [Client 4] Starting local training...                                                                                                                     
  [Client 4] Finished training in 20.28s                                                                                                                    
  Starting weight aggregation...                                                                                                                            
  Aggregation completed in 0.15s                                                                                                                            
ROUND 9 FINISHED in 133.17s (Avg: 136.42s)                                                                                                                  
  [Resume] Saved training checkpoint after round 9 → /home/luis.mendezl/Thesis/logs/runs/cifar10/fedprox/res9/alpha1.0/seed42/checkpoints/training_state.pt 
---------------------------- ROUND 10/50 START ----------------------------                                                                                 
Selected clients: [7, 6, 9, 1, 2, 8, 4, 5, 3, 0]                                                                                                            
  [Client 7] Starting local training...                                                                                                                     
  [Client 7] Finished training in 10.47s                                                                                                                    
client [7]  (testset)   loss: 1.7580 -> 1.8574  accuracy: 33.33% -> 37.61%                                                                                  
  [Client 6] Starting local training...                                                                                                                     
  [Client 6] Finished training in 16.62s                                                                                                                    
client [6]  (testset)   loss: 1.7541 -> 1.5320  accuracy: 36.42% -> 43.93%                                                                                  
  [Client 9] Starting local training...                                                                                                                     
  [Client 9] Finished training in 11.03s                                                                                                                    
client [9]  (testset)   loss: 1.8490 -> 1.6290  accuracy: 37.39% -> 45.22%                                                                                  
  [Client 1] Starting local training...                                                                                                                     
  [Client 1] Finished training in 13.76s                                                                                                                    
client [1]  (testset)   loss: 1.8989 -> 1.6920  accuracy: 26.53% -> 55.10%                                                                                  
  [Client 2] Starting local training...                                                                                                                     
  [Client 2] Finished training in 13.46s                                                                                                                    
client [2]  (testset)   loss: 1.7645 -> 1.5801  accuracy: 41.10% -> 36.30%                                                                                  
  [Client 8] Starting local training...                                                                                                                     
  [Client 8] Finished training in 11.60s                                                                                                                    
client [8]  (testset)   loss: 1.6823 -> 1.6709  accuracy: 36.00% -> 40.00%                                                                                  
  [Client 4] Starting local training...                                                                                                                     
  [Client 4] Finished training in 26.75s                                                                                                                    
client [4]  (testset)   loss: 1.7745 -> 1.6540  accuracy: 34.32% -> 43.91%                                                                                  
  [Client 5] Starting local training...                                                                                                                     
  [Client 5] Finished training in 11.51s                                                                                                                    
client [5]  (testset)   loss: 1.5494 -> 1.3768  accuracy: 35.77% -> 49.59%                                                                                  
  [Client 3] Starting local training...                                                                                                                     
  [Client 3] Finished training in 12.28s                                                                                                                    
client [3]  (testset)   loss: 1.7091 -> 1.2162  accuracy: 39.68% -> 54.76%                                                                                  
  [Client 0] Starting local training...                                                                                                                     
  [Client 0] Finished training in 13.72s                                                                                                                    
client [0]  (testset)   loss: 1.6700 -> 1.8446  accuracy: 35.06% -> 36.36%                                                                                  
  [CKA] Saved checkpoints for round 10 (10 clients) → /home/luis.mendezl/Thesis/logs/runs/cifar10/fedprox/res9/alpha1.0/seed42/checkpoints/round_0010       
  Starting weight aggregation...                                                                                                                            
  Aggregation completed in 0.14s                                                                                                                            
ROUND 10 FINISHED in 144.84s (Avg: 137.26s)                                                                                                                 
  [Resume] Saved training checkpoint after round 10 → /home/luis.mendezl/Thesis/logs/runs/cifar10/fedprox/res9/alpha1.0/seed42/checkpoints/training_state.pt
---------------------------- ROUND 11/50 START ----------------------------                                                                                 
Selected clients: [9, 6, 5, 1, 8, 4, 3, 0, 2, 7]                                                                                                            
  [Client 9] Starting local training...                                                                                                                     
  [Client 9] Finished training in 11.80s                                                                                                                    
  [Client 6] Starting local training...                                                                                                                     
  [Client 6] Finished training in 16.49s                                                                                                                    
  [Client 5] Starting local training...                                                                                                                     
  [Client 5] Finished training in 11.68s                                                                                                                    
  [Client 1] Starting local training...                                                                                                                     
  [Client 1] Finished training in 13.61s                                                                                                                    
  [Client 8] Starting local training...                                                                                                                     
  [Client 8] Finished training in 11.58s                                                                                                                    
  [Client 4] Starting local training...                                                                                                                     
  [Client 4] Finished training in 34.93s                                                                                                                    
  [Client 3] Starting local training...                                                                                                                     
  [Client 3] Finished training in 11.57s                                                                                                                    
  [Client 0] Starting local training...                                                                                                                     
  [Client 0] Finished training in 14.97s                                                                                                                    
  [Client 2] Starting local training...                                                                                                                     
  [Client 2] Finished training in 14.22s                                                                                                                    
  [Client 7] Starting local training...                                                                                                                     
  [Client 7] Finished training in 11.37s                                                                                                                    
  Starting weight aggregation...                                                                                                                            
  Aggregation completed in 0.15s                                                                                                                            
ROUND 11 FINISHED in 153.01s (Avg: 138.69s)                                                                                                                 
  [Resume] Saved training checkpoint after round 11 → /home/luis.mendezl/Thesis/logs/runs/cifar10/fedprox/res9/alpha1.0/seed42/checkpoints/training_state.pt
---------------------------- ROUND 12/50 START ----------------------------                                                                                 
Selected clients: [2, 9, 6, 4, 0, 3, 7, 8, 1, 5]                                                                                                            
  [Client 2] Starting local training...                                                                                                                     
  [Client 2] Finished training in 10.77s                                                                                                                    
  [Client 9] Starting local training...                                                                                                                     
  [Client 9] Finished training in 10.65s                                                                                                                    
  [Client 6] Starting local training...                                                                                                                     
  [Client 6] Finished training in 16.36s                                                                                                                    
  [Client 4] Starting local training...                                                                                                                     
  [Client 4] Finished training in 24.89s                                                                                                                    
  [Client 0] Starting local training...                                                                                                                     
  [Client 0] Finished training in 15.30s                                                                                                                    
  [Client 3] Starting local training...                                                                                                                     
  [Client 3] Finished training in 11.34s                                                                                                                    
  [Client 7] Starting local training...                                                                                                                     
  [Client 7] Finished training in 10.67s                                                                                                                    
  [Client 8] Starting local training...                                                                                                                     
  [Client 8] Finished training in 9.66s                                                                                                                     
  [Client 1] Starting local training...                                                                                                                     
  [Client 1] Finished training in 14.02s                                                                                                                    
  [Client 5] Starting local training...                                                                                                                     
  [Client 5] Finished training in 12.24s                                                                                                                    
  Starting weight aggregation...                                                                                                                            
  Aggregation completed in 0.24s                                                                                                                            
ROUND 12 FINISHED in 136.79s (Avg: 138.53s)                                                                                                                 
  [Resume] Saved training checkpoint after round 12 → /home/luis.mendezl/Thesis/logs/runs/cifar10/fedprox/res9/alpha1.0/seed42/checkpoints/training_state.pt
---------------------------- ROUND 13/50 START ----------------------------                                                                                 
Selected clients: [8, 0, 1, 5, 4, 2, 6, 9, 7, 3]                                                                                                            
  [Client 8] Starting local training...                                                                                                                     
  [Client 8] Finished training in 11.43s                                                                                                                    
  [Client 0] Starting local training...                                                                                                                     
  [Client 0] Finished training in 13.40s                                                                                                                    
  [Client 1] Starting local training...                                                                                                                     
  [Client 1] Finished training in 10.92s                                                                                                                    
  [Client 5] Starting local training...                                                                                                                     
  [Client 5] Finished training in 11.38s                                                                                                                    
  [Client 4] Starting local training...                                                                                                                     
  [Client 4] Finished training in 25.95s                                                                                                                    
  [Client 2] Starting local training...                                                                                                                     
  [Client 2] Finished training in 12.86s                                                                                                                    
  [Client 6] Starting local training...                                                                                                                     
  [Client 6] Finished training in 16.84s                                                                                                                    
  [Client 9] Starting local training...                                                                                                                     
  [Client 9] Finished training in 10.59s                                                                                                                    
  [Client 7] Starting local training...                                                                                                                     
  [Client 7] Finished training in 10.58s                                                                                                                    
  [Client 3] Starting local training...                                                                                                                     
  [Client 3] Finished training in 11.67s                                                                                                                    
  Starting weight aggregation...                                                                                                                            
  Aggregation completed in 0.19s                                                                                                                            
ROUND 13 FINISHED in 136.54s (Avg: 138.38s)                                                                                                                 
  [Resume] Saved training checkpoint after round 13 → /home/luis.mendezl/Thesis/logs/runs/cifar10/fedprox/res9/alpha1.0/seed42/checkpoints/training_state.pt
---------------------------- ROUND 14/50 START ----------------------------                                                                                 
Selected clients: [2, 7, 0, 5, 6, 9, 1, 4, 8, 3]                                                                                                            
  [Client 2] Starting local training...                                                                                                                     
  [Client 2] Finished training in 14.17s                                                                                                                    
  [Client 7] Starting local training...                                                                                                                     
  [Client 7] Finished training in 18.54s                                                                                                                    
  [Client 0] Starting local training...                                                                                                                     
  [Client 0] Finished training in 15.60s                                                                                                                    
  [Client 5] Starting local training...                                                                                                                     
  [Client 5] Finished training in 9.21s                                                                                                                     
  [Client 6] Starting local training...                                                                                                                     
  [Client 6] Finished training in 15.00s                                                                                                                    
  [Client 9] Starting local training...                                                                                                                     
  [Client 9] Finished training in 10.63s                                                                                                                    
  [Client 1] Starting local training...                                                                                                                     
  [Client 1] Finished training in 13.75s                                                                                                                    
  [Client 4] Starting local training...                                                                                                                     
  [Client 4] Finished training in 25.61s                                                                                                                    
  [Client 8] Starting local training...                                                                                                                     
  [Client 8] Finished training in 11.90s                                                                                                                    
  [Client 3] Starting local training...                                                                                                                     
  [Client 3] Finished training in 11.77s                                                                                                                    
  Starting weight aggregation...                                                                                                                            
  Aggregation completed in 0.22s                                                                                                                            
ROUND 14 FINISHED in 147.05s (Avg: 139.00s)                                                                                                                 
  [Resume] Saved training checkpoint after round 14 → /home/luis.mendezl/Thesis/logs/runs/cifar10/fedprox/res9/alpha1.0/seed42/checkpoints/training_state.pt
---------------------------- ROUND 15/50 START ----------------------------                                                                                 
Selected clients: [8, 3, 2, 7, 1, 4, 0, 6, 5, 9]                                                                                                            
  [Client 8] Starting local training...                                                                                                                     
  [Client 8] Finished training in 12.56s                                                                                                                    
  [Client 3] Starting local training...                                                                                                                     
  [Client 3] Finished training in 11.68s                                                                                                                    
  [Client 2] Starting local training...                                                                                                                     
  [Client 2] Finished training in 26.32s                                                                                                                    
  [Client 7] Starting local training...                                                                                                                     
  [Client 7] Finished training in 66.17s                                                                                                                    
  [Client 1] Starting local training...                                                                                                                     
  [Client 1] Finished training in 13.09s                                                                                                                    
  [Client 4] Starting local training...                                                                                                                     
  [Client 4] Finished training in 19.10s                                                                                                                    
  [Client 0] Starting local training...                                                                                                                     
  [Client 0] Finished training in 14.48s                                                                                                                    
  [Client 6] Starting local training...                                                                                                                     
  [Client 6] Finished training in 19.60s                                                                                                                    
  [Client 5] Starting local training...                                                                                                                     
  [Client 5] Finished training in 15.37s                                                                                                                    
  [Client 9] Starting local training...                                                                                                                     
  [Client 9] Finished training in 11.97s                                                                                                                    
  Starting weight aggregation...                                                                                                                            
  Aggregation completed in 0.14s                                                                                                                            
ROUND 15 FINISHED in 211.14s (Avg: 143.81s)                                                                                                                 
  [Resume] Saved training checkpoint after round 15 → /home/luis.mendezl/Thesis/logs/runs/cifar10/fedprox/res9/alpha1.0/seed42/checkpoints/training_state.pt
---------------------------- ROUND 16/50 START ----------------------------                                                                                 
Selected clients: [0, 1, 5, 6, 2, 8, 9, 3, 7, 4]                                                                                                            
  [Client 0] Starting local training...                                                                                                                     
  [Client 0] Finished training in 15.66s                                                                                                                    
  [Client 1] Starting local training...                                                                                                                     
  [Client 1] Finished training in 16.16s                                                                                                                    
  [Client 5] Starting local training...                                                                                                                     
  [Client 5] Finished training in 14.65s                                                                                                                    
  [Client 6] Starting local training...                                                                                                                     
  [Client 6] Finished training in 34.75s                                                                                                                    
  [Client 2] Starting local training...                                                                                                                     
  [Client 2] Finished training in 13.93s                                                                                                                    
  [Client 8] Starting local training...                                                                                                                     
  [Client 8] Finished training in 11.26s                                                                                                                    
  [Client 9] Starting local training...                                                                                                                     
  [Client 9] Finished training in 7.85s                                                                                                                     
  [Client 3] Starting local training...                                                                                                                     
  [Client 3] Finished training in 11.50s                                                                                                                    
  [Client 7] Starting local training...                                                                                                                     
  [Client 7] Finished training in 10.45s                                                                                                                    
  [Client 4] Starting local training...                                                                                                                     
  [Client 4] Finished training in 31.75s                                                                                                                    
  Starting weight aggregation...                                                                                                                            
  Aggregation completed in 0.21s                                                                                                                            
ROUND 16 FINISHED in 168.82s (Avg: 145.37s)                                                                                                                 
  [Resume] Saved training checkpoint after round 16 → /home/luis.mendezl/Thesis/logs/runs/cifar10/fedprox/res9/alpha1.0/seed42/checkpoints/training_state.pt
---------------------------- ROUND 17/50 START ----------------------------                                                                                 
Selected clients: [7, 1, 2, 8, 5, 3, 6, 4, 9, 0]                                                                                                            
  [Client 7] Starting local training...                                                                                                                     
  [Client 7] Finished training in 10.44s                                                                                                                    
  [Client 1] Starting local training...                                                                                                                     
  [Client 1] Finished training in 11.87s                                                                                                                    
  [Client 2] Starting local training...                                                                                                                     
  [Client 2] Finished training in 14.02s                                                                                                                    
  [Client 8] Starting local training...                                                                                                                     
  [Client 8] Finished training in 10.90s                                                                                                                    
  [Client 5] Starting local training...                                                                                                                     
  [Client 5] Finished training in 15.06s                                                                                                                    
  [Client 3] Starting local training...                                                                                                                     
  [Client 3] Finished training in 11.39s                                                                                                                    
  [Client 6] Starting local training...                                                                                                                     
  [Client 6] Finished training in 18.42s                                                                                                                    
  [Client 4] Starting local training...                                                                                                                     
  [Client 4] Finished training in 19.80s                                                                                                                    
  [Client 9] Starting local training...                                                                                                                     
  [Client 9] Finished training in 10.92s                                                                                                                    
  [Client 0] Starting local training...                                                                                                                     
  [Client 0] Finished training in 14.59s                                                                                                                    
  Starting weight aggregation...                                                                                                                            
  Aggregation completed in 0.14s                                                                                                                            
ROUND 17 FINISHED in 138.22s (Avg: 144.95s)                                                                                                                 
  [Resume] Saved training checkpoint after round 17 → /home/luis.mendezl/Thesis/logs/runs/cifar10/fedprox/res9/alpha1.0/seed42/checkpoints/training_state.pt
---------------------------- ROUND 18/50 START ----------------------------                                                                                 
Selected clients: [8, 3, 4, 9, 5, 2, 6, 7, 1, 0]                                                                                                            
  [Client 8] Starting local training...                                                                                                                     
  [Client 8] Finished training in 11.52s                                                                                                                    
  [Client 3] Starting local training...                                                                                                                     
  [Client 3] Finished training in 11.69s                                                                                                                    
  [Client 4] Starting local training...                                                                                                                     
  [Client 4] Finished training in 27.09s                                                                                                                    
  [Client 9] Starting local training...                                                                                                                     
  [Client 9] Finished training in 10.92s                                                                                                                    
  [Client 5] Starting local training...                                                                                                                     
  [Client 5] Finished training in 11.62s                                                                                                                    
  [Client 2] Starting local training...                                                                                                                     
  [Client 2] Finished training in 13.48s                                                                                                                    
  [Client 6] Starting local training...                                                                                                                     
  [Client 6] Finished training in 16.37s                                                                                                                    
  [Client 7] Starting local training...                                                                                                                     
  [Client 7] Finished training in 10.69s                                                                                                                    
  [Client 1] Starting local training...                                                                                                                     
  [Client 1] Finished training in 12.46s                                                                                                                    
  [Client 0] Starting local training...                                                                                                                     
  [Client 0] Finished training in 10.40s                                                                                                                    
  Starting weight aggregation...                                                                                                                            
  Aggregation completed in 0.24s                                                                                                                            
ROUND 18 FINISHED in 137.15s (Avg: 144.52s)                                                                                                                 
  [Resume] Saved training checkpoint after round 18 → /home/luis.mendezl/Thesis/logs/runs/cifar10/fedprox/res9/alpha1.0/seed42/checkpoints/training_state.pt
---------------------------- ROUND 19/50 START ----------------------------                                                                                 
Selected clients: [3, 9, 1, 2, 0, 4, 7, 6, 5, 8]                                                                                                            
  [Client 3] Starting local training...                                                                                                                     
  [Client 3] Finished training in 11.41s                                                                                                                    
  [Client 9] Starting local training...                                                                                                                     
  [Client 9] Finished training in 11.24s                                                                                                                    
  [Client 1] Starting local training...                                                                                                                     
  [Client 1] Finished training in 13.45s                                                                                                                    
  [Client 2] Starting local training...                                                                                                                     
  [Client 2] Finished training in 13.73s                                                                                                                    
  [Client 0] Starting local training...                                                                                                                     
  [Client 0] Finished training in 14.88s                                                                                                                    
  [Client 4] Starting local training...                                                                                                                     
  [Client 4] Finished training in 25.73s                                                                                                                    
  [Client 7] Starting local training...                                                                                                                     
  [Client 7] Finished training in 11.52s                                                                                                                    
  [Client 6] Starting local training...                                                                                                                     
  [Client 6] Finished training in 17.25s                                                                                                                    
  [Client 5] Starting local training...                                                                                                                     
  [Client 5] Finished training in 15.64s                                                                                                                    
  [Client 8] Starting local training...                                                                                                                     
  [Client 8] Finished training in 9.52s                                                                                                                     
  Starting weight aggregation...                                                                                                                            
  Aggregation completed in 0.19s                                                                                                                            
ROUND 19 FINISHED in 145.23s (Avg: 144.56s)                                                                                                                 
  [Resume] Saved training checkpoint after round 19 → /home/luis.mendezl/Thesis/logs/runs/cifar10/fedprox/res9/alpha1.0/seed42/checkpoints/training_state.pt
---------------------------- ROUND 20/50 START ----------------------------                                                                                 
Selected clients: [1, 0, 3, 8, 6, 2, 5, 4, 7, 9]                                                                                                            
  [Client 1] Starting local training...                                                                                                                     
  [Client 1] Finished training in 13.58s                                                                                                                    
client [1]  (testset)   loss: 1.5145 -> 2.3378  accuracy: 43.54% -> 36.05%                                                                                  
  [Client 0] Starting local training...                                                                                                                     
  [Client 0] Finished training in 14.59s                                                                                                                    
client [0]  (testset)   loss: 1.4499 -> 1.9144  accuracy: 51.30% -> 37.01%                                                                                  
  [Client 3] Starting local training...                                                                                                                     
  [Client 3] Finished training in 11.34s                                                                                                                    
client [3]  (testset)   loss: 1.2158 -> 1.2748  accuracy: 53.17% -> 51.59%                                                                                  
  [Client 8] Starting local training...                                                                                                                     
  [Client 8] Finished training in 12.17s                                                                                                                    
client [8]  (testset)   loss: 1.3288 -> 1.6137  accuracy: 48.80% -> 44.00%                                                                                  
  [Client 6] Starting local training...                                                                                                                     
  [Client 6] Finished training in 17.68s                                                                                                                    
client [6]  (testset)   loss: 1.2909 -> 1.7154  accuracy: 53.76% -> 49.71%                                                                                  
  [Client 2] Starting local training...                                                                                                                     
  [Client 2] Finished training in 14.98s                                                                                                                    
client [2]  (testset)   loss: 1.3112 -> 1.6612  accuracy: 56.85% -> 47.26%                                                                                  
  [Client 5] Starting local training...                                                                                                                     
  [Client 5] Finished training in 11.92s                                                                                                                    
client [5]  (testset)   loss: 1.2847 -> 1.3879  accuracy: 56.10% -> 53.66%                                                                                  
  [Client 4] Starting local training...                                                                                                                     
  [Client 4] Finished training in 26.73s                                                                                                                    
client [4]  (testset)   loss: 1.4244 -> 1.8678  accuracy: 48.71% -> 45.76%                                                                                  
  [Client 7] Starting local training...                                                                                                                     
  [Client 7] Finished training in 10.44s                                                                                                                    
client [7]  (testset)   loss: 1.5998 -> 1.8172  accuracy: 46.15% -> 41.88%                                                                                  
  [Client 9] Starting local training...                                                                                                                     
  [Client 9] Finished training in 10.51s                                                                                                                    
client [9]  (testset)   loss: 1.4734 -> 1.4650  accuracy: 51.30% -> 52.17%                                                                                  
  [CKA] Saved checkpoints for round 20 (10 clients) → /home/luis.mendezl/Thesis/logs/runs/cifar10/fedprox/res9/alpha1.0/seed42/checkpoints/round_0020       
  Starting weight aggregation...                                                                                                                            
  Aggregation completed in 0.21s                                                                                                                            
ROUND 20 FINISHED in 147.75s (Avg: 144.72s)                                                                                                                 
  [Resume] Saved training checkpoint after round 20 → /home/luis.mendezl/Thesis/logs/runs/cifar10/fedprox/res9/alpha1.0/seed42/checkpoints/training_state.pt
---------------------------- ROUND 21/50 START ----------------------------                                                                                 
Selected clients: [7, 3, 2, 5, 4, 6, 8, 0, 1, 9]                                                                                                            
  [Client 7] Starting local training...                                                                                                                     
  [Client 7] Finished training in 9.10s                                                                                                                     
  [Client 3] Starting local training...                                                                                                                     
  [Client 3] Finished training in 11.55s                                                                                                                    
  [Client 2] Starting local training...                                                                                                                     
  [Client 2] Finished training in 14.43s                                                                                                                    
  [Client 5] Starting local training...                                                                                                                     
  [Client 5] Finished training in 11.66s                                                                                                                    
  [Client 4] Starting local training...                                                                                                                     
  [Client 4] Finished training in 25.51s                                                                                                                    
  [Client 6] Starting local training...                                                                                                                     
  [Client 6] Finished training in 16.97s                                                                                                                    
  [Client 8] Starting local training...                                                                                                                     
  [Client 8] Finished training in 11.50s                                                                                                                    
  [Client 0] Starting local training...                                                                                                                     
  [Client 0] Finished training in 14.50s                                                                                                                    
  [Client 1] Starting local training...                                                                                                                     
  [Client 1] Finished training in 13.19s                                                                                                                    
  [Client 9] Starting local training...                                                                                                                     
  [Client 9] Finished training in 10.44s                                                                                                                    
  Starting weight aggregation...                                                                                                                            
  Aggregation completed in 0.24s                                                                                                                            
ROUND 21 FINISHED in 139.83s (Avg: 144.48s)                                                                                                                 
  [Resume] Saved training checkpoint after round 21 → /home/luis.mendezl/Thesis/logs/runs/cifar10/fedprox/res9/alpha1.0/seed42/checkpoints/training_state.pt
---------------------------- ROUND 22/50 START ----------------------------                                                                                 
Selected clients: [3, 1, 8, 5, 9, 2, 6, 7, 4, 0]                                                                                                            
  [Client 3] Starting local training...                                                                                                                     
  [Client 3] Finished training in 11.19s                                                                                                                    
  [Client 1] Starting local training...                                                                                                                     
  [Client 1] Finished training in 10.18s                                                                                                                    
  [Client 8] Starting local training...                                                                                                                     
  [Client 8] Finished training in 11.33s                                                                                                                    
  [Client 5] Starting local training...                                                                                                                     
  [Client 5] Finished training in 11.36s                                                                                                                    
  [Client 9] Starting local training...                                                                                                                     
  [Client 9] Finished training in 10.33s                                                                                                                    
  [Client 2] Starting local training...                                                                                                                     
  [Client 2] Finished training in 13.56s                                                                                                                    
  [Client 6] Starting local training...                                                                                                                     
  [Client 6] Finished training in 16.37s                                                                                                                    
  [Client 7] Starting local training...                                                                                                                     
  [Client 7] Finished training in 10.47s                                                                                                                    
  [Client 4] Starting local training...                                                                                                                     
  [Client 4] Finished training in 25.93s                                                                                                                    
  [Client 0] Starting local training...                                                                                                                     
  [Client 0] Finished training in 14.98s                                                                                                                    
  Starting weight aggregation...                                                                                                                            
  Aggregation completed in 0.25s                                                                                                                            
ROUND 22 FINISHED in 136.62s (Avg: 144.13s)                                                                                                                 
  [Resume] Saved training checkpoint after round 22 → /home/luis.mendezl/Thesis/logs/runs/cifar10/fedprox/res9/alpha1.0/seed42/checkpoints/training_state.pt
---------------------------- ROUND 23/50 START ----------------------------                                                                                 
Selected clients: [1, 0, 6, 5, 2, 8, 9, 4, 7, 3]                                                                                                            
  [Client 1] Starting local training...                                                                                                                     
  [Client 1] Finished training in 13.37s                                                                                                                    
  [Client 0] Starting local training...                                                                                                                     
  [Client 0] Finished training in 15.48s                                                                                                                    
  [Client 6] Starting local training...                                                                                                                     
  [Client 6] Finished training in 12.07s                                                                                                                    
  [Client 5] Starting local training...                                                                                                                     
  [Client 5] Finished training in 11.52s                                                                                                                    
  [Client 2] Starting local training...                                                                                                                     
  [Client 2] Finished training in 13.11s                                                                                                                    
  [Client 8] Starting local training...                                                                                                                     
  [Client 8] Finished training in 11.64s                                                                                                                    
  [Client 9] Starting local training...                                                                                                                     
  [Client 9] Finished training in 11.64s                                                                                                                    
  [Client 4] Starting local training...                                                                                                                     
  [Client 4] Finished training in 25.34s                                                                                                                    
  [Client 7] Starting local training...                                                                                                                     
  [Client 7] Finished training in 10.76s                                                                                                                    
  [Client 3] Starting local training...                                                                                                                     
  [Client 3] Finished training in 11.87s                                                                                                                    
  Starting weight aggregation...                                                                                                                            
  Aggregation completed in 0.18s                                                                                                                            
ROUND 23 FINISHED in 137.74s (Avg: 143.85s)                                                                                                                 
  [Resume] Saved training checkpoint after round 23 → /home/luis.mendezl/Thesis/logs/runs/cifar10/fedprox/res9/alpha1.0/seed42/checkpoints/training_state.pt
---------------------------- ROUND 24/50 START ----------------------------                                                                                 
Selected clients: [2, 6, 9, 7, 3, 1, 0, 4, 5, 8]                                                                                                            
  [Client 2] Starting local training...                                                                                                                     
  [Client 2] Finished training in 13.30s                                                                                                                    
  [Client 6] Starting local training...                                                                                                                     
  [Client 6] Finished training in 16.52s                                                                                                                    
  [Client 9] Starting local training...                                                                                                                     
  [Client 9] Finished training in 10.54s                                                                                                                    
  [Client 7] Starting local training...                                                                                                                     
  [Client 7] Finished training in 10.58s                                                                                                                    
  [Client 3] Starting local training...                                                                                                                     
  [Client 3] Finished training in 9.02s                                                                                                                     
  [Client 1] Starting local training...                                                                                                                     
  [Client 1] Finished training in 11.40s                                                                                                                    
  [Client 0] Starting local training...                                                                                                                     
  [Client 0] Finished training in 14.77s                                                                                                                    
  [Client 4] Starting local training...                                                                                                                     
  [Client 4] Finished training in 25.23s                                                                                                                    
  [Client 5] Starting local training...                                                                                                                     
  [Client 5] Finished training in 11.45s                                                                                                                    
  [Client 8] Starting local training...                                                                                                                     
  [Client 8] Finished training in 11.87s                                                                                                                    
  Starting weight aggregation...                                                                                                                            
  Aggregation completed in 0.25s                                                                                                                            
ROUND 24 FINISHED in 135.59s (Avg: 143.50s)                                                                                                                 
  [Resume] Saved training checkpoint after round 24 → /home/luis.mendezl/Thesis/logs/runs/cifar10/fedprox/res9/alpha1.0/seed42/checkpoints/training_state.pt
---------------------------- ROUND 25/50 START ----------------------------                                                                                 
Selected clients: [8, 0, 1, 6, 7, 5, 3, 4, 2, 9]                                                                                                            
  [Client 8] Starting local training...                                                                                                                     
  [Client 8] Finished training in 12.47s                                                                                                                    
  [Client 0] Starting local training...                                                                                                                     
  [Client 0] Finished training in 14.15s                                                                                                                    
  [Client 1] Starting local training...                                                                                                                     
  [Client 1] Finished training in 14.22s                                                                                                                    
  [Client 6] Starting local training...                                                                                                                     
  [Client 6] Finished training in 16.37s                                                                                                                    
  [Client 7] Starting local training...                                                                                                                     
  [Client 7] Finished training in 10.58s                                                                                                                    
  [Client 5] Starting local training...                                                                                                                     
  [Client 5] Finished training in 10.67s                                                                                                                    
  [Client 3] Starting local training...                                                                                                                     
  [Client 3] Finished training in 8.58s                                                                                                                     
  [Client 4] Starting local training...                                                                                                                     
  [Client 4] Finished training in 26.07s                                                                                                                    
  [Client 2] Starting local training...                                                                                                                     
  [Client 2] Finished training in 13.69s                                                                                                                    
  [Client 9] Starting local training...                                                                                                                     
  [Client 9] Finished training in 10.59s                                                                                                                    
  Starting weight aggregation...                                                                                                                            
  Aggregation completed in 0.19s                                                                                                                            
ROUND 25 FINISHED in 138.24s (Avg: 143.29s)                                                                                                                 
  [Resume] Saved training checkpoint after round 25 → /home/luis.mendezl/Thesis/logs/runs/cifar10/fedprox/res9/alpha1.0/seed42/checkpoints/training_state.pt
---------------------------- ROUND 26/50 START ----------------------------                                                                                 
Selected clients: [6, 0, 2, 3, 8, 9, 7, 1, 4, 5]                                                                                                            
  [Client 6] Starting local training...                                                                                                                     
  [Client 6] Finished training in 17.10s                                                                                                                    
  [Client 0] Starting local training...                                                                                                                     
  [Client 0] Finished training in 14.91s                                                                                                                    
  [Client 2] Starting local training...                                                                                                                     
  [Client 2] Finished training in 13.64s                                                                                                                    
  [Client 3] Starting local training...                                                                                                                     
  [Client 3] Finished training in 12.42s                                                                                                                    
  [Client 8] Starting local training...                                                                                                                     
  [Client 8] Finished training in 11.85s                                                                                                                    
  [Client 9] Starting local training...                                                                                                                     
  [Client 9] Finished training in 10.97s                                                                                                                    
  [Client 7] Starting local training...                                                                                                                     
  [Client 7] Finished training in 10.66s                                                                                                                    
  [Client 1] Starting local training...                                                                                                                     
  [Client 1] Finished training in 10.59s                                                                                                                    
  [Client 4] Starting local training...                                                                                                                     
  [Client 4] Finished training in 20.94s                                                                                                                    
  [Client 5] Starting local training...                                                                                                                     
  [Client 5] Finished training in 11.68s                                                                                                                    
  Starting weight aggregation...                                                                                                                            
  Aggregation completed in 0.14s                                                                                                                            
ROUND 26 FINISHED in 135.55s (Avg: 142.99s)                                                                                                                 
  [Resume] Saved training checkpoint after round 26 → /home/luis.mendezl/Thesis/logs/runs/cifar10/fedprox/res9/alpha1.0/seed42/checkpoints/training_state.pt
---------------------------- ROUND 27/50 START ----------------------------                                                                                 
Selected clients: [8, 7, 2, 1, 9, 6, 0, 5, 3, 4]                                                                                                            
  [Client 8] Starting local training...                                                                                                                     
  [Client 8] Finished training in 11.57s                                                                                                                    
  [Client 7] Starting local training...                                                                                                                     
  [Client 7] Finished training in 11.06s                                                                                                                    
  [Client 2] Starting local training...                                                                                                                     
  [Client 2] Finished training in 14.48s                                                                                                                    
  [Client 1] Starting local training...                                                                                                                     
  [Client 1] Finished training in 14.02s                                                                                                                    
  [Client 9] Starting local training...                                                                                                                     
  [Client 9] Finished training in 10.72s                                                                                                                    
  [Client 6] Starting local training...                                                                                                                     
  [Client 6] Finished training in 16.48s                                                                                                                    
  [Client 0] Starting local training...                                                                                                                     
  [Client 0] Finished training in 14.78s                                                                                                                    
  [Client 5] Starting local training...                                                                                                                     
  [Client 5] Finished training in 12.17s                                                                                                                    
  [Client 3] Starting local training...                                                                                                                     
  [Client 3] Finished training in 11.56s                                                                                                                    
  [Client 4] Starting local training...                                                                                                                     
  [Client 4] Finished training in 19.75s                                                                                                                    
  Starting weight aggregation...                                                                                                                            
  Aggregation completed in 0.25s                                                                                                                            
ROUND 27 FINISHED in 137.50s (Avg: 142.79s)                                                                                                                 
  [Resume] Saved training checkpoint after round 27 → /home/luis.mendezl/Thesis/logs/runs/cifar10/fedprox/res9/alpha1.0/seed42/checkpoints/training_state.pt
---------------------------- ROUND 28/50 START ----------------------------                                                                                 
Selected clients: [0, 9, 7, 4, 6, 1, 8, 2, 3, 5]                                                                                                            
  [Client 0] Starting local training...                                                                                                                     
  [Client 0] Finished training in 14.75s                                                                                                                    
  [Client 9] Starting local training...                                                                                                                     
  [Client 9] Finished training in 10.66s                                                                                                                    
  [Client 7] Starting local training...                                                                                                                     
  [Client 7] Finished training in 10.91s                                                                                                                    
  [Client 4] Starting local training...                                                                                                                     
  [Client 4] Finished training in 25.72s                                                                                                                    
  [Client 6] Starting local training...                                                                                                                     
  [Client 6] Finished training in 16.93s                                                                                                                    
  [Client 1] Starting local training...                                                                                                                     
  [Client 1] Finished training in 13.46s                                                                                                                    
  [Client 8] Starting local training...                                                                                                                     
  [Client 8] Finished training in 11.84s                                                                                                                    
  [Client 2] Starting local training...                                                                                                                     
  [Client 2] Finished training in 14.86s                                                                                                                    
  [Client 3] Starting local training...                                                                                                                     
  [Client 3] Finished training in 11.87s                                                                                                                    
  [Client 5] Starting local training...                                                                                                                     
  [Client 5] Finished training in 11.81s                                                                                                                    
  Starting weight aggregation...                                                                                                                            
  Aggregation completed in 0.18s                                                                                                                            
ROUND 28 FINISHED in 143.77s (Avg: 142.83s)                                                                                                                 
  [Resume] Saved training checkpoint after round 28 → /home/luis.mendezl/Thesis/logs/runs/cifar10/fedprox/res9/alpha1.0/seed42/checkpoints/training_state.pt
---------------------------- ROUND 29/50 START ----------------------------                                                                                 
Selected clients: [1, 9, 3, 7, 0, 4, 8, 2, 5, 6]                                                                                                            
  [Client 1] Starting local training...                                                                                                                     
  [Client 1] Finished training in 14.35s                                                                                                                    
  [Client 9] Starting local training...                                                                                                                     
  [Client 9] Finished training in 10.92s                                                                                                                    
  [Client 3] Starting local training...                                                                                                                     
  [Client 3] Finished training in 11.69s                                                                                                                    
  [Client 7] Starting local training...                                                                                                                     
  [Client 7] Finished training in 11.27s                                                                                                                    
  [Client 0] Starting local training...                                                                                                                     
  [Client 0] Finished training in 14.46s                                                                                                                    
  [Client 4] Starting local training...                                                                                                                     
  [Client 4] Finished training in 25.37s                                                                                                                    
  [Client 8] Starting local training...                                                                                                                     
  [Client 8] Finished training in 12.94s                                                                                                                    
  [Client 2] Starting local training...                                                                                                                     
  [Client 2] Finished training in 13.67s                                                                                                                    
  [Client 5] Starting local training...                                                                                                                     
  [Client 5] Finished training in 12.76s                                                                                                                    
  [Client 6] Starting local training...                                                                                                                     
  [Client 6] Finished training in 17.18s                                                                                                                    
  Starting weight aggregation...                                                                                                                            
  Aggregation completed in 0.24s                                                                                                                            
ROUND 29 FINISHED in 145.59s (Avg: 142.92s)                                                                                                                 
  [Resume] Saved training checkpoint after round 29 → /home/luis.mendezl/Thesis/logs/runs/cifar10/fedprox/res9/alpha1.0/seed42/checkpoints/training_state.pt
---------------------------- ROUND 30/50 START ----------------------------                                                                                 
Selected clients: [6, 8, 5, 2, 1, 9, 7, 3, 4, 0]                                                                                                            
  [Client 6] Starting local training...                                                                                                                     
  [Client 6] Finished training in 12.06s                                                                                                                    
client [6]  (testset)   loss: 1.1063 -> 1.5107  accuracy: 63.58% -> 49.71%                                                                                  
  [Client 8] Starting local training...                                                                                                                     
  [Client 8] Finished training in 12.26s                                                                                                                    
client [8]  (testset)   loss: 1.2115 -> 1.6588  accuracy: 48.80% -> 44.80%                                                                                  
  [Client 5] Starting local training...                                                                                                                     
  [Client 5] Finished training in 11.73s                                                                                                                    
client [5]  (testset)   loss: 1.2532 -> 1.2157  accuracy: 59.35% -> 59.35%                                                                                  
  [Client 2] Starting local training...                                                                                                                     
  [Client 2] Finished training in 13.02s                                                                                                                    
client [2]  (testset)   loss: 1.1676 -> 1.4301  accuracy: 63.01% -> 52.74%                                                                                  
  [Client 1] Starting local training...                                                                                                                     
  [Client 1] Finished training in 13.26s                                                                                                                    
client [1]  (testset)   loss: 1.2013 -> 1.5626  accuracy: 56.46% -> 55.10%                                                                                  
  [Client 9] Starting local training...                                                                                                                     
  [Client 9] Finished training in 11.08s                                                                                                                    
client [9]  (testset)   loss: 1.3142 -> 1.6642  accuracy: 57.39% -> 54.78%                                                                                  
  [Client 7] Starting local training...                                                                                                                     
  [Client 7] Finished training in 10.83s                                                                                                                    
client [7]  (testset)   loss: 1.4464 -> 1.9758  accuracy: 47.86% -> 43.59%                                                                                  
  [Client 3] Starting local training...                                                                                                                     
  [Client 3] Finished training in 11.84s                                                                                                                    
client [3]  (testset)   loss: 1.0129 -> 1.4009  accuracy: 66.67% -> 55.56%                                                                                  
  [Client 4] Starting local training...                                                                                                                     
  [Client 4] Finished training in 25.66s                                                                                                                    
client [4]  (testset)   loss: 1.1602 -> 1.2874  accuracy: 62.73% -> 62.36%                                                                                  
  [Client 0] Starting local training...                                                                                                                     
  [Client 0] Finished training in 15.81s                                                                                                                    
client [0]  (testset)   loss: 1.3673 -> 1.6376  accuracy: 55.19% -> 44.16%                                                                                  
  [CKA] Saved checkpoints for round 30 (10 clients) → /home/luis.mendezl/Thesis/logs/runs/cifar10/fedprox/res9/alpha1.0/seed42/checkpoints/round_0030       
  Starting weight aggregation...                                                                                                                            
  Aggregation completed in 0.17s                                                                                                                            
ROUND 30 FINISHED in 142.91s (Avg: 142.92s)                                                                                                                 
  [Resume] Saved training checkpoint after round 30 → /home/luis.mendezl/Thesis/logs/runs/cifar10/fedprox/res9/alpha1.0/seed42/checkpoints/training_state.pt
---------------------------- ROUND 31/50 START ----------------------------                                                                                 
Selected clients: [4, 7, 5, 6, 0, 8, 3, 2, 9, 1]                                                                                                            
  [Client 4] Starting local training...                                                                                                                     
  [Client 4] Finished training in 22.94s                                                                                                                    
  [Client 7] Starting local training...                                                                                                                     
  [Client 7] Finished training in 8.25s                                                                                                                     
  [Client 5] Starting local training...                                                                                                                     
  [Client 5] Finished training in 11.40s                                                                                                                    
  [Client 6] Starting local training...                                                                                                                     
  [Client 6] Finished training in 16.82s                                                                                                                    
  [Client 0] Starting local training...                                                                                                                     
  [Client 0] Finished training in 15.37s                                                                                                                    
  [Client 8] Starting local training...                                                                                                                     
  [Client 8] Finished training in 11.95s                                                                                                                    
  [Client 3] Starting local training...                                                                                                                     
  [Client 3] Finished training in 11.52s                                                                                                                    
  [Client 2] Starting local training...                                                                                                                     
  [Client 2] Finished training in 12.97s                                                                                                                    
  [Client 9] Starting local training...                                                                                                                     
  [Client 9] Finished training in 10.36s                                                                                                                    
  [Client 1] Starting local training...                                                                                                                     
  [Client 1] Finished training in 13.47s                                                                                                                    
  Starting weight aggregation...                                                                                                                            
  Aggregation completed in 0.26s                                                                                                                            
ROUND 31 FINISHED in 135.96s (Avg: 142.70s)                                                                                                                 
  [Resume] Saved training checkpoint after round 31 → /home/luis.mendezl/Thesis/logs/runs/cifar10/fedprox/res9/alpha1.0/seed42/checkpoints/training_state.pt
---------------------------- ROUND 32/50 START ----------------------------                                                                                 
Selected clients: [8, 3, 4, 1, 2, 0, 6, 9, 5, 7]                                                                                                            
  [Client 8] Starting local training...                                                                                                                     
  [Client 8] Finished training in 11.58s                                                                                                                    
  [Client 3] Starting local training...                                                                                                                     
  [Client 3] Finished training in 12.01s                                                                                                                    
  [Client 4] Starting local training...                                                                                                                     
  [Client 4] Finished training in 22.58s                                                                                                                    
  [Client 1] Starting local training...                                                                                                                     
  [Client 1] Finished training in 12.44s                                                                                                                    
  [Client 2] Starting local training...                                                                                                                     
  [Client 2] Finished training in 13.70s                                                                                                                    
  [Client 0] Starting local training...                                                                                                                     
  [Client 0] Finished training in 14.85s                                                                                                                    
  [Client 6] Starting local training...                                                                                                                     
  [Client 6] Finished training in 16.72s                                                                                                                    
  [Client 9] Starting local training...                                                                                                                     
  [Client 9] Finished training in 10.86s                                                                                                                    
  [Client 5] Starting local training...                                                                                                                     
  [Client 5] Finished training in 11.30s                                                                                                                    
  [Client 7] Starting local training...                                                                                                                     
  [Client 7] Finished training in 10.40s                                                                                                                    
  Starting weight aggregation...                                                                                                                            
  Aggregation completed in 0.14s                                                                                                                            
ROUND 32 FINISHED in 137.23s (Avg: 142.53s)                                                                                                                 
  [Resume] Saved training checkpoint after round 32 → /home/luis.mendezl/Thesis/logs/runs/cifar10/fedprox/res9/alpha1.0/seed42/checkpoints/training_state.pt
---------------------------- ROUND 33/50 START ----------------------------                                                                                 
Selected clients: [7, 8, 4, 9, 5, 6, 0, 2, 1, 3]                                                                                                            
  [Client 7] Starting local training...                                                                                                                     
  [Client 7] Finished training in 10.75s                                                                                                                    
  [Client 8] Starting local training...                                                                                                                     
  [Client 8] Finished training in 11.90s                                                                                                                    
  [Client 4] Starting local training...                                                                                                                     
  [Client 4] Finished training in 26.86s                                                                                                                    
  [Client 9] Starting local training...                                                                                                                     
  [Client 9] Finished training in 11.17s                                                                                                                    
  [Client 5] Starting local training...                                                                                                                     
  [Client 5] Finished training in 9.10s                                                                                                                     
  [Client 6] Starting local training...                                                                                                                     
  [Client 6] Finished training in 13.11s                                                                                                                    
  [Client 0] Starting local training...                                                                                                                     
  [Client 0] Finished training in 14.26s                                                                                                                    
  [Client 2] Starting local training...                                                                                                                     
  [Client 2] Finished training in 13.75s                                                                                                                    
  [Client 1] Starting local training...                                                                                                                     
  [Client 1] Finished training in 13.55s                                                                                                                    
  [Client 3] Starting local training...                                                                                                                     
  [Client 3] Finished training in 11.47s                                                                                                                    
  Starting weight aggregation...                                                                                                                            
  Aggregation completed in 0.14s                                                                                                                            
ROUND 33 FINISHED in 136.72s (Avg: 142.35s)                                                                                                                 
  [Resume] Saved training checkpoint after round 33 → /home/luis.mendezl/Thesis/logs/runs/cifar10/fedprox/res9/alpha1.0/seed42/checkpoints/training_state.pt
---------------------------- ROUND 34/50 START ----------------------------                                                                                 
Selected clients: [2, 4, 1, 0, 5, 8, 7, 3, 9, 6]                                                                                                            
  [Client 2] Starting local training...                                                                                                                     
  [Client 2] Finished training in 13.81s                                                                                                                    
  [Client 4] Starting local training...                                                                                                                     
  [Client 4] Finished training in 25.78s                                                                                                                    
  [Client 1] Starting local training...                                                                                                                     
  [Client 1] Finished training in 13.90s                                                                                                                    
  [Client 0] Starting local training...                                                                                                                     
  [Client 0] Finished training in 15.03s                                                                                                                    
  [Client 5] Starting local training...                                                                                                                     
  [Client 5] Finished training in 12.60s                                                                                                                    
  [Client 8] Starting local training...                                                                                                                     
  [Client 8] Finished training in 9.82s                                                                                                                     
  [Client 7] Starting local training...                                                                                                                     
  [Client 7] Finished training in 7.74s                                                                                                                     
  [Client 3] Starting local training...                                                                                                                     
  [Client 3] Finished training in 12.15s                                                                                                                    
  [Client 9] Starting local training...                                                                                                                     
  [Client 9] Finished training in 10.54s                                                                                                                    
  [Client 6] Starting local training...                                                                                                                     
  [Client 6] Finished training in 16.43s                                                                                                                    
  Starting weight aggregation...                                                                                                                            
  Aggregation completed in 0.21s                                                                                                                            
ROUND 34 FINISHED in 138.69s (Avg: 142.24s)                                                                                                                 
  [Resume] Saved training checkpoint after round 34 → /home/luis.mendezl/Thesis/logs/runs/cifar10/fedprox/res9/alpha1.0/seed42/checkpoints/training_state.pt
---------------------------- ROUND 35/50 START ----------------------------                                                                                 
Selected clients: [5, 3, 4, 7, 8, 2, 0, 9, 1, 6]                                                                                                            
  [Client 5] Starting local training...                                                                                                                     
  [Client 5] Finished training in 11.75s                                                                                                                    
  [Client 3] Starting local training...                                                                                                                     
  [Client 3] Finished training in 12.45s                                                                                                                    
  [Client 4] Starting local training...                                                                                                                     
  [Client 4] Finished training in 25.71s                                                                                                                    
  [Client 7] Starting local training...                                                                                                                     
  [Client 7] Finished training in 10.32s                                                                                                                    
  [Client 8] Starting local training...                                                                                                                     
  [Client 8] Finished training in 11.99s                                                                                                                    
  [Client 2] Starting local training...                                                                                                                     
  [Client 2] Finished training in 13.53s                                                                                                                    
  [Client 0] Starting local training...                                                                                                                     
  [Client 0] Finished training in 14.11s                                                                                                                    
  [Client 9] Starting local training...                                                                                                                     
  [Client 9] Finished training in 9.31s                                                                                                                     
  [Client 1] Starting local training...                                                                                                                     
  [Client 1] Finished training in 10.96s                                                                                                                    
  [Client 6] Starting local training...                                                                                                                     
  [Client 6] Finished training in 16.53s                                                                                                                    
  Starting weight aggregation...                                                                                                                            
  Aggregation completed in 0.27s                                                                                                                            
ROUND 35 FINISHED in 137.59s (Avg: 142.11s)                                                                                                                 
  [Resume] Saved training checkpoint after round 35 → /home/luis.mendezl/Thesis/logs/runs/cifar10/fedprox/res9/alpha1.0/seed42/checkpoints/training_state.pt
---------------------------- ROUND 36/50 START ----------------------------                                                                                 
Selected clients: [0, 9, 5, 6, 1, 2, 7, 4, 3, 8]                                                                                                            
  [Client 0] Starting local training...                                                                                                                     
  [Client 0] Finished training in 14.51s                                                                                                                    
  [Client 9] Starting local training...                                                                                                                     
  [Client 9] Finished training in 10.79s                                                                                                                    
  [Client 5] Starting local training...                                                                                                                     
  [Client 5] Finished training in 11.92s                                                                                                                    
  [Client 6] Starting local training...                                                                                                                     
  [Client 6] Finished training in 17.83s                                                                                                                    
  [Client 1] Starting local training...                                                                                                                     
  [Client 1] Finished training in 13.48s                                                                                                                    
  [Client 2] Starting local training...                                                                                                                     
  [Client 2] Finished training in 13.49s                                                                                                                    
  [Client 7] Starting local training...                                                                                                                     
  [Client 7] Finished training in 10.58s                                                                                                                    
  [Client 4] Starting local training...                                                                                                                     
  [Client 4] Finished training in 25.65s                                                                                                                    
  [Client 3] Starting local training...                                                                                                                     
  [Client 3] Finished training in 10.75s                                                                                                                    
  [Client 8] Starting local training...                                                                                                                     
  [Client 8] Finished training in 8.87s                                                                                                                     
  Starting weight aggregation...                                                                                                                            
  Aggregation completed in 0.23s                                                                                                                            
ROUND 36 FINISHED in 138.85s (Avg: 142.02s)                                                                                                                 
  [Resume] Saved training checkpoint after round 36 → /home/luis.mendezl/Thesis/logs/runs/cifar10/fedprox/res9/alpha1.0/seed42/checkpoints/training_state.pt
---------------------------- ROUND 37/50 START ----------------------------                                                                                 
Selected clients: [8, 0, 1, 9, 5, 7, 6, 4, 3, 2]                                                                                                            
  [Client 8] Starting local training...                                                                                                                     
  [Client 8] Finished training in 11.58s                                                                                                                    
  [Client 0] Starting local training...                                                                                                                     
  [Client 0] Finished training in 14.21s                                                                                                                    
  [Client 1] Starting local training...                                                                                                                     
  [Client 1] Finished training in 13.88s                                                                                                                    
  [Client 9] Starting local training...                                                                                                                     
  [Client 9] Finished training in 10.35s                                                                                                                    
  [Client 5] Starting local training...                                                                                                                     
  [Client 5] Finished training in 11.32s                                                                                                                    
  [Client 7] Starting local training...                                                                                                                     
  [Client 7] Finished training in 10.66s                                                                                                                    
  [Client 6] Starting local training...                                                                                                                     
  [Client 6] Finished training in 16.65s                                                                                                                    
  [Client 4] Starting local training...                                                                                                                     
  [Client 4] Finished training in 26.01s                                                                                                                    
  [Client 3] Starting local training...                                                                                                                     
  [Client 3] Finished training in 12.51s                                                                                                                    
  [Client 2] Starting local training...                                                                                                                     
  [Client 2] Finished training in 13.62s                                                                                                                    
  Starting weight aggregation...                                                                                                                            
  Aggregation completed in 0.24s                                                                                                                            
ROUND 37 FINISHED in 141.78s (Avg: 142.01s)                                                                                                                 
  [Resume] Saved training checkpoint after round 37 → /home/luis.mendezl/Thesis/logs/runs/cifar10/fedprox/res9/alpha1.0/seed42/checkpoints/training_state.pt
---------------------------- ROUND 38/50 START ----------------------------                                                                                 
Selected clients: [2, 0, 4, 9, 8, 6, 1, 7, 5, 3]                                                                                                            
  [Client 2] Starting local training...                                                                                                                     
  [Client 2] Finished training in 10.21s                                                                                                                    
  [Client 0] Starting local training...                                                                                                                     
  [Client 0] Finished training in 17.58s                                                                                                                    
  [Client 4] Starting local training...                                                                                                                     
  [Client 4] Finished training in 25.74s                                                                                                                    
  [Client 9] Starting local training...                                                                                                                     
  [Client 9] Finished training in 12.47s                                                                                                                    
  [Client 8] Starting local training...                                                                                                                     
  [Client 8] Finished training in 12.13s                                                                                                                    
  [Client 6] Starting local training...                                                                                                                     
  [Client 6] Finished training in 16.66s                                                                                                                    
  [Client 1] Starting local training...                                                                                                                     
  [Client 1] Finished training in 13.28s                                                                                                                    
  [Client 7] Starting local training...                                                                                                                     
  [Client 7] Finished training in 10.47s                                                                                                                    
  [Client 5] Starting local training...                                                                                                                     
  [Client 5] Finished training in 11.45s                                                                                                                    
  [Client 3] Starting local training...                                                                                                                     
  [Client 3] Finished training in 11.88s                                                                                                                    
  Starting weight aggregation...                                                                                                                            
  Aggregation completed in 0.23s                                                                                                                            
ROUND 38 FINISHED in 142.75s (Avg: 142.03s)                                                                                                                 
  [Resume] Saved training checkpoint after round 38 → /home/luis.mendezl/Thesis/logs/runs/cifar10/fedprox/res9/alpha1.0/seed42/checkpoints/training_state.pt
---------------------------- ROUND 39/50 START ----------------------------                                                                                 
Selected clients: [5, 8, 6, 4, 9, 1, 7, 0, 2, 3]                                                                                                            
  [Client 5] Starting local training...                                                                                                                     
  [Client 5] Finished training in 10.73s                                                                                                                    
  [Client 8] Starting local training...                                                                                                                     
  [Client 8] Finished training in 8.10s                                                                                                                     
  [Client 6] Starting local training...                                                                                                                     
  [Client 6] Finished training in 16.44s                                                                                                                    
  [Client 4] Starting local training...                                                                                                                     
  [Client 4] Finished training in 26.05s                                                                                                                    
  [Client 9] Starting local training...                                                                                                                     
  [Client 9] Finished training in 11.39s                                                                                                                    
  [Client 1] Starting local training...                                                                                                                     
  [Client 1] Finished training in 13.90s                                                                                                                    
  [Client 7] Starting local training...                                                                                                                     
  [Client 7] Finished training in 10.76s                                                                                                                    
  [Client 0] Starting local training...                                                                                                                     
  [Client 0] Finished training in 14.74s                                                                                                                    
  [Client 2] Starting local training...                                                                                                                     
  [Client 2] Finished training in 14.03s                                                                                                                    
  [Client 3] Starting local training...                                                                                                                     
  [Client 3] Finished training in 12.14s                                                                                                                    
  Starting weight aggregation...                                                                                                                            
  Aggregation completed in 0.25s                                                                                                                            
ROUND 39 FINISHED in 139.29s (Avg: 141.96s)                                                                                                                 
  [Resume] Saved training checkpoint after round 39 → /home/luis.mendezl/Thesis/logs/runs/cifar10/fedprox/res9/alpha1.0/seed42/checkpoints/training_state.pt
---------------------------- ROUND 40/50 START ----------------------------                                                                                 
Selected clients: [0, 2, 5, 6, 3, 1, 8, 9, 7, 4]                                                                                                            
  [Client 0] Starting local training...                                                                                                                     
  [Client 0] Finished training in 14.14s                                                                                                                    
client [0]  (testset)   loss: 1.3249 -> 1.7713  accuracy: 57.14% -> 44.81%                                                                                  
  [Client 2] Starting local training...                                                                                                                     
  [Client 2] Finished training in 12.54s                                                                                                                    
client [2]  (testset)   loss: 1.0777 -> 1.3859  accuracy: 68.49% -> 51.37%                                                                                  
  [Client 5] Starting local training...                                                                                                                     
  [Client 5] Finished training in 8.78s                                                                                                                     
client [5]  (testset)   loss: 1.3749 -> 1.6729  accuracy: 53.66% -> 55.28%                                                                                  
  [Client 6] Starting local training...                                                                                                                     
  [Client 6] Finished training in 15.40s                                                                                                                    
client [6]  (testset)   loss: 1.0983 -> 1.3984  accuracy: 64.74% -> 56.65%                                                                                  
  [Client 3] Starting local training...                                                                                                                     
  [Client 3] Finished training in 11.60s                                                                                                                    
client [3]  (testset)   loss: 0.9225 -> 1.1093  accuracy: 71.43% -> 66.67%                                                                                  
  [Client 1] Starting local training...                                                                                                                     
  [Client 1] Finished training in 14.00s                                                                                                                    
client [1]  (testset)   loss: 1.1321 -> 2.2684  accuracy: 63.27% -> 50.34%                                                                                  
  [Client 8] Starting local training...                                                                                                                     
  [Client 8] Finished training in 12.38s                                                                                                                    
client [8]  (testset)   loss: 1.2385 -> 2.8537  accuracy: 52.00% -> 36.80%                                                                                  
  [Client 9] Starting local training...                                                                                                                     
  [Client 9] Finished training in 10.68s                                                                                                                    
client [9]  (testset)   loss: 1.2642 -> 1.5124  accuracy: 61.74% -> 59.13%                                                                                  
  [Client 7] Starting local training...                                                                                                                     
  [Client 7] Finished training in 10.99s                                                                                                                    
client [7]  (testset)   loss: 1.3676 -> 1.8124  accuracy: 55.56% -> 52.99%                                                                                  
  [Client 4] Starting local training...                                                                                                                     
  [Client 4] Finished training in 26.27s                                                                                                                    
client [4]  (testset)   loss: 1.1750 -> 1.6132  accuracy: 61.25% -> 57.93%                                                                                  
  [CKA] Saved checkpoints for round 40 (10 clients) → /home/luis.mendezl/Thesis/logs/runs/cifar10/fedprox/res9/alpha1.0/seed42/checkpoints/round_0040       
  Starting weight aggregation...                                                                                                                            
  Aggregation completed in 0.24s                                                                                                                            
ROUND 40 FINISHED in 140.50s (Avg: 141.92s)                                                                                                                 
  [Resume] Saved training checkpoint after round 40 → /home/luis.mendezl/Thesis/logs/runs/cifar10/fedprox/res9/alpha1.0/seed42/checkpoints/training_state.pt
---------------------------- ROUND 41/50 START ----------------------------                                                                                 
Selected clients: [0, 7, 3, 1, 8, 2, 4, 9, 5, 6]                                                                                                            
  [Client 0] Starting local training...                                                                                                                     
  [Client 0] Finished training in 14.67s                                                                                                                    
  [Client 7] Starting local training...                                                                                                                     
  [Client 7] Finished training in 10.84s                                                                                                                    
  [Client 3] Starting local training...                                                                                                                     
  [Client 3] Finished training in 11.42s                                                                                                                    
  [Client 1] Starting local training...                                                                                                                     
  [Client 1] Finished training in 12.49s                                                                                                                    
  [Client 8] Starting local training...                                                                                                                     
  [Client 8] Finished training in 8.57s                                                                                                                     
  [Client 2] Starting local training...                                                                                                                     
  [Client 2] Finished training in 13.74s                                                                                                                    
  [Client 4] Starting local training...                                                                                                                     
  [Client 4] Finished training in 27.65s                                                                                                                    
  [Client 9] Starting local training...                                                                                                                     
  [Client 9] Finished training in 10.33s                                                                                                                    
  [Client 5] Starting local training...                                                                                                                     
  [Client 5] Finished training in 11.36s                                                                                                                    
  [Client 6] Starting local training...                                                                                                                     
  [Client 6] Finished training in 16.86s                                                                                                                    
  Starting weight aggregation...                                                                                                                            
  Aggregation completed in 0.19s                                                                                                                            
ROUND 41 FINISHED in 138.87s (Avg: 141.85s)                                                                                                                 
  [Resume] Saved training checkpoint after round 41 → /home/luis.mendezl/Thesis/logs/runs/cifar10/fedprox/res9/alpha1.0/seed42/checkpoints/training_state.pt
---------------------------- ROUND 42/50 START ----------------------------                                                                                 
Selected clients: [3, 6, 5, 2, 0, 8, 4, 9, 1, 7]                                                                                                            
  [Client 3] Starting local training...                                                                                                                     
  [Client 3] Finished training in 11.38s                                                                                                                    
  [Client 6] Starting local training...                                                                                                                     
  [Client 6] Finished training in 14.90s                                                                                                                    
  [Client 5] Starting local training...                                                                                                                     
  [Client 5] Finished training in 11.42s                                                                                                                    
  [Client 2] Starting local training...                                                                                                                     
  [Client 2] Finished training in 13.42s                                                                                                                    
  [Client 0] Starting local training...                                                                                                                     
  [Client 0] Finished training in 14.35s                                                                                                                    
  [Client 8] Starting local training...                                                                                                                     
  [Client 8] Finished training in 9.12s                                                                                                                     
  [Client 4] Starting local training...                                                                                                                     
  [Client 4] Finished training in 23.39s                                                                                                                    
  [Client 9] Starting local training...                                                                                                                     
  [Client 9] Finished training in 10.72s                                                                                                                    
  [Client 1] Starting local training...                                                                                                                     
  [Client 1] Finished training in 15.30s                                                                                                                    
  [Client 7] Starting local training...                                                                                                                     
  [Client 7] Finished training in 11.34s                                                                                                                    
  Starting weight aggregation...                                                                                                                            
  Aggregation completed in 0.24s                                                                                                                            
ROUND 42 FINISHED in 136.30s (Avg: 141.72s)                                                                                                                 
  [Resume] Saved training checkpoint after round 42 → /home/luis.mendezl/Thesis/logs/runs/cifar10/fedprox/res9/alpha1.0/seed42/checkpoints/training_state.pt
---------------------------- ROUND 43/50 START ----------------------------                                                                                 
Selected clients: [0, 1, 4, 8, 7, 2, 9, 3, 6, 5]                                                                                                            
  [Client 0] Starting local training...                                                                                                                     
  [Client 0] Finished training in 14.84s                                                                                                                    
  [Client 1] Starting local training...                                                                                                                     
  [Client 1] Finished training in 13.52s                                                                                                                    
  [Client 4] Starting local training...                                                                                                                     
  [Client 4] Finished training in 25.61s                                                                                                                    
  [Client 8] Starting local training...                                                                                                                     
  [Client 8] Finished training in 12.18s                                                                                                                    
  [Client 7] Starting local training...                                                                                                                     
  [Client 7] Finished training in 10.76s                                                                                                                    
  [Client 2] Starting local training...                                                                                                                     
  [Client 2] Finished training in 13.08s                                                                                                                    
  [Client 9] Starting local training...                                                                                                                     
  [Client 9] Finished training in 8.60s                                                                                                                     
  [Client 3] Starting local training...                                                                                                                     
  [Client 3] Finished training in 9.61s                                                                                                                     
  [Client 6] Starting local training...                                                                                                                     
  [Client 6] Finished training in 16.44s                                                                                                                    
  [Client 5] Starting local training...                                                                                                                     
  [Client 5] Finished training in 11.35s                                                                                                                    
  Starting weight aggregation...                                                                                                                            
  Aggregation completed in 0.15s                                                                                                                            
ROUND 43 FINISHED in 136.88s (Avg: 141.61s)                                                                                                                 
  [Resume] Saved training checkpoint after round 43 → /home/luis.mendezl/Thesis/logs/runs/cifar10/fedprox/res9/alpha1.0/seed42/checkpoints/training_state.pt
---------------------------- ROUND 44/50 START ----------------------------                                                                                 
Selected clients: [5, 6, 1, 3, 4, 7, 2, 0, 9, 8]                                                                                                            
  [Client 5] Starting local training...                                                                                                                     
  [Client 5] Finished training in 11.83s                                                                                                                    
  [Client 6] Starting local training...                                                                                                                     
  [Client 6] Finished training in 16.02s                                                                                                                    
  [Client 1] Starting local training...                                                                                                                     
  [Client 1] Finished training in 14.26s                                                                                                                    
  [Client 3] Starting local training...                                                                                                                     
  [Client 3] Finished training in 11.66s                                                                                                                    
  [Client 4] Starting local training...                                                                                                                     
  [Client 4] Finished training in 26.71s                                                                                                                    
  [Client 7] Starting local training...                                                                                                                     
  [Client 7] Finished training in 10.77s                                                                                                                    
  [Client 2] Starting local training...                                                                                                                     
  [Client 2] Finished training in 13.15s                                                                                                                    
  [Client 0] Starting local training...                                                                                                                     
  [Client 0] Finished training in 13.32s                                                                                                                    
  [Client 9] Starting local training...                                                                                                                     
  [Client 9] Finished training in 9.45s                                                                                                                     
  [Client 8] Starting local training...                                                                                                                     
  [Client 8] Finished training in 11.97s                                                                                                                    
  Starting weight aggregation...                                                                                                                            
  Aggregation completed in 0.24s                                                                                                                            
ROUND 44 FINISHED in 140.04s (Avg: 141.57s)                                                                                                                 
  [Resume] Saved training checkpoint after round 44 → /home/luis.mendezl/Thesis/logs/runs/cifar10/fedprox/res9/alpha1.0/seed42/checkpoints/training_state.pt
---------------------------- ROUND 45/50 START ----------------------------                                                                                 
Selected clients: [8, 9, 3, 2, 7, 0, 6, 5, 1, 4]                                                                                                            
  [Client 8] Starting local training...                                                                                                                     
  [Client 8] Finished training in 11.83s                                                                                                                    
  [Client 9] Starting local training...                                                                                                                     
  [Client 9] Finished training in 10.33s                                                                                                                    
  [Client 3] Starting local training...                                                                                                                     
  [Client 3] Finished training in 11.13s                                                                                                                    
  [Client 2] Starting local training...                                                                                                                     
  [Client 2] Finished training in 13.72s                                                                                                                    
  [Client 7] Starting local training...                                                                                                                     
  [Client 7] Finished training in 10.87s                                                                                                                    
  [Client 0] Starting local training...                                                                                                                     
  [Client 0] Finished training in 15.45s                                                                                                                    
  [Client 6] Starting local training...                                                                                                                     
  [Client 6] Finished training in 17.73s                                                                                                                    
  [Client 5] Starting local training...                                                                                                                     
  [Client 5] Finished training in 12.04s                                                                                                                    
  [Client 1] Starting local training...                                                                                                                     
  [Client 1] Finished training in 13.45s                                                                                                                    
  [Client 4] Starting local training...                                                                                                                     
  [Client 4] Finished training in 23.49s                                                                                                                    
  Starting weight aggregation...                                                                                                                            
  Aggregation completed in 0.23s                                                                                                                            
ROUND 45 FINISHED in 140.93s (Avg: 141.56s)                                                                                                                 
  [Resume] Saved training checkpoint after round 45 → /home/luis.mendezl/Thesis/logs/runs/cifar10/fedprox/res9/alpha1.0/seed42/checkpoints/training_state.pt
---------------------------- ROUND 46/50 START ----------------------------                                                                                 
Selected clients: [4, 8, 9, 5, 3, 2, 6, 7, 1, 0]                                                                                                            
  [Client 4] Starting local training...                                                                                                                     
  [Client 4] Finished training in 25.46s                                                                                                                    
  [Client 8] Starting local training...                                                                                                                     
  [Client 8] Finished training in 12.50s                                                                                                                    
  [Client 9] Starting local training...                                                                                                                     
  [Client 9] Finished training in 11.52s                                                                                                                    
  [Client 5] Starting local training...                                                                                                                     
  [Client 5] Finished training in 11.49s                                                                                                                    
  [Client 3] Starting local training...                                                                                                                     
  [Client 3] Finished training in 11.49s                                                                                                                    
  [Client 2] Starting local training...                                                                                                                     
  [Client 2] Finished training in 13.94s                                                                                                                    
  [Client 6] Starting local training...                                                                                                                     
  [Client 6] Finished training in 16.98s                                                                                                                    
  [Client 7] Starting local training...                                                                                                                     
  [Client 7] Finished training in 10.56s                                                                                                                    
  [Client 1] Starting local training...                                                                                                                     
  [Client 1] Finished training in 13.32s                                                                                                                    
  [Client 0] Starting local training...                                                                                                                     
  [Client 0] Finished training in 14.12s                                                                                                                    
  Starting weight aggregation...                                                                                                                            
  Aggregation completed in 0.14s                                                                                                                            
ROUND 46 FINISHED in 142.17s (Avg: 141.57s)                                                                                                                 
  [Resume] Saved training checkpoint after round 46 → /home/luis.mendezl/Thesis/logs/runs/cifar10/fedprox/res9/alpha1.0/seed42/checkpoints/training_state.pt
---------------------------- ROUND 47/50 START ----------------------------                                                                                 
Selected clients: [3, 6, 8, 5, 7, 1, 2, 4, 0, 9]                                                                                                            
  [Client 3] Starting local training...                                                                                                                     
  [Client 3] Finished training in 8.72s                                                                                                                     
  [Client 6] Starting local training...                                                                                                                     
  [Client 6] Finished training in 14.76s                                                                                                                    
  [Client 8] Starting local training...                                                                                                                     
  [Client 8] Finished training in 11.31s                                                                                                                    
  [Client 5] Starting local training...                                                                                                                     
  [Client 5] Finished training in 11.75s                                                                                                                    
  [Client 7] Starting local training...                                                                                                                     
  [Client 7] Finished training in 11.13s                                                                                                                    
  [Client 1] Starting local training...                                                                                                                     
  [Client 1] Finished training in 14.33s                                                                                                                    
  [Client 2] Starting local training...                                                                                                                     
  [Client 2] Finished training in 14.89s                                                                                                                    
  [Client 4] Starting local training...                                                                                                                     
  [Client 4] Finished training in 25.72s                                                                                                                    
  [Client 0] Starting local training...                                                                                                                     
  [Client 0] Finished training in 13.91s                                                                                                                    
  [Client 9] Starting local training...                                                                                                                     
  [Client 9] Finished training in 10.81s                                                                                                                    
  Starting weight aggregation...                                                                                                                            
  Aggregation completed in 0.14s                                                                                                                            
ROUND 47 FINISHED in 138.13s (Avg: 141.50s)                                                                                                                 
  [Resume] Saved training checkpoint after round 47 → /home/luis.mendezl/Thesis/logs/runs/cifar10/fedprox/res9/alpha1.0/seed42/checkpoints/training_state.pt
---------------------------- ROUND 48/50 START ----------------------------                                                                                 
Selected clients: [4, 3, 6, 7, 9, 5, 2, 1, 8, 0]                                                                                                            
  [Client 4] Starting local training...                                                                                                                     
  [Client 4] Finished training in 23.43s                                                                                                                    
  [Client 3] Starting local training...                                                                                                                     
  [Client 3] Finished training in 8.10s                                                                                                                     
  [Client 6] Starting local training...                                                                                                                     
  [Client 6] Finished training in 17.39s                                                                                                                    
  [Client 7] Starting local training...                                                                                                                     
  [Client 7] Finished training in 10.96s                                                                                                                    
  [Client 9] Starting local training...                                                                                                                     
  [Client 9] Finished training in 10.57s                                                                                                                    
  [Client 5] Starting local training...                                                                                                                     
  [Client 5] Finished training in 11.83s                                                                                                                    
  [Client 2] Starting local training...                                                                                                                     
  [Client 2] Finished training in 14.30s                                                                                                                    
  [Client 1] Starting local training...                                                                                                                     
  [Client 1] Finished training in 13.21s                                                                                                                    
  [Client 8] Starting local training...                                                                                                                     
  [Client 8] Finished training in 11.55s                                                                                                                    
  [Client 0] Starting local training...                                                                                                                     
  [Client 0] Finished training in 14.38s                                                                                                                    
  Starting weight aggregation...                                                                                                                            
  Aggregation completed in 0.22s                                                                                                                            
ROUND 48 FINISHED in 136.67s (Avg: 141.40s)                                                                                                                 
  [Resume] Saved training checkpoint after round 48 → /home/luis.mendezl/Thesis/logs/runs/cifar10/fedprox/res9/alpha1.0/seed42/checkpoints/training_state.pt
---------------------------- ROUND 49/50 START ----------------------------                                                                                 
Selected clients: [3, 8, 7, 6, 5, 1, 0, 4, 2, 9]                                                                                                            
  [Client 3] Starting local training...                                                                                                                     
  [Client 3] Finished training in 12.52s                                                                                                                    
  [Client 8] Starting local training...                                                                                                                     
  [Client 8] Finished training in 12.36s                                                                                                                    
  [Client 7] Starting local training...                                                                                                                     
  [Client 7] Finished training in 11.28s                                                                                                                    
  [Client 6] Starting local training...                                                                                                                     
  [Client 6] Finished training in 13.29s                                                                                                                    
  [Client 5] Starting local training...                                                                                                                     
  [Client 5] Finished training in 8.24s                                                                                                                     
  [Client 1] Starting local training...                                                                                                                     
  [Client 1] Finished training in 14.22s                                                                                                                    
  [Client 0] Starting local training...                                                                                                                     
  [Client 0] Finished training in 14.50s                                                                                                                    
  [Client 4] Starting local training...                                                                                                                     
  [Client 4] Finished training in 24.80s                                                                                                                    
  [Client 2] Starting local training...                                                                                                                     
  [Client 2] Finished training in 13.75s                                                                                                                    
  [Client 9] Starting local training...                                                                                                                     
  [Client 9] Finished training in 10.74s                                                                                                                    
  Starting weight aggregation...                                                                                                                            
  Aggregation completed in 0.21s                                                                                                                            
ROUND 49 FINISHED in 136.61s (Avg: 141.30s)                                                                                                                 
  [Resume] Saved training checkpoint after round 49 → /home/luis.mendezl/Thesis/logs/runs/cifar10/fedprox/res9/alpha1.0/seed42/checkpoints/training_state.pt
---------------------------- ROUND 50/50 START ----------------------------                                                                                 
Selected clients: [3, 4, 9, 6, 1, 5, 0, 7, 2, 8]                                                                                                            
  [Client 3] Starting local training...                                                                                                                     
  [Client 3] Finished training in 12.68s                                                                                                                    
client [3]  (testset)   loss: 1.0096 -> 1.4015  accuracy: 63.49% -> 58.73%                                                                                  
  [Client 4] Starting local training...                                                                                                                     
  [Client 4] Finished training in 25.18s                                                                                                                    
client [4]  (testset)   loss: 1.1449 -> 1.6991  accuracy: 62.36% -> 51.66%                                                                                  
  [Client 9] Starting local training...                                                                                                                     
  [Client 9] Finished training in 10.66s                                                                                                                    
client [9]  (testset)   loss: 1.3711 -> 1.6754  accuracy: 59.13% -> 53.91%                                                                                  
  [Client 6] Starting local training...                                                                                                                     
  [Client 6] Finished training in 16.95s                                                                                                                    
client [6]  (testset)   loss: 1.1024 -> 2.0440  accuracy: 65.90% -> 48.55%                                                                                  
  [Client 1] Starting local training...                                                                                                                     
  [Client 1] Finished training in 10.32s                                                                                                                    
client [1]  (testset)   loss: 1.2608 -> 2.6669  accuracy: 57.14% -> 40.14%                                                                                  
  [Client 5] Starting local training...                                                                                                                     
  [Client 5] Finished training in 9.59s                                                                                                                     
client [5]  (testset)   loss: 1.4105 -> 1.8193  accuracy: 47.15% -> 52.03%                                                                                  
  [Client 0] Starting local training...                                                                                                                     
  [Client 0] Finished training in 14.60s                                                                                                                    
client [0]  (testset)   loss: 1.3653 -> 1.8932  accuracy: 53.90% -> 46.10%                                                                                  
  [Client 7] Starting local training...                                                                                                                     
  [Client 7] Finished training in 11.37s                                                                                                                    
client [7]  (testset)   loss: 1.3247 -> 1.5616  accuracy: 58.12% -> 58.12%                                                                                  
  [Client 2] Starting local training...                                                                                                                     
  [Client 2] Finished training in 13.58s                                                                                                                    
client [2]  (testset)   loss: 1.1744 -> 1.6817  accuracy: 60.96% -> 49.32%                                                                                  
  [Client 8] Starting local training...                                                                                                                     
  [Client 8] Finished training in 11.59s                                                                                                                    
client [8]  (testset)   loss: 1.2837 -> 1.7106  accuracy: 55.20% -> 45.60%                                                                                  
  [CKA] Saved checkpoints for round 50 (10 clients) → /home/luis.mendezl/Thesis/logs/runs/cifar10/fedprox/res9/alpha1.0/seed42/checkpoints/round_0050       
  Starting weight aggregation...                                                                                                                            
  Aggregation completed in 0.23s                                                                                                                            
ROUND 50 FINISHED in 140.27s (Avg: 141.28s)                                                                                                                 
  [Resume] Saved training checkpoint after round 50 → /home/luis.mendezl/Thesis/logs/runs/cifar10/fedprox/res9/alpha1.0/seed42/checkpoints/training_state.pt
CKADriftFedProx's average time taken by each global epoch: 2 min 21.28 sec.                                                                                 
CKADriftFedProx's total running time: 2 h 7 m 28 s.                                                                                                         
==================== CKADriftFedProx Experiment Results: ====================                                                                               
Display format: (before local fine-tuning) -> (after local fine-tuning)                                                                                     
 So if finetune_epoch = 0, x.xx% -> 0.00% is normal.                                                                                                        
 Centralized testing ONLY happens after model aggregation, so the stats between '->' are the same.                                                          
{                                                                                                                                                           
    "1": {                                                                                                                                                  
        "centralized": {                                                                                                                                    
            "test": {                                                                                                                                       
                "loss": "2.3446 -> 2.3446",                                                                                                                 
                "accuracy": "14.63% -> 14.63%"                                                                                                              
            }                                                                                                                                               
        },                                                                                                                                                  
        "all_clients": {                                                                                                                                    
            "test": {                                                                                                                                       
                "loss": "2.3446 -> 0.0000",                                                                                                                 
                "accuracy": "14.63% -> 0.00%"                                                                                                               
            }                                                                                                                                               
        }                                                                                                                                                   
    },                                                                                                                                                      
    "2": {                                                                                                                                                  
        "centralized": {                                                                                                                                    
            "test": {                                                                                                                                       
                "loss": "2.2458 -> 2.2458",                                                                                                                 
                "accuracy": "20.71% -> 20.71%"                                                                                                              
            }                                                                                                                                               
        },                                                                                                                                                  
        "all_clients": {                                                                                                                                    
            "test": {                                                                                                                                       
                "loss": "2.2458 -> 0.0000",                                                                                                                 
                "accuracy": "20.71% -> 0.00%"                                                                                                               
            }                                                                                                                                               
        }                                                                                                                                                   
    },                                                                                                                                                      
    "3": {                                                                                                                                                  
        "centralized": {                                                                                                                                    
            "test": {                                                                                                                                       
                "loss": "2.1470 -> 2.1470",                                                                                                                 
                "accuracy": "23.58% -> 23.58%"                                                                                                              
            }                                                                                                                                               
        },                                                                                                                                                  
        "all_clients": {                                                                                                                                    
            "test": {                                                                                                                                       
                "loss": "2.1470 -> 0.0000",                                                                                                                 
                "accuracy": "23.58% -> 0.00%"                                                                                                               
            }                                                                                                                                               
        }                                                                                                                                                   
    },                                                                                                                                                      
    "4": {                                                                                                                                                  
        "centralized": {                                                                                                                                    
            "test": {                                                                                                                                       
                "loss": "2.0810 -> 2.0810",                                                                                                                 
                "accuracy": "24.72% -> 24.72%"                                                                                                              
            }                                                                                                                                               
        },                                                                                                                                                  
        "all_clients": {                                                                                                                                    
            "test": {                                                                                                                                       
                "loss": "2.0810 -> 0.0000",                                                                                                                 
                "accuracy": "24.72% -> 0.00%"                                                                                                               
            }                                                                                                                                               
        }                                                                                                                                                   
    },                                                                                                                                                      
    "5": {                                                                                                                                                  
        "centralized": {                                                                                                                                    
            "test": {                                                                                                                                       
                "loss": "1.9956 -> 1.9956",                                                                                                                 
                "accuracy": "26.85% -> 26.85%"                                                                                                              
            }                                                                                                                                               
        },                                                                                                                                                  
        "all_clients": {                                                                                                                                    
            "test": {                                                                                                                                       
                "loss": "1.9956 -> 0.0000",                                                                                                                 
                "accuracy": "26.85% -> 0.00%"                                                                                                               
            }                                                                                                                                               
        }                                                                                                                                                   
    },                                                                                                                                                      
    "6": {                                                                                                                                                  
        "centralized": {                                                                                                                                    
            "test": {                                                                                                                                       
                "loss": "1.8829 -> 1.8829",                                                                                                                 
                "accuracy": "29.12% -> 29.12%"                                                                                                              
            }                                                                                                                                               
        },                                                                                                                                                  
        "all_clients": {                                                                                                                                    
            "test": {                                                                                                                                       
                "loss": "1.8829 -> 0.0000",                                                                                                                 
                "accuracy": "29.12% -> 0.00%"                                                                                                               
            }                                                                                                                                               
        }                                                                                                                                                   
    },                                                                                                                                                      
    "7": {                                                                                                                                                  
        "centralized": {                                                                                                                                    
            "test": {                                                                                                                                       
                "loss": "1.9012 -> 1.9012",                                                                                                                 
                "accuracy": "29.59% -> 29.59%"                                                                                                              
            }                                                                                                                                               
        },                                                                                                                                                  
        "all_clients": {                                                                                                                                    
            "test": {                                                                                                                                       
                "loss": "1.9012 -> 0.0000",                                                                                                                 
                "accuracy": "29.59% -> 0.00%"                                                                                                               
            }                                                                                                                                               
        }                                                                                                                                                   
    },                                                                                                                                                      
    "8": {                                                                                                                                                  
        "centralized": {                                                                                                                                    
            "test": {                                                                                                                                       
                "loss": "1.8206 -> 1.8206",                                                                                                                 
                "accuracy": "32.67% -> 32.67%"                                                                                                              
            }                                                                                                                                               
        },                                                                                                                                                  
        "all_clients": {                                                                                                                                    
            "test": {                                                                                                                                       
                "loss": "1.8206 -> 0.0000",                                                                                                                 
                "accuracy": "32.67% -> 0.00%"                                                                                                               
            }                                                                                                                                               
        }                                                                                                                                                   
    },                                                                                                                                                      
    "9": {                                                                                                                                                  
        "centralized": {                                                                                                                                    
            "test": {                                                                                                                                       
                "loss": "1.7454 -> 1.7454",                                                                                                                 
                "accuracy": "35.40% -> 35.40%"                                                                                                              
            }                                                                                                                                               
        },                                                                                                                                                  
        "all_clients": {                                                                                                                                    
            "test": {                                                                                                                                       
                "loss": "1.7454 -> 0.0000",                                                                                                                 
                "accuracy": "35.40% -> 0.00%"                                                                                                               
            }                                                                                                                                               
        }                                                                                                                                                   
    },                                                                                                                                                      
    "10": {                                                                                                                                                 
        "centralized": {                                                                                                                                    
            "test": {                                                                                                                                       
                "loss": "1.6778 -> 1.6778",                                                                                                                 
                "accuracy": "38.81% -> 38.81%"                                                                                                              
            }                                                                                                                                               
        },                                                                                                                                                  
        "all_clients": {                                                                                                                                    
            "test": {                                                                                                                                       
                "loss": "1.6778 -> 0.0000",                                                                                                                 
                "accuracy": "38.81% -> 0.00%"                                                                                                               
            }                                                                                                                                               
        }                                                                                                                                                   
    },                                                                                                                                                      
    "11": {                                                                                                                                                 
        "centralized": {                                                                                                                                    
            "test": {                                                                                                                                       
                "loss": "1.6762 -> 1.6762",                                                                                                                 
                "accuracy": "38.08% -> 38.08%"                                                                                                              
            }                                                                                                                                               
        },                                                                                                                                                  
        "all_clients": {                                                                                                                                    
            "test": {                                                                                                                                       
                "loss": "1.6762 -> 0.0000",                                                                                                                 
                "accuracy": "38.08% -> 0.00%"                                                                                                               
            }                                                                                                                                               
        }                                                                                                                                                   
    },                                                                                                                                                      
    "12": {                                                                                                                                                 
        "centralized": {                                                                                                                                    
            "test": {                                                                                                                                       
                "loss": "1.5861 -> 1.5861",                                                                                                                 
                "accuracy": "43.29% -> 43.29%"                                                                                                              
            }                                                                                                                                               
        },                                                                                                                                                  
        "all_clients": {                                                                                                                                    
            "test": {                                                                                                                                       
                "loss": "1.5861 -> 0.0000",                                                                                                                 
                "accuracy": "43.29% -> 0.00%"                                                                                                               
            }                                                                                                                                               
        }                                                                                                                                                   
    },                                                                                                                                                      
    "13": {                                                                                                                                                 
        "centralized": {                                                                                                                                    
            "test": {                                                                                                                                       
                "loss": "1.5751 -> 1.5751",                                                                                                                 
                "accuracy": "41.42% -> 41.42%"                                                                                                              
            }                                                                                                                                               
        },                                                                                                                                                  
        "all_clients": {                                                                                                                                    
            "test": {                                                                                                                                       
                "loss": "1.5751 -> 0.0000",                                                                                                                 
                "accuracy": "41.42% -> 0.00%"                                                                                                               
            }                                                                                                                                               
        }                                                                                                                                                   
    },                                                                                                                                                      
    "14": {                                                                                                                                                 
        "centralized": {                                                                                                                                    
            "test": {                                                                                                                                       
                "loss": "1.4843 -> 1.4843",                                                                                                                 
                "accuracy": "46.56% -> 46.56%"                                                                                                              
            }                                                                                                                                               
        },                                                                                                                                                  
        "all_clients": {                                                                                                                                    
            "test": {                                                                                                                                       
                "loss": "1.4843 -> 0.0000",                                                                                                                 
                "accuracy": "46.56% -> 0.00%"                                                                                                               
            }                                                                                                                                               
        }                                                                                                                                                   
    },                                                                                                                                                      
    "15": {                                                                                                                                                 
        "centralized": {                                                                                                                                    
            "test": {                                                                                                                                       
                "loss": "1.4729 -> 1.4729",                                                                                                                 
                "accuracy": "47.23% -> 47.23%"                                                                                                              
            }                                                                                                                                               
        },                                                                                                                                                  
        "all_clients": {                                                                                                                                    
            "test": {                                                                                                                                       
                "loss": "1.4729 -> 0.0000",                                                                                                                 
                "accuracy": "47.23% -> 0.00%"                                                                                                               
            }                                                                                                                                               
        }                                                                                                                                                   
    },                                                                                                                                                      
    "16": {                                                                                                                                                 
        "centralized": {                                                                                                                                    
            "test": {                                                                                                                                       
                "loss": "1.4690 -> 1.4690",                                                                                                                 
                "accuracy": "48.50% -> 48.50%"                                                                                                              
            }                                                                                                                                               
        },                                                                                                                                                  
        "all_clients": {                                                                                                                                    
            "test": {                                                                                                                                       
                "loss": "1.4690 -> 0.0000",                                                                                                                 
                "accuracy": "48.50% -> 0.00%"                                                                                                               
            }                                                                                                                                               
        }                                                                                                                                                   
    },                                                                                                                                                      
    "17": {                                                                                                                                                 
        "centralized": {                                                                                                                                    
            "test": {                                                                                                                                       
                "loss": "1.4187 -> 1.4187",                                                                                                                 
                "accuracy": "50.23% -> 50.23%"                                                                                                              
            }                                                                                                                                               
        },                                                                                                                                                  
        "all_clients": {                                                                                                                                    
            "test": {                                                                                                                                       
                "loss": "1.4187 -> 0.0000",                                                                                                                 
                "accuracy": "50.23% -> 0.00%"                                                                                                               
            }                                                                                                                                               
        }                                                                                                                                                   
    },                                                                                                                                                      
    "18": {                                                                                                                                                 
        "centralized": {                                                                                                                                    
            "test": {                                                                                                                                       
                "loss": "1.3673 -> 1.3673",                                                                                                                 
                "accuracy": "50.90% -> 50.90%"                                                                                                              
            }                                                                                                                                               
        },                                                                                                                                                  
        "all_clients": {                                                                                                                                    
            "test": {                                                                                                                                       
                "loss": "1.3673 -> 0.0000",                                                                                                                 
                "accuracy": "50.90% -> 0.00%"                                                                                                               
            }                                                                                                                                               
        }                                                                                                                                                   
    },                                                                                                                                                      
    "19": {                                                                                                                                                 
        "centralized": {                                                                                                                                    
            "test": {                                                                                                                                       
                "loss": "1.3899 -> 1.3899",                                                                                                                 
                "accuracy": "50.84% -> 50.84%"                                                                                                              
            }                                                                                                                                               
        },                                                                                                                                                  
        "all_clients": {                                                                                                                                    
            "test": {                                                                                                                                       
                "loss": "1.3899 -> 0.0000",                                                                                                                 
                "accuracy": "50.84% -> 0.00%"                                                                                                               
            }                                                                                                                                               
        }                                                                                                                                                   
    },                                                                                                                                                      
    "20": {                                                                                                                                                 
        "centralized": {                                                                                                                                    
            "test": {                                                                                                                                       
                "loss": "1.4014 -> 1.4014",                                                                                                                 
                "accuracy": "50.57% -> 50.57%"                                                                                                              
            }                                                                                                                                               
        },                                                                                                                                                  
        "all_clients": {                                                                                                                                    
            "test": {                                                                                                                                       
                "loss": "1.4014 -> 0.0000",                                                                                                                 
                "accuracy": "50.57% -> 0.00%"                                                                                                               
            }                                                                                                                                               
        }                                                                                                                                                   
    },                                                                                                                                                      
    "21": {                                                                                                                                                 
        "centralized": {                                                                                                                                    
            "test": {                                                                                                                                       
                "loss": "1.3638 -> 1.3638",                                                                                                                 
                "accuracy": "51.64% -> 51.64%"                                                                                                              
            }                                                                                                                                               
        },                                                                                                                                                  
        "all_clients": {                                                                                                                                    
            "test": {                                                                                                                                       
                "loss": "1.3638 -> 0.0000",                                                                                                                 
                "accuracy": "51.64% -> 0.00%"                                                                                                               
            }                                                                                                                                               
        }                                                                                                                                                   
    },                                                                                                                                                      
    "22": {                                                                                                                                                 
        "centralized": {                                                                                                                                    
            "test": {                                                                                                                                       
                "loss": "1.3401 -> 1.3401",                                                                                                                 
                "accuracy": "54.31% -> 54.31%"                                                                                                              
            }                                                                                                                                               
        },                                                                                                                                                  
        "all_clients": {                                                                                                                                    
            "test": {                                                                                                                                       
                "loss": "1.3401 -> 0.0000",                                                                                                                 
                "accuracy": "54.31% -> 0.00%"                                                                                                               
            }                                                                                                                                               
        }                                                                                                                                                   
    },                                                                                                                                                      
    "23": {                                                                                                                                                 
        "centralized": {                                                                                                                                    
            "test": {                                                                                                                                       
                "loss": "1.3313 -> 1.3313",                                                                                                                 
                "accuracy": "54.58% -> 54.58%"                                                                                                              
            }                                                                                                                                               
        },                                                                                                                                                  
        "all_clients": {                                                                                                                                    
            "test": {                                                                                                                                       
                "loss": "1.3313 -> 0.0000",                                                                                                                 
                "accuracy": "54.58% -> 0.00%"                                                                                                               
            }                                                                                                                                               
        }                                                                                                                                                   
    },                                                                                                                                                      
    "24": {                                                                                                                                                 
        "centralized": {                                                                                                                                    
            "test": {                                                                                                                                       
                "loss": "1.3620 -> 1.3620",                                                                                                                 
                "accuracy": "53.44% -> 53.44%"                                                                                                              
            }                                                                                                                                               
        },                                                                                                                                                  
        "all_clients": {                                                                                                                                    
            "test": {                                                                                                                                       
                "loss": "1.3620 -> 0.0000",                                                                                                                 
                "accuracy": "53.44% -> 0.00%"                                                                                                               
            }                                                                                                                                               
        }                                                                                                                                                   
    },                                                                                                                                                      
    "25": {                                                                                                                                                 
        "centralized": {                                                                                                                                    
            "test": {                                                                                                                                       
                "loss": "1.3092 -> 1.3092",                                                                                                                 
                "accuracy": "54.58% -> 54.58%"                                                                                                              
            }                                                                                                                                               
        },                                                                                                                                                  
        "all_clients": {                                                                                                                                    
            "test": {                                                                                                                                       
                "loss": "1.3092 -> 0.0000",                                                                                                                 
                "accuracy": "54.58% -> 0.00%"                                                                                                               
            }                                                                                                                                               
        }                                                                                                                                                   
    },                                                                                                                                                      
    "26": {                                                                                                                                                 
        "centralized": {                                                                                                                                    
            "test": {                                                                                                                                       
                "loss": "1.2791 -> 1.2791",                                                                                                                 
                "accuracy": "55.31% -> 55.31%"                                                                                                              
            }                                                                                                                                               
        },                                                                                                                                                  
        "all_clients": {                                                                                                                                    
            "test": {                                                                                                                                       
                "loss": "1.2791 -> 0.0000",                                                                                                                 
                "accuracy": "55.31% -> 0.00%"                                                                                                               
            }                                                                                                                                               
        }                                                                                                                                                   
    },                                                                                                                                                      
    "27": {                                                                                                                                                 
        "centralized": {                                                                                                                                    
            "test": {                                                                                                                                       
                "loss": "1.2683 -> 1.2683",                                                                                                                 
                "accuracy": "57.31% -> 57.31%"                                                                                                              
            }                                                                                                                                               
        },                                                                                                                                                  
        "all_clients": {                                                                                                                                    
            "test": {                                                                                                                                       
                "loss": "1.2683 -> 0.0000",                                                                                                                 
                "accuracy": "57.31% -> 0.00%"                                                                                                               
            }                                                                                                                                               
        }                                                                                                                                                   
    },                                                                                                                                                      
    "28": {                                                                                                                                                 
        "centralized": {                                                                                                                                    
            "test": {                                                                                                                                       
                "loss": "1.3042 -> 1.3042",                                                                                                                 
                "accuracy": "55.91% -> 55.91%"                                                                                                              
            }                                                                                                                                               
        },                                                                                                                                                  
        "all_clients": {                                                                                                                                    
            "test": {                                                                                                                                       
                "loss": "1.3042 -> 0.0000",                                                                                                                 
                "accuracy": "55.91% -> 0.00%"                                                                                                               
            }                                                                                                                                               
        }                                                                                                                                                   
    },                                                                                                                                                      
    "29": {                                                                                                                                                 
        "centralized": {                                                                                                                                    
            "test": {                                                                                                                                       
                "loss": "1.2138 -> 1.2138",                                                                                                                 
                "accuracy": "58.78% -> 58.78%"                                                                                                              
            }                                                                                                                                               
        },                                                                                                                                                  
        "all_clients": {                                                                                                                                    
            "test": {                                                                                                                                       
                "loss": "1.2138 -> 0.0000",                                                                                                                 
                "accuracy": "58.78% -> 0.00%"                                                                                                               
            }                                                                                                                                               
        }                                                                                                                                                   
    },                                                                                                                                                      
    "30": {                                                                                                                                                 
        "centralized": {                                                                                                                                    
            "test": {                                                                                                                                       
                "loss": "1.2604 -> 1.2604",                                                                                                                 
                "accuracy": "57.31% -> 57.31%"                                                                                                              
            }                                                                                                                                               
        },                                                                                                                                                  
        "all_clients": {                                                                                                                                    
            "test": {                                                                                                                                       
                "loss": "1.2604 -> 0.0000",                                                                                                                 
                "accuracy": "57.31% -> 0.00%"                                                                                                               
            }                                                                                                                                               
        }                                                                                                                                                   
    },                                                                                                                                                      
    "31": {                                                                                                                                                 
        "centralized": {                                                                                                                                    
            "test": {                                                                                                                                       
                "loss": "1.2524 -> 1.2524",                                                                                                                 
                "accuracy": "57.45% -> 57.45%"                                                                                                              
            }                                                                                                                                               
        },                                                                                                                                                  
        "all_clients": {                                                                                                                                    
            "test": {                                                                                                                                       
                "loss": "1.2524 -> 0.0000",                                                                                                                 
                "accuracy": "57.45% -> 0.00%"                                                                                                               
            }                                                                                                                                               
        }                                                                                                                                                   
    },                                                                                                                                                      
    "32": {                                                                                                                                                 
        "centralized": {                                                                                                                                    
            "test": {                                                                                                                                       
                "loss": "1.2358 -> 1.2358",                                                                                                                 
                "accuracy": "58.12% -> 58.12%"                                                                                                              
            }                                                                                                                                               
        },                                                                                                                                                  
        "all_clients": {                                                                                                                                    
            "test": {                                                                                                                                       
                "loss": "1.2358 -> 0.0000",                                                                                                                 
                "accuracy": "58.12% -> 0.00%"                                                                                                               
            }                                                                                                                                               
        }                                                                                                                                                   
    },                                                                                                                                                      
    "33": {                                                                                                                                                 
        "centralized": {                                                                                                                                    
            "test": {                                                                                                                                       
                "loss": "1.2592 -> 1.2592",                                                                                                                 
                "accuracy": "56.25% -> 56.25%"                                                                                                              
            }                                                                                                                                               
        },                                                                                                                                                  
        "all_clients": {                                                                                                                                    
            "test": {                                                                                                                                       
                "loss": "1.2592 -> 0.0000",                                                                                                                 
                "accuracy": "56.25% -> 0.00%"                                                                                                               
            }                                                                                                                                               
        }                                                                                                                                                   
    },                                                                                                                                                      
    "34": {                                                                                                                                                 
        "centralized": {                                                                                                                                    
            "test": {                                                                                                                                       
                "loss": "1.2761 -> 1.2761",                                                                                                                 
                "accuracy": "57.92% -> 57.92%"                                                                                                              
            }                                                                                                                                               
        },                                                                                                                                                  
        "all_clients": {                                                                                                                                    
            "test": {                                                                                                                                       
                "loss": "1.2761 -> 0.0000",                                                                                                                 
                "accuracy": "57.92% -> 0.00%"                                                                                                               
            }                                                                                                                                               
        }                                                                                                                                                   
    },                                                                                                                                                      
    "35": {                                                                                                                                                 
        "centralized": {                                                                                                                                    
            "test": {                                                                                                                                       
                "loss": "1.2222 -> 1.2222",                                                                                                                 
                "accuracy": "58.25% -> 58.25%"                                                                                                              
            }                                                                                                                                               
        },                                                                                                                                                  
        "all_clients": {                                                                                                                                    
            "test": {                                                                                                                                       
                "loss": "1.2222 -> 0.0000",                                                                                                                 
                "accuracy": "58.25% -> 0.00%"                                                                                                               
            }                                                                                                                                               
        }                                                                                                                                                   
    },                                                                                                                                                      
    "36": {                                                                                                                                                 
        "centralized": {                                                                                                                                    
            "test": {                                                                                                                                       
                "loss": "1.2042 -> 1.2042",                                                                                                                 
                "accuracy": "59.99% -> 59.99%"                                                                                                              
            }                                                                                                                                               
        },                                                                                                                                                  
        "all_clients": {                                                                                                                                    
            "test": {                                                                                                                                       
                "loss": "1.2042 -> 0.0000",                                                                                                                 
                "accuracy": "59.99% -> 0.00%"                                                                                                               
            }                                                                                                                                               
        }                                                                                                                                                   
    },                                                                                                                                                      
    "37": {                                                                                                                                                 
        "centralized": {                                                                                                                                    
            "test": {                                                                                                                                       
                "loss": "1.2270 -> 1.2270",                                                                                                                 
                "accuracy": "58.12% -> 58.12%"                                                                                                              
            }                                                                                                                                               
        },                                                                                                                                                  
        "all_clients": {                                                                                                                                    
            "test": {                                                                                                                                       
                "loss": "1.2270 -> 0.0000",                                                                                                                 
                "accuracy": "58.12% -> 0.00%"                                                                                                               
            }                                                                                                                                               
        }                                                                                                                                                   
    },                                                                                                                                                      
    "38": {                                                                                                                                                 
        "centralized": {                                                                                                                                    
            "test": {                                                                                                                                       
                "loss": "1.2277 -> 1.2277",                                                                                                                 
                "accuracy": "59.39% -> 59.39%"                                                                                                              
            }                                                                                                                                               
        },                                                                                                                                                  
        "all_clients": {                                                                                                                                    
            "test": {                                                                                                                                       
                "loss": "1.2277 -> 0.0000",                                                                                                                 
                "accuracy": "59.39% -> 0.00%"                                                                                                               
            }                                                                                                                                               
        }                                                                                                                                                   
    },                                                                                                                                                      
    "39": {                                                                                                                                                 
        "centralized": {                                                                                                                                    
            "test": {                                                                                                                                       
                "loss": "1.1902 -> 1.1902",                                                                                                                 
                "accuracy": "61.19% -> 61.19%"                                                                                                              
            }                                                                                                                                               
        },                                                                                                                                                  
        "all_clients": {                                                                                                                                    
            "test": {                                                                                                                                       
                "loss": "1.1902 -> 0.0000",                                                                                                                 
                "accuracy": "61.19% -> 0.00%"                                                                                                               
            }                                                                                                                                               
        }                                                                                                                                                   
    },                                                                                                                                                      
    "40": {                                                                                                                                                 
        "centralized": {                                                                                                                                    
            "test": {                                                                                                                                       
                "loss": "1.2270 -> 1.2270",                                                                                                                 
                "accuracy": "59.85% -> 59.85%"                                                                                                              
            }                                                                                                                                               
        },                                                                                                                                                  
        "all_clients": {                                                                                                                                    
            "test": {                                                                                                                                       
                "loss": "1.2270 -> 0.0000",                                                                                                                 
                "accuracy": "59.85% -> 0.00%"                                                                                                               
            }                                                                                                                                               
        }                                                                                                                                                   
    },                                                                                                                                                      
    "41": {                                                                                                                                                 
        "centralized": {                                                                                                                                    
            "test": {                                                                                                                                       
                "loss": "1.1739 -> 1.1739",                                                                                                                 
                "accuracy": "61.19% -> 61.19%"                                                                                                              
            }                                                                                                                                               
        },                                                                                                                                                  
        "all_clients": {                                                                                                                                    
            "test": {                                                                                                                                       
                "loss": "1.1739 -> 0.0000",                                                                                                                 
                "accuracy": "61.19% -> 0.00%"                                                                                                               
            }                                                                                                                                               
        }                                                                                                                                                   
    },                                                                                                                                                      
    "42": {                                                                                                                                                 
        "centralized": {                                                                                                                                    
            "test": {                                                                                                                                       
                "loss": "1.1797 -> 1.1797",                                                                                                                 
                "accuracy": "61.32% -> 61.32%"                                                                                                              
            }                                                                                                                                               
        },                                                                                                                                                  
        "all_clients": {                                                                                                                                    
            "test": {                                                                                                                                       
                "loss": "1.1797 -> 0.0000",                                                                                                                 
                "accuracy": "61.32% -> 0.00%"                                                                                                               
            }                                                                                                                                               
        }                                                                                                                                                   
    },                                                                                                                                                      
    "43": {                                                                                                                                                 
        "centralized": {                                                                                                                                    
            "test": {                                                                                                                                       
                "loss": "1.2212 -> 1.2212",                                                                                                                 
                "accuracy": "59.99% -> 59.99%"                                                                                                              
            }                                                                                                                                               
        },                                                                                                                                                  
        "all_clients": {                                                                                                                                    
            "test": {                                                                                                                                       
                "loss": "1.2212 -> 0.0000",                                                                                                                 
                "accuracy": "59.99% -> 0.00%"                                                                                                               
            }                                                                                                                                               
        }                                                                                                                                                   
    },                                                                                                                                                      
    "44": {                                                                                                                                                 
        "centralized": {                                                                                                                                    
            "test": {                                                                                                                                       
                "loss": "1.1704 -> 1.1704",                                                                                                                 
                "accuracy": "60.52% -> 60.52%"                                                                                                              
            }                                                                                                                                               
        },                                                                                                                                                  
        "all_clients": {                                                                                                                                    
            "test": {                                                                                                                                       
                "loss": "1.1704 -> 0.0000",                                                                                                                 
                "accuracy": "60.52% -> 0.00%"                                                                                                               
            }                                                                                                                                               
        }                                                                                                                                                   
    },                                                                                                                                                      
    "45": {                                                                                                                                                 
        "centralized": {                                                                                                                                    
            "test": {                                                                                                                                       
                "loss": "1.1661 -> 1.1661",                                                                                                                 
                "accuracy": "60.39% -> 60.39%"                                                                                                              
            }                                                                                                                                               
        },                                                                                                                                                  
        "all_clients": {                                                                                                                                    
            "test": {                                                                                                                                       
                "loss": "1.1661 -> 0.0000",                                                                                                                 
                "accuracy": "60.39% -> 0.00%"                                                                                                               
            }                                                                                                                                               
        }                                                                                                                                                   
    },                                                                                                                                                      
    "46": {                                                                                                                                                 
        "centralized": {                                                                                                                                    
            "test": {                                                                                                                                       
                "loss": "1.1929 -> 1.1929",                                                                                                                 
                "accuracy": "60.72% -> 60.72%"                                                                                                              
            }                                                                                                                                               
        },                                                                                                                                                  
        "all_clients": {                                                                                                                                    
            "test": {                                                                                                                                       
                "loss": "1.1929 -> 0.0000",                                                                                                                 
                "accuracy": "60.72% -> 0.00%"                                                                                                               
            }                                                                                                                                               
        }                                                                                                                                                   
    },                                                                                                                                                      
    "47": {                                                                                                                                                 
        "centralized": {                                                                                                                                    
            "test": {                                                                                                                                       
                "loss": "1.1807 -> 1.1807",                                                                                                                 
                "accuracy": "61.72% -> 61.72%"                                                                                                              
            }                                                                                                                                               
        },                                                                                                                                                  
        "all_clients": {                                                                                                                                    
            "test": {                                                                                                                                       
                "loss": "1.1807 -> 0.0000",                                                                                                                 
                "accuracy": "61.72% -> 0.00%"                                                                                                               
            }                                                                                                                                               
        }                                                                                                                                                   
    },                                                                                                                                                      
    "48": {                                                                                                                                                 
        "centralized": {                                                                                                                                    
            "test": {                                                                                                                                       
                "loss": "1.1482 -> 1.1482",                                                                                                                 
                "accuracy": "62.26% -> 62.26%"                                                                                                              
            }                                                                                                                                               
        },                                                                                                                                                  
        "all_clients": {                                                                                                                                    
            "test": {                                                                                                                                       
                "loss": "1.1482 -> 0.0000",                                                                                                                 
                "accuracy": "62.26% -> 0.00%"                                                                                                               
            }                                                                                                                                               
        }                                                                                                                                                   
    },                                                                                                                                                      
    "49": {                                                                                                                                                 
        "centralized": {                                                                                                                                    
            "test": {                                                                                                                                       
                "loss": "1.2304 -> 1.2304",                                                                                                                 
                "accuracy": "58.92% -> 58.92%"                                                                                                              
            }                                                                                                                                               
        },                                                                                                                                                  
        "all_clients": {                                                                                                                                    
            "test": {                                                                                                                                       
                "loss": "1.2304 -> 0.0000",                                                                                                                 
                "accuracy": "58.92% -> 0.00%"                                                                                                               
            }                                                                                                                                               
        }                                                                                                                                                   
    },                                                                                                                                                      
    "50": {                                                                                                                                                 
        "centralized": {                                                                                                                                    
            "test": {                                                                                                                                       
                "loss": "1.1922 -> 1.1922",                                                                                                                 
                "accuracy": "60.86% -> 60.86%"                                                                                                              
            }                                                                                                                                               
        },                                                                                                                                                  
        "all_clients": {                                                                                                                                    
            "test": {                                                                                                                                       
                "loss": "1.1922 -> 0.0000",                                                                                                                 
                "accuracy": "60.86% -> 0.00%"                                                                                                               
            }                                                                                                                                               
        }                                                                                                                                                   
    }                                                                                                                                                       
}                                                                                                                                                           
==================== CKADriftFedProx Max Accuracy ====================                                                                                      
all_clients:                                                                                                                                                
(test) before fine-tuning: 62.26% at epoch 48                                                                                                               
(test) after fine-tuning: 0.00% at epoch 1                                                                                                                  
centralized:                                                                                                                                                
(test) before fine-tuning: 62.26% at epoch 48                                                                                                               
(test) after fine-tuning: 62.26% at epoch 48                                                                                                                
