==================== CKADriftFedAvg ====================                                                                                                    
Experiment Arguments:                                                                                                                                       
{
│   'method': 'ckadriftfedavg',
│   'dataset': {
│   │   'name': 'cifar10',
│   │   'partition_dir': 'partitions/alpha_0.03/seed_123',
│   │   'client_num': 10,
│   │   'test_ratio': 0.25,
│   │   'val_ratio': 0.0,
│   │   'seed': 123,
│   │   'split': 'sample',
│   │   'IID_ratio': 0.0,
│   │   'alpha': 0.03,
│   │   'min_samples_per_client': 10,
│   │   'sample_fraction': 0.1,
│   │   'subset_seed': 42,
│   │   'monitor_window_name_suffix': 'cifar10-10clients-0%IID-Dir(0.03)-seed123-10pct'
│   },
│   'model': {
│   │   'name': 'vim_tiny',
│   │   'use_torchvision_pretrained_weights': False,
│   │   'external_model_weights_path': None
│   },
│   'optimizer': {
│   │   'lr': 0.01,
│   │   'dampening': 0,
│   │   'weight_decay': 0.0001,
│   │   'momentum': 0.9,
│   │   'nesterov': False,
│   │   'name': 'sgd'
│   },
│   'mode': 'serial',
│   'parallel': {
│   │   'ray_cluster_addr': None,
│   │   'num_cpus': 40,
│   │   'num_gpus': 0,
│   │   'num_workers': 5
│   },
│   'common': {
│   │   'seed': 123,
│   │   'join_ratio': 1.0,
│   │   'global_epoch': 50,
│   │   'local_epoch': 5,
│   │   'batch_size': 32,
│   │   'reset_optimizer_on_global_epoch': True,
│   │   'straggler_ratio': 0,
│   │   'straggler_min_local_epoch': 0,
│   │   'buffers': 'global',
│   │   'client_side_evaluation': True,
│   │   'test': {
│   │   │   'client': {
│   │   │   │   'interval': 1,
│   │   │   │   'finetune_epoch': 0,
│   │   │   │   'train': False,
│   │   │   │   'val': False,
│   │   │   │   'test': True
│   │   │   },
│   │   │   'server': {
│   │   │   │   'interval': 1,
│   │   │   │   'train': False,
│   │   │   │   'val': False,
│   │   │   │   'test': True,
│   │   │   │   'model_in_train_mode': False
│   │   │   }
│   │   },
│   │   'verbose_gap': 10,
│   │   'monitor': 'tensorboard',
│   │   'use_cuda': True,
│   │   'save_log': True,
│   │   'save_model': False,
│   │   'save_learning_curve_plot': True,
│   │   'save_metrics': True,
│   │   'delete_useless_run': True,
│   │   'dataloader_num_workers': 2,
│   │   'resume_checkpoint': None
│   },
│   'cka': {
│   │   'rounds': [
│   │   │   1,
│   │   │   2,
│   │   │   5,
│   │   │   10,
│   │   │   20,
│   │   │   30,
│   │   │   40,
│   │   │   50
│   │   ],
│   │   'client_sample': 10,
│   │   'probe_batches': 20,
│   │   'probe_batch_size': 16
│   },
│   'ckadriftfedavg': {},
│   'driftfedavg': {}
}
---------------------------- ROUND 1/50 START ----------------------------                                                                                  
Selected clients: [0, 4, 1, 6, 3, 2, 9, 5, 7, 8]                                                                                                            
  [Client 0] Starting local training...                                                                                                                     
  [Client 0] Finished training in 40.57s                                                                                                                    
  [Client 4] Starting local training...                                                                                                                     
  [Client 4] Finished training in 28.37s                                                                                                                    
  [Client 1] Starting local training...                                                                                                                     
  [Client 1] Finished training in 8.01s                                                                                                                     
  [Client 6] Starting local training...                                                                                                                     
  [Client 6] Finished training in 29.84s                                                                                                                    
  [Client 3] Starting local training...                                                                                                                     
  [Client 3] Finished training in 24.78s                                                                                                                    
  [Client 2] Starting local training...                                                                                                                     
  [Client 2] Finished training in 8.00s                                                                                                                     
  [Client 9] Starting local training...                                                                                                                     
  [Client 9] Finished training in 15.22s                                                                                                                    
  [Client 5] Starting local training...                                                                                                                     
  [Client 5] Finished training in 1.39s                                                                                                                     
  [Client 7] Starting local training...                                                                                                                     
  [Client 7] Finished training in 21.19s                                                                                                                    
  [Client 8] Starting local training...                                                                                                                     
  [Client 8] Finished training in 8.05s                                                                                                                     
  [CKA] Saved checkpoints for round 1 (10 clients) → /home/luis.mendezl/Thesis/logs/runs/cifar10/fedavg/vim_tiny/alpha0.03/seed123/checkpoints/round_0001   
  Starting weight aggregation...                                                                                                                            
  Aggregation completed in 0.06s                                                                                                                            
ROUND 1 FINISHED in 187.98s (Avg: 187.98s)                                                                                                                  
  [Resume] Saved training checkpoint after round 1 →                                                                                                        
/home/luis.mendezl/Thesis/logs/runs/cifar10/fedavg/vim_tiny/alpha0.03/seed123/checkpoints/training_state.pt                                                 
---------------------------- ROUND 2/50 START ----------------------------                                                                                  
Selected clients: [5, 0, 2, 1, 7, 4, 9, 3, 8, 6]                                                                                                            
  [Client 5] Starting local training...                                                                                                                     
  [Client 5] Finished training in 1.44s                                                                                                                     
  [Client 0] Starting local training...                                                                                                                     
  [Client 0] Finished training in 36.98s                                                                                                                    
  [Client 2] Starting local training...                                                                                                                     
  [Client 2] Finished training in 8.22s                                                                                                                     
  [Client 1] Starting local training...                                                                                                                     
  [Client 1] Finished training in 8.19s                                                                                                                     
  [Client 7] Starting local training...                                                                                                                     
  [Client 7] Finished training in 21.41s                                                                                                                    
  [Client 4] Starting local training...                                                                                                                     
  [Client 4] Finished training in 28.58s                                                                                                                    
  [Client 9] Starting local training...                                                                                                                     
  [Client 9] Finished training in 15.42s                                                                                                                    
  [Client 3] Starting local training...                                                                                                                     
  [Client 3] Finished training in 25.07s                                                                                                                    
  [Client 8] Starting local training...                                                                                                                     
  [Client 8] Finished training in 8.24s                                                                                                                     
  [Client 6] Starting local training...                                                                                                                     
  [Client 6] Finished training in 30.08s                                                                                                                    
  [CKA] Saved checkpoints for round 2 (10 clients) → /home/luis.mendezl/Thesis/logs/runs/cifar10/fedavg/vim_tiny/alpha0.03/seed123/checkpoints/round_0002   
  Starting weight aggregation...                                                                                                                            
  Aggregation completed in 0.06s                                                                                                                            
ROUND 2 FINISHED in 186.20s (Avg: 187.09s)                                                                                                                  
  [Resume] Saved training checkpoint after round 2 →                                                                                                        
/home/luis.mendezl/Thesis/logs/runs/cifar10/fedavg/vim_tiny/alpha0.03/seed123/checkpoints/training_state.pt                                                 
---------------------------- ROUND 3/50 START ----------------------------                                                                                  
Selected clients: [0, 6, 1, 4, 3, 9, 8, 7, 2, 5]                                                                                                            
  [Client 0] Starting local training...                                                                                                                     
  [Client 0] Finished training in 37.06s                                                                                                                    
  [Client 6] Starting local training...                                                                                                                     
  [Client 6] Finished training in 29.81s                                                                                                                    
  [Client 1] Starting local training...                                                                                                                     
  [Client 1] Finished training in 8.28s                                                                                                                     
  [Client 4] Starting local training...                                                                                                                     
  [Client 4] Finished training in 28.62s                                                                                                                    
  [Client 3] Starting local training...                                                                                                                     
  [Client 3] Finished training in 25.04s                                                                                                                    
  [Client 9] Starting local training...                                                                                                                     
  [Client 9] Finished training in 15.42s                                                                                                                    
  [Client 8] Starting local training...                                                                                                                     
  [Client 8] Finished training in 8.57s                                                                                                                     
  [Client 7] Starting local training...                                                                                                                     
  [Client 7] Finished training in 21.42s                                                                                                                    
  [Client 2] Starting local training...                                                                                                                     
  [Client 2] Finished training in 8.22s                                                                                                                     
  [Client 5] Starting local training...                                                                                                                     
  [Client 5] Finished training in 1.45s                                                                                                                     
  Starting weight aggregation...                                                                                                                            
  Aggregation completed in 0.06s                                                                                                                            
ROUND 3 FINISHED in 184.64s (Avg: 186.27s)                                                                                                                  
  [Resume] Saved training checkpoint after round 3 →                                                                                                        
/home/luis.mendezl/Thesis/logs/runs/cifar10/fedavg/vim_tiny/alpha0.03/seed123/checkpoints/training_state.pt                                                 
---------------------------- ROUND 4/50 START ----------------------------                                                                                  
Selected clients: [0, 1, 2, 8, 9, 7, 3, 4, 6, 5]                                                                                                            
  [Client 0] Starting local training...                                                                                                                     
  [Client 0] Finished training in 37.07s                                                                                                                    
  [Client 1] Starting local training...                                                                                                                     
  [Client 1] Finished training in 8.27s                                                                                                                     
  [Client 2] Starting local training...                                                                                                                     
  [Client 2] Finished training in 8.20s                                                                                                                     
  [Client 8] Starting local training...                                                                                                                     
  [Client 8] Finished training in 8.24s                                                                                                                     
  [Client 9] Starting local training...                                                                                                                     
  [Client 9] Finished training in 15.41s                                                                                                                    
  [Client 7] Starting local training...                                                                                                                     
  [Client 7] Finished training in 21.40s                                                                                                                    
  [Client 3] Starting local training...                                                                                                                     
  [Client 3] Finished training in 25.44s                                                                                                                    
  [Client 4] Starting local training...                                                                                                                     
  [Client 4] Finished training in 28.63s                                                                                                                    
  [Client 6] Starting local training...                                                                                                                     
  [Client 6] Finished training in 29.85s                                                                                                                    
  [Client 5] Starting local training...                                                                                                                     
  [Client 5] Finished training in 1.45s                                                                                                                     
  Starting weight aggregation...                                                                                                                            
  Aggregation completed in 0.06s                                                                                                                            
ROUND 4 FINISHED in 184.57s (Avg: 185.85s)                                                                                                                  
  [Resume] Saved training checkpoint after round 4 →                                                                                                        
/home/luis.mendezl/Thesis/logs/runs/cifar10/fedavg/vim_tiny/alpha0.03/seed123/checkpoints/training_state.pt                                                 
---------------------------- ROUND 5/50 START ----------------------------                                                                                  
Selected clients: [7, 0, 4, 2, 9, 3, 1, 6, 5, 8]                                                                                                            
  [Client 7] Starting local training...                                                                                                                     
  [Client 7] Finished training in 21.45s                                                                                                                    
  [Client 0] Starting local training...                                                                                                                     
  [Client 0] Finished training in 37.05s                                                                                                                    
  [Client 4] Starting local training...                                                                                                                     
  [Client 4] Finished training in 28.61s                                                                                                                    
  [Client 2] Starting local training...                                                                                                                     
  [Client 2] Finished training in 8.17s                                                                                                                     
  [Client 9] Starting local training...                                                                                                                     
  [Client 9] Finished training in 15.40s                                                                                                                    
  [Client 3] Starting local training...                                                                                                                     
  [Client 3] Finished training in 25.06s                                                                                                                    
  [Client 1] Starting local training...                                                                                                                     
  [Client 1] Finished training in 8.21s                                                                                                                     
  [Client 6] Starting local training...                                                                                                                     
  [Client 6] Finished training in 30.13s                                                                                                                    
  [Client 5] Starting local training...                                                                                                                     
  [Client 5] Finished training in 1.48s                                                                                                                     
  [Client 8] Starting local training...                                                                                                                     
  [Client 8] Finished training in 8.20s                                                                                                                     
  [CKA] Saved checkpoints for round 5 (10 clients) → /home/luis.mendezl/Thesis/logs/runs/cifar10/fedavg/vim_tiny/alpha0.03/seed123/checkpoints/round_0005   
  Starting weight aggregation...                                                                                                                            
  Aggregation completed in 0.05s                                                                                                                            
ROUND 5 FINISHED in 186.05s (Avg: 185.89s)                                                                                                                  
  [Resume] Saved training checkpoint after round 5 →                                                                                                        
/home/luis.mendezl/Thesis/logs/runs/cifar10/fedavg/vim_tiny/alpha0.03/seed123/checkpoints/training_state.pt                                                 
---------------------------- ROUND 6/50 START ----------------------------                                                                                  
Selected clients: [6, 8, 9, 5, 4, 7, 3, 2, 1, 0]                                                                                                            
  [Client 6] Starting local training...                                                                                                                     
  [Client 6] Finished training in 29.86s                                                                                                                    
  [Client 8] Starting local training...                                                                                                                     
  [Client 8] Finished training in 8.28s                                                                                                                     
  [Client 9] Starting local training...                                                                                                                     
  [Client 9] Finished training in 15.45s                                                                                                                    
  [Client 5] Starting local training...                                                                                                                     
  [Client 5] Finished training in 1.47s                                                                                                                     
  [Client 4] Starting local training...                                                                                                                     
  [Client 4] Finished training in 28.66s                                                                                                                    
  [Client 7] Starting local training...                                                                                                                     
  [Client 7] Finished training in 21.45s                                                                                                                    
  [Client 3] Starting local training...                                                                                                                     
  [Client 3] Finished training in 25.06s                                                                                                                    
  [Client 2] Starting local training...                                                                                                                     
  [Client 2] Finished training in 8.23s                                                                                                                     
  [Client 1] Starting local training...                                                                                                                     
  [Client 1] Finished training in 8.23s                                                                                                                     
  [Client 0] Starting local training...                                                                                                                     
  [Client 0] Finished training in 37.07s                                                                                                                    
  Starting weight aggregation...                                                                                                                            
  Aggregation completed in 0.06s                                                                                                                            
ROUND 6 FINISHED in 184.32s (Avg: 185.63s)                                                                                                                  
  [Resume] Saved training checkpoint after round 6 →                                                                                                        
/home/luis.mendezl/Thesis/logs/runs/cifar10/fedavg/vim_tiny/alpha0.03/seed123/checkpoints/training_state.pt                                                 
---------------------------- ROUND 7/50 START ----------------------------                                                                                  
Selected clients: [8, 0, 2, 5, 9, 3, 7, 6, 1, 4]                                                                                                            
  [Client 8] Starting local training...                                                                                                                     
  [Client 8] Finished training in 8.25s                                                                                                                     
  [Client 0] Starting local training...                                                                                                                     
  [Client 0] Finished training in 37.09s                                                                                                                    
  [Client 2] Starting local training...                                                                                                                     
  [Client 2] Finished training in 8.20s                                                                                                                     
  [Client 5] Starting local training...                                                                                                                     
  [Client 5] Finished training in 1.47s                                                                                                                     
  [Client 9] Starting local training...                                                                                                                     
  [Client 9] Finished training in 15.75s                                                                                                                    
  [Client 3] Starting local training...                                                                                                                     
  [Client 3] Finished training in 25.15s                                                                                                                    
  [Client 7] Starting local training...                                                                                                                     
  [Client 7] Finished training in 21.47s                                                                                                                    
  [Client 6] Starting local training...                                                                                                                     
  [Client 6] Finished training in 29.85s                                                                                                                    
  [Client 1] Starting local training...                                                                                                                     
  [Client 1] Finished training in 8.25s                                                                                                                     
  [Client 4] Starting local training...                                                                                                                     
  [Client 4] Finished training in 28.66s                                                                                                                    
  Starting weight aggregation...                                                                                                                            
  Aggregation completed in 0.05s                                                                                                                            
ROUND 7 FINISHED in 184.68s (Avg: 185.49s)                                                                                                                  
  [Resume] Saved training checkpoint after round 7 →                                                                                                        
/home/luis.mendezl/Thesis/logs/runs/cifar10/fedavg/vim_tiny/alpha0.03/seed123/checkpoints/training_state.pt                                                 
---------------------------- ROUND 8/50 START ----------------------------                                                                                  
Selected clients: [8, 6, 1, 5, 3, 9, 2, 0, 4, 7]                                                                                                            
  [Client 8] Starting local training...                                                                                                                     
  [Client 8] Finished training in 8.28s                                                                                                                     
  [Client 6] Starting local training...                                                                                                                     
  [Client 6] Finished training in 29.90s                                                                                                                    
  [Client 1] Starting local training...                                                                                                                     
  [Client 1] Finished training in 8.25s                                                                                                                     
  [Client 5] Starting local training...                                                                                                                     
  [Client 5] Finished training in 1.49s                                                                                                                     
  [Client 3] Starting local training...                                                                                                                     
  [Client 3] Finished training in 25.10s                                                                                                                    
  [Client 9] Starting local training...                                                                                                                     
  [Client 9] Finished training in 15.48s                                                                                                                    
  [Client 2] Starting local training...                                                                                                                     
  [Client 2] Finished training in 8.24s                                                                                                                     
  [Client 0] Starting local training...                                                                                                                     
  [Client 0] Finished training in 37.10s                                                                                                                    
  [Client 4] Starting local training...                                                                                                                     
  [Client 4] Finished training in 28.67s                                                                                                                    
  [Client 7] Starting local training...                                                                                                                     
  [Client 7] Finished training in 21.45s                                                                                                                    
  Starting weight aggregation...                                                                                                                            
  Aggregation completed in 0.05s                                                                                                                            
ROUND 8 FINISHED in 184.49s (Avg: 185.37s)                                                                                                                  
  [Resume] Saved training checkpoint after round 8 →                                                                                                        
/home/luis.mendezl/Thesis/logs/runs/cifar10/fedavg/vim_tiny/alpha0.03/seed123/checkpoints/training_state.pt                                                 
---------------------------- ROUND 9/50 START ----------------------------                                                                                  
Selected clients: [5, 0, 9, 1, 3, 4, 8, 2, 6, 7]                                                                                                            
  [Client 5] Starting local training...                                                                                                                     
  [Client 5] Finished training in 1.46s                                                                                                                     
  [Client 0] Starting local training...                                                                                                                     
  [Client 0] Finished training in 37.41s                                                                                                                    
  [Client 9] Starting local training...                                                                                                                     
  [Client 9] Finished training in 15.50s                                                                                                                    
  [Client 1] Starting local training...                                                                                                                     
  [Client 1] Finished training in 8.27s                                                                                                                     
  [Client 3] Starting local training...                                                                                                                     
  [Client 3] Finished training in 25.12s                                                                                                                    
  [Client 4] Starting local training...                                                                                                                     
  [Client 4] Finished training in 28.69s                                                                                                                    
  [Client 8] Starting local training...                                                                                                                     
  [Client 8] Finished training in 8.25s                                                                                                                     
  [Client 2] Starting local training...                                                                                                                     
  [Client 2] Finished training in 8.20s                                                                                                                     
  [Client 6] Starting local training...                                                                                                                     
  [Client 6] Finished training in 29.84s                                                                                                                    
  [Client 7] Starting local training...                                                                                                                     
  [Client 7] Finished training in 21.45s                                                                                                                    
  Starting weight aggregation...                                                                                                                            
  Aggregation completed in 0.05s                                                                                                                            
ROUND 9 FINISHED in 184.85s (Avg: 185.31s)                                                                                                                  
  [Resume] Saved training checkpoint after round 9 →                                                                                                        
/home/luis.mendezl/Thesis/logs/runs/cifar10/fedavg/vim_tiny/alpha0.03/seed123/checkpoints/training_state.pt                                                 
---------------------------- ROUND 10/50 START ----------------------------                                                                                 
Selected clients: [3, 8, 7, 1, 6, 4, 9, 5, 2, 0]                                                                                                            
  [Client 3] Starting local training...                                                                                                                     
  [Client 3] Finished training in 25.08s                                                                                                                    
client [3]  (testset)   loss: 2.1337 -> 0.6301  accuracy: 31.28% -> 69.19%                                                                                  
  [Client 8] Starting local training...                                                                                                                     
  [Client 8] Finished training in 8.27s                                                                                                                     
client [8]  (testset)   loss: 1.5246 -> 0.7454  accuracy: 53.33% -> 76.67%                                                                                  
  [Client 7] Starting local training...                                                                                                                     
  [Client 7] Finished training in 21.45s                                                                                                                    
client [7]  (testset)   loss: 2.0809 -> 0.3735  accuracy: 4.65% -> 86.63%                                                                                   
  [Client 1] Starting local training...                                                                                                                     
  [Client 1] Finished training in 8.26s                                                                                                                     
client [1]  (testset)   loss: 2.3035 -> 0.5231  accuracy: 3.23% -> 88.71%                                                                                   
  [Client 6] Starting local training...                                                                                                                     
  [Client 6] Finished training in 29.86s                                                                                                                    
client [6]  (testset)   loss: 1.8088 -> 0.6082  accuracy: 32.65% -> 75.10%                                                                                  
  [Client 4] Starting local training...                                                                                                                     
  [Client 4] Finished training in 28.70s                                                                                                                    
client [4]  (testset)   loss: 1.9953 -> 0.6384  accuracy: 40.08% -> 71.07%                                                                                  
  [Client 9] Starting local training...                                                                                                                     
  [Client 9] Finished training in 15.45s                                                                                                                    
client [9]  (testset)   loss: 2.4075 -> 0.5893  accuracy: 0.00% -> 79.20%                                                                                   
  [Client 5] Starting local training...                                                                                                                     
  [Client 5] Finished training in 1.48s                                                                                                                     
client [5]  (testset)   loss: 2.1755 -> 2.1755  accuracy: 0.00% -> 0.00%                                                                                    
  [Client 2] Starting local training...                                                                                                                     
  [Client 2] Finished training in 8.26s                                                                                                                     
client [2]  (testset)   loss: 2.5269 -> 0.0000  accuracy: 1.79% -> 100.00%                                                                                  
  [Client 0] Starting local training...                                                                                                                     
  [Client 0] Finished training in 37.13s                                                                                                                    
client [0]  (testset)   loss: 2.4331 -> 0.9804  accuracy: 1.89% -> 48.26%                                                                                   
  [CKA] Saved checkpoints for round 10 (10 clients) → /home/luis.mendezl/Thesis/logs/runs/cifar10/fedavg/vim_tiny/alpha0.03/seed123/checkpoints/round_0010  
  Starting weight aggregation...                                                                                                                            
  Aggregation completed in 0.05s                                                                                                                            
ROUND 10 FINISHED in 186.33s (Avg: 185.41s)                                                                                                                 
  [Resume] Saved training checkpoint after round 10 →                                                                                                       
/home/luis.mendezl/Thesis/logs/runs/cifar10/fedavg/vim_tiny/alpha0.03/seed123/checkpoints/training_state.pt                                                 
---------------------------- ROUND 11/50 START ----------------------------                                                                                 
Selected clients: [0, 2, 7, 1, 9, 8, 4, 3, 6, 5]                                                                                                            
  [Client 0] Starting local training...                                                                                                                     
  [Client 0] Finished training in 37.14s                                                                                                                    
  [Client 2] Starting local training...                                                                                                                     
  [Client 2] Finished training in 8.26s                                                                                                                     
  [Client 7] Starting local training...                                                                                                                     
  [Client 7] Finished training in 21.46s                                                                                                                    
  [Client 1] Starting local training...                                                                                                                     
  [Client 1] Finished training in 8.28s                                                                                                                     
  [Client 9] Starting local training...                                                                                                                     
  [Client 9] Finished training in 15.47s                                                                                                                    
  [Client 8] Starting local training...                                                                                                                     
  [Client 8] Finished training in 8.24s                                                                                                                     
  [Client 4] Starting local training...                                                                                                                     
  [Client 4] Finished training in 28.66s                                                                                                                    
  [Client 3] Starting local training...                                                                                                                     
  [Client 3] Finished training in 25.05s                                                                                                                    
  [Client 6] Starting local training...                                                                                                                     
  [Client 6] Finished training in 29.84s                                                                                                                    
  [Client 5] Starting local training...                                                                                                                     
  [Client 5] Finished training in 1.49s                                                                                                                     
  Starting weight aggregation...                                                                                                                            
  Aggregation completed in 0.05s                                                                                                                            
ROUND 11 FINISHED in 184.45s (Avg: 185.32s)                                                                                                                 
  [Resume] Saved training checkpoint after round 11 →                                                                                                       
/home/luis.mendezl/Thesis/logs/runs/cifar10/fedavg/vim_tiny/alpha0.03/seed123/checkpoints/training_state.pt                                                 
---------------------------- ROUND 12/50 START ----------------------------                                                                                 
Selected clients: [6, 0, 1, 4, 8, 9, 2, 3, 5, 7]                                                                                                            
  [Client 6] Starting local training...                                                                                                                     
  [Client 6] Finished training in 29.84s                                                                                                                    
  [Client 0] Starting local training...                                                                                                                     
  [Client 0] Finished training in 37.06s                                                                                                                    
  [Client 1] Starting local training...                                                                                                                     
  [Client 1] Finished training in 8.26s                                                                                                                     
  [Client 4] Starting local training...                                                                                                                     
  [Client 4] Finished training in 28.69s                                                                                                                    
  [Client 8] Starting local training...                                                                                                                     
  [Client 8] Finished training in 8.26s                                                                                                                     
  [Client 9] Starting local training...                                                                                                                     
  [Client 9] Finished training in 15.47s                                                                                                                    
  [Client 2] Starting local training...                                                                                                                     
  [Client 2] Finished training in 8.25s                                                                                                                     
  [Client 3] Starting local training...                                                                                                                     
  [Client 3] Finished training in 25.05s                                                                                                                    
  [Client 5] Starting local training...                                                                                                                     
  [Client 5] Finished training in 1.50s                                                                                                                     
  [Client 7] Starting local training...                                                                                                                     
  [Client 7] Finished training in 21.44s                                                                                                                    
  Starting weight aggregation...                                                                                                                            
  Aggregation completed in 0.06s                                                                                                                            
ROUND 12 FINISHED in 184.38s (Avg: 185.25s)                                                                                                                 
  [Resume] Saved training checkpoint after round 12 →                                                                                                       
/home/luis.mendezl/Thesis/logs/runs/cifar10/fedavg/vim_tiny/alpha0.03/seed123/checkpoints/training_state.pt                                                 
---------------------------- ROUND 13/50 START ----------------------------                                                                                 
Selected clients: [6, 0, 9, 8, 4, 3, 7, 1, 2, 5]                                                                                                            
  [Client 6] Starting local training...                                                                                                                     
  [Client 6] Finished training in 29.87s                                                                                                                    
  [Client 0] Starting local training...                                                                                                                     
  [Client 0] Finished training in 37.12s                                                                                                                    
  [Client 9] Starting local training...                                                                                                                     
  [Client 9] Finished training in 15.49s                                                                                                                    
  [Client 8] Starting local training...                                                                                                                     
  [Client 8] Finished training in 8.32s                                                                                                                     
  [Client 4] Starting local training...                                                                                                                     
  [Client 4] Finished training in 28.74s                                                                                                                    
  [Client 3] Starting local training...                                                                                                                     
  [Client 3] Finished training in 25.43s                                                                                                                    
  [Client 7] Starting local training...                                                                                                                     
  [Client 7] Finished training in 21.82s                                                                                                                    
  [Client 1] Starting local training...                                                                                                                     
  [Client 1] Finished training in 8.29s                                                                                                                     
  [Client 2] Starting local training...                                                                                                                     
  [Client 2] Finished training in 8.53s                                                                                                                     
  [Client 5] Starting local training...                                                                                                                     
  [Client 5] Finished training in 1.52s                                                                                                                     
  Starting weight aggregation...                                                                                                                            
  Aggregation completed in 0.06s                                                                                                                            
ROUND 13 FINISHED in 185.74s (Avg: 185.28s)                                                                                                                 
  [Resume] Saved training checkpoint after round 13 →                                                                                                       
/home/luis.mendezl/Thesis/logs/runs/cifar10/fedavg/vim_tiny/alpha0.03/seed123/checkpoints/training_state.pt                                                 
---------------------------- ROUND 14/50 START ----------------------------                                                                                 
Selected clients: [0, 8, 5, 3, 2, 9, 1, 6, 4, 7]                                                                                                            
  [Client 0] Starting local training...                                                                                                                     
  [Client 0] Finished training in 37.12s                                                                                                                    
  [Client 8] Starting local training...                                                                                                                     
  [Client 8] Finished training in 8.34s                                                                                                                     
  [Client 5] Starting local training...                                                                                                                     
  [Client 5] Finished training in 1.50s                                                                                                                     
  [Client 3] Starting local training...                                                                                                                     
  [Client 3] Finished training in 25.11s                                                                                                                    
  [Client 2] Starting local training...                                                                                                                     
  [Client 2] Finished training in 8.31s                                                                                                                     
  [Client 9] Starting local training...                                                                                                                     
  [Client 9] Finished training in 15.51s                                                                                                                    
  [Client 1] Starting local training...                                                                                                                     
  [Client 1] Finished training in 8.28s                                                                                                                     
  [Client 6] Starting local training...                                                                                                                     
  [Client 6] Finished training in 29.90s                                                                                                                    
  [Client 4] Starting local training...                                                                                                                     
  [Client 4] Finished training in 28.69s                                                                                                                    
  [Client 7] Starting local training...                                                                                                                     
  [Client 7] Finished training in 21.48s                                                                                                                    
  Starting weight aggregation...                                                                                                                            
  Aggregation completed in 0.06s                                                                                                                            
ROUND 14 FINISHED in 184.79s (Avg: 185.25s)                                                                                                                 
  [Resume] Saved training checkpoint after round 14 →                                                                                                       
/home/luis.mendezl/Thesis/logs/runs/cifar10/fedavg/vim_tiny/alpha0.03/seed123/checkpoints/training_state.pt                                                 
---------------------------- ROUND 15/50 START ----------------------------                                                                                 
Selected clients: [5, 3, 1, 6, 9, 0, 8, 2, 7, 4]                                                                                                            
  [Client 5] Starting local training...                                                                                                                     
  [Client 5] Finished training in 1.53s                                                                                                                     
  [Client 3] Starting local training...                                                                                                                     
  [Client 3] Finished training in 25.11s                                                                                                                    
  [Client 1] Starting local training...                                                                                                                     
  [Client 1] Finished training in 8.51s                                                                                                                     
  [Client 6] Starting local training...                                                                                                                     
  [Client 6] Finished training in 30.19s                                                                                                                    
  [Client 9] Starting local training...                                                                                                                     
  [Client 9] Finished training in 15.50s                                                                                                                    
  [Client 0] Starting local training...                                                                                                                     
  [Client 0] Finished training in 37.11s                                                                                                                    
  [Client 8] Starting local training...                                                                                                                     
  [Client 8] Finished training in 8.28s                                                                                                                     
  [Client 2] Starting local training...                                                                                                                     
  [Client 2] Finished training in 8.30s                                                                                                                     
  [Client 7] Starting local training...                                                                                                                     
  [Client 7] Finished training in 21.50s                                                                                                                    
  [Client 4] Starting local training...                                                                                                                     
  [Client 4] Finished training in 28.72s                                                                                                                    
  Starting weight aggregation...                                                                                                                            
  Aggregation completed in 0.06s                                                                                                                            
ROUND 15 FINISHED in 185.33s (Avg: 185.25s)                                                                                                                 
  [Resume] Saved training checkpoint after round 15 →                                                                                                       
/home/luis.mendezl/Thesis/logs/runs/cifar10/fedavg/vim_tiny/alpha0.03/seed123/checkpoints/training_state.pt                                                 
---------------------------- ROUND 16/50 START ----------------------------                                                                                 
Selected clients: [4, 6, 5, 1, 9, 2, 0, 7, 3, 8]                                                                                                            
  [Client 4] Starting local training...                                                                                                                     
  [Client 4] Finished training in 28.79s                                                                                                                    
  [Client 6] Starting local training...                                                                                                                     
  [Client 6] Finished training in 29.92s                                                                                                                    
  [Client 5] Starting local training...                                                                                                                     
  [Client 5] Finished training in 1.52s                                                                                                                     
  [Client 1] Starting local training...                                                                                                                     
  [Client 1] Finished training in 8.29s                                                                                                                     
  [Client 9] Starting local training...                                                                                                                     
  [Client 9] Finished training in 15.51s                                                                                                                    
  [Client 2] Starting local training...                                                                                                                     
  [Client 2] Finished training in 8.28s                                                                                                                     
  [Client 0] Starting local training...                                                                                                                     
  [Client 0] Finished training in 37.17s                                                                                                                    
  [Client 7] Starting local training...                                                                                                                     
  [Client 7] Finished training in 21.50s                                                                                                                    
  [Client 3] Starting local training...                                                                                                                     
  [Client 3] Finished training in 25.10s                                                                                                                    
  [Client 8] Starting local training...                                                                                                                     
  [Client 8] Finished training in 8.39s                                                                                                                     
  Starting weight aggregation...                                                                                                                            
  Aggregation completed in 0.06s                                                                                                                            
ROUND 16 FINISHED in 185.01s (Avg: 185.24s)                                                                                                                 
  [Resume] Saved training checkpoint after round 16 →                                                                                                       
/home/luis.mendezl/Thesis/logs/runs/cifar10/fedavg/vim_tiny/alpha0.03/seed123/checkpoints/training_state.pt                                                 
---------------------------- ROUND 17/50 START ----------------------------                                                                                 
Selected clients: [6, 0, 2, 3, 5, 8, 7, 1, 9, 4]                                                                                                            
  [Client 6] Starting local training...                                                                                                                     
  [Client 6] Finished training in 29.94s                                                                                                                    
  [Client 0] Starting local training...                                                                                                                     
  [Client 0] Finished training in 37.16s                                                                                                                    
  [Client 2] Starting local training...                                                                                                                     
  [Client 2] Finished training in 8.33s                                                                                                                     
  [Client 3] Starting local training...                                                                                                                     
  [Client 3] Finished training in 25.12s                                                                                                                    
  [Client 5] Starting local training...                                                                                                                     
  [Client 5] Finished training in 1.52s                                                                                                                     
  [Client 8] Starting local training...                                                                                                                     
  [Client 8] Finished training in 8.32s                                                                                                                     
  [Client 7] Starting local training...                                                                                                                     
  [Client 7] Finished training in 21.49s                                                                                                                    
  [Client 1] Starting local training...                                                                                                                     
  [Client 1] Finished training in 8.33s                                                                                                                     
  [Client 9] Starting local training...                                                                                                                     
  [Client 9] Finished training in 15.50s                                                                                                                    
  [Client 4] Starting local training...                                                                                                                     
  [Client 4] Finished training in 28.73s                                                                                                                    
  Starting weight aggregation...                                                                                                                            
  Aggregation completed in 0.05s                                                                                                                            
ROUND 17 FINISHED in 184.98s (Avg: 185.22s)                                                                                                                 
  [Resume] Saved training checkpoint after round 17 →                                                                                                       
/home/luis.mendezl/Thesis/logs/runs/cifar10/fedavg/vim_tiny/alpha0.03/seed123/checkpoints/training_state.pt                                                 
---------------------------- ROUND 18/50 START ----------------------------                                                                                 
Selected clients: [6, 0, 2, 4, 7, 9, 1, 3, 8, 5]                                                                                                            
  [Client 6] Starting local training...                                                                                                                     
  [Client 6] Finished training in 29.91s                                                                                                                    
  [Client 0] Starting local training...                                                                                                                     
  [Client 0] Finished training in 37.15s                                                                                                                    
  [Client 2] Starting local training...                                                                                                                     
  [Client 2] Finished training in 8.93s                                                                                                                     
  [Client 4] Starting local training...                                                                                                                     
  [Client 4] Finished training in 28.78s                                                                                                                    
  [Client 7] Starting local training...                                                                                                                     
  [Client 7] Finished training in 21.48s                                                                                                                    
  [Client 9] Starting local training...                                                                                                                     
  [Client 9] Finished training in 15.55s                                                                                                                    
  [Client 1] Starting local training...                                                                                                                     
  [Client 1] Finished training in 8.32s                                                                                                                     
  [Client 3] Starting local training...                                                                                                                     
  [Client 3] Finished training in 25.14s                                                                                                                    
  [Client 8] Starting local training...                                                                                                                     
  [Client 8] Finished training in 8.30s                                                                                                                     
  [Client 5] Starting local training...                                                                                                                     
  [Client 5] Finished training in 1.54s                                                                                                                     
  Starting weight aggregation...                                                                                                                            
  Aggregation completed in 0.06s                                                                                                                            
ROUND 18 FINISHED in 185.67s (Avg: 185.25s)                                                                                                                 
  [Resume] Saved training checkpoint after round 18 →                                                                                                       
/home/luis.mendezl/Thesis/logs/runs/cifar10/fedavg/vim_tiny/alpha0.03/seed123/checkpoints/training_state.pt                                                 
---------------------------- ROUND 19/50 START ----------------------------                                                                                 
Selected clients: [3, 5, 1, 2, 4, 7, 8, 9, 6, 0]                                                                                                            
  [Client 3] Starting local training...                                                                                                                     
  [Client 3] Finished training in 25.17s                                                                                                                    
  [Client 5] Starting local training...                                                                                                                     
  [Client 5] Finished training in 1.50s                                                                                                                     
  [Client 1] Starting local training...                                                                                                                     
  [Client 1] Finished training in 8.30s                                                                                                                     
  [Client 2] Starting local training...                                                                                                                     
  [Client 2] Finished training in 8.27s                                                                                                                     
  [Client 4] Starting local training...                                                                                                                     
  [Client 4] Finished training in 28.75s                                                                                                                    
  [Client 7] Starting local training...                                                                                                                     
  [Client 7] Finished training in 21.49s                                                                                                                    
  [Client 8] Starting local training...                                                                                                                     
  [Client 8] Finished training in 8.28s                                                                                                                     
  [Client 9] Starting local training...                                                                                                                     
  [Client 9] Finished training in 15.51s                                                                                                                    
  [Client 6] Starting local training...                                                                                                                     
  [Client 6] Finished training in 29.89s                                                                                                                    
  [Client 0] Starting local training...                                                                                                                     
  [Client 0] Finished training in 37.42s                                                                                                                    
  Starting weight aggregation...                                                                                                                            
  Aggregation completed in 0.06s                                                                                                                            
ROUND 19 FINISHED in 185.11s (Avg: 185.24s)                                                                                                                 
  [Resume] Saved training checkpoint after round 19 →                                                                                                       
/home/luis.mendezl/Thesis/logs/runs/cifar10/fedavg/vim_tiny/alpha0.03/seed123/checkpoints/training_state.pt                                                 
---------------------------- ROUND 20/50 START ----------------------------                                                                                 
Selected clients: [0, 8, 1, 7, 4, 6, 9, 3, 5, 2]                                                                                                            
  [Client 0] Starting local training...                                                                                                                     
  [Client 0] Finished training in 37.16s                                                                                                                    
client [0]  (testset)   loss: 2.1558 -> 0.8119  accuracy: 13.88% -> 63.72%                                                                                  
  [Client 8] Starting local training...                                                                                                                     
  [Client 8] Finished training in 8.31s                                                                                                                     
client [8]  (testset)   loss: 1.2999 -> 0.6916  accuracy: 63.33% -> 75.00%                                                                                  
  [Client 1] Starting local training...                                                                                                                     
  [Client 1] Finished training in 8.33s                                                                                                                     
client [1]  (testset)   loss: 2.0645 -> 0.6485  accuracy: 9.68% -> 91.94%                                                                                   
  [Client 7] Starting local training...                                                                                                                     
  [Client 7] Finished training in 21.51s                                                                                                                    
client [7]  (testset)   loss: 1.7449 -> 0.3698  accuracy: 23.84% -> 88.37%                                                                                  
  [Client 4] Starting local training...                                                                                                                     
  [Client 4] Finished training in 28.75s                                                                                                                    
client [4]  (testset)   loss: 1.8726 -> 0.5458  accuracy: 39.67% -> 79.34%                                                                                  
  [Client 6] Starting local training...                                                                                                                     
  [Client 6] Finished training in 29.91s                                                                                                                    
client [6]  (testset)   loss: 1.6474 -> 0.6522  accuracy: 42.04% -> 74.69%                                                                                  
  [Client 9] Starting local training...                                                                                                                     
  [Client 9] Finished training in 15.51s                                                                                                                    
client [9]  (testset)   loss: 2.2342 -> 0.5197  accuracy: 5.60% -> 84.00%                                                                                   
  [Client 3] Starting local training...                                                                                                                     
  [Client 3] Finished training in 25.13s                                                                                                                    
client [3]  (testset)   loss: 1.9083 -> 0.5858  accuracy: 41.71% -> 71.09%                                                                                  
  [Client 5] Starting local training...                                                                                                                     
  [Client 5] Finished training in 1.51s                                                                                                                     
client [5]  (testset)   loss: 1.6155 -> 1.6155  accuracy: 0.00% -> 0.00%                                                                                    
  [Client 2] Starting local training...                                                                                                                     
  [Client 2] Finished training in 8.26s                                                                                                                     
client [2]  (testset)   loss: 2.4159 -> 0.0000  accuracy: 1.79% -> 100.00%                                                                                  
  [CKA] Saved checkpoints for round 20 (10 clients) → /home/luis.mendezl/Thesis/logs/runs/cifar10/fedavg/vim_tiny/alpha0.03/seed123/checkpoints/round_0020  
  Starting weight aggregation...                                                                                                                            
  Aggregation completed in 0.05s                                                                                                                            
ROUND 20 FINISHED in 186.62s (Avg: 185.31s)                                                                                                                 
  [Resume] Saved training checkpoint after round 20 →                                                                                                       
/home/luis.mendezl/Thesis/logs/runs/cifar10/fedavg/vim_tiny/alpha0.03/seed123/checkpoints/training_state.pt                                                 
---------------------------- ROUND 21/50 START ----------------------------                                                                                 
Selected clients: [1, 5, 9, 2, 4, 8, 7, 6, 0, 3]                                                                                                            
  [Client 1] Starting local training...                                                                                                                     
  [Client 1] Finished training in 8.32s                                                                                                                     
  [Client 5] Starting local training...                                                                                                                     
  [Client 5] Finished training in 1.54s                                                                                                                     
  [Client 9] Starting local training...                                                                                                                     
  [Client 9] Finished training in 15.50s                                                                                                                    
  [Client 2] Starting local training...                                                                                                                     
  [Client 2] Finished training in 8.26s                                                                                                                     
  [Client 4] Starting local training...                                                                                                                     
  [Client 4] Finished training in 28.73s                                                                                                                    
  [Client 8] Starting local training...                                                                                                                     
  [Client 8] Finished training in 8.31s                                                                                                                     
  [Client 7] Starting local training...                                                                                                                     
  [Client 7] Finished training in 21.85s                                                                                                                    
  [Client 6] Starting local training...                                                                                                                     
  [Client 6] Finished training in 29.90s                                                                                                                    
  [Client 0] Starting local training...                                                                                                                     
  [Client 0] Finished training in 37.15s                                                                                                                    
  [Client 3] Starting local training...                                                                                                                     
  [Client 3] Finished training in 25.43s                                                                                                                    
  Starting weight aggregation...                                                                                                                            
  Aggregation completed in 0.05s                                                                                                                            
ROUND 21 FINISHED in 185.52s (Avg: 185.32s)                                                                                                                 
  [Resume] Saved training checkpoint after round 21 →                                                                                                       
/home/luis.mendezl/Thesis/logs/runs/cifar10/fedavg/vim_tiny/alpha0.03/seed123/checkpoints/training_state.pt                                                 
---------------------------- ROUND 22/50 START ----------------------------                                                                                 
Selected clients: [7, 6, 0, 2, 5, 4, 3, 1, 8, 9]                                                                                                            
  [Client 7] Starting local training...                                                                                                                     
  [Client 7] Finished training in 21.53s                                                                                                                    
  [Client 6] Starting local training...                                                                                                                     
  [Client 6] Finished training in 29.92s                                                                                                                    
  [Client 0] Starting local training...                                                                                                                     
  [Client 0] Finished training in 37.13s                                                                                                                    
  [Client 2] Starting local training...                                                                                                                     
  [Client 2] Finished training in 8.29s                                                                                                                     
  [Client 5] Starting local training...                                                                                                                     
  [Client 5] Finished training in 1.53s                                                                                                                     
  [Client 4] Starting local training...                                                                                                                     
  [Client 4] Finished training in 28.74s                                                                                                                    
  [Client 3] Starting local training...                                                                                                                     
  [Client 3] Finished training in 25.08s                                                                                                                    
  [Client 1] Starting local training...                                                                                                                     
  [Client 1] Finished training in 8.30s                                                                                                                     
  [Client 8] Starting local training...                                                                                                                     
  [Client 8] Finished training in 8.29s                                                                                                                     
  [Client 9] Starting local training...                                                                                                                     
  [Client 9] Finished training in 15.48s                                                                                                                    
  Starting weight aggregation...                                                                                                                            
  Aggregation completed in 0.05s                                                                                                                            
ROUND 22 FINISHED in 184.83s (Avg: 185.30s)                                                                                                                 
  [Resume] Saved training checkpoint after round 22 →                                                                                                       
/home/luis.mendezl/Thesis/logs/runs/cifar10/fedavg/vim_tiny/alpha0.03/seed123/checkpoints/training_state.pt                                                 
---------------------------- ROUND 23/50 START ----------------------------                                                                                 
Selected clients: [8, 2, 0, 6, 4, 5, 3, 1, 7, 9]                                                                                                            
  [Client 8] Starting local training...                                                                                                                     
  [Client 8] Finished training in 8.29s                                                                                                                     
  [Client 2] Starting local training...                                                                                                                     
  [Client 2] Finished training in 8.27s                                                                                                                     
  [Client 0] Starting local training...                                                                                                                     
  [Client 0] Finished training in 37.09s                                                                                                                    
  [Client 6] Starting local training...                                                                                                                     
  [Client 6] Finished training in 29.86s                                                                                                                    
  [Client 4] Starting local training...                                                                                                                     
  [Client 4] Finished training in 28.70s                                                                                                                    
  [Client 5] Starting local training...                                                                                                                     
  [Client 5] Finished training in 1.52s                                                                                                                     
  [Client 3] Starting local training...                                                                                                                     
  [Client 3] Finished training in 25.07s                                                                                                                    
  [Client 1] Starting local training...                                                                                                                     
  [Client 1] Finished training in 8.28s                                                                                                                     
  [Client 7] Starting local training...                                                                                                                     
  [Client 7] Finished training in 21.48s                                                                                                                    
  [Client 9] Starting local training...                                                                                                                     
  [Client 9] Finished training in 15.47s                                                                                                                    
  Starting weight aggregation...                                                                                                                            
  Aggregation completed in 0.05s                                                                                                                            
ROUND 23 FINISHED in 184.57s (Avg: 185.27s)                                                                                                                 
  [Resume] Saved training checkpoint after round 23 →                                                                                                       
/home/luis.mendezl/Thesis/logs/runs/cifar10/fedavg/vim_tiny/alpha0.03/seed123/checkpoints/training_state.pt                                                 
---------------------------- ROUND 24/50 START ----------------------------                                                                                 
Selected clients: [5, 7, 9, 8, 3, 2, 4, 0, 1, 6]                                                                                                            
  [Client 5] Starting local training...                                                                                                                     
  [Client 5] Finished training in 1.39s                                                                                                                     
  [Client 7] Starting local training...                                                                                                                     
  [Client 7] Finished training in 21.31s                                                                                                                    
  [Client 9] Starting local training...                                                                                                                     
  [Client 9] Finished training in 15.35s                                                                                                                    
  [Client 8] Starting local training...                                                                                                                     
  [Client 8] Finished training in 8.11s                                                                                                                     
  [Client 3] Starting local training...                                                                                                                     
  [Client 3] Finished training in 24.97s                                                                                                                    
  [Client 2] Starting local training...                                                                                                                     
  [Client 2] Finished training in 8.10s                                                                                                                     
  [Client 4] Starting local training...                                                                                                                     
  [Client 4] Finished training in 28.55s                                                                                                                    
  [Client 0] Starting local training...                                                                                                                     
  [Client 0] Finished training in 37.03s                                                                                                                    
  [Client 1] Starting local training...                                                                                                                     
  [Client 1] Finished training in 8.16s                                                                                                                     
  [Client 6] Starting local training...                                                                                                                     
  [Client 6] Finished training in 29.76s                                                                                                                    
  Starting weight aggregation...                                                                                                                            
  Aggregation completed in 0.05s                                                                                                                            
ROUND 24 FINISHED in 183.31s (Avg: 185.18s)                                                                                                                 
  [Resume] Saved training checkpoint after round 24 →                                                                                                       
/home/luis.mendezl/Thesis/logs/runs/cifar10/fedavg/vim_tiny/alpha0.03/seed123/checkpoints/training_state.pt                                                 
---------------------------- ROUND 25/50 START ----------------------------                                                                                 
Selected clients: [3, 2, 6, 7, 0, 9, 4, 8, 1, 5]                                                                                                            
  [Client 3] Starting local training...                                                                                                                     
  [Client 3] Finished training in 25.18s                                                                                                                    
  [Client 2] Starting local training...                                                                                                                     
  [Client 2] Finished training in 8.30s                                                                                                                     
  [Client 6] Starting local training...                                                                                                                     
  [Client 6] Finished training in 29.92s                                                                                                                    
  [Client 7] Starting local training...                                                                                                                     
  [Client 7] Finished training in 21.51s                                                                                                                    
  [Client 0] Starting local training...                                                                                                                     
  [Client 0] Finished training in 37.12s                                                                                                                    
  [Client 9] Starting local training...                                                                                                                     
  [Client 9] Finished training in 15.52s                                                                                                                    
  [Client 4] Starting local training...                                                                                                                     
  [Client 4] Finished training in 28.73s                                                                                                                    
  [Client 8] Starting local training...                                                                                                                     
  [Client 8] Finished training in 8.27s                                                                                                                     
  [Client 1] Starting local training...                                                                                                                     
  [Client 1] Finished training in 8.27s                                                                                                                     
  [Client 5] Starting local training...                                                                                                                     
  [Client 5] Finished training in 1.48s                                                                                                                     
  Starting weight aggregation...                                                                                                                            
  Aggregation completed in 0.05s                                                                                                                            
ROUND 25 FINISHED in 184.76s (Avg: 185.17s)                                                                                                                 
  [Resume] Saved training checkpoint after round 25 →                                                                                                       
/home/luis.mendezl/Thesis/logs/runs/cifar10/fedavg/vim_tiny/alpha0.03/seed123/checkpoints/training_state.pt                                                 
---------------------------- ROUND 26/50 START ----------------------------                                                                                 
Selected clients: [8, 6, 5, 0, 2, 9, 7, 3, 1, 4]                                                                                                            
  [Client 8] Starting local training...                                                                                                                     
  [Client 8] Finished training in 9.16s                                                                                                                     
  [Client 6] Starting local training...                                                                                                                     
  [Client 6] Finished training in 30.27s                                                                                                                    
  [Client 5] Starting local training...                                                                                                                     
  [Client 5] Finished training in 1.51s                                                                                                                     
  [Client 0] Starting local training...                                                                                                                     
  [Client 0] Finished training in 37.24s                                                                                                                    
  [Client 2] Starting local training...                                                                                                                     
  [Client 2] Finished training in 8.33s                                                                                                                     
  [Client 9] Starting local training...                                                                                                                     
  [Client 9] Finished training in 15.48s                                                                                                                    
  [Client 7] Starting local training...                                                                                                                     
  [Client 7] Finished training in 21.49s                                                                                                                    
  [Client 3] Starting local training...                                                                                                                     
  [Client 3] Finished training in 25.46s                                                                                                                    
  [Client 1] Starting local training...                                                                                                                     
  [Client 1] Finished training in 8.28s                                                                                                                     
  [Client 4] Starting local training...                                                                                                                     
  [Client 4] Finished training in 28.71s                                                                                                                    
  Starting weight aggregation...                                                                                                                            
  Aggregation completed in 0.05s                                                                                                                            
ROUND 26 FINISHED in 186.40s (Avg: 185.22s)                                                                                                                 
  [Resume] Saved training checkpoint after round 26 →                                                                                                       
/home/luis.mendezl/Thesis/logs/runs/cifar10/fedavg/vim_tiny/alpha0.03/seed123/checkpoints/training_state.pt                                                 
---------------------------- ROUND 27/50 START ----------------------------                                                                                 
Selected clients: [6, 0, 9, 2, 8, 3, 7, 5, 1, 4]                                                                                                            
  [Client 6] Starting local training...                                                                                                                     
  [Client 6] Finished training in 29.87s                                                                                                                    
  [Client 0] Starting local training...                                                                                                                     
  [Client 0] Finished training in 37.14s                                                                                                                    
  [Client 9] Starting local training...                                                                                                                     
  [Client 9] Finished training in 15.51s                                                                                                                    
  [Client 2] Starting local training...                                                                                                                     
  [Client 2] Finished training in 8.26s                                                                                                                     
  [Client 8] Starting local training...                                                                                                                     
  [Client 8] Finished training in 8.28s                                                                                                                     
  [Client 3] Starting local training...                                                                                                                     
  [Client 3] Finished training in 25.12s                                                                                                                    
  [Client 7] Starting local training...                                                                                                                     
  [Client 7] Finished training in 21.50s                                                                                                                    
  [Client 5] Starting local training...                                                                                                                     
  [Client 5] Finished training in 1.48s                                                                                                                     
  [Client 1] Starting local training...                                                                                                                     
  [Client 1] Finished training in 8.31s                                                                                                                     
  [Client 4] Starting local training...                                                                                                                     
  [Client 4] Finished training in 28.71s                                                                                                                    
  Starting weight aggregation...                                                                                                                            
  Aggregation completed in 0.05s                                                                                                                            
ROUND 27 FINISHED in 184.66s (Avg: 185.19s)                                                                                                                 
  [Resume] Saved training checkpoint after round 27 →                                                                                                       
/home/luis.mendezl/Thesis/logs/runs/cifar10/fedavg/vim_tiny/alpha0.03/seed123/checkpoints/training_state.pt                                                 
---------------------------- ROUND 28/50 START ----------------------------                                                                                 
Selected clients: [7, 5, 3, 8, 9, 4, 2, 1, 0, 6]                                                                                                            
  [Client 7] Starting local training...                                                                                                                     
  [Client 7] Finished training in 21.49s                                                                                                                    
  [Client 5] Starting local training...                                                                                                                     
  [Client 5] Finished training in 1.50s                                                                                                                     
  [Client 3] Starting local training...                                                                                                                     
  [Client 3] Finished training in 25.15s                                                                                                                    
  [Client 8] Starting local training...                                                                                                                     
  [Client 8] Finished training in 8.31s                                                                                                                     
  [Client 9] Starting local training...                                                                                                                     
  [Client 9] Finished training in 15.49s                                                                                                                    
  [Client 4] Starting local training...                                                                                                                     
  [Client 4] Finished training in 28.74s                                                                                                                    
  [Client 2] Starting local training...                                                                                                                     
  [Client 2] Finished training in 8.27s                                                                                                                     
  [Client 1] Starting local training...                                                                                                                     
  [Client 1] Finished training in 8.28s                                                                                                                     
  [Client 0] Starting local training...                                                                                                                     
  [Client 0] Finished training in 37.11s                                                                                                                    
  [Client 6] Starting local training...                                                                                                                     
  [Client 6] Finished training in 29.88s                                                                                                                    
  Starting weight aggregation...                                                                                                                            
  Aggregation completed in 0.05s                                                                                                                            
ROUND 28 FINISHED in 184.69s (Avg: 185.18s)                                                                                                                 
  [Resume] Saved training checkpoint after round 28 →                                                                                                       
/home/luis.mendezl/Thesis/logs/runs/cifar10/fedavg/vim_tiny/alpha0.03/seed123/checkpoints/training_state.pt                                                 
---------------------------- ROUND 29/50 START ----------------------------                                                                                 
Selected clients: [1, 0, 6, 5, 3, 9, 7, 2, 8, 4]                                                                                                            
  [Client 1] Starting local training...                                                                                                                     
  [Client 1] Finished training in 8.28s                                                                                                                     
  [Client 0] Starting local training...                                                                                                                     
  [Client 0] Finished training in 37.87s                                                                                                                    
  [Client 6] Starting local training...                                                                                                                     
  [Client 6] Finished training in 29.94s                                                                                                                    
  [Client 5] Starting local training...                                                                                                                     
  [Client 5] Finished training in 1.50s                                                                                                                     
  [Client 3] Starting local training...                                                                                                                     
  [Client 3] Finished training in 25.10s                                                                                                                    
  [Client 9] Starting local training...                                                                                                                     
  [Client 9] Finished training in 15.49s                                                                                                                    
  [Client 7] Starting local training...                                                                                                                     
  [Client 7] Finished training in 21.47s                                                                                                                    
  [Client 2] Starting local training...                                                                                                                     
  [Client 2] Finished training in 8.27s                                                                                                                     
  [Client 8] Starting local training...                                                                                                                     
  [Client 8] Finished training in 8.27s                                                                                                                     
  [Client 4] Starting local training...                                                                                                                     
  [Client 4] Finished training in 28.68s                                                                                                                    
  Starting weight aggregation...                                                                                                                            
  Aggregation completed in 0.05s                                                                                                                            
ROUND 29 FINISHED in 185.36s (Avg: 185.18s)                                                                                                                 
  [Resume] Saved training checkpoint after round 29 →                                                                                                       
/home/luis.mendezl/Thesis/logs/runs/cifar10/fedavg/vim_tiny/alpha0.03/seed123/checkpoints/training_state.pt                                                 
---------------------------- ROUND 30/50 START ----------------------------                                                                                 
Selected clients: [8, 2, 5, 6, 9, 1, 0, 4, 7, 3]                                                                                                            
  [Client 8] Starting local training...                                                                                                                     
  [Client 8] Finished training in 8.26s                                                                                                                     
client [8]  (testset)   loss: 0.9864 -> 0.7044  accuracy: 71.67% -> 70.00%                                                                                  
  [Client 2] Starting local training...                                                                                                                     
  [Client 2] Finished training in 8.62s                                                                                                                     
client [2]  (testset)   loss: 2.4841 -> 0.0000  accuracy: 3.57% -> 100.00%                                                                                  
  [Client 5] Starting local training...                                                                                                                     
  [Client 5] Finished training in 1.51s                                                                                                                     
client [5]  (testset)   loss: 1.4353 -> 1.4353  accuracy: 20.00% -> 20.00%                                                                                  
  [Client 6] Starting local training...                                                                                                                     
  [Client 6] Finished training in 29.93s                                                                                                                    
client [6]  (testset)   loss: 1.2531 -> 0.5712  accuracy: 55.10% -> 82.45%                                                                                  
  [Client 9] Starting local training...                                                                                                                     
  [Client 9] Finished training in 15.50s                                                                                                                    
client [9]  (testset)   loss: 2.2515 -> 0.4695  accuracy: 7.20% -> 84.00%                                                                                   
  [Client 1] Starting local training...                                                                                                                     
  [Client 1] Finished training in 8.26s                                                                                                                     
client [1]  (testset)   loss: 2.5668 -> 0.4687  accuracy: 4.84% -> 88.71%                                                                                   
  [Client 0] Starting local training...                                                                                                                     
  [Client 0] Finished training in 37.13s                                                                                                                    
client [0]  (testset)   loss: 2.8210 -> 0.8152  accuracy: 3.15% -> 64.98%                                                                                   
  [Client 4] Starting local training...                                                                                                                     
  [Client 4] Finished training in 29.23s                                                                                                                    
client [4]  (testset)   loss: 1.6496 -> 0.5430  accuracy: 40.91% -> 80.99%                                                                                  
  [Client 7] Starting local training...                                                                                                                     
  [Client 7] Finished training in 21.45s                                                                                                                    
client [7]  (testset)   loss: 2.0518 -> 0.4301  accuracy: 7.56% -> 87.21%                                                                                   
  [Client 3] Starting local training...                                                                                                                     
  [Client 3] Finished training in 25.08s                                                                                                                    
client [3]  (testset)   loss: 1.5738 -> 0.5736  accuracy: 46.92% -> 77.25%                                                                                  
  [CKA] Saved checkpoints for round 30 (10 clients) → /home/luis.mendezl/Thesis/logs/runs/cifar10/fedavg/vim_tiny/alpha0.03/seed123/checkpoints/round_0030  
  Starting weight aggregation...                                                                                                                            
  Aggregation completed in 0.05s                                                                                                                            
ROUND 30 FINISHED in 187.63s (Avg: 185.26s)                                                                                                                 
  [Resume] Saved training checkpoint after round 30 →                                                                                                       
/home/luis.mendezl/Thesis/logs/runs/cifar10/fedavg/vim_tiny/alpha0.03/seed123/checkpoints/training_state.pt                                                 
---------------------------- ROUND 31/50 START ----------------------------                                                                                 
Selected clients: [5, 6, 3, 9, 0, 2, 4, 8, 1, 7]                                                                                                            
  [Client 5] Starting local training...                                                                                                                     
  [Client 5] Finished training in 2.60s                                                                                                                     
  [Client 6] Starting local training...                                                                                                                     
  [Client 6] Finished training in 29.89s                                                                                                                    
  [Client 3] Starting local training...                                                                                                                     
  [Client 3] Finished training in 25.13s                                                                                                                    
  [Client 9] Starting local training...                                                                                                                     
  [Client 9] Finished training in 15.80s                                                                                                                    
  [Client 0] Starting local training...                                                                                                                     
  [Client 0] Finished training in 37.13s                                                                                                                    
  [Client 2] Starting local training...                                                                                                                     
  [Client 2] Finished training in 8.28s                                                                                                                     
  [Client 4] Starting local training...                                                                                                                     
  [Client 4] Finished training in 28.74s                                                                                                                    
  [Client 8] Starting local training...                                                                                                                     
  [Client 8] Finished training in 8.26s                                                                                                                     
  [Client 1] Starting local training...                                                                                                                     
  [Client 1] Finished training in 8.30s                                                                                                                     
  [Client 7] Starting local training...                                                                                                                     
  [Client 7] Finished training in 21.48s                                                                                                                    
  Starting weight aggregation...                                                                                                                            
  Aggregation completed in 0.05s                                                                                                                            
ROUND 31 FINISHED in 186.10s (Avg: 185.29s)                                                                                                                 
  [Resume] Saved training checkpoint after round 31 →                                                                                                       
/home/luis.mendezl/Thesis/logs/runs/cifar10/fedavg/vim_tiny/alpha0.03/seed123/checkpoints/training_state.pt                                                 
---------------------------- ROUND 32/50 START ----------------------------                                                                                 
Selected clients: [6, 0, 8, 3, 5, 1, 4, 7, 9, 2]                                                                                                            
  [Client 6] Starting local training...                                                                                                                     
  [Client 6] Finished training in 29.90s                                                                                                                    
  [Client 0] Starting local training...                                                                                                                     
  [Client 0] Finished training in 37.13s                                                                                                                    
  [Client 8] Starting local training...                                                                                                                     
  [Client 8] Finished training in 8.29s                                                                                                                     
  [Client 3] Starting local training...                                                                                                                     
  [Client 3] Finished training in 25.13s                                                                                                                    
  [Client 5] Starting local training...                                                                                                                     
  [Client 5] Finished training in 1.51s                                                                                                                     
  [Client 1] Starting local training...                                                                                                                     
  [Client 1] Finished training in 8.28s                                                                                                                     
  [Client 4] Starting local training...                                                                                                                     
  [Client 4] Finished training in 28.69s                                                                                                                    
  [Client 7] Starting local training...                                                                                                                     
  [Client 7] Finished training in 21.47s                                                                                                                    
  [Client 9] Starting local training...                                                                                                                     
  [Client 9] Finished training in 15.49s                                                                                                                    
  [Client 2] Starting local training...                                                                                                                     
  [Client 2] Finished training in 8.22s                                                                                                                     
  Starting weight aggregation...                                                                                                                            
  Aggregation completed in 0.05s                                                                                                                            
ROUND 32 FINISHED in 184.58s (Avg: 185.27s)                                                                                                                 
  [Resume] Saved training checkpoint after round 32 →                                                                                                       
/home/luis.mendezl/Thesis/logs/runs/cifar10/fedavg/vim_tiny/alpha0.03/seed123/checkpoints/training_state.pt                                                 
---------------------------- ROUND 33/50 START ----------------------------                                                                                 
Selected clients: [8, 3, 4, 9, 6, 1, 2, 5, 0, 7]                                                                                                            
  [Client 8] Starting local training...                                                                                                                     
  [Client 8] Finished training in 8.29s                                                                                                                     
  [Client 3] Starting local training...                                                                                                                     
  [Client 3] Finished training in 25.12s                                                                                                                    
  [Client 4] Starting local training...                                                                                                                     
  [Client 4] Finished training in 28.73s                                                                                                                    
  [Client 9] Starting local training...                                                                                                                     
  [Client 9] Finished training in 15.47s                                                                                                                    
  [Client 6] Starting local training...                                                                                                                     
  [Client 6] Finished training in 29.81s                                                                                                                    
  [Client 1] Starting local training...                                                                                                                     
  [Client 1] Finished training in 8.27s                                                                                                                     
  [Client 2] Starting local training...                                                                                                                     
  [Client 2] Finished training in 8.24s                                                                                                                     
  [Client 5] Starting local training...                                                                                                                     
  [Client 5] Finished training in 1.49s                                                                                                                     
  [Client 0] Starting local training...                                                                                                                     
  [Client 0] Finished training in 37.06s                                                                                                                    
  [Client 7] Starting local training...                                                                                                                     
  [Client 7] Finished training in 21.41s                                                                                                                    
  Starting weight aggregation...                                                                                                                            
  Aggregation completed in 0.05s                                                                                                                            
ROUND 33 FINISHED in 184.36s (Avg: 185.24s)                                                                                                                 
  [Resume] Saved training checkpoint after round 33 →                                                                                                       
/home/luis.mendezl/Thesis/logs/runs/cifar10/fedavg/vim_tiny/alpha0.03/seed123/checkpoints/training_state.pt                                                 
---------------------------- ROUND 34/50 START ----------------------------                                                                                 
Selected clients: [7, 8, 4, 6, 1, 9, 0, 2, 5, 3]                                                                                                            
  [Client 7] Starting local training...                                                                                                                     
  [Client 7] Finished training in 21.44s                                                                                                                    
  [Client 8] Starting local training...                                                                                                                     
  [Client 8] Finished training in 8.25s                                                                                                                     
  [Client 4] Starting local training...                                                                                                                     
  [Client 4] Finished training in 28.65s                                                                                                                    
  [Client 6] Starting local training...                                                                                                                     
  [Client 6] Finished training in 29.81s                                                                                                                    
  [Client 1] Starting local training...                                                                                                                     
  [Client 1] Finished training in 8.28s                                                                                                                     
  [Client 9] Starting local training...                                                                                                                     
  [Client 9] Finished training in 15.49s                                                                                                                    
  [Client 0] Starting local training...                                                                                                                     
  [Client 0] Finished training in 37.10s                                                                                                                    
  [Client 2] Starting local training...                                                                                                                     
  [Client 2] Finished training in 8.22s                                                                                                                     
  [Client 5] Starting local training...                                                                                                                     
  [Client 5] Finished training in 1.50s                                                                                                                     
  [Client 3] Starting local training...                                                                                                                     
  [Client 3] Finished training in 25.07s                                                                                                                    
  Starting weight aggregation...                                                                                                                            
  Aggregation completed in 0.05s                                                                                                                            
ROUND 34 FINISHED in 184.27s (Avg: 185.21s)                                                                                                                 
  [Resume] Saved training checkpoint after round 34 →                                                                                                       
/home/luis.mendezl/Thesis/logs/runs/cifar10/fedavg/vim_tiny/alpha0.03/seed123/checkpoints/training_state.pt                                                 
---------------------------- ROUND 35/50 START ----------------------------                                                                                 
Selected clients: [7, 1, 0, 4, 3, 5, 2, 9, 8, 6]                                                                                                            
  [Client 7] Starting local training...                                                                                                                     
  [Client 7] Finished training in 21.46s                                                                                                                    
  [Client 1] Starting local training...                                                                                                                     
  [Client 1] Finished training in 8.64s                                                                                                                     
  [Client 0] Starting local training...                                                                                                                     
  [Client 0] Finished training in 37.45s                                                                                                                    
  [Client 4] Starting local training...                                                                                                                     
  [Client 4] Finished training in 28.71s                                                                                                                    
  [Client 3] Starting local training...                                                                                                                     
  [Client 3] Finished training in 25.09s                                                                                                                    
  [Client 5] Starting local training...                                                                                                                     
  [Client 5] Finished training in 1.50s                                                                                                                     
  [Client 2] Starting local training...                                                                                                                     
  [Client 2] Finished training in 8.25s                                                                                                                     
  [Client 9] Starting local training...                                                                                                                     
  [Client 9] Finished training in 15.48s                                                                                                                    
  [Client 8] Starting local training...                                                                                                                     
  [Client 8] Finished training in 8.27s                                                                                                                     
  [Client 6] Starting local training...                                                                                                                     
  [Client 6] Finished training in 29.85s                                                                                                                    
  Starting weight aggregation...                                                                                                                            
  Aggregation completed in 0.05s                                                                                                                            
ROUND 35 FINISHED in 185.18s (Avg: 185.21s)                                                                                                                 
  [Resume] Saved training checkpoint after round 35 →                                                                                                       
/home/luis.mendezl/Thesis/logs/runs/cifar10/fedavg/vim_tiny/alpha0.03/seed123/checkpoints/training_state.pt                                                 
---------------------------- ROUND 36/50 START ----------------------------                                                                                 
Selected clients: [3, 9, 8, 0, 1, 5, 6, 4, 7, 2]                                                                                                            
  [Client 3] Starting local training...                                                                                                                     
  [Client 3] Finished training in 25.38s                                                                                                                    
  [Client 9] Starting local training...                                                                                                                     
  [Client 9] Finished training in 15.52s                                                                                                                    
  [Client 8] Starting local training...                                                                                                                     
  [Client 8] Finished training in 8.26s                                                                                                                     
  [Client 0] Starting local training...                                                                                                                     
  [Client 0] Finished training in 37.14s                                                                                                                    
  [Client 1] Starting local training...                                                                                                                     
  [Client 1] Finished training in 8.28s                                                                                                                     
  [Client 5] Starting local training...                                                                                                                     
  [Client 5] Finished training in 1.49s                                                                                                                     
  [Client 6] Starting local training...                                                                                                                     
  [Client 6] Finished training in 29.85s                                                                                                                    
  [Client 4] Starting local training...                                                                                                                     
  [Client 4] Finished training in 28.71s                                                                                                                    
  [Client 7] Starting local training...                                                                                                                     
  [Client 7] Finished training in 21.76s                                                                                                                    
  [Client 2] Starting local training...                                                                                                                     
  [Client 2] Finished training in 8.23s                                                                                                                     
  Starting weight aggregation...                                                                                                                            
  Aggregation completed in 0.05s                                                                                                                            
ROUND 36 FINISHED in 185.07s (Avg: 185.21s)                                                                                                                 
  [Resume] Saved training checkpoint after round 36 →                                                                                                       
/home/luis.mendezl/Thesis/logs/runs/cifar10/fedavg/vim_tiny/alpha0.03/seed123/checkpoints/training_state.pt                                                 
---------------------------- ROUND 37/50 START ----------------------------                                                                                 
Selected clients: [6, 5, 0, 7, 1, 3, 2, 9, 8, 4]                                                                                                            
  [Client 6] Starting local training...                                                                                                                     
  [Client 6] Finished training in 29.89s                                                                                                                    
  [Client 5] Starting local training...                                                                                                                     
  [Client 5] Finished training in 1.51s                                                                                                                     
  [Client 0] Starting local training...                                                                                                                     
  [Client 0] Finished training in 37.14s                                                                                                                    
  [Client 7] Starting local training...                                                                                                                     
  [Client 7] Finished training in 21.48s                                                                                                                    
  [Client 1] Starting local training...                                                                                                                     
  [Client 1] Finished training in 8.30s                                                                                                                     
  [Client 3] Starting local training...                                                                                                                     
  [Client 3] Finished training in 25.13s                                                                                                                    
  [Client 2] Starting local training...                                                                                                                     
  [Client 2] Finished training in 8.29s                                                                                                                     
  [Client 9] Starting local training...                                                                                                                     
  [Client 9] Finished training in 15.47s                                                                                                                    
  [Client 8] Starting local training...                                                                                                                     
  [Client 8] Finished training in 8.26s                                                                                                                     
  [Client 4] Starting local training...                                                                                                                     
  [Client 4] Finished training in 28.72s                                                                                                                    
  Starting weight aggregation...                                                                                                                            
  Aggregation completed in 0.05s                                                                                                                            
ROUND 37 FINISHED in 184.66s (Avg: 185.19s)                                                                                                                 
  [Resume] Saved training checkpoint after round 37 →                                                                                                       
/home/luis.mendezl/Thesis/logs/runs/cifar10/fedavg/vim_tiny/alpha0.03/seed123/checkpoints/training_state.pt                                                 
---------------------------- ROUND 38/50 START ----------------------------                                                                                 
Selected clients: [4, 5, 3, 9, 0, 2, 1, 7, 8, 6]                                                                                                            
  [Client 4] Starting local training...                                                                                                                     
  [Client 4] Finished training in 28.70s                                                                                                                    
  [Client 5] Starting local training...                                                                                                                     
  [Client 5] Finished training in 1.51s                                                                                                                     
  [Client 3] Starting local training...                                                                                                                     
  [Client 3] Finished training in 25.13s                                                                                                                    
  [Client 9] Starting local training...                                                                                                                     
  [Client 9] Finished training in 15.79s                                                                                                                    
  [Client 0] Starting local training...                                                                                                                     
  [Client 0] Finished training in 37.15s                                                                                                                    
  [Client 2] Starting local training...                                                                                                                     
  [Client 2] Finished training in 8.27s                                                                                                                     
  [Client 1] Starting local training...                                                                                                                     
  [Client 1] Finished training in 8.27s                                                                                                                     
  [Client 7] Starting local training...                                                                                                                     
  [Client 7] Finished training in 21.44s                                                                                                                    
  [Client 8] Starting local training...                                                                                                                     
  [Client 8] Finished training in 8.25s                                                                                                                     
  [Client 6] Starting local training...                                                                                                                     
  [Client 6] Finished training in 29.88s                                                                                                                    
  Starting weight aggregation...                                                                                                                            
  Aggregation completed in 0.05s                                                                                                                            
ROUND 38 FINISHED in 184.86s (Avg: 185.18s)                                                                                                                 
  [Resume] Saved training checkpoint after round 38 →                                                                                                       
/home/luis.mendezl/Thesis/logs/runs/cifar10/fedavg/vim_tiny/alpha0.03/seed123/checkpoints/training_state.pt                                                 
---------------------------- ROUND 39/50 START ----------------------------                                                                                 
Selected clients: [3, 8, 6, 9, 4, 1, 7, 0, 5, 2]                                                                                                            
  [Client 3] Starting local training...                                                                                                                     
  [Client 3] Finished training in 25.14s                                                                                                                    
  [Client 8] Starting local training...                                                                                                                     
  [Client 8] Finished training in 8.91s                                                                                                                     
  [Client 6] Starting local training...                                                                                                                     
  [Client 6] Finished training in 29.91s                                                                                                                    
  [Client 9] Starting local training...                                                                                                                     
  [Client 9] Finished training in 15.49s                                                                                                                    
  [Client 4] Starting local training...                                                                                                                     
  [Client 4] Finished training in 28.73s                                                                                                                    
  [Client 1] Starting local training...                                                                                                                     
  [Client 1] Finished training in 8.31s                                                                                                                     
  [Client 7] Starting local training...                                                                                                                     
  [Client 7] Finished training in 21.46s                                                                                                                    
  [Client 0] Starting local training...                                                                                                                     
  [Client 0] Finished training in 37.13s                                                                                                                    
  [Client 5] Starting local training...                                                                                                                     
  [Client 5] Finished training in 1.50s                                                                                                                     
  [Client 2] Starting local training...                                                                                                                     
  [Client 2] Finished training in 8.24s                                                                                                                     
  Starting weight aggregation...                                                                                                                            
  Aggregation completed in 0.05s                                                                                                                            
ROUND 39 FINISHED in 185.29s (Avg: 185.19s)                                                                                                                 
  [Resume] Saved training checkpoint after round 39 →                                                                                                       
/home/luis.mendezl/Thesis/logs/runs/cifar10/fedavg/vim_tiny/alpha0.03/seed123/checkpoints/training_state.pt                                                 
---------------------------- ROUND 40/50 START ----------------------------                                                                                 
Selected clients: [4, 2, 7, 5, 6, 0, 1, 9, 3, 8]                                                                                                            
  [Client 4] Starting local training...                                                                                                                     
  [Client 4] Finished training in 28.70s                                                                                                                    
client [4]  (testset)   loss: 1.5037 -> 0.5525  accuracy: 45.87% -> 80.99%                                                                                  
  [Client 2] Starting local training...                                                                                                                     
  [Client 2] Finished training in 8.24s                                                                                                                     
client [2]  (testset)   loss: 2.9227 -> 0.0000  accuracy: 7.14% -> 100.00%                                                                                  
  [Client 7] Starting local training...                                                                                                                     
  [Client 7] Finished training in 21.47s                                                                                                                    
client [7]  (testset)   loss: 2.3979 -> 0.3872  accuracy: 5.81% -> 87.21%                                                                                   
  [Client 5] Starting local training...                                                                                                                     
  [Client 5] Finished training in 1.49s                                                                                                                     
client [5]  (testset)   loss: 2.0048 -> 2.0048  accuracy: 0.00% -> 0.00%                                                                                    
  [Client 6] Starting local training...                                                                                                                     
  [Client 6] Finished training in 29.91s                                                                                                                    
client [6]  (testset)   loss: 1.1222 -> 0.4781  accuracy: 57.55% -> 80.82%                                                                                  
  [Client 0] Starting local training...                                                                                                                     
  [Client 0] Finished training in 37.15s                                                                                                                    
client [0]  (testset)   loss: 2.7965 -> 0.7986  accuracy: 8.52% -> 65.93%                                                                                   
  [Client 1] Starting local training...                                                                                                                     
  [Client 1] Finished training in 8.30s                                                                                                                     
client [1]  (testset)   loss: 2.3911 -> 0.6264  accuracy: 9.68% -> 83.87%                                                                                   
  [Client 9] Starting local training...                                                                                                                     
  [Client 9] Finished training in 15.48s                                                                                                                    
client [9]  (testset)   loss: 2.7793 -> 0.4647  accuracy: 2.40% -> 83.20%                                                                                   
  [Client 3] Starting local training...                                                                                                                     
  [Client 3] Finished training in 25.11s                                                                                                                    
client [3]  (testset)   loss: 1.5499 -> 0.5747  accuracy: 43.13% -> 78.20%                                                                                  
  [Client 8] Starting local training...                                                                                                                     
  [Client 8] Finished training in 8.27s                                                                                                                     
client [8]  (testset)   loss: 0.9328 -> 0.7349  accuracy: 71.67% -> 76.67%                                                                                  
  [CKA] Saved checkpoints for round 40 (10 clients) → /home/luis.mendezl/Thesis/logs/runs/cifar10/fedavg/vim_tiny/alpha0.03/seed123/checkpoints/round_0040  
  Starting weight aggregation...                                                                                                                            
  Aggregation completed in 0.05s                                                                                                                            
ROUND 40 FINISHED in 186.55s (Avg: 185.22s)                                                                                                                 
  [Resume] Saved training checkpoint after round 40 →                                                                                                       
/home/luis.mendezl/Thesis/logs/runs/cifar10/fedavg/vim_tiny/alpha0.03/seed123/checkpoints/training_state.pt                                                 
---------------------------- ROUND 41/50 START ----------------------------                                                                                 
Selected clients: [8, 0, 7, 4, 2, 5, 6, 9, 1, 3]                                                                                                            
  [Client 8] Starting local training...                                                                                                                     
  [Client 8] Finished training in 8.30s                                                                                                                     
  [Client 0] Starting local training...                                                                                                                     
  [Client 0] Finished training in 37.14s                                                                                                                    
  [Client 7] Starting local training...                                                                                                                     
  [Client 7] Finished training in 21.50s                                                                                                                    
  [Client 4] Starting local training...                                                                                                                     
  [Client 4] Finished training in 29.74s                                                                                                                    
  [Client 2] Starting local training...                                                                                                                     
  [Client 2] Finished training in 8.27s                                                                                                                     
  [Client 5] Starting local training...                                                                                                                     
  [Client 5] Finished training in 1.49s                                                                                                                     
  [Client 6] Starting local training...                                                                                                                     
  [Client 6] Finished training in 29.88s                                                                                                                    
  [Client 9] Starting local training...                                                                                                                     
  [Client 9] Finished training in 15.50s                                                                                                                    
  [Client 1] Starting local training...                                                                                                                     
  [Client 1] Finished training in 8.25s                                                                                                                     
  [Client 3] Starting local training...                                                                                                                     
  [Client 3] Finished training in 25.08s                                                                                                                    
  Starting weight aggregation...                                                                                                                            
  Aggregation completed in 0.05s                                                                                                                            
ROUND 41 FINISHED in 185.60s (Avg: 185.23s)                                                                                                                 
  [Resume] Saved training checkpoint after round 41 →                                                                                                       
/home/luis.mendezl/Thesis/logs/runs/cifar10/fedavg/vim_tiny/alpha0.03/seed123/checkpoints/training_state.pt                                                 
---------------------------- ROUND 42/50 START ----------------------------                                                                                 
Selected clients: [1, 8, 9, 4, 5, 2, 0, 6, 3, 7]                                                                                                            
  [Client 1] Starting local training...                                                                                                                     
  [Client 1] Finished training in 8.32s                                                                                                                     
  [Client 8] Starting local training...                                                                                                                     
  [Client 8] Finished training in 8.29s                                                                                                                     
  [Client 9] Starting local training...                                                                                                                     
  [Client 9] Finished training in 15.47s                                                                                                                    
  [Client 4] Starting local training...                                                                                                                     
  [Client 4] Finished training in 28.72s                                                                                                                    
  [Client 5] Starting local training...                                                                                                                     
  [Client 5] Finished training in 1.50s                                                                                                                     
  [Client 2] Starting local training...                                                                                                                     
  [Client 2] Finished training in 8.28s                                                                                                                     
  [Client 0] Starting local training...                                                                                                                     
  [Client 0] Finished training in 37.09s                                                                                                                    
  [Client 6] Starting local training...                                                                                                                     
  [Client 6] Finished training in 29.87s                                                                                                                    
  [Client 3] Starting local training...                                                                                                                     
  [Client 3] Finished training in 25.10s                                                                                                                    
  [Client 7] Starting local training...                                                                                                                     
  [Client 7] Finished training in 21.53s                                                                                                                    
  Starting weight aggregation...                                                                                                                            
  Aggregation completed in 0.05s                                                                                                                            
ROUND 42 FINISHED in 184.65s (Avg: 185.22s)                                                                                                                 
  [Resume] Saved training checkpoint after round 42 →                                                                                                       
/home/luis.mendezl/Thesis/logs/runs/cifar10/fedavg/vim_tiny/alpha0.03/seed123/checkpoints/training_state.pt                                                 
---------------------------- ROUND 43/50 START ----------------------------                                                                                 
Selected clients: [2, 6, 9, 3, 1, 0, 5, 4, 8, 7]                                                                                                            
  [Client 2] Starting local training...                                                                                                                     
  [Client 2] Finished training in 8.25s                                                                                                                     
  [Client 6] Starting local training...                                                                                                                     
  [Client 6] Finished training in 29.86s                                                                                                                    
  [Client 9] Starting local training...                                                                                                                     
  [Client 9] Finished training in 15.48s                                                                                                                    
  [Client 3] Starting local training...                                                                                                                     
  [Client 3] Finished training in 25.15s                                                                                                                    
  [Client 1] Starting local training...                                                                                                                     
  [Client 1] Finished training in 8.31s                                                                                                                     
  [Client 0] Starting local training...                                                                                                                     
  [Client 0] Finished training in 37.13s                                                                                                                    
  [Client 5] Starting local training...                                                                                                                     
  [Client 5] Finished training in 1.51s                                                                                                                     
  [Client 4] Starting local training...                                                                                                                     
  [Client 4] Finished training in 28.72s                                                                                                                    
  [Client 8] Starting local training...                                                                                                                     
  [Client 8] Finished training in 8.28s                                                                                                                     
  [Client 7] Starting local training...                                                                                                                     
  [Client 7] Finished training in 21.44s                                                                                                                    
  Starting weight aggregation...                                                                                                                            
  Aggregation completed in 0.05s                                                                                                                            
ROUND 43 FINISHED in 184.57s (Avg: 185.20s)                                                                                                                 
  [Resume] Saved training checkpoint after round 43 →                                                                                                       
/home/luis.mendezl/Thesis/logs/runs/cifar10/fedavg/vim_tiny/alpha0.03/seed123/checkpoints/training_state.pt                                                 
---------------------------- ROUND 44/50 START ----------------------------                                                                                 
Selected clients: [1, 2, 3, 7, 6, 9, 5, 0, 8, 4]                                                                                                            
  [Client 1] Starting local training...                                                                                                                     
  [Client 1] Finished training in 8.31s                                                                                                                     
  [Client 2] Starting local training...                                                                                                                     
  [Client 2] Finished training in 8.27s                                                                                                                     
  [Client 3] Starting local training...                                                                                                                     
  [Client 3] Finished training in 25.36s                                                                                                                    
  [Client 7] Starting local training...                                                                                                                     
  [Client 7] Finished training in 21.46s                                                                                                                    
  [Client 6] Starting local training...                                                                                                                     
  [Client 6] Finished training in 30.09s                                                                                                                    
  [Client 9] Starting local training...                                                                                                                     
  [Client 9] Finished training in 15.49s                                                                                                                    
  [Client 5] Starting local training...                                                                                                                     
  [Client 5] Finished training in 1.49s                                                                                                                     
  [Client 0] Starting local training...                                                                                                                     
  [Client 0] Finished training in 37.05s                                                                                                                    
  [Client 8] Starting local training...                                                                                                                     
  [Client 8] Finished training in 8.26s                                                                                                                     
  [Client 4] Starting local training...                                                                                                                     
  [Client 4] Finished training in 28.66s                                                                                                                    
  Starting weight aggregation...                                                                                                                            
  Aggregation completed in 0.05s                                                                                                                            
ROUND 44 FINISHED in 184.90s (Avg: 185.20s)                                                                                                                 
  [Resume] Saved training checkpoint after round 44 →                                                                                                       
/home/luis.mendezl/Thesis/logs/runs/cifar10/fedavg/vim_tiny/alpha0.03/seed123/checkpoints/training_state.pt                                                 
---------------------------- ROUND 45/50 START ----------------------------                                                                                 
Selected clients: [1, 7, 9, 8, 5, 0, 2, 6, 4, 3]                                                                                                            
  [Client 1] Starting local training...                                                                                                                     
  [Client 1] Finished training in 8.28s                                                                                                                     
  [Client 7] Starting local training...                                                                                                                     
  [Client 7] Finished training in 21.44s                                                                                                                    
  [Client 9] Starting local training...                                                                                                                     
  [Client 9] Finished training in 15.74s                                                                                                                    
  [Client 8] Starting local training...                                                                                                                     
  [Client 8] Finished training in 8.30s                                                                                                                     
  [Client 5] Starting local training...                                                                                                                     
  [Client 5] Finished training in 1.51s                                                                                                                     
  [Client 0] Starting local training...                                                                                                                     
  [Client 0] Finished training in 37.09s                                                                                                                    
  [Client 2] Starting local training...                                                                                                                     
  [Client 2] Finished training in 8.28s                                                                                                                     
  [Client 6] Starting local training...                                                                                                                     
  [Client 6] Finished training in 29.87s                                                                                                                    
  [Client 4] Starting local training...                                                                                                                     
  [Client 4] Finished training in 29.01s                                                                                                                    
  [Client 3] Starting local training...                                                                                                                     
  [Client 3] Finished training in 25.10s                                                                                                                    
  Starting weight aggregation...                                                                                                                            
  Aggregation completed in 0.05s                                                                                                                            
ROUND 45 FINISHED in 185.09s (Avg: 185.19s)                                                                                                                 
  [Resume] Saved training checkpoint after round 45 →                                                                                                       
/home/luis.mendezl/Thesis/logs/runs/cifar10/fedavg/vim_tiny/alpha0.03/seed123/checkpoints/training_state.pt                                                 
---------------------------- ROUND 46/50 START ----------------------------                                                                                 
Selected clients: [3, 6, 5, 7, 1, 0, 4, 8, 2, 9]                                                                                                            
  [Client 3] Starting local training...                                                                                                                     
  [Client 3] Finished training in 25.15s                                                                                                                    
  [Client 6] Starting local training...                                                                                                                     
  [Client 6] Finished training in 29.89s                                                                                                                    
  [Client 5] Starting local training...                                                                                                                     
  [Client 5] Finished training in 1.48s                                                                                                                     
  [Client 7] Starting local training...                                                                                                                     
  [Client 7] Finished training in 21.52s                                                                                                                    
  [Client 1] Starting local training...                                                                                                                     
  [Client 1] Finished training in 8.27s                                                                                                                     
  [Client 0] Starting local training...                                                                                                                     
  [Client 0] Finished training in 37.12s                                                                                                                    
  [Client 4] Starting local training...                                                                                                                     
  [Client 4] Finished training in 28.70s                                                                                                                    
  [Client 8] Starting local training...                                                                                                                     
  [Client 8] Finished training in 8.24s                                                                                                                     
  [Client 2] Starting local training...                                                                                                                     
  [Client 2] Finished training in 8.25s                                                                                                                     
  [Client 9] Starting local training...                                                                                                                     
  [Client 9] Finished training in 15.45s                                                                                                                    
  Starting weight aggregation...                                                                                                                            
  Aggregation completed in 0.05s                                                                                                                            
ROUND 46 FINISHED in 184.54s (Avg: 185.18s)                                                                                                                 
  [Resume] Saved training checkpoint after round 46 →                                                                                                       
/home/luis.mendezl/Thesis/logs/runs/cifar10/fedavg/vim_tiny/alpha0.03/seed123/checkpoints/training_state.pt                                                 
---------------------------- ROUND 47/50 START ----------------------------                                                                                 
Selected clients: [5, 3, 0, 7, 4, 6, 9, 8, 1, 2]                                                                                                            
  [Client 5] Starting local training...                                                                                                                     
  [Client 5] Finished training in 1.48s                                                                                                                     
  [Client 3] Starting local training...                                                                                                                     
  [Client 3] Finished training in 25.08s                                                                                                                    
  [Client 0] Starting local training...                                                                                                                     
  [Client 0] Finished training in 37.13s                                                                                                                    
  [Client 7] Starting local training...                                                                                                                     
  [Client 7] Finished training in 21.51s                                                                                                                    
  [Client 4] Starting local training...                                                                                                                     
  [Client 4] Finished training in 28.73s                                                                                                                    
  [Client 6] Starting local training...                                                                                                                     
  [Client 6] Finished training in 29.87s                                                                                                                    
  [Client 9] Starting local training...                                                                                                                     
  [Client 9] Finished training in 15.47s                                                                                                                    
  [Client 8] Starting local training...                                                                                                                     
  [Client 8] Finished training in 8.25s                                                                                                                     
  [Client 1] Starting local training...                                                                                                                     
  [Client 1] Finished training in 8.25s                                                                                                                     
  [Client 2] Starting local training...                                                                                                                     
  [Client 2] Finished training in 8.24s                                                                                                                     
  Starting weight aggregation...                                                                                                                            
  Aggregation completed in 0.05s                                                                                                                            
ROUND 47 FINISHED in 184.50s (Avg: 185.16s)                                                                                                                 
  [Resume] Saved training checkpoint after round 47 →                                                                                                       
/home/luis.mendezl/Thesis/logs/runs/cifar10/fedavg/vim_tiny/alpha0.03/seed123/checkpoints/training_state.pt                                                 
---------------------------- ROUND 48/50 START ----------------------------                                                                                 
Selected clients: [2, 8, 0, 6, 4, 5, 9, 1, 3, 7]                                                                                                            
  [Client 2] Starting local training...                                                                                                                     
  [Client 2] Finished training in 8.07s                                                                                                                     
  [Client 8] Starting local training...                                                                                                                     
  [Client 8] Finished training in 8.13s                                                                                                                     
  [Client 0] Starting local training...                                                                                                                     
  [Client 0] Finished training in 37.33s                                                                                                                    
  [Client 6] Starting local training...                                                                                                                     
  [Client 6] Finished training in 29.74s                                                                                                                    
  [Client 4] Starting local training...                                                                                                                     
  [Client 4] Finished training in 28.57s                                                                                                                    
  [Client 5] Starting local training...                                                                                                                     
  [Client 5] Finished training in 1.39s                                                                                                                     
  [Client 9] Starting local training...                                                                                                                     
  [Client 9] Finished training in 15.34s                                                                                                                    
  [Client 1] Starting local training...                                                                                                                     
  [Client 1] Finished training in 8.14s                                                                                                                     
  [Client 3] Starting local training...                                                                                                                     
  [Client 3] Finished training in 24.98s                                                                                                                    
  [Client 7] Starting local training...                                                                                                                     
  [Client 7] Finished training in 21.35s                                                                                                                    
  Starting weight aggregation...                                                                                                                            
  Aggregation completed in 0.05s                                                                                                                            
ROUND 48 FINISHED in 183.51s (Avg: 185.13s)                                                                                                                 
  [Resume] Saved training checkpoint after round 48 →                                                                                                       
/home/luis.mendezl/Thesis/logs/runs/cifar10/fedavg/vim_tiny/alpha0.03/seed123/checkpoints/training_state.pt                                                 
---------------------------- ROUND 49/50 START ----------------------------                                                                                 
Selected clients: [2, 6, 0, 4, 9, 5, 8, 3, 7, 1]                                                                                                            
  [Client 2] Starting local training...                                                                                                                     
  [Client 2] Finished training in 8.26s                                                                                                                     
  [Client 6] Starting local training...                                                                                                                     
  [Client 6] Finished training in 29.88s                                                                                                                    
  [Client 0] Starting local training...                                                                                                                     
  [Client 0] Finished training in 37.13s                                                                                                                    
  [Client 4] Starting local training...                                                                                                                     
  [Client 4] Finished training in 28.72s                                                                                                                    
  [Client 9] Starting local training...                                                                                                                     
  [Client 9] Finished training in 15.48s                                                                                                                    
  [Client 5] Starting local training...                                                                                                                     
  [Client 5] Finished training in 1.48s                                                                                                                     
  [Client 8] Starting local training...                                                                                                                     
  [Client 8] Finished training in 8.26s                                                                                                                     
  [Client 3] Starting local training...                                                                                                                     
  [Client 3] Finished training in 25.09s                                                                                                                    
  [Client 7] Starting local training...                                                                                                                     
  [Client 7] Finished training in 21.47s                                                                                                                    
  [Client 1] Starting local training...                                                                                                                     
  [Client 1] Finished training in 8.28s                                                                                                                     
  Starting weight aggregation...                                                                                                                            
  Aggregation completed in 0.05s                                                                                                                            
ROUND 49 FINISHED in 184.50s (Avg: 185.12s)                                                                                                                 
  [Resume] Saved training checkpoint after round 49 →                                                                                                       
/home/luis.mendezl/Thesis/logs/runs/cifar10/fedavg/vim_tiny/alpha0.03/seed123/checkpoints/training_state.pt                                                 
---------------------------- ROUND 50/50 START ----------------------------                                                                                 
Selected clients: [8, 0, 4, 9, 3, 1, 2, 7, 6, 5]                                                                                                            
  [Client 8] Starting local training...                                                                                                                     
  [Client 8] Finished training in 8.31s                                                                                                                     
client [8]  (testset)   loss: 0.8693 -> 0.5842  accuracy: 71.67% -> 76.67%                                                                                  
  [Client 0] Starting local training...                                                                                                                     
  [Client 0] Finished training in 37.46s                                                                                                                    
client [0]  (testset)   loss: 3.2266 -> 0.8409  accuracy: 4.73% -> 66.88%                                                                                   
  [Client 4] Starting local training...                                                                                                                     
  [Client 4] Finished training in 28.71s                                                                                                                    
client [4]  (testset)   loss: 1.4329 -> 0.4971  accuracy: 52.48% -> 84.71%                                                                                  
  [Client 9] Starting local training...                                                                                                                     
  [Client 9] Finished training in 15.49s                                                                                                                    
client [9]  (testset)   loss: 2.3913 -> 0.3911  accuracy: 12.00% -> 87.20%                                                                                  
  [Client 3] Starting local training...                                                                                                                     
  [Client 3] Finished training in 25.38s                                                                                                                    
client [3]  (testset)   loss: 1.4466 -> 0.6237  accuracy: 46.92% -> 80.09%                                                                                  
  [Client 1] Starting local training...                                                                                                                     
  [Client 1] Finished training in 8.60s                                                                                                                     
client [1]  (testset)   loss: 2.6555 -> 0.4273  accuracy: 11.29% -> 93.55%                                                                                  
  [Client 2] Starting local training...                                                                                                                     
  [Client 2] Finished training in 8.23s                                                                                                                     
client [2]  (testset)   loss: 2.4553 -> 0.0000  accuracy: 12.50% -> 100.00%                                                                                 
  [Client 7] Starting local training...                                                                                                                     
  [Client 7] Finished training in 21.43s                                                                                                                    
client [7]  (testset)   loss: 2.4847 -> 0.3570  accuracy: 8.14% -> 90.12%                                                                                   
  [Client 6] Starting local training...                                                                                                                     
  [Client 6] Finished training in 29.84s                                                                                                                    
client [6]  (testset)   loss: 1.2106 -> 0.3906  accuracy: 56.33% -> 86.53%                                                                                  
  [Client 5] Starting local training...                                                                                                                     
  [Client 5] Finished training in 1.47s                                                                                                                     
client [5]  (testset)   loss: 1.5615 -> 1.5615  accuracy: 0.00% -> 0.00%                                                                                    
  [CKA] Saved checkpoints for round 50 (10 clients) → /home/luis.mendezl/Thesis/logs/runs/cifar10/fedavg/vim_tiny/alpha0.03/seed123/checkpoints/round_0050  
  Starting weight aggregation...                                                                                                                            
  Aggregation completed in 0.05s                                                                                                                            
ROUND 50 FINISHED in 187.09s (Avg: 185.16s)                                                                                                                 
  [Resume] Saved training checkpoint after round 50 →                                                                                                       
/home/luis.mendezl/Thesis/logs/runs/cifar10/fedavg/vim_tiny/alpha0.03/seed123/checkpoints/training_state.pt                                                 
CKADriftFedAvg's average time taken by each global epoch: 3 min 5.16 sec.                                                                                   
CKADriftFedAvg's total running time: 2 h 44 m 14 s.                                                                                                         
==================== CKADriftFedAvg Experiment Results: ====================                                                                                
Display format: (before local fine-tuning) -> (after local fine-tuning)                                                                                     
 So if finetune_epoch = 0, x.xx% -> 0.00% is normal.                                                                                                        
 Centralized testing ONLY happens after model aggregation, so the stats between '->' are the same.                                                          
{                                                                                                                                                           
    "1": {                                                                                                                                                  
        "centralized": {                                                                                                                                    
            "test": {                                                                                                                                       
                "loss": "3.1706 -> 3.1706",                                                                                                                 
                "accuracy": "16.92% -> 16.92%"                                                                                                              
            }                                                                                                                                               
        },                                                                                                                                                  
        "all_clients": {                                                                                                                                    
            "test": {                                                                                                                                       
                "loss": "3.1706 -> 0.0000",                                                                                                                 
                "accuracy": "16.92% -> 0.00%"                                                                                                               
            }                                                                                                                                               
        }                                                                                                                                                   
    },                                                                                                                                                      
    "2": {                                                                                                                                                  
        "centralized": {                                                                                                                                    
            "test": {                                                                                                                                       
                "loss": "3.4318 -> 3.4318",                                                                                                                 
                "accuracy": "16.72% -> 16.72%"                                                                                                              
            }                                                                                                                                               
        },                                                                                                                                                  
        "all_clients": {                                                                                                                                    
            "test": {                                                                                                                                       
                "loss": "3.4318 -> 0.0000",                                                                                                                 
                "accuracy": "16.72% -> 0.00%"                                                                                                               
            }                                                                                                                                               
        }                                                                                                                                                   
    },                                                                                                                                                      
    "3": {                                                                                                                                                  
        "centralized": {                                                                                                                                    
            "test": {                                                                                                                                       
                "loss": "4.2204 -> 4.2204",                                                                                                                 
                "accuracy": "15.99% -> 15.99%"                                                                                                              
            }                                                                                                                                               
        },                                                                                                                                                  
        "all_clients": {                                                                                                                                    
            "test": {                                                                                                                                       
                "loss": "4.2204 -> 0.0000",                                                                                                                 
                "accuracy": "15.99% -> 0.00%"                                                                                                               
            }                                                                                                                                               
        }                                                                                                                                                   
    },                                                                                                                                                      
    "4": {                                                                                                                                                  
        "centralized": {                                                                                                                                    
            "test": {                                                                                                                                       
                "loss": "3.3952 -> 3.3952",                                                                                                                 
                "accuracy": "12.31% -> 12.31%"                                                                                                              
            }                                                                                                                                               
        },                                                                                                                                                  
        "all_clients": {                                                                                                                                    
            "test": {                                                                                                                                       
                "loss": "3.3952 -> 0.0000",                                                                                                                 
                "accuracy": "12.31% -> 0.00%"                                                                                                               
            }                                                                                                                                               
        }                                                                                                                                                   
    },                                                                                                                                                      
    "5": {                                                                                                                                                  
        "centralized": {                                                                                                                                    
            "test": {                                                                                                                                       
                "loss": "3.0780 -> 3.0780",                                                                                                                 
                "accuracy": "19.26% -> 19.26%"                                                                                                              
            }                                                                                                                                               
        },                                                                                                                                                  
        "all_clients": {                                                                                                                                    
            "test": {                                                                                                                                       
                "loss": "3.0780 -> 0.0000",                                                                                                                 
                "accuracy": "19.26% -> 0.00%"                                                                                                               
            }                                                                                                                                               
        }                                                                                                                                                   
    },                                                                                                                                                      
    "6": {                                                                                                                                                  
        "centralized": {                                                                                                                                    
            "test": {                                                                                                                                       
                "loss": "2.5193 -> 2.5193",                                                                                                                 
                "accuracy": "15.85% -> 15.85%"                                                                                                              
            }                                                                                                                                               
        },                                                                                                                                                  
        "all_clients": {                                                                                                                                    
            "test": {                                                                                                                                       
                "loss": "2.5193 -> 0.0000",                                                                                                                 
                "accuracy": "15.85% -> 0.00%"                                                                                                               
            }                                                                                                                                               
        }                                                                                                                                                   
    },                                                                                                                                                      
    "7": {                                                                                                                                                  
        "centralized": {                                                                                                                                    
            "test": {                                                                                                                                       
                "loss": "2.4610 -> 2.4610",                                                                                                                 
                "accuracy": "17.32% -> 17.32%"                                                                                                              
            }                                                                                                                                               
        },                                                                                                                                                  
        "all_clients": {                                                                                                                                    
            "test": {                                                                                                                                       
                "loss": "2.4610 -> 0.0000",                                                                                                                 
                "accuracy": "17.32% -> 0.00%"                                                                                                               
            }                                                                                                                                               
        }                                                                                                                                                   
    },                                                                                                                                                      
    "8": {                                                                                                                                                  
        "centralized": {                                                                                                                                    
            "test": {                                                                                                                                       
                "loss": "2.1549 -> 2.1549",                                                                                                                 
                "accuracy": "20.94% -> 20.94%"                                                                                                              
            }                                                                                                                                               
        },                                                                                                                                                  
        "all_clients": {                                                                                                                                    
            "test": {                                                                                                                                       
                "loss": "2.1549 -> 0.0000",                                                                                                                 
                "accuracy": "20.94% -> 0.00%"                                                                                                               
            }                                                                                                                                               
        }                                                                                                                                                   
    },                                                                                                                                                      
    "9": {                                                                                                                                                  
        "centralized": {                                                                                                                                    
            "test": {                                                                                                                                       
                "loss": "2.1358 -> 2.1358",                                                                                                                 
                "accuracy": "19.53% -> 19.53%"                                                                                                              
            }                                                                                                                                               
        },                                                                                                                                                  
        "all_clients": {                                                                                                                                    
            "test": {                                                                                                                                       
                "loss": "2.1358 -> 0.0000",                                                                                                                 
                "accuracy": "19.53% -> 0.00%"                                                                                                               
            }                                                                                                                                               
        }                                                                                                                                                   
    },                                                                                                                                                      
    "10": {                                                                                                                                                 
        "centralized": {                                                                                                                                    
            "test": {                                                                                                                                       
                "loss": "2.0920 -> 2.0920",                                                                                                                 
                "accuracy": "23.28% -> 23.28%"                                                                                                              
            }                                                                                                                                               
        },                                                                                                                                                  
        "all_clients": {                                                                                                                                    
            "test": {                                                                                                                                       
                "loss": "2.0920 -> 0.0000",                                                                                                                 
                "accuracy": "23.28% -> 0.00%"                                                                                                               
            }                                                                                                                                               
        }                                                                                                                                                   
    },                                                                                                                                                      
    "11": {                                                                                                                                                 
        "centralized": {                                                                                                                                    
            "test": {                                                                                                                                       
                "loss": "2.0840 -> 2.0840",                                                                                                                 
                "accuracy": "22.14% -> 22.14%"                                                                                                              
            }                                                                                                                                               
        },                                                                                                                                                  
        "all_clients": {                                                                                                                                    
            "test": {                                                                                                                                       
                "loss": "2.0840 -> 0.0000",                                                                                                                 
                "accuracy": "22.14% -> 0.00%"                                                                                                               
            }                                                                                                                                               
        }                                                                                                                                                   
    },                                                                                                                                                      
    "12": {                                                                                                                                                 
        "centralized": {                                                                                                                                    
            "test": {                                                                                                                                       
                "loss": "2.0702 -> 2.0702",                                                                                                                 
                "accuracy": "24.21% -> 24.21%"                                                                                                              
            }                                                                                                                                               
        },                                                                                                                                                  
        "all_clients": {                                                                                                                                    
            "test": {                                                                                                                                       
                "loss": "2.0702 -> 0.0000",                                                                                                                 
                "accuracy": "24.21% -> 0.00%"                                                                                                               
            }                                                                                                                                               
        }                                                                                                                                                   
    },                                                                                                                                                      
    "13": {                                                                                                                                                 
        "centralized": {                                                                                                                                    
            "test": {                                                                                                                                       
                "loss": "2.0410 -> 2.0410",                                                                                                                 
                "accuracy": "24.62% -> 24.62%"                                                                                                              
            }                                                                                                                                               
        },                                                                                                                                                  
        "all_clients": {                                                                                                                                    
            "test": {                                                                                                                                       
                "loss": "2.0410 -> 0.0000",                                                                                                                 
                "accuracy": "24.62% -> 0.00%"                                                                                                               
            }                                                                                                                                               
        }                                                                                                                                                   
    },                                                                                                                                                      
    "14": {                                                                                                                                                 
        "centralized": {                                                                                                                                    
            "test": {                                                                                                                                       
                "loss": "1.9963 -> 1.9963",                                                                                                                 
                "accuracy": "27.63% -> 27.63%"                                                                                                              
            }                                                                                                                                               
        },                                                                                                                                                  
        "all_clients": {                                                                                                                                    
            "test": {                                                                                                                                       
                "loss": "1.9963 -> 0.0000",                                                                                                                 
                "accuracy": "27.63% -> 0.00%"                                                                                                               
            }                                                                                                                                               
        }                                                                                                                                                   
    },                                                                                                                                                      
    "15": {                                                                                                                                                 
        "centralized": {                                                                                                                                    
            "test": {                                                                                                                                       
                "loss": "1.9702 -> 1.9702",                                                                                                                 
                "accuracy": "25.82% -> 25.82%"                                                                                                              
            }                                                                                                                                               
        },                                                                                                                                                  
        "all_clients": {                                                                                                                                    
            "test": {                                                                                                                                       
                "loss": "1.9702 -> 0.0000",                                                                                                                 
                "accuracy": "25.82% -> 0.00%"                                                                                                               
            }                                                                                                                                               
        }                                                                                                                                                   
    },                                                                                                                                                      
    "16": {                                                                                                                                                 
        "centralized": {                                                                                                                                    
            "test": {                                                                                                                                       
                "loss": "1.9701 -> 1.9701",                                                                                                                 
                "accuracy": "26.69% -> 26.69%"                                                                                                              
            }                                                                                                                                               
        },                                                                                                                                                  
        "all_clients": {                                                                                                                                    
            "test": {                                                                                                                                       
                "loss": "1.9701 -> 0.0000",                                                                                                                 
                "accuracy": "26.69% -> 0.00%"                                                                                                               
            }                                                                                                                                               
        }                                                                                                                                                   
    },                                                                                                                                                      
    "17": {                                                                                                                                                 
        "centralized": {                                                                                                                                    
            "test": {                                                                                                                                       
                "loss": "1.9491 -> 1.9491",                                                                                                                 
                "accuracy": "28.70% -> 28.70%"                                                                                                              
            }                                                                                                                                               
        },                                                                                                                                                  
        "all_clients": {                                                                                                                                    
            "test": {                                                                                                                                       
                "loss": "1.9491 -> 0.0000",                                                                                                                 
                "accuracy": "28.70% -> 0.00%"                                                                                                               
            }                                                                                                                                               
        }                                                                                                                                                   
    },                                                                                                                                                      
    "18": {                                                                                                                                                 
        "centralized": {                                                                                                                                    
            "test": {                                                                                                                                       
                "loss": "1.9297 -> 1.9297",                                                                                                                 
                "accuracy": "29.16% -> 29.16%"                                                                                                              
            }                                                                                                                                               
        },                                                                                                                                                  
        "all_clients": {                                                                                                                                    
            "test": {                                                                                                                                       
                "loss": "1.9297 -> 0.0000",                                                                                                                 
                "accuracy": "29.16% -> 0.00%"                                                                                                               
            }                                                                                                                                               
        }                                                                                                                                                   
    },                                                                                                                                                      
    "19": {                                                                                                                                                 
        "centralized": {                                                                                                                                    
            "test": {                                                                                                                                       
                "loss": "1.9208 -> 1.9208",                                                                                                                 
                "accuracy": "28.36% -> 28.36%"                                                                                                              
            }                                                                                                                                               
        },                                                                                                                                                  
        "all_clients": {                                                                                                                                    
            "test": {                                                                                                                                       
                "loss": "1.9208 -> 0.0000",                                                                                                                 
                "accuracy": "28.36% -> 0.00%"                                                                                                               
            }                                                                                                                                               
        }                                                                                                                                                   
    },                                                                                                                                                      
    "20": {                                                                                                                                                 
        "centralized": {                                                                                                                                    
            "test": {                                                                                                                                       
                "loss": "1.9226 -> 1.9226",                                                                                                                 
                "accuracy": "29.57% -> 29.57%"                                                                                                              
            }                                                                                                                                               
        },                                                                                                                                                  
        "all_clients": {                                                                                                                                    
            "test": {                                                                                                                                       
                "loss": "1.9226 -> 0.0000",                                                                                                                 
                "accuracy": "29.57% -> 0.00%"                                                                                                               
            }                                                                                                                                               
        }                                                                                                                                                   
    },                                                                                                                                                      
    "21": {                                                                                                                                                 
        "centralized": {                                                                                                                                    
            "test": {                                                                                                                                       
                "loss": "1.9794 -> 1.9794",                                                                                                                 
                "accuracy": "25.35% -> 25.35%"                                                                                                              
            }                                                                                                                                               
        },                                                                                                                                                  
        "all_clients": {                                                                                                                                    
            "test": {                                                                                                                                       
                "loss": "1.9794 -> 0.0000",                                                                                                                 
                "accuracy": "25.35% -> 0.00%"                                                                                                               
            }                                                                                                                                               
        }                                                                                                                                                   
    },                                                                                                                                                      
    "22": {                                                                                                                                                 
        "centralized": {                                                                                                                                    
            "test": {                                                                                                                                       
                "loss": "1.9709 -> 1.9709",                                                                                                                 
                "accuracy": "28.43% -> 28.43%"                                                                                                              
            }                                                                                                                                               
        },                                                                                                                                                  
        "all_clients": {                                                                                                                                    
            "test": {                                                                                                                                       
                "loss": "1.9709 -> 0.0000",                                                                                                                 
                "accuracy": "28.43% -> 0.00%"                                                                                                               
            }                                                                                                                                               
        }                                                                                                                                                   
    },                                                                                                                                                      
    "23": {                                                                                                                                                 
        "centralized": {                                                                                                                                    
            "test": {                                                                                                                                       
                "loss": "2.3554 -> 2.3554",                                                                                                                 
                "accuracy": "23.01% -> 23.01%"                                                                                                              
            }                                                                                                                                               
        },                                                                                                                                                  
        "all_clients": {                                                                                                                                    
            "test": {                                                                                                                                       
                "loss": "2.3554 -> 0.0000",                                                                                                                 
                "accuracy": "23.01% -> 0.00%"                                                                                                               
            }                                                                                                                                               
        }                                                                                                                                                   
    },                                                                                                                                                      
    "24": {                                                                                                                                                 
        "centralized": {                                                                                                                                    
            "test": {                                                                                                                                       
                "loss": "2.4011 -> 2.4011",                                                                                                                 
                "accuracy": "22.74% -> 22.74%"                                                                                                              
            }                                                                                                                                               
        },                                                                                                                                                  
        "all_clients": {                                                                                                                                    
            "test": {                                                                                                                                       
                "loss": "2.4011 -> 0.0000",                                                                                                                 
                "accuracy": "22.74% -> 0.00%"                                                                                                               
            }                                                                                                                                               
        }                                                                                                                                                   
    },                                                                                                                                                      
    "25": {                                                                                                                                                 
        "centralized": {                                                                                                                                    
            "test": {                                                                                                                                       
                "loss": "2.6120 -> 2.6120",                                                                                                                 
                "accuracy": "24.08% -> 24.08%"                                                                                                              
            }                                                                                                                                               
        },                                                                                                                                                  
        "all_clients": {                                                                                                                                    
            "test": {                                                                                                                                       
                "loss": "2.6120 -> 0.0000",                                                                                                                 
                "accuracy": "24.08% -> 0.00%"                                                                                                               
            }                                                                                                                                               
        }                                                                                                                                                   
    },                                                                                                                                                      
    "26": {                                                                                                                                                 
        "centralized": {                                                                                                                                    
            "test": {                                                                                                                                       
                "loss": "2.1316 -> 2.1316",                                                                                                                 
                "accuracy": "24.21% -> 24.21%"                                                                                                              
            }                                                                                                                                               
        },                                                                                                                                                  
        "all_clients": {                                                                                                                                    
            "test": {                                                                                                                                       
                "loss": "2.1316 -> 0.0000",                                                                                                                 
                "accuracy": "24.21% -> 0.00%"                                                                                                               
            }                                                                                                                                               
        }                                                                                                                                                   
    },                                                                                                                                                      
    "27": {                                                                                                                                                 
        "centralized": {                                                                                                                                    
            "test": {                                                                                                                                       
                "loss": "2.1440 -> 2.1440",                                                                                                                 
                "accuracy": "26.62% -> 26.62%"                                                                                                              
            }                                                                                                                                               
        },                                                                                                                                                  
        "all_clients": {                                                                                                                                    
            "test": {                                                                                                                                       
                "loss": "2.1440 -> 0.0000",                                                                                                                 
                "accuracy": "26.62% -> 0.00%"                                                                                                               
            }                                                                                                                                               
        }                                                                                                                                                   
    },                                                                                                                                                      
    "28": {                                                                                                                                                 
        "centralized": {                                                                                                                                    
            "test": {                                                                                                                                       
                "loss": "1.9417 -> 1.9417",                                                                                                                 
                "accuracy": "30.37% -> 30.37%"                                                                                                              
            }                                                                                                                                               
        },                                                                                                                                                  
        "all_clients": {                                                                                                                                    
            "test": {                                                                                                                                       
                "loss": "1.9417 -> 0.0000",                                                                                                                 
                "accuracy": "30.37% -> 0.00%"                                                                                                               
            }                                                                                                                                               
        }                                                                                                                                                   
    },                                                                                                                                                      
    "29": {                                                                                                                                                 
        "centralized": {                                                                                                                                    
            "test": {                                                                                                                                       
                "loss": "1.9609 -> 1.9609",                                                                                                                 
                "accuracy": "27.69% -> 27.69%"                                                                                                              
            }                                                                                                                                               
        },                                                                                                                                                  
        "all_clients": {                                                                                                                                    
            "test": {                                                                                                                                       
                "loss": "1.9609 -> 0.0000",                                                                                                                 
                "accuracy": "27.69% -> 0.00%"                                                                                                               
            }                                                                                                                                               
        }                                                                                                                                                   
    },                                                                                                                                                      
    "30": {                                                                                                                                                 
        "centralized": {                                                                                                                                    
            "test": {                                                                                                                                       
                "loss": "1.8910 -> 1.8910",                                                                                                                 
                "accuracy": "31.77% -> 31.77%"                                                                                                              
            }                                                                                                                                               
        },                                                                                                                                                  
        "all_clients": {                                                                                                                                    
            "test": {                                                                                                                                       
                "loss": "1.8910 -> 0.0000",                                                                                                                 
                "accuracy": "31.77% -> 0.00%"                                                                                                               
            }                                                                                                                                               
        }                                                                                                                                                   
    },                                                                                                                                                      
    "31": {                                                                                                                                                 
        "centralized": {                                                                                                                                    
            "test": {                                                                                                                                       
                "loss": "2.0065 -> 2.0065",                                                                                                                 
                "accuracy": "27.96% -> 27.96%"                                                                                                              
            }                                                                                                                                               
        },                                                                                                                                                  
        "all_clients": {                                                                                                                                    
            "test": {                                                                                                                                       
                "loss": "2.0065 -> 0.0000",                                                                                                                 
                "accuracy": "27.96% -> 0.00%"                                                                                                               
            }                                                                                                                                               
        }                                                                                                                                                   
    },                                                                                                                                                      
    "32": {                                                                                                                                                 
        "centralized": {                                                                                                                                    
            "test": {                                                                                                                                       
                "loss": "1.9537 -> 1.9537",                                                                                                                 
                "accuracy": "31.51% -> 31.51%"                                                                                                              
            }                                                                                                                                               
        },                                                                                                                                                  
        "all_clients": {                                                                                                                                    
            "test": {                                                                                                                                       
                "loss": "1.9537 -> 0.0000",                                                                                                                 
                "accuracy": "31.51% -> 0.00%"                                                                                                               
            }                                                                                                                                               
        }                                                                                                                                                   
    },                                                                                                                                                      
    "33": {                                                                                                                                                 
        "centralized": {                                                                                                                                    
            "test": {                                                                                                                                       
                "loss": "2.0679 -> 2.0679",                                                                                                                 
                "accuracy": "27.29% -> 27.29%"                                                                                                              
            }                                                                                                                                               
        },                                                                                                                                                  
        "all_clients": {                                                                                                                                    
            "test": {                                                                                                                                       
                "loss": "2.0679 -> 0.0000",                                                                                                                 
                "accuracy": "27.29% -> 0.00%"                                                                                                               
            }                                                                                                                                               
        }                                                                                                                                                   
    },                                                                                                                                                      
    "34": {                                                                                                                                                 
        "centralized": {                                                                                                                                    
            "test": {                                                                                                                                       
                "loss": "1.9486 -> 1.9486",                                                                                                                 
                "accuracy": "31.77% -> 31.77%"                                                                                                              
            }                                                                                                                                               
        },                                                                                                                                                  
        "all_clients": {                                                                                                                                    
            "test": {                                                                                                                                       
                "loss": "1.9486 -> 0.0000",                                                                                                                 
                "accuracy": "31.77% -> 0.00%"                                                                                                               
            }                                                                                                                                               
        }                                                                                                                                                   
    },                                                                                                                                                      
    "35": {                                                                                                                                                 
        "centralized": {                                                                                                                                    
            "test": {                                                                                                                                       
                "loss": "2.0021 -> 2.0021",                                                                                                                 
                "accuracy": "28.70% -> 28.70%"                                                                                                              
            }                                                                                                                                               
        },                                                                                                                                                  
        "all_clients": {                                                                                                                                    
            "test": {                                                                                                                                       
                "loss": "2.0021 -> 0.0000",                                                                                                                 
                "accuracy": "28.70% -> 0.00%"                                                                                                               
            }                                                                                                                                               
        }                                                                                                                                                   
    },                                                                                                                                                      
    "36": {                                                                                                                                                 
        "centralized": {                                                                                                                                    
            "test": {                                                                                                                                       
                "loss": "1.8624 -> 1.8624",                                                                                                                 
                "accuracy": "33.58% -> 33.58%"                                                                                                              
            }                                                                                                                                               
        },                                                                                                                                                  
        "all_clients": {                                                                                                                                    
            "test": {                                                                                                                                       
                "loss": "1.8624 -> 0.0000",                                                                                                                 
                "accuracy": "33.58% -> 0.00%"                                                                                                               
            }                                                                                                                                               
        }                                                                                                                                                   
    },                                                                                                                                                      
    "37": {                                                                                                                                                 
        "centralized": {                                                                                                                                    
            "test": {                                                                                                                                       
                "loss": "1.9575 -> 1.9575",                                                                                                                 
                "accuracy": "29.50% -> 29.50%"                                                                                                              
            }                                                                                                                                               
        },                                                                                                                                                  
        "all_clients": {                                                                                                                                    
            "test": {                                                                                                                                       
                "loss": "1.9575 -> 0.0000",                                                                                                                 
                "accuracy": "29.50% -> 0.00%"                                                                                                               
            }                                                                                                                                               
        }                                                                                                                                                   
    },                                                                                                                                                      
    "38": {                                                                                                                                                 
        "centralized": {                                                                                                                                    
            "test": {                                                                                                                                       
                "loss": "1.8381 -> 1.8381",                                                                                                                 
                "accuracy": "35.59% -> 35.59%"                                                                                                              
            }                                                                                                                                               
        },                                                                                                                                                  
        "all_clients": {                                                                                                                                    
            "test": {                                                                                                                                       
                "loss": "1.8381 -> 0.0000",                                                                                                                 
                "accuracy": "35.59% -> 0.00%"                                                                                                               
            }                                                                                                                                               
        }                                                                                                                                                   
    },                                                                                                                                                      
    "39": {                                                                                                                                                 
        "centralized": {                                                                                                                                    
            "test": {                                                                                                                                       
                "loss": "2.0001 -> 2.0001",                                                                                                                 
                "accuracy": "29.16% -> 29.16%"                                                                                                              
            }                                                                                                                                               
        },                                                                                                                                                  
        "all_clients": {                                                                                                                                    
            "test": {                                                                                                                                       
                "loss": "2.0001 -> 0.0000",                                                                                                                 
                "accuracy": "29.16% -> 0.00%"                                                                                                               
            }                                                                                                                                               
        }                                                                                                                                                   
    },                                                                                                                                                      
    "40": {                                                                                                                                                 
        "centralized": {                                                                                                                                    
            "test": {                                                                                                                                       
                "loss": "1.8242 -> 1.8242",                                                                                                                 
                "accuracy": "36.25% -> 36.25%"                                                                                                              
            }                                                                                                                                               
        },                                                                                                                                                  
        "all_clients": {                                                                                                                                    
            "test": {                                                                                                                                       
                "loss": "1.8242 -> 0.0000",                                                                                                                 
                "accuracy": "36.25% -> 0.00%"                                                                                                               
            }                                                                                                                                               
        }                                                                                                                                                   
    },                                                                                                                                                      
    "41": {                                                                                                                                                 
        "centralized": {                                                                                                                                    
            "test": {                                                                                                                                       
                "loss": "1.9885 -> 1.9885",                                                                                                                 
                "accuracy": "29.83% -> 29.83%"                                                                                                              
            }                                                                                                                                               
        },                                                                                                                                                  
        "all_clients": {                                                                                                                                    
            "test": {                                                                                                                                       
                "loss": "1.9885 -> 0.0000",                                                                                                                 
                "accuracy": "29.83% -> 0.00%"                                                                                                               
            }                                                                                                                                               
        }                                                                                                                                                   
    },                                                                                                                                                      
    "42": {                                                                                                                                                 
        "centralized": {                                                                                                                                    
            "test": {                                                                                                                                       
                "loss": "1.8369 -> 1.8369",                                                                                                                 
                "accuracy": "35.25% -> 35.25%"                                                                                                              
            }                                                                                                                                               
        },                                                                                                                                                  
        "all_clients": {                                                                                                                                    
            "test": {                                                                                                                                       
                "loss": "1.8369 -> 0.0000",                                                                                                                 
                "accuracy": "35.25% -> 0.00%"                                                                                                               
            }                                                                                                                                               
        }                                                                                                                                                   
    },                                                                                                                                                      
    "43": {                                                                                                                                                 
        "centralized": {                                                                                                                                    
            "test": {                                                                                                                                       
                "loss": "2.0389 -> 2.0389",                                                                                                                 
                "accuracy": "30.03% -> 30.03%"                                                                                                              
            }                                                                                                                                               
        },                                                                                                                                                  
        "all_clients": {                                                                                                                                    
            "test": {                                                                                                                                       
                "loss": "2.0389 -> 0.0000",                                                                                                                 
                "accuracy": "30.03% -> 0.00%"                                                                                                               
            }                                                                                                                                               
        }                                                                                                                                                   
    },                                                                                                                                                      
    "44": {                                                                                                                                                 
        "centralized": {                                                                                                                                    
            "test": {                                                                                                                                       
                "loss": "1.8509 -> 1.8509",                                                                                                                 
                "accuracy": "34.98% -> 34.98%"                                                                                                              
            }                                                                                                                                               
        },                                                                                                                                                  
        "all_clients": {                                                                                                                                    
            "test": {                                                                                                                                       
                "loss": "1.8509 -> 0.0000",                                                                                                                 
                "accuracy": "34.98% -> 0.00%"                                                                                                               
            }                                                                                                                                               
        }                                                                                                                                                   
    },                                                                                                                                                      
    "45": {                                                                                                                                                 
        "centralized": {                                                                                                                                    
            "test": {                                                                                                                                       
                "loss": "1.9867 -> 1.9867",                                                                                                                 
                "accuracy": "31.57% -> 31.57%"                                                                                                              
            }                                                                                                                                               
        },                                                                                                                                                  
        "all_clients": {                                                                                                                                    
            "test": {                                                                                                                                       
                "loss": "1.9867 -> 0.0000",                                                                                                                 
                "accuracy": "31.57% -> 0.00%"                                                                                                               
            }                                                                                                                                               
        }                                                                                                                                                   
    },                                                                                                                                                      
    "46": {                                                                                                                                                 
        "centralized": {                                                                                                                                    
            "test": {                                                                                                                                       
                "loss": "1.8033 -> 1.8033",                                                                                                                 
                "accuracy": "37.46% -> 37.46%"                                                                                                              
            }                                                                                                                                               
        },                                                                                                                                                  
        "all_clients": {                                                                                                                                    
            "test": {                                                                                                                                       
                "loss": "1.8033 -> 0.0000",                                                                                                                 
                "accuracy": "37.46% -> 0.00%"                                                                                                               
            }                                                                                                                                               
        }                                                                                                                                                   
    },                                                                                                                                                      
    "47": {                                                                                                                                                 
        "centralized": {                                                                                                                                    
            "test": {                                                                                                                                       
                "loss": "1.9791 -> 1.9791",                                                                                                                 
                "accuracy": "30.43% -> 30.43%"                                                                                                              
            }                                                                                                                                               
        },                                                                                                                                                  
        "all_clients": {                                                                                                                                    
            "test": {                                                                                                                                       
                "loss": "1.9791 -> 0.0000",                                                                                                                 
                "accuracy": "30.43% -> 0.00%"                                                                                                               
            }                                                                                                                                               
        }                                                                                                                                                   
    },                                                                                                                                                      
    "48": {                                                                                                                                                 
        "centralized": {                                                                                                                                    
            "test": {                                                                                                                                       
                "loss": "1.8371 -> 1.8371",                                                                                                                 
                "accuracy": "37.26% -> 37.26%"                                                                                                              
            }                                                                                                                                               
        },                                                                                                                                                  
        "all_clients": {                                                                                                                                    
            "test": {                                                                                                                                       
                "loss": "1.8371 -> 0.0000",                                                                                                                 
                "accuracy": "37.26% -> 0.00%"                                                                                                               
            }                                                                                                                                               
        }                                                                                                                                                   
    },                                                                                                                                                      
    "49": {                                                                                                                                                 
        "centralized": {                                                                                                                                    
            "test": {                                                                                                                                       
                "loss": "2.0467 -> 2.0467",                                                                                                                 
                "accuracy": "31.10% -> 31.10%"                                                                                                              
            }                                                                                                                                               
        },                                                                                                                                                  
        "all_clients": {                                                                                                                                    
            "test": {                                                                                                                                       
                "loss": "2.0467 -> 0.0000",                                                                                                                 
                "accuracy": "31.10% -> 0.00%"                                                                                                               
            }                                                                                                                                               
        }                                                                                                                                                   
    },                                                                                                                                                      
    "50": {                                                                                                                                                 
        "centralized": {                                                                                                                                    
            "test": {                                                                                                                                       
                "loss": "1.7972 -> 1.7972",                                                                                                                 
                "accuracy": "38.19% -> 38.19%"                                                                                                              
            }                                                                                                                                               
        },                                                                                                                                                  
        "all_clients": {                                                                                                                                    
            "test": {                                                                                                                                       
                "loss": "1.7972 -> 0.0000",                                                                                                                 
                "accuracy": "38.19% -> 0.00%"                                                                                                               
            }                                                                                                                                               
        }                                                                                                                                                   
    }                                                                                                                                                       
}                                                                                                                                                           
==================== CKADriftFedAvg Max Accuracy ====================                                                                                       
all_clients:                                                                                                                                                
(test) before fine-tuning: 38.19% at epoch 50                                                                                                               
(test) after fine-tuning: 0.00% at epoch 1                                                                                                                  
centralized:                                                                                                                                                
(test) before fine-tuning: 38.19% at epoch 50                                                                                                               
(test) after fine-tuning: 38.19% at epoch 50                                                                                                                
