==================== CKADriftFedProx ====================                                                                                                   
Experiment Arguments:                                                                                                                                       
{
│   'method': 'ckadriftfedprox',
│   'dataset': {
│   │   'name': 'cifar10',
│   │   'partition_dir': 'partitions/alpha_0.1/seed_42',
│   │   'client_num': 10,
│   │   'test_ratio': 0.25,
│   │   'val_ratio': 0.0,
│   │   'seed': 42,
│   │   'split': 'sample',
│   │   'IID_ratio': 0.0,
│   │   'alpha': 0.1,
│   │   'min_samples_per_client': 10,
│   │   'sample_fraction': 0.1,
│   │   'subset_seed': 42,
│   │   'monitor_window_name_suffix': 'cifar10-10clients-0%IID-Dir(0.1)-seed42-10pct'
│   },
│   'model': {
│   │   'name': 'vit_tiny',
│   │   'use_torchvision_pretrained_weights': False,
│   │   'external_model_weights_path': None
│   },
│   'optimizer': {
│   │   'lr': 0.01,
│   │   'dampening': 0,
│   │   'weight_decay': 0.0001,
│   │   'momentum': 0.9,
│   │   'nesterov': False,
│   │   'name': 'sgd'
│   },
│   'mode': 'serial',
│   'parallel': {
│   │   'ray_cluster_addr': None,
│   │   'num_cpus': 40,
│   │   'num_gpus': 0,
│   │   'num_workers': 5
│   },
│   'common': {
│   │   'seed': 42,
│   │   'join_ratio': 1.0,
│   │   'global_epoch': 50,
│   │   'local_epoch': 5,
│   │   'batch_size': 32,
│   │   'reset_optimizer_on_global_epoch': True,
│   │   'straggler_ratio': 0,
│   │   'straggler_min_local_epoch': 0,
│   │   'buffers': 'global',
│   │   'client_side_evaluation': True,
│   │   'test': {
│   │   │   'client': {
│   │   │   │   'interval': 1,
│   │   │   │   'finetune_epoch': 0,
│   │   │   │   'train': False,
│   │   │   │   'val': False,
│   │   │   │   'test': True
│   │   │   },
│   │   │   'server': {
│   │   │   │   'interval': 1,
│   │   │   │   'train': False,
│   │   │   │   'val': False,
│   │   │   │   'test': True,
│   │   │   │   'model_in_train_mode': False
│   │   │   }
│   │   },
│   │   'verbose_gap': 10,
│   │   'monitor': 'tensorboard',
│   │   'use_cuda': True,
│   │   'save_log': True,
│   │   'save_model': False,
│   │   'save_learning_curve_plot': True,
│   │   'save_metrics': True,
│   │   'delete_useless_run': True,
│   │   'dataloader_num_workers': 2,
│   │   'resume_checkpoint': None
│   },
│   'cka': {
│   │   'rounds': [
│   │   │   1,
│   │   │   2,
│   │   │   5,
│   │   │   10,
│   │   │   20,
│   │   │   30,
│   │   │   40,
│   │   │   50
│   │   ],
│   │   'client_sample': 10,
│   │   'probe_batches': 20,
│   │   'probe_batch_size': 16
│   },
│   'ckadriftfedprox': {
│   │   'mu': 0.01
│   },
│   'driftfedprox': {
│   │   'mu': 0.01
│   }
}
---------------------------- ROUND 1/50 START ----------------------------                                                                                  
Selected clients: [1, 0, 4, 9, 6, 5, 8, 2, 3, 7]                                                                                                            
  [Client 1] Starting local training...                                                                                                                     
  [Client 1] Finished training in 6.59s                                                                                                                     
  [Client 0] Starting local training...                                                                                                                     
  [Client 0] Finished training in 9.67s                                                                                                                     
  [Client 4] Starting local training...                                                                                                                     
  [Client 4] Finished training in 2.02s                                                                                                                     
  [Client 9] Starting local training...                                                                                                                     
  [Client 9] Finished training in 10.08s                                                                                                                    
  [Client 6] Starting local training...                                                                                                                     
  [Client 6] Finished training in 4.98s                                                                                                                     
  [Client 5] Starting local training...                                                                                                                     
  [Client 5] Finished training in 5.66s                                                                                                                     
  [Client 8] Starting local training...                                                                                                                     
  [Client 8] Finished training in 6.48s                                                                                                                     
  [Client 2] Starting local training...                                                                                                                     
  [Client 2] Finished training in 3.34s                                                                                                                     
  [Client 3] Starting local training...                                                                                                                     
  [Client 3] Finished training in 1.50s                                                                                                                     
  [Client 7] Starting local training...                                                                                                                     
  [Client 7] Finished training in 1.55s                                                                                                                     
  [CKA] Saved checkpoints for round 1 (10 clients) → /home/luis.mendezl/Thesis/logs/runs/cifar10/fedprox/vit_tiny/alpha0.1/seed42/checkpoints/round_0001    
  Starting weight aggregation...                                                                                                                            
  Aggregation completed in 0.05s                                                                                                                            
ROUND 1 FINISHED in 54.93s (Avg: 54.93s)                                                                                                                    
  [Resume] Saved training checkpoint after round 1 →                                                                                                        
/home/luis.mendezl/Thesis/logs/runs/cifar10/fedprox/vit_tiny/alpha0.1/seed42/checkpoints/training_state.pt                                                  
---------------------------- ROUND 2/50 START ----------------------------                                                                                  
Selected clients: [0, 9, 1, 7, 6, 4, 8, 2, 3, 5]                                                                                                            
  [Client 0] Starting local training...                                                                                                                     
  [Client 0] Finished training in 9.79s                                                                                                                     
  [Client 9] Starting local training...                                                                                                                     
  [Client 9] Finished training in 9.97s                                                                                                                     
  [Client 1] Starting local training...                                                                                                                     
  [Client 1] Finished training in 6.70s                                                                                                                     
  [Client 7] Starting local training...                                                                                                                     
  [Client 7] Finished training in 1.63s                                                                                                                     
  [Client 6] Starting local training...                                                                                                                     
  [Client 6] Finished training in 4.98s                                                                                                                     
  [Client 4] Starting local training...                                                                                                                     
  [Client 4] Finished training in 2.28s                                                                                                                     
  [Client 8] Starting local training...                                                                                                                     
  [Client 8] Finished training in 6.54s                                                                                                                     
  [Client 2] Starting local training...                                                                                                                     
  [Client 2] Finished training in 2.90s                                                                                                                     
  [Client 3] Starting local training...                                                                                                                     
  [Client 3] Finished training in 1.55s                                                                                                                     
  [Client 5] Starting local training...                                                                                                                     
  [Client 5] Finished training in 6.07s                                                                                                                     
  [CKA] Saved checkpoints for round 2 (10 clients) → /home/luis.mendezl/Thesis/logs/runs/cifar10/fedprox/vit_tiny/alpha0.1/seed42/checkpoints/round_0002    
  Starting weight aggregation...                                                                                                                            
  Aggregation completed in 0.07s                                                                                                                            
ROUND 2 FINISHED in 55.53s (Avg: 55.23s)                                                                                                                    
  [Resume] Saved training checkpoint after round 2 →                                                                                                        
/home/luis.mendezl/Thesis/logs/runs/cifar10/fedprox/vit_tiny/alpha0.1/seed42/checkpoints/training_state.pt                                                  
---------------------------- ROUND 3/50 START ----------------------------                                                                                  
Selected clients: [3, 7, 4, 6, 0, 1, 9, 8, 2, 5]                                                                                                            
  [Client 3] Starting local training...                                                                                                                     
  [Client 3] Finished training in 0.94s                                                                                                                     
  [Client 7] Starting local training...                                                                                                                     
  [Client 7] Finished training in 1.60s                                                                                                                     
  [Client 4] Starting local training...                                                                                                                     
  [Client 4] Finished training in 2.16s                                                                                                                     
  [Client 6] Starting local training...                                                                                                                     
  [Client 6] Finished training in 4.96s                                                                                                                     
  [Client 0] Starting local training...                                                                                                                     
  [Client 0] Finished training in 9.64s                                                                                                                     
  [Client 1] Starting local training...                                                                                                                     
  [Client 1] Finished training in 6.86s                                                                                                                     
  [Client 9] Starting local training...                                                                                                                     
  [Client 9] Finished training in 9.54s                                                                                                                     
  [Client 8] Starting local training...                                                                                                                     
  [Client 8] Finished training in 6.43s                                                                                                                     
  [Client 2] Starting local training...                                                                                                                     
  [Client 2] Finished training in 3.61s                                                                                                                     
  [Client 5] Starting local training...                                                                                                                     
  [Client 5] Finished training in 5.37s                                                                                                                     
  Starting weight aggregation...                                                                                                                            
  Aggregation completed in 0.08s                                                                                                                            
ROUND 3 FINISHED in 51.77s (Avg: 54.08s)                                                                                                                    
  [Resume] Saved training checkpoint after round 3 →                                                                                                        
/home/luis.mendezl/Thesis/logs/runs/cifar10/fedprox/vit_tiny/alpha0.1/seed42/checkpoints/training_state.pt                                                  
---------------------------- ROUND 4/50 START ----------------------------                                                                                  
Selected clients: [3, 5, 1, 0, 9, 6, 2, 7, 8, 4]                                                                                                            
  [Client 3] Starting local training...                                                                                                                     
  [Client 3] Finished training in 0.89s                                                                                                                     
  [Client 5] Starting local training...                                                                                                                     
  [Client 5] Finished training in 5.82s                                                                                                                     
  [Client 1] Starting local training...                                                                                                                     
  [Client 1] Finished training in 7.14s                                                                                                                     
  [Client 0] Starting local training...                                                                                                                     
  [Client 0] Finished training in 9.43s                                                                                                                     
  [Client 9] Starting local training...                                                                                                                     
  [Client 9] Finished training in 9.70s                                                                                                                     
  [Client 6] Starting local training...                                                                                                                     
  [Client 6] Finished training in 5.06s                                                                                                                     
  [Client 2] Starting local training...                                                                                                                     
  [Client 2] Finished training in 3.04s                                                                                                                     
  [Client 7] Starting local training...                                                                                                                     
  [Client 7] Finished training in 1.62s                                                                                                                     
  [Client 8] Starting local training...                                                                                                                     
  [Client 8] Finished training in 6.82s                                                                                                                     
  [Client 4] Starting local training...                                                                                                                     
  [Client 4] Finished training in 2.19s                                                                                                                     
  Starting weight aggregation...                                                                                                                            
  Aggregation completed in 0.06s                                                                                                                            
ROUND 4 FINISHED in 52.30s (Avg: 53.63s)                                                                                                                    
  [Resume] Saved training checkpoint after round 4 →                                                                                                        
/home/luis.mendezl/Thesis/logs/runs/cifar10/fedprox/vit_tiny/alpha0.1/seed42/checkpoints/training_state.pt                                                  
---------------------------- ROUND 5/50 START ----------------------------                                                                                  
Selected clients: [7, 8, 1, 3, 0, 4, 2, 6, 9, 5]                                                                                                            
  [Client 7] Starting local training...                                                                                                                     
  [Client 7] Finished training in 1.69s                                                                                                                     
  [Client 8] Starting local training...                                                                                                                     
  [Client 8] Finished training in 6.96s                                                                                                                     
  [Client 1] Starting local training...                                                                                                                     
  [Client 1] Finished training in 6.89s                                                                                                                     
  [Client 3] Starting local training...                                                                                                                     
  [Client 3] Finished training in 0.94s                                                                                                                     
  [Client 0] Starting local training...                                                                                                                     
  [Client 0] Finished training in 9.73s                                                                                                                     
  [Client 4] Starting local training...                                                                                                                     
  [Client 4] Finished training in 2.25s                                                                                                                     
  [Client 2] Starting local training...                                                                                                                     
  [Client 2] Finished training in 3.04s                                                                                                                     
  [Client 6] Starting local training...                                                                                                                     
  [Client 6] Finished training in 5.01s                                                                                                                     
  [Client 9] Starting local training...                                                                                                                     
  [Client 9] Finished training in 9.36s                                                                                                                     
  [Client 5] Starting local training...                                                                                                                     
  [Client 5] Finished training in 5.79s                                                                                                                     
  [CKA] Saved checkpoints for round 5 (10 clients) → /home/luis.mendezl/Thesis/logs/runs/cifar10/fedprox/vit_tiny/alpha0.1/seed42/checkpoints/round_0005    
  Starting weight aggregation...                                                                                                                            
  Aggregation completed in 0.06s                                                                                                                            
ROUND 5 FINISHED in 54.70s (Avg: 53.85s)                                                                                                                    
  [Resume] Saved training checkpoint after round 5 →                                                                                                        
/home/luis.mendezl/Thesis/logs/runs/cifar10/fedprox/vit_tiny/alpha0.1/seed42/checkpoints/training_state.pt                                                  
---------------------------- ROUND 6/50 START ----------------------------                                                                                  
Selected clients: [1, 0, 3, 6, 2, 8, 9, 4, 7, 5]                                                                                                            
  [Client 1] Starting local training...                                                                                                                     
  [Client 1] Finished training in 6.97s                                                                                                                     
  [Client 0] Starting local training...                                                                                                                     
  [Client 0] Finished training in 9.72s                                                                                                                     
  [Client 3] Starting local training...                                                                                                                     
  [Client 3] Finished training in 0.95s                                                                                                                     
  [Client 6] Starting local training...                                                                                                                     
  [Client 6] Finished training in 5.04s                                                                                                                     
  [Client 2] Starting local training...                                                                                                                     
  [Client 2] Finished training in 3.48s                                                                                                                     
  [Client 8] Starting local training...                                                                                                                     
  [Client 8] Finished training in 6.77s                                                                                                                     
  [Client 9] Starting local training...                                                                                                                     
  [Client 9] Finished training in 9.65s                                                                                                                     
  [Client 4] Starting local training...                                                                                                                     
  [Client 4] Finished training in 2.26s                                                                                                                     
  [Client 7] Starting local training...                                                                                                                     
  [Client 7] Finished training in 2.83s                                                                                                                     
  [Client 5] Starting local training...                                                                                                                     
  [Client 5] Finished training in 5.39s                                                                                                                     
  Starting weight aggregation...                                                                                                                            
  Aggregation completed in 0.05s                                                                                                                            
ROUND 6 FINISHED in 53.64s (Avg: 53.81s)                                                                                                                    
  [Resume] Saved training checkpoint after round 6 →                                                                                                        
/home/luis.mendezl/Thesis/logs/runs/cifar10/fedprox/vit_tiny/alpha0.1/seed42/checkpoints/training_state.pt                                                  
---------------------------- ROUND 7/50 START ----------------------------                                                                                  
Selected clients: [7, 5, 2, 9, 6, 1, 8, 3, 0, 4]                                                                                                            
  [Client 7] Starting local training...                                                                                                                     
  [Client 7] Finished training in 1.73s                                                                                                                     
  [Client 5] Starting local training...                                                                                                                     
  [Client 5] Finished training in 5.64s                                                                                                                     
  [Client 2] Starting local training...                                                                                                                     
  [Client 2] Finished training in 3.18s                                                                                                                     
  [Client 9] Starting local training...                                                                                                                     
  [Client 9] Finished training in 9.83s                                                                                                                     
  [Client 6] Starting local training...                                                                                                                     
  [Client 6] Finished training in 5.18s                                                                                                                     
  [Client 1] Starting local training...                                                                                                                     
  [Client 1] Finished training in 6.97s                                                                                                                     
  [Client 8] Starting local training...                                                                                                                     
  [Client 8] Finished training in 6.60s                                                                                                                     
  [Client 3] Starting local training...                                                                                                                     
  [Client 3] Finished training in 0.93s                                                                                                                     
  [Client 0] Starting local training...                                                                                                                     
  [Client 0] Finished training in 9.71s                                                                                                                     
  [Client 4] Starting local training...                                                                                                                     
  [Client 4] Finished training in 2.31s                                                                                                                     
  Starting weight aggregation...                                                                                                                            
  Aggregation completed in 0.05s                                                                                                                            
ROUND 7 FINISHED in 52.65s (Avg: 53.65s)                                                                                                                    
  [Resume] Saved training checkpoint after round 7 →                                                                                                        
/home/luis.mendezl/Thesis/logs/runs/cifar10/fedprox/vit_tiny/alpha0.1/seed42/checkpoints/training_state.pt                                                  
---------------------------- ROUND 8/50 START ----------------------------                                                                                  
Selected clients: [8, 3, 2, 9, 6, 7, 1, 4, 5, 0]                                                                                                            
  [Client 8] Starting local training...                                                                                                                     
  [Client 8] Finished training in 6.93s                                                                                                                     
  [Client 3] Starting local training...                                                                                                                     
  [Client 3] Finished training in 0.96s                                                                                                                     
  [Client 2] Starting local training...                                                                                                                     
  [Client 2] Finished training in 3.12s                                                                                                                     
  [Client 9] Starting local training...                                                                                                                     
  [Client 9] Finished training in 9.63s                                                                                                                     
  [Client 6] Starting local training...                                                                                                                     
  [Client 6] Finished training in 5.44s                                                                                                                     
  [Client 7] Starting local training...                                                                                                                     
  [Client 7] Finished training in 1.72s                                                                                                                     
  [Client 1] Starting local training...                                                                                                                     
  [Client 1] Finished training in 7.51s                                                                                                                     
  [Client 4] Starting local training...                                                                                                                     
  [Client 4] Finished training in 2.34s                                                                                                                     
  [Client 5] Starting local training...                                                                                                                     
  [Client 5] Finished training in 5.51s                                                                                                                     
  [Client 0] Starting local training...                                                                                                                     
  [Client 0] Finished training in 9.87s                                                                                                                     
  Starting weight aggregation...                                                                                                                            
  Aggregation completed in 0.05s                                                                                                                            
ROUND 8 FINISHED in 53.61s (Avg: 53.64s)                                                                                                                    
  [Resume] Saved training checkpoint after round 8 →                                                                                                        
/home/luis.mendezl/Thesis/logs/runs/cifar10/fedprox/vit_tiny/alpha0.1/seed42/checkpoints/training_state.pt                                                  
---------------------------- ROUND 9/50 START ----------------------------                                                                                  
Selected clients: [3, 0, 5, 9, 2, 8, 1, 7, 6, 4]                                                                                                            
  [Client 3] Starting local training...                                                                                                                     
  [Client 3] Finished training in 0.95s                                                                                                                     
  [Client 0] Starting local training...                                                                                                                     
  [Client 0] Finished training in 9.85s                                                                                                                     
  [Client 5] Starting local training...                                                                                                                     
  [Client 5] Finished training in 5.95s                                                                                                                     
  [Client 9] Starting local training...                                                                                                                     
  [Client 9] Finished training in 10.38s                                                                                                                    
  [Client 2] Starting local training...                                                                                                                     
  [Client 2] Finished training in 3.10s                                                                                                                     
  [Client 8] Starting local training...                                                                                                                     
  [Client 8] Finished training in 6.72s                                                                                                                     
  [Client 1] Starting local training...                                                                                                                     
  [Client 1] Finished training in 6.62s                                                                                                                     
  [Client 7] Starting local training...                                                                                                                     
  [Client 7] Finished training in 2.70s                                                                                                                     
  [Client 6] Starting local training...                                                                                                                     
  [Client 6] Finished training in 4.92s                                                                                                                     
  [Client 4] Starting local training...                                                                                                                     
  [Client 4] Finished training in 2.27s                                                                                                                     
  Starting weight aggregation...                                                                                                                            
  Aggregation completed in 0.05s                                                                                                                            
ROUND 9 FINISHED in 54.06s (Avg: 53.69s)                                                                                                                    
  [Resume] Saved training checkpoint after round 9 →                                                                                                        
/home/luis.mendezl/Thesis/logs/runs/cifar10/fedprox/vit_tiny/alpha0.1/seed42/checkpoints/training_state.pt                                                  
---------------------------- ROUND 10/50 START ----------------------------                                                                                 
Selected clients: [7, 6, 9, 1, 2, 8, 4, 5, 3, 0]                                                                                                            
  [Client 7] Starting local training...                                                                                                                     
  [Client 7] Finished training in 1.79s                                                                                                                     
client [7]  (testset)   loss: 2.4794 -> 1.5087  accuracy: 5.26% -> 57.89%                                                                                   
  [Client 6] Starting local training...                                                                                                                     
  [Client 6] Finished training in 5.16s                                                                                                                     
client [6]  (testset)   loss: 1.7668 -> 1.0008  accuracy: 27.34% -> 69.06%                                                                                  
  [Client 9] Starting local training...                                                                                                                     
  [Client 9] Finished training in 9.79s                                                                                                                     
client [9]  (testset)   loss: 2.0833 -> 1.1009  accuracy: 24.77% -> 59.75%                                                                                  
  [Client 1] Starting local training...                                                                                                                     
  [Client 1] Finished training in 7.02s                                                                                                                     
client [1]  (testset)   loss: 1.6608 -> 1.1079  accuracy: 38.32% -> 54.67%                                                                                  
  [Client 2] Starting local training...                                                                                                                     
  [Client 2] Finished training in 3.10s                                                                                                                     
client [2]  (testset)   loss: 1.9453 -> 0.9868  accuracy: 25.40% -> 61.90%                                                                                  
  [Client 8] Starting local training...                                                                                                                     
  [Client 8] Finished training in 7.11s                                                                                                                     
client [8]  (testset)   loss: 1.8788 -> 1.2861  accuracy: 32.51% -> 50.25%                                                                                  
  [Client 4] Starting local training...                                                                                                                     
  [Client 4] Finished training in 2.38s                                                                                                                     
client [4]  (testset)   loss: 2.4897 -> 1.5174  accuracy: 0.00% -> 45.45%                                                                                   
  [Client 5] Starting local training...                                                                                                                     
  [Client 5] Finished training in 5.38s                                                                                                                     
client [5]  (testset)   loss: 2.1512 -> 0.9014  accuracy: 5.45% -> 59.39%                                                                                   
  [Client 3] Starting local training...                                                                                                                     
  [Client 3] Finished training in 0.96s                                                                                                                     
client [3]  (testset)   loss: 2.2183 -> 2.2183  accuracy: 0.00% -> 0.00%                                                                                    
  [Client 0] Starting local training...                                                                                                                     
  [Client 0] Finished training in 10.15s                                                                                                                    
client [0]  (testset)   loss: 2.3906 -> 1.1530  accuracy: 6.36% -> 58.79%                                                                                   
  [CKA] Saved checkpoints for round 10 (10 clients) → /home/luis.mendezl/Thesis/logs/runs/cifar10/fedprox/vit_tiny/alpha0.1/seed42/checkpoints/round_0010   
  Starting weight aggregation...                                                                                                                            
  Aggregation completed in 0.05s                                                                                                                            
ROUND 10 FINISHED in 55.90s (Avg: 53.91s)                                                                                                                   
  [Resume] Saved training checkpoint after round 10 →                                                                                                       
/home/luis.mendezl/Thesis/logs/runs/cifar10/fedprox/vit_tiny/alpha0.1/seed42/checkpoints/training_state.pt                                                  
---------------------------- ROUND 11/50 START ----------------------------                                                                                 
Selected clients: [9, 6, 5, 1, 8, 4, 3, 0, 2, 7]                                                                                                            
  [Client 9] Starting local training...                                                                                                                     
  [Client 9] Finished training in 9.78s                                                                                                                     
  [Client 6] Starting local training...                                                                                                                     
  [Client 6] Finished training in 5.42s                                                                                                                     
  [Client 5] Starting local training...                                                                                                                     
  [Client 5] Finished training in 5.69s                                                                                                                     
  [Client 1] Starting local training...                                                                                                                     
  [Client 1] Finished training in 7.41s                                                                                                                     
  [Client 8] Starting local training...                                                                                                                     
  [Client 8] Finished training in 6.64s                                                                                                                     
  [Client 4] Starting local training...                                                                                                                     
  [Client 4] Finished training in 2.27s                                                                                                                     
  [Client 3] Starting local training...                                                                                                                     
  [Client 3] Finished training in 0.96s                                                                                                                     
  [Client 0] Starting local training...                                                                                                                     
  [Client 0] Finished training in 9.94s                                                                                                                     
  [Client 2] Starting local training...                                                                                                                     
  [Client 2] Finished training in 3.12s                                                                                                                     
  [Client 7] Starting local training...                                                                                                                     
  [Client 7] Finished training in 1.74s                                                                                                                     
  Starting weight aggregation...                                                                                                                            
  Aggregation completed in 0.09s                                                                                                                            
ROUND 11 FINISHED in 53.58s (Avg: 53.88s)                                                                                                                   
  [Resume] Saved training checkpoint after round 11 →                                                                                                       
/home/luis.mendezl/Thesis/logs/runs/cifar10/fedprox/vit_tiny/alpha0.1/seed42/checkpoints/training_state.pt                                                  
---------------------------- ROUND 12/50 START ----------------------------                                                                                 
Selected clients: [2, 9, 6, 4, 0, 3, 7, 8, 1, 5]                                                                                                            
  [Client 2] Starting local training...                                                                                                                     
  [Client 2] Finished training in 3.22s                                                                                                                     
  [Client 9] Starting local training...                                                                                                                     
  [Client 9] Finished training in 9.44s                                                                                                                     
  [Client 6] Starting local training...                                                                                                                     
  [Client 6] Finished training in 5.00s                                                                                                                     
  [Client 4] Starting local training...                                                                                                                     
  [Client 4] Finished training in 2.34s                                                                                                                     
  [Client 0] Starting local training...                                                                                                                     
  [Client 0] Finished training in 10.40s                                                                                                                    
  [Client 3] Starting local training...                                                                                                                     
  [Client 3] Finished training in 1.00s                                                                                                                     
  [Client 7] Starting local training...                                                                                                                     
  [Client 7] Finished training in 1.71s                                                                                                                     
  [Client 8] Starting local training...                                                                                                                     
  [Client 8] Finished training in 6.87s                                                                                                                     
  [Client 1] Starting local training...                                                                                                                     
  [Client 1] Finished training in 7.48s                                                                                                                     
  [Client 5] Starting local training...                                                                                                                     
  [Client 5] Finished training in 5.63s                                                                                                                     
  Starting weight aggregation...                                                                                                                            
  Aggregation completed in 0.08s                                                                                                                            
ROUND 12 FINISHED in 53.69s (Avg: 53.86s)                                                                                                                   
  [Resume] Saved training checkpoint after round 12 →                                                                                                       
/home/luis.mendezl/Thesis/logs/runs/cifar10/fedprox/vit_tiny/alpha0.1/seed42/checkpoints/training_state.pt                                                  
---------------------------- ROUND 13/50 START ----------------------------                                                                                 
Selected clients: [8, 0, 1, 5, 4, 2, 6, 9, 7, 3]                                                                                                            
  [Client 8] Starting local training...                                                                                                                     
  [Client 8] Finished training in 7.08s                                                                                                                     
  [Client 0] Starting local training...                                                                                                                     
  [Client 0] Finished training in 9.62s                                                                                                                     
  [Client 1] Starting local training...                                                                                                                     
  [Client 1] Finished training in 7.14s                                                                                                                     
  [Client 5] Starting local training...                                                                                                                     
  [Client 5] Finished training in 5.63s                                                                                                                     
  [Client 4] Starting local training...                                                                                                                     
  [Client 4] Finished training in 2.32s                                                                                                                     
  [Client 2] Starting local training...                                                                                                                     
  [Client 2] Finished training in 3.07s                                                                                                                     
  [Client 6] Starting local training...                                                                                                                     
  [Client 6] Finished training in 5.29s                                                                                                                     
  [Client 9] Starting local training...                                                                                                                     
  [Client 9] Finished training in 9.76s                                                                                                                     
  [Client 7] Starting local training...                                                                                                                     
  [Client 7] Finished training in 1.77s                                                                                                                     
  [Client 3] Starting local training...                                                                                                                     
  [Client 3] Finished training in 0.99s                                                                                                                     
  Starting weight aggregation...                                                                                                                            
  Aggregation completed in 0.08s                                                                                                                            
ROUND 13 FINISHED in 53.28s (Avg: 53.82s)                                                                                                                   
  [Resume] Saved training checkpoint after round 13 →                                                                                                       
/home/luis.mendezl/Thesis/logs/runs/cifar10/fedprox/vit_tiny/alpha0.1/seed42/checkpoints/training_state.pt                                                  
---------------------------- ROUND 14/50 START ----------------------------                                                                                 
Selected clients: [2, 7, 0, 5, 6, 9, 1, 4, 8, 3]                                                                                                            
  [Client 2] Starting local training...                                                                                                                     
  [Client 2] Finished training in 3.15s                                                                                                                     
  [Client 7] Starting local training...                                                                                                                     
  [Client 7] Finished training in 1.72s                                                                                                                     
  [Client 0] Starting local training...                                                                                                                     
  [Client 0] Finished training in 9.77s                                                                                                                     
  [Client 5] Starting local training...                                                                                                                     
  [Client 5] Finished training in 5.93s                                                                                                                     
  [Client 6] Starting local training...                                                                                                                     
  [Client 6] Finished training in 5.11s                                                                                                                     
  [Client 9] Starting local training...                                                                                                                     
  [Client 9] Finished training in 9.37s                                                                                                                     
  [Client 1] Starting local training...                                                                                                                     
  [Client 1] Finished training in 7.34s                                                                                                                     
  [Client 4] Starting local training...                                                                                                                     
  [Client 4] Finished training in 2.32s                                                                                                                     
  [Client 8] Starting local training...                                                                                                                     
  [Client 8] Finished training in 6.62s                                                                                                                     
  [Client 3] Starting local training...                                                                                                                     
  [Client 3] Finished training in 0.96s                                                                                                                     
  Starting weight aggregation...                                                                                                                            
  Aggregation completed in 0.05s                                                                                                                            
ROUND 14 FINISHED in 52.89s (Avg: 53.75s)                                                                                                                   
  [Resume] Saved training checkpoint after round 14 →                                                                                                       
/home/luis.mendezl/Thesis/logs/runs/cifar10/fedprox/vit_tiny/alpha0.1/seed42/checkpoints/training_state.pt                                                  
---------------------------- ROUND 15/50 START ----------------------------                                                                                 
Selected clients: [8, 3, 2, 7, 1, 4, 0, 6, 5, 9]                                                                                                            
  [Client 8] Starting local training...                                                                                                                     
  [Client 8] Finished training in 6.78s                                                                                                                     
  [Client 3] Starting local training...                                                                                                                     
  [Client 3] Finished training in 0.97s                                                                                                                     
  [Client 2] Starting local training...                                                                                                                     
  [Client 2] Finished training in 3.22s                                                                                                                     
  [Client 7] Starting local training...                                                                                                                     
  [Client 7] Finished training in 1.72s                                                                                                                     
  [Client 1] Starting local training...                                                                                                                     
  [Client 1] Finished training in 7.50s                                                                                                                     
  [Client 4] Starting local training...                                                                                                                     
  [Client 4] Finished training in 2.38s                                                                                                                     
  [Client 0] Starting local training...                                                                                                                     
  [Client 0] Finished training in 10.31s                                                                                                                    
  [Client 6] Starting local training...                                                                                                                     
  [Client 6] Finished training in 5.34s                                                                                                                     
  [Client 5] Starting local training...                                                                                                                     
  [Client 5] Finished training in 5.71s                                                                                                                     
  [Client 9] Starting local training...                                                                                                                     
  [Client 9] Finished training in 9.79s                                                                                                                     
  Starting weight aggregation...                                                                                                                            
  Aggregation completed in 0.05s                                                                                                                            
ROUND 15 FINISHED in 54.30s (Avg: 53.79s)                                                                                                                   
  [Resume] Saved training checkpoint after round 15 →                                                                                                       
/home/luis.mendezl/Thesis/logs/runs/cifar10/fedprox/vit_tiny/alpha0.1/seed42/checkpoints/training_state.pt                                                  
---------------------------- ROUND 16/50 START ----------------------------                                                                                 
Selected clients: [0, 1, 5, 6, 2, 8, 9, 3, 7, 4]                                                                                                            
  [Client 0] Starting local training...                                                                                                                     
  [Client 0] Finished training in 9.76s                                                                                                                     
  [Client 1] Starting local training...                                                                                                                     
  [Client 1] Finished training in 6.95s                                                                                                                     
  [Client 5] Starting local training...                                                                                                                     
  [Client 5] Finished training in 5.44s                                                                                                                     
  [Client 6] Starting local training...                                                                                                                     
  [Client 6] Finished training in 5.45s                                                                                                                     
  [Client 2] Starting local training...                                                                                                                     
  [Client 2] Finished training in 3.30s                                                                                                                     
  [Client 8] Starting local training...                                                                                                                     
  [Client 8] Finished training in 6.70s                                                                                                                     
  [Client 9] Starting local training...                                                                                                                     
  [Client 9] Finished training in 9.77s                                                                                                                     
  [Client 3] Starting local training...                                                                                                                     
  [Client 3] Finished training in 1.03s                                                                                                                     
  [Client 7] Starting local training...                                                                                                                     
  [Client 7] Finished training in 1.73s                                                                                                                     
  [Client 4] Starting local training...                                                                                                                     
  [Client 4] Finished training in 2.29s                                                                                                                     
  Starting weight aggregation...                                                                                                                            
  Aggregation completed in 0.06s                                                                                                                            
ROUND 16 FINISHED in 53.01s (Avg: 53.74s)                                                                                                                   
  [Resume] Saved training checkpoint after round 16 →                                                                                                       
/home/luis.mendezl/Thesis/logs/runs/cifar10/fedprox/vit_tiny/alpha0.1/seed42/checkpoints/training_state.pt                                                  
---------------------------- ROUND 17/50 START ----------------------------                                                                                 
Selected clients: [7, 1, 2, 8, 5, 3, 6, 4, 9, 0]                                                                                                            
  [Client 7] Starting local training...                                                                                                                     
  [Client 7] Finished training in 1.75s                                                                                                                     
  [Client 1] Starting local training...                                                                                                                     
  [Client 1] Finished training in 7.35s                                                                                                                     
  [Client 2] Starting local training...                                                                                                                     
  [Client 2] Finished training in 3.18s                                                                                                                     
  [Client 8] Starting local training...                                                                                                                     
  [Client 8] Finished training in 6.63s                                                                                                                     
  [Client 5] Starting local training...                                                                                                                     
  [Client 5] Finished training in 5.94s                                                                                                                     
  [Client 3] Starting local training...                                                                                                                     
  [Client 3] Finished training in 1.02s                                                                                                                     
  [Client 6] Starting local training...                                                                                                                     
  [Client 6] Finished training in 5.20s                                                                                                                     
  [Client 4] Starting local training...                                                                                                                     
  [Client 4] Finished training in 2.39s                                                                                                                     
  [Client 9] Starting local training...                                                                                                                     
  [Client 9] Finished training in 9.55s                                                                                                                     
  [Client 0] Starting local training...                                                                                                                     
  [Client 0] Finished training in 9.40s                                                                                                                     
  Starting weight aggregation...                                                                                                                            
  Aggregation completed in 0.05s                                                                                                                            
ROUND 17 FINISHED in 52.99s (Avg: 53.70s)                                                                                                                   
  [Resume] Saved training checkpoint after round 17 →                                                                                                       
/home/luis.mendezl/Thesis/logs/runs/cifar10/fedprox/vit_tiny/alpha0.1/seed42/checkpoints/training_state.pt                                                  
---------------------------- ROUND 18/50 START ----------------------------                                                                                 
Selected clients: [8, 3, 4, 9, 5, 2, 6, 7, 1, 0]                                                                                                            
  [Client 8] Starting local training...                                                                                                                     
  [Client 8] Finished training in 6.62s                                                                                                                     
  [Client 3] Starting local training...                                                                                                                     
  [Client 3] Finished training in 0.96s                                                                                                                     
  [Client 4] Starting local training...                                                                                                                     
  [Client 4] Finished training in 2.37s                                                                                                                     
  [Client 9] Starting local training...                                                                                                                     
  [Client 9] Finished training in 10.31s                                                                                                                    
  [Client 5] Starting local training...                                                                                                                     
  [Client 5] Finished training in 5.65s                                                                                                                     
  [Client 2] Starting local training...                                                                                                                     
  [Client 2] Finished training in 3.31s                                                                                                                     
  [Client 6] Starting local training...                                                                                                                     
  [Client 6] Finished training in 5.03s                                                                                                                     
  [Client 7] Starting local training...                                                                                                                     
  [Client 7] Finished training in 2.05s                                                                                                                     
  [Client 1] Starting local training...                                                                                                                     
  [Client 1] Finished training in 7.13s                                                                                                                     
  [Client 0] Starting local training...                                                                                                                     
  [Client 0] Finished training in 10.16s                                                                                                                    
  Starting weight aggregation...                                                                                                                            
  Aggregation completed in 0.09s                                                                                                                            
ROUND 18 FINISHED in 54.22s (Avg: 53.73s)                                                                                                                   
  [Resume] Saved training checkpoint after round 18 →                                                                                                       
/home/luis.mendezl/Thesis/logs/runs/cifar10/fedprox/vit_tiny/alpha0.1/seed42/checkpoints/training_state.pt                                                  
---------------------------- ROUND 19/50 START ----------------------------                                                                                 
Selected clients: [3, 9, 1, 2, 0, 4, 7, 6, 5, 8]                                                                                                            
  [Client 3] Starting local training...                                                                                                                     
  [Client 3] Finished training in 1.02s                                                                                                                     
  [Client 9] Starting local training...                                                                                                                     
  [Client 9] Finished training in 9.73s                                                                                                                     
  [Client 1] Starting local training...                                                                                                                     
  [Client 1] Finished training in 6.96s                                                                                                                     
  [Client 2] Starting local training...                                                                                                                     
  [Client 2] Finished training in 3.28s                                                                                                                     
  [Client 0] Starting local training...                                                                                                                     
  [Client 0] Finished training in 9.87s                                                                                                                     
  [Client 4] Starting local training...                                                                                                                     
  [Client 4] Finished training in 2.29s                                                                                                                     
  [Client 7] Starting local training...                                                                                                                     
  [Client 7] Finished training in 1.75s                                                                                                                     
  [Client 6] Starting local training...                                                                                                                     
  [Client 6] Finished training in 5.53s                                                                                                                     
  [Client 5] Starting local training...                                                                                                                     
  [Client 5] Finished training in 5.52s                                                                                                                     
  [Client 8] Starting local training...                                                                                                                     
  [Client 8] Finished training in 6.62s                                                                                                                     
  Starting weight aggregation...                                                                                                                            
  Aggregation completed in 0.07s                                                                                                                            
ROUND 19 FINISHED in 53.16s (Avg: 53.70s)                                                                                                                   
  [Resume] Saved training checkpoint after round 19 →                                                                                                       
/home/luis.mendezl/Thesis/logs/runs/cifar10/fedprox/vit_tiny/alpha0.1/seed42/checkpoints/training_state.pt                                                  
---------------------------- ROUND 20/50 START ----------------------------                                                                                 
Selected clients: [1, 0, 3, 8, 6, 2, 5, 4, 7, 9]                                                                                                            
  [Client 1] Starting local training...                                                                                                                     
  [Client 1] Finished training in 6.94s                                                                                                                     
client [1]  (testset)   loss: 1.5176 -> 0.9443  accuracy: 42.99% -> 62.15%                                                                                  
  [Client 0] Starting local training...                                                                                                                     
  [Client 0] Finished training in 9.73s                                                                                                                     
client [0]  (testset)   loss: 1.9852 -> 0.9741  accuracy: 23.03% -> 61.21%                                                                                  
  [Client 3] Starting local training...                                                                                                                     
  [Client 3] Finished training in 0.96s                                                                                                                     
client [3]  (testset)   loss: 2.0127 -> 2.0127  accuracy: 25.00% -> 25.00%                                                                                  
  [Client 8] Starting local training...                                                                                                                     
  [Client 8] Finished training in 7.12s                                                                                                                     
client [8]  (testset)   loss: 1.7555 -> 1.2849  accuracy: 40.39% -> 53.20%                                                                                  
  [Client 6] Starting local training...                                                                                                                     
  [Client 6] Finished training in 5.49s                                                                                                                     
client [6]  (testset)   loss: 1.6231 -> 0.8523  accuracy: 35.97% -> 74.10%                                                                                  
  [Client 2] Starting local training...                                                                                                                     
  [Client 2] Finished training in 3.10s                                                                                                                     
client [2]  (testset)   loss: 1.7077 -> 0.9354  accuracy: 36.51% -> 60.32%                                                                                  
  [Client 5] Starting local training...                                                                                                                     
  [Client 5] Finished training in 6.08s                                                                                                                     
client [5]  (testset)   loss: 2.0169 -> 0.8592  accuracy: 15.76% -> 60.61%                                                                                  
  [Client 4] Starting local training...                                                                                                                     
  [Client 4] Finished training in 2.30s                                                                                                                     
client [4]  (testset)   loss: 2.5367 -> 1.3688  accuracy: 15.15% -> 51.52%                                                                                  
  [Client 7] Starting local training...                                                                                                                     
  [Client 7] Finished training in 1.76s                                                                                                                     
client [7]  (testset)   loss: 2.4722 -> 1.7336  accuracy: 15.79% -> 36.84%                                                                                  
  [Client 9] Starting local training...                                                                                                                     
  [Client 9] Finished training in 9.63s                                                                                                                     
client [9]  (testset)   loss: 1.9570 -> 0.9446  accuracy: 31.27% -> 65.63%                                                                                  
  [CKA] Saved checkpoints for round 20 (10 clients) → /home/luis.mendezl/Thesis/logs/runs/cifar10/fedprox/vit_tiny/alpha0.1/seed42/checkpoints/round_0020   
  Starting weight aggregation...                                                                                                                            
  Aggregation completed in 0.05s                                                                                                                            
ROUND 20 FINISHED in 56.08s (Avg: 53.81s)                                                                                                                   
  [Resume] Saved training checkpoint after round 20 →                                                                                                       
/home/luis.mendezl/Thesis/logs/runs/cifar10/fedprox/vit_tiny/alpha0.1/seed42/checkpoints/training_state.pt                                                  
---------------------------- ROUND 21/50 START ----------------------------                                                                                 
Selected clients: [7, 3, 2, 5, 4, 6, 8, 0, 1, 9]                                                                                                            
  [Client 7] Starting local training...                                                                                                                     
  [Client 7] Finished training in 1.77s                                                                                                                     
  [Client 3] Starting local training...                                                                                                                     
  [Client 3] Finished training in 1.03s                                                                                                                     
  [Client 2] Starting local training...                                                                                                                     
  [Client 2] Finished training in 3.25s                                                                                                                     
  [Client 5] Starting local training...                                                                                                                     
  [Client 5] Finished training in 5.99s                                                                                                                     
  [Client 4] Starting local training...                                                                                                                     
  [Client 4] Finished training in 2.35s                                                                                                                     
  [Client 6] Starting local training...                                                                                                                     
  [Client 6] Finished training in 5.32s                                                                                                                     
  [Client 8] Starting local training...                                                                                                                     
  [Client 8] Finished training in 6.94s                                                                                                                     
  [Client 0] Starting local training...                                                                                                                     
  [Client 0] Finished training in 9.75s                                                                                                                     
  [Client 1] Starting local training...                                                                                                                     
  [Client 1] Finished training in 7.26s                                                                                                                     
  [Client 9] Starting local training...                                                                                                                     
  [Client 9] Finished training in 9.56s                                                                                                                     
  Starting weight aggregation...                                                                                                                            
  Aggregation completed in 0.06s                                                                                                                            
ROUND 21 FINISHED in 53.81s (Avg: 53.81s)                                                                                                                   
  [Resume] Saved training checkpoint after round 21 →                                                                                                       
/home/luis.mendezl/Thesis/logs/runs/cifar10/fedprox/vit_tiny/alpha0.1/seed42/checkpoints/training_state.pt                                                  
---------------------------- ROUND 22/50 START ----------------------------                                                                                 
Selected clients: [3, 1, 8, 5, 9, 2, 6, 7, 4, 0]                                                                                                            
  [Client 3] Starting local training...                                                                                                                     
  [Client 3] Finished training in 0.98s                                                                                                                     
  [Client 1] Starting local training...                                                                                                                     
  [Client 1] Finished training in 6.95s                                                                                                                     
  [Client 8] Starting local training...                                                                                                                     
  [Client 8] Finished training in 6.83s                                                                                                                     
  [Client 5] Starting local training...                                                                                                                     
  [Client 5] Finished training in 5.73s                                                                                                                     
  [Client 9] Starting local training...                                                                                                                     
  [Client 9] Finished training in 9.58s                                                                                                                     
  [Client 2] Starting local training...                                                                                                                     
  [Client 2] Finished training in 3.66s                                                                                                                     
  [Client 6] Starting local training...                                                                                                                     
  [Client 6] Finished training in 5.34s                                                                                                                     
  [Client 7] Starting local training...                                                                                                                     
  [Client 7] Finished training in 1.78s                                                                                                                     
  [Client 4] Starting local training...                                                                                                                     
  [Client 4] Finished training in 2.40s                                                                                                                     
  [Client 0] Starting local training...                                                                                                                     
  [Client 0] Finished training in 10.32s                                                                                                                    
  Starting weight aggregation...                                                                                                                            
  Aggregation completed in 0.06s                                                                                                                            
ROUND 22 FINISHED in 54.15s (Avg: 53.83s)                                                                                                                   
  [Resume] Saved training checkpoint after round 22 →                                                                                                       
/home/luis.mendezl/Thesis/logs/runs/cifar10/fedprox/vit_tiny/alpha0.1/seed42/checkpoints/training_state.pt                                                  
---------------------------- ROUND 23/50 START ----------------------------                                                                                 
Selected clients: [1, 0, 6, 5, 2, 8, 9, 4, 7, 3]                                                                                                            
  [Client 1] Starting local training...                                                                                                                     
  [Client 1] Finished training in 7.18s                                                                                                                     
  [Client 0] Starting local training...                                                                                                                     
  [Client 0] Finished training in 9.59s                                                                                                                     
  [Client 6] Starting local training...                                                                                                                     
  [Client 6] Finished training in 5.17s                                                                                                                     
  [Client 5] Starting local training...                                                                                                                     
  [Client 5] Finished training in 5.61s                                                                                                                     
  [Client 2] Starting local training...                                                                                                                     
  [Client 2] Finished training in 3.06s                                                                                                                     
  [Client 8] Starting local training...                                                                                                                     
  [Client 8] Finished training in 7.35s                                                                                                                     
  [Client 9] Starting local training...                                                                                                                     
  [Client 9] Finished training in 10.60s                                                                                                                    
  [Client 4] Starting local training...                                                                                                                     
  [Client 4] Finished training in 2.35s                                                                                                                     
  [Client 7] Starting local training...                                                                                                                     
  [Client 7] Finished training in 1.71s                                                                                                                     
  [Client 3] Starting local training...                                                                                                                     
  [Client 3] Finished training in 1.00s                                                                                                                     
  Starting weight aggregation...                                                                                                                            
  Aggregation completed in 0.05s                                                                                                                            
ROUND 23 FINISHED in 54.20s (Avg: 53.85s)                                                                                                                   
  [Resume] Saved training checkpoint after round 23 →                                                                                                       
/home/luis.mendezl/Thesis/logs/runs/cifar10/fedprox/vit_tiny/alpha0.1/seed42/checkpoints/training_state.pt                                                  
---------------------------- ROUND 24/50 START ----------------------------                                                                                 
Selected clients: [2, 6, 9, 7, 3, 1, 0, 4, 5, 8]                                                                                                            
  [Client 2] Starting local training...                                                                                                                     
  [Client 2] Finished training in 3.07s                                                                                                                     
  [Client 6] Starting local training...                                                                                                                     
  [Client 6] Finished training in 5.11s                                                                                                                     
  [Client 9] Starting local training...                                                                                                                     
  [Client 9] Finished training in 9.72s                                                                                                                     
  [Client 7] Starting local training...                                                                                                                     
  [Client 7] Finished training in 1.58s                                                                                                                     
  [Client 3] Starting local training...                                                                                                                     
  [Client 3] Finished training in 0.77s                                                                                                                     
  [Client 1] Starting local training...                                                                                                                     
  [Client 1] Finished training in 6.56s                                                                                                                     
  [Client 0] Starting local training...                                                                                                                     
  [Client 0] Finished training in 9.51s                                                                                                                     
  [Client 4] Starting local training...                                                                                                                     
  [Client 4] Finished training in 2.16s                                                                                                                     
  [Client 5] Starting local training...                                                                                                                     
  [Client 5] Finished training in 5.68s                                                                                                                     
  [Client 8] Starting local training...                                                                                                                     
  [Client 8] Finished training in 6.66s                                                                                                                     
  Starting weight aggregation...                                                                                                                            
  Aggregation completed in 0.05s                                                                                                                            
ROUND 24 FINISHED in 51.42s (Avg: 53.74s)                                                                                                                   
  [Resume] Saved training checkpoint after round 24 →                                                                                                       
/home/luis.mendezl/Thesis/logs/runs/cifar10/fedprox/vit_tiny/alpha0.1/seed42/checkpoints/training_state.pt                                                  
---------------------------- ROUND 25/50 START ----------------------------                                                                                 
Selected clients: [8, 0, 1, 6, 7, 5, 3, 4, 2, 9]                                                                                                            
  [Client 8] Starting local training...                                                                                                                     
  [Client 8] Finished training in 7.15s                                                                                                                     
  [Client 0] Starting local training...                                                                                                                     
  [Client 0] Finished training in 9.83s                                                                                                                     
  [Client 1] Starting local training...                                                                                                                     
  [Client 1] Finished training in 6.94s                                                                                                                     
  [Client 6] Starting local training...                                                                                                                     
  [Client 6] Finished training in 5.00s                                                                                                                     
  [Client 7] Starting local training...                                                                                                                     
  [Client 7] Finished training in 1.76s                                                                                                                     
  [Client 5] Starting local training...                                                                                                                     
  [Client 5] Finished training in 6.06s                                                                                                                     
  [Client 3] Starting local training...                                                                                                                     
  [Client 3] Finished training in 1.04s                                                                                                                     
  [Client 4] Starting local training...                                                                                                                     
  [Client 4] Finished training in 2.44s                                                                                                                     
  [Client 2] Starting local training...                                                                                                                     
  [Client 2] Finished training in 3.19s                                                                                                                     
  [Client 9] Starting local training...                                                                                                                     
  [Client 9] Finished training in 9.92s                                                                                                                     
  Starting weight aggregation...                                                                                                                            
  Aggregation completed in 0.05s                                                                                                                            
ROUND 25 FINISHED in 53.90s (Avg: 53.75s)                                                                                                                   
  [Resume] Saved training checkpoint after round 25 →                                                                                                       
/home/luis.mendezl/Thesis/logs/runs/cifar10/fedprox/vit_tiny/alpha0.1/seed42/checkpoints/training_state.pt                                                  
---------------------------- ROUND 26/50 START ----------------------------                                                                                 
Selected clients: [6, 0, 2, 3, 8, 9, 7, 1, 4, 5]                                                                                                            
  [Client 6] Starting local training...                                                                                                                     
  [Client 6] Finished training in 5.10s                                                                                                                     
  [Client 0] Starting local training...                                                                                                                     
  [Client 0] Finished training in 9.87s                                                                                                                     
  [Client 2] Starting local training...                                                                                                                     
  [Client 2] Finished training in 3.35s                                                                                                                     
  [Client 3] Starting local training...                                                                                                                     
  [Client 3] Finished training in 1.00s                                                                                                                     
  [Client 8] Starting local training...                                                                                                                     
  [Client 8] Finished training in 6.88s                                                                                                                     
  [Client 9] Starting local training...                                                                                                                     
  [Client 9] Finished training in 9.62s                                                                                                                     
  [Client 7] Starting local training...                                                                                                                     
  [Client 7] Finished training in 1.76s                                                                                                                     
  [Client 1] Starting local training...                                                                                                                     
  [Client 1] Finished training in 6.96s                                                                                                                     
  [Client 4] Starting local training...                                                                                                                     
  [Client 4] Finished training in 2.37s                                                                                                                     
  [Client 5] Starting local training...                                                                                                                     
  [Client 5] Finished training in 5.94s                                                                                                                     
  Starting weight aggregation...                                                                                                                            
  Aggregation completed in 0.10s                                                                                                                            
ROUND 26 FINISHED in 53.46s (Avg: 53.74s)                                                                                                                   
  [Resume] Saved training checkpoint after round 26 →                                                                                                       
/home/luis.mendezl/Thesis/logs/runs/cifar10/fedprox/vit_tiny/alpha0.1/seed42/checkpoints/training_state.pt                                                  
---------------------------- ROUND 27/50 START ----------------------------                                                                                 
Selected clients: [8, 7, 2, 1, 9, 6, 0, 5, 3, 4]                                                                                                            
  [Client 8] Starting local training...                                                                                                                     
  [Client 8] Finished training in 7.10s                                                                                                                     
  [Client 7] Starting local training...                                                                                                                     
  [Client 7] Finished training in 1.80s                                                                                                                     
  [Client 2] Starting local training...                                                                                                                     
  [Client 2] Finished training in 3.28s                                                                                                                     
  [Client 1] Starting local training...                                                                                                                     
  [Client 1] Finished training in 6.99s                                                                                                                     
  [Client 9] Starting local training...                                                                                                                     
  [Client 9] Finished training in 9.77s                                                                                                                     
  [Client 6] Starting local training...                                                                                                                     
  [Client 6] Finished training in 5.60s                                                                                                                     
  [Client 0] Starting local training...                                                                                                                     
  [Client 0] Finished training in 9.84s                                                                                                                     
  [Client 5] Starting local training...                                                                                                                     
  [Client 5] Finished training in 5.90s                                                                                                                     
  [Client 3] Starting local training...                                                                                                                     
  [Client 3] Finished training in 1.05s                                                                                                                     
  [Client 4] Starting local training...                                                                                                                     
  [Client 4] Finished training in 2.41s                                                                                                                     
  Starting weight aggregation...                                                                                                                            
  Aggregation completed in 0.10s                                                                                                                            
ROUND 27 FINISHED in 54.36s (Avg: 53.76s)                                                                                                                   
  [Resume] Saved training checkpoint after round 27 →                                                                                                       
/home/luis.mendezl/Thesis/logs/runs/cifar10/fedprox/vit_tiny/alpha0.1/seed42/checkpoints/training_state.pt                                                  
---------------------------- ROUND 28/50 START ----------------------------                                                                                 
Selected clients: [0, 9, 7, 4, 6, 1, 8, 2, 3, 5]                                                                                                            
  [Client 0] Starting local training...                                                                                                                     
  [Client 0] Finished training in 9.61s                                                                                                                     
  [Client 9] Starting local training...                                                                                                                     
  [Client 9] Finished training in 9.90s                                                                                                                     
  [Client 7] Starting local training...                                                                                                                     
  [Client 7] Finished training in 1.81s                                                                                                                     
  [Client 4] Starting local training...                                                                                                                     
  [Client 4] Finished training in 2.37s                                                                                                                     
  [Client 6] Starting local training...                                                                                                                     
  [Client 6] Finished training in 5.04s                                                                                                                     
  [Client 1] Starting local training...                                                                                                                     
  [Client 1] Finished training in 7.11s                                                                                                                     
  [Client 8] Starting local training...                                                                                                                     
  [Client 8] Finished training in 6.50s                                                                                                                     
  [Client 2] Starting local training...                                                                                                                     
  [Client 2] Finished training in 3.16s                                                                                                                     
  [Client 3] Starting local training...                                                                                                                     
  [Client 3] Finished training in 0.97s                                                                                                                     
  [Client 5] Starting local training...                                                                                                                     
  [Client 5] Finished training in 5.54s                                                                                                                     
  Starting weight aggregation...                                                                                                                            
  Aggregation completed in 0.05s                                                                                                                            
ROUND 28 FINISHED in 52.58s (Avg: 53.72s)                                                                                                                   
  [Resume] Saved training checkpoint after round 28 →                                                                                                       
/home/luis.mendezl/Thesis/logs/runs/cifar10/fedprox/vit_tiny/alpha0.1/seed42/checkpoints/training_state.pt                                                  
---------------------------- ROUND 29/50 START ----------------------------                                                                                 
Selected clients: [1, 9, 3, 7, 0, 4, 8, 2, 5, 6]                                                                                                            
  [Client 1] Starting local training...                                                                                                                     
  [Client 1] Finished training in 7.17s                                                                                                                     
  [Client 9] Starting local training...                                                                                                                     
  [Client 9] Finished training in 9.84s                                                                                                                     
  [Client 3] Starting local training...                                                                                                                     
  [Client 3] Finished training in 0.99s                                                                                                                     
  [Client 7] Starting local training...                                                                                                                     
  [Client 7] Finished training in 1.74s                                                                                                                     
  [Client 0] Starting local training...                                                                                                                     
  [Client 0] Finished training in 9.80s                                                                                                                     
  [Client 4] Starting local training...                                                                                                                     
  [Client 4] Finished training in 2.65s                                                                                                                     
  [Client 8] Starting local training...                                                                                                                     
  [Client 8] Finished training in 7.31s                                                                                                                     
  [Client 2] Starting local training...                                                                                                                     
  [Client 2] Finished training in 3.18s                                                                                                                     
  [Client 5] Starting local training...                                                                                                                     
  [Client 5] Finished training in 5.82s                                                                                                                     
  [Client 6] Starting local training...                                                                                                                     
  [Client 6] Finished training in 5.27s                                                                                                                     
  Starting weight aggregation...                                                                                                                            
  Aggregation completed in 0.05s                                                                                                                            
ROUND 29 FINISHED in 54.34s (Avg: 53.74s)                                                                                                                   
  [Resume] Saved training checkpoint after round 29 →                                                                                                       
/home/luis.mendezl/Thesis/logs/runs/cifar10/fedprox/vit_tiny/alpha0.1/seed42/checkpoints/training_state.pt                                                  
---------------------------- ROUND 30/50 START ----------------------------                                                                                 
Selected clients: [6, 8, 5, 2, 1, 9, 7, 3, 4, 0]                                                                                                            
  [Client 6] Starting local training...                                                                                                                     
  [Client 6] Finished training in 5.61s                                                                                                                     
client [6]  (testset)   loss: 1.6031 -> 0.9555  accuracy: 38.85% -> 72.66%                                                                                  
  [Client 8] Starting local training...                                                                                                                     
  [Client 8] Finished training in 7.16s                                                                                                                     
client [8]  (testset)   loss: 1.7970 -> 1.3031  accuracy: 39.41% -> 48.77%                                                                                  
  [Client 5] Starting local training...                                                                                                                     
  [Client 5] Finished training in 6.00s                                                                                                                     
client [5]  (testset)   loss: 2.0658 -> 0.8378  accuracy: 18.18% -> 64.85%                                                                                  
  [Client 2] Starting local training...                                                                                                                     
  [Client 2] Finished training in 3.20s                                                                                                                     
client [2]  (testset)   loss: 1.6753 -> 0.8794  accuracy: 33.33% -> 63.49%                                                                                  
  [Client 1] Starting local training...                                                                                                                     
  [Client 1] Finished training in 6.69s                                                                                                                     
client [1]  (testset)   loss: 1.5164 -> 1.0065  accuracy: 45.33% -> 66.82%                                                                                  
  [Client 9] Starting local training...                                                                                                                     
  [Client 9] Finished training in 9.80s                                                                                                                     
client [9]  (testset)   loss: 1.8864 -> 0.9611  accuracy: 31.89% -> 61.61%                                                                                  
  [Client 7] Starting local training...                                                                                                                     
  [Client 7] Finished training in 1.80s                                                                                                                     
client [7]  (testset)   loss: 2.4160 -> 1.7909  accuracy: 15.79% -> 31.58%                                                                                  
  [Client 3] Starting local training...                                                                                                                     
  [Client 3] Finished training in 1.00s                                                                                                                     
client [3]  (testset)   loss: 1.8935 -> 1.8935  accuracy: 0.00% -> 0.00%                                                                                    
  [Client 4] Starting local training...                                                                                                                     
  [Client 4] Finished training in 2.34s                                                                                                                     
client [4]  (testset)   loss: 2.6244 -> 1.5546  accuracy: 12.12% -> 48.48%                                                                                  
  [Client 0] Starting local training...                                                                                                                     
  [Client 0] Finished training in 9.96s                                                                                                                     
client [0]  (testset)   loss: 1.8648 -> 0.9266  accuracy: 26.67% -> 67.58%                                                                                  
  [CKA] Saved checkpoints for round 30 (10 clients) → /home/luis.mendezl/Thesis/logs/runs/cifar10/fedprox/vit_tiny/alpha0.1/seed42/checkpoints/round_0030   
  Starting weight aggregation...                                                                                                                            
  Aggregation completed in 0.05s                                                                                                                            
ROUND 30 FINISHED in 56.86s (Avg: 53.85s)                                                                                                                   
  [Resume] Saved training checkpoint after round 30 →                                                                                                       
/home/luis.mendezl/Thesis/logs/runs/cifar10/fedprox/vit_tiny/alpha0.1/seed42/checkpoints/training_state.pt                                                  
---------------------------- ROUND 31/50 START ----------------------------                                                                                 
Selected clients: [4, 7, 5, 6, 0, 8, 3, 2, 9, 1]                                                                                                            
  [Client 4] Starting local training...                                                                                                                     
  [Client 4] Finished training in 2.42s                                                                                                                     
  [Client 7] Starting local training...                                                                                                                     
  [Client 7] Finished training in 1.81s                                                                                                                     
  [Client 5] Starting local training...                                                                                                                     
  [Client 5] Finished training in 5.89s                                                                                                                     
  [Client 6] Starting local training...                                                                                                                     
  [Client 6] Finished training in 5.46s                                                                                                                     
  [Client 0] Starting local training...                                                                                                                     
  [Client 0] Finished training in 9.40s                                                                                                                     
  [Client 8] Starting local training...                                                                                                                     
  [Client 8] Finished training in 6.89s                                                                                                                     
  [Client 3] Starting local training...                                                                                                                     
  [Client 3] Finished training in 1.05s                                                                                                                     
  [Client 2] Starting local training...                                                                                                                     
  [Client 2] Finished training in 3.15s                                                                                                                     
  [Client 9] Starting local training...                                                                                                                     
  [Client 9] Finished training in 9.97s                                                                                                                     
  [Client 1] Starting local training...                                                                                                                     
  [Client 1] Finished training in 7.35s                                                                                                                     
  Starting weight aggregation...                                                                                                                            
  Aggregation completed in 0.06s                                                                                                                            
ROUND 31 FINISHED in 53.98s (Avg: 53.85s)                                                                                                                   
  [Resume] Saved training checkpoint after round 31 →                                                                                                       
/home/luis.mendezl/Thesis/logs/runs/cifar10/fedprox/vit_tiny/alpha0.1/seed42/checkpoints/training_state.pt                                                  
---------------------------- ROUND 32/50 START ----------------------------                                                                                 
Selected clients: [8, 3, 4, 1, 2, 0, 6, 9, 5, 7]                                                                                                            
  [Client 8] Starting local training...                                                                                                                     
  [Client 8] Finished training in 6.92s                                                                                                                     
  [Client 3] Starting local training...                                                                                                                     
  [Client 3] Finished training in 0.98s                                                                                                                     
  [Client 4] Starting local training...                                                                                                                     
  [Client 4] Finished training in 2.50s                                                                                                                     
  [Client 1] Starting local training...                                                                                                                     
  [Client 1] Finished training in 6.88s                                                                                                                     
  [Client 2] Starting local training...                                                                                                                     
  [Client 2] Finished training in 3.20s                                                                                                                     
  [Client 0] Starting local training...                                                                                                                     
  [Client 0] Finished training in 9.73s                                                                                                                     
  [Client 6] Starting local training...                                                                                                                     
  [Client 6] Finished training in 5.31s                                                                                                                     
  [Client 9] Starting local training...                                                                                                                     
  [Client 9] Finished training in 9.68s                                                                                                                     
  [Client 5] Starting local training...                                                                                                                     
  [Client 5] Finished training in 6.12s                                                                                                                     
  [Client 7] Starting local training...                                                                                                                     
  [Client 7] Finished training in 1.72s                                                                                                                     
  Starting weight aggregation...                                                                                                                            
  Aggregation completed in 0.08s                                                                                                                            
ROUND 32 FINISHED in 53.63s (Avg: 53.84s)                                                                                                                   
  [Resume] Saved training checkpoint after round 32 →                                                                                                       
/home/luis.mendezl/Thesis/logs/runs/cifar10/fedprox/vit_tiny/alpha0.1/seed42/checkpoints/training_state.pt                                                  
---------------------------- ROUND 33/50 START ----------------------------                                                                                 
Selected clients: [7, 8, 4, 9, 5, 6, 0, 2, 1, 3]                                                                                                            
  [Client 7] Starting local training...                                                                                                                     
  [Client 7] Finished training in 1.77s                                                                                                                     
  [Client 8] Starting local training...                                                                                                                     
  [Client 8] Finished training in 7.04s                                                                                                                     
  [Client 4] Starting local training...                                                                                                                     
  [Client 4] Finished training in 2.40s                                                                                                                     
  [Client 9] Starting local training...                                                                                                                     
  [Client 9] Finished training in 9.66s                                                                                                                     
  [Client 5] Starting local training...                                                                                                                     
  [Client 5] Finished training in 5.82s                                                                                                                     
  [Client 6] Starting local training...                                                                                                                     
  [Client 6] Finished training in 5.59s                                                                                                                     
  [Client 0] Starting local training...                                                                                                                     
  [Client 0] Finished training in 9.66s                                                                                                                     
  [Client 2] Starting local training...                                                                                                                     
  [Client 2] Finished training in 3.27s                                                                                                                     
  [Client 1] Starting local training...                                                                                                                     
  [Client 1] Finished training in 7.44s                                                                                                                     
  [Client 3] Starting local training...                                                                                                                     
  [Client 3] Finished training in 1.01s                                                                                                                     
  Starting weight aggregation...                                                                                                                            
  Aggregation completed in 0.07s                                                                                                                            
ROUND 33 FINISHED in 54.25s (Avg: 53.86s)                                                                                                                   
  [Resume] Saved training checkpoint after round 33 →                                                                                                       
/home/luis.mendezl/Thesis/logs/runs/cifar10/fedprox/vit_tiny/alpha0.1/seed42/checkpoints/training_state.pt                                                  
---------------------------- ROUND 34/50 START ----------------------------                                                                                 
Selected clients: [2, 4, 1, 0, 5, 8, 7, 3, 9, 6]                                                                                                            
  [Client 2] Starting local training...                                                                                                                     
  [Client 2] Finished training in 3.23s                                                                                                                     
  [Client 4] Starting local training...                                                                                                                     
  [Client 4] Finished training in 2.43s                                                                                                                     
  [Client 1] Starting local training...                                                                                                                     
  [Client 1] Finished training in 7.10s                                                                                                                     
  [Client 0] Starting local training...                                                                                                                     
  [Client 0] Finished training in 9.49s                                                                                                                     
  [Client 5] Starting local training...                                                                                                                     
  [Client 5] Finished training in 6.03s                                                                                                                     
  [Client 8] Starting local training...                                                                                                                     
  [Client 8] Finished training in 6.57s                                                                                                                     
  [Client 7] Starting local training...                                                                                                                     
  [Client 7] Finished training in 1.73s                                                                                                                     
  [Client 3] Starting local training...                                                                                                                     
  [Client 3] Finished training in 1.01s                                                                                                                     
  [Client 9] Starting local training...                                                                                                                     
  [Client 9] Finished training in 9.71s                                                                                                                     
  [Client 6] Starting local training...                                                                                                                     
  [Client 6] Finished training in 5.28s                                                                                                                     
  Starting weight aggregation...                                                                                                                            
  Aggregation completed in 0.05s                                                                                                                            
ROUND 34 FINISHED in 53.16s (Avg: 53.84s)                                                                                                                   
  [Resume] Saved training checkpoint after round 34 →                                                                                                       
/home/luis.mendezl/Thesis/logs/runs/cifar10/fedprox/vit_tiny/alpha0.1/seed42/checkpoints/training_state.pt                                                  
---------------------------- ROUND 35/50 START ----------------------------                                                                                 
Selected clients: [5, 3, 4, 7, 8, 2, 0, 9, 1, 6]                                                                                                            
  [Client 5] Starting local training...                                                                                                                     
  [Client 5] Finished training in 6.20s                                                                                                                     
  [Client 3] Starting local training...                                                                                                                     
  [Client 3] Finished training in 1.02s                                                                                                                     
  [Client 4] Starting local training...                                                                                                                     
  [Client 4] Finished training in 2.41s                                                                                                                     
  [Client 7] Starting local training...                                                                                                                     
  [Client 7] Finished training in 1.77s                                                                                                                     
  [Client 8] Starting local training...                                                                                                                     
  [Client 8] Finished training in 6.78s                                                                                                                     
  [Client 2] Starting local training...                                                                                                                     
  [Client 2] Finished training in 3.66s                                                                                                                     
  [Client 0] Starting local training...                                                                                                                     
  [Client 0] Finished training in 9.71s                                                                                                                     
  [Client 9] Starting local training...                                                                                                                     
  [Client 9] Finished training in 10.05s                                                                                                                    
  [Client 1] Starting local training...                                                                                                                     
  [Client 1] Finished training in 6.98s                                                                                                                     
  [Client 6] Starting local training...                                                                                                                     
  [Client 6] Finished training in 5.08s                                                                                                                     
  Starting weight aggregation...                                                                                                                            
  Aggregation completed in 0.06s                                                                                                                            
ROUND 35 FINISHED in 54.23s (Avg: 53.85s)                                                                                                                   
  [Resume] Saved training checkpoint after round 35 →                                                                                                       
/home/luis.mendezl/Thesis/logs/runs/cifar10/fedprox/vit_tiny/alpha0.1/seed42/checkpoints/training_state.pt                                                  
---------------------------- ROUND 36/50 START ----------------------------                                                                                 
Selected clients: [0, 9, 5, 6, 1, 2, 7, 4, 3, 8]                                                                                                            
  [Client 0] Starting local training...                                                                                                                     
  [Client 0] Finished training in 10.56s                                                                                                                    
  [Client 9] Starting local training...                                                                                                                     
  [Client 9] Finished training in 9.80s                                                                                                                     
  [Client 5] Starting local training...                                                                                                                     
  [Client 5] Finished training in 5.81s                                                                                                                     
  [Client 6] Starting local training...                                                                                                                     
  [Client 6] Finished training in 5.75s                                                                                                                     
  [Client 1] Starting local training...                                                                                                                     
  [Client 1] Finished training in 6.84s                                                                                                                     
  [Client 2] Starting local training...                                                                                                                     
  [Client 2] Finished training in 3.18s                                                                                                                     
  [Client 7] Starting local training...                                                                                                                     
  [Client 7] Finished training in 1.75s                                                                                                                     
  [Client 4] Starting local training...                                                                                                                     
  [Client 4] Finished training in 2.36s                                                                                                                     
  [Client 3] Starting local training...                                                                                                                     
  [Client 3] Finished training in 0.99s                                                                                                                     
  [Client 8] Starting local training...                                                                                                                     
  [Client 8] Finished training in 6.67s                                                                                                                     
  Starting weight aggregation...                                                                                                                            
  Aggregation completed in 0.08s                                                                                                                            
ROUND 36 FINISHED in 54.31s (Avg: 53.86s)                                                                                                                   
  [Resume] Saved training checkpoint after round 36 →                                                                                                       
/home/luis.mendezl/Thesis/logs/runs/cifar10/fedprox/vit_tiny/alpha0.1/seed42/checkpoints/training_state.pt                                                  
---------------------------- ROUND 37/50 START ----------------------------                                                                                 
Selected clients: [8, 0, 1, 9, 5, 7, 6, 4, 3, 2]                                                                                                            
  [Client 8] Starting local training...                                                                                                                     
  [Client 8] Finished training in 7.11s                                                                                                                     
  [Client 0] Starting local training...                                                                                                                     
  [Client 0] Finished training in 10.10s                                                                                                                    
  [Client 1] Starting local training...                                                                                                                     
  [Client 1] Finished training in 6.84s                                                                                                                     
  [Client 9] Starting local training...                                                                                                                     
  [Client 9] Finished training in 9.86s                                                                                                                     
  [Client 5] Starting local training...                                                                                                                     
  [Client 5] Finished training in 5.72s                                                                                                                     
  [Client 7] Starting local training...                                                                                                                     
  [Client 7] Finished training in 1.85s                                                                                                                     
  [Client 6] Starting local training...                                                                                                                     
  [Client 6] Finished training in 5.20s                                                                                                                     
  [Client 4] Starting local training...                                                                                                                     
  [Client 4] Finished training in 2.37s                                                                                                                     
  [Client 3] Starting local training...                                                                                                                     
  [Client 3] Finished training in 0.99s                                                                                                                     
  [Client 2] Starting local training...                                                                                                                     
  [Client 2] Finished training in 3.22s                                                                                                                     
  Starting weight aggregation...                                                                                                                            
  Aggregation completed in 0.05s                                                                                                                            
ROUND 37 FINISHED in 53.84s (Avg: 53.86s)                                                                                                                   
  [Resume] Saved training checkpoint after round 37 →                                                                                                       
/home/luis.mendezl/Thesis/logs/runs/cifar10/fedprox/vit_tiny/alpha0.1/seed42/checkpoints/training_state.pt                                                  
---------------------------- ROUND 38/50 START ----------------------------                                                                                 
Selected clients: [2, 0, 4, 9, 8, 6, 1, 7, 5, 3]                                                                                                            
  [Client 2] Starting local training...                                                                                                                     
  [Client 2] Finished training in 3.33s                                                                                                                     
  [Client 0] Starting local training...                                                                                                                     
  [Client 0] Finished training in 9.64s                                                                                                                     
  [Client 4] Starting local training...                                                                                                                     
  [Client 4] Finished training in 2.43s                                                                                                                     
  [Client 9] Starting local training...                                                                                                                     
  [Client 9] Finished training in 9.62s                                                                                                                     
  [Client 8] Starting local training...                                                                                                                     
  [Client 8] Finished training in 6.73s                                                                                                                     
  [Client 6] Starting local training...                                                                                                                     
  [Client 6] Finished training in 5.28s                                                                                                                     
  [Client 1] Starting local training...                                                                                                                     
  [Client 1] Finished training in 6.90s                                                                                                                     
  [Client 7] Starting local training...                                                                                                                     
  [Client 7] Finished training in 1.81s                                                                                                                     
  [Client 5] Starting local training...                                                                                                                     
  [Client 5] Finished training in 5.90s                                                                                                                     
  [Client 3] Starting local training...                                                                                                                     
  [Client 3] Finished training in 1.03s                                                                                                                     
  Starting weight aggregation...                                                                                                                            
  Aggregation completed in 0.11s                                                                                                                            
ROUND 38 FINISHED in 53.30s (Avg: 53.84s)                                                                                                                   
  [Resume] Saved training checkpoint after round 38 →                                                                                                       
/home/luis.mendezl/Thesis/logs/runs/cifar10/fedprox/vit_tiny/alpha0.1/seed42/checkpoints/training_state.pt                                                  
---------------------------- ROUND 39/50 START ----------------------------                                                                                 
Selected clients: [5, 8, 6, 4, 9, 1, 7, 0, 2, 3]                                                                                                            
  [Client 5] Starting local training...                                                                                                                     
  [Client 5] Finished training in 5.77s                                                                                                                     
  [Client 8] Starting local training...                                                                                                                     
  [Client 8] Finished training in 7.19s                                                                                                                     
  [Client 6] Starting local training...                                                                                                                     
  [Client 6] Finished training in 5.26s                                                                                                                     
  [Client 4] Starting local training...                                                                                                                     
  [Client 4] Finished training in 2.39s                                                                                                                     
  [Client 9] Starting local training...                                                                                                                     
  [Client 9] Finished training in 10.18s                                                                                                                    
  [Client 1] Starting local training...                                                                                                                     
  [Client 1] Finished training in 7.48s                                                                                                                     
  [Client 7] Starting local training...                                                                                                                     
  [Client 7] Finished training in 1.78s                                                                                                                     
  [Client 0] Starting local training...                                                                                                                     
  [Client 0] Finished training in 9.65s                                                                                                                     
  [Client 2] Starting local training...                                                                                                                     
  [Client 2] Finished training in 3.23s                                                                                                                     
  [Client 3] Starting local training...                                                                                                                     
  [Client 3] Finished training in 1.04s                                                                                                                     
  Starting weight aggregation...                                                                                                                            
  Aggregation completed in 0.05s                                                                                                                            
ROUND 39 FINISHED in 54.54s (Avg: 53.86s)                                                                                                                   
  [Resume] Saved training checkpoint after round 39 →                                                                                                       
/home/luis.mendezl/Thesis/logs/runs/cifar10/fedprox/vit_tiny/alpha0.1/seed42/checkpoints/training_state.pt                                                  
---------------------------- ROUND 40/50 START ----------------------------                                                                                 
Selected clients: [0, 2, 5, 6, 3, 1, 8, 9, 7, 4]                                                                                                            
  [Client 0] Starting local training...                                                                                                                     
  [Client 0] Finished training in 9.95s                                                                                                                     
client [0]  (testset)   loss: 1.8992 -> 0.9369  accuracy: 25.76% -> 65.45%                                                                                  
  [Client 2] Starting local training...                                                                                                                     
  [Client 2] Finished training in 3.22s                                                                                                                     
client [2]  (testset)   loss: 1.6463 -> 0.9659  accuracy: 28.57% -> 53.97%                                                                                  
  [Client 5] Starting local training...                                                                                                                     
  [Client 5] Finished training in 5.66s                                                                                                                     
client [5]  (testset)   loss: 2.0550 -> 0.8564  accuracy: 21.21% -> 64.85%                                                                                  
  [Client 6] Starting local training...                                                                                                                     
  [Client 6] Finished training in 5.18s                                                                                                                     
client [6]  (testset)   loss: 1.6207 -> 0.9541  accuracy: 44.60% -> 74.10%                                                                                  
  [Client 3] Starting local training...                                                                                                                     
  [Client 3] Finished training in 1.00s                                                                                                                     
client [3]  (testset)   loss: 1.7403 -> 1.7403  accuracy: 12.50% -> 12.50%                                                                                  
  [Client 1] Starting local training...                                                                                                                     
  [Client 1] Finished training in 7.13s                                                                                                                     
client [1]  (testset)   loss: 1.4487 -> 0.9875  accuracy: 50.00% -> 67.29%                                                                                  
  [Client 8] Starting local training...                                                                                                                     
  [Client 8] Finished training in 7.08s                                                                                                                     
client [8]  (testset)   loss: 1.7761 -> 1.1897  accuracy: 36.45% -> 54.68%                                                                                  
  [Client 9] Starting local training...                                                                                                                     
  [Client 9] Finished training in 9.74s                                                                                                                     
client [9]  (testset)   loss: 1.9677 -> 0.9501  accuracy: 30.34% -> 64.09%                                                                                  
  [Client 7] Starting local training...                                                                                                                     
  [Client 7] Finished training in 1.78s                                                                                                                     
client [7]  (testset)   loss: 2.5937 -> 1.6559  accuracy: 15.79% -> 42.11%                                                                                  
  [Client 4] Starting local training...                                                                                                                     
  [Client 4] Finished training in 2.34s                                                                                                                     
client [4]  (testset)   loss: 2.7087 -> 1.5244  accuracy: 9.09% -> 51.52%                                                                                   
  [CKA] Saved checkpoints for round 40 (10 clients) → /home/luis.mendezl/Thesis/logs/runs/cifar10/fedprox/vit_tiny/alpha0.1/seed42/checkpoints/round_0040   
  Starting weight aggregation...                                                                                                                            
  Aggregation completed in 0.05s                                                                                                                            
ROUND 40 FINISHED in 56.03s (Avg: 53.92s)                                                                                                                   
  [Resume] Saved training checkpoint after round 40 →                                                                                                       
/home/luis.mendezl/Thesis/logs/runs/cifar10/fedprox/vit_tiny/alpha0.1/seed42/checkpoints/training_state.pt                                                  
---------------------------- ROUND 41/50 START ----------------------------                                                                                 
Selected clients: [0, 7, 3, 1, 8, 2, 4, 9, 5, 6]                                                                                                            
  [Client 0] Starting local training...                                                                                                                     
  [Client 0] Finished training in 9.82s                                                                                                                     
  [Client 7] Starting local training...                                                                                                                     
  [Client 7] Finished training in 1.83s                                                                                                                     
  [Client 3] Starting local training...                                                                                                                     
  [Client 3] Finished training in 0.99s                                                                                                                     
  [Client 1] Starting local training...                                                                                                                     
  [Client 1] Finished training in 7.01s                                                                                                                     
  [Client 8] Starting local training...                                                                                                                     
  [Client 8] Finished training in 7.20s                                                                                                                     
  [Client 2] Starting local training...                                                                                                                     
  [Client 2] Finished training in 3.11s                                                                                                                     
  [Client 4] Starting local training...                                                                                                                     
  [Client 4] Finished training in 2.37s                                                                                                                     
  [Client 9] Starting local training...                                                                                                                     
  [Client 9] Finished training in 9.79s                                                                                                                     
  [Client 5] Starting local training...                                                                                                                     
  [Client 5] Finished training in 5.49s                                                                                                                     
  [Client 6] Starting local training...                                                                                                                     
  [Client 6] Finished training in 5.01s                                                                                                                     
  Starting weight aggregation...                                                                                                                            
  Aggregation completed in 0.09s                                                                                                                            
ROUND 41 FINISHED in 53.22s (Avg: 53.90s)                                                                                                                   
  [Resume] Saved training checkpoint after round 41 →                                                                                                       
/home/luis.mendezl/Thesis/logs/runs/cifar10/fedprox/vit_tiny/alpha0.1/seed42/checkpoints/training_state.pt                                                  
---------------------------- ROUND 42/50 START ----------------------------                                                                                 
Selected clients: [3, 6, 5, 2, 0, 8, 4, 9, 1, 7]                                                                                                            
  [Client 3] Starting local training...                                                                                                                     
  [Client 3] Finished training in 1.00s                                                                                                                     
  [Client 6] Starting local training...                                                                                                                     
  [Client 6] Finished training in 5.53s                                                                                                                     
  [Client 5] Starting local training...                                                                                                                     
  [Client 5] Finished training in 5.72s                                                                                                                     
  [Client 2] Starting local training...                                                                                                                     
  [Client 2] Finished training in 3.11s                                                                                                                     
  [Client 0] Starting local training...                                                                                                                     
  [Client 0] Finished training in 9.74s                                                                                                                     
  [Client 8] Starting local training...                                                                                                                     
  [Client 8] Finished training in 6.73s                                                                                                                     
  [Client 4] Starting local training...                                                                                                                     
  [Client 4] Finished training in 2.33s                                                                                                                     
  [Client 9] Starting local training...                                                                                                                     
  [Client 9] Finished training in 10.11s                                                                                                                    
  [Client 1] Starting local training...                                                                                                                     
  [Client 1] Finished training in 7.38s                                                                                                                     
  [Client 7] Starting local training...                                                                                                                     
  [Client 7] Finished training in 1.81s                                                                                                                     
  Starting weight aggregation...                                                                                                                            
  Aggregation completed in 0.06s                                                                                                                            
ROUND 42 FINISHED in 54.03s (Avg: 53.90s)                                                                                                                   
  [Resume] Saved training checkpoint after round 42 →                                                                                                       
/home/luis.mendezl/Thesis/logs/runs/cifar10/fedprox/vit_tiny/alpha0.1/seed42/checkpoints/training_state.pt                                                  
---------------------------- ROUND 43/50 START ----------------------------                                                                                 
Selected clients: [0, 1, 4, 8, 7, 2, 9, 3, 6, 5]                                                                                                            
  [Client 0] Starting local training...                                                                                                                     
  [Client 0] Finished training in 9.97s                                                                                                                     
  [Client 1] Starting local training...                                                                                                                     
  [Client 1] Finished training in 6.94s                                                                                                                     
  [Client 4] Starting local training...                                                                                                                     
  [Client 4] Finished training in 3.65s                                                                                                                     
  [Client 8] Starting local training...                                                                                                                     
  [Client 8] Finished training in 7.21s                                                                                                                     
  [Client 7] Starting local training...                                                                                                                     
  [Client 7] Finished training in 1.95s                                                                                                                     
  [Client 2] Starting local training...                                                                                                                     
  [Client 2] Finished training in 3.39s                                                                                                                     
  [Client 9] Starting local training...                                                                                                                     
  [Client 9] Finished training in 9.92s                                                                                                                     
  [Client 3] Starting local training...                                                                                                                     
  [Client 3] Finished training in 1.24s                                                                                                                     
  [Client 6] Starting local training...                                                                                                                     
  [Client 6] Finished training in 5.30s                                                                                                                     
  [Client 5] Starting local training...                                                                                                                     
  [Client 5] Finished training in 6.09s                                                                                                                     
  Starting weight aggregation...                                                                                                                            
  Aggregation completed in 0.05s                                                                                                                            
ROUND 43 FINISHED in 56.25s (Avg: 53.96s)                                                                                                                   
  [Resume] Saved training checkpoint after round 43 →                                                                                                       
/home/luis.mendezl/Thesis/logs/runs/cifar10/fedprox/vit_tiny/alpha0.1/seed42/checkpoints/training_state.pt                                                  
---------------------------- ROUND 44/50 START ----------------------------                                                                                 
Selected clients: [5, 6, 1, 3, 4, 7, 2, 0, 9, 8]                                                                                                            
  [Client 5] Starting local training...                                                                                                                     
  [Client 5] Finished training in 6.17s                                                                                                                     
  [Client 6] Starting local training...                                                                                                                     
  [Client 6] Finished training in 6.00s                                                                                                                     
  [Client 1] Starting local training...                                                                                                                     
  [Client 1] Finished training in 8.21s                                                                                                                     
  [Client 3] Starting local training...                                                                                                                     
  [Client 3] Finished training in 0.98s                                                                                                                     
  [Client 4] Starting local training...                                                                                                                     
  [Client 4] Finished training in 2.59s                                                                                                                     
  [Client 7] Starting local training...                                                                                                                     
  [Client 7] Finished training in 1.76s                                                                                                                     
  [Client 2] Starting local training...                                                                                                                     
  [Client 2] Finished training in 3.14s                                                                                                                     
  [Client 0] Starting local training...                                                                                                                     
  [Client 0] Finished training in 10.62s                                                                                                                    
  [Client 9] Starting local training...                                                                                                                     
  [Client 9] Finished training in 9.66s                                                                                                                     
  [Client 8] Starting local training...                                                                                                                     
  [Client 8] Finished training in 6.66s                                                                                                                     
  Starting weight aggregation...                                                                                                                            
  Aggregation completed in 0.09s                                                                                                                            
ROUND 44 FINISHED in 56.39s (Avg: 54.01s)                                                                                                                   
  [Resume] Saved training checkpoint after round 44 →                                                                                                       
/home/luis.mendezl/Thesis/logs/runs/cifar10/fedprox/vit_tiny/alpha0.1/seed42/checkpoints/training_state.pt                                                  
---------------------------- ROUND 45/50 START ----------------------------                                                                                 
Selected clients: [8, 9, 3, 2, 7, 0, 6, 5, 1, 4]                                                                                                            
  [Client 8] Starting local training...                                                                                                                     
  [Client 8] Finished training in 6.77s                                                                                                                     
  [Client 9] Starting local training...                                                                                                                     
  [Client 9] Finished training in 9.39s                                                                                                                     
  [Client 3] Starting local training...                                                                                                                     
  [Client 3] Finished training in 2.62s                                                                                                                     
  [Client 2] Starting local training...                                                                                                                     
  [Client 2] Finished training in 3.00s                                                                                                                     
  [Client 7] Starting local training...                                                                                                                     
  [Client 7] Finished training in 1.80s                                                                                                                     
  [Client 0] Starting local training...                                                                                                                     
  [Client 0] Finished training in 9.21s                                                                                                                     
  [Client 6] Starting local training...                                                                                                                     
  [Client 6] Finished training in 4.88s                                                                                                                     
  [Client 5] Starting local training...                                                                                                                     
  [Client 5] Finished training in 5.38s                                                                                                                     
  [Client 1] Starting local training...                                                                                                                     
  [Client 1] Finished training in 6.55s                                                                                                                     
  [Client 4] Starting local training...                                                                                                                     
  [Client 4] Finished training in 2.30s                                                                                                                     
  Starting weight aggregation...                                                                                                                            
  Aggregation completed in 0.05s                                                                                                                            
ROUND 45 FINISHED in 52.45s (Avg: 53.98s)                                                                                                                   
  [Resume] Saved training checkpoint after round 45 →                                                                                                       
/home/luis.mendezl/Thesis/logs/runs/cifar10/fedprox/vit_tiny/alpha0.1/seed42/checkpoints/training_state.pt                                                  
---------------------------- ROUND 46/50 START ----------------------------                                                                                 
Selected clients: [4, 8, 9, 5, 3, 2, 6, 7, 1, 0]                                                                                                            
  [Client 4] Starting local training...                                                                                                                     
  [Client 4] Finished training in 2.33s                                                                                                                     
  [Client 8] Starting local training...                                                                                                                     
  [Client 8] Finished training in 6.48s                                                                                                                     
  [Client 9] Starting local training...                                                                                                                     
  [Client 9] Finished training in 9.23s                                                                                                                     
  [Client 5] Starting local training...                                                                                                                     
  [Client 5] Finished training in 5.41s                                                                                                                     
  [Client 3] Starting local training...                                                                                                                     
  [Client 3] Finished training in 1.00s                                                                                                                     
  [Client 2] Starting local training...                                                                                                                     
  [Client 2] Finished training in 2.95s                                                                                                                     
  [Client 6] Starting local training...                                                                                                                     
  [Client 6] Finished training in 4.85s                                                                                                                     
  [Client 7] Starting local training...                                                                                                                     
  [Client 7] Finished training in 1.76s                                                                                                                     
  [Client 1] Starting local training...                                                                                                                     
  [Client 1] Finished training in 6.55s                                                                                                                     
  [Client 0] Starting local training...                                                                                                                     
  [Client 0] Finished training in 9.10s                                                                                                                     
  Starting weight aggregation...                                                                                                                            
  Aggregation completed in 0.05s                                                                                                                            
ROUND 46 FINISHED in 50.24s (Avg: 53.90s)                                                                                                                   
  [Resume] Saved training checkpoint after round 46 →                                                                                                       
/home/luis.mendezl/Thesis/logs/runs/cifar10/fedprox/vit_tiny/alpha0.1/seed42/checkpoints/training_state.pt                                                  
---------------------------- ROUND 47/50 START ----------------------------                                                                                 
Selected clients: [3, 6, 8, 5, 7, 1, 2, 4, 0, 9]                                                                                                            
  [Client 3] Starting local training...                                                                                                                     
  [Client 3] Finished training in 1.00s                                                                                                                     
  [Client 6] Starting local training...                                                                                                                     
  [Client 6] Finished training in 4.90s                                                                                                                     
  [Client 8] Starting local training...                                                                                                                     
  [Client 8] Finished training in 6.44s                                                                                                                     
  [Client 5] Starting local training...                                                                                                                     
  [Client 5] Finished training in 5.41s                                                                                                                     
  [Client 7] Starting local training...                                                                                                                     
  [Client 7] Finished training in 1.77s                                                                                                                     
  [Client 1] Starting local training...                                                                                                                     
  [Client 1] Finished training in 6.59s                                                                                                                     
  [Client 2] Starting local training...                                                                                                                     
  [Client 2] Finished training in 2.96s                                                                                                                     
  [Client 4] Starting local training...                                                                                                                     
  [Client 4] Finished training in 2.28s                                                                                                                     
  [Client 0] Starting local training...                                                                                                                     
  [Client 0] Finished training in 9.12s                                                                                                                     
  [Client 9] Starting local training...                                                                                                                     
  [Client 9] Finished training in 9.06s                                                                                                                     
  Starting weight aggregation...                                                                                                                            
  Aggregation completed in 0.05s                                                                                                                            
ROUND 47 FINISHED in 50.10s (Avg: 53.82s)                                                                                                                   
  [Resume] Saved training checkpoint after round 47 →                                                                                                       
/home/luis.mendezl/Thesis/logs/runs/cifar10/fedprox/vit_tiny/alpha0.1/seed42/checkpoints/training_state.pt                                                  
---------------------------- ROUND 48/50 START ----------------------------                                                                                 
Selected clients: [4, 3, 6, 7, 9, 5, 2, 1, 8, 0]                                                                                                            
  [Client 4] Starting local training...                                                                                                                     
  [Client 4] Finished training in 2.11s                                                                                                                     
  [Client 3] Starting local training...                                                                                                                     
  [Client 3] Finished training in 0.83s                                                                                                                     
  [Client 6] Starting local training...                                                                                                                     
  [Client 6] Finished training in 4.73s                                                                                                                     
  [Client 7] Starting local training...                                                                                                                     
  [Client 7] Finished training in 1.59s                                                                                                                     
  [Client 9] Starting local training...                                                                                                                     
  [Client 9] Finished training in 9.01s                                                                                                                     
  [Client 5] Starting local training...                                                                                                                     
  [Client 5] Finished training in 5.21s                                                                                                                     
  [Client 2] Starting local training...                                                                                                                     
  [Client 2] Finished training in 2.81s                                                                                                                     
  [Client 1] Starting local training...                                                                                                                     
  [Client 1] Finished training in 6.38s                                                                                                                     
  [Client 8] Starting local training...                                                                                                                     
  [Client 8] Finished training in 6.21s                                                                                                                     
  [Client 0] Starting local training...                                                                                                                     
  [Client 0] Finished training in 8.91s                                                                                                                     
  Starting weight aggregation...                                                                                                                            
  Aggregation completed in 0.05s                                                                                                                            
ROUND 48 FINISHED in 48.36s (Avg: 53.70s)                                                                                                                   
  [Resume] Saved training checkpoint after round 48 →                                                                                                       
/home/luis.mendezl/Thesis/logs/runs/cifar10/fedprox/vit_tiny/alpha0.1/seed42/checkpoints/training_state.pt                                                  
---------------------------- ROUND 49/50 START ----------------------------                                                                                 
Selected clients: [3, 8, 7, 6, 5, 1, 0, 4, 2, 9]                                                                                                            
  [Client 3] Starting local training...                                                                                                                     
  [Client 3] Finished training in 0.99s                                                                                                                     
  [Client 8] Starting local training...                                                                                                                     
  [Client 8] Finished training in 6.49s                                                                                                                     
  [Client 7] Starting local training...                                                                                                                     
  [Client 7] Finished training in 1.78s                                                                                                                     
  [Client 6] Starting local training...                                                                                                                     
  [Client 6] Finished training in 4.94s                                                                                                                     
  [Client 5] Starting local training...                                                                                                                     
  [Client 5] Finished training in 5.39s                                                                                                                     
  [Client 1] Starting local training...                                                                                                                     
  [Client 1] Finished training in 6.59s                                                                                                                     
  [Client 0] Starting local training...                                                                                                                     
  [Client 0] Finished training in 9.15s                                                                                                                     
  [Client 4] Starting local training...                                                                                                                     
  [Client 4] Finished training in 2.29s                                                                                                                     
  [Client 2] Starting local training...                                                                                                                     
  [Client 2] Finished training in 2.96s                                                                                                                     
  [Client 9] Starting local training...                                                                                                                     
  [Client 9] Finished training in 9.11s                                                                                                                     
  Starting weight aggregation...                                                                                                                            
  Aggregation completed in 0.05s                                                                                                                            
ROUND 49 FINISHED in 50.28s (Avg: 53.63s)                                                                                                                   
  [Resume] Saved training checkpoint after round 49 →                                                                                                       
/home/luis.mendezl/Thesis/logs/runs/cifar10/fedprox/vit_tiny/alpha0.1/seed42/checkpoints/training_state.pt                                                  
---------------------------- ROUND 50/50 START ----------------------------                                                                                 
Selected clients: [3, 4, 9, 6, 1, 5, 0, 7, 2, 8]                                                                                                            
  [Client 3] Starting local training...                                                                                                                     
  [Client 3] Finished training in 1.01s                                                                                                                     
client [3]  (testset)   loss: 1.3702 -> 1.3702  accuracy: 37.50% -> 37.50%                                                                                  
  [Client 4] Starting local training...                                                                                                                     
  [Client 4] Finished training in 2.33s                                                                                                                     
client [4]  (testset)   loss: 2.5943 -> 1.5643  accuracy: 12.12% -> 57.58%                                                                                  
  [Client 9] Starting local training...                                                                                                                     
  [Client 9] Finished training in 9.22s                                                                                                                     
client [9]  (testset)   loss: 2.0066 -> 0.8762  accuracy: 31.89% -> 65.33%                                                                                  
  [Client 6] Starting local training...                                                                                                                     
  [Client 6] Finished training in 4.92s                                                                                                                     
client [6]  (testset)   loss: 1.5983 -> 0.9439  accuracy: 45.32% -> 72.66%                                                                                  
  [Client 1] Starting local training...                                                                                                                     
  [Client 1] Finished training in 6.60s                                                                                                                     
client [1]  (testset)   loss: 1.4427 -> 1.0275  accuracy: 48.60% -> 67.76%                                                                                  
  [Client 5] Starting local training...                                                                                                                     
  [Client 5] Finished training in 5.40s                                                                                                                     
client [5]  (testset)   loss: 1.9505 -> 0.7464  accuracy: 25.45% -> 68.48%                                                                                  
  [Client 0] Starting local training...                                                                                                                     
  [Client 0] Finished training in 9.17s                                                                                                                     
client [0]  (testset)   loss: 1.9073 -> 0.8718  accuracy: 30.00% -> 69.70%                                                                                  
  [Client 7] Starting local training...                                                                                                                     
  [Client 7] Finished training in 1.75s                                                                                                                     
client [7]  (testset)   loss: 2.6219 -> 1.6360  accuracy: 10.53% -> 36.84%                                                                                  
  [Client 2] Starting local training...                                                                                                                     
  [Client 2] Finished training in 2.97s                                                                                                                     
client [2]  (testset)   loss: 1.5863 -> 0.9408  accuracy: 34.92% -> 63.49%                                                                                  
  [Client 8] Starting local training...                                                                                                                     
  [Client 8] Finished training in 6.37s                                                                                                                     
client [8]  (testset)   loss: 1.7131 -> 1.1899  accuracy: 42.86% -> 51.23%                                                                                  
  [CKA] Saved checkpoints for round 50 (10 clients) → /home/luis.mendezl/Thesis/logs/runs/cifar10/fedprox/vit_tiny/alpha0.1/seed42/checkpoints/round_0050   
  Starting weight aggregation...                                                                                                                            
  Aggregation completed in 0.05s                                                                                                                            
ROUND 50 FINISHED in 52.75s (Avg: 53.61s)                                                                                                                   
  [Resume] Saved training checkpoint after round 50 →                                                                                                       
/home/luis.mendezl/Thesis/logs/runs/cifar10/fedprox/vit_tiny/alpha0.1/seed42/checkpoints/training_state.pt                                                  
CKADriftFedProx's average time taken by each global epoch: 0 min 53.61 sec.                                                                                 
CKADriftFedProx's total running time: 0 h 50 m 35 s.                                                                                                        
==================== CKADriftFedProx Experiment Results: ====================                                                                               
Display format: (before local fine-tuning) -> (after local fine-tuning)                                                                                     
 So if finetune_epoch = 0, x.xx% -> 0.00% is normal.                                                                                                        
 Centralized testing ONLY happens after model aggregation, so the stats between '->' are the same.                                                          
{                                                                                                                                                           
    "1": {                                                                                                                                                  
        "centralized": {                                                                                                                                    
            "test": {                                                                                                                                       
                "loss": "2.6651 -> 2.6651",                                                                                                                 
                "accuracy": "19.04% -> 19.04%"                                                                                                              
            }                                                                                                                                               
        },                                                                                                                                                  
        "all_clients": {                                                                                                                                    
            "test": {                                                                                                                                       
                "loss": "2.6651 -> 0.0000",                                                                                                                 
                "accuracy": "19.04% -> 0.00%"                                                                                                               
            }                                                                                                                                               
        }                                                                                                                                                   
    },                                                                                                                                                      
    "2": {                                                                                                                                                  
        "centralized": {                                                                                                                                    
            "test": {                                                                                                                                       
                "loss": "2.5453 -> 2.5453",                                                                                                                 
                "accuracy": "16.50% -> 16.50%"                                                                                                              
            }                                                                                                                                               
        },                                                                                                                                                  
        "all_clients": {                                                                                                                                    
            "test": {                                                                                                                                       
                "loss": "2.5453 -> 0.0000",                                                                                                                 
                "accuracy": "16.50% -> 0.00%"                                                                                                               
            }                                                                                                                                               
        }                                                                                                                                                   
    },                                                                                                                                                      
    "3": {                                                                                                                                                  
        "centralized": {                                                                                                                                    
            "test": {                                                                                                                                       
                "loss": "2.9161 -> 2.9161",                                                                                                                 
                "accuracy": "18.10% -> 18.10%"                                                                                                              
            }                                                                                                                                               
        },                                                                                                                                                  
        "all_clients": {                                                                                                                                    
            "test": {                                                                                                                                       
                "loss": "2.9161 -> 0.0000",                                                                                                                 
                "accuracy": "18.10% -> 0.00%"                                                                                                               
            }                                                                                                                                               
        }                                                                                                                                                   
    },                                                                                                                                                      
    "4": {                                                                                                                                                  
        "centralized": {                                                                                                                                    
            "test": {                                                                                                                                       
                "loss": "2.2478 -> 2.2478",                                                                                                                 
                "accuracy": "21.78% -> 21.78%"                                                                                                              
            }                                                                                                                                               
        },                                                                                                                                                  
        "all_clients": {                                                                                                                                    
            "test": {                                                                                                                                       
                "loss": "2.2478 -> 0.0000",                                                                                                                 
                "accuracy": "21.78% -> 0.00%"                                                                                                               
            }                                                                                                                                               
        }                                                                                                                                                   
    },                                                                                                                                                      
    "5": {                                                                                                                                                  
        "centralized": {                                                                                                                                    
            "test": {                                                                                                                                       
                "loss": "2.3703 -> 2.3703",                                                                                                                 
                "accuracy": "18.10% -> 18.10%"                                                                                                              
            }                                                                                                                                               
        },                                                                                                                                                  
        "all_clients": {                                                                                                                                    
            "test": {                                                                                                                                       
                "loss": "2.3703 -> 0.0000",                                                                                                                 
                "accuracy": "18.10% -> 0.00%"                                                                                                               
            }                                                                                                                                               
        }                                                                                                                                                   
    },                                                                                                                                                      
    "6": {                                                                                                                                                  
        "centralized": {                                                                                                                                    
            "test": {                                                                                                                                       
                "loss": "2.1916 -> 2.1916",                                                                                                                 
                "accuracy": "23.58% -> 23.58%"                                                                                                              
            }                                                                                                                                               
        },                                                                                                                                                  
        "all_clients": {                                                                                                                                    
            "test": {                                                                                                                                       
                "loss": "2.1916 -> 0.0000",                                                                                                                 
                "accuracy": "23.58% -> 0.00%"                                                                                                               
            }                                                                                                                                               
        }                                                                                                                                                   
    },                                                                                                                                                      
    "7": {                                                                                                                                                  
        "centralized": {                                                                                                                                    
            "test": {                                                                                                                                       
                "loss": "2.2945 -> 2.2945",                                                                                                                 
                "accuracy": "17.64% -> 17.64%"                                                                                                              
            }                                                                                                                                               
        },                                                                                                                                                  
        "all_clients": {                                                                                                                                    
            "test": {                                                                                                                                       
                "loss": "2.2945 -> 0.0000",                                                                                                                 
                "accuracy": "17.64% -> 0.00%"                                                                                                               
            }                                                                                                                                               
        }                                                                                                                                                   
    },                                                                                                                                                      
    "8": {                                                                                                                                                  
        "centralized": {                                                                                                                                    
            "test": {                                                                                                                                       
                "loss": "2.0154 -> 2.0154",                                                                                                                 
                "accuracy": "26.59% -> 26.59%"                                                                                                              
            }                                                                                                                                               
        },                                                                                                                                                  
        "all_clients": {                                                                                                                                    
            "test": {                                                                                                                                       
                "loss": "2.0154 -> 0.0000",                                                                                                                 
                "accuracy": "26.59% -> 0.00%"                                                                                                               
            }                                                                                                                                               
        }                                                                                                                                                   
    },                                                                                                                                                      
    "9": {                                                                                                                                                  
        "centralized": {                                                                                                                                    
            "test": {                                                                                                                                       
                "loss": "2.0499 -> 2.0499",                                                                                                                 
                "accuracy": "20.91% -> 20.91%"                                                                                                              
            }                                                                                                                                               
        },                                                                                                                                                  
        "all_clients": {                                                                                                                                    
            "test": {                                                                                                                                       
                "loss": "2.0499 -> 0.0000",                                                                                                                 
                "accuracy": "20.91% -> 0.00%"                                                                                                               
            }                                                                                                                                               
        }                                                                                                                                                   
    },                                                                                                                                                      
    "10": {                                                                                                                                                 
        "centralized": {                                                                                                                                    
            "test": {                                                                                                                                       
                "loss": "1.9800 -> 1.9800",                                                                                                                 
                "accuracy": "25.52% -> 25.52%"                                                                                                              
            }                                                                                                                                               
        },                                                                                                                                                  
        "all_clients": {                                                                                                                                    
            "test": {                                                                                                                                       
                "loss": "1.9800 -> 0.0000",                                                                                                                 
                "accuracy": "25.52% -> 0.00%"                                                                                                               
            }                                                                                                                                               
        }                                                                                                                                                   
    },                                                                                                                                                      
    "11": {                                                                                                                                                 
        "centralized": {                                                                                                                                    
            "test": {                                                                                                                                       
                "loss": "2.0236 -> 2.0236",                                                                                                                 
                "accuracy": "23.85% -> 23.85%"                                                                                                              
            }                                                                                                                                               
        },                                                                                                                                                  
        "all_clients": {                                                                                                                                    
            "test": {                                                                                                                                       
                "loss": "2.0236 -> 0.0000",                                                                                                                 
                "accuracy": "23.85% -> 0.00%"                                                                                                               
            }                                                                                                                                               
        }                                                                                                                                                   
    },                                                                                                                                                      
    "12": {                                                                                                                                                 
        "centralized": {                                                                                                                                    
            "test": {                                                                                                                                       
                "loss": "1.9526 -> 1.9526",                                                                                                                 
                "accuracy": "26.45% -> 26.45%"                                                                                                              
            }                                                                                                                                               
        },                                                                                                                                                  
        "all_clients": {                                                                                                                                    
            "test": {                                                                                                                                       
                "loss": "1.9526 -> 0.0000",                                                                                                                 
                "accuracy": "26.45% -> 0.00%"                                                                                                               
            }                                                                                                                                               
        }                                                                                                                                                   
    },                                                                                                                                                      
    "13": {                                                                                                                                                 
        "centralized": {                                                                                                                                    
            "test": {                                                                                                                                       
                "loss": "1.9982 -> 1.9982",                                                                                                                 
                "accuracy": "23.78% -> 23.78%"                                                                                                              
            }                                                                                                                                               
        },                                                                                                                                                  
        "all_clients": {                                                                                                                                    
            "test": {                                                                                                                                       
                "loss": "1.9982 -> 0.0000",                                                                                                                 
                "accuracy": "23.78% -> 0.00%"                                                                                                               
            }                                                                                                                                               
        }                                                                                                                                                   
    },                                                                                                                                                      
    "14": {                                                                                                                                                 
        "centralized": {                                                                                                                                    
            "test": {                                                                                                                                       
                "loss": "1.9290 -> 1.9290",                                                                                                                 
                "accuracy": "27.79% -> 27.79%"                                                                                                              
            }                                                                                                                                               
        },                                                                                                                                                  
        "all_clients": {                                                                                                                                    
            "test": {                                                                                                                                       
                "loss": "1.9290 -> 0.0000",                                                                                                                 
                "accuracy": "27.79% -> 0.00%"                                                                                                               
            }                                                                                                                                               
        }                                                                                                                                                   
    },                                                                                                                                                      
    "15": {                                                                                                                                                 
        "centralized": {                                                                                                                                    
            "test": {                                                                                                                                       
                "loss": "1.9592 -> 1.9592",                                                                                                                 
                "accuracy": "26.65% -> 26.65%"                                                                                                              
            }                                                                                                                                               
        },                                                                                                                                                  
        "all_clients": {                                                                                                                                    
            "test": {                                                                                                                                       
                "loss": "1.9592 -> 0.0000",                                                                                                                 
                "accuracy": "26.65% -> 0.00%"                                                                                                               
            }                                                                                                                                               
        }                                                                                                                                                   
    },                                                                                                                                                      
    "16": {                                                                                                                                                 
        "centralized": {                                                                                                                                    
            "test": {                                                                                                                                       
                "loss": "1.9162 -> 1.9162",                                                                                                                 
                "accuracy": "28.72% -> 28.72%"                                                                                                              
            }                                                                                                                                               
        },                                                                                                                                                  
        "all_clients": {                                                                                                                                    
            "test": {                                                                                                                                       
                "loss": "1.9162 -> 0.0000",                                                                                                                 
                "accuracy": "28.72% -> 0.00%"                                                                                                               
            }                                                                                                                                               
        }                                                                                                                                                   
    },                                                                                                                                                      
    "17": {                                                                                                                                                 
        "centralized": {                                                                                                                                    
            "test": {                                                                                                                                       
                "loss": "1.9261 -> 1.9261",                                                                                                                 
                "accuracy": "28.26% -> 28.26%"                                                                                                              
            }                                                                                                                                               
        },                                                                                                                                                  
        "all_clients": {                                                                                                                                    
            "test": {                                                                                                                                       
                "loss": "1.9261 -> 0.0000",                                                                                                                 
                "accuracy": "28.26% -> 0.00%"                                                                                                               
            }                                                                                                                                               
        }                                                                                                                                                   
    },                                                                                                                                                      
    "18": {                                                                                                                                                 
        "centralized": {                                                                                                                                    
            "test": {                                                                                                                                       
                "loss": "1.8605 -> 1.8605",                                                                                                                 
                "accuracy": "31.06% -> 31.06%"                                                                                                              
            }                                                                                                                                               
        },                                                                                                                                                  
        "all_clients": {                                                                                                                                    
            "test": {                                                                                                                                       
                "loss": "1.8605 -> 0.0000",                                                                                                                 
                "accuracy": "31.06% -> 0.00%"                                                                                                               
            }                                                                                                                                               
        }                                                                                                                                                   
    },                                                                                                                                                      
    "19": {                                                                                                                                                 
        "centralized": {                                                                                                                                    
            "test": {                                                                                                                                       
                "loss": "1.8578 -> 1.8578",                                                                                                                 
                "accuracy": "30.73% -> 30.73%"                                                                                                              
            }                                                                                                                                               
        },                                                                                                                                                  
        "all_clients": {                                                                                                                                    
            "test": {                                                                                                                                       
                "loss": "1.8578 -> 0.0000",                                                                                                                 
                "accuracy": "30.73% -> 0.00%"                                                                                                               
            }                                                                                                                                               
        }                                                                                                                                                   
    },                                                                                                                                                      
    "20": {                                                                                                                                                 
        "centralized": {                                                                                                                                    
            "test": {                                                                                                                                       
                "loss": "1.8765 -> 1.8765",                                                                                                                 
                "accuracy": "30.59% -> 30.59%"                                                                                                              
            }                                                                                                                                               
        },                                                                                                                                                  
        "all_clients": {                                                                                                                                    
            "test": {                                                                                                                                       
                "loss": "1.8765 -> 0.0000",                                                                                                                 
                "accuracy": "30.59% -> 0.00%"                                                                                                               
            }                                                                                                                                               
        }                                                                                                                                                   
    },                                                                                                                                                      
    "21": {                                                                                                                                                 
        "centralized": {                                                                                                                                    
            "test": {                                                                                                                                       
                "loss": "1.8794 -> 1.8794",                                                                                                                 
                "accuracy": "30.53% -> 30.53%"                                                                                                              
            }                                                                                                                                               
        },                                                                                                                                                  
        "all_clients": {                                                                                                                                    
            "test": {                                                                                                                                       
                "loss": "1.8794 -> 0.0000",                                                                                                                 
                "accuracy": "30.53% -> 0.00%"                                                                                                               
            }                                                                                                                                               
        }                                                                                                                                                   
    },                                                                                                                                                      
    "22": {                                                                                                                                                 
        "centralized": {                                                                                                                                    
            "test": {                                                                                                                                       
                "loss": "1.9097 -> 1.9097",                                                                                                                 
                "accuracy": "29.39% -> 29.39%"                                                                                                              
            }                                                                                                                                               
        },                                                                                                                                                  
        "all_clients": {                                                                                                                                    
            "test": {                                                                                                                                       
                "loss": "1.9097 -> 0.0000",                                                                                                                 
                "accuracy": "29.39% -> 0.00%"                                                                                                               
            }                                                                                                                                               
        }                                                                                                                                                   
    },                                                                                                                                                      
    "23": {                                                                                                                                                 
        "centralized": {                                                                                                                                    
            "test": {                                                                                                                                       
                "loss": "1.8500 -> 1.8500",                                                                                                                 
                "accuracy": "31.86% -> 31.86%"                                                                                                              
            }                                                                                                                                               
        },                                                                                                                                                  
        "all_clients": {                                                                                                                                    
            "test": {                                                                                                                                       
                "loss": "1.8500 -> 0.0000",                                                                                                                 
                "accuracy": "31.86% -> 0.00%"                                                                                                               
            }                                                                                                                                               
        }                                                                                                                                                   
    },                                                                                                                                                      
    "24": {                                                                                                                                                 
        "centralized": {                                                                                                                                    
            "test": {                                                                                                                                       
                "loss": "1.9172 -> 1.9172",                                                                                                                 
                "accuracy": "29.39% -> 29.39%"                                                                                                              
            }                                                                                                                                               
        },                                                                                                                                                  
        "all_clients": {                                                                                                                                    
            "test": {                                                                                                                                       
                "loss": "1.9172 -> 0.0000",                                                                                                                 
                "accuracy": "29.39% -> 0.00%"                                                                                                               
            }                                                                                                                                               
        }                                                                                                                                                   
    },                                                                                                                                                      
    "25": {                                                                                                                                                 
        "centralized": {                                                                                                                                    
            "test": {                                                                                                                                       
                "loss": "1.8131 -> 1.8131",                                                                                                                 
                "accuracy": "32.26% -> 32.26%"                                                                                                              
            }                                                                                                                                               
        },                                                                                                                                                  
        "all_clients": {                                                                                                                                    
            "test": {                                                                                                                                       
                "loss": "1.8131 -> 0.0000",                                                                                                                 
                "accuracy": "32.26% -> 0.00%"                                                                                                               
            }                                                                                                                                               
        }                                                                                                                                                   
    },                                                                                                                                                      
    "26": {                                                                                                                                                 
        "centralized": {                                                                                                                                    
            "test": {                                                                                                                                       
                "loss": "1.8685 -> 1.8685",                                                                                                                 
                "accuracy": "30.59% -> 30.59%"                                                                                                              
            }                                                                                                                                               
        },                                                                                                                                                  
        "all_clients": {                                                                                                                                    
            "test": {                                                                                                                                       
                "loss": "1.8685 -> 0.0000",                                                                                                                 
                "accuracy": "30.59% -> 0.00%"                                                                                                               
            }                                                                                                                                               
        }                                                                                                                                                   
    },                                                                                                                                                      
    "27": {                                                                                                                                                 
        "centralized": {                                                                                                                                    
            "test": {                                                                                                                                       
                "loss": "1.8524 -> 1.8524",                                                                                                                 
                "accuracy": "31.33% -> 31.33%"                                                                                                              
            }                                                                                                                                               
        },                                                                                                                                                  
        "all_clients": {                                                                                                                                    
            "test": {                                                                                                                                       
                "loss": "1.8524 -> 0.0000",                                                                                                                 
                "accuracy": "31.33% -> 0.00%"                                                                                                               
            }                                                                                                                                               
        }                                                                                                                                                   
    },                                                                                                                                                      
    "28": {                                                                                                                                                 
        "centralized": {                                                                                                                                    
            "test": {                                                                                                                                       
                "loss": "1.8614 -> 1.8614",                                                                                                                 
                "accuracy": "31.53% -> 31.53%"                                                                                                              
            }                                                                                                                                               
        },                                                                                                                                                  
        "all_clients": {                                                                                                                                    
            "test": {                                                                                                                                       
                "loss": "1.8614 -> 0.0000",                                                                                                                 
                "accuracy": "31.53% -> 0.00%"                                                                                                               
            }                                                                                                                                               
        }                                                                                                                                                   
    },                                                                                                                                                      
    "29": {                                                                                                                                                 
        "centralized": {                                                                                                                                    
            "test": {                                                                                                                                       
                "loss": "1.8242 -> 1.8242",                                                                                                                 
                "accuracy": "32.06% -> 32.06%"                                                                                                              
            }                                                                                                                                               
        },                                                                                                                                                  
        "all_clients": {                                                                                                                                    
            "test": {                                                                                                                                       
                "loss": "1.8242 -> 0.0000",                                                                                                                 
                "accuracy": "32.06% -> 0.00%"                                                                                                               
            }                                                                                                                                               
        }                                                                                                                                                   
    },                                                                                                                                                      
    "30": {                                                                                                                                                 
        "centralized": {                                                                                                                                    
            "test": {                                                                                                                                       
                "loss": "1.8646 -> 1.8646",                                                                                                                 
                "accuracy": "31.20% -> 31.20%"                                                                                                              
            }                                                                                                                                               
        },                                                                                                                                                  
        "all_clients": {                                                                                                                                    
            "test": {                                                                                                                                       
                "loss": "1.8646 -> 0.0000",                                                                                                                 
                "accuracy": "31.20% -> 0.00%"                                                                                                               
            }                                                                                                                                               
        }                                                                                                                                                   
    },                                                                                                                                                      
    "31": {                                                                                                                                                 
        "centralized": {                                                                                                                                    
            "test": {                                                                                                                                       
                "loss": "1.8779 -> 1.8779",                                                                                                                 
                "accuracy": "30.79% -> 30.79%"                                                                                                              
            }                                                                                                                                               
        },                                                                                                                                                  
        "all_clients": {                                                                                                                                    
            "test": {                                                                                                                                       
                "loss": "1.8779 -> 0.0000",                                                                                                                 
                "accuracy": "30.79% -> 0.00%"                                                                                                               
            }                                                                                                                                               
        }                                                                                                                                                   
    },                                                                                                                                                      
    "32": {                                                                                                                                                 
        "centralized": {                                                                                                                                    
            "test": {                                                                                                                                       
                "loss": "1.8505 -> 1.8505",                                                                                                                 
                "accuracy": "31.73% -> 31.73%"                                                                                                              
            }                                                                                                                                               
        },                                                                                                                                                  
        "all_clients": {                                                                                                                                    
            "test": {                                                                                                                                       
                "loss": "1.8505 -> 0.0000",                                                                                                                 
                "accuracy": "31.73% -> 0.00%"                                                                                                               
            }                                                                                                                                               
        }                                                                                                                                                   
    },                                                                                                                                                      
    "33": {                                                                                                                                                 
        "centralized": {                                                                                                                                    
            "test": {                                                                                                                                       
                "loss": "1.8573 -> 1.8573",                                                                                                                 
                "accuracy": "30.93% -> 30.93%"                                                                                                              
            }                                                                                                                                               
        },                                                                                                                                                  
        "all_clients": {                                                                                                                                    
            "test": {                                                                                                                                       
                "loss": "1.8573 -> 0.0000",                                                                                                                 
                "accuracy": "30.93% -> 0.00%"                                                                                                               
            }                                                                                                                                               
        }                                                                                                                                                   
    },                                                                                                                                                      
    "34": {                                                                                                                                                 
        "centralized": {                                                                                                                                    
            "test": {                                                                                                                                       
                "loss": "1.8553 -> 1.8553",                                                                                                                 
                "accuracy": "32.20% -> 32.20%"                                                                                                              
            }                                                                                                                                               
        },                                                                                                                                                  
        "all_clients": {                                                                                                                                    
            "test": {                                                                                                                                       
                "loss": "1.8553 -> 0.0000",                                                                                                                 
                "accuracy": "32.20% -> 0.00%"                                                                                                               
            }                                                                                                                                               
        }                                                                                                                                                   
    },                                                                                                                                                      
    "35": {                                                                                                                                                 
        "centralized": {                                                                                                                                    
            "test": {                                                                                                                                       
                "loss": "1.8765 -> 1.8765",                                                                                                                 
                "accuracy": "31.93% -> 31.93%"                                                                                                              
            }                                                                                                                                               
        },                                                                                                                                                  
        "all_clients": {                                                                                                                                    
            "test": {                                                                                                                                       
                "loss": "1.8765 -> 0.0000",                                                                                                                 
                "accuracy": "31.93% -> 0.00%"                                                                                                               
            }                                                                                                                                               
        }                                                                                                                                                   
    },                                                                                                                                                      
    "36": {                                                                                                                                                 
        "centralized": {                                                                                                                                    
            "test": {                                                                                                                                       
                "loss": "1.8620 -> 1.8620",                                                                                                                 
                "accuracy": "32.67% -> 32.67%"                                                                                                              
            }                                                                                                                                               
        },                                                                                                                                                  
        "all_clients": {                                                                                                                                    
            "test": {                                                                                                                                       
                "loss": "1.8620 -> 0.0000",                                                                                                                 
                "accuracy": "32.67% -> 0.00%"                                                                                                               
            }                                                                                                                                               
        }                                                                                                                                                   
    },                                                                                                                                                      
    "37": {                                                                                                                                                 
        "centralized": {                                                                                                                                    
            "test": {                                                                                                                                       
                "loss": "1.9036 -> 1.9036",                                                                                                                 
                "accuracy": "31.00% -> 31.00%"                                                                                                              
            }                                                                                                                                               
        },                                                                                                                                                  
        "all_clients": {                                                                                                                                    
            "test": {                                                                                                                                       
                "loss": "1.9036 -> 0.0000",                                                                                                                 
                "accuracy": "31.00% -> 0.00%"                                                                                                               
            }                                                                                                                                               
        }                                                                                                                                                   
    },                                                                                                                                                      
    "38": {                                                                                                                                                 
        "centralized": {                                                                                                                                    
            "test": {                                                                                                                                       
                "loss": "1.8249 -> 1.8249",                                                                                                                 
                "accuracy": "33.67% -> 33.67%"                                                                                                              
            }                                                                                                                                               
        },                                                                                                                                                  
        "all_clients": {                                                                                                                                    
            "test": {                                                                                                                                       
                "loss": "1.8249 -> 0.0000",                                                                                                                 
                "accuracy": "33.67% -> 0.00%"                                                                                                               
            }                                                                                                                                               
        }                                                                                                                                                   
    },                                                                                                                                                      
    "39": {                                                                                                                                                 
        "centralized": {                                                                                                                                    
            "test": {                                                                                                                                       
                "loss": "1.8394 -> 1.8394",                                                                                                                 
                "accuracy": "32.46% -> 32.46%"                                                                                                              
            }                                                                                                                                               
        },                                                                                                                                                  
        "all_clients": {                                                                                                                                    
            "test": {                                                                                                                                       
                "loss": "1.8394 -> 0.0000",                                                                                                                 
                "accuracy": "32.46% -> 0.00%"                                                                                                               
            }                                                                                                                                               
        }                                                                                                                                                   
    },                                                                                                                                                      
    "40": {                                                                                                                                                 
        "centralized": {                                                                                                                                    
            "test": {                                                                                                                                       
                "loss": "1.8622 -> 1.8622",                                                                                                                 
                "accuracy": "32.40% -> 32.40%"                                                                                                              
            }                                                                                                                                               
        },                                                                                                                                                  
        "all_clients": {                                                                                                                                    
            "test": {                                                                                                                                       
                "loss": "1.8622 -> 0.0000",                                                                                                                 
                "accuracy": "32.40% -> 0.00%"                                                                                                               
            }                                                                                                                                               
        }                                                                                                                                                   
    },                                                                                                                                                      
    "41": {                                                                                                                                                 
        "centralized": {                                                                                                                                    
            "test": {                                                                                                                                       
                "loss": "1.8057 -> 1.8057",                                                                                                                 
                "accuracy": "34.47% -> 34.47%"                                                                                                              
            }                                                                                                                                               
        },                                                                                                                                                  
        "all_clients": {                                                                                                                                    
            "test": {                                                                                                                                       
                "loss": "1.8057 -> 0.0000",                                                                                                                 
                "accuracy": "34.47% -> 0.00%"                                                                                                               
            }                                                                                                                                               
        }                                                                                                                                                   
    },                                                                                                                                                      
    "42": {                                                                                                                                                 
        "centralized": {                                                                                                                                    
            "test": {                                                                                                                                       
                "loss": "1.8182 -> 1.8182",                                                                                                                 
                "accuracy": "34.27% -> 34.27%"                                                                                                              
            }                                                                                                                                               
        },                                                                                                                                                  
        "all_clients": {                                                                                                                                    
            "test": {                                                                                                                                       
                "loss": "1.8182 -> 0.0000",                                                                                                                 
                "accuracy": "34.27% -> 0.00%"                                                                                                               
            }                                                                                                                                               
        }                                                                                                                                                   
    },                                                                                                                                                      
    "43": {                                                                                                                                                 
        "centralized": {                                                                                                                                    
            "test": {                                                                                                                                       
                "loss": "1.8376 -> 1.8376",                                                                                                                 
                "accuracy": "33.53% -> 33.53%"                                                                                                              
            }                                                                                                                                               
        },                                                                                                                                                  
        "all_clients": {                                                                                                                                    
            "test": {                                                                                                                                       
                "loss": "1.8376 -> 0.0000",                                                                                                                 
                "accuracy": "33.53% -> 0.00%"                                                                                                               
            }                                                                                                                                               
        }                                                                                                                                                   
    },                                                                                                                                                      
    "44": {                                                                                                                                                 
        "centralized": {                                                                                                                                    
            "test": {                                                                                                                                       
                "loss": "1.8127 -> 1.8127",                                                                                                                 
                "accuracy": "34.87% -> 34.87%"                                                                                                              
            }                                                                                                                                               
        },                                                                                                                                                  
        "all_clients": {                                                                                                                                    
            "test": {                                                                                                                                       
                "loss": "1.8127 -> 0.0000",                                                                                                                 
                "accuracy": "34.87% -> 0.00%"                                                                                                               
            }                                                                                                                                               
        }                                                                                                                                                   
    },                                                                                                                                                      
    "45": {                                                                                                                                                 
        "centralized": {                                                                                                                                    
            "test": {                                                                                                                                       
                "loss": "1.8488 -> 1.8488",                                                                                                                 
                "accuracy": "34.07% -> 34.07%"                                                                                                              
            }                                                                                                                                               
        },                                                                                                                                                  
        "all_clients": {                                                                                                                                    
            "test": {                                                                                                                                       
                "loss": "1.8488 -> 0.0000",                                                                                                                 
                "accuracy": "34.07% -> 0.00%"                                                                                                               
            }                                                                                                                                               
        }                                                                                                                                                   
    },                                                                                                                                                      
    "46": {                                                                                                                                                 
        "centralized": {                                                                                                                                    
            "test": {                                                                                                                                       
                "loss": "1.8522 -> 1.8522",                                                                                                                 
                "accuracy": "34.40% -> 34.40%"                                                                                                              
            }                                                                                                                                               
        },                                                                                                                                                  
        "all_clients": {                                                                                                                                    
            "test": {                                                                                                                                       
                "loss": "1.8522 -> 0.0000",                                                                                                                 
                "accuracy": "34.40% -> 0.00%"                                                                                                               
            }                                                                                                                                               
        }                                                                                                                                                   
    },                                                                                                                                                      
    "47": {                                                                                                                                                 
        "centralized": {                                                                                                                                    
            "test": {                                                                                                                                       
                "loss": "1.8441 -> 1.8441",                                                                                                                 
                "accuracy": "33.87% -> 33.87%"                                                                                                              
            }                                                                                                                                               
        },                                                                                                                                                  
        "all_clients": {                                                                                                                                    
            "test": {                                                                                                                                       
                "loss": "1.8441 -> 0.0000",                                                                                                                 
                "accuracy": "33.87% -> 0.00%"                                                                                                               
            }                                                                                                                                               
        }                                                                                                                                                   
    },                                                                                                                                                      
    "48": {                                                                                                                                                 
        "centralized": {                                                                                                                                    
            "test": {                                                                                                                                       
                "loss": "1.7938 -> 1.7938",                                                                                                                 
                "accuracy": "35.54% -> 35.54%"                                                                                                              
            }                                                                                                                                               
        },                                                                                                                                                  
        "all_clients": {                                                                                                                                    
            "test": {                                                                                                                                       
                "loss": "1.7938 -> 0.0000",                                                                                                                 
                "accuracy": "35.54% -> 0.00%"                                                                                                               
            }                                                                                                                                               
        }                                                                                                                                                   
    },                                                                                                                                                      
    "49": {                                                                                                                                                 
        "centralized": {                                                                                                                                    
            "test": {                                                                                                                                       
                "loss": "1.8199 -> 1.8199",                                                                                                                 
                "accuracy": "35.34% -> 35.34%"                                                                                                              
            }                                                                                                                                               
        },                                                                                                                                                  
        "all_clients": {                                                                                                                                    
            "test": {                                                                                                                                       
                "loss": "1.8199 -> 0.0000",                                                                                                                 
                "accuracy": "35.34% -> 0.00%"                                                                                                               
            }                                                                                                                                               
        }                                                                                                                                                   
    },                                                                                                                                                      
    "50": {                                                                                                                                                 
        "centralized": {                                                                                                                                    
            "test": {                                                                                                                                       
                "loss": "1.8096 -> 1.8096",                                                                                                                 
                "accuracy": "35.80% -> 35.80%"                                                                                                              
            }                                                                                                                                               
        },                                                                                                                                                  
        "all_clients": {                                                                                                                                    
            "test": {                                                                                                                                       
                "loss": "1.8096 -> 0.0000",                                                                                                                 
                "accuracy": "35.80% -> 0.00%"                                                                                                               
            }                                                                                                                                               
        }                                                                                                                                                   
    }                                                                                                                                                       
}                                                                                                                                                           
==================== CKADriftFedProx Max Accuracy ====================                                                                                      
all_clients:                                                                                                                                                
(test) before fine-tuning: 35.80% at epoch 50                                                                                                               
(test) after fine-tuning: 0.00% at epoch 1                                                                                                                  
centralized:                                                                                                                                                
(test) before fine-tuning: 35.80% at epoch 50                                                                                                               
(test) after fine-tuning: 35.80% at epoch 50                                                                                                                
