round,client_i,client_j,model_name,dataset,alpha,layer_index,layer_name,cka_diagonal
1,0,1,vim_tiny,cifar10,0.03,0,base.patch_embed,0.992149
1,0,1,vim_tiny,cifar10,0.03,1,base.layers.0.mixer,0.917079
1,0,1,vim_tiny,cifar10,0.03,2,base.layers.1.mixer,0.840595
1,0,1,vim_tiny,cifar10,0.03,3,base.layers.2.mixer,0.820665
1,0,1,vim_tiny,cifar10,0.03,4,base.layers.3.mixer,0.714585
1,0,1,vim_tiny,cifar10,0.03,5,base.layers.4.mixer,0.730443
1,0,1,vim_tiny,cifar10,0.03,6,base.layers.5.mixer,0.822575
1,0,1,vim_tiny,cifar10,0.03,7,base.layers.6.mixer,0.611692
1,0,1,vim_tiny,cifar10,0.03,8,base.layers.7.mixer,0.756816
1,0,1,vim_tiny,cifar10,0.03,9,base.layers.8.mixer,0.804636
1,0,1,vim_tiny,cifar10,0.03,10,base.layers.9.mixer,0.968261
1,0,1,vim_tiny,cifar10,0.03,11,base.layers.10.mixer,0.876593
1,0,1,vim_tiny,cifar10,0.03,12,base.layers.11.mixer,0.600050
1,0,1,vim_tiny,cifar10,0.03,13,classifier,0.242220
1,0,2,vim_tiny,cifar10,0.03,0,base.patch_embed,0.999377
1,0,2,vim_tiny,cifar10,0.03,1,base.layers.0.mixer,0.771778
1,0,2,vim_tiny,cifar10,0.03,2,base.layers.1.mixer,0.944836
1,0,2,vim_tiny,cifar10,0.03,3,base.layers.2.mixer,0.909554
1,0,2,vim_tiny,cifar10,0.03,4,base.layers.3.mixer,0.907612
1,0,2,vim_tiny,cifar10,0.03,5,base.layers.4.mixer,0.709612
1,0,2,vim_tiny,cifar10,0.03,6,base.layers.5.mixer,0.908178
1,0,2,vim_tiny,cifar10,0.03,7,base.layers.6.mixer,0.863041
1,0,2,vim_tiny,cifar10,0.03,8,base.layers.7.mixer,0.966120
1,0,2,vim_tiny,cifar10,0.03,9,base.layers.8.mixer,0.919834
1,0,2,vim_tiny,cifar10,0.03,10,base.layers.9.mixer,0.952964
1,0,2,vim_tiny,cifar10,0.03,11,base.layers.10.mixer,0.941291
1,0,2,vim_tiny,cifar10,0.03,12,base.layers.11.mixer,0.692619
1,0,2,vim_tiny,cifar10,0.03,13,classifier,0.638423
1,0,3,vim_tiny,cifar10,0.03,0,base.patch_embed,0.999560
1,0,3,vim_tiny,cifar10,0.03,1,base.layers.0.mixer,0.897553
1,0,3,vim_tiny,cifar10,0.03,2,base.layers.1.mixer,0.950743
1,0,3,vim_tiny,cifar10,0.03,3,base.layers.2.mixer,0.873160
1,0,3,vim_tiny,cifar10,0.03,4,base.layers.3.mixer,0.858758
1,0,3,vim_tiny,cifar10,0.03,5,base.layers.4.mixer,0.864598
1,0,3,vim_tiny,cifar10,0.03,6,base.layers.5.mixer,0.875773
1,0,3,vim_tiny,cifar10,0.03,7,base.layers.6.mixer,0.875066
1,0,3,vim_tiny,cifar10,0.03,8,base.layers.7.mixer,0.868057
1,0,3,vim_tiny,cifar10,0.03,9,base.layers.8.mixer,0.929132
1,0,3,vim_tiny,cifar10,0.03,10,base.layers.9.mixer,0.972718
1,0,3,vim_tiny,cifar10,0.03,11,base.layers.10.mixer,0.956283
1,0,3,vim_tiny,cifar10,0.03,12,base.layers.11.mixer,0.980913
1,0,3,vim_tiny,cifar10,0.03,13,classifier,0.801544
1,0,4,vim_tiny,cifar10,0.03,0,base.patch_embed,0.999736
1,0,4,vim_tiny,cifar10,0.03,1,base.layers.0.mixer,0.658029
1,0,4,vim_tiny,cifar10,0.03,2,base.layers.1.mixer,0.965967
1,0,4,vim_tiny,cifar10,0.03,3,base.layers.2.mixer,0.921568
1,0,4,vim_tiny,cifar10,0.03,4,base.layers.3.mixer,0.800797
1,0,4,vim_tiny,cifar10,0.03,5,base.layers.4.mixer,0.632816
1,0,4,vim_tiny,cifar10,0.03,6,base.layers.5.mixer,0.903911
1,0,4,vim_tiny,cifar10,0.03,7,base.layers.6.mixer,0.796765
1,0,4,vim_tiny,cifar10,0.03,8,base.layers.7.mixer,0.905030
1,0,4,vim_tiny,cifar10,0.03,9,base.layers.8.mixer,0.824342
1,0,4,vim_tiny,cifar10,0.03,10,base.layers.9.mixer,0.843842
1,0,4,vim_tiny,cifar10,0.03,11,base.layers.10.mixer,0.722951
1,0,4,vim_tiny,cifar10,0.03,12,base.layers.11.mixer,0.934052
1,0,4,vim_tiny,cifar10,0.03,13,classifier,0.511290
1,0,5,vim_tiny,cifar10,0.03,0,base.patch_embed,0.998318
1,0,5,vim_tiny,cifar10,0.03,1,base.layers.0.mixer,0.925128
1,0,5,vim_tiny,cifar10,0.03,2,base.layers.1.mixer,0.914097
1,0,5,vim_tiny,cifar10,0.03,3,base.layers.2.mixer,0.809062
1,0,5,vim_tiny,cifar10,0.03,4,base.layers.3.mixer,0.892421
1,0,5,vim_tiny,cifar10,0.03,5,base.layers.4.mixer,0.658258
1,0,5,vim_tiny,cifar10,0.03,6,base.layers.5.mixer,0.752147
1,0,5,vim_tiny,cifar10,0.03,7,base.layers.6.mixer,0.842700
1,0,5,vim_tiny,cifar10,0.03,8,base.layers.7.mixer,0.932448
1,0,5,vim_tiny,cifar10,0.03,9,base.layers.8.mixer,0.925227
1,0,5,vim_tiny,cifar10,0.03,10,base.layers.9.mixer,0.941671
1,0,5,vim_tiny,cifar10,0.03,11,base.layers.10.mixer,0.898902
1,0,5,vim_tiny,cifar10,0.03,12,base.layers.11.mixer,0.589110
1,0,5,vim_tiny,cifar10,0.03,13,classifier,0.522413
1,0,6,vim_tiny,cifar10,0.03,0,base.patch_embed,0.999557
1,0,6,vim_tiny,cifar10,0.03,1,base.layers.0.mixer,0.924523
1,0,6,vim_tiny,cifar10,0.03,2,base.layers.1.mixer,0.935890
1,0,6,vim_tiny,cifar10,0.03,3,base.layers.2.mixer,0.902940
1,0,6,vim_tiny,cifar10,0.03,4,base.layers.3.mixer,0.894362
1,0,6,vim_tiny,cifar10,0.03,5,base.layers.4.mixer,0.853495
1,0,6,vim_tiny,cifar10,0.03,6,base.layers.5.mixer,0.909532
1,0,6,vim_tiny,cifar10,0.03,7,base.layers.6.mixer,0.881229
1,0,6,vim_tiny,cifar10,0.03,8,base.layers.7.mixer,0.879484
1,0,6,vim_tiny,cifar10,0.03,9,base.layers.8.mixer,0.911735
1,0,6,vim_tiny,cifar10,0.03,10,base.layers.9.mixer,0.977817
1,0,6,vim_tiny,cifar10,0.03,11,base.layers.10.mixer,0.959675
1,0,6,vim_tiny,cifar10,0.03,12,base.layers.11.mixer,0.978136
1,0,6,vim_tiny,cifar10,0.03,13,classifier,0.472730
1,0,7,vim_tiny,cifar10,0.03,0,base.patch_embed,0.993132
1,0,7,vim_tiny,cifar10,0.03,1,base.layers.0.mixer,0.940819
1,0,7,vim_tiny,cifar10,0.03,2,base.layers.1.mixer,0.938777
1,0,7,vim_tiny,cifar10,0.03,3,base.layers.2.mixer,0.869923
1,0,7,vim_tiny,cifar10,0.03,4,base.layers.3.mixer,0.897253
1,0,7,vim_tiny,cifar10,0.03,5,base.layers.4.mixer,0.737764
1,0,7,vim_tiny,cifar10,0.03,6,base.layers.5.mixer,0.856895
1,0,7,vim_tiny,cifar10,0.03,7,base.layers.6.mixer,0.799684
1,0,7,vim_tiny,cifar10,0.03,8,base.layers.7.mixer,0.922622
1,0,7,vim_tiny,cifar10,0.03,9,base.layers.8.mixer,0.929358
1,0,7,vim_tiny,cifar10,0.03,10,base.layers.9.mixer,0.956364
1,0,7,vim_tiny,cifar10,0.03,11,base.layers.10.mixer,0.878627
1,0,7,vim_tiny,cifar10,0.03,12,base.layers.11.mixer,0.945210
1,0,7,vim_tiny,cifar10,0.03,13,classifier,0.147968
1,0,8,vim_tiny,cifar10,0.03,0,base.patch_embed,0.997618
1,0,8,vim_tiny,cifar10,0.03,1,base.layers.0.mixer,0.880154
1,0,8,vim_tiny,cifar10,0.03,2,base.layers.1.mixer,0.951134
1,0,8,vim_tiny,cifar10,0.03,3,base.layers.2.mixer,0.870399
1,0,8,vim_tiny,cifar10,0.03,4,base.layers.3.mixer,0.864033
1,0,8,vim_tiny,cifar10,0.03,5,base.layers.4.mixer,0.621843
1,0,8,vim_tiny,cifar10,0.03,6,base.layers.5.mixer,0.940489
1,0,8,vim_tiny,cifar10,0.03,7,base.layers.6.mixer,0.876746
1,0,8,vim_tiny,cifar10,0.03,8,base.layers.7.mixer,0.910451
1,0,8,vim_tiny,cifar10,0.03,9,base.layers.8.mixer,0.907928
1,0,8,vim_tiny,cifar10,0.03,10,base.layers.9.mixer,0.986556
1,0,8,vim_tiny,cifar10,0.03,11,base.layers.10.mixer,0.845317
1,0,8,vim_tiny,cifar10,0.03,12,base.layers.11.mixer,0.873746
1,0,8,vim_tiny,cifar10,0.03,13,classifier,0.659327
1,0,9,vim_tiny,cifar10,0.03,0,base.patch_embed,0.980644
1,0,9,vim_tiny,cifar10,0.03,1,base.layers.0.mixer,0.611980
1,0,9,vim_tiny,cifar10,0.03,2,base.layers.1.mixer,0.942159
1,0,9,vim_tiny,cifar10,0.03,3,base.layers.2.mixer,0.776954
1,0,9,vim_tiny,cifar10,0.03,4,base.layers.3.mixer,0.736737
1,0,9,vim_tiny,cifar10,0.03,5,base.layers.4.mixer,0.457843
1,0,9,vim_tiny,cifar10,0.03,6,base.layers.5.mixer,0.695510
1,0,9,vim_tiny,cifar10,0.03,7,base.layers.6.mixer,0.868000
1,0,9,vim_tiny,cifar10,0.03,8,base.layers.7.mixer,0.881110
1,0,9,vim_tiny,cifar10,0.03,9,base.layers.8.mixer,0.846341
1,0,9,vim_tiny,cifar10,0.03,10,base.layers.9.mixer,0.910629
1,0,9,vim_tiny,cifar10,0.03,11,base.layers.10.mixer,0.902493
1,0,9,vim_tiny,cifar10,0.03,12,base.layers.11.mixer,0.907730
1,0,9,vim_tiny,cifar10,0.03,13,classifier,0.182195
1,1,2,vim_tiny,cifar10,0.03,0,base.patch_embed,0.993339
1,1,2,vim_tiny,cifar10,0.03,1,base.layers.0.mixer,0.874095
1,1,2,vim_tiny,cifar10,0.03,2,base.layers.1.mixer,0.774357
1,1,2,vim_tiny,cifar10,0.03,3,base.layers.2.mixer,0.800084
1,1,2,vim_tiny,cifar10,0.03,4,base.layers.3.mixer,0.558960
1,1,2,vim_tiny,cifar10,0.03,5,base.layers.4.mixer,0.381455
1,1,2,vim_tiny,cifar10,0.03,6,base.layers.5.mixer,0.871050
1,1,2,vim_tiny,cifar10,0.03,7,base.layers.6.mixer,0.635134
1,1,2,vim_tiny,cifar10,0.03,8,base.layers.7.mixer,0.805236
1,1,2,vim_tiny,cifar10,0.03,9,base.layers.8.mixer,0.909499
1,1,2,vim_tiny,cifar10,0.03,10,base.layers.9.mixer,0.954476
1,1,2,vim_tiny,cifar10,0.03,11,base.layers.10.mixer,0.932294
1,1,2,vim_tiny,cifar10,0.03,12,base.layers.11.mixer,0.770592
1,1,2,vim_tiny,cifar10,0.03,13,classifier,0.363014
1,1,3,vim_tiny,cifar10,0.03,0,base.patch_embed,0.995044
1,1,3,vim_tiny,cifar10,0.03,1,base.layers.0.mixer,0.913300
1,1,3,vim_tiny,cifar10,0.03,2,base.layers.1.mixer,0.834242
1,1,3,vim_tiny,cifar10,0.03,3,base.layers.2.mixer,0.858651
1,1,3,vim_tiny,cifar10,0.03,4,base.layers.3.mixer,0.599945
1,1,3,vim_tiny,cifar10,0.03,5,base.layers.4.mixer,0.517441
1,1,3,vim_tiny,cifar10,0.03,6,base.layers.5.mixer,0.848554
1,1,3,vim_tiny,cifar10,0.03,7,base.layers.6.mixer,0.715178
1,1,3,vim_tiny,cifar10,0.03,8,base.layers.7.mixer,0.867661
1,1,3,vim_tiny,cifar10,0.03,9,base.layers.8.mixer,0.890014
1,1,3,vim_tiny,cifar10,0.03,10,base.layers.9.mixer,0.979822
1,1,3,vim_tiny,cifar10,0.03,11,base.layers.10.mixer,0.830777
1,1,3,vim_tiny,cifar10,0.03,12,base.layers.11.mixer,0.554528
1,1,3,vim_tiny,cifar10,0.03,13,classifier,0.407788
1,1,4,vim_tiny,cifar10,0.03,0,base.patch_embed,0.994652
1,1,4,vim_tiny,cifar10,0.03,1,base.layers.0.mixer,0.690733
1,1,4,vim_tiny,cifar10,0.03,2,base.layers.1.mixer,0.853292
1,1,4,vim_tiny,cifar10,0.03,3,base.layers.2.mixer,0.862612
1,1,4,vim_tiny,cifar10,0.03,4,base.layers.3.mixer,0.710467
1,1,4,vim_tiny,cifar10,0.03,5,base.layers.4.mixer,0.308097
1,1,4,vim_tiny,cifar10,0.03,6,base.layers.5.mixer,0.768284
1,1,4,vim_tiny,cifar10,0.03,7,base.layers.6.mixer,0.594941
1,1,4,vim_tiny,cifar10,0.03,8,base.layers.7.mixer,0.829102
1,1,4,vim_tiny,cifar10,0.03,9,base.layers.8.mixer,0.909147
1,1,4,vim_tiny,cifar10,0.03,10,base.layers.9.mixer,0.779776
1,1,4,vim_tiny,cifar10,0.03,11,base.layers.10.mixer,0.809851
1,1,4,vim_tiny,cifar10,0.03,12,base.layers.11.mixer,0.680739
1,1,4,vim_tiny,cifar10,0.03,13,classifier,0.562062
1,1,5,vim_tiny,cifar10,0.03,0,base.patch_embed,0.997145
1,1,5,vim_tiny,cifar10,0.03,1,base.layers.0.mixer,0.970360
1,1,5,vim_tiny,cifar10,0.03,2,base.layers.1.mixer,0.818513
1,1,5,vim_tiny,cifar10,0.03,3,base.layers.2.mixer,0.818790
1,1,5,vim_tiny,cifar10,0.03,4,base.layers.3.mixer,0.724761
1,1,5,vim_tiny,cifar10,0.03,5,base.layers.4.mixer,0.867818
1,1,5,vim_tiny,cifar10,0.03,6,base.layers.5.mixer,0.747214
1,1,5,vim_tiny,cifar10,0.03,7,base.layers.6.mixer,0.559480
1,1,5,vim_tiny,cifar10,0.03,8,base.layers.7.mixer,0.756398
1,1,5,vim_tiny,cifar10,0.03,9,base.layers.8.mixer,0.740379
1,1,5,vim_tiny,cifar10,0.03,10,base.layers.9.mixer,0.968010
1,1,5,vim_tiny,cifar10,0.03,11,base.layers.10.mixer,0.927243
1,1,5,vim_tiny,cifar10,0.03,12,base.layers.11.mixer,0.885032
1,1,5,vim_tiny,cifar10,0.03,13,classifier,0.534361
1,1,6,vim_tiny,cifar10,0.03,0,base.patch_embed,0.994771
1,1,6,vim_tiny,cifar10,0.03,1,base.layers.0.mixer,0.951002
1,1,6,vim_tiny,cifar10,0.03,2,base.layers.1.mixer,0.808120
1,1,6,vim_tiny,cifar10,0.03,3,base.layers.2.mixer,0.910200
1,1,6,vim_tiny,cifar10,0.03,4,base.layers.3.mixer,0.681723
1,1,6,vim_tiny,cifar10,0.03,5,base.layers.4.mixer,0.483658
1,1,6,vim_tiny,cifar10,0.03,6,base.layers.5.mixer,0.924347
1,1,6,vim_tiny,cifar10,0.03,7,base.layers.6.mixer,0.730364
1,1,6,vim_tiny,cifar10,0.03,8,base.layers.7.mixer,0.878168
1,1,6,vim_tiny,cifar10,0.03,9,base.layers.8.mixer,0.908940
1,1,6,vim_tiny,cifar10,0.03,10,base.layers.9.mixer,0.984646
1,1,6,vim_tiny,cifar10,0.03,11,base.layers.10.mixer,0.900391
1,1,6,vim_tiny,cifar10,0.03,12,base.layers.11.mixer,0.616468
1,1,6,vim_tiny,cifar10,0.03,13,classifier,0.470829
1,1,7,vim_tiny,cifar10,0.03,0,base.patch_embed,0.993271
1,1,7,vim_tiny,cifar10,0.03,1,base.layers.0.mixer,0.902493
1,1,7,vim_tiny,cifar10,0.03,2,base.layers.1.mixer,0.800360
1,1,7,vim_tiny,cifar10,0.03,3,base.layers.2.mixer,0.820430
1,1,7,vim_tiny,cifar10,0.03,4,base.layers.3.mixer,0.803399
1,1,7,vim_tiny,cifar10,0.03,5,base.layers.4.mixer,0.433740
1,1,7,vim_tiny,cifar10,0.03,6,base.layers.5.mixer,0.947315
1,1,7,vim_tiny,cifar10,0.03,7,base.layers.6.mixer,0.820245
1,1,7,vim_tiny,cifar10,0.03,8,base.layers.7.mixer,0.812046
1,1,7,vim_tiny,cifar10,0.03,9,base.layers.8.mixer,0.871960
1,1,7,vim_tiny,cifar10,0.03,10,base.layers.9.mixer,0.964351
1,1,7,vim_tiny,cifar10,0.03,11,base.layers.10.mixer,0.870265
1,1,7,vim_tiny,cifar10,0.03,12,base.layers.11.mixer,0.676445
1,1,7,vim_tiny,cifar10,0.03,13,classifier,0.329311
1,1,8,vim_tiny,cifar10,0.03,0,base.patch_embed,0.994640
1,1,8,vim_tiny,cifar10,0.03,1,base.layers.0.mixer,0.911227
1,1,8,vim_tiny,cifar10,0.03,2,base.layers.1.mixer,0.794311
1,1,8,vim_tiny,cifar10,0.03,3,base.layers.2.mixer,0.962516
1,1,8,vim_tiny,cifar10,0.03,4,base.layers.3.mixer,0.742197
1,1,8,vim_tiny,cifar10,0.03,5,base.layers.4.mixer,0.723788
1,1,8,vim_tiny,cifar10,0.03,6,base.layers.5.mixer,0.910283
1,1,8,vim_tiny,cifar10,0.03,7,base.layers.6.mixer,0.663323
1,1,8,vim_tiny,cifar10,0.03,8,base.layers.7.mixer,0.868390
1,1,8,vim_tiny,cifar10,0.03,9,base.layers.8.mixer,0.919650
1,1,8,vim_tiny,cifar10,0.03,10,base.layers.9.mixer,0.971975
1,1,8,vim_tiny,cifar10,0.03,11,base.layers.10.mixer,0.744426
1,1,8,vim_tiny,cifar10,0.03,12,base.layers.11.mixer,0.640790
1,1,8,vim_tiny,cifar10,0.03,13,classifier,0.383126
1,1,9,vim_tiny,cifar10,0.03,0,base.patch_embed,0.969211
1,1,9,vim_tiny,cifar10,0.03,1,base.layers.0.mixer,0.751305
1,1,9,vim_tiny,cifar10,0.03,2,base.layers.1.mixer,0.786560
1,1,9,vim_tiny,cifar10,0.03,3,base.layers.2.mixer,0.735651
1,1,9,vim_tiny,cifar10,0.03,4,base.layers.3.mixer,0.853271
1,1,9,vim_tiny,cifar10,0.03,5,base.layers.4.mixer,0.738037
1,1,9,vim_tiny,cifar10,0.03,6,base.layers.5.mixer,0.675730
1,1,9,vim_tiny,cifar10,0.03,7,base.layers.6.mixer,0.592836
1,1,9,vim_tiny,cifar10,0.03,8,base.layers.7.mixer,0.685217
1,1,9,vim_tiny,cifar10,0.03,9,base.layers.8.mixer,0.900470
1,1,9,vim_tiny,cifar10,0.03,10,base.layers.9.mixer,0.887346
1,1,9,vim_tiny,cifar10,0.03,11,base.layers.10.mixer,0.831453
1,1,9,vim_tiny,cifar10,0.03,12,base.layers.11.mixer,0.609028
1,1,9,vim_tiny,cifar10,0.03,13,classifier,0.363240
1,2,3,vim_tiny,cifar10,0.03,0,base.patch_embed,0.999735
1,2,3,vim_tiny,cifar10,0.03,1,base.layers.0.mixer,0.846817
1,2,3,vim_tiny,cifar10,0.03,2,base.layers.1.mixer,0.901721
1,2,3,vim_tiny,cifar10,0.03,3,base.layers.2.mixer,0.924789
1,2,3,vim_tiny,cifar10,0.03,4,base.layers.3.mixer,0.906399
1,2,3,vim_tiny,cifar10,0.03,5,base.layers.4.mixer,0.819238
1,2,3,vim_tiny,cifar10,0.03,6,base.layers.5.mixer,0.864202
1,2,3,vim_tiny,cifar10,0.03,7,base.layers.6.mixer,0.969347
1,2,3,vim_tiny,cifar10,0.03,8,base.layers.7.mixer,0.929566
1,2,3,vim_tiny,cifar10,0.03,9,base.layers.8.mixer,0.974859
1,2,3,vim_tiny,cifar10,0.03,10,base.layers.9.mixer,0.977173
1,2,3,vim_tiny,cifar10,0.03,11,base.layers.10.mixer,0.910776
1,2,3,vim_tiny,cifar10,0.03,12,base.layers.11.mixer,0.640299
1,2,3,vim_tiny,cifar10,0.03,13,classifier,0.724570
1,2,4,vim_tiny,cifar10,0.03,0,base.patch_embed,0.999302
1,2,4,vim_tiny,cifar10,0.03,1,base.layers.0.mixer,0.726807
1,2,4,vim_tiny,cifar10,0.03,2,base.layers.1.mixer,0.935885
1,2,4,vim_tiny,cifar10,0.03,3,base.layers.2.mixer,0.783802
1,2,4,vim_tiny,cifar10,0.03,4,base.layers.3.mixer,0.797092
1,2,4,vim_tiny,cifar10,0.03,5,base.layers.4.mixer,0.928360
1,2,4,vim_tiny,cifar10,0.03,6,base.layers.5.mixer,0.857589
1,2,4,vim_tiny,cifar10,0.03,7,base.layers.6.mixer,0.950360
1,2,4,vim_tiny,cifar10,0.03,8,base.layers.7.mixer,0.962850
1,2,4,vim_tiny,cifar10,0.03,9,base.layers.8.mixer,0.875016
1,2,4,vim_tiny,cifar10,0.03,10,base.layers.9.mixer,0.851078
1,2,4,vim_tiny,cifar10,0.03,11,base.layers.10.mixer,0.791820
1,2,4,vim_tiny,cifar10,0.03,12,base.layers.11.mixer,0.638111
1,2,4,vim_tiny,cifar10,0.03,13,classifier,0.666796
1,2,5,vim_tiny,cifar10,0.03,0,base.patch_embed,0.997799
1,2,5,vim_tiny,cifar10,0.03,1,base.layers.0.mixer,0.879192
1,2,5,vim_tiny,cifar10,0.03,2,base.layers.1.mixer,0.881162
1,2,5,vim_tiny,cifar10,0.03,3,base.layers.2.mixer,0.914188
1,2,5,vim_tiny,cifar10,0.03,4,base.layers.3.mixer,0.881895
1,2,5,vim_tiny,cifar10,0.03,5,base.layers.4.mixer,0.378461
1,2,5,vim_tiny,cifar10,0.03,6,base.layers.5.mixer,0.797894
1,2,5,vim_tiny,cifar10,0.03,7,base.layers.6.mixer,0.914086
1,2,5,vim_tiny,cifar10,0.03,8,base.layers.7.mixer,0.921783
1,2,5,vim_tiny,cifar10,0.03,9,base.layers.8.mixer,0.906796
1,2,5,vim_tiny,cifar10,0.03,10,base.layers.9.mixer,0.925476
1,2,5,vim_tiny,cifar10,0.03,11,base.layers.10.mixer,0.899704
1,2,5,vim_tiny,cifar10,0.03,12,base.layers.11.mixer,0.938359
1,2,5,vim_tiny,cifar10,0.03,13,classifier,0.590702
1,2,6,vim_tiny,cifar10,0.03,0,base.patch_embed,0.999736
1,2,6,vim_tiny,cifar10,0.03,1,base.layers.0.mixer,0.879131
1,2,6,vim_tiny,cifar10,0.03,2,base.layers.1.mixer,0.892918
1,2,6,vim_tiny,cifar10,0.03,3,base.layers.2.mixer,0.925204
1,2,6,vim_tiny,cifar10,0.03,4,base.layers.3.mixer,0.901613
1,2,6,vim_tiny,cifar10,0.03,5,base.layers.4.mixer,0.846770
1,2,6,vim_tiny,cifar10,0.03,6,base.layers.5.mixer,0.922396
1,2,6,vim_tiny,cifar10,0.03,7,base.layers.6.mixer,0.967777
1,2,6,vim_tiny,cifar10,0.03,8,base.layers.7.mixer,0.939206
1,2,6,vim_tiny,cifar10,0.03,9,base.layers.8.mixer,0.963980
1,2,6,vim_tiny,cifar10,0.03,10,base.layers.9.mixer,0.967601
1,2,6,vim_tiny,cifar10,0.03,11,base.layers.10.mixer,0.962498
1,2,6,vim_tiny,cifar10,0.03,12,base.layers.11.mixer,0.651509
1,2,6,vim_tiny,cifar10,0.03,13,classifier,0.638855
1,2,7,vim_tiny,cifar10,0.03,0,base.patch_embed,0.995325
1,2,7,vim_tiny,cifar10,0.03,1,base.layers.0.mixer,0.781603
1,2,7,vim_tiny,cifar10,0.03,2,base.layers.1.mixer,0.945909
1,2,7,vim_tiny,cifar10,0.03,3,base.layers.2.mixer,0.957599
1,2,7,vim_tiny,cifar10,0.03,4,base.layers.3.mixer,0.831090
1,2,7,vim_tiny,cifar10,0.03,5,base.layers.4.mixer,0.924710
1,2,7,vim_tiny,cifar10,0.03,6,base.layers.5.mixer,0.901351
1,2,7,vim_tiny,cifar10,0.03,7,base.layers.6.mixer,0.893605
1,2,7,vim_tiny,cifar10,0.03,8,base.layers.7.mixer,0.927386
1,2,7,vim_tiny,cifar10,0.03,9,base.layers.8.mixer,0.966717
1,2,7,vim_tiny,cifar10,0.03,10,base.layers.9.mixer,0.957487
1,2,7,vim_tiny,cifar10,0.03,11,base.layers.10.mixer,0.946672
1,2,7,vim_tiny,cifar10,0.03,12,base.layers.11.mixer,0.839762
1,2,7,vim_tiny,cifar10,0.03,13,classifier,0.287102
1,2,8,vim_tiny,cifar10,0.03,0,base.patch_embed,0.998651
1,2,8,vim_tiny,cifar10,0.03,1,base.layers.0.mixer,0.943094
1,2,8,vim_tiny,cifar10,0.03,2,base.layers.1.mixer,0.961573
1,2,8,vim_tiny,cifar10,0.03,3,base.layers.2.mixer,0.842878
1,2,8,vim_tiny,cifar10,0.03,4,base.layers.3.mixer,0.894701
1,2,8,vim_tiny,cifar10,0.03,5,base.layers.4.mixer,0.694544
1,2,8,vim_tiny,cifar10,0.03,6,base.layers.5.mixer,0.959805
1,2,8,vim_tiny,cifar10,0.03,7,base.layers.6.mixer,0.981215
1,2,8,vim_tiny,cifar10,0.03,8,base.layers.7.mixer,0.949614
1,2,8,vim_tiny,cifar10,0.03,9,base.layers.8.mixer,0.963567
1,2,8,vim_tiny,cifar10,0.03,10,base.layers.9.mixer,0.964936
1,2,8,vim_tiny,cifar10,0.03,11,base.layers.10.mixer,0.821158
1,2,8,vim_tiny,cifar10,0.03,12,base.layers.11.mixer,0.890716
1,2,8,vim_tiny,cifar10,0.03,13,classifier,0.655923
1,2,9,vim_tiny,cifar10,0.03,0,base.patch_embed,0.983592
1,2,9,vim_tiny,cifar10,0.03,1,base.layers.0.mixer,0.861404
1,2,9,vim_tiny,cifar10,0.03,2,base.layers.1.mixer,0.919676
1,2,9,vim_tiny,cifar10,0.03,3,base.layers.2.mixer,0.914034
1,2,9,vim_tiny,cifar10,0.03,4,base.layers.3.mixer,0.635688
1,2,9,vim_tiny,cifar10,0.03,5,base.layers.4.mixer,0.341952
1,2,9,vim_tiny,cifar10,0.03,6,base.layers.5.mixer,0.669244
1,2,9,vim_tiny,cifar10,0.03,7,base.layers.6.mixer,0.889980
1,2,9,vim_tiny,cifar10,0.03,8,base.layers.7.mixer,0.862660
1,2,9,vim_tiny,cifar10,0.03,9,base.layers.8.mixer,0.907407
1,2,9,vim_tiny,cifar10,0.03,10,base.layers.9.mixer,0.916018
1,2,9,vim_tiny,cifar10,0.03,11,base.layers.10.mixer,0.914354
1,2,9,vim_tiny,cifar10,0.03,12,base.layers.11.mixer,0.736278
1,2,9,vim_tiny,cifar10,0.03,13,classifier,0.236304
1,3,4,vim_tiny,cifar10,0.03,0,base.patch_embed,0.999830
1,3,4,vim_tiny,cifar10,0.03,1,base.layers.0.mixer,0.639829
1,3,4,vim_tiny,cifar10,0.03,2,base.layers.1.mixer,0.944324
1,3,4,vim_tiny,cifar10,0.03,3,base.layers.2.mixer,0.807186
1,3,4,vim_tiny,cifar10,0.03,4,base.layers.3.mixer,0.827179
1,3,4,vim_tiny,cifar10,0.03,5,base.layers.4.mixer,0.841014
1,3,4,vim_tiny,cifar10,0.03,6,base.layers.5.mixer,0.818658
1,3,4,vim_tiny,cifar10,0.03,7,base.layers.6.mixer,0.939683
1,3,4,vim_tiny,cifar10,0.03,8,base.layers.7.mixer,0.934703
1,3,4,vim_tiny,cifar10,0.03,9,base.layers.8.mixer,0.896796
1,3,4,vim_tiny,cifar10,0.03,10,base.layers.9.mixer,0.801821
1,3,4,vim_tiny,cifar10,0.03,11,base.layers.10.mixer,0.647235
1,3,4,vim_tiny,cifar10,0.03,12,base.layers.11.mixer,0.930899
1,3,4,vim_tiny,cifar10,0.03,13,classifier,0.675562
1,3,5,vim_tiny,cifar10,0.03,0,base.patch_embed,0.999027
1,3,5,vim_tiny,cifar10,0.03,1,base.layers.0.mixer,0.935614
1,3,5,vim_tiny,cifar10,0.03,2,base.layers.1.mixer,0.922409
1,3,5,vim_tiny,cifar10,0.03,3,base.layers.2.mixer,0.931237
1,3,5,vim_tiny,cifar10,0.03,4,base.layers.3.mixer,0.944572
1,3,5,vim_tiny,cifar10,0.03,5,base.layers.4.mixer,0.571416
1,3,5,vim_tiny,cifar10,0.03,6,base.layers.5.mixer,0.895729
1,3,5,vim_tiny,cifar10,0.03,7,base.layers.6.mixer,0.911314
1,3,5,vim_tiny,cifar10,0.03,8,base.layers.7.mixer,0.904903
1,3,5,vim_tiny,cifar10,0.03,9,base.layers.8.mixer,0.931848
1,3,5,vim_tiny,cifar10,0.03,10,base.layers.9.mixer,0.975831
1,3,5,vim_tiny,cifar10,0.03,11,base.layers.10.mixer,0.803478
1,3,5,vim_tiny,cifar10,0.03,12,base.layers.11.mixer,0.533170
1,3,5,vim_tiny,cifar10,0.03,13,classifier,0.682011
1,3,6,vim_tiny,cifar10,0.03,0,base.patch_embed,0.999958
1,3,6,vim_tiny,cifar10,0.03,1,base.layers.0.mixer,0.974488
1,3,6,vim_tiny,cifar10,0.03,2,base.layers.1.mixer,0.983776
1,3,6,vim_tiny,cifar10,0.03,3,base.layers.2.mixer,0.987510
1,3,6,vim_tiny,cifar10,0.03,4,base.layers.3.mixer,0.985693
1,3,6,vim_tiny,cifar10,0.03,5,base.layers.4.mixer,0.983698
1,3,6,vim_tiny,cifar10,0.03,6,base.layers.5.mixer,0.931626
1,3,6,vim_tiny,cifar10,0.03,7,base.layers.6.mixer,0.993612
1,3,6,vim_tiny,cifar10,0.03,8,base.layers.7.mixer,0.992588
1,3,6,vim_tiny,cifar10,0.03,9,base.layers.8.mixer,0.992230
1,3,6,vim_tiny,cifar10,0.03,10,base.layers.9.mixer,0.996227
1,3,6,vim_tiny,cifar10,0.03,11,base.layers.10.mixer,0.979898
1,3,6,vim_tiny,cifar10,0.03,12,base.layers.11.mixer,0.988174
1,3,6,vim_tiny,cifar10,0.03,13,classifier,0.577409
1,3,7,vim_tiny,cifar10,0.03,0,base.patch_embed,0.995228
1,3,7,vim_tiny,cifar10,0.03,1,base.layers.0.mixer,0.837527
1,3,7,vim_tiny,cifar10,0.03,2,base.layers.1.mixer,0.909161
1,3,7,vim_tiny,cifar10,0.03,3,base.layers.2.mixer,0.927695
1,3,7,vim_tiny,cifar10,0.03,4,base.layers.3.mixer,0.882654
1,3,7,vim_tiny,cifar10,0.03,5,base.layers.4.mixer,0.891931
1,3,7,vim_tiny,cifar10,0.03,6,base.layers.5.mixer,0.843936
1,3,7,vim_tiny,cifar10,0.03,7,base.layers.6.mixer,0.922137
1,3,7,vim_tiny,cifar10,0.03,8,base.layers.7.mixer,0.884714
1,3,7,vim_tiny,cifar10,0.03,9,base.layers.8.mixer,0.968154
1,3,7,vim_tiny,cifar10,0.03,10,base.layers.9.mixer,0.963354
1,3,7,vim_tiny,cifar10,0.03,11,base.layers.10.mixer,0.831794
1,3,7,vim_tiny,cifar10,0.03,12,base.layers.11.mixer,0.914830
1,3,7,vim_tiny,cifar10,0.03,13,classifier,0.332350
1,3,8,vim_tiny,cifar10,0.03,0,base.patch_embed,0.998683
1,3,8,vim_tiny,cifar10,0.03,1,base.layers.0.mixer,0.865409
1,3,8,vim_tiny,cifar10,0.03,2,base.layers.1.mixer,0.942914
1,3,8,vim_tiny,cifar10,0.03,3,base.layers.2.mixer,0.917503
1,3,8,vim_tiny,cifar10,0.03,4,base.layers.3.mixer,0.916066
1,3,8,vim_tiny,cifar10,0.03,5,base.layers.4.mixer,0.603614
1,3,8,vim_tiny,cifar10,0.03,6,base.layers.5.mixer,0.930665
1,3,8,vim_tiny,cifar10,0.03,7,base.layers.6.mixer,0.982276
1,3,8,vim_tiny,cifar10,0.03,8,base.layers.7.mixer,0.972056
1,3,8,vim_tiny,cifar10,0.03,9,base.layers.8.mixer,0.972637
1,3,8,vim_tiny,cifar10,0.03,10,base.layers.9.mixer,0.978596
1,3,8,vim_tiny,cifar10,0.03,11,base.layers.10.mixer,0.845385
1,3,8,vim_tiny,cifar10,0.03,12,base.layers.11.mixer,0.843746
1,3,8,vim_tiny,cifar10,0.03,13,classifier,0.688261
1,3,9,vim_tiny,cifar10,0.03,0,base.patch_embed,0.981239
1,3,9,vim_tiny,cifar10,0.03,1,base.layers.0.mixer,0.734932
1,3,9,vim_tiny,cifar10,0.03,2,base.layers.1.mixer,0.915416
1,3,9,vim_tiny,cifar10,0.03,3,base.layers.2.mixer,0.878014
1,3,9,vim_tiny,cifar10,0.03,4,base.layers.3.mixer,0.695614
1,3,9,vim_tiny,cifar10,0.03,5,base.layers.4.mixer,0.294034
1,3,9,vim_tiny,cifar10,0.03,6,base.layers.5.mixer,0.624197
1,3,9,vim_tiny,cifar10,0.03,7,base.layers.6.mixer,0.865929
1,3,9,vim_tiny,cifar10,0.03,8,base.layers.7.mixer,0.809312
1,3,9,vim_tiny,cifar10,0.03,9,base.layers.8.mixer,0.897954
1,3,9,vim_tiny,cifar10,0.03,10,base.layers.9.mixer,0.904421
1,3,9,vim_tiny,cifar10,0.03,11,base.layers.10.mixer,0.864677
1,3,9,vim_tiny,cifar10,0.03,12,base.layers.11.mixer,0.893107
1,3,9,vim_tiny,cifar10,0.03,13,classifier,0.203575
1,4,5,vim_tiny,cifar10,0.03,0,base.patch_embed,0.999353
1,4,5,vim_tiny,cifar10,0.03,1,base.layers.0.mixer,0.672631
1,4,5,vim_tiny,cifar10,0.03,2,base.layers.1.mixer,0.951492
1,4,5,vim_tiny,cifar10,0.03,3,base.layers.2.mixer,0.726865
1,4,5,vim_tiny,cifar10,0.03,4,base.layers.3.mixer,0.810149
1,4,5,vim_tiny,cifar10,0.03,5,base.layers.4.mixer,0.353037
1,4,5,vim_tiny,cifar10,0.03,6,base.layers.5.mixer,0.640966
1,4,5,vim_tiny,cifar10,0.03,7,base.layers.6.mixer,0.882956
1,4,5,vim_tiny,cifar10,0.03,8,base.layers.7.mixer,0.912252
1,4,5,vim_tiny,cifar10,0.03,9,base.layers.8.mixer,0.793657
1,4,5,vim_tiny,cifar10,0.03,10,base.layers.9.mixer,0.699596
1,4,5,vim_tiny,cifar10,0.03,11,base.layers.10.mixer,0.840020
1,4,5,vim_tiny,cifar10,0.03,12,base.layers.11.mixer,0.607811
1,4,5,vim_tiny,cifar10,0.03,13,classifier,0.870474
1,4,6,vim_tiny,cifar10,0.03,0,base.patch_embed,0.999766
1,4,6,vim_tiny,cifar10,0.03,1,base.layers.0.mixer,0.698636
1,4,6,vim_tiny,cifar10,0.03,2,base.layers.1.mixer,0.914297
1,4,6,vim_tiny,cifar10,0.03,3,base.layers.2.mixer,0.854044
1,4,6,vim_tiny,cifar10,0.03,4,base.layers.3.mixer,0.832081
1,4,6,vim_tiny,cifar10,0.03,5,base.layers.4.mixer,0.863208
1,4,6,vim_tiny,cifar10,0.03,6,base.layers.5.mixer,0.899710
1,4,6,vim_tiny,cifar10,0.03,7,base.layers.6.mixer,0.932895
1,4,6,vim_tiny,cifar10,0.03,8,base.layers.7.mixer,0.956138
1,4,6,vim_tiny,cifar10,0.03,9,base.layers.8.mixer,0.923553
1,4,6,vim_tiny,cifar10,0.03,10,base.layers.9.mixer,0.785440
1,4,6,vim_tiny,cifar10,0.03,11,base.layers.10.mixer,0.746709
1,4,6,vim_tiny,cifar10,0.03,12,base.layers.11.mixer,0.970772
1,4,6,vim_tiny,cifar10,0.03,13,classifier,0.811718
1,4,7,vim_tiny,cifar10,0.03,0,base.patch_embed,0.994018
1,4,7,vim_tiny,cifar10,0.03,1,base.layers.0.mixer,0.640344
1,4,7,vim_tiny,cifar10,0.03,2,base.layers.1.mixer,0.916935
1,4,7,vim_tiny,cifar10,0.03,3,base.layers.2.mixer,0.754428
1,4,7,vim_tiny,cifar10,0.03,4,base.layers.3.mixer,0.794048
1,4,7,vim_tiny,cifar10,0.03,5,base.layers.4.mixer,0.944139
1,4,7,vim_tiny,cifar10,0.03,6,base.layers.5.mixer,0.847482
1,4,7,vim_tiny,cifar10,0.03,7,base.layers.6.mixer,0.856443
1,4,7,vim_tiny,cifar10,0.03,8,base.layers.7.mixer,0.922115
1,4,7,vim_tiny,cifar10,0.03,9,base.layers.8.mixer,0.874151
1,4,7,vim_tiny,cifar10,0.03,10,base.layers.9.mixer,0.842797
1,4,7,vim_tiny,cifar10,0.03,11,base.layers.10.mixer,0.858231
1,4,7,vim_tiny,cifar10,0.03,12,base.layers.11.mixer,0.850802
1,4,7,vim_tiny,cifar10,0.03,13,classifier,0.344327
1,4,8,vim_tiny,cifar10,0.03,0,base.patch_embed,0.998016
1,4,8,vim_tiny,cifar10,0.03,1,base.layers.0.mixer,0.792086
1,4,8,vim_tiny,cifar10,0.03,2,base.layers.1.mixer,0.929243
1,4,8,vim_tiny,cifar10,0.03,3,base.layers.2.mixer,0.902488
1,4,8,vim_tiny,cifar10,0.03,4,base.layers.3.mixer,0.877536
1,4,8,vim_tiny,cifar10,0.03,5,base.layers.4.mixer,0.652932
1,4,8,vim_tiny,cifar10,0.03,6,base.layers.5.mixer,0.906720
1,4,8,vim_tiny,cifar10,0.03,7,base.layers.6.mixer,0.940382
1,4,8,vim_tiny,cifar10,0.03,8,base.layers.7.mixer,0.950848
1,4,8,vim_tiny,cifar10,0.03,9,base.layers.8.mixer,0.942759
1,4,8,vim_tiny,cifar10,0.03,10,base.layers.9.mixer,0.864650
1,4,8,vim_tiny,cifar10,0.03,11,base.layers.10.mixer,0.781700
1,4,8,vim_tiny,cifar10,0.03,12,base.layers.11.mixer,0.782333
1,4,8,vim_tiny,cifar10,0.03,13,classifier,0.704281
1,4,9,vim_tiny,cifar10,0.03,0,base.patch_embed,0.978961
1,4,9,vim_tiny,cifar10,0.03,1,base.layers.0.mixer,0.648926
1,4,9,vim_tiny,cifar10,0.03,2,base.layers.1.mixer,0.966533
1,4,9,vim_tiny,cifar10,0.03,3,base.layers.2.mixer,0.657520
1,4,9,vim_tiny,cifar10,0.03,4,base.layers.3.mixer,0.714586
1,4,9,vim_tiny,cifar10,0.03,5,base.layers.4.mixer,0.299601
1,4,9,vim_tiny,cifar10,0.03,6,base.layers.5.mixer,0.771124
1,4,9,vim_tiny,cifar10,0.03,7,base.layers.6.mixer,0.801109
1,4,9,vim_tiny,cifar10,0.03,8,base.layers.7.mixer,0.822788
1,4,9,vim_tiny,cifar10,0.03,9,base.layers.8.mixer,0.837768
1,4,9,vim_tiny,cifar10,0.03,10,base.layers.9.mixer,0.826576
1,4,9,vim_tiny,cifar10,0.03,11,base.layers.10.mixer,0.699794
1,4,9,vim_tiny,cifar10,0.03,12,base.layers.11.mixer,0.865803
1,4,9,vim_tiny,cifar10,0.03,13,classifier,0.215432
1,5,6,vim_tiny,cifar10,0.03,0,base.patch_embed,0.998837
1,5,6,vim_tiny,cifar10,0.03,1,base.layers.0.mixer,0.964654
1,5,6,vim_tiny,cifar10,0.03,2,base.layers.1.mixer,0.915288
1,5,6,vim_tiny,cifar10,0.03,3,base.layers.2.mixer,0.941107
1,5,6,vim_tiny,cifar10,0.03,4,base.layers.3.mixer,0.976220
1,5,6,vim_tiny,cifar10,0.03,5,base.layers.4.mixer,0.529418
1,5,6,vim_tiny,cifar10,0.03,6,base.layers.5.mixer,0.767784
1,5,6,vim_tiny,cifar10,0.03,7,base.layers.6.mixer,0.903219
1,5,6,vim_tiny,cifar10,0.03,8,base.layers.7.mixer,0.919106
1,5,6,vim_tiny,cifar10,0.03,9,base.layers.8.mixer,0.912723
1,5,6,vim_tiny,cifar10,0.03,10,base.layers.9.mixer,0.978223
1,5,6,vim_tiny,cifar10,0.03,11,base.layers.10.mixer,0.856955
1,5,6,vim_tiny,cifar10,0.03,12,base.layers.11.mixer,0.575665
1,5,6,vim_tiny,cifar10,0.03,13,classifier,0.765301
1,5,7,vim_tiny,cifar10,0.03,0,base.patch_embed,0.993373
1,5,7,vim_tiny,cifar10,0.03,1,base.layers.0.mixer,0.898548
1,5,7,vim_tiny,cifar10,0.03,2,base.layers.1.mixer,0.868981
1,5,7,vim_tiny,cifar10,0.03,3,base.layers.2.mixer,0.874485
1,5,7,vim_tiny,cifar10,0.03,4,base.layers.3.mixer,0.953353
1,5,7,vim_tiny,cifar10,0.03,5,base.layers.4.mixer,0.472770
1,5,7,vim_tiny,cifar10,0.03,6,base.layers.5.mixer,0.676645
1,5,7,vim_tiny,cifar10,0.03,7,base.layers.6.mixer,0.809407
1,5,7,vim_tiny,cifar10,0.03,8,base.layers.7.mixer,0.889695
1,5,7,vim_tiny,cifar10,0.03,9,base.layers.8.mixer,0.923388
1,5,7,vim_tiny,cifar10,0.03,10,base.layers.9.mixer,0.919162
1,5,7,vim_tiny,cifar10,0.03,11,base.layers.10.mixer,0.858741
1,5,7,vim_tiny,cifar10,0.03,12,base.layers.11.mixer,0.734377
1,5,7,vim_tiny,cifar10,0.03,13,classifier,0.294925
1,5,8,vim_tiny,cifar10,0.03,0,base.patch_embed,0.997034
1,5,8,vim_tiny,cifar10,0.03,1,base.layers.0.mixer,0.913168
1,5,8,vim_tiny,cifar10,0.03,2,base.layers.1.mixer,0.880199
1,5,8,vim_tiny,cifar10,0.03,3,base.layers.2.mixer,0.852743
1,5,8,vim_tiny,cifar10,0.03,4,base.layers.3.mixer,0.931802
1,5,8,vim_tiny,cifar10,0.03,5,base.layers.4.mixer,0.687829
1,5,8,vim_tiny,cifar10,0.03,6,base.layers.5.mixer,0.819153
1,5,8,vim_tiny,cifar10,0.03,7,base.layers.6.mixer,0.904051
1,5,8,vim_tiny,cifar10,0.03,8,base.layers.7.mixer,0.940419
1,5,8,vim_tiny,cifar10,0.03,9,base.layers.8.mixer,0.881564
1,5,8,vim_tiny,cifar10,0.03,10,base.layers.9.mixer,0.939933
1,5,8,vim_tiny,cifar10,0.03,11,base.layers.10.mixer,0.757385
1,5,8,vim_tiny,cifar10,0.03,12,base.layers.11.mixer,0.759531
1,5,8,vim_tiny,cifar10,0.03,13,classifier,0.682051
1,5,9,vim_tiny,cifar10,0.03,0,base.patch_embed,0.974182
1,5,9,vim_tiny,cifar10,0.03,1,base.layers.0.mixer,0.759154
1,5,9,vim_tiny,cifar10,0.03,2,base.layers.1.mixer,0.937243
1,5,9,vim_tiny,cifar10,0.03,3,base.layers.2.mixer,0.955627
1,5,9,vim_tiny,cifar10,0.03,4,base.layers.3.mixer,0.838715
1,5,9,vim_tiny,cifar10,0.03,5,base.layers.4.mixer,0.571239
1,5,9,vim_tiny,cifar10,0.03,6,base.layers.5.mixer,0.371747
1,5,9,vim_tiny,cifar10,0.03,7,base.layers.6.mixer,0.882390
1,5,9,vim_tiny,cifar10,0.03,8,base.layers.7.mixer,0.867552
1,5,9,vim_tiny,cifar10,0.03,9,base.layers.8.mixer,0.789930
1,5,9,vim_tiny,cifar10,0.03,10,base.layers.9.mixer,0.838016
1,5,9,vim_tiny,cifar10,0.03,11,base.layers.10.mixer,0.819013
1,5,9,vim_tiny,cifar10,0.03,12,base.layers.11.mixer,0.633604
1,5,9,vim_tiny,cifar10,0.03,13,classifier,0.220120
1,6,7,vim_tiny,cifar10,0.03,0,base.patch_embed,0.995767
1,6,7,vim_tiny,cifar10,0.03,1,base.layers.0.mixer,0.856725
1,6,7,vim_tiny,cifar10,0.03,2,base.layers.1.mixer,0.902210
1,6,7,vim_tiny,cifar10,0.03,3,base.layers.2.mixer,0.925519
1,6,7,vim_tiny,cifar10,0.03,4,base.layers.3.mixer,0.939162
1,6,7,vim_tiny,cifar10,0.03,5,base.layers.4.mixer,0.921971
1,6,7,vim_tiny,cifar10,0.03,6,base.layers.5.mixer,0.954579
1,6,7,vim_tiny,cifar10,0.03,7,base.layers.6.mixer,0.926429
1,6,7,vim_tiny,cifar10,0.03,8,base.layers.7.mixer,0.903108
1,6,7,vim_tiny,cifar10,0.03,9,base.layers.8.mixer,0.963457
1,6,7,vim_tiny,cifar10,0.03,10,base.layers.9.mixer,0.962079
1,6,7,vim_tiny,cifar10,0.03,11,base.layers.10.mixer,0.901697
1,6,7,vim_tiny,cifar10,0.03,12,base.layers.11.mixer,0.910949
1,6,7,vim_tiny,cifar10,0.03,13,classifier,0.152574
1,6,8,vim_tiny,cifar10,0.03,0,base.patch_embed,0.999035
1,6,8,vim_tiny,cifar10,0.03,1,base.layers.0.mixer,0.913533
1,6,8,vim_tiny,cifar10,0.03,2,base.layers.1.mixer,0.953171
1,6,8,vim_tiny,cifar10,0.03,3,base.layers.2.mixer,0.954708
1,6,8,vim_tiny,cifar10,0.03,4,base.layers.3.mixer,0.935878
1,6,8,vim_tiny,cifar10,0.03,5,base.layers.4.mixer,0.644491
1,6,8,vim_tiny,cifar10,0.03,6,base.layers.5.mixer,0.972687
1,6,8,vim_tiny,cifar10,0.03,7,base.layers.6.mixer,0.981936
1,6,8,vim_tiny,cifar10,0.03,8,base.layers.7.mixer,0.984167
1,6,8,vim_tiny,cifar10,0.03,9,base.layers.8.mixer,0.976886
1,6,8,vim_tiny,cifar10,0.03,10,base.layers.9.mixer,0.979969
1,6,8,vim_tiny,cifar10,0.03,11,base.layers.10.mixer,0.860862
1,6,8,vim_tiny,cifar10,0.03,12,base.layers.11.mixer,0.832619
1,6,8,vim_tiny,cifar10,0.03,13,classifier,0.615217
1,6,9,vim_tiny,cifar10,0.03,0,base.patch_embed,0.982411
1,6,9,vim_tiny,cifar10,0.03,1,base.layers.0.mixer,0.810208
1,6,9,vim_tiny,cifar10,0.03,2,base.layers.1.mixer,0.895279
1,6,9,vim_tiny,cifar10,0.03,3,base.layers.2.mixer,0.882205
1,6,9,vim_tiny,cifar10,0.03,4,base.layers.3.mixer,0.787266
1,6,9,vim_tiny,cifar10,0.03,5,base.layers.4.mixer,0.326792
1,6,9,vim_tiny,cifar10,0.03,6,base.layers.5.mixer,0.790541
1,6,9,vim_tiny,cifar10,0.03,7,base.layers.6.mixer,0.875421
1,6,9,vim_tiny,cifar10,0.03,8,base.layers.7.mixer,0.818107
1,6,9,vim_tiny,cifar10,0.03,9,base.layers.8.mixer,0.900381
1,6,9,vim_tiny,cifar10,0.03,10,base.layers.9.mixer,0.898372
1,6,9,vim_tiny,cifar10,0.03,11,base.layers.10.mixer,0.897708
1,6,9,vim_tiny,cifar10,0.03,12,base.layers.11.mixer,0.891859
1,6,9,vim_tiny,cifar10,0.03,13,classifier,0.308788
1,7,8,vim_tiny,cifar10,0.03,0,base.patch_embed,0.998541
1,7,8,vim_tiny,cifar10,0.03,1,base.layers.0.mixer,0.882331
1,7,8,vim_tiny,cifar10,0.03,2,base.layers.1.mixer,0.932828
1,7,8,vim_tiny,cifar10,0.03,3,base.layers.2.mixer,0.869610
1,7,8,vim_tiny,cifar10,0.03,4,base.layers.3.mixer,0.898931
1,7,8,vim_tiny,cifar10,0.03,5,base.layers.4.mixer,0.718741
1,7,8,vim_tiny,cifar10,0.03,6,base.layers.5.mixer,0.938775
1,7,8,vim_tiny,cifar10,0.03,7,base.layers.6.mixer,0.917875
1,7,8,vim_tiny,cifar10,0.03,8,base.layers.7.mixer,0.923193
1,7,8,vim_tiny,cifar10,0.03,9,base.layers.8.mixer,0.963123
1,7,8,vim_tiny,cifar10,0.03,10,base.layers.9.mixer,0.972018
1,7,8,vim_tiny,cifar10,0.03,11,base.layers.10.mixer,0.879403
1,7,8,vim_tiny,cifar10,0.03,12,base.layers.11.mixer,0.954434
1,7,8,vim_tiny,cifar10,0.03,13,classifier,0.243708
1,7,9,vim_tiny,cifar10,0.03,0,base.patch_embed,0.989555
1,7,9,vim_tiny,cifar10,0.03,1,base.layers.0.mixer,0.559543
1,7,9,vim_tiny,cifar10,0.03,2,base.layers.1.mixer,0.918858
1,7,9,vim_tiny,cifar10,0.03,3,base.layers.2.mixer,0.872874
1,7,9,vim_tiny,cifar10,0.03,4,base.layers.3.mixer,0.917576
1,7,9,vim_tiny,cifar10,0.03,5,base.layers.4.mixer,0.360445
1,7,9,vim_tiny,cifar10,0.03,6,base.layers.5.mixer,0.780962
1,7,9,vim_tiny,cifar10,0.03,7,base.layers.6.mixer,0.795947
1,7,9,vim_tiny,cifar10,0.03,8,base.layers.7.mixer,0.871086
1,7,9,vim_tiny,cifar10,0.03,9,base.layers.8.mixer,0.905428
1,7,9,vim_tiny,cifar10,0.03,10,base.layers.9.mixer,0.934122
1,7,9,vim_tiny,cifar10,0.03,11,base.layers.10.mixer,0.923653
1,7,9,vim_tiny,cifar10,0.03,12,base.layers.11.mixer,0.915624
1,7,9,vim_tiny,cifar10,0.03,13,classifier,0.263885
1,8,9,vim_tiny,cifar10,0.03,0,base.patch_embed,0.986924
1,8,9,vim_tiny,cifar10,0.03,1,base.layers.0.mixer,0.807241
1,8,9,vim_tiny,cifar10,0.03,2,base.layers.1.mixer,0.907455
1,8,9,vim_tiny,cifar10,0.03,3,base.layers.2.mixer,0.776389
1,8,9,vim_tiny,cifar10,0.03,4,base.layers.3.mixer,0.781726
1,8,9,vim_tiny,cifar10,0.03,5,base.layers.4.mixer,0.750668
1,8,9,vim_tiny,cifar10,0.03,6,base.layers.5.mixer,0.742564
1,8,9,vim_tiny,cifar10,0.03,7,base.layers.6.mixer,0.874214
1,8,9,vim_tiny,cifar10,0.03,8,base.layers.7.mixer,0.875658
1,8,9,vim_tiny,cifar10,0.03,9,base.layers.8.mixer,0.904360
1,8,9,vim_tiny,cifar10,0.03,10,base.layers.9.mixer,0.933731
1,8,9,vim_tiny,cifar10,0.03,11,base.layers.10.mixer,0.873785
1,8,9,vim_tiny,cifar10,0.03,12,base.layers.11.mixer,0.906470
1,8,9,vim_tiny,cifar10,0.03,13,classifier,0.195025
2,0,1,vim_tiny,cifar10,0.03,0,base.patch_embed,0.977066
2,0,1,vim_tiny,cifar10,0.03,1,base.layers.0.mixer,0.848500
2,0,1,vim_tiny,cifar10,0.03,2,base.layers.1.mixer,0.720880
2,0,1,vim_tiny,cifar10,0.03,3,base.layers.2.mixer,0.925403
2,0,1,vim_tiny,cifar10,0.03,4,base.layers.3.mixer,0.966923
2,0,1,vim_tiny,cifar10,0.03,5,base.layers.4.mixer,0.653866
2,0,1,vim_tiny,cifar10,0.03,6,base.layers.5.mixer,0.901259
2,0,1,vim_tiny,cifar10,0.03,7,base.layers.6.mixer,0.968233
2,0,1,vim_tiny,cifar10,0.03,8,base.layers.7.mixer,0.932732
2,0,1,vim_tiny,cifar10,0.03,9,base.layers.8.mixer,0.749689
2,0,1,vim_tiny,cifar10,0.03,10,base.layers.9.mixer,0.975919
2,0,1,vim_tiny,cifar10,0.03,11,base.layers.10.mixer,0.852012
2,0,1,vim_tiny,cifar10,0.03,12,base.layers.11.mixer,0.958433
2,0,1,vim_tiny,cifar10,0.03,13,classifier,0.622822
2,0,2,vim_tiny,cifar10,0.03,0,base.patch_embed,0.992994
2,0,2,vim_tiny,cifar10,0.03,1,base.layers.0.mixer,0.974603
2,0,2,vim_tiny,cifar10,0.03,2,base.layers.1.mixer,0.721884
2,0,2,vim_tiny,cifar10,0.03,3,base.layers.2.mixer,0.949194
2,0,2,vim_tiny,cifar10,0.03,4,base.layers.3.mixer,0.975801
2,0,2,vim_tiny,cifar10,0.03,5,base.layers.4.mixer,0.628280
2,0,2,vim_tiny,cifar10,0.03,6,base.layers.5.mixer,0.886598
2,0,2,vim_tiny,cifar10,0.03,7,base.layers.6.mixer,0.971596
2,0,2,vim_tiny,cifar10,0.03,8,base.layers.7.mixer,0.905376
2,0,2,vim_tiny,cifar10,0.03,9,base.layers.8.mixer,0.763600
2,0,2,vim_tiny,cifar10,0.03,10,base.layers.9.mixer,0.987750
2,0,2,vim_tiny,cifar10,0.03,11,base.layers.10.mixer,0.936621
2,0,2,vim_tiny,cifar10,0.03,12,base.layers.11.mixer,0.968126
2,0,2,vim_tiny,cifar10,0.03,13,classifier,0.578254
2,0,3,vim_tiny,cifar10,0.03,0,base.patch_embed,0.985504
2,0,3,vim_tiny,cifar10,0.03,1,base.layers.0.mixer,0.940237
2,0,3,vim_tiny,cifar10,0.03,2,base.layers.1.mixer,0.755524
2,0,3,vim_tiny,cifar10,0.03,3,base.layers.2.mixer,0.765134
2,0,3,vim_tiny,cifar10,0.03,4,base.layers.3.mixer,0.948843
2,0,3,vim_tiny,cifar10,0.03,5,base.layers.4.mixer,0.582856
2,0,3,vim_tiny,cifar10,0.03,6,base.layers.5.mixer,0.943050
2,0,3,vim_tiny,cifar10,0.03,7,base.layers.6.mixer,0.976415
2,0,3,vim_tiny,cifar10,0.03,8,base.layers.7.mixer,0.913736
2,0,3,vim_tiny,cifar10,0.03,9,base.layers.8.mixer,0.724089
2,0,3,vim_tiny,cifar10,0.03,10,base.layers.9.mixer,0.981718
2,0,3,vim_tiny,cifar10,0.03,11,base.layers.10.mixer,0.923978
2,0,3,vim_tiny,cifar10,0.03,12,base.layers.11.mixer,0.961868
2,0,3,vim_tiny,cifar10,0.03,13,classifier,0.147257
2,0,4,vim_tiny,cifar10,0.03,0,base.patch_embed,0.990036
2,0,4,vim_tiny,cifar10,0.03,1,base.layers.0.mixer,0.939081
2,0,4,vim_tiny,cifar10,0.03,2,base.layers.1.mixer,0.669451
2,0,4,vim_tiny,cifar10,0.03,3,base.layers.2.mixer,0.893222
2,0,4,vim_tiny,cifar10,0.03,4,base.layers.3.mixer,0.975343
2,0,4,vim_tiny,cifar10,0.03,5,base.layers.4.mixer,0.768309
2,0,4,vim_tiny,cifar10,0.03,6,base.layers.5.mixer,0.945914
2,0,4,vim_tiny,cifar10,0.03,7,base.layers.6.mixer,0.942437
2,0,4,vim_tiny,cifar10,0.03,8,base.layers.7.mixer,0.951998
2,0,4,vim_tiny,cifar10,0.03,9,base.layers.8.mixer,0.756321
2,0,4,vim_tiny,cifar10,0.03,10,base.layers.9.mixer,0.979451
2,0,4,vim_tiny,cifar10,0.03,11,base.layers.10.mixer,0.910876
2,0,4,vim_tiny,cifar10,0.03,12,base.layers.11.mixer,0.919269
2,0,4,vim_tiny,cifar10,0.03,13,classifier,0.764338
2,0,5,vim_tiny,cifar10,0.03,0,base.patch_embed,0.992460
2,0,5,vim_tiny,cifar10,0.03,1,base.layers.0.mixer,0.931117
2,0,5,vim_tiny,cifar10,0.03,2,base.layers.1.mixer,0.798726
2,0,5,vim_tiny,cifar10,0.03,3,base.layers.2.mixer,0.895425
2,0,5,vim_tiny,cifar10,0.03,4,base.layers.3.mixer,0.991165
2,0,5,vim_tiny,cifar10,0.03,5,base.layers.4.mixer,0.709756
2,0,5,vim_tiny,cifar10,0.03,6,base.layers.5.mixer,0.932904
2,0,5,vim_tiny,cifar10,0.03,7,base.layers.6.mixer,0.946478
2,0,5,vim_tiny,cifar10,0.03,8,base.layers.7.mixer,0.913582
2,0,5,vim_tiny,cifar10,0.03,9,base.layers.8.mixer,0.746162
2,0,5,vim_tiny,cifar10,0.03,10,base.layers.9.mixer,0.973549
2,0,5,vim_tiny,cifar10,0.03,11,base.layers.10.mixer,0.869378
2,0,5,vim_tiny,cifar10,0.03,12,base.layers.11.mixer,0.946644
2,0,5,vim_tiny,cifar10,0.03,13,classifier,0.790969
2,0,6,vim_tiny,cifar10,0.03,0,base.patch_embed,0.990450
2,0,6,vim_tiny,cifar10,0.03,1,base.layers.0.mixer,0.946630
2,0,6,vim_tiny,cifar10,0.03,2,base.layers.1.mixer,0.755874
2,0,6,vim_tiny,cifar10,0.03,3,base.layers.2.mixer,0.850782
2,0,6,vim_tiny,cifar10,0.03,4,base.layers.3.mixer,0.979321
2,0,6,vim_tiny,cifar10,0.03,5,base.layers.4.mixer,0.653235
2,0,6,vim_tiny,cifar10,0.03,6,base.layers.5.mixer,0.944552
2,0,6,vim_tiny,cifar10,0.03,7,base.layers.6.mixer,0.968265
2,0,6,vim_tiny,cifar10,0.03,8,base.layers.7.mixer,0.924642
2,0,6,vim_tiny,cifar10,0.03,9,base.layers.8.mixer,0.746688
2,0,6,vim_tiny,cifar10,0.03,10,base.layers.9.mixer,0.990604
2,0,6,vim_tiny,cifar10,0.03,11,base.layers.10.mixer,0.930495
2,0,6,vim_tiny,cifar10,0.03,12,base.layers.11.mixer,0.964265
2,0,6,vim_tiny,cifar10,0.03,13,classifier,0.206509
2,0,7,vim_tiny,cifar10,0.03,0,base.patch_embed,0.979226
2,0,7,vim_tiny,cifar10,0.03,1,base.layers.0.mixer,0.933667
2,0,7,vim_tiny,cifar10,0.03,2,base.layers.1.mixer,0.676554
2,0,7,vim_tiny,cifar10,0.03,3,base.layers.2.mixer,0.829464
2,0,7,vim_tiny,cifar10,0.03,4,base.layers.3.mixer,0.971794
2,0,7,vim_tiny,cifar10,0.03,5,base.layers.4.mixer,0.764280
2,0,7,vim_tiny,cifar10,0.03,6,base.layers.5.mixer,0.936402
2,0,7,vim_tiny,cifar10,0.03,7,base.layers.6.mixer,0.873341
2,0,7,vim_tiny,cifar10,0.03,8,base.layers.7.mixer,0.951949
2,0,7,vim_tiny,cifar10,0.03,9,base.layers.8.mixer,0.751731
2,0,7,vim_tiny,cifar10,0.03,10,base.layers.9.mixer,0.971336
2,0,7,vim_tiny,cifar10,0.03,11,base.layers.10.mixer,0.841128
2,0,7,vim_tiny,cifar10,0.03,12,base.layers.11.mixer,0.940500
2,0,7,vim_tiny,cifar10,0.03,13,classifier,0.560261
2,0,8,vim_tiny,cifar10,0.03,0,base.patch_embed,0.989200
2,0,8,vim_tiny,cifar10,0.03,1,base.layers.0.mixer,0.943506
2,0,8,vim_tiny,cifar10,0.03,2,base.layers.1.mixer,0.688187
2,0,8,vim_tiny,cifar10,0.03,3,base.layers.2.mixer,0.858589
2,0,8,vim_tiny,cifar10,0.03,4,base.layers.3.mixer,0.983246
2,0,8,vim_tiny,cifar10,0.03,5,base.layers.4.mixer,0.779409
2,0,8,vim_tiny,cifar10,0.03,6,base.layers.5.mixer,0.903274
2,0,8,vim_tiny,cifar10,0.03,7,base.layers.6.mixer,0.913865
2,0,8,vim_tiny,cifar10,0.03,8,base.layers.7.mixer,0.949415
2,0,8,vim_tiny,cifar10,0.03,9,base.layers.8.mixer,0.769870
2,0,8,vim_tiny,cifar10,0.03,10,base.layers.9.mixer,0.984367
2,0,8,vim_tiny,cifar10,0.03,11,base.layers.10.mixer,0.894636
2,0,8,vim_tiny,cifar10,0.03,12,base.layers.11.mixer,0.964837
2,0,8,vim_tiny,cifar10,0.03,13,classifier,0.818602
2,0,9,vim_tiny,cifar10,0.03,0,base.patch_embed,0.951030
2,0,9,vim_tiny,cifar10,0.03,1,base.layers.0.mixer,0.790128
2,0,9,vim_tiny,cifar10,0.03,2,base.layers.1.mixer,0.568847
2,0,9,vim_tiny,cifar10,0.03,3,base.layers.2.mixer,0.744986
2,0,9,vim_tiny,cifar10,0.03,4,base.layers.3.mixer,0.881735
2,0,9,vim_tiny,cifar10,0.03,5,base.layers.4.mixer,0.787546
2,0,9,vim_tiny,cifar10,0.03,6,base.layers.5.mixer,0.785530
2,0,9,vim_tiny,cifar10,0.03,7,base.layers.6.mixer,0.818606
2,0,9,vim_tiny,cifar10,0.03,8,base.layers.7.mixer,0.875752
2,0,9,vim_tiny,cifar10,0.03,9,base.layers.8.mixer,0.742897
2,0,9,vim_tiny,cifar10,0.03,10,base.layers.9.mixer,0.952302
2,0,9,vim_tiny,cifar10,0.03,11,base.layers.10.mixer,0.812010
2,0,9,vim_tiny,cifar10,0.03,12,base.layers.11.mixer,0.857913
2,0,9,vim_tiny,cifar10,0.03,13,classifier,0.484144
2,1,2,vim_tiny,cifar10,0.03,0,base.patch_embed,0.987082
2,1,2,vim_tiny,cifar10,0.03,1,base.layers.0.mixer,0.869194
2,1,2,vim_tiny,cifar10,0.03,2,base.layers.1.mixer,0.938192
2,1,2,vim_tiny,cifar10,0.03,3,base.layers.2.mixer,0.981073
2,1,2,vim_tiny,cifar10,0.03,4,base.layers.3.mixer,0.978895
2,1,2,vim_tiny,cifar10,0.03,5,base.layers.4.mixer,0.968866
2,1,2,vim_tiny,cifar10,0.03,6,base.layers.5.mixer,0.975747
2,1,2,vim_tiny,cifar10,0.03,7,base.layers.6.mixer,0.979548
2,1,2,vim_tiny,cifar10,0.03,8,base.layers.7.mixer,0.967983
2,1,2,vim_tiny,cifar10,0.03,9,base.layers.8.mixer,0.970642
2,1,2,vim_tiny,cifar10,0.03,10,base.layers.9.mixer,0.992843
2,1,2,vim_tiny,cifar10,0.03,11,base.layers.10.mixer,0.948934
2,1,2,vim_tiny,cifar10,0.03,12,base.layers.11.mixer,0.968772
2,1,2,vim_tiny,cifar10,0.03,13,classifier,0.653885
2,1,3,vim_tiny,cifar10,0.03,0,base.patch_embed,0.975743
2,1,3,vim_tiny,cifar10,0.03,1,base.layers.0.mixer,0.807996
2,1,3,vim_tiny,cifar10,0.03,2,base.layers.1.mixer,0.963359
2,1,3,vim_tiny,cifar10,0.03,3,base.layers.2.mixer,0.848792
2,1,3,vim_tiny,cifar10,0.03,4,base.layers.3.mixer,0.912103
2,1,3,vim_tiny,cifar10,0.03,5,base.layers.4.mixer,0.952211
2,1,3,vim_tiny,cifar10,0.03,6,base.layers.5.mixer,0.933714
2,1,3,vim_tiny,cifar10,0.03,7,base.layers.6.mixer,0.979332
2,1,3,vim_tiny,cifar10,0.03,8,base.layers.7.mixer,0.988651
2,1,3,vim_tiny,cifar10,0.03,9,base.layers.8.mixer,0.961589
2,1,3,vim_tiny,cifar10,0.03,10,base.layers.9.mixer,0.965549
2,1,3,vim_tiny,cifar10,0.03,11,base.layers.10.mixer,0.909140
2,1,3,vim_tiny,cifar10,0.03,12,base.layers.11.mixer,0.951847
2,1,3,vim_tiny,cifar10,0.03,13,classifier,0.021228
2,1,4,vim_tiny,cifar10,0.03,0,base.patch_embed,0.980325
2,1,4,vim_tiny,cifar10,0.03,1,base.layers.0.mixer,0.953616
2,1,4,vim_tiny,cifar10,0.03,2,base.layers.1.mixer,0.933204
2,1,4,vim_tiny,cifar10,0.03,3,base.layers.2.mixer,0.972657
2,1,4,vim_tiny,cifar10,0.03,4,base.layers.3.mixer,0.976923
2,1,4,vim_tiny,cifar10,0.03,5,base.layers.4.mixer,0.898196
2,1,4,vim_tiny,cifar10,0.03,6,base.layers.5.mixer,0.970129
2,1,4,vim_tiny,cifar10,0.03,7,base.layers.6.mixer,0.977730
2,1,4,vim_tiny,cifar10,0.03,8,base.layers.7.mixer,0.988777
2,1,4,vim_tiny,cifar10,0.03,9,base.layers.8.mixer,0.975098
2,1,4,vim_tiny,cifar10,0.03,10,base.layers.9.mixer,0.984379
2,1,4,vim_tiny,cifar10,0.03,11,base.layers.10.mixer,0.977172
2,1,4,vim_tiny,cifar10,0.03,12,base.layers.11.mixer,0.930884
2,1,4,vim_tiny,cifar10,0.03,13,classifier,0.630368
2,1,5,vim_tiny,cifar10,0.03,0,base.patch_embed,0.984237
2,1,5,vim_tiny,cifar10,0.03,1,base.layers.0.mixer,0.958083
2,1,5,vim_tiny,cifar10,0.03,2,base.layers.1.mixer,0.958355
2,1,5,vim_tiny,cifar10,0.03,3,base.layers.2.mixer,0.958351
2,1,5,vim_tiny,cifar10,0.03,4,base.layers.3.mixer,0.970583
2,1,5,vim_tiny,cifar10,0.03,5,base.layers.4.mixer,0.955199
2,1,5,vim_tiny,cifar10,0.03,6,base.layers.5.mixer,0.970908
2,1,5,vim_tiny,cifar10,0.03,7,base.layers.6.mixer,0.978337
2,1,5,vim_tiny,cifar10,0.03,8,base.layers.7.mixer,0.986844
2,1,5,vim_tiny,cifar10,0.03,9,base.layers.8.mixer,0.973264
2,1,5,vim_tiny,cifar10,0.03,10,base.layers.9.mixer,0.992593
2,1,5,vim_tiny,cifar10,0.03,11,base.layers.10.mixer,0.978109
2,1,5,vim_tiny,cifar10,0.03,12,base.layers.11.mixer,0.950719
2,1,5,vim_tiny,cifar10,0.03,13,classifier,0.471818
2,1,6,vim_tiny,cifar10,0.03,0,base.patch_embed,0.982609
2,1,6,vim_tiny,cifar10,0.03,1,base.layers.0.mixer,0.835359
2,1,6,vim_tiny,cifar10,0.03,2,base.layers.1.mixer,0.962901
2,1,6,vim_tiny,cifar10,0.03,3,base.layers.2.mixer,0.929851
2,1,6,vim_tiny,cifar10,0.03,4,base.layers.3.mixer,0.950235
2,1,6,vim_tiny,cifar10,0.03,5,base.layers.4.mixer,0.975356
2,1,6,vim_tiny,cifar10,0.03,6,base.layers.5.mixer,0.957601
2,1,6,vim_tiny,cifar10,0.03,7,base.layers.6.mixer,0.974237
2,1,6,vim_tiny,cifar10,0.03,8,base.layers.7.mixer,0.984993
2,1,6,vim_tiny,cifar10,0.03,9,base.layers.8.mixer,0.969916
2,1,6,vim_tiny,cifar10,0.03,10,base.layers.9.mixer,0.979176
2,1,6,vim_tiny,cifar10,0.03,11,base.layers.10.mixer,0.926708
2,1,6,vim_tiny,cifar10,0.03,12,base.layers.11.mixer,0.959340
2,1,6,vim_tiny,cifar10,0.03,13,classifier,0.434841
2,1,7,vim_tiny,cifar10,0.03,0,base.patch_embed,0.996466
2,1,7,vim_tiny,cifar10,0.03,1,base.layers.0.mixer,0.910250
2,1,7,vim_tiny,cifar10,0.03,2,base.layers.1.mixer,0.925269
2,1,7,vim_tiny,cifar10,0.03,3,base.layers.2.mixer,0.930987
2,1,7,vim_tiny,cifar10,0.03,4,base.layers.3.mixer,0.978397
2,1,7,vim_tiny,cifar10,0.03,5,base.layers.4.mixer,0.928927
2,1,7,vim_tiny,cifar10,0.03,6,base.layers.5.mixer,0.953654
2,1,7,vim_tiny,cifar10,0.03,7,base.layers.6.mixer,0.924023
2,1,7,vim_tiny,cifar10,0.03,8,base.layers.7.mixer,0.951177
2,1,7,vim_tiny,cifar10,0.03,9,base.layers.8.mixer,0.981594
2,1,7,vim_tiny,cifar10,0.03,10,base.layers.9.mixer,0.985059
2,1,7,vim_tiny,cifar10,0.03,11,base.layers.10.mixer,0.937778
2,1,7,vim_tiny,cifar10,0.03,12,base.layers.11.mixer,0.956670
2,1,7,vim_tiny,cifar10,0.03,13,classifier,0.733650
2,1,8,vim_tiny,cifar10,0.03,0,base.patch_embed,0.984885
2,1,8,vim_tiny,cifar10,0.03,1,base.layers.0.mixer,0.877845
2,1,8,vim_tiny,cifar10,0.03,2,base.layers.1.mixer,0.915287
2,1,8,vim_tiny,cifar10,0.03,3,base.layers.2.mixer,0.962213
2,1,8,vim_tiny,cifar10,0.03,4,base.layers.3.mixer,0.985801
2,1,8,vim_tiny,cifar10,0.03,5,base.layers.4.mixer,0.888217
2,1,8,vim_tiny,cifar10,0.03,6,base.layers.5.mixer,0.955215
2,1,8,vim_tiny,cifar10,0.03,7,base.layers.6.mixer,0.950325
2,1,8,vim_tiny,cifar10,0.03,8,base.layers.7.mixer,0.981932
2,1,8,vim_tiny,cifar10,0.03,9,base.layers.8.mixer,0.965521
2,1,8,vim_tiny,cifar10,0.03,10,base.layers.9.mixer,0.978793
2,1,8,vim_tiny,cifar10,0.03,11,base.layers.10.mixer,0.938836
2,1,8,vim_tiny,cifar10,0.03,12,base.layers.11.mixer,0.962524
2,1,8,vim_tiny,cifar10,0.03,13,classifier,0.622206
2,1,9,vim_tiny,cifar10,0.03,0,base.patch_embed,0.952091
2,1,9,vim_tiny,cifar10,0.03,1,base.layers.0.mixer,0.589496
2,1,9,vim_tiny,cifar10,0.03,2,base.layers.1.mixer,0.875572
2,1,9,vim_tiny,cifar10,0.03,3,base.layers.2.mixer,0.857805
2,1,9,vim_tiny,cifar10,0.03,4,base.layers.3.mixer,0.844424
2,1,9,vim_tiny,cifar10,0.03,5,base.layers.4.mixer,0.827140
2,1,9,vim_tiny,cifar10,0.03,6,base.layers.5.mixer,0.868863
2,1,9,vim_tiny,cifar10,0.03,7,base.layers.6.mixer,0.835148
2,1,9,vim_tiny,cifar10,0.03,8,base.layers.7.mixer,0.858711
2,1,9,vim_tiny,cifar10,0.03,9,base.layers.8.mixer,0.924678
2,1,9,vim_tiny,cifar10,0.03,10,base.layers.9.mixer,0.924482
2,1,9,vim_tiny,cifar10,0.03,11,base.layers.10.mixer,0.885117
2,1,9,vim_tiny,cifar10,0.03,12,base.layers.11.mixer,0.864415
2,1,9,vim_tiny,cifar10,0.03,13,classifier,0.451509
2,2,3,vim_tiny,cifar10,0.03,0,base.patch_embed,0.997027
2,2,3,vim_tiny,cifar10,0.03,1,base.layers.0.mixer,0.977804
2,2,3,vim_tiny,cifar10,0.03,2,base.layers.1.mixer,0.955872
2,2,3,vim_tiny,cifar10,0.03,3,base.layers.2.mixer,0.841381
2,2,3,vim_tiny,cifar10,0.03,4,base.layers.3.mixer,0.962098
2,2,3,vim_tiny,cifar10,0.03,5,base.layers.4.mixer,0.972687
2,2,3,vim_tiny,cifar10,0.03,6,base.layers.5.mixer,0.923253
2,2,3,vim_tiny,cifar10,0.03,7,base.layers.6.mixer,0.988766
2,2,3,vim_tiny,cifar10,0.03,8,base.layers.7.mixer,0.979719
2,2,3,vim_tiny,cifar10,0.03,9,base.layers.8.mixer,0.975207
2,2,3,vim_tiny,cifar10,0.03,10,base.layers.9.mixer,0.975621
2,2,3,vim_tiny,cifar10,0.03,11,base.layers.10.mixer,0.978346
2,2,3,vim_tiny,cifar10,0.03,12,base.layers.11.mixer,0.984183
2,2,3,vim_tiny,cifar10,0.03,13,classifier,0.111315
2,2,4,vim_tiny,cifar10,0.03,0,base.patch_embed,0.998975
2,2,4,vim_tiny,cifar10,0.03,1,base.layers.0.mixer,0.952923
2,2,4,vim_tiny,cifar10,0.03,2,base.layers.1.mixer,0.940771
2,2,4,vim_tiny,cifar10,0.03,3,base.layers.2.mixer,0.981754
2,2,4,vim_tiny,cifar10,0.03,4,base.layers.3.mixer,0.992823
2,2,4,vim_tiny,cifar10,0.03,5,base.layers.4.mixer,0.840403
2,2,4,vim_tiny,cifar10,0.03,6,base.layers.5.mixer,0.970936
2,2,4,vim_tiny,cifar10,0.03,7,base.layers.6.mixer,0.978730
2,2,4,vim_tiny,cifar10,0.03,8,base.layers.7.mixer,0.956948
2,2,4,vim_tiny,cifar10,0.03,9,base.layers.8.mixer,0.990727
2,2,4,vim_tiny,cifar10,0.03,10,base.layers.9.mixer,0.988691
2,2,4,vim_tiny,cifar10,0.03,11,base.layers.10.mixer,0.987909
2,2,4,vim_tiny,cifar10,0.03,12,base.layers.11.mixer,0.935469
2,2,4,vim_tiny,cifar10,0.03,13,classifier,0.651133
2,2,5,vim_tiny,cifar10,0.03,0,base.patch_embed,0.999186
2,2,5,vim_tiny,cifar10,0.03,1,base.layers.0.mixer,0.950826
2,2,5,vim_tiny,cifar10,0.03,2,base.layers.1.mixer,0.933148
2,2,5,vim_tiny,cifar10,0.03,3,base.layers.2.mixer,0.982213
2,2,5,vim_tiny,cifar10,0.03,4,base.layers.3.mixer,0.991471
2,2,5,vim_tiny,cifar10,0.03,5,base.layers.4.mixer,0.952150
2,2,5,vim_tiny,cifar10,0.03,6,base.layers.5.mixer,0.977365
2,2,5,vim_tiny,cifar10,0.03,7,base.layers.6.mixer,0.980688
2,2,5,vim_tiny,cifar10,0.03,8,base.layers.7.mixer,0.980606
2,2,5,vim_tiny,cifar10,0.03,9,base.layers.8.mixer,0.980733
2,2,5,vim_tiny,cifar10,0.03,10,base.layers.9.mixer,0.991179
2,2,5,vim_tiny,cifar10,0.03,11,base.layers.10.mixer,0.965586
2,2,5,vim_tiny,cifar10,0.03,12,base.layers.11.mixer,0.962273
2,2,5,vim_tiny,cifar10,0.03,13,classifier,0.530730
2,2,6,vim_tiny,cifar10,0.03,0,base.patch_embed,0.999313
2,2,6,vim_tiny,cifar10,0.03,1,base.layers.0.mixer,0.981541
2,2,6,vim_tiny,cifar10,0.03,2,base.layers.1.mixer,0.967374
2,2,6,vim_tiny,cifar10,0.03,3,base.layers.2.mixer,0.929847
2,2,6,vim_tiny,cifar10,0.03,4,base.layers.3.mixer,0.982365
2,2,6,vim_tiny,cifar10,0.03,5,base.layers.4.mixer,0.971651
2,2,6,vim_tiny,cifar10,0.03,6,base.layers.5.mixer,0.956586
2,2,6,vim_tiny,cifar10,0.03,7,base.layers.6.mixer,0.981010
2,2,6,vim_tiny,cifar10,0.03,8,base.layers.7.mixer,0.985346
2,2,6,vim_tiny,cifar10,0.03,9,base.layers.8.mixer,0.984886
2,2,6,vim_tiny,cifar10,0.03,10,base.layers.9.mixer,0.987619
2,2,6,vim_tiny,cifar10,0.03,11,base.layers.10.mixer,0.991180
2,2,6,vim_tiny,cifar10,0.03,12,base.layers.11.mixer,0.983379
2,2,6,vim_tiny,cifar10,0.03,13,classifier,0.591504
2,2,7,vim_tiny,cifar10,0.03,0,base.patch_embed,0.986673
2,2,7,vim_tiny,cifar10,0.03,1,base.layers.0.mixer,0.968126
2,2,7,vim_tiny,cifar10,0.03,2,base.layers.1.mixer,0.957465
2,2,7,vim_tiny,cifar10,0.03,3,base.layers.2.mixer,0.938074
2,2,7,vim_tiny,cifar10,0.03,4,base.layers.3.mixer,0.989313
2,2,7,vim_tiny,cifar10,0.03,5,base.layers.4.mixer,0.911584
2,2,7,vim_tiny,cifar10,0.03,6,base.layers.5.mixer,0.944480
2,2,7,vim_tiny,cifar10,0.03,7,base.layers.6.mixer,0.898664
2,2,7,vim_tiny,cifar10,0.03,8,base.layers.7.mixer,0.905104
2,2,7,vim_tiny,cifar10,0.03,9,base.layers.8.mixer,0.985885
2,2,7,vim_tiny,cifar10,0.03,10,base.layers.9.mixer,0.985948
2,2,7,vim_tiny,cifar10,0.03,11,base.layers.10.mixer,0.947441
2,2,7,vim_tiny,cifar10,0.03,12,base.layers.11.mixer,0.972616
2,2,7,vim_tiny,cifar10,0.03,13,classifier,0.641000
2,2,8,vim_tiny,cifar10,0.03,0,base.patch_embed,0.999459
2,2,8,vim_tiny,cifar10,0.03,1,base.layers.0.mixer,0.984905
2,2,8,vim_tiny,cifar10,0.03,2,base.layers.1.mixer,0.962864
2,2,8,vim_tiny,cifar10,0.03,3,base.layers.2.mixer,0.968597
2,2,8,vim_tiny,cifar10,0.03,4,base.layers.3.mixer,0.992498
2,2,8,vim_tiny,cifar10,0.03,5,base.layers.4.mixer,0.892844
2,2,8,vim_tiny,cifar10,0.03,6,base.layers.5.mixer,0.983199
2,2,8,vim_tiny,cifar10,0.03,7,base.layers.6.mixer,0.944989
2,2,8,vim_tiny,cifar10,0.03,8,base.layers.7.mixer,0.952726
2,2,8,vim_tiny,cifar10,0.03,9,base.layers.8.mixer,0.985336
2,2,8,vim_tiny,cifar10,0.03,10,base.layers.9.mixer,0.982818
2,2,8,vim_tiny,cifar10,0.03,11,base.layers.10.mixer,0.987353
2,2,8,vim_tiny,cifar10,0.03,12,base.layers.11.mixer,0.975388
2,2,8,vim_tiny,cifar10,0.03,13,classifier,0.620423
2,2,9,vim_tiny,cifar10,0.03,0,base.patch_embed,0.976858
2,2,9,vim_tiny,cifar10,0.03,1,base.layers.0.mixer,0.843374
2,2,9,vim_tiny,cifar10,0.03,2,base.layers.1.mixer,0.919510
2,2,9,vim_tiny,cifar10,0.03,3,base.layers.2.mixer,0.840157
2,2,9,vim_tiny,cifar10,0.03,4,base.layers.3.mixer,0.916001
2,2,9,vim_tiny,cifar10,0.03,5,base.layers.4.mixer,0.846135
2,2,9,vim_tiny,cifar10,0.03,6,base.layers.5.mixer,0.920899
2,2,9,vim_tiny,cifar10,0.03,7,base.layers.6.mixer,0.869464
2,2,9,vim_tiny,cifar10,0.03,8,base.layers.7.mixer,0.907902
2,2,9,vim_tiny,cifar10,0.03,9,base.layers.8.mixer,0.967729
2,2,9,vim_tiny,cifar10,0.03,10,base.layers.9.mixer,0.941559
2,2,9,vim_tiny,cifar10,0.03,11,base.layers.10.mixer,0.936643
2,2,9,vim_tiny,cifar10,0.03,12,base.layers.11.mixer,0.881242
2,2,9,vim_tiny,cifar10,0.03,13,classifier,0.406963
2,3,4,vim_tiny,cifar10,0.03,0,base.patch_embed,0.999426
2,3,4,vim_tiny,cifar10,0.03,1,base.layers.0.mixer,0.894041
2,3,4,vim_tiny,cifar10,0.03,2,base.layers.1.mixer,0.966336
2,3,4,vim_tiny,cifar10,0.03,3,base.layers.2.mixer,0.868996
2,3,4,vim_tiny,cifar10,0.03,4,base.layers.3.mixer,0.964437
2,3,4,vim_tiny,cifar10,0.03,5,base.layers.4.mixer,0.849950
2,3,4,vim_tiny,cifar10,0.03,6,base.layers.5.mixer,0.976801
2,3,4,vim_tiny,cifar10,0.03,7,base.layers.6.mixer,0.980502
2,3,4,vim_tiny,cifar10,0.03,8,base.layers.7.mixer,0.981719
2,3,4,vim_tiny,cifar10,0.03,9,base.layers.8.mixer,0.961451
2,3,4,vim_tiny,cifar10,0.03,10,base.layers.9.mixer,0.959274
2,3,4,vim_tiny,cifar10,0.03,11,base.layers.10.mixer,0.965267
2,3,4,vim_tiny,cifar10,0.03,12,base.layers.11.mixer,0.947173
2,3,4,vim_tiny,cifar10,0.03,13,classifier,0.171518
2,3,5,vim_tiny,cifar10,0.03,0,base.patch_embed,0.997676
2,3,5,vim_tiny,cifar10,0.03,1,base.layers.0.mixer,0.902701
2,3,5,vim_tiny,cifar10,0.03,2,base.layers.1.mixer,0.971828
2,3,5,vim_tiny,cifar10,0.03,3,base.layers.2.mixer,0.823216
2,3,5,vim_tiny,cifar10,0.03,4,base.layers.3.mixer,0.974441
2,3,5,vim_tiny,cifar10,0.03,5,base.layers.4.mixer,0.939950
2,3,5,vim_tiny,cifar10,0.03,6,base.layers.5.mixer,0.942562
2,3,5,vim_tiny,cifar10,0.03,7,base.layers.6.mixer,0.981374
2,3,5,vim_tiny,cifar10,0.03,8,base.layers.7.mixer,0.990454
2,3,5,vim_tiny,cifar10,0.03,9,base.layers.8.mixer,0.981820
2,3,5,vim_tiny,cifar10,0.03,10,base.layers.9.mixer,0.959587
2,3,5,vim_tiny,cifar10,0.03,11,base.layers.10.mixer,0.940191
2,3,5,vim_tiny,cifar10,0.03,12,base.layers.11.mixer,0.973198
2,3,5,vim_tiny,cifar10,0.03,13,classifier,0.171862
2,3,6,vim_tiny,cifar10,0.03,0,base.patch_embed,0.999104
2,3,6,vim_tiny,cifar10,0.03,1,base.layers.0.mixer,0.998208
2,3,6,vim_tiny,cifar10,0.03,2,base.layers.1.mixer,0.995384
2,3,6,vim_tiny,cifar10,0.03,3,base.layers.2.mixer,0.971626
2,3,6,vim_tiny,cifar10,0.03,4,base.layers.3.mixer,0.991382
2,3,6,vim_tiny,cifar10,0.03,5,base.layers.4.mixer,0.984200
2,3,6,vim_tiny,cifar10,0.03,6,base.layers.5.mixer,0.994329
2,3,6,vim_tiny,cifar10,0.03,7,base.layers.6.mixer,0.993191
2,3,6,vim_tiny,cifar10,0.03,8,base.layers.7.mixer,0.995452
2,3,6,vim_tiny,cifar10,0.03,9,base.layers.8.mixer,0.995416
2,3,6,vim_tiny,cifar10,0.03,10,base.layers.9.mixer,0.989138
2,3,6,vim_tiny,cifar10,0.03,11,base.layers.10.mixer,0.995210
2,3,6,vim_tiny,cifar10,0.03,12,base.layers.11.mixer,0.992151
2,3,6,vim_tiny,cifar10,0.03,13,classifier,0.282941
2,3,7,vim_tiny,cifar10,0.03,0,base.patch_embed,0.974805
2,3,7,vim_tiny,cifar10,0.03,1,base.layers.0.mixer,0.924908
2,3,7,vim_tiny,cifar10,0.03,2,base.layers.1.mixer,0.920988
2,3,7,vim_tiny,cifar10,0.03,3,base.layers.2.mixer,0.837338
2,3,7,vim_tiny,cifar10,0.03,4,base.layers.3.mixer,0.965619
2,3,7,vim_tiny,cifar10,0.03,5,base.layers.4.mixer,0.907674
2,3,7,vim_tiny,cifar10,0.03,6,base.layers.5.mixer,0.968276
2,3,7,vim_tiny,cifar10,0.03,7,base.layers.6.mixer,0.902457
2,3,7,vim_tiny,cifar10,0.03,8,base.layers.7.mixer,0.924536
2,3,7,vim_tiny,cifar10,0.03,9,base.layers.8.mixer,0.968840
2,3,7,vim_tiny,cifar10,0.03,10,base.layers.9.mixer,0.945095
2,3,7,vim_tiny,cifar10,0.03,11,base.layers.10.mixer,0.888996
2,3,7,vim_tiny,cifar10,0.03,12,base.layers.11.mixer,0.968135
2,3,7,vim_tiny,cifar10,0.03,13,classifier,0.109704
2,3,8,vim_tiny,cifar10,0.03,0,base.patch_embed,0.998721
2,3,8,vim_tiny,cifar10,0.03,1,base.layers.0.mixer,0.953406
2,3,8,vim_tiny,cifar10,0.03,2,base.layers.1.mixer,0.958183
2,3,8,vim_tiny,cifar10,0.03,3,base.layers.2.mixer,0.836332
2,3,8,vim_tiny,cifar10,0.03,4,base.layers.3.mixer,0.952110
2,3,8,vim_tiny,cifar10,0.03,5,base.layers.4.mixer,0.861431
2,3,8,vim_tiny,cifar10,0.03,6,base.layers.5.mixer,0.946990
2,3,8,vim_tiny,cifar10,0.03,7,base.layers.6.mixer,0.946850
2,3,8,vim_tiny,cifar10,0.03,8,base.layers.7.mixer,0.976040
2,3,8,vim_tiny,cifar10,0.03,9,base.layers.8.mixer,0.956125
2,3,8,vim_tiny,cifar10,0.03,10,base.layers.9.mixer,0.964742
2,3,8,vim_tiny,cifar10,0.03,11,base.layers.10.mixer,0.971463
2,3,8,vim_tiny,cifar10,0.03,12,base.layers.11.mixer,0.971874
2,3,8,vim_tiny,cifar10,0.03,13,classifier,0.323735
2,3,9,vim_tiny,cifar10,0.03,0,base.patch_embed,0.983809
2,3,9,vim_tiny,cifar10,0.03,1,base.layers.0.mixer,0.898044
2,3,9,vim_tiny,cifar10,0.03,2,base.layers.1.mixer,0.920723
2,3,9,vim_tiny,cifar10,0.03,3,base.layers.2.mixer,0.737025
2,3,9,vim_tiny,cifar10,0.03,4,base.layers.3.mixer,0.959306
2,3,9,vim_tiny,cifar10,0.03,5,base.layers.4.mixer,0.802155
2,3,9,vim_tiny,cifar10,0.03,6,base.layers.5.mixer,0.893252
2,3,9,vim_tiny,cifar10,0.03,7,base.layers.6.mixer,0.857938
2,3,9,vim_tiny,cifar10,0.03,8,base.layers.7.mixer,0.868071
2,3,9,vim_tiny,cifar10,0.03,9,base.layers.8.mixer,0.933794
2,3,9,vim_tiny,cifar10,0.03,10,base.layers.9.mixer,0.920958
2,3,9,vim_tiny,cifar10,0.03,11,base.layers.10.mixer,0.896241
2,3,9,vim_tiny,cifar10,0.03,12,base.layers.11.mixer,0.876510
2,3,9,vim_tiny,cifar10,0.03,13,classifier,0.338047
2,4,5,vim_tiny,cifar10,0.03,0,base.patch_embed,0.998915
2,4,5,vim_tiny,cifar10,0.03,1,base.layers.0.mixer,0.994678
2,4,5,vim_tiny,cifar10,0.03,2,base.layers.1.mixer,0.942551
2,4,5,vim_tiny,cifar10,0.03,3,base.layers.2.mixer,0.982007
2,4,5,vim_tiny,cifar10,0.03,4,base.layers.3.mixer,0.991652
2,4,5,vim_tiny,cifar10,0.03,5,base.layers.4.mixer,0.897578
2,4,5,vim_tiny,cifar10,0.03,6,base.layers.5.mixer,0.974101
2,4,5,vim_tiny,cifar10,0.03,7,base.layers.6.mixer,0.995146
2,4,5,vim_tiny,cifar10,0.03,8,base.layers.7.mixer,0.979614
2,4,5,vim_tiny,cifar10,0.03,9,base.layers.8.mixer,0.981009
2,4,5,vim_tiny,cifar10,0.03,10,base.layers.9.mixer,0.990317
2,4,5,vim_tiny,cifar10,0.03,11,base.layers.10.mixer,0.985838
2,4,5,vim_tiny,cifar10,0.03,12,base.layers.11.mixer,0.953987
2,4,5,vim_tiny,cifar10,0.03,13,classifier,0.681223
2,4,6,vim_tiny,cifar10,0.03,0,base.patch_embed,0.999850
2,4,6,vim_tiny,cifar10,0.03,1,base.layers.0.mixer,0.910535
2,4,6,vim_tiny,cifar10,0.03,2,base.layers.1.mixer,0.963439
2,4,6,vim_tiny,cifar10,0.03,3,base.layers.2.mixer,0.943777
2,4,6,vim_tiny,cifar10,0.03,4,base.layers.3.mixer,0.982835
2,4,6,vim_tiny,cifar10,0.03,5,base.layers.4.mixer,0.910386
2,4,6,vim_tiny,cifar10,0.03,6,base.layers.5.mixer,0.989698
2,4,6,vim_tiny,cifar10,0.03,7,base.layers.6.mixer,0.978371
2,4,6,vim_tiny,cifar10,0.03,8,base.layers.7.mixer,0.983766
2,4,6,vim_tiny,cifar10,0.03,9,base.layers.8.mixer,0.975618
2,4,6,vim_tiny,cifar10,0.03,10,base.layers.9.mixer,0.975212
2,4,6,vim_tiny,cifar10,0.03,11,base.layers.10.mixer,0.976911
2,4,6,vim_tiny,cifar10,0.03,12,base.layers.11.mixer,0.951168
2,4,6,vim_tiny,cifar10,0.03,13,classifier,0.337208
2,4,7,vim_tiny,cifar10,0.03,0,base.patch_embed,0.979592
2,4,7,vim_tiny,cifar10,0.03,1,base.layers.0.mixer,0.969137
2,4,7,vim_tiny,cifar10,0.03,2,base.layers.1.mixer,0.930393
2,4,7,vim_tiny,cifar10,0.03,3,base.layers.2.mixer,0.953494
2,4,7,vim_tiny,cifar10,0.03,4,base.layers.3.mixer,0.988728
2,4,7,vim_tiny,cifar10,0.03,5,base.layers.4.mixer,0.916850
2,4,7,vim_tiny,cifar10,0.03,6,base.layers.5.mixer,0.960980
2,4,7,vim_tiny,cifar10,0.03,7,base.layers.6.mixer,0.927226
2,4,7,vim_tiny,cifar10,0.03,8,base.layers.7.mixer,0.965576
2,4,7,vim_tiny,cifar10,0.03,9,base.layers.8.mixer,0.984081
2,4,7,vim_tiny,cifar10,0.03,10,base.layers.9.mixer,0.984327
2,4,7,vim_tiny,cifar10,0.03,11,base.layers.10.mixer,0.948229
2,4,7,vim_tiny,cifar10,0.03,12,base.layers.11.mixer,0.940290
2,4,7,vim_tiny,cifar10,0.03,13,classifier,0.590941
2,4,8,vim_tiny,cifar10,0.03,0,base.patch_embed,0.999607
2,4,8,vim_tiny,cifar10,0.03,1,base.layers.0.mixer,0.952909
2,4,8,vim_tiny,cifar10,0.03,2,base.layers.1.mixer,0.958973
2,4,8,vim_tiny,cifar10,0.03,3,base.layers.2.mixer,0.990413
2,4,8,vim_tiny,cifar10,0.03,4,base.layers.3.mixer,0.988659
2,4,8,vim_tiny,cifar10,0.03,5,base.layers.4.mixer,0.891228
2,4,8,vim_tiny,cifar10,0.03,6,base.layers.5.mixer,0.977323
2,4,8,vim_tiny,cifar10,0.03,7,base.layers.6.mixer,0.959756
2,4,8,vim_tiny,cifar10,0.03,8,base.layers.7.mixer,0.994058
2,4,8,vim_tiny,cifar10,0.03,9,base.layers.8.mixer,0.989528
2,4,8,vim_tiny,cifar10,0.03,10,base.layers.9.mixer,0.988397
2,4,8,vim_tiny,cifar10,0.03,11,base.layers.10.mixer,0.978459
2,4,8,vim_tiny,cifar10,0.03,12,base.layers.11.mixer,0.943666
2,4,8,vim_tiny,cifar10,0.03,13,classifier,0.791527
2,4,9,vim_tiny,cifar10,0.03,0,base.patch_embed,0.981391
2,4,9,vim_tiny,cifar10,0.03,1,base.layers.0.mixer,0.703999
2,4,9,vim_tiny,cifar10,0.03,2,base.layers.1.mixer,0.923105
2,4,9,vim_tiny,cifar10,0.03,3,base.layers.2.mixer,0.860098
2,4,9,vim_tiny,cifar10,0.03,4,base.layers.3.mixer,0.907082
2,4,9,vim_tiny,cifar10,0.03,5,base.layers.4.mixer,0.807425
2,4,9,vim_tiny,cifar10,0.03,6,base.layers.5.mixer,0.910475
2,4,9,vim_tiny,cifar10,0.03,7,base.layers.6.mixer,0.872721
2,4,9,vim_tiny,cifar10,0.03,8,base.layers.7.mixer,0.877236
2,4,9,vim_tiny,cifar10,0.03,9,base.layers.8.mixer,0.962677
2,4,9,vim_tiny,cifar10,0.03,10,base.layers.9.mixer,0.953301
2,4,9,vim_tiny,cifar10,0.03,11,base.layers.10.mixer,0.923431
2,4,9,vim_tiny,cifar10,0.03,12,base.layers.11.mixer,0.894029
2,4,9,vim_tiny,cifar10,0.03,13,classifier,0.558202
2,5,6,vim_tiny,cifar10,0.03,0,base.patch_embed,0.999492
2,5,6,vim_tiny,cifar10,0.03,1,base.layers.0.mixer,0.918965
2,5,6,vim_tiny,cifar10,0.03,2,base.layers.1.mixer,0.966457
2,5,6,vim_tiny,cifar10,0.03,3,base.layers.2.mixer,0.919369
2,5,6,vim_tiny,cifar10,0.03,4,base.layers.3.mixer,0.993817
2,5,6,vim_tiny,cifar10,0.03,5,base.layers.4.mixer,0.977045
2,5,6,vim_tiny,cifar10,0.03,6,base.layers.5.mixer,0.966592
2,5,6,vim_tiny,cifar10,0.03,7,base.layers.6.mixer,0.973416
2,5,6,vim_tiny,cifar10,0.03,8,base.layers.7.mixer,0.990239
2,5,6,vim_tiny,cifar10,0.03,9,base.layers.8.mixer,0.993298
2,5,6,vim_tiny,cifar10,0.03,10,base.layers.9.mixer,0.979062
2,5,6,vim_tiny,cifar10,0.03,11,base.layers.10.mixer,0.950309
2,5,6,vim_tiny,cifar10,0.03,12,base.layers.11.mixer,0.990203
2,5,6,vim_tiny,cifar10,0.03,13,classifier,0.151267
2,5,7,vim_tiny,cifar10,0.03,0,base.patch_embed,0.985245
2,5,7,vim_tiny,cifar10,0.03,1,base.layers.0.mixer,0.968018
2,5,7,vim_tiny,cifar10,0.03,2,base.layers.1.mixer,0.912477
2,5,7,vim_tiny,cifar10,0.03,3,base.layers.2.mixer,0.965679
2,5,7,vim_tiny,cifar10,0.03,4,base.layers.3.mixer,0.987206
2,5,7,vim_tiny,cifar10,0.03,5,base.layers.4.mixer,0.942141
2,5,7,vim_tiny,cifar10,0.03,6,base.layers.5.mixer,0.962047
2,5,7,vim_tiny,cifar10,0.03,7,base.layers.6.mixer,0.915758
2,5,7,vim_tiny,cifar10,0.03,8,base.layers.7.mixer,0.939058
2,5,7,vim_tiny,cifar10,0.03,9,base.layers.8.mixer,0.988108
2,5,7,vim_tiny,cifar10,0.03,10,base.layers.9.mixer,0.985790
2,5,7,vim_tiny,cifar10,0.03,11,base.layers.10.mixer,0.953798
2,5,7,vim_tiny,cifar10,0.03,12,base.layers.11.mixer,0.980977
2,5,7,vim_tiny,cifar10,0.03,13,classifier,0.576534
2,5,8,vim_tiny,cifar10,0.03,0,base.patch_embed,0.999094
2,5,8,vim_tiny,cifar10,0.03,1,base.layers.0.mixer,0.953274
2,5,8,vim_tiny,cifar10,0.03,2,base.layers.1.mixer,0.924300
2,5,8,vim_tiny,cifar10,0.03,3,base.layers.2.mixer,0.984779
2,5,8,vim_tiny,cifar10,0.03,4,base.layers.3.mixer,0.990864
2,5,8,vim_tiny,cifar10,0.03,5,base.layers.4.mixer,0.893079
2,5,8,vim_tiny,cifar10,0.03,6,base.layers.5.mixer,0.975317
2,5,8,vim_tiny,cifar10,0.03,7,base.layers.6.mixer,0.960676
2,5,8,vim_tiny,cifar10,0.03,8,base.layers.7.mixer,0.975148
2,5,8,vim_tiny,cifar10,0.03,9,base.layers.8.mixer,0.978338
2,5,8,vim_tiny,cifar10,0.03,10,base.layers.9.mixer,0.983826
2,5,8,vim_tiny,cifar10,0.03,11,base.layers.10.mixer,0.958538
2,5,8,vim_tiny,cifar10,0.03,12,base.layers.11.mixer,0.989683
2,5,8,vim_tiny,cifar10,0.03,13,classifier,0.851286
2,5,9,vim_tiny,cifar10,0.03,0,base.patch_embed,0.973935
2,5,9,vim_tiny,cifar10,0.03,1,base.layers.0.mixer,0.708832
2,5,9,vim_tiny,cifar10,0.03,2,base.layers.1.mixer,0.848649
2,5,9,vim_tiny,cifar10,0.03,3,base.layers.2.mixer,0.851415
2,5,9,vim_tiny,cifar10,0.03,4,base.layers.3.mixer,0.918317
2,5,9,vim_tiny,cifar10,0.03,5,base.layers.4.mixer,0.907519
2,5,9,vim_tiny,cifar10,0.03,6,base.layers.5.mixer,0.885900
2,5,9,vim_tiny,cifar10,0.03,7,base.layers.6.mixer,0.855973
2,5,9,vim_tiny,cifar10,0.03,8,base.layers.7.mixer,0.864915
2,5,9,vim_tiny,cifar10,0.03,9,base.layers.8.mixer,0.931483
2,5,9,vim_tiny,cifar10,0.03,10,base.layers.9.mixer,0.928631
2,5,9,vim_tiny,cifar10,0.03,11,base.layers.10.mixer,0.904387
2,5,9,vim_tiny,cifar10,0.03,12,base.layers.11.mixer,0.840823
2,5,9,vim_tiny,cifar10,0.03,13,classifier,0.542512
2,6,7,vim_tiny,cifar10,0.03,0,base.patch_embed,0.982216
2,6,7,vim_tiny,cifar10,0.03,1,base.layers.0.mixer,0.936300
2,6,7,vim_tiny,cifar10,0.03,2,base.layers.1.mixer,0.939970
2,6,7,vim_tiny,cifar10,0.03,3,base.layers.2.mixer,0.917992
2,6,7,vim_tiny,cifar10,0.03,4,base.layers.3.mixer,0.983356
2,6,7,vim_tiny,cifar10,0.03,5,base.layers.4.mixer,0.937557
2,6,7,vim_tiny,cifar10,0.03,6,base.layers.5.mixer,0.978114
2,6,7,vim_tiny,cifar10,0.03,7,base.layers.6.mixer,0.932295
2,6,7,vim_tiny,cifar10,0.03,8,base.layers.7.mixer,0.930935
2,6,7,vim_tiny,cifar10,0.03,9,base.layers.8.mixer,0.982943
2,6,7,vim_tiny,cifar10,0.03,10,base.layers.9.mixer,0.971291
2,6,7,vim_tiny,cifar10,0.03,11,base.layers.10.mixer,0.915469
2,6,7,vim_tiny,cifar10,0.03,12,base.layers.11.mixer,0.983074
2,6,7,vim_tiny,cifar10,0.03,13,classifier,0.431230
2,6,8,vim_tiny,cifar10,0.03,0,base.patch_embed,0.999804
2,6,8,vim_tiny,cifar10,0.03,1,base.layers.0.mixer,0.959419
2,6,8,vim_tiny,cifar10,0.03,2,base.layers.1.mixer,0.975146
2,6,8,vim_tiny,cifar10,0.03,3,base.layers.2.mixer,0.923027
2,6,8,vim_tiny,cifar10,0.03,4,base.layers.3.mixer,0.980924
2,6,8,vim_tiny,cifar10,0.03,5,base.layers.4.mixer,0.886062
2,6,8,vim_tiny,cifar10,0.03,6,base.layers.5.mixer,0.971746
2,6,8,vim_tiny,cifar10,0.03,7,base.layers.6.mixer,0.958041
2,6,8,vim_tiny,cifar10,0.03,8,base.layers.7.mixer,0.983534
2,6,8,vim_tiny,cifar10,0.03,9,base.layers.8.mixer,0.972848
2,6,8,vim_tiny,cifar10,0.03,10,base.layers.9.mixer,0.981504
2,6,8,vim_tiny,cifar10,0.03,11,base.layers.10.mixer,0.985914
2,6,8,vim_tiny,cifar10,0.03,12,base.layers.11.mixer,0.991152
2,6,8,vim_tiny,cifar10,0.03,13,classifier,0.239619
2,6,9,vim_tiny,cifar10,0.03,0,base.patch_embed,0.979809
2,6,9,vim_tiny,cifar10,0.03,1,base.layers.0.mixer,0.885219
2,6,9,vim_tiny,cifar10,0.03,2,base.layers.1.mixer,0.930734
2,6,9,vim_tiny,cifar10,0.03,3,base.layers.2.mixer,0.819688
2,6,9,vim_tiny,cifar10,0.03,4,base.layers.3.mixer,0.943769
2,6,9,vim_tiny,cifar10,0.03,5,base.layers.4.mixer,0.845872
2,6,9,vim_tiny,cifar10,0.03,6,base.layers.5.mixer,0.913497
2,6,9,vim_tiny,cifar10,0.03,7,base.layers.6.mixer,0.877071
2,6,9,vim_tiny,cifar10,0.03,8,base.layers.7.mixer,0.889586
2,6,9,vim_tiny,cifar10,0.03,9,base.layers.8.mixer,0.940419
2,6,9,vim_tiny,cifar10,0.03,10,base.layers.9.mixer,0.934305
2,6,9,vim_tiny,cifar10,0.03,11,base.layers.10.mixer,0.922351
2,6,9,vim_tiny,cifar10,0.03,12,base.layers.11.mixer,0.864863
2,6,9,vim_tiny,cifar10,0.03,13,classifier,0.205752
2,7,8,vim_tiny,cifar10,0.03,0,base.patch_embed,0.984080
2,7,8,vim_tiny,cifar10,0.03,1,base.layers.0.mixer,0.979744
2,7,8,vim_tiny,cifar10,0.03,2,base.layers.1.mixer,0.962472
2,7,8,vim_tiny,cifar10,0.03,3,base.layers.2.mixer,0.970699
2,7,8,vim_tiny,cifar10,0.03,4,base.layers.3.mixer,0.990394
2,7,8,vim_tiny,cifar10,0.03,5,base.layers.4.mixer,0.958848
2,7,8,vim_tiny,cifar10,0.03,6,base.layers.5.mixer,0.955446
2,7,8,vim_tiny,cifar10,0.03,7,base.layers.6.mixer,0.963974
2,7,8,vim_tiny,cifar10,0.03,8,base.layers.7.mixer,0.964109
2,7,8,vim_tiny,cifar10,0.03,9,base.layers.8.mixer,0.981772
2,7,8,vim_tiny,cifar10,0.03,10,base.layers.9.mixer,0.982999
2,7,8,vim_tiny,cifar10,0.03,11,base.layers.10.mixer,0.952746
2,7,8,vim_tiny,cifar10,0.03,12,base.layers.11.mixer,0.981819
2,7,8,vim_tiny,cifar10,0.03,13,classifier,0.588013
2,7,9,vim_tiny,cifar10,0.03,0,base.patch_embed,0.949023
2,7,9,vim_tiny,cifar10,0.03,1,base.layers.0.mixer,0.765310
2,7,9,vim_tiny,cifar10,0.03,2,base.layers.1.mixer,0.912257
2,7,9,vim_tiny,cifar10,0.03,3,base.layers.2.mixer,0.835869
2,7,9,vim_tiny,cifar10,0.03,4,base.layers.3.mixer,0.915316
2,7,9,vim_tiny,cifar10,0.03,5,base.layers.4.mixer,0.910179
2,7,9,vim_tiny,cifar10,0.03,6,base.layers.5.mixer,0.891315
2,7,9,vim_tiny,cifar10,0.03,7,base.layers.6.mixer,0.876108
2,7,9,vim_tiny,cifar10,0.03,8,base.layers.7.mixer,0.841600
2,7,9,vim_tiny,cifar10,0.03,9,base.layers.8.mixer,0.941042
2,7,9,vim_tiny,cifar10,0.03,10,base.layers.9.mixer,0.946333
2,7,9,vim_tiny,cifar10,0.03,11,base.layers.10.mixer,0.924115
2,7,9,vim_tiny,cifar10,0.03,12,base.layers.11.mixer,0.877705
2,7,9,vim_tiny,cifar10,0.03,13,classifier,0.412368
2,8,9,vim_tiny,cifar10,0.03,0,base.patch_embed,0.981517
2,8,9,vim_tiny,cifar10,0.03,1,base.layers.0.mixer,0.824685
2,8,9,vim_tiny,cifar10,0.03,2,base.layers.1.mixer,0.944393
2,8,9,vim_tiny,cifar10,0.03,3,base.layers.2.mixer,0.866501
2,8,9,vim_tiny,cifar10,0.03,4,base.layers.3.mixer,0.907733
2,8,9,vim_tiny,cifar10,0.03,5,base.layers.4.mixer,0.899574
2,8,9,vim_tiny,cifar10,0.03,6,base.layers.5.mixer,0.953005
2,8,9,vim_tiny,cifar10,0.03,7,base.layers.6.mixer,0.889724
2,8,9,vim_tiny,cifar10,0.03,8,base.layers.7.mixer,0.877435
2,8,9,vim_tiny,cifar10,0.03,9,base.layers.8.mixer,0.966422
2,8,9,vim_tiny,cifar10,0.03,10,base.layers.9.mixer,0.963347
2,8,9,vim_tiny,cifar10,0.03,11,base.layers.10.mixer,0.950886
2,8,9,vim_tiny,cifar10,0.03,12,base.layers.11.mixer,0.852788
2,8,9,vim_tiny,cifar10,0.03,13,classifier,0.752165
5,0,1,vim_tiny,cifar10,0.03,0,base.patch_embed,0.974460
5,0,1,vim_tiny,cifar10,0.03,1,base.layers.0.mixer,0.957750
5,0,1,vim_tiny,cifar10,0.03,2,base.layers.1.mixer,0.735374
5,0,1,vim_tiny,cifar10,0.03,3,base.layers.2.mixer,0.964875
5,0,1,vim_tiny,cifar10,0.03,4,base.layers.3.mixer,0.945791
5,0,1,vim_tiny,cifar10,0.03,5,base.layers.4.mixer,0.915689
5,0,1,vim_tiny,cifar10,0.03,6,base.layers.5.mixer,0.933811
5,0,1,vim_tiny,cifar10,0.03,7,base.layers.6.mixer,0.900441
5,0,1,vim_tiny,cifar10,0.03,8,base.layers.7.mixer,0.531607
5,0,1,vim_tiny,cifar10,0.03,9,base.layers.8.mixer,0.962478
5,0,1,vim_tiny,cifar10,0.03,10,base.layers.9.mixer,0.763342
5,0,1,vim_tiny,cifar10,0.03,11,base.layers.10.mixer,0.964888
5,0,1,vim_tiny,cifar10,0.03,12,base.layers.11.mixer,0.959857
5,0,1,vim_tiny,cifar10,0.03,13,classifier,0.843496
5,0,2,vim_tiny,cifar10,0.03,0,base.patch_embed,0.947533
5,0,2,vim_tiny,cifar10,0.03,1,base.layers.0.mixer,0.908139
5,0,2,vim_tiny,cifar10,0.03,2,base.layers.1.mixer,0.933400
5,0,2,vim_tiny,cifar10,0.03,3,base.layers.2.mixer,0.560593
5,0,2,vim_tiny,cifar10,0.03,4,base.layers.3.mixer,0.346014
5,0,2,vim_tiny,cifar10,0.03,5,base.layers.4.mixer,0.791747
5,0,2,vim_tiny,cifar10,0.03,6,base.layers.5.mixer,0.894951
5,0,2,vim_tiny,cifar10,0.03,7,base.layers.6.mixer,0.855189
5,0,2,vim_tiny,cifar10,0.03,8,base.layers.7.mixer,0.514737
5,0,2,vim_tiny,cifar10,0.03,9,base.layers.8.mixer,0.868128
5,0,2,vim_tiny,cifar10,0.03,10,base.layers.9.mixer,0.700136
5,0,2,vim_tiny,cifar10,0.03,11,base.layers.10.mixer,0.885542
5,0,2,vim_tiny,cifar10,0.03,12,base.layers.11.mixer,0.940549
5,0,2,vim_tiny,cifar10,0.03,13,classifier,0.156257
5,0,3,vim_tiny,cifar10,0.03,0,base.patch_embed,0.980400
5,0,3,vim_tiny,cifar10,0.03,1,base.layers.0.mixer,0.963157
5,0,3,vim_tiny,cifar10,0.03,2,base.layers.1.mixer,0.899929
5,0,3,vim_tiny,cifar10,0.03,3,base.layers.2.mixer,0.872149
5,0,3,vim_tiny,cifar10,0.03,4,base.layers.3.mixer,0.382436
5,0,3,vim_tiny,cifar10,0.03,5,base.layers.4.mixer,0.971265
5,0,3,vim_tiny,cifar10,0.03,6,base.layers.5.mixer,0.947048
5,0,3,vim_tiny,cifar10,0.03,7,base.layers.6.mixer,0.960829
5,0,3,vim_tiny,cifar10,0.03,8,base.layers.7.mixer,0.527003
5,0,3,vim_tiny,cifar10,0.03,9,base.layers.8.mixer,0.959923
5,0,3,vim_tiny,cifar10,0.03,10,base.layers.9.mixer,0.804183
5,0,3,vim_tiny,cifar10,0.03,11,base.layers.10.mixer,0.968615
5,0,3,vim_tiny,cifar10,0.03,12,base.layers.11.mixer,0.981054
5,0,3,vim_tiny,cifar10,0.03,13,classifier,0.259052
5,0,4,vim_tiny,cifar10,0.03,0,base.patch_embed,0.971343
5,0,4,vim_tiny,cifar10,0.03,1,base.layers.0.mixer,0.929353
5,0,4,vim_tiny,cifar10,0.03,2,base.layers.1.mixer,0.844451
5,0,4,vim_tiny,cifar10,0.03,3,base.layers.2.mixer,0.813363
5,0,4,vim_tiny,cifar10,0.03,4,base.layers.3.mixer,0.380362
5,0,4,vim_tiny,cifar10,0.03,5,base.layers.4.mixer,0.929735
5,0,4,vim_tiny,cifar10,0.03,6,base.layers.5.mixer,0.846357
5,0,4,vim_tiny,cifar10,0.03,7,base.layers.6.mixer,0.940235
5,0,4,vim_tiny,cifar10,0.03,8,base.layers.7.mixer,0.558770
5,0,4,vim_tiny,cifar10,0.03,9,base.layers.8.mixer,0.958949
5,0,4,vim_tiny,cifar10,0.03,10,base.layers.9.mixer,0.727275
5,0,4,vim_tiny,cifar10,0.03,11,base.layers.10.mixer,0.985544
5,0,4,vim_tiny,cifar10,0.03,12,base.layers.11.mixer,0.957055
5,0,4,vim_tiny,cifar10,0.03,13,classifier,0.448510
5,0,5,vim_tiny,cifar10,0.03,0,base.patch_embed,0.994335
5,0,5,vim_tiny,cifar10,0.03,1,base.layers.0.mixer,0.972627
5,0,5,vim_tiny,cifar10,0.03,2,base.layers.1.mixer,0.617858
5,0,5,vim_tiny,cifar10,0.03,3,base.layers.2.mixer,0.844714
5,0,5,vim_tiny,cifar10,0.03,4,base.layers.3.mixer,0.353407
5,0,5,vim_tiny,cifar10,0.03,5,base.layers.4.mixer,0.947572
5,0,5,vim_tiny,cifar10,0.03,6,base.layers.5.mixer,0.905711
5,0,5,vim_tiny,cifar10,0.03,7,base.layers.6.mixer,0.929641
5,0,5,vim_tiny,cifar10,0.03,8,base.layers.7.mixer,0.518753
5,0,5,vim_tiny,cifar10,0.03,9,base.layers.8.mixer,0.962104
5,0,5,vim_tiny,cifar10,0.03,10,base.layers.9.mixer,0.775787
5,0,5,vim_tiny,cifar10,0.03,11,base.layers.10.mixer,0.913420
5,0,5,vim_tiny,cifar10,0.03,12,base.layers.11.mixer,0.986308
5,0,5,vim_tiny,cifar10,0.03,13,classifier,0.522237
5,0,6,vim_tiny,cifar10,0.03,0,base.patch_embed,0.976482
5,0,6,vim_tiny,cifar10,0.03,1,base.layers.0.mixer,0.953180
5,0,6,vim_tiny,cifar10,0.03,2,base.layers.1.mixer,0.937390
5,0,6,vim_tiny,cifar10,0.03,3,base.layers.2.mixer,0.825391
5,0,6,vim_tiny,cifar10,0.03,4,base.layers.3.mixer,0.367244
5,0,6,vim_tiny,cifar10,0.03,5,base.layers.4.mixer,0.967350
5,0,6,vim_tiny,cifar10,0.03,6,base.layers.5.mixer,0.908361
5,0,6,vim_tiny,cifar10,0.03,7,base.layers.6.mixer,0.974119
5,0,6,vim_tiny,cifar10,0.03,8,base.layers.7.mixer,0.531415
5,0,6,vim_tiny,cifar10,0.03,9,base.layers.8.mixer,0.954313
5,0,6,vim_tiny,cifar10,0.03,10,base.layers.9.mixer,0.713001
5,0,6,vim_tiny,cifar10,0.03,11,base.layers.10.mixer,0.964417
5,0,6,vim_tiny,cifar10,0.03,12,base.layers.11.mixer,0.982217
5,0,6,vim_tiny,cifar10,0.03,13,classifier,0.226096
5,0,7,vim_tiny,cifar10,0.03,0,base.patch_embed,0.985334
5,0,7,vim_tiny,cifar10,0.03,1,base.layers.0.mixer,0.881482
5,0,7,vim_tiny,cifar10,0.03,2,base.layers.1.mixer,0.869833
5,0,7,vim_tiny,cifar10,0.03,3,base.layers.2.mixer,0.943091
5,0,7,vim_tiny,cifar10,0.03,4,base.layers.3.mixer,0.454572
5,0,7,vim_tiny,cifar10,0.03,5,base.layers.4.mixer,0.943195
5,0,7,vim_tiny,cifar10,0.03,6,base.layers.5.mixer,0.734715
5,0,7,vim_tiny,cifar10,0.03,7,base.layers.6.mixer,0.912165
5,0,7,vim_tiny,cifar10,0.03,8,base.layers.7.mixer,0.570172
5,0,7,vim_tiny,cifar10,0.03,9,base.layers.8.mixer,0.880334
5,0,7,vim_tiny,cifar10,0.03,10,base.layers.9.mixer,0.766346
5,0,7,vim_tiny,cifar10,0.03,11,base.layers.10.mixer,0.824416
5,0,7,vim_tiny,cifar10,0.03,12,base.layers.11.mixer,0.933314
5,0,7,vim_tiny,cifar10,0.03,13,classifier,0.506018
5,0,8,vim_tiny,cifar10,0.03,0,base.patch_embed,0.992176
5,0,8,vim_tiny,cifar10,0.03,1,base.layers.0.mixer,0.927395
5,0,8,vim_tiny,cifar10,0.03,2,base.layers.1.mixer,0.969118
5,0,8,vim_tiny,cifar10,0.03,3,base.layers.2.mixer,0.915399
5,0,8,vim_tiny,cifar10,0.03,4,base.layers.3.mixer,0.392084
5,0,8,vim_tiny,cifar10,0.03,5,base.layers.4.mixer,0.982015
5,0,8,vim_tiny,cifar10,0.03,6,base.layers.5.mixer,0.932711
5,0,8,vim_tiny,cifar10,0.03,7,base.layers.6.mixer,0.944954
5,0,8,vim_tiny,cifar10,0.03,8,base.layers.7.mixer,0.598295
5,0,8,vim_tiny,cifar10,0.03,9,base.layers.8.mixer,0.957509
5,0,8,vim_tiny,cifar10,0.03,10,base.layers.9.mixer,0.775339
5,0,8,vim_tiny,cifar10,0.03,11,base.layers.10.mixer,0.985990
5,0,8,vim_tiny,cifar10,0.03,12,base.layers.11.mixer,0.985498
5,0,8,vim_tiny,cifar10,0.03,13,classifier,0.758396
5,0,9,vim_tiny,cifar10,0.03,0,base.patch_embed,0.982401
5,0,9,vim_tiny,cifar10,0.03,1,base.layers.0.mixer,0.901626
5,0,9,vim_tiny,cifar10,0.03,2,base.layers.1.mixer,0.923659
5,0,9,vim_tiny,cifar10,0.03,3,base.layers.2.mixer,0.758866
5,0,9,vim_tiny,cifar10,0.03,4,base.layers.3.mixer,0.346931
5,0,9,vim_tiny,cifar10,0.03,5,base.layers.4.mixer,0.727546
5,0,9,vim_tiny,cifar10,0.03,6,base.layers.5.mixer,0.865822
5,0,9,vim_tiny,cifar10,0.03,7,base.layers.6.mixer,0.863041
5,0,9,vim_tiny,cifar10,0.03,8,base.layers.7.mixer,0.478895
5,0,9,vim_tiny,cifar10,0.03,9,base.layers.8.mixer,0.799799
5,0,9,vim_tiny,cifar10,0.03,10,base.layers.9.mixer,0.678266
5,0,9,vim_tiny,cifar10,0.03,11,base.layers.10.mixer,0.945558
5,0,9,vim_tiny,cifar10,0.03,12,base.layers.11.mixer,0.835062
5,0,9,vim_tiny,cifar10,0.03,13,classifier,0.426956
5,1,2,vim_tiny,cifar10,0.03,0,base.patch_embed,0.884095
5,1,2,vim_tiny,cifar10,0.03,1,base.layers.0.mixer,0.894463
5,1,2,vim_tiny,cifar10,0.03,2,base.layers.1.mixer,0.667474
5,1,2,vim_tiny,cifar10,0.03,3,base.layers.2.mixer,0.459722
5,1,2,vim_tiny,cifar10,0.03,4,base.layers.3.mixer,0.279243
5,1,2,vim_tiny,cifar10,0.03,5,base.layers.4.mixer,0.821134
5,1,2,vim_tiny,cifar10,0.03,6,base.layers.5.mixer,0.875194
5,1,2,vim_tiny,cifar10,0.03,7,base.layers.6.mixer,0.734624
5,1,2,vim_tiny,cifar10,0.03,8,base.layers.7.mixer,0.939997
5,1,2,vim_tiny,cifar10,0.03,9,base.layers.8.mixer,0.866602
5,1,2,vim_tiny,cifar10,0.03,10,base.layers.9.mixer,0.826927
5,1,2,vim_tiny,cifar10,0.03,11,base.layers.10.mixer,0.803719
5,1,2,vim_tiny,cifar10,0.03,12,base.layers.11.mixer,0.894060
5,1,2,vim_tiny,cifar10,0.03,13,classifier,0.251922
5,1,3,vim_tiny,cifar10,0.03,0,base.patch_embed,0.915121
5,1,3,vim_tiny,cifar10,0.03,1,base.layers.0.mixer,0.963167
5,1,3,vim_tiny,cifar10,0.03,2,base.layers.1.mixer,0.662742
5,1,3,vim_tiny,cifar10,0.03,3,base.layers.2.mixer,0.817343
5,1,3,vim_tiny,cifar10,0.03,4,base.layers.3.mixer,0.332261
5,1,3,vim_tiny,cifar10,0.03,5,base.layers.4.mixer,0.947540
5,1,3,vim_tiny,cifar10,0.03,6,base.layers.5.mixer,0.939218
5,1,3,vim_tiny,cifar10,0.03,7,base.layers.6.mixer,0.931829
5,1,3,vim_tiny,cifar10,0.03,8,base.layers.7.mixer,0.970387
5,1,3,vim_tiny,cifar10,0.03,9,base.layers.8.mixer,0.943726
5,1,3,vim_tiny,cifar10,0.03,10,base.layers.9.mixer,0.936580
5,1,3,vim_tiny,cifar10,0.03,11,base.layers.10.mixer,0.896951
5,1,3,vim_tiny,cifar10,0.03,12,base.layers.11.mixer,0.928258
5,1,3,vim_tiny,cifar10,0.03,13,classifier,0.194368
5,1,4,vim_tiny,cifar10,0.03,0,base.patch_embed,0.897564
5,1,4,vim_tiny,cifar10,0.03,1,base.layers.0.mixer,0.919241
5,1,4,vim_tiny,cifar10,0.03,2,base.layers.1.mixer,0.612506
5,1,4,vim_tiny,cifar10,0.03,3,base.layers.2.mixer,0.758568
5,1,4,vim_tiny,cifar10,0.03,4,base.layers.3.mixer,0.315360
5,1,4,vim_tiny,cifar10,0.03,5,base.layers.4.mixer,0.958531
5,1,4,vim_tiny,cifar10,0.03,6,base.layers.5.mixer,0.857108
5,1,4,vim_tiny,cifar10,0.03,7,base.layers.6.mixer,0.908719
5,1,4,vim_tiny,cifar10,0.03,8,base.layers.7.mixer,0.946488
5,1,4,vim_tiny,cifar10,0.03,9,base.layers.8.mixer,0.927405
5,1,4,vim_tiny,cifar10,0.03,10,base.layers.9.mixer,0.922224
5,1,4,vim_tiny,cifar10,0.03,11,base.layers.10.mixer,0.948609
5,1,4,vim_tiny,cifar10,0.03,12,base.layers.11.mixer,0.868108
5,1,4,vim_tiny,cifar10,0.03,13,classifier,0.475915
5,1,5,vim_tiny,cifar10,0.03,0,base.patch_embed,0.952473
5,1,5,vim_tiny,cifar10,0.03,1,base.layers.0.mixer,0.951566
5,1,5,vim_tiny,cifar10,0.03,2,base.layers.1.mixer,0.314036
5,1,5,vim_tiny,cifar10,0.03,3,base.layers.2.mixer,0.803122
5,1,5,vim_tiny,cifar10,0.03,4,base.layers.3.mixer,0.269879
5,1,5,vim_tiny,cifar10,0.03,5,base.layers.4.mixer,0.936409
5,1,5,vim_tiny,cifar10,0.03,6,base.layers.5.mixer,0.941961
5,1,5,vim_tiny,cifar10,0.03,7,base.layers.6.mixer,0.935631
5,1,5,vim_tiny,cifar10,0.03,8,base.layers.7.mixer,0.966235
5,1,5,vim_tiny,cifar10,0.03,9,base.layers.8.mixer,0.959761
5,1,5,vim_tiny,cifar10,0.03,10,base.layers.9.mixer,0.977545
5,1,5,vim_tiny,cifar10,0.03,11,base.layers.10.mixer,0.914489
5,1,5,vim_tiny,cifar10,0.03,12,base.layers.11.mixer,0.934236
5,1,5,vim_tiny,cifar10,0.03,13,classifier,0.459816
5,1,6,vim_tiny,cifar10,0.03,0,base.patch_embed,0.906139
5,1,6,vim_tiny,cifar10,0.03,1,base.layers.0.mixer,0.953377
5,1,6,vim_tiny,cifar10,0.03,2,base.layers.1.mixer,0.694329
5,1,6,vim_tiny,cifar10,0.03,3,base.layers.2.mixer,0.758970
5,1,6,vim_tiny,cifar10,0.03,4,base.layers.3.mixer,0.304662
5,1,6,vim_tiny,cifar10,0.03,5,base.layers.4.mixer,0.934580
5,1,6,vim_tiny,cifar10,0.03,6,base.layers.5.mixer,0.920011
5,1,6,vim_tiny,cifar10,0.03,7,base.layers.6.mixer,0.891416
5,1,6,vim_tiny,cifar10,0.03,8,base.layers.7.mixer,0.968531
5,1,6,vim_tiny,cifar10,0.03,9,base.layers.8.mixer,0.938756
5,1,6,vim_tiny,cifar10,0.03,10,base.layers.9.mixer,0.872125
5,1,6,vim_tiny,cifar10,0.03,11,base.layers.10.mixer,0.889128
5,1,6,vim_tiny,cifar10,0.03,12,base.layers.11.mixer,0.923501
5,1,6,vim_tiny,cifar10,0.03,13,classifier,0.155926
5,1,7,vim_tiny,cifar10,0.03,0,base.patch_embed,0.966919
5,1,7,vim_tiny,cifar10,0.03,1,base.layers.0.mixer,0.902043
5,1,7,vim_tiny,cifar10,0.03,2,base.layers.1.mixer,0.623102
5,1,7,vim_tiny,cifar10,0.03,3,base.layers.2.mixer,0.922458
5,1,7,vim_tiny,cifar10,0.03,4,base.layers.3.mixer,0.384082
5,1,7,vim_tiny,cifar10,0.03,5,base.layers.4.mixer,0.838088
5,1,7,vim_tiny,cifar10,0.03,6,base.layers.5.mixer,0.758502
5,1,7,vim_tiny,cifar10,0.03,7,base.layers.6.mixer,0.898163
5,1,7,vim_tiny,cifar10,0.03,8,base.layers.7.mixer,0.948156
5,1,7,vim_tiny,cifar10,0.03,9,base.layers.8.mixer,0.894658
5,1,7,vim_tiny,cifar10,0.03,10,base.layers.9.mixer,0.917679
5,1,7,vim_tiny,cifar10,0.03,11,base.layers.10.mixer,0.837186
5,1,7,vim_tiny,cifar10,0.03,12,base.layers.11.mixer,0.920177
5,1,7,vim_tiny,cifar10,0.03,13,classifier,0.320644
5,1,8,vim_tiny,cifar10,0.03,0,base.patch_embed,0.954122
5,1,8,vim_tiny,cifar10,0.03,1,base.layers.0.mixer,0.908406
5,1,8,vim_tiny,cifar10,0.03,2,base.layers.1.mixer,0.670743
5,1,8,vim_tiny,cifar10,0.03,3,base.layers.2.mixer,0.882346
5,1,8,vim_tiny,cifar10,0.03,4,base.layers.3.mixer,0.317245
5,1,8,vim_tiny,cifar10,0.03,5,base.layers.4.mixer,0.921340
5,1,8,vim_tiny,cifar10,0.03,6,base.layers.5.mixer,0.940887
5,1,8,vim_tiny,cifar10,0.03,7,base.layers.6.mixer,0.949797
5,1,8,vim_tiny,cifar10,0.03,8,base.layers.7.mixer,0.962310
5,1,8,vim_tiny,cifar10,0.03,9,base.layers.8.mixer,0.934413
5,1,8,vim_tiny,cifar10,0.03,10,base.layers.9.mixer,0.967754
5,1,8,vim_tiny,cifar10,0.03,11,base.layers.10.mixer,0.938611
5,1,8,vim_tiny,cifar10,0.03,12,base.layers.11.mixer,0.941970
5,1,8,vim_tiny,cifar10,0.03,13,classifier,0.853989
5,1,9,vim_tiny,cifar10,0.03,0,base.patch_embed,0.931706
5,1,9,vim_tiny,cifar10,0.03,1,base.layers.0.mixer,0.895700
5,1,9,vim_tiny,cifar10,0.03,2,base.layers.1.mixer,0.672533
5,1,9,vim_tiny,cifar10,0.03,3,base.layers.2.mixer,0.683962
5,1,9,vim_tiny,cifar10,0.03,4,base.layers.3.mixer,0.274301
5,1,9,vim_tiny,cifar10,0.03,5,base.layers.4.mixer,0.723817
5,1,9,vim_tiny,cifar10,0.03,6,base.layers.5.mixer,0.879378
5,1,9,vim_tiny,cifar10,0.03,7,base.layers.6.mixer,0.807857
5,1,9,vim_tiny,cifar10,0.03,8,base.layers.7.mixer,0.955997
5,1,9,vim_tiny,cifar10,0.03,9,base.layers.8.mixer,0.811176
5,1,9,vim_tiny,cifar10,0.03,10,base.layers.9.mixer,0.853937
5,1,9,vim_tiny,cifar10,0.03,11,base.layers.10.mixer,0.915622
5,1,9,vim_tiny,cifar10,0.03,12,base.layers.11.mixer,0.786107
5,1,9,vim_tiny,cifar10,0.03,13,classifier,0.363178
5,2,3,vim_tiny,cifar10,0.03,0,base.patch_embed,0.952533
5,2,3,vim_tiny,cifar10,0.03,1,base.layers.0.mixer,0.905572
5,2,3,vim_tiny,cifar10,0.03,2,base.layers.1.mixer,0.889088
5,2,3,vim_tiny,cifar10,0.03,3,base.layers.2.mixer,0.811572
5,2,3,vim_tiny,cifar10,0.03,4,base.layers.3.mixer,0.944313
5,2,3,vim_tiny,cifar10,0.03,5,base.layers.4.mixer,0.826349
5,2,3,vim_tiny,cifar10,0.03,6,base.layers.5.mixer,0.960254
5,2,3,vim_tiny,cifar10,0.03,7,base.layers.6.mixer,0.839670
5,2,3,vim_tiny,cifar10,0.03,8,base.layers.7.mixer,0.958996
5,2,3,vim_tiny,cifar10,0.03,9,base.layers.8.mixer,0.936685
5,2,3,vim_tiny,cifar10,0.03,10,base.layers.9.mixer,0.920499
5,2,3,vim_tiny,cifar10,0.03,11,base.layers.10.mixer,0.930382
5,2,3,vim_tiny,cifar10,0.03,12,base.layers.11.mixer,0.937934
5,2,3,vim_tiny,cifar10,0.03,13,classifier,0.150796
5,2,4,vim_tiny,cifar10,0.03,0,base.patch_embed,0.969391
5,2,4,vim_tiny,cifar10,0.03,1,base.layers.0.mixer,0.941914
5,2,4,vim_tiny,cifar10,0.03,2,base.layers.1.mixer,0.864691
5,2,4,vim_tiny,cifar10,0.03,3,base.layers.2.mixer,0.820372
5,2,4,vim_tiny,cifar10,0.03,4,base.layers.3.mixer,0.982830
5,2,4,vim_tiny,cifar10,0.03,5,base.layers.4.mixer,0.864112
5,2,4,vim_tiny,cifar10,0.03,6,base.layers.5.mixer,0.928406
5,2,4,vim_tiny,cifar10,0.03,7,base.layers.6.mixer,0.848991
5,2,4,vim_tiny,cifar10,0.03,8,base.layers.7.mixer,0.967345
5,2,4,vim_tiny,cifar10,0.03,9,base.layers.8.mixer,0.928665
5,2,4,vim_tiny,cifar10,0.03,10,base.layers.9.mixer,0.921132
5,2,4,vim_tiny,cifar10,0.03,11,base.layers.10.mixer,0.913342
5,2,4,vim_tiny,cifar10,0.03,12,base.layers.11.mixer,0.951123
5,2,4,vim_tiny,cifar10,0.03,13,classifier,0.496282
5,2,5,vim_tiny,cifar10,0.03,0,base.patch_embed,0.959345
5,2,5,vim_tiny,cifar10,0.03,1,base.layers.0.mixer,0.931775
5,2,5,vim_tiny,cifar10,0.03,2,base.layers.1.mixer,0.612982
5,2,5,vim_tiny,cifar10,0.03,3,base.layers.2.mixer,0.791436
5,2,5,vim_tiny,cifar10,0.03,4,base.layers.3.mixer,0.960931
5,2,5,vim_tiny,cifar10,0.03,5,base.layers.4.mixer,0.852359
5,2,5,vim_tiny,cifar10,0.03,6,base.layers.5.mixer,0.934723
5,2,5,vim_tiny,cifar10,0.03,7,base.layers.6.mixer,0.803281
5,2,5,vim_tiny,cifar10,0.03,8,base.layers.7.mixer,0.975352
5,2,5,vim_tiny,cifar10,0.03,9,base.layers.8.mixer,0.919192
5,2,5,vim_tiny,cifar10,0.03,10,base.layers.9.mixer,0.882183
5,2,5,vim_tiny,cifar10,0.03,11,base.layers.10.mixer,0.744685
5,2,5,vim_tiny,cifar10,0.03,12,base.layers.11.mixer,0.958368
5,2,5,vim_tiny,cifar10,0.03,13,classifier,0.326404
5,2,6,vim_tiny,cifar10,0.03,0,base.patch_embed,0.969933
5,2,6,vim_tiny,cifar10,0.03,1,base.layers.0.mixer,0.959745
5,2,6,vim_tiny,cifar10,0.03,2,base.layers.1.mixer,0.941070
5,2,6,vim_tiny,cifar10,0.03,3,base.layers.2.mixer,0.844349
5,2,6,vim_tiny,cifar10,0.03,4,base.layers.3.mixer,0.985848
5,2,6,vim_tiny,cifar10,0.03,5,base.layers.4.mixer,0.847589
5,2,6,vim_tiny,cifar10,0.03,6,base.layers.5.mixer,0.965254
5,2,6,vim_tiny,cifar10,0.03,7,base.layers.6.mixer,0.898981
5,2,6,vim_tiny,cifar10,0.03,8,base.layers.7.mixer,0.970407
5,2,6,vim_tiny,cifar10,0.03,9,base.layers.8.mixer,0.949072
5,2,6,vim_tiny,cifar10,0.03,10,base.layers.9.mixer,0.932061
5,2,6,vim_tiny,cifar10,0.03,11,base.layers.10.mixer,0.944382
5,2,6,vim_tiny,cifar10,0.03,12,base.layers.11.mixer,0.957054
5,2,6,vim_tiny,cifar10,0.03,13,classifier,0.196116
5,2,7,vim_tiny,cifar10,0.03,0,base.patch_embed,0.926665
5,2,7,vim_tiny,cifar10,0.03,1,base.layers.0.mixer,0.951070
5,2,7,vim_tiny,cifar10,0.03,2,base.layers.1.mixer,0.843136
5,2,7,vim_tiny,cifar10,0.03,3,base.layers.2.mixer,0.637331
5,2,7,vim_tiny,cifar10,0.03,4,base.layers.3.mixer,0.949884
5,2,7,vim_tiny,cifar10,0.03,5,base.layers.4.mixer,0.718171
5,2,7,vim_tiny,cifar10,0.03,6,base.layers.5.mixer,0.629544
5,2,7,vim_tiny,cifar10,0.03,7,base.layers.6.mixer,0.849467
5,2,7,vim_tiny,cifar10,0.03,8,base.layers.7.mixer,0.950762
5,2,7,vim_tiny,cifar10,0.03,9,base.layers.8.mixer,0.873345
5,2,7,vim_tiny,cifar10,0.03,10,base.layers.9.mixer,0.921226
5,2,7,vim_tiny,cifar10,0.03,11,base.layers.10.mixer,0.612778
5,2,7,vim_tiny,cifar10,0.03,12,base.layers.11.mixer,0.877857
5,2,7,vim_tiny,cifar10,0.03,13,classifier,0.097826
5,2,8,vim_tiny,cifar10,0.03,0,base.patch_embed,0.978493
5,2,8,vim_tiny,cifar10,0.03,1,base.layers.0.mixer,0.985857
5,2,8,vim_tiny,cifar10,0.03,2,base.layers.1.mixer,0.955387
5,2,8,vim_tiny,cifar10,0.03,3,base.layers.2.mixer,0.713846
5,2,8,vim_tiny,cifar10,0.03,4,base.layers.3.mixer,0.979639
5,2,8,vim_tiny,cifar10,0.03,5,base.layers.4.mixer,0.837191
5,2,8,vim_tiny,cifar10,0.03,6,base.layers.5.mixer,0.976480
5,2,8,vim_tiny,cifar10,0.03,7,base.layers.6.mixer,0.841812
5,2,8,vim_tiny,cifar10,0.03,8,base.layers.7.mixer,0.945599
5,2,8,vim_tiny,cifar10,0.03,9,base.layers.8.mixer,0.918288
5,2,8,vim_tiny,cifar10,0.03,10,base.layers.9.mixer,0.910994
5,2,8,vim_tiny,cifar10,0.03,11,base.layers.10.mixer,0.906412
5,2,8,vim_tiny,cifar10,0.03,12,base.layers.11.mixer,0.959848
5,2,8,vim_tiny,cifar10,0.03,13,classifier,0.358933
5,2,9,vim_tiny,cifar10,0.03,0,base.patch_embed,0.987304
5,2,9,vim_tiny,cifar10,0.03,1,base.layers.0.mixer,0.978647
5,2,9,vim_tiny,cifar10,0.03,2,base.layers.1.mixer,0.925299
5,2,9,vim_tiny,cifar10,0.03,3,base.layers.2.mixer,0.796660
5,2,9,vim_tiny,cifar10,0.03,4,base.layers.3.mixer,0.953757
5,2,9,vim_tiny,cifar10,0.03,5,base.layers.4.mixer,0.787838
5,2,9,vim_tiny,cifar10,0.03,6,base.layers.5.mixer,0.852217
5,2,9,vim_tiny,cifar10,0.03,7,base.layers.6.mixer,0.905878
5,2,9,vim_tiny,cifar10,0.03,8,base.layers.7.mixer,0.926162
5,2,9,vim_tiny,cifar10,0.03,9,base.layers.8.mixer,0.935341
5,2,9,vim_tiny,cifar10,0.03,10,base.layers.9.mixer,0.947964
5,2,9,vim_tiny,cifar10,0.03,11,base.layers.10.mixer,0.851584
5,2,9,vim_tiny,cifar10,0.03,12,base.layers.11.mixer,0.812424
5,2,9,vim_tiny,cifar10,0.03,13,classifier,0.246460
5,3,4,vim_tiny,cifar10,0.03,0,base.patch_embed,0.993835
5,3,4,vim_tiny,cifar10,0.03,1,base.layers.0.mixer,0.963719
5,3,4,vim_tiny,cifar10,0.03,2,base.layers.1.mixer,0.978836
5,3,4,vim_tiny,cifar10,0.03,3,base.layers.2.mixer,0.964481
5,3,4,vim_tiny,cifar10,0.03,4,base.layers.3.mixer,0.938803
5,3,4,vim_tiny,cifar10,0.03,5,base.layers.4.mixer,0.966863
5,3,4,vim_tiny,cifar10,0.03,6,base.layers.5.mixer,0.939206
5,3,4,vim_tiny,cifar10,0.03,7,base.layers.6.mixer,0.980641
5,3,4,vim_tiny,cifar10,0.03,8,base.layers.7.mixer,0.974007
5,3,4,vim_tiny,cifar10,0.03,9,base.layers.8.mixer,0.986462
5,3,4,vim_tiny,cifar10,0.03,10,base.layers.9.mixer,0.968982
5,3,4,vim_tiny,cifar10,0.03,11,base.layers.10.mixer,0.975999
5,3,4,vim_tiny,cifar10,0.03,12,base.layers.11.mixer,0.966724
5,3,4,vim_tiny,cifar10,0.03,13,classifier,0.360910
5,3,5,vim_tiny,cifar10,0.03,0,base.patch_embed,0.986640
5,3,5,vim_tiny,cifar10,0.03,1,base.layers.0.mixer,0.967331
5,3,5,vim_tiny,cifar10,0.03,2,base.layers.1.mixer,0.750025
5,3,5,vim_tiny,cifar10,0.03,3,base.layers.2.mixer,0.936968
5,3,5,vim_tiny,cifar10,0.03,4,base.layers.3.mixer,0.938695
5,3,5,vim_tiny,cifar10,0.03,5,base.layers.4.mixer,0.958988
5,3,5,vim_tiny,cifar10,0.03,6,base.layers.5.mixer,0.968754
5,3,5,vim_tiny,cifar10,0.03,7,base.layers.6.mixer,0.975375
5,3,5,vim_tiny,cifar10,0.03,8,base.layers.7.mixer,0.972425
5,3,5,vim_tiny,cifar10,0.03,9,base.layers.8.mixer,0.984286
5,3,5,vim_tiny,cifar10,0.03,10,base.layers.9.mixer,0.972903
5,3,5,vim_tiny,cifar10,0.03,11,base.layers.10.mixer,0.864619
5,3,5,vim_tiny,cifar10,0.03,12,base.layers.11.mixer,0.977755
5,3,5,vim_tiny,cifar10,0.03,13,classifier,0.552901
5,3,6,vim_tiny,cifar10,0.03,0,base.patch_embed,0.997602
5,3,6,vim_tiny,cifar10,0.03,1,base.layers.0.mixer,0.982969
5,3,6,vim_tiny,cifar10,0.03,2,base.layers.1.mixer,0.966295
5,3,6,vim_tiny,cifar10,0.03,3,base.layers.2.mixer,0.985704
5,3,6,vim_tiny,cifar10,0.03,4,base.layers.3.mixer,0.966941
5,3,6,vim_tiny,cifar10,0.03,5,base.layers.4.mixer,0.993212
5,3,6,vim_tiny,cifar10,0.03,6,base.layers.5.mixer,0.987530
5,3,6,vim_tiny,cifar10,0.03,7,base.layers.6.mixer,0.984602
5,3,6,vim_tiny,cifar10,0.03,8,base.layers.7.mixer,0.991517
5,3,6,vim_tiny,cifar10,0.03,9,base.layers.8.mixer,0.994873
5,3,6,vim_tiny,cifar10,0.03,10,base.layers.9.mixer,0.954542
5,3,6,vim_tiny,cifar10,0.03,11,base.layers.10.mixer,0.996843
5,3,6,vim_tiny,cifar10,0.03,12,base.layers.11.mixer,0.994171
5,3,6,vim_tiny,cifar10,0.03,13,classifier,0.768059
5,3,7,vim_tiny,cifar10,0.03,0,base.patch_embed,0.956713
5,3,7,vim_tiny,cifar10,0.03,1,base.layers.0.mixer,0.910720
5,3,7,vim_tiny,cifar10,0.03,2,base.layers.1.mixer,0.900733
5,3,7,vim_tiny,cifar10,0.03,3,base.layers.2.mixer,0.908682
5,3,7,vim_tiny,cifar10,0.03,4,base.layers.3.mixer,0.930676
5,3,7,vim_tiny,cifar10,0.03,5,base.layers.4.mixer,0.921097
5,3,7,vim_tiny,cifar10,0.03,6,base.layers.5.mixer,0.723112
5,3,7,vim_tiny,cifar10,0.03,7,base.layers.6.mixer,0.947446
5,3,7,vim_tiny,cifar10,0.03,8,base.layers.7.mixer,0.946714
5,3,7,vim_tiny,cifar10,0.03,9,base.layers.8.mixer,0.865299
5,3,7,vim_tiny,cifar10,0.03,10,base.layers.9.mixer,0.962849
5,3,7,vim_tiny,cifar10,0.03,11,base.layers.10.mixer,0.763202
5,3,7,vim_tiny,cifar10,0.03,12,base.layers.11.mixer,0.923061
5,3,7,vim_tiny,cifar10,0.03,13,classifier,0.272979
5,3,8,vim_tiny,cifar10,0.03,0,base.patch_embed,0.980327
5,3,8,vim_tiny,cifar10,0.03,1,base.layers.0.mixer,0.918652
5,3,8,vim_tiny,cifar10,0.03,2,base.layers.1.mixer,0.935622
5,3,8,vim_tiny,cifar10,0.03,3,base.layers.2.mixer,0.943627
5,3,8,vim_tiny,cifar10,0.03,4,base.layers.3.mixer,0.946469
5,3,8,vim_tiny,cifar10,0.03,5,base.layers.4.mixer,0.977820
5,3,8,vim_tiny,cifar10,0.03,6,base.layers.5.mixer,0.985757
5,3,8,vim_tiny,cifar10,0.03,7,base.layers.6.mixer,0.978049
5,3,8,vim_tiny,cifar10,0.03,8,base.layers.7.mixer,0.957938
5,3,8,vim_tiny,cifar10,0.03,9,base.layers.8.mixer,0.979776
5,3,8,vim_tiny,cifar10,0.03,10,base.layers.9.mixer,0.984099
5,3,8,vim_tiny,cifar10,0.03,11,base.layers.10.mixer,0.984526
5,3,8,vim_tiny,cifar10,0.03,12,base.layers.11.mixer,0.967561
5,3,8,vim_tiny,cifar10,0.03,13,classifier,0.374552
5,3,9,vim_tiny,cifar10,0.03,0,base.patch_embed,0.980865
5,3,9,vim_tiny,cifar10,0.03,1,base.layers.0.mixer,0.912864
5,3,9,vim_tiny,cifar10,0.03,2,base.layers.1.mixer,0.901644
5,3,9,vim_tiny,cifar10,0.03,3,base.layers.2.mixer,0.859700
5,3,9,vim_tiny,cifar10,0.03,4,base.layers.3.mixer,0.911595
5,3,9,vim_tiny,cifar10,0.03,5,base.layers.4.mixer,0.758295
5,3,9,vim_tiny,cifar10,0.03,6,base.layers.5.mixer,0.866607
5,3,9,vim_tiny,cifar10,0.03,7,base.layers.6.mixer,0.895219
5,3,9,vim_tiny,cifar10,0.03,8,base.layers.7.mixer,0.942611
5,3,9,vim_tiny,cifar10,0.03,9,base.layers.8.mixer,0.864055
5,3,9,vim_tiny,cifar10,0.03,10,base.layers.9.mixer,0.955958
5,3,9,vim_tiny,cifar10,0.03,11,base.layers.10.mixer,0.932717
5,3,9,vim_tiny,cifar10,0.03,12,base.layers.11.mixer,0.850202
5,3,9,vim_tiny,cifar10,0.03,13,classifier,0.186310
5,4,5,vim_tiny,cifar10,0.03,0,base.patch_embed,0.986978
5,4,5,vim_tiny,cifar10,0.03,1,base.layers.0.mixer,0.956962
5,4,5,vim_tiny,cifar10,0.03,2,base.layers.1.mixer,0.817500
5,4,5,vim_tiny,cifar10,0.03,3,base.layers.2.mixer,0.936711
5,4,5,vim_tiny,cifar10,0.03,4,base.layers.3.mixer,0.951781
5,4,5,vim_tiny,cifar10,0.03,5,base.layers.4.mixer,0.975400
5,4,5,vim_tiny,cifar10,0.03,6,base.layers.5.mixer,0.955319
5,4,5,vim_tiny,cifar10,0.03,7,base.layers.6.mixer,0.983395
5,4,5,vim_tiny,cifar10,0.03,8,base.layers.7.mixer,0.976574
5,4,5,vim_tiny,cifar10,0.03,9,base.layers.8.mixer,0.964249
5,4,5,vim_tiny,cifar10,0.03,10,base.layers.9.mixer,0.957054
5,4,5,vim_tiny,cifar10,0.03,11,base.layers.10.mixer,0.910875
5,4,5,vim_tiny,cifar10,0.03,12,base.layers.11.mixer,0.970741
5,4,5,vim_tiny,cifar10,0.03,13,classifier,0.616672
5,4,6,vim_tiny,cifar10,0.03,0,base.patch_embed,0.996741
5,4,6,vim_tiny,cifar10,0.03,1,base.layers.0.mixer,0.987239
5,4,6,vim_tiny,cifar10,0.03,2,base.layers.1.mixer,0.918323
5,4,6,vim_tiny,cifar10,0.03,3,base.layers.2.mixer,0.959962
5,4,6,vim_tiny,cifar10,0.03,4,base.layers.3.mixer,0.979499
5,4,6,vim_tiny,cifar10,0.03,5,base.layers.4.mixer,0.967846
5,4,6,vim_tiny,cifar10,0.03,6,base.layers.5.mixer,0.971836
5,4,6,vim_tiny,cifar10,0.03,7,base.layers.6.mixer,0.974852
5,4,6,vim_tiny,cifar10,0.03,8,base.layers.7.mixer,0.983579
5,4,6,vim_tiny,cifar10,0.03,9,base.layers.8.mixer,0.987148
5,4,6,vim_tiny,cifar10,0.03,10,base.layers.9.mixer,0.910969
5,4,6,vim_tiny,cifar10,0.03,11,base.layers.10.mixer,0.975596
5,4,6,vim_tiny,cifar10,0.03,12,base.layers.11.mixer,0.974357
5,4,6,vim_tiny,cifar10,0.03,13,classifier,0.376505
5,4,7,vim_tiny,cifar10,0.03,0,base.patch_embed,0.937301
5,4,7,vim_tiny,cifar10,0.03,1,base.layers.0.mixer,0.963509
5,4,7,vim_tiny,cifar10,0.03,2,base.layers.1.mixer,0.844477
5,4,7,vim_tiny,cifar10,0.03,3,base.layers.2.mixer,0.836241
5,4,7,vim_tiny,cifar10,0.03,4,base.layers.3.mixer,0.940883
5,4,7,vim_tiny,cifar10,0.03,5,base.layers.4.mixer,0.874535
5,4,7,vim_tiny,cifar10,0.03,6,base.layers.5.mixer,0.592763
5,4,7,vim_tiny,cifar10,0.03,7,base.layers.6.mixer,0.937887
5,4,7,vim_tiny,cifar10,0.03,8,base.layers.7.mixer,0.959779
5,4,7,vim_tiny,cifar10,0.03,9,base.layers.8.mixer,0.861953
5,4,7,vim_tiny,cifar10,0.03,10,base.layers.9.mixer,0.942106
5,4,7,vim_tiny,cifar10,0.03,11,base.layers.10.mixer,0.803252
5,4,7,vim_tiny,cifar10,0.03,12,base.layers.11.mixer,0.877154
5,4,7,vim_tiny,cifar10,0.03,13,classifier,0.106761
5,4,8,vim_tiny,cifar10,0.03,0,base.patch_embed,0.979075
5,4,8,vim_tiny,cifar10,0.03,1,base.layers.0.mixer,0.964831
5,4,8,vim_tiny,cifar10,0.03,2,base.layers.1.mixer,0.903318
5,4,8,vim_tiny,cifar10,0.03,3,base.layers.2.mixer,0.942351
5,4,8,vim_tiny,cifar10,0.03,4,base.layers.3.mixer,0.965248
5,4,8,vim_tiny,cifar10,0.03,5,base.layers.4.mixer,0.943501
5,4,8,vim_tiny,cifar10,0.03,6,base.layers.5.mixer,0.947238
5,4,8,vim_tiny,cifar10,0.03,7,base.layers.6.mixer,0.960403
5,4,8,vim_tiny,cifar10,0.03,8,base.layers.7.mixer,0.970682
5,4,8,vim_tiny,cifar10,0.03,9,base.layers.8.mixer,0.983523
5,4,8,vim_tiny,cifar10,0.03,10,base.layers.9.mixer,0.966404
5,4,8,vim_tiny,cifar10,0.03,11,base.layers.10.mixer,0.984344
5,4,8,vim_tiny,cifar10,0.03,12,base.layers.11.mixer,0.961006
5,4,8,vim_tiny,cifar10,0.03,13,classifier,0.655364
5,4,9,vim_tiny,cifar10,0.03,0,base.patch_embed,0.982657
5,4,9,vim_tiny,cifar10,0.03,1,base.layers.0.mixer,0.971257
5,4,9,vim_tiny,cifar10,0.03,2,base.layers.1.mixer,0.867889
5,4,9,vim_tiny,cifar10,0.03,3,base.layers.2.mixer,0.816859
5,4,9,vim_tiny,cifar10,0.03,4,base.layers.3.mixer,0.923397
5,4,9,vim_tiny,cifar10,0.03,5,base.layers.4.mixer,0.797935
5,4,9,vim_tiny,cifar10,0.03,6,base.layers.5.mixer,0.725031
5,4,9,vim_tiny,cifar10,0.03,7,base.layers.6.mixer,0.882020
5,4,9,vim_tiny,cifar10,0.03,8,base.layers.7.mixer,0.933431
5,4,9,vim_tiny,cifar10,0.03,9,base.layers.8.mixer,0.852896
5,4,9,vim_tiny,cifar10,0.03,10,base.layers.9.mixer,0.966169
5,4,9,vim_tiny,cifar10,0.03,11,base.layers.10.mixer,0.948630
5,4,9,vim_tiny,cifar10,0.03,12,base.layers.11.mixer,0.826688
5,4,9,vim_tiny,cifar10,0.03,13,classifier,0.248083
5,5,6,vim_tiny,cifar10,0.03,0,base.patch_embed,0.985275
5,5,6,vim_tiny,cifar10,0.03,1,base.layers.0.mixer,0.970041
5,5,6,vim_tiny,cifar10,0.03,2,base.layers.1.mixer,0.615251
5,5,6,vim_tiny,cifar10,0.03,3,base.layers.2.mixer,0.924522
5,5,6,vim_tiny,cifar10,0.03,4,base.layers.3.mixer,0.981109
5,5,6,vim_tiny,cifar10,0.03,5,base.layers.4.mixer,0.964548
5,5,6,vim_tiny,cifar10,0.03,6,base.layers.5.mixer,0.982271
5,5,6,vim_tiny,cifar10,0.03,7,base.layers.6.mixer,0.953457
5,5,6,vim_tiny,cifar10,0.03,8,base.layers.7.mixer,0.981052
5,5,6,vim_tiny,cifar10,0.03,9,base.layers.8.mixer,0.980915
5,5,6,vim_tiny,cifar10,0.03,10,base.layers.9.mixer,0.913576
5,5,6,vim_tiny,cifar10,0.03,11,base.layers.10.mixer,0.856218
5,5,6,vim_tiny,cifar10,0.03,12,base.layers.11.mixer,0.986584
5,5,6,vim_tiny,cifar10,0.03,13,classifier,0.648235
5,5,7,vim_tiny,cifar10,0.03,0,base.patch_embed,0.967759
5,5,7,vim_tiny,cifar10,0.03,1,base.layers.0.mixer,0.912652
5,5,7,vim_tiny,cifar10,0.03,2,base.layers.1.mixer,0.530948
5,5,7,vim_tiny,cifar10,0.03,3,base.layers.2.mixer,0.874203
5,5,7,vim_tiny,cifar10,0.03,4,base.layers.3.mixer,0.971607
5,5,7,vim_tiny,cifar10,0.03,5,base.layers.4.mixer,0.917508
5,5,7,vim_tiny,cifar10,0.03,6,base.layers.5.mixer,0.659114
5,5,7,vim_tiny,cifar10,0.03,7,base.layers.6.mixer,0.952335
5,5,7,vim_tiny,cifar10,0.03,8,base.layers.7.mixer,0.966848
5,5,7,vim_tiny,cifar10,0.03,9,base.layers.8.mixer,0.874382
5,5,7,vim_tiny,cifar10,0.03,10,base.layers.9.mixer,0.942918
5,5,7,vim_tiny,cifar10,0.03,11,base.layers.10.mixer,0.940110
5,5,7,vim_tiny,cifar10,0.03,12,base.layers.11.mixer,0.936811
5,5,7,vim_tiny,cifar10,0.03,13,classifier,0.390680
5,5,8,vim_tiny,cifar10,0.03,0,base.patch_embed,0.991032
5,5,8,vim_tiny,cifar10,0.03,1,base.layers.0.mixer,0.950840
5,5,8,vim_tiny,cifar10,0.03,2,base.layers.1.mixer,0.683299
5,5,8,vim_tiny,cifar10,0.03,3,base.layers.2.mixer,0.956035
5,5,8,vim_tiny,cifar10,0.03,4,base.layers.3.mixer,0.984558
5,5,8,vim_tiny,cifar10,0.03,5,base.layers.4.mixer,0.967525
5,5,8,vim_tiny,cifar10,0.03,6,base.layers.5.mixer,0.980342
5,5,8,vim_tiny,cifar10,0.03,7,base.layers.6.mixer,0.967920
5,5,8,vim_tiny,cifar10,0.03,8,base.layers.7.mixer,0.964482
5,5,8,vim_tiny,cifar10,0.03,9,base.layers.8.mixer,0.967357
5,5,8,vim_tiny,cifar10,0.03,10,base.layers.9.mixer,0.989165
5,5,8,vim_tiny,cifar10,0.03,11,base.layers.10.mixer,0.909425
5,5,8,vim_tiny,cifar10,0.03,12,base.layers.11.mixer,0.989826
5,5,8,vim_tiny,cifar10,0.03,13,classifier,0.640541
5,5,9,vim_tiny,cifar10,0.03,0,base.patch_embed,0.985004
5,5,9,vim_tiny,cifar10,0.03,1,base.layers.0.mixer,0.931827
5,5,9,vim_tiny,cifar10,0.03,2,base.layers.1.mixer,0.587173
5,5,9,vim_tiny,cifar10,0.03,3,base.layers.2.mixer,0.829828
5,5,9,vim_tiny,cifar10,0.03,4,base.layers.3.mixer,0.974439
5,5,9,vim_tiny,cifar10,0.03,5,base.layers.4.mixer,0.815578
5,5,9,vim_tiny,cifar10,0.03,6,base.layers.5.mixer,0.811370
5,5,9,vim_tiny,cifar10,0.03,7,base.layers.6.mixer,0.871193
5,5,9,vim_tiny,cifar10,0.03,8,base.layers.7.mixer,0.953156
5,5,9,vim_tiny,cifar10,0.03,9,base.layers.8.mixer,0.854656
5,5,9,vim_tiny,cifar10,0.03,10,base.layers.9.mixer,0.912058
5,5,9,vim_tiny,cifar10,0.03,11,base.layers.10.mixer,0.940831
5,5,9,vim_tiny,cifar10,0.03,12,base.layers.11.mixer,0.861493
5,5,9,vim_tiny,cifar10,0.03,13,classifier,0.408964
5,6,7,vim_tiny,cifar10,0.03,0,base.patch_embed,0.952973
5,6,7,vim_tiny,cifar10,0.03,1,base.layers.0.mixer,0.962963
5,6,7,vim_tiny,cifar10,0.03,2,base.layers.1.mixer,0.927165
5,6,7,vim_tiny,cifar10,0.03,3,base.layers.2.mixer,0.886112
5,6,7,vim_tiny,cifar10,0.03,4,base.layers.3.mixer,0.971865
5,6,7,vim_tiny,cifar10,0.03,5,base.layers.4.mixer,0.914240
5,6,7,vim_tiny,cifar10,0.03,6,base.layers.5.mixer,0.658816
5,6,7,vim_tiny,cifar10,0.03,7,base.layers.6.mixer,0.946999
5,6,7,vim_tiny,cifar10,0.03,8,base.layers.7.mixer,0.961878
5,6,7,vim_tiny,cifar10,0.03,9,base.layers.8.mixer,0.879981
5,6,7,vim_tiny,cifar10,0.03,10,base.layers.9.mixer,0.961806
5,6,7,vim_tiny,cifar10,0.03,11,base.layers.10.mixer,0.744279
5,6,7,vim_tiny,cifar10,0.03,12,base.layers.11.mixer,0.930208
5,6,7,vim_tiny,cifar10,0.03,13,classifier,0.308372
5,6,8,vim_tiny,cifar10,0.03,0,base.patch_embed,0.984695
5,6,8,vim_tiny,cifar10,0.03,1,base.layers.0.mixer,0.970417
5,6,8,vim_tiny,cifar10,0.03,2,base.layers.1.mixer,0.954585
5,6,8,vim_tiny,cifar10,0.03,3,base.layers.2.mixer,0.934986
5,6,8,vim_tiny,cifar10,0.03,4,base.layers.3.mixer,0.986051
5,6,8,vim_tiny,cifar10,0.03,5,base.layers.4.mixer,0.982651
5,6,8,vim_tiny,cifar10,0.03,6,base.layers.5.mixer,0.989687
5,6,8,vim_tiny,cifar10,0.03,7,base.layers.6.mixer,0.968480
5,6,8,vim_tiny,cifar10,0.03,8,base.layers.7.mixer,0.973764
5,6,8,vim_tiny,cifar10,0.03,9,base.layers.8.mixer,0.985103
5,6,8,vim_tiny,cifar10,0.03,10,base.layers.9.mixer,0.943305
5,6,8,vim_tiny,cifar10,0.03,11,base.layers.10.mixer,0.982462
5,6,8,vim_tiny,cifar10,0.03,12,base.layers.11.mixer,0.982256
5,6,8,vim_tiny,cifar10,0.03,13,classifier,0.324347
5,6,9,vim_tiny,cifar10,0.03,0,base.patch_embed,0.988575
5,6,9,vim_tiny,cifar10,0.03,1,base.layers.0.mixer,0.969056
5,6,9,vim_tiny,cifar10,0.03,2,base.layers.1.mixer,0.930238
5,6,9,vim_tiny,cifar10,0.03,3,base.layers.2.mixer,0.903441
5,6,9,vim_tiny,cifar10,0.03,4,base.layers.3.mixer,0.964904
5,6,9,vim_tiny,cifar10,0.03,5,base.layers.4.mixer,0.807438
5,6,9,vim_tiny,cifar10,0.03,6,base.layers.5.mixer,0.821975
5,6,9,vim_tiny,cifar10,0.03,7,base.layers.6.mixer,0.919126
5,6,9,vim_tiny,cifar10,0.03,8,base.layers.7.mixer,0.952579
5,6,9,vim_tiny,cifar10,0.03,9,base.layers.8.mixer,0.877476
5,6,9,vim_tiny,cifar10,0.03,10,base.layers.9.mixer,0.935755
5,6,9,vim_tiny,cifar10,0.03,11,base.layers.10.mixer,0.931098
5,6,9,vim_tiny,cifar10,0.03,12,base.layers.11.mixer,0.867345
5,6,9,vim_tiny,cifar10,0.03,13,classifier,0.221399
5,7,8,vim_tiny,cifar10,0.03,0,base.patch_embed,0.977602
5,7,8,vim_tiny,cifar10,0.03,1,base.layers.0.mixer,0.974558
5,7,8,vim_tiny,cifar10,0.03,2,base.layers.1.mixer,0.907634
5,7,8,vim_tiny,cifar10,0.03,3,base.layers.2.mixer,0.922846
5,7,8,vim_tiny,cifar10,0.03,4,base.layers.3.mixer,0.982180
5,7,8,vim_tiny,cifar10,0.03,5,base.layers.4.mixer,0.942158
5,7,8,vim_tiny,cifar10,0.03,6,base.layers.5.mixer,0.675855
5,7,8,vim_tiny,cifar10,0.03,7,base.layers.6.mixer,0.973643
5,7,8,vim_tiny,cifar10,0.03,8,base.layers.7.mixer,0.966620
5,7,8,vim_tiny,cifar10,0.03,9,base.layers.8.mixer,0.882430
5,7,8,vim_tiny,cifar10,0.03,10,base.layers.9.mixer,0.962820
5,7,8,vim_tiny,cifar10,0.03,11,base.layers.10.mixer,0.823397
5,7,8,vim_tiny,cifar10,0.03,12,base.layers.11.mixer,0.929099
5,7,8,vim_tiny,cifar10,0.03,13,classifier,0.380166
5,7,9,vim_tiny,cifar10,0.03,0,base.patch_embed,0.966990
5,7,9,vim_tiny,cifar10,0.03,1,base.layers.0.mixer,0.987363
5,7,9,vim_tiny,cifar10,0.03,2,base.layers.1.mixer,0.915860
5,7,9,vim_tiny,cifar10,0.03,3,base.layers.2.mixer,0.862202
5,7,9,vim_tiny,cifar10,0.03,4,base.layers.3.mixer,0.976222
5,7,9,vim_tiny,cifar10,0.03,5,base.layers.4.mixer,0.708088
5,7,9,vim_tiny,cifar10,0.03,6,base.layers.5.mixer,0.749747
5,7,9,vim_tiny,cifar10,0.03,7,base.layers.6.mixer,0.947441
5,7,9,vim_tiny,cifar10,0.03,8,base.layers.7.mixer,0.930654
5,7,9,vim_tiny,cifar10,0.03,9,base.layers.8.mixer,0.834257
5,7,9,vim_tiny,cifar10,0.03,10,base.layers.9.mixer,0.943793
5,7,9,vim_tiny,cifar10,0.03,11,base.layers.10.mixer,0.896553
5,7,9,vim_tiny,cifar10,0.03,12,base.layers.11.mixer,0.931211
5,7,9,vim_tiny,cifar10,0.03,13,classifier,0.515424
5,8,9,vim_tiny,cifar10,0.03,0,base.patch_embed,0.997533
5,8,9,vim_tiny,cifar10,0.03,1,base.layers.0.mixer,0.994161
5,8,9,vim_tiny,cifar10,0.03,2,base.layers.1.mixer,0.965348
5,8,9,vim_tiny,cifar10,0.03,3,base.layers.2.mixer,0.856913
5,8,9,vim_tiny,cifar10,0.03,4,base.layers.3.mixer,0.983976
5,8,9,vim_tiny,cifar10,0.03,5,base.layers.4.mixer,0.787824
5,8,9,vim_tiny,cifar10,0.03,6,base.layers.5.mixer,0.858323
5,8,9,vim_tiny,cifar10,0.03,7,base.layers.6.mixer,0.922494
5,8,9,vim_tiny,cifar10,0.03,8,base.layers.7.mixer,0.939641
5,8,9,vim_tiny,cifar10,0.03,9,base.layers.8.mixer,0.853698
5,8,9,vim_tiny,cifar10,0.03,10,base.layers.9.mixer,0.937934
5,8,9,vim_tiny,cifar10,0.03,11,base.layers.10.mixer,0.960117
5,8,9,vim_tiny,cifar10,0.03,12,base.layers.11.mixer,0.852514
5,8,9,vim_tiny,cifar10,0.03,13,classifier,0.533765
10,0,1,vim_tiny,cifar10,0.03,0,base.patch_embed,0.953808
10,0,1,vim_tiny,cifar10,0.03,1,base.layers.0.mixer,0.962300
10,0,1,vim_tiny,cifar10,0.03,2,base.layers.1.mixer,0.934581
10,0,1,vim_tiny,cifar10,0.03,3,base.layers.2.mixer,0.927070
10,0,1,vim_tiny,cifar10,0.03,4,base.layers.3.mixer,0.433868
10,0,1,vim_tiny,cifar10,0.03,5,base.layers.4.mixer,0.801885
10,0,1,vim_tiny,cifar10,0.03,6,base.layers.5.mixer,0.924947
10,0,1,vim_tiny,cifar10,0.03,7,base.layers.6.mixer,0.790394
10,0,1,vim_tiny,cifar10,0.03,8,base.layers.7.mixer,0.680618
10,0,1,vim_tiny,cifar10,0.03,9,base.layers.8.mixer,0.942705
10,0,1,vim_tiny,cifar10,0.03,10,base.layers.9.mixer,0.828810
10,0,1,vim_tiny,cifar10,0.03,11,base.layers.10.mixer,0.799336
10,0,1,vim_tiny,cifar10,0.03,12,base.layers.11.mixer,0.925380
10,0,1,vim_tiny,cifar10,0.03,13,classifier,0.356513
10,0,2,vim_tiny,cifar10,0.03,0,base.patch_embed,0.945761
10,0,2,vim_tiny,cifar10,0.03,1,base.layers.0.mixer,0.886854
10,0,2,vim_tiny,cifar10,0.03,2,base.layers.1.mixer,0.799945
10,0,2,vim_tiny,cifar10,0.03,3,base.layers.2.mixer,0.476490
10,0,2,vim_tiny,cifar10,0.03,4,base.layers.3.mixer,0.313563
10,0,2,vim_tiny,cifar10,0.03,5,base.layers.4.mixer,0.696643
10,0,2,vim_tiny,cifar10,0.03,6,base.layers.5.mixer,0.376055
10,0,2,vim_tiny,cifar10,0.03,7,base.layers.6.mixer,0.828773
10,0,2,vim_tiny,cifar10,0.03,8,base.layers.7.mixer,0.711380
10,0,2,vim_tiny,cifar10,0.03,9,base.layers.8.mixer,0.916919
10,0,2,vim_tiny,cifar10,0.03,10,base.layers.9.mixer,0.655527
10,0,2,vim_tiny,cifar10,0.03,11,base.layers.10.mixer,0.784623
10,0,2,vim_tiny,cifar10,0.03,12,base.layers.11.mixer,0.898644
10,0,2,vim_tiny,cifar10,0.03,13,classifier,0.270155
10,0,3,vim_tiny,cifar10,0.03,0,base.patch_embed,0.959938
10,0,3,vim_tiny,cifar10,0.03,1,base.layers.0.mixer,0.960052
10,0,3,vim_tiny,cifar10,0.03,2,base.layers.1.mixer,0.647274
10,0,3,vim_tiny,cifar10,0.03,3,base.layers.2.mixer,0.454480
10,0,3,vim_tiny,cifar10,0.03,4,base.layers.3.mixer,0.218119
10,0,3,vim_tiny,cifar10,0.03,5,base.layers.4.mixer,0.939156
10,0,3,vim_tiny,cifar10,0.03,6,base.layers.5.mixer,0.877763
10,0,3,vim_tiny,cifar10,0.03,7,base.layers.6.mixer,0.718452
10,0,3,vim_tiny,cifar10,0.03,8,base.layers.7.mixer,0.700362
10,0,3,vim_tiny,cifar10,0.03,9,base.layers.8.mixer,0.937931
10,0,3,vim_tiny,cifar10,0.03,10,base.layers.9.mixer,0.856946
10,0,3,vim_tiny,cifar10,0.03,11,base.layers.10.mixer,0.671224
10,0,3,vim_tiny,cifar10,0.03,12,base.layers.11.mixer,0.959501
10,0,3,vim_tiny,cifar10,0.03,13,classifier,0.255106
10,0,4,vim_tiny,cifar10,0.03,0,base.patch_embed,0.955925
10,0,4,vim_tiny,cifar10,0.03,1,base.layers.0.mixer,0.973045
10,0,4,vim_tiny,cifar10,0.03,2,base.layers.1.mixer,0.923966
10,0,4,vim_tiny,cifar10,0.03,3,base.layers.2.mixer,0.730175
10,0,4,vim_tiny,cifar10,0.03,4,base.layers.3.mixer,0.196976
10,0,4,vim_tiny,cifar10,0.03,5,base.layers.4.mixer,0.779049
10,0,4,vim_tiny,cifar10,0.03,6,base.layers.5.mixer,0.406157
10,0,4,vim_tiny,cifar10,0.03,7,base.layers.6.mixer,0.813638
10,0,4,vim_tiny,cifar10,0.03,8,base.layers.7.mixer,0.837762
10,0,4,vim_tiny,cifar10,0.03,9,base.layers.8.mixer,0.858198
10,0,4,vim_tiny,cifar10,0.03,10,base.layers.9.mixer,0.624374
10,0,4,vim_tiny,cifar10,0.03,11,base.layers.10.mixer,0.874126
10,0,4,vim_tiny,cifar10,0.03,12,base.layers.11.mixer,0.950090
10,0,4,vim_tiny,cifar10,0.03,13,classifier,0.099954
10,0,5,vim_tiny,cifar10,0.03,0,base.patch_embed,0.942998
10,0,5,vim_tiny,cifar10,0.03,1,base.layers.0.mixer,0.977760
10,0,5,vim_tiny,cifar10,0.03,2,base.layers.1.mixer,0.690265
10,0,5,vim_tiny,cifar10,0.03,3,base.layers.2.mixer,0.762187
10,0,5,vim_tiny,cifar10,0.03,4,base.layers.3.mixer,0.201136
10,0,5,vim_tiny,cifar10,0.03,5,base.layers.4.mixer,0.850299
10,0,5,vim_tiny,cifar10,0.03,6,base.layers.5.mixer,0.424907
10,0,5,vim_tiny,cifar10,0.03,7,base.layers.6.mixer,0.749775
10,0,5,vim_tiny,cifar10,0.03,8,base.layers.7.mixer,0.739678
10,0,5,vim_tiny,cifar10,0.03,9,base.layers.8.mixer,0.841299
10,0,5,vim_tiny,cifar10,0.03,10,base.layers.9.mixer,0.670758
10,0,5,vim_tiny,cifar10,0.03,11,base.layers.10.mixer,0.886087
10,0,5,vim_tiny,cifar10,0.03,12,base.layers.11.mixer,0.908600
10,0,5,vim_tiny,cifar10,0.03,13,classifier,0.283699
10,0,6,vim_tiny,cifar10,0.03,0,base.patch_embed,0.994880
10,0,6,vim_tiny,cifar10,0.03,1,base.layers.0.mixer,0.995209
10,0,6,vim_tiny,cifar10,0.03,2,base.layers.1.mixer,0.781320
10,0,6,vim_tiny,cifar10,0.03,3,base.layers.2.mixer,0.680176
10,0,6,vim_tiny,cifar10,0.03,4,base.layers.3.mixer,0.171777
10,0,6,vim_tiny,cifar10,0.03,5,base.layers.4.mixer,0.930650
10,0,6,vim_tiny,cifar10,0.03,6,base.layers.5.mixer,0.899132
10,0,6,vim_tiny,cifar10,0.03,7,base.layers.6.mixer,0.946813
10,0,6,vim_tiny,cifar10,0.03,8,base.layers.7.mixer,0.755568
10,0,6,vim_tiny,cifar10,0.03,9,base.layers.8.mixer,0.951568
10,0,6,vim_tiny,cifar10,0.03,10,base.layers.9.mixer,0.856549
10,0,6,vim_tiny,cifar10,0.03,11,base.layers.10.mixer,0.903210
10,0,6,vim_tiny,cifar10,0.03,12,base.layers.11.mixer,0.978569
10,0,6,vim_tiny,cifar10,0.03,13,classifier,0.123170
10,0,7,vim_tiny,cifar10,0.03,0,base.patch_embed,0.982433
10,0,7,vim_tiny,cifar10,0.03,1,base.layers.0.mixer,0.971536
10,0,7,vim_tiny,cifar10,0.03,2,base.layers.1.mixer,0.674914
10,0,7,vim_tiny,cifar10,0.03,3,base.layers.2.mixer,0.796680
10,0,7,vim_tiny,cifar10,0.03,4,base.layers.3.mixer,0.157371
10,0,7,vim_tiny,cifar10,0.03,5,base.layers.4.mixer,0.944356
10,0,7,vim_tiny,cifar10,0.03,6,base.layers.5.mixer,0.890464
10,0,7,vim_tiny,cifar10,0.03,7,base.layers.6.mixer,0.761809
10,0,7,vim_tiny,cifar10,0.03,8,base.layers.7.mixer,0.829960
10,0,7,vim_tiny,cifar10,0.03,9,base.layers.8.mixer,0.751380
10,0,7,vim_tiny,cifar10,0.03,10,base.layers.9.mixer,0.766288
10,0,7,vim_tiny,cifar10,0.03,11,base.layers.10.mixer,0.625662
10,0,7,vim_tiny,cifar10,0.03,12,base.layers.11.mixer,0.829730
10,0,7,vim_tiny,cifar10,0.03,13,classifier,0.322755
10,0,8,vim_tiny,cifar10,0.03,0,base.patch_embed,0.994203
10,0,8,vim_tiny,cifar10,0.03,1,base.layers.0.mixer,0.993754
10,0,8,vim_tiny,cifar10,0.03,2,base.layers.1.mixer,0.903007
10,0,8,vim_tiny,cifar10,0.03,3,base.layers.2.mixer,0.869982
10,0,8,vim_tiny,cifar10,0.03,4,base.layers.3.mixer,0.164669
10,0,8,vim_tiny,cifar10,0.03,5,base.layers.4.mixer,0.876221
10,0,8,vim_tiny,cifar10,0.03,6,base.layers.5.mixer,0.897610
10,0,8,vim_tiny,cifar10,0.03,7,base.layers.6.mixer,0.809172
10,0,8,vim_tiny,cifar10,0.03,8,base.layers.7.mixer,0.761424
10,0,8,vim_tiny,cifar10,0.03,9,base.layers.8.mixer,0.941656
10,0,8,vim_tiny,cifar10,0.03,10,base.layers.9.mixer,0.752194
10,0,8,vim_tiny,cifar10,0.03,11,base.layers.10.mixer,0.950670
10,0,8,vim_tiny,cifar10,0.03,12,base.layers.11.mixer,0.914600
10,0,8,vim_tiny,cifar10,0.03,13,classifier,0.462607
10,0,9,vim_tiny,cifar10,0.03,0,base.patch_embed,0.965474
10,0,9,vim_tiny,cifar10,0.03,1,base.layers.0.mixer,0.699467
10,0,9,vim_tiny,cifar10,0.03,2,base.layers.1.mixer,0.703770
10,0,9,vim_tiny,cifar10,0.03,3,base.layers.2.mixer,0.733119
10,0,9,vim_tiny,cifar10,0.03,4,base.layers.3.mixer,0.128022
10,0,9,vim_tiny,cifar10,0.03,5,base.layers.4.mixer,0.879092
10,0,9,vim_tiny,cifar10,0.03,6,base.layers.5.mixer,0.456534
10,0,9,vim_tiny,cifar10,0.03,7,base.layers.6.mixer,0.625121
10,0,9,vim_tiny,cifar10,0.03,8,base.layers.7.mixer,0.708238
10,0,9,vim_tiny,cifar10,0.03,9,base.layers.8.mixer,0.688999
10,0,9,vim_tiny,cifar10,0.03,10,base.layers.9.mixer,0.642444
10,0,9,vim_tiny,cifar10,0.03,11,base.layers.10.mixer,0.754787
10,0,9,vim_tiny,cifar10,0.03,12,base.layers.11.mixer,0.902212
10,0,9,vim_tiny,cifar10,0.03,13,classifier,0.322147
10,1,2,vim_tiny,cifar10,0.03,0,base.patch_embed,0.912104
10,1,2,vim_tiny,cifar10,0.03,1,base.layers.0.mixer,0.804107
10,1,2,vim_tiny,cifar10,0.03,2,base.layers.1.mixer,0.779921
10,1,2,vim_tiny,cifar10,0.03,3,base.layers.2.mixer,0.595046
10,1,2,vim_tiny,cifar10,0.03,4,base.layers.3.mixer,0.667548
10,1,2,vim_tiny,cifar10,0.03,5,base.layers.4.mixer,0.708672
10,1,2,vim_tiny,cifar10,0.03,6,base.layers.5.mixer,0.384669
10,1,2,vim_tiny,cifar10,0.03,7,base.layers.6.mixer,0.660853
10,1,2,vim_tiny,cifar10,0.03,8,base.layers.7.mixer,0.905302
10,1,2,vim_tiny,cifar10,0.03,9,base.layers.8.mixer,0.906173
10,1,2,vim_tiny,cifar10,0.03,10,base.layers.9.mixer,0.891610
10,1,2,vim_tiny,cifar10,0.03,11,base.layers.10.mixer,0.678099
10,1,2,vim_tiny,cifar10,0.03,12,base.layers.11.mixer,0.816983
10,1,2,vim_tiny,cifar10,0.03,13,classifier,0.393095
10,1,3,vim_tiny,cifar10,0.03,0,base.patch_embed,0.844664
10,1,3,vim_tiny,cifar10,0.03,1,base.layers.0.mixer,0.860414
10,1,3,vim_tiny,cifar10,0.03,2,base.layers.1.mixer,0.587542
10,1,3,vim_tiny,cifar10,0.03,3,base.layers.2.mixer,0.511683
10,1,3,vim_tiny,cifar10,0.03,4,base.layers.3.mixer,0.617095
10,1,3,vim_tiny,cifar10,0.03,5,base.layers.4.mixer,0.774978
10,1,3,vim_tiny,cifar10,0.03,6,base.layers.5.mixer,0.805175
10,1,3,vim_tiny,cifar10,0.03,7,base.layers.6.mixer,0.890439
10,1,3,vim_tiny,cifar10,0.03,8,base.layers.7.mixer,0.827858
10,1,3,vim_tiny,cifar10,0.03,9,base.layers.8.mixer,0.852788
10,1,3,vim_tiny,cifar10,0.03,10,base.layers.9.mixer,0.804112
10,1,3,vim_tiny,cifar10,0.03,11,base.layers.10.mixer,0.574650
10,1,3,vim_tiny,cifar10,0.03,12,base.layers.11.mixer,0.859054
10,1,3,vim_tiny,cifar10,0.03,13,classifier,0.038757
10,1,4,vim_tiny,cifar10,0.03,0,base.patch_embed,0.942424
10,1,4,vim_tiny,cifar10,0.03,1,base.layers.0.mixer,0.934366
10,1,4,vim_tiny,cifar10,0.03,2,base.layers.1.mixer,0.938456
10,1,4,vim_tiny,cifar10,0.03,3,base.layers.2.mixer,0.854254
10,1,4,vim_tiny,cifar10,0.03,4,base.layers.3.mixer,0.572992
10,1,4,vim_tiny,cifar10,0.03,5,base.layers.4.mixer,0.763726
10,1,4,vim_tiny,cifar10,0.03,6,base.layers.5.mixer,0.569776
10,1,4,vim_tiny,cifar10,0.03,7,base.layers.6.mixer,0.662722
10,1,4,vim_tiny,cifar10,0.03,8,base.layers.7.mixer,0.844096
10,1,4,vim_tiny,cifar10,0.03,9,base.layers.8.mixer,0.881876
10,1,4,vim_tiny,cifar10,0.03,10,base.layers.9.mixer,0.873083
10,1,4,vim_tiny,cifar10,0.03,11,base.layers.10.mixer,0.766939
10,1,4,vim_tiny,cifar10,0.03,12,base.layers.11.mixer,0.919027
10,1,4,vim_tiny,cifar10,0.03,13,classifier,0.541297
10,1,5,vim_tiny,cifar10,0.03,0,base.patch_embed,0.941432
10,1,5,vim_tiny,cifar10,0.03,1,base.layers.0.mixer,0.960953
10,1,5,vim_tiny,cifar10,0.03,2,base.layers.1.mixer,0.723853
10,1,5,vim_tiny,cifar10,0.03,3,base.layers.2.mixer,0.808171
10,1,5,vim_tiny,cifar10,0.03,4,base.layers.3.mixer,0.517215
10,1,5,vim_tiny,cifar10,0.03,5,base.layers.4.mixer,0.895061
10,1,5,vim_tiny,cifar10,0.03,6,base.layers.5.mixer,0.592442
10,1,5,vim_tiny,cifar10,0.03,7,base.layers.6.mixer,0.641959
10,1,5,vim_tiny,cifar10,0.03,8,base.layers.7.mixer,0.946966
10,1,5,vim_tiny,cifar10,0.03,9,base.layers.8.mixer,0.860718
10,1,5,vim_tiny,cifar10,0.03,10,base.layers.9.mixer,0.891429
10,1,5,vim_tiny,cifar10,0.03,11,base.layers.10.mixer,0.794301
10,1,5,vim_tiny,cifar10,0.03,12,base.layers.11.mixer,0.890454
10,1,5,vim_tiny,cifar10,0.03,13,classifier,0.272164
10,1,6,vim_tiny,cifar10,0.03,0,base.patch_embed,0.944604
10,1,6,vim_tiny,cifar10,0.03,1,base.layers.0.mixer,0.951186
10,1,6,vim_tiny,cifar10,0.03,2,base.layers.1.mixer,0.735645
10,1,6,vim_tiny,cifar10,0.03,3,base.layers.2.mixer,0.788854
10,1,6,vim_tiny,cifar10,0.03,4,base.layers.3.mixer,0.611723
10,1,6,vim_tiny,cifar10,0.03,5,base.layers.4.mixer,0.888602
10,1,6,vim_tiny,cifar10,0.03,6,base.layers.5.mixer,0.881690
10,1,6,vim_tiny,cifar10,0.03,7,base.layers.6.mixer,0.893580
10,1,6,vim_tiny,cifar10,0.03,8,base.layers.7.mixer,0.927256
10,1,6,vim_tiny,cifar10,0.03,9,base.layers.8.mixer,0.933857
10,1,6,vim_tiny,cifar10,0.03,10,base.layers.9.mixer,0.867399
10,1,6,vim_tiny,cifar10,0.03,11,base.layers.10.mixer,0.810380
10,1,6,vim_tiny,cifar10,0.03,12,base.layers.11.mixer,0.945643
10,1,6,vim_tiny,cifar10,0.03,13,classifier,0.111759
10,1,7,vim_tiny,cifar10,0.03,0,base.patch_embed,0.956822
10,1,7,vim_tiny,cifar10,0.03,1,base.layers.0.mixer,0.902480
10,1,7,vim_tiny,cifar10,0.03,2,base.layers.1.mixer,0.712096
10,1,7,vim_tiny,cifar10,0.03,3,base.layers.2.mixer,0.849011
10,1,7,vim_tiny,cifar10,0.03,4,base.layers.3.mixer,0.655785
10,1,7,vim_tiny,cifar10,0.03,5,base.layers.4.mixer,0.782437
10,1,7,vim_tiny,cifar10,0.03,6,base.layers.5.mixer,0.899929
10,1,7,vim_tiny,cifar10,0.03,7,base.layers.6.mixer,0.935418
10,1,7,vim_tiny,cifar10,0.03,8,base.layers.7.mixer,0.886117
10,1,7,vim_tiny,cifar10,0.03,9,base.layers.8.mixer,0.773286
10,1,7,vim_tiny,cifar10,0.03,10,base.layers.9.mixer,0.901057
10,1,7,vim_tiny,cifar10,0.03,11,base.layers.10.mixer,0.607092
10,1,7,vim_tiny,cifar10,0.03,12,base.layers.11.mixer,0.889410
10,1,7,vim_tiny,cifar10,0.03,13,classifier,0.378080
10,1,8,vim_tiny,cifar10,0.03,0,base.patch_embed,0.964671
10,1,8,vim_tiny,cifar10,0.03,1,base.layers.0.mixer,0.958284
10,1,8,vim_tiny,cifar10,0.03,2,base.layers.1.mixer,0.919552
10,1,8,vim_tiny,cifar10,0.03,3,base.layers.2.mixer,0.905016
10,1,8,vim_tiny,cifar10,0.03,4,base.layers.3.mixer,0.641130
10,1,8,vim_tiny,cifar10,0.03,5,base.layers.4.mixer,0.928128
10,1,8,vim_tiny,cifar10,0.03,6,base.layers.5.mixer,0.908125
10,1,8,vim_tiny,cifar10,0.03,7,base.layers.6.mixer,0.971957
10,1,8,vim_tiny,cifar10,0.03,8,base.layers.7.mixer,0.941819
10,1,8,vim_tiny,cifar10,0.03,9,base.layers.8.mixer,0.956432
10,1,8,vim_tiny,cifar10,0.03,10,base.layers.9.mixer,0.931362
10,1,8,vim_tiny,cifar10,0.03,11,base.layers.10.mixer,0.844349
10,1,8,vim_tiny,cifar10,0.03,12,base.layers.11.mixer,0.948140
10,1,8,vim_tiny,cifar10,0.03,13,classifier,0.509591
10,1,9,vim_tiny,cifar10,0.03,0,base.patch_embed,0.894832
10,1,9,vim_tiny,cifar10,0.03,1,base.layers.0.mixer,0.655870
10,1,9,vim_tiny,cifar10,0.03,2,base.layers.1.mixer,0.715396
10,1,9,vim_tiny,cifar10,0.03,3,base.layers.2.mixer,0.772238
10,1,9,vim_tiny,cifar10,0.03,4,base.layers.3.mixer,0.635408
10,1,9,vim_tiny,cifar10,0.03,5,base.layers.4.mixer,0.834905
10,1,9,vim_tiny,cifar10,0.03,6,base.layers.5.mixer,0.445970
10,1,9,vim_tiny,cifar10,0.03,7,base.layers.6.mixer,0.901178
10,1,9,vim_tiny,cifar10,0.03,8,base.layers.7.mixer,0.896680
10,1,9,vim_tiny,cifar10,0.03,9,base.layers.8.mixer,0.715437
10,1,9,vim_tiny,cifar10,0.03,10,base.layers.9.mixer,0.889135
10,1,9,vim_tiny,cifar10,0.03,11,base.layers.10.mixer,0.621676
10,1,9,vim_tiny,cifar10,0.03,12,base.layers.11.mixer,0.885165
10,1,9,vim_tiny,cifar10,0.03,13,classifier,0.392538
10,2,3,vim_tiny,cifar10,0.03,0,base.patch_embed,0.937819
10,2,3,vim_tiny,cifar10,0.03,1,base.layers.0.mixer,0.941851
10,2,3,vim_tiny,cifar10,0.03,2,base.layers.1.mixer,0.875804
10,2,3,vim_tiny,cifar10,0.03,3,base.layers.2.mixer,0.879777
10,2,3,vim_tiny,cifar10,0.03,4,base.layers.3.mixer,0.911905
10,2,3,vim_tiny,cifar10,0.03,5,base.layers.4.mixer,0.678691
10,2,3,vim_tiny,cifar10,0.03,6,base.layers.5.mixer,0.426948
10,2,3,vim_tiny,cifar10,0.03,7,base.layers.6.mixer,0.651685
10,2,3,vim_tiny,cifar10,0.03,8,base.layers.7.mixer,0.893269
10,2,3,vim_tiny,cifar10,0.03,9,base.layers.8.mixer,0.858599
10,2,3,vim_tiny,cifar10,0.03,10,base.layers.9.mixer,0.729812
10,2,3,vim_tiny,cifar10,0.03,11,base.layers.10.mixer,0.809120
10,2,3,vim_tiny,cifar10,0.03,12,base.layers.11.mixer,0.927104
10,2,3,vim_tiny,cifar10,0.03,13,classifier,0.254941
10,2,4,vim_tiny,cifar10,0.03,0,base.patch_embed,0.992113
10,2,4,vim_tiny,cifar10,0.03,1,base.layers.0.mixer,0.949581
10,2,4,vim_tiny,cifar10,0.03,2,base.layers.1.mixer,0.913620
10,2,4,vim_tiny,cifar10,0.03,3,base.layers.2.mixer,0.835124
10,2,4,vim_tiny,cifar10,0.03,4,base.layers.3.mixer,0.816140
10,2,4,vim_tiny,cifar10,0.03,5,base.layers.4.mixer,0.924384
10,2,4,vim_tiny,cifar10,0.03,6,base.layers.5.mixer,0.420489
10,2,4,vim_tiny,cifar10,0.03,7,base.layers.6.mixer,0.988918
10,2,4,vim_tiny,cifar10,0.03,8,base.layers.7.mixer,0.881243
10,2,4,vim_tiny,cifar10,0.03,9,base.layers.8.mixer,0.946166
10,2,4,vim_tiny,cifar10,0.03,10,base.layers.9.mixer,0.928470
10,2,4,vim_tiny,cifar10,0.03,11,base.layers.10.mixer,0.896428
10,2,4,vim_tiny,cifar10,0.03,12,base.layers.11.mixer,0.933712
10,2,4,vim_tiny,cifar10,0.03,13,classifier,0.469262
10,2,5,vim_tiny,cifar10,0.03,0,base.patch_embed,0.967961
10,2,5,vim_tiny,cifar10,0.03,1,base.layers.0.mixer,0.893215
10,2,5,vim_tiny,cifar10,0.03,2,base.layers.1.mixer,0.577086
10,2,5,vim_tiny,cifar10,0.03,3,base.layers.2.mixer,0.691051
10,2,5,vim_tiny,cifar10,0.03,4,base.layers.3.mixer,0.862812
10,2,5,vim_tiny,cifar10,0.03,5,base.layers.4.mixer,0.662199
10,2,5,vim_tiny,cifar10,0.03,6,base.layers.5.mixer,0.231121
10,2,5,vim_tiny,cifar10,0.03,7,base.layers.6.mixer,0.926574
10,2,5,vim_tiny,cifar10,0.03,8,base.layers.7.mixer,0.923335
10,2,5,vim_tiny,cifar10,0.03,9,base.layers.8.mixer,0.909924
10,2,5,vim_tiny,cifar10,0.03,10,base.layers.9.mixer,0.958662
10,2,5,vim_tiny,cifar10,0.03,11,base.layers.10.mixer,0.771678
10,2,5,vim_tiny,cifar10,0.03,12,base.layers.11.mixer,0.913727
10,2,5,vim_tiny,cifar10,0.03,13,classifier,0.511494
10,2,6,vim_tiny,cifar10,0.03,0,base.patch_embed,0.970485
10,2,6,vim_tiny,cifar10,0.03,1,base.layers.0.mixer,0.912155
10,2,6,vim_tiny,cifar10,0.03,2,base.layers.1.mixer,0.941285
10,2,6,vim_tiny,cifar10,0.03,3,base.layers.2.mixer,0.887672
10,2,6,vim_tiny,cifar10,0.03,4,base.layers.3.mixer,0.897122
10,2,6,vim_tiny,cifar10,0.03,5,base.layers.4.mixer,0.735144
10,2,6,vim_tiny,cifar10,0.03,6,base.layers.5.mixer,0.427083
10,2,6,vim_tiny,cifar10,0.03,7,base.layers.6.mixer,0.855706
10,2,6,vim_tiny,cifar10,0.03,8,base.layers.7.mixer,0.971930
10,2,6,vim_tiny,cifar10,0.03,9,base.layers.8.mixer,0.916564
10,2,6,vim_tiny,cifar10,0.03,10,base.layers.9.mixer,0.815014
10,2,6,vim_tiny,cifar10,0.03,11,base.layers.10.mixer,0.889474
10,2,6,vim_tiny,cifar10,0.03,12,base.layers.11.mixer,0.898231
10,2,6,vim_tiny,cifar10,0.03,13,classifier,0.208419
10,2,7,vim_tiny,cifar10,0.03,0,base.patch_embed,0.983748
10,2,7,vim_tiny,cifar10,0.03,1,base.layers.0.mixer,0.956225
10,2,7,vim_tiny,cifar10,0.03,2,base.layers.1.mixer,0.678240
10,2,7,vim_tiny,cifar10,0.03,3,base.layers.2.mixer,0.677717
10,2,7,vim_tiny,cifar10,0.03,4,base.layers.3.mixer,0.827292
10,2,7,vim_tiny,cifar10,0.03,5,base.layers.4.mixer,0.677618
10,2,7,vim_tiny,cifar10,0.03,6,base.layers.5.mixer,0.307047
10,2,7,vim_tiny,cifar10,0.03,7,base.layers.6.mixer,0.629461
10,2,7,vim_tiny,cifar10,0.03,8,base.layers.7.mixer,0.887037
10,2,7,vim_tiny,cifar10,0.03,9,base.layers.8.mixer,0.807014
10,2,7,vim_tiny,cifar10,0.03,10,base.layers.9.mixer,0.891812
10,2,7,vim_tiny,cifar10,0.03,11,base.layers.10.mixer,0.458126
10,2,7,vim_tiny,cifar10,0.03,12,base.layers.11.mixer,0.677215
10,2,7,vim_tiny,cifar10,0.03,13,classifier,0.173132
10,2,8,vim_tiny,cifar10,0.03,0,base.patch_embed,0.967417
10,2,8,vim_tiny,cifar10,0.03,1,base.layers.0.mixer,0.913659
10,2,8,vim_tiny,cifar10,0.03,2,base.layers.1.mixer,0.914471
10,2,8,vim_tiny,cifar10,0.03,3,base.layers.2.mixer,0.721462
10,2,8,vim_tiny,cifar10,0.03,4,base.layers.3.mixer,0.847741
10,2,8,vim_tiny,cifar10,0.03,5,base.layers.4.mixer,0.772858
10,2,8,vim_tiny,cifar10,0.03,6,base.layers.5.mixer,0.395904
10,2,8,vim_tiny,cifar10,0.03,7,base.layers.6.mixer,0.641402
10,2,8,vim_tiny,cifar10,0.03,8,base.layers.7.mixer,0.944228
10,2,8,vim_tiny,cifar10,0.03,9,base.layers.8.mixer,0.939523
10,2,8,vim_tiny,cifar10,0.03,10,base.layers.9.mixer,0.923054
10,2,8,vim_tiny,cifar10,0.03,11,base.layers.10.mixer,0.774355
10,2,8,vim_tiny,cifar10,0.03,12,base.layers.11.mixer,0.798136
10,2,8,vim_tiny,cifar10,0.03,13,classifier,0.319232
10,2,9,vim_tiny,cifar10,0.03,0,base.patch_embed,0.986987
10,2,9,vim_tiny,cifar10,0.03,1,base.layers.0.mixer,0.757478
10,2,9,vim_tiny,cifar10,0.03,2,base.layers.1.mixer,0.899758
10,2,9,vim_tiny,cifar10,0.03,3,base.layers.2.mixer,0.742239
10,2,9,vim_tiny,cifar10,0.03,4,base.layers.3.mixer,0.847863
10,2,9,vim_tiny,cifar10,0.03,5,base.layers.4.mixer,0.695348
10,2,9,vim_tiny,cifar10,0.03,6,base.layers.5.mixer,0.243081
10,2,9,vim_tiny,cifar10,0.03,7,base.layers.6.mixer,0.451824
10,2,9,vim_tiny,cifar10,0.03,8,base.layers.7.mixer,0.895432
10,2,9,vim_tiny,cifar10,0.03,9,base.layers.8.mixer,0.816868
10,2,9,vim_tiny,cifar10,0.03,10,base.layers.9.mixer,0.937170
10,2,9,vim_tiny,cifar10,0.03,11,base.layers.10.mixer,0.575758
10,2,9,vim_tiny,cifar10,0.03,12,base.layers.11.mixer,0.894320
10,2,9,vim_tiny,cifar10,0.03,13,classifier,0.256768
10,3,4,vim_tiny,cifar10,0.03,0,base.patch_embed,0.916175
10,3,4,vim_tiny,cifar10,0.03,1,base.layers.0.mixer,0.960296
10,3,4,vim_tiny,cifar10,0.03,2,base.layers.1.mixer,0.715515
10,3,4,vim_tiny,cifar10,0.03,3,base.layers.2.mixer,0.676853
10,3,4,vim_tiny,cifar10,0.03,4,base.layers.3.mixer,0.722192
10,3,4,vim_tiny,cifar10,0.03,5,base.layers.4.mixer,0.775487
10,3,4,vim_tiny,cifar10,0.03,6,base.layers.5.mixer,0.413335
10,3,4,vim_tiny,cifar10,0.03,7,base.layers.6.mixer,0.642349
10,3,4,vim_tiny,cifar10,0.03,8,base.layers.7.mixer,0.774974
10,3,4,vim_tiny,cifar10,0.03,9,base.layers.8.mixer,0.792987
10,3,4,vim_tiny,cifar10,0.03,10,base.layers.9.mixer,0.598427
10,3,4,vim_tiny,cifar10,0.03,11,base.layers.10.mixer,0.680348
10,3,4,vim_tiny,cifar10,0.03,12,base.layers.11.mixer,0.923481
10,3,4,vim_tiny,cifar10,0.03,13,classifier,0.070369
10,3,5,vim_tiny,cifar10,0.03,0,base.patch_embed,0.878587
10,3,5,vim_tiny,cifar10,0.03,1,base.layers.0.mixer,0.932125
10,3,5,vim_tiny,cifar10,0.03,2,base.layers.1.mixer,0.453288
10,3,5,vim_tiny,cifar10,0.03,3,base.layers.2.mixer,0.552527
10,3,5,vim_tiny,cifar10,0.03,4,base.layers.3.mixer,0.841857
10,3,5,vim_tiny,cifar10,0.03,5,base.layers.4.mixer,0.797405
10,3,5,vim_tiny,cifar10,0.03,6,base.layers.5.mixer,0.457574
10,3,5,vim_tiny,cifar10,0.03,7,base.layers.6.mixer,0.664076
10,3,5,vim_tiny,cifar10,0.03,8,base.layers.7.mixer,0.833284
10,3,5,vim_tiny,cifar10,0.03,9,base.layers.8.mixer,0.787233
10,3,5,vim_tiny,cifar10,0.03,10,base.layers.9.mixer,0.716441
10,3,5,vim_tiny,cifar10,0.03,11,base.layers.10.mixer,0.583870
10,3,5,vim_tiny,cifar10,0.03,12,base.layers.11.mixer,0.891307
10,3,5,vim_tiny,cifar10,0.03,13,classifier,0.248010
10,3,6,vim_tiny,cifar10,0.03,0,base.patch_embed,0.971719
10,3,6,vim_tiny,cifar10,0.03,1,base.layers.0.mixer,0.973312
10,3,6,vim_tiny,cifar10,0.03,2,base.layers.1.mixer,0.958441
10,3,6,vim_tiny,cifar10,0.03,3,base.layers.2.mixer,0.848393
10,3,6,vim_tiny,cifar10,0.03,4,base.layers.3.mixer,0.959795
10,3,6,vim_tiny,cifar10,0.03,5,base.layers.4.mixer,0.942545
10,3,6,vim_tiny,cifar10,0.03,6,base.layers.5.mixer,0.922139
10,3,6,vim_tiny,cifar10,0.03,7,base.layers.6.mixer,0.859665
10,3,6,vim_tiny,cifar10,0.03,8,base.layers.7.mixer,0.920211
10,3,6,vim_tiny,cifar10,0.03,9,base.layers.8.mixer,0.934331
10,3,6,vim_tiny,cifar10,0.03,10,base.layers.9.mixer,0.964099
10,3,6,vim_tiny,cifar10,0.03,11,base.layers.10.mixer,0.851080
10,3,6,vim_tiny,cifar10,0.03,12,base.layers.11.mixer,0.968254
10,3,6,vim_tiny,cifar10,0.03,13,classifier,0.473238
10,3,7,vim_tiny,cifar10,0.03,0,base.patch_embed,0.946237
10,3,7,vim_tiny,cifar10,0.03,1,base.layers.0.mixer,0.986669
10,3,7,vim_tiny,cifar10,0.03,2,base.layers.1.mixer,0.509008
10,3,7,vim_tiny,cifar10,0.03,3,base.layers.2.mixer,0.564375
10,3,7,vim_tiny,cifar10,0.03,4,base.layers.3.mixer,0.828521
10,3,7,vim_tiny,cifar10,0.03,5,base.layers.4.mixer,0.905473
10,3,7,vim_tiny,cifar10,0.03,6,base.layers.5.mixer,0.842197
10,3,7,vim_tiny,cifar10,0.03,7,base.layers.6.mixer,0.847780
10,3,7,vim_tiny,cifar10,0.03,8,base.layers.7.mixer,0.837096
10,3,7,vim_tiny,cifar10,0.03,9,base.layers.8.mixer,0.697168
10,3,7,vim_tiny,cifar10,0.03,10,base.layers.9.mixer,0.884129
10,3,7,vim_tiny,cifar10,0.03,11,base.layers.10.mixer,0.322706
10,3,7,vim_tiny,cifar10,0.03,12,base.layers.11.mixer,0.772427
10,3,7,vim_tiny,cifar10,0.03,13,classifier,0.278442
10,3,8,vim_tiny,cifar10,0.03,0,base.patch_embed,0.953416
10,3,8,vim_tiny,cifar10,0.03,1,base.layers.0.mixer,0.965848
10,3,8,vim_tiny,cifar10,0.03,2,base.layers.1.mixer,0.754446
10,3,8,vim_tiny,cifar10,0.03,3,base.layers.2.mixer,0.615614
10,3,8,vim_tiny,cifar10,0.03,4,base.layers.3.mixer,0.869522
10,3,8,vim_tiny,cifar10,0.03,5,base.layers.4.mixer,0.854812
10,3,8,vim_tiny,cifar10,0.03,6,base.layers.5.mixer,0.929013
10,3,8,vim_tiny,cifar10,0.03,7,base.layers.6.mixer,0.880298
10,3,8,vim_tiny,cifar10,0.03,8,base.layers.7.mixer,0.835760
10,3,8,vim_tiny,cifar10,0.03,9,base.layers.8.mixer,0.884558
10,3,8,vim_tiny,cifar10,0.03,10,base.layers.9.mixer,0.826764
10,3,8,vim_tiny,cifar10,0.03,11,base.layers.10.mixer,0.625222
10,3,8,vim_tiny,cifar10,0.03,12,base.layers.11.mixer,0.879728
10,3,8,vim_tiny,cifar10,0.03,13,classifier,0.273767
10,3,9,vim_tiny,cifar10,0.03,0,base.patch_embed,0.975327
10,3,9,vim_tiny,cifar10,0.03,1,base.layers.0.mixer,0.707314
10,3,9,vim_tiny,cifar10,0.03,2,base.layers.1.mixer,0.803993
10,3,9,vim_tiny,cifar10,0.03,3,base.layers.2.mixer,0.627651
10,3,9,vim_tiny,cifar10,0.03,4,base.layers.3.mixer,0.910073
10,3,9,vim_tiny,cifar10,0.03,5,base.layers.4.mixer,0.911014
10,3,9,vim_tiny,cifar10,0.03,6,base.layers.5.mixer,0.679032
10,3,9,vim_tiny,cifar10,0.03,7,base.layers.6.mixer,0.890693
10,3,9,vim_tiny,cifar10,0.03,8,base.layers.7.mixer,0.800694
10,3,9,vim_tiny,cifar10,0.03,9,base.layers.8.mixer,0.632042
10,3,9,vim_tiny,cifar10,0.03,10,base.layers.9.mixer,0.733800
10,3,9,vim_tiny,cifar10,0.03,11,base.layers.10.mixer,0.480847
10,3,9,vim_tiny,cifar10,0.03,12,base.layers.11.mixer,0.912553
10,3,9,vim_tiny,cifar10,0.03,13,classifier,0.241227
10,4,5,vim_tiny,cifar10,0.03,0,base.patch_embed,0.990992
10,4,5,vim_tiny,cifar10,0.03,1,base.layers.0.mixer,0.985828
10,4,5,vim_tiny,cifar10,0.03,2,base.layers.1.mixer,0.702169
10,4,5,vim_tiny,cifar10,0.03,3,base.layers.2.mixer,0.905039
10,4,5,vim_tiny,cifar10,0.03,4,base.layers.3.mixer,0.851232
10,4,5,vim_tiny,cifar10,0.03,5,base.layers.4.mixer,0.728398
10,4,5,vim_tiny,cifar10,0.03,6,base.layers.5.mixer,0.815551
10,4,5,vim_tiny,cifar10,0.03,7,base.layers.6.mixer,0.945335
10,4,5,vim_tiny,cifar10,0.03,8,base.layers.7.mixer,0.901087
10,4,5,vim_tiny,cifar10,0.03,9,base.layers.8.mixer,0.954750
10,4,5,vim_tiny,cifar10,0.03,10,base.layers.9.mixer,0.897481
10,4,5,vim_tiny,cifar10,0.03,11,base.layers.10.mixer,0.930618
10,4,5,vim_tiny,cifar10,0.03,12,base.layers.11.mixer,0.965884
10,4,5,vim_tiny,cifar10,0.03,13,classifier,0.284574
10,4,6,vim_tiny,cifar10,0.03,0,base.patch_embed,0.971849
10,4,6,vim_tiny,cifar10,0.03,1,base.layers.0.mixer,0.982183
10,4,6,vim_tiny,cifar10,0.03,2,base.layers.1.mixer,0.837284
10,4,6,vim_tiny,cifar10,0.03,3,base.layers.2.mixer,0.885779
10,4,6,vim_tiny,cifar10,0.03,4,base.layers.3.mixer,0.816799
10,4,6,vim_tiny,cifar10,0.03,5,base.layers.4.mixer,0.813851
10,4,6,vim_tiny,cifar10,0.03,6,base.layers.5.mixer,0.437284
10,4,6,vim_tiny,cifar10,0.03,7,base.layers.6.mixer,0.850138
10,4,6,vim_tiny,cifar10,0.03,8,base.layers.7.mixer,0.884918
10,4,6,vim_tiny,cifar10,0.03,9,base.layers.8.mixer,0.907767
10,4,6,vim_tiny,cifar10,0.03,10,base.layers.9.mixer,0.703348
10,4,6,vim_tiny,cifar10,0.03,11,base.layers.10.mixer,0.846389
10,4,6,vim_tiny,cifar10,0.03,12,base.layers.11.mixer,0.956473
10,4,6,vim_tiny,cifar10,0.03,13,classifier,0.334880
10,4,7,vim_tiny,cifar10,0.03,0,base.patch_embed,0.988134
10,4,7,vim_tiny,cifar10,0.03,1,base.layers.0.mixer,0.986331
10,4,7,vim_tiny,cifar10,0.03,2,base.layers.1.mixer,0.694907
10,4,7,vim_tiny,cifar10,0.03,3,base.layers.2.mixer,0.883853
10,4,7,vim_tiny,cifar10,0.03,4,base.layers.3.mixer,0.943959
10,4,7,vim_tiny,cifar10,0.03,5,base.layers.4.mixer,0.746456
10,4,7,vim_tiny,cifar10,0.03,6,base.layers.5.mixer,0.404056
10,4,7,vim_tiny,cifar10,0.03,7,base.layers.6.mixer,0.636330
10,4,7,vim_tiny,cifar10,0.03,8,base.layers.7.mixer,0.920412
10,4,7,vim_tiny,cifar10,0.03,9,base.layers.8.mixer,0.797890
10,4,7,vim_tiny,cifar10,0.03,10,base.layers.9.mixer,0.791386
10,4,7,vim_tiny,cifar10,0.03,11,base.layers.10.mixer,0.589757
10,4,7,vim_tiny,cifar10,0.03,12,base.layers.11.mixer,0.789423
10,4,7,vim_tiny,cifar10,0.03,13,classifier,0.187825
10,4,8,vim_tiny,cifar10,0.03,0,base.patch_embed,0.974006
10,4,8,vim_tiny,cifar10,0.03,1,base.layers.0.mixer,0.982816
10,4,8,vim_tiny,cifar10,0.03,2,base.layers.1.mixer,0.942107
10,4,8,vim_tiny,cifar10,0.03,3,base.layers.2.mixer,0.924260
10,4,8,vim_tiny,cifar10,0.03,4,base.layers.3.mixer,0.913720
10,4,8,vim_tiny,cifar10,0.03,5,base.layers.4.mixer,0.812931
10,4,8,vim_tiny,cifar10,0.03,6,base.layers.5.mixer,0.461669
10,4,8,vim_tiny,cifar10,0.03,7,base.layers.6.mixer,0.640462
10,4,8,vim_tiny,cifar10,0.03,8,base.layers.7.mixer,0.910449
10,4,8,vim_tiny,cifar10,0.03,9,base.layers.8.mixer,0.940700
10,4,8,vim_tiny,cifar10,0.03,10,base.layers.9.mixer,0.867668
10,4,8,vim_tiny,cifar10,0.03,11,base.layers.10.mixer,0.858765
10,4,8,vim_tiny,cifar10,0.03,12,base.layers.11.mixer,0.887346
10,4,8,vim_tiny,cifar10,0.03,13,classifier,0.262079
10,4,9,vim_tiny,cifar10,0.03,0,base.patch_embed,0.976440
10,4,9,vim_tiny,cifar10,0.03,1,base.layers.0.mixer,0.716384
10,4,9,vim_tiny,cifar10,0.03,2,base.layers.1.mixer,0.798601
10,4,9,vim_tiny,cifar10,0.03,3,base.layers.2.mixer,0.896225
10,4,9,vim_tiny,cifar10,0.03,4,base.layers.3.mixer,0.863871
10,4,9,vim_tiny,cifar10,0.03,5,base.layers.4.mixer,0.771574
10,4,9,vim_tiny,cifar10,0.03,6,base.layers.5.mixer,0.313243
10,4,9,vim_tiny,cifar10,0.03,7,base.layers.6.mixer,0.444570
10,4,9,vim_tiny,cifar10,0.03,8,base.layers.7.mixer,0.882686
10,4,9,vim_tiny,cifar10,0.03,9,base.layers.8.mixer,0.862005
10,4,9,vim_tiny,cifar10,0.03,10,base.layers.9.mixer,0.909983
10,4,9,vim_tiny,cifar10,0.03,11,base.layers.10.mixer,0.592989
10,4,9,vim_tiny,cifar10,0.03,12,base.layers.11.mixer,0.919138
10,4,9,vim_tiny,cifar10,0.03,13,classifier,0.248423
10,5,6,vim_tiny,cifar10,0.03,0,base.patch_embed,0.951829
10,5,6,vim_tiny,cifar10,0.03,1,base.layers.0.mixer,0.975532
10,5,6,vim_tiny,cifar10,0.03,2,base.layers.1.mixer,0.539518
10,5,6,vim_tiny,cifar10,0.03,3,base.layers.2.mixer,0.805849
10,5,6,vim_tiny,cifar10,0.03,4,base.layers.3.mixer,0.927963
10,5,6,vim_tiny,cifar10,0.03,5,base.layers.4.mixer,0.883179
10,5,6,vim_tiny,cifar10,0.03,6,base.layers.5.mixer,0.528334
10,5,6,vim_tiny,cifar10,0.03,7,base.layers.6.mixer,0.799443
10,5,6,vim_tiny,cifar10,0.03,8,base.layers.7.mixer,0.936373
10,5,6,vim_tiny,cifar10,0.03,9,base.layers.8.mixer,0.883293
10,5,6,vim_tiny,cifar10,0.03,10,base.layers.9.mixer,0.811849
10,5,6,vim_tiny,cifar10,0.03,11,base.layers.10.mixer,0.789061
10,5,6,vim_tiny,cifar10,0.03,12,base.layers.11.mixer,0.923676
10,5,6,vim_tiny,cifar10,0.03,13,classifier,0.143306
10,5,7,vim_tiny,cifar10,0.03,0,base.patch_embed,0.971980
10,5,7,vim_tiny,cifar10,0.03,1,base.layers.0.mixer,0.960273
10,5,7,vim_tiny,cifar10,0.03,2,base.layers.1.mixer,0.493981
10,5,7,vim_tiny,cifar10,0.03,3,base.layers.2.mixer,0.940914
10,5,7,vim_tiny,cifar10,0.03,4,base.layers.3.mixer,0.871090
10,5,7,vim_tiny,cifar10,0.03,5,base.layers.4.mixer,0.846790
10,5,7,vim_tiny,cifar10,0.03,6,base.layers.5.mixer,0.427031
10,5,7,vim_tiny,cifar10,0.03,7,base.layers.6.mixer,0.676685
10,5,7,vim_tiny,cifar10,0.03,8,base.layers.7.mixer,0.923560
10,5,7,vim_tiny,cifar10,0.03,9,base.layers.8.mixer,0.759552
10,5,7,vim_tiny,cifar10,0.03,10,base.layers.9.mixer,0.908255
10,5,7,vim_tiny,cifar10,0.03,11,base.layers.10.mixer,0.679983
10,5,7,vim_tiny,cifar10,0.03,12,base.layers.11.mixer,0.779649
10,5,7,vim_tiny,cifar10,0.03,13,classifier,0.330871
10,5,8,vim_tiny,cifar10,0.03,0,base.patch_embed,0.956913
10,5,8,vim_tiny,cifar10,0.03,1,base.layers.0.mixer,0.974367
10,5,8,vim_tiny,cifar10,0.03,2,base.layers.1.mixer,0.632153
10,5,8,vim_tiny,cifar10,0.03,3,base.layers.2.mixer,0.941605
10,5,8,vim_tiny,cifar10,0.03,4,base.layers.3.mixer,0.915336
10,5,8,vim_tiny,cifar10,0.03,5,base.layers.4.mixer,0.869222
10,5,8,vim_tiny,cifar10,0.03,6,base.layers.5.mixer,0.509270
10,5,8,vim_tiny,cifar10,0.03,7,base.layers.6.mixer,0.629361
10,5,8,vim_tiny,cifar10,0.03,8,base.layers.7.mixer,0.946460
10,5,8,vim_tiny,cifar10,0.03,9,base.layers.8.mixer,0.921944
10,5,8,vim_tiny,cifar10,0.03,10,base.layers.9.mixer,0.933788
10,5,8,vim_tiny,cifar10,0.03,11,base.layers.10.mixer,0.901420
10,5,8,vim_tiny,cifar10,0.03,12,base.layers.11.mixer,0.879110
10,5,8,vim_tiny,cifar10,0.03,13,classifier,0.455748
10,5,9,vim_tiny,cifar10,0.03,0,base.patch_embed,0.951072
10,5,9,vim_tiny,cifar10,0.03,1,base.layers.0.mixer,0.690895
10,5,9,vim_tiny,cifar10,0.03,2,base.layers.1.mixer,0.449812
10,5,9,vim_tiny,cifar10,0.03,3,base.layers.2.mixer,0.927631
10,5,9,vim_tiny,cifar10,0.03,4,base.layers.3.mixer,0.857199
10,5,9,vim_tiny,cifar10,0.03,5,base.layers.4.mixer,0.823910
10,5,9,vim_tiny,cifar10,0.03,6,base.layers.5.mixer,0.329386
10,5,9,vim_tiny,cifar10,0.03,7,base.layers.6.mixer,0.450924
10,5,9,vim_tiny,cifar10,0.03,8,base.layers.7.mixer,0.912004
10,5,9,vim_tiny,cifar10,0.03,9,base.layers.8.mixer,0.849172
10,5,9,vim_tiny,cifar10,0.03,10,base.layers.9.mixer,0.916078
10,5,9,vim_tiny,cifar10,0.03,11,base.layers.10.mixer,0.659812
10,5,9,vim_tiny,cifar10,0.03,12,base.layers.11.mixer,0.942854
10,5,9,vim_tiny,cifar10,0.03,13,classifier,0.554825
10,6,7,vim_tiny,cifar10,0.03,0,base.patch_embed,0.991820
10,6,7,vim_tiny,cifar10,0.03,1,base.layers.0.mixer,0.984813
10,6,7,vim_tiny,cifar10,0.03,2,base.layers.1.mixer,0.593858
10,6,7,vim_tiny,cifar10,0.03,3,base.layers.2.mixer,0.849253
10,6,7,vim_tiny,cifar10,0.03,4,base.layers.3.mixer,0.912250
10,6,7,vim_tiny,cifar10,0.03,5,base.layers.4.mixer,0.906855
10,6,7,vim_tiny,cifar10,0.03,6,base.layers.5.mixer,0.863687
10,6,7,vim_tiny,cifar10,0.03,7,base.layers.6.mixer,0.862602
10,6,7,vim_tiny,cifar10,0.03,8,base.layers.7.mixer,0.909898
10,6,7,vim_tiny,cifar10,0.03,9,base.layers.8.mixer,0.771928
10,6,7,vim_tiny,cifar10,0.03,10,base.layers.9.mixer,0.908772
10,6,7,vim_tiny,cifar10,0.03,11,base.layers.10.mixer,0.481568
10,6,7,vim_tiny,cifar10,0.03,12,base.layers.11.mixer,0.866150
10,6,7,vim_tiny,cifar10,0.03,13,classifier,0.325466
10,6,8,vim_tiny,cifar10,0.03,0,base.patch_embed,0.997348
10,6,8,vim_tiny,cifar10,0.03,1,base.layers.0.mixer,0.998487
10,6,8,vim_tiny,cifar10,0.03,2,base.layers.1.mixer,0.886254
10,6,8,vim_tiny,cifar10,0.03,3,base.layers.2.mixer,0.875379
10,6,8,vim_tiny,cifar10,0.03,4,base.layers.3.mixer,0.959458
10,6,8,vim_tiny,cifar10,0.03,5,base.layers.4.mixer,0.954223
10,6,8,vim_tiny,cifar10,0.03,6,base.layers.5.mixer,0.957986
10,6,8,vim_tiny,cifar10,0.03,7,base.layers.6.mixer,0.906169
10,6,8,vim_tiny,cifar10,0.03,8,base.layers.7.mixer,0.963138
10,6,8,vim_tiny,cifar10,0.03,9,base.layers.8.mixer,0.971468
10,6,8,vim_tiny,cifar10,0.03,10,base.layers.9.mixer,0.901587
10,6,8,vim_tiny,cifar10,0.03,11,base.layers.10.mixer,0.870445
10,6,8,vim_tiny,cifar10,0.03,12,base.layers.11.mixer,0.950243
10,6,8,vim_tiny,cifar10,0.03,13,classifier,0.339772
10,6,9,vim_tiny,cifar10,0.03,0,base.patch_embed,0.985189
10,6,9,vim_tiny,cifar10,0.03,1,base.layers.0.mixer,0.707033
10,6,9,vim_tiny,cifar10,0.03,2,base.layers.1.mixer,0.868644
10,6,9,vim_tiny,cifar10,0.03,3,base.layers.2.mixer,0.839004
10,6,9,vim_tiny,cifar10,0.03,4,base.layers.3.mixer,0.956614
10,6,9,vim_tiny,cifar10,0.03,5,base.layers.4.mixer,0.917547
10,6,9,vim_tiny,cifar10,0.03,6,base.layers.5.mixer,0.587627
10,6,9,vim_tiny,cifar10,0.03,7,base.layers.6.mixer,0.763716
10,6,9,vim_tiny,cifar10,0.03,8,base.layers.7.mixer,0.906964
10,6,9,vim_tiny,cifar10,0.03,9,base.layers.8.mixer,0.709284
10,6,9,vim_tiny,cifar10,0.03,10,base.layers.9.mixer,0.831820
10,6,9,vim_tiny,cifar10,0.03,11,base.layers.10.mixer,0.688950
10,6,9,vim_tiny,cifar10,0.03,12,base.layers.11.mixer,0.928013
10,6,9,vim_tiny,cifar10,0.03,13,classifier,0.279022
10,7,8,vim_tiny,cifar10,0.03,0,base.patch_embed,0.994309
10,7,8,vim_tiny,cifar10,0.03,1,base.layers.0.mixer,0.983323
10,7,8,vim_tiny,cifar10,0.03,2,base.layers.1.mixer,0.798425
10,7,8,vim_tiny,cifar10,0.03,3,base.layers.2.mixer,0.974130
10,7,8,vim_tiny,cifar10,0.03,4,base.layers.3.mixer,0.982770
10,7,8,vim_tiny,cifar10,0.03,5,base.layers.4.mixer,0.871737
10,7,8,vim_tiny,cifar10,0.03,6,base.layers.5.mixer,0.899073
10,7,8,vim_tiny,cifar10,0.03,7,base.layers.6.mixer,0.962733
10,7,8,vim_tiny,cifar10,0.03,8,base.layers.7.mixer,0.943290
10,7,8,vim_tiny,cifar10,0.03,9,base.layers.8.mixer,0.829033
10,7,8,vim_tiny,cifar10,0.03,10,base.layers.9.mixer,0.959888
10,7,8,vim_tiny,cifar10,0.03,11,base.layers.10.mixer,0.764077
10,7,8,vim_tiny,cifar10,0.03,12,base.layers.11.mixer,0.957014
10,7,8,vim_tiny,cifar10,0.03,13,classifier,0.702290
10,7,9,vim_tiny,cifar10,0.03,0,base.patch_embed,0.979550
10,7,9,vim_tiny,cifar10,0.03,1,base.layers.0.mixer,0.714578
10,7,9,vim_tiny,cifar10,0.03,2,base.layers.1.mixer,0.848019
10,7,9,vim_tiny,cifar10,0.03,3,base.layers.2.mixer,0.957066
10,7,9,vim_tiny,cifar10,0.03,4,base.layers.3.mixer,0.954984
10,7,9,vim_tiny,cifar10,0.03,5,base.layers.4.mixer,0.869955
10,7,9,vim_tiny,cifar10,0.03,6,base.layers.5.mixer,0.497843
10,7,9,vim_tiny,cifar10,0.03,7,base.layers.6.mixer,0.889161
10,7,9,vim_tiny,cifar10,0.03,8,base.layers.7.mixer,0.940696
10,7,9,vim_tiny,cifar10,0.03,9,base.layers.8.mixer,0.816042
10,7,9,vim_tiny,cifar10,0.03,10,base.layers.9.mixer,0.890415
10,7,9,vim_tiny,cifar10,0.03,11,base.layers.10.mixer,0.698438
10,7,9,vim_tiny,cifar10,0.03,12,base.layers.11.mixer,0.837389
10,7,9,vim_tiny,cifar10,0.03,13,classifier,0.733291
10,8,9,vim_tiny,cifar10,0.03,0,base.patch_embed,0.975141
10,8,9,vim_tiny,cifar10,0.03,1,base.layers.0.mixer,0.715868
10,8,9,vim_tiny,cifar10,0.03,2,base.layers.1.mixer,0.901241
10,8,9,vim_tiny,cifar10,0.03,3,base.layers.2.mixer,0.953520
10,8,9,vim_tiny,cifar10,0.03,4,base.layers.3.mixer,0.966862
10,8,9,vim_tiny,cifar10,0.03,5,base.layers.4.mixer,0.918191
10,8,9,vim_tiny,cifar10,0.03,6,base.layers.5.mixer,0.682780
10,8,9,vim_tiny,cifar10,0.03,7,base.layers.6.mixer,0.924611
10,8,9,vim_tiny,cifar10,0.03,8,base.layers.7.mixer,0.962538
10,8,9,vim_tiny,cifar10,0.03,9,base.layers.8.mixer,0.805530
10,8,9,vim_tiny,cifar10,0.03,10,base.layers.9.mixer,0.959170
10,8,9,vim_tiny,cifar10,0.03,11,base.layers.10.mixer,0.855896
10,8,9,vim_tiny,cifar10,0.03,12,base.layers.11.mixer,0.919896
10,8,9,vim_tiny,cifar10,0.03,13,classifier,0.690094
20,0,1,vim_tiny,cifar10,0.03,0,base.patch_embed,0.989938
20,0,1,vim_tiny,cifar10,0.03,1,base.layers.0.mixer,0.985435
20,0,1,vim_tiny,cifar10,0.03,2,base.layers.1.mixer,0.968804
20,0,1,vim_tiny,cifar10,0.03,3,base.layers.2.mixer,0.941360
20,0,1,vim_tiny,cifar10,0.03,4,base.layers.3.mixer,0.869671
20,0,1,vim_tiny,cifar10,0.03,5,base.layers.4.mixer,0.948835
20,0,1,vim_tiny,cifar10,0.03,6,base.layers.5.mixer,0.913743
20,0,1,vim_tiny,cifar10,0.03,7,base.layers.6.mixer,0.768738
20,0,1,vim_tiny,cifar10,0.03,8,base.layers.7.mixer,0.804760
20,0,1,vim_tiny,cifar10,0.03,9,base.layers.8.mixer,0.322602
20,0,1,vim_tiny,cifar10,0.03,10,base.layers.9.mixer,0.821982
20,0,1,vim_tiny,cifar10,0.03,11,base.layers.10.mixer,0.848293
20,0,1,vim_tiny,cifar10,0.03,12,base.layers.11.mixer,0.935250
20,0,1,vim_tiny,cifar10,0.03,13,classifier,0.288170
20,0,2,vim_tiny,cifar10,0.03,0,base.patch_embed,0.971660
20,0,2,vim_tiny,cifar10,0.03,1,base.layers.0.mixer,0.818708
20,0,2,vim_tiny,cifar10,0.03,2,base.layers.1.mixer,0.925846
20,0,2,vim_tiny,cifar10,0.03,3,base.layers.2.mixer,0.973263
20,0,2,vim_tiny,cifar10,0.03,4,base.layers.3.mixer,0.928614
20,0,2,vim_tiny,cifar10,0.03,5,base.layers.4.mixer,0.838290
20,0,2,vim_tiny,cifar10,0.03,6,base.layers.5.mixer,0.676864
20,0,2,vim_tiny,cifar10,0.03,7,base.layers.6.mixer,0.819506
20,0,2,vim_tiny,cifar10,0.03,8,base.layers.7.mixer,0.854048
20,0,2,vim_tiny,cifar10,0.03,9,base.layers.8.mixer,0.666926
20,0,2,vim_tiny,cifar10,0.03,10,base.layers.9.mixer,0.833806
20,0,2,vim_tiny,cifar10,0.03,11,base.layers.10.mixer,0.838517
20,0,2,vim_tiny,cifar10,0.03,12,base.layers.11.mixer,0.903915
20,0,2,vim_tiny,cifar10,0.03,13,classifier,0.442871
20,0,3,vim_tiny,cifar10,0.03,0,base.patch_embed,0.985478
20,0,3,vim_tiny,cifar10,0.03,1,base.layers.0.mixer,0.956816
20,0,3,vim_tiny,cifar10,0.03,2,base.layers.1.mixer,0.918118
20,0,3,vim_tiny,cifar10,0.03,3,base.layers.2.mixer,0.977844
20,0,3,vim_tiny,cifar10,0.03,4,base.layers.3.mixer,0.968070
20,0,3,vim_tiny,cifar10,0.03,5,base.layers.4.mixer,0.902257
20,0,3,vim_tiny,cifar10,0.03,6,base.layers.5.mixer,0.812819
20,0,3,vim_tiny,cifar10,0.03,7,base.layers.6.mixer,0.910278
20,0,3,vim_tiny,cifar10,0.03,8,base.layers.7.mixer,0.924059
20,0,3,vim_tiny,cifar10,0.03,9,base.layers.8.mixer,0.524300
20,0,3,vim_tiny,cifar10,0.03,10,base.layers.9.mixer,0.855907
20,0,3,vim_tiny,cifar10,0.03,11,base.layers.10.mixer,0.852026
20,0,3,vim_tiny,cifar10,0.03,12,base.layers.11.mixer,0.920970
20,0,3,vim_tiny,cifar10,0.03,13,classifier,0.060502
20,0,4,vim_tiny,cifar10,0.03,0,base.patch_embed,0.968992
20,0,4,vim_tiny,cifar10,0.03,1,base.layers.0.mixer,0.902046
20,0,4,vim_tiny,cifar10,0.03,2,base.layers.1.mixer,0.887985
20,0,4,vim_tiny,cifar10,0.03,3,base.layers.2.mixer,0.940910
20,0,4,vim_tiny,cifar10,0.03,4,base.layers.3.mixer,0.931340
20,0,4,vim_tiny,cifar10,0.03,5,base.layers.4.mixer,0.925641
20,0,4,vim_tiny,cifar10,0.03,6,base.layers.5.mixer,0.847640
20,0,4,vim_tiny,cifar10,0.03,7,base.layers.6.mixer,0.954122
20,0,4,vim_tiny,cifar10,0.03,8,base.layers.7.mixer,0.871098
20,0,4,vim_tiny,cifar10,0.03,9,base.layers.8.mixer,0.490469
20,0,4,vim_tiny,cifar10,0.03,10,base.layers.9.mixer,0.683131
20,0,4,vim_tiny,cifar10,0.03,11,base.layers.10.mixer,0.729429
20,0,4,vim_tiny,cifar10,0.03,12,base.layers.11.mixer,0.902459
20,0,4,vim_tiny,cifar10,0.03,13,classifier,0.227918
20,0,5,vim_tiny,cifar10,0.03,0,base.patch_embed,0.966219
20,0,5,vim_tiny,cifar10,0.03,1,base.layers.0.mixer,0.964696
20,0,5,vim_tiny,cifar10,0.03,2,base.layers.1.mixer,0.945266
20,0,5,vim_tiny,cifar10,0.03,3,base.layers.2.mixer,0.879823
20,0,5,vim_tiny,cifar10,0.03,4,base.layers.3.mixer,0.840120
20,0,5,vim_tiny,cifar10,0.03,5,base.layers.4.mixer,0.748805
20,0,5,vim_tiny,cifar10,0.03,6,base.layers.5.mixer,0.819979
20,0,5,vim_tiny,cifar10,0.03,7,base.layers.6.mixer,0.605910
20,0,5,vim_tiny,cifar10,0.03,8,base.layers.7.mixer,0.789390
20,0,5,vim_tiny,cifar10,0.03,9,base.layers.8.mixer,0.053744
20,0,5,vim_tiny,cifar10,0.03,10,base.layers.9.mixer,0.417657
20,0,5,vim_tiny,cifar10,0.03,11,base.layers.10.mixer,0.422784
20,0,5,vim_tiny,cifar10,0.03,12,base.layers.11.mixer,0.419014
20,0,5,vim_tiny,cifar10,0.03,13,classifier,0.192062
20,0,6,vim_tiny,cifar10,0.03,0,base.patch_embed,0.991787
20,0,6,vim_tiny,cifar10,0.03,1,base.layers.0.mixer,0.973373
20,0,6,vim_tiny,cifar10,0.03,2,base.layers.1.mixer,0.947820
20,0,6,vim_tiny,cifar10,0.03,3,base.layers.2.mixer,0.974021
20,0,6,vim_tiny,cifar10,0.03,4,base.layers.3.mixer,0.985192
20,0,6,vim_tiny,cifar10,0.03,5,base.layers.4.mixer,0.927002
20,0,6,vim_tiny,cifar10,0.03,6,base.layers.5.mixer,0.798106
20,0,6,vim_tiny,cifar10,0.03,7,base.layers.6.mixer,0.933964
20,0,6,vim_tiny,cifar10,0.03,8,base.layers.7.mixer,0.913206
20,0,6,vim_tiny,cifar10,0.03,9,base.layers.8.mixer,0.608557
20,0,6,vim_tiny,cifar10,0.03,10,base.layers.9.mixer,0.928553
20,0,6,vim_tiny,cifar10,0.03,11,base.layers.10.mixer,0.827459
20,0,6,vim_tiny,cifar10,0.03,12,base.layers.11.mixer,0.925232
20,0,6,vim_tiny,cifar10,0.03,13,classifier,0.405102
20,0,7,vim_tiny,cifar10,0.03,0,base.patch_embed,0.967946
20,0,7,vim_tiny,cifar10,0.03,1,base.layers.0.mixer,0.867810
20,0,7,vim_tiny,cifar10,0.03,2,base.layers.1.mixer,0.632008
20,0,7,vim_tiny,cifar10,0.03,3,base.layers.2.mixer,0.939188
20,0,7,vim_tiny,cifar10,0.03,4,base.layers.3.mixer,0.899671
20,0,7,vim_tiny,cifar10,0.03,5,base.layers.4.mixer,0.829354
20,0,7,vim_tiny,cifar10,0.03,6,base.layers.5.mixer,0.708129
20,0,7,vim_tiny,cifar10,0.03,7,base.layers.6.mixer,0.258421
20,0,7,vim_tiny,cifar10,0.03,8,base.layers.7.mixer,0.765128
20,0,7,vim_tiny,cifar10,0.03,9,base.layers.8.mixer,0.235067
20,0,7,vim_tiny,cifar10,0.03,10,base.layers.9.mixer,0.833650
20,0,7,vim_tiny,cifar10,0.03,11,base.layers.10.mixer,0.734275
20,0,7,vim_tiny,cifar10,0.03,12,base.layers.11.mixer,0.841488
20,0,7,vim_tiny,cifar10,0.03,13,classifier,0.378688
20,0,8,vim_tiny,cifar10,0.03,0,base.patch_embed,0.992741
20,0,8,vim_tiny,cifar10,0.03,1,base.layers.0.mixer,0.972417
20,0,8,vim_tiny,cifar10,0.03,2,base.layers.1.mixer,0.854257
20,0,8,vim_tiny,cifar10,0.03,3,base.layers.2.mixer,0.955943
20,0,8,vim_tiny,cifar10,0.03,4,base.layers.3.mixer,0.882408
20,0,8,vim_tiny,cifar10,0.03,5,base.layers.4.mixer,0.978307
20,0,8,vim_tiny,cifar10,0.03,6,base.layers.5.mixer,0.841109
20,0,8,vim_tiny,cifar10,0.03,7,base.layers.6.mixer,0.927683
20,0,8,vim_tiny,cifar10,0.03,8,base.layers.7.mixer,0.908243
20,0,8,vim_tiny,cifar10,0.03,9,base.layers.8.mixer,0.443041
20,0,8,vim_tiny,cifar10,0.03,10,base.layers.9.mixer,0.930989
20,0,8,vim_tiny,cifar10,0.03,11,base.layers.10.mixer,0.907432
20,0,8,vim_tiny,cifar10,0.03,12,base.layers.11.mixer,0.933377
20,0,8,vim_tiny,cifar10,0.03,13,classifier,0.500532
20,0,9,vim_tiny,cifar10,0.03,0,base.patch_embed,0.976718
20,0,9,vim_tiny,cifar10,0.03,1,base.layers.0.mixer,0.841694
20,0,9,vim_tiny,cifar10,0.03,2,base.layers.1.mixer,0.762101
20,0,9,vim_tiny,cifar10,0.03,3,base.layers.2.mixer,0.899773
20,0,9,vim_tiny,cifar10,0.03,4,base.layers.3.mixer,0.821256
20,0,9,vim_tiny,cifar10,0.03,5,base.layers.4.mixer,0.793808
20,0,9,vim_tiny,cifar10,0.03,6,base.layers.5.mixer,0.561792
20,0,9,vim_tiny,cifar10,0.03,7,base.layers.6.mixer,0.700685
20,0,9,vim_tiny,cifar10,0.03,8,base.layers.7.mixer,0.806665
20,0,9,vim_tiny,cifar10,0.03,9,base.layers.8.mixer,0.257913
20,0,9,vim_tiny,cifar10,0.03,10,base.layers.9.mixer,0.758735
20,0,9,vim_tiny,cifar10,0.03,11,base.layers.10.mixer,0.679840
20,0,9,vim_tiny,cifar10,0.03,12,base.layers.11.mixer,0.859872
20,0,9,vim_tiny,cifar10,0.03,13,classifier,0.234927
20,1,2,vim_tiny,cifar10,0.03,0,base.patch_embed,0.953467
20,1,2,vim_tiny,cifar10,0.03,1,base.layers.0.mixer,0.790747
20,1,2,vim_tiny,cifar10,0.03,2,base.layers.1.mixer,0.925684
20,1,2,vim_tiny,cifar10,0.03,3,base.layers.2.mixer,0.964038
20,1,2,vim_tiny,cifar10,0.03,4,base.layers.3.mixer,0.900105
20,1,2,vim_tiny,cifar10,0.03,5,base.layers.4.mixer,0.754138
20,1,2,vim_tiny,cifar10,0.03,6,base.layers.5.mixer,0.629089
20,1,2,vim_tiny,cifar10,0.03,7,base.layers.6.mixer,0.788449
20,1,2,vim_tiny,cifar10,0.03,8,base.layers.7.mixer,0.672960
20,1,2,vim_tiny,cifar10,0.03,9,base.layers.8.mixer,0.545130
20,1,2,vim_tiny,cifar10,0.03,10,base.layers.9.mixer,0.897310
20,1,2,vim_tiny,cifar10,0.03,11,base.layers.10.mixer,0.645628
20,1,2,vim_tiny,cifar10,0.03,12,base.layers.11.mixer,0.910819
20,1,2,vim_tiny,cifar10,0.03,13,classifier,0.413559
20,1,3,vim_tiny,cifar10,0.03,0,base.patch_embed,0.976501
20,1,3,vim_tiny,cifar10,0.03,1,base.layers.0.mixer,0.965521
20,1,3,vim_tiny,cifar10,0.03,2,base.layers.1.mixer,0.942628
20,1,3,vim_tiny,cifar10,0.03,3,base.layers.2.mixer,0.953865
20,1,3,vim_tiny,cifar10,0.03,4,base.layers.3.mixer,0.833894
20,1,3,vim_tiny,cifar10,0.03,5,base.layers.4.mixer,0.855598
20,1,3,vim_tiny,cifar10,0.03,6,base.layers.5.mixer,0.901991
20,1,3,vim_tiny,cifar10,0.03,7,base.layers.6.mixer,0.769556
20,1,3,vim_tiny,cifar10,0.03,8,base.layers.7.mixer,0.802877
20,1,3,vim_tiny,cifar10,0.03,9,base.layers.8.mixer,0.343107
20,1,3,vim_tiny,cifar10,0.03,10,base.layers.9.mixer,0.893048
20,1,3,vim_tiny,cifar10,0.03,11,base.layers.10.mixer,0.633976
20,1,3,vim_tiny,cifar10,0.03,12,base.layers.11.mixer,0.898550
20,1,3,vim_tiny,cifar10,0.03,13,classifier,0.338350
20,1,4,vim_tiny,cifar10,0.03,0,base.patch_embed,0.957610
20,1,4,vim_tiny,cifar10,0.03,1,base.layers.0.mixer,0.854584
20,1,4,vim_tiny,cifar10,0.03,2,base.layers.1.mixer,0.918896
20,1,4,vim_tiny,cifar10,0.03,3,base.layers.2.mixer,0.959800
20,1,4,vim_tiny,cifar10,0.03,4,base.layers.3.mixer,0.955859
20,1,4,vim_tiny,cifar10,0.03,5,base.layers.4.mixer,0.851419
20,1,4,vim_tiny,cifar10,0.03,6,base.layers.5.mixer,0.891633
20,1,4,vim_tiny,cifar10,0.03,7,base.layers.6.mixer,0.734678
20,1,4,vim_tiny,cifar10,0.03,8,base.layers.7.mixer,0.777742
20,1,4,vim_tiny,cifar10,0.03,9,base.layers.8.mixer,0.542621
20,1,4,vim_tiny,cifar10,0.03,10,base.layers.9.mixer,0.805767
20,1,4,vim_tiny,cifar10,0.03,11,base.layers.10.mixer,0.629100
20,1,4,vim_tiny,cifar10,0.03,12,base.layers.11.mixer,0.942913
20,1,4,vim_tiny,cifar10,0.03,13,classifier,0.236639
20,1,5,vim_tiny,cifar10,0.03,0,base.patch_embed,0.947327
20,1,5,vim_tiny,cifar10,0.03,1,base.layers.0.mixer,0.928797
20,1,5,vim_tiny,cifar10,0.03,2,base.layers.1.mixer,0.894366
20,1,5,vim_tiny,cifar10,0.03,3,base.layers.2.mixer,0.921573
20,1,5,vim_tiny,cifar10,0.03,4,base.layers.3.mixer,0.925538
20,1,5,vim_tiny,cifar10,0.03,5,base.layers.4.mixer,0.852750
20,1,5,vim_tiny,cifar10,0.03,6,base.layers.5.mixer,0.666475
20,1,5,vim_tiny,cifar10,0.03,7,base.layers.6.mixer,0.885780
20,1,5,vim_tiny,cifar10,0.03,8,base.layers.7.mixer,0.910539
20,1,5,vim_tiny,cifar10,0.03,9,base.layers.8.mixer,0.079871
20,1,5,vim_tiny,cifar10,0.03,10,base.layers.9.mixer,0.523027
20,1,5,vim_tiny,cifar10,0.03,11,base.layers.10.mixer,0.373269
20,1,5,vim_tiny,cifar10,0.03,12,base.layers.11.mixer,0.394725
20,1,5,vim_tiny,cifar10,0.03,13,classifier,0.136643
20,1,6,vim_tiny,cifar10,0.03,0,base.patch_embed,0.986579
20,1,6,vim_tiny,cifar10,0.03,1,base.layers.0.mixer,0.975503
20,1,6,vim_tiny,cifar10,0.03,2,base.layers.1.mixer,0.961564
20,1,6,vim_tiny,cifar10,0.03,3,base.layers.2.mixer,0.975014
20,1,6,vim_tiny,cifar10,0.03,4,base.layers.3.mixer,0.866739
20,1,6,vim_tiny,cifar10,0.03,5,base.layers.4.mixer,0.876015
20,1,6,vim_tiny,cifar10,0.03,6,base.layers.5.mixer,0.911750
20,1,6,vim_tiny,cifar10,0.03,7,base.layers.6.mixer,0.857805
20,1,6,vim_tiny,cifar10,0.03,8,base.layers.7.mixer,0.793834
20,1,6,vim_tiny,cifar10,0.03,9,base.layers.8.mixer,0.502480
20,1,6,vim_tiny,cifar10,0.03,10,base.layers.9.mixer,0.854485
20,1,6,vim_tiny,cifar10,0.03,11,base.layers.10.mixer,0.575880
20,1,6,vim_tiny,cifar10,0.03,12,base.layers.11.mixer,0.914878
20,1,6,vim_tiny,cifar10,0.03,13,classifier,0.223789
20,1,7,vim_tiny,cifar10,0.03,0,base.patch_embed,0.979127
20,1,7,vim_tiny,cifar10,0.03,1,base.layers.0.mixer,0.901728
20,1,7,vim_tiny,cifar10,0.03,2,base.layers.1.mixer,0.724868
20,1,7,vim_tiny,cifar10,0.03,3,base.layers.2.mixer,0.948622
20,1,7,vim_tiny,cifar10,0.03,4,base.layers.3.mixer,0.983222
20,1,7,vim_tiny,cifar10,0.03,5,base.layers.4.mixer,0.895720
20,1,7,vim_tiny,cifar10,0.03,6,base.layers.5.mixer,0.674139
20,1,7,vim_tiny,cifar10,0.03,7,base.layers.6.mixer,0.183951
20,1,7,vim_tiny,cifar10,0.03,8,base.layers.7.mixer,0.914678
20,1,7,vim_tiny,cifar10,0.03,9,base.layers.8.mixer,0.361721
20,1,7,vim_tiny,cifar10,0.03,10,base.layers.9.mixer,0.854550
20,1,7,vim_tiny,cifar10,0.03,11,base.layers.10.mixer,0.839602
20,1,7,vim_tiny,cifar10,0.03,12,base.layers.11.mixer,0.848438
20,1,7,vim_tiny,cifar10,0.03,13,classifier,0.313441
20,1,8,vim_tiny,cifar10,0.03,0,base.patch_embed,0.991300
20,1,8,vim_tiny,cifar10,0.03,1,base.layers.0.mixer,0.977932
20,1,8,vim_tiny,cifar10,0.03,2,base.layers.1.mixer,0.923025
20,1,8,vim_tiny,cifar10,0.03,3,base.layers.2.mixer,0.982803
20,1,8,vim_tiny,cifar10,0.03,4,base.layers.3.mixer,0.977851
20,1,8,vim_tiny,cifar10,0.03,5,base.layers.4.mixer,0.960660
20,1,8,vim_tiny,cifar10,0.03,6,base.layers.5.mixer,0.952950
20,1,8,vim_tiny,cifar10,0.03,7,base.layers.6.mixer,0.910944
20,1,8,vim_tiny,cifar10,0.03,8,base.layers.7.mixer,0.937118
20,1,8,vim_tiny,cifar10,0.03,9,base.layers.8.mixer,0.566408
20,1,8,vim_tiny,cifar10,0.03,10,base.layers.9.mixer,0.917724
20,1,8,vim_tiny,cifar10,0.03,11,base.layers.10.mixer,0.870340
20,1,8,vim_tiny,cifar10,0.03,12,base.layers.11.mixer,0.971745
20,1,8,vim_tiny,cifar10,0.03,13,classifier,0.460186
20,1,9,vim_tiny,cifar10,0.03,0,base.patch_embed,0.985362
20,1,9,vim_tiny,cifar10,0.03,1,base.layers.0.mixer,0.852931
20,1,9,vim_tiny,cifar10,0.03,2,base.layers.1.mixer,0.849590
20,1,9,vim_tiny,cifar10,0.03,3,base.layers.2.mixer,0.939157
20,1,9,vim_tiny,cifar10,0.03,4,base.layers.3.mixer,0.941450
20,1,9,vim_tiny,cifar10,0.03,5,base.layers.4.mixer,0.905072
20,1,9,vim_tiny,cifar10,0.03,6,base.layers.5.mixer,0.721169
20,1,9,vim_tiny,cifar10,0.03,7,base.layers.6.mixer,0.955164
20,1,9,vim_tiny,cifar10,0.03,8,base.layers.7.mixer,0.910416
20,1,9,vim_tiny,cifar10,0.03,9,base.layers.8.mixer,0.363955
20,1,9,vim_tiny,cifar10,0.03,10,base.layers.9.mixer,0.905603
20,1,9,vim_tiny,cifar10,0.03,11,base.layers.10.mixer,0.801095
20,1,9,vim_tiny,cifar10,0.03,12,base.layers.11.mixer,0.914790
20,1,9,vim_tiny,cifar10,0.03,13,classifier,0.306618
20,2,3,vim_tiny,cifar10,0.03,0,base.patch_embed,0.995838
20,2,3,vim_tiny,cifar10,0.03,1,base.layers.0.mixer,0.881468
20,2,3,vim_tiny,cifar10,0.03,2,base.layers.1.mixer,0.981558
20,2,3,vim_tiny,cifar10,0.03,3,base.layers.2.mixer,0.973702
20,2,3,vim_tiny,cifar10,0.03,4,base.layers.3.mixer,0.952291
20,2,3,vim_tiny,cifar10,0.03,5,base.layers.4.mixer,0.947105
20,2,3,vim_tiny,cifar10,0.03,6,base.layers.5.mixer,0.639643
20,2,3,vim_tiny,cifar10,0.03,7,base.layers.6.mixer,0.944586
20,2,3,vim_tiny,cifar10,0.03,8,base.layers.7.mixer,0.878949
20,2,3,vim_tiny,cifar10,0.03,9,base.layers.8.mixer,0.502264
20,2,3,vim_tiny,cifar10,0.03,10,base.layers.9.mixer,0.934421
20,2,3,vim_tiny,cifar10,0.03,11,base.layers.10.mixer,0.875586
20,2,3,vim_tiny,cifar10,0.03,12,base.layers.11.mixer,0.979442
20,2,3,vim_tiny,cifar10,0.03,13,classifier,0.111626
20,2,4,vim_tiny,cifar10,0.03,0,base.patch_embed,0.998250
20,2,4,vim_tiny,cifar10,0.03,1,base.layers.0.mixer,0.604378
20,2,4,vim_tiny,cifar10,0.03,2,base.layers.1.mixer,0.981540
20,2,4,vim_tiny,cifar10,0.03,3,base.layers.2.mixer,0.952716
20,2,4,vim_tiny,cifar10,0.03,4,base.layers.3.mixer,0.981059
20,2,4,vim_tiny,cifar10,0.03,5,base.layers.4.mixer,0.923507
20,2,4,vim_tiny,cifar10,0.03,6,base.layers.5.mixer,0.758139
20,2,4,vim_tiny,cifar10,0.03,7,base.layers.6.mixer,0.813396
20,2,4,vim_tiny,cifar10,0.03,8,base.layers.7.mixer,0.947132
20,2,4,vim_tiny,cifar10,0.03,9,base.layers.8.mixer,0.781711
20,2,4,vim_tiny,cifar10,0.03,10,base.layers.9.mixer,0.868972
20,2,4,vim_tiny,cifar10,0.03,11,base.layers.10.mixer,0.782341
20,2,4,vim_tiny,cifar10,0.03,12,base.layers.11.mixer,0.949589
20,2,4,vim_tiny,cifar10,0.03,13,classifier,0.384589
20,2,5,vim_tiny,cifar10,0.03,0,base.patch_embed,0.941102
20,2,5,vim_tiny,cifar10,0.03,1,base.layers.0.mixer,0.740676
20,2,5,vim_tiny,cifar10,0.03,2,base.layers.1.mixer,0.797345
20,2,5,vim_tiny,cifar10,0.03,3,base.layers.2.mixer,0.895914
20,2,5,vim_tiny,cifar10,0.03,4,base.layers.3.mixer,0.810147
20,2,5,vim_tiny,cifar10,0.03,5,base.layers.4.mixer,0.586814
20,2,5,vim_tiny,cifar10,0.03,6,base.layers.5.mixer,0.719333
20,2,5,vim_tiny,cifar10,0.03,7,base.layers.6.mixer,0.719219
20,2,5,vim_tiny,cifar10,0.03,8,base.layers.7.mixer,0.588552
20,2,5,vim_tiny,cifar10,0.03,9,base.layers.8.mixer,0.048012
20,2,5,vim_tiny,cifar10,0.03,10,base.layers.9.mixer,0.488224
20,2,5,vim_tiny,cifar10,0.03,11,base.layers.10.mixer,0.500602
20,2,5,vim_tiny,cifar10,0.03,12,base.layers.11.mixer,0.395029
20,2,5,vim_tiny,cifar10,0.03,13,classifier,0.174900
20,2,6,vim_tiny,cifar10,0.03,0,base.patch_embed,0.988856
20,2,6,vim_tiny,cifar10,0.03,1,base.layers.0.mixer,0.888384
20,2,6,vim_tiny,cifar10,0.03,2,base.layers.1.mixer,0.980631
20,2,6,vim_tiny,cifar10,0.03,3,base.layers.2.mixer,0.977460
20,2,6,vim_tiny,cifar10,0.03,4,base.layers.3.mixer,0.938603
20,2,6,vim_tiny,cifar10,0.03,5,base.layers.4.mixer,0.938916
20,2,6,vim_tiny,cifar10,0.03,6,base.layers.5.mixer,0.644789
20,2,6,vim_tiny,cifar10,0.03,7,base.layers.6.mixer,0.943509
20,2,6,vim_tiny,cifar10,0.03,8,base.layers.7.mixer,0.852090
20,2,6,vim_tiny,cifar10,0.03,9,base.layers.8.mixer,0.781448
20,2,6,vim_tiny,cifar10,0.03,10,base.layers.9.mixer,0.876698
20,2,6,vim_tiny,cifar10,0.03,11,base.layers.10.mixer,0.833146
20,2,6,vim_tiny,cifar10,0.03,12,base.layers.11.mixer,0.973015
20,2,6,vim_tiny,cifar10,0.03,13,classifier,0.506617
20,2,7,vim_tiny,cifar10,0.03,0,base.patch_embed,0.976861
20,2,7,vim_tiny,cifar10,0.03,1,base.layers.0.mixer,0.661307
20,2,7,vim_tiny,cifar10,0.03,2,base.layers.1.mixer,0.800653
20,2,7,vim_tiny,cifar10,0.03,3,base.layers.2.mixer,0.936168
20,2,7,vim_tiny,cifar10,0.03,4,base.layers.3.mixer,0.896132
20,2,7,vim_tiny,cifar10,0.03,5,base.layers.4.mixer,0.708873
20,2,7,vim_tiny,cifar10,0.03,6,base.layers.5.mixer,0.589300
20,2,7,vim_tiny,cifar10,0.03,7,base.layers.6.mixer,0.145534
20,2,7,vim_tiny,cifar10,0.03,8,base.layers.7.mixer,0.613294
20,2,7,vim_tiny,cifar10,0.03,9,base.layers.8.mixer,0.213981
20,2,7,vim_tiny,cifar10,0.03,10,base.layers.9.mixer,0.781928
20,2,7,vim_tiny,cifar10,0.03,11,base.layers.10.mixer,0.558648
20,2,7,vim_tiny,cifar10,0.03,12,base.layers.11.mixer,0.694879
20,2,7,vim_tiny,cifar10,0.03,13,classifier,0.438662
20,2,8,vim_tiny,cifar10,0.03,0,base.patch_embed,0.980871
20,2,8,vim_tiny,cifar10,0.03,1,base.layers.0.mixer,0.727858
20,2,8,vim_tiny,cifar10,0.03,2,base.layers.1.mixer,0.934401
20,2,8,vim_tiny,cifar10,0.03,3,base.layers.2.mixer,0.962880
20,2,8,vim_tiny,cifar10,0.03,4,base.layers.3.mixer,0.862436
20,2,8,vim_tiny,cifar10,0.03,5,base.layers.4.mixer,0.838483
20,2,8,vim_tiny,cifar10,0.03,6,base.layers.5.mixer,0.646929
20,2,8,vim_tiny,cifar10,0.03,7,base.layers.6.mixer,0.847647
20,2,8,vim_tiny,cifar10,0.03,8,base.layers.7.mixer,0.808573
20,2,8,vim_tiny,cifar10,0.03,9,base.layers.8.mixer,0.488836
20,2,8,vim_tiny,cifar10,0.03,10,base.layers.9.mixer,0.909035
20,2,8,vim_tiny,cifar10,0.03,11,base.layers.10.mixer,0.753735
20,2,8,vim_tiny,cifar10,0.03,12,base.layers.11.mixer,0.864112
20,2,8,vim_tiny,cifar10,0.03,13,classifier,0.612249
20,2,9,vim_tiny,cifar10,0.03,0,base.patch_embed,0.973274
20,2,9,vim_tiny,cifar10,0.03,1,base.layers.0.mixer,0.477662
20,2,9,vim_tiny,cifar10,0.03,2,base.layers.1.mixer,0.879996
20,2,9,vim_tiny,cifar10,0.03,3,base.layers.2.mixer,0.911293
20,2,9,vim_tiny,cifar10,0.03,4,base.layers.3.mixer,0.784213
20,2,9,vim_tiny,cifar10,0.03,5,base.layers.4.mixer,0.623481
20,2,9,vim_tiny,cifar10,0.03,6,base.layers.5.mixer,0.523440
20,2,9,vim_tiny,cifar10,0.03,7,base.layers.6.mixer,0.782495
20,2,9,vim_tiny,cifar10,0.03,8,base.layers.7.mixer,0.725499
20,2,9,vim_tiny,cifar10,0.03,9,base.layers.8.mixer,0.330892
20,2,9,vim_tiny,cifar10,0.03,10,base.layers.9.mixer,0.873333
20,2,9,vim_tiny,cifar10,0.03,11,base.layers.10.mixer,0.463898
20,2,9,vim_tiny,cifar10,0.03,12,base.layers.11.mixer,0.790681
20,2,9,vim_tiny,cifar10,0.03,13,classifier,0.383564
20,3,4,vim_tiny,cifar10,0.03,0,base.patch_embed,0.996450
20,3,4,vim_tiny,cifar10,0.03,1,base.layers.0.mixer,0.795999
20,3,4,vim_tiny,cifar10,0.03,2,base.layers.1.mixer,0.985586
20,3,4,vim_tiny,cifar10,0.03,3,base.layers.2.mixer,0.973802
20,3,4,vim_tiny,cifar10,0.03,4,base.layers.3.mixer,0.931542
20,3,4,vim_tiny,cifar10,0.03,5,base.layers.4.mixer,0.928948
20,3,4,vim_tiny,cifar10,0.03,6,base.layers.5.mixer,0.885119
20,3,4,vim_tiny,cifar10,0.03,7,base.layers.6.mixer,0.913333
20,3,4,vim_tiny,cifar10,0.03,8,base.layers.7.mixer,0.881048
20,3,4,vim_tiny,cifar10,0.03,9,base.layers.8.mixer,0.396705
20,3,4,vim_tiny,cifar10,0.03,10,base.layers.9.mixer,0.823766
20,3,4,vim_tiny,cifar10,0.03,11,base.layers.10.mixer,0.784576
20,3,4,vim_tiny,cifar10,0.03,12,base.layers.11.mixer,0.928805
20,3,4,vim_tiny,cifar10,0.03,13,classifier,0.025358
20,3,5,vim_tiny,cifar10,0.03,0,base.patch_embed,0.952882
20,3,5,vim_tiny,cifar10,0.03,1,base.layers.0.mixer,0.876596
20,3,5,vim_tiny,cifar10,0.03,2,base.layers.1.mixer,0.789305
20,3,5,vim_tiny,cifar10,0.03,3,base.layers.2.mixer,0.921518
20,3,5,vim_tiny,cifar10,0.03,4,base.layers.3.mixer,0.762071
20,3,5,vim_tiny,cifar10,0.03,5,base.layers.4.mixer,0.705079
20,3,5,vim_tiny,cifar10,0.03,6,base.layers.5.mixer,0.512618
20,3,5,vim_tiny,cifar10,0.03,7,base.layers.6.mixer,0.658483
20,3,5,vim_tiny,cifar10,0.03,8,base.layers.7.mixer,0.781742
20,3,5,vim_tiny,cifar10,0.03,9,base.layers.8.mixer,0.161042
20,3,5,vim_tiny,cifar10,0.03,10,base.layers.9.mixer,0.473822
20,3,5,vim_tiny,cifar10,0.03,11,base.layers.10.mixer,0.391045
20,3,5,vim_tiny,cifar10,0.03,12,base.layers.11.mixer,0.412637
20,3,5,vim_tiny,cifar10,0.03,13,classifier,0.022533
20,3,6,vim_tiny,cifar10,0.03,0,base.patch_embed,0.997388
20,3,6,vim_tiny,cifar10,0.03,1,base.layers.0.mixer,0.996074
20,3,6,vim_tiny,cifar10,0.03,2,base.layers.1.mixer,0.995212
20,3,6,vim_tiny,cifar10,0.03,3,base.layers.2.mixer,0.995123
20,3,6,vim_tiny,cifar10,0.03,4,base.layers.3.mixer,0.988605
20,3,6,vim_tiny,cifar10,0.03,5,base.layers.4.mixer,0.994433
20,3,6,vim_tiny,cifar10,0.03,6,base.layers.5.mixer,0.988229
20,3,6,vim_tiny,cifar10,0.03,7,base.layers.6.mixer,0.980363
20,3,6,vim_tiny,cifar10,0.03,8,base.layers.7.mixer,0.978329
20,3,6,vim_tiny,cifar10,0.03,9,base.layers.8.mixer,0.781700
20,3,6,vim_tiny,cifar10,0.03,10,base.layers.9.mixer,0.946286
20,3,6,vim_tiny,cifar10,0.03,11,base.layers.10.mixer,0.970576
20,3,6,vim_tiny,cifar10,0.03,12,base.layers.11.mixer,0.992120
20,3,6,vim_tiny,cifar10,0.03,13,classifier,0.132039
20,3,7,vim_tiny,cifar10,0.03,0,base.patch_embed,0.988691
20,3,7,vim_tiny,cifar10,0.03,1,base.layers.0.mixer,0.893386
20,3,7,vim_tiny,cifar10,0.03,2,base.layers.1.mixer,0.849639
20,3,7,vim_tiny,cifar10,0.03,3,base.layers.2.mixer,0.949872
20,3,7,vim_tiny,cifar10,0.03,4,base.layers.3.mixer,0.864030
20,3,7,vim_tiny,cifar10,0.03,5,base.layers.4.mixer,0.810741
20,3,7,vim_tiny,cifar10,0.03,6,base.layers.5.mixer,0.542322
20,3,7,vim_tiny,cifar10,0.03,7,base.layers.6.mixer,0.199252
20,3,7,vim_tiny,cifar10,0.03,8,base.layers.7.mixer,0.768817
20,3,7,vim_tiny,cifar10,0.03,9,base.layers.8.mixer,0.299582
20,3,7,vim_tiny,cifar10,0.03,10,base.layers.9.mixer,0.845206
20,3,7,vim_tiny,cifar10,0.03,11,base.layers.10.mixer,0.504972
20,3,7,vim_tiny,cifar10,0.03,12,base.layers.11.mixer,0.722268
20,3,7,vim_tiny,cifar10,0.03,13,classifier,0.111448
20,3,8,vim_tiny,cifar10,0.03,0,base.patch_embed,0.992814
20,3,8,vim_tiny,cifar10,0.03,1,base.layers.0.mixer,0.944609
20,3,8,vim_tiny,cifar10,0.03,2,base.layers.1.mixer,0.969837
20,3,8,vim_tiny,cifar10,0.03,3,base.layers.2.mixer,0.972609
20,3,8,vim_tiny,cifar10,0.03,4,base.layers.3.mixer,0.821556
20,3,8,vim_tiny,cifar10,0.03,5,base.layers.4.mixer,0.916707
20,3,8,vim_tiny,cifar10,0.03,6,base.layers.5.mixer,0.883354
20,3,8,vim_tiny,cifar10,0.03,7,base.layers.6.mixer,0.901277
20,3,8,vim_tiny,cifar10,0.03,8,base.layers.7.mixer,0.914827
20,3,8,vim_tiny,cifar10,0.03,9,base.layers.8.mixer,0.647045
20,3,8,vim_tiny,cifar10,0.03,10,base.layers.9.mixer,0.937739
20,3,8,vim_tiny,cifar10,0.03,11,base.layers.10.mixer,0.797925
20,3,8,vim_tiny,cifar10,0.03,12,base.layers.11.mixer,0.869569
20,3,8,vim_tiny,cifar10,0.03,13,classifier,0.169070
20,3,9,vim_tiny,cifar10,0.03,0,base.patch_embed,0.986024
20,3,9,vim_tiny,cifar10,0.03,1,base.layers.0.mixer,0.750009
20,3,9,vim_tiny,cifar10,0.03,2,base.layers.1.mixer,0.926354
20,3,9,vim_tiny,cifar10,0.03,3,base.layers.2.mixer,0.924818
20,3,9,vim_tiny,cifar10,0.03,4,base.layers.3.mixer,0.739627
20,3,9,vim_tiny,cifar10,0.03,5,base.layers.4.mixer,0.768558
20,3,9,vim_tiny,cifar10,0.03,6,base.layers.5.mixer,0.683845
20,3,9,vim_tiny,cifar10,0.03,7,base.layers.6.mixer,0.742368
20,3,9,vim_tiny,cifar10,0.03,8,base.layers.7.mixer,0.814461
20,3,9,vim_tiny,cifar10,0.03,9,base.layers.8.mixer,0.420784
20,3,9,vim_tiny,cifar10,0.03,10,base.layers.9.mixer,0.870210
20,3,9,vim_tiny,cifar10,0.03,11,base.layers.10.mixer,0.449844
20,3,9,vim_tiny,cifar10,0.03,12,base.layers.11.mixer,0.795253
20,3,9,vim_tiny,cifar10,0.03,13,classifier,0.128912
20,4,5,vim_tiny,cifar10,0.03,0,base.patch_embed,0.942373
20,4,5,vim_tiny,cifar10,0.03,1,base.layers.0.mixer,0.928276
20,4,5,vim_tiny,cifar10,0.03,2,base.layers.1.mixer,0.738382
20,4,5,vim_tiny,cifar10,0.03,3,base.layers.2.mixer,0.944597
20,4,5,vim_tiny,cifar10,0.03,4,base.layers.3.mixer,0.872971
20,4,5,vim_tiny,cifar10,0.03,5,base.layers.4.mixer,0.689331
20,4,5,vim_tiny,cifar10,0.03,6,base.layers.5.mixer,0.630409
20,4,5,vim_tiny,cifar10,0.03,7,base.layers.6.mixer,0.557472
20,4,5,vim_tiny,cifar10,0.03,8,base.layers.7.mixer,0.656622
20,4,5,vim_tiny,cifar10,0.03,9,base.layers.8.mixer,0.096298
20,4,5,vim_tiny,cifar10,0.03,10,base.layers.9.mixer,0.484491
20,4,5,vim_tiny,cifar10,0.03,11,base.layers.10.mixer,0.386821
20,4,5,vim_tiny,cifar10,0.03,12,base.layers.11.mixer,0.403295
20,4,5,vim_tiny,cifar10,0.03,13,classifier,0.109137
20,4,6,vim_tiny,cifar10,0.03,0,base.patch_embed,0.989086
20,4,6,vim_tiny,cifar10,0.03,1,base.layers.0.mixer,0.815700
20,4,6,vim_tiny,cifar10,0.03,2,base.layers.1.mixer,0.974342
20,4,6,vim_tiny,cifar10,0.03,3,base.layers.2.mixer,0.980398
20,4,6,vim_tiny,cifar10,0.03,4,base.layers.3.mixer,0.938627
20,4,6,vim_tiny,cifar10,0.03,5,base.layers.4.mixer,0.932908
20,4,6,vim_tiny,cifar10,0.03,6,base.layers.5.mixer,0.902996
20,4,6,vim_tiny,cifar10,0.03,7,base.layers.6.mixer,0.927422
20,4,6,vim_tiny,cifar10,0.03,8,base.layers.7.mixer,0.835386
20,4,6,vim_tiny,cifar10,0.03,9,base.layers.8.mixer,0.692917
20,4,6,vim_tiny,cifar10,0.03,10,base.layers.9.mixer,0.676307
20,4,6,vim_tiny,cifar10,0.03,11,base.layers.10.mixer,0.780334
20,4,6,vim_tiny,cifar10,0.03,12,base.layers.11.mixer,0.940843
20,4,6,vim_tiny,cifar10,0.03,13,classifier,0.041342
20,4,7,vim_tiny,cifar10,0.03,0,base.patch_embed,0.984995
20,4,7,vim_tiny,cifar10,0.03,1,base.layers.0.mixer,0.813902
20,4,7,vim_tiny,cifar10,0.03,2,base.layers.1.mixer,0.879388
20,4,7,vim_tiny,cifar10,0.03,3,base.layers.2.mixer,0.972536
20,4,7,vim_tiny,cifar10,0.03,4,base.layers.3.mixer,0.948216
20,4,7,vim_tiny,cifar10,0.03,5,base.layers.4.mixer,0.767409
20,4,7,vim_tiny,cifar10,0.03,6,base.layers.5.mixer,0.704520
20,4,7,vim_tiny,cifar10,0.03,7,base.layers.6.mixer,0.300768
20,4,7,vim_tiny,cifar10,0.03,8,base.layers.7.mixer,0.714326
20,4,7,vim_tiny,cifar10,0.03,9,base.layers.8.mixer,0.209350
20,4,7,vim_tiny,cifar10,0.03,10,base.layers.9.mixer,0.715097
20,4,7,vim_tiny,cifar10,0.03,11,base.layers.10.mixer,0.547959
20,4,7,vim_tiny,cifar10,0.03,12,base.layers.11.mixer,0.766016
20,4,7,vim_tiny,cifar10,0.03,13,classifier,0.264052
20,4,8,vim_tiny,cifar10,0.03,0,base.patch_embed,0.981090
20,4,8,vim_tiny,cifar10,0.03,1,base.layers.0.mixer,0.911492
20,4,8,vim_tiny,cifar10,0.03,2,base.layers.1.mixer,0.975732
20,4,8,vim_tiny,cifar10,0.03,3,base.layers.2.mixer,0.985173
20,4,8,vim_tiny,cifar10,0.03,4,base.layers.3.mixer,0.932424
20,4,8,vim_tiny,cifar10,0.03,5,base.layers.4.mixer,0.923766
20,4,8,vim_tiny,cifar10,0.03,6,base.layers.5.mixer,0.937378
20,4,8,vim_tiny,cifar10,0.03,7,base.layers.6.mixer,0.900365
20,4,8,vim_tiny,cifar10,0.03,8,base.layers.7.mixer,0.894524
20,4,8,vim_tiny,cifar10,0.03,9,base.layers.8.mixer,0.522455
20,4,8,vim_tiny,cifar10,0.03,10,base.layers.9.mixer,0.798903
20,4,8,vim_tiny,cifar10,0.03,11,base.layers.10.mixer,0.827792
20,4,8,vim_tiny,cifar10,0.03,12,base.layers.11.mixer,0.921824
20,4,8,vim_tiny,cifar10,0.03,13,classifier,0.184924
20,4,9,vim_tiny,cifar10,0.03,0,base.patch_embed,0.977772
20,4,9,vim_tiny,cifar10,0.03,1,base.layers.0.mixer,0.892608
20,4,9,vim_tiny,cifar10,0.03,2,base.layers.1.mixer,0.932795
20,4,9,vim_tiny,cifar10,0.03,3,base.layers.2.mixer,0.963515
20,4,9,vim_tiny,cifar10,0.03,4,base.layers.3.mixer,0.867485
20,4,9,vim_tiny,cifar10,0.03,5,base.layers.4.mixer,0.697700
20,4,9,vim_tiny,cifar10,0.03,6,base.layers.5.mixer,0.782050
20,4,9,vim_tiny,cifar10,0.03,7,base.layers.6.mixer,0.651494
20,4,9,vim_tiny,cifar10,0.03,8,base.layers.7.mixer,0.824690
20,4,9,vim_tiny,cifar10,0.03,9,base.layers.8.mixer,0.269687
20,4,9,vim_tiny,cifar10,0.03,10,base.layers.9.mixer,0.884665
20,4,9,vim_tiny,cifar10,0.03,11,base.layers.10.mixer,0.506259
20,4,9,vim_tiny,cifar10,0.03,12,base.layers.11.mixer,0.832322
20,4,9,vim_tiny,cifar10,0.03,13,classifier,0.188209
20,5,6,vim_tiny,cifar10,0.03,0,base.patch_embed,0.948760
20,5,6,vim_tiny,cifar10,0.03,1,base.layers.0.mixer,0.901496
20,5,6,vim_tiny,cifar10,0.03,2,base.layers.1.mixer,0.831947
20,5,6,vim_tiny,cifar10,0.03,3,base.layers.2.mixer,0.928488
20,5,6,vim_tiny,cifar10,0.03,4,base.layers.3.mixer,0.811054
20,5,6,vim_tiny,cifar10,0.03,5,base.layers.4.mixer,0.691355
20,5,6,vim_tiny,cifar10,0.03,6,base.layers.5.mixer,0.490748
20,5,6,vim_tiny,cifar10,0.03,7,base.layers.6.mixer,0.727649
20,5,6,vim_tiny,cifar10,0.03,8,base.layers.7.mixer,0.774200
20,5,6,vim_tiny,cifar10,0.03,9,base.layers.8.mixer,0.085585
20,5,6,vim_tiny,cifar10,0.03,10,base.layers.9.mixer,0.393649
20,5,6,vim_tiny,cifar10,0.03,11,base.layers.10.mixer,0.325403
20,5,6,vim_tiny,cifar10,0.03,12,base.layers.11.mixer,0.399025
20,5,6,vim_tiny,cifar10,0.03,13,classifier,0.121364
20,5,7,vim_tiny,cifar10,0.03,0,base.patch_embed,0.931230
20,5,7,vim_tiny,cifar10,0.03,1,base.layers.0.mixer,0.778627
20,5,7,vim_tiny,cifar10,0.03,2,base.layers.1.mixer,0.460123
20,5,7,vim_tiny,cifar10,0.03,3,base.layers.2.mixer,0.957371
20,5,7,vim_tiny,cifar10,0.03,4,base.layers.3.mixer,0.940056
20,5,7,vim_tiny,cifar10,0.03,5,base.layers.4.mixer,0.858035
20,5,7,vim_tiny,cifar10,0.03,6,base.layers.5.mixer,0.688795
20,5,7,vim_tiny,cifar10,0.03,7,base.layers.6.mixer,0.147123
20,5,7,vim_tiny,cifar10,0.03,8,base.layers.7.mixer,0.909064
20,5,7,vim_tiny,cifar10,0.03,9,base.layers.8.mixer,0.050921
20,5,7,vim_tiny,cifar10,0.03,10,base.layers.9.mixer,0.368816
20,5,7,vim_tiny,cifar10,0.03,11,base.layers.10.mixer,0.283491
20,5,7,vim_tiny,cifar10,0.03,12,base.layers.11.mixer,0.331618
20,5,7,vim_tiny,cifar10,0.03,13,classifier,0.144821
20,5,8,vim_tiny,cifar10,0.03,0,base.patch_embed,0.941592
20,5,8,vim_tiny,cifar10,0.03,1,base.layers.0.mixer,0.922221
20,5,8,vim_tiny,cifar10,0.03,2,base.layers.1.mixer,0.700473
20,5,8,vim_tiny,cifar10,0.03,3,base.layers.2.mixer,0.940189
20,5,8,vim_tiny,cifar10,0.03,4,base.layers.3.mixer,0.941111
20,5,8,vim_tiny,cifar10,0.03,5,base.layers.4.mixer,0.749973
20,5,8,vim_tiny,cifar10,0.03,6,base.layers.5.mixer,0.582198
20,5,8,vim_tiny,cifar10,0.03,7,base.layers.6.mixer,0.740264
20,5,8,vim_tiny,cifar10,0.03,8,base.layers.7.mixer,0.868702
20,5,8,vim_tiny,cifar10,0.03,9,base.layers.8.mixer,0.122635
20,5,8,vim_tiny,cifar10,0.03,10,base.layers.9.mixer,0.425003
20,5,8,vim_tiny,cifar10,0.03,11,base.layers.10.mixer,0.332052
20,5,8,vim_tiny,cifar10,0.03,12,base.layers.11.mixer,0.373607
20,5,8,vim_tiny,cifar10,0.03,13,classifier,0.238051
20,5,9,vim_tiny,cifar10,0.03,0,base.patch_embed,0.917675
20,5,9,vim_tiny,cifar10,0.03,1,base.layers.0.mixer,0.809650
20,5,9,vim_tiny,cifar10,0.03,2,base.layers.1.mixer,0.607507
20,5,9,vim_tiny,cifar10,0.03,3,base.layers.2.mixer,0.930636
20,5,9,vim_tiny,cifar10,0.03,4,base.layers.3.mixer,0.955846
20,5,9,vim_tiny,cifar10,0.03,5,base.layers.4.mixer,0.811431
20,5,9,vim_tiny,cifar10,0.03,6,base.layers.5.mixer,0.399748
20,5,9,vim_tiny,cifar10,0.03,7,base.layers.6.mixer,0.909929
20,5,9,vim_tiny,cifar10,0.03,8,base.layers.7.mixer,0.807564
20,5,9,vim_tiny,cifar10,0.03,9,base.layers.8.mixer,0.105903
20,5,9,vim_tiny,cifar10,0.03,10,base.layers.9.mixer,0.540734
20,5,9,vim_tiny,cifar10,0.03,11,base.layers.10.mixer,0.213376
20,5,9,vim_tiny,cifar10,0.03,12,base.layers.11.mixer,0.377118
20,5,9,vim_tiny,cifar10,0.03,13,classifier,0.160101
20,6,7,vim_tiny,cifar10,0.03,0,base.patch_embed,0.987813
20,6,7,vim_tiny,cifar10,0.03,1,base.layers.0.mixer,0.882967
20,6,7,vim_tiny,cifar10,0.03,2,base.layers.1.mixer,0.809434
20,6,7,vim_tiny,cifar10,0.03,3,base.layers.2.mixer,0.959606
20,6,7,vim_tiny,cifar10,0.03,4,base.layers.3.mixer,0.894635
20,6,7,vim_tiny,cifar10,0.03,5,base.layers.4.mixer,0.806970
20,6,7,vim_tiny,cifar10,0.03,6,base.layers.5.mixer,0.546361
20,6,7,vim_tiny,cifar10,0.03,7,base.layers.6.mixer,0.223557
20,6,7,vim_tiny,cifar10,0.03,8,base.layers.7.mixer,0.750275
20,6,7,vim_tiny,cifar10,0.03,9,base.layers.8.mixer,0.320183
20,6,7,vim_tiny,cifar10,0.03,10,base.layers.9.mixer,0.868112
20,6,7,vim_tiny,cifar10,0.03,11,base.layers.10.mixer,0.463032
20,6,7,vim_tiny,cifar10,0.03,12,base.layers.11.mixer,0.735227
20,6,7,vim_tiny,cifar10,0.03,13,classifier,0.398833
20,6,8,vim_tiny,cifar10,0.03,0,base.patch_embed,0.998757
20,6,8,vim_tiny,cifar10,0.03,1,base.layers.0.mixer,0.951629
20,6,8,vim_tiny,cifar10,0.03,2,base.layers.1.mixer,0.955922
20,6,8,vim_tiny,cifar10,0.03,3,base.layers.2.mixer,0.987179
20,6,8,vim_tiny,cifar10,0.03,4,base.layers.3.mixer,0.872994
20,6,8,vim_tiny,cifar10,0.03,5,base.layers.4.mixer,0.936113
20,6,8,vim_tiny,cifar10,0.03,6,base.layers.5.mixer,0.911914
20,6,8,vim_tiny,cifar10,0.03,7,base.layers.6.mixer,0.956580
20,6,8,vim_tiny,cifar10,0.03,8,base.layers.7.mixer,0.883143
20,6,8,vim_tiny,cifar10,0.03,9,base.layers.8.mixer,0.726275
20,6,8,vim_tiny,cifar10,0.03,10,base.layers.9.mixer,0.944830
20,6,8,vim_tiny,cifar10,0.03,11,base.layers.10.mixer,0.796498
20,6,8,vim_tiny,cifar10,0.03,12,base.layers.11.mixer,0.886688
20,6,8,vim_tiny,cifar10,0.03,13,classifier,0.673423
20,6,9,vim_tiny,cifar10,0.03,0,base.patch_embed,0.992829
20,6,9,vim_tiny,cifar10,0.03,1,base.layers.0.mixer,0.765085
20,6,9,vim_tiny,cifar10,0.03,2,base.layers.1.mixer,0.900110
20,6,9,vim_tiny,cifar10,0.03,3,base.layers.2.mixer,0.943591
20,6,9,vim_tiny,cifar10,0.03,4,base.layers.3.mixer,0.802062
20,6,9,vim_tiny,cifar10,0.03,5,base.layers.4.mixer,0.774331
20,6,9,vim_tiny,cifar10,0.03,6,base.layers.5.mixer,0.745799
20,6,9,vim_tiny,cifar10,0.03,7,base.layers.6.mixer,0.815892
20,6,9,vim_tiny,cifar10,0.03,8,base.layers.7.mixer,0.780167
20,6,9,vim_tiny,cifar10,0.03,9,base.layers.8.mixer,0.451877
20,6,9,vim_tiny,cifar10,0.03,10,base.layers.9.mixer,0.779296
20,6,9,vim_tiny,cifar10,0.03,11,base.layers.10.mixer,0.421990
20,6,9,vim_tiny,cifar10,0.03,12,base.layers.11.mixer,0.800500
20,6,9,vim_tiny,cifar10,0.03,13,classifier,0.387715
20,7,8,vim_tiny,cifar10,0.03,0,base.patch_embed,0.985763
20,7,8,vim_tiny,cifar10,0.03,1,base.layers.0.mixer,0.940007
20,7,8,vim_tiny,cifar10,0.03,2,base.layers.1.mixer,0.913803
20,7,8,vim_tiny,cifar10,0.03,3,base.layers.2.mixer,0.976235
20,7,8,vim_tiny,cifar10,0.03,4,base.layers.3.mixer,0.969024
20,7,8,vim_tiny,cifar10,0.03,5,base.layers.4.mixer,0.872116
20,7,8,vim_tiny,cifar10,0.03,6,base.layers.5.mixer,0.726479
20,7,8,vim_tiny,cifar10,0.03,7,base.layers.6.mixer,0.253821
20,7,8,vim_tiny,cifar10,0.03,8,base.layers.7.mixer,0.899457
20,7,8,vim_tiny,cifar10,0.03,9,base.layers.8.mixer,0.630203
20,7,8,vim_tiny,cifar10,0.03,10,base.layers.9.mixer,0.908953
20,7,8,vim_tiny,cifar10,0.03,11,base.layers.10.mixer,0.821174
20,7,8,vim_tiny,cifar10,0.03,12,base.layers.11.mixer,0.927094
20,7,8,vim_tiny,cifar10,0.03,13,classifier,0.643487
20,7,9,vim_tiny,cifar10,0.03,0,base.patch_embed,0.990058
20,7,9,vim_tiny,cifar10,0.03,1,base.layers.0.mixer,0.894251
20,7,9,vim_tiny,cifar10,0.03,2,base.layers.1.mixer,0.933852
20,7,9,vim_tiny,cifar10,0.03,3,base.layers.2.mixer,0.975155
20,7,9,vim_tiny,cifar10,0.03,4,base.layers.3.mixer,0.939247
20,7,9,vim_tiny,cifar10,0.03,5,base.layers.4.mixer,0.901538
20,7,9,vim_tiny,cifar10,0.03,6,base.layers.5.mixer,0.627068
20,7,9,vim_tiny,cifar10,0.03,7,base.layers.6.mixer,0.167831
20,7,9,vim_tiny,cifar10,0.03,8,base.layers.7.mixer,0.819205
20,7,9,vim_tiny,cifar10,0.03,9,base.layers.8.mixer,0.430026
20,7,9,vim_tiny,cifar10,0.03,10,base.layers.9.mixer,0.828179
20,7,9,vim_tiny,cifar10,0.03,11,base.layers.10.mixer,0.900545
20,7,9,vim_tiny,cifar10,0.03,12,base.layers.11.mixer,0.916998
20,7,9,vim_tiny,cifar10,0.03,13,classifier,0.474516
20,8,9,vim_tiny,cifar10,0.03,0,base.patch_embed,0.994598
20,8,9,vim_tiny,cifar10,0.03,1,base.layers.0.mixer,0.909564
20,8,9,vim_tiny,cifar10,0.03,2,base.layers.1.mixer,0.970723
20,8,9,vim_tiny,cifar10,0.03,3,base.layers.2.mixer,0.969736
20,8,9,vim_tiny,cifar10,0.03,4,base.layers.3.mixer,0.980289
20,8,9,vim_tiny,cifar10,0.03,5,base.layers.4.mixer,0.857267
20,8,9,vim_tiny,cifar10,0.03,6,base.layers.5.mixer,0.863767
20,8,9,vim_tiny,cifar10,0.03,7,base.layers.6.mixer,0.843758
20,8,9,vim_tiny,cifar10,0.03,8,base.layers.7.mixer,0.935384
20,8,9,vim_tiny,cifar10,0.03,9,base.layers.8.mixer,0.703605
20,8,9,vim_tiny,cifar10,0.03,10,base.layers.9.mixer,0.885454
20,8,9,vim_tiny,cifar10,0.03,11,base.layers.10.mixer,0.804819
20,8,9,vim_tiny,cifar10,0.03,12,base.layers.11.mixer,0.949319
20,8,9,vim_tiny,cifar10,0.03,13,classifier,0.612908
30,0,1,vim_tiny,cifar10,0.03,0,base.patch_embed,0.983023
30,0,1,vim_tiny,cifar10,0.03,1,base.layers.0.mixer,0.843839
30,0,1,vim_tiny,cifar10,0.03,2,base.layers.1.mixer,0.918758
30,0,1,vim_tiny,cifar10,0.03,3,base.layers.2.mixer,0.937117
30,0,1,vim_tiny,cifar10,0.03,4,base.layers.3.mixer,0.696455
30,0,1,vim_tiny,cifar10,0.03,5,base.layers.4.mixer,0.909261
30,0,1,vim_tiny,cifar10,0.03,6,base.layers.5.mixer,0.905529
30,0,1,vim_tiny,cifar10,0.03,7,base.layers.6.mixer,0.743842
30,0,1,vim_tiny,cifar10,0.03,8,base.layers.7.mixer,0.524842
30,0,1,vim_tiny,cifar10,0.03,9,base.layers.8.mixer,0.560346
30,0,1,vim_tiny,cifar10,0.03,10,base.layers.9.mixer,0.864510
30,0,1,vim_tiny,cifar10,0.03,11,base.layers.10.mixer,0.557397
30,0,1,vim_tiny,cifar10,0.03,12,base.layers.11.mixer,0.726504
30,0,1,vim_tiny,cifar10,0.03,13,classifier,0.197652
30,0,2,vim_tiny,cifar10,0.03,0,base.patch_embed,0.971908
30,0,2,vim_tiny,cifar10,0.03,1,base.layers.0.mixer,0.938181
30,0,2,vim_tiny,cifar10,0.03,2,base.layers.1.mixer,0.942856
30,0,2,vim_tiny,cifar10,0.03,3,base.layers.2.mixer,0.940392
30,0,2,vim_tiny,cifar10,0.03,4,base.layers.3.mixer,0.811912
30,0,2,vim_tiny,cifar10,0.03,5,base.layers.4.mixer,0.861868
30,0,2,vim_tiny,cifar10,0.03,6,base.layers.5.mixer,0.647325
30,0,2,vim_tiny,cifar10,0.03,7,base.layers.6.mixer,0.949767
30,0,2,vim_tiny,cifar10,0.03,8,base.layers.7.mixer,0.120552
30,0,2,vim_tiny,cifar10,0.03,9,base.layers.8.mixer,0.135484
30,0,2,vim_tiny,cifar10,0.03,10,base.layers.9.mixer,0.804434
30,0,2,vim_tiny,cifar10,0.03,11,base.layers.10.mixer,0.694275
30,0,2,vim_tiny,cifar10,0.03,12,base.layers.11.mixer,0.868786
30,0,2,vim_tiny,cifar10,0.03,13,classifier,0.395114
30,0,3,vim_tiny,cifar10,0.03,0,base.patch_embed,0.978906
30,0,3,vim_tiny,cifar10,0.03,1,base.layers.0.mixer,0.944370
30,0,3,vim_tiny,cifar10,0.03,2,base.layers.1.mixer,0.969287
30,0,3,vim_tiny,cifar10,0.03,3,base.layers.2.mixer,0.943016
30,0,3,vim_tiny,cifar10,0.03,4,base.layers.3.mixer,0.786925
30,0,3,vim_tiny,cifar10,0.03,5,base.layers.4.mixer,0.690429
30,0,3,vim_tiny,cifar10,0.03,6,base.layers.5.mixer,0.727968
30,0,3,vim_tiny,cifar10,0.03,7,base.layers.6.mixer,0.910322
30,0,3,vim_tiny,cifar10,0.03,8,base.layers.7.mixer,0.224085
30,0,3,vim_tiny,cifar10,0.03,9,base.layers.8.mixer,0.108910
30,0,3,vim_tiny,cifar10,0.03,10,base.layers.9.mixer,0.852376
30,0,3,vim_tiny,cifar10,0.03,11,base.layers.10.mixer,0.670999
30,0,3,vim_tiny,cifar10,0.03,12,base.layers.11.mixer,0.773670
30,0,3,vim_tiny,cifar10,0.03,13,classifier,0.258594
30,0,4,vim_tiny,cifar10,0.03,0,base.patch_embed,0.937318
30,0,4,vim_tiny,cifar10,0.03,1,base.layers.0.mixer,0.516072
30,0,4,vim_tiny,cifar10,0.03,2,base.layers.1.mixer,0.902320
30,0,4,vim_tiny,cifar10,0.03,3,base.layers.2.mixer,0.923031
30,0,4,vim_tiny,cifar10,0.03,4,base.layers.3.mixer,0.786386
30,0,4,vim_tiny,cifar10,0.03,5,base.layers.4.mixer,0.284590
30,0,4,vim_tiny,cifar10,0.03,6,base.layers.5.mixer,0.499057
30,0,4,vim_tiny,cifar10,0.03,7,base.layers.6.mixer,0.858329
30,0,4,vim_tiny,cifar10,0.03,8,base.layers.7.mixer,0.388433
30,0,4,vim_tiny,cifar10,0.03,9,base.layers.8.mixer,0.463835
30,0,4,vim_tiny,cifar10,0.03,10,base.layers.9.mixer,0.720742
30,0,4,vim_tiny,cifar10,0.03,11,base.layers.10.mixer,0.575080
30,0,4,vim_tiny,cifar10,0.03,12,base.layers.11.mixer,0.720228
30,0,4,vim_tiny,cifar10,0.03,13,classifier,0.219990
30,0,5,vim_tiny,cifar10,0.03,0,base.patch_embed,0.943263
30,0,5,vim_tiny,cifar10,0.03,1,base.layers.0.mixer,0.883561
30,0,5,vim_tiny,cifar10,0.03,2,base.layers.1.mixer,0.944443
30,0,5,vim_tiny,cifar10,0.03,3,base.layers.2.mixer,0.819534
30,0,5,vim_tiny,cifar10,0.03,4,base.layers.3.mixer,0.380635
30,0,5,vim_tiny,cifar10,0.03,5,base.layers.4.mixer,0.749495
30,0,5,vim_tiny,cifar10,0.03,6,base.layers.5.mixer,0.585660
30,0,5,vim_tiny,cifar10,0.03,7,base.layers.6.mixer,0.658824
30,0,5,vim_tiny,cifar10,0.03,8,base.layers.7.mixer,0.411056
30,0,5,vim_tiny,cifar10,0.03,9,base.layers.8.mixer,0.056151
30,0,5,vim_tiny,cifar10,0.03,10,base.layers.9.mixer,0.606034
30,0,5,vim_tiny,cifar10,0.03,11,base.layers.10.mixer,0.471528
30,0,5,vim_tiny,cifar10,0.03,12,base.layers.11.mixer,0.731833
30,0,5,vim_tiny,cifar10,0.03,13,classifier,0.166470
30,0,6,vim_tiny,cifar10,0.03,0,base.patch_embed,0.995663
30,0,6,vim_tiny,cifar10,0.03,1,base.layers.0.mixer,0.942376
30,0,6,vim_tiny,cifar10,0.03,2,base.layers.1.mixer,0.988402
30,0,6,vim_tiny,cifar10,0.03,3,base.layers.2.mixer,0.994849
30,0,6,vim_tiny,cifar10,0.03,4,base.layers.3.mixer,0.716493
30,0,6,vim_tiny,cifar10,0.03,5,base.layers.4.mixer,0.861416
30,0,6,vim_tiny,cifar10,0.03,6,base.layers.5.mixer,0.454079
30,0,6,vim_tiny,cifar10,0.03,7,base.layers.6.mixer,0.889679
30,0,6,vim_tiny,cifar10,0.03,8,base.layers.7.mixer,0.711596
30,0,6,vim_tiny,cifar10,0.03,9,base.layers.8.mixer,0.123939
30,0,6,vim_tiny,cifar10,0.03,10,base.layers.9.mixer,0.869852
30,0,6,vim_tiny,cifar10,0.03,11,base.layers.10.mixer,0.856645
30,0,6,vim_tiny,cifar10,0.03,12,base.layers.11.mixer,0.911068
30,0,6,vim_tiny,cifar10,0.03,13,classifier,0.210382
30,0,7,vim_tiny,cifar10,0.03,0,base.patch_embed,0.985703
30,0,7,vim_tiny,cifar10,0.03,1,base.layers.0.mixer,0.952114
30,0,7,vim_tiny,cifar10,0.03,2,base.layers.1.mixer,0.789077
30,0,7,vim_tiny,cifar10,0.03,3,base.layers.2.mixer,0.943366
30,0,7,vim_tiny,cifar10,0.03,4,base.layers.3.mixer,0.495966
30,0,7,vim_tiny,cifar10,0.03,5,base.layers.4.mixer,0.743166
30,0,7,vim_tiny,cifar10,0.03,6,base.layers.5.mixer,0.715741
30,0,7,vim_tiny,cifar10,0.03,7,base.layers.6.mixer,0.687689
30,0,7,vim_tiny,cifar10,0.03,8,base.layers.7.mixer,0.707451
30,0,7,vim_tiny,cifar10,0.03,9,base.layers.8.mixer,0.190434
30,0,7,vim_tiny,cifar10,0.03,10,base.layers.9.mixer,0.698483
30,0,7,vim_tiny,cifar10,0.03,11,base.layers.10.mixer,0.221635
30,0,7,vim_tiny,cifar10,0.03,12,base.layers.11.mixer,0.517638
30,0,7,vim_tiny,cifar10,0.03,13,classifier,0.249252
30,0,8,vim_tiny,cifar10,0.03,0,base.patch_embed,0.992730
30,0,8,vim_tiny,cifar10,0.03,1,base.layers.0.mixer,0.842506
30,0,8,vim_tiny,cifar10,0.03,2,base.layers.1.mixer,0.915273
30,0,8,vim_tiny,cifar10,0.03,3,base.layers.2.mixer,0.950813
30,0,8,vim_tiny,cifar10,0.03,4,base.layers.3.mixer,0.627530
30,0,8,vim_tiny,cifar10,0.03,5,base.layers.4.mixer,0.835865
30,0,8,vim_tiny,cifar10,0.03,6,base.layers.5.mixer,0.593392
30,0,8,vim_tiny,cifar10,0.03,7,base.layers.6.mixer,0.826500
30,0,8,vim_tiny,cifar10,0.03,8,base.layers.7.mixer,0.554293
30,0,8,vim_tiny,cifar10,0.03,9,base.layers.8.mixer,0.284783
30,0,8,vim_tiny,cifar10,0.03,10,base.layers.9.mixer,0.764451
30,0,8,vim_tiny,cifar10,0.03,11,base.layers.10.mixer,0.497123
30,0,8,vim_tiny,cifar10,0.03,12,base.layers.11.mixer,0.693100
30,0,8,vim_tiny,cifar10,0.03,13,classifier,0.239880
30,0,9,vim_tiny,cifar10,0.03,0,base.patch_embed,0.971031
30,0,9,vim_tiny,cifar10,0.03,1,base.layers.0.mixer,0.460935
30,0,9,vim_tiny,cifar10,0.03,2,base.layers.1.mixer,0.783288
30,0,9,vim_tiny,cifar10,0.03,3,base.layers.2.mixer,0.874510
30,0,9,vim_tiny,cifar10,0.03,4,base.layers.3.mixer,0.650324
30,0,9,vim_tiny,cifar10,0.03,5,base.layers.4.mixer,0.688848
30,0,9,vim_tiny,cifar10,0.03,6,base.layers.5.mixer,0.470704
30,0,9,vim_tiny,cifar10,0.03,7,base.layers.6.mixer,0.606897
30,0,9,vim_tiny,cifar10,0.03,8,base.layers.7.mixer,0.332724
30,0,9,vim_tiny,cifar10,0.03,9,base.layers.8.mixer,0.313292
30,0,9,vim_tiny,cifar10,0.03,10,base.layers.9.mixer,0.570761
30,0,9,vim_tiny,cifar10,0.03,11,base.layers.10.mixer,0.377329
30,0,9,vim_tiny,cifar10,0.03,12,base.layers.11.mixer,0.540388
30,0,9,vim_tiny,cifar10,0.03,13,classifier,0.191018
30,1,2,vim_tiny,cifar10,0.03,0,base.patch_embed,0.963545
30,1,2,vim_tiny,cifar10,0.03,1,base.layers.0.mixer,0.765359
30,1,2,vim_tiny,cifar10,0.03,2,base.layers.1.mixer,0.933513
30,1,2,vim_tiny,cifar10,0.03,3,base.layers.2.mixer,0.959499
30,1,2,vim_tiny,cifar10,0.03,4,base.layers.3.mixer,0.931386
30,1,2,vim_tiny,cifar10,0.03,5,base.layers.4.mixer,0.871683
30,1,2,vim_tiny,cifar10,0.03,6,base.layers.5.mixer,0.618623
30,1,2,vim_tiny,cifar10,0.03,7,base.layers.6.mixer,0.847382
30,1,2,vim_tiny,cifar10,0.03,8,base.layers.7.mixer,0.300442
30,1,2,vim_tiny,cifar10,0.03,9,base.layers.8.mixer,0.261394
30,1,2,vim_tiny,cifar10,0.03,10,base.layers.9.mixer,0.887526
30,1,2,vim_tiny,cifar10,0.03,11,base.layers.10.mixer,0.737544
30,1,2,vim_tiny,cifar10,0.03,12,base.layers.11.mixer,0.854509
30,1,2,vim_tiny,cifar10,0.03,13,classifier,0.326930
30,1,3,vim_tiny,cifar10,0.03,0,base.patch_embed,0.970392
30,1,3,vim_tiny,cifar10,0.03,1,base.layers.0.mixer,0.891249
30,1,3,vim_tiny,cifar10,0.03,2,base.layers.1.mixer,0.944731
30,1,3,vim_tiny,cifar10,0.03,3,base.layers.2.mixer,0.969598
30,1,3,vim_tiny,cifar10,0.03,4,base.layers.3.mixer,0.864532
30,1,3,vim_tiny,cifar10,0.03,5,base.layers.4.mixer,0.734341
30,1,3,vim_tiny,cifar10,0.03,6,base.layers.5.mixer,0.811593
30,1,3,vim_tiny,cifar10,0.03,7,base.layers.6.mixer,0.759053
30,1,3,vim_tiny,cifar10,0.03,8,base.layers.7.mixer,0.306298
30,1,3,vim_tiny,cifar10,0.03,9,base.layers.8.mixer,0.165854
30,1,3,vim_tiny,cifar10,0.03,10,base.layers.9.mixer,0.870299
30,1,3,vim_tiny,cifar10,0.03,11,base.layers.10.mixer,0.446697
30,1,3,vim_tiny,cifar10,0.03,12,base.layers.11.mixer,0.829543
30,1,3,vim_tiny,cifar10,0.03,13,classifier,0.370143
30,1,4,vim_tiny,cifar10,0.03,0,base.patch_embed,0.918498
30,1,4,vim_tiny,cifar10,0.03,1,base.layers.0.mixer,0.424502
30,1,4,vim_tiny,cifar10,0.03,2,base.layers.1.mixer,0.776351
30,1,4,vim_tiny,cifar10,0.03,3,base.layers.2.mixer,0.910764
30,1,4,vim_tiny,cifar10,0.03,4,base.layers.3.mixer,0.600178
30,1,4,vim_tiny,cifar10,0.03,5,base.layers.4.mixer,0.345385
30,1,4,vim_tiny,cifar10,0.03,6,base.layers.5.mixer,0.586128
30,1,4,vim_tiny,cifar10,0.03,7,base.layers.6.mixer,0.652817
30,1,4,vim_tiny,cifar10,0.03,8,base.layers.7.mixer,0.766324
30,1,4,vim_tiny,cifar10,0.03,9,base.layers.8.mixer,0.427616
30,1,4,vim_tiny,cifar10,0.03,10,base.layers.9.mixer,0.851830
30,1,4,vim_tiny,cifar10,0.03,11,base.layers.10.mixer,0.381337
30,1,4,vim_tiny,cifar10,0.03,12,base.layers.11.mixer,0.659485
30,1,4,vim_tiny,cifar10,0.03,13,classifier,0.229505
30,1,5,vim_tiny,cifar10,0.03,0,base.patch_embed,0.972690
30,1,5,vim_tiny,cifar10,0.03,1,base.layers.0.mixer,0.949324
30,1,5,vim_tiny,cifar10,0.03,2,base.layers.1.mixer,0.930037
30,1,5,vim_tiny,cifar10,0.03,3,base.layers.2.mixer,0.894416
30,1,5,vim_tiny,cifar10,0.03,4,base.layers.3.mixer,0.711672
30,1,5,vim_tiny,cifar10,0.03,5,base.layers.4.mixer,0.819494
30,1,5,vim_tiny,cifar10,0.03,6,base.layers.5.mixer,0.708283
30,1,5,vim_tiny,cifar10,0.03,7,base.layers.6.mixer,0.951047
30,1,5,vim_tiny,cifar10,0.03,8,base.layers.7.mixer,0.832819
30,1,5,vim_tiny,cifar10,0.03,9,base.layers.8.mixer,0.039942
30,1,5,vim_tiny,cifar10,0.03,10,base.layers.9.mixer,0.701553
30,1,5,vim_tiny,cifar10,0.03,11,base.layers.10.mixer,0.789279
30,1,5,vim_tiny,cifar10,0.03,12,base.layers.11.mixer,0.889976
30,1,5,vim_tiny,cifar10,0.03,13,classifier,0.286727
30,1,6,vim_tiny,cifar10,0.03,0,base.patch_embed,0.992088
30,1,6,vim_tiny,cifar10,0.03,1,base.layers.0.mixer,0.878870
30,1,6,vim_tiny,cifar10,0.03,2,base.layers.1.mixer,0.883856
30,1,6,vim_tiny,cifar10,0.03,3,base.layers.2.mixer,0.946359
30,1,6,vim_tiny,cifar10,0.03,4,base.layers.3.mixer,0.983593
30,1,6,vim_tiny,cifar10,0.03,5,base.layers.4.mixer,0.815693
30,1,6,vim_tiny,cifar10,0.03,6,base.layers.5.mixer,0.583220
30,1,6,vim_tiny,cifar10,0.03,7,base.layers.6.mixer,0.738890
30,1,6,vim_tiny,cifar10,0.03,8,base.layers.7.mixer,0.454437
30,1,6,vim_tiny,cifar10,0.03,9,base.layers.8.mixer,0.155182
30,1,6,vim_tiny,cifar10,0.03,10,base.layers.9.mixer,0.821360
30,1,6,vim_tiny,cifar10,0.03,11,base.layers.10.mixer,0.435706
30,1,6,vim_tiny,cifar10,0.03,12,base.layers.11.mixer,0.677038
30,1,6,vim_tiny,cifar10,0.03,13,classifier,0.170290
30,1,7,vim_tiny,cifar10,0.03,0,base.patch_embed,0.998056
30,1,7,vim_tiny,cifar10,0.03,1,base.layers.0.mixer,0.904657
30,1,7,vim_tiny,cifar10,0.03,2,base.layers.1.mixer,0.664565
30,1,7,vim_tiny,cifar10,0.03,3,base.layers.2.mixer,0.971497
30,1,7,vim_tiny,cifar10,0.03,4,base.layers.3.mixer,0.762785
30,1,7,vim_tiny,cifar10,0.03,5,base.layers.4.mixer,0.877020
30,1,7,vim_tiny,cifar10,0.03,6,base.layers.5.mixer,0.809958
30,1,7,vim_tiny,cifar10,0.03,7,base.layers.6.mixer,0.862797
30,1,7,vim_tiny,cifar10,0.03,8,base.layers.7.mixer,0.794543
30,1,7,vim_tiny,cifar10,0.03,9,base.layers.8.mixer,0.256522
30,1,7,vim_tiny,cifar10,0.03,10,base.layers.9.mixer,0.847253
30,1,7,vim_tiny,cifar10,0.03,11,base.layers.10.mixer,0.655576
30,1,7,vim_tiny,cifar10,0.03,12,base.layers.11.mixer,0.856017
30,1,7,vim_tiny,cifar10,0.03,13,classifier,0.355469
30,1,8,vim_tiny,cifar10,0.03,0,base.patch_embed,0.992880
30,1,8,vim_tiny,cifar10,0.03,1,base.layers.0.mixer,0.962170
30,1,8,vim_tiny,cifar10,0.03,2,base.layers.1.mixer,0.777160
30,1,8,vim_tiny,cifar10,0.03,3,base.layers.2.mixer,0.971666
30,1,8,vim_tiny,cifar10,0.03,4,base.layers.3.mixer,0.860573
30,1,8,vim_tiny,cifar10,0.03,5,base.layers.4.mixer,0.887818
30,1,8,vim_tiny,cifar10,0.03,6,base.layers.5.mixer,0.737923
30,1,8,vim_tiny,cifar10,0.03,7,base.layers.6.mixer,0.948465
30,1,8,vim_tiny,cifar10,0.03,8,base.layers.7.mixer,0.898822
30,1,8,vim_tiny,cifar10,0.03,9,base.layers.8.mixer,0.416215
30,1,8,vim_tiny,cifar10,0.03,10,base.layers.9.mixer,0.899976
30,1,8,vim_tiny,cifar10,0.03,11,base.layers.10.mixer,0.878066
30,1,8,vim_tiny,cifar10,0.03,12,base.layers.11.mixer,0.861855
30,1,8,vim_tiny,cifar10,0.03,13,classifier,0.454896
30,1,9,vim_tiny,cifar10,0.03,0,base.patch_embed,0.986245
30,1,9,vim_tiny,cifar10,0.03,1,base.layers.0.mixer,0.503546
30,1,9,vim_tiny,cifar10,0.03,2,base.layers.1.mixer,0.632967
30,1,9,vim_tiny,cifar10,0.03,3,base.layers.2.mixer,0.926955
30,1,9,vim_tiny,cifar10,0.03,4,base.layers.3.mixer,0.792247
30,1,9,vim_tiny,cifar10,0.03,5,base.layers.4.mixer,0.854840
30,1,9,vim_tiny,cifar10,0.03,6,base.layers.5.mixer,0.607579
30,1,9,vim_tiny,cifar10,0.03,7,base.layers.6.mixer,0.744761
30,1,9,vim_tiny,cifar10,0.03,8,base.layers.7.mixer,0.617900
30,1,9,vim_tiny,cifar10,0.03,9,base.layers.8.mixer,0.480872
30,1,9,vim_tiny,cifar10,0.03,10,base.layers.9.mixer,0.764171
30,1,9,vim_tiny,cifar10,0.03,11,base.layers.10.mixer,0.678910
30,1,9,vim_tiny,cifar10,0.03,12,base.layers.11.mixer,0.815492
30,1,9,vim_tiny,cifar10,0.03,13,classifier,0.166932
30,2,3,vim_tiny,cifar10,0.03,0,base.patch_embed,0.999052
30,2,3,vim_tiny,cifar10,0.03,1,base.layers.0.mixer,0.899566
30,2,3,vim_tiny,cifar10,0.03,2,base.layers.1.mixer,0.989063
30,2,3,vim_tiny,cifar10,0.03,3,base.layers.2.mixer,0.995506
30,2,3,vim_tiny,cifar10,0.03,4,base.layers.3.mixer,0.951931
30,2,3,vim_tiny,cifar10,0.03,5,base.layers.4.mixer,0.877443
30,2,3,vim_tiny,cifar10,0.03,6,base.layers.5.mixer,0.652417
30,2,3,vim_tiny,cifar10,0.03,7,base.layers.6.mixer,0.930180
30,2,3,vim_tiny,cifar10,0.03,8,base.layers.7.mixer,0.503134
30,2,3,vim_tiny,cifar10,0.03,9,base.layers.8.mixer,0.633004
30,2,3,vim_tiny,cifar10,0.03,10,base.layers.9.mixer,0.892291
30,2,3,vim_tiny,cifar10,0.03,11,base.layers.10.mixer,0.749826
30,2,3,vim_tiny,cifar10,0.03,12,base.layers.11.mixer,0.873282
30,2,3,vim_tiny,cifar10,0.03,13,classifier,0.443463
30,2,4,vim_tiny,cifar10,0.03,0,base.patch_embed,0.943180
30,2,4,vim_tiny,cifar10,0.03,1,base.layers.0.mixer,0.525749
30,2,4,vim_tiny,cifar10,0.03,2,base.layers.1.mixer,0.804592
30,2,4,vim_tiny,cifar10,0.03,3,base.layers.2.mixer,0.866976
30,2,4,vim_tiny,cifar10,0.03,4,base.layers.3.mixer,0.770494
30,2,4,vim_tiny,cifar10,0.03,5,base.layers.4.mixer,0.484446
30,2,4,vim_tiny,cifar10,0.03,6,base.layers.5.mixer,0.614519
30,2,4,vim_tiny,cifar10,0.03,7,base.layers.6.mixer,0.912861
30,2,4,vim_tiny,cifar10,0.03,8,base.layers.7.mixer,0.468723
30,2,4,vim_tiny,cifar10,0.03,9,base.layers.8.mixer,0.230726
30,2,4,vim_tiny,cifar10,0.03,10,base.layers.9.mixer,0.851808
30,2,4,vim_tiny,cifar10,0.03,11,base.layers.10.mixer,0.719964
30,2,4,vim_tiny,cifar10,0.03,12,base.layers.11.mixer,0.873672
30,2,4,vim_tiny,cifar10,0.03,13,classifier,0.174575
30,2,5,vim_tiny,cifar10,0.03,0,base.patch_embed,0.978180
30,2,5,vim_tiny,cifar10,0.03,1,base.layers.0.mixer,0.836125
30,2,5,vim_tiny,cifar10,0.03,2,base.layers.1.mixer,0.958645
30,2,5,vim_tiny,cifar10,0.03,3,base.layers.2.mixer,0.944421
30,2,5,vim_tiny,cifar10,0.03,4,base.layers.3.mixer,0.628752
30,2,5,vim_tiny,cifar10,0.03,5,base.layers.4.mixer,0.869026
30,2,5,vim_tiny,cifar10,0.03,6,base.layers.5.mixer,0.546906
30,2,5,vim_tiny,cifar10,0.03,7,base.layers.6.mixer,0.785809
30,2,5,vim_tiny,cifar10,0.03,8,base.layers.7.mixer,0.250762
30,2,5,vim_tiny,cifar10,0.03,9,base.layers.8.mixer,0.064542
30,2,5,vim_tiny,cifar10,0.03,10,base.layers.9.mixer,0.815868
30,2,5,vim_tiny,cifar10,0.03,11,base.layers.10.mixer,0.689103
30,2,5,vim_tiny,cifar10,0.03,12,base.layers.11.mixer,0.833750
30,2,5,vim_tiny,cifar10,0.03,13,classifier,0.245686
30,2,6,vim_tiny,cifar10,0.03,0,base.patch_embed,0.967032
30,2,6,vim_tiny,cifar10,0.03,1,base.layers.0.mixer,0.900888
30,2,6,vim_tiny,cifar10,0.03,2,base.layers.1.mixer,0.901060
30,2,6,vim_tiny,cifar10,0.03,3,base.layers.2.mixer,0.955390
30,2,6,vim_tiny,cifar10,0.03,4,base.layers.3.mixer,0.947933
30,2,6,vim_tiny,cifar10,0.03,5,base.layers.4.mixer,0.865402
30,2,6,vim_tiny,cifar10,0.03,6,base.layers.5.mixer,0.448278
30,2,6,vim_tiny,cifar10,0.03,7,base.layers.6.mixer,0.928587
30,2,6,vim_tiny,cifar10,0.03,8,base.layers.7.mixer,0.287629
30,2,6,vim_tiny,cifar10,0.03,9,base.layers.8.mixer,0.661908
30,2,6,vim_tiny,cifar10,0.03,10,base.layers.9.mixer,0.783934
30,2,6,vim_tiny,cifar10,0.03,11,base.layers.10.mixer,0.620668
30,2,6,vim_tiny,cifar10,0.03,12,base.layers.11.mixer,0.834007
30,2,6,vim_tiny,cifar10,0.03,13,classifier,0.290232
30,2,7,vim_tiny,cifar10,0.03,0,base.patch_embed,0.958553
30,2,7,vim_tiny,cifar10,0.03,1,base.layers.0.mixer,0.883446
30,2,7,vim_tiny,cifar10,0.03,2,base.layers.1.mixer,0.639154
30,2,7,vim_tiny,cifar10,0.03,3,base.layers.2.mixer,0.969774
30,2,7,vim_tiny,cifar10,0.03,4,base.layers.3.mixer,0.727510
30,2,7,vim_tiny,cifar10,0.03,5,base.layers.4.mixer,0.722619
30,2,7,vim_tiny,cifar10,0.03,6,base.layers.5.mixer,0.493662
30,2,7,vim_tiny,cifar10,0.03,7,base.layers.6.mixer,0.772503
30,2,7,vim_tiny,cifar10,0.03,8,base.layers.7.mixer,0.119654
30,2,7,vim_tiny,cifar10,0.03,9,base.layers.8.mixer,0.199308
30,2,7,vim_tiny,cifar10,0.03,10,base.layers.9.mixer,0.673287
30,2,7,vim_tiny,cifar10,0.03,11,base.layers.10.mixer,0.340660
30,2,7,vim_tiny,cifar10,0.03,12,base.layers.11.mixer,0.633945
30,2,7,vim_tiny,cifar10,0.03,13,classifier,0.363133
30,2,8,vim_tiny,cifar10,0.03,0,base.patch_embed,0.958352
30,2,8,vim_tiny,cifar10,0.03,1,base.layers.0.mixer,0.711799
30,2,8,vim_tiny,cifar10,0.03,2,base.layers.1.mixer,0.764703
30,2,8,vim_tiny,cifar10,0.03,3,base.layers.2.mixer,0.989089
30,2,8,vim_tiny,cifar10,0.03,4,base.layers.3.mixer,0.854602
30,2,8,vim_tiny,cifar10,0.03,5,base.layers.4.mixer,0.866505
30,2,8,vim_tiny,cifar10,0.03,6,base.layers.5.mixer,0.444139
30,2,8,vim_tiny,cifar10,0.03,7,base.layers.6.mixer,0.900785
30,2,8,vim_tiny,cifar10,0.03,8,base.layers.7.mixer,0.323871
30,2,8,vim_tiny,cifar10,0.03,9,base.layers.8.mixer,0.629167
30,2,8,vim_tiny,cifar10,0.03,10,base.layers.9.mixer,0.856941
30,2,8,vim_tiny,cifar10,0.03,11,base.layers.10.mixer,0.553865
30,2,8,vim_tiny,cifar10,0.03,12,base.layers.11.mixer,0.729436
30,2,8,vim_tiny,cifar10,0.03,13,classifier,0.430561
30,2,9,vim_tiny,cifar10,0.03,0,base.patch_embed,0.956823
30,2,9,vim_tiny,cifar10,0.03,1,base.layers.0.mixer,0.495436
30,2,9,vim_tiny,cifar10,0.03,2,base.layers.1.mixer,0.609100
30,2,9,vim_tiny,cifar10,0.03,3,base.layers.2.mixer,0.957797
30,2,9,vim_tiny,cifar10,0.03,4,base.layers.3.mixer,0.834581
30,2,9,vim_tiny,cifar10,0.03,5,base.layers.4.mixer,0.775614
30,2,9,vim_tiny,cifar10,0.03,6,base.layers.5.mixer,0.402555
30,2,9,vim_tiny,cifar10,0.03,7,base.layers.6.mixer,0.661652
30,2,9,vim_tiny,cifar10,0.03,8,base.layers.7.mixer,0.650717
30,2,9,vim_tiny,cifar10,0.03,9,base.layers.8.mixer,0.279973
30,2,9,vim_tiny,cifar10,0.03,10,base.layers.9.mixer,0.753104
30,2,9,vim_tiny,cifar10,0.03,11,base.layers.10.mixer,0.399080
30,2,9,vim_tiny,cifar10,0.03,12,base.layers.11.mixer,0.645080
30,2,9,vim_tiny,cifar10,0.03,13,classifier,0.199328
30,3,4,vim_tiny,cifar10,0.03,0,base.patch_embed,0.941879
30,3,4,vim_tiny,cifar10,0.03,1,base.layers.0.mixer,0.550885
30,3,4,vim_tiny,cifar10,0.03,2,base.layers.1.mixer,0.840022
30,3,4,vim_tiny,cifar10,0.03,3,base.layers.2.mixer,0.889029
30,3,4,vim_tiny,cifar10,0.03,4,base.layers.3.mixer,0.861181
30,3,4,vim_tiny,cifar10,0.03,5,base.layers.4.mixer,0.495013
30,3,4,vim_tiny,cifar10,0.03,6,base.layers.5.mixer,0.813413
30,3,4,vim_tiny,cifar10,0.03,7,base.layers.6.mixer,0.862423
30,3,4,vim_tiny,cifar10,0.03,8,base.layers.7.mixer,0.413020
30,3,4,vim_tiny,cifar10,0.03,9,base.layers.8.mixer,0.175870
30,3,4,vim_tiny,cifar10,0.03,10,base.layers.9.mixer,0.722729
30,3,4,vim_tiny,cifar10,0.03,11,base.layers.10.mixer,0.833108
30,3,4,vim_tiny,cifar10,0.03,12,base.layers.11.mixer,0.680473
30,3,4,vim_tiny,cifar10,0.03,13,classifier,0.149528
30,3,5,vim_tiny,cifar10,0.03,0,base.patch_embed,0.976908
30,3,5,vim_tiny,cifar10,0.03,1,base.layers.0.mixer,0.889758
30,3,5,vim_tiny,cifar10,0.03,2,base.layers.1.mixer,0.972198
30,3,5,vim_tiny,cifar10,0.03,3,base.layers.2.mixer,0.926040
30,3,5,vim_tiny,cifar10,0.03,4,base.layers.3.mixer,0.597932
30,3,5,vim_tiny,cifar10,0.03,5,base.layers.4.mixer,0.731512
30,3,5,vim_tiny,cifar10,0.03,6,base.layers.5.mixer,0.862216
30,3,5,vim_tiny,cifar10,0.03,7,base.layers.6.mixer,0.702387
30,3,5,vim_tiny,cifar10,0.03,8,base.layers.7.mixer,0.272059
30,3,5,vim_tiny,cifar10,0.03,9,base.layers.8.mixer,0.073586
30,3,5,vim_tiny,cifar10,0.03,10,base.layers.9.mixer,0.749244
30,3,5,vim_tiny,cifar10,0.03,11,base.layers.10.mixer,0.538566
30,3,5,vim_tiny,cifar10,0.03,12,base.layers.11.mixer,0.845408
30,3,5,vim_tiny,cifar10,0.03,13,classifier,0.420198
30,3,6,vim_tiny,cifar10,0.03,0,base.patch_embed,0.975238
30,3,6,vim_tiny,cifar10,0.03,1,base.layers.0.mixer,0.941179
30,3,6,vim_tiny,cifar10,0.03,2,base.layers.1.mixer,0.938493
30,3,6,vim_tiny,cifar10,0.03,3,base.layers.2.mixer,0.960880
30,3,6,vim_tiny,cifar10,0.03,4,base.layers.3.mixer,0.901430
30,3,6,vim_tiny,cifar10,0.03,5,base.layers.4.mixer,0.893384
30,3,6,vim_tiny,cifar10,0.03,6,base.layers.5.mixer,0.842561
30,3,6,vim_tiny,cifar10,0.03,7,base.layers.6.mixer,0.931301
30,3,6,vim_tiny,cifar10,0.03,8,base.layers.7.mixer,0.604304
30,3,6,vim_tiny,cifar10,0.03,9,base.layers.8.mixer,0.954858
30,3,6,vim_tiny,cifar10,0.03,10,base.layers.9.mixer,0.926498
30,3,6,vim_tiny,cifar10,0.03,11,base.layers.10.mixer,0.786302
30,3,6,vim_tiny,cifar10,0.03,12,base.layers.11.mixer,0.879066
30,3,6,vim_tiny,cifar10,0.03,13,classifier,0.542537
30,3,7,vim_tiny,cifar10,0.03,0,base.patch_embed,0.965937
30,3,7,vim_tiny,cifar10,0.03,1,base.layers.0.mixer,0.923246
30,3,7,vim_tiny,cifar10,0.03,2,base.layers.1.mixer,0.710402
30,3,7,vim_tiny,cifar10,0.03,3,base.layers.2.mixer,0.970255
30,3,7,vim_tiny,cifar10,0.03,4,base.layers.3.mixer,0.728178
30,3,7,vim_tiny,cifar10,0.03,5,base.layers.4.mixer,0.698866
30,3,7,vim_tiny,cifar10,0.03,6,base.layers.5.mixer,0.646449
30,3,7,vim_tiny,cifar10,0.03,7,base.layers.6.mixer,0.647920
30,3,7,vim_tiny,cifar10,0.03,8,base.layers.7.mixer,0.228528
30,3,7,vim_tiny,cifar10,0.03,9,base.layers.8.mixer,0.252768
30,3,7,vim_tiny,cifar10,0.03,10,base.layers.9.mixer,0.664106
30,3,7,vim_tiny,cifar10,0.03,11,base.layers.10.mixer,0.339503
30,3,7,vim_tiny,cifar10,0.03,12,base.layers.11.mixer,0.725860
30,3,7,vim_tiny,cifar10,0.03,13,classifier,0.274915
30,3,8,vim_tiny,cifar10,0.03,0,base.patch_embed,0.967196
30,3,8,vim_tiny,cifar10,0.03,1,base.layers.0.mixer,0.899924
30,3,8,vim_tiny,cifar10,0.03,2,base.layers.1.mixer,0.830698
30,3,8,vim_tiny,cifar10,0.03,3,base.layers.2.mixer,0.988671
30,3,8,vim_tiny,cifar10,0.03,4,base.layers.3.mixer,0.876796
30,3,8,vim_tiny,cifar10,0.03,5,base.layers.4.mixer,0.849294
30,3,8,vim_tiny,cifar10,0.03,6,base.layers.5.mixer,0.840378
30,3,8,vim_tiny,cifar10,0.03,7,base.layers.6.mixer,0.832945
30,3,8,vim_tiny,cifar10,0.03,8,base.layers.7.mixer,0.324089
30,3,8,vim_tiny,cifar10,0.03,9,base.layers.8.mixer,0.589726
30,3,8,vim_tiny,cifar10,0.03,10,base.layers.9.mixer,0.781094
30,3,8,vim_tiny,cifar10,0.03,11,base.layers.10.mixer,0.374411
30,3,8,vim_tiny,cifar10,0.03,12,base.layers.11.mixer,0.809273
30,3,8,vim_tiny,cifar10,0.03,13,classifier,0.439700
30,3,9,vim_tiny,cifar10,0.03,0,base.patch_embed,0.960498
30,3,9,vim_tiny,cifar10,0.03,1,base.layers.0.mixer,0.469297
30,3,9,vim_tiny,cifar10,0.03,2,base.layers.1.mixer,0.684593
30,3,9,vim_tiny,cifar10,0.03,3,base.layers.2.mixer,0.948344
30,3,9,vim_tiny,cifar10,0.03,4,base.layers.3.mixer,0.896990
30,3,9,vim_tiny,cifar10,0.03,5,base.layers.4.mixer,0.790972
30,3,9,vim_tiny,cifar10,0.03,6,base.layers.5.mixer,0.741142
30,3,9,vim_tiny,cifar10,0.03,7,base.layers.6.mixer,0.618632
30,3,9,vim_tiny,cifar10,0.03,8,base.layers.7.mixer,0.491310
30,3,9,vim_tiny,cifar10,0.03,9,base.layers.8.mixer,0.198155
30,3,9,vim_tiny,cifar10,0.03,10,base.layers.9.mixer,0.666519
30,3,9,vim_tiny,cifar10,0.03,11,base.layers.10.mixer,0.267998
30,3,9,vim_tiny,cifar10,0.03,12,base.layers.11.mixer,0.686694
30,3,9,vim_tiny,cifar10,0.03,13,classifier,0.141192
30,4,5,vim_tiny,cifar10,0.03,0,base.patch_embed,0.917625
30,4,5,vim_tiny,cifar10,0.03,1,base.layers.0.mixer,0.386622
30,4,5,vim_tiny,cifar10,0.03,2,base.layers.1.mixer,0.762426
30,4,5,vim_tiny,cifar10,0.03,3,base.layers.2.mixer,0.720845
30,4,5,vim_tiny,cifar10,0.03,4,base.layers.3.mixer,0.267110
30,4,5,vim_tiny,cifar10,0.03,5,base.layers.4.mixer,0.309881
30,4,5,vim_tiny,cifar10,0.03,6,base.layers.5.mixer,0.806068
30,4,5,vim_tiny,cifar10,0.03,7,base.layers.6.mixer,0.616937
30,4,5,vim_tiny,cifar10,0.03,8,base.layers.7.mixer,0.661740
30,4,5,vim_tiny,cifar10,0.03,9,base.layers.8.mixer,0.162680
30,4,5,vim_tiny,cifar10,0.03,10,base.layers.9.mixer,0.709175
30,4,5,vim_tiny,cifar10,0.03,11,base.layers.10.mixer,0.554186
30,4,5,vim_tiny,cifar10,0.03,12,base.layers.11.mixer,0.673088
30,4,5,vim_tiny,cifar10,0.03,13,classifier,0.278527
30,4,6,vim_tiny,cifar10,0.03,0,base.patch_embed,0.915956
30,4,6,vim_tiny,cifar10,0.03,1,base.layers.0.mixer,0.441997
30,4,6,vim_tiny,cifar10,0.03,2,base.layers.1.mixer,0.932637
30,4,6,vim_tiny,cifar10,0.03,3,base.layers.2.mixer,0.920453
30,4,6,vim_tiny,cifar10,0.03,4,base.layers.3.mixer,0.632967
30,4,6,vim_tiny,cifar10,0.03,5,base.layers.4.mixer,0.430308
30,4,6,vim_tiny,cifar10,0.03,6,base.layers.5.mixer,0.886486
30,4,6,vim_tiny,cifar10,0.03,7,base.layers.6.mixer,0.924044
30,4,6,vim_tiny,cifar10,0.03,8,base.layers.7.mixer,0.458934
30,4,6,vim_tiny,cifar10,0.03,9,base.layers.8.mixer,0.197373
30,4,6,vim_tiny,cifar10,0.03,10,base.layers.9.mixer,0.619209
30,4,6,vim_tiny,cifar10,0.03,11,base.layers.10.mixer,0.611610
30,4,6,vim_tiny,cifar10,0.03,12,base.layers.11.mixer,0.643639
30,4,6,vim_tiny,cifar10,0.03,13,classifier,0.021758
30,4,7,vim_tiny,cifar10,0.03,0,base.patch_embed,0.932589
30,4,7,vim_tiny,cifar10,0.03,1,base.layers.0.mixer,0.421953
30,4,7,vim_tiny,cifar10,0.03,2,base.layers.1.mixer,0.900628
30,4,7,vim_tiny,cifar10,0.03,3,base.layers.2.mixer,0.878121
30,4,7,vim_tiny,cifar10,0.03,4,base.layers.3.mixer,0.442118
30,4,7,vim_tiny,cifar10,0.03,5,base.layers.4.mixer,0.204805
30,4,7,vim_tiny,cifar10,0.03,6,base.layers.5.mixer,0.630022
30,4,7,vim_tiny,cifar10,0.03,7,base.layers.6.mixer,0.600838
30,4,7,vim_tiny,cifar10,0.03,8,base.layers.7.mixer,0.473346
30,4,7,vim_tiny,cifar10,0.03,9,base.layers.8.mixer,0.342698
30,4,7,vim_tiny,cifar10,0.03,10,base.layers.9.mixer,0.728986
30,4,7,vim_tiny,cifar10,0.03,11,base.layers.10.mixer,0.378071
30,4,7,vim_tiny,cifar10,0.03,12,base.layers.11.mixer,0.474990
30,4,7,vim_tiny,cifar10,0.03,13,classifier,0.226230
30,4,8,vim_tiny,cifar10,0.03,0,base.patch_embed,0.908055
30,4,8,vim_tiny,cifar10,0.03,1,base.layers.0.mixer,0.422905
30,4,8,vim_tiny,cifar10,0.03,2,base.layers.1.mixer,0.941107
30,4,8,vim_tiny,cifar10,0.03,3,base.layers.2.mixer,0.870555
30,4,8,vim_tiny,cifar10,0.03,4,base.layers.3.mixer,0.596280
30,4,8,vim_tiny,cifar10,0.03,5,base.layers.4.mixer,0.258341
30,4,8,vim_tiny,cifar10,0.03,6,base.layers.5.mixer,0.818803
30,4,8,vim_tiny,cifar10,0.03,7,base.layers.6.mixer,0.736568
30,4,8,vim_tiny,cifar10,0.03,8,base.layers.7.mixer,0.716491
30,4,8,vim_tiny,cifar10,0.03,9,base.layers.8.mixer,0.250453
30,4,8,vim_tiny,cifar10,0.03,10,base.layers.9.mixer,0.878602
30,4,8,vim_tiny,cifar10,0.03,11,base.layers.10.mixer,0.255840
30,4,8,vim_tiny,cifar10,0.03,12,base.layers.11.mixer,0.482816
30,4,8,vim_tiny,cifar10,0.03,13,classifier,0.147736
30,4,9,vim_tiny,cifar10,0.03,0,base.patch_embed,0.954864
30,4,9,vim_tiny,cifar10,0.03,1,base.layers.0.mixer,0.233993
30,4,9,vim_tiny,cifar10,0.03,2,base.layers.1.mixer,0.907775
30,4,9,vim_tiny,cifar10,0.03,3,base.layers.2.mixer,0.801148
30,4,9,vim_tiny,cifar10,0.03,4,base.layers.3.mixer,0.741505
30,4,9,vim_tiny,cifar10,0.03,5,base.layers.4.mixer,0.373245
30,4,9,vim_tiny,cifar10,0.03,6,base.layers.5.mixer,0.845677
30,4,9,vim_tiny,cifar10,0.03,7,base.layers.6.mixer,0.471471
30,4,9,vim_tiny,cifar10,0.03,8,base.layers.7.mixer,0.694009
30,4,9,vim_tiny,cifar10,0.03,9,base.layers.8.mixer,0.495154
30,4,9,vim_tiny,cifar10,0.03,10,base.layers.9.mixer,0.804147
30,4,9,vim_tiny,cifar10,0.03,11,base.layers.10.mixer,0.199223
30,4,9,vim_tiny,cifar10,0.03,12,base.layers.11.mixer,0.491299
30,4,9,vim_tiny,cifar10,0.03,13,classifier,0.118545
30,5,6,vim_tiny,cifar10,0.03,0,base.patch_embed,0.951801
30,5,6,vim_tiny,cifar10,0.03,1,base.layers.0.mixer,0.948838
30,5,6,vim_tiny,cifar10,0.03,2,base.layers.1.mixer,0.903544
30,5,6,vim_tiny,cifar10,0.03,3,base.layers.2.mixer,0.837649
30,5,6,vim_tiny,cifar10,0.03,4,base.layers.3.mixer,0.695379
30,5,6,vim_tiny,cifar10,0.03,5,base.layers.4.mixer,0.676043
30,5,6,vim_tiny,cifar10,0.03,6,base.layers.5.mixer,0.880857
30,5,6,vim_tiny,cifar10,0.03,7,base.layers.6.mixer,0.705970
30,5,6,vim_tiny,cifar10,0.03,8,base.layers.7.mixer,0.419553
30,5,6,vim_tiny,cifar10,0.03,9,base.layers.8.mixer,0.074346
30,5,6,vim_tiny,cifar10,0.03,10,base.layers.9.mixer,0.638818
30,5,6,vim_tiny,cifar10,0.03,11,base.layers.10.mixer,0.361365
30,5,6,vim_tiny,cifar10,0.03,12,base.layers.11.mixer,0.734558
30,5,6,vim_tiny,cifar10,0.03,13,classifier,0.202014
30,5,7,vim_tiny,cifar10,0.03,0,base.patch_embed,0.963770
30,5,7,vim_tiny,cifar10,0.03,1,base.layers.0.mixer,0.956362
30,5,7,vim_tiny,cifar10,0.03,2,base.layers.1.mixer,0.642073
30,5,7,vim_tiny,cifar10,0.03,3,base.layers.2.mixer,0.924676
30,5,7,vim_tiny,cifar10,0.03,4,base.layers.3.mixer,0.932514
30,5,7,vim_tiny,cifar10,0.03,5,base.layers.4.mixer,0.794348
30,5,7,vim_tiny,cifar10,0.03,6,base.layers.5.mixer,0.682114
30,5,7,vim_tiny,cifar10,0.03,7,base.layers.6.mixer,0.868465
30,5,7,vim_tiny,cifar10,0.03,8,base.layers.7.mixer,0.744642
30,5,7,vim_tiny,cifar10,0.03,9,base.layers.8.mixer,0.127613
30,5,7,vim_tiny,cifar10,0.03,10,base.layers.9.mixer,0.558280
30,5,7,vim_tiny,cifar10,0.03,11,base.layers.10.mixer,0.681997
30,5,7,vim_tiny,cifar10,0.03,12,base.layers.11.mixer,0.820148
30,5,7,vim_tiny,cifar10,0.03,13,classifier,0.339544
30,5,8,vim_tiny,cifar10,0.03,0,base.patch_embed,0.947585
30,5,8,vim_tiny,cifar10,0.03,1,base.layers.0.mixer,0.923866
30,5,8,vim_tiny,cifar10,0.03,2,base.layers.1.mixer,0.784403
30,5,8,vim_tiny,cifar10,0.03,3,base.layers.2.mixer,0.935008
30,5,8,vim_tiny,cifar10,0.03,4,base.layers.3.mixer,0.875673
30,5,8,vim_tiny,cifar10,0.03,5,base.layers.4.mixer,0.850729
30,5,8,vim_tiny,cifar10,0.03,6,base.layers.5.mixer,0.832909
30,5,8,vim_tiny,cifar10,0.03,7,base.layers.6.mixer,0.932353
30,5,8,vim_tiny,cifar10,0.03,8,base.layers.7.mixer,0.898944
30,5,8,vim_tiny,cifar10,0.03,9,base.layers.8.mixer,0.168618
30,5,8,vim_tiny,cifar10,0.03,10,base.layers.9.mixer,0.752817
30,5,8,vim_tiny,cifar10,0.03,11,base.layers.10.mixer,0.672853
30,5,8,vim_tiny,cifar10,0.03,12,base.layers.11.mixer,0.868053
30,5,8,vim_tiny,cifar10,0.03,13,classifier,0.472891
30,5,9,vim_tiny,cifar10,0.03,0,base.patch_embed,0.965409
30,5,9,vim_tiny,cifar10,0.03,1,base.layers.0.mixer,0.630329
30,5,9,vim_tiny,cifar10,0.03,2,base.layers.1.mixer,0.629952
30,5,9,vim_tiny,cifar10,0.03,3,base.layers.2.mixer,0.950703
30,5,9,vim_tiny,cifar10,0.03,4,base.layers.3.mixer,0.791298
30,5,9,vim_tiny,cifar10,0.03,5,base.layers.4.mixer,0.804461
30,5,9,vim_tiny,cifar10,0.03,6,base.layers.5.mixer,0.814146
30,5,9,vim_tiny,cifar10,0.03,7,base.layers.6.mixer,0.754405
30,5,9,vim_tiny,cifar10,0.03,8,base.layers.7.mixer,0.578905
30,5,9,vim_tiny,cifar10,0.03,9,base.layers.8.mixer,0.149283
30,5,9,vim_tiny,cifar10,0.03,10,base.layers.9.mixer,0.666682
30,5,9,vim_tiny,cifar10,0.03,11,base.layers.10.mixer,0.530088
30,5,9,vim_tiny,cifar10,0.03,12,base.layers.11.mixer,0.800519
30,5,9,vim_tiny,cifar10,0.03,13,classifier,0.165164
30,6,7,vim_tiny,cifar10,0.03,0,base.patch_embed,0.991651
30,6,7,vim_tiny,cifar10,0.03,1,base.layers.0.mixer,0.977226
30,6,7,vim_tiny,cifar10,0.03,2,base.layers.1.mixer,0.838684
30,6,7,vim_tiny,cifar10,0.03,3,base.layers.2.mixer,0.948425
30,6,7,vim_tiny,cifar10,0.03,4,base.layers.3.mixer,0.753036
30,6,7,vim_tiny,cifar10,0.03,5,base.layers.4.mixer,0.712731
30,6,7,vim_tiny,cifar10,0.03,6,base.layers.5.mixer,0.656579
30,6,7,vim_tiny,cifar10,0.03,7,base.layers.6.mixer,0.663608
30,6,7,vim_tiny,cifar10,0.03,8,base.layers.7.mixer,0.453015
30,6,7,vim_tiny,cifar10,0.03,9,base.layers.8.mixer,0.258973
30,6,7,vim_tiny,cifar10,0.03,10,base.layers.9.mixer,0.674332
30,6,7,vim_tiny,cifar10,0.03,11,base.layers.10.mixer,0.185323
30,6,7,vim_tiny,cifar10,0.03,12,base.layers.11.mixer,0.531909
30,6,7,vim_tiny,cifar10,0.03,13,classifier,0.264309
30,6,8,vim_tiny,cifar10,0.03,0,base.patch_embed,0.999239
30,6,8,vim_tiny,cifar10,0.03,1,base.layers.0.mixer,0.896112
30,6,8,vim_tiny,cifar10,0.03,2,base.layers.1.mixer,0.956577
30,6,8,vim_tiny,cifar10,0.03,3,base.layers.2.mixer,0.962879
30,6,8,vim_tiny,cifar10,0.03,4,base.layers.3.mixer,0.878788
30,6,8,vim_tiny,cifar10,0.03,5,base.layers.4.mixer,0.862977
30,6,8,vim_tiny,cifar10,0.03,6,base.layers.5.mixer,0.910449
30,6,8,vim_tiny,cifar10,0.03,7,base.layers.6.mixer,0.838507
30,6,8,vim_tiny,cifar10,0.03,8,base.layers.7.mixer,0.566558
30,6,8,vim_tiny,cifar10,0.03,9,base.layers.8.mixer,0.599385
30,6,8,vim_tiny,cifar10,0.03,10,base.layers.9.mixer,0.703698
30,6,8,vim_tiny,cifar10,0.03,11,base.layers.10.mixer,0.421654
30,6,8,vim_tiny,cifar10,0.03,12,base.layers.11.mixer,0.743613
30,6,8,vim_tiny,cifar10,0.03,13,classifier,0.356809
30,6,9,vim_tiny,cifar10,0.03,0,base.patch_embed,0.975049
30,6,9,vim_tiny,cifar10,0.03,1,base.layers.0.mixer,0.625190
30,6,9,vim_tiny,cifar10,0.03,2,base.layers.1.mixer,0.840555
30,6,9,vim_tiny,cifar10,0.03,3,base.layers.2.mixer,0.886094
30,6,9,vim_tiny,cifar10,0.03,4,base.layers.3.mixer,0.813874
30,6,9,vim_tiny,cifar10,0.03,5,base.layers.4.mixer,0.733269
30,6,9,vim_tiny,cifar10,0.03,6,base.layers.5.mixer,0.916763
30,6,9,vim_tiny,cifar10,0.03,7,base.layers.6.mixer,0.506164
30,6,9,vim_tiny,cifar10,0.03,8,base.layers.7.mixer,0.535494
30,6,9,vim_tiny,cifar10,0.03,9,base.layers.8.mixer,0.196440
30,6,9,vim_tiny,cifar10,0.03,10,base.layers.9.mixer,0.547236
30,6,9,vim_tiny,cifar10,0.03,11,base.layers.10.mixer,0.273813
30,6,9,vim_tiny,cifar10,0.03,12,base.layers.11.mixer,0.564331
30,6,9,vim_tiny,cifar10,0.03,13,classifier,0.141773
30,7,8,vim_tiny,cifar10,0.03,0,base.patch_embed,0.992673
30,7,8,vim_tiny,cifar10,0.03,1,base.layers.0.mixer,0.902174
30,7,8,vim_tiny,cifar10,0.03,2,base.layers.1.mixer,0.933275
30,7,8,vim_tiny,cifar10,0.03,3,base.layers.2.mixer,0.987996
30,7,8,vim_tiny,cifar10,0.03,4,base.layers.3.mixer,0.949005
30,7,8,vim_tiny,cifar10,0.03,5,base.layers.4.mixer,0.880452
30,7,8,vim_tiny,cifar10,0.03,6,base.layers.5.mixer,0.839512
30,7,8,vim_tiny,cifar10,0.03,7,base.layers.6.mixer,0.889996
30,7,8,vim_tiny,cifar10,0.03,8,base.layers.7.mixer,0.777955
30,7,8,vim_tiny,cifar10,0.03,9,base.layers.8.mixer,0.618885
30,7,8,vim_tiny,cifar10,0.03,10,base.layers.9.mixer,0.793020
30,7,8,vim_tiny,cifar10,0.03,11,base.layers.10.mixer,0.679591
30,7,8,vim_tiny,cifar10,0.03,12,base.layers.11.mixer,0.882539
30,7,8,vim_tiny,cifar10,0.03,13,classifier,0.585923
30,7,9,vim_tiny,cifar10,0.03,0,base.patch_embed,0.990969
30,7,9,vim_tiny,cifar10,0.03,1,base.layers.0.mixer,0.571128
30,7,9,vim_tiny,cifar10,0.03,2,base.layers.1.mixer,0.946711
30,7,9,vim_tiny,cifar10,0.03,3,base.layers.2.mixer,0.952096
30,7,9,vim_tiny,cifar10,0.03,4,base.layers.3.mixer,0.872369
30,7,9,vim_tiny,cifar10,0.03,5,base.layers.4.mixer,0.916957
30,7,9,vim_tiny,cifar10,0.03,6,base.layers.5.mixer,0.800711
30,7,9,vim_tiny,cifar10,0.03,7,base.layers.6.mixer,0.767920
30,7,9,vim_tiny,cifar10,0.03,8,base.layers.7.mixer,0.405478
30,7,9,vim_tiny,cifar10,0.03,9,base.layers.8.mixer,0.580014
30,7,9,vim_tiny,cifar10,0.03,10,base.layers.9.mixer,0.719612
30,7,9,vim_tiny,cifar10,0.03,11,base.layers.10.mixer,0.538679
30,7,9,vim_tiny,cifar10,0.03,12,base.layers.11.mixer,0.883005
30,7,9,vim_tiny,cifar10,0.03,13,classifier,0.395654
30,8,9,vim_tiny,cifar10,0.03,0,base.patch_embed,0.975833
30,8,9,vim_tiny,cifar10,0.03,1,base.layers.0.mixer,0.530717
30,8,9,vim_tiny,cifar10,0.03,2,base.layers.1.mixer,0.948820
30,8,9,vim_tiny,cifar10,0.03,3,base.layers.2.mixer,0.967019
30,8,9,vim_tiny,cifar10,0.03,4,base.layers.3.mixer,0.935115
30,8,9,vim_tiny,cifar10,0.03,5,base.layers.4.mixer,0.868058
30,8,9,vim_tiny,cifar10,0.03,6,base.layers.5.mixer,0.952127
30,8,9,vim_tiny,cifar10,0.03,7,base.layers.6.mixer,0.761131
30,8,9,vim_tiny,cifar10,0.03,8,base.layers.7.mixer,0.726313
30,8,9,vim_tiny,cifar10,0.03,9,base.layers.8.mixer,0.609295
30,8,9,vim_tiny,cifar10,0.03,10,base.layers.9.mixer,0.882000
30,8,9,vim_tiny,cifar10,0.03,11,base.layers.10.mixer,0.815729
30,8,9,vim_tiny,cifar10,0.03,12,base.layers.11.mixer,0.899854
30,8,9,vim_tiny,cifar10,0.03,13,classifier,0.380459
40,0,1,vim_tiny,cifar10,0.03,0,base.patch_embed,0.992895
40,0,1,vim_tiny,cifar10,0.03,1,base.layers.0.mixer,0.658434
40,0,1,vim_tiny,cifar10,0.03,2,base.layers.1.mixer,0.967421
40,0,1,vim_tiny,cifar10,0.03,3,base.layers.2.mixer,0.913238
40,0,1,vim_tiny,cifar10,0.03,4,base.layers.3.mixer,0.842532
40,0,1,vim_tiny,cifar10,0.03,5,base.layers.4.mixer,0.863751
40,0,1,vim_tiny,cifar10,0.03,6,base.layers.5.mixer,0.929873
40,0,1,vim_tiny,cifar10,0.03,7,base.layers.6.mixer,0.891019
40,0,1,vim_tiny,cifar10,0.03,8,base.layers.7.mixer,0.655442
40,0,1,vim_tiny,cifar10,0.03,9,base.layers.8.mixer,0.375002
40,0,1,vim_tiny,cifar10,0.03,10,base.layers.9.mixer,0.804464
40,0,1,vim_tiny,cifar10,0.03,11,base.layers.10.mixer,0.712641
40,0,1,vim_tiny,cifar10,0.03,12,base.layers.11.mixer,0.571235
40,0,1,vim_tiny,cifar10,0.03,13,classifier,0.066409
40,0,2,vim_tiny,cifar10,0.03,0,base.patch_embed,0.988127
40,0,2,vim_tiny,cifar10,0.03,1,base.layers.0.mixer,0.804049
40,0,2,vim_tiny,cifar10,0.03,2,base.layers.1.mixer,0.988753
40,0,2,vim_tiny,cifar10,0.03,3,base.layers.2.mixer,0.892512
40,0,2,vim_tiny,cifar10,0.03,4,base.layers.3.mixer,0.923565
40,0,2,vim_tiny,cifar10,0.03,5,base.layers.4.mixer,0.510390
40,0,2,vim_tiny,cifar10,0.03,6,base.layers.5.mixer,0.942418
40,0,2,vim_tiny,cifar10,0.03,7,base.layers.6.mixer,0.821436
40,0,2,vim_tiny,cifar10,0.03,8,base.layers.7.mixer,0.466487
40,0,2,vim_tiny,cifar10,0.03,9,base.layers.8.mixer,0.692819
40,0,2,vim_tiny,cifar10,0.03,10,base.layers.9.mixer,0.704075
40,0,2,vim_tiny,cifar10,0.03,11,base.layers.10.mixer,0.727018
40,0,2,vim_tiny,cifar10,0.03,12,base.layers.11.mixer,0.665357
40,0,2,vim_tiny,cifar10,0.03,13,classifier,0.213121
40,0,3,vim_tiny,cifar10,0.03,0,base.patch_embed,0.992442
40,0,3,vim_tiny,cifar10,0.03,1,base.layers.0.mixer,0.571602
40,0,3,vim_tiny,cifar10,0.03,2,base.layers.1.mixer,0.958449
40,0,3,vim_tiny,cifar10,0.03,3,base.layers.2.mixer,0.859184
40,0,3,vim_tiny,cifar10,0.03,4,base.layers.3.mixer,0.922983
40,0,3,vim_tiny,cifar10,0.03,5,base.layers.4.mixer,0.684434
40,0,3,vim_tiny,cifar10,0.03,6,base.layers.5.mixer,0.889970
40,0,3,vim_tiny,cifar10,0.03,7,base.layers.6.mixer,0.956901
40,0,3,vim_tiny,cifar10,0.03,8,base.layers.7.mixer,0.462271
40,0,3,vim_tiny,cifar10,0.03,9,base.layers.8.mixer,0.457201
40,0,3,vim_tiny,cifar10,0.03,10,base.layers.9.mixer,0.384779
40,0,3,vim_tiny,cifar10,0.03,11,base.layers.10.mixer,0.740785
40,0,3,vim_tiny,cifar10,0.03,12,base.layers.11.mixer,0.752016
40,0,3,vim_tiny,cifar10,0.03,13,classifier,0.051173
40,0,4,vim_tiny,cifar10,0.03,0,base.patch_embed,0.958371
40,0,4,vim_tiny,cifar10,0.03,1,base.layers.0.mixer,0.390493
40,0,4,vim_tiny,cifar10,0.03,2,base.layers.1.mixer,0.914293
40,0,4,vim_tiny,cifar10,0.03,3,base.layers.2.mixer,0.903937
40,0,4,vim_tiny,cifar10,0.03,4,base.layers.3.mixer,0.952963
40,0,4,vim_tiny,cifar10,0.03,5,base.layers.4.mixer,0.383950
40,0,4,vim_tiny,cifar10,0.03,6,base.layers.5.mixer,0.893203
40,0,4,vim_tiny,cifar10,0.03,7,base.layers.6.mixer,0.828576
40,0,4,vim_tiny,cifar10,0.03,8,base.layers.7.mixer,0.547241
40,0,4,vim_tiny,cifar10,0.03,9,base.layers.8.mixer,0.505595
40,0,4,vim_tiny,cifar10,0.03,10,base.layers.9.mixer,0.440893
40,0,4,vim_tiny,cifar10,0.03,11,base.layers.10.mixer,0.546504
40,0,4,vim_tiny,cifar10,0.03,12,base.layers.11.mixer,0.440460
40,0,4,vim_tiny,cifar10,0.03,13,classifier,0.139502
40,0,5,vim_tiny,cifar10,0.03,0,base.patch_embed,0.970616
40,0,5,vim_tiny,cifar10,0.03,1,base.layers.0.mixer,0.578290
40,0,5,vim_tiny,cifar10,0.03,2,base.layers.1.mixer,0.933166
40,0,5,vim_tiny,cifar10,0.03,3,base.layers.2.mixer,0.824107
40,0,5,vim_tiny,cifar10,0.03,4,base.layers.3.mixer,0.562413
40,0,5,vim_tiny,cifar10,0.03,5,base.layers.4.mixer,0.533886
40,0,5,vim_tiny,cifar10,0.03,6,base.layers.5.mixer,0.929139
40,0,5,vim_tiny,cifar10,0.03,7,base.layers.6.mixer,0.738729
40,0,5,vim_tiny,cifar10,0.03,8,base.layers.7.mixer,0.591252
40,0,5,vim_tiny,cifar10,0.03,9,base.layers.8.mixer,0.043082
40,0,5,vim_tiny,cifar10,0.03,10,base.layers.9.mixer,0.417874
40,0,5,vim_tiny,cifar10,0.03,11,base.layers.10.mixer,0.681385
40,0,5,vim_tiny,cifar10,0.03,12,base.layers.11.mixer,0.653152
40,0,5,vim_tiny,cifar10,0.03,13,classifier,0.044559
40,0,6,vim_tiny,cifar10,0.03,0,base.patch_embed,0.994656
40,0,6,vim_tiny,cifar10,0.03,1,base.layers.0.mixer,0.672851
40,0,6,vim_tiny,cifar10,0.03,2,base.layers.1.mixer,0.987918
40,0,6,vim_tiny,cifar10,0.03,3,base.layers.2.mixer,0.883939
40,0,6,vim_tiny,cifar10,0.03,4,base.layers.3.mixer,0.921762
40,0,6,vim_tiny,cifar10,0.03,5,base.layers.4.mixer,0.855778
40,0,6,vim_tiny,cifar10,0.03,6,base.layers.5.mixer,0.932049
40,0,6,vim_tiny,cifar10,0.03,7,base.layers.6.mixer,0.920278
40,0,6,vim_tiny,cifar10,0.03,8,base.layers.7.mixer,0.567806
40,0,6,vim_tiny,cifar10,0.03,9,base.layers.8.mixer,0.521507
40,0,6,vim_tiny,cifar10,0.03,10,base.layers.9.mixer,0.472170
40,0,6,vim_tiny,cifar10,0.03,11,base.layers.10.mixer,0.822686
40,0,6,vim_tiny,cifar10,0.03,12,base.layers.11.mixer,0.885516
40,0,6,vim_tiny,cifar10,0.03,13,classifier,0.098377
40,0,7,vim_tiny,cifar10,0.03,0,base.patch_embed,0.993261
40,0,7,vim_tiny,cifar10,0.03,1,base.layers.0.mixer,0.518162
40,0,7,vim_tiny,cifar10,0.03,2,base.layers.1.mixer,0.838761
40,0,7,vim_tiny,cifar10,0.03,3,base.layers.2.mixer,0.903407
40,0,7,vim_tiny,cifar10,0.03,4,base.layers.3.mixer,0.525105
40,0,7,vim_tiny,cifar10,0.03,5,base.layers.4.mixer,0.625937
40,0,7,vim_tiny,cifar10,0.03,6,base.layers.5.mixer,0.931337
40,0,7,vim_tiny,cifar10,0.03,7,base.layers.6.mixer,0.929740
40,0,7,vim_tiny,cifar10,0.03,8,base.layers.7.mixer,0.513507
40,0,7,vim_tiny,cifar10,0.03,9,base.layers.8.mixer,0.212503
40,0,7,vim_tiny,cifar10,0.03,10,base.layers.9.mixer,0.743767
40,0,7,vim_tiny,cifar10,0.03,11,base.layers.10.mixer,0.667332
40,0,7,vim_tiny,cifar10,0.03,12,base.layers.11.mixer,0.734581
40,0,7,vim_tiny,cifar10,0.03,13,classifier,0.080133
40,0,8,vim_tiny,cifar10,0.03,0,base.patch_embed,0.996763
40,0,8,vim_tiny,cifar10,0.03,1,base.layers.0.mixer,0.592696
40,0,8,vim_tiny,cifar10,0.03,2,base.layers.1.mixer,0.982712
40,0,8,vim_tiny,cifar10,0.03,3,base.layers.2.mixer,0.876363
40,0,8,vim_tiny,cifar10,0.03,4,base.layers.3.mixer,0.889917
40,0,8,vim_tiny,cifar10,0.03,5,base.layers.4.mixer,0.673473
40,0,8,vim_tiny,cifar10,0.03,6,base.layers.5.mixer,0.956059
40,0,8,vim_tiny,cifar10,0.03,7,base.layers.6.mixer,0.909077
40,0,8,vim_tiny,cifar10,0.03,8,base.layers.7.mixer,0.830897
40,0,8,vim_tiny,cifar10,0.03,9,base.layers.8.mixer,0.661355
40,0,8,vim_tiny,cifar10,0.03,10,base.layers.9.mixer,0.760703
40,0,8,vim_tiny,cifar10,0.03,11,base.layers.10.mixer,0.832854
40,0,8,vim_tiny,cifar10,0.03,12,base.layers.11.mixer,0.859019
40,0,8,vim_tiny,cifar10,0.03,13,classifier,0.105634
40,0,9,vim_tiny,cifar10,0.03,0,base.patch_embed,0.977694
40,0,9,vim_tiny,cifar10,0.03,1,base.layers.0.mixer,0.335718
40,0,9,vim_tiny,cifar10,0.03,2,base.layers.1.mixer,0.933560
40,0,9,vim_tiny,cifar10,0.03,3,base.layers.2.mixer,0.889202
40,0,9,vim_tiny,cifar10,0.03,4,base.layers.3.mixer,0.770379
40,0,9,vim_tiny,cifar10,0.03,5,base.layers.4.mixer,0.492261
40,0,9,vim_tiny,cifar10,0.03,6,base.layers.5.mixer,0.780605
40,0,9,vim_tiny,cifar10,0.03,7,base.layers.6.mixer,0.568953
40,0,9,vim_tiny,cifar10,0.03,8,base.layers.7.mixer,0.662504
40,0,9,vim_tiny,cifar10,0.03,9,base.layers.8.mixer,0.373679
40,0,9,vim_tiny,cifar10,0.03,10,base.layers.9.mixer,0.582687
40,0,9,vim_tiny,cifar10,0.03,11,base.layers.10.mixer,0.581118
40,0,9,vim_tiny,cifar10,0.03,12,base.layers.11.mixer,0.495248
40,0,9,vim_tiny,cifar10,0.03,13,classifier,0.050123
40,1,2,vim_tiny,cifar10,0.03,0,base.patch_embed,0.995218
40,1,2,vim_tiny,cifar10,0.03,1,base.layers.0.mixer,0.920149
40,1,2,vim_tiny,cifar10,0.03,2,base.layers.1.mixer,0.942138
40,1,2,vim_tiny,cifar10,0.03,3,base.layers.2.mixer,0.978306
40,1,2,vim_tiny,cifar10,0.03,4,base.layers.3.mixer,0.960324
40,1,2,vim_tiny,cifar10,0.03,5,base.layers.4.mixer,0.741949
40,1,2,vim_tiny,cifar10,0.03,6,base.layers.5.mixer,0.882850
40,1,2,vim_tiny,cifar10,0.03,7,base.layers.6.mixer,0.863279
40,1,2,vim_tiny,cifar10,0.03,8,base.layers.7.mixer,0.263581
40,1,2,vim_tiny,cifar10,0.03,9,base.layers.8.mixer,0.260406
40,1,2,vim_tiny,cifar10,0.03,10,base.layers.9.mixer,0.847346
40,1,2,vim_tiny,cifar10,0.03,11,base.layers.10.mixer,0.764562
40,1,2,vim_tiny,cifar10,0.03,12,base.layers.11.mixer,0.542522
40,1,2,vim_tiny,cifar10,0.03,13,classifier,0.160620
40,1,3,vim_tiny,cifar10,0.03,0,base.patch_embed,0.999229
40,1,3,vim_tiny,cifar10,0.03,1,base.layers.0.mixer,0.972405
40,1,3,vim_tiny,cifar10,0.03,2,base.layers.1.mixer,0.990209
40,1,3,vim_tiny,cifar10,0.03,3,base.layers.2.mixer,0.986951
40,1,3,vim_tiny,cifar10,0.03,4,base.layers.3.mixer,0.948514
40,1,3,vim_tiny,cifar10,0.03,5,base.layers.4.mixer,0.875194
40,1,3,vim_tiny,cifar10,0.03,6,base.layers.5.mixer,0.953122
40,1,3,vim_tiny,cifar10,0.03,7,base.layers.6.mixer,0.961415
40,1,3,vim_tiny,cifar10,0.03,8,base.layers.7.mixer,0.395268
40,1,3,vim_tiny,cifar10,0.03,9,base.layers.8.mixer,0.218409
40,1,3,vim_tiny,cifar10,0.03,10,base.layers.9.mixer,0.462342
40,1,3,vim_tiny,cifar10,0.03,11,base.layers.10.mixer,0.923634
40,1,3,vim_tiny,cifar10,0.03,12,base.layers.11.mixer,0.865772
40,1,3,vim_tiny,cifar10,0.03,13,classifier,0.291866
40,1,4,vim_tiny,cifar10,0.03,0,base.patch_embed,0.965582
40,1,4,vim_tiny,cifar10,0.03,1,base.layers.0.mixer,0.758629
40,1,4,vim_tiny,cifar10,0.03,2,base.layers.1.mixer,0.838679
40,1,4,vim_tiny,cifar10,0.03,3,base.layers.2.mixer,0.969059
40,1,4,vim_tiny,cifar10,0.03,4,base.layers.3.mixer,0.899925
40,1,4,vim_tiny,cifar10,0.03,5,base.layers.4.mixer,0.608156
40,1,4,vim_tiny,cifar10,0.03,6,base.layers.5.mixer,0.847993
40,1,4,vim_tiny,cifar10,0.03,7,base.layers.6.mixer,0.866454
40,1,4,vim_tiny,cifar10,0.03,8,base.layers.7.mixer,0.703928
40,1,4,vim_tiny,cifar10,0.03,9,base.layers.8.mixer,0.278934
40,1,4,vim_tiny,cifar10,0.03,10,base.layers.9.mixer,0.701638
40,1,4,vim_tiny,cifar10,0.03,11,base.layers.10.mixer,0.631746
40,1,4,vim_tiny,cifar10,0.03,12,base.layers.11.mixer,0.498723
40,1,4,vim_tiny,cifar10,0.03,13,classifier,0.250223
40,1,5,vim_tiny,cifar10,0.03,0,base.patch_embed,0.986127
40,1,5,vim_tiny,cifar10,0.03,1,base.layers.0.mixer,0.963169
40,1,5,vim_tiny,cifar10,0.03,2,base.layers.1.mixer,0.979228
40,1,5,vim_tiny,cifar10,0.03,3,base.layers.2.mixer,0.951366
40,1,5,vim_tiny,cifar10,0.03,4,base.layers.3.mixer,0.859168
40,1,5,vim_tiny,cifar10,0.03,5,base.layers.4.mixer,0.793151
40,1,5,vim_tiny,cifar10,0.03,6,base.layers.5.mixer,0.851638
40,1,5,vim_tiny,cifar10,0.03,7,base.layers.6.mixer,0.870897
40,1,5,vim_tiny,cifar10,0.03,8,base.layers.7.mixer,0.596582
40,1,5,vim_tiny,cifar10,0.03,9,base.layers.8.mixer,0.113033
40,1,5,vim_tiny,cifar10,0.03,10,base.layers.9.mixer,0.596777
40,1,5,vim_tiny,cifar10,0.03,11,base.layers.10.mixer,0.550545
40,1,5,vim_tiny,cifar10,0.03,12,base.layers.11.mixer,0.675986
40,1,5,vim_tiny,cifar10,0.03,13,classifier,0.137922
40,1,6,vim_tiny,cifar10,0.03,0,base.patch_embed,0.984104
40,1,6,vim_tiny,cifar10,0.03,1,base.layers.0.mixer,0.985710
40,1,6,vim_tiny,cifar10,0.03,2,base.layers.1.mixer,0.963947
40,1,6,vim_tiny,cifar10,0.03,3,base.layers.2.mixer,0.991949
40,1,6,vim_tiny,cifar10,0.03,4,base.layers.3.mixer,0.973182
40,1,6,vim_tiny,cifar10,0.03,5,base.layers.4.mixer,0.897356
40,1,6,vim_tiny,cifar10,0.03,6,base.layers.5.mixer,0.901756
40,1,6,vim_tiny,cifar10,0.03,7,base.layers.6.mixer,0.990316
40,1,6,vim_tiny,cifar10,0.03,8,base.layers.7.mixer,0.340502
40,1,6,vim_tiny,cifar10,0.03,9,base.layers.8.mixer,0.244862
40,1,6,vim_tiny,cifar10,0.03,10,base.layers.9.mixer,0.525532
40,1,6,vim_tiny,cifar10,0.03,11,base.layers.10.mixer,0.905992
40,1,6,vim_tiny,cifar10,0.03,12,base.layers.11.mixer,0.623764
40,1,6,vim_tiny,cifar10,0.03,13,classifier,0.262335
40,1,7,vim_tiny,cifar10,0.03,0,base.patch_embed,0.993028
40,1,7,vim_tiny,cifar10,0.03,1,base.layers.0.mixer,0.916034
40,1,7,vim_tiny,cifar10,0.03,2,base.layers.1.mixer,0.735086
40,1,7,vim_tiny,cifar10,0.03,3,base.layers.2.mixer,0.988530
40,1,7,vim_tiny,cifar10,0.03,4,base.layers.3.mixer,0.481464
40,1,7,vim_tiny,cifar10,0.03,5,base.layers.4.mixer,0.857709
40,1,7,vim_tiny,cifar10,0.03,6,base.layers.5.mixer,0.844354
40,1,7,vim_tiny,cifar10,0.03,7,base.layers.6.mixer,0.851662
40,1,7,vim_tiny,cifar10,0.03,8,base.layers.7.mixer,0.387712
40,1,7,vim_tiny,cifar10,0.03,9,base.layers.8.mixer,0.118497
40,1,7,vim_tiny,cifar10,0.03,10,base.layers.9.mixer,0.759527
40,1,7,vim_tiny,cifar10,0.03,11,base.layers.10.mixer,0.576479
40,1,7,vim_tiny,cifar10,0.03,12,base.layers.11.mixer,0.715728
40,1,7,vim_tiny,cifar10,0.03,13,classifier,0.298526
40,1,8,vim_tiny,cifar10,0.03,0,base.patch_embed,0.996507
40,1,8,vim_tiny,cifar10,0.03,1,base.layers.0.mixer,0.966469
40,1,8,vim_tiny,cifar10,0.03,2,base.layers.1.mixer,0.925500
40,1,8,vim_tiny,cifar10,0.03,3,base.layers.2.mixer,0.990637
40,1,8,vim_tiny,cifar10,0.03,4,base.layers.3.mixer,0.973240
40,1,8,vim_tiny,cifar10,0.03,5,base.layers.4.mixer,0.862873
40,1,8,vim_tiny,cifar10,0.03,6,base.layers.5.mixer,0.906674
40,1,8,vim_tiny,cifar10,0.03,7,base.layers.6.mixer,0.931883
40,1,8,vim_tiny,cifar10,0.03,8,base.layers.7.mixer,0.684351
40,1,8,vim_tiny,cifar10,0.03,9,base.layers.8.mixer,0.331159
40,1,8,vim_tiny,cifar10,0.03,10,base.layers.9.mixer,0.908187
40,1,8,vim_tiny,cifar10,0.03,11,base.layers.10.mixer,0.893500
40,1,8,vim_tiny,cifar10,0.03,12,base.layers.11.mixer,0.714940
40,1,8,vim_tiny,cifar10,0.03,13,classifier,0.482248
40,1,9,vim_tiny,cifar10,0.03,0,base.patch_embed,0.982453
40,1,9,vim_tiny,cifar10,0.03,1,base.layers.0.mixer,0.766058
40,1,9,vim_tiny,cifar10,0.03,2,base.layers.1.mixer,0.848752
40,1,9,vim_tiny,cifar10,0.03,3,base.layers.2.mixer,0.927703
40,1,9,vim_tiny,cifar10,0.03,4,base.layers.3.mixer,0.906178
40,1,9,vim_tiny,cifar10,0.03,5,base.layers.4.mixer,0.748434
40,1,9,vim_tiny,cifar10,0.03,6,base.layers.5.mixer,0.656861
40,1,9,vim_tiny,cifar10,0.03,7,base.layers.6.mixer,0.600087
40,1,9,vim_tiny,cifar10,0.03,8,base.layers.7.mixer,0.577609
40,1,9,vim_tiny,cifar10,0.03,9,base.layers.8.mixer,0.216954
40,1,9,vim_tiny,cifar10,0.03,10,base.layers.9.mixer,0.660729
40,1,9,vim_tiny,cifar10,0.03,11,base.layers.10.mixer,0.539838
40,1,9,vim_tiny,cifar10,0.03,12,base.layers.11.mixer,0.815722
40,1,9,vim_tiny,cifar10,0.03,13,classifier,0.120763
40,2,3,vim_tiny,cifar10,0.03,0,base.patch_embed,0.997777
40,2,3,vim_tiny,cifar10,0.03,1,base.layers.0.mixer,0.853299
40,2,3,vim_tiny,cifar10,0.03,2,base.layers.1.mixer,0.936382
40,2,3,vim_tiny,cifar10,0.03,3,base.layers.2.mixer,0.983746
40,2,3,vim_tiny,cifar10,0.03,4,base.layers.3.mixer,0.977287
40,2,3,vim_tiny,cifar10,0.03,5,base.layers.4.mixer,0.933221
40,2,3,vim_tiny,cifar10,0.03,6,base.layers.5.mixer,0.889438
40,2,3,vim_tiny,cifar10,0.03,7,base.layers.6.mixer,0.855003
40,2,3,vim_tiny,cifar10,0.03,8,base.layers.7.mixer,0.862322
40,2,3,vim_tiny,cifar10,0.03,9,base.layers.8.mixer,0.488301
40,2,3,vim_tiny,cifar10,0.03,10,base.layers.9.mixer,0.512397
40,2,3,vim_tiny,cifar10,0.03,11,base.layers.10.mixer,0.857266
40,2,3,vim_tiny,cifar10,0.03,12,base.layers.11.mixer,0.729211
40,2,3,vim_tiny,cifar10,0.03,13,classifier,0.239457
40,2,4,vim_tiny,cifar10,0.03,0,base.patch_embed,0.982625
40,2,4,vim_tiny,cifar10,0.03,1,base.layers.0.mixer,0.646527
40,2,4,vim_tiny,cifar10,0.03,2,base.layers.1.mixer,0.956661
40,2,4,vim_tiny,cifar10,0.03,3,base.layers.2.mixer,0.986333
40,2,4,vim_tiny,cifar10,0.03,4,base.layers.3.mixer,0.950688
40,2,4,vim_tiny,cifar10,0.03,5,base.layers.4.mixer,0.930487
40,2,4,vim_tiny,cifar10,0.03,6,base.layers.5.mixer,0.963350
40,2,4,vim_tiny,cifar10,0.03,7,base.layers.6.mixer,0.925708
40,2,4,vim_tiny,cifar10,0.03,8,base.layers.7.mixer,0.490353
40,2,4,vim_tiny,cifar10,0.03,9,base.layers.8.mixer,0.493212
40,2,4,vim_tiny,cifar10,0.03,10,base.layers.9.mixer,0.801861
40,2,4,vim_tiny,cifar10,0.03,11,base.layers.10.mixer,0.851297
40,2,4,vim_tiny,cifar10,0.03,12,base.layers.11.mixer,0.884283
40,2,4,vim_tiny,cifar10,0.03,13,classifier,0.315357
40,2,5,vim_tiny,cifar10,0.03,0,base.patch_embed,0.978709
40,2,5,vim_tiny,cifar10,0.03,1,base.layers.0.mixer,0.868802
40,2,5,vim_tiny,cifar10,0.03,2,base.layers.1.mixer,0.896936
40,2,5,vim_tiny,cifar10,0.03,3,base.layers.2.mixer,0.970572
40,2,5,vim_tiny,cifar10,0.03,4,base.layers.3.mixer,0.791000
40,2,5,vim_tiny,cifar10,0.03,5,base.layers.4.mixer,0.903743
40,2,5,vim_tiny,cifar10,0.03,6,base.layers.5.mixer,0.980424
40,2,5,vim_tiny,cifar10,0.03,7,base.layers.6.mixer,0.876517
40,2,5,vim_tiny,cifar10,0.03,8,base.layers.7.mixer,0.130916
40,2,5,vim_tiny,cifar10,0.03,9,base.layers.8.mixer,0.083846
40,2,5,vim_tiny,cifar10,0.03,10,base.layers.9.mixer,0.750400
40,2,5,vim_tiny,cifar10,0.03,11,base.layers.10.mixer,0.484216
40,2,5,vim_tiny,cifar10,0.03,12,base.layers.11.mixer,0.661649
40,2,5,vim_tiny,cifar10,0.03,13,classifier,0.218602
40,2,6,vim_tiny,cifar10,0.03,0,base.patch_embed,0.971626
40,2,6,vim_tiny,cifar10,0.03,1,base.layers.0.mixer,0.943126
40,2,6,vim_tiny,cifar10,0.03,2,base.layers.1.mixer,0.989123
40,2,6,vim_tiny,cifar10,0.03,3,base.layers.2.mixer,0.966210
40,2,6,vim_tiny,cifar10,0.03,4,base.layers.3.mixer,0.976320
40,2,6,vim_tiny,cifar10,0.03,5,base.layers.4.mixer,0.807988
40,2,6,vim_tiny,cifar10,0.03,6,base.layers.5.mixer,0.979311
40,2,6,vim_tiny,cifar10,0.03,7,base.layers.6.mixer,0.873188
40,2,6,vim_tiny,cifar10,0.03,8,base.layers.7.mixer,0.941899
40,2,6,vim_tiny,cifar10,0.03,9,base.layers.8.mixer,0.483077
40,2,6,vim_tiny,cifar10,0.03,10,base.layers.9.mixer,0.509985
40,2,6,vim_tiny,cifar10,0.03,11,base.layers.10.mixer,0.816047
40,2,6,vim_tiny,cifar10,0.03,12,base.layers.11.mixer,0.837530
40,2,6,vim_tiny,cifar10,0.03,13,classifier,0.212341
40,2,7,vim_tiny,cifar10,0.03,0,base.patch_embed,0.993796
40,2,7,vim_tiny,cifar10,0.03,1,base.layers.0.mixer,0.800253
40,2,7,vim_tiny,cifar10,0.03,2,base.layers.1.mixer,0.896609
40,2,7,vim_tiny,cifar10,0.03,3,base.layers.2.mixer,0.973808
40,2,7,vim_tiny,cifar10,0.03,4,base.layers.3.mixer,0.556344
40,2,7,vim_tiny,cifar10,0.03,5,base.layers.4.mixer,0.892325
40,2,7,vim_tiny,cifar10,0.03,6,base.layers.5.mixer,0.923937
40,2,7,vim_tiny,cifar10,0.03,7,base.layers.6.mixer,0.852110
40,2,7,vim_tiny,cifar10,0.03,8,base.layers.7.mixer,0.079716
40,2,7,vim_tiny,cifar10,0.03,9,base.layers.8.mixer,0.331282
40,2,7,vim_tiny,cifar10,0.03,10,base.layers.9.mixer,0.724497
40,2,7,vim_tiny,cifar10,0.03,11,base.layers.10.mixer,0.559370
40,2,7,vim_tiny,cifar10,0.03,12,base.layers.11.mixer,0.561367
40,2,7,vim_tiny,cifar10,0.03,13,classifier,0.248906
40,2,8,vim_tiny,cifar10,0.03,0,base.patch_embed,0.992494
40,2,8,vim_tiny,cifar10,0.03,1,base.layers.0.mixer,0.884564
40,2,8,vim_tiny,cifar10,0.03,2,base.layers.1.mixer,0.996188
40,2,8,vim_tiny,cifar10,0.03,3,base.layers.2.mixer,0.988709
40,2,8,vim_tiny,cifar10,0.03,4,base.layers.3.mixer,0.988303
40,2,8,vim_tiny,cifar10,0.03,5,base.layers.4.mixer,0.959682
40,2,8,vim_tiny,cifar10,0.03,6,base.layers.5.mixer,0.980435
40,2,8,vim_tiny,cifar10,0.03,7,base.layers.6.mixer,0.923940
40,2,8,vim_tiny,cifar10,0.03,8,base.layers.7.mixer,0.694787
40,2,8,vim_tiny,cifar10,0.03,9,base.layers.8.mixer,0.677923
40,2,8,vim_tiny,cifar10,0.03,10,base.layers.9.mixer,0.884017
40,2,8,vim_tiny,cifar10,0.03,11,base.layers.10.mixer,0.875135
40,2,8,vim_tiny,cifar10,0.03,12,base.layers.11.mixer,0.787747
40,2,8,vim_tiny,cifar10,0.03,13,classifier,0.325255
40,2,9,vim_tiny,cifar10,0.03,0,base.patch_embed,0.993206
40,2,9,vim_tiny,cifar10,0.03,1,base.layers.0.mixer,0.620071
40,2,9,vim_tiny,cifar10,0.03,2,base.layers.1.mixer,0.968333
40,2,9,vim_tiny,cifar10,0.03,3,base.layers.2.mixer,0.919044
40,2,9,vim_tiny,cifar10,0.03,4,base.layers.3.mixer,0.912153
40,2,9,vim_tiny,cifar10,0.03,5,base.layers.4.mixer,0.847824
40,2,9,vim_tiny,cifar10,0.03,6,base.layers.5.mixer,0.876583
40,2,9,vim_tiny,cifar10,0.03,7,base.layers.6.mixer,0.825797
40,2,9,vim_tiny,cifar10,0.03,8,base.layers.7.mixer,0.311008
40,2,9,vim_tiny,cifar10,0.03,9,base.layers.8.mixer,0.552781
40,2,9,vim_tiny,cifar10,0.03,10,base.layers.9.mixer,0.657160
40,2,9,vim_tiny,cifar10,0.03,11,base.layers.10.mixer,0.432158
40,2,9,vim_tiny,cifar10,0.03,12,base.layers.11.mixer,0.387266
40,2,9,vim_tiny,cifar10,0.03,13,classifier,0.217293
40,3,4,vim_tiny,cifar10,0.03,0,base.patch_embed,0.972328
40,3,4,vim_tiny,cifar10,0.03,1,base.layers.0.mixer,0.849428
40,3,4,vim_tiny,cifar10,0.03,2,base.layers.1.mixer,0.837067
40,3,4,vim_tiny,cifar10,0.03,3,base.layers.2.mixer,0.962013
40,3,4,vim_tiny,cifar10,0.03,4,base.layers.3.mixer,0.964703
40,3,4,vim_tiny,cifar10,0.03,5,base.layers.4.mixer,0.837939
40,3,4,vim_tiny,cifar10,0.03,6,base.layers.5.mixer,0.835259
40,3,4,vim_tiny,cifar10,0.03,7,base.layers.6.mixer,0.897699
40,3,4,vim_tiny,cifar10,0.03,8,base.layers.7.mixer,0.590455
40,3,4,vim_tiny,cifar10,0.03,9,base.layers.8.mixer,0.579674
40,3,4,vim_tiny,cifar10,0.03,10,base.layers.9.mixer,0.532199
40,3,4,vim_tiny,cifar10,0.03,11,base.layers.10.mixer,0.752068
40,3,4,vim_tiny,cifar10,0.03,12,base.layers.11.mixer,0.629517
40,3,4,vim_tiny,cifar10,0.03,13,classifier,0.171681
40,3,5,vim_tiny,cifar10,0.03,0,base.patch_embed,0.984837
40,3,5,vim_tiny,cifar10,0.03,1,base.layers.0.mixer,0.964717
40,3,5,vim_tiny,cifar10,0.03,2,base.layers.1.mixer,0.981344
40,3,5,vim_tiny,cifar10,0.03,3,base.layers.2.mixer,0.976115
40,3,5,vim_tiny,cifar10,0.03,4,base.layers.3.mixer,0.732217
40,3,5,vim_tiny,cifar10,0.03,5,base.layers.4.mixer,0.856705
40,3,5,vim_tiny,cifar10,0.03,6,base.layers.5.mixer,0.838259
40,3,5,vim_tiny,cifar10,0.03,7,base.layers.6.mixer,0.847862
40,3,5,vim_tiny,cifar10,0.03,8,base.layers.7.mixer,0.212387
40,3,5,vim_tiny,cifar10,0.03,9,base.layers.8.mixer,0.119294
40,3,5,vim_tiny,cifar10,0.03,10,base.layers.9.mixer,0.427773
40,3,5,vim_tiny,cifar10,0.03,11,base.layers.10.mixer,0.552521
40,3,5,vim_tiny,cifar10,0.03,12,base.layers.11.mixer,0.765286
40,3,5,vim_tiny,cifar10,0.03,13,classifier,0.230314
40,3,6,vim_tiny,cifar10,0.03,0,base.patch_embed,0.981903
40,3,6,vim_tiny,cifar10,0.03,1,base.layers.0.mixer,0.952186
40,3,6,vim_tiny,cifar10,0.03,2,base.layers.1.mixer,0.966212
40,3,6,vim_tiny,cifar10,0.03,3,base.layers.2.mixer,0.989506
40,3,6,vim_tiny,cifar10,0.03,4,base.layers.3.mixer,0.980661
40,3,6,vim_tiny,cifar10,0.03,5,base.layers.4.mixer,0.925836
40,3,6,vim_tiny,cifar10,0.03,6,base.layers.5.mixer,0.933884
40,3,6,vim_tiny,cifar10,0.03,7,base.layers.6.mixer,0.982057
40,3,6,vim_tiny,cifar10,0.03,8,base.layers.7.mixer,0.793608
40,3,6,vim_tiny,cifar10,0.03,9,base.layers.8.mixer,0.906731
40,3,6,vim_tiny,cifar10,0.03,10,base.layers.9.mixer,0.933144
40,3,6,vim_tiny,cifar10,0.03,11,base.layers.10.mixer,0.943615
40,3,6,vim_tiny,cifar10,0.03,12,base.layers.11.mixer,0.876092
40,3,6,vim_tiny,cifar10,0.03,13,classifier,0.498056
40,3,7,vim_tiny,cifar10,0.03,0,base.patch_embed,0.994342
40,3,7,vim_tiny,cifar10,0.03,1,base.layers.0.mixer,0.953651
40,3,7,vim_tiny,cifar10,0.03,2,base.layers.1.mixer,0.739461
40,3,7,vim_tiny,cifar10,0.03,3,base.layers.2.mixer,0.977607
40,3,7,vim_tiny,cifar10,0.03,4,base.layers.3.mixer,0.492057
40,3,7,vim_tiny,cifar10,0.03,5,base.layers.4.mixer,0.894266
40,3,7,vim_tiny,cifar10,0.03,6,base.layers.5.mixer,0.769186
40,3,7,vim_tiny,cifar10,0.03,7,base.layers.6.mixer,0.917990
40,3,7,vim_tiny,cifar10,0.03,8,base.layers.7.mixer,0.111270
40,3,7,vim_tiny,cifar10,0.03,9,base.layers.8.mixer,0.157295
40,3,7,vim_tiny,cifar10,0.03,10,base.layers.9.mixer,0.366494
40,3,7,vim_tiny,cifar10,0.03,11,base.layers.10.mixer,0.574735
40,3,7,vim_tiny,cifar10,0.03,12,base.layers.11.mixer,0.750700
40,3,7,vim_tiny,cifar10,0.03,13,classifier,0.387626
40,3,8,vim_tiny,cifar10,0.03,0,base.patch_embed,0.996362
40,3,8,vim_tiny,cifar10,0.03,1,base.layers.0.mixer,0.976266
40,3,8,vim_tiny,cifar10,0.03,2,base.layers.1.mixer,0.916556
40,3,8,vim_tiny,cifar10,0.03,3,base.layers.2.mixer,0.998103
40,3,8,vim_tiny,cifar10,0.03,4,base.layers.3.mixer,0.976155
40,3,8,vim_tiny,cifar10,0.03,5,base.layers.4.mixer,0.958311
40,3,8,vim_tiny,cifar10,0.03,6,base.layers.5.mixer,0.872739
40,3,8,vim_tiny,cifar10,0.03,7,base.layers.6.mixer,0.955898
40,3,8,vim_tiny,cifar10,0.03,8,base.layers.7.mixer,0.762097
40,3,8,vim_tiny,cifar10,0.03,9,base.layers.8.mixer,0.689881
40,3,8,vim_tiny,cifar10,0.03,10,base.layers.9.mixer,0.559724
40,3,8,vim_tiny,cifar10,0.03,11,base.layers.10.mixer,0.912518
40,3,8,vim_tiny,cifar10,0.03,12,base.layers.11.mixer,0.868468
40,3,8,vim_tiny,cifar10,0.03,13,classifier,0.544813
40,3,9,vim_tiny,cifar10,0.03,0,base.patch_embed,0.987380
40,3,9,vim_tiny,cifar10,0.03,1,base.layers.0.mixer,0.847898
40,3,9,vim_tiny,cifar10,0.03,2,base.layers.1.mixer,0.838831
40,3,9,vim_tiny,cifar10,0.03,3,base.layers.2.mixer,0.903083
40,3,9,vim_tiny,cifar10,0.03,4,base.layers.3.mixer,0.909455
40,3,9,vim_tiny,cifar10,0.03,5,base.layers.4.mixer,0.818479
40,3,9,vim_tiny,cifar10,0.03,6,base.layers.5.mixer,0.637225
40,3,9,vim_tiny,cifar10,0.03,7,base.layers.6.mixer,0.621170
40,3,9,vim_tiny,cifar10,0.03,8,base.layers.7.mixer,0.399903
40,3,9,vim_tiny,cifar10,0.03,9,base.layers.8.mixer,0.299477
40,3,9,vim_tiny,cifar10,0.03,10,base.layers.9.mixer,0.280067
40,3,9,vim_tiny,cifar10,0.03,11,base.layers.10.mixer,0.506732
40,3,9,vim_tiny,cifar10,0.03,12,base.layers.11.mixer,0.672644
40,3,9,vim_tiny,cifar10,0.03,13,classifier,0.183711
40,4,5,vim_tiny,cifar10,0.03,0,base.patch_embed,0.950271
40,4,5,vim_tiny,cifar10,0.03,1,base.layers.0.mixer,0.862170
40,4,5,vim_tiny,cifar10,0.03,2,base.layers.1.mixer,0.764649
40,4,5,vim_tiny,cifar10,0.03,3,base.layers.2.mixer,0.949877
40,4,5,vim_tiny,cifar10,0.03,4,base.layers.3.mixer,0.618463
40,4,5,vim_tiny,cifar10,0.03,5,base.layers.4.mixer,0.759197
40,4,5,vim_tiny,cifar10,0.03,6,base.layers.5.mixer,0.957331
40,4,5,vim_tiny,cifar10,0.03,7,base.layers.6.mixer,0.904685
40,4,5,vim_tiny,cifar10,0.03,8,base.layers.7.mixer,0.540912
40,4,5,vim_tiny,cifar10,0.03,9,base.layers.8.mixer,0.100344
40,4,5,vim_tiny,cifar10,0.03,10,base.layers.9.mixer,0.780052
40,4,5,vim_tiny,cifar10,0.03,11,base.layers.10.mixer,0.392073
40,4,5,vim_tiny,cifar10,0.03,12,base.layers.11.mixer,0.535133
40,4,5,vim_tiny,cifar10,0.03,13,classifier,0.250259
40,4,6,vim_tiny,cifar10,0.03,0,base.patch_embed,0.932289
40,4,6,vim_tiny,cifar10,0.03,1,base.layers.0.mixer,0.740784
40,4,6,vim_tiny,cifar10,0.03,2,base.layers.1.mixer,0.927424
40,4,6,vim_tiny,cifar10,0.03,3,base.layers.2.mixer,0.948874
40,4,6,vim_tiny,cifar10,0.03,4,base.layers.3.mixer,0.958975
40,4,6,vim_tiny,cifar10,0.03,5,base.layers.4.mixer,0.720200
40,4,6,vim_tiny,cifar10,0.03,6,base.layers.5.mixer,0.954043
40,4,6,vim_tiny,cifar10,0.03,7,base.layers.6.mixer,0.886419
40,4,6,vim_tiny,cifar10,0.03,8,base.layers.7.mixer,0.453984
40,4,6,vim_tiny,cifar10,0.03,9,base.layers.8.mixer,0.589304
40,4,6,vim_tiny,cifar10,0.03,10,base.layers.9.mixer,0.461200
40,4,6,vim_tiny,cifar10,0.03,11,base.layers.10.mixer,0.658974
40,4,6,vim_tiny,cifar10,0.03,12,base.layers.11.mixer,0.655790
40,4,6,vim_tiny,cifar10,0.03,13,classifier,0.090341
40,4,7,vim_tiny,cifar10,0.03,0,base.patch_embed,0.963680
40,4,7,vim_tiny,cifar10,0.03,1,base.layers.0.mixer,0.916802
40,4,7,vim_tiny,cifar10,0.03,2,base.layers.1.mixer,0.953299
40,4,7,vim_tiny,cifar10,0.03,3,base.layers.2.mixer,0.965864
40,4,7,vim_tiny,cifar10,0.03,4,base.layers.3.mixer,0.457672
40,4,7,vim_tiny,cifar10,0.03,5,base.layers.4.mixer,0.777429
40,4,7,vim_tiny,cifar10,0.03,6,base.layers.5.mixer,0.920305
40,4,7,vim_tiny,cifar10,0.03,7,base.layers.6.mixer,0.898285
40,4,7,vim_tiny,cifar10,0.03,8,base.layers.7.mixer,0.384764
40,4,7,vim_tiny,cifar10,0.03,9,base.layers.8.mixer,0.397021
40,4,7,vim_tiny,cifar10,0.03,10,base.layers.9.mixer,0.416126
40,4,7,vim_tiny,cifar10,0.03,11,base.layers.10.mixer,0.388804
40,4,7,vim_tiny,cifar10,0.03,12,base.layers.11.mixer,0.399611
40,4,7,vim_tiny,cifar10,0.03,13,classifier,0.287109
40,4,8,vim_tiny,cifar10,0.03,0,base.patch_embed,0.957092
40,4,8,vim_tiny,cifar10,0.03,1,base.layers.0.mixer,0.874727
40,4,8,vim_tiny,cifar10,0.03,2,base.layers.1.mixer,0.963952
40,4,8,vim_tiny,cifar10,0.03,3,base.layers.2.mixer,0.970848
40,4,8,vim_tiny,cifar10,0.03,4,base.layers.3.mixer,0.921279
40,4,8,vim_tiny,cifar10,0.03,5,base.layers.4.mixer,0.836393
40,4,8,vim_tiny,cifar10,0.03,6,base.layers.5.mixer,0.969347
40,4,8,vim_tiny,cifar10,0.03,7,base.layers.6.mixer,0.943212
40,4,8,vim_tiny,cifar10,0.03,8,base.layers.7.mixer,0.743824
40,4,8,vim_tiny,cifar10,0.03,9,base.layers.8.mixer,0.530011
40,4,8,vim_tiny,cifar10,0.03,10,base.layers.9.mixer,0.768124
40,4,8,vim_tiny,cifar10,0.03,11,base.layers.10.mixer,0.692292
40,4,8,vim_tiny,cifar10,0.03,12,base.layers.11.mixer,0.573302
40,4,8,vim_tiny,cifar10,0.03,13,classifier,0.267207
40,4,9,vim_tiny,cifar10,0.03,0,base.patch_embed,0.996026
40,4,9,vim_tiny,cifar10,0.03,1,base.layers.0.mixer,0.971609
40,4,9,vim_tiny,cifar10,0.03,2,base.layers.1.mixer,0.987124
40,4,9,vim_tiny,cifar10,0.03,3,base.layers.2.mixer,0.950655
40,4,9,vim_tiny,cifar10,0.03,4,base.layers.3.mixer,0.817625
40,4,9,vim_tiny,cifar10,0.03,5,base.layers.4.mixer,0.881358
40,4,9,vim_tiny,cifar10,0.03,6,base.layers.5.mixer,0.897287
40,4,9,vim_tiny,cifar10,0.03,7,base.layers.6.mixer,0.834023
40,4,9,vim_tiny,cifar10,0.03,8,base.layers.7.mixer,0.699526
40,4,9,vim_tiny,cifar10,0.03,9,base.layers.8.mixer,0.433730
40,4,9,vim_tiny,cifar10,0.03,10,base.layers.9.mixer,0.446483
40,4,9,vim_tiny,cifar10,0.03,11,base.layers.10.mixer,0.289922
40,4,9,vim_tiny,cifar10,0.03,12,base.layers.11.mixer,0.319838
40,4,9,vim_tiny,cifar10,0.03,13,classifier,0.155038
40,5,6,vim_tiny,cifar10,0.03,0,base.patch_embed,0.967397
40,5,6,vim_tiny,cifar10,0.03,1,base.layers.0.mixer,0.958971
40,5,6,vim_tiny,cifar10,0.03,2,base.layers.1.mixer,0.930373
40,5,6,vim_tiny,cifar10,0.03,3,base.layers.2.mixer,0.953259
40,5,6,vim_tiny,cifar10,0.03,4,base.layers.3.mixer,0.764107
40,5,6,vim_tiny,cifar10,0.03,5,base.layers.4.mixer,0.719462
40,5,6,vim_tiny,cifar10,0.03,6,base.layers.5.mixer,0.960634
40,5,6,vim_tiny,cifar10,0.03,7,base.layers.6.mixer,0.886796
40,5,6,vim_tiny,cifar10,0.03,8,base.layers.7.mixer,0.130742
40,5,6,vim_tiny,cifar10,0.03,9,base.layers.8.mixer,0.149367
40,5,6,vim_tiny,cifar10,0.03,10,base.layers.9.mixer,0.372963
40,5,6,vim_tiny,cifar10,0.03,11,base.layers.10.mixer,0.589577
40,5,6,vim_tiny,cifar10,0.03,12,base.layers.11.mixer,0.736861
40,5,6,vim_tiny,cifar10,0.03,13,classifier,0.122620
40,5,7,vim_tiny,cifar10,0.03,0,base.patch_embed,0.963134
40,5,7,vim_tiny,cifar10,0.03,1,base.layers.0.mixer,0.958968
40,5,7,vim_tiny,cifar10,0.03,2,base.layers.1.mixer,0.658421
40,5,7,vim_tiny,cifar10,0.03,3,base.layers.2.mixer,0.947950
40,5,7,vim_tiny,cifar10,0.03,4,base.layers.3.mixer,0.507346
40,5,7,vim_tiny,cifar10,0.03,5,base.layers.4.mixer,0.934849
40,5,7,vim_tiny,cifar10,0.03,6,base.layers.5.mixer,0.931716
40,5,7,vim_tiny,cifar10,0.03,7,base.layers.6.mixer,0.794627
40,5,7,vim_tiny,cifar10,0.03,8,base.layers.7.mixer,0.786778
40,5,7,vim_tiny,cifar10,0.03,9,base.layers.8.mixer,0.287415
40,5,7,vim_tiny,cifar10,0.03,10,base.layers.9.mixer,0.377945
40,5,7,vim_tiny,cifar10,0.03,11,base.layers.10.mixer,0.534699
40,5,7,vim_tiny,cifar10,0.03,12,base.layers.11.mixer,0.604514
40,5,7,vim_tiny,cifar10,0.03,13,classifier,0.340641
40,5,8,vim_tiny,cifar10,0.03,0,base.patch_embed,0.973487
40,5,8,vim_tiny,cifar10,0.03,1,base.layers.0.mixer,0.989977
40,5,8,vim_tiny,cifar10,0.03,2,base.layers.1.mixer,0.873076
40,5,8,vim_tiny,cifar10,0.03,3,base.layers.2.mixer,0.977565
40,5,8,vim_tiny,cifar10,0.03,4,base.layers.3.mixer,0.839846
40,5,8,vim_tiny,cifar10,0.03,5,base.layers.4.mixer,0.925939
40,5,8,vim_tiny,cifar10,0.03,6,base.layers.5.mixer,0.977680
40,5,8,vim_tiny,cifar10,0.03,7,base.layers.6.mixer,0.931608
40,5,8,vim_tiny,cifar10,0.03,8,base.layers.7.mixer,0.562084
40,5,8,vim_tiny,cifar10,0.03,9,base.layers.8.mixer,0.235659
40,5,8,vim_tiny,cifar10,0.03,10,base.layers.9.mixer,0.742181
40,5,8,vim_tiny,cifar10,0.03,11,base.layers.10.mixer,0.565267
40,5,8,vim_tiny,cifar10,0.03,12,base.layers.11.mixer,0.724341
40,5,8,vim_tiny,cifar10,0.03,13,classifier,0.311548
40,5,9,vim_tiny,cifar10,0.03,0,base.patch_embed,0.970168
40,5,9,vim_tiny,cifar10,0.03,1,base.layers.0.mixer,0.883300
40,5,9,vim_tiny,cifar10,0.03,2,base.layers.1.mixer,0.783913
40,5,9,vim_tiny,cifar10,0.03,3,base.layers.2.mixer,0.906938
40,5,9,vim_tiny,cifar10,0.03,4,base.layers.3.mixer,0.835395
40,5,9,vim_tiny,cifar10,0.03,5,base.layers.4.mixer,0.799309
40,5,9,vim_tiny,cifar10,0.03,6,base.layers.5.mixer,0.881336
40,5,9,vim_tiny,cifar10,0.03,7,base.layers.6.mixer,0.822402
40,5,9,vim_tiny,cifar10,0.03,8,base.layers.7.mixer,0.840609
40,5,9,vim_tiny,cifar10,0.03,9,base.layers.8.mixer,0.349152
40,5,9,vim_tiny,cifar10,0.03,10,base.layers.9.mixer,0.602805
40,5,9,vim_tiny,cifar10,0.03,11,base.layers.10.mixer,0.503678
40,5,9,vim_tiny,cifar10,0.03,12,base.layers.11.mixer,0.511372
40,5,9,vim_tiny,cifar10,0.03,13,classifier,0.238542
40,6,7,vim_tiny,cifar10,0.03,0,base.patch_embed,0.980394
40,6,7,vim_tiny,cifar10,0.03,1,base.layers.0.mixer,0.901250
40,6,7,vim_tiny,cifar10,0.03,2,base.layers.1.mixer,0.866496
40,6,7,vim_tiny,cifar10,0.03,3,base.layers.2.mixer,0.976648
40,6,7,vim_tiny,cifar10,0.03,4,base.layers.3.mixer,0.468253
40,6,7,vim_tiny,cifar10,0.03,5,base.layers.4.mixer,0.819844
40,6,7,vim_tiny,cifar10,0.03,6,base.layers.5.mixer,0.888715
40,6,7,vim_tiny,cifar10,0.03,7,base.layers.6.mixer,0.882590
40,6,7,vim_tiny,cifar10,0.03,8,base.layers.7.mixer,0.069102
40,6,7,vim_tiny,cifar10,0.03,9,base.layers.8.mixer,0.169960
40,6,7,vim_tiny,cifar10,0.03,10,base.layers.9.mixer,0.450542
40,6,7,vim_tiny,cifar10,0.03,11,base.layers.10.mixer,0.547119
40,6,7,vim_tiny,cifar10,0.03,12,base.layers.11.mixer,0.722353
40,6,7,vim_tiny,cifar10,0.03,13,classifier,0.314448
40,6,8,vim_tiny,cifar10,0.03,0,base.patch_embed,0.988924
40,6,8,vim_tiny,cifar10,0.03,1,base.layers.0.mixer,0.967314
40,6,8,vim_tiny,cifar10,0.03,2,base.layers.1.mixer,0.982598
40,6,8,vim_tiny,cifar10,0.03,3,base.layers.2.mixer,0.989990
40,6,8,vim_tiny,cifar10,0.03,4,base.layers.3.mixer,0.975393
40,6,8,vim_tiny,cifar10,0.03,5,base.layers.4.mixer,0.893367
40,6,8,vim_tiny,cifar10,0.03,6,base.layers.5.mixer,0.965856
40,6,8,vim_tiny,cifar10,0.03,7,base.layers.6.mixer,0.958123
40,6,8,vim_tiny,cifar10,0.03,8,base.layers.7.mixer,0.721653
40,6,8,vim_tiny,cifar10,0.03,9,base.layers.8.mixer,0.803971
40,6,8,vim_tiny,cifar10,0.03,10,base.layers.9.mixer,0.617961
40,6,8,vim_tiny,cifar10,0.03,11,base.layers.10.mixer,0.929406
40,6,8,vim_tiny,cifar10,0.03,12,base.layers.11.mixer,0.924341
40,6,8,vim_tiny,cifar10,0.03,13,classifier,0.441897
40,6,9,vim_tiny,cifar10,0.03,0,base.patch_embed,0.958667
40,6,9,vim_tiny,cifar10,0.03,1,base.layers.0.mixer,0.748359
40,6,9,vim_tiny,cifar10,0.03,2,base.layers.1.mixer,0.934291
40,6,9,vim_tiny,cifar10,0.03,3,base.layers.2.mixer,0.908591
40,6,9,vim_tiny,cifar10,0.03,4,base.layers.3.mixer,0.886887
40,6,9,vim_tiny,cifar10,0.03,5,base.layers.4.mixer,0.736578
40,6,9,vim_tiny,cifar10,0.03,6,base.layers.5.mixer,0.829681
40,6,9,vim_tiny,cifar10,0.03,7,base.layers.6.mixer,0.633408
40,6,9,vim_tiny,cifar10,0.03,8,base.layers.7.mixer,0.303222
40,6,9,vim_tiny,cifar10,0.03,9,base.layers.8.mixer,0.358528
40,6,9,vim_tiny,cifar10,0.03,10,base.layers.9.mixer,0.333624
40,6,9,vim_tiny,cifar10,0.03,11,base.layers.10.mixer,0.479993
40,6,9,vim_tiny,cifar10,0.03,12,base.layers.11.mixer,0.490640
40,6,9,vim_tiny,cifar10,0.03,13,classifier,0.254131
40,7,8,vim_tiny,cifar10,0.03,0,base.patch_embed,0.997989
40,7,8,vim_tiny,cifar10,0.03,1,base.layers.0.mixer,0.966979
40,7,8,vim_tiny,cifar10,0.03,2,base.layers.1.mixer,0.911199
40,7,8,vim_tiny,cifar10,0.03,3,base.layers.2.mixer,0.984109
40,7,8,vim_tiny,cifar10,0.03,4,base.layers.3.mixer,0.569497
40,7,8,vim_tiny,cifar10,0.03,5,base.layers.4.mixer,0.950455
40,7,8,vim_tiny,cifar10,0.03,6,base.layers.5.mixer,0.965926
40,7,8,vim_tiny,cifar10,0.03,7,base.layers.6.mixer,0.927942
40,7,8,vim_tiny,cifar10,0.03,8,base.layers.7.mixer,0.390680
40,7,8,vim_tiny,cifar10,0.03,9,base.layers.8.mixer,0.404849
40,7,8,vim_tiny,cifar10,0.03,10,base.layers.9.mixer,0.724984
40,7,8,vim_tiny,cifar10,0.03,11,base.layers.10.mixer,0.724713
40,7,8,vim_tiny,cifar10,0.03,12,base.layers.11.mixer,0.895249
40,7,8,vim_tiny,cifar10,0.03,13,classifier,0.563456
40,7,9,vim_tiny,cifar10,0.03,0,base.patch_embed,0.979092
40,7,9,vim_tiny,cifar10,0.03,1,base.layers.0.mixer,0.909398
40,7,9,vim_tiny,cifar10,0.03,2,base.layers.1.mixer,0.938556
40,7,9,vim_tiny,cifar10,0.03,3,base.layers.2.mixer,0.931175
40,7,9,vim_tiny,cifar10,0.03,4,base.layers.3.mixer,0.485722
40,7,9,vim_tiny,cifar10,0.03,5,base.layers.4.mixer,0.874291
40,7,9,vim_tiny,cifar10,0.03,6,base.layers.5.mixer,0.888349
40,7,9,vim_tiny,cifar10,0.03,7,base.layers.6.mixer,0.713727
40,7,9,vim_tiny,cifar10,0.03,8,base.layers.7.mixer,0.725242
40,7,9,vim_tiny,cifar10,0.03,9,base.layers.8.mixer,0.420932
40,7,9,vim_tiny,cifar10,0.03,10,base.layers.9.mixer,0.684751
40,7,9,vim_tiny,cifar10,0.03,11,base.layers.10.mixer,0.895852
40,7,9,vim_tiny,cifar10,0.03,12,base.layers.11.mixer,0.840100
40,7,9,vim_tiny,cifar10,0.03,13,classifier,0.393569
40,8,9,vim_tiny,cifar10,0.03,0,base.patch_embed,0.976402
40,8,9,vim_tiny,cifar10,0.03,1,base.layers.0.mixer,0.885280
40,8,9,vim_tiny,cifar10,0.03,2,base.layers.1.mixer,0.978834
40,8,9,vim_tiny,cifar10,0.03,3,base.layers.2.mixer,0.920506
40,8,9,vim_tiny,cifar10,0.03,4,base.layers.3.mixer,0.932043
40,8,9,vim_tiny,cifar10,0.03,5,base.layers.4.mixer,0.827555
40,8,9,vim_tiny,cifar10,0.03,6,base.layers.5.mixer,0.876893
40,8,9,vim_tiny,cifar10,0.03,7,base.layers.6.mixer,0.802394
40,8,9,vim_tiny,cifar10,0.03,8,base.layers.7.mixer,0.730202
40,8,9,vim_tiny,cifar10,0.03,9,base.layers.8.mixer,0.575856
40,8,9,vim_tiny,cifar10,0.03,10,base.layers.9.mixer,0.725304
40,8,9,vim_tiny,cifar10,0.03,11,base.layers.10.mixer,0.633826
40,8,9,vim_tiny,cifar10,0.03,12,base.layers.11.mixer,0.674884
40,8,9,vim_tiny,cifar10,0.03,13,classifier,0.307784
50,0,1,vim_tiny,cifar10,0.03,0,base.patch_embed,0.992158
50,0,1,vim_tiny,cifar10,0.03,1,base.layers.0.mixer,0.870947
50,0,1,vim_tiny,cifar10,0.03,2,base.layers.1.mixer,0.900275
50,0,1,vim_tiny,cifar10,0.03,3,base.layers.2.mixer,0.954360
50,0,1,vim_tiny,cifar10,0.03,4,base.layers.3.mixer,0.969880
50,0,1,vim_tiny,cifar10,0.03,5,base.layers.4.mixer,0.915252
50,0,1,vim_tiny,cifar10,0.03,6,base.layers.5.mixer,0.847571
50,0,1,vim_tiny,cifar10,0.03,7,base.layers.6.mixer,0.938929
50,0,1,vim_tiny,cifar10,0.03,8,base.layers.7.mixer,0.066711
50,0,1,vim_tiny,cifar10,0.03,9,base.layers.8.mixer,0.609410
50,0,1,vim_tiny,cifar10,0.03,10,base.layers.9.mixer,0.839482
50,0,1,vim_tiny,cifar10,0.03,11,base.layers.10.mixer,0.305387
50,0,1,vim_tiny,cifar10,0.03,12,base.layers.11.mixer,0.409852
50,0,1,vim_tiny,cifar10,0.03,13,classifier,0.118260
50,0,2,vim_tiny,cifar10,0.03,0,base.patch_embed,0.990930
50,0,2,vim_tiny,cifar10,0.03,1,base.layers.0.mixer,0.558100
50,0,2,vim_tiny,cifar10,0.03,2,base.layers.1.mixer,0.984283
50,0,2,vim_tiny,cifar10,0.03,3,base.layers.2.mixer,0.982782
50,0,2,vim_tiny,cifar10,0.03,4,base.layers.3.mixer,0.974763
50,0,2,vim_tiny,cifar10,0.03,5,base.layers.4.mixer,0.944505
50,0,2,vim_tiny,cifar10,0.03,6,base.layers.5.mixer,0.917100
50,0,2,vim_tiny,cifar10,0.03,7,base.layers.6.mixer,0.918075
50,0,2,vim_tiny,cifar10,0.03,8,base.layers.7.mixer,0.703567
50,0,2,vim_tiny,cifar10,0.03,9,base.layers.8.mixer,0.721740
50,0,2,vim_tiny,cifar10,0.03,10,base.layers.9.mixer,0.583602
50,0,2,vim_tiny,cifar10,0.03,11,base.layers.10.mixer,0.732351
50,0,2,vim_tiny,cifar10,0.03,12,base.layers.11.mixer,0.608148
50,0,2,vim_tiny,cifar10,0.03,13,classifier,0.063380
50,0,3,vim_tiny,cifar10,0.03,0,base.patch_embed,0.986075
50,0,3,vim_tiny,cifar10,0.03,1,base.layers.0.mixer,0.861945
50,0,3,vim_tiny,cifar10,0.03,2,base.layers.1.mixer,0.986587
50,0,3,vim_tiny,cifar10,0.03,3,base.layers.2.mixer,0.990566
50,0,3,vim_tiny,cifar10,0.03,4,base.layers.3.mixer,0.968293
50,0,3,vim_tiny,cifar10,0.03,5,base.layers.4.mixer,0.892952
50,0,3,vim_tiny,cifar10,0.03,6,base.layers.5.mixer,0.885406
50,0,3,vim_tiny,cifar10,0.03,7,base.layers.6.mixer,0.926237
50,0,3,vim_tiny,cifar10,0.03,8,base.layers.7.mixer,0.928809
50,0,3,vim_tiny,cifar10,0.03,9,base.layers.8.mixer,0.506075
50,0,3,vim_tiny,cifar10,0.03,10,base.layers.9.mixer,0.756369
50,0,3,vim_tiny,cifar10,0.03,11,base.layers.10.mixer,0.643103
50,0,3,vim_tiny,cifar10,0.03,12,base.layers.11.mixer,0.732269
50,0,3,vim_tiny,cifar10,0.03,13,classifier,0.053425
50,0,4,vim_tiny,cifar10,0.03,0,base.patch_embed,0.957210
50,0,4,vim_tiny,cifar10,0.03,1,base.layers.0.mixer,0.935925
50,0,4,vim_tiny,cifar10,0.03,2,base.layers.1.mixer,0.956232
50,0,4,vim_tiny,cifar10,0.03,3,base.layers.2.mixer,0.972664
50,0,4,vim_tiny,cifar10,0.03,4,base.layers.3.mixer,0.947136
50,0,4,vim_tiny,cifar10,0.03,5,base.layers.4.mixer,0.869647
50,0,4,vim_tiny,cifar10,0.03,6,base.layers.5.mixer,0.738054
50,0,4,vim_tiny,cifar10,0.03,7,base.layers.6.mixer,0.893444
50,0,4,vim_tiny,cifar10,0.03,8,base.layers.7.mixer,0.368155
50,0,4,vim_tiny,cifar10,0.03,9,base.layers.8.mixer,0.705254
50,0,4,vim_tiny,cifar10,0.03,10,base.layers.9.mixer,0.750670
50,0,4,vim_tiny,cifar10,0.03,11,base.layers.10.mixer,0.449157
50,0,4,vim_tiny,cifar10,0.03,12,base.layers.11.mixer,0.639248
50,0,4,vim_tiny,cifar10,0.03,13,classifier,0.072091
50,0,5,vim_tiny,cifar10,0.03,0,base.patch_embed,0.950115
50,0,5,vim_tiny,cifar10,0.03,1,base.layers.0.mixer,0.972797
50,0,5,vim_tiny,cifar10,0.03,2,base.layers.1.mixer,0.718566
50,0,5,vim_tiny,cifar10,0.03,3,base.layers.2.mixer,0.890335
50,0,5,vim_tiny,cifar10,0.03,4,base.layers.3.mixer,0.747009
50,0,5,vim_tiny,cifar10,0.03,5,base.layers.4.mixer,0.684255
50,0,5,vim_tiny,cifar10,0.03,6,base.layers.5.mixer,0.741463
50,0,5,vim_tiny,cifar10,0.03,7,base.layers.6.mixer,0.773277
50,0,5,vim_tiny,cifar10,0.03,8,base.layers.7.mixer,0.083694
50,0,5,vim_tiny,cifar10,0.03,9,base.layers.8.mixer,0.307105
50,0,5,vim_tiny,cifar10,0.03,10,base.layers.9.mixer,0.098165
50,0,5,vim_tiny,cifar10,0.03,11,base.layers.10.mixer,0.541189
50,0,5,vim_tiny,cifar10,0.03,12,base.layers.11.mixer,0.764061
50,0,5,vim_tiny,cifar10,0.03,13,classifier,0.079335
50,0,6,vim_tiny,cifar10,0.03,0,base.patch_embed,0.992632
50,0,6,vim_tiny,cifar10,0.03,1,base.layers.0.mixer,0.870756
50,0,6,vim_tiny,cifar10,0.03,2,base.layers.1.mixer,0.976772
50,0,6,vim_tiny,cifar10,0.03,3,base.layers.2.mixer,0.980377
50,0,6,vim_tiny,cifar10,0.03,4,base.layers.3.mixer,0.985610
50,0,6,vim_tiny,cifar10,0.03,5,base.layers.4.mixer,0.951029
50,0,6,vim_tiny,cifar10,0.03,6,base.layers.5.mixer,0.783087
50,0,6,vim_tiny,cifar10,0.03,7,base.layers.6.mixer,0.949103
50,0,6,vim_tiny,cifar10,0.03,8,base.layers.7.mixer,0.935547
50,0,6,vim_tiny,cifar10,0.03,9,base.layers.8.mixer,0.413849
50,0,6,vim_tiny,cifar10,0.03,10,base.layers.9.mixer,0.677906
50,0,6,vim_tiny,cifar10,0.03,11,base.layers.10.mixer,0.826629
50,0,6,vim_tiny,cifar10,0.03,12,base.layers.11.mixer,0.898035
50,0,6,vim_tiny,cifar10,0.03,13,classifier,0.324863
50,0,7,vim_tiny,cifar10,0.03,0,base.patch_embed,0.996501
50,0,7,vim_tiny,cifar10,0.03,1,base.layers.0.mixer,0.627224
50,0,7,vim_tiny,cifar10,0.03,2,base.layers.1.mixer,0.957131
50,0,7,vim_tiny,cifar10,0.03,3,base.layers.2.mixer,0.756055
50,0,7,vim_tiny,cifar10,0.03,4,base.layers.3.mixer,0.959482
50,0,7,vim_tiny,cifar10,0.03,5,base.layers.4.mixer,0.842685
50,0,7,vim_tiny,cifar10,0.03,6,base.layers.5.mixer,0.702044
50,0,7,vim_tiny,cifar10,0.03,7,base.layers.6.mixer,0.298194
50,0,7,vim_tiny,cifar10,0.03,8,base.layers.7.mixer,0.210256
50,0,7,vim_tiny,cifar10,0.03,9,base.layers.8.mixer,0.262630
50,0,7,vim_tiny,cifar10,0.03,10,base.layers.9.mixer,0.637458
50,0,7,vim_tiny,cifar10,0.03,11,base.layers.10.mixer,0.310603
50,0,7,vim_tiny,cifar10,0.03,12,base.layers.11.mixer,0.392614
50,0,7,vim_tiny,cifar10,0.03,13,classifier,0.069412
50,0,8,vim_tiny,cifar10,0.03,0,base.patch_embed,0.995518
50,0,8,vim_tiny,cifar10,0.03,1,base.layers.0.mixer,0.881399
50,0,8,vim_tiny,cifar10,0.03,2,base.layers.1.mixer,0.994395
50,0,8,vim_tiny,cifar10,0.03,3,base.layers.2.mixer,0.978721
50,0,8,vim_tiny,cifar10,0.03,4,base.layers.3.mixer,0.963172
50,0,8,vim_tiny,cifar10,0.03,5,base.layers.4.mixer,0.865982
50,0,8,vim_tiny,cifar10,0.03,6,base.layers.5.mixer,0.806861
50,0,8,vim_tiny,cifar10,0.03,7,base.layers.6.mixer,0.839305
50,0,8,vim_tiny,cifar10,0.03,8,base.layers.7.mixer,0.469927
50,0,8,vim_tiny,cifar10,0.03,9,base.layers.8.mixer,0.522646
50,0,8,vim_tiny,cifar10,0.03,10,base.layers.9.mixer,0.759209
50,0,8,vim_tiny,cifar10,0.03,11,base.layers.10.mixer,0.582133
50,0,8,vim_tiny,cifar10,0.03,12,base.layers.11.mixer,0.670108
50,0,8,vim_tiny,cifar10,0.03,13,classifier,0.140090
50,0,9,vim_tiny,cifar10,0.03,0,base.patch_embed,0.969383
50,0,9,vim_tiny,cifar10,0.03,1,base.layers.0.mixer,0.805730
50,0,9,vim_tiny,cifar10,0.03,2,base.layers.1.mixer,0.901576
50,0,9,vim_tiny,cifar10,0.03,3,base.layers.2.mixer,0.952216
50,0,9,vim_tiny,cifar10,0.03,4,base.layers.3.mixer,0.806066
50,0,9,vim_tiny,cifar10,0.03,5,base.layers.4.mixer,0.696908
50,0,9,vim_tiny,cifar10,0.03,6,base.layers.5.mixer,0.654732
50,0,9,vim_tiny,cifar10,0.03,7,base.layers.6.mixer,0.142303
50,0,9,vim_tiny,cifar10,0.03,8,base.layers.7.mixer,0.200431
50,0,9,vim_tiny,cifar10,0.03,9,base.layers.8.mixer,0.316428
50,0,9,vim_tiny,cifar10,0.03,10,base.layers.9.mixer,0.386438
50,0,9,vim_tiny,cifar10,0.03,11,base.layers.10.mixer,0.144960
50,0,9,vim_tiny,cifar10,0.03,12,base.layers.11.mixer,0.254467
50,0,9,vim_tiny,cifar10,0.03,13,classifier,0.105414
50,1,2,vim_tiny,cifar10,0.03,0,base.patch_embed,0.985047
50,1,2,vim_tiny,cifar10,0.03,1,base.layers.0.mixer,0.523885
50,1,2,vim_tiny,cifar10,0.03,2,base.layers.1.mixer,0.932615
50,1,2,vim_tiny,cifar10,0.03,3,base.layers.2.mixer,0.934789
50,1,2,vim_tiny,cifar10,0.03,4,base.layers.3.mixer,0.979186
50,1,2,vim_tiny,cifar10,0.03,5,base.layers.4.mixer,0.943897
50,1,2,vim_tiny,cifar10,0.03,6,base.layers.5.mixer,0.854006
50,1,2,vim_tiny,cifar10,0.03,7,base.layers.6.mixer,0.946128
50,1,2,vim_tiny,cifar10,0.03,8,base.layers.7.mixer,0.289257
50,1,2,vim_tiny,cifar10,0.03,9,base.layers.8.mixer,0.838610
50,1,2,vim_tiny,cifar10,0.03,10,base.layers.9.mixer,0.564482
50,1,2,vim_tiny,cifar10,0.03,11,base.layers.10.mixer,0.658544
50,1,2,vim_tiny,cifar10,0.03,12,base.layers.11.mixer,0.749515
50,1,2,vim_tiny,cifar10,0.03,13,classifier,0.176386
50,1,3,vim_tiny,cifar10,0.03,0,base.patch_embed,0.997119
50,1,3,vim_tiny,cifar10,0.03,1,base.layers.0.mixer,0.963953
50,1,3,vim_tiny,cifar10,0.03,2,base.layers.1.mixer,0.896716
50,1,3,vim_tiny,cifar10,0.03,3,base.layers.2.mixer,0.962814
50,1,3,vim_tiny,cifar10,0.03,4,base.layers.3.mixer,0.982881
50,1,3,vim_tiny,cifar10,0.03,5,base.layers.4.mixer,0.834876
50,1,3,vim_tiny,cifar10,0.03,6,base.layers.5.mixer,0.888447
50,1,3,vim_tiny,cifar10,0.03,7,base.layers.6.mixer,0.934001
50,1,3,vim_tiny,cifar10,0.03,8,base.layers.7.mixer,0.113803
50,1,3,vim_tiny,cifar10,0.03,9,base.layers.8.mixer,0.652247
50,1,3,vim_tiny,cifar10,0.03,10,base.layers.9.mixer,0.563497
50,1,3,vim_tiny,cifar10,0.03,11,base.layers.10.mixer,0.202147
50,1,3,vim_tiny,cifar10,0.03,12,base.layers.11.mixer,0.468652
50,1,3,vim_tiny,cifar10,0.03,13,classifier,0.257147
50,1,4,vim_tiny,cifar10,0.03,0,base.patch_embed,0.981678
50,1,4,vim_tiny,cifar10,0.03,1,base.layers.0.mixer,0.974601
50,1,4,vim_tiny,cifar10,0.03,2,base.layers.1.mixer,0.835264
50,1,4,vim_tiny,cifar10,0.03,3,base.layers.2.mixer,0.946343
50,1,4,vim_tiny,cifar10,0.03,4,base.layers.3.mixer,0.976375
50,1,4,vim_tiny,cifar10,0.03,5,base.layers.4.mixer,0.827175
50,1,4,vim_tiny,cifar10,0.03,6,base.layers.5.mixer,0.814104
50,1,4,vim_tiny,cifar10,0.03,7,base.layers.6.mixer,0.896874
50,1,4,vim_tiny,cifar10,0.03,8,base.layers.7.mixer,0.635093
50,1,4,vim_tiny,cifar10,0.03,9,base.layers.8.mixer,0.578836
50,1,4,vim_tiny,cifar10,0.03,10,base.layers.9.mixer,0.827385
50,1,4,vim_tiny,cifar10,0.03,11,base.layers.10.mixer,0.223212
50,1,4,vim_tiny,cifar10,0.03,12,base.layers.11.mixer,0.341585
50,1,4,vim_tiny,cifar10,0.03,13,classifier,0.248531
50,1,5,vim_tiny,cifar10,0.03,0,base.patch_embed,0.960136
50,1,5,vim_tiny,cifar10,0.03,1,base.layers.0.mixer,0.890117
50,1,5,vim_tiny,cifar10,0.03,2,base.layers.1.mixer,0.811907
50,1,5,vim_tiny,cifar10,0.03,3,base.layers.2.mixer,0.956094
50,1,5,vim_tiny,cifar10,0.03,4,base.layers.3.mixer,0.723150
50,1,5,vim_tiny,cifar10,0.03,5,base.layers.4.mixer,0.792123
50,1,5,vim_tiny,cifar10,0.03,6,base.layers.5.mixer,0.820326
50,1,5,vim_tiny,cifar10,0.03,7,base.layers.6.mixer,0.795266
50,1,5,vim_tiny,cifar10,0.03,8,base.layers.7.mixer,0.465789
50,1,5,vim_tiny,cifar10,0.03,9,base.layers.8.mixer,0.250511
50,1,5,vim_tiny,cifar10,0.03,10,base.layers.9.mixer,0.043166
50,1,5,vim_tiny,cifar10,0.03,11,base.layers.10.mixer,0.473754
50,1,5,vim_tiny,cifar10,0.03,12,base.layers.11.mixer,0.565068
50,1,5,vim_tiny,cifar10,0.03,13,classifier,0.160913
50,1,6,vim_tiny,cifar10,0.03,0,base.patch_embed,0.996263
50,1,6,vim_tiny,cifar10,0.03,1,base.layers.0.mixer,0.971134
50,1,6,vim_tiny,cifar10,0.03,2,base.layers.1.mixer,0.934378
50,1,6,vim_tiny,cifar10,0.03,3,base.layers.2.mixer,0.985904
50,1,6,vim_tiny,cifar10,0.03,4,base.layers.3.mixer,0.976582
50,1,6,vim_tiny,cifar10,0.03,5,base.layers.4.mixer,0.930067
50,1,6,vim_tiny,cifar10,0.03,6,base.layers.5.mixer,0.892313
50,1,6,vim_tiny,cifar10,0.03,7,base.layers.6.mixer,0.974319
50,1,6,vim_tiny,cifar10,0.03,8,base.layers.7.mixer,0.077810
50,1,6,vim_tiny,cifar10,0.03,9,base.layers.8.mixer,0.580672
50,1,6,vim_tiny,cifar10,0.03,10,base.layers.9.mixer,0.464293
50,1,6,vim_tiny,cifar10,0.03,11,base.layers.10.mixer,0.500949
50,1,6,vim_tiny,cifar10,0.03,12,base.layers.11.mixer,0.487842
50,1,6,vim_tiny,cifar10,0.03,13,classifier,0.341356
50,1,7,vim_tiny,cifar10,0.03,0,base.patch_embed,0.997611
50,1,7,vim_tiny,cifar10,0.03,1,base.layers.0.mixer,0.820683
50,1,7,vim_tiny,cifar10,0.03,2,base.layers.1.mixer,0.821221
50,1,7,vim_tiny,cifar10,0.03,3,base.layers.2.mixer,0.794330
50,1,7,vim_tiny,cifar10,0.03,4,base.layers.3.mixer,0.953513
50,1,7,vim_tiny,cifar10,0.03,5,base.layers.4.mixer,0.870758
50,1,7,vim_tiny,cifar10,0.03,6,base.layers.5.mixer,0.840403
50,1,7,vim_tiny,cifar10,0.03,7,base.layers.6.mixer,0.279407
50,1,7,vim_tiny,cifar10,0.03,8,base.layers.7.mixer,0.332910
50,1,7,vim_tiny,cifar10,0.03,9,base.layers.8.mixer,0.314148
50,1,7,vim_tiny,cifar10,0.03,10,base.layers.9.mixer,0.630113
50,1,7,vim_tiny,cifar10,0.03,11,base.layers.10.mixer,0.732069
50,1,7,vim_tiny,cifar10,0.03,12,base.layers.11.mixer,0.723335
50,1,7,vim_tiny,cifar10,0.03,13,classifier,0.278876
50,1,8,vim_tiny,cifar10,0.03,0,base.patch_embed,0.997384
50,1,8,vim_tiny,cifar10,0.03,1,base.layers.0.mixer,0.980614
50,1,8,vim_tiny,cifar10,0.03,2,base.layers.1.mixer,0.902323
50,1,8,vim_tiny,cifar10,0.03,3,base.layers.2.mixer,0.990139
50,1,8,vim_tiny,cifar10,0.03,4,base.layers.3.mixer,0.957112
50,1,8,vim_tiny,cifar10,0.03,5,base.layers.4.mixer,0.882248
50,1,8,vim_tiny,cifar10,0.03,6,base.layers.5.mixer,0.869476
50,1,8,vim_tiny,cifar10,0.03,7,base.layers.6.mixer,0.881907
50,1,8,vim_tiny,cifar10,0.03,8,base.layers.7.mixer,0.650124
50,1,8,vim_tiny,cifar10,0.03,9,base.layers.8.mixer,0.755663
50,1,8,vim_tiny,cifar10,0.03,10,base.layers.9.mixer,0.768047
50,1,8,vim_tiny,cifar10,0.03,11,base.layers.10.mixer,0.778421
50,1,8,vim_tiny,cifar10,0.03,12,base.layers.11.mixer,0.704273
50,1,8,vim_tiny,cifar10,0.03,13,classifier,0.324174
50,1,9,vim_tiny,cifar10,0.03,0,base.patch_embed,0.978392
50,1,9,vim_tiny,cifar10,0.03,1,base.layers.0.mixer,0.699653
50,1,9,vim_tiny,cifar10,0.03,2,base.layers.1.mixer,0.848536
50,1,9,vim_tiny,cifar10,0.03,3,base.layers.2.mixer,0.968523
50,1,9,vim_tiny,cifar10,0.03,4,base.layers.3.mixer,0.777932
50,1,9,vim_tiny,cifar10,0.03,5,base.layers.4.mixer,0.805973
50,1,9,vim_tiny,cifar10,0.03,6,base.layers.5.mixer,0.685702
50,1,9,vim_tiny,cifar10,0.03,7,base.layers.6.mixer,0.185366
50,1,9,vim_tiny,cifar10,0.03,8,base.layers.7.mixer,0.550667
50,1,9,vim_tiny,cifar10,0.03,9,base.layers.8.mixer,0.420735
50,1,9,vim_tiny,cifar10,0.03,10,base.layers.9.mixer,0.516237
50,1,9,vim_tiny,cifar10,0.03,11,base.layers.10.mixer,0.485180
50,1,9,vim_tiny,cifar10,0.03,12,base.layers.11.mixer,0.813748
50,1,9,vim_tiny,cifar10,0.03,13,classifier,0.186418
50,2,3,vim_tiny,cifar10,0.03,0,base.patch_embed,0.980201
50,2,3,vim_tiny,cifar10,0.03,1,base.layers.0.mixer,0.462892
50,2,3,vim_tiny,cifar10,0.03,2,base.layers.1.mixer,0.975581
50,2,3,vim_tiny,cifar10,0.03,3,base.layers.2.mixer,0.972551
50,2,3,vim_tiny,cifar10,0.03,4,base.layers.3.mixer,0.972726
50,2,3,vim_tiny,cifar10,0.03,5,base.layers.4.mixer,0.885576
50,2,3,vim_tiny,cifar10,0.03,6,base.layers.5.mixer,0.903073
50,2,3,vim_tiny,cifar10,0.03,7,base.layers.6.mixer,0.902357
50,2,3,vim_tiny,cifar10,0.03,8,base.layers.7.mixer,0.837920
50,2,3,vim_tiny,cifar10,0.03,9,base.layers.8.mixer,0.658221
50,2,3,vim_tiny,cifar10,0.03,10,base.layers.9.mixer,0.345281
50,2,3,vim_tiny,cifar10,0.03,11,base.layers.10.mixer,0.479239
50,2,3,vim_tiny,cifar10,0.03,12,base.layers.11.mixer,0.578231
50,2,3,vim_tiny,cifar10,0.03,13,classifier,0.126233
50,2,4,vim_tiny,cifar10,0.03,0,base.patch_embed,0.964285
50,2,4,vim_tiny,cifar10,0.03,1,base.layers.0.mixer,0.531115
50,2,4,vim_tiny,cifar10,0.03,2,base.layers.1.mixer,0.925420
50,2,4,vim_tiny,cifar10,0.03,3,base.layers.2.mixer,0.970759
50,2,4,vim_tiny,cifar10,0.03,4,base.layers.3.mixer,0.960620
50,2,4,vim_tiny,cifar10,0.03,5,base.layers.4.mixer,0.861853
50,2,4,vim_tiny,cifar10,0.03,6,base.layers.5.mixer,0.803666
50,2,4,vim_tiny,cifar10,0.03,7,base.layers.6.mixer,0.850455
50,2,4,vim_tiny,cifar10,0.03,8,base.layers.7.mixer,0.745018
50,2,4,vim_tiny,cifar10,0.03,9,base.layers.8.mixer,0.569755
50,2,4,vim_tiny,cifar10,0.03,10,base.layers.9.mixer,0.550253
50,2,4,vim_tiny,cifar10,0.03,11,base.layers.10.mixer,0.361976
50,2,4,vim_tiny,cifar10,0.03,12,base.layers.11.mixer,0.446910
50,2,4,vim_tiny,cifar10,0.03,13,classifier,0.234038
50,2,5,vim_tiny,cifar10,0.03,0,base.patch_embed,0.928119
50,2,5,vim_tiny,cifar10,0.03,1,base.layers.0.mixer,0.511947
50,2,5,vim_tiny,cifar10,0.03,2,base.layers.1.mixer,0.794570
50,2,5,vim_tiny,cifar10,0.03,3,base.layers.2.mixer,0.843612
50,2,5,vim_tiny,cifar10,0.03,4,base.layers.3.mixer,0.736139
50,2,5,vim_tiny,cifar10,0.03,5,base.layers.4.mixer,0.743783
50,2,5,vim_tiny,cifar10,0.03,6,base.layers.5.mixer,0.777676
50,2,5,vim_tiny,cifar10,0.03,7,base.layers.6.mixer,0.757647
50,2,5,vim_tiny,cifar10,0.03,8,base.layers.7.mixer,0.142157
50,2,5,vim_tiny,cifar10,0.03,9,base.layers.8.mixer,0.192700
50,2,5,vim_tiny,cifar10,0.03,10,base.layers.9.mixer,0.099422
50,2,5,vim_tiny,cifar10,0.03,11,base.layers.10.mixer,0.515057
50,2,5,vim_tiny,cifar10,0.03,12,base.layers.11.mixer,0.671906
50,2,5,vim_tiny,cifar10,0.03,13,classifier,0.115336
50,2,6,vim_tiny,cifar10,0.03,0,base.patch_embed,0.974928
50,2,6,vim_tiny,cifar10,0.03,1,base.layers.0.mixer,0.474792
50,2,6,vim_tiny,cifar10,0.03,2,base.layers.1.mixer,0.990490
50,2,6,vim_tiny,cifar10,0.03,3,base.layers.2.mixer,0.958665
50,2,6,vim_tiny,cifar10,0.03,4,base.layers.3.mixer,0.971675
50,2,6,vim_tiny,cifar10,0.03,5,base.layers.4.mixer,0.950408
50,2,6,vim_tiny,cifar10,0.03,6,base.layers.5.mixer,0.834325
50,2,6,vim_tiny,cifar10,0.03,7,base.layers.6.mixer,0.951831
50,2,6,vim_tiny,cifar10,0.03,8,base.layers.7.mixer,0.620357
50,2,6,vim_tiny,cifar10,0.03,9,base.layers.8.mixer,0.552860
50,2,6,vim_tiny,cifar10,0.03,10,base.layers.9.mixer,0.442818
50,2,6,vim_tiny,cifar10,0.03,11,base.layers.10.mixer,0.831126
50,2,6,vim_tiny,cifar10,0.03,12,base.layers.11.mixer,0.679080
50,2,6,vim_tiny,cifar10,0.03,13,classifier,0.211128
50,2,7,vim_tiny,cifar10,0.03,0,base.patch_embed,0.993595
50,2,7,vim_tiny,cifar10,0.03,1,base.layers.0.mixer,0.509696
50,2,7,vim_tiny,cifar10,0.03,2,base.layers.1.mixer,0.923071
50,2,7,vim_tiny,cifar10,0.03,3,base.layers.2.mixer,0.705450
50,2,7,vim_tiny,cifar10,0.03,4,base.layers.3.mixer,0.927199
50,2,7,vim_tiny,cifar10,0.03,5,base.layers.4.mixer,0.851016
50,2,7,vim_tiny,cifar10,0.03,6,base.layers.5.mixer,0.741172
50,2,7,vim_tiny,cifar10,0.03,7,base.layers.6.mixer,0.383693
50,2,7,vim_tiny,cifar10,0.03,8,base.layers.7.mixer,0.140692
50,2,7,vim_tiny,cifar10,0.03,9,base.layers.8.mixer,0.220787
50,2,7,vim_tiny,cifar10,0.03,10,base.layers.9.mixer,0.754588
50,2,7,vim_tiny,cifar10,0.03,11,base.layers.10.mixer,0.565167
50,2,7,vim_tiny,cifar10,0.03,12,base.layers.11.mixer,0.779483
50,2,7,vim_tiny,cifar10,0.03,13,classifier,0.080053
50,2,8,vim_tiny,cifar10,0.03,0,base.patch_embed,0.994330
50,2,8,vim_tiny,cifar10,0.03,1,base.layers.0.mixer,0.562684
50,2,8,vim_tiny,cifar10,0.03,2,base.layers.1.mixer,0.983823
50,2,8,vim_tiny,cifar10,0.03,3,base.layers.2.mixer,0.957748
50,2,8,vim_tiny,cifar10,0.03,4,base.layers.3.mixer,0.962993
50,2,8,vim_tiny,cifar10,0.03,5,base.layers.4.mixer,0.892208
50,2,8,vim_tiny,cifar10,0.03,6,base.layers.5.mixer,0.872575
50,2,8,vim_tiny,cifar10,0.03,7,base.layers.6.mixer,0.867236
50,2,8,vim_tiny,cifar10,0.03,8,base.layers.7.mixer,0.792584
50,2,8,vim_tiny,cifar10,0.03,9,base.layers.8.mixer,0.734494
50,2,8,vim_tiny,cifar10,0.03,10,base.layers.9.mixer,0.887557
50,2,8,vim_tiny,cifar10,0.03,11,base.layers.10.mixer,0.856640
50,2,8,vim_tiny,cifar10,0.03,12,base.layers.11.mixer,0.911636
50,2,8,vim_tiny,cifar10,0.03,13,classifier,0.164226
50,2,9,vim_tiny,cifar10,0.03,0,base.patch_embed,0.976890
50,2,9,vim_tiny,cifar10,0.03,1,base.layers.0.mixer,0.432431
50,2,9,vim_tiny,cifar10,0.03,2,base.layers.1.mixer,0.911088
50,2,9,vim_tiny,cifar10,0.03,3,base.layers.2.mixer,0.935933
50,2,9,vim_tiny,cifar10,0.03,4,base.layers.3.mixer,0.809577
50,2,9,vim_tiny,cifar10,0.03,5,base.layers.4.mixer,0.772414
50,2,9,vim_tiny,cifar10,0.03,6,base.layers.5.mixer,0.725009
50,2,9,vim_tiny,cifar10,0.03,7,base.layers.6.mixer,0.157795
50,2,9,vim_tiny,cifar10,0.03,8,base.layers.7.mixer,0.574247
50,2,9,vim_tiny,cifar10,0.03,9,base.layers.8.mixer,0.344364
50,2,9,vim_tiny,cifar10,0.03,10,base.layers.9.mixer,0.588154
50,2,9,vim_tiny,cifar10,0.03,11,base.layers.10.mixer,0.294017
50,2,9,vim_tiny,cifar10,0.03,12,base.layers.11.mixer,0.545268
50,2,9,vim_tiny,cifar10,0.03,13,classifier,0.067040
50,3,4,vim_tiny,cifar10,0.03,0,base.patch_embed,0.987264
50,3,4,vim_tiny,cifar10,0.03,1,base.layers.0.mixer,0.936655
50,3,4,vim_tiny,cifar10,0.03,2,base.layers.1.mixer,0.977845
50,3,4,vim_tiny,cifar10,0.03,3,base.layers.2.mixer,0.984595
50,3,4,vim_tiny,cifar10,0.03,4,base.layers.3.mixer,0.974648
50,3,4,vim_tiny,cifar10,0.03,5,base.layers.4.mixer,0.909222
50,3,4,vim_tiny,cifar10,0.03,6,base.layers.5.mixer,0.871710
50,3,4,vim_tiny,cifar10,0.03,7,base.layers.6.mixer,0.861692
50,3,4,vim_tiny,cifar10,0.03,8,base.layers.7.mixer,0.499348
50,3,4,vim_tiny,cifar10,0.03,9,base.layers.8.mixer,0.480164
50,3,4,vim_tiny,cifar10,0.03,10,base.layers.9.mixer,0.566993
50,3,4,vim_tiny,cifar10,0.03,11,base.layers.10.mixer,0.794712
50,3,4,vim_tiny,cifar10,0.03,12,base.layers.11.mixer,0.856418
50,3,4,vim_tiny,cifar10,0.03,13,classifier,0.271189
50,3,5,vim_tiny,cifar10,0.03,0,base.patch_embed,0.943361
50,3,5,vim_tiny,cifar10,0.03,1,base.layers.0.mixer,0.889611
50,3,5,vim_tiny,cifar10,0.03,2,base.layers.1.mixer,0.697044
50,3,5,vim_tiny,cifar10,0.03,3,base.layers.2.mixer,0.894538
50,3,5,vim_tiny,cifar10,0.03,4,base.layers.3.mixer,0.651043
50,3,5,vim_tiny,cifar10,0.03,5,base.layers.4.mixer,0.612042
50,3,5,vim_tiny,cifar10,0.03,6,base.layers.5.mixer,0.819448
50,3,5,vim_tiny,cifar10,0.03,7,base.layers.6.mixer,0.657209
50,3,5,vim_tiny,cifar10,0.03,8,base.layers.7.mixer,0.107132
50,3,5,vim_tiny,cifar10,0.03,9,base.layers.8.mixer,0.225287
50,3,5,vim_tiny,cifar10,0.03,10,base.layers.9.mixer,0.087583
50,3,5,vim_tiny,cifar10,0.03,11,base.layers.10.mixer,0.203899
50,3,5,vim_tiny,cifar10,0.03,12,base.layers.11.mixer,0.582056
50,3,5,vim_tiny,cifar10,0.03,13,classifier,0.243962
50,3,6,vim_tiny,cifar10,0.03,0,base.patch_embed,0.992172
50,3,6,vim_tiny,cifar10,0.03,1,base.layers.0.mixer,0.995132
50,3,6,vim_tiny,cifar10,0.03,2,base.layers.1.mixer,0.966034
50,3,6,vim_tiny,cifar10,0.03,3,base.layers.2.mixer,0.985539
50,3,6,vim_tiny,cifar10,0.03,4,base.layers.3.mixer,0.980589
50,3,6,vim_tiny,cifar10,0.03,5,base.layers.4.mixer,0.944604
50,3,6,vim_tiny,cifar10,0.03,6,base.layers.5.mixer,0.926627
50,3,6,vim_tiny,cifar10,0.03,7,base.layers.6.mixer,0.939020
50,3,6,vim_tiny,cifar10,0.03,8,base.layers.7.mixer,0.850168
50,3,6,vim_tiny,cifar10,0.03,9,base.layers.8.mixer,0.889558
50,3,6,vim_tiny,cifar10,0.03,10,base.layers.9.mixer,0.876494
50,3,6,vim_tiny,cifar10,0.03,11,base.layers.10.mixer,0.704405
50,3,6,vim_tiny,cifar10,0.03,12,base.layers.11.mixer,0.905073
50,3,6,vim_tiny,cifar10,0.03,13,classifier,0.398696
50,3,7,vim_tiny,cifar10,0.03,0,base.patch_embed,0.993747
50,3,7,vim_tiny,cifar10,0.03,1,base.layers.0.mixer,0.703169
50,3,7,vim_tiny,cifar10,0.03,2,base.layers.1.mixer,0.963535
50,3,7,vim_tiny,cifar10,0.03,3,base.layers.2.mixer,0.767093
50,3,7,vim_tiny,cifar10,0.03,4,base.layers.3.mixer,0.944295
50,3,7,vim_tiny,cifar10,0.03,5,base.layers.4.mixer,0.756317
50,3,7,vim_tiny,cifar10,0.03,6,base.layers.5.mixer,0.698911
50,3,7,vim_tiny,cifar10,0.03,7,base.layers.6.mixer,0.198841
50,3,7,vim_tiny,cifar10,0.03,8,base.layers.7.mixer,0.157967
50,3,7,vim_tiny,cifar10,0.03,9,base.layers.8.mixer,0.245656
50,3,7,vim_tiny,cifar10,0.03,10,base.layers.9.mixer,0.310844
50,3,7,vim_tiny,cifar10,0.03,11,base.layers.10.mixer,0.118253
50,3,7,vim_tiny,cifar10,0.03,12,base.layers.11.mixer,0.305318
50,3,7,vim_tiny,cifar10,0.03,13,classifier,0.342868
50,3,8,vim_tiny,cifar10,0.03,0,base.patch_embed,0.992548
50,3,8,vim_tiny,cifar10,0.03,1,base.layers.0.mixer,0.908151
50,3,8,vim_tiny,cifar10,0.03,2,base.layers.1.mixer,0.989559
50,3,8,vim_tiny,cifar10,0.03,3,base.layers.2.mixer,0.986606
50,3,8,vim_tiny,cifar10,0.03,4,base.layers.3.mixer,0.930237
50,3,8,vim_tiny,cifar10,0.03,5,base.layers.4.mixer,0.816890
50,3,8,vim_tiny,cifar10,0.03,6,base.layers.5.mixer,0.870674
50,3,8,vim_tiny,cifar10,0.03,7,base.layers.6.mixer,0.763867
50,3,8,vim_tiny,cifar10,0.03,8,base.layers.7.mixer,0.590268
50,3,8,vim_tiny,cifar10,0.03,9,base.layers.8.mixer,0.703652
50,3,8,vim_tiny,cifar10,0.03,10,base.layers.9.mixer,0.526739
50,3,8,vim_tiny,cifar10,0.03,11,base.layers.10.mixer,0.252953
50,3,8,vim_tiny,cifar10,0.03,12,base.layers.11.mixer,0.535502
50,3,8,vim_tiny,cifar10,0.03,13,classifier,0.463599
50,3,9,vim_tiny,cifar10,0.03,0,base.patch_embed,0.967852
50,3,9,vim_tiny,cifar10,0.03,1,base.layers.0.mixer,0.612948
50,3,9,vim_tiny,cifar10,0.03,2,base.layers.1.mixer,0.881772
50,3,9,vim_tiny,cifar10,0.03,3,base.layers.2.mixer,0.959074
50,3,9,vim_tiny,cifar10,0.03,4,base.layers.3.mixer,0.719556
50,3,9,vim_tiny,cifar10,0.03,5,base.layers.4.mixer,0.662470
50,3,9,vim_tiny,cifar10,0.03,6,base.layers.5.mixer,0.707291
50,3,9,vim_tiny,cifar10,0.03,7,base.layers.6.mixer,0.115176
50,3,9,vim_tiny,cifar10,0.03,8,base.layers.7.mixer,0.278225
50,3,9,vim_tiny,cifar10,0.03,9,base.layers.8.mixer,0.293432
50,3,9,vim_tiny,cifar10,0.03,10,base.layers.9.mixer,0.155391
50,3,9,vim_tiny,cifar10,0.03,11,base.layers.10.mixer,0.168767
50,3,9,vim_tiny,cifar10,0.03,12,base.layers.11.mixer,0.278014
50,3,9,vim_tiny,cifar10,0.03,13,classifier,0.202181
50,4,5,vim_tiny,cifar10,0.03,0,base.patch_embed,0.934629
50,4,5,vim_tiny,cifar10,0.03,1,base.layers.0.mixer,0.935088
50,4,5,vim_tiny,cifar10,0.03,2,base.layers.1.mixer,0.584210
50,4,5,vim_tiny,cifar10,0.03,3,base.layers.2.mixer,0.863296
50,4,5,vim_tiny,cifar10,0.03,4,base.layers.3.mixer,0.687989
50,4,5,vim_tiny,cifar10,0.03,5,base.layers.4.mixer,0.772415
50,4,5,vim_tiny,cifar10,0.03,6,base.layers.5.mixer,0.907589
50,4,5,vim_tiny,cifar10,0.03,7,base.layers.6.mixer,0.795861
50,4,5,vim_tiny,cifar10,0.03,8,base.layers.7.mixer,0.363298
50,4,5,vim_tiny,cifar10,0.03,9,base.layers.8.mixer,0.396740
50,4,5,vim_tiny,cifar10,0.03,10,base.layers.9.mixer,0.174340
50,4,5,vim_tiny,cifar10,0.03,11,base.layers.10.mixer,0.183023
50,4,5,vim_tiny,cifar10,0.03,12,base.layers.11.mixer,0.447071
50,4,5,vim_tiny,cifar10,0.03,13,classifier,0.354489
50,4,6,vim_tiny,cifar10,0.03,0,base.patch_embed,0.966415
50,4,6,vim_tiny,cifar10,0.03,1,base.layers.0.mixer,0.941046
50,4,6,vim_tiny,cifar10,0.03,2,base.layers.1.mixer,0.902255
50,4,6,vim_tiny,cifar10,0.03,3,base.layers.2.mixer,0.961955
50,4,6,vim_tiny,cifar10,0.03,4,base.layers.3.mixer,0.942586
50,4,6,vim_tiny,cifar10,0.03,5,base.layers.4.mixer,0.897088
50,4,6,vim_tiny,cifar10,0.03,6,base.layers.5.mixer,0.959899
50,4,6,vim_tiny,cifar10,0.03,7,base.layers.6.mixer,0.869487
50,4,6,vim_tiny,cifar10,0.03,8,base.layers.7.mixer,0.365269
50,4,6,vim_tiny,cifar10,0.03,9,base.layers.8.mixer,0.413666
50,4,6,vim_tiny,cifar10,0.03,10,base.layers.9.mixer,0.460751
50,4,6,vim_tiny,cifar10,0.03,11,base.layers.10.mixer,0.480530
50,4,6,vim_tiny,cifar10,0.03,12,base.layers.11.mixer,0.774227
50,4,6,vim_tiny,cifar10,0.03,13,classifier,0.259766
50,4,7,vim_tiny,cifar10,0.03,0,base.patch_embed,0.974341
50,4,7,vim_tiny,cifar10,0.03,1,base.layers.0.mixer,0.765937
50,4,7,vim_tiny,cifar10,0.03,2,base.layers.1.mixer,0.974122
50,4,7,vim_tiny,cifar10,0.03,3,base.layers.2.mixer,0.763845
50,4,7,vim_tiny,cifar10,0.03,4,base.layers.3.mixer,0.906819
50,4,7,vim_tiny,cifar10,0.03,5,base.layers.4.mixer,0.852026
50,4,7,vim_tiny,cifar10,0.03,6,base.layers.5.mixer,0.737016
50,4,7,vim_tiny,cifar10,0.03,7,base.layers.6.mixer,0.413759
50,4,7,vim_tiny,cifar10,0.03,8,base.layers.7.mixer,0.309506
50,4,7,vim_tiny,cifar10,0.03,9,base.layers.8.mixer,0.345478
50,4,7,vim_tiny,cifar10,0.03,10,base.layers.9.mixer,0.541737
50,4,7,vim_tiny,cifar10,0.03,11,base.layers.10.mixer,0.182844
50,4,7,vim_tiny,cifar10,0.03,12,base.layers.11.mixer,0.200124
50,4,7,vim_tiny,cifar10,0.03,13,classifier,0.244775
50,4,8,vim_tiny,cifar10,0.03,0,base.patch_embed,0.976972
50,4,8,vim_tiny,cifar10,0.03,1,base.layers.0.mixer,0.977190
50,4,8,vim_tiny,cifar10,0.03,2,base.layers.1.mixer,0.966788
50,4,8,vim_tiny,cifar10,0.03,3,base.layers.2.mixer,0.975225
50,4,8,vim_tiny,cifar10,0.03,4,base.layers.3.mixer,0.914236
50,4,8,vim_tiny,cifar10,0.03,5,base.layers.4.mixer,0.940156
50,4,8,vim_tiny,cifar10,0.03,6,base.layers.5.mixer,0.966371
50,4,8,vim_tiny,cifar10,0.03,7,base.layers.6.mixer,0.901539
50,4,8,vim_tiny,cifar10,0.03,8,base.layers.7.mixer,0.902379
50,4,8,vim_tiny,cifar10,0.03,9,base.layers.8.mixer,0.504795
50,4,8,vim_tiny,cifar10,0.03,10,base.layers.9.mixer,0.700988
50,4,8,vim_tiny,cifar10,0.03,11,base.layers.10.mixer,0.218077
50,4,8,vim_tiny,cifar10,0.03,12,base.layers.11.mixer,0.395682
50,4,8,vim_tiny,cifar10,0.03,13,classifier,0.275446
50,4,9,vim_tiny,cifar10,0.03,0,base.patch_embed,0.973432
50,4,9,vim_tiny,cifar10,0.03,1,base.layers.0.mixer,0.796256
50,4,9,vim_tiny,cifar10,0.03,2,base.layers.1.mixer,0.854047
50,4,9,vim_tiny,cifar10,0.03,3,base.layers.2.mixer,0.962520
50,4,9,vim_tiny,cifar10,0.03,4,base.layers.3.mixer,0.738068
50,4,9,vim_tiny,cifar10,0.03,5,base.layers.4.mixer,0.828497
50,4,9,vim_tiny,cifar10,0.03,6,base.layers.5.mixer,0.906231
50,4,9,vim_tiny,cifar10,0.03,7,base.layers.6.mixer,0.289053
50,4,9,vim_tiny,cifar10,0.03,8,base.layers.7.mixer,0.723557
50,4,9,vim_tiny,cifar10,0.03,9,base.layers.8.mixer,0.432150
50,4,9,vim_tiny,cifar10,0.03,10,base.layers.9.mixer,0.400901
50,4,9,vim_tiny,cifar10,0.03,11,base.layers.10.mixer,0.223871
50,4,9,vim_tiny,cifar10,0.03,12,base.layers.11.mixer,0.208218
50,4,9,vim_tiny,cifar10,0.03,13,classifier,0.172257
50,5,6,vim_tiny,cifar10,0.03,0,base.patch_embed,0.964867
50,5,6,vim_tiny,cifar10,0.03,1,base.layers.0.mixer,0.905318
50,5,6,vim_tiny,cifar10,0.03,2,base.layers.1.mixer,0.827553
50,5,6,vim_tiny,cifar10,0.03,3,base.layers.2.mixer,0.931261
50,5,6,vim_tiny,cifar10,0.03,4,base.layers.3.mixer,0.735286
50,5,6,vim_tiny,cifar10,0.03,5,base.layers.4.mixer,0.739208
50,5,6,vim_tiny,cifar10,0.03,6,base.layers.5.mixer,0.899426
50,5,6,vim_tiny,cifar10,0.03,7,base.layers.6.mixer,0.798956
50,5,6,vim_tiny,cifar10,0.03,8,base.layers.7.mixer,0.103991
50,5,6,vim_tiny,cifar10,0.03,9,base.layers.8.mixer,0.265604
50,5,6,vim_tiny,cifar10,0.03,10,base.layers.9.mixer,0.149513
50,5,6,vim_tiny,cifar10,0.03,11,base.layers.10.mixer,0.407807
50,5,6,vim_tiny,cifar10,0.03,12,base.layers.11.mixer,0.766195
50,5,6,vim_tiny,cifar10,0.03,13,classifier,0.272331
50,5,7,vim_tiny,cifar10,0.03,0,base.patch_embed,0.949882
50,5,7,vim_tiny,cifar10,0.03,1,base.layers.0.mixer,0.637436
50,5,7,vim_tiny,cifar10,0.03,2,base.layers.1.mixer,0.610758
50,5,7,vim_tiny,cifar10,0.03,3,base.layers.2.mixer,0.867816
50,5,7,vim_tiny,cifar10,0.03,4,base.layers.3.mixer,0.729942
50,5,7,vim_tiny,cifar10,0.03,5,base.layers.4.mixer,0.862869
50,5,7,vim_tiny,cifar10,0.03,6,base.layers.5.mixer,0.777433
50,5,7,vim_tiny,cifar10,0.03,7,base.layers.6.mixer,0.252760
50,5,7,vim_tiny,cifar10,0.03,8,base.layers.7.mixer,0.379868
50,5,7,vim_tiny,cifar10,0.03,9,base.layers.8.mixer,0.587863
50,5,7,vim_tiny,cifar10,0.03,10,base.layers.9.mixer,0.077205
50,5,7,vim_tiny,cifar10,0.03,11,base.layers.10.mixer,0.716590
50,5,7,vim_tiny,cifar10,0.03,12,base.layers.11.mixer,0.557707
50,5,7,vim_tiny,cifar10,0.03,13,classifier,0.172673
50,5,8,vim_tiny,cifar10,0.03,0,base.patch_embed,0.955652
50,5,8,vim_tiny,cifar10,0.03,1,base.layers.0.mixer,0.883759
50,5,8,vim_tiny,cifar10,0.03,2,base.layers.1.mixer,0.709030
50,5,8,vim_tiny,cifar10,0.03,3,base.layers.2.mixer,0.938290
50,5,8,vim_tiny,cifar10,0.03,4,base.layers.3.mixer,0.853321
50,5,8,vim_tiny,cifar10,0.03,5,base.layers.4.mixer,0.906660
50,5,8,vim_tiny,cifar10,0.03,6,base.layers.5.mixer,0.922367
50,5,8,vim_tiny,cifar10,0.03,7,base.layers.6.mixer,0.816230
50,5,8,vim_tiny,cifar10,0.03,8,base.layers.7.mixer,0.425488
50,5,8,vim_tiny,cifar10,0.03,9,base.layers.8.mixer,0.479860
50,5,8,vim_tiny,cifar10,0.03,10,base.layers.9.mixer,0.084933
50,5,8,vim_tiny,cifar10,0.03,11,base.layers.10.mixer,0.714353
50,5,8,vim_tiny,cifar10,0.03,12,base.layers.11.mixer,0.709568
50,5,8,vim_tiny,cifar10,0.03,13,classifier,0.209343
50,5,9,vim_tiny,cifar10,0.03,0,base.patch_embed,0.971351
50,5,9,vim_tiny,cifar10,0.03,1,base.layers.0.mixer,0.731999
50,5,9,vim_tiny,cifar10,0.03,2,base.layers.1.mixer,0.700162
50,5,9,vim_tiny,cifar10,0.03,3,base.layers.2.mixer,0.935360
50,5,9,vim_tiny,cifar10,0.03,4,base.layers.3.mixer,0.946627
50,5,9,vim_tiny,cifar10,0.03,5,base.layers.4.mixer,0.965709
50,5,9,vim_tiny,cifar10,0.03,6,base.layers.5.mixer,0.863701
50,5,9,vim_tiny,cifar10,0.03,7,base.layers.6.mixer,0.166505
50,5,9,vim_tiny,cifar10,0.03,8,base.layers.7.mixer,0.190236
50,5,9,vim_tiny,cifar10,0.03,9,base.layers.8.mixer,0.544630
50,5,9,vim_tiny,cifar10,0.03,10,base.layers.9.mixer,0.036590
50,5,9,vim_tiny,cifar10,0.03,11,base.layers.10.mixer,0.625485
50,5,9,vim_tiny,cifar10,0.03,12,base.layers.11.mixer,0.382343
50,5,9,vim_tiny,cifar10,0.03,13,classifier,0.148674
50,6,7,vim_tiny,cifar10,0.03,0,base.patch_embed,0.993150
50,6,7,vim_tiny,cifar10,0.03,1,base.layers.0.mixer,0.720307
50,6,7,vim_tiny,cifar10,0.03,2,base.layers.1.mixer,0.904236
50,6,7,vim_tiny,cifar10,0.03,3,base.layers.2.mixer,0.753016
50,6,7,vim_tiny,cifar10,0.03,4,base.layers.3.mixer,0.975208
50,6,7,vim_tiny,cifar10,0.03,5,base.layers.4.mixer,0.863106
50,6,7,vim_tiny,cifar10,0.03,6,base.layers.5.mixer,0.752948
50,6,7,vim_tiny,cifar10,0.03,7,base.layers.6.mixer,0.231013
50,6,7,vim_tiny,cifar10,0.03,8,base.layers.7.mixer,0.188630
50,6,7,vim_tiny,cifar10,0.03,9,base.layers.8.mixer,0.350812
50,6,7,vim_tiny,cifar10,0.03,10,base.layers.9.mixer,0.393557
50,6,7,vim_tiny,cifar10,0.03,11,base.layers.10.mixer,0.319286
50,6,7,vim_tiny,cifar10,0.03,12,base.layers.11.mixer,0.417809
50,6,7,vim_tiny,cifar10,0.03,13,classifier,0.291830
50,6,8,vim_tiny,cifar10,0.03,0,base.patch_embed,0.991701
50,6,8,vim_tiny,cifar10,0.03,1,base.layers.0.mixer,0.918773
50,6,8,vim_tiny,cifar10,0.03,2,base.layers.1.mixer,0.973468
50,6,8,vim_tiny,cifar10,0.03,3,base.layers.2.mixer,0.993111
50,6,8,vim_tiny,cifar10,0.03,4,base.layers.3.mixer,0.969721
50,6,8,vim_tiny,cifar10,0.03,5,base.layers.4.mixer,0.900944
50,6,8,vim_tiny,cifar10,0.03,6,base.layers.5.mixer,0.955103
50,6,8,vim_tiny,cifar10,0.03,7,base.layers.6.mixer,0.835044
50,6,8,vim_tiny,cifar10,0.03,8,base.layers.7.mixer,0.466160
50,6,8,vim_tiny,cifar10,0.03,9,base.layers.8.mixer,0.735738
50,6,8,vim_tiny,cifar10,0.03,10,base.layers.9.mixer,0.584531
50,6,8,vim_tiny,cifar10,0.03,11,base.layers.10.mixer,0.640022
50,6,8,vim_tiny,cifar10,0.03,12,base.layers.11.mixer,0.693283
50,6,8,vim_tiny,cifar10,0.03,13,classifier,0.449570
50,6,9,vim_tiny,cifar10,0.03,0,base.patch_embed,0.966543
50,6,9,vim_tiny,cifar10,0.03,1,base.layers.0.mixer,0.621383
50,6,9,vim_tiny,cifar10,0.03,2,base.layers.1.mixer,0.897014
50,6,9,vim_tiny,cifar10,0.03,3,base.layers.2.mixer,0.961078
50,6,9,vim_tiny,cifar10,0.03,4,base.layers.3.mixer,0.788439
50,6,9,vim_tiny,cifar10,0.03,5,base.layers.4.mixer,0.756822
50,6,9,vim_tiny,cifar10,0.03,6,base.layers.5.mixer,0.821139
50,6,9,vim_tiny,cifar10,0.03,7,base.layers.6.mixer,0.138483
50,6,9,vim_tiny,cifar10,0.03,8,base.layers.7.mixer,0.186977
50,6,9,vim_tiny,cifar10,0.03,9,base.layers.8.mixer,0.296596
50,6,9,vim_tiny,cifar10,0.03,10,base.layers.9.mixer,0.222826
50,6,9,vim_tiny,cifar10,0.03,11,base.layers.10.mixer,0.148648
50,6,9,vim_tiny,cifar10,0.03,12,base.layers.11.mixer,0.291371
50,6,9,vim_tiny,cifar10,0.03,13,classifier,0.283276
50,7,8,vim_tiny,cifar10,0.03,0,base.patch_embed,0.999415
50,7,8,vim_tiny,cifar10,0.03,1,base.layers.0.mixer,0.839668
50,7,8,vim_tiny,cifar10,0.03,2,base.layers.1.mixer,0.963853
50,7,8,vim_tiny,cifar10,0.03,3,base.layers.2.mixer,0.802170
50,7,8,vim_tiny,cifar10,0.03,4,base.layers.3.mixer,0.945141
50,7,8,vim_tiny,cifar10,0.03,5,base.layers.4.mixer,0.935412
50,7,8,vim_tiny,cifar10,0.03,6,base.layers.5.mixer,0.836639
50,7,8,vim_tiny,cifar10,0.03,7,base.layers.6.mixer,0.512345
50,7,8,vim_tiny,cifar10,0.03,8,base.layers.7.mixer,0.254876
50,7,8,vim_tiny,cifar10,0.03,9,base.layers.8.mixer,0.539264
50,7,8,vim_tiny,cifar10,0.03,10,base.layers.9.mixer,0.829343
50,7,8,vim_tiny,cifar10,0.03,11,base.layers.10.mixer,0.816249
50,7,8,vim_tiny,cifar10,0.03,12,base.layers.11.mixer,0.840628
50,7,8,vim_tiny,cifar10,0.03,13,classifier,0.465331
50,7,9,vim_tiny,cifar10,0.03,0,base.patch_embed,0.977701
50,7,9,vim_tiny,cifar10,0.03,1,base.layers.0.mixer,0.562480
50,7,9,vim_tiny,cifar10,0.03,2,base.layers.1.mixer,0.869201
50,7,9,vim_tiny,cifar10,0.03,3,base.layers.2.mixer,0.834176
50,7,9,vim_tiny,cifar10,0.03,4,base.layers.3.mixer,0.758837
50,7,9,vim_tiny,cifar10,0.03,5,base.layers.4.mixer,0.852305
50,7,9,vim_tiny,cifar10,0.03,6,base.layers.5.mixer,0.762253
50,7,9,vim_tiny,cifar10,0.03,7,base.layers.6.mixer,0.303197
50,7,9,vim_tiny,cifar10,0.03,8,base.layers.7.mixer,0.211022
50,7,9,vim_tiny,cifar10,0.03,9,base.layers.8.mixer,0.588048
50,7,9,vim_tiny,cifar10,0.03,10,base.layers.9.mixer,0.736393
50,7,9,vim_tiny,cifar10,0.03,11,base.layers.10.mixer,0.781276
50,7,9,vim_tiny,cifar10,0.03,12,base.layers.11.mixer,0.735075
50,7,9,vim_tiny,cifar10,0.03,13,classifier,0.437680
50,8,9,vim_tiny,cifar10,0.03,0,base.patch_embed,0.984060
50,8,9,vim_tiny,cifar10,0.03,1,base.layers.0.mixer,0.774992
50,8,9,vim_tiny,cifar10,0.03,2,base.layers.1.mixer,0.918786
50,8,9,vim_tiny,cifar10,0.03,3,base.layers.2.mixer,0.978960
50,8,9,vim_tiny,cifar10,0.03,4,base.layers.3.mixer,0.884882
50,8,9,vim_tiny,cifar10,0.03,5,base.layers.4.mixer,0.930439
50,8,9,vim_tiny,cifar10,0.03,6,base.layers.5.mixer,0.915526
50,8,9,vim_tiny,cifar10,0.03,7,base.layers.6.mixer,0.258759
50,8,9,vim_tiny,cifar10,0.03,8,base.layers.7.mixer,0.629763
50,8,9,vim_tiny,cifar10,0.03,9,base.layers.8.mixer,0.581379
50,8,9,vim_tiny,cifar10,0.03,10,base.layers.9.mixer,0.655513
50,8,9,vim_tiny,cifar10,0.03,11,base.layers.10.mixer,0.542989
50,8,9,vim_tiny,cifar10,0.03,12,base.layers.11.mixer,0.632616
50,8,9,vim_tiny,cifar10,0.03,13,classifier,0.410897
