[FedLateGram] _detect_late_layers: 17 units (expanded from 6 depth-1 children), cutoff=3 → 15 late prefixes                                                 
[FedLateGram] Late layers (15): ['base.drop_path', 'base.layers.0', 'base.layers.1', 'base.layers.2', 'base.layers.3', 'base.layers.4', 'base.layers.5',    
'base.layers.6', 'base.layers.7', 'base.layers.8', 'base.layers.9', 'base.layers.10', 'base.layers.11', 'base.norm_f', 'classifier']                        
==================== FedLateGram ====================                                                                                                       
Experiment Arguments:                                                                                                                                       
{
│   'method': 'fedlategram',
│   'dataset': {
│   │   'name': 'cifar10',
│   │   'partition_dir': 'partitions/alpha_0.3/seed_42',
│   │   'client_num': 10,
│   │   'test_ratio': 0.25,
│   │   'val_ratio': 0.0,
│   │   'seed': 42,
│   │   'split': 'sample',
│   │   'IID_ratio': 0.0,
│   │   'alpha': 0.3,
│   │   'min_samples_per_client': 10,
│   │   'sample_fraction': 0.1,
│   │   'subset_seed': 42,
│   │   'monitor_window_name_suffix': 'cifar10-10clients-0%IID-Dir(0.3)-seed42-10pct'
│   },
│   'model': {
│   │   'name': 'vim_tiny',
│   │   'use_torchvision_pretrained_weights': False,
│   │   'external_model_weights_path': None
│   },
│   'optimizer': {
│   │   'lr': 0.01,
│   │   'dampening': 0,
│   │   'weight_decay': 0.0001,
│   │   'momentum': 0.9,
│   │   'nesterov': False,
│   │   'name': 'sgd'
│   },
│   'mode': 'serial',
│   'parallel': {
│   │   'ray_cluster_addr': None,
│   │   'num_cpus': None,
│   │   'num_gpus': None,
│   │   'num_workers': 4
│   },
│   'common': {
│   │   'seed': 42,
│   │   'join_ratio': 1.0,
│   │   'global_epoch': 50,
│   │   'local_epoch': 5,
│   │   'batch_size': 32,
│   │   'reset_optimizer_on_global_epoch': True,
│   │   'straggler_ratio': 0,
│   │   'straggler_min_local_epoch': 0,
│   │   'buffers': 'global',
│   │   'client_side_evaluation': True,
│   │   'test': {
│   │   │   'client': {
│   │   │   │   'interval': 1,
│   │   │   │   'finetune_epoch': 0,
│   │   │   │   'train': False,
│   │   │   │   'val': False,
│   │   │   │   'test': True
│   │   │   },
│   │   │   'server': {
│   │   │   │   'interval': 1,
│   │   │   │   'train': False,
│   │   │   │   'val': False,
│   │   │   │   'test': True,
│   │   │   │   'model_in_train_mode': False
│   │   │   }
│   │   },
│   │   'verbose_gap': 10,
│   │   'monitor': 'tensorboard',
│   │   'use_cuda': True,
│   │   'save_log': True,
│   │   'save_model': False,
│   │   'save_learning_curve_plot': True,
│   │   'save_metrics': True,
│   │   'delete_useless_run': True,
│   │   'dataloader_num_workers': 2,
│   │   'resume_checkpoint': None
│   },
│   'fedlategram': {
│   │   'lam': 0.2,
│   │   'tau_cka': 0.85,
│   │   'late_fraction': 0.8,
│   │   'freeze_strategy': 'slow_update',
│   │   'T_warm': 15,
│   │   'alpha_early_lr': 0.05,
│   │   'freq_early': 5,
│   │   'gram_ref': 'proxy',
│   │   'proxy_size': 256,
│   │   'lam_adaptive': True
│   },
│   'cka': {
│   │   'rounds': [
│   │   │   1,
│   │   │   2,
│   │   │   5,
│   │   │   10,
│   │   │   20,
│   │   │   30,
│   │   │   40,
│   │   │   50
│   │   ],
│   │   'client_sample': 10,
│   │   'probe_batches': 20,
│   │   'probe_batch_size': 16
│   },
│   'ckadriftfedavg': {}
}
---------------------------- ROUND 1/50 START ----------------------------                                                                                  
Selected clients: [1, 0, 4, 9, 6, 5, 8, 2, 3, 7]                                                                                                            
  [Client 1] Starting local training...                                                                                                                     
  [Client 1] Finished training in 14.35s                                                                                                                    
  [Client 0] Starting local training...                                                                                                                     
  [Client 0] Finished training in 13.37s                                                                                                                    
  [Client 4] Starting local training...                                                                                                                     
  [Client 4] Finished training in 3.18s                                                                                                                     
  [Client 9] Starting local training...                                                                                                                     
  [Client 9] Finished training in 6.93s                                                                                                                     
  [Client 6] Starting local training...                                                                                                                     
  [Client 6] Finished training in 5.99s                                                                                                                     
  [Client 5] Starting local training...                                                                                                                     
  [Client 5] Finished training in 10.81s                                                                                                                    
  [Client 8] Starting local training...                                                                                                                     
  [Client 8] Finished training in 9.72s                                                                                                                     
  [Client 2] Starting local training...                                                                                                                     
  [Client 2] Finished training in 8.17s                                                                                                                     
  [Client 3] Starting local training...                                                                                                                     
  [Client 3] Finished training in 3.52s                                                                                                                     
  [Client 7] Starting local training...                                                                                                                     
  [Client 7] Finished training in 3.54s                                                                                                                     
[Round 0] layer_lambdas: drop_path=0.0167, 0=0.0152, 1=0.0145, 2=0.0152, 3=0.0143, 4=0.0162, 5=0.0156, 6=0.0141, 7=0.0154, 8=0.0159, 9=0.0158, 10=0.0141,   
11=0.0169, norm_f=0.0000, classifier=0.2000                                                                                                                 
[FedLateGram Round 1] avg task: 1.5344 | avg gram: 0.2526                                                                                                   
  [CKA] Saved checkpoints for round 1 (10 clients) →                                                                                                        
/home/luis.mendezl/Thesis/logs/runs/cifar10/fedlategram/vim_tiny/alpha0.3/seed42_second/checkpoints/round_0001                                              
ROUND 1 FINISHED in 85.30s (Avg: 85.30s)                                                                                                                    
  [FedLateGram] Saved checkpoint after round 1 →                                                                                                            
/home/luis.mendezl/Thesis/logs/runs/cifar10/fedlategram/vim_tiny/alpha0.3/seed42_second/checkpoints/training_state.pt                                       
---------------------------- ROUND 2/50 START ----------------------------                                                                                  
Selected clients: [0, 9, 1, 7, 6, 4, 8, 2, 3, 5]                                                                                                            
  [Client 0] Starting local training...                                                                                                                     
  [Client 0] Finished training in 13.34s                                                                                                                    
  [Client 9] Starting local training...                                                                                                                     
  [Client 9] Finished training in 7.35s                                                                                                                     
  [Client 1] Starting local training...                                                                                                                     
  [Client 1] Finished training in 13.20s                                                                                                                    
  [Client 7] Starting local training...                                                                                                                     
  [Client 7] Finished training in 3.72s                                                                                                                     
  [Client 6] Starting local training...                                                                                                                     
  [Client 6] Finished training in 6.28s                                                                                                                     
  [Client 4] Starting local training...                                                                                                                     
  [Client 4] Finished training in 3.22s                                                                                                                     
  [Client 8] Starting local training...                                                                                                                     
  [Client 8] Finished training in 10.03s                                                                                                                    
  [Client 2] Starting local training...                                                                                                                     
  [Client 2] Finished training in 8.02s                                                                                                                     
  [Client 3] Starting local training...                                                                                                                     
  [Client 3] Finished training in 3.94s                                                                                                                     
  [Client 5] Starting local training...                                                                                                                     
  [Client 5] Finished training in 10.77s                                                                                                                    
[Round 1] layer_lambdas: drop_path=0.0158, 0=0.0165, 1=0.0182, 2=0.0170, 3=0.0139, 4=0.0153, 5=0.0162, 6=0.0144, 7=0.0151, 8=0.0115, 9=0.0167, 10=0.0147,   
11=0.0145, norm_f=0.0000, classifier=0.2000                                                                                                                 
[FedLateGram Round 2] avg task: 1.4647 | avg gram: 0.0114                                                                                                   
  [CKA] Saved checkpoints for round 2 (10 clients) →                                                                                                        
/home/luis.mendezl/Thesis/logs/runs/cifar10/fedlategram/vim_tiny/alpha0.3/seed42_second/checkpoints/round_0002                                              
ROUND 2 FINISHED in 82.43s (Avg: 83.86s)                                                                                                                    
  [FedLateGram] Saved checkpoint after round 2 →                                                                                                            
/home/luis.mendezl/Thesis/logs/runs/cifar10/fedlategram/vim_tiny/alpha0.3/seed42_second/checkpoints/training_state.pt                                       
---------------------------- ROUND 3/50 START ----------------------------                                                                                  
Selected clients: [3, 7, 4, 6, 0, 1, 9, 8, 2, 5]                                                                                                            
  [Client 3] Starting local training...                                                                                                                     
  [Client 3] Finished training in 3.27s                                                                                                                     
  [Client 7] Starting local training...                                                                                                                     
  [Client 7] Finished training in 4.09s                                                                                                                     
  [Client 4] Starting local training...                                                                                                                     
  [Client 4] Finished training in 3.43s                                                                                                                     
  [Client 6] Starting local training...                                                                                                                     
  [Client 6] Finished training in 6.75s                                                                                                                     
  [Client 0] Starting local training...                                                                                                                     
  [Client 0] Finished training in 14.97s                                                                                                                    
  [Client 1] Starting local training...                                                                                                                     
  [Client 1] Finished training in 13.97s                                                                                                                    
  [Client 9] Starting local training...                                                                                                                     
  [Client 9] Finished training in 6.50s                                                                                                                     
  [Client 8] Starting local training...                                                                                                                     
  [Client 8] Finished training in 10.20s                                                                                                                    
  [Client 2] Starting local training...                                                                                                                     
  [Client 2] Finished training in 6.82s                                                                                                                     
  [Client 5] Starting local training...                                                                                                                     
  [Client 5] Finished training in 10.98s                                                                                                                    
[Round 2] layer_lambdas: drop_path=0.0178, 0=0.0174, 1=0.0155, 2=0.0173, 3=0.0138, 4=0.0144, 5=0.0157, 6=0.0138, 7=0.0150, 8=0.0134, 9=0.0172, 10=0.0140,   
11=0.0146, norm_f=0.0000, classifier=0.2000                                                                                                                 
[FedLateGram Round 3] avg task: 1.4714 | avg gram: 0.0107                                                                                                   
ROUND 3 FINISHED in 82.00s (Avg: 83.24s)                                                                                                                    
  [FedLateGram] Saved checkpoint after round 3 →                                                                                                            
/home/luis.mendezl/Thesis/logs/runs/cifar10/fedlategram/vim_tiny/alpha0.3/seed42_second/checkpoints/training_state.pt                                       
---------------------------- ROUND 4/50 START ----------------------------                                                                                  
Selected clients: [3, 5, 1, 0, 9, 6, 2, 7, 8, 4]                                                                                                            
  [Client 3] Starting local training...                                                                                                                     
  [Client 3] Finished training in 3.65s                                                                                                                     
  [Client 5] Starting local training...                                                                                                                     
  [Client 5] Finished training in 10.88s                                                                                                                    
  [Client 1] Starting local training...                                                                                                                     
  [Client 1] Finished training in 15.05s                                                                                                                    
  [Client 0] Starting local training...                                                                                                                     
  [Client 0] Finished training in 12.41s                                                                                                                    
  [Client 9] Starting local training...                                                                                                                     
  [Client 9] Finished training in 6.33s                                                                                                                     
  [Client 6] Starting local training...                                                                                                                     
  [Client 6] Finished training in 6.65s                                                                                                                     
  [Client 2] Starting local training...                                                                                                                     
  [Client 2] Finished training in 8.94s                                                                                                                     
  [Client 7] Starting local training...                                                                                                                     
  [Client 7] Finished training in 3.85s                                                                                                                     
  [Client 8] Starting local training...                                                                                                                     
  [Client 8] Finished training in 11.09s                                                                                                                    
  [Client 4] Starting local training...                                                                                                                     
  [Client 4] Finished training in 3.49s                                                                                                                     
[Round 3] layer_lambdas: drop_path=0.0128, 0=0.0187, 1=0.0169, 2=0.0162, 3=0.0157, 4=0.0140, 5=0.0184, 6=0.0135, 7=0.0173, 8=0.0111, 9=0.0174, 10=0.0141,   
11=0.0138, norm_f=0.0000, classifier=0.2000                                                                                                                 
[FedLateGram Round 4] avg task: 1.4063 | avg gram: 0.0100                                                                                                   
ROUND 4 FINISHED in 83.28s (Avg: 83.25s)                                                                                                                    
  [FedLateGram] Saved checkpoint after round 4 →                                                                                                            
/home/luis.mendezl/Thesis/logs/runs/cifar10/fedlategram/vim_tiny/alpha0.3/seed42_second/checkpoints/training_state.pt                                       
---------------------------- ROUND 5/50 START ----------------------------                                                                                  
Selected clients: [7, 8, 1, 3, 0, 4, 2, 6, 9, 5]                                                                                                            
  [Client 7] Starting local training...                                                                                                                     
  [Client 7] Finished training in 3.59s                                                                                                                     
  [Client 8] Starting local training...                                                                                                                     
  [Client 8] Finished training in 10.30s                                                                                                                    
  [Client 1] Starting local training...                                                                                                                     
  [Client 1] Finished training in 15.52s                                                                                                                    
  [Client 3] Starting local training...                                                                                                                     
  [Client 3] Finished training in 3.82s                                                                                                                     
  [Client 0] Starting local training...                                                                                                                     
  [Client 0] Finished training in 13.44s                                                                                                                    
  [Client 4] Starting local training...                                                                                                                     
  [Client 4] Finished training in 3.37s                                                                                                                     
  [Client 2] Starting local training...                                                                                                                     
  [Client 2] Finished training in 7.26s                                                                                                                     
  [Client 6] Starting local training...                                                                                                                     
  [Client 6] Finished training in 5.48s                                                                                                                     
  [Client 9] Starting local training...                                                                                                                     
  [Client 9] Finished training in 5.69s                                                                                                                     
  [Client 5] Starting local training...                                                                                                                     
  [Client 5] Finished training in 12.36s                                                                                                                    
[Round 4] layer_lambdas: drop_path=0.0120, 0=0.0186, 1=0.0199, 2=0.0170, 3=0.0152, 4=0.0136, 5=0.0186, 6=0.0157, 7=0.0172, 8=0.0088, 9=0.0149, 10=0.0164,   
11=0.0121, norm_f=0.0000, classifier=0.2000                                                                                                                 
[FedLateGram Round 5] avg task: 1.3883 | avg gram: 0.0090                                                                                                   
  [CKA] Saved checkpoints for round 5 (10 clients) →                                                                                                        
/home/luis.mendezl/Thesis/logs/runs/cifar10/fedlategram/vim_tiny/alpha0.3/seed42_second/checkpoints/round_0005                                              
ROUND 5 FINISHED in 83.47s (Avg: 83.29s)                                                                                                                    
  [FedLateGram] Saved checkpoint after round 5 →                                                                                                            
/home/luis.mendezl/Thesis/logs/runs/cifar10/fedlategram/vim_tiny/alpha0.3/seed42_second/checkpoints/training_state.pt                                       
---------------------------- ROUND 6/50 START ----------------------------                                                                                  
Selected clients: [1, 0, 3, 6, 2, 8, 9, 4, 7, 5]                                                                                                            
  [Client 1] Starting local training...                                                                                                                     
  [Client 1] Finished training in 13.68s                                                                                                                    
  [Client 0] Starting local training...                                                                                                                     
  [Client 0] Finished training in 15.08s                                                                                                                    
  [Client 3] Starting local training...                                                                                                                     
  [Client 3] Finished training in 3.28s                                                                                                                     
  [Client 6] Starting local training...                                                                                                                     
  [Client 6] Finished training in 6.08s                                                                                                                     
  [Client 2] Starting local training...                                                                                                                     
  [Client 2] Finished training in 8.88s                                                                                                                     
  [Client 8] Starting local training...                                                                                                                     
  [Client 8] Finished training in 10.99s                                                                                                                    
  [Client 9] Starting local training...                                                                                                                     
  [Client 9] Finished training in 6.30s                                                                                                                     
  [Client 4] Starting local training...                                                                                                                     
  [Client 4] Finished training in 3.36s                                                                                                                     
  [Client 7] Starting local training...                                                                                                                     
  [Client 7] Finished training in 3.90s                                                                                                                     
  [Client 5] Starting local training...                                                                                                                     
  [Client 5] Finished training in 10.59s                                                                                                                    
[Round 5] layer_lambdas: drop_path=0.0121, 0=0.0205, 1=0.0206, 2=0.0173, 3=0.0159, 4=0.0155, 5=0.0191, 6=0.0150, 7=0.0165, 8=0.0088, 9=0.0121, 10=0.0163,   
11=0.0102, norm_f=0.0000, classifier=0.2000                                                                                                                 
[FedLateGram Round 6] avg task: 1.3265 | avg gram: 0.0082                                                                                                   
ROUND 6 FINISHED in 83.06s (Avg: 83.25s)                                                                                                                    
  [FedLateGram] Saved checkpoint after round 6 →                                                                                                            
/home/luis.mendezl/Thesis/logs/runs/cifar10/fedlategram/vim_tiny/alpha0.3/seed42_second/checkpoints/training_state.pt                                       
---------------------------- ROUND 7/50 START ----------------------------                                                                                  
Selected clients: [7, 5, 2, 9, 6, 1, 8, 3, 0, 4]                                                                                                            
  [Client 7] Starting local training...                                                                                                                     
  [Client 7] Finished training in 3.76s                                                                                                                     
  [Client 5] Starting local training...                                                                                                                     
  [Client 5] Finished training in 10.76s                                                                                                                    
  [Client 2] Starting local training...                                                                                                                     
  [Client 2] Finished training in 8.00s                                                                                                                     
  [Client 9] Starting local training...                                                                                                                     
  [Client 9] Finished training in 6.29s                                                                                                                     
  [Client 6] Starting local training...                                                                                                                     
  [Client 6] Finished training in 6.70s                                                                                                                     
  [Client 1] Starting local training...                                                                                                                     
  [Client 1] Finished training in 15.60s                                                                                                                    
  [Client 8] Starting local training...                                                                                                                     
  [Client 8] Finished training in 8.91s                                                                                                                     
  [Client 3] Starting local training...                                                                                                                     
  [Client 3] Finished training in 3.81s                                                                                                                     
  [Client 0] Starting local training...                                                                                                                     
  [Client 0] Finished training in 14.31s                                                                                                                    
  [Client 4] Starting local training...                                                                                                                     
  [Client 4] Finished training in 3.25s                                                                                                                     
[Round 6] layer_lambdas: drop_path=0.0106, 0=0.0195, 1=0.0218, 2=0.0171, 3=0.0159, 4=0.0165, 5=0.0179, 6=0.0153, 7=0.0159, 8=0.0099, 9=0.0115, 10=0.0182,   
11=0.0100, norm_f=0.0000, classifier=0.2000                                                                                                                 
[FedLateGram Round 7] avg task: 1.2690 | avg gram: 0.0074                                                                                                   
ROUND 7 FINISHED in 82.39s (Avg: 83.13s)                                                                                                                    
  [FedLateGram] Saved checkpoint after round 7 →                                                                                                            
/home/luis.mendezl/Thesis/logs/runs/cifar10/fedlategram/vim_tiny/alpha0.3/seed42_second/checkpoints/training_state.pt                                       
---------------------------- ROUND 8/50 START ----------------------------                                                                                  
Selected clients: [8, 3, 2, 9, 6, 7, 1, 4, 5, 0]                                                                                                            
  [Client 8] Starting local training...                                                                                                                     
  [Client 8] Finished training in 11.66s                                                                                                                    
  [Client 3] Starting local training...                                                                                                                     
  [Client 3] Finished training in 3.98s                                                                                                                     
  [Client 2] Starting local training...                                                                                                                     
  [Client 2] Finished training in 6.83s                                                                                                                     
  [Client 9] Starting local training...                                                                                                                     
  [Client 9] Finished training in 5.44s                                                                                                                     
  [Client 6] Starting local training...                                                                                                                     
  [Client 6] Finished training in 6.47s                                                                                                                     
  [Client 7] Starting local training...                                                                                                                     
  [Client 7] Finished training in 3.83s                                                                                                                     
  [Client 1] Starting local training...                                                                                                                     
  [Client 1] Finished training in 15.03s                                                                                                                    
  [Client 4] Starting local training...                                                                                                                     
  [Client 4] Finished training in 3.39s                                                                                                                     
  [Client 5] Starting local training...                                                                                                                     
  [Client 5] Finished training in 10.61s                                                                                                                    
  [Client 0] Starting local training...                                                                                                                     
  [Client 0] Finished training in 14.29s                                                                                                                    
[Round 7] layer_lambdas: drop_path=0.0101, 0=0.0216, 1=0.0228, 2=0.0178, 3=0.0186, 4=0.0156, 5=0.0160, 6=0.0178, 7=0.0129, 8=0.0083, 9=0.0091, 10=0.0197,   
11=0.0097, norm_f=0.0000, classifier=0.2000                                                                                                                 
[FedLateGram Round 8] avg task: 1.2358 | avg gram: 0.0061                                                                                                   
ROUND 8 FINISHED in 82.45s (Avg: 83.05s)                                                                                                                    
  [FedLateGram] Saved checkpoint after round 8 →                                                                                                            
/home/luis.mendezl/Thesis/logs/runs/cifar10/fedlategram/vim_tiny/alpha0.3/seed42_second/checkpoints/training_state.pt                                       
---------------------------- ROUND 9/50 START ----------------------------                                                                                  
Selected clients: [3, 0, 5, 9, 2, 8, 1, 7, 6, 4]                                                                                                            
  [Client 3] Starting local training...                                                                                                                     
  [Client 3] Finished training in 3.69s                                                                                                                     
  [Client 0] Starting local training...                                                                                                                     
  [Client 0] Finished training in 13.37s                                                                                                                    
  [Client 5] Starting local training...                                                                                                                     
  [Client 5] Finished training in 11.40s                                                                                                                    
  [Client 9] Starting local training...                                                                                                                     
  [Client 9] Finished training in 6.63s                                                                                                                     
  [Client 2] Starting local training...                                                                                                                     
  [Client 2] Finished training in 8.29s                                                                                                                     
  [Client 8] Starting local training...                                                                                                                     
  [Client 8] Finished training in 9.76s                                                                                                                     
  [Client 1] Starting local training...                                                                                                                     
  [Client 1] Finished training in 15.27s                                                                                                                    
  [Client 7] Starting local training...                                                                                                                     
  [Client 7] Finished training in 3.54s                                                                                                                     
  [Client 6] Starting local training...                                                                                                                     
  [Client 6] Finished training in 6.60s                                                                                                                     
  [Client 4] Starting local training...                                                                                                                     
  [Client 4] Finished training in 3.06s                                                                                                                     
[Round 8] layer_lambdas: drop_path=0.0092, 0=0.0222, 1=0.0220, 2=0.0183, 3=0.0160, 4=0.0210, 5=0.0127, 6=0.0177, 7=0.0101, 8=0.0107, 9=0.0107, 10=0.0208,   
11=0.0086, norm_f=0.0000, classifier=0.2000                                                                                                                 
[FedLateGram Round 9] avg task: 1.2039 | avg gram: 0.0053                                                                                                   
ROUND 9 FINISHED in 82.58s (Avg: 82.99s)                                                                                                                    
  [FedLateGram] Saved checkpoint after round 9 →                                                                                                            
/home/luis.mendezl/Thesis/logs/runs/cifar10/fedlategram/vim_tiny/alpha0.3/seed42_second/checkpoints/training_state.pt                                       
---------------------------- ROUND 10/50 START ----------------------------                                                                                 
Selected clients: [7, 6, 9, 1, 2, 8, 4, 5, 3, 0]                                                                                                            
  [Client 7] Starting local training...                                                                                                                     
  [Client 7] Finished training in 4.11s                                                                                                                     
client [7]  (testset)   loss: 2.0627 -> 1.0371  accuracy: 26.00% -> 58.00%                                                                                  
  [Client 6] Starting local training...                                                                                                                     
  [Client 6] Finished training in 6.95s                                                                                                                     
client [6]  (testset)   loss: 1.5311 -> 1.3839  accuracy: 45.22% -> 43.48%                                                                                  
  [Client 9] Starting local training...                                                                                                                     
  [Client 9] Finished training in 5.87s                                                                                                                     
client [9]  (testset)   loss: 1.9748 -> 1.9088  accuracy: 24.55% -> 46.36%                                                                                  
  [Client 1] Starting local training...                                                                                                                     
  [Client 1] Finished training in 12.93s                                                                                                                    
client [1]  (testset)   loss: 1.9896 -> 1.5030  accuracy: 21.69% -> 48.47%                                                                                  
  [Client 2] Starting local training...                                                                                                                     
  [Client 2] Finished training in 9.19s                                                                                                                     
client [2]  (testset)   loss: 1.7253 -> 1.8495  accuracy: 42.14% -> 42.14%                                                                                  
  [Client 8] Starting local training...                                                                                                                     
  [Client 8] Finished training in 11.54s                                                                                                                    
client [8]  (testset)   loss: 1.8659 -> 1.4174  accuracy: 35.65% -> 52.78%                                                                                  
  [Client 4] Starting local training...                                                                                                                     
  [Client 4] Finished training in 2.89s                                                                                                                     
client [4]  (testset)   loss: 1.8227 -> 0.8108  accuracy: 29.73% -> 70.27%                                                                                  
  [Client 5] Starting local training...                                                                                                                     
  [Client 5] Finished training in 11.40s                                                                                                                    
client [5]  (testset)   loss: 2.1263 -> 0.8267  accuracy: 25.24% -> 70.95%                                                                                  
  [Client 3] Starting local training...                                                                                                                     
  [Client 3] Finished training in 3.70s                                                                                                                     
client [3]  (testset)   loss: 2.0084 -> 1.7435  accuracy: 30.23% -> 51.16%                                                                                  
  [Client 0] Starting local training...                                                                                                                     
  [Client 0] Finished training in 11.76s                                                                                                                    
client [0]  (testset)   loss: 1.9306 -> 1.1189  accuracy: 26.33% -> 60.85%                                                                                  
[Round 9] layer_lambdas: drop_path=0.0103, 0=0.0204, 1=0.0178, 2=0.0182, 3=0.0173, 4=0.0170, 5=0.0145, 6=0.0154, 7=0.0143, 8=0.0117, 9=0.0122, 10=0.0203,   
11=0.0107, norm_f=0.0000, classifier=0.2000                                                                                                                 
[FedLateGram Round 10] avg task: 1.1757 | avg gram: 0.0046                                                                                                  
  [CKA] Saved checkpoints for round 10 (10 clients) →                                                                                                       
/home/luis.mendezl/Thesis/logs/runs/cifar10/fedlategram/vim_tiny/alpha0.3/seed42_second/checkpoints/round_0010                                              
ROUND 10 FINISHED in 82.91s (Avg: 82.98s)                                                                                                                   
  [FedLateGram] Saved checkpoint after round 10 →                                                                                                           
/home/luis.mendezl/Thesis/logs/runs/cifar10/fedlategram/vim_tiny/alpha0.3/seed42_second/checkpoints/training_state.pt                                       
---------------------------- ROUND 11/50 START ----------------------------                                                                                 
Selected clients: [9, 6, 5, 1, 8, 4, 3, 0, 2, 7]                                                                                                            
  [Client 9] Starting local training...                                                                                                                     
  [Client 9] Finished training in 6.73s                                                                                                                     
  [Client 6] Starting local training...                                                                                                                     
  [Client 6] Finished training in 6.60s                                                                                                                     
  [Client 5] Starting local training...                                                                                                                     
  [Client 5] Finished training in 10.81s                                                                                                                    
  [Client 1] Starting local training...                                                                                                                     
  [Client 1] Finished training in 14.13s                                                                                                                    
  [Client 8] Starting local training...                                                                                                                     
  [Client 8] Finished training in 9.40s                                                                                                                     
  [Client 4] Starting local training...                                                                                                                     
  [Client 4] Finished training in 3.32s                                                                                                                     
  [Client 3] Starting local training...                                                                                                                     
  [Client 3] Finished training in 3.91s                                                                                                                     
  [Client 0] Starting local training...                                                                                                                     
  [Client 0] Finished training in 12.74s                                                                                                                    
  [Client 2] Starting local training...                                                                                                                     
  [Client 2] Finished training in 8.05s                                                                                                                     
  [Client 7] Starting local training...                                                                                                                     
  [Client 7] Finished training in 3.57s                                                                                                                     
[Round 10] layer_lambdas: drop_path=0.0093, 0=0.0225, 1=0.0233, 2=0.0187, 3=0.0171, 4=0.0169, 5=0.0126, 6=0.0168, 7=0.0102, 8=0.0091, 9=0.0088, 10=0.0260,  
11=0.0087, norm_f=0.0000, classifier=0.2000                                                                                                                 
[FedLateGram Round 11] avg task: 1.1397 | avg gram: 0.0042                                                                                                  
ROUND 11 FINISHED in 80.23s (Avg: 82.73s)                                                                                                                   
  [FedLateGram] Saved checkpoint after round 11 →                                                                                                           
/home/luis.mendezl/Thesis/logs/runs/cifar10/fedlategram/vim_tiny/alpha0.3/seed42_second/checkpoints/training_state.pt                                       
---------------------------- ROUND 12/50 START ----------------------------                                                                                 
Selected clients: [2, 9, 6, 4, 0, 3, 7, 8, 1, 5]                                                                                                            
  [Client 2] Starting local training...                                                                                                                     
  [Client 2] Finished training in 8.74s                                                                                                                     
  [Client 9] Starting local training...                                                                                                                     
  [Client 9] Finished training in 5.39s                                                                                                                     
  [Client 6] Starting local training...                                                                                                                     
  [Client 6] Finished training in 5.96s                                                                                                                     
  [Client 4] Starting local training...                                                                                                                     
  [Client 4] Finished training in 3.34s                                                                                                                     
  [Client 0] Starting local training...                                                                                                                     
  [Client 0] Finished training in 13.33s                                                                                                                    
  [Client 3] Starting local training...                                                                                                                     
  [Client 3] Finished training in 3.77s                                                                                                                     
  [Client 7] Starting local training...                                                                                                                     
  [Client 7] Finished training in 3.80s                                                                                                                     
  [Client 8] Starting local training...                                                                                                                     
  [Client 8] Finished training in 10.12s                                                                                                                    
  [Client 1] Starting local training...                                                                                                                     
  [Client 1] Finished training in 16.03s                                                                                                                    
  [Client 5] Starting local training...                                                                                                                     
  [Client 5] Finished training in 9.00s                                                                                                                     
[Round 11] layer_lambdas: drop_path=0.0095, 0=0.0228, 1=0.0187, 2=0.0194, 3=0.0159, 4=0.0203, 5=0.0113, 6=0.0155, 7=0.0109, 8=0.0114, 9=0.0115, 10=0.0235,  
11=0.0093, norm_f=0.0000, classifier=0.2000                                                                                                                 
[FedLateGram Round 12] avg task: 1.1209 | avg gram: 0.0048                                                                                                  
ROUND 12 FINISHED in 80.52s (Avg: 82.55s)                                                                                                                   
  [FedLateGram] Saved checkpoint after round 12 →                                                                                                           
/home/luis.mendezl/Thesis/logs/runs/cifar10/fedlategram/vim_tiny/alpha0.3/seed42_second/checkpoints/training_state.pt                                       
---------------------------- ROUND 13/50 START ----------------------------                                                                                 
Selected clients: [8, 0, 1, 5, 4, 2, 6, 9, 7, 3]                                                                                                            
  [Client 8] Starting local training...                                                                                                                     
  [Client 8] Finished training in 11.70s                                                                                                                    
  [Client 0] Starting local training...                                                                                                                     
  [Client 0] Finished training in 13.81s                                                                                                                    
  [Client 1] Starting local training...                                                                                                                     
  [Client 1] Finished training in 15.15s                                                                                                                    
  [Client 5] Starting local training...                                                                                                                     
  [Client 5] Finished training in 8.94s                                                                                                                     
  [Client 4] Starting local training...                                                                                                                     
  [Client 4] Finished training in 3.24s                                                                                                                     
  [Client 2] Starting local training...                                                                                                                     
  [Client 2] Finished training in 7.91s                                                                                                                     
  [Client 6] Starting local training...                                                                                                                     
  [Client 6] Finished training in 6.59s                                                                                                                     
  [Client 9] Starting local training...                                                                                                                     
  [Client 9] Finished training in 6.16s                                                                                                                     
  [Client 7] Starting local training...                                                                                                                     
  [Client 7] Finished training in 4.11s                                                                                                                     
  [Client 3] Starting local training...                                                                                                                     
  [Client 3] Finished training in 4.17s                                                                                                                     
[Round 12] layer_lambdas: drop_path=0.0088, 0=0.0229, 1=0.0217, 2=0.0210, 3=0.0163, 4=0.0222, 5=0.0130, 6=0.0128, 7=0.0104, 8=0.0106, 9=0.0105, 10=0.0214,  
11=0.0084, norm_f=0.0000, classifier=0.2000                                                                                                                 
[FedLateGram Round 13] avg task: 1.0861 | avg gram: 0.0044                                                                                                  
ROUND 13 FINISHED in 82.67s (Avg: 82.56s)                                                                                                                   
  [FedLateGram] Saved checkpoint after round 13 →                                                                                                           
/home/luis.mendezl/Thesis/logs/runs/cifar10/fedlategram/vim_tiny/alpha0.3/seed42_second/checkpoints/training_state.pt                                       
---------------------------- ROUND 14/50 START ----------------------------                                                                                 
Selected clients: [2, 7, 0, 5, 6, 9, 1, 4, 8, 3]                                                                                                            
  [Client 2] Starting local training...                                                                                                                     
  [Client 2] Finished training in 8.26s                                                                                                                     
  [Client 7] Starting local training...                                                                                                                     
  [Client 7] Finished training in 3.79s                                                                                                                     
  [Client 0] Starting local training...                                                                                                                     
  [Client 0] Finished training in 12.12s                                                                                                                    
  [Client 5] Starting local training...                                                                                                                     
  [Client 5] Finished training in 12.06s                                                                                                                    
  [Client 6] Starting local training...                                                                                                                     
  [Client 6] Finished training in 6.79s                                                                                                                     
  [Client 9] Starting local training...                                                                                                                     
  [Client 9] Finished training in 6.42s                                                                                                                     
  [Client 1] Starting local training...                                                                                                                     
  [Client 1] Finished training in 14.92s                                                                                                                    
  [Client 4] Starting local training...                                                                                                                     
  [Client 4] Finished training in 3.07s                                                                                                                     
  [Client 8] Starting local training...                                                                                                                     
  [Client 8] Finished training in 9.26s                                                                                                                     
  [Client 3] Starting local training...                                                                                                                     
  [Client 3] Finished training in 3.80s                                                                                                                     
[Round 13] layer_lambdas: drop_path=0.0106, 0=0.0209, 1=0.0195, 2=0.0220, 3=0.0179, 4=0.0180, 5=0.0132, 6=0.0101, 7=0.0133, 8=0.0121, 9=0.0124, 10=0.0201,  
11=0.0100, norm_f=0.0000, classifier=0.2000                                                                                                                 
[FedLateGram Round 14] avg task: 1.0702 | avg gram: 0.0048                                                                                                  
ROUND 14 FINISHED in 81.39s (Avg: 82.48s)                                                                                                                   
  [FedLateGram] Saved checkpoint after round 14 →                                                                                                           
/home/luis.mendezl/Thesis/logs/runs/cifar10/fedlategram/vim_tiny/alpha0.3/seed42_second/checkpoints/training_state.pt                                       
---------------------------- ROUND 15/50 START ----------------------------                                                                                 
Selected clients: [8, 3, 2, 7, 1, 4, 0, 6, 5, 9]                                                                                                            
  [Client 8] Starting local training...                                                                                                                     
  [Client 8] Finished training in 11.66s                                                                                                                    
  [Client 3] Starting local training...                                                                                                                     
  [Client 3] Finished training in 3.94s                                                                                                                     
  [Client 2] Starting local training...                                                                                                                     
  [Client 2] Finished training in 8.17s                                                                                                                     
  [Client 7] Starting local training...                                                                                                                     
  [Client 7] Finished training in 3.86s                                                                                                                     
  [Client 1] Starting local training...                                                                                                                     
  [Client 1] Finished training in 14.27s                                                                                                                    
  [Client 4] Starting local training...                                                                                                                     
  [Client 4] Finished training in 3.66s                                                                                                                     
  [Client 0] Starting local training...                                                                                                                     
  [Client 0] Finished training in 13.74s                                                                                                                    
  [Client 6] Starting local training...                                                                                                                     
  [Client 6] Finished training in 6.26s                                                                                                                     
  [Client 5] Starting local training...                                                                                                                     
  [Client 5] Finished training in 11.73s                                                                                                                    
  [Client 9] Starting local training...                                                                                                                     
  [Client 9] Finished training in 6.72s                                                                                                                     
[Round 14] layer_lambdas: drop_path=0.0089, 0=0.0224, 1=0.0187, 2=0.0201, 3=0.0166, 4=0.0217, 5=0.0112, 6=0.0120, 7=0.0132, 8=0.0110, 9=0.0109, 10=0.0243,  
11=0.0091, norm_f=0.0000, classifier=0.2000                                                                                                                 
[FedLateGram Round 15] avg task: 1.0533 | avg gram: 0.0048                                                                                                  
ROUND 15 FINISHED in 84.93s (Avg: 82.64s)                                                                                                                   
  [FedLateGram] Saved checkpoint after round 15 →                                                                                                           
/home/luis.mendezl/Thesis/logs/runs/cifar10/fedlategram/vim_tiny/alpha0.3/seed42_second/checkpoints/training_state.pt                                       
---------------------------- ROUND 16/50 START ----------------------------                                                                                 
Selected clients: [0, 1, 5, 6, 2, 8, 9, 3, 7, 4]                                                                                                            
  [Client 0] Starting local training...                                                                                                                     
  [Client 0] Finished training in 12.17s                                                                                                                    
  [Client 1] Starting local training...                                                                                                                     
  [Client 1] Finished training in 14.43s                                                                                                                    
  [Client 5] Starting local training...                                                                                                                     
  [Client 5] Finished training in 11.46s                                                                                                                    
  [Client 6] Starting local training...                                                                                                                     
  [Client 6] Finished training in 6.52s                                                                                                                     
  [Client 2] Starting local training...                                                                                                                     
  [Client 2] Finished training in 8.30s                                                                                                                     
  [Client 8] Starting local training...                                                                                                                     
  [Client 8] Finished training in 11.11s                                                                                                                    
  [Client 9] Starting local training...                                                                                                                     
  [Client 9] Finished training in 5.56s                                                                                                                     
  [Client 3] Starting local training...                                                                                                                     
  [Client 3] Finished training in 4.65s                                                                                                                     
  [Client 7] Starting local training...                                                                                                                     
  [Client 7] Finished training in 3.68s                                                                                                                     
  [Client 4] Starting local training...                                                                                                                     
  [Client 4] Finished training in 3.39s                                                                                                                     
[Round 15] layer_lambdas: drop_path=0.0089, 0=0.0207, 1=0.0175, 2=0.0237, 3=0.0207, 4=0.0238, 5=0.0125, 6=0.0092, 7=0.0113, 8=0.0127, 9=0.0109, 10=0.0192,  
11=0.0090, norm_f=0.0000, classifier=0.2000                                                                                                                 
[FedLateGram Round 16] avg task: 1.0446 | avg gram: 0.0055                                                                                                  
ROUND 16 FINISHED in 82.23s (Avg: 82.61s)                                                                                                                   
  [FedLateGram] Saved checkpoint after round 16 →                                                                                                           
/home/luis.mendezl/Thesis/logs/runs/cifar10/fedlategram/vim_tiny/alpha0.3/seed42_second/checkpoints/training_state.pt                                       
---------------------------- ROUND 17/50 START ----------------------------                                                                                 
Selected clients: [7, 1, 2, 8, 5, 3, 6, 4, 9, 0]                                                                                                            
  [Client 7] Starting local training...                                                                                                                     
  [Client 7] Finished training in 4.00s                                                                                                                     
  [Client 1] Starting local training...                                                                                                                     
  [Client 1] Finished training in 13.90s                                                                                                                    
  [Client 2] Starting local training...                                                                                                                     
  [Client 2] Finished training in 8.40s                                                                                                                     
  [Client 8] Starting local training...                                                                                                                     
  [Client 8] Finished training in 10.87s                                                                                                                    
  [Client 5] Starting local training...                                                                                                                     
  [Client 5] Finished training in 9.51s                                                                                                                     
  [Client 3] Starting local training...                                                                                                                     
  [Client 3] Finished training in 4.15s                                                                                                                     
  [Client 6] Starting local training...                                                                                                                     
  [Client 6] Finished training in 7.65s                                                                                                                     
  [Client 4] Starting local training...                                                                                                                     
  [Client 4] Finished training in 3.36s                                                                                                                     
  [Client 9] Starting local training...                                                                                                                     
  [Client 9] Finished training in 7.20s                                                                                                                     
  [Client 0] Starting local training...                                                                                                                     
  [Client 0] Finished training in 13.67s                                                                                                                    
[Round 16] layer_lambdas: drop_path=0.0095, 0=0.0228, 1=0.0187, 2=0.0239, 3=0.0161, 4=0.0191, 5=0.0127, 6=0.0110, 7=0.0117, 8=0.0121, 9=0.0128, 10=0.0205,  
11=0.0092, norm_f=0.0000, classifier=0.2000                                                                                                                 
[FedLateGram Round 17] avg task: 1.0157 | avg gram: 0.0054                                                                                                  
ROUND 17 FINISHED in 83.63s (Avg: 82.67s)                                                                                                                   
  [FedLateGram] Saved checkpoint after round 17 →                                                                                                           
/home/luis.mendezl/Thesis/logs/runs/cifar10/fedlategram/vim_tiny/alpha0.3/seed42_second/checkpoints/training_state.pt                                       
---------------------------- ROUND 18/50 START ----------------------------                                                                                 
Selected clients: [8, 3, 4, 9, 5, 2, 6, 7, 1, 0]                                                                                                            
  [Client 8] Starting local training...                                                                                                                     
  [Client 8] Finished training in 9.23s                                                                                                                     
  [Client 3] Starting local training...                                                                                                                     
  [Client 3] Finished training in 4.52s                                                                                                                     
  [Client 4] Starting local training...                                                                                                                     
  [Client 4] Finished training in 3.21s                                                                                                                     
  [Client 9] Starting local training...                                                                                                                     
  [Client 9] Finished training in 6.52s                                                                                                                     
  [Client 5] Starting local training...                                                                                                                     
  [Client 5] Finished training in 10.78s                                                                                                                    
  [Client 2] Starting local training...                                                                                                                     
  [Client 2] Finished training in 8.79s                                                                                                                     
  [Client 6] Starting local training...                                                                                                                     
  [Client 6] Finished training in 6.66s                                                                                                                     
  [Client 7] Starting local training...                                                                                                                     
  [Client 7] Finished training in 3.61s                                                                                                                     
  [Client 1] Starting local training...                                                                                                                     
  [Client 1] Finished training in 13.19s                                                                                                                    
  [Client 0] Starting local training...                                                                                                                     
  [Client 0] Finished training in 12.53s                                                                                                                    
[Round 17] layer_lambdas: drop_path=0.0094, 0=0.0212, 1=0.0194, 2=0.0205, 3=0.0180, 4=0.0214, 5=0.0142, 6=0.0092, 7=0.0123, 8=0.0108, 9=0.0114, 10=0.0230,  
11=0.0091, norm_f=0.0000, classifier=0.2000                                                                                                                 
[FedLateGram Round 18] avg task: 0.9946 | avg gram: 0.0057                                                                                                  
ROUND 18 FINISHED in 80.09s (Avg: 82.53s)                                                                                                                   
  [FedLateGram] Saved checkpoint after round 18 →                                                                                                           
/home/luis.mendezl/Thesis/logs/runs/cifar10/fedlategram/vim_tiny/alpha0.3/seed42_second/checkpoints/training_state.pt                                       
---------------------------- ROUND 19/50 START ----------------------------                                                                                 
Selected clients: [3, 9, 1, 2, 0, 4, 7, 6, 5, 8]                                                                                                            
  [Client 3] Starting local training...                                                                                                                     
  [Client 3] Finished training in 4.01s                                                                                                                     
  [Client 9] Starting local training...                                                                                                                     
  [Client 9] Finished training in 6.35s                                                                                                                     
  [Client 1] Starting local training...                                                                                                                     
  [Client 1] Finished training in 14.16s                                                                                                                    
  [Client 2] Starting local training...                                                                                                                     
  [Client 2] Finished training in 8.95s                                                                                                                     
  [Client 0] Starting local training...                                                                                                                     
  [Client 0] Finished training in 12.57s                                                                                                                    
  [Client 4] Starting local training...                                                                                                                     
  [Client 4] Finished training in 3.29s                                                                                                                     
  [Client 7] Starting local training...                                                                                                                     
  [Client 7] Finished training in 3.66s                                                                                                                     
  [Client 6] Starting local training...                                                                                                                     
  [Client 6] Finished training in 6.65s                                                                                                                     
  [Client 5] Starting local training...                                                                                                                     
  [Client 5] Finished training in 10.44s                                                                                                                    
  [Client 8] Starting local training...                                                                                                                     
  [Client 8] Finished training in 11.76s                                                                                                                    
[Round 18] layer_lambdas: drop_path=0.0102, 0=0.0221, 1=0.0187, 2=0.0227, 3=0.0182, 4=0.0217, 5=0.0108, 6=0.0100, 7=0.0118, 8=0.0137, 9=0.0128, 10=0.0172,  
11=0.0103, norm_f=0.0000, classifier=0.2000                                                                                                                 
[FedLateGram Round 19] avg task: 0.9665 | avg gram: 0.0058                                                                                                  
ROUND 19 FINISHED in 82.80s (Avg: 82.55s)                                                                                                                   
  [FedLateGram] Saved checkpoint after round 19 →                                                                                                           
/home/luis.mendezl/Thesis/logs/runs/cifar10/fedlategram/vim_tiny/alpha0.3/seed42_second/checkpoints/training_state.pt                                       
---------------------------- ROUND 20/50 START ----------------------------                                                                                 
Selected clients: [1, 0, 3, 8, 6, 2, 5, 4, 7, 9]                                                                                                            
  [Client 1] Starting local training...                                                                                                                     
  [Client 1] Finished training in 13.38s                                                                                                                    
client [1]  (testset)   loss: 1.9208 -> 1.5671  accuracy: 26.10% -> 51.86%                                                                                  
  [Client 0] Starting local training...                                                                                                                     
  [Client 0] Finished training in 14.41s                                                                                                                    
client [0]  (testset)   loss: 1.7957 -> 1.0896  accuracy: 36.65% -> 67.26%                                                                                  
  [Client 3] Starting local training...                                                                                                                     
  [Client 3] Finished training in 3.82s                                                                                                                     
client [3]  (testset)   loss: 1.9648 -> 1.9872  accuracy: 34.88% -> 53.49%                                                                                  
  [Client 8] Starting local training...                                                                                                                     
  [Client 8] Finished training in 12.75s                                                                                                                    
client [8]  (testset)   loss: 1.7813 -> 1.2968  accuracy: 43.06% -> 59.26%                                                                                  
  [Client 6] Starting local training...                                                                                                                     
  [Client 6] Finished training in 6.05s                                                                                                                     
client [6]  (testset)   loss: 1.3402 -> 1.2164  accuracy: 47.83% -> 51.30%                                                                                  
  [Client 2] Starting local training...                                                                                                                     
  [Client 2] Finished training in 8.04s                                                                                                                     
client [2]  (testset)   loss: 1.6071 -> 1.8152  accuracy: 45.00% -> 45.71%                                                                                  
  [Client 5] Starting local training...                                                                                                                     
  [Client 5] Finished training in 10.81s                                                                                                                    
client [5]  (testset)   loss: 2.0650 -> 0.9136  accuracy: 27.62% -> 64.29%                                                                                  
  [Client 4] Starting local training...                                                                                                                     
  [Client 4] Finished training in 3.07s                                                                                                                     
client [4]  (testset)   loss: 1.6752 -> 0.7262  accuracy: 40.54% -> 81.08%                                                                                  
  [Client 7] Starting local training...                                                                                                                     
  [Client 7] Finished training in 3.99s                                                                                                                     
client [7]  (testset)   loss: 2.1456 -> 1.1351  accuracy: 26.00% -> 54.00%                                                                                  
  [Client 9] Starting local training...                                                                                                                     
  [Client 9] Finished training in 6.31s                                                                                                                     
client [9]  (testset)   loss: 1.7740 -> 1.6699  accuracy: 38.18% -> 50.91%                                                                                  
[Round 19] layer_lambdas: drop_path=0.0101, 0=0.0211, 1=0.0183, 2=0.0247, 3=0.0186, 4=0.0246, 5=0.0122, 6=0.0087, 7=0.0109, 8=0.0103, 9=0.0117, 10=0.0190,  
11=0.0099, norm_f=0.0000, classifier=0.2000                                                                                                                 
[FedLateGram Round 20] avg task: 0.9575 | avg gram: 0.0058                                                                                                  
  [CKA] Saved checkpoints for round 20 (10 clients) →                                                                                                       
/home/luis.mendezl/Thesis/logs/runs/cifar10/fedlategram/vim_tiny/alpha0.3/seed42_second/checkpoints/round_0020                                              
ROUND 20 FINISHED in 85.38s (Avg: 82.69s)                                                                                                                   
  [FedLateGram] Saved checkpoint after round 20 →                                                                                                           
/home/luis.mendezl/Thesis/logs/runs/cifar10/fedlategram/vim_tiny/alpha0.3/seed42_second/checkpoints/training_state.pt                                       
---------------------------- ROUND 21/50 START ----------------------------                                                                                 
Selected clients: [7, 3, 2, 5, 4, 6, 8, 0, 1, 9]                                                                                                            
  [Client 7] Starting local training...                                                                                                                     
  [Client 7] Finished training in 3.85s                                                                                                                     
  [Client 3] Starting local training...                                                                                                                     
  [Client 3] Finished training in 3.88s                                                                                                                     
  [Client 2] Starting local training...                                                                                                                     
  [Client 2] Finished training in 8.05s                                                                                                                     
  [Client 5] Starting local training...                                                                                                                     
  [Client 5] Finished training in 11.20s                                                                                                                    
  [Client 4] Starting local training...                                                                                                                     
  [Client 4] Finished training in 3.57s                                                                                                                     
  [Client 6] Starting local training...                                                                                                                     
  [Client 6] Finished training in 6.54s                                                                                                                     
  [Client 8] Starting local training...                                                                                                                     
  [Client 8] Finished training in 9.66s                                                                                                                     
  [Client 0] Starting local training...                                                                                                                     
  [Client 0] Finished training in 14.54s                                                                                                                    
  [Client 1] Starting local training...                                                                                                                     
  [Client 1] Finished training in 14.40s                                                                                                                    
  [Client 9] Starting local training...                                                                                                                     
  [Client 9] Finished training in 6.61s                                                                                                                     
[Round 20] layer_lambdas: drop_path=0.0102, 0=0.0211, 1=0.0211, 2=0.0237, 3=0.0203, 4=0.0197, 5=0.0116, 6=0.0087, 7=0.0119, 8=0.0137, 9=0.0125, 10=0.0152,  
11=0.0102, norm_f=0.0000, classifier=0.2000                                                                                                                 
[FedLateGram Round 21] avg task: 0.9296 | avg gram: 0.0056                                                                                                  
ROUND 21 FINISHED in 83.28s (Avg: 82.71s)                                                                                                                   
  [FedLateGram] Saved checkpoint after round 21 →                                                                                                           
/home/luis.mendezl/Thesis/logs/runs/cifar10/fedlategram/vim_tiny/alpha0.3/seed42_second/checkpoints/training_state.pt                                       
---------------------------- ROUND 22/50 START ----------------------------                                                                                 
Selected clients: [3, 1, 8, 5, 9, 2, 6, 7, 4, 0]                                                                                                            
  [Client 3] Starting local training...                                                                                                                     
  [Client 3] Finished training in 3.81s                                                                                                                     
  [Client 1] Starting local training...                                                                                                                     
  [Client 1] Finished training in 12.17s                                                                                                                    
  [Client 8] Starting local training...                                                                                                                     
  [Client 8] Finished training in 11.89s                                                                                                                    
  [Client 5] Starting local training...                                                                                                                     
  [Client 5] Finished training in 11.54s                                                                                                                    
  [Client 9] Starting local training...                                                                                                                     
  [Client 9] Finished training in 6.26s                                                                                                                     
  [Client 2] Starting local training...                                                                                                                     
  [Client 2] Finished training in 8.06s                                                                                                                     
  [Client 6] Starting local training...                                                                                                                     
  [Client 6] Finished training in 7.53s                                                                                                                     
  [Client 7] Starting local training...                                                                                                                     
  [Client 7] Finished training in 4.04s                                                                                                                     
  [Client 4] Starting local training...                                                                                                                     
  [Client 4] Finished training in 3.35s                                                                                                                     
  [Client 0] Starting local training...                                                                                                                     
  [Client 0] Finished training in 11.88s                                                                                                                    
[Round 21] layer_lambdas: drop_path=0.0108, 0=0.0195, 1=0.0186, 2=0.0234, 3=0.0163, 4=0.0200, 5=0.0175, 6=0.0088, 7=0.0145, 8=0.0121, 9=0.0141, 10=0.0141,  
11=0.0104, norm_f=0.0000, classifier=0.2000                                                                                                                 
[FedLateGram Round 22] avg task: 0.9034 | avg gram: 0.0068                                                                                                  
ROUND 22 FINISHED in 81.52s (Avg: 82.66s)                                                                                                                   
  [FedLateGram] Saved checkpoint after round 22 →                                                                                                           
/home/luis.mendezl/Thesis/logs/runs/cifar10/fedlategram/vim_tiny/alpha0.3/seed42_second/checkpoints/training_state.pt                                       
---------------------------- ROUND 23/50 START ----------------------------                                                                                 
Selected clients: [1, 0, 6, 5, 2, 8, 9, 4, 7, 3]                                                                                                            
  [Client 1] Starting local training...                                                                                                                     
  [Client 1] Finished training in 15.74s                                                                                                                    
  [Client 0] Starting local training...                                                                                                                     
  [Client 0] Finished training in 14.50s                                                                                                                    
  [Client 6] Starting local training...                                                                                                                     
  [Client 6] Finished training in 6.69s                                                                                                                     
  [Client 5] Starting local training...                                                                                                                     
  [Client 5] Finished training in 10.40s                                                                                                                    
  [Client 2] Starting local training...                                                                                                                     
  [Client 2] Finished training in 7.07s                                                                                                                     
  [Client 8] Starting local training...                                                                                                                     
  [Client 8] Finished training in 11.05s                                                                                                                    
  [Client 9] Starting local training...                                                                                                                     
  [Client 9] Finished training in 7.19s                                                                                                                     
  [Client 4] Starting local training...                                                                                                                     
  [Client 4] Finished training in 3.60s                                                                                                                     
  [Client 7] Starting local training...                                                                                                                     
  [Client 7] Finished training in 4.27s                                                                                                                     
  [Client 3] Starting local training...                                                                                                                     
  [Client 3] Finished training in 3.62s                                                                                                                     
[Round 22] layer_lambdas: drop_path=0.0100, 0=0.0234, 1=0.0205, 2=0.0284, 3=0.0183, 4=0.0195, 5=0.0128, 6=0.0097, 7=0.0109, 8=0.0111, 9=0.0123, 10=0.0131,  
11=0.0098, norm_f=0.0000, classifier=0.2000                                                                                                                 
[FedLateGram Round 23] avg task: 0.8937 | avg gram: 0.0064                                                                                                  
ROUND 23 FINISHED in 85.18s (Avg: 82.77s)                                                                                                                   
  [FedLateGram] Saved checkpoint after round 23 →                                                                                                           
/home/luis.mendezl/Thesis/logs/runs/cifar10/fedlategram/vim_tiny/alpha0.3/seed42_second/checkpoints/training_state.pt                                       
---------------------------- ROUND 24/50 START ----------------------------                                                                                 
Selected clients: [2, 6, 9, 7, 3, 1, 0, 4, 5, 8]                                                                                                            
  [Client 2] Starting local training...                                                                                                                     
  [Client 2] Finished training in 7.94s                                                                                                                     
  [Client 6] Starting local training...                                                                                                                     
  [Client 6] Finished training in 6.37s                                                                                                                     
  [Client 9] Starting local training...                                                                                                                     
  [Client 9] Finished training in 5.51s                                                                                                                     
  [Client 7] Starting local training...                                                                                                                     
  [Client 7] Finished training in 3.83s                                                                                                                     
  [Client 3] Starting local training...                                                                                                                     
  [Client 3] Finished training in 3.74s                                                                                                                     
  [Client 1] Starting local training...                                                                                                                     
  [Client 1] Finished training in 13.58s                                                                                                                    
  [Client 0] Starting local training...                                                                                                                     
  [Client 0] Finished training in 14.78s                                                                                                                    
  [Client 4] Starting local training...                                                                                                                     
  [Client 4] Finished training in 3.30s                                                                                                                     
  [Client 5] Starting local training...                                                                                                                     
  [Client 5] Finished training in 11.00s                                                                                                                    
  [Client 8] Starting local training...                                                                                                                     
  [Client 8] Finished training in 10.46s                                                                                                                    
[Round 23] layer_lambdas: drop_path=0.0114, 0=0.0205, 1=0.0223, 2=0.0228, 3=0.0186, 4=0.0250, 5=0.0128, 6=0.0075, 7=0.0123, 8=0.0102, 9=0.0130, 10=0.0125,  
11=0.0112, norm_f=0.0000, classifier=0.2000                                                                                                                 
[FedLateGram Round 24] avg task: 0.8687 | avg gram: 0.0061                                                                                                  
ROUND 24 FINISHED in 81.74s (Avg: 82.73s)                                                                                                                   
  [FedLateGram] Saved checkpoint after round 24 →                                                                                                           
/home/luis.mendezl/Thesis/logs/runs/cifar10/fedlategram/vim_tiny/alpha0.3/seed42_second/checkpoints/training_state.pt                                       
---------------------------- ROUND 25/50 START ----------------------------                                                                                 
Selected clients: [8, 0, 1, 6, 7, 5, 3, 4, 2, 9]                                                                                                            
  [Client 8] Starting local training...                                                                                                                     
  [Client 8] Finished training in 11.24s                                                                                                                    
  [Client 0] Starting local training...                                                                                                                     
  [Client 0] Finished training in 13.18s                                                                                                                    
  [Client 1] Starting local training...                                                                                                                     
  [Client 1] Finished training in 15.81s                                                                                                                    
  [Client 6] Starting local training...                                                                                                                     
  [Client 6] Finished training in 6.97s                                                                                                                     
  [Client 7] Starting local training...                                                                                                                     
  [Client 7] Finished training in 3.95s                                                                                                                     
  [Client 5] Starting local training...                                                                                                                     
  [Client 5] Finished training in 9.11s                                                                                                                     
  [Client 3] Starting local training...                                                                                                                     
  [Client 3] Finished training in 3.91s                                                                                                                     
  [Client 4] Starting local training...                                                                                                                     
  [Client 4] Finished training in 3.44s                                                                                                                     
  [Client 2] Starting local training...                                                                                                                     
  [Client 2] Finished training in 8.16s                                                                                                                     
  [Client 9] Starting local training...                                                                                                                     
  [Client 9] Finished training in 6.42s                                                                                                                     
[Round 24] layer_lambdas: drop_path=0.0097, 0=0.0245, 1=0.0183, 2=0.0334, 3=0.0197, 4=0.0199, 5=0.0115, 6=0.0098, 7=0.0105, 8=0.0100, 9=0.0124, 10=0.0110,  
11=0.0093, norm_f=0.0000, classifier=0.2000                                                                                                                 
[FedLateGram Round 25] avg task: 0.8417 | avg gram: 0.0064                                                                                                  
ROUND 25 FINISHED in 83.21s (Avg: 82.75s)                                                                                                                   
  [FedLateGram] Saved checkpoint after round 25 →                                                                                                           
/home/luis.mendezl/Thesis/logs/runs/cifar10/fedlategram/vim_tiny/alpha0.3/seed42_second/checkpoints/training_state.pt                                       
---------------------------- ROUND 26/50 START ----------------------------                                                                                 
Selected clients: [6, 0, 2, 3, 8, 9, 7, 1, 4, 5]                                                                                                            
  [Client 6] Starting local training...                                                                                                                     
  [Client 6] Finished training in 7.18s                                                                                                                     
  [Client 0] Starting local training...                                                                                                                     
  [Client 0] Finished training in 13.51s                                                                                                                    
  [Client 2] Starting local training...                                                                                                                     
  [Client 2] Finished training in 6.73s                                                                                                                     
  [Client 3] Starting local training...                                                                                                                     
  [Client 3] Finished training in 4.18s                                                                                                                     
  [Client 8] Starting local training...                                                                                                                     
  [Client 8] Finished training in 10.89s                                                                                                                    
  [Client 9] Starting local training...                                                                                                                     
  [Client 9] Finished training in 6.56s                                                                                                                     
  [Client 7] Starting local training...                                                                                                                     
  [Client 7] Finished training in 3.49s                                                                                                                     
  [Client 1] Starting local training...                                                                                                                     
  [Client 1] Finished training in 16.13s                                                                                                                    
  [Client 4] Starting local training...                                                                                                                     
  [Client 4] Finished training in 3.47s                                                                                                                     
  [Client 5] Starting local training...                                                                                                                     
  [Client 5] Finished training in 10.56s                                                                                                                    
[Round 25] layer_lambdas: drop_path=0.0105, 0=0.0225, 1=0.0233, 2=0.0228, 3=0.0169, 4=0.0212, 5=0.0148, 6=0.0110, 7=0.0113, 8=0.0109, 9=0.0118, 10=0.0127,  
11=0.0104, norm_f=0.0000, classifier=0.2000                                                                                                                 
[FedLateGram Round 26] avg task: 0.8305 | avg gram: 0.0069                                                                                                  
ROUND 26 FINISHED in 83.79s (Avg: 82.79s)                                                                                                                   
  [FedLateGram] Saved checkpoint after round 26 →                                                                                                           
/home/luis.mendezl/Thesis/logs/runs/cifar10/fedlategram/vim_tiny/alpha0.3/seed42_second/checkpoints/training_state.pt                                       
---------------------------- ROUND 27/50 START ----------------------------                                                                                 
Selected clients: [8, 7, 2, 1, 9, 6, 0, 5, 3, 4]                                                                                                            
  [Client 8] Starting local training...                                                                                                                     
  [Client 8] Finished training in 11.09s                                                                                                                    
  [Client 7] Starting local training...                                                                                                                     
  [Client 7] Finished training in 3.77s                                                                                                                     
  [Client 2] Starting local training...                                                                                                                     
  [Client 2] Finished training in 8.47s                                                                                                                     
  [Client 1] Starting local training...                                                                                                                     
  [Client 1] Finished training in 15.67s                                                                                                                    
  [Client 9] Starting local training...                                                                                                                     
  [Client 9] Finished training in 6.39s                                                                                                                     
  [Client 6] Starting local training...                                                                                                                     
  [Client 6] Finished training in 5.64s                                                                                                                     
  [Client 0] Starting local training...                                                                                                                     
  [Client 0] Finished training in 12.70s                                                                                                                    
  [Client 5] Starting local training...                                                                                                                     
  [Client 5] Finished training in 10.44s                                                                                                                    
  [Client 3] Starting local training...                                                                                                                     
  [Client 3] Finished training in 3.94s                                                                                                                     
  [Client 4] Starting local training...                                                                                                                     
  [Client 4] Finished training in 3.34s                                                                                                                     
[Round 26] layer_lambdas: drop_path=0.0102, 0=0.0224, 1=0.0199, 2=0.0255, 3=0.0183, 4=0.0210, 5=0.0147, 6=0.0093, 7=0.0121, 8=0.0093, 9=0.0128, 10=0.0148,  
11=0.0098, norm_f=0.0000, classifier=0.2000                                                                                                                 
[FedLateGram Round 27] avg task: 0.8085 | avg gram: 0.0070                                                                                                  
ROUND 27 FINISHED in 82.50s (Avg: 82.78s)                                                                                                                   
  [FedLateGram] Saved checkpoint after round 27 →                                                                                                           
/home/luis.mendezl/Thesis/logs/runs/cifar10/fedlategram/vim_tiny/alpha0.3/seed42_second/checkpoints/training_state.pt                                       
---------------------------- ROUND 28/50 START ----------------------------                                                                                 
Selected clients: [0, 9, 7, 4, 6, 1, 8, 2, 3, 5]                                                                                                            
  [Client 0] Starting local training...                                                                                                                     
  [Client 0] Finished training in 15.56s                                                                                                                    
  [Client 9] Starting local training...                                                                                                                     
  [Client 9] Finished training in 5.48s                                                                                                                     
  [Client 7] Starting local training...                                                                                                                     
  [Client 7] Finished training in 3.80s                                                                                                                     
  [Client 4] Starting local training...                                                                                                                     
  [Client 4] Finished training in 3.56s                                                                                                                     
  [Client 6] Starting local training...                                                                                                                     
  [Client 6] Finished training in 7.14s                                                                                                                     
  [Client 1] Starting local training...                                                                                                                     
  [Client 1] Finished training in 14.94s                                                                                                                    
  [Client 8] Starting local training...                                                                                                                     
  [Client 8] Finished training in 10.85s                                                                                                                    
  [Client 2] Starting local training...                                                                                                                     
  [Client 2] Finished training in 8.16s                                                                                                                     
  [Client 3] Starting local training...                                                                                                                     
  [Client 3] Finished training in 4.00s                                                                                                                     
  [Client 5] Starting local training...                                                                                                                     
  [Client 5] Finished training in 9.00s                                                                                                                     
[Round 27] layer_lambdas: drop_path=0.0095, 0=0.0233, 1=0.0201, 2=0.0309, 3=0.0166, 4=0.0235, 5=0.0127, 6=0.0090, 7=0.0099, 8=0.0119, 9=0.0130, 10=0.0104,  
11=0.0094, norm_f=0.0000, classifier=0.2000                                                                                                                 
[FedLateGram Round 28] avg task: 0.7873 | avg gram: 0.0071                                                                                                  
ROUND 28 FINISHED in 83.54s (Avg: 82.80s)                                                                                                                   
  [FedLateGram] Saved checkpoint after round 28 →                                                                                                           
/home/luis.mendezl/Thesis/logs/runs/cifar10/fedlategram/vim_tiny/alpha0.3/seed42_second/checkpoints/training_state.pt                                       
---------------------------- ROUND 29/50 START ----------------------------                                                                                 
Selected clients: [1, 9, 3, 7, 0, 4, 8, 2, 5, 6]                                                                                                            
  [Client 1] Starting local training...                                                                                                                     
  [Client 1] Finished training in 15.25s                                                                                                                    
  [Client 9] Starting local training...                                                                                                                     
  [Client 9] Finished training in 6.38s                                                                                                                     
  [Client 3] Starting local training...                                                                                                                     
  [Client 3] Finished training in 3.40s                                                                                                                     
  [Client 7] Starting local training...                                                                                                                     
  [Client 7] Finished training in 3.92s                                                                                                                     
  [Client 0] Starting local training...                                                                                                                     
  [Client 0] Finished training in 13.64s                                                                                                                    
  [Client 4] Starting local training...                                                                                                                     
  [Client 4] Finished training in 2.97s                                                                                                                     
  [Client 8] Starting local training...                                                                                                                     
  [Client 8] Finished training in 9.96s                                                                                                                     
  [Client 2] Starting local training...                                                                                                                     
  [Client 2] Finished training in 7.41s                                                                                                                     
  [Client 5] Starting local training...                                                                                                                     
  [Client 5] Finished training in 10.99s                                                                                                                    
  [Client 6] Starting local training...                                                                                                                     
  [Client 6] Finished training in 6.56s                                                                                                                     
[Round 28] layer_lambdas: drop_path=0.0085, 0=0.0258, 1=0.0221, 2=0.0294, 3=0.0204, 4=0.0186, 5=0.0146, 6=0.0098, 7=0.0111, 8=0.0087, 9=0.0109, 10=0.0118,  
11=0.0085, norm_f=0.0000, classifier=0.2000                                                                                                                 
[FedLateGram Round 29] avg task: 0.7799 | avg gram: 0.0076                                                                                                  
ROUND 29 FINISHED in 81.56s (Avg: 82.76s)                                                                                                                   
  [FedLateGram] Saved checkpoint after round 29 →                                                                                                           
/home/luis.mendezl/Thesis/logs/runs/cifar10/fedlategram/vim_tiny/alpha0.3/seed42_second/checkpoints/training_state.pt                                       
---------------------------- ROUND 30/50 START ----------------------------                                                                                 
Selected clients: [6, 8, 5, 2, 1, 9, 7, 3, 4, 0]                                                                                                            
  [Client 6] Starting local training...                                                                                                                     
  [Client 6] Finished training in 7.41s                                                                                                                     
client [6]  (testset)   loss: 1.3746 -> 1.4445  accuracy: 48.70% -> 53.04%                                                                                  
  [Client 8] Starting local training...                                                                                                                     
  [Client 8] Finished training in 9.70s                                                                                                                     
client [8]  (testset)   loss: 1.8157 -> 1.4948  accuracy: 40.74% -> 56.02%                                                                                  
  [Client 5] Starting local training...                                                                                                                     
  [Client 5] Finished training in 10.96s                                                                                                                    
client [5]  (testset)   loss: 2.1308 -> 0.9742  accuracy: 30.95% -> 67.62%                                                                                  
  [Client 2] Starting local training...                                                                                                                     
  [Client 2] Finished training in 8.57s                                                                                                                     
client [2]  (testset)   loss: 1.6418 -> 1.7253  accuracy: 47.86% -> 57.86%                                                                                  
  [Client 1] Starting local training...                                                                                                                     
  [Client 1] Finished training in 16.20s                                                                                                                    
client [1]  (testset)   loss: 1.8669 -> 1.6643  accuracy: 29.15% -> 50.17%                                                                                  
  [Client 9] Starting local training...                                                                                                                     
  [Client 9] Finished training in 6.76s                                                                                                                     
client [9]  (testset)   loss: 1.7221 -> 1.7778  accuracy: 41.82% -> 49.09%                                                                                  
  [Client 7] Starting local training...                                                                                                                     
  [Client 7] Finished training in 3.73s                                                                                                                     
client [7]  (testset)   loss: 2.1934 -> 1.3992  accuracy: 36.00% -> 56.00%                                                                                  
  [Client 3] Starting local training...                                                                                                                     
  [Client 3] Finished training in 4.00s                                                                                                                     
client [3]  (testset)   loss: 2.0542 -> 1.8985  accuracy: 34.88% -> 58.14%                                                                                  
  [Client 4] Starting local training...                                                                                                                     
  [Client 4] Finished training in 2.98s                                                                                                                     
client [4]  (testset)   loss: 1.7498 -> 0.9475  accuracy: 37.84% -> 75.68%                                                                                  
  [Client 0] Starting local training...                                                                                                                     
  [Client 0] Finished training in 11.50s                                                                                                                    
client [0]  (testset)   loss: 1.7145 -> 1.1680  accuracy: 43.06% -> 67.97%                                                                                  
[Round 29] layer_lambdas: drop_path=0.0091, 0=0.0245, 1=0.0225, 2=0.0243, 3=0.0183, 4=0.0209, 5=0.0141, 6=0.0111, 7=0.0122, 8=0.0094, 9=0.0117, 10=0.0127,  
11=0.0091, norm_f=0.0000, classifier=0.2000                                                                                                                 
[FedLateGram Round 30] avg task: 0.7844 | avg gram: 0.0069                                                                                                  
  [CKA] Saved checkpoints for round 30 (10 clients) →                                                                                                       
/home/luis.mendezl/Thesis/logs/runs/cifar10/fedlategram/vim_tiny/alpha0.3/seed42_second/checkpoints/round_0030                                              
ROUND 30 FINISHED in 84.54s (Avg: 82.82s)                                                                                                                   
  [FedLateGram] Saved checkpoint after round 30 →                                                                                                           
/home/luis.mendezl/Thesis/logs/runs/cifar10/fedlategram/vim_tiny/alpha0.3/seed42_second/checkpoints/training_state.pt                                       
---------------------------- ROUND 31/50 START ----------------------------                                                                                 
Selected clients: [4, 7, 5, 6, 0, 8, 3, 2, 9, 1]                                                                                                            
  [Client 4] Starting local training...                                                                                                                     
  [Client 4] Finished training in 3.29s                                                                                                                     
  [Client 7] Starting local training...                                                                                                                     
  [Client 7] Finished training in 3.89s                                                                                                                     
  [Client 5] Starting local training...                                                                                                                     
  [Client 5] Finished training in 10.72s                                                                                                                    
  [Client 6] Starting local training...                                                                                                                     
  [Client 6] Finished training in 6.66s                                                                                                                     
  [Client 0] Starting local training...                                                                                                                     
  [Client 0] Finished training in 14.29s                                                                                                                    
  [Client 8] Starting local training...                                                                                                                     
  [Client 8] Finished training in 10.05s                                                                                                                    
  [Client 3] Starting local training...                                                                                                                     
  [Client 3] Finished training in 3.91s                                                                                                                     
  [Client 2] Starting local training...                                                                                                                     
  [Client 2] Finished training in 9.22s                                                                                                                     
  [Client 9] Starting local training...                                                                                                                     
  [Client 9] Finished training in 6.29s                                                                                                                     
  [Client 1] Starting local training...                                                                                                                     
  [Client 1] Finished training in 14.72s                                                                                                                    
[Round 30] layer_lambdas: drop_path=0.0094, 0=0.0225, 1=0.0205, 2=0.0277, 3=0.0190, 4=0.0225, 5=0.0138, 6=0.0093, 7=0.0113, 8=0.0124, 9=0.0116, 10=0.0109,  
11=0.0090, norm_f=0.0000, classifier=0.2000                                                                                                                 
[FedLateGram Round 31] avg task: 0.7410 | avg gram: 0.0069                                                                                                  
ROUND 31 FINISHED in 84.04s (Avg: 82.86s)                                                                                                                   
  [FedLateGram] Saved checkpoint after round 31 →                                                                                                           
/home/luis.mendezl/Thesis/logs/runs/cifar10/fedlategram/vim_tiny/alpha0.3/seed42_second/checkpoints/training_state.pt                                       
---------------------------- ROUND 32/50 START ----------------------------                                                                                 
Selected clients: [8, 3, 4, 1, 2, 0, 6, 9, 5, 7]                                                                                                            
  [Client 8] Starting local training...                                                                                                                     
  [Client 8] Finished training in 8.70s                                                                                                                     
  [Client 3] Starting local training...                                                                                                                     
  [Client 3] Finished training in 4.02s                                                                                                                     
  [Client 4] Starting local training...                                                                                                                     
  [Client 4] Finished training in 2.80s                                                                                                                     
  [Client 1] Starting local training...                                                                                                                     
  [Client 1] Finished training in 10.10s                                                                                                                    
  [Client 2] Starting local training...                                                                                                                     
  [Client 2] Finished training in 5.83s                                                                                                                     
  [Client 0] Starting local training...                                                                                                                     
  [Client 0] Finished training in 10.09s                                                                                                                    
  [Client 6] Starting local training...                                                                                                                     
  [Client 6] Finished training in 4.94s                                                                                                                     
  [Client 9] Starting local training...                                                                                                                     
  [Client 9] Finished training in 4.94s                                                                                                                     
  [Client 5] Starting local training...                                                                                                                     
  [Client 5] Finished training in 7.68s                                                                                                                     
  [Client 7] Starting local training...                                                                                                                     
  [Client 7] Finished training in 3.09s                                                                                                                     
[Round 31] layer_lambdas: drop_path=0.0088, 0=0.0260, 1=0.0237, 2=0.0250, 3=0.0200, 4=0.0227, 5=0.0142, 6=0.0103, 7=0.0102, 8=0.0085, 9=0.0109, 10=0.0114,  
11=0.0083, norm_f=0.0000, classifier=0.2000                                                                                                                 
[FedLateGram Round 32] avg task: 0.7346 | avg gram: 0.0074                                                                                                  
ROUND 32 FINISHED in 63.11s (Avg: 82.24s)                                                                                                                   
  [FedLateGram] Saved checkpoint after round 32 →                                                                                                           
/home/luis.mendezl/Thesis/logs/runs/cifar10/fedlategram/vim_tiny/alpha0.3/seed42_second/checkpoints/training_state.pt                                       
---------------------------- ROUND 33/50 START ----------------------------                                                                                 
Selected clients: [7, 8, 4, 9, 5, 6, 0, 2, 1, 3]                                                                                                            
  [Client 7] Starting local training...                                                                                                                     
  [Client 7] Finished training in 3.14s                                                                                                                     
  [Client 8] Starting local training...                                                                                                                     
  [Client 8] Finished training in 7.94s                                                                                                                     
  [Client 4] Starting local training...                                                                                                                     
  [Client 4] Finished training in 2.80s                                                                                                                     
  [Client 9] Starting local training...                                                                                                                     
  [Client 9] Finished training in 4.91s                                                                                                                     
  [Client 5] Starting local training...                                                                                                                     
  [Client 5] Finished training in 7.62s                                                                                                                     
  [Client 6] Starting local training...                                                                                                                     
  [Client 6] Finished training in 4.91s                                                                                                                     
  [Client 0] Starting local training...                                                                                                                     
  [Client 0] Finished training in 9.69s                                                                                                                     
  [Client 2] Starting local training...                                                                                                                     
  [Client 2] Finished training in 5.81s                                                                                                                     
  [Client 1] Starting local training...                                                                                                                     
  [Client 1] Finished training in 9.99s                                                                                                                     
  [Client 3] Starting local training...                                                                                                                     
  [Client 3] Finished training in 3.37s                                                                                                                     
[Round 32] layer_lambdas: drop_path=0.0084, 0=0.0223, 1=0.0238, 2=0.0262, 3=0.0186, 4=0.0212, 5=0.0171, 6=0.0114, 7=0.0098, 8=0.0087, 9=0.0115, 10=0.0126,  
11=0.0084, norm_f=0.0000, classifier=0.2000                                                                                                                 
[FedLateGram Round 33] avg task: 0.7052 | avg gram: 0.0075                                                                                                  
ROUND 33 FINISHED in 61.12s (Avg: 81.60s)                                                                                                                   
  [FedLateGram] Saved checkpoint after round 33 →                                                                                                           
/home/luis.mendezl/Thesis/logs/runs/cifar10/fedlategram/vim_tiny/alpha0.3/seed42_second/checkpoints/training_state.pt                                       
---------------------------- ROUND 34/50 START ----------------------------                                                                                 
Selected clients: [2, 4, 1, 0, 5, 8, 7, 3, 9, 6]                                                                                                            
  [Client 2] Starting local training...                                                                                                                     
  [Client 2] Finished training in 7.28s                                                                                                                     
  [Client 4] Starting local training...                                                                                                                     
  [Client 4] Finished training in 3.20s                                                                                                                     
  [Client 1] Starting local training...                                                                                                                     
  [Client 1] Finished training in 13.37s                                                                                                                    
  [Client 0] Starting local training...                                                                                                                     
  [Client 0] Finished training in 12.91s                                                                                                                    
  [Client 5] Starting local training...                                                                                                                     
  [Client 5] Finished training in 9.69s                                                                                                                     
  [Client 8] Starting local training...                                                                                                                     
  [Client 8] Finished training in 10.02s                                                                                                                    
  [Client 7] Starting local training...                                                                                                                     
  [Client 7] Finished training in 3.51s                                                                                                                     
  [Client 3] Starting local training...                                                                                                                     
  [Client 3] Finished training in 3.99s                                                                                                                     
  [Client 9] Starting local training...                                                                                                                     
  [Client 9] Finished training in 6.21s                                                                                                                     
  [Client 6] Starting local training...                                                                                                                     
  [Client 6] Finished training in 6.24s                                                                                                                     
[Round 33] layer_lambdas: drop_path=0.0088, 0=0.0271, 1=0.0218, 2=0.0258, 3=0.0200, 4=0.0228, 5=0.0132, 6=0.0111, 7=0.0117, 8=0.0084, 9=0.0092, 10=0.0113,  
11=0.0089, norm_f=0.0000, classifier=0.2000                                                                                                                 
[FedLateGram Round 34] avg task: 0.6963 | avg gram: 0.0074                                                                                                  
ROUND 34 FINISHED in 77.34s (Avg: 81.48s)                                                                                                                   
  [FedLateGram] Saved checkpoint after round 34 →                                                                                                           
/home/luis.mendezl/Thesis/logs/runs/cifar10/fedlategram/vim_tiny/alpha0.3/seed42_second/checkpoints/training_state.pt                                       
---------------------------- ROUND 35/50 START ----------------------------                                                                                 
Selected clients: [5, 3, 4, 7, 8, 2, 0, 9, 1, 6]                                                                                                            
  [Client 5] Starting local training...                                                                                                                     
  [Client 5] Finished training in 9.63s                                                                                                                     
  [Client 3] Starting local training...                                                                                                                     
  [Client 3] Finished training in 3.55s                                                                                                                     
  [Client 4] Starting local training...                                                                                                                     
  [Client 4] Finished training in 3.06s                                                                                                                     
  [Client 7] Starting local training...                                                                                                                     
  [Client 7] Finished training in 3.47s                                                                                                                     
  [Client 8] Starting local training...                                                                                                                     
  [Client 8] Finished training in 10.61s                                                                                                                    
  [Client 2] Starting local training...                                                                                                                     
  [Client 2] Finished training in 7.23s                                                                                                                     
  [Client 0] Starting local training...                                                                                                                     
  [Client 0] Finished training in 13.19s                                                                                                                    
  [Client 9] Starting local training...                                                                                                                     
  [Client 9] Finished training in 6.17s                                                                                                                     
  [Client 1] Starting local training...                                                                                                                     
  [Client 1] Finished training in 13.38s                                                                                                                    
  [Client 6] Starting local training...                                                                                                                     
  [Client 6] Finished training in 6.30s                                                                                                                     
[Round 34] layer_lambdas: drop_path=0.0082, 0=0.0242, 1=0.0246, 2=0.0260, 3=0.0205, 4=0.0211, 5=0.0140, 6=0.0114, 7=0.0116, 8=0.0078, 9=0.0107, 10=0.0121,  
11=0.0078, norm_f=0.0000, classifier=0.2000                                                                                                                 
[FedLateGram Round 35] avg task: 0.6777 | avg gram: 0.0074                                                                                                  
ROUND 35 FINISHED in 77.54s (Avg: 81.36s)                                                                                                                   
  [FedLateGram] Saved checkpoint after round 35 →                                                                                                           
/home/luis.mendezl/Thesis/logs/runs/cifar10/fedlategram/vim_tiny/alpha0.3/seed42_second/checkpoints/training_state.pt                                       
---------------------------- ROUND 36/50 START ----------------------------                                                                                 
Selected clients: [0, 9, 5, 6, 1, 2, 7, 4, 3, 8]                                                                                                            
  [Client 0] Starting local training...                                                                                                                     
  [Client 0] Finished training in 12.83s                                                                                                                    
  [Client 9] Starting local training...                                                                                                                     
  [Client 9] Finished training in 5.85s                                                                                                                     
  [Client 5] Starting local training...                                                                                                                     
  [Client 5] Finished training in 9.62s                                                                                                                     
  [Client 6] Starting local training...                                                                                                                     
  [Client 6] Finished training in 6.25s                                                                                                                     
  [Client 1] Starting local training...                                                                                                                     
  [Client 1] Finished training in 13.51s                                                                                                                    
  [Client 2] Starting local training...                                                                                                                     
  [Client 2] Finished training in 7.51s                                                                                                                     
  [Client 7] Starting local training...                                                                                                                     
  [Client 7] Finished training in 3.65s                                                                                                                     
  [Client 4] Starting local training...                                                                                                                     
  [Client 4] Finished training in 3.26s                                                                                                                     
  [Client 3] Starting local training...                                                                                                                     
  [Client 3] Finished training in 3.62s                                                                                                                     
  [Client 8] Starting local training...                                                                                                                     
  [Client 8] Finished training in 10.32s                                                                                                                    
[Round 35] layer_lambdas: drop_path=0.0102, 0=0.0202, 1=0.0196, 2=0.0307, 3=0.0183, 4=0.0233, 5=0.0127, 6=0.0123, 7=0.0102, 8=0.0085, 9=0.0112, 10=0.0132,  
11=0.0097, norm_f=0.0000, classifier=0.2000                                                                                                                 
[FedLateGram Round 36] avg task: 0.6787 | avg gram: 0.0074                                                                                                  
ROUND 36 FINISHED in 77.46s (Avg: 81.26s)                                                                                                                   
  [FedLateGram] Saved checkpoint after round 36 →                                                                                                           
/home/luis.mendezl/Thesis/logs/runs/cifar10/fedlategram/vim_tiny/alpha0.3/seed42_second/checkpoints/training_state.pt                                       
---------------------------- ROUND 37/50 START ----------------------------                                                                                 
Selected clients: [8, 0, 1, 9, 5, 7, 6, 4, 3, 2]                                                                                                            
  [Client 8] Starting local training...                                                                                                                     
  [Client 8] Finished training in 10.71s                                                                                                                    
  [Client 0] Starting local training...                                                                                                                     
  [Client 0] Finished training in 13.14s                                                                                                                    
  [Client 1] Starting local training...                                                                                                                     
  [Client 1] Finished training in 12.60s                                                                                                                    
  [Client 9] Starting local training...                                                                                                                     
  [Client 9] Finished training in 6.22s                                                                                                                     
  [Client 5] Starting local training...                                                                                                                     
  [Client 5] Finished training in 9.95s                                                                                                                     
  [Client 7] Starting local training...                                                                                                                     
  [Client 7] Finished training in 3.62s                                                                                                                     
  [Client 6] Starting local training...                                                                                                                     
  [Client 6] Finished training in 6.22s                                                                                                                     
  [Client 4] Starting local training...                                                                                                                     
  [Client 4] Finished training in 3.22s                                                                                                                     
  [Client 3] Starting local training...                                                                                                                     
  [Client 3] Finished training in 3.71s                                                                                                                     
  [Client 2] Starting local training...                                                                                                                     
  [Client 2] Finished training in 7.57s                                                                                                                     
[Round 36] layer_lambdas: drop_path=0.0081, 0=0.0254, 1=0.0242, 2=0.0276, 3=0.0199, 4=0.0216, 5=0.0151, 6=0.0111, 7=0.0097, 8=0.0080, 9=0.0100, 10=0.0117,  
11=0.0076, norm_f=0.0000, classifier=0.2000                                                                                                                 
[FedLateGram Round 37] avg task: 0.6576 | avg gram: 0.0071                                                                                                  
ROUND 37 FINISHED in 78.05s (Avg: 81.17s)                                                                                                                   
  [FedLateGram] Saved checkpoint after round 37 →                                                                                                           
/home/luis.mendezl/Thesis/logs/runs/cifar10/fedlategram/vim_tiny/alpha0.3/seed42_second/checkpoints/training_state.pt                                       
---------------------------- ROUND 38/50 START ----------------------------                                                                                 
Selected clients: [2, 0, 4, 9, 8, 6, 1, 7, 5, 3]                                                                                                            
  [Client 2] Starting local training...                                                                                                                     
  [Client 2] Finished training in 7.66s                                                                                                                     
  [Client 0] Starting local training...                                                                                                                     
  [Client 0] Finished training in 12.79s                                                                                                                    
  [Client 4] Starting local training...                                                                                                                     
  [Client 4] Finished training in 3.30s                                                                                                                     
  [Client 9] Starting local training...                                                                                                                     
  [Client 9] Finished training in 6.07s                                                                                                                     
  [Client 8] Starting local training...                                                                                                                     
  [Client 8] Finished training in 10.32s                                                                                                                    
  [Client 6] Starting local training...                                                                                                                     
  [Client 6] Finished training in 6.12s                                                                                                                     
  [Client 1] Starting local training...                                                                                                                     
  [Client 1] Finished training in 13.52s                                                                                                                    
  [Client 7] Starting local training...                                                                                                                     
  [Client 7] Finished training in 3.57s                                                                                                                     
  [Client 5] Starting local training...                                                                                                                     
  [Client 5] Finished training in 9.74s                                                                                                                     
  [Client 3] Starting local training...                                                                                                                     
  [Client 3] Finished training in 3.57s                                                                                                                     
[Round 37] layer_lambdas: drop_path=0.0071, 0=0.0278, 1=0.0276, 2=0.0257, 3=0.0167, 4=0.0228, 5=0.0127, 6=0.0121, 7=0.0101, 8=0.0085, 9=0.0098, 10=0.0119,  
11=0.0071, norm_f=0.0000, classifier=0.2000                                                                                                                 
[FedLateGram Round 38] avg task: 0.6433 | avg gram: 0.0072                                                                                                  
ROUND 38 FINISHED in 77.70s (Avg: 81.08s)                                                                                                                   
  [FedLateGram] Saved checkpoint after round 38 →                                                                                                           
/home/luis.mendezl/Thesis/logs/runs/cifar10/fedlategram/vim_tiny/alpha0.3/seed42_second/checkpoints/training_state.pt                                       
---------------------------- ROUND 39/50 START ----------------------------                                                                                 
Selected clients: [5, 8, 6, 4, 9, 1, 7, 0, 2, 3]                                                                                                            
  [Client 5] Starting local training...                                                                                                                     
  [Client 5] Finished training in 9.91s                                                                                                                     
  [Client 8] Starting local training...                                                                                                                     
  [Client 8] Finished training in 10.44s                                                                                                                    
  [Client 6] Starting local training...                                                                                                                     
  [Client 6] Finished training in 6.18s                                                                                                                     
  [Client 4] Starting local training...                                                                                                                     
  [Client 4] Finished training in 3.21s                                                                                                                     
  [Client 9] Starting local training...                                                                                                                     
  [Client 9] Finished training in 6.10s                                                                                                                     
  [Client 1] Starting local training...                                                                                                                     
  [Client 1] Finished training in 13.39s                                                                                                                    
  [Client 7] Starting local training...                                                                                                                     
  [Client 7] Finished training in 3.51s                                                                                                                     
  [Client 0] Starting local training...                                                                                                                     
  [Client 0] Finished training in 12.75s                                                                                                                    
  [Client 2] Starting local training...                                                                                                                     
  [Client 2] Finished training in 7.24s                                                                                                                     
  [Client 3] Starting local training...                                                                                                                     
  [Client 3] Finished training in 3.57s                                                                                                                     
[Round 38] layer_lambdas: drop_path=0.0086, 0=0.0241, 1=0.0228, 2=0.0283, 3=0.0192, 4=0.0219, 5=0.0148, 6=0.0101, 7=0.0102, 8=0.0090, 9=0.0110, 10=0.0121,  
11=0.0079, norm_f=0.0000, classifier=0.2000                                                                                                                 
[FedLateGram Round 39] avg task: 0.6192 | avg gram: 0.0072                                                                                                  
ROUND 39 FINISHED in 77.30s (Avg: 80.98s)                                                                                                                   
  [FedLateGram] Saved checkpoint after round 39 →                                                                                                           
/home/luis.mendezl/Thesis/logs/runs/cifar10/fedlategram/vim_tiny/alpha0.3/seed42_second/checkpoints/training_state.pt                                       
---------------------------- ROUND 40/50 START ----------------------------                                                                                 
Selected clients: [0, 2, 5, 6, 3, 1, 8, 9, 7, 4]                                                                                                            
  [Client 0] Starting local training...                                                                                                                     
  [Client 0] Finished training in 13.21s                                                                                                                    
client [0]  (testset)   loss: 1.8563 -> 1.2729  accuracy: 46.26% -> 61.21%                                                                                  
  [Client 2] Starting local training...                                                                                                                     
  [Client 2] Finished training in 7.37s                                                                                                                     
client [2]  (testset)   loss: 1.7466 -> 1.9120  accuracy: 45.00% -> 50.71%                                                                                  
  [Client 5] Starting local training...                                                                                                                     
  [Client 5] Finished training in 10.07s                                                                                                                    
client [5]  (testset)   loss: 2.2120 -> 1.0847  accuracy: 29.52% -> 64.29%                                                                                  
  [Client 6] Starting local training...                                                                                                                     
  [Client 6] Finished training in 6.26s                                                                                                                     
client [6]  (testset)   loss: 1.4671 -> 1.7098  accuracy: 50.43% -> 51.30%                                                                                  
  [Client 3] Starting local training...                                                                                                                     
  [Client 3] Finished training in 3.54s                                                                                                                     
client [3]  (testset)   loss: 1.9707 -> 1.9635  accuracy: 37.21% -> 51.16%                                                                                  
  [Client 1] Starting local training...                                                                                                                     
  [Client 1] Finished training in 12.60s                                                                                                                    
client [1]  (testset)   loss: 1.9242 -> 2.0191  accuracy: 34.24% -> 49.15%                                                                                  
  [Client 8] Starting local training...                                                                                                                     
  [Client 8] Finished training in 9.93s                                                                                                                     
client [8]  (testset)   loss: 1.8193 -> 1.5630  accuracy: 42.59% -> 56.94%                                                                                  
  [Client 9] Starting local training...                                                                                                                     
  [Client 9] Finished training in 6.24s                                                                                                                     
client [9]  (testset)   loss: 1.7445 -> 2.1303  accuracy: 44.55% -> 47.27%                                                                                  
  [Client 7] Starting local training...                                                                                                                     
  [Client 7] Finished training in 3.66s                                                                                                                     
client [7]  (testset)   loss: 2.2112 -> 1.2425  accuracy: 42.00% -> 56.00%                                                                                  
  [Client 4] Starting local training...                                                                                                                     
  [Client 4] Finished training in 3.25s                                                                                                                     
client [4]  (testset)   loss: 1.5102 -> 0.8989  accuracy: 48.65% -> 72.97%                                                                                  
[Round 39] layer_lambdas: drop_path=0.0078, 0=0.0292, 1=0.0220, 2=0.0275, 3=0.0216, 4=0.0226, 5=0.0134, 6=0.0111, 7=0.0103, 8=0.0079, 9=0.0093, 10=0.0103,  
11=0.0069, norm_f=0.0000, classifier=0.2000                                                                                                                 
[FedLateGram Round 40] avg task: 0.6145 | avg gram: 0.0073                                                                                                  
  [CKA] Saved checkpoints for round 40 (10 clients) →                                                                                                       
/home/luis.mendezl/Thesis/logs/runs/cifar10/fedlategram/vim_tiny/alpha0.3/seed42_second/checkpoints/round_0040                                              
ROUND 40 FINISHED in 78.80s (Avg: 80.93s)                                                                                                                   
  [FedLateGram] Saved checkpoint after round 40 →                                                                                                           
/home/luis.mendezl/Thesis/logs/runs/cifar10/fedlategram/vim_tiny/alpha0.3/seed42_second/checkpoints/training_state.pt                                       
---------------------------- ROUND 41/50 START ----------------------------                                                                                 
Selected clients: [0, 7, 3, 1, 8, 2, 4, 9, 5, 6]                                                                                                            
  [Client 0] Starting local training...                                                                                                                     
  [Client 0] Finished training in 13.14s                                                                                                                    
  [Client 7] Starting local training...                                                                                                                     
  [Client 7] Finished training in 3.53s                                                                                                                     
  [Client 3] Starting local training...                                                                                                                     
  [Client 3] Finished training in 3.55s                                                                                                                     
  [Client 1] Starting local training...                                                                                                                     
  [Client 1] Finished training in 14.19s                                                                                                                    
  [Client 8] Starting local training...                                                                                                                     
  [Client 8] Finished training in 10.49s                                                                                                                    
  [Client 2] Starting local training...                                                                                                                     
  [Client 2] Finished training in 7.37s                                                                                                                     
  [Client 4] Starting local training...                                                                                                                     
  [Client 4] Finished training in 3.18s                                                                                                                     
  [Client 9] Starting local training...                                                                                                                     
  [Client 9] Finished training in 6.13s                                                                                                                     
  [Client 5] Starting local training...                                                                                                                     
  [Client 5] Finished training in 9.79s                                                                                                                     
  [Client 6] Starting local training...                                                                                                                     
  [Client 6] Finished training in 6.23s                                                                                                                     
[Round 40] layer_lambdas: drop_path=0.0082, 0=0.0265, 1=0.0243, 2=0.0282, 3=0.0176, 4=0.0230, 5=0.0130, 6=0.0115, 7=0.0097, 8=0.0089, 9=0.0100, 10=0.0114,  
11=0.0078, norm_f=0.0000, classifier=0.2000                                                                                                                 
[FedLateGram Round 41] avg task: 0.6137 | avg gram: 0.0072                                                                                                  
ROUND 41 FINISHED in 78.69s (Avg: 80.87s)                                                                                                                   
  [FedLateGram] Saved checkpoint after round 41 →                                                                                                           
/home/luis.mendezl/Thesis/logs/runs/cifar10/fedlategram/vim_tiny/alpha0.3/seed42_second/checkpoints/training_state.pt                                       
---------------------------- ROUND 42/50 START ----------------------------                                                                                 
Selected clients: [3, 6, 5, 2, 0, 8, 4, 9, 1, 7]                                                                                                            
  [Client 3] Starting local training...                                                                                                                     
  [Client 3] Finished training in 3.58s                                                                                                                     
  [Client 6] Starting local training...                                                                                                                     
  [Client 6] Finished training in 6.18s                                                                                                                     
  [Client 5] Starting local training...                                                                                                                     
  [Client 5] Finished training in 9.83s                                                                                                                     
  [Client 2] Starting local training...                                                                                                                     
  [Client 2] Finished training in 7.46s                                                                                                                     
  [Client 0] Starting local training...                                                                                                                     
  [Client 0] Finished training in 12.83s                                                                                                                    
  [Client 8] Starting local training...                                                                                                                     
  [Client 8] Finished training in 10.64s                                                                                                                    
  [Client 4] Starting local training...                                                                                                                     
  [Client 4] Finished training in 3.30s                                                                                                                     
  [Client 9] Starting local training...                                                                                                                     
  [Client 9] Finished training in 5.54s                                                                                                                     
  [Client 1] Starting local training...                                                                                                                     
  [Client 1] Finished training in 10.40s                                                                                                                    
  [Client 7] Starting local training...                                                                                                                     
  [Client 7] Finished training in 3.50s                                                                                                                     
[Round 41] layer_lambdas: drop_path=0.0069, 0=0.0271, 1=0.0256, 2=0.0301, 3=0.0190, 4=0.0208, 5=0.0147, 6=0.0112, 7=0.0114, 8=0.0063, 9=0.0081, 10=0.0122,  
11=0.0067, norm_f=0.0000, classifier=0.2000                                                                                                                 
[FedLateGram Round 42] avg task: 0.5788 | avg gram: 0.0075                                                                                                  
ROUND 42 FINISHED in 74.38s (Avg: 80.72s)                                                                                                                   
  [FedLateGram] Saved checkpoint after round 42 →                                                                                                           
/home/luis.mendezl/Thesis/logs/runs/cifar10/fedlategram/vim_tiny/alpha0.3/seed42_second/checkpoints/training_state.pt                                       
---------------------------- ROUND 43/50 START ----------------------------                                                                                 
Selected clients: [0, 1, 4, 8, 7, 2, 9, 3, 6, 5]                                                                                                            
  [Client 0] Starting local training...                                                                                                                     
  [Client 0] Finished training in 12.91s                                                                                                                    
  [Client 1] Starting local training...                                                                                                                     
  [Client 1] Finished training in 13.53s                                                                                                                    
  [Client 4] Starting local training...                                                                                                                     
  [Client 4] Finished training in 3.39s                                                                                                                     
  [Client 8] Starting local training...                                                                                                                     
  [Client 8] Finished training in 10.58s                                                                                                                    
  [Client 7] Starting local training...                                                                                                                     
  [Client 7] Finished training in 3.65s                                                                                                                     
  [Client 2] Starting local training...                                                                                                                     
  [Client 2] Finished training in 7.94s                                                                                                                     
  [Client 9] Starting local training...                                                                                                                     
  [Client 9] Finished training in 6.16s                                                                                                                     
  [Client 3] Starting local training...                                                                                                                     
  [Client 3] Finished training in 3.83s                                                                                                                     
  [Client 6] Starting local training...                                                                                                                     
  [Client 6] Finished training in 6.32s                                                                                                                     
  [Client 5] Starting local training...                                                                                                                     
  [Client 5] Finished training in 10.49s                                                                                                                    
[Round 42] layer_lambdas: drop_path=0.0067, 0=0.0248, 1=0.0239, 2=0.0273, 3=0.0188, 4=0.0249, 5=0.0123, 6=0.0130, 7=0.0097, 8=0.0081, 9=0.0102, 10=0.0135,  
11=0.0068, norm_f=0.0000, classifier=0.2000                                                                                                                 
[FedLateGram Round 43] avg task: 0.5716 | avg gram: 0.0081                                                                                                  
ROUND 43 FINISHED in 79.81s (Avg: 80.70s)                                                                                                                   
  [FedLateGram] Saved checkpoint after round 43 →                                                                                                           
/home/luis.mendezl/Thesis/logs/runs/cifar10/fedlategram/vim_tiny/alpha0.3/seed42_second/checkpoints/training_state.pt                                       
---------------------------- ROUND 44/50 START ----------------------------                                                                                 
Selected clients: [5, 6, 1, 3, 4, 7, 2, 0, 9, 8]                                                                                                            
  [Client 5] Starting local training...                                                                                                                     
  [Client 5] Finished training in 9.85s                                                                                                                     
  [Client 6] Starting local training...                                                                                                                     
  [Client 6] Finished training in 6.37s                                                                                                                     
  [Client 1] Starting local training...                                                                                                                     
  [Client 1] Finished training in 13.87s                                                                                                                    
  [Client 3] Starting local training...                                                                                                                     
  [Client 3] Finished training in 3.75s                                                                                                                     
  [Client 4] Starting local training...                                                                                                                     
  [Client 4] Finished training in 3.41s                                                                                                                     
  [Client 7] Starting local training...                                                                                                                     
  [Client 7] Finished training in 3.97s                                                                                                                     
  [Client 2] Starting local training...                                                                                                                     
  [Client 2] Finished training in 7.67s                                                                                                                     
  [Client 0] Starting local training...                                                                                                                     
  [Client 0] Finished training in 13.50s                                                                                                                    
  [Client 9] Starting local training...                                                                                                                     
  [Client 9] Finished training in 6.39s                                                                                                                     
  [Client 8] Starting local training...                                                                                                                     
  [Client 8] Finished training in 10.47s                                                                                                                    
[Round 43] layer_lambdas: drop_path=0.0076, 0=0.0235, 1=0.0244, 2=0.0285, 3=0.0220, 4=0.0208, 5=0.0142, 6=0.0120, 7=0.0107, 8=0.0081, 9=0.0093, 10=0.0115,  
11=0.0074, norm_f=0.0000, classifier=0.2000                                                                                                                 
[FedLateGram Round 44] avg task: 0.5927 | avg gram: 0.0076                                                                                                  
ROUND 44 FINISHED in 80.26s (Avg: 80.69s)                                                                                                                   
  [FedLateGram] Saved checkpoint after round 44 →                                                                                                           
/home/luis.mendezl/Thesis/logs/runs/cifar10/fedlategram/vim_tiny/alpha0.3/seed42_second/checkpoints/training_state.pt                                       
---------------------------- ROUND 45/50 START ----------------------------                                                                                 
Selected clients: [8, 9, 3, 2, 7, 0, 6, 5, 1, 4]                                                                                                            
  [Client 8] Starting local training...                                                                                                                     
  [Client 8] Finished training in 10.60s                                                                                                                    
  [Client 9] Starting local training...                                                                                                                     
  [Client 9] Finished training in 6.24s                                                                                                                     
  [Client 3] Starting local training...                                                                                                                     
  [Client 3] Finished training in 3.83s                                                                                                                     
  [Client 2] Starting local training...                                                                                                                     
  [Client 2] Finished training in 7.79s                                                                                                                     
  [Client 7] Starting local training...                                                                                                                     
  [Client 7] Finished training in 3.81s                                                                                                                     
  [Client 0] Starting local training...                                                                                                                     
  [Client 0] Finished training in 13.25s                                                                                                                    
  [Client 6] Starting local training...                                                                                                                     
  [Client 6] Finished training in 6.43s                                                                                                                     
  [Client 5] Starting local training...                                                                                                                     
  [Client 5] Finished training in 10.56s                                                                                                                    
  [Client 1] Starting local training...                                                                                                                     
  [Client 1] Finished training in 14.31s                                                                                                                    
  [Client 4] Starting local training...                                                                                                                     
  [Client 4] Finished training in 3.41s                                                                                                                     
[Round 44] layer_lambdas: drop_path=0.0071, 0=0.0266, 1=0.0229, 2=0.0288, 3=0.0193, 4=0.0239, 5=0.0145, 6=0.0119, 7=0.0104, 8=0.0073, 9=0.0084, 10=0.0115,  
11=0.0074, norm_f=0.0000, classifier=0.2000                                                                                                                 
[FedLateGram Round 45] avg task: 0.5761 | avg gram: 0.0077                                                                                                  
ROUND 45 FINISHED in 81.27s (Avg: 80.70s)                                                                                                                   
  [FedLateGram] Saved checkpoint after round 45 →                                                                                                           
/home/luis.mendezl/Thesis/logs/runs/cifar10/fedlategram/vim_tiny/alpha0.3/seed42_second/checkpoints/training_state.pt                                       
---------------------------- ROUND 46/50 START ----------------------------                                                                                 
Selected clients: [4, 8, 9, 5, 3, 2, 6, 7, 1, 0]                                                                                                            
  [Client 4] Starting local training...                                                                                                                     
  [Client 4] Finished training in 3.49s                                                                                                                     
  [Client 8] Starting local training...                                                                                                                     
  [Client 8] Finished training in 10.14s                                                                                                                    
  [Client 9] Starting local training...                                                                                                                     
  [Client 9] Finished training in 6.21s                                                                                                                     
  [Client 5] Starting local training...                                                                                                                     
  [Client 5] Finished training in 10.06s                                                                                                                    
  [Client 3] Starting local training...                                                                                                                     
  [Client 3] Finished training in 3.71s                                                                                                                     
  [Client 2] Starting local training...                                                                                                                     
  [Client 2] Finished training in 7.59s                                                                                                                     
  [Client 6] Starting local training...                                                                                                                     
  [Client 6] Finished training in 6.37s                                                                                                                     
  [Client 7] Starting local training...                                                                                                                     
  [Client 7] Finished training in 4.00s                                                                                                                     
  [Client 1] Starting local training...                                                                                                                     
  [Client 1] Finished training in 13.73s                                                                                                                    
  [Client 0] Starting local training...                                                                                                                     
  [Client 0] Finished training in 13.13s                                                                                                                    
[Round 45] layer_lambdas: drop_path=0.0082, 0=0.0243, 1=0.0268, 2=0.0282, 3=0.0190, 4=0.0214, 5=0.0132, 6=0.0118, 7=0.0091, 8=0.0082, 9=0.0092, 10=0.0123,  
11=0.0083, norm_f=0.0000, classifier=0.2000                                                                                                                 
[FedLateGram Round 46] avg task: 0.5485 | avg gram: 0.0072                                                                                                  
ROUND 46 FINISHED in 79.57s (Avg: 80.67s)                                                                                                                   
  [FedLateGram] Saved checkpoint after round 46 →                                                                                                           
/home/luis.mendezl/Thesis/logs/runs/cifar10/fedlategram/vim_tiny/alpha0.3/seed42_second/checkpoints/training_state.pt                                       
---------------------------- ROUND 47/50 START ----------------------------                                                                                 
Selected clients: [3, 6, 8, 5, 7, 1, 2, 4, 0, 9]                                                                                                            
  [Client 3] Starting local training...                                                                                                                     
  [Client 3] Finished training in 3.84s                                                                                                                     
  [Client 6] Starting local training...                                                                                                                     
  [Client 6] Finished training in 6.51s                                                                                                                     
  [Client 8] Starting local training...                                                                                                                     
  [Client 8] Finished training in 10.34s                                                                                                                    
  [Client 5] Starting local training...                                                                                                                     
  [Client 5] Finished training in 10.25s                                                                                                                    
  [Client 7] Starting local training...                                                                                                                     
  [Client 7] Finished training in 3.71s                                                                                                                     
  [Client 1] Starting local training...                                                                                                                     
  [Client 1] Finished training in 13.66s                                                                                                                    
  [Client 2] Starting local training...                                                                                                                     
  [Client 2] Finished training in 7.51s                                                                                                                     
  [Client 4] Starting local training...                                                                                                                     
  [Client 4] Finished training in 3.33s                                                                                                                     
  [Client 0] Starting local training...                                                                                                                     
  [Client 0] Finished training in 13.29s                                                                                                                    
  [Client 9] Starting local training...                                                                                                                     
  [Client 9] Finished training in 6.24s                                                                                                                     
[Round 46] layer_lambdas: drop_path=0.0069, 0=0.0260, 1=0.0220, 2=0.0255, 3=0.0239, 4=0.0243, 5=0.0128, 6=0.0120, 7=0.0103, 8=0.0080, 9=0.0096, 10=0.0119,  
11=0.0068, norm_f=0.0000, classifier=0.2000                                                                                                                 
[FedLateGram Round 47] avg task: 0.5515 | avg gram: 0.0075                                                                                                  
ROUND 47 FINISHED in 79.67s (Avg: 80.65s)                                                                                                                   
  [FedLateGram] Saved checkpoint after round 47 →                                                                                                           
/home/luis.mendezl/Thesis/logs/runs/cifar10/fedlategram/vim_tiny/alpha0.3/seed42_second/checkpoints/training_state.pt                                       
---------------------------- ROUND 48/50 START ----------------------------                                                                                 
Selected clients: [4, 3, 6, 7, 9, 5, 2, 1, 8, 0]                                                                                                            
  [Client 4] Starting local training...                                                                                                                     
  [Client 4] Finished training in 3.31s                                                                                                                     
  [Client 3] Starting local training...                                                                                                                     
  [Client 3] Finished training in 3.48s                                                                                                                     
  [Client 6] Starting local training...                                                                                                                     
  [Client 6] Finished training in 6.06s                                                                                                                     
  [Client 7] Starting local training...                                                                                                                     
  [Client 7] Finished training in 3.45s                                                                                                                     
  [Client 9] Starting local training...                                                                                                                     
  [Client 9] Finished training in 5.75s                                                                                                                     
  [Client 5] Starting local training...                                                                                                                     
  [Client 5] Finished training in 9.40s                                                                                                                     
  [Client 2] Starting local training...                                                                                                                     
  [Client 2] Finished training in 7.32s                                                                                                                     
  [Client 1] Starting local training...                                                                                                                     
  [Client 1] Finished training in 13.50s                                                                                                                    
  [Client 8] Starting local training...                                                                                                                     
  [Client 8] Finished training in 10.11s                                                                                                                    
  [Client 0] Starting local training...                                                                                                                     
  [Client 0] Finished training in 13.02s                                                                                                                    
[Round 47] layer_lambdas: drop_path=0.0066, 0=0.0255, 1=0.0236, 2=0.0265, 3=0.0213, 4=0.0243, 5=0.0139, 6=0.0138, 7=0.0112, 8=0.0082, 9=0.0074, 10=0.0115,  
11=0.0062, norm_f=0.0000, classifier=0.2000                                                                                                                 
[FedLateGram Round 48] avg task: 0.5317 | avg gram: 0.0074                                                                                                  
ROUND 48 FINISHED in 76.36s (Avg: 80.56s)                                                                                                                   
  [FedLateGram] Saved checkpoint after round 48 →                                                                                                           
/home/luis.mendezl/Thesis/logs/runs/cifar10/fedlategram/vim_tiny/alpha0.3/seed42_second/checkpoints/training_state.pt                                       
---------------------------- ROUND 49/50 START ----------------------------                                                                                 
Selected clients: [3, 8, 7, 6, 5, 1, 0, 4, 2, 9]                                                                                                            
  [Client 3] Starting local training...                                                                                                                     
  [Client 3] Finished training in 3.67s                                                                                                                     
  [Client 8] Starting local training...                                                                                                                     
  [Client 8] Finished training in 10.59s                                                                                                                    
  [Client 7] Starting local training...                                                                                                                     
  [Client 7] Finished training in 3.78s                                                                                                                     
  [Client 6] Starting local training...                                                                                                                     
  [Client 6] Finished training in 6.37s                                                                                                                     
  [Client 5] Starting local training...                                                                                                                     
  [Client 5] Finished training in 9.92s                                                                                                                     
  [Client 1] Starting local training...                                                                                                                     
  [Client 1] Finished training in 13.49s                                                                                                                    
  [Client 0] Starting local training...                                                                                                                     
  [Client 0] Finished training in 12.92s                                                                                                                    
  [Client 4] Starting local training...                                                                                                                     
  [Client 4] Finished training in 3.31s                                                                                                                     
  [Client 2] Starting local training...                                                                                                                     
  [Client 2] Finished training in 7.56s                                                                                                                     
  [Client 9] Starting local training...                                                                                                                     
  [Client 9] Finished training in 6.26s                                                                                                                     
[Round 48] layer_lambdas: drop_path=0.0064, 0=0.0236, 1=0.0254, 2=0.0311, 3=0.0234, 4=0.0234, 5=0.0117, 6=0.0116, 7=0.0097, 8=0.0075, 9=0.0093, 10=0.0105,  
11=0.0064, norm_f=0.0000, classifier=0.2000                                                                                                                 
[FedLateGram Round 49] avg task: 0.5348 | avg gram: 0.0079                                                                                                  
ROUND 49 FINISHED in 78.89s (Avg: 80.53s)                                                                                                                   
  [FedLateGram] Saved checkpoint after round 49 →                                                                                                           
/home/luis.mendezl/Thesis/logs/runs/cifar10/fedlategram/vim_tiny/alpha0.3/seed42_second/checkpoints/training_state.pt                                       
---------------------------- ROUND 50/50 START ----------------------------                                                                                 
Selected clients: [3, 4, 9, 6, 1, 5, 0, 7, 2, 8]                                                                                                            
  [Client 3] Starting local training...                                                                                                                     
  [Client 3] Finished training in 3.77s                                                                                                                     
client [3]  (testset)   loss: 2.2826 -> 1.9466  accuracy: 30.23% -> 55.81%                                                                                  
  [Client 4] Starting local training...                                                                                                                     
  [Client 4] Finished training in 3.37s                                                                                                                     
client [4]  (testset)   loss: 1.5852 -> 1.0497  accuracy: 48.65% -> 64.86%                                                                                  
  [Client 9] Starting local training...                                                                                                                     
  [Client 9] Finished training in 6.13s                                                                                                                     
client [9]  (testset)   loss: 1.7187 -> 1.9873  accuracy: 49.09% -> 54.55%                                                                                  
  [Client 6] Starting local training...                                                                                                                     
  [Client 6] Finished training in 6.77s                                                                                                                     
client [6]  (testset)   loss: 1.6336 -> 1.7172  accuracy: 46.96% -> 56.52%                                                                                  
  [Client 1] Starting local training...                                                                                                                     
  [Client 1] Finished training in 13.22s                                                                                                                    
client [1]  (testset)   loss: 2.0977 -> 2.1468  accuracy: 34.24% -> 46.44%                                                                                  
  [Client 5] Starting local training...                                                                                                                     
  [Client 5] Finished training in 9.76s                                                                                                                     
client [5]  (testset)   loss: 2.4460 -> 0.9833  accuracy: 30.48% -> 71.43%                                                                                  
  [Client 0] Starting local training...                                                                                                                     
  [Client 0] Finished training in 12.96s                                                                                                                    
client [0]  (testset)   loss: 2.0638 -> 1.2319  accuracy: 42.70% -> 65.12%                                                                                  
  [Client 7] Starting local training...                                                                                                                     
  [Client 7] Finished training in 3.70s                                                                                                                     
client [7]  (testset)   loss: 2.4297 -> 1.4179  accuracy: 28.00% -> 62.00%                                                                                  
  [Client 2] Starting local training...                                                                                                                     
  [Client 2] Finished training in 7.61s                                                                                                                     
client [2]  (testset)   loss: 1.7190 -> 2.2639  accuracy: 43.57% -> 45.00%                                                                                  
  [Client 8] Starting local training...                                                                                                                     
  [Client 8] Finished training in 10.50s                                                                                                                    
client [8]  (testset)   loss: 1.8493 -> 1.7239  accuracy: 45.37% -> 56.48%                                                                                  
[Round 49] layer_lambdas: drop_path=0.0073, 0=0.0259, 1=0.0241, 2=0.0257, 3=0.0173, 4=0.0224, 5=0.0144, 6=0.0120, 7=0.0126, 8=0.0090, 9=0.0098, 10=0.0125,  
11=0.0071, norm_f=0.0000, classifier=0.2000                                                                                                                 
[FedLateGram Round 50] avg task: 0.5173 | avg gram: 0.0075                                                                                                  
  [CKA] Saved checkpoints for round 50 (10 clients) →                                                                                                       
/home/luis.mendezl/Thesis/logs/runs/cifar10/fedlategram/vim_tiny/alpha0.3/seed42_second/checkpoints/round_0050                                              
ROUND 50 FINISHED in 80.42s (Avg: 80.53s)                                                                                                                   
  [FedLateGram] Saved checkpoint after round 50 →                                                                                                           
/home/luis.mendezl/Thesis/logs/runs/cifar10/fedlategram/vim_tiny/alpha0.3/seed42_second/checkpoints/training_state.pt                                       
FedLateGram's average time taken by each global epoch: 1 min 20.53 sec.                                                                                     
FedLateGram's total running time: 1 h 13 m 44 s.                                                                                                            
==================== FedLateGram Experiment Results: ====================                                                                                   
Display format: (before local fine-tuning) -> (after local fine-tuning)                                                                                     
 So if finetune_epoch = 0, x.xx% -> 0.00% is normal.                                                                                                        
 Centralized testing ONLY happens after model aggregation, so the stats between '->' are the same.                                                          
{                                                                                                                                                           
    "1": {                                                                                                                                                  
        "centralized": {                                                                                                                                    
            "test": {                                                                                                                                       
                "loss": "2.4324 -> 2.4324",                                                                                                                 
                "accuracy": "16.23% -> 16.23%"                                                                                                              
            }                                                                                                                                               
        },                                                                                                                                                  
        "all_clients": {                                                                                                                                    
            "test": {                                                                                                                                       
                "loss": "2.4324 -> 0.0000",                                                                                                                 
                "accuracy": "16.23% -> 0.00%"                                                                                                               
            }                                                                                                                                               
        }                                                                                                                                                   
    },                                                                                                                                                      
    "2": {                                                                                                                                                  
        "centralized": {                                                                                                                                    
            "test": {                                                                                                                                       
                "loss": "2.3324 -> 2.3324",                                                                                                                 
                "accuracy": "16.03% -> 16.03%"                                                                                                              
            }                                                                                                                                               
        },                                                                                                                                                  
        "all_clients": {                                                                                                                                    
            "test": {                                                                                                                                       
                "loss": "2.3324 -> 0.0000",                                                                                                                 
                "accuracy": "16.03% -> 0.00%"                                                                                                               
            }                                                                                                                                               
        }                                                                                                                                                   
    },                                                                                                                                                      
    "3": {                                                                                                                                                  
        "centralized": {                                                                                                                                    
            "test": {                                                                                                                                       
                "loss": "2.1652 -> 2.1652",                                                                                                                 
                "accuracy": "19.64% -> 19.64%"                                                                                                              
            }                                                                                                                                               
        },                                                                                                                                                  
        "all_clients": {                                                                                                                                    
            "test": {                                                                                                                                       
                "loss": "2.1652 -> 0.0000",                                                                                                                 
                "accuracy": "19.64% -> 0.00%"                                                                                                               
            }                                                                                                                                               
        }                                                                                                                                                   
    },                                                                                                                                                      
    "4": {                                                                                                                                                  
        "centralized": {                                                                                                                                    
            "test": {                                                                                                                                       
                "loss": "2.1575 -> 2.1575",                                                                                                                 
                "accuracy": "20.11% -> 20.11%"                                                                                                              
            }                                                                                                                                               
        },                                                                                                                                                  
        "all_clients": {                                                                                                                                    
            "test": {                                                                                                                                       
                "loss": "2.1575 -> 0.0000",                                                                                                                 
                "accuracy": "20.11% -> 0.00%"                                                                                                               
            }                                                                                                                                               
        }                                                                                                                                                   
    },                                                                                                                                                      
    "5": {                                                                                                                                                  
        "centralized": {                                                                                                                                    
            "test": {                                                                                                                                       
                "loss": "2.0779 -> 2.0779",                                                                                                                 
                "accuracy": "21.98% -> 21.98%"                                                                                                              
            }                                                                                                                                               
        },                                                                                                                                                  
        "all_clients": {                                                                                                                                    
            "test": {                                                                                                                                       
                "loss": "2.0779 -> 0.0000",                                                                                                                 
                "accuracy": "21.98% -> 0.00%"                                                                                                               
            }                                                                                                                                               
        }                                                                                                                                                   
    },                                                                                                                                                      
    "6": {                                                                                                                                                  
        "centralized": {                                                                                                                                    
            "test": {                                                                                                                                       
                "loss": "2.0458 -> 2.0458",                                                                                                                 
                "accuracy": "24.18% -> 24.18%"                                                                                                              
            }                                                                                                                                               
        },                                                                                                                                                  
        "all_clients": {                                                                                                                                    
            "test": {                                                                                                                                       
                "loss": "2.0458 -> 0.0000",                                                                                                                 
                "accuracy": "24.18% -> 0.00%"                                                                                                               
            }                                                                                                                                               
        }                                                                                                                                                   
    },                                                                                                                                                      
    "7": {                                                                                                                                                  
        "centralized": {                                                                                                                                    
            "test": {                                                                                                                                       
                "loss": "1.9904 -> 1.9904",                                                                                                                 
                "accuracy": "24.72% -> 24.72%"                                                                                                              
            }                                                                                                                                               
        },                                                                                                                                                  
        "all_clients": {                                                                                                                                    
            "test": {                                                                                                                                       
                "loss": "1.9904 -> 0.0000",                                                                                                                 
                "accuracy": "24.72% -> 0.00%"                                                                                                               
            }                                                                                                                                               
        }                                                                                                                                                   
    },                                                                                                                                                      
    "8": {                                                                                                                                                  
        "centralized": {                                                                                                                                    
            "test": {                                                                                                                                       
                "loss": "1.9486 -> 1.9486",                                                                                                                 
                "accuracy": "27.59% -> 27.59%"                                                                                                              
            }                                                                                                                                               
        },                                                                                                                                                  
        "all_clients": {                                                                                                                                    
            "test": {                                                                                                                                       
                "loss": "1.9486 -> 0.0000",                                                                                                                 
                "accuracy": "27.59% -> 0.00%"                                                                                                               
            }                                                                                                                                               
        }                                                                                                                                                   
    },                                                                                                                                                      
    "9": {                                                                                                                                                  
        "centralized": {                                                                                                                                    
            "test": {                                                                                                                                       
                "loss": "1.9177 -> 1.9177",                                                                                                                 
                "accuracy": "29.59% -> 29.59%"                                                                                                              
            }                                                                                                                                               
        },                                                                                                                                                  
        "all_clients": {                                                                                                                                    
            "test": {                                                                                                                                       
                "loss": "1.9177 -> 0.0000",                                                                                                                 
                "accuracy": "29.59% -> 0.00%"                                                                                                               
            }                                                                                                                                               
        }                                                                                                                                                   
    },                                                                                                                                                      
    "10": {                                                                                                                                                 
        "centralized": {                                                                                                                                    
            "test": {                                                                                                                                       
                "loss": "1.8796 -> 1.8796",                                                                                                                 
                "accuracy": "30.33% -> 30.33%"                                                                                                              
            }                                                                                                                                               
        },                                                                                                                                                  
        "all_clients": {                                                                                                                                    
            "test": {                                                                                                                                       
                "loss": "1.8796 -> 0.0000",                                                                                                                 
                "accuracy": "30.33% -> 0.00%"                                                                                                               
            }                                                                                                                                               
        }                                                                                                                                                   
    },                                                                                                                                                      
    "11": {                                                                                                                                                 
        "centralized": {                                                                                                                                    
            "test": {                                                                                                                                       
                "loss": "1.8698 -> 1.8698",                                                                                                                 
                "accuracy": "30.93% -> 30.93%"                                                                                                              
            }                                                                                                                                               
        },                                                                                                                                                  
        "all_clients": {                                                                                                                                    
            "test": {                                                                                                                                       
                "loss": "1.8698 -> 0.0000",                                                                                                                 
                "accuracy": "30.93% -> 0.00%"                                                                                                               
            }                                                                                                                                               
        }                                                                                                                                                   
    },                                                                                                                                                      
    "12": {                                                                                                                                                 
        "centralized": {                                                                                                                                    
            "test": {                                                                                                                                       
                "loss": "1.8487 -> 1.8487",                                                                                                                 
                "accuracy": "32.13% -> 32.13%"                                                                                                              
            }                                                                                                                                               
        },                                                                                                                                                  
        "all_clients": {                                                                                                                                    
            "test": {                                                                                                                                       
                "loss": "1.8487 -> 0.0000",                                                                                                                 
                "accuracy": "32.13% -> 0.00%"                                                                                                               
            }                                                                                                                                               
        }                                                                                                                                                   
    },                                                                                                                                                      
    "13": {                                                                                                                                                 
        "centralized": {                                                                                                                                    
            "test": {                                                                                                                                       
                "loss": "1.8353 -> 1.8353",                                                                                                                 
                "accuracy": "32.73% -> 32.73%"                                                                                                              
            }                                                                                                                                               
        },                                                                                                                                                  
        "all_clients": {                                                                                                                                    
            "test": {                                                                                                                                       
                "loss": "1.8353 -> 0.0000",                                                                                                                 
                "accuracy": "32.73% -> 0.00%"                                                                                                               
            }                                                                                                                                               
        }                                                                                                                                                   
    },                                                                                                                                                      
    "14": {                                                                                                                                                 
        "centralized": {                                                                                                                                    
            "test": {                                                                                                                                       
                "loss": "1.8352 -> 1.8352",                                                                                                                 
                "accuracy": "33.20% -> 33.20%"                                                                                                              
            }                                                                                                                                               
        },                                                                                                                                                  
        "all_clients": {                                                                                                                                    
            "test": {                                                                                                                                       
                "loss": "1.8352 -> 0.0000",                                                                                                                 
                "accuracy": "33.20% -> 0.00%"                                                                                                               
            }                                                                                                                                               
        }                                                                                                                                                   
    },                                                                                                                                                      
    "15": {                                                                                                                                                 
        "centralized": {                                                                                                                                    
            "test": {                                                                                                                                       
                "loss": "1.8516 -> 1.8516",                                                                                                                 
                "accuracy": "32.87% -> 32.87%"                                                                                                              
            }                                                                                                                                               
        },                                                                                                                                                  
        "all_clients": {                                                                                                                                    
            "test": {                                                                                                                                       
                "loss": "1.8516 -> 0.0000",                                                                                                                 
                "accuracy": "32.87% -> 0.00%"                                                                                                               
            }                                                                                                                                               
        }                                                                                                                                                   
    },                                                                                                                                                      
    "16": {                                                                                                                                                 
        "centralized": {                                                                                                                                    
            "test": {                                                                                                                                       
                "loss": "1.8093 -> 1.8093",                                                                                                                 
                "accuracy": "34.74% -> 34.74%"                                                                                                              
            }                                                                                                                                               
        },                                                                                                                                                  
        "all_clients": {                                                                                                                                    
            "test": {                                                                                                                                       
                "loss": "1.8093 -> 0.0000",                                                                                                                 
                "accuracy": "34.74% -> 0.00%"                                                                                                               
            }                                                                                                                                               
        }                                                                                                                                                   
    },                                                                                                                                                      
    "17": {                                                                                                                                                 
        "centralized": {                                                                                                                                    
            "test": {                                                                                                                                       
                "loss": "1.8017 -> 1.8017",                                                                                                                 
                "accuracy": "35.74% -> 35.74%"                                                                                                              
            }                                                                                                                                               
        },                                                                                                                                                  
        "all_clients": {                                                                                                                                    
            "test": {                                                                                                                                       
                "loss": "1.8017 -> 0.0000",                                                                                                                 
                "accuracy": "35.74% -> 0.00%"                                                                                                               
            }                                                                                                                                               
        }                                                                                                                                                   
    },                                                                                                                                                      
    "18": {                                                                                                                                                 
        "centralized": {                                                                                                                                    
            "test": {                                                                                                                                       
                "loss": "1.7865 -> 1.7865",                                                                                                                 
                "accuracy": "37.34% -> 37.34%"                                                                                                              
            }                                                                                                                                               
        },                                                                                                                                                  
        "all_clients": {                                                                                                                                    
            "test": {                                                                                                                                       
                "loss": "1.7865 -> 0.0000",                                                                                                                 
                "accuracy": "37.34% -> 0.00%"                                                                                                               
            }                                                                                                                                               
        }                                                                                                                                                   
    },                                                                                                                                                      
    "19": {                                                                                                                                                 
        "centralized": {                                                                                                                                    
            "test": {                                                                                                                                       
                "loss": "1.8154 -> 1.8154",                                                                                                                 
                "accuracy": "35.67% -> 35.67%"                                                                                                              
            }                                                                                                                                               
        },                                                                                                                                                  
        "all_clients": {                                                                                                                                    
            "test": {                                                                                                                                       
                "loss": "1.8154 -> 0.0000",                                                                                                                 
                "accuracy": "35.67% -> 0.00%"                                                                                                               
            }                                                                                                                                               
        }                                                                                                                                                   
    },                                                                                                                                                      
    "20": {                                                                                                                                                 
        "centralized": {                                                                                                                                    
            "test": {                                                                                                                                       
                "loss": "1.7891 -> 1.7891",                                                                                                                 
                "accuracy": "36.61% -> 36.61%"                                                                                                              
            }                                                                                                                                               
        },                                                                                                                                                  
        "all_clients": {                                                                                                                                    
            "test": {                                                                                                                                       
                "loss": "1.7891 -> 0.0000",                                                                                                                 
                "accuracy": "36.61% -> 0.00%"                                                                                                               
            }                                                                                                                                               
        }                                                                                                                                                   
    },                                                                                                                                                      
    "21": {                                                                                                                                                 
        "centralized": {                                                                                                                                    
            "test": {                                                                                                                                       
                "loss": "1.8143 -> 1.8143",                                                                                                                 
                "accuracy": "36.61% -> 36.61%"                                                                                                              
            }                                                                                                                                               
        },                                                                                                                                                  
        "all_clients": {                                                                                                                                    
            "test": {                                                                                                                                       
                "loss": "1.8143 -> 0.0000",                                                                                                                 
                "accuracy": "36.61% -> 0.00%"                                                                                                               
            }                                                                                                                                               
        }                                                                                                                                                   
    },                                                                                                                                                      
    "22": {                                                                                                                                                 
        "centralized": {                                                                                                                                    
            "test": {                                                                                                                                       
                "loss": "1.8126 -> 1.8126",                                                                                                                 
                "accuracy": "36.94% -> 36.94%"                                                                                                              
            }                                                                                                                                               
        },                                                                                                                                                  
        "all_clients": {                                                                                                                                    
            "test": {                                                                                                                                       
                "loss": "1.8126 -> 0.0000",                                                                                                                 
                "accuracy": "36.94% -> 0.00%"                                                                                                               
            }                                                                                                                                               
        }                                                                                                                                                   
    },                                                                                                                                                      
    "23": {                                                                                                                                                 
        "centralized": {                                                                                                                                    
            "test": {                                                                                                                                       
                "loss": "1.7926 -> 1.7926",                                                                                                                 
                "accuracy": "35.67% -> 35.67%"                                                                                                              
            }                                                                                                                                               
        },                                                                                                                                                  
        "all_clients": {                                                                                                                                    
            "test": {                                                                                                                                       
                "loss": "1.7926 -> 0.0000",                                                                                                                 
                "accuracy": "35.67% -> 0.00%"                                                                                                               
            }                                                                                                                                               
        }                                                                                                                                                   
    },                                                                                                                                                      
    "24": {                                                                                                                                                 
        "centralized": {                                                                                                                                    
            "test": {                                                                                                                                       
                "loss": "1.7972 -> 1.7972",                                                                                                                 
                "accuracy": "36.81% -> 36.81%"                                                                                                              
            }                                                                                                                                               
        },                                                                                                                                                  
        "all_clients": {                                                                                                                                    
            "test": {                                                                                                                                       
                "loss": "1.7972 -> 0.0000",                                                                                                                 
                "accuracy": "36.81% -> 0.00%"                                                                                                               
            }                                                                                                                                               
        }                                                                                                                                                   
    },                                                                                                                                                      
    "25": {                                                                                                                                                 
        "centralized": {                                                                                                                                    
            "test": {                                                                                                                                       
                "loss": "1.7849 -> 1.7849",                                                                                                                 
                "accuracy": "37.81% -> 37.81%"                                                                                                              
            }                                                                                                                                               
        },                                                                                                                                                  
        "all_clients": {                                                                                                                                    
            "test": {                                                                                                                                       
                "loss": "1.7849 -> 0.0000",                                                                                                                 
                "accuracy": "37.81% -> 0.00%"                                                                                                               
            }                                                                                                                                               
        }                                                                                                                                                   
    },                                                                                                                                                      
    "26": {                                                                                                                                                 
        "centralized": {                                                                                                                                    
            "test": {                                                                                                                                       
                "loss": "1.7852 -> 1.7852",                                                                                                                 
                "accuracy": "37.88% -> 37.88%"                                                                                                              
            }                                                                                                                                               
        },                                                                                                                                                  
        "all_clients": {                                                                                                                                    
            "test": {                                                                                                                                       
                "loss": "1.7852 -> 0.0000",                                                                                                                 
                "accuracy": "37.88% -> 0.00%"                                                                                                               
            }                                                                                                                                               
        }                                                                                                                                                   
    },                                                                                                                                                      
    "27": {                                                                                                                                                 
        "centralized": {                                                                                                                                    
            "test": {                                                                                                                                       
                "loss": "1.7767 -> 1.7767",                                                                                                                 
                "accuracy": "37.94% -> 37.94%"                                                                                                              
            }                                                                                                                                               
        },                                                                                                                                                  
        "all_clients": {                                                                                                                                    
            "test": {                                                                                                                                       
                "loss": "1.7767 -> 0.0000",                                                                                                                 
                "accuracy": "37.94% -> 0.00%"                                                                                                               
            }                                                                                                                                               
        }                                                                                                                                                   
    },                                                                                                                                                      
    "28": {                                                                                                                                                 
        "centralized": {                                                                                                                                    
            "test": {                                                                                                                                       
                "loss": "1.8173 -> 1.8173",                                                                                                                 
                "accuracy": "38.28% -> 38.28%"                                                                                                              
            }                                                                                                                                               
        },                                                                                                                                                  
        "all_clients": {                                                                                                                                    
            "test": {                                                                                                                                       
                "loss": "1.8173 -> 0.0000",                                                                                                                 
                "accuracy": "38.28% -> 0.00%"                                                                                                               
            }                                                                                                                                               
        }                                                                                                                                                   
    },                                                                                                                                                      
    "29": {                                                                                                                                                 
        "centralized": {                                                                                                                                    
            "test": {                                                                                                                                       
                "loss": "1.8118 -> 1.8118",                                                                                                                 
                "accuracy": "38.48% -> 38.48%"                                                                                                              
            }                                                                                                                                               
        },                                                                                                                                                  
        "all_clients": {                                                                                                                                    
            "test": {                                                                                                                                       
                "loss": "1.8118 -> 0.0000",                                                                                                                 
                "accuracy": "38.48% -> 0.00%"                                                                                                               
            }                                                                                                                                               
        }                                                                                                                                                   
    },                                                                                                                                                      
    "30": {                                                                                                                                                 
        "centralized": {                                                                                                                                    
            "test": {                                                                                                                                       
                "loss": "1.7705 -> 1.7705",                                                                                                                 
                "accuracy": "38.08% -> 38.08%"                                                                                                              
            }                                                                                                                                               
        },                                                                                                                                                  
        "all_clients": {                                                                                                                                    
            "test": {                                                                                                                                       
                "loss": "1.7705 -> 0.0000",                                                                                                                 
                "accuracy": "38.08% -> 0.00%"                                                                                                               
            }                                                                                                                                               
        }                                                                                                                                                   
    },                                                                                                                                                      
    "31": {                                                                                                                                                 
        "centralized": {                                                                                                                                    
            "test": {                                                                                                                                       
                "loss": "1.7846 -> 1.7846",                                                                                                                 
                "accuracy": "39.68% -> 39.68%"                                                                                                              
            }                                                                                                                                               
        },                                                                                                                                                  
        "all_clients": {                                                                                                                                    
            "test": {                                                                                                                                       
                "loss": "1.7846 -> 0.0000",                                                                                                                 
                "accuracy": "39.68% -> 0.00%"                                                                                                               
            }                                                                                                                                               
        }                                                                                                                                                   
    },                                                                                                                                                      
    "32": {                                                                                                                                                 
        "centralized": {                                                                                                                                    
            "test": {                                                                                                                                       
                "loss": "1.7995 -> 1.7995",                                                                                                                 
                "accuracy": "38.08% -> 38.08%"                                                                                                              
            }                                                                                                                                               
        },                                                                                                                                                  
        "all_clients": {                                                                                                                                    
            "test": {                                                                                                                                       
                "loss": "1.7995 -> 0.0000",                                                                                                                 
                "accuracy": "38.08% -> 0.00%"                                                                                                               
            }                                                                                                                                               
        }                                                                                                                                                   
    },                                                                                                                                                      
    "33": {                                                                                                                                                 
        "centralized": {                                                                                                                                    
            "test": {                                                                                                                                       
                "loss": "1.8328 -> 1.8328",                                                                                                                 
                "accuracy": "39.28% -> 39.28%"                                                                                                              
            }                                                                                                                                               
        },                                                                                                                                                  
        "all_clients": {                                                                                                                                    
            "test": {                                                                                                                                       
                "loss": "1.8328 -> 0.0000",                                                                                                                 
                "accuracy": "39.28% -> 0.00%"                                                                                                               
            }                                                                                                                                               
        }                                                                                                                                                   
    },                                                                                                                                                      
    "34": {                                                                                                                                                 
        "centralized": {                                                                                                                                    
            "test": {                                                                                                                                       
                "loss": "1.7971 -> 1.7971",                                                                                                                 
                "accuracy": "39.95% -> 39.95%"                                                                                                              
            }                                                                                                                                               
        },                                                                                                                                                  
        "all_clients": {                                                                                                                                    
            "test": {                                                                                                                                       
                "loss": "1.7971 -> 0.0000",                                                                                                                 
                "accuracy": "39.95% -> 0.00%"                                                                                                               
            }                                                                                                                                               
        }                                                                                                                                                   
    },                                                                                                                                                      
    "35": {                                                                                                                                                 
        "centralized": {                                                                                                                                    
            "test": {                                                                                                                                       
                "loss": "1.8423 -> 1.8423",                                                                                                                 
                "accuracy": "39.41% -> 39.41%"                                                                                                              
            }                                                                                                                                               
        },                                                                                                                                                  
        "all_clients": {                                                                                                                                    
            "test": {                                                                                                                                       
                "loss": "1.8423 -> 0.0000",                                                                                                                 
                "accuracy": "39.41% -> 0.00%"                                                                                                               
            }                                                                                                                                               
        }                                                                                                                                                   
    },                                                                                                                                                      
    "36": {                                                                                                                                                 
        "centralized": {                                                                                                                                    
            "test": {                                                                                                                                       
                "loss": "1.8076 -> 1.8076",                                                                                                                 
                "accuracy": "40.08% -> 40.08%"                                                                                                              
            }                                                                                                                                               
        },                                                                                                                                                  
        "all_clients": {                                                                                                                                    
            "test": {                                                                                                                                       
                "loss": "1.8076 -> 0.0000",                                                                                                                 
                "accuracy": "40.08% -> 0.00%"                                                                                                               
            }                                                                                                                                               
        }                                                                                                                                                   
    },                                                                                                                                                      
    "37": {                                                                                                                                                 
        "centralized": {                                                                                                                                    
            "test": {                                                                                                                                       
                "loss": "1.8619 -> 1.8619",                                                                                                                 
                "accuracy": "37.81% -> 37.81%"                                                                                                              
            }                                                                                                                                               
        },                                                                                                                                                  
        "all_clients": {                                                                                                                                    
            "test": {                                                                                                                                       
                "loss": "1.8619 -> 0.0000",                                                                                                                 
                "accuracy": "37.81% -> 0.00%"                                                                                                               
            }                                                                                                                                               
        }                                                                                                                                                   
    },                                                                                                                                                      
    "38": {                                                                                                                                                 
        "centralized": {                                                                                                                                    
            "test": {                                                                                                                                       
                "loss": "1.8516 -> 1.8516",                                                                                                                 
                "accuracy": "40.35% -> 40.35%"                                                                                                              
            }                                                                                                                                               
        },                                                                                                                                                  
        "all_clients": {                                                                                                                                    
            "test": {                                                                                                                                       
                "loss": "1.8516 -> 0.0000",                                                                                                                 
                "accuracy": "40.35% -> 0.00%"                                                                                                               
            }                                                                                                                                               
        }                                                                                                                                                   
    },                                                                                                                                                      
    "39": {                                                                                                                                                 
        "centralized": {                                                                                                                                    
            "test": {                                                                                                                                       
                "loss": "1.8725 -> 1.8725",                                                                                                                 
                "accuracy": "40.75% -> 40.75%"                                                                                                              
            }                                                                                                                                               
        },                                                                                                                                                  
        "all_clients": {                                                                                                                                    
            "test": {                                                                                                                                       
                "loss": "1.8725 -> 0.0000",                                                                                                                 
                "accuracy": "40.75% -> 0.00%"                                                                                                               
            }                                                                                                                                               
        }                                                                                                                                                   
    },                                                                                                                                                      
    "40": {                                                                                                                                                 
        "centralized": {                                                                                                                                    
            "test": {                                                                                                                                       
                "loss": "1.9097 -> 1.9097",                                                                                                                 
                "accuracy": "39.55% -> 39.55%"                                                                                                              
            }                                                                                                                                               
        },                                                                                                                                                  
        "all_clients": {                                                                                                                                    
            "test": {                                                                                                                                       
                "loss": "1.9097 -> 0.0000",                                                                                                                 
                "accuracy": "39.55% -> 0.00%"                                                                                                               
            }                                                                                                                                               
        }                                                                                                                                                   
    },                                                                                                                                                      
    "41": {                                                                                                                                                 
        "centralized": {                                                                                                                                    
            "test": {                                                                                                                                       
                "loss": "1.8350 -> 1.8350",                                                                                                                 
                "accuracy": "41.48% -> 41.48%"                                                                                                              
            }                                                                                                                                               
        },                                                                                                                                                  
        "all_clients": {                                                                                                                                    
            "test": {                                                                                                                                       
                "loss": "1.8350 -> 0.0000",                                                                                                                 
                "accuracy": "41.48% -> 0.00%"                                                                                                               
            }                                                                                                                                               
        }                                                                                                                                                   
    },                                                                                                                                                      
    "42": {                                                                                                                                                 
        "centralized": {                                                                                                                                    
            "test": {                                                                                                                                       
                "loss": "1.8924 -> 1.8924",                                                                                                                 
                "accuracy": "41.02% -> 41.02%"                                                                                                              
            }                                                                                                                                               
        },                                                                                                                                                  
        "all_clients": {                                                                                                                                    
            "test": {                                                                                                                                       
                "loss": "1.8924 -> 0.0000",                                                                                                                 
                "accuracy": "41.02% -> 0.00%"                                                                                                               
            }                                                                                                                                               
        }                                                                                                                                                   
    },                                                                                                                                                      
    "43": {                                                                                                                                                 
        "centralized": {                                                                                                                                    
            "test": {                                                                                                                                       
                "loss": "1.9293 -> 1.9293",                                                                                                                 
                "accuracy": "40.35% -> 40.35%"                                                                                                              
            }                                                                                                                                               
        },                                                                                                                                                  
        "all_clients": {                                                                                                                                    
            "test": {                                                                                                                                       
                "loss": "1.9293 -> 0.0000",                                                                                                                 
                "accuracy": "40.35% -> 0.00%"                                                                                                               
            }                                                                                                                                               
        }                                                                                                                                                   
    },                                                                                                                                                      
    "44": {                                                                                                                                                 
        "centralized": {                                                                                                                                    
            "test": {                                                                                                                                       
                "loss": "1.9031 -> 1.9031",                                                                                                                 
                "accuracy": "40.68% -> 40.68%"                                                                                                              
            }                                                                                                                                               
        },                                                                                                                                                  
        "all_clients": {                                                                                                                                    
            "test": {                                                                                                                                       
                "loss": "1.9031 -> 0.0000",                                                                                                                 
                "accuracy": "40.68% -> 0.00%"                                                                                                               
            }                                                                                                                                               
        }                                                                                                                                                   
    },                                                                                                                                                      
    "45": {                                                                                                                                                 
        "centralized": {                                                                                                                                    
            "test": {                                                                                                                                       
                "loss": "1.9322 -> 1.9322",                                                                                                                 
                "accuracy": "39.14% -> 39.14%"                                                                                                              
            }                                                                                                                                               
        },                                                                                                                                                  
        "all_clients": {                                                                                                                                    
            "test": {                                                                                                                                       
                "loss": "1.9322 -> 0.0000",                                                                                                                 
                "accuracy": "39.14% -> 0.00%"                                                                                                               
            }                                                                                                                                               
        }                                                                                                                                                   
    },                                                                                                                                                      
    "46": {                                                                                                                                                 
        "centralized": {                                                                                                                                    
            "test": {                                                                                                                                       
                "loss": "1.9555 -> 1.9555",                                                                                                                 
                "accuracy": "38.94% -> 38.94%"                                                                                                              
            }                                                                                                                                               
        },                                                                                                                                                  
        "all_clients": {                                                                                                                                    
            "test": {                                                                                                                                       
                "loss": "1.9555 -> 0.0000",                                                                                                                 
                "accuracy": "38.94% -> 0.00%"                                                                                                               
            }                                                                                                                                               
        }                                                                                                                                                   
    },                                                                                                                                                      
    "47": {                                                                                                                                                 
        "centralized": {                                                                                                                                    
            "test": {                                                                                                                                       
                "loss": "1.9565 -> 1.9565",                                                                                                                 
                "accuracy": "39.81% -> 39.81%"                                                                                                              
            }                                                                                                                                               
        },                                                                                                                                                  
        "all_clients": {                                                                                                                                    
            "test": {                                                                                                                                       
                "loss": "1.9565 -> 0.0000",                                                                                                                 
                "accuracy": "39.81% -> 0.00%"                                                                                                               
            }                                                                                                                                               
        }                                                                                                                                                   
    },                                                                                                                                                      
    "48": {                                                                                                                                                 
        "centralized": {                                                                                                                                    
            "test": {                                                                                                                                       
                "loss": "1.9787 -> 1.9787",                                                                                                                 
                "accuracy": "40.48% -> 40.48%"                                                                                                              
            }                                                                                                                                               
        },                                                                                                                                                  
        "all_clients": {                                                                                                                                    
            "test": {                                                                                                                                       
                "loss": "1.9787 -> 0.0000",                                                                                                                 
                "accuracy": "40.48% -> 0.00%"                                                                                                               
            }                                                                                                                                               
        }                                                                                                                                                   
    },                                                                                                                                                      
    "49": {                                                                                                                                                 
        "centralized": {                                                                                                                                    
            "test": {                                                                                                                                       
                "loss": "2.0092 -> 2.0092",                                                                                                                 
                "accuracy": "39.88% -> 39.88%"                                                                                                              
            }                                                                                                                                               
        },                                                                                                                                                  
        "all_clients": {                                                                                                                                    
            "test": {                                                                                                                                       
                "loss": "2.0092 -> 0.0000",                                                                                                                 
                "accuracy": "39.88% -> 0.00%"                                                                                                               
            }                                                                                                                                               
        }                                                                                                                                                   
    },                                                                                                                                                      
    "50": {                                                                                                                                                 
        "centralized": {                                                                                                                                    
            "test": {                                                                                                                                       
                "loss": "1.9731 -> 1.9731",                                                                                                                 
                "accuracy": "40.08% -> 40.08%"                                                                                                              
            }                                                                                                                                               
        },                                                                                                                                                  
        "all_clients": {                                                                                                                                    
            "test": {                                                                                                                                       
                "loss": "1.9731 -> 0.0000",                                                                                                                 
                "accuracy": "40.08% -> 0.00%"                                                                                                               
            }                                                                                                                                               
        }                                                                                                                                                   
    }                                                                                                                                                       
}                                                                                                                                                           
==================== FedLateGram Max Accuracy ====================                                                                                          
all_clients:                                                                                                                                                
(test) before fine-tuning: 41.48% at epoch 41                                                                                                               
(test) after fine-tuning: 0.00% at epoch 1                                                                                                                  
centralized:                                                                                                                                                
(test) before fine-tuning: 41.48% at epoch 41                                                                                                               
(test) after fine-tuning: 41.48% at epoch 41                                                                                                                
