[FedLateGram] _detect_late_layers: 17 units (expanded from 6 depth-1 children), cutoff=9 → 9 late prefixes                                                                
[FedLateGram] Late layers (9): ['base.layers.5', 'base.layers.6', 'base.layers.7', 'base.layers.8', 'base.layers.9', 'base.layers.10', 'base.layers.11', 'base.norm_f',   
'classifier']                                                                                                                                                             
==================== FedLateGram ====================                                                                                                                     
Experiment Arguments:                                                                                                                                                     
{
│   'method': 'fedlategram',
│   'dataset': {
│   │   'name': 'cifar10',
│   │   'partition_dir': 'partitions/alpha_0.3/seed_456',
│   │   'client_num': 10,
│   │   'test_ratio': 0.25,
│   │   'val_ratio': 0.0,
│   │   'seed': 456,
│   │   'split': 'sample',
│   │   'IID_ratio': 0.0,
│   │   'alpha': 0.3,
│   │   'min_samples_per_client': 10,
│   │   'sample_fraction': 0.1,
│   │   'subset_seed': 42,
│   │   'monitor_window_name_suffix': 'cifar10-10clients-0%IID-Dir(0.3)-seed456-10pct'
│   },
│   'model': {
│   │   'name': 'vim_tiny',
│   │   'use_torchvision_pretrained_weights': False,
│   │   'external_model_weights_path': None
│   },
│   'optimizer': {
│   │   'lr': 0.01,
│   │   'dampening': 0,
│   │   'weight_decay': 0.0001,
│   │   'momentum': 0.9,
│   │   'nesterov': False,
│   │   'name': 'sgd'
│   },
│   'mode': 'serial',
│   'parallel': {
│   │   'ray_cluster_addr': None,
│   │   'num_cpus': None,
│   │   'num_gpus': None,
│   │   'num_workers': 4
│   },
│   'common': {
│   │   'seed': 456,
│   │   'join_ratio': 1.0,
│   │   'global_epoch': 50,
│   │   'local_epoch': 5,
│   │   'batch_size': 32,
│   │   'reset_optimizer_on_global_epoch': True,
│   │   'straggler_ratio': 0,
│   │   'straggler_min_local_epoch': 0,
│   │   'buffers': 'global',
│   │   'client_side_evaluation': True,
│   │   'test': {
│   │   │   'client': {
│   │   │   │   'interval': 1,
│   │   │   │   'finetune_epoch': 0,
│   │   │   │   'train': False,
│   │   │   │   'val': False,
│   │   │   │   'test': True
│   │   │   },
│   │   │   'server': {
│   │   │   │   'interval': 1,
│   │   │   │   'train': False,
│   │   │   │   'val': False,
│   │   │   │   'test': True,
│   │   │   │   'model_in_train_mode': False
│   │   │   }
│   │   },
│   │   'verbose_gap': 10,
│   │   'monitor': 'tensorboard',
│   │   'use_cuda': True,
│   │   'save_log': True,
│   │   'save_model': False,
│   │   'save_learning_curve_plot': True,
│   │   'save_metrics': True,
│   │   'delete_useless_run': True,
│   │   'dataloader_num_workers': 2,
│   │   'resume_checkpoint': None
│   },
│   'fedlategram': {
│   │   'lam': 0.15,
│   │   'tau_cka': 0.85,
│   │   'late_fraction': 0.45,
│   │   'freeze_strategy': 'slow_update',
│   │   'T_warm': 10,
│   │   'alpha_early_lr': 0.05,
│   │   'freq_early': 2,
│   │   'gram_ref': 'proxy',
│   │   'proxy_size': 256,
│   │   'lam_adaptive': True,
│   │   'mu_clf': 0.01
│   },
│   'cka': {
│   │   'rounds': [
│   │   │   1,
│   │   │   2,
│   │   │   5,
│   │   │   10,
│   │   │   20,
│   │   │   30,
│   │   │   40,
│   │   │   50
│   │   ],
│   │   'client_sample': 10,
│   │   'probe_batches': 20,
│   │   'probe_batch_size': 16
│   },
│   'ckadriftfedavg': {}
}
---------------------------- ROUND 1/50 START ----------------------------                                                                                                
Selected clients: [7, 9, 6, 3, 5, 0, 4, 1, 2, 8]                                                                                                                          
  [Client 7] Starting local training...                                                                                                                                   
  [Client 7] Finished training in 15.35s                                                                                                                                  
  [Client 9] Starting local training...                                                                                                                                   
  [Client 9] Finished training in 8.87s                                                                                                                                   
  [Client 6] Starting local training...                                                                                                                                   
  [Client 6] Finished training in 26.15s                                                                                                                                  
  [Client 3] Starting local training...                                                                                                                                   
  [Client 3] Finished training in 21.12s                                                                                                                                  
  [Client 5] Starting local training...                                                                                                                                   
  [Client 5] Finished training in 7.62s                                                                                                                                   
  [Client 0] Starting local training...                                                                                                                                   
  [Client 0] Finished training in 7.56s                                                                                                                                   
  [Client 4] Starting local training...                                                                                                                                   
  [Client 4] Finished training in 32.33s                                                                                                                                  
  [Client 1] Starting local training...                                                                                                                                   
  [Client 1] Finished training in 7.62s                                                                                                                                   
  [Client 2] Starting local training...                                                                                                                                   
  [Client 2] Finished training in 27.43s                                                                                                                                  
  [Client 8] Starting local training...                                                                                                                                   
  [Client 8] Finished training in 28.95s                                                                                                                                  
[Round 0] layer_lambdas: 5=0.0199, 6=0.0223, 7=0.0223, 8=0.0200, 9=0.0200, 10=0.0198, 11=0.0257, norm_f=0.0000                                                            
[FedLateGram Round 1] avg task: 1.5486 | avg gram: 0.1078 | avg prox_clf: 0.0016                                                                                          
  [CKA] Saved checkpoints for round 1 (10 clients) → /home/luis.mendezl/Thesis/logs/runs/cifar10/fedlategram/vim_tiny/alpha0.3/seed456/checkpoints/round_0001             
ROUND 1 FINISHED in 188.20s (Avg: 188.20s)                                                                                                                                
  [FedLateGram] Saved checkpoint after round 1 → /home/luis.mendezl/Thesis/logs/runs/cifar10/fedlategram/vim_tiny/alpha0.3/seed456/checkpoints/training_state.pt          
---------------------------- ROUND 2/50 START ----------------------------                                                                                                
Selected clients: [1, 7, 8, 0, 2, 9, 4, 6, 5, 3]                                                                                                                          
  [Client 1] Starting local training...                                                                                                                                   
  [Client 1] Finished training in 7.67s                                                                                                                                   
  [Client 7] Starting local training...                                                                                                                                   
  [Client 7] Finished training in 13.90s                                                                                                                                  
  [Client 8] Starting local training...                                                                                                                                   
  [Client 8] Finished training in 29.45s                                                                                                                                  
  [Client 0] Starting local training...                                                                                                                                   
  [Client 0] Finished training in 8.32s                                                                                                                                   
  [Client 2] Starting local training...                                                                                                                                   
  [Client 2] Finished training in 27.54s                                                                                                                                  
  [Client 9] Starting local training...                                                                                                                                   
  [Client 9] Finished training in 8.92s                                                                                                                                   
  [Client 4] Starting local training...                                                                                                                                   
  [Client 4] Finished training in 32.44s                                                                                                                                  
  [Client 6] Starting local training...                                                                                                                                   
  [Client 6] Finished training in 26.29s                                                                                                                                  
  [Client 5] Starting local training...                                                                                                                                   
  [Client 5] Finished training in 7.66s                                                                                                                                   
  [Client 3] Starting local training...                                                                                                                                   
  [Client 3] Finished training in 21.59s                                                                                                                                  
[Round 1] layer_lambdas: 5=0.0206, 6=0.0246, 7=0.0231, 8=0.0227, 9=0.0224, 10=0.0219, 11=0.0147, norm_f=0.0000                                                            
[FedLateGram Round 2] avg task: 1.4692 | avg gram: 0.0067 | avg prox_clf: 0.0021                                                                                          
  [CKA] Saved checkpoints for round 2 (10 clients) → /home/luis.mendezl/Thesis/logs/runs/cifar10/fedlategram/vim_tiny/alpha0.3/seed456/checkpoints/round_0002             
ROUND 2 FINISHED in 186.50s (Avg: 187.35s)                                                                                                                                
  [FedLateGram] Saved checkpoint after round 2 → /home/luis.mendezl/Thesis/logs/runs/cifar10/fedlategram/vim_tiny/alpha0.3/seed456/checkpoints/training_state.pt          
---------------------------- ROUND 3/50 START ----------------------------                                                                                                
Selected clients: [8, 9, 7, 6, 2, 0, 4, 1, 5, 3]                                                                                                                          
  [Client 8] Starting local training...                                                                                                                                   
  [Client 8] Finished training in 28.80s                                                                                                                                  
  [Client 9] Starting local training...                                                                                                                                   
  [Client 9] Finished training in 9.37s                                                                                                                                   
  [Client 7] Starting local training...                                                                                                                                   
  [Client 7] Finished training in 14.16s                                                                                                                                  
  [Client 6] Starting local training...                                                                                                                                   
  [Client 6] Finished training in 26.30s                                                                                                                                  
  [Client 2] Starting local training...                                                                                                                                   
  [Client 2] Finished training in 27.57s                                                                                                                                  
  [Client 0] Starting local training...                                                                                                                                   
  [Client 0] Finished training in 7.68s                                                                                                                                   
  [Client 4] Starting local training...                                                                                                                                   
  [Client 4] Finished training in 32.41s                                                                                                                                  
  [Client 1] Starting local training...                                                                                                                                   
  [Client 1] Finished training in 7.66s                                                                                                                                   
  [Client 5] Starting local training...                                                                                                                                   
  [Client 5] Finished training in 7.63s                                                                                                                                   
  [Client 3] Starting local training...                                                                                                                                   
  [Client 3] Finished training in 21.28s                                                                                                                                  
[Round 2] layer_lambdas: 5=0.0218, 6=0.0214, 7=0.0250, 8=0.0237, 9=0.0230, 10=0.0219, 11=0.0133, norm_f=0.0000                                                            
[FedLateGram Round 3] avg task: 1.3875 | avg gram: 0.0059 | avg prox_clf: 0.0020                                                                                          
ROUND 3 FINISHED in 184.03s (Avg: 186.24s)                                                                                                                                
  [FedLateGram] Saved checkpoint after round 3 → /home/luis.mendezl/Thesis/logs/runs/cifar10/fedlategram/vim_tiny/alpha0.3/seed456/checkpoints/training_state.pt          
---------------------------- ROUND 4/50 START ----------------------------                                                                                                
Selected clients: [3, 5, 2, 1, 9, 6, 7, 4, 0, 8]                                                                                                                          
  [Client 3] Starting local training...                                                                                                                                   
  [Client 3] Finished training in 21.59s                                                                                                                                  
  [Client 5] Starting local training...                                                                                                                                   
  [Client 5] Finished training in 7.70s                                                                                                                                   
  [Client 2] Starting local training...                                                                                                                                   
  [Client 2] Finished training in 27.54s                                                                                                                                  
  [Client 1] Starting local training...                                                                                                                                   
  [Client 1] Finished training in 7.68s                                                                                                                                   
  [Client 9] Starting local training...                                                                                                                                   
  [Client 9] Finished training in 8.91s                                                                                                                                   
  [Client 6] Starting local training...                                                                                                                                   
  [Client 6] Finished training in 26.27s                                                                                                                                  
  [Client 7] Starting local training...                                                                                                                                   
  [Client 7] Finished training in 13.87s                                                                                                                                  
  [Client 4] Starting local training...                                                                                                                                   
  [Client 4] Finished training in 32.64s                                                                                                                                  
  [Client 0] Starting local training...                                                                                                                                   
  [Client 0] Finished training in 7.68s                                                                                                                                   
  [Client 8] Starting local training...                                                                                                                                   
  [Client 8] Finished training in 29.02s                                                                                                                                  
[Round 3] layer_lambdas: 5=0.0236, 6=0.0215, 7=0.0277, 8=0.0202, 9=0.0213, 10=0.0231, 11=0.0126, norm_f=0.0000                                                            
[FedLateGram Round 4] avg task: 1.3720 | avg gram: 0.0055 | avg prox_clf: 0.0022                                                                                          
ROUND 4 FINISHED in 184.05s (Avg: 185.69s)                                                                                                                                
  [FedLateGram] Saved checkpoint after round 4 → /home/luis.mendezl/Thesis/logs/runs/cifar10/fedlategram/vim_tiny/alpha0.3/seed456/checkpoints/training_state.pt          
---------------------------- ROUND 5/50 START ----------------------------                                                                                                
Selected clients: [4, 2, 6, 7, 0, 3, 9, 8, 1, 5]                                                                                                                          
  [Client 4] Starting local training...                                                                                                                                   
  [Client 4] Finished training in 32.53s                                                                                                                                  
  [Client 2] Starting local training...                                                                                                                                   
  [Client 2] Finished training in 27.48s                                                                                                                                  
  [Client 6] Starting local training...                                                                                                                                   
  [Client 6] Finished training in 26.32s                                                                                                                                  
  [Client 7] Starting local training...                                                                                                                                   
  [Client 7] Finished training in 13.89s                                                                                                                                  
  [Client 0] Starting local training...                                                                                                                                   
  [Client 0] Finished training in 7.73s                                                                                                                                   
  [Client 3] Starting local training...                                                                                                                                   
  [Client 3] Finished training in 21.32s                                                                                                                                  
  [Client 9] Starting local training...                                                                                                                                   
  [Client 9] Finished training in 8.96s                                                                                                                                   
  [Client 8] Starting local training...                                                                                                                                   
  [Client 8] Finished training in 28.88s                                                                                                                                  
  [Client 1] Starting local training...                                                                                                                                   
  [Client 1] Finished training in 7.68s                                                                                                                                   
  [Client 5] Starting local training...                                                                                                                                   
  [Client 5] Finished training in 7.67s                                                                                                                                   
[Round 4] layer_lambdas: 5=0.0247, 6=0.0170, 7=0.0178, 8=0.0242, 9=0.0289, 10=0.0280, 11=0.0094, norm_f=0.0000                                                            
[FedLateGram Round 5] avg task: 1.3112 | avg gram: 0.0049 | avg prox_clf: 0.0022                                                                                          
  [CKA] Saved checkpoints for round 5 (10 clients) → /home/luis.mendezl/Thesis/logs/runs/cifar10/fedlategram/vim_tiny/alpha0.3/seed456/checkpoints/round_0005             
ROUND 5 FINISHED in 185.22s (Avg: 185.60s)                                                                                                                                
  [FedLateGram] Saved checkpoint after round 5 → /home/luis.mendezl/Thesis/logs/runs/cifar10/fedlategram/vim_tiny/alpha0.3/seed456/checkpoints/training_state.pt          
---------------------------- ROUND 6/50 START ----------------------------                                                                                                
Selected clients: [7, 3, 9, 4, 0, 1, 6, 8, 5, 2]                                                                                                                          
  [Client 7] Starting local training...                                                                                                                                   
  [Client 7] Finished training in 13.87s                                                                                                                                  
  [Client 3] Starting local training...                                                                                                                                   
  [Client 3] Finished training in 21.54s                                                                                                                                  
  [Client 9] Starting local training...                                                                                                                                   
  [Client 9] Finished training in 9.57s                                                                                                                                   
  [Client 4] Starting local training...                                                                                                                                   
  [Client 4] Finished training in 33.33s                                                                                                                                  
  [Client 0] Starting local training...                                                                                                                                   
  [Client 0] Finished training in 8.02s                                                                                                                                   
  [Client 1] Starting local training...                                                                                                                                   
  [Client 1] Finished training in 7.69s                                                                                                                                   
  [Client 6] Starting local training...                                                                                                                                   
  [Client 6] Finished training in 26.20s                                                                                                                                  
  [Client 8] Starting local training...                                                                                                                                   
  [Client 8] Finished training in 28.71s                                                                                                                                  
  [Client 5] Starting local training...                                                                                                                                   
  [Client 5] Finished training in 7.65s                                                                                                                                   
  [Client 2] Starting local training...                                                                                                                                   
  [Client 2] Finished training in 27.48s                                                                                                                                  
[Round 5] layer_lambdas: 5=0.0238, 6=0.0210, 7=0.0234, 8=0.0230, 9=0.0227, 10=0.0235, 11=0.0126, norm_f=0.0000                                                            
[FedLateGram Round 6] avg task: 1.2914 | avg gram: 0.0048 | avg prox_clf: 0.0025                                                                                          
ROUND 6 FINISHED in 185.18s (Avg: 185.53s)                                                                                                                                
  [FedLateGram] Saved checkpoint after round 6 → /home/luis.mendezl/Thesis/logs/runs/cifar10/fedlategram/vim_tiny/alpha0.3/seed456/checkpoints/training_state.pt          
---------------------------- ROUND 7/50 START ----------------------------                                                                                                
Selected clients: [9, 8, 2, 4, 7, 1, 6, 0, 3, 5]                                                                                                                          
  [Client 9] Starting local training...                                                                                                                                   
  [Client 9] Finished training in 8.94s                                                                                                                                   
  [Client 8] Starting local training...                                                                                                                                   
  [Client 8] Finished training in 28.79s                                                                                                                                  
  [Client 2] Starting local training...                                                                                                                                   
  [Client 2] Finished training in 28.09s                                                                                                                                  
  [Client 4] Starting local training...                                                                                                                                   
  [Client 4] Finished training in 33.09s                                                                                                                                  
  [Client 7] Starting local training...                                                                                                                                   
  [Client 7] Finished training in 13.84s                                                                                                                                  
  [Client 1] Starting local training...                                                                                                                                   
  [Client 1] Finished training in 7.71s                                                                                                                                   
  [Client 6] Starting local training...                                                                                                                                   
  [Client 6] Finished training in 26.32s                                                                                                                                  
  [Client 0] Starting local training...                                                                                                                                   
  [Client 0] Finished training in 7.69s                                                                                                                                   
  [Client 3] Starting local training...                                                                                                                                   
  [Client 3] Finished training in 21.29s                                                                                                                                  
  [Client 5] Starting local training...                                                                                                                                   
  [Client 5] Finished training in 7.63s                                                                                                                                   
[Round 6] layer_lambdas: 5=0.0268, 6=0.0193, 7=0.0187, 8=0.0197, 9=0.0287, 10=0.0277, 11=0.0091, norm_f=0.0000                                                            
[FedLateGram Round 7] avg task: 1.2615 | avg gram: 0.0039 | avg prox_clf: 0.0024                                                                                          
ROUND 7 FINISHED in 184.86s (Avg: 185.43s)                                                                                                                                
  [FedLateGram] Saved checkpoint after round 7 → /home/luis.mendezl/Thesis/logs/runs/cifar10/fedlategram/vim_tiny/alpha0.3/seed456/checkpoints/training_state.pt          
---------------------------- ROUND 8/50 START ----------------------------                                                                                                
Selected clients: [7, 8, 2, 0, 6, 5, 4, 1, 9, 3]                                                                                                                          
  [Client 7] Starting local training...                                                                                                                                   
  [Client 7] Finished training in 13.89s                                                                                                                                  
  [Client 8] Starting local training...                                                                                                                                   
  [Client 8] Finished training in 28.72s                                                                                                                                  
  [Client 2] Starting local training...                                                                                                                                   
  [Client 2] Finished training in 28.16s                                                                                                                                  
  [Client 0] Starting local training...                                                                                                                                   
  [Client 0] Finished training in 8.33s                                                                                                                                   
  [Client 6] Starting local training...                                                                                                                                   
  [Client 6] Finished training in 26.99s                                                                                                                                  
  [Client 5] Starting local training...                                                                                                                                   
  [Client 5] Finished training in 7.94s                                                                                                                                   
  [Client 4] Starting local training...                                                                                                                                   
  [Client 4] Finished training in 33.08s                                                                                                                                  
  [Client 1] Starting local training...                                                                                                                                   
  [Client 1] Finished training in 8.37s                                                                                                                                   
  [Client 9] Starting local training...                                                                                                                                   
  [Client 9] Finished training in 8.89s                                                                                                                                   
  [Client 3] Starting local training...                                                                                                                                   
  [Client 3] Finished training in 21.31s                                                                                                                                  
[Round 7] layer_lambdas: 5=0.0213, 6=0.0166, 7=0.0207, 8=0.0175, 9=0.0297, 10=0.0324, 11=0.0118, norm_f=0.0000                                                            
[FedLateGram Round 8] avg task: 1.2481 | avg gram: 0.0040 | avg prox_clf: 0.0025                                                                                          
ROUND 8 FINISHED in 186.80s (Avg: 185.60s)                                                                                                                                
  [FedLateGram] Saved checkpoint after round 8 → /home/luis.mendezl/Thesis/logs/runs/cifar10/fedlategram/vim_tiny/alpha0.3/seed456/checkpoints/training_state.pt          
---------------------------- ROUND 9/50 START ----------------------------                                                                                                
Selected clients: [3, 5, 8, 0, 7, 6, 9, 1, 4, 2]                                                                                                                          
  [Client 3] Starting local training...                                                                                                                                   
  [Client 3] Finished training in 21.35s                                                                                                                                  
  [Client 5] Starting local training...                                                                                                                                   
  [Client 5] Finished training in 7.67s                                                                                                                                   
  [Client 8] Starting local training...                                                                                                                                   
  [Client 8] Finished training in 28.73s                                                                                                                                  
  [Client 0] Starting local training...                                                                                                                                   
  [Client 0] Finished training in 7.64s                                                                                                                                   
  [Client 7] Starting local training...                                                                                                                                   
  [Client 7] Finished training in 13.86s                                                                                                                                  
  [Client 6] Starting local training...                                                                                                                                   
  [Client 6] Finished training in 26.26s                                                                                                                                  
  [Client 9] Starting local training...                                                                                                                                   
  [Client 9] Finished training in 8.90s                                                                                                                                   
  [Client 1] Starting local training...                                                                                                                                   
  [Client 1] Finished training in 7.64s                                                                                                                                   
  [Client 4] Starting local training...                                                                                                                                   
  [Client 4] Finished training in 32.45s                                                                                                                                  
  [Client 2] Starting local training...                                                                                                                                   
  [Client 2] Finished training in 28.17s                                                                                                                                  
[Round 8] layer_lambdas: 5=0.0209, 6=0.0230, 7=0.0273, 8=0.0172, 9=0.0230, 10=0.0263, 11=0.0124, norm_f=0.0000                                                            
[FedLateGram Round 9] avg task: 1.2055 | avg gram: 0.0034 | avg prox_clf: 0.0025                                                                                          
ROUND 9 FINISHED in 183.80s (Avg: 185.40s)                                                                                                                                
  [FedLateGram] Saved checkpoint after round 9 → /home/luis.mendezl/Thesis/logs/runs/cifar10/fedlategram/vim_tiny/alpha0.3/seed456/checkpoints/training_state.pt          
---------------------------- ROUND 10/50 START ----------------------------                                                                                               
Selected clients: [3, 4, 1, 0, 5, 6, 9, 7, 2, 8]                                                                                                                          
  [Client 3] Starting local training...                                                                                                                                   
  [Client 3] Finished training in 21.28s                                                                                                                                  
client [3]  (testset)   loss: 1.9267 -> 1.8100  accuracy: 34.09% -> 34.09%                                                                                                
  [Client 4] Starting local training...                                                                                                                                   
  [Client 4] Finished training in 32.49s                                                                                                                                  
client [4]  (testset)   loss: 2.0850 -> 1.1024  accuracy: 23.99% -> 60.52%                                                                                                
  [Client 1] Starting local training...                                                                                                                                   
  [Client 1] Finished training in 8.18s                                                                                                                                   
client [1]  (testset)   loss: 1.9547 -> 1.5533  accuracy: 25.81% -> 45.16%                                                                                                
  [Client 0] Starting local training...                                                                                                                                   
  [Client 0] Finished training in 7.67s                                                                                                                                   
client [0]  (testset)   loss: 1.7525 -> 1.0122  accuracy: 31.67% -> 61.67%                                                                                                
  [Client 5] Starting local training...                                                                                                                                   
  [Client 5] Finished training in 7.68s                                                                                                                                   
client [5]  (testset)   loss: 1.6889 -> 1.3845  accuracy: 35.09% -> 54.39%                                                                                                
  [Client 6] Starting local training...                                                                                                                                   
  [Client 6] Finished training in 26.25s                                                                                                                                  
client [6]  (testset)   loss: 1.7282 -> 1.5541  accuracy: 32.88% -> 46.85%                                                                                                
  [Client 9] Starting local training...                                                                                                                                   
  [Client 9] Finished training in 8.91s                                                                                                                                   
client [9]  (testset)   loss: 1.7304 -> 1.4724  accuracy: 35.21% -> 47.89%                                                                                                
  [Client 7] Starting local training...                                                                                                                                   
  [Client 7] Finished training in 13.84s                                                                                                                                  
client [7]  (testset)   loss: 2.0160 -> 0.8347  accuracy: 18.92% -> 69.37%                                                                                                
  [Client 2] Starting local training...                                                                                                                                   
  [Client 2] Finished training in 27.49s                                                                                                                                  
client [2]  (testset)   loss: 1.9380 -> 1.5256  accuracy: 30.09% -> 47.79%                                                                                                
  [Client 8] Starting local training...                                                                                                                                   
  [Client 8] Finished training in 29.33s                                                                                                                                  
client [8]  (testset)   loss: 2.0758 -> 1.5566  accuracy: 19.17% -> 48.33%                                                                                                
[Round 9] layer_lambdas: 5=0.0235, 6=0.0227, 7=0.0251, 8=0.0173, 9=0.0211, 10=0.0273, 11=0.0132, norm_f=0.0000                                                            
[FedLateGram Round 10] avg task: 1.1756 | avg gram: 0.0029 | avg prox_clf: 0.0024                                                                                         
  [CKA] Saved checkpoints for round 10 (10 clients) → /home/luis.mendezl/Thesis/logs/runs/cifar10/fedlategram/vim_tiny/alpha0.3/seed456/checkpoints/round_0010            
ROUND 10 FINISHED in 186.11s (Avg: 185.47s)                                                                                                                               
  [FedLateGram] Saved checkpoint after round 10 → /home/luis.mendezl/Thesis/logs/runs/cifar10/fedlategram/vim_tiny/alpha0.3/seed456/checkpoints/training_state.pt         
---------------------------- ROUND 11/50 START ----------------------------                                                                                               
Selected clients: [0, 9, 8, 1, 2, 4, 6, 5, 3, 7]                                                                                                                          
  [Client 0] Starting local training...                                                                                                                                   
  [Client 0] Finished training in 7.68s                                                                                                                                   
  [Client 9] Starting local training...                                                                                                                                   
  [Client 9] Finished training in 8.89s                                                                                                                                   
  [Client 8] Starting local training...                                                                                                                                   
  [Client 8] Finished training in 28.73s                                                                                                                                  
  [Client 1] Starting local training...                                                                                                                                   
  [Client 1] Finished training in 7.71s                                                                                                                                   
  [Client 2] Starting local training...                                                                                                                                   
  [Client 2] Finished training in 27.70s                                                                                                                                  
  [Client 4] Starting local training...                                                                                                                                   
  [Client 4] Finished training in 32.43s                                                                                                                                  
  [Client 6] Starting local training...                                                                                                                                   
  [Client 6] Finished training in 26.28s                                                                                                                                  
  [Client 5] Starting local training...                                                                                                                                   
  [Client 5] Finished training in 7.69s                                                                                                                                   
  [Client 3] Starting local training...                                                                                                                                   
  [Client 3] Finished training in 21.26s                                                                                                                                  
  [Client 7] Starting local training...                                                                                                                                   
  [Client 7] Finished training in 13.88s                                                                                                                                  
[Round 10] layer_lambdas: 5=0.0267, 6=0.0278, 7=0.0236, 8=0.0146, 9=0.0163, 10=0.0253, 11=0.0155, norm_f=0.0000                                                           
[FedLateGram Round 11] avg task: 1.1644 | avg gram: 0.0025 | avg prox_clf: 0.0024                                                                                         
ROUND 11 FINISHED in 183.39s (Avg: 185.28s)                                                                                                                               
  [FedLateGram] Saved checkpoint after round 11 → /home/luis.mendezl/Thesis/logs/runs/cifar10/fedlategram/vim_tiny/alpha0.3/seed456/checkpoints/training_state.pt         
---------------------------- ROUND 12/50 START ----------------------------                                                                                               
Selected clients: [9, 8, 4, 3, 2, 0, 1, 5, 6, 7]                                                                                                                          
  [Client 9] Starting local training...                                                                                                                                   
  [Client 9] Finished training in 8.93s                                                                                                                                   
  [Client 8] Starting local training...                                                                                                                                   
  [Client 8] Finished training in 28.75s                                                                                                                                  
  [Client 4] Starting local training...                                                                                                                                   
  [Client 4] Finished training in 32.97s                                                                                                                                  
  [Client 3] Starting local training...                                                                                                                                   
  [Client 3] Finished training in 21.26s                                                                                                                                  
  [Client 2] Starting local training...                                                                                                                                   
  [Client 2] Finished training in 27.49s                                                                                                                                  
  [Client 0] Starting local training...                                                                                                                                   
  [Client 0] Finished training in 8.10s                                                                                                                                   
  [Client 1] Starting local training...                                                                                                                                   
  [Client 1] Finished training in 7.67s                                                                                                                                   
  [Client 5] Starting local training...                                                                                                                                   
  [Client 5] Finished training in 7.66s                                                                                                                                   
  [Client 6] Starting local training...                                                                                                                                   
  [Client 6] Finished training in 26.26s                                                                                                                                  
  [Client 7] Starting local training...                                                                                                                                   
  [Client 7] Finished training in 13.84s                                                                                                                                  
[Round 11] layer_lambdas: 5=0.0251, 6=0.0253, 7=0.0302, 8=0.0174, 9=0.0182, 10=0.0213, 11=0.0124, norm_f=0.0000                                                           
[FedLateGram Round 12] avg task: 1.1263 | avg gram: 0.0023 | avg prox_clf: 0.0024                                                                                         
ROUND 12 FINISHED in 184.04s (Avg: 185.18s)                                                                                                                               
  [FedLateGram] Saved checkpoint after round 12 → /home/luis.mendezl/Thesis/logs/runs/cifar10/fedlategram/vim_tiny/alpha0.3/seed456/checkpoints/training_state.pt         
---------------------------- ROUND 13/50 START ----------------------------                                                                                               
Selected clients: [8, 7, 1, 4, 6, 9, 0, 5, 2, 3]                                                                                                                          
  [Client 8] Starting local training...                                                                                                                                   
  [Client 8] Finished training in 28.81s                                                                                                                                  
  [Client 7] Starting local training...                                                                                                                                   
  [Client 7] Finished training in 13.89s                                                                                                                                  
  [Client 1] Starting local training...                                                                                                                                   
  [Client 1] Finished training in 7.68s                                                                                                                                   
  [Client 4] Starting local training...                                                                                                                                   
  [Client 4] Finished training in 32.48s                                                                                                                                  
  [Client 6] Starting local training...                                                                                                                                   
  [Client 6] Finished training in 26.32s                                                                                                                                  
  [Client 9] Starting local training...                                                                                                                                   
  [Client 9] Finished training in 8.96s                                                                                                                                   
  [Client 0] Starting local training...                                                                                                                                   
  [Client 0] Finished training in 7.71s                                                                                                                                   
  [Client 5] Starting local training...                                                                                                                                   
  [Client 5] Finished training in 7.74s                                                                                                                                   
  [Client 2] Starting local training...                                                                                                                                   
  [Client 2] Finished training in 27.55s                                                                                                                                  
  [Client 3] Starting local training...                                                                                                                                   
  [Client 3] Finished training in 21.92s                                                                                                                                  
[Round 12] layer_lambdas: 5=0.0278, 6=0.0263, 7=0.0267, 8=0.0156, 9=0.0190, 10=0.0188, 11=0.0156, norm_f=0.0000                                                           
[FedLateGram Round 13] avg task: 1.1130 | avg gram: 0.0023 | avg prox_clf: 0.0023                                                                                         
ROUND 13 FINISHED in 184.20s (Avg: 185.11s)                                                                                                                               
  [FedLateGram] Saved checkpoint after round 13 → /home/luis.mendezl/Thesis/logs/runs/cifar10/fedlategram/vim_tiny/alpha0.3/seed456/checkpoints/training_state.pt         
---------------------------- ROUND 14/50 START ----------------------------                                                                                               
Selected clients: [3, 2, 7, 8, 0, 9, 4, 6, 5, 1]                                                                                                                          
  [Client 3] Starting local training...                                                                                                                                   
  [Client 3] Finished training in 21.32s                                                                                                                                  
  [Client 2] Starting local training...                                                                                                                                   
  [Client 2] Finished training in 27.54s                                                                                                                                  
  [Client 7] Starting local training...                                                                                                                                   
  [Client 7] Finished training in 13.88s                                                                                                                                  
  [Client 8] Starting local training...                                                                                                                                   
  [Client 8] Finished training in 28.81s                                                                                                                                  
  [Client 0] Starting local training...                                                                                                                                   
  [Client 0] Finished training in 7.70s                                                                                                                                   
  [Client 9] Starting local training...                                                                                                                                   
  [Client 9] Finished training in 9.59s                                                                                                                                   
  [Client 4] Starting local training...                                                                                                                                   
  [Client 4] Finished training in 32.50s                                                                                                                                  
  [Client 6] Starting local training...                                                                                                                                   
  [Client 6] Finished training in 26.89s                                                                                                                                  
  [Client 5] Starting local training...                                                                                                                                   
  [Client 5] Finished training in 7.69s                                                                                                                                   
  [Client 1] Starting local training...                                                                                                                                   
  [Client 1] Finished training in 7.69s                                                                                                                                   
[Round 13] layer_lambdas: 5=0.0278, 6=0.0274, 7=0.0231, 8=0.0176, 9=0.0159, 10=0.0216, 11=0.0166, norm_f=0.0000                                                           
[FedLateGram Round 14] avg task: 1.0848 | avg gram: 0.0022 | avg prox_clf: 0.0022                                                                                         
ROUND 14 FINISHED in 184.73s (Avg: 185.08s)                                                                                                                               
  [FedLateGram] Saved checkpoint after round 14 → /home/luis.mendezl/Thesis/logs/runs/cifar10/fedlategram/vim_tiny/alpha0.3/seed456/checkpoints/training_state.pt         
---------------------------- ROUND 15/50 START ----------------------------                                                                                               
Selected clients: [7, 9, 5, 4, 0, 3, 2, 8, 6, 1]                                                                                                                          
  [Client 7] Starting local training...                                                                                                                                   
  [Client 7] Finished training in 13.92s                                                                                                                                  
  [Client 9] Starting local training...                                                                                                                                   
  [Client 9] Finished training in 9.11s                                                                                                                                   
  [Client 5] Starting local training...                                                                                                                                   
  [Client 5] Finished training in 7.87s                                                                                                                                   
  [Client 4] Starting local training...                                                                                                                                   
  [Client 4] Finished training in 32.74s                                                                                                                                  
  [Client 0] Starting local training...                                                                                                                                   
  [Client 0] Finished training in 8.30s                                                                                                                                   
  [Client 3] Starting local training...                                                                                                                                   
  [Client 3] Finished training in 21.34s                                                                                                                                  
  [Client 2] Starting local training...                                                                                                                                   
  [Client 2] Finished training in 27.47s                                                                                                                                  
  [Client 8] Starting local training...                                                                                                                                   
  [Client 8] Finished training in 28.66s                                                                                                                                  
  [Client 6] Starting local training...                                                                                                                                   
  [Client 6] Finished training in 26.33s                                                                                                                                  
  [Client 1] Starting local training...                                                                                                                                   
  [Client 1] Finished training in 7.68s                                                                                                                                   
[Round 14] layer_lambdas: 5=0.0305, 6=0.0274, 7=0.0276, 8=0.0167, 9=0.0162, 10=0.0163, 11=0.0152, norm_f=0.0000                                                           
[FedLateGram Round 15] avg task: 1.0617 | avg gram: 0.0023 | avg prox_clf: 0.0020                                                                                         
ROUND 15 FINISHED in 184.56s (Avg: 185.04s)                                                                                                                               
  [FedLateGram] Saved checkpoint after round 15 → /home/luis.mendezl/Thesis/logs/runs/cifar10/fedlategram/vim_tiny/alpha0.3/seed456/checkpoints/training_state.pt         
---------------------------- ROUND 16/50 START ----------------------------                                                                                               
Selected clients: [2, 4, 6, 9, 3, 1, 0, 8, 5, 7]                                                                                                                          
  [Client 2] Starting local training...                                                                                                                                   
  [Client 2] Finished training in 27.51s                                                                                                                                  
  [Client 4] Starting local training...                                                                                                                                   
  [Client 4] Finished training in 33.16s                                                                                                                                  
  [Client 6] Starting local training...                                                                                                                                   
  [Client 6] Finished training in 26.29s                                                                                                                                  
  [Client 9] Starting local training...                                                                                                                                   
  [Client 9] Finished training in 8.92s                                                                                                                                   
  [Client 3] Starting local training...                                                                                                                                   
  [Client 3] Finished training in 21.34s                                                                                                                                  
  [Client 1] Starting local training...                                                                                                                                   
  [Client 1] Finished training in 7.69s                                                                                                                                   
  [Client 0] Starting local training...                                                                                                                                   
  [Client 0] Finished training in 7.65s                                                                                                                                   
  [Client 8] Starting local training...                                                                                                                                   
  [Client 8] Finished training in 28.68s                                                                                                                                  
  [Client 5] Starting local training...                                                                                                                                   
  [Client 5] Finished training in 7.66s                                                                                                                                   
  [Client 7] Starting local training...                                                                                                                                   
  [Client 7] Finished training in 13.86s                                                                                                                                  
[Round 15] layer_lambdas: 5=0.0285, 6=0.0258, 7=0.0244, 8=0.0193, 9=0.0190, 10=0.0193, 11=0.0137, norm_f=0.0000                                                           
[FedLateGram Round 16] avg task: 1.0327 | avg gram: 0.0027 | avg prox_clf: 0.0020                                                                                         
ROUND 16 FINISHED in 183.90s (Avg: 184.97s)                                                                                                                               
  [FedLateGram] Saved checkpoint after round 16 → /home/luis.mendezl/Thesis/logs/runs/cifar10/fedlategram/vim_tiny/alpha0.3/seed456/checkpoints/training_state.pt         
---------------------------- ROUND 17/50 START ----------------------------                                                                                               
Selected clients: [3, 0, 6, 5, 1, 7, 8, 9, 2, 4]                                                                                                                          
  [Client 3] Starting local training...                                                                                                                                   
  [Client 3] Finished training in 21.34s                                                                                                                                  
  [Client 0] Starting local training...                                                                                                                                   
  [Client 0] Finished training in 7.69s                                                                                                                                   
  [Client 6] Starting local training...                                                                                                                                   
  [Client 6] Finished training in 26.24s                                                                                                                                  
  [Client 5] Starting local training...                                                                                                                                   
  [Client 5] Finished training in 7.72s                                                                                                                                   
  [Client 1] Starting local training...                                                                                                                                   
  [Client 1] Finished training in 7.72s                                                                                                                                   
  [Client 7] Starting local training...                                                                                                                                   
  [Client 7] Finished training in 13.87s                                                                                                                                  
  [Client 8] Starting local training...                                                                                                                                   
  [Client 8] Finished training in 28.96s                                                                                                                                  
  [Client 9] Starting local training...                                                                                                                                   
  [Client 9] Finished training in 8.91s                                                                                                                                   
  [Client 2] Starting local training...                                                                                                                                   
  [Client 2] Finished training in 27.49s                                                                                                                                  
  [Client 4] Starting local training...                                                                                                                                   
  [Client 4] Finished training in 32.43s                                                                                                                                  
[Round 16] layer_lambdas: 5=0.0264, 6=0.0311, 7=0.0283, 8=0.0183, 9=0.0146, 10=0.0172, 11=0.0141, norm_f=0.0000                                                           
[FedLateGram Round 17] avg task: 1.0155 | avg gram: 0.0027 | avg prox_clf: 0.0020                                                                                         
ROUND 17 FINISHED in 183.51s (Avg: 184.89s)                                                                                                                               
  [FedLateGram] Saved checkpoint after round 17 → /home/luis.mendezl/Thesis/logs/runs/cifar10/fedlategram/vim_tiny/alpha0.3/seed456/checkpoints/training_state.pt         
---------------------------- ROUND 18/50 START ----------------------------                                                                                               
Selected clients: [0, 2, 7, 4, 9, 1, 6, 5, 3, 8]                                                                                                                          
  [Client 0] Starting local training...                                                                                                                                   
  [Client 0] Finished training in 7.71s                                                                                                                                   
  [Client 2] Starting local training...                                                                                                                                   
  [Client 2] Finished training in 27.52s                                                                                                                                  
  [Client 7] Starting local training...                                                                                                                                   
  [Client 7] Finished training in 13.89s                                                                                                                                  
  [Client 4] Starting local training...                                                                                                                                   
  [Client 4] Finished training in 32.46s                                                                                                                                  
  [Client 9] Starting local training...                                                                                                                                   
  [Client 9] Finished training in 8.90s                                                                                                                                   
  [Client 1] Starting local training...                                                                                                                                   
  [Client 1] Finished training in 7.70s                                                                                                                                   
  [Client 6] Starting local training...                                                                                                                                   
  [Client 6] Finished training in 26.34s                                                                                                                                  
  [Client 5] Starting local training...                                                                                                                                   
  [Client 5] Finished training in 7.70s                                                                                                                                   
  [Client 3] Starting local training...                                                                                                                                   
  [Client 3] Finished training in 21.62s                                                                                                                                  
  [Client 8] Starting local training...                                                                                                                                   
  [Client 8] Finished training in 28.88s                                                                                                                                  
[Round 17] layer_lambdas: 5=0.0312, 6=0.0296, 7=0.0244, 8=0.0178, 9=0.0158, 10=0.0184, 11=0.0127, norm_f=0.0000                                                           
[FedLateGram Round 18] avg task: 0.9998 | avg gram: 0.0030 | avg prox_clf: 0.0019                                                                                         
ROUND 18 FINISHED in 184.03s (Avg: 184.84s)                                                                                                                               
  [FedLateGram] Saved checkpoint after round 18 → /home/luis.mendezl/Thesis/logs/runs/cifar10/fedlategram/vim_tiny/alpha0.3/seed456/checkpoints/training_state.pt         
---------------------------- ROUND 19/50 START ----------------------------                                                                                               
Selected clients: [3, 7, 2, 8, 1, 9, 6, 0, 4, 5]                                                                                                                          
  [Client 3] Starting local training...                                                                                                                                   
  [Client 3] Finished training in 21.44s                                                                                                                                  
  [Client 7] Starting local training...                                                                                                                                   
  [Client 7] Finished training in 13.93s                                                                                                                                  
  [Client 2] Starting local training...                                                                                                                                   
  [Client 2] Finished training in 27.60s                                                                                                                                  
  [Client 8] Starting local training...                                                                                                                                   
  [Client 8] Finished training in 28.78s                                                                                                                                  
  [Client 1] Starting local training...                                                                                                                                   
  [Client 1] Finished training in 7.84s                                                                                                                                   
  [Client 9] Starting local training...                                                                                                                                   
  [Client 9] Finished training in 9.25s                                                                                                                                   
  [Client 6] Starting local training...                                                                                                                                   
  [Client 6] Finished training in 26.32s                                                                                                                                  
  [Client 0] Starting local training...                                                                                                                                   
  [Client 0] Finished training in 7.79s                                                                                                                                   
  [Client 4] Starting local training...                                                                                                                                   
  [Client 4] Finished training in 33.25s                                                                                                                                  
  [Client 5] Starting local training...                                                                                                                                   
  [Client 5] Finished training in 7.65s                                                                                                                                   
[Round 18] layer_lambdas: 5=0.0278, 6=0.0307, 7=0.0239, 8=0.0207, 9=0.0152, 10=0.0167, 11=0.0150, norm_f=0.0000                                                           
[FedLateGram Round 19] avg task: 0.9887 | avg gram: 0.0032 | avg prox_clf: 0.0018                                                                                         
ROUND 19 FINISHED in 185.32s (Avg: 184.86s)                                                                                                                               
  [FedLateGram] Saved checkpoint after round 19 → /home/luis.mendezl/Thesis/logs/runs/cifar10/fedlategram/vim_tiny/alpha0.3/seed456/checkpoints/training_state.pt         
---------------------------- ROUND 20/50 START ----------------------------                                                                                               
Selected clients: [5, 6, 0, 3, 9, 1, 4, 7, 8, 2]                                                                                                                          
  [Client 5] Starting local training...                                                                                                                                   
  [Client 5] Finished training in 7.69s                                                                                                                                   
client [5]  (testset)   loss: 1.4998 -> 1.2511  accuracy: 49.12% -> 54.39%                                                                                                
  [Client 6] Starting local training...                                                                                                                                   
  [Client 6] Finished training in 26.27s                                                                                                                                  
client [6]  (testset)   loss: 1.5930 -> 1.7405  accuracy: 40.99% -> 48.65%                                                                                                
  [Client 0] Starting local training...                                                                                                                                   
  [Client 0] Finished training in 7.70s                                                                                                                                   
client [0]  (testset)   loss: 1.5345 -> 0.8941  accuracy: 45.00% -> 73.33%                                                                                                
  [Client 3] Starting local training...                                                                                                                                   
  [Client 3] Finished training in 21.30s                                                                                                                                  
client [3]  (testset)   loss: 1.7775 -> 1.8566  accuracy: 43.18% -> 39.77%                                                                                                
  [Client 9] Starting local training...                                                                                                                                   
  [Client 9] Finished training in 9.17s                                                                                                                                   
client [9]  (testset)   loss: 1.6863 -> 1.5798  accuracy: 42.25% -> 52.11%                                                                                                
  [Client 1] Starting local training...                                                                                                                                   
  [Client 1] Finished training in 7.88s                                                                                                                                   
client [1]  (testset)   loss: 1.8185 -> 1.5277  accuracy: 29.03% -> 51.61%                                                                                                
  [Client 4] Starting local training...                                                                                                                                   
  [Client 4] Finished training in 32.54s                                                                                                                                  
client [4]  (testset)   loss: 1.9529 -> 1.0911  accuracy: 25.46% -> 61.62%                                                                                                
  [Client 7] Starting local training...                                                                                                                                   
  [Client 7] Finished training in 13.86s                                                                                                                                  
client [7]  (testset)   loss: 1.6967 -> 0.7485  accuracy: 45.95% -> 71.17%                                                                                                
  [Client 8] Starting local training...                                                                                                                                   
  [Client 8] Finished training in 28.71s                                                                                                                                  
client [8]  (testset)   loss: 1.8995 -> 1.4520  accuracy: 34.58% -> 52.50%                                                                                                
  [Client 2] Starting local training...                                                                                                                                   
  [Client 2] Finished training in 28.16s                                                                                                                                  
client [2]  (testset)   loss: 2.0210 -> 1.4393  accuracy: 34.51% -> 54.42%                                                                                                
[Round 19] layer_lambdas: 5=0.0281, 6=0.0261, 7=0.0271, 8=0.0187, 9=0.0180, 10=0.0164, 11=0.0156, norm_f=0.0000                                                           
[FedLateGram Round 20] avg task: 0.9707 | avg gram: 0.0032 | avg prox_clf: 0.0018                                                                                         
  [CKA] Saved checkpoints for round 20 (10 clients) → /home/luis.mendezl/Thesis/logs/runs/cifar10/fedlategram/vim_tiny/alpha0.3/seed456/checkpoints/round_0020            
ROUND 20 FINISHED in 190.56s (Avg: 185.15s)                                                                                                                               
  [FedLateGram] Saved checkpoint after round 20 → /home/luis.mendezl/Thesis/logs/runs/cifar10/fedlategram/vim_tiny/alpha0.3/seed456/checkpoints/training_state.pt         
---------------------------- ROUND 21/50 START ----------------------------                                                                                               
Selected clients: [6, 7, 3, 9, 4, 0, 8, 2, 1, 5]                                                                                                                          
  [Client 6] Starting local training...                                                                                                                                   
  [Client 6] Finished training in 26.31s                                                                                                                                  
  [Client 7] Starting local training...                                                                                                                                   
  [Client 7] Finished training in 14.33s                                                                                                                                  
  [Client 3] Starting local training...                                                                                                                                   
  [Client 3] Finished training in 21.36s                                                                                                                                  
  [Client 9] Starting local training...                                                                                                                                   
  [Client 9] Finished training in 9.62s                                                                                                                                   
  [Client 4] Starting local training...                                                                                                                                   
  [Client 4] Finished training in 32.46s                                                                                                                                  
  [Client 0] Starting local training...                                                                                                                                   
  [Client 0] Finished training in 7.71s                                                                                                                                   
  [Client 8] Starting local training...                                                                                                                                   
  [Client 8] Finished training in 29.40s                                                                                                                                  
  [Client 2] Starting local training...                                                                                                                                   
  [Client 2] Finished training in 27.53s                                                                                                                                  
  [Client 1] Starting local training...                                                                                                                                   
  [Client 1] Finished training in 7.72s                                                                                                                                   
  [Client 5] Starting local training...                                                                                                                                   
  [Client 5] Finished training in 7.80s                                                                                                                                   
[Round 20] layer_lambdas: 5=0.0286, 6=0.0284, 7=0.0247, 8=0.0222, 9=0.0162, 10=0.0164, 11=0.0135, norm_f=0.0000                                                           
[FedLateGram Round 21] avg task: 0.9490 | avg gram: 0.0034 | avg prox_clf: 0.0018                                                                                         
ROUND 21 FINISHED in 185.72s (Avg: 185.18s)                                                                                                                               
  [FedLateGram] Saved checkpoint after round 21 → /home/luis.mendezl/Thesis/logs/runs/cifar10/fedlategram/vim_tiny/alpha0.3/seed456/checkpoints/training_state.pt         
---------------------------- ROUND 22/50 START ----------------------------                                                                                               
Selected clients: [4, 5, 9, 7, 3, 0, 8, 6, 1, 2]                                                                                                                          
  [Client 4] Starting local training...                                                                                                                                   
  [Client 4] Finished training in 32.82s                                                                                                                                  
  [Client 5] Starting local training...                                                                                                                                   
  [Client 5] Finished training in 7.72s                                                                                                                                   
  [Client 9] Starting local training...                                                                                                                                   
  [Client 9] Finished training in 9.01s                                                                                                                                   
  [Client 7] Starting local training...                                                                                                                                   
  [Client 7] Finished training in 13.99s                                                                                                                                  
  [Client 3] Starting local training...                                                                                                                                   
  [Client 3] Finished training in 21.34s                                                                                                                                  
  [Client 0] Starting local training...                                                                                                                                   
  [Client 0] Finished training in 7.70s                                                                                                                                   
  [Client 8] Starting local training...                                                                                                                                   
  [Client 8] Finished training in 28.71s                                                                                                                                  
  [Client 6] Starting local training...                                                                                                                                   
  [Client 6] Finished training in 26.30s                                                                                                                                  
  [Client 1] Starting local training...                                                                                                                                   
  [Client 1] Finished training in 7.72s                                                                                                                                   
  [Client 2] Starting local training...                                                                                                                                   
  [Client 2] Finished training in 27.48s                                                                                                                                  
[Round 21] layer_lambdas: 5=0.0260, 6=0.0274, 7=0.0278, 8=0.0190, 9=0.0192, 10=0.0181, 11=0.0125, norm_f=0.0000                                                           
[FedLateGram Round 22] avg task: 0.9299 | avg gram: 0.0034 | avg prox_clf: 0.0017                                                                                         
ROUND 22 FINISHED in 183.92s (Avg: 185.12s)                                                                                                                               
  [FedLateGram] Saved checkpoint after round 22 → /home/luis.mendezl/Thesis/logs/runs/cifar10/fedlategram/vim_tiny/alpha0.3/seed456/checkpoints/training_state.pt         
---------------------------- ROUND 23/50 START ----------------------------                                                                                               
Selected clients: [0, 8, 9, 1, 4, 7, 5, 6, 2, 3]                                                                                                                          
  [Client 0] Starting local training...                                                                                                                                   
  [Client 0] Finished training in 7.71s                                                                                                                                   
  [Client 8] Starting local training...                                                                                                                                   
  [Client 8] Finished training in 28.76s                                                                                                                                  
  [Client 9] Starting local training...                                                                                                                                   
  [Client 9] Finished training in 8.96s                                                                                                                                   
  [Client 1] Starting local training...                                                                                                                                   
  [Client 1] Finished training in 7.83s                                                                                                                                   
  [Client 4] Starting local training...                                                                                                                                   
  [Client 4] Finished training in 32.47s                                                                                                                                  
  [Client 7] Starting local training...                                                                                                                                   
  [Client 7] Finished training in 14.59s                                                                                                                                  
  [Client 5] Starting local training...                                                                                                                                   
  [Client 5] Finished training in 7.70s                                                                                                                                   
  [Client 6] Starting local training...                                                                                                                                   
  [Client 6] Finished training in 26.47s                                                                                                                                  
  [Client 2] Starting local training...                                                                                                                                   
  [Client 2] Finished training in 27.51s                                                                                                                                  
  [Client 3] Starting local training...                                                                                                                                   
  [Client 3] Finished training in 21.30s                                                                                                                                  
[Round 22] layer_lambdas: 5=0.0283, 6=0.0299, 7=0.0274, 8=0.0210, 9=0.0143, 10=0.0173, 11=0.0119, norm_f=0.0000                                                           
[FedLateGram Round 23] avg task: 0.9158 | avg gram: 0.0035 | avg prox_clf: 0.0017                                                                                         
ROUND 23 FINISHED in 184.45s (Avg: 185.09s)                                                                                                                               
  [FedLateGram] Saved checkpoint after round 23 → /home/luis.mendezl/Thesis/logs/runs/cifar10/fedlategram/vim_tiny/alpha0.3/seed456/checkpoints/training_state.pt         
---------------------------- ROUND 24/50 START ----------------------------                                                                                               
Selected clients: [9, 1, 5, 2, 6, 4, 8, 0, 7, 3]                                                                                                                          
  [Client 9] Starting local training...                                                                                                                                   
  [Client 9] Finished training in 8.84s                                                                                                                                   
  [Client 1] Starting local training...                                                                                                                                   
  [Client 1] Finished training in 8.34s                                                                                                                                   
  [Client 5] Starting local training...                                                                                                                                   
  [Client 5] Finished training in 7.61s                                                                                                                                   
  [Client 2] Starting local training...                                                                                                                                   
  [Client 2] Finished training in 27.46s                                                                                                                                  
  [Client 6] Starting local training...                                                                                                                                   
  [Client 6] Finished training in 27.09s                                                                                                                                  
  [Client 4] Starting local training...                                                                                                                                   
  [Client 4] Finished training in 32.54s                                                                                                                                  
  [Client 8] Starting local training...                                                                                                                                   
  [Client 8] Finished training in 28.69s                                                                                                                                  
  [Client 0] Starting local training...                                                                                                                                   
  [Client 0] Finished training in 7.74s                                                                                                                                   
  [Client 7] Starting local training...                                                                                                                                   
  [Client 7] Finished training in 13.81s                                                                                                                                  
  [Client 3] Starting local training...                                                                                                                                   
  [Client 3] Finished training in 21.22s                                                                                                                                  
[Round 23] layer_lambdas: 5=0.0287, 6=0.0276, 7=0.0249, 8=0.0216, 9=0.0182, 10=0.0162, 11=0.0128, norm_f=0.0000                                                           
[FedLateGram Round 24] avg task: 0.9016 | avg gram: 0.0039 | avg prox_clf: 0.0017                                                                                         
ROUND 24 FINISHED in 184.43s (Avg: 185.06s)                                                                                                                               
  [FedLateGram] Saved checkpoint after round 24 → /home/luis.mendezl/Thesis/logs/runs/cifar10/fedlategram/vim_tiny/alpha0.3/seed456/checkpoints/training_state.pt         
---------------------------- ROUND 25/50 START ----------------------------                                                                                               
Selected clients: [3, 8, 7, 5, 1, 9, 4, 6, 2, 0]                                                                                                                          
  [Client 3] Starting local training...                                                                                                                                   
  [Client 3] Finished training in 21.41s                                                                                                                                  
  [Client 8] Starting local training...                                                                                                                                   
  [Client 8] Finished training in 28.79s                                                                                                                                  
  [Client 7] Starting local training...                                                                                                                                   
  [Client 7] Finished training in 13.94s                                                                                                                                  
  [Client 5] Starting local training...                                                                                                                                   
  [Client 5] Finished training in 7.82s                                                                                                                                   
  [Client 1] Starting local training...                                                                                                                                   
  [Client 1] Finished training in 7.90s                                                                                                                                   
  [Client 9] Starting local training...                                                                                                                                   
  [Client 9] Finished training in 8.99s                                                                                                                                   
  [Client 4] Starting local training...                                                                                                                                   
  [Client 4] Finished training in 33.15s                                                                                                                                  
  [Client 6] Starting local training...                                                                                                                                   
  [Client 6] Finished training in 26.70s                                                                                                                                  
  [Client 2] Starting local training...                                                                                                                                   
  [Client 2] Finished training in 27.61s                                                                                                                                  
  [Client 0] Starting local training...                                                                                                                                   
  [Client 0] Finished training in 7.71s                                                                                                                                   
[Round 24] layer_lambdas: 5=0.0295, 6=0.0281, 7=0.0242, 8=0.0181, 9=0.0197, 10=0.0177, 11=0.0127, norm_f=0.0000                                                           
[FedLateGram Round 25] avg task: 0.8831 | avg gram: 0.0038 | avg prox_clf: 0.0016                                                                                         
ROUND 25 FINISHED in 185.24s (Avg: 185.07s)                                                                                                                               
  [FedLateGram] Saved checkpoint after round 25 → /home/luis.mendezl/Thesis/logs/runs/cifar10/fedlategram/vim_tiny/alpha0.3/seed456/checkpoints/training_state.pt         
---------------------------- ROUND 26/50 START ----------------------------                                                                                               
Selected clients: [8, 6, 2, 7, 3, 0, 4, 9, 1, 5]                                                                                                                          
  [Client 8] Starting local training...                                                                                                                                   
  [Client 8] Finished training in 28.78s                                                                                                                                  
  [Client 6] Starting local training...                                                                                                                                   
  [Client 6] Finished training in 26.32s                                                                                                                                  
  [Client 2] Starting local training...                                                                                                                                   
  [Client 2] Finished training in 27.49s                                                                                                                                  
  [Client 7] Starting local training...                                                                                                                                   
  [Client 7] Finished training in 13.92s                                                                                                                                  
  [Client 3] Starting local training...                                                                                                                                   
  [Client 3] Finished training in 21.60s                                                                                                                                  
  [Client 0] Starting local training...                                                                                                                                   
  [Client 0] Finished training in 7.94s                                                                                                                                   
  [Client 4] Starting local training...                                                                                                                                   
  [Client 4] Finished training in 32.42s                                                                                                                                  
  [Client 9] Starting local training...                                                                                                                                   
  [Client 9] Finished training in 8.92s                                                                                                                                   
  [Client 1] Starting local training...                                                                                                                                   
  [Client 1] Finished training in 7.70s                                                                                                                                   
  [Client 5] Starting local training...                                                                                                                                   
  [Client 5] Finished training in 7.66s                                                                                                                                   
[Round 25] layer_lambdas: 5=0.0286, 6=0.0293, 7=0.0269, 8=0.0211, 9=0.0167, 10=0.0157, 11=0.0117, norm_f=0.0000                                                           
[FedLateGram Round 26] avg task: 0.8752 | avg gram: 0.0039 | avg prox_clf: 0.0016                                                                                         
ROUND 26 FINISHED in 183.90s (Avg: 185.03s)                                                                                                                               
  [FedLateGram] Saved checkpoint after round 26 → /home/luis.mendezl/Thesis/logs/runs/cifar10/fedlategram/vim_tiny/alpha0.3/seed456/checkpoints/training_state.pt         
---------------------------- ROUND 27/50 START ----------------------------                                                                                               
Selected clients: [2, 1, 6, 5, 4, 7, 0, 8, 3, 9]                                                                                                                          
  [Client 2] Starting local training...                                                                                                                                   
  [Client 2] Finished training in 27.57s                                                                                                                                  
  [Client 1] Starting local training...                                                                                                                                   
  [Client 1] Finished training in 7.85s                                                                                                                                   
  [Client 6] Starting local training...                                                                                                                                   
  [Client 6] Finished training in 26.34s                                                                                                                                  
  [Client 5] Starting local training...                                                                                                                                   
  [Client 5] Finished training in 7.73s                                                                                                                                   
  [Client 4] Starting local training...                                                                                                                                   
  [Client 4] Finished training in 32.50s                                                                                                                                  
  [Client 7] Starting local training...                                                                                                                                   
  [Client 7] Finished training in 13.92s                                                                                                                                  
  [Client 0] Starting local training...                                                                                                                                   
  [Client 0] Finished training in 7.74s                                                                                                                                   
  [Client 8] Starting local training...                                                                                                                                   
  [Client 8] Finished training in 28.76s                                                                                                                                  
  [Client 3] Starting local training...                                                                                                                                   
  [Client 3] Finished training in 21.34s                                                                                                                                  
  [Client 9] Starting local training...                                                                                                                                   
  [Client 9] Finished training in 8.93s                                                                                                                                   
[Round 26] layer_lambdas: 5=0.0263, 6=0.0273, 7=0.0255, 8=0.0213, 9=0.0181, 10=0.0180, 11=0.0135, norm_f=0.0000                                                           
[FedLateGram Round 27] avg task: 0.8696 | avg gram: 0.0040 | avg prox_clf: 0.0016                                                                                         
ROUND 27 FINISHED in 183.81s (Avg: 184.98s)                                                                                                                               
  [FedLateGram] Saved checkpoint after round 27 → /home/luis.mendezl/Thesis/logs/runs/cifar10/fedlategram/vim_tiny/alpha0.3/seed456/checkpoints/training_state.pt         
---------------------------- ROUND 28/50 START ----------------------------                                                                                               
Selected clients: [5, 9, 0, 4, 2, 8, 1, 7, 3, 6]                                                                                                                          
  [Client 5] Starting local training...                                                                                                                                   
  [Client 5] Finished training in 7.69s                                                                                                                                   
  [Client 9] Starting local training...                                                                                                                                   
  [Client 9] Finished training in 8.99s                                                                                                                                   
  [Client 0] Starting local training...                                                                                                                                   
  [Client 0] Finished training in 7.72s                                                                                                                                   
  [Client 4] Starting local training...                                                                                                                                   
  [Client 4] Finished training in 32.50s                                                                                                                                  
  [Client 2] Starting local training...                                                                                                                                   
  [Client 2] Finished training in 27.53s                                                                                                                                  
  [Client 8] Starting local training...                                                                                                                                   
  [Client 8] Finished training in 28.79s                                                                                                                                  
  [Client 1] Starting local training...                                                                                                                                   
  [Client 1] Finished training in 7.87s                                                                                                                                   
  [Client 7] Starting local training...                                                                                                                                   
  [Client 7] Finished training in 13.87s                                                                                                                                  
  [Client 3] Starting local training...                                                                                                                                   
  [Client 3] Finished training in 22.06s                                                                                                                                  
  [Client 6] Starting local training...                                                                                                                                   
  [Client 6] Finished training in 26.55s                                                                                                                                  
[Round 27] layer_lambdas: 5=0.0248, 6=0.0269, 7=0.0285, 8=0.0201, 9=0.0181, 10=0.0183, 11=0.0132, norm_f=0.0000                                                           
[FedLateGram Round 28] avg task: 0.8436 | avg gram: 0.0040 | avg prox_clf: 0.0016                                                                                         
ROUND 28 FINISHED in 184.69s (Avg: 184.97s)                                                                                                                               
  [FedLateGram] Saved checkpoint after round 28 → /home/luis.mendezl/Thesis/logs/runs/cifar10/fedlategram/vim_tiny/alpha0.3/seed456/checkpoints/training_state.pt         
---------------------------- ROUND 29/50 START ----------------------------                                                                                               
Selected clients: [1, 8, 4, 6, 2, 7, 3, 9, 0, 5]                                                                                                                          
  [Client 1] Starting local training...                                                                                                                                   
  [Client 1] Finished training in 7.75s                                                                                                                                   
  [Client 8] Starting local training...                                                                                                                                   
  [Client 8] Finished training in 28.83s                                                                                                                                  
  [Client 4] Starting local training...                                                                                                                                   
  [Client 4] Finished training in 32.52s                                                                                                                                  
  [Client 6] Starting local training...                                                                                                                                   
  [Client 6] Finished training in 26.96s                                                                                                                                  
  [Client 2] Starting local training...                                                                                                                                   
  [Client 2] Finished training in 28.17s                                                                                                                                  
  [Client 7] Starting local training...                                                                                                                                   
  [Client 7] Finished training in 14.55s                                                                                                                                  
  [Client 3] Starting local training...                                                                                                                                   
  [Client 3] Finished training in 22.01s                                                                                                                                  
  [Client 9] Starting local training...                                                                                                                                   
  [Client 9] Finished training in 8.97s                                                                                                                                   
  [Client 0] Starting local training...                                                                                                                                   
  [Client 0] Finished training in 7.73s                                                                                                                                   
  [Client 5] Starting local training...                                                                                                                                   
  [Client 5] Finished training in 7.92s                                                                                                                                   
[Round 28] layer_lambdas: 5=0.0285, 6=0.0272, 7=0.0251, 8=0.0216, 9=0.0197, 10=0.0167, 11=0.0111, norm_f=0.0000                                                           
[FedLateGram Round 29] avg task: 0.8252 | avg gram: 0.0041 | avg prox_clf: 0.0015                                                                                         
ROUND 29 FINISHED in 186.54s (Avg: 185.02s)                                                                                                                               
  [FedLateGram] Saved checkpoint after round 29 → /home/luis.mendezl/Thesis/logs/runs/cifar10/fedlategram/vim_tiny/alpha0.3/seed456/checkpoints/training_state.pt         
---------------------------- ROUND 30/50 START ----------------------------                                                                                               
Selected clients: [1, 0, 5, 9, 8, 2, 3, 6, 4, 7]                                                                                                                          
  [Client 1] Starting local training...                                                                                                                                   
  [Client 1] Finished training in 7.73s                                                                                                                                   
client [1]  (testset)   loss: 1.6343 -> 1.6154  accuracy: 37.10% -> 50.00%                                                                                                
  [Client 0] Starting local training...                                                                                                                                   
  [Client 0] Finished training in 7.73s                                                                                                                                   
client [0]  (testset)   loss: 1.4536 -> 0.8853  accuracy: 48.33% -> 66.67%                                                                                                
  [Client 5] Starting local training...                                                                                                                                   
  [Client 5] Finished training in 7.71s                                                                                                                                   
client [5]  (testset)   loss: 1.5498 -> 1.4968  accuracy: 40.35% -> 61.40%                                                                                                
  [Client 9] Starting local training...                                                                                                                                   
  [Client 9] Finished training in 8.94s                                                                                                                                   
client [9]  (testset)   loss: 1.8943 -> 1.8048  accuracy: 38.03% -> 52.11%                                                                                                
  [Client 8] Starting local training...                                                                                                                                   
  [Client 8] Finished training in 28.76s                                                                                                                                  
client [8]  (testset)   loss: 1.8028 -> 1.5296  accuracy: 41.67% -> 55.00%                                                                                                
  [Client 2] Starting local training...                                                                                                                                   
  [Client 2] Finished training in 27.54s                                                                                                                                  
client [2]  (testset)   loss: 1.9687 -> 1.8911  accuracy: 34.51% -> 56.19%                                                                                                
  [Client 3] Starting local training...                                                                                                                                   
  [Client 3] Finished training in 21.35s                                                                                                                                  
client [3]  (testset)   loss: 1.7606 -> 1.9248  accuracy: 42.61% -> 40.34%                                                                                                
  [Client 6] Starting local training...                                                                                                                                   
  [Client 6] Finished training in 26.36s                                                                                                                                  
client [6]  (testset)   loss: 1.6386 -> 1.8255  accuracy: 43.69% -> 50.90%                                                                                                
  [Client 4] Starting local training...                                                                                                                                   
  [Client 4] Finished training in 32.50s                                                                                                                                  
client [4]  (testset)   loss: 1.9110 -> 1.2136  accuracy: 29.89% -> 58.67%                                                                                                
  [Client 7] Starting local training...                                                                                                                                   
  [Client 7] Finished training in 13.92s                                                                                                                                  
client [7]  (testset)   loss: 1.7353 -> 0.8555  accuracy: 37.84% -> 75.68%                                                                                                
[Round 29] layer_lambdas: 5=0.0233, 6=0.0270, 7=0.0285, 8=0.0210, 9=0.0163, 10=0.0181, 11=0.0157, norm_f=0.0000                                                           
[FedLateGram Round 30] avg task: 0.8069 | avg gram: 0.0042 | avg prox_clf: 0.0015                                                                                         
  [CKA] Saved checkpoints for round 30 (10 clients) → /home/luis.mendezl/Thesis/logs/runs/cifar10/fedlategram/vim_tiny/alpha0.3/seed456/checkpoints/round_0030            
ROUND 30 FINISHED in 185.27s (Avg: 185.03s)                                                                                                                               
  [FedLateGram] Saved checkpoint after round 30 → /home/luis.mendezl/Thesis/logs/runs/cifar10/fedlategram/vim_tiny/alpha0.3/seed456/checkpoints/training_state.pt         
---------------------------- ROUND 31/50 START ----------------------------                                                                                               
Selected clients: [9, 3, 0, 7, 6, 5, 4, 1, 8, 2]                                                                                                                          
  [Client 9] Starting local training...                                                                                                                                   
  [Client 9] Finished training in 8.98s                                                                                                                                   
  [Client 3] Starting local training...                                                                                                                                   
  [Client 3] Finished training in 21.80s                                                                                                                                  
  [Client 0] Starting local training...                                                                                                                                   
  [Client 0] Finished training in 8.42s                                                                                                                                   
  [Client 7] Starting local training...                                                                                                                                   
  [Client 7] Finished training in 14.60s                                                                                                                                  
  [Client 6] Starting local training...                                                                                                                                   
  [Client 6] Finished training in 26.32s                                                                                                                                  
  [Client 5] Starting local training...                                                                                                                                   
  [Client 5] Finished training in 8.05s                                                                                                                                   
  [Client 4] Starting local training...                                                                                                                                   
  [Client 4] Finished training in 32.49s                                                                                                                                  
  [Client 1] Starting local training...                                                                                                                                   
  [Client 1] Finished training in 7.75s                                                                                                                                   
  [Client 8] Starting local training...                                                                                                                                   
  [Client 8] Finished training in 28.74s                                                                                                                                  
  [Client 2] Starting local training...                                                                                                                                   
  [Client 2] Finished training in 27.56s                                                                                                                                  
[Round 30] layer_lambdas: 5=0.0320, 6=0.0275, 7=0.0228, 8=0.0205, 9=0.0175, 10=0.0170, 11=0.0127, norm_f=0.0000                                                           
[FedLateGram Round 31] avg task: 0.8048 | avg gram: 0.0043 | avg prox_clf: 0.0015                                                                                         
ROUND 31 FINISHED in 186.18s (Avg: 185.07s)                                                                                                                               
  [FedLateGram] Saved checkpoint after round 31 → /home/luis.mendezl/Thesis/logs/runs/cifar10/fedlategram/vim_tiny/alpha0.3/seed456/checkpoints/training_state.pt         
---------------------------- ROUND 32/50 START ----------------------------                                                                                               
Selected clients: [0, 8, 7, 3, 4, 2, 6, 5, 1, 9]                                                                                                                          
  [Client 0] Starting local training...                                                                                                                                   
  [Client 0] Finished training in 7.81s                                                                                                                                   
  [Client 8] Starting local training...                                                                                                                                   
  [Client 8] Finished training in 28.82s                                                                                                                                  
  [Client 7] Starting local training...                                                                                                                                   
  [Client 7] Finished training in 13.93s                                                                                                                                  
  [Client 3] Starting local training...                                                                                                                                   
  [Client 3] Finished training in 21.37s                                                                                                                                  
  [Client 4] Starting local training...                                                                                                                                   
  [Client 4] Finished training in 32.57s                                                                                                                                  
  [Client 2] Starting local training...                                                                                                                                   
  [Client 2] Finished training in 27.53s                                                                                                                                  
  [Client 6] Starting local training...                                                                                                                                   
  [Client 6] Finished training in 26.33s                                                                                                                                  
  [Client 5] Starting local training...                                                                                                                                   
  [Client 5] Finished training in 7.95s                                                                                                                                   
  [Client 1] Starting local training...                                                                                                                                   
  [Client 1] Finished training in 7.77s                                                                                                                                   
  [Client 9] Starting local training...                                                                                                                                   
  [Client 9] Finished training in 8.96s                                                                                                                                   
[Round 31] layer_lambdas: 5=0.0246, 6=0.0295, 7=0.0279, 8=0.0218, 9=0.0169, 10=0.0172, 11=0.0120, norm_f=0.0000                                                           
[FedLateGram Round 32] avg task: 0.7811 | avg gram: 0.0044 | avg prox_clf: 0.0015                                                                                         
ROUND 32 FINISHED in 184.16s (Avg: 185.04s)                                                                                                                               
  [FedLateGram] Saved checkpoint after round 32 → /home/luis.mendezl/Thesis/logs/runs/cifar10/fedlategram/vim_tiny/alpha0.3/seed456/checkpoints/training_state.pt         
---------------------------- ROUND 33/50 START ----------------------------                                                                                               
Selected clients: [8, 1, 6, 3, 2, 4, 9, 5, 0, 7]                                                                                                                          
  [Client 8] Starting local training...                                                                                                                                   
  [Client 8] Finished training in 28.80s                                                                                                                                  
  [Client 1] Starting local training...                                                                                                                                   
  [Client 1] Finished training in 7.78s                                                                                                                                   
  [Client 6] Starting local training...                                                                                                                                   
  [Client 6] Finished training in 26.37s                                                                                                                                  
  [Client 3] Starting local training...                                                                                                                                   
  [Client 3] Finished training in 21.70s                                                                                                                                  
  [Client 2] Starting local training...                                                                                                                                   
  [Client 2] Finished training in 27.59s                                                                                                                                  
  [Client 4] Starting local training...                                                                                                                                   
  [Client 4] Finished training in 32.55s                                                                                                                                  
  [Client 9] Starting local training...                                                                                                                                   
  [Client 9] Finished training in 8.99s                                                                                                                                   
  [Client 5] Starting local training...                                                                                                                                   
  [Client 5] Finished training in 7.76s                                                                                                                                   
  [Client 0] Starting local training...                                                                                                                                   
  [Client 0] Finished training in 7.86s                                                                                                                                   
  [Client 7] Starting local training...                                                                                                                                   
  [Client 7] Finished training in 13.91s                                                                                                                                  
[Round 32] layer_lambdas: 5=0.0262, 6=0.0304, 7=0.0267, 8=0.0210, 9=0.0177, 10=0.0172, 11=0.0108, norm_f=0.0000                                                           
[FedLateGram Round 33] avg task: 0.7712 | avg gram: 0.0042 | avg prox_clf: 0.0015                                                                                         
ROUND 33 FINISHED in 184.47s (Avg: 185.02s)                                                                                                                               
  [FedLateGram] Saved checkpoint after round 33 → /home/luis.mendezl/Thesis/logs/runs/cifar10/fedlategram/vim_tiny/alpha0.3/seed456/checkpoints/training_state.pt         
---------------------------- ROUND 34/50 START ----------------------------                                                                                               
Selected clients: [0, 2, 7, 8, 9, 1, 4, 5, 3, 6]                                                                                                                          
  [Client 0] Starting local training...                                                                                                                                   
  [Client 0] Finished training in 7.76s                                                                                                                                   
  [Client 2] Starting local training...                                                                                                                                   
  [Client 2] Finished training in 27.61s                                                                                                                                  
  [Client 7] Starting local training...                                                                                                                                   
  [Client 7] Finished training in 14.06s                                                                                                                                  
  [Client 8] Starting local training...                                                                                                                                   
  [Client 8] Finished training in 28.80s                                                                                                                                  
  [Client 9] Starting local training...                                                                                                                                   
  [Client 9] Finished training in 8.98s                                                                                                                                   
  [Client 1] Starting local training...                                                                                                                                   
  [Client 1] Finished training in 7.75s                                                                                                                                   
  [Client 4] Starting local training...                                                                                                                                   
  [Client 4] Finished training in 32.48s                                                                                                                                  
  [Client 5] Starting local training...                                                                                                                                   
  [Client 5] Finished training in 7.69s                                                                                                                                   
  [Client 3] Starting local training...                                                                                                                                   
  [Client 3] Finished training in 21.31s                                                                                                                                  
  [Client 6] Starting local training...                                                                                                                                   
  [Client 6] Finished training in 26.42s                                                                                                                                  
[Round 33] layer_lambdas: 5=0.0283, 6=0.0303, 7=0.0228, 8=0.0232, 9=0.0182, 10=0.0153, 11=0.0120, norm_f=0.0000                                                           
[FedLateGram Round 34] avg task: 0.7517 | avg gram: 0.0043 | avg prox_clf: 0.0014                                                                                         
ROUND 34 FINISHED in 184.25s (Avg: 185.00s)                                                                                                                               
  [FedLateGram] Saved checkpoint after round 34 → /home/luis.mendezl/Thesis/logs/runs/cifar10/fedlategram/vim_tiny/alpha0.3/seed456/checkpoints/training_state.pt         
---------------------------- ROUND 35/50 START ----------------------------                                                                                               
Selected clients: [2, 8, 5, 7, 4, 1, 9, 0, 3, 6]                                                                                                                          
  [Client 2] Starting local training...                                                                                                                                   
  [Client 2] Finished training in 27.60s                                                                                                                                  
  [Client 8] Starting local training...                                                                                                                                   
  [Client 8] Finished training in 29.06s                                                                                                                                  
  [Client 5] Starting local training...                                                                                                                                   
  [Client 5] Finished training in 8.07s                                                                                                                                   
  [Client 7] Starting local training...                                                                                                                                   
  [Client 7] Finished training in 14.15s                                                                                                                                  
  [Client 4] Starting local training...                                                                                                                                   
  [Client 4] Finished training in 32.51s                                                                                                                                  
  [Client 1] Starting local training...                                                                                                                                   
  [Client 1] Finished training in 7.76s                                                                                                                                   
  [Client 9] Starting local training...                                                                                                                                   
  [Client 9] Finished training in 8.97s                                                                                                                                   
  [Client 0] Starting local training...                                                                                                                                   
  [Client 0] Finished training in 8.08s                                                                                                                                   
  [Client 3] Starting local training...                                                                                                                                   
  [Client 3] Finished training in 21.43s                                                                                                                                  
  [Client 6] Starting local training...                                                                                                                                   
  [Client 6] Finished training in 26.38s                                                                                                                                  
[Round 34] layer_lambdas: 5=0.0314, 6=0.0287, 7=0.0234, 8=0.0202, 9=0.0163, 10=0.0179, 11=0.0121, norm_f=0.0000                                                           
[FedLateGram Round 35] avg task: 0.7474 | avg gram: 0.0043 | avg prox_clf: 0.0014                                                                                         
ROUND 35 FINISHED in 193.63s (Avg: 185.25s)                                                                                                                               
  [FedLateGram] Saved checkpoint after round 35 → /home/luis.mendezl/Thesis/logs/runs/cifar10/fedlategram/vim_tiny/alpha0.3/seed456/checkpoints/training_state.pt         
---------------------------- ROUND 36/50 START ----------------------------                                                                                               
Selected clients: [0, 1, 5, 6, 8, 4, 9, 3, 2, 7]                                                                                                                          
  [Client 0] Starting local training...                                                                                                                                   
  [Client 0] Finished training in 7.76s                                                                                                                                   
  [Client 1] Starting local training...                                                                                                                                   
  [Client 1] Finished training in 8.44s                                                                                                                                   
  [Client 5] Starting local training...                                                                                                                                   
  [Client 5] Finished training in 7.76s                                                                                                                                   
  [Client 6] Starting local training...                                                                                                                                   
  [Client 6] Finished training in 26.38s                                                                                                                                  
  [Client 8] Starting local training...                                                                                                                                   
  [Client 8] Finished training in 28.87s                                                                                                                                  
  [Client 4] Starting local training...                                                                                                                                   
  [Client 4] Finished training in 32.85s                                                                                                                                  
  [Client 9] Starting local training...                                                                                                                                   
  [Client 9] Finished training in 8.99s                                                                                                                                   
  [Client 3] Starting local training...                                                                                                                                   
  [Client 3] Finished training in 21.35s                                                                                                                                  
  [Client 2] Starting local training...                                                                                                                                   
  [Client 2] Finished training in 27.56s                                                                                                                                  
  [Client 7] Starting local training...                                                                                                                                   
  [Client 7] Finished training in 14.27s                                                                                                                                  
[Round 35] layer_lambdas: 5=0.0246, 6=0.0305, 7=0.0235, 8=0.0240, 9=0.0171, 10=0.0165, 11=0.0139, norm_f=0.0000                                                           
[FedLateGram Round 36] avg task: 0.7371 | avg gram: 0.0046 | avg prox_clf: 0.0014                                                                                         
ROUND 36 FINISHED in 185.34s (Avg: 185.25s)                                                                                                                               
  [FedLateGram] Saved checkpoint after round 36 → /home/luis.mendezl/Thesis/logs/runs/cifar10/fedlategram/vim_tiny/alpha0.3/seed456/checkpoints/training_state.pt         
---------------------------- ROUND 37/50 START ----------------------------                                                                                               
Selected clients: [4, 8, 2, 1, 3, 5, 0, 7, 9, 6]                                                                                                                          
  [Client 4] Starting local training...                                                                                                                                   
  [Client 4] Finished training in 32.58s                                                                                                                                  
  [Client 8] Starting local training...                                                                                                                                   
  [Client 8] Finished training in 28.83s                                                                                                                                  
  [Client 2] Starting local training...                                                                                                                                   
  [Client 2] Finished training in 27.63s                                                                                                                                  
  [Client 1] Starting local training...                                                                                                                                   
  [Client 1] Finished training in 7.93s                                                                                                                                   
  [Client 3] Starting local training...                                                                                                                                   
  [Client 3] Finished training in 21.54s                                                                                                                                  
  [Client 5] Starting local training...                                                                                                                                   
  [Client 5] Finished training in 7.94s                                                                                                                                   
  [Client 0] Starting local training...                                                                                                                                   
  [Client 0] Finished training in 7.73s                                                                                                                                   
  [Client 7] Starting local training...                                                                                                                                   
  [Client 7] Finished training in 13.97s                                                                                                                                  
  [Client 9] Starting local training...                                                                                                                                   
  [Client 9] Finished training in 8.99s                                                                                                                                   
  [Client 6] Starting local training...                                                                                                                                   
  [Client 6] Finished training in 26.58s                                                                                                                                  
[Round 36] layer_lambdas: 5=0.0306, 6=0.0292, 7=0.0254, 8=0.0191, 9=0.0158, 10=0.0181, 11=0.0117, norm_f=0.0000                                                           
[FedLateGram Round 37] avg task: 0.7269 | avg gram: 0.0043 | avg prox_clf: 0.0014                                                                                         
ROUND 37 FINISHED in 184.87s (Avg: 185.24s)                                                                                                                               
  [FedLateGram] Saved checkpoint after round 37 → /home/luis.mendezl/Thesis/logs/runs/cifar10/fedlategram/vim_tiny/alpha0.3/seed456/checkpoints/training_state.pt         
---------------------------- ROUND 38/50 START ----------------------------                                                                                               
Selected clients: [2, 5, 7, 8, 0, 1, 4, 6, 9, 3]                                                                                                                          
  [Client 2] Starting local training...                                                                                                                                   
  [Client 2] Finished training in 27.57s                                                                                                                                  
  [Client 5] Starting local training...                                                                                                                                   
  [Client 5] Finished training in 7.77s                                                                                                                                   
  [Client 7] Starting local training...                                                                                                                                   
  [Client 7] Finished training in 13.97s                                                                                                                                  
  [Client 8] Starting local training...                                                                                                                                   
  [Client 8] Finished training in 28.81s                                                                                                                                  
  [Client 0] Starting local training...                                                                                                                                   
  [Client 0] Finished training in 7.74s                                                                                                                                   
  [Client 1] Starting local training...                                                                                                                                   
  [Client 1] Finished training in 7.77s                                                                                                                                   
  [Client 4] Starting local training...                                                                                                                                   
  [Client 4] Finished training in 32.59s                                                                                                                                  
  [Client 6] Starting local training...                                                                                                                                   
  [Client 6] Finished training in 26.33s                                                                                                                                  
  [Client 9] Starting local training...                                                                                                                                   
  [Client 9] Finished training in 9.63s                                                                                                                                   
  [Client 3] Starting local training...                                                                                                                                   
  [Client 3] Finished training in 22.00s                                                                                                                                  
[Round 37] layer_lambdas: 5=0.0282, 6=0.0294, 7=0.0251, 8=0.0213, 9=0.0177, 10=0.0162, 11=0.0121, norm_f=0.0000                                                           
[FedLateGram Round 38] avg task: 0.7051 | avg gram: 0.0045 | avg prox_clf: 0.0014                                                                                         
ROUND 38 FINISHED in 185.33s (Avg: 185.24s)                                                                                                                               
  [FedLateGram] Saved checkpoint after round 38 → /home/luis.mendezl/Thesis/logs/runs/cifar10/fedlategram/vim_tiny/alpha0.3/seed456/checkpoints/training_state.pt         
---------------------------- ROUND 39/50 START ----------------------------                                                                                               
Selected clients: [0, 3, 6, 7, 9, 1, 8, 5, 4, 2]                                                                                                                          
  [Client 0] Starting local training...                                                                                                                                   
  [Client 0] Finished training in 8.41s                                                                                                                                   
  [Client 3] Starting local training...                                                                                                                                   
  [Client 3] Finished training in 22.08s                                                                                                                                  
  [Client 6] Starting local training...                                                                                                                                   
  [Client 6] Finished training in 26.97s                                                                                                                                  
  [Client 7] Starting local training...                                                                                                                                   
  [Client 7] Finished training in 14.61s                                                                                                                                  
  [Client 9] Starting local training...                                                                                                                                   
  [Client 9] Finished training in 9.64s                                                                                                                                   
  [Client 1] Starting local training...                                                                                                                                   
  [Client 1] Finished training in 8.39s                                                                                                                                   
  [Client 8] Starting local training...                                                                                                                                   
  [Client 8] Finished training in 29.51s                                                                                                                                  
  [Client 5] Starting local training...                                                                                                                                   
  [Client 5] Finished training in 8.40s                                                                                                                                   
  [Client 4] Starting local training...                                                                                                                                   
  [Client 4] Finished training in 33.11s                                                                                                                                  
  [Client 2] Starting local training...                                                                                                                                   
  [Client 2] Finished training in 28.23s                                                                                                                                  
[Round 38] layer_lambdas: 5=0.0276, 6=0.0255, 7=0.0223, 8=0.0218, 9=0.0191, 10=0.0174, 11=0.0163, norm_f=0.0000                                                           
[FedLateGram Round 39] avg task: 0.7043 | avg gram: 0.0045 | avg prox_clf: 0.0013                                                                                         
ROUND 39 FINISHED in 190.89s (Avg: 185.39s)                                                                                                                               
  [FedLateGram] Saved checkpoint after round 39 → /home/luis.mendezl/Thesis/logs/runs/cifar10/fedlategram/vim_tiny/alpha0.3/seed456/checkpoints/training_state.pt         
---------------------------- ROUND 40/50 START ----------------------------                                                                                               
Selected clients: [0, 7, 3, 5, 9, 1, 4, 6, 8, 2]                                                                                                                          
  [Client 0] Starting local training...                                                                                                                                   
  [Client 0] Finished training in 7.77s                                                                                                                                   
client [0]  (testset)   loss: 1.4267 -> 0.9551  accuracy: 55.00% -> 66.67%                                                                                                
  [Client 7] Starting local training...                                                                                                                                   
  [Client 7] Finished training in 13.97s                                                                                                                                  
client [7]  (testset)   loss: 1.7079 -> 1.0303  accuracy: 41.44% -> 70.27%                                                                                                
  [Client 3] Starting local training...                                                                                                                                   
  [Client 3] Finished training in 21.72s                                                                                                                                  
client [3]  (testset)   loss: 1.8334 -> 2.0218  accuracy: 43.18% -> 45.45%                                                                                                
  [Client 5] Starting local training...                                                                                                                                   
  [Client 5] Finished training in 7.78s                                                                                                                                   
client [5]  (testset)   loss: 1.6644 -> 1.2976  accuracy: 52.63% -> 59.65%                                                                                                
  [Client 9] Starting local training...                                                                                                                                   
  [Client 9] Finished training in 9.32s                                                                                                                                   
client [9]  (testset)   loss: 1.9361 -> 1.6722  accuracy: 39.44% -> 52.11%                                                                                                
  [Client 1] Starting local training...                                                                                                                                   
  [Client 1] Finished training in 7.76s                                                                                                                                   
client [1]  (testset)   loss: 1.7135 -> 1.6657  accuracy: 45.16% -> 50.00%                                                                                                
  [Client 4] Starting local training...                                                                                                                                   
  [Client 4] Finished training in 33.16s                                                                                                                                  
client [4]  (testset)   loss: 1.9730 -> 1.4025  accuracy: 32.84% -> 57.20%                                                                                                
  [Client 6] Starting local training...                                                                                                                                   
  [Client 6] Finished training in 27.00s                                                                                                                                  
client [6]  (testset)   loss: 1.6735 -> 1.8171  accuracy: 45.95% -> 50.45%                                                                                                
  [Client 8] Starting local training...                                                                                                                                   
  [Client 8] Finished training in 28.78s                                                                                                                                  
client [8]  (testset)   loss: 1.7430 -> 1.5451  accuracy: 41.25% -> 55.42%                                                                                                
  [Client 2] Starting local training...                                                                                                                                   
  [Client 2] Finished training in 28.19s                                                                                                                                  
client [2]  (testset)   loss: 2.1011 -> 1.7041  accuracy: 36.73% -> 55.31%                                                                                                
[Round 39] layer_lambdas: 5=0.0302, 6=0.0315, 7=0.0239, 8=0.0203, 9=0.0179, 10=0.0151, 11=0.0111, norm_f=0.0000                                                           
[FedLateGram Round 40] avg task: 0.6843 | avg gram: 0.0045 | avg prox_clf: 0.0014                                                                                         
  [CKA] Saved checkpoints for round 40 (10 clients) → /home/luis.mendezl/Thesis/logs/runs/cifar10/fedlategram/vim_tiny/alpha0.3/seed456/checkpoints/round_0040            
ROUND 40 FINISHED in 190.57s (Avg: 185.52s)                                                                                                                               
  [FedLateGram] Saved checkpoint after round 40 → /home/luis.mendezl/Thesis/logs/runs/cifar10/fedlategram/vim_tiny/alpha0.3/seed456/checkpoints/training_state.pt         
---------------------------- ROUND 41/50 START ----------------------------                                                                                               
Selected clients: [8, 3, 0, 1, 2, 5, 7, 4, 6, 9]                                                                                                                          
  [Client 8] Starting local training...                                                                                                                                   
  [Client 8] Finished training in 28.86s                                                                                                                                  
  [Client 3] Starting local training...                                                                                                                                   
  [Client 3] Finished training in 21.70s                                                                                                                                  
  [Client 0] Starting local training...                                                                                                                                   
  [Client 0] Finished training in 7.86s                                                                                                                                   
  [Client 1] Starting local training...                                                                                                                                   
  [Client 1] Finished training in 7.79s                                                                                                                                   
  [Client 2] Starting local training...                                                                                                                                   
  [Client 2] Finished training in 27.63s                                                                                                                                  
  [Client 5] Starting local training...                                                                                                                                   
  [Client 5] Finished training in 7.92s                                                                                                                                   
  [Client 7] Starting local training...                                                                                                                                   
  [Client 7] Finished training in 14.26s                                                                                                                                  
  [Client 4] Starting local training...                                                                                                                                   
  [Client 4] Finished training in 33.21s                                                                                                                                  
  [Client 6] Starting local training...                                                                                                                                   
  [Client 6] Finished training in 26.88s                                                                                                                                  
  [Client 9] Starting local training...                                                                                                                                   
  [Client 9] Finished training in 8.98s                                                                                                                                   
[Round 40] layer_lambdas: 5=0.0304, 6=0.0298, 7=0.0238, 8=0.0222, 9=0.0163, 10=0.0152, 11=0.0124, norm_f=0.0000                                                           
[FedLateGram Round 41] avg task: 0.6796 | avg gram: 0.0047 | avg prox_clf: 0.0014                                                                                         
ROUND 41 FINISHED in 186.30s (Avg: 185.54s)                                                                                                                               
  [FedLateGram] Saved checkpoint after round 41 → /home/luis.mendezl/Thesis/logs/runs/cifar10/fedlategram/vim_tiny/alpha0.3/seed456/checkpoints/training_state.pt         
---------------------------- ROUND 42/50 START ----------------------------                                                                                               
Selected clients: [9, 7, 2, 6, 1, 3, 5, 4, 0, 8]                                                                                                                          
  [Client 9] Starting local training...                                                                                                                                   
  [Client 9] Finished training in 8.96s                                                                                                                                   
  [Client 7] Starting local training...                                                                                                                                   
  [Client 7] Finished training in 13.92s                                                                                                                                  
  [Client 2] Starting local training...                                                                                                                                   
  [Client 2] Finished training in 27.60s                                                                                                                                  
  [Client 6] Starting local training...                                                                                                                                   
  [Client 6] Finished training in 27.03s                                                                                                                                  
  [Client 1] Starting local training...                                                                                                                                   
  [Client 1] Finished training in 7.78s                                                                                                                                   
  [Client 3] Starting local training...                                                                                                                                   
  [Client 3] Finished training in 21.91s                                                                                                                                  
  [Client 5] Starting local training...                                                                                                                                   
  [Client 5] Finished training in 7.95s                                                                                                                                   
  [Client 4] Starting local training...                                                                                                                                   
  [Client 4] Finished training in 32.51s                                                                                                                                  
  [Client 0] Starting local training...                                                                                                                                   
  [Client 0] Finished training in 7.75s                                                                                                                                   
  [Client 8] Starting local training...                                                                                                                                   
  [Client 8] Finished training in 28.79s                                                                                                                                  
[Round 41] layer_lambdas: 5=0.0293, 6=0.0318, 7=0.0237, 8=0.0198, 9=0.0174, 10=0.0155, 11=0.0126, norm_f=0.0000                                                           
[FedLateGram Round 42] avg task: 0.6609 | avg gram: 0.0044 | avg prox_clf: 0.0013                                                                                         
ROUND 42 FINISHED in 186.47s (Avg: 185.56s)                                                                                                                               
  [FedLateGram] Saved checkpoint after round 42 → /home/luis.mendezl/Thesis/logs/runs/cifar10/fedlategram/vim_tiny/alpha0.3/seed456/checkpoints/training_state.pt         
---------------------------- ROUND 43/50 START ----------------------------                                                                                               
Selected clients: [8, 1, 7, 5, 0, 4, 9, 3, 6, 2]                                                                                                                          
  [Client 8] Starting local training...                                                                                                                                   
