Wall time,Step,Value
1749421492.6243126,3,73.94068145751953
1749421584.8142545,4,78.38983154296875
1749421662.7363625,5,83.05084991455078
1749422011.014967,12,90.88983154296875
1749422088.736011,13,84.32203674316406
1749422200.234049,15,85.59322357177734
1749422311.7934406,17,87.6059341430664
1749422496.6213458,21,92.26695251464844
1749422690.8170905,25,93.3262710571289
1749422768.325409,26,93.53813934326172
1749423394.8255568,42,92.69068145751953
1749423539.342508,45,93.8559341430664
1749423691.5601335,48,94.1737289428711
1749423955.5425544,54,93.75
1749424118.2332816,57,94.06779479980469
1749424272.0977166,60,94.06779479980469
1749424350.4891987,61,94.38558959960938
1749424465.80773,62,93.00847625732422
1749424791.2763715,66,93.2203369140625
1749424965.7822392,69,93.43220520019531
1749425216.5675573,75,93.43220520019531
1749425332.1587887,77,93.96186065673828
1749425534.8212342,81,93.53813934326172
1749425758.4340065,83,93.75
1749425835.9974012,84,92.05508422851562
1749426062.6071699,89,94.59745788574219
1749426139.595582,90,93.96186065673828
1749426346.905846,95,93.3262710571289
1749426423.7685595,96,94.2796630859375
