Wall time,Step,Value
1749421828.4778407,8,95.47169494628906
1749422234.297792,16,97.35848999023438
1749422346.15569,18,95.0943374633789
1749422530.9674873,22,97.73584747314453
1749422909.2291787,30,97.35848999023438
1749423133.6519253,36,97.73584747314453
1749423201.203066,38,93.58490753173828
1749423759.419268,50,97.73584747314453
1749423835.991746,52,98.11320495605469
1749424551.0755386,63,98.49056243896484
1749424586.3510046,64,93.58490753173828
1749425070.592353,72,98.86792755126953
1749425366.3775187,78,98.86792755126953
1749425400.1439114,79,98.86792755126953
1749425434.0610855,80,98.49056243896484
1749425910.3500905,86,98.49056243896484
1749425944.2519143,87,98.49056243896484
1749426173.507165,91,98.49056243896484
1749426457.4732933,97,98.49056243896484
1749426523.8583593,99,98.49056243896484
