Wall time,Step,Value
1749421413.060573,2,76.67638397216797
1749422387.027189,19,89.5043716430664
1749422572.5877416,23,57.43440246582031
1749422613.712123,24,91.5451889038086
1749422809.4054582,27,91.25364685058594
1749422983.313039,32,92.12828063964844
1749423025.060372,33,90.08746337890625
1749423066.806298,34,88.04664611816406
1749423275.733192,40,91.5451889038086
1749423317.1654975,41,90.08746337890625
1749423580.8132353,46,91.25364685058594
1749423801.3757348,51,90.3790054321289
1749423877.588188,53,91.5451889038086
1749423998.0551724,55,87.7551040649414
1749424039.876303,56,91.83673095703125
1749424160.009083,58,91.25364685058594
1749424638.5826478,65,91.5451889038086
1749424859.7872045,67,91.25364685058594
1749425037.5763135,71,92.4198226928711
1749425109.957398,73,92.12828063964844
1749425256.6549337,76,92.12828063964844
1749425624.9991503,82,92.4198226928711
1749425876.441224,85,88.92127990722656
1749425985.589487,88,85.71428680419922
