round,client_i,client_j,model_name,dataset,alpha,layer_index,layer_name,cka_diagonal
1,0,1,vit_tiny,cifar10,0.3,0,base.patch_embed,0.992640
1,0,1,vit_tiny,cifar10,0.3,1,base.blocks.0,0.975791
1,0,1,vit_tiny,cifar10,0.3,2,base.blocks.1,0.973864
1,0,1,vit_tiny,cifar10,0.3,3,base.blocks.2,0.971872
1,0,1,vit_tiny,cifar10,0.3,4,base.blocks.3,0.972002
1,0,1,vit_tiny,cifar10,0.3,5,base.blocks.4,0.971568
1,0,1,vit_tiny,cifar10,0.3,6,base.blocks.5,0.970933
1,0,1,vit_tiny,cifar10,0.3,7,base.blocks.6,0.967826
1,0,1,vit_tiny,cifar10,0.3,8,base.blocks.7,0.966638
1,0,1,vit_tiny,cifar10,0.3,9,base.blocks.8,0.963380
1,0,1,vit_tiny,cifar10,0.3,10,base.blocks.9,0.959438
1,0,1,vit_tiny,cifar10,0.3,11,base.blocks.10,0.952327
1,0,1,vit_tiny,cifar10,0.3,12,base.blocks.11,0.946083
1,0,1,vit_tiny,cifar10,0.3,13,base.norm,0.907803
1,0,1,vit_tiny,cifar10,0.3,14,classifier,0.832348
1,0,2,vit_tiny,cifar10,0.3,0,base.patch_embed,0.975958
1,0,2,vit_tiny,cifar10,0.3,1,base.blocks.0,0.960330
1,0,2,vit_tiny,cifar10,0.3,2,base.blocks.1,0.951622
1,0,2,vit_tiny,cifar10,0.3,3,base.blocks.2,0.950208
1,0,2,vit_tiny,cifar10,0.3,4,base.blocks.3,0.946058
1,0,2,vit_tiny,cifar10,0.3,5,base.blocks.4,0.945429
1,0,2,vit_tiny,cifar10,0.3,6,base.blocks.5,0.950524
1,0,2,vit_tiny,cifar10,0.3,7,base.blocks.6,0.953524
1,0,2,vit_tiny,cifar10,0.3,8,base.blocks.7,0.956995
1,0,2,vit_tiny,cifar10,0.3,9,base.blocks.8,0.959376
1,0,2,vit_tiny,cifar10,0.3,10,base.blocks.9,0.960364
1,0,2,vit_tiny,cifar10,0.3,11,base.blocks.10,0.961459
1,0,2,vit_tiny,cifar10,0.3,12,base.blocks.11,0.963426
1,0,2,vit_tiny,cifar10,0.3,13,base.norm,0.941973
1,0,2,vit_tiny,cifar10,0.3,14,classifier,0.772581
1,0,3,vit_tiny,cifar10,0.3,0,base.patch_embed,0.992628
1,0,3,vit_tiny,cifar10,0.3,1,base.blocks.0,0.986629
1,0,3,vit_tiny,cifar10,0.3,2,base.blocks.1,0.982291
1,0,3,vit_tiny,cifar10,0.3,3,base.blocks.2,0.978197
1,0,3,vit_tiny,cifar10,0.3,4,base.blocks.3,0.971402
1,0,3,vit_tiny,cifar10,0.3,5,base.blocks.4,0.965457
1,0,3,vit_tiny,cifar10,0.3,6,base.blocks.5,0.958627
1,0,3,vit_tiny,cifar10,0.3,7,base.blocks.6,0.954128
1,0,3,vit_tiny,cifar10,0.3,8,base.blocks.7,0.949546
1,0,3,vit_tiny,cifar10,0.3,9,base.blocks.8,0.946612
1,0,3,vit_tiny,cifar10,0.3,10,base.blocks.9,0.940277
1,0,3,vit_tiny,cifar10,0.3,11,base.blocks.10,0.934323
1,0,3,vit_tiny,cifar10,0.3,12,base.blocks.11,0.930078
1,0,3,vit_tiny,cifar10,0.3,13,base.norm,0.910051
1,0,3,vit_tiny,cifar10,0.3,14,classifier,0.775289
1,0,4,vit_tiny,cifar10,0.3,0,base.patch_embed,0.976121
1,0,4,vit_tiny,cifar10,0.3,1,base.blocks.0,0.947689
1,0,4,vit_tiny,cifar10,0.3,2,base.blocks.1,0.927699
1,0,4,vit_tiny,cifar10,0.3,3,base.blocks.2,0.916633
1,0,4,vit_tiny,cifar10,0.3,4,base.blocks.3,0.900711
1,0,4,vit_tiny,cifar10,0.3,5,base.blocks.4,0.892808
1,0,4,vit_tiny,cifar10,0.3,6,base.blocks.5,0.891315
1,0,4,vit_tiny,cifar10,0.3,7,base.blocks.6,0.890366
1,0,4,vit_tiny,cifar10,0.3,8,base.blocks.7,0.890438
1,0,4,vit_tiny,cifar10,0.3,9,base.blocks.8,0.891299
1,0,4,vit_tiny,cifar10,0.3,10,base.blocks.9,0.889458
1,0,4,vit_tiny,cifar10,0.3,11,base.blocks.10,0.887504
1,0,4,vit_tiny,cifar10,0.3,12,base.blocks.11,0.886363
1,0,4,vit_tiny,cifar10,0.3,13,base.norm,0.879334
1,0,4,vit_tiny,cifar10,0.3,14,classifier,0.819305
1,0,5,vit_tiny,cifar10,0.3,0,base.patch_embed,0.994643
1,0,5,vit_tiny,cifar10,0.3,1,base.blocks.0,0.991357
1,0,5,vit_tiny,cifar10,0.3,2,base.blocks.1,0.986477
1,0,5,vit_tiny,cifar10,0.3,3,base.blocks.2,0.983573
1,0,5,vit_tiny,cifar10,0.3,4,base.blocks.3,0.977601
1,0,5,vit_tiny,cifar10,0.3,5,base.blocks.4,0.972986
1,0,5,vit_tiny,cifar10,0.3,6,base.blocks.5,0.969090
1,0,5,vit_tiny,cifar10,0.3,7,base.blocks.6,0.965804
1,0,5,vit_tiny,cifar10,0.3,8,base.blocks.7,0.962289
1,0,5,vit_tiny,cifar10,0.3,9,base.blocks.8,0.957495
1,0,5,vit_tiny,cifar10,0.3,10,base.blocks.9,0.949947
1,0,5,vit_tiny,cifar10,0.3,11,base.blocks.10,0.944029
1,0,5,vit_tiny,cifar10,0.3,12,base.blocks.11,0.939197
1,0,5,vit_tiny,cifar10,0.3,13,base.norm,0.913511
1,0,5,vit_tiny,cifar10,0.3,14,classifier,0.765614
1,0,6,vit_tiny,cifar10,0.3,0,base.patch_embed,0.989938
1,0,6,vit_tiny,cifar10,0.3,1,base.blocks.0,0.965410
1,0,6,vit_tiny,cifar10,0.3,2,base.blocks.1,0.950026
1,0,6,vit_tiny,cifar10,0.3,3,base.blocks.2,0.941887
1,0,6,vit_tiny,cifar10,0.3,4,base.blocks.3,0.929428
1,0,6,vit_tiny,cifar10,0.3,5,base.blocks.4,0.923078
1,0,6,vit_tiny,cifar10,0.3,6,base.blocks.5,0.920796
1,0,6,vit_tiny,cifar10,0.3,7,base.blocks.6,0.921521
1,0,6,vit_tiny,cifar10,0.3,8,base.blocks.7,0.925530
1,0,6,vit_tiny,cifar10,0.3,9,base.blocks.8,0.926895
1,0,6,vit_tiny,cifar10,0.3,10,base.blocks.9,0.925655
1,0,6,vit_tiny,cifar10,0.3,11,base.blocks.10,0.924156
1,0,6,vit_tiny,cifar10,0.3,12,base.blocks.11,0.923531
1,0,6,vit_tiny,cifar10,0.3,13,base.norm,0.888513
1,0,6,vit_tiny,cifar10,0.3,14,classifier,0.777350
1,0,7,vit_tiny,cifar10,0.3,0,base.patch_embed,0.991856
1,0,7,vit_tiny,cifar10,0.3,1,base.blocks.0,0.976933
1,0,7,vit_tiny,cifar10,0.3,2,base.blocks.1,0.964728
1,0,7,vit_tiny,cifar10,0.3,3,base.blocks.2,0.957713
1,0,7,vit_tiny,cifar10,0.3,4,base.blocks.3,0.945595
1,0,7,vit_tiny,cifar10,0.3,5,base.blocks.4,0.937647
1,0,7,vit_tiny,cifar10,0.3,6,base.blocks.5,0.932209
1,0,7,vit_tiny,cifar10,0.3,7,base.blocks.6,0.929500
1,0,7,vit_tiny,cifar10,0.3,8,base.blocks.7,0.926504
1,0,7,vit_tiny,cifar10,0.3,9,base.blocks.8,0.926014
1,0,7,vit_tiny,cifar10,0.3,10,base.blocks.9,0.920688
1,0,7,vit_tiny,cifar10,0.3,11,base.blocks.10,0.916396
1,0,7,vit_tiny,cifar10,0.3,12,base.blocks.11,0.914168
1,0,7,vit_tiny,cifar10,0.3,13,base.norm,0.894929
1,0,7,vit_tiny,cifar10,0.3,14,classifier,0.626959
1,0,8,vit_tiny,cifar10,0.3,0,base.patch_embed,0.997095
1,0,8,vit_tiny,cifar10,0.3,1,base.blocks.0,0.994150
1,0,8,vit_tiny,cifar10,0.3,2,base.blocks.1,0.994146
1,0,8,vit_tiny,cifar10,0.3,3,base.blocks.2,0.988889
1,0,8,vit_tiny,cifar10,0.3,4,base.blocks.3,0.983359
1,0,8,vit_tiny,cifar10,0.3,5,base.blocks.4,0.979314
1,0,8,vit_tiny,cifar10,0.3,6,base.blocks.5,0.973044
1,0,8,vit_tiny,cifar10,0.3,7,base.blocks.6,0.968125
1,0,8,vit_tiny,cifar10,0.3,8,base.blocks.7,0.962592
1,0,8,vit_tiny,cifar10,0.3,9,base.blocks.8,0.957646
1,0,8,vit_tiny,cifar10,0.3,10,base.blocks.9,0.955418
1,0,8,vit_tiny,cifar10,0.3,11,base.blocks.10,0.952859
1,0,8,vit_tiny,cifar10,0.3,12,base.blocks.11,0.948671
1,0,8,vit_tiny,cifar10,0.3,13,base.norm,0.952308
1,0,8,vit_tiny,cifar10,0.3,14,classifier,0.867678
1,0,9,vit_tiny,cifar10,0.3,0,base.patch_embed,0.983266
1,0,9,vit_tiny,cifar10,0.3,1,base.blocks.0,0.965930
1,0,9,vit_tiny,cifar10,0.3,2,base.blocks.1,0.963433
1,0,9,vit_tiny,cifar10,0.3,3,base.blocks.2,0.963789
1,0,9,vit_tiny,cifar10,0.3,4,base.blocks.3,0.961363
1,0,9,vit_tiny,cifar10,0.3,5,base.blocks.4,0.960355
1,0,9,vit_tiny,cifar10,0.3,6,base.blocks.5,0.960853
1,0,9,vit_tiny,cifar10,0.3,7,base.blocks.6,0.960129
1,0,9,vit_tiny,cifar10,0.3,8,base.blocks.7,0.959636
1,0,9,vit_tiny,cifar10,0.3,9,base.blocks.8,0.958817
1,0,9,vit_tiny,cifar10,0.3,10,base.blocks.9,0.954595
1,0,9,vit_tiny,cifar10,0.3,11,base.blocks.10,0.949018
1,0,9,vit_tiny,cifar10,0.3,12,base.blocks.11,0.945211
1,0,9,vit_tiny,cifar10,0.3,13,base.norm,0.910042
1,0,9,vit_tiny,cifar10,0.3,14,classifier,0.791075
1,1,2,vit_tiny,cifar10,0.3,0,base.patch_embed,0.974017
1,1,2,vit_tiny,cifar10,0.3,1,base.blocks.0,0.974140
1,1,2,vit_tiny,cifar10,0.3,2,base.blocks.1,0.972135
1,1,2,vit_tiny,cifar10,0.3,3,base.blocks.2,0.968121
1,1,2,vit_tiny,cifar10,0.3,4,base.blocks.3,0.960471
1,1,2,vit_tiny,cifar10,0.3,5,base.blocks.4,0.954777
1,1,2,vit_tiny,cifar10,0.3,6,base.blocks.5,0.949175
1,1,2,vit_tiny,cifar10,0.3,7,base.blocks.6,0.942632
1,1,2,vit_tiny,cifar10,0.3,8,base.blocks.7,0.935173
1,1,2,vit_tiny,cifar10,0.3,9,base.blocks.8,0.927233
1,1,2,vit_tiny,cifar10,0.3,10,base.blocks.9,0.923939
1,1,2,vit_tiny,cifar10,0.3,11,base.blocks.10,0.914295
1,1,2,vit_tiny,cifar10,0.3,12,base.blocks.11,0.907572
1,1,2,vit_tiny,cifar10,0.3,13,base.norm,0.900142
1,1,2,vit_tiny,cifar10,0.3,14,classifier,0.714725
1,1,3,vit_tiny,cifar10,0.3,0,base.patch_embed,0.996514
1,1,3,vit_tiny,cifar10,0.3,1,base.blocks.0,0.989038
1,1,3,vit_tiny,cifar10,0.3,2,base.blocks.1,0.984500
1,1,3,vit_tiny,cifar10,0.3,3,base.blocks.2,0.980294
1,1,3,vit_tiny,cifar10,0.3,4,base.blocks.3,0.978239
1,1,3,vit_tiny,cifar10,0.3,5,base.blocks.4,0.973485
1,1,3,vit_tiny,cifar10,0.3,6,base.blocks.5,0.967300
1,1,3,vit_tiny,cifar10,0.3,7,base.blocks.6,0.964001
1,1,3,vit_tiny,cifar10,0.3,8,base.blocks.7,0.963288
1,1,3,vit_tiny,cifar10,0.3,9,base.blocks.8,0.961239
1,1,3,vit_tiny,cifar10,0.3,10,base.blocks.9,0.957283
1,1,3,vit_tiny,cifar10,0.3,11,base.blocks.10,0.956320
1,1,3,vit_tiny,cifar10,0.3,12,base.blocks.11,0.955676
1,1,3,vit_tiny,cifar10,0.3,13,base.norm,0.924162
1,1,3,vit_tiny,cifar10,0.3,14,classifier,0.884091
1,1,4,vit_tiny,cifar10,0.3,0,base.patch_embed,0.971250
1,1,4,vit_tiny,cifar10,0.3,1,base.blocks.0,0.960763
1,1,4,vit_tiny,cifar10,0.3,2,base.blocks.1,0.953661
1,1,4,vit_tiny,cifar10,0.3,3,base.blocks.2,0.944016
1,1,4,vit_tiny,cifar10,0.3,4,base.blocks.3,0.929304
1,1,4,vit_tiny,cifar10,0.3,5,base.blocks.4,0.918229
1,1,4,vit_tiny,cifar10,0.3,6,base.blocks.5,0.906602
1,1,4,vit_tiny,cifar10,0.3,7,base.blocks.6,0.897785
1,1,4,vit_tiny,cifar10,0.3,8,base.blocks.7,0.886156
1,1,4,vit_tiny,cifar10,0.3,9,base.blocks.8,0.875464
1,1,4,vit_tiny,cifar10,0.3,10,base.blocks.9,0.870155
1,1,4,vit_tiny,cifar10,0.3,11,base.blocks.10,0.857809
1,1,4,vit_tiny,cifar10,0.3,12,base.blocks.11,0.848154
1,1,4,vit_tiny,cifar10,0.3,13,base.norm,0.860644
1,1,4,vit_tiny,cifar10,0.3,14,classifier,0.907946
1,1,5,vit_tiny,cifar10,0.3,0,base.patch_embed,0.993730
1,1,5,vit_tiny,cifar10,0.3,1,base.blocks.0,0.987209
1,1,5,vit_tiny,cifar10,0.3,2,base.blocks.1,0.987468
1,1,5,vit_tiny,cifar10,0.3,3,base.blocks.2,0.985368
1,1,5,vit_tiny,cifar10,0.3,4,base.blocks.3,0.984910
1,1,5,vit_tiny,cifar10,0.3,5,base.blocks.4,0.982504
1,1,5,vit_tiny,cifar10,0.3,6,base.blocks.5,0.979850
1,1,5,vit_tiny,cifar10,0.3,7,base.blocks.6,0.977462
1,1,5,vit_tiny,cifar10,0.3,8,base.blocks.7,0.975926
1,1,5,vit_tiny,cifar10,0.3,9,base.blocks.8,0.972678
1,1,5,vit_tiny,cifar10,0.3,10,base.blocks.9,0.969150
1,1,5,vit_tiny,cifar10,0.3,11,base.blocks.10,0.967517
1,1,5,vit_tiny,cifar10,0.3,12,base.blocks.11,0.965508
1,1,5,vit_tiny,cifar10,0.3,13,base.norm,0.946045
1,1,5,vit_tiny,cifar10,0.3,14,classifier,0.891378
1,1,6,vit_tiny,cifar10,0.3,0,base.patch_embed,0.991155
1,1,6,vit_tiny,cifar10,0.3,1,base.blocks.0,0.985766
1,1,6,vit_tiny,cifar10,0.3,2,base.blocks.1,0.980548
1,1,6,vit_tiny,cifar10,0.3,3,base.blocks.2,0.976542
1,1,6,vit_tiny,cifar10,0.3,4,base.blocks.3,0.967034
1,1,6,vit_tiny,cifar10,0.3,5,base.blocks.4,0.959058
1,1,6,vit_tiny,cifar10,0.3,6,base.blocks.5,0.951431
1,1,6,vit_tiny,cifar10,0.3,7,base.blocks.6,0.947999
1,1,6,vit_tiny,cifar10,0.3,8,base.blocks.7,0.943296
1,1,6,vit_tiny,cifar10,0.3,9,base.blocks.8,0.937826
1,1,6,vit_tiny,cifar10,0.3,10,base.blocks.9,0.937327
1,1,6,vit_tiny,cifar10,0.3,11,base.blocks.10,0.932748
1,1,6,vit_tiny,cifar10,0.3,12,base.blocks.11,0.927927
1,1,6,vit_tiny,cifar10,0.3,13,base.norm,0.937942
1,1,6,vit_tiny,cifar10,0.3,14,classifier,0.918198
1,1,7,vit_tiny,cifar10,0.3,0,base.patch_embed,0.994071
1,1,7,vit_tiny,cifar10,0.3,1,base.blocks.0,0.986262
1,1,7,vit_tiny,cifar10,0.3,2,base.blocks.1,0.981982
1,1,7,vit_tiny,cifar10,0.3,3,base.blocks.2,0.976474
1,1,7,vit_tiny,cifar10,0.3,4,base.blocks.3,0.968379
1,1,7,vit_tiny,cifar10,0.3,5,base.blocks.4,0.963161
1,1,7,vit_tiny,cifar10,0.3,6,base.blocks.5,0.955485
1,1,7,vit_tiny,cifar10,0.3,7,base.blocks.6,0.951930
1,1,7,vit_tiny,cifar10,0.3,8,base.blocks.7,0.949326
1,1,7,vit_tiny,cifar10,0.3,9,base.blocks.8,0.946349
1,1,7,vit_tiny,cifar10,0.3,10,base.blocks.9,0.943748
1,1,7,vit_tiny,cifar10,0.3,11,base.blocks.10,0.942806
1,1,7,vit_tiny,cifar10,0.3,12,base.blocks.11,0.942756
1,1,7,vit_tiny,cifar10,0.3,13,base.norm,0.929716
1,1,7,vit_tiny,cifar10,0.3,14,classifier,0.745798
1,1,8,vit_tiny,cifar10,0.3,0,base.patch_embed,0.992341
1,1,8,vit_tiny,cifar10,0.3,1,base.blocks.0,0.976316
1,1,8,vit_tiny,cifar10,0.3,2,base.blocks.1,0.969660
1,1,8,vit_tiny,cifar10,0.3,3,base.blocks.2,0.961118
1,1,8,vit_tiny,cifar10,0.3,4,base.blocks.3,0.954747
1,1,8,vit_tiny,cifar10,0.3,5,base.blocks.4,0.950435
1,1,8,vit_tiny,cifar10,0.3,6,base.blocks.5,0.944562
1,1,8,vit_tiny,cifar10,0.3,7,base.blocks.6,0.939061
1,1,8,vit_tiny,cifar10,0.3,8,base.blocks.7,0.934352
1,1,8,vit_tiny,cifar10,0.3,9,base.blocks.8,0.929803
1,1,8,vit_tiny,cifar10,0.3,10,base.blocks.9,0.927199
1,1,8,vit_tiny,cifar10,0.3,11,base.blocks.10,0.925255
1,1,8,vit_tiny,cifar10,0.3,12,base.blocks.11,0.921530
1,1,8,vit_tiny,cifar10,0.3,13,base.norm,0.903218
1,1,8,vit_tiny,cifar10,0.3,14,classifier,0.907072
1,1,9,vit_tiny,cifar10,0.3,0,base.patch_embed,0.984792
1,1,9,vit_tiny,cifar10,0.3,1,base.blocks.0,0.985971
1,1,9,vit_tiny,cifar10,0.3,2,base.blocks.1,0.985247
1,1,9,vit_tiny,cifar10,0.3,3,base.blocks.2,0.983925
1,1,9,vit_tiny,cifar10,0.3,4,base.blocks.3,0.981297
1,1,9,vit_tiny,cifar10,0.3,5,base.blocks.4,0.977778
1,1,9,vit_tiny,cifar10,0.3,6,base.blocks.5,0.974274
1,1,9,vit_tiny,cifar10,0.3,7,base.blocks.6,0.971963
1,1,9,vit_tiny,cifar10,0.3,8,base.blocks.7,0.969924
1,1,9,vit_tiny,cifar10,0.3,9,base.blocks.8,0.966589
1,1,9,vit_tiny,cifar10,0.3,10,base.blocks.9,0.964065
1,1,9,vit_tiny,cifar10,0.3,11,base.blocks.10,0.962233
1,1,9,vit_tiny,cifar10,0.3,12,base.blocks.11,0.961285
1,1,9,vit_tiny,cifar10,0.3,13,base.norm,0.931388
1,1,9,vit_tiny,cifar10,0.3,14,classifier,0.917017
1,2,3,vit_tiny,cifar10,0.3,0,base.patch_embed,0.971157
1,2,3,vit_tiny,cifar10,0.3,1,base.blocks.0,0.965447
1,2,3,vit_tiny,cifar10,0.3,2,base.blocks.1,0.956491
1,2,3,vit_tiny,cifar10,0.3,3,base.blocks.2,0.948465
1,2,3,vit_tiny,cifar10,0.3,4,base.blocks.3,0.940727
1,2,3,vit_tiny,cifar10,0.3,5,base.blocks.4,0.931989
1,2,3,vit_tiny,cifar10,0.3,6,base.blocks.5,0.924979
1,2,3,vit_tiny,cifar10,0.3,7,base.blocks.6,0.920576
1,2,3,vit_tiny,cifar10,0.3,8,base.blocks.7,0.915971
1,2,3,vit_tiny,cifar10,0.3,9,base.blocks.8,0.909207
1,2,3,vit_tiny,cifar10,0.3,10,base.blocks.9,0.903629
1,2,3,vit_tiny,cifar10,0.3,11,base.blocks.10,0.898786
1,2,3,vit_tiny,cifar10,0.3,12,base.blocks.11,0.895941
1,2,3,vit_tiny,cifar10,0.3,13,base.norm,0.874917
1,2,3,vit_tiny,cifar10,0.3,14,classifier,0.544384
1,2,4,vit_tiny,cifar10,0.3,0,base.patch_embed,0.997801
1,2,4,vit_tiny,cifar10,0.3,1,base.blocks.0,0.995998
1,2,4,vit_tiny,cifar10,0.3,2,base.blocks.1,0.993901
1,2,4,vit_tiny,cifar10,0.3,3,base.blocks.2,0.991039
1,2,4,vit_tiny,cifar10,0.3,4,base.blocks.3,0.988343
1,2,4,vit_tiny,cifar10,0.3,5,base.blocks.4,0.986104
1,2,4,vit_tiny,cifar10,0.3,6,base.blocks.5,0.983270
1,2,4,vit_tiny,cifar10,0.3,7,base.blocks.6,0.980769
1,2,4,vit_tiny,cifar10,0.3,8,base.blocks.7,0.978193
1,2,4,vit_tiny,cifar10,0.3,9,base.blocks.8,0.975051
1,2,4,vit_tiny,cifar10,0.3,10,base.blocks.9,0.972108
1,2,4,vit_tiny,cifar10,0.3,11,base.blocks.10,0.968850
1,2,4,vit_tiny,cifar10,0.3,12,base.blocks.11,0.964739
1,2,4,vit_tiny,cifar10,0.3,13,base.norm,0.944810
1,2,4,vit_tiny,cifar10,0.3,14,classifier,0.591852
1,2,5,vit_tiny,cifar10,0.3,0,base.patch_embed,0.961301
1,2,5,vit_tiny,cifar10,0.3,1,base.blocks.0,0.962868
1,2,5,vit_tiny,cifar10,0.3,2,base.blocks.1,0.962224
1,2,5,vit_tiny,cifar10,0.3,3,base.blocks.2,0.955535
1,2,5,vit_tiny,cifar10,0.3,4,base.blocks.3,0.949067
1,2,5,vit_tiny,cifar10,0.3,5,base.blocks.4,0.945118
1,2,5,vit_tiny,cifar10,0.3,6,base.blocks.5,0.940218
1,2,5,vit_tiny,cifar10,0.3,7,base.blocks.6,0.935017
1,2,5,vit_tiny,cifar10,0.3,8,base.blocks.7,0.930102
1,2,5,vit_tiny,cifar10,0.3,9,base.blocks.8,0.921887
1,2,5,vit_tiny,cifar10,0.3,10,base.blocks.9,0.914806
1,2,5,vit_tiny,cifar10,0.3,11,base.blocks.10,0.909396
1,2,5,vit_tiny,cifar10,0.3,12,base.blocks.11,0.904927
1,2,5,vit_tiny,cifar10,0.3,13,base.norm,0.914684
1,2,5,vit_tiny,cifar10,0.3,14,classifier,0.738903
1,2,6,vit_tiny,cifar10,0.3,0,base.patch_embed,0.991924
1,2,6,vit_tiny,cifar10,0.3,1,base.blocks.0,0.992009
1,2,6,vit_tiny,cifar10,0.3,2,base.blocks.1,0.989500
1,2,6,vit_tiny,cifar10,0.3,3,base.blocks.2,0.987108
1,2,6,vit_tiny,cifar10,0.3,4,base.blocks.3,0.984771
1,2,6,vit_tiny,cifar10,0.3,5,base.blocks.4,0.983583
1,2,6,vit_tiny,cifar10,0.3,6,base.blocks.5,0.980639
1,2,6,vit_tiny,cifar10,0.3,7,base.blocks.6,0.978182
1,2,6,vit_tiny,cifar10,0.3,8,base.blocks.7,0.976054
1,2,6,vit_tiny,cifar10,0.3,9,base.blocks.8,0.972792
1,2,6,vit_tiny,cifar10,0.3,10,base.blocks.9,0.969629
1,2,6,vit_tiny,cifar10,0.3,11,base.blocks.10,0.965141
1,2,6,vit_tiny,cifar10,0.3,12,base.blocks.11,0.961915
1,2,6,vit_tiny,cifar10,0.3,13,base.norm,0.933188
1,2,6,vit_tiny,cifar10,0.3,14,classifier,0.525912
1,2,7,vit_tiny,cifar10,0.3,0,base.patch_embed,0.983320
1,2,7,vit_tiny,cifar10,0.3,1,base.blocks.0,0.979926
1,2,7,vit_tiny,cifar10,0.3,2,base.blocks.1,0.974094
1,2,7,vit_tiny,cifar10,0.3,3,base.blocks.2,0.967183
1,2,7,vit_tiny,cifar10,0.3,4,base.blocks.3,0.961550
1,2,7,vit_tiny,cifar10,0.3,5,base.blocks.4,0.954887
1,2,7,vit_tiny,cifar10,0.3,6,base.blocks.5,0.947220
1,2,7,vit_tiny,cifar10,0.3,7,base.blocks.6,0.941638
1,2,7,vit_tiny,cifar10,0.3,8,base.blocks.7,0.934567
1,2,7,vit_tiny,cifar10,0.3,9,base.blocks.8,0.927389
1,2,7,vit_tiny,cifar10,0.3,10,base.blocks.9,0.919512
1,2,7,vit_tiny,cifar10,0.3,11,base.blocks.10,0.914577
1,2,7,vit_tiny,cifar10,0.3,12,base.blocks.11,0.911235
1,2,7,vit_tiny,cifar10,0.3,13,base.norm,0.873896
1,2,7,vit_tiny,cifar10,0.3,14,classifier,0.305563
1,2,8,vit_tiny,cifar10,0.3,0,base.patch_embed,0.968315
1,2,8,vit_tiny,cifar10,0.3,1,base.blocks.0,0.950356
1,2,8,vit_tiny,cifar10,0.3,2,base.blocks.1,0.937109
1,2,8,vit_tiny,cifar10,0.3,3,base.blocks.2,0.922370
1,2,8,vit_tiny,cifar10,0.3,4,base.blocks.3,0.906194
1,2,8,vit_tiny,cifar10,0.3,5,base.blocks.4,0.900028
1,2,8,vit_tiny,cifar10,0.3,6,base.blocks.5,0.892677
1,2,8,vit_tiny,cifar10,0.3,7,base.blocks.6,0.889617
1,2,8,vit_tiny,cifar10,0.3,8,base.blocks.7,0.882334
1,2,8,vit_tiny,cifar10,0.3,9,base.blocks.8,0.879939
1,2,8,vit_tiny,cifar10,0.3,10,base.blocks.9,0.883007
1,2,8,vit_tiny,cifar10,0.3,11,base.blocks.10,0.882922
1,2,8,vit_tiny,cifar10,0.3,12,base.blocks.11,0.883207
1,2,8,vit_tiny,cifar10,0.3,13,base.norm,0.892522
1,2,8,vit_tiny,cifar10,0.3,14,classifier,0.869939
1,2,9,vit_tiny,cifar10,0.3,0,base.patch_embed,0.996757
1,2,9,vit_tiny,cifar10,0.3,1,base.blocks.0,0.993588
1,2,9,vit_tiny,cifar10,0.3,2,base.blocks.1,0.990599
1,2,9,vit_tiny,cifar10,0.3,3,base.blocks.2,0.986557
1,2,9,vit_tiny,cifar10,0.3,4,base.blocks.3,0.980198
1,2,9,vit_tiny,cifar10,0.3,5,base.blocks.4,0.975474
1,2,9,vit_tiny,cifar10,0.3,6,base.blocks.5,0.968927
1,2,9,vit_tiny,cifar10,0.3,7,base.blocks.6,0.963034
1,2,9,vit_tiny,cifar10,0.3,8,base.blocks.7,0.956324
1,2,9,vit_tiny,cifar10,0.3,9,base.blocks.8,0.949853
1,2,9,vit_tiny,cifar10,0.3,10,base.blocks.9,0.944517
1,2,9,vit_tiny,cifar10,0.3,11,base.blocks.10,0.934649
1,2,9,vit_tiny,cifar10,0.3,12,base.blocks.11,0.929217
1,2,9,vit_tiny,cifar10,0.3,13,base.norm,0.900365
1,2,9,vit_tiny,cifar10,0.3,14,classifier,0.693660
1,3,4,vit_tiny,cifar10,0.3,0,base.patch_embed,0.971510
1,3,4,vit_tiny,cifar10,0.3,1,base.blocks.0,0.958094
1,3,4,vit_tiny,cifar10,0.3,2,base.blocks.1,0.944943
1,3,4,vit_tiny,cifar10,0.3,3,base.blocks.2,0.931869
1,3,4,vit_tiny,cifar10,0.3,4,base.blocks.3,0.918615
1,3,4,vit_tiny,cifar10,0.3,5,base.blocks.4,0.906478
1,3,4,vit_tiny,cifar10,0.3,6,base.blocks.5,0.894855
1,3,4,vit_tiny,cifar10,0.3,7,base.blocks.6,0.888796
1,3,4,vit_tiny,cifar10,0.3,8,base.blocks.7,0.880690
1,3,4,vit_tiny,cifar10,0.3,9,base.blocks.8,0.871837
1,3,4,vit_tiny,cifar10,0.3,10,base.blocks.9,0.863957
1,3,4,vit_tiny,cifar10,0.3,11,base.blocks.10,0.856340
1,3,4,vit_tiny,cifar10,0.3,12,base.blocks.11,0.848123
1,3,4,vit_tiny,cifar10,0.3,13,base.norm,0.844079
1,3,4,vit_tiny,cifar10,0.3,14,classifier,0.871613
1,3,5,vit_tiny,cifar10,0.3,0,base.patch_embed,0.997908
1,3,5,vit_tiny,cifar10,0.3,1,base.blocks.0,0.999042
1,3,5,vit_tiny,cifar10,0.3,2,base.blocks.1,0.998703
1,3,5,vit_tiny,cifar10,0.3,3,base.blocks.2,0.998075
1,3,5,vit_tiny,cifar10,0.3,4,base.blocks.3,0.996850
1,3,5,vit_tiny,cifar10,0.3,5,base.blocks.4,0.994988
1,3,5,vit_tiny,cifar10,0.3,6,base.blocks.5,0.992712
1,3,5,vit_tiny,cifar10,0.3,7,base.blocks.6,0.991049
1,3,5,vit_tiny,cifar10,0.3,8,base.blocks.7,0.989308
1,3,5,vit_tiny,cifar10,0.3,9,base.blocks.8,0.987527
1,3,5,vit_tiny,cifar10,0.3,10,base.blocks.9,0.984856
1,3,5,vit_tiny,cifar10,0.3,11,base.blocks.10,0.982791
1,3,5,vit_tiny,cifar10,0.3,12,base.blocks.11,0.980651
1,3,5,vit_tiny,cifar10,0.3,13,base.norm,0.960094
1,3,5,vit_tiny,cifar10,0.3,14,classifier,0.810796
1,3,6,vit_tiny,cifar10,0.3,0,base.patch_embed,0.992429
1,3,6,vit_tiny,cifar10,0.3,1,base.blocks.0,0.983618
1,3,6,vit_tiny,cifar10,0.3,2,base.blocks.1,0.974679
1,3,6,vit_tiny,cifar10,0.3,3,base.blocks.2,0.967556
1,3,6,vit_tiny,cifar10,0.3,4,base.blocks.3,0.959589
1,3,6,vit_tiny,cifar10,0.3,5,base.blocks.4,0.950566
1,3,6,vit_tiny,cifar10,0.3,6,base.blocks.5,0.940119
1,3,6,vit_tiny,cifar10,0.3,7,base.blocks.6,0.937778
1,3,6,vit_tiny,cifar10,0.3,8,base.blocks.7,0.937211
1,3,6,vit_tiny,cifar10,0.3,9,base.blocks.8,0.933797
1,3,6,vit_tiny,cifar10,0.3,10,base.blocks.9,0.931796
1,3,6,vit_tiny,cifar10,0.3,11,base.blocks.10,0.929103
1,3,6,vit_tiny,cifar10,0.3,12,base.blocks.11,0.923447
1,3,6,vit_tiny,cifar10,0.3,13,base.norm,0.908982
1,3,6,vit_tiny,cifar10,0.3,14,classifier,0.865445
1,3,7,vit_tiny,cifar10,0.3,0,base.patch_embed,0.995647
1,3,7,vit_tiny,cifar10,0.3,1,base.blocks.0,0.992538
1,3,7,vit_tiny,cifar10,0.3,2,base.blocks.1,0.989782
1,3,7,vit_tiny,cifar10,0.3,3,base.blocks.2,0.987172
1,3,7,vit_tiny,cifar10,0.3,4,base.blocks.3,0.983011
1,3,7,vit_tiny,cifar10,0.3,5,base.blocks.4,0.981017
1,3,7,vit_tiny,cifar10,0.3,6,base.blocks.5,0.979399
1,3,7,vit_tiny,cifar10,0.3,7,base.blocks.6,0.979098
1,3,7,vit_tiny,cifar10,0.3,8,base.blocks.7,0.978532
1,3,7,vit_tiny,cifar10,0.3,9,base.blocks.8,0.976684
1,3,7,vit_tiny,cifar10,0.3,10,base.blocks.9,0.975629
1,3,7,vit_tiny,cifar10,0.3,11,base.blocks.10,0.973695
1,3,7,vit_tiny,cifar10,0.3,12,base.blocks.11,0.971604
1,3,7,vit_tiny,cifar10,0.3,13,base.norm,0.932563
1,3,7,vit_tiny,cifar10,0.3,14,classifier,0.676970
1,3,8,vit_tiny,cifar10,0.3,0,base.patch_embed,0.992482
1,3,8,vit_tiny,cifar10,0.3,1,base.blocks.0,0.985038
1,3,8,vit_tiny,cifar10,0.3,2,base.blocks.1,0.979726
1,3,8,vit_tiny,cifar10,0.3,3,base.blocks.2,0.973396
1,3,8,vit_tiny,cifar10,0.3,4,base.blocks.3,0.966101
1,3,8,vit_tiny,cifar10,0.3,5,base.blocks.4,0.961636
1,3,8,vit_tiny,cifar10,0.3,6,base.blocks.5,0.955335
1,3,8,vit_tiny,cifar10,0.3,7,base.blocks.6,0.951391
1,3,8,vit_tiny,cifar10,0.3,8,base.blocks.7,0.947011
1,3,8,vit_tiny,cifar10,0.3,9,base.blocks.8,0.943949
1,3,8,vit_tiny,cifar10,0.3,10,base.blocks.9,0.944283
1,3,8,vit_tiny,cifar10,0.3,11,base.blocks.10,0.941755
1,3,8,vit_tiny,cifar10,0.3,12,base.blocks.11,0.938634
1,3,8,vit_tiny,cifar10,0.3,13,base.norm,0.924499
1,3,8,vit_tiny,cifar10,0.3,14,classifier,0.776483
1,3,9,vit_tiny,cifar10,0.3,0,base.patch_embed,0.985358
1,3,9,vit_tiny,cifar10,0.3,1,base.blocks.0,0.983287
1,3,9,vit_tiny,cifar10,0.3,2,base.blocks.1,0.983136
1,3,9,vit_tiny,cifar10,0.3,3,base.blocks.2,0.983510
1,3,9,vit_tiny,cifar10,0.3,4,base.blocks.3,0.985662
1,3,9,vit_tiny,cifar10,0.3,5,base.blocks.4,0.985677
1,3,9,vit_tiny,cifar10,0.3,6,base.blocks.5,0.986796
1,3,9,vit_tiny,cifar10,0.3,7,base.blocks.6,0.988322
1,3,9,vit_tiny,cifar10,0.3,8,base.blocks.7,0.990279
1,3,9,vit_tiny,cifar10,0.3,9,base.blocks.8,0.991268
1,3,9,vit_tiny,cifar10,0.3,10,base.blocks.9,0.991530
1,3,9,vit_tiny,cifar10,0.3,11,base.blocks.10,0.993346
1,3,9,vit_tiny,cifar10,0.3,12,base.blocks.11,0.993918
1,3,9,vit_tiny,cifar10,0.3,13,base.norm,0.993385
1,3,9,vit_tiny,cifar10,0.3,14,classifier,0.900793
1,4,5,vit_tiny,cifar10,0.3,0,base.patch_embed,0.962625
1,4,5,vit_tiny,cifar10,0.3,1,base.blocks.0,0.953378
1,4,5,vit_tiny,cifar10,0.3,2,base.blocks.1,0.948068
1,4,5,vit_tiny,cifar10,0.3,3,base.blocks.2,0.935062
1,4,5,vit_tiny,cifar10,0.3,4,base.blocks.3,0.922164
1,4,5,vit_tiny,cifar10,0.3,5,base.blocks.4,0.914897
1,4,5,vit_tiny,cifar10,0.3,6,base.blocks.5,0.904481
1,4,5,vit_tiny,cifar10,0.3,7,base.blocks.6,0.895408
1,4,5,vit_tiny,cifar10,0.3,8,base.blocks.7,0.885851
1,4,5,vit_tiny,cifar10,0.3,9,base.blocks.8,0.873761
1,4,5,vit_tiny,cifar10,0.3,10,base.blocks.9,0.862516
1,4,5,vit_tiny,cifar10,0.3,11,base.blocks.10,0.852915
1,4,5,vit_tiny,cifar10,0.3,12,base.blocks.11,0.841137
1,4,5,vit_tiny,cifar10,0.3,13,base.norm,0.856938
1,4,5,vit_tiny,cifar10,0.3,14,classifier,0.796269
1,4,6,vit_tiny,cifar10,0.3,0,base.patch_embed,0.992612
1,4,6,vit_tiny,cifar10,0.3,1,base.blocks.0,0.990451
1,4,6,vit_tiny,cifar10,0.3,2,base.blocks.1,0.988453
1,4,6,vit_tiny,cifar10,0.3,3,base.blocks.2,0.986200
1,4,6,vit_tiny,cifar10,0.3,4,base.blocks.3,0.985049
1,4,6,vit_tiny,cifar10,0.3,5,base.blocks.4,0.985086
1,4,6,vit_tiny,cifar10,0.3,6,base.blocks.5,0.983825
1,4,6,vit_tiny,cifar10,0.3,7,base.blocks.6,0.982479
1,4,6,vit_tiny,cifar10,0.3,8,base.blocks.7,0.980498
1,4,6,vit_tiny,cifar10,0.3,9,base.blocks.8,0.978626
1,4,6,vit_tiny,cifar10,0.3,10,base.blocks.9,0.975757
1,4,6,vit_tiny,cifar10,0.3,11,base.blocks.10,0.972351
1,4,6,vit_tiny,cifar10,0.3,12,base.blocks.11,0.970569
1,4,6,vit_tiny,cifar10,0.3,13,base.norm,0.959105
1,4,6,vit_tiny,cifar10,0.3,14,classifier,0.936598
1,4,7,vit_tiny,cifar10,0.3,0,base.patch_embed,0.985659
1,4,7,vit_tiny,cifar10,0.3,1,base.blocks.0,0.979815
1,4,7,vit_tiny,cifar10,0.3,2,base.blocks.1,0.973698
1,4,7,vit_tiny,cifar10,0.3,3,base.blocks.2,0.966787
1,4,7,vit_tiny,cifar10,0.3,4,base.blocks.3,0.961263
1,4,7,vit_tiny,cifar10,0.3,5,base.blocks.4,0.954337
1,4,7,vit_tiny,cifar10,0.3,6,base.blocks.5,0.945674
1,4,7,vit_tiny,cifar10,0.3,7,base.blocks.6,0.940103
1,4,7,vit_tiny,cifar10,0.3,8,base.blocks.7,0.931438
1,4,7,vit_tiny,cifar10,0.3,9,base.blocks.8,0.925099
1,4,7,vit_tiny,cifar10,0.3,10,base.blocks.9,0.917210
1,4,7,vit_tiny,cifar10,0.3,11,base.blocks.10,0.912692
1,4,7,vit_tiny,cifar10,0.3,12,base.blocks.11,0.907768
1,4,7,vit_tiny,cifar10,0.3,13,base.norm,0.915086
1,4,7,vit_tiny,cifar10,0.3,14,classifier,0.823738
1,4,8,vit_tiny,cifar10,0.3,0,base.patch_embed,0.966067
1,4,8,vit_tiny,cifar10,0.3,1,base.blocks.0,0.931470
1,4,8,vit_tiny,cifar10,0.3,2,base.blocks.1,0.907891
1,4,8,vit_tiny,cifar10,0.3,3,base.blocks.2,0.880949
1,4,8,vit_tiny,cifar10,0.3,4,base.blocks.3,0.852500
1,4,8,vit_tiny,cifar10,0.3,5,base.blocks.4,0.839393
1,4,8,vit_tiny,cifar10,0.3,6,base.blocks.5,0.823338
1,4,8,vit_tiny,cifar10,0.3,7,base.blocks.6,0.814653
1,4,8,vit_tiny,cifar10,0.3,8,base.blocks.7,0.798962
1,4,8,vit_tiny,cifar10,0.3,9,base.blocks.8,0.790653
1,4,8,vit_tiny,cifar10,0.3,10,base.blocks.9,0.790148
1,4,8,vit_tiny,cifar10,0.3,11,base.blocks.10,0.783993
1,4,8,vit_tiny,cifar10,0.3,12,base.blocks.11,0.775010
1,4,8,vit_tiny,cifar10,0.3,13,base.norm,0.796723
1,4,8,vit_tiny,cifar10,0.3,14,classifier,0.795862
1,4,9,vit_tiny,cifar10,0.3,0,base.patch_embed,0.995907
1,4,9,vit_tiny,cifar10,0.3,1,base.blocks.0,0.990067
1,4,9,vit_tiny,cifar10,0.3,2,base.blocks.1,0.985472
1,4,9,vit_tiny,cifar10,0.3,3,base.blocks.2,0.978315
1,4,9,vit_tiny,cifar10,0.3,4,base.blocks.3,0.967820
1,4,9,vit_tiny,cifar10,0.3,5,base.blocks.4,0.960606
1,4,9,vit_tiny,cifar10,0.3,6,base.blocks.5,0.949816
1,4,9,vit_tiny,cifar10,0.3,7,base.blocks.6,0.941085
1,4,9,vit_tiny,cifar10,0.3,8,base.blocks.7,0.930002
1,4,9,vit_tiny,cifar10,0.3,9,base.blocks.8,0.921427
1,4,9,vit_tiny,cifar10,0.3,10,base.blocks.9,0.913309
1,4,9,vit_tiny,cifar10,0.3,11,base.blocks.10,0.898378
1,4,9,vit_tiny,cifar10,0.3,12,base.blocks.11,0.886580
1,4,9,vit_tiny,cifar10,0.3,13,base.norm,0.863055
1,4,9,vit_tiny,cifar10,0.3,14,classifier,0.856528
1,5,6,vit_tiny,cifar10,0.3,0,base.patch_embed,0.985778
1,5,6,vit_tiny,cifar10,0.3,1,base.blocks.0,0.979131
1,5,6,vit_tiny,cifar10,0.3,2,base.blocks.1,0.976940
1,5,6,vit_tiny,cifar10,0.3,3,base.blocks.2,0.970521
1,5,6,vit_tiny,cifar10,0.3,4,base.blocks.3,0.963821
1,5,6,vit_tiny,cifar10,0.3,5,base.blocks.4,0.959438
1,5,6,vit_tiny,cifar10,0.3,6,base.blocks.5,0.951897
1,5,6,vit_tiny,cifar10,0.3,7,base.blocks.6,0.947790
1,5,6,vit_tiny,cifar10,0.3,8,base.blocks.7,0.945888
1,5,6,vit_tiny,cifar10,0.3,9,base.blocks.8,0.940334
1,5,6,vit_tiny,cifar10,0.3,10,base.blocks.9,0.937331
1,5,6,vit_tiny,cifar10,0.3,11,base.blocks.10,0.934230
1,5,6,vit_tiny,cifar10,0.3,12,base.blocks.11,0.927212
1,5,6,vit_tiny,cifar10,0.3,13,base.norm,0.932964
1,5,6,vit_tiny,cifar10,0.3,14,classifier,0.821596
1,5,7,vit_tiny,cifar10,0.3,0,base.patch_embed,0.990829
1,5,7,vit_tiny,cifar10,0.3,1,base.blocks.0,0.988762
1,5,7,vit_tiny,cifar10,0.3,2,base.blocks.1,0.987971
1,5,7,vit_tiny,cifar10,0.3,3,base.blocks.2,0.983955
1,5,7,vit_tiny,cifar10,0.3,4,base.blocks.3,0.977966
1,5,7,vit_tiny,cifar10,0.3,5,base.blocks.4,0.976049
1,5,7,vit_tiny,cifar10,0.3,6,base.blocks.5,0.971946
1,5,7,vit_tiny,cifar10,0.3,7,base.blocks.6,0.968129
1,5,7,vit_tiny,cifar10,0.3,8,base.blocks.7,0.964674
1,5,7,vit_tiny,cifar10,0.3,9,base.blocks.8,0.959520
1,5,7,vit_tiny,cifar10,0.3,10,base.blocks.9,0.954732
1,5,7,vit_tiny,cifar10,0.3,11,base.blocks.10,0.950294
1,5,7,vit_tiny,cifar10,0.3,12,base.blocks.11,0.945317
1,5,7,vit_tiny,cifar10,0.3,13,base.norm,0.905761
1,5,7,vit_tiny,cifar10,0.3,14,classifier,0.586775
1,5,8,vit_tiny,cifar10,0.3,0,base.patch_embed,0.995623
1,5,8,vit_tiny,cifar10,0.3,1,base.blocks.0,0.990907
1,5,8,vit_tiny,cifar10,0.3,2,base.blocks.1,0.985280
1,5,8,vit_tiny,cifar10,0.3,3,base.blocks.2,0.980415
1,5,8,vit_tiny,cifar10,0.3,4,base.blocks.3,0.974124
1,5,8,vit_tiny,cifar10,0.3,5,base.blocks.4,0.970551
1,5,8,vit_tiny,cifar10,0.3,6,base.blocks.5,0.966752
1,5,8,vit_tiny,cifar10,0.3,7,base.blocks.6,0.964984
1,5,8,vit_tiny,cifar10,0.3,8,base.blocks.7,0.961431
1,5,8,vit_tiny,cifar10,0.3,9,base.blocks.8,0.959477
1,5,8,vit_tiny,cifar10,0.3,10,base.blocks.9,0.960368
1,5,8,vit_tiny,cifar10,0.3,11,base.blocks.10,0.958583
1,5,8,vit_tiny,cifar10,0.3,12,base.blocks.11,0.956899
1,5,8,vit_tiny,cifar10,0.3,13,base.norm,0.945148
1,5,8,vit_tiny,cifar10,0.3,14,classifier,0.887321
1,5,9,vit_tiny,cifar10,0.3,0,base.patch_embed,0.976328
1,5,9,vit_tiny,cifar10,0.3,1,base.blocks.0,0.979287
1,5,9,vit_tiny,cifar10,0.3,2,base.blocks.1,0.985214
1,5,9,vit_tiny,cifar10,0.3,3,base.blocks.2,0.985588
1,5,9,vit_tiny,cifar10,0.3,4,base.blocks.3,0.987298
1,5,9,vit_tiny,cifar10,0.3,5,base.blocks.4,0.988301
1,5,9,vit_tiny,cifar10,0.3,6,base.blocks.5,0.988874
1,5,9,vit_tiny,cifar10,0.3,7,base.blocks.6,0.988802
1,5,9,vit_tiny,cifar10,0.3,8,base.blocks.7,0.988993
1,5,9,vit_tiny,cifar10,0.3,9,base.blocks.8,0.987228
1,5,9,vit_tiny,cifar10,0.3,10,base.blocks.9,0.985667
1,5,9,vit_tiny,cifar10,0.3,11,base.blocks.10,0.985693
1,5,9,vit_tiny,cifar10,0.3,12,base.blocks.11,0.984896
1,5,9,vit_tiny,cifar10,0.3,13,base.norm,0.974419
1,5,9,vit_tiny,cifar10,0.3,14,classifier,0.952824
1,6,7,vit_tiny,cifar10,0.3,0,base.patch_embed,0.998107
1,6,7,vit_tiny,cifar10,0.3,1,base.blocks.0,0.994359
1,6,7,vit_tiny,cifar10,0.3,2,base.blocks.1,0.991126
1,6,7,vit_tiny,cifar10,0.3,3,base.blocks.2,0.987049
1,6,7,vit_tiny,cifar10,0.3,4,base.blocks.3,0.982851
1,6,7,vit_tiny,cifar10,0.3,5,base.blocks.4,0.979514
1,6,7,vit_tiny,cifar10,0.3,6,base.blocks.5,0.972296
1,6,7,vit_tiny,cifar10,0.3,7,base.blocks.6,0.969910
1,6,7,vit_tiny,cifar10,0.3,8,base.blocks.7,0.967754
1,6,7,vit_tiny,cifar10,0.3,9,base.blocks.8,0.965096
1,6,7,vit_tiny,cifar10,0.3,10,base.blocks.9,0.962402
1,6,7,vit_tiny,cifar10,0.3,11,base.blocks.10,0.961136
1,6,7,vit_tiny,cifar10,0.3,12,base.blocks.11,0.957936
1,6,7,vit_tiny,cifar10,0.3,13,base.norm,0.950656
1,6,7,vit_tiny,cifar10,0.3,14,classifier,0.861885
1,6,8,vit_tiny,cifar10,0.3,0,base.patch_embed,0.984062
1,6,8,vit_tiny,cifar10,0.3,1,base.blocks.0,0.957603
1,6,8,vit_tiny,cifar10,0.3,2,base.blocks.1,0.940911
1,6,8,vit_tiny,cifar10,0.3,3,base.blocks.2,0.924330
1,6,8,vit_tiny,cifar10,0.3,4,base.blocks.3,0.904032
1,6,8,vit_tiny,cifar10,0.3,5,base.blocks.4,0.894106
1,6,8,vit_tiny,cifar10,0.3,6,base.blocks.5,0.881267
1,6,8,vit_tiny,cifar10,0.3,7,base.blocks.6,0.876701
1,6,8,vit_tiny,cifar10,0.3,8,base.blocks.7,0.868450
1,6,8,vit_tiny,cifar10,0.3,9,base.blocks.8,0.864086
1,6,8,vit_tiny,cifar10,0.3,10,base.blocks.9,0.866594
1,6,8,vit_tiny,cifar10,0.3,11,base.blocks.10,0.863920
1,6,8,vit_tiny,cifar10,0.3,12,base.blocks.11,0.856476
1,6,8,vit_tiny,cifar10,0.3,13,base.norm,0.854621
1,6,8,vit_tiny,cifar10,0.3,14,classifier,0.779854
1,6,9,vit_tiny,cifar10,0.3,0,base.patch_embed,0.998295
1,6,9,vit_tiny,cifar10,0.3,1,base.blocks.0,0.999184
1,6,9,vit_tiny,cifar10,0.3,2,base.blocks.1,0.997812
1,6,9,vit_tiny,cifar10,0.3,3,base.blocks.2,0.995537
1,6,9,vit_tiny,cifar10,0.3,4,base.blocks.3,0.991085
1,6,9,vit_tiny,cifar10,0.3,5,base.blocks.4,0.986694
1,6,9,vit_tiny,cifar10,0.3,6,base.blocks.5,0.979602
1,6,9,vit_tiny,cifar10,0.3,7,base.blocks.6,0.975801
1,6,9,vit_tiny,cifar10,0.3,8,base.blocks.7,0.971845
1,6,9,vit_tiny,cifar10,0.3,9,base.blocks.8,0.967465
1,6,9,vit_tiny,cifar10,0.3,10,base.blocks.9,0.964872
1,6,9,vit_tiny,cifar10,0.3,11,base.blocks.10,0.957678
1,6,9,vit_tiny,cifar10,0.3,12,base.blocks.11,0.950579
1,6,9,vit_tiny,cifar10,0.3,13,base.norm,0.926392
1,6,9,vit_tiny,cifar10,0.3,14,classifier,0.872630
1,7,8,vit_tiny,cifar10,0.3,0,base.patch_embed,0.985481
1,7,8,vit_tiny,cifar10,0.3,1,base.blocks.0,0.965437
1,7,8,vit_tiny,cifar10,0.3,2,base.blocks.1,0.952350
1,7,8,vit_tiny,cifar10,0.3,3,base.blocks.2,0.937311
1,7,8,vit_tiny,cifar10,0.3,4,base.blocks.3,0.918717
1,7,8,vit_tiny,cifar10,0.3,5,base.blocks.4,0.911512
1,7,8,vit_tiny,cifar10,0.3,6,base.blocks.5,0.902185
1,7,8,vit_tiny,cifar10,0.3,7,base.blocks.6,0.898136
1,7,8,vit_tiny,cifar10,0.3,8,base.blocks.7,0.891477
1,7,8,vit_tiny,cifar10,0.3,9,base.blocks.8,0.886741
1,7,8,vit_tiny,cifar10,0.3,10,base.blocks.9,0.888151
1,7,8,vit_tiny,cifar10,0.3,11,base.blocks.10,0.884563
1,7,8,vit_tiny,cifar10,0.3,12,base.blocks.11,0.879881
1,7,8,vit_tiny,cifar10,0.3,13,base.norm,0.860628
1,7,8,vit_tiny,cifar10,0.3,14,classifier,0.554627
1,7,9,vit_tiny,cifar10,0.3,0,base.patch_embed,0.993016
1,7,9,vit_tiny,cifar10,0.3,1,base.blocks.0,0.991488
1,7,9,vit_tiny,cifar10,0.3,2,base.blocks.1,0.991962
1,7,9,vit_tiny,cifar10,0.3,3,base.blocks.2,0.990496
1,7,9,vit_tiny,cifar10,0.3,4,base.blocks.3,0.988546
1,7,9,vit_tiny,cifar10,0.3,5,base.blocks.4,0.987916
1,7,9,vit_tiny,cifar10,0.3,6,base.blocks.5,0.985801
1,7,9,vit_tiny,cifar10,0.3,7,base.blocks.6,0.984165
1,7,9,vit_tiny,cifar10,0.3,8,base.blocks.7,0.982315
1,7,9,vit_tiny,cifar10,0.3,9,base.blocks.8,0.981194
1,7,9,vit_tiny,cifar10,0.3,10,base.blocks.9,0.979060
1,7,9,vit_tiny,cifar10,0.3,11,base.blocks.10,0.976271
1,7,9,vit_tiny,cifar10,0.3,12,base.blocks.11,0.973607
1,7,9,vit_tiny,cifar10,0.3,13,base.norm,0.924435
1,7,9,vit_tiny,cifar10,0.3,14,classifier,0.607528
1,8,9,vit_tiny,cifar10,0.3,0,base.patch_embed,0.977388
1,8,9,vit_tiny,cifar10,0.3,1,base.blocks.0,0.960816
1,8,9,vit_tiny,cifar10,0.3,2,base.blocks.1,0.955973
1,8,9,vit_tiny,cifar10,0.3,3,base.blocks.2,0.949695
1,8,9,vit_tiny,cifar10,0.3,4,base.blocks.3,0.944198
1,8,9,vit_tiny,cifar10,0.3,5,base.blocks.4,0.942991
1,8,9,vit_tiny,cifar10,0.3,6,base.blocks.5,0.941597
1,8,9,vit_tiny,cifar10,0.3,7,base.blocks.6,0.942022
1,8,9,vit_tiny,cifar10,0.3,8,base.blocks.7,0.940161
1,8,9,vit_tiny,cifar10,0.3,9,base.blocks.8,0.938917
1,8,9,vit_tiny,cifar10,0.3,10,base.blocks.9,0.941938
1,8,9,vit_tiny,cifar10,0.3,11,base.blocks.10,0.943750
1,8,9,vit_tiny,cifar10,0.3,12,base.blocks.11,0.943114
1,8,9,vit_tiny,cifar10,0.3,13,base.norm,0.927886
1,8,9,vit_tiny,cifar10,0.3,14,classifier,0.876455
2,0,1,vit_tiny,cifar10,0.3,0,base.patch_embed,0.955913
2,0,1,vit_tiny,cifar10,0.3,1,base.blocks.0,0.968224
2,0,1,vit_tiny,cifar10,0.3,2,base.blocks.1,0.967604
2,0,1,vit_tiny,cifar10,0.3,3,base.blocks.2,0.966322
2,0,1,vit_tiny,cifar10,0.3,4,base.blocks.3,0.960583
2,0,1,vit_tiny,cifar10,0.3,5,base.blocks.4,0.953559
2,0,1,vit_tiny,cifar10,0.3,6,base.blocks.5,0.946500
2,0,1,vit_tiny,cifar10,0.3,7,base.blocks.6,0.938032
2,0,1,vit_tiny,cifar10,0.3,8,base.blocks.7,0.929442
2,0,1,vit_tiny,cifar10,0.3,9,base.blocks.8,0.922273
2,0,1,vit_tiny,cifar10,0.3,10,base.blocks.9,0.916531
2,0,1,vit_tiny,cifar10,0.3,11,base.blocks.10,0.905125
2,0,1,vit_tiny,cifar10,0.3,12,base.blocks.11,0.896836
2,0,1,vit_tiny,cifar10,0.3,13,base.norm,0.899664
2,0,1,vit_tiny,cifar10,0.3,14,classifier,0.738356
2,0,2,vit_tiny,cifar10,0.3,0,base.patch_embed,0.975043
2,0,2,vit_tiny,cifar10,0.3,1,base.blocks.0,0.978018
2,0,2,vit_tiny,cifar10,0.3,2,base.blocks.1,0.977339
2,0,2,vit_tiny,cifar10,0.3,3,base.blocks.2,0.976829
2,0,2,vit_tiny,cifar10,0.3,4,base.blocks.3,0.973032
2,0,2,vit_tiny,cifar10,0.3,5,base.blocks.4,0.969159
2,0,2,vit_tiny,cifar10,0.3,6,base.blocks.5,0.962542
2,0,2,vit_tiny,cifar10,0.3,7,base.blocks.6,0.956830
2,0,2,vit_tiny,cifar10,0.3,8,base.blocks.7,0.951064
2,0,2,vit_tiny,cifar10,0.3,9,base.blocks.8,0.948211
2,0,2,vit_tiny,cifar10,0.3,10,base.blocks.9,0.945497
2,0,2,vit_tiny,cifar10,0.3,11,base.blocks.10,0.939752
2,0,2,vit_tiny,cifar10,0.3,12,base.blocks.11,0.935031
2,0,2,vit_tiny,cifar10,0.3,13,base.norm,0.921976
2,0,2,vit_tiny,cifar10,0.3,14,classifier,0.825261
2,0,3,vit_tiny,cifar10,0.3,0,base.patch_embed,0.947605
2,0,3,vit_tiny,cifar10,0.3,1,base.blocks.0,0.942233
2,0,3,vit_tiny,cifar10,0.3,2,base.blocks.1,0.926406
2,0,3,vit_tiny,cifar10,0.3,3,base.blocks.2,0.910667
2,0,3,vit_tiny,cifar10,0.3,4,base.blocks.3,0.892996
2,0,3,vit_tiny,cifar10,0.3,5,base.blocks.4,0.873084
2,0,3,vit_tiny,cifar10,0.3,6,base.blocks.5,0.859616
2,0,3,vit_tiny,cifar10,0.3,7,base.blocks.6,0.844649
2,0,3,vit_tiny,cifar10,0.3,8,base.blocks.7,0.824606
2,0,3,vit_tiny,cifar10,0.3,9,base.blocks.8,0.811433
2,0,3,vit_tiny,cifar10,0.3,10,base.blocks.9,0.798822
2,0,3,vit_tiny,cifar10,0.3,11,base.blocks.10,0.778602
2,0,3,vit_tiny,cifar10,0.3,12,base.blocks.11,0.759632
2,0,3,vit_tiny,cifar10,0.3,13,base.norm,0.782967
2,0,3,vit_tiny,cifar10,0.3,14,classifier,0.572477
2,0,4,vit_tiny,cifar10,0.3,0,base.patch_embed,0.989692
2,0,4,vit_tiny,cifar10,0.3,1,base.blocks.0,0.981619
2,0,4,vit_tiny,cifar10,0.3,2,base.blocks.1,0.974753
2,0,4,vit_tiny,cifar10,0.3,3,base.blocks.2,0.968045
2,0,4,vit_tiny,cifar10,0.3,4,base.blocks.3,0.957927
2,0,4,vit_tiny,cifar10,0.3,5,base.blocks.4,0.952780
2,0,4,vit_tiny,cifar10,0.3,6,base.blocks.5,0.942939
2,0,4,vit_tiny,cifar10,0.3,7,base.blocks.6,0.937095
2,0,4,vit_tiny,cifar10,0.3,8,base.blocks.7,0.929024
2,0,4,vit_tiny,cifar10,0.3,9,base.blocks.8,0.924451
2,0,4,vit_tiny,cifar10,0.3,10,base.blocks.9,0.918304
2,0,4,vit_tiny,cifar10,0.3,11,base.blocks.10,0.910656
2,0,4,vit_tiny,cifar10,0.3,12,base.blocks.11,0.905702
2,0,4,vit_tiny,cifar10,0.3,13,base.norm,0.900219
2,0,4,vit_tiny,cifar10,0.3,14,classifier,0.647025
2,0,5,vit_tiny,cifar10,0.3,0,base.patch_embed,0.991957
2,0,5,vit_tiny,cifar10,0.3,1,base.blocks.0,0.992776
2,0,5,vit_tiny,cifar10,0.3,2,base.blocks.1,0.988921
2,0,5,vit_tiny,cifar10,0.3,3,base.blocks.2,0.985853
2,0,5,vit_tiny,cifar10,0.3,4,base.blocks.3,0.978856
2,0,5,vit_tiny,cifar10,0.3,5,base.blocks.4,0.970446
2,0,5,vit_tiny,cifar10,0.3,6,base.blocks.5,0.959825
2,0,5,vit_tiny,cifar10,0.3,7,base.blocks.6,0.951016
2,0,5,vit_tiny,cifar10,0.3,8,base.blocks.7,0.937768
2,0,5,vit_tiny,cifar10,0.3,9,base.blocks.8,0.930543
2,0,5,vit_tiny,cifar10,0.3,10,base.blocks.9,0.918900
2,0,5,vit_tiny,cifar10,0.3,11,base.blocks.10,0.904025
2,0,5,vit_tiny,cifar10,0.3,12,base.blocks.11,0.894525
2,0,5,vit_tiny,cifar10,0.3,13,base.norm,0.900545
2,0,5,vit_tiny,cifar10,0.3,14,classifier,0.725676
2,0,6,vit_tiny,cifar10,0.3,0,base.patch_embed,0.998953
2,0,6,vit_tiny,cifar10,0.3,1,base.blocks.0,0.992224
2,0,6,vit_tiny,cifar10,0.3,2,base.blocks.1,0.988449
2,0,6,vit_tiny,cifar10,0.3,3,base.blocks.2,0.984387
2,0,6,vit_tiny,cifar10,0.3,4,base.blocks.3,0.979774
2,0,6,vit_tiny,cifar10,0.3,5,base.blocks.4,0.977525
2,0,6,vit_tiny,cifar10,0.3,6,base.blocks.5,0.971477
2,0,6,vit_tiny,cifar10,0.3,7,base.blocks.6,0.966270
2,0,6,vit_tiny,cifar10,0.3,8,base.blocks.7,0.959374
2,0,6,vit_tiny,cifar10,0.3,9,base.blocks.8,0.952947
2,0,6,vit_tiny,cifar10,0.3,10,base.blocks.9,0.943603
2,0,6,vit_tiny,cifar10,0.3,11,base.blocks.10,0.933918
2,0,6,vit_tiny,cifar10,0.3,12,base.blocks.11,0.926239
2,0,6,vit_tiny,cifar10,0.3,13,base.norm,0.916821
2,0,6,vit_tiny,cifar10,0.3,14,classifier,0.638709
2,0,7,vit_tiny,cifar10,0.3,0,base.patch_embed,0.973689
2,0,7,vit_tiny,cifar10,0.3,1,base.blocks.0,0.960015
2,0,7,vit_tiny,cifar10,0.3,2,base.blocks.1,0.952390
2,0,7,vit_tiny,cifar10,0.3,3,base.blocks.2,0.948162
2,0,7,vit_tiny,cifar10,0.3,4,base.blocks.3,0.939328
2,0,7,vit_tiny,cifar10,0.3,5,base.blocks.4,0.937554
2,0,7,vit_tiny,cifar10,0.3,6,base.blocks.5,0.931656
2,0,7,vit_tiny,cifar10,0.3,7,base.blocks.6,0.928758
2,0,7,vit_tiny,cifar10,0.3,8,base.blocks.7,0.925338
2,0,7,vit_tiny,cifar10,0.3,9,base.blocks.8,0.922105
2,0,7,vit_tiny,cifar10,0.3,10,base.blocks.9,0.918813
2,0,7,vit_tiny,cifar10,0.3,11,base.blocks.10,0.913362
2,0,7,vit_tiny,cifar10,0.3,12,base.blocks.11,0.910348
2,0,7,vit_tiny,cifar10,0.3,13,base.norm,0.887046
2,0,7,vit_tiny,cifar10,0.3,14,classifier,0.331712
2,0,8,vit_tiny,cifar10,0.3,0,base.patch_embed,0.981066
2,0,8,vit_tiny,cifar10,0.3,1,base.blocks.0,0.987611
2,0,8,vit_tiny,cifar10,0.3,2,base.blocks.1,0.987927
2,0,8,vit_tiny,cifar10,0.3,3,base.blocks.2,0.988009
2,0,8,vit_tiny,cifar10,0.3,4,base.blocks.3,0.983800
2,0,8,vit_tiny,cifar10,0.3,5,base.blocks.4,0.979165
2,0,8,vit_tiny,cifar10,0.3,6,base.blocks.5,0.973138
2,0,8,vit_tiny,cifar10,0.3,7,base.blocks.6,0.968364
2,0,8,vit_tiny,cifar10,0.3,8,base.blocks.7,0.962153
2,0,8,vit_tiny,cifar10,0.3,9,base.blocks.8,0.958615
2,0,8,vit_tiny,cifar10,0.3,10,base.blocks.9,0.953988
2,0,8,vit_tiny,cifar10,0.3,11,base.blocks.10,0.949092
2,0,8,vit_tiny,cifar10,0.3,12,base.blocks.11,0.945143
2,0,8,vit_tiny,cifar10,0.3,13,base.norm,0.948713
2,0,8,vit_tiny,cifar10,0.3,14,classifier,0.703086
2,0,9,vit_tiny,cifar10,0.3,0,base.patch_embed,0.998142
2,0,9,vit_tiny,cifar10,0.3,1,base.blocks.0,0.994483
2,0,9,vit_tiny,cifar10,0.3,2,base.blocks.1,0.990671
2,0,9,vit_tiny,cifar10,0.3,3,base.blocks.2,0.983869
2,0,9,vit_tiny,cifar10,0.3,4,base.blocks.3,0.973306
2,0,9,vit_tiny,cifar10,0.3,5,base.blocks.4,0.958000
2,0,9,vit_tiny,cifar10,0.3,6,base.blocks.5,0.944307
2,0,9,vit_tiny,cifar10,0.3,7,base.blocks.6,0.926472
2,0,9,vit_tiny,cifar10,0.3,8,base.blocks.7,0.901577
2,0,9,vit_tiny,cifar10,0.3,9,base.blocks.8,0.881459
2,0,9,vit_tiny,cifar10,0.3,10,base.blocks.9,0.862153
2,0,9,vit_tiny,cifar10,0.3,11,base.blocks.10,0.833930
2,0,9,vit_tiny,cifar10,0.3,12,base.blocks.11,0.810851
2,0,9,vit_tiny,cifar10,0.3,13,base.norm,0.810756
2,0,9,vit_tiny,cifar10,0.3,14,classifier,0.656120
2,1,2,vit_tiny,cifar10,0.3,0,base.patch_embed,0.988894
2,1,2,vit_tiny,cifar10,0.3,1,base.blocks.0,0.989805
2,1,2,vit_tiny,cifar10,0.3,2,base.blocks.1,0.989932
2,1,2,vit_tiny,cifar10,0.3,3,base.blocks.2,0.989639
2,1,2,vit_tiny,cifar10,0.3,4,base.blocks.3,0.988239
2,1,2,vit_tiny,cifar10,0.3,5,base.blocks.4,0.986438
2,1,2,vit_tiny,cifar10,0.3,6,base.blocks.5,0.984549
2,1,2,vit_tiny,cifar10,0.3,7,base.blocks.6,0.983258
2,1,2,vit_tiny,cifar10,0.3,8,base.blocks.7,0.981934
2,1,2,vit_tiny,cifar10,0.3,9,base.blocks.8,0.980254
2,1,2,vit_tiny,cifar10,0.3,10,base.blocks.9,0.977540
2,1,2,vit_tiny,cifar10,0.3,11,base.blocks.10,0.974144
2,1,2,vit_tiny,cifar10,0.3,12,base.blocks.11,0.971663
2,1,2,vit_tiny,cifar10,0.3,13,base.norm,0.963888
2,1,2,vit_tiny,cifar10,0.3,14,classifier,0.821846
2,1,3,vit_tiny,cifar10,0.3,0,base.patch_embed,0.917394
2,1,3,vit_tiny,cifar10,0.3,1,base.blocks.0,0.903179
2,1,3,vit_tiny,cifar10,0.3,2,base.blocks.1,0.895300
2,1,3,vit_tiny,cifar10,0.3,3,base.blocks.2,0.889637
2,1,3,vit_tiny,cifar10,0.3,4,base.blocks.3,0.880091
2,1,3,vit_tiny,cifar10,0.3,5,base.blocks.4,0.875542
2,1,3,vit_tiny,cifar10,0.3,6,base.blocks.5,0.872481
2,1,3,vit_tiny,cifar10,0.3,7,base.blocks.6,0.873546
2,1,3,vit_tiny,cifar10,0.3,8,base.blocks.7,0.865947
2,1,3,vit_tiny,cifar10,0.3,9,base.blocks.8,0.862220
2,1,3,vit_tiny,cifar10,0.3,10,base.blocks.9,0.861215
2,1,3,vit_tiny,cifar10,0.3,11,base.blocks.10,0.853202
2,1,3,vit_tiny,cifar10,0.3,12,base.blocks.11,0.843777
2,1,3,vit_tiny,cifar10,0.3,13,base.norm,0.810599
2,1,3,vit_tiny,cifar10,0.3,14,classifier,0.684842
2,1,4,vit_tiny,cifar10,0.3,0,base.patch_embed,0.965108
2,1,4,vit_tiny,cifar10,0.3,1,base.blocks.0,0.964133
2,1,4,vit_tiny,cifar10,0.3,2,base.blocks.1,0.962362
2,1,4,vit_tiny,cifar10,0.3,3,base.blocks.2,0.957375
2,1,4,vit_tiny,cifar10,0.3,4,base.blocks.3,0.950674
2,1,4,vit_tiny,cifar10,0.3,5,base.blocks.4,0.946044
2,1,4,vit_tiny,cifar10,0.3,6,base.blocks.5,0.940751
2,1,4,vit_tiny,cifar10,0.3,7,base.blocks.6,0.935361
2,1,4,vit_tiny,cifar10,0.3,8,base.blocks.7,0.931418
2,1,4,vit_tiny,cifar10,0.3,9,base.blocks.8,0.928434
2,1,4,vit_tiny,cifar10,0.3,10,base.blocks.9,0.923796
2,1,4,vit_tiny,cifar10,0.3,11,base.blocks.10,0.917925
2,1,4,vit_tiny,cifar10,0.3,12,base.blocks.11,0.912973
2,1,4,vit_tiny,cifar10,0.3,13,base.norm,0.904142
2,1,4,vit_tiny,cifar10,0.3,14,classifier,0.845088
2,1,5,vit_tiny,cifar10,0.3,0,base.patch_embed,0.981414
2,1,5,vit_tiny,cifar10,0.3,1,base.blocks.0,0.978380
2,1,5,vit_tiny,cifar10,0.3,2,base.blocks.1,0.979963
2,1,5,vit_tiny,cifar10,0.3,3,base.blocks.2,0.980648
2,1,5,vit_tiny,cifar10,0.3,4,base.blocks.3,0.978513
2,1,5,vit_tiny,cifar10,0.3,5,base.blocks.4,0.977505
2,1,5,vit_tiny,cifar10,0.3,6,base.blocks.5,0.976255
2,1,5,vit_tiny,cifar10,0.3,7,base.blocks.6,0.974559
2,1,5,vit_tiny,cifar10,0.3,8,base.blocks.7,0.972454
2,1,5,vit_tiny,cifar10,0.3,9,base.blocks.8,0.970035
2,1,5,vit_tiny,cifar10,0.3,10,base.blocks.9,0.967661
2,1,5,vit_tiny,cifar10,0.3,11,base.blocks.10,0.964809
2,1,5,vit_tiny,cifar10,0.3,12,base.blocks.11,0.960913
2,1,5,vit_tiny,cifar10,0.3,13,base.norm,0.948163
2,1,5,vit_tiny,cifar10,0.3,14,classifier,0.908501
2,1,6,vit_tiny,cifar10,0.3,0,base.patch_embed,0.957357
2,1,6,vit_tiny,cifar10,0.3,1,base.blocks.0,0.955398
2,1,6,vit_tiny,cifar10,0.3,2,base.blocks.1,0.957554
2,1,6,vit_tiny,cifar10,0.3,3,base.blocks.2,0.957149
2,1,6,vit_tiny,cifar10,0.3,4,base.blocks.3,0.954120
2,1,6,vit_tiny,cifar10,0.3,5,base.blocks.4,0.956232
2,1,6,vit_tiny,cifar10,0.3,6,base.blocks.5,0.952372
2,1,6,vit_tiny,cifar10,0.3,7,base.blocks.6,0.952406
2,1,6,vit_tiny,cifar10,0.3,8,base.blocks.7,0.956463
2,1,6,vit_tiny,cifar10,0.3,9,base.blocks.8,0.958726
2,1,6,vit_tiny,cifar10,0.3,10,base.blocks.9,0.960970
2,1,6,vit_tiny,cifar10,0.3,11,base.blocks.10,0.963403
2,1,6,vit_tiny,cifar10,0.3,12,base.blocks.11,0.963764
2,1,6,vit_tiny,cifar10,0.3,13,base.norm,0.955789
2,1,6,vit_tiny,cifar10,0.3,14,classifier,0.903980
2,1,7,vit_tiny,cifar10,0.3,0,base.patch_embed,0.952110
2,1,7,vit_tiny,cifar10,0.3,1,base.blocks.0,0.951764
2,1,7,vit_tiny,cifar10,0.3,2,base.blocks.1,0.947215
2,1,7,vit_tiny,cifar10,0.3,3,base.blocks.2,0.941507
2,1,7,vit_tiny,cifar10,0.3,4,base.blocks.3,0.934028
2,1,7,vit_tiny,cifar10,0.3,5,base.blocks.4,0.927091
2,1,7,vit_tiny,cifar10,0.3,6,base.blocks.5,0.923314
2,1,7,vit_tiny,cifar10,0.3,7,base.blocks.6,0.917602
2,1,7,vit_tiny,cifar10,0.3,8,base.blocks.7,0.913686
2,1,7,vit_tiny,cifar10,0.3,9,base.blocks.8,0.908682
2,1,7,vit_tiny,cifar10,0.3,10,base.blocks.9,0.903594
2,1,7,vit_tiny,cifar10,0.3,11,base.blocks.10,0.896721
2,1,7,vit_tiny,cifar10,0.3,12,base.blocks.11,0.891668
2,1,7,vit_tiny,cifar10,0.3,13,base.norm,0.885071
2,1,7,vit_tiny,cifar10,0.3,14,classifier,0.659440
2,1,8,vit_tiny,cifar10,0.3,0,base.patch_embed,0.993565
2,1,8,vit_tiny,cifar10,0.3,1,base.blocks.0,0.991237
2,1,8,vit_tiny,cifar10,0.3,2,base.blocks.1,0.988404
2,1,8,vit_tiny,cifar10,0.3,3,base.blocks.2,0.984096
2,1,8,vit_tiny,cifar10,0.3,4,base.blocks.3,0.976619
2,1,8,vit_tiny,cifar10,0.3,5,base.blocks.4,0.966586
2,1,8,vit_tiny,cifar10,0.3,6,base.blocks.5,0.956182
2,1,8,vit_tiny,cifar10,0.3,7,base.blocks.6,0.942163
2,1,8,vit_tiny,cifar10,0.3,8,base.blocks.7,0.928652
2,1,8,vit_tiny,cifar10,0.3,9,base.blocks.8,0.921541
2,1,8,vit_tiny,cifar10,0.3,10,base.blocks.9,0.912959
2,1,8,vit_tiny,cifar10,0.3,11,base.blocks.10,0.900397
2,1,8,vit_tiny,cifar10,0.3,12,base.blocks.11,0.886030
2,1,8,vit_tiny,cifar10,0.3,13,base.norm,0.890768
2,1,8,vit_tiny,cifar10,0.3,14,classifier,0.876300
2,1,9,vit_tiny,cifar10,0.3,0,base.patch_embed,0.949745
2,1,9,vit_tiny,cifar10,0.3,1,base.blocks.0,0.949133
2,1,9,vit_tiny,cifar10,0.3,2,base.blocks.1,0.949135
2,1,9,vit_tiny,cifar10,0.3,3,base.blocks.2,0.945923
2,1,9,vit_tiny,cifar10,0.3,4,base.blocks.3,0.937138
2,1,9,vit_tiny,cifar10,0.3,5,base.blocks.4,0.928788
2,1,9,vit_tiny,cifar10,0.3,6,base.blocks.5,0.923623
2,1,9,vit_tiny,cifar10,0.3,7,base.blocks.6,0.916601
2,1,9,vit_tiny,cifar10,0.3,8,base.blocks.7,0.904797
2,1,9,vit_tiny,cifar10,0.3,9,base.blocks.8,0.891957
2,1,9,vit_tiny,cifar10,0.3,10,base.blocks.9,0.883721
2,1,9,vit_tiny,cifar10,0.3,11,base.blocks.10,0.868658
2,1,9,vit_tiny,cifar10,0.3,12,base.blocks.11,0.855891
2,1,9,vit_tiny,cifar10,0.3,13,base.norm,0.827528
2,1,9,vit_tiny,cifar10,0.3,14,classifier,0.706358
2,2,3,vit_tiny,cifar10,0.3,0,base.patch_embed,0.944051
2,2,3,vit_tiny,cifar10,0.3,1,base.blocks.0,0.927716
2,2,3,vit_tiny,cifar10,0.3,2,base.blocks.1,0.919062
2,2,3,vit_tiny,cifar10,0.3,3,base.blocks.2,0.908737
2,2,3,vit_tiny,cifar10,0.3,4,base.blocks.3,0.894629
2,2,3,vit_tiny,cifar10,0.3,5,base.blocks.4,0.885325
2,2,3,vit_tiny,cifar10,0.3,6,base.blocks.5,0.876334
2,2,3,vit_tiny,cifar10,0.3,7,base.blocks.6,0.872954
2,2,3,vit_tiny,cifar10,0.3,8,base.blocks.7,0.862092
2,2,3,vit_tiny,cifar10,0.3,9,base.blocks.8,0.854705
2,2,3,vit_tiny,cifar10,0.3,10,base.blocks.9,0.847627
2,2,3,vit_tiny,cifar10,0.3,11,base.blocks.10,0.834273
2,2,3,vit_tiny,cifar10,0.3,12,base.blocks.11,0.819991
2,2,3,vit_tiny,cifar10,0.3,13,base.norm,0.804964
2,2,3,vit_tiny,cifar10,0.3,14,classifier,0.732155
2,2,4,vit_tiny,cifar10,0.3,0,base.patch_embed,0.981189
2,2,4,vit_tiny,cifar10,0.3,1,base.blocks.0,0.976152
2,2,4,vit_tiny,cifar10,0.3,2,base.blocks.1,0.976506
2,2,4,vit_tiny,cifar10,0.3,3,base.blocks.2,0.973452
2,2,4,vit_tiny,cifar10,0.3,4,base.blocks.3,0.971181
2,2,4,vit_tiny,cifar10,0.3,5,base.blocks.4,0.970552
2,2,4,vit_tiny,cifar10,0.3,6,base.blocks.5,0.969842
2,2,4,vit_tiny,cifar10,0.3,7,base.blocks.6,0.966648
2,2,4,vit_tiny,cifar10,0.3,8,base.blocks.7,0.962376
2,2,4,vit_tiny,cifar10,0.3,9,base.blocks.8,0.960103
2,2,4,vit_tiny,cifar10,0.3,10,base.blocks.9,0.958682
2,2,4,vit_tiny,cifar10,0.3,11,base.blocks.10,0.956006
2,2,4,vit_tiny,cifar10,0.3,12,base.blocks.11,0.953642
2,2,4,vit_tiny,cifar10,0.3,13,base.norm,0.961767
2,2,4,vit_tiny,cifar10,0.3,14,classifier,0.888337
2,2,5,vit_tiny,cifar10,0.3,0,base.patch_embed,0.992976
2,2,5,vit_tiny,cifar10,0.3,1,base.blocks.0,0.986696
2,2,5,vit_tiny,cifar10,0.3,2,base.blocks.1,0.989680
2,2,5,vit_tiny,cifar10,0.3,3,base.blocks.2,0.990373
2,2,5,vit_tiny,cifar10,0.3,4,base.blocks.3,0.989130
2,2,5,vit_tiny,cifar10,0.3,5,base.blocks.4,0.987535
2,2,5,vit_tiny,cifar10,0.3,6,base.blocks.5,0.984714
2,2,5,vit_tiny,cifar10,0.3,7,base.blocks.6,0.980866
2,2,5,vit_tiny,cifar10,0.3,8,base.blocks.7,0.974615
2,2,5,vit_tiny,cifar10,0.3,9,base.blocks.8,0.969822
2,2,5,vit_tiny,cifar10,0.3,10,base.blocks.9,0.963434
2,2,5,vit_tiny,cifar10,0.3,11,base.blocks.10,0.955823
2,2,5,vit_tiny,cifar10,0.3,12,base.blocks.11,0.949685
2,2,5,vit_tiny,cifar10,0.3,13,base.norm,0.945537
2,2,5,vit_tiny,cifar10,0.3,14,classifier,0.813804
2,2,6,vit_tiny,cifar10,0.3,0,base.patch_embed,0.974001
2,2,6,vit_tiny,cifar10,0.3,1,base.blocks.0,0.960165
2,2,6,vit_tiny,cifar10,0.3,2,base.blocks.1,0.961958
2,2,6,vit_tiny,cifar10,0.3,3,base.blocks.2,0.961787
2,2,6,vit_tiny,cifar10,0.3,4,base.blocks.3,0.960928
2,2,6,vit_tiny,cifar10,0.3,5,base.blocks.4,0.964548
2,2,6,vit_tiny,cifar10,0.3,6,base.blocks.5,0.962389
2,2,6,vit_tiny,cifar10,0.3,7,base.blocks.6,0.962386
2,2,6,vit_tiny,cifar10,0.3,8,base.blocks.7,0.963916
2,2,6,vit_tiny,cifar10,0.3,9,base.blocks.8,0.964218
2,2,6,vit_tiny,cifar10,0.3,10,base.blocks.9,0.963300
2,2,6,vit_tiny,cifar10,0.3,11,base.blocks.10,0.962051
2,2,6,vit_tiny,cifar10,0.3,12,base.blocks.11,0.959338
2,2,6,vit_tiny,cifar10,0.3,13,base.norm,0.945231
2,2,6,vit_tiny,cifar10,0.3,14,classifier,0.790854
2,2,7,vit_tiny,cifar10,0.3,0,base.patch_embed,0.955628
2,2,7,vit_tiny,cifar10,0.3,1,base.blocks.0,0.950853
2,2,7,vit_tiny,cifar10,0.3,2,base.blocks.1,0.950551
2,2,7,vit_tiny,cifar10,0.3,3,base.blocks.2,0.949522
2,2,7,vit_tiny,cifar10,0.3,4,base.blocks.3,0.948114
2,2,7,vit_tiny,cifar10,0.3,5,base.blocks.4,0.947580
2,2,7,vit_tiny,cifar10,0.3,6,base.blocks.5,0.949471
2,2,7,vit_tiny,cifar10,0.3,7,base.blocks.6,0.947232
2,2,7,vit_tiny,cifar10,0.3,8,base.blocks.7,0.944878
2,2,7,vit_tiny,cifar10,0.3,9,base.blocks.8,0.942614
2,2,7,vit_tiny,cifar10,0.3,10,base.blocks.9,0.942405
2,2,7,vit_tiny,cifar10,0.3,11,base.blocks.10,0.940145
2,2,7,vit_tiny,cifar10,0.3,12,base.blocks.11,0.938992
2,2,7,vit_tiny,cifar10,0.3,13,base.norm,0.934235
2,2,7,vit_tiny,cifar10,0.3,14,classifier,0.555835
2,2,8,vit_tiny,cifar10,0.3,0,base.patch_embed,0.994790
2,2,8,vit_tiny,cifar10,0.3,1,base.blocks.0,0.996118
2,2,8,vit_tiny,cifar10,0.3,2,base.blocks.1,0.994833
2,2,8,vit_tiny,cifar10,0.3,3,base.blocks.2,0.991970
2,2,8,vit_tiny,cifar10,0.3,4,base.blocks.3,0.986833
2,2,8,vit_tiny,cifar10,0.3,5,base.blocks.4,0.980365
2,2,8,vit_tiny,cifar10,0.3,6,base.blocks.5,0.973772
2,2,8,vit_tiny,cifar10,0.3,7,base.blocks.6,0.963198
2,2,8,vit_tiny,cifar10,0.3,8,base.blocks.7,0.951331
2,2,8,vit_tiny,cifar10,0.3,9,base.blocks.8,0.946450
2,2,8,vit_tiny,cifar10,0.3,10,base.blocks.9,0.941438
2,2,8,vit_tiny,cifar10,0.3,11,base.blocks.10,0.933122
2,2,8,vit_tiny,cifar10,0.3,12,base.blocks.11,0.922572
2,2,8,vit_tiny,cifar10,0.3,13,base.norm,0.907738
2,2,8,vit_tiny,cifar10,0.3,14,classifier,0.696704
2,2,9,vit_tiny,cifar10,0.3,0,base.patch_embed,0.969777
2,2,9,vit_tiny,cifar10,0.3,1,base.blocks.0,0.962095
2,2,9,vit_tiny,cifar10,0.3,2,base.blocks.1,0.964827
2,2,9,vit_tiny,cifar10,0.3,3,base.blocks.2,0.962680
2,2,9,vit_tiny,cifar10,0.3,4,base.blocks.3,0.955546
2,2,9,vit_tiny,cifar10,0.3,5,base.blocks.4,0.947400
2,2,9,vit_tiny,cifar10,0.3,6,base.blocks.5,0.939570
2,2,9,vit_tiny,cifar10,0.3,7,base.blocks.6,0.930147
2,2,9,vit_tiny,cifar10,0.3,8,base.blocks.7,0.915461
2,2,9,vit_tiny,cifar10,0.3,9,base.blocks.8,0.900811
2,2,9,vit_tiny,cifar10,0.3,10,base.blocks.9,0.888028
2,2,9,vit_tiny,cifar10,0.3,11,base.blocks.10,0.868296
2,2,9,vit_tiny,cifar10,0.3,12,base.blocks.11,0.850726
2,2,9,vit_tiny,cifar10,0.3,13,base.norm,0.833322
2,2,9,vit_tiny,cifar10,0.3,14,classifier,0.792921
2,3,4,vit_tiny,cifar10,0.3,0,base.patch_embed,0.910620
2,3,4,vit_tiny,cifar10,0.3,1,base.blocks.0,0.883157
2,3,4,vit_tiny,cifar10,0.3,2,base.blocks.1,0.862949
2,3,4,vit_tiny,cifar10,0.3,3,base.blocks.2,0.841909
2,3,4,vit_tiny,cifar10,0.3,4,base.blocks.3,0.819691
2,3,4,vit_tiny,cifar10,0.3,5,base.blocks.4,0.806935
2,3,4,vit_tiny,cifar10,0.3,6,base.blocks.5,0.798401
2,3,4,vit_tiny,cifar10,0.3,7,base.blocks.6,0.790982
2,3,4,vit_tiny,cifar10,0.3,8,base.blocks.7,0.774024
2,3,4,vit_tiny,cifar10,0.3,9,base.blocks.8,0.763447
2,3,4,vit_tiny,cifar10,0.3,10,base.blocks.9,0.756134
2,3,4,vit_tiny,cifar10,0.3,11,base.blocks.10,0.738116
2,3,4,vit_tiny,cifar10,0.3,12,base.blocks.11,0.722770
2,3,4,vit_tiny,cifar10,0.3,13,base.norm,0.770660
2,3,4,vit_tiny,cifar10,0.3,14,classifier,0.777520
2,3,5,vit_tiny,cifar10,0.3,0,base.patch_embed,0.941754
2,3,5,vit_tiny,cifar10,0.3,1,base.blocks.0,0.923332
2,3,5,vit_tiny,cifar10,0.3,2,base.blocks.1,0.916649
2,3,5,vit_tiny,cifar10,0.3,3,base.blocks.2,0.913239
2,3,5,vit_tiny,cifar10,0.3,4,base.blocks.3,0.908406
2,3,5,vit_tiny,cifar10,0.3,5,base.blocks.4,0.913204
2,3,5,vit_tiny,cifar10,0.3,6,base.blocks.5,0.917338
2,3,5,vit_tiny,cifar10,0.3,7,base.blocks.6,0.921452
2,3,5,vit_tiny,cifar10,0.3,8,base.blocks.7,0.921006
2,3,5,vit_tiny,cifar10,0.3,9,base.blocks.8,0.921590
2,3,5,vit_tiny,cifar10,0.3,10,base.blocks.9,0.924297
2,3,5,vit_tiny,cifar10,0.3,11,base.blocks.10,0.923481
2,3,5,vit_tiny,cifar10,0.3,12,base.blocks.11,0.918544
2,3,5,vit_tiny,cifar10,0.3,13,base.norm,0.898509
2,3,5,vit_tiny,cifar10,0.3,14,classifier,0.811642
2,3,6,vit_tiny,cifar10,0.3,0,base.patch_embed,0.946400
2,3,6,vit_tiny,cifar10,0.3,1,base.blocks.0,0.921766
2,3,6,vit_tiny,cifar10,0.3,2,base.blocks.1,0.901860
2,3,6,vit_tiny,cifar10,0.3,3,base.blocks.2,0.888662
2,3,6,vit_tiny,cifar10,0.3,4,base.blocks.3,0.874889
2,3,6,vit_tiny,cifar10,0.3,5,base.blocks.4,0.870854
2,3,6,vit_tiny,cifar10,0.3,6,base.blocks.5,0.865931
2,3,6,vit_tiny,cifar10,0.3,7,base.blocks.6,0.866587
2,3,6,vit_tiny,cifar10,0.3,8,base.blocks.7,0.863246
2,3,6,vit_tiny,cifar10,0.3,9,base.blocks.8,0.863890
2,3,6,vit_tiny,cifar10,0.3,10,base.blocks.9,0.866065
2,3,6,vit_tiny,cifar10,0.3,11,base.blocks.10,0.864113
2,3,6,vit_tiny,cifar10,0.3,12,base.blocks.11,0.858826
2,3,6,vit_tiny,cifar10,0.3,13,base.norm,0.846802
2,3,6,vit_tiny,cifar10,0.3,14,classifier,0.717209
2,3,7,vit_tiny,cifar10,0.3,0,base.patch_embed,0.864710
2,3,7,vit_tiny,cifar10,0.3,1,base.blocks.0,0.833339
2,3,7,vit_tiny,cifar10,0.3,2,base.blocks.1,0.808277
2,3,7,vit_tiny,cifar10,0.3,3,base.blocks.2,0.787964
2,3,7,vit_tiny,cifar10,0.3,4,base.blocks.3,0.764260
2,3,7,vit_tiny,cifar10,0.3,5,base.blocks.4,0.750108
2,3,7,vit_tiny,cifar10,0.3,6,base.blocks.5,0.744535
2,3,7,vit_tiny,cifar10,0.3,7,base.blocks.6,0.737991
2,3,7,vit_tiny,cifar10,0.3,8,base.blocks.7,0.723838
2,3,7,vit_tiny,cifar10,0.3,9,base.blocks.8,0.710975
2,3,7,vit_tiny,cifar10,0.3,10,base.blocks.9,0.704417
2,3,7,vit_tiny,cifar10,0.3,11,base.blocks.10,0.685423
2,3,7,vit_tiny,cifar10,0.3,12,base.blocks.11,0.669513
2,3,7,vit_tiny,cifar10,0.3,13,base.norm,0.694354
2,3,7,vit_tiny,cifar10,0.3,14,classifier,0.404885
2,3,8,vit_tiny,cifar10,0.3,0,base.patch_embed,0.933961
2,3,8,vit_tiny,cifar10,0.3,1,base.blocks.0,0.919363
2,3,8,vit_tiny,cifar10,0.3,2,base.blocks.1,0.903491
2,3,8,vit_tiny,cifar10,0.3,3,base.blocks.2,0.887037
2,3,8,vit_tiny,cifar10,0.3,4,base.blocks.3,0.863151
2,3,8,vit_tiny,cifar10,0.3,5,base.blocks.4,0.839350
2,3,8,vit_tiny,cifar10,0.3,6,base.blocks.5,0.822133
2,3,8,vit_tiny,cifar10,0.3,7,base.blocks.6,0.804504
2,3,8,vit_tiny,cifar10,0.3,8,base.blocks.7,0.774398
2,3,8,vit_tiny,cifar10,0.3,9,base.blocks.8,0.754914
2,3,8,vit_tiny,cifar10,0.3,10,base.blocks.9,0.740062
2,3,8,vit_tiny,cifar10,0.3,11,base.blocks.10,0.711743
2,3,8,vit_tiny,cifar10,0.3,12,base.blocks.11,0.683733
2,3,8,vit_tiny,cifar10,0.3,13,base.norm,0.715947
2,3,8,vit_tiny,cifar10,0.3,14,classifier,0.477302
2,3,9,vit_tiny,cifar10,0.3,0,base.patch_embed,0.959066
2,3,9,vit_tiny,cifar10,0.3,1,base.blocks.0,0.955472
2,3,9,vit_tiny,cifar10,0.3,2,base.blocks.1,0.954795
2,3,9,vit_tiny,cifar10,0.3,3,base.blocks.2,0.958996
2,3,9,vit_tiny,cifar10,0.3,4,base.blocks.3,0.962119
2,3,9,vit_tiny,cifar10,0.3,5,base.blocks.4,0.967913
2,3,9,vit_tiny,cifar10,0.3,6,base.blocks.5,0.971879
2,3,9,vit_tiny,cifar10,0.3,7,base.blocks.6,0.976161
2,3,9,vit_tiny,cifar10,0.3,8,base.blocks.7,0.980770
2,3,9,vit_tiny,cifar10,0.3,9,base.blocks.8,0.982635
2,3,9,vit_tiny,cifar10,0.3,10,base.blocks.9,0.983966
2,3,9,vit_tiny,cifar10,0.3,11,base.blocks.10,0.985794
2,3,9,vit_tiny,cifar10,0.3,12,base.blocks.11,0.986150
2,3,9,vit_tiny,cifar10,0.3,13,base.norm,0.981434
2,3,9,vit_tiny,cifar10,0.3,14,classifier,0.925727
2,4,5,vit_tiny,cifar10,0.3,0,base.patch_embed,0.994579
2,4,5,vit_tiny,cifar10,0.3,1,base.blocks.0,0.993859
2,4,5,vit_tiny,cifar10,0.3,2,base.blocks.1,0.990583
2,4,5,vit_tiny,cifar10,0.3,3,base.blocks.2,0.985034
2,4,5,vit_tiny,cifar10,0.3,4,base.blocks.3,0.979357
2,4,5,vit_tiny,cifar10,0.3,5,base.blocks.4,0.971042
2,4,5,vit_tiny,cifar10,0.3,6,base.blocks.5,0.963593
2,4,5,vit_tiny,cifar10,0.3,7,base.blocks.6,0.956456
2,4,5,vit_tiny,cifar10,0.3,8,base.blocks.7,0.946466
2,4,5,vit_tiny,cifar10,0.3,9,base.blocks.8,0.939320
2,4,5,vit_tiny,cifar10,0.3,10,base.blocks.9,0.930677
2,4,5,vit_tiny,cifar10,0.3,11,base.blocks.10,0.918002
2,4,5,vit_tiny,cifar10,0.3,12,base.blocks.11,0.911640
2,4,5,vit_tiny,cifar10,0.3,13,base.norm,0.928256
2,4,5,vit_tiny,cifar10,0.3,14,classifier,0.871015
2,4,6,vit_tiny,cifar10,0.3,0,base.patch_embed,0.988936
2,4,6,vit_tiny,cifar10,0.3,1,base.blocks.0,0.982583
2,4,6,vit_tiny,cifar10,0.3,2,base.blocks.1,0.980643
2,4,6,vit_tiny,cifar10,0.3,3,base.blocks.2,0.978486
2,4,6,vit_tiny,cifar10,0.3,4,base.blocks.3,0.975202
2,4,6,vit_tiny,cifar10,0.3,5,base.blocks.4,0.973587
2,4,6,vit_tiny,cifar10,0.3,6,base.blocks.5,0.971161
2,4,6,vit_tiny,cifar10,0.3,7,base.blocks.6,0.969881
2,4,6,vit_tiny,cifar10,0.3,8,base.blocks.7,0.968446
2,4,6,vit_tiny,cifar10,0.3,9,base.blocks.8,0.964965
2,4,6,vit_tiny,cifar10,0.3,10,base.blocks.9,0.960501
2,4,6,vit_tiny,cifar10,0.3,11,base.blocks.10,0.953613
2,4,6,vit_tiny,cifar10,0.3,12,base.blocks.11,0.948573
2,4,6,vit_tiny,cifar10,0.3,13,base.norm,0.938129
2,4,6,vit_tiny,cifar10,0.3,14,classifier,0.877032
2,4,7,vit_tiny,cifar10,0.3,0,base.patch_embed,0.990431
2,4,7,vit_tiny,cifar10,0.3,1,base.blocks.0,0.989415
2,4,7,vit_tiny,cifar10,0.3,2,base.blocks.1,0.988408
2,4,7,vit_tiny,cifar10,0.3,3,base.blocks.2,0.988823
2,4,7,vit_tiny,cifar10,0.3,4,base.blocks.3,0.987780
2,4,7,vit_tiny,cifar10,0.3,5,base.blocks.4,0.986494
2,4,7,vit_tiny,cifar10,0.3,6,base.blocks.5,0.985996
2,4,7,vit_tiny,cifar10,0.3,7,base.blocks.6,0.986054
2,4,7,vit_tiny,cifar10,0.3,8,base.blocks.7,0.986065
2,4,7,vit_tiny,cifar10,0.3,9,base.blocks.8,0.985931
2,4,7,vit_tiny,cifar10,0.3,10,base.blocks.9,0.985244
2,4,7,vit_tiny,cifar10,0.3,11,base.blocks.10,0.984444
2,4,7,vit_tiny,cifar10,0.3,12,base.blocks.11,0.984241
2,4,7,vit_tiny,cifar10,0.3,13,base.norm,0.965427
2,4,7,vit_tiny,cifar10,0.3,14,classifier,0.732213
2,4,8,vit_tiny,cifar10,0.3,0,base.patch_embed,0.985887
2,4,8,vit_tiny,cifar10,0.3,1,base.blocks.0,0.986346
2,4,8,vit_tiny,cifar10,0.3,2,base.blocks.1,0.988838
2,4,8,vit_tiny,cifar10,0.3,3,base.blocks.2,0.989008
2,4,8,vit_tiny,cifar10,0.3,4,base.blocks.3,0.988903
2,4,8,vit_tiny,cifar10,0.3,5,base.blocks.4,0.989535
2,4,8,vit_tiny,cifar10,0.3,6,base.blocks.5,0.987447
2,4,8,vit_tiny,cifar10,0.3,7,base.blocks.6,0.984858
2,4,8,vit_tiny,cifar10,0.3,8,base.blocks.7,0.980397
2,4,8,vit_tiny,cifar10,0.3,9,base.blocks.8,0.977899
2,4,8,vit_tiny,cifar10,0.3,10,base.blocks.9,0.974619
2,4,8,vit_tiny,cifar10,0.3,11,base.blocks.10,0.969200
2,4,8,vit_tiny,cifar10,0.3,12,base.blocks.11,0.963137
2,4,8,vit_tiny,cifar10,0.3,13,base.norm,0.925394
2,4,8,vit_tiny,cifar10,0.3,14,classifier,0.716223
2,4,9,vit_tiny,cifar10,0.3,0,base.patch_embed,0.982452
2,4,9,vit_tiny,cifar10,0.3,1,base.blocks.0,0.970995
2,4,9,vit_tiny,cifar10,0.3,2,base.blocks.1,0.961659
2,4,9,vit_tiny,cifar10,0.3,3,base.blocks.2,0.946714
2,4,9,vit_tiny,cifar10,0.3,4,base.blocks.3,0.929069
2,4,9,vit_tiny,cifar10,0.3,5,base.blocks.4,0.911176
2,4,9,vit_tiny,cifar10,0.3,6,base.blocks.5,0.898817
2,4,9,vit_tiny,cifar10,0.3,7,base.blocks.6,0.881984
2,4,9,vit_tiny,cifar10,0.3,8,base.blocks.7,0.855407
2,4,9,vit_tiny,cifar10,0.3,9,base.blocks.8,0.834413
2,4,9,vit_tiny,cifar10,0.3,10,base.blocks.9,0.818041
2,4,9,vit_tiny,cifar10,0.3,11,base.blocks.10,0.788189
2,4,9,vit_tiny,cifar10,0.3,12,base.blocks.11,0.764599
2,4,9,vit_tiny,cifar10,0.3,13,base.norm,0.799880
2,4,9,vit_tiny,cifar10,0.3,14,classifier,0.794504
2,5,6,vit_tiny,cifar10,0.3,0,base.patch_embed,0.991846
2,5,6,vit_tiny,cifar10,0.3,1,base.blocks.0,0.990348
2,5,6,vit_tiny,cifar10,0.3,2,base.blocks.1,0.988188
2,5,6,vit_tiny,cifar10,0.3,3,base.blocks.2,0.985928
2,5,6,vit_tiny,cifar10,0.3,4,base.blocks.3,0.983849
2,5,6,vit_tiny,cifar10,0.3,5,base.blocks.4,0.982080
2,5,6,vit_tiny,cifar10,0.3,6,base.blocks.5,0.977781
2,5,6,vit_tiny,cifar10,0.3,7,base.blocks.6,0.978256
2,5,6,vit_tiny,cifar10,0.3,8,base.blocks.7,0.978608
2,5,6,vit_tiny,cifar10,0.3,9,base.blocks.8,0.979648
2,5,6,vit_tiny,cifar10,0.3,10,base.blocks.9,0.979068
2,5,6,vit_tiny,cifar10,0.3,11,base.blocks.10,0.977925
2,5,6,vit_tiny,cifar10,0.3,12,base.blocks.11,0.977583
2,5,6,vit_tiny,cifar10,0.3,13,base.norm,0.976250
2,5,6,vit_tiny,cifar10,0.3,14,classifier,0.913591
2,5,7,vit_tiny,cifar10,0.3,0,base.patch_embed,0.979289
2,5,7,vit_tiny,cifar10,0.3,1,base.blocks.0,0.979351
2,5,7,vit_tiny,cifar10,0.3,2,base.blocks.1,0.972992
2,5,7,vit_tiny,cifar10,0.3,3,base.blocks.2,0.966704
2,5,7,vit_tiny,cifar10,0.3,4,base.blocks.3,0.959196
2,5,7,vit_tiny,cifar10,0.3,5,base.blocks.4,0.947530
2,5,7,vit_tiny,cifar10,0.3,6,base.blocks.5,0.939513
2,5,7,vit_tiny,cifar10,0.3,7,base.blocks.6,0.931101
2,5,7,vit_tiny,cifar10,0.3,8,base.blocks.7,0.920476
2,5,7,vit_tiny,cifar10,0.3,9,base.blocks.8,0.910932
2,5,7,vit_tiny,cifar10,0.3,10,base.blocks.9,0.901012
2,5,7,vit_tiny,cifar10,0.3,11,base.blocks.10,0.886452
2,5,7,vit_tiny,cifar10,0.3,12,base.blocks.11,0.879317
2,5,7,vit_tiny,cifar10,0.3,13,base.norm,0.879331
2,5,7,vit_tiny,cifar10,0.3,14,classifier,0.598587
2,5,8,vit_tiny,cifar10,0.3,0,base.patch_embed,0.995796
2,5,8,vit_tiny,cifar10,0.3,1,base.blocks.0,0.994235
2,5,8,vit_tiny,cifar10,0.3,2,base.blocks.1,0.995914
2,5,8,vit_tiny,cifar10,0.3,3,base.blocks.2,0.995142
2,5,8,vit_tiny,cifar10,0.3,4,base.blocks.3,0.990892
2,5,8,vit_tiny,cifar10,0.3,5,base.blocks.4,0.981323
2,5,8,vit_tiny,cifar10,0.3,6,base.blocks.5,0.970543
2,5,8,vit_tiny,cifar10,0.3,7,base.blocks.6,0.957722
2,5,8,vit_tiny,cifar10,0.3,8,base.blocks.7,0.939151
2,5,8,vit_tiny,cifar10,0.3,9,base.blocks.8,0.927073
2,5,8,vit_tiny,cifar10,0.3,10,base.blocks.9,0.913191
2,5,8,vit_tiny,cifar10,0.3,11,base.blocks.10,0.892528
2,5,8,vit_tiny,cifar10,0.3,12,base.blocks.11,0.876111
2,5,8,vit_tiny,cifar10,0.3,13,base.norm,0.877621
2,5,8,vit_tiny,cifar10,0.3,14,classifier,0.764991
2,5,9,vit_tiny,cifar10,0.3,0,base.patch_embed,0.987951
2,5,9,vit_tiny,cifar10,0.3,1,base.blocks.0,0.986095
2,5,9,vit_tiny,cifar10,0.3,2,base.blocks.1,0.983560
2,5,9,vit_tiny,cifar10,0.3,3,base.blocks.2,0.979838
2,5,9,vit_tiny,cifar10,0.3,4,base.blocks.3,0.974700
2,5,9,vit_tiny,cifar10,0.3,5,base.blocks.4,0.970984
2,5,9,vit_tiny,cifar10,0.3,6,base.blocks.5,0.969393
2,5,9,vit_tiny,cifar10,0.3,7,base.blocks.6,0.966172
2,5,9,vit_tiny,cifar10,0.3,8,base.blocks.7,0.959135
2,5,9,vit_tiny,cifar10,0.3,9,base.blocks.8,0.953172
2,5,9,vit_tiny,cifar10,0.3,10,base.blocks.9,0.949650
2,5,9,vit_tiny,cifar10,0.3,11,base.blocks.10,0.941836
2,5,9,vit_tiny,cifar10,0.3,12,base.blocks.11,0.933906
2,5,9,vit_tiny,cifar10,0.3,13,base.norm,0.921020
2,5,9,vit_tiny,cifar10,0.3,14,classifier,0.847678
2,6,7,vit_tiny,cifar10,0.3,0,base.patch_embed,0.975161
2,6,7,vit_tiny,cifar10,0.3,1,base.blocks.0,0.969269
2,6,7,vit_tiny,cifar10,0.3,2,base.blocks.1,0.967517
2,6,7,vit_tiny,cifar10,0.3,3,base.blocks.2,0.965927
2,6,7,vit_tiny,cifar10,0.3,4,base.blocks.3,0.961137
2,6,7,vit_tiny,cifar10,0.3,5,base.blocks.4,0.958094
2,6,7,vit_tiny,cifar10,0.3,6,base.blocks.5,0.956079
2,6,7,vit_tiny,cifar10,0.3,7,base.blocks.6,0.953736
2,6,7,vit_tiny,cifar10,0.3,8,base.blocks.7,0.952559
2,6,7,vit_tiny,cifar10,0.3,9,base.blocks.8,0.946817
2,6,7,vit_tiny,cifar10,0.3,10,base.blocks.9,0.940922
2,6,7,vit_tiny,cifar10,0.3,11,base.blocks.10,0.932344
2,6,7,vit_tiny,cifar10,0.3,12,base.blocks.11,0.926346
2,6,7,vit_tiny,cifar10,0.3,13,base.norm,0.906150
2,6,7,vit_tiny,cifar10,0.3,14,classifier,0.723600
2,6,8,vit_tiny,cifar10,0.3,0,base.patch_embed,0.980337
2,6,8,vit_tiny,cifar10,0.3,1,base.blocks.0,0.975200
2,6,8,vit_tiny,cifar10,0.3,2,base.blocks.1,0.979658
2,6,8,vit_tiny,cifar10,0.3,3,base.blocks.2,0.982468
2,6,8,vit_tiny,cifar10,0.3,4,base.blocks.3,0.983948
2,6,8,vit_tiny,cifar10,0.3,5,base.blocks.4,0.984802
2,6,8,vit_tiny,cifar10,0.3,6,base.blocks.5,0.982278
2,6,8,vit_tiny,cifar10,0.3,7,base.blocks.6,0.979641
2,6,8,vit_tiny,cifar10,0.3,8,base.blocks.7,0.972818
2,6,8,vit_tiny,cifar10,0.3,9,base.blocks.8,0.964986
2,6,8,vit_tiny,cifar10,0.3,10,base.blocks.9,0.956220
2,6,8,vit_tiny,cifar10,0.3,11,base.blocks.10,0.943115
2,6,8,vit_tiny,cifar10,0.3,12,base.blocks.11,0.930759
2,6,8,vit_tiny,cifar10,0.3,13,base.norm,0.910269
2,6,8,vit_tiny,cifar10,0.3,14,classifier,0.771081
2,6,9,vit_tiny,cifar10,0.3,0,base.patch_embed,0.997649
2,6,9,vit_tiny,cifar10,0.3,1,base.blocks.0,0.993048
2,6,9,vit_tiny,cifar10,0.3,2,base.blocks.1,0.986450
2,6,9,vit_tiny,cifar10,0.3,3,base.blocks.2,0.977697
2,6,9,vit_tiny,cifar10,0.3,4,base.blocks.3,0.967756
2,6,9,vit_tiny,cifar10,0.3,5,base.blocks.4,0.957707
2,6,9,vit_tiny,cifar10,0.3,6,base.blocks.5,0.949658
2,6,9,vit_tiny,cifar10,0.3,7,base.blocks.6,0.940783
2,6,9,vit_tiny,cifar10,0.3,8,base.blocks.7,0.926504
2,6,9,vit_tiny,cifar10,0.3,9,base.blocks.8,0.917056
2,6,9,vit_tiny,cifar10,0.3,10,base.blocks.9,0.910166
2,6,9,vit_tiny,cifar10,0.3,11,base.blocks.10,0.897135
2,6,9,vit_tiny,cifar10,0.3,12,base.blocks.11,0.885312
2,6,9,vit_tiny,cifar10,0.3,13,base.norm,0.873364
2,6,9,vit_tiny,cifar10,0.3,14,classifier,0.762781
2,7,8,vit_tiny,cifar10,0.3,0,base.patch_embed,0.971818
2,7,8,vit_tiny,cifar10,0.3,1,base.blocks.0,0.969417
2,7,8,vit_tiny,cifar10,0.3,2,base.blocks.1,0.971409
2,7,8,vit_tiny,cifar10,0.3,3,base.blocks.2,0.973348
2,7,8,vit_tiny,cifar10,0.3,4,base.blocks.3,0.974752
2,7,8,vit_tiny,cifar10,0.3,5,base.blocks.4,0.977015
2,7,8,vit_tiny,cifar10,0.3,6,base.blocks.5,0.978241
2,7,8,vit_tiny,cifar10,0.3,7,base.blocks.6,0.977297
2,7,8,vit_tiny,cifar10,0.3,8,base.blocks.7,0.976970
2,7,8,vit_tiny,cifar10,0.3,9,base.blocks.8,0.976699
2,7,8,vit_tiny,cifar10,0.3,10,base.blocks.9,0.975654
2,7,8,vit_tiny,cifar10,0.3,11,base.blocks.10,0.973362
2,7,8,vit_tiny,cifar10,0.3,12,base.blocks.11,0.970169
2,7,8,vit_tiny,cifar10,0.3,13,base.norm,0.943908
2,7,8,vit_tiny,cifar10,0.3,14,classifier,0.681433
2,7,9,vit_tiny,cifar10,0.3,0,base.patch_embed,0.964357
2,7,9,vit_tiny,cifar10,0.3,1,base.blocks.0,0.948624
2,7,9,vit_tiny,cifar10,0.3,2,base.blocks.1,0.934763
2,7,9,vit_tiny,cifar10,0.3,3,base.blocks.2,0.916816
2,7,9,vit_tiny,cifar10,0.3,4,base.blocks.3,0.894332
2,7,9,vit_tiny,cifar10,0.3,5,base.blocks.4,0.872633
2,7,9,vit_tiny,cifar10,0.3,6,base.blocks.5,0.859692
2,7,9,vit_tiny,cifar10,0.3,7,base.blocks.6,0.840173
2,7,9,vit_tiny,cifar10,0.3,8,base.blocks.7,0.812793
2,7,9,vit_tiny,cifar10,0.3,9,base.blocks.8,0.787698
2,7,9,vit_tiny,cifar10,0.3,10,base.blocks.9,0.770361
2,7,9,vit_tiny,cifar10,0.3,11,base.blocks.10,0.737909
2,7,9,vit_tiny,cifar10,0.3,12,base.blocks.11,0.712815
2,7,9,vit_tiny,cifar10,0.3,13,base.norm,0.715573
2,7,9,vit_tiny,cifar10,0.3,14,classifier,0.377260
2,8,9,vit_tiny,cifar10,0.3,0,base.patch_embed,0.975753
2,8,9,vit_tiny,cifar10,0.3,1,base.blocks.0,0.972773
2,8,9,vit_tiny,cifar10,0.3,2,base.blocks.1,0.972990
2,8,9,vit_tiny,cifar10,0.3,3,base.blocks.2,0.967579
2,8,9,vit_tiny,cifar10,0.3,4,base.blocks.3,0.954506
2,8,9,vit_tiny,cifar10,0.3,5,base.blocks.4,0.934534
2,8,9,vit_tiny,cifar10,0.3,6,base.blocks.5,0.918235
2,8,9,vit_tiny,cifar10,0.3,7,base.blocks.6,0.895487
2,8,9,vit_tiny,cifar10,0.3,8,base.blocks.7,0.858577
2,8,9,vit_tiny,cifar10,0.3,9,base.blocks.8,0.829630
2,8,9,vit_tiny,cifar10,0.3,10,base.blocks.9,0.805849
2,8,9,vit_tiny,cifar10,0.3,11,base.blocks.10,0.765783
2,8,9,vit_tiny,cifar10,0.3,12,base.blocks.11,0.730530
2,8,9,vit_tiny,cifar10,0.3,13,base.norm,0.733009
2,8,9,vit_tiny,cifar10,0.3,14,classifier,0.504305
5,0,1,vit_tiny,cifar10,0.3,0,base.patch_embed,0.963875
5,0,1,vit_tiny,cifar10,0.3,1,base.blocks.0,0.956181
5,0,1,vit_tiny,cifar10,0.3,2,base.blocks.1,0.960570
5,0,1,vit_tiny,cifar10,0.3,3,base.blocks.2,0.967702
5,0,1,vit_tiny,cifar10,0.3,4,base.blocks.3,0.966789
5,0,1,vit_tiny,cifar10,0.3,5,base.blocks.4,0.963838
5,0,1,vit_tiny,cifar10,0.3,6,base.blocks.5,0.959026
5,0,1,vit_tiny,cifar10,0.3,7,base.blocks.6,0.950433
5,0,1,vit_tiny,cifar10,0.3,8,base.blocks.7,0.938533
5,0,1,vit_tiny,cifar10,0.3,9,base.blocks.8,0.926290
5,0,1,vit_tiny,cifar10,0.3,10,base.blocks.9,0.916547
5,0,1,vit_tiny,cifar10,0.3,11,base.blocks.10,0.897623
5,0,1,vit_tiny,cifar10,0.3,12,base.blocks.11,0.878940
5,0,1,vit_tiny,cifar10,0.3,13,base.norm,0.891931
5,0,1,vit_tiny,cifar10,0.3,14,classifier,0.446044
5,0,2,vit_tiny,cifar10,0.3,0,base.patch_embed,0.895094
5,0,2,vit_tiny,cifar10,0.3,1,base.blocks.0,0.911638
5,0,2,vit_tiny,cifar10,0.3,2,base.blocks.1,0.925397
5,0,2,vit_tiny,cifar10,0.3,3,base.blocks.2,0.937430
5,0,2,vit_tiny,cifar10,0.3,4,base.blocks.3,0.938280
5,0,2,vit_tiny,cifar10,0.3,5,base.blocks.4,0.937273
5,0,2,vit_tiny,cifar10,0.3,6,base.blocks.5,0.931864
5,0,2,vit_tiny,cifar10,0.3,7,base.blocks.6,0.923058
5,0,2,vit_tiny,cifar10,0.3,8,base.blocks.7,0.912708
5,0,2,vit_tiny,cifar10,0.3,9,base.blocks.8,0.903174
5,0,2,vit_tiny,cifar10,0.3,10,base.blocks.9,0.894631
5,0,2,vit_tiny,cifar10,0.3,11,base.blocks.10,0.878542
5,0,2,vit_tiny,cifar10,0.3,12,base.blocks.11,0.864789
5,0,2,vit_tiny,cifar10,0.3,13,base.norm,0.908977
5,0,2,vit_tiny,cifar10,0.3,14,classifier,0.701933
5,0,3,vit_tiny,cifar10,0.3,0,base.patch_embed,0.972081
5,0,3,vit_tiny,cifar10,0.3,1,base.blocks.0,0.977618
5,0,3,vit_tiny,cifar10,0.3,2,base.blocks.1,0.975775
5,0,3,vit_tiny,cifar10,0.3,3,base.blocks.2,0.974924
5,0,3,vit_tiny,cifar10,0.3,4,base.blocks.3,0.968165
5,0,3,vit_tiny,cifar10,0.3,5,base.blocks.4,0.959162
5,0,3,vit_tiny,cifar10,0.3,6,base.blocks.5,0.948385
5,0,3,vit_tiny,cifar10,0.3,7,base.blocks.6,0.935234
5,0,3,vit_tiny,cifar10,0.3,8,base.blocks.7,0.915656
5,0,3,vit_tiny,cifar10,0.3,9,base.blocks.8,0.902105
5,0,3,vit_tiny,cifar10,0.3,10,base.blocks.9,0.889747
5,0,3,vit_tiny,cifar10,0.3,11,base.blocks.10,0.868490
5,0,3,vit_tiny,cifar10,0.3,12,base.blocks.11,0.844968
5,0,3,vit_tiny,cifar10,0.3,13,base.norm,0.854734
5,0,3,vit_tiny,cifar10,0.3,14,classifier,0.341402
5,0,4,vit_tiny,cifar10,0.3,0,base.patch_embed,0.982727
5,0,4,vit_tiny,cifar10,0.3,1,base.blocks.0,0.985037
5,0,4,vit_tiny,cifar10,0.3,2,base.blocks.1,0.988384
5,0,4,vit_tiny,cifar10,0.3,3,base.blocks.2,0.987754
5,0,4,vit_tiny,cifar10,0.3,4,base.blocks.3,0.980467
5,0,4,vit_tiny,cifar10,0.3,5,base.blocks.4,0.970397
5,0,4,vit_tiny,cifar10,0.3,6,base.blocks.5,0.953015
5,0,4,vit_tiny,cifar10,0.3,7,base.blocks.6,0.935157
5,0,4,vit_tiny,cifar10,0.3,8,base.blocks.7,0.910330
5,0,4,vit_tiny,cifar10,0.3,9,base.blocks.8,0.888259
5,0,4,vit_tiny,cifar10,0.3,10,base.blocks.9,0.865538
5,0,4,vit_tiny,cifar10,0.3,11,base.blocks.10,0.837676
5,0,4,vit_tiny,cifar10,0.3,12,base.blocks.11,0.808207
5,0,4,vit_tiny,cifar10,0.3,13,base.norm,0.844237
5,0,4,vit_tiny,cifar10,0.3,14,classifier,0.438306
5,0,5,vit_tiny,cifar10,0.3,0,base.patch_embed,0.976700
5,0,5,vit_tiny,cifar10,0.3,1,base.blocks.0,0.987731
5,0,5,vit_tiny,cifar10,0.3,2,base.blocks.1,0.993776
5,0,5,vit_tiny,cifar10,0.3,3,base.blocks.2,0.992230
5,0,5,vit_tiny,cifar10,0.3,4,base.blocks.3,0.983911
5,0,5,vit_tiny,cifar10,0.3,5,base.blocks.4,0.970314
5,0,5,vit_tiny,cifar10,0.3,6,base.blocks.5,0.951839
5,0,5,vit_tiny,cifar10,0.3,7,base.blocks.6,0.933674
5,0,5,vit_tiny,cifar10,0.3,8,base.blocks.7,0.907773
5,0,5,vit_tiny,cifar10,0.3,9,base.blocks.8,0.887957
5,0,5,vit_tiny,cifar10,0.3,10,base.blocks.9,0.868762
5,0,5,vit_tiny,cifar10,0.3,11,base.blocks.10,0.841192
5,0,5,vit_tiny,cifar10,0.3,12,base.blocks.11,0.811685
5,0,5,vit_tiny,cifar10,0.3,13,base.norm,0.843234
5,0,5,vit_tiny,cifar10,0.3,14,classifier,0.394236
5,0,6,vit_tiny,cifar10,0.3,0,base.patch_embed,0.995623
5,0,6,vit_tiny,cifar10,0.3,1,base.blocks.0,0.988901
5,0,6,vit_tiny,cifar10,0.3,2,base.blocks.1,0.978836
5,0,6,vit_tiny,cifar10,0.3,3,base.blocks.2,0.965207
5,0,6,vit_tiny,cifar10,0.3,4,base.blocks.3,0.951883
5,0,6,vit_tiny,cifar10,0.3,5,base.blocks.4,0.933918
5,0,6,vit_tiny,cifar10,0.3,6,base.blocks.5,0.919402
5,0,6,vit_tiny,cifar10,0.3,7,base.blocks.6,0.900243
5,0,6,vit_tiny,cifar10,0.3,8,base.blocks.7,0.877675
5,0,6,vit_tiny,cifar10,0.3,9,base.blocks.8,0.857255
5,0,6,vit_tiny,cifar10,0.3,10,base.blocks.9,0.836600
5,0,6,vit_tiny,cifar10,0.3,11,base.blocks.10,0.814331
5,0,6,vit_tiny,cifar10,0.3,12,base.blocks.11,0.787463
5,0,6,vit_tiny,cifar10,0.3,13,base.norm,0.819100
5,0,6,vit_tiny,cifar10,0.3,14,classifier,0.585725
5,0,7,vit_tiny,cifar10,0.3,0,base.patch_embed,0.975826
5,0,7,vit_tiny,cifar10,0.3,1,base.blocks.0,0.982079
5,0,7,vit_tiny,cifar10,0.3,2,base.blocks.1,0.982492
5,0,7,vit_tiny,cifar10,0.3,3,base.blocks.2,0.981651
5,0,7,vit_tiny,cifar10,0.3,4,base.blocks.3,0.973498
5,0,7,vit_tiny,cifar10,0.3,5,base.blocks.4,0.966327
5,0,7,vit_tiny,cifar10,0.3,6,base.blocks.5,0.954927
5,0,7,vit_tiny,cifar10,0.3,7,base.blocks.6,0.946468
5,0,7,vit_tiny,cifar10,0.3,8,base.blocks.7,0.938121
5,0,7,vit_tiny,cifar10,0.3,9,base.blocks.8,0.929604
5,0,7,vit_tiny,cifar10,0.3,10,base.blocks.9,0.920812
5,0,7,vit_tiny,cifar10,0.3,11,base.blocks.10,0.907902
5,0,7,vit_tiny,cifar10,0.3,12,base.blocks.11,0.894386
5,0,7,vit_tiny,cifar10,0.3,13,base.norm,0.912949
5,0,7,vit_tiny,cifar10,0.3,14,classifier,0.381147
5,0,8,vit_tiny,cifar10,0.3,0,base.patch_embed,0.920834
5,0,8,vit_tiny,cifar10,0.3,1,base.blocks.0,0.935967
5,0,8,vit_tiny,cifar10,0.3,2,base.blocks.1,0.944832
5,0,8,vit_tiny,cifar10,0.3,3,base.blocks.2,0.954641
5,0,8,vit_tiny,cifar10,0.3,4,base.blocks.3,0.955782
5,0,8,vit_tiny,cifar10,0.3,5,base.blocks.4,0.955127
5,0,8,vit_tiny,cifar10,0.3,6,base.blocks.5,0.951826
5,0,8,vit_tiny,cifar10,0.3,7,base.blocks.6,0.944157
5,0,8,vit_tiny,cifar10,0.3,8,base.blocks.7,0.933778
5,0,8,vit_tiny,cifar10,0.3,9,base.blocks.8,0.923103
5,0,8,vit_tiny,cifar10,0.3,10,base.blocks.9,0.915938
5,0,8,vit_tiny,cifar10,0.3,11,base.blocks.10,0.897155
5,0,8,vit_tiny,cifar10,0.3,12,base.blocks.11,0.881056
5,0,8,vit_tiny,cifar10,0.3,13,base.norm,0.908159
5,0,8,vit_tiny,cifar10,0.3,14,classifier,0.474830
5,0,9,vit_tiny,cifar10,0.3,0,base.patch_embed,0.886790
5,0,9,vit_tiny,cifar10,0.3,1,base.blocks.0,0.907757
5,0,9,vit_tiny,cifar10,0.3,2,base.blocks.1,0.930289
5,0,9,vit_tiny,cifar10,0.3,3,base.blocks.2,0.949047
5,0,9,vit_tiny,cifar10,0.3,4,base.blocks.3,0.956527
5,0,9,vit_tiny,cifar10,0.3,5,base.blocks.4,0.962251
5,0,9,vit_tiny,cifar10,0.3,6,base.blocks.5,0.961856
5,0,9,vit_tiny,cifar10,0.3,7,base.blocks.6,0.956693
5,0,9,vit_tiny,cifar10,0.3,8,base.blocks.7,0.948476
5,0,9,vit_tiny,cifar10,0.3,9,base.blocks.8,0.939303
5,0,9,vit_tiny,cifar10,0.3,10,base.blocks.9,0.930757
5,0,9,vit_tiny,cifar10,0.3,11,base.blocks.10,0.913575
5,0,9,vit_tiny,cifar10,0.3,12,base.blocks.11,0.896434
5,0,9,vit_tiny,cifar10,0.3,13,base.norm,0.910424
5,0,9,vit_tiny,cifar10,0.3,14,classifier,0.580614
5,1,2,vit_tiny,cifar10,0.3,0,base.patch_embed,0.954502
5,1,2,vit_tiny,cifar10,0.3,1,base.blocks.0,0.970516
5,1,2,vit_tiny,cifar10,0.3,2,base.blocks.1,0.967374
5,1,2,vit_tiny,cifar10,0.3,3,base.blocks.2,0.964278
5,1,2,vit_tiny,cifar10,0.3,4,base.blocks.3,0.958721
5,1,2,vit_tiny,cifar10,0.3,5,base.blocks.4,0.950980
5,1,2,vit_tiny,cifar10,0.3,6,base.blocks.5,0.944565
5,1,2,vit_tiny,cifar10,0.3,7,base.blocks.6,0.936872
5,1,2,vit_tiny,cifar10,0.3,8,base.blocks.7,0.930072
5,1,2,vit_tiny,cifar10,0.3,9,base.blocks.8,0.923531
5,1,2,vit_tiny,cifar10,0.3,10,base.blocks.9,0.918831
5,1,2,vit_tiny,cifar10,0.3,11,base.blocks.10,0.911097
5,1,2,vit_tiny,cifar10,0.3,12,base.blocks.11,0.904798
5,1,2,vit_tiny,cifar10,0.3,13,base.norm,0.909319
5,1,2,vit_tiny,cifar10,0.3,14,classifier,0.771078
5,1,3,vit_tiny,cifar10,0.3,0,base.patch_embed,0.982785
5,1,3,vit_tiny,cifar10,0.3,1,base.blocks.0,0.971216
5,1,3,vit_tiny,cifar10,0.3,2,base.blocks.1,0.971104
5,1,3,vit_tiny,cifar10,0.3,3,base.blocks.2,0.972940
5,1,3,vit_tiny,cifar10,0.3,4,base.blocks.3,0.974530
5,1,3,vit_tiny,cifar10,0.3,5,base.blocks.4,0.976878
5,1,3,vit_tiny,cifar10,0.3,6,base.blocks.5,0.977329
5,1,3,vit_tiny,cifar10,0.3,7,base.blocks.6,0.976586
5,1,3,vit_tiny,cifar10,0.3,8,base.blocks.7,0.972214
5,1,3,vit_tiny,cifar10,0.3,9,base.blocks.8,0.970923
5,1,3,vit_tiny,cifar10,0.3,10,base.blocks.9,0.968911
5,1,3,vit_tiny,cifar10,0.3,11,base.blocks.10,0.965473
5,1,3,vit_tiny,cifar10,0.3,12,base.blocks.11,0.961354
5,1,3,vit_tiny,cifar10,0.3,13,base.norm,0.944259
5,1,3,vit_tiny,cifar10,0.3,14,classifier,0.863814
5,1,4,vit_tiny,cifar10,0.3,0,base.patch_embed,0.984487
5,1,4,vit_tiny,cifar10,0.3,1,base.blocks.0,0.977169
5,1,4,vit_tiny,cifar10,0.3,2,base.blocks.1,0.966431
5,1,4,vit_tiny,cifar10,0.3,3,base.blocks.2,0.962269
5,1,4,vit_tiny,cifar10,0.3,4,base.blocks.3,0.952865
5,1,4,vit_tiny,cifar10,0.3,5,base.blocks.4,0.942375
5,1,4,vit_tiny,cifar10,0.3,6,base.blocks.5,0.930639
5,1,4,vit_tiny,cifar10,0.3,7,base.blocks.6,0.922543
5,1,4,vit_tiny,cifar10,0.3,8,base.blocks.7,0.909415
5,1,4,vit_tiny,cifar10,0.3,9,base.blocks.8,0.894650
5,1,4,vit_tiny,cifar10,0.3,10,base.blocks.9,0.882474
5,1,4,vit_tiny,cifar10,0.3,11,base.blocks.10,0.866919
5,1,4,vit_tiny,cifar10,0.3,12,base.blocks.11,0.855130
5,1,4,vit_tiny,cifar10,0.3,13,base.norm,0.876706
5,1,4,vit_tiny,cifar10,0.3,14,classifier,0.746045
5,1,5,vit_tiny,cifar10,0.3,0,base.patch_embed,0.991465
5,1,5,vit_tiny,cifar10,0.3,1,base.blocks.0,0.984034
5,1,5,vit_tiny,cifar10,0.3,2,base.blocks.1,0.975840
5,1,5,vit_tiny,cifar10,0.3,3,base.blocks.2,0.968314
5,1,5,vit_tiny,cifar10,0.3,4,base.blocks.3,0.963810
5,1,5,vit_tiny,cifar10,0.3,5,base.blocks.4,0.959798
5,1,5,vit_tiny,cifar10,0.3,6,base.blocks.5,0.954787
5,1,5,vit_tiny,cifar10,0.3,7,base.blocks.6,0.953035
5,1,5,vit_tiny,cifar10,0.3,8,base.blocks.7,0.952743
5,1,5,vit_tiny,cifar10,0.3,9,base.blocks.8,0.953177
5,1,5,vit_tiny,cifar10,0.3,10,base.blocks.9,0.953454
5,1,5,vit_tiny,cifar10,0.3,11,base.blocks.10,0.951922
5,1,5,vit_tiny,cifar10,0.3,12,base.blocks.11,0.950313
5,1,5,vit_tiny,cifar10,0.3,13,base.norm,0.949828
5,1,5,vit_tiny,cifar10,0.3,14,classifier,0.884614
5,1,6,vit_tiny,cifar10,0.3,0,base.patch_embed,0.975836
5,1,6,vit_tiny,cifar10,0.3,1,base.blocks.0,0.937554
5,1,6,vit_tiny,cifar10,0.3,2,base.blocks.1,0.919906
5,1,6,vit_tiny,cifar10,0.3,3,base.blocks.2,0.909348
5,1,6,vit_tiny,cifar10,0.3,4,base.blocks.3,0.899176
5,1,6,vit_tiny,cifar10,0.3,5,base.blocks.4,0.886737
5,1,6,vit_tiny,cifar10,0.3,6,base.blocks.5,0.884432
5,1,6,vit_tiny,cifar10,0.3,7,base.blocks.6,0.878252
5,1,6,vit_tiny,cifar10,0.3,8,base.blocks.7,0.875582
5,1,6,vit_tiny,cifar10,0.3,9,base.blocks.8,0.871492
5,1,6,vit_tiny,cifar10,0.3,10,base.blocks.9,0.868541
5,1,6,vit_tiny,cifar10,0.3,11,base.blocks.10,0.865150
5,1,6,vit_tiny,cifar10,0.3,12,base.blocks.11,0.861143
5,1,6,vit_tiny,cifar10,0.3,13,base.norm,0.895298
5,1,6,vit_tiny,cifar10,0.3,14,classifier,0.916225
5,1,7,vit_tiny,cifar10,0.3,0,base.patch_embed,0.993968
5,1,7,vit_tiny,cifar10,0.3,1,base.blocks.0,0.977823
5,1,7,vit_tiny,cifar10,0.3,2,base.blocks.1,0.968877
5,1,7,vit_tiny,cifar10,0.3,3,base.blocks.2,0.965498
5,1,7,vit_tiny,cifar10,0.3,4,base.blocks.3,0.953729
5,1,7,vit_tiny,cifar10,0.3,5,base.blocks.4,0.947594
5,1,7,vit_tiny,cifar10,0.3,6,base.blocks.5,0.938333
5,1,7,vit_tiny,cifar10,0.3,7,base.blocks.6,0.937120
5,1,7,vit_tiny,cifar10,0.3,8,base.blocks.7,0.935378
5,1,7,vit_tiny,cifar10,0.3,9,base.blocks.8,0.930752
5,1,7,vit_tiny,cifar10,0.3,10,base.blocks.9,0.923084
5,1,7,vit_tiny,cifar10,0.3,11,base.blocks.10,0.916801
5,1,7,vit_tiny,cifar10,0.3,12,base.blocks.11,0.914741
5,1,7,vit_tiny,cifar10,0.3,13,base.norm,0.923460
5,1,7,vit_tiny,cifar10,0.3,14,classifier,0.835562
5,1,8,vit_tiny,cifar10,0.3,0,base.patch_embed,0.986485
5,1,8,vit_tiny,cifar10,0.3,1,base.blocks.0,0.989198
5,1,8,vit_tiny,cifar10,0.3,2,base.blocks.1,0.985018
5,1,8,vit_tiny,cifar10,0.3,3,base.blocks.2,0.981871
5,1,8,vit_tiny,cifar10,0.3,4,base.blocks.3,0.977616
5,1,8,vit_tiny,cifar10,0.3,5,base.blocks.4,0.974167
5,1,8,vit_tiny,cifar10,0.3,6,base.blocks.5,0.971434
5,1,8,vit_tiny,cifar10,0.3,7,base.blocks.6,0.968243
5,1,8,vit_tiny,cifar10,0.3,8,base.blocks.7,0.963110
5,1,8,vit_tiny,cifar10,0.3,9,base.blocks.8,0.959854
5,1,8,vit_tiny,cifar10,0.3,10,base.blocks.9,0.956249
5,1,8,vit_tiny,cifar10,0.3,11,base.blocks.10,0.950934
5,1,8,vit_tiny,cifar10,0.3,12,base.blocks.11,0.946647
5,1,8,vit_tiny,cifar10,0.3,13,base.norm,0.942950
5,1,8,vit_tiny,cifar10,0.3,14,classifier,0.890851
5,1,9,vit_tiny,cifar10,0.3,0,base.patch_embed,0.926106
5,1,9,vit_tiny,cifar10,0.3,1,base.blocks.0,0.961345
5,1,9,vit_tiny,cifar10,0.3,2,base.blocks.1,0.966354
5,1,9,vit_tiny,cifar10,0.3,3,base.blocks.2,0.969275
5,1,9,vit_tiny,cifar10,0.3,4,base.blocks.3,0.970049
5,1,9,vit_tiny,cifar10,0.3,5,base.blocks.4,0.968625
5,1,9,vit_tiny,cifar10,0.3,6,base.blocks.5,0.969377
5,1,9,vit_tiny,cifar10,0.3,7,base.blocks.6,0.967474
5,1,9,vit_tiny,cifar10,0.3,8,base.blocks.7,0.967249
5,1,9,vit_tiny,cifar10,0.3,9,base.blocks.8,0.966684
5,1,9,vit_tiny,cifar10,0.3,10,base.blocks.9,0.966546
5,1,9,vit_tiny,cifar10,0.3,11,base.blocks.10,0.965502
5,1,9,vit_tiny,cifar10,0.3,12,base.blocks.11,0.964351
5,1,9,vit_tiny,cifar10,0.3,13,base.norm,0.956955
5,1,9,vit_tiny,cifar10,0.3,14,classifier,0.889025
5,2,3,vit_tiny,cifar10,0.3,0,base.patch_embed,0.895773
5,2,3,vit_tiny,cifar10,0.3,1,base.blocks.0,0.908029
5,2,3,vit_tiny,cifar10,0.3,2,base.blocks.1,0.906002
5,2,3,vit_tiny,cifar10,0.3,3,base.blocks.2,0.907915
5,2,3,vit_tiny,cifar10,0.3,4,base.blocks.3,0.907332
5,2,3,vit_tiny,cifar10,0.3,5,base.blocks.4,0.905270
5,2,3,vit_tiny,cifar10,0.3,6,base.blocks.5,0.905640
5,2,3,vit_tiny,cifar10,0.3,7,base.blocks.6,0.902658
5,2,3,vit_tiny,cifar10,0.3,8,base.blocks.7,0.895321
5,2,3,vit_tiny,cifar10,0.3,9,base.blocks.8,0.895441
5,2,3,vit_tiny,cifar10,0.3,10,base.blocks.9,0.895693
5,2,3,vit_tiny,cifar10,0.3,11,base.blocks.10,0.891600
5,2,3,vit_tiny,cifar10,0.3,12,base.blocks.11,0.888053
5,2,3,vit_tiny,cifar10,0.3,13,base.norm,0.892934
5,2,3,vit_tiny,cifar10,0.3,14,classifier,0.717192
5,2,4,vit_tiny,cifar10,0.3,0,base.patch_embed,0.950263
5,2,4,vit_tiny,cifar10,0.3,1,base.blocks.0,0.949248
5,2,4,vit_tiny,cifar10,0.3,2,base.blocks.1,0.941176
5,2,4,vit_tiny,cifar10,0.3,3,base.blocks.2,0.937662
5,2,4,vit_tiny,cifar10,0.3,4,base.blocks.3,0.929324
5,2,4,vit_tiny,cifar10,0.3,5,base.blocks.4,0.919171
5,2,4,vit_tiny,cifar10,0.3,6,base.blocks.5,0.908122
5,2,4,vit_tiny,cifar10,0.3,7,base.blocks.6,0.904628
5,2,4,vit_tiny,cifar10,0.3,8,base.blocks.7,0.894040
5,2,4,vit_tiny,cifar10,0.3,9,base.blocks.8,0.885420
5,2,4,vit_tiny,cifar10,0.3,10,base.blocks.9,0.876731
5,2,4,vit_tiny,cifar10,0.3,11,base.blocks.10,0.866213
5,2,4,vit_tiny,cifar10,0.3,12,base.blocks.11,0.857760
5,2,4,vit_tiny,cifar10,0.3,13,base.norm,0.898842
5,2,4,vit_tiny,cifar10,0.3,14,classifier,0.792419
5,2,5,vit_tiny,cifar10,0.3,0,base.patch_embed,0.964754
5,2,5,vit_tiny,cifar10,0.3,1,base.blocks.0,0.956727
5,2,5,vit_tiny,cifar10,0.3,2,base.blocks.1,0.944109
5,2,5,vit_tiny,cifar10,0.3,3,base.blocks.2,0.928583
5,2,5,vit_tiny,cifar10,0.3,4,base.blocks.3,0.915889
5,2,5,vit_tiny,cifar10,0.3,5,base.blocks.4,0.900242
5,2,5,vit_tiny,cifar10,0.3,6,base.blocks.5,0.884622
5,2,5,vit_tiny,cifar10,0.3,7,base.blocks.6,0.874445
5,2,5,vit_tiny,cifar10,0.3,8,base.blocks.7,0.862347
5,2,5,vit_tiny,cifar10,0.3,9,base.blocks.8,0.853462
5,2,5,vit_tiny,cifar10,0.3,10,base.blocks.9,0.846975
5,2,5,vit_tiny,cifar10,0.3,11,base.blocks.10,0.831902
5,2,5,vit_tiny,cifar10,0.3,12,base.blocks.11,0.818905
5,2,5,vit_tiny,cifar10,0.3,13,base.norm,0.852466
5,2,5,vit_tiny,cifar10,0.3,14,classifier,0.755797
5,2,6,vit_tiny,cifar10,0.3,0,base.patch_embed,0.904912
5,2,6,vit_tiny,cifar10,0.3,1,base.blocks.0,0.875658
5,2,6,vit_tiny,cifar10,0.3,2,base.blocks.1,0.857780
5,2,6,vit_tiny,cifar10,0.3,3,base.blocks.2,0.843831
5,2,6,vit_tiny,cifar10,0.3,4,base.blocks.3,0.828482
5,2,6,vit_tiny,cifar10,0.3,5,base.blocks.4,0.808208
5,2,6,vit_tiny,cifar10,0.3,6,base.blocks.5,0.796850
5,2,6,vit_tiny,cifar10,0.3,7,base.blocks.6,0.781589
5,2,6,vit_tiny,cifar10,0.3,8,base.blocks.7,0.767670
5,2,6,vit_tiny,cifar10,0.3,9,base.blocks.8,0.755439
5,2,6,vit_tiny,cifar10,0.3,10,base.blocks.9,0.744141
5,2,6,vit_tiny,cifar10,0.3,11,base.blocks.10,0.732468
5,2,6,vit_tiny,cifar10,0.3,12,base.blocks.11,0.719371
5,2,6,vit_tiny,cifar10,0.3,13,base.norm,0.798528
5,2,6,vit_tiny,cifar10,0.3,14,classifier,0.863614
5,2,7,vit_tiny,cifar10,0.3,0,base.patch_embed,0.944207
5,2,7,vit_tiny,cifar10,0.3,1,base.blocks.0,0.928790
5,2,7,vit_tiny,cifar10,0.3,2,base.blocks.1,0.918632
5,2,7,vit_tiny,cifar10,0.3,3,base.blocks.2,0.913245
5,2,7,vit_tiny,cifar10,0.3,4,base.blocks.3,0.892579
5,2,7,vit_tiny,cifar10,0.3,5,base.blocks.4,0.878999
5,2,7,vit_tiny,cifar10,0.3,6,base.blocks.5,0.858820
5,2,7,vit_tiny,cifar10,0.3,7,base.blocks.6,0.851806
5,2,7,vit_tiny,cifar10,0.3,8,base.blocks.7,0.847461
5,2,7,vit_tiny,cifar10,0.3,9,base.blocks.8,0.841151
5,2,7,vit_tiny,cifar10,0.3,10,base.blocks.9,0.830161
5,2,7,vit_tiny,cifar10,0.3,11,base.blocks.10,0.820145
5,2,7,vit_tiny,cifar10,0.3,12,base.blocks.11,0.815405
5,2,7,vit_tiny,cifar10,0.3,13,base.norm,0.863464
5,2,7,vit_tiny,cifar10,0.3,14,classifier,0.669432
5,2,8,vit_tiny,cifar10,0.3,0,base.patch_embed,0.970532
5,2,8,vit_tiny,cifar10,0.3,1,base.blocks.0,0.964510
5,2,8,vit_tiny,cifar10,0.3,2,base.blocks.1,0.958876
5,2,8,vit_tiny,cifar10,0.3,3,base.blocks.2,0.957554
5,2,8,vit_tiny,cifar10,0.3,4,base.blocks.3,0.951173
5,2,8,vit_tiny,cifar10,0.3,5,base.blocks.4,0.947065
5,2,8,vit_tiny,cifar10,0.3,6,base.blocks.5,0.941634
5,2,8,vit_tiny,cifar10,0.3,7,base.blocks.6,0.936560
5,2,8,vit_tiny,cifar10,0.3,8,base.blocks.7,0.929767
5,2,8,vit_tiny,cifar10,0.3,9,base.blocks.8,0.925200
5,2,8,vit_tiny,cifar10,0.3,10,base.blocks.9,0.921804
5,2,8,vit_tiny,cifar10,0.3,11,base.blocks.10,0.913987
5,2,8,vit_tiny,cifar10,0.3,12,base.blocks.11,0.908873
5,2,8,vit_tiny,cifar10,0.3,13,base.norm,0.915068
5,2,8,vit_tiny,cifar10,0.3,14,classifier,0.730034
5,2,9,vit_tiny,cifar10,0.3,0,base.patch_embed,0.978181
5,2,9,vit_tiny,cifar10,0.3,1,base.blocks.0,0.982481
5,2,9,vit_tiny,cifar10,0.3,2,base.blocks.1,0.984819
5,2,9,vit_tiny,cifar10,0.3,3,base.blocks.2,0.984742
5,2,9,vit_tiny,cifar10,0.3,4,base.blocks.3,0.983615
5,2,9,vit_tiny,cifar10,0.3,5,base.blocks.4,0.981380
5,2,9,vit_tiny,cifar10,0.3,6,base.blocks.5,0.977967
5,2,9,vit_tiny,cifar10,0.3,7,base.blocks.6,0.975106
5,2,9,vit_tiny,cifar10,0.3,8,base.blocks.7,0.971582
5,2,9,vit_tiny,cifar10,0.3,9,base.blocks.8,0.967033
5,2,9,vit_tiny,cifar10,0.3,10,base.blocks.9,0.962783
5,2,9,vit_tiny,cifar10,0.3,11,base.blocks.10,0.957036
5,2,9,vit_tiny,cifar10,0.3,12,base.blocks.11,0.950719
5,2,9,vit_tiny,cifar10,0.3,13,base.norm,0.948849
5,2,9,vit_tiny,cifar10,0.3,14,classifier,0.864185
5,3,4,vit_tiny,cifar10,0.3,0,base.patch_embed,0.968910
5,3,4,vit_tiny,cifar10,0.3,1,base.blocks.0,0.972624
5,3,4,vit_tiny,cifar10,0.3,2,base.blocks.1,0.969450
5,3,4,vit_tiny,cifar10,0.3,3,base.blocks.2,0.969848
5,3,4,vit_tiny,cifar10,0.3,4,base.blocks.3,0.965382
5,3,4,vit_tiny,cifar10,0.3,5,base.blocks.4,0.960584
5,3,4,vit_tiny,cifar10,0.3,6,base.blocks.5,0.953543
5,3,4,vit_tiny,cifar10,0.3,7,base.blocks.6,0.948427
5,3,4,vit_tiny,cifar10,0.3,8,base.blocks.7,0.943486
5,3,4,vit_tiny,cifar10,0.3,9,base.blocks.8,0.936546
5,3,4,vit_tiny,cifar10,0.3,10,base.blocks.9,0.930363
5,3,4,vit_tiny,cifar10,0.3,11,base.blocks.10,0.924113
5,3,4,vit_tiny,cifar10,0.3,12,base.blocks.11,0.919498
5,3,4,vit_tiny,cifar10,0.3,13,base.norm,0.940495
5,3,4,vit_tiny,cifar10,0.3,14,classifier,0.887966
5,3,5,vit_tiny,cifar10,0.3,0,base.patch_embed,0.973293
5,3,5,vit_tiny,cifar10,0.3,1,base.blocks.0,0.980956
5,3,5,vit_tiny,cifar10,0.3,2,base.blocks.1,0.984100
5,3,5,vit_tiny,cifar10,0.3,3,base.blocks.2,0.986332
5,3,5,vit_tiny,cifar10,0.3,4,base.blocks.3,0.985971
5,3,5,vit_tiny,cifar10,0.3,5,base.blocks.4,0.983151
5,3,5,vit_tiny,cifar10,0.3,6,base.blocks.5,0.978314
5,3,5,vit_tiny,cifar10,0.3,7,base.blocks.6,0.974876
5,3,5,vit_tiny,cifar10,0.3,8,base.blocks.7,0.975757
5,3,5,vit_tiny,cifar10,0.3,9,base.blocks.8,0.972752
5,3,5,vit_tiny,cifar10,0.3,10,base.blocks.9,0.969439
5,3,5,vit_tiny,cifar10,0.3,11,base.blocks.10,0.964987
5,3,5,vit_tiny,cifar10,0.3,12,base.blocks.11,0.959967
5,3,5,vit_tiny,cifar10,0.3,13,base.norm,0.950981
5,3,5,vit_tiny,cifar10,0.3,14,classifier,0.846192
5,3,6,vit_tiny,cifar10,0.3,0,base.patch_embed,0.980353
5,3,6,vit_tiny,cifar10,0.3,1,base.blocks.0,0.964760
5,3,6,vit_tiny,cifar10,0.3,2,base.blocks.1,0.953264
5,3,6,vit_tiny,cifar10,0.3,3,base.blocks.2,0.944952
5,3,6,vit_tiny,cifar10,0.3,4,base.blocks.3,0.932804
5,3,6,vit_tiny,cifar10,0.3,5,base.blocks.4,0.919164
5,3,6,vit_tiny,cifar10,0.3,6,base.blocks.5,0.910314
5,3,6,vit_tiny,cifar10,0.3,7,base.blocks.6,0.901939
5,3,6,vit_tiny,cifar10,0.3,8,base.blocks.7,0.903643
5,3,6,vit_tiny,cifar10,0.3,9,base.blocks.8,0.898541
5,3,6,vit_tiny,cifar10,0.3,10,base.blocks.9,0.892575
5,3,6,vit_tiny,cifar10,0.3,11,base.blocks.10,0.889240
5,3,6,vit_tiny,cifar10,0.3,12,base.blocks.11,0.883055
5,3,6,vit_tiny,cifar10,0.3,13,base.norm,0.904592
5,3,6,vit_tiny,cifar10,0.3,14,classifier,0.879353
5,3,7,vit_tiny,cifar10,0.3,0,base.patch_embed,0.980811
5,3,7,vit_tiny,cifar10,0.3,1,base.blocks.0,0.987220
5,3,7,vit_tiny,cifar10,0.3,2,base.blocks.1,0.982373
5,3,7,vit_tiny,cifar10,0.3,3,base.blocks.2,0.979294
5,3,7,vit_tiny,cifar10,0.3,4,base.blocks.3,0.971515
5,3,7,vit_tiny,cifar10,0.3,5,base.blocks.4,0.961944
5,3,7,vit_tiny,cifar10,0.3,6,base.blocks.5,0.950084
5,3,7,vit_tiny,cifar10,0.3,7,base.blocks.6,0.943019
5,3,7,vit_tiny,cifar10,0.3,8,base.blocks.7,0.935670
5,3,7,vit_tiny,cifar10,0.3,9,base.blocks.8,0.926413
5,3,7,vit_tiny,cifar10,0.3,10,base.blocks.9,0.915050
5,3,7,vit_tiny,cifar10,0.3,11,base.blocks.10,0.904138
5,3,7,vit_tiny,cifar10,0.3,12,base.blocks.11,0.896687
5,3,7,vit_tiny,cifar10,0.3,13,base.norm,0.899675
5,3,7,vit_tiny,cifar10,0.3,14,classifier,0.785901
5,3,8,vit_tiny,cifar10,0.3,0,base.patch_embed,0.948801
5,3,8,vit_tiny,cifar10,0.3,1,base.blocks.0,0.959146
5,3,8,vit_tiny,cifar10,0.3,2,base.blocks.1,0.955825
5,3,8,vit_tiny,cifar10,0.3,3,base.blocks.2,0.952362
5,3,8,vit_tiny,cifar10,0.3,4,base.blocks.3,0.950211
5,3,8,vit_tiny,cifar10,0.3,5,base.blocks.4,0.946725
5,3,8,vit_tiny,cifar10,0.3,6,base.blocks.5,0.944364
5,3,8,vit_tiny,cifar10,0.3,7,base.blocks.6,0.938905
5,3,8,vit_tiny,cifar10,0.3,8,base.blocks.7,0.926923
5,3,8,vit_tiny,cifar10,0.3,9,base.blocks.8,0.921979
5,3,8,vit_tiny,cifar10,0.3,10,base.blocks.9,0.917166
5,3,8,vit_tiny,cifar10,0.3,11,base.blocks.10,0.906368
5,3,8,vit_tiny,cifar10,0.3,12,base.blocks.11,0.896482
5,3,8,vit_tiny,cifar10,0.3,13,base.norm,0.863825
5,3,8,vit_tiny,cifar10,0.3,14,classifier,0.746749
5,3,9,vit_tiny,cifar10,0.3,0,base.patch_embed,0.852573
5,3,9,vit_tiny,cifar10,0.3,1,base.blocks.0,0.889309
5,3,9,vit_tiny,cifar10,0.3,2,base.blocks.1,0.904636
5,3,9,vit_tiny,cifar10,0.3,3,base.blocks.2,0.917236
5,3,9,vit_tiny,cifar10,0.3,4,base.blocks.3,0.926705
5,3,9,vit_tiny,cifar10,0.3,5,base.blocks.4,0.934530
5,3,9,vit_tiny,cifar10,0.3,6,base.blocks.5,0.941595
5,3,9,vit_tiny,cifar10,0.3,7,base.blocks.6,0.942903
5,3,9,vit_tiny,cifar10,0.3,8,base.blocks.7,0.943208
5,3,9,vit_tiny,cifar10,0.3,9,base.blocks.8,0.949463
5,3,9,vit_tiny,cifar10,0.3,10,base.blocks.9,0.953659
5,3,9,vit_tiny,cifar10,0.3,11,base.blocks.10,0.955207
5,3,9,vit_tiny,cifar10,0.3,12,base.blocks.11,0.955476
5,3,9,vit_tiny,cifar10,0.3,13,base.norm,0.956646
5,3,9,vit_tiny,cifar10,0.3,14,classifier,0.880623
5,4,5,vit_tiny,cifar10,0.3,0,base.patch_embed,0.996569
5,4,5,vit_tiny,cifar10,0.3,1,base.blocks.0,0.996554
5,4,5,vit_tiny,cifar10,0.3,2,base.blocks.1,0.993358
5,4,5,vit_tiny,cifar10,0.3,3,base.blocks.2,0.989907
5,4,5,vit_tiny,cifar10,0.3,4,base.blocks.3,0.982563
5,4,5,vit_tiny,cifar10,0.3,5,base.blocks.4,0.974544
5,4,5,vit_tiny,cifar10,0.3,6,base.blocks.5,0.965135
5,4,5,vit_tiny,cifar10,0.3,7,base.blocks.6,0.955749
5,4,5,vit_tiny,cifar10,0.3,8,base.blocks.7,0.943397
5,4,5,vit_tiny,cifar10,0.3,9,base.blocks.8,0.930657
5,4,5,vit_tiny,cifar10,0.3,10,base.blocks.9,0.919403
5,4,5,vit_tiny,cifar10,0.3,11,base.blocks.10,0.903149
5,4,5,vit_tiny,cifar10,0.3,12,base.blocks.11,0.890908
5,4,5,vit_tiny,cifar10,0.3,13,base.norm,0.916437
5,4,5,vit_tiny,cifar10,0.3,14,classifier,0.784707
5,4,6,vit_tiny,cifar10,0.3,0,base.patch_embed,0.990138
5,4,6,vit_tiny,cifar10,0.3,1,base.blocks.0,0.978970
5,4,6,vit_tiny,cifar10,0.3,2,base.blocks.1,0.974882
5,4,6,vit_tiny,cifar10,0.3,3,base.blocks.2,0.969520
5,4,6,vit_tiny,cifar10,0.3,4,base.blocks.3,0.964980
5,4,6,vit_tiny,cifar10,0.3,5,base.blocks.4,0.959249
5,4,6,vit_tiny,cifar10,0.3,6,base.blocks.5,0.957385
5,4,6,vit_tiny,cifar10,0.3,7,base.blocks.6,0.949059
5,4,6,vit_tiny,cifar10,0.3,8,base.blocks.7,0.945738
5,4,6,vit_tiny,cifar10,0.3,9,base.blocks.8,0.939796
5,4,6,vit_tiny,cifar10,0.3,10,base.blocks.9,0.934083
5,4,6,vit_tiny,cifar10,0.3,11,base.blocks.10,0.927852
5,4,6,vit_tiny,cifar10,0.3,12,base.blocks.11,0.920949
5,4,6,vit_tiny,cifar10,0.3,13,base.norm,0.929342
5,4,6,vit_tiny,cifar10,0.3,14,classifier,0.815320
5,4,7,vit_tiny,cifar10,0.3,0,base.patch_embed,0.993819
5,4,7,vit_tiny,cifar10,0.3,1,base.blocks.0,0.991186
5,4,7,vit_tiny,cifar10,0.3,2,base.blocks.1,0.987660
5,4,7,vit_tiny,cifar10,0.3,3,base.blocks.2,0.983265
5,4,7,vit_tiny,cifar10,0.3,4,base.blocks.3,0.972610
5,4,7,vit_tiny,cifar10,0.3,5,base.blocks.4,0.965488
5,4,7,vit_tiny,cifar10,0.3,6,base.blocks.5,0.953421
5,4,7,vit_tiny,cifar10,0.3,7,base.blocks.6,0.941232
5,4,7,vit_tiny,cifar10,0.3,8,base.blocks.7,0.926919
5,4,7,vit_tiny,cifar10,0.3,9,base.blocks.8,0.912911
5,4,7,vit_tiny,cifar10,0.3,10,base.blocks.9,0.897953
5,4,7,vit_tiny,cifar10,0.3,11,base.blocks.10,0.881288
5,4,7,vit_tiny,cifar10,0.3,12,base.blocks.11,0.865395
5,4,7,vit_tiny,cifar10,0.3,13,base.norm,0.879523
5,4,7,vit_tiny,cifar10,0.3,14,classifier,0.697464
5,4,8,vit_tiny,cifar10,0.3,0,base.patch_embed,0.965318
5,4,8,vit_tiny,cifar10,0.3,1,base.blocks.0,0.969087
5,4,8,vit_tiny,cifar10,0.3,2,base.blocks.1,0.961812
5,4,8,vit_tiny,cifar10,0.3,3,base.blocks.2,0.957079
5,4,8,vit_tiny,cifar10,0.3,4,base.blocks.3,0.947148
5,4,8,vit_tiny,cifar10,0.3,5,base.blocks.4,0.934666
5,4,8,vit_tiny,cifar10,0.3,6,base.blocks.5,0.919104
5,4,8,vit_tiny,cifar10,0.3,7,base.blocks.6,0.907220
5,4,8,vit_tiny,cifar10,0.3,8,base.blocks.7,0.886135
5,4,8,vit_tiny,cifar10,0.3,9,base.blocks.8,0.866907
5,4,8,vit_tiny,cifar10,0.3,10,base.blocks.9,0.849972
5,4,8,vit_tiny,cifar10,0.3,11,base.blocks.10,0.827315
5,4,8,vit_tiny,cifar10,0.3,12,base.blocks.11,0.808530
5,4,8,vit_tiny,cifar10,0.3,13,base.norm,0.824260
5,4,8,vit_tiny,cifar10,0.3,14,classifier,0.662196
5,4,9,vit_tiny,cifar10,0.3,0,base.patch_embed,0.942240
5,4,9,vit_tiny,cifar10,0.3,1,base.blocks.0,0.949953
5,4,9,vit_tiny,cifar10,0.3,2,base.blocks.1,0.950172
5,4,9,vit_tiny,cifar10,0.3,3,base.blocks.2,0.953060
5,4,9,vit_tiny,cifar10,0.3,4,base.blocks.3,0.950682
5,4,9,vit_tiny,cifar10,0.3,5,base.blocks.4,0.947260
5,4,9,vit_tiny,cifar10,0.3,6,base.blocks.5,0.940195
5,4,9,vit_tiny,cifar10,0.3,7,base.blocks.6,0.937479
5,4,9,vit_tiny,cifar10,0.3,8,base.blocks.7,0.928776
5,4,9,vit_tiny,cifar10,0.3,9,base.blocks.8,0.923542
5,4,9,vit_tiny,cifar10,0.3,10,base.blocks.9,0.916291
5,4,9,vit_tiny,cifar10,0.3,11,base.blocks.10,0.908258
5,4,9,vit_tiny,cifar10,0.3,12,base.blocks.11,0.902260
5,4,9,vit_tiny,cifar10,0.3,13,base.norm,0.932970
5,4,9,vit_tiny,cifar10,0.3,14,classifier,0.840589
5,5,6,vit_tiny,cifar10,0.3,0,base.patch_embed,0.983586
5,5,6,vit_tiny,cifar10,0.3,1,base.blocks.0,0.974073
5,5,6,vit_tiny,cifar10,0.3,2,base.blocks.1,0.971418
5,5,6,vit_tiny,cifar10,0.3,3,base.blocks.2,0.970702
5,5,6,vit_tiny,cifar10,0.3,4,base.blocks.3,0.964373
5,5,6,vit_tiny,cifar10,0.3,5,base.blocks.4,0.957518
5,5,6,vit_tiny,cifar10,0.3,6,base.blocks.5,0.954107
5,5,6,vit_tiny,cifar10,0.3,7,base.blocks.6,0.949391
5,5,6,vit_tiny,cifar10,0.3,8,base.blocks.7,0.944233
5,5,6,vit_tiny,cifar10,0.3,9,base.blocks.8,0.940302
5,5,6,vit_tiny,cifar10,0.3,10,base.blocks.9,0.934809
5,5,6,vit_tiny,cifar10,0.3,11,base.blocks.10,0.931269
5,5,6,vit_tiny,cifar10,0.3,12,base.blocks.11,0.927809
5,5,6,vit_tiny,cifar10,0.3,13,base.norm,0.950990
5,5,6,vit_tiny,cifar10,0.3,14,classifier,0.864640
5,5,7,vit_tiny,cifar10,0.3,0,base.patch_embed,0.993844
5,5,7,vit_tiny,cifar10,0.3,1,base.blocks.0,0.991315
5,5,7,vit_tiny,cifar10,0.3,2,base.blocks.1,0.988029
5,5,7,vit_tiny,cifar10,0.3,3,base.blocks.2,0.984684
5,5,7,vit_tiny,cifar10,0.3,4,base.blocks.3,0.976402
5,5,7,vit_tiny,cifar10,0.3,5,base.blocks.4,0.967682
5,5,7,vit_tiny,cifar10,0.3,6,base.blocks.5,0.958788
5,5,7,vit_tiny,cifar10,0.3,7,base.blocks.6,0.950736
5,5,7,vit_tiny,cifar10,0.3,8,base.blocks.7,0.940657
5,5,7,vit_tiny,cifar10,0.3,9,base.blocks.8,0.933685
5,5,7,vit_tiny,cifar10,0.3,10,base.blocks.9,0.922298
5,5,7,vit_tiny,cifar10,0.3,11,base.blocks.10,0.913886
5,5,7,vit_tiny,cifar10,0.3,12,base.blocks.11,0.907447
5,5,7,vit_tiny,cifar10,0.3,13,base.norm,0.932088
5,5,7,vit_tiny,cifar10,0.3,14,classifier,0.778125
5,5,8,vit_tiny,cifar10,0.3,0,base.patch_embed,0.975091
5,5,8,vit_tiny,cifar10,0.3,1,base.blocks.0,0.972685
5,5,8,vit_tiny,cifar10,0.3,2,base.blocks.1,0.963133
5,5,8,vit_tiny,cifar10,0.3,3,base.blocks.2,0.952546
5,5,8,vit_tiny,cifar10,0.3,4,base.blocks.3,0.942934
5,5,8,vit_tiny,cifar10,0.3,5,base.blocks.4,0.931197
5,5,8,vit_tiny,cifar10,0.3,6,base.blocks.5,0.920149
5,5,8,vit_tiny,cifar10,0.3,7,base.blocks.6,0.911098
5,5,8,vit_tiny,cifar10,0.3,8,base.blocks.7,0.901503
5,5,8,vit_tiny,cifar10,0.3,9,base.blocks.8,0.896429
5,5,8,vit_tiny,cifar10,0.3,10,base.blocks.9,0.890131
5,5,8,vit_tiny,cifar10,0.3,11,base.blocks.10,0.880545
5,5,8,vit_tiny,cifar10,0.3,12,base.blocks.11,0.871061
5,5,8,vit_tiny,cifar10,0.3,13,base.norm,0.886201
5,5,8,vit_tiny,cifar10,0.3,14,classifier,0.797338
5,5,9,vit_tiny,cifar10,0.3,0,base.patch_embed,0.945860
5,5,9,vit_tiny,cifar10,0.3,1,base.blocks.0,0.950691
5,5,9,vit_tiny,cifar10,0.3,2,base.blocks.1,0.945876
5,5,9,vit_tiny,cifar10,0.3,3,base.blocks.2,0.939101
5,5,9,vit_tiny,cifar10,0.3,4,base.blocks.3,0.934497
5,5,9,vit_tiny,cifar10,0.3,5,base.blocks.4,0.930017
5,5,9,vit_tiny,cifar10,0.3,6,base.blocks.5,0.924578
5,5,9,vit_tiny,cifar10,0.3,7,base.blocks.6,0.921207
5,5,9,vit_tiny,cifar10,0.3,8,base.blocks.7,0.919629
5,5,9,vit_tiny,cifar10,0.3,9,base.blocks.8,0.922079
5,5,9,vit_tiny,cifar10,0.3,10,base.blocks.9,0.923353
5,5,9,vit_tiny,cifar10,0.3,11,base.blocks.10,0.922321
5,5,9,vit_tiny,cifar10,0.3,12,base.blocks.11,0.921628
5,5,9,vit_tiny,cifar10,0.3,13,base.norm,0.946962
5,5,9,vit_tiny,cifar10,0.3,14,classifier,0.833539
5,6,7,vit_tiny,cifar10,0.3,0,base.patch_embed,0.985928
5,6,7,vit_tiny,cifar10,0.3,1,base.blocks.0,0.976848
5,6,7,vit_tiny,cifar10,0.3,2,base.blocks.1,0.969934
5,6,7,vit_tiny,cifar10,0.3,3,base.blocks.2,0.959730
5,6,7,vit_tiny,cifar10,0.3,4,base.blocks.3,0.950238
5,6,7,vit_tiny,cifar10,0.3,5,base.blocks.4,0.941095
5,6,7,vit_tiny,cifar10,0.3,6,base.blocks.5,0.940936
5,6,7,vit_tiny,cifar10,0.3,7,base.blocks.6,0.929878
5,6,7,vit_tiny,cifar10,0.3,8,base.blocks.7,0.921922
5,6,7,vit_tiny,cifar10,0.3,9,base.blocks.8,0.916274
5,6,7,vit_tiny,cifar10,0.3,10,base.blocks.9,0.909978
5,6,7,vit_tiny,cifar10,0.3,11,base.blocks.10,0.903587
5,6,7,vit_tiny,cifar10,0.3,12,base.blocks.11,0.894690
5,6,7,vit_tiny,cifar10,0.3,13,base.norm,0.905287
5,6,7,vit_tiny,cifar10,0.3,14,classifier,0.810610
5,6,8,vit_tiny,cifar10,0.3,0,base.patch_embed,0.937022
5,6,8,vit_tiny,cifar10,0.3,1,base.blocks.0,0.917344
5,6,8,vit_tiny,cifar10,0.3,2,base.blocks.1,0.903829
5,6,8,vit_tiny,cifar10,0.3,3,base.blocks.2,0.889486
5,6,8,vit_tiny,cifar10,0.3,4,base.blocks.3,0.875179
5,6,8,vit_tiny,cifar10,0.3,5,base.blocks.4,0.854784
5,6,8,vit_tiny,cifar10,0.3,6,base.blocks.5,0.847595
5,6,8,vit_tiny,cifar10,0.3,7,base.blocks.6,0.832308
5,6,8,vit_tiny,cifar10,0.3,8,base.blocks.7,0.820012
5,6,8,vit_tiny,cifar10,0.3,9,base.blocks.8,0.809344
5,6,8,vit_tiny,cifar10,0.3,10,base.blocks.9,0.799009
5,6,8,vit_tiny,cifar10,0.3,11,base.blocks.10,0.788310
5,6,8,vit_tiny,cifar10,0.3,12,base.blocks.11,0.777491
5,6,8,vit_tiny,cifar10,0.3,13,base.norm,0.819332
5,6,8,vit_tiny,cifar10,0.3,14,classifier,0.860718
5,6,9,vit_tiny,cifar10,0.3,0,base.patch_embed,0.894395
5,6,9,vit_tiny,cifar10,0.3,1,base.blocks.0,0.883542
5,6,9,vit_tiny,cifar10,0.3,2,base.blocks.1,0.878149
5,6,9,vit_tiny,cifar10,0.3,3,base.blocks.2,0.875848
5,6,9,vit_tiny,cifar10,0.3,4,base.blocks.3,0.870698
5,6,9,vit_tiny,cifar10,0.3,5,base.blocks.4,0.862497
5,6,9,vit_tiny,cifar10,0.3,6,base.blocks.5,0.861645
5,6,9,vit_tiny,cifar10,0.3,7,base.blocks.6,0.854328
5,6,9,vit_tiny,cifar10,0.3,8,base.blocks.7,0.850006
5,6,9,vit_tiny,cifar10,0.3,9,base.blocks.8,0.850407
5,6,9,vit_tiny,cifar10,0.3,10,base.blocks.9,0.848781
5,6,9,vit_tiny,cifar10,0.3,11,base.blocks.10,0.849709
5,6,9,vit_tiny,cifar10,0.3,12,base.blocks.11,0.849560
5,6,9,vit_tiny,cifar10,0.3,13,base.norm,0.906521
5,6,9,vit_tiny,cifar10,0.3,14,classifier,0.938677
5,7,8,vit_tiny,cifar10,0.3,0,base.patch_embed,0.979760
5,7,8,vit_tiny,cifar10,0.3,1,base.blocks.0,0.977063
5,7,8,vit_tiny,cifar10,0.3,2,base.blocks.1,0.974972
5,7,8,vit_tiny,cifar10,0.3,3,base.blocks.2,0.974130
5,7,8,vit_tiny,cifar10,0.3,4,base.blocks.3,0.967857
5,7,8,vit_tiny,cifar10,0.3,5,base.blocks.4,0.962623
5,7,8,vit_tiny,cifar10,0.3,6,base.blocks.5,0.953406
5,7,8,vit_tiny,cifar10,0.3,7,base.blocks.6,0.951337
5,7,8,vit_tiny,cifar10,0.3,8,base.blocks.7,0.949576
5,7,8,vit_tiny,cifar10,0.3,9,base.blocks.8,0.944285
5,7,8,vit_tiny,cifar10,0.3,10,base.blocks.9,0.936825
5,7,8,vit_tiny,cifar10,0.3,11,base.blocks.10,0.930136
5,7,8,vit_tiny,cifar10,0.3,12,base.blocks.11,0.927036
5,7,8,vit_tiny,cifar10,0.3,13,base.norm,0.932769
5,7,8,vit_tiny,cifar10,0.3,14,classifier,0.848597
5,7,9,vit_tiny,cifar10,0.3,0,base.patch_embed,0.930556
5,7,9,vit_tiny,cifar10,0.3,1,base.blocks.0,0.924841
5,7,9,vit_tiny,cifar10,0.3,2,base.blocks.1,0.927897
5,7,9,vit_tiny,cifar10,0.3,3,base.blocks.2,0.930937
5,7,9,vit_tiny,cifar10,0.3,4,base.blocks.3,0.920767
5,7,9,vit_tiny,cifar10,0.3,5,base.blocks.4,0.920792
5,7,9,vit_tiny,cifar10,0.3,6,base.blocks.5,0.915667
5,7,9,vit_tiny,cifar10,0.3,7,base.blocks.6,0.917214
5,7,9,vit_tiny,cifar10,0.3,8,base.blocks.7,0.921960
5,7,9,vit_tiny,cifar10,0.3,9,base.blocks.8,0.925178
5,7,9,vit_tiny,cifar10,0.3,10,base.blocks.9,0.923206
5,7,9,vit_tiny,cifar10,0.3,11,base.blocks.10,0.922785
5,7,9,vit_tiny,cifar10,0.3,12,base.blocks.11,0.926628
5,7,9,vit_tiny,cifar10,0.3,13,base.norm,0.949153
5,7,9,vit_tiny,cifar10,0.3,14,classifier,0.787905
5,8,9,vit_tiny,cifar10,0.3,0,base.patch_embed,0.944722
5,8,9,vit_tiny,cifar10,0.3,1,base.blocks.0,0.954666
5,8,9,vit_tiny,cifar10,0.3,2,base.blocks.1,0.960334
5,8,9,vit_tiny,cifar10,0.3,3,base.blocks.2,0.964599
5,8,9,vit_tiny,cifar10,0.3,4,base.blocks.3,0.964809
5,8,9,vit_tiny,cifar10,0.3,5,base.blocks.4,0.966105
5,8,9,vit_tiny,cifar10,0.3,6,base.blocks.5,0.968460
5,8,9,vit_tiny,cifar10,0.3,7,base.blocks.6,0.967958
5,8,9,vit_tiny,cifar10,0.3,8,base.blocks.7,0.967103
5,8,9,vit_tiny,cifar10,0.3,9,base.blocks.8,0.966597
5,8,9,vit_tiny,cifar10,0.3,10,base.blocks.9,0.966129
5,8,9,vit_tiny,cifar10,0.3,11,base.blocks.10,0.962539
5,8,9,vit_tiny,cifar10,0.3,12,base.blocks.11,0.959673
5,8,9,vit_tiny,cifar10,0.3,13,base.norm,0.936685
5,8,9,vit_tiny,cifar10,0.3,14,classifier,0.806167
10,0,1,vit_tiny,cifar10,0.3,0,base.patch_embed,0.981374
10,0,1,vit_tiny,cifar10,0.3,1,base.blocks.0,0.985870
10,0,1,vit_tiny,cifar10,0.3,2,base.blocks.1,0.986676
10,0,1,vit_tiny,cifar10,0.3,3,base.blocks.2,0.987938
10,0,1,vit_tiny,cifar10,0.3,4,base.blocks.3,0.987233
10,0,1,vit_tiny,cifar10,0.3,5,base.blocks.4,0.984826
10,0,1,vit_tiny,cifar10,0.3,6,base.blocks.5,0.981901
10,0,1,vit_tiny,cifar10,0.3,7,base.blocks.6,0.977283
10,0,1,vit_tiny,cifar10,0.3,8,base.blocks.7,0.970048
10,0,1,vit_tiny,cifar10,0.3,9,base.blocks.8,0.962863
10,0,1,vit_tiny,cifar10,0.3,10,base.blocks.9,0.954997
10,0,1,vit_tiny,cifar10,0.3,11,base.blocks.10,0.942335
10,0,1,vit_tiny,cifar10,0.3,12,base.blocks.11,0.929158
10,0,1,vit_tiny,cifar10,0.3,13,base.norm,0.937981
10,0,1,vit_tiny,cifar10,0.3,14,classifier,0.640208
10,0,2,vit_tiny,cifar10,0.3,0,base.patch_embed,0.956892
10,0,2,vit_tiny,cifar10,0.3,1,base.blocks.0,0.977651
10,0,2,vit_tiny,cifar10,0.3,2,base.blocks.1,0.980280
10,0,2,vit_tiny,cifar10,0.3,3,base.blocks.2,0.982708
10,0,2,vit_tiny,cifar10,0.3,4,base.blocks.3,0.983266
10,0,2,vit_tiny,cifar10,0.3,5,base.blocks.4,0.983263
10,0,2,vit_tiny,cifar10,0.3,6,base.blocks.5,0.981684
10,0,2,vit_tiny,cifar10,0.3,7,base.blocks.6,0.978771
10,0,2,vit_tiny,cifar10,0.3,8,base.blocks.7,0.973371
10,0,2,vit_tiny,cifar10,0.3,9,base.blocks.8,0.966844
10,0,2,vit_tiny,cifar10,0.3,10,base.blocks.9,0.961313
10,0,2,vit_tiny,cifar10,0.3,11,base.blocks.10,0.950830
10,0,2,vit_tiny,cifar10,0.3,12,base.blocks.11,0.941416
10,0,2,vit_tiny,cifar10,0.3,13,base.norm,0.936461
10,0,2,vit_tiny,cifar10,0.3,14,classifier,0.785511
10,0,3,vit_tiny,cifar10,0.3,0,base.patch_embed,0.948015
10,0,3,vit_tiny,cifar10,0.3,1,base.blocks.0,0.962169
10,0,3,vit_tiny,cifar10,0.3,2,base.blocks.1,0.952331
10,0,3,vit_tiny,cifar10,0.3,3,base.blocks.2,0.946928
10,0,3,vit_tiny,cifar10,0.3,4,base.blocks.3,0.935291
10,0,3,vit_tiny,cifar10,0.3,5,base.blocks.4,0.923164
10,0,3,vit_tiny,cifar10,0.3,6,base.blocks.5,0.911792
10,0,3,vit_tiny,cifar10,0.3,7,base.blocks.6,0.898914
10,0,3,vit_tiny,cifar10,0.3,8,base.blocks.7,0.882884
10,0,3,vit_tiny,cifar10,0.3,9,base.blocks.8,0.871290
10,0,3,vit_tiny,cifar10,0.3,10,base.blocks.9,0.858612
10,0,3,vit_tiny,cifar10,0.3,11,base.blocks.10,0.838977
10,0,3,vit_tiny,cifar10,0.3,12,base.blocks.11,0.817244
10,0,3,vit_tiny,cifar10,0.3,13,base.norm,0.835139
10,0,3,vit_tiny,cifar10,0.3,14,classifier,0.469600
10,0,4,vit_tiny,cifar10,0.3,0,base.patch_embed,0.976612
10,0,4,vit_tiny,cifar10,0.3,1,base.blocks.0,0.968323
10,0,4,vit_tiny,cifar10,0.3,2,base.blocks.1,0.947512
10,0,4,vit_tiny,cifar10,0.3,3,base.blocks.2,0.931866
10,0,4,vit_tiny,cifar10,0.3,4,base.blocks.3,0.912440
10,0,4,vit_tiny,cifar10,0.3,5,base.blocks.4,0.898046
10,0,4,vit_tiny,cifar10,0.3,6,base.blocks.5,0.882544
10,0,4,vit_tiny,cifar10,0.3,7,base.blocks.6,0.871091
10,0,4,vit_tiny,cifar10,0.3,8,base.blocks.7,0.856496
10,0,4,vit_tiny,cifar10,0.3,9,base.blocks.8,0.844239
10,0,4,vit_tiny,cifar10,0.3,10,base.blocks.9,0.831967
10,0,4,vit_tiny,cifar10,0.3,11,base.blocks.10,0.818476
10,0,4,vit_tiny,cifar10,0.3,12,base.blocks.11,0.802671
10,0,4,vit_tiny,cifar10,0.3,13,base.norm,0.807879
10,0,4,vit_tiny,cifar10,0.3,14,classifier,0.543587
10,0,5,vit_tiny,cifar10,0.3,0,base.patch_embed,0.947471
10,0,5,vit_tiny,cifar10,0.3,1,base.blocks.0,0.974726
10,0,5,vit_tiny,cifar10,0.3,2,base.blocks.1,0.969914
10,0,5,vit_tiny,cifar10,0.3,3,base.blocks.2,0.966795
10,0,5,vit_tiny,cifar10,0.3,4,base.blocks.3,0.958589
10,0,5,vit_tiny,cifar10,0.3,5,base.blocks.4,0.950507
10,0,5,vit_tiny,cifar10,0.3,6,base.blocks.5,0.942406
10,0,5,vit_tiny,cifar10,0.3,7,base.blocks.6,0.935531
10,0,5,vit_tiny,cifar10,0.3,8,base.blocks.7,0.921889
10,0,5,vit_tiny,cifar10,0.3,9,base.blocks.8,0.910207
10,0,5,vit_tiny,cifar10,0.3,10,base.blocks.9,0.898056
10,0,5,vit_tiny,cifar10,0.3,11,base.blocks.10,0.878869
10,0,5,vit_tiny,cifar10,0.3,12,base.blocks.11,0.858358
10,0,5,vit_tiny,cifar10,0.3,13,base.norm,0.876590
10,0,5,vit_tiny,cifar10,0.3,14,classifier,0.459242
10,0,6,vit_tiny,cifar10,0.3,0,base.patch_embed,0.903108
10,0,6,vit_tiny,cifar10,0.3,1,base.blocks.0,0.919831
10,0,6,vit_tiny,cifar10,0.3,2,base.blocks.1,0.897443
10,0,6,vit_tiny,cifar10,0.3,3,base.blocks.2,0.881683
10,0,6,vit_tiny,cifar10,0.3,4,base.blocks.3,0.874466
10,0,6,vit_tiny,cifar10,0.3,5,base.blocks.4,0.873801
10,0,6,vit_tiny,cifar10,0.3,6,base.blocks.5,0.872576
10,0,6,vit_tiny,cifar10,0.3,7,base.blocks.6,0.868944
10,0,6,vit_tiny,cifar10,0.3,8,base.blocks.7,0.871520
10,0,6,vit_tiny,cifar10,0.3,9,base.blocks.8,0.873032
10,0,6,vit_tiny,cifar10,0.3,10,base.blocks.9,0.871901
10,0,6,vit_tiny,cifar10,0.3,11,base.blocks.10,0.869201
10,0,6,vit_tiny,cifar10,0.3,12,base.blocks.11,0.865530
10,0,6,vit_tiny,cifar10,0.3,13,base.norm,0.886365
10,0,6,vit_tiny,cifar10,0.3,14,classifier,0.634770
10,0,7,vit_tiny,cifar10,0.3,0,base.patch_embed,0.969264
10,0,7,vit_tiny,cifar10,0.3,1,base.blocks.0,0.963794
10,0,7,vit_tiny,cifar10,0.3,2,base.blocks.1,0.948796
10,0,7,vit_tiny,cifar10,0.3,3,base.blocks.2,0.943339
10,0,7,vit_tiny,cifar10,0.3,4,base.blocks.3,0.932403
10,0,7,vit_tiny,cifar10,0.3,5,base.blocks.4,0.927001
10,0,7,vit_tiny,cifar10,0.3,6,base.blocks.5,0.923263
10,0,7,vit_tiny,cifar10,0.3,7,base.blocks.6,0.918411
10,0,7,vit_tiny,cifar10,0.3,8,base.blocks.7,0.917355
10,0,7,vit_tiny,cifar10,0.3,9,base.blocks.8,0.920071
10,0,7,vit_tiny,cifar10,0.3,10,base.blocks.9,0.918806
10,0,7,vit_tiny,cifar10,0.3,11,base.blocks.10,0.914589
10,0,7,vit_tiny,cifar10,0.3,12,base.blocks.11,0.904850
10,0,7,vit_tiny,cifar10,0.3,13,base.norm,0.905819
10,0,7,vit_tiny,cifar10,0.3,14,classifier,0.699387
10,0,8,vit_tiny,cifar10,0.3,0,base.patch_embed,0.899114
10,0,8,vit_tiny,cifar10,0.3,1,base.blocks.0,0.941977
10,0,8,vit_tiny,cifar10,0.3,2,base.blocks.1,0.944670
10,0,8,vit_tiny,cifar10,0.3,3,base.blocks.2,0.942342
10,0,8,vit_tiny,cifar10,0.3,4,base.blocks.3,0.931984
10,0,8,vit_tiny,cifar10,0.3,5,base.blocks.4,0.925968
10,0,8,vit_tiny,cifar10,0.3,6,base.blocks.5,0.917915
10,0,8,vit_tiny,cifar10,0.3,7,base.blocks.6,0.909889
10,0,8,vit_tiny,cifar10,0.3,8,base.blocks.7,0.900964
10,0,8,vit_tiny,cifar10,0.3,9,base.blocks.8,0.894217
10,0,8,vit_tiny,cifar10,0.3,10,base.blocks.9,0.888627
10,0,8,vit_tiny,cifar10,0.3,11,base.blocks.10,0.881854
10,0,8,vit_tiny,cifar10,0.3,12,base.blocks.11,0.874184
10,0,8,vit_tiny,cifar10,0.3,13,base.norm,0.906442
10,0,8,vit_tiny,cifar10,0.3,14,classifier,0.691613
10,0,9,vit_tiny,cifar10,0.3,0,base.patch_embed,0.942079
10,0,9,vit_tiny,cifar10,0.3,1,base.blocks.0,0.951999
10,0,9,vit_tiny,cifar10,0.3,2,base.blocks.1,0.953813
10,0,9,vit_tiny,cifar10,0.3,3,base.blocks.2,0.956365
10,0,9,vit_tiny,cifar10,0.3,4,base.blocks.3,0.949943
10,0,9,vit_tiny,cifar10,0.3,5,base.blocks.4,0.945374
10,0,9,vit_tiny,cifar10,0.3,6,base.blocks.5,0.936401
10,0,9,vit_tiny,cifar10,0.3,7,base.blocks.6,0.929680
10,0,9,vit_tiny,cifar10,0.3,8,base.blocks.7,0.919241
10,0,9,vit_tiny,cifar10,0.3,9,base.blocks.8,0.910832
10,0,9,vit_tiny,cifar10,0.3,10,base.blocks.9,0.900652
10,0,9,vit_tiny,cifar10,0.3,11,base.blocks.10,0.886108
10,0,9,vit_tiny,cifar10,0.3,12,base.blocks.11,0.865783
10,0,9,vit_tiny,cifar10,0.3,13,base.norm,0.866073
10,0,9,vit_tiny,cifar10,0.3,14,classifier,0.638496
10,1,2,vit_tiny,cifar10,0.3,0,base.patch_embed,0.985444
10,1,2,vit_tiny,cifar10,0.3,1,base.blocks.0,0.986603
10,1,2,vit_tiny,cifar10,0.3,2,base.blocks.1,0.989455
10,1,2,vit_tiny,cifar10,0.3,3,base.blocks.2,0.990334
10,1,2,vit_tiny,cifar10,0.3,4,base.blocks.3,0.990625
10,1,2,vit_tiny,cifar10,0.3,5,base.blocks.4,0.989279
10,1,2,vit_tiny,cifar10,0.3,6,base.blocks.5,0.988055
10,1,2,vit_tiny,cifar10,0.3,7,base.blocks.6,0.986010
10,1,2,vit_tiny,cifar10,0.3,8,base.blocks.7,0.983146
10,1,2,vit_tiny,cifar10,0.3,9,base.blocks.8,0.980426
10,1,2,vit_tiny,cifar10,0.3,10,base.blocks.9,0.978356
10,1,2,vit_tiny,cifar10,0.3,11,base.blocks.10,0.973444
10,1,2,vit_tiny,cifar10,0.3,12,base.blocks.11,0.969488
10,1,2,vit_tiny,cifar10,0.3,13,base.norm,0.976268
10,1,2,vit_tiny,cifar10,0.3,14,classifier,0.831277
10,1,3,vit_tiny,cifar10,0.3,0,base.patch_embed,0.980200
10,1,3,vit_tiny,cifar10,0.3,1,base.blocks.0,0.968806
10,1,3,vit_tiny,cifar10,0.3,2,base.blocks.1,0.966038
10,1,3,vit_tiny,cifar10,0.3,3,base.blocks.2,0.966506
10,1,3,vit_tiny,cifar10,0.3,4,base.blocks.3,0.962344
10,1,3,vit_tiny,cifar10,0.3,5,base.blocks.4,0.958230
10,1,3,vit_tiny,cifar10,0.3,6,base.blocks.5,0.954646
10,1,3,vit_tiny,cifar10,0.3,7,base.blocks.6,0.950807
10,1,3,vit_tiny,cifar10,0.3,8,base.blocks.7,0.946793
10,1,3,vit_tiny,cifar10,0.3,9,base.blocks.8,0.944345
10,1,3,vit_tiny,cifar10,0.3,10,base.blocks.9,0.941512
10,1,3,vit_tiny,cifar10,0.3,11,base.blocks.10,0.936391
10,1,3,vit_tiny,cifar10,0.3,12,base.blocks.11,0.931747
10,1,3,vit_tiny,cifar10,0.3,13,base.norm,0.923749
10,1,3,vit_tiny,cifar10,0.3,14,classifier,0.757676
10,1,4,vit_tiny,cifar10,0.3,0,base.patch_embed,0.989913
10,1,4,vit_tiny,cifar10,0.3,1,base.blocks.0,0.970870
10,1,4,vit_tiny,cifar10,0.3,2,base.blocks.1,0.957524
10,1,4,vit_tiny,cifar10,0.3,3,base.blocks.2,0.950849
10,1,4,vit_tiny,cifar10,0.3,4,base.blocks.3,0.938124
10,1,4,vit_tiny,cifar10,0.3,5,base.blocks.4,0.928184
10,1,4,vit_tiny,cifar10,0.3,6,base.blocks.5,0.917997
10,1,4,vit_tiny,cifar10,0.3,7,base.blocks.6,0.912997
10,1,4,vit_tiny,cifar10,0.3,8,base.blocks.7,0.907128
10,1,4,vit_tiny,cifar10,0.3,9,base.blocks.8,0.903552
10,1,4,vit_tiny,cifar10,0.3,10,base.blocks.9,0.897039
10,1,4,vit_tiny,cifar10,0.3,11,base.blocks.10,0.891430
10,1,4,vit_tiny,cifar10,0.3,12,base.blocks.11,0.889216
10,1,4,vit_tiny,cifar10,0.3,13,base.norm,0.892777
10,1,4,vit_tiny,cifar10,0.3,14,classifier,0.836420
10,1,5,vit_tiny,cifar10,0.3,0,base.patch_embed,0.967030
10,1,5,vit_tiny,cifar10,0.3,1,base.blocks.0,0.980007
10,1,5,vit_tiny,cifar10,0.3,2,base.blocks.1,0.980489
10,1,5,vit_tiny,cifar10,0.3,3,base.blocks.2,0.981088
10,1,5,vit_tiny,cifar10,0.3,4,base.blocks.3,0.979496
10,1,5,vit_tiny,cifar10,0.3,5,base.blocks.4,0.978345
10,1,5,vit_tiny,cifar10,0.3,6,base.blocks.5,0.976836
10,1,5,vit_tiny,cifar10,0.3,7,base.blocks.6,0.976352
10,1,5,vit_tiny,cifar10,0.3,8,base.blocks.7,0.974475
10,1,5,vit_tiny,cifar10,0.3,9,base.blocks.8,0.972720
10,1,5,vit_tiny,cifar10,0.3,10,base.blocks.9,0.970373
10,1,5,vit_tiny,cifar10,0.3,11,base.blocks.10,0.968511
10,1,5,vit_tiny,cifar10,0.3,12,base.blocks.11,0.965907
10,1,5,vit_tiny,cifar10,0.3,13,base.norm,0.958250
10,1,5,vit_tiny,cifar10,0.3,14,classifier,0.859181
10,1,6,vit_tiny,cifar10,0.3,0,base.patch_embed,0.960220
10,1,6,vit_tiny,cifar10,0.3,1,base.blocks.0,0.954505
10,1,6,vit_tiny,cifar10,0.3,2,base.blocks.1,0.938788
10,1,6,vit_tiny,cifar10,0.3,3,base.blocks.2,0.927344
10,1,6,vit_tiny,cifar10,0.3,4,base.blocks.3,0.919219
10,1,6,vit_tiny,cifar10,0.3,5,base.blocks.4,0.918155
10,1,6,vit_tiny,cifar10,0.3,6,base.blocks.5,0.910112
10,1,6,vit_tiny,cifar10,0.3,7,base.blocks.6,0.906657
10,1,6,vit_tiny,cifar10,0.3,8,base.blocks.7,0.910090
10,1,6,vit_tiny,cifar10,0.3,9,base.blocks.8,0.910841
10,1,6,vit_tiny,cifar10,0.3,10,base.blocks.9,0.907100
10,1,6,vit_tiny,cifar10,0.3,11,base.blocks.10,0.902130
10,1,6,vit_tiny,cifar10,0.3,12,base.blocks.11,0.900894
10,1,6,vit_tiny,cifar10,0.3,13,base.norm,0.902347
10,1,6,vit_tiny,cifar10,0.3,14,classifier,0.869757
10,1,7,vit_tiny,cifar10,0.3,0,base.patch_embed,0.968165
10,1,7,vit_tiny,cifar10,0.3,1,base.blocks.0,0.952892
10,1,7,vit_tiny,cifar10,0.3,2,base.blocks.1,0.947066
10,1,7,vit_tiny,cifar10,0.3,3,base.blocks.2,0.950613
10,1,7,vit_tiny,cifar10,0.3,4,base.blocks.3,0.947146
10,1,7,vit_tiny,cifar10,0.3,5,base.blocks.4,0.944527
10,1,7,vit_tiny,cifar10,0.3,6,base.blocks.5,0.946435
10,1,7,vit_tiny,cifar10,0.3,7,base.blocks.6,0.946720
10,1,7,vit_tiny,cifar10,0.3,8,base.blocks.7,0.948725
10,1,7,vit_tiny,cifar10,0.3,9,base.blocks.8,0.951741
10,1,7,vit_tiny,cifar10,0.3,10,base.blocks.9,0.952311
10,1,7,vit_tiny,cifar10,0.3,11,base.blocks.10,0.948161
10,1,7,vit_tiny,cifar10,0.3,12,base.blocks.11,0.943856
10,1,7,vit_tiny,cifar10,0.3,13,base.norm,0.945539
10,1,7,vit_tiny,cifar10,0.3,14,classifier,0.796821
10,1,8,vit_tiny,cifar10,0.3,0,base.patch_embed,0.924816
10,1,8,vit_tiny,cifar10,0.3,1,base.blocks.0,0.944780
10,1,8,vit_tiny,cifar10,0.3,2,base.blocks.1,0.952142
10,1,8,vit_tiny,cifar10,0.3,3,base.blocks.2,0.954493
10,1,8,vit_tiny,cifar10,0.3,4,base.blocks.3,0.949092
10,1,8,vit_tiny,cifar10,0.3,5,base.blocks.4,0.944278
10,1,8,vit_tiny,cifar10,0.3,6,base.blocks.5,0.941186
10,1,8,vit_tiny,cifar10,0.3,7,base.blocks.6,0.938636
10,1,8,vit_tiny,cifar10,0.3,8,base.blocks.7,0.935001
10,1,8,vit_tiny,cifar10,0.3,9,base.blocks.8,0.935516
10,1,8,vit_tiny,cifar10,0.3,10,base.blocks.9,0.935787
10,1,8,vit_tiny,cifar10,0.3,11,base.blocks.10,0.934572
10,1,8,vit_tiny,cifar10,0.3,12,base.blocks.11,0.934943
10,1,8,vit_tiny,cifar10,0.3,13,base.norm,0.943684
10,1,8,vit_tiny,cifar10,0.3,14,classifier,0.884740
10,1,9,vit_tiny,cifar10,0.3,0,base.patch_embed,0.945263
10,1,9,vit_tiny,cifar10,0.3,1,base.blocks.0,0.938130
10,1,9,vit_tiny,cifar10,0.3,2,base.blocks.1,0.946574
10,1,9,vit_tiny,cifar10,0.3,3,base.blocks.2,0.953282
10,1,9,vit_tiny,cifar10,0.3,4,base.blocks.3,0.955068
10,1,9,vit_tiny,cifar10,0.3,5,base.blocks.4,0.955911
10,1,9,vit_tiny,cifar10,0.3,6,base.blocks.5,0.956648
10,1,9,vit_tiny,cifar10,0.3,7,base.blocks.6,0.957240
10,1,9,vit_tiny,cifar10,0.3,8,base.blocks.7,0.957908
10,1,9,vit_tiny,cifar10,0.3,9,base.blocks.8,0.959908
10,1,9,vit_tiny,cifar10,0.3,10,base.blocks.9,0.961346
10,1,9,vit_tiny,cifar10,0.3,11,base.blocks.10,0.964704
10,1,9,vit_tiny,cifar10,0.3,12,base.blocks.11,0.962934
10,1,9,vit_tiny,cifar10,0.3,13,base.norm,0.960027
10,1,9,vit_tiny,cifar10,0.3,14,classifier,0.844281
10,2,3,vit_tiny,cifar10,0.3,0,base.patch_embed,0.995930
10,2,3,vit_tiny,cifar10,0.3,1,base.blocks.0,0.975935
10,2,3,vit_tiny,cifar10,0.3,2,base.blocks.1,0.962387
10,2,3,vit_tiny,cifar10,0.3,3,base.blocks.2,0.954377
10,2,3,vit_tiny,cifar10,0.3,4,base.blocks.3,0.946501
10,2,3,vit_tiny,cifar10,0.3,5,base.blocks.4,0.935113
10,2,3,vit_tiny,cifar10,0.3,6,base.blocks.5,0.926108
10,2,3,vit_tiny,cifar10,0.3,7,base.blocks.6,0.916186
10,2,3,vit_tiny,cifar10,0.3,8,base.blocks.7,0.903556
10,2,3,vit_tiny,cifar10,0.3,9,base.blocks.8,0.892866
10,2,3,vit_tiny,cifar10,0.3,10,base.blocks.9,0.885027
10,2,3,vit_tiny,cifar10,0.3,11,base.blocks.10,0.867763
10,2,3,vit_tiny,cifar10,0.3,12,base.blocks.11,0.853827
10,2,3,vit_tiny,cifar10,0.3,13,base.norm,0.869831
10,2,3,vit_tiny,cifar10,0.3,14,classifier,0.665617
10,2,4,vit_tiny,cifar10,0.3,0,base.patch_embed,0.982778
10,2,4,vit_tiny,cifar10,0.3,1,base.blocks.0,0.974188
10,2,4,vit_tiny,cifar10,0.3,2,base.blocks.1,0.959937
10,2,4,vit_tiny,cifar10,0.3,3,base.blocks.2,0.946807
10,2,4,vit_tiny,cifar10,0.3,4,base.blocks.3,0.930735
10,2,4,vit_tiny,cifar10,0.3,5,base.blocks.4,0.913166
10,2,4,vit_tiny,cifar10,0.3,6,base.blocks.5,0.896662
10,2,4,vit_tiny,cifar10,0.3,7,base.blocks.6,0.887076
10,2,4,vit_tiny,cifar10,0.3,8,base.blocks.7,0.873398
10,2,4,vit_tiny,cifar10,0.3,9,base.blocks.8,0.862217
10,2,4,vit_tiny,cifar10,0.3,10,base.blocks.9,0.853752
10,2,4,vit_tiny,cifar10,0.3,11,base.blocks.10,0.838510
10,2,4,vit_tiny,cifar10,0.3,12,base.blocks.11,0.829469
10,2,4,vit_tiny,cifar10,0.3,13,base.norm,0.849901
10,2,4,vit_tiny,cifar10,0.3,14,classifier,0.751497
10,2,5,vit_tiny,cifar10,0.3,0,base.patch_embed,0.989766
10,2,5,vit_tiny,cifar10,0.3,1,base.blocks.0,0.987480
10,2,5,vit_tiny,cifar10,0.3,2,base.blocks.1,0.979383
10,2,5,vit_tiny,cifar10,0.3,3,base.blocks.2,0.973387
10,2,5,vit_tiny,cifar10,0.3,4,base.blocks.3,0.968113
10,2,5,vit_tiny,cifar10,0.3,5,base.blocks.4,0.961459
10,2,5,vit_tiny,cifar10,0.3,6,base.blocks.5,0.956784
10,2,5,vit_tiny,cifar10,0.3,7,base.blocks.6,0.952699
10,2,5,vit_tiny,cifar10,0.3,8,base.blocks.7,0.946764
10,2,5,vit_tiny,cifar10,0.3,9,base.blocks.8,0.942002
10,2,5,vit_tiny,cifar10,0.3,10,base.blocks.9,0.937858
10,2,5,vit_tiny,cifar10,0.3,11,base.blocks.10,0.930850
10,2,5,vit_tiny,cifar10,0.3,12,base.blocks.11,0.925454
10,2,5,vit_tiny,cifar10,0.3,13,base.norm,0.925130
10,2,5,vit_tiny,cifar10,0.3,14,classifier,0.721522
10,2,6,vit_tiny,cifar10,0.3,0,base.patch_embed,0.980236
10,2,6,vit_tiny,cifar10,0.3,1,base.blocks.0,0.951559
10,2,6,vit_tiny,cifar10,0.3,2,base.blocks.1,0.932019
10,2,6,vit_tiny,cifar10,0.3,3,base.blocks.2,0.917161
10,2,6,vit_tiny,cifar10,0.3,4,base.blocks.3,0.909468
10,2,6,vit_tiny,cifar10,0.3,5,base.blocks.4,0.904099
10,2,6,vit_tiny,cifar10,0.3,6,base.blocks.5,0.894450
10,2,6,vit_tiny,cifar10,0.3,7,base.blocks.6,0.887630
10,2,6,vit_tiny,cifar10,0.3,8,base.blocks.7,0.885980
10,2,6,vit_tiny,cifar10,0.3,9,base.blocks.8,0.883251
10,2,6,vit_tiny,cifar10,0.3,10,base.blocks.9,0.880966
10,2,6,vit_tiny,cifar10,0.3,11,base.blocks.10,0.874018
10,2,6,vit_tiny,cifar10,0.3,12,base.blocks.11,0.870174
10,2,6,vit_tiny,cifar10,0.3,13,base.norm,0.901894
10,2,6,vit_tiny,cifar10,0.3,14,classifier,0.855062
10,2,7,vit_tiny,cifar10,0.3,0,base.patch_embed,0.959918
10,2,7,vit_tiny,cifar10,0.3,1,base.blocks.0,0.957820
10,2,7,vit_tiny,cifar10,0.3,2,base.blocks.1,0.948031
10,2,7,vit_tiny,cifar10,0.3,3,base.blocks.2,0.945932
10,2,7,vit_tiny,cifar10,0.3,4,base.blocks.3,0.939973
10,2,7,vit_tiny,cifar10,0.3,5,base.blocks.4,0.932268
10,2,7,vit_tiny,cifar10,0.3,6,base.blocks.5,0.929334
10,2,7,vit_tiny,cifar10,0.3,7,base.blocks.6,0.926907
10,2,7,vit_tiny,cifar10,0.3,8,base.blocks.7,0.923258
10,2,7,vit_tiny,cifar10,0.3,9,base.blocks.8,0.921894
10,2,7,vit_tiny,cifar10,0.3,10,base.blocks.9,0.920478
10,2,7,vit_tiny,cifar10,0.3,11,base.blocks.10,0.908951
10,2,7,vit_tiny,cifar10,0.3,12,base.blocks.11,0.899300
10,2,7,vit_tiny,cifar10,0.3,13,base.norm,0.913851
10,2,7,vit_tiny,cifar10,0.3,14,classifier,0.794675
10,2,8,vit_tiny,cifar10,0.3,0,base.patch_embed,0.959907
10,2,8,vit_tiny,cifar10,0.3,1,base.blocks.0,0.975220
10,2,8,vit_tiny,cifar10,0.3,2,base.blocks.1,0.974625
10,2,8,vit_tiny,cifar10,0.3,3,base.blocks.2,0.971501
10,2,8,vit_tiny,cifar10,0.3,4,base.blocks.3,0.962321
10,2,8,vit_tiny,cifar10,0.3,5,base.blocks.4,0.952247
10,2,8,vit_tiny,cifar10,0.3,6,base.blocks.5,0.944279
10,2,8,vit_tiny,cifar10,0.3,7,base.blocks.6,0.939433
10,2,8,vit_tiny,cifar10,0.3,8,base.blocks.7,0.930488
10,2,8,vit_tiny,cifar10,0.3,9,base.blocks.8,0.926317
10,2,8,vit_tiny,cifar10,0.3,10,base.blocks.9,0.925508
10,2,8,vit_tiny,cifar10,0.3,11,base.blocks.10,0.918347
10,2,8,vit_tiny,cifar10,0.3,12,base.blocks.11,0.915050
10,2,8,vit_tiny,cifar10,0.3,13,base.norm,0.932689
10,2,8,vit_tiny,cifar10,0.3,14,classifier,0.901194
10,2,9,vit_tiny,cifar10,0.3,0,base.patch_embed,0.955440
10,2,9,vit_tiny,cifar10,0.3,1,base.blocks.0,0.948864
10,2,9,vit_tiny,cifar10,0.3,2,base.blocks.1,0.947243
10,2,9,vit_tiny,cifar10,0.3,3,base.blocks.2,0.948164
10,2,9,vit_tiny,cifar10,0.3,4,base.blocks.3,0.946869
10,2,9,vit_tiny,cifar10,0.3,5,base.blocks.4,0.944561
10,2,9,vit_tiny,cifar10,0.3,6,base.blocks.5,0.943358
10,2,9,vit_tiny,cifar10,0.3,7,base.blocks.6,0.942503
10,2,9,vit_tiny,cifar10,0.3,8,base.blocks.7,0.940561
10,2,9,vit_tiny,cifar10,0.3,9,base.blocks.8,0.940401
10,2,9,vit_tiny,cifar10,0.3,10,base.blocks.9,0.939636
10,2,9,vit_tiny,cifar10,0.3,11,base.blocks.10,0.935898
10,2,9,vit_tiny,cifar10,0.3,12,base.blocks.11,0.929439
10,2,9,vit_tiny,cifar10,0.3,13,base.norm,0.926080
10,2,9,vit_tiny,cifar10,0.3,14,classifier,0.802988
10,3,4,vit_tiny,cifar10,0.3,0,base.patch_embed,0.983708
10,3,4,vit_tiny,cifar10,0.3,1,base.blocks.0,0.980813
10,3,4,vit_tiny,cifar10,0.3,2,base.blocks.1,0.980545
10,3,4,vit_tiny,cifar10,0.3,3,base.blocks.2,0.980898
10,3,4,vit_tiny,cifar10,0.3,4,base.blocks.3,0.977692
10,3,4,vit_tiny,cifar10,0.3,5,base.blocks.4,0.974741
10,3,4,vit_tiny,cifar10,0.3,6,base.blocks.5,0.969512
10,3,4,vit_tiny,cifar10,0.3,7,base.blocks.6,0.967420
10,3,4,vit_tiny,cifar10,0.3,8,base.blocks.7,0.962209
10,3,4,vit_tiny,cifar10,0.3,9,base.blocks.8,0.957219
10,3,4,vit_tiny,cifar10,0.3,10,base.blocks.9,0.952818
10,3,4,vit_tiny,cifar10,0.3,11,base.blocks.10,0.945795
10,3,4,vit_tiny,cifar10,0.3,12,base.blocks.11,0.940596
10,3,4,vit_tiny,cifar10,0.3,13,base.norm,0.955430
10,3,4,vit_tiny,cifar10,0.3,14,classifier,0.930113
10,3,5,vit_tiny,cifar10,0.3,0,base.patch_embed,0.986127
10,3,5,vit_tiny,cifar10,0.3,1,base.blocks.0,0.986647
10,3,5,vit_tiny,cifar10,0.3,2,base.blocks.1,0.984536
10,3,5,vit_tiny,cifar10,0.3,3,base.blocks.2,0.986457
10,3,5,vit_tiny,cifar10,0.3,4,base.blocks.3,0.985639
10,3,5,vit_tiny,cifar10,0.3,5,base.blocks.4,0.982487
10,3,5,vit_tiny,cifar10,0.3,6,base.blocks.5,0.981803
10,3,5,vit_tiny,cifar10,0.3,7,base.blocks.6,0.978223
10,3,5,vit_tiny,cifar10,0.3,8,base.blocks.7,0.973261
10,3,5,vit_tiny,cifar10,0.3,9,base.blocks.8,0.968580
10,3,5,vit_tiny,cifar10,0.3,10,base.blocks.9,0.964321
10,3,5,vit_tiny,cifar10,0.3,11,base.blocks.10,0.955829
10,3,5,vit_tiny,cifar10,0.3,12,base.blocks.11,0.948024
10,3,5,vit_tiny,cifar10,0.3,13,base.norm,0.965856
10,3,5,vit_tiny,cifar10,0.3,14,classifier,0.864446
10,3,6,vit_tiny,cifar10,0.3,0,base.patch_embed,0.989061
10,3,6,vit_tiny,cifar10,0.3,1,base.blocks.0,0.965710
10,3,6,vit_tiny,cifar10,0.3,2,base.blocks.1,0.950971
10,3,6,vit_tiny,cifar10,0.3,3,base.blocks.2,0.941344
10,3,6,vit_tiny,cifar10,0.3,4,base.blocks.3,0.930063
10,3,6,vit_tiny,cifar10,0.3,5,base.blocks.4,0.924197
10,3,6,vit_tiny,cifar10,0.3,6,base.blocks.5,0.911947
10,3,6,vit_tiny,cifar10,0.3,7,base.blocks.6,0.907557
10,3,6,vit_tiny,cifar10,0.3,8,base.blocks.7,0.905590
10,3,6,vit_tiny,cifar10,0.3,9,base.blocks.8,0.902161
10,3,6,vit_tiny,cifar10,0.3,10,base.blocks.9,0.895354
10,3,6,vit_tiny,cifar10,0.3,11,base.blocks.10,0.888224
10,3,6,vit_tiny,cifar10,0.3,12,base.blocks.11,0.879464
10,3,6,vit_tiny,cifar10,0.3,13,base.norm,0.877731
10,3,6,vit_tiny,cifar10,0.3,14,classifier,0.776269
10,3,7,vit_tiny,cifar10,0.3,0,base.patch_embed,0.965882
10,3,7,vit_tiny,cifar10,0.3,1,base.blocks.0,0.973855
10,3,7,vit_tiny,cifar10,0.3,2,base.blocks.1,0.972759
10,3,7,vit_tiny,cifar10,0.3,3,base.blocks.2,0.972729
10,3,7,vit_tiny,cifar10,0.3,4,base.blocks.3,0.971270
10,3,7,vit_tiny,cifar10,0.3,5,base.blocks.4,0.969433
10,3,7,vit_tiny,cifar10,0.3,6,base.blocks.5,0.968136
10,3,7,vit_tiny,cifar10,0.3,7,base.blocks.6,0.964514
10,3,7,vit_tiny,cifar10,0.3,8,base.blocks.7,0.959275
10,3,7,vit_tiny,cifar10,0.3,9,base.blocks.8,0.952479
10,3,7,vit_tiny,cifar10,0.3,10,base.blocks.9,0.949321
10,3,7,vit_tiny,cifar10,0.3,11,base.blocks.10,0.940179
10,3,7,vit_tiny,cifar10,0.3,12,base.blocks.11,0.932474
10,3,7,vit_tiny,cifar10,0.3,13,base.norm,0.930516
10,3,7,vit_tiny,cifar10,0.3,14,classifier,0.836771
10,3,8,vit_tiny,cifar10,0.3,0,base.patch_embed,0.956753
10,3,8,vit_tiny,cifar10,0.3,1,base.blocks.0,0.960361
10,3,8,vit_tiny,cifar10,0.3,2,base.blocks.1,0.954889
10,3,8,vit_tiny,cifar10,0.3,3,base.blocks.2,0.953049
10,3,8,vit_tiny,cifar10,0.3,4,base.blocks.3,0.947871
10,3,8,vit_tiny,cifar10,0.3,5,base.blocks.4,0.944170
10,3,8,vit_tiny,cifar10,0.3,6,base.blocks.5,0.938727
10,3,8,vit_tiny,cifar10,0.3,7,base.blocks.6,0.933669
10,3,8,vit_tiny,cifar10,0.3,8,base.blocks.7,0.925762
10,3,8,vit_tiny,cifar10,0.3,9,base.blocks.8,0.920244
10,3,8,vit_tiny,cifar10,0.3,10,base.blocks.9,0.917077
10,3,8,vit_tiny,cifar10,0.3,11,base.blocks.10,0.906511
10,3,8,vit_tiny,cifar10,0.3,12,base.blocks.11,0.899283
10,3,8,vit_tiny,cifar10,0.3,13,base.norm,0.894730
10,3,8,vit_tiny,cifar10,0.3,14,classifier,0.743843
10,3,9,vit_tiny,cifar10,0.3,0,base.patch_embed,0.956448
10,3,9,vit_tiny,cifar10,0.3,1,base.blocks.0,0.956589
10,3,9,vit_tiny,cifar10,0.3,2,base.blocks.1,0.954586
10,3,9,vit_tiny,cifar10,0.3,3,base.blocks.2,0.952809
10,3,9,vit_tiny,cifar10,0.3,4,base.blocks.3,0.951075
10,3,9,vit_tiny,cifar10,0.3,5,base.blocks.4,0.948677
10,3,9,vit_tiny,cifar10,0.3,6,base.blocks.5,0.944707
10,3,9,vit_tiny,cifar10,0.3,7,base.blocks.6,0.939446
10,3,9,vit_tiny,cifar10,0.3,8,base.blocks.7,0.933048
10,3,9,vit_tiny,cifar10,0.3,9,base.blocks.8,0.929153
10,3,9,vit_tiny,cifar10,0.3,10,base.blocks.9,0.927215
10,3,9,vit_tiny,cifar10,0.3,11,base.blocks.10,0.922902
10,3,9,vit_tiny,cifar10,0.3,12,base.blocks.11,0.918630
10,3,9,vit_tiny,cifar10,0.3,13,base.norm,0.935906
10,3,9,vit_tiny,cifar10,0.3,14,classifier,0.893296
10,4,5,vit_tiny,cifar10,0.3,0,base.patch_embed,0.965487
10,4,5,vit_tiny,cifar10,0.3,1,base.blocks.0,0.962914
10,4,5,vit_tiny,cifar10,0.3,2,base.blocks.1,0.955444
10,4,5,vit_tiny,cifar10,0.3,3,base.blocks.2,0.954871
10,4,5,vit_tiny,cifar10,0.3,4,base.blocks.3,0.946644
10,4,5,vit_tiny,cifar10,0.3,5,base.blocks.4,0.936970
10,4,5,vit_tiny,cifar10,0.3,6,base.blocks.5,0.931654
10,4,5,vit_tiny,cifar10,0.3,7,base.blocks.6,0.928707
10,4,5,vit_tiny,cifar10,0.3,8,base.blocks.7,0.923725
10,4,5,vit_tiny,cifar10,0.3,9,base.blocks.8,0.918128
10,4,5,vit_tiny,cifar10,0.3,10,base.blocks.9,0.912784
10,4,5,vit_tiny,cifar10,0.3,11,base.blocks.10,0.905741
10,4,5,vit_tiny,cifar10,0.3,12,base.blocks.11,0.900718
10,4,5,vit_tiny,cifar10,0.3,13,base.norm,0.932501
10,4,5,vit_tiny,cifar10,0.3,14,classifier,0.917022
10,4,6,vit_tiny,cifar10,0.3,0,base.patch_embed,0.963811
10,4,6,vit_tiny,cifar10,0.3,1,base.blocks.0,0.970298
10,4,6,vit_tiny,cifar10,0.3,2,base.blocks.1,0.963240
10,4,6,vit_tiny,cifar10,0.3,3,base.blocks.2,0.953993
10,4,6,vit_tiny,cifar10,0.3,4,base.blocks.3,0.944630
10,4,6,vit_tiny,cifar10,0.3,5,base.blocks.4,0.935458
10,4,6,vit_tiny,cifar10,0.3,6,base.blocks.5,0.924442
10,4,6,vit_tiny,cifar10,0.3,7,base.blocks.6,0.915009
10,4,6,vit_tiny,cifar10,0.3,8,base.blocks.7,0.908803
10,4,6,vit_tiny,cifar10,0.3,9,base.blocks.8,0.901726
10,4,6,vit_tiny,cifar10,0.3,10,base.blocks.9,0.895868
10,4,6,vit_tiny,cifar10,0.3,11,base.blocks.10,0.889713
10,4,6,vit_tiny,cifar10,0.3,12,base.blocks.11,0.882062
10,4,6,vit_tiny,cifar10,0.3,13,base.norm,0.866883
10,4,6,vit_tiny,cifar10,0.3,14,classifier,0.841301
10,4,7,vit_tiny,cifar10,0.3,0,base.patch_embed,0.988034
10,4,7,vit_tiny,cifar10,0.3,1,base.blocks.0,0.984496
10,4,7,vit_tiny,cifar10,0.3,2,base.blocks.1,0.982964
10,4,7,vit_tiny,cifar10,0.3,3,base.blocks.2,0.982259
10,4,7,vit_tiny,cifar10,0.3,4,base.blocks.3,0.979870
10,4,7,vit_tiny,cifar10,0.3,5,base.blocks.4,0.976897
10,4,7,vit_tiny,cifar10,0.3,6,base.blocks.5,0.970934
10,4,7,vit_tiny,cifar10,0.3,7,base.blocks.6,0.963689
10,4,7,vit_tiny,cifar10,0.3,8,base.blocks.7,0.953498
10,4,7,vit_tiny,cifar10,0.3,9,base.blocks.8,0.941122
10,4,7,vit_tiny,cifar10,0.3,10,base.blocks.9,0.931601
10,4,7,vit_tiny,cifar10,0.3,11,base.blocks.10,0.917216
10,4,7,vit_tiny,cifar10,0.3,12,base.blocks.11,0.902988
10,4,7,vit_tiny,cifar10,0.3,13,base.norm,0.928598
10,4,7,vit_tiny,cifar10,0.3,14,classifier,0.895637
10,4,8,vit_tiny,cifar10,0.3,0,base.patch_embed,0.933087
10,4,8,vit_tiny,cifar10,0.3,1,base.blocks.0,0.953156
10,4,8,vit_tiny,cifar10,0.3,2,base.blocks.1,0.958643
10,4,8,vit_tiny,cifar10,0.3,3,base.blocks.2,0.962232
10,4,8,vit_tiny,cifar10,0.3,4,base.blocks.3,0.959935
10,4,8,vit_tiny,cifar10,0.3,5,base.blocks.4,0.958561
10,4,8,vit_tiny,cifar10,0.3,6,base.blocks.5,0.954494
10,4,8,vit_tiny,cifar10,0.3,7,base.blocks.6,0.952673
10,4,8,vit_tiny,cifar10,0.3,8,base.blocks.7,0.949975
10,4,8,vit_tiny,cifar10,0.3,9,base.blocks.8,0.944961
10,4,8,vit_tiny,cifar10,0.3,10,base.blocks.9,0.941468
10,4,8,vit_tiny,cifar10,0.3,11,base.blocks.10,0.935422
10,4,8,vit_tiny,cifar10,0.3,12,base.blocks.11,0.934463
10,4,8,vit_tiny,cifar10,0.3,13,base.norm,0.912189
10,4,8,vit_tiny,cifar10,0.3,14,classifier,0.847080
10,4,9,vit_tiny,cifar10,0.3,0,base.patch_embed,0.960351
10,4,9,vit_tiny,cifar10,0.3,1,base.blocks.0,0.933364
10,4,9,vit_tiny,cifar10,0.3,2,base.blocks.1,0.925423
10,4,9,vit_tiny,cifar10,0.3,3,base.blocks.2,0.922381
10,4,9,vit_tiny,cifar10,0.3,4,base.blocks.3,0.913877
10,4,9,vit_tiny,cifar10,0.3,5,base.blocks.4,0.908979
10,4,9,vit_tiny,cifar10,0.3,6,base.blocks.5,0.898642
10,4,9,vit_tiny,cifar10,0.3,7,base.blocks.6,0.896780
10,4,9,vit_tiny,cifar10,0.3,8,base.blocks.7,0.891425
10,4,9,vit_tiny,cifar10,0.3,9,base.blocks.8,0.885002
10,4,9,vit_tiny,cifar10,0.3,10,base.blocks.9,0.877731
10,4,9,vit_tiny,cifar10,0.3,11,base.blocks.10,0.871205
10,4,9,vit_tiny,cifar10,0.3,12,base.blocks.11,0.866367
10,4,9,vit_tiny,cifar10,0.3,13,base.norm,0.908444
10,4,9,vit_tiny,cifar10,0.3,14,classifier,0.918495
10,5,6,vit_tiny,cifar10,0.3,0,base.patch_embed,0.959950
10,5,6,vit_tiny,cifar10,0.3,1,base.blocks.0,0.946304
10,5,6,vit_tiny,cifar10,0.3,2,base.blocks.1,0.933966
10,5,6,vit_tiny,cifar10,0.3,3,base.blocks.2,0.929383
10,5,6,vit_tiny,cifar10,0.3,4,base.blocks.3,0.919140
10,5,6,vit_tiny,cifar10,0.3,5,base.blocks.4,0.909942
10,5,6,vit_tiny,cifar10,0.3,6,base.blocks.5,0.900091
10,5,6,vit_tiny,cifar10,0.3,7,base.blocks.6,0.894881
10,5,6,vit_tiny,cifar10,0.3,8,base.blocks.7,0.892844
10,5,6,vit_tiny,cifar10,0.3,9,base.blocks.8,0.891922
10,5,6,vit_tiny,cifar10,0.3,10,base.blocks.9,0.887983
10,5,6,vit_tiny,cifar10,0.3,11,base.blocks.10,0.881944
10,5,6,vit_tiny,cifar10,0.3,12,base.blocks.11,0.876659
10,5,6,vit_tiny,cifar10,0.3,13,base.norm,0.887924
10,5,6,vit_tiny,cifar10,0.3,14,classifier,0.824412
10,5,7,vit_tiny,cifar10,0.3,0,base.patch_embed,0.958569
10,5,7,vit_tiny,cifar10,0.3,1,base.blocks.0,0.949573
10,5,7,vit_tiny,cifar10,0.3,2,base.blocks.1,0.942012
10,5,7,vit_tiny,cifar10,0.3,3,base.blocks.2,0.946721
10,5,7,vit_tiny,cifar10,0.3,4,base.blocks.3,0.945537
10,5,7,vit_tiny,cifar10,0.3,5,base.blocks.4,0.943133
10,5,7,vit_tiny,cifar10,0.3,6,base.blocks.5,0.946378
10,5,7,vit_tiny,cifar10,0.3,7,base.blocks.6,0.946323
10,5,7,vit_tiny,cifar10,0.3,8,base.blocks.7,0.945960
10,5,7,vit_tiny,cifar10,0.3,9,base.blocks.8,0.941487
10,5,7,vit_tiny,cifar10,0.3,10,base.blocks.9,0.937256
10,5,7,vit_tiny,cifar10,0.3,11,base.blocks.10,0.925265
10,5,7,vit_tiny,cifar10,0.3,12,base.blocks.11,0.914585
10,5,7,vit_tiny,cifar10,0.3,13,base.norm,0.931537
10,5,7,vit_tiny,cifar10,0.3,14,classifier,0.835343
10,5,8,vit_tiny,cifar10,0.3,0,base.patch_embed,0.981567
10,5,8,vit_tiny,cifar10,0.3,1,base.blocks.0,0.958207
10,5,8,vit_tiny,cifar10,0.3,2,base.blocks.1,0.950272
10,5,8,vit_tiny,cifar10,0.3,3,base.blocks.2,0.948577
10,5,8,vit_tiny,cifar10,0.3,4,base.blocks.3,0.940354
10,5,8,vit_tiny,cifar10,0.3,5,base.blocks.4,0.934776
10,5,8,vit_tiny,cifar10,0.3,6,base.blocks.5,0.931531
10,5,8,vit_tiny,cifar10,0.3,7,base.blocks.6,0.929630
10,5,8,vit_tiny,cifar10,0.3,8,base.blocks.7,0.926128
10,5,8,vit_tiny,cifar10,0.3,9,base.blocks.8,0.925551
10,5,8,vit_tiny,cifar10,0.3,10,base.blocks.9,0.925946
10,5,8,vit_tiny,cifar10,0.3,11,base.blocks.10,0.921969
10,5,8,vit_tiny,cifar10,0.3,12,base.blocks.11,0.918020
10,5,8,vit_tiny,cifar10,0.3,13,base.norm,0.926998
10,5,8,vit_tiny,cifar10,0.3,14,classifier,0.826437
10,5,9,vit_tiny,cifar10,0.3,0,base.patch_embed,0.976369
10,5,9,vit_tiny,cifar10,0.3,1,base.blocks.0,0.954667
10,5,9,vit_tiny,cifar10,0.3,2,base.blocks.1,0.953226
10,5,9,vit_tiny,cifar10,0.3,3,base.blocks.2,0.955096
10,5,9,vit_tiny,cifar10,0.3,4,base.blocks.3,0.957422
10,5,9,vit_tiny,cifar10,0.3,5,base.blocks.4,0.962321
10,5,9,vit_tiny,cifar10,0.3,6,base.blocks.5,0.963586
10,5,9,vit_tiny,cifar10,0.3,7,base.blocks.6,0.965416
10,5,9,vit_tiny,cifar10,0.3,8,base.blocks.7,0.969228
10,5,9,vit_tiny,cifar10,0.3,9,base.blocks.8,0.970587
10,5,9,vit_tiny,cifar10,0.3,10,base.blocks.9,0.970706
10,5,9,vit_tiny,cifar10,0.3,11,base.blocks.10,0.971399
10,5,9,vit_tiny,cifar10,0.3,12,base.blocks.11,0.969731
10,5,9,vit_tiny,cifar10,0.3,13,base.norm,0.967340
10,5,9,vit_tiny,cifar10,0.3,14,classifier,0.857920
10,6,7,vit_tiny,cifar10,0.3,0,base.patch_embed,0.935937
10,6,7,vit_tiny,cifar10,0.3,1,base.blocks.0,0.929974
10,6,7,vit_tiny,cifar10,0.3,2,base.blocks.1,0.917129
10,6,7,vit_tiny,cifar10,0.3,3,base.blocks.2,0.906041
10,6,7,vit_tiny,cifar10,0.3,4,base.blocks.3,0.900831
10,6,7,vit_tiny,cifar10,0.3,5,base.blocks.4,0.896121
10,6,7,vit_tiny,cifar10,0.3,6,base.blocks.5,0.891116
10,6,7,vit_tiny,cifar10,0.3,7,base.blocks.6,0.883447
10,6,7,vit_tiny,cifar10,0.3,8,base.blocks.7,0.883201
10,6,7,vit_tiny,cifar10,0.3,9,base.blocks.8,0.880896
10,6,7,vit_tiny,cifar10,0.3,10,base.blocks.9,0.880569
10,6,7,vit_tiny,cifar10,0.3,11,base.blocks.10,0.875786
10,6,7,vit_tiny,cifar10,0.3,12,base.blocks.11,0.868486
10,6,7,vit_tiny,cifar10,0.3,13,base.norm,0.860094
10,6,7,vit_tiny,cifar10,0.3,14,classifier,0.793726
10,6,8,vit_tiny,cifar10,0.3,0,base.patch_embed,0.934139
10,6,8,vit_tiny,cifar10,0.3,1,base.blocks.0,0.907044
10,6,8,vit_tiny,cifar10,0.3,2,base.blocks.1,0.898963
10,6,8,vit_tiny,cifar10,0.3,3,base.blocks.2,0.897159
10,6,8,vit_tiny,cifar10,0.3,4,base.blocks.3,0.891102
10,6,8,vit_tiny,cifar10,0.3,5,base.blocks.4,0.887909
10,6,8,vit_tiny,cifar10,0.3,6,base.blocks.5,0.879957
10,6,8,vit_tiny,cifar10,0.3,7,base.blocks.6,0.875247
10,6,8,vit_tiny,cifar10,0.3,8,base.blocks.7,0.870613
10,6,8,vit_tiny,cifar10,0.3,9,base.blocks.8,0.863855
10,6,8,vit_tiny,cifar10,0.3,10,base.blocks.9,0.858255
10,6,8,vit_tiny,cifar10,0.3,11,base.blocks.10,0.850627
10,6,8,vit_tiny,cifar10,0.3,12,base.blocks.11,0.848908
10,6,8,vit_tiny,cifar10,0.3,13,base.norm,0.866822
10,6,8,vit_tiny,cifar10,0.3,14,classifier,0.900198
10,6,9,vit_tiny,cifar10,0.3,0,base.patch_embed,0.922927
10,6,9,vit_tiny,cifar10,0.3,1,base.blocks.0,0.867506
10,6,9,vit_tiny,cifar10,0.3,2,base.blocks.1,0.843341
10,6,9,vit_tiny,cifar10,0.3,3,base.blocks.2,0.828331
10,6,9,vit_tiny,cifar10,0.3,4,base.blocks.3,0.817420
10,6,9,vit_tiny,cifar10,0.3,5,base.blocks.4,0.815382
10,6,9,vit_tiny,cifar10,0.3,6,base.blocks.5,0.802337
10,6,9,vit_tiny,cifar10,0.3,7,base.blocks.6,0.798538
10,6,9,vit_tiny,cifar10,0.3,8,base.blocks.7,0.803098
10,6,9,vit_tiny,cifar10,0.3,9,base.blocks.8,0.805815
10,6,9,vit_tiny,cifar10,0.3,10,base.blocks.9,0.804055
10,6,9,vit_tiny,cifar10,0.3,11,base.blocks.10,0.803507
10,6,9,vit_tiny,cifar10,0.3,12,base.blocks.11,0.797738
10,6,9,vit_tiny,cifar10,0.3,13,base.norm,0.818286
10,6,9,vit_tiny,cifar10,0.3,14,classifier,0.884264
10,7,8,vit_tiny,cifar10,0.3,0,base.patch_embed,0.942288
10,7,8,vit_tiny,cifar10,0.3,1,base.blocks.0,0.966495
10,7,8,vit_tiny,cifar10,0.3,2,base.blocks.1,0.970463
10,7,8,vit_tiny,cifar10,0.3,3,base.blocks.2,0.974950
10,7,8,vit_tiny,cifar10,0.3,4,base.blocks.3,0.977906
10,7,8,vit_tiny,cifar10,0.3,5,base.blocks.4,0.979371
10,7,8,vit_tiny,cifar10,0.3,6,base.blocks.5,0.979348
10,7,8,vit_tiny,cifar10,0.3,7,base.blocks.6,0.977770
10,7,8,vit_tiny,cifar10,0.3,8,base.blocks.7,0.975262
10,7,8,vit_tiny,cifar10,0.3,9,base.blocks.8,0.971954
10,7,8,vit_tiny,cifar10,0.3,10,base.blocks.9,0.966952
10,7,8,vit_tiny,cifar10,0.3,11,base.blocks.10,0.959065
10,7,8,vit_tiny,cifar10,0.3,12,base.blocks.11,0.950500
10,7,8,vit_tiny,cifar10,0.3,13,base.norm,0.963212
10,7,8,vit_tiny,cifar10,0.3,14,classifier,0.819789
10,7,9,vit_tiny,cifar10,0.3,0,base.patch_embed,0.980956
10,7,9,vit_tiny,cifar10,0.3,1,base.blocks.0,0.968163
10,7,9,vit_tiny,cifar10,0.3,2,base.blocks.1,0.961811
10,7,9,vit_tiny,cifar10,0.3,3,base.blocks.2,0.961803
10,7,9,vit_tiny,cifar10,0.3,4,base.blocks.3,0.957238
10,7,9,vit_tiny,cifar10,0.3,5,base.blocks.4,0.955027
10,7,9,vit_tiny,cifar10,0.3,6,base.blocks.5,0.951598
10,7,9,vit_tiny,cifar10,0.3,7,base.blocks.6,0.952178
10,7,9,vit_tiny,cifar10,0.3,8,base.blocks.7,0.949895
10,7,9,vit_tiny,cifar10,0.3,9,base.blocks.8,0.946830
10,7,9,vit_tiny,cifar10,0.3,10,base.blocks.9,0.942314
10,7,9,vit_tiny,cifar10,0.3,11,base.blocks.10,0.934901
10,7,9,vit_tiny,cifar10,0.3,12,base.blocks.11,0.928216
10,7,9,vit_tiny,cifar10,0.3,13,base.norm,0.948636
10,7,9,vit_tiny,cifar10,0.3,14,classifier,0.852330
10,8,9,vit_tiny,cifar10,0.3,0,base.patch_embed,0.979540
10,8,9,vit_tiny,cifar10,0.3,1,base.blocks.0,0.973347
10,8,9,vit_tiny,cifar10,0.3,2,base.blocks.1,0.964634
10,8,9,vit_tiny,cifar10,0.3,3,base.blocks.2,0.957363
10,8,9,vit_tiny,cifar10,0.3,4,base.blocks.3,0.951613
10,8,9,vit_tiny,cifar10,0.3,5,base.blocks.4,0.948606
10,8,9,vit_tiny,cifar10,0.3,6,base.blocks.5,0.943482
10,8,9,vit_tiny,cifar10,0.3,7,base.blocks.6,0.940924
10,8,9,vit_tiny,cifar10,0.3,8,base.blocks.7,0.937458
10,8,9,vit_tiny,cifar10,0.3,9,base.blocks.8,0.937448
10,8,9,vit_tiny,cifar10,0.3,10,base.blocks.9,0.938143
10,8,9,vit_tiny,cifar10,0.3,11,base.blocks.10,0.935737
10,8,9,vit_tiny,cifar10,0.3,12,base.blocks.11,0.929811
10,8,9,vit_tiny,cifar10,0.3,13,base.norm,0.927922
10,8,9,vit_tiny,cifar10,0.3,14,classifier,0.828328
20,0,1,vit_tiny,cifar10,0.3,0,base.patch_embed,0.918127
20,0,1,vit_tiny,cifar10,0.3,1,base.blocks.0,0.947346
20,0,1,vit_tiny,cifar10,0.3,2,base.blocks.1,0.941647
20,0,1,vit_tiny,cifar10,0.3,3,base.blocks.2,0.938404
20,0,1,vit_tiny,cifar10,0.3,4,base.blocks.3,0.932054
20,0,1,vit_tiny,cifar10,0.3,5,base.blocks.4,0.922202
20,0,1,vit_tiny,cifar10,0.3,6,base.blocks.5,0.917634
20,0,1,vit_tiny,cifar10,0.3,7,base.blocks.6,0.912115
20,0,1,vit_tiny,cifar10,0.3,8,base.blocks.7,0.907403
20,0,1,vit_tiny,cifar10,0.3,9,base.blocks.8,0.898669
20,0,1,vit_tiny,cifar10,0.3,10,base.blocks.9,0.889339
20,0,1,vit_tiny,cifar10,0.3,11,base.blocks.10,0.873774
20,0,1,vit_tiny,cifar10,0.3,12,base.blocks.11,0.858727
20,0,1,vit_tiny,cifar10,0.3,13,base.norm,0.849839
20,0,1,vit_tiny,cifar10,0.3,14,classifier,0.729221
20,0,2,vit_tiny,cifar10,0.3,0,base.patch_embed,0.977526
20,0,2,vit_tiny,cifar10,0.3,1,base.blocks.0,0.963670
20,0,2,vit_tiny,cifar10,0.3,2,base.blocks.1,0.960247
20,0,2,vit_tiny,cifar10,0.3,3,base.blocks.2,0.957230
20,0,2,vit_tiny,cifar10,0.3,4,base.blocks.3,0.950422
20,0,2,vit_tiny,cifar10,0.3,5,base.blocks.4,0.944039
20,0,2,vit_tiny,cifar10,0.3,6,base.blocks.5,0.942432
20,0,2,vit_tiny,cifar10,0.3,7,base.blocks.6,0.941048
20,0,2,vit_tiny,cifar10,0.3,8,base.blocks.7,0.939035
20,0,2,vit_tiny,cifar10,0.3,9,base.blocks.8,0.937567
20,0,2,vit_tiny,cifar10,0.3,10,base.blocks.9,0.937479
20,0,2,vit_tiny,cifar10,0.3,11,base.blocks.10,0.932259
20,0,2,vit_tiny,cifar10,0.3,12,base.blocks.11,0.927253
20,0,2,vit_tiny,cifar10,0.3,13,base.norm,0.928079
20,0,2,vit_tiny,cifar10,0.3,14,classifier,0.842017
20,0,3,vit_tiny,cifar10,0.3,0,base.patch_embed,0.978226
20,0,3,vit_tiny,cifar10,0.3,1,base.blocks.0,0.973184
20,0,3,vit_tiny,cifar10,0.3,2,base.blocks.1,0.973258
20,0,3,vit_tiny,cifar10,0.3,3,base.blocks.2,0.970254
20,0,3,vit_tiny,cifar10,0.3,4,base.blocks.3,0.964167
20,0,3,vit_tiny,cifar10,0.3,5,base.blocks.4,0.955897
20,0,3,vit_tiny,cifar10,0.3,6,base.blocks.5,0.948396
20,0,3,vit_tiny,cifar10,0.3,7,base.blocks.6,0.937756
20,0,3,vit_tiny,cifar10,0.3,8,base.blocks.7,0.928192
20,0,3,vit_tiny,cifar10,0.3,9,base.blocks.8,0.917009
20,0,3,vit_tiny,cifar10,0.3,10,base.blocks.9,0.910300
20,0,3,vit_tiny,cifar10,0.3,11,base.blocks.10,0.894353
20,0,3,vit_tiny,cifar10,0.3,12,base.blocks.11,0.880264
20,0,3,vit_tiny,cifar10,0.3,13,base.norm,0.877782
20,0,3,vit_tiny,cifar10,0.3,14,classifier,0.590755
20,0,4,vit_tiny,cifar10,0.3,0,base.patch_embed,0.980765
20,0,4,vit_tiny,cifar10,0.3,1,base.blocks.0,0.988605
20,0,4,vit_tiny,cifar10,0.3,2,base.blocks.1,0.983990
20,0,4,vit_tiny,cifar10,0.3,3,base.blocks.2,0.982706
20,0,4,vit_tiny,cifar10,0.3,4,base.blocks.3,0.981496
20,0,4,vit_tiny,cifar10,0.3,5,base.blocks.4,0.980078
20,0,4,vit_tiny,cifar10,0.3,6,base.blocks.5,0.977350
20,0,4,vit_tiny,cifar10,0.3,7,base.blocks.6,0.973485
20,0,4,vit_tiny,cifar10,0.3,8,base.blocks.7,0.968983
20,0,4,vit_tiny,cifar10,0.3,9,base.blocks.8,0.961456
20,0,4,vit_tiny,cifar10,0.3,10,base.blocks.9,0.956812
20,0,4,vit_tiny,cifar10,0.3,11,base.blocks.10,0.950501
20,0,4,vit_tiny,cifar10,0.3,12,base.blocks.11,0.943010
20,0,4,vit_tiny,cifar10,0.3,13,base.norm,0.925869
20,0,4,vit_tiny,cifar10,0.3,14,classifier,0.727295
20,0,5,vit_tiny,cifar10,0.3,0,base.patch_embed,0.925640
20,0,5,vit_tiny,cifar10,0.3,1,base.blocks.0,0.936933
20,0,5,vit_tiny,cifar10,0.3,2,base.blocks.1,0.934149
20,0,5,vit_tiny,cifar10,0.3,3,base.blocks.2,0.932931
20,0,5,vit_tiny,cifar10,0.3,4,base.blocks.3,0.926448
20,0,5,vit_tiny,cifar10,0.3,5,base.blocks.4,0.917639
20,0,5,vit_tiny,cifar10,0.3,6,base.blocks.5,0.913473
20,0,5,vit_tiny,cifar10,0.3,7,base.blocks.6,0.906806
20,0,5,vit_tiny,cifar10,0.3,8,base.blocks.7,0.904258
20,0,5,vit_tiny,cifar10,0.3,9,base.blocks.8,0.898513
20,0,5,vit_tiny,cifar10,0.3,10,base.blocks.9,0.891752
20,0,5,vit_tiny,cifar10,0.3,11,base.blocks.10,0.879708
20,0,5,vit_tiny,cifar10,0.3,12,base.blocks.11,0.868006
20,0,5,vit_tiny,cifar10,0.3,13,base.norm,0.858046
20,0,5,vit_tiny,cifar10,0.3,14,classifier,0.570728
20,0,6,vit_tiny,cifar10,0.3,0,base.patch_embed,0.976982
20,0,6,vit_tiny,cifar10,0.3,1,base.blocks.0,0.977948
20,0,6,vit_tiny,cifar10,0.3,2,base.blocks.1,0.974011
20,0,6,vit_tiny,cifar10,0.3,3,base.blocks.2,0.972144
20,0,6,vit_tiny,cifar10,0.3,4,base.blocks.3,0.970088
20,0,6,vit_tiny,cifar10,0.3,5,base.blocks.4,0.966011
20,0,6,vit_tiny,cifar10,0.3,6,base.blocks.5,0.964557
20,0,6,vit_tiny,cifar10,0.3,7,base.blocks.6,0.959927
20,0,6,vit_tiny,cifar10,0.3,8,base.blocks.7,0.957710
20,0,6,vit_tiny,cifar10,0.3,9,base.blocks.8,0.954010
20,0,6,vit_tiny,cifar10,0.3,10,base.blocks.9,0.949984
20,0,6,vit_tiny,cifar10,0.3,11,base.blocks.10,0.942891
20,0,6,vit_tiny,cifar10,0.3,12,base.blocks.11,0.935350
20,0,6,vit_tiny,cifar10,0.3,13,base.norm,0.939552
20,0,6,vit_tiny,cifar10,0.3,14,classifier,0.745105
20,0,7,vit_tiny,cifar10,0.3,0,base.patch_embed,0.898006
20,0,7,vit_tiny,cifar10,0.3,1,base.blocks.0,0.866501
20,0,7,vit_tiny,cifar10,0.3,2,base.blocks.1,0.867181
20,0,7,vit_tiny,cifar10,0.3,3,base.blocks.2,0.858140
20,0,7,vit_tiny,cifar10,0.3,4,base.blocks.3,0.842853
20,0,7,vit_tiny,cifar10,0.3,5,base.blocks.4,0.827295
20,0,7,vit_tiny,cifar10,0.3,6,base.blocks.5,0.825867
20,0,7,vit_tiny,cifar10,0.3,7,base.blocks.6,0.811938
20,0,7,vit_tiny,cifar10,0.3,8,base.blocks.7,0.807429
20,0,7,vit_tiny,cifar10,0.3,9,base.blocks.8,0.806718
20,0,7,vit_tiny,cifar10,0.3,10,base.blocks.9,0.808658
20,0,7,vit_tiny,cifar10,0.3,11,base.blocks.10,0.798731
20,0,7,vit_tiny,cifar10,0.3,12,base.blocks.11,0.788251
20,0,7,vit_tiny,cifar10,0.3,13,base.norm,0.798517
20,0,7,vit_tiny,cifar10,0.3,14,classifier,0.780888
20,0,8,vit_tiny,cifar10,0.3,0,base.patch_embed,0.975133
20,0,8,vit_tiny,cifar10,0.3,1,base.blocks.0,0.978472
20,0,8,vit_tiny,cifar10,0.3,2,base.blocks.1,0.966594
20,0,8,vit_tiny,cifar10,0.3,3,base.blocks.2,0.956372
20,0,8,vit_tiny,cifar10,0.3,4,base.blocks.3,0.946770
20,0,8,vit_tiny,cifar10,0.3,5,base.blocks.4,0.938682
20,0,8,vit_tiny,cifar10,0.3,6,base.blocks.5,0.931333
20,0,8,vit_tiny,cifar10,0.3,7,base.blocks.6,0.917284
20,0,8,vit_tiny,cifar10,0.3,8,base.blocks.7,0.906964
20,0,8,vit_tiny,cifar10,0.3,9,base.blocks.8,0.893018
20,0,8,vit_tiny,cifar10,0.3,10,base.blocks.9,0.887291
20,0,8,vit_tiny,cifar10,0.3,11,base.blocks.10,0.876299
20,0,8,vit_tiny,cifar10,0.3,12,base.blocks.11,0.866853
20,0,8,vit_tiny,cifar10,0.3,13,base.norm,0.858401
20,0,8,vit_tiny,cifar10,0.3,14,classifier,0.785372
20,0,9,vit_tiny,cifar10,0.3,0,base.patch_embed,0.970146
20,0,9,vit_tiny,cifar10,0.3,1,base.blocks.0,0.981014
20,0,9,vit_tiny,cifar10,0.3,2,base.blocks.1,0.982874
20,0,9,vit_tiny,cifar10,0.3,3,base.blocks.2,0.976766
20,0,9,vit_tiny,cifar10,0.3,4,base.blocks.3,0.970564
20,0,9,vit_tiny,cifar10,0.3,5,base.blocks.4,0.960195
20,0,9,vit_tiny,cifar10,0.3,6,base.blocks.5,0.956150
20,0,9,vit_tiny,cifar10,0.3,7,base.blocks.6,0.948487
20,0,9,vit_tiny,cifar10,0.3,8,base.blocks.7,0.942537
20,0,9,vit_tiny,cifar10,0.3,9,base.blocks.8,0.935156
20,0,9,vit_tiny,cifar10,0.3,10,base.blocks.9,0.927466
20,0,9,vit_tiny,cifar10,0.3,11,base.blocks.10,0.914806
20,0,9,vit_tiny,cifar10,0.3,12,base.blocks.11,0.903323
20,0,9,vit_tiny,cifar10,0.3,13,base.norm,0.899270
20,0,9,vit_tiny,cifar10,0.3,14,classifier,0.756927
20,1,2,vit_tiny,cifar10,0.3,0,base.patch_embed,0.968039
20,1,2,vit_tiny,cifar10,0.3,1,base.blocks.0,0.954584
20,1,2,vit_tiny,cifar10,0.3,2,base.blocks.1,0.953754
20,1,2,vit_tiny,cifar10,0.3,3,base.blocks.2,0.954998
20,1,2,vit_tiny,cifar10,0.3,4,base.blocks.3,0.953894
20,1,2,vit_tiny,cifar10,0.3,5,base.blocks.4,0.952784
20,1,2,vit_tiny,cifar10,0.3,6,base.blocks.5,0.950041
20,1,2,vit_tiny,cifar10,0.3,7,base.blocks.6,0.947217
20,1,2,vit_tiny,cifar10,0.3,8,base.blocks.7,0.943653
20,1,2,vit_tiny,cifar10,0.3,9,base.blocks.8,0.936955
20,1,2,vit_tiny,cifar10,0.3,10,base.blocks.9,0.931577
20,1,2,vit_tiny,cifar10,0.3,11,base.blocks.10,0.923011
20,1,2,vit_tiny,cifar10,0.3,12,base.blocks.11,0.912141
20,1,2,vit_tiny,cifar10,0.3,13,base.norm,0.900255
20,1,2,vit_tiny,cifar10,0.3,14,classifier,0.750965
20,1,3,vit_tiny,cifar10,0.3,0,base.patch_embed,0.969934
20,1,3,vit_tiny,cifar10,0.3,1,base.blocks.0,0.986027
20,1,3,vit_tiny,cifar10,0.3,2,base.blocks.1,0.982215
20,1,3,vit_tiny,cifar10,0.3,3,base.blocks.2,0.978984
20,1,3,vit_tiny,cifar10,0.3,4,base.blocks.3,0.972855
20,1,3,vit_tiny,cifar10,0.3,5,base.blocks.4,0.967434
20,1,3,vit_tiny,cifar10,0.3,6,base.blocks.5,0.959350
20,1,3,vit_tiny,cifar10,0.3,7,base.blocks.6,0.951763
20,1,3,vit_tiny,cifar10,0.3,8,base.blocks.7,0.944151
20,1,3,vit_tiny,cifar10,0.3,9,base.blocks.8,0.932640
20,1,3,vit_tiny,cifar10,0.3,10,base.blocks.9,0.927164
20,1,3,vit_tiny,cifar10,0.3,11,base.blocks.10,0.918771
20,1,3,vit_tiny,cifar10,0.3,12,base.blocks.11,0.910526
20,1,3,vit_tiny,cifar10,0.3,13,base.norm,0.906344
20,1,3,vit_tiny,cifar10,0.3,14,classifier,0.715917
20,1,4,vit_tiny,cifar10,0.3,0,base.patch_embed,0.964605
20,1,4,vit_tiny,cifar10,0.3,1,base.blocks.0,0.921094
20,1,4,vit_tiny,cifar10,0.3,2,base.blocks.1,0.903808
20,1,4,vit_tiny,cifar10,0.3,3,base.blocks.2,0.905325
20,1,4,vit_tiny,cifar10,0.3,4,base.blocks.3,0.907178
20,1,4,vit_tiny,cifar10,0.3,5,base.blocks.4,0.911282
20,1,4,vit_tiny,cifar10,0.3,6,base.blocks.5,0.910608
20,1,4,vit_tiny,cifar10,0.3,7,base.blocks.6,0.914722
20,1,4,vit_tiny,cifar10,0.3,8,base.blocks.7,0.915151
20,1,4,vit_tiny,cifar10,0.3,9,base.blocks.8,0.912215
20,1,4,vit_tiny,cifar10,0.3,10,base.blocks.9,0.911228
20,1,4,vit_tiny,cifar10,0.3,11,base.blocks.10,0.908726
20,1,4,vit_tiny,cifar10,0.3,12,base.blocks.11,0.908090
20,1,4,vit_tiny,cifar10,0.3,13,base.norm,0.914934
20,1,4,vit_tiny,cifar10,0.3,14,classifier,0.900396
20,1,5,vit_tiny,cifar10,0.3,0,base.patch_embed,0.996383
20,1,5,vit_tiny,cifar10,0.3,1,base.blocks.0,0.983965
20,1,5,vit_tiny,cifar10,0.3,2,base.blocks.1,0.982704
20,1,5,vit_tiny,cifar10,0.3,3,base.blocks.2,0.980396
20,1,5,vit_tiny,cifar10,0.3,4,base.blocks.3,0.976647
20,1,5,vit_tiny,cifar10,0.3,5,base.blocks.4,0.975104
20,1,5,vit_tiny,cifar10,0.3,6,base.blocks.5,0.969024
20,1,5,vit_tiny,cifar10,0.3,7,base.blocks.6,0.964917
20,1,5,vit_tiny,cifar10,0.3,8,base.blocks.7,0.963157
20,1,5,vit_tiny,cifar10,0.3,9,base.blocks.8,0.959946
20,1,5,vit_tiny,cifar10,0.3,10,base.blocks.9,0.958647
20,1,5,vit_tiny,cifar10,0.3,11,base.blocks.10,0.956212
20,1,5,vit_tiny,cifar10,0.3,12,base.blocks.11,0.951928
20,1,5,vit_tiny,cifar10,0.3,13,base.norm,0.946231
20,1,5,vit_tiny,cifar10,0.3,14,classifier,0.800362
20,1,6,vit_tiny,cifar10,0.3,0,base.patch_embed,0.956818
20,1,6,vit_tiny,cifar10,0.3,1,base.blocks.0,0.910227
20,1,6,vit_tiny,cifar10,0.3,2,base.blocks.1,0.887703
20,1,6,vit_tiny,cifar10,0.3,3,base.blocks.2,0.878853
20,1,6,vit_tiny,cifar10,0.3,4,base.blocks.3,0.875053
20,1,6,vit_tiny,cifar10,0.3,5,base.blocks.4,0.864767
20,1,6,vit_tiny,cifar10,0.3,6,base.blocks.5,0.862576
20,1,6,vit_tiny,cifar10,0.3,7,base.blocks.6,0.860881
20,1,6,vit_tiny,cifar10,0.3,8,base.blocks.7,0.862303
20,1,6,vit_tiny,cifar10,0.3,9,base.blocks.8,0.861557
20,1,6,vit_tiny,cifar10,0.3,10,base.blocks.9,0.862141
20,1,6,vit_tiny,cifar10,0.3,11,base.blocks.10,0.857795
20,1,6,vit_tiny,cifar10,0.3,12,base.blocks.11,0.856124
20,1,6,vit_tiny,cifar10,0.3,13,base.norm,0.849902
20,1,6,vit_tiny,cifar10,0.3,14,classifier,0.864856
20,1,7,vit_tiny,cifar10,0.3,0,base.patch_embed,0.944631
20,1,7,vit_tiny,cifar10,0.3,1,base.blocks.0,0.831390
20,1,7,vit_tiny,cifar10,0.3,2,base.blocks.1,0.790536
20,1,7,vit_tiny,cifar10,0.3,3,base.blocks.2,0.772620
20,1,7,vit_tiny,cifar10,0.3,4,base.blocks.3,0.761096
20,1,7,vit_tiny,cifar10,0.3,5,base.blocks.4,0.747451
20,1,7,vit_tiny,cifar10,0.3,6,base.blocks.5,0.753266
20,1,7,vit_tiny,cifar10,0.3,7,base.blocks.6,0.752419
20,1,7,vit_tiny,cifar10,0.3,8,base.blocks.7,0.750760
20,1,7,vit_tiny,cifar10,0.3,9,base.blocks.8,0.754680
20,1,7,vit_tiny,cifar10,0.3,10,base.blocks.9,0.756915
20,1,7,vit_tiny,cifar10,0.3,11,base.blocks.10,0.752210
20,1,7,vit_tiny,cifar10,0.3,12,base.blocks.11,0.749362
20,1,7,vit_tiny,cifar10,0.3,13,base.norm,0.762413
20,1,7,vit_tiny,cifar10,0.3,14,classifier,0.845371
20,1,8,vit_tiny,cifar10,0.3,0,base.patch_embed,0.973266
20,1,8,vit_tiny,cifar10,0.3,1,base.blocks.0,0.909398
20,1,8,vit_tiny,cifar10,0.3,2,base.blocks.1,0.869554
20,1,8,vit_tiny,cifar10,0.3,3,base.blocks.2,0.850443
20,1,8,vit_tiny,cifar10,0.3,4,base.blocks.3,0.838142
20,1,8,vit_tiny,cifar10,0.3,5,base.blocks.4,0.829073
20,1,8,vit_tiny,cifar10,0.3,6,base.blocks.5,0.825072
20,1,8,vit_tiny,cifar10,0.3,7,base.blocks.6,0.819533
20,1,8,vit_tiny,cifar10,0.3,8,base.blocks.7,0.818347
20,1,8,vit_tiny,cifar10,0.3,9,base.blocks.8,0.821363
20,1,8,vit_tiny,cifar10,0.3,10,base.blocks.9,0.827537
20,1,8,vit_tiny,cifar10,0.3,11,base.blocks.10,0.824477
20,1,8,vit_tiny,cifar10,0.3,12,base.blocks.11,0.823082
20,1,8,vit_tiny,cifar10,0.3,13,base.norm,0.785677
20,1,8,vit_tiny,cifar10,0.3,14,classifier,0.620859
20,1,9,vit_tiny,cifar10,0.3,0,base.patch_embed,0.980713
20,1,9,vit_tiny,cifar10,0.3,1,base.blocks.0,0.977557
20,1,9,vit_tiny,cifar10,0.3,2,base.blocks.1,0.972178
20,1,9,vit_tiny,cifar10,0.3,3,base.blocks.2,0.974693
20,1,9,vit_tiny,cifar10,0.3,4,base.blocks.3,0.974680
20,1,9,vit_tiny,cifar10,0.3,5,base.blocks.4,0.975778
20,1,9,vit_tiny,cifar10,0.3,6,base.blocks.5,0.972720
20,1,9,vit_tiny,cifar10,0.3,7,base.blocks.6,0.970921
20,1,9,vit_tiny,cifar10,0.3,8,base.blocks.7,0.968573
20,1,9,vit_tiny,cifar10,0.3,9,base.blocks.8,0.963058
20,1,9,vit_tiny,cifar10,0.3,10,base.blocks.9,0.960735
20,1,9,vit_tiny,cifar10,0.3,11,base.blocks.10,0.957684
20,1,9,vit_tiny,cifar10,0.3,12,base.blocks.11,0.954364
20,1,9,vit_tiny,cifar10,0.3,13,base.norm,0.948459
20,1,9,vit_tiny,cifar10,0.3,14,classifier,0.866692
20,2,3,vit_tiny,cifar10,0.3,0,base.patch_embed,0.993848
20,2,3,vit_tiny,cifar10,0.3,1,base.blocks.0,0.977886
20,2,3,vit_tiny,cifar10,0.3,2,base.blocks.1,0.978476
20,2,3,vit_tiny,cifar10,0.3,3,base.blocks.2,0.980148
20,2,3,vit_tiny,cifar10,0.3,4,base.blocks.3,0.978704
20,2,3,vit_tiny,cifar10,0.3,5,base.blocks.4,0.975678
20,2,3,vit_tiny,cifar10,0.3,6,base.blocks.5,0.973064
20,2,3,vit_tiny,cifar10,0.3,7,base.blocks.6,0.970364
20,2,3,vit_tiny,cifar10,0.3,8,base.blocks.7,0.965901
20,2,3,vit_tiny,cifar10,0.3,9,base.blocks.8,0.958268
20,2,3,vit_tiny,cifar10,0.3,10,base.blocks.9,0.954181
20,2,3,vit_tiny,cifar10,0.3,11,base.blocks.10,0.944694
20,2,3,vit_tiny,cifar10,0.3,12,base.blocks.11,0.937171
20,2,3,vit_tiny,cifar10,0.3,13,base.norm,0.925380
20,2,3,vit_tiny,cifar10,0.3,14,classifier,0.752959
20,2,4,vit_tiny,cifar10,0.3,0,base.patch_embed,0.987105
20,2,4,vit_tiny,cifar10,0.3,1,base.blocks.0,0.959165
20,2,4,vit_tiny,cifar10,0.3,2,base.blocks.1,0.956762
20,2,4,vit_tiny,cifar10,0.3,3,base.blocks.2,0.960601
20,2,4,vit_tiny,cifar10,0.3,4,base.blocks.3,0.960851
20,2,4,vit_tiny,cifar10,0.3,5,base.blocks.4,0.964308
20,2,4,vit_tiny,cifar10,0.3,6,base.blocks.5,0.964546
20,2,4,vit_tiny,cifar10,0.3,7,base.blocks.6,0.966128
20,2,4,vit_tiny,cifar10,0.3,8,base.blocks.7,0.963019
20,2,4,vit_tiny,cifar10,0.3,9,base.blocks.8,0.957211
20,2,4,vit_tiny,cifar10,0.3,10,base.blocks.9,0.958784
20,2,4,vit_tiny,cifar10,0.3,11,base.blocks.10,0.954277
20,2,4,vit_tiny,cifar10,0.3,12,base.blocks.11,0.948604
20,2,4,vit_tiny,cifar10,0.3,13,base.norm,0.935918
20,2,4,vit_tiny,cifar10,0.3,14,classifier,0.767039
20,2,5,vit_tiny,cifar10,0.3,0,base.patch_embed,0.978522
20,2,5,vit_tiny,cifar10,0.3,1,base.blocks.0,0.973660
20,2,5,vit_tiny,cifar10,0.3,2,base.blocks.1,0.974956
20,2,5,vit_tiny,cifar10,0.3,3,base.blocks.2,0.975016
20,2,5,vit_tiny,cifar10,0.3,4,base.blocks.3,0.974795
20,2,5,vit_tiny,cifar10,0.3,5,base.blocks.4,0.974223
20,2,5,vit_tiny,cifar10,0.3,6,base.blocks.5,0.972455
20,2,5,vit_tiny,cifar10,0.3,7,base.blocks.6,0.970039
20,2,5,vit_tiny,cifar10,0.3,8,base.blocks.7,0.968997
20,2,5,vit_tiny,cifar10,0.3,9,base.blocks.8,0.965111
20,2,5,vit_tiny,cifar10,0.3,10,base.blocks.9,0.960954
20,2,5,vit_tiny,cifar10,0.3,11,base.blocks.10,0.954821
20,2,5,vit_tiny,cifar10,0.3,12,base.blocks.11,0.947767
20,2,5,vit_tiny,cifar10,0.3,13,base.norm,0.936177
20,2,5,vit_tiny,cifar10,0.3,14,classifier,0.698837
20,2,6,vit_tiny,cifar10,0.3,0,base.patch_embed,0.980771
20,2,6,vit_tiny,cifar10,0.3,1,base.blocks.0,0.934619
20,2,6,vit_tiny,cifar10,0.3,2,base.blocks.1,0.920372
20,2,6,vit_tiny,cifar10,0.3,3,base.blocks.2,0.918298
20,2,6,vit_tiny,cifar10,0.3,4,base.blocks.3,0.914544
20,2,6,vit_tiny,cifar10,0.3,5,base.blocks.4,0.909873
20,2,6,vit_tiny,cifar10,0.3,6,base.blocks.5,0.911866
20,2,6,vit_tiny,cifar10,0.3,7,base.blocks.6,0.915981
20,2,6,vit_tiny,cifar10,0.3,8,base.blocks.7,0.917638
20,2,6,vit_tiny,cifar10,0.3,9,base.blocks.8,0.922344
20,2,6,vit_tiny,cifar10,0.3,10,base.blocks.9,0.927815
20,2,6,vit_tiny,cifar10,0.3,11,base.blocks.10,0.925736
20,2,6,vit_tiny,cifar10,0.3,12,base.blocks.11,0.925412
20,2,6,vit_tiny,cifar10,0.3,13,base.norm,0.913863
20,2,6,vit_tiny,cifar10,0.3,14,classifier,0.826765
20,2,7,vit_tiny,cifar10,0.3,0,base.patch_embed,0.923158
20,2,7,vit_tiny,cifar10,0.3,1,base.blocks.0,0.841581
20,2,7,vit_tiny,cifar10,0.3,2,base.blocks.1,0.808273
20,2,7,vit_tiny,cifar10,0.3,3,base.blocks.2,0.797939
20,2,7,vit_tiny,cifar10,0.3,4,base.blocks.3,0.780400
20,2,7,vit_tiny,cifar10,0.3,5,base.blocks.4,0.768457
20,2,7,vit_tiny,cifar10,0.3,6,base.blocks.5,0.778527
20,2,7,vit_tiny,cifar10,0.3,7,base.blocks.6,0.785215
20,2,7,vit_tiny,cifar10,0.3,8,base.blocks.7,0.784592
20,2,7,vit_tiny,cifar10,0.3,9,base.blocks.8,0.800198
20,2,7,vit_tiny,cifar10,0.3,10,base.blocks.9,0.812888
20,2,7,vit_tiny,cifar10,0.3,11,base.blocks.10,0.808238
20,2,7,vit_tiny,cifar10,0.3,12,base.blocks.11,0.805757
20,2,7,vit_tiny,cifar10,0.3,13,base.norm,0.790934
20,2,7,vit_tiny,cifar10,0.3,14,classifier,0.780069
20,2,8,vit_tiny,cifar10,0.3,0,base.patch_embed,0.992450
20,2,8,vit_tiny,cifar10,0.3,1,base.blocks.0,0.944646
20,2,8,vit_tiny,cifar10,0.3,2,base.blocks.1,0.924344
20,2,8,vit_tiny,cifar10,0.3,3,base.blocks.2,0.915022
20,2,8,vit_tiny,cifar10,0.3,4,base.blocks.3,0.903151
20,2,8,vit_tiny,cifar10,0.3,5,base.blocks.4,0.898470
20,2,8,vit_tiny,cifar10,0.3,6,base.blocks.5,0.899312
20,2,8,vit_tiny,cifar10,0.3,7,base.blocks.6,0.900963
20,2,8,vit_tiny,cifar10,0.3,8,base.blocks.7,0.901224
20,2,8,vit_tiny,cifar10,0.3,9,base.blocks.8,0.905929
20,2,8,vit_tiny,cifar10,0.3,10,base.blocks.9,0.914565
20,2,8,vit_tiny,cifar10,0.3,11,base.blocks.10,0.914175
20,2,8,vit_tiny,cifar10,0.3,12,base.blocks.11,0.917084
20,2,8,vit_tiny,cifar10,0.3,13,base.norm,0.888795
20,2,8,vit_tiny,cifar10,0.3,14,classifier,0.879011
20,2,9,vit_tiny,cifar10,0.3,0,base.patch_embed,0.986325
20,2,9,vit_tiny,cifar10,0.3,1,base.blocks.0,0.979048
20,2,9,vit_tiny,cifar10,0.3,2,base.blocks.1,0.983898
20,2,9,vit_tiny,cifar10,0.3,3,base.blocks.2,0.985106
20,2,9,vit_tiny,cifar10,0.3,4,base.blocks.3,0.984108
20,2,9,vit_tiny,cifar10,0.3,5,base.blocks.4,0.983069
20,2,9,vit_tiny,cifar10,0.3,6,base.blocks.5,0.981076
20,2,9,vit_tiny,cifar10,0.3,7,base.blocks.6,0.980314
20,2,9,vit_tiny,cifar10,0.3,8,base.blocks.7,0.978005
20,2,9,vit_tiny,cifar10,0.3,9,base.blocks.8,0.974046
20,2,9,vit_tiny,cifar10,0.3,10,base.blocks.9,0.972071
20,2,9,vit_tiny,cifar10,0.3,11,base.blocks.10,0.966769
20,2,9,vit_tiny,cifar10,0.3,12,base.blocks.11,0.960563
20,2,9,vit_tiny,cifar10,0.3,13,base.norm,0.941461
20,2,9,vit_tiny,cifar10,0.3,14,classifier,0.826833
20,3,4,vit_tiny,cifar10,0.3,0,base.patch_embed,0.982283
20,3,4,vit_tiny,cifar10,0.3,1,base.blocks.0,0.947953
20,3,4,vit_tiny,cifar10,0.3,2,base.blocks.1,0.944915
20,3,4,vit_tiny,cifar10,0.3,3,base.blocks.2,0.950415
20,3,4,vit_tiny,cifar10,0.3,4,base.blocks.3,0.954860
20,3,4,vit_tiny,cifar10,0.3,5,base.blocks.4,0.957907
20,3,4,vit_tiny,cifar10,0.3,6,base.blocks.5,0.956076
20,3,4,vit_tiny,cifar10,0.3,7,base.blocks.6,0.954616
20,3,4,vit_tiny,cifar10,0.3,8,base.blocks.7,0.950140
20,3,4,vit_tiny,cifar10,0.3,9,base.blocks.8,0.945285
20,3,4,vit_tiny,cifar10,0.3,10,base.blocks.9,0.945660
20,3,4,vit_tiny,cifar10,0.3,11,base.blocks.10,0.940677
20,3,4,vit_tiny,cifar10,0.3,12,base.blocks.11,0.937868
20,3,4,vit_tiny,cifar10,0.3,13,base.norm,0.929429
20,3,4,vit_tiny,cifar10,0.3,14,classifier,0.845304
20,3,5,vit_tiny,cifar10,0.3,0,base.patch_embed,0.977593
20,3,5,vit_tiny,cifar10,0.3,1,base.blocks.0,0.984230
20,3,5,vit_tiny,cifar10,0.3,2,base.blocks.1,0.983558
20,3,5,vit_tiny,cifar10,0.3,3,base.blocks.2,0.984323
20,3,5,vit_tiny,cifar10,0.3,4,base.blocks.3,0.983598
20,3,5,vit_tiny,cifar10,0.3,5,base.blocks.4,0.981623
20,3,5,vit_tiny,cifar10,0.3,6,base.blocks.5,0.980007
20,3,5,vit_tiny,cifar10,0.3,7,base.blocks.6,0.977418
20,3,5,vit_tiny,cifar10,0.3,8,base.blocks.7,0.974951
20,3,5,vit_tiny,cifar10,0.3,9,base.blocks.8,0.969365
20,3,5,vit_tiny,cifar10,0.3,10,base.blocks.9,0.964486
20,3,5,vit_tiny,cifar10,0.3,11,base.blocks.10,0.956628
20,3,5,vit_tiny,cifar10,0.3,12,base.blocks.11,0.948032
20,3,5,vit_tiny,cifar10,0.3,13,base.norm,0.958063
20,3,5,vit_tiny,cifar10,0.3,14,classifier,0.771804
20,3,6,vit_tiny,cifar10,0.3,0,base.patch_embed,0.974498
20,3,6,vit_tiny,cifar10,0.3,1,base.blocks.0,0.942368
20,3,6,vit_tiny,cifar10,0.3,2,base.blocks.1,0.932748
20,3,6,vit_tiny,cifar10,0.3,3,base.blocks.2,0.930591
20,3,6,vit_tiny,cifar10,0.3,4,base.blocks.3,0.930553
20,3,6,vit_tiny,cifar10,0.3,5,base.blocks.4,0.929133
20,3,6,vit_tiny,cifar10,0.3,6,base.blocks.5,0.927771
20,3,6,vit_tiny,cifar10,0.3,7,base.blocks.6,0.924814
20,3,6,vit_tiny,cifar10,0.3,8,base.blocks.7,0.924160
20,3,6,vit_tiny,cifar10,0.3,9,base.blocks.8,0.926279
20,3,6,vit_tiny,cifar10,0.3,10,base.blocks.9,0.928735
20,3,6,vit_tiny,cifar10,0.3,11,base.blocks.10,0.928288
20,3,6,vit_tiny,cifar10,0.3,12,base.blocks.11,0.930488
20,3,6,vit_tiny,cifar10,0.3,13,base.norm,0.910820
20,3,6,vit_tiny,cifar10,0.3,14,classifier,0.833225
20,3,7,vit_tiny,cifar10,0.3,0,base.patch_embed,0.921681
20,3,7,vit_tiny,cifar10,0.3,1,base.blocks.0,0.860349
20,3,7,vit_tiny,cifar10,0.3,2,base.blocks.1,0.835498
20,3,7,vit_tiny,cifar10,0.3,3,base.blocks.2,0.821757
20,3,7,vit_tiny,cifar10,0.3,4,base.blocks.3,0.809189
20,3,7,vit_tiny,cifar10,0.3,5,base.blocks.4,0.802637
20,3,7,vit_tiny,cifar10,0.3,6,base.blocks.5,0.805035
20,3,7,vit_tiny,cifar10,0.3,7,base.blocks.6,0.797846
20,3,7,vit_tiny,cifar10,0.3,8,base.blocks.7,0.796663
20,3,7,vit_tiny,cifar10,0.3,9,base.blocks.8,0.804061
20,3,7,vit_tiny,cifar10,0.3,10,base.blocks.9,0.811504
20,3,7,vit_tiny,cifar10,0.3,11,base.blocks.10,0.813369
20,3,7,vit_tiny,cifar10,0.3,12,base.blocks.11,0.815001
20,3,7,vit_tiny,cifar10,0.3,13,base.norm,0.802539
20,3,7,vit_tiny,cifar10,0.3,14,classifier,0.790196
20,3,8,vit_tiny,cifar10,0.3,0,base.patch_embed,0.995499
20,3,8,vit_tiny,cifar10,0.3,1,base.blocks.0,0.937979
20,3,8,vit_tiny,cifar10,0.3,2,base.blocks.1,0.915243
20,3,8,vit_tiny,cifar10,0.3,3,base.blocks.2,0.906397
20,3,8,vit_tiny,cifar10,0.3,4,base.blocks.3,0.900680
20,3,8,vit_tiny,cifar10,0.3,5,base.blocks.4,0.900158
20,3,8,vit_tiny,cifar10,0.3,6,base.blocks.5,0.898332
20,3,8,vit_tiny,cifar10,0.3,7,base.blocks.6,0.892280
20,3,8,vit_tiny,cifar10,0.3,8,base.blocks.7,0.889715
20,3,8,vit_tiny,cifar10,0.3,9,base.blocks.8,0.890112
20,3,8,vit_tiny,cifar10,0.3,10,base.blocks.9,0.893739
20,3,8,vit_tiny,cifar10,0.3,11,base.blocks.10,0.891253
20,3,8,vit_tiny,cifar10,0.3,12,base.blocks.11,0.890212
20,3,8,vit_tiny,cifar10,0.3,13,base.norm,0.867626
20,3,8,vit_tiny,cifar10,0.3,14,classifier,0.696383
20,3,9,vit_tiny,cifar10,0.3,0,base.patch_embed,0.991742
20,3,9,vit_tiny,cifar10,0.3,1,base.blocks.0,0.985859
20,3,9,vit_tiny,cifar10,0.3,2,base.blocks.1,0.987165
20,3,9,vit_tiny,cifar10,0.3,3,base.blocks.2,0.988252
20,3,9,vit_tiny,cifar10,0.3,4,base.blocks.3,0.986838
20,3,9,vit_tiny,cifar10,0.3,5,base.blocks.4,0.985485
20,3,9,vit_tiny,cifar10,0.3,6,base.blocks.5,0.981606
20,3,9,vit_tiny,cifar10,0.3,7,base.blocks.6,0.977734
20,3,9,vit_tiny,cifar10,0.3,8,base.blocks.7,0.974355
20,3,9,vit_tiny,cifar10,0.3,9,base.blocks.8,0.970085
20,3,9,vit_tiny,cifar10,0.3,10,base.blocks.9,0.967569
20,3,9,vit_tiny,cifar10,0.3,11,base.blocks.10,0.963550
20,3,9,vit_tiny,cifar10,0.3,12,base.blocks.11,0.959484
20,3,9,vit_tiny,cifar10,0.3,13,base.norm,0.951515
20,3,9,vit_tiny,cifar10,0.3,14,classifier,0.874096
20,4,5,vit_tiny,cifar10,0.3,0,base.patch_embed,0.967639
20,4,5,vit_tiny,cifar10,0.3,1,base.blocks.0,0.918217
20,4,5,vit_tiny,cifar10,0.3,2,base.blocks.1,0.912822
20,4,5,vit_tiny,cifar10,0.3,3,base.blocks.2,0.920470
20,4,5,vit_tiny,cifar10,0.3,4,base.blocks.3,0.921300
20,4,5,vit_tiny,cifar10,0.3,5,base.blocks.4,0.923482
20,4,5,vit_tiny,cifar10,0.3,6,base.blocks.5,0.922540
20,4,5,vit_tiny,cifar10,0.3,7,base.blocks.6,0.921803
20,4,5,vit_tiny,cifar10,0.3,8,base.blocks.7,0.920611
20,4,5,vit_tiny,cifar10,0.3,9,base.blocks.8,0.917752
20,4,5,vit_tiny,cifar10,0.3,10,base.blocks.9,0.918582
20,4,5,vit_tiny,cifar10,0.3,11,base.blocks.10,0.915072
20,4,5,vit_tiny,cifar10,0.3,12,base.blocks.11,0.911331
20,4,5,vit_tiny,cifar10,0.3,13,base.norm,0.915057
20,4,5,vit_tiny,cifar10,0.3,14,classifier,0.830993
20,4,6,vit_tiny,cifar10,0.3,0,base.patch_embed,0.998052
20,4,6,vit_tiny,cifar10,0.3,1,base.blocks.0,0.978383
20,4,6,vit_tiny,cifar10,0.3,2,base.blocks.1,0.970863
20,4,6,vit_tiny,cifar10,0.3,3,base.blocks.2,0.972510
20,4,6,vit_tiny,cifar10,0.3,4,base.blocks.3,0.973980
20,4,6,vit_tiny,cifar10,0.3,5,base.blocks.4,0.969023
20,4,6,vit_tiny,cifar10,0.3,6,base.blocks.5,0.968207
20,4,6,vit_tiny,cifar10,0.3,7,base.blocks.6,0.966042
20,4,6,vit_tiny,cifar10,0.3,8,base.blocks.7,0.965365
20,4,6,vit_tiny,cifar10,0.3,9,base.blocks.8,0.962959
20,4,6,vit_tiny,cifar10,0.3,10,base.blocks.9,0.961345
20,4,6,vit_tiny,cifar10,0.3,11,base.blocks.10,0.958433
20,4,6,vit_tiny,cifar10,0.3,12,base.blocks.11,0.957433
20,4,6,vit_tiny,cifar10,0.3,13,base.norm,0.945042
20,4,6,vit_tiny,cifar10,0.3,14,classifier,0.915634
20,4,7,vit_tiny,cifar10,0.3,0,base.patch_embed,0.960818
20,4,7,vit_tiny,cifar10,0.3,1,base.blocks.0,0.865397
20,4,7,vit_tiny,cifar10,0.3,2,base.blocks.1,0.852275
20,4,7,vit_tiny,cifar10,0.3,3,base.blocks.2,0.851140
20,4,7,vit_tiny,cifar10,0.3,4,base.blocks.3,0.850404
20,4,7,vit_tiny,cifar10,0.3,5,base.blocks.4,0.836898
20,4,7,vit_tiny,cifar10,0.3,6,base.blocks.5,0.841554
20,4,7,vit_tiny,cifar10,0.3,7,base.blocks.6,0.838997
20,4,7,vit_tiny,cifar10,0.3,8,base.blocks.7,0.840018
20,4,7,vit_tiny,cifar10,0.3,9,base.blocks.8,0.842491
20,4,7,vit_tiny,cifar10,0.3,10,base.blocks.9,0.841997
20,4,7,vit_tiny,cifar10,0.3,11,base.blocks.10,0.835593
20,4,7,vit_tiny,cifar10,0.3,12,base.blocks.11,0.830850
20,4,7,vit_tiny,cifar10,0.3,13,base.norm,0.845280
20,4,7,vit_tiny,cifar10,0.3,14,classifier,0.912524
20,4,8,vit_tiny,cifar10,0.3,0,base.patch_embed,0.989511
20,4,8,vit_tiny,cifar10,0.3,1,base.blocks.0,0.982952
20,4,8,vit_tiny,cifar10,0.3,2,base.blocks.1,0.975741
20,4,8,vit_tiny,cifar10,0.3,3,base.blocks.2,0.971615
20,4,8,vit_tiny,cifar10,0.3,4,base.blocks.3,0.963222
20,4,8,vit_tiny,cifar10,0.3,5,base.blocks.4,0.953280
20,4,8,vit_tiny,cifar10,0.3,6,base.blocks.5,0.945998
20,4,8,vit_tiny,cifar10,0.3,7,base.blocks.6,0.935374
20,4,8,vit_tiny,cifar10,0.3,8,base.blocks.7,0.927451
20,4,8,vit_tiny,cifar10,0.3,9,base.blocks.8,0.915532
20,4,8,vit_tiny,cifar10,0.3,10,base.blocks.9,0.913070
20,4,8,vit_tiny,cifar10,0.3,11,base.blocks.10,0.906642
20,4,8,vit_tiny,cifar10,0.3,12,base.blocks.11,0.902670
20,4,8,vit_tiny,cifar10,0.3,13,base.norm,0.863932
20,4,8,vit_tiny,cifar10,0.3,14,classifier,0.666613
20,4,9,vit_tiny,cifar10,0.3,0,base.patch_embed,0.990392
20,4,9,vit_tiny,cifar10,0.3,1,base.blocks.0,0.970507
20,4,9,vit_tiny,cifar10,0.3,2,base.blocks.1,0.967734
20,4,9,vit_tiny,cifar10,0.3,3,base.blocks.2,0.966184
20,4,9,vit_tiny,cifar10,0.3,4,base.blocks.3,0.968861
20,4,9,vit_tiny,cifar10,0.3,5,base.blocks.4,0.969438
20,4,9,vit_tiny,cifar10,0.3,6,base.blocks.5,0.970362
20,4,9,vit_tiny,cifar10,0.3,7,base.blocks.6,0.971734
20,4,9,vit_tiny,cifar10,0.3,8,base.blocks.7,0.971282
20,4,9,vit_tiny,cifar10,0.3,9,base.blocks.8,0.970603
20,4,9,vit_tiny,cifar10,0.3,10,base.blocks.9,0.969746
20,4,9,vit_tiny,cifar10,0.3,11,base.blocks.10,0.967545
20,4,9,vit_tiny,cifar10,0.3,12,base.blocks.11,0.967441
20,4,9,vit_tiny,cifar10,0.3,13,base.norm,0.968215
20,4,9,vit_tiny,cifar10,0.3,14,classifier,0.909968
20,5,6,vit_tiny,cifar10,0.3,0,base.patch_embed,0.959315
20,5,6,vit_tiny,cifar10,0.3,1,base.blocks.0,0.898963
20,5,6,vit_tiny,cifar10,0.3,2,base.blocks.1,0.884286
20,5,6,vit_tiny,cifar10,0.3,3,base.blocks.2,0.883904
20,5,6,vit_tiny,cifar10,0.3,4,base.blocks.3,0.881481
20,5,6,vit_tiny,cifar10,0.3,5,base.blocks.4,0.874605
20,5,6,vit_tiny,cifar10,0.3,6,base.blocks.5,0.874135
20,5,6,vit_tiny,cifar10,0.3,7,base.blocks.6,0.870489
20,5,6,vit_tiny,cifar10,0.3,8,base.blocks.7,0.874296
20,5,6,vit_tiny,cifar10,0.3,9,base.blocks.8,0.877203
20,5,6,vit_tiny,cifar10,0.3,10,base.blocks.9,0.876622
20,5,6,vit_tiny,cifar10,0.3,11,base.blocks.10,0.873140
20,5,6,vit_tiny,cifar10,0.3,12,base.blocks.11,0.872370
20,5,6,vit_tiny,cifar10,0.3,13,base.norm,0.867299
20,5,6,vit_tiny,cifar10,0.3,14,classifier,0.866652
20,5,7,vit_tiny,cifar10,0.3,0,base.patch_embed,0.942457
20,5,7,vit_tiny,cifar10,0.3,1,base.blocks.0,0.807964
20,5,7,vit_tiny,cifar10,0.3,2,base.blocks.1,0.766625
20,5,7,vit_tiny,cifar10,0.3,3,base.blocks.2,0.751913
20,5,7,vit_tiny,cifar10,0.3,4,base.blocks.3,0.737869
20,5,7,vit_tiny,cifar10,0.3,5,base.blocks.4,0.724656
20,5,7,vit_tiny,cifar10,0.3,6,base.blocks.5,0.731723
20,5,7,vit_tiny,cifar10,0.3,7,base.blocks.6,0.725022
20,5,7,vit_tiny,cifar10,0.3,8,base.blocks.7,0.729349
20,5,7,vit_tiny,cifar10,0.3,9,base.blocks.8,0.739545
20,5,7,vit_tiny,cifar10,0.3,10,base.blocks.9,0.744496
20,5,7,vit_tiny,cifar10,0.3,11,base.blocks.10,0.740088
20,5,7,vit_tiny,cifar10,0.3,12,base.blocks.11,0.736947
20,5,7,vit_tiny,cifar10,0.3,13,base.norm,0.759994
20,5,7,vit_tiny,cifar10,0.3,14,classifier,0.767302
20,5,8,vit_tiny,cifar10,0.3,0,base.patch_embed,0.980594
20,5,8,vit_tiny,cifar10,0.3,1,base.blocks.0,0.893608
20,5,8,vit_tiny,cifar10,0.3,2,base.blocks.1,0.868639
20,5,8,vit_tiny,cifar10,0.3,3,base.blocks.2,0.861593
20,5,8,vit_tiny,cifar10,0.3,4,base.blocks.3,0.851656
20,5,8,vit_tiny,cifar10,0.3,5,base.blocks.4,0.846378
20,5,8,vit_tiny,cifar10,0.3,6,base.blocks.5,0.846111
20,5,8,vit_tiny,cifar10,0.3,7,base.blocks.6,0.839226
20,5,8,vit_tiny,cifar10,0.3,8,base.blocks.7,0.841181
20,5,8,vit_tiny,cifar10,0.3,9,base.blocks.8,0.844724
20,5,8,vit_tiny,cifar10,0.3,10,base.blocks.9,0.848591
20,5,8,vit_tiny,cifar10,0.3,11,base.blocks.10,0.846505
20,5,8,vit_tiny,cifar10,0.3,12,base.blocks.11,0.847498
20,5,8,vit_tiny,cifar10,0.3,13,base.norm,0.842098
20,5,8,vit_tiny,cifar10,0.3,14,classifier,0.629613
20,5,9,vit_tiny,cifar10,0.3,0,base.patch_embed,0.982742
20,5,9,vit_tiny,cifar10,0.3,1,base.blocks.0,0.965813
20,5,9,vit_tiny,cifar10,0.3,2,base.blocks.1,0.966016
20,5,9,vit_tiny,cifar10,0.3,3,base.blocks.2,0.969300
20,5,9,vit_tiny,cifar10,0.3,4,base.blocks.3,0.969140
20,5,9,vit_tiny,cifar10,0.3,5,base.blocks.4,0.970808
20,5,9,vit_tiny,cifar10,0.3,6,base.blocks.5,0.967327
20,5,9,vit_tiny,cifar10,0.3,7,base.blocks.6,0.964668
20,5,9,vit_tiny,cifar10,0.3,8,base.blocks.7,0.965139
20,5,9,vit_tiny,cifar10,0.3,9,base.blocks.8,0.962785
20,5,9,vit_tiny,cifar10,0.3,10,base.blocks.9,0.959724
20,5,9,vit_tiny,cifar10,0.3,11,base.blocks.10,0.955778
20,5,9,vit_tiny,cifar10,0.3,12,base.blocks.11,0.949447
20,5,9,vit_tiny,cifar10,0.3,13,base.norm,0.953296
20,5,9,vit_tiny,cifar10,0.3,14,classifier,0.791996
20,6,7,vit_tiny,cifar10,0.3,0,base.patch_embed,0.964790
20,6,7,vit_tiny,cifar10,0.3,1,base.blocks.0,0.936955
20,6,7,vit_tiny,cifar10,0.3,2,base.blocks.1,0.937413
20,6,7,vit_tiny,cifar10,0.3,3,base.blocks.2,0.930861
20,6,7,vit_tiny,cifar10,0.3,4,base.blocks.3,0.924163
20,6,7,vit_tiny,cifar10,0.3,5,base.blocks.4,0.916585
20,6,7,vit_tiny,cifar10,0.3,6,base.blocks.5,0.920476
20,6,7,vit_tiny,cifar10,0.3,7,base.blocks.6,0.916127
20,6,7,vit_tiny,cifar10,0.3,8,base.blocks.7,0.915197
20,6,7,vit_tiny,cifar10,0.3,9,base.blocks.8,0.915450
20,6,7,vit_tiny,cifar10,0.3,10,base.blocks.9,0.917511
20,6,7,vit_tiny,cifar10,0.3,11,base.blocks.10,0.910572
20,6,7,vit_tiny,cifar10,0.3,12,base.blocks.11,0.898908
20,6,7,vit_tiny,cifar10,0.3,13,base.norm,0.915110
20,6,7,vit_tiny,cifar10,0.3,14,classifier,0.856618
20,6,8,vit_tiny,cifar10,0.3,0,base.patch_embed,0.981964
20,6,8,vit_tiny,cifar10,0.3,1,base.blocks.0,0.987499
20,6,8,vit_tiny,cifar10,0.3,2,base.blocks.1,0.985555
20,6,8,vit_tiny,cifar10,0.3,3,base.blocks.2,0.985309
20,6,8,vit_tiny,cifar10,0.3,4,base.blocks.3,0.985795
20,6,8,vit_tiny,cifar10,0.3,5,base.blocks.4,0.984805
20,6,8,vit_tiny,cifar10,0.3,6,base.blocks.5,0.982506
20,6,8,vit_tiny,cifar10,0.3,7,base.blocks.6,0.977626
20,6,8,vit_tiny,cifar10,0.3,8,base.blocks.7,0.972801
20,6,8,vit_tiny,cifar10,0.3,9,base.blocks.8,0.962381
20,6,8,vit_tiny,cifar10,0.3,10,base.blocks.9,0.959418
20,6,8,vit_tiny,cifar10,0.3,11,base.blocks.10,0.954266
20,6,8,vit_tiny,cifar10,0.3,12,base.blocks.11,0.946759
20,6,8,vit_tiny,cifar10,0.3,13,base.norm,0.937546
20,6,8,vit_tiny,cifar10,0.3,14,classifier,0.722339
20,6,9,vit_tiny,cifar10,0.3,0,base.patch_embed,0.982223
20,6,9,vit_tiny,cifar10,0.3,1,base.blocks.0,0.964601
20,6,9,vit_tiny,cifar10,0.3,2,base.blocks.1,0.954439
20,6,9,vit_tiny,cifar10,0.3,3,base.blocks.2,0.946952
20,6,9,vit_tiny,cifar10,0.3,4,base.blocks.3,0.945353
20,6,9,vit_tiny,cifar10,0.3,5,base.blocks.4,0.937233
20,6,9,vit_tiny,cifar10,0.3,6,base.blocks.5,0.940703
20,6,9,vit_tiny,cifar10,0.3,7,base.blocks.6,0.940536
20,6,9,vit_tiny,cifar10,0.3,8,base.blocks.7,0.942644
20,6,9,vit_tiny,cifar10,0.3,9,base.blocks.8,0.946695
20,6,9,vit_tiny,cifar10,0.3,10,base.blocks.9,0.948916
20,6,9,vit_tiny,cifar10,0.3,11,base.blocks.10,0.947308
20,6,9,vit_tiny,cifar10,0.3,12,base.blocks.11,0.948422
20,6,9,vit_tiny,cifar10,0.3,13,base.norm,0.941581
20,6,9,vit_tiny,cifar10,0.3,14,classifier,0.896993
20,7,8,vit_tiny,cifar10,0.3,0,base.patch_embed,0.944664
20,7,8,vit_tiny,cifar10,0.3,1,base.blocks.0,0.916652
20,7,8,vit_tiny,cifar10,0.3,2,base.blocks.1,0.911693
20,7,8,vit_tiny,cifar10,0.3,3,base.blocks.2,0.907705
20,7,8,vit_tiny,cifar10,0.3,4,base.blocks.3,0.908790
20,7,8,vit_tiny,cifar10,0.3,5,base.blocks.4,0.904709
20,7,8,vit_tiny,cifar10,0.3,6,base.blocks.5,0.912829
20,7,8,vit_tiny,cifar10,0.3,7,base.blocks.6,0.913934
20,7,8,vit_tiny,cifar10,0.3,8,base.blocks.7,0.916962
20,7,8,vit_tiny,cifar10,0.3,9,base.blocks.8,0.923271
20,7,8,vit_tiny,cifar10,0.3,10,base.blocks.9,0.924441
20,7,8,vit_tiny,cifar10,0.3,11,base.blocks.10,0.918172
20,7,8,vit_tiny,cifar10,0.3,12,base.blocks.11,0.906423
20,7,8,vit_tiny,cifar10,0.3,13,base.norm,0.892423
20,7,8,vit_tiny,cifar10,0.3,14,classifier,0.698067
20,7,9,vit_tiny,cifar10,0.3,0,base.patch_embed,0.952696
20,7,9,vit_tiny,cifar10,0.3,1,base.blocks.0,0.893034
20,7,9,vit_tiny,cifar10,0.3,2,base.blocks.1,0.865681
20,7,9,vit_tiny,cifar10,0.3,3,base.blocks.2,0.853677
20,7,9,vit_tiny,cifar10,0.3,4,base.blocks.3,0.842198
20,7,9,vit_tiny,cifar10,0.3,5,base.blocks.4,0.828262
20,7,9,vit_tiny,cifar10,0.3,6,base.blocks.5,0.840510
20,7,9,vit_tiny,cifar10,0.3,7,base.blocks.6,0.840514
20,7,9,vit_tiny,cifar10,0.3,8,base.blocks.7,0.840563
20,7,9,vit_tiny,cifar10,0.3,9,base.blocks.8,0.849519
20,7,9,vit_tiny,cifar10,0.3,10,base.blocks.9,0.855186
20,7,9,vit_tiny,cifar10,0.3,11,base.blocks.10,0.850917
20,7,9,vit_tiny,cifar10,0.3,12,base.blocks.11,0.848199
20,7,9,vit_tiny,cifar10,0.3,13,base.norm,0.854298
20,7,9,vit_tiny,cifar10,0.3,14,classifier,0.853417
20,8,9,vit_tiny,cifar10,0.3,0,base.patch_embed,0.997130
20,8,9,vit_tiny,cifar10,0.3,1,base.blocks.0,0.970697
20,8,9,vit_tiny,cifar10,0.3,2,base.blocks.1,0.951851
20,8,9,vit_tiny,cifar10,0.3,3,base.blocks.2,0.934598
20,8,9,vit_tiny,cifar10,0.3,4,base.blocks.3,0.925549
20,8,9,vit_tiny,cifar10,0.3,5,base.blocks.4,0.917184
20,8,9,vit_tiny,cifar10,0.3,6,base.blocks.5,0.919420
20,8,9,vit_tiny,cifar10,0.3,7,base.blocks.6,0.916895
20,8,9,vit_tiny,cifar10,0.3,8,base.blocks.7,0.917254
20,8,9,vit_tiny,cifar10,0.3,9,base.blocks.8,0.921340
20,8,9,vit_tiny,cifar10,0.3,10,base.blocks.9,0.927426
20,8,9,vit_tiny,cifar10,0.3,11,base.blocks.10,0.926448
20,8,9,vit_tiny,cifar10,0.3,12,base.blocks.11,0.927355
20,8,9,vit_tiny,cifar10,0.3,13,base.norm,0.898202
20,8,9,vit_tiny,cifar10,0.3,14,classifier,0.758229
30,0,1,vit_tiny,cifar10,0.3,0,base.patch_embed,0.952496
30,0,1,vit_tiny,cifar10,0.3,1,base.blocks.0,0.912410
30,0,1,vit_tiny,cifar10,0.3,2,base.blocks.1,0.923460
30,0,1,vit_tiny,cifar10,0.3,3,base.blocks.2,0.916270
30,0,1,vit_tiny,cifar10,0.3,4,base.blocks.3,0.907594
30,0,1,vit_tiny,cifar10,0.3,5,base.blocks.4,0.896086
30,0,1,vit_tiny,cifar10,0.3,6,base.blocks.5,0.885043
30,0,1,vit_tiny,cifar10,0.3,7,base.blocks.6,0.871438
30,0,1,vit_tiny,cifar10,0.3,8,base.blocks.7,0.860500
30,0,1,vit_tiny,cifar10,0.3,9,base.blocks.8,0.841479
30,0,1,vit_tiny,cifar10,0.3,10,base.blocks.9,0.827065
30,0,1,vit_tiny,cifar10,0.3,11,base.blocks.10,0.812964
30,0,1,vit_tiny,cifar10,0.3,12,base.blocks.11,0.800836
30,0,1,vit_tiny,cifar10,0.3,13,base.norm,0.816339
30,0,1,vit_tiny,cifar10,0.3,14,classifier,0.859919
30,0,2,vit_tiny,cifar10,0.3,0,base.patch_embed,0.968462
30,0,2,vit_tiny,cifar10,0.3,1,base.blocks.0,0.945756
30,0,2,vit_tiny,cifar10,0.3,2,base.blocks.1,0.951946
30,0,2,vit_tiny,cifar10,0.3,3,base.blocks.2,0.949391
30,0,2,vit_tiny,cifar10,0.3,4,base.blocks.3,0.943164
30,0,2,vit_tiny,cifar10,0.3,5,base.blocks.4,0.930928
30,0,2,vit_tiny,cifar10,0.3,6,base.blocks.5,0.924478
30,0,2,vit_tiny,cifar10,0.3,7,base.blocks.6,0.913087
30,0,2,vit_tiny,cifar10,0.3,8,base.blocks.7,0.903370
30,0,2,vit_tiny,cifar10,0.3,9,base.blocks.8,0.894398
30,0,2,vit_tiny,cifar10,0.3,10,base.blocks.9,0.889892
30,0,2,vit_tiny,cifar10,0.3,11,base.blocks.10,0.877551
30,0,2,vit_tiny,cifar10,0.3,12,base.blocks.11,0.870397
30,0,2,vit_tiny,cifar10,0.3,13,base.norm,0.886748
30,0,2,vit_tiny,cifar10,0.3,14,classifier,0.864815
30,0,3,vit_tiny,cifar10,0.3,0,base.patch_embed,0.960763
30,0,3,vit_tiny,cifar10,0.3,1,base.blocks.0,0.954975
30,0,3,vit_tiny,cifar10,0.3,2,base.blocks.1,0.964205
30,0,3,vit_tiny,cifar10,0.3,3,base.blocks.2,0.961113
30,0,3,vit_tiny,cifar10,0.3,4,base.blocks.3,0.954841
30,0,3,vit_tiny,cifar10,0.3,5,base.blocks.4,0.943212
30,0,3,vit_tiny,cifar10,0.3,6,base.blocks.5,0.935776
30,0,3,vit_tiny,cifar10,0.3,7,base.blocks.6,0.923596
30,0,3,vit_tiny,cifar10,0.3,8,base.blocks.7,0.910825
30,0,3,vit_tiny,cifar10,0.3,9,base.blocks.8,0.892270
30,0,3,vit_tiny,cifar10,0.3,10,base.blocks.9,0.880103
30,0,3,vit_tiny,cifar10,0.3,11,base.blocks.10,0.855905
30,0,3,vit_tiny,cifar10,0.3,12,base.blocks.11,0.836794
30,0,3,vit_tiny,cifar10,0.3,13,base.norm,0.837749
30,0,3,vit_tiny,cifar10,0.3,14,classifier,0.701202
30,0,4,vit_tiny,cifar10,0.3,0,base.patch_embed,0.996888
30,0,4,vit_tiny,cifar10,0.3,1,base.blocks.0,0.972562
30,0,4,vit_tiny,cifar10,0.3,2,base.blocks.1,0.973359
30,0,4,vit_tiny,cifar10,0.3,3,base.blocks.2,0.970954
30,0,4,vit_tiny,cifar10,0.3,4,base.blocks.3,0.970733
30,0,4,vit_tiny,cifar10,0.3,5,base.blocks.4,0.971001
30,0,4,vit_tiny,cifar10,0.3,6,base.blocks.5,0.967500
30,0,4,vit_tiny,cifar10,0.3,7,base.blocks.6,0.962606
30,0,4,vit_tiny,cifar10,0.3,8,base.blocks.7,0.956725
30,0,4,vit_tiny,cifar10,0.3,9,base.blocks.8,0.947829
30,0,4,vit_tiny,cifar10,0.3,10,base.blocks.9,0.943622
30,0,4,vit_tiny,cifar10,0.3,11,base.blocks.10,0.938414
30,0,4,vit_tiny,cifar10,0.3,12,base.blocks.11,0.934040
30,0,4,vit_tiny,cifar10,0.3,13,base.norm,0.901121
30,0,4,vit_tiny,cifar10,0.3,14,classifier,0.823128
30,0,5,vit_tiny,cifar10,0.3,0,base.patch_embed,0.832622
30,0,5,vit_tiny,cifar10,0.3,1,base.blocks.0,0.864227
30,0,5,vit_tiny,cifar10,0.3,2,base.blocks.1,0.902043
30,0,5,vit_tiny,cifar10,0.3,3,base.blocks.2,0.910607
30,0,5,vit_tiny,cifar10,0.3,4,base.blocks.3,0.904052
30,0,5,vit_tiny,cifar10,0.3,5,base.blocks.4,0.894275
30,0,5,vit_tiny,cifar10,0.3,6,base.blocks.5,0.887810
30,0,5,vit_tiny,cifar10,0.3,7,base.blocks.6,0.874773
30,0,5,vit_tiny,cifar10,0.3,8,base.blocks.7,0.859912
30,0,5,vit_tiny,cifar10,0.3,9,base.blocks.8,0.830657
30,0,5,vit_tiny,cifar10,0.3,10,base.blocks.9,0.813746
30,0,5,vit_tiny,cifar10,0.3,11,base.blocks.10,0.788611
30,0,5,vit_tiny,cifar10,0.3,12,base.blocks.11,0.764192
30,0,5,vit_tiny,cifar10,0.3,13,base.norm,0.795357
30,0,5,vit_tiny,cifar10,0.3,14,classifier,0.649573
30,0,6,vit_tiny,cifar10,0.3,0,base.patch_embed,0.939187
30,0,6,vit_tiny,cifar10,0.3,1,base.blocks.0,0.931563
30,0,6,vit_tiny,cifar10,0.3,2,base.blocks.1,0.946321
30,0,6,vit_tiny,cifar10,0.3,3,base.blocks.2,0.942930
30,0,6,vit_tiny,cifar10,0.3,4,base.blocks.3,0.939723
30,0,6,vit_tiny,cifar10,0.3,5,base.blocks.4,0.935920
30,0,6,vit_tiny,cifar10,0.3,6,base.blocks.5,0.934272
30,0,6,vit_tiny,cifar10,0.3,7,base.blocks.6,0.929156
30,0,6,vit_tiny,cifar10,0.3,8,base.blocks.7,0.923533
30,0,6,vit_tiny,cifar10,0.3,9,base.blocks.8,0.918083
30,0,6,vit_tiny,cifar10,0.3,10,base.blocks.9,0.907788
30,0,6,vit_tiny,cifar10,0.3,11,base.blocks.10,0.889877
30,0,6,vit_tiny,cifar10,0.3,12,base.blocks.11,0.872375
30,0,6,vit_tiny,cifar10,0.3,13,base.norm,0.907512
30,0,6,vit_tiny,cifar10,0.3,14,classifier,0.766788
30,0,7,vit_tiny,cifar10,0.3,0,base.patch_embed,0.961216
30,0,7,vit_tiny,cifar10,0.3,1,base.blocks.0,0.863545
30,0,7,vit_tiny,cifar10,0.3,2,base.blocks.1,0.877552
30,0,7,vit_tiny,cifar10,0.3,3,base.blocks.2,0.859498
30,0,7,vit_tiny,cifar10,0.3,4,base.blocks.3,0.844472
30,0,7,vit_tiny,cifar10,0.3,5,base.blocks.4,0.826471
30,0,7,vit_tiny,cifar10,0.3,6,base.blocks.5,0.822176
30,0,7,vit_tiny,cifar10,0.3,7,base.blocks.6,0.813305
30,0,7,vit_tiny,cifar10,0.3,8,base.blocks.7,0.809508
30,0,7,vit_tiny,cifar10,0.3,9,base.blocks.8,0.813740
30,0,7,vit_tiny,cifar10,0.3,10,base.blocks.9,0.815291
30,0,7,vit_tiny,cifar10,0.3,11,base.blocks.10,0.811111
30,0,7,vit_tiny,cifar10,0.3,12,base.blocks.11,0.812622
30,0,7,vit_tiny,cifar10,0.3,13,base.norm,0.783600
30,0,7,vit_tiny,cifar10,0.3,14,classifier,0.833690
30,0,8,vit_tiny,cifar10,0.3,0,base.patch_embed,0.985411
30,0,8,vit_tiny,cifar10,0.3,1,base.blocks.0,0.967150
30,0,8,vit_tiny,cifar10,0.3,2,base.blocks.1,0.942809
30,0,8,vit_tiny,cifar10,0.3,3,base.blocks.2,0.936593
30,0,8,vit_tiny,cifar10,0.3,4,base.blocks.3,0.930398
30,0,8,vit_tiny,cifar10,0.3,5,base.blocks.4,0.934005
30,0,8,vit_tiny,cifar10,0.3,6,base.blocks.5,0.926946
30,0,8,vit_tiny,cifar10,0.3,7,base.blocks.6,0.915895
30,0,8,vit_tiny,cifar10,0.3,8,base.blocks.7,0.903061
30,0,8,vit_tiny,cifar10,0.3,9,base.blocks.8,0.885630
30,0,8,vit_tiny,cifar10,0.3,10,base.blocks.9,0.876118
30,0,8,vit_tiny,cifar10,0.3,11,base.blocks.10,0.863343
30,0,8,vit_tiny,cifar10,0.3,12,base.blocks.11,0.854262
30,0,8,vit_tiny,cifar10,0.3,13,base.norm,0.840075
30,0,8,vit_tiny,cifar10,0.3,14,classifier,0.755607
30,0,9,vit_tiny,cifar10,0.3,0,base.patch_embed,0.963339
30,0,9,vit_tiny,cifar10,0.3,1,base.blocks.0,0.962457
30,0,9,vit_tiny,cifar10,0.3,2,base.blocks.1,0.967646
30,0,9,vit_tiny,cifar10,0.3,3,base.blocks.2,0.963864
30,0,9,vit_tiny,cifar10,0.3,4,base.blocks.3,0.961720
30,0,9,vit_tiny,cifar10,0.3,5,base.blocks.4,0.960603
30,0,9,vit_tiny,cifar10,0.3,6,base.blocks.5,0.956665
30,0,9,vit_tiny,cifar10,0.3,7,base.blocks.6,0.952601
30,0,9,vit_tiny,cifar10,0.3,8,base.blocks.7,0.947796
30,0,9,vit_tiny,cifar10,0.3,9,base.blocks.8,0.942770
30,0,9,vit_tiny,cifar10,0.3,10,base.blocks.9,0.937556
30,0,9,vit_tiny,cifar10,0.3,11,base.blocks.10,0.932093
30,0,9,vit_tiny,cifar10,0.3,12,base.blocks.11,0.928636
30,0,9,vit_tiny,cifar10,0.3,13,base.norm,0.907595
30,0,9,vit_tiny,cifar10,0.3,14,classifier,0.780017
30,1,2,vit_tiny,cifar10,0.3,0,base.patch_embed,0.967633
30,1,2,vit_tiny,cifar10,0.3,1,base.blocks.0,0.898741
30,1,2,vit_tiny,cifar10,0.3,2,base.blocks.1,0.896743
30,1,2,vit_tiny,cifar10,0.3,3,base.blocks.2,0.903702
30,1,2,vit_tiny,cifar10,0.3,4,base.blocks.3,0.899436
30,1,2,vit_tiny,cifar10,0.3,5,base.blocks.4,0.894782
30,1,2,vit_tiny,cifar10,0.3,6,base.blocks.5,0.890145
30,1,2,vit_tiny,cifar10,0.3,7,base.blocks.6,0.884900
30,1,2,vit_tiny,cifar10,0.3,8,base.blocks.7,0.877924
30,1,2,vit_tiny,cifar10,0.3,9,base.blocks.8,0.868116
30,1,2,vit_tiny,cifar10,0.3,10,base.blocks.9,0.861257
30,1,2,vit_tiny,cifar10,0.3,11,base.blocks.10,0.849683
30,1,2,vit_tiny,cifar10,0.3,12,base.blocks.11,0.838550
30,1,2,vit_tiny,cifar10,0.3,13,base.norm,0.859849
30,1,2,vit_tiny,cifar10,0.3,14,classifier,0.843297
30,1,3,vit_tiny,cifar10,0.3,0,base.patch_embed,0.992253
30,1,3,vit_tiny,cifar10,0.3,1,base.blocks.0,0.979258
30,1,3,vit_tiny,cifar10,0.3,2,base.blocks.1,0.974835
30,1,3,vit_tiny,cifar10,0.3,3,base.blocks.2,0.967894
30,1,3,vit_tiny,cifar10,0.3,4,base.blocks.3,0.962076
30,1,3,vit_tiny,cifar10,0.3,5,base.blocks.4,0.959556
30,1,3,vit_tiny,cifar10,0.3,6,base.blocks.5,0.951304
30,1,3,vit_tiny,cifar10,0.3,7,base.blocks.6,0.942675
30,1,3,vit_tiny,cifar10,0.3,8,base.blocks.7,0.936379
30,1,3,vit_tiny,cifar10,0.3,9,base.blocks.8,0.921381
30,1,3,vit_tiny,cifar10,0.3,10,base.blocks.9,0.914369
30,1,3,vit_tiny,cifar10,0.3,11,base.blocks.10,0.907559
30,1,3,vit_tiny,cifar10,0.3,12,base.blocks.11,0.898832
30,1,3,vit_tiny,cifar10,0.3,13,base.norm,0.906877
30,1,3,vit_tiny,cifar10,0.3,14,classifier,0.767490
30,1,4,vit_tiny,cifar10,0.3,0,base.patch_embed,0.963769
30,1,4,vit_tiny,cifar10,0.3,1,base.blocks.0,0.913751
30,1,4,vit_tiny,cifar10,0.3,2,base.blocks.1,0.903336
30,1,4,vit_tiny,cifar10,0.3,3,base.blocks.2,0.906741
30,1,4,vit_tiny,cifar10,0.3,4,base.blocks.3,0.911362
30,1,4,vit_tiny,cifar10,0.3,5,base.blocks.4,0.915943
30,1,4,vit_tiny,cifar10,0.3,6,base.blocks.5,0.912759
30,1,4,vit_tiny,cifar10,0.3,7,base.blocks.6,0.909758
30,1,4,vit_tiny,cifar10,0.3,8,base.blocks.7,0.904613
30,1,4,vit_tiny,cifar10,0.3,9,base.blocks.8,0.894703
30,1,4,vit_tiny,cifar10,0.3,10,base.blocks.9,0.889670
30,1,4,vit_tiny,cifar10,0.3,11,base.blocks.10,0.890201
30,1,4,vit_tiny,cifar10,0.3,12,base.blocks.11,0.888061
30,1,4,vit_tiny,cifar10,0.3,13,base.norm,0.888706
30,1,4,vit_tiny,cifar10,0.3,14,classifier,0.867244
30,1,5,vit_tiny,cifar10,0.3,0,base.patch_embed,0.947510
30,1,5,vit_tiny,cifar10,0.3,1,base.blocks.0,0.944579
30,1,5,vit_tiny,cifar10,0.3,2,base.blocks.1,0.951437
30,1,5,vit_tiny,cifar10,0.3,3,base.blocks.2,0.955797
30,1,5,vit_tiny,cifar10,0.3,4,base.blocks.3,0.954804
30,1,5,vit_tiny,cifar10,0.3,5,base.blocks.4,0.953917
30,1,5,vit_tiny,cifar10,0.3,6,base.blocks.5,0.951236
30,1,5,vit_tiny,cifar10,0.3,7,base.blocks.6,0.947435
30,1,5,vit_tiny,cifar10,0.3,8,base.blocks.7,0.946394
30,1,5,vit_tiny,cifar10,0.3,9,base.blocks.8,0.939936
30,1,5,vit_tiny,cifar10,0.3,10,base.blocks.9,0.938427
30,1,5,vit_tiny,cifar10,0.3,11,base.blocks.10,0.933993
30,1,5,vit_tiny,cifar10,0.3,12,base.blocks.11,0.929333
30,1,5,vit_tiny,cifar10,0.3,13,base.norm,0.932568
30,1,5,vit_tiny,cifar10,0.3,14,classifier,0.774782
30,1,6,vit_tiny,cifar10,0.3,0,base.patch_embed,0.971247
30,1,6,vit_tiny,cifar10,0.3,1,base.blocks.0,0.904478
30,1,6,vit_tiny,cifar10,0.3,2,base.blocks.1,0.885477
30,1,6,vit_tiny,cifar10,0.3,3,base.blocks.2,0.867493
30,1,6,vit_tiny,cifar10,0.3,4,base.blocks.3,0.858798
30,1,6,vit_tiny,cifar10,0.3,5,base.blocks.4,0.849437
30,1,6,vit_tiny,cifar10,0.3,6,base.blocks.5,0.844957
30,1,6,vit_tiny,cifar10,0.3,7,base.blocks.6,0.841691
30,1,6,vit_tiny,cifar10,0.3,8,base.blocks.7,0.844893
30,1,6,vit_tiny,cifar10,0.3,9,base.blocks.8,0.848829
30,1,6,vit_tiny,cifar10,0.3,10,base.blocks.9,0.846177
30,1,6,vit_tiny,cifar10,0.3,11,base.blocks.10,0.839310
30,1,6,vit_tiny,cifar10,0.3,12,base.blocks.11,0.835143
30,1,6,vit_tiny,cifar10,0.3,13,base.norm,0.868772
30,1,6,vit_tiny,cifar10,0.3,14,classifier,0.852370
30,1,7,vit_tiny,cifar10,0.3,0,base.patch_embed,0.968765
30,1,7,vit_tiny,cifar10,0.3,1,base.blocks.0,0.945529
30,1,7,vit_tiny,cifar10,0.3,2,base.blocks.1,0.932040
30,1,7,vit_tiny,cifar10,0.3,3,base.blocks.2,0.920675
30,1,7,vit_tiny,cifar10,0.3,4,base.blocks.3,0.915021
30,1,7,vit_tiny,cifar10,0.3,5,base.blocks.4,0.913574
30,1,7,vit_tiny,cifar10,0.3,6,base.blocks.5,0.915394
30,1,7,vit_tiny,cifar10,0.3,7,base.blocks.6,0.916182
30,1,7,vit_tiny,cifar10,0.3,8,base.blocks.7,0.912780
30,1,7,vit_tiny,cifar10,0.3,9,base.blocks.8,0.912511
30,1,7,vit_tiny,cifar10,0.3,10,base.blocks.9,0.910189
30,1,7,vit_tiny,cifar10,0.3,11,base.blocks.10,0.909918
30,1,7,vit_tiny,cifar10,0.3,12,base.blocks.11,0.906021
30,1,7,vit_tiny,cifar10,0.3,13,base.norm,0.904534
30,1,7,vit_tiny,cifar10,0.3,14,classifier,0.855235
30,1,8,vit_tiny,cifar10,0.3,0,base.patch_embed,0.982310
30,1,8,vit_tiny,cifar10,0.3,1,base.blocks.0,0.903939
30,1,8,vit_tiny,cifar10,0.3,2,base.blocks.1,0.866372
30,1,8,vit_tiny,cifar10,0.3,3,base.blocks.2,0.866949
30,1,8,vit_tiny,cifar10,0.3,4,base.blocks.3,0.874766
30,1,8,vit_tiny,cifar10,0.3,5,base.blocks.4,0.894081
30,1,8,vit_tiny,cifar10,0.3,6,base.blocks.5,0.896600
30,1,8,vit_tiny,cifar10,0.3,7,base.blocks.6,0.895312
30,1,8,vit_tiny,cifar10,0.3,8,base.blocks.7,0.891034
30,1,8,vit_tiny,cifar10,0.3,9,base.blocks.8,0.882338
30,1,8,vit_tiny,cifar10,0.3,10,base.blocks.9,0.876963
30,1,8,vit_tiny,cifar10,0.3,11,base.blocks.10,0.868404
30,1,8,vit_tiny,cifar10,0.3,12,base.blocks.11,0.856744
30,1,8,vit_tiny,cifar10,0.3,13,base.norm,0.859123
30,1,8,vit_tiny,cifar10,0.3,14,classifier,0.802933
30,1,9,vit_tiny,cifar10,0.3,0,base.patch_embed,0.982429
30,1,9,vit_tiny,cifar10,0.3,1,base.blocks.0,0.957431
30,1,9,vit_tiny,cifar10,0.3,2,base.blocks.1,0.958136
30,1,9,vit_tiny,cifar10,0.3,3,base.blocks.2,0.959833
30,1,9,vit_tiny,cifar10,0.3,4,base.blocks.3,0.957721
30,1,9,vit_tiny,cifar10,0.3,5,base.blocks.4,0.955534
30,1,9,vit_tiny,cifar10,0.3,6,base.blocks.5,0.950366
30,1,9,vit_tiny,cifar10,0.3,7,base.blocks.6,0.943584
30,1,9,vit_tiny,cifar10,0.3,8,base.blocks.7,0.938001
30,1,9,vit_tiny,cifar10,0.3,9,base.blocks.8,0.926871
30,1,9,vit_tiny,cifar10,0.3,10,base.blocks.9,0.921886
30,1,9,vit_tiny,cifar10,0.3,11,base.blocks.10,0.915023
30,1,9,vit_tiny,cifar10,0.3,12,base.blocks.11,0.908850
30,1,9,vit_tiny,cifar10,0.3,13,base.norm,0.924754
30,1,9,vit_tiny,cifar10,0.3,14,classifier,0.826972
30,2,3,vit_tiny,cifar10,0.3,0,base.patch_embed,0.986410
30,2,3,vit_tiny,cifar10,0.3,1,base.blocks.0,0.932494
30,2,3,vit_tiny,cifar10,0.3,2,base.blocks.1,0.930178
30,2,3,vit_tiny,cifar10,0.3,3,base.blocks.2,0.935834
30,2,3,vit_tiny,cifar10,0.3,4,base.blocks.3,0.934014
30,2,3,vit_tiny,cifar10,0.3,5,base.blocks.4,0.926146
30,2,3,vit_tiny,cifar10,0.3,6,base.blocks.5,0.923455
30,2,3,vit_tiny,cifar10,0.3,7,base.blocks.6,0.921718
30,2,3,vit_tiny,cifar10,0.3,8,base.blocks.7,0.917576
30,2,3,vit_tiny,cifar10,0.3,9,base.blocks.8,0.909301
30,2,3,vit_tiny,cifar10,0.3,10,base.blocks.9,0.903304
30,2,3,vit_tiny,cifar10,0.3,11,base.blocks.10,0.892163
30,2,3,vit_tiny,cifar10,0.3,12,base.blocks.11,0.883161
30,2,3,vit_tiny,cifar10,0.3,13,base.norm,0.892814
30,2,3,vit_tiny,cifar10,0.3,14,classifier,0.823613
30,2,4,vit_tiny,cifar10,0.3,0,base.patch_embed,0.964262
30,2,4,vit_tiny,cifar10,0.3,1,base.blocks.0,0.933046
30,2,4,vit_tiny,cifar10,0.3,2,base.blocks.1,0.937104
30,2,4,vit_tiny,cifar10,0.3,3,base.blocks.2,0.935393
30,2,4,vit_tiny,cifar10,0.3,4,base.blocks.3,0.934816
30,2,4,vit_tiny,cifar10,0.3,5,base.blocks.4,0.926555
30,2,4,vit_tiny,cifar10,0.3,6,base.blocks.5,0.924136
30,2,4,vit_tiny,cifar10,0.3,7,base.blocks.6,0.921627
30,2,4,vit_tiny,cifar10,0.3,8,base.blocks.7,0.916849
30,2,4,vit_tiny,cifar10,0.3,9,base.blocks.8,0.921527
30,2,4,vit_tiny,cifar10,0.3,10,base.blocks.9,0.925221
30,2,4,vit_tiny,cifar10,0.3,11,base.blocks.10,0.924652
30,2,4,vit_tiny,cifar10,0.3,12,base.blocks.11,0.923926
30,2,4,vit_tiny,cifar10,0.3,13,base.norm,0.923467
30,2,4,vit_tiny,cifar10,0.3,14,classifier,0.869714
30,2,5,vit_tiny,cifar10,0.3,0,base.patch_embed,0.919469
30,2,5,vit_tiny,cifar10,0.3,1,base.blocks.0,0.927381
30,2,5,vit_tiny,cifar10,0.3,2,base.blocks.1,0.932254
30,2,5,vit_tiny,cifar10,0.3,3,base.blocks.2,0.942930
30,2,5,vit_tiny,cifar10,0.3,4,base.blocks.3,0.941326
30,2,5,vit_tiny,cifar10,0.3,5,base.blocks.4,0.940700
30,2,5,vit_tiny,cifar10,0.3,6,base.blocks.5,0.937314
30,2,5,vit_tiny,cifar10,0.3,7,base.blocks.6,0.932859
30,2,5,vit_tiny,cifar10,0.3,8,base.blocks.7,0.925279
30,2,5,vit_tiny,cifar10,0.3,9,base.blocks.8,0.906141
30,2,5,vit_tiny,cifar10,0.3,10,base.blocks.9,0.894498
30,2,5,vit_tiny,cifar10,0.3,11,base.blocks.10,0.877981
30,2,5,vit_tiny,cifar10,0.3,12,base.blocks.11,0.858802
30,2,5,vit_tiny,cifar10,0.3,13,base.norm,0.888859
30,2,5,vit_tiny,cifar10,0.3,14,classifier,0.746664
30,2,6,vit_tiny,cifar10,0.3,0,base.patch_embed,0.982594
30,2,6,vit_tiny,cifar10,0.3,1,base.blocks.0,0.977870
30,2,6,vit_tiny,cifar10,0.3,2,base.blocks.1,0.974406
30,2,6,vit_tiny,cifar10,0.3,3,base.blocks.2,0.966709
30,2,6,vit_tiny,cifar10,0.3,4,base.blocks.3,0.963469
30,2,6,vit_tiny,cifar10,0.3,5,base.blocks.4,0.955638
30,2,6,vit_tiny,cifar10,0.3,6,base.blocks.5,0.948627
30,2,6,vit_tiny,cifar10,0.3,7,base.blocks.6,0.943889
30,2,6,vit_tiny,cifar10,0.3,8,base.blocks.7,0.940488
30,2,6,vit_tiny,cifar10,0.3,9,base.blocks.8,0.932029
30,2,6,vit_tiny,cifar10,0.3,10,base.blocks.9,0.929954
30,2,6,vit_tiny,cifar10,0.3,11,base.blocks.10,0.923069
30,2,6,vit_tiny,cifar10,0.3,12,base.blocks.11,0.919049
30,2,6,vit_tiny,cifar10,0.3,13,base.norm,0.922979
30,2,6,vit_tiny,cifar10,0.3,14,classifier,0.812039
30,2,7,vit_tiny,cifar10,0.3,0,base.patch_embed,0.951180
30,2,7,vit_tiny,cifar10,0.3,1,base.blocks.0,0.822027
30,2,7,vit_tiny,cifar10,0.3,2,base.blocks.1,0.810062
30,2,7,vit_tiny,cifar10,0.3,3,base.blocks.2,0.799778
30,2,7,vit_tiny,cifar10,0.3,4,base.blocks.3,0.785372
30,2,7,vit_tiny,cifar10,0.3,5,base.blocks.4,0.761466
30,2,7,vit_tiny,cifar10,0.3,6,base.blocks.5,0.763594
30,2,7,vit_tiny,cifar10,0.3,7,base.blocks.6,0.764337
30,2,7,vit_tiny,cifar10,0.3,8,base.blocks.7,0.761476
30,2,7,vit_tiny,cifar10,0.3,9,base.blocks.8,0.789626
30,2,7,vit_tiny,cifar10,0.3,10,base.blocks.9,0.795712
30,2,7,vit_tiny,cifar10,0.3,11,base.blocks.10,0.796058
30,2,7,vit_tiny,cifar10,0.3,12,base.blocks.11,0.798308
30,2,7,vit_tiny,cifar10,0.3,13,base.norm,0.813028
30,2,7,vit_tiny,cifar10,0.3,14,classifier,0.831146
30,2,8,vit_tiny,cifar10,0.3,0,base.patch_embed,0.988355
30,2,8,vit_tiny,cifar10,0.3,1,base.blocks.0,0.941867
30,2,8,vit_tiny,cifar10,0.3,2,base.blocks.1,0.932157
30,2,8,vit_tiny,cifar10,0.3,3,base.blocks.2,0.928607
30,2,8,vit_tiny,cifar10,0.3,4,base.blocks.3,0.921990
30,2,8,vit_tiny,cifar10,0.3,5,base.blocks.4,0.922454
30,2,8,vit_tiny,cifar10,0.3,6,base.blocks.5,0.921786
30,2,8,vit_tiny,cifar10,0.3,7,base.blocks.6,0.919305
30,2,8,vit_tiny,cifar10,0.3,8,base.blocks.7,0.914970
30,2,8,vit_tiny,cifar10,0.3,9,base.blocks.8,0.921768
30,2,8,vit_tiny,cifar10,0.3,10,base.blocks.9,0.926181
30,2,8,vit_tiny,cifar10,0.3,11,base.blocks.10,0.928668
30,2,8,vit_tiny,cifar10,0.3,12,base.blocks.11,0.930176
30,2,8,vit_tiny,cifar10,0.3,13,base.norm,0.915743
30,2,8,vit_tiny,cifar10,0.3,14,classifier,0.861213
30,2,9,vit_tiny,cifar10,0.3,0,base.patch_embed,0.980730
30,2,9,vit_tiny,cifar10,0.3,1,base.blocks.0,0.961195
30,2,9,vit_tiny,cifar10,0.3,2,base.blocks.1,0.951990
30,2,9,vit_tiny,cifar10,0.3,3,base.blocks.2,0.951223
30,2,9,vit_tiny,cifar10,0.3,4,base.blocks.3,0.945137
30,2,9,vit_tiny,cifar10,0.3,5,base.blocks.4,0.940552
30,2,9,vit_tiny,cifar10,0.3,6,base.blocks.5,0.936821
30,2,9,vit_tiny,cifar10,0.3,7,base.blocks.6,0.933792
30,2,9,vit_tiny,cifar10,0.3,8,base.blocks.7,0.931191
30,2,9,vit_tiny,cifar10,0.3,9,base.blocks.8,0.932764
30,2,9,vit_tiny,cifar10,0.3,10,base.blocks.9,0.935780
30,2,9,vit_tiny,cifar10,0.3,11,base.blocks.10,0.936902
30,2,9,vit_tiny,cifar10,0.3,12,base.blocks.11,0.937727
30,2,9,vit_tiny,cifar10,0.3,13,base.norm,0.935285
30,2,9,vit_tiny,cifar10,0.3,14,classifier,0.876965
30,3,4,vit_tiny,cifar10,0.3,0,base.patch_embed,0.967090
30,3,4,vit_tiny,cifar10,0.3,1,base.blocks.0,0.941590
30,3,4,vit_tiny,cifar10,0.3,2,base.blocks.1,0.945049
30,3,4,vit_tiny,cifar10,0.3,3,base.blocks.2,0.953605
30,3,4,vit_tiny,cifar10,0.3,4,base.blocks.3,0.957013
30,3,4,vit_tiny,cifar10,0.3,5,base.blocks.4,0.955199
30,3,4,vit_tiny,cifar10,0.3,6,base.blocks.5,0.949724
30,3,4,vit_tiny,cifar10,0.3,7,base.blocks.6,0.943048
30,3,4,vit_tiny,cifar10,0.3,8,base.blocks.7,0.932213
30,3,4,vit_tiny,cifar10,0.3,9,base.blocks.8,0.919377
30,3,4,vit_tiny,cifar10,0.3,10,base.blocks.9,0.914277
30,3,4,vit_tiny,cifar10,0.3,11,base.blocks.10,0.904632
30,3,4,vit_tiny,cifar10,0.3,12,base.blocks.11,0.896462
30,3,4,vit_tiny,cifar10,0.3,13,base.norm,0.892638
30,3,4,vit_tiny,cifar10,0.3,14,classifier,0.830470
30,3,5,vit_tiny,cifar10,0.3,0,base.patch_embed,0.947011
30,3,5,vit_tiny,cifar10,0.3,1,base.blocks.0,0.940993
30,3,5,vit_tiny,cifar10,0.3,2,base.blocks.1,0.948386
30,3,5,vit_tiny,cifar10,0.3,3,base.blocks.2,0.955063
30,3,5,vit_tiny,cifar10,0.3,4,base.blocks.3,0.953271
30,3,5,vit_tiny,cifar10,0.3,5,base.blocks.4,0.954389
30,3,5,vit_tiny,cifar10,0.3,6,base.blocks.5,0.952457
30,3,5,vit_tiny,cifar10,0.3,7,base.blocks.6,0.950532
30,3,5,vit_tiny,cifar10,0.3,8,base.blocks.7,0.949170
30,3,5,vit_tiny,cifar10,0.3,9,base.blocks.8,0.935097
30,3,5,vit_tiny,cifar10,0.3,10,base.blocks.9,0.928549
30,3,5,vit_tiny,cifar10,0.3,11,base.blocks.10,0.924099
30,3,5,vit_tiny,cifar10,0.3,12,base.blocks.11,0.918044
30,3,5,vit_tiny,cifar10,0.3,13,base.norm,0.925007
30,3,5,vit_tiny,cifar10,0.3,14,classifier,0.816808
30,3,6,vit_tiny,cifar10,0.3,0,base.patch_embed,0.984357
30,3,6,vit_tiny,cifar10,0.3,1,base.blocks.0,0.939270
30,3,6,vit_tiny,cifar10,0.3,2,base.blocks.1,0.930809
30,3,6,vit_tiny,cifar10,0.3,3,base.blocks.2,0.928062
30,3,6,vit_tiny,cifar10,0.3,4,base.blocks.3,0.921886
30,3,6,vit_tiny,cifar10,0.3,5,base.blocks.4,0.911224
30,3,6,vit_tiny,cifar10,0.3,6,base.blocks.5,0.906720
30,3,6,vit_tiny,cifar10,0.3,7,base.blocks.6,0.901751
30,3,6,vit_tiny,cifar10,0.3,8,base.blocks.7,0.896437
30,3,6,vit_tiny,cifar10,0.3,9,base.blocks.8,0.887186
30,3,6,vit_tiny,cifar10,0.3,10,base.blocks.9,0.882996
30,3,6,vit_tiny,cifar10,0.3,11,base.blocks.10,0.870800
30,3,6,vit_tiny,cifar10,0.3,12,base.blocks.11,0.861879
30,3,6,vit_tiny,cifar10,0.3,13,base.norm,0.869252
30,3,6,vit_tiny,cifar10,0.3,14,classifier,0.764766
30,3,7,vit_tiny,cifar10,0.3,0,base.patch_embed,0.973625
30,3,7,vit_tiny,cifar10,0.3,1,base.blocks.0,0.926884
30,3,7,vit_tiny,cifar10,0.3,2,base.blocks.1,0.922924
30,3,7,vit_tiny,cifar10,0.3,3,base.blocks.2,0.913841
30,3,7,vit_tiny,cifar10,0.3,4,base.blocks.3,0.906573
30,3,7,vit_tiny,cifar10,0.3,5,base.blocks.4,0.900993
30,3,7,vit_tiny,cifar10,0.3,6,base.blocks.5,0.898662
30,3,7,vit_tiny,cifar10,0.3,7,base.blocks.6,0.893658
30,3,7,vit_tiny,cifar10,0.3,8,base.blocks.7,0.888612
30,3,7,vit_tiny,cifar10,0.3,9,base.blocks.8,0.895034
30,3,7,vit_tiny,cifar10,0.3,10,base.blocks.9,0.896512
30,3,7,vit_tiny,cifar10,0.3,11,base.blocks.10,0.895850
30,3,7,vit_tiny,cifar10,0.3,12,base.blocks.11,0.894276
30,3,7,vit_tiny,cifar10,0.3,13,base.norm,0.882814
30,3,7,vit_tiny,cifar10,0.3,14,classifier,0.830262
30,3,8,vit_tiny,cifar10,0.3,0,base.patch_embed,0.986970
30,3,8,vit_tiny,cifar10,0.3,1,base.blocks.0,0.935478
30,3,8,vit_tiny,cifar10,0.3,2,base.blocks.1,0.912020
30,3,8,vit_tiny,cifar10,0.3,3,base.blocks.2,0.918746
30,3,8,vit_tiny,cifar10,0.3,4,base.blocks.3,0.921239
30,3,8,vit_tiny,cifar10,0.3,5,base.blocks.4,0.930090
30,3,8,vit_tiny,cifar10,0.3,6,base.blocks.5,0.925604
30,3,8,vit_tiny,cifar10,0.3,7,base.blocks.6,0.918046
30,3,8,vit_tiny,cifar10,0.3,8,base.blocks.7,0.905502
30,3,8,vit_tiny,cifar10,0.3,9,base.blocks.8,0.887544
30,3,8,vit_tiny,cifar10,0.3,10,base.blocks.9,0.879071
30,3,8,vit_tiny,cifar10,0.3,11,base.blocks.10,0.862807
30,3,8,vit_tiny,cifar10,0.3,12,base.blocks.11,0.846058
30,3,8,vit_tiny,cifar10,0.3,13,base.norm,0.849951
30,3,8,vit_tiny,cifar10,0.3,14,classifier,0.777564
30,3,9,vit_tiny,cifar10,0.3,0,base.patch_embed,0.991991
30,3,9,vit_tiny,cifar10,0.3,1,base.blocks.0,0.979638
30,3,9,vit_tiny,cifar10,0.3,2,base.blocks.1,0.975443
30,3,9,vit_tiny,cifar10,0.3,3,base.blocks.2,0.976571
30,3,9,vit_tiny,cifar10,0.3,4,base.blocks.3,0.972447
30,3,9,vit_tiny,cifar10,0.3,5,base.blocks.4,0.968630
30,3,9,vit_tiny,cifar10,0.3,6,base.blocks.5,0.961187
30,3,9,vit_tiny,cifar10,0.3,7,base.blocks.6,0.952504
30,3,9,vit_tiny,cifar10,0.3,8,base.blocks.7,0.944067
30,3,9,vit_tiny,cifar10,0.3,9,base.blocks.8,0.930568
30,3,9,vit_tiny,cifar10,0.3,10,base.blocks.9,0.925750
30,3,9,vit_tiny,cifar10,0.3,11,base.blocks.10,0.913473
30,3,9,vit_tiny,cifar10,0.3,12,base.blocks.11,0.902803
30,3,9,vit_tiny,cifar10,0.3,13,base.norm,0.907591
30,3,9,vit_tiny,cifar10,0.3,14,classifier,0.841383
30,4,5,vit_tiny,cifar10,0.3,0,base.patch_embed,0.845797
30,4,5,vit_tiny,cifar10,0.3,1,base.blocks.0,0.836694
30,4,5,vit_tiny,cifar10,0.3,2,base.blocks.1,0.850655
30,4,5,vit_tiny,cifar10,0.3,3,base.blocks.2,0.871861
30,4,5,vit_tiny,cifar10,0.3,4,base.blocks.3,0.877805
30,4,5,vit_tiny,cifar10,0.3,5,base.blocks.4,0.882676
30,4,5,vit_tiny,cifar10,0.3,6,base.blocks.5,0.880439
30,4,5,vit_tiny,cifar10,0.3,7,base.blocks.6,0.877467
30,4,5,vit_tiny,cifar10,0.3,8,base.blocks.7,0.870667
30,4,5,vit_tiny,cifar10,0.3,9,base.blocks.8,0.854857
30,4,5,vit_tiny,cifar10,0.3,10,base.blocks.9,0.849711
30,4,5,vit_tiny,cifar10,0.3,11,base.blocks.10,0.845458
30,4,5,vit_tiny,cifar10,0.3,12,base.blocks.11,0.836157
30,4,5,vit_tiny,cifar10,0.3,13,base.norm,0.858142
30,4,5,vit_tiny,cifar10,0.3,14,classifier,0.785417
30,4,6,vit_tiny,cifar10,0.3,0,base.patch_embed,0.945972
30,4,6,vit_tiny,cifar10,0.3,1,base.blocks.0,0.950476
30,4,6,vit_tiny,cifar10,0.3,2,base.blocks.1,0.966303
30,4,6,vit_tiny,cifar10,0.3,3,base.blocks.2,0.964389
30,4,6,vit_tiny,cifar10,0.3,4,base.blocks.3,0.957494
30,4,6,vit_tiny,cifar10,0.3,5,base.blocks.4,0.948921
30,4,6,vit_tiny,cifar10,0.3,6,base.blocks.5,0.945229
30,4,6,vit_tiny,cifar10,0.3,7,base.blocks.6,0.938381
30,4,6,vit_tiny,cifar10,0.3,8,base.blocks.7,0.932703
30,4,6,vit_tiny,cifar10,0.3,9,base.blocks.8,0.931516
30,4,6,vit_tiny,cifar10,0.3,10,base.blocks.9,0.931190
30,4,6,vit_tiny,cifar10,0.3,11,base.blocks.10,0.923396
30,4,6,vit_tiny,cifar10,0.3,12,base.blocks.11,0.917622
30,4,6,vit_tiny,cifar10,0.3,13,base.norm,0.922914
30,4,6,vit_tiny,cifar10,0.3,14,classifier,0.903984
30,4,7,vit_tiny,cifar10,0.3,0,base.patch_embed,0.975282
30,4,7,vit_tiny,cifar10,0.3,1,base.blocks.0,0.918097
30,4,7,vit_tiny,cifar10,0.3,2,base.blocks.1,0.921454
30,4,7,vit_tiny,cifar10,0.3,3,base.blocks.2,0.919780
30,4,7,vit_tiny,cifar10,0.3,4,base.blocks.3,0.914419
30,4,7,vit_tiny,cifar10,0.3,5,base.blocks.4,0.905353
30,4,7,vit_tiny,cifar10,0.3,6,base.blocks.5,0.905232
30,4,7,vit_tiny,cifar10,0.3,7,base.blocks.6,0.901952
30,4,7,vit_tiny,cifar10,0.3,8,base.blocks.7,0.899799
30,4,7,vit_tiny,cifar10,0.3,9,base.blocks.8,0.906142
30,4,7,vit_tiny,cifar10,0.3,10,base.blocks.9,0.907271
30,4,7,vit_tiny,cifar10,0.3,11,base.blocks.10,0.906285
30,4,7,vit_tiny,cifar10,0.3,12,base.blocks.11,0.909182
30,4,7,vit_tiny,cifar10,0.3,13,base.norm,0.911054
30,4,7,vit_tiny,cifar10,0.3,14,classifier,0.934309
30,4,8,vit_tiny,cifar10,0.3,0,base.patch_embed,0.985476
30,4,8,vit_tiny,cifar10,0.3,1,base.blocks.0,0.995140
30,4,8,vit_tiny,cifar10,0.3,2,base.blocks.1,0.987321
30,4,8,vit_tiny,cifar10,0.3,3,base.blocks.2,0.985454
30,4,8,vit_tiny,cifar10,0.3,4,base.blocks.3,0.982824
30,4,8,vit_tiny,cifar10,0.3,5,base.blocks.4,0.982449
30,4,8,vit_tiny,cifar10,0.3,6,base.blocks.5,0.981097
30,4,8,vit_tiny,cifar10,0.3,7,base.blocks.6,0.978143
30,4,8,vit_tiny,cifar10,0.3,8,base.blocks.7,0.974446
30,4,8,vit_tiny,cifar10,0.3,9,base.blocks.8,0.969573
30,4,8,vit_tiny,cifar10,0.3,10,base.blocks.9,0.966690
30,4,8,vit_tiny,cifar10,0.3,11,base.blocks.10,0.961519
30,4,8,vit_tiny,cifar10,0.3,12,base.blocks.11,0.956311
30,4,8,vit_tiny,cifar10,0.3,13,base.norm,0.956628
30,4,8,vit_tiny,cifar10,0.3,14,classifier,0.896746
30,4,9,vit_tiny,cifar10,0.3,0,base.patch_embed,0.972463
30,4,9,vit_tiny,cifar10,0.3,1,base.blocks.0,0.975733
30,4,9,vit_tiny,cifar10,0.3,2,base.blocks.1,0.979359
30,4,9,vit_tiny,cifar10,0.3,3,base.blocks.2,0.980321
30,4,9,vit_tiny,cifar10,0.3,4,base.blocks.3,0.982988
30,4,9,vit_tiny,cifar10,0.3,5,base.blocks.4,0.983325
30,4,9,vit_tiny,cifar10,0.3,6,base.blocks.5,0.983256
30,4,9,vit_tiny,cifar10,0.3,7,base.blocks.6,0.982703
30,4,9,vit_tiny,cifar10,0.3,8,base.blocks.7,0.980668
30,4,9,vit_tiny,cifar10,0.3,9,base.blocks.8,0.978980
30,4,9,vit_tiny,cifar10,0.3,10,base.blocks.9,0.977513
30,4,9,vit_tiny,cifar10,0.3,11,base.blocks.10,0.976562
30,4,9,vit_tiny,cifar10,0.3,12,base.blocks.11,0.975176
30,4,9,vit_tiny,cifar10,0.3,13,base.norm,0.965338
30,4,9,vit_tiny,cifar10,0.3,14,classifier,0.884270
30,5,6,vit_tiny,cifar10,0.3,0,base.patch_embed,0.938914
30,5,6,vit_tiny,cifar10,0.3,1,base.blocks.0,0.904552
30,5,6,vit_tiny,cifar10,0.3,2,base.blocks.1,0.888246
30,5,6,vit_tiny,cifar10,0.3,3,base.blocks.2,0.891379
30,5,6,vit_tiny,cifar10,0.3,4,base.blocks.3,0.888282
30,5,6,vit_tiny,cifar10,0.3,5,base.blocks.4,0.883585
30,5,6,vit_tiny,cifar10,0.3,6,base.blocks.5,0.878292
30,5,6,vit_tiny,cifar10,0.3,7,base.blocks.6,0.875524
30,5,6,vit_tiny,cifar10,0.3,8,base.blocks.7,0.873441
30,5,6,vit_tiny,cifar10,0.3,9,base.blocks.8,0.865046
30,5,6,vit_tiny,cifar10,0.3,10,base.blocks.9,0.860232
30,5,6,vit_tiny,cifar10,0.3,11,base.blocks.10,0.852909
30,5,6,vit_tiny,cifar10,0.3,12,base.blocks.11,0.844872
30,5,6,vit_tiny,cifar10,0.3,13,base.norm,0.856621
30,5,6,vit_tiny,cifar10,0.3,14,classifier,0.782355
30,5,7,vit_tiny,cifar10,0.3,0,base.patch_embed,0.880120
30,5,7,vit_tiny,cifar10,0.3,1,base.blocks.0,0.817921
30,5,7,vit_tiny,cifar10,0.3,2,base.blocks.1,0.803969
30,5,7,vit_tiny,cifar10,0.3,3,base.blocks.2,0.806098
30,5,7,vit_tiny,cifar10,0.3,4,base.blocks.3,0.799632
30,5,7,vit_tiny,cifar10,0.3,5,base.blocks.4,0.799279
30,5,7,vit_tiny,cifar10,0.3,6,base.blocks.5,0.803541
30,5,7,vit_tiny,cifar10,0.3,7,base.blocks.6,0.805294
30,5,7,vit_tiny,cifar10,0.3,8,base.blocks.7,0.805223
30,5,7,vit_tiny,cifar10,0.3,9,base.blocks.8,0.805774
30,5,7,vit_tiny,cifar10,0.3,10,base.blocks.9,0.804653
30,5,7,vit_tiny,cifar10,0.3,11,base.blocks.10,0.805142
30,5,7,vit_tiny,cifar10,0.3,12,base.blocks.11,0.802242
30,5,7,vit_tiny,cifar10,0.3,13,base.norm,0.808116
30,5,7,vit_tiny,cifar10,0.3,14,classifier,0.757794
30,5,8,vit_tiny,cifar10,0.3,0,base.patch_embed,0.909493
30,5,8,vit_tiny,cifar10,0.3,1,base.blocks.0,0.838495
30,5,8,vit_tiny,cifar10,0.3,2,base.blocks.1,0.821150
30,5,8,vit_tiny,cifar10,0.3,3,base.blocks.2,0.841329
30,5,8,vit_tiny,cifar10,0.3,4,base.blocks.3,0.842343
30,5,8,vit_tiny,cifar10,0.3,5,base.blocks.4,0.864386
30,5,8,vit_tiny,cifar10,0.3,6,base.blocks.5,0.865661
30,5,8,vit_tiny,cifar10,0.3,7,base.blocks.6,0.863111
30,5,8,vit_tiny,cifar10,0.3,8,base.blocks.7,0.857227
30,5,8,vit_tiny,cifar10,0.3,9,base.blocks.8,0.845105
30,5,8,vit_tiny,cifar10,0.3,10,base.blocks.9,0.839997
30,5,8,vit_tiny,cifar10,0.3,11,base.blocks.10,0.831470
30,5,8,vit_tiny,cifar10,0.3,12,base.blocks.11,0.816359
30,5,8,vit_tiny,cifar10,0.3,13,base.norm,0.833670
30,5,8,vit_tiny,cifar10,0.3,14,classifier,0.726205
30,5,9,vit_tiny,cifar10,0.3,0,base.patch_embed,0.925550
30,5,9,vit_tiny,cifar10,0.3,1,base.blocks.0,0.913794
30,5,9,vit_tiny,cifar10,0.3,2,base.blocks.1,0.912564
30,5,9,vit_tiny,cifar10,0.3,3,base.blocks.2,0.924946
30,5,9,vit_tiny,cifar10,0.3,4,base.blocks.3,0.920858
30,5,9,vit_tiny,cifar10,0.3,5,base.blocks.4,0.922267
30,5,9,vit_tiny,cifar10,0.3,6,base.blocks.5,0.916330
30,5,9,vit_tiny,cifar10,0.3,7,base.blocks.6,0.909157
30,5,9,vit_tiny,cifar10,0.3,8,base.blocks.7,0.903714
30,5,9,vit_tiny,cifar10,0.3,9,base.blocks.8,0.883964
30,5,9,vit_tiny,cifar10,0.3,10,base.blocks.9,0.879201
30,5,9,vit_tiny,cifar10,0.3,11,base.blocks.10,0.869338
30,5,9,vit_tiny,cifar10,0.3,12,base.blocks.11,0.857927
30,5,9,vit_tiny,cifar10,0.3,13,base.norm,0.883374
30,5,9,vit_tiny,cifar10,0.3,14,classifier,0.808553
30,6,7,vit_tiny,cifar10,0.3,0,base.patch_embed,0.968979
30,6,7,vit_tiny,cifar10,0.3,1,base.blocks.0,0.872579
30,6,7,vit_tiny,cifar10,0.3,2,base.blocks.1,0.857200
30,6,7,vit_tiny,cifar10,0.3,3,base.blocks.2,0.831232
30,6,7,vit_tiny,cifar10,0.3,4,base.blocks.3,0.807882
30,6,7,vit_tiny,cifar10,0.3,5,base.blocks.4,0.781196
30,6,7,vit_tiny,cifar10,0.3,6,base.blocks.5,0.782926
30,6,7,vit_tiny,cifar10,0.3,7,base.blocks.6,0.777924
30,6,7,vit_tiny,cifar10,0.3,8,base.blocks.7,0.779158
30,6,7,vit_tiny,cifar10,0.3,9,base.blocks.8,0.799777
30,6,7,vit_tiny,cifar10,0.3,10,base.blocks.9,0.803447
30,6,7,vit_tiny,cifar10,0.3,11,base.blocks.10,0.796412
30,6,7,vit_tiny,cifar10,0.3,12,base.blocks.11,0.793575
30,6,7,vit_tiny,cifar10,0.3,13,base.norm,0.824754
30,6,7,vit_tiny,cifar10,0.3,14,classifier,0.854553
30,6,8,vit_tiny,cifar10,0.3,0,base.patch_embed,0.965969
30,6,8,vit_tiny,cifar10,0.3,1,base.blocks.0,0.957860
30,6,8,vit_tiny,cifar10,0.3,2,base.blocks.1,0.972872
30,6,8,vit_tiny,cifar10,0.3,3,base.blocks.2,0.969969
30,6,8,vit_tiny,cifar10,0.3,4,base.blocks.3,0.955559
30,6,8,vit_tiny,cifar10,0.3,5,base.blocks.4,0.945455
30,6,8,vit_tiny,cifar10,0.3,6,base.blocks.5,0.936121
30,6,8,vit_tiny,cifar10,0.3,7,base.blocks.6,0.923753
30,6,8,vit_tiny,cifar10,0.3,8,base.blocks.7,0.914055
30,6,8,vit_tiny,cifar10,0.3,9,base.blocks.8,0.908192
30,6,8,vit_tiny,cifar10,0.3,10,base.blocks.9,0.905422
30,6,8,vit_tiny,cifar10,0.3,11,base.blocks.10,0.896036
30,6,8,vit_tiny,cifar10,0.3,12,base.blocks.11,0.890609
30,6,8,vit_tiny,cifar10,0.3,13,base.norm,0.904817
30,6,8,vit_tiny,cifar10,0.3,14,classifier,0.844514
30,6,9,vit_tiny,cifar10,0.3,0,base.patch_embed,0.992053
30,6,9,vit_tiny,cifar10,0.3,1,base.blocks.0,0.979548
30,6,9,vit_tiny,cifar10,0.3,2,base.blocks.1,0.966844
30,6,9,vit_tiny,cifar10,0.3,3,base.blocks.2,0.952208
30,6,9,vit_tiny,cifar10,0.3,4,base.blocks.3,0.941243
30,6,9,vit_tiny,cifar10,0.3,5,base.blocks.4,0.933558
30,6,9,vit_tiny,cifar10,0.3,6,base.blocks.5,0.931184
30,6,9,vit_tiny,cifar10,0.3,7,base.blocks.6,0.928564
30,6,9,vit_tiny,cifar10,0.3,8,base.blocks.7,0.930357
30,6,9,vit_tiny,cifar10,0.3,9,base.blocks.8,0.935075
30,6,9,vit_tiny,cifar10,0.3,10,base.blocks.9,0.936559
30,6,9,vit_tiny,cifar10,0.3,11,base.blocks.10,0.931470
30,6,9,vit_tiny,cifar10,0.3,12,base.blocks.11,0.928524
30,6,9,vit_tiny,cifar10,0.3,13,base.norm,0.939963
30,6,9,vit_tiny,cifar10,0.3,14,classifier,0.844014
30,7,8,vit_tiny,cifar10,0.3,0,base.patch_embed,0.960695
30,7,8,vit_tiny,cifar10,0.3,1,base.blocks.0,0.903736
30,7,8,vit_tiny,cifar10,0.3,2,base.blocks.1,0.896941
30,7,8,vit_tiny,cifar10,0.3,3,base.blocks.2,0.894496
30,7,8,vit_tiny,cifar10,0.3,4,base.blocks.3,0.901210
30,7,8,vit_tiny,cifar10,0.3,5,base.blocks.4,0.897379
30,7,8,vit_tiny,cifar10,0.3,6,base.blocks.5,0.900461
30,7,8,vit_tiny,cifar10,0.3,7,base.blocks.6,0.900228
30,7,8,vit_tiny,cifar10,0.3,8,base.blocks.7,0.896785
30,7,8,vit_tiny,cifar10,0.3,9,base.blocks.8,0.897146
30,7,8,vit_tiny,cifar10,0.3,10,base.blocks.9,0.890832
30,7,8,vit_tiny,cifar10,0.3,11,base.blocks.10,0.877245
30,7,8,vit_tiny,cifar10,0.3,12,base.blocks.11,0.864092
30,7,8,vit_tiny,cifar10,0.3,13,base.norm,0.893098
30,7,8,vit_tiny,cifar10,0.3,14,classifier,0.815778
30,7,9,vit_tiny,cifar10,0.3,0,base.patch_embed,0.989493
30,7,9,vit_tiny,cifar10,0.3,1,base.blocks.0,0.933256
30,7,9,vit_tiny,cifar10,0.3,2,base.blocks.1,0.941317
30,7,9,vit_tiny,cifar10,0.3,3,base.blocks.2,0.933681
30,7,9,vit_tiny,cifar10,0.3,4,base.blocks.3,0.927114
30,7,9,vit_tiny,cifar10,0.3,5,base.blocks.4,0.911517
30,7,9,vit_tiny,cifar10,0.3,6,base.blocks.5,0.911565
30,7,9,vit_tiny,cifar10,0.3,7,base.blocks.6,0.906492
30,7,9,vit_tiny,cifar10,0.3,8,base.blocks.7,0.901776
30,7,9,vit_tiny,cifar10,0.3,9,base.blocks.8,0.908387
30,7,9,vit_tiny,cifar10,0.3,10,base.blocks.9,0.907840
30,7,9,vit_tiny,cifar10,0.3,11,base.blocks.10,0.901503
30,7,9,vit_tiny,cifar10,0.3,12,base.blocks.11,0.897373
30,7,9,vit_tiny,cifar10,0.3,13,base.norm,0.904070
30,7,9,vit_tiny,cifar10,0.3,14,classifier,0.828605
30,8,9,vit_tiny,cifar10,0.3,0,base.patch_embed,0.978757
30,8,9,vit_tiny,cifar10,0.3,1,base.blocks.0,0.974940
30,8,9,vit_tiny,cifar10,0.3,2,base.blocks.1,0.965434
30,8,9,vit_tiny,cifar10,0.3,3,base.blocks.2,0.962824
30,8,9,vit_tiny,cifar10,0.3,4,base.blocks.3,0.965951
30,8,9,vit_tiny,cifar10,0.3,5,base.blocks.4,0.973235
30,8,9,vit_tiny,cifar10,0.3,6,base.blocks.5,0.975077
30,8,9,vit_tiny,cifar10,0.3,7,base.blocks.6,0.974005
30,8,9,vit_tiny,cifar10,0.3,8,base.blocks.7,0.971685
30,8,9,vit_tiny,cifar10,0.3,9,base.blocks.8,0.964871
30,8,9,vit_tiny,cifar10,0.3,10,base.blocks.9,0.961606
30,8,9,vit_tiny,cifar10,0.3,11,base.blocks.10,0.957349
30,8,9,vit_tiny,cifar10,0.3,12,base.blocks.11,0.952287
30,8,9,vit_tiny,cifar10,0.3,13,base.norm,0.947616
30,8,9,vit_tiny,cifar10,0.3,14,classifier,0.869913
40,0,1,vit_tiny,cifar10,0.3,0,base.patch_embed,0.983178
40,0,1,vit_tiny,cifar10,0.3,1,base.blocks.0,0.991621
40,0,1,vit_tiny,cifar10,0.3,2,base.blocks.1,0.990898
40,0,1,vit_tiny,cifar10,0.3,3,base.blocks.2,0.988115
40,0,1,vit_tiny,cifar10,0.3,4,base.blocks.3,0.984638
40,0,1,vit_tiny,cifar10,0.3,5,base.blocks.4,0.981493
40,0,1,vit_tiny,cifar10,0.3,6,base.blocks.5,0.977118
40,0,1,vit_tiny,cifar10,0.3,7,base.blocks.6,0.972291
40,0,1,vit_tiny,cifar10,0.3,8,base.blocks.7,0.966444
40,0,1,vit_tiny,cifar10,0.3,9,base.blocks.8,0.954702
40,0,1,vit_tiny,cifar10,0.3,10,base.blocks.9,0.944012
40,0,1,vit_tiny,cifar10,0.3,11,base.blocks.10,0.933044
40,0,1,vit_tiny,cifar10,0.3,12,base.blocks.11,0.919180
40,0,1,vit_tiny,cifar10,0.3,13,base.norm,0.924564
40,0,1,vit_tiny,cifar10,0.3,14,classifier,0.764190
40,0,2,vit_tiny,cifar10,0.3,0,base.patch_embed,0.974214
40,0,2,vit_tiny,cifar10,0.3,1,base.blocks.0,0.980614
40,0,2,vit_tiny,cifar10,0.3,2,base.blocks.1,0.976718
40,0,2,vit_tiny,cifar10,0.3,3,base.blocks.2,0.970854
40,0,2,vit_tiny,cifar10,0.3,4,base.blocks.3,0.956874
40,0,2,vit_tiny,cifar10,0.3,5,base.blocks.4,0.935261
40,0,2,vit_tiny,cifar10,0.3,6,base.blocks.5,0.925620
40,0,2,vit_tiny,cifar10,0.3,7,base.blocks.6,0.915518
40,0,2,vit_tiny,cifar10,0.3,8,base.blocks.7,0.909502
40,0,2,vit_tiny,cifar10,0.3,9,base.blocks.8,0.913273
40,0,2,vit_tiny,cifar10,0.3,10,base.blocks.9,0.914343
40,0,2,vit_tiny,cifar10,0.3,11,base.blocks.10,0.911168
40,0,2,vit_tiny,cifar10,0.3,12,base.blocks.11,0.913997
40,0,2,vit_tiny,cifar10,0.3,13,base.norm,0.883586
40,0,2,vit_tiny,cifar10,0.3,14,classifier,0.869696
40,0,3,vit_tiny,cifar10,0.3,0,base.patch_embed,0.992507
40,0,3,vit_tiny,cifar10,0.3,1,base.blocks.0,0.986309
40,0,3,vit_tiny,cifar10,0.3,2,base.blocks.1,0.984329
40,0,3,vit_tiny,cifar10,0.3,3,base.blocks.2,0.981129
40,0,3,vit_tiny,cifar10,0.3,4,base.blocks.3,0.972867
40,0,3,vit_tiny,cifar10,0.3,5,base.blocks.4,0.961314
40,0,3,vit_tiny,cifar10,0.3,6,base.blocks.5,0.950799
40,0,3,vit_tiny,cifar10,0.3,7,base.blocks.6,0.936149
40,0,3,vit_tiny,cifar10,0.3,8,base.blocks.7,0.921867
40,0,3,vit_tiny,cifar10,0.3,9,base.blocks.8,0.901986
40,0,3,vit_tiny,cifar10,0.3,10,base.blocks.9,0.892456
40,0,3,vit_tiny,cifar10,0.3,11,base.blocks.10,0.873948
40,0,3,vit_tiny,cifar10,0.3,12,base.blocks.11,0.860603
40,0,3,vit_tiny,cifar10,0.3,13,base.norm,0.847643
40,0,3,vit_tiny,cifar10,0.3,14,classifier,0.686268
40,0,4,vit_tiny,cifar10,0.3,0,base.patch_embed,0.996298
40,0,4,vit_tiny,cifar10,0.3,1,base.blocks.0,0.983536
40,0,4,vit_tiny,cifar10,0.3,2,base.blocks.1,0.983360
40,0,4,vit_tiny,cifar10,0.3,3,base.blocks.2,0.981597
40,0,4,vit_tiny,cifar10,0.3,4,base.blocks.3,0.970338
40,0,4,vit_tiny,cifar10,0.3,5,base.blocks.4,0.953364
40,0,4,vit_tiny,cifar10,0.3,6,base.blocks.5,0.938220
40,0,4,vit_tiny,cifar10,0.3,7,base.blocks.6,0.921102
40,0,4,vit_tiny,cifar10,0.3,8,base.blocks.7,0.905743
40,0,4,vit_tiny,cifar10,0.3,9,base.blocks.8,0.886096
40,0,4,vit_tiny,cifar10,0.3,10,base.blocks.9,0.879678
40,0,4,vit_tiny,cifar10,0.3,11,base.blocks.10,0.871445
40,0,4,vit_tiny,cifar10,0.3,12,base.blocks.11,0.869179
40,0,4,vit_tiny,cifar10,0.3,13,base.norm,0.846793
40,0,4,vit_tiny,cifar10,0.3,14,classifier,0.782435
40,0,5,vit_tiny,cifar10,0.3,0,base.patch_embed,0.923436
40,0,5,vit_tiny,cifar10,0.3,1,base.blocks.0,0.926417
40,0,5,vit_tiny,cifar10,0.3,2,base.blocks.1,0.933238
40,0,5,vit_tiny,cifar10,0.3,3,base.blocks.2,0.928524
40,0,5,vit_tiny,cifar10,0.3,4,base.blocks.3,0.910413
40,0,5,vit_tiny,cifar10,0.3,5,base.blocks.4,0.890447
40,0,5,vit_tiny,cifar10,0.3,6,base.blocks.5,0.881454
40,0,5,vit_tiny,cifar10,0.3,7,base.blocks.6,0.868860
40,0,5,vit_tiny,cifar10,0.3,8,base.blocks.7,0.859144
40,0,5,vit_tiny,cifar10,0.3,9,base.blocks.8,0.843533
40,0,5,vit_tiny,cifar10,0.3,10,base.blocks.9,0.834553
40,0,5,vit_tiny,cifar10,0.3,11,base.blocks.10,0.823200
40,0,5,vit_tiny,cifar10,0.3,12,base.blocks.11,0.812034
40,0,5,vit_tiny,cifar10,0.3,13,base.norm,0.819832
40,0,5,vit_tiny,cifar10,0.3,14,classifier,0.619188
40,0,6,vit_tiny,cifar10,0.3,0,base.patch_embed,0.994036
40,0,6,vit_tiny,cifar10,0.3,1,base.blocks.0,0.995513
40,0,6,vit_tiny,cifar10,0.3,2,base.blocks.1,0.991103
40,0,6,vit_tiny,cifar10,0.3,3,base.blocks.2,0.989101
40,0,6,vit_tiny,cifar10,0.3,4,base.blocks.3,0.983205
40,0,6,vit_tiny,cifar10,0.3,5,base.blocks.4,0.975968
40,0,6,vit_tiny,cifar10,0.3,6,base.blocks.5,0.971389
40,0,6,vit_tiny,cifar10,0.3,7,base.blocks.6,0.962439
40,0,6,vit_tiny,cifar10,0.3,8,base.blocks.7,0.953600
40,0,6,vit_tiny,cifar10,0.3,9,base.blocks.8,0.942573
40,0,6,vit_tiny,cifar10,0.3,10,base.blocks.9,0.931600
40,0,6,vit_tiny,cifar10,0.3,11,base.blocks.10,0.915550
40,0,6,vit_tiny,cifar10,0.3,12,base.blocks.11,0.899987
40,0,6,vit_tiny,cifar10,0.3,13,base.norm,0.913580
40,0,6,vit_tiny,cifar10,0.3,14,classifier,0.788225
40,0,7,vit_tiny,cifar10,0.3,0,base.patch_embed,0.960186
40,0,7,vit_tiny,cifar10,0.3,1,base.blocks.0,0.905566
40,0,7,vit_tiny,cifar10,0.3,2,base.blocks.1,0.928956
40,0,7,vit_tiny,cifar10,0.3,3,base.blocks.2,0.922090
40,0,7,vit_tiny,cifar10,0.3,4,base.blocks.3,0.920252
40,0,7,vit_tiny,cifar10,0.3,5,base.blocks.4,0.912749
40,0,7,vit_tiny,cifar10,0.3,6,base.blocks.5,0.911014
40,0,7,vit_tiny,cifar10,0.3,7,base.blocks.6,0.903252
40,0,7,vit_tiny,cifar10,0.3,8,base.blocks.7,0.898365
40,0,7,vit_tiny,cifar10,0.3,9,base.blocks.8,0.892268
40,0,7,vit_tiny,cifar10,0.3,10,base.blocks.9,0.890118
40,0,7,vit_tiny,cifar10,0.3,11,base.blocks.10,0.880574
40,0,7,vit_tiny,cifar10,0.3,12,base.blocks.11,0.875460
40,0,7,vit_tiny,cifar10,0.3,13,base.norm,0.868415
40,0,7,vit_tiny,cifar10,0.3,14,classifier,0.839022
40,0,8,vit_tiny,cifar10,0.3,0,base.patch_embed,0.995463
40,0,8,vit_tiny,cifar10,0.3,1,base.blocks.0,0.967138
40,0,8,vit_tiny,cifar10,0.3,2,base.blocks.1,0.959951
40,0,8,vit_tiny,cifar10,0.3,3,base.blocks.2,0.960220
40,0,8,vit_tiny,cifar10,0.3,4,base.blocks.3,0.963482
40,0,8,vit_tiny,cifar10,0.3,5,base.blocks.4,0.965730
40,0,8,vit_tiny,cifar10,0.3,6,base.blocks.5,0.962934
40,0,8,vit_tiny,cifar10,0.3,7,base.blocks.6,0.952321
40,0,8,vit_tiny,cifar10,0.3,8,base.blocks.7,0.946093
40,0,8,vit_tiny,cifar10,0.3,9,base.blocks.8,0.930948
40,0,8,vit_tiny,cifar10,0.3,10,base.blocks.9,0.925905
40,0,8,vit_tiny,cifar10,0.3,11,base.blocks.10,0.921027
40,0,8,vit_tiny,cifar10,0.3,12,base.blocks.11,0.919772
40,0,8,vit_tiny,cifar10,0.3,13,base.norm,0.911427
40,0,8,vit_tiny,cifar10,0.3,14,classifier,0.828915
40,0,9,vit_tiny,cifar10,0.3,0,base.patch_embed,0.983226
40,0,9,vit_tiny,cifar10,0.3,1,base.blocks.0,0.989291
40,0,9,vit_tiny,cifar10,0.3,2,base.blocks.1,0.987695
40,0,9,vit_tiny,cifar10,0.3,3,base.blocks.2,0.987252
40,0,9,vit_tiny,cifar10,0.3,4,base.blocks.3,0.986399
40,0,9,vit_tiny,cifar10,0.3,5,base.blocks.4,0.986798
40,0,9,vit_tiny,cifar10,0.3,6,base.blocks.5,0.983991
40,0,9,vit_tiny,cifar10,0.3,7,base.blocks.6,0.979973
40,0,9,vit_tiny,cifar10,0.3,8,base.blocks.7,0.975595
40,0,9,vit_tiny,cifar10,0.3,9,base.blocks.8,0.972412
40,0,9,vit_tiny,cifar10,0.3,10,base.blocks.9,0.967561
40,0,9,vit_tiny,cifar10,0.3,11,base.blocks.10,0.961638
40,0,9,vit_tiny,cifar10,0.3,12,base.blocks.11,0.956738
40,0,9,vit_tiny,cifar10,0.3,13,base.norm,0.945682
40,0,9,vit_tiny,cifar10,0.3,14,classifier,0.768843
40,1,2,vit_tiny,cifar10,0.3,0,base.patch_embed,0.973609
40,1,2,vit_tiny,cifar10,0.3,1,base.blocks.0,0.969844
40,1,2,vit_tiny,cifar10,0.3,2,base.blocks.1,0.961639
40,1,2,vit_tiny,cifar10,0.3,3,base.blocks.2,0.954264
40,1,2,vit_tiny,cifar10,0.3,4,base.blocks.3,0.944101
40,1,2,vit_tiny,cifar10,0.3,5,base.blocks.4,0.931412
40,1,2,vit_tiny,cifar10,0.3,6,base.blocks.5,0.925141
40,1,2,vit_tiny,cifar10,0.3,7,base.blocks.6,0.918547
40,1,2,vit_tiny,cifar10,0.3,8,base.blocks.7,0.915125
40,1,2,vit_tiny,cifar10,0.3,9,base.blocks.8,0.915821
40,1,2,vit_tiny,cifar10,0.3,10,base.blocks.9,0.913001
40,1,2,vit_tiny,cifar10,0.3,11,base.blocks.10,0.905408
40,1,2,vit_tiny,cifar10,0.3,12,base.blocks.11,0.899436
40,1,2,vit_tiny,cifar10,0.3,13,base.norm,0.913228
40,1,2,vit_tiny,cifar10,0.3,14,classifier,0.787659
40,1,3,vit_tiny,cifar10,0.3,0,base.patch_embed,0.992488
40,1,3,vit_tiny,cifar10,0.3,1,base.blocks.0,0.984360
40,1,3,vit_tiny,cifar10,0.3,2,base.blocks.1,0.982256
40,1,3,vit_tiny,cifar10,0.3,3,base.blocks.2,0.979752
40,1,3,vit_tiny,cifar10,0.3,4,base.blocks.3,0.973875
40,1,3,vit_tiny,cifar10,0.3,5,base.blocks.4,0.968710
40,1,3,vit_tiny,cifar10,0.3,6,base.blocks.5,0.961145
40,1,3,vit_tiny,cifar10,0.3,7,base.blocks.6,0.949569
40,1,3,vit_tiny,cifar10,0.3,8,base.blocks.7,0.939207
40,1,3,vit_tiny,cifar10,0.3,9,base.blocks.8,0.927024
40,1,3,vit_tiny,cifar10,0.3,10,base.blocks.9,0.922429
40,1,3,vit_tiny,cifar10,0.3,11,base.blocks.10,0.912319
40,1,3,vit_tiny,cifar10,0.3,12,base.blocks.11,0.904991
40,1,3,vit_tiny,cifar10,0.3,13,base.norm,0.907927
40,1,3,vit_tiny,cifar10,0.3,14,classifier,0.827344
40,1,4,vit_tiny,cifar10,0.3,0,base.patch_embed,0.978949
40,1,4,vit_tiny,cifar10,0.3,1,base.blocks.0,0.971773
40,1,4,vit_tiny,cifar10,0.3,2,base.blocks.1,0.965925
40,1,4,vit_tiny,cifar10,0.3,3,base.blocks.2,0.959127
40,1,4,vit_tiny,cifar10,0.3,4,base.blocks.3,0.945565
40,1,4,vit_tiny,cifar10,0.3,5,base.blocks.4,0.932327
40,1,4,vit_tiny,cifar10,0.3,6,base.blocks.5,0.916371
40,1,4,vit_tiny,cifar10,0.3,7,base.blocks.6,0.899151
40,1,4,vit_tiny,cifar10,0.3,8,base.blocks.7,0.884303
40,1,4,vit_tiny,cifar10,0.3,9,base.blocks.8,0.864239
40,1,4,vit_tiny,cifar10,0.3,10,base.blocks.9,0.856627
40,1,4,vit_tiny,cifar10,0.3,11,base.blocks.10,0.851533
40,1,4,vit_tiny,cifar10,0.3,12,base.blocks.11,0.849335
40,1,4,vit_tiny,cifar10,0.3,13,base.norm,0.865154
40,1,4,vit_tiny,cifar10,0.3,14,classifier,0.846660
40,1,5,vit_tiny,cifar10,0.3,0,base.patch_embed,0.947167
40,1,5,vit_tiny,cifar10,0.3,1,base.blocks.0,0.922082
40,1,5,vit_tiny,cifar10,0.3,2,base.blocks.1,0.918787
40,1,5,vit_tiny,cifar10,0.3,3,base.blocks.2,0.915442
40,1,5,vit_tiny,cifar10,0.3,4,base.blocks.3,0.906768
40,1,5,vit_tiny,cifar10,0.3,5,base.blocks.4,0.900318
40,1,5,vit_tiny,cifar10,0.3,6,base.blocks.5,0.898821
40,1,5,vit_tiny,cifar10,0.3,7,base.blocks.6,0.894709
40,1,5,vit_tiny,cifar10,0.3,8,base.blocks.7,0.893942
40,1,5,vit_tiny,cifar10,0.3,9,base.blocks.8,0.896832
40,1,5,vit_tiny,cifar10,0.3,10,base.blocks.9,0.899700
40,1,5,vit_tiny,cifar10,0.3,11,base.blocks.10,0.900405
40,1,5,vit_tiny,cifar10,0.3,12,base.blocks.11,0.902845
40,1,5,vit_tiny,cifar10,0.3,13,base.norm,0.912705
40,1,5,vit_tiny,cifar10,0.3,14,classifier,0.821355
40,1,6,vit_tiny,cifar10,0.3,0,base.patch_embed,0.991373
40,1,6,vit_tiny,cifar10,0.3,1,base.blocks.0,0.994658
40,1,6,vit_tiny,cifar10,0.3,2,base.blocks.1,0.989868
40,1,6,vit_tiny,cifar10,0.3,3,base.blocks.2,0.986340
40,1,6,vit_tiny,cifar10,0.3,4,base.blocks.3,0.980416
40,1,6,vit_tiny,cifar10,0.3,5,base.blocks.4,0.975776
40,1,6,vit_tiny,cifar10,0.3,6,base.blocks.5,0.973308
40,1,6,vit_tiny,cifar10,0.3,7,base.blocks.6,0.968560
40,1,6,vit_tiny,cifar10,0.3,8,base.blocks.7,0.965036
40,1,6,vit_tiny,cifar10,0.3,9,base.blocks.8,0.963855
40,1,6,vit_tiny,cifar10,0.3,10,base.blocks.9,0.962554
40,1,6,vit_tiny,cifar10,0.3,11,base.blocks.10,0.957741
40,1,6,vit_tiny,cifar10,0.3,12,base.blocks.11,0.953656
40,1,6,vit_tiny,cifar10,0.3,13,base.norm,0.955578
40,1,6,vit_tiny,cifar10,0.3,14,classifier,0.870285
40,1,7,vit_tiny,cifar10,0.3,0,base.patch_embed,0.945835
40,1,7,vit_tiny,cifar10,0.3,1,base.blocks.0,0.907170
40,1,7,vit_tiny,cifar10,0.3,2,base.blocks.1,0.934599
40,1,7,vit_tiny,cifar10,0.3,3,base.blocks.2,0.931908
40,1,7,vit_tiny,cifar10,0.3,4,base.blocks.3,0.931221
40,1,7,vit_tiny,cifar10,0.3,5,base.blocks.4,0.926057
40,1,7,vit_tiny,cifar10,0.3,6,base.blocks.5,0.929280
40,1,7,vit_tiny,cifar10,0.3,7,base.blocks.6,0.929288
40,1,7,vit_tiny,cifar10,0.3,8,base.blocks.7,0.927965
40,1,7,vit_tiny,cifar10,0.3,9,base.blocks.8,0.927625
40,1,7,vit_tiny,cifar10,0.3,10,base.blocks.9,0.929420
40,1,7,vit_tiny,cifar10,0.3,11,base.blocks.10,0.925937
40,1,7,vit_tiny,cifar10,0.3,12,base.blocks.11,0.923374
40,1,7,vit_tiny,cifar10,0.3,13,base.norm,0.918622
40,1,7,vit_tiny,cifar10,0.3,14,classifier,0.823233
40,1,8,vit_tiny,cifar10,0.3,0,base.patch_embed,0.983461
40,1,8,vit_tiny,cifar10,0.3,1,base.blocks.0,0.966161
40,1,8,vit_tiny,cifar10,0.3,2,base.blocks.1,0.964640
40,1,8,vit_tiny,cifar10,0.3,3,base.blocks.2,0.963712
40,1,8,vit_tiny,cifar10,0.3,4,base.blocks.3,0.966490
40,1,8,vit_tiny,cifar10,0.3,5,base.blocks.4,0.969390
40,1,8,vit_tiny,cifar10,0.3,6,base.blocks.5,0.970184
40,1,8,vit_tiny,cifar10,0.3,7,base.blocks.6,0.967772
40,1,8,vit_tiny,cifar10,0.3,8,base.blocks.7,0.965096
40,1,8,vit_tiny,cifar10,0.3,9,base.blocks.8,0.960424
40,1,8,vit_tiny,cifar10,0.3,10,base.blocks.9,0.959620
40,1,8,vit_tiny,cifar10,0.3,11,base.blocks.10,0.955563
40,1,8,vit_tiny,cifar10,0.3,12,base.blocks.11,0.950366
40,1,8,vit_tiny,cifar10,0.3,13,base.norm,0.940141
40,1,8,vit_tiny,cifar10,0.3,14,classifier,0.842749
40,1,9,vit_tiny,cifar10,0.3,0,base.patch_embed,0.986958
40,1,9,vit_tiny,cifar10,0.3,1,base.blocks.0,0.986585
40,1,9,vit_tiny,cifar10,0.3,2,base.blocks.1,0.987562
40,1,9,vit_tiny,cifar10,0.3,3,base.blocks.2,0.986115
40,1,9,vit_tiny,cifar10,0.3,4,base.blocks.3,0.983549
40,1,9,vit_tiny,cifar10,0.3,5,base.blocks.4,0.982405
40,1,9,vit_tiny,cifar10,0.3,6,base.blocks.5,0.980649
40,1,9,vit_tiny,cifar10,0.3,7,base.blocks.6,0.978589
40,1,9,vit_tiny,cifar10,0.3,8,base.blocks.7,0.975342
40,1,9,vit_tiny,cifar10,0.3,9,base.blocks.8,0.968137
40,1,9,vit_tiny,cifar10,0.3,10,base.blocks.9,0.964220
40,1,9,vit_tiny,cifar10,0.3,11,base.blocks.10,0.958147
40,1,9,vit_tiny,cifar10,0.3,12,base.blocks.11,0.951427
40,1,9,vit_tiny,cifar10,0.3,13,base.norm,0.956346
40,1,9,vit_tiny,cifar10,0.3,14,classifier,0.836888
40,2,3,vit_tiny,cifar10,0.3,0,base.patch_embed,0.979679
40,2,3,vit_tiny,cifar10,0.3,1,base.blocks.0,0.970274
40,2,3,vit_tiny,cifar10,0.3,2,base.blocks.1,0.966308
40,2,3,vit_tiny,cifar10,0.3,3,base.blocks.2,0.960531
40,2,3,vit_tiny,cifar10,0.3,4,base.blocks.3,0.954834
40,2,3,vit_tiny,cifar10,0.3,5,base.blocks.4,0.944457
40,2,3,vit_tiny,cifar10,0.3,6,base.blocks.5,0.937583
40,2,3,vit_tiny,cifar10,0.3,7,base.blocks.6,0.931192
40,2,3,vit_tiny,cifar10,0.3,8,base.blocks.7,0.925205
40,2,3,vit_tiny,cifar10,0.3,9,base.blocks.8,0.911914
40,2,3,vit_tiny,cifar10,0.3,10,base.blocks.9,0.902460
40,2,3,vit_tiny,cifar10,0.3,11,base.blocks.10,0.886841
40,2,3,vit_tiny,cifar10,0.3,12,base.blocks.11,0.875544
40,2,3,vit_tiny,cifar10,0.3,13,base.norm,0.895707
40,2,3,vit_tiny,cifar10,0.3,14,classifier,0.735761
40,2,4,vit_tiny,cifar10,0.3,0,base.patch_embed,0.974260
40,2,4,vit_tiny,cifar10,0.3,1,base.blocks.0,0.966060
40,2,4,vit_tiny,cifar10,0.3,2,base.blocks.1,0.980228
40,2,4,vit_tiny,cifar10,0.3,3,base.blocks.2,0.981795
40,2,4,vit_tiny,cifar10,0.3,4,base.blocks.3,0.980606
40,2,4,vit_tiny,cifar10,0.3,5,base.blocks.4,0.978378
40,2,4,vit_tiny,cifar10,0.3,6,base.blocks.5,0.973896
40,2,4,vit_tiny,cifar10,0.3,7,base.blocks.6,0.969896
40,2,4,vit_tiny,cifar10,0.3,8,base.blocks.7,0.964911
40,2,4,vit_tiny,cifar10,0.3,9,base.blocks.8,0.955559
40,2,4,vit_tiny,cifar10,0.3,10,base.blocks.9,0.953426
40,2,4,vit_tiny,cifar10,0.3,11,base.blocks.10,0.952417
40,2,4,vit_tiny,cifar10,0.3,12,base.blocks.11,0.949318
40,2,4,vit_tiny,cifar10,0.3,13,base.norm,0.938601
40,2,4,vit_tiny,cifar10,0.3,14,classifier,0.791712
40,2,5,vit_tiny,cifar10,0.3,0,base.patch_embed,0.943054
40,2,5,vit_tiny,cifar10,0.3,1,base.blocks.0,0.947201
40,2,5,vit_tiny,cifar10,0.3,2,base.blocks.1,0.961186
40,2,5,vit_tiny,cifar10,0.3,3,base.blocks.2,0.970424
40,2,5,vit_tiny,cifar10,0.3,4,base.blocks.3,0.971702
40,2,5,vit_tiny,cifar10,0.3,5,base.blocks.4,0.973163
40,2,5,vit_tiny,cifar10,0.3,6,base.blocks.5,0.972209
40,2,5,vit_tiny,cifar10,0.3,7,base.blocks.6,0.970026
40,2,5,vit_tiny,cifar10,0.3,8,base.blocks.7,0.964932
40,2,5,vit_tiny,cifar10,0.3,9,base.blocks.8,0.946461
40,2,5,vit_tiny,cifar10,0.3,10,base.blocks.9,0.936119
40,2,5,vit_tiny,cifar10,0.3,11,base.blocks.10,0.923859
40,2,5,vit_tiny,cifar10,0.3,12,base.blocks.11,0.908801
40,2,5,vit_tiny,cifar10,0.3,13,base.norm,0.939642
40,2,5,vit_tiny,cifar10,0.3,14,classifier,0.675650
40,2,6,vit_tiny,cifar10,0.3,0,base.patch_embed,0.964320
40,2,6,vit_tiny,cifar10,0.3,1,base.blocks.0,0.972607
40,2,6,vit_tiny,cifar10,0.3,2,base.blocks.1,0.966955
40,2,6,vit_tiny,cifar10,0.3,3,base.blocks.2,0.959271
40,2,6,vit_tiny,cifar10,0.3,4,base.blocks.3,0.953706
40,2,6,vit_tiny,cifar10,0.3,5,base.blocks.4,0.940704
40,2,6,vit_tiny,cifar10,0.3,6,base.blocks.5,0.933279
40,2,6,vit_tiny,cifar10,0.3,7,base.blocks.6,0.922757
40,2,6,vit_tiny,cifar10,0.3,8,base.blocks.7,0.917542
40,2,6,vit_tiny,cifar10,0.3,9,base.blocks.8,0.907414
40,2,6,vit_tiny,cifar10,0.3,10,base.blocks.9,0.899502
40,2,6,vit_tiny,cifar10,0.3,11,base.blocks.10,0.882072
40,2,6,vit_tiny,cifar10,0.3,12,base.blocks.11,0.870651
40,2,6,vit_tiny,cifar10,0.3,13,base.norm,0.913407
40,2,6,vit_tiny,cifar10,0.3,14,classifier,0.789115
40,2,7,vit_tiny,cifar10,0.3,0,base.patch_embed,0.901694
40,2,7,vit_tiny,cifar10,0.3,1,base.blocks.0,0.858850
40,2,7,vit_tiny,cifar10,0.3,2,base.blocks.1,0.873024
40,2,7,vit_tiny,cifar10,0.3,3,base.blocks.2,0.870207
40,2,7,vit_tiny,cifar10,0.3,4,base.blocks.3,0.868838
40,2,7,vit_tiny,cifar10,0.3,5,base.blocks.4,0.859793
40,2,7,vit_tiny,cifar10,0.3,6,base.blocks.5,0.864489
40,2,7,vit_tiny,cifar10,0.3,7,base.blocks.6,0.867680
40,2,7,vit_tiny,cifar10,0.3,8,base.blocks.7,0.869684
40,2,7,vit_tiny,cifar10,0.3,9,base.blocks.8,0.886657
40,2,7,vit_tiny,cifar10,0.3,10,base.blocks.9,0.888953
40,2,7,vit_tiny,cifar10,0.3,11,base.blocks.10,0.887945
40,2,7,vit_tiny,cifar10,0.3,12,base.blocks.11,0.885551
40,2,7,vit_tiny,cifar10,0.3,13,base.norm,0.880001
40,2,7,vit_tiny,cifar10,0.3,14,classifier,0.809622
40,2,8,vit_tiny,cifar10,0.3,0,base.patch_embed,0.980731
40,2,8,vit_tiny,cifar10,0.3,1,base.blocks.0,0.917969
40,2,8,vit_tiny,cifar10,0.3,2,base.blocks.1,0.906512
40,2,8,vit_tiny,cifar10,0.3,3,base.blocks.2,0.896318
40,2,8,vit_tiny,cifar10,0.3,4,base.blocks.3,0.894886
40,2,8,vit_tiny,cifar10,0.3,5,base.blocks.4,0.897743
40,2,8,vit_tiny,cifar10,0.3,6,base.blocks.5,0.905249
40,2,8,vit_tiny,cifar10,0.3,7,base.blocks.6,0.907224
40,2,8,vit_tiny,cifar10,0.3,8,base.blocks.7,0.910256
40,2,8,vit_tiny,cifar10,0.3,9,base.blocks.8,0.912077
40,2,8,vit_tiny,cifar10,0.3,10,base.blocks.9,0.915159
40,2,8,vit_tiny,cifar10,0.3,11,base.blocks.10,0.913402
40,2,8,vit_tiny,cifar10,0.3,12,base.blocks.11,0.916791
40,2,8,vit_tiny,cifar10,0.3,13,base.norm,0.913931
40,2,8,vit_tiny,cifar10,0.3,14,classifier,0.848116
40,2,9,vit_tiny,cifar10,0.3,0,base.patch_embed,0.948435
40,2,9,vit_tiny,cifar10,0.3,1,base.blocks.0,0.974224
40,2,9,vit_tiny,cifar10,0.3,2,base.blocks.1,0.958009
40,2,9,vit_tiny,cifar10,0.3,3,base.blocks.2,0.953289
40,2,9,vit_tiny,cifar10,0.3,4,base.blocks.3,0.946030
40,2,9,vit_tiny,cifar10,0.3,5,base.blocks.4,0.939527
40,2,9,vit_tiny,cifar10,0.3,6,base.blocks.5,0.939018
40,2,9,vit_tiny,cifar10,0.3,7,base.blocks.6,0.937160
40,2,9,vit_tiny,cifar10,0.3,8,base.blocks.7,0.937159
40,2,9,vit_tiny,cifar10,0.3,9,base.blocks.8,0.940149
40,2,9,vit_tiny,cifar10,0.3,10,base.blocks.9,0.940333
40,2,9,vit_tiny,cifar10,0.3,11,base.blocks.10,0.938208
40,2,9,vit_tiny,cifar10,0.3,12,base.blocks.11,0.936935
40,2,9,vit_tiny,cifar10,0.3,13,base.norm,0.936715
40,2,9,vit_tiny,cifar10,0.3,14,classifier,0.791375
40,3,4,vit_tiny,cifar10,0.3,0,base.patch_embed,0.984132
40,3,4,vit_tiny,cifar10,0.3,1,base.blocks.0,0.960100
40,3,4,vit_tiny,cifar10,0.3,2,base.blocks.1,0.964008
40,3,4,vit_tiny,cifar10,0.3,3,base.blocks.2,0.964210
40,3,4,vit_tiny,cifar10,0.3,4,base.blocks.3,0.956976
40,3,4,vit_tiny,cifar10,0.3,5,base.blocks.4,0.944351
40,3,4,vit_tiny,cifar10,0.3,6,base.blocks.5,0.930486
40,3,4,vit_tiny,cifar10,0.3,7,base.blocks.6,0.916437
40,3,4,vit_tiny,cifar10,0.3,8,base.blocks.7,0.901374
40,3,4,vit_tiny,cifar10,0.3,9,base.blocks.8,0.873674
40,3,4,vit_tiny,cifar10,0.3,10,base.blocks.9,0.862766
40,3,4,vit_tiny,cifar10,0.3,11,base.blocks.10,0.848087
40,3,4,vit_tiny,cifar10,0.3,12,base.blocks.11,0.838711
40,3,4,vit_tiny,cifar10,0.3,13,base.norm,0.854155
40,3,4,vit_tiny,cifar10,0.3,14,classifier,0.799827
40,3,5,vit_tiny,cifar10,0.3,0,base.patch_embed,0.952665
40,3,5,vit_tiny,cifar10,0.3,1,base.blocks.0,0.938304
40,3,5,vit_tiny,cifar10,0.3,2,base.blocks.1,0.939151
40,3,5,vit_tiny,cifar10,0.3,3,base.blocks.2,0.937118
40,3,5,vit_tiny,cifar10,0.3,4,base.blocks.3,0.931264
40,3,5,vit_tiny,cifar10,0.3,5,base.blocks.4,0.929328
40,3,5,vit_tiny,cifar10,0.3,6,base.blocks.5,0.924285
40,3,5,vit_tiny,cifar10,0.3,7,base.blocks.6,0.920154
40,3,5,vit_tiny,cifar10,0.3,8,base.blocks.7,0.915567
40,3,5,vit_tiny,cifar10,0.3,9,base.blocks.8,0.904329
40,3,5,vit_tiny,cifar10,0.3,10,base.blocks.9,0.897365
40,3,5,vit_tiny,cifar10,0.3,11,base.blocks.10,0.890987
40,3,5,vit_tiny,cifar10,0.3,12,base.blocks.11,0.883288
40,3,5,vit_tiny,cifar10,0.3,13,base.norm,0.901721
40,3,5,vit_tiny,cifar10,0.3,14,classifier,0.837731
40,3,6,vit_tiny,cifar10,0.3,0,base.patch_embed,0.996170
40,3,6,vit_tiny,cifar10,0.3,1,base.blocks.0,0.984833
40,3,6,vit_tiny,cifar10,0.3,2,base.blocks.1,0.983612
40,3,6,vit_tiny,cifar10,0.3,3,base.blocks.2,0.982156
40,3,6,vit_tiny,cifar10,0.3,4,base.blocks.3,0.976086
40,3,6,vit_tiny,cifar10,0.3,5,base.blocks.4,0.967575
40,3,6,vit_tiny,cifar10,0.3,6,base.blocks.5,0.960798
40,3,6,vit_tiny,cifar10,0.3,7,base.blocks.6,0.951853
40,3,6,vit_tiny,cifar10,0.3,8,base.blocks.7,0.944627
40,3,6,vit_tiny,cifar10,0.3,9,base.blocks.8,0.935244
40,3,6,vit_tiny,cifar10,0.3,10,base.blocks.9,0.930920
40,3,6,vit_tiny,cifar10,0.3,11,base.blocks.10,0.922404
40,3,6,vit_tiny,cifar10,0.3,12,base.blocks.11,0.915940
40,3,6,vit_tiny,cifar10,0.3,13,base.norm,0.922063
40,3,6,vit_tiny,cifar10,0.3,14,classifier,0.848280
40,3,7,vit_tiny,cifar10,0.3,0,base.patch_embed,0.964303
40,3,7,vit_tiny,cifar10,0.3,1,base.blocks.0,0.908520
40,3,7,vit_tiny,cifar10,0.3,2,base.blocks.1,0.925551
40,3,7,vit_tiny,cifar10,0.3,3,base.blocks.2,0.923916
40,3,7,vit_tiny,cifar10,0.3,4,base.blocks.3,0.922233
40,3,7,vit_tiny,cifar10,0.3,5,base.blocks.4,0.919806
40,3,7,vit_tiny,cifar10,0.3,6,base.blocks.5,0.916866
40,3,7,vit_tiny,cifar10,0.3,7,base.blocks.6,0.909104
40,3,7,vit_tiny,cifar10,0.3,8,base.blocks.7,0.901187
40,3,7,vit_tiny,cifar10,0.3,9,base.blocks.8,0.893369
40,3,7,vit_tiny,cifar10,0.3,10,base.blocks.9,0.892349
40,3,7,vit_tiny,cifar10,0.3,11,base.blocks.10,0.887160
40,3,7,vit_tiny,cifar10,0.3,12,base.blocks.11,0.881858
40,3,7,vit_tiny,cifar10,0.3,13,base.norm,0.869884
40,3,7,vit_tiny,cifar10,0.3,14,classifier,0.736496
40,3,8,vit_tiny,cifar10,0.3,0,base.patch_embed,0.996355
40,3,8,vit_tiny,cifar10,0.3,1,base.blocks.0,0.957877
40,3,8,vit_tiny,cifar10,0.3,2,base.blocks.1,0.939359
40,3,8,vit_tiny,cifar10,0.3,3,base.blocks.2,0.938836
40,3,8,vit_tiny,cifar10,0.3,4,base.blocks.3,0.941674
40,3,8,vit_tiny,cifar10,0.3,5,base.blocks.4,0.946654
40,3,8,vit_tiny,cifar10,0.3,6,base.blocks.5,0.945433
40,3,8,vit_tiny,cifar10,0.3,7,base.blocks.6,0.938315
40,3,8,vit_tiny,cifar10,0.3,8,base.blocks.7,0.932821
40,3,8,vit_tiny,cifar10,0.3,9,base.blocks.8,0.922526
40,3,8,vit_tiny,cifar10,0.3,10,base.blocks.9,0.920056
40,3,8,vit_tiny,cifar10,0.3,11,base.blocks.10,0.913457
40,3,8,vit_tiny,cifar10,0.3,12,base.blocks.11,0.905931
40,3,8,vit_tiny,cifar10,0.3,13,base.norm,0.895090
40,3,8,vit_tiny,cifar10,0.3,14,classifier,0.802981
40,3,9,vit_tiny,cifar10,0.3,0,base.patch_embed,0.987846
40,3,9,vit_tiny,cifar10,0.3,1,base.blocks.0,0.977470
40,3,9,vit_tiny,cifar10,0.3,2,base.blocks.1,0.968700
40,3,9,vit_tiny,cifar10,0.3,3,base.blocks.2,0.968259
40,3,9,vit_tiny,cifar10,0.3,4,base.blocks.3,0.963437
40,3,9,vit_tiny,cifar10,0.3,5,base.blocks.4,0.961018
40,3,9,vit_tiny,cifar10,0.3,6,base.blocks.5,0.955208
40,3,9,vit_tiny,cifar10,0.3,7,base.blocks.6,0.946572
40,3,9,vit_tiny,cifar10,0.3,8,base.blocks.7,0.937991
40,3,9,vit_tiny,cifar10,0.3,9,base.blocks.8,0.921353
40,3,9,vit_tiny,cifar10,0.3,10,base.blocks.9,0.915917
40,3,9,vit_tiny,cifar10,0.3,11,base.blocks.10,0.902696
40,3,9,vit_tiny,cifar10,0.3,12,base.blocks.11,0.891727
40,3,9,vit_tiny,cifar10,0.3,13,base.norm,0.894831
40,3,9,vit_tiny,cifar10,0.3,14,classifier,0.852116
40,4,5,vit_tiny,cifar10,0.3,0,base.patch_embed,0.901469
40,4,5,vit_tiny,cifar10,0.3,1,base.blocks.0,0.886316
40,4,5,vit_tiny,cifar10,0.3,2,base.blocks.1,0.913882
40,4,5,vit_tiny,cifar10,0.3,3,base.blocks.2,0.930032
40,4,5,vit_tiny,cifar10,0.3,4,base.blocks.3,0.934386
40,4,5,vit_tiny,cifar10,0.3,5,base.blocks.4,0.934410
40,4,5,vit_tiny,cifar10,0.3,6,base.blocks.5,0.931075
40,4,5,vit_tiny,cifar10,0.3,7,base.blocks.6,0.927340
40,4,5,vit_tiny,cifar10,0.3,8,base.blocks.7,0.920744
40,4,5,vit_tiny,cifar10,0.3,9,base.blocks.8,0.910011
40,4,5,vit_tiny,cifar10,0.3,10,base.blocks.9,0.906948
40,4,5,vit_tiny,cifar10,0.3,11,base.blocks.10,0.906340
40,4,5,vit_tiny,cifar10,0.3,12,base.blocks.11,0.905068
40,4,5,vit_tiny,cifar10,0.3,13,base.norm,0.918309
40,4,5,vit_tiny,cifar10,0.3,14,classifier,0.854066
40,4,6,vit_tiny,cifar10,0.3,0,base.patch_embed,0.985910
40,4,6,vit_tiny,cifar10,0.3,1,base.blocks.0,0.974484
40,4,6,vit_tiny,cifar10,0.3,2,base.blocks.1,0.975010
40,4,6,vit_tiny,cifar10,0.3,3,base.blocks.2,0.970300
40,4,6,vit_tiny,cifar10,0.3,4,base.blocks.3,0.957273
40,4,6,vit_tiny,cifar10,0.3,5,base.blocks.4,0.943016
40,4,6,vit_tiny,cifar10,0.3,6,base.blocks.5,0.923844
40,4,6,vit_tiny,cifar10,0.3,7,base.blocks.6,0.900530
40,4,6,vit_tiny,cifar10,0.3,8,base.blocks.7,0.881674
40,4,6,vit_tiny,cifar10,0.3,9,base.blocks.8,0.855838
40,4,6,vit_tiny,cifar10,0.3,10,base.blocks.9,0.847239
40,4,6,vit_tiny,cifar10,0.3,11,base.blocks.10,0.832987
40,4,6,vit_tiny,cifar10,0.3,12,base.blocks.11,0.828553
40,4,6,vit_tiny,cifar10,0.3,13,base.norm,0.856109
40,4,6,vit_tiny,cifar10,0.3,14,classifier,0.819446
40,4,7,vit_tiny,cifar10,0.3,0,base.patch_embed,0.938368
40,4,7,vit_tiny,cifar10,0.3,1,base.blocks.0,0.844643
40,4,7,vit_tiny,cifar10,0.3,2,base.blocks.1,0.869186
40,4,7,vit_tiny,cifar10,0.3,3,base.blocks.2,0.864491
40,4,7,vit_tiny,cifar10,0.3,4,base.blocks.3,0.864998
40,4,7,vit_tiny,cifar10,0.3,5,base.blocks.4,0.852074
40,4,7,vit_tiny,cifar10,0.3,6,base.blocks.5,0.852165
40,4,7,vit_tiny,cifar10,0.3,7,base.blocks.6,0.850453
40,4,7,vit_tiny,cifar10,0.3,8,base.blocks.7,0.849496
40,4,7,vit_tiny,cifar10,0.3,9,base.blocks.8,0.859824
40,4,7,vit_tiny,cifar10,0.3,10,base.blocks.9,0.857949
40,4,7,vit_tiny,cifar10,0.3,11,base.blocks.10,0.858536
40,4,7,vit_tiny,cifar10,0.3,12,base.blocks.11,0.860034
40,4,7,vit_tiny,cifar10,0.3,13,base.norm,0.863025
40,4,7,vit_tiny,cifar10,0.3,14,classifier,0.883828
40,4,8,vit_tiny,cifar10,0.3,0,base.patch_embed,0.988042
40,4,8,vit_tiny,cifar10,0.3,1,base.blocks.0,0.935324
40,4,8,vit_tiny,cifar10,0.3,2,base.blocks.1,0.927728
40,4,8,vit_tiny,cifar10,0.3,3,base.blocks.2,0.917165
40,4,8,vit_tiny,cifar10,0.3,4,base.blocks.3,0.904029
40,4,8,vit_tiny,cifar10,0.3,5,base.blocks.4,0.897316
40,4,8,vit_tiny,cifar10,0.3,6,base.blocks.5,0.891497
40,4,8,vit_tiny,cifar10,0.3,7,base.blocks.6,0.879246
40,4,8,vit_tiny,cifar10,0.3,8,base.blocks.7,0.872701
40,4,8,vit_tiny,cifar10,0.3,9,base.blocks.8,0.860390
40,4,8,vit_tiny,cifar10,0.3,10,base.blocks.9,0.864328
40,4,8,vit_tiny,cifar10,0.3,11,base.blocks.10,0.867491
40,4,8,vit_tiny,cifar10,0.3,12,base.blocks.11,0.876990
40,4,8,vit_tiny,cifar10,0.3,13,base.norm,0.860438
40,4,8,vit_tiny,cifar10,0.3,14,classifier,0.862361
40,4,9,vit_tiny,cifar10,0.3,0,base.patch_embed,0.971654
40,4,9,vit_tiny,cifar10,0.3,1,base.blocks.0,0.957100
40,4,9,vit_tiny,cifar10,0.3,2,base.blocks.1,0.961063
40,4,9,vit_tiny,cifar10,0.3,3,base.blocks.2,0.958163
40,4,9,vit_tiny,cifar10,0.3,4,base.blocks.3,0.950819
40,4,9,vit_tiny,cifar10,0.3,5,base.blocks.4,0.945526
40,4,9,vit_tiny,cifar10,0.3,6,base.blocks.5,0.936797
40,4,9,vit_tiny,cifar10,0.3,7,base.blocks.6,0.926317
40,4,9,vit_tiny,cifar10,0.3,8,base.blocks.7,0.916314
40,4,9,vit_tiny,cifar10,0.3,9,base.blocks.8,0.900495
40,4,9,vit_tiny,cifar10,0.3,10,base.blocks.9,0.894595
40,4,9,vit_tiny,cifar10,0.3,11,base.blocks.10,0.892313
40,4,9,vit_tiny,cifar10,0.3,12,base.blocks.11,0.890661
40,4,9,vit_tiny,cifar10,0.3,13,base.norm,0.888386
40,4,9,vit_tiny,cifar10,0.3,14,classifier,0.851489
40,5,6,vit_tiny,cifar10,0.3,0,base.patch_embed,0.940515
40,5,6,vit_tiny,cifar10,0.3,1,base.blocks.0,0.912833
40,5,6,vit_tiny,cifar10,0.3,2,base.blocks.1,0.908041
40,5,6,vit_tiny,cifar10,0.3,3,base.blocks.2,0.910744
40,5,6,vit_tiny,cifar10,0.3,4,base.blocks.3,0.910232
40,5,6,vit_tiny,cifar10,0.3,5,base.blocks.4,0.905373
40,5,6,vit_tiny,cifar10,0.3,6,base.blocks.5,0.904706
40,5,6,vit_tiny,cifar10,0.3,7,base.blocks.6,0.900507
40,5,6,vit_tiny,cifar10,0.3,8,base.blocks.7,0.902324
40,5,6,vit_tiny,cifar10,0.3,9,base.blocks.8,0.898689
40,5,6,vit_tiny,cifar10,0.3,10,base.blocks.9,0.897392
40,5,6,vit_tiny,cifar10,0.3,11,base.blocks.10,0.892677
40,5,6,vit_tiny,cifar10,0.3,12,base.blocks.11,0.889895
40,5,6,vit_tiny,cifar10,0.3,13,base.norm,0.918865
40,5,6,vit_tiny,cifar10,0.3,14,classifier,0.796840
40,5,7,vit_tiny,cifar10,0.3,0,base.patch_embed,0.928137
40,5,7,vit_tiny,cifar10,0.3,1,base.blocks.0,0.899030
40,5,7,vit_tiny,cifar10,0.3,2,base.blocks.1,0.891678
40,5,7,vit_tiny,cifar10,0.3,3,base.blocks.2,0.885659
40,5,7,vit_tiny,cifar10,0.3,4,base.blocks.3,0.882219
40,5,7,vit_tiny,cifar10,0.3,5,base.blocks.4,0.881664
40,5,7,vit_tiny,cifar10,0.3,6,base.blocks.5,0.888156
40,5,7,vit_tiny,cifar10,0.3,7,base.blocks.6,0.891643
40,5,7,vit_tiny,cifar10,0.3,8,base.blocks.7,0.894685
40,5,7,vit_tiny,cifar10,0.3,9,base.blocks.8,0.908183
40,5,7,vit_tiny,cifar10,0.3,10,base.blocks.9,0.909005
40,5,7,vit_tiny,cifar10,0.3,11,base.blocks.10,0.913369
40,5,7,vit_tiny,cifar10,0.3,12,base.blocks.11,0.910948
40,5,7,vit_tiny,cifar10,0.3,13,base.norm,0.906115
40,5,7,vit_tiny,cifar10,0.3,14,classifier,0.767997
40,5,8,vit_tiny,cifar10,0.3,0,base.patch_embed,0.946166
40,5,8,vit_tiny,cifar10,0.3,1,base.blocks.0,0.872094
40,5,8,vit_tiny,cifar10,0.3,2,base.blocks.1,0.847473
40,5,8,vit_tiny,cifar10,0.3,3,base.blocks.2,0.846482
40,5,8,vit_tiny,cifar10,0.3,4,base.blocks.3,0.856859
40,5,8,vit_tiny,cifar10,0.3,5,base.blocks.4,0.879725
40,5,8,vit_tiny,cifar10,0.3,6,base.blocks.5,0.894857
40,5,8,vit_tiny,cifar10,0.3,7,base.blocks.6,0.904616
40,5,8,vit_tiny,cifar10,0.3,8,base.blocks.7,0.912456
40,5,8,vit_tiny,cifar10,0.3,9,base.blocks.8,0.920210
40,5,8,vit_tiny,cifar10,0.3,10,base.blocks.9,0.925260
40,5,8,vit_tiny,cifar10,0.3,11,base.blocks.10,0.925818
40,5,8,vit_tiny,cifar10,0.3,12,base.blocks.11,0.924370
40,5,8,vit_tiny,cifar10,0.3,13,base.norm,0.916189
40,5,8,vit_tiny,cifar10,0.3,14,classifier,0.777529
40,5,9,vit_tiny,cifar10,0.3,0,base.patch_embed,0.938522
40,5,9,vit_tiny,cifar10,0.3,1,base.blocks.0,0.932460
40,5,9,vit_tiny,cifar10,0.3,2,base.blocks.1,0.918248
40,5,9,vit_tiny,cifar10,0.3,3,base.blocks.2,0.919227
40,5,9,vit_tiny,cifar10,0.3,4,base.blocks.3,0.911156
40,5,9,vit_tiny,cifar10,0.3,5,base.blocks.4,0.908512
40,5,9,vit_tiny,cifar10,0.3,6,base.blocks.5,0.909716
40,5,9,vit_tiny,cifar10,0.3,7,base.blocks.6,0.905894
40,5,9,vit_tiny,cifar10,0.3,8,base.blocks.7,0.903715
40,5,9,vit_tiny,cifar10,0.3,9,base.blocks.8,0.890236
40,5,9,vit_tiny,cifar10,0.3,10,base.blocks.9,0.886460
40,5,9,vit_tiny,cifar10,0.3,11,base.blocks.10,0.880217
40,5,9,vit_tiny,cifar10,0.3,12,base.blocks.11,0.871658
40,5,9,vit_tiny,cifar10,0.3,13,base.norm,0.902399
40,5,9,vit_tiny,cifar10,0.3,14,classifier,0.815376
40,6,7,vit_tiny,cifar10,0.3,0,base.patch_embed,0.975603
40,6,7,vit_tiny,cifar10,0.3,1,base.blocks.0,0.910100
40,6,7,vit_tiny,cifar10,0.3,2,base.blocks.1,0.910992
40,6,7,vit_tiny,cifar10,0.3,3,base.blocks.2,0.900624
40,6,7,vit_tiny,cifar10,0.3,4,base.blocks.3,0.892057
40,6,7,vit_tiny,cifar10,0.3,5,base.blocks.4,0.883727
40,6,7,vit_tiny,cifar10,0.3,6,base.blocks.5,0.890943
40,6,7,vit_tiny,cifar10,0.3,7,base.blocks.6,0.888956
40,6,7,vit_tiny,cifar10,0.3,8,base.blocks.7,0.892972
40,6,7,vit_tiny,cifar10,0.3,9,base.blocks.8,0.902340
40,6,7,vit_tiny,cifar10,0.3,10,base.blocks.9,0.905111
40,6,7,vit_tiny,cifar10,0.3,11,base.blocks.10,0.901052
40,6,7,vit_tiny,cifar10,0.3,12,base.blocks.11,0.896560
40,6,7,vit_tiny,cifar10,0.3,13,base.norm,0.911437
40,6,7,vit_tiny,cifar10,0.3,14,classifier,0.782559
40,6,8,vit_tiny,cifar10,0.3,0,base.patch_embed,0.993400
40,6,8,vit_tiny,cifar10,0.3,1,base.blocks.0,0.974289
40,6,8,vit_tiny,cifar10,0.3,2,base.blocks.1,0.961973
40,6,8,vit_tiny,cifar10,0.3,3,base.blocks.2,0.956411
40,6,8,vit_tiny,cifar10,0.3,4,base.blocks.3,0.950279
40,6,8,vit_tiny,cifar10,0.3,5,base.blocks.4,0.951212
40,6,8,vit_tiny,cifar10,0.3,6,base.blocks.5,0.955367
40,6,8,vit_tiny,cifar10,0.3,7,base.blocks.6,0.950485
40,6,8,vit_tiny,cifar10,0.3,8,base.blocks.7,0.952577
40,6,8,vit_tiny,cifar10,0.3,9,base.blocks.8,0.949644
40,6,8,vit_tiny,cifar10,0.3,10,base.blocks.9,0.947820
40,6,8,vit_tiny,cifar10,0.3,11,base.blocks.10,0.941658
40,6,8,vit_tiny,cifar10,0.3,12,base.blocks.11,0.934000
40,6,8,vit_tiny,cifar10,0.3,13,base.norm,0.946834
40,6,8,vit_tiny,cifar10,0.3,14,classifier,0.844317
40,6,9,vit_tiny,cifar10,0.3,0,base.patch_embed,0.994231
40,6,9,vit_tiny,cifar10,0.3,1,base.blocks.0,0.990553
40,6,9,vit_tiny,cifar10,0.3,2,base.blocks.1,0.979616
40,6,9,vit_tiny,cifar10,0.3,3,base.blocks.2,0.973156
40,6,9,vit_tiny,cifar10,0.3,4,base.blocks.3,0.966012
40,6,9,vit_tiny,cifar10,0.3,5,base.blocks.4,0.964544
40,6,9,vit_tiny,cifar10,0.3,6,base.blocks.5,0.964424
40,6,9,vit_tiny,cifar10,0.3,7,base.blocks.6,0.959733
40,6,9,vit_tiny,cifar10,0.3,8,base.blocks.7,0.957447
40,6,9,vit_tiny,cifar10,0.3,9,base.blocks.8,0.950190
40,6,9,vit_tiny,cifar10,0.3,10,base.blocks.9,0.946351
40,6,9,vit_tiny,cifar10,0.3,11,base.blocks.10,0.936094
40,6,9,vit_tiny,cifar10,0.3,12,base.blocks.11,0.926891
40,6,9,vit_tiny,cifar10,0.3,13,base.norm,0.947785
40,6,9,vit_tiny,cifar10,0.3,14,classifier,0.796084
40,7,8,vit_tiny,cifar10,0.3,0,base.patch_embed,0.965976
40,7,8,vit_tiny,cifar10,0.3,1,base.blocks.0,0.952773
40,7,8,vit_tiny,cifar10,0.3,2,base.blocks.1,0.949192
40,7,8,vit_tiny,cifar10,0.3,3,base.blocks.2,0.942770
40,7,8,vit_tiny,cifar10,0.3,4,base.blocks.3,0.948911
40,7,8,vit_tiny,cifar10,0.3,5,base.blocks.4,0.954705
40,7,8,vit_tiny,cifar10,0.3,6,base.blocks.5,0.957210
40,7,8,vit_tiny,cifar10,0.3,7,base.blocks.6,0.960017
40,7,8,vit_tiny,cifar10,0.3,8,base.blocks.7,0.958773
40,7,8,vit_tiny,cifar10,0.3,9,base.blocks.8,0.960610
40,7,8,vit_tiny,cifar10,0.3,10,base.blocks.9,0.962318
40,7,8,vit_tiny,cifar10,0.3,11,base.blocks.10,0.961821
40,7,8,vit_tiny,cifar10,0.3,12,base.blocks.11,0.958617
40,7,8,vit_tiny,cifar10,0.3,13,base.norm,0.937939
40,7,8,vit_tiny,cifar10,0.3,14,classifier,0.856219
40,7,9,vit_tiny,cifar10,0.3,0,base.patch_embed,0.972574
40,7,9,vit_tiny,cifar10,0.3,1,base.blocks.0,0.930916
40,7,9,vit_tiny,cifar10,0.3,2,base.blocks.1,0.955036
40,7,9,vit_tiny,cifar10,0.3,3,base.blocks.2,0.954306
40,7,9,vit_tiny,cifar10,0.3,4,base.blocks.3,0.952106
40,7,9,vit_tiny,cifar10,0.3,5,base.blocks.4,0.942574
40,7,9,vit_tiny,cifar10,0.3,6,base.blocks.5,0.940804
40,7,9,vit_tiny,cifar10,0.3,7,base.blocks.6,0.934950
40,7,9,vit_tiny,cifar10,0.3,8,base.blocks.7,0.929238
40,7,9,vit_tiny,cifar10,0.3,9,base.blocks.8,0.923457
40,7,9,vit_tiny,cifar10,0.3,10,base.blocks.9,0.919571
40,7,9,vit_tiny,cifar10,0.3,11,base.blocks.10,0.910401
40,7,9,vit_tiny,cifar10,0.3,12,base.blocks.11,0.901597
40,7,9,vit_tiny,cifar10,0.3,13,base.norm,0.904595
40,7,9,vit_tiny,cifar10,0.3,14,classifier,0.788281
40,8,9,vit_tiny,cifar10,0.3,0,base.patch_embed,0.980800
40,8,9,vit_tiny,cifar10,0.3,1,base.blocks.0,0.972563
40,8,9,vit_tiny,cifar10,0.3,2,base.blocks.1,0.981602
40,8,9,vit_tiny,cifar10,0.3,3,base.blocks.2,0.978455
40,8,9,vit_tiny,cifar10,0.3,4,base.blocks.3,0.980593
40,8,9,vit_tiny,cifar10,0.3,5,base.blocks.4,0.980965
40,8,9,vit_tiny,cifar10,0.3,6,base.blocks.5,0.979925
40,8,9,vit_tiny,cifar10,0.3,7,base.blocks.6,0.974095
40,8,9,vit_tiny,cifar10,0.3,8,base.blocks.7,0.970090
40,8,9,vit_tiny,cifar10,0.3,9,base.blocks.8,0.954957
40,8,9,vit_tiny,cifar10,0.3,10,base.blocks.9,0.952369
40,8,9,vit_tiny,cifar10,0.3,11,base.blocks.10,0.947753
40,8,9,vit_tiny,cifar10,0.3,12,base.blocks.11,0.944882
40,8,9,vit_tiny,cifar10,0.3,13,base.norm,0.942092
40,8,9,vit_tiny,cifar10,0.3,14,classifier,0.837466
50,0,1,vit_tiny,cifar10,0.3,0,base.patch_embed,0.992685
50,0,1,vit_tiny,cifar10,0.3,1,base.blocks.0,0.990624
50,0,1,vit_tiny,cifar10,0.3,2,base.blocks.1,0.987115
50,0,1,vit_tiny,cifar10,0.3,3,base.blocks.2,0.984272
50,0,1,vit_tiny,cifar10,0.3,4,base.blocks.3,0.975953
50,0,1,vit_tiny,cifar10,0.3,5,base.blocks.4,0.970425
50,0,1,vit_tiny,cifar10,0.3,6,base.blocks.5,0.967341
50,0,1,vit_tiny,cifar10,0.3,7,base.blocks.6,0.963637
50,0,1,vit_tiny,cifar10,0.3,8,base.blocks.7,0.958090
50,0,1,vit_tiny,cifar10,0.3,9,base.blocks.8,0.949421
50,0,1,vit_tiny,cifar10,0.3,10,base.blocks.9,0.944129
50,0,1,vit_tiny,cifar10,0.3,11,base.blocks.10,0.937531
50,0,1,vit_tiny,cifar10,0.3,12,base.blocks.11,0.930686
50,0,1,vit_tiny,cifar10,0.3,13,base.norm,0.919925
50,0,1,vit_tiny,cifar10,0.3,14,classifier,0.789341
50,0,2,vit_tiny,cifar10,0.3,0,base.patch_embed,0.991048
50,0,2,vit_tiny,cifar10,0.3,1,base.blocks.0,0.970526
50,0,2,vit_tiny,cifar10,0.3,2,base.blocks.1,0.964602
50,0,2,vit_tiny,cifar10,0.3,3,base.blocks.2,0.967051
50,0,2,vit_tiny,cifar10,0.3,4,base.blocks.3,0.960890
50,0,2,vit_tiny,cifar10,0.3,5,base.blocks.4,0.957222
50,0,2,vit_tiny,cifar10,0.3,6,base.blocks.5,0.954790
50,0,2,vit_tiny,cifar10,0.3,7,base.blocks.6,0.949749
50,0,2,vit_tiny,cifar10,0.3,8,base.blocks.7,0.943397
50,0,2,vit_tiny,cifar10,0.3,9,base.blocks.8,0.929395
50,0,2,vit_tiny,cifar10,0.3,10,base.blocks.9,0.925234
50,0,2,vit_tiny,cifar10,0.3,11,base.blocks.10,0.916987
50,0,2,vit_tiny,cifar10,0.3,12,base.blocks.11,0.907489
50,0,2,vit_tiny,cifar10,0.3,13,base.norm,0.899959
50,0,2,vit_tiny,cifar10,0.3,14,classifier,0.818327
50,0,3,vit_tiny,cifar10,0.3,0,base.patch_embed,0.992829
50,0,3,vit_tiny,cifar10,0.3,1,base.blocks.0,0.979634
50,0,3,vit_tiny,cifar10,0.3,2,base.blocks.1,0.967971
50,0,3,vit_tiny,cifar10,0.3,3,base.blocks.2,0.968825
50,0,3,vit_tiny,cifar10,0.3,4,base.blocks.3,0.962046
50,0,3,vit_tiny,cifar10,0.3,5,base.blocks.4,0.958536
50,0,3,vit_tiny,cifar10,0.3,6,base.blocks.5,0.956375
50,0,3,vit_tiny,cifar10,0.3,7,base.blocks.6,0.949603
50,0,3,vit_tiny,cifar10,0.3,8,base.blocks.7,0.944957
50,0,3,vit_tiny,cifar10,0.3,9,base.blocks.8,0.937701
50,0,3,vit_tiny,cifar10,0.3,10,base.blocks.9,0.933968
50,0,3,vit_tiny,cifar10,0.3,11,base.blocks.10,0.925258
50,0,3,vit_tiny,cifar10,0.3,12,base.blocks.11,0.918909
50,0,3,vit_tiny,cifar10,0.3,13,base.norm,0.903521
50,0,3,vit_tiny,cifar10,0.3,14,classifier,0.664860
50,0,4,vit_tiny,cifar10,0.3,0,base.patch_embed,0.992588
50,0,4,vit_tiny,cifar10,0.3,1,base.blocks.0,0.959484
50,0,4,vit_tiny,cifar10,0.3,2,base.blocks.1,0.953436
50,0,4,vit_tiny,cifar10,0.3,3,base.blocks.2,0.936953
50,0,4,vit_tiny,cifar10,0.3,4,base.blocks.3,0.908855
50,0,4,vit_tiny,cifar10,0.3,5,base.blocks.4,0.882284
50,0,4,vit_tiny,cifar10,0.3,6,base.blocks.5,0.865474
50,0,4,vit_tiny,cifar10,0.3,7,base.blocks.6,0.849020
50,0,4,vit_tiny,cifar10,0.3,8,base.blocks.7,0.836343
50,0,4,vit_tiny,cifar10,0.3,9,base.blocks.8,0.817149
50,0,4,vit_tiny,cifar10,0.3,10,base.blocks.9,0.809984
50,0,4,vit_tiny,cifar10,0.3,11,base.blocks.10,0.799130
50,0,4,vit_tiny,cifar10,0.3,12,base.blocks.11,0.793607
50,0,4,vit_tiny,cifar10,0.3,13,base.norm,0.835206
50,0,4,vit_tiny,cifar10,0.3,14,classifier,0.770882
50,0,5,vit_tiny,cifar10,0.3,0,base.patch_embed,0.980099
50,0,5,vit_tiny,cifar10,0.3,1,base.blocks.0,0.969077
50,0,5,vit_tiny,cifar10,0.3,2,base.blocks.1,0.960613
50,0,5,vit_tiny,cifar10,0.3,3,base.blocks.2,0.954925
50,0,5,vit_tiny,cifar10,0.3,4,base.blocks.3,0.936985
50,0,5,vit_tiny,cifar10,0.3,5,base.blocks.4,0.923340
50,0,5,vit_tiny,cifar10,0.3,6,base.blocks.5,0.921085
50,0,5,vit_tiny,cifar10,0.3,7,base.blocks.6,0.913592
50,0,5,vit_tiny,cifar10,0.3,8,base.blocks.7,0.910616
50,0,5,vit_tiny,cifar10,0.3,9,base.blocks.8,0.900777
50,0,5,vit_tiny,cifar10,0.3,10,base.blocks.9,0.893754
50,0,5,vit_tiny,cifar10,0.3,11,base.blocks.10,0.881729
50,0,5,vit_tiny,cifar10,0.3,12,base.blocks.11,0.867354
50,0,5,vit_tiny,cifar10,0.3,13,base.norm,0.891808
50,0,5,vit_tiny,cifar10,0.3,14,classifier,0.641603
50,0,6,vit_tiny,cifar10,0.3,0,base.patch_embed,0.992822
50,0,6,vit_tiny,cifar10,0.3,1,base.blocks.0,0.975552
50,0,6,vit_tiny,cifar10,0.3,2,base.blocks.1,0.967268
50,0,6,vit_tiny,cifar10,0.3,3,base.blocks.2,0.959377
50,0,6,vit_tiny,cifar10,0.3,4,base.blocks.3,0.947545
50,0,6,vit_tiny,cifar10,0.3,5,base.blocks.4,0.941653
50,0,6,vit_tiny,cifar10,0.3,6,base.blocks.5,0.942734
50,0,6,vit_tiny,cifar10,0.3,7,base.blocks.6,0.935296
50,0,6,vit_tiny,cifar10,0.3,8,base.blocks.7,0.929732
50,0,6,vit_tiny,cifar10,0.3,9,base.blocks.8,0.916732
50,0,6,vit_tiny,cifar10,0.3,10,base.blocks.9,0.907422
50,0,6,vit_tiny,cifar10,0.3,11,base.blocks.10,0.891274
50,0,6,vit_tiny,cifar10,0.3,12,base.blocks.11,0.873294
50,0,6,vit_tiny,cifar10,0.3,13,base.norm,0.896820
50,0,6,vit_tiny,cifar10,0.3,14,classifier,0.748941
50,0,7,vit_tiny,cifar10,0.3,0,base.patch_embed,0.981442
50,0,7,vit_tiny,cifar10,0.3,1,base.blocks.0,0.977374
50,0,7,vit_tiny,cifar10,0.3,2,base.blocks.1,0.981394
50,0,7,vit_tiny,cifar10,0.3,3,base.blocks.2,0.978677
50,0,7,vit_tiny,cifar10,0.3,4,base.blocks.3,0.959716
50,0,7,vit_tiny,cifar10,0.3,5,base.blocks.4,0.948748
50,0,7,vit_tiny,cifar10,0.3,6,base.blocks.5,0.936205
50,0,7,vit_tiny,cifar10,0.3,7,base.blocks.6,0.924262
50,0,7,vit_tiny,cifar10,0.3,8,base.blocks.7,0.911717
50,0,7,vit_tiny,cifar10,0.3,9,base.blocks.8,0.892859
50,0,7,vit_tiny,cifar10,0.3,10,base.blocks.9,0.886154
50,0,7,vit_tiny,cifar10,0.3,11,base.blocks.10,0.881299
50,0,7,vit_tiny,cifar10,0.3,12,base.blocks.11,0.881618
50,0,7,vit_tiny,cifar10,0.3,13,base.norm,0.883370
50,0,7,vit_tiny,cifar10,0.3,14,classifier,0.836199
50,0,8,vit_tiny,cifar10,0.3,0,base.patch_embed,0.982011
50,0,8,vit_tiny,cifar10,0.3,1,base.blocks.0,0.985092
50,0,8,vit_tiny,cifar10,0.3,2,base.blocks.1,0.977719
50,0,8,vit_tiny,cifar10,0.3,3,base.blocks.2,0.971471
50,0,8,vit_tiny,cifar10,0.3,4,base.blocks.3,0.958213
50,0,8,vit_tiny,cifar10,0.3,5,base.blocks.4,0.948579
50,0,8,vit_tiny,cifar10,0.3,6,base.blocks.5,0.936503
50,0,8,vit_tiny,cifar10,0.3,7,base.blocks.6,0.926453
50,0,8,vit_tiny,cifar10,0.3,8,base.blocks.7,0.911377
50,0,8,vit_tiny,cifar10,0.3,9,base.blocks.8,0.895837
50,0,8,vit_tiny,cifar10,0.3,10,base.blocks.9,0.885805
50,0,8,vit_tiny,cifar10,0.3,11,base.blocks.10,0.869222
50,0,8,vit_tiny,cifar10,0.3,12,base.blocks.11,0.854412
50,0,8,vit_tiny,cifar10,0.3,13,base.norm,0.867578
50,0,8,vit_tiny,cifar10,0.3,14,classifier,0.804904
50,0,9,vit_tiny,cifar10,0.3,0,base.patch_embed,0.996136
50,0,9,vit_tiny,cifar10,0.3,1,base.blocks.0,0.993180
50,0,9,vit_tiny,cifar10,0.3,2,base.blocks.1,0.989918
50,0,9,vit_tiny,cifar10,0.3,3,base.blocks.2,0.988142
50,0,9,vit_tiny,cifar10,0.3,4,base.blocks.3,0.975596
50,0,9,vit_tiny,cifar10,0.3,5,base.blocks.4,0.966207
50,0,9,vit_tiny,cifar10,0.3,6,base.blocks.5,0.955778
50,0,9,vit_tiny,cifar10,0.3,7,base.blocks.6,0.943871
50,0,9,vit_tiny,cifar10,0.3,8,base.blocks.7,0.930877
50,0,9,vit_tiny,cifar10,0.3,9,base.blocks.8,0.915532
50,0,9,vit_tiny,cifar10,0.3,10,base.blocks.9,0.905436
50,0,9,vit_tiny,cifar10,0.3,11,base.blocks.10,0.891582
50,0,9,vit_tiny,cifar10,0.3,12,base.blocks.11,0.880931
50,0,9,vit_tiny,cifar10,0.3,13,base.norm,0.891196
50,0,9,vit_tiny,cifar10,0.3,14,classifier,0.792312
50,1,2,vit_tiny,cifar10,0.3,0,base.patch_embed,0.993141
50,1,2,vit_tiny,cifar10,0.3,1,base.blocks.0,0.973014
50,1,2,vit_tiny,cifar10,0.3,2,base.blocks.1,0.978512
50,1,2,vit_tiny,cifar10,0.3,3,base.blocks.2,0.978440
50,1,2,vit_tiny,cifar10,0.3,4,base.blocks.3,0.975448
50,1,2,vit_tiny,cifar10,0.3,5,base.blocks.4,0.972035
50,1,2,vit_tiny,cifar10,0.3,6,base.blocks.5,0.968942
50,1,2,vit_tiny,cifar10,0.3,7,base.blocks.6,0.963567
50,1,2,vit_tiny,cifar10,0.3,8,base.blocks.7,0.956785
50,1,2,vit_tiny,cifar10,0.3,9,base.blocks.8,0.945379
50,1,2,vit_tiny,cifar10,0.3,10,base.blocks.9,0.939661
50,1,2,vit_tiny,cifar10,0.3,11,base.blocks.10,0.930354
50,1,2,vit_tiny,cifar10,0.3,12,base.blocks.11,0.921487
50,1,2,vit_tiny,cifar10,0.3,13,base.norm,0.910005
50,1,2,vit_tiny,cifar10,0.3,14,classifier,0.784955
50,1,3,vit_tiny,cifar10,0.3,0,base.patch_embed,0.996613
50,1,3,vit_tiny,cifar10,0.3,1,base.blocks.0,0.984316
50,1,3,vit_tiny,cifar10,0.3,2,base.blocks.1,0.979720
50,1,3,vit_tiny,cifar10,0.3,3,base.blocks.2,0.982735
50,1,3,vit_tiny,cifar10,0.3,4,base.blocks.3,0.981009
50,1,3,vit_tiny,cifar10,0.3,5,base.blocks.4,0.978914
50,1,3,vit_tiny,cifar10,0.3,6,base.blocks.5,0.974238
50,1,3,vit_tiny,cifar10,0.3,7,base.blocks.6,0.967946
50,1,3,vit_tiny,cifar10,0.3,8,base.blocks.7,0.961666
50,1,3,vit_tiny,cifar10,0.3,9,base.blocks.8,0.947477
50,1,3,vit_tiny,cifar10,0.3,10,base.blocks.9,0.940290
50,1,3,vit_tiny,cifar10,0.3,11,base.blocks.10,0.931689
50,1,3,vit_tiny,cifar10,0.3,12,base.blocks.11,0.924341
50,1,3,vit_tiny,cifar10,0.3,13,base.norm,0.922074
50,1,3,vit_tiny,cifar10,0.3,14,classifier,0.750612
50,1,4,vit_tiny,cifar10,0.3,0,base.patch_embed,0.996036
50,1,4,vit_tiny,cifar10,0.3,1,base.blocks.0,0.974250
50,1,4,vit_tiny,cifar10,0.3,2,base.blocks.1,0.962027
50,1,4,vit_tiny,cifar10,0.3,3,base.blocks.2,0.954225
50,1,4,vit_tiny,cifar10,0.3,4,base.blocks.3,0.937464
50,1,4,vit_tiny,cifar10,0.3,5,base.blocks.4,0.924655
50,1,4,vit_tiny,cifar10,0.3,6,base.blocks.5,0.909517
50,1,4,vit_tiny,cifar10,0.3,7,base.blocks.6,0.896318
50,1,4,vit_tiny,cifar10,0.3,8,base.blocks.7,0.884533
50,1,4,vit_tiny,cifar10,0.3,9,base.blocks.8,0.855438
50,1,4,vit_tiny,cifar10,0.3,10,base.blocks.9,0.848103
50,1,4,vit_tiny,cifar10,0.3,11,base.blocks.10,0.838598
50,1,4,vit_tiny,cifar10,0.3,12,base.blocks.11,0.832216
50,1,4,vit_tiny,cifar10,0.3,13,base.norm,0.889701
50,1,4,vit_tiny,cifar10,0.3,14,classifier,0.808375
50,1,5,vit_tiny,cifar10,0.3,0,base.patch_embed,0.975751
50,1,5,vit_tiny,cifar10,0.3,1,base.blocks.0,0.962668
50,1,5,vit_tiny,cifar10,0.3,2,base.blocks.1,0.961683
50,1,5,vit_tiny,cifar10,0.3,3,base.blocks.2,0.965536
50,1,5,vit_tiny,cifar10,0.3,4,base.blocks.3,0.961632
50,1,5,vit_tiny,cifar10,0.3,5,base.blocks.4,0.956990
50,1,5,vit_tiny,cifar10,0.3,6,base.blocks.5,0.953781
50,1,5,vit_tiny,cifar10,0.3,7,base.blocks.6,0.947252
50,1,5,vit_tiny,cifar10,0.3,8,base.blocks.7,0.939342
50,1,5,vit_tiny,cifar10,0.3,9,base.blocks.8,0.927998
50,1,5,vit_tiny,cifar10,0.3,10,base.blocks.9,0.920437
50,1,5,vit_tiny,cifar10,0.3,11,base.blocks.10,0.908054
50,1,5,vit_tiny,cifar10,0.3,12,base.blocks.11,0.894978
50,1,5,vit_tiny,cifar10,0.3,13,base.norm,0.926718
50,1,5,vit_tiny,cifar10,0.3,14,classifier,0.745275
50,1,6,vit_tiny,cifar10,0.3,0,base.patch_embed,0.994501
50,1,6,vit_tiny,cifar10,0.3,1,base.blocks.0,0.981824
50,1,6,vit_tiny,cifar10,0.3,2,base.blocks.1,0.975859
50,1,6,vit_tiny,cifar10,0.3,3,base.blocks.2,0.970547
50,1,6,vit_tiny,cifar10,0.3,4,base.blocks.3,0.962310
50,1,6,vit_tiny,cifar10,0.3,5,base.blocks.4,0.957100
50,1,6,vit_tiny,cifar10,0.3,6,base.blocks.5,0.948458
50,1,6,vit_tiny,cifar10,0.3,7,base.blocks.6,0.935754
50,1,6,vit_tiny,cifar10,0.3,8,base.blocks.7,0.921048
50,1,6,vit_tiny,cifar10,0.3,9,base.blocks.8,0.897477
50,1,6,vit_tiny,cifar10,0.3,10,base.blocks.9,0.886692
50,1,6,vit_tiny,cifar10,0.3,11,base.blocks.10,0.866538
50,1,6,vit_tiny,cifar10,0.3,12,base.blocks.11,0.851896
50,1,6,vit_tiny,cifar10,0.3,13,base.norm,0.886050
50,1,6,vit_tiny,cifar10,0.3,14,classifier,0.806448
50,1,7,vit_tiny,cifar10,0.3,0,base.patch_embed,0.976299
50,1,7,vit_tiny,cifar10,0.3,1,base.blocks.0,0.985213
50,1,7,vit_tiny,cifar10,0.3,2,base.blocks.1,0.984775
50,1,7,vit_tiny,cifar10,0.3,3,base.blocks.2,0.983773
50,1,7,vit_tiny,cifar10,0.3,4,base.blocks.3,0.969651
50,1,7,vit_tiny,cifar10,0.3,5,base.blocks.4,0.963159
50,1,7,vit_tiny,cifar10,0.3,6,base.blocks.5,0.952291
50,1,7,vit_tiny,cifar10,0.3,7,base.blocks.6,0.942533
50,1,7,vit_tiny,cifar10,0.3,8,base.blocks.7,0.933865
50,1,7,vit_tiny,cifar10,0.3,9,base.blocks.8,0.903242
50,1,7,vit_tiny,cifar10,0.3,10,base.blocks.9,0.894693
50,1,7,vit_tiny,cifar10,0.3,11,base.blocks.10,0.890698
50,1,7,vit_tiny,cifar10,0.3,12,base.blocks.11,0.886534
50,1,7,vit_tiny,cifar10,0.3,13,base.norm,0.892505
50,1,7,vit_tiny,cifar10,0.3,14,classifier,0.787867
50,1,8,vit_tiny,cifar10,0.3,0,base.patch_embed,0.978221
50,1,8,vit_tiny,cifar10,0.3,1,base.blocks.0,0.979159
50,1,8,vit_tiny,cifar10,0.3,2,base.blocks.1,0.981661
50,1,8,vit_tiny,cifar10,0.3,3,base.blocks.2,0.976855
50,1,8,vit_tiny,cifar10,0.3,4,base.blocks.3,0.966628
50,1,8,vit_tiny,cifar10,0.3,5,base.blocks.4,0.959082
50,1,8,vit_tiny,cifar10,0.3,6,base.blocks.5,0.947292
50,1,8,vit_tiny,cifar10,0.3,7,base.blocks.6,0.937866
50,1,8,vit_tiny,cifar10,0.3,8,base.blocks.7,0.924646
50,1,8,vit_tiny,cifar10,0.3,9,base.blocks.8,0.899800
50,1,8,vit_tiny,cifar10,0.3,10,base.blocks.9,0.893766
50,1,8,vit_tiny,cifar10,0.3,11,base.blocks.10,0.883977
50,1,8,vit_tiny,cifar10,0.3,12,base.blocks.11,0.874966
50,1,8,vit_tiny,cifar10,0.3,13,base.norm,0.885079
50,1,8,vit_tiny,cifar10,0.3,14,classifier,0.785312
50,1,9,vit_tiny,cifar10,0.3,0,base.patch_embed,0.997377
50,1,9,vit_tiny,cifar10,0.3,1,base.blocks.0,0.993361
50,1,9,vit_tiny,cifar10,0.3,2,base.blocks.1,0.992333
50,1,9,vit_tiny,cifar10,0.3,3,base.blocks.2,0.990874
50,1,9,vit_tiny,cifar10,0.3,4,base.blocks.3,0.981149
50,1,9,vit_tiny,cifar10,0.3,5,base.blocks.4,0.973069
50,1,9,vit_tiny,cifar10,0.3,6,base.blocks.5,0.965020
50,1,9,vit_tiny,cifar10,0.3,7,base.blocks.6,0.956629
50,1,9,vit_tiny,cifar10,0.3,8,base.blocks.7,0.949888
50,1,9,vit_tiny,cifar10,0.3,9,base.blocks.8,0.930096
50,1,9,vit_tiny,cifar10,0.3,10,base.blocks.9,0.921381
50,1,9,vit_tiny,cifar10,0.3,11,base.blocks.10,0.912317
50,1,9,vit_tiny,cifar10,0.3,12,base.blocks.11,0.903910
50,1,9,vit_tiny,cifar10,0.3,13,base.norm,0.919847
50,1,9,vit_tiny,cifar10,0.3,14,classifier,0.824008
50,2,3,vit_tiny,cifar10,0.3,0,base.patch_embed,0.989462
50,2,3,vit_tiny,cifar10,0.3,1,base.blocks.0,0.959374
50,2,3,vit_tiny,cifar10,0.3,2,base.blocks.1,0.958970
50,2,3,vit_tiny,cifar10,0.3,3,base.blocks.2,0.961463
50,2,3,vit_tiny,cifar10,0.3,4,base.blocks.3,0.960565
50,2,3,vit_tiny,cifar10,0.3,5,base.blocks.4,0.957678
50,2,3,vit_tiny,cifar10,0.3,6,base.blocks.5,0.955270
50,2,3,vit_tiny,cifar10,0.3,7,base.blocks.6,0.949545
50,2,3,vit_tiny,cifar10,0.3,8,base.blocks.7,0.942925
50,2,3,vit_tiny,cifar10,0.3,9,base.blocks.8,0.932319
50,2,3,vit_tiny,cifar10,0.3,10,base.blocks.9,0.928201
50,2,3,vit_tiny,cifar10,0.3,11,base.blocks.10,0.924231
50,2,3,vit_tiny,cifar10,0.3,12,base.blocks.11,0.922018
50,2,3,vit_tiny,cifar10,0.3,13,base.norm,0.900877
50,2,3,vit_tiny,cifar10,0.3,14,classifier,0.703712
50,2,4,vit_tiny,cifar10,0.3,0,base.patch_embed,0.991477
50,2,4,vit_tiny,cifar10,0.3,1,base.blocks.0,0.951156
50,2,4,vit_tiny,cifar10,0.3,2,base.blocks.1,0.952247
50,2,4,vit_tiny,cifar10,0.3,3,base.blocks.2,0.946394
50,2,4,vit_tiny,cifar10,0.3,4,base.blocks.3,0.926505
50,2,4,vit_tiny,cifar10,0.3,5,base.blocks.4,0.915181
50,2,4,vit_tiny,cifar10,0.3,6,base.blocks.5,0.899405
50,2,4,vit_tiny,cifar10,0.3,7,base.blocks.6,0.882272
50,2,4,vit_tiny,cifar10,0.3,8,base.blocks.7,0.866817
50,2,4,vit_tiny,cifar10,0.3,9,base.blocks.8,0.830999
50,2,4,vit_tiny,cifar10,0.3,10,base.blocks.9,0.820280
50,2,4,vit_tiny,cifar10,0.3,11,base.blocks.10,0.802703
50,2,4,vit_tiny,cifar10,0.3,12,base.blocks.11,0.789163
50,2,4,vit_tiny,cifar10,0.3,13,base.norm,0.825115
50,2,4,vit_tiny,cifar10,0.3,14,classifier,0.769568
50,2,5,vit_tiny,cifar10,0.3,0,base.patch_embed,0.972115
50,2,5,vit_tiny,cifar10,0.3,1,base.blocks.0,0.939273
50,2,5,vit_tiny,cifar10,0.3,2,base.blocks.1,0.923467
50,2,5,vit_tiny,cifar10,0.3,3,base.blocks.2,0.930717
50,2,5,vit_tiny,cifar10,0.3,4,base.blocks.3,0.928616
50,2,5,vit_tiny,cifar10,0.3,5,base.blocks.4,0.925999
50,2,5,vit_tiny,cifar10,0.3,6,base.blocks.5,0.927348
50,2,5,vit_tiny,cifar10,0.3,7,base.blocks.6,0.921835
50,2,5,vit_tiny,cifar10,0.3,8,base.blocks.7,0.917846
50,2,5,vit_tiny,cifar10,0.3,9,base.blocks.8,0.904522
50,2,5,vit_tiny,cifar10,0.3,10,base.blocks.9,0.896372
50,2,5,vit_tiny,cifar10,0.3,11,base.blocks.10,0.883018
50,2,5,vit_tiny,cifar10,0.3,12,base.blocks.11,0.870264
50,2,5,vit_tiny,cifar10,0.3,13,base.norm,0.875164
50,2,5,vit_tiny,cifar10,0.3,14,classifier,0.661635
50,2,6,vit_tiny,cifar10,0.3,0,base.patch_embed,0.992562
50,2,6,vit_tiny,cifar10,0.3,1,base.blocks.0,0.979060
50,2,6,vit_tiny,cifar10,0.3,2,base.blocks.1,0.971469
50,2,6,vit_tiny,cifar10,0.3,3,base.blocks.2,0.966966
50,2,6,vit_tiny,cifar10,0.3,4,base.blocks.3,0.959791
50,2,6,vit_tiny,cifar10,0.3,5,base.blocks.4,0.958161
50,2,6,vit_tiny,cifar10,0.3,6,base.blocks.5,0.953627
50,2,6,vit_tiny,cifar10,0.3,7,base.blocks.6,0.942261
50,2,6,vit_tiny,cifar10,0.3,8,base.blocks.7,0.932637
50,2,6,vit_tiny,cifar10,0.3,9,base.blocks.8,0.901875
50,2,6,vit_tiny,cifar10,0.3,10,base.blocks.9,0.890662
50,2,6,vit_tiny,cifar10,0.3,11,base.blocks.10,0.872350
50,2,6,vit_tiny,cifar10,0.3,12,base.blocks.11,0.859014
50,2,6,vit_tiny,cifar10,0.3,13,base.norm,0.871146
50,2,6,vit_tiny,cifar10,0.3,14,classifier,0.756811
50,2,7,vit_tiny,cifar10,0.3,0,base.patch_embed,0.968870
50,2,7,vit_tiny,cifar10,0.3,1,base.blocks.0,0.957340
50,2,7,vit_tiny,cifar10,0.3,2,base.blocks.1,0.980150
50,2,7,vit_tiny,cifar10,0.3,3,base.blocks.2,0.980131
50,2,7,vit_tiny,cifar10,0.3,4,base.blocks.3,0.962897
50,2,7,vit_tiny,cifar10,0.3,5,base.blocks.4,0.956280
50,2,7,vit_tiny,cifar10,0.3,6,base.blocks.5,0.940266
50,2,7,vit_tiny,cifar10,0.3,7,base.blocks.6,0.925778
50,2,7,vit_tiny,cifar10,0.3,8,base.blocks.7,0.908995
50,2,7,vit_tiny,cifar10,0.3,9,base.blocks.8,0.879415
50,2,7,vit_tiny,cifar10,0.3,10,base.blocks.9,0.873910
50,2,7,vit_tiny,cifar10,0.3,11,base.blocks.10,0.870537
50,2,7,vit_tiny,cifar10,0.3,12,base.blocks.11,0.867828
50,2,7,vit_tiny,cifar10,0.3,13,base.norm,0.859837
50,2,7,vit_tiny,cifar10,0.3,14,classifier,0.823854
50,2,8,vit_tiny,cifar10,0.3,0,base.patch_embed,0.965360
50,2,8,vit_tiny,cifar10,0.3,1,base.blocks.0,0.949873
50,2,8,vit_tiny,cifar10,0.3,2,base.blocks.1,0.979521
50,2,8,vit_tiny,cifar10,0.3,3,base.blocks.2,0.978139
50,2,8,vit_tiny,cifar10,0.3,4,base.blocks.3,0.966485
50,2,8,vit_tiny,cifar10,0.3,5,base.blocks.4,0.959162
50,2,8,vit_tiny,cifar10,0.3,6,base.blocks.5,0.945202
50,2,8,vit_tiny,cifar10,0.3,7,base.blocks.6,0.932663
50,2,8,vit_tiny,cifar10,0.3,8,base.blocks.7,0.910494
50,2,8,vit_tiny,cifar10,0.3,9,base.blocks.8,0.878135
50,2,8,vit_tiny,cifar10,0.3,10,base.blocks.9,0.867518
50,2,8,vit_tiny,cifar10,0.3,11,base.blocks.10,0.850675
50,2,8,vit_tiny,cifar10,0.3,12,base.blocks.11,0.834250
50,2,8,vit_tiny,cifar10,0.3,13,base.norm,0.830955
50,2,8,vit_tiny,cifar10,0.3,14,classifier,0.786488
50,2,9,vit_tiny,cifar10,0.3,0,base.patch_embed,0.997232
50,2,9,vit_tiny,cifar10,0.3,1,base.blocks.0,0.983536
50,2,9,vit_tiny,cifar10,0.3,2,base.blocks.1,0.982054
50,2,9,vit_tiny,cifar10,0.3,3,base.blocks.2,0.984727
50,2,9,vit_tiny,cifar10,0.3,4,base.blocks.3,0.977746
50,2,9,vit_tiny,cifar10,0.3,5,base.blocks.4,0.972832
50,2,9,vit_tiny,cifar10,0.3,6,base.blocks.5,0.959951
50,2,9,vit_tiny,cifar10,0.3,7,base.blocks.6,0.947201
50,2,9,vit_tiny,cifar10,0.3,8,base.blocks.7,0.931815
50,2,9,vit_tiny,cifar10,0.3,9,base.blocks.8,0.901862
50,2,9,vit_tiny,cifar10,0.3,10,base.blocks.9,0.894032
50,2,9,vit_tiny,cifar10,0.3,11,base.blocks.10,0.886023
50,2,9,vit_tiny,cifar10,0.3,12,base.blocks.11,0.878042
50,2,9,vit_tiny,cifar10,0.3,13,base.norm,0.866415
50,2,9,vit_tiny,cifar10,0.3,14,classifier,0.835417
50,3,4,vit_tiny,cifar10,0.3,0,base.patch_embed,0.994306
50,3,4,vit_tiny,cifar10,0.3,1,base.blocks.0,0.967129
50,3,4,vit_tiny,cifar10,0.3,2,base.blocks.1,0.967603
50,3,4,vit_tiny,cifar10,0.3,3,base.blocks.2,0.963615
50,3,4,vit_tiny,cifar10,0.3,4,base.blocks.3,0.949423
50,3,4,vit_tiny,cifar10,0.3,5,base.blocks.4,0.933886
50,3,4,vit_tiny,cifar10,0.3,6,base.blocks.5,0.920530
50,3,4,vit_tiny,cifar10,0.3,7,base.blocks.6,0.911335
50,3,4,vit_tiny,cifar10,0.3,8,base.blocks.7,0.901314
50,3,4,vit_tiny,cifar10,0.3,9,base.blocks.8,0.883346
50,3,4,vit_tiny,cifar10,0.3,10,base.blocks.9,0.873422
50,3,4,vit_tiny,cifar10,0.3,11,base.blocks.10,0.861408
50,3,4,vit_tiny,cifar10,0.3,12,base.blocks.11,0.851321
50,3,4,vit_tiny,cifar10,0.3,13,base.norm,0.902978
50,3,4,vit_tiny,cifar10,0.3,14,classifier,0.838399
50,3,5,vit_tiny,cifar10,0.3,0,base.patch_embed,0.979473
50,3,5,vit_tiny,cifar10,0.3,1,base.blocks.0,0.980465
50,3,5,vit_tiny,cifar10,0.3,2,base.blocks.1,0.981466
50,3,5,vit_tiny,cifar10,0.3,3,base.blocks.2,0.984778
50,3,5,vit_tiny,cifar10,0.3,4,base.blocks.3,0.981201
50,3,5,vit_tiny,cifar10,0.3,5,base.blocks.4,0.975991
50,3,5,vit_tiny,cifar10,0.3,6,base.blocks.5,0.970096
50,3,5,vit_tiny,cifar10,0.3,7,base.blocks.6,0.964471
50,3,5,vit_tiny,cifar10,0.3,8,base.blocks.7,0.958269
50,3,5,vit_tiny,cifar10,0.3,9,base.blocks.8,0.952883
50,3,5,vit_tiny,cifar10,0.3,10,base.blocks.9,0.946940
50,3,5,vit_tiny,cifar10,0.3,11,base.blocks.10,0.940934
50,3,5,vit_tiny,cifar10,0.3,12,base.blocks.11,0.933235
50,3,5,vit_tiny,cifar10,0.3,13,base.norm,0.939219
50,3,5,vit_tiny,cifar10,0.3,14,classifier,0.822201
50,3,6,vit_tiny,cifar10,0.3,0,base.patch_embed,0.993084
50,3,6,vit_tiny,cifar10,0.3,1,base.blocks.0,0.985272
50,3,6,vit_tiny,cifar10,0.3,2,base.blocks.1,0.980399
50,3,6,vit_tiny,cifar10,0.3,3,base.blocks.2,0.972600
50,3,6,vit_tiny,cifar10,0.3,4,base.blocks.3,0.960947
50,3,6,vit_tiny,cifar10,0.3,5,base.blocks.4,0.949890
50,3,6,vit_tiny,cifar10,0.3,6,base.blocks.5,0.939743
50,3,6,vit_tiny,cifar10,0.3,7,base.blocks.6,0.926893
50,3,6,vit_tiny,cifar10,0.3,8,base.blocks.7,0.913547
50,3,6,vit_tiny,cifar10,0.3,9,base.blocks.8,0.897629
50,3,6,vit_tiny,cifar10,0.3,10,base.blocks.9,0.885463
50,3,6,vit_tiny,cifar10,0.3,11,base.blocks.10,0.872417
50,3,6,vit_tiny,cifar10,0.3,12,base.blocks.11,0.862317
50,3,6,vit_tiny,cifar10,0.3,13,base.norm,0.892839
50,3,6,vit_tiny,cifar10,0.3,14,classifier,0.784999
50,3,7,vit_tiny,cifar10,0.3,0,base.patch_embed,0.974980
50,3,7,vit_tiny,cifar10,0.3,1,base.blocks.0,0.965324
50,3,7,vit_tiny,cifar10,0.3,2,base.blocks.1,0.973028
50,3,7,vit_tiny,cifar10,0.3,3,base.blocks.2,0.981016
50,3,7,vit_tiny,cifar10,0.3,4,base.blocks.3,0.972491
50,3,7,vit_tiny,cifar10,0.3,5,base.blocks.4,0.967233
50,3,7,vit_tiny,cifar10,0.3,6,base.blocks.5,0.957696
50,3,7,vit_tiny,cifar10,0.3,7,base.blocks.6,0.948441
50,3,7,vit_tiny,cifar10,0.3,8,base.blocks.7,0.939756
50,3,7,vit_tiny,cifar10,0.3,9,base.blocks.8,0.923302
50,3,7,vit_tiny,cifar10,0.3,10,base.blocks.9,0.917643
50,3,7,vit_tiny,cifar10,0.3,11,base.blocks.10,0.909407
50,3,7,vit_tiny,cifar10,0.3,12,base.blocks.11,0.903358
50,3,7,vit_tiny,cifar10,0.3,13,base.norm,0.912131
50,3,7,vit_tiny,cifar10,0.3,14,classifier,0.733509
50,3,8,vit_tiny,cifar10,0.3,0,base.patch_embed,0.990089
50,3,8,vit_tiny,cifar10,0.3,1,base.blocks.0,0.965903
50,3,8,vit_tiny,cifar10,0.3,2,base.blocks.1,0.964735
50,3,8,vit_tiny,cifar10,0.3,3,base.blocks.2,0.970676
50,3,8,vit_tiny,cifar10,0.3,4,base.blocks.3,0.966649
50,3,8,vit_tiny,cifar10,0.3,5,base.blocks.4,0.964700
50,3,8,vit_tiny,cifar10,0.3,6,base.blocks.5,0.956060
50,3,8,vit_tiny,cifar10,0.3,7,base.blocks.6,0.948358
50,3,8,vit_tiny,cifar10,0.3,8,base.blocks.7,0.939395
50,3,8,vit_tiny,cifar10,0.3,9,base.blocks.8,0.926105
50,3,8,vit_tiny,cifar10,0.3,10,base.blocks.9,0.920808
50,3,8,vit_tiny,cifar10,0.3,11,base.blocks.10,0.910921
50,3,8,vit_tiny,cifar10,0.3,12,base.blocks.11,0.899345
50,3,8,vit_tiny,cifar10,0.3,13,base.norm,0.907185
50,3,8,vit_tiny,cifar10,0.3,14,classifier,0.796293
50,3,9,vit_tiny,cifar10,0.3,0,base.patch_embed,0.992997
50,3,9,vit_tiny,cifar10,0.3,1,base.blocks.0,0.981330
50,3,9,vit_tiny,cifar10,0.3,2,base.blocks.1,0.970971
50,3,9,vit_tiny,cifar10,0.3,3,base.blocks.2,0.975171
50,3,9,vit_tiny,cifar10,0.3,4,base.blocks.3,0.966889
50,3,9,vit_tiny,cifar10,0.3,5,base.blocks.4,0.955725
50,3,9,vit_tiny,cifar10,0.3,6,base.blocks.5,0.946338
50,3,9,vit_tiny,cifar10,0.3,7,base.blocks.6,0.933817
50,3,9,vit_tiny,cifar10,0.3,8,base.blocks.7,0.924596
50,3,9,vit_tiny,cifar10,0.3,9,base.blocks.8,0.911458
50,3,9,vit_tiny,cifar10,0.3,10,base.blocks.9,0.904361
50,3,9,vit_tiny,cifar10,0.3,11,base.blocks.10,0.889615
50,3,9,vit_tiny,cifar10,0.3,12,base.blocks.11,0.878788
50,3,9,vit_tiny,cifar10,0.3,13,base.norm,0.881582
50,3,9,vit_tiny,cifar10,0.3,14,classifier,0.802218
50,4,5,vit_tiny,cifar10,0.3,0,base.patch_embed,0.977752
50,4,5,vit_tiny,cifar10,0.3,1,base.blocks.0,0.949446
50,4,5,vit_tiny,cifar10,0.3,2,base.blocks.1,0.955968
50,4,5,vit_tiny,cifar10,0.3,3,base.blocks.2,0.955303
50,4,5,vit_tiny,cifar10,0.3,4,base.blocks.3,0.944530
50,4,5,vit_tiny,cifar10,0.3,5,base.blocks.4,0.933659
50,4,5,vit_tiny,cifar10,0.3,6,base.blocks.5,0.924852
50,4,5,vit_tiny,cifar10,0.3,7,base.blocks.6,0.916120
50,4,5,vit_tiny,cifar10,0.3,8,base.blocks.7,0.908055
50,4,5,vit_tiny,cifar10,0.3,9,base.blocks.8,0.904234
50,4,5,vit_tiny,cifar10,0.3,10,base.blocks.9,0.901875
50,4,5,vit_tiny,cifar10,0.3,11,base.blocks.10,0.897340
50,4,5,vit_tiny,cifar10,0.3,12,base.blocks.11,0.895254
50,4,5,vit_tiny,cifar10,0.3,13,base.norm,0.891717
50,4,5,vit_tiny,cifar10,0.3,14,classifier,0.815702
50,4,6,vit_tiny,cifar10,0.3,0,base.patch_embed,0.994450
50,4,6,vit_tiny,cifar10,0.3,1,base.blocks.0,0.977055
50,4,6,vit_tiny,cifar10,0.3,2,base.blocks.1,0.969279
50,4,6,vit_tiny,cifar10,0.3,3,base.blocks.2,0.955921
50,4,6,vit_tiny,cifar10,0.3,4,base.blocks.3,0.932935
50,4,6,vit_tiny,cifar10,0.3,5,base.blocks.4,0.909604
50,4,6,vit_tiny,cifar10,0.3,6,base.blocks.5,0.882605
50,4,6,vit_tiny,cifar10,0.3,7,base.blocks.6,0.853817
50,4,6,vit_tiny,cifar10,0.3,8,base.blocks.7,0.827967
50,4,6,vit_tiny,cifar10,0.3,9,base.blocks.8,0.783290
50,4,6,vit_tiny,cifar10,0.3,10,base.blocks.9,0.764068
50,4,6,vit_tiny,cifar10,0.3,11,base.blocks.10,0.738882
50,4,6,vit_tiny,cifar10,0.3,12,base.blocks.11,0.719001
50,4,6,vit_tiny,cifar10,0.3,13,base.norm,0.822590
50,4,6,vit_tiny,cifar10,0.3,14,classifier,0.798596
50,4,7,vit_tiny,cifar10,0.3,0,base.patch_embed,0.977639
50,4,7,vit_tiny,cifar10,0.3,1,base.blocks.0,0.982368
50,4,7,vit_tiny,cifar10,0.3,2,base.blocks.1,0.973440
50,4,7,vit_tiny,cifar10,0.3,3,base.blocks.2,0.968125
50,4,7,vit_tiny,cifar10,0.3,4,base.blocks.3,0.963913
50,4,7,vit_tiny,cifar10,0.3,5,base.blocks.4,0.953539
50,4,7,vit_tiny,cifar10,0.3,6,base.blocks.5,0.944835
50,4,7,vit_tiny,cifar10,0.3,7,base.blocks.6,0.940390
50,4,7,vit_tiny,cifar10,0.3,8,base.blocks.7,0.932433
50,4,7,vit_tiny,cifar10,0.3,9,base.blocks.8,0.929514
50,4,7,vit_tiny,cifar10,0.3,10,base.blocks.9,0.924338
50,4,7,vit_tiny,cifar10,0.3,11,base.blocks.10,0.922201
50,4,7,vit_tiny,cifar10,0.3,12,base.blocks.11,0.917678
50,4,7,vit_tiny,cifar10,0.3,13,base.norm,0.924119
50,4,7,vit_tiny,cifar10,0.3,14,classifier,0.866495
50,4,8,vit_tiny,cifar10,0.3,0,base.patch_embed,0.981856
50,4,8,vit_tiny,cifar10,0.3,1,base.blocks.0,0.970075
50,4,8,vit_tiny,cifar10,0.3,2,base.blocks.1,0.961187
50,4,8,vit_tiny,cifar10,0.3,3,base.blocks.2,0.953773
50,4,8,vit_tiny,cifar10,0.3,4,base.blocks.3,0.945230
50,4,8,vit_tiny,cifar10,0.3,5,base.blocks.4,0.938621
50,4,8,vit_tiny,cifar10,0.3,6,base.blocks.5,0.934336
50,4,8,vit_tiny,cifar10,0.3,7,base.blocks.6,0.927967
50,4,8,vit_tiny,cifar10,0.3,8,base.blocks.7,0.923967
50,4,8,vit_tiny,cifar10,0.3,9,base.blocks.8,0.917702
50,4,8,vit_tiny,cifar10,0.3,10,base.blocks.9,0.917107
50,4,8,vit_tiny,cifar10,0.3,11,base.blocks.10,0.917642
50,4,8,vit_tiny,cifar10,0.3,12,base.blocks.11,0.920542
50,4,8,vit_tiny,cifar10,0.3,13,base.norm,0.924023
50,4,8,vit_tiny,cifar10,0.3,14,classifier,0.842346
50,4,9,vit_tiny,cifar10,0.3,0,base.patch_embed,0.996175
50,4,9,vit_tiny,cifar10,0.3,1,base.blocks.0,0.976432
50,4,9,vit_tiny,cifar10,0.3,2,base.blocks.1,0.969022
50,4,9,vit_tiny,cifar10,0.3,3,base.blocks.2,0.962025
50,4,9,vit_tiny,cifar10,0.3,4,base.blocks.3,0.952108
50,4,9,vit_tiny,cifar10,0.3,5,base.blocks.4,0.933571
50,4,9,vit_tiny,cifar10,0.3,6,base.blocks.5,0.921222
50,4,9,vit_tiny,cifar10,0.3,7,base.blocks.6,0.908187
50,4,9,vit_tiny,cifar10,0.3,8,base.blocks.7,0.896419
50,4,9,vit_tiny,cifar10,0.3,9,base.blocks.8,0.883715
50,4,9,vit_tiny,cifar10,0.3,10,base.blocks.9,0.877753
50,4,9,vit_tiny,cifar10,0.3,11,base.blocks.10,0.871883
50,4,9,vit_tiny,cifar10,0.3,12,base.blocks.11,0.866739
50,4,9,vit_tiny,cifar10,0.3,13,base.norm,0.888179
50,4,9,vit_tiny,cifar10,0.3,14,classifier,0.850789
50,5,6,vit_tiny,cifar10,0.3,0,base.patch_embed,0.991856
50,5,6,vit_tiny,cifar10,0.3,1,base.blocks.0,0.975526
50,5,6,vit_tiny,cifar10,0.3,2,base.blocks.1,0.963249
50,5,6,vit_tiny,cifar10,0.3,3,base.blocks.2,0.958168
50,5,6,vit_tiny,cifar10,0.3,4,base.blocks.3,0.951713
50,5,6,vit_tiny,cifar10,0.3,5,base.blocks.4,0.940925
50,5,6,vit_tiny,cifar10,0.3,6,base.blocks.5,0.934771
50,5,6,vit_tiny,cifar10,0.3,7,base.blocks.6,0.924289
50,5,6,vit_tiny,cifar10,0.3,8,base.blocks.7,0.912657
50,5,6,vit_tiny,cifar10,0.3,9,base.blocks.8,0.893960
50,5,6,vit_tiny,cifar10,0.3,10,base.blocks.9,0.879875
50,5,6,vit_tiny,cifar10,0.3,11,base.blocks.10,0.856815
50,5,6,vit_tiny,cifar10,0.3,12,base.blocks.11,0.837350
50,5,6,vit_tiny,cifar10,0.3,13,base.norm,0.896522
50,5,6,vit_tiny,cifar10,0.3,14,classifier,0.798766
50,5,7,vit_tiny,cifar10,0.3,0,base.patch_embed,0.929388
50,5,7,vit_tiny,cifar10,0.3,1,base.blocks.0,0.934621
50,5,7,vit_tiny,cifar10,0.3,2,base.blocks.1,0.943439
50,5,7,vit_tiny,cifar10,0.3,3,base.blocks.2,0.955476
50,5,7,vit_tiny,cifar10,0.3,4,base.blocks.3,0.948043
50,5,7,vit_tiny,cifar10,0.3,5,base.blocks.4,0.941646
50,5,7,vit_tiny,cifar10,0.3,6,base.blocks.5,0.931295
50,5,7,vit_tiny,cifar10,0.3,7,base.blocks.6,0.921426
50,5,7,vit_tiny,cifar10,0.3,8,base.blocks.7,0.911043
50,5,7,vit_tiny,cifar10,0.3,9,base.blocks.8,0.894685
50,5,7,vit_tiny,cifar10,0.3,10,base.blocks.9,0.889585
50,5,7,vit_tiny,cifar10,0.3,11,base.blocks.10,0.888427
50,5,7,vit_tiny,cifar10,0.3,12,base.blocks.11,0.882809
50,5,7,vit_tiny,cifar10,0.3,13,base.norm,0.870307
50,5,7,vit_tiny,cifar10,0.3,14,classifier,0.711289
50,5,8,vit_tiny,cifar10,0.3,0,base.patch_embed,0.975520
50,5,8,vit_tiny,cifar10,0.3,1,base.blocks.0,0.951319
50,5,8,vit_tiny,cifar10,0.3,2,base.blocks.1,0.947398
50,5,8,vit_tiny,cifar10,0.3,3,base.blocks.2,0.953684
50,5,8,vit_tiny,cifar10,0.3,4,base.blocks.3,0.951412
50,5,8,vit_tiny,cifar10,0.3,5,base.blocks.4,0.951622
50,5,8,vit_tiny,cifar10,0.3,6,base.blocks.5,0.944963
50,5,8,vit_tiny,cifar10,0.3,7,base.blocks.6,0.936784
50,5,8,vit_tiny,cifar10,0.3,8,base.blocks.7,0.929951
50,5,8,vit_tiny,cifar10,0.3,9,base.blocks.8,0.919477
50,5,8,vit_tiny,cifar10,0.3,10,base.blocks.9,0.917933
50,5,8,vit_tiny,cifar10,0.3,11,base.blocks.10,0.914466
50,5,8,vit_tiny,cifar10,0.3,12,base.blocks.11,0.911148
50,5,8,vit_tiny,cifar10,0.3,13,base.norm,0.878838
50,5,8,vit_tiny,cifar10,0.3,14,classifier,0.704030
50,5,9,vit_tiny,cifar10,0.3,0,base.patch_embed,0.975315
50,5,9,vit_tiny,cifar10,0.3,1,base.blocks.0,0.970062
50,5,9,vit_tiny,cifar10,0.3,2,base.blocks.1,0.957872
50,5,9,vit_tiny,cifar10,0.3,3,base.blocks.2,0.957700
50,5,9,vit_tiny,cifar10,0.3,4,base.blocks.3,0.943762
50,5,9,vit_tiny,cifar10,0.3,5,base.blocks.4,0.925993
50,5,9,vit_tiny,cifar10,0.3,6,base.blocks.5,0.917145
50,5,9,vit_tiny,cifar10,0.3,7,base.blocks.6,0.903344
50,5,9,vit_tiny,cifar10,0.3,8,base.blocks.7,0.893129
50,5,9,vit_tiny,cifar10,0.3,9,base.blocks.8,0.881231
50,5,9,vit_tiny,cifar10,0.3,10,base.blocks.9,0.876876
50,5,9,vit_tiny,cifar10,0.3,11,base.blocks.10,0.872266
50,5,9,vit_tiny,cifar10,0.3,12,base.blocks.11,0.867167
50,5,9,vit_tiny,cifar10,0.3,13,base.norm,0.861894
50,5,9,vit_tiny,cifar10,0.3,14,classifier,0.729318
50,6,7,vit_tiny,cifar10,0.3,0,base.patch_embed,0.959990
50,6,7,vit_tiny,cifar10,0.3,1,base.blocks.0,0.965744
50,6,7,vit_tiny,cifar10,0.3,2,base.blocks.1,0.969976
50,6,7,vit_tiny,cifar10,0.3,3,base.blocks.2,0.961552
50,6,7,vit_tiny,cifar10,0.3,4,base.blocks.3,0.936691
50,6,7,vit_tiny,cifar10,0.3,5,base.blocks.4,0.921840
50,6,7,vit_tiny,cifar10,0.3,6,base.blocks.5,0.898378
50,6,7,vit_tiny,cifar10,0.3,7,base.blocks.6,0.871949
50,6,7,vit_tiny,cifar10,0.3,8,base.blocks.7,0.845787
50,6,7,vit_tiny,cifar10,0.3,9,base.blocks.8,0.801926
50,6,7,vit_tiny,cifar10,0.3,10,base.blocks.9,0.783427
50,6,7,vit_tiny,cifar10,0.3,11,base.blocks.10,0.764924
50,6,7,vit_tiny,cifar10,0.3,12,base.blocks.11,0.750288
50,6,7,vit_tiny,cifar10,0.3,13,base.norm,0.814291
50,6,7,vit_tiny,cifar10,0.3,14,classifier,0.733289
50,6,8,vit_tiny,cifar10,0.3,0,base.patch_embed,0.978625
50,6,8,vit_tiny,cifar10,0.3,1,base.blocks.0,0.961572
50,6,8,vit_tiny,cifar10,0.3,2,base.blocks.1,0.965321
50,6,8,vit_tiny,cifar10,0.3,3,base.blocks.2,0.958723
50,6,8,vit_tiny,cifar10,0.3,4,base.blocks.3,0.939168
50,6,8,vit_tiny,cifar10,0.3,5,base.blocks.4,0.930833
50,6,8,vit_tiny,cifar10,0.3,6,base.blocks.5,0.912479
50,6,8,vit_tiny,cifar10,0.3,7,base.blocks.6,0.894098
50,6,8,vit_tiny,cifar10,0.3,8,base.blocks.7,0.871704
50,6,8,vit_tiny,cifar10,0.3,9,base.blocks.8,0.843160
50,6,8,vit_tiny,cifar10,0.3,10,base.blocks.9,0.827691
50,6,8,vit_tiny,cifar10,0.3,11,base.blocks.10,0.802077
50,6,8,vit_tiny,cifar10,0.3,12,base.blocks.11,0.776759
50,6,8,vit_tiny,cifar10,0.3,13,base.norm,0.840913
50,6,8,vit_tiny,cifar10,0.3,14,classifier,0.776854
50,6,9,vit_tiny,cifar10,0.3,0,base.patch_embed,0.994845
50,6,9,vit_tiny,cifar10,0.3,1,base.blocks.0,0.986801
50,6,9,vit_tiny,cifar10,0.3,2,base.blocks.1,0.972230
50,6,9,vit_tiny,cifar10,0.3,3,base.blocks.2,0.966858
50,6,9,vit_tiny,cifar10,0.3,4,base.blocks.3,0.953696
50,6,9,vit_tiny,cifar10,0.3,5,base.blocks.4,0.942836
50,6,9,vit_tiny,cifar10,0.3,6,base.blocks.5,0.927026
50,6,9,vit_tiny,cifar10,0.3,7,base.blocks.6,0.903644
50,6,9,vit_tiny,cifar10,0.3,8,base.blocks.7,0.880382
50,6,9,vit_tiny,cifar10,0.3,9,base.blocks.8,0.833010
50,6,9,vit_tiny,cifar10,0.3,10,base.blocks.9,0.815949
50,6,9,vit_tiny,cifar10,0.3,11,base.blocks.10,0.794496
50,6,9,vit_tiny,cifar10,0.3,12,base.blocks.11,0.778837
50,6,9,vit_tiny,cifar10,0.3,13,base.norm,0.831940
50,6,9,vit_tiny,cifar10,0.3,14,classifier,0.832347
50,7,8,vit_tiny,cifar10,0.3,0,base.patch_embed,0.966399
50,7,8,vit_tiny,cifar10,0.3,1,base.blocks.0,0.985174
50,7,8,vit_tiny,cifar10,0.3,2,base.blocks.1,0.983209
50,7,8,vit_tiny,cifar10,0.3,3,base.blocks.2,0.983763
50,7,8,vit_tiny,cifar10,0.3,4,base.blocks.3,0.978031
50,7,8,vit_tiny,cifar10,0.3,5,base.blocks.4,0.973473
50,7,8,vit_tiny,cifar10,0.3,6,base.blocks.5,0.969146
50,7,8,vit_tiny,cifar10,0.3,7,base.blocks.6,0.963677
50,7,8,vit_tiny,cifar10,0.3,8,base.blocks.7,0.959111
50,7,8,vit_tiny,cifar10,0.3,9,base.blocks.8,0.949750
50,7,8,vit_tiny,cifar10,0.3,10,base.blocks.9,0.944241
50,7,8,vit_tiny,cifar10,0.3,11,base.blocks.10,0.943211
50,7,8,vit_tiny,cifar10,0.3,12,base.blocks.11,0.938818
50,7,8,vit_tiny,cifar10,0.3,13,base.norm,0.944982
50,7,8,vit_tiny,cifar10,0.3,14,classifier,0.808008
50,7,9,vit_tiny,cifar10,0.3,0,base.patch_embed,0.978919
50,7,9,vit_tiny,cifar10,0.3,1,base.blocks.0,0.983268
50,7,9,vit_tiny,cifar10,0.3,2,base.blocks.1,0.988724
50,7,9,vit_tiny,cifar10,0.3,3,base.blocks.2,0.990320
50,7,9,vit_tiny,cifar10,0.3,4,base.blocks.3,0.984393
50,7,9,vit_tiny,cifar10,0.3,5,base.blocks.4,0.978153
50,7,9,vit_tiny,cifar10,0.3,6,base.blocks.5,0.972979
50,7,9,vit_tiny,cifar10,0.3,7,base.blocks.6,0.967042
50,7,9,vit_tiny,cifar10,0.3,8,base.blocks.7,0.962644
50,7,9,vit_tiny,cifar10,0.3,9,base.blocks.8,0.956014
50,7,9,vit_tiny,cifar10,0.3,10,base.blocks.9,0.951967
50,7,9,vit_tiny,cifar10,0.3,11,base.blocks.10,0.947761
50,7,9,vit_tiny,cifar10,0.3,12,base.blocks.11,0.943169
50,7,9,vit_tiny,cifar10,0.3,13,base.norm,0.929713
50,7,9,vit_tiny,cifar10,0.3,14,classifier,0.809602
50,8,9,vit_tiny,cifar10,0.3,0,base.patch_embed,0.972915
50,8,9,vit_tiny,cifar10,0.3,1,base.blocks.0,0.984646
50,8,9,vit_tiny,cifar10,0.3,2,base.blocks.1,0.991554
50,8,9,vit_tiny,cifar10,0.3,3,base.blocks.2,0.987153
50,8,9,vit_tiny,cifar10,0.3,4,base.blocks.3,0.980029
50,8,9,vit_tiny,cifar10,0.3,5,base.blocks.4,0.967922
50,8,9,vit_tiny,cifar10,0.3,6,base.blocks.5,0.959270
50,8,9,vit_tiny,cifar10,0.3,7,base.blocks.6,0.948739
50,8,9,vit_tiny,cifar10,0.3,8,base.blocks.7,0.939770
50,8,9,vit_tiny,cifar10,0.3,9,base.blocks.8,0.920531
50,8,9,vit_tiny,cifar10,0.3,10,base.blocks.9,0.912725
50,8,9,vit_tiny,cifar10,0.3,11,base.blocks.10,0.906330
50,8,9,vit_tiny,cifar10,0.3,12,base.blocks.11,0.899510
50,8,9,vit_tiny,cifar10,0.3,13,base.norm,0.906800
50,8,9,vit_tiny,cifar10,0.3,14,classifier,0.855403
