round,client_i,client_j,model_name,dataset,alpha,layer_index,layer_name,cka_diagonal
1,0,1,res9,cifar10,0.3,0,base.2,0.965139
1,0,1,res9,cifar10,0.3,1,base.6,0.908550
1,0,1,res9,cifar10,0.3,2,base.7,0.781552
1,0,1,res9,cifar10,0.3,3,base.11,0.609724
1,0,1,res9,cifar10,0.3,4,base.15,0.516109
1,0,1,res9,cifar10,0.3,5,base.16,0.463844
1,0,1,res9,cifar10,0.3,6,base.17,0.463844
1,0,1,res9,cifar10,0.3,7,base.18,0.463844
1,0,1,res9,cifar10,0.3,8,classifier,0.451630
1,0,2,res9,cifar10,0.3,0,base.2,0.983938
1,0,2,res9,cifar10,0.3,1,base.6,0.956541
1,0,2,res9,cifar10,0.3,2,base.7,0.872946
1,0,2,res9,cifar10,0.3,3,base.11,0.706213
1,0,2,res9,cifar10,0.3,4,base.15,0.585696
1,0,2,res9,cifar10,0.3,5,base.16,0.627744
1,0,2,res9,cifar10,0.3,6,base.17,0.627744
1,0,2,res9,cifar10,0.3,7,base.18,0.627744
1,0,2,res9,cifar10,0.3,8,classifier,0.674325
1,0,3,res9,cifar10,0.3,0,base.2,0.989023
1,0,3,res9,cifar10,0.3,1,base.6,0.967641
1,0,3,res9,cifar10,0.3,2,base.7,0.858237
1,0,3,res9,cifar10,0.3,3,base.11,0.665135
1,0,3,res9,cifar10,0.3,4,base.15,0.448879
1,0,3,res9,cifar10,0.3,5,base.16,0.351228
1,0,3,res9,cifar10,0.3,6,base.17,0.351228
1,0,3,res9,cifar10,0.3,7,base.18,0.351228
1,0,3,res9,cifar10,0.3,8,classifier,0.245208
1,0,4,res9,cifar10,0.3,0,base.2,0.994421
1,0,4,res9,cifar10,0.3,1,base.6,0.976363
1,0,4,res9,cifar10,0.3,2,base.7,0.862530
1,0,4,res9,cifar10,0.3,3,base.11,0.592214
1,0,4,res9,cifar10,0.3,4,base.15,0.350258
1,0,4,res9,cifar10,0.3,5,base.16,0.274433
1,0,4,res9,cifar10,0.3,6,base.17,0.274433
1,0,4,res9,cifar10,0.3,7,base.18,0.274433
1,0,4,res9,cifar10,0.3,8,classifier,0.199774
1,0,5,res9,cifar10,0.3,0,base.2,0.978766
1,0,5,res9,cifar10,0.3,1,base.6,0.933408
1,0,5,res9,cifar10,0.3,2,base.7,0.822257
1,0,5,res9,cifar10,0.3,3,base.11,0.583052
1,0,5,res9,cifar10,0.3,4,base.15,0.403207
1,0,5,res9,cifar10,0.3,5,base.16,0.363483
1,0,5,res9,cifar10,0.3,6,base.17,0.363483
1,0,5,res9,cifar10,0.3,7,base.18,0.363483
1,0,5,res9,cifar10,0.3,8,classifier,0.302650
1,0,6,res9,cifar10,0.3,0,base.2,0.968465
1,0,6,res9,cifar10,0.3,1,base.6,0.907917
1,0,6,res9,cifar10,0.3,2,base.7,0.828555
1,0,6,res9,cifar10,0.3,3,base.11,0.690710
1,0,6,res9,cifar10,0.3,4,base.15,0.463683
1,0,6,res9,cifar10,0.3,5,base.16,0.361159
1,0,6,res9,cifar10,0.3,6,base.17,0.361159
1,0,6,res9,cifar10,0.3,7,base.18,0.361159
1,0,6,res9,cifar10,0.3,8,classifier,0.251562
1,0,7,res9,cifar10,0.3,0,base.2,0.987684
1,0,7,res9,cifar10,0.3,1,base.6,0.955828
1,0,7,res9,cifar10,0.3,2,base.7,0.832997
1,0,7,res9,cifar10,0.3,3,base.11,0.604360
1,0,7,res9,cifar10,0.3,4,base.15,0.429077
1,0,7,res9,cifar10,0.3,5,base.16,0.351850
1,0,7,res9,cifar10,0.3,6,base.17,0.351850
1,0,7,res9,cifar10,0.3,7,base.18,0.351850
1,0,7,res9,cifar10,0.3,8,classifier,0.248676
1,0,8,res9,cifar10,0.3,0,base.2,0.974848
1,0,8,res9,cifar10,0.3,1,base.6,0.940546
1,0,8,res9,cifar10,0.3,2,base.7,0.901196
1,0,8,res9,cifar10,0.3,3,base.11,0.863032
1,0,8,res9,cifar10,0.3,4,base.15,0.823576
1,0,8,res9,cifar10,0.3,5,base.16,0.802068
1,0,8,res9,cifar10,0.3,6,base.17,0.802068
1,0,8,res9,cifar10,0.3,7,base.18,0.802068
1,0,8,res9,cifar10,0.3,8,classifier,0.761950
1,0,9,res9,cifar10,0.3,0,base.2,0.971973
1,0,9,res9,cifar10,0.3,1,base.6,0.945792
1,0,9,res9,cifar10,0.3,2,base.7,0.843094
1,0,9,res9,cifar10,0.3,3,base.11,0.708480
1,0,9,res9,cifar10,0.3,4,base.15,0.562264
1,0,9,res9,cifar10,0.3,5,base.16,0.497435
1,0,9,res9,cifar10,0.3,6,base.17,0.497435
1,0,9,res9,cifar10,0.3,7,base.18,0.497435
1,0,9,res9,cifar10,0.3,8,classifier,0.411055
1,1,2,res9,cifar10,0.3,0,base.2,0.967307
1,1,2,res9,cifar10,0.3,1,base.6,0.909990
1,1,2,res9,cifar10,0.3,2,base.7,0.807797
1,1,2,res9,cifar10,0.3,3,base.11,0.690826
1,1,2,res9,cifar10,0.3,4,base.15,0.685256
1,1,2,res9,cifar10,0.3,5,base.16,0.632241
1,1,2,res9,cifar10,0.3,6,base.17,0.632241
1,1,2,res9,cifar10,0.3,7,base.18,0.632241
1,1,2,res9,cifar10,0.3,8,classifier,0.552548
1,1,3,res9,cifar10,0.3,0,base.2,0.969004
1,1,3,res9,cifar10,0.3,1,base.6,0.950222
1,1,3,res9,cifar10,0.3,2,base.7,0.834631
1,1,3,res9,cifar10,0.3,3,base.11,0.746201
1,1,3,res9,cifar10,0.3,4,base.15,0.692992
1,1,3,res9,cifar10,0.3,5,base.16,0.658791
1,1,3,res9,cifar10,0.3,6,base.17,0.658791
1,1,3,res9,cifar10,0.3,7,base.18,0.658791
1,1,3,res9,cifar10,0.3,8,classifier,0.709171
1,1,4,res9,cifar10,0.3,0,base.2,0.965204
1,1,4,res9,cifar10,0.3,1,base.6,0.914996
1,1,4,res9,cifar10,0.3,2,base.7,0.777611
1,1,4,res9,cifar10,0.3,3,base.11,0.609746
1,1,4,res9,cifar10,0.3,4,base.15,0.610693
1,1,4,res9,cifar10,0.3,5,base.16,0.587014
1,1,4,res9,cifar10,0.3,6,base.17,0.587014
1,1,4,res9,cifar10,0.3,7,base.18,0.587014
1,1,4,res9,cifar10,0.3,8,classifier,0.565229
1,1,5,res9,cifar10,0.3,0,base.2,0.965452
1,1,5,res9,cifar10,0.3,1,base.6,0.915654
1,1,5,res9,cifar10,0.3,2,base.7,0.802084
1,1,5,res9,cifar10,0.3,3,base.11,0.693861
1,1,5,res9,cifar10,0.3,4,base.15,0.651698
1,1,5,res9,cifar10,0.3,5,base.16,0.636907
1,1,5,res9,cifar10,0.3,6,base.17,0.636907
1,1,5,res9,cifar10,0.3,7,base.18,0.636907
1,1,5,res9,cifar10,0.3,8,classifier,0.640067
1,1,6,res9,cifar10,0.3,0,base.2,0.916147
1,1,6,res9,cifar10,0.3,1,base.6,0.871706
1,1,6,res9,cifar10,0.3,2,base.7,0.783457
1,1,6,res9,cifar10,0.3,3,base.11,0.641201
1,1,6,res9,cifar10,0.3,4,base.15,0.473655
1,1,6,res9,cifar10,0.3,5,base.16,0.416387
1,1,6,res9,cifar10,0.3,6,base.17,0.416387
1,1,6,res9,cifar10,0.3,7,base.18,0.416387
1,1,6,res9,cifar10,0.3,8,classifier,0.481439
1,1,7,res9,cifar10,0.3,0,base.2,0.964813
1,1,7,res9,cifar10,0.3,1,base.6,0.913496
1,1,7,res9,cifar10,0.3,2,base.7,0.822918
1,1,7,res9,cifar10,0.3,3,base.11,0.646694
1,1,7,res9,cifar10,0.3,4,base.15,0.646904
1,1,7,res9,cifar10,0.3,5,base.16,0.487394
1,1,7,res9,cifar10,0.3,6,base.17,0.487394
1,1,7,res9,cifar10,0.3,7,base.18,0.487394
1,1,7,res9,cifar10,0.3,8,classifier,0.347620
1,1,8,res9,cifar10,0.3,0,base.2,0.990945
1,1,8,res9,cifar10,0.3,1,base.6,0.933331
1,1,8,res9,cifar10,0.3,2,base.7,0.856969
1,1,8,res9,cifar10,0.3,3,base.11,0.732654
1,1,8,res9,cifar10,0.3,4,base.15,0.640163
1,1,8,res9,cifar10,0.3,5,base.16,0.466191
1,1,8,res9,cifar10,0.3,6,base.17,0.466191
1,1,8,res9,cifar10,0.3,7,base.18,0.466191
1,1,8,res9,cifar10,0.3,8,classifier,0.399253
1,1,9,res9,cifar10,0.3,0,base.2,0.954342
1,1,9,res9,cifar10,0.3,1,base.6,0.932874
1,1,9,res9,cifar10,0.3,2,base.7,0.849299
1,1,9,res9,cifar10,0.3,3,base.11,0.758067
1,1,9,res9,cifar10,0.3,4,base.15,0.791548
1,1,9,res9,cifar10,0.3,5,base.16,0.786187
1,1,9,res9,cifar10,0.3,6,base.17,0.786187
1,1,9,res9,cifar10,0.3,7,base.18,0.786187
1,1,9,res9,cifar10,0.3,8,classifier,0.784697
1,2,3,res9,cifar10,0.3,0,base.2,0.987264
1,2,3,res9,cifar10,0.3,1,base.6,0.975677
1,2,3,res9,cifar10,0.3,2,base.7,0.939037
1,2,3,res9,cifar10,0.3,3,base.11,0.780899
1,2,3,res9,cifar10,0.3,4,base.15,0.567171
1,2,3,res9,cifar10,0.3,5,base.16,0.499125
1,2,3,res9,cifar10,0.3,6,base.17,0.499125
1,2,3,res9,cifar10,0.3,7,base.18,0.499125
1,2,3,res9,cifar10,0.3,8,classifier,0.508278
1,2,4,res9,cifar10,0.3,0,base.2,0.985947
1,2,4,res9,cifar10,0.3,1,base.6,0.975756
1,2,4,res9,cifar10,0.3,2,base.7,0.928726
1,2,4,res9,cifar10,0.3,3,base.11,0.766111
1,2,4,res9,cifar10,0.3,4,base.15,0.562659
1,2,4,res9,cifar10,0.3,5,base.16,0.500301
1,2,4,res9,cifar10,0.3,6,base.17,0.500301
1,2,4,res9,cifar10,0.3,7,base.18,0.500301
1,2,4,res9,cifar10,0.3,8,classifier,0.453395
1,2,5,res9,cifar10,0.3,0,base.2,0.961728
1,2,5,res9,cifar10,0.3,1,base.6,0.915931
1,2,5,res9,cifar10,0.3,2,base.7,0.855137
1,2,5,res9,cifar10,0.3,3,base.11,0.749283
1,2,5,res9,cifar10,0.3,4,base.15,0.645537
1,2,5,res9,cifar10,0.3,5,base.16,0.605851
1,2,5,res9,cifar10,0.3,6,base.17,0.605851
1,2,5,res9,cifar10,0.3,7,base.18,0.605851
1,2,5,res9,cifar10,0.3,8,classifier,0.557320
1,2,6,res9,cifar10,0.3,0,base.2,0.958435
1,2,6,res9,cifar10,0.3,1,base.6,0.861420
1,2,6,res9,cifar10,0.3,2,base.7,0.710664
1,2,6,res9,cifar10,0.3,3,base.11,0.552114
1,2,6,res9,cifar10,0.3,4,base.15,0.367892
1,2,6,res9,cifar10,0.3,5,base.16,0.347030
1,2,6,res9,cifar10,0.3,6,base.17,0.347030
1,2,6,res9,cifar10,0.3,7,base.18,0.347030
1,2,6,res9,cifar10,0.3,8,classifier,0.397066
1,2,7,res9,cifar10,0.3,0,base.2,0.988483
1,2,7,res9,cifar10,0.3,1,base.6,0.961560
1,2,7,res9,cifar10,0.3,2,base.7,0.925077
1,2,7,res9,cifar10,0.3,3,base.11,0.859301
1,2,7,res9,cifar10,0.3,4,base.15,0.795433
1,2,7,res9,cifar10,0.3,5,base.16,0.657024
1,2,7,res9,cifar10,0.3,6,base.17,0.657024
1,2,7,res9,cifar10,0.3,7,base.18,0.657024
1,2,7,res9,cifar10,0.3,8,classifier,0.514399
1,2,8,res9,cifar10,0.3,0,base.2,0.976321
1,2,8,res9,cifar10,0.3,1,base.6,0.948806
1,2,8,res9,cifar10,0.3,2,base.7,0.916094
1,2,8,res9,cifar10,0.3,3,base.11,0.795405
1,2,8,res9,cifar10,0.3,4,base.15,0.700319
1,2,8,res9,cifar10,0.3,5,base.16,0.636838
1,2,8,res9,cifar10,0.3,6,base.17,0.636838
1,2,8,res9,cifar10,0.3,7,base.18,0.636838
1,2,8,res9,cifar10,0.3,8,classifier,0.650801
1,2,9,res9,cifar10,0.3,0,base.2,0.990060
1,2,9,res9,cifar10,0.3,1,base.6,0.952838
1,2,9,res9,cifar10,0.3,2,base.7,0.900578
1,2,9,res9,cifar10,0.3,3,base.11,0.871119
1,2,9,res9,cifar10,0.3,4,base.15,0.825115
1,2,9,res9,cifar10,0.3,5,base.16,0.772506
1,2,9,res9,cifar10,0.3,6,base.17,0.772506
1,2,9,res9,cifar10,0.3,7,base.18,0.772506
1,2,9,res9,cifar10,0.3,8,classifier,0.660637
1,3,4,res9,cifar10,0.3,0,base.2,0.995169
1,3,4,res9,cifar10,0.3,1,base.6,0.986262
1,3,4,res9,cifar10,0.3,2,base.7,0.965729
1,3,4,res9,cifar10,0.3,3,base.11,0.899779
1,3,4,res9,cifar10,0.3,4,base.15,0.799640
1,3,4,res9,cifar10,0.3,5,base.16,0.734988
1,3,4,res9,cifar10,0.3,6,base.17,0.734988
1,3,4,res9,cifar10,0.3,7,base.18,0.734988
1,3,4,res9,cifar10,0.3,8,classifier,0.715191
1,3,5,res9,cifar10,0.3,0,base.2,0.980180
1,3,5,res9,cifar10,0.3,1,base.6,0.948193
1,3,5,res9,cifar10,0.3,2,base.7,0.896983
1,3,5,res9,cifar10,0.3,3,base.11,0.798548
1,3,5,res9,cifar10,0.3,4,base.15,0.690539
1,3,5,res9,cifar10,0.3,5,base.16,0.619508
1,3,5,res9,cifar10,0.3,6,base.17,0.619508
1,3,5,res9,cifar10,0.3,7,base.18,0.619508
1,3,5,res9,cifar10,0.3,8,classifier,0.665970
1,3,6,res9,cifar10,0.3,0,base.2,0.976680
1,3,6,res9,cifar10,0.3,1,base.6,0.881055
1,3,6,res9,cifar10,0.3,2,base.7,0.754378
1,3,6,res9,cifar10,0.3,3,base.11,0.661044
1,3,6,res9,cifar10,0.3,4,base.15,0.500835
1,3,6,res9,cifar10,0.3,5,base.16,0.380686
1,3,6,res9,cifar10,0.3,6,base.17,0.380686
1,3,6,res9,cifar10,0.3,7,base.18,0.380686
1,3,6,res9,cifar10,0.3,8,classifier,0.412438
1,3,7,res9,cifar10,0.3,0,base.2,0.997685
1,3,7,res9,cifar10,0.3,1,base.6,0.971117
1,3,7,res9,cifar10,0.3,2,base.7,0.913031
1,3,7,res9,cifar10,0.3,3,base.11,0.761689
1,3,7,res9,cifar10,0.3,4,base.15,0.606315
1,3,7,res9,cifar10,0.3,5,base.16,0.563696
1,3,7,res9,cifar10,0.3,6,base.17,0.563696
1,3,7,res9,cifar10,0.3,7,base.18,0.563696
1,3,7,res9,cifar10,0.3,8,classifier,0.544024
1,3,8,res9,cifar10,0.3,0,base.2,0.978162
1,3,8,res9,cifar10,0.3,1,base.6,0.974892
1,3,8,res9,cifar10,0.3,2,base.7,0.928656
1,3,8,res9,cifar10,0.3,3,base.11,0.783182
1,3,8,res9,cifar10,0.3,4,base.15,0.521422
1,3,8,res9,cifar10,0.3,5,base.16,0.300381
1,3,8,res9,cifar10,0.3,6,base.17,0.300381
1,3,8,res9,cifar10,0.3,7,base.18,0.300381
1,3,8,res9,cifar10,0.3,8,classifier,0.211320
1,3,9,res9,cifar10,0.3,0,base.2,0.985597
1,3,9,res9,cifar10,0.3,1,base.6,0.967882
1,3,9,res9,cifar10,0.3,2,base.7,0.862635
1,3,9,res9,cifar10,0.3,3,base.11,0.785862
1,3,9,res9,cifar10,0.3,4,base.15,0.733041
1,3,9,res9,cifar10,0.3,5,base.16,0.716095
1,3,9,res9,cifar10,0.3,6,base.17,0.716095
1,3,9,res9,cifar10,0.3,7,base.18,0.716095
1,3,9,res9,cifar10,0.3,8,classifier,0.787194
1,4,5,res9,cifar10,0.3,0,base.2,0.984287
1,4,5,res9,cifar10,0.3,1,base.6,0.959082
1,4,5,res9,cifar10,0.3,2,base.7,0.898341
1,4,5,res9,cifar10,0.3,3,base.11,0.829812
1,4,5,res9,cifar10,0.3,4,base.15,0.806380
1,4,5,res9,cifar10,0.3,5,base.16,0.788394
1,4,5,res9,cifar10,0.3,6,base.17,0.788394
1,4,5,res9,cifar10,0.3,7,base.18,0.788394
1,4,5,res9,cifar10,0.3,8,classifier,0.793372
1,4,6,res9,cifar10,0.3,0,base.2,0.971685
1,4,6,res9,cifar10,0.3,1,base.6,0.883275
1,4,6,res9,cifar10,0.3,2,base.7,0.779925
1,4,6,res9,cifar10,0.3,3,base.11,0.602567
1,4,6,res9,cifar10,0.3,4,base.15,0.480917
1,4,6,res9,cifar10,0.3,5,base.16,0.409841
1,4,6,res9,cifar10,0.3,6,base.17,0.409841
1,4,6,res9,cifar10,0.3,7,base.18,0.409841
1,4,6,res9,cifar10,0.3,8,classifier,0.504393
1,4,7,res9,cifar10,0.3,0,base.2,0.995904
1,4,7,res9,cifar10,0.3,1,base.6,0.964939
1,4,7,res9,cifar10,0.3,2,base.7,0.905865
1,4,7,res9,cifar10,0.3,3,base.11,0.765543
1,4,7,res9,cifar10,0.3,4,base.15,0.668247
1,4,7,res9,cifar10,0.3,5,base.16,0.633327
1,4,7,res9,cifar10,0.3,6,base.17,0.633327
1,4,7,res9,cifar10,0.3,7,base.18,0.633327
1,4,7,res9,cifar10,0.3,8,classifier,0.559063
1,4,8,res9,cifar10,0.3,0,base.2,0.978775
1,4,8,res9,cifar10,0.3,1,base.6,0.972382
1,4,8,res9,cifar10,0.3,2,base.7,0.898451
1,4,8,res9,cifar10,0.3,3,base.11,0.745369
1,4,8,res9,cifar10,0.3,4,base.15,0.526504
1,4,8,res9,cifar10,0.3,5,base.16,0.332997
1,4,8,res9,cifar10,0.3,6,base.17,0.332997
1,4,8,res9,cifar10,0.3,7,base.18,0.332997
1,4,8,res9,cifar10,0.3,8,classifier,0.287314
1,4,9,res9,cifar10,0.3,0,base.2,0.973802
1,4,9,res9,cifar10,0.3,1,base.6,0.952001
1,4,9,res9,cifar10,0.3,2,base.7,0.837399
1,4,9,res9,cifar10,0.3,3,base.11,0.730768
1,4,9,res9,cifar10,0.3,4,base.15,0.674597
1,4,9,res9,cifar10,0.3,5,base.16,0.647064
1,4,9,res9,cifar10,0.3,6,base.17,0.647064
1,4,9,res9,cifar10,0.3,7,base.18,0.647064
1,4,9,res9,cifar10,0.3,8,classifier,0.680637
1,5,6,res9,cifar10,0.3,0,base.2,0.945910
1,5,6,res9,cifar10,0.3,1,base.6,0.857652
1,5,6,res9,cifar10,0.3,2,base.7,0.720154
1,5,6,res9,cifar10,0.3,3,base.11,0.560229
1,5,6,res9,cifar10,0.3,4,base.15,0.455364
1,5,6,res9,cifar10,0.3,5,base.16,0.427506
1,5,6,res9,cifar10,0.3,6,base.17,0.427506
1,5,6,res9,cifar10,0.3,7,base.18,0.427506
1,5,6,res9,cifar10,0.3,8,classifier,0.571101
1,5,7,res9,cifar10,0.3,0,base.2,0.977444
1,5,7,res9,cifar10,0.3,1,base.6,0.915864
1,5,7,res9,cifar10,0.3,2,base.7,0.828581
1,5,7,res9,cifar10,0.3,3,base.11,0.706707
1,5,7,res9,cifar10,0.3,4,base.15,0.707360
1,5,7,res9,cifar10,0.3,5,base.16,0.648965
1,5,7,res9,cifar10,0.3,6,base.17,0.648965
1,5,7,res9,cifar10,0.3,7,base.18,0.648965
1,5,7,res9,cifar10,0.3,8,classifier,0.515188
1,5,8,res9,cifar10,0.3,0,base.2,0.982462
1,5,8,res9,cifar10,0.3,1,base.6,0.963728
1,5,8,res9,cifar10,0.3,2,base.7,0.864714
1,5,8,res9,cifar10,0.3,3,base.11,0.727829
1,5,8,res9,cifar10,0.3,4,base.15,0.556908
1,5,8,res9,cifar10,0.3,5,base.16,0.411121
1,5,8,res9,cifar10,0.3,6,base.17,0.411121
1,5,8,res9,cifar10,0.3,7,base.18,0.411121
1,5,8,res9,cifar10,0.3,8,classifier,0.401450
1,5,9,res9,cifar10,0.3,0,base.2,0.948639
1,5,9,res9,cifar10,0.3,1,base.6,0.896346
1,5,9,res9,cifar10,0.3,2,base.7,0.742573
1,5,9,res9,cifar10,0.3,3,base.11,0.644366
1,5,9,res9,cifar10,0.3,4,base.15,0.631922
1,5,9,res9,cifar10,0.3,5,base.16,0.620750
1,5,9,res9,cifar10,0.3,6,base.17,0.620750
1,5,9,res9,cifar10,0.3,7,base.18,0.620750
1,5,9,res9,cifar10,0.3,8,classifier,0.655982
1,6,7,res9,cifar10,0.3,0,base.2,0.973207
1,6,7,res9,cifar10,0.3,1,base.6,0.910075
1,6,7,res9,cifar10,0.3,2,base.7,0.747011
1,6,7,res9,cifar10,0.3,3,base.11,0.535924
1,6,7,res9,cifar10,0.3,4,base.15,0.407962
1,6,7,res9,cifar10,0.3,5,base.16,0.339852
1,6,7,res9,cifar10,0.3,6,base.17,0.339852
1,6,7,res9,cifar10,0.3,7,base.18,0.339852
1,6,7,res9,cifar10,0.3,8,classifier,0.364242
1,6,8,res9,cifar10,0.3,0,base.2,0.922919
1,6,8,res9,cifar10,0.3,1,base.6,0.822091
1,6,8,res9,cifar10,0.3,2,base.7,0.769691
1,6,8,res9,cifar10,0.3,3,base.11,0.649239
1,6,8,res9,cifar10,0.3,4,base.15,0.473744
1,6,8,res9,cifar10,0.3,5,base.16,0.367186
1,6,8,res9,cifar10,0.3,6,base.17,0.367186
1,6,8,res9,cifar10,0.3,7,base.18,0.367186
1,6,8,res9,cifar10,0.3,8,classifier,0.283278
1,6,9,res9,cifar10,0.3,0,base.2,0.961629
1,6,9,res9,cifar10,0.3,1,base.6,0.916732
1,6,9,res9,cifar10,0.3,2,base.7,0.772507
1,6,9,res9,cifar10,0.3,3,base.11,0.605593
1,6,9,res9,cifar10,0.3,4,base.15,0.471743
1,6,9,res9,cifar10,0.3,5,base.16,0.453930
1,6,9,res9,cifar10,0.3,6,base.17,0.453930
1,6,9,res9,cifar10,0.3,7,base.18,0.453930
1,6,9,res9,cifar10,0.3,8,classifier,0.567229
1,7,8,res9,cifar10,0.3,0,base.2,0.976581
1,7,8,res9,cifar10,0.3,1,base.6,0.920576
1,7,8,res9,cifar10,0.3,2,base.7,0.889249
1,7,8,res9,cifar10,0.3,3,base.11,0.713488
1,7,8,res9,cifar10,0.3,4,base.15,0.527323
1,7,8,res9,cifar10,0.3,5,base.16,0.344026
1,7,8,res9,cifar10,0.3,6,base.17,0.344026
1,7,8,res9,cifar10,0.3,7,base.18,0.344026
1,7,8,res9,cifar10,0.3,8,classifier,0.225448
1,7,9,res9,cifar10,0.3,0,base.2,0.983388
1,7,9,res9,cifar10,0.3,1,base.6,0.968549
1,7,9,res9,cifar10,0.3,2,base.7,0.921777
1,7,9,res9,cifar10,0.3,3,base.11,0.858635
1,7,9,res9,cifar10,0.3,4,base.15,0.783423
1,7,9,res9,cifar10,0.3,5,base.16,0.671012
1,7,9,res9,cifar10,0.3,6,base.17,0.671012
1,7,9,res9,cifar10,0.3,7,base.18,0.671012
1,7,9,res9,cifar10,0.3,8,classifier,0.575257
1,8,9,res9,cifar10,0.3,0,base.2,0.959748
1,8,9,res9,cifar10,0.3,1,base.6,0.924218
1,8,9,res9,cifar10,0.3,2,base.7,0.892982
1,8,9,res9,cifar10,0.3,3,base.11,0.791112
1,8,9,res9,cifar10,0.3,4,base.15,0.655782
1,8,9,res9,cifar10,0.3,5,base.16,0.498209
1,8,9,res9,cifar10,0.3,6,base.17,0.498209
1,8,9,res9,cifar10,0.3,7,base.18,0.498209
1,8,9,res9,cifar10,0.3,8,classifier,0.396544
2,0,1,res9,cifar10,0.3,0,base.2,0.971612
2,0,1,res9,cifar10,0.3,1,base.6,0.852001
2,0,1,res9,cifar10,0.3,2,base.7,0.752208
2,0,1,res9,cifar10,0.3,3,base.11,0.739820
2,0,1,res9,cifar10,0.3,4,base.15,0.690370
2,0,1,res9,cifar10,0.3,5,base.16,0.572553
2,0,1,res9,cifar10,0.3,6,base.17,0.572553
2,0,1,res9,cifar10,0.3,7,base.18,0.572553
2,0,1,res9,cifar10,0.3,8,classifier,0.420087
2,0,2,res9,cifar10,0.3,0,base.2,0.984706
2,0,2,res9,cifar10,0.3,1,base.6,0.917551
2,0,2,res9,cifar10,0.3,2,base.7,0.851175
2,0,2,res9,cifar10,0.3,3,base.11,0.719327
2,0,2,res9,cifar10,0.3,4,base.15,0.682907
2,0,2,res9,cifar10,0.3,5,base.16,0.692209
2,0,2,res9,cifar10,0.3,6,base.17,0.692209
2,0,2,res9,cifar10,0.3,7,base.18,0.692209
2,0,2,res9,cifar10,0.3,8,classifier,0.685095
2,0,3,res9,cifar10,0.3,0,base.2,0.985664
2,0,3,res9,cifar10,0.3,1,base.6,0.948361
2,0,3,res9,cifar10,0.3,2,base.7,0.906393
2,0,3,res9,cifar10,0.3,3,base.11,0.852757
2,0,3,res9,cifar10,0.3,4,base.15,0.750853
2,0,3,res9,cifar10,0.3,5,base.16,0.610964
2,0,3,res9,cifar10,0.3,6,base.17,0.610964
2,0,3,res9,cifar10,0.3,7,base.18,0.610964
2,0,3,res9,cifar10,0.3,8,classifier,0.393274
2,0,4,res9,cifar10,0.3,0,base.2,0.982550
2,0,4,res9,cifar10,0.3,1,base.6,0.929572
2,0,4,res9,cifar10,0.3,2,base.7,0.873244
2,0,4,res9,cifar10,0.3,3,base.11,0.691439
2,0,4,res9,cifar10,0.3,4,base.15,0.578283
2,0,4,res9,cifar10,0.3,5,base.16,0.599032
2,0,4,res9,cifar10,0.3,6,base.17,0.599032
2,0,4,res9,cifar10,0.3,7,base.18,0.599032
2,0,4,res9,cifar10,0.3,8,classifier,0.392476
2,0,5,res9,cifar10,0.3,0,base.2,0.940586
2,0,5,res9,cifar10,0.3,1,base.6,0.863224
2,0,5,res9,cifar10,0.3,2,base.7,0.800963
2,0,5,res9,cifar10,0.3,3,base.11,0.693936
2,0,5,res9,cifar10,0.3,4,base.15,0.625023
2,0,5,res9,cifar10,0.3,5,base.16,0.547139
2,0,5,res9,cifar10,0.3,6,base.17,0.547139
2,0,5,res9,cifar10,0.3,7,base.18,0.547139
2,0,5,res9,cifar10,0.3,8,classifier,0.309427
2,0,6,res9,cifar10,0.3,0,base.2,0.986174
2,0,6,res9,cifar10,0.3,1,base.6,0.940395
2,0,6,res9,cifar10,0.3,2,base.7,0.865189
2,0,6,res9,cifar10,0.3,3,base.11,0.771379
2,0,6,res9,cifar10,0.3,4,base.15,0.649750
2,0,6,res9,cifar10,0.3,5,base.16,0.555571
2,0,6,res9,cifar10,0.3,6,base.17,0.555571
2,0,6,res9,cifar10,0.3,7,base.18,0.555571
2,0,6,res9,cifar10,0.3,8,classifier,0.330417
2,0,7,res9,cifar10,0.3,0,base.2,0.988277
2,0,7,res9,cifar10,0.3,1,base.6,0.944588
2,0,7,res9,cifar10,0.3,2,base.7,0.863837
2,0,7,res9,cifar10,0.3,3,base.11,0.768671
2,0,7,res9,cifar10,0.3,4,base.15,0.668860
2,0,7,res9,cifar10,0.3,5,base.16,0.466901
2,0,7,res9,cifar10,0.3,6,base.17,0.466901
2,0,7,res9,cifar10,0.3,7,base.18,0.466901
2,0,7,res9,cifar10,0.3,8,classifier,0.247600
2,0,8,res9,cifar10,0.3,0,base.2,0.978076
2,0,8,res9,cifar10,0.3,1,base.6,0.950657
2,0,8,res9,cifar10,0.3,2,base.7,0.863622
2,0,8,res9,cifar10,0.3,3,base.11,0.772665
2,0,8,res9,cifar10,0.3,4,base.15,0.729913
2,0,8,res9,cifar10,0.3,5,base.16,0.759890
2,0,8,res9,cifar10,0.3,6,base.17,0.759890
2,0,8,res9,cifar10,0.3,7,base.18,0.759890
2,0,8,res9,cifar10,0.3,8,classifier,0.723633
2,0,9,res9,cifar10,0.3,0,base.2,0.960238
2,0,9,res9,cifar10,0.3,1,base.6,0.869988
2,0,9,res9,cifar10,0.3,2,base.7,0.768301
2,0,9,res9,cifar10,0.3,3,base.11,0.708501
2,0,9,res9,cifar10,0.3,4,base.15,0.653011
2,0,9,res9,cifar10,0.3,5,base.16,0.507849
2,0,9,res9,cifar10,0.3,6,base.17,0.507849
2,0,9,res9,cifar10,0.3,7,base.18,0.507849
2,0,9,res9,cifar10,0.3,8,classifier,0.402043
2,1,2,res9,cifar10,0.3,0,base.2,0.987402
2,1,2,res9,cifar10,0.3,1,base.6,0.908585
2,1,2,res9,cifar10,0.3,2,base.7,0.727087
2,1,2,res9,cifar10,0.3,3,base.11,0.702119
2,1,2,res9,cifar10,0.3,4,base.15,0.712848
2,1,2,res9,cifar10,0.3,5,base.16,0.651966
2,1,2,res9,cifar10,0.3,6,base.17,0.651966
2,1,2,res9,cifar10,0.3,7,base.18,0.651966
2,1,2,res9,cifar10,0.3,8,classifier,0.583885
2,1,3,res9,cifar10,0.3,0,base.2,0.980219
2,1,3,res9,cifar10,0.3,1,base.6,0.933875
2,1,3,res9,cifar10,0.3,2,base.7,0.868341
2,1,3,res9,cifar10,0.3,3,base.11,0.823320
2,1,3,res9,cifar10,0.3,4,base.15,0.713747
2,1,3,res9,cifar10,0.3,5,base.16,0.633703
2,1,3,res9,cifar10,0.3,6,base.17,0.633703
2,1,3,res9,cifar10,0.3,7,base.18,0.633703
2,1,3,res9,cifar10,0.3,8,classifier,0.626243
2,1,4,res9,cifar10,0.3,0,base.2,0.988644
2,1,4,res9,cifar10,0.3,1,base.6,0.923379
2,1,4,res9,cifar10,0.3,2,base.7,0.729978
2,1,4,res9,cifar10,0.3,3,base.11,0.646769
2,1,4,res9,cifar10,0.3,4,base.15,0.629302
2,1,4,res9,cifar10,0.3,5,base.16,0.647045
2,1,4,res9,cifar10,0.3,6,base.17,0.647045
2,1,4,res9,cifar10,0.3,7,base.18,0.647045
2,1,4,res9,cifar10,0.3,8,classifier,0.691103
2,1,5,res9,cifar10,0.3,0,base.2,0.982920
2,1,5,res9,cifar10,0.3,1,base.6,0.959442
2,1,5,res9,cifar10,0.3,2,base.7,0.847284
2,1,5,res9,cifar10,0.3,3,base.11,0.817331
2,1,5,res9,cifar10,0.3,4,base.15,0.828251
2,1,5,res9,cifar10,0.3,5,base.16,0.829341
2,1,5,res9,cifar10,0.3,6,base.17,0.829341
2,1,5,res9,cifar10,0.3,7,base.18,0.829341
2,1,5,res9,cifar10,0.3,8,classifier,0.782459
2,1,6,res9,cifar10,0.3,0,base.2,0.984304
2,1,6,res9,cifar10,0.3,1,base.6,0.938873
2,1,6,res9,cifar10,0.3,2,base.7,0.862811
2,1,6,res9,cifar10,0.3,3,base.11,0.818495
2,1,6,res9,cifar10,0.3,4,base.15,0.768505
2,1,6,res9,cifar10,0.3,5,base.16,0.748758
2,1,6,res9,cifar10,0.3,6,base.17,0.748758
2,1,6,res9,cifar10,0.3,7,base.18,0.748758
2,1,6,res9,cifar10,0.3,8,classifier,0.820742
2,1,7,res9,cifar10,0.3,0,base.2,0.981428
2,1,7,res9,cifar10,0.3,1,base.6,0.909700
2,1,7,res9,cifar10,0.3,2,base.7,0.770908
2,1,7,res9,cifar10,0.3,3,base.11,0.700083
2,1,7,res9,cifar10,0.3,4,base.15,0.648758
2,1,7,res9,cifar10,0.3,5,base.16,0.508108
2,1,7,res9,cifar10,0.3,6,base.17,0.508108
2,1,7,res9,cifar10,0.3,7,base.18,0.508108
2,1,7,res9,cifar10,0.3,8,classifier,0.468190
2,1,8,res9,cifar10,0.3,0,base.2,0.979265
2,1,8,res9,cifar10,0.3,1,base.6,0.835038
2,1,8,res9,cifar10,0.3,2,base.7,0.621294
2,1,8,res9,cifar10,0.3,3,base.11,0.635128
2,1,8,res9,cifar10,0.3,4,base.15,0.647384
2,1,8,res9,cifar10,0.3,5,base.16,0.638285
2,1,8,res9,cifar10,0.3,6,base.17,0.638285
2,1,8,res9,cifar10,0.3,7,base.18,0.638285
2,1,8,res9,cifar10,0.3,8,classifier,0.622033
2,1,9,res9,cifar10,0.3,0,base.2,0.983984
2,1,9,res9,cifar10,0.3,1,base.6,0.930574
2,1,9,res9,cifar10,0.3,2,base.7,0.896962
2,1,9,res9,cifar10,0.3,3,base.11,0.895947
2,1,9,res9,cifar10,0.3,4,base.15,0.810214
2,1,9,res9,cifar10,0.3,5,base.16,0.732736
2,1,9,res9,cifar10,0.3,6,base.17,0.732736
2,1,9,res9,cifar10,0.3,7,base.18,0.732736
2,1,9,res9,cifar10,0.3,8,classifier,0.748272
2,2,3,res9,cifar10,0.3,0,base.2,0.989027
2,2,3,res9,cifar10,0.3,1,base.6,0.933767
2,2,3,res9,cifar10,0.3,2,base.7,0.821898
2,2,3,res9,cifar10,0.3,3,base.11,0.717964
2,2,3,res9,cifar10,0.3,4,base.15,0.626862
2,2,3,res9,cifar10,0.3,5,base.16,0.600773
2,2,3,res9,cifar10,0.3,6,base.17,0.600773
2,2,3,res9,cifar10,0.3,7,base.18,0.600773
2,2,3,res9,cifar10,0.3,8,classifier,0.541492
2,2,4,res9,cifar10,0.3,0,base.2,0.997025
2,2,4,res9,cifar10,0.3,1,base.6,0.976542
2,2,4,res9,cifar10,0.3,2,base.7,0.900427
2,2,4,res9,cifar10,0.3,3,base.11,0.815118
2,2,4,res9,cifar10,0.3,4,base.15,0.678847
2,2,4,res9,cifar10,0.3,5,base.16,0.677465
2,2,4,res9,cifar10,0.3,6,base.17,0.677465
2,2,4,res9,cifar10,0.3,7,base.18,0.677465
2,2,4,res9,cifar10,0.3,8,classifier,0.645216
2,2,5,res9,cifar10,0.3,0,base.2,0.972298
2,2,5,res9,cifar10,0.3,1,base.6,0.948487
2,2,5,res9,cifar10,0.3,2,base.7,0.901214
2,2,5,res9,cifar10,0.3,3,base.11,0.851053
2,2,5,res9,cifar10,0.3,4,base.15,0.741290
2,2,5,res9,cifar10,0.3,5,base.16,0.672633
2,2,5,res9,cifar10,0.3,6,base.17,0.672633
2,2,5,res9,cifar10,0.3,7,base.18,0.672633
2,2,5,res9,cifar10,0.3,8,classifier,0.526587
2,2,6,res9,cifar10,0.3,0,base.2,0.979326
2,2,6,res9,cifar10,0.3,1,base.6,0.942168
2,2,6,res9,cifar10,0.3,2,base.7,0.851801
2,2,6,res9,cifar10,0.3,3,base.11,0.748002
2,2,6,res9,cifar10,0.3,4,base.15,0.671928
2,2,6,res9,cifar10,0.3,5,base.16,0.621961
2,2,6,res9,cifar10,0.3,6,base.17,0.621961
2,2,6,res9,cifar10,0.3,7,base.18,0.621961
2,2,6,res9,cifar10,0.3,8,classifier,0.531249
2,2,7,res9,cifar10,0.3,0,base.2,0.992545
2,2,7,res9,cifar10,0.3,1,base.6,0.955459
2,2,7,res9,cifar10,0.3,2,base.7,0.883953
2,2,7,res9,cifar10,0.3,3,base.11,0.826963
2,2,7,res9,cifar10,0.3,4,base.15,0.708279
2,2,7,res9,cifar10,0.3,5,base.16,0.513670
2,2,7,res9,cifar10,0.3,6,base.17,0.513670
2,2,7,res9,cifar10,0.3,7,base.18,0.513670
2,2,7,res9,cifar10,0.3,8,classifier,0.394863
2,2,8,res9,cifar10,0.3,0,base.2,0.990639
2,2,8,res9,cifar10,0.3,1,base.6,0.936895
2,2,8,res9,cifar10,0.3,2,base.7,0.868297
2,2,8,res9,cifar10,0.3,3,base.11,0.830546
2,2,8,res9,cifar10,0.3,4,base.15,0.790051
2,2,8,res9,cifar10,0.3,5,base.16,0.790875
2,2,8,res9,cifar10,0.3,6,base.17,0.790875
2,2,8,res9,cifar10,0.3,7,base.18,0.790875
2,2,8,res9,cifar10,0.3,8,classifier,0.780454
2,2,9,res9,cifar10,0.3,0,base.2,0.971896
2,2,9,res9,cifar10,0.3,1,base.6,0.887391
2,2,9,res9,cifar10,0.3,2,base.7,0.741753
2,2,9,res9,cifar10,0.3,3,base.11,0.646178
2,2,9,res9,cifar10,0.3,4,base.15,0.629628
2,2,9,res9,cifar10,0.3,5,base.16,0.592144
2,2,9,res9,cifar10,0.3,6,base.17,0.592144
2,2,9,res9,cifar10,0.3,7,base.18,0.592144
2,2,9,res9,cifar10,0.3,8,classifier,0.641511
2,3,4,res9,cifar10,0.3,0,base.2,0.992225
2,3,4,res9,cifar10,0.3,1,base.6,0.960066
2,3,4,res9,cifar10,0.3,2,base.7,0.890725
2,3,4,res9,cifar10,0.3,3,base.11,0.794166
2,3,4,res9,cifar10,0.3,4,base.15,0.821800
2,3,4,res9,cifar10,0.3,5,base.16,0.902466
2,3,4,res9,cifar10,0.3,6,base.17,0.902466
2,3,4,res9,cifar10,0.3,7,base.18,0.902466
2,3,4,res9,cifar10,0.3,8,classifier,0.911511
2,3,5,res9,cifar10,0.3,0,base.2,0.960971
2,3,5,res9,cifar10,0.3,1,base.6,0.913443
2,3,5,res9,cifar10,0.3,2,base.7,0.841530
2,3,5,res9,cifar10,0.3,3,base.11,0.773139
2,3,5,res9,cifar10,0.3,4,base.15,0.771776
2,3,5,res9,cifar10,0.3,5,base.16,0.775219
2,3,5,res9,cifar10,0.3,6,base.17,0.775219
2,3,5,res9,cifar10,0.3,7,base.18,0.775219
2,3,5,res9,cifar10,0.3,8,classifier,0.805057
2,3,6,res9,cifar10,0.3,0,base.2,0.980112
2,3,6,res9,cifar10,0.3,1,base.6,0.963544
2,3,6,res9,cifar10,0.3,2,base.7,0.941778
2,3,6,res9,cifar10,0.3,3,base.11,0.924677
2,3,6,res9,cifar10,0.3,4,base.15,0.839314
2,3,6,res9,cifar10,0.3,5,base.16,0.844294
2,3,6,res9,cifar10,0.3,6,base.17,0.844294
2,3,6,res9,cifar10,0.3,7,base.18,0.844294
2,3,6,res9,cifar10,0.3,8,classifier,0.794960
2,3,7,res9,cifar10,0.3,0,base.2,0.992350
2,3,7,res9,cifar10,0.3,1,base.6,0.968898
2,3,7,res9,cifar10,0.3,2,base.7,0.883904
2,3,7,res9,cifar10,0.3,3,base.11,0.751364
2,3,7,res9,cifar10,0.3,4,base.15,0.696339
2,3,7,res9,cifar10,0.3,5,base.16,0.719763
2,3,7,res9,cifar10,0.3,6,base.17,0.719763
2,3,7,res9,cifar10,0.3,7,base.18,0.719763
2,3,7,res9,cifar10,0.3,8,classifier,0.728359
2,3,8,res9,cifar10,0.3,0,base.2,0.985552
2,3,8,res9,cifar10,0.3,1,base.6,0.925126
2,3,8,res9,cifar10,0.3,2,base.7,0.794203
2,3,8,res9,cifar10,0.3,3,base.11,0.704337
2,3,8,res9,cifar10,0.3,4,base.15,0.591806
2,3,8,res9,cifar10,0.3,5,base.16,0.519726
2,3,8,res9,cifar10,0.3,6,base.17,0.519726
2,3,8,res9,cifar10,0.3,7,base.18,0.519726
2,3,8,res9,cifar10,0.3,8,classifier,0.410688
2,3,9,res9,cifar10,0.3,0,base.2,0.983614
2,3,9,res9,cifar10,0.3,1,base.6,0.947752
2,3,9,res9,cifar10,0.3,2,base.7,0.871329
2,3,9,res9,cifar10,0.3,3,base.11,0.816823
2,3,9,res9,cifar10,0.3,4,base.15,0.741974
2,3,9,res9,cifar10,0.3,5,base.16,0.625390
2,3,9,res9,cifar10,0.3,6,base.17,0.625390
2,3,9,res9,cifar10,0.3,7,base.18,0.625390
2,3,9,res9,cifar10,0.3,8,classifier,0.645274
2,4,5,res9,cifar10,0.3,0,base.2,0.977623
2,4,5,res9,cifar10,0.3,1,base.6,0.949467
2,4,5,res9,cifar10,0.3,2,base.7,0.883115
2,4,5,res9,cifar10,0.3,3,base.11,0.838825
2,4,5,res9,cifar10,0.3,4,base.15,0.827914
2,4,5,res9,cifar10,0.3,5,base.16,0.820511
2,4,5,res9,cifar10,0.3,6,base.17,0.820511
2,4,5,res9,cifar10,0.3,7,base.18,0.820511
2,4,5,res9,cifar10,0.3,8,classifier,0.839230
2,4,6,res9,cifar10,0.3,0,base.2,0.979257
2,4,6,res9,cifar10,0.3,1,base.6,0.954910
2,4,6,res9,cifar10,0.3,2,base.7,0.892869
2,4,6,res9,cifar10,0.3,3,base.11,0.800694
2,4,6,res9,cifar10,0.3,4,base.15,0.839246
2,4,6,res9,cifar10,0.3,5,base.16,0.841746
2,4,6,res9,cifar10,0.3,6,base.17,0.841746
2,4,6,res9,cifar10,0.3,7,base.18,0.841746
2,4,6,res9,cifar10,0.3,8,classifier,0.842607
2,4,7,res9,cifar10,0.3,0,base.2,0.995029
2,4,7,res9,cifar10,0.3,1,base.6,0.978640
2,4,7,res9,cifar10,0.3,2,base.7,0.919501
2,4,7,res9,cifar10,0.3,3,base.11,0.771971
2,4,7,res9,cifar10,0.3,4,base.15,0.701971
2,4,7,res9,cifar10,0.3,5,base.16,0.712961
2,4,7,res9,cifar10,0.3,6,base.17,0.712961
2,4,7,res9,cifar10,0.3,7,base.18,0.712961
2,4,7,res9,cifar10,0.3,8,classifier,0.734969
2,4,8,res9,cifar10,0.3,0,base.2,0.993117
2,4,8,res9,cifar10,0.3,1,base.6,0.950136
2,4,8,res9,cifar10,0.3,2,base.7,0.903227
2,4,8,res9,cifar10,0.3,3,base.11,0.799602
2,4,8,res9,cifar10,0.3,4,base.15,0.687774
2,4,8,res9,cifar10,0.3,5,base.16,0.606302
2,4,8,res9,cifar10,0.3,6,base.17,0.606302
2,4,8,res9,cifar10,0.3,7,base.18,0.606302
2,4,8,res9,cifar10,0.3,8,classifier,0.522007
2,4,9,res9,cifar10,0.3,0,base.2,0.976156
2,4,9,res9,cifar10,0.3,1,base.6,0.892517
2,4,9,res9,cifar10,0.3,2,base.7,0.729378
2,4,9,res9,cifar10,0.3,3,base.11,0.588829
2,4,9,res9,cifar10,0.3,4,base.15,0.548480
2,4,9,res9,cifar10,0.3,5,base.16,0.544587
2,4,9,res9,cifar10,0.3,6,base.17,0.544587
2,4,9,res9,cifar10,0.3,7,base.18,0.544587
2,4,9,res9,cifar10,0.3,8,classifier,0.710321
2,5,6,res9,cifar10,0.3,0,base.2,0.956416
2,5,6,res9,cifar10,0.3,1,base.6,0.920844
2,5,6,res9,cifar10,0.3,2,base.7,0.892679
2,5,6,res9,cifar10,0.3,3,base.11,0.853069
2,5,6,res9,cifar10,0.3,4,base.15,0.889862
2,5,6,res9,cifar10,0.3,5,base.16,0.881978
2,5,6,res9,cifar10,0.3,6,base.17,0.881978
2,5,6,res9,cifar10,0.3,7,base.18,0.881978
2,5,6,res9,cifar10,0.3,8,classifier,0.883604
2,5,7,res9,cifar10,0.3,0,base.2,0.964444
2,5,7,res9,cifar10,0.3,1,base.6,0.921545
2,5,7,res9,cifar10,0.3,2,base.7,0.856689
2,5,7,res9,cifar10,0.3,3,base.11,0.766824
2,5,7,res9,cifar10,0.3,4,base.15,0.669478
2,5,7,res9,cifar10,0.3,5,base.16,0.577041
2,5,7,res9,cifar10,0.3,6,base.17,0.577041
2,5,7,res9,cifar10,0.3,7,base.18,0.577041
2,5,7,res9,cifar10,0.3,8,classifier,0.580364
2,5,8,res9,cifar10,0.3,0,base.2,0.974899
2,5,8,res9,cifar10,0.3,1,base.6,0.872539
2,5,8,res9,cifar10,0.3,2,base.7,0.773714
2,5,8,res9,cifar10,0.3,3,base.11,0.761616
2,5,8,res9,cifar10,0.3,4,base.15,0.688708
2,5,8,res9,cifar10,0.3,5,base.16,0.624726
2,5,8,res9,cifar10,0.3,6,base.17,0.624726
2,5,8,res9,cifar10,0.3,7,base.18,0.624726
2,5,8,res9,cifar10,0.3,8,classifier,0.481597
2,5,9,res9,cifar10,0.3,0,base.2,0.968059
2,5,9,res9,cifar10,0.3,1,base.6,0.879515
2,5,9,res9,cifar10,0.3,2,base.7,0.814661
2,5,9,res9,cifar10,0.3,3,base.11,0.743781
2,5,9,res9,cifar10,0.3,4,base.15,0.734501
2,5,9,res9,cifar10,0.3,5,base.16,0.709502
2,5,9,res9,cifar10,0.3,6,base.17,0.709502
2,5,9,res9,cifar10,0.3,7,base.18,0.709502
2,5,9,res9,cifar10,0.3,8,classifier,0.681233
2,6,7,res9,cifar10,0.3,0,base.2,0.986053
2,6,7,res9,cifar10,0.3,1,base.6,0.958494
2,6,7,res9,cifar10,0.3,2,base.7,0.889664
2,6,7,res9,cifar10,0.3,3,base.11,0.739684
2,6,7,res9,cifar10,0.3,4,base.15,0.693206
2,6,7,res9,cifar10,0.3,5,base.16,0.636785
2,6,7,res9,cifar10,0.3,6,base.17,0.636785
2,6,7,res9,cifar10,0.3,7,base.18,0.636785
2,6,7,res9,cifar10,0.3,8,classifier,0.604046
2,6,8,res9,cifar10,0.3,0,base.2,0.969182
2,6,8,res9,cifar10,0.3,1,base.6,0.936714
2,6,8,res9,cifar10,0.3,2,base.7,0.816237
2,6,8,res9,cifar10,0.3,3,base.11,0.730800
2,6,8,res9,cifar10,0.3,4,base.15,0.686352
2,6,8,res9,cifar10,0.3,5,base.16,0.595386
2,6,8,res9,cifar10,0.3,6,base.17,0.595386
2,6,8,res9,cifar10,0.3,7,base.18,0.595386
2,6,8,res9,cifar10,0.3,8,classifier,0.486161
2,6,9,res9,cifar10,0.3,0,base.2,0.977658
2,6,9,res9,cifar10,0.3,1,base.6,0.926815
2,6,9,res9,cifar10,0.3,2,base.7,0.866143
2,6,9,res9,cifar10,0.3,3,base.11,0.816326
2,6,9,res9,cifar10,0.3,4,base.15,0.715168
2,6,9,res9,cifar10,0.3,5,base.16,0.655145
2,6,9,res9,cifar10,0.3,6,base.17,0.655145
2,6,9,res9,cifar10,0.3,7,base.18,0.655145
2,6,9,res9,cifar10,0.3,8,classifier,0.790662
2,7,8,res9,cifar10,0.3,0,base.2,0.983673
2,7,8,res9,cifar10,0.3,1,base.6,0.947566
2,7,8,res9,cifar10,0.3,2,base.7,0.889093
2,7,8,res9,cifar10,0.3,3,base.11,0.810524
2,7,8,res9,cifar10,0.3,4,base.15,0.678632
2,7,8,res9,cifar10,0.3,5,base.16,0.458519
2,7,8,res9,cifar10,0.3,6,base.17,0.458519
2,7,8,res9,cifar10,0.3,7,base.18,0.458519
2,7,8,res9,cifar10,0.3,8,classifier,0.325484
2,7,9,res9,cifar10,0.3,0,base.2,0.975509
2,7,9,res9,cifar10,0.3,1,base.6,0.896703
2,7,9,res9,cifar10,0.3,2,base.7,0.730325
2,7,9,res9,cifar10,0.3,3,base.11,0.587478
2,7,9,res9,cifar10,0.3,4,base.15,0.517344
2,7,9,res9,cifar10,0.3,5,base.16,0.435963
2,7,9,res9,cifar10,0.3,6,base.17,0.435963
2,7,9,res9,cifar10,0.3,7,base.18,0.435963
2,7,9,res9,cifar10,0.3,8,classifier,0.484242
2,8,9,res9,cifar10,0.3,0,base.2,0.965620
2,8,9,res9,cifar10,0.3,1,base.6,0.834171
2,8,9,res9,cifar10,0.3,2,base.7,0.617944
2,8,9,res9,cifar10,0.3,3,base.11,0.559485
2,8,9,res9,cifar10,0.3,4,base.15,0.512601
2,8,9,res9,cifar10,0.3,5,base.16,0.511000
2,8,9,res9,cifar10,0.3,6,base.17,0.511000
2,8,9,res9,cifar10,0.3,7,base.18,0.511000
2,8,9,res9,cifar10,0.3,8,classifier,0.568773
5,0,1,res9,cifar10,0.3,0,base.2,0.970813
5,0,1,res9,cifar10,0.3,1,base.6,0.945645
5,0,1,res9,cifar10,0.3,2,base.7,0.868022
5,0,1,res9,cifar10,0.3,3,base.11,0.744843
5,0,1,res9,cifar10,0.3,4,base.15,0.660462
5,0,1,res9,cifar10,0.3,5,base.16,0.574957
5,0,1,res9,cifar10,0.3,6,base.17,0.574957
5,0,1,res9,cifar10,0.3,7,base.18,0.574957
5,0,1,res9,cifar10,0.3,8,classifier,0.496032
5,0,2,res9,cifar10,0.3,0,base.2,0.968962
5,0,2,res9,cifar10,0.3,1,base.6,0.926498
5,0,2,res9,cifar10,0.3,2,base.7,0.834203
5,0,2,res9,cifar10,0.3,3,base.11,0.790953
5,0,2,res9,cifar10,0.3,4,base.15,0.742530
5,0,2,res9,cifar10,0.3,5,base.16,0.755349
5,0,2,res9,cifar10,0.3,6,base.17,0.755349
5,0,2,res9,cifar10,0.3,7,base.18,0.755349
5,0,2,res9,cifar10,0.3,8,classifier,0.763238
5,0,3,res9,cifar10,0.3,0,base.2,0.945311
5,0,3,res9,cifar10,0.3,1,base.6,0.851784
5,0,3,res9,cifar10,0.3,2,base.7,0.740856
5,0,3,res9,cifar10,0.3,3,base.11,0.734397
5,0,3,res9,cifar10,0.3,4,base.15,0.648167
5,0,3,res9,cifar10,0.3,5,base.16,0.482593
5,0,3,res9,cifar10,0.3,6,base.17,0.482593
5,0,3,res9,cifar10,0.3,7,base.18,0.482593
5,0,3,res9,cifar10,0.3,8,classifier,0.379624
5,0,4,res9,cifar10,0.3,0,base.2,0.954835
5,0,4,res9,cifar10,0.3,1,base.6,0.927538
5,0,4,res9,cifar10,0.3,2,base.7,0.863179
5,0,4,res9,cifar10,0.3,3,base.11,0.758499
5,0,4,res9,cifar10,0.3,4,base.15,0.688993
5,0,4,res9,cifar10,0.3,5,base.16,0.623785
5,0,4,res9,cifar10,0.3,6,base.17,0.623785
5,0,4,res9,cifar10,0.3,7,base.18,0.623785
5,0,4,res9,cifar10,0.3,8,classifier,0.519631
5,0,5,res9,cifar10,0.3,0,base.2,0.954180
5,0,5,res9,cifar10,0.3,1,base.6,0.915556
5,0,5,res9,cifar10,0.3,2,base.7,0.821904
5,0,5,res9,cifar10,0.3,3,base.11,0.711531
5,0,5,res9,cifar10,0.3,4,base.15,0.590351
5,0,5,res9,cifar10,0.3,5,base.16,0.450496
5,0,5,res9,cifar10,0.3,6,base.17,0.450496
5,0,5,res9,cifar10,0.3,7,base.18,0.450496
5,0,5,res9,cifar10,0.3,8,classifier,0.304496
5,0,6,res9,cifar10,0.3,0,base.2,0.922386
5,0,6,res9,cifar10,0.3,1,base.6,0.766446
5,0,6,res9,cifar10,0.3,2,base.7,0.683554
5,0,6,res9,cifar10,0.3,3,base.11,0.714587
5,0,6,res9,cifar10,0.3,4,base.15,0.652640
5,0,6,res9,cifar10,0.3,5,base.16,0.576710
5,0,6,res9,cifar10,0.3,6,base.17,0.576710
5,0,6,res9,cifar10,0.3,7,base.18,0.576710
5,0,6,res9,cifar10,0.3,8,classifier,0.580676
5,0,7,res9,cifar10,0.3,0,base.2,0.956985
5,0,7,res9,cifar10,0.3,1,base.6,0.956323
5,0,7,res9,cifar10,0.3,2,base.7,0.928160
5,0,7,res9,cifar10,0.3,3,base.11,0.895199
5,0,7,res9,cifar10,0.3,4,base.15,0.744438
5,0,7,res9,cifar10,0.3,5,base.16,0.438851
5,0,7,res9,cifar10,0.3,6,base.17,0.438851
5,0,7,res9,cifar10,0.3,7,base.18,0.438851
5,0,7,res9,cifar10,0.3,8,classifier,0.279968
5,0,8,res9,cifar10,0.3,0,base.2,0.984146
5,0,8,res9,cifar10,0.3,1,base.6,0.962786
5,0,8,res9,cifar10,0.3,2,base.7,0.907010
5,0,8,res9,cifar10,0.3,3,base.11,0.830283
5,0,8,res9,cifar10,0.3,4,base.15,0.786208
5,0,8,res9,cifar10,0.3,5,base.16,0.778865
5,0,8,res9,cifar10,0.3,6,base.17,0.778865
5,0,8,res9,cifar10,0.3,7,base.18,0.778865
5,0,8,res9,cifar10,0.3,8,classifier,0.736340
5,0,9,res9,cifar10,0.3,0,base.2,0.963022
5,0,9,res9,cifar10,0.3,1,base.6,0.894651
5,0,9,res9,cifar10,0.3,2,base.7,0.780830
5,0,9,res9,cifar10,0.3,3,base.11,0.778422
5,0,9,res9,cifar10,0.3,4,base.15,0.660034
5,0,9,res9,cifar10,0.3,5,base.16,0.572770
5,0,9,res9,cifar10,0.3,6,base.17,0.572770
5,0,9,res9,cifar10,0.3,7,base.18,0.572770
5,0,9,res9,cifar10,0.3,8,classifier,0.620305
5,1,2,res9,cifar10,0.3,0,base.2,0.994321
5,1,2,res9,cifar10,0.3,1,base.6,0.954783
5,1,2,res9,cifar10,0.3,2,base.7,0.877816
5,1,2,res9,cifar10,0.3,3,base.11,0.748901
5,1,2,res9,cifar10,0.3,4,base.15,0.693299
5,1,2,res9,cifar10,0.3,5,base.16,0.645848
5,1,2,res9,cifar10,0.3,6,base.17,0.645848
5,1,2,res9,cifar10,0.3,7,base.18,0.645848
5,1,2,res9,cifar10,0.3,8,classifier,0.637322
5,1,3,res9,cifar10,0.3,0,base.2,0.980100
5,1,3,res9,cifar10,0.3,1,base.6,0.931404
5,1,3,res9,cifar10,0.3,2,base.7,0.828596
5,1,3,res9,cifar10,0.3,3,base.11,0.772498
5,1,3,res9,cifar10,0.3,4,base.15,0.755711
5,1,3,res9,cifar10,0.3,5,base.16,0.656224
5,1,3,res9,cifar10,0.3,6,base.17,0.656224
5,1,3,res9,cifar10,0.3,7,base.18,0.656224
5,1,3,res9,cifar10,0.3,8,classifier,0.655348
5,1,4,res9,cifar10,0.3,0,base.2,0.986928
5,1,4,res9,cifar10,0.3,1,base.6,0.957324
5,1,4,res9,cifar10,0.3,2,base.7,0.886201
5,1,4,res9,cifar10,0.3,3,base.11,0.760795
5,1,4,res9,cifar10,0.3,4,base.15,0.722909
5,1,4,res9,cifar10,0.3,5,base.16,0.709389
5,1,4,res9,cifar10,0.3,6,base.17,0.709389
5,1,4,res9,cifar10,0.3,7,base.18,0.709389
5,1,4,res9,cifar10,0.3,8,classifier,0.742686
5,1,5,res9,cifar10,0.3,0,base.2,0.986091
5,1,5,res9,cifar10,0.3,1,base.6,0.966909
5,1,5,res9,cifar10,0.3,2,base.7,0.909930
5,1,5,res9,cifar10,0.3,3,base.11,0.822563
5,1,5,res9,cifar10,0.3,4,base.15,0.751551
5,1,5,res9,cifar10,0.3,5,base.16,0.625498
5,1,5,res9,cifar10,0.3,6,base.17,0.625498
5,1,5,res9,cifar10,0.3,7,base.18,0.625498
5,1,5,res9,cifar10,0.3,8,classifier,0.569017
5,1,6,res9,cifar10,0.3,0,base.2,0.965349
5,1,6,res9,cifar10,0.3,1,base.6,0.858434
5,1,6,res9,cifar10,0.3,2,base.7,0.859231
5,1,6,res9,cifar10,0.3,3,base.11,0.850830
5,1,6,res9,cifar10,0.3,4,base.15,0.789218
5,1,6,res9,cifar10,0.3,5,base.16,0.683552
5,1,6,res9,cifar10,0.3,6,base.17,0.683552
5,1,6,res9,cifar10,0.3,7,base.18,0.683552
5,1,6,res9,cifar10,0.3,8,classifier,0.712284
5,1,7,res9,cifar10,0.3,0,base.2,0.986412
5,1,7,res9,cifar10,0.3,1,base.6,0.968190
5,1,7,res9,cifar10,0.3,2,base.7,0.891692
5,1,7,res9,cifar10,0.3,3,base.11,0.775337
5,1,7,res9,cifar10,0.3,4,base.15,0.681699
5,1,7,res9,cifar10,0.3,5,base.16,0.541940
5,1,7,res9,cifar10,0.3,6,base.17,0.541940
5,1,7,res9,cifar10,0.3,7,base.18,0.541940
5,1,7,res9,cifar10,0.3,8,classifier,0.453929
5,1,8,res9,cifar10,0.3,0,base.2,0.990184
5,1,8,res9,cifar10,0.3,1,base.6,0.967537
5,1,8,res9,cifar10,0.3,2,base.7,0.871482
5,1,8,res9,cifar10,0.3,3,base.11,0.779704
5,1,8,res9,cifar10,0.3,4,base.15,0.721223
5,1,8,res9,cifar10,0.3,5,base.16,0.617000
5,1,8,res9,cifar10,0.3,6,base.17,0.617000
5,1,8,res9,cifar10,0.3,7,base.18,0.617000
5,1,8,res9,cifar10,0.3,8,classifier,0.710220
5,1,9,res9,cifar10,0.3,0,base.2,0.989379
5,1,9,res9,cifar10,0.3,1,base.6,0.952924
5,1,9,res9,cifar10,0.3,2,base.7,0.853558
5,1,9,res9,cifar10,0.3,3,base.11,0.759576
5,1,9,res9,cifar10,0.3,4,base.15,0.683414
5,1,9,res9,cifar10,0.3,5,base.16,0.594520
5,1,9,res9,cifar10,0.3,6,base.17,0.594520
5,1,9,res9,cifar10,0.3,7,base.18,0.594520
5,1,9,res9,cifar10,0.3,8,classifier,0.608112
5,2,3,res9,cifar10,0.3,0,base.2,0.982555
5,2,3,res9,cifar10,0.3,1,base.6,0.917340
5,2,3,res9,cifar10,0.3,2,base.7,0.892599
5,2,3,res9,cifar10,0.3,3,base.11,0.871233
5,2,3,res9,cifar10,0.3,4,base.15,0.725988
5,2,3,res9,cifar10,0.3,5,base.16,0.598707
5,2,3,res9,cifar10,0.3,6,base.17,0.598707
5,2,3,res9,cifar10,0.3,7,base.18,0.598707
5,2,3,res9,cifar10,0.3,8,classifier,0.616296
5,2,4,res9,cifar10,0.3,0,base.2,0.990371
5,2,4,res9,cifar10,0.3,1,base.6,0.983390
5,2,4,res9,cifar10,0.3,2,base.7,0.931454
5,2,4,res9,cifar10,0.3,3,base.11,0.839238
5,2,4,res9,cifar10,0.3,4,base.15,0.700583
5,2,4,res9,cifar10,0.3,5,base.16,0.711428
5,2,4,res9,cifar10,0.3,6,base.17,0.711428
5,2,4,res9,cifar10,0.3,7,base.18,0.711428
5,2,4,res9,cifar10,0.3,8,classifier,0.746422
5,2,5,res9,cifar10,0.3,0,base.2,0.988565
5,2,5,res9,cifar10,0.3,1,base.6,0.961615
5,2,5,res9,cifar10,0.3,2,base.7,0.936908
5,2,5,res9,cifar10,0.3,3,base.11,0.876951
5,2,5,res9,cifar10,0.3,4,base.15,0.755840
5,2,5,res9,cifar10,0.3,5,base.16,0.641303
5,2,5,res9,cifar10,0.3,6,base.17,0.641303
5,2,5,res9,cifar10,0.3,7,base.18,0.641303
5,2,5,res9,cifar10,0.3,8,classifier,0.555253
5,2,6,res9,cifar10,0.3,0,base.2,0.954031
5,2,6,res9,cifar10,0.3,1,base.6,0.822501
5,2,6,res9,cifar10,0.3,2,base.7,0.795513
5,2,6,res9,cifar10,0.3,3,base.11,0.791995
5,2,6,res9,cifar10,0.3,4,base.15,0.775426
5,2,6,res9,cifar10,0.3,5,base.16,0.723779
5,2,6,res9,cifar10,0.3,6,base.17,0.723779
5,2,6,res9,cifar10,0.3,7,base.18,0.723779
5,2,6,res9,cifar10,0.3,8,classifier,0.740900
5,2,7,res9,cifar10,0.3,0,base.2,0.993291
5,2,7,res9,cifar10,0.3,1,base.6,0.971202
5,2,7,res9,cifar10,0.3,2,base.7,0.916670
5,2,7,res9,cifar10,0.3,3,base.11,0.884043
5,2,7,res9,cifar10,0.3,4,base.15,0.727368
5,2,7,res9,cifar10,0.3,5,base.16,0.574932
5,2,7,res9,cifar10,0.3,6,base.17,0.574932
5,2,7,res9,cifar10,0.3,7,base.18,0.574932
5,2,7,res9,cifar10,0.3,8,classifier,0.480706
5,2,8,res9,cifar10,0.3,0,base.2,0.991835
5,2,8,res9,cifar10,0.3,1,base.6,0.958700
5,2,8,res9,cifar10,0.3,2,base.7,0.852028
5,2,8,res9,cifar10,0.3,3,base.11,0.768338
5,2,8,res9,cifar10,0.3,4,base.15,0.712062
5,2,8,res9,cifar10,0.3,5,base.16,0.743839
5,2,8,res9,cifar10,0.3,6,base.17,0.743839
5,2,8,res9,cifar10,0.3,7,base.18,0.743839
5,2,8,res9,cifar10,0.3,8,classifier,0.832565
5,2,9,res9,cifar10,0.3,0,base.2,0.988957
5,2,9,res9,cifar10,0.3,1,base.6,0.922712
5,2,9,res9,cifar10,0.3,2,base.7,0.913379
5,2,9,res9,cifar10,0.3,3,base.11,0.907477
5,2,9,res9,cifar10,0.3,4,base.15,0.873793
5,2,9,res9,cifar10,0.3,5,base.16,0.754090
5,2,9,res9,cifar10,0.3,6,base.17,0.754090
5,2,9,res9,cifar10,0.3,7,base.18,0.754090
5,2,9,res9,cifar10,0.3,8,classifier,0.692121
5,3,4,res9,cifar10,0.3,0,base.2,0.988273
5,3,4,res9,cifar10,0.3,1,base.6,0.932823
5,3,4,res9,cifar10,0.3,2,base.7,0.856425
5,3,4,res9,cifar10,0.3,3,base.11,0.839446
5,3,4,res9,cifar10,0.3,4,base.15,0.863732
5,3,4,res9,cifar10,0.3,5,base.16,0.875674
5,3,4,res9,cifar10,0.3,6,base.17,0.875674
5,3,4,res9,cifar10,0.3,7,base.18,0.875674
5,3,4,res9,cifar10,0.3,8,classifier,0.878354
5,3,5,res9,cifar10,0.3,0,base.2,0.994462
5,3,5,res9,cifar10,0.3,1,base.6,0.961478
5,3,5,res9,cifar10,0.3,2,base.7,0.918943
5,3,5,res9,cifar10,0.3,3,base.11,0.888412
5,3,5,res9,cifar10,0.3,4,base.15,0.877593
5,3,5,res9,cifar10,0.3,5,base.16,0.867296
5,3,5,res9,cifar10,0.3,6,base.17,0.867296
5,3,5,res9,cifar10,0.3,7,base.18,0.867296
5,3,5,res9,cifar10,0.3,8,classifier,0.903867
5,3,6,res9,cifar10,0.3,0,base.2,0.952476
5,3,6,res9,cifar10,0.3,1,base.6,0.884986
5,3,6,res9,cifar10,0.3,2,base.7,0.886300
5,3,6,res9,cifar10,0.3,3,base.11,0.894884
5,3,6,res9,cifar10,0.3,4,base.15,0.831900
5,3,6,res9,cifar10,0.3,5,base.16,0.709672
5,3,6,res9,cifar10,0.3,6,base.17,0.709672
5,3,6,res9,cifar10,0.3,7,base.18,0.709672
5,3,6,res9,cifar10,0.3,8,classifier,0.750348
5,3,7,res9,cifar10,0.3,0,base.2,0.990805
5,3,7,res9,cifar10,0.3,1,base.6,0.919537
5,3,7,res9,cifar10,0.3,2,base.7,0.846683
5,3,7,res9,cifar10,0.3,3,base.11,0.837016
5,3,7,res9,cifar10,0.3,4,base.15,0.726512
5,3,7,res9,cifar10,0.3,5,base.16,0.674923
5,3,7,res9,cifar10,0.3,6,base.17,0.674923
5,3,7,res9,cifar10,0.3,7,base.18,0.674923
5,3,7,res9,cifar10,0.3,8,classifier,0.664282
5,3,8,res9,cifar10,0.3,0,base.2,0.971839
5,3,8,res9,cifar10,0.3,1,base.6,0.892672
5,3,8,res9,cifar10,0.3,2,base.7,0.793336
5,3,8,res9,cifar10,0.3,3,base.11,0.765541
5,3,8,res9,cifar10,0.3,4,base.15,0.747374
5,3,8,res9,cifar10,0.3,5,base.16,0.651808
5,3,8,res9,cifar10,0.3,6,base.17,0.651808
5,3,8,res9,cifar10,0.3,7,base.18,0.651808
5,3,8,res9,cifar10,0.3,8,classifier,0.650358
5,3,9,res9,cifar10,0.3,0,base.2,0.978307
5,3,9,res9,cifar10,0.3,1,base.6,0.938565
5,3,9,res9,cifar10,0.3,2,base.7,0.921491
5,3,9,res9,cifar10,0.3,3,base.11,0.912167
5,3,9,res9,cifar10,0.3,4,base.15,0.744185
5,3,9,res9,cifar10,0.3,5,base.16,0.539323
5,3,9,res9,cifar10,0.3,6,base.17,0.539323
5,3,9,res9,cifar10,0.3,7,base.18,0.539323
5,3,9,res9,cifar10,0.3,8,classifier,0.532149
5,4,5,res9,cifar10,0.3,0,base.2,0.989985
5,4,5,res9,cifar10,0.3,1,base.6,0.969817
5,4,5,res9,cifar10,0.3,2,base.7,0.943293
5,4,5,res9,cifar10,0.3,3,base.11,0.918413
5,4,5,res9,cifar10,0.3,4,base.15,0.850379
5,4,5,res9,cifar10,0.3,5,base.16,0.820863
5,4,5,res9,cifar10,0.3,6,base.17,0.820863
5,4,5,res9,cifar10,0.3,7,base.18,0.820863
5,4,5,res9,cifar10,0.3,8,classifier,0.812260
5,4,6,res9,cifar10,0.3,0,base.2,0.961924
5,4,6,res9,cifar10,0.3,1,base.6,0.826570
5,4,6,res9,cifar10,0.3,2,base.7,0.786776
5,4,6,res9,cifar10,0.3,3,base.11,0.726639
5,4,6,res9,cifar10,0.3,4,base.15,0.700258
5,4,6,res9,cifar10,0.3,5,base.16,0.711889
5,4,6,res9,cifar10,0.3,6,base.17,0.711889
5,4,6,res9,cifar10,0.3,7,base.18,0.711889
5,4,6,res9,cifar10,0.3,8,classifier,0.801813
5,4,7,res9,cifar10,0.3,0,base.2,0.995840
5,4,7,res9,cifar10,0.3,1,base.6,0.978102
5,4,7,res9,cifar10,0.3,2,base.7,0.921821
5,4,7,res9,cifar10,0.3,3,base.11,0.874084
5,4,7,res9,cifar10,0.3,4,base.15,0.817046
5,4,7,res9,cifar10,0.3,5,base.16,0.748109
5,4,7,res9,cifar10,0.3,6,base.17,0.748109
5,4,7,res9,cifar10,0.3,7,base.18,0.748109
5,4,7,res9,cifar10,0.3,8,classifier,0.735720
5,4,8,res9,cifar10,0.3,0,base.2,0.983251
5,4,8,res9,cifar10,0.3,1,base.6,0.960642
5,4,8,res9,cifar10,0.3,2,base.7,0.911425
5,4,8,res9,cifar10,0.3,3,base.11,0.896548
5,4,8,res9,cifar10,0.3,4,base.15,0.886465
5,4,8,res9,cifar10,0.3,5,base.16,0.798217
5,4,8,res9,cifar10,0.3,6,base.17,0.798217
5,4,8,res9,cifar10,0.3,7,base.18,0.798217
5,4,8,res9,cifar10,0.3,8,classifier,0.801154
5,4,9,res9,cifar10,0.3,0,base.2,0.980305
5,4,9,res9,cifar10,0.3,1,base.6,0.907915
5,4,9,res9,cifar10,0.3,2,base.7,0.832180
5,4,9,res9,cifar10,0.3,3,base.11,0.783434
5,4,9,res9,cifar10,0.3,4,base.15,0.636454
5,4,9,res9,cifar10,0.3,5,base.16,0.595035
5,4,9,res9,cifar10,0.3,6,base.17,0.595035
5,4,9,res9,cifar10,0.3,7,base.18,0.595035
5,4,9,res9,cifar10,0.3,8,classifier,0.665869
5,5,6,res9,cifar10,0.3,0,base.2,0.950894
5,5,6,res9,cifar10,0.3,1,base.6,0.892506
5,5,6,res9,cifar10,0.3,2,base.7,0.883373
5,5,6,res9,cifar10,0.3,3,base.11,0.846469
5,5,6,res9,cifar10,0.3,4,base.15,0.820462
5,5,6,res9,cifar10,0.3,5,base.16,0.787926
5,5,6,res9,cifar10,0.3,6,base.17,0.787926
5,5,6,res9,cifar10,0.3,7,base.18,0.787926
5,5,6,res9,cifar10,0.3,8,classifier,0.775884
5,5,7,res9,cifar10,0.3,0,base.2,0.993073
5,5,7,res9,cifar10,0.3,1,base.6,0.964691
5,5,7,res9,cifar10,0.3,2,base.7,0.902789
5,5,7,res9,cifar10,0.3,3,base.11,0.844046
5,5,7,res9,cifar10,0.3,4,base.15,0.719851
5,5,7,res9,cifar10,0.3,5,base.16,0.624096
5,5,7,res9,cifar10,0.3,6,base.17,0.624096
5,5,7,res9,cifar10,0.3,7,base.18,0.624096
5,5,7,res9,cifar10,0.3,8,classifier,0.616100
5,5,8,res9,cifar10,0.3,0,base.2,0.977928
5,5,8,res9,cifar10,0.3,1,base.6,0.944144
5,5,8,res9,cifar10,0.3,2,base.7,0.862920
5,5,8,res9,cifar10,0.3,3,base.11,0.823711
5,5,8,res9,cifar10,0.3,4,base.15,0.760327
5,5,8,res9,cifar10,0.3,5,base.16,0.647364
5,5,8,res9,cifar10,0.3,6,base.17,0.647364
5,5,8,res9,cifar10,0.3,7,base.18,0.647364
5,5,8,res9,cifar10,0.3,8,classifier,0.582738
5,5,9,res9,cifar10,0.3,0,base.2,0.983171
5,5,9,res9,cifar10,0.3,1,base.6,0.955696
5,5,9,res9,cifar10,0.3,2,base.7,0.905276
5,5,9,res9,cifar10,0.3,3,base.11,0.836461
5,5,9,res9,cifar10,0.3,4,base.15,0.700110
5,5,9,res9,cifar10,0.3,5,base.16,0.574368
5,5,9,res9,cifar10,0.3,6,base.17,0.574368
5,5,9,res9,cifar10,0.3,7,base.18,0.574368
5,5,9,res9,cifar10,0.3,8,classifier,0.464797
5,6,7,res9,cifar10,0.3,0,base.2,0.954036
5,6,7,res9,cifar10,0.3,1,base.6,0.818519
5,6,7,res9,cifar10,0.3,2,base.7,0.761440
5,6,7,res9,cifar10,0.3,3,base.11,0.753672
5,6,7,res9,cifar10,0.3,4,base.15,0.631840
5,6,7,res9,cifar10,0.3,5,base.16,0.515188
5,6,7,res9,cifar10,0.3,6,base.17,0.515188
5,6,7,res9,cifar10,0.3,7,base.18,0.515188
5,6,7,res9,cifar10,0.3,8,classifier,0.507193
5,6,8,res9,cifar10,0.3,0,base.2,0.959792
5,6,8,res9,cifar10,0.3,1,base.6,0.811385
5,6,8,res9,cifar10,0.3,2,base.7,0.757397
5,6,8,res9,cifar10,0.3,3,base.11,0.708280
5,6,8,res9,cifar10,0.3,4,base.15,0.669929
5,6,8,res9,cifar10,0.3,5,base.16,0.640251
5,6,8,res9,cifar10,0.3,6,base.17,0.640251
5,6,8,res9,cifar10,0.3,7,base.18,0.640251
5,6,8,res9,cifar10,0.3,8,classifier,0.777811
5,6,9,res9,cifar10,0.3,0,base.2,0.974325
5,6,9,res9,cifar10,0.3,1,base.6,0.899744
5,6,9,res9,cifar10,0.3,2,base.7,0.865232
5,6,9,res9,cifar10,0.3,3,base.11,0.880472
5,6,9,res9,cifar10,0.3,4,base.15,0.851412
5,6,9,res9,cifar10,0.3,5,base.16,0.719817
5,6,9,res9,cifar10,0.3,6,base.17,0.719817
5,6,9,res9,cifar10,0.3,7,base.18,0.719817
5,6,9,res9,cifar10,0.3,8,classifier,0.623731
5,7,8,res9,cifar10,0.3,0,base.2,0.981396
5,7,8,res9,cifar10,0.3,1,base.6,0.971604
5,7,8,res9,cifar10,0.3,2,base.7,0.932194
5,7,8,res9,cifar10,0.3,3,base.11,0.879739
5,7,8,res9,cifar10,0.3,4,base.15,0.810134
5,7,8,res9,cifar10,0.3,5,base.16,0.548329
5,7,8,res9,cifar10,0.3,6,base.17,0.548329
5,7,8,res9,cifar10,0.3,7,base.18,0.548329
5,7,8,res9,cifar10,0.3,8,classifier,0.474362
5,7,9,res9,cifar10,0.3,0,base.2,0.984172
5,7,9,res9,cifar10,0.3,1,base.6,0.927860
5,7,9,res9,cifar10,0.3,2,base.7,0.856213
5,7,9,res9,cifar10,0.3,3,base.11,0.835198
5,7,9,res9,cifar10,0.3,4,base.15,0.593682
5,7,9,res9,cifar10,0.3,5,base.16,0.432059
5,7,9,res9,cifar10,0.3,6,base.17,0.432059
5,7,9,res9,cifar10,0.3,7,base.18,0.432059
5,7,9,res9,cifar10,0.3,8,classifier,0.408957
5,8,9,res9,cifar10,0.3,0,base.2,0.985732
5,8,9,res9,cifar10,0.3,1,base.6,0.919468
5,8,9,res9,cifar10,0.3,2,base.7,0.784294
5,8,9,res9,cifar10,0.3,3,base.11,0.716256
5,8,9,res9,cifar10,0.3,4,base.15,0.599088
5,8,9,res9,cifar10,0.3,5,base.16,0.531252
5,8,9,res9,cifar10,0.3,6,base.17,0.531252
5,8,9,res9,cifar10,0.3,7,base.18,0.531252
5,8,9,res9,cifar10,0.3,8,classifier,0.661198
10,0,1,res9,cifar10,0.3,0,base.2,0.988808
10,0,1,res9,cifar10,0.3,1,base.6,0.935629
10,0,1,res9,cifar10,0.3,2,base.7,0.868203
10,0,1,res9,cifar10,0.3,3,base.11,0.722749
10,0,1,res9,cifar10,0.3,4,base.15,0.593901
10,0,1,res9,cifar10,0.3,5,base.16,0.563342
10,0,1,res9,cifar10,0.3,6,base.17,0.563342
10,0,1,res9,cifar10,0.3,7,base.18,0.563342
10,0,1,res9,cifar10,0.3,8,classifier,0.595508
10,0,2,res9,cifar10,0.3,0,base.2,0.982865
10,0,2,res9,cifar10,0.3,1,base.6,0.958587
10,0,2,res9,cifar10,0.3,2,base.7,0.866928
10,0,2,res9,cifar10,0.3,3,base.11,0.799492
10,0,2,res9,cifar10,0.3,4,base.15,0.795088
10,0,2,res9,cifar10,0.3,5,base.16,0.813957
10,0,2,res9,cifar10,0.3,6,base.17,0.813957
10,0,2,res9,cifar10,0.3,7,base.18,0.813957
10,0,2,res9,cifar10,0.3,8,classifier,0.814456
10,0,3,res9,cifar10,0.3,0,base.2,0.967669
10,0,3,res9,cifar10,0.3,1,base.6,0.925927
10,0,3,res9,cifar10,0.3,2,base.7,0.879098
10,0,3,res9,cifar10,0.3,3,base.11,0.851575
10,0,3,res9,cifar10,0.3,4,base.15,0.731261
10,0,3,res9,cifar10,0.3,5,base.16,0.520535
10,0,3,res9,cifar10,0.3,6,base.17,0.520535
10,0,3,res9,cifar10,0.3,7,base.18,0.520535
10,0,3,res9,cifar10,0.3,8,classifier,0.446075
10,0,4,res9,cifar10,0.3,0,base.2,0.968738
10,0,4,res9,cifar10,0.3,1,base.6,0.949444
10,0,4,res9,cifar10,0.3,2,base.7,0.872325
10,0,4,res9,cifar10,0.3,3,base.11,0.773165
10,0,4,res9,cifar10,0.3,4,base.15,0.703519
10,0,4,res9,cifar10,0.3,5,base.16,0.594014
10,0,4,res9,cifar10,0.3,6,base.17,0.594014
10,0,4,res9,cifar10,0.3,7,base.18,0.594014
10,0,4,res9,cifar10,0.3,8,classifier,0.524170
10,0,5,res9,cifar10,0.3,0,base.2,0.983387
10,0,5,res9,cifar10,0.3,1,base.6,0.942233
10,0,5,res9,cifar10,0.3,2,base.7,0.896874
10,0,5,res9,cifar10,0.3,3,base.11,0.845130
10,0,5,res9,cifar10,0.3,4,base.15,0.772240
10,0,5,res9,cifar10,0.3,5,base.16,0.645037
10,0,5,res9,cifar10,0.3,6,base.17,0.645037
10,0,5,res9,cifar10,0.3,7,base.18,0.645037
10,0,5,res9,cifar10,0.3,8,classifier,0.483549
10,0,6,res9,cifar10,0.3,0,base.2,0.948592
10,0,6,res9,cifar10,0.3,1,base.6,0.870766
10,0,6,res9,cifar10,0.3,2,base.7,0.839229
10,0,6,res9,cifar10,0.3,3,base.11,0.867029
10,0,6,res9,cifar10,0.3,4,base.15,0.767370
10,0,6,res9,cifar10,0.3,5,base.16,0.597172
10,0,6,res9,cifar10,0.3,6,base.17,0.597172
10,0,6,res9,cifar10,0.3,7,base.18,0.597172
10,0,6,res9,cifar10,0.3,8,classifier,0.568583
10,0,7,res9,cifar10,0.3,0,base.2,0.975065
10,0,7,res9,cifar10,0.3,1,base.6,0.942737
10,0,7,res9,cifar10,0.3,2,base.7,0.834022
10,0,7,res9,cifar10,0.3,3,base.11,0.779108
10,0,7,res9,cifar10,0.3,4,base.15,0.664743
10,0,7,res9,cifar10,0.3,5,base.16,0.445287
10,0,7,res9,cifar10,0.3,6,base.17,0.445287
10,0,7,res9,cifar10,0.3,7,base.18,0.445287
10,0,7,res9,cifar10,0.3,8,classifier,0.342737
10,0,8,res9,cifar10,0.3,0,base.2,0.989806
10,0,8,res9,cifar10,0.3,1,base.6,0.938542
10,0,8,res9,cifar10,0.3,2,base.7,0.784891
10,0,8,res9,cifar10,0.3,3,base.11,0.652172
10,0,8,res9,cifar10,0.3,4,base.15,0.617751
10,0,8,res9,cifar10,0.3,5,base.16,0.693010
10,0,8,res9,cifar10,0.3,6,base.17,0.693010
10,0,8,res9,cifar10,0.3,7,base.18,0.693010
10,0,8,res9,cifar10,0.3,8,classifier,0.659914
10,0,9,res9,cifar10,0.3,0,base.2,0.983890
10,0,9,res9,cifar10,0.3,1,base.6,0.959354
10,0,9,res9,cifar10,0.3,2,base.7,0.869350
10,0,9,res9,cifar10,0.3,3,base.11,0.872483
10,0,9,res9,cifar10,0.3,4,base.15,0.817810
10,0,9,res9,cifar10,0.3,5,base.16,0.671927
10,0,9,res9,cifar10,0.3,6,base.17,0.671927
10,0,9,res9,cifar10,0.3,7,base.18,0.671927
10,0,9,res9,cifar10,0.3,8,classifier,0.730665
10,1,2,res9,cifar10,0.3,0,base.2,0.975891
10,1,2,res9,cifar10,0.3,1,base.6,0.900291
10,1,2,res9,cifar10,0.3,2,base.7,0.860128
10,1,2,res9,cifar10,0.3,3,base.11,0.755062
10,1,2,res9,cifar10,0.3,4,base.15,0.706576
10,1,2,res9,cifar10,0.3,5,base.16,0.699668
10,1,2,res9,cifar10,0.3,6,base.17,0.699668
10,1,2,res9,cifar10,0.3,7,base.18,0.699668
10,1,2,res9,cifar10,0.3,8,classifier,0.750155
10,1,3,res9,cifar10,0.3,0,base.2,0.970807
10,1,3,res9,cifar10,0.3,1,base.6,0.933183
10,1,3,res9,cifar10,0.3,2,base.7,0.852353
10,1,3,res9,cifar10,0.3,3,base.11,0.795778
10,1,3,res9,cifar10,0.3,4,base.15,0.806227
10,1,3,res9,cifar10,0.3,5,base.16,0.716509
10,1,3,res9,cifar10,0.3,6,base.17,0.716509
10,1,3,res9,cifar10,0.3,7,base.18,0.716509
10,1,3,res9,cifar10,0.3,8,classifier,0.650765
10,1,4,res9,cifar10,0.3,0,base.2,0.969731
10,1,4,res9,cifar10,0.3,1,base.6,0.946709
10,1,4,res9,cifar10,0.3,2,base.7,0.911236
10,1,4,res9,cifar10,0.3,3,base.11,0.803902
10,1,4,res9,cifar10,0.3,4,base.15,0.768885
10,1,4,res9,cifar10,0.3,5,base.16,0.701893
10,1,4,res9,cifar10,0.3,6,base.17,0.701893
10,1,4,res9,cifar10,0.3,7,base.18,0.701893
10,1,4,res9,cifar10,0.3,8,classifier,0.698087
10,1,5,res9,cifar10,0.3,0,base.2,0.980497
10,1,5,res9,cifar10,0.3,1,base.6,0.930080
10,1,5,res9,cifar10,0.3,2,base.7,0.903146
10,1,5,res9,cifar10,0.3,3,base.11,0.848631
10,1,5,res9,cifar10,0.3,4,base.15,0.818261
10,1,5,res9,cifar10,0.3,5,base.16,0.763829
10,1,5,res9,cifar10,0.3,6,base.17,0.763829
10,1,5,res9,cifar10,0.3,7,base.18,0.763829
10,1,5,res9,cifar10,0.3,8,classifier,0.758942
10,1,6,res9,cifar10,0.3,0,base.2,0.962243
10,1,6,res9,cifar10,0.3,1,base.6,0.909800
10,1,6,res9,cifar10,0.3,2,base.7,0.812069
10,1,6,res9,cifar10,0.3,3,base.11,0.782160
10,1,6,res9,cifar10,0.3,4,base.15,0.801505
10,1,6,res9,cifar10,0.3,5,base.16,0.760060
10,1,6,res9,cifar10,0.3,6,base.17,0.760060
10,1,6,res9,cifar10,0.3,7,base.18,0.760060
10,1,6,res9,cifar10,0.3,8,classifier,0.712849
10,1,7,res9,cifar10,0.3,0,base.2,0.966540
10,1,7,res9,cifar10,0.3,1,base.6,0.898556
10,1,7,res9,cifar10,0.3,2,base.7,0.863155
10,1,7,res9,cifar10,0.3,3,base.11,0.779379
10,1,7,res9,cifar10,0.3,4,base.15,0.727152
10,1,7,res9,cifar10,0.3,5,base.16,0.612353
10,1,7,res9,cifar10,0.3,6,base.17,0.612353
10,1,7,res9,cifar10,0.3,7,base.18,0.612353
10,1,7,res9,cifar10,0.3,8,classifier,0.410376
10,1,8,res9,cifar10,0.3,0,base.2,0.983458
10,1,8,res9,cifar10,0.3,1,base.6,0.894908
10,1,8,res9,cifar10,0.3,2,base.7,0.754178
10,1,8,res9,cifar10,0.3,3,base.11,0.657881
10,1,8,res9,cifar10,0.3,4,base.15,0.608903
10,1,8,res9,cifar10,0.3,5,base.16,0.642229
10,1,8,res9,cifar10,0.3,6,base.17,0.642229
10,1,8,res9,cifar10,0.3,7,base.18,0.642229
10,1,8,res9,cifar10,0.3,8,classifier,0.763880
10,1,9,res9,cifar10,0.3,0,base.2,0.986216
10,1,9,res9,cifar10,0.3,1,base.6,0.947513
10,1,9,res9,cifar10,0.3,2,base.7,0.840329
10,1,9,res9,cifar10,0.3,3,base.11,0.721735
10,1,9,res9,cifar10,0.3,4,base.15,0.713807
10,1,9,res9,cifar10,0.3,5,base.16,0.670604
10,1,9,res9,cifar10,0.3,6,base.17,0.670604
10,1,9,res9,cifar10,0.3,7,base.18,0.670604
10,1,9,res9,cifar10,0.3,8,classifier,0.658844
10,2,3,res9,cifar10,0.3,0,base.2,0.968231
10,2,3,res9,cifar10,0.3,1,base.6,0.933921
10,2,3,res9,cifar10,0.3,2,base.7,0.927635
10,2,3,res9,cifar10,0.3,3,base.11,0.902125
10,2,3,res9,cifar10,0.3,4,base.15,0.757422
10,2,3,res9,cifar10,0.3,5,base.16,0.574908
10,2,3,res9,cifar10,0.3,6,base.17,0.574908
10,2,3,res9,cifar10,0.3,7,base.18,0.574908
10,2,3,res9,cifar10,0.3,8,classifier,0.616328
10,2,4,res9,cifar10,0.3,0,base.2,0.978048
10,2,4,res9,cifar10,0.3,1,base.6,0.973854
10,2,4,res9,cifar10,0.3,2,base.7,0.912060
10,2,4,res9,cifar10,0.3,3,base.11,0.812001
10,2,4,res9,cifar10,0.3,4,base.15,0.744384
10,2,4,res9,cifar10,0.3,5,base.16,0.655980
10,2,4,res9,cifar10,0.3,6,base.17,0.655980
10,2,4,res9,cifar10,0.3,7,base.18,0.655980
10,2,4,res9,cifar10,0.3,8,classifier,0.694483
10,2,5,res9,cifar10,0.3,0,base.2,0.991650
10,2,5,res9,cifar10,0.3,1,base.6,0.972876
10,2,5,res9,cifar10,0.3,2,base.7,0.946835
10,2,5,res9,cifar10,0.3,3,base.11,0.908964
10,2,5,res9,cifar10,0.3,4,base.15,0.827863
10,2,5,res9,cifar10,0.3,5,base.16,0.704908
10,2,5,res9,cifar10,0.3,6,base.17,0.704908
10,2,5,res9,cifar10,0.3,7,base.18,0.704908
10,2,5,res9,cifar10,0.3,8,classifier,0.680562
10,2,6,res9,cifar10,0.3,0,base.2,0.940032
10,2,6,res9,cifar10,0.3,1,base.6,0.848168
10,2,6,res9,cifar10,0.3,2,base.7,0.837152
10,2,6,res9,cifar10,0.3,3,base.11,0.837918
10,2,6,res9,cifar10,0.3,4,base.15,0.777437
10,2,6,res9,cifar10,0.3,5,base.16,0.653826
10,2,6,res9,cifar10,0.3,6,base.17,0.653826
10,2,6,res9,cifar10,0.3,7,base.18,0.653826
10,2,6,res9,cifar10,0.3,8,classifier,0.683151
10,2,7,res9,cifar10,0.3,0,base.2,0.991546
10,2,7,res9,cifar10,0.3,1,base.6,0.969310
10,2,7,res9,cifar10,0.3,2,base.7,0.889708
10,2,7,res9,cifar10,0.3,3,base.11,0.825003
10,2,7,res9,cifar10,0.3,4,base.15,0.741005
10,2,7,res9,cifar10,0.3,5,base.16,0.544396
10,2,7,res9,cifar10,0.3,6,base.17,0.544396
10,2,7,res9,cifar10,0.3,7,base.18,0.544396
10,2,7,res9,cifar10,0.3,8,classifier,0.489265
10,2,8,res9,cifar10,0.3,0,base.2,0.985992
10,2,8,res9,cifar10,0.3,1,base.6,0.929502
10,2,8,res9,cifar10,0.3,2,base.7,0.716756
10,2,8,res9,cifar10,0.3,3,base.11,0.564348
10,2,8,res9,cifar10,0.3,4,base.15,0.549241
10,2,8,res9,cifar10,0.3,5,base.16,0.678078
10,2,8,res9,cifar10,0.3,6,base.17,0.678078
10,2,8,res9,cifar10,0.3,7,base.18,0.678078
10,2,8,res9,cifar10,0.3,8,classifier,0.756521
10,2,9,res9,cifar10,0.3,0,base.2,0.985674
10,2,9,res9,cifar10,0.3,1,base.6,0.942187
10,2,9,res9,cifar10,0.3,2,base.7,0.881719
10,2,9,res9,cifar10,0.3,3,base.11,0.865157
10,2,9,res9,cifar10,0.3,4,base.15,0.851570
10,2,9,res9,cifar10,0.3,5,base.16,0.751639
10,2,9,res9,cifar10,0.3,6,base.17,0.751639
10,2,9,res9,cifar10,0.3,7,base.18,0.751639
10,2,9,res9,cifar10,0.3,8,classifier,0.848478
10,3,4,res9,cifar10,0.3,0,base.2,0.989827
10,3,4,res9,cifar10,0.3,1,base.6,0.952002
10,3,4,res9,cifar10,0.3,2,base.7,0.858577
10,3,4,res9,cifar10,0.3,3,base.11,0.843012
10,3,4,res9,cifar10,0.3,4,base.15,0.884175
10,3,4,res9,cifar10,0.3,5,base.16,0.883034
10,3,4,res9,cifar10,0.3,6,base.17,0.883034
10,3,4,res9,cifar10,0.3,7,base.18,0.883034
10,3,4,res9,cifar10,0.3,8,classifier,0.899745
10,3,5,res9,cifar10,0.3,0,base.2,0.980144
10,3,5,res9,cifar10,0.3,1,base.6,0.975510
10,3,5,res9,cifar10,0.3,2,base.7,0.953689
10,3,5,res9,cifar10,0.3,3,base.11,0.938176
10,3,5,res9,cifar10,0.3,4,base.15,0.870850
10,3,5,res9,cifar10,0.3,5,base.16,0.760568
10,3,5,res9,cifar10,0.3,6,base.17,0.760568
10,3,5,res9,cifar10,0.3,7,base.18,0.760568
10,3,5,res9,cifar10,0.3,8,classifier,0.810692
10,3,6,res9,cifar10,0.3,0,base.2,0.970978
10,3,6,res9,cifar10,0.3,1,base.6,0.942549
10,3,6,res9,cifar10,0.3,2,base.7,0.912964
10,3,6,res9,cifar10,0.3,3,base.11,0.897285
10,3,6,res9,cifar10,0.3,4,base.15,0.819034
10,3,6,res9,cifar10,0.3,5,base.16,0.716061
10,3,6,res9,cifar10,0.3,6,base.17,0.716061
10,3,6,res9,cifar10,0.3,7,base.18,0.716061
10,3,6,res9,cifar10,0.3,8,classifier,0.812654
10,3,7,res9,cifar10,0.3,0,base.2,0.974759
10,3,7,res9,cifar10,0.3,1,base.6,0.918823
10,3,7,res9,cifar10,0.3,2,base.7,0.818897
10,3,7,res9,cifar10,0.3,3,base.11,0.792322
10,3,7,res9,cifar10,0.3,4,base.15,0.772566
10,3,7,res9,cifar10,0.3,5,base.16,0.751093
10,3,7,res9,cifar10,0.3,6,base.17,0.751093
10,3,7,res9,cifar10,0.3,7,base.18,0.751093
10,3,7,res9,cifar10,0.3,8,classifier,0.761672
10,3,8,res9,cifar10,0.3,0,base.2,0.953216
10,3,8,res9,cifar10,0.3,1,base.6,0.885922
10,3,8,res9,cifar10,0.3,2,base.7,0.682731
10,3,8,res9,cifar10,0.3,3,base.11,0.605265
10,3,8,res9,cifar10,0.3,4,base.15,0.630376
10,3,8,res9,cifar10,0.3,5,base.16,0.573999
10,3,8,res9,cifar10,0.3,6,base.17,0.573999
10,3,8,res9,cifar10,0.3,7,base.18,0.573999
10,3,8,res9,cifar10,0.3,8,classifier,0.615377
10,3,9,res9,cifar10,0.3,0,base.2,0.977069
10,3,9,res9,cifar10,0.3,1,base.6,0.959806
10,3,9,res9,cifar10,0.3,2,base.7,0.934452
10,3,9,res9,cifar10,0.3,3,base.11,0.877817
10,3,9,res9,cifar10,0.3,4,base.15,0.772551
10,3,9,res9,cifar10,0.3,5,base.16,0.657423
10,3,9,res9,cifar10,0.3,6,base.17,0.657423
10,3,9,res9,cifar10,0.3,7,base.18,0.657423
10,3,9,res9,cifar10,0.3,8,classifier,0.732120
10,4,5,res9,cifar10,0.3,0,base.2,0.986557
10,4,5,res9,cifar10,0.3,1,base.6,0.980846
10,4,5,res9,cifar10,0.3,2,base.7,0.923980
10,4,5,res9,cifar10,0.3,3,base.11,0.891687
10,4,5,res9,cifar10,0.3,4,base.15,0.877644
10,4,5,res9,cifar10,0.3,5,base.16,0.776370
10,4,5,res9,cifar10,0.3,6,base.17,0.776370
10,4,5,res9,cifar10,0.3,7,base.18,0.776370
10,4,5,res9,cifar10,0.3,8,classifier,0.807629
10,4,6,res9,cifar10,0.3,0,base.2,0.953415
10,4,6,res9,cifar10,0.3,1,base.6,0.887577
10,4,6,res9,cifar10,0.3,2,base.7,0.770969
10,4,6,res9,cifar10,0.3,3,base.11,0.775328
10,4,6,res9,cifar10,0.3,4,base.15,0.785939
10,4,6,res9,cifar10,0.3,5,base.16,0.735109
10,4,6,res9,cifar10,0.3,6,base.17,0.735109
10,4,6,res9,cifar10,0.3,7,base.18,0.735109
10,4,6,res9,cifar10,0.3,8,classifier,0.840788
10,4,7,res9,cifar10,0.3,0,base.2,0.990563
10,4,7,res9,cifar10,0.3,1,base.6,0.967400
10,4,7,res9,cifar10,0.3,2,base.7,0.936375
10,4,7,res9,cifar10,0.3,3,base.11,0.862297
10,4,7,res9,cifar10,0.3,4,base.15,0.811926
10,4,7,res9,cifar10,0.3,5,base.16,0.707243
10,4,7,res9,cifar10,0.3,6,base.17,0.707243
10,4,7,res9,cifar10,0.3,7,base.18,0.707243
10,4,7,res9,cifar10,0.3,8,classifier,0.682357
10,4,8,res9,cifar10,0.3,0,base.2,0.961354
10,4,8,res9,cifar10,0.3,1,base.6,0.926899
10,4,8,res9,cifar10,0.3,2,base.7,0.772995
10,4,8,res9,cifar10,0.3,3,base.11,0.667595
10,4,8,res9,cifar10,0.3,4,base.15,0.631814
10,4,8,res9,cifar10,0.3,5,base.16,0.603284
10,4,8,res9,cifar10,0.3,6,base.17,0.603284
10,4,8,res9,cifar10,0.3,7,base.18,0.603284
10,4,8,res9,cifar10,0.3,8,classifier,0.630938
10,4,9,res9,cifar10,0.3,0,base.2,0.979648
10,4,9,res9,cifar10,0.3,1,base.6,0.956524
10,4,9,res9,cifar10,0.3,2,base.7,0.823246
10,4,9,res9,cifar10,0.3,3,base.11,0.766616
10,4,9,res9,cifar10,0.3,4,base.15,0.733810
10,4,9,res9,cifar10,0.3,5,base.16,0.662485
10,4,9,res9,cifar10,0.3,6,base.17,0.662485
10,4,9,res9,cifar10,0.3,7,base.18,0.662485
10,4,9,res9,cifar10,0.3,8,classifier,0.746233
10,5,6,res9,cifar10,0.3,0,base.2,0.955334
10,5,6,res9,cifar10,0.3,1,base.6,0.899592
10,5,6,res9,cifar10,0.3,2,base.7,0.890629
10,5,6,res9,cifar10,0.3,3,base.11,0.899669
10,5,6,res9,cifar10,0.3,4,base.15,0.876380
10,5,6,res9,cifar10,0.3,5,base.16,0.785960
10,5,6,res9,cifar10,0.3,6,base.17,0.785960
10,5,6,res9,cifar10,0.3,7,base.18,0.785960
10,5,6,res9,cifar10,0.3,8,classifier,0.810396
10,5,7,res9,cifar10,0.3,0,base.2,0.987318
10,5,7,res9,cifar10,0.3,1,base.6,0.948119
10,5,7,res9,cifar10,0.3,2,base.7,0.855469
10,5,7,res9,cifar10,0.3,3,base.11,0.821988
10,5,7,res9,cifar10,0.3,4,base.15,0.751282
10,5,7,res9,cifar10,0.3,5,base.16,0.552526
10,5,7,res9,cifar10,0.3,6,base.17,0.552526
10,5,7,res9,cifar10,0.3,7,base.18,0.552526
10,5,7,res9,cifar10,0.3,8,classifier,0.552055
10,5,8,res9,cifar10,0.3,0,base.2,0.976202
10,5,8,res9,cifar10,0.3,1,base.6,0.896180
10,5,8,res9,cifar10,0.3,2,base.7,0.713152
10,5,8,res9,cifar10,0.3,3,base.11,0.619371
10,5,8,res9,cifar10,0.3,4,base.15,0.617530
10,5,8,res9,cifar10,0.3,5,base.16,0.735878
10,5,8,res9,cifar10,0.3,6,base.17,0.735878
10,5,8,res9,cifar10,0.3,7,base.18,0.735878
10,5,8,res9,cifar10,0.3,8,classifier,0.689758
10,5,9,res9,cifar10,0.3,0,base.2,0.985110
10,5,9,res9,cifar10,0.3,1,base.6,0.956755
10,5,9,res9,cifar10,0.3,2,base.7,0.904093
10,5,9,res9,cifar10,0.3,3,base.11,0.857561
10,5,9,res9,cifar10,0.3,4,base.15,0.802870
10,5,9,res9,cifar10,0.3,5,base.16,0.650822
10,5,9,res9,cifar10,0.3,6,base.17,0.650822
10,5,9,res9,cifar10,0.3,7,base.18,0.650822
10,5,9,res9,cifar10,0.3,8,classifier,0.683921
10,6,7,res9,cifar10,0.3,0,base.2,0.931620
10,6,7,res9,cifar10,0.3,1,base.6,0.811772
10,6,7,res9,cifar10,0.3,2,base.7,0.695248
10,6,7,res9,cifar10,0.3,3,base.11,0.745338
10,6,7,res9,cifar10,0.3,4,base.15,0.720481
10,6,7,res9,cifar10,0.3,5,base.16,0.604911
10,6,7,res9,cifar10,0.3,6,base.17,0.604911
10,6,7,res9,cifar10,0.3,7,base.18,0.604911
10,6,7,res9,cifar10,0.3,8,classifier,0.642258
10,6,8,res9,cifar10,0.3,0,base.2,0.934749
10,6,8,res9,cifar10,0.3,1,base.6,0.830180
10,6,8,res9,cifar10,0.3,2,base.7,0.615212
10,6,8,res9,cifar10,0.3,3,base.11,0.582024
10,6,8,res9,cifar10,0.3,4,base.15,0.634131
10,6,8,res9,cifar10,0.3,5,base.16,0.589930
10,6,8,res9,cifar10,0.3,6,base.17,0.589930
10,6,8,res9,cifar10,0.3,7,base.18,0.589930
10,6,8,res9,cifar10,0.3,8,classifier,0.665733
10,6,9,res9,cifar10,0.3,0,base.2,0.971740
10,6,9,res9,cifar10,0.3,1,base.6,0.941064
10,6,9,res9,cifar10,0.3,2,base.7,0.946022
10,6,9,res9,cifar10,0.3,3,base.11,0.918400
10,6,9,res9,cifar10,0.3,4,base.15,0.847772
10,6,9,res9,cifar10,0.3,5,base.16,0.740199
10,6,9,res9,cifar10,0.3,6,base.17,0.740199
10,6,9,res9,cifar10,0.3,7,base.18,0.740199
10,6,9,res9,cifar10,0.3,8,classifier,0.750170
10,7,8,res9,cifar10,0.3,0,base.2,0.976505
10,7,8,res9,cifar10,0.3,1,base.6,0.924377
10,7,8,res9,cifar10,0.3,2,base.7,0.822613
10,7,8,res9,cifar10,0.3,3,base.11,0.750436
10,7,8,res9,cifar10,0.3,4,base.15,0.723309
10,7,8,res9,cifar10,0.3,5,base.16,0.439720
10,7,8,res9,cifar10,0.3,6,base.17,0.439720
10,7,8,res9,cifar10,0.3,7,base.18,0.439720
10,7,8,res9,cifar10,0.3,8,classifier,0.366645
10,7,9,res9,cifar10,0.3,0,base.2,0.981072
10,7,9,res9,cifar10,0.3,1,base.6,0.936388
10,7,9,res9,cifar10,0.3,2,base.7,0.788856
10,7,9,res9,cifar10,0.3,3,base.11,0.798563
10,7,9,res9,cifar10,0.3,4,base.15,0.746934
10,7,9,res9,cifar10,0.3,5,base.16,0.617364
10,7,9,res9,cifar10,0.3,6,base.17,0.617364
10,7,9,res9,cifar10,0.3,7,base.18,0.617364
10,7,9,res9,cifar10,0.3,8,classifier,0.605377
10,8,9,res9,cifar10,0.3,0,base.2,0.980836
10,8,9,res9,cifar10,0.3,1,base.6,0.904742
10,8,9,res9,cifar10,0.3,2,base.7,0.647383
10,8,9,res9,cifar10,0.3,3,base.11,0.540910
10,8,9,res9,cifar10,0.3,4,base.15,0.574574
10,8,9,res9,cifar10,0.3,5,base.16,0.533016
10,8,9,res9,cifar10,0.3,6,base.17,0.533016
10,8,9,res9,cifar10,0.3,7,base.18,0.533016
10,8,9,res9,cifar10,0.3,8,classifier,0.639467
20,0,1,res9,cifar10,0.3,0,base.2,0.989319
20,0,1,res9,cifar10,0.3,1,base.6,0.962538
20,0,1,res9,cifar10,0.3,2,base.7,0.917218
20,0,1,res9,cifar10,0.3,3,base.11,0.811350
20,0,1,res9,cifar10,0.3,4,base.15,0.729421
20,0,1,res9,cifar10,0.3,5,base.16,0.672692
20,0,1,res9,cifar10,0.3,6,base.17,0.672692
20,0,1,res9,cifar10,0.3,7,base.18,0.672692
20,0,1,res9,cifar10,0.3,8,classifier,0.744034
20,0,2,res9,cifar10,0.3,0,base.2,0.985306
20,0,2,res9,cifar10,0.3,1,base.6,0.947781
20,0,2,res9,cifar10,0.3,2,base.7,0.923033
20,0,2,res9,cifar10,0.3,3,base.11,0.825328
20,0,2,res9,cifar10,0.3,4,base.15,0.669305
20,0,2,res9,cifar10,0.3,5,base.16,0.589508
20,0,2,res9,cifar10,0.3,6,base.17,0.589508
20,0,2,res9,cifar10,0.3,7,base.18,0.589508
20,0,2,res9,cifar10,0.3,8,classifier,0.758963
20,0,3,res9,cifar10,0.3,0,base.2,0.972314
20,0,3,res9,cifar10,0.3,1,base.6,0.954352
20,0,3,res9,cifar10,0.3,2,base.7,0.912743
20,0,3,res9,cifar10,0.3,3,base.11,0.842418
20,0,3,res9,cifar10,0.3,4,base.15,0.784587
20,0,3,res9,cifar10,0.3,5,base.16,0.665150
20,0,3,res9,cifar10,0.3,6,base.17,0.665150
20,0,3,res9,cifar10,0.3,7,base.18,0.665150
20,0,3,res9,cifar10,0.3,8,classifier,0.631185
20,0,4,res9,cifar10,0.3,0,base.2,0.979727
20,0,4,res9,cifar10,0.3,1,base.6,0.955362
20,0,4,res9,cifar10,0.3,2,base.7,0.939225
20,0,4,res9,cifar10,0.3,3,base.11,0.890299
20,0,4,res9,cifar10,0.3,4,base.15,0.805931
20,0,4,res9,cifar10,0.3,5,base.16,0.722475
20,0,4,res9,cifar10,0.3,6,base.17,0.722475
20,0,4,res9,cifar10,0.3,7,base.18,0.722475
20,0,4,res9,cifar10,0.3,8,classifier,0.659890
20,0,5,res9,cifar10,0.3,0,base.2,0.991816
20,0,5,res9,cifar10,0.3,1,base.6,0.967226
20,0,5,res9,cifar10,0.3,2,base.7,0.887635
20,0,5,res9,cifar10,0.3,3,base.11,0.754352
20,0,5,res9,cifar10,0.3,4,base.15,0.653739
20,0,5,res9,cifar10,0.3,5,base.16,0.558199
20,0,5,res9,cifar10,0.3,6,base.17,0.558199
20,0,5,res9,cifar10,0.3,7,base.18,0.558199
20,0,5,res9,cifar10,0.3,8,classifier,0.426681
20,0,6,res9,cifar10,0.3,0,base.2,0.949330
20,0,6,res9,cifar10,0.3,1,base.6,0.892187
20,0,6,res9,cifar10,0.3,2,base.7,0.813628
20,0,6,res9,cifar10,0.3,3,base.11,0.721369
20,0,6,res9,cifar10,0.3,4,base.15,0.724695
20,0,6,res9,cifar10,0.3,5,base.16,0.663673
20,0,6,res9,cifar10,0.3,6,base.17,0.663673
20,0,6,res9,cifar10,0.3,7,base.18,0.663673
20,0,6,res9,cifar10,0.3,8,classifier,0.728928
20,0,7,res9,cifar10,0.3,0,base.2,0.984153
20,0,7,res9,cifar10,0.3,1,base.6,0.950001
20,0,7,res9,cifar10,0.3,2,base.7,0.892057
20,0,7,res9,cifar10,0.3,3,base.11,0.852953
20,0,7,res9,cifar10,0.3,4,base.15,0.770555
20,0,7,res9,cifar10,0.3,5,base.16,0.443007
20,0,7,res9,cifar10,0.3,6,base.17,0.443007
20,0,7,res9,cifar10,0.3,7,base.18,0.443007
20,0,7,res9,cifar10,0.3,8,classifier,0.295611
20,0,8,res9,cifar10,0.3,0,base.2,0.991209
20,0,8,res9,cifar10,0.3,1,base.6,0.977708
20,0,8,res9,cifar10,0.3,2,base.7,0.957442
20,0,8,res9,cifar10,0.3,3,base.11,0.860010
20,0,8,res9,cifar10,0.3,4,base.15,0.844035
20,0,8,res9,cifar10,0.3,5,base.16,0.760547
20,0,8,res9,cifar10,0.3,6,base.17,0.760547
20,0,8,res9,cifar10,0.3,7,base.18,0.760547
20,0,8,res9,cifar10,0.3,8,classifier,0.810202
20,0,9,res9,cifar10,0.3,0,base.2,0.986270
20,0,9,res9,cifar10,0.3,1,base.6,0.955555
20,0,9,res9,cifar10,0.3,2,base.7,0.886898
20,0,9,res9,cifar10,0.3,3,base.11,0.784864
20,0,9,res9,cifar10,0.3,4,base.15,0.744037
20,0,9,res9,cifar10,0.3,5,base.16,0.651271
20,0,9,res9,cifar10,0.3,6,base.17,0.651271
20,0,9,res9,cifar10,0.3,7,base.18,0.651271
20,0,9,res9,cifar10,0.3,8,classifier,0.693478
20,1,2,res9,cifar10,0.3,0,base.2,0.977054
20,1,2,res9,cifar10,0.3,1,base.6,0.916440
20,1,2,res9,cifar10,0.3,2,base.7,0.911417
20,1,2,res9,cifar10,0.3,3,base.11,0.934018
20,1,2,res9,cifar10,0.3,4,base.15,0.895240
20,1,2,res9,cifar10,0.3,5,base.16,0.868950
20,1,2,res9,cifar10,0.3,6,base.17,0.868950
20,1,2,res9,cifar10,0.3,7,base.18,0.868950
20,1,2,res9,cifar10,0.3,8,classifier,0.840184
20,1,3,res9,cifar10,0.3,0,base.2,0.972036
20,1,3,res9,cifar10,0.3,1,base.6,0.966006
20,1,3,res9,cifar10,0.3,2,base.7,0.939565
20,1,3,res9,cifar10,0.3,3,base.11,0.940242
20,1,3,res9,cifar10,0.3,4,base.15,0.892155
20,1,3,res9,cifar10,0.3,5,base.16,0.704191
20,1,3,res9,cifar10,0.3,6,base.17,0.704191
20,1,3,res9,cifar10,0.3,7,base.18,0.704191
20,1,3,res9,cifar10,0.3,8,classifier,0.668625
20,1,4,res9,cifar10,0.3,0,base.2,0.984601
20,1,4,res9,cifar10,0.3,1,base.6,0.930528
20,1,4,res9,cifar10,0.3,2,base.7,0.907565
20,1,4,res9,cifar10,0.3,3,base.11,0.916021
20,1,4,res9,cifar10,0.3,4,base.15,0.899696
20,1,4,res9,cifar10,0.3,5,base.16,0.728941
20,1,4,res9,cifar10,0.3,6,base.17,0.728941
20,1,4,res9,cifar10,0.3,7,base.18,0.728941
20,1,4,res9,cifar10,0.3,8,classifier,0.708336
20,1,5,res9,cifar10,0.3,0,base.2,0.981096
20,1,5,res9,cifar10,0.3,1,base.6,0.977155
20,1,5,res9,cifar10,0.3,2,base.7,0.953411
20,1,5,res9,cifar10,0.3,3,base.11,0.939046
20,1,5,res9,cifar10,0.3,4,base.15,0.914043
20,1,5,res9,cifar10,0.3,5,base.16,0.763032
20,1,5,res9,cifar10,0.3,6,base.17,0.763032
20,1,5,res9,cifar10,0.3,7,base.18,0.763032
20,1,5,res9,cifar10,0.3,8,classifier,0.553161
20,1,6,res9,cifar10,0.3,0,base.2,0.927957
20,1,6,res9,cifar10,0.3,1,base.6,0.908263
20,1,6,res9,cifar10,0.3,2,base.7,0.855903
20,1,6,res9,cifar10,0.3,3,base.11,0.881388
20,1,6,res9,cifar10,0.3,4,base.15,0.865755
20,1,6,res9,cifar10,0.3,5,base.16,0.744324
20,1,6,res9,cifar10,0.3,6,base.17,0.744324
20,1,6,res9,cifar10,0.3,7,base.18,0.744324
20,1,6,res9,cifar10,0.3,8,classifier,0.742315
20,1,7,res9,cifar10,0.3,0,base.2,0.984177
20,1,7,res9,cifar10,0.3,1,base.6,0.935968
20,1,7,res9,cifar10,0.3,2,base.7,0.836808
20,1,7,res9,cifar10,0.3,3,base.11,0.846508
20,1,7,res9,cifar10,0.3,4,base.15,0.771164
20,1,7,res9,cifar10,0.3,5,base.16,0.432683
20,1,7,res9,cifar10,0.3,6,base.17,0.432683
20,1,7,res9,cifar10,0.3,7,base.18,0.432683
20,1,7,res9,cifar10,0.3,8,classifier,0.288971
20,1,8,res9,cifar10,0.3,0,base.2,0.983607
20,1,8,res9,cifar10,0.3,1,base.6,0.953901
20,1,8,res9,cifar10,0.3,2,base.7,0.930299
20,1,8,res9,cifar10,0.3,3,base.11,0.907308
20,1,8,res9,cifar10,0.3,4,base.15,0.805834
20,1,8,res9,cifar10,0.3,5,base.16,0.766889
20,1,8,res9,cifar10,0.3,6,base.17,0.766889
20,1,8,res9,cifar10,0.3,7,base.18,0.766889
20,1,8,res9,cifar10,0.3,8,classifier,0.787488
20,1,9,res9,cifar10,0.3,0,base.2,0.981987
20,1,9,res9,cifar10,0.3,1,base.6,0.959582
20,1,9,res9,cifar10,0.3,2,base.7,0.944325
20,1,9,res9,cifar10,0.3,3,base.11,0.924322
20,1,9,res9,cifar10,0.3,4,base.15,0.891249
20,1,9,res9,cifar10,0.3,5,base.16,0.706358
20,1,9,res9,cifar10,0.3,6,base.17,0.706358
20,1,9,res9,cifar10,0.3,7,base.18,0.706358
20,1,9,res9,cifar10,0.3,8,classifier,0.674401
20,2,3,res9,cifar10,0.3,0,base.2,0.973336
20,2,3,res9,cifar10,0.3,1,base.6,0.958133
20,2,3,res9,cifar10,0.3,2,base.7,0.942337
20,2,3,res9,cifar10,0.3,3,base.11,0.918221
20,2,3,res9,cifar10,0.3,4,base.15,0.825002
20,2,3,res9,cifar10,0.3,5,base.16,0.665555
20,2,3,res9,cifar10,0.3,6,base.17,0.665555
20,2,3,res9,cifar10,0.3,7,base.18,0.665555
20,2,3,res9,cifar10,0.3,8,classifier,0.590130
20,2,4,res9,cifar10,0.3,0,base.2,0.976660
20,2,4,res9,cifar10,0.3,1,base.6,0.974857
20,2,4,res9,cifar10,0.3,2,base.7,0.942540
20,2,4,res9,cifar10,0.3,3,base.11,0.914573
20,2,4,res9,cifar10,0.3,4,base.15,0.849747
20,2,4,res9,cifar10,0.3,5,base.16,0.692495
20,2,4,res9,cifar10,0.3,6,base.17,0.692495
20,2,4,res9,cifar10,0.3,7,base.18,0.692495
20,2,4,res9,cifar10,0.3,8,classifier,0.645081
20,2,5,res9,cifar10,0.3,0,base.2,0.971762
20,2,5,res9,cifar10,0.3,1,base.6,0.930456
20,2,5,res9,cifar10,0.3,2,base.7,0.910129
20,2,5,res9,cifar10,0.3,3,base.11,0.941052
20,2,5,res9,cifar10,0.3,4,base.15,0.942958
20,2,5,res9,cifar10,0.3,5,base.16,0.769617
20,2,5,res9,cifar10,0.3,6,base.17,0.769617
20,2,5,res9,cifar10,0.3,7,base.18,0.769617
20,2,5,res9,cifar10,0.3,8,classifier,0.517644
20,2,6,res9,cifar10,0.3,0,base.2,0.936638
20,2,6,res9,cifar10,0.3,1,base.6,0.818111
20,2,6,res9,cifar10,0.3,2,base.7,0.798891
20,2,6,res9,cifar10,0.3,3,base.11,0.855692
20,2,6,res9,cifar10,0.3,4,base.15,0.837728
20,2,6,res9,cifar10,0.3,5,base.16,0.718594
20,2,6,res9,cifar10,0.3,6,base.17,0.718594
20,2,6,res9,cifar10,0.3,7,base.18,0.718594
20,2,6,res9,cifar10,0.3,8,classifier,0.763763
20,2,7,res9,cifar10,0.3,0,base.2,0.981846
20,2,7,res9,cifar10,0.3,1,base.6,0.965808
20,2,7,res9,cifar10,0.3,2,base.7,0.899994
20,2,7,res9,cifar10,0.3,3,base.11,0.843864
20,2,7,res9,cifar10,0.3,4,base.15,0.715712
20,2,7,res9,cifar10,0.3,5,base.16,0.376574
20,2,7,res9,cifar10,0.3,6,base.17,0.376574
20,2,7,res9,cifar10,0.3,7,base.18,0.376574
20,2,7,res9,cifar10,0.3,8,classifier,0.263122
20,2,8,res9,cifar10,0.3,0,base.2,0.989761
20,2,8,res9,cifar10,0.3,1,base.6,0.965388
20,2,8,res9,cifar10,0.3,2,base.7,0.917279
20,2,8,res9,cifar10,0.3,3,base.11,0.904319
20,2,8,res9,cifar10,0.3,4,base.15,0.765345
20,2,8,res9,cifar10,0.3,5,base.16,0.764658
20,2,8,res9,cifar10,0.3,6,base.17,0.764658
20,2,8,res9,cifar10,0.3,7,base.18,0.764658
20,2,8,res9,cifar10,0.3,8,classifier,0.803736
20,2,9,res9,cifar10,0.3,0,base.2,0.975628
20,2,9,res9,cifar10,0.3,1,base.6,0.914843
20,2,9,res9,cifar10,0.3,2,base.7,0.910930
20,2,9,res9,cifar10,0.3,3,base.11,0.930141
20,2,9,res9,cifar10,0.3,4,base.15,0.876092
20,2,9,res9,cifar10,0.3,5,base.16,0.681820
20,2,9,res9,cifar10,0.3,6,base.17,0.681820
20,2,9,res9,cifar10,0.3,7,base.18,0.681820
20,2,9,res9,cifar10,0.3,8,classifier,0.664824
20,3,4,res9,cifar10,0.3,0,base.2,0.987981
20,3,4,res9,cifar10,0.3,1,base.6,0.956526
20,3,4,res9,cifar10,0.3,2,base.7,0.915006
20,3,4,res9,cifar10,0.3,3,base.11,0.919571
20,3,4,res9,cifar10,0.3,4,base.15,0.898847
20,3,4,res9,cifar10,0.3,5,base.16,0.799676
20,3,4,res9,cifar10,0.3,6,base.17,0.799676
20,3,4,res9,cifar10,0.3,7,base.18,0.799676
20,3,4,res9,cifar10,0.3,8,classifier,0.850701
20,3,5,res9,cifar10,0.3,0,base.2,0.967901
20,3,5,res9,cifar10,0.3,1,base.6,0.968951
20,3,5,res9,cifar10,0.3,2,base.7,0.945947
20,3,5,res9,cifar10,0.3,3,base.11,0.932242
20,3,5,res9,cifar10,0.3,4,base.15,0.849440
20,3,5,res9,cifar10,0.3,5,base.16,0.706789
20,3,5,res9,cifar10,0.3,6,base.17,0.706789
20,3,5,res9,cifar10,0.3,7,base.18,0.706789
20,3,5,res9,cifar10,0.3,8,classifier,0.636940
20,3,6,res9,cifar10,0.3,0,base.2,0.954566
20,3,6,res9,cifar10,0.3,1,base.6,0.907573
20,3,6,res9,cifar10,0.3,2,base.7,0.879797
20,3,6,res9,cifar10,0.3,3,base.11,0.903703
20,3,6,res9,cifar10,0.3,4,base.15,0.860177
20,3,6,res9,cifar10,0.3,5,base.16,0.713558
20,3,6,res9,cifar10,0.3,6,base.17,0.713558
20,3,6,res9,cifar10,0.3,7,base.18,0.713558
20,3,6,res9,cifar10,0.3,8,classifier,0.683306
20,3,7,res9,cifar10,0.3,0,base.2,0.983557
20,3,7,res9,cifar10,0.3,1,base.6,0.952663
20,3,7,res9,cifar10,0.3,2,base.7,0.869903
20,3,7,res9,cifar10,0.3,3,base.11,0.869831
20,3,7,res9,cifar10,0.3,4,base.15,0.807526
20,3,7,res9,cifar10,0.3,5,base.16,0.558998
20,3,7,res9,cifar10,0.3,6,base.17,0.558998
20,3,7,res9,cifar10,0.3,7,base.18,0.558998
20,3,7,res9,cifar10,0.3,8,classifier,0.546036
20,3,8,res9,cifar10,0.3,0,base.2,0.963978
20,3,8,res9,cifar10,0.3,1,base.6,0.953610
20,3,8,res9,cifar10,0.3,2,base.7,0.914951
20,3,8,res9,cifar10,0.3,3,base.11,0.896491
20,3,8,res9,cifar10,0.3,4,base.15,0.834215
20,3,8,res9,cifar10,0.3,5,base.16,0.633042
20,3,8,res9,cifar10,0.3,6,base.17,0.633042
20,3,8,res9,cifar10,0.3,7,base.18,0.633042
20,3,8,res9,cifar10,0.3,8,classifier,0.589183
20,3,9,res9,cifar10,0.3,0,base.2,0.972528
20,3,9,res9,cifar10,0.3,1,base.6,0.946848
20,3,9,res9,cifar10,0.3,2,base.7,0.924908
20,3,9,res9,cifar10,0.3,3,base.11,0.900848
20,3,9,res9,cifar10,0.3,4,base.15,0.835517
20,3,9,res9,cifar10,0.3,5,base.16,0.716002
20,3,9,res9,cifar10,0.3,6,base.17,0.716002
20,3,9,res9,cifar10,0.3,7,base.18,0.716002
20,3,9,res9,cifar10,0.3,8,classifier,0.745374
20,4,5,res9,cifar10,0.3,0,base.2,0.971088
20,4,5,res9,cifar10,0.3,1,base.6,0.933523
20,4,5,res9,cifar10,0.3,2,base.7,0.872034
20,4,5,res9,cifar10,0.3,3,base.11,0.868855
20,4,5,res9,cifar10,0.3,4,base.15,0.865676
20,4,5,res9,cifar10,0.3,5,base.16,0.696560
20,4,5,res9,cifar10,0.3,6,base.17,0.696560
20,4,5,res9,cifar10,0.3,7,base.18,0.696560
20,4,5,res9,cifar10,0.3,8,classifier,0.666522
20,4,6,res9,cifar10,0.3,0,base.2,0.951419
20,4,6,res9,cifar10,0.3,1,base.6,0.841311
20,4,6,res9,cifar10,0.3,2,base.7,0.759628
20,4,6,res9,cifar10,0.3,3,base.11,0.816153
20,4,6,res9,cifar10,0.3,4,base.15,0.858108
20,4,6,res9,cifar10,0.3,5,base.16,0.691411
20,4,6,res9,cifar10,0.3,6,base.17,0.691411
20,4,6,res9,cifar10,0.3,7,base.18,0.691411
20,4,6,res9,cifar10,0.3,8,classifier,0.676067
20,4,7,res9,cifar10,0.3,0,base.2,0.990276
20,4,7,res9,cifar10,0.3,1,base.6,0.980085
20,4,7,res9,cifar10,0.3,2,base.7,0.953159
20,4,7,res9,cifar10,0.3,3,base.11,0.922746
20,4,7,res9,cifar10,0.3,4,base.15,0.858618
20,4,7,res9,cifar10,0.3,5,base.16,0.658805
20,4,7,res9,cifar10,0.3,6,base.17,0.658805
20,4,7,res9,cifar10,0.3,7,base.18,0.658805
20,4,7,res9,cifar10,0.3,8,classifier,0.620739
20,4,8,res9,cifar10,0.3,0,base.2,0.971710
20,4,8,res9,cifar10,0.3,1,base.6,0.968863
20,4,8,res9,cifar10,0.3,2,base.7,0.932213
20,4,8,res9,cifar10,0.3,3,base.11,0.900261
20,4,8,res9,cifar10,0.3,4,base.15,0.841615
20,4,8,res9,cifar10,0.3,5,base.16,0.708841
20,4,8,res9,cifar10,0.3,6,base.17,0.708841
20,4,8,res9,cifar10,0.3,7,base.18,0.708841
20,4,8,res9,cifar10,0.3,8,classifier,0.624540
20,4,9,res9,cifar10,0.3,0,base.2,0.974551
20,4,9,res9,cifar10,0.3,1,base.6,0.906717
20,4,9,res9,cifar10,0.3,2,base.7,0.859883
20,4,9,res9,cifar10,0.3,3,base.11,0.865242
20,4,9,res9,cifar10,0.3,4,base.15,0.884310
20,4,9,res9,cifar10,0.3,5,base.16,0.759202
20,4,9,res9,cifar10,0.3,6,base.17,0.759202
20,4,9,res9,cifar10,0.3,7,base.18,0.759202
20,4,9,res9,cifar10,0.3,8,classifier,0.743588
20,5,6,res9,cifar10,0.3,0,base.2,0.960625
20,5,6,res9,cifar10,0.3,1,base.6,0.902487
20,5,6,res9,cifar10,0.3,2,base.7,0.896336
20,5,6,res9,cifar10,0.3,3,base.11,0.927456
20,5,6,res9,cifar10,0.3,4,base.15,0.868535
20,5,6,res9,cifar10,0.3,5,base.16,0.752482
20,5,6,res9,cifar10,0.3,6,base.17,0.752482
20,5,6,res9,cifar10,0.3,7,base.18,0.752482
20,5,6,res9,cifar10,0.3,8,classifier,0.600098
20,5,7,res9,cifar10,0.3,0,base.2,0.977234
20,5,7,res9,cifar10,0.3,1,base.6,0.945763
20,5,7,res9,cifar10,0.3,2,base.7,0.796068
20,5,7,res9,cifar10,0.3,3,base.11,0.786049
20,5,7,res9,cifar10,0.3,4,base.15,0.703866
20,5,7,res9,cifar10,0.3,5,base.16,0.448729
20,5,7,res9,cifar10,0.3,6,base.17,0.448729
20,5,7,res9,cifar10,0.3,7,base.18,0.448729
20,5,7,res9,cifar10,0.3,8,classifier,0.378139
20,5,8,res9,cifar10,0.3,0,base.2,0.978641
20,5,8,res9,cifar10,0.3,1,base.6,0.953191
20,5,8,res9,cifar10,0.3,2,base.7,0.891980
20,5,8,res9,cifar10,0.3,3,base.11,0.883574
20,5,8,res9,cifar10,0.3,4,base.15,0.755883
20,5,8,res9,cifar10,0.3,5,base.16,0.574195
20,5,8,res9,cifar10,0.3,6,base.17,0.574195
20,5,8,res9,cifar10,0.3,7,base.18,0.574195
20,5,8,res9,cifar10,0.3,8,classifier,0.377830
20,5,9,res9,cifar10,0.3,0,base.2,0.987302
20,5,9,res9,cifar10,0.3,1,base.6,0.970526
20,5,9,res9,cifar10,0.3,2,base.7,0.965604
20,5,9,res9,cifar10,0.3,3,base.11,0.955066
20,5,9,res9,cifar10,0.3,4,base.15,0.897485
20,5,9,res9,cifar10,0.3,5,base.16,0.696117
20,5,9,res9,cifar10,0.3,6,base.17,0.696117
20,5,9,res9,cifar10,0.3,7,base.18,0.696117
20,5,9,res9,cifar10,0.3,8,classifier,0.527876
20,6,7,res9,cifar10,0.3,0,base.2,0.938247
20,6,7,res9,cifar10,0.3,1,base.6,0.819651
20,6,7,res9,cifar10,0.3,2,base.7,0.667373
20,6,7,res9,cifar10,0.3,3,base.11,0.762969
20,6,7,res9,cifar10,0.3,4,base.15,0.736365
20,6,7,res9,cifar10,0.3,5,base.16,0.516211
20,6,7,res9,cifar10,0.3,6,base.17,0.516211
20,6,7,res9,cifar10,0.3,7,base.18,0.516211
20,6,7,res9,cifar10,0.3,8,classifier,0.385453
20,6,8,res9,cifar10,0.3,0,base.2,0.933478
20,6,8,res9,cifar10,0.3,1,base.6,0.862116
20,6,8,res9,cifar10,0.3,2,base.7,0.814794
20,6,8,res9,cifar10,0.3,3,base.11,0.851176
20,6,8,res9,cifar10,0.3,4,base.15,0.792912
20,6,8,res9,cifar10,0.3,5,base.16,0.620279
20,6,8,res9,cifar10,0.3,6,base.17,0.620279
20,6,8,res9,cifar10,0.3,7,base.18,0.620279
20,6,8,res9,cifar10,0.3,8,classifier,0.740808
20,6,9,res9,cifar10,0.3,0,base.2,0.955478
20,6,9,res9,cifar10,0.3,1,base.6,0.922604
20,6,9,res9,cifar10,0.3,2,base.7,0.898495
20,6,9,res9,cifar10,0.3,3,base.11,0.915752
20,6,9,res9,cifar10,0.3,4,base.15,0.853726
20,6,9,res9,cifar10,0.3,5,base.16,0.713893
20,6,9,res9,cifar10,0.3,6,base.17,0.713893
20,6,9,res9,cifar10,0.3,7,base.18,0.713893
20,6,9,res9,cifar10,0.3,8,classifier,0.703161
20,7,8,res9,cifar10,0.3,0,base.2,0.985190
20,7,8,res9,cifar10,0.3,1,base.6,0.968892
20,7,8,res9,cifar10,0.3,2,base.7,0.894926
20,7,8,res9,cifar10,0.3,3,base.11,0.836518
20,7,8,res9,cifar10,0.3,4,base.15,0.748255
20,7,8,res9,cifar10,0.3,5,base.16,0.357076
20,7,8,res9,cifar10,0.3,6,base.17,0.357076
20,7,8,res9,cifar10,0.3,7,base.18,0.357076
20,7,8,res9,cifar10,0.3,8,classifier,0.223125
20,7,9,res9,cifar10,0.3,0,base.2,0.974694
20,7,9,res9,cifar10,0.3,1,base.6,0.898661
20,7,9,res9,cifar10,0.3,2,base.7,0.760155
20,7,9,res9,cifar10,0.3,3,base.11,0.777811
20,7,9,res9,cifar10,0.3,4,base.15,0.746296
20,7,9,res9,cifar10,0.3,5,base.16,0.521669
20,7,9,res9,cifar10,0.3,6,base.17,0.521669
20,7,9,res9,cifar10,0.3,7,base.18,0.521669
20,7,9,res9,cifar10,0.3,8,classifier,0.412004
20,8,9,res9,cifar10,0.3,0,base.2,0.977454
20,8,9,res9,cifar10,0.3,1,base.6,0.931643
20,8,9,res9,cifar10,0.3,2,base.7,0.886494
20,8,9,res9,cifar10,0.3,3,base.11,0.895016
20,8,9,res9,cifar10,0.3,4,base.15,0.830024
20,8,9,res9,cifar10,0.3,5,base.16,0.633553
20,8,9,res9,cifar10,0.3,6,base.17,0.633553
20,8,9,res9,cifar10,0.3,7,base.18,0.633553
20,8,9,res9,cifar10,0.3,8,classifier,0.673584
30,0,1,res9,cifar10,0.3,0,base.2,0.989496
30,0,1,res9,cifar10,0.3,1,base.6,0.957983
30,0,1,res9,cifar10,0.3,2,base.7,0.888946
30,0,1,res9,cifar10,0.3,3,base.11,0.777779
30,0,1,res9,cifar10,0.3,4,base.15,0.664025
30,0,1,res9,cifar10,0.3,5,base.16,0.480199
30,0,1,res9,cifar10,0.3,6,base.17,0.480199
30,0,1,res9,cifar10,0.3,7,base.18,0.480199
30,0,1,res9,cifar10,0.3,8,classifier,0.609082
30,0,2,res9,cifar10,0.3,0,base.2,0.983679
30,0,2,res9,cifar10,0.3,1,base.6,0.964501
30,0,2,res9,cifar10,0.3,2,base.7,0.942659
30,0,2,res9,cifar10,0.3,3,base.11,0.874707
30,0,2,res9,cifar10,0.3,4,base.15,0.833186
30,0,2,res9,cifar10,0.3,5,base.16,0.691104
30,0,2,res9,cifar10,0.3,6,base.17,0.691104
30,0,2,res9,cifar10,0.3,7,base.18,0.691104
30,0,2,res9,cifar10,0.3,8,classifier,0.760107
30,0,3,res9,cifar10,0.3,0,base.2,0.989032
30,0,3,res9,cifar10,0.3,1,base.6,0.981822
30,0,3,res9,cifar10,0.3,2,base.7,0.960591
30,0,3,res9,cifar10,0.3,3,base.11,0.916329
30,0,3,res9,cifar10,0.3,4,base.15,0.884162
30,0,3,res9,cifar10,0.3,5,base.16,0.718476
30,0,3,res9,cifar10,0.3,6,base.17,0.718476
30,0,3,res9,cifar10,0.3,7,base.18,0.718476
30,0,3,res9,cifar10,0.3,8,classifier,0.755366
30,0,4,res9,cifar10,0.3,0,base.2,0.990486
30,0,4,res9,cifar10,0.3,1,base.6,0.963490
30,0,4,res9,cifar10,0.3,2,base.7,0.952770
30,0,4,res9,cifar10,0.3,3,base.11,0.890338
30,0,4,res9,cifar10,0.3,4,base.15,0.847029
30,0,4,res9,cifar10,0.3,5,base.16,0.716310
30,0,4,res9,cifar10,0.3,6,base.17,0.716310
30,0,4,res9,cifar10,0.3,7,base.18,0.716310
30,0,4,res9,cifar10,0.3,8,classifier,0.730166
30,0,5,res9,cifar10,0.3,0,base.2,0.989721
30,0,5,res9,cifar10,0.3,1,base.6,0.960369
30,0,5,res9,cifar10,0.3,2,base.7,0.929460
30,0,5,res9,cifar10,0.3,3,base.11,0.832119
30,0,5,res9,cifar10,0.3,4,base.15,0.778657
30,0,5,res9,cifar10,0.3,5,base.16,0.597687
30,0,5,res9,cifar10,0.3,6,base.17,0.597687
30,0,5,res9,cifar10,0.3,7,base.18,0.597687
30,0,5,res9,cifar10,0.3,8,classifier,0.604101
30,0,6,res9,cifar10,0.3,0,base.2,0.956203
30,0,6,res9,cifar10,0.3,1,base.6,0.923013
30,0,6,res9,cifar10,0.3,2,base.7,0.807945
30,0,6,res9,cifar10,0.3,3,base.11,0.746257
30,0,6,res9,cifar10,0.3,4,base.15,0.718835
30,0,6,res9,cifar10,0.3,5,base.16,0.656136
30,0,6,res9,cifar10,0.3,6,base.17,0.656136
30,0,6,res9,cifar10,0.3,7,base.18,0.656136
30,0,6,res9,cifar10,0.3,8,classifier,0.719757
30,0,7,res9,cifar10,0.3,0,base.2,0.988757
30,0,7,res9,cifar10,0.3,1,base.6,0.968321
30,0,7,res9,cifar10,0.3,2,base.7,0.955639
30,0,7,res9,cifar10,0.3,3,base.11,0.883150
30,0,7,res9,cifar10,0.3,4,base.15,0.799015
30,0,7,res9,cifar10,0.3,5,base.16,0.581805
30,0,7,res9,cifar10,0.3,6,base.17,0.581805
30,0,7,res9,cifar10,0.3,7,base.18,0.581805
30,0,7,res9,cifar10,0.3,8,classifier,0.477669
30,0,8,res9,cifar10,0.3,0,base.2,0.990497
30,0,8,res9,cifar10,0.3,1,base.6,0.963016
30,0,8,res9,cifar10,0.3,2,base.7,0.908962
30,0,8,res9,cifar10,0.3,3,base.11,0.866990
30,0,8,res9,cifar10,0.3,4,base.15,0.806673
30,0,8,res9,cifar10,0.3,5,base.16,0.672333
30,0,8,res9,cifar10,0.3,6,base.17,0.672333
30,0,8,res9,cifar10,0.3,7,base.18,0.672333
30,0,8,res9,cifar10,0.3,8,classifier,0.773620
30,0,9,res9,cifar10,0.3,0,base.2,0.989977
30,0,9,res9,cifar10,0.3,1,base.6,0.969416
30,0,9,res9,cifar10,0.3,2,base.7,0.916821
30,0,9,res9,cifar10,0.3,3,base.11,0.848082
30,0,9,res9,cifar10,0.3,4,base.15,0.841465
30,0,9,res9,cifar10,0.3,5,base.16,0.727861
30,0,9,res9,cifar10,0.3,6,base.17,0.727861
30,0,9,res9,cifar10,0.3,7,base.18,0.727861
30,0,9,res9,cifar10,0.3,8,classifier,0.795978
30,1,2,res9,cifar10,0.3,0,base.2,0.983726
30,1,2,res9,cifar10,0.3,1,base.6,0.927509
30,1,2,res9,cifar10,0.3,2,base.7,0.891108
30,1,2,res9,cifar10,0.3,3,base.11,0.882006
30,1,2,res9,cifar10,0.3,4,base.15,0.817221
30,1,2,res9,cifar10,0.3,5,base.16,0.744627
30,1,2,res9,cifar10,0.3,6,base.17,0.744627
30,1,2,res9,cifar10,0.3,7,base.18,0.744627
30,1,2,res9,cifar10,0.3,8,classifier,0.741090
30,1,3,res9,cifar10,0.3,0,base.2,0.988008
30,1,3,res9,cifar10,0.3,1,base.6,0.963693
30,1,3,res9,cifar10,0.3,2,base.7,0.932305
30,1,3,res9,cifar10,0.3,3,base.11,0.887989
30,1,3,res9,cifar10,0.3,4,base.15,0.772613
30,1,3,res9,cifar10,0.3,5,base.16,0.610783
30,1,3,res9,cifar10,0.3,6,base.17,0.610783
30,1,3,res9,cifar10,0.3,7,base.18,0.610783
30,1,3,res9,cifar10,0.3,8,classifier,0.630215
30,1,4,res9,cifar10,0.3,0,base.2,0.986571
30,1,4,res9,cifar10,0.3,1,base.6,0.909706
30,1,4,res9,cifar10,0.3,2,base.7,0.914148
30,1,4,res9,cifar10,0.3,3,base.11,0.912547
30,1,4,res9,cifar10,0.3,4,base.15,0.872940
30,1,4,res9,cifar10,0.3,5,base.16,0.672654
30,1,4,res9,cifar10,0.3,6,base.17,0.672654
30,1,4,res9,cifar10,0.3,7,base.18,0.672654
30,1,4,res9,cifar10,0.3,8,classifier,0.715114
30,1,5,res9,cifar10,0.3,0,base.2,0.992744
30,1,5,res9,cifar10,0.3,1,base.6,0.916008
30,1,5,res9,cifar10,0.3,2,base.7,0.943518
30,1,5,res9,cifar10,0.3,3,base.11,0.927936
30,1,5,res9,cifar10,0.3,4,base.15,0.885704
30,1,5,res9,cifar10,0.3,5,base.16,0.778640
30,1,5,res9,cifar10,0.3,6,base.17,0.778640
30,1,5,res9,cifar10,0.3,7,base.18,0.778640
30,1,5,res9,cifar10,0.3,8,classifier,0.612201
30,1,6,res9,cifar10,0.3,0,base.2,0.966560
30,1,6,res9,cifar10,0.3,1,base.6,0.957455
30,1,6,res9,cifar10,0.3,2,base.7,0.929814
30,1,6,res9,cifar10,0.3,3,base.11,0.950666
30,1,6,res9,cifar10,0.3,4,base.15,0.906031
30,1,6,res9,cifar10,0.3,5,base.16,0.812043
30,1,6,res9,cifar10,0.3,6,base.17,0.812043
30,1,6,res9,cifar10,0.3,7,base.18,0.812043
30,1,6,res9,cifar10,0.3,8,classifier,0.678517
30,1,7,res9,cifar10,0.3,0,base.2,0.989626
30,1,7,res9,cifar10,0.3,1,base.6,0.918546
30,1,7,res9,cifar10,0.3,2,base.7,0.872738
30,1,7,res9,cifar10,0.3,3,base.11,0.891807
30,1,7,res9,cifar10,0.3,4,base.15,0.795029
30,1,7,res9,cifar10,0.3,5,base.16,0.483970
30,1,7,res9,cifar10,0.3,6,base.17,0.483970
30,1,7,res9,cifar10,0.3,7,base.18,0.483970
30,1,7,res9,cifar10,0.3,8,classifier,0.477342
30,1,8,res9,cifar10,0.3,0,base.2,0.987125
30,1,8,res9,cifar10,0.3,1,base.6,0.926882
30,1,8,res9,cifar10,0.3,2,base.7,0.801313
30,1,8,res9,cifar10,0.3,3,base.11,0.717158
30,1,8,res9,cifar10,0.3,4,base.15,0.579434
30,1,8,res9,cifar10,0.3,5,base.16,0.475388
30,1,8,res9,cifar10,0.3,6,base.17,0.475388
30,1,8,res9,cifar10,0.3,7,base.18,0.475388
30,1,8,res9,cifar10,0.3,8,classifier,0.548736
30,1,9,res9,cifar10,0.3,0,base.2,0.994657
30,1,9,res9,cifar10,0.3,1,base.6,0.982104
30,1,9,res9,cifar10,0.3,2,base.7,0.970936
30,1,9,res9,cifar10,0.3,3,base.11,0.944711
30,1,9,res9,cifar10,0.3,4,base.15,0.846699
30,1,9,res9,cifar10,0.3,5,base.16,0.636944
30,1,9,res9,cifar10,0.3,6,base.17,0.636944
30,1,9,res9,cifar10,0.3,7,base.18,0.636944
30,1,9,res9,cifar10,0.3,8,classifier,0.646946
30,2,3,res9,cifar10,0.3,0,base.2,0.989912
30,2,3,res9,cifar10,0.3,1,base.6,0.978191
30,2,3,res9,cifar10,0.3,2,base.7,0.959304
30,2,3,res9,cifar10,0.3,3,base.11,0.936237
30,2,3,res9,cifar10,0.3,4,base.15,0.891242
30,2,3,res9,cifar10,0.3,5,base.16,0.734758
30,2,3,res9,cifar10,0.3,6,base.17,0.734758
30,2,3,res9,cifar10,0.3,7,base.18,0.734758
30,2,3,res9,cifar10,0.3,8,classifier,0.769621
30,2,4,res9,cifar10,0.3,0,base.2,0.982015
30,2,4,res9,cifar10,0.3,1,base.6,0.972437
30,2,4,res9,cifar10,0.3,2,base.7,0.954195
30,2,4,res9,cifar10,0.3,3,base.11,0.941781
30,2,4,res9,cifar10,0.3,4,base.15,0.895837
30,2,4,res9,cifar10,0.3,5,base.16,0.734150
30,2,4,res9,cifar10,0.3,6,base.17,0.734150
30,2,4,res9,cifar10,0.3,7,base.18,0.734150
30,2,4,res9,cifar10,0.3,8,classifier,0.758052
30,2,5,res9,cifar10,0.3,0,base.2,0.981147
30,2,5,res9,cifar10,0.3,1,base.6,0.972607
30,2,5,res9,cifar10,0.3,2,base.7,0.950856
30,2,5,res9,cifar10,0.3,3,base.11,0.941556
30,2,5,res9,cifar10,0.3,4,base.15,0.900860
30,2,5,res9,cifar10,0.3,5,base.16,0.756576
30,2,5,res9,cifar10,0.3,6,base.17,0.756576
30,2,5,res9,cifar10,0.3,7,base.18,0.756576
30,2,5,res9,cifar10,0.3,8,classifier,0.612623
30,2,6,res9,cifar10,0.3,0,base.2,0.955501
30,2,6,res9,cifar10,0.3,1,base.6,0.868082
30,2,6,res9,cifar10,0.3,2,base.7,0.805061
30,2,6,res9,cifar10,0.3,3,base.11,0.863433
30,2,6,res9,cifar10,0.3,4,base.15,0.844274
30,2,6,res9,cifar10,0.3,5,base.16,0.756450
30,2,6,res9,cifar10,0.3,6,base.17,0.756450
30,2,6,res9,cifar10,0.3,7,base.18,0.756450
30,2,6,res9,cifar10,0.3,8,classifier,0.673888
30,2,7,res9,cifar10,0.3,0,base.2,0.990622
30,2,7,res9,cifar10,0.3,1,base.6,0.985890
30,2,7,res9,cifar10,0.3,2,base.7,0.955770
30,2,7,res9,cifar10,0.3,3,base.11,0.907414
30,2,7,res9,cifar10,0.3,4,base.15,0.834151
30,2,7,res9,cifar10,0.3,5,base.16,0.629997
30,2,7,res9,cifar10,0.3,6,base.17,0.629997
30,2,7,res9,cifar10,0.3,7,base.18,0.629997
30,2,7,res9,cifar10,0.3,8,classifier,0.560413
30,2,8,res9,cifar10,0.3,0,base.2,0.988401
30,2,8,res9,cifar10,0.3,1,base.6,0.972969
30,2,8,res9,cifar10,0.3,2,base.7,0.895690
30,2,8,res9,cifar10,0.3,3,base.11,0.773904
30,2,8,res9,cifar10,0.3,4,base.15,0.715523
30,2,8,res9,cifar10,0.3,5,base.16,0.666742
30,2,8,res9,cifar10,0.3,6,base.17,0.666742
30,2,8,res9,cifar10,0.3,7,base.18,0.666742
30,2,8,res9,cifar10,0.3,8,classifier,0.741435
30,2,9,res9,cifar10,0.3,0,base.2,0.988064
30,2,9,res9,cifar10,0.3,1,base.6,0.949455
30,2,9,res9,cifar10,0.3,2,base.7,0.922861
30,2,9,res9,cifar10,0.3,3,base.11,0.914464
30,2,9,res9,cifar10,0.3,4,base.15,0.890840
30,2,9,res9,cifar10,0.3,5,base.16,0.759347
30,2,9,res9,cifar10,0.3,6,base.17,0.759347
30,2,9,res9,cifar10,0.3,7,base.18,0.759347
30,2,9,res9,cifar10,0.3,8,classifier,0.756480
30,3,4,res9,cifar10,0.3,0,base.2,0.987314
30,3,4,res9,cifar10,0.3,1,base.6,0.970209
30,3,4,res9,cifar10,0.3,2,base.7,0.957326
30,3,4,res9,cifar10,0.3,3,base.11,0.944625
30,3,4,res9,cifar10,0.3,4,base.15,0.884507
30,3,4,res9,cifar10,0.3,5,base.16,0.770734
30,3,4,res9,cifar10,0.3,6,base.17,0.770734
30,3,4,res9,cifar10,0.3,7,base.18,0.770734
30,3,4,res9,cifar10,0.3,8,classifier,0.798319
30,3,5,res9,cifar10,0.3,0,base.2,0.980333
30,3,5,res9,cifar10,0.3,1,base.6,0.975683
30,3,5,res9,cifar10,0.3,2,base.7,0.954890
30,3,5,res9,cifar10,0.3,3,base.11,0.935881
30,3,5,res9,cifar10,0.3,4,base.15,0.866836
30,3,5,res9,cifar10,0.3,5,base.16,0.745047
30,3,5,res9,cifar10,0.3,6,base.17,0.745047
30,3,5,res9,cifar10,0.3,7,base.18,0.745047
30,3,5,res9,cifar10,0.3,8,classifier,0.736737
30,3,6,res9,cifar10,0.3,0,base.2,0.972961
30,3,6,res9,cifar10,0.3,1,base.6,0.915689
30,3,6,res9,cifar10,0.3,2,base.7,0.858227
30,3,6,res9,cifar10,0.3,3,base.11,0.876726
30,3,6,res9,cifar10,0.3,4,base.15,0.828057
30,3,6,res9,cifar10,0.3,5,base.16,0.715508
30,3,6,res9,cifar10,0.3,6,base.17,0.715508
30,3,6,res9,cifar10,0.3,7,base.18,0.715508
30,3,6,res9,cifar10,0.3,8,classifier,0.594114
30,3,7,res9,cifar10,0.3,0,base.2,0.991541
30,3,7,res9,cifar10,0.3,1,base.6,0.975264
30,3,7,res9,cifar10,0.3,2,base.7,0.941391
30,3,7,res9,cifar10,0.3,3,base.11,0.915361
30,3,7,res9,cifar10,0.3,4,base.15,0.831610
30,3,7,res9,cifar10,0.3,5,base.16,0.670353
30,3,7,res9,cifar10,0.3,6,base.17,0.670353
30,3,7,res9,cifar10,0.3,7,base.18,0.670353
30,3,7,res9,cifar10,0.3,8,classifier,0.640693
30,3,8,res9,cifar10,0.3,0,base.2,0.989564
30,3,8,res9,cifar10,0.3,1,base.6,0.967258
30,3,8,res9,cifar10,0.3,2,base.7,0.892222
30,3,8,res9,cifar10,0.3,3,base.11,0.808403
30,3,8,res9,cifar10,0.3,4,base.15,0.739326
30,3,8,res9,cifar10,0.3,5,base.16,0.554404
30,3,8,res9,cifar10,0.3,6,base.17,0.554404
30,3,8,res9,cifar10,0.3,7,base.18,0.554404
30,3,8,res9,cifar10,0.3,8,classifier,0.585664
30,3,9,res9,cifar10,0.3,0,base.2,0.990232
30,3,9,res9,cifar10,0.3,1,base.6,0.974106
30,3,9,res9,cifar10,0.3,2,base.7,0.947792
30,3,9,res9,cifar10,0.3,3,base.11,0.916056
30,3,9,res9,cifar10,0.3,4,base.15,0.872125
30,3,9,res9,cifar10,0.3,5,base.16,0.730115
30,3,9,res9,cifar10,0.3,6,base.17,0.730115
30,3,9,res9,cifar10,0.3,7,base.18,0.730115
30,3,9,res9,cifar10,0.3,8,classifier,0.710837
30,4,5,res9,cifar10,0.3,0,base.2,0.986654
30,4,5,res9,cifar10,0.3,1,base.6,0.983603
30,4,5,res9,cifar10,0.3,2,base.7,0.968555
30,4,5,res9,cifar10,0.3,3,base.11,0.961718
30,4,5,res9,cifar10,0.3,4,base.15,0.917811
30,4,5,res9,cifar10,0.3,5,base.16,0.737211
30,4,5,res9,cifar10,0.3,6,base.17,0.737211
30,4,5,res9,cifar10,0.3,7,base.18,0.737211
30,4,5,res9,cifar10,0.3,8,classifier,0.721980
30,4,6,res9,cifar10,0.3,0,base.2,0.965783
30,4,6,res9,cifar10,0.3,1,base.6,0.884271
30,4,6,res9,cifar10,0.3,2,base.7,0.845529
30,4,6,res9,cifar10,0.3,3,base.11,0.906763
30,4,6,res9,cifar10,0.3,4,base.15,0.886909
30,4,6,res9,cifar10,0.3,5,base.16,0.752434
30,4,6,res9,cifar10,0.3,6,base.17,0.752434
30,4,6,res9,cifar10,0.3,7,base.18,0.752434
30,4,6,res9,cifar10,0.3,8,classifier,0.600569
30,4,7,res9,cifar10,0.3,0,base.2,0.996168
30,4,7,res9,cifar10,0.3,1,base.6,0.990369
30,4,7,res9,cifar10,0.3,2,base.7,0.959220
30,4,7,res9,cifar10,0.3,3,base.11,0.943049
30,4,7,res9,cifar10,0.3,4,base.15,0.893069
30,4,7,res9,cifar10,0.3,5,base.16,0.686276
30,4,7,res9,cifar10,0.3,6,base.17,0.686276
30,4,7,res9,cifar10,0.3,7,base.18,0.686276
30,4,7,res9,cifar10,0.3,8,classifier,0.659819
30,4,8,res9,cifar10,0.3,0,base.2,0.986829
30,4,8,res9,cifar10,0.3,1,base.6,0.947870
30,4,8,res9,cifar10,0.3,2,base.7,0.876466
30,4,8,res9,cifar10,0.3,3,base.11,0.799361
30,4,8,res9,cifar10,0.3,4,base.15,0.745761
30,4,8,res9,cifar10,0.3,5,base.16,0.573903
30,4,8,res9,cifar10,0.3,6,base.17,0.573903
30,4,8,res9,cifar10,0.3,7,base.18,0.573903
30,4,8,res9,cifar10,0.3,8,classifier,0.543575
30,4,9,res9,cifar10,0.3,0,base.2,0.987950
30,4,9,res9,cifar10,0.3,1,base.6,0.935880
30,4,9,res9,cifar10,0.3,2,base.7,0.938093
30,4,9,res9,cifar10,0.3,3,base.11,0.933976
30,4,9,res9,cifar10,0.3,4,base.15,0.907597
30,4,9,res9,cifar10,0.3,5,base.16,0.758006
30,4,9,res9,cifar10,0.3,6,base.17,0.758006
30,4,9,res9,cifar10,0.3,7,base.18,0.758006
30,4,9,res9,cifar10,0.3,8,classifier,0.681436
30,5,6,res9,cifar10,0.3,0,base.2,0.941377
30,5,6,res9,cifar10,0.3,1,base.6,0.861184
30,5,6,res9,cifar10,0.3,2,base.7,0.856566
30,5,6,res9,cifar10,0.3,3,base.11,0.912096
30,5,6,res9,cifar10,0.3,4,base.15,0.892552
30,5,6,res9,cifar10,0.3,5,base.16,0.790525
30,5,6,res9,cifar10,0.3,6,base.17,0.790525
30,5,6,res9,cifar10,0.3,7,base.18,0.790525
30,5,6,res9,cifar10,0.3,8,classifier,0.535173
30,5,7,res9,cifar10,0.3,0,base.2,0.987725
30,5,7,res9,cifar10,0.3,1,base.6,0.985506
30,5,7,res9,cifar10,0.3,2,base.7,0.943714
30,5,7,res9,cifar10,0.3,3,base.11,0.922688
30,5,7,res9,cifar10,0.3,4,base.15,0.858342
30,5,7,res9,cifar10,0.3,5,base.16,0.624057
30,5,7,res9,cifar10,0.3,6,base.17,0.624057
30,5,7,res9,cifar10,0.3,7,base.18,0.624057
30,5,7,res9,cifar10,0.3,8,classifier,0.550371
30,5,8,res9,cifar10,0.3,0,base.2,0.988028
30,5,8,res9,cifar10,0.3,1,base.6,0.963105
30,5,8,res9,cifar10,0.3,2,base.7,0.852633
30,5,8,res9,cifar10,0.3,3,base.11,0.737515
30,5,8,res9,cifar10,0.3,4,base.15,0.648912
30,5,8,res9,cifar10,0.3,5,base.16,0.465196
30,5,8,res9,cifar10,0.3,6,base.17,0.465196
30,5,8,res9,cifar10,0.3,7,base.18,0.465196
30,5,8,res9,cifar10,0.3,8,classifier,0.403999
30,5,9,res9,cifar10,0.3,0,base.2,0.989552
30,5,9,res9,cifar10,0.3,1,base.6,0.946911
30,5,9,res9,cifar10,0.3,2,base.7,0.953651
30,5,9,res9,cifar10,0.3,3,base.11,0.932268
30,5,9,res9,cifar10,0.3,4,base.15,0.885113
30,5,9,res9,cifar10,0.3,5,base.16,0.698383
30,5,9,res9,cifar10,0.3,6,base.17,0.698383
30,5,9,res9,cifar10,0.3,7,base.18,0.698383
30,5,9,res9,cifar10,0.3,8,classifier,0.556027
30,6,7,res9,cifar10,0.3,0,base.2,0.967630
30,6,7,res9,cifar10,0.3,1,base.6,0.875982
30,6,7,res9,cifar10,0.3,2,base.7,0.776133
30,6,7,res9,cifar10,0.3,3,base.11,0.872927
30,6,7,res9,cifar10,0.3,4,base.15,0.798912
30,6,7,res9,cifar10,0.3,5,base.16,0.542043
30,6,7,res9,cifar10,0.3,6,base.17,0.542043
30,6,7,res9,cifar10,0.3,7,base.18,0.542043
30,6,7,res9,cifar10,0.3,8,classifier,0.342797
30,6,8,res9,cifar10,0.3,0,base.2,0.946442
30,6,8,res9,cifar10,0.3,1,base.6,0.853668
30,6,8,res9,cifar10,0.3,2,base.7,0.677927
30,6,8,res9,cifar10,0.3,3,base.11,0.685268
30,6,8,res9,cifar10,0.3,4,base.15,0.648312
30,6,8,res9,cifar10,0.3,5,base.16,0.616609
30,6,8,res9,cifar10,0.3,6,base.17,0.616609
30,6,8,res9,cifar10,0.3,7,base.18,0.616609
30,6,8,res9,cifar10,0.3,8,classifier,0.716621
30,6,9,res9,cifar10,0.3,0,base.2,0.964989
30,6,9,res9,cifar10,0.3,1,base.6,0.939521
30,6,9,res9,cifar10,0.3,2,base.7,0.899028
30,6,9,res9,cifar10,0.3,3,base.11,0.909183
30,6,9,res9,cifar10,0.3,4,base.15,0.856488
30,6,9,res9,cifar10,0.3,5,base.16,0.765643
30,6,9,res9,cifar10,0.3,6,base.17,0.765643
30,6,9,res9,cifar10,0.3,7,base.18,0.765643
30,6,9,res9,cifar10,0.3,8,classifier,0.743259
30,7,8,res9,cifar10,0.3,0,base.2,0.990771
30,7,8,res9,cifar10,0.3,1,base.6,0.975147
30,7,8,res9,cifar10,0.3,2,base.7,0.925036
30,7,8,res9,cifar10,0.3,3,base.11,0.826792
30,7,8,res9,cifar10,0.3,4,base.15,0.723297
30,7,8,res9,cifar10,0.3,5,base.16,0.410719
30,7,8,res9,cifar10,0.3,6,base.17,0.410719
30,7,8,res9,cifar10,0.3,7,base.18,0.410719
30,7,8,res9,cifar10,0.3,8,classifier,0.309606
30,7,9,res9,cifar10,0.3,0,base.2,0.992545
30,7,9,res9,cifar10,0.3,1,base.6,0.944650
30,7,9,res9,cifar10,0.3,2,base.7,0.906128
30,7,9,res9,cifar10,0.3,3,base.11,0.915456
30,7,9,res9,cifar10,0.3,4,base.15,0.840322
30,7,9,res9,cifar10,0.3,5,base.16,0.600116
30,7,9,res9,cifar10,0.3,6,base.17,0.600116
30,7,9,res9,cifar10,0.3,7,base.18,0.600116
30,7,9,res9,cifar10,0.3,8,classifier,0.433382
30,8,9,res9,cifar10,0.3,0,base.2,0.989152
30,8,9,res9,cifar10,0.3,1,base.6,0.943402
30,8,9,res9,cifar10,0.3,2,base.7,0.837745
30,8,9,res9,cifar10,0.3,3,base.11,0.769551
30,8,9,res9,cifar10,0.3,4,base.15,0.762340
30,8,9,res9,cifar10,0.3,5,base.16,0.682895
30,8,9,res9,cifar10,0.3,6,base.17,0.682895
30,8,9,res9,cifar10,0.3,7,base.18,0.682895
30,8,9,res9,cifar10,0.3,8,classifier,0.789025
40,0,1,res9,cifar10,0.3,0,base.2,0.981646
40,0,1,res9,cifar10,0.3,1,base.6,0.980513
40,0,1,res9,cifar10,0.3,2,base.7,0.936769
40,0,1,res9,cifar10,0.3,3,base.11,0.862925
40,0,1,res9,cifar10,0.3,4,base.15,0.754856
40,0,1,res9,cifar10,0.3,5,base.16,0.596556
40,0,1,res9,cifar10,0.3,6,base.17,0.596556
40,0,1,res9,cifar10,0.3,7,base.18,0.596556
40,0,1,res9,cifar10,0.3,8,classifier,0.583108
40,0,2,res9,cifar10,0.3,0,base.2,0.986215
40,0,2,res9,cifar10,0.3,1,base.6,0.965286
40,0,2,res9,cifar10,0.3,2,base.7,0.924561
40,0,2,res9,cifar10,0.3,3,base.11,0.876386
40,0,2,res9,cifar10,0.3,4,base.15,0.775464
40,0,2,res9,cifar10,0.3,5,base.16,0.675436
40,0,2,res9,cifar10,0.3,6,base.17,0.675436
40,0,2,res9,cifar10,0.3,7,base.18,0.675436
40,0,2,res9,cifar10,0.3,8,classifier,0.734276
40,0,3,res9,cifar10,0.3,0,base.2,0.988260
40,0,3,res9,cifar10,0.3,1,base.6,0.985883
40,0,3,res9,cifar10,0.3,2,base.7,0.955002
40,0,3,res9,cifar10,0.3,3,base.11,0.911931
40,0,3,res9,cifar10,0.3,4,base.15,0.811675
40,0,3,res9,cifar10,0.3,5,base.16,0.687047
40,0,3,res9,cifar10,0.3,6,base.17,0.687047
40,0,3,res9,cifar10,0.3,7,base.18,0.687047
40,0,3,res9,cifar10,0.3,8,classifier,0.636358
40,0,4,res9,cifar10,0.3,0,base.2,0.994511
40,0,4,res9,cifar10,0.3,1,base.6,0.982812
40,0,4,res9,cifar10,0.3,2,base.7,0.943577
40,0,4,res9,cifar10,0.3,3,base.11,0.900181
40,0,4,res9,cifar10,0.3,4,base.15,0.784760
40,0,4,res9,cifar10,0.3,5,base.16,0.617067
40,0,4,res9,cifar10,0.3,6,base.17,0.617067
40,0,4,res9,cifar10,0.3,7,base.18,0.617067
40,0,4,res9,cifar10,0.3,8,classifier,0.621552
40,0,5,res9,cifar10,0.3,0,base.2,0.984243
40,0,5,res9,cifar10,0.3,1,base.6,0.958020
40,0,5,res9,cifar10,0.3,2,base.7,0.854018
40,0,5,res9,cifar10,0.3,3,base.11,0.851687
40,0,5,res9,cifar10,0.3,4,base.15,0.725776
40,0,5,res9,cifar10,0.3,5,base.16,0.648862
40,0,5,res9,cifar10,0.3,6,base.17,0.648862
40,0,5,res9,cifar10,0.3,7,base.18,0.648862
40,0,5,res9,cifar10,0.3,8,classifier,0.552109
40,0,6,res9,cifar10,0.3,0,base.2,0.966127
40,0,6,res9,cifar10,0.3,1,base.6,0.921458
40,0,6,res9,cifar10,0.3,2,base.7,0.823004
40,0,6,res9,cifar10,0.3,3,base.11,0.813012
40,0,6,res9,cifar10,0.3,4,base.15,0.778425
40,0,6,res9,cifar10,0.3,5,base.16,0.682082
40,0,6,res9,cifar10,0.3,6,base.17,0.682082
40,0,6,res9,cifar10,0.3,7,base.18,0.682082
40,0,6,res9,cifar10,0.3,8,classifier,0.757464
40,0,7,res9,cifar10,0.3,0,base.2,0.987520
40,0,7,res9,cifar10,0.3,1,base.6,0.978089
40,0,7,res9,cifar10,0.3,2,base.7,0.942296
40,0,7,res9,cifar10,0.3,3,base.11,0.918446
40,0,7,res9,cifar10,0.3,4,base.15,0.815172
40,0,7,res9,cifar10,0.3,5,base.16,0.595237
40,0,7,res9,cifar10,0.3,6,base.17,0.595237
40,0,7,res9,cifar10,0.3,7,base.18,0.595237
40,0,7,res9,cifar10,0.3,8,classifier,0.588268
40,0,8,res9,cifar10,0.3,0,base.2,0.991024
40,0,8,res9,cifar10,0.3,1,base.6,0.969210
40,0,8,res9,cifar10,0.3,2,base.7,0.899642
40,0,8,res9,cifar10,0.3,3,base.11,0.832553
40,0,8,res9,cifar10,0.3,4,base.15,0.785283
40,0,8,res9,cifar10,0.3,5,base.16,0.698895
40,0,8,res9,cifar10,0.3,6,base.17,0.698895
40,0,8,res9,cifar10,0.3,7,base.18,0.698895
40,0,8,res9,cifar10,0.3,8,classifier,0.773903
40,0,9,res9,cifar10,0.3,0,base.2,0.976621
40,0,9,res9,cifar10,0.3,1,base.6,0.940535
40,0,9,res9,cifar10,0.3,2,base.7,0.856513
40,0,9,res9,cifar10,0.3,3,base.11,0.865343
40,0,9,res9,cifar10,0.3,4,base.15,0.794233
40,0,9,res9,cifar10,0.3,5,base.16,0.673327
40,0,9,res9,cifar10,0.3,6,base.17,0.673327
40,0,9,res9,cifar10,0.3,7,base.18,0.673327
40,0,9,res9,cifar10,0.3,8,classifier,0.683774
40,1,2,res9,cifar10,0.3,0,base.2,0.991098
40,1,2,res9,cifar10,0.3,1,base.6,0.966954
40,1,2,res9,cifar10,0.3,2,base.7,0.929161
40,1,2,res9,cifar10,0.3,3,base.11,0.886010
40,1,2,res9,cifar10,0.3,4,base.15,0.837352
40,1,2,res9,cifar10,0.3,5,base.16,0.709152
40,1,2,res9,cifar10,0.3,6,base.17,0.709152
40,1,2,res9,cifar10,0.3,7,base.18,0.709152
40,1,2,res9,cifar10,0.3,8,classifier,0.678169
40,1,3,res9,cifar10,0.3,0,base.2,0.991576
40,1,3,res9,cifar10,0.3,1,base.6,0.988760
40,1,3,res9,cifar10,0.3,2,base.7,0.956319
40,1,3,res9,cifar10,0.3,3,base.11,0.912645
40,1,3,res9,cifar10,0.3,4,base.15,0.853393
40,1,3,res9,cifar10,0.3,5,base.16,0.734629
40,1,3,res9,cifar10,0.3,6,base.17,0.734629
40,1,3,res9,cifar10,0.3,7,base.18,0.734629
40,1,3,res9,cifar10,0.3,8,classifier,0.717495
40,1,4,res9,cifar10,0.3,0,base.2,0.981800
40,1,4,res9,cifar10,0.3,1,base.6,0.974171
40,1,4,res9,cifar10,0.3,2,base.7,0.949174
40,1,4,res9,cifar10,0.3,3,base.11,0.924333
40,1,4,res9,cifar10,0.3,4,base.15,0.873040
40,1,4,res9,cifar10,0.3,5,base.16,0.701774
40,1,4,res9,cifar10,0.3,6,base.17,0.701774
40,1,4,res9,cifar10,0.3,7,base.18,0.701774
40,1,4,res9,cifar10,0.3,8,classifier,0.705350
40,1,5,res9,cifar10,0.3,0,base.2,0.970839
40,1,5,res9,cifar10,0.3,1,base.6,0.961732
40,1,5,res9,cifar10,0.3,2,base.7,0.896552
40,1,5,res9,cifar10,0.3,3,base.11,0.900981
40,1,5,res9,cifar10,0.3,4,base.15,0.813362
40,1,5,res9,cifar10,0.3,5,base.16,0.729178
40,1,5,res9,cifar10,0.3,6,base.17,0.729178
40,1,5,res9,cifar10,0.3,7,base.18,0.729178
40,1,5,res9,cifar10,0.3,8,classifier,0.714877
40,1,6,res9,cifar10,0.3,0,base.2,0.955551
40,1,6,res9,cifar10,0.3,1,base.6,0.917222
40,1,6,res9,cifar10,0.3,2,base.7,0.853047
40,1,6,res9,cifar10,0.3,3,base.11,0.898688
40,1,6,res9,cifar10,0.3,4,base.15,0.878689
40,1,6,res9,cifar10,0.3,5,base.16,0.746117
40,1,6,res9,cifar10,0.3,6,base.17,0.746117
40,1,6,res9,cifar10,0.3,7,base.18,0.746117
40,1,6,res9,cifar10,0.3,8,classifier,0.669484
40,1,7,res9,cifar10,0.3,0,base.2,0.985991
40,1,7,res9,cifar10,0.3,1,base.6,0.978249
40,1,7,res9,cifar10,0.3,2,base.7,0.937074
40,1,7,res9,cifar10,0.3,3,base.11,0.893202
40,1,7,res9,cifar10,0.3,4,base.15,0.812022
40,1,7,res9,cifar10,0.3,5,base.16,0.573494
40,1,7,res9,cifar10,0.3,6,base.17,0.573494
40,1,7,res9,cifar10,0.3,7,base.18,0.573494
40,1,7,res9,cifar10,0.3,8,classifier,0.537073
40,1,8,res9,cifar10,0.3,0,base.2,0.992095
40,1,8,res9,cifar10,0.3,1,base.6,0.966286
40,1,8,res9,cifar10,0.3,2,base.7,0.881414
40,1,8,res9,cifar10,0.3,3,base.11,0.794653
40,1,8,res9,cifar10,0.3,4,base.15,0.812257
40,1,8,res9,cifar10,0.3,5,base.16,0.635041
40,1,8,res9,cifar10,0.3,6,base.17,0.635041
40,1,8,res9,cifar10,0.3,7,base.18,0.635041
40,1,8,res9,cifar10,0.3,8,classifier,0.606894
40,1,9,res9,cifar10,0.3,0,base.2,0.970259
40,1,9,res9,cifar10,0.3,1,base.6,0.941066
40,1,9,res9,cifar10,0.3,2,base.7,0.890925
40,1,9,res9,cifar10,0.3,3,base.11,0.898234
40,1,9,res9,cifar10,0.3,4,base.15,0.847945
40,1,9,res9,cifar10,0.3,5,base.16,0.661835
40,1,9,res9,cifar10,0.3,6,base.17,0.661835
40,1,9,res9,cifar10,0.3,7,base.18,0.661835
40,1,9,res9,cifar10,0.3,8,classifier,0.647831
40,2,3,res9,cifar10,0.3,0,base.2,0.993371
40,2,3,res9,cifar10,0.3,1,base.6,0.983011
40,2,3,res9,cifar10,0.3,2,base.7,0.956368
40,2,3,res9,cifar10,0.3,3,base.11,0.915158
40,2,3,res9,cifar10,0.3,4,base.15,0.891674
40,2,3,res9,cifar10,0.3,5,base.16,0.763627
40,2,3,res9,cifar10,0.3,6,base.17,0.763627
40,2,3,res9,cifar10,0.3,7,base.18,0.763627
40,2,3,res9,cifar10,0.3,8,classifier,0.753180
40,2,4,res9,cifar10,0.3,0,base.2,0.993569
40,2,4,res9,cifar10,0.3,1,base.6,0.986294
40,2,4,res9,cifar10,0.3,2,base.7,0.956951
40,2,4,res9,cifar10,0.3,3,base.11,0.928087
40,2,4,res9,cifar10,0.3,4,base.15,0.853893
40,2,4,res9,cifar10,0.3,5,base.16,0.676420
40,2,4,res9,cifar10,0.3,6,base.17,0.676420
40,2,4,res9,cifar10,0.3,7,base.18,0.676420
40,2,4,res9,cifar10,0.3,8,classifier,0.685304
40,2,5,res9,cifar10,0.3,0,base.2,0.985105
40,2,5,res9,cifar10,0.3,1,base.6,0.967776
40,2,5,res9,cifar10,0.3,2,base.7,0.890691
40,2,5,res9,cifar10,0.3,3,base.11,0.895278
40,2,5,res9,cifar10,0.3,4,base.15,0.870765
40,2,5,res9,cifar10,0.3,5,base.16,0.741562
40,2,5,res9,cifar10,0.3,6,base.17,0.741562
40,2,5,res9,cifar10,0.3,7,base.18,0.741562
40,2,5,res9,cifar10,0.3,8,classifier,0.599020
40,2,6,res9,cifar10,0.3,0,base.2,0.966835
40,2,6,res9,cifar10,0.3,1,base.6,0.877534
40,2,6,res9,cifar10,0.3,2,base.7,0.819378
40,2,6,res9,cifar10,0.3,3,base.11,0.825551
40,2,6,res9,cifar10,0.3,4,base.15,0.850883
40,2,6,res9,cifar10,0.3,5,base.16,0.768937
40,2,6,res9,cifar10,0.3,6,base.17,0.768937
40,2,6,res9,cifar10,0.3,7,base.18,0.768937
40,2,6,res9,cifar10,0.3,8,classifier,0.762242
40,2,7,res9,cifar10,0.3,0,base.2,0.996574
40,2,7,res9,cifar10,0.3,1,base.6,0.988723
40,2,7,res9,cifar10,0.3,2,base.7,0.955826
40,2,7,res9,cifar10,0.3,3,base.11,0.909144
40,2,7,res9,cifar10,0.3,4,base.15,0.826597
40,2,7,res9,cifar10,0.3,5,base.16,0.590933
40,2,7,res9,cifar10,0.3,6,base.17,0.590933
40,2,7,res9,cifar10,0.3,7,base.18,0.590933
40,2,7,res9,cifar10,0.3,8,classifier,0.590596
40,2,8,res9,cifar10,0.3,0,base.2,0.993511
40,2,8,res9,cifar10,0.3,1,base.6,0.979992
40,2,8,res9,cifar10,0.3,2,base.7,0.887881
40,2,8,res9,cifar10,0.3,3,base.11,0.816776
40,2,8,res9,cifar10,0.3,4,base.15,0.769434
40,2,8,res9,cifar10,0.3,5,base.16,0.737561
40,2,8,res9,cifar10,0.3,6,base.17,0.737561
40,2,8,res9,cifar10,0.3,7,base.18,0.737561
40,2,8,res9,cifar10,0.3,8,classifier,0.780600
40,2,9,res9,cifar10,0.3,0,base.2,0.982505
40,2,9,res9,cifar10,0.3,1,base.6,0.914476
40,2,9,res9,cifar10,0.3,2,base.7,0.877844
40,2,9,res9,cifar10,0.3,3,base.11,0.873508
40,2,9,res9,cifar10,0.3,4,base.15,0.867294
40,2,9,res9,cifar10,0.3,5,base.16,0.694640
40,2,9,res9,cifar10,0.3,6,base.17,0.694640
40,2,9,res9,cifar10,0.3,7,base.18,0.694640
40,2,9,res9,cifar10,0.3,8,classifier,0.684815
40,3,4,res9,cifar10,0.3,0,base.2,0.991106
40,3,4,res9,cifar10,0.3,1,base.6,0.986233
40,3,4,res9,cifar10,0.3,2,base.7,0.957808
40,3,4,res9,cifar10,0.3,3,base.11,0.935456
40,3,4,res9,cifar10,0.3,4,base.15,0.879725
40,3,4,res9,cifar10,0.3,5,base.16,0.697379
40,3,4,res9,cifar10,0.3,6,base.17,0.697379
40,3,4,res9,cifar10,0.3,7,base.18,0.697379
40,3,4,res9,cifar10,0.3,8,classifier,0.745723
40,3,5,res9,cifar10,0.3,0,base.2,0.984840
40,3,5,res9,cifar10,0.3,1,base.6,0.976609
40,3,5,res9,cifar10,0.3,2,base.7,0.903452
40,3,5,res9,cifar10,0.3,3,base.11,0.938653
40,3,5,res9,cifar10,0.3,4,base.15,0.874127
40,3,5,res9,cifar10,0.3,5,base.16,0.770219
40,3,5,res9,cifar10,0.3,6,base.17,0.770219
40,3,5,res9,cifar10,0.3,7,base.18,0.770219
40,3,5,res9,cifar10,0.3,8,classifier,0.732261
40,3,6,res9,cifar10,0.3,0,base.2,0.978129
40,3,6,res9,cifar10,0.3,1,base.6,0.918626
40,3,6,res9,cifar10,0.3,2,base.7,0.859030
40,3,6,res9,cifar10,0.3,3,base.11,0.899098
40,3,6,res9,cifar10,0.3,4,base.15,0.882156
40,3,6,res9,cifar10,0.3,5,base.16,0.768511
40,3,6,res9,cifar10,0.3,6,base.17,0.768511
40,3,6,res9,cifar10,0.3,7,base.18,0.768511
40,3,6,res9,cifar10,0.3,8,classifier,0.643194
40,3,7,res9,cifar10,0.3,0,base.2,0.994322
40,3,7,res9,cifar10,0.3,1,base.6,0.988913
40,3,7,res9,cifar10,0.3,2,base.7,0.961042
40,3,7,res9,cifar10,0.3,3,base.11,0.929864
40,3,7,res9,cifar10,0.3,4,base.15,0.874224
40,3,7,res9,cifar10,0.3,5,base.16,0.708386
40,3,7,res9,cifar10,0.3,6,base.17,0.708386
40,3,7,res9,cifar10,0.3,7,base.18,0.708386
40,3,7,res9,cifar10,0.3,8,classifier,0.765218
40,3,8,res9,cifar10,0.3,0,base.2,0.992392
40,3,8,res9,cifar10,0.3,1,base.6,0.974762
40,3,8,res9,cifar10,0.3,2,base.7,0.890799
40,3,8,res9,cifar10,0.3,3,base.11,0.792440
40,3,8,res9,cifar10,0.3,4,base.15,0.779727
40,3,8,res9,cifar10,0.3,5,base.16,0.674034
40,3,8,res9,cifar10,0.3,6,base.17,0.674034
40,3,8,res9,cifar10,0.3,7,base.18,0.674034
40,3,8,res9,cifar10,0.3,8,classifier,0.664981
40,3,9,res9,cifar10,0.3,0,base.2,0.987547
40,3,9,res9,cifar10,0.3,1,base.6,0.944404
40,3,9,res9,cifar10,0.3,2,base.7,0.891595
40,3,9,res9,cifar10,0.3,3,base.11,0.919834
40,3,9,res9,cifar10,0.3,4,base.15,0.871886
40,3,9,res9,cifar10,0.3,5,base.16,0.771678
40,3,9,res9,cifar10,0.3,6,base.17,0.771678
40,3,9,res9,cifar10,0.3,7,base.18,0.771678
40,3,9,res9,cifar10,0.3,8,classifier,0.764924
40,4,5,res9,cifar10,0.3,0,base.2,0.987518
40,4,5,res9,cifar10,0.3,1,base.6,0.961783
40,4,5,res9,cifar10,0.3,2,base.7,0.912725
40,4,5,res9,cifar10,0.3,3,base.11,0.921371
40,4,5,res9,cifar10,0.3,4,base.15,0.875605
40,4,5,res9,cifar10,0.3,5,base.16,0.676073
40,4,5,res9,cifar10,0.3,6,base.17,0.676073
40,4,5,res9,cifar10,0.3,7,base.18,0.676073
40,4,5,res9,cifar10,0.3,8,classifier,0.730305
40,4,6,res9,cifar10,0.3,0,base.2,0.975205
40,4,6,res9,cifar10,0.3,1,base.6,0.919731
40,4,6,res9,cifar10,0.3,2,base.7,0.871848
40,4,6,res9,cifar10,0.3,3,base.11,0.890625
40,4,6,res9,cifar10,0.3,4,base.15,0.873342
40,4,6,res9,cifar10,0.3,5,base.16,0.703590
40,4,6,res9,cifar10,0.3,6,base.17,0.703590
40,4,6,res9,cifar10,0.3,7,base.18,0.703590
40,4,6,res9,cifar10,0.3,8,classifier,0.681805
40,4,7,res9,cifar10,0.3,0,base.2,0.995943
40,4,7,res9,cifar10,0.3,1,base.6,0.988456
40,4,7,res9,cifar10,0.3,2,base.7,0.951228
40,4,7,res9,cifar10,0.3,3,base.11,0.942975
40,4,7,res9,cifar10,0.3,4,base.15,0.910929
40,4,7,res9,cifar10,0.3,5,base.16,0.683882
40,4,7,res9,cifar10,0.3,6,base.17,0.683882
40,4,7,res9,cifar10,0.3,7,base.18,0.683882
40,4,7,res9,cifar10,0.3,8,classifier,0.733446
40,4,8,res9,cifar10,0.3,0,base.2,0.992226
40,4,8,res9,cifar10,0.3,1,base.6,0.982247
40,4,8,res9,cifar10,0.3,2,base.7,0.885662
40,4,8,res9,cifar10,0.3,3,base.11,0.837182
40,4,8,res9,cifar10,0.3,4,base.15,0.812676
40,4,8,res9,cifar10,0.3,5,base.16,0.648179
40,4,8,res9,cifar10,0.3,6,base.17,0.648179
40,4,8,res9,cifar10,0.3,7,base.18,0.648179
40,4,8,res9,cifar10,0.3,8,classifier,0.680581
40,4,9,res9,cifar10,0.3,0,base.2,0.983671
40,4,9,res9,cifar10,0.3,1,base.6,0.933549
40,4,9,res9,cifar10,0.3,2,base.7,0.914527
40,4,9,res9,cifar10,0.3,3,base.11,0.921699
40,4,9,res9,cifar10,0.3,4,base.15,0.892348
40,4,9,res9,cifar10,0.3,5,base.16,0.695846
40,4,9,res9,cifar10,0.3,6,base.17,0.695846
40,4,9,res9,cifar10,0.3,7,base.18,0.695846
40,4,9,res9,cifar10,0.3,8,classifier,0.728660
40,5,6,res9,cifar10,0.3,0,base.2,0.966806
40,5,6,res9,cifar10,0.3,1,base.6,0.905042
40,5,6,res9,cifar10,0.3,2,base.7,0.917697
40,5,6,res9,cifar10,0.3,3,base.11,0.913901
40,5,6,res9,cifar10,0.3,4,base.15,0.846089
40,5,6,res9,cifar10,0.3,5,base.16,0.779798
40,5,6,res9,cifar10,0.3,6,base.17,0.779798
40,5,6,res9,cifar10,0.3,7,base.18,0.779798
40,5,6,res9,cifar10,0.3,8,classifier,0.585404
40,5,7,res9,cifar10,0.3,0,base.2,0.988010
40,5,7,res9,cifar10,0.3,1,base.6,0.957354
40,5,7,res9,cifar10,0.3,2,base.7,0.853188
40,5,7,res9,cifar10,0.3,3,base.11,0.890148
40,5,7,res9,cifar10,0.3,4,base.15,0.825729
40,5,7,res9,cifar10,0.3,5,base.16,0.614730
40,5,7,res9,cifar10,0.3,6,base.17,0.614730
40,5,7,res9,cifar10,0.3,7,base.18,0.614730
40,5,7,res9,cifar10,0.3,8,classifier,0.610787
40,5,8,res9,cifar10,0.3,0,base.2,0.980772
40,5,8,res9,cifar10,0.3,1,base.6,0.945357
40,5,8,res9,cifar10,0.3,2,base.7,0.755422
40,5,8,res9,cifar10,0.3,3,base.11,0.709732
40,5,8,res9,cifar10,0.3,4,base.15,0.683579
40,5,8,res9,cifar10,0.3,5,base.16,0.631708
40,5,8,res9,cifar10,0.3,6,base.17,0.631708
40,5,8,res9,cifar10,0.3,7,base.18,0.631708
40,5,8,res9,cifar10,0.3,8,classifier,0.541094
40,5,9,res9,cifar10,0.3,0,base.2,0.980114
40,5,9,res9,cifar10,0.3,1,base.6,0.953486
40,5,9,res9,cifar10,0.3,2,base.7,0.955718
40,5,9,res9,cifar10,0.3,3,base.11,0.925563
40,5,9,res9,cifar10,0.3,4,base.15,0.884526
40,5,9,res9,cifar10,0.3,5,base.16,0.713280
40,5,9,res9,cifar10,0.3,6,base.17,0.713280
40,5,9,res9,cifar10,0.3,7,base.18,0.713280
40,5,9,res9,cifar10,0.3,8,classifier,0.670308
40,6,7,res9,cifar10,0.3,0,base.2,0.974718
40,6,7,res9,cifar10,0.3,1,base.6,0.892018
40,6,7,res9,cifar10,0.3,2,base.7,0.779466
40,6,7,res9,cifar10,0.3,3,base.11,0.824938
40,6,7,res9,cifar10,0.3,4,base.15,0.817564
40,6,7,res9,cifar10,0.3,5,base.16,0.623045
40,6,7,res9,cifar10,0.3,6,base.17,0.623045
40,6,7,res9,cifar10,0.3,7,base.18,0.623045
40,6,7,res9,cifar10,0.3,8,classifier,0.581189
40,6,8,res9,cifar10,0.3,0,base.2,0.968187
40,6,8,res9,cifar10,0.3,1,base.6,0.873830
40,6,8,res9,cifar10,0.3,2,base.7,0.730854
40,6,8,res9,cifar10,0.3,3,base.11,0.693735
40,6,8,res9,cifar10,0.3,4,base.15,0.749889
40,6,8,res9,cifar10,0.3,5,base.16,0.700662
40,6,8,res9,cifar10,0.3,6,base.17,0.700662
40,6,8,res9,cifar10,0.3,7,base.18,0.700662
40,6,8,res9,cifar10,0.3,8,classifier,0.725619
40,6,9,res9,cifar10,0.3,0,base.2,0.985570
40,6,9,res9,cifar10,0.3,1,base.6,0.955997
40,6,9,res9,cifar10,0.3,2,base.7,0.940602
40,6,9,res9,cifar10,0.3,3,base.11,0.912511
40,6,9,res9,cifar10,0.3,4,base.15,0.859629
40,6,9,res9,cifar10,0.3,5,base.16,0.719570
40,6,9,res9,cifar10,0.3,6,base.17,0.719570
40,6,9,res9,cifar10,0.3,7,base.18,0.719570
40,6,9,res9,cifar10,0.3,8,classifier,0.671960
40,7,8,res9,cifar10,0.3,0,base.2,0.990919
40,7,8,res9,cifar10,0.3,1,base.6,0.982006
40,7,8,res9,cifar10,0.3,2,base.7,0.908370
40,7,8,res9,cifar10,0.3,3,base.11,0.849315
40,7,8,res9,cifar10,0.3,4,base.15,0.782612
40,7,8,res9,cifar10,0.3,5,base.16,0.562869
40,7,8,res9,cifar10,0.3,6,base.17,0.562869
40,7,8,res9,cifar10,0.3,7,base.18,0.562869
40,7,8,res9,cifar10,0.3,8,classifier,0.632044
40,7,9,res9,cifar10,0.3,0,base.2,0.985358
40,7,9,res9,cifar10,0.3,1,base.6,0.905687
40,7,9,res9,cifar10,0.3,2,base.7,0.825523
40,7,9,res9,cifar10,0.3,3,base.11,0.883254
40,7,9,res9,cifar10,0.3,4,base.15,0.864072
40,7,9,res9,cifar10,0.3,5,base.16,0.687083
40,7,9,res9,cifar10,0.3,6,base.17,0.687083
40,7,9,res9,cifar10,0.3,7,base.18,0.687083
40,7,9,res9,cifar10,0.3,8,classifier,0.694332
40,8,9,res9,cifar10,0.3,0,base.2,0.976797
40,8,9,res9,cifar10,0.3,1,base.6,0.891171
40,8,9,res9,cifar10,0.3,2,base.7,0.763566
40,8,9,res9,cifar10,0.3,3,base.11,0.742808
40,8,9,res9,cifar10,0.3,4,base.15,0.758938
40,8,9,res9,cifar10,0.3,5,base.16,0.642085
40,8,9,res9,cifar10,0.3,6,base.17,0.642085
40,8,9,res9,cifar10,0.3,7,base.18,0.642085
40,8,9,res9,cifar10,0.3,8,classifier,0.714113
50,0,1,res9,cifar10,0.3,0,base.2,0.987982
50,0,1,res9,cifar10,0.3,1,base.6,0.972877
50,0,1,res9,cifar10,0.3,2,base.7,0.931089
50,0,1,res9,cifar10,0.3,3,base.11,0.897891
50,0,1,res9,cifar10,0.3,4,base.15,0.817893
50,0,1,res9,cifar10,0.3,5,base.16,0.702406
50,0,1,res9,cifar10,0.3,6,base.17,0.702406
50,0,1,res9,cifar10,0.3,7,base.18,0.702406
50,0,1,res9,cifar10,0.3,8,classifier,0.713819
50,0,2,res9,cifar10,0.3,0,base.2,0.989695
50,0,2,res9,cifar10,0.3,1,base.6,0.966670
50,0,2,res9,cifar10,0.3,2,base.7,0.925459
50,0,2,res9,cifar10,0.3,3,base.11,0.892262
50,0,2,res9,cifar10,0.3,4,base.15,0.843060
50,0,2,res9,cifar10,0.3,5,base.16,0.761782
50,0,2,res9,cifar10,0.3,6,base.17,0.761782
50,0,2,res9,cifar10,0.3,7,base.18,0.761782
50,0,2,res9,cifar10,0.3,8,classifier,0.777263
50,0,3,res9,cifar10,0.3,0,base.2,0.991810
50,0,3,res9,cifar10,0.3,1,base.6,0.985854
50,0,3,res9,cifar10,0.3,2,base.7,0.952995
50,0,3,res9,cifar10,0.3,3,base.11,0.917802
50,0,3,res9,cifar10,0.3,4,base.15,0.825727
50,0,3,res9,cifar10,0.3,5,base.16,0.716126
50,0,3,res9,cifar10,0.3,6,base.17,0.716126
50,0,3,res9,cifar10,0.3,7,base.18,0.716126
50,0,3,res9,cifar10,0.3,8,classifier,0.600929
50,0,4,res9,cifar10,0.3,0,base.2,0.984960
50,0,4,res9,cifar10,0.3,1,base.6,0.955801
50,0,4,res9,cifar10,0.3,2,base.7,0.920193
50,0,4,res9,cifar10,0.3,3,base.11,0.855998
50,0,4,res9,cifar10,0.3,4,base.15,0.825583
50,0,4,res9,cifar10,0.3,5,base.16,0.645436
50,0,4,res9,cifar10,0.3,6,base.17,0.645436
50,0,4,res9,cifar10,0.3,7,base.18,0.645436
50,0,4,res9,cifar10,0.3,8,classifier,0.517664
50,0,5,res9,cifar10,0.3,0,base.2,0.990950
50,0,5,res9,cifar10,0.3,1,base.6,0.975226
50,0,5,res9,cifar10,0.3,2,base.7,0.910928
50,0,5,res9,cifar10,0.3,3,base.11,0.891693
50,0,5,res9,cifar10,0.3,4,base.15,0.808891
50,0,5,res9,cifar10,0.3,5,base.16,0.691371
50,0,5,res9,cifar10,0.3,6,base.17,0.691371
50,0,5,res9,cifar10,0.3,7,base.18,0.691371
50,0,5,res9,cifar10,0.3,8,classifier,0.509322
50,0,6,res9,cifar10,0.3,0,base.2,0.986949
50,0,6,res9,cifar10,0.3,1,base.6,0.952473
50,0,6,res9,cifar10,0.3,2,base.7,0.866050
50,0,6,res9,cifar10,0.3,3,base.11,0.840291
50,0,6,res9,cifar10,0.3,4,base.15,0.805895
50,0,6,res9,cifar10,0.3,5,base.16,0.733561
50,0,6,res9,cifar10,0.3,6,base.17,0.733561
50,0,6,res9,cifar10,0.3,7,base.18,0.733561
50,0,6,res9,cifar10,0.3,8,classifier,0.781662
50,0,7,res9,cifar10,0.3,0,base.2,0.992132
50,0,7,res9,cifar10,0.3,1,base.6,0.981478
50,0,7,res9,cifar10,0.3,2,base.7,0.932029
50,0,7,res9,cifar10,0.3,3,base.11,0.886246
50,0,7,res9,cifar10,0.3,4,base.15,0.803598
50,0,7,res9,cifar10,0.3,5,base.16,0.590288
50,0,7,res9,cifar10,0.3,6,base.17,0.590288
50,0,7,res9,cifar10,0.3,7,base.18,0.590288
50,0,7,res9,cifar10,0.3,8,classifier,0.474090
50,0,8,res9,cifar10,0.3,0,base.2,0.995507
50,0,8,res9,cifar10,0.3,1,base.6,0.977989
50,0,8,res9,cifar10,0.3,2,base.7,0.943668
50,0,8,res9,cifar10,0.3,3,base.11,0.908101
50,0,8,res9,cifar10,0.3,4,base.15,0.832814
50,0,8,res9,cifar10,0.3,5,base.16,0.732978
50,0,8,res9,cifar10,0.3,6,base.17,0.732978
50,0,8,res9,cifar10,0.3,7,base.18,0.732978
50,0,8,res9,cifar10,0.3,8,classifier,0.819223
50,0,9,res9,cifar10,0.3,0,base.2,0.991159
50,0,9,res9,cifar10,0.3,1,base.6,0.972183
50,0,9,res9,cifar10,0.3,2,base.7,0.903107
50,0,9,res9,cifar10,0.3,3,base.11,0.907337
50,0,9,res9,cifar10,0.3,4,base.15,0.845113
50,0,9,res9,cifar10,0.3,5,base.16,0.684747
50,0,9,res9,cifar10,0.3,6,base.17,0.684747
50,0,9,res9,cifar10,0.3,7,base.18,0.684747
50,0,9,res9,cifar10,0.3,8,classifier,0.707497
50,1,2,res9,cifar10,0.3,0,base.2,0.992562
50,1,2,res9,cifar10,0.3,1,base.6,0.957718
50,1,2,res9,cifar10,0.3,2,base.7,0.911395
50,1,2,res9,cifar10,0.3,3,base.11,0.902717
50,1,2,res9,cifar10,0.3,4,base.15,0.887347
50,1,2,res9,cifar10,0.3,5,base.16,0.806300
50,1,2,res9,cifar10,0.3,6,base.17,0.806300
50,1,2,res9,cifar10,0.3,7,base.18,0.806300
50,1,2,res9,cifar10,0.3,8,classifier,0.848535
50,1,3,res9,cifar10,0.3,0,base.2,0.985198
50,1,3,res9,cifar10,0.3,1,base.6,0.961951
50,1,3,res9,cifar10,0.3,2,base.7,0.943062
50,1,3,res9,cifar10,0.3,3,base.11,0.936264
50,1,3,res9,cifar10,0.3,4,base.15,0.883789
50,1,3,res9,cifar10,0.3,5,base.16,0.645224
50,1,3,res9,cifar10,0.3,6,base.17,0.645224
50,1,3,res9,cifar10,0.3,7,base.18,0.645224
50,1,3,res9,cifar10,0.3,8,classifier,0.576073
50,1,4,res9,cifar10,0.3,0,base.2,0.980319
50,1,4,res9,cifar10,0.3,1,base.6,0.932546
50,1,4,res9,cifar10,0.3,2,base.7,0.917197
50,1,4,res9,cifar10,0.3,3,base.11,0.869953
50,1,4,res9,cifar10,0.3,4,base.15,0.868889
50,1,4,res9,cifar10,0.3,5,base.16,0.621785
50,1,4,res9,cifar10,0.3,6,base.17,0.621785
50,1,4,res9,cifar10,0.3,7,base.18,0.621785
50,1,4,res9,cifar10,0.3,8,classifier,0.539255
50,1,5,res9,cifar10,0.3,0,base.2,0.990674
50,1,5,res9,cifar10,0.3,1,base.6,0.967649
50,1,5,res9,cifar10,0.3,2,base.7,0.956699
50,1,5,res9,cifar10,0.3,3,base.11,0.932272
50,1,5,res9,cifar10,0.3,4,base.15,0.900307
50,1,5,res9,cifar10,0.3,5,base.16,0.706914
50,1,5,res9,cifar10,0.3,6,base.17,0.706914
50,1,5,res9,cifar10,0.3,7,base.18,0.706914
50,1,5,res9,cifar10,0.3,8,classifier,0.570832
50,1,6,res9,cifar10,0.3,0,base.2,0.991471
50,1,6,res9,cifar10,0.3,1,base.6,0.968835
50,1,6,res9,cifar10,0.3,2,base.7,0.925521
50,1,6,res9,cifar10,0.3,3,base.11,0.886203
50,1,6,res9,cifar10,0.3,4,base.15,0.881823
50,1,6,res9,cifar10,0.3,5,base.16,0.736831
50,1,6,res9,cifar10,0.3,6,base.17,0.736831
50,1,6,res9,cifar10,0.3,7,base.18,0.736831
50,1,6,res9,cifar10,0.3,8,classifier,0.739858
50,1,7,res9,cifar10,0.3,0,base.2,0.989227
50,1,7,res9,cifar10,0.3,1,base.6,0.948472
50,1,7,res9,cifar10,0.3,2,base.7,0.910090
50,1,7,res9,cifar10,0.3,3,base.11,0.889407
50,1,7,res9,cifar10,0.3,4,base.15,0.833864
50,1,7,res9,cifar10,0.3,5,base.16,0.543196
50,1,7,res9,cifar10,0.3,6,base.17,0.543196
50,1,7,res9,cifar10,0.3,7,base.18,0.543196
50,1,7,res9,cifar10,0.3,8,classifier,0.414097
50,1,8,res9,cifar10,0.3,0,base.2,0.987658
50,1,8,res9,cifar10,0.3,1,base.6,0.957269
50,1,8,res9,cifar10,0.3,2,base.7,0.902287
50,1,8,res9,cifar10,0.3,3,base.11,0.879116
50,1,8,res9,cifar10,0.3,4,base.15,0.840376
50,1,8,res9,cifar10,0.3,5,base.16,0.705562
50,1,8,res9,cifar10,0.3,6,base.17,0.705562
50,1,8,res9,cifar10,0.3,7,base.18,0.705562
50,1,8,res9,cifar10,0.3,8,classifier,0.718050
50,1,9,res9,cifar10,0.3,0,base.2,0.991183
50,1,9,res9,cifar10,0.3,1,base.6,0.979930
50,1,9,res9,cifar10,0.3,2,base.7,0.942131
50,1,9,res9,cifar10,0.3,3,base.11,0.919086
50,1,9,res9,cifar10,0.3,4,base.15,0.863434
50,1,9,res9,cifar10,0.3,5,base.16,0.638297
50,1,9,res9,cifar10,0.3,6,base.17,0.638297
50,1,9,res9,cifar10,0.3,7,base.18,0.638297
50,1,9,res9,cifar10,0.3,8,classifier,0.657437
50,2,3,res9,cifar10,0.3,0,base.2,0.994660
50,2,3,res9,cifar10,0.3,1,base.6,0.986864
50,2,3,res9,cifar10,0.3,2,base.7,0.950705
50,2,3,res9,cifar10,0.3,3,base.11,0.927651
50,2,3,res9,cifar10,0.3,4,base.15,0.888915
50,2,3,res9,cifar10,0.3,5,base.16,0.731138
50,2,3,res9,cifar10,0.3,6,base.17,0.731138
50,2,3,res9,cifar10,0.3,7,base.18,0.731138
50,2,3,res9,cifar10,0.3,8,classifier,0.618602
50,2,4,res9,cifar10,0.3,0,base.2,0.990387
50,2,4,res9,cifar10,0.3,1,base.6,0.984225
50,2,4,res9,cifar10,0.3,2,base.7,0.952996
50,2,4,res9,cifar10,0.3,3,base.11,0.927609
50,2,4,res9,cifar10,0.3,4,base.15,0.896130
50,2,4,res9,cifar10,0.3,5,base.16,0.681822
50,2,4,res9,cifar10,0.3,6,base.17,0.681822
50,2,4,res9,cifar10,0.3,7,base.18,0.681822
50,2,4,res9,cifar10,0.3,8,classifier,0.544734
50,2,5,res9,cifar10,0.3,0,base.2,0.992349
50,2,5,res9,cifar10,0.3,1,base.6,0.972107
50,2,5,res9,cifar10,0.3,2,base.7,0.921189
50,2,5,res9,cifar10,0.3,3,base.11,0.914530
50,2,5,res9,cifar10,0.3,4,base.15,0.899698
50,2,5,res9,cifar10,0.3,5,base.16,0.752935
50,2,5,res9,cifar10,0.3,6,base.17,0.752935
50,2,5,res9,cifar10,0.3,7,base.18,0.752935
50,2,5,res9,cifar10,0.3,8,classifier,0.588718
50,2,6,res9,cifar10,0.3,0,base.2,0.985307
50,2,6,res9,cifar10,0.3,1,base.6,0.908982
50,2,6,res9,cifar10,0.3,2,base.7,0.830504
50,2,6,res9,cifar10,0.3,3,base.11,0.805751
50,2,6,res9,cifar10,0.3,4,base.15,0.844861
50,2,6,res9,cifar10,0.3,5,base.16,0.786571
50,2,6,res9,cifar10,0.3,6,base.17,0.786571
50,2,6,res9,cifar10,0.3,7,base.18,0.786571
50,2,6,res9,cifar10,0.3,8,classifier,0.789815
50,2,7,res9,cifar10,0.3,0,base.2,0.995189
50,2,7,res9,cifar10,0.3,1,base.6,0.978028
50,2,7,res9,cifar10,0.3,2,base.7,0.939300
50,2,7,res9,cifar10,0.3,3,base.11,0.884525
50,2,7,res9,cifar10,0.3,4,base.15,0.847608
50,2,7,res9,cifar10,0.3,5,base.16,0.584361
50,2,7,res9,cifar10,0.3,6,base.17,0.584361
50,2,7,res9,cifar10,0.3,7,base.18,0.584361
50,2,7,res9,cifar10,0.3,8,classifier,0.434022
50,2,8,res9,cifar10,0.3,0,base.2,0.992525
50,2,8,res9,cifar10,0.3,1,base.6,0.970825
50,2,8,res9,cifar10,0.3,2,base.7,0.884415
50,2,8,res9,cifar10,0.3,3,base.11,0.861681
50,2,8,res9,cifar10,0.3,4,base.15,0.844262
50,2,8,res9,cifar10,0.3,5,base.16,0.778292
50,2,8,res9,cifar10,0.3,6,base.17,0.778292
50,2,8,res9,cifar10,0.3,7,base.18,0.778292
50,2,8,res9,cifar10,0.3,8,classifier,0.781477
50,2,9,res9,cifar10,0.3,0,base.2,0.989534
50,2,9,res9,cifar10,0.3,1,base.6,0.945666
50,2,9,res9,cifar10,0.3,2,base.7,0.875695
50,2,9,res9,cifar10,0.3,3,base.11,0.865557
50,2,9,res9,cifar10,0.3,4,base.15,0.856086
50,2,9,res9,cifar10,0.3,5,base.16,0.701860
50,2,9,res9,cifar10,0.3,6,base.17,0.701860
50,2,9,res9,cifar10,0.3,7,base.18,0.701860
50,2,9,res9,cifar10,0.3,8,classifier,0.700092
50,3,4,res9,cifar10,0.3,0,base.2,0.994172
50,3,4,res9,cifar10,0.3,1,base.6,0.979464
50,3,4,res9,cifar10,0.3,2,base.7,0.952918
50,3,4,res9,cifar10,0.3,3,base.11,0.899246
50,3,4,res9,cifar10,0.3,4,base.15,0.879447
50,3,4,res9,cifar10,0.3,5,base.16,0.706847
50,3,4,res9,cifar10,0.3,6,base.17,0.706847
50,3,4,res9,cifar10,0.3,7,base.18,0.706847
50,3,4,res9,cifar10,0.3,8,classifier,0.727556
50,3,5,res9,cifar10,0.3,0,base.2,0.992442
50,3,5,res9,cifar10,0.3,1,base.6,0.983629
50,3,5,res9,cifar10,0.3,2,base.7,0.933252
50,3,5,res9,cifar10,0.3,3,base.11,0.940463
50,3,5,res9,cifar10,0.3,4,base.15,0.900803
50,3,5,res9,cifar10,0.3,5,base.16,0.788769
50,3,5,res9,cifar10,0.3,6,base.17,0.788769
50,3,5,res9,cifar10,0.3,7,base.18,0.788769
50,3,5,res9,cifar10,0.3,8,classifier,0.720806
50,3,6,res9,cifar10,0.3,0,base.2,0.980292
50,3,6,res9,cifar10,0.3,1,base.6,0.927887
50,3,6,res9,cifar10,0.3,2,base.7,0.884747
50,3,6,res9,cifar10,0.3,3,base.11,0.882674
50,3,6,res9,cifar10,0.3,4,base.15,0.865602
50,3,6,res9,cifar10,0.3,5,base.16,0.737937
50,3,6,res9,cifar10,0.3,6,base.17,0.737937
50,3,6,res9,cifar10,0.3,7,base.18,0.737937
50,3,6,res9,cifar10,0.3,8,classifier,0.648519
50,3,7,res9,cifar10,0.3,0,base.2,0.996266
50,3,7,res9,cifar10,0.3,1,base.6,0.987622
50,3,7,res9,cifar10,0.3,2,base.7,0.946932
50,3,7,res9,cifar10,0.3,3,base.11,0.884067
50,3,7,res9,cifar10,0.3,4,base.15,0.824543
50,3,7,res9,cifar10,0.3,5,base.16,0.673407
50,3,7,res9,cifar10,0.3,6,base.17,0.673407
50,3,7,res9,cifar10,0.3,7,base.18,0.673407
50,3,7,res9,cifar10,0.3,8,classifier,0.709909
50,3,8,res9,cifar10,0.3,0,base.2,0.994621
50,3,8,res9,cifar10,0.3,1,base.6,0.979269
50,3,8,res9,cifar10,0.3,2,base.7,0.926401
50,3,8,res9,cifar10,0.3,3,base.11,0.886761
50,3,8,res9,cifar10,0.3,4,base.15,0.840290
50,3,8,res9,cifar10,0.3,5,base.16,0.642969
50,3,8,res9,cifar10,0.3,6,base.17,0.642969
50,3,8,res9,cifar10,0.3,7,base.18,0.642969
50,3,8,res9,cifar10,0.3,8,classifier,0.548224
50,3,9,res9,cifar10,0.3,0,base.2,0.989494
50,3,9,res9,cifar10,0.3,1,base.6,0.960067
50,3,9,res9,cifar10,0.3,2,base.7,0.913081
50,3,9,res9,cifar10,0.3,3,base.11,0.913456
50,3,9,res9,cifar10,0.3,4,base.15,0.841681
50,3,9,res9,cifar10,0.3,5,base.16,0.798456
50,3,9,res9,cifar10,0.3,6,base.17,0.798456
50,3,9,res9,cifar10,0.3,7,base.18,0.798456
50,3,9,res9,cifar10,0.3,8,classifier,0.791930
50,4,5,res9,cifar10,0.3,0,base.2,0.987032
50,4,5,res9,cifar10,0.3,1,base.6,0.967602
50,4,5,res9,cifar10,0.3,2,base.7,0.919774
50,4,5,res9,cifar10,0.3,3,base.11,0.871383
50,4,5,res9,cifar10,0.3,4,base.15,0.896944
50,4,5,res9,cifar10,0.3,5,base.16,0.747213
50,4,5,res9,cifar10,0.3,6,base.17,0.747213
50,4,5,res9,cifar10,0.3,7,base.18,0.747213
50,4,5,res9,cifar10,0.3,8,classifier,0.783900
50,4,6,res9,cifar10,0.3,0,base.2,0.977731
50,4,6,res9,cifar10,0.3,1,base.6,0.886601
50,4,6,res9,cifar10,0.3,2,base.7,0.825819
50,4,6,res9,cifar10,0.3,3,base.11,0.759096
50,4,6,res9,cifar10,0.3,4,base.15,0.834587
50,4,6,res9,cifar10,0.3,5,base.16,0.686072
50,4,6,res9,cifar10,0.3,6,base.17,0.686072
50,4,6,res9,cifar10,0.3,7,base.18,0.686072
50,4,6,res9,cifar10,0.3,8,classifier,0.560186
50,4,7,res9,cifar10,0.3,0,base.2,0.992537
50,4,7,res9,cifar10,0.3,1,base.6,0.970355
50,4,7,res9,cifar10,0.3,2,base.7,0.939092
50,4,7,res9,cifar10,0.3,3,base.11,0.870045
50,4,7,res9,cifar10,0.3,4,base.15,0.885113
50,4,7,res9,cifar10,0.3,5,base.16,0.665096
50,4,7,res9,cifar10,0.3,6,base.17,0.665096
50,4,7,res9,cifar10,0.3,7,base.18,0.665096
50,4,7,res9,cifar10,0.3,8,classifier,0.660469
50,4,8,res9,cifar10,0.3,0,base.2,0.990524
50,4,8,res9,cifar10,0.3,1,base.6,0.968724
50,4,8,res9,cifar10,0.3,2,base.7,0.909422
50,4,8,res9,cifar10,0.3,3,base.11,0.872042
50,4,8,res9,cifar10,0.3,4,base.15,0.871585
50,4,8,res9,cifar10,0.3,5,base.16,0.560971
50,4,8,res9,cifar10,0.3,6,base.17,0.560971
50,4,8,res9,cifar10,0.3,7,base.18,0.560971
50,4,8,res9,cifar10,0.3,8,classifier,0.447071
50,4,9,res9,cifar10,0.3,0,base.2,0.986933
50,4,9,res9,cifar10,0.3,1,base.6,0.928255
50,4,9,res9,cifar10,0.3,2,base.7,0.886688
50,4,9,res9,cifar10,0.3,3,base.11,0.828756
50,4,9,res9,cifar10,0.3,4,base.15,0.840757
50,4,9,res9,cifar10,0.3,5,base.16,0.665320
50,4,9,res9,cifar10,0.3,6,base.17,0.665320
50,4,9,res9,cifar10,0.3,7,base.18,0.665320
50,4,9,res9,cifar10,0.3,8,classifier,0.636195
50,5,6,res9,cifar10,0.3,0,base.2,0.983204
50,5,6,res9,cifar10,0.3,1,base.6,0.931358
50,5,6,res9,cifar10,0.3,2,base.7,0.932082
50,5,6,res9,cifar10,0.3,3,base.11,0.917849
50,5,6,res9,cifar10,0.3,4,base.15,0.884233
50,5,6,res9,cifar10,0.3,5,base.16,0.751055
50,5,6,res9,cifar10,0.3,6,base.17,0.751055
50,5,6,res9,cifar10,0.3,7,base.18,0.751055
50,5,6,res9,cifar10,0.3,8,classifier,0.548001
50,5,7,res9,cifar10,0.3,0,base.2,0.992371
50,5,7,res9,cifar10,0.3,1,base.6,0.968943
50,5,7,res9,cifar10,0.3,2,base.7,0.884173
50,5,7,res9,cifar10,0.3,3,base.11,0.847411
50,5,7,res9,cifar10,0.3,4,base.15,0.839144
50,5,7,res9,cifar10,0.3,5,base.16,0.627373
50,5,7,res9,cifar10,0.3,6,base.17,0.627373
50,5,7,res9,cifar10,0.3,7,base.18,0.627373
50,5,7,res9,cifar10,0.3,8,classifier,0.547835
50,5,8,res9,cifar10,0.3,0,base.2,0.991776
50,5,8,res9,cifar10,0.3,1,base.6,0.965651
50,5,8,res9,cifar10,0.3,2,base.7,0.864112
50,5,8,res9,cifar10,0.3,3,base.11,0.857148
50,5,8,res9,cifar10,0.3,4,base.15,0.832197
50,5,8,res9,cifar10,0.3,5,base.16,0.616900
50,5,8,res9,cifar10,0.3,6,base.17,0.616900
50,5,8,res9,cifar10,0.3,7,base.18,0.616900
50,5,8,res9,cifar10,0.3,8,classifier,0.447081
50,5,9,res9,cifar10,0.3,0,base.2,0.986884
50,5,9,res9,cifar10,0.3,1,base.6,0.957569
50,5,9,res9,cifar10,0.3,2,base.7,0.947826
50,5,9,res9,cifar10,0.3,3,base.11,0.923885
50,5,9,res9,cifar10,0.3,4,base.15,0.857278
50,5,9,res9,cifar10,0.3,5,base.16,0.748201
50,5,9,res9,cifar10,0.3,6,base.17,0.748201
50,5,9,res9,cifar10,0.3,7,base.18,0.748201
50,5,9,res9,cifar10,0.3,8,classifier,0.655616
50,6,7,res9,cifar10,0.3,0,base.2,0.980193
50,6,7,res9,cifar10,0.3,1,base.6,0.912622
50,6,7,res9,cifar10,0.3,2,base.7,0.804717
50,6,7,res9,cifar10,0.3,3,base.11,0.773285
50,6,7,res9,cifar10,0.3,4,base.15,0.779499
50,6,7,res9,cifar10,0.3,5,base.16,0.585743
50,6,7,res9,cifar10,0.3,6,base.17,0.585743
50,6,7,res9,cifar10,0.3,7,base.18,0.585743
50,6,7,res9,cifar10,0.3,8,classifier,0.504826
50,6,8,res9,cifar10,0.3,0,base.2,0.982357
50,6,8,res9,cifar10,0.3,1,base.6,0.920594
50,6,8,res9,cifar10,0.3,2,base.7,0.811104
50,6,8,res9,cifar10,0.3,3,base.11,0.803888
50,6,8,res9,cifar10,0.3,4,base.15,0.822828
50,6,8,res9,cifar10,0.3,5,base.16,0.737070
50,6,8,res9,cifar10,0.3,6,base.17,0.737070
50,6,8,res9,cifar10,0.3,7,base.18,0.737070
50,6,8,res9,cifar10,0.3,8,classifier,0.777694
50,6,9,res9,cifar10,0.3,0,base.2,0.990738
50,6,9,res9,cifar10,0.3,1,base.6,0.971554
50,6,9,res9,cifar10,0.3,2,base.7,0.952775
50,6,9,res9,cifar10,0.3,3,base.11,0.934152
50,6,9,res9,cifar10,0.3,4,base.15,0.878628
50,6,9,res9,cifar10,0.3,5,base.16,0.738082
50,6,9,res9,cifar10,0.3,6,base.17,0.738082
50,6,9,res9,cifar10,0.3,7,base.18,0.738082
50,6,9,res9,cifar10,0.3,8,classifier,0.711467
50,7,8,res9,cifar10,0.3,0,base.2,0.994911
50,7,8,res9,cifar10,0.3,1,base.6,0.982698
50,7,8,res9,cifar10,0.3,2,base.7,0.934249
50,7,8,res9,cifar10,0.3,3,base.11,0.883257
50,7,8,res9,cifar10,0.3,4,base.15,0.827313
50,7,8,res9,cifar10,0.3,5,base.16,0.495183
50,7,8,res9,cifar10,0.3,6,base.17,0.495183
50,7,8,res9,cifar10,0.3,7,base.18,0.495183
50,7,8,res9,cifar10,0.3,8,classifier,0.445263
50,7,9,res9,cifar10,0.3,0,base.2,0.989766
50,7,9,res9,cifar10,0.3,1,base.6,0.936081
50,7,9,res9,cifar10,0.3,2,base.7,0.840520
50,7,9,res9,cifar10,0.3,3,base.11,0.860452
50,7,9,res9,cifar10,0.3,4,base.15,0.845281
50,7,9,res9,cifar10,0.3,5,base.16,0.674225
50,7,9,res9,cifar10,0.3,6,base.17,0.674225
50,7,9,res9,cifar10,0.3,7,base.18,0.674225
50,7,9,res9,cifar10,0.3,8,classifier,0.679605
50,8,9,res9,cifar10,0.3,0,base.2,0.988658
50,8,9,res9,cifar10,0.3,1,base.6,0.939974
50,8,9,res9,cifar10,0.3,2,base.7,0.850749
50,8,9,res9,cifar10,0.3,3,base.11,0.862260
50,8,9,res9,cifar10,0.3,4,base.15,0.814124
50,8,9,res9,cifar10,0.3,5,base.16,0.649335
50,8,9,res9,cifar10,0.3,6,base.17,0.649335
50,8,9,res9,cifar10,0.3,7,base.18,0.649335
50,8,9,res9,cifar10,0.3,8,classifier,0.722827
