round,client_i,client_j,model_name,dataset,alpha,layer_index,layer_name,cka_diagonal
1,0,1,vit_tiny,cifar10,1000.0,0,base.patch_embed,0.993810
1,0,1,vit_tiny,cifar10,1000.0,1,base.blocks.0,0.996264
1,0,1,vit_tiny,cifar10,1000.0,2,base.blocks.1,0.995418
1,0,1,vit_tiny,cifar10,1000.0,3,base.blocks.2,0.994359
1,0,1,vit_tiny,cifar10,1000.0,4,base.blocks.3,0.994008
1,0,1,vit_tiny,cifar10,1000.0,5,base.blocks.4,0.991940
1,0,1,vit_tiny,cifar10,1000.0,6,base.blocks.5,0.990783
1,0,1,vit_tiny,cifar10,1000.0,7,base.blocks.6,0.988388
1,0,1,vit_tiny,cifar10,1000.0,8,base.blocks.7,0.986585
1,0,1,vit_tiny,cifar10,1000.0,9,base.blocks.8,0.985103
1,0,1,vit_tiny,cifar10,1000.0,10,base.blocks.9,0.982475
1,0,1,vit_tiny,cifar10,1000.0,11,base.blocks.10,0.980557
1,0,1,vit_tiny,cifar10,1000.0,12,base.blocks.11,0.978509
1,0,1,vit_tiny,cifar10,1000.0,13,base.norm,0.974620
1,0,1,vit_tiny,cifar10,1000.0,14,classifier,0.731747
1,0,2,vit_tiny,cifar10,1000.0,0,base.patch_embed,0.986767
1,0,2,vit_tiny,cifar10,1000.0,1,base.blocks.0,0.978703
1,0,2,vit_tiny,cifar10,1000.0,2,base.blocks.1,0.978485
1,0,2,vit_tiny,cifar10,1000.0,3,base.blocks.2,0.977870
1,0,2,vit_tiny,cifar10,1000.0,4,base.blocks.3,0.974902
1,0,2,vit_tiny,cifar10,1000.0,5,base.blocks.4,0.973961
1,0,2,vit_tiny,cifar10,1000.0,6,base.blocks.5,0.971693
1,0,2,vit_tiny,cifar10,1000.0,7,base.blocks.6,0.968758
1,0,2,vit_tiny,cifar10,1000.0,8,base.blocks.7,0.964942
1,0,2,vit_tiny,cifar10,1000.0,9,base.blocks.8,0.961615
1,0,2,vit_tiny,cifar10,1000.0,10,base.blocks.9,0.956249
1,0,2,vit_tiny,cifar10,1000.0,11,base.blocks.10,0.950879
1,0,2,vit_tiny,cifar10,1000.0,12,base.blocks.11,0.945251
1,0,2,vit_tiny,cifar10,1000.0,13,base.norm,0.907665
1,0,2,vit_tiny,cifar10,1000.0,14,classifier,0.653973
1,0,3,vit_tiny,cifar10,1000.0,0,base.patch_embed,0.991587
1,0,3,vit_tiny,cifar10,1000.0,1,base.blocks.0,0.991706
1,0,3,vit_tiny,cifar10,1000.0,2,base.blocks.1,0.991231
1,0,3,vit_tiny,cifar10,1000.0,3,base.blocks.2,0.991267
1,0,3,vit_tiny,cifar10,1000.0,4,base.blocks.3,0.989891
1,0,3,vit_tiny,cifar10,1000.0,5,base.blocks.4,0.989663
1,0,3,vit_tiny,cifar10,1000.0,6,base.blocks.5,0.988174
1,0,3,vit_tiny,cifar10,1000.0,7,base.blocks.6,0.987610
1,0,3,vit_tiny,cifar10,1000.0,8,base.blocks.7,0.986718
1,0,3,vit_tiny,cifar10,1000.0,9,base.blocks.8,0.985108
1,0,3,vit_tiny,cifar10,1000.0,10,base.blocks.9,0.982860
1,0,3,vit_tiny,cifar10,1000.0,11,base.blocks.10,0.980187
1,0,3,vit_tiny,cifar10,1000.0,12,base.blocks.11,0.977494
1,0,3,vit_tiny,cifar10,1000.0,13,base.norm,0.959354
1,0,3,vit_tiny,cifar10,1000.0,14,classifier,0.803706
1,0,4,vit_tiny,cifar10,1000.0,0,base.patch_embed,0.958003
1,0,4,vit_tiny,cifar10,1000.0,1,base.blocks.0,0.953862
1,0,4,vit_tiny,cifar10,1000.0,2,base.blocks.1,0.956365
1,0,4,vit_tiny,cifar10,1000.0,3,base.blocks.2,0.961919
1,0,4,vit_tiny,cifar10,1000.0,4,base.blocks.3,0.963879
1,0,4,vit_tiny,cifar10,1000.0,5,base.blocks.4,0.965190
1,0,4,vit_tiny,cifar10,1000.0,6,base.blocks.5,0.966440
1,0,4,vit_tiny,cifar10,1000.0,7,base.blocks.6,0.964360
1,0,4,vit_tiny,cifar10,1000.0,8,base.blocks.7,0.962665
1,0,4,vit_tiny,cifar10,1000.0,9,base.blocks.8,0.963330
1,0,4,vit_tiny,cifar10,1000.0,10,base.blocks.9,0.963382
1,0,4,vit_tiny,cifar10,1000.0,11,base.blocks.10,0.962175
1,0,4,vit_tiny,cifar10,1000.0,12,base.blocks.11,0.960980
1,0,4,vit_tiny,cifar10,1000.0,13,base.norm,0.942058
1,0,4,vit_tiny,cifar10,1000.0,14,classifier,0.885049
1,0,5,vit_tiny,cifar10,1000.0,0,base.patch_embed,0.997458
1,0,5,vit_tiny,cifar10,1000.0,1,base.blocks.0,0.994812
1,0,5,vit_tiny,cifar10,1000.0,2,base.blocks.1,0.990932
1,0,5,vit_tiny,cifar10,1000.0,3,base.blocks.2,0.988295
1,0,5,vit_tiny,cifar10,1000.0,4,base.blocks.3,0.985522
1,0,5,vit_tiny,cifar10,1000.0,5,base.blocks.4,0.979860
1,0,5,vit_tiny,cifar10,1000.0,6,base.blocks.5,0.977195
1,0,5,vit_tiny,cifar10,1000.0,7,base.blocks.6,0.972606
1,0,5,vit_tiny,cifar10,1000.0,8,base.blocks.7,0.967779
1,0,5,vit_tiny,cifar10,1000.0,9,base.blocks.8,0.966054
1,0,5,vit_tiny,cifar10,1000.0,10,base.blocks.9,0.964396
1,0,5,vit_tiny,cifar10,1000.0,11,base.blocks.10,0.961262
1,0,5,vit_tiny,cifar10,1000.0,12,base.blocks.11,0.957964
1,0,5,vit_tiny,cifar10,1000.0,13,base.norm,0.958079
1,0,5,vit_tiny,cifar10,1000.0,14,classifier,0.787879
1,0,6,vit_tiny,cifar10,1000.0,0,base.patch_embed,0.996048
1,0,6,vit_tiny,cifar10,1000.0,1,base.blocks.0,0.996265
1,0,6,vit_tiny,cifar10,1000.0,2,base.blocks.1,0.994713
1,0,6,vit_tiny,cifar10,1000.0,3,base.blocks.2,0.990882
1,0,6,vit_tiny,cifar10,1000.0,4,base.blocks.3,0.985613
1,0,6,vit_tiny,cifar10,1000.0,5,base.blocks.4,0.976432
1,0,6,vit_tiny,cifar10,1000.0,6,base.blocks.5,0.968489
1,0,6,vit_tiny,cifar10,1000.0,7,base.blocks.6,0.960300
1,0,6,vit_tiny,cifar10,1000.0,8,base.blocks.7,0.949414
1,0,6,vit_tiny,cifar10,1000.0,9,base.blocks.8,0.939907
1,0,6,vit_tiny,cifar10,1000.0,10,base.blocks.9,0.929693
1,0,6,vit_tiny,cifar10,1000.0,11,base.blocks.10,0.918533
1,0,6,vit_tiny,cifar10,1000.0,12,base.blocks.11,0.908933
1,0,6,vit_tiny,cifar10,1000.0,13,base.norm,0.890259
1,0,6,vit_tiny,cifar10,1000.0,14,classifier,0.803897
1,0,7,vit_tiny,cifar10,1000.0,0,base.patch_embed,0.988631
1,0,7,vit_tiny,cifar10,1000.0,1,base.blocks.0,0.986589
1,0,7,vit_tiny,cifar10,1000.0,2,base.blocks.1,0.983135
1,0,7,vit_tiny,cifar10,1000.0,3,base.blocks.2,0.976269
1,0,7,vit_tiny,cifar10,1000.0,4,base.blocks.3,0.970165
1,0,7,vit_tiny,cifar10,1000.0,5,base.blocks.4,0.959587
1,0,7,vit_tiny,cifar10,1000.0,6,base.blocks.5,0.951175
1,0,7,vit_tiny,cifar10,1000.0,7,base.blocks.6,0.942317
1,0,7,vit_tiny,cifar10,1000.0,8,base.blocks.7,0.932843
1,0,7,vit_tiny,cifar10,1000.0,9,base.blocks.8,0.924732
1,0,7,vit_tiny,cifar10,1000.0,10,base.blocks.9,0.915507
1,0,7,vit_tiny,cifar10,1000.0,11,base.blocks.10,0.907268
1,0,7,vit_tiny,cifar10,1000.0,12,base.blocks.11,0.901067
1,0,7,vit_tiny,cifar10,1000.0,13,base.norm,0.899399
1,0,7,vit_tiny,cifar10,1000.0,14,classifier,0.762926
1,0,8,vit_tiny,cifar10,1000.0,0,base.patch_embed,0.982565
1,0,8,vit_tiny,cifar10,1000.0,1,base.blocks.0,0.978661
1,0,8,vit_tiny,cifar10,1000.0,2,base.blocks.1,0.971610
1,0,8,vit_tiny,cifar10,1000.0,3,base.blocks.2,0.962287
1,0,8,vit_tiny,cifar10,1000.0,4,base.blocks.3,0.952030
1,0,8,vit_tiny,cifar10,1000.0,5,base.blocks.4,0.937269
1,0,8,vit_tiny,cifar10,1000.0,6,base.blocks.5,0.926990
1,0,8,vit_tiny,cifar10,1000.0,7,base.blocks.6,0.912334
1,0,8,vit_tiny,cifar10,1000.0,8,base.blocks.7,0.900005
1,0,8,vit_tiny,cifar10,1000.0,9,base.blocks.8,0.888917
1,0,8,vit_tiny,cifar10,1000.0,10,base.blocks.9,0.877325
1,0,8,vit_tiny,cifar10,1000.0,11,base.blocks.10,0.863037
1,0,8,vit_tiny,cifar10,1000.0,12,base.blocks.11,0.849847
1,0,8,vit_tiny,cifar10,1000.0,13,base.norm,0.852540
1,0,8,vit_tiny,cifar10,1000.0,14,classifier,0.658591
1,0,9,vit_tiny,cifar10,1000.0,0,base.patch_embed,0.969115
1,0,9,vit_tiny,cifar10,1000.0,1,base.blocks.0,0.969790
1,0,9,vit_tiny,cifar10,1000.0,2,base.blocks.1,0.966597
1,0,9,vit_tiny,cifar10,1000.0,3,base.blocks.2,0.960501
1,0,9,vit_tiny,cifar10,1000.0,4,base.blocks.3,0.956581
1,0,9,vit_tiny,cifar10,1000.0,5,base.blocks.4,0.945875
1,0,9,vit_tiny,cifar10,1000.0,6,base.blocks.5,0.937199
1,0,9,vit_tiny,cifar10,1000.0,7,base.blocks.6,0.926810
1,0,9,vit_tiny,cifar10,1000.0,8,base.blocks.7,0.914950
1,0,9,vit_tiny,cifar10,1000.0,9,base.blocks.8,0.905896
1,0,9,vit_tiny,cifar10,1000.0,10,base.blocks.9,0.894166
1,0,9,vit_tiny,cifar10,1000.0,11,base.blocks.10,0.883648
1,0,9,vit_tiny,cifar10,1000.0,12,base.blocks.11,0.875141
1,0,9,vit_tiny,cifar10,1000.0,13,base.norm,0.876503
1,0,9,vit_tiny,cifar10,1000.0,14,classifier,0.824300
1,1,2,vit_tiny,cifar10,1000.0,0,base.patch_embed,0.968372
1,1,2,vit_tiny,cifar10,1000.0,1,base.blocks.0,0.967393
1,1,2,vit_tiny,cifar10,1000.0,2,base.blocks.1,0.966623
1,1,2,vit_tiny,cifar10,1000.0,3,base.blocks.2,0.966102
1,1,2,vit_tiny,cifar10,1000.0,4,base.blocks.3,0.965897
1,1,2,vit_tiny,cifar10,1000.0,5,base.blocks.4,0.967304
1,1,2,vit_tiny,cifar10,1000.0,6,base.blocks.5,0.968406
1,1,2,vit_tiny,cifar10,1000.0,7,base.blocks.6,0.967589
1,1,2,vit_tiny,cifar10,1000.0,8,base.blocks.7,0.967420
1,1,2,vit_tiny,cifar10,1000.0,9,base.blocks.8,0.966782
1,1,2,vit_tiny,cifar10,1000.0,10,base.blocks.9,0.965173
1,1,2,vit_tiny,cifar10,1000.0,11,base.blocks.10,0.963130
1,1,2,vit_tiny,cifar10,1000.0,12,base.blocks.11,0.961345
1,1,2,vit_tiny,cifar10,1000.0,13,base.norm,0.934485
1,1,2,vit_tiny,cifar10,1000.0,14,classifier,0.849379
1,1,3,vit_tiny,cifar10,1000.0,0,base.patch_embed,0.997148
1,1,3,vit_tiny,cifar10,1000.0,1,base.blocks.0,0.995304
1,1,3,vit_tiny,cifar10,1000.0,2,base.blocks.1,0.992898
1,1,3,vit_tiny,cifar10,1000.0,3,base.blocks.2,0.991432
1,1,3,vit_tiny,cifar10,1000.0,4,base.blocks.3,0.988609
1,1,3,vit_tiny,cifar10,1000.0,5,base.blocks.4,0.987495
1,1,3,vit_tiny,cifar10,1000.0,6,base.blocks.5,0.986393
1,1,3,vit_tiny,cifar10,1000.0,7,base.blocks.6,0.986730
1,1,3,vit_tiny,cifar10,1000.0,8,base.blocks.7,0.986709
1,1,3,vit_tiny,cifar10,1000.0,9,base.blocks.8,0.987078
1,1,3,vit_tiny,cifar10,1000.0,10,base.blocks.9,0.986973
1,1,3,vit_tiny,cifar10,1000.0,11,base.blocks.10,0.985959
1,1,3,vit_tiny,cifar10,1000.0,12,base.blocks.11,0.985840
1,1,3,vit_tiny,cifar10,1000.0,13,base.norm,0.972889
1,1,3,vit_tiny,cifar10,1000.0,14,classifier,0.859554
1,1,4,vit_tiny,cifar10,1000.0,0,base.patch_embed,0.970361
1,1,4,vit_tiny,cifar10,1000.0,1,base.blocks.0,0.967125
1,1,4,vit_tiny,cifar10,1000.0,2,base.blocks.1,0.967913
1,1,4,vit_tiny,cifar10,1000.0,3,base.blocks.2,0.972056
1,1,4,vit_tiny,cifar10,1000.0,4,base.blocks.3,0.971310
1,1,4,vit_tiny,cifar10,1000.0,5,base.blocks.4,0.972180
1,1,4,vit_tiny,cifar10,1000.0,6,base.blocks.5,0.973878
1,1,4,vit_tiny,cifar10,1000.0,7,base.blocks.6,0.971417
1,1,4,vit_tiny,cifar10,1000.0,8,base.blocks.7,0.972104
1,1,4,vit_tiny,cifar10,1000.0,9,base.blocks.8,0.974892
1,1,4,vit_tiny,cifar10,1000.0,10,base.blocks.9,0.976595
1,1,4,vit_tiny,cifar10,1000.0,11,base.blocks.10,0.976269
1,1,4,vit_tiny,cifar10,1000.0,12,base.blocks.11,0.976540
1,1,4,vit_tiny,cifar10,1000.0,13,base.norm,0.966798
1,1,4,vit_tiny,cifar10,1000.0,14,classifier,0.830019
1,1,5,vit_tiny,cifar10,1000.0,0,base.patch_embed,0.998487
1,1,5,vit_tiny,cifar10,1000.0,1,base.blocks.0,0.997213
1,1,5,vit_tiny,cifar10,1000.0,2,base.blocks.1,0.995551
1,1,5,vit_tiny,cifar10,1000.0,3,base.blocks.2,0.995205
1,1,5,vit_tiny,cifar10,1000.0,4,base.blocks.3,0.994481
1,1,5,vit_tiny,cifar10,1000.0,5,base.blocks.4,0.992790
1,1,5,vit_tiny,cifar10,1000.0,6,base.blocks.5,0.991701
1,1,5,vit_tiny,cifar10,1000.0,7,base.blocks.6,0.990831
1,1,5,vit_tiny,cifar10,1000.0,8,base.blocks.7,0.988749
1,1,5,vit_tiny,cifar10,1000.0,9,base.blocks.8,0.988489
1,1,5,vit_tiny,cifar10,1000.0,10,base.blocks.9,0.988675
1,1,5,vit_tiny,cifar10,1000.0,11,base.blocks.10,0.987089
1,1,5,vit_tiny,cifar10,1000.0,12,base.blocks.11,0.986289
1,1,5,vit_tiny,cifar10,1000.0,13,base.norm,0.986968
1,1,5,vit_tiny,cifar10,1000.0,14,classifier,0.779512
1,1,6,vit_tiny,cifar10,1000.0,0,base.patch_embed,0.997681
1,1,6,vit_tiny,cifar10,1000.0,1,base.blocks.0,0.997979
1,1,6,vit_tiny,cifar10,1000.0,2,base.blocks.1,0.996371
1,1,6,vit_tiny,cifar10,1000.0,3,base.blocks.2,0.993929
1,1,6,vit_tiny,cifar10,1000.0,4,base.blocks.3,0.991828
1,1,6,vit_tiny,cifar10,1000.0,5,base.blocks.4,0.987748
1,1,6,vit_tiny,cifar10,1000.0,6,base.blocks.5,0.983810
1,1,6,vit_tiny,cifar10,1000.0,7,base.blocks.6,0.981414
1,1,6,vit_tiny,cifar10,1000.0,8,base.blocks.7,0.975679
1,1,6,vit_tiny,cifar10,1000.0,9,base.blocks.8,0.970085
1,1,6,vit_tiny,cifar10,1000.0,10,base.blocks.9,0.965095
1,1,6,vit_tiny,cifar10,1000.0,11,base.blocks.10,0.959358
1,1,6,vit_tiny,cifar10,1000.0,12,base.blocks.11,0.955096
1,1,6,vit_tiny,cifar10,1000.0,13,base.norm,0.942790
1,1,6,vit_tiny,cifar10,1000.0,14,classifier,0.823172
1,1,7,vit_tiny,cifar10,1000.0,0,base.patch_embed,0.996451
1,1,7,vit_tiny,cifar10,1000.0,1,base.blocks.0,0.992792
1,1,7,vit_tiny,cifar10,1000.0,2,base.blocks.1,0.989282
1,1,7,vit_tiny,cifar10,1000.0,3,base.blocks.2,0.984866
1,1,7,vit_tiny,cifar10,1000.0,4,base.blocks.3,0.981035
1,1,7,vit_tiny,cifar10,1000.0,5,base.blocks.4,0.974893
1,1,7,vit_tiny,cifar10,1000.0,6,base.blocks.5,0.969629
1,1,7,vit_tiny,cifar10,1000.0,7,base.blocks.6,0.966971
1,1,7,vit_tiny,cifar10,1000.0,8,base.blocks.7,0.961061
1,1,7,vit_tiny,cifar10,1000.0,9,base.blocks.8,0.955917
1,1,7,vit_tiny,cifar10,1000.0,10,base.blocks.9,0.951387
1,1,7,vit_tiny,cifar10,1000.0,11,base.blocks.10,0.946444
1,1,7,vit_tiny,cifar10,1000.0,12,base.blocks.11,0.944229
1,1,7,vit_tiny,cifar10,1000.0,13,base.norm,0.942152
1,1,7,vit_tiny,cifar10,1000.0,14,classifier,0.807941
1,1,8,vit_tiny,cifar10,1000.0,0,base.patch_embed,0.992523
1,1,8,vit_tiny,cifar10,1000.0,1,base.blocks.0,0.986184
1,1,8,vit_tiny,cifar10,1000.0,2,base.blocks.1,0.981605
1,1,8,vit_tiny,cifar10,1000.0,3,base.blocks.2,0.975740
1,1,8,vit_tiny,cifar10,1000.0,4,base.blocks.3,0.969349
1,1,8,vit_tiny,cifar10,1000.0,5,base.blocks.4,0.961992
1,1,8,vit_tiny,cifar10,1000.0,6,base.blocks.5,0.955311
1,1,8,vit_tiny,cifar10,1000.0,7,base.blocks.6,0.949708
1,1,8,vit_tiny,cifar10,1000.0,8,base.blocks.7,0.942132
1,1,8,vit_tiny,cifar10,1000.0,9,base.blocks.8,0.934867
1,1,8,vit_tiny,cifar10,1000.0,10,base.blocks.9,0.929685
1,1,8,vit_tiny,cifar10,1000.0,11,base.blocks.10,0.921025
1,1,8,vit_tiny,cifar10,1000.0,12,base.blocks.11,0.914304
1,1,8,vit_tiny,cifar10,1000.0,13,base.norm,0.909808
1,1,8,vit_tiny,cifar10,1000.0,14,classifier,0.827283
1,1,9,vit_tiny,cifar10,1000.0,0,base.patch_embed,0.987329
1,1,9,vit_tiny,cifar10,1000.0,1,base.blocks.0,0.983025
1,1,9,vit_tiny,cifar10,1000.0,2,base.blocks.1,0.980923
1,1,9,vit_tiny,cifar10,1000.0,3,base.blocks.2,0.977880
1,1,9,vit_tiny,cifar10,1000.0,4,base.blocks.3,0.974237
1,1,9,vit_tiny,cifar10,1000.0,5,base.blocks.4,0.967988
1,1,9,vit_tiny,cifar10,1000.0,6,base.blocks.5,0.961493
1,1,9,vit_tiny,cifar10,1000.0,7,base.blocks.6,0.957044
1,1,9,vit_tiny,cifar10,1000.0,8,base.blocks.7,0.949564
1,1,9,vit_tiny,cifar10,1000.0,9,base.blocks.8,0.944181
1,1,9,vit_tiny,cifar10,1000.0,10,base.blocks.9,0.937469
1,1,9,vit_tiny,cifar10,1000.0,11,base.blocks.10,0.929861
1,1,9,vit_tiny,cifar10,1000.0,12,base.blocks.11,0.925230
1,1,9,vit_tiny,cifar10,1000.0,13,base.norm,0.910786
1,1,9,vit_tiny,cifar10,1000.0,14,classifier,0.753083
1,2,3,vit_tiny,cifar10,1000.0,0,base.patch_embed,0.973709
1,2,3,vit_tiny,cifar10,1000.0,1,base.blocks.0,0.973714
1,2,3,vit_tiny,cifar10,1000.0,2,base.blocks.1,0.976814
1,2,3,vit_tiny,cifar10,1000.0,3,base.blocks.2,0.977021
1,2,3,vit_tiny,cifar10,1000.0,4,base.blocks.3,0.975681
1,2,3,vit_tiny,cifar10,1000.0,5,base.blocks.4,0.976199
1,2,3,vit_tiny,cifar10,1000.0,6,base.blocks.5,0.975938
1,2,3,vit_tiny,cifar10,1000.0,7,base.blocks.6,0.974782
1,2,3,vit_tiny,cifar10,1000.0,8,base.blocks.7,0.975003
1,2,3,vit_tiny,cifar10,1000.0,9,base.blocks.8,0.975314
1,2,3,vit_tiny,cifar10,1000.0,10,base.blocks.9,0.974842
1,2,3,vit_tiny,cifar10,1000.0,11,base.blocks.10,0.974491
1,2,3,vit_tiny,cifar10,1000.0,12,base.blocks.11,0.973675
1,2,3,vit_tiny,cifar10,1000.0,13,base.norm,0.950772
1,2,3,vit_tiny,cifar10,1000.0,14,classifier,0.879118
1,2,4,vit_tiny,cifar10,1000.0,0,base.patch_embed,0.947274
1,2,4,vit_tiny,cifar10,1000.0,1,base.blocks.0,0.926894
1,2,4,vit_tiny,cifar10,1000.0,2,base.blocks.1,0.929226
1,2,4,vit_tiny,cifar10,1000.0,3,base.blocks.2,0.929856
1,2,4,vit_tiny,cifar10,1000.0,4,base.blocks.3,0.924805
1,2,4,vit_tiny,cifar10,1000.0,5,base.blocks.4,0.923377
1,2,4,vit_tiny,cifar10,1000.0,6,base.blocks.5,0.922146
1,2,4,vit_tiny,cifar10,1000.0,7,base.blocks.6,0.916460
1,2,4,vit_tiny,cifar10,1000.0,8,base.blocks.7,0.911571
1,2,4,vit_tiny,cifar10,1000.0,9,base.blocks.8,0.912557
1,2,4,vit_tiny,cifar10,1000.0,10,base.blocks.9,0.912333
1,2,4,vit_tiny,cifar10,1000.0,11,base.blocks.10,0.909728
1,2,4,vit_tiny,cifar10,1000.0,12,base.blocks.11,0.907200
1,2,4,vit_tiny,cifar10,1000.0,13,base.norm,0.868385
1,2,4,vit_tiny,cifar10,1000.0,14,classifier,0.745357
1,2,5,vit_tiny,cifar10,1000.0,0,base.patch_embed,0.975198
1,2,5,vit_tiny,cifar10,1000.0,1,base.blocks.0,0.959700
1,2,5,vit_tiny,cifar10,1000.0,2,base.blocks.1,0.953714
1,2,5,vit_tiny,cifar10,1000.0,3,base.blocks.2,0.952850
1,2,5,vit_tiny,cifar10,1000.0,4,base.blocks.3,0.949674
1,2,5,vit_tiny,cifar10,1000.0,5,base.blocks.4,0.949010
1,2,5,vit_tiny,cifar10,1000.0,6,base.blocks.5,0.949069
1,2,5,vit_tiny,cifar10,1000.0,7,base.blocks.6,0.945742
1,2,5,vit_tiny,cifar10,1000.0,8,base.blocks.7,0.945836
1,2,5,vit_tiny,cifar10,1000.0,9,base.blocks.8,0.947267
1,2,5,vit_tiny,cifar10,1000.0,10,base.blocks.9,0.949110
1,2,5,vit_tiny,cifar10,1000.0,11,base.blocks.10,0.947545
1,2,5,vit_tiny,cifar10,1000.0,12,base.blocks.11,0.947204
1,2,5,vit_tiny,cifar10,1000.0,13,base.norm,0.922865
1,2,5,vit_tiny,cifar10,1000.0,14,classifier,0.738639
1,2,6,vit_tiny,cifar10,1000.0,0,base.patch_embed,0.977862
1,2,6,vit_tiny,cifar10,1000.0,1,base.blocks.0,0.970337
1,2,6,vit_tiny,cifar10,1000.0,2,base.blocks.1,0.970039
1,2,6,vit_tiny,cifar10,1000.0,3,base.blocks.2,0.969176
1,2,6,vit_tiny,cifar10,1000.0,4,base.blocks.3,0.965420
1,2,6,vit_tiny,cifar10,1000.0,5,base.blocks.4,0.963880
1,2,6,vit_tiny,cifar10,1000.0,6,base.blocks.5,0.962245
1,2,6,vit_tiny,cifar10,1000.0,7,base.blocks.6,0.960061
1,2,6,vit_tiny,cifar10,1000.0,8,base.blocks.7,0.959208
1,2,6,vit_tiny,cifar10,1000.0,9,base.blocks.8,0.958544
1,2,6,vit_tiny,cifar10,1000.0,10,base.blocks.9,0.959011
1,2,6,vit_tiny,cifar10,1000.0,11,base.blocks.10,0.955785
1,2,6,vit_tiny,cifar10,1000.0,12,base.blocks.11,0.954721
1,2,6,vit_tiny,cifar10,1000.0,13,base.norm,0.935054
1,2,6,vit_tiny,cifar10,1000.0,14,classifier,0.865161
1,2,7,vit_tiny,cifar10,1000.0,0,base.patch_embed,0.960019
1,2,7,vit_tiny,cifar10,1000.0,1,base.blocks.0,0.955225
1,2,7,vit_tiny,cifar10,1000.0,2,base.blocks.1,0.957043
1,2,7,vit_tiny,cifar10,1000.0,3,base.blocks.2,0.956694
1,2,7,vit_tiny,cifar10,1000.0,4,base.blocks.3,0.956089
1,2,7,vit_tiny,cifar10,1000.0,5,base.blocks.4,0.956669
1,2,7,vit_tiny,cifar10,1000.0,6,base.blocks.5,0.956109
1,2,7,vit_tiny,cifar10,1000.0,7,base.blocks.6,0.954776
1,2,7,vit_tiny,cifar10,1000.0,8,base.blocks.7,0.956838
1,2,7,vit_tiny,cifar10,1000.0,9,base.blocks.8,0.957611
1,2,7,vit_tiny,cifar10,1000.0,10,base.blocks.9,0.958710
1,2,7,vit_tiny,cifar10,1000.0,11,base.blocks.10,0.958441
1,2,7,vit_tiny,cifar10,1000.0,12,base.blocks.11,0.959775
1,2,7,vit_tiny,cifar10,1000.0,13,base.norm,0.956301
1,2,7,vit_tiny,cifar10,1000.0,14,classifier,0.890840
1,2,8,vit_tiny,cifar10,1000.0,0,base.patch_embed,0.945736
1,2,8,vit_tiny,cifar10,1000.0,1,base.blocks.0,0.931432
1,2,8,vit_tiny,cifar10,1000.0,2,base.blocks.1,0.924871
1,2,8,vit_tiny,cifar10,1000.0,3,base.blocks.2,0.920785
1,2,8,vit_tiny,cifar10,1000.0,4,base.blocks.3,0.913454
1,2,8,vit_tiny,cifar10,1000.0,5,base.blocks.4,0.910248
1,2,8,vit_tiny,cifar10,1000.0,6,base.blocks.5,0.906855
1,2,8,vit_tiny,cifar10,1000.0,7,base.blocks.6,0.899435
1,2,8,vit_tiny,cifar10,1000.0,8,base.blocks.7,0.901127
1,2,8,vit_tiny,cifar10,1000.0,9,base.blocks.8,0.900792
1,2,8,vit_tiny,cifar10,1000.0,10,base.blocks.9,0.901475
1,2,8,vit_tiny,cifar10,1000.0,11,base.blocks.10,0.897457
1,2,8,vit_tiny,cifar10,1000.0,12,base.blocks.11,0.894973
1,2,8,vit_tiny,cifar10,1000.0,13,base.norm,0.886063
1,2,8,vit_tiny,cifar10,1000.0,14,classifier,0.685433
1,2,9,vit_tiny,cifar10,1000.0,0,base.patch_embed,0.928368
1,2,9,vit_tiny,cifar10,1000.0,1,base.blocks.0,0.915888
1,2,9,vit_tiny,cifar10,1000.0,2,base.blocks.1,0.911257
1,2,9,vit_tiny,cifar10,1000.0,3,base.blocks.2,0.904261
1,2,9,vit_tiny,cifar10,1000.0,4,base.blocks.3,0.897873
1,2,9,vit_tiny,cifar10,1000.0,5,base.blocks.4,0.894068
1,2,9,vit_tiny,cifar10,1000.0,6,base.blocks.5,0.888820
1,2,9,vit_tiny,cifar10,1000.0,7,base.blocks.6,0.882117
1,2,9,vit_tiny,cifar10,1000.0,8,base.blocks.7,0.880027
1,2,9,vit_tiny,cifar10,1000.0,9,base.blocks.8,0.879399
1,2,9,vit_tiny,cifar10,1000.0,10,base.blocks.9,0.876224
1,2,9,vit_tiny,cifar10,1000.0,11,base.blocks.10,0.872523
1,2,9,vit_tiny,cifar10,1000.0,12,base.blocks.11,0.872793
1,2,9,vit_tiny,cifar10,1000.0,13,base.norm,0.832119
1,2,9,vit_tiny,cifar10,1000.0,14,classifier,0.745341
1,3,4,vit_tiny,cifar10,1000.0,0,base.patch_embed,0.982925
1,3,4,vit_tiny,cifar10,1000.0,1,base.blocks.0,0.980754
1,3,4,vit_tiny,cifar10,1000.0,2,base.blocks.1,0.981085
1,3,4,vit_tiny,cifar10,1000.0,3,base.blocks.2,0.982065
1,3,4,vit_tiny,cifar10,1000.0,4,base.blocks.3,0.980957
1,3,4,vit_tiny,cifar10,1000.0,5,base.blocks.4,0.979487
1,3,4,vit_tiny,cifar10,1000.0,6,base.blocks.5,0.977473
1,3,4,vit_tiny,cifar10,1000.0,7,base.blocks.6,0.975389
1,3,4,vit_tiny,cifar10,1000.0,8,base.blocks.7,0.971408
1,3,4,vit_tiny,cifar10,1000.0,9,base.blocks.8,0.970813
1,3,4,vit_tiny,cifar10,1000.0,10,base.blocks.9,0.970341
1,3,4,vit_tiny,cifar10,1000.0,11,base.blocks.10,0.968471
1,3,4,vit_tiny,cifar10,1000.0,12,base.blocks.11,0.967448
1,3,4,vit_tiny,cifar10,1000.0,13,base.norm,0.952254
1,3,4,vit_tiny,cifar10,1000.0,14,classifier,0.890059
1,3,5,vit_tiny,cifar10,1000.0,0,base.patch_embed,0.995120
1,3,5,vit_tiny,cifar10,1000.0,1,base.blocks.0,0.987852
1,3,5,vit_tiny,cifar10,1000.0,2,base.blocks.1,0.980684
1,3,5,vit_tiny,cifar10,1000.0,3,base.blocks.2,0.977317
1,3,5,vit_tiny,cifar10,1000.0,4,base.blocks.3,0.971903
1,3,5,vit_tiny,cifar10,1000.0,5,base.blocks.4,0.968983
1,3,5,vit_tiny,cifar10,1000.0,6,base.blocks.5,0.966109
1,3,5,vit_tiny,cifar10,1000.0,7,base.blocks.6,0.967114
1,3,5,vit_tiny,cifar10,1000.0,8,base.blocks.7,0.966378
1,3,5,vit_tiny,cifar10,1000.0,9,base.blocks.8,0.968271
1,3,5,vit_tiny,cifar10,1000.0,10,base.blocks.9,0.971205
1,3,5,vit_tiny,cifar10,1000.0,11,base.blocks.10,0.971228
1,3,5,vit_tiny,cifar10,1000.0,12,base.blocks.11,0.972579
1,3,5,vit_tiny,cifar10,1000.0,13,base.norm,0.965282
1,3,5,vit_tiny,cifar10,1000.0,14,classifier,0.741924
1,3,6,vit_tiny,cifar10,1000.0,0,base.patch_embed,0.997779
1,3,6,vit_tiny,cifar10,1000.0,1,base.blocks.0,0.992483
1,3,6,vit_tiny,cifar10,1000.0,2,base.blocks.1,0.986913
1,3,6,vit_tiny,cifar10,1000.0,3,base.blocks.2,0.980700
1,3,6,vit_tiny,cifar10,1000.0,4,base.blocks.3,0.971536
1,3,6,vit_tiny,cifar10,1000.0,5,base.blocks.4,0.964312
1,3,6,vit_tiny,cifar10,1000.0,6,base.blocks.5,0.956626
1,3,6,vit_tiny,cifar10,1000.0,7,base.blocks.6,0.954643
1,3,6,vit_tiny,cifar10,1000.0,8,base.blocks.7,0.949704
1,3,6,vit_tiny,cifar10,1000.0,9,base.blocks.8,0.946530
1,3,6,vit_tiny,cifar10,1000.0,10,base.blocks.9,0.945359
1,3,6,vit_tiny,cifar10,1000.0,11,base.blocks.10,0.941589
1,3,6,vit_tiny,cifar10,1000.0,12,base.blocks.11,0.940822
1,3,6,vit_tiny,cifar10,1000.0,13,base.norm,0.926092
1,3,6,vit_tiny,cifar10,1000.0,14,classifier,0.877339
1,3,7,vit_tiny,cifar10,1000.0,0,base.patch_embed,0.993289
1,3,7,vit_tiny,cifar10,1000.0,1,base.blocks.0,0.984687
1,3,7,vit_tiny,cifar10,1000.0,2,base.blocks.1,0.976257
1,3,7,vit_tiny,cifar10,1000.0,3,base.blocks.2,0.968262
1,3,7,vit_tiny,cifar10,1000.0,4,base.blocks.3,0.958692
1,3,7,vit_tiny,cifar10,1000.0,5,base.blocks.4,0.951616
1,3,7,vit_tiny,cifar10,1000.0,6,base.blocks.5,0.944422
1,3,7,vit_tiny,cifar10,1000.0,7,base.blocks.6,0.942971
1,3,7,vit_tiny,cifar10,1000.0,8,base.blocks.7,0.940958
1,3,7,vit_tiny,cifar10,1000.0,9,base.blocks.8,0.939928
1,3,7,vit_tiny,cifar10,1000.0,10,base.blocks.9,0.940692
1,3,7,vit_tiny,cifar10,1000.0,11,base.blocks.10,0.940183
1,3,7,vit_tiny,cifar10,1000.0,12,base.blocks.11,0.942523
1,3,7,vit_tiny,cifar10,1000.0,13,base.norm,0.949337
1,3,7,vit_tiny,cifar10,1000.0,14,classifier,0.897046
1,3,8,vit_tiny,cifar10,1000.0,0,base.patch_embed,0.985431
1,3,8,vit_tiny,cifar10,1000.0,1,base.blocks.0,0.971039
1,3,8,vit_tiny,cifar10,1000.0,2,base.blocks.1,0.958016
1,3,8,vit_tiny,cifar10,1000.0,3,base.blocks.2,0.946312
1,3,8,vit_tiny,cifar10,1000.0,4,base.blocks.3,0.930619
1,3,8,vit_tiny,cifar10,1000.0,5,base.blocks.4,0.919691
1,3,8,vit_tiny,cifar10,1000.0,6,base.blocks.5,0.909263
1,3,8,vit_tiny,cifar10,1000.0,7,base.blocks.6,0.904333
1,3,8,vit_tiny,cifar10,1000.0,8,base.blocks.7,0.899384
1,3,8,vit_tiny,cifar10,1000.0,9,base.blocks.8,0.896332
1,3,8,vit_tiny,cifar10,1000.0,10,base.blocks.9,0.896988
1,3,8,vit_tiny,cifar10,1000.0,11,base.blocks.10,0.892020
1,3,8,vit_tiny,cifar10,1000.0,12,base.blocks.11,0.890754
1,3,8,vit_tiny,cifar10,1000.0,13,base.norm,0.908030
1,3,8,vit_tiny,cifar10,1000.0,14,classifier,0.677515
1,3,9,vit_tiny,cifar10,1000.0,0,base.patch_embed,0.985557
1,3,9,vit_tiny,cifar10,1000.0,1,base.blocks.0,0.976857
1,3,9,vit_tiny,cifar10,1000.0,2,base.blocks.1,0.968061
1,3,9,vit_tiny,cifar10,1000.0,3,base.blocks.2,0.958734
1,3,9,vit_tiny,cifar10,1000.0,4,base.blocks.3,0.947706
1,3,9,vit_tiny,cifar10,1000.0,5,base.blocks.4,0.938400
1,3,9,vit_tiny,cifar10,1000.0,6,base.blocks.5,0.927386
1,3,9,vit_tiny,cifar10,1000.0,7,base.blocks.6,0.924271
1,3,9,vit_tiny,cifar10,1000.0,8,base.blocks.7,0.916752
1,3,9,vit_tiny,cifar10,1000.0,9,base.blocks.8,0.912716
1,3,9,vit_tiny,cifar10,1000.0,10,base.blocks.9,0.909440
1,3,9,vit_tiny,cifar10,1000.0,11,base.blocks.10,0.904787
1,3,9,vit_tiny,cifar10,1000.0,12,base.blocks.11,0.905175
1,3,9,vit_tiny,cifar10,1000.0,13,base.norm,0.895717
1,3,9,vit_tiny,cifar10,1000.0,14,classifier,0.847587
1,4,5,vit_tiny,cifar10,1000.0,0,base.patch_embed,0.962748
1,4,5,vit_tiny,cifar10,1000.0,1,base.blocks.0,0.952844
1,4,5,vit_tiny,cifar10,1000.0,2,base.blocks.1,0.950222
1,4,5,vit_tiny,cifar10,1000.0,3,base.blocks.2,0.954454
1,4,5,vit_tiny,cifar10,1000.0,4,base.blocks.3,0.955772
1,4,5,vit_tiny,cifar10,1000.0,5,base.blocks.4,0.957983
1,4,5,vit_tiny,cifar10,1000.0,6,base.blocks.5,0.961497
1,4,5,vit_tiny,cifar10,1000.0,7,base.blocks.6,0.962076
1,4,5,vit_tiny,cifar10,1000.0,8,base.blocks.7,0.964758
1,4,5,vit_tiny,cifar10,1000.0,9,base.blocks.8,0.968598
1,4,5,vit_tiny,cifar10,1000.0,10,base.blocks.9,0.971024
1,4,5,vit_tiny,cifar10,1000.0,11,base.blocks.10,0.971263
1,4,5,vit_tiny,cifar10,1000.0,12,base.blocks.11,0.971352
1,4,5,vit_tiny,cifar10,1000.0,13,base.norm,0.970545
1,4,5,vit_tiny,cifar10,1000.0,14,classifier,0.839060
1,4,6,vit_tiny,cifar10,1000.0,0,base.patch_embed,0.970434
1,4,6,vit_tiny,cifar10,1000.0,1,base.blocks.0,0.958898
1,4,6,vit_tiny,cifar10,1000.0,2,base.blocks.1,0.953950
1,4,6,vit_tiny,cifar10,1000.0,3,base.blocks.2,0.950945
1,4,6,vit_tiny,cifar10,1000.0,4,base.blocks.3,0.944429
1,4,6,vit_tiny,cifar10,1000.0,5,base.blocks.4,0.938301
1,4,6,vit_tiny,cifar10,1000.0,6,base.blocks.5,0.934480
1,4,6,vit_tiny,cifar10,1000.0,7,base.blocks.6,0.928615
1,4,6,vit_tiny,cifar10,1000.0,8,base.blocks.7,0.923786
1,4,6,vit_tiny,cifar10,1000.0,9,base.blocks.8,0.921083
1,4,6,vit_tiny,cifar10,1000.0,10,base.blocks.9,0.917845
1,4,6,vit_tiny,cifar10,1000.0,11,base.blocks.10,0.912778
1,4,6,vit_tiny,cifar10,1000.0,12,base.blocks.11,0.909973
1,4,6,vit_tiny,cifar10,1000.0,13,base.norm,0.900791
1,4,6,vit_tiny,cifar10,1000.0,14,classifier,0.876296
1,4,7,vit_tiny,cifar10,1000.0,0,base.patch_embed,0.959578
1,4,7,vit_tiny,cifar10,1000.0,1,base.blocks.0,0.947946
1,4,7,vit_tiny,cifar10,1000.0,2,base.blocks.1,0.938799
1,4,7,vit_tiny,cifar10,1000.0,3,base.blocks.2,0.934219
1,4,7,vit_tiny,cifar10,1000.0,4,base.blocks.3,0.925873
1,4,7,vit_tiny,cifar10,1000.0,5,base.blocks.4,0.917978
1,4,7,vit_tiny,cifar10,1000.0,6,base.blocks.5,0.913154
1,4,7,vit_tiny,cifar10,1000.0,7,base.blocks.6,0.906018
1,4,7,vit_tiny,cifar10,1000.0,8,base.blocks.7,0.902693
1,4,7,vit_tiny,cifar10,1000.0,9,base.blocks.8,0.900895
1,4,7,vit_tiny,cifar10,1000.0,10,base.blocks.9,0.899388
1,4,7,vit_tiny,cifar10,1000.0,11,base.blocks.10,0.895911
1,4,7,vit_tiny,cifar10,1000.0,12,base.blocks.11,0.895968
1,4,7,vit_tiny,cifar10,1000.0,13,base.norm,0.898968
1,4,7,vit_tiny,cifar10,1000.0,14,classifier,0.798819
1,4,8,vit_tiny,cifar10,1000.0,0,base.patch_embed,0.943360
1,4,8,vit_tiny,cifar10,1000.0,1,base.blocks.0,0.930015
1,4,8,vit_tiny,cifar10,1000.0,2,base.blocks.1,0.920511
1,4,8,vit_tiny,cifar10,1000.0,3,base.blocks.2,0.914503
1,4,8,vit_tiny,cifar10,1000.0,4,base.blocks.3,0.904996
1,4,8,vit_tiny,cifar10,1000.0,5,base.blocks.4,0.898695
1,4,8,vit_tiny,cifar10,1000.0,6,base.blocks.5,0.895494
1,4,8,vit_tiny,cifar10,1000.0,7,base.blocks.6,0.886867
1,4,8,vit_tiny,cifar10,1000.0,8,base.blocks.7,0.885100
1,4,8,vit_tiny,cifar10,1000.0,9,base.blocks.8,0.882928
1,4,8,vit_tiny,cifar10,1000.0,10,base.blocks.9,0.881744
1,4,8,vit_tiny,cifar10,1000.0,11,base.blocks.10,0.875055
1,4,8,vit_tiny,cifar10,1000.0,12,base.blocks.11,0.872636
1,4,8,vit_tiny,cifar10,1000.0,13,base.norm,0.891059
1,4,8,vit_tiny,cifar10,1000.0,14,classifier,0.761310
1,4,9,vit_tiny,cifar10,1000.0,0,base.patch_embed,0.965265
1,4,9,vit_tiny,cifar10,1000.0,1,base.blocks.0,0.963766
1,4,9,vit_tiny,cifar10,1000.0,2,base.blocks.1,0.959869
1,4,9,vit_tiny,cifar10,1000.0,3,base.blocks.2,0.957060
1,4,9,vit_tiny,cifar10,1000.0,4,base.blocks.3,0.951216
1,4,9,vit_tiny,cifar10,1000.0,5,base.blocks.4,0.945795
1,4,9,vit_tiny,cifar10,1000.0,6,base.blocks.5,0.942237
1,4,9,vit_tiny,cifar10,1000.0,7,base.blocks.6,0.938537
1,4,9,vit_tiny,cifar10,1000.0,8,base.blocks.7,0.936918
1,4,9,vit_tiny,cifar10,1000.0,9,base.blocks.8,0.933392
1,4,9,vit_tiny,cifar10,1000.0,10,base.blocks.9,0.929041
1,4,9,vit_tiny,cifar10,1000.0,11,base.blocks.10,0.923661
1,4,9,vit_tiny,cifar10,1000.0,12,base.blocks.11,0.921341
1,4,9,vit_tiny,cifar10,1000.0,13,base.norm,0.920788
1,4,9,vit_tiny,cifar10,1000.0,14,classifier,0.850816
1,5,6,vit_tiny,cifar10,1000.0,0,base.patch_embed,0.998742
1,5,6,vit_tiny,cifar10,1000.0,1,base.blocks.0,0.998644
1,5,6,vit_tiny,cifar10,1000.0,2,base.blocks.1,0.997677
1,5,6,vit_tiny,cifar10,1000.0,3,base.blocks.2,0.996944
1,5,6,vit_tiny,cifar10,1000.0,4,base.blocks.3,0.995824
1,5,6,vit_tiny,cifar10,1000.0,5,base.blocks.4,0.993827
1,5,6,vit_tiny,cifar10,1000.0,6,base.blocks.5,0.991563
1,5,6,vit_tiny,cifar10,1000.0,7,base.blocks.6,0.988745
1,5,6,vit_tiny,cifar10,1000.0,8,base.blocks.7,0.985431
1,5,6,vit_tiny,cifar10,1000.0,9,base.blocks.8,0.981549
1,5,6,vit_tiny,cifar10,1000.0,10,base.blocks.9,0.977621
1,5,6,vit_tiny,cifar10,1000.0,11,base.blocks.10,0.974158
1,5,6,vit_tiny,cifar10,1000.0,12,base.blocks.11,0.972172
1,5,6,vit_tiny,cifar10,1000.0,13,base.norm,0.958511
1,5,6,vit_tiny,cifar10,1000.0,14,classifier,0.860605
1,5,7,vit_tiny,cifar10,1000.0,0,base.patch_embed,0.996226
1,5,7,vit_tiny,cifar10,1000.0,1,base.blocks.0,0.995862
1,5,7,vit_tiny,cifar10,1000.0,2,base.blocks.1,0.994464
1,5,7,vit_tiny,cifar10,1000.0,3,base.blocks.2,0.991328
1,5,7,vit_tiny,cifar10,1000.0,4,base.blocks.3,0.988150
1,5,7,vit_tiny,cifar10,1000.0,5,base.blocks.4,0.984069
1,5,7,vit_tiny,cifar10,1000.0,6,base.blocks.5,0.980051
1,5,7,vit_tiny,cifar10,1000.0,7,base.blocks.6,0.975862
1,5,7,vit_tiny,cifar10,1000.0,8,base.blocks.7,0.972102
1,5,7,vit_tiny,cifar10,1000.0,9,base.blocks.8,0.967729
1,5,7,vit_tiny,cifar10,1000.0,10,base.blocks.9,0.964265
1,5,7,vit_tiny,cifar10,1000.0,11,base.blocks.10,0.961071
1,5,7,vit_tiny,cifar10,1000.0,12,base.blocks.11,0.960960
1,5,7,vit_tiny,cifar10,1000.0,13,base.norm,0.955511
1,5,7,vit_tiny,cifar10,1000.0,14,classifier,0.749288
1,5,8,vit_tiny,cifar10,1000.0,0,base.patch_embed,0.992100
1,5,8,vit_tiny,cifar10,1000.0,1,base.blocks.0,0.993080
1,5,8,vit_tiny,cifar10,1000.0,2,base.blocks.1,0.992504
1,5,8,vit_tiny,cifar10,1000.0,3,base.blocks.2,0.989228
1,5,8,vit_tiny,cifar10,1000.0,4,base.blocks.3,0.985202
1,5,8,vit_tiny,cifar10,1000.0,5,base.blocks.4,0.981334
1,5,8,vit_tiny,cifar10,1000.0,6,base.blocks.5,0.976891
1,5,8,vit_tiny,cifar10,1000.0,7,base.blocks.6,0.971691
1,5,8,vit_tiny,cifar10,1000.0,8,base.blocks.7,0.967426
1,5,8,vit_tiny,cifar10,1000.0,9,base.blocks.8,0.961227
1,5,8,vit_tiny,cifar10,1000.0,10,base.blocks.9,0.955772
1,5,8,vit_tiny,cifar10,1000.0,11,base.blocks.10,0.949893
1,5,8,vit_tiny,cifar10,1000.0,12,base.blocks.11,0.946289
1,5,8,vit_tiny,cifar10,1000.0,13,base.norm,0.942747
1,5,8,vit_tiny,cifar10,1000.0,14,classifier,0.744486
1,5,9,vit_tiny,cifar10,1000.0,0,base.patch_embed,0.983534
1,5,9,vit_tiny,cifar10,1000.0,1,base.blocks.0,0.985439
1,5,9,vit_tiny,cifar10,1000.0,2,base.blocks.1,0.985978
1,5,9,vit_tiny,cifar10,1000.0,3,base.blocks.2,0.984608
1,5,9,vit_tiny,cifar10,1000.0,4,base.blocks.3,0.984893
1,5,9,vit_tiny,cifar10,1000.0,5,base.blocks.4,0.983712
1,5,9,vit_tiny,cifar10,1000.0,6,base.blocks.5,0.981433
1,5,9,vit_tiny,cifar10,1000.0,7,base.blocks.6,0.979585
1,5,9,vit_tiny,cifar10,1000.0,8,base.blocks.7,0.976660
1,5,9,vit_tiny,cifar10,1000.0,9,base.blocks.8,0.972670
1,5,9,vit_tiny,cifar10,1000.0,10,base.blocks.9,0.966954
1,5,9,vit_tiny,cifar10,1000.0,11,base.blocks.10,0.963200
1,5,9,vit_tiny,cifar10,1000.0,12,base.blocks.11,0.961234
1,5,9,vit_tiny,cifar10,1000.0,13,base.norm,0.945547
1,5,9,vit_tiny,cifar10,1000.0,14,classifier,0.739218
1,6,7,vit_tiny,cifar10,1000.0,0,base.patch_embed,0.996632
1,6,7,vit_tiny,cifar10,1000.0,1,base.blocks.0,0.995887
1,6,7,vit_tiny,cifar10,1000.0,2,base.blocks.1,0.994981
1,6,7,vit_tiny,cifar10,1000.0,3,base.blocks.2,0.994095
1,6,7,vit_tiny,cifar10,1000.0,4,base.blocks.3,0.993641
1,6,7,vit_tiny,cifar10,1000.0,5,base.blocks.4,0.993382
1,6,7,vit_tiny,cifar10,1000.0,6,base.blocks.5,0.993459
1,6,7,vit_tiny,cifar10,1000.0,7,base.blocks.6,0.993269
1,6,7,vit_tiny,cifar10,1000.0,8,base.blocks.7,0.993109
1,6,7,vit_tiny,cifar10,1000.0,9,base.blocks.8,0.993231
1,6,7,vit_tiny,cifar10,1000.0,10,base.blocks.9,0.993056
1,6,7,vit_tiny,cifar10,1000.0,11,base.blocks.10,0.992802
1,6,7,vit_tiny,cifar10,1000.0,12,base.blocks.11,0.992709
1,6,7,vit_tiny,cifar10,1000.0,13,base.norm,0.984523
1,6,7,vit_tiny,cifar10,1000.0,14,classifier,0.887335
1,6,8,vit_tiny,cifar10,1000.0,0,base.patch_embed,0.990383
1,6,8,vit_tiny,cifar10,1000.0,1,base.blocks.0,0.988525
1,6,8,vit_tiny,cifar10,1000.0,2,base.blocks.1,0.985747
1,6,8,vit_tiny,cifar10,1000.0,3,base.blocks.2,0.983962
1,6,8,vit_tiny,cifar10,1000.0,4,base.blocks.3,0.982670
1,6,8,vit_tiny,cifar10,1000.0,5,base.blocks.4,0.982073
1,6,8,vit_tiny,cifar10,1000.0,6,base.blocks.5,0.981647
1,6,8,vit_tiny,cifar10,1000.0,7,base.blocks.6,0.978938
1,6,8,vit_tiny,cifar10,1000.0,8,base.blocks.7,0.979766
1,6,8,vit_tiny,cifar10,1000.0,9,base.blocks.8,0.979384
1,6,8,vit_tiny,cifar10,1000.0,10,base.blocks.9,0.977958
1,6,8,vit_tiny,cifar10,1000.0,11,base.blocks.10,0.977610
1,6,8,vit_tiny,cifar10,1000.0,12,base.blocks.11,0.976172
1,6,8,vit_tiny,cifar10,1000.0,13,base.norm,0.965930
1,6,8,vit_tiny,cifar10,1000.0,14,classifier,0.740836
1,6,9,vit_tiny,cifar10,1000.0,0,base.patch_embed,0.984960
1,6,9,vit_tiny,cifar10,1000.0,1,base.blocks.0,0.982839
1,6,9,vit_tiny,cifar10,1000.0,2,base.blocks.1,0.979187
1,6,9,vit_tiny,cifar10,1000.0,3,base.blocks.2,0.974915
1,6,9,vit_tiny,cifar10,1000.0,4,base.blocks.3,0.973390
1,6,9,vit_tiny,cifar10,1000.0,5,base.blocks.4,0.970503
1,6,9,vit_tiny,cifar10,1000.0,6,base.blocks.5,0.967914
1,6,9,vit_tiny,cifar10,1000.0,7,base.blocks.6,0.964643
1,6,9,vit_tiny,cifar10,1000.0,8,base.blocks.7,0.962424
1,6,9,vit_tiny,cifar10,1000.0,9,base.blocks.8,0.960989
1,6,9,vit_tiny,cifar10,1000.0,10,base.blocks.9,0.956439
1,6,9,vit_tiny,cifar10,1000.0,11,base.blocks.10,0.955291
1,6,9,vit_tiny,cifar10,1000.0,12,base.blocks.11,0.954802
1,6,9,vit_tiny,cifar10,1000.0,13,base.norm,0.923719
1,6,9,vit_tiny,cifar10,1000.0,14,classifier,0.791505
1,7,8,vit_tiny,cifar10,1000.0,0,base.patch_embed,0.997840
1,7,8,vit_tiny,cifar10,1000.0,1,base.blocks.0,0.995615
1,7,8,vit_tiny,cifar10,1000.0,2,base.blocks.1,0.993089
1,7,8,vit_tiny,cifar10,1000.0,3,base.blocks.2,0.991156
1,7,8,vit_tiny,cifar10,1000.0,4,base.blocks.3,0.988373
1,7,8,vit_tiny,cifar10,1000.0,5,base.blocks.4,0.985957
1,7,8,vit_tiny,cifar10,1000.0,6,base.blocks.5,0.983604
1,7,8,vit_tiny,cifar10,1000.0,7,base.blocks.6,0.980938
1,7,8,vit_tiny,cifar10,1000.0,8,base.blocks.7,0.979982
1,7,8,vit_tiny,cifar10,1000.0,9,base.blocks.8,0.979119
1,7,8,vit_tiny,cifar10,1000.0,10,base.blocks.9,0.978219
1,7,8,vit_tiny,cifar10,1000.0,11,base.blocks.10,0.976463
1,7,8,vit_tiny,cifar10,1000.0,12,base.blocks.11,0.974451
1,7,8,vit_tiny,cifar10,1000.0,13,base.norm,0.969351
1,7,8,vit_tiny,cifar10,1000.0,14,classifier,0.691865
1,7,9,vit_tiny,cifar10,1000.0,0,base.patch_embed,0.991833
1,7,9,vit_tiny,cifar10,1000.0,1,base.blocks.0,0.987366
1,7,9,vit_tiny,cifar10,1000.0,2,base.blocks.1,0.981825
1,7,9,vit_tiny,cifar10,1000.0,3,base.blocks.2,0.977041
1,7,9,vit_tiny,cifar10,1000.0,4,base.blocks.3,0.973257
1,7,9,vit_tiny,cifar10,1000.0,5,base.blocks.4,0.968894
1,7,9,vit_tiny,cifar10,1000.0,6,base.blocks.5,0.964681
1,7,9,vit_tiny,cifar10,1000.0,7,base.blocks.6,0.960575
1,7,9,vit_tiny,cifar10,1000.0,8,base.blocks.7,0.957595
1,7,9,vit_tiny,cifar10,1000.0,9,base.blocks.8,0.956020
1,7,9,vit_tiny,cifar10,1000.0,10,base.blocks.9,0.952978
1,7,9,vit_tiny,cifar10,1000.0,11,base.blocks.10,0.951171
1,7,9,vit_tiny,cifar10,1000.0,12,base.blocks.11,0.951317
1,7,9,vit_tiny,cifar10,1000.0,13,base.norm,0.928639
1,7,9,vit_tiny,cifar10,1000.0,14,classifier,0.837768
1,8,9,vit_tiny,cifar10,1000.0,0,base.patch_embed,0.989834
1,8,9,vit_tiny,cifar10,1000.0,1,base.blocks.0,0.986679
1,8,9,vit_tiny,cifar10,1000.0,2,base.blocks.1,0.984087
1,8,9,vit_tiny,cifar10,1000.0,3,base.blocks.2,0.981044
1,8,9,vit_tiny,cifar10,1000.0,4,base.blocks.3,0.979828
1,8,9,vit_tiny,cifar10,1000.0,5,base.blocks.4,0.978775
1,8,9,vit_tiny,cifar10,1000.0,6,base.blocks.5,0.977464
1,8,9,vit_tiny,cifar10,1000.0,7,base.blocks.6,0.975242
1,8,9,vit_tiny,cifar10,1000.0,8,base.blocks.7,0.973620
1,8,9,vit_tiny,cifar10,1000.0,9,base.blocks.8,0.972686
1,8,9,vit_tiny,cifar10,1000.0,10,base.blocks.9,0.970658
1,8,9,vit_tiny,cifar10,1000.0,11,base.blocks.10,0.968605
1,8,9,vit_tiny,cifar10,1000.0,12,base.blocks.11,0.967442
1,8,9,vit_tiny,cifar10,1000.0,13,base.norm,0.945086
1,8,9,vit_tiny,cifar10,1000.0,14,classifier,0.656565
2,0,1,vit_tiny,cifar10,1000.0,0,base.patch_embed,0.976300
2,0,1,vit_tiny,cifar10,1000.0,1,base.blocks.0,0.973748
2,0,1,vit_tiny,cifar10,1000.0,2,base.blocks.1,0.970899
2,0,1,vit_tiny,cifar10,1000.0,3,base.blocks.2,0.970880
2,0,1,vit_tiny,cifar10,1000.0,4,base.blocks.3,0.968796
2,0,1,vit_tiny,cifar10,1000.0,5,base.blocks.4,0.969270
2,0,1,vit_tiny,cifar10,1000.0,6,base.blocks.5,0.969952
2,0,1,vit_tiny,cifar10,1000.0,7,base.blocks.6,0.969190
2,0,1,vit_tiny,cifar10,1000.0,8,base.blocks.7,0.970387
2,0,1,vit_tiny,cifar10,1000.0,9,base.blocks.8,0.970730
2,0,1,vit_tiny,cifar10,1000.0,10,base.blocks.9,0.971441
2,0,1,vit_tiny,cifar10,1000.0,11,base.blocks.10,0.970638
2,0,1,vit_tiny,cifar10,1000.0,12,base.blocks.11,0.970185
2,0,1,vit_tiny,cifar10,1000.0,13,base.norm,0.957976
2,0,1,vit_tiny,cifar10,1000.0,14,classifier,0.858659
2,0,2,vit_tiny,cifar10,1000.0,0,base.patch_embed,0.997555
2,0,2,vit_tiny,cifar10,1000.0,1,base.blocks.0,0.994824
2,0,2,vit_tiny,cifar10,1000.0,2,base.blocks.1,0.991985
2,0,2,vit_tiny,cifar10,1000.0,3,base.blocks.2,0.990434
2,0,2,vit_tiny,cifar10,1000.0,4,base.blocks.3,0.985878
2,0,2,vit_tiny,cifar10,1000.0,5,base.blocks.4,0.981342
2,0,2,vit_tiny,cifar10,1000.0,6,base.blocks.5,0.978600
2,0,2,vit_tiny,cifar10,1000.0,7,base.blocks.6,0.976267
2,0,2,vit_tiny,cifar10,1000.0,8,base.blocks.7,0.974022
2,0,2,vit_tiny,cifar10,1000.0,9,base.blocks.8,0.972602
2,0,2,vit_tiny,cifar10,1000.0,10,base.blocks.9,0.970748
2,0,2,vit_tiny,cifar10,1000.0,11,base.blocks.10,0.967768
2,0,2,vit_tiny,cifar10,1000.0,12,base.blocks.11,0.965717
2,0,2,vit_tiny,cifar10,1000.0,13,base.norm,0.953232
2,0,2,vit_tiny,cifar10,1000.0,14,classifier,0.850133
2,0,3,vit_tiny,cifar10,1000.0,0,base.patch_embed,0.988451
2,0,3,vit_tiny,cifar10,1000.0,1,base.blocks.0,0.988988
2,0,3,vit_tiny,cifar10,1000.0,2,base.blocks.1,0.989121
2,0,3,vit_tiny,cifar10,1000.0,3,base.blocks.2,0.990008
2,0,3,vit_tiny,cifar10,1000.0,4,base.blocks.3,0.988719
2,0,3,vit_tiny,cifar10,1000.0,5,base.blocks.4,0.987509
2,0,3,vit_tiny,cifar10,1000.0,6,base.blocks.5,0.986652
2,0,3,vit_tiny,cifar10,1000.0,7,base.blocks.6,0.985860
2,0,3,vit_tiny,cifar10,1000.0,8,base.blocks.7,0.985030
2,0,3,vit_tiny,cifar10,1000.0,9,base.blocks.8,0.984887
2,0,3,vit_tiny,cifar10,1000.0,10,base.blocks.9,0.984447
2,0,3,vit_tiny,cifar10,1000.0,11,base.blocks.10,0.983093
2,0,3,vit_tiny,cifar10,1000.0,12,base.blocks.11,0.982145
2,0,3,vit_tiny,cifar10,1000.0,13,base.norm,0.977737
2,0,3,vit_tiny,cifar10,1000.0,14,classifier,0.907823
2,0,4,vit_tiny,cifar10,1000.0,0,base.patch_embed,0.912276
2,0,4,vit_tiny,cifar10,1000.0,1,base.blocks.0,0.916739
2,0,4,vit_tiny,cifar10,1000.0,2,base.blocks.1,0.925600
2,0,4,vit_tiny,cifar10,1000.0,3,base.blocks.2,0.934396
2,0,4,vit_tiny,cifar10,1000.0,4,base.blocks.3,0.942320
2,0,4,vit_tiny,cifar10,1000.0,5,base.blocks.4,0.948653
2,0,4,vit_tiny,cifar10,1000.0,6,base.blocks.5,0.955375
2,0,4,vit_tiny,cifar10,1000.0,7,base.blocks.6,0.958137
2,0,4,vit_tiny,cifar10,1000.0,8,base.blocks.7,0.960676
2,0,4,vit_tiny,cifar10,1000.0,9,base.blocks.8,0.963199
2,0,4,vit_tiny,cifar10,1000.0,10,base.blocks.9,0.964391
2,0,4,vit_tiny,cifar10,1000.0,11,base.blocks.10,0.964536
2,0,4,vit_tiny,cifar10,1000.0,12,base.blocks.11,0.964757
2,0,4,vit_tiny,cifar10,1000.0,13,base.norm,0.953794
2,0,4,vit_tiny,cifar10,1000.0,14,classifier,0.939687
2,0,5,vit_tiny,cifar10,1000.0,0,base.patch_embed,0.970698
2,0,5,vit_tiny,cifar10,1000.0,1,base.blocks.0,0.974447
2,0,5,vit_tiny,cifar10,1000.0,2,base.blocks.1,0.975681
2,0,5,vit_tiny,cifar10,1000.0,3,base.blocks.2,0.974733
2,0,5,vit_tiny,cifar10,1000.0,4,base.blocks.3,0.974229
2,0,5,vit_tiny,cifar10,1000.0,5,base.blocks.4,0.972733
2,0,5,vit_tiny,cifar10,1000.0,6,base.blocks.5,0.972855
2,0,5,vit_tiny,cifar10,1000.0,7,base.blocks.6,0.970773
2,0,5,vit_tiny,cifar10,1000.0,8,base.blocks.7,0.969902
2,0,5,vit_tiny,cifar10,1000.0,9,base.blocks.8,0.969258
2,0,5,vit_tiny,cifar10,1000.0,10,base.blocks.9,0.968187
2,0,5,vit_tiny,cifar10,1000.0,11,base.blocks.10,0.966853
2,0,5,vit_tiny,cifar10,1000.0,12,base.blocks.11,0.965689
2,0,5,vit_tiny,cifar10,1000.0,13,base.norm,0.962764
2,0,5,vit_tiny,cifar10,1000.0,14,classifier,0.946582
2,0,6,vit_tiny,cifar10,1000.0,0,base.patch_embed,0.988528
2,0,6,vit_tiny,cifar10,1000.0,1,base.blocks.0,0.984779
2,0,6,vit_tiny,cifar10,1000.0,2,base.blocks.1,0.983293
2,0,6,vit_tiny,cifar10,1000.0,3,base.blocks.2,0.981557
2,0,6,vit_tiny,cifar10,1000.0,4,base.blocks.3,0.976975
2,0,6,vit_tiny,cifar10,1000.0,5,base.blocks.4,0.973246
2,0,6,vit_tiny,cifar10,1000.0,6,base.blocks.5,0.968257
2,0,6,vit_tiny,cifar10,1000.0,7,base.blocks.6,0.965285
2,0,6,vit_tiny,cifar10,1000.0,8,base.blocks.7,0.961191
2,0,6,vit_tiny,cifar10,1000.0,9,base.blocks.8,0.958399
2,0,6,vit_tiny,cifar10,1000.0,10,base.blocks.9,0.955279
2,0,6,vit_tiny,cifar10,1000.0,11,base.blocks.10,0.952044
2,0,6,vit_tiny,cifar10,1000.0,12,base.blocks.11,0.949798
2,0,6,vit_tiny,cifar10,1000.0,13,base.norm,0.944256
2,0,6,vit_tiny,cifar10,1000.0,14,classifier,0.875197
2,0,7,vit_tiny,cifar10,1000.0,0,base.patch_embed,0.938690
2,0,7,vit_tiny,cifar10,1000.0,1,base.blocks.0,0.953770
2,0,7,vit_tiny,cifar10,1000.0,2,base.blocks.1,0.960438
2,0,7,vit_tiny,cifar10,1000.0,3,base.blocks.2,0.966249
2,0,7,vit_tiny,cifar10,1000.0,4,base.blocks.3,0.970094
2,0,7,vit_tiny,cifar10,1000.0,5,base.blocks.4,0.972710
2,0,7,vit_tiny,cifar10,1000.0,6,base.blocks.5,0.974446
2,0,7,vit_tiny,cifar10,1000.0,7,base.blocks.6,0.974955
2,0,7,vit_tiny,cifar10,1000.0,8,base.blocks.7,0.975774
2,0,7,vit_tiny,cifar10,1000.0,9,base.blocks.8,0.976517
2,0,7,vit_tiny,cifar10,1000.0,10,base.blocks.9,0.977249
2,0,7,vit_tiny,cifar10,1000.0,11,base.blocks.10,0.977217
2,0,7,vit_tiny,cifar10,1000.0,12,base.blocks.11,0.977251
2,0,7,vit_tiny,cifar10,1000.0,13,base.norm,0.968593
2,0,7,vit_tiny,cifar10,1000.0,14,classifier,0.860526
2,0,8,vit_tiny,cifar10,1000.0,0,base.patch_embed,0.978279
2,0,8,vit_tiny,cifar10,1000.0,1,base.blocks.0,0.972299
2,0,8,vit_tiny,cifar10,1000.0,2,base.blocks.1,0.969724
2,0,8,vit_tiny,cifar10,1000.0,3,base.blocks.2,0.969398
2,0,8,vit_tiny,cifar10,1000.0,4,base.blocks.3,0.963722
2,0,8,vit_tiny,cifar10,1000.0,5,base.blocks.4,0.960479
2,0,8,vit_tiny,cifar10,1000.0,6,base.blocks.5,0.956984
2,0,8,vit_tiny,cifar10,1000.0,7,base.blocks.6,0.956091
2,0,8,vit_tiny,cifar10,1000.0,8,base.blocks.7,0.955411
2,0,8,vit_tiny,cifar10,1000.0,9,base.blocks.8,0.955732
2,0,8,vit_tiny,cifar10,1000.0,10,base.blocks.9,0.955060
2,0,8,vit_tiny,cifar10,1000.0,11,base.blocks.10,0.952471
2,0,8,vit_tiny,cifar10,1000.0,12,base.blocks.11,0.952040
2,0,8,vit_tiny,cifar10,1000.0,13,base.norm,0.936232
2,0,8,vit_tiny,cifar10,1000.0,14,classifier,0.791354
2,0,9,vit_tiny,cifar10,1000.0,0,base.patch_embed,0.957108
2,0,9,vit_tiny,cifar10,1000.0,1,base.blocks.0,0.956916
2,0,9,vit_tiny,cifar10,1000.0,2,base.blocks.1,0.959313
2,0,9,vit_tiny,cifar10,1000.0,3,base.blocks.2,0.961432
2,0,9,vit_tiny,cifar10,1000.0,4,base.blocks.3,0.960199
2,0,9,vit_tiny,cifar10,1000.0,5,base.blocks.4,0.960942
2,0,9,vit_tiny,cifar10,1000.0,6,base.blocks.5,0.959481
2,0,9,vit_tiny,cifar10,1000.0,7,base.blocks.6,0.958616
2,0,9,vit_tiny,cifar10,1000.0,8,base.blocks.7,0.959793
2,0,9,vit_tiny,cifar10,1000.0,9,base.blocks.8,0.959881
2,0,9,vit_tiny,cifar10,1000.0,10,base.blocks.9,0.960165
2,0,9,vit_tiny,cifar10,1000.0,11,base.blocks.10,0.958377
2,0,9,vit_tiny,cifar10,1000.0,12,base.blocks.11,0.958489
2,0,9,vit_tiny,cifar10,1000.0,13,base.norm,0.945045
2,0,9,vit_tiny,cifar10,1000.0,14,classifier,0.820638
2,1,2,vit_tiny,cifar10,1000.0,0,base.patch_embed,0.981127
2,1,2,vit_tiny,cifar10,1000.0,1,base.blocks.0,0.983030
2,1,2,vit_tiny,cifar10,1000.0,2,base.blocks.1,0.982563
2,1,2,vit_tiny,cifar10,1000.0,3,base.blocks.2,0.981113
2,1,2,vit_tiny,cifar10,1000.0,4,base.blocks.3,0.978081
2,1,2,vit_tiny,cifar10,1000.0,5,base.blocks.4,0.976674
2,1,2,vit_tiny,cifar10,1000.0,6,base.blocks.5,0.975850
2,1,2,vit_tiny,cifar10,1000.0,7,base.blocks.6,0.973096
2,1,2,vit_tiny,cifar10,1000.0,8,base.blocks.7,0.970134
2,1,2,vit_tiny,cifar10,1000.0,9,base.blocks.8,0.967415
2,1,2,vit_tiny,cifar10,1000.0,10,base.blocks.9,0.966114
2,1,2,vit_tiny,cifar10,1000.0,11,base.blocks.10,0.962486
2,1,2,vit_tiny,cifar10,1000.0,12,base.blocks.11,0.957744
2,1,2,vit_tiny,cifar10,1000.0,13,base.norm,0.944755
2,1,2,vit_tiny,cifar10,1000.0,14,classifier,0.846684
2,1,3,vit_tiny,cifar10,1000.0,0,base.patch_embed,0.994617
2,1,3,vit_tiny,cifar10,1000.0,1,base.blocks.0,0.992888
2,1,3,vit_tiny,cifar10,1000.0,2,base.blocks.1,0.989618
2,1,3,vit_tiny,cifar10,1000.0,3,base.blocks.2,0.986846
2,1,3,vit_tiny,cifar10,1000.0,4,base.blocks.3,0.983226
2,1,3,vit_tiny,cifar10,1000.0,5,base.blocks.4,0.980554
2,1,3,vit_tiny,cifar10,1000.0,6,base.blocks.5,0.978568
2,1,3,vit_tiny,cifar10,1000.0,7,base.blocks.6,0.975330
2,1,3,vit_tiny,cifar10,1000.0,8,base.blocks.7,0.972826
2,1,3,vit_tiny,cifar10,1000.0,9,base.blocks.8,0.970560
2,1,3,vit_tiny,cifar10,1000.0,10,base.blocks.9,0.969662
2,1,3,vit_tiny,cifar10,1000.0,11,base.blocks.10,0.966693
2,1,3,vit_tiny,cifar10,1000.0,12,base.blocks.11,0.962952
2,1,3,vit_tiny,cifar10,1000.0,13,base.norm,0.951392
2,1,3,vit_tiny,cifar10,1000.0,14,classifier,0.919819
2,1,4,vit_tiny,cifar10,1000.0,0,base.patch_embed,0.950313
2,1,4,vit_tiny,cifar10,1000.0,1,base.blocks.0,0.942927
2,1,4,vit_tiny,cifar10,1000.0,2,base.blocks.1,0.946722
2,1,4,vit_tiny,cifar10,1000.0,3,base.blocks.2,0.956455
2,1,4,vit_tiny,cifar10,1000.0,4,base.blocks.3,0.963591
2,1,4,vit_tiny,cifar10,1000.0,5,base.blocks.4,0.969731
2,1,4,vit_tiny,cifar10,1000.0,6,base.blocks.5,0.972504
2,1,4,vit_tiny,cifar10,1000.0,7,base.blocks.6,0.975249
2,1,4,vit_tiny,cifar10,1000.0,8,base.blocks.7,0.977282
2,1,4,vit_tiny,cifar10,1000.0,9,base.blocks.8,0.977694
2,1,4,vit_tiny,cifar10,1000.0,10,base.blocks.9,0.976562
2,1,4,vit_tiny,cifar10,1000.0,11,base.blocks.10,0.976402
2,1,4,vit_tiny,cifar10,1000.0,12,base.blocks.11,0.974858
2,1,4,vit_tiny,cifar10,1000.0,13,base.norm,0.962897
2,1,4,vit_tiny,cifar10,1000.0,14,classifier,0.858193
2,1,5,vit_tiny,cifar10,1000.0,0,base.patch_embed,0.998087
2,1,5,vit_tiny,cifar10,1000.0,1,base.blocks.0,0.995458
2,1,5,vit_tiny,cifar10,1000.0,2,base.blocks.1,0.991313
2,1,5,vit_tiny,cifar10,1000.0,3,base.blocks.2,0.989705
2,1,5,vit_tiny,cifar10,1000.0,4,base.blocks.3,0.986777
2,1,5,vit_tiny,cifar10,1000.0,5,base.blocks.4,0.984312
2,1,5,vit_tiny,cifar10,1000.0,6,base.blocks.5,0.981242
2,1,5,vit_tiny,cifar10,1000.0,7,base.blocks.6,0.979426
2,1,5,vit_tiny,cifar10,1000.0,8,base.blocks.7,0.978727
2,1,5,vit_tiny,cifar10,1000.0,9,base.blocks.8,0.976805
2,1,5,vit_tiny,cifar10,1000.0,10,base.blocks.9,0.974235
2,1,5,vit_tiny,cifar10,1000.0,11,base.blocks.10,0.973411
2,1,5,vit_tiny,cifar10,1000.0,12,base.blocks.11,0.972546
2,1,5,vit_tiny,cifar10,1000.0,13,base.norm,0.967969
2,1,5,vit_tiny,cifar10,1000.0,14,classifier,0.890685
2,1,6,vit_tiny,cifar10,1000.0,0,base.patch_embed,0.974128
2,1,6,vit_tiny,cifar10,1000.0,1,base.blocks.0,0.968983
2,1,6,vit_tiny,cifar10,1000.0,2,base.blocks.1,0.964113
2,1,6,vit_tiny,cifar10,1000.0,3,base.blocks.2,0.960515
2,1,6,vit_tiny,cifar10,1000.0,4,base.blocks.3,0.953527
2,1,6,vit_tiny,cifar10,1000.0,5,base.blocks.4,0.949259
2,1,6,vit_tiny,cifar10,1000.0,6,base.blocks.5,0.946761
2,1,6,vit_tiny,cifar10,1000.0,7,base.blocks.6,0.942777
2,1,6,vit_tiny,cifar10,1000.0,8,base.blocks.7,0.938719
2,1,6,vit_tiny,cifar10,1000.0,9,base.blocks.8,0.935450
2,1,6,vit_tiny,cifar10,1000.0,10,base.blocks.9,0.934354
2,1,6,vit_tiny,cifar10,1000.0,11,base.blocks.10,0.930067
2,1,6,vit_tiny,cifar10,1000.0,12,base.blocks.11,0.924649
2,1,6,vit_tiny,cifar10,1000.0,13,base.norm,0.925362
2,1,6,vit_tiny,cifar10,1000.0,14,classifier,0.749748
2,1,7,vit_tiny,cifar10,1000.0,0,base.patch_embed,0.963482
2,1,7,vit_tiny,cifar10,1000.0,1,base.blocks.0,0.975227
2,1,7,vit_tiny,cifar10,1000.0,2,base.blocks.1,0.975359
2,1,7,vit_tiny,cifar10,1000.0,3,base.blocks.2,0.973471
2,1,7,vit_tiny,cifar10,1000.0,4,base.blocks.3,0.970841
2,1,7,vit_tiny,cifar10,1000.0,5,base.blocks.4,0.968724
2,1,7,vit_tiny,cifar10,1000.0,6,base.blocks.5,0.969606
2,1,7,vit_tiny,cifar10,1000.0,7,base.blocks.6,0.967121
2,1,7,vit_tiny,cifar10,1000.0,8,base.blocks.7,0.965928
2,1,7,vit_tiny,cifar10,1000.0,9,base.blocks.8,0.965244
2,1,7,vit_tiny,cifar10,1000.0,10,base.blocks.9,0.965871
2,1,7,vit_tiny,cifar10,1000.0,11,base.blocks.10,0.963657
2,1,7,vit_tiny,cifar10,1000.0,12,base.blocks.11,0.962298
2,1,7,vit_tiny,cifar10,1000.0,13,base.norm,0.955208
2,1,7,vit_tiny,cifar10,1000.0,14,classifier,0.842475
2,1,8,vit_tiny,cifar10,1000.0,0,base.patch_embed,0.989856
2,1,8,vit_tiny,cifar10,1000.0,1,base.blocks.0,0.992017
2,1,8,vit_tiny,cifar10,1000.0,2,base.blocks.1,0.991225
2,1,8,vit_tiny,cifar10,1000.0,3,base.blocks.2,0.988588
2,1,8,vit_tiny,cifar10,1000.0,4,base.blocks.3,0.984387
2,1,8,vit_tiny,cifar10,1000.0,5,base.blocks.4,0.980407
2,1,8,vit_tiny,cifar10,1000.0,6,base.blocks.5,0.977038
2,1,8,vit_tiny,cifar10,1000.0,7,base.blocks.6,0.974372
2,1,8,vit_tiny,cifar10,1000.0,8,base.blocks.7,0.971128
2,1,8,vit_tiny,cifar10,1000.0,9,base.blocks.8,0.968222
2,1,8,vit_tiny,cifar10,1000.0,10,base.blocks.9,0.966635
2,1,8,vit_tiny,cifar10,1000.0,11,base.blocks.10,0.962554
2,1,8,vit_tiny,cifar10,1000.0,12,base.blocks.11,0.958536
2,1,8,vit_tiny,cifar10,1000.0,13,base.norm,0.948156
2,1,8,vit_tiny,cifar10,1000.0,14,classifier,0.760986
2,1,9,vit_tiny,cifar10,1000.0,0,base.patch_embed,0.967953
2,1,9,vit_tiny,cifar10,1000.0,1,base.blocks.0,0.977956
2,1,9,vit_tiny,cifar10,1000.0,2,base.blocks.1,0.981105
2,1,9,vit_tiny,cifar10,1000.0,3,base.blocks.2,0.981993
2,1,9,vit_tiny,cifar10,1000.0,4,base.blocks.3,0.981946
2,1,9,vit_tiny,cifar10,1000.0,5,base.blocks.4,0.982186
2,1,9,vit_tiny,cifar10,1000.0,6,base.blocks.5,0.982217
2,1,9,vit_tiny,cifar10,1000.0,7,base.blocks.6,0.982247
2,1,9,vit_tiny,cifar10,1000.0,8,base.blocks.7,0.982893
2,1,9,vit_tiny,cifar10,1000.0,9,base.blocks.8,0.983578
2,1,9,vit_tiny,cifar10,1000.0,10,base.blocks.9,0.984642
2,1,9,vit_tiny,cifar10,1000.0,11,base.blocks.10,0.984821
2,1,9,vit_tiny,cifar10,1000.0,12,base.blocks.11,0.984899
2,1,9,vit_tiny,cifar10,1000.0,13,base.norm,0.981683
2,1,9,vit_tiny,cifar10,1000.0,14,classifier,0.829545
2,2,3,vit_tiny,cifar10,1000.0,0,base.patch_embed,0.993914
2,2,3,vit_tiny,cifar10,1000.0,1,base.blocks.0,0.995439
2,2,3,vit_tiny,cifar10,1000.0,2,base.blocks.1,0.995344
2,2,3,vit_tiny,cifar10,1000.0,3,base.blocks.2,0.994381
2,2,3,vit_tiny,cifar10,1000.0,4,base.blocks.3,0.992906
2,2,3,vit_tiny,cifar10,1000.0,5,base.blocks.4,0.990928
2,2,3,vit_tiny,cifar10,1000.0,6,base.blocks.5,0.989507
2,2,3,vit_tiny,cifar10,1000.0,7,base.blocks.6,0.987794
2,2,3,vit_tiny,cifar10,1000.0,8,base.blocks.7,0.986070
2,2,3,vit_tiny,cifar10,1000.0,9,base.blocks.8,0.984533
2,2,3,vit_tiny,cifar10,1000.0,10,base.blocks.9,0.982590
2,2,3,vit_tiny,cifar10,1000.0,11,base.blocks.10,0.980558
2,2,3,vit_tiny,cifar10,1000.0,12,base.blocks.11,0.978675
2,2,3,vit_tiny,cifar10,1000.0,13,base.norm,0.971500
2,2,3,vit_tiny,cifar10,1000.0,14,classifier,0.888327
2,2,4,vit_tiny,cifar10,1000.0,0,base.patch_embed,0.902383
2,2,4,vit_tiny,cifar10,1000.0,1,base.blocks.0,0.904589
2,2,4,vit_tiny,cifar10,1000.0,2,base.blocks.1,0.911964
2,2,4,vit_tiny,cifar10,1000.0,3,base.blocks.2,0.921345
2,2,4,vit_tiny,cifar10,1000.0,4,base.blocks.3,0.926102
2,2,4,vit_tiny,cifar10,1000.0,5,base.blocks.4,0.932177
2,2,4,vit_tiny,cifar10,1000.0,6,base.blocks.5,0.938930
2,2,4,vit_tiny,cifar10,1000.0,7,base.blocks.6,0.941376
2,2,4,vit_tiny,cifar10,1000.0,8,base.blocks.7,0.942811
2,2,4,vit_tiny,cifar10,1000.0,9,base.blocks.8,0.944895
2,2,4,vit_tiny,cifar10,1000.0,10,base.blocks.9,0.946061
2,2,4,vit_tiny,cifar10,1000.0,11,base.blocks.10,0.947479
2,2,4,vit_tiny,cifar10,1000.0,12,base.blocks.11,0.946436
2,2,4,vit_tiny,cifar10,1000.0,13,base.norm,0.934252
2,2,4,vit_tiny,cifar10,1000.0,14,classifier,0.821564
2,2,5,vit_tiny,cifar10,1000.0,0,base.patch_embed,0.972880
2,2,5,vit_tiny,cifar10,1000.0,1,base.blocks.0,0.975983
2,2,5,vit_tiny,cifar10,1000.0,2,base.blocks.1,0.973549
2,2,5,vit_tiny,cifar10,1000.0,3,base.blocks.2,0.969661
2,2,5,vit_tiny,cifar10,1000.0,4,base.blocks.3,0.963641
2,2,5,vit_tiny,cifar10,1000.0,5,base.blocks.4,0.956925
2,2,5,vit_tiny,cifar10,1000.0,6,base.blocks.5,0.952498
2,2,5,vit_tiny,cifar10,1000.0,7,base.blocks.6,0.946749
2,2,5,vit_tiny,cifar10,1000.0,8,base.blocks.7,0.941809
2,2,5,vit_tiny,cifar10,1000.0,9,base.blocks.8,0.937429
2,2,5,vit_tiny,cifar10,1000.0,10,base.blocks.9,0.931730
2,2,5,vit_tiny,cifar10,1000.0,11,base.blocks.10,0.927177
2,2,5,vit_tiny,cifar10,1000.0,12,base.blocks.11,0.921964
2,2,5,vit_tiny,cifar10,1000.0,13,base.norm,0.906359
2,2,5,vit_tiny,cifar10,1000.0,14,classifier,0.855623
2,2,6,vit_tiny,cifar10,1000.0,0,base.patch_embed,0.993618
2,2,6,vit_tiny,cifar10,1000.0,1,base.blocks.0,0.990300
2,2,6,vit_tiny,cifar10,1000.0,2,base.blocks.1,0.987834
2,2,6,vit_tiny,cifar10,1000.0,3,base.blocks.2,0.985165
2,2,6,vit_tiny,cifar10,1000.0,4,base.blocks.3,0.981681
2,2,6,vit_tiny,cifar10,1000.0,5,base.blocks.4,0.978285
2,2,6,vit_tiny,cifar10,1000.0,6,base.blocks.5,0.975341
2,2,6,vit_tiny,cifar10,1000.0,7,base.blocks.6,0.973678
2,2,6,vit_tiny,cifar10,1000.0,8,base.blocks.7,0.972932
2,2,6,vit_tiny,cifar10,1000.0,9,base.blocks.8,0.971042
2,2,6,vit_tiny,cifar10,1000.0,10,base.blocks.9,0.968822
2,2,6,vit_tiny,cifar10,1000.0,11,base.blocks.10,0.966454
2,2,6,vit_tiny,cifar10,1000.0,12,base.blocks.11,0.965350
2,2,6,vit_tiny,cifar10,1000.0,13,base.norm,0.952275
2,2,6,vit_tiny,cifar10,1000.0,14,classifier,0.786111
2,2,7,vit_tiny,cifar10,1000.0,0,base.patch_embed,0.958201
2,2,7,vit_tiny,cifar10,1000.0,1,base.blocks.0,0.973712
2,2,7,vit_tiny,cifar10,1000.0,2,base.blocks.1,0.978548
2,2,7,vit_tiny,cifar10,1000.0,3,base.blocks.2,0.980520
2,2,7,vit_tiny,cifar10,1000.0,4,base.blocks.3,0.981374
2,2,7,vit_tiny,cifar10,1000.0,5,base.blocks.4,0.980218
2,2,7,vit_tiny,cifar10,1000.0,6,base.blocks.5,0.979703
2,2,7,vit_tiny,cifar10,1000.0,7,base.blocks.6,0.978433
2,2,7,vit_tiny,cifar10,1000.0,8,base.blocks.7,0.977709
2,2,7,vit_tiny,cifar10,1000.0,9,base.blocks.8,0.976597
2,2,7,vit_tiny,cifar10,1000.0,10,base.blocks.9,0.975431
2,2,7,vit_tiny,cifar10,1000.0,11,base.blocks.10,0.973069
2,2,7,vit_tiny,cifar10,1000.0,12,base.blocks.11,0.972157
2,2,7,vit_tiny,cifar10,1000.0,13,base.norm,0.967166
2,2,7,vit_tiny,cifar10,1000.0,14,classifier,0.900633
2,2,8,vit_tiny,cifar10,1000.0,0,base.patch_embed,0.988864
2,2,8,vit_tiny,cifar10,1000.0,1,base.blocks.0,0.988048
2,2,8,vit_tiny,cifar10,1000.0,2,base.blocks.1,0.988202
2,2,8,vit_tiny,cifar10,1000.0,3,base.blocks.2,0.987947
2,2,8,vit_tiny,cifar10,1000.0,4,base.blocks.3,0.987123
2,2,8,vit_tiny,cifar10,1000.0,5,base.blocks.4,0.987254
2,2,8,vit_tiny,cifar10,1000.0,6,base.blocks.5,0.986061
2,2,8,vit_tiny,cifar10,1000.0,7,base.blocks.6,0.985755
2,2,8,vit_tiny,cifar10,1000.0,8,base.blocks.7,0.985365
2,2,8,vit_tiny,cifar10,1000.0,9,base.blocks.8,0.985040
2,2,8,vit_tiny,cifar10,1000.0,10,base.blocks.9,0.984136
2,2,8,vit_tiny,cifar10,1000.0,11,base.blocks.10,0.983327
2,2,8,vit_tiny,cifar10,1000.0,12,base.blocks.11,0.982536
2,2,8,vit_tiny,cifar10,1000.0,13,base.norm,0.975879
2,2,8,vit_tiny,cifar10,1000.0,14,classifier,0.787716
2,2,9,vit_tiny,cifar10,1000.0,0,base.patch_embed,0.972960
2,2,9,vit_tiny,cifar10,1000.0,1,base.blocks.0,0.975221
2,2,9,vit_tiny,cifar10,1000.0,2,base.blocks.1,0.976857
2,2,9,vit_tiny,cifar10,1000.0,3,base.blocks.2,0.976279
2,2,9,vit_tiny,cifar10,1000.0,4,base.blocks.3,0.975322
2,2,9,vit_tiny,cifar10,1000.0,5,base.blocks.4,0.974802
2,2,9,vit_tiny,cifar10,1000.0,6,base.blocks.5,0.973289
2,2,9,vit_tiny,cifar10,1000.0,7,base.blocks.6,0.971584
2,2,9,vit_tiny,cifar10,1000.0,8,base.blocks.7,0.970621
2,2,9,vit_tiny,cifar10,1000.0,9,base.blocks.8,0.968724
2,2,9,vit_tiny,cifar10,1000.0,10,base.blocks.9,0.966821
2,2,9,vit_tiny,cifar10,1000.0,11,base.blocks.10,0.963944
2,2,9,vit_tiny,cifar10,1000.0,12,base.blocks.11,0.960974
2,2,9,vit_tiny,cifar10,1000.0,13,base.norm,0.940406
2,2,9,vit_tiny,cifar10,1000.0,14,classifier,0.757509
2,3,4,vit_tiny,cifar10,1000.0,0,base.patch_embed,0.922689
2,3,4,vit_tiny,cifar10,1000.0,1,base.blocks.0,0.922363
2,3,4,vit_tiny,cifar10,1000.0,2,base.blocks.1,0.927968
2,3,4,vit_tiny,cifar10,1000.0,3,base.blocks.2,0.937894
2,3,4,vit_tiny,cifar10,1000.0,4,base.blocks.3,0.944048
2,3,4,vit_tiny,cifar10,1000.0,5,base.blocks.4,0.949610
2,3,4,vit_tiny,cifar10,1000.0,6,base.blocks.5,0.954638
2,3,4,vit_tiny,cifar10,1000.0,7,base.blocks.6,0.956292
2,3,4,vit_tiny,cifar10,1000.0,8,base.blocks.7,0.957939
2,3,4,vit_tiny,cifar10,1000.0,9,base.blocks.8,0.960069
2,3,4,vit_tiny,cifar10,1000.0,10,base.blocks.9,0.961227
2,3,4,vit_tiny,cifar10,1000.0,11,base.blocks.10,0.962203
2,3,4,vit_tiny,cifar10,1000.0,12,base.blocks.11,0.962179
2,3,4,vit_tiny,cifar10,1000.0,13,base.norm,0.949869
2,3,4,vit_tiny,cifar10,1000.0,14,classifier,0.876474
2,3,5,vit_tiny,cifar10,1000.0,0,base.patch_embed,0.989125
2,3,5,vit_tiny,cifar10,1000.0,1,base.blocks.0,0.989038
2,3,5,vit_tiny,cifar10,1000.0,2,base.blocks.1,0.986766
2,3,5,vit_tiny,cifar10,1000.0,3,base.blocks.2,0.985060
2,3,5,vit_tiny,cifar10,1000.0,4,base.blocks.3,0.982415
2,3,5,vit_tiny,cifar10,1000.0,5,base.blocks.4,0.978809
2,3,5,vit_tiny,cifar10,1000.0,6,base.blocks.5,0.976183
2,3,5,vit_tiny,cifar10,1000.0,7,base.blocks.6,0.972337
2,3,5,vit_tiny,cifar10,1000.0,8,base.blocks.7,0.969405
2,3,5,vit_tiny,cifar10,1000.0,9,base.blocks.8,0.966814
2,3,5,vit_tiny,cifar10,1000.0,10,base.blocks.9,0.963833
2,3,5,vit_tiny,cifar10,1000.0,11,base.blocks.10,0.961348
2,3,5,vit_tiny,cifar10,1000.0,12,base.blocks.11,0.958195
2,3,5,vit_tiny,cifar10,1000.0,13,base.norm,0.952023
2,3,5,vit_tiny,cifar10,1000.0,14,classifier,0.905070
2,3,6,vit_tiny,cifar10,1000.0,0,base.patch_embed,0.985957
2,3,6,vit_tiny,cifar10,1000.0,1,base.blocks.0,0.981351
2,3,6,vit_tiny,cifar10,1000.0,2,base.blocks.1,0.980128
2,3,6,vit_tiny,cifar10,1000.0,3,base.blocks.2,0.979449
2,3,6,vit_tiny,cifar10,1000.0,4,base.blocks.3,0.977829
2,3,6,vit_tiny,cifar10,1000.0,5,base.blocks.4,0.976793
2,3,6,vit_tiny,cifar10,1000.0,6,base.blocks.5,0.975810
2,3,6,vit_tiny,cifar10,1000.0,7,base.blocks.6,0.975912
2,3,6,vit_tiny,cifar10,1000.0,8,base.blocks.7,0.975992
2,3,6,vit_tiny,cifar10,1000.0,9,base.blocks.8,0.975054
2,3,6,vit_tiny,cifar10,1000.0,10,base.blocks.9,0.973759
2,3,6,vit_tiny,cifar10,1000.0,11,base.blocks.10,0.972750
2,3,6,vit_tiny,cifar10,1000.0,12,base.blocks.11,0.972571
2,3,6,vit_tiny,cifar10,1000.0,13,base.norm,0.964217
2,3,6,vit_tiny,cifar10,1000.0,14,classifier,0.795451
2,3,7,vit_tiny,cifar10,1000.0,0,base.patch_embed,0.967805
2,3,7,vit_tiny,cifar10,1000.0,1,base.blocks.0,0.970961
2,3,7,vit_tiny,cifar10,1000.0,2,base.blocks.1,0.969822
2,3,7,vit_tiny,cifar10,1000.0,3,base.blocks.2,0.969858
2,3,7,vit_tiny,cifar10,1000.0,4,base.blocks.3,0.970950
2,3,7,vit_tiny,cifar10,1000.0,5,base.blocks.4,0.971373
2,3,7,vit_tiny,cifar10,1000.0,6,base.blocks.5,0.973049
2,3,7,vit_tiny,cifar10,1000.0,7,base.blocks.6,0.973916
2,3,7,vit_tiny,cifar10,1000.0,8,base.blocks.7,0.975379
2,3,7,vit_tiny,cifar10,1000.0,9,base.blocks.8,0.976597
2,3,7,vit_tiny,cifar10,1000.0,10,base.blocks.9,0.977903
2,3,7,vit_tiny,cifar10,1000.0,11,base.blocks.10,0.977579
2,3,7,vit_tiny,cifar10,1000.0,12,base.blocks.11,0.978132
2,3,7,vit_tiny,cifar10,1000.0,13,base.norm,0.975474
2,3,7,vit_tiny,cifar10,1000.0,14,classifier,0.911142
2,3,8,vit_tiny,cifar10,1000.0,0,base.patch_embed,0.995819
2,3,8,vit_tiny,cifar10,1000.0,1,base.blocks.0,0.993872
2,3,8,vit_tiny,cifar10,1000.0,2,base.blocks.1,0.992749
2,3,8,vit_tiny,cifar10,1000.0,3,base.blocks.2,0.991797
2,3,8,vit_tiny,cifar10,1000.0,4,base.blocks.3,0.989884
2,3,8,vit_tiny,cifar10,1000.0,5,base.blocks.4,0.988883
2,3,8,vit_tiny,cifar10,1000.0,6,base.blocks.5,0.987610
2,3,8,vit_tiny,cifar10,1000.0,7,base.blocks.6,0.987127
2,3,8,vit_tiny,cifar10,1000.0,8,base.blocks.7,0.986642
2,3,8,vit_tiny,cifar10,1000.0,9,base.blocks.8,0.986298
2,3,8,vit_tiny,cifar10,1000.0,10,base.blocks.9,0.985689
2,3,8,vit_tiny,cifar10,1000.0,11,base.blocks.10,0.984933
2,3,8,vit_tiny,cifar10,1000.0,12,base.blocks.11,0.984590
2,3,8,vit_tiny,cifar10,1000.0,13,base.norm,0.975936
2,3,8,vit_tiny,cifar10,1000.0,14,classifier,0.836728
2,3,9,vit_tiny,cifar10,1000.0,0,base.patch_embed,0.979032
2,3,9,vit_tiny,cifar10,1000.0,1,base.blocks.0,0.980449
2,3,9,vit_tiny,cifar10,1000.0,2,base.blocks.1,0.982063
2,3,9,vit_tiny,cifar10,1000.0,3,base.blocks.2,0.982417
2,3,9,vit_tiny,cifar10,1000.0,4,base.blocks.3,0.982342
2,3,9,vit_tiny,cifar10,1000.0,5,base.blocks.4,0.982736
2,3,9,vit_tiny,cifar10,1000.0,6,base.blocks.5,0.982191
2,3,9,vit_tiny,cifar10,1000.0,7,base.blocks.6,0.981051
2,3,9,vit_tiny,cifar10,1000.0,8,base.blocks.7,0.980621
2,3,9,vit_tiny,cifar10,1000.0,9,base.blocks.8,0.978973
2,3,9,vit_tiny,cifar10,1000.0,10,base.blocks.9,0.977814
2,3,9,vit_tiny,cifar10,1000.0,11,base.blocks.10,0.975199
2,3,9,vit_tiny,cifar10,1000.0,12,base.blocks.11,0.972941
2,3,9,vit_tiny,cifar10,1000.0,13,base.norm,0.959459
2,3,9,vit_tiny,cifar10,1000.0,14,classifier,0.781699
2,4,5,vit_tiny,cifar10,1000.0,0,base.patch_embed,0.961044
2,4,5,vit_tiny,cifar10,1000.0,1,base.blocks.0,0.959757
2,4,5,vit_tiny,cifar10,1000.0,2,base.blocks.1,0.967818
2,4,5,vit_tiny,cifar10,1000.0,3,base.blocks.2,0.975904
2,4,5,vit_tiny,cifar10,1000.0,4,base.blocks.3,0.981628
2,4,5,vit_tiny,cifar10,1000.0,5,base.blocks.4,0.986399
2,4,5,vit_tiny,cifar10,1000.0,6,base.blocks.5,0.988681
2,4,5,vit_tiny,cifar10,1000.0,7,base.blocks.6,0.989960
2,4,5,vit_tiny,cifar10,1000.0,8,base.blocks.7,0.990544
2,4,5,vit_tiny,cifar10,1000.0,9,base.blocks.8,0.990597
2,4,5,vit_tiny,cifar10,1000.0,10,base.blocks.9,0.989414
2,4,5,vit_tiny,cifar10,1000.0,11,base.blocks.10,0.988013
2,4,5,vit_tiny,cifar10,1000.0,12,base.blocks.11,0.986896
2,4,5,vit_tiny,cifar10,1000.0,13,base.norm,0.972482
2,4,5,vit_tiny,cifar10,1000.0,14,classifier,0.941106
2,4,6,vit_tiny,cifar10,1000.0,0,base.patch_embed,0.880390
2,4,6,vit_tiny,cifar10,1000.0,1,base.blocks.0,0.865620
2,4,6,vit_tiny,cifar10,1000.0,2,base.blocks.1,0.868386
2,4,6,vit_tiny,cifar10,1000.0,3,base.blocks.2,0.874939
2,4,6,vit_tiny,cifar10,1000.0,4,base.blocks.3,0.877312
2,4,6,vit_tiny,cifar10,1000.0,5,base.blocks.4,0.882141
2,4,6,vit_tiny,cifar10,1000.0,6,base.blocks.5,0.887189
2,4,6,vit_tiny,cifar10,1000.0,7,base.blocks.6,0.891332
2,4,6,vit_tiny,cifar10,1000.0,8,base.blocks.7,0.894116
2,4,6,vit_tiny,cifar10,1000.0,9,base.blocks.8,0.897665
2,4,6,vit_tiny,cifar10,1000.0,10,base.blocks.9,0.899330
2,4,6,vit_tiny,cifar10,1000.0,11,base.blocks.10,0.902592
2,4,6,vit_tiny,cifar10,1000.0,12,base.blocks.11,0.905244
2,4,6,vit_tiny,cifar10,1000.0,13,base.norm,0.897551
2,4,6,vit_tiny,cifar10,1000.0,14,classifier,0.907512
2,4,7,vit_tiny,cifar10,1000.0,0,base.patch_embed,0.848927
2,4,7,vit_tiny,cifar10,1000.0,1,base.blocks.0,0.869845
2,4,7,vit_tiny,cifar10,1000.0,2,base.blocks.1,0.885962
2,4,7,vit_tiny,cifar10,1000.0,3,base.blocks.2,0.898535
2,4,7,vit_tiny,cifar10,1000.0,4,base.blocks.3,0.908563
2,4,7,vit_tiny,cifar10,1000.0,5,base.blocks.4,0.915346
2,4,7,vit_tiny,cifar10,1000.0,6,base.blocks.5,0.924303
2,4,7,vit_tiny,cifar10,1000.0,7,base.blocks.6,0.927136
2,4,7,vit_tiny,cifar10,1000.0,8,base.blocks.7,0.929021
2,4,7,vit_tiny,cifar10,1000.0,9,base.blocks.8,0.932649
2,4,7,vit_tiny,cifar10,1000.0,10,base.blocks.9,0.934896
2,4,7,vit_tiny,cifar10,1000.0,11,base.blocks.10,0.935602
2,4,7,vit_tiny,cifar10,1000.0,12,base.blocks.11,0.936242
2,4,7,vit_tiny,cifar10,1000.0,13,base.norm,0.939957
2,4,7,vit_tiny,cifar10,1000.0,14,classifier,0.852303
2,4,8,vit_tiny,cifar10,1000.0,0,base.patch_embed,0.901074
2,4,8,vit_tiny,cifar10,1000.0,1,base.blocks.0,0.901045
2,4,8,vit_tiny,cifar10,1000.0,2,base.blocks.1,0.908043
2,4,8,vit_tiny,cifar10,1000.0,3,base.blocks.2,0.919096
2,4,8,vit_tiny,cifar10,1000.0,4,base.blocks.3,0.924224
2,4,8,vit_tiny,cifar10,1000.0,5,base.blocks.4,0.930614
2,4,8,vit_tiny,cifar10,1000.0,6,base.blocks.5,0.935723
2,4,8,vit_tiny,cifar10,1000.0,7,base.blocks.6,0.939416
2,4,8,vit_tiny,cifar10,1000.0,8,base.blocks.7,0.943126
2,4,8,vit_tiny,cifar10,1000.0,9,base.blocks.8,0.946232
2,4,8,vit_tiny,cifar10,1000.0,10,base.blocks.9,0.948419
2,4,8,vit_tiny,cifar10,1000.0,11,base.blocks.10,0.950283
2,4,8,vit_tiny,cifar10,1000.0,12,base.blocks.11,0.951646
2,4,8,vit_tiny,cifar10,1000.0,13,base.norm,0.933760
2,4,8,vit_tiny,cifar10,1000.0,14,classifier,0.681560
2,4,9,vit_tiny,cifar10,1000.0,0,base.patch_embed,0.843170
2,4,9,vit_tiny,cifar10,1000.0,1,base.blocks.0,0.855573
2,4,9,vit_tiny,cifar10,1000.0,2,base.blocks.1,0.873815
2,4,9,vit_tiny,cifar10,1000.0,3,base.blocks.2,0.893386
2,4,9,vit_tiny,cifar10,1000.0,4,base.blocks.3,0.907746
2,4,9,vit_tiny,cifar10,1000.0,5,base.blocks.4,0.921276
2,4,9,vit_tiny,cifar10,1000.0,6,base.blocks.5,0.929894
2,4,9,vit_tiny,cifar10,1000.0,7,base.blocks.6,0.936806
2,4,9,vit_tiny,cifar10,1000.0,8,base.blocks.7,0.944469
2,4,9,vit_tiny,cifar10,1000.0,9,base.blocks.8,0.949841
2,4,9,vit_tiny,cifar10,1000.0,10,base.blocks.9,0.952789
2,4,9,vit_tiny,cifar10,1000.0,11,base.blocks.10,0.955990
2,4,9,vit_tiny,cifar10,1000.0,12,base.blocks.11,0.958788
2,4,9,vit_tiny,cifar10,1000.0,13,base.norm,0.941118
2,4,9,vit_tiny,cifar10,1000.0,14,classifier,0.758892
2,5,6,vit_tiny,cifar10,1000.0,0,base.patch_embed,0.964734
2,5,6,vit_tiny,cifar10,1000.0,1,base.blocks.0,0.959612
2,5,6,vit_tiny,cifar10,1000.0,2,base.blocks.1,0.953817
2,5,6,vit_tiny,cifar10,1000.0,3,base.blocks.2,0.948259
2,5,6,vit_tiny,cifar10,1000.0,4,base.blocks.3,0.940802
2,5,6,vit_tiny,cifar10,1000.0,5,base.blocks.4,0.932599
2,5,6,vit_tiny,cifar10,1000.0,6,base.blocks.5,0.926307
2,5,6,vit_tiny,cifar10,1000.0,7,base.blocks.6,0.920629
2,5,6,vit_tiny,cifar10,1000.0,8,base.blocks.7,0.915722
2,5,6,vit_tiny,cifar10,1000.0,9,base.blocks.8,0.910934
2,5,6,vit_tiny,cifar10,1000.0,10,base.blocks.9,0.905192
2,5,6,vit_tiny,cifar10,1000.0,11,base.blocks.10,0.902053
2,5,6,vit_tiny,cifar10,1000.0,12,base.blocks.11,0.898921
2,5,6,vit_tiny,cifar10,1000.0,13,base.norm,0.900811
2,5,6,vit_tiny,cifar10,1000.0,14,classifier,0.916148
2,5,7,vit_tiny,cifar10,1000.0,0,base.patch_embed,0.949648
2,5,7,vit_tiny,cifar10,1000.0,1,base.blocks.0,0.955920
2,5,7,vit_tiny,cifar10,1000.0,2,base.blocks.1,0.951623
2,5,7,vit_tiny,cifar10,1000.0,3,base.blocks.2,0.948347
2,5,7,vit_tiny,cifar10,1000.0,4,base.blocks.3,0.945121
2,5,7,vit_tiny,cifar10,1000.0,5,base.blocks.4,0.940329
2,5,7,vit_tiny,cifar10,1000.0,6,base.blocks.5,0.939258
2,5,7,vit_tiny,cifar10,1000.0,7,base.blocks.6,0.935333
2,5,7,vit_tiny,cifar10,1000.0,8,base.blocks.7,0.933025
2,5,7,vit_tiny,cifar10,1000.0,9,base.blocks.8,0.931403
2,5,7,vit_tiny,cifar10,1000.0,10,base.blocks.9,0.929937
2,5,7,vit_tiny,cifar10,1000.0,11,base.blocks.10,0.927722
2,5,7,vit_tiny,cifar10,1000.0,12,base.blocks.11,0.926137
2,5,7,vit_tiny,cifar10,1000.0,13,base.norm,0.925074
2,5,7,vit_tiny,cifar10,1000.0,14,classifier,0.871697
2,5,8,vit_tiny,cifar10,1000.0,0,base.patch_embed,0.980371
2,5,8,vit_tiny,cifar10,1000.0,1,base.blocks.0,0.979600
2,5,8,vit_tiny,cifar10,1000.0,2,base.blocks.1,0.975517
2,5,8,vit_tiny,cifar10,1000.0,3,base.blocks.2,0.973014
2,5,8,vit_tiny,cifar10,1000.0,4,base.blocks.3,0.967132
2,5,8,vit_tiny,cifar10,1000.0,5,base.blocks.4,0.961535
2,5,8,vit_tiny,cifar10,1000.0,6,base.blocks.5,0.956942
2,5,8,vit_tiny,cifar10,1000.0,7,base.blocks.6,0.953442
2,5,8,vit_tiny,cifar10,1000.0,8,base.blocks.7,0.951195
2,5,8,vit_tiny,cifar10,1000.0,9,base.blocks.8,0.948399
2,5,8,vit_tiny,cifar10,1000.0,10,base.blocks.9,0.944738
2,5,8,vit_tiny,cifar10,1000.0,11,base.blocks.10,0.941445
2,5,8,vit_tiny,cifar10,1000.0,12,base.blocks.11,0.938990
2,5,8,vit_tiny,cifar10,1000.0,13,base.norm,0.924293
2,5,8,vit_tiny,cifar10,1000.0,14,classifier,0.743948
2,5,9,vit_tiny,cifar10,1000.0,0,base.patch_embed,0.956349
2,5,9,vit_tiny,cifar10,1000.0,1,base.blocks.0,0.963598
2,5,9,vit_tiny,cifar10,1000.0,2,base.blocks.1,0.964037
2,5,9,vit_tiny,cifar10,1000.0,3,base.blocks.2,0.965183
2,5,9,vit_tiny,cifar10,1000.0,4,base.blocks.3,0.964549
2,5,9,vit_tiny,cifar10,1000.0,5,base.blocks.4,0.963619
2,5,9,vit_tiny,cifar10,1000.0,6,base.blocks.5,0.961899
2,5,9,vit_tiny,cifar10,1000.0,7,base.blocks.6,0.960658
2,5,9,vit_tiny,cifar10,1000.0,8,base.blocks.7,0.961664
2,5,9,vit_tiny,cifar10,1000.0,9,base.blocks.8,0.960836
2,5,9,vit_tiny,cifar10,1000.0,10,base.blocks.9,0.959196
2,5,9,vit_tiny,cifar10,1000.0,11,base.blocks.10,0.958600
2,5,9,vit_tiny,cifar10,1000.0,12,base.blocks.11,0.959103
2,5,9,vit_tiny,cifar10,1000.0,13,base.norm,0.951626
2,5,9,vit_tiny,cifar10,1000.0,14,classifier,0.795868
2,6,7,vit_tiny,cifar10,1000.0,0,base.patch_embed,0.972017
2,6,7,vit_tiny,cifar10,1000.0,1,base.blocks.0,0.979537
2,6,7,vit_tiny,cifar10,1000.0,2,base.blocks.1,0.979274
2,6,7,vit_tiny,cifar10,1000.0,3,base.blocks.2,0.979448
2,6,7,vit_tiny,cifar10,1000.0,4,base.blocks.3,0.977507
2,6,7,vit_tiny,cifar10,1000.0,5,base.blocks.4,0.976415
2,6,7,vit_tiny,cifar10,1000.0,6,base.blocks.5,0.974083
2,6,7,vit_tiny,cifar10,1000.0,7,base.blocks.6,0.972637
2,6,7,vit_tiny,cifar10,1000.0,8,base.blocks.7,0.970478
2,6,7,vit_tiny,cifar10,1000.0,9,base.blocks.8,0.967808
2,6,7,vit_tiny,cifar10,1000.0,10,base.blocks.9,0.965975
2,6,7,vit_tiny,cifar10,1000.0,11,base.blocks.10,0.962911
2,6,7,vit_tiny,cifar10,1000.0,12,base.blocks.11,0.960481
2,6,7,vit_tiny,cifar10,1000.0,13,base.norm,0.952975
2,6,7,vit_tiny,cifar10,1000.0,14,classifier,0.795068
2,6,8,vit_tiny,cifar10,1000.0,0,base.patch_embed,0.985998
2,6,8,vit_tiny,cifar10,1000.0,1,base.blocks.0,0.976508
2,6,8,vit_tiny,cifar10,1000.0,2,base.blocks.1,0.972381
2,6,8,vit_tiny,cifar10,1000.0,3,base.blocks.2,0.970617
2,6,8,vit_tiny,cifar10,1000.0,4,base.blocks.3,0.967200
2,6,8,vit_tiny,cifar10,1000.0,5,base.blocks.4,0.965915
2,6,8,vit_tiny,cifar10,1000.0,6,base.blocks.5,0.964693
2,6,8,vit_tiny,cifar10,1000.0,7,base.blocks.6,0.965470
2,6,8,vit_tiny,cifar10,1000.0,8,base.blocks.7,0.967031
2,6,8,vit_tiny,cifar10,1000.0,9,base.blocks.8,0.967399
2,6,8,vit_tiny,cifar10,1000.0,10,base.blocks.9,0.966663
2,6,8,vit_tiny,cifar10,1000.0,11,base.blocks.10,0.966650
2,6,8,vit_tiny,cifar10,1000.0,12,base.blocks.11,0.967453
2,6,8,vit_tiny,cifar10,1000.0,13,base.norm,0.951279
2,6,8,vit_tiny,cifar10,1000.0,14,classifier,0.612967
2,6,9,vit_tiny,cifar10,1000.0,0,base.patch_embed,0.982590
2,6,9,vit_tiny,cifar10,1000.0,1,base.blocks.0,0.980992
2,6,9,vit_tiny,cifar10,1000.0,2,base.blocks.1,0.979937
2,6,9,vit_tiny,cifar10,1000.0,3,base.blocks.2,0.979067
2,6,9,vit_tiny,cifar10,1000.0,4,base.blocks.3,0.976650
2,6,9,vit_tiny,cifar10,1000.0,5,base.blocks.4,0.974839
2,6,9,vit_tiny,cifar10,1000.0,6,base.blocks.5,0.972770
2,6,9,vit_tiny,cifar10,1000.0,7,base.blocks.6,0.970505
2,6,9,vit_tiny,cifar10,1000.0,8,base.blocks.7,0.968331
2,6,9,vit_tiny,cifar10,1000.0,9,base.blocks.8,0.964907
2,6,9,vit_tiny,cifar10,1000.0,10,base.blocks.9,0.962273
2,6,9,vit_tiny,cifar10,1000.0,11,base.blocks.10,0.958289
2,6,9,vit_tiny,cifar10,1000.0,12,base.blocks.11,0.953743
2,6,9,vit_tiny,cifar10,1000.0,13,base.norm,0.939526
2,6,9,vit_tiny,cifar10,1000.0,14,classifier,0.672104
2,7,8,vit_tiny,cifar10,1000.0,0,base.patch_embed,0.981048
2,7,8,vit_tiny,cifar10,1000.0,1,base.blocks.0,0.979353
2,7,8,vit_tiny,cifar10,1000.0,2,base.blocks.1,0.972889
2,7,8,vit_tiny,cifar10,1000.0,3,base.blocks.2,0.968354
2,7,8,vit_tiny,cifar10,1000.0,4,base.blocks.3,0.963517
2,7,8,vit_tiny,cifar10,1000.0,5,base.blocks.4,0.959486
2,7,8,vit_tiny,cifar10,1000.0,6,base.blocks.5,0.956506
2,7,8,vit_tiny,cifar10,1000.0,7,base.blocks.6,0.955982
2,7,8,vit_tiny,cifar10,1000.0,8,base.blocks.7,0.955842
2,7,8,vit_tiny,cifar10,1000.0,9,base.blocks.8,0.955605
2,7,8,vit_tiny,cifar10,1000.0,10,base.blocks.9,0.955158
2,7,8,vit_tiny,cifar10,1000.0,11,base.blocks.10,0.953103
2,7,8,vit_tiny,cifar10,1000.0,12,base.blocks.11,0.953406
2,7,8,vit_tiny,cifar10,1000.0,13,base.norm,0.945468
2,7,8,vit_tiny,cifar10,1000.0,14,classifier,0.717651
2,7,9,vit_tiny,cifar10,1000.0,0,base.patch_embed,0.988140
2,7,9,vit_tiny,cifar10,1000.0,1,base.blocks.0,0.981000
2,7,9,vit_tiny,cifar10,1000.0,2,base.blocks.1,0.973776
2,7,9,vit_tiny,cifar10,1000.0,3,base.blocks.2,0.970043
2,7,9,vit_tiny,cifar10,1000.0,4,base.blocks.3,0.966325
2,7,9,vit_tiny,cifar10,1000.0,5,base.blocks.4,0.963922
2,7,9,vit_tiny,cifar10,1000.0,6,base.blocks.5,0.961482
2,7,9,vit_tiny,cifar10,1000.0,7,base.blocks.6,0.960130
2,7,9,vit_tiny,cifar10,1000.0,8,base.blocks.7,0.960195
2,7,9,vit_tiny,cifar10,1000.0,9,base.blocks.8,0.958750
2,7,9,vit_tiny,cifar10,1000.0,10,base.blocks.9,0.958569
2,7,9,vit_tiny,cifar10,1000.0,11,base.blocks.10,0.956225
2,7,9,vit_tiny,cifar10,1000.0,12,base.blocks.11,0.955346
2,7,9,vit_tiny,cifar10,1000.0,13,base.norm,0.945799
2,7,9,vit_tiny,cifar10,1000.0,14,classifier,0.744351
2,8,9,vit_tiny,cifar10,1000.0,0,base.patch_embed,0.989488
2,8,9,vit_tiny,cifar10,1000.0,1,base.blocks.0,0.990285
2,8,9,vit_tiny,cifar10,1000.0,2,base.blocks.1,0.990803
2,8,9,vit_tiny,cifar10,1000.0,3,base.blocks.2,0.990727
2,8,9,vit_tiny,cifar10,1000.0,4,base.blocks.3,0.990143
2,8,9,vit_tiny,cifar10,1000.0,5,base.blocks.4,0.989424
2,8,9,vit_tiny,cifar10,1000.0,6,base.blocks.5,0.988962
2,8,9,vit_tiny,cifar10,1000.0,7,base.blocks.6,0.988453
2,8,9,vit_tiny,cifar10,1000.0,8,base.blocks.7,0.987760
2,8,9,vit_tiny,cifar10,1000.0,9,base.blocks.8,0.986569
2,8,9,vit_tiny,cifar10,1000.0,10,base.blocks.9,0.985234
2,8,9,vit_tiny,cifar10,1000.0,11,base.blocks.10,0.982811
2,8,9,vit_tiny,cifar10,1000.0,12,base.blocks.11,0.980884
2,8,9,vit_tiny,cifar10,1000.0,13,base.norm,0.968193
2,8,9,vit_tiny,cifar10,1000.0,14,classifier,0.834978
5,0,1,vit_tiny,cifar10,1000.0,0,base.patch_embed,0.952127
5,0,1,vit_tiny,cifar10,1000.0,1,base.blocks.0,0.936692
5,0,1,vit_tiny,cifar10,1000.0,2,base.blocks.1,0.928079
5,0,1,vit_tiny,cifar10,1000.0,3,base.blocks.2,0.924586
5,0,1,vit_tiny,cifar10,1000.0,4,base.blocks.3,0.917054
5,0,1,vit_tiny,cifar10,1000.0,5,base.blocks.4,0.908998
5,0,1,vit_tiny,cifar10,1000.0,6,base.blocks.5,0.906675
5,0,1,vit_tiny,cifar10,1000.0,7,base.blocks.6,0.905407
5,0,1,vit_tiny,cifar10,1000.0,8,base.blocks.7,0.902270
5,0,1,vit_tiny,cifar10,1000.0,9,base.blocks.8,0.900642
5,0,1,vit_tiny,cifar10,1000.0,10,base.blocks.9,0.901650
5,0,1,vit_tiny,cifar10,1000.0,11,base.blocks.10,0.896626
5,0,1,vit_tiny,cifar10,1000.0,12,base.blocks.11,0.893649
5,0,1,vit_tiny,cifar10,1000.0,13,base.norm,0.886575
5,0,1,vit_tiny,cifar10,1000.0,14,classifier,0.726498
5,0,2,vit_tiny,cifar10,1000.0,0,base.patch_embed,0.996687
5,0,2,vit_tiny,cifar10,1000.0,1,base.blocks.0,0.992457
5,0,2,vit_tiny,cifar10,1000.0,2,base.blocks.1,0.987453
5,0,2,vit_tiny,cifar10,1000.0,3,base.blocks.2,0.983332
5,0,2,vit_tiny,cifar10,1000.0,4,base.blocks.3,0.978627
5,0,2,vit_tiny,cifar10,1000.0,5,base.blocks.4,0.975061
5,0,2,vit_tiny,cifar10,1000.0,6,base.blocks.5,0.970645
5,0,2,vit_tiny,cifar10,1000.0,7,base.blocks.6,0.967533
5,0,2,vit_tiny,cifar10,1000.0,8,base.blocks.7,0.965725
5,0,2,vit_tiny,cifar10,1000.0,9,base.blocks.8,0.960995
5,0,2,vit_tiny,cifar10,1000.0,10,base.blocks.9,0.955499
5,0,2,vit_tiny,cifar10,1000.0,11,base.blocks.10,0.951610
5,0,2,vit_tiny,cifar10,1000.0,12,base.blocks.11,0.948140
5,0,2,vit_tiny,cifar10,1000.0,13,base.norm,0.936586
5,0,2,vit_tiny,cifar10,1000.0,14,classifier,0.741330
5,0,3,vit_tiny,cifar10,1000.0,0,base.patch_embed,0.959163
5,0,3,vit_tiny,cifar10,1000.0,1,base.blocks.0,0.937568
5,0,3,vit_tiny,cifar10,1000.0,2,base.blocks.1,0.921895
5,0,3,vit_tiny,cifar10,1000.0,3,base.blocks.2,0.916710
5,0,3,vit_tiny,cifar10,1000.0,4,base.blocks.3,0.904257
5,0,3,vit_tiny,cifar10,1000.0,5,base.blocks.4,0.894320
5,0,3,vit_tiny,cifar10,1000.0,6,base.blocks.5,0.887747
5,0,3,vit_tiny,cifar10,1000.0,7,base.blocks.6,0.884117
5,0,3,vit_tiny,cifar10,1000.0,8,base.blocks.7,0.881606
5,0,3,vit_tiny,cifar10,1000.0,9,base.blocks.8,0.875450
5,0,3,vit_tiny,cifar10,1000.0,10,base.blocks.9,0.870871
5,0,3,vit_tiny,cifar10,1000.0,11,base.blocks.10,0.863093
5,0,3,vit_tiny,cifar10,1000.0,12,base.blocks.11,0.853599
5,0,3,vit_tiny,cifar10,1000.0,13,base.norm,0.868769
5,0,3,vit_tiny,cifar10,1000.0,14,classifier,0.760370
5,0,4,vit_tiny,cifar10,1000.0,0,base.patch_embed,0.968191
5,0,4,vit_tiny,cifar10,1000.0,1,base.blocks.0,0.959432
5,0,4,vit_tiny,cifar10,1000.0,2,base.blocks.1,0.955804
5,0,4,vit_tiny,cifar10,1000.0,3,base.blocks.2,0.951683
5,0,4,vit_tiny,cifar10,1000.0,4,base.blocks.3,0.949781
5,0,4,vit_tiny,cifar10,1000.0,5,base.blocks.4,0.948374
5,0,4,vit_tiny,cifar10,1000.0,6,base.blocks.5,0.951061
5,0,4,vit_tiny,cifar10,1000.0,7,base.blocks.6,0.950799
5,0,4,vit_tiny,cifar10,1000.0,8,base.blocks.7,0.950284
5,0,4,vit_tiny,cifar10,1000.0,9,base.blocks.8,0.949726
5,0,4,vit_tiny,cifar10,1000.0,10,base.blocks.9,0.948980
5,0,4,vit_tiny,cifar10,1000.0,11,base.blocks.10,0.949458
5,0,4,vit_tiny,cifar10,1000.0,12,base.blocks.11,0.945750
5,0,4,vit_tiny,cifar10,1000.0,13,base.norm,0.944437
5,0,4,vit_tiny,cifar10,1000.0,14,classifier,0.856794
5,0,5,vit_tiny,cifar10,1000.0,0,base.patch_embed,0.996483
5,0,5,vit_tiny,cifar10,1000.0,1,base.blocks.0,0.995077
5,0,5,vit_tiny,cifar10,1000.0,2,base.blocks.1,0.994513
5,0,5,vit_tiny,cifar10,1000.0,3,base.blocks.2,0.993937
5,0,5,vit_tiny,cifar10,1000.0,4,base.blocks.3,0.992724
5,0,5,vit_tiny,cifar10,1000.0,5,base.blocks.4,0.991189
5,0,5,vit_tiny,cifar10,1000.0,6,base.blocks.5,0.989667
5,0,5,vit_tiny,cifar10,1000.0,7,base.blocks.6,0.987311
5,0,5,vit_tiny,cifar10,1000.0,8,base.blocks.7,0.985061
5,0,5,vit_tiny,cifar10,1000.0,9,base.blocks.8,0.982783
5,0,5,vit_tiny,cifar10,1000.0,10,base.blocks.9,0.979599
5,0,5,vit_tiny,cifar10,1000.0,11,base.blocks.10,0.975709
5,0,5,vit_tiny,cifar10,1000.0,12,base.blocks.11,0.970805
5,0,5,vit_tiny,cifar10,1000.0,13,base.norm,0.962946
5,0,5,vit_tiny,cifar10,1000.0,14,classifier,0.797188
5,0,6,vit_tiny,cifar10,1000.0,0,base.patch_embed,0.982627
5,0,6,vit_tiny,cifar10,1000.0,1,base.blocks.0,0.986092
5,0,6,vit_tiny,cifar10,1000.0,2,base.blocks.1,0.987580
5,0,6,vit_tiny,cifar10,1000.0,3,base.blocks.2,0.988298
5,0,6,vit_tiny,cifar10,1000.0,4,base.blocks.3,0.987244
5,0,6,vit_tiny,cifar10,1000.0,5,base.blocks.4,0.985103
5,0,6,vit_tiny,cifar10,1000.0,6,base.blocks.5,0.984393
5,0,6,vit_tiny,cifar10,1000.0,7,base.blocks.6,0.982989
5,0,6,vit_tiny,cifar10,1000.0,8,base.blocks.7,0.981141
5,0,6,vit_tiny,cifar10,1000.0,9,base.blocks.8,0.979175
5,0,6,vit_tiny,cifar10,1000.0,10,base.blocks.9,0.976107
5,0,6,vit_tiny,cifar10,1000.0,11,base.blocks.10,0.971744
5,0,6,vit_tiny,cifar10,1000.0,12,base.blocks.11,0.968226
5,0,6,vit_tiny,cifar10,1000.0,13,base.norm,0.950578
5,0,6,vit_tiny,cifar10,1000.0,14,classifier,0.820902
5,0,7,vit_tiny,cifar10,1000.0,0,base.patch_embed,0.940562
5,0,7,vit_tiny,cifar10,1000.0,1,base.blocks.0,0.959294
5,0,7,vit_tiny,cifar10,1000.0,2,base.blocks.1,0.960818
5,0,7,vit_tiny,cifar10,1000.0,3,base.blocks.2,0.960714
5,0,7,vit_tiny,cifar10,1000.0,4,base.blocks.3,0.960753
5,0,7,vit_tiny,cifar10,1000.0,5,base.blocks.4,0.960151
5,0,7,vit_tiny,cifar10,1000.0,6,base.blocks.5,0.959993
5,0,7,vit_tiny,cifar10,1000.0,7,base.blocks.6,0.958414
5,0,7,vit_tiny,cifar10,1000.0,8,base.blocks.7,0.956851
5,0,7,vit_tiny,cifar10,1000.0,9,base.blocks.8,0.954650
5,0,7,vit_tiny,cifar10,1000.0,10,base.blocks.9,0.952977
5,0,7,vit_tiny,cifar10,1000.0,11,base.blocks.10,0.949569
5,0,7,vit_tiny,cifar10,1000.0,12,base.blocks.11,0.947012
5,0,7,vit_tiny,cifar10,1000.0,13,base.norm,0.944305
5,0,7,vit_tiny,cifar10,1000.0,14,classifier,0.757920
5,0,8,vit_tiny,cifar10,1000.0,0,base.patch_embed,0.963165
5,0,8,vit_tiny,cifar10,1000.0,1,base.blocks.0,0.950869
5,0,8,vit_tiny,cifar10,1000.0,2,base.blocks.1,0.947295
5,0,8,vit_tiny,cifar10,1000.0,3,base.blocks.2,0.947799
5,0,8,vit_tiny,cifar10,1000.0,4,base.blocks.3,0.943472
5,0,8,vit_tiny,cifar10,1000.0,5,base.blocks.4,0.941822
5,0,8,vit_tiny,cifar10,1000.0,6,base.blocks.5,0.941485
5,0,8,vit_tiny,cifar10,1000.0,7,base.blocks.6,0.941110
5,0,8,vit_tiny,cifar10,1000.0,8,base.blocks.7,0.944493
5,0,8,vit_tiny,cifar10,1000.0,9,base.blocks.8,0.944280
5,0,8,vit_tiny,cifar10,1000.0,10,base.blocks.9,0.945243
5,0,8,vit_tiny,cifar10,1000.0,11,base.blocks.10,0.944780
5,0,8,vit_tiny,cifar10,1000.0,12,base.blocks.11,0.943707
5,0,8,vit_tiny,cifar10,1000.0,13,base.norm,0.927332
5,0,8,vit_tiny,cifar10,1000.0,14,classifier,0.845827
5,0,9,vit_tiny,cifar10,1000.0,0,base.patch_embed,0.964226
5,0,9,vit_tiny,cifar10,1000.0,1,base.blocks.0,0.958732
5,0,9,vit_tiny,cifar10,1000.0,2,base.blocks.1,0.954725
5,0,9,vit_tiny,cifar10,1000.0,3,base.blocks.2,0.954350
5,0,9,vit_tiny,cifar10,1000.0,4,base.blocks.3,0.947531
5,0,9,vit_tiny,cifar10,1000.0,5,base.blocks.4,0.942671
5,0,9,vit_tiny,cifar10,1000.0,6,base.blocks.5,0.939486
5,0,9,vit_tiny,cifar10,1000.0,7,base.blocks.6,0.935629
5,0,9,vit_tiny,cifar10,1000.0,8,base.blocks.7,0.933218
5,0,9,vit_tiny,cifar10,1000.0,9,base.blocks.8,0.930159
5,0,9,vit_tiny,cifar10,1000.0,10,base.blocks.9,0.926127
5,0,9,vit_tiny,cifar10,1000.0,11,base.blocks.10,0.919716
5,0,9,vit_tiny,cifar10,1000.0,12,base.blocks.11,0.913731
5,0,9,vit_tiny,cifar10,1000.0,13,base.norm,0.909886
5,0,9,vit_tiny,cifar10,1000.0,14,classifier,0.769291
5,1,2,vit_tiny,cifar10,1000.0,0,base.patch_embed,0.960807
5,1,2,vit_tiny,cifar10,1000.0,1,base.blocks.0,0.961025
5,1,2,vit_tiny,cifar10,1000.0,2,base.blocks.1,0.952134
5,1,2,vit_tiny,cifar10,1000.0,3,base.blocks.2,0.941821
5,1,2,vit_tiny,cifar10,1000.0,4,base.blocks.3,0.928683
5,1,2,vit_tiny,cifar10,1000.0,5,base.blocks.4,0.918151
5,1,2,vit_tiny,cifar10,1000.0,6,base.blocks.5,0.903278
5,1,2,vit_tiny,cifar10,1000.0,7,base.blocks.6,0.894042
5,1,2,vit_tiny,cifar10,1000.0,8,base.blocks.7,0.881078
5,1,2,vit_tiny,cifar10,1000.0,9,base.blocks.8,0.867290
5,1,2,vit_tiny,cifar10,1000.0,10,base.blocks.9,0.855774
5,1,2,vit_tiny,cifar10,1000.0,11,base.blocks.10,0.841137
5,1,2,vit_tiny,cifar10,1000.0,12,base.blocks.11,0.832303
5,1,2,vit_tiny,cifar10,1000.0,13,base.norm,0.837756
5,1,2,vit_tiny,cifar10,1000.0,14,classifier,0.729378
5,1,3,vit_tiny,cifar10,1000.0,0,base.patch_embed,0.994596
5,1,3,vit_tiny,cifar10,1000.0,1,base.blocks.0,0.996681
5,1,3,vit_tiny,cifar10,1000.0,2,base.blocks.1,0.992641
5,1,3,vit_tiny,cifar10,1000.0,3,base.blocks.2,0.985163
5,1,3,vit_tiny,cifar10,1000.0,4,base.blocks.3,0.974840
5,1,3,vit_tiny,cifar10,1000.0,5,base.blocks.4,0.965500
5,1,3,vit_tiny,cifar10,1000.0,6,base.blocks.5,0.953308
5,1,3,vit_tiny,cifar10,1000.0,7,base.blocks.6,0.946355
5,1,3,vit_tiny,cifar10,1000.0,8,base.blocks.7,0.933808
5,1,3,vit_tiny,cifar10,1000.0,9,base.blocks.8,0.919521
5,1,3,vit_tiny,cifar10,1000.0,10,base.blocks.9,0.908588
5,1,3,vit_tiny,cifar10,1000.0,11,base.blocks.10,0.896138
5,1,3,vit_tiny,cifar10,1000.0,12,base.blocks.11,0.886658
5,1,3,vit_tiny,cifar10,1000.0,13,base.norm,0.910587
5,1,3,vit_tiny,cifar10,1000.0,14,classifier,0.688988
5,1,4,vit_tiny,cifar10,1000.0,0,base.patch_embed,0.991206
5,1,4,vit_tiny,cifar10,1000.0,1,base.blocks.0,0.976379
5,1,4,vit_tiny,cifar10,1000.0,2,base.blocks.1,0.963690
5,1,4,vit_tiny,cifar10,1000.0,3,base.blocks.2,0.956570
5,1,4,vit_tiny,cifar10,1000.0,4,base.blocks.3,0.947990
5,1,4,vit_tiny,cifar10,1000.0,5,base.blocks.4,0.936397
5,1,4,vit_tiny,cifar10,1000.0,6,base.blocks.5,0.928987
5,1,4,vit_tiny,cifar10,1000.0,7,base.blocks.6,0.928271
5,1,4,vit_tiny,cifar10,1000.0,8,base.blocks.7,0.918744
5,1,4,vit_tiny,cifar10,1000.0,9,base.blocks.8,0.908397
5,1,4,vit_tiny,cifar10,1000.0,10,base.blocks.9,0.898453
5,1,4,vit_tiny,cifar10,1000.0,11,base.blocks.10,0.890087
5,1,4,vit_tiny,cifar10,1000.0,12,base.blocks.11,0.878233
5,1,4,vit_tiny,cifar10,1000.0,13,base.norm,0.885379
5,1,4,vit_tiny,cifar10,1000.0,14,classifier,0.691318
5,1,5,vit_tiny,cifar10,1000.0,0,base.patch_embed,0.969743
5,1,5,vit_tiny,cifar10,1000.0,1,base.blocks.0,0.960320
5,1,5,vit_tiny,cifar10,1000.0,2,base.blocks.1,0.952504
5,1,5,vit_tiny,cifar10,1000.0,3,base.blocks.2,0.947377
5,1,5,vit_tiny,cifar10,1000.0,4,base.blocks.3,0.937361
5,1,5,vit_tiny,cifar10,1000.0,5,base.blocks.4,0.924975
5,1,5,vit_tiny,cifar10,1000.0,6,base.blocks.5,0.913742
5,1,5,vit_tiny,cifar10,1000.0,7,base.blocks.6,0.906712
5,1,5,vit_tiny,cifar10,1000.0,8,base.blocks.7,0.893529
5,1,5,vit_tiny,cifar10,1000.0,9,base.blocks.8,0.882001
5,1,5,vit_tiny,cifar10,1000.0,10,base.blocks.9,0.870779
5,1,5,vit_tiny,cifar10,1000.0,11,base.blocks.10,0.854992
5,1,5,vit_tiny,cifar10,1000.0,12,base.blocks.11,0.840480
5,1,5,vit_tiny,cifar10,1000.0,13,base.norm,0.838954
5,1,5,vit_tiny,cifar10,1000.0,14,classifier,0.643638
5,1,6,vit_tiny,cifar10,1000.0,0,base.patch_embed,0.923690
5,1,6,vit_tiny,cifar10,1000.0,1,base.blocks.0,0.918740
5,1,6,vit_tiny,cifar10,1000.0,2,base.blocks.1,0.911168
5,1,6,vit_tiny,cifar10,1000.0,3,base.blocks.2,0.906243
5,1,6,vit_tiny,cifar10,1000.0,4,base.blocks.3,0.895488
5,1,6,vit_tiny,cifar10,1000.0,5,base.blocks.4,0.884223
5,1,6,vit_tiny,cifar10,1000.0,6,base.blocks.5,0.881095
5,1,6,vit_tiny,cifar10,1000.0,7,base.blocks.6,0.878660
5,1,6,vit_tiny,cifar10,1000.0,8,base.blocks.7,0.874181
5,1,6,vit_tiny,cifar10,1000.0,9,base.blocks.8,0.869675
5,1,6,vit_tiny,cifar10,1000.0,10,base.blocks.9,0.866137
5,1,6,vit_tiny,cifar10,1000.0,11,base.blocks.10,0.855755
5,1,6,vit_tiny,cifar10,1000.0,12,base.blocks.11,0.849450
5,1,6,vit_tiny,cifar10,1000.0,13,base.norm,0.839033
5,1,6,vit_tiny,cifar10,1000.0,14,classifier,0.597515
5,1,7,vit_tiny,cifar10,1000.0,0,base.patch_embed,0.949731
5,1,7,vit_tiny,cifar10,1000.0,1,base.blocks.0,0.938134
5,1,7,vit_tiny,cifar10,1000.0,2,base.blocks.1,0.920285
5,1,7,vit_tiny,cifar10,1000.0,3,base.blocks.2,0.905912
5,1,7,vit_tiny,cifar10,1000.0,4,base.blocks.3,0.891404
5,1,7,vit_tiny,cifar10,1000.0,5,base.blocks.4,0.877033
5,1,7,vit_tiny,cifar10,1000.0,6,base.blocks.5,0.871584
5,1,7,vit_tiny,cifar10,1000.0,7,base.blocks.6,0.864135
5,1,7,vit_tiny,cifar10,1000.0,8,base.blocks.7,0.856625
5,1,7,vit_tiny,cifar10,1000.0,9,base.blocks.8,0.851271
5,1,7,vit_tiny,cifar10,1000.0,10,base.blocks.9,0.849574
5,1,7,vit_tiny,cifar10,1000.0,11,base.blocks.10,0.840453
5,1,7,vit_tiny,cifar10,1000.0,12,base.blocks.11,0.836735
5,1,7,vit_tiny,cifar10,1000.0,13,base.norm,0.853193
5,1,7,vit_tiny,cifar10,1000.0,14,classifier,0.738348
5,1,8,vit_tiny,cifar10,1000.0,0,base.patch_embed,0.963824
5,1,8,vit_tiny,cifar10,1000.0,1,base.blocks.0,0.975445
5,1,8,vit_tiny,cifar10,1000.0,2,base.blocks.1,0.977132
5,1,8,vit_tiny,cifar10,1000.0,3,base.blocks.2,0.978019
5,1,8,vit_tiny,cifar10,1000.0,4,base.blocks.3,0.975569
5,1,8,vit_tiny,cifar10,1000.0,5,base.blocks.4,0.972425
5,1,8,vit_tiny,cifar10,1000.0,6,base.blocks.5,0.968890
5,1,8,vit_tiny,cifar10,1000.0,7,base.blocks.6,0.964548
5,1,8,vit_tiny,cifar10,1000.0,8,base.blocks.7,0.956918
5,1,8,vit_tiny,cifar10,1000.0,9,base.blocks.8,0.948988
5,1,8,vit_tiny,cifar10,1000.0,10,base.blocks.9,0.940274
5,1,8,vit_tiny,cifar10,1000.0,11,base.blocks.10,0.929712
5,1,8,vit_tiny,cifar10,1000.0,12,base.blocks.11,0.920879
5,1,8,vit_tiny,cifar10,1000.0,13,base.norm,0.927385
5,1,8,vit_tiny,cifar10,1000.0,14,classifier,0.756865
5,1,9,vit_tiny,cifar10,1000.0,0,base.patch_embed,0.954376
5,1,9,vit_tiny,cifar10,1000.0,1,base.blocks.0,0.968703
5,1,9,vit_tiny,cifar10,1000.0,2,base.blocks.1,0.971973
5,1,9,vit_tiny,cifar10,1000.0,3,base.blocks.2,0.974364
5,1,9,vit_tiny,cifar10,1000.0,4,base.blocks.3,0.974976
5,1,9,vit_tiny,cifar10,1000.0,5,base.blocks.4,0.975818
5,1,9,vit_tiny,cifar10,1000.0,6,base.blocks.5,0.976935
5,1,9,vit_tiny,cifar10,1000.0,7,base.blocks.6,0.978154
5,1,9,vit_tiny,cifar10,1000.0,8,base.blocks.7,0.978790
5,1,9,vit_tiny,cifar10,1000.0,9,base.blocks.8,0.979242
5,1,9,vit_tiny,cifar10,1000.0,10,base.blocks.9,0.980021
5,1,9,vit_tiny,cifar10,1000.0,11,base.blocks.10,0.979060
5,1,9,vit_tiny,cifar10,1000.0,12,base.blocks.11,0.977048
5,1,9,vit_tiny,cifar10,1000.0,13,base.norm,0.963488
5,1,9,vit_tiny,cifar10,1000.0,14,classifier,0.608747
5,2,3,vit_tiny,cifar10,1000.0,0,base.patch_embed,0.969391
5,2,3,vit_tiny,cifar10,1000.0,1,base.blocks.0,0.964165
5,2,3,vit_tiny,cifar10,1000.0,2,base.blocks.1,0.956386
5,2,3,vit_tiny,cifar10,1000.0,3,base.blocks.2,0.954348
5,2,3,vit_tiny,cifar10,1000.0,4,base.blocks.3,0.949206
5,2,3,vit_tiny,cifar10,1000.0,5,base.blocks.4,0.946602
5,2,3,vit_tiny,cifar10,1000.0,6,base.blocks.5,0.941582
5,2,3,vit_tiny,cifar10,1000.0,7,base.blocks.6,0.937618
5,2,3,vit_tiny,cifar10,1000.0,8,base.blocks.7,0.933563
5,2,3,vit_tiny,cifar10,1000.0,9,base.blocks.8,0.928503
5,2,3,vit_tiny,cifar10,1000.0,10,base.blocks.9,0.923812
5,2,3,vit_tiny,cifar10,1000.0,11,base.blocks.10,0.914487
5,2,3,vit_tiny,cifar10,1000.0,12,base.blocks.11,0.903101
5,2,3,vit_tiny,cifar10,1000.0,13,base.norm,0.908322
5,2,3,vit_tiny,cifar10,1000.0,14,classifier,0.757418
5,2,4,vit_tiny,cifar10,1000.0,0,base.patch_embed,0.969993
5,2,4,vit_tiny,cifar10,1000.0,1,base.blocks.0,0.973332
5,2,4,vit_tiny,cifar10,1000.0,2,base.blocks.1,0.970441
5,2,4,vit_tiny,cifar10,1000.0,3,base.blocks.2,0.964114
5,2,4,vit_tiny,cifar10,1000.0,4,base.blocks.3,0.957596
5,2,4,vit_tiny,cifar10,1000.0,5,base.blocks.4,0.952064
5,2,4,vit_tiny,cifar10,1000.0,6,base.blocks.5,0.948120
5,2,4,vit_tiny,cifar10,1000.0,7,base.blocks.6,0.942222
5,2,4,vit_tiny,cifar10,1000.0,8,base.blocks.7,0.935712
5,2,4,vit_tiny,cifar10,1000.0,9,base.blocks.8,0.930304
5,2,4,vit_tiny,cifar10,1000.0,10,base.blocks.9,0.925283
5,2,4,vit_tiny,cifar10,1000.0,11,base.blocks.10,0.918991
5,2,4,vit_tiny,cifar10,1000.0,12,base.blocks.11,0.912941
5,2,4,vit_tiny,cifar10,1000.0,13,base.norm,0.911799
5,2,4,vit_tiny,cifar10,1000.0,14,classifier,0.834054
5,2,5,vit_tiny,cifar10,1000.0,0,base.patch_embed,0.994342
5,2,5,vit_tiny,cifar10,1000.0,1,base.blocks.0,0.990880
5,2,5,vit_tiny,cifar10,1000.0,2,base.blocks.1,0.984802
5,2,5,vit_tiny,cifar10,1000.0,3,base.blocks.2,0.980479
5,2,5,vit_tiny,cifar10,1000.0,4,base.blocks.3,0.975902
5,2,5,vit_tiny,cifar10,1000.0,5,base.blocks.4,0.972429
5,2,5,vit_tiny,cifar10,1000.0,6,base.blocks.5,0.969481
5,2,5,vit_tiny,cifar10,1000.0,7,base.blocks.6,0.965687
5,2,5,vit_tiny,cifar10,1000.0,8,base.blocks.7,0.963881
5,2,5,vit_tiny,cifar10,1000.0,9,base.blocks.8,0.961424
5,2,5,vit_tiny,cifar10,1000.0,10,base.blocks.9,0.958941
5,2,5,vit_tiny,cifar10,1000.0,11,base.blocks.10,0.955937
5,2,5,vit_tiny,cifar10,1000.0,12,base.blocks.11,0.954356
5,2,5,vit_tiny,cifar10,1000.0,13,base.norm,0.954806
5,2,5,vit_tiny,cifar10,1000.0,14,classifier,0.783253
5,2,6,vit_tiny,cifar10,1000.0,0,base.patch_embed,0.989079
5,2,6,vit_tiny,cifar10,1000.0,1,base.blocks.0,0.980804
5,2,6,vit_tiny,cifar10,1000.0,2,base.blocks.1,0.972442
5,2,6,vit_tiny,cifar10,1000.0,3,base.blocks.2,0.967052
5,2,6,vit_tiny,cifar10,1000.0,4,base.blocks.3,0.960363
5,2,6,vit_tiny,cifar10,1000.0,5,base.blocks.4,0.954136
5,2,6,vit_tiny,cifar10,1000.0,6,base.blocks.5,0.951479
5,2,6,vit_tiny,cifar10,1000.0,7,base.blocks.6,0.949636
5,2,6,vit_tiny,cifar10,1000.0,8,base.blocks.7,0.950424
5,2,6,vit_tiny,cifar10,1000.0,9,base.blocks.8,0.948404
5,2,6,vit_tiny,cifar10,1000.0,10,base.blocks.9,0.945496
5,2,6,vit_tiny,cifar10,1000.0,11,base.blocks.10,0.944172
5,2,6,vit_tiny,cifar10,1000.0,12,base.blocks.11,0.944706
5,2,6,vit_tiny,cifar10,1000.0,13,base.norm,0.947502
5,2,6,vit_tiny,cifar10,1000.0,14,classifier,0.760454
5,2,7,vit_tiny,cifar10,1000.0,0,base.patch_embed,0.964968
5,2,7,vit_tiny,cifar10,1000.0,1,base.blocks.0,0.978858
5,2,7,vit_tiny,cifar10,1000.0,2,base.blocks.1,0.977339
5,2,7,vit_tiny,cifar10,1000.0,3,base.blocks.2,0.974373
5,2,7,vit_tiny,cifar10,1000.0,4,base.blocks.3,0.973359
5,2,7,vit_tiny,cifar10,1000.0,5,base.blocks.4,0.970712
5,2,7,vit_tiny,cifar10,1000.0,6,base.blocks.5,0.970441
5,2,7,vit_tiny,cifar10,1000.0,7,base.blocks.6,0.969572
5,2,7,vit_tiny,cifar10,1000.0,8,base.blocks.7,0.970698
5,2,7,vit_tiny,cifar10,1000.0,9,base.blocks.8,0.969261
5,2,7,vit_tiny,cifar10,1000.0,10,base.blocks.9,0.967489
5,2,7,vit_tiny,cifar10,1000.0,11,base.blocks.10,0.967574
5,2,7,vit_tiny,cifar10,1000.0,12,base.blocks.11,0.967838
5,2,7,vit_tiny,cifar10,1000.0,13,base.norm,0.964189
5,2,7,vit_tiny,cifar10,1000.0,14,classifier,0.909861
5,2,8,vit_tiny,cifar10,1000.0,0,base.patch_embed,0.980485
5,2,8,vit_tiny,cifar10,1000.0,1,base.blocks.0,0.973401
5,2,8,vit_tiny,cifar10,1000.0,2,base.blocks.1,0.969283
5,2,8,vit_tiny,cifar10,1000.0,3,base.blocks.2,0.967138
5,2,8,vit_tiny,cifar10,1000.0,4,base.blocks.3,0.965895
5,2,8,vit_tiny,cifar10,1000.0,5,base.blocks.4,0.966951
5,2,8,vit_tiny,cifar10,1000.0,6,base.blocks.5,0.963280
5,2,8,vit_tiny,cifar10,1000.0,7,base.blocks.6,0.960994
5,2,8,vit_tiny,cifar10,1000.0,8,base.blocks.7,0.960516
5,2,8,vit_tiny,cifar10,1000.0,9,base.blocks.8,0.957541
5,2,8,vit_tiny,cifar10,1000.0,10,base.blocks.9,0.956000
5,2,8,vit_tiny,cifar10,1000.0,11,base.blocks.10,0.953901
5,2,8,vit_tiny,cifar10,1000.0,12,base.blocks.11,0.951613
5,2,8,vit_tiny,cifar10,1000.0,13,base.norm,0.939612
5,2,8,vit_tiny,cifar10,1000.0,14,classifier,0.820509
5,2,9,vit_tiny,cifar10,1000.0,0,base.patch_embed,0.977433
5,2,9,vit_tiny,cifar10,1000.0,1,base.blocks.0,0.966925
5,2,9,vit_tiny,cifar10,1000.0,2,base.blocks.1,0.953251
5,2,9,vit_tiny,cifar10,1000.0,3,base.blocks.2,0.943085
5,2,9,vit_tiny,cifar10,1000.0,4,base.blocks.3,0.928407
5,2,9,vit_tiny,cifar10,1000.0,5,base.blocks.4,0.919815
5,2,9,vit_tiny,cifar10,1000.0,6,base.blocks.5,0.905015
5,2,9,vit_tiny,cifar10,1000.0,7,base.blocks.6,0.895097
5,2,9,vit_tiny,cifar10,1000.0,8,base.blocks.7,0.886833
5,2,9,vit_tiny,cifar10,1000.0,9,base.blocks.8,0.875271
5,2,9,vit_tiny,cifar10,1000.0,10,base.blocks.9,0.861655
5,2,9,vit_tiny,cifar10,1000.0,11,base.blocks.10,0.849407
5,2,9,vit_tiny,cifar10,1000.0,12,base.blocks.11,0.839148
5,2,9,vit_tiny,cifar10,1000.0,13,base.norm,0.845426
5,2,9,vit_tiny,cifar10,1000.0,14,classifier,0.519055
5,3,4,vit_tiny,cifar10,1000.0,0,base.patch_embed,0.979561
5,3,4,vit_tiny,cifar10,1000.0,1,base.blocks.0,0.969188
5,3,4,vit_tiny,cifar10,1000.0,2,base.blocks.1,0.958606
5,3,4,vit_tiny,cifar10,1000.0,3,base.blocks.2,0.955563
5,3,4,vit_tiny,cifar10,1000.0,4,base.blocks.3,0.946701
5,3,4,vit_tiny,cifar10,1000.0,5,base.blocks.4,0.936114
5,3,4,vit_tiny,cifar10,1000.0,6,base.blocks.5,0.929153
5,3,4,vit_tiny,cifar10,1000.0,7,base.blocks.6,0.925607
5,3,4,vit_tiny,cifar10,1000.0,8,base.blocks.7,0.918436
5,3,4,vit_tiny,cifar10,1000.0,9,base.blocks.8,0.909668
5,3,4,vit_tiny,cifar10,1000.0,10,base.blocks.9,0.900772
5,3,4,vit_tiny,cifar10,1000.0,11,base.blocks.10,0.889855
5,3,4,vit_tiny,cifar10,1000.0,12,base.blocks.11,0.877878
5,3,4,vit_tiny,cifar10,1000.0,13,base.norm,0.888505
5,3,4,vit_tiny,cifar10,1000.0,14,classifier,0.813660
5,3,5,vit_tiny,cifar10,1000.0,0,base.patch_embed,0.975460
5,3,5,vit_tiny,cifar10,1000.0,1,base.blocks.0,0.959428
5,3,5,vit_tiny,cifar10,1000.0,2,base.blocks.1,0.945287
5,3,5,vit_tiny,cifar10,1000.0,3,base.blocks.2,0.940219
5,3,5,vit_tiny,cifar10,1000.0,4,base.blocks.3,0.928714
5,3,5,vit_tiny,cifar10,1000.0,5,base.blocks.4,0.918204
5,3,5,vit_tiny,cifar10,1000.0,6,base.blocks.5,0.910669
5,3,5,vit_tiny,cifar10,1000.0,7,base.blocks.6,0.906053
5,3,5,vit_tiny,cifar10,1000.0,8,base.blocks.7,0.900305
5,3,5,vit_tiny,cifar10,1000.0,9,base.blocks.8,0.893392
5,3,5,vit_tiny,cifar10,1000.0,10,base.blocks.9,0.885737
5,3,5,vit_tiny,cifar10,1000.0,11,base.blocks.10,0.874580
5,3,5,vit_tiny,cifar10,1000.0,12,base.blocks.11,0.862588
5,3,5,vit_tiny,cifar10,1000.0,13,base.norm,0.882888
5,3,5,vit_tiny,cifar10,1000.0,14,classifier,0.846950
5,3,6,vit_tiny,cifar10,1000.0,0,base.patch_embed,0.942776
5,3,6,vit_tiny,cifar10,1000.0,1,base.blocks.0,0.921523
5,3,6,vit_tiny,cifar10,1000.0,2,base.blocks.1,0.901982
5,3,6,vit_tiny,cifar10,1000.0,3,base.blocks.2,0.891974
5,3,6,vit_tiny,cifar10,1000.0,4,base.blocks.3,0.874853
5,3,6,vit_tiny,cifar10,1000.0,5,base.blocks.4,0.860749
5,3,6,vit_tiny,cifar10,1000.0,6,base.blocks.5,0.852939
5,3,6,vit_tiny,cifar10,1000.0,7,base.blocks.6,0.846737
5,3,6,vit_tiny,cifar10,1000.0,8,base.blocks.7,0.842243
5,3,6,vit_tiny,cifar10,1000.0,9,base.blocks.8,0.834208
5,3,6,vit_tiny,cifar10,1000.0,10,base.blocks.9,0.826535
5,3,6,vit_tiny,cifar10,1000.0,11,base.blocks.10,0.813082
5,3,6,vit_tiny,cifar10,1000.0,12,base.blocks.11,0.799872
5,3,6,vit_tiny,cifar10,1000.0,13,base.norm,0.834697
5,3,6,vit_tiny,cifar10,1000.0,14,classifier,0.747615
5,3,7,vit_tiny,cifar10,1000.0,0,base.patch_embed,0.962720
5,3,7,vit_tiny,cifar10,1000.0,1,base.blocks.0,0.942612
5,3,7,vit_tiny,cifar10,1000.0,2,base.blocks.1,0.920016
5,3,7,vit_tiny,cifar10,1000.0,3,base.blocks.2,0.905900
5,3,7,vit_tiny,cifar10,1000.0,4,base.blocks.3,0.893650
5,3,7,vit_tiny,cifar10,1000.0,5,base.blocks.4,0.883014
5,3,7,vit_tiny,cifar10,1000.0,6,base.blocks.5,0.877450
5,3,7,vit_tiny,cifar10,1000.0,7,base.blocks.6,0.869665
5,3,7,vit_tiny,cifar10,1000.0,8,base.blocks.7,0.866738
5,3,7,vit_tiny,cifar10,1000.0,9,base.blocks.8,0.859333
5,3,7,vit_tiny,cifar10,1000.0,10,base.blocks.9,0.854214
5,3,7,vit_tiny,cifar10,1000.0,11,base.blocks.10,0.844386
5,3,7,vit_tiny,cifar10,1000.0,12,base.blocks.11,0.833047
5,3,7,vit_tiny,cifar10,1000.0,13,base.norm,0.865573
5,3,7,vit_tiny,cifar10,1000.0,14,classifier,0.814350
5,3,8,vit_tiny,cifar10,1000.0,0,base.patch_embed,0.978276
5,3,8,vit_tiny,cifar10,1000.0,1,base.blocks.0,0.976627
5,3,8,vit_tiny,cifar10,1000.0,2,base.blocks.1,0.972647
5,3,8,vit_tiny,cifar10,1000.0,3,base.blocks.2,0.971344
5,3,8,vit_tiny,cifar10,1000.0,4,base.blocks.3,0.972657
5,3,8,vit_tiny,cifar10,1000.0,5,base.blocks.4,0.974759
5,3,8,vit_tiny,cifar10,1000.0,6,base.blocks.5,0.973647
5,3,8,vit_tiny,cifar10,1000.0,7,base.blocks.6,0.970288
5,3,8,vit_tiny,cifar10,1000.0,8,base.blocks.7,0.967011
5,3,8,vit_tiny,cifar10,1000.0,9,base.blocks.8,0.962106
5,3,8,vit_tiny,cifar10,1000.0,10,base.blocks.9,0.958201
5,3,8,vit_tiny,cifar10,1000.0,11,base.blocks.10,0.950329
5,3,8,vit_tiny,cifar10,1000.0,12,base.blocks.11,0.940952
5,3,8,vit_tiny,cifar10,1000.0,13,base.norm,0.950882
5,3,8,vit_tiny,cifar10,1000.0,14,classifier,0.853550
5,3,9,vit_tiny,cifar10,1000.0,0,base.patch_embed,0.973471
5,3,9,vit_tiny,cifar10,1000.0,1,base.blocks.0,0.967529
5,3,9,vit_tiny,cifar10,1000.0,2,base.blocks.1,0.956955
5,3,9,vit_tiny,cifar10,1000.0,3,base.blocks.2,0.947823
5,3,9,vit_tiny,cifar10,1000.0,4,base.blocks.3,0.934758
5,3,9,vit_tiny,cifar10,1000.0,5,base.blocks.4,0.926416
5,3,9,vit_tiny,cifar10,1000.0,6,base.blocks.5,0.915576
5,3,9,vit_tiny,cifar10,1000.0,7,base.blocks.6,0.910593
5,3,9,vit_tiny,cifar10,1000.0,8,base.blocks.7,0.903711
5,3,9,vit_tiny,cifar10,1000.0,9,base.blocks.8,0.895805
5,3,9,vit_tiny,cifar10,1000.0,10,base.blocks.9,0.888695
5,3,9,vit_tiny,cifar10,1000.0,11,base.blocks.10,0.882187
5,3,9,vit_tiny,cifar10,1000.0,12,base.blocks.11,0.875496
5,3,9,vit_tiny,cifar10,1000.0,13,base.norm,0.904027
5,3,9,vit_tiny,cifar10,1000.0,14,classifier,0.755947
5,4,5,vit_tiny,cifar10,1000.0,0,base.patch_embed,0.978859
5,4,5,vit_tiny,cifar10,1000.0,1,base.blocks.0,0.971478
5,4,5,vit_tiny,cifar10,1000.0,2,base.blocks.1,0.969661
5,4,5,vit_tiny,cifar10,1000.0,3,base.blocks.2,0.968802
5,4,5,vit_tiny,cifar10,1000.0,4,base.blocks.3,0.968767
5,4,5,vit_tiny,cifar10,1000.0,5,base.blocks.4,0.967844
5,4,5,vit_tiny,cifar10,1000.0,6,base.blocks.5,0.969630
5,4,5,vit_tiny,cifar10,1000.0,7,base.blocks.6,0.969484
5,4,5,vit_tiny,cifar10,1000.0,8,base.blocks.7,0.967579
5,4,5,vit_tiny,cifar10,1000.0,9,base.blocks.8,0.965849
5,4,5,vit_tiny,cifar10,1000.0,10,base.blocks.9,0.963817
5,4,5,vit_tiny,cifar10,1000.0,11,base.blocks.10,0.961177
5,4,5,vit_tiny,cifar10,1000.0,12,base.blocks.11,0.957229
5,4,5,vit_tiny,cifar10,1000.0,13,base.norm,0.952421
5,4,5,vit_tiny,cifar10,1000.0,14,classifier,0.877462
5,4,6,vit_tiny,cifar10,1000.0,0,base.patch_embed,0.929361
5,4,6,vit_tiny,cifar10,1000.0,1,base.blocks.0,0.925275
5,4,6,vit_tiny,cifar10,1000.0,2,base.blocks.1,0.921788
5,4,6,vit_tiny,cifar10,1000.0,3,base.blocks.2,0.918090
5,4,6,vit_tiny,cifar10,1000.0,4,base.blocks.3,0.914239
5,4,6,vit_tiny,cifar10,1000.0,5,base.blocks.4,0.909191
5,4,6,vit_tiny,cifar10,1000.0,6,base.blocks.5,0.913032
5,4,6,vit_tiny,cifar10,1000.0,7,base.blocks.6,0.913461
5,4,6,vit_tiny,cifar10,1000.0,8,base.blocks.7,0.912687
5,4,6,vit_tiny,cifar10,1000.0,9,base.blocks.8,0.911828
5,4,6,vit_tiny,cifar10,1000.0,10,base.blocks.9,0.909963
5,4,6,vit_tiny,cifar10,1000.0,11,base.blocks.10,0.908081
5,4,6,vit_tiny,cifar10,1000.0,12,base.blocks.11,0.903818
5,4,6,vit_tiny,cifar10,1000.0,13,base.norm,0.915300
5,4,6,vit_tiny,cifar10,1000.0,14,classifier,0.898473
5,4,7,vit_tiny,cifar10,1000.0,0,base.patch_embed,0.934687
5,4,7,vit_tiny,cifar10,1000.0,1,base.blocks.0,0.932534
5,4,7,vit_tiny,cifar10,1000.0,2,base.blocks.1,0.920799
5,4,7,vit_tiny,cifar10,1000.0,3,base.blocks.2,0.907532
5,4,7,vit_tiny,cifar10,1000.0,4,base.blocks.3,0.897745
5,4,7,vit_tiny,cifar10,1000.0,5,base.blocks.4,0.887796
5,4,7,vit_tiny,cifar10,1000.0,6,base.blocks.5,0.887144
5,4,7,vit_tiny,cifar10,1000.0,7,base.blocks.6,0.882165
5,4,7,vit_tiny,cifar10,1000.0,8,base.blocks.7,0.876766
5,4,7,vit_tiny,cifar10,1000.0,9,base.blocks.8,0.872552
5,4,7,vit_tiny,cifar10,1000.0,10,base.blocks.9,0.870146
5,4,7,vit_tiny,cifar10,1000.0,11,base.blocks.10,0.866399
5,4,7,vit_tiny,cifar10,1000.0,12,base.blocks.11,0.860431
5,4,7,vit_tiny,cifar10,1000.0,13,base.norm,0.876387
5,4,7,vit_tiny,cifar10,1000.0,14,classifier,0.837345
5,4,8,vit_tiny,cifar10,1000.0,0,base.patch_embed,0.950639
5,4,8,vit_tiny,cifar10,1000.0,1,base.blocks.0,0.948985
5,4,8,vit_tiny,cifar10,1000.0,2,base.blocks.1,0.944709
5,4,8,vit_tiny,cifar10,1000.0,3,base.blocks.2,0.945253
5,4,8,vit_tiny,cifar10,1000.0,4,base.blocks.3,0.945766
5,4,8,vit_tiny,cifar10,1000.0,5,base.blocks.4,0.945580
5,4,8,vit_tiny,cifar10,1000.0,6,base.blocks.5,0.946950
5,4,8,vit_tiny,cifar10,1000.0,7,base.blocks.6,0.947764
5,4,8,vit_tiny,cifar10,1000.0,8,base.blocks.7,0.948919
5,4,8,vit_tiny,cifar10,1000.0,9,base.blocks.8,0.948620
5,4,8,vit_tiny,cifar10,1000.0,10,base.blocks.9,0.948476
5,4,8,vit_tiny,cifar10,1000.0,11,base.blocks.10,0.948466
5,4,8,vit_tiny,cifar10,1000.0,12,base.blocks.11,0.947223
5,4,8,vit_tiny,cifar10,1000.0,13,base.norm,0.944980
5,4,8,vit_tiny,cifar10,1000.0,14,classifier,0.907090
5,4,9,vit_tiny,cifar10,1000.0,0,base.patch_embed,0.939795
5,4,9,vit_tiny,cifar10,1000.0,1,base.blocks.0,0.940207
5,4,9,vit_tiny,cifar10,1000.0,2,base.blocks.1,0.935225
5,4,9,vit_tiny,cifar10,1000.0,3,base.blocks.2,0.934150
5,4,9,vit_tiny,cifar10,1000.0,4,base.blocks.3,0.929979
5,4,9,vit_tiny,cifar10,1000.0,5,base.blocks.4,0.925767
5,4,9,vit_tiny,cifar10,1000.0,6,base.blocks.5,0.923292
5,4,9,vit_tiny,cifar10,1000.0,7,base.blocks.6,0.922889
5,4,9,vit_tiny,cifar10,1000.0,8,base.blocks.7,0.920166
5,4,9,vit_tiny,cifar10,1000.0,9,base.blocks.8,0.914792
5,4,9,vit_tiny,cifar10,1000.0,10,base.blocks.9,0.907411
5,4,9,vit_tiny,cifar10,1000.0,11,base.blocks.10,0.904201
5,4,9,vit_tiny,cifar10,1000.0,12,base.blocks.11,0.895191
5,4,9,vit_tiny,cifar10,1000.0,13,base.norm,0.908991
5,4,9,vit_tiny,cifar10,1000.0,14,classifier,0.718166
5,5,6,vit_tiny,cifar10,1000.0,0,base.patch_embed,0.975601
5,5,6,vit_tiny,cifar10,1000.0,1,base.blocks.0,0.978946
5,5,6,vit_tiny,cifar10,1000.0,2,base.blocks.1,0.978501
5,5,6,vit_tiny,cifar10,1000.0,3,base.blocks.2,0.977346
5,5,6,vit_tiny,cifar10,1000.0,4,base.blocks.3,0.975251
5,5,6,vit_tiny,cifar10,1000.0,5,base.blocks.4,0.972457
5,5,6,vit_tiny,cifar10,1000.0,6,base.blocks.5,0.971613
5,5,6,vit_tiny,cifar10,1000.0,7,base.blocks.6,0.968992
5,5,6,vit_tiny,cifar10,1000.0,8,base.blocks.7,0.967173
5,5,6,vit_tiny,cifar10,1000.0,9,base.blocks.8,0.965563
5,5,6,vit_tiny,cifar10,1000.0,10,base.blocks.9,0.963473
5,5,6,vit_tiny,cifar10,1000.0,11,base.blocks.10,0.960210
5,5,6,vit_tiny,cifar10,1000.0,12,base.blocks.11,0.956973
5,5,6,vit_tiny,cifar10,1000.0,13,base.norm,0.956563
5,5,6,vit_tiny,cifar10,1000.0,14,classifier,0.803637
5,5,7,vit_tiny,cifar10,1000.0,0,base.patch_embed,0.943734
5,5,7,vit_tiny,cifar10,1000.0,1,base.blocks.0,0.953164
5,5,7,vit_tiny,cifar10,1000.0,2,base.blocks.1,0.947225
5,5,7,vit_tiny,cifar10,1000.0,3,base.blocks.2,0.942549
5,5,7,vit_tiny,cifar10,1000.0,4,base.blocks.3,0.939093
5,5,7,vit_tiny,cifar10,1000.0,5,base.blocks.4,0.935296
5,5,7,vit_tiny,cifar10,1000.0,6,base.blocks.5,0.935018
5,5,7,vit_tiny,cifar10,1000.0,7,base.blocks.6,0.930834
5,5,7,vit_tiny,cifar10,1000.0,8,base.blocks.7,0.929058
5,5,7,vit_tiny,cifar10,1000.0,9,base.blocks.8,0.927724
5,5,7,vit_tiny,cifar10,1000.0,10,base.blocks.9,0.927468
5,5,7,vit_tiny,cifar10,1000.0,11,base.blocks.10,0.924456
5,5,7,vit_tiny,cifar10,1000.0,12,base.blocks.11,0.922250
5,5,7,vit_tiny,cifar10,1000.0,13,base.norm,0.926523
5,5,7,vit_tiny,cifar10,1000.0,14,classifier,0.781822
5,5,8,vit_tiny,cifar10,1000.0,0,base.patch_embed,0.968742
5,5,8,vit_tiny,cifar10,1000.0,1,base.blocks.0,0.961552
5,5,8,vit_tiny,cifar10,1000.0,2,base.blocks.1,0.955417
5,5,8,vit_tiny,cifar10,1000.0,3,base.blocks.2,0.954116
5,5,8,vit_tiny,cifar10,1000.0,4,base.blocks.3,0.949278
5,5,8,vit_tiny,cifar10,1000.0,5,base.blocks.4,0.947209
5,5,8,vit_tiny,cifar10,1000.0,6,base.blocks.5,0.945927
5,5,8,vit_tiny,cifar10,1000.0,7,base.blocks.6,0.944269
5,5,8,vit_tiny,cifar10,1000.0,8,base.blocks.7,0.946615
5,5,8,vit_tiny,cifar10,1000.0,9,base.blocks.8,0.946961
5,5,8,vit_tiny,cifar10,1000.0,10,base.blocks.9,0.947919
5,5,8,vit_tiny,cifar10,1000.0,11,base.blocks.10,0.947515
5,5,8,vit_tiny,cifar10,1000.0,12,base.blocks.11,0.947965
5,5,8,vit_tiny,cifar10,1000.0,13,base.norm,0.939539
5,5,8,vit_tiny,cifar10,1000.0,14,classifier,0.864963
5,5,9,vit_tiny,cifar10,1000.0,0,base.patch_embed,0.971717
5,5,9,vit_tiny,cifar10,1000.0,1,base.blocks.0,0.973596
5,5,9,vit_tiny,cifar10,1000.0,2,base.blocks.1,0.969164
5,5,9,vit_tiny,cifar10,1000.0,3,base.blocks.2,0.966370
5,5,9,vit_tiny,cifar10,1000.0,4,base.blocks.3,0.957437
5,5,9,vit_tiny,cifar10,1000.0,5,base.blocks.4,0.949829
5,5,9,vit_tiny,cifar10,1000.0,6,base.blocks.5,0.940040
5,5,9,vit_tiny,cifar10,1000.0,7,base.blocks.6,0.931944
5,5,9,vit_tiny,cifar10,1000.0,8,base.blocks.7,0.922674
5,5,9,vit_tiny,cifar10,1000.0,9,base.blocks.8,0.913296
5,5,9,vit_tiny,cifar10,1000.0,10,base.blocks.9,0.900678
5,5,9,vit_tiny,cifar10,1000.0,11,base.blocks.10,0.887127
5,5,9,vit_tiny,cifar10,1000.0,12,base.blocks.11,0.872377
5,5,9,vit_tiny,cifar10,1000.0,13,base.norm,0.874240
5,5,9,vit_tiny,cifar10,1000.0,14,classifier,0.704979
5,6,7,vit_tiny,cifar10,1000.0,0,base.patch_embed,0.963019
5,6,7,vit_tiny,cifar10,1000.0,1,base.blocks.0,0.971929
5,6,7,vit_tiny,cifar10,1000.0,2,base.blocks.1,0.968430
5,6,7,vit_tiny,cifar10,1000.0,3,base.blocks.2,0.968023
5,6,7,vit_tiny,cifar10,1000.0,4,base.blocks.3,0.965639
5,6,7,vit_tiny,cifar10,1000.0,5,base.blocks.4,0.964626
5,6,7,vit_tiny,cifar10,1000.0,6,base.blocks.5,0.965278
5,6,7,vit_tiny,cifar10,1000.0,7,base.blocks.6,0.965745
5,6,7,vit_tiny,cifar10,1000.0,8,base.blocks.7,0.966099
5,6,7,vit_tiny,cifar10,1000.0,9,base.blocks.8,0.966738
5,6,7,vit_tiny,cifar10,1000.0,10,base.blocks.9,0.967669
5,6,7,vit_tiny,cifar10,1000.0,11,base.blocks.10,0.967247
5,6,7,vit_tiny,cifar10,1000.0,12,base.blocks.11,0.967601
5,6,7,vit_tiny,cifar10,1000.0,13,base.norm,0.965128
5,6,7,vit_tiny,cifar10,1000.0,14,classifier,0.824614
5,6,8,vit_tiny,cifar10,1000.0,0,base.patch_embed,0.979842
5,6,8,vit_tiny,cifar10,1000.0,1,base.blocks.0,0.963336
5,6,8,vit_tiny,cifar10,1000.0,2,base.blocks.1,0.954001
5,6,8,vit_tiny,cifar10,1000.0,3,base.blocks.2,0.948570
5,6,8,vit_tiny,cifar10,1000.0,4,base.blocks.3,0.937274
5,6,8,vit_tiny,cifar10,1000.0,5,base.blocks.4,0.928849
5,6,8,vit_tiny,cifar10,1000.0,6,base.blocks.5,0.925077
5,6,8,vit_tiny,cifar10,1000.0,7,base.blocks.6,0.923384
5,6,8,vit_tiny,cifar10,1000.0,8,base.blocks.7,0.924818
5,6,8,vit_tiny,cifar10,1000.0,9,base.blocks.8,0.923349
5,6,8,vit_tiny,cifar10,1000.0,10,base.blocks.9,0.922146
5,6,8,vit_tiny,cifar10,1000.0,11,base.blocks.10,0.919305
5,6,8,vit_tiny,cifar10,1000.0,12,base.blocks.11,0.917695
5,6,8,vit_tiny,cifar10,1000.0,13,base.norm,0.911204
5,6,8,vit_tiny,cifar10,1000.0,14,classifier,0.841855
5,6,9,vit_tiny,cifar10,1000.0,0,base.patch_embed,0.982948
5,6,9,vit_tiny,cifar10,1000.0,1,base.blocks.0,0.970798
5,6,9,vit_tiny,cifar10,1000.0,2,base.blocks.1,0.962384
5,6,9,vit_tiny,cifar10,1000.0,3,base.blocks.2,0.956862
5,6,9,vit_tiny,cifar10,1000.0,4,base.blocks.3,0.946465
5,6,9,vit_tiny,cifar10,1000.0,5,base.blocks.4,0.937874
5,6,9,vit_tiny,cifar10,1000.0,6,base.blocks.5,0.931249
5,6,9,vit_tiny,cifar10,1000.0,7,base.blocks.6,0.924883
5,6,9,vit_tiny,cifar10,1000.0,8,base.blocks.7,0.919477
5,6,9,vit_tiny,cifar10,1000.0,9,base.blocks.8,0.912205
5,6,9,vit_tiny,cifar10,1000.0,10,base.blocks.9,0.903729
5,6,9,vit_tiny,cifar10,1000.0,11,base.blocks.10,0.891691
5,6,9,vit_tiny,cifar10,1000.0,12,base.blocks.11,0.882127
5,6,9,vit_tiny,cifar10,1000.0,13,base.norm,0.876117
5,6,9,vit_tiny,cifar10,1000.0,14,classifier,0.775855
5,7,8,vit_tiny,cifar10,1000.0,0,base.patch_embed,0.992807
5,7,8,vit_tiny,cifar10,1000.0,1,base.blocks.0,0.981312
5,7,8,vit_tiny,cifar10,1000.0,2,base.blocks.1,0.969716
5,7,8,vit_tiny,cifar10,1000.0,3,base.blocks.2,0.960559
5,7,8,vit_tiny,cifar10,1000.0,4,base.blocks.3,0.950636
5,7,8,vit_tiny,cifar10,1000.0,5,base.blocks.4,0.941227
5,7,8,vit_tiny,cifar10,1000.0,6,base.blocks.5,0.935238
5,7,8,vit_tiny,cifar10,1000.0,7,base.blocks.6,0.930607
5,7,8,vit_tiny,cifar10,1000.0,8,base.blocks.7,0.929034
5,7,8,vit_tiny,cifar10,1000.0,9,base.blocks.8,0.925336
5,7,8,vit_tiny,cifar10,1000.0,10,base.blocks.9,0.923706
5,7,8,vit_tiny,cifar10,1000.0,11,base.blocks.10,0.921006
5,7,8,vit_tiny,cifar10,1000.0,12,base.blocks.11,0.917968
5,7,8,vit_tiny,cifar10,1000.0,13,base.norm,0.910833
5,7,8,vit_tiny,cifar10,1000.0,14,classifier,0.837566
5,7,9,vit_tiny,cifar10,1000.0,0,base.patch_embed,0.977167
5,7,9,vit_tiny,cifar10,1000.0,1,base.blocks.0,0.958964
5,7,9,vit_tiny,cifar10,1000.0,2,base.blocks.1,0.939944
5,7,9,vit_tiny,cifar10,1000.0,3,base.blocks.2,0.928538
5,7,9,vit_tiny,cifar10,1000.0,4,base.blocks.3,0.913895
5,7,9,vit_tiny,cifar10,1000.0,5,base.blocks.4,0.902644
5,7,9,vit_tiny,cifar10,1000.0,6,base.blocks.5,0.894423
5,7,9,vit_tiny,cifar10,1000.0,7,base.blocks.6,0.885445
5,7,9,vit_tiny,cifar10,1000.0,8,base.blocks.7,0.878657
5,7,9,vit_tiny,cifar10,1000.0,9,base.blocks.8,0.871648
5,7,9,vit_tiny,cifar10,1000.0,10,base.blocks.9,0.865203
5,7,9,vit_tiny,cifar10,1000.0,11,base.blocks.10,0.854648
5,7,9,vit_tiny,cifar10,1000.0,12,base.blocks.11,0.847032
5,7,9,vit_tiny,cifar10,1000.0,13,base.norm,0.868963
5,7,9,vit_tiny,cifar10,1000.0,14,classifier,0.664555
5,8,9,vit_tiny,cifar10,1000.0,0,base.patch_embed,0.994706
5,8,9,vit_tiny,cifar10,1000.0,1,base.blocks.0,0.988912
5,8,9,vit_tiny,cifar10,1000.0,2,base.blocks.1,0.983647
5,8,9,vit_tiny,cifar10,1000.0,3,base.blocks.2,0.980183
5,8,9,vit_tiny,cifar10,1000.0,4,base.blocks.3,0.971958
5,8,9,vit_tiny,cifar10,1000.0,5,base.blocks.4,0.965964
5,8,9,vit_tiny,cifar10,1000.0,6,base.blocks.5,0.959954
5,8,9,vit_tiny,cifar10,1000.0,7,base.blocks.6,0.954884
5,8,9,vit_tiny,cifar10,1000.0,8,base.blocks.7,0.949828
5,8,9,vit_tiny,cifar10,1000.0,9,base.blocks.8,0.944076
5,8,9,vit_tiny,cifar10,1000.0,10,base.blocks.9,0.936535
5,8,9,vit_tiny,cifar10,1000.0,11,base.blocks.10,0.928052
5,8,9,vit_tiny,cifar10,1000.0,12,base.blocks.11,0.919320
5,8,9,vit_tiny,cifar10,1000.0,13,base.norm,0.924199
5,8,9,vit_tiny,cifar10,1000.0,14,classifier,0.743943
10,0,1,vit_tiny,cifar10,1000.0,0,base.patch_embed,0.965508
10,0,1,vit_tiny,cifar10,1000.0,1,base.blocks.0,0.951316
10,0,1,vit_tiny,cifar10,1000.0,2,base.blocks.1,0.943574
10,0,1,vit_tiny,cifar10,1000.0,3,base.blocks.2,0.939651
10,0,1,vit_tiny,cifar10,1000.0,4,base.blocks.3,0.932101
10,0,1,vit_tiny,cifar10,1000.0,5,base.blocks.4,0.918797
10,0,1,vit_tiny,cifar10,1000.0,6,base.blocks.5,0.909476
10,0,1,vit_tiny,cifar10,1000.0,7,base.blocks.6,0.898512
10,0,1,vit_tiny,cifar10,1000.0,8,base.blocks.7,0.883864
10,0,1,vit_tiny,cifar10,1000.0,9,base.blocks.8,0.870292
10,0,1,vit_tiny,cifar10,1000.0,10,base.blocks.9,0.860820
10,0,1,vit_tiny,cifar10,1000.0,11,base.blocks.10,0.841909
10,0,1,vit_tiny,cifar10,1000.0,12,base.blocks.11,0.820584
10,0,1,vit_tiny,cifar10,1000.0,13,base.norm,0.854903
10,0,1,vit_tiny,cifar10,1000.0,14,classifier,0.680127
10,0,2,vit_tiny,cifar10,1000.0,0,base.patch_embed,0.939709
10,0,2,vit_tiny,cifar10,1000.0,1,base.blocks.0,0.947532
10,0,2,vit_tiny,cifar10,1000.0,2,base.blocks.1,0.955841
10,0,2,vit_tiny,cifar10,1000.0,3,base.blocks.2,0.960779
10,0,2,vit_tiny,cifar10,1000.0,4,base.blocks.3,0.961263
10,0,2,vit_tiny,cifar10,1000.0,5,base.blocks.4,0.959782
10,0,2,vit_tiny,cifar10,1000.0,6,base.blocks.5,0.958056
10,0,2,vit_tiny,cifar10,1000.0,7,base.blocks.6,0.956346
10,0,2,vit_tiny,cifar10,1000.0,8,base.blocks.7,0.952211
10,0,2,vit_tiny,cifar10,1000.0,9,base.blocks.8,0.949902
10,0,2,vit_tiny,cifar10,1000.0,10,base.blocks.9,0.946567
10,0,2,vit_tiny,cifar10,1000.0,11,base.blocks.10,0.939978
10,0,2,vit_tiny,cifar10,1000.0,12,base.blocks.11,0.932963
10,0,2,vit_tiny,cifar10,1000.0,13,base.norm,0.931091
10,0,2,vit_tiny,cifar10,1000.0,14,classifier,0.711712
10,0,3,vit_tiny,cifar10,1000.0,0,base.patch_embed,0.983840
10,0,3,vit_tiny,cifar10,1000.0,1,base.blocks.0,0.979346
10,0,3,vit_tiny,cifar10,1000.0,2,base.blocks.1,0.977268
10,0,3,vit_tiny,cifar10,1000.0,3,base.blocks.2,0.977600
10,0,3,vit_tiny,cifar10,1000.0,4,base.blocks.3,0.976127
10,0,3,vit_tiny,cifar10,1000.0,5,base.blocks.4,0.973033
10,0,3,vit_tiny,cifar10,1000.0,6,base.blocks.5,0.969238
10,0,3,vit_tiny,cifar10,1000.0,7,base.blocks.6,0.964632
10,0,3,vit_tiny,cifar10,1000.0,8,base.blocks.7,0.959253
10,0,3,vit_tiny,cifar10,1000.0,9,base.blocks.8,0.952510
10,0,3,vit_tiny,cifar10,1000.0,10,base.blocks.9,0.945125
10,0,3,vit_tiny,cifar10,1000.0,11,base.blocks.10,0.938663
10,0,3,vit_tiny,cifar10,1000.0,12,base.blocks.11,0.929892
10,0,3,vit_tiny,cifar10,1000.0,13,base.norm,0.938487
10,0,3,vit_tiny,cifar10,1000.0,14,classifier,0.882060
10,0,4,vit_tiny,cifar10,1000.0,0,base.patch_embed,0.988115
10,0,4,vit_tiny,cifar10,1000.0,1,base.blocks.0,0.971769
10,0,4,vit_tiny,cifar10,1000.0,2,base.blocks.1,0.968605
10,0,4,vit_tiny,cifar10,1000.0,3,base.blocks.2,0.969160
10,0,4,vit_tiny,cifar10,1000.0,4,base.blocks.3,0.967489
10,0,4,vit_tiny,cifar10,1000.0,5,base.blocks.4,0.966065
10,0,4,vit_tiny,cifar10,1000.0,6,base.blocks.5,0.964298
10,0,4,vit_tiny,cifar10,1000.0,7,base.blocks.6,0.962989
10,0,4,vit_tiny,cifar10,1000.0,8,base.blocks.7,0.961260
10,0,4,vit_tiny,cifar10,1000.0,9,base.blocks.8,0.960266
10,0,4,vit_tiny,cifar10,1000.0,10,base.blocks.9,0.957793
10,0,4,vit_tiny,cifar10,1000.0,11,base.blocks.10,0.955321
10,0,4,vit_tiny,cifar10,1000.0,12,base.blocks.11,0.952790
10,0,4,vit_tiny,cifar10,1000.0,13,base.norm,0.939109
10,0,4,vit_tiny,cifar10,1000.0,14,classifier,0.864941
10,0,5,vit_tiny,cifar10,1000.0,0,base.patch_embed,0.993936
10,0,5,vit_tiny,cifar10,1000.0,1,base.blocks.0,0.982902
10,0,5,vit_tiny,cifar10,1000.0,2,base.blocks.1,0.981390
10,0,5,vit_tiny,cifar10,1000.0,3,base.blocks.2,0.977925
10,0,5,vit_tiny,cifar10,1000.0,4,base.blocks.3,0.974888
10,0,5,vit_tiny,cifar10,1000.0,5,base.blocks.4,0.970132
10,0,5,vit_tiny,cifar10,1000.0,6,base.blocks.5,0.965619
10,0,5,vit_tiny,cifar10,1000.0,7,base.blocks.6,0.958855
10,0,5,vit_tiny,cifar10,1000.0,8,base.blocks.7,0.950247
10,0,5,vit_tiny,cifar10,1000.0,9,base.blocks.8,0.945483
10,0,5,vit_tiny,cifar10,1000.0,10,base.blocks.9,0.941128
10,0,5,vit_tiny,cifar10,1000.0,11,base.blocks.10,0.932486
10,0,5,vit_tiny,cifar10,1000.0,12,base.blocks.11,0.922166
10,0,5,vit_tiny,cifar10,1000.0,13,base.norm,0.924063
10,0,5,vit_tiny,cifar10,1000.0,14,classifier,0.764466
10,0,6,vit_tiny,cifar10,1000.0,0,base.patch_embed,0.954120
10,0,6,vit_tiny,cifar10,1000.0,1,base.blocks.0,0.954423
10,0,6,vit_tiny,cifar10,1000.0,2,base.blocks.1,0.957960
10,0,6,vit_tiny,cifar10,1000.0,3,base.blocks.2,0.959699
10,0,6,vit_tiny,cifar10,1000.0,4,base.blocks.3,0.959649
10,0,6,vit_tiny,cifar10,1000.0,5,base.blocks.4,0.956622
10,0,6,vit_tiny,cifar10,1000.0,6,base.blocks.5,0.953238
10,0,6,vit_tiny,cifar10,1000.0,7,base.blocks.6,0.949566
10,0,6,vit_tiny,cifar10,1000.0,8,base.blocks.7,0.945150
10,0,6,vit_tiny,cifar10,1000.0,9,base.blocks.8,0.940681
10,0,6,vit_tiny,cifar10,1000.0,10,base.blocks.9,0.933240
10,0,6,vit_tiny,cifar10,1000.0,11,base.blocks.10,0.927005
10,0,6,vit_tiny,cifar10,1000.0,12,base.blocks.11,0.921413
10,0,6,vit_tiny,cifar10,1000.0,13,base.norm,0.905346
10,0,6,vit_tiny,cifar10,1000.0,14,classifier,0.842662
10,0,7,vit_tiny,cifar10,1000.0,0,base.patch_embed,0.916006
10,0,7,vit_tiny,cifar10,1000.0,1,base.blocks.0,0.927490
10,0,7,vit_tiny,cifar10,1000.0,2,base.blocks.1,0.928001
10,0,7,vit_tiny,cifar10,1000.0,3,base.blocks.2,0.931268
10,0,7,vit_tiny,cifar10,1000.0,4,base.blocks.3,0.935593
10,0,7,vit_tiny,cifar10,1000.0,5,base.blocks.4,0.936210
10,0,7,vit_tiny,cifar10,1000.0,6,base.blocks.5,0.938814
10,0,7,vit_tiny,cifar10,1000.0,7,base.blocks.6,0.939879
10,0,7,vit_tiny,cifar10,1000.0,8,base.blocks.7,0.938087
10,0,7,vit_tiny,cifar10,1000.0,9,base.blocks.8,0.936023
10,0,7,vit_tiny,cifar10,1000.0,10,base.blocks.9,0.932956
10,0,7,vit_tiny,cifar10,1000.0,11,base.blocks.10,0.930084
10,0,7,vit_tiny,cifar10,1000.0,12,base.blocks.11,0.926718
10,0,7,vit_tiny,cifar10,1000.0,13,base.norm,0.924918
10,0,7,vit_tiny,cifar10,1000.0,14,classifier,0.824677
10,0,8,vit_tiny,cifar10,1000.0,0,base.patch_embed,0.984429
10,0,8,vit_tiny,cifar10,1000.0,1,base.blocks.0,0.979900
10,0,8,vit_tiny,cifar10,1000.0,2,base.blocks.1,0.977997
10,0,8,vit_tiny,cifar10,1000.0,3,base.blocks.2,0.977244
10,0,8,vit_tiny,cifar10,1000.0,4,base.blocks.3,0.974322
10,0,8,vit_tiny,cifar10,1000.0,5,base.blocks.4,0.970991
10,0,8,vit_tiny,cifar10,1000.0,6,base.blocks.5,0.969282
10,0,8,vit_tiny,cifar10,1000.0,7,base.blocks.6,0.969287
10,0,8,vit_tiny,cifar10,1000.0,8,base.blocks.7,0.967648
10,0,8,vit_tiny,cifar10,1000.0,9,base.blocks.8,0.965581
10,0,8,vit_tiny,cifar10,1000.0,10,base.blocks.9,0.962101
10,0,8,vit_tiny,cifar10,1000.0,11,base.blocks.10,0.958742
10,0,8,vit_tiny,cifar10,1000.0,12,base.blocks.11,0.954126
10,0,8,vit_tiny,cifar10,1000.0,13,base.norm,0.951692
10,0,8,vit_tiny,cifar10,1000.0,14,classifier,0.911493
10,0,9,vit_tiny,cifar10,1000.0,0,base.patch_embed,0.960670
10,0,9,vit_tiny,cifar10,1000.0,1,base.blocks.0,0.962989
10,0,9,vit_tiny,cifar10,1000.0,2,base.blocks.1,0.959329
10,0,9,vit_tiny,cifar10,1000.0,3,base.blocks.2,0.955155
10,0,9,vit_tiny,cifar10,1000.0,4,base.blocks.3,0.953763
10,0,9,vit_tiny,cifar10,1000.0,5,base.blocks.4,0.953039
10,0,9,vit_tiny,cifar10,1000.0,6,base.blocks.5,0.953002
10,0,9,vit_tiny,cifar10,1000.0,7,base.blocks.6,0.954170
10,0,9,vit_tiny,cifar10,1000.0,8,base.blocks.7,0.954438
10,0,9,vit_tiny,cifar10,1000.0,9,base.blocks.8,0.955716
10,0,9,vit_tiny,cifar10,1000.0,10,base.blocks.9,0.954799
10,0,9,vit_tiny,cifar10,1000.0,11,base.blocks.10,0.954297
10,0,9,vit_tiny,cifar10,1000.0,12,base.blocks.11,0.953241
10,0,9,vit_tiny,cifar10,1000.0,13,base.norm,0.947232
10,0,9,vit_tiny,cifar10,1000.0,14,classifier,0.882867
10,1,2,vit_tiny,cifar10,1000.0,0,base.patch_embed,0.848023
10,1,2,vit_tiny,cifar10,1000.0,1,base.blocks.0,0.829485
10,1,2,vit_tiny,cifar10,1000.0,2,base.blocks.1,0.829433
10,1,2,vit_tiny,cifar10,1000.0,3,base.blocks.2,0.834746
10,1,2,vit_tiny,cifar10,1000.0,4,base.blocks.3,0.832220
10,1,2,vit_tiny,cifar10,1000.0,5,base.blocks.4,0.822451
10,1,2,vit_tiny,cifar10,1000.0,6,base.blocks.5,0.821332
10,1,2,vit_tiny,cifar10,1000.0,7,base.blocks.6,0.816261
10,1,2,vit_tiny,cifar10,1000.0,8,base.blocks.7,0.809755
10,1,2,vit_tiny,cifar10,1000.0,9,base.blocks.8,0.808330
10,1,2,vit_tiny,cifar10,1000.0,10,base.blocks.9,0.810938
10,1,2,vit_tiny,cifar10,1000.0,11,base.blocks.10,0.799075
10,1,2,vit_tiny,cifar10,1000.0,12,base.blocks.11,0.788386
10,1,2,vit_tiny,cifar10,1000.0,13,base.norm,0.824341
10,1,2,vit_tiny,cifar10,1000.0,14,classifier,0.713164
10,1,3,vit_tiny,cifar10,1000.0,0,base.patch_embed,0.982974
10,1,3,vit_tiny,cifar10,1000.0,1,base.blocks.0,0.968066
10,1,3,vit_tiny,cifar10,1000.0,2,base.blocks.1,0.962465
10,1,3,vit_tiny,cifar10,1000.0,3,base.blocks.2,0.957892
10,1,3,vit_tiny,cifar10,1000.0,4,base.blocks.3,0.948910
10,1,3,vit_tiny,cifar10,1000.0,5,base.blocks.4,0.935132
10,1,3,vit_tiny,cifar10,1000.0,6,base.blocks.5,0.924615
10,1,3,vit_tiny,cifar10,1000.0,7,base.blocks.6,0.911905
10,1,3,vit_tiny,cifar10,1000.0,8,base.blocks.7,0.897606
10,1,3,vit_tiny,cifar10,1000.0,9,base.blocks.8,0.888891
10,1,3,vit_tiny,cifar10,1000.0,10,base.blocks.9,0.884684
10,1,3,vit_tiny,cifar10,1000.0,11,base.blocks.10,0.873047
10,1,3,vit_tiny,cifar10,1000.0,12,base.blocks.11,0.861989
10,1,3,vit_tiny,cifar10,1000.0,13,base.norm,0.884266
10,1,3,vit_tiny,cifar10,1000.0,14,classifier,0.736624
10,1,4,vit_tiny,cifar10,1000.0,0,base.patch_embed,0.949288
10,1,4,vit_tiny,cifar10,1000.0,1,base.blocks.0,0.894719
10,1,4,vit_tiny,cifar10,1000.0,2,base.blocks.1,0.876318
10,1,4,vit_tiny,cifar10,1000.0,3,base.blocks.2,0.875827
10,1,4,vit_tiny,cifar10,1000.0,4,base.blocks.3,0.866365
10,1,4,vit_tiny,cifar10,1000.0,5,base.blocks.4,0.853454
10,1,4,vit_tiny,cifar10,1000.0,6,base.blocks.5,0.846609
10,1,4,vit_tiny,cifar10,1000.0,7,base.blocks.6,0.841129
10,1,4,vit_tiny,cifar10,1000.0,8,base.blocks.7,0.834348
10,1,4,vit_tiny,cifar10,1000.0,9,base.blocks.8,0.829005
10,1,4,vit_tiny,cifar10,1000.0,10,base.blocks.9,0.828506
10,1,4,vit_tiny,cifar10,1000.0,11,base.blocks.10,0.818077
10,1,4,vit_tiny,cifar10,1000.0,12,base.blocks.11,0.808561
10,1,4,vit_tiny,cifar10,1000.0,13,base.norm,0.846289
10,1,4,vit_tiny,cifar10,1000.0,14,classifier,0.675625
10,1,5,vit_tiny,cifar10,1000.0,0,base.patch_embed,0.946547
10,1,5,vit_tiny,cifar10,1000.0,1,base.blocks.0,0.910323
10,1,5,vit_tiny,cifar10,1000.0,2,base.blocks.1,0.900770
10,1,5,vit_tiny,cifar10,1000.0,3,base.blocks.2,0.897335
10,1,5,vit_tiny,cifar10,1000.0,4,base.blocks.3,0.892222
10,1,5,vit_tiny,cifar10,1000.0,5,base.blocks.4,0.888794
10,1,5,vit_tiny,cifar10,1000.0,6,base.blocks.5,0.890505
10,1,5,vit_tiny,cifar10,1000.0,7,base.blocks.6,0.885947
10,1,5,vit_tiny,cifar10,1000.0,8,base.blocks.7,0.882509
10,1,5,vit_tiny,cifar10,1000.0,9,base.blocks.8,0.882581
10,1,5,vit_tiny,cifar10,1000.0,10,base.blocks.9,0.885541
10,1,5,vit_tiny,cifar10,1000.0,11,base.blocks.10,0.882490
10,1,5,vit_tiny,cifar10,1000.0,12,base.blocks.11,0.881985
10,1,5,vit_tiny,cifar10,1000.0,13,base.norm,0.900419
10,1,5,vit_tiny,cifar10,1000.0,14,classifier,0.842455
10,1,6,vit_tiny,cifar10,1000.0,0,base.patch_embed,0.911815
10,1,6,vit_tiny,cifar10,1000.0,1,base.blocks.0,0.887550
10,1,6,vit_tiny,cifar10,1000.0,2,base.blocks.1,0.884827
10,1,6,vit_tiny,cifar10,1000.0,3,base.blocks.2,0.885243
10,1,6,vit_tiny,cifar10,1000.0,4,base.blocks.3,0.880388
10,1,6,vit_tiny,cifar10,1000.0,5,base.blocks.4,0.869018
10,1,6,vit_tiny,cifar10,1000.0,6,base.blocks.5,0.863064
10,1,6,vit_tiny,cifar10,1000.0,7,base.blocks.6,0.855157
10,1,6,vit_tiny,cifar10,1000.0,8,base.blocks.7,0.847238
10,1,6,vit_tiny,cifar10,1000.0,9,base.blocks.8,0.843882
10,1,6,vit_tiny,cifar10,1000.0,10,base.blocks.9,0.841686
10,1,6,vit_tiny,cifar10,1000.0,11,base.blocks.10,0.828380
10,1,6,vit_tiny,cifar10,1000.0,12,base.blocks.11,0.816403
10,1,6,vit_tiny,cifar10,1000.0,13,base.norm,0.844545
10,1,6,vit_tiny,cifar10,1000.0,14,classifier,0.532021
10,1,7,vit_tiny,cifar10,1000.0,0,base.patch_embed,0.922375
10,1,7,vit_tiny,cifar10,1000.0,1,base.blocks.0,0.893302
10,1,7,vit_tiny,cifar10,1000.0,2,base.blocks.1,0.882951
10,1,7,vit_tiny,cifar10,1000.0,3,base.blocks.2,0.880379
10,1,7,vit_tiny,cifar10,1000.0,4,base.blocks.3,0.879709
10,1,7,vit_tiny,cifar10,1000.0,5,base.blocks.4,0.874622
10,1,7,vit_tiny,cifar10,1000.0,6,base.blocks.5,0.874322
10,1,7,vit_tiny,cifar10,1000.0,7,base.blocks.6,0.866062
10,1,7,vit_tiny,cifar10,1000.0,8,base.blocks.7,0.860723
10,1,7,vit_tiny,cifar10,1000.0,9,base.blocks.8,0.857895
10,1,7,vit_tiny,cifar10,1000.0,10,base.blocks.9,0.858342
10,1,7,vit_tiny,cifar10,1000.0,11,base.blocks.10,0.850479
10,1,7,vit_tiny,cifar10,1000.0,12,base.blocks.11,0.842625
10,1,7,vit_tiny,cifar10,1000.0,13,base.norm,0.878816
10,1,7,vit_tiny,cifar10,1000.0,14,classifier,0.649424
10,1,8,vit_tiny,cifar10,1000.0,0,base.patch_embed,0.911144
10,1,8,vit_tiny,cifar10,1000.0,1,base.blocks.0,0.903906
10,1,8,vit_tiny,cifar10,1000.0,2,base.blocks.1,0.904710
10,1,8,vit_tiny,cifar10,1000.0,3,base.blocks.2,0.911246
10,1,8,vit_tiny,cifar10,1000.0,4,base.blocks.3,0.911230
10,1,8,vit_tiny,cifar10,1000.0,5,base.blocks.4,0.904200
10,1,8,vit_tiny,cifar10,1000.0,6,base.blocks.5,0.899856
10,1,8,vit_tiny,cifar10,1000.0,7,base.blocks.6,0.893246
10,1,8,vit_tiny,cifar10,1000.0,8,base.blocks.7,0.884658
10,1,8,vit_tiny,cifar10,1000.0,9,base.blocks.8,0.873363
10,1,8,vit_tiny,cifar10,1000.0,10,base.blocks.9,0.870033
10,1,8,vit_tiny,cifar10,1000.0,11,base.blocks.10,0.853024
10,1,8,vit_tiny,cifar10,1000.0,12,base.blocks.11,0.834788
10,1,8,vit_tiny,cifar10,1000.0,13,base.norm,0.862136
10,1,8,vit_tiny,cifar10,1000.0,14,classifier,0.745916
10,1,9,vit_tiny,cifar10,1000.0,0,base.patch_embed,0.925043
10,1,9,vit_tiny,cifar10,1000.0,1,base.blocks.0,0.907172
10,1,9,vit_tiny,cifar10,1000.0,2,base.blocks.1,0.891089
10,1,9,vit_tiny,cifar10,1000.0,3,base.blocks.2,0.886519
10,1,9,vit_tiny,cifar10,1000.0,4,base.blocks.3,0.878870
10,1,9,vit_tiny,cifar10,1000.0,5,base.blocks.4,0.867404
10,1,9,vit_tiny,cifar10,1000.0,6,base.blocks.5,0.858047
10,1,9,vit_tiny,cifar10,1000.0,7,base.blocks.6,0.855173
10,1,9,vit_tiny,cifar10,1000.0,8,base.blocks.7,0.849273
10,1,9,vit_tiny,cifar10,1000.0,9,base.blocks.8,0.843105
10,1,9,vit_tiny,cifar10,1000.0,10,base.blocks.9,0.842092
10,1,9,vit_tiny,cifar10,1000.0,11,base.blocks.10,0.830778
10,1,9,vit_tiny,cifar10,1000.0,12,base.blocks.11,0.818962
10,1,9,vit_tiny,cifar10,1000.0,13,base.norm,0.838835
10,1,9,vit_tiny,cifar10,1000.0,14,classifier,0.741252
10,2,3,vit_tiny,cifar10,1000.0,0,base.patch_embed,0.921175
10,2,3,vit_tiny,cifar10,1000.0,1,base.blocks.0,0.922864
10,2,3,vit_tiny,cifar10,1000.0,2,base.blocks.1,0.925867
10,2,3,vit_tiny,cifar10,1000.0,3,base.blocks.2,0.934529
10,2,3,vit_tiny,cifar10,1000.0,4,base.blocks.3,0.940743
10,2,3,vit_tiny,cifar10,1000.0,5,base.blocks.4,0.945415
10,2,3,vit_tiny,cifar10,1000.0,6,base.blocks.5,0.950149
10,2,3,vit_tiny,cifar10,1000.0,7,base.blocks.6,0.953199
10,2,3,vit_tiny,cifar10,1000.0,8,base.blocks.7,0.956646
10,2,3,vit_tiny,cifar10,1000.0,9,base.blocks.8,0.958827
10,2,3,vit_tiny,cifar10,1000.0,10,base.blocks.9,0.961166
10,2,3,vit_tiny,cifar10,1000.0,11,base.blocks.10,0.961361
10,2,3,vit_tiny,cifar10,1000.0,12,base.blocks.11,0.960469
10,2,3,vit_tiny,cifar10,1000.0,13,base.norm,0.972432
10,2,3,vit_tiny,cifar10,1000.0,14,classifier,0.687013
10,2,4,vit_tiny,cifar10,1000.0,0,base.patch_embed,0.966580
10,2,4,vit_tiny,cifar10,1000.0,1,base.blocks.0,0.977634
10,2,4,vit_tiny,cifar10,1000.0,2,base.blocks.1,0.979151
10,2,4,vit_tiny,cifar10,1000.0,3,base.blocks.2,0.978894
10,2,4,vit_tiny,cifar10,1000.0,4,base.blocks.3,0.979077
10,2,4,vit_tiny,cifar10,1000.0,5,base.blocks.4,0.978579
10,2,4,vit_tiny,cifar10,1000.0,6,base.blocks.5,0.978364
10,2,4,vit_tiny,cifar10,1000.0,7,base.blocks.6,0.977855
10,2,4,vit_tiny,cifar10,1000.0,8,base.blocks.7,0.974475
10,2,4,vit_tiny,cifar10,1000.0,9,base.blocks.8,0.971425
10,2,4,vit_tiny,cifar10,1000.0,10,base.blocks.9,0.969912
10,2,4,vit_tiny,cifar10,1000.0,11,base.blocks.10,0.964211
10,2,4,vit_tiny,cifar10,1000.0,12,base.blocks.11,0.959457
10,2,4,vit_tiny,cifar10,1000.0,13,base.norm,0.946407
10,2,4,vit_tiny,cifar10,1000.0,14,classifier,0.789308
10,2,5,vit_tiny,cifar10,1000.0,0,base.patch_embed,0.966153
10,2,5,vit_tiny,cifar10,1000.0,1,base.blocks.0,0.981214
10,2,5,vit_tiny,cifar10,1000.0,2,base.blocks.1,0.983477
10,2,5,vit_tiny,cifar10,1000.0,3,base.blocks.2,0.983496
10,2,5,vit_tiny,cifar10,1000.0,4,base.blocks.3,0.981903
10,2,5,vit_tiny,cifar10,1000.0,5,base.blocks.4,0.977166
10,2,5,vit_tiny,cifar10,1000.0,6,base.blocks.5,0.972688
10,2,5,vit_tiny,cifar10,1000.0,7,base.blocks.6,0.968099
10,2,5,vit_tiny,cifar10,1000.0,8,base.blocks.7,0.961959
10,2,5,vit_tiny,cifar10,1000.0,9,base.blocks.8,0.956623
10,2,5,vit_tiny,cifar10,1000.0,10,base.blocks.9,0.952956
10,2,5,vit_tiny,cifar10,1000.0,11,base.blocks.10,0.944185
10,2,5,vit_tiny,cifar10,1000.0,12,base.blocks.11,0.935131
10,2,5,vit_tiny,cifar10,1000.0,13,base.norm,0.940651
10,2,5,vit_tiny,cifar10,1000.0,14,classifier,0.742731
10,2,6,vit_tiny,cifar10,1000.0,0,base.patch_embed,0.980222
10,2,6,vit_tiny,cifar10,1000.0,1,base.blocks.0,0.970685
10,2,6,vit_tiny,cifar10,1000.0,2,base.blocks.1,0.968903
10,2,6,vit_tiny,cifar10,1000.0,3,base.blocks.2,0.968277
10,2,6,vit_tiny,cifar10,1000.0,4,base.blocks.3,0.972452
10,2,6,vit_tiny,cifar10,1000.0,5,base.blocks.4,0.975090
10,2,6,vit_tiny,cifar10,1000.0,6,base.blocks.5,0.977871
10,2,6,vit_tiny,cifar10,1000.0,7,base.blocks.6,0.979046
10,2,6,vit_tiny,cifar10,1000.0,8,base.blocks.7,0.980855
10,2,6,vit_tiny,cifar10,1000.0,9,base.blocks.8,0.980995
10,2,6,vit_tiny,cifar10,1000.0,10,base.blocks.9,0.981805
10,2,6,vit_tiny,cifar10,1000.0,11,base.blocks.10,0.981471
10,2,6,vit_tiny,cifar10,1000.0,12,base.blocks.11,0.981145
10,2,6,vit_tiny,cifar10,1000.0,13,base.norm,0.965060
10,2,6,vit_tiny,cifar10,1000.0,14,classifier,0.550203
10,2,7,vit_tiny,cifar10,1000.0,0,base.patch_embed,0.922369
10,2,7,vit_tiny,cifar10,1000.0,1,base.blocks.0,0.936937
10,2,7,vit_tiny,cifar10,1000.0,2,base.blocks.1,0.938226
10,2,7,vit_tiny,cifar10,1000.0,3,base.blocks.2,0.942842
10,2,7,vit_tiny,cifar10,1000.0,4,base.blocks.3,0.951408
10,2,7,vit_tiny,cifar10,1000.0,5,base.blocks.4,0.956171
10,2,7,vit_tiny,cifar10,1000.0,6,base.blocks.5,0.962804
10,2,7,vit_tiny,cifar10,1000.0,7,base.blocks.6,0.967589
10,2,7,vit_tiny,cifar10,1000.0,8,base.blocks.7,0.970996
10,2,7,vit_tiny,cifar10,1000.0,9,base.blocks.8,0.973035
10,2,7,vit_tiny,cifar10,1000.0,10,base.blocks.9,0.975010
10,2,7,vit_tiny,cifar10,1000.0,11,base.blocks.10,0.975247
10,2,7,vit_tiny,cifar10,1000.0,12,base.blocks.11,0.975181
10,2,7,vit_tiny,cifar10,1000.0,13,base.norm,0.965422
10,2,7,vit_tiny,cifar10,1000.0,14,classifier,0.754977
10,2,8,vit_tiny,cifar10,1000.0,0,base.patch_embed,0.969579
10,2,8,vit_tiny,cifar10,1000.0,1,base.blocks.0,0.962960
10,2,8,vit_tiny,cifar10,1000.0,2,base.blocks.1,0.956084
10,2,8,vit_tiny,cifar10,1000.0,3,base.blocks.2,0.951309
10,2,8,vit_tiny,cifar10,1000.0,4,base.blocks.3,0.940656
10,2,8,vit_tiny,cifar10,1000.0,5,base.blocks.4,0.930843
10,2,8,vit_tiny,cifar10,1000.0,6,base.blocks.5,0.923108
10,2,8,vit_tiny,cifar10,1000.0,7,base.blocks.6,0.917841
10,2,8,vit_tiny,cifar10,1000.0,8,base.blocks.7,0.910291
10,2,8,vit_tiny,cifar10,1000.0,9,base.blocks.8,0.905568
10,2,8,vit_tiny,cifar10,1000.0,10,base.blocks.9,0.900003
10,2,8,vit_tiny,cifar10,1000.0,11,base.blocks.10,0.891056
10,2,8,vit_tiny,cifar10,1000.0,12,base.blocks.11,0.883757
10,2,8,vit_tiny,cifar10,1000.0,13,base.norm,0.890821
10,2,8,vit_tiny,cifar10,1000.0,14,classifier,0.699258
10,2,9,vit_tiny,cifar10,1000.0,0,base.patch_embed,0.964693
10,2,9,vit_tiny,cifar10,1000.0,1,base.blocks.0,0.955565
10,2,9,vit_tiny,cifar10,1000.0,2,base.blocks.1,0.951347
10,2,9,vit_tiny,cifar10,1000.0,3,base.blocks.2,0.948496
10,2,9,vit_tiny,cifar10,1000.0,4,base.blocks.3,0.942802
10,2,9,vit_tiny,cifar10,1000.0,5,base.blocks.4,0.937611
10,2,9,vit_tiny,cifar10,1000.0,6,base.blocks.5,0.935968
10,2,9,vit_tiny,cifar10,1000.0,7,base.blocks.6,0.933391
10,2,9,vit_tiny,cifar10,1000.0,8,base.blocks.7,0.928795
10,2,9,vit_tiny,cifar10,1000.0,9,base.blocks.8,0.924661
10,2,9,vit_tiny,cifar10,1000.0,10,base.blocks.9,0.920438
10,2,9,vit_tiny,cifar10,1000.0,11,base.blocks.10,0.910543
10,2,9,vit_tiny,cifar10,1000.0,12,base.blocks.11,0.904473
10,2,9,vit_tiny,cifar10,1000.0,13,base.norm,0.908354
10,2,9,vit_tiny,cifar10,1000.0,14,classifier,0.743448
10,3,4,vit_tiny,cifar10,1000.0,0,base.patch_embed,0.979833
10,3,4,vit_tiny,cifar10,1000.0,1,base.blocks.0,0.967407
10,3,4,vit_tiny,cifar10,1000.0,2,base.blocks.1,0.963143
10,3,4,vit_tiny,cifar10,1000.0,3,base.blocks.2,0.966274
10,3,4,vit_tiny,cifar10,1000.0,4,base.blocks.3,0.965575
10,3,4,vit_tiny,cifar10,1000.0,5,base.blocks.4,0.965952
10,3,4,vit_tiny,cifar10,1000.0,6,base.blocks.5,0.964182
10,3,4,vit_tiny,cifar10,1000.0,7,base.blocks.6,0.962448
10,3,4,vit_tiny,cifar10,1000.0,8,base.blocks.7,0.959674
10,3,4,vit_tiny,cifar10,1000.0,9,base.blocks.8,0.954463
10,3,4,vit_tiny,cifar10,1000.0,10,base.blocks.9,0.951095
10,3,4,vit_tiny,cifar10,1000.0,11,base.blocks.10,0.945339
10,3,4,vit_tiny,cifar10,1000.0,12,base.blocks.11,0.938407
10,3,4,vit_tiny,cifar10,1000.0,13,base.norm,0.945871
10,3,4,vit_tiny,cifar10,1000.0,14,classifier,0.799391
10,3,5,vit_tiny,cifar10,1000.0,0,base.patch_embed,0.982407
10,3,5,vit_tiny,cifar10,1000.0,1,base.blocks.0,0.969388
10,3,5,vit_tiny,cifar10,1000.0,2,base.blocks.1,0.966257
10,3,5,vit_tiny,cifar10,1000.0,3,base.blocks.2,0.966504
10,3,5,vit_tiny,cifar10,1000.0,4,base.blocks.3,0.966560
10,3,5,vit_tiny,cifar10,1000.0,5,base.blocks.4,0.967940
10,3,5,vit_tiny,cifar10,1000.0,6,base.blocks.5,0.965602
10,3,5,vit_tiny,cifar10,1000.0,7,base.blocks.6,0.961250
10,3,5,vit_tiny,cifar10,1000.0,8,base.blocks.7,0.956089
10,3,5,vit_tiny,cifar10,1000.0,9,base.blocks.8,0.950495
10,3,5,vit_tiny,cifar10,1000.0,10,base.blocks.9,0.947688
10,3,5,vit_tiny,cifar10,1000.0,11,base.blocks.10,0.942159
10,3,5,vit_tiny,cifar10,1000.0,12,base.blocks.11,0.935740
10,3,5,vit_tiny,cifar10,1000.0,13,base.norm,0.948877
10,3,5,vit_tiny,cifar10,1000.0,14,classifier,0.776688
10,3,6,vit_tiny,cifar10,1000.0,0,base.patch_embed,0.963766
10,3,6,vit_tiny,cifar10,1000.0,1,base.blocks.0,0.960396
10,3,6,vit_tiny,cifar10,1000.0,2,base.blocks.1,0.965091
10,3,6,vit_tiny,cifar10,1000.0,3,base.blocks.2,0.970970
10,3,6,vit_tiny,cifar10,1000.0,4,base.blocks.3,0.973042
10,3,6,vit_tiny,cifar10,1000.0,5,base.blocks.4,0.973189
10,3,6,vit_tiny,cifar10,1000.0,6,base.blocks.5,0.973570
10,3,6,vit_tiny,cifar10,1000.0,7,base.blocks.6,0.973445
10,3,6,vit_tiny,cifar10,1000.0,8,base.blocks.7,0.972939
10,3,6,vit_tiny,cifar10,1000.0,9,base.blocks.8,0.971502
10,3,6,vit_tiny,cifar10,1000.0,10,base.blocks.9,0.969877
10,3,6,vit_tiny,cifar10,1000.0,11,base.blocks.10,0.966648
10,3,6,vit_tiny,cifar10,1000.0,12,base.blocks.11,0.962958
10,3,6,vit_tiny,cifar10,1000.0,13,base.norm,0.961989
10,3,6,vit_tiny,cifar10,1000.0,14,classifier,0.790272
10,3,7,vit_tiny,cifar10,1000.0,0,base.patch_embed,0.958918
10,3,7,vit_tiny,cifar10,1000.0,1,base.blocks.0,0.958099
10,3,7,vit_tiny,cifar10,1000.0,2,base.blocks.1,0.959184
10,3,7,vit_tiny,cifar10,1000.0,3,base.blocks.2,0.964093
10,3,7,vit_tiny,cifar10,1000.0,4,base.blocks.3,0.969695
10,3,7,vit_tiny,cifar10,1000.0,5,base.blocks.4,0.973649
10,3,7,vit_tiny,cifar10,1000.0,6,base.blocks.5,0.978142
10,3,7,vit_tiny,cifar10,1000.0,7,base.blocks.6,0.979841
10,3,7,vit_tiny,cifar10,1000.0,8,base.blocks.7,0.980917
10,3,7,vit_tiny,cifar10,1000.0,9,base.blocks.8,0.980434
10,3,7,vit_tiny,cifar10,1000.0,10,base.blocks.9,0.980076
10,3,7,vit_tiny,cifar10,1000.0,11,base.blocks.10,0.978256
10,3,7,vit_tiny,cifar10,1000.0,12,base.blocks.11,0.976247
10,3,7,vit_tiny,cifar10,1000.0,13,base.norm,0.974081
10,3,7,vit_tiny,cifar10,1000.0,14,classifier,0.822482
10,3,8,vit_tiny,cifar10,1000.0,0,base.patch_embed,0.957591
10,3,8,vit_tiny,cifar10,1000.0,1,base.blocks.0,0.957646
10,3,8,vit_tiny,cifar10,1000.0,2,base.blocks.1,0.956604
10,3,8,vit_tiny,cifar10,1000.0,3,base.blocks.2,0.957448
10,3,8,vit_tiny,cifar10,1000.0,4,base.blocks.3,0.956332
10,3,8,vit_tiny,cifar10,1000.0,5,base.blocks.4,0.953570
10,3,8,vit_tiny,cifar10,1000.0,6,base.blocks.5,0.947544
10,3,8,vit_tiny,cifar10,1000.0,7,base.blocks.6,0.941248
10,3,8,vit_tiny,cifar10,1000.0,8,base.blocks.7,0.933928
10,3,8,vit_tiny,cifar10,1000.0,9,base.blocks.8,0.926481
10,3,8,vit_tiny,cifar10,1000.0,10,base.blocks.9,0.919207
10,3,8,vit_tiny,cifar10,1000.0,11,base.blocks.10,0.912616
10,3,8,vit_tiny,cifar10,1000.0,12,base.blocks.11,0.905461
10,3,8,vit_tiny,cifar10,1000.0,13,base.norm,0.910472
10,3,8,vit_tiny,cifar10,1000.0,14,classifier,0.926223
10,3,9,vit_tiny,cifar10,1000.0,0,base.patch_embed,0.976277
10,3,9,vit_tiny,cifar10,1000.0,1,base.blocks.0,0.971825
10,3,9,vit_tiny,cifar10,1000.0,2,base.blocks.1,0.961592
10,3,9,vit_tiny,cifar10,1000.0,3,base.blocks.2,0.953924
10,3,9,vit_tiny,cifar10,1000.0,4,base.blocks.3,0.950214
10,3,9,vit_tiny,cifar10,1000.0,5,base.blocks.4,0.948010
10,3,9,vit_tiny,cifar10,1000.0,6,base.blocks.5,0.942537
10,3,9,vit_tiny,cifar10,1000.0,7,base.blocks.6,0.938793
10,3,9,vit_tiny,cifar10,1000.0,8,base.blocks.7,0.934555
10,3,9,vit_tiny,cifar10,1000.0,9,base.blocks.8,0.928975
10,3,9,vit_tiny,cifar10,1000.0,10,base.blocks.9,0.923071
10,3,9,vit_tiny,cifar10,1000.0,11,base.blocks.10,0.916559
10,3,9,vit_tiny,cifar10,1000.0,12,base.blocks.11,0.910201
10,3,9,vit_tiny,cifar10,1000.0,13,base.norm,0.923765
10,3,9,vit_tiny,cifar10,1000.0,14,classifier,0.814826
10,4,5,vit_tiny,cifar10,1000.0,0,base.patch_embed,0.990871
10,4,5,vit_tiny,cifar10,1000.0,1,base.blocks.0,0.979869
10,4,5,vit_tiny,cifar10,1000.0,2,base.blocks.1,0.978009
10,4,5,vit_tiny,cifar10,1000.0,3,base.blocks.2,0.977854
10,4,5,vit_tiny,cifar10,1000.0,4,base.blocks.3,0.976771
10,4,5,vit_tiny,cifar10,1000.0,5,base.blocks.4,0.973833
10,4,5,vit_tiny,cifar10,1000.0,6,base.blocks.5,0.972033
10,4,5,vit_tiny,cifar10,1000.0,7,base.blocks.6,0.971484
10,4,5,vit_tiny,cifar10,1000.0,8,base.blocks.7,0.968382
10,4,5,vit_tiny,cifar10,1000.0,9,base.blocks.8,0.965339
10,4,5,vit_tiny,cifar10,1000.0,10,base.blocks.9,0.961941
10,4,5,vit_tiny,cifar10,1000.0,11,base.blocks.10,0.954891
10,4,5,vit_tiny,cifar10,1000.0,12,base.blocks.11,0.946871
10,4,5,vit_tiny,cifar10,1000.0,13,base.norm,0.933592
10,4,5,vit_tiny,cifar10,1000.0,14,classifier,0.768058
10,4,6,vit_tiny,cifar10,1000.0,0,base.patch_embed,0.982104
10,4,6,vit_tiny,cifar10,1000.0,1,base.blocks.0,0.982479
10,4,6,vit_tiny,cifar10,1000.0,2,base.blocks.1,0.979481
10,4,6,vit_tiny,cifar10,1000.0,3,base.blocks.2,0.977639
10,4,6,vit_tiny,cifar10,1000.0,4,base.blocks.3,0.976872
10,4,6,vit_tiny,cifar10,1000.0,5,base.blocks.4,0.976812
10,4,6,vit_tiny,cifar10,1000.0,6,base.blocks.5,0.974915
10,4,6,vit_tiny,cifar10,1000.0,7,base.blocks.6,0.973029
10,4,6,vit_tiny,cifar10,1000.0,8,base.blocks.7,0.970619
10,4,6,vit_tiny,cifar10,1000.0,9,base.blocks.8,0.967515
10,4,6,vit_tiny,cifar10,1000.0,10,base.blocks.9,0.967244
10,4,6,vit_tiny,cifar10,1000.0,11,base.blocks.10,0.964288
10,4,6,vit_tiny,cifar10,1000.0,12,base.blocks.11,0.963199
10,4,6,vit_tiny,cifar10,1000.0,13,base.norm,0.963810
10,4,6,vit_tiny,cifar10,1000.0,14,classifier,0.763073
10,4,7,vit_tiny,cifar10,1000.0,0,base.patch_embed,0.951391
10,4,7,vit_tiny,cifar10,1000.0,1,base.blocks.0,0.962189
10,4,7,vit_tiny,cifar10,1000.0,2,base.blocks.1,0.956700
10,4,7,vit_tiny,cifar10,1000.0,3,base.blocks.2,0.955395
10,4,7,vit_tiny,cifar10,1000.0,4,base.blocks.3,0.955933
10,4,7,vit_tiny,cifar10,1000.0,5,base.blocks.4,0.957099
10,4,7,vit_tiny,cifar10,1000.0,6,base.blocks.5,0.959649
10,4,7,vit_tiny,cifar10,1000.0,7,base.blocks.6,0.960666
10,4,7,vit_tiny,cifar10,1000.0,8,base.blocks.7,0.960616
10,4,7,vit_tiny,cifar10,1000.0,9,base.blocks.8,0.960315
10,4,7,vit_tiny,cifar10,1000.0,10,base.blocks.9,0.960886
10,4,7,vit_tiny,cifar10,1000.0,11,base.blocks.10,0.958972
10,4,7,vit_tiny,cifar10,1000.0,12,base.blocks.11,0.958880
10,4,7,vit_tiny,cifar10,1000.0,13,base.norm,0.954938
10,4,7,vit_tiny,cifar10,1000.0,14,classifier,0.778436
10,4,8,vit_tiny,cifar10,1000.0,0,base.patch_embed,0.975955
10,4,8,vit_tiny,cifar10,1000.0,1,base.blocks.0,0.955201
10,4,8,vit_tiny,cifar10,1000.0,2,base.blocks.1,0.947546
10,4,8,vit_tiny,cifar10,1000.0,3,base.blocks.2,0.945658
10,4,8,vit_tiny,cifar10,1000.0,4,base.blocks.3,0.941279
10,4,8,vit_tiny,cifar10,1000.0,5,base.blocks.4,0.937158
10,4,8,vit_tiny,cifar10,1000.0,6,base.blocks.5,0.935343
10,4,8,vit_tiny,cifar10,1000.0,7,base.blocks.6,0.932223
10,4,8,vit_tiny,cifar10,1000.0,8,base.blocks.7,0.929439
10,4,8,vit_tiny,cifar10,1000.0,9,base.blocks.8,0.925678
10,4,8,vit_tiny,cifar10,1000.0,10,base.blocks.9,0.918645
10,4,8,vit_tiny,cifar10,1000.0,11,base.blocks.10,0.911891
10,4,8,vit_tiny,cifar10,1000.0,12,base.blocks.11,0.905277
10,4,8,vit_tiny,cifar10,1000.0,13,base.norm,0.894641
10,4,8,vit_tiny,cifar10,1000.0,14,classifier,0.859167
10,4,9,vit_tiny,cifar10,1000.0,0,base.patch_embed,0.975903
10,4,9,vit_tiny,cifar10,1000.0,1,base.blocks.0,0.972263
10,4,9,vit_tiny,cifar10,1000.0,2,base.blocks.1,0.968814
10,4,9,vit_tiny,cifar10,1000.0,3,base.blocks.2,0.967186
10,4,9,vit_tiny,cifar10,1000.0,4,base.blocks.3,0.967917
10,4,9,vit_tiny,cifar10,1000.0,5,base.blocks.4,0.966896
10,4,9,vit_tiny,cifar10,1000.0,6,base.blocks.5,0.968813
10,4,9,vit_tiny,cifar10,1000.0,7,base.blocks.6,0.967860
10,4,9,vit_tiny,cifar10,1000.0,8,base.blocks.7,0.968804
10,4,9,vit_tiny,cifar10,1000.0,9,base.blocks.8,0.968206
10,4,9,vit_tiny,cifar10,1000.0,10,base.blocks.9,0.964886
10,4,9,vit_tiny,cifar10,1000.0,11,base.blocks.10,0.961639
10,4,9,vit_tiny,cifar10,1000.0,12,base.blocks.11,0.959311
10,4,9,vit_tiny,cifar10,1000.0,13,base.norm,0.951921
10,4,9,vit_tiny,cifar10,1000.0,14,classifier,0.879051
10,5,6,vit_tiny,cifar10,1000.0,0,base.patch_embed,0.974481
10,5,6,vit_tiny,cifar10,1000.0,1,base.blocks.0,0.967982
10,5,6,vit_tiny,cifar10,1000.0,2,base.blocks.1,0.965464
10,5,6,vit_tiny,cifar10,1000.0,3,base.blocks.2,0.961702
10,5,6,vit_tiny,cifar10,1000.0,4,base.blocks.3,0.961458
10,5,6,vit_tiny,cifar10,1000.0,5,base.blocks.4,0.959233
10,5,6,vit_tiny,cifar10,1000.0,6,base.blocks.5,0.955661
10,5,6,vit_tiny,cifar10,1000.0,7,base.blocks.6,0.951377
10,5,6,vit_tiny,cifar10,1000.0,8,base.blocks.7,0.946732
10,5,6,vit_tiny,cifar10,1000.0,9,base.blocks.8,0.941112
10,5,6,vit_tiny,cifar10,1000.0,10,base.blocks.9,0.937775
10,5,6,vit_tiny,cifar10,1000.0,11,base.blocks.10,0.929207
10,5,6,vit_tiny,cifar10,1000.0,12,base.blocks.11,0.921661
10,5,6,vit_tiny,cifar10,1000.0,13,base.norm,0.912452
10,5,6,vit_tiny,cifar10,1000.0,14,classifier,0.626187
10,5,7,vit_tiny,cifar10,1000.0,0,base.patch_embed,0.933518
10,5,7,vit_tiny,cifar10,1000.0,1,base.blocks.0,0.942647
10,5,7,vit_tiny,cifar10,1000.0,2,base.blocks.1,0.941595
10,5,7,vit_tiny,cifar10,1000.0,3,base.blocks.2,0.942163
10,5,7,vit_tiny,cifar10,1000.0,4,base.blocks.3,0.946443
10,5,7,vit_tiny,cifar10,1000.0,5,base.blocks.4,0.948955
10,5,7,vit_tiny,cifar10,1000.0,6,base.blocks.5,0.951826
10,5,7,vit_tiny,cifar10,1000.0,7,base.blocks.6,0.951572
10,5,7,vit_tiny,cifar10,1000.0,8,base.blocks.7,0.950886
10,5,7,vit_tiny,cifar10,1000.0,9,base.blocks.8,0.948961
10,5,7,vit_tiny,cifar10,1000.0,10,base.blocks.9,0.948630
10,5,7,vit_tiny,cifar10,1000.0,11,base.blocks.10,0.945044
10,5,7,vit_tiny,cifar10,1000.0,12,base.blocks.11,0.942316
10,5,7,vit_tiny,cifar10,1000.0,13,base.norm,0.946537
10,5,7,vit_tiny,cifar10,1000.0,14,classifier,0.745444
10,5,8,vit_tiny,cifar10,1000.0,0,base.patch_embed,0.993150
10,5,8,vit_tiny,cifar10,1000.0,1,base.blocks.0,0.991433
10,5,8,vit_tiny,cifar10,1000.0,2,base.blocks.1,0.986682
10,5,8,vit_tiny,cifar10,1000.0,3,base.blocks.2,0.982717
10,5,8,vit_tiny,cifar10,1000.0,4,base.blocks.3,0.976704
10,5,8,vit_tiny,cifar10,1000.0,5,base.blocks.4,0.971015
10,5,8,vit_tiny,cifar10,1000.0,6,base.blocks.5,0.964944
10,5,8,vit_tiny,cifar10,1000.0,7,base.blocks.6,0.956778
10,5,8,vit_tiny,cifar10,1000.0,8,base.blocks.7,0.948303
10,5,8,vit_tiny,cifar10,1000.0,9,base.blocks.8,0.941567
10,5,8,vit_tiny,cifar10,1000.0,10,base.blocks.9,0.936742
10,5,8,vit_tiny,cifar10,1000.0,11,base.blocks.10,0.927051
10,5,8,vit_tiny,cifar10,1000.0,12,base.blocks.11,0.918501
10,5,8,vit_tiny,cifar10,1000.0,13,base.norm,0.925342
10,5,8,vit_tiny,cifar10,1000.0,14,classifier,0.798614
10,5,9,vit_tiny,cifar10,1000.0,0,base.patch_embed,0.978590
10,5,9,vit_tiny,cifar10,1000.0,1,base.blocks.0,0.981831
10,5,9,vit_tiny,cifar10,1000.0,2,base.blocks.1,0.978269
10,5,9,vit_tiny,cifar10,1000.0,3,base.blocks.2,0.977482
10,5,9,vit_tiny,cifar10,1000.0,4,base.blocks.3,0.973341
10,5,9,vit_tiny,cifar10,1000.0,5,base.blocks.4,0.970223
10,5,9,vit_tiny,cifar10,1000.0,6,base.blocks.5,0.967328
10,5,9,vit_tiny,cifar10,1000.0,7,base.blocks.6,0.966125
10,5,9,vit_tiny,cifar10,1000.0,8,base.blocks.7,0.962226
10,5,9,vit_tiny,cifar10,1000.0,9,base.blocks.8,0.957985
10,5,9,vit_tiny,cifar10,1000.0,10,base.blocks.9,0.955151
10,5,9,vit_tiny,cifar10,1000.0,11,base.blocks.10,0.946518
10,5,9,vit_tiny,cifar10,1000.0,12,base.blocks.11,0.939641
10,5,9,vit_tiny,cifar10,1000.0,13,base.norm,0.932568
10,5,9,vit_tiny,cifar10,1000.0,14,classifier,0.789914
10,6,7,vit_tiny,cifar10,1000.0,0,base.patch_embed,0.978420
10,6,7,vit_tiny,cifar10,1000.0,1,base.blocks.0,0.989969
10,6,7,vit_tiny,cifar10,1000.0,2,base.blocks.1,0.989983
10,6,7,vit_tiny,cifar10,1000.0,3,base.blocks.2,0.990207
10,6,7,vit_tiny,cifar10,1000.0,4,base.blocks.3,0.990215
10,6,7,vit_tiny,cifar10,1000.0,5,base.blocks.4,0.989916
10,6,7,vit_tiny,cifar10,1000.0,6,base.blocks.5,0.989782
10,6,7,vit_tiny,cifar10,1000.0,7,base.blocks.6,0.989604
10,6,7,vit_tiny,cifar10,1000.0,8,base.blocks.7,0.988859
10,6,7,vit_tiny,cifar10,1000.0,9,base.blocks.8,0.987969
10,6,7,vit_tiny,cifar10,1000.0,10,base.blocks.9,0.987175
10,6,7,vit_tiny,cifar10,1000.0,11,base.blocks.10,0.985563
10,6,7,vit_tiny,cifar10,1000.0,12,base.blocks.11,0.984081
10,6,7,vit_tiny,cifar10,1000.0,13,base.norm,0.977185
10,6,7,vit_tiny,cifar10,1000.0,14,classifier,0.783269
10,6,8,vit_tiny,cifar10,1000.0,0,base.patch_embed,0.957496
10,6,8,vit_tiny,cifar10,1000.0,1,base.blocks.0,0.939788
10,6,8,vit_tiny,cifar10,1000.0,2,base.blocks.1,0.932025
10,6,8,vit_tiny,cifar10,1000.0,3,base.blocks.2,0.927395
10,6,8,vit_tiny,cifar10,1000.0,4,base.blocks.3,0.922572
10,6,8,vit_tiny,cifar10,1000.0,5,base.blocks.4,0.915837
10,6,8,vit_tiny,cifar10,1000.0,6,base.blocks.5,0.911239
10,6,8,vit_tiny,cifar10,1000.0,7,base.blocks.6,0.908293
10,6,8,vit_tiny,cifar10,1000.0,8,base.blocks.7,0.903574
10,6,8,vit_tiny,cifar10,1000.0,9,base.blocks.8,0.899201
10,6,8,vit_tiny,cifar10,1000.0,10,base.blocks.9,0.891924
10,6,8,vit_tiny,cifar10,1000.0,11,base.blocks.10,0.884290
10,6,8,vit_tiny,cifar10,1000.0,12,base.blocks.11,0.879097
10,6,8,vit_tiny,cifar10,1000.0,13,base.norm,0.863623
10,6,8,vit_tiny,cifar10,1000.0,14,classifier,0.834935
10,6,9,vit_tiny,cifar10,1000.0,0,base.patch_embed,0.985136
10,6,9,vit_tiny,cifar10,1000.0,1,base.blocks.0,0.944126
10,6,9,vit_tiny,cifar10,1000.0,2,base.blocks.1,0.933585
10,6,9,vit_tiny,cifar10,1000.0,3,base.blocks.2,0.926163
10,6,9,vit_tiny,cifar10,1000.0,4,base.blocks.3,0.924676
10,6,9,vit_tiny,cifar10,1000.0,5,base.blocks.4,0.922242
10,6,9,vit_tiny,cifar10,1000.0,6,base.blocks.5,0.921639
10,6,9,vit_tiny,cifar10,1000.0,7,base.blocks.6,0.920422
10,6,9,vit_tiny,cifar10,1000.0,8,base.blocks.7,0.919654
10,6,9,vit_tiny,cifar10,1000.0,9,base.blocks.8,0.917081
10,6,9,vit_tiny,cifar10,1000.0,10,base.blocks.9,0.913397
10,6,9,vit_tiny,cifar10,1000.0,11,base.blocks.10,0.906736
10,6,9,vit_tiny,cifar10,1000.0,12,base.blocks.11,0.904485
10,6,9,vit_tiny,cifar10,1000.0,13,base.norm,0.900845
10,6,9,vit_tiny,cifar10,1000.0,14,classifier,0.775143
10,7,8,vit_tiny,cifar10,1000.0,0,base.patch_embed,0.894559
10,7,8,vit_tiny,cifar10,1000.0,1,base.blocks.0,0.906096
10,7,8,vit_tiny,cifar10,1000.0,2,base.blocks.1,0.901909
10,7,8,vit_tiny,cifar10,1000.0,3,base.blocks.2,0.902255
10,7,8,vit_tiny,cifar10,1000.0,4,base.blocks.3,0.904869
10,7,8,vit_tiny,cifar10,1000.0,5,base.blocks.4,0.904533
10,7,8,vit_tiny,cifar10,1000.0,6,base.blocks.5,0.908715
10,7,8,vit_tiny,cifar10,1000.0,7,base.blocks.6,0.910074
10,7,8,vit_tiny,cifar10,1000.0,8,base.blocks.7,0.909181
10,7,8,vit_tiny,cifar10,1000.0,9,base.blocks.8,0.908711
10,7,8,vit_tiny,cifar10,1000.0,10,base.blocks.9,0.906635
10,7,8,vit_tiny,cifar10,1000.0,11,base.blocks.10,0.903902
10,7,8,vit_tiny,cifar10,1000.0,12,base.blocks.11,0.901651
10,7,8,vit_tiny,cifar10,1000.0,13,base.norm,0.899007
10,7,8,vit_tiny,cifar10,1000.0,14,classifier,0.814354
10,7,9,vit_tiny,cifar10,1000.0,0,base.patch_embed,0.970718
10,7,9,vit_tiny,cifar10,1000.0,1,base.blocks.0,0.927699
10,7,9,vit_tiny,cifar10,1000.0,2,base.blocks.1,0.912107
10,7,9,vit_tiny,cifar10,1000.0,3,base.blocks.2,0.905175
10,7,9,vit_tiny,cifar10,1000.0,4,base.blocks.3,0.906339
10,7,9,vit_tiny,cifar10,1000.0,5,base.blocks.4,0.907329
10,7,9,vit_tiny,cifar10,1000.0,6,base.blocks.5,0.914556
10,7,9,vit_tiny,cifar10,1000.0,7,base.blocks.6,0.917581
10,7,9,vit_tiny,cifar10,1000.0,8,base.blocks.7,0.920595
10,7,9,vit_tiny,cifar10,1000.0,9,base.blocks.8,0.922440
10,7,9,vit_tiny,cifar10,1000.0,10,base.blocks.9,0.922552
10,7,9,vit_tiny,cifar10,1000.0,11,base.blocks.10,0.920037
10,7,9,vit_tiny,cifar10,1000.0,12,base.blocks.11,0.921262
10,7,9,vit_tiny,cifar10,1000.0,13,base.norm,0.919704
10,7,9,vit_tiny,cifar10,1000.0,14,classifier,0.803366
10,8,9,vit_tiny,cifar10,1000.0,0,base.patch_embed,0.960059
10,8,9,vit_tiny,cifar10,1000.0,1,base.blocks.0,0.972905
10,8,9,vit_tiny,cifar10,1000.0,2,base.blocks.1,0.974683
10,8,9,vit_tiny,cifar10,1000.0,3,base.blocks.2,0.975195
10,8,9,vit_tiny,cifar10,1000.0,4,base.blocks.3,0.973683
10,8,9,vit_tiny,cifar10,1000.0,5,base.blocks.4,0.973480
10,8,9,vit_tiny,cifar10,1000.0,6,base.blocks.5,0.971535
10,8,9,vit_tiny,cifar10,1000.0,7,base.blocks.6,0.970257
10,8,9,vit_tiny,cifar10,1000.0,8,base.blocks.7,0.967768
10,8,9,vit_tiny,cifar10,1000.0,9,base.blocks.8,0.965957
10,8,9,vit_tiny,cifar10,1000.0,10,base.blocks.9,0.964244
10,8,9,vit_tiny,cifar10,1000.0,11,base.blocks.10,0.961827
10,8,9,vit_tiny,cifar10,1000.0,12,base.blocks.11,0.959089
10,8,9,vit_tiny,cifar10,1000.0,13,base.norm,0.953245
10,8,9,vit_tiny,cifar10,1000.0,14,classifier,0.905374
20,0,1,vit_tiny,cifar10,1000.0,0,base.patch_embed,0.972212
20,0,1,vit_tiny,cifar10,1000.0,1,base.blocks.0,0.935228
20,0,1,vit_tiny,cifar10,1000.0,2,base.blocks.1,0.930830
20,0,1,vit_tiny,cifar10,1000.0,3,base.blocks.2,0.935984
20,0,1,vit_tiny,cifar10,1000.0,4,base.blocks.3,0.931826
20,0,1,vit_tiny,cifar10,1000.0,5,base.blocks.4,0.932586
20,0,1,vit_tiny,cifar10,1000.0,6,base.blocks.5,0.929760
20,0,1,vit_tiny,cifar10,1000.0,7,base.blocks.6,0.930090
20,0,1,vit_tiny,cifar10,1000.0,8,base.blocks.7,0.926462
20,0,1,vit_tiny,cifar10,1000.0,9,base.blocks.8,0.924270
20,0,1,vit_tiny,cifar10,1000.0,10,base.blocks.9,0.921870
20,0,1,vit_tiny,cifar10,1000.0,11,base.blocks.10,0.912309
20,0,1,vit_tiny,cifar10,1000.0,12,base.blocks.11,0.905325
20,0,1,vit_tiny,cifar10,1000.0,13,base.norm,0.914219
20,0,1,vit_tiny,cifar10,1000.0,14,classifier,0.756624
20,0,2,vit_tiny,cifar10,1000.0,0,base.patch_embed,0.987296
20,0,2,vit_tiny,cifar10,1000.0,1,base.blocks.0,0.974726
20,0,2,vit_tiny,cifar10,1000.0,2,base.blocks.1,0.972230
20,0,2,vit_tiny,cifar10,1000.0,3,base.blocks.2,0.974082
20,0,2,vit_tiny,cifar10,1000.0,4,base.blocks.3,0.974649
20,0,2,vit_tiny,cifar10,1000.0,5,base.blocks.4,0.974399
20,0,2,vit_tiny,cifar10,1000.0,6,base.blocks.5,0.975405
20,0,2,vit_tiny,cifar10,1000.0,7,base.blocks.6,0.975219
20,0,2,vit_tiny,cifar10,1000.0,8,base.blocks.7,0.975465
20,0,2,vit_tiny,cifar10,1000.0,9,base.blocks.8,0.975098
20,0,2,vit_tiny,cifar10,1000.0,10,base.blocks.9,0.973945
20,0,2,vit_tiny,cifar10,1000.0,11,base.blocks.10,0.971177
20,0,2,vit_tiny,cifar10,1000.0,12,base.blocks.11,0.967989
20,0,2,vit_tiny,cifar10,1000.0,13,base.norm,0.962270
20,0,2,vit_tiny,cifar10,1000.0,14,classifier,0.768303
20,0,3,vit_tiny,cifar10,1000.0,0,base.patch_embed,0.988092
20,0,3,vit_tiny,cifar10,1000.0,1,base.blocks.0,0.984251
20,0,3,vit_tiny,cifar10,1000.0,2,base.blocks.1,0.975628
20,0,3,vit_tiny,cifar10,1000.0,3,base.blocks.2,0.971698
20,0,3,vit_tiny,cifar10,1000.0,4,base.blocks.3,0.965369
20,0,3,vit_tiny,cifar10,1000.0,5,base.blocks.4,0.959637
20,0,3,vit_tiny,cifar10,1000.0,6,base.blocks.5,0.953498
20,0,3,vit_tiny,cifar10,1000.0,7,base.blocks.6,0.948413
20,0,3,vit_tiny,cifar10,1000.0,8,base.blocks.7,0.945625
20,0,3,vit_tiny,cifar10,1000.0,9,base.blocks.8,0.940963
20,0,3,vit_tiny,cifar10,1000.0,10,base.blocks.9,0.935581
20,0,3,vit_tiny,cifar10,1000.0,11,base.blocks.10,0.927681
20,0,3,vit_tiny,cifar10,1000.0,12,base.blocks.11,0.916378
20,0,3,vit_tiny,cifar10,1000.0,13,base.norm,0.917949
20,0,3,vit_tiny,cifar10,1000.0,14,classifier,0.763376
20,0,4,vit_tiny,cifar10,1000.0,0,base.patch_embed,0.990876
20,0,4,vit_tiny,cifar10,1000.0,1,base.blocks.0,0.970131
20,0,4,vit_tiny,cifar10,1000.0,2,base.blocks.1,0.961853
20,0,4,vit_tiny,cifar10,1000.0,3,base.blocks.2,0.962221
20,0,4,vit_tiny,cifar10,1000.0,4,base.blocks.3,0.962363
20,0,4,vit_tiny,cifar10,1000.0,5,base.blocks.4,0.965443
20,0,4,vit_tiny,cifar10,1000.0,6,base.blocks.5,0.970394
20,0,4,vit_tiny,cifar10,1000.0,7,base.blocks.6,0.972945
20,0,4,vit_tiny,cifar10,1000.0,8,base.blocks.7,0.972179
20,0,4,vit_tiny,cifar10,1000.0,9,base.blocks.8,0.972080
20,0,4,vit_tiny,cifar10,1000.0,10,base.blocks.9,0.971952
20,0,4,vit_tiny,cifar10,1000.0,11,base.blocks.10,0.968475
20,0,4,vit_tiny,cifar10,1000.0,12,base.blocks.11,0.966500
20,0,4,vit_tiny,cifar10,1000.0,13,base.norm,0.941858
20,0,4,vit_tiny,cifar10,1000.0,14,classifier,0.834987
20,0,5,vit_tiny,cifar10,1000.0,0,base.patch_embed,0.992720
20,0,5,vit_tiny,cifar10,1000.0,1,base.blocks.0,0.981764
20,0,5,vit_tiny,cifar10,1000.0,2,base.blocks.1,0.977245
20,0,5,vit_tiny,cifar10,1000.0,3,base.blocks.2,0.979453
20,0,5,vit_tiny,cifar10,1000.0,4,base.blocks.3,0.977579
20,0,5,vit_tiny,cifar10,1000.0,5,base.blocks.4,0.978273
20,0,5,vit_tiny,cifar10,1000.0,6,base.blocks.5,0.978773
20,0,5,vit_tiny,cifar10,1000.0,7,base.blocks.6,0.979470
20,0,5,vit_tiny,cifar10,1000.0,8,base.blocks.7,0.977442
20,0,5,vit_tiny,cifar10,1000.0,9,base.blocks.8,0.976658
20,0,5,vit_tiny,cifar10,1000.0,10,base.blocks.9,0.974497
20,0,5,vit_tiny,cifar10,1000.0,11,base.blocks.10,0.968957
20,0,5,vit_tiny,cifar10,1000.0,12,base.blocks.11,0.960853
20,0,5,vit_tiny,cifar10,1000.0,13,base.norm,0.953837
20,0,5,vit_tiny,cifar10,1000.0,14,classifier,0.789864
20,0,6,vit_tiny,cifar10,1000.0,0,base.patch_embed,0.986100
20,0,6,vit_tiny,cifar10,1000.0,1,base.blocks.0,0.983596
20,0,6,vit_tiny,cifar10,1000.0,2,base.blocks.1,0.981068
20,0,6,vit_tiny,cifar10,1000.0,3,base.blocks.2,0.981843
20,0,6,vit_tiny,cifar10,1000.0,4,base.blocks.3,0.980643
20,0,6,vit_tiny,cifar10,1000.0,5,base.blocks.4,0.980661
20,0,6,vit_tiny,cifar10,1000.0,6,base.blocks.5,0.979475
20,0,6,vit_tiny,cifar10,1000.0,7,base.blocks.6,0.978081
20,0,6,vit_tiny,cifar10,1000.0,8,base.blocks.7,0.977397
20,0,6,vit_tiny,cifar10,1000.0,9,base.blocks.8,0.975731
20,0,6,vit_tiny,cifar10,1000.0,10,base.blocks.9,0.972702
20,0,6,vit_tiny,cifar10,1000.0,11,base.blocks.10,0.970971
20,0,6,vit_tiny,cifar10,1000.0,12,base.blocks.11,0.967429
20,0,6,vit_tiny,cifar10,1000.0,13,base.norm,0.961046
20,0,6,vit_tiny,cifar10,1000.0,14,classifier,0.762045
20,0,7,vit_tiny,cifar10,1000.0,0,base.patch_embed,0.990835
20,0,7,vit_tiny,cifar10,1000.0,1,base.blocks.0,0.973959
20,0,7,vit_tiny,cifar10,1000.0,2,base.blocks.1,0.963666
20,0,7,vit_tiny,cifar10,1000.0,3,base.blocks.2,0.964626
20,0,7,vit_tiny,cifar10,1000.0,4,base.blocks.3,0.964036
20,0,7,vit_tiny,cifar10,1000.0,5,base.blocks.4,0.968004
20,0,7,vit_tiny,cifar10,1000.0,6,base.blocks.5,0.968485
20,0,7,vit_tiny,cifar10,1000.0,7,base.blocks.6,0.968930
20,0,7,vit_tiny,cifar10,1000.0,8,base.blocks.7,0.969870
20,0,7,vit_tiny,cifar10,1000.0,9,base.blocks.8,0.969368
20,0,7,vit_tiny,cifar10,1000.0,10,base.blocks.9,0.967357
20,0,7,vit_tiny,cifar10,1000.0,11,base.blocks.10,0.965479
20,0,7,vit_tiny,cifar10,1000.0,12,base.blocks.11,0.961609
20,0,7,vit_tiny,cifar10,1000.0,13,base.norm,0.970171
20,0,7,vit_tiny,cifar10,1000.0,14,classifier,0.857958
20,0,8,vit_tiny,cifar10,1000.0,0,base.patch_embed,0.985679
20,0,8,vit_tiny,cifar10,1000.0,1,base.blocks.0,0.966863
20,0,8,vit_tiny,cifar10,1000.0,2,base.blocks.1,0.957780
20,0,8,vit_tiny,cifar10,1000.0,3,base.blocks.2,0.952828
20,0,8,vit_tiny,cifar10,1000.0,4,base.blocks.3,0.946525
20,0,8,vit_tiny,cifar10,1000.0,5,base.blocks.4,0.947323
20,0,8,vit_tiny,cifar10,1000.0,6,base.blocks.5,0.950186
20,0,8,vit_tiny,cifar10,1000.0,7,base.blocks.6,0.952899
20,0,8,vit_tiny,cifar10,1000.0,8,base.blocks.7,0.953104
20,0,8,vit_tiny,cifar10,1000.0,9,base.blocks.8,0.953333
20,0,8,vit_tiny,cifar10,1000.0,10,base.blocks.9,0.952704
20,0,8,vit_tiny,cifar10,1000.0,11,base.blocks.10,0.948422
20,0,8,vit_tiny,cifar10,1000.0,12,base.blocks.11,0.942543
20,0,8,vit_tiny,cifar10,1000.0,13,base.norm,0.946436
20,0,8,vit_tiny,cifar10,1000.0,14,classifier,0.890073
20,0,9,vit_tiny,cifar10,1000.0,0,base.patch_embed,0.984176
20,0,9,vit_tiny,cifar10,1000.0,1,base.blocks.0,0.945138
20,0,9,vit_tiny,cifar10,1000.0,2,base.blocks.1,0.931560
20,0,9,vit_tiny,cifar10,1000.0,3,base.blocks.2,0.932948
20,0,9,vit_tiny,cifar10,1000.0,4,base.blocks.3,0.934338
20,0,9,vit_tiny,cifar10,1000.0,5,base.blocks.4,0.944868
20,0,9,vit_tiny,cifar10,1000.0,6,base.blocks.5,0.949471
20,0,9,vit_tiny,cifar10,1000.0,7,base.blocks.6,0.955448
20,0,9,vit_tiny,cifar10,1000.0,8,base.blocks.7,0.957665
20,0,9,vit_tiny,cifar10,1000.0,9,base.blocks.8,0.957055
20,0,9,vit_tiny,cifar10,1000.0,10,base.blocks.9,0.957144
20,0,9,vit_tiny,cifar10,1000.0,11,base.blocks.10,0.953139
20,0,9,vit_tiny,cifar10,1000.0,12,base.blocks.11,0.951163
20,0,9,vit_tiny,cifar10,1000.0,13,base.norm,0.941502
20,0,9,vit_tiny,cifar10,1000.0,14,classifier,0.856586
20,1,2,vit_tiny,cifar10,1000.0,0,base.patch_embed,0.929711
20,1,2,vit_tiny,cifar10,1000.0,1,base.blocks.0,0.868449
20,1,2,vit_tiny,cifar10,1000.0,2,base.blocks.1,0.873158
20,1,2,vit_tiny,cifar10,1000.0,3,base.blocks.2,0.885604
20,1,2,vit_tiny,cifar10,1000.0,4,base.blocks.3,0.890944
20,1,2,vit_tiny,cifar10,1000.0,5,base.blocks.4,0.898962
20,1,2,vit_tiny,cifar10,1000.0,6,base.blocks.5,0.907357
20,1,2,vit_tiny,cifar10,1000.0,7,base.blocks.6,0.914359
20,1,2,vit_tiny,cifar10,1000.0,8,base.blocks.7,0.917131
20,1,2,vit_tiny,cifar10,1000.0,9,base.blocks.8,0.919631
20,1,2,vit_tiny,cifar10,1000.0,10,base.blocks.9,0.922862
20,1,2,vit_tiny,cifar10,1000.0,11,base.blocks.10,0.916281
20,1,2,vit_tiny,cifar10,1000.0,12,base.blocks.11,0.912115
20,1,2,vit_tiny,cifar10,1000.0,13,base.norm,0.905869
20,1,2,vit_tiny,cifar10,1000.0,14,classifier,0.820611
20,1,3,vit_tiny,cifar10,1000.0,0,base.patch_embed,0.993526
20,1,3,vit_tiny,cifar10,1000.0,1,base.blocks.0,0.948221
20,1,3,vit_tiny,cifar10,1000.0,2,base.blocks.1,0.941482
20,1,3,vit_tiny,cifar10,1000.0,3,base.blocks.2,0.945978
20,1,3,vit_tiny,cifar10,1000.0,4,base.blocks.3,0.944493
20,1,3,vit_tiny,cifar10,1000.0,5,base.blocks.4,0.946643
20,1,3,vit_tiny,cifar10,1000.0,6,base.blocks.5,0.949628
20,1,3,vit_tiny,cifar10,1000.0,7,base.blocks.6,0.952501
20,1,3,vit_tiny,cifar10,1000.0,8,base.blocks.7,0.953660
20,1,3,vit_tiny,cifar10,1000.0,9,base.blocks.8,0.955076
20,1,3,vit_tiny,cifar10,1000.0,10,base.blocks.9,0.954218
20,1,3,vit_tiny,cifar10,1000.0,11,base.blocks.10,0.949477
20,1,3,vit_tiny,cifar10,1000.0,12,base.blocks.11,0.944229
20,1,3,vit_tiny,cifar10,1000.0,13,base.norm,0.938845
20,1,3,vit_tiny,cifar10,1000.0,14,classifier,0.786145
20,1,4,vit_tiny,cifar10,1000.0,0,base.patch_embed,0.979012
20,1,4,vit_tiny,cifar10,1000.0,1,base.blocks.0,0.945427
20,1,4,vit_tiny,cifar10,1000.0,2,base.blocks.1,0.939400
20,1,4,vit_tiny,cifar10,1000.0,3,base.blocks.2,0.949555
20,1,4,vit_tiny,cifar10,1000.0,4,base.blocks.3,0.948526
20,1,4,vit_tiny,cifar10,1000.0,5,base.blocks.4,0.949039
20,1,4,vit_tiny,cifar10,1000.0,6,base.blocks.5,0.942871
20,1,4,vit_tiny,cifar10,1000.0,7,base.blocks.6,0.940847
20,1,4,vit_tiny,cifar10,1000.0,8,base.blocks.7,0.930724
20,1,4,vit_tiny,cifar10,1000.0,9,base.blocks.8,0.922349
20,1,4,vit_tiny,cifar10,1000.0,10,base.blocks.9,0.915685
20,1,4,vit_tiny,cifar10,1000.0,11,base.blocks.10,0.901678
20,1,4,vit_tiny,cifar10,1000.0,12,base.blocks.11,0.890693
20,1,4,vit_tiny,cifar10,1000.0,13,base.norm,0.888744
20,1,4,vit_tiny,cifar10,1000.0,14,classifier,0.759595
20,1,5,vit_tiny,cifar10,1000.0,0,base.patch_embed,0.968308
20,1,5,vit_tiny,cifar10,1000.0,1,base.blocks.0,0.935431
20,1,5,vit_tiny,cifar10,1000.0,2,base.blocks.1,0.933127
20,1,5,vit_tiny,cifar10,1000.0,3,base.blocks.2,0.934622
20,1,5,vit_tiny,cifar10,1000.0,4,base.blocks.3,0.934959
20,1,5,vit_tiny,cifar10,1000.0,5,base.blocks.4,0.937468
20,1,5,vit_tiny,cifar10,1000.0,6,base.blocks.5,0.941125
20,1,5,vit_tiny,cifar10,1000.0,7,base.blocks.6,0.944853
20,1,5,vit_tiny,cifar10,1000.0,8,base.blocks.7,0.944398
20,1,5,vit_tiny,cifar10,1000.0,9,base.blocks.8,0.945418
20,1,5,vit_tiny,cifar10,1000.0,10,base.blocks.9,0.947595
20,1,5,vit_tiny,cifar10,1000.0,11,base.blocks.10,0.946471
20,1,5,vit_tiny,cifar10,1000.0,12,base.blocks.11,0.947462
20,1,5,vit_tiny,cifar10,1000.0,13,base.norm,0.943615
20,1,5,vit_tiny,cifar10,1000.0,14,classifier,0.871664
20,1,6,vit_tiny,cifar10,1000.0,0,base.patch_embed,0.958962
20,1,6,vit_tiny,cifar10,1000.0,1,base.blocks.0,0.940628
20,1,6,vit_tiny,cifar10,1000.0,2,base.blocks.1,0.938729
20,1,6,vit_tiny,cifar10,1000.0,3,base.blocks.2,0.941844
20,1,6,vit_tiny,cifar10,1000.0,4,base.blocks.3,0.938902
20,1,6,vit_tiny,cifar10,1000.0,5,base.blocks.4,0.940102
20,1,6,vit_tiny,cifar10,1000.0,6,base.blocks.5,0.938390
20,1,6,vit_tiny,cifar10,1000.0,7,base.blocks.6,0.938473
20,1,6,vit_tiny,cifar10,1000.0,8,base.blocks.7,0.936662
20,1,6,vit_tiny,cifar10,1000.0,9,base.blocks.8,0.936248
20,1,6,vit_tiny,cifar10,1000.0,10,base.blocks.9,0.936499
20,1,6,vit_tiny,cifar10,1000.0,11,base.blocks.10,0.928913
20,1,6,vit_tiny,cifar10,1000.0,12,base.blocks.11,0.923695
20,1,6,vit_tiny,cifar10,1000.0,13,base.norm,0.920833
20,1,6,vit_tiny,cifar10,1000.0,14,classifier,0.736307
20,1,7,vit_tiny,cifar10,1000.0,0,base.patch_embed,0.985810
20,1,7,vit_tiny,cifar10,1000.0,1,base.blocks.0,0.979849
20,1,7,vit_tiny,cifar10,1000.0,2,base.blocks.1,0.981816
20,1,7,vit_tiny,cifar10,1000.0,3,base.blocks.2,0.982521
20,1,7,vit_tiny,cifar10,1000.0,4,base.blocks.3,0.980400
20,1,7,vit_tiny,cifar10,1000.0,5,base.blocks.4,0.976451
20,1,7,vit_tiny,cifar10,1000.0,6,base.blocks.5,0.973350
20,1,7,vit_tiny,cifar10,1000.0,7,base.blocks.6,0.969626
20,1,7,vit_tiny,cifar10,1000.0,8,base.blocks.7,0.966415
20,1,7,vit_tiny,cifar10,1000.0,9,base.blocks.8,0.964148
20,1,7,vit_tiny,cifar10,1000.0,10,base.blocks.9,0.962735
20,1,7,vit_tiny,cifar10,1000.0,11,base.blocks.10,0.956237
20,1,7,vit_tiny,cifar10,1000.0,12,base.blocks.11,0.950882
20,1,7,vit_tiny,cifar10,1000.0,13,base.norm,0.950247
20,1,7,vit_tiny,cifar10,1000.0,14,classifier,0.833843
20,1,8,vit_tiny,cifar10,1000.0,0,base.patch_embed,0.990207
20,1,8,vit_tiny,cifar10,1000.0,1,base.blocks.0,0.986441
20,1,8,vit_tiny,cifar10,1000.0,2,base.blocks.1,0.987186
20,1,8,vit_tiny,cifar10,1000.0,3,base.blocks.2,0.987216
20,1,8,vit_tiny,cifar10,1000.0,4,base.blocks.3,0.982015
20,1,8,vit_tiny,cifar10,1000.0,5,base.blocks.4,0.974564
20,1,8,vit_tiny,cifar10,1000.0,6,base.blocks.5,0.965986
20,1,8,vit_tiny,cifar10,1000.0,7,base.blocks.6,0.957919
20,1,8,vit_tiny,cifar10,1000.0,8,base.blocks.7,0.949524
20,1,8,vit_tiny,cifar10,1000.0,9,base.blocks.8,0.942710
20,1,8,vit_tiny,cifar10,1000.0,10,base.blocks.9,0.939466
20,1,8,vit_tiny,cifar10,1000.0,11,base.blocks.10,0.929924
20,1,8,vit_tiny,cifar10,1000.0,12,base.blocks.11,0.923693
20,1,8,vit_tiny,cifar10,1000.0,13,base.norm,0.934525
20,1,8,vit_tiny,cifar10,1000.0,14,classifier,0.900038
20,1,9,vit_tiny,cifar10,1000.0,0,base.patch_embed,0.971678
20,1,9,vit_tiny,cifar10,1000.0,1,base.blocks.0,0.884872
20,1,9,vit_tiny,cifar10,1000.0,2,base.blocks.1,0.857978
20,1,9,vit_tiny,cifar10,1000.0,3,base.blocks.2,0.857539
20,1,9,vit_tiny,cifar10,1000.0,4,base.blocks.3,0.853978
20,1,9,vit_tiny,cifar10,1000.0,5,base.blocks.4,0.868343
20,1,9,vit_tiny,cifar10,1000.0,6,base.blocks.5,0.872389
20,1,9,vit_tiny,cifar10,1000.0,7,base.blocks.6,0.883091
20,1,9,vit_tiny,cifar10,1000.0,8,base.blocks.7,0.884313
20,1,9,vit_tiny,cifar10,1000.0,9,base.blocks.8,0.883428
20,1,9,vit_tiny,cifar10,1000.0,10,base.blocks.9,0.883625
20,1,9,vit_tiny,cifar10,1000.0,11,base.blocks.10,0.872911
20,1,9,vit_tiny,cifar10,1000.0,12,base.blocks.11,0.865157
20,1,9,vit_tiny,cifar10,1000.0,13,base.norm,0.875279
20,1,9,vit_tiny,cifar10,1000.0,14,classifier,0.769289
20,2,3,vit_tiny,cifar10,1000.0,0,base.patch_embed,0.961779
20,2,3,vit_tiny,cifar10,1000.0,1,base.blocks.0,0.952405
20,2,3,vit_tiny,cifar10,1000.0,2,base.blocks.1,0.950391
20,2,3,vit_tiny,cifar10,1000.0,3,base.blocks.2,0.952150
20,2,3,vit_tiny,cifar10,1000.0,4,base.blocks.3,0.952899
20,2,3,vit_tiny,cifar10,1000.0,5,base.blocks.4,0.957403
20,2,3,vit_tiny,cifar10,1000.0,6,base.blocks.5,0.961013
20,2,3,vit_tiny,cifar10,1000.0,7,base.blocks.6,0.963841
20,2,3,vit_tiny,cifar10,1000.0,8,base.blocks.7,0.965439
20,2,3,vit_tiny,cifar10,1000.0,9,base.blocks.8,0.965426
20,2,3,vit_tiny,cifar10,1000.0,10,base.blocks.9,0.966286
20,2,3,vit_tiny,cifar10,1000.0,11,base.blocks.10,0.964556
20,2,3,vit_tiny,cifar10,1000.0,12,base.blocks.11,0.961966
20,2,3,vit_tiny,cifar10,1000.0,13,base.norm,0.946349
20,2,3,vit_tiny,cifar10,1000.0,14,classifier,0.792323
20,2,4,vit_tiny,cifar10,1000.0,0,base.patch_embed,0.974748
20,2,4,vit_tiny,cifar10,1000.0,1,base.blocks.0,0.940751
20,2,4,vit_tiny,cifar10,1000.0,2,base.blocks.1,0.936169
20,2,4,vit_tiny,cifar10,1000.0,3,base.blocks.2,0.937315
20,2,4,vit_tiny,cifar10,1000.0,4,base.blocks.3,0.938472
20,2,4,vit_tiny,cifar10,1000.0,5,base.blocks.4,0.937449
20,2,4,vit_tiny,cifar10,1000.0,6,base.blocks.5,0.944229
20,2,4,vit_tiny,cifar10,1000.0,7,base.blocks.6,0.945646
20,2,4,vit_tiny,cifar10,1000.0,8,base.blocks.7,0.943058
20,2,4,vit_tiny,cifar10,1000.0,9,base.blocks.8,0.943969
20,2,4,vit_tiny,cifar10,1000.0,10,base.blocks.9,0.943733
20,2,4,vit_tiny,cifar10,1000.0,11,base.blocks.10,0.938034
20,2,4,vit_tiny,cifar10,1000.0,12,base.blocks.11,0.933364
20,2,4,vit_tiny,cifar10,1000.0,13,base.norm,0.915728
20,2,4,vit_tiny,cifar10,1000.0,14,classifier,0.747225
20,2,5,vit_tiny,cifar10,1000.0,0,base.patch_embed,0.987339
20,2,5,vit_tiny,cifar10,1000.0,1,base.blocks.0,0.982897
20,2,5,vit_tiny,cifar10,1000.0,2,base.blocks.1,0.985556
20,2,5,vit_tiny,cifar10,1000.0,3,base.blocks.2,0.988970
20,2,5,vit_tiny,cifar10,1000.0,4,base.blocks.3,0.988927
20,2,5,vit_tiny,cifar10,1000.0,5,base.blocks.4,0.987533
20,2,5,vit_tiny,cifar10,1000.0,6,base.blocks.5,0.986134
20,2,5,vit_tiny,cifar10,1000.0,7,base.blocks.6,0.983215
20,2,5,vit_tiny,cifar10,1000.0,8,base.blocks.7,0.979881
20,2,5,vit_tiny,cifar10,1000.0,9,base.blocks.8,0.976965
20,2,5,vit_tiny,cifar10,1000.0,10,base.blocks.9,0.973341
20,2,5,vit_tiny,cifar10,1000.0,11,base.blocks.10,0.966529
20,2,5,vit_tiny,cifar10,1000.0,12,base.blocks.11,0.957928
20,2,5,vit_tiny,cifar10,1000.0,13,base.norm,0.961110
20,2,5,vit_tiny,cifar10,1000.0,14,classifier,0.861692
20,2,6,vit_tiny,cifar10,1000.0,0,base.patch_embed,0.979086
20,2,6,vit_tiny,cifar10,1000.0,1,base.blocks.0,0.940551
20,2,6,vit_tiny,cifar10,1000.0,2,base.blocks.1,0.938537
20,2,6,vit_tiny,cifar10,1000.0,3,base.blocks.2,0.945842
20,2,6,vit_tiny,cifar10,1000.0,4,base.blocks.3,0.950493
20,2,6,vit_tiny,cifar10,1000.0,5,base.blocks.4,0.955347
20,2,6,vit_tiny,cifar10,1000.0,6,base.blocks.5,0.961781
20,2,6,vit_tiny,cifar10,1000.0,7,base.blocks.6,0.966635
20,2,6,vit_tiny,cifar10,1000.0,8,base.blocks.7,0.970036
20,2,6,vit_tiny,cifar10,1000.0,9,base.blocks.8,0.971684
20,2,6,vit_tiny,cifar10,1000.0,10,base.blocks.9,0.973746
20,2,6,vit_tiny,cifar10,1000.0,11,base.blocks.10,0.974282
20,2,6,vit_tiny,cifar10,1000.0,12,base.blocks.11,0.974918
20,2,6,vit_tiny,cifar10,1000.0,13,base.norm,0.963792
20,2,6,vit_tiny,cifar10,1000.0,14,classifier,0.761403
20,2,7,vit_tiny,cifar10,1000.0,0,base.patch_embed,0.974077
20,2,7,vit_tiny,cifar10,1000.0,1,base.blocks.0,0.941109
20,2,7,vit_tiny,cifar10,1000.0,2,base.blocks.1,0.934647
20,2,7,vit_tiny,cifar10,1000.0,3,base.blocks.2,0.938528
20,2,7,vit_tiny,cifar10,1000.0,4,base.blocks.3,0.941961
20,2,7,vit_tiny,cifar10,1000.0,5,base.blocks.4,0.950572
20,2,7,vit_tiny,cifar10,1000.0,6,base.blocks.5,0.957995
20,2,7,vit_tiny,cifar10,1000.0,7,base.blocks.6,0.963233
20,2,7,vit_tiny,cifar10,1000.0,8,base.blocks.7,0.967357
20,2,7,vit_tiny,cifar10,1000.0,9,base.blocks.8,0.968876
20,2,7,vit_tiny,cifar10,1000.0,10,base.blocks.9,0.969645
20,2,7,vit_tiny,cifar10,1000.0,11,base.blocks.10,0.967621
20,2,7,vit_tiny,cifar10,1000.0,12,base.blocks.11,0.964589
20,2,7,vit_tiny,cifar10,1000.0,13,base.norm,0.967371
20,2,7,vit_tiny,cifar10,1000.0,14,classifier,0.841519
20,2,8,vit_tiny,cifar10,1000.0,0,base.patch_embed,0.953199
20,2,8,vit_tiny,cifar10,1000.0,1,base.blocks.0,0.916686
20,2,8,vit_tiny,cifar10,1000.0,2,base.blocks.1,0.911012
20,2,8,vit_tiny,cifar10,1000.0,3,base.blocks.2,0.908519
20,2,8,vit_tiny,cifar10,1000.0,4,base.blocks.3,0.904595
20,2,8,vit_tiny,cifar10,1000.0,5,base.blocks.4,0.902694
20,2,8,vit_tiny,cifar10,1000.0,6,base.blocks.5,0.908291
20,2,8,vit_tiny,cifar10,1000.0,7,base.blocks.6,0.912298
20,2,8,vit_tiny,cifar10,1000.0,8,base.blocks.7,0.914519
20,2,8,vit_tiny,cifar10,1000.0,9,base.blocks.8,0.916487
20,2,8,vit_tiny,cifar10,1000.0,10,base.blocks.9,0.917618
20,2,8,vit_tiny,cifar10,1000.0,11,base.blocks.10,0.911469
20,2,8,vit_tiny,cifar10,1000.0,12,base.blocks.11,0.904994
20,2,8,vit_tiny,cifar10,1000.0,13,base.norm,0.915843
20,2,8,vit_tiny,cifar10,1000.0,14,classifier,0.843406
20,2,9,vit_tiny,cifar10,1000.0,0,base.patch_embed,0.964579
20,2,9,vit_tiny,cifar10,1000.0,1,base.blocks.0,0.961485
20,2,9,vit_tiny,cifar10,1000.0,2,base.blocks.1,0.969773
20,2,9,vit_tiny,cifar10,1000.0,3,base.blocks.2,0.974200
20,2,9,vit_tiny,cifar10,1000.0,4,base.blocks.3,0.974426
20,2,9,vit_tiny,cifar10,1000.0,5,base.blocks.4,0.977641
20,2,9,vit_tiny,cifar10,1000.0,6,base.blocks.5,0.978189
20,2,9,vit_tiny,cifar10,1000.0,7,base.blocks.6,0.978628
20,2,9,vit_tiny,cifar10,1000.0,8,base.blocks.7,0.977568
20,2,9,vit_tiny,cifar10,1000.0,9,base.blocks.8,0.976098
20,2,9,vit_tiny,cifar10,1000.0,10,base.blocks.9,0.973949
20,2,9,vit_tiny,cifar10,1000.0,11,base.blocks.10,0.969523
20,2,9,vit_tiny,cifar10,1000.0,12,base.blocks.11,0.964874
20,2,9,vit_tiny,cifar10,1000.0,13,base.norm,0.954394
20,2,9,vit_tiny,cifar10,1000.0,14,classifier,0.731892
20,3,4,vit_tiny,cifar10,1000.0,0,base.patch_embed,0.991068
20,3,4,vit_tiny,cifar10,1000.0,1,base.blocks.0,0.980871
20,3,4,vit_tiny,cifar10,1000.0,2,base.blocks.1,0.971820
20,3,4,vit_tiny,cifar10,1000.0,3,base.blocks.2,0.969643
20,3,4,vit_tiny,cifar10,1000.0,4,base.blocks.3,0.964249
20,3,4,vit_tiny,cifar10,1000.0,5,base.blocks.4,0.957766
20,3,4,vit_tiny,cifar10,1000.0,6,base.blocks.5,0.951477
20,3,4,vit_tiny,cifar10,1000.0,7,base.blocks.6,0.944622
20,3,4,vit_tiny,cifar10,1000.0,8,base.blocks.7,0.935528
20,3,4,vit_tiny,cifar10,1000.0,9,base.blocks.8,0.928717
20,3,4,vit_tiny,cifar10,1000.0,10,base.blocks.9,0.922573
20,3,4,vit_tiny,cifar10,1000.0,11,base.blocks.10,0.912107
20,3,4,vit_tiny,cifar10,1000.0,12,base.blocks.11,0.900911
20,3,4,vit_tiny,cifar10,1000.0,13,base.norm,0.897968
20,3,4,vit_tiny,cifar10,1000.0,14,classifier,0.844428
20,3,5,vit_tiny,cifar10,1000.0,0,base.patch_embed,0.986276
20,3,5,vit_tiny,cifar10,1000.0,1,base.blocks.0,0.975270
20,3,5,vit_tiny,cifar10,1000.0,2,base.blocks.1,0.968088
20,3,5,vit_tiny,cifar10,1000.0,3,base.blocks.2,0.966134
20,3,5,vit_tiny,cifar10,1000.0,4,base.blocks.3,0.961204
20,3,5,vit_tiny,cifar10,1000.0,5,base.blocks.4,0.957261
20,3,5,vit_tiny,cifar10,1000.0,6,base.blocks.5,0.955286
20,3,5,vit_tiny,cifar10,1000.0,7,base.blocks.6,0.952311
20,3,5,vit_tiny,cifar10,1000.0,8,base.blocks.7,0.948609
20,3,5,vit_tiny,cifar10,1000.0,9,base.blocks.8,0.945445
20,3,5,vit_tiny,cifar10,1000.0,10,base.blocks.9,0.942021
20,3,5,vit_tiny,cifar10,1000.0,11,base.blocks.10,0.937192
20,3,5,vit_tiny,cifar10,1000.0,12,base.blocks.11,0.929787
20,3,5,vit_tiny,cifar10,1000.0,13,base.norm,0.924312
20,3,5,vit_tiny,cifar10,1000.0,14,classifier,0.851811
20,3,6,vit_tiny,cifar10,1000.0,0,base.patch_embed,0.976650
20,3,6,vit_tiny,cifar10,1000.0,1,base.blocks.0,0.982331
20,3,6,vit_tiny,cifar10,1000.0,2,base.blocks.1,0.984636
20,3,6,vit_tiny,cifar10,1000.0,3,base.blocks.2,0.985515
20,3,6,vit_tiny,cifar10,1000.0,4,base.blocks.3,0.983643
20,3,6,vit_tiny,cifar10,1000.0,5,base.blocks.4,0.980385
20,3,6,vit_tiny,cifar10,1000.0,6,base.blocks.5,0.977559
20,3,6,vit_tiny,cifar10,1000.0,7,base.blocks.6,0.974749
20,3,6,vit_tiny,cifar10,1000.0,8,base.blocks.7,0.973077
20,3,6,vit_tiny,cifar10,1000.0,9,base.blocks.8,0.971083
20,3,6,vit_tiny,cifar10,1000.0,10,base.blocks.9,0.970605
20,3,6,vit_tiny,cifar10,1000.0,11,base.blocks.10,0.967286
20,3,6,vit_tiny,cifar10,1000.0,12,base.blocks.11,0.962440
20,3,6,vit_tiny,cifar10,1000.0,13,base.norm,0.962128
20,3,6,vit_tiny,cifar10,1000.0,14,classifier,0.844435
20,3,7,vit_tiny,cifar10,1000.0,0,base.patch_embed,0.996731
20,3,7,vit_tiny,cifar10,1000.0,1,base.blocks.0,0.980438
20,3,7,vit_tiny,cifar10,1000.0,2,base.blocks.1,0.970807
20,3,7,vit_tiny,cifar10,1000.0,3,base.blocks.2,0.970523
20,3,7,vit_tiny,cifar10,1000.0,4,base.blocks.3,0.968383
20,3,7,vit_tiny,cifar10,1000.0,5,base.blocks.4,0.970133
20,3,7,vit_tiny,cifar10,1000.0,6,base.blocks.5,0.970570
20,3,7,vit_tiny,cifar10,1000.0,7,base.blocks.6,0.971222
20,3,7,vit_tiny,cifar10,1000.0,8,base.blocks.7,0.971102
20,3,7,vit_tiny,cifar10,1000.0,9,base.blocks.8,0.970575
20,3,7,vit_tiny,cifar10,1000.0,10,base.blocks.9,0.968685
20,3,7,vit_tiny,cifar10,1000.0,11,base.blocks.10,0.964586
20,3,7,vit_tiny,cifar10,1000.0,12,base.blocks.11,0.958243
20,3,7,vit_tiny,cifar10,1000.0,13,base.norm,0.953927
20,3,7,vit_tiny,cifar10,1000.0,14,classifier,0.840772
20,3,8,vit_tiny,cifar10,1000.0,0,base.patch_embed,0.988641
20,3,8,vit_tiny,cifar10,1000.0,1,base.blocks.0,0.958977
20,3,8,vit_tiny,cifar10,1000.0,2,base.blocks.1,0.946476
20,3,8,vit_tiny,cifar10,1000.0,3,base.blocks.2,0.938840
20,3,8,vit_tiny,cifar10,1000.0,4,base.blocks.3,0.925563
20,3,8,vit_tiny,cifar10,1000.0,5,base.blocks.4,0.917272
20,3,8,vit_tiny,cifar10,1000.0,6,base.blocks.5,0.913612
20,3,8,vit_tiny,cifar10,1000.0,7,base.blocks.6,0.910649
20,3,8,vit_tiny,cifar10,1000.0,8,base.blocks.7,0.907678
20,3,8,vit_tiny,cifar10,1000.0,9,base.blocks.8,0.905901
20,3,8,vit_tiny,cifar10,1000.0,10,base.blocks.9,0.903125
20,3,8,vit_tiny,cifar10,1000.0,11,base.blocks.10,0.896745
20,3,8,vit_tiny,cifar10,1000.0,12,base.blocks.11,0.886760
20,3,8,vit_tiny,cifar10,1000.0,13,base.norm,0.893748
20,3,8,vit_tiny,cifar10,1000.0,14,classifier,0.828559
20,3,9,vit_tiny,cifar10,1000.0,0,base.patch_embed,0.980200
20,3,9,vit_tiny,cifar10,1000.0,1,base.blocks.0,0.941848
20,3,9,vit_tiny,cifar10,1000.0,2,base.blocks.1,0.922586
20,3,9,vit_tiny,cifar10,1000.0,3,base.blocks.2,0.916733
20,3,9,vit_tiny,cifar10,1000.0,4,base.blocks.3,0.911225
20,3,9,vit_tiny,cifar10,1000.0,5,base.blocks.4,0.918410
20,3,9,vit_tiny,cifar10,1000.0,6,base.blocks.5,0.919647
20,3,9,vit_tiny,cifar10,1000.0,7,base.blocks.6,0.922228
20,3,9,vit_tiny,cifar10,1000.0,8,base.blocks.7,0.923154
20,3,9,vit_tiny,cifar10,1000.0,9,base.blocks.8,0.921300
20,3,9,vit_tiny,cifar10,1000.0,10,base.blocks.9,0.918786
20,3,9,vit_tiny,cifar10,1000.0,11,base.blocks.10,0.911466
20,3,9,vit_tiny,cifar10,1000.0,12,base.blocks.11,0.903381
20,3,9,vit_tiny,cifar10,1000.0,13,base.norm,0.906161
20,3,9,vit_tiny,cifar10,1000.0,14,classifier,0.785284
20,4,5,vit_tiny,cifar10,1000.0,0,base.patch_embed,0.991319
20,4,5,vit_tiny,cifar10,1000.0,1,base.blocks.0,0.976086
20,4,5,vit_tiny,cifar10,1000.0,2,base.blocks.1,0.967454
20,4,5,vit_tiny,cifar10,1000.0,3,base.blocks.2,0.965179
20,4,5,vit_tiny,cifar10,1000.0,4,base.blocks.3,0.963217
20,4,5,vit_tiny,cifar10,1000.0,5,base.blocks.4,0.960477
20,4,5,vit_tiny,cifar10,1000.0,6,base.blocks.5,0.962640
20,4,5,vit_tiny,cifar10,1000.0,7,base.blocks.6,0.963497
20,4,5,vit_tiny,cifar10,1000.0,8,base.blocks.7,0.957886
20,4,5,vit_tiny,cifar10,1000.0,9,base.blocks.8,0.955265
20,4,5,vit_tiny,cifar10,1000.0,10,base.blocks.9,0.952608
20,4,5,vit_tiny,cifar10,1000.0,11,base.blocks.10,0.944237
20,4,5,vit_tiny,cifar10,1000.0,12,base.blocks.11,0.933644
20,4,5,vit_tiny,cifar10,1000.0,13,base.norm,0.907960
20,4,5,vit_tiny,cifar10,1000.0,14,classifier,0.838258
20,4,6,vit_tiny,cifar10,1000.0,0,base.patch_embed,0.987425
20,4,6,vit_tiny,cifar10,1000.0,1,base.blocks.0,0.949947
20,4,6,vit_tiny,cifar10,1000.0,2,base.blocks.1,0.947117
20,4,6,vit_tiny,cifar10,1000.0,3,base.blocks.2,0.952682
20,4,6,vit_tiny,cifar10,1000.0,4,base.blocks.3,0.952308
20,4,6,vit_tiny,cifar10,1000.0,5,base.blocks.4,0.956035
20,4,6,vit_tiny,cifar10,1000.0,6,base.blocks.5,0.957661
20,4,6,vit_tiny,cifar10,1000.0,7,base.blocks.6,0.958591
20,4,6,vit_tiny,cifar10,1000.0,8,base.blocks.7,0.956672
20,4,6,vit_tiny,cifar10,1000.0,9,base.blocks.8,0.954897
20,4,6,vit_tiny,cifar10,1000.0,10,base.blocks.9,0.953054
20,4,6,vit_tiny,cifar10,1000.0,11,base.blocks.10,0.949025
20,4,6,vit_tiny,cifar10,1000.0,12,base.blocks.11,0.945799
20,4,6,vit_tiny,cifar10,1000.0,13,base.norm,0.941711
20,4,6,vit_tiny,cifar10,1000.0,14,classifier,0.905526
20,4,7,vit_tiny,cifar10,1000.0,0,base.patch_embed,0.995408
20,4,7,vit_tiny,cifar10,1000.0,1,base.blocks.0,0.965329
20,4,7,vit_tiny,cifar10,1000.0,2,base.blocks.1,0.950393
20,4,7,vit_tiny,cifar10,1000.0,3,base.blocks.2,0.953037
20,4,7,vit_tiny,cifar10,1000.0,4,base.blocks.3,0.952921
20,4,7,vit_tiny,cifar10,1000.0,5,base.blocks.4,0.957983
20,4,7,vit_tiny,cifar10,1000.0,6,base.blocks.5,0.959899
20,4,7,vit_tiny,cifar10,1000.0,7,base.blocks.6,0.960315
20,4,7,vit_tiny,cifar10,1000.0,8,base.blocks.7,0.958376
20,4,7,vit_tiny,cifar10,1000.0,9,base.blocks.8,0.957035
20,4,7,vit_tiny,cifar10,1000.0,10,base.blocks.9,0.954121
20,4,7,vit_tiny,cifar10,1000.0,11,base.blocks.10,0.948832
20,4,7,vit_tiny,cifar10,1000.0,12,base.blocks.11,0.943055
20,4,7,vit_tiny,cifar10,1000.0,13,base.norm,0.936823
20,4,7,vit_tiny,cifar10,1000.0,14,classifier,0.842947
20,4,8,vit_tiny,cifar10,1000.0,0,base.patch_embed,0.988571
20,4,8,vit_tiny,cifar10,1000.0,1,base.blocks.0,0.947115
20,4,8,vit_tiny,cifar10,1000.0,2,base.blocks.1,0.934187
20,4,8,vit_tiny,cifar10,1000.0,3,base.blocks.2,0.936338
20,4,8,vit_tiny,cifar10,1000.0,4,base.blocks.3,0.930844
20,4,8,vit_tiny,cifar10,1000.0,5,base.blocks.4,0.936009
20,4,8,vit_tiny,cifar10,1000.0,6,base.blocks.5,0.938626
20,4,8,vit_tiny,cifar10,1000.0,7,base.blocks.6,0.943159
20,4,8,vit_tiny,cifar10,1000.0,8,base.blocks.7,0.943206
20,4,8,vit_tiny,cifar10,1000.0,9,base.blocks.8,0.941827
20,4,8,vit_tiny,cifar10,1000.0,10,base.blocks.9,0.940256
20,4,8,vit_tiny,cifar10,1000.0,11,base.blocks.10,0.933199
20,4,8,vit_tiny,cifar10,1000.0,12,base.blocks.11,0.925547
20,4,8,vit_tiny,cifar10,1000.0,13,base.norm,0.913109
20,4,8,vit_tiny,cifar10,1000.0,14,classifier,0.828875
20,4,9,vit_tiny,cifar10,1000.0,0,base.patch_embed,0.974101
20,4,9,vit_tiny,cifar10,1000.0,1,base.blocks.0,0.960639
20,4,9,vit_tiny,cifar10,1000.0,2,base.blocks.1,0.949533
20,4,9,vit_tiny,cifar10,1000.0,3,base.blocks.2,0.940465
20,4,9,vit_tiny,cifar10,1000.0,4,base.blocks.3,0.937109
20,4,9,vit_tiny,cifar10,1000.0,5,base.blocks.4,0.937906
20,4,9,vit_tiny,cifar10,1000.0,6,base.blocks.5,0.942454
20,4,9,vit_tiny,cifar10,1000.0,7,base.blocks.6,0.944882
20,4,9,vit_tiny,cifar10,1000.0,8,base.blocks.7,0.944559
20,4,9,vit_tiny,cifar10,1000.0,9,base.blocks.8,0.945643
20,4,9,vit_tiny,cifar10,1000.0,10,base.blocks.9,0.945351
20,4,9,vit_tiny,cifar10,1000.0,11,base.blocks.10,0.941894
20,4,9,vit_tiny,cifar10,1000.0,12,base.blocks.11,0.939187
20,4,9,vit_tiny,cifar10,1000.0,13,base.norm,0.940443
20,4,9,vit_tiny,cifar10,1000.0,14,classifier,0.909063
20,5,6,vit_tiny,cifar10,1000.0,0,base.patch_embed,0.977934
20,5,6,vit_tiny,cifar10,1000.0,1,base.blocks.0,0.953503
20,5,6,vit_tiny,cifar10,1000.0,2,base.blocks.1,0.950011
20,5,6,vit_tiny,cifar10,1000.0,3,base.blocks.2,0.954479
20,5,6,vit_tiny,cifar10,1000.0,4,base.blocks.3,0.953685
20,5,6,vit_tiny,cifar10,1000.0,5,base.blocks.4,0.953597
20,5,6,vit_tiny,cifar10,1000.0,6,base.blocks.5,0.955760
20,5,6,vit_tiny,cifar10,1000.0,7,base.blocks.6,0.957277
20,5,6,vit_tiny,cifar10,1000.0,8,base.blocks.7,0.955058
20,5,6,vit_tiny,cifar10,1000.0,9,base.blocks.8,0.954344
20,5,6,vit_tiny,cifar10,1000.0,10,base.blocks.9,0.952388
20,5,6,vit_tiny,cifar10,1000.0,11,base.blocks.10,0.948297
20,5,6,vit_tiny,cifar10,1000.0,12,base.blocks.11,0.941342
20,5,6,vit_tiny,cifar10,1000.0,13,base.norm,0.935569
20,5,6,vit_tiny,cifar10,1000.0,14,classifier,0.847504
20,5,7,vit_tiny,cifar10,1000.0,0,base.patch_embed,0.994925
20,5,7,vit_tiny,cifar10,1000.0,1,base.blocks.0,0.978916
20,5,7,vit_tiny,cifar10,1000.0,2,base.blocks.1,0.970454
20,5,7,vit_tiny,cifar10,1000.0,3,base.blocks.2,0.967688
20,5,7,vit_tiny,cifar10,1000.0,4,base.blocks.3,0.965480
20,5,7,vit_tiny,cifar10,1000.0,5,base.blocks.4,0.967814
20,5,7,vit_tiny,cifar10,1000.0,6,base.blocks.5,0.970172
20,5,7,vit_tiny,cifar10,1000.0,7,base.blocks.6,0.970354
20,5,7,vit_tiny,cifar10,1000.0,8,base.blocks.7,0.969691
20,5,7,vit_tiny,cifar10,1000.0,9,base.blocks.8,0.967441
20,5,7,vit_tiny,cifar10,1000.0,10,base.blocks.9,0.965722
20,5,7,vit_tiny,cifar10,1000.0,11,base.blocks.10,0.962198
20,5,7,vit_tiny,cifar10,1000.0,12,base.blocks.11,0.956423
20,5,7,vit_tiny,cifar10,1000.0,13,base.norm,0.956142
20,5,7,vit_tiny,cifar10,1000.0,14,classifier,0.850319
20,5,8,vit_tiny,cifar10,1000.0,0,base.patch_embed,0.978715
20,5,8,vit_tiny,cifar10,1000.0,1,base.blocks.0,0.959428
20,5,8,vit_tiny,cifar10,1000.0,2,base.blocks.1,0.951851
20,5,8,vit_tiny,cifar10,1000.0,3,base.blocks.2,0.945079
20,5,8,vit_tiny,cifar10,1000.0,4,base.blocks.3,0.937749
20,5,8,vit_tiny,cifar10,1000.0,5,base.blocks.4,0.934995
20,5,8,vit_tiny,cifar10,1000.0,6,base.blocks.5,0.937274
20,5,8,vit_tiny,cifar10,1000.0,7,base.blocks.6,0.939458
20,5,8,vit_tiny,cifar10,1000.0,8,base.blocks.7,0.937642
20,5,8,vit_tiny,cifar10,1000.0,9,base.blocks.8,0.937567
20,5,8,vit_tiny,cifar10,1000.0,10,base.blocks.9,0.938182
20,5,8,vit_tiny,cifar10,1000.0,11,base.blocks.10,0.934254
20,5,8,vit_tiny,cifar10,1000.0,12,base.blocks.11,0.929854
20,5,8,vit_tiny,cifar10,1000.0,13,base.norm,0.927790
20,5,8,vit_tiny,cifar10,1000.0,14,classifier,0.882007
20,5,9,vit_tiny,cifar10,1000.0,0,base.patch_embed,0.988517
20,5,9,vit_tiny,cifar10,1000.0,1,base.blocks.0,0.975680
20,5,9,vit_tiny,cifar10,1000.0,2,base.blocks.1,0.972610
20,5,9,vit_tiny,cifar10,1000.0,3,base.blocks.2,0.972980
20,5,9,vit_tiny,cifar10,1000.0,4,base.blocks.3,0.972398
20,5,9,vit_tiny,cifar10,1000.0,5,base.blocks.4,0.977062
20,5,9,vit_tiny,cifar10,1000.0,6,base.blocks.5,0.975868
20,5,9,vit_tiny,cifar10,1000.0,7,base.blocks.6,0.976750
20,5,9,vit_tiny,cifar10,1000.0,8,base.blocks.7,0.974897
20,5,9,vit_tiny,cifar10,1000.0,9,base.blocks.8,0.969998
20,5,9,vit_tiny,cifar10,1000.0,10,base.blocks.9,0.965950
20,5,9,vit_tiny,cifar10,1000.0,11,base.blocks.10,0.956125
20,5,9,vit_tiny,cifar10,1000.0,12,base.blocks.11,0.945213
20,5,9,vit_tiny,cifar10,1000.0,13,base.norm,0.933203
20,5,9,vit_tiny,cifar10,1000.0,14,classifier,0.803462
20,6,7,vit_tiny,cifar10,1000.0,0,base.patch_embed,0.982054
20,6,7,vit_tiny,cifar10,1000.0,1,base.blocks.0,0.973050
20,6,7,vit_tiny,cifar10,1000.0,2,base.blocks.1,0.969785
20,6,7,vit_tiny,cifar10,1000.0,3,base.blocks.2,0.970323
20,6,7,vit_tiny,cifar10,1000.0,4,base.blocks.3,0.971468
20,6,7,vit_tiny,cifar10,1000.0,5,base.blocks.4,0.974494
20,6,7,vit_tiny,cifar10,1000.0,6,base.blocks.5,0.974558
20,6,7,vit_tiny,cifar10,1000.0,7,base.blocks.6,0.974763
20,6,7,vit_tiny,cifar10,1000.0,8,base.blocks.7,0.974722
20,6,7,vit_tiny,cifar10,1000.0,9,base.blocks.8,0.975035
20,6,7,vit_tiny,cifar10,1000.0,10,base.blocks.9,0.973530
20,6,7,vit_tiny,cifar10,1000.0,11,base.blocks.10,0.971716
20,6,7,vit_tiny,cifar10,1000.0,12,base.blocks.11,0.967856
20,6,7,vit_tiny,cifar10,1000.0,13,base.norm,0.965602
20,6,7,vit_tiny,cifar10,1000.0,14,classifier,0.828961
20,6,8,vit_tiny,cifar10,1000.0,0,base.patch_embed,0.979145
20,6,8,vit_tiny,cifar10,1000.0,1,base.blocks.0,0.966595
20,6,8,vit_tiny,cifar10,1000.0,2,base.blocks.1,0.958783
20,6,8,vit_tiny,cifar10,1000.0,3,base.blocks.2,0.951416
20,6,8,vit_tiny,cifar10,1000.0,4,base.blocks.3,0.944083
20,6,8,vit_tiny,cifar10,1000.0,5,base.blocks.4,0.943306
20,6,8,vit_tiny,cifar10,1000.0,6,base.blocks.5,0.943883
20,6,8,vit_tiny,cifar10,1000.0,7,base.blocks.6,0.944275
20,6,8,vit_tiny,cifar10,1000.0,8,base.blocks.7,0.943797
20,6,8,vit_tiny,cifar10,1000.0,9,base.blocks.8,0.942895
20,6,8,vit_tiny,cifar10,1000.0,10,base.blocks.9,0.940890
20,6,8,vit_tiny,cifar10,1000.0,11,base.blocks.10,0.935373
20,6,8,vit_tiny,cifar10,1000.0,12,base.blocks.11,0.927485
20,6,8,vit_tiny,cifar10,1000.0,13,base.norm,0.925451
20,6,8,vit_tiny,cifar10,1000.0,14,classifier,0.809724
20,6,9,vit_tiny,cifar10,1000.0,0,base.patch_embed,0.947729
20,6,9,vit_tiny,cifar10,1000.0,1,base.blocks.0,0.889259
20,6,9,vit_tiny,cifar10,1000.0,2,base.blocks.1,0.877683
20,6,9,vit_tiny,cifar10,1000.0,3,base.blocks.2,0.884452
20,6,9,vit_tiny,cifar10,1000.0,4,base.blocks.3,0.886739
20,6,9,vit_tiny,cifar10,1000.0,5,base.blocks.4,0.901174
20,6,9,vit_tiny,cifar10,1000.0,6,base.blocks.5,0.909249
20,6,9,vit_tiny,cifar10,1000.0,7,base.blocks.6,0.918002
20,6,9,vit_tiny,cifar10,1000.0,8,base.blocks.7,0.922500
20,6,9,vit_tiny,cifar10,1000.0,9,base.blocks.8,0.922944
20,6,9,vit_tiny,cifar10,1000.0,10,base.blocks.9,0.923306
20,6,9,vit_tiny,cifar10,1000.0,11,base.blocks.10,0.920678
20,6,9,vit_tiny,cifar10,1000.0,12,base.blocks.11,0.919137
20,6,9,vit_tiny,cifar10,1000.0,13,base.norm,0.924522
20,6,9,vit_tiny,cifar10,1000.0,14,classifier,0.846478
20,7,8,vit_tiny,cifar10,1000.0,0,base.patch_embed,0.988006
20,7,8,vit_tiny,cifar10,1000.0,1,base.blocks.0,0.989734
20,7,8,vit_tiny,cifar10,1000.0,2,base.blocks.1,0.989994
20,7,8,vit_tiny,cifar10,1000.0,3,base.blocks.2,0.987752
20,7,8,vit_tiny,cifar10,1000.0,4,base.blocks.3,0.983444
20,7,8,vit_tiny,cifar10,1000.0,5,base.blocks.4,0.978061
20,7,8,vit_tiny,cifar10,1000.0,6,base.blocks.5,0.974724
20,7,8,vit_tiny,cifar10,1000.0,7,base.blocks.6,0.971574
20,7,8,vit_tiny,cifar10,1000.0,8,base.blocks.7,0.968519
20,7,8,vit_tiny,cifar10,1000.0,9,base.blocks.8,0.967079
20,7,8,vit_tiny,cifar10,1000.0,10,base.blocks.9,0.966078
20,7,8,vit_tiny,cifar10,1000.0,11,base.blocks.10,0.963726
20,7,8,vit_tiny,cifar10,1000.0,12,base.blocks.11,0.960785
20,7,8,vit_tiny,cifar10,1000.0,13,base.norm,0.954761
20,7,8,vit_tiny,cifar10,1000.0,14,classifier,0.897529
20,7,9,vit_tiny,cifar10,1000.0,0,base.patch_embed,0.983383
20,7,9,vit_tiny,cifar10,1000.0,1,base.blocks.0,0.930066
20,7,9,vit_tiny,cifar10,1000.0,2,base.blocks.1,0.900750
20,7,9,vit_tiny,cifar10,1000.0,3,base.blocks.2,0.896124
20,7,9,vit_tiny,cifar10,1000.0,4,base.blocks.3,0.891441
20,7,9,vit_tiny,cifar10,1000.0,5,base.blocks.4,0.909014
20,7,9,vit_tiny,cifar10,1000.0,6,base.blocks.5,0.916804
20,7,9,vit_tiny,cifar10,1000.0,7,base.blocks.6,0.925833
20,7,9,vit_tiny,cifar10,1000.0,8,base.blocks.7,0.932265
20,7,9,vit_tiny,cifar10,1000.0,9,base.blocks.8,0.932175
20,7,9,vit_tiny,cifar10,1000.0,10,base.blocks.9,0.931406
20,7,9,vit_tiny,cifar10,1000.0,11,base.blocks.10,0.926014
20,7,9,vit_tiny,cifar10,1000.0,12,base.blocks.11,0.919737
20,7,9,vit_tiny,cifar10,1000.0,13,base.norm,0.936872
20,7,9,vit_tiny,cifar10,1000.0,14,classifier,0.838199
20,8,9,vit_tiny,cifar10,1000.0,0,base.patch_embed,0.974724
20,8,9,vit_tiny,cifar10,1000.0,1,base.blocks.0,0.902867
20,8,9,vit_tiny,cifar10,1000.0,2,base.blocks.1,0.873187
20,8,9,vit_tiny,cifar10,1000.0,3,base.blocks.2,0.864300
20,8,9,vit_tiny,cifar10,1000.0,4,base.blocks.3,0.852158
20,8,9,vit_tiny,cifar10,1000.0,5,base.blocks.4,0.861238
20,8,9,vit_tiny,cifar10,1000.0,6,base.blocks.5,0.865389
20,8,9,vit_tiny,cifar10,1000.0,7,base.blocks.6,0.875842
20,8,9,vit_tiny,cifar10,1000.0,8,base.blocks.7,0.878413
20,8,9,vit_tiny,cifar10,1000.0,9,base.blocks.8,0.877440
20,8,9,vit_tiny,cifar10,1000.0,10,base.blocks.9,0.877228
20,8,9,vit_tiny,cifar10,1000.0,11,base.blocks.10,0.867310
20,8,9,vit_tiny,cifar10,1000.0,12,base.blocks.11,0.858685
20,8,9,vit_tiny,cifar10,1000.0,13,base.norm,0.867673
20,8,9,vit_tiny,cifar10,1000.0,14,classifier,0.847328
30,0,1,vit_tiny,cifar10,1000.0,0,base.patch_embed,0.972801
30,0,1,vit_tiny,cifar10,1000.0,1,base.blocks.0,0.947606
30,0,1,vit_tiny,cifar10,1000.0,2,base.blocks.1,0.945148
30,0,1,vit_tiny,cifar10,1000.0,3,base.blocks.2,0.950556
30,0,1,vit_tiny,cifar10,1000.0,4,base.blocks.3,0.946772
30,0,1,vit_tiny,cifar10,1000.0,5,base.blocks.4,0.951237
30,0,1,vit_tiny,cifar10,1000.0,6,base.blocks.5,0.951737
30,0,1,vit_tiny,cifar10,1000.0,7,base.blocks.6,0.953223
30,0,1,vit_tiny,cifar10,1000.0,8,base.blocks.7,0.953419
30,0,1,vit_tiny,cifar10,1000.0,9,base.blocks.8,0.950830
30,0,1,vit_tiny,cifar10,1000.0,10,base.blocks.9,0.949217
30,0,1,vit_tiny,cifar10,1000.0,11,base.blocks.10,0.945408
30,0,1,vit_tiny,cifar10,1000.0,12,base.blocks.11,0.938298
30,0,1,vit_tiny,cifar10,1000.0,13,base.norm,0.938570
30,0,1,vit_tiny,cifar10,1000.0,14,classifier,0.771536
30,0,2,vit_tiny,cifar10,1000.0,0,base.patch_embed,0.993703
30,0,2,vit_tiny,cifar10,1000.0,1,base.blocks.0,0.979290
30,0,2,vit_tiny,cifar10,1000.0,2,base.blocks.1,0.975439
30,0,2,vit_tiny,cifar10,1000.0,3,base.blocks.2,0.975485
30,0,2,vit_tiny,cifar10,1000.0,4,base.blocks.3,0.972456
30,0,2,vit_tiny,cifar10,1000.0,5,base.blocks.4,0.972792
30,0,2,vit_tiny,cifar10,1000.0,6,base.blocks.5,0.973243
30,0,2,vit_tiny,cifar10,1000.0,7,base.blocks.6,0.971498
30,0,2,vit_tiny,cifar10,1000.0,8,base.blocks.7,0.969248
30,0,2,vit_tiny,cifar10,1000.0,9,base.blocks.8,0.967431
30,0,2,vit_tiny,cifar10,1000.0,10,base.blocks.9,0.966078
30,0,2,vit_tiny,cifar10,1000.0,11,base.blocks.10,0.965252
30,0,2,vit_tiny,cifar10,1000.0,12,base.blocks.11,0.964615
30,0,2,vit_tiny,cifar10,1000.0,13,base.norm,0.943526
30,0,2,vit_tiny,cifar10,1000.0,14,classifier,0.801547
30,0,3,vit_tiny,cifar10,1000.0,0,base.patch_embed,0.983627
30,0,3,vit_tiny,cifar10,1000.0,1,base.blocks.0,0.977730
30,0,3,vit_tiny,cifar10,1000.0,2,base.blocks.1,0.977740
30,0,3,vit_tiny,cifar10,1000.0,3,base.blocks.2,0.975990
30,0,3,vit_tiny,cifar10,1000.0,4,base.blocks.3,0.973756
30,0,3,vit_tiny,cifar10,1000.0,5,base.blocks.4,0.969749
30,0,3,vit_tiny,cifar10,1000.0,6,base.blocks.5,0.968279
30,0,3,vit_tiny,cifar10,1000.0,7,base.blocks.6,0.966757
30,0,3,vit_tiny,cifar10,1000.0,8,base.blocks.7,0.964777
30,0,3,vit_tiny,cifar10,1000.0,9,base.blocks.8,0.965031
30,0,3,vit_tiny,cifar10,1000.0,10,base.blocks.9,0.964641
30,0,3,vit_tiny,cifar10,1000.0,11,base.blocks.10,0.963688
30,0,3,vit_tiny,cifar10,1000.0,12,base.blocks.11,0.961913
30,0,3,vit_tiny,cifar10,1000.0,13,base.norm,0.954632
30,0,3,vit_tiny,cifar10,1000.0,14,classifier,0.851309
30,0,4,vit_tiny,cifar10,1000.0,0,base.patch_embed,0.990033
30,0,4,vit_tiny,cifar10,1000.0,1,base.blocks.0,0.971695
30,0,4,vit_tiny,cifar10,1000.0,2,base.blocks.1,0.964995
30,0,4,vit_tiny,cifar10,1000.0,3,base.blocks.2,0.960886
30,0,4,vit_tiny,cifar10,1000.0,4,base.blocks.3,0.956344
30,0,4,vit_tiny,cifar10,1000.0,5,base.blocks.4,0.955288
30,0,4,vit_tiny,cifar10,1000.0,6,base.blocks.5,0.957692
30,0,4,vit_tiny,cifar10,1000.0,7,base.blocks.6,0.955206
30,0,4,vit_tiny,cifar10,1000.0,8,base.blocks.7,0.954216
30,0,4,vit_tiny,cifar10,1000.0,9,base.blocks.8,0.953169
30,0,4,vit_tiny,cifar10,1000.0,10,base.blocks.9,0.952534
30,0,4,vit_tiny,cifar10,1000.0,11,base.blocks.10,0.951296
30,0,4,vit_tiny,cifar10,1000.0,12,base.blocks.11,0.949684
30,0,4,vit_tiny,cifar10,1000.0,13,base.norm,0.925058
30,0,4,vit_tiny,cifar10,1000.0,14,classifier,0.794372
30,0,5,vit_tiny,cifar10,1000.0,0,base.patch_embed,0.987565
30,0,5,vit_tiny,cifar10,1000.0,1,base.blocks.0,0.980226
30,0,5,vit_tiny,cifar10,1000.0,2,base.blocks.1,0.979151
30,0,5,vit_tiny,cifar10,1000.0,3,base.blocks.2,0.978643
30,0,5,vit_tiny,cifar10,1000.0,4,base.blocks.3,0.975221
30,0,5,vit_tiny,cifar10,1000.0,5,base.blocks.4,0.975944
30,0,5,vit_tiny,cifar10,1000.0,6,base.blocks.5,0.975406
30,0,5,vit_tiny,cifar10,1000.0,7,base.blocks.6,0.975032
30,0,5,vit_tiny,cifar10,1000.0,8,base.blocks.7,0.972441
30,0,5,vit_tiny,cifar10,1000.0,9,base.blocks.8,0.970511
30,0,5,vit_tiny,cifar10,1000.0,10,base.blocks.9,0.967713
30,0,5,vit_tiny,cifar10,1000.0,11,base.blocks.10,0.961226
30,0,5,vit_tiny,cifar10,1000.0,12,base.blocks.11,0.953010
30,0,5,vit_tiny,cifar10,1000.0,13,base.norm,0.939055
30,0,5,vit_tiny,cifar10,1000.0,14,classifier,0.780414
30,0,6,vit_tiny,cifar10,1000.0,0,base.patch_embed,0.995769
30,0,6,vit_tiny,cifar10,1000.0,1,base.blocks.0,0.982613
30,0,6,vit_tiny,cifar10,1000.0,2,base.blocks.1,0.977295
30,0,6,vit_tiny,cifar10,1000.0,3,base.blocks.2,0.976932
30,0,6,vit_tiny,cifar10,1000.0,4,base.blocks.3,0.977801
30,0,6,vit_tiny,cifar10,1000.0,5,base.blocks.4,0.981720
30,0,6,vit_tiny,cifar10,1000.0,6,base.blocks.5,0.983369
30,0,6,vit_tiny,cifar10,1000.0,7,base.blocks.6,0.983732
30,0,6,vit_tiny,cifar10,1000.0,8,base.blocks.7,0.983809
30,0,6,vit_tiny,cifar10,1000.0,9,base.blocks.8,0.983074
30,0,6,vit_tiny,cifar10,1000.0,10,base.blocks.9,0.982248
30,0,6,vit_tiny,cifar10,1000.0,11,base.blocks.10,0.980666
30,0,6,vit_tiny,cifar10,1000.0,12,base.blocks.11,0.978270
30,0,6,vit_tiny,cifar10,1000.0,13,base.norm,0.967957
30,0,6,vit_tiny,cifar10,1000.0,14,classifier,0.785353
30,0,7,vit_tiny,cifar10,1000.0,0,base.patch_embed,0.966188
30,0,7,vit_tiny,cifar10,1000.0,1,base.blocks.0,0.959267
30,0,7,vit_tiny,cifar10,1000.0,2,base.blocks.1,0.958310
30,0,7,vit_tiny,cifar10,1000.0,3,base.blocks.2,0.955843
30,0,7,vit_tiny,cifar10,1000.0,4,base.blocks.3,0.953608
30,0,7,vit_tiny,cifar10,1000.0,5,base.blocks.4,0.950641
30,0,7,vit_tiny,cifar10,1000.0,6,base.blocks.5,0.949454
30,0,7,vit_tiny,cifar10,1000.0,7,base.blocks.6,0.945262
30,0,7,vit_tiny,cifar10,1000.0,8,base.blocks.7,0.940611
30,0,7,vit_tiny,cifar10,1000.0,9,base.blocks.8,0.941108
30,0,7,vit_tiny,cifar10,1000.0,10,base.blocks.9,0.940291
30,0,7,vit_tiny,cifar10,1000.0,11,base.blocks.10,0.940287
30,0,7,vit_tiny,cifar10,1000.0,12,base.blocks.11,0.939245
30,0,7,vit_tiny,cifar10,1000.0,13,base.norm,0.929189
30,0,7,vit_tiny,cifar10,1000.0,14,classifier,0.825115
30,0,8,vit_tiny,cifar10,1000.0,0,base.patch_embed,0.990593
30,0,8,vit_tiny,cifar10,1000.0,1,base.blocks.0,0.960985
30,0,8,vit_tiny,cifar10,1000.0,2,base.blocks.1,0.942600
30,0,8,vit_tiny,cifar10,1000.0,3,base.blocks.2,0.932415
30,0,8,vit_tiny,cifar10,1000.0,4,base.blocks.3,0.925454
30,0,8,vit_tiny,cifar10,1000.0,5,base.blocks.4,0.928807
30,0,8,vit_tiny,cifar10,1000.0,6,base.blocks.5,0.931254
30,0,8,vit_tiny,cifar10,1000.0,7,base.blocks.6,0.934532
30,0,8,vit_tiny,cifar10,1000.0,8,base.blocks.7,0.934306
30,0,8,vit_tiny,cifar10,1000.0,9,base.blocks.8,0.937842
30,0,8,vit_tiny,cifar10,1000.0,10,base.blocks.9,0.939282
30,0,8,vit_tiny,cifar10,1000.0,11,base.blocks.10,0.938737
30,0,8,vit_tiny,cifar10,1000.0,12,base.blocks.11,0.936285
30,0,8,vit_tiny,cifar10,1000.0,13,base.norm,0.926567
30,0,8,vit_tiny,cifar10,1000.0,14,classifier,0.779910
30,0,9,vit_tiny,cifar10,1000.0,0,base.patch_embed,0.973913
30,0,9,vit_tiny,cifar10,1000.0,1,base.blocks.0,0.967385
30,0,9,vit_tiny,cifar10,1000.0,2,base.blocks.1,0.977807
30,0,9,vit_tiny,cifar10,1000.0,3,base.blocks.2,0.981321
30,0,9,vit_tiny,cifar10,1000.0,4,base.blocks.3,0.981944
30,0,9,vit_tiny,cifar10,1000.0,5,base.blocks.4,0.986278
30,0,9,vit_tiny,cifar10,1000.0,6,base.blocks.5,0.987150
30,0,9,vit_tiny,cifar10,1000.0,7,base.blocks.6,0.986823
30,0,9,vit_tiny,cifar10,1000.0,8,base.blocks.7,0.985913
30,0,9,vit_tiny,cifar10,1000.0,9,base.blocks.8,0.985196
30,0,9,vit_tiny,cifar10,1000.0,10,base.blocks.9,0.983986
30,0,9,vit_tiny,cifar10,1000.0,11,base.blocks.10,0.982055
30,0,9,vit_tiny,cifar10,1000.0,12,base.blocks.11,0.979183
30,0,9,vit_tiny,cifar10,1000.0,13,base.norm,0.968624
30,0,9,vit_tiny,cifar10,1000.0,14,classifier,0.775882
30,1,2,vit_tiny,cifar10,1000.0,0,base.patch_embed,0.978755
30,1,2,vit_tiny,cifar10,1000.0,1,base.blocks.0,0.952304
30,1,2,vit_tiny,cifar10,1000.0,2,base.blocks.1,0.958546
30,1,2,vit_tiny,cifar10,1000.0,3,base.blocks.2,0.955374
30,1,2,vit_tiny,cifar10,1000.0,4,base.blocks.3,0.944773
30,1,2,vit_tiny,cifar10,1000.0,5,base.blocks.4,0.939903
30,1,2,vit_tiny,cifar10,1000.0,6,base.blocks.5,0.936427
30,1,2,vit_tiny,cifar10,1000.0,7,base.blocks.6,0.933838
30,1,2,vit_tiny,cifar10,1000.0,8,base.blocks.7,0.930370
30,1,2,vit_tiny,cifar10,1000.0,9,base.blocks.8,0.919298
30,1,2,vit_tiny,cifar10,1000.0,10,base.blocks.9,0.915342
30,1,2,vit_tiny,cifar10,1000.0,11,base.blocks.10,0.909515
30,1,2,vit_tiny,cifar10,1000.0,12,base.blocks.11,0.902253
30,1,2,vit_tiny,cifar10,1000.0,13,base.norm,0.894267
30,1,2,vit_tiny,cifar10,1000.0,14,classifier,0.806099
30,1,3,vit_tiny,cifar10,1000.0,0,base.patch_embed,0.980112
30,1,3,vit_tiny,cifar10,1000.0,1,base.blocks.0,0.915969
30,1,3,vit_tiny,cifar10,1000.0,2,base.blocks.1,0.914884
30,1,3,vit_tiny,cifar10,1000.0,3,base.blocks.2,0.922404
30,1,3,vit_tiny,cifar10,1000.0,4,base.blocks.3,0.923398
30,1,3,vit_tiny,cifar10,1000.0,5,base.blocks.4,0.929377
30,1,3,vit_tiny,cifar10,1000.0,6,base.blocks.5,0.932255
30,1,3,vit_tiny,cifar10,1000.0,7,base.blocks.6,0.934522
30,1,3,vit_tiny,cifar10,1000.0,8,base.blocks.7,0.939042
30,1,3,vit_tiny,cifar10,1000.0,9,base.blocks.8,0.935763
30,1,3,vit_tiny,cifar10,1000.0,10,base.blocks.9,0.938007
30,1,3,vit_tiny,cifar10,1000.0,11,base.blocks.10,0.938604
30,1,3,vit_tiny,cifar10,1000.0,12,base.blocks.11,0.937171
30,1,3,vit_tiny,cifar10,1000.0,13,base.norm,0.922568
30,1,3,vit_tiny,cifar10,1000.0,14,classifier,0.810181
30,1,4,vit_tiny,cifar10,1000.0,0,base.patch_embed,0.981259
30,1,4,vit_tiny,cifar10,1000.0,1,base.blocks.0,0.977277
30,1,4,vit_tiny,cifar10,1000.0,2,base.blocks.1,0.976643
30,1,4,vit_tiny,cifar10,1000.0,3,base.blocks.2,0.977564
30,1,4,vit_tiny,cifar10,1000.0,4,base.blocks.3,0.971976
30,1,4,vit_tiny,cifar10,1000.0,5,base.blocks.4,0.968329
30,1,4,vit_tiny,cifar10,1000.0,6,base.blocks.5,0.964551
30,1,4,vit_tiny,cifar10,1000.0,7,base.blocks.6,0.960741
30,1,4,vit_tiny,cifar10,1000.0,8,base.blocks.7,0.953564
30,1,4,vit_tiny,cifar10,1000.0,9,base.blocks.8,0.942217
30,1,4,vit_tiny,cifar10,1000.0,10,base.blocks.9,0.937389
30,1,4,vit_tiny,cifar10,1000.0,11,base.blocks.10,0.929756
30,1,4,vit_tiny,cifar10,1000.0,12,base.blocks.11,0.920207
30,1,4,vit_tiny,cifar10,1000.0,13,base.norm,0.896112
30,1,4,vit_tiny,cifar10,1000.0,14,classifier,0.768683
30,1,5,vit_tiny,cifar10,1000.0,0,base.patch_embed,0.982925
30,1,5,vit_tiny,cifar10,1000.0,1,base.blocks.0,0.953562
30,1,5,vit_tiny,cifar10,1000.0,2,base.blocks.1,0.969563
30,1,5,vit_tiny,cifar10,1000.0,3,base.blocks.2,0.975144
30,1,5,vit_tiny,cifar10,1000.0,4,base.blocks.3,0.977675
30,1,5,vit_tiny,cifar10,1000.0,5,base.blocks.4,0.980423
30,1,5,vit_tiny,cifar10,1000.0,6,base.blocks.5,0.981159
30,1,5,vit_tiny,cifar10,1000.0,7,base.blocks.6,0.980348
30,1,5,vit_tiny,cifar10,1000.0,8,base.blocks.7,0.980175
30,1,5,vit_tiny,cifar10,1000.0,9,base.blocks.8,0.976573
30,1,5,vit_tiny,cifar10,1000.0,10,base.blocks.9,0.975564
30,1,5,vit_tiny,cifar10,1000.0,11,base.blocks.10,0.972675
30,1,5,vit_tiny,cifar10,1000.0,12,base.blocks.11,0.969766
30,1,5,vit_tiny,cifar10,1000.0,13,base.norm,0.950922
30,1,5,vit_tiny,cifar10,1000.0,14,classifier,0.881631
30,1,6,vit_tiny,cifar10,1000.0,0,base.patch_embed,0.985547
30,1,6,vit_tiny,cifar10,1000.0,1,base.blocks.0,0.967231
30,1,6,vit_tiny,cifar10,1000.0,2,base.blocks.1,0.974553
30,1,6,vit_tiny,cifar10,1000.0,3,base.blocks.2,0.979166
30,1,6,vit_tiny,cifar10,1000.0,4,base.blocks.3,0.979452
30,1,6,vit_tiny,cifar10,1000.0,5,base.blocks.4,0.979541
30,1,6,vit_tiny,cifar10,1000.0,6,base.blocks.5,0.977755
30,1,6,vit_tiny,cifar10,1000.0,7,base.blocks.6,0.975836
30,1,6,vit_tiny,cifar10,1000.0,8,base.blocks.7,0.972551
30,1,6,vit_tiny,cifar10,1000.0,9,base.blocks.8,0.966300
30,1,6,vit_tiny,cifar10,1000.0,10,base.blocks.9,0.963279
30,1,6,vit_tiny,cifar10,1000.0,11,base.blocks.10,0.959012
30,1,6,vit_tiny,cifar10,1000.0,12,base.blocks.11,0.951234
30,1,6,vit_tiny,cifar10,1000.0,13,base.norm,0.941032
30,1,6,vit_tiny,cifar10,1000.0,14,classifier,0.801415
30,1,7,vit_tiny,cifar10,1000.0,0,base.patch_embed,0.994763
30,1,7,vit_tiny,cifar10,1000.0,1,base.blocks.0,0.969774
30,1,7,vit_tiny,cifar10,1000.0,2,base.blocks.1,0.971228
30,1,7,vit_tiny,cifar10,1000.0,3,base.blocks.2,0.964837
30,1,7,vit_tiny,cifar10,1000.0,4,base.blocks.3,0.955189
30,1,7,vit_tiny,cifar10,1000.0,5,base.blocks.4,0.944215
30,1,7,vit_tiny,cifar10,1000.0,6,base.blocks.5,0.933133
30,1,7,vit_tiny,cifar10,1000.0,7,base.blocks.6,0.924429
30,1,7,vit_tiny,cifar10,1000.0,8,base.blocks.7,0.914934
30,1,7,vit_tiny,cifar10,1000.0,9,base.blocks.8,0.902353
30,1,7,vit_tiny,cifar10,1000.0,10,base.blocks.9,0.897364
30,1,7,vit_tiny,cifar10,1000.0,11,base.blocks.10,0.893934
30,1,7,vit_tiny,cifar10,1000.0,12,base.blocks.11,0.887580
30,1,7,vit_tiny,cifar10,1000.0,13,base.norm,0.889371
30,1,7,vit_tiny,cifar10,1000.0,14,classifier,0.828185
30,1,8,vit_tiny,cifar10,1000.0,0,base.patch_embed,0.990373
30,1,8,vit_tiny,cifar10,1000.0,1,base.blocks.0,0.972995
30,1,8,vit_tiny,cifar10,1000.0,2,base.blocks.1,0.973101
30,1,8,vit_tiny,cifar10,1000.0,3,base.blocks.2,0.970624
30,1,8,vit_tiny,cifar10,1000.0,4,base.blocks.3,0.969449
30,1,8,vit_tiny,cifar10,1000.0,5,base.blocks.4,0.969538
30,1,8,vit_tiny,cifar10,1000.0,6,base.blocks.5,0.970513
30,1,8,vit_tiny,cifar10,1000.0,7,base.blocks.6,0.969112
30,1,8,vit_tiny,cifar10,1000.0,8,base.blocks.7,0.969980
30,1,8,vit_tiny,cifar10,1000.0,9,base.blocks.8,0.968181
30,1,8,vit_tiny,cifar10,1000.0,10,base.blocks.9,0.969911
30,1,8,vit_tiny,cifar10,1000.0,11,base.blocks.10,0.968824
30,1,8,vit_tiny,cifar10,1000.0,12,base.blocks.11,0.966046
30,1,8,vit_tiny,cifar10,1000.0,13,base.norm,0.949942
30,1,8,vit_tiny,cifar10,1000.0,14,classifier,0.846963
30,1,9,vit_tiny,cifar10,1000.0,0,base.patch_embed,0.981994
30,1,9,vit_tiny,cifar10,1000.0,1,base.blocks.0,0.961095
30,1,9,vit_tiny,cifar10,1000.0,2,base.blocks.1,0.955968
30,1,9,vit_tiny,cifar10,1000.0,3,base.blocks.2,0.952125
30,1,9,vit_tiny,cifar10,1000.0,4,base.blocks.3,0.942885
30,1,9,vit_tiny,cifar10,1000.0,5,base.blocks.4,0.944541
30,1,9,vit_tiny,cifar10,1000.0,6,base.blocks.5,0.943299
30,1,9,vit_tiny,cifar10,1000.0,7,base.blocks.6,0.945052
30,1,9,vit_tiny,cifar10,1000.0,8,base.blocks.7,0.945472
30,1,9,vit_tiny,cifar10,1000.0,9,base.blocks.8,0.942931
30,1,9,vit_tiny,cifar10,1000.0,10,base.blocks.9,0.942216
30,1,9,vit_tiny,cifar10,1000.0,11,base.blocks.10,0.939767
30,1,9,vit_tiny,cifar10,1000.0,12,base.blocks.11,0.935264
30,1,9,vit_tiny,cifar10,1000.0,13,base.norm,0.920415
30,1,9,vit_tiny,cifar10,1000.0,14,classifier,0.779867
30,2,3,vit_tiny,cifar10,1000.0,0,base.patch_embed,0.994657
30,2,3,vit_tiny,cifar10,1000.0,1,base.blocks.0,0.968956
30,2,3,vit_tiny,cifar10,1000.0,2,base.blocks.1,0.957133
30,2,3,vit_tiny,cifar10,1000.0,3,base.blocks.2,0.956994
30,2,3,vit_tiny,cifar10,1000.0,4,base.blocks.3,0.949086
30,2,3,vit_tiny,cifar10,1000.0,5,base.blocks.4,0.947332
30,2,3,vit_tiny,cifar10,1000.0,6,base.blocks.5,0.947104
30,2,3,vit_tiny,cifar10,1000.0,7,base.blocks.6,0.945861
30,2,3,vit_tiny,cifar10,1000.0,8,base.blocks.7,0.942159
30,2,3,vit_tiny,cifar10,1000.0,9,base.blocks.8,0.940082
30,2,3,vit_tiny,cifar10,1000.0,10,base.blocks.9,0.939466
30,2,3,vit_tiny,cifar10,1000.0,11,base.blocks.10,0.938996
30,2,3,vit_tiny,cifar10,1000.0,12,base.blocks.11,0.938364
30,2,3,vit_tiny,cifar10,1000.0,13,base.norm,0.900532
30,2,3,vit_tiny,cifar10,1000.0,14,classifier,0.844882
30,2,4,vit_tiny,cifar10,1000.0,0,base.patch_embed,0.981101
30,2,4,vit_tiny,cifar10,1000.0,1,base.blocks.0,0.977644
30,2,4,vit_tiny,cifar10,1000.0,2,base.blocks.1,0.982215
30,2,4,vit_tiny,cifar10,1000.0,3,base.blocks.2,0.980157
30,2,4,vit_tiny,cifar10,1000.0,4,base.blocks.3,0.976789
30,2,4,vit_tiny,cifar10,1000.0,5,base.blocks.4,0.970497
30,2,4,vit_tiny,cifar10,1000.0,6,base.blocks.5,0.968760
30,2,4,vit_tiny,cifar10,1000.0,7,base.blocks.6,0.964489
30,2,4,vit_tiny,cifar10,1000.0,8,base.blocks.7,0.960170
30,2,4,vit_tiny,cifar10,1000.0,9,base.blocks.8,0.954426
30,2,4,vit_tiny,cifar10,1000.0,10,base.blocks.9,0.951611
30,2,4,vit_tiny,cifar10,1000.0,11,base.blocks.10,0.946208
30,2,4,vit_tiny,cifar10,1000.0,12,base.blocks.11,0.941578
30,2,4,vit_tiny,cifar10,1000.0,13,base.norm,0.936202
30,2,4,vit_tiny,cifar10,1000.0,14,classifier,0.841766
30,2,5,vit_tiny,cifar10,1000.0,0,base.patch_embed,0.996355
30,2,5,vit_tiny,cifar10,1000.0,1,base.blocks.0,0.982001
30,2,5,vit_tiny,cifar10,1000.0,2,base.blocks.1,0.976055
30,2,5,vit_tiny,cifar10,1000.0,3,base.blocks.2,0.974083
30,2,5,vit_tiny,cifar10,1000.0,4,base.blocks.3,0.966785
30,2,5,vit_tiny,cifar10,1000.0,5,base.blocks.4,0.966038
30,2,5,vit_tiny,cifar10,1000.0,6,base.blocks.5,0.965150
30,2,5,vit_tiny,cifar10,1000.0,7,base.blocks.6,0.965672
30,2,5,vit_tiny,cifar10,1000.0,8,base.blocks.7,0.963196
30,2,5,vit_tiny,cifar10,1000.0,9,base.blocks.8,0.958303
30,2,5,vit_tiny,cifar10,1000.0,10,base.blocks.9,0.954816
30,2,5,vit_tiny,cifar10,1000.0,11,base.blocks.10,0.948084
30,2,5,vit_tiny,cifar10,1000.0,12,base.blocks.11,0.941853
30,2,5,vit_tiny,cifar10,1000.0,13,base.norm,0.930610
30,2,5,vit_tiny,cifar10,1000.0,14,classifier,0.857221
30,2,6,vit_tiny,cifar10,1000.0,0,base.patch_embed,0.997333
30,2,6,vit_tiny,cifar10,1000.0,1,base.blocks.0,0.982727
30,2,6,vit_tiny,cifar10,1000.0,2,base.blocks.1,0.981004
30,2,6,vit_tiny,cifar10,1000.0,3,base.blocks.2,0.980067
30,2,6,vit_tiny,cifar10,1000.0,4,base.blocks.3,0.975396
30,2,6,vit_tiny,cifar10,1000.0,5,base.blocks.4,0.974007
30,2,6,vit_tiny,cifar10,1000.0,6,base.blocks.5,0.973038
30,2,6,vit_tiny,cifar10,1000.0,7,base.blocks.6,0.970938
30,2,6,vit_tiny,cifar10,1000.0,8,base.blocks.7,0.968582
30,2,6,vit_tiny,cifar10,1000.0,9,base.blocks.8,0.962696
30,2,6,vit_tiny,cifar10,1000.0,10,base.blocks.9,0.959422
30,2,6,vit_tiny,cifar10,1000.0,11,base.blocks.10,0.954786
30,2,6,vit_tiny,cifar10,1000.0,12,base.blocks.11,0.950389
30,2,6,vit_tiny,cifar10,1000.0,13,base.norm,0.926720
30,2,6,vit_tiny,cifar10,1000.0,14,classifier,0.833583
30,2,7,vit_tiny,cifar10,1000.0,0,base.patch_embed,0.982193
30,2,7,vit_tiny,cifar10,1000.0,1,base.blocks.0,0.988167
30,2,7,vit_tiny,cifar10,1000.0,2,base.blocks.1,0.991097
30,2,7,vit_tiny,cifar10,1000.0,3,base.blocks.2,0.989647
30,2,7,vit_tiny,cifar10,1000.0,4,base.blocks.3,0.988358
30,2,7,vit_tiny,cifar10,1000.0,5,base.blocks.4,0.985669
30,2,7,vit_tiny,cifar10,1000.0,6,base.blocks.5,0.984524
30,2,7,vit_tiny,cifar10,1000.0,7,base.blocks.6,0.981923
30,2,7,vit_tiny,cifar10,1000.0,8,base.blocks.7,0.979591
30,2,7,vit_tiny,cifar10,1000.0,9,base.blocks.8,0.978061
30,2,7,vit_tiny,cifar10,1000.0,10,base.blocks.9,0.977451
30,2,7,vit_tiny,cifar10,1000.0,11,base.blocks.10,0.975178
30,2,7,vit_tiny,cifar10,1000.0,12,base.blocks.11,0.972468
30,2,7,vit_tiny,cifar10,1000.0,13,base.norm,0.965265
30,2,7,vit_tiny,cifar10,1000.0,14,classifier,0.817900
30,2,8,vit_tiny,cifar10,1000.0,0,base.patch_embed,0.992056
30,2,8,vit_tiny,cifar10,1000.0,1,base.blocks.0,0.959895
30,2,8,vit_tiny,cifar10,1000.0,2,base.blocks.1,0.951709
30,2,8,vit_tiny,cifar10,1000.0,3,base.blocks.2,0.939013
30,2,8,vit_tiny,cifar10,1000.0,4,base.blocks.3,0.921135
30,2,8,vit_tiny,cifar10,1000.0,5,base.blocks.4,0.913921
30,2,8,vit_tiny,cifar10,1000.0,6,base.blocks.5,0.912261
30,2,8,vit_tiny,cifar10,1000.0,7,base.blocks.6,0.911239
30,2,8,vit_tiny,cifar10,1000.0,8,base.blocks.7,0.906489
30,2,8,vit_tiny,cifar10,1000.0,9,base.blocks.8,0.902840
30,2,8,vit_tiny,cifar10,1000.0,10,base.blocks.9,0.902904
30,2,8,vit_tiny,cifar10,1000.0,11,base.blocks.10,0.901367
30,2,8,vit_tiny,cifar10,1000.0,12,base.blocks.11,0.899650
30,2,8,vit_tiny,cifar10,1000.0,13,base.norm,0.888573
30,2,8,vit_tiny,cifar10,1000.0,14,classifier,0.847481
30,2,9,vit_tiny,cifar10,1000.0,0,base.patch_embed,0.990751
30,2,9,vit_tiny,cifar10,1000.0,1,base.blocks.0,0.986185
30,2,9,vit_tiny,cifar10,1000.0,2,base.blocks.1,0.989296
30,2,9,vit_tiny,cifar10,1000.0,3,base.blocks.2,0.986537
30,2,9,vit_tiny,cifar10,1000.0,4,base.blocks.3,0.985774
30,2,9,vit_tiny,cifar10,1000.0,5,base.blocks.4,0.983902
30,2,9,vit_tiny,cifar10,1000.0,6,base.blocks.5,0.982994
30,2,9,vit_tiny,cifar10,1000.0,7,base.blocks.6,0.981345
30,2,9,vit_tiny,cifar10,1000.0,8,base.blocks.7,0.978898
30,2,9,vit_tiny,cifar10,1000.0,9,base.blocks.8,0.976024
30,2,9,vit_tiny,cifar10,1000.0,10,base.blocks.9,0.973914
30,2,9,vit_tiny,cifar10,1000.0,11,base.blocks.10,0.969803
30,2,9,vit_tiny,cifar10,1000.0,12,base.blocks.11,0.965129
30,2,9,vit_tiny,cifar10,1000.0,13,base.norm,0.940403
30,2,9,vit_tiny,cifar10,1000.0,14,classifier,0.760377
30,3,4,vit_tiny,cifar10,1000.0,0,base.patch_embed,0.965485
30,3,4,vit_tiny,cifar10,1000.0,1,base.blocks.0,0.936294
30,3,4,vit_tiny,cifar10,1000.0,2,base.blocks.1,0.933841
30,3,4,vit_tiny,cifar10,1000.0,3,base.blocks.2,0.935206
30,3,4,vit_tiny,cifar10,1000.0,4,base.blocks.3,0.929931
30,3,4,vit_tiny,cifar10,1000.0,5,base.blocks.4,0.926820
30,3,4,vit_tiny,cifar10,1000.0,6,base.blocks.5,0.926205
30,3,4,vit_tiny,cifar10,1000.0,7,base.blocks.6,0.923055
30,3,4,vit_tiny,cifar10,1000.0,8,base.blocks.7,0.919639
30,3,4,vit_tiny,cifar10,1000.0,9,base.blocks.8,0.916723
30,3,4,vit_tiny,cifar10,1000.0,10,base.blocks.9,0.917636
30,3,4,vit_tiny,cifar10,1000.0,11,base.blocks.10,0.916662
30,3,4,vit_tiny,cifar10,1000.0,12,base.blocks.11,0.915647
30,3,4,vit_tiny,cifar10,1000.0,13,base.norm,0.883335
30,3,4,vit_tiny,cifar10,1000.0,14,classifier,0.844564
30,3,5,vit_tiny,cifar10,1000.0,0,base.patch_embed,0.996790
30,3,5,vit_tiny,cifar10,1000.0,1,base.blocks.0,0.981571
30,3,5,vit_tiny,cifar10,1000.0,2,base.blocks.1,0.974769
30,3,5,vit_tiny,cifar10,1000.0,3,base.blocks.2,0.974249
30,3,5,vit_tiny,cifar10,1000.0,4,base.blocks.3,0.971745
30,3,5,vit_tiny,cifar10,1000.0,5,base.blocks.4,0.971584
30,3,5,vit_tiny,cifar10,1000.0,6,base.blocks.5,0.970674
30,3,5,vit_tiny,cifar10,1000.0,7,base.blocks.6,0.969783
30,3,5,vit_tiny,cifar10,1000.0,8,base.blocks.7,0.968797
30,3,5,vit_tiny,cifar10,1000.0,9,base.blocks.8,0.966583
30,3,5,vit_tiny,cifar10,1000.0,10,base.blocks.9,0.966082
30,3,5,vit_tiny,cifar10,1000.0,11,base.blocks.10,0.965175
30,3,5,vit_tiny,cifar10,1000.0,12,base.blocks.11,0.962668
30,3,5,vit_tiny,cifar10,1000.0,13,base.norm,0.944245
30,3,5,vit_tiny,cifar10,1000.0,14,classifier,0.856548
30,3,6,vit_tiny,cifar10,1000.0,0,base.patch_embed,0.991442
30,3,6,vit_tiny,cifar10,1000.0,1,base.blocks.0,0.976746
30,3,6,vit_tiny,cifar10,1000.0,2,base.blocks.1,0.969396
30,3,6,vit_tiny,cifar10,1000.0,3,base.blocks.2,0.967152
30,3,6,vit_tiny,cifar10,1000.0,4,base.blocks.3,0.964501
30,3,6,vit_tiny,cifar10,1000.0,5,base.blocks.4,0.963044
30,3,6,vit_tiny,cifar10,1000.0,6,base.blocks.5,0.960424
30,3,6,vit_tiny,cifar10,1000.0,7,base.blocks.6,0.958780
30,3,6,vit_tiny,cifar10,1000.0,8,base.blocks.7,0.957407
30,3,6,vit_tiny,cifar10,1000.0,9,base.blocks.8,0.956578
30,3,6,vit_tiny,cifar10,1000.0,10,base.blocks.9,0.957459
30,3,6,vit_tiny,cifar10,1000.0,11,base.blocks.10,0.956716
30,3,6,vit_tiny,cifar10,1000.0,12,base.blocks.11,0.954665
30,3,6,vit_tiny,cifar10,1000.0,13,base.norm,0.935990
30,3,6,vit_tiny,cifar10,1000.0,14,classifier,0.867103
30,3,7,vit_tiny,cifar10,1000.0,0,base.patch_embed,0.986780
30,3,7,vit_tiny,cifar10,1000.0,1,base.blocks.0,0.956649
30,3,7,vit_tiny,cifar10,1000.0,2,base.blocks.1,0.945555
30,3,7,vit_tiny,cifar10,1000.0,3,base.blocks.2,0.944756
30,3,7,vit_tiny,cifar10,1000.0,4,base.blocks.3,0.941622
30,3,7,vit_tiny,cifar10,1000.0,5,base.blocks.4,0.940726
30,3,7,vit_tiny,cifar10,1000.0,6,base.blocks.5,0.938473
30,3,7,vit_tiny,cifar10,1000.0,7,base.blocks.6,0.935515
30,3,7,vit_tiny,cifar10,1000.0,8,base.blocks.7,0.929710
30,3,7,vit_tiny,cifar10,1000.0,9,base.blocks.8,0.930316
30,3,7,vit_tiny,cifar10,1000.0,10,base.blocks.9,0.929679
30,3,7,vit_tiny,cifar10,1000.0,11,base.blocks.10,0.928869
30,3,7,vit_tiny,cifar10,1000.0,12,base.blocks.11,0.926964
30,3,7,vit_tiny,cifar10,1000.0,13,base.norm,0.905751
30,3,7,vit_tiny,cifar10,1000.0,14,classifier,0.838574
30,3,8,vit_tiny,cifar10,1000.0,0,base.patch_embed,0.992884
30,3,8,vit_tiny,cifar10,1000.0,1,base.blocks.0,0.953135
30,3,8,vit_tiny,cifar10,1000.0,2,base.blocks.1,0.938699
30,3,8,vit_tiny,cifar10,1000.0,3,base.blocks.2,0.934052
30,3,8,vit_tiny,cifar10,1000.0,4,base.blocks.3,0.931087
30,3,8,vit_tiny,cifar10,1000.0,5,base.blocks.4,0.936978
30,3,8,vit_tiny,cifar10,1000.0,6,base.blocks.5,0.940139
30,3,8,vit_tiny,cifar10,1000.0,7,base.blocks.6,0.944588
30,3,8,vit_tiny,cifar10,1000.0,8,base.blocks.7,0.947532
30,3,8,vit_tiny,cifar10,1000.0,9,base.blocks.8,0.950038
30,3,8,vit_tiny,cifar10,1000.0,10,base.blocks.9,0.952289
30,3,8,vit_tiny,cifar10,1000.0,11,base.blocks.10,0.952276
30,3,8,vit_tiny,cifar10,1000.0,12,base.blocks.11,0.951652
30,3,8,vit_tiny,cifar10,1000.0,13,base.norm,0.940886
30,3,8,vit_tiny,cifar10,1000.0,14,classifier,0.837272
30,3,9,vit_tiny,cifar10,1000.0,0,base.patch_embed,0.986875
30,3,9,vit_tiny,cifar10,1000.0,1,base.blocks.0,0.966792
30,3,9,vit_tiny,cifar10,1000.0,2,base.blocks.1,0.956632
30,3,9,vit_tiny,cifar10,1000.0,3,base.blocks.2,0.953177
30,3,9,vit_tiny,cifar10,1000.0,4,base.blocks.3,0.949064
30,3,9,vit_tiny,cifar10,1000.0,5,base.blocks.4,0.950794
30,3,9,vit_tiny,cifar10,1000.0,6,base.blocks.5,0.952441
30,3,9,vit_tiny,cifar10,1000.0,7,base.blocks.6,0.953873
30,3,9,vit_tiny,cifar10,1000.0,8,base.blocks.7,0.954722
30,3,9,vit_tiny,cifar10,1000.0,9,base.blocks.8,0.956333
30,3,9,vit_tiny,cifar10,1000.0,10,base.blocks.9,0.957719
30,3,9,vit_tiny,cifar10,1000.0,11,base.blocks.10,0.955674
30,3,9,vit_tiny,cifar10,1000.0,12,base.blocks.11,0.952137
30,3,9,vit_tiny,cifar10,1000.0,13,base.norm,0.931544
30,3,9,vit_tiny,cifar10,1000.0,14,classifier,0.786270
30,4,5,vit_tiny,cifar10,1000.0,0,base.patch_embed,0.976433
30,4,5,vit_tiny,cifar10,1000.0,1,base.blocks.0,0.960925
30,4,5,vit_tiny,cifar10,1000.0,2,base.blocks.1,0.965296
30,4,5,vit_tiny,cifar10,1000.0,3,base.blocks.2,0.969193
30,4,5,vit_tiny,cifar10,1000.0,4,base.blocks.3,0.967283
30,4,5,vit_tiny,cifar10,1000.0,5,base.blocks.4,0.968072
30,4,5,vit_tiny,cifar10,1000.0,6,base.blocks.5,0.968320
30,4,5,vit_tiny,cifar10,1000.0,7,base.blocks.6,0.967162
30,4,5,vit_tiny,cifar10,1000.0,8,base.blocks.7,0.962242
30,4,5,vit_tiny,cifar10,1000.0,9,base.blocks.8,0.955270
30,4,5,vit_tiny,cifar10,1000.0,10,base.blocks.9,0.951055
30,4,5,vit_tiny,cifar10,1000.0,11,base.blocks.10,0.942611
30,4,5,vit_tiny,cifar10,1000.0,12,base.blocks.11,0.932488
30,4,5,vit_tiny,cifar10,1000.0,13,base.norm,0.908673
30,4,5,vit_tiny,cifar10,1000.0,14,classifier,0.808272
30,4,6,vit_tiny,cifar10,1000.0,0,base.patch_embed,0.989895
30,4,6,vit_tiny,cifar10,1000.0,1,base.blocks.0,0.973647
30,4,6,vit_tiny,cifar10,1000.0,2,base.blocks.1,0.979716
30,4,6,vit_tiny,cifar10,1000.0,3,base.blocks.2,0.983920
30,4,6,vit_tiny,cifar10,1000.0,4,base.blocks.3,0.982809
30,4,6,vit_tiny,cifar10,1000.0,5,base.blocks.4,0.981398
30,4,6,vit_tiny,cifar10,1000.0,6,base.blocks.5,0.980957
30,4,6,vit_tiny,cifar10,1000.0,7,base.blocks.6,0.977939
30,4,6,vit_tiny,cifar10,1000.0,8,base.blocks.7,0.975645
30,4,6,vit_tiny,cifar10,1000.0,9,base.blocks.8,0.973731
30,4,6,vit_tiny,cifar10,1000.0,10,base.blocks.9,0.971624
30,4,6,vit_tiny,cifar10,1000.0,11,base.blocks.10,0.970936
30,4,6,vit_tiny,cifar10,1000.0,12,base.blocks.11,0.969366
30,4,6,vit_tiny,cifar10,1000.0,13,base.norm,0.951786
30,4,6,vit_tiny,cifar10,1000.0,14,classifier,0.875358
30,4,7,vit_tiny,cifar10,1000.0,0,base.patch_embed,0.967938
30,4,7,vit_tiny,cifar10,1000.0,1,base.blocks.0,0.972098
30,4,7,vit_tiny,cifar10,1000.0,2,base.blocks.1,0.982624
30,4,7,vit_tiny,cifar10,1000.0,3,base.blocks.2,0.984260
30,4,7,vit_tiny,cifar10,1000.0,4,base.blocks.3,0.981944
30,4,7,vit_tiny,cifar10,1000.0,5,base.blocks.4,0.975162
30,4,7,vit_tiny,cifar10,1000.0,6,base.blocks.5,0.968337
30,4,7,vit_tiny,cifar10,1000.0,7,base.blocks.6,0.959815
30,4,7,vit_tiny,cifar10,1000.0,8,base.blocks.7,0.951301
30,4,7,vit_tiny,cifar10,1000.0,9,base.blocks.8,0.945804
30,4,7,vit_tiny,cifar10,1000.0,10,base.blocks.9,0.941931
30,4,7,vit_tiny,cifar10,1000.0,11,base.blocks.10,0.938302
30,4,7,vit_tiny,cifar10,1000.0,12,base.blocks.11,0.934203
30,4,7,vit_tiny,cifar10,1000.0,13,base.norm,0.926245
30,4,7,vit_tiny,cifar10,1000.0,14,classifier,0.747159
30,4,8,vit_tiny,cifar10,1000.0,0,base.patch_embed,0.983726
30,4,8,vit_tiny,cifar10,1000.0,1,base.blocks.0,0.954383
30,4,8,vit_tiny,cifar10,1000.0,2,base.blocks.1,0.951670
30,4,8,vit_tiny,cifar10,1000.0,3,base.blocks.2,0.950577
30,4,8,vit_tiny,cifar10,1000.0,4,base.blocks.3,0.941810
30,4,8,vit_tiny,cifar10,1000.0,5,base.blocks.4,0.939556
30,4,8,vit_tiny,cifar10,1000.0,6,base.blocks.5,0.937740
30,4,8,vit_tiny,cifar10,1000.0,7,base.blocks.6,0.935441
30,4,8,vit_tiny,cifar10,1000.0,8,base.blocks.7,0.930110
30,4,8,vit_tiny,cifar10,1000.0,9,base.blocks.8,0.924801
30,4,8,vit_tiny,cifar10,1000.0,10,base.blocks.9,0.924239
30,4,8,vit_tiny,cifar10,1000.0,11,base.blocks.10,0.921612
30,4,8,vit_tiny,cifar10,1000.0,12,base.blocks.11,0.918471
30,4,8,vit_tiny,cifar10,1000.0,13,base.norm,0.896359
30,4,8,vit_tiny,cifar10,1000.0,14,classifier,0.854869
30,4,9,vit_tiny,cifar10,1000.0,0,base.patch_embed,0.969142
30,4,9,vit_tiny,cifar10,1000.0,1,base.blocks.0,0.973928
30,4,9,vit_tiny,cifar10,1000.0,2,base.blocks.1,0.978122
30,4,9,vit_tiny,cifar10,1000.0,3,base.blocks.2,0.969748
30,4,9,vit_tiny,cifar10,1000.0,4,base.blocks.3,0.963894
30,4,9,vit_tiny,cifar10,1000.0,5,base.blocks.4,0.958230
30,4,9,vit_tiny,cifar10,1000.0,6,base.blocks.5,0.958754
30,4,9,vit_tiny,cifar10,1000.0,7,base.blocks.6,0.955372
30,4,9,vit_tiny,cifar10,1000.0,8,base.blocks.7,0.953582
30,4,9,vit_tiny,cifar10,1000.0,9,base.blocks.8,0.951957
30,4,9,vit_tiny,cifar10,1000.0,10,base.blocks.9,0.950512
30,4,9,vit_tiny,cifar10,1000.0,11,base.blocks.10,0.947402
30,4,9,vit_tiny,cifar10,1000.0,12,base.blocks.11,0.943222
30,4,9,vit_tiny,cifar10,1000.0,13,base.norm,0.918398
30,4,9,vit_tiny,cifar10,1000.0,14,classifier,0.777913
30,5,6,vit_tiny,cifar10,1000.0,0,base.patch_embed,0.996428
30,5,6,vit_tiny,cifar10,1000.0,1,base.blocks.0,0.996158
30,5,6,vit_tiny,cifar10,1000.0,2,base.blocks.1,0.992840
30,5,6,vit_tiny,cifar10,1000.0,3,base.blocks.2,0.991558
30,5,6,vit_tiny,cifar10,1000.0,4,base.blocks.3,0.989617
30,5,6,vit_tiny,cifar10,1000.0,5,base.blocks.4,0.988839
30,5,6,vit_tiny,cifar10,1000.0,6,base.blocks.5,0.986494
30,5,6,vit_tiny,cifar10,1000.0,7,base.blocks.6,0.984284
30,5,6,vit_tiny,cifar10,1000.0,8,base.blocks.7,0.980787
30,5,6,vit_tiny,cifar10,1000.0,9,base.blocks.8,0.976186
30,5,6,vit_tiny,cifar10,1000.0,10,base.blocks.9,0.972791
30,5,6,vit_tiny,cifar10,1000.0,11,base.blocks.10,0.966850
30,5,6,vit_tiny,cifar10,1000.0,12,base.blocks.11,0.958450
30,5,6,vit_tiny,cifar10,1000.0,13,base.norm,0.933776
30,5,6,vit_tiny,cifar10,1000.0,14,classifier,0.836368
30,5,7,vit_tiny,cifar10,1000.0,0,base.patch_embed,0.988113
30,5,7,vit_tiny,cifar10,1000.0,1,base.blocks.0,0.979980
30,5,7,vit_tiny,cifar10,1000.0,2,base.blocks.1,0.976604
30,5,7,vit_tiny,cifar10,1000.0,3,base.blocks.2,0.972664
30,5,7,vit_tiny,cifar10,1000.0,4,base.blocks.3,0.967504
30,5,7,vit_tiny,cifar10,1000.0,5,base.blocks.4,0.964021
30,5,7,vit_tiny,cifar10,1000.0,6,base.blocks.5,0.957820
30,5,7,vit_tiny,cifar10,1000.0,7,base.blocks.6,0.954446
30,5,7,vit_tiny,cifar10,1000.0,8,base.blocks.7,0.948996
30,5,7,vit_tiny,cifar10,1000.0,9,base.blocks.8,0.943921
30,5,7,vit_tiny,cifar10,1000.0,10,base.blocks.9,0.940520
30,5,7,vit_tiny,cifar10,1000.0,11,base.blocks.10,0.934587
30,5,7,vit_tiny,cifar10,1000.0,12,base.blocks.11,0.926823
30,5,7,vit_tiny,cifar10,1000.0,13,base.norm,0.913387
30,5,7,vit_tiny,cifar10,1000.0,14,classifier,0.832468
30,5,8,vit_tiny,cifar10,1000.0,0,base.patch_embed,0.993904
30,5,8,vit_tiny,cifar10,1000.0,1,base.blocks.0,0.986689
30,5,8,vit_tiny,cifar10,1000.0,2,base.blocks.1,0.984830
30,5,8,vit_tiny,cifar10,1000.0,3,base.blocks.2,0.980022
30,5,8,vit_tiny,cifar10,1000.0,4,base.blocks.3,0.978221
30,5,8,vit_tiny,cifar10,1000.0,5,base.blocks.4,0.977152
30,5,8,vit_tiny,cifar10,1000.0,6,base.blocks.5,0.976966
30,5,8,vit_tiny,cifar10,1000.0,7,base.blocks.6,0.975285
30,5,8,vit_tiny,cifar10,1000.0,8,base.blocks.7,0.973648
30,5,8,vit_tiny,cifar10,1000.0,9,base.blocks.8,0.972975
30,5,8,vit_tiny,cifar10,1000.0,10,base.blocks.9,0.972582
30,5,8,vit_tiny,cifar10,1000.0,11,base.blocks.10,0.972342
30,5,8,vit_tiny,cifar10,1000.0,12,base.blocks.11,0.969904
30,5,8,vit_tiny,cifar10,1000.0,13,base.norm,0.960435
30,5,8,vit_tiny,cifar10,1000.0,14,classifier,0.857250
30,5,9,vit_tiny,cifar10,1000.0,0,base.patch_embed,0.987724
30,5,9,vit_tiny,cifar10,1000.0,1,base.blocks.0,0.965959
30,5,9,vit_tiny,cifar10,1000.0,2,base.blocks.1,0.963509
30,5,9,vit_tiny,cifar10,1000.0,3,base.blocks.2,0.961978
30,5,9,vit_tiny,cifar10,1000.0,4,base.blocks.3,0.958936
30,5,9,vit_tiny,cifar10,1000.0,5,base.blocks.4,0.964847
30,5,9,vit_tiny,cifar10,1000.0,6,base.blocks.5,0.966191
30,5,9,vit_tiny,cifar10,1000.0,7,base.blocks.6,0.968811
30,5,9,vit_tiny,cifar10,1000.0,8,base.blocks.7,0.968322
30,5,9,vit_tiny,cifar10,1000.0,9,base.blocks.8,0.966996
30,5,9,vit_tiny,cifar10,1000.0,10,base.blocks.9,0.965564
30,5,9,vit_tiny,cifar10,1000.0,11,base.blocks.10,0.959071
30,5,9,vit_tiny,cifar10,1000.0,12,base.blocks.11,0.952394
30,5,9,vit_tiny,cifar10,1000.0,13,base.norm,0.925131
30,5,9,vit_tiny,cifar10,1000.0,14,classifier,0.743549
30,6,7,vit_tiny,cifar10,1000.0,0,base.patch_embed,0.983876
30,6,7,vit_tiny,cifar10,1000.0,1,base.blocks.0,0.983665
30,6,7,vit_tiny,cifar10,1000.0,2,base.blocks.1,0.983753
30,6,7,vit_tiny,cifar10,1000.0,3,base.blocks.2,0.981571
30,6,7,vit_tiny,cifar10,1000.0,4,base.blocks.3,0.978662
30,6,7,vit_tiny,cifar10,1000.0,5,base.blocks.4,0.973500
30,6,7,vit_tiny,cifar10,1000.0,6,base.blocks.5,0.968323
30,6,7,vit_tiny,cifar10,1000.0,7,base.blocks.6,0.963664
30,6,7,vit_tiny,cifar10,1000.0,8,base.blocks.7,0.959048
30,6,7,vit_tiny,cifar10,1000.0,9,base.blocks.8,0.955008
30,6,7,vit_tiny,cifar10,1000.0,10,base.blocks.9,0.952965
30,6,7,vit_tiny,cifar10,1000.0,11,base.blocks.10,0.950593
30,6,7,vit_tiny,cifar10,1000.0,12,base.blocks.11,0.947802
30,6,7,vit_tiny,cifar10,1000.0,13,base.norm,0.933796
30,6,7,vit_tiny,cifar10,1000.0,14,classifier,0.821218
30,6,8,vit_tiny,cifar10,1000.0,0,base.patch_embed,0.996365
30,6,8,vit_tiny,cifar10,1000.0,1,base.blocks.0,0.989345
30,6,8,vit_tiny,cifar10,1000.0,2,base.blocks.1,0.984025
30,6,8,vit_tiny,cifar10,1000.0,3,base.blocks.2,0.977723
30,6,8,vit_tiny,cifar10,1000.0,4,base.blocks.3,0.969938
30,6,8,vit_tiny,cifar10,1000.0,5,base.blocks.4,0.964971
30,6,8,vit_tiny,cifar10,1000.0,6,base.blocks.5,0.961254
30,6,8,vit_tiny,cifar10,1000.0,7,base.blocks.6,0.958244
30,6,8,vit_tiny,cifar10,1000.0,8,base.blocks.7,0.954175
30,6,8,vit_tiny,cifar10,1000.0,9,base.blocks.8,0.953646
30,6,8,vit_tiny,cifar10,1000.0,10,base.blocks.9,0.953363
30,6,8,vit_tiny,cifar10,1000.0,11,base.blocks.10,0.951889
30,6,8,vit_tiny,cifar10,1000.0,12,base.blocks.11,0.948325
30,6,8,vit_tiny,cifar10,1000.0,13,base.norm,0.939246
30,6,8,vit_tiny,cifar10,1000.0,14,classifier,0.868526
30,6,9,vit_tiny,cifar10,1000.0,0,base.patch_embed,0.986831
30,6,9,vit_tiny,cifar10,1000.0,1,base.blocks.0,0.972512
30,6,9,vit_tiny,cifar10,1000.0,2,base.blocks.1,0.968507
30,6,9,vit_tiny,cifar10,1000.0,3,base.blocks.2,0.965144
30,6,9,vit_tiny,cifar10,1000.0,4,base.blocks.3,0.964628
30,6,9,vit_tiny,cifar10,1000.0,5,base.blocks.4,0.970210
30,6,9,vit_tiny,cifar10,1000.0,6,base.blocks.5,0.972333
30,6,9,vit_tiny,cifar10,1000.0,7,base.blocks.6,0.972985
30,6,9,vit_tiny,cifar10,1000.0,8,base.blocks.7,0.973110
30,6,9,vit_tiny,cifar10,1000.0,9,base.blocks.8,0.972445
30,6,9,vit_tiny,cifar10,1000.0,10,base.blocks.9,0.971215
30,6,9,vit_tiny,cifar10,1000.0,11,base.blocks.10,0.969053
30,6,9,vit_tiny,cifar10,1000.0,12,base.blocks.11,0.965392
30,6,9,vit_tiny,cifar10,1000.0,13,base.norm,0.947583
30,6,9,vit_tiny,cifar10,1000.0,14,classifier,0.858911
30,7,8,vit_tiny,cifar10,1000.0,0,base.patch_embed,0.986580
30,7,8,vit_tiny,cifar10,1000.0,1,base.blocks.0,0.973847
30,7,8,vit_tiny,cifar10,1000.0,2,base.blocks.1,0.964323
30,7,8,vit_tiny,cifar10,1000.0,3,base.blocks.2,0.951108
30,7,8,vit_tiny,cifar10,1000.0,4,base.blocks.3,0.936184
30,7,8,vit_tiny,cifar10,1000.0,5,base.blocks.4,0.923089
30,7,8,vit_tiny,cifar10,1000.0,6,base.blocks.5,0.910766
30,7,8,vit_tiny,cifar10,1000.0,7,base.blocks.6,0.901023
30,7,8,vit_tiny,cifar10,1000.0,8,base.blocks.7,0.889386
30,7,8,vit_tiny,cifar10,1000.0,9,base.blocks.8,0.885626
30,7,8,vit_tiny,cifar10,1000.0,10,base.blocks.9,0.883727
30,7,8,vit_tiny,cifar10,1000.0,11,base.blocks.10,0.881652
30,7,8,vit_tiny,cifar10,1000.0,12,base.blocks.11,0.877005
30,7,8,vit_tiny,cifar10,1000.0,13,base.norm,0.881780
30,7,8,vit_tiny,cifar10,1000.0,14,classifier,0.844767
30,7,9,vit_tiny,cifar10,1000.0,0,base.patch_embed,0.990410
30,7,9,vit_tiny,cifar10,1000.0,1,base.blocks.0,0.985002
30,7,9,vit_tiny,cifar10,1000.0,2,base.blocks.1,0.978261
30,7,9,vit_tiny,cifar10,1000.0,3,base.blocks.2,0.971999
30,7,9,vit_tiny,cifar10,1000.0,4,base.blocks.3,0.967955
30,7,9,vit_tiny,cifar10,1000.0,5,base.blocks.4,0.961827
30,7,9,vit_tiny,cifar10,1000.0,6,base.blocks.5,0.959167
30,7,9,vit_tiny,cifar10,1000.0,7,base.blocks.6,0.954672
30,7,9,vit_tiny,cifar10,1000.0,8,base.blocks.7,0.949551
30,7,9,vit_tiny,cifar10,1000.0,9,base.blocks.8,0.947212
30,7,9,vit_tiny,cifar10,1000.0,10,base.blocks.9,0.946024
30,7,9,vit_tiny,cifar10,1000.0,11,base.blocks.10,0.942509
30,7,9,vit_tiny,cifar10,1000.0,12,base.blocks.11,0.938019
30,7,9,vit_tiny,cifar10,1000.0,13,base.norm,0.919690
30,7,9,vit_tiny,cifar10,1000.0,14,classifier,0.825154
30,8,9,vit_tiny,cifar10,1000.0,0,base.patch_embed,0.983101
30,8,9,vit_tiny,cifar10,1000.0,1,base.blocks.0,0.950744
30,8,9,vit_tiny,cifar10,1000.0,2,base.blocks.1,0.928856
30,8,9,vit_tiny,cifar10,1000.0,3,base.blocks.2,0.910454
30,8,9,vit_tiny,cifar10,1000.0,4,base.blocks.3,0.897168
30,8,9,vit_tiny,cifar10,1000.0,5,base.blocks.4,0.901853
30,8,9,vit_tiny,cifar10,1000.0,6,base.blocks.5,0.906049
30,8,9,vit_tiny,cifar10,1000.0,7,base.blocks.6,0.912002
30,8,9,vit_tiny,cifar10,1000.0,8,base.blocks.7,0.914901
30,8,9,vit_tiny,cifar10,1000.0,9,base.blocks.8,0.921904
30,8,9,vit_tiny,cifar10,1000.0,10,base.blocks.9,0.926778
30,8,9,vit_tiny,cifar10,1000.0,11,base.blocks.10,0.928584
30,8,9,vit_tiny,cifar10,1000.0,12,base.blocks.11,0.929207
30,8,9,vit_tiny,cifar10,1000.0,13,base.norm,0.912827
30,8,9,vit_tiny,cifar10,1000.0,14,classifier,0.851426
40,0,1,vit_tiny,cifar10,1000.0,0,base.patch_embed,0.978415
40,0,1,vit_tiny,cifar10,1000.0,1,base.blocks.0,0.982372
40,0,1,vit_tiny,cifar10,1000.0,2,base.blocks.1,0.983398
40,0,1,vit_tiny,cifar10,1000.0,3,base.blocks.2,0.986694
40,0,1,vit_tiny,cifar10,1000.0,4,base.blocks.3,0.986423
40,0,1,vit_tiny,cifar10,1000.0,5,base.blocks.4,0.985089
40,0,1,vit_tiny,cifar10,1000.0,6,base.blocks.5,0.984050
40,0,1,vit_tiny,cifar10,1000.0,7,base.blocks.6,0.982567
40,0,1,vit_tiny,cifar10,1000.0,8,base.blocks.7,0.979708
40,0,1,vit_tiny,cifar10,1000.0,9,base.blocks.8,0.975877
40,0,1,vit_tiny,cifar10,1000.0,10,base.blocks.9,0.973833
40,0,1,vit_tiny,cifar10,1000.0,11,base.blocks.10,0.970919
40,0,1,vit_tiny,cifar10,1000.0,12,base.blocks.11,0.965176
40,0,1,vit_tiny,cifar10,1000.0,13,base.norm,0.946021
40,0,1,vit_tiny,cifar10,1000.0,14,classifier,0.821874
40,0,2,vit_tiny,cifar10,1000.0,0,base.patch_embed,0.991969
40,0,2,vit_tiny,cifar10,1000.0,1,base.blocks.0,0.975495
40,0,2,vit_tiny,cifar10,1000.0,2,base.blocks.1,0.971273
40,0,2,vit_tiny,cifar10,1000.0,3,base.blocks.2,0.970827
40,0,2,vit_tiny,cifar10,1000.0,4,base.blocks.3,0.973085
40,0,2,vit_tiny,cifar10,1000.0,5,base.blocks.4,0.973445
40,0,2,vit_tiny,cifar10,1000.0,6,base.blocks.5,0.974234
40,0,2,vit_tiny,cifar10,1000.0,7,base.blocks.6,0.973870
40,0,2,vit_tiny,cifar10,1000.0,8,base.blocks.7,0.974003
40,0,2,vit_tiny,cifar10,1000.0,9,base.blocks.8,0.971475
40,0,2,vit_tiny,cifar10,1000.0,10,base.blocks.9,0.970238
40,0,2,vit_tiny,cifar10,1000.0,11,base.blocks.10,0.970374
40,0,2,vit_tiny,cifar10,1000.0,12,base.blocks.11,0.970644
40,0,2,vit_tiny,cifar10,1000.0,13,base.norm,0.951039
40,0,2,vit_tiny,cifar10,1000.0,14,classifier,0.811192
40,0,3,vit_tiny,cifar10,1000.0,0,base.patch_embed,0.986385
40,0,3,vit_tiny,cifar10,1000.0,1,base.blocks.0,0.948065
40,0,3,vit_tiny,cifar10,1000.0,2,base.blocks.1,0.937274
40,0,3,vit_tiny,cifar10,1000.0,3,base.blocks.2,0.929712
40,0,3,vit_tiny,cifar10,1000.0,4,base.blocks.3,0.922748
40,0,3,vit_tiny,cifar10,1000.0,5,base.blocks.4,0.917747
40,0,3,vit_tiny,cifar10,1000.0,6,base.blocks.5,0.917764
40,0,3,vit_tiny,cifar10,1000.0,7,base.blocks.6,0.918182
40,0,3,vit_tiny,cifar10,1000.0,8,base.blocks.7,0.917067
40,0,3,vit_tiny,cifar10,1000.0,9,base.blocks.8,0.916936
40,0,3,vit_tiny,cifar10,1000.0,10,base.blocks.9,0.914566
40,0,3,vit_tiny,cifar10,1000.0,11,base.blocks.10,0.913013
40,0,3,vit_tiny,cifar10,1000.0,12,base.blocks.11,0.913168
40,0,3,vit_tiny,cifar10,1000.0,13,base.norm,0.884884
40,0,3,vit_tiny,cifar10,1000.0,14,classifier,0.787021
40,0,4,vit_tiny,cifar10,1000.0,0,base.patch_embed,0.980492
40,0,4,vit_tiny,cifar10,1000.0,1,base.blocks.0,0.960158
40,0,4,vit_tiny,cifar10,1000.0,2,base.blocks.1,0.964371
40,0,4,vit_tiny,cifar10,1000.0,3,base.blocks.2,0.968352
40,0,4,vit_tiny,cifar10,1000.0,4,base.blocks.3,0.974012
40,0,4,vit_tiny,cifar10,1000.0,5,base.blocks.4,0.978150
40,0,4,vit_tiny,cifar10,1000.0,6,base.blocks.5,0.980877
40,0,4,vit_tiny,cifar10,1000.0,7,base.blocks.6,0.980066
40,0,4,vit_tiny,cifar10,1000.0,8,base.blocks.7,0.979327
40,0,4,vit_tiny,cifar10,1000.0,9,base.blocks.8,0.976081
40,0,4,vit_tiny,cifar10,1000.0,10,base.blocks.9,0.973792
40,0,4,vit_tiny,cifar10,1000.0,11,base.blocks.10,0.971511
40,0,4,vit_tiny,cifar10,1000.0,12,base.blocks.11,0.968727
40,0,4,vit_tiny,cifar10,1000.0,13,base.norm,0.952590
40,0,4,vit_tiny,cifar10,1000.0,14,classifier,0.840519
40,0,5,vit_tiny,cifar10,1000.0,0,base.patch_embed,0.979797
40,0,5,vit_tiny,cifar10,1000.0,1,base.blocks.0,0.948401
40,0,5,vit_tiny,cifar10,1000.0,2,base.blocks.1,0.956660
40,0,5,vit_tiny,cifar10,1000.0,3,base.blocks.2,0.962057
40,0,5,vit_tiny,cifar10,1000.0,4,base.blocks.3,0.961659
40,0,5,vit_tiny,cifar10,1000.0,5,base.blocks.4,0.964099
40,0,5,vit_tiny,cifar10,1000.0,6,base.blocks.5,0.966188
40,0,5,vit_tiny,cifar10,1000.0,7,base.blocks.6,0.966920
40,0,5,vit_tiny,cifar10,1000.0,8,base.blocks.7,0.967116
40,0,5,vit_tiny,cifar10,1000.0,9,base.blocks.8,0.966479
40,0,5,vit_tiny,cifar10,1000.0,10,base.blocks.9,0.964340
40,0,5,vit_tiny,cifar10,1000.0,11,base.blocks.10,0.961539
40,0,5,vit_tiny,cifar10,1000.0,12,base.blocks.11,0.958864
40,0,5,vit_tiny,cifar10,1000.0,13,base.norm,0.931716
40,0,5,vit_tiny,cifar10,1000.0,14,classifier,0.707416
40,0,6,vit_tiny,cifar10,1000.0,0,base.patch_embed,0.966552
40,0,6,vit_tiny,cifar10,1000.0,1,base.blocks.0,0.932614
40,0,6,vit_tiny,cifar10,1000.0,2,base.blocks.1,0.946564
40,0,6,vit_tiny,cifar10,1000.0,3,base.blocks.2,0.954154
40,0,6,vit_tiny,cifar10,1000.0,4,base.blocks.3,0.960634
40,0,6,vit_tiny,cifar10,1000.0,5,base.blocks.4,0.967323
40,0,6,vit_tiny,cifar10,1000.0,6,base.blocks.5,0.971444
40,0,6,vit_tiny,cifar10,1000.0,7,base.blocks.6,0.973380
40,0,6,vit_tiny,cifar10,1000.0,8,base.blocks.7,0.975585
40,0,6,vit_tiny,cifar10,1000.0,9,base.blocks.8,0.977070
40,0,6,vit_tiny,cifar10,1000.0,10,base.blocks.9,0.977738
40,0,6,vit_tiny,cifar10,1000.0,11,base.blocks.10,0.978018
40,0,6,vit_tiny,cifar10,1000.0,12,base.blocks.11,0.977825
40,0,6,vit_tiny,cifar10,1000.0,13,base.norm,0.956976
40,0,6,vit_tiny,cifar10,1000.0,14,classifier,0.783733
40,0,7,vit_tiny,cifar10,1000.0,0,base.patch_embed,0.976097
40,0,7,vit_tiny,cifar10,1000.0,1,base.blocks.0,0.952439
40,0,7,vit_tiny,cifar10,1000.0,2,base.blocks.1,0.950210
40,0,7,vit_tiny,cifar10,1000.0,3,base.blocks.2,0.945799
40,0,7,vit_tiny,cifar10,1000.0,4,base.blocks.3,0.944560
40,0,7,vit_tiny,cifar10,1000.0,5,base.blocks.4,0.943620
40,0,7,vit_tiny,cifar10,1000.0,6,base.blocks.5,0.945352
40,0,7,vit_tiny,cifar10,1000.0,7,base.blocks.6,0.947190
40,0,7,vit_tiny,cifar10,1000.0,8,base.blocks.7,0.950795
40,0,7,vit_tiny,cifar10,1000.0,9,base.blocks.8,0.953880
40,0,7,vit_tiny,cifar10,1000.0,10,base.blocks.9,0.954879
40,0,7,vit_tiny,cifar10,1000.0,11,base.blocks.10,0.955563
40,0,7,vit_tiny,cifar10,1000.0,12,base.blocks.11,0.957034
40,0,7,vit_tiny,cifar10,1000.0,13,base.norm,0.918496
40,0,7,vit_tiny,cifar10,1000.0,14,classifier,0.778382
40,0,8,vit_tiny,cifar10,1000.0,0,base.patch_embed,0.992824
40,0,8,vit_tiny,cifar10,1000.0,1,base.blocks.0,0.963369
40,0,8,vit_tiny,cifar10,1000.0,2,base.blocks.1,0.942149
40,0,8,vit_tiny,cifar10,1000.0,3,base.blocks.2,0.941720
40,0,8,vit_tiny,cifar10,1000.0,4,base.blocks.3,0.933758
40,0,8,vit_tiny,cifar10,1000.0,5,base.blocks.4,0.931541
40,0,8,vit_tiny,cifar10,1000.0,6,base.blocks.5,0.929710
40,0,8,vit_tiny,cifar10,1000.0,7,base.blocks.6,0.928872
40,0,8,vit_tiny,cifar10,1000.0,8,base.blocks.7,0.929577
40,0,8,vit_tiny,cifar10,1000.0,9,base.blocks.8,0.933200
40,0,8,vit_tiny,cifar10,1000.0,10,base.blocks.9,0.933433
40,0,8,vit_tiny,cifar10,1000.0,11,base.blocks.10,0.934122
40,0,8,vit_tiny,cifar10,1000.0,12,base.blocks.11,0.931790
40,0,8,vit_tiny,cifar10,1000.0,13,base.norm,0.906715
40,0,8,vit_tiny,cifar10,1000.0,14,classifier,0.808614
40,0,9,vit_tiny,cifar10,1000.0,0,base.patch_embed,0.984373
40,0,9,vit_tiny,cifar10,1000.0,1,base.blocks.0,0.975217
40,0,9,vit_tiny,cifar10,1000.0,2,base.blocks.1,0.973204
40,0,9,vit_tiny,cifar10,1000.0,3,base.blocks.2,0.973827
40,0,9,vit_tiny,cifar10,1000.0,4,base.blocks.3,0.975570
40,0,9,vit_tiny,cifar10,1000.0,5,base.blocks.4,0.977759
40,0,9,vit_tiny,cifar10,1000.0,6,base.blocks.5,0.978433
40,0,9,vit_tiny,cifar10,1000.0,7,base.blocks.6,0.977873
40,0,9,vit_tiny,cifar10,1000.0,8,base.blocks.7,0.978958
40,0,9,vit_tiny,cifar10,1000.0,9,base.blocks.8,0.978227
40,0,9,vit_tiny,cifar10,1000.0,10,base.blocks.9,0.976444
40,0,9,vit_tiny,cifar10,1000.0,11,base.blocks.10,0.975617
40,0,9,vit_tiny,cifar10,1000.0,12,base.blocks.11,0.973740
40,0,9,vit_tiny,cifar10,1000.0,13,base.norm,0.945825
40,0,9,vit_tiny,cifar10,1000.0,14,classifier,0.792773
40,1,2,vit_tiny,cifar10,1000.0,0,base.patch_embed,0.995604
40,1,2,vit_tiny,cifar10,1000.0,1,base.blocks.0,0.984750
40,1,2,vit_tiny,cifar10,1000.0,2,base.blocks.1,0.987072
40,1,2,vit_tiny,cifar10,1000.0,3,base.blocks.2,0.981527
40,1,2,vit_tiny,cifar10,1000.0,4,base.blocks.3,0.977725
40,1,2,vit_tiny,cifar10,1000.0,5,base.blocks.4,0.973368
40,1,2,vit_tiny,cifar10,1000.0,6,base.blocks.5,0.972459
40,1,2,vit_tiny,cifar10,1000.0,7,base.blocks.6,0.969070
40,1,2,vit_tiny,cifar10,1000.0,8,base.blocks.7,0.967799
40,1,2,vit_tiny,cifar10,1000.0,9,base.blocks.8,0.964186
40,1,2,vit_tiny,cifar10,1000.0,10,base.blocks.9,0.964288
40,1,2,vit_tiny,cifar10,1000.0,11,base.blocks.10,0.964515
40,1,2,vit_tiny,cifar10,1000.0,12,base.blocks.11,0.962897
40,1,2,vit_tiny,cifar10,1000.0,13,base.norm,0.947180
40,1,2,vit_tiny,cifar10,1000.0,14,classifier,0.794751
40,1,3,vit_tiny,cifar10,1000.0,0,base.patch_embed,0.995801
40,1,3,vit_tiny,cifar10,1000.0,1,base.blocks.0,0.954349
40,1,3,vit_tiny,cifar10,1000.0,2,base.blocks.1,0.952337
40,1,3,vit_tiny,cifar10,1000.0,3,base.blocks.2,0.945820
40,1,3,vit_tiny,cifar10,1000.0,4,base.blocks.3,0.935772
40,1,3,vit_tiny,cifar10,1000.0,5,base.blocks.4,0.932283
40,1,3,vit_tiny,cifar10,1000.0,6,base.blocks.5,0.930050
40,1,3,vit_tiny,cifar10,1000.0,7,base.blocks.6,0.926579
40,1,3,vit_tiny,cifar10,1000.0,8,base.blocks.7,0.921827
40,1,3,vit_tiny,cifar10,1000.0,9,base.blocks.8,0.913804
40,1,3,vit_tiny,cifar10,1000.0,10,base.blocks.9,0.908285
40,1,3,vit_tiny,cifar10,1000.0,11,base.blocks.10,0.907727
40,1,3,vit_tiny,cifar10,1000.0,12,base.blocks.11,0.908401
40,1,3,vit_tiny,cifar10,1000.0,13,base.norm,0.866910
40,1,3,vit_tiny,cifar10,1000.0,14,classifier,0.799407
40,1,4,vit_tiny,cifar10,1000.0,0,base.patch_embed,0.997117
40,1,4,vit_tiny,cifar10,1000.0,1,base.blocks.0,0.961927
40,1,4,vit_tiny,cifar10,1000.0,2,base.blocks.1,0.969383
40,1,4,vit_tiny,cifar10,1000.0,3,base.blocks.2,0.972714
40,1,4,vit_tiny,cifar10,1000.0,4,base.blocks.3,0.975638
40,1,4,vit_tiny,cifar10,1000.0,5,base.blocks.4,0.977654
40,1,4,vit_tiny,cifar10,1000.0,6,base.blocks.5,0.977695
40,1,4,vit_tiny,cifar10,1000.0,7,base.blocks.6,0.975172
40,1,4,vit_tiny,cifar10,1000.0,8,base.blocks.7,0.969959
40,1,4,vit_tiny,cifar10,1000.0,9,base.blocks.8,0.963947
40,1,4,vit_tiny,cifar10,1000.0,10,base.blocks.9,0.960969
40,1,4,vit_tiny,cifar10,1000.0,11,base.blocks.10,0.955895
40,1,4,vit_tiny,cifar10,1000.0,12,base.blocks.11,0.947210
40,1,4,vit_tiny,cifar10,1000.0,13,base.norm,0.910056
40,1,4,vit_tiny,cifar10,1000.0,14,classifier,0.772728
40,1,5,vit_tiny,cifar10,1000.0,0,base.patch_embed,0.989438
40,1,5,vit_tiny,cifar10,1000.0,1,base.blocks.0,0.947255
40,1,5,vit_tiny,cifar10,1000.0,2,base.blocks.1,0.965489
40,1,5,vit_tiny,cifar10,1000.0,3,base.blocks.2,0.968913
40,1,5,vit_tiny,cifar10,1000.0,4,base.blocks.3,0.965389
40,1,5,vit_tiny,cifar10,1000.0,5,base.blocks.4,0.966747
40,1,5,vit_tiny,cifar10,1000.0,6,base.blocks.5,0.966664
40,1,5,vit_tiny,cifar10,1000.0,7,base.blocks.6,0.963925
40,1,5,vit_tiny,cifar10,1000.0,8,base.blocks.7,0.959138
40,1,5,vit_tiny,cifar10,1000.0,9,base.blocks.8,0.952668
40,1,5,vit_tiny,cifar10,1000.0,10,base.blocks.9,0.947805
40,1,5,vit_tiny,cifar10,1000.0,11,base.blocks.10,0.943923
40,1,5,vit_tiny,cifar10,1000.0,12,base.blocks.11,0.939539
40,1,5,vit_tiny,cifar10,1000.0,13,base.norm,0.905023
40,1,5,vit_tiny,cifar10,1000.0,14,classifier,0.706434
40,1,6,vit_tiny,cifar10,1000.0,0,base.patch_embed,0.978373
40,1,6,vit_tiny,cifar10,1000.0,1,base.blocks.0,0.946718
40,1,6,vit_tiny,cifar10,1000.0,2,base.blocks.1,0.962099
40,1,6,vit_tiny,cifar10,1000.0,3,base.blocks.2,0.963987
40,1,6,vit_tiny,cifar10,1000.0,4,base.blocks.3,0.963716
40,1,6,vit_tiny,cifar10,1000.0,5,base.blocks.4,0.966392
40,1,6,vit_tiny,cifar10,1000.0,6,base.blocks.5,0.967048
40,1,6,vit_tiny,cifar10,1000.0,7,base.blocks.6,0.965520
40,1,6,vit_tiny,cifar10,1000.0,8,base.blocks.7,0.964527
40,1,6,vit_tiny,cifar10,1000.0,9,base.blocks.8,0.962293
40,1,6,vit_tiny,cifar10,1000.0,10,base.blocks.9,0.961248
40,1,6,vit_tiny,cifar10,1000.0,11,base.blocks.10,0.960234
40,1,6,vit_tiny,cifar10,1000.0,12,base.blocks.11,0.955849
40,1,6,vit_tiny,cifar10,1000.0,13,base.norm,0.926271
40,1,6,vit_tiny,cifar10,1000.0,14,classifier,0.752547
40,1,7,vit_tiny,cifar10,1000.0,0,base.patch_embed,0.996723
40,1,7,vit_tiny,cifar10,1000.0,1,base.blocks.0,0.969707
40,1,7,vit_tiny,cifar10,1000.0,2,base.blocks.1,0.971746
40,1,7,vit_tiny,cifar10,1000.0,3,base.blocks.2,0.963031
40,1,7,vit_tiny,cifar10,1000.0,4,base.blocks.3,0.957184
40,1,7,vit_tiny,cifar10,1000.0,5,base.blocks.4,0.954463
40,1,7,vit_tiny,cifar10,1000.0,6,base.blocks.5,0.952972
40,1,7,vit_tiny,cifar10,1000.0,7,base.blocks.6,0.950164
40,1,7,vit_tiny,cifar10,1000.0,8,base.blocks.7,0.949931
40,1,7,vit_tiny,cifar10,1000.0,9,base.blocks.8,0.946956
40,1,7,vit_tiny,cifar10,1000.0,10,base.blocks.9,0.945336
40,1,7,vit_tiny,cifar10,1000.0,11,base.blocks.10,0.946347
40,1,7,vit_tiny,cifar10,1000.0,12,base.blocks.11,0.946929
40,1,7,vit_tiny,cifar10,1000.0,13,base.norm,0.906399
40,1,7,vit_tiny,cifar10,1000.0,14,classifier,0.731337
40,1,8,vit_tiny,cifar10,1000.0,0,base.patch_embed,0.984688
40,1,8,vit_tiny,cifar10,1000.0,1,base.blocks.0,0.963740
40,1,8,vit_tiny,cifar10,1000.0,2,base.blocks.1,0.957930
40,1,8,vit_tiny,cifar10,1000.0,3,base.blocks.2,0.955729
40,1,8,vit_tiny,cifar10,1000.0,4,base.blocks.3,0.945771
40,1,8,vit_tiny,cifar10,1000.0,5,base.blocks.4,0.944631
40,1,8,vit_tiny,cifar10,1000.0,6,base.blocks.5,0.940711
40,1,8,vit_tiny,cifar10,1000.0,7,base.blocks.6,0.936909
40,1,8,vit_tiny,cifar10,1000.0,8,base.blocks.7,0.935835
40,1,8,vit_tiny,cifar10,1000.0,9,base.blocks.8,0.933468
40,1,8,vit_tiny,cifar10,1000.0,10,base.blocks.9,0.929651
40,1,8,vit_tiny,cifar10,1000.0,11,base.blocks.10,0.928954
40,1,8,vit_tiny,cifar10,1000.0,12,base.blocks.11,0.926526
40,1,8,vit_tiny,cifar10,1000.0,13,base.norm,0.902292
40,1,8,vit_tiny,cifar10,1000.0,14,classifier,0.812586
40,1,9,vit_tiny,cifar10,1000.0,0,base.patch_embed,0.996483
40,1,9,vit_tiny,cifar10,1000.0,1,base.blocks.0,0.963767
40,1,9,vit_tiny,cifar10,1000.0,2,base.blocks.1,0.961717
40,1,9,vit_tiny,cifar10,1000.0,3,base.blocks.2,0.964980
40,1,9,vit_tiny,cifar10,1000.0,4,base.blocks.3,0.966564
40,1,9,vit_tiny,cifar10,1000.0,5,base.blocks.4,0.968207
40,1,9,vit_tiny,cifar10,1000.0,6,base.blocks.5,0.967924
40,1,9,vit_tiny,cifar10,1000.0,7,base.blocks.6,0.965523
40,1,9,vit_tiny,cifar10,1000.0,8,base.blocks.7,0.965799
40,1,9,vit_tiny,cifar10,1000.0,9,base.blocks.8,0.964215
40,1,9,vit_tiny,cifar10,1000.0,10,base.blocks.9,0.962402
40,1,9,vit_tiny,cifar10,1000.0,11,base.blocks.10,0.963647
40,1,9,vit_tiny,cifar10,1000.0,12,base.blocks.11,0.962599
40,1,9,vit_tiny,cifar10,1000.0,13,base.norm,0.937877
40,1,9,vit_tiny,cifar10,1000.0,14,classifier,0.801932
40,2,3,vit_tiny,cifar10,1000.0,0,base.patch_embed,0.997645
40,2,3,vit_tiny,cifar10,1000.0,1,base.blocks.0,0.959796
40,2,3,vit_tiny,cifar10,1000.0,2,base.blocks.1,0.946020
40,2,3,vit_tiny,cifar10,1000.0,3,base.blocks.2,0.948865
40,2,3,vit_tiny,cifar10,1000.0,4,base.blocks.3,0.942517
40,2,3,vit_tiny,cifar10,1000.0,5,base.blocks.4,0.939778
40,2,3,vit_tiny,cifar10,1000.0,6,base.blocks.5,0.937550
40,2,3,vit_tiny,cifar10,1000.0,7,base.blocks.6,0.936415
40,2,3,vit_tiny,cifar10,1000.0,8,base.blocks.7,0.923946
40,2,3,vit_tiny,cifar10,1000.0,9,base.blocks.8,0.918773
40,2,3,vit_tiny,cifar10,1000.0,10,base.blocks.9,0.914996
40,2,3,vit_tiny,cifar10,1000.0,11,base.blocks.10,0.912939
40,2,3,vit_tiny,cifar10,1000.0,12,base.blocks.11,0.913727
40,2,3,vit_tiny,cifar10,1000.0,13,base.norm,0.881419
40,2,3,vit_tiny,cifar10,1000.0,14,classifier,0.764545
40,2,4,vit_tiny,cifar10,1000.0,0,base.patch_embed,0.996024
40,2,4,vit_tiny,cifar10,1000.0,1,base.blocks.0,0.961551
40,2,4,vit_tiny,cifar10,1000.0,2,base.blocks.1,0.958892
40,2,4,vit_tiny,cifar10,1000.0,3,base.blocks.2,0.966569
40,2,4,vit_tiny,cifar10,1000.0,4,base.blocks.3,0.974620
40,2,4,vit_tiny,cifar10,1000.0,5,base.blocks.4,0.980086
40,2,4,vit_tiny,cifar10,1000.0,6,base.blocks.5,0.980951
40,2,4,vit_tiny,cifar10,1000.0,7,base.blocks.6,0.979716
40,2,4,vit_tiny,cifar10,1000.0,8,base.blocks.7,0.973973
40,2,4,vit_tiny,cifar10,1000.0,9,base.blocks.8,0.967153
40,2,4,vit_tiny,cifar10,1000.0,10,base.blocks.9,0.963472
40,2,4,vit_tiny,cifar10,1000.0,11,base.blocks.10,0.959379
40,2,4,vit_tiny,cifar10,1000.0,12,base.blocks.11,0.955059
40,2,4,vit_tiny,cifar10,1000.0,13,base.norm,0.931636
40,2,4,vit_tiny,cifar10,1000.0,14,classifier,0.735936
40,2,5,vit_tiny,cifar10,1000.0,0,base.patch_embed,0.993386
40,2,5,vit_tiny,cifar10,1000.0,1,base.blocks.0,0.964184
40,2,5,vit_tiny,cifar10,1000.0,2,base.blocks.1,0.963425
40,2,5,vit_tiny,cifar10,1000.0,3,base.blocks.2,0.971028
40,2,5,vit_tiny,cifar10,1000.0,4,base.blocks.3,0.972858
40,2,5,vit_tiny,cifar10,1000.0,5,base.blocks.4,0.976271
40,2,5,vit_tiny,cifar10,1000.0,6,base.blocks.5,0.975903
40,2,5,vit_tiny,cifar10,1000.0,7,base.blocks.6,0.974966
40,2,5,vit_tiny,cifar10,1000.0,8,base.blocks.7,0.966877
40,2,5,vit_tiny,cifar10,1000.0,9,base.blocks.8,0.960464
40,2,5,vit_tiny,cifar10,1000.0,10,base.blocks.9,0.955574
40,2,5,vit_tiny,cifar10,1000.0,11,base.blocks.10,0.950384
40,2,5,vit_tiny,cifar10,1000.0,12,base.blocks.11,0.947281
40,2,5,vit_tiny,cifar10,1000.0,13,base.norm,0.920442
40,2,5,vit_tiny,cifar10,1000.0,14,classifier,0.725344
40,2,6,vit_tiny,cifar10,1000.0,0,base.patch_embed,0.982617
40,2,6,vit_tiny,cifar10,1000.0,1,base.blocks.0,0.957512
40,2,6,vit_tiny,cifar10,1000.0,2,base.blocks.1,0.959557
40,2,6,vit_tiny,cifar10,1000.0,3,base.blocks.2,0.964585
40,2,6,vit_tiny,cifar10,1000.0,4,base.blocks.3,0.966932
40,2,6,vit_tiny,cifar10,1000.0,5,base.blocks.4,0.970862
40,2,6,vit_tiny,cifar10,1000.0,6,base.blocks.5,0.971729
40,2,6,vit_tiny,cifar10,1000.0,7,base.blocks.6,0.971520
40,2,6,vit_tiny,cifar10,1000.0,8,base.blocks.7,0.967895
40,2,6,vit_tiny,cifar10,1000.0,9,base.blocks.8,0.964319
40,2,6,vit_tiny,cifar10,1000.0,10,base.blocks.9,0.962064
40,2,6,vit_tiny,cifar10,1000.0,11,base.blocks.10,0.959763
40,2,6,vit_tiny,cifar10,1000.0,12,base.blocks.11,0.957486
40,2,6,vit_tiny,cifar10,1000.0,13,base.norm,0.924151
40,2,6,vit_tiny,cifar10,1000.0,14,classifier,0.765610
40,2,7,vit_tiny,cifar10,1000.0,0,base.patch_embed,0.994176
40,2,7,vit_tiny,cifar10,1000.0,1,base.blocks.0,0.980164
40,2,7,vit_tiny,cifar10,1000.0,2,base.blocks.1,0.972907
40,2,7,vit_tiny,cifar10,1000.0,3,base.blocks.2,0.972387
40,2,7,vit_tiny,cifar10,1000.0,4,base.blocks.3,0.970462
40,2,7,vit_tiny,cifar10,1000.0,5,base.blocks.4,0.971553
40,2,7,vit_tiny,cifar10,1000.0,6,base.blocks.5,0.971201
40,2,7,vit_tiny,cifar10,1000.0,7,base.blocks.6,0.972027
40,2,7,vit_tiny,cifar10,1000.0,8,base.blocks.7,0.967781
40,2,7,vit_tiny,cifar10,1000.0,9,base.blocks.8,0.967246
40,2,7,vit_tiny,cifar10,1000.0,10,base.blocks.9,0.966124
40,2,7,vit_tiny,cifar10,1000.0,11,base.blocks.10,0.965091
40,2,7,vit_tiny,cifar10,1000.0,12,base.blocks.11,0.965638
40,2,7,vit_tiny,cifar10,1000.0,13,base.norm,0.933369
40,2,7,vit_tiny,cifar10,1000.0,14,classifier,0.775582
40,2,8,vit_tiny,cifar10,1000.0,0,base.patch_embed,0.994087
40,2,8,vit_tiny,cifar10,1000.0,1,base.blocks.0,0.974419
40,2,8,vit_tiny,cifar10,1000.0,2,base.blocks.1,0.959622
40,2,8,vit_tiny,cifar10,1000.0,3,base.blocks.2,0.962283
40,2,8,vit_tiny,cifar10,1000.0,4,base.blocks.3,0.954856
40,2,8,vit_tiny,cifar10,1000.0,5,base.blocks.4,0.947058
40,2,8,vit_tiny,cifar10,1000.0,6,base.blocks.5,0.941995
40,2,8,vit_tiny,cifar10,1000.0,7,base.blocks.6,0.938095
40,2,8,vit_tiny,cifar10,1000.0,8,base.blocks.7,0.927876
40,2,8,vit_tiny,cifar10,1000.0,9,base.blocks.8,0.924886
40,2,8,vit_tiny,cifar10,1000.0,10,base.blocks.9,0.921663
40,2,8,vit_tiny,cifar10,1000.0,11,base.blocks.10,0.919887
40,2,8,vit_tiny,cifar10,1000.0,12,base.blocks.11,0.918241
40,2,8,vit_tiny,cifar10,1000.0,13,base.norm,0.910611
40,2,8,vit_tiny,cifar10,1000.0,14,classifier,0.756801
40,2,9,vit_tiny,cifar10,1000.0,0,base.patch_embed,0.996327
40,2,9,vit_tiny,cifar10,1000.0,1,base.blocks.0,0.969202
40,2,9,vit_tiny,cifar10,1000.0,2,base.blocks.1,0.955769
40,2,9,vit_tiny,cifar10,1000.0,3,base.blocks.2,0.961916
40,2,9,vit_tiny,cifar10,1000.0,4,base.blocks.3,0.972322
40,2,9,vit_tiny,cifar10,1000.0,5,base.blocks.4,0.980396
40,2,9,vit_tiny,cifar10,1000.0,6,base.blocks.5,0.981695
40,2,9,vit_tiny,cifar10,1000.0,7,base.blocks.6,0.982276
40,2,9,vit_tiny,cifar10,1000.0,8,base.blocks.7,0.979916
40,2,9,vit_tiny,cifar10,1000.0,9,base.blocks.8,0.978316
40,2,9,vit_tiny,cifar10,1000.0,10,base.blocks.9,0.975270
40,2,9,vit_tiny,cifar10,1000.0,11,base.blocks.10,0.972535
40,2,9,vit_tiny,cifar10,1000.0,12,base.blocks.11,0.969876
40,2,9,vit_tiny,cifar10,1000.0,13,base.norm,0.949489
40,2,9,vit_tiny,cifar10,1000.0,14,classifier,0.784567
40,3,4,vit_tiny,cifar10,1000.0,0,base.patch_embed,0.998301
40,3,4,vit_tiny,cifar10,1000.0,1,base.blocks.0,0.995242
40,3,4,vit_tiny,cifar10,1000.0,2,base.blocks.1,0.990858
40,3,4,vit_tiny,cifar10,1000.0,3,base.blocks.2,0.983454
40,3,4,vit_tiny,cifar10,1000.0,4,base.blocks.3,0.972688
40,3,4,vit_tiny,cifar10,1000.0,5,base.blocks.4,0.961967
40,3,4,vit_tiny,cifar10,1000.0,6,base.blocks.5,0.954290
40,3,4,vit_tiny,cifar10,1000.0,7,base.blocks.6,0.951206
40,3,4,vit_tiny,cifar10,1000.0,8,base.blocks.7,0.945031
40,3,4,vit_tiny,cifar10,1000.0,9,base.blocks.8,0.934226
40,3,4,vit_tiny,cifar10,1000.0,10,base.blocks.9,0.928782
40,3,4,vit_tiny,cifar10,1000.0,11,base.blocks.10,0.922601
40,3,4,vit_tiny,cifar10,1000.0,12,base.blocks.11,0.917149
40,3,4,vit_tiny,cifar10,1000.0,13,base.norm,0.889888
40,3,4,vit_tiny,cifar10,1000.0,14,classifier,0.788385
40,3,5,vit_tiny,cifar10,1000.0,0,base.patch_embed,0.997047
40,3,5,vit_tiny,cifar10,1000.0,1,base.blocks.0,0.989336
40,3,5,vit_tiny,cifar10,1000.0,2,base.blocks.1,0.986615
40,3,5,vit_tiny,cifar10,1000.0,3,base.blocks.2,0.982910
40,3,5,vit_tiny,cifar10,1000.0,4,base.blocks.3,0.978598
40,3,5,vit_tiny,cifar10,1000.0,5,base.blocks.4,0.974810
40,3,5,vit_tiny,cifar10,1000.0,6,base.blocks.5,0.972530
40,3,5,vit_tiny,cifar10,1000.0,7,base.blocks.6,0.970693
40,3,5,vit_tiny,cifar10,1000.0,8,base.blocks.7,0.968516
40,3,5,vit_tiny,cifar10,1000.0,9,base.blocks.8,0.969019
40,3,5,vit_tiny,cifar10,1000.0,10,base.blocks.9,0.968681
40,3,5,vit_tiny,cifar10,1000.0,11,base.blocks.10,0.968370
40,3,5,vit_tiny,cifar10,1000.0,12,base.blocks.11,0.968135
40,3,5,vit_tiny,cifar10,1000.0,13,base.norm,0.935921
40,3,5,vit_tiny,cifar10,1000.0,14,classifier,0.795127
40,3,6,vit_tiny,cifar10,1000.0,0,base.patch_embed,0.989819
40,3,6,vit_tiny,cifar10,1000.0,1,base.blocks.0,0.993036
40,3,6,vit_tiny,cifar10,1000.0,2,base.blocks.1,0.991301
40,3,6,vit_tiny,cifar10,1000.0,3,base.blocks.2,0.987598
40,3,6,vit_tiny,cifar10,1000.0,4,base.blocks.3,0.978879
40,3,6,vit_tiny,cifar10,1000.0,5,base.blocks.4,0.966536
40,3,6,vit_tiny,cifar10,1000.0,6,base.blocks.5,0.958660
40,3,6,vit_tiny,cifar10,1000.0,7,base.blocks.6,0.951836
40,3,6,vit_tiny,cifar10,1000.0,8,base.blocks.7,0.943133
40,3,6,vit_tiny,cifar10,1000.0,9,base.blocks.8,0.938596
40,3,6,vit_tiny,cifar10,1000.0,10,base.blocks.9,0.936569
40,3,6,vit_tiny,cifar10,1000.0,11,base.blocks.10,0.935080
40,3,6,vit_tiny,cifar10,1000.0,12,base.blocks.11,0.932175
40,3,6,vit_tiny,cifar10,1000.0,13,base.norm,0.910153
40,3,6,vit_tiny,cifar10,1000.0,14,classifier,0.794631
40,3,7,vit_tiny,cifar10,1000.0,0,base.patch_embed,0.997869
40,3,7,vit_tiny,cifar10,1000.0,1,base.blocks.0,0.988755
40,3,7,vit_tiny,cifar10,1000.0,2,base.blocks.1,0.987609
40,3,7,vit_tiny,cifar10,1000.0,3,base.blocks.2,0.987888
40,3,7,vit_tiny,cifar10,1000.0,4,base.blocks.3,0.987276
40,3,7,vit_tiny,cifar10,1000.0,5,base.blocks.4,0.985583
40,3,7,vit_tiny,cifar10,1000.0,6,base.blocks.5,0.984918
40,3,7,vit_tiny,cifar10,1000.0,7,base.blocks.6,0.983644
40,3,7,vit_tiny,cifar10,1000.0,8,base.blocks.7,0.980877
40,3,7,vit_tiny,cifar10,1000.0,9,base.blocks.8,0.978753
40,3,7,vit_tiny,cifar10,1000.0,10,base.blocks.9,0.977102
40,3,7,vit_tiny,cifar10,1000.0,11,base.blocks.10,0.975764
40,3,7,vit_tiny,cifar10,1000.0,12,base.blocks.11,0.974336
40,3,7,vit_tiny,cifar10,1000.0,13,base.norm,0.968738
40,3,7,vit_tiny,cifar10,1000.0,14,classifier,0.803060
40,3,8,vit_tiny,cifar10,1000.0,0,base.patch_embed,0.994124
40,3,8,vit_tiny,cifar10,1000.0,1,base.blocks.0,0.987317
40,3,8,vit_tiny,cifar10,1000.0,2,base.blocks.1,0.981769
40,3,8,vit_tiny,cifar10,1000.0,3,base.blocks.2,0.977858
40,3,8,vit_tiny,cifar10,1000.0,4,base.blocks.3,0.970054
40,3,8,vit_tiny,cifar10,1000.0,5,base.blocks.4,0.961390
40,3,8,vit_tiny,cifar10,1000.0,6,base.blocks.5,0.956624
40,3,8,vit_tiny,cifar10,1000.0,7,base.blocks.6,0.951180
40,3,8,vit_tiny,cifar10,1000.0,8,base.blocks.7,0.947347
40,3,8,vit_tiny,cifar10,1000.0,9,base.blocks.8,0.945265
40,3,8,vit_tiny,cifar10,1000.0,10,base.blocks.9,0.943988
40,3,8,vit_tiny,cifar10,1000.0,11,base.blocks.10,0.941419
40,3,8,vit_tiny,cifar10,1000.0,12,base.blocks.11,0.938348
40,3,8,vit_tiny,cifar10,1000.0,13,base.norm,0.924084
40,3,8,vit_tiny,cifar10,1000.0,14,classifier,0.847229
40,3,9,vit_tiny,cifar10,1000.0,0,base.patch_embed,0.998672
40,3,9,vit_tiny,cifar10,1000.0,1,base.blocks.0,0.987114
40,3,9,vit_tiny,cifar10,1000.0,2,base.blocks.1,0.970858
40,3,9,vit_tiny,cifar10,1000.0,3,base.blocks.2,0.960165
40,3,9,vit_tiny,cifar10,1000.0,4,base.blocks.3,0.953018
40,3,9,vit_tiny,cifar10,1000.0,5,base.blocks.4,0.950456
40,3,9,vit_tiny,cifar10,1000.0,6,base.blocks.5,0.949914
40,3,9,vit_tiny,cifar10,1000.0,7,base.blocks.6,0.951175
40,3,9,vit_tiny,cifar10,1000.0,8,base.blocks.7,0.950023
40,3,9,vit_tiny,cifar10,1000.0,9,base.blocks.8,0.948893
40,3,9,vit_tiny,cifar10,1000.0,10,base.blocks.9,0.950266
40,3,9,vit_tiny,cifar10,1000.0,11,base.blocks.10,0.947026
40,3,9,vit_tiny,cifar10,1000.0,12,base.blocks.11,0.944311
40,3,9,vit_tiny,cifar10,1000.0,13,base.norm,0.918563
40,3,9,vit_tiny,cifar10,1000.0,14,classifier,0.796423
40,4,5,vit_tiny,cifar10,1000.0,0,base.patch_embed,0.994080
40,4,5,vit_tiny,cifar10,1000.0,1,base.blocks.0,0.984345
40,4,5,vit_tiny,cifar10,1000.0,2,base.blocks.1,0.989431
40,4,5,vit_tiny,cifar10,1000.0,3,base.blocks.2,0.989177
40,4,5,vit_tiny,cifar10,1000.0,4,base.blocks.3,0.985982
40,4,5,vit_tiny,cifar10,1000.0,5,base.blocks.4,0.983029
40,4,5,vit_tiny,cifar10,1000.0,6,base.blocks.5,0.980115
40,4,5,vit_tiny,cifar10,1000.0,7,base.blocks.6,0.978073
40,4,5,vit_tiny,cifar10,1000.0,8,base.blocks.7,0.973041
40,4,5,vit_tiny,cifar10,1000.0,9,base.blocks.8,0.964378
40,4,5,vit_tiny,cifar10,1000.0,10,base.blocks.9,0.958553
40,4,5,vit_tiny,cifar10,1000.0,11,base.blocks.10,0.951289
40,4,5,vit_tiny,cifar10,1000.0,12,base.blocks.11,0.943711
40,4,5,vit_tiny,cifar10,1000.0,13,base.norm,0.913540
40,4,5,vit_tiny,cifar10,1000.0,14,classifier,0.715555
40,4,6,vit_tiny,cifar10,1000.0,0,base.patch_embed,0.985734
40,4,6,vit_tiny,cifar10,1000.0,1,base.blocks.0,0.987757
40,4,6,vit_tiny,cifar10,1000.0,2,base.blocks.1,0.989895
40,4,6,vit_tiny,cifar10,1000.0,3,base.blocks.2,0.989791
40,4,6,vit_tiny,cifar10,1000.0,4,base.blocks.3,0.987819
40,4,6,vit_tiny,cifar10,1000.0,5,base.blocks.4,0.985999
40,4,6,vit_tiny,cifar10,1000.0,6,base.blocks.5,0.983620
40,4,6,vit_tiny,cifar10,1000.0,7,base.blocks.6,0.980871
40,4,6,vit_tiny,cifar10,1000.0,8,base.blocks.7,0.978166
40,4,6,vit_tiny,cifar10,1000.0,9,base.blocks.8,0.975206
40,4,6,vit_tiny,cifar10,1000.0,10,base.blocks.9,0.972453
40,4,6,vit_tiny,cifar10,1000.0,11,base.blocks.10,0.970716
40,4,6,vit_tiny,cifar10,1000.0,12,base.blocks.11,0.968855
40,4,6,vit_tiny,cifar10,1000.0,13,base.norm,0.951058
40,4,6,vit_tiny,cifar10,1000.0,14,classifier,0.792580
40,4,7,vit_tiny,cifar10,1000.0,0,base.patch_embed,0.996919
40,4,7,vit_tiny,cifar10,1000.0,1,base.blocks.0,0.984686
40,4,7,vit_tiny,cifar10,1000.0,2,base.blocks.1,0.986217
40,4,7,vit_tiny,cifar10,1000.0,3,base.blocks.2,0.985368
40,4,7,vit_tiny,cifar10,1000.0,4,base.blocks.3,0.982597
40,4,7,vit_tiny,cifar10,1000.0,5,base.blocks.4,0.978506
40,4,7,vit_tiny,cifar10,1000.0,6,base.blocks.5,0.974575
40,4,7,vit_tiny,cifar10,1000.0,7,base.blocks.6,0.973292
40,4,7,vit_tiny,cifar10,1000.0,8,base.blocks.7,0.970577
40,4,7,vit_tiny,cifar10,1000.0,9,base.blocks.8,0.963992
40,4,7,vit_tiny,cifar10,1000.0,10,base.blocks.9,0.960833
40,4,7,vit_tiny,cifar10,1000.0,11,base.blocks.10,0.956344
40,4,7,vit_tiny,cifar10,1000.0,12,base.blocks.11,0.952735
40,4,7,vit_tiny,cifar10,1000.0,13,base.norm,0.921273
40,4,7,vit_tiny,cifar10,1000.0,14,classifier,0.723614
40,4,8,vit_tiny,cifar10,1000.0,0,base.patch_embed,0.988881
40,4,8,vit_tiny,cifar10,1000.0,1,base.blocks.0,0.983056
40,4,8,vit_tiny,cifar10,1000.0,2,base.blocks.1,0.979698
40,4,8,vit_tiny,cifar10,1000.0,3,base.blocks.2,0.973983
40,4,8,vit_tiny,cifar10,1000.0,4,base.blocks.3,0.961321
40,4,8,vit_tiny,cifar10,1000.0,5,base.blocks.4,0.950801
40,4,8,vit_tiny,cifar10,1000.0,6,base.blocks.5,0.942188
40,4,8,vit_tiny,cifar10,1000.0,7,base.blocks.6,0.936035
40,4,8,vit_tiny,cifar10,1000.0,8,base.blocks.7,0.931393
40,4,8,vit_tiny,cifar10,1000.0,9,base.blocks.8,0.926153
40,4,8,vit_tiny,cifar10,1000.0,10,base.blocks.9,0.923363
40,4,8,vit_tiny,cifar10,1000.0,11,base.blocks.10,0.919878
40,4,8,vit_tiny,cifar10,1000.0,12,base.blocks.11,0.913364
40,4,8,vit_tiny,cifar10,1000.0,13,base.norm,0.897248
40,4,8,vit_tiny,cifar10,1000.0,14,classifier,0.810500
40,4,9,vit_tiny,cifar10,1000.0,0,base.patch_embed,0.998381
40,4,9,vit_tiny,cifar10,1000.0,1,base.blocks.0,0.992222
40,4,9,vit_tiny,cifar10,1000.0,2,base.blocks.1,0.986539
40,4,9,vit_tiny,cifar10,1000.0,3,base.blocks.2,0.987177
40,4,9,vit_tiny,cifar10,1000.0,4,base.blocks.3,0.987564
40,4,9,vit_tiny,cifar10,1000.0,5,base.blocks.4,0.987798
40,4,9,vit_tiny,cifar10,1000.0,6,base.blocks.5,0.987173
40,4,9,vit_tiny,cifar10,1000.0,7,base.blocks.6,0.985218
40,4,9,vit_tiny,cifar10,1000.0,8,base.blocks.7,0.983153
40,4,9,vit_tiny,cifar10,1000.0,9,base.blocks.8,0.979226
40,4,9,vit_tiny,cifar10,1000.0,10,base.blocks.9,0.975539
40,4,9,vit_tiny,cifar10,1000.0,11,base.blocks.10,0.972582
40,4,9,vit_tiny,cifar10,1000.0,12,base.blocks.11,0.967845
40,4,9,vit_tiny,cifar10,1000.0,13,base.norm,0.947167
40,4,9,vit_tiny,cifar10,1000.0,14,classifier,0.804537
40,5,6,vit_tiny,cifar10,1000.0,0,base.patch_embed,0.997225
40,5,6,vit_tiny,cifar10,1000.0,1,base.blocks.0,0.988811
40,5,6,vit_tiny,cifar10,1000.0,2,base.blocks.1,0.992599
40,5,6,vit_tiny,cifar10,1000.0,3,base.blocks.2,0.993831
40,5,6,vit_tiny,cifar10,1000.0,4,base.blocks.3,0.993070
40,5,6,vit_tiny,cifar10,1000.0,5,base.blocks.4,0.991005
40,5,6,vit_tiny,cifar10,1000.0,6,base.blocks.5,0.988251
40,5,6,vit_tiny,cifar10,1000.0,7,base.blocks.6,0.986003
40,5,6,vit_tiny,cifar10,1000.0,8,base.blocks.7,0.982835
40,5,6,vit_tiny,cifar10,1000.0,9,base.blocks.8,0.978159
40,5,6,vit_tiny,cifar10,1000.0,10,base.blocks.9,0.975877
40,5,6,vit_tiny,cifar10,1000.0,11,base.blocks.10,0.973363
40,5,6,vit_tiny,cifar10,1000.0,12,base.blocks.11,0.969502
40,5,6,vit_tiny,cifar10,1000.0,13,base.norm,0.952273
40,5,6,vit_tiny,cifar10,1000.0,14,classifier,0.773136
40,5,7,vit_tiny,cifar10,1000.0,0,base.patch_embed,0.996329
40,5,7,vit_tiny,cifar10,1000.0,1,base.blocks.0,0.986871
40,5,7,vit_tiny,cifar10,1000.0,2,base.blocks.1,0.990517
40,5,7,vit_tiny,cifar10,1000.0,3,base.blocks.2,0.990634
40,5,7,vit_tiny,cifar10,1000.0,4,base.blocks.3,0.990316
40,5,7,vit_tiny,cifar10,1000.0,5,base.blocks.4,0.989423
40,5,7,vit_tiny,cifar10,1000.0,6,base.blocks.5,0.988276
40,5,7,vit_tiny,cifar10,1000.0,7,base.blocks.6,0.986681
40,5,7,vit_tiny,cifar10,1000.0,8,base.blocks.7,0.985459
40,5,7,vit_tiny,cifar10,1000.0,9,base.blocks.8,0.984077
40,5,7,vit_tiny,cifar10,1000.0,10,base.blocks.9,0.983410
40,5,7,vit_tiny,cifar10,1000.0,11,base.blocks.10,0.981823
40,5,7,vit_tiny,cifar10,1000.0,12,base.blocks.11,0.979973
40,5,7,vit_tiny,cifar10,1000.0,13,base.norm,0.957414
40,5,7,vit_tiny,cifar10,1000.0,14,classifier,0.797887
40,5,8,vit_tiny,cifar10,1000.0,0,base.patch_embed,0.992413
40,5,8,vit_tiny,cifar10,1000.0,1,base.blocks.0,0.992466
40,5,8,vit_tiny,cifar10,1000.0,2,base.blocks.1,0.991295
40,5,8,vit_tiny,cifar10,1000.0,3,base.blocks.2,0.986516
40,5,8,vit_tiny,cifar10,1000.0,4,base.blocks.3,0.980939
40,5,8,vit_tiny,cifar10,1000.0,5,base.blocks.4,0.975545
40,5,8,vit_tiny,cifar10,1000.0,6,base.blocks.5,0.971496
40,5,8,vit_tiny,cifar10,1000.0,7,base.blocks.6,0.966719
40,5,8,vit_tiny,cifar10,1000.0,8,base.blocks.7,0.963916
40,5,8,vit_tiny,cifar10,1000.0,9,base.blocks.8,0.963497
40,5,8,vit_tiny,cifar10,1000.0,10,base.blocks.9,0.962725
40,5,8,vit_tiny,cifar10,1000.0,11,base.blocks.10,0.961919
40,5,8,vit_tiny,cifar10,1000.0,12,base.blocks.11,0.958774
40,5,8,vit_tiny,cifar10,1000.0,13,base.norm,0.937078
40,5,8,vit_tiny,cifar10,1000.0,14,classifier,0.838705
40,5,9,vit_tiny,cifar10,1000.0,0,base.patch_embed,0.993947
40,5,9,vit_tiny,cifar10,1000.0,1,base.blocks.0,0.982056
40,5,9,vit_tiny,cifar10,1000.0,2,base.blocks.1,0.980643
40,5,9,vit_tiny,cifar10,1000.0,3,base.blocks.2,0.979850
40,5,9,vit_tiny,cifar10,1000.0,4,base.blocks.3,0.979683
40,5,9,vit_tiny,cifar10,1000.0,5,base.blocks.4,0.981595
40,5,9,vit_tiny,cifar10,1000.0,6,base.blocks.5,0.982345
40,5,9,vit_tiny,cifar10,1000.0,7,base.blocks.6,0.983084
40,5,9,vit_tiny,cifar10,1000.0,8,base.blocks.7,0.981935
40,5,9,vit_tiny,cifar10,1000.0,9,base.blocks.8,0.978683
40,5,9,vit_tiny,cifar10,1000.0,10,base.blocks.9,0.977426
40,5,9,vit_tiny,cifar10,1000.0,11,base.blocks.10,0.972530
40,5,9,vit_tiny,cifar10,1000.0,12,base.blocks.11,0.967145
40,5,9,vit_tiny,cifar10,1000.0,13,base.norm,0.943337
40,5,9,vit_tiny,cifar10,1000.0,14,classifier,0.786636
40,6,7,vit_tiny,cifar10,1000.0,0,base.patch_embed,0.990849
40,6,7,vit_tiny,cifar10,1000.0,1,base.blocks.0,0.991618
40,6,7,vit_tiny,cifar10,1000.0,2,base.blocks.1,0.993715
40,6,7,vit_tiny,cifar10,1000.0,3,base.blocks.2,0.991966
40,6,7,vit_tiny,cifar10,1000.0,4,base.blocks.3,0.989048
40,6,7,vit_tiny,cifar10,1000.0,5,base.blocks.4,0.983175
40,6,7,vit_tiny,cifar10,1000.0,6,base.blocks.5,0.979073
40,6,7,vit_tiny,cifar10,1000.0,7,base.blocks.6,0.975661
40,6,7,vit_tiny,cifar10,1000.0,8,base.blocks.7,0.972083
40,6,7,vit_tiny,cifar10,1000.0,9,base.blocks.8,0.970222
40,6,7,vit_tiny,cifar10,1000.0,10,base.blocks.9,0.969831
40,6,7,vit_tiny,cifar10,1000.0,11,base.blocks.10,0.969232
40,6,7,vit_tiny,cifar10,1000.0,12,base.blocks.11,0.967611
40,6,7,vit_tiny,cifar10,1000.0,13,base.norm,0.938845
40,6,7,vit_tiny,cifar10,1000.0,14,classifier,0.822987
40,6,8,vit_tiny,cifar10,1000.0,0,base.patch_embed,0.985510
40,6,8,vit_tiny,cifar10,1000.0,1,base.blocks.0,0.983618
40,6,8,vit_tiny,cifar10,1000.0,2,base.blocks.1,0.987651
40,6,8,vit_tiny,cifar10,1000.0,3,base.blocks.2,0.985763
40,6,8,vit_tiny,cifar10,1000.0,4,base.blocks.3,0.979504
40,6,8,vit_tiny,cifar10,1000.0,5,base.blocks.4,0.971808
40,6,8,vit_tiny,cifar10,1000.0,6,base.blocks.5,0.966549
40,6,8,vit_tiny,cifar10,1000.0,7,base.blocks.6,0.960961
40,6,8,vit_tiny,cifar10,1000.0,8,base.blocks.7,0.957034
40,6,8,vit_tiny,cifar10,1000.0,9,base.blocks.8,0.957291
40,6,8,vit_tiny,cifar10,1000.0,10,base.blocks.9,0.956728
40,6,8,vit_tiny,cifar10,1000.0,11,base.blocks.10,0.956960
40,6,8,vit_tiny,cifar10,1000.0,12,base.blocks.11,0.954367
40,6,8,vit_tiny,cifar10,1000.0,13,base.norm,0.941248
40,6,8,vit_tiny,cifar10,1000.0,14,classifier,0.798660
40,6,9,vit_tiny,cifar10,1000.0,0,base.patch_embed,0.986058
40,6,9,vit_tiny,cifar10,1000.0,1,base.blocks.0,0.976114
40,6,9,vit_tiny,cifar10,1000.0,2,base.blocks.1,0.968775
40,6,9,vit_tiny,cifar10,1000.0,3,base.blocks.2,0.970895
40,6,9,vit_tiny,cifar10,1000.0,4,base.blocks.3,0.974596
40,6,9,vit_tiny,cifar10,1000.0,5,base.blocks.4,0.979115
40,6,9,vit_tiny,cifar10,1000.0,6,base.blocks.5,0.979531
40,6,9,vit_tiny,cifar10,1000.0,7,base.blocks.6,0.979672
40,6,9,vit_tiny,cifar10,1000.0,8,base.blocks.7,0.978787
40,6,9,vit_tiny,cifar10,1000.0,9,base.blocks.8,0.978965
40,6,9,vit_tiny,cifar10,1000.0,10,base.blocks.9,0.977760
40,6,9,vit_tiny,cifar10,1000.0,11,base.blocks.10,0.977043
40,6,9,vit_tiny,cifar10,1000.0,12,base.blocks.11,0.974504
40,6,9,vit_tiny,cifar10,1000.0,13,base.norm,0.957162
40,6,9,vit_tiny,cifar10,1000.0,14,classifier,0.766578
40,7,8,vit_tiny,cifar10,1000.0,0,base.patch_embed,0.987550
40,7,8,vit_tiny,cifar10,1000.0,1,base.blocks.0,0.988611
40,7,8,vit_tiny,cifar10,1000.0,2,base.blocks.1,0.988283
40,7,8,vit_tiny,cifar10,1000.0,3,base.blocks.2,0.985302
40,7,8,vit_tiny,cifar10,1000.0,4,base.blocks.3,0.981072
40,7,8,vit_tiny,cifar10,1000.0,5,base.blocks.4,0.973011
40,7,8,vit_tiny,cifar10,1000.0,6,base.blocks.5,0.968911
40,7,8,vit_tiny,cifar10,1000.0,7,base.blocks.6,0.963948
40,7,8,vit_tiny,cifar10,1000.0,8,base.blocks.7,0.960618
40,7,8,vit_tiny,cifar10,1000.0,9,base.blocks.8,0.958772
40,7,8,vit_tiny,cifar10,1000.0,10,base.blocks.9,0.958447
40,7,8,vit_tiny,cifar10,1000.0,11,base.blocks.10,0.958038
40,7,8,vit_tiny,cifar10,1000.0,12,base.blocks.11,0.955385
40,7,8,vit_tiny,cifar10,1000.0,13,base.norm,0.948788
40,7,8,vit_tiny,cifar10,1000.0,14,classifier,0.837295
40,7,9,vit_tiny,cifar10,1000.0,0,base.patch_embed,0.997069
40,7,9,vit_tiny,cifar10,1000.0,1,base.blocks.0,0.979622
40,7,9,vit_tiny,cifar10,1000.0,2,base.blocks.1,0.968160
40,7,9,vit_tiny,cifar10,1000.0,3,base.blocks.2,0.967332
40,7,9,vit_tiny,cifar10,1000.0,4,base.blocks.3,0.969034
40,7,9,vit_tiny,cifar10,1000.0,5,base.blocks.4,0.972881
40,7,9,vit_tiny,cifar10,1000.0,6,base.blocks.5,0.974825
40,7,9,vit_tiny,cifar10,1000.0,7,base.blocks.6,0.977411
40,7,9,vit_tiny,cifar10,1000.0,8,base.blocks.7,0.979056
40,7,9,vit_tiny,cifar10,1000.0,9,base.blocks.8,0.980195
40,7,9,vit_tiny,cifar10,1000.0,10,base.blocks.9,0.981373
40,7,9,vit_tiny,cifar10,1000.0,11,base.blocks.10,0.979443
40,7,9,vit_tiny,cifar10,1000.0,12,base.blocks.11,0.977502
40,7,9,vit_tiny,cifar10,1000.0,13,base.norm,0.958601
40,7,9,vit_tiny,cifar10,1000.0,14,classifier,0.789397
40,8,9,vit_tiny,cifar10,1000.0,0,base.patch_embed,0.992147
40,8,9,vit_tiny,cifar10,1000.0,1,base.blocks.0,0.985291
40,8,9,vit_tiny,cifar10,1000.0,2,base.blocks.1,0.965970
40,8,9,vit_tiny,cifar10,1000.0,3,base.blocks.2,0.958011
40,8,9,vit_tiny,cifar10,1000.0,4,base.blocks.3,0.947506
40,8,9,vit_tiny,cifar10,1000.0,5,base.blocks.4,0.944623
40,8,9,vit_tiny,cifar10,1000.0,6,base.blocks.5,0.941310
40,8,9,vit_tiny,cifar10,1000.0,7,base.blocks.6,0.939895
40,8,9,vit_tiny,cifar10,1000.0,8,base.blocks.7,0.939656
40,8,9,vit_tiny,cifar10,1000.0,9,base.blocks.8,0.941115
40,8,9,vit_tiny,cifar10,1000.0,10,base.blocks.9,0.941660
40,8,9,vit_tiny,cifar10,1000.0,11,base.blocks.10,0.941603
40,8,9,vit_tiny,cifar10,1000.0,12,base.blocks.11,0.937750
40,8,9,vit_tiny,cifar10,1000.0,13,base.norm,0.923598
40,8,9,vit_tiny,cifar10,1000.0,14,classifier,0.875899
50,0,1,vit_tiny,cifar10,1000.0,0,base.patch_embed,0.964920
50,0,1,vit_tiny,cifar10,1000.0,1,base.blocks.0,0.946522
50,0,1,vit_tiny,cifar10,1000.0,2,base.blocks.1,0.957515
50,0,1,vit_tiny,cifar10,1000.0,3,base.blocks.2,0.961744
50,0,1,vit_tiny,cifar10,1000.0,4,base.blocks.3,0.958858
50,0,1,vit_tiny,cifar10,1000.0,5,base.blocks.4,0.948188
50,0,1,vit_tiny,cifar10,1000.0,6,base.blocks.5,0.942241
50,0,1,vit_tiny,cifar10,1000.0,7,base.blocks.6,0.935780
50,0,1,vit_tiny,cifar10,1000.0,8,base.blocks.7,0.931352
50,0,1,vit_tiny,cifar10,1000.0,9,base.blocks.8,0.924304
50,0,1,vit_tiny,cifar10,1000.0,10,base.blocks.9,0.923473
50,0,1,vit_tiny,cifar10,1000.0,11,base.blocks.10,0.919228
50,0,1,vit_tiny,cifar10,1000.0,12,base.blocks.11,0.912267
50,0,1,vit_tiny,cifar10,1000.0,13,base.norm,0.874761
50,0,1,vit_tiny,cifar10,1000.0,14,classifier,0.737927
50,0,2,vit_tiny,cifar10,1000.0,0,base.patch_embed,0.995829
50,0,2,vit_tiny,cifar10,1000.0,1,base.blocks.0,0.959415
50,0,2,vit_tiny,cifar10,1000.0,2,base.blocks.1,0.968792
50,0,2,vit_tiny,cifar10,1000.0,3,base.blocks.2,0.968568
50,0,2,vit_tiny,cifar10,1000.0,4,base.blocks.3,0.968625
50,0,2,vit_tiny,cifar10,1000.0,5,base.blocks.4,0.962139
50,0,2,vit_tiny,cifar10,1000.0,6,base.blocks.5,0.958077
50,0,2,vit_tiny,cifar10,1000.0,7,base.blocks.6,0.950457
50,0,2,vit_tiny,cifar10,1000.0,8,base.blocks.7,0.947903
50,0,2,vit_tiny,cifar10,1000.0,9,base.blocks.8,0.941971
50,0,2,vit_tiny,cifar10,1000.0,10,base.blocks.9,0.939589
50,0,2,vit_tiny,cifar10,1000.0,11,base.blocks.10,0.934674
50,0,2,vit_tiny,cifar10,1000.0,12,base.blocks.11,0.929445
50,0,2,vit_tiny,cifar10,1000.0,13,base.norm,0.883991
50,0,2,vit_tiny,cifar10,1000.0,14,classifier,0.754618
50,0,3,vit_tiny,cifar10,1000.0,0,base.patch_embed,0.993751
50,0,3,vit_tiny,cifar10,1000.0,1,base.blocks.0,0.953622
50,0,3,vit_tiny,cifar10,1000.0,2,base.blocks.1,0.958521
50,0,3,vit_tiny,cifar10,1000.0,3,base.blocks.2,0.957905
50,0,3,vit_tiny,cifar10,1000.0,4,base.blocks.3,0.952120
50,0,3,vit_tiny,cifar10,1000.0,5,base.blocks.4,0.948111
50,0,3,vit_tiny,cifar10,1000.0,6,base.blocks.5,0.945705
50,0,3,vit_tiny,cifar10,1000.0,7,base.blocks.6,0.944037
50,0,3,vit_tiny,cifar10,1000.0,8,base.blocks.7,0.945296
50,0,3,vit_tiny,cifar10,1000.0,9,base.blocks.8,0.948592
50,0,3,vit_tiny,cifar10,1000.0,10,base.blocks.9,0.949185
50,0,3,vit_tiny,cifar10,1000.0,11,base.blocks.10,0.949586
50,0,3,vit_tiny,cifar10,1000.0,12,base.blocks.11,0.952000
50,0,3,vit_tiny,cifar10,1000.0,13,base.norm,0.926694
50,0,3,vit_tiny,cifar10,1000.0,14,classifier,0.760027
50,0,4,vit_tiny,cifar10,1000.0,0,base.patch_embed,0.995646
50,0,4,vit_tiny,cifar10,1000.0,1,base.blocks.0,0.975206
50,0,4,vit_tiny,cifar10,1000.0,2,base.blocks.1,0.971524
50,0,4,vit_tiny,cifar10,1000.0,3,base.blocks.2,0.970847
50,0,4,vit_tiny,cifar10,1000.0,4,base.blocks.3,0.970456
50,0,4,vit_tiny,cifar10,1000.0,5,base.blocks.4,0.962994
50,0,4,vit_tiny,cifar10,1000.0,6,base.blocks.5,0.959706
50,0,4,vit_tiny,cifar10,1000.0,7,base.blocks.6,0.954217
50,0,4,vit_tiny,cifar10,1000.0,8,base.blocks.7,0.952170
50,0,4,vit_tiny,cifar10,1000.0,9,base.blocks.8,0.952784
50,0,4,vit_tiny,cifar10,1000.0,10,base.blocks.9,0.953679
50,0,4,vit_tiny,cifar10,1000.0,11,base.blocks.10,0.955159
50,0,4,vit_tiny,cifar10,1000.0,12,base.blocks.11,0.955386
50,0,4,vit_tiny,cifar10,1000.0,13,base.norm,0.933867
50,0,4,vit_tiny,cifar10,1000.0,14,classifier,0.824395
50,0,5,vit_tiny,cifar10,1000.0,0,base.patch_embed,0.997151
50,0,5,vit_tiny,cifar10,1000.0,1,base.blocks.0,0.963370
50,0,5,vit_tiny,cifar10,1000.0,2,base.blocks.1,0.958173
50,0,5,vit_tiny,cifar10,1000.0,3,base.blocks.2,0.961067
50,0,5,vit_tiny,cifar10,1000.0,4,base.blocks.3,0.959498
50,0,5,vit_tiny,cifar10,1000.0,5,base.blocks.4,0.957769
50,0,5,vit_tiny,cifar10,1000.0,6,base.blocks.5,0.956317
50,0,5,vit_tiny,cifar10,1000.0,7,base.blocks.6,0.955911
50,0,5,vit_tiny,cifar10,1000.0,8,base.blocks.7,0.958085
50,0,5,vit_tiny,cifar10,1000.0,9,base.blocks.8,0.958462
50,0,5,vit_tiny,cifar10,1000.0,10,base.blocks.9,0.958678
50,0,5,vit_tiny,cifar10,1000.0,11,base.blocks.10,0.955991
50,0,5,vit_tiny,cifar10,1000.0,12,base.blocks.11,0.953490
50,0,5,vit_tiny,cifar10,1000.0,13,base.norm,0.921083
50,0,5,vit_tiny,cifar10,1000.0,14,classifier,0.699821
50,0,6,vit_tiny,cifar10,1000.0,0,base.patch_embed,0.998647
50,0,6,vit_tiny,cifar10,1000.0,1,base.blocks.0,0.980708
50,0,6,vit_tiny,cifar10,1000.0,2,base.blocks.1,0.986084
50,0,6,vit_tiny,cifar10,1000.0,3,base.blocks.2,0.985611
50,0,6,vit_tiny,cifar10,1000.0,4,base.blocks.3,0.985057
50,0,6,vit_tiny,cifar10,1000.0,5,base.blocks.4,0.983527
50,0,6,vit_tiny,cifar10,1000.0,6,base.blocks.5,0.980922
50,0,6,vit_tiny,cifar10,1000.0,7,base.blocks.6,0.978766
50,0,6,vit_tiny,cifar10,1000.0,8,base.blocks.7,0.977608
50,0,6,vit_tiny,cifar10,1000.0,9,base.blocks.8,0.975762
50,0,6,vit_tiny,cifar10,1000.0,10,base.blocks.9,0.974643
50,0,6,vit_tiny,cifar10,1000.0,11,base.blocks.10,0.973930
50,0,6,vit_tiny,cifar10,1000.0,12,base.blocks.11,0.971459
50,0,6,vit_tiny,cifar10,1000.0,13,base.norm,0.945118
50,0,6,vit_tiny,cifar10,1000.0,14,classifier,0.759950
50,0,7,vit_tiny,cifar10,1000.0,0,base.patch_embed,0.982757
50,0,7,vit_tiny,cifar10,1000.0,1,base.blocks.0,0.955802
50,0,7,vit_tiny,cifar10,1000.0,2,base.blocks.1,0.975097
50,0,7,vit_tiny,cifar10,1000.0,3,base.blocks.2,0.973542
50,0,7,vit_tiny,cifar10,1000.0,4,base.blocks.3,0.969141
50,0,7,vit_tiny,cifar10,1000.0,5,base.blocks.4,0.958774
50,0,7,vit_tiny,cifar10,1000.0,6,base.blocks.5,0.953309
50,0,7,vit_tiny,cifar10,1000.0,7,base.blocks.6,0.945981
50,0,7,vit_tiny,cifar10,1000.0,8,base.blocks.7,0.942648
50,0,7,vit_tiny,cifar10,1000.0,9,base.blocks.8,0.940047
50,0,7,vit_tiny,cifar10,1000.0,10,base.blocks.9,0.939757
50,0,7,vit_tiny,cifar10,1000.0,11,base.blocks.10,0.939007
50,0,7,vit_tiny,cifar10,1000.0,12,base.blocks.11,0.937104
50,0,7,vit_tiny,cifar10,1000.0,13,base.norm,0.912686
50,0,7,vit_tiny,cifar10,1000.0,14,classifier,0.765437
50,0,8,vit_tiny,cifar10,1000.0,0,base.patch_embed,0.993731
50,0,8,vit_tiny,cifar10,1000.0,1,base.blocks.0,0.987364
50,0,8,vit_tiny,cifar10,1000.0,2,base.blocks.1,0.981715
50,0,8,vit_tiny,cifar10,1000.0,3,base.blocks.2,0.978291
50,0,8,vit_tiny,cifar10,1000.0,4,base.blocks.3,0.974912
50,0,8,vit_tiny,cifar10,1000.0,5,base.blocks.4,0.971464
50,0,8,vit_tiny,cifar10,1000.0,6,base.blocks.5,0.970851
50,0,8,vit_tiny,cifar10,1000.0,7,base.blocks.6,0.967871
50,0,8,vit_tiny,cifar10,1000.0,8,base.blocks.7,0.965380
50,0,8,vit_tiny,cifar10,1000.0,9,base.blocks.8,0.962641
50,0,8,vit_tiny,cifar10,1000.0,10,base.blocks.9,0.962246
50,0,8,vit_tiny,cifar10,1000.0,11,base.blocks.10,0.959900
50,0,8,vit_tiny,cifar10,1000.0,12,base.blocks.11,0.956207
50,0,8,vit_tiny,cifar10,1000.0,13,base.norm,0.928676
50,0,8,vit_tiny,cifar10,1000.0,14,classifier,0.783336
50,0,9,vit_tiny,cifar10,1000.0,0,base.patch_embed,0.988725
50,0,9,vit_tiny,cifar10,1000.0,1,base.blocks.0,0.948161
50,0,9,vit_tiny,cifar10,1000.0,2,base.blocks.1,0.949921
50,0,9,vit_tiny,cifar10,1000.0,3,base.blocks.2,0.954297
50,0,9,vit_tiny,cifar10,1000.0,4,base.blocks.3,0.958282
50,0,9,vit_tiny,cifar10,1000.0,5,base.blocks.4,0.953904
50,0,9,vit_tiny,cifar10,1000.0,6,base.blocks.5,0.950851
50,0,9,vit_tiny,cifar10,1000.0,7,base.blocks.6,0.947540
50,0,9,vit_tiny,cifar10,1000.0,8,base.blocks.7,0.950543
50,0,9,vit_tiny,cifar10,1000.0,9,base.blocks.8,0.943733
50,0,9,vit_tiny,cifar10,1000.0,10,base.blocks.9,0.942838
50,0,9,vit_tiny,cifar10,1000.0,11,base.blocks.10,0.941049
50,0,9,vit_tiny,cifar10,1000.0,12,base.blocks.11,0.936283
50,0,9,vit_tiny,cifar10,1000.0,13,base.norm,0.889033
50,0,9,vit_tiny,cifar10,1000.0,14,classifier,0.730808
50,1,2,vit_tiny,cifar10,1000.0,0,base.patch_embed,0.975770
50,1,2,vit_tiny,cifar10,1000.0,1,base.blocks.0,0.972680
50,1,2,vit_tiny,cifar10,1000.0,2,base.blocks.1,0.981423
50,1,2,vit_tiny,cifar10,1000.0,3,base.blocks.2,0.981610
50,1,2,vit_tiny,cifar10,1000.0,4,base.blocks.3,0.975237
50,1,2,vit_tiny,cifar10,1000.0,5,base.blocks.4,0.966798
50,1,2,vit_tiny,cifar10,1000.0,6,base.blocks.5,0.963339
50,1,2,vit_tiny,cifar10,1000.0,7,base.blocks.6,0.961238
50,1,2,vit_tiny,cifar10,1000.0,8,base.blocks.7,0.959097
50,1,2,vit_tiny,cifar10,1000.0,9,base.blocks.8,0.950883
50,1,2,vit_tiny,cifar10,1000.0,10,base.blocks.9,0.949563
50,1,2,vit_tiny,cifar10,1000.0,11,base.blocks.10,0.946373
50,1,2,vit_tiny,cifar10,1000.0,12,base.blocks.11,0.941702
50,1,2,vit_tiny,cifar10,1000.0,13,base.norm,0.919617
50,1,2,vit_tiny,cifar10,1000.0,14,classifier,0.801266
50,1,3,vit_tiny,cifar10,1000.0,0,base.patch_embed,0.978479
50,1,3,vit_tiny,cifar10,1000.0,1,base.blocks.0,0.948997
50,1,3,vit_tiny,cifar10,1000.0,2,base.blocks.1,0.966366
50,1,3,vit_tiny,cifar10,1000.0,3,base.blocks.2,0.968126
50,1,3,vit_tiny,cifar10,1000.0,4,base.blocks.3,0.967974
50,1,3,vit_tiny,cifar10,1000.0,5,base.blocks.4,0.963352
50,1,3,vit_tiny,cifar10,1000.0,6,base.blocks.5,0.959691
50,1,3,vit_tiny,cifar10,1000.0,7,base.blocks.6,0.955035
50,1,3,vit_tiny,cifar10,1000.0,8,base.blocks.7,0.952260
50,1,3,vit_tiny,cifar10,1000.0,9,base.blocks.8,0.945466
50,1,3,vit_tiny,cifar10,1000.0,10,base.blocks.9,0.944588
50,1,3,vit_tiny,cifar10,1000.0,11,base.blocks.10,0.943769
50,1,3,vit_tiny,cifar10,1000.0,12,base.blocks.11,0.939413
50,1,3,vit_tiny,cifar10,1000.0,13,base.norm,0.898591
50,1,3,vit_tiny,cifar10,1000.0,14,classifier,0.731904
50,1,4,vit_tiny,cifar10,1000.0,0,base.patch_embed,0.983107
50,1,4,vit_tiny,cifar10,1000.0,1,base.blocks.0,0.976466
50,1,4,vit_tiny,cifar10,1000.0,2,base.blocks.1,0.981535
50,1,4,vit_tiny,cifar10,1000.0,3,base.blocks.2,0.983528
50,1,4,vit_tiny,cifar10,1000.0,4,base.blocks.3,0.981949
50,1,4,vit_tiny,cifar10,1000.0,5,base.blocks.4,0.976430
50,1,4,vit_tiny,cifar10,1000.0,6,base.blocks.5,0.971518
50,1,4,vit_tiny,cifar10,1000.0,7,base.blocks.6,0.967049
50,1,4,vit_tiny,cifar10,1000.0,8,base.blocks.7,0.964047
50,1,4,vit_tiny,cifar10,1000.0,9,base.blocks.8,0.958023
50,1,4,vit_tiny,cifar10,1000.0,10,base.blocks.9,0.955373
50,1,4,vit_tiny,cifar10,1000.0,11,base.blocks.10,0.951139
50,1,4,vit_tiny,cifar10,1000.0,12,base.blocks.11,0.943740
50,1,4,vit_tiny,cifar10,1000.0,13,base.norm,0.904216
50,1,4,vit_tiny,cifar10,1000.0,14,classifier,0.775560
50,1,5,vit_tiny,cifar10,1000.0,0,base.patch_embed,0.971796
50,1,5,vit_tiny,cifar10,1000.0,1,base.blocks.0,0.944879
50,1,5,vit_tiny,cifar10,1000.0,2,base.blocks.1,0.963107
50,1,5,vit_tiny,cifar10,1000.0,3,base.blocks.2,0.966657
50,1,5,vit_tiny,cifar10,1000.0,4,base.blocks.3,0.965622
50,1,5,vit_tiny,cifar10,1000.0,5,base.blocks.4,0.962392
50,1,5,vit_tiny,cifar10,1000.0,6,base.blocks.5,0.958969
50,1,5,vit_tiny,cifar10,1000.0,7,base.blocks.6,0.952842
50,1,5,vit_tiny,cifar10,1000.0,8,base.blocks.7,0.952024
50,1,5,vit_tiny,cifar10,1000.0,9,base.blocks.8,0.949069
50,1,5,vit_tiny,cifar10,1000.0,10,base.blocks.9,0.948889
50,1,5,vit_tiny,cifar10,1000.0,11,base.blocks.10,0.948604
50,1,5,vit_tiny,cifar10,1000.0,12,base.blocks.11,0.946160
50,1,5,vit_tiny,cifar10,1000.0,13,base.norm,0.916639
50,1,5,vit_tiny,cifar10,1000.0,14,classifier,0.772080
50,1,6,vit_tiny,cifar10,1000.0,0,base.patch_embed,0.971288
50,1,6,vit_tiny,cifar10,1000.0,1,base.blocks.0,0.987637
50,1,6,vit_tiny,cifar10,1000.0,2,base.blocks.1,0.982202
50,1,6,vit_tiny,cifar10,1000.0,3,base.blocks.2,0.981936
50,1,6,vit_tiny,cifar10,1000.0,4,base.blocks.3,0.974939
50,1,6,vit_tiny,cifar10,1000.0,5,base.blocks.4,0.963104
50,1,6,vit_tiny,cifar10,1000.0,6,base.blocks.5,0.953555
50,1,6,vit_tiny,cifar10,1000.0,7,base.blocks.6,0.947439
50,1,6,vit_tiny,cifar10,1000.0,8,base.blocks.7,0.937556
50,1,6,vit_tiny,cifar10,1000.0,9,base.blocks.8,0.932460
50,1,6,vit_tiny,cifar10,1000.0,10,base.blocks.9,0.931220
50,1,6,vit_tiny,cifar10,1000.0,11,base.blocks.10,0.928969
50,1,6,vit_tiny,cifar10,1000.0,12,base.blocks.11,0.922987
50,1,6,vit_tiny,cifar10,1000.0,13,base.norm,0.892169
50,1,6,vit_tiny,cifar10,1000.0,14,classifier,0.758982
50,1,7,vit_tiny,cifar10,1000.0,0,base.patch_embed,0.996147
50,1,7,vit_tiny,cifar10,1000.0,1,base.blocks.0,0.991062
50,1,7,vit_tiny,cifar10,1000.0,2,base.blocks.1,0.980761
50,1,7,vit_tiny,cifar10,1000.0,3,base.blocks.2,0.974150
50,1,7,vit_tiny,cifar10,1000.0,4,base.blocks.3,0.959256
50,1,7,vit_tiny,cifar10,1000.0,5,base.blocks.4,0.947434
50,1,7,vit_tiny,cifar10,1000.0,6,base.blocks.5,0.937781
50,1,7,vit_tiny,cifar10,1000.0,7,base.blocks.6,0.931602
50,1,7,vit_tiny,cifar10,1000.0,8,base.blocks.7,0.925478
50,1,7,vit_tiny,cifar10,1000.0,9,base.blocks.8,0.916465
50,1,7,vit_tiny,cifar10,1000.0,10,base.blocks.9,0.917649
50,1,7,vit_tiny,cifar10,1000.0,11,base.blocks.10,0.919158
50,1,7,vit_tiny,cifar10,1000.0,12,base.blocks.11,0.914239
50,1,7,vit_tiny,cifar10,1000.0,13,base.norm,0.896903
50,1,7,vit_tiny,cifar10,1000.0,14,classifier,0.773767
50,1,8,vit_tiny,cifar10,1000.0,0,base.patch_embed,0.964304
50,1,8,vit_tiny,cifar10,1000.0,1,base.blocks.0,0.958112
50,1,8,vit_tiny,cifar10,1000.0,2,base.blocks.1,0.968734
50,1,8,vit_tiny,cifar10,1000.0,3,base.blocks.2,0.968827
50,1,8,vit_tiny,cifar10,1000.0,4,base.blocks.3,0.961507
50,1,8,vit_tiny,cifar10,1000.0,5,base.blocks.4,0.950871
50,1,8,vit_tiny,cifar10,1000.0,6,base.blocks.5,0.943889
50,1,8,vit_tiny,cifar10,1000.0,7,base.blocks.6,0.938435
50,1,8,vit_tiny,cifar10,1000.0,8,base.blocks.7,0.932778
50,1,8,vit_tiny,cifar10,1000.0,9,base.blocks.8,0.927247
50,1,8,vit_tiny,cifar10,1000.0,10,base.blocks.9,0.926608
50,1,8,vit_tiny,cifar10,1000.0,11,base.blocks.10,0.925986
50,1,8,vit_tiny,cifar10,1000.0,12,base.blocks.11,0.921569
50,1,8,vit_tiny,cifar10,1000.0,13,base.norm,0.876769
50,1,8,vit_tiny,cifar10,1000.0,14,classifier,0.824600
50,1,9,vit_tiny,cifar10,1000.0,0,base.patch_embed,0.990951
50,1,9,vit_tiny,cifar10,1000.0,1,base.blocks.0,0.969206
50,1,9,vit_tiny,cifar10,1000.0,2,base.blocks.1,0.972652
50,1,9,vit_tiny,cifar10,1000.0,3,base.blocks.2,0.975947
50,1,9,vit_tiny,cifar10,1000.0,4,base.blocks.3,0.978433
50,1,9,vit_tiny,cifar10,1000.0,5,base.blocks.4,0.976020
50,1,9,vit_tiny,cifar10,1000.0,6,base.blocks.5,0.975402
50,1,9,vit_tiny,cifar10,1000.0,7,base.blocks.6,0.972224
50,1,9,vit_tiny,cifar10,1000.0,8,base.blocks.7,0.972060
50,1,9,vit_tiny,cifar10,1000.0,9,base.blocks.8,0.966982
50,1,9,vit_tiny,cifar10,1000.0,10,base.blocks.9,0.965170
50,1,9,vit_tiny,cifar10,1000.0,11,base.blocks.10,0.963706
50,1,9,vit_tiny,cifar10,1000.0,12,base.blocks.11,0.960198
50,1,9,vit_tiny,cifar10,1000.0,13,base.norm,0.929632
50,1,9,vit_tiny,cifar10,1000.0,14,classifier,0.793552
50,2,3,vit_tiny,cifar10,1000.0,0,base.patch_embed,0.995195
50,2,3,vit_tiny,cifar10,1000.0,1,base.blocks.0,0.953412
50,2,3,vit_tiny,cifar10,1000.0,2,base.blocks.1,0.957278
50,2,3,vit_tiny,cifar10,1000.0,3,base.blocks.2,0.966030
50,2,3,vit_tiny,cifar10,1000.0,4,base.blocks.3,0.961089
50,2,3,vit_tiny,cifar10,1000.0,5,base.blocks.4,0.959227
50,2,3,vit_tiny,cifar10,1000.0,6,base.blocks.5,0.956734
50,2,3,vit_tiny,cifar10,1000.0,7,base.blocks.6,0.957654
50,2,3,vit_tiny,cifar10,1000.0,8,base.blocks.7,0.947797
50,2,3,vit_tiny,cifar10,1000.0,9,base.blocks.8,0.942687
50,2,3,vit_tiny,cifar10,1000.0,10,base.blocks.9,0.940428
50,2,3,vit_tiny,cifar10,1000.0,11,base.blocks.10,0.938238
50,2,3,vit_tiny,cifar10,1000.0,12,base.blocks.11,0.936205
50,2,3,vit_tiny,cifar10,1000.0,13,base.norm,0.899572
50,2,3,vit_tiny,cifar10,1000.0,14,classifier,0.763304
50,2,4,vit_tiny,cifar10,1000.0,0,base.patch_embed,0.997845
50,2,4,vit_tiny,cifar10,1000.0,1,base.blocks.0,0.980959
50,2,4,vit_tiny,cifar10,1000.0,2,base.blocks.1,0.980296
50,2,4,vit_tiny,cifar10,1000.0,3,base.blocks.2,0.986359
50,2,4,vit_tiny,cifar10,1000.0,4,base.blocks.3,0.984335
50,2,4,vit_tiny,cifar10,1000.0,5,base.blocks.4,0.978669
50,2,4,vit_tiny,cifar10,1000.0,6,base.blocks.5,0.974503
50,2,4,vit_tiny,cifar10,1000.0,7,base.blocks.6,0.970995
50,2,4,vit_tiny,cifar10,1000.0,8,base.blocks.7,0.964237
50,2,4,vit_tiny,cifar10,1000.0,9,base.blocks.8,0.959779
50,2,4,vit_tiny,cifar10,1000.0,10,base.blocks.9,0.957018
50,2,4,vit_tiny,cifar10,1000.0,11,base.blocks.10,0.953949
50,2,4,vit_tiny,cifar10,1000.0,12,base.blocks.11,0.949225
50,2,4,vit_tiny,cifar10,1000.0,13,base.norm,0.914315
50,2,4,vit_tiny,cifar10,1000.0,14,classifier,0.752915
50,2,5,vit_tiny,cifar10,1000.0,0,base.patch_embed,0.996985
50,2,5,vit_tiny,cifar10,1000.0,1,base.blocks.0,0.955599
50,2,5,vit_tiny,cifar10,1000.0,2,base.blocks.1,0.957231
50,2,5,vit_tiny,cifar10,1000.0,3,base.blocks.2,0.968281
50,2,5,vit_tiny,cifar10,1000.0,4,base.blocks.3,0.965640
50,2,5,vit_tiny,cifar10,1000.0,5,base.blocks.4,0.966162
50,2,5,vit_tiny,cifar10,1000.0,6,base.blocks.5,0.963791
50,2,5,vit_tiny,cifar10,1000.0,7,base.blocks.6,0.962995
50,2,5,vit_tiny,cifar10,1000.0,8,base.blocks.7,0.958121
50,2,5,vit_tiny,cifar10,1000.0,9,base.blocks.8,0.954816
50,2,5,vit_tiny,cifar10,1000.0,10,base.blocks.9,0.952813
50,2,5,vit_tiny,cifar10,1000.0,11,base.blocks.10,0.949959
50,2,5,vit_tiny,cifar10,1000.0,12,base.blocks.11,0.945442
50,2,5,vit_tiny,cifar10,1000.0,13,base.norm,0.907090
50,2,5,vit_tiny,cifar10,1000.0,14,classifier,0.765713
50,2,6,vit_tiny,cifar10,1000.0,0,base.patch_embed,0.997309
50,2,6,vit_tiny,cifar10,1000.0,1,base.blocks.0,0.981843
50,2,6,vit_tiny,cifar10,1000.0,2,base.blocks.1,0.987027
50,2,6,vit_tiny,cifar10,1000.0,3,base.blocks.2,0.984895
50,2,6,vit_tiny,cifar10,1000.0,4,base.blocks.3,0.982203
50,2,6,vit_tiny,cifar10,1000.0,5,base.blocks.4,0.978760
50,2,6,vit_tiny,cifar10,1000.0,6,base.blocks.5,0.974896
50,2,6,vit_tiny,cifar10,1000.0,7,base.blocks.6,0.970824
50,2,6,vit_tiny,cifar10,1000.0,8,base.blocks.7,0.965585
50,2,6,vit_tiny,cifar10,1000.0,9,base.blocks.8,0.960687
50,2,6,vit_tiny,cifar10,1000.0,10,base.blocks.9,0.956919
50,2,6,vit_tiny,cifar10,1000.0,11,base.blocks.10,0.951907
50,2,6,vit_tiny,cifar10,1000.0,12,base.blocks.11,0.945257
50,2,6,vit_tiny,cifar10,1000.0,13,base.norm,0.901778
50,2,6,vit_tiny,cifar10,1000.0,14,classifier,0.741690
50,2,7,vit_tiny,cifar10,1000.0,0,base.patch_embed,0.990193
50,2,7,vit_tiny,cifar10,1000.0,1,base.blocks.0,0.977599
50,2,7,vit_tiny,cifar10,1000.0,2,base.blocks.1,0.986451
50,2,7,vit_tiny,cifar10,1000.0,3,base.blocks.2,0.981677
50,2,7,vit_tiny,cifar10,1000.0,4,base.blocks.3,0.978765
50,2,7,vit_tiny,cifar10,1000.0,5,base.blocks.4,0.978473
50,2,7,vit_tiny,cifar10,1000.0,6,base.blocks.5,0.976450
50,2,7,vit_tiny,cifar10,1000.0,7,base.blocks.6,0.973349
50,2,7,vit_tiny,cifar10,1000.0,8,base.blocks.7,0.971829
50,2,7,vit_tiny,cifar10,1000.0,9,base.blocks.8,0.970986
50,2,7,vit_tiny,cifar10,1000.0,10,base.blocks.9,0.969776
50,2,7,vit_tiny,cifar10,1000.0,11,base.blocks.10,0.966340
50,2,7,vit_tiny,cifar10,1000.0,12,base.blocks.11,0.961330
50,2,7,vit_tiny,cifar10,1000.0,13,base.norm,0.929437
50,2,7,vit_tiny,cifar10,1000.0,14,classifier,0.827943
50,2,8,vit_tiny,cifar10,1000.0,0,base.patch_embed,0.991887
50,2,8,vit_tiny,cifar10,1000.0,1,base.blocks.0,0.972657
50,2,8,vit_tiny,cifar10,1000.0,2,base.blocks.1,0.981923
50,2,8,vit_tiny,cifar10,1000.0,3,base.blocks.2,0.974678
50,2,8,vit_tiny,cifar10,1000.0,4,base.blocks.3,0.969436
50,2,8,vit_tiny,cifar10,1000.0,5,base.blocks.4,0.955096
50,2,8,vit_tiny,cifar10,1000.0,6,base.blocks.5,0.950504
50,2,8,vit_tiny,cifar10,1000.0,7,base.blocks.6,0.943123
50,2,8,vit_tiny,cifar10,1000.0,8,base.blocks.7,0.943736
50,2,8,vit_tiny,cifar10,1000.0,9,base.blocks.8,0.941457
50,2,8,vit_tiny,cifar10,1000.0,10,base.blocks.9,0.941392
50,2,8,vit_tiny,cifar10,1000.0,11,base.blocks.10,0.938060
50,2,8,vit_tiny,cifar10,1000.0,12,base.blocks.11,0.931631
50,2,8,vit_tiny,cifar10,1000.0,13,base.norm,0.897425
50,2,8,vit_tiny,cifar10,1000.0,14,classifier,0.806531
50,2,9,vit_tiny,cifar10,1000.0,0,base.patch_embed,0.992989
50,2,9,vit_tiny,cifar10,1000.0,1,base.blocks.0,0.962737
50,2,9,vit_tiny,cifar10,1000.0,2,base.blocks.1,0.963561
50,2,9,vit_tiny,cifar10,1000.0,3,base.blocks.2,0.974484
50,2,9,vit_tiny,cifar10,1000.0,4,base.blocks.3,0.975935
50,2,9,vit_tiny,cifar10,1000.0,5,base.blocks.4,0.976076
50,2,9,vit_tiny,cifar10,1000.0,6,base.blocks.5,0.975059
50,2,9,vit_tiny,cifar10,1000.0,7,base.blocks.6,0.974804
50,2,9,vit_tiny,cifar10,1000.0,8,base.blocks.7,0.970989
50,2,9,vit_tiny,cifar10,1000.0,9,base.blocks.8,0.965228
50,2,9,vit_tiny,cifar10,1000.0,10,base.blocks.9,0.962766
50,2,9,vit_tiny,cifar10,1000.0,11,base.blocks.10,0.959533
50,2,9,vit_tiny,cifar10,1000.0,12,base.blocks.11,0.953717
50,2,9,vit_tiny,cifar10,1000.0,13,base.norm,0.924120
50,2,9,vit_tiny,cifar10,1000.0,14,classifier,0.758598
50,3,4,vit_tiny,cifar10,1000.0,0,base.patch_embed,0.994754
50,3,4,vit_tiny,cifar10,1000.0,1,base.blocks.0,0.985841
50,3,4,vit_tiny,cifar10,1000.0,2,base.blocks.1,0.985653
50,3,4,vit_tiny,cifar10,1000.0,3,base.blocks.2,0.982997
50,3,4,vit_tiny,cifar10,1000.0,4,base.blocks.3,0.978499
50,3,4,vit_tiny,cifar10,1000.0,5,base.blocks.4,0.978008
50,3,4,vit_tiny,cifar10,1000.0,6,base.blocks.5,0.976442
50,3,4,vit_tiny,cifar10,1000.0,7,base.blocks.6,0.974925
50,3,4,vit_tiny,cifar10,1000.0,8,base.blocks.7,0.975744
50,3,4,vit_tiny,cifar10,1000.0,9,base.blocks.8,0.973923
50,3,4,vit_tiny,cifar10,1000.0,10,base.blocks.9,0.971726
50,3,4,vit_tiny,cifar10,1000.0,11,base.blocks.10,0.971346
50,3,4,vit_tiny,cifar10,1000.0,12,base.blocks.11,0.969139
50,3,4,vit_tiny,cifar10,1000.0,13,base.norm,0.931502
50,3,4,vit_tiny,cifar10,1000.0,14,classifier,0.716341
50,3,5,vit_tiny,cifar10,1000.0,0,base.patch_embed,0.998896
50,3,5,vit_tiny,cifar10,1000.0,1,base.blocks.0,0.995027
50,3,5,vit_tiny,cifar10,1000.0,2,base.blocks.1,0.991055
50,3,5,vit_tiny,cifar10,1000.0,3,base.blocks.2,0.989768
50,3,5,vit_tiny,cifar10,1000.0,4,base.blocks.3,0.988036
50,3,5,vit_tiny,cifar10,1000.0,5,base.blocks.4,0.988054
50,3,5,vit_tiny,cifar10,1000.0,6,base.blocks.5,0.987306
50,3,5,vit_tiny,cifar10,1000.0,7,base.blocks.6,0.986285
50,3,5,vit_tiny,cifar10,1000.0,8,base.blocks.7,0.985250
50,3,5,vit_tiny,cifar10,1000.0,9,base.blocks.8,0.985411
50,3,5,vit_tiny,cifar10,1000.0,10,base.blocks.9,0.983834
50,3,5,vit_tiny,cifar10,1000.0,11,base.blocks.10,0.982956
50,3,5,vit_tiny,cifar10,1000.0,12,base.blocks.11,0.980532
50,3,5,vit_tiny,cifar10,1000.0,13,base.norm,0.944439
50,3,5,vit_tiny,cifar10,1000.0,14,classifier,0.748180
50,3,6,vit_tiny,cifar10,1000.0,0,base.patch_embed,0.994580
50,3,6,vit_tiny,cifar10,1000.0,1,base.blocks.0,0.967474
50,3,6,vit_tiny,cifar10,1000.0,2,base.blocks.1,0.966983
50,3,6,vit_tiny,cifar10,1000.0,3,base.blocks.2,0.966441
50,3,6,vit_tiny,cifar10,1000.0,4,base.blocks.3,0.965539
50,3,6,vit_tiny,cifar10,1000.0,5,base.blocks.4,0.964859
50,3,6,vit_tiny,cifar10,1000.0,6,base.blocks.5,0.962838
50,3,6,vit_tiny,cifar10,1000.0,7,base.blocks.6,0.961109
50,3,6,vit_tiny,cifar10,1000.0,8,base.blocks.7,0.956767
50,3,6,vit_tiny,cifar10,1000.0,9,base.blocks.8,0.955029
50,3,6,vit_tiny,cifar10,1000.0,10,base.blocks.9,0.952397
50,3,6,vit_tiny,cifar10,1000.0,11,base.blocks.10,0.950306
50,3,6,vit_tiny,cifar10,1000.0,12,base.blocks.11,0.948612
50,3,6,vit_tiny,cifar10,1000.0,13,base.norm,0.920208
50,3,6,vit_tiny,cifar10,1000.0,14,classifier,0.743231
50,3,7,vit_tiny,cifar10,1000.0,0,base.patch_embed,0.988910
50,3,7,vit_tiny,cifar10,1000.0,1,base.blocks.0,0.952433
50,3,7,vit_tiny,cifar10,1000.0,2,base.blocks.1,0.957265
50,3,7,vit_tiny,cifar10,1000.0,3,base.blocks.2,0.962310
50,3,7,vit_tiny,cifar10,1000.0,4,base.blocks.3,0.951669
50,3,7,vit_tiny,cifar10,1000.0,5,base.blocks.4,0.947080
50,3,7,vit_tiny,cifar10,1000.0,6,base.blocks.5,0.942753
50,3,7,vit_tiny,cifar10,1000.0,7,base.blocks.6,0.939918
50,3,7,vit_tiny,cifar10,1000.0,8,base.blocks.7,0.932937
50,3,7,vit_tiny,cifar10,1000.0,9,base.blocks.8,0.930456
50,3,7,vit_tiny,cifar10,1000.0,10,base.blocks.9,0.930552
50,3,7,vit_tiny,cifar10,1000.0,11,base.blocks.10,0.931065
50,3,7,vit_tiny,cifar10,1000.0,12,base.blocks.11,0.930551
50,3,7,vit_tiny,cifar10,1000.0,13,base.norm,0.913945
50,3,7,vit_tiny,cifar10,1000.0,14,classifier,0.745202
50,3,8,vit_tiny,cifar10,1000.0,0,base.patch_embed,0.985806
50,3,8,vit_tiny,cifar10,1000.0,1,base.blocks.0,0.933035
50,3,8,vit_tiny,cifar10,1000.0,2,base.blocks.1,0.940144
50,3,8,vit_tiny,cifar10,1000.0,3,base.blocks.2,0.936608
50,3,8,vit_tiny,cifar10,1000.0,4,base.blocks.3,0.929000
50,3,8,vit_tiny,cifar10,1000.0,5,base.blocks.4,0.924236
50,3,8,vit_tiny,cifar10,1000.0,6,base.blocks.5,0.924188
50,3,8,vit_tiny,cifar10,1000.0,7,base.blocks.6,0.922225
50,3,8,vit_tiny,cifar10,1000.0,8,base.blocks.7,0.922213
50,3,8,vit_tiny,cifar10,1000.0,9,base.blocks.8,0.922220
50,3,8,vit_tiny,cifar10,1000.0,10,base.blocks.9,0.923250
50,3,8,vit_tiny,cifar10,1000.0,11,base.blocks.10,0.925097
50,3,8,vit_tiny,cifar10,1000.0,12,base.blocks.11,0.925998
50,3,8,vit_tiny,cifar10,1000.0,13,base.norm,0.887021
50,3,8,vit_tiny,cifar10,1000.0,14,classifier,0.792975
50,3,9,vit_tiny,cifar10,1000.0,0,base.patch_embed,0.994076
50,3,9,vit_tiny,cifar10,1000.0,1,base.blocks.0,0.991057
50,3,9,vit_tiny,cifar10,1000.0,2,base.blocks.1,0.992477
50,3,9,vit_tiny,cifar10,1000.0,3,base.blocks.2,0.992365
50,3,9,vit_tiny,cifar10,1000.0,4,base.blocks.3,0.989741
50,3,9,vit_tiny,cifar10,1000.0,5,base.blocks.4,0.987821
50,3,9,vit_tiny,cifar10,1000.0,6,base.blocks.5,0.986768
50,3,9,vit_tiny,cifar10,1000.0,7,base.blocks.6,0.986353
50,3,9,vit_tiny,cifar10,1000.0,8,base.blocks.7,0.984607
50,3,9,vit_tiny,cifar10,1000.0,9,base.blocks.8,0.981285
50,3,9,vit_tiny,cifar10,1000.0,10,base.blocks.9,0.980118
50,3,9,vit_tiny,cifar10,1000.0,11,base.blocks.10,0.977517
50,3,9,vit_tiny,cifar10,1000.0,12,base.blocks.11,0.972341
50,3,9,vit_tiny,cifar10,1000.0,13,base.norm,0.941628
50,3,9,vit_tiny,cifar10,1000.0,14,classifier,0.727150
50,4,5,vit_tiny,cifar10,1000.0,0,base.patch_embed,0.995641
50,4,5,vit_tiny,cifar10,1000.0,1,base.blocks.0,0.984259
50,4,5,vit_tiny,cifar10,1000.0,2,base.blocks.1,0.986739
50,4,5,vit_tiny,cifar10,1000.0,3,base.blocks.2,0.985423
50,4,5,vit_tiny,cifar10,1000.0,4,base.blocks.3,0.982559
50,4,5,vit_tiny,cifar10,1000.0,5,base.blocks.4,0.981736
50,4,5,vit_tiny,cifar10,1000.0,6,base.blocks.5,0.980037
50,4,5,vit_tiny,cifar10,1000.0,7,base.blocks.6,0.977247
50,4,5,vit_tiny,cifar10,1000.0,8,base.blocks.7,0.976799
50,4,5,vit_tiny,cifar10,1000.0,9,base.blocks.8,0.975919
50,4,5,vit_tiny,cifar10,1000.0,10,base.blocks.9,0.973289
50,4,5,vit_tiny,cifar10,1000.0,11,base.blocks.10,0.971526
50,4,5,vit_tiny,cifar10,1000.0,12,base.blocks.11,0.966564
50,4,5,vit_tiny,cifar10,1000.0,13,base.norm,0.931244
50,4,5,vit_tiny,cifar10,1000.0,14,classifier,0.712342
50,4,6,vit_tiny,cifar10,1000.0,0,base.patch_embed,0.996533
50,4,6,vit_tiny,cifar10,1000.0,1,base.blocks.0,0.990385
50,4,6,vit_tiny,cifar10,1000.0,2,base.blocks.1,0.983480
50,4,6,vit_tiny,cifar10,1000.0,3,base.blocks.2,0.982933
50,4,6,vit_tiny,cifar10,1000.0,4,base.blocks.3,0.982102
50,4,6,vit_tiny,cifar10,1000.0,5,base.blocks.4,0.977588
50,4,6,vit_tiny,cifar10,1000.0,6,base.blocks.5,0.973533
50,4,6,vit_tiny,cifar10,1000.0,7,base.blocks.6,0.968161
50,4,6,vit_tiny,cifar10,1000.0,8,base.blocks.7,0.962269
50,4,6,vit_tiny,cifar10,1000.0,9,base.blocks.8,0.962687
50,4,6,vit_tiny,cifar10,1000.0,10,base.blocks.9,0.962050
50,4,6,vit_tiny,cifar10,1000.0,11,base.blocks.10,0.963694
50,4,6,vit_tiny,cifar10,1000.0,12,base.blocks.11,0.963806
50,4,6,vit_tiny,cifar10,1000.0,13,base.norm,0.947522
50,4,6,vit_tiny,cifar10,1000.0,14,classifier,0.832573
50,4,7,vit_tiny,cifar10,1000.0,0,base.patch_embed,0.994528
50,4,7,vit_tiny,cifar10,1000.0,1,base.blocks.0,0.980041
50,4,7,vit_tiny,cifar10,1000.0,2,base.blocks.1,0.976620
50,4,7,vit_tiny,cifar10,1000.0,3,base.blocks.2,0.977574
50,4,7,vit_tiny,cifar10,1000.0,4,base.blocks.3,0.968141
50,4,7,vit_tiny,cifar10,1000.0,5,base.blocks.4,0.958224
50,4,7,vit_tiny,cifar10,1000.0,6,base.blocks.5,0.950387
50,4,7,vit_tiny,cifar10,1000.0,7,base.blocks.6,0.943140
50,4,7,vit_tiny,cifar10,1000.0,8,base.blocks.7,0.935827
50,4,7,vit_tiny,cifar10,1000.0,9,base.blocks.8,0.935002
50,4,7,vit_tiny,cifar10,1000.0,10,base.blocks.9,0.936666
50,4,7,vit_tiny,cifar10,1000.0,11,base.blocks.10,0.941169
50,4,7,vit_tiny,cifar10,1000.0,12,base.blocks.11,0.942039
50,4,7,vit_tiny,cifar10,1000.0,13,base.norm,0.931946
50,4,7,vit_tiny,cifar10,1000.0,14,classifier,0.746497
50,4,8,vit_tiny,cifar10,1000.0,0,base.patch_embed,0.991420
50,4,8,vit_tiny,cifar10,1000.0,1,base.blocks.0,0.970849
50,4,8,vit_tiny,cifar10,1000.0,2,base.blocks.1,0.970611
50,4,8,vit_tiny,cifar10,1000.0,3,base.blocks.2,0.970014
50,4,8,vit_tiny,cifar10,1000.0,4,base.blocks.3,0.968886
50,4,8,vit_tiny,cifar10,1000.0,5,base.blocks.4,0.962342
50,4,8,vit_tiny,cifar10,1000.0,6,base.blocks.5,0.961128
50,4,8,vit_tiny,cifar10,1000.0,7,base.blocks.6,0.957723
50,4,8,vit_tiny,cifar10,1000.0,8,base.blocks.7,0.952854
50,4,8,vit_tiny,cifar10,1000.0,9,base.blocks.8,0.951403
50,4,8,vit_tiny,cifar10,1000.0,10,base.blocks.9,0.952112
50,4,8,vit_tiny,cifar10,1000.0,11,base.blocks.10,0.953290
50,4,8,vit_tiny,cifar10,1000.0,12,base.blocks.11,0.953224
50,4,8,vit_tiny,cifar10,1000.0,13,base.norm,0.928176
50,4,8,vit_tiny,cifar10,1000.0,14,classifier,0.779222
50,4,9,vit_tiny,cifar10,1000.0,0,base.patch_embed,0.996861
50,4,9,vit_tiny,cifar10,1000.0,1,base.blocks.0,0.987114
50,4,9,vit_tiny,cifar10,1000.0,2,base.blocks.1,0.987382
50,4,9,vit_tiny,cifar10,1000.0,3,base.blocks.2,0.986426
50,4,9,vit_tiny,cifar10,1000.0,4,base.blocks.3,0.985286
50,4,9,vit_tiny,cifar10,1000.0,5,base.blocks.4,0.983112
50,4,9,vit_tiny,cifar10,1000.0,6,base.blocks.5,0.981024
50,4,9,vit_tiny,cifar10,1000.0,7,base.blocks.6,0.979007
50,4,9,vit_tiny,cifar10,1000.0,8,base.blocks.7,0.980001
50,4,9,vit_tiny,cifar10,1000.0,9,base.blocks.8,0.976746
50,4,9,vit_tiny,cifar10,1000.0,10,base.blocks.9,0.973939
50,4,9,vit_tiny,cifar10,1000.0,11,base.blocks.10,0.971698
50,4,9,vit_tiny,cifar10,1000.0,12,base.blocks.11,0.965755
50,4,9,vit_tiny,cifar10,1000.0,13,base.norm,0.924331
50,4,9,vit_tiny,cifar10,1000.0,14,classifier,0.779044
50,5,6,vit_tiny,cifar10,1000.0,0,base.patch_embed,0.996725
50,5,6,vit_tiny,cifar10,1000.0,1,base.blocks.0,0.968607
50,5,6,vit_tiny,cifar10,1000.0,2,base.blocks.1,0.964990
50,5,6,vit_tiny,cifar10,1000.0,3,base.blocks.2,0.967890
50,5,6,vit_tiny,cifar10,1000.0,4,base.blocks.3,0.969151
50,5,6,vit_tiny,cifar10,1000.0,5,base.blocks.4,0.970870
50,5,6,vit_tiny,cifar10,1000.0,6,base.blocks.5,0.969350
50,5,6,vit_tiny,cifar10,1000.0,7,base.blocks.6,0.968843
50,5,6,vit_tiny,cifar10,1000.0,8,base.blocks.7,0.967370
50,5,6,vit_tiny,cifar10,1000.0,9,base.blocks.8,0.963705
50,5,6,vit_tiny,cifar10,1000.0,10,base.blocks.9,0.961535
50,5,6,vit_tiny,cifar10,1000.0,11,base.blocks.10,0.958393
50,5,6,vit_tiny,cifar10,1000.0,12,base.blocks.11,0.952697
50,5,6,vit_tiny,cifar10,1000.0,13,base.norm,0.929297
50,5,6,vit_tiny,cifar10,1000.0,14,classifier,0.774212
50,5,7,vit_tiny,cifar10,1000.0,0,base.patch_embed,0.985841
50,5,7,vit_tiny,cifar10,1000.0,1,base.blocks.0,0.947508
50,5,7,vit_tiny,cifar10,1000.0,2,base.blocks.1,0.955330
50,5,7,vit_tiny,cifar10,1000.0,3,base.blocks.2,0.965008
50,5,7,vit_tiny,cifar10,1000.0,4,base.blocks.3,0.956212
50,5,7,vit_tiny,cifar10,1000.0,5,base.blocks.4,0.954266
50,5,7,vit_tiny,cifar10,1000.0,6,base.blocks.5,0.950644
50,5,7,vit_tiny,cifar10,1000.0,7,base.blocks.6,0.948814
50,5,7,vit_tiny,cifar10,1000.0,8,base.blocks.7,0.945706
50,5,7,vit_tiny,cifar10,1000.0,9,base.blocks.8,0.941618
50,5,7,vit_tiny,cifar10,1000.0,10,base.blocks.9,0.942039
50,5,7,vit_tiny,cifar10,1000.0,11,base.blocks.10,0.940643
50,5,7,vit_tiny,cifar10,1000.0,12,base.blocks.11,0.936114
50,5,7,vit_tiny,cifar10,1000.0,13,base.norm,0.910052
50,5,7,vit_tiny,cifar10,1000.0,14,classifier,0.779260
50,5,8,vit_tiny,cifar10,1000.0,0,base.patch_embed,0.988377
50,5,8,vit_tiny,cifar10,1000.0,1,base.blocks.0,0.943192
50,5,8,vit_tiny,cifar10,1000.0,2,base.blocks.1,0.945777
50,5,8,vit_tiny,cifar10,1000.0,3,base.blocks.2,0.945893
50,5,8,vit_tiny,cifar10,1000.0,4,base.blocks.3,0.940337
50,5,8,vit_tiny,cifar10,1000.0,5,base.blocks.4,0.936656
50,5,8,vit_tiny,cifar10,1000.0,6,base.blocks.5,0.937134
50,5,8,vit_tiny,cifar10,1000.0,7,base.blocks.6,0.934839
50,5,8,vit_tiny,cifar10,1000.0,8,base.blocks.7,0.935653
50,5,8,vit_tiny,cifar10,1000.0,9,base.blocks.8,0.934271
50,5,8,vit_tiny,cifar10,1000.0,10,base.blocks.9,0.933557
50,5,8,vit_tiny,cifar10,1000.0,11,base.blocks.10,0.932141
50,5,8,vit_tiny,cifar10,1000.0,12,base.blocks.11,0.928741
50,5,8,vit_tiny,cifar10,1000.0,13,base.norm,0.882721
50,5,8,vit_tiny,cifar10,1000.0,14,classifier,0.820339
50,5,9,vit_tiny,cifar10,1000.0,0,base.patch_embed,0.992404
50,5,9,vit_tiny,cifar10,1000.0,1,base.blocks.0,0.985301
50,5,9,vit_tiny,cifar10,1000.0,2,base.blocks.1,0.983335
50,5,9,vit_tiny,cifar10,1000.0,3,base.blocks.2,0.982404
50,5,9,vit_tiny,cifar10,1000.0,4,base.blocks.3,0.981909
50,5,9,vit_tiny,cifar10,1000.0,5,base.blocks.4,0.981844
50,5,9,vit_tiny,cifar10,1000.0,6,base.blocks.5,0.980717
50,5,9,vit_tiny,cifar10,1000.0,7,base.blocks.6,0.978483
50,5,9,vit_tiny,cifar10,1000.0,8,base.blocks.7,0.978417
50,5,9,vit_tiny,cifar10,1000.0,9,base.blocks.8,0.976848
50,5,9,vit_tiny,cifar10,1000.0,10,base.blocks.9,0.975242
50,5,9,vit_tiny,cifar10,1000.0,11,base.blocks.10,0.972219
50,5,9,vit_tiny,cifar10,1000.0,12,base.blocks.11,0.965615
50,5,9,vit_tiny,cifar10,1000.0,13,base.norm,0.927565
50,5,9,vit_tiny,cifar10,1000.0,14,classifier,0.751230
50,6,7,vit_tiny,cifar10,1000.0,0,base.patch_embed,0.987488
50,6,7,vit_tiny,cifar10,1000.0,1,base.blocks.0,0.988547
50,6,7,vit_tiny,cifar10,1000.0,2,base.blocks.1,0.986494
50,6,7,vit_tiny,cifar10,1000.0,3,base.blocks.2,0.979744
50,6,7,vit_tiny,cifar10,1000.0,4,base.blocks.3,0.973679
50,6,7,vit_tiny,cifar10,1000.0,5,base.blocks.4,0.970783
50,6,7,vit_tiny,cifar10,1000.0,6,base.blocks.5,0.967538
50,6,7,vit_tiny,cifar10,1000.0,7,base.blocks.6,0.965495
50,6,7,vit_tiny,cifar10,1000.0,8,base.blocks.7,0.965083
50,6,7,vit_tiny,cifar10,1000.0,9,base.blocks.8,0.961267
50,6,7,vit_tiny,cifar10,1000.0,10,base.blocks.9,0.959921
50,6,7,vit_tiny,cifar10,1000.0,11,base.blocks.10,0.959120
50,6,7,vit_tiny,cifar10,1000.0,12,base.blocks.11,0.956665
50,6,7,vit_tiny,cifar10,1000.0,13,base.norm,0.936480
50,6,7,vit_tiny,cifar10,1000.0,14,classifier,0.776626
50,6,8,vit_tiny,cifar10,1000.0,0,base.patch_embed,0.996752
50,6,8,vit_tiny,cifar10,1000.0,1,base.blocks.0,0.982093
50,6,8,vit_tiny,cifar10,1000.0,2,base.blocks.1,0.986990
50,6,8,vit_tiny,cifar10,1000.0,3,base.blocks.2,0.982801
50,6,8,vit_tiny,cifar10,1000.0,4,base.blocks.3,0.974696
50,6,8,vit_tiny,cifar10,1000.0,5,base.blocks.4,0.966326
50,6,8,vit_tiny,cifar10,1000.0,6,base.blocks.5,0.962140
50,6,8,vit_tiny,cifar10,1000.0,7,base.blocks.6,0.958664
50,6,8,vit_tiny,cifar10,1000.0,8,base.blocks.7,0.955504
50,6,8,vit_tiny,cifar10,1000.0,9,base.blocks.8,0.955976
50,6,8,vit_tiny,cifar10,1000.0,10,base.blocks.9,0.955372
50,6,8,vit_tiny,cifar10,1000.0,11,base.blocks.10,0.955172
50,6,8,vit_tiny,cifar10,1000.0,12,base.blocks.11,0.952519
50,6,8,vit_tiny,cifar10,1000.0,13,base.norm,0.916804
50,6,8,vit_tiny,cifar10,1000.0,14,classifier,0.793144
50,6,9,vit_tiny,cifar10,1000.0,0,base.patch_embed,0.989787
50,6,9,vit_tiny,cifar10,1000.0,1,base.blocks.0,0.976072
50,6,9,vit_tiny,cifar10,1000.0,2,base.blocks.1,0.966942
50,6,9,vit_tiny,cifar10,1000.0,3,base.blocks.2,0.968005
50,6,9,vit_tiny,cifar10,1000.0,4,base.blocks.3,0.971349
50,6,9,vit_tiny,cifar10,1000.0,5,base.blocks.4,0.968715
50,6,9,vit_tiny,cifar10,1000.0,6,base.blocks.5,0.965049
50,6,9,vit_tiny,cifar10,1000.0,7,base.blocks.6,0.962271
50,6,9,vit_tiny,cifar10,1000.0,8,base.blocks.7,0.960867
50,6,9,vit_tiny,cifar10,1000.0,9,base.blocks.8,0.955292
50,6,9,vit_tiny,cifar10,1000.0,10,base.blocks.9,0.952929
50,6,9,vit_tiny,cifar10,1000.0,11,base.blocks.10,0.950923
50,6,9,vit_tiny,cifar10,1000.0,12,base.blocks.11,0.945030
50,6,9,vit_tiny,cifar10,1000.0,13,base.norm,0.902546
50,6,9,vit_tiny,cifar10,1000.0,14,classifier,0.759579
50,7,8,vit_tiny,cifar10,1000.0,0,base.patch_embed,0.981978
50,7,8,vit_tiny,cifar10,1000.0,1,base.blocks.0,0.965607
50,7,8,vit_tiny,cifar10,1000.0,2,base.blocks.1,0.980316
50,7,8,vit_tiny,cifar10,1000.0,3,base.blocks.2,0.971301
50,7,8,vit_tiny,cifar10,1000.0,4,base.blocks.3,0.961807
50,7,8,vit_tiny,cifar10,1000.0,5,base.blocks.4,0.948735
50,7,8,vit_tiny,cifar10,1000.0,6,base.blocks.5,0.944477
50,7,8,vit_tiny,cifar10,1000.0,7,base.blocks.6,0.938425
50,7,8,vit_tiny,cifar10,1000.0,8,base.blocks.7,0.937647
50,7,8,vit_tiny,cifar10,1000.0,9,base.blocks.8,0.939723
50,7,8,vit_tiny,cifar10,1000.0,10,base.blocks.9,0.942687
50,7,8,vit_tiny,cifar10,1000.0,11,base.blocks.10,0.945077
50,7,8,vit_tiny,cifar10,1000.0,12,base.blocks.11,0.943675
50,7,8,vit_tiny,cifar10,1000.0,13,base.norm,0.923326
50,7,8,vit_tiny,cifar10,1000.0,14,classifier,0.811792
50,7,9,vit_tiny,cifar10,1000.0,0,base.patch_embed,0.996951
50,7,9,vit_tiny,cifar10,1000.0,1,base.blocks.0,0.962798
50,7,9,vit_tiny,cifar10,1000.0,2,base.blocks.1,0.953581
50,7,9,vit_tiny,cifar10,1000.0,3,base.blocks.2,0.961297
50,7,9,vit_tiny,cifar10,1000.0,4,base.blocks.3,0.957306
50,7,9,vit_tiny,cifar10,1000.0,5,base.blocks.4,0.954330
50,7,9,vit_tiny,cifar10,1000.0,6,base.blocks.5,0.950014
50,7,9,vit_tiny,cifar10,1000.0,7,base.blocks.6,0.945971
50,7,9,vit_tiny,cifar10,1000.0,8,base.blocks.7,0.944609
50,7,9,vit_tiny,cifar10,1000.0,9,base.blocks.8,0.939682
50,7,9,vit_tiny,cifar10,1000.0,10,base.blocks.9,0.939783
50,7,9,vit_tiny,cifar10,1000.0,11,base.blocks.10,0.941259
50,7,9,vit_tiny,cifar10,1000.0,12,base.blocks.11,0.939179
50,7,9,vit_tiny,cifar10,1000.0,13,base.norm,0.913329
50,7,9,vit_tiny,cifar10,1000.0,14,classifier,0.757576
50,8,9,vit_tiny,cifar10,1000.0,0,base.patch_embed,0.980168
50,8,9,vit_tiny,cifar10,1000.0,1,base.blocks.0,0.935599
50,8,9,vit_tiny,cifar10,1000.0,2,base.blocks.1,0.939717
50,8,9,vit_tiny,cifar10,1000.0,3,base.blocks.2,0.938504
50,8,9,vit_tiny,cifar10,1000.0,4,base.blocks.3,0.939074
50,8,9,vit_tiny,cifar10,1000.0,5,base.blocks.4,0.931023
50,8,9,vit_tiny,cifar10,1000.0,6,base.blocks.5,0.929348
50,8,9,vit_tiny,cifar10,1000.0,7,base.blocks.6,0.925268
50,8,9,vit_tiny,cifar10,1000.0,8,base.blocks.7,0.928667
50,8,9,vit_tiny,cifar10,1000.0,9,base.blocks.8,0.923389
50,8,9,vit_tiny,cifar10,1000.0,10,base.blocks.9,0.924053
50,8,9,vit_tiny,cifar10,1000.0,11,base.blocks.10,0.925626
50,8,9,vit_tiny,cifar10,1000.0,12,base.blocks.11,0.923054
50,8,9,vit_tiny,cifar10,1000.0,13,base.norm,0.869985
50,8,9,vit_tiny,cifar10,1000.0,14,classifier,0.763825
